0.0,10.0,15596.162,1.868245,2.371604,2.803678,7.512213,-2.739388,-3.344671,-4.847512,15326.691,1.768526,2.269085,2.713374,6.915721,-2.488324,-3.082212,-5.056975,2789.383,2.754759,0.43044,0.649457,1.795029,-0.426662,-0.584313,-1.438976,2581.5686,2.680623,0.399746,0.605065,1.786704,-0.400115,-0.550743,-1.728611,685.3994,1.682904,0.122736,0.223703,0.584691,-0.138196,-0.236907,-0.781959,797.7738,1.742488,0.152483,0.218904,0.841862,-0.164646,-0.31572,-0.791447,3128.8489,3.605537,0.532422,0.763062,2.118983,-0.557197,-0.809953,-2.34413,3136.8777,3.555169,0.535883,0.761388,1.499244,-0.57148,-0.944425,-2.658358,13540.674,1.765738,2.006883,2.519022,6.26143,-2.172101,-2.694967,-3.791499,13831.754,1.746493,2.057165,2.391239,5.695234,-2.350776,-2.888766,-8.129869,3020.9192,2.819354,0.47452,0.723993,2.16013,-0.4679,-0.638167,-1.64365,2185.974,2.949381,0.342575,0.51509,1.340477,-0.36103,-0.493482,-1.200617,862.7479,1.779291,0.165138,0.246473,1.358106,-0.187465,-0.416382,-1.058061,1059.7562,1.896047,0.198946,0.334017,0.815048,-0.204467,-0.345119,-0.969336,3357.1123,3.860647,0.580818,0.80683,1.729739,-0.619214,-1.071137,-3.037772,3037.039,3.972203,0.527291,0.728443,1.445783,-0.545079,-0.902241,-2.654529
0.0,20.0,26402.07,2.532401,5.411209,6.509906,7.658469,-4.722217,-5.817651,-7.518333,23855.781,2.164706,4.901063,5.971392,6.978131,-4.199424,-5.22109,-7.604863,3882.9058,3.155054,0.802987,1.172245,1.570895,-0.697881,-0.944655,-1.334743,3651.0427,3.130669,0.739278,1.101765,1.428631,-0.659641,-0.915543,-1.334217,982.949,1.933877,0.233308,0.378052,0.717916,-0.225572,-0.354591,-0.748061,1162.2378,2.039431,0.278337,0.486908,0.840494,-0.271369,-0.473164,-0.718214,4332.1543,3.990162,1.002503,1.586233,1.926608,-0.913245,-1.335612,-1.773328,4387.5283,4.011519,1.009769,1.64783,1.962858,-0.944028,-1.631468,-1.925095,20553.564,2.10887,4.266941,5.185937,6.398693,-3.636176,-4.497039,-7.464548,22540.193,2.222146,4.621283,5.57362,6.756039,-3.986434,-4.953663,-6.561748,4240.3013,3.262893,0.887237,1.297617,1.630074,-0.768036,-1.244472,-1.419646,3079.062,3.399659,0.649639,0.948781,1.36955,-0.598444,-0.820868,-1.081919,1237.0131,2.067927,0.305793,0.558008,0.948564,-0.289557,-0.501078,-1.191404,1459.6356,2.149242,0.361007,0.614619,0.950204,-0.327339,-0.503861,-0.838039,4685.7754,4.277604,1.080629,1.818559,2.237534,-1.004812,-1.530519,-1.994993,4176.4453,4.281373,0.980205,1.62805,1.951172,-0.889333,-1.323505,-1.749225
0.0,30.0,42103.582,3.454189,8.198175,10.508439,11.611003,-7.668313,-9.478675,-12.230939,37562.3,2.840403,7.386357,9.511703,12.129657,-6.689464,-8.184333,-10.196169,5476.3896,3.929721,1.132118,1.717418,2.050157,-1.052941,-1.43627,-1.956262,5140.83,3.880357,1.054304,1.6496,1.964727,-0.995282,-1.377502,-1.844021,1409.2183,2.316449,0.335154,0.572576,0.93273,-0.337312,-0.532147,-1.011991,1647.678,2.443898,0.405582,0.725644,1.006433,-0.403554,-0.676717,-1.008518,6145.666,4.998625,1.426344,2.407405,2.856787,-1.37707,-1.994748,-2.445191,6197.3047,4.99781,1.473118,2.545978,3.331699,-1.420663,-2.18512,-2.625092,32366.934,2.742087,6.419288,8.29021,9.709606,-5.792984,-7.171543,-9.797253,35597.004,2.916899,6.969954,8.951225,10.413684,-6.441517,-7.914062,-9.973361,5968.8667,4.056138,1.262938,1.935885,2.346947,-1.159097,-1.791556,-2.233596,4409.172,4.286887,0.917809,1.390353,1.810937,-0.909467,-1.254904,-1.732933,1735.0383,2.466508,0.450574,0.841068,1.808291,-0.426742,-0.711579,-1.129027,2040.1528,2.572696,0.509803,0.93263,1.248513,-0.475471,-0.730332,-1.126488,6630.1836,5.369827,1.567405,2.790448,3.279244,-1.518135,-2.384784,-2.867291,5914.6685,5.396827,1.403973,2.476956,3.039841,-1.334558,-1.993659,-2.348370
0.0,40.0,42825.99,3.451192,12.11394,16.266853,39.910057,-7.849409,-9.689894,-11.921704,38379.066,2.851173,10.840889,14.566782,39.10049,-6.878915,-8.470092,-10.739835,5670.7144,3.994661,1.587322,2.963585,2.889819,-1.116192,-1.504534,-2.15971,5343.8335,3.962529,1.479765,2.653653,2.753598,-1.061584,-1.465905,-2.027846,1499.3987,2.415714,0.47623,0.834066,1.316245,-0.373295,-0.562486,-1.005683,1747.0367,2.543528,0.575862,1.04536,1.582893,-0.437584,-0.720969,-1.172276,6361.218,5.11854,2.016031,3.5118,3.989634,-1.468832,-2.164832,-2.952224,6443.5757,5.138118,2.067199,3.618647,4.262233,-1.521618,-2.328864,-2.871851,33300.605,2.765042,9.397436,13.022406,29.111834,-5.99902,-7.466897,-9.590399,36487.12,2.937415,10.300845,14.504802,29.353683,-6.624663,-8.135443,-10.433171,6187.1445,4.127966,1.772427,3.242992,3.232927,-1.233289,-1.676956,-2.11083,4570.344,4.382205,1.298156,2.334433,2.427754,-0.96475,-1.315083,-1.575122,1837.055,2.560248,0.626115,1.226975,1.828968,-0.463871,-0.785627,-1.249903,2144.8435,2.660842,0.714324,1.322181,1.883925,-0.513716,-0.777995,-1.134804,6933.284,5.50727,2.215701,4.04255,4.67511,-1.644751,-2.607199,-3.058086,6147.4746,5.501071,1.981933,3.569823,4.049197,-1.432205,-2.146158,-2.488957
0.0,50.0,58151.176,4.194839,11.455096,15.715298,17.654915,-11.083364,-13.580692,-16.407848,51975.59,3.480866,10.409176,14.379885,15.387529,-9.54357,-11.707853,-14.370753,7483.3657,5.074172,1.5761,2.55801,3.389052,-1.515863,-2.059119,-2.494956,6995.2397,4.995555,1.474554,2.500523,2.981684,-1.436586,-2.006992,-2.42473,1976.1011,2.893531,0.480052,0.871868,1.301642,-0.487181,-0.753798,-1.628245,2286.8792,3.058936,0.581186,1.145093,1.508896,-0.582666,-0.949063,-1.270385,8474.369,6.673105,2.025916,3.650673,4.291259,-1.985612,-2.99295,-3.44664,8547.215,6.68909,2.078846,3.889228,4.392452,-2.073675,-3.30519,-3.792976,45212.652,3.38421,9.083462,12.5758,13.600584,-8.326705,-10.152834,-12.30118,49670.977,3.602189,9.905257,13.542131,14.934498,-9.292178,-12.009161,-13.677505,8128.6562,5.244599,1.762437,2.896088,3.339938,-1.674587,-2.412309,-2.787965,6086.2544,5.642596,1.293397,2.071232,2.683706,-1.316635,-1.798607,-3.026084,2388.1892,3.067174,0.632552,1.322201,1.666461,-0.611909,-1.018826,-1.770461,2784.495,3.196657,0.71681,1.419936,1.845668,-0.663462,-1.022919,-1.602759,9179.233,7.214645,2.23609,4.367815,4.946454,-2.249702,-3.594763,-4.18192,8158.645,7.174334,1.993808,3.829303,4.402448,-1.930107,-2.931265,-4.088756
0.0,75.0,79872.13,5.553595,18.690481,27.19177,28.636972,-15.054684,-18.399694,-23.376017,69637.27,4.365858,16.623774,24.791658,25.989573,-12.828155,-16.549555,-20.112822,9835.117,6.299183,2.389469,3.796117,4.288415,-2.118118,-2.906302,-3.433935,9255.418,6.238049,2.230755,3.689638,4.090581,-1.998723,-2.807461,-3.392109,2606.0369,3.490512,0.716663,1.241189,1.65961,-0.671591,-1.043806,-1.42801,3022.4084,3.711339,0.86534,1.648878,2.234066,-0.789451,-1.286708,-1.702029,11188.999,8.323346,3.068543,5.292209,5.952296,-2.785645,-4.210229,-4.818384,11383.092,8.409444,3.170084,5.630515,6.503255,-2.904447,-4.577134,-5.408941,61319.527,4.253409,14.423004,21.247316,22.601927,-11.321185,-13.930309,-17.156555,67797.586,4.607981,15.983838,23.213846,24.49819,-12.554298,-15.317321,-18.457714,10784.873,6.575018,2.675905,4.299588,4.751535,-2.3427,-3.263856,-5.629091,8034.61,7.032801,1.976083,3.034488,3.526779,-1.835185,-2.530747,-2.897946,3135.24,3.69866,0.922801,1.939194,2.566183,-0.824276,-1.407632,-1.863665,3581.242,3.801432,1.030426,1.994314,2.499493,-0.898174,-1.406994,-1.944686,12317.599,9.126387,3.407953,6.431166,7.407149,-3.151739,-5.09217,-5.657237,10731.963,8.900291,3.002584,5.620025,6.530042,-2.688513,-4.173558,-4.808914
0.0,100.0,94981.586,5.872932,22.318174,32.673187,34.308655,-18.19878,-22.253267,-27.061035,82237.39,4.791826,19.886143,29.674004,31.494642,-15.338134,-18.842302,-25.04255,11763.675,7.182966,2.822376,4.384479,4.86946,-2.668013,-3.805841,-4.346283,11135.143,7.077395,2.648131,4.426393,4.970171,-2.515021,-3.583348,-4.122559,3137.4043,3.976838,0.846828,1.556548,2.016268,-0.840238,-1.390487,-1.778833,3648.1384,4.225473,1.020252,2.059313,2.660308,-0.981516,-1.642684,-2.286953,13491.338,9.429182,3.668589,6.419015,7.317818,-3.542601,-5.622684,-6.59872,13863.344,9.558369,3.805783,6.848187,7.800004,-3.689825,-5.968822,-6.710757,73148.63,4.703971,17.238466,25.719414,27.48377,-13.693478,-16.757599,-19.857782,80701.89,4.987113,19.143023,27.94625,30.138077,-15.082557,-18.354498,-22.405684,13001.422,7.465825,3.17918,5.091477,5.720037,-2.955288,-4.191203,-4.860338,9607.681,7.993631,2.349944,3.456891,3.916064,-2.308353,-3.278151,-3.778427,3784.3862,4.208613,1.076874,2.439297,3.37404,-1.020918,-1.766002,-2.232931,4224.283,4.260557,1.189883,2.597907,3.345007,-1.11734,-1.856324,-2.591929,15106.773,10.452707,4.130756,7.789363,8.900816,-4.020786,-6.463239,-7.132363,12925.345,10.10324,3.604875,6.913722,7.949838,-3.407223,-5.363093,-5.870612
0.0,125.0,108075.625,6.064713,25.660255,38.05927,40.191975,-21.472656,-26.199884,-32.367466,93658.48,5.424357,22.732319,34.2349,36.58987,-17.667667,-22.433893,-26.278387,13541.573,8.382525,3.208531,5.171619,5.836406,-3.120246,-4.448414,-4.94032,12920.013,8.020969,3.009983,4.821765,5.465376,-2.922777,-4.096956,-4.699142,3612.1445,4.529567,0.972667,1.908625,2.576447,-0.977648,-1.63818,-2.011908,4197.05,4.704184,1.146005,2.274795,3.019108,-1.123915,-1.810561,-2.264437,15550.623,11.086588,4.242341,7.556179,8.658507,-4.150031,-6.670267,-7.636853,16133.504,10.930175,4.360687,7.597568,9.155645,-4.271754,-6.764925,-7.392497,84127.42,5.43727,19.926773,29.933687,31.779802,-15.870318,-20.933746,-23.931839,91696.95,5.116772,21.566002,31.386522,33.481846,-17.80557,-22.781483,-28.051996,15193.34,8.556785,3.622358,5.440173,6.103528,-3.447133,-4.930537,-5.394298,11070.114,9.440263,2.679322,4.15116,4.827841,-2.688305,-3.855341,-4.40514,4343.6284,4.656264,1.200699,2.713749,3.63062,-1.154524,-1.926289,-2.417209,4807.7593,4.860622,1.358148,3.211212,4.217425,-1.278851,-2.237298,-2.931159,17815.992,12.022409,4.82596,8.792724,10.023053,-4.771629,-7.838325,-8.45444,14926.795,11.930814,4.169038,8.009728,9.463272,-4.029467,-6.616902,-7.203445
0.0,150.0,121315.766,7.118364,28.686062,42.97938,45.48218,-23.152346,-28.351091,-43.04627,104314.98,6.027791,25.512459,39.371067,41.5153,-19.104532,-23.220528,-30.535494,15480.865,9.373102,3.614998,5.611369,6.338824,-3.697153,-5.309095,-5.85892,14627.721,9.023476,3.385984,5.501471,6.241143,-3.451593,-4.936634,-5.598212,4082.7827,4.951989,1.082751,2.085718,2.774945,-1.132489,-1.90264,-2.374886,4715.186,5.184557,1.270799,2.588942,3.328608,-1.302164,-2.151708,-3.523245,17748.635,12.468714,4.745064,8.217753,9.787246,-4.885713,-7.91023,-8.745576,18320.08,12.349696,4.914301,8.471937,10.038728,-5.072881,-8.210557,-8.863233,94002.91,6.005782,22.286478,34.106342,37.124058,-17.315987,-21.003235,-25.586489,103262.766,5.902875,24.31253,35.929657,40.29111,-19.304968,-23.43965,-33.633327,17230.8,9.657979,4.07466,6.230721,6.920663,-4.087401,-5.831561,-6.659088,12660.688,10.519742,3.02815,4.474734,5.249192,-3.171126,-4.574772,-5.031223,4882.879,5.139976,1.331016,3.109878,4.606346,-1.349425,-2.323097,-2.753042,5394.4517,5.275126,1.479368,3.502599,4.738105,-1.472294,-2.541416,-3.048168,20301.25,13.630299,5.448117,9.685876,11.230311,-5.649488,-9.251645,-9.986465,17089.438,13.418815,4.686718,8.789605,10.34961,-4.741944,-7.752369,-8.587880
0.0,175.0,133600.98,7.806088,30.785557,46.897556,49.19876,-25.285772,-30.563265,-38.621407,114217.82,6.585496,27.3125,42.847164,44.993877,-20.739038,-25.069132,-32.69634,17278.79,10.357104,3.880296,6.277621,7.158966,-4.236471,-6.152162,-6.816933,16310.11,9.915118,3.620181,6.096359,7.070401,-3.939673,-5.69099,-6.344799,4520.9775,5.401456,1.164143,2.313596,2.927399,-1.275339,-2.152058,-2.552024,5221.3994,5.658784,1.34508,2.812872,3.511243,-1.462019,-2.432758,-3.045471,19767.135,13.74441,5.1081,8.949866,10.574819,-5.577274,-9.133286,-10.023021,20467.127,13.648861,5.26549,9.193924,10.855088,-5.794124,-9.50787,-10.337682,103360.28,6.608673,23.85038,36.57912,38.419415,-18.840849,-22.809534,-29.028252,114002.93,6.489845,26.040522,38.37664,40.21719,-21.077843,-25.333607,-36.77024,19290.547,10.6736,4.367124,6.906473,7.744598,-4.6792,-6.80128,-7.37637,14135.547,11.605377,3.265231,4.995327,5.797673,-3.614346,-5.258827,-5.68987,5409.0806,5.60597,1.398132,3.379307,4.551205,-1.515846,-2.616148,-2.92708,5932.717,5.731873,1.548923,3.791363,4.91072,-1.647406,-2.86145,-3.42111,22802.166,15.126447,5.926029,10.116197,12.054465,-6.531589,-10.937161,-11.699235,19098.24,14.844685,5.07843,9.17027,10.683439,-5.452696,-9.16701,-9.748478
0.0,200.0,143388.44,8.108682,32.719715,52.804173,56.085335,-27.101795,-32.890472,-57.221676,122010.67,6.956462,28.846514,46.742836,49.040222,-21.997688,-26.423134,-37.319065,19472.744,11.267176,4.172479,6.858188,7.888358,-4.971613,-7.369831,-7.896571,18399.268,10.731892,3.884133,6.638822,7.725579,-4.596509,-6.694998,-7.336129,5034.223,5.827544,1.217661,2.47515,3.252599,-1.474389,-2.54641,-4.7935,5815.1694,6.086958,1.42317,3.025276,3.882094,-1.674195,-2.80983,-3.547929,22227.436,14.977181,5.496765,9.699473,11.547009,-6.521667,-10.865528,-11.66825,23063.996,14.734487,5.669258,9.900492,12.100153,-6.753307,-11.080051,-11.724815,110872.45,7.041253,25.210789,39.66218,42.02254,-20.066326,-24.079832,-32.15008,122392.78,6.781744,27.461405,42.511875,44.788452,-22.521301,-27.024136,-35.458008,21808.72,11.523478,4.68963,7.434072,8.354175,-5.475518,-7.934111,-8.537336,15885.173,12.630839,3.518518,5.549632,6.657188,-4.232265,-6.233728,-6.769501,6011.632,6.012129,1.466873,3.677663,4.904615,-1.732386,-3.046276,-4.527994,6552.559,6.146578,1.626944,4.079744,5.509353,-1.891084,-3.400962,-3.90678,25847.768,16.51514,6.435846,10.762217,12.656935,-7.640093,-12.799887,-13.645137,21499.697,16.167038,5.478261,9.793525,11.803955,-6.370845,-10.779493,-11.610146
0.0,225.0,153219.67,8.550419,35.069405,59.010483,63.362732,-28.818327,-34.915356,-49.023468,129875.97,7.348401,30.352398,50.691692,53.95386,-23.248335,-27.978765,-36.340065,21391.227,12.024709,4.436771,7.608998,8.821513,-5.563196,-8.229359,-10.39667,20160.066,11.381496,4.122829,7.223935,8.371081,-5.125953,-7.451203,-8.100121,5442.128,6.092408,1.271527,2.734293,3.506869,-1.630481,-2.784687,-3.303935,6269.939,6.315086,1.480268,3.266212,4.262447,-1.833066,-3.077121,-3.617152,24375.117,15.930078,5.818641,10.642948,13.054462,-7.266239,-12.052257,-13.126337,25272.355,15.620568,5.998882,10.742634,13.064555,-7.509977,-12.28131,-13.230599,118212.66,7.453614,26.465942,42.972633,46.18951,-21.248886,-25.658394,-32.32129,130924.25,7.142357,29.27186,48.01514,51.09069,-23.97146,-28.797709,-39.449753,23969.7,12.292362,4.984849,8.103104,9.232178,-6.110143,-8.827882,-9.522289,17428.293,13.468111,3.743512,6.243034,7.350036,-4.694865,-6.912305,-7.360558,6476.5845,6.222253,1.522014,3.893208,5.265984,-1.895673,-3.275955,-3.842342,7041.628,6.40395,1.689301,4.387166,6.230445,-2.065539,-3.686758,-4.274101,28422.416,17.537107,6.888312,11.380698,13.378119,-8.554703,-14.498592,-15.454397,23573.865,17.228245,5.816309,10.429412,12.391563,-7.11996,-12.308902,-13.499346
0.0,250.0,163000.92,8.876758,37.560192,64.59172,67.8884,-30.39195,-36.673286,-53.296562,137616.27,7.71881,32.03792,54.20604,57.843388,-24.722227,-29.322384,-42.838036,23202.865,13.073737,4.70667,8.024295,9.403399,-6.229318,-9.361524,-10.818754,21810.291,12.2286,4.364626,7.518762,8.719837,-5.719776,-8.315959,-8.826471,5842.367,6.492537,1.334964,2.895029,3.757414,-1.77992,-2.958047,-3.404424,6710.8657,6.690827,1.552003,3.401483,4.530815,-2.016052,-3.282359,-3.672911,26497.256,17.340027,6.167266,11.180633,13.810705,-8.082679,-12.929419,-13.638983,27378.203,16.888208,6.349398,11.198192,13.902885,-8.31434,-13.098021,-13.879886,125761.86,7.960131,28.042265,46.286064,48.574867,-22.751286,-27.866655,-75.387665,139176.69,7.405601,31.375696,53.017597,56.3194,-25.518097,-30.203533,-42.57184,26020.393,13.275058,5.280172,8.419678,9.688952,-6.844524,-9.931052,-10.80147,18866.832,14.585528,3.972815,6.624714,7.860565,-5.233739,-7.707789,-8.423525,6932.8184,6.589202,1.591173,4.057703,5.596555,-2.092088,-3.477645,-4.065072,7517.9517,6.801879,1.768298,4.625986,6.215379,-2.276154,-3.84523,-4.413486,30890.398,18.95905,7.324945,11.722512,13.734603,-9.467013,-16.306911,-17.889416,25603.646,18.729692,6.172877,10.846281,13.085081,-7.884772,-13.901507,-15.010384
0.0,275.0,171024.19,9.242443,38.86652,68.23933,72.18172,-31.302355,-37.05198,-58.117252,144485.38,7.994448,33.19764,57.437126,60.748566,-25.48384,-30.34749,-44.632526,25110.91,13.920139,5.106829,8.368823,9.813181,-6.768847,-10.081613,-10.929991,23367.482,12.977291,4.732249,7.854103,9.271114,-6.246397,-9.284916,-10.544417,6276.4424,6.862168,1.448851,3.014779,4.188858,-1.910025,-3.276135,-3.657601,7143.728,7.030834,1.678766,3.569929,4.969555,-2.183384,-3.758016,-4.165706,28550.271,18.45679,6.713951,11.592915,14.445415,-8.757704,-14.558083,-15.490154,29306.367,17.884298,6.904641,11.641147,14.289184,-9.103092,-15.183221,-16.144384,132260.5,8.201,28.917349,48.98696,52.39246,-23.357916,-27.785608,-37.829693,146206.5,7.682061,32.455273,56.57921,59.401585,-26.073639,-30.984886,-44.731983,27878.375,14.044008,5.717367,8.800142,11.775076,-7.468056,-11.027587,-12.142851,20428.672,15.585876,4.308978,6.934402,8.361285,-5.62904,-8.354255,-9.067785,7375.67,6.92265,1.727188,4.166078,5.647272,-2.258324,-4.073167,-4.571358,8057.372,7.16084,1.919299,4.715003,6.244735,-2.41371,-4.325876,-5.009937,33177.242,20.231056,8.041007,12.011971,14.140952,-10.533996,-18.356941,-20.098589,27670.43,19.909245,6.778094,11.070776,13.163028,-8.682575,-15.217791,-16.193992
0.0,10.0,18492.254,2.034586,2.791746,3.278644,4.758722,-3.070496,-3.77582,-5.531982,18257.754,1.951606,2.779506,3.290231,4.433386,-2.86568,-3.550858,-5.289498,3029.5005,2.552993,0.485697,0.676074,1.09557,-0.486347,-0.645037,-1.107733,2850.5542,2.498428,0.452293,0.618209,1.022194,-0.463302,-0.633402,-1.050237,807.2285,1.719344,0.154205,0.253678,0.621218,-0.166325,-0.344868,-0.778003,943.4888,1.778137,0.185614,0.292469,1.010092,-0.197719,-0.306287,-0.591144,3463.6506,3.173847,0.628819,0.901782,1.29811,-0.652325,-0.92663,-1.368905,3511.652,3.121398,0.648676,0.910587,1.272153,-0.669748,-0.985796,-1.391829,16023.891,1.925166,2.476839,2.933774,4.004986,-2.521013,-3.072105,-4.467812,16202.143,1.854945,2.462365,2.906552,4.147485,-2.671562,-3.306025,-4.740265,3341.0796,2.606118,0.543212,0.787075,1.132486,-0.54143,-0.731016,-1.206823,2430.184,2.748054,0.400366,0.565025,0.876432,-0.418781,-0.578137,-1.004291,1024.2987,1.808981,0.210851,0.331486,0.765458,-0.214489,-0.339479,-0.676255,1202.8857,1.884815,0.244631,0.384432,0.737103,-0.241932,-0.377585,-0.825974,3772.1028,3.315458,0.688821,0.986551,1.270117,-0.715143,-1.035493,-1.412156,3355.9453,3.398649,0.620789,0.904815,1.274396,-0.64061,-0.942258,-1.352104
0.0,20.0,32765.4,2.830663,6.417207,7.910386,8.781465,-5.702962,-7.01673,-9.731486,30525.24,2.576896,6.196758,7.730119,8.82441,-5.118272,-6.238512,-9.713483,4880.9883,3.416385,1.001119,1.522014,1.863996,-0.884037,-1.192674,-1.677232,4684.428,3.387678,0.939107,1.426769,1.773315,-0.833849,-1.130556,-1.544151,1293.1499,2.120899,0.3205,0.550741,0.880474,-0.297424,-0.463506,-0.79783,1516.2697,2.21435,0.38069,0.661279,1.00897,-0.34527,-0.534753,-3.552175,5559.372,4.335687,1.298115,2.169419,2.496795,-1.172364,-1.684716,-2.149963,5722.863,4.318095,1.325066,2.191879,2.506002,-1.207927,-1.735051,-2.300427,26669.354,2.520555,5.484175,6.873676,8.133084,-4.479468,-5.42679,-9.782329,28599.648,2.507501,5.625517,6.943034,8.228942,-4.883623,-5.970044,-7.64674,5475.4927,3.554187,1.128444,1.675691,2.154787,-0.971736,-1.320119,-1.877885,3917.6013,3.701639,0.826919,1.259549,1.663979,-0.75783,-1.038247,-4.088458,1627.1033,2.251082,0.421001,0.80745,1.30528,-0.395073,-0.724097,-1.126495,1848.5208,2.319029,0.496994,0.868833,1.196192,-0.415086,-0.653816,-1.068367,6184.113,4.651671,1.41935,2.409759,2.842859,-1.296494,-1.900575,-2.777462,5366.9766,4.676245,1.281804,2.198673,2.597615,-1.144892,-1.691004,-2.102701
0.0,30.0,43883.39,3.509948,9.549415,12.454272,13.509733,-7.876028,-9.744027,-11.889486,40370.508,3.078396,9.035053,11.881867,12.827214,-6.96531,-8.509787,-10.886541,6504.9116,4.061767,1.444979,2.267143,2.629896,-1.212189,-1.603012,-2.104042,6160.3506,4.006591,1.354233,2.180357,2.589985,-1.152103,-1.54716,-2.094945,1721.4244,2.477589,0.457732,0.846563,1.184993,-0.398391,-0.612722,-1.172083,1995.9987,2.585988,0.544499,1.024123,1.286896,-0.467635,-0.735123,-1.142761,7404.497,5.22823,1.874888,3.316629,3.736268,-1.618777,-2.333731,-2.696952,7554.345,5.198552,1.921696,3.413655,3.772785,-1.671983,-2.454428,-2.965462,35523.297,3.027075,7.994246,10.520322,11.587879,-6.094955,-7.724992,-9.069383,38239.22,3.067,8.37842,10.843733,12.132661,-6.720419,-8.199083,-10.771534,7189.9985,4.207,1.623526,2.553455,2.886802,-1.347098,-1.806837,-2.388855,5254.1187,4.459934,1.197873,1.887452,2.191178,-1.051095,-1.416617,-2.317226,2110.8445,2.608619,0.599845,1.202431,1.488607,-0.49429,-0.804195,-1.290703,2418.2874,2.703185,0.683759,1.335786,1.664432,-0.548561,-0.951106,-1.257936,8158.84,5.589908,2.054653,3.794376,4.347371,-1.802668,-2.713817,-3.161928,7131.554,5.634858,1.841286,3.41664,3.92693,-1.576041,-2.365741,-2.790103
0.0,40.0,53080.816,3.949591,12.246095,16.872417,18.075722,-9.799573,-12.027091,-15.128522,48913.945,3.547031,11.578866,16.044209,17.255667,-8.558953,-10.393474,-12.617177,7879.855,4.473795,1.866255,3.014617,3.50814,-1.536456,-2.06439,-2.619127,7464.1675,4.382497,1.744328,2.854481,3.193301,-1.45999,-1.961248,-2.480036,2092.7893,2.754689,0.589234,1.135457,1.667878,-0.49797,-0.793916,-1.219817,2420.812,2.873332,0.690397,1.36343,1.866963,-0.58016,-0.925319,-1.35124,9026.318,5.811712,2.437389,4.480759,5.331937,-2.05517,-3.039549,-3.546615,9232.669,5.750987,2.482848,4.524684,5.209288,-2.12022,-3.133335,-3.659587,43253.11,3.504478,10.271512,14.11675,15.654536,-7.515449,-9.117651,-11.079811,45975.984,3.408614,10.638684,14.471413,15.441284,-8.329288,-10.136373,-12.398562,8726.727,4.597274,2.086049,3.326251,3.924928,-1.70611,-2.285219,-2.735574,6398.2837,4.978482,1.546166,2.508491,2.858304,-1.332327,-1.790452,-2.260637,2543.1875,2.881166,0.753838,1.588145,2.106513,-0.609491,-1.012616,-1.355051,2900.9731,3.002325,0.8673,1.827928,2.276805,-0.677201,-1.055439,-1.532762,10023.034,6.21868,2.674418,5.085168,5.83204,-2.30333,-3.538838,-3.955733,8694.492,6.280558,2.393724,4.643257,5.184792,-2.003143,-3.045551,-3.539715
0.0,50.0,61543.66,4.556067,14.722279,20.563837,21.799534,-11.367965,-14.628059,-22.27193,55968.977,3.966113,13.814231,19.738346,21.25682,-9.898362,-12.299047,-14.634411,8929.639,4.763606,2.225023,3.575953,4.07159,-1.829729,-2.504846,-3.12587,8436.719,4.685398,2.096999,3.456564,3.929753,-1.728782,-2.377996,-2.795092,2367.313,2.938676,0.696507,1.30884,1.709215,-0.590426,-1.023865,-1.429536,2732.8247,3.082614,0.827031,1.590928,2.075556,-0.683916,-1.099329,-1.489206,10262.167,6.235652,2.930859,5.269928,5.886375,-2.444063,-3.674862,-4.272645,10461.658,6.179154,3.01893,5.399087,6.067714,-2.523248,-3.86487,-4.452824,49544.78,3.90352,12.227804,17.371534,18.455051,-8.71771,-10.786207,-12.735294,53314.676,3.890967,12.812032,17.866817,18.921322,-9.651219,-11.769795,-14.223551,9864.432,4.917438,2.515869,4.039893,4.50804,-2.031502,-2.825294,-3.321593,7279.971,5.322606,1.855216,2.956907,3.422189,-1.588302,-2.20476,-2.800271,2855.8386,3.089064,0.897054,1.861701,2.257651,-0.716917,-1.175368,-1.588106,3256.1267,3.193038,1.010551,2.097317,2.719872,-0.795063,-1.27398,-1.804073,11402.469,6.719993,3.250421,6.06954,6.677746,-2.720916,-4.048882,-4.840421,9884.848,6.746849,2.874626,5.482808,6.124455,-2.353196,-3.757254,-4.082131
0.0,75.0,80026.445,5.490876,19.383898,28.271656,29.738304,-15.141047,-18.503294,-22.475105,71804.305,4.85616,17.974815,26.68063,28.338902,-12.845406,-15.645973,-18.536253,11551.6045,5.950049,2.87256,4.619243,5.077016,-2.456891,-3.379675,-4.050228,10911.837,5.749249,2.702551,4.406441,4.891306,-2.322072,-3.601624,-3.776813,3054.9297,3.540956,0.896426,1.699578,2.333326,-0.774976,-1.249699,-1.611663,3511.8994,3.676327,1.045978,2.027256,2.548077,-0.897595,-1.463438,-1.761031,13276.967,7.874785,3.803978,6.789164,7.607485,-3.281133,-5.127037,-5.903237,13623.618,7.743731,3.904965,6.88984,8.035516,-3.398483,-5.233371,-5.930262,64302.465,4.864582,15.985946,23.677452,25.196848,-11.422715,-13.916889,-28.502483,68981.71,4.643918,16.770622,24.276592,25.476986,-12.736007,-15.529235,-19.1066,12801.988,6.068612,3.237124,5.143853,5.625435,-2.730102,-3.740761,-4.252681,9423.405,6.688145,2.397339,3.781439,4.233947,-2.121613,-2.922919,-3.457952,3654.9092,3.672767,1.118675,2.375611,2.90565,-0.932539,-1.548934,-1.939033,4113.744,3.815339,1.269898,2.748745,3.423548,-1.022805,-1.860597,-2.097449,14918.564,8.457535,4.236156,7.913979,9.069153,-3.743538,-5.985368,-6.54313,12764.233,8.520374,3.726277,7.246145,8.3627,-3.19394,-5.071365,-5.566655
0.0,100.0,96025.68,6.449523,23.062256,33.88386,35.60669,-18.175386,-22.25093,-27.659641,84133.52,5.429291,20.999119,31.634178,33.52681,-15.201618,-18.435532,-23.162193,13941.103,6.977792,3.37864,5.333176,6.023977,-3.161991,-4.476189,-5.203684,13249.177,6.825727,3.158761,5.148224,5.713353,-2.959188,-4.169849,-4.64552,3649.146,4.04814,1.026788,2.031165,2.57517,-0.974568,-1.633332,-2.037512,4219.5654,4.230482,1.198581,2.426816,3.044278,-1.119505,-1.832192,-3.236101,16008.155,9.313913,4.476602,7.989644,10.760932,-4.198217,-6.761087,-7.569074,16557.283,9.247693,4.581423,8.161527,9.302347,-4.353662,-6.966192,-7.701553,75695.59,5.449403,18.592134,27.85713,29.539057,-13.640386,-16.557264,-19.939964,82633.13,5.406647,19.90497,29.032482,30.70582,-15.205722,-18.382856,-29.444366,15582.774,7.226141,3.797906,5.934438,6.482888,-3.496043,-4.907031,-5.464183,11363.803,7.85483,2.821678,4.350601,4.946972,-2.711936,-4.081875,-4.602794,4375.6343,4.22011,1.272368,2.879565,3.711761,-1.158499,-2.127456,-2.470562,4851.807,4.33704,1.435418,3.255116,4.103387,-1.267926,-2.173396,-2.58202,18240.451,10.215093,5.009657,9.334905,10.622926,-4.792794,-7.592046,-8.102083,15395.392,10.098033,4.387972,8.519378,9.757612,-4.047867,-6.463056,-7.110785
0.0,125.0,109113.28,7.17743,26.516047,39.590805,41.628143,-20.616577,-25.062168,-31.175558,94882.23,6.009934,24.016966,36.967915,38.661953,-17.141384,-20.788334,-27.64186,16095.218,7.786557,3.892331,6.146669,6.905066,-3.788785,-5.467908,-6.154285,15179.03,7.56495,3.653264,6.01507,6.860805,-3.524754,-5.054368,-5.641339,4179.4487,4.45689,1.162178,2.341549,2.945293,-1.149238,-1.948688,-2.359169,4801.7007,4.66332,1.368816,2.851054,5.508668,-1.324155,-2.229606,-2.746927,18488.342,10.393482,5.179837,9.243546,10.484356,-5.012832,-8.166869,-8.8595,19033.326,10.325855,5.328546,9.516113,10.817896,-5.193723,-8.507354,-9.768846,85845.11,6.051984,21.26854,32.368427,34.045013,-15.497506,-18.758446,-22.379269,93810.76,6.003085,22.898993,33.915295,35.562645,-17.257227,-20.846766,-26.85616,17921.793,8.057804,4.397694,6.857089,7.53793,-4.175733,-5.961132,-6.559809,13108.026,8.746295,3.253893,5.00979,5.555916,-3.233381,-4.665127,-5.316958,4961.8945,4.627983,1.44437,3.386697,4.373615,-1.356096,-2.438509,-2.887909,5498.772,4.731514,1.632085,3.780043,4.943422,-1.484047,-2.647239,-3.573185,21064.59,11.43189,5.860674,10.847147,12.550871,-5.755075,-9.364248,-10.595268,17782.73,11.261076,5.078178,9.895383,11.489193,-4.840632,-7.789058,-8.418328
0.0,150.0,121232.4,7.78883,28.828684,42.078983,43.842407,-22.825289,-27.619034,-37.957977,105177.016,6.604438,25.901136,39.03438,40.937206,-18.95415,-23.061634,-30.207952,18215.967,8.818275,4.22382,6.7128,7.774791,-4.355642,-6.216546,-6.869626,17014.389,8.415638,3.958069,6.609052,7.539224,-4.051256,-5.818837,-6.205359,4671.002,4.905692,1.240875,2.587844,3.484174,-1.293088,-2.099691,-2.526469,5316.4795,5.072221,1.454155,3.146506,4.110407,-1.478878,-2.433403,-4.608452,20878.307,11.788732,5.591494,10.029507,11.860251,-5.741835,-9.089568,-9.64063,21346.93,11.54469,5.773953,10.222024,12.157676,-5.974905,-9.593358,-10.191691,95370.04,6.684545,22.929691,34.172806,35.7588,-17.16408,-20.686275,-27.102322,104044.36,6.459386,24.719599,35.482906,37.45204,-19.119122,-23.05606,-30.055162,20135.135,8.9857,4.776752,7.437929,8.213027,-4.821459,-6.906046,-7.439205,14819.224,9.908276,3.533303,5.530036,6.390859,-3.693985,-5.280575,-5.78483,5478.8022,5.013334,1.511669,3.740148,4.945554,-1.528246,-2.595231,-2.938448,6096.5156,5.182083,1.680097,4.170422,5.551501,-1.659023,-3.153953,-3.11875,23731.691,12.831167,6.449936,11.454819,13.256121,-6.628384,-11.259306,-11.907979,20065.906,12.729891,5.542717,10.509162,12.404451,-5.522046,-8.967695,-9.596771
0.0,175.0,132692.58,8.381296,31.543339,47.088177,49.573257,-25.06768,-30.405504,-40.971153,113845.04,7.096412,28.05409,42.958458,45.690273,-20.392609,-24.478992,-30.543915,20242.041,9.7082,4.687996,7.402657,8.580793,-5.016092,-7.308882,-7.911599,19068.553,9.2763,4.374002,7.153438,8.262743,-4.635189,-6.682804,-7.489053,5137.4546,5.287672,1.357548,2.820814,3.679476,-1.473733,-2.532465,-5.077104,5896.1963,5.482661,1.583882,3.382743,4.360822,-1.667233,-2.812196,-3.171861,23127.41,12.902426,6.206068,10.94271,12.881346,-6.598716,-10.897194,-11.785238,23915.588,12.750633,6.384852,11.066434,13.166676,-6.831602,-11.238295,-11.951133,103421.56,7.175184,24.86097,37.59969,40.01506,-18.545664,-22.464378,-29.171646,113830.49,6.922633,26.911057,39.196365,41.301266,-20.916655,-25.298183,-33.817734,22648.396,9.96432,5.285067,8.037927,8.883081,-5.51886,-7.886128,-8.519412,16435.24,10.866577,3.921203,6.115544,7.101607,-4.236635,-6.13373,-6.629048,6075.1934,5.415491,1.643054,4.059519,5.414594,-1.716173,-3.025631,-3.506576,6648.8115,5.543623,1.829515,4.557311,5.900303,-1.872094,-3.356515,-3.964562,26758.74,14.267269,7.181706,12.368167,14.488191,-7.704301,-12.839637,-13.527225,22278.545,13.975897,6.154,11.37758,13.359431,-6.402337,-10.743304,-11.408082
0.0,200.0,142473.4,8.592894,33.95586,51.86941,55.067307,-26.92483,-32.74844,-44.55795,121571.77,7.282979,29.901642,46.126896,48.15009,-21.808203,-26.171251,-36.659164,22224.709,10.879684,5.228643,7.913317,9.066008,-5.607396,-8.248566,-9.004396,20850.385,10.313197,4.853025,7.581788,8.720396,-5.150638,-7.903722,-8.252624,5568.2036,5.672627,1.461565,3.012184,4.09988,-1.616329,-2.815404,-3.56225,6365.3184,5.867834,1.693004,3.575248,4.67549,-1.818416,-3.112657,-3.529578,25302.146,14.425485,6.851804,11.523664,13.869267,-7.33152,-12.243815,-19.04409,26070.32,14.150572,7.050865,11.591854,13.73878,-7.596791,-12.565206,-13.281443,110899.91,7.483295,26.780682,40.095985,41.819584,-19.871416,-23.900993,-31.166498,122231.97,7.135353,29.10241,42.35045,44.85689,-22.441568,-27.030333,-37.0002,24805.54,11.092061,5.879242,8.529523,9.533619,-6.14567,-8.851158,-9.581124,18010.754,12.174777,4.372076,6.55094,7.599177,-4.707603,-7.107625,-7.653497,6552.0693,5.78846,1.745629,4.295995,5.872577,-1.870909,-3.351842,-3.796913,7167.672,5.941485,1.944185,4.851272,6.39444,-2.043905,-3.704113,-4.264675,29272.398,15.832177,7.899377,12.871264,14.921751,-8.585803,-14.58534,-15.475817,24378.582,15.604127,6.693459,11.895357,14.029031,-7.146197,-12.214348,-12.933877
0.0,225.0,151933.47,9.025219,35.49009,55.857807,58.855087,-28.252754,-34.51572,-51.24581,129037.54,7.681391,31.06189,48.750244,51.545795,-22.85464,-27.408916,-39.240948,24141.45,11.811451,5.47207,8.480789,9.829253,-6.424813,-9.630835,-10.525064,22675.86,11.162864,5.070835,8.079005,9.448904,-5.89431,-8.755716,-8.993799,5978.776,6.016306,1.557112,3.207943,4.099224,-1.829306,-3.313418,-3.599349,6848.5054,6.209968,1.80232,3.776428,4.923175,-2.067056,-3.510101,-4.062894,27463.1,15.677615,7.274044,12.149013,14.783909,-8.364643,-13.988289,-15.15398,28370.67,15.337964,7.471807,12.161205,14.731949,-8.637268,-14.282885,-15.033621,117899.62,7.905041,27.513853,42.09197,43.975887,-20.859667,-24.908094,-34.20176,130313.38,7.481845,29.999474,45.182487,56.92395,-23.484083,-28.055649,-39.25236,27054.777,12.059391,6.142755,9.04781,10.189573,-7.046639,-10.349243,-11.097835,19540.592,13.190308,4.576236,7.053447,8.246203,-5.360498,-8.004609,-8.686228,7046.93,6.111581,1.850446,4.510092,6.076776,-2.126281,-3.757857,-4.315245,7655.323,6.276126,2.057102,5.082617,6.85632,-2.314897,-4.179443,-4.804815,31967.83,17.21711,8.537957,13.345481,15.459857,-9.842988,-16.782776,-17.816998,26485.51,16.938196,7.233367,12.360418,14.657317,-8.157552,-14.149122,-15.140189
0.0,250.0,161261.56,9.45496,37.236626,60.857388,64.01616,-29.745605,-35.645966,-49.280952,136542.78,7.966084,32.403343,52.827755,55.557713,-24.110659,-28.90447,-45.08085,26006.938,12.499785,5.745582,8.910546,10.383995,-7.003919,-10.444311,-11.464862,24255.178,11.754266,5.305215,8.512745,9.903413,-6.419927,-9.502781,-10.222722,6384.0913,6.349966,1.614081,3.306066,4.397336,-1.977927,-3.425005,-5.569713,7280.3677,6.561414,1.868022,3.912582,5.085712,-2.222574,-3.844213,-4.843453,29508.752,16.543644,7.615624,12.643734,15.37389,-9.078288,-15.135285,-24.37742,30391.127,16.204472,7.820389,12.697411,15.422187,-9.413112,-15.641705,-16.678526,124763.87,8.174186,28.521273,44.74714,46.814423,-22.01674,-26.516132,-34.400208,138201.14,7.803816,31.389181,49.342117,52.72123,-24.743885,-29.69859,-37.140694,28957.455,12.70058,6.433465,9.549064,10.907681,-7.685461,-11.315612,-11.962239,21040.98,13.968281,4.804775,7.389857,8.722142,-5.810819,-8.605341,-9.097411,7480.473,6.441022,1.917556,4.650463,6.118496,-2.287835,-4.148854,-4.621233,8142.317,6.605169,2.119872,5.230389,6.970123,-2.47151,-4.508557,-5.674356,34328.613,18.261312,8.993887,13.683677,15.908491,-10.794094,-18.646378,-19.931335,28491.748,17.924156,7.58757,12.645578,15.161761,-8.89861,-15.554468,-16.957887
0.0,275.0,170865.11,10.083784,39.174545,63.780167,66.55062,-31.145866,-37.27747,-55.428883,143351.42,8.233921,34.234024,56.364044,59.33782,-25.151276,-30.3757,-43.10267,27667.79,13.591994,6.143867,9.098913,10.42296,-7.547357,-11.32527,-12.100075,25790.75,12.857729,5.672412,8.840025,10.176323,-6.919681,-10.289543,-11.130832,6754.7876,6.735987,1.726259,3.367354,4.362134,-2.095726,-3.800585,-4.306551,7699.168,6.983893,1.99514,4.068391,5.178016,-2.3778,-4.169248,-4.590007,31385.85,18.00922,8.173717,12.847321,15.632513,-9.752992,-16.488388,-18.189611,32293.96,17.790188,8.385937,13.001096,15.782815,-10.10199,-16.95944,-17.97759,131134.9,8.405874,30.001017,47.38871,49.783596,-23.094328,-27.56002,-40.722202,146175.89,8.282596,33.14343,51.652454,54.96505,-25.88552,-30.49945,-47.844894,30856.0,13.974996,6.886684,9.89526,11.215259,-8.280362,-12.245817,-13.234151,22357.982,15.090259,5.134448,7.490348,8.799273,-6.234285,-9.989892,-10.022566,7920.7075,6.876171,2.045189,4.823804,6.443656,-2.460474,-4.519422,-5.297416,8579.0625,6.955661,2.262678,5.350634,6.992505,-2.630925,-4.885482,-5.453736,36631.453,20.093542,9.655993,14.031978,16.361097,-11.694109,-20.226925,-21.86796,30337.91,19.457748,8.180779,12.941562,15.310897,-9.633104,-16.842846,-18.167502
0.0,10.0,17503.559,1.956871,2.574029,2.998929,3.811139,-2.913632,-3.567234,-5.537371,16782.21,1.808212,2.486654,2.902543,4.263149,-2.712002,-3.355621,-4.950675,2975.1584,2.670548,0.420083,0.542533,0.937566,-0.45166,-0.610096,-1.495871,2776.83,2.644232,0.386406,0.489299,0.854966,-0.422522,-0.587604,-1.192249,795.0215,1.739926,0.131449,0.195014,0.582945,-0.157037,-0.241853,-0.541437,914.7268,1.804301,0.155452,0.217565,0.656753,-0.182775,-0.319171,-0.646065,3354.345,3.509161,0.514358,0.663677,0.972279,-0.592514,-0.82278,-1.172116,3373.765,3.509933,0.517998,0.646976,1.146468,-0.60543,-0.875238,-1.191882,14421.801,1.762536,2.155626,2.517772,3.809536,-2.350045,-2.921162,-4.5344,15416.113,1.807161,2.28593,2.679733,4.108215,-2.547321,-3.13944,-4.551616,3260.1506,2.777794,0.469959,0.58914,1.017197,-0.495238,-0.660746,-0.997855,2363.494,2.888202,0.340397,0.439762,0.828146,-0.386352,-0.515959,-0.818735,1004.119,1.858448,0.172025,0.241067,0.743906,-0.19773,-0.359313,-0.821037,1202.5898,1.942406,0.205807,0.286142,1.022133,-0.227459,-0.340587,-0.751168,3605.1992,3.817435,0.55084,0.742875,1.13046,-0.636914,-0.96919,-1.423344,3279.0542,3.863368,0.508729,0.649267,1.058813,-0.578988,-0.825143,-1.230024
0.0,20.0,32189.48,2.921596,6.219521,9.00907,8.688272,-5.440235,-6.658714,-8.571361,29119.74,2.440579,5.747387,8.213873,8.720717,-4.909431,-6.003925,-7.81771,4311.104,2.943378,0.868397,1.270101,1.662021,-0.798689,-1.090109,-1.510376,4053.0974,2.947731,0.802629,1.235362,1.642118,-0.757681,-1.04346,-1.395392,1183.0721,2.02297,0.279308,0.456566,0.959875,-0.272373,-0.418237,-0.99696,1364.0332,2.113876,0.327052,0.561298,1.170093,-0.322858,-0.528759,-0.944327,4906.016,3.785764,1.117483,1.754775,2.174934,-1.050604,-1.510787,-2.016274,4951.6294,3.803418,1.108928,1.816545,2.276809,-1.091533,-1.617251,-2.100931,24949.137,2.340822,4.968271,7.255378,7.568169,-4.248646,-5.199781,-6.76073,27505.06,2.500201,5.405597,7.836419,7.717446,-4.671325,-5.785609,-7.485387,4716.839,3.052729,0.967751,1.425832,1.934183,-0.882356,-1.203277,-1.618927,3483.0151,3.232768,0.712464,1.054835,1.883453,-0.690224,-0.934752,-1.272185,1452.7727,2.136986,0.36658,0.655575,1.600682,-0.343772,-0.577049,-1.022021,1711.5544,2.218535,0.42345,0.780408,1.392748,-0.381969,-0.594722,-0.938648,5301.946,4.074448,1.189092,1.995841,3.45317,-1.160864,-1.803218,-2.341293,4790.2446,4.103164,1.089596,1.779788,2.374611,-1.033677,-1.509199,-2.112922
0.0,30.0,44287.164,3.580385,9.314496,11.995858,13.22921,-7.998341,-9.864223,-12.432848,39920.453,2.946007,8.554932,11.127067,12.20632,-7.050593,-9.845262,-10.719892,5897.1943,3.766683,1.310889,2.016231,2.516547,-1.114763,-1.501834,-2.256458,5524.0234,3.756196,1.216505,1.961687,2.391869,-1.055397,-1.57634,-2.019124,1597.9989,2.407086,0.417289,0.741048,1.101588,-0.370997,-0.559392,-1.066083,1828.9823,2.51946,0.497914,0.932611,1.324732,-0.438284,-0.688977,-1.028172,6652.4614,4.877177,1.655426,2.83831,3.322989,-1.462814,-2.113419,-2.607362,6709.5747,4.920158,1.691113,2.98771,3.458041,-1.516961,-2.317015,-2.915002,34736.46,2.865211,7.461649,9.749781,10.873868,-6.10462,-7.547357,-10.009035,38504.43,3.106579,8.155391,10.520633,11.819714,-6.801005,-8.37936,-10.074386,6440.7,3.919981,1.462041,2.277581,2.686066,-1.232151,-1.704889,-2.251394,4773.116,4.160702,1.080832,1.666608,1.99092,-0.965494,-1.314852,-1.904442,1936.5616,2.545089,0.547466,1.087061,1.549723,-0.465228,-0.75469,-1.06874,2246.9082,2.612547,0.618709,1.155907,2.290026,-0.51297,-0.761867,-1.555588,7214.209,5.29432,1.809108,3.312683,3.771176,-1.636288,-2.513027,-2.967837,6470.9116,5.266675,1.638943,2.946932,3.246814,-1.441156,-2.116484,-2.560577
0.0,40.0,52472.195,3.817147,12.229516,16.472063,18.01766,-9.803991,-12.097874,-14.827561,47473.656,3.240946,11.287122,15.430662,16.796488,-8.57395,-10.549939,-12.925187,7324.058,4.359529,1.715007,2.719186,3.360978,-1.463333,-1.960431,-2.457327,6898.7046,4.335356,1.601953,2.635293,3.181179,-1.385951,-1.917269,-2.460222,2003.1366,2.748581,0.547134,1.002367,1.416475,-0.479955,-0.752691,-1.205237,2298.7263,2.881876,0.64919,1.257875,1.593447,-0.564418,-0.920627,-2.175079,8279.169,5.686742,2.189447,3.875044,4.302776,-1.918241,-2.9306,-3.33536,8443.1455,5.746835,2.251809,4.070555,4.521265,-1.998766,-3.088105,-3.595669,41547.13,3.153436,9.818586,13.39639,14.896563,-7.495147,-9.180427,-11.973869,45619.812,3.34507,10.68514,14.359288,15.398316,-8.336097,-10.249171,-12.59302,8039.8374,4.530967,1.921419,3.090926,3.599998,-1.619043,-2.21146,-4.7823,5946.9375,4.85194,1.417049,2.216163,2.54357,-1.265242,-1.711996,-2.126985,2427.0498,2.908138,0.708559,1.472992,2.157805,-0.597174,-1.011611,-1.439362,2769.182,2.976274,0.793155,1.5621,2.216692,-0.64984,-1.086569,-1.508946,9160.756,6.230444,2.416162,4.557693,5.45164,-2.182164,-3.465219,-4.089424,8058.3228,6.162144,2.166219,4.022892,4.816444,-1.891084,-2.881073,-3.443906
0.0,50.0,61094.004,4.034831,14.212732,19.878551,21.44594,-11.628117,-14.361441,-18.875463,54661.24,3.602266,13.209292,18.626696,20.175287,-9.928399,-12.174848,-15.320634,8179.6636,4.849182,2.064129,3.413496,3.854764,-1.690654,-2.325536,-2.887565,7907.4907,4.80736,1.940764,3.242611,3.67646,-1.607344,-2.190544,-2.56976,2204.954,2.917642,0.661918,1.317219,1.695403,-0.559778,-0.908555,-1.642376,2581.9937,3.057003,0.778295,1.569816,2.062395,-0.642739,-1.058321,-1.53265,9318.3,6.350583,2.67485,4.946032,5.589037,-2.242595,-3.419719,-3.923029,9705.593,6.350988,2.751966,5.076134,5.795577,-2.315336,-3.476841,-3.905143,47894.625,3.500269,11.547474,16.29654,17.471722,-8.751686,-10.671967,-13.593924,52526.188,3.490762,12.267811,17.018324,18.809198,-9.75129,-11.963377,-14.589709,9264.582,5.050511,2.329091,3.774447,4.358769,-1.885913,-2.539126,-2.988628,6634.649,5.405964,1.70509,2.817997,3.131177,-1.46034,-2.035499,-2.439035,2714.6912,3.066499,0.847132,1.821776,2.30954,-0.67444,-1.071751,-1.605089,3006.655,3.14867,0.956659,2.086807,2.609809,-0.748402,-1.244116,-1.740027,10642.621,6.932877,2.985839,5.778251,6.563334,-2.538535,-3.912251,-4.317747,9036.299,6.866157,2.642589,5.199387,5.949048,-2.199745,-3.478379,-4.267479
0.0,75.0,80555.12,5.485808,18.724506,26.834257,28.873894,-15.338814,-18.778034,-23.167747,71522.32,4.640408,17.29893,25.334549,26.851768,-13.033808,-15.976653,-19.838833,11043.647,6.88494,2.593433,3.96114,4.612584,-2.313168,-3.170373,-3.676947,10372.268,6.69073,2.435294,3.817595,4.28065,-2.184814,-3.050151,-4.67059,2937.7048,3.689578,0.812703,1.423642,1.889934,-0.737555,-1.158345,-1.477654,3355.6267,3.854931,0.962319,1.755234,2.180507,-0.855438,-1.392386,-1.81332,12462.849,9.197689,3.329033,5.511758,6.181222,-3.041597,-4.626361,-5.081963,12752.454,9.129517,3.459359,5.756899,6.544934,-3.170892,-4.966402,-5.556728,63318.426,4.477987,15.016277,21.827454,22.951836,-11.560547,-14.727202,-27.29836,68837.26,4.519071,16.15284,23.027643,24.713512,-12.841084,-15.711201,-19.323013,12139.267,7.083173,2.937836,4.512835,5.011171,-2.563306,-3.564459,-4.110492,8955.884,7.659671,2.147357,3.175557,3.60295,-1.992839,-2.734816,-3.052329,3500.1824,3.84872,1.03459,2.055385,2.570208,-0.89481,-1.515801,-1.93165,3959.4062,3.997836,1.144626,2.216307,2.765268,-0.972962,-1.52763,-1.885854,13972.104,10.043632,3.746669,6.505232,7.453952,-3.502276,-5.619021,-6.287137,12079.131,9.990545,3.283881,5.863098,6.685443,-2.986446,-4.704544,-5.157409
0.0,100.0,96959.234,6.335302,23.36721,34.65215,36.732018,-18.43627,-22.464628,-28.39344,85113.945,5.395607,21.334126,32.420906,34.41108,-15.43706,-18.850563,-23.336096,13142.571,7.515468,3.190571,4.924205,5.555085,-2.886001,-4.047662,-4.585036,12375.238,7.29427,2.996963,4.762263,5.309638,-2.719105,-3.828803,-4.322716,3484.6636,4.129969,0.991743,1.862627,2.376453,-0.903534,-1.479892,-1.815358,3984.633,4.309183,1.165081,2.291629,2.887548,-1.044393,-1.735403,-2.02263,14945.029,10.000669,4.168077,7.158204,8.152257,-3.810302,-6.011256,-6.732143,15364.305,9.922055,4.318307,7.445006,8.493495,-3.983959,-6.387742,-7.017847,76021.78,5.275803,18.679266,28.195318,29.61161,-13.814779,-16.874943,-20.890984,82942.02,5.284372,20.195368,29.695026,31.462254,-15.387064,-18.64448,-22.775824,14546.327,7.742435,3.607969,5.525208,5.973233,-3.208909,-4.519033,-4.977052,10690.11,8.423365,2.652957,3.944779,4.436872,-2.476404,-3.468119,-3.997211,4141.146,4.275445,1.240371,2.705121,3.492728,-1.08534,-1.878607,-2.285958,4611.2197,4.39558,1.378574,2.984296,3.751431,-1.16977,-1.984536,-2.40968,16958.08,10.88992,4.72853,8.619396,9.756857,-4.445772,-7.238165,-8.33748,14477.373,10.763377,4.122512,7.820966,8.93396,-3.754239,-6.074594,-6.663841
0.0,125.0,109204.34,6.96522,25.630955,38.538715,40.442734,-20.825884,-25.223751,-31.117647,95740.04,6.265968,23.532495,35.93622,37.736324,-17.212507,-20.94885,-25.796844,15168.368,9.794566,3.530741,5.199012,6.422066,-3.401583,-4.858446,-5.711345,14304.611,9.250915,3.316683,4.890093,6.080739,-3.178155,-4.494231,-4.997165,3946.4106,4.671558,1.079737,1.784749,2.204689,-1.044766,-1.718381,-2.248096,4529.841,4.880766,1.271204,2.082753,2.577856,-1.192587,-1.976868,-3.255261,17172.242,13.694231,4.568008,6.937121,8.433696,-4.47925,-7.203112,-7.784794,17741.084,13.299646,4.749012,7.212518,8.677436,-4.647584,-7.910813,-11.207072,86435.0,6.20377,20.643951,31.388884,33.01691,-15.554309,-18.987373,-23.7655,93174.586,5.722485,22.035358,32.62983,34.07733,-17.359777,-20.982515,-25.009174,16826.95,9.884024,4.018348,5.831839,7.449064,-3.755446,-5.27117,-7.060813,12307.284,11.033379,2.938707,4.18748,5.105614,-2.906507,-4.162171,-4.676187,4708.739,4.878268,1.347837,2.231087,2.529438,-1.235109,-2.119545,-2.77038,5218.049,5.081166,1.501855,2.513326,2.928727,-1.345987,-2.300026,-3.467776,19664.42,15.010573,5.204342,8.157162,9.696475,-5.213758,-8.639103,-9.345656,16653.064,15.227272,4.498273,7.198007,7.475476,-4.39903,-7.285749,-7.827309
0.0,150.0,121752.23,7.476493,30.455362,53.138657,48.610126,-23.25376,-28.2211,-35.646282,105341.46,6.5151,27.287731,48.64071,44.36654,-19.057705,-23.00388,-29.755674,17275.713,9.627744,4.246331,6.346759,17.006784,-4.03897,-5.751228,-6.464644,16224.743,9.148632,3.974448,5.897242,6.402353,-3.745088,-5.323392,-7.103275,4461.2646,4.977697,1.27726,2.384929,3.119695,-1.212285,-2.040922,-2.380594,5081.01,5.131181,1.483182,2.789925,3.59307,-1.372972,-2.29126,-2.723063,19601.053,12.923785,5.603784,8.955704,10.236846,-5.297982,-8.591111,-9.195958,20183.537,12.599882,5.762516,9.098121,10.598099,-5.484144,-8.904153,-10.468636,95436.39,6.494348,24.06735,44.741238,37.807194,-17.270655,-21.798637,-26.02858,104016.05,6.166595,26.017117,47.275562,40.900036,-19.407211,-23.411114,-29.647406,19178.023,9.777467,4.788936,7.257911,19.537643,-4.44464,-6.274648,-7.862267,14024.857,10.815939,3.544475,5.260895,14.220301,-3.427347,-4.868061,-6.462743,5257.0615,5.076001,1.548177,3.297999,4.142569,-1.418338,-2.455043,-2.885435,5806.367,5.260498,1.727017,3.807448,4.883033,-1.541841,-2.68042,-3.195679,22525.79,14.040067,6.435589,10.738707,12.304612,-6.212904,-10.460355,-11.164945,18991.94,13.967219,5.554313,9.883455,11.466194,-5.219671,-8.830666,-9.734360
0.0,175.0,133413.53,8.251355,31.065193,47.346096,49.852043,-25.145844,-30.380375,-42.2225,114313.93,6.921594,27.766125,43.57323,45.73098,-20.65457,-25.090666,-33.490726,19487.639,10.332876,4.349365,6.963993,7.913424,-4.786867,-6.980591,-7.528937,18197.404,9.841541,4.048775,6.866318,7.968419,-4.42356,-6.445542,-7.081318,4963.3525,5.362625,1.271589,2.637303,3.329182,-1.404434,-2.356341,-2.745008,5639.338,5.555465,1.474012,3.215162,4.217914,-1.597452,-2.71374,-3.233999,22096.225,13.766572,5.688832,10.009889,12.275839,-6.252923,-10.238527,-13.170808,22683.787,13.520372,5.890596,10.311879,12.261117,-6.496565,-10.698649,-14.123983,103686.37,6.902123,24.342943,37.029354,38.85718,-18.77385,-22.680767,-27.838594,114130.24,6.776597,26.45653,38.728275,40.80074,-20.981865,-25.193256,-33.05779,21576.035,10.545686,4.900039,7.75198,9.886512,-5.283422,-7.660999,-8.142093,15800.952,11.553519,3.626777,5.682387,6.521899,-4.037277,-5.847329,-8.023399,5822.934,5.46655,1.525422,3.865198,5.080115,-1.670508,-2.927083,-3.322948,6405.5527,5.604076,1.685811,4.228135,5.399939,-1.779206,-3.097625,-3.774678,25419.46,15.077951,6.667179,11.169274,12.942023,-7.320987,-12.238691,-12.934334,21431.998,14.821664,5.702554,10.19866,11.703325,-6.088882,-10.037031,-10.824922
0.0,200.0,144518.12,9.042535,34.62319,49.67069,51.59472,-27.056168,-33.105392,-46.63351,122974.03,7.398837,30.690231,45.862743,48.41726,-22.005077,-26.468489,-39.803852,21257.21,11.392664,5.007823,7.20431,8.175987,-5.289027,-7.686203,-8.365712,19843.646,10.903249,4.647124,7.112102,8.170808,-4.885228,-7.109447,-7.74434,5349.0415,5.726785,1.424796,2.787276,3.661781,-1.527147,-2.618048,-3.084368,6094.07,5.968124,1.647696,3.427405,4.288128,-1.735579,-2.984197,-3.443233,24070.137,15.170378,6.611249,10.391119,12.401151,-6.888024,-11.394442,-12.127527,24828.656,15.053424,6.762536,10.693385,12.553442,-7.181153,-11.867175,-12.666201,111576.98,7.34502,26.869226,39.17234,40.945343,-20.049845,-24.167496,-30.765179,123567.86,7.400494,29.54079,41.581406,43.812878,-22.557135,-27.09869,-39.236645,23593.016,11.761218,5.632801,8.018923,9.060909,-5.830136,-8.392129,-9.042642,17201.514,12.649374,4.186097,5.865733,7.144191,-4.434562,-6.398658,-6.836927,6290.583,5.869497,1.70965,4.066968,5.256965,-1.791687,-3.209072,-3.691327,6865.9473,5.97878,1.894812,4.463439,5.782229,-1.917977,-3.436674,-4.207785,27945.42,16.972172,7.61729,11.966913,13.949854,-8.217001,-14.173696,-15.274291,23380.97,16.4407,6.49398,11.022651,12.851733,-6.790906,-11.679488,-12.552842
0.0,225.0,154326.86,9.303964,35.426735,58.698112,62.64731,-29.887087,-39.925194,-107.53347,130952.79,7.785962,31.283506,52.217335,55.638203,-24.235361,-33.203102,-39.12139,22874.281,12.296525,4.919373,7.785101,9.056333,-5.906665,-8.532211,-9.168378,21228.453,11.54618,4.55491,7.537963,8.70385,-5.434121,-7.894281,-8.591909,5718.5376,6.146684,1.412201,2.928011,3.725206,-1.657758,-2.837397,-3.241588,6463.37,6.310007,1.620736,3.51262,4.459681,-1.88017,-3.255905,-3.70943,25880.105,16.28401,6.462717,11.023714,13.288015,-7.564149,-12.551054,-13.492604,26520.74,15.950112,6.618465,11.202335,13.46203,-7.875991,-13.213224,-14.052677,119210.195,7.773369,27.365026,44.016388,46.62019,-21.99885,-30.775608,-84.91047,131769.36,7.588468,29.994846,47.585297,50.19285,-24.74094,-34.579464,-39.798756,25312.742,12.512565,5.531087,8.514587,9.621352,-6.520607,-9.419182,-10.053098,18517.889,13.66945,4.115783,6.389623,7.395405,-4.914359,-7.058031,-7.666909,6676.812,6.215344,1.670341,4.228442,5.526944,-1.942042,-3.484523,-4.117395,7305.084,6.373454,1.84681,4.670555,6.240484,-2.075179,-3.665927,-4.221307,30013.396,17.972914,7.616755,12.034406,14.008392,-9.071268,-15.774023,-16.680443,25183.451,17.626312,6.507905,11.118653,13.074332,-7.490775,-12.982766,-13.805667
0.0,250.0,163294.03,9.785838,37.514896,60.852787,64.658554,-29.8879,-35.68578,-59.198757,138177.88,8.099889,32.93149,54.375965,57.79104,-24.382523,-29.192177,-44.146206,24834.271,13.320275,5.362111,8.080058,9.430845,-6.542214,-9.662038,-10.340377,22995.643,12.515359,4.96958,7.863455,9.127103,-6.019646,-8.975619,-9.494446,6140.1196,6.577502,1.530276,3.035939,4.085565,-1.828416,-3.163107,-3.561784,6944.94,6.74719,1.764993,3.676478,4.903278,-2.085157,-3.669358,-4.056345,28002.975,17.625048,7.072758,11.349889,13.828827,-8.440056,-14.15362,-14.974721,28766.35,17.307175,7.295998,11.570509,14.317346,-8.823236,-14.940925,-15.916099,125799.516,8.128649,28.787033,45.583076,47.70708,-22.275314,-26.716028,-33.582577,139461.95,7.996106,31.781643,49.408745,51.778442,-24.915512,-29.751942,-42.109406,27476.822,13.575691,6.0433,8.840428,9.909879,-7.225119,-10.650492,-11.382,20074.605,14.7748,4.488896,6.621166,7.820513,-5.412378,-7.955843,-8.62686,7173.1577,6.655136,1.82885,4.374011,5.800692,-2.154237,-3.977502,-4.534383,7801.3613,6.767892,2.00526,4.788868,6.31858,-2.286655,-4.14011,-4.677727,32639.834,19.616993,8.434712,12.410019,14.445946,-10.257423,-18.168945,-19.40161,27272.266,19.023336,7.142656,11.424173,13.477608,-8.416168,-14.814769,-15.942417
0.0,275.0,172770.7,10.487337,38.857315,64.58471,67.94052,-31.544003,-37.5568,-52.235992,145319.12,8.519526,34.27864,58.331814,61.277973,-25.62821,-30.795778,-43.5664,26345.307,13.852034,5.709357,8.542935,10.013088,-6.965032,-10.284324,-11.238054,24342.705,13.058131,5.298219,8.34643,9.705015,-6.417458,-9.542733,-10.237063,6439.2173,6.705388,1.615843,3.182751,4.228663,-1.924656,-3.342006,-3.807855,7292.4707,6.968054,1.870808,3.884704,5.02823,-2.198658,-3.865356,-4.273326,29680.346,18.27126,7.540148,11.891707,14.455347,-8.962435,-15.062568,-16.172382,30454.564,18.100199,7.77832,12.209934,14.813332,-9.378283,-15.897269,-16.91784,132566.11,8.54976,29.809893,48.523224,50.769417,-23.457705,-28.054953,-36.50908,147405.56,8.519184,32.91317,52.44711,54.93848,-26.295643,-31.738173,-43.828682,29168.248,14.225285,6.449276,9.383907,10.699213,-7.71335,-11.382318,-12.036095,21287.045,15.289523,4.772847,6.983047,8.283439,-5.748352,-8.360596,-9.173181,7527.381,6.856984,1.933479,4.58523,6.205702,-2.270878,-4.242665,-4.676392,8165.1763,6.909162,2.10513,5.009297,6.587667,-2.388639,-4.325626,-4.9082,34684.062,20.59674,9.035943,12.97022,15.234577,-10.946542,-20.197256,-20.803534,28957.84,19.830551,7.651883,11.926708,14.017727,-8.958556,-15.798355,-16.842570
0.0,10.0,18044.807,2.14161,2.74966,3.163543,4.232465,-2.850405,-3.504923,-4.780582,17712.467,2.123431,2.739372,3.209134,4.161503,-2.582577,-3.138659,-5.295764,2720.469,2.614047,0.448617,0.586531,1.065212,-0.407205,-0.561936,-1.031494,2582.4048,2.53072,0.419993,0.546161,0.898504,-0.386267,-0.526272,-0.856484,777.2894,1.960234,0.139472,0.221359,0.636067,-0.144031,-0.243354,-0.635567,917.1877,2.022177,0.168102,0.245093,0.631518,-0.170904,-0.285185,-0.604785,3279.2097,3.456801,0.591818,0.798703,1.216945,-0.560715,-0.809776,-1.274256,3343.0752,3.380808,0.598999,0.80941,1.270285,-0.571394,-0.820864,-1.319706,15509.961,1.905267,2.389625,2.792231,4.027972,-2.347413,-2.883221,-4.847305,15360.963,1.753959,2.345754,2.715409,3.927671,-2.487419,-3.151555,-4.940347,2835.786,2.67451,0.479979,0.618427,0.962621,-0.43531,-0.605663,-1.058524,2021.9954,2.798628,0.336374,0.45122,0.849778,-0.336249,-0.459586,-0.957581,965.9886,1.894721,0.186914,0.293084,0.66276,-0.181007,-0.30653,-0.811003,1107.0173,1.984903,0.212633,0.328984,0.783295,-0.206318,-0.390207,-0.808524,3325.9385,3.624652,0.603069,0.809098,1.300755,-0.576541,-0.848282,-1.299842,2950.0435,3.757896,0.540999,0.728742,1.080997,-0.519802,-0.77316,-1.231449
0.0,20.0,31080.41,2.871828,5.862267,7.10085,8.283706,-5.427875,-6.667087,-8.888233,28898.943,2.75705,5.615477,6.809325,7.896852,-4.669583,-5.67347,-7.613996,4188.233,3.205603,0.826247,1.240198,1.707725,-0.735153,-0.986164,-1.416951,4014.3032,3.12302,0.777435,1.19692,1.465623,-0.700899,-0.952861,-1.328335,1184.1343,2.36031,0.267156,0.46902,0.787798,-0.259564,-0.398508,-0.817008,1399.3529,2.445172,0.31621,0.551325,0.865853,-0.303909,-0.467924,-1.763825,4981.6533,4.103114,1.100818,1.802214,2.27502,-1.01807,-1.469496,-2.025267,5097.749,4.022886,1.114423,1.817029,2.371373,-1.038417,-1.490674,-1.917905,25924.674,2.461418,5.023931,6.094071,7.864511,-4.323589,-5.284275,-7.214236,26932.531,2.270088,5.049465,6.167327,7.568227,-4.738068,-5.893183,-8.365035,4357.158,3.274385,0.880682,1.324447,1.745783,-0.781178,-1.061176,-1.525401,3140.462,3.478283,0.631708,1.03344,1.508803,-0.602251,-0.822566,-1.472347,1430.6727,2.227594,0.346103,0.6711,1.03952,-0.321479,-0.497752,-0.815857,1615.2869,2.323704,0.401185,0.712574,1.209245,-0.35789,-0.581752,-0.951921,5071.528,4.277551,1.123428,1.906222,2.282362,-1.054243,-1.539295,-2.226156,4446.523,4.391808,1.012595,1.746212,2.202613,-0.938118,-1.392849,-2.274528
0.0,30.0,44099.082,3.601031,8.962468,11.554569,13.349518,-8.004568,-9.821583,-12.559814,39852.65,3.362067,8.371103,10.848288,12.344564,-6.705469,-8.159493,-10.634182,5779.8745,3.931406,1.234007,1.961852,2.273993,-1.063115,-1.452902,-2.066236,5519.0425,3.811083,1.161756,1.842572,2.224764,-1.010354,-1.362446,-1.877488,1621.4279,2.845526,0.403104,0.772016,1.088805,-0.362306,-0.56672,-0.970141,1891.9832,2.928169,0.471993,0.884396,1.231459,-0.42684,-0.647178,-0.961104,6871.392,5.076778,1.65387,2.931636,3.557242,-1.470137,-2.171732,-2.738824,7009.7056,4.971659,1.679482,2.94295,3.513459,-1.509952,-2.211398,-2.738922,36635.605,3.03793,7.616041,9.869938,11.451566,-6.291805,-7.72354,-9.802812,38664.504,2.797301,7.784578,9.900624,11.523862,-7.033885,-8.67623,-11.422681,5943.3096,3.992672,1.311928,2.079387,2.34365,-1.116127,-1.511484,-1.896746,4332.9233,4.302007,0.945203,1.557351,1.986787,-0.867895,-1.190349,-1.659267,1912.282,2.616598,0.508181,1.005298,1.526082,-0.442345,-0.696511,-1.058767,2155.202,2.736361,0.584959,1.184446,1.62688,-0.487341,-0.765095,-1.281774,6933.4473,5.2797,1.68582,3.100319,3.507288,-1.52318,-2.284401,-2.663584,6063.874,5.405915,1.509546,2.857968,3.312221,-1.336037,-2.032332,-2.536434
0.0,40.0,46775.637,3.786324,12.365262,16.710873,17.919415,-8.653828,-10.628136,-13.367139,42305.324,3.477008,11.35079,15.468006,17.087046,-7.287681,-8.913474,-11.634424,6521.356,4.018031,1.67169,2.733771,3.120482,-1.251637,-1.68491,-2.138567,6185.3857,3.922224,1.570122,2.580118,3.095223,-1.190583,-1.600838,-2.202847,1854.9197,3.031319,0.53349,1.045366,1.428209,-0.43063,-0.673209,-1.027085,2143.6768,3.120458,0.628937,1.234684,1.680022,-0.501217,-0.780544,-1.162758,7734.0557,5.168668,2.255316,4.116956,4.567774,-1.733286,-2.543605,-3.106582,7858.84,5.093824,2.285066,4.134403,4.662116,-1.771503,-2.592037,-3.190415,38919.78,3.107097,10.368545,14.038691,15.293565,-6.879704,-8.446045,-10.504107,41251.566,2.930119,10.879613,14.558643,16.107319,-7.688038,-9.455464,-11.47737,6619.252,4.089106,1.759604,2.888582,3.295674,-1.312424,-1.7583,-2.265802,4901.138,4.439495,1.283712,2.156117,2.546261,-1.021011,-1.398297,-1.892909,2164.4597,2.781817,0.673263,1.406438,1.979671,-0.519624,-0.84104,-1.474145,2443.2993,2.891341,0.761897,1.630097,2.003379,-0.574581,-0.921675,-1.362906,7809.271,5.460515,2.286676,4.373726,4.971397,-1.796641,-2.740796,-3.075002,6835.5483,5.521255,2.046514,4.04103,4.547208,-1.582391,-2.430648,-2.812398
0.0,50.0,62430.734,5.01046,13.3631,18.396948,19.751587,-11.431404,-13.94226,-16.476637,54559.566,4.205008,12.24045,17.078985,18.530481,-9.509335,-11.551378,-15.508659,8118.082,4.79156,1.870836,3.126506,3.569425,-1.613482,-2.169007,-2.722875,7629.1675,4.708049,1.751372,2.993232,3.422642,-1.521929,-2.075151,-2.578409,2261.78,3.4954,0.601716,1.205967,1.611361,-0.538153,-0.847734,-1.231525,2605.2422,3.632934,0.707461,1.474075,1.946419,-0.628121,-0.976139,-1.523985,9686.27,6.290569,2.542991,4.768008,5.294346,-2.230183,-3.298024,-3.677678,9807.672,6.25651,2.571325,4.860643,5.463913,-2.293364,-3.454646,-4.122688,50730.477,3.748877,11.183672,15.471857,16.973349,-9.080925,-11.090115,-13.444761,55693.797,3.808621,11.907342,16.155273,17.898237,-10.204197,-12.52736,-15.613686,8164.6426,4.929379,1.966612,3.379834,3.891697,-1.670209,-2.286543,-2.727953,6101.3086,5.298399,1.448075,2.468954,2.948871,-1.308631,-1.789328,-2.199558,2612.426,3.187384,0.761365,1.725005,2.16429,-0.640899,-1.03267,-1.407356,2937.9153,3.282283,0.859215,1.889058,2.400472,-0.698094,-1.105763,-1.591052,9667.355,6.668973,2.58347,5.190582,5.92108,-2.306506,-3.550425,-3.988991,8484.749,6.684963,2.320844,4.733384,5.320762,-2.005397,-3.053043,-3.477416
0.0,75.0,81664.7,6.235633,19.813053,29.13744,30.554071,-15.225648,-18.506811,-21.990252,70466.19,5.222689,17.80098,26.508924,28.364794,-12.44209,-15.117977,-20.544214,10548.017,5.88045,2.613857,4.436731,5.029094,-2.204768,-3.003048,-3.425366,9881.072,5.711762,2.460996,4.256163,4.725167,-2.068811,-2.845703,-3.481668,2906.5774,4.195873,0.823782,1.66358,2.158688,-0.714211,-1.196912,-2.510722,3319.1907,4.314265,0.974039,1.987534,2.468803,-0.823684,-1.29106,-1.729332,12576.41,7.730518,3.574079,6.672466,7.47897,-3.039164,-4.599934,-5.039894,12722.3125,7.654539,3.645786,6.727397,7.739525,-3.116208,-4.74439,-5.197985,66598.664,4.667801,16.485958,24.314665,25.85119,-12.062198,-14.716151,-19.033133,73076.81,4.667774,17.811022,25.650694,27.07766,-13.597324,-16.591198,-19.65067,10563.88,5.998134,2.744618,4.735858,5.305805,-2.258843,-3.10561,-4.213675,7914.187,6.514477,2.020834,3.445546,4.101134,-1.772336,-2.436023,-3.077789,3321.004,3.752442,1.031869,2.313761,2.790851,-0.836052,-1.36909,-1.926053,3708.544,3.867533,1.150956,2.59942,3.211931,-0.91139,-1.456893,-2.700307,12615.604,8.197489,3.664852,7.240808,8.375004,-3.150118,-4.963959,-5.692695,10969.483,8.187809,3.246781,6.612731,7.464673,-2.723042,-4.304573,-4.751604
0.0,100.0,96902.96,7.217677,24.106485,36.308403,38.181995,-18.077158,-21.906431,-27.299076,82545.17,5.931078,21.340502,32.81214,34.236305,-14.633909,-17.617989,-22.411745,12672.199,7.066112,3.110188,5.105849,5.58258,-2.756891,-3.831257,-4.507071,11837.679,6.815625,2.916404,4.883512,5.278829,-2.577407,-3.576979,-4.0569,3444.184,4.889488,0.96538,1.904742,2.447512,-0.873886,-1.39344,-1.768803,3934.8591,5.021375,1.134853,2.2898,2.749047,-1.006196,-1.594749,-1.90375,15089.587,9.301668,4.270133,7.638401,8.546656,-3.801802,-5.823956,-6.476169,15350.303,9.2332,4.345535,7.750168,8.778269,-3.921359,-5.998742,-6.641723,79271.68,5.406213,20.041431,30.470911,32.18804,-14.397174,-17.63645,-21.956146,87285.32,5.401129,21.896614,32.31848,34.386536,-16.206924,-19.613825,-23.52506,12579.443,7.110547,3.250213,5.45178,6.161321,-2.798625,-3.885225,-4.416897,9428.231,7.73981,2.405266,3.914659,4.434609,-2.190417,-3.052221,-3.494975,3931.4067,4.314959,1.196554,2.6471,3.59637,-1.018383,-1.678003,-2.183133,4343.894,4.424058,1.329742,2.969676,3.749047,-1.104122,-1.814063,-2.16543,15198.315,9.832547,4.377406,8.535924,9.875342,-3.956864,-6.291156,-6.920829,13078.411,9.750209,3.860692,7.777782,9.098227,-3.380265,-5.395299,-5.853778
0.0,125.0,109740.52,8.107089,27.004416,39.86876,41.920403,-20.49934,-24.792833,-30.869871,92943.46,6.555724,23.757818,36.068104,38.343834,-16.581106,-20.079866,-25.652647,14968.26,8.127048,3.516739,5.586905,6.291781,-3.341198,-4.65594,-5.123469,13845.399,7.767462,3.285042,5.45833,6.048443,-3.110722,-4.367781,-4.806004,3970.273,5.441004,1.063691,2.186352,2.831907,-1.025605,-1.643641,-1.994803,4509.0635,5.581553,1.252128,2.628873,3.324047,-1.181027,-1.932882,-2.286011,17722.889,10.663274,4.8372,8.604723,9.75646,-4.579406,-7.181216,-7.831489,17943.617,10.558288,4.9504,8.73258,10.105674,-4.730457,-7.465655,-7.984838,89958.35,6.019027,22.435621,33.735683,35.375782,-16.434792,-19.93655,-24.861189,99137.39,6.019944,24.631516,35.98057,38.246593,-18.44971,-22.427029,-27.535833,14644.45,8.079425,3.650087,6.00456,6.872832,-3.370137,-4.74537,-5.252236,11049.739,8.802084,2.71965,4.340638,5.164341,-2.624728,-3.691295,-4.085324,4492.126,4.755483,1.304878,3.153879,4.348208,-1.191057,-2.042459,-2.419248,4970.511,4.883158,1.437477,3.473078,4.451173,-1.274284,-2.117487,-2.662165,17746.582,11.244191,5.019876,9.447849,10.87787,-4.769666,-7.80708,-9.150657,15273.505,11.111049,4.37829,8.662799,10.041132,-4.039791,-6.569348,-7.181251
0.0,150.0,122336.484,9.193446,30.006657,44.192673,46.12548,-22.60018,-27.23597,-33.669224,102676.97,7.119224,26.114176,39.700413,41.794174,-18.274614,-22.141165,-27.131704,16802.52,8.865257,3.917936,6.098285,6.943418,-3.934945,-5.610847,-6.046331,15509.393,8.521678,3.655673,6.081423,6.856906,-3.649807,-5.359716,-7.569053,4384.002,5.822402,1.161378,2.378044,3.029955,-1.182927,-1.966287,-2.375665,4973.056,5.992176,1.364253,2.940953,3.769538,-1.366385,-2.326712,-2.801605,19872.215,11.730996,5.400374,9.416243,10.946888,-5.359193,-8.646744,-10.004922,20116.455,11.651828,5.521651,9.660476,11.244514,-5.563079,-9.06323,-9.794265,99601.02,6.566073,24.777643,37.17862,39.180458,-18.15351,-22.05317,-28.401522,110921.414,6.857251,27.649225,40.316017,43.030594,-20.377357,-24.694088,-30.217358,16419.123,8.866013,4.055159,6.70815,7.501478,-3.957013,-5.712824,-8.67228,12366.128,9.481664,3.039549,4.7689,5.499564,-3.069783,-4.515184,-4.812144,4968.955,5.111991,1.412092,3.505699,4.520024,-1.379954,-2.471552,-2.967364,5460.3496,5.194446,1.550363,3.821486,4.819463,-1.462962,-2.538452,-2.922421,20004.656,12.503007,5.600612,10.373938,12.021021,-5.644581,-9.494184,-10.156737,17144.756,12.151945,4.885522,9.487607,11.234346,-4.738,-7.855561,-8.508828
0.0,175.0,132819.7,9.853445,31.988306,46.38986,49.28597,-24.494589,-29.459263,-40.494465,110769.516,7.568055,27.83644,42.106613,44.27257,-19.706697,-23.813318,-30.963264,18974.283,10.069457,4.248139,6.41001,7.133991,-4.530127,-6.474601,-7.19007,17413.322,9.660948,3.937659,6.501067,7.423594,-4.171649,-6.030819,-6.564196,4852.071,6.468682,1.238393,2.506172,3.162713,-1.322665,-2.210797,-2.644773,5490.464,6.673682,1.448367,3.136125,3.961858,-1.524899,-2.612208,-3.046527,22392.494,13.273355,5.889349,9.844276,11.41621,-6.133245,-9.897396,-10.514396,22629.152,13.303194,6.007906,10.155743,11.84349,-6.365894,-10.500843,-11.226155,108274.17,6.999529,26.437605,39.263836,41.03904,-19.704405,-23.997545,-29.598906,120768.85,7.340148,29.58253,42.461708,44.852116,-22.095505,-26.819464,-37.80403,18272.629,9.99157,4.347353,7.168454,8.099709,-4.477778,-6.518369,-7.122956,13787.347,10.661205,3.285474,5.024968,5.898178,-3.473389,-4.979536,-5.562388,5466.5547,5.622886,1.49391,3.760797,4.992857,-1.53277,-2.774152,-3.266326,5994.151,5.678324,1.630863,4.035413,5.219939,-1.615469,-2.783704,-3.427491,22329.324,14.207851,6.094097,10.785301,12.660274,-6.444764,-11.068941,-11.834323,19124.475,13.692993,5.297815,9.874255,11.775382,-5.379568,-9.079945,-9.773924
0.0,200.0,142789.9,10.645231,33.85374,49.464092,51.60479,-25.927153,-31.066881,-41.588135,118052.09,8.033086,29.412264,45.61343,47.95744,-20.89793,-25.783092,-33.723675,21298.848,10.812085,4.744374,7.108911,7.927914,-5.474105,-8.149127,-8.78249,19670.248,10.434297,4.399687,7.266438,8.399177,-5.02232,-7.396085,-7.975155,5330.411,6.842284,1.351364,2.725334,3.579428,-1.559561,-2.586728,-2.898618,6063.118,7.073229,1.586668,3.440285,4.551249,-1.787935,-2.962618,-3.385097,25104.293,14.28322,6.58618,10.812614,12.784096,-7.366911,-11.791007,-12.546455,25498.893,14.335853,6.742949,11.218155,13.285737,-7.641724,-12.364416,-13.090989,115696.84,7.407641,27.917276,41.873974,43.873924,-20.84231,-25.272718,-32.257744,129988.05,7.849757,31.399626,44.977867,47.53827,-23.217562,-27.496199,-36.85541,20594.87,10.799452,4.84199,8.003428,9.287551,-5.406482,-8.103553,-8.824967,15371.004,11.420288,3.647146,5.630229,6.597657,-4.146747,-6.125129,-6.732942,6029.315,5.93265,1.62047,4.144283,5.69169,-1.802635,-3.133603,-3.494099,6536.285,5.949684,1.754333,4.375598,5.748316,-1.916593,-3.266366,-3.705179,25277.998,15.410581,6.867026,11.677978,13.839589,-7.640652,-12.782672,-13.851846,21396.361,14.702644,5.91919,10.626145,12.690318,-6.348842,-10.539981,-11.407486
0.0,225.0,151863.42,10.827703,35.37686,54.103725,56.23365,-27.61451,-32.96612,-46.888817,125475.94,8.439032,30.692331,48.843388,51.231594,-22.087711,-26.783953,-37.86024,23296.02,12.019657,4.956926,7.601322,8.660957,-5.945999,-8.704149,-13.92434,21396.408,11.348203,4.583944,7.578838,8.87178,-5.442356,-8.00291,-8.909242,5735.1504,7.37928,1.401344,2.86365,3.707231,-1.660671,-2.99151,-3.575692,6491.4873,7.55788,1.62649,3.55485,4.565815,-1.900531,-3.285104,-3.800193,27379.807,15.768683,6.913528,11.329874,13.510112,-7.973569,-13.066357,-13.853784,27718.162,15.62708,7.041095,11.58714,13.757551,-8.255575,-13.72205,-18.267347,123029.336,7.750131,29.074162,44.57356,46.534584,-22.120802,-26.831722,-34.319054,137882.95,7.946795,32.484512,47.710255,50.002106,-24.788544,-29.497843,-40.138588,22375.469,11.740351,5.025729,8.290825,9.476925,-5.82364,-8.645566,-14.934819,16728.17,12.587134,3.807007,6.017165,7.101141,-4.463539,-6.570455,-7.03942,6459.2017,6.308369,1.657016,4.293158,5.732381,-1.905334,-3.450174,-3.935123,7006.6143,6.388255,1.807579,4.603492,6.069331,-2.013446,-3.614257,-4.48911,27541.527,16.761564,7.24538,11.92146,14.092199,-8.409338,-14.394241,-15.362663,23315.99,16.202482,6.218874,10.969097,13.062617,-6.971207,-11.837327,-13.025748
0.0,250.0,161570.08,11.566188,37.617374,57.42557,60.098812,-29.1375,-35.162605,-57.83005,132808.69,8.85842,32.584656,52.36377,55.277878,-23.259867,-28.054955,-40.004723,25123.646,12.904342,5.451208,7.914842,9.036222,-6.545763,-9.562549,-10.212945,23041.803,12.224951,5.014414,7.974151,9.242721,-5.99894,-8.865211,-9.457687,6107.239,7.758262,1.514812,2.964822,3.771773,-1.795933,-3.086221,-3.567204,6915.269,7.959727,1.757145,3.699912,4.707011,-2.064104,-3.614649,-4.165594,29419.514,16.89046,7.59585,11.770704,14.132121,-8.74132,-14.49755,-15.655113,29813.385,16.830763,7.703688,12.061974,14.548907,-9.087877,-15.303874,-16.532854,130009.125,8.151879,30.860699,47.59522,50.059082,-23.17961,-27.902536,-37.77153,146089.52,8.452052,34.602425,50.834072,53.179237,-26.019424,-30.972326,-39.711964,24311.635,12.700406,5.524505,8.699052,10.09659,-6.458463,-9.631612,-10.395707,18160.275,13.505206,4.194924,6.261978,7.471395,-4.915183,-7.220499,-7.698799,6914.665,6.685553,1.802357,4.477998,6.26327,-2.072331,-3.834597,-4.500606,7470.1934,6.709144,1.956564,4.791066,6.437839,-2.175018,-3.938601,-4.537496,29950.514,18.124777,7.995003,12.43907,14.602136,-9.428158,-16.494928,-17.486418,25268.365,17.36448,6.849488,11.405017,13.51217,-7.764854,-13.410415,-14.369672
0.0,275.0,168314.97,12.075648,38.74767,63.155514,67.23877,-29.871769,-35.376244,-52.593445,138538.53,9.202604,33.63302,56.800858,59.34446,-24.080517,-28.71414,-41.944195,27738.445,13.794349,5.53633,8.519221,9.814073,-7.363703,-10.727331,-11.630377,25302.135,13.024259,5.105432,8.421454,9.899205,-6.760238,-10.048275,-10.658621,6617.1777,8.149222,1.527119,3.126492,4.132645,-1.982186,-3.328293,-3.773648,7475.029,8.349567,1.767023,3.878778,5.036813,-2.290016,-3.976424,-4.515277,32308.895,18.01448,7.697527,12.393936,14.992771,-9.746534,-15.741659,-16.936352,32708.553,17.922207,7.827454,12.767176,15.583947,-10.166147,-16.86605,-18.018602,135943.62,8.504423,31.622238,51.687847,54.92037,-24.018038,-28.718098,-39.85085,152610.69,8.85287,35.40853,55.613647,58.55325,-26.737131,-31.643106,-52.06363,26601.994,13.434246,5.621474,9.231749,10.618744,-7.266747,-10.924483,-11.749771,19903.328,14.285876,4.264789,6.774628,7.9977,-5.483134,-8.025271,-8.541254,7459.084,7.006503,1.812007,4.657362,6.332456,-2.299755,-4.198749,-4.849315,8065.51,7.04083,1.968004,4.954703,6.591396,-2.393994,-4.180014,-4.729561,32842.312,19.287626,8.199596,12.887403,15.273482,-10.594191,-18.94701,-20.272406,27679.873,18.475452,7.017164,11.757475,13.899132,-8.668073,-15.236682,-16.701672
0.0,10.0,20443.324,2.394794,2.079165,2.374346,3.693807,-3.084532,-3.777213,-7.136308,19389.59,2.171069,1.9527,2.249946,3.814905,-2.82796,-3.47699,-5.211361,3023.1023,2.89657,0.273817,0.336753,0.815476,-0.455989,-0.628469,-1.20534,2841.1433,2.83742,0.252221,0.311843,0.755347,-0.434382,-0.584064,-0.99089,837.6495,2.031649,0.088124,0.155845,0.586215,-0.165722,-0.262491,-0.67025,971.3173,2.103386,0.10479,0.175296,0.643877,-0.188848,-0.304143,-0.709937,3581.5308,3.733729,0.342163,0.479492,0.940851,-0.627565,-0.885337,-1.311465,3595.293,3.699532,0.338886,0.478199,0.96871,-0.640374,-0.906333,-1.359401,17118.744,1.952198,1.753688,2.057995,5.410743,-2.587763,-3.268058,-5.172815,18097.225,1.956595,1.865583,2.152452,4.006933,-2.811232,-3.456153,-5.434982,3139.5205,3.003349,0.283447,0.382677,0.840727,-0.490125,-0.662075,-1.087782,2285.4968,3.092457,0.212572,0.371595,1.46251,-0.377835,-0.520085,-0.95549,1049.4368,1.96027,0.117543,0.194171,0.821721,-0.21605,-0.366124,-0.791577,1201.1132,2.030082,0.13444,0.245504,0.919089,-0.243342,-0.431036,-0.950892,3584.6433,3.962912,0.335736,0.493571,0.905345,-0.64364,-0.951014,-1.460364,3233.9944,4.034664,0.309833,0.443652,1.433274,-0.585274,-0.850983,-1.264939
0.0,20.0,33791.465,3.185441,6.539931,8.005829,9.149812,-5.732123,-7.041171,-9.150999,31245.203,2.832884,6.209308,7.656975,8.633116,-5.045175,-6.13167,-8.077851,4770.1753,3.686281,0.923557,1.398951,1.698538,-0.824827,-1.088621,-1.513699,4483.74,3.584222,0.868391,1.319731,1.662209,-0.783354,-1.049681,-1.375893,1330.4825,2.55276,0.302268,0.539068,0.877512,-0.285819,-0.436474,-0.715262,1522.9045,2.617805,0.35638,0.635532,1.021597,-0.33244,-0.515843,-0.799992,5613.785,4.674816,1.23216,2.033739,2.376061,-1.136187,-1.615002,-2.075123,5627.1245,4.599707,1.239028,2.054389,2.436216,-1.159424,-1.681227,-2.1215,28313.209,2.553986,5.618825,6.903504,8.109077,-4.685533,-5.687209,-8.065659,30156.684,2.538746,5.877439,7.279893,8.935022,-5.191204,-6.30997,-9.180303,4925.5664,3.774846,0.992946,1.515328,1.810665,-0.880224,-1.169908,-1.53577,3646.06,3.982382,0.723121,1.139321,1.374323,-0.68484,-0.929777,-1.337874,1603.7423,2.386226,0.406414,0.742458,1.084555,-0.357586,-0.596659,-0.914528,1829.1936,2.484029,0.456921,0.813099,1.23213,-0.39305,-0.601356,-1.021396,5657.848,4.892573,1.24761,2.154658,2.534235,-1.179362,-1.753882,-2.29699,5062.2104,4.991569,1.140442,1.977951,2.32291,-1.055056,-1.560292,-2.124481
0.0,30.0,45011.168,3.942991,9.833209,12.745621,13.674748,-7.96322,-9.76968,-11.758704,40789.902,3.428921,9.248088,12.077409,13.288497,-6.814204,-8.308414,-10.427887,6540.86,4.369447,1.421681,2.260053,2.658788,-1.169425,-1.576656,-2.133672,6181.627,4.254178,1.337711,2.16051,2.532151,-1.116808,-1.487405,-1.922044,1793.2299,2.96794,0.463282,0.867443,1.343411,-0.393211,-0.60794,-0.913029,2056.0303,3.046536,0.541814,1.045541,1.402016,-0.456577,-0.702759,-2.269124,7698.542,5.570537,1.907872,3.396998,4.073073,-1.621021,-2.317128,-2.820376,7787.0015,5.534865,1.923613,3.422232,3.915546,-1.659271,-2.403965,-2.87949,37454.766,3.077893,8.453242,11.001709,12.225129,-6.408427,-7.939234,-10.037792,40467.46,3.079309,8.885116,11.484344,12.611033,-7.172417,-8.776635,-11.350613,6751.2393,4.474912,1.526324,2.466799,2.779912,-1.252295,-1.664174,-2.060466,4969.2314,4.707285,1.118964,1.823051,2.177541,-0.970724,-1.324064,-1.743318,2136.4668,2.739113,0.607452,1.226669,2.227965,-0.484728,-0.755837,-1.813153,2400.3635,2.830707,0.680404,1.378041,1.949379,-0.529323,-0.832064,-1.122609,7815.0146,5.862727,1.943358,3.626995,4.164912,-1.69956,-2.522667,-2.934275,6884.2593,5.902702,1.761749,3.332251,3.823595,-1.500347,-2.219349,-2.518402
0.0,40.0,55632.31,4.95488,11.347662,14.260968,15.487014,-9.900146,-12.163948,-14.639578,49648.996,4.118076,10.630019,13.62371,14.661721,-8.383213,-10.178254,-13.175817,8303.233,5.28756,1.684296,2.554805,2.867852,-1.538024,-2.069163,-2.522296,7842.3193,5.174929,1.568771,2.447796,2.896921,-1.457554,-1.966011,-2.531495,2223.9429,3.351815,0.5189,1.026999,1.232284,-0.502485,-0.775566,-1.230534,2547.602,3.466934,0.608996,1.205965,1.500948,-0.580481,-0.897769,-1.334509,9803.865,6.992865,2.20747,3.913318,4.49783,-2.124441,-3.193412,-3.860025,9890.05,6.900391,2.225266,3.953468,4.464661,-2.1657,-3.217247,-3.788333,46061.348,3.670637,9.784408,12.465841,13.638719,-7.950955,-9.737776,-11.605662,50239.016,3.747013,10.401677,13.043541,14.255471,-8.918396,-10.948213,-13.587938,8531.853,5.436925,1.787606,2.797938,3.193838,-1.625198,-2.187545,-2.939904,6295.175,5.736403,1.317986,2.069646,2.429941,-1.268698,-1.717998,-2.741922,2616.9795,3.071934,0.675731,1.408209,1.824337,-0.607694,-0.970586,-1.672852,2946.4602,3.194088,0.756222,1.559006,2.141685,-0.665805,-1.042455,-1.408428,9965.253,7.440194,2.241954,4.171404,4.765478,-2.226855,-3.386053,-4.234714,8724.929,7.48389,2.005463,3.812939,4.292252,-1.953246,-2.962795,-3.407470
0.0,50.0,63178.727,5.274266,15.209124,21.01847,22.393475,-11.516816,-14.148819,-17.446232,56118.56,4.429745,14.060631,19.816471,21.009148,-9.682938,-11.909838,-14.9041,9228.718,5.406693,2.264679,3.695519,4.400777,-1.820259,-2.461753,-3.199082,8640.566,5.228283,2.135466,3.544749,4.11974,-1.722502,-2.347256,-2.903699,2481.996,3.556027,0.724666,1.411443,1.835317,-0.598848,-0.928472,-1.423417,2825.7925,3.655097,0.847545,1.672008,2.178031,-0.685186,-1.108747,-1.538066,10908.78,7.016603,3.061647,5.57436,6.239356,-2.509616,-3.741688,-4.299525,10980.098,6.913914,3.112837,5.633937,6.322586,-2.580295,-3.894454,-4.458692,52537.098,4.008498,13.075188,18.276592,19.68499,-9.232916,-11.243084,-14.898078,57012.07,4.005998,13.883164,19.042625,20.405922,-10.372803,-12.707557,-16.42957,9392.447,5.477745,2.426035,4.022445,4.581147,-1.915286,-2.598549,-3.131721,7015.799,5.882701,1.788511,2.963006,3.384091,-1.494761,-2.032475,-2.377686,2891.886,3.23787,0.925228,1.98575,2.461421,-0.71358,-1.170681,-1.476022,3244.92,3.35051,1.030039,2.215319,2.72082,-0.774987,-1.308118,-1.669956,11065.605,7.344895,3.166593,6.050538,6.823106,-2.639322,-4.096677,-4.82239,9699.801,7.396593,2.824085,5.557516,6.325172,-2.299508,-3.609479,-4.050586
0.0,75.0,81660.79,6.537357,19.966557,29.03124,30.572796,-15.114632,-18.373762,-22.999765,70820.81,5.299637,18.147455,26.972378,28.880001,-12.451839,-15.140651,-18.93412,11684.33,6.665315,2.880094,4.805693,5.306634,-2.425291,-3.351163,-4.073176,10964.385,6.45532,2.716973,4.666912,5.26797,-2.279913,-3.137306,-3.619906,3121.4995,4.289445,0.906273,1.806621,2.300736,-0.770617,-1.215458,-1.497357,3556.7102,4.414589,1.064765,2.171588,2.656842,-0.885002,-1.401411,-1.665292,13829.917,8.665141,3.926507,7.195989,8.053896,-3.344479,-5.083815,-5.628069,14003.665,8.616456,3.999281,7.295948,8.166003,-3.426258,-5.285965,-5.893221,67150.266,4.829925,17.010914,25.07224,26.885227,-12.028844,-14.613835,-20.837189,73798.02,4.913225,18.321266,26.355707,27.521389,-13.563459,-16.546228,-21.426659,11853.913,6.740946,3.080466,5.246787,5.854066,-2.518208,-3.456949,-3.908138,8830.755,7.208306,2.272381,3.822932,4.22189,-1.968254,-2.742932,-3.196705,3616.4717,3.849742,1.154449,2.574775,3.222863,-0.920388,-1.497469,-1.850829,4003.068,3.940931,1.272278,2.837209,3.48923,-0.989702,-1.593277,-2.012359,14128.818,9.188651,4.072869,7.878606,8.828639,-3.527376,-5.567693,-6.192183,12229.39,9.069341,3.609675,7.210779,8.198887,-3.041711,-4.789108,-5.249317
0.0,100.0,97856.45,7.59977,23.898146,35.09971,36.59416,-18.16425,-22.030546,-27.517708,83659.336,6.080138,21.499987,32.511517,34.34636,-14.800712,-18.014044,-22.465887,13733.752,7.688938,3.334437,5.246727,5.744847,-2.982458,-4.118908,-4.640324,12848.338,7.424169,3.141789,5.120559,5.622019,-2.783704,-3.867023,-4.315937,3611.1848,4.84258,1.024037,2.021092,2.682575,-0.919074,-1.493215,-1.875763,4125.6094,5.028179,1.20593,2.466232,3.130814,-1.060006,-1.712716,-2.03236,16248.222,10.045237,4.56203,7.995077,8.989996,-4.090446,-6.333653,-6.865482,16488.094,10.04617,4.670481,8.19001,9.245535,-4.208907,-6.575075,-7.341582,80028.74,5.56413,20.217314,30.235592,31.76744,-14.42063,-17.763243,-20.783438,88502.414,5.703407,22.04935,32.0843,33.715122,-16.282972,-19.864239,-23.669233,13858.351,7.776921,3.552424,5.72865,6.242802,-3.063895,-4.237124,-4.851486,10320.159,8.279304,2.624275,4.099112,4.580073,-2.39077,-3.337662,-3.904906,4180.841,4.341185,1.286828,2.978476,3.898015,-1.07839,-1.835438,-2.479006,4589.45,4.415413,1.410258,3.170284,4.058266,-1.159673,-1.918685,-2.48921,16646.113,10.695349,4.771188,9.064538,10.376114,-4.325086,-7.044223,-7.790305,14318.012,10.474455,4.200129,8.316836,9.694426,-3.684988,-5.951758,-6.582119
0.0,125.0,111080.375,8.361269,27.673864,41.865055,43.957287,-20.675894,-25.088293,-30.886766,94132.65,6.638943,24.582682,38.31625,40.24239,-16.722406,-20.177538,-25.90185,15735.092,8.724981,3.838796,6.141383,7.018248,-3.558402,-4.963502,-5.527225,14642.278,8.354727,3.603882,5.942658,6.625062,-3.308993,-4.663888,-5.328658,4086.4707,5.411333,1.164608,2.337589,2.964026,-1.071965,-1.736721,-2.231428,4649.6133,5.568024,1.362774,2.789801,3.40922,-1.231412,-2.055232,-2.512225,18580.477,11.422336,5.286005,9.255927,10.644392,-4.86281,-7.620267,-8.448396,18869.379,11.368185,5.390005,9.34094,10.547426,-5.023249,-8.055189,-8.695138,90477.98,6.086007,23.21397,35.85581,37.8613,-16.400517,-19.871576,-24.98591,100355.17,6.238895,25.538256,38.27655,40.595345,-18.53886,-22.54172,-27.997284,15757.782,8.71735,4.076233,6.648959,7.462179,-3.6338,-5.123291,-5.562658,11760.913,9.320433,3.024989,4.90606,5.519363,-2.824239,-3.973276,-4.477281,4710.4,4.78933,1.456975,3.316038,4.182258,-1.259333,-2.185687,-2.686574,5150.1196,4.87062,1.597271,3.650926,4.801193,-1.342056,-2.237995,-2.735599,19120.28,12.146553,5.527435,10.355442,11.907351,-5.179225,-8.543149,-9.288839,16364.517,11.895468,4.845916,9.549933,11.099536,-4.366099,-7.102351,-7.678791
0.0,150.0,122961.55,9.055005,30.24511,44.860386,47.289932,-22.859062,-27.590227,-35.38059,103862.94,7.190765,26.629398,40.805492,42.990643,-18.498312,-22.431711,-29.581667,17765.947,9.973255,4.144512,6.242148,8.239973,-4.140899,-5.856324,-6.461069,16348.956,9.411912,3.871378,6.12445,6.901883,-3.828525,-5.509715,-6.029564,4533.5146,6.01893,1.228324,2.509624,3.291015,-1.21689,-1.978259,-2.393429,5118.162,6.154128,1.434825,3.006759,3.884278,-1.396965,-2.362876,-2.842418,20856.27,13.012835,5.717927,9.634882,11.056874,-5.610937,-8.96251,-10.18352,21046.736,12.853784,5.81658,9.773515,11.149585,-5.801682,-9.422368,-10.252613,100103.07,6.601655,25.195492,38.1421,39.98031,-18.187428,-22.090174,-27.065395,111076.49,6.738074,27.901148,41.155468,43.086525,-20.4994,-24.714157,-32.49261,17534.352,9.805327,4.364746,6.763873,7.542733,-4.187577,-6.001432,-9.386321,13210.305,10.596929,3.26198,4.897773,5.749597,-3.246887,-4.628069,-5.171754,5178.4507,5.2508,1.520413,3.656966,4.709138,-1.425683,-2.531879,-2.961229,5689.1206,5.382074,1.658623,3.991172,5.209661,-1.50638,-2.545081,-3.033103,21335.896,13.697018,6.026086,10.852314,12.949706,-5.991579,-10.114721,-11.079205,18311.854,13.444671,5.252808,10.056811,11.749914,-5.028192,-8.511002,-9.069165
0.0,175.0,134335.66,9.930837,32.028683,45.997517,47.6897,-24.786661,-29.957323,-39.355515,112102.34,7.607817,28.073013,42.140285,44.31312,-20.023628,-24.178127,-34.103783,19751.664,11.005703,4.402535,6.559761,7.417903,-4.731569,-6.784126,-7.600535,18163.44,10.451444,4.086995,6.668656,7.629116,-4.358543,-6.285146,-7.445537,4967.381,6.559937,1.267633,2.610155,3.472034,-1.356851,-2.211512,-2.73967,5606.9087,6.705015,1.479225,3.230435,4.154417,-1.553887,-2.595714,-3.704643,23153.432,14.384325,6.06834,10.038688,11.725667,-6.380879,-10.146609,-11.025642,23399.047,14.296787,6.185835,10.26007,12.06187,-6.59166,-10.669612,-11.430614,108610.555,7.029277,26.420362,38.89185,40.69137,-19.712385,-24.671408,-31.624954,121263.12,7.372064,29.569143,42.0054,43.89709,-22.166164,-26.775677,-43.46645,19447.885,10.882174,4.588982,7.381453,8.271979,-4.76203,-6.906937,-7.341019,14593.681,11.619788,3.443444,5.220317,6.062414,-3.678626,-5.29943,-5.804188,5675.73,5.712815,1.550351,3.944736,5.306174,-1.584908,-2.703684,-3.260767,6192.3486,5.796536,1.680148,4.203468,5.556211,-1.675583,-2.781396,-3.263279,23748.52,15.293061,6.434217,11.033093,12.956703,-6.798222,-11.377273,-12.188136,20278.123,14.80505,5.573616,10.218323,12.011353,-5.678647,-9.34633,-10.030894
0.0,200.0,144813.52,10.651616,34.43545,50.02397,51.99648,-26.454306,-32.06153,-44.425323,120200.33,8.101473,30.052395,45.873806,49.747448,-21.261448,-25.721457,-32.503723,21519.479,11.753438,4.775898,7.082183,8.081888,-5.372163,-7.760485,-8.464346,19806.285,11.188352,4.424064,7.182184,8.150499,-4.929652,-7.285348,-8.032242,5324.9526,6.906495,1.356428,2.773277,3.645365,-1.50861,-2.622824,-2.814881,6030.3413,7.11752,1.575318,3.440545,4.330891,-1.736542,-2.84576,-3.491954,25217.156,15.370371,6.609525,10.728306,12.777984,-7.187087,-11.43516,-12.534756,25532.77,15.303948,6.74476,10.998454,13.246788,-7.444658,-11.970976,-12.797928,116420.51,7.477046,28.33945,42.147587,44.039463,-20.957903,-25.29191,-33.31928,130653.72,7.856613,31.784967,45.395752,47.53789,-23.578882,-28.503063,-38.22181,21169.44,11.622041,4.957243,7.936164,9.226561,-5.383909,-7.970904,-8.822799,15809.237,12.335559,3.728696,5.645441,6.575968,-4.125868,-6.002629,-6.70881,6100.759,6.029019,1.644107,4.242111,5.586091,-1.760733,-3.006068,-3.53785,6603.9414,6.076967,1.784271,4.489272,5.958164,-1.858448,-3.127395,-3.75347,26006.686,16.462307,7.029207,11.750245,13.700863,-7.667368,-12.78201,-13.722094,22047.965,15.787514,6.072797,10.848645,12.824906,-6.35981,-10.545825,-11.450507
0.0,225.0,154303.64,11.055309,36.02659,54.786095,57.10979,-28.273884,-34.406513,-44.09615,127603.58,8.471285,31.41294,50.09426,53.002605,-22.521011,-27.262653,-42.117245,23346.523,12.839364,4.964027,7.465253,8.553694,-5.814086,-8.392036,-9.079863,21381.363,12.087184,4.586663,7.511041,9.941584,-5.330026,-7.800565,-8.380818,5691.599,7.420483,1.395526,2.84114,3.736082,-1.602142,-2.701174,-3.168852,6425.118,7.586187,1.620069,3.523301,4.527213,-1.8382,-3.179275,-3.706517,27269.965,16.743587,6.890975,11.078397,13.166125,-7.773357,-12.687645,-13.717366,27597.512,16.596762,7.014403,11.439397,13.497552,-8.05409,-13.395071,-14.594673,124035.54,7.845609,29.554617,45.31694,47.777866,-22.307186,-27.208544,-37.28506,139152.83,8.187422,33.136044,48.532974,50.721607,-25.253807,-30.709833,-44.465668,22790.488,12.531461,5.123659,8.481061,9.446033,-5.789365,-8.505706,-9.493756,17037.936,13.368134,3.864679,5.955096,7.017081,-4.42071,-6.748695,-6.85747,6505.2075,6.435667,1.676283,4.314051,5.742465,-1.86555,-3.390095,-3.943133,7028.279,6.480125,1.822475,4.590661,6.066387,-1.953883,-3.421991,-3.940056,28082.615,17.80074,7.364273,11.867722,13.865376,-8.43389,-14.711935,-15.718348,23783.535,17.15615,6.33024,10.967984,13.109585,-6.975386,-11.974797,-12.954366
0.0,250.0,162940.17,11.613052,37.761288,58.982006,61.841385,-29.67851,-35.407845,-52.29752,134114.44,8.841532,32.815163,53.602795,56.248314,-23.572409,-28.419098,-39.831917,25380.75,13.657728,5.234982,7.912517,9.287504,-6.485618,-9.423932,-10.045044,23223.842,12.890912,4.815035,7.909114,9.171913,-5.937518,-8.72671,-9.386184,6078.676,7.80527,1.439151,2.967152,3.852319,-1.753724,-3.394571,-3.551357,6869.2466,8.003427,1.668759,3.68582,4.725502,-2.010322,-3.489646,-3.929291,29569.984,17.782026,7.225288,11.605516,13.902462,-8.632684,-14.128946,-15.176697,29934.18,17.68933,7.347384,11.915299,14.324356,-8.955347,-14.984411,-16.168407,130640.18,8.177402,30.783056,48.28323,50.379967,-23.38273,-28.242146,-64.935326,147092.61,8.578817,34.630768,51.906204,54.12811,-26.41945,-31.663778,-44.202686,24682.473,13.352816,5.356372,8.717074,10.021644,-6.431888,-9.676609,-10.089837,18409.592,14.152218,4.047191,6.31925,7.675269,-4.884204,-7.121907,-10.60169,6937.307,6.742817,1.733784,4.513656,6.011603,-2.034457,-3.709508,-4.162822,7470.4062,6.773513,1.87105,4.787402,6.225236,-2.130729,-3.78315,-4.367933,30479.115,19.068878,7.725785,12.267278,14.632708,-9.386022,-16.364695,-17.507656,25723.996,18.18857,6.630316,11.293738,13.371098,-7.732389,-13.291257,-14.365430
0.0,275.0,171343.1,12.271075,38.887817,63.73563,67.29114,-30.665419,-36.740227,-53.69699,140613.05,9.258342,33.813572,57.490788,60.678055,-24.438807,-29.383682,-42.852734,27362.22,14.280687,5.567762,8.382565,9.666635,-7.168836,-10.416614,-11.317534,24920.607,13.431157,5.13322,8.288034,9.626606,-6.563941,-9.739061,-10.377084,6466.0903,8.159966,1.514566,3.081416,4.09434,-1.898805,-3.288118,-3.82665,7300.4346,8.380964,1.749549,3.820661,5.107313,-2.19037,-3.833535,-4.606387,31785.271,18.552757,7.694934,12.122018,14.766519,-9.462412,-15.46722,-16.39775,32188.625,18.507076,7.827806,12.496154,15.293141,-9.875291,-16.41201,-17.483566,137365.62,8.605025,31.729153,52.12167,57.743374,-24.256618,-29.019642,-37.007256,154634.92,9.005049,35.566696,56.215015,58.550953,-27.30799,-32.6223,-42.62641,26415.725,13.890844,5.682757,9.115744,10.453495,-7.090764,-10.560385,-11.461138,19738.166,14.720669,4.288105,6.693602,8.0345,-5.345339,-7.777229,-8.483217,7367.592,7.043721,1.807896,4.628206,6.195903,-2.213564,-4.077387,-4.635057,7924.663,7.065158,1.949868,4.891137,6.587501,-2.295656,-4.101617,-4.601234,32754.37,19.912308,8.299834,12.589756,15.02551,-10.396438,-18.394934,-19.993826,27599.734,19.021004,7.080149,11.518957,13.845268,-8.512906,-14.829263,-15.789195
1.0,10.0,3115.2188,1.144049,0.725879,0.892731,2.28928,-0.653573,-0.880368,-2.250219,3141.836,1.143472,0.684645,0.869567,2.017089,-0.578139,-0.798202,-2.011773,4323.202,3.383513,0.662719,0.793653,1.543981,-0.695214,-1.048555,-1.743617,4045.1616,3.312601,0.615651,0.742646,1.095635,-0.658878,-0.943849,-1.323416,646.8947,1.604309,0.12503,0.1714,0.60186,-0.144453,-0.25199,-0.556112,745.5759,1.666915,0.144667,0.219477,0.69114,-0.165647,-0.274366,-0.728208,4243.155,4.145931,0.723003,0.866866,1.277334,-0.811959,-1.202318,-1.789073,4272.6226,4.219215,0.72387,0.886142,1.307875,-0.833298,-1.238859,-1.5847,3013.9883,1.160441,0.630052,0.80486,2.152615,-0.555696,-0.874482,-2.013496,2685.8652,1.139928,0.609525,0.799842,2.219862,-0.513347,-0.753031,-1.906647,4387.9717,3.388352,0.671741,0.811243,1.161583,-0.712047,-0.987976,-1.481848,2825.1401,3.367511,0.454819,0.572504,1.378579,-0.498622,-0.713742,-0.968787,728.5904,1.644178,0.144673,0.209313,1.560374,-0.164896,-0.279549,-0.683613,908.8643,1.731024,0.178005,0.246167,0.923906,-0.19755,-0.316453,-0.831943,4717.8945,4.688191,0.789802,0.979917,1.412198,-0.91387,-1.388484,-1.784168,3968.7595,4.512079,0.677803,0.829486,1.195833,-0.764849,-1.163802,-1.468700
1.0,50.0,9056.404,1.428937,2.588769,3.392774,4.306132,-1.865373,-2.373295,-3.354903,8520.174,1.388514,2.335484,3.063151,4.058828,-1.711644,-2.170848,-3.242873,13104.097,7.277147,3.176058,4.369131,4.749466,-2.917124,-4.170908,-4.731144,12184.685,7.093771,2.929176,4.065813,4.500087,-2.732807,-3.933304,-4.48882,1990.2982,2.830916,0.560703,0.88361,1.242983,-0.521488,-0.845745,-1.228657,2260.6682,2.97269,0.652377,1.091344,1.443341,-0.610829,-1.048323,-1.292756,12715.352,8.928078,3.509593,5.190291,5.655797,-3.266723,-5.08462,-5.594632,12909.438,9.143526,3.572982,5.450157,6.166122,-3.396415,-5.489348,-6.24261,8627.57,1.460156,2.298012,3.006601,4.181865,-1.731014,-2.212572,-3.386127,7412.715,1.392221,2.056549,2.840912,3.638681,-1.461507,-1.863329,-3.687657,13152.006,7.211431,3.193398,4.400511,4.876678,-2.949629,-4.252248,-4.816926,8541.495,7.265501,2.103707,2.927536,3.328059,-2.002209,-2.850905,-3.432855,2173.2373,2.875196,0.637683,1.128929,1.469001,-0.593501,-1.067354,-1.38708,2640.6902,3.063679,0.753474,1.233114,1.652711,-0.688824,-1.088053,-1.543262,14286.218,10.073236,4.052377,6.12393,6.649247,-3.807336,-6.417218,-7.028767,11744.576,9.472424,3.31041,5.012727,5.56401,-3.04912,-4.741565,-5.263950
1.0,100.0,-518.4101,0.975693,3.553487,4.982443,6.105124,-0.029429,-0.26139,-2.523801,-40.1308,0.998182,3.2848,4.478893,6.269287,-0.030983,-0.330941,-1.431367,185.4209,1.082758,5.965761,9.345064,10.005833,-0.02912,-0.163975,-0.575392,166.7058,1.077721,5.531181,8.839491,9.389405,-0.023195,-0.119072,-0.61439,0.6032,1.000542,0.988494,1.766269,2.145798,-0.009882,-0.098356,-0.506055,3.2514,1.002773,1.180731,2.169775,2.795033,-0.011031,-0.102788,-0.529606,112.4736,1.064808,6.711698,11.073098,11.763556,-0.019469,-0.096104,-0.563595,114.5823,1.066815,7.014609,11.836393,12.810633,-0.019538,-0.123167,-0.48768,-69.8672,0.996332,3.378183,4.620464,5.400408,-0.027634,-0.226353,-1.763622,-446.7304,0.976889,2.828567,3.800454,4.479602,-0.04827,-0.456331,-1.685202,165.5896,1.073316,6.046471,9.443456,9.913065,-0.02225,-0.133681,-0.972217,93.0062,1.063354,3.926317,6.123409,6.522851,-0.017038,-0.122852,-0.622988,1.8327,1.001548,1.154438,2.219856,2.845502,-0.012079,-0.119042,-0.976133,14.8005,1.011301,1.314624,2.399152,3.025287,-0.01151,-0.090792,-0.71949,138.4607,1.080908,8.094369,13.887499,14.825709,-0.022472,-0.136892,-0.372947,114.5632,1.076385,6.370201,10.859625,11.871335,-0.016275,-0.062814,-0.528959
1.0,100.0,11840.934,1.570923,3.078159,4.1672,4.810006,-2.412149,-2.969277,-4.085392,11270.494,1.513499,2.760452,3.860618,6.427276,-2.266611,-2.796435,-3.873928,19936.203,9.988898,5.565531,8.652145,9.19273,-4.840228,-6.946785,-7.541631,18298.31,9.653647,5.137007,8.275946,9.03964,-4.457584,-6.460786,-7.001097,2834.205,3.572164,0.895545,1.73939,2.165162,-0.778953,-1.236122,-1.584968,3216.0088,3.770115,1.054812,2.187685,2.734568,-0.90824,-1.481142,-1.949535,18588.87,11.842405,6.182563,10.71646,11.926585,-5.067001,-7.781595,-8.315705,18874.92,12.194009,6.421936,11.61442,13.376838,-5.245488,-8.33834,-8.976694,11478.748,1.606751,2.846398,3.776805,4.607948,-2.291417,-2.856741,-3.734097,9587.674,1.509129,2.334483,3.110747,3.997602,-1.844414,-2.27731,-3.335823,19900.48,9.9915,5.583998,8.745336,9.387636,-4.873611,-7.078385,-7.860146,12864.085,9.858237,3.677908,5.754964,6.298603,-3.243453,-4.683117,-5.221767,3073.3054,3.61564,1.028086,2.318225,2.767312,-0.881566,-1.506382,-1.826682,3699.1553,3.835671,1.194412,2.423496,3.054797,-1.014298,-1.603026,-2.0045,20798.72,13.367539,7.317229,13.352479,14.496068,-5.841395,-10.102973,-11.141285,17052.17,12.484829,5.866178,10.628155,11.654879,-4.665714,-7.480605,-8.019985
1.0,200.0,13599.617,1.589595,3.995321,6.187752,7.275471,-3.043441,-3.678293,-5.029004,14566.15,1.629697,3.704878,5.482704,6.465528,-3.018466,-3.78223,-5.1677,32590.182,16.591866,8.250844,13.419895,14.344594,-8.58611,-12.533508,-13.335736,29601.576,15.561237,7.609507,13.089466,14.594686,-7.885902,-11.73227,-12.586488,4388.9785,5.031573,1.220946,2.802131,3.472193,-1.286002,-2.078712,-2.608872,4964.3315,5.262633,1.448429,3.476263,4.342143,-1.510576,-2.600402,-3.032917,29235.459,19.065313,8.958003,17.18492,19.384617,-8.443743,-13.268526,-14.129895,29720.28,19.096554,9.377578,18.518286,20.56009,-8.849467,-14.594166,-15.563236,14698.986,1.726958,3.756449,5.139952,6.205616,-3.111608,-3.766797,-5.041569,10741.584,1.509702,3.015473,4.171778,5.292023,-2.469228,-3.09414,-3.836609,33068.684,16.493355,8.415393,13.98964,15.052438,-8.876801,-13.213448,-14.48197,21358.01,16.47338,5.463761,9.052317,9.842958,-5.757556,-8.424376,-9.134358,4741.579,5.018095,1.402588,3.668575,4.5643,-1.471223,-2.634461,-3.22322,5660.0117,5.429705,1.598382,4.038693,5.14548,-1.647795,-2.729928,-3.151851,32809.402,21.066404,10.771406,21.098526,23.27747,-9.961185,-18.195387,-20.04844,26881.504,20.0864,8.608974,16.683361,18.405247,-7.78753,-12.765952,-13.719466
1.0,250.0,17165.783,1.762422,4.380791,7.159065,8.179185,-3.167551,-3.777715,-4.808377,17217.648,1.760757,4.087831,6.420112,7.58248,-3.214533,-3.856067,-5.049094,37430.066,19.3972,9.112958,14.869179,16.016369,-10.255073,-15.079858,-15.936015,34306.84,18.426353,8.395619,14.554087,15.882365,-9.406205,-14.073719,-14.99653,4927.385,5.649754,1.316864,3.02414,3.706614,-1.505924,-2.45758,-2.919713,5640.95,6.025003,1.560436,3.837263,4.861154,-1.757671,-2.976855,-3.325343,32963.812,22.246717,9.803137,18.95939,21.353088,-9.875476,-15.497155,-16.38043,33813.965,22.591915,10.224322,20.754683,23.425247,-10.287791,-16.503502,-17.671,17590.06,1.893035,4.105134,6.127207,7.049317,-3.328737,-4.068746,-5.082682,14504.416,1.716123,3.263875,4.813145,5.835188,-2.622879,-3.19174,-4.260553,38788.176,19.637674,9.421584,16.066994,17.51368,-10.715081,-16.015247,-17.309317,24818.803,19.383846,6.100459,10.227729,11.305623,-6.913548,-10.206009,-10.928642,5392.1265,5.733623,1.504076,4.057941,5.253256,-1.716732,-3.024023,-4.172054,6300.547,6.061838,1.714455,4.357391,5.496947,-1.922515,-3.243008,-3.670429,37458.5,25.069597,11.69392,23.021366,25.766665,-11.596947,-21.050758,-23.044218,30483.574,23.402258,9.463145,17.926813,19.787952,-9.144154,-15.266672,-16.491284
1.0,10.0,2500.0938,1.110661,0.383144,0.561727,2.486117,-0.427099,-0.706899,-1.796507,1924.2637,1.084095,0.309574,0.507773,2.178053,-0.381551,-0.599629,-1.809894,4047.4033,3.087967,0.63437,0.795477,1.276153,-0.698828,-1.004038,-1.87802,3836.9604,3.04464,0.596394,0.756194,1.192493,-0.657696,-0.898648,-1.351515,588.2518,1.567447,0.121279,0.201178,0.709917,-0.132815,-0.217922,-0.565909,675.2083,1.612892,0.137237,0.272323,0.635742,-0.151438,-0.357882,-0.645212,3975.791,3.686281,0.721479,0.989913,1.286762,-0.806735,-1.171793,-1.663731,4042.6475,3.716482,0.730442,0.968402,1.335802,-0.819159,-1.186483,-1.492685,1806.8965,1.090259,0.304899,0.644045,1.557402,-0.370124,-0.565842,-2.729465,1921.8632,1.093443,0.279722,0.409761,2.131094,-0.308059,-0.501223,-1.676356,4282.487,3.148289,0.670545,0.868307,1.22809,-0.734131,-0.987647,-1.691606,2855.817,3.183272,0.484429,0.647783,1.025362,-0.529695,-0.733674,-1.164379,668.9751,1.596999,0.141222,0.210359,0.649839,-0.154056,-0.272589,-0.767149,807.4598,1.659928,0.167679,0.274872,0.691693,-0.180428,-0.295552,-0.785067,4314.279,3.921333,0.75738,0.992601,1.377038,-0.871315,-1.309372,-1.807963,3668.1162,3.822223,0.672781,0.921624,1.427403,-0.750537,-1.104477,-1.612768
1.0,50.0,8762.287,1.376022,1.902307,2.697927,3.636703,-1.564682,-2.041144,-3.37919,7626.1094,1.330901,1.722582,2.387214,3.244164,-1.458565,-1.904819,-3.106388,12543.474,7.737678,3.292077,4.945008,5.383946,-2.724474,-3.832499,-4.57406,11807.206,7.500715,3.04918,4.654619,5.067926,-2.563659,-3.635968,-4.186609,1806.0391,2.746507,0.572368,1.004014,1.565112,-0.463021,-0.748866,-1.107183,2071.968,2.881429,0.664893,1.221736,1.619269,-0.538006,-0.896869,-1.162209,12011.257,9.128478,3.705171,5.939828,6.376917,-3.013545,-4.683403,-5.504891,12269.053,9.287302,3.770917,6.259976,6.838636,-3.104932,-4.884216,-5.692291,7507.59,1.375737,1.726024,2.34259,3.282703,-1.443676,-1.860553,-2.894271,6790.957,1.328503,1.415896,1.93934,2.958702,-1.15982,-1.512541,-2.439131,13306.289,7.880061,3.494521,5.279665,5.686048,-2.896425,-4.062701,-4.566301,8573.788,7.650796,2.341104,3.608292,3.945959,-1.963449,-2.77201,-3.2027,2002.2784,2.788135,0.662326,1.269237,1.726309,-0.527592,-0.936065,-1.315487,2378.993,2.944324,0.767953,1.39024,1.844485,-0.609312,-1.0112,-1.454132,13282.07,10.071314,4.130177,6.843569,7.372435,-3.404036,-5.560733,-6.156102,10959.911,9.47174,3.44761,5.731027,6.519315,-2.786693,-4.41599,-4.939460
1.0,100.0,11700.588,1.472016,2.916336,4.678075,5.767297,-2.292016,-2.854421,-4.285434,11034.428,1.475842,2.585525,3.869798,4.91969,-2.208238,-2.729611,-3.998822,19808.668,11.167711,5.028579,8.73321,9.443052,-4.74386,-6.878394,-7.549295,18666.514,10.696875,4.683896,8.188274,8.895078,-4.405238,-6.38175,-7.149494,2766.141,3.64402,0.831989,1.829341,2.270665,-0.757232,-1.258605,-1.776422,3223.0986,3.854767,0.978618,2.136669,2.664954,-0.876327,-1.415216,-2.968164,18488.773,13.070376,5.745393,11.198712,12.075328,-4.989694,-7.888569,-8.71574,19181.76,13.130308,5.938027,11.553753,12.6459,-5.127801,-7.942336,-8.750787,10887.383,1.541662,2.598508,3.775209,4.661434,-2.231237,-2.77127,-3.717695,9173.875,1.40983,2.116972,3.227392,4.411916,-1.754879,-2.177576,-3.353427,21223.035,11.312785,5.395773,9.292672,9.907693,-5.026619,-7.176866,-7.963122,13314.969,11.025878,3.514102,6.367765,6.994987,-3.320117,-4.86123,-5.307934,3105.562,3.705182,0.967665,2.282347,2.828505,-0.85819,-1.45079,-1.809374,3584.7312,3.931234,1.11442,2.596631,3.316916,-0.98573,-1.667827,-2.115456,21167.697,14.447415,6.641692,12.671451,14.029101,-5.692475,-9.229302,-10.041817,16965.416,13.696652,5.401034,10.595161,11.816688,-4.617763,-7.495574,-8.263003
1.0,150.0,13078.871,1.508245,3.469116,5.441586,6.649036,-2.690999,-3.287722,-4.68285,13175.717,1.556525,3.241236,4.451709,5.437369,-2.659843,-3.226339,-4.290657,26569.166,14.483181,7.001501,11.313479,12.042826,-6.682322,-9.756248,-10.397862,24799.885,13.640632,6.492935,10.509382,11.190379,-6.15244,-8.882538,-9.638657,3641.0232,4.467109,1.068175,2.427603,2.954389,-1.027948,-1.73774,-2.07302,4222.622,4.720128,1.261236,2.805131,3.389724,-1.192131,-1.977727,-2.437688,24293.018,16.770468,7.781008,14.672732,16.269547,-6.822614,-11.02356,-11.912782,25184.586,16.726336,8.124215,15.08703,16.763035,-7.029722,-11.19096,-11.877386,13447.391,1.661593,3.303273,4.373092,4.963179,-2.719465,-3.317751,-4.284697,10429.959,1.449984,2.579463,3.629694,4.587167,-2.11095,-2.594782,-3.609538,28343.324,14.503165,7.465119,11.78422,12.503336,-7.05226,-10.206447,-10.984366,17726.516,14.287043,4.798204,8.132413,8.942386,-4.592042,-6.753934,-7.308596,4056.277,4.514122,1.220351,3.002798,3.670613,-1.160679,-2.041724,-2.380384,4669.4565,4.813099,1.406875,3.462453,4.318422,-1.322023,-2.330175,-2.94286,27885.656,18.398718,9.314133,17.161394,18.614883,-7.883714,-13.373644,-14.481652,22344.822,17.6599,7.443624,14.330791,15.709908,-6.362538,-10.9359,-11.847542
1.0,200.0,14586.836,1.569228,4.00026,6.644695,7.889903,-2.940641,-3.570339,-4.788019,15081.525,1.646,3.691921,5.348634,6.189634,-2.959048,-3.560734,-5.864089,32398.322,17.373459,8.083198,13.612476,14.602113,-8.466326,-12.614157,-13.560482,30197.037,16.336939,7.477667,12.570038,13.47208,-7.747596,-11.361521,-13.172317,4330.64,5.128475,1.21153,2.91013,3.553217,-1.266645,-2.199779,-2.780626,5030.036,5.393929,1.427728,3.366374,4.058253,-1.463973,-2.582795,-3.041051,29088.264,20.038649,8.964663,17.72448,19.756903,-8.401554,-13.960775,-15.004463,30240.023,19.984373,9.313165,18.14185,20.191086,-8.651745,-14.035917,-14.823429,15470.967,1.773039,3.7399,5.170653,5.855138,-3.062127,-3.986813,-4.567761,11896.855,1.513747,2.919265,4.492754,5.751835,-2.372983,-2.886667,-3.852426,34699.777,17.432508,8.610341,14.220267,14.976464,-8.927404,-13.005487,-14.061999,21614.994,17.224562,5.531311,9.876861,11.007402,-5.786676,-8.686298,-10.91522,4832.3486,5.165262,1.388227,3.639462,4.543003,-1.427228,-2.601034,-3.036526,5516.222,5.493282,1.595989,4.187036,5.170295,-1.621288,-2.984576,-3.452962,33547.355,21.977097,10.686726,20.384096,22.204918,-9.778887,-16.626307,-18.084942,26829.74,21.110434,8.598359,17.009579,18.825726,-7.888972,-13.6117,-14.979553
1.0,250.0,15687.602,1.614901,4.452284,7.596702,8.649012,-3.148958,-3.687689,-5.04116,16607.105,1.718371,4.04748,6.075954,7.139737,-3.199609,-3.82446,-4.866796,38233.547,20.320183,8.928776,15.427578,16.965677,-10.336569,-15.309862,-16.448544,35513.402,19.05206,8.268494,14.205495,15.293624,-9.41724,-13.766196,-14.673517,5011.616,5.731906,1.319058,3.269194,4.344852,-1.519497,-2.537514,-3.152741,5808.8247,6.049251,1.558151,3.803716,4.687938,-1.751394,-2.901549,-3.431519,33755.406,23.193838,9.809902,20.042816,22.475163,-9.979872,-15.941042,-16.979158,35033.07,23.081285,10.214317,20.479984,22.93585,-10.240242,-16.11643,-17.159048,17159.705,1.867193,4.078374,5.933733,6.735533,-3.326615,-4.000803,-5.054238,12989.422,1.561925,3.240403,5.244945,6.332752,-2.577307,-3.082907,-5.154013,40983.742,20.382053,9.540653,16.03452,17.267637,-10.902366,-15.905262,-17.019522,25606.795,20.226906,6.117952,11.298505,12.5793,-7.054933,-10.53694,-11.13872,5574.8003,5.768531,1.514215,4.062812,5.638985,-1.714844,-2.965567,-3.401548,6358.516,6.142394,1.733987,4.676558,5.834824,-1.940843,-3.357309,-3.792959,38871.188,25.466742,11.715267,22.46815,24.67436,-11.521379,-19.908094,-21.751265,31163.459,24.446959,9.429338,18.829756,20.809086,-9.310764,-16.332123,-17.795932
1.0,10.0,2382.6875,1.108148,0.441225,0.620207,2.342228,-0.454608,-0.65753,-2.052153,2140.916,1.103204,0.384342,0.53613,2.310574,-0.440073,-0.75758,-2.337204,4613.0493,4.206212,0.669109,0.800148,1.220946,-0.706968,-0.942769,-1.377539,4350.957,4.045217,0.621671,0.742577,1.129067,-0.665376,-0.902256,-1.315843,693.7398,1.682494,0.130679,0.18764,0.860113,-0.14503,-0.253385,-0.66851,805.7653,1.742743,0.15158,0.254293,0.696742,-0.169431,-0.287342,-0.760458,4439.016,5.071548,0.721024,0.878765,1.198997,-0.822375,-1.226149,-1.993024,4574.529,5.083814,0.740966,0.881035,1.156296,-0.847618,-1.243489,-1.785516,2202.6816,1.122477,0.376696,0.526702,1.849519,-0.417795,-0.586478,-1.865763,1832.4473,1.090666,0.326777,0.481438,1.905952,-0.335631,-0.500605,-2.334829,5072.712,4.314524,0.741519,0.877541,1.568346,-0.772051,-1.038807,-1.502954,3201.9944,4.169168,0.495799,0.606373,0.918815,-0.542135,-0.746272,-1.214744,795.4548,1.720729,0.152321,0.271733,0.984016,-0.17088,-0.28195,-0.716351,962.0842,1.820517,0.178312,0.30112,0.701714,-0.195849,-0.340567,-0.882359,4977.795,5.596935,0.796595,0.953899,1.349595,-0.916498,-1.378839,-2.325865,4148.7085,5.514478,0.67166,0.818093,1.209134,-0.769831,-1.154161,-1.533679
1.0,50.0,8100.883,1.369479,1.990999,2.733511,3.630374,-1.621131,-2.081185,-3.495362,7744.4355,1.375848,1.8234,2.445741,3.847141,-1.512857,-1.925559,-2.76193,12641.332,7.986169,3.297353,4.877375,5.305511,-2.706463,-3.812612,-4.421682,11917.442,7.709493,3.051822,4.517491,5.038588,-2.532364,-3.536605,-4.059967,1858.859,2.738757,0.601956,1.040533,1.439283,-0.476873,-0.777949,-1.093928,2164.9746,2.900918,0.703601,1.193898,1.530436,-0.555192,-0.90371,-1.250669,12123.49,9.454974,3.68357,5.790709,6.278972,-3.01189,-4.708836,-5.447628,12578.591,9.588346,3.813343,5.997483,6.523374,-3.125801,-4.837806,-5.305471,7755.633,1.434304,1.849788,2.408921,3.179512,-1.530541,-1.936922,-2.907282,6068.551,1.301498,1.453143,1.945022,2.968595,-1.195988,-1.557624,-2.513813,13825.798,8.120493,3.633254,5.369379,5.950981,-2.938154,-4.083422,-4.630037,8710.091,7.966541,2.355511,3.561052,3.986615,-1.972688,-2.785449,-3.14355,2093.0288,2.801576,0.698024,1.242106,1.717731,-0.542722,-0.928445,-1.250861,2453.3052,2.962213,0.812214,1.41724,1.828816,-0.628825,-1.064623,-1.468797,13767.748,10.382453,4.284121,6.637183,7.061177,-3.457855,-5.592938,-6.206766,11217.36,9.966007,3.500982,5.582239,6.125912,-2.840364,-4.586015,-5.202862
1.0,100.0,11839.779,1.542422,3.030708,4.240349,5.100687,-2.363224,-2.927259,-4.056444,11863.092,1.584723,2.815407,3.966568,4.635423,-2.275877,-2.878219,-4.09775,20292.129,11.45325,5.635704,8.885925,9.395285,-4.794235,-6.859106,-7.665014,18915.426,10.922667,5.212496,8.238709,8.799019,-4.44949,-6.334362,-6.799254,2862.885,3.664486,0.925426,1.850453,2.332261,-0.776266,-1.287165,-1.605784,3316.1216,3.880472,1.092293,2.155763,2.585374,-0.903884,-1.50361,-1.853251,18928.688,13.364561,6.347724,11.057434,11.992628,-5.084598,-8.083924,-8.992239,19600.275,13.520984,6.586931,11.502357,12.427015,-5.271516,-8.391833,-10.851409,11980.627,1.680053,2.909928,3.91423,4.726144,-2.327359,-2.859774,-3.98814,9138.344,1.455713,2.221219,2.98856,4.084456,-1.806969,-2.241316,-3.266437,21996.275,11.535494,6.16972,9.621251,10.242501,-5.176144,-7.305249,-7.818962,13767.739,11.373328,3.937127,6.354834,7.010717,-3.379277,-4.86671,-5.494691,3193.0896,3.726544,1.071599,2.276402,2.843066,-0.880408,-1.556578,-1.861052,3715.1582,3.952004,1.233713,2.603323,3.225717,-1.002557,-1.737536,-2.258651,21612.775,14.709273,7.499217,13.272672,14.271882,-5.90578,-9.8939,-10.834256,17494.793,14.074407,6.056191,11.045209,11.994464,-4.786885,-8.22877,-8.840932
1.0,150.0,14059.18,1.629465,3.610855,5.652548,6.759352,-2.796665,-3.368658,-5.744793,14479.686,1.706156,3.348857,4.696244,5.495797,-2.751327,-3.303436,-4.294109,26706.74,14.700295,6.871118,11.684225,12.381315,-6.628315,-9.876427,-10.528825,24736.36,13.853128,6.336597,10.806928,11.535121,-6.106928,-8.816781,-9.391022,3624.1914,4.446515,1.069086,2.482214,3.046724,-1.003673,-1.704628,-2.105971,4176.466,4.688643,1.257673,2.879974,3.500721,-1.169449,-1.971712,-2.456424,24206.848,17.03178,7.662748,15.01052,16.53223,-6.701116,-10.749486,-11.515364,24987.107,16.968843,7.92633,15.498738,17.038782,-6.941245,-11.036893,-12.118457,14743.98,1.834022,3.457588,4.625705,5.38673,-2.841979,-3.460889,-4.344174,11065.996,1.54171,2.612997,3.791506,5.35975,-2.184033,-2.784846,-3.864904,28828.93,14.703393,7.471377,12.51096,13.281344,-7.133277,-10.250753,-11.274767,17971.613,14.596341,4.740446,8.499465,9.221166,-4.591533,-6.732843,-7.401242,4009.413,4.475961,1.231553,3.079544,3.890644,-1.139117,-2.039731,-2.330945,4669.674,4.79864,1.419013,3.5303,4.455197,-1.291432,-2.288376,-2.731956,27659.39,18.569025,9.068753,17.363083,19.10964,-7.768413,-13.088855,-14.433211,22395.84,17.898113,7.328404,14.477198,16.148808,-6.280778,-10.515319,-11.550510
1.0,200.0,15824.035,1.691497,4.084155,6.689679,7.790728,-3.031027,-3.619305,-4.837192,15875.414,1.745359,3.79623,5.502225,6.298637,-3.054861,-3.655944,-4.692342,32989.324,17.506268,8.136434,13.895005,14.939847,-8.522734,-12.127615,-12.934163,30734.459,16.68972,7.508549,12.990854,13.999637,-7.777721,-10.95433,-12.077161,4371.4907,5.100516,1.201754,2.919825,3.653665,-1.259058,-1.992507,-2.439438,5093.9854,5.447435,1.41975,3.431146,4.204318,-1.452672,-2.262403,-2.637393,29299.46,20.050014,8.86765,17.970545,19.926392,-8.320433,-12.965056,-13.986345,30569.57,20.2892,9.254657,18.659576,20.870989,-8.564517,-13.217348,-14.002469,16139.646,1.874167,3.863486,5.335918,5.949487,-3.172364,-3.810905,-5.405794,12859.561,1.618108,2.972459,4.459297,5.0932,-2.439271,-3.12306,-3.946972,35811.26,17.763247,8.811322,14.960446,15.976517,-9.09486,-12.858586,-13.881376,22152.008,17.360195,5.587543,10.17502,11.302766,-5.879522,-8.434185,-9.705235,4893.9165,5.203635,1.378465,3.693114,4.875645,-1.422995,-2.254601,-2.868711,5566.209,5.446127,1.584692,4.197582,5.263816,-1.611958,-2.640922,-3.121353,33914.76,22.33527,10.630208,20.67732,22.763746,-9.608668,-16.767834,-18.320637,27170.023,21.156748,8.563279,17.115334,18.956842,-7.779594,-13.727257,-14.863379
1.0,250.0,16497.19,1.692752,4.517236,7.569251,9.100787,-3.233709,-3.845732,-4.955688,17453.537,1.819391,4.186482,5.931921,8.222153,-3.306073,-4.096659,-5.070877,38699.586,20.786419,9.384277,15.785616,16.889708,-10.443111,-15.525861,-16.6539,35996.832,19.41769,8.658483,14.244334,15.407881,-9.484581,-13.797201,-14.775038,5028.9087,5.794146,1.358125,3.331789,4.259242,-1.522106,-2.725667,-3.02179,5842.0874,6.10509,1.601335,3.773505,4.589573,-1.744682,-2.873421,-3.259326,33907.727,23.77136,10.166692,20.341337,22.630405,-10.033459,-16.221798,-17.260164,35264.914,23.440386,10.601049,20.502098,22.927605,-10.257168,-16.085068,-17.015028,18099.379,2.007314,4.315751,5.84126,6.809487,-3.451078,-4.154324,-5.273119,13637.965,1.633288,3.267052,5.075766,5.936161,-2.653043,-3.205832,-4.044695,42094.535,20.733225,10.16311,16.28304,17.47835,-11.092096,-16.059961,-17.11987,26049.006,20.685501,6.450849,11.626948,12.815892,-7.16823,-10.68718,-11.591207,5615.85,5.82206,1.548591,4.05615,5.131741,-1.704275,-2.926569,-3.3348,6369.6724,6.215473,1.781496,4.738035,6.010637,-1.940064,-3.38221,-3.780994,39171.863,25.860996,12.215443,22.909788,24.804937,-11.523421,-19.726357,-21.599186,31356.39,25.09456,9.823785,19.362825,21.481194,-9.381235,-16.506197,-18.350390
1.0,10.0,2133.92,1.096432,0.445366,0.627503,1.979721,-0.566834,-0.817342,-2.017589,1834.3887,1.080569,0.38491,0.566382,2.044057,-0.457792,-0.64503,-1.908005,4506.346,3.402224,0.708452,0.854739,1.264943,-0.718187,-0.956484,-1.357057,4190.529,3.33902,0.652118,0.786894,1.127124,-0.670343,-0.923465,-1.24946,677.9541,1.606319,0.134887,0.191616,1.045154,-0.143769,-0.24185,-0.501735,774.0613,1.660963,0.154437,0.222814,0.728814,-0.166055,-0.278199,-0.605953,4376.6665,4.164991,0.760254,0.937543,1.424526,-0.83258,-1.212678,-1.671129,4433.73,4.238319,0.773044,0.937937,1.27341,-0.852691,-1.294379,-1.749772,2161.961,1.110435,0.378429,0.544086,2.048584,-0.439196,-0.641305,-1.540822,1881.914,1.094103,0.324867,0.497918,1.794334,-0.396734,-0.578652,-1.485446,4934.394,3.524671,0.781127,0.94754,1.339021,-0.783979,-1.069333,-1.576992,3138.1184,3.401383,0.528844,0.648651,1.032861,-0.551458,-0.765087,-1.127455,768.8927,1.652247,0.157627,0.225113,0.776927,-0.164963,-0.277135,-0.600607,941.8459,1.7228,0.18553,0.285867,0.662563,-0.194013,-0.322186,-0.65655,4849.9365,4.710727,0.828638,1.008596,1.33626,-0.920768,-1.41062,-1.835294,4099.062,4.512323,0.71592,0.873685,1.354794,-0.778056,-1.167216,-1.490593
1.0,50.0,8461.863,1.390368,2.122079,2.931823,5.269188,-1.681164,-2.179273,-3.504886,7697.709,1.34596,1.892826,2.547574,4.563828,-1.55559,-1.982348,-3.16606,12709.063,6.732814,3.414428,5.008532,5.493767,-2.798823,-3.881514,-4.567025,11787.044,6.580638,3.129557,4.662447,5.197249,-2.601777,-3.699653,-4.21745,1852.3691,2.607322,0.598739,1.041532,1.387502,-0.485863,-0.777553,-1.125812,2124.2593,2.753154,0.699939,1.200738,1.584511,-0.564196,-0.955373,-1.396657,12112.176,8.094275,3.767356,5.800516,6.372491,-3.095049,-4.721909,-5.372676,12412.348,8.318813,3.850663,6.129988,6.592519,-3.209868,-5.135188,-5.869289,7737.088,1.398676,1.910309,2.550154,3.314754,-1.562774,-2.000367,-2.827102,6282.453,1.315782,1.558166,2.104089,2.937278,-1.241425,-1.629105,-2.768459,13822.415,6.901199,3.757241,5.54944,6.089727,-3.048682,-4.29336,-4.858313,8787.842,6.724995,2.435699,3.67404,4.329095,-2.044417,-2.843645,-3.268992,2046.3789,2.671642,0.691182,1.24639,1.6104,-0.549579,-0.962277,-1.368101,2460.5942,2.807444,0.803423,1.359664,1.760984,-0.636699,-1.01625,-1.617697,13543.212,9.063844,4.300491,6.790068,7.341919,-3.549904,-5.918566,-6.4666,11235.817,8.603708,3.537608,5.604844,6.06744,-2.892944,-4.586299,-5.040948
1.0,100.0,12194.605,1.534699,3.071286,4.308988,5.451225,-2.488537,-3.074977,-4.346209,11779.852,1.518937,2.791346,3.750018,4.849192,-2.336875,-2.892158,-3.891087,20437.14,9.59385,5.648287,8.864633,9.645404,-4.921977,-7.041023,-7.703119,18801.275,9.254548,5.191742,8.389239,9.004837,-4.571076,-6.665287,-7.413148,2909.8164,3.525325,0.924402,1.820924,2.241907,-0.797278,-1.292361,-1.615596,3294.5505,3.685397,1.077673,2.22944,2.799452,-0.930083,-1.575621,-1.953775,19090.578,11.37674,6.317961,11.155757,12.163729,-5.195704,-8.108771,-8.737778,19501.941,11.579339,6.528822,11.899502,12.91538,-5.427188,-8.796928,-9.470799,11819.869,1.597118,2.849725,3.777261,4.677248,-2.359088,-2.938279,-3.814767,9369.182,1.453791,2.2773,3.081809,3.924475,-1.870637,-2.321804,-3.123174,22055.13,9.725093,6.208993,9.899722,10.569004,-5.377166,-7.84498,-8.647421,13987.257,9.570846,3.951823,6.433619,6.967538,-3.495101,-5.01514,-5.606689,3158.4377,3.549697,1.050445,2.342166,2.863816,-0.906115,-1.620877,-1.894354,3785.605,3.780309,1.220328,2.581018,3.183359,-1.030579,-1.715665,-1.997375,21418.035,12.758314,7.40397,13.49881,14.54763,-6.03021,-10.328442,-11.350234,17644.025,12.081301,6.025402,10.964814,12.007392,-4.840411,-7.774388,-8.418373
1.0,150.0,14446.719,1.64524,3.773037,5.543274,6.631115,-2.89729,-3.528565,-4.777556,14111.453,1.619603,3.46008,4.953384,5.690278,-2.799058,-3.437747,-4.567804,27573.877,12.488652,7.118865,11.980701,12.8859,-6.986639,-10.170988,-10.978815,25237.766,12.022204,6.571749,11.575933,12.587016,-6.442933,-9.481556,-10.20835,3757.9143,4.230116,1.107973,2.476864,3.199958,-1.069938,-1.765268,-2.171662,4282.995,4.47712,1.314445,3.076167,3.746285,-1.252582,-2.127617,-2.496404,24892.273,14.42525,7.930723,15.473334,16.930618,-6.986959,-11.247643,-12.306152,25540.691,14.858649,8.28585,16.657003,18.873724,-7.335453,-11.831847,-12.68224,14237.779,1.71069,3.476594,4.852879,5.752574,-2.869297,-3.526748,-5.158642,11556.17,1.561501,2.763104,3.815412,4.789572,-2.247954,-2.769133,-4.020248,29595.9,12.699972,7.830616,13.621105,14.52357,-7.589101,-11.193694,-12.13954,18640.176,12.278654,4.960234,8.663217,9.28532,-4.859956,-7.105425,-8.138815,4102.764,4.301604,1.278782,3.239682,4.098566,-1.220664,-2.185692,-2.792215,4825.344,4.511392,1.460235,3.529271,4.31872,-1.37953,-2.374953,-2.907673,28159.475,16.47476,9.35532,18.668545,21.216576,-8.188639,-14.241682,-15.722003,23016.975,15.359034,7.536805,14.967777,16.417118,-6.550659,-10.803906,-11.609378
1.0,200.0,14095.578,1.605033,4.169344,6.183215,7.268659,-3.180973,-3.805316,-4.842399,15424.695,1.675135,3.890189,5.381343,6.287368,-3.129587,-3.788142,-4.948785,34614.605,17.069454,9.005597,14.488841,15.604622,-9.153689,-13.444984,-14.289378,31264.377,16.012215,8.263114,13.83575,14.824751,-8.348055,-12.370256,-13.22564,4599.8296,5.119721,1.300151,2.966015,3.605135,-1.36272,-2.186471,-2.641925,5146.341,5.308294,1.540303,3.636826,4.456768,-1.573771,-2.662891,-3.145256,30610.145,19.665964,9.654986,18.534283,20.399199,-8.866043,-13.908051,-14.619967,30993.58,19.623728,10.146027,19.80548,22.022587,-9.219104,-14.815669,-15.899034,15664.859,1.78118,3.978873,5.225443,6.066141,-3.241715,-3.966892,-13.465698,11331.686,1.533423,3.117419,4.169073,5.030623,-2.56886,-3.094718,-3.920065,36669.83,16.98408,9.800177,16.12838,17.21148,-9.846487,-14.649931,-15.808148,23392.385,16.85813,6.188213,10.385122,11.308248,-6.303522,-9.245566,-9.862543,4920.086,5.05439,1.491394,3.832224,4.783232,-1.53259,-2.711787,-3.171554,5895.3755,5.484168,1.698987,4.228844,5.133202,-1.731969,-2.86389,-3.403622,34067.29,21.5994,11.553801,22.507095,24.632032,-10.267706,-18.427692,-20.271269,28232.127,20.642555,9.27967,18.146267,20.02466,-8.189389,-13.156962,-14.645153
1.0,250.0,18268.371,1.802001,4.643615,7.794401,8.754234,-3.320407,-3.994962,-5.166321,17265.652,1.777629,4.272532,6.366978,7.525942,-3.37028,-4.051053,-4.99044,39928.664,20.72117,9.678842,16.137194,17.236006,-10.771938,-15.928354,-16.883741,37279.305,20.026295,8.887055,15.249112,16.390142,-9.81957,-14.268605,-15.342286,5183.4863,5.73179,1.388639,3.274979,4.059713,-1.570889,-2.637825,-3.032055,6074.2783,6.163466,1.649953,3.994271,4.999383,-1.811257,-2.987436,-3.49879,34858.41,23.439602,10.434121,20.62703,23.049557,-10.306088,-16.513453,-17.58367,36590.438,24.174524,10.939892,21.893677,24.37516,-10.617949,-16.586432,-19.056543,17553.094,1.9096,4.31755,6.131548,6.817805,-3.516601,-4.202212,-5.82698,15214.984,1.741358,3.396708,4.981073,6.184935,-2.699941,-3.241515,-4.540659,43732.65,21.31828,10.535367,17.851707,19.232082,-11.5268,-16.719913,-17.922298,26958.453,20.245173,6.649975,11.668913,12.7776,-7.416888,-11.034054,-11.731844,5830.2754,5.856792,1.595323,4.219561,6.382636,-1.770198,-3.006468,-3.583839,6543.645,6.075172,1.814628,4.673616,5.878113,-1.998884,-3.474796,-4.019085,40471.42,26.99834,12.427832,24.314646,26.59201,-11.881659,-20.605923,-22.679422,32223.994,24.644775,10.017902,19.617622,21.65873,-9.617503,-16.825954,-18.317361
1.0,10.0,1376.3654,1.060345,0.249716,0.424733,1.874171,-0.466429,-0.682155,-2.031197,1491.0625,1.069025,0.238203,0.397492,2.159184,-0.430366,-0.630205,-1.817708,4771.2515,3.682453,0.51439,0.635082,0.991388,-0.752799,-1.172228,-1.614399,4495.033,3.581388,0.480351,0.604973,0.981925,-0.712624,-0.955363,-1.489242,674.3312,1.607997,0.102978,0.1534,0.515557,-0.145229,-0.251337,-0.718521,773.9191,1.656851,0.118318,0.179875,0.550319,-0.167726,-0.317575,-0.663517,4580.4824,4.242962,0.586052,0.751876,1.178323,-0.870992,-1.226956,-1.755305,4675.6343,4.269538,0.594354,0.780763,1.142961,-0.89464,-1.296503,-1.768341,1664.5488,1.088024,0.231035,0.399509,1.98692,-0.418456,-0.606296,-2.524137,1079.3242,1.051464,0.180925,0.347355,1.832901,-0.333642,-0.515129,-1.895199,5253.876,3.771499,0.567582,0.700402,1.033451,-0.828596,-1.109563,-1.937114,3356.8638,3.646898,0.403779,0.520962,0.859126,-0.583489,-0.801141,-1.189259,769.1129,1.640912,0.120832,0.183749,0.572683,-0.169325,-0.292449,-0.67503,933.4133,1.720696,0.14206,0.219867,0.649873,-0.195896,-0.350956,-0.743974,5036.4614,4.624425,0.618873,0.812401,1.13885,-0.960325,-1.436432,-1.9065,4256.632,4.491764,0.547251,0.731523,1.034417,-0.814938,-1.182652,-1.673534
1.0,50.0,8305.771,1.390836,2.010098,2.78339,3.656454,-1.662659,-2.147962,-3.336206,7500.2207,1.363592,1.815776,2.445361,3.518331,-1.542423,-1.99779,-4.045801,13709.304,8.036092,3.650383,5.580689,6.053171,-2.9151,-4.101076,-4.859389,12904.513,7.807325,3.374716,5.182041,5.788316,-2.751464,-3.846551,-4.42351,1926.3445,2.743796,0.637542,1.159783,1.516583,-0.491183,-0.799645,-1.268721,2221.8384,2.879907,0.737662,1.367244,1.738181,-0.573937,-0.92441,-1.233532,12874.839,9.318225,4.082522,6.721503,7.220674,-3.164855,-4.925155,-5.556842,13315.554,9.492023,4.188727,6.986521,7.627616,-3.318658,-5.12689,-5.633579,7344.6445,1.401854,1.852946,2.426709,3.216242,-1.556891,-1.964149,-2.832765,6149.8105,1.310382,1.444668,2.085407,2.843733,-1.212173,-1.599334,-2.399998,15128.952,8.278581,4.049355,6.170829,6.583713,-3.222568,-4.495158,-5.02467,9502.787,7.959913,2.633607,4.158706,4.675244,-2.137537,-3.039826,-3.535168,2154.4846,2.785028,0.734732,1.402953,1.827734,-0.563939,-0.946381,-1.341766,2528.9758,2.946087,0.854662,1.580614,2.041975,-0.643081,-1.075845,-1.41947,14492.059,10.286169,4.630066,7.655081,8.382165,-3.646738,-5.834877,-6.520654,11862.045,9.752484,3.839486,6.465473,6.927597,-2.973715,-4.763092,-5.275458
1.0,100.0,11787.078,1.533385,3.01773,4.133766,4.961836,-2.43463,-3.080698,-3.928784,11584.408,1.559383,2.804726,3.702168,4.459009,-2.322382,-2.857398,-3.855274,21749.107,11.735863,6.032053,9.47093,10.147199,-5.108667,-7.337171,-7.904687,20315.197,11.194611,5.571506,8.810164,9.316069,-4.735287,-6.757929,-7.399123,2971.1602,3.688623,0.952484,1.945022,2.402837,-0.804866,-1.349602,-1.824438,3445.9514,3.906123,1.114323,2.259105,2.664346,-0.933116,-1.539056,-2.180255,19844.82,13.453242,6.689835,11.878586,12.739331,-5.318676,-8.535957,-9.392419,20636.441,13.628163,6.937923,12.315102,13.562118,-5.511931,-8.933852,-9.487189,11763.508,1.652655,2.897765,3.816785,4.684574,-2.382957,-2.944054,-3.982068,8975.77,1.441433,2.187818,2.922907,3.75044,-1.823572,-2.268077,-4.111572,23905.328,11.898857,6.681367,10.397461,10.960893,-5.566378,-7.86111,-8.545032,14860.707,11.562515,4.233413,6.907157,7.55994,-3.621057,-5.216467,-5.955242,3311.7563,3.737818,1.092815,2.386223,2.917555,-0.904499,-1.58891,-2.05868,3842.8618,3.966628,1.26432,2.723111,3.294695,-1.037473,-1.829705,-2.251783,22639.707,14.867116,7.845901,14.033909,15.035228,-6.154605,-10.200579,-10.992335,18322.178,14.135401,6.372795,11.801695,12.879727,-5.009096,-8.348018,-9.109583
1.0,150.0,14317.035,1.658246,3.642468,5.454814,6.101393,-2.886813,-3.510993,-4.795614,14540.221,1.700864,3.397953,4.621469,5.643862,-2.826517,-3.433345,-4.629746,28731.385,14.766094,7.555426,12.551069,13.340174,-7.15115,-10.3901,-11.192131,26519.14,13.984708,6.967134,11.823352,12.821087,-6.569552,-9.614882,-10.408948,3833.5742,4.484844,1.131566,2.589544,3.503423,-1.081171,-1.80864,-2.217631,4404.4116,4.716349,1.333788,3.064776,3.597186,-1.254577,-2.214079,-2.743275,25699.025,16.875753,8.272387,16.182095,17.803383,-7.205948,-11.663152,-12.490963,26592.393,17.002516,8.637099,16.951818,18.774979,-7.457185,-12.023073,-12.978879,14797.625,1.81762,3.500986,4.592661,5.415078,-2.913788,-3.51588,-4.312672,11216.195,1.561138,2.682348,3.630982,4.44489,-2.231317,-2.743104,-3.635234,31236.227,14.890153,8.323836,13.886203,14.866778,-7.741382,-11.218807,-12.198995,19462.836,14.535288,5.245932,9.196448,10.215648,-4.972649,-7.228085,-10.012326,4224.7617,4.499103,1.30274,3.281327,4.177075,-1.222244,-2.211885,-2.543327,4906.5215,4.788364,1.495628,3.696952,4.587466,-1.38237,-2.440274,-3.0448,29301.486,18.609306,9.804693,18.919846,20.396204,-8.346016,-13.923874,-14.944426,23737.672,17.75084,7.927453,15.671284,17.126612,-6.75257,-11.225554,-11.963318
1.0,200.0,15031.771,1.590665,4.052307,5.418842,6.43539,-2.935745,-3.496043,-4.78919,15617.451,1.667712,3.914363,4.972893,5.975873,-2.95813,-3.537318,-4.807245,33999.312,21.185003,8.922487,13.676326,14.411175,-8.447431,-11.816739,-12.842055,31208.895,19.73067,8.145061,12.51381,13.194778,-7.807971,-10.96516,-11.606659,4408.574,5.126812,1.329409,2.697707,3.179679,-1.227164,-1.905937,-2.290467,5112.072,5.395615,1.589199,3.151409,3.731616,-1.467673,-2.302757,-2.626621,29452.77,25.039186,9.627556,16.546865,17.78997,-8.258729,-12.811274,-13.695268,30404.6,24.532207,10.069742,17.2417,18.334602,-8.763923,-13.834907,-14.638408,16212.395,1.842134,4.069426,5.213665,6.260207,-3.055172,-3.670738,-4.67239,12297.729,1.558437,3.085974,3.91761,4.471613,-2.365211,-2.858315,-3.959102,37139.562,21.270222,9.879712,14.99356,15.802967,-9.305632,-13.046511,-14.043141,23009.314,20.451529,6.152768,9.625262,10.340298,-5.843312,-8.17282,-8.930183,4899.029,5.222,1.52945,3.231827,3.887872,-1.430562,-2.305896,-2.87838,5616.445,5.591026,1.744094,3.713534,4.354985,-1.580916,-2.475439,-2.843797,33760.71,28.07399,11.640218,20.760523,22.337849,-9.681644,-16.375145,-17.964048,27377.053,27.089132,9.342604,16.93375,18.20174,-7.74842,-12.89721,-13.803722
1.0,250.0,15782.27,1.631427,4.380112,7.522855,8.851489,-3.132772,-3.713566,-5.375275,16788.107,1.724016,4.107057,6.200564,7.039157,-3.197118,-3.788704,-4.944514,40168.6,20.597712,9.774544,16.839174,18.077164,-10.720658,-15.932983,-17.127842,36715.027,19.282475,8.963062,15.772115,17.179722,-9.907095,-14.967266,-15.976891,5131.92,5.683004,1.38021,3.343124,4.292105,-1.562021,-2.640966,-3.102268,5901.1143,5.934259,1.637025,3.988525,5.004226,-1.849942,-3.228771,-3.81917,34604.21,24.2123,10.228053,20.654898,23.255672,-10.350008,-16.97976,-18.106405,35352.42,23.675123,10.715884,21.745462,24.295815,-10.932472,-18.564445,-19.837984,17574.645,1.911904,4.220107,5.847239,6.713953,-3.329064,-4.16331,-5.086683,13178.443,1.604436,3.213777,4.766025,5.88342,-2.586579,-3.153646,-5.16843,43506.81,20.543648,10.739714,18.679726,20.267801,-11.693783,-17.581102,-18.622313,27209.137,20.356865,6.731406,12.384628,13.88698,-7.338991,-10.847681,-11.635048,5647.6934,5.724778,1.585457,4.180519,5.456099,-1.809803,-3.332389,-3.825383,6518.0947,6.138701,1.809011,4.704976,5.806927,-1.985525,-3.512873,-4.045986,39249.69,26.490755,12.388194,24.366877,26.745438,-12.300003,-21.875254,-23.860188,32114.477,25.531992,10.027128,19.933933,22.054493,-9.747353,-16.648048,-18.004782
1.0,10.0,2901.4922,1.13081,0.407242,0.553695,2.02198,-0.45848,-0.679109,-2.025022,2533.7305,1.118213,0.370541,0.524029,2.066257,-0.410025,-0.603713,-2.0924,4815.0845,4.092287,0.668687,0.801309,1.253223,-0.741454,-1.034517,-1.481948,4470.087,3.937785,0.604662,0.72293,1.085518,-0.695301,-0.943592,-1.439694,703.3442,1.669496,0.132186,0.192681,0.972301,-0.150496,-0.253762,-0.692885,803.7068,1.727412,0.140863,0.196805,0.668451,-0.171225,-0.274357,-0.616151,4435.3726,4.946817,0.704875,0.902511,1.264752,-0.838005,-1.211604,-1.753424,4364.42,4.956578,0.665961,0.808003,1.243183,-0.833121,-1.215882,-1.584128,2570.0645,1.143991,0.368105,0.516262,1.780535,-0.411603,-0.60304,-1.791957,2416.713,1.124366,0.306862,0.555667,2.102009,-0.336108,-0.537359,-1.715764,5322.9673,4.228116,0.734123,0.870041,1.189303,-0.816959,-1.109465,-1.858122,3364.9346,4.075084,0.496895,0.604752,1.158655,-0.57061,-0.806839,-1.184644,799.7842,1.723862,0.144289,0.204253,0.643213,-0.171564,-0.287237,-0.687703,965.1253,1.798811,0.1786,0.253477,0.872397,-0.202615,-0.356168,-0.67125,4855.404,5.522282,0.730173,0.878126,1.265631,-0.913627,-1.36919,-1.806136,4179.1807,5.3815,0.659407,0.792412,1.209463,-0.7928,-1.239458,-1.574469
1.0,50.0,7912.3184,1.342368,2.027032,2.829674,3.821248,-1.623034,-2.069281,-2.960389,7621.256,1.346106,1.808438,2.468243,3.347364,-1.506372,-1.903706,-2.916937,13279.311,8.05039,3.506847,5.229111,5.621453,-2.828088,-3.952249,-4.66965,12296.725,7.728098,3.212035,4.841718,5.215645,-2.638116,-3.791738,-4.352805,1872.9612,2.729338,0.614709,1.137821,1.524738,-0.475567,-0.771707,-1.285357,2128.1494,2.849868,0.704129,1.294789,1.701341,-0.550383,-0.912147,-1.284538,12113.151,9.663065,3.806715,6.132258,6.918786,-3.042589,-4.73099,-5.3158,12038.781,9.818652,3.772855,6.13509,6.645709,-3.071635,-4.915019,-5.437994,7694.115,1.417717,1.823021,2.425725,3.398018,-1.523037,-1.937934,-3.050343,5882.0176,1.28794,1.469788,2.056922,2.858269,-1.186156,-1.881819,-2.007579,14606.499,8.231943,3.914455,5.824475,6.222938,-3.120316,-4.35117,-4.882094,9198.971,8.03821,2.511472,3.900556,4.306821,-2.063024,-2.891027,-3.700442,2058.9834,2.78786,0.702928,1.342992,1.794632,-0.536915,-0.932626,-1.306379,2472.663,2.972494,0.827175,1.54176,1.959461,-0.625548,-1.050454,-1.980116,13378.264,10.659773,4.26496,6.85933,7.554652,-3.463782,-5.757855,-6.435471,11285.072,10.160182,3.580323,5.904669,6.628333,-2.873527,-4.68259,-5.219869
1.0,100.0,12090.943,1.531335,3.020442,4.113239,5.444849,-2.392257,-3.231241,-4.342226,11462.965,1.523732,2.751703,3.63983,4.383745,-2.288221,-2.806551,-4.215407,21065.9,11.430111,5.880118,9.181138,9.846112,-4.982068,-7.173336,-7.887765,19433.738,10.974072,5.38062,8.510813,9.102507,-4.610594,-6.714332,-7.201304,2834.605,3.617724,0.922363,1.872211,2.316313,-0.776918,-1.290691,-1.644299,3250.4646,3.8329,1.072745,2.188944,2.631945,-0.912104,-1.542302,-1.87441,18651.564,13.507754,6.317751,11.114393,12.11342,-5.100122,-8.39166,-9.112865,18703.28,13.9266,6.368284,11.372772,12.42134,-5.210828,-8.737264,-9.484627,11656.617,1.635648,2.83029,3.707234,4.471124,-2.34027,-2.897233,-4.162852,9310.566,1.46352,2.216131,3.016379,4.025557,-1.803823,-2.223082,-3.252927,23175.36,11.732543,6.53941,10.182548,10.793504,-5.500412,-7.871445,-8.562524,14386.202,11.326164,4.107049,6.656205,7.311052,-3.524716,-5.08609,-5.516967,3129.0862,3.717053,1.053526,2.295002,2.853143,-0.879915,-1.588706,-2.036471,3672.576,3.92152,1.224045,2.618948,3.171838,-1.00291,-1.736262,-2.253157,20952.402,15.173123,7.380463,13.198507,14.091871,-5.939286,-10.25496,-10.911019,17389.645,14.181015,6.075124,11.15272,12.189168,-4.858484,-8.164543,-8.683239
1.0,150.0,14230.865,1.627247,3.796796,5.141146,6.03719,-2.820873,-3.398159,-4.388027,14401.855,1.668458,3.539463,4.705,5.716504,-2.770029,-3.334606,-9.953556,28180.355,14.745641,7.88329,12.454645,13.144516,-6.966557,-10.091225,-10.743373,25808.62,13.990989,7.227099,11.466891,12.286742,-6.407237,-9.366988,-10.047851,3693.127,4.451292,1.166396,2.42373,3.041158,-1.02995,-1.726419,-2.165803,4212.7676,4.69436,1.360271,2.813981,3.415336,-1.197901,-2.044739,-2.473911,24455.992,17.36011,8.445749,14.924227,16.28583,-6.855777,-11.214338,-12.249,24604.684,17.85113,8.557051,15.300022,16.784817,-7.049335,-11.795596,-12.662289,14671.451,1.811282,3.675421,4.879104,5.620446,-2.863499,-3.436687,-4.186741,11182.453,1.553979,2.817889,3.707941,4.406004,-2.199726,-2.851797,-3.627958,30800.336,14.976052,8.752045,13.750241,14.533007,-7.631381,-11.043424,-11.811031,19101.496,14.566521,5.466425,8.813613,9.594274,-4.841841,-7.017607,-7.678119,4058.1975,4.550633,1.329444,2.950695,3.689923,-1.169808,-2.11863,-2.587373,4739.2314,4.815682,1.542131,3.400196,4.168754,-1.319334,-2.525996,-2.689464,27718.416,19.630941,9.940738,18.155428,19.832705,-8.099599,-14.007766,-15.033535,22851.172,18.309801,8.130927,15.223351,16.847328,-6.520283,-10.932667,-11.710158
1.0,200.0,15738.203,1.664657,4.086965,6.451725,7.477494,-3.063592,-3.659667,-8.439798,15725.271,1.717116,3.873744,5.187574,5.99318,-3.082751,-3.679172,-5.344768,34314.85,17.64187,8.942008,14.932125,15.875539,-8.971622,-13.367914,-16.82099,31879.4,16.7419,8.201573,13.694138,14.618727,-8.236053,-12.099548,-12.872889,4421.8164,5.134577,1.266517,2.961818,3.882719,-1.307803,-2.261605,-2.588917,5133.3545,5.469181,1.478464,3.398237,4.164227,-1.510979,-2.583996,-3.068714,29461.9,20.774271,9.353508,18.364765,20.341988,-8.675967,-14.687327,-15.630778,30073.215,21.32515,9.500015,18.471884,20.40203,-8.909963,-14.973649,-16.084604,16238.869,1.896871,4.046181,5.29086,5.966126,-3.210628,-3.867057,-4.903962,12741.951,1.612182,3.032783,4.13155,5.015504,-2.46206,-2.992895,-4.005118,38031.137,17.924582,9.89145,16.22181,17.169031,-9.781732,-14.237671,-15.49665,23202.875,17.464594,6.167337,10.898288,11.987462,-6.206015,-9.296732,-9.878945,4947.394,5.305764,1.437649,3.60315,4.595984,-1.47549,-2.629493,-3.042273,5634.6475,5.560003,1.66032,4.153262,5.102365,-1.675746,-3.042927,-3.429477,33920.812,23.571476,11.097495,21.346058,23.916819,-10.180999,-17.593239,-18.966532,27594.744,21.969301,9.083853,17.966715,19.809187,-8.275599,-14.227246,-15.616457
1.0,250.0,17086.846,1.718972,4.634673,7.992224,8.981477,-3.296683,-3.896979,-4.971014,17789.338,1.833344,4.20643,6.178228,6.964343,-3.344123,-3.972036,-5.198671,39926.676,20.53145,9.58074,16.889154,18.109985,-10.510106,-14.771957,-15.807072,37162.086,19.24223,8.828171,15.421587,16.566288,-9.64538,-13.408581,-14.407365,4971.822,5.690806,1.336702,3.369756,4.227436,-1.458716,-2.466876,-3.056643,5838.8726,6.106791,1.566065,3.798122,4.586348,-1.699387,-2.764394,-3.138079,33390.43,23.774857,9.895072,20.760614,23.344845,-9.823412,-16.15913,-17.384197,34506.24,24.450317,10.048865,20.680956,23.328302,-10.100292,-16.559715,-17.750471,18382.436,2.055842,4.372822,6.012688,6.761888,-3.508638,-4.151627,-5.400592,13976.301,1.669145,3.296736,5.235316,8.242598,-2.714897,-3.203631,-4.942438,44374.594,20.657766,10.591008,18.074362,19.47107,-11.48684,-15.841191,-16.81351,27026.318,20.36964,6.595411,12.639501,14.113493,-7.265828,-10.180279,-10.978887,5628.029,5.905035,1.518748,3.947751,4.90747,-1.699422,-2.717667,-3.136123,6292.577,6.140268,1.742289,4.618819,5.877222,-1.861608,-3.277816,-3.948666,38968.996,27.064997,11.801801,23.068611,25.154345,-11.557917,-20.513983,-22.331821,31308.246,25.262775,9.660575,19.720837,22.151821,-9.374081,-17.014868,-18.219494
1.0,10.0,1767.3066,1.071426,0.439746,0.623935,2.374444,-0.520894,-0.782182,-2.266364,1869.4922,1.077003,0.378201,0.531409,2.343946,-0.434068,-0.666661,-2.376959,4569.0103,3.808044,0.681766,0.847565,1.268369,-0.70146,-0.956785,-1.4493,4159.319,3.677502,0.61991,0.748079,1.164584,-0.652778,-0.949834,-1.719537,688.1481,1.660148,0.134821,0.215053,0.610845,-0.148321,-0.25737,-0.788398,745.773,1.681284,0.147523,0.226324,0.806538,-0.164362,-0.272787,-0.591692,4313.2964,4.828579,0.709343,0.875561,1.246411,-0.807575,-1.190238,-1.770269,4139.337,4.891481,0.686128,0.840095,1.247702,-0.797544,-1.206945,-1.639127,1961.7852,1.097423,0.370876,0.529111,2.151177,-0.438066,-0.632623,-1.964972,1326.5117,1.062448,0.311934,0.480621,1.829626,-0.391023,-0.558817,-2.113823,4987.0693,3.934408,0.755841,0.900746,1.428129,-0.770456,-1.051818,-1.447282,3198.4756,3.808366,0.51809,0.662255,1.170864,-0.541016,-0.741712,-1.22256,746.0558,1.686438,0.150168,0.2193,0.652307,-0.163376,-0.295908,-0.677653,960.339,1.799175,0.18564,0.25704,0.739285,-0.196859,-0.316339,-0.700637,4611.259,5.448175,0.755894,0.914921,1.322378,-0.87851,-1.356093,-1.880801,4073.2297,5.235705,0.675841,0.838218,1.271366,-0.765645,-1.136087,-1.529305
1.0,50.0,9390.113,1.394619,2.147495,2.942081,4.185416,-1.686618,-2.153091,-3.301825,8154.6895,1.346973,1.893365,2.558185,3.539458,-1.519318,-2.034262,-3.194487,12555.24,7.01081,3.355641,4.953409,5.412946,-2.698917,-3.752017,-4.505414,11588.033,6.886904,3.053297,4.594958,4.995419,-2.508034,-3.551415,-4.057296,1783.7557,2.6385,0.576964,1.025544,1.399143,-0.451602,-0.715871,-1.15094,2025.303,2.780491,0.666054,1.185175,1.543738,-0.522208,-0.868431,-1.362007,11498.262,8.531093,3.577556,5.672487,6.141951,-2.909774,-4.482794,-5.059539,11453.062,8.963769,3.572996,5.837401,6.44397,-2.960685,-4.727811,-5.293082,8181.1484,1.417352,1.901641,2.522667,3.469473,-1.526762,-1.944423,-4.027759,7275.3516,1.355597,1.54939,2.082151,2.932289,-1.220603,-1.589762,-3.362089,13835.621,7.278093,3.741459,5.597119,6.127109,-2.984648,-4.174632,-5.113151,8719.592,7.058594,2.400097,3.677782,4.353421,-1.973381,-2.75089,-3.374868,1958.2788,2.720348,0.664665,1.223165,1.562735,-0.513124,-0.919068,-1.324582,2343.8535,2.831407,0.777561,1.365489,1.768864,-0.589969,-0.949704,-1.459879,12811.051,9.808767,4.073022,6.583015,7.061665,-3.355756,-5.626153,-6.507009,10781.017,9.019353,3.407774,5.500636,6.065253,-2.759094,-4.280428,-4.981795
1.0,100.0,12186.377,1.487405,3.182824,4.5368,5.424619,-2.486965,-3.05646,-4.446619,11674.277,1.477304,2.884598,3.963633,4.902755,-2.325513,-2.848981,-4.051165,20083.19,10.29641,5.784253,9.246373,9.927743,-4.768552,-6.764882,-7.48388,18224.81,9.87015,5.2894,8.614536,9.111568,-4.40021,-6.376187,-6.953212,2729.5322,3.503578,0.914704,1.758098,2.202756,-0.742053,-1.171213,-1.458845,3054.946,3.660622,1.072661,2.05609,2.605887,-0.858268,-1.404024,-2.008254,17934.777,12.415737,6.22834,10.656721,11.325916,-4.905942,-7.672678,-8.436756,17736.143,12.834135,6.339152,11.118067,11.833021,-5.031258,-8.165737,-8.96007,11724.385,1.57153,2.929781,3.973723,4.804362,-2.343258,-2.89712,-4.009187,9148.111,1.420724,2.326943,3.164693,4.206259,-1.85179,-2.291569,-3.400167,21850.672,10.509229,6.479891,10.490543,11.129625,-5.291102,-7.694253,-8.551351,13809.539,10.287449,4.051358,6.614372,7.131368,-3.393626,-4.857144,-5.452354,2947.541,3.581169,1.059886,2.141699,2.63076,-0.843132,-1.455033,-1.975512,3560.3528,3.801414,1.21772,2.38345,2.924487,-0.966394,-1.557028,-1.931127,19959.514,14.097126,7.365098,13.001632,13.856939,-5.683869,-9.754337,-10.905659,16889.469,13.219229,5.998377,10.623397,11.369737,-4.616742,-7.188738,-7.790510
1.0,150.0,15193.367,1.627731,3.7784,5.151578,5.999201,-2.886868,-3.517342,-4.769166,14375.01,1.59879,3.46461,4.507054,5.648591,-2.779915,-3.512324,-4.612845,26735.307,13.193129,7.422692,11.799277,12.410234,-6.727511,-9.781212,-10.673581,24321.836,12.763063,6.755167,11.148182,11.885891,-6.195355,-9.253058,-9.848701,3489.5376,4.253755,1.088738,2.290667,2.772122,-0.985212,-1.648409,-2.135662,3952.414,4.503239,1.275769,2.775579,3.42335,-1.1638,-2.05569,-2.55755,23198.668,15.700986,7.886666,14.259258,15.420393,-6.606239,-10.93995,-11.711514,23208.283,16.536615,8.050062,15.141326,16.533466,-6.939201,-12.177633,-13.354263,14643.432,1.728691,3.564784,4.608109,5.354193,-2.853176,-3.46503,-4.435626,12154.5,1.581447,2.822269,3.810469,4.45655,-2.238277,-2.707875,-3.918957,29154.738,13.614846,8.264796,13.430133,14.471732,-7.413707,-10.972615,-11.781275,18241.01,13.075535,5.141353,8.426526,9.075697,-4.687865,-6.806699,-7.374372,3815.1482,4.390049,1.251635,2.928708,3.634861,-1.136718,-2.096402,-2.680674,4482.9727,4.556848,1.431226,3.151382,3.858479,-1.256181,-2.14504,-2.741547,26174.66,18.315245,9.374779,17.638746,19.228718,-7.959016,-14.340184,-15.722852,21840.143,16.62669,7.633009,14.317494,15.628794,-6.304037,-10.607647,-11.238044
1.0,200.0,15812.99,1.644067,4.230309,6.932944,8.130669,-3.165883,-3.807498,-5.10468,16027.719,1.668367,3.871405,6.018014,6.845052,-3.111668,-3.73591,-5.949383,32923.453,16.28777,8.103047,14.060657,15.04738,-8.554502,-12.495698,-13.68305,29693.254,15.513698,7.406894,13.41812,14.394897,-7.849962,-11.77283,-12.86209,4175.904,4.952492,1.168607,2.70078,3.441406,-1.208538,-2.004503,-2.462189,4687.526,5.208876,1.365204,3.311792,3.950222,-1.419264,-2.528649,-2.95999,28142.176,19.212845,8.585485,17.109116,18.79222,-8.221768,-13.324985,-14.209232,27946.256,20.028175,8.734961,18.242895,20.399446,-8.586052,-14.929332,-17.302353,16419.775,1.817866,3.896599,5.61236,6.670086,-3.194898,-3.857921,-4.938332,12707.936,1.597225,3.058618,4.436792,5.215955,-2.518205,-3.046471,-4.23993,35589.707,16.6136,8.998705,16.10404,17.361378,-9.411374,-14.083317,-15.587008,22410.016,16.080315,5.618557,10.303078,11.218878,-5.911773,-8.584547,-9.257041,4520.061,5.057779,1.337623,3.476417,4.375991,-1.391975,-2.667722,-3.336293,5341.8384,5.310134,1.52714,3.778088,4.770546,-1.538441,-2.620561,-3.020879,31507.123,22.217335,10.127771,20.475767,22.378567,-9.829239,-18.132286,-20.609655,26418.295,20.348957,8.342895,16.474894,18.178596,-7.766911,-12.781198,-13.652020
1.0,250.0,16655.303,1.717067,4.738238,7.455325,8.761744,-3.391829,-4.00024,-5.119677,17396.746,1.741018,4.435532,6.745045,7.843348,-3.359889,-4.00406,-5.228446,39117.07,18.828255,9.39256,15.794768,16.828215,-10.548421,-15.513582,-16.650705,34926.59,17.922998,8.528184,15.089267,16.31914,-9.656825,-14.599726,-15.775644,4835.262,5.602564,1.331293,2.987377,3.604391,-1.462611,-2.55089,-3.876774,5407.7124,5.912205,1.535619,3.69347,4.499918,-1.711998,-3.031692,-3.623566,32728.6,21.866938,10.007025,19.285097,21.310871,-9.897442,-16.145397,-17.006573,32415.594,22.955988,10.064032,20.429546,22.716818,-10.392697,-17.865608,-19.298422,17984.502,1.92281,4.445969,6.420309,7.211805,-3.484722,-4.159387,-5.237441,13861.881,1.687626,3.444798,4.842909,5.526501,-2.774443,-3.358916,-5.624043,41865.41,19.239012,10.345488,18.162731,19.411737,-11.570189,-17.45517,-19.655397,26581.62,18.506977,6.509352,11.399822,12.429129,-7.242109,-10.600238,-11.456884,5216.7456,5.728397,1.494775,3.867125,4.914643,-1.680229,-3.149085,-3.693176,6173.9526,5.994791,1.726371,4.148766,5.145408,-1.853634,-3.27103,-3.804366,36579.508,25.643839,11.606566,22.945444,25.070045,-11.842196,-22.18697,-24.68011,30709.834,23.190928,9.648807,18.449558,20.116339,-9.329461,-14.990819,-16.264268
1.0,30.0,5627.461,1.245273,1.222049,1.621838,2.971086,-1.15133,-1.518671,-3.80735,5532.336,1.238997,1.076905,1.392155,2.711385,-1.040778,-1.378179,-3.16112,9267.503,6.21891,1.89898,2.564492,2.90275,-1.829267,-2.541931,-3.061089,8477.892,6.012057,1.725506,2.373224,2.77031,-1.697828,-2.41355,-2.947725,1264.5101,2.26862,0.328278,0.563237,0.924315,-0.319126,-0.54334,-0.90474,1388.9547,2.322111,0.368697,0.654302,0.987171,-0.344772,-0.574417,-1.691643,8316.678,7.436848,1.992573,3.009238,3.523158,-1.974502,-3.090173,-3.850034,8014.8936,7.543902,1.938834,3.025107,3.481517,-1.950265,-3.176471,-3.843339,5361.6777,1.278043,1.07444,1.371412,2.418966,-1.027269,-1.335499,-2.532761,4114.0996,1.205449,0.892261,1.205573,2.22484,-0.837814,-1.102624,-3.27439,10082.672,6.422537,2.094537,2.853278,3.504741,-2.010836,-2.895956,-3.850321,6588.3945,6.198359,1.424778,2.058482,2.351235,-1.387518,-1.926954,-2.429908,1357.1365,2.28671,0.372709,0.6653,1.121911,-0.339914,-0.597559,-1.072385,1691.735,2.446059,0.443618,0.744631,1.14645,-0.399956,-0.657054,-1.921473,8816.96,8.260706,2.106774,3.252723,3.761932,-2.154166,-3.57072,-4.150516,7791.872,7.834246,1.88209,2.916926,3.353567,-1.858568,-2.98352,-3.559301
1.0,75.0,10548.227,1.431777,2.6408,3.645568,4.825815,-2.106436,-2.647783,-3.958773,10182.125,1.468067,2.384308,3.173225,4.738039,-1.969274,-2.538624,-3.518164,17136.805,11.342719,4.504815,6.551849,7.034463,-3.866987,-5.548544,-6.634285,16191.058,10.649342,4.169429,6.002375,6.564356,-3.606213,-5.093809,-5.622259,2269.2646,3.238131,0.726118,1.104357,1.478159,-0.599663,-1.053265,-1.411729,2655.6145,3.390485,0.844028,1.258174,1.676339,-0.698384,-1.144361,-1.577507,15141.66,13.555762,4.801513,7.064222,7.712728,-4.00855,-6.596438,-7.127762,15565.888,13.549137,4.924249,7.103758,7.563893,-4.084492,-6.602359,-7.285062,10477.412,1.596782,2.456884,3.217985,4.243443,-2.010984,-2.474713,-3.300757,7861.285,1.367436,1.889351,2.535004,3.901463,-1.549599,-1.937462,-2.979611,19426.287,11.552672,5.121746,7.361224,7.850363,-4.3013,-6.028671,-6.788616,11839.465,11.111344,3.20726,4.691836,5.190521,-2.792768,-4.028691,-4.460723,2578.9944,3.310227,0.835748,1.292797,1.6846,-0.681591,-1.158707,-1.562882,2948.089,3.537569,0.967728,1.490836,2.097213,-0.77367,-1.363024,-1.778515,17415.904,15.157863,5.610839,8.286511,8.86258,-4.624395,-7.775701,-8.663316,14196.344,14.531056,4.598957,6.78877,7.355732,-3.815637,-6.476482,-7.046228
1.0,125.0,13164.996,1.528101,3.438082,4.649011,5.826998,-2.701224,-3.276476,-4.686167,13653.279,1.61423,3.234041,4.212091,4.94751,-2.617022,-3.190177,-4.576796,24064.855,13.535856,6.766244,10.668978,11.397013,-5.895,-8.692291,-10.074531,22305.668,12.612466,6.241988,9.787176,10.320035,-5.447659,-7.949077,-8.521787,3109.9705,4.011496,0.997931,2.084335,2.555496,-0.864704,-1.418173,-1.807932,3579.2554,4.190718,1.162594,2.362449,2.769278,-1.005932,-1.649784,-2.13526,20805.34,15.958656,7.18567,12.777316,13.94484,-5.827645,-9.402744,-9.990104,21100.66,15.939179,7.308193,12.863396,14.073736,-5.965371,-9.679889,-10.531729,14149.412,1.783971,3.382093,4.406181,4.998893,-2.695347,-3.26851,-4.16736,10359.434,1.476577,2.530525,3.295831,4.166432,-2.052347,-2.51177,-3.563164,26825.506,13.552789,7.616115,11.812872,12.505038,-6.533356,-9.514682,-10.147188,16499.078,13.421489,4.734331,7.79906,8.398189,-4.163543,-6.058224,-6.609914,3470.4614,4.076058,1.136626,2.444242,2.999506,-0.987292,-1.684181,-2.080987,4006.8694,4.369907,1.315106,2.890867,3.538846,-1.115305,-1.897198,-2.282165,23745.68,17.567715,8.493376,15.09536,16.173786,-6.777613,-11.534211,-12.337773,19564.3,16.891092,6.967539,12.912573,14.072948,-5.544754,-9.383035,-10.199354
1.0,175.0,15257.266,1.627894,3.993535,6.72688,7.798572,-3.046698,-3.865702,-5.295526,15571.066,1.701946,3.632154,5.273153,6.112086,-3.015741,-3.630537,-8.991685,30375.475,16.692574,7.638527,13.472387,14.975908,-7.775125,-11.420108,-12.370959,28012.334,15.648608,7.023828,12.42193,13.533545,-7.134527,-10.166389,-11.243974,3815.6587,4.690591,1.10082,2.611397,3.199955,-1.093495,-1.672059,-2.296051,4386.253,4.924901,1.280976,3.019999,3.681606,-1.275753,-1.965634,-2.352714,25862.895,19.288858,8.074817,16.491802,18.234146,-7.434087,-10.97184,-11.879893,26269.467,19.601463,8.146057,16.734247,18.604162,-7.684399,-11.675319,-12.922348,16067.525,1.879243,3.751093,5.109409,5.95306,-3.118518,-3.745398,-5.361936,12070.066,1.560397,2.831512,4.27449,5.407783,-2.38766,-2.899133,-5.49223,33687.926,16.826107,8.535229,14.78983,15.876784,-8.618777,-12.394152,-13.218132,20663.953,16.35154,5.328494,10.112637,11.080701,-5.440501,-7.845155,-8.605213,4251.627,4.786025,1.254495,3.184291,4.176109,-1.260862,-2.011185,-2.480016,4869.545,5.045463,1.441199,3.604765,4.376487,-1.414208,-2.220009,-2.595683,29672.84,21.71548,9.484179,18.742813,20.435917,-8.561495,-13.654911,-14.559003,24368.777,20.420315,7.842001,15.849999,17.612597,-6.932068,-11.024036,-11.681305
1.0,225.0,17334.129,1.721656,4.442707,7.43676,8.611472,-3.279122,-3.935388,-5.357571,17769.57,1.805507,4.113963,5.874172,6.795132,-3.290854,-4.076088,-5.125128,36065.32,19.787134,8.969235,15.2121,16.431484,-9.621023,-14.162728,-15.156698,33203.97,18.541162,8.237969,14.03957,14.97611,-8.807158,-12.909062,-13.691315,4470.002,5.424176,1.245412,2.958496,3.746497,-1.345705,-2.258884,-2.643955,5163.2036,5.727972,1.437132,3.401496,4.33661,-1.564882,-2.632553,-3.238459,30337.719,22.958845,9.263544,18.568647,20.410114,-9.112823,-14.926703,-15.725004,31057.25,23.322811,9.464881,18.737015,20.803955,-9.428588,-15.320164,-16.30475,18140.387,1.991684,4.253127,5.679857,6.707008,-3.446324,-4.104041,-5.200022,13854.199,1.650461,3.175034,4.757299,5.724574,-2.630083,-3.145006,-4.404883,39880.312,19.9565,9.979009,16.681604,17.855062,-10.573057,-15.483939,-16.586666,24525.648,19.516762,6.191929,11.317188,12.417466,-6.663369,-9.817252,-10.52088,4994.5923,5.545219,1.403988,3.594128,4.384495,-1.539256,-2.63268,-3.056426,5679.6987,5.838083,1.604718,4.100048,4.974662,-1.72672,-2.987272,-3.502034,35135.21,25.976746,11.13177,21.289743,23.155045,-10.743769,-19.001432,-20.62503,28665.033,24.333729,9.109651,18.030872,19.91662,-8.689991,-15.209652,-16.683191
1.0,30.0,5738.3164,1.232283,1.246823,1.741344,3.021723,-1.208571,-1.696583,-3.014976,5512.828,1.243508,1.12875,1.52048,2.711803,-1.054399,-1.941041,-4.195992,8982.289,6.104293,2.036155,2.804098,3.448183,-1.80286,-2.540236,-3.072381,8448.428,5.858612,1.898603,2.650516,2.970387,-1.703082,-2.419632,-2.957631,1197.3931,2.204853,0.345528,0.589122,0.869425,-0.297675,-0.517329,-1.452774,1363.4497,2.280849,0.397033,0.680734,0.996704,-0.341596,-0.578332,-1.51639,8175.5205,7.375688,2.177196,3.32953,3.850208,-1.934826,-3.07203,-3.521448,8117.105,7.384753,2.150512,3.349632,4.485422,-1.942538,-3.268516,-3.722094,5553.2617,1.296845,1.124795,1.445187,2.408943,-1.051137,-1.378423,-4.78773,4192.99,1.193215,0.892472,1.219529,2.38548,-0.848193,-1.115221,-2.743026,10077.367,6.271073,2.301627,3.146201,3.515413,-2.020803,-2.835208,-5.137624,6392.246,6.171392,1.529875,2.238881,2.565074,-1.365272,-1.911684,-2.396494,1344.1082,2.255859,0.399816,0.719139,1.019605,-0.348528,-0.608588,-1.093287,1603.1003,2.395439,0.467686,0.814579,1.219451,-0.396715,-0.680206,-1.117268,8960.793,8.009595,2.349047,3.598372,4.258889,-2.166018,-3.563158,-4.290342,7688.743,7.785842,2.058899,3.241698,3.761723,-1.843895,-3.01389,-3.512357
1.0,75.0,10296.627,1.417627,2.624374,3.648252,5.059639,-2.168015,-2.995248,-3.873796,10002.4375,1.436224,2.382787,3.239259,4.268441,-2.018564,-2.687903,-6.685946,16597.383,10.39319,4.581285,7.077653,7.595564,-3.795069,-5.416815,-6.006603,15369.019,9.838579,4.217859,6.598112,7.310539,-3.529834,-5.057472,-5.982407,2186.7024,3.24739,0.710721,1.330261,1.72163,-0.577996,-0.944502,-1.253158,2474.9377,3.362981,0.822155,1.536115,2.044081,-0.663131,-1.091979,-1.432904,14775.456,12.313831,4.899062,8.303837,8.854967,-3.927183,-6.37156,-10.458927,14707.264,12.447277,4.906379,8.242643,8.794327,-3.954427,-6.520126,-7.153805,10085.174,1.528614,2.417775,3.255841,4.094722,-2.030552,-2.734485,-3.67918,7738.662,1.357678,1.884998,2.555631,3.850146,-1.598973,-2.187234,-5.744305,18474.627,10.651687,5.160565,7.97905,8.5594,-4.22951,-5.985763,-7.121937,11564.612,10.257283,3.285905,5.256266,5.806585,-2.750888,-3.933943,-4.43099,2421.0576,3.304543,0.820529,1.583697,2.003159,-0.65594,-1.131998,-1.614465,2851.355,3.516068,0.947698,1.809903,2.254074,-0.752086,-1.274641,-1.647074,16462.854,13.684653,5.603093,9.398917,10.082801,-4.497762,-7.554616,-8.306731,13897.591,12.933193,4.714413,8.133568,8.914768,-3.765177,-6.21954,-7.946155
1.0,125.0,13373.752,1.542821,3.388478,4.801641,6.996585,-2.728151,-3.300419,-4.800197,13537.1875,1.595164,3.166172,4.175845,4.953296,-2.619818,-3.181929,-4.374519,23823.553,14.144526,6.430198,10.186393,10.916708,-5.844113,-8.476066,-9.191678,21877.88,13.287519,5.910845,9.470636,10.2585,-5.372498,-7.824708,-8.365143,3058.401,4.126272,0.929419,1.987862,2.427271,-0.845221,-1.519823,-2.336823,3482.177,4.330973,1.079373,2.284986,2.894484,-0.97993,-1.675577,-2.118619,20675.023,16.410118,6.818808,12.383785,13.612667,-5.741285,-9.450059,-10.034878,20761.941,16.769548,6.91279,12.612296,13.985495,-5.913563,-9.845274,-10.733537,13808.299,1.732096,3.260062,4.251452,5.142945,-2.711334,-3.543493,-4.687188,10319.498,1.476891,2.477121,3.247693,4.903827,-2.065654,-2.534031,-4.071641,26385.904,14.371186,7.23306,11.353894,11.935236,-6.460914,-9.337134,-10.208429,16367.62,13.880728,4.510934,7.560309,8.264732,-4.109246,-5.959977,-6.736831,3389.2732,4.233503,1.064387,2.428045,2.976736,-0.963031,-1.749195,-2.152577,3938.1545,4.455989,1.223061,2.758877,3.449449,-1.083521,-1.901332,-2.767098,23399.91,18.495693,8.022723,14.546061,16.14588,-6.740186,-11.550761,-12.616376,19501.227,17.350706,6.638619,12.487009,13.655267,-5.505545,-9.168849,-9.815280
1.0,175.0,15091.766,1.630126,3.947553,6.044172,7.434948,-3.091107,-3.708227,-7.158349,15523.125,1.691203,3.706078,4.982327,5.812065,-3.030809,-3.632816,-4.58915,30779.324,17.359644,8.003157,12.952015,13.910154,-7.781955,-11.456803,-12.912112,27993.209,16.18565,7.327727,12.055718,12.984347,-7.171132,-10.650808,-11.446402,3884.7644,4.895852,1.104284,2.538749,3.110186,-1.101978,-1.868864,-2.212389,4378.2036,5.095325,1.278497,2.943485,3.475841,-1.281843,-2.249559,-2.570555,26592.35,20.428556,8.326927,15.901722,17.51307,-7.557196,-12.558768,-13.443962,26431.541,20.514765,8.482932,16.131899,17.892096,-7.819644,-13.553435,-14.37344,15998.252,1.85634,3.820705,4.933287,5.674625,-3.117565,-3.752829,-6.175817,11862.492,1.55958,2.882193,3.858935,4.871167,-2.420878,-2.920442,-4.278805,33722.895,17.483337,8.933498,14.382389,15.296179,-8.625914,-12.715156,-13.702026,20989.25,17.06161,5.546532,9.616839,10.464577,-5.409819,-7.944009,-9.91938,4240.585,4.933552,1.25034,3.106516,3.803262,-1.263367,-2.3163,-2.690995,4983.0894,5.304217,1.448012,3.502432,4.258485,-1.405386,-2.467598,-2.996856,29864.764,22.709232,9.917568,18.479254,19.944632,-8.976793,-16.026396,-17.113525,25006.342,21.49577,8.144323,15.702893,17.128752,-7.218526,-12.314097,-13.177301
1.0,225.0,17385.127,1.736846,4.46002,6.890073,8.048762,-3.312486,-3.971596,-5.16761,17694.111,1.799352,4.223015,5.839417,6.820059,-3.298259,-3.950378,-5.122273,36372.93,20.043646,9.285285,15.15135,16.120628,-9.574722,-14.098394,-14.893092,33241.695,18.822754,8.503138,14.095686,14.972227,-8.773015,-12.973645,-13.778042,4480.7573,5.444367,1.269496,2.885853,3.502534,-1.320752,-2.260139,-2.716131,5126.3857,5.756099,1.488106,3.391309,4.097813,-1.535432,-2.682415,-3.168372,30640.31,23.133944,9.685093,18.363535,20.000113,-9.087706,-15.056162,-16.244354,31037.523,23.655338,9.922497,18.83772,20.456125,-9.410752,-15.914248,-16.979347,18093.533,1.980765,4.349639,5.771312,6.831394,-3.41638,-4.088465,-11.989727,13953.379,1.668048,3.258749,4.467971,5.325187,-2.646252,-3.178398,-4.34284,39960.47,20.326563,10.339372,16.936628,18.101637,-10.5217,-15.476192,-16.517126,24741.756,19.700548,6.431095,11.011307,11.970217,-6.611334,-9.70338,-10.382619,4963.868,5.573096,1.456208,3.597537,4.591172,-1.512657,-2.735933,-3.209046,5704.211,5.866544,1.661174,4.014162,4.854463,-1.681903,-2.971491,-3.827141,35116.9,26.267586,11.56751,21.704594,23.374954,-10.784061,-19.275799,-21.010754,28924.643,24.423693,9.486254,18.217098,20.04324,-8.680388,-14.993202,-16.298157
1.0,30.0,5642.174,1.246957,1.427587,1.938758,3.059806,-1.171876,-1.538471,-2.848894,5556.4727,1.259164,1.266164,1.702407,2.687,-1.07366,-1.398344,-2.549165,10009.372,7.395044,2.28232,3.215744,3.910975,-1.911133,-2.623808,-3.367452,9300.507,7.041925,2.088299,2.941751,3.562431,-1.786052,-2.550878,-2.912322,1402.8689,2.311739,0.416692,0.684019,1.710569,-0.336294,-0.540852,-0.858947,1600.4531,2.405748,0.482514,0.839133,1.159316,-0.388513,-0.624709,-0.850195,9116.34,9.153068,2.422521,3.578676,4.123425,-2.073809,-3.205533,-3.680928,9168.796,9.312001,2.433222,3.644342,4.1474,-2.115304,-3.317666,-3.729549,5743.49,1.323382,1.280517,1.661832,2.87444,-1.078146,-1.398279,-2.32216,4128.6016,1.203406,1.014227,1.379981,2.335279,-0.842201,-1.11455,-2.310158,11112.832,7.638687,2.558372,3.561457,3.909274,-2.11701,-2.920052,-3.504704,6973.809,7.309501,1.672429,2.40364,2.787435,-1.430782,-1.989404,-2.54996,1566.0281,2.373075,0.483159,0.793376,1.126088,-0.383549,-0.65052,-1.021758,1881.461,2.53461,0.563268,0.911394,1.262268,-0.444638,-0.719158,-1.042253,10145.34,10.43525,2.720941,4.040165,4.5895,-2.361443,-3.806649,-4.39987,8546.541,9.936497,2.294288,3.432718,4.203641,-1.979147,-3.139935,-4.036379
1.0,75.0,10291.113,1.446296,2.641593,3.635121,4.696649,-2.121711,-2.666831,-3.812836,10258.73,1.470948,2.40221,3.254974,4.214473,-2.002584,-2.502233,-3.800318,17599.463,10.04344,4.879107,7.407248,8.040677,-3.973278,-5.56627,-6.540687,16167.363,9.536823,4.461539,6.810893,7.280236,-3.668476,-5.154609,-5.716107,2385.7537,3.208515,0.790647,1.441139,1.857819,-0.626093,-0.99145,-1.374389,2718.55,3.362236,0.921649,1.663154,2.217529,-0.721474,-1.130186,-1.457726,15729.78,12.030539,5.220677,8.464735,8.966669,-4.118215,-6.368248,-7.373628,15838.007,12.228406,5.298,8.659859,9.271145,-4.182117,-6.484814,-7.057822,10439.391,1.576444,2.46293,3.246237,4.070831,-2.030677,-2.535379,-3.514865,7603.5547,1.371227,1.895034,2.568702,3.476065,-1.558455,-1.943404,-3.758712,19426.498,10.226769,5.473625,8.306948,8.81035,-4.410872,-6.241606,-6.941532,12139.497,9.978052,3.442191,5.373849,5.944166,-2.861046,-4.039703,-4.467272,2632.1445,3.277539,0.909483,1.71026,2.116689,-0.7103,-1.15174,-1.494908,3119.3887,3.490448,1.0544,1.978017,2.565376,-0.819658,-1.296372,-1.66818,17669.32,13.33364,6.085248,9.956842,10.70026,-4.682531,-7.606961,-8.496387,14758.708,12.68487,5.016544,8.474364,9.007143,-3.881451,-6.099931,-6.762078
1.0,125.0,14246.822,1.629685,3.526559,4.839054,5.744802,-2.785614,-3.400228,-5.310954,13741.104,1.636495,3.272121,4.316062,5.366326,-2.656043,-3.373742,-4.508139,24962.389,13.299142,7.111942,11.137651,11.975607,-6.080716,-8.837318,-9.440641,22889.74,12.643517,6.494389,10.236674,10.818817,-5.606414,-8.182946,-8.991633,3281.8093,4.080684,1.065122,2.163977,2.732953,-0.909768,-1.532015,-1.831019,3713.082,4.253859,1.236674,2.503326,3.000412,-1.062847,-1.789631,-2.219788,21916.186,15.820768,7.604662,13.326809,14.352013,-6.115457,-9.859104,-10.938235,21897.053,15.981385,7.743595,13.62805,14.866531,-6.266174,-10.318188,-13.195793,13921.572,1.770362,3.374968,4.45926,5.201776,-2.727761,-3.329462,-4.436578,10936.68,1.54256,2.576,3.390594,4.094814,-2.103155,-2.562409,-4.131351,27580.85,13.571818,7.954423,12.423382,13.086945,-6.728184,-9.74685,-10.437912,17036.953,13.138547,4.947102,7.965404,8.551905,-4.28012,-6.22532,-6.716424,3589.7483,4.131911,1.21013,2.592253,3.205071,-1.027776,-1.864135,-2.241358,4226.9204,4.408286,1.405855,2.985987,3.460384,-1.174513,-2.100083,-2.551861,24608.637,17.56222,8.950253,16.047216,17.167418,-7.101818,-12.238859,-13.114003,20563.46,16.633642,7.334215,13.486389,14.60703,-5.845325,-9.85285,-10.779611
1.0,175.0,15954.133,1.707145,4.013347,5.719416,6.595118,-3.097236,-3.747475,-4.776222,15781.672,1.735092,3.789769,4.812256,5.784769,-3.10349,-3.876085,-5.112937,32164.7,16.597305,8.626325,13.676762,14.556066,-8.092679,-11.751448,-12.48777,29501.838,15.768222,7.883833,12.74166,14.487214,-7.41753,-10.790469,-11.892008,4120.6597,4.84581,1.213259,2.726791,3.484968,-1.165661,-1.915555,-2.452878,4711.71,5.123868,1.415803,3.192427,3.831886,-1.342325,-2.231025,-2.646882,27499.598,19.393517,8.995513,16.88541,18.571253,-7.813309,-12.737581,-13.589372,27822.477,19.908056,9.219687,17.333193,19.028624,-8.051831,-13.440763,-14.440143,16159.457,1.903434,3.949376,5.019656,6.055058,-3.145566,-3.804142,-4.763855,12581.215,1.62768,2.951562,3.694036,4.992322,-2.412593,-3.634436,-5.972456,35489.14,16.905518,9.614157,15.284171,16.209305,-8.909523,-12.901477,-13.84035,21835.242,16.332565,5.946123,9.998868,10.809322,-5.623637,-8.173367,-8.983907,4537.0684,4.952133,1.394983,3.37458,4.26844,-1.316366,-2.235253,-2.529921,5259.1816,5.21684,1.589989,3.793971,4.74521,-1.487096,-2.496578,-2.975132,31284.883,21.889296,10.731012,20.157194,21.768267,-9.182778,-15.923375,-17.92668,25826.4,20.434484,8.756596,16.917006,18.358738,-7.450152,-12.6125,-13.393482
1.0,225.0,17447.0,1.779064,4.463526,6.738744,7.441671,-3.341476,-3.971016,-5.109815,17308.283,1.812328,4.243474,5.558361,6.566171,-3.328286,-3.955856,-5.155263,38709.066,18.020563,10.118309,16.410448,17.35668,-10.227718,-15.196617,-16.102783,35624.74,17.113756,9.254186,15.301219,16.435307,-9.356895,-13.823225,-14.637855,4830.4146,5.283754,1.38607,3.234122,4.108097,-1.447439,-2.471008,-2.870969,5557.8164,5.600852,1.616347,3.799928,4.579062,-1.676672,-2.856605,-3.370127,32491.72,20.699343,10.400628,20.290323,22.387325,-9.68679,-16.050669,-17.437576,33117.824,21.265959,10.690864,20.781294,22.922558,-10.012185,-16.628904,-17.47217,17794.941,2.000442,4.419967,5.591337,6.303783,-3.469074,-4.127204,-5.249592,13949.164,1.696386,3.283722,4.241482,5.144403,-2.673215,-3.217111,-4.18504,42670.98,18.298298,11.21934,18.200182,19.468332,-11.166224,-16.452574,-17.71249,26232.36,17.660278,6.955665,12.047651,13.235238,-7.059051,-11.095299,-11.613497,5353.897,5.426798,1.564183,4.008289,5.066141,-1.639725,-2.887349,-3.27532,6131.7446,5.681013,1.808544,4.534942,5.803102,-1.844077,-3.273111,-3.679459,37294.95,23.663061,12.480904,23.982365,25.992674,-11.37405,-19.94409,-21.688654,30530.734,22.085497,10.189032,20.003725,21.929834,-9.206413,-15.878515,-16.928952
1.0,275.0,19531.879,1.844953,5.115948,8.435885,9.227486,-3.618094,-4.285324,-5.537564,20200.82,1.951495,5.11341,6.784242,7.697884,-3.69101,-4.7861,-5.249301,44617.23,23.319077,10.069451,18.155209,19.386637,-12.042248,-18.00676,-19.231833,41132.855,21.782808,9.264812,16.68782,17.859264,-11.033327,-16.4385,-17.446653,5603.8696,6.082054,1.430981,3.59467,4.456997,-1.708875,-2.973637,-3.340195,6491.1553,6.466766,1.676804,4.153551,5.072862,-1.997392,-3.476272,-3.814734,37033.29,26.580135,10.559576,22.173962,24.822132,-11.225033,-19.031887,-20.263525,38132.797,27.269915,10.791091,22.656878,25.274237,-11.758909,-19.920116,-21.353415,20734.033,2.190745,4.861413,6.697035,7.542505,-3.782858,-4.828428,-9.660199,15998.279,1.780619,4.500293,5.551183,6.630144,-2.951205,-3.526726,-4.528527,49183.305,23.403751,11.228751,19.878384,21.159468,-13.134912,-19.389622,-20.870707,30337.62,22.690252,7.024792,13.565447,14.989925,-8.286518,-12.418482,-13.138342,6251.046,6.25463,1.629202,4.268634,5.301195,-1.950351,-3.604595,-4.055469,7117.0625,6.582699,1.863786,4.870226,5.957008,-2.17135,-3.987722,-5.032748,42850.16,30.563196,12.522592,24.966812,27.08096,-13.392027,-23.915466,-28.317827,34846.785,28.312023,10.262349,20.9722,23.138573,-10.750696,-18.903076,-20.253860
1.0,275.0,18525.174,1.77925,5.18424,8.510528,9.631486,-3.580355,-4.234891,-5.576574,19153.652,1.884074,4.675826,6.823206,7.648658,-3.608689,-4.300202,-5.29107,44566.062,21.988417,10.303913,18.480947,20.02014,-12.121367,-18.060385,-19.217052,41264.844,20.641323,9.523617,17.02782,18.31345,-11.09981,-16.366735,-17.511335,5567.67,6.01453,1.471029,3.721874,4.674118,-1.704702,-2.900109,-3.261428,6470.085,6.406319,1.725865,4.305626,5.151606,-1.979139,-3.351549,-3.697095,36736.742,25.054893,10.762562,22.702587,25.553259,-11.175657,-18.564104,-19.726505,37759.895,25.550846,10.994738,23.07208,25.733765,-11.5919,-19.319237,-20.41341,19897.674,2.119213,4.780225,6.725417,7.392822,-3.762022,-4.459477,-5.568282,15184.469,1.721974,3.669803,6.171043,6.365464,-2.900969,-3.477972,-4.44909,49320.676,22.12126,11.489514,20.171423,21.632057,-13.208098,-19.309916,-21.349098,30388.105,21.705881,7.230303,13.982824,15.488456,-8.369611,-12.511388,-13.329659,6233.1255,6.180919,1.675807,4.446039,5.538792,-1.933989,-3.442448,-3.854858,7056.669,6.488073,1.91815,5.082459,6.708748,-2.168586,-3.902515,-4.469335,42427.188,28.323357,12.692818,25.403101,27.73624,-13.182634,-23.368513,-25.507639,34563.723,26.562416,10.44195,21.483515,23.904205,-10.66106,-18.769773,-20.143349
1.0,275.0,18430.21,1.794404,4.980553,8.197207,9.467863,-3.530773,-4.178513,-5.723386,19272.404,1.917299,4.580603,6.496998,7.246287,-3.561975,-4.221471,-8.961729,44421.887,22.793325,10.530688,17.827463,19.052666,-12.161938,-18.198069,-19.50739,41069.6,21.244673,9.717715,16.398458,17.613865,-11.098194,-16.536945,-17.627598,5487.7363,6.010444,1.461927,3.625977,4.654869,-1.706492,-2.958654,-3.334857,6350.764,6.375259,1.712912,4.157114,5.07086,-1.980058,-3.448635,-3.888454,36511.047,25.459656,10.8283,21.925268,24.391352,-11.237992,-18.993387,-20.20674,37378.07,25.786709,11.081687,22.180523,24.787914,-11.627519,-19.763853,-21.03571,20077.361,2.163433,4.754129,6.392781,6.948681,-3.722204,-4.413288,-6.98291,15023.18,1.72452,3.536388,5.318639,6.204442,-2.868169,-3.448705,-6.237183,49063.92,22.772848,11.715545,19.407888,20.634567,-13.207011,-19.493052,-20.878006,30311.324,22.399246,7.323823,13.482652,14.868997,-8.388154,-12.583816,-13.324297,6124.1577,6.139162,1.663264,4.321497,5.497819,-1.93969,-3.541247,-4.265015,6959.1733,6.472167,1.912736,4.96249,6.212976,-2.168033,-3.948369,-4.473828,42035.848,28.728691,12.915018,24.622438,26.96619,-13.24256,-23.37077,-25.207115,34348.992,26.933348,10.622826,21.015314,23.689657,-10.704988,-18.676252,-20.631574
1.0,30.0,5828.254,1.236785,1.638415,2.281931,3.639547,-1.247796,-1.652973,-2.837284,5353.375,1.222767,1.389402,1.892606,3.248114,-1.113249,-1.463655,-3.457764,8895.762,5.006121,2.26756,3.366169,3.715926,-1.798525,-2.494296,-3.197712,8133.156,4.813547,2.081437,3.165273,3.538008,-1.674694,-2.359167,-2.917609,1322.1224,2.135441,0.449474,0.793166,1.156327,-0.33055,-0.529532,-0.874793,1481.1115,2.214361,0.512467,0.911368,1.518863,-0.382546,-0.677855,-1.097841,8325.539,6.413125,2.498859,4.022301,4.416472,-1.977248,-3.073402,-3.510939,8230.05,6.580114,2.490438,4.14787,4.744703,-2.026481,-3.230717,-3.722183,5518.783,1.276566,1.37933,1.853589,2.642949,-1.100403,-1.447828,-3.340972,4209.1035,1.196365,1.163915,1.592454,2.732634,-0.886629,-1.25353,-2.752118,9804.867,5.186432,2.524151,3.757254,4.307568,-1.989537,-2.766551,-3.33219,6252.941,4.965227,1.70921,2.637535,3.109975,-1.350276,-1.896342,-2.749544,1464.222,2.216842,0.517667,0.952642,1.262488,-0.376996,-0.661818,-0.997203,1801.5078,2.332761,0.615951,1.063754,1.418571,-0.44048,-0.814526,-1.088362,9197.909,7.473191,2.778323,4.58302,5.208695,-2.273715,-3.761847,-4.299888,7899.995,7.068495,2.391782,3.918861,4.291086,-1.895875,-2.988525,-3.455212
1.0,75.0,10617.689,1.43082,2.777567,3.873559,4.734095,-2.2233,-2.786277,-4.178562,10308.344,1.435241,2.482559,3.354879,4.267998,-2.040161,-2.506491,-3.729241,16696.727,7.640144,4.661288,7.20117,7.658867,-3.881651,-5.494098,-6.14505,15177.205,7.326219,4.272034,6.725299,7.20511,-3.592105,-5.210397,-5.853995,2342.577,2.979678,0.787771,1.447768,1.820101,-0.632719,-1.026349,-1.483266,2637.481,3.123155,0.916113,1.693121,2.045343,-0.739617,-1.267958,-1.620423,15096.331,9.287753,5.046778,8.454532,8.957618,-4.062906,-6.480481,-7.211017,15075.586,9.646399,5.133975,8.768658,9.380494,-4.231449,-7.140863,-7.884771,10324.42,1.517697,2.502342,3.403704,4.324166,-2.045041,-2.527914,-3.391282,7914.8926,1.368307,1.986288,2.801812,3.608071,-1.608345,-2.01481,-2.965887,18314.268,7.857597,5.222103,8.12027,8.717666,-4.299692,-6.173358,-6.806605,11570.51,7.545757,3.336385,5.343461,5.879146,-2.802689,-3.973877,-4.77548,2569.7124,3.084119,0.90994,1.735945,2.126822,-0.728059,-1.302485,-1.783211,3082.965,3.212228,1.058096,1.964145,2.412872,-0.822715,-1.335814,-1.753621,16914.791,10.770358,5.889919,10.046835,10.613935,-4.811574,-8.406358,-9.143996,14257.916,10.011553,4.852508,8.308919,8.987605,-3.894912,-6.389278,-7.005010
1.0,125.0,13925.168,1.592454,3.554804,4.839797,5.850068,-2.861266,-3.485133,-4.498302,13424.006,1.567543,3.248834,4.286416,5.172831,-2.676507,-3.279105,-5.881991,24306.084,11.302729,7.010758,11.026392,11.6484,-6.035681,-8.785994,-9.920094,21885.297,10.776524,6.377855,10.259031,10.984489,-5.52258,-8.260597,-8.932567,3252.5005,3.80743,1.083217,2.164825,2.671954,-0.924573,-1.570365,-1.897405,3639.1416,4.011012,1.264022,2.575964,2.99766,-1.066556,-1.860144,-2.298678,21281.793,13.345513,7.474081,13.06362,13.930989,-6.047234,-9.92229,-10.773379,21119.39,13.892401,7.68046,13.790739,14.893723,-6.277841,-10.880701,-11.542497,13622.672,1.686385,3.339372,4.658966,5.1907,-2.726815,-3.322074,-4.371712,10608.652,1.50795,2.596777,3.394769,3.985461,-2.141523,-2.639805,-5.301809,26443.82,11.623959,7.82265,12.426796,13.149933,-6.635039,-9.773779,-10.710367,16675.484,11.013467,4.907754,7.946338,8.50803,-4.257257,-6.203497,-7.242663,3529.141,3.930405,1.247181,2.698636,3.267903,-1.046471,-1.915578,-2.305836,4220.7124,4.09414,1.433915,2.9603,3.512345,-1.186922,-2.046328,-2.64919,23746.748,15.507994,8.908281,16.125017,17.286825,-7.128756,-12.681952,-13.708888,20089.486,14.299225,7.24779,13.201488,14.223631,-5.783831,-9.577475,-10.254068
1.0,175.0,16038.998,1.712375,4.034104,6.057257,7.054523,-3.160474,-3.775419,-5.962028,15733.65,1.682429,3.675478,5.442268,6.253105,-3.031672,-3.694446,-5.177885,31054.574,14.228701,8.094828,13.418273,14.190987,-8.004711,-11.721132,-12.652518,27951.33,13.658207,7.312257,12.86893,13.909759,-7.309295,-11.041212,-11.899978,3992.357,4.555785,1.193765,2.646338,3.262401,-1.149561,-1.908332,-2.439759,4501.3027,4.832311,1.375203,3.245985,3.945581,-1.334202,-2.392965,-2.75967,26367.002,16.684818,8.514004,16.43699,17.82137,-7.666126,-12.271306,-12.999601,26364.21,17.583052,8.631391,17.592684,19.38529,-7.970717,-13.826108,-14.763848,16181.469,1.841379,3.768785,5.103748,5.949259,-3.125294,-3.894411,-4.987808,12982.975,1.656115,2.968691,3.924069,4.681319,-2.456962,-3.002968,-3.928568,33730.55,14.703454,8.949701,15.53751,16.589008,-8.777614,-13.186679,-14.139847,21203.781,13.80926,5.620507,9.854296,10.592892,-5.56637,-8.097338,-8.815447,4359.211,4.710695,1.346237,3.390298,4.259138,-1.313662,-2.485925,-2.927567,5130.2275,4.868422,1.56128,3.664612,4.40571,-1.45927,-2.502972,-3.044668,29684.438,19.645823,9.985122,19.799648,21.4396,-9.086255,-16.67661,-17.982693,24873.072,17.735353,8.2759,15.987608,17.342823,-7.269817,-11.866437,-13.380497
1.0,225.0,18266.795,1.792974,4.505508,6.969723,8.512625,-3.458872,-4.122845,-5.639291,17693.82,1.760424,4.159004,6.146962,7.013461,-3.353611,-4.053685,-5.344552,37369.816,17.39985,9.548215,15.717104,16.81078,-9.858068,-14.450534,-15.437654,33751.258,16.567757,8.642995,14.953553,16.307875,-9.099664,-13.811349,-14.764199,4715.415,5.233153,1.335305,3.076894,3.719505,-1.375147,-2.337827,-2.759178,5305.165,5.51983,1.540097,3.724302,4.630875,-1.634765,-2.981669,-3.478121,31439.027,20.199808,9.860345,19.091837,20.965218,-9.182372,-14.699014,-15.643216,31512.158,21.105324,9.993214,20.225662,22.51063,-9.768824,-17.30496,-18.472383,17960.422,1.920437,4.242087,5.764428,7.548198,-3.466942,-4.35355,-5.254641,14122.424,1.68533,3.282506,4.401971,5.531799,-2.759436,-3.296939,-4.359708,40547.47,17.705557,10.523224,18.014412,19.16093,-10.924382,-16.579224,-18.627407,25585.135,16.97427,6.583708,11.624701,12.687472,-6.831146,-9.969005,-10.997875,5121.448,5.359535,1.512018,3.920984,4.950981,-1.603936,-3.042069,-3.577226,6024.4585,5.604232,1.736363,4.246572,5.245149,-1.741281,-3.049278,-3.618494,35396.523,23.511644,11.644993,22.946657,24.96002,-11.139575,-20.715467,-22.22522,29598.398,21.50198,9.655006,18.735577,20.573126,-8.727504,-14.615803,-15.728964
1.0,275.0,17669.686,1.744832,5.019631,8.387832,9.464851,-3.668149,-4.255772,-7.807742,18884.986,1.813063,4.638985,7.27699,8.45455,-3.598926,-4.230834,-6.684453,44524.984,20.57574,10.117212,17.664127,18.870281,-12.060996,-17.672447,-19.073925,39910.29,19.42294,9.267823,16.771795,18.298033,-11.066863,-16.913572,-17.832998,5531.329,5.980898,1.418744,3.418797,4.303664,-1.658652,-2.758309,-3.145393,6200.5703,6.314871,1.65347,4.174597,5.13237,-1.97001,-3.561038,-3.962034,36670.203,23.421644,10.463149,21.285036,23.570356,-11.002393,-17.069294,-17.834723,36651.535,24.560942,10.717148,22.969967,25.922419,-11.681165,-20.300865,-21.74472,19308.406,1.992542,4.631544,6.933457,7.62038,-3.718272,-4.41052,-6.148145,14630.99,1.709484,3.544979,5.351981,6.205926,-2.957307,-3.489784,-5.932519,47822.418,20.819696,11.242368,20.170818,21.568377,-13.256735,-20.28776,-21.497456,30427.822,20.02125,7.023206,13.138272,14.373724,-8.305997,-12.127888,-12.79821,5977.676,6.111363,1.610176,4.398326,5.573404,-1.935321,-3.644546,-4.345144,7037.807,6.382971,1.849833,4.590641,5.583798,-2.094157,-3.617964,-4.018996,41124.41,27.369928,12.40494,25.237267,27.90145,-13.268019,-25.117983,-27.406824,34486.133,24.834776,10.274289,20.149652,22.210876,-10.336164,-17.484251,-21.743960
1.0,30.0,6065.1367,1.27959,1.225162,1.66731,3.028268,-1.132295,-1.485399,-2.877884,5310.3613,1.232558,1.097302,1.471307,2.404114,-1.040753,-1.361598,-2.544722,10021.714,5.383886,2.370654,3.302758,3.658118,-2.031118,-2.795799,-3.680817,9215.215,5.272816,2.149322,3.073957,3.465464,-1.899011,-2.66465,-3.361679,1377.9297,2.211801,0.415493,0.728073,0.991278,-0.341447,-0.562361,-0.919613,1528.3993,2.28126,0.457294,0.806555,1.230703,-0.389914,-0.649811,-1.080597,8975.203,6.476731,2.546816,3.978714,4.452823,-2.140106,-3.332152,-4.055699,8743.58,6.639593,2.435343,3.90139,4.510898,-2.153322,-3.458503,-4.014145,5050.453,1.263556,1.100715,1.458093,2.360076,-1.032989,-1.331721,-2.421217,3988.457,1.202979,0.872525,1.151887,2.047678,-0.804964,-1.058718,-2.576288,10987.9375,5.576691,2.599983,3.647413,4.055162,-2.23833,-3.108946,-3.823026,7217.195,5.448205,1.809565,2.677577,3.071572,-1.550465,-2.159355,-2.613057,1501.123,2.258179,0.462561,0.841317,1.109969,-0.389851,-0.67016,-1.139259,1852.1663,2.380727,0.569976,0.968634,1.432534,-0.448827,-0.713556,-1.145166,9535.331,7.16408,2.629859,4.165878,4.558227,-2.370577,-3.892481,-4.43059,8393.384,6.784804,2.386506,3.793163,4.277591,-2.03194,-3.168623,-3.707187
1.0,75.0,12492.59,1.555667,2.657595,3.642192,4.552759,-2.093809,-2.630232,-7.623757,9936.705,1.430262,2.333357,3.137378,3.992413,-1.98313,-2.534767,-3.288253,18522.994,9.532341,5.282983,8.359063,8.85719,-4.278018,-6.126047,-7.152388,17400.16,9.381797,4.841288,7.764009,8.465403,-4.001806,-5.715187,-6.571787,2501.893,3.230306,0.846953,1.628598,2.040282,-0.67544,-1.146687,-1.615128,2893.3274,3.434633,0.978464,1.882756,2.205825,-0.776861,-1.284478,-1.687875,16295.107,11.311941,5.628464,9.703041,10.407558,-4.396363,-7.112132,-8.059255,16513.61,11.868334,5.667425,9.945546,10.791988,-4.489915,-7.307574,-8.380151,9858.492,1.511458,2.378135,3.175148,3.80731,-2.011597,-2.516882,-3.715438,9468.254,1.474558,1.900069,2.549105,3.387107,-1.521076,-1.936421,-3.741334,20842.812,9.992463,5.91962,9.413023,9.992466,-4.761304,-6.704877,-7.306216,12954.706,9.348746,3.83393,6.31047,6.878316,-3.118349,-4.4619,-4.973754,2815.212,3.364847,0.973714,1.945146,2.411164,-0.763112,-1.313162,-1.853622,3234.276,3.448036,1.129709,2.175521,2.588907,-0.870145,-1.506417,-1.992672,18258.049,13.004482,6.37506,11.087591,11.785096,-5.013227,-8.46047,-9.326124,15189.111,11.79431,5.35814,9.467978,10.161841,-4.161639,-6.958834,-7.980049
1.0,125.0,13264.645,1.54297,3.417505,4.744795,5.868657,-2.770505,-3.357221,-4.479691,13229.654,1.605274,3.18984,4.120066,5.201883,-2.666932,-3.209154,-4.417835,26657.693,13.414321,7.424077,12.079725,12.798804,-6.533711,-9.550262,-10.25048,25092.574,12.619112,6.904281,11.122702,11.971776,-6.071183,-8.708425,-9.475202,3457.9238,4.100912,1.103586,2.397843,2.976827,-0.970133,-1.618332,-2.137151,4050.2673,4.314681,1.293134,2.697504,3.249426,-1.127433,-1.859481,-2.27228,22757.756,15.529953,7.833003,14.695548,15.935091,-6.432853,-10.702609,-11.403358,23486.781,15.590257,8.045748,14.822906,16.022436,-6.607589,-10.808456,-11.444359,13771.754,1.777708,3.34464,4.330988,5.188119,-2.758676,-3.337349,-4.02897,10053.559,1.466037,2.460307,3.393346,4.26174,-2.073598,-2.492827,-3.895181,30159.88,13.487887,8.443469,13.334315,14.056533,-7.255877,-10.369499,-11.076721,18361.783,13.219988,5.24118,9.098285,9.81797,-4.646729,-6.849329,-7.533083,3910.7332,4.184986,1.26666,2.824587,3.446826,-1.100057,-1.857275,-2.23444,4427.997,4.43154,1.459513,3.307539,3.943518,-1.245184,-2.172514,-2.619849,26151.205,17.111338,9.248815,17.008963,19.495964,-7.396074,-12.147438,-13.120916,21264.059,16.32802,7.538645,14.509334,15.619048,-6.073955,-10.125862,-10.899864
1.0,10.0,2492.3047,1.105502,0.237609,0.385293,3.224831,-0.479427,-0.764729,-2.358658,1885.299,1.085501,0.216286,0.371366,2.221608,-0.445178,-0.652046,-2.207208,5138.31,3.840018,0.450997,0.569114,0.975204,-0.802311,-1.073954,-1.594638,4896.5864,3.741079,0.42389,0.541373,0.877462,-0.767242,-1.042544,-1.458867,731.9951,1.658081,0.094743,0.184044,0.585042,-0.167213,-0.321022,-0.806807,854.2355,1.715862,0.110883,0.177281,0.594135,-0.180959,-0.296384,-0.695575,4685.912,4.535615,0.49929,0.657399,0.977549,-0.905555,-1.338693,-1.896635,4779.026,4.619549,0.4965,0.666218,2.383014,-0.910817,-1.343301,-1.838447,1860.9824,1.101901,0.196689,0.323005,1.686962,-0.4402,-0.732861,-1.613996,1828.5371,1.087077,0.179299,0.340022,1.724784,-0.387755,-0.947228,-1.909418,5876.591,3.980105,0.509112,0.625776,1.070439,-0.906405,-1.209813,-1.703348,3634.7046,3.806834,0.364156,0.466908,0.841384,-0.630141,-0.85527,-1.233601,854.6657,1.715489,0.116031,0.209288,0.646802,-0.183375,-0.306582,-0.792393,1002.4415,1.780368,0.130677,0.198319,1.676415,-0.2104,-0.379992,-0.842678,5249.834,5.017332,0.528063,0.693091,1.071051,-0.998227,-1.511576,-1.915383,4413.9355,4.822635,0.475546,0.625181,1.144985,-0.857938,-1.303247,-1.789112
1.0,50.0,8448.887,1.359072,2.056028,2.762535,3.668196,-1.673698,-2.170188,-3.163816,7999.293,1.367224,1.839793,2.419051,3.489015,-1.537922,-2.057901,-3.145373,14339.623,8.097329,3.810603,5.648471,6.151168,-3.080838,-4.33657,-4.944692,13428.96,7.748458,3.513942,5.238682,5.706573,-2.892252,-4.065214,-4.660366,1976.7076,2.772623,0.641113,1.155109,1.514947,-0.507271,-0.835849,-1.194312,2263.9116,2.886547,0.73868,1.296488,1.707138,-0.58605,-0.969369,-1.386297,12845.53,9.593161,4.038341,6.475424,7.125343,-3.243644,-5.17693,-5.747863,12965.362,9.67707,4.071505,6.545498,7.058512,-3.299566,-5.373132,-6.06522,8055.949,1.44686,1.854333,2.410941,2.995894,-1.547684,-1.968876,-2.944893,6180.463,1.295419,1.445677,1.941055,2.772758,-1.192664,-2.076031,-2.938509,16122.562,8.251113,4.32312,6.381039,6.959298,-3.441289,-4.804656,-5.316848,10032.387,8.03104,2.759377,4.260404,4.641544,-2.271492,-3.200681,-3.696534,2204.7012,2.831595,0.73765,1.342527,1.840454,-0.576088,-0.989705,-1.372057,2597.8647,3.004546,0.861984,1.561961,2.019542,-0.65953,-1.110671,-1.619819,14363.425,10.537156,4.604405,7.307981,7.86598,-3.703447,-6.153205,-6.878359,12026.261,10.081208,3.857886,6.299375,6.803197,-3.085485,-5.045495,-5.738804
1.0,100.0,12658.229,1.540899,3.107417,4.169064,5.744335,-2.523292,-3.084364,-4.221507,12165.4,1.554944,2.856871,3.718392,4.493748,-2.373556,-2.894059,-4.363668,22746.453,11.804831,6.430545,10.224117,10.80989,-5.354242,-7.714805,-8.41685,21109.064,11.226811,5.893141,9.434635,10.058194,-4.975928,-7.1985,-11.988629,3016.6191,3.700785,0.9806,1.98258,2.339491,-0.816817,-1.348452,-1.641693,3461.4722,3.880569,1.13543,2.292633,2.749269,-0.954578,-1.57841,-1.920871,19858.129,13.774451,6.807176,12.057501,12.935882,-5.421567,-8.808391,-9.511995,20134.82,14.045354,6.886098,12.271456,13.201375,-5.619525,-9.292488,-10.127803,12306.02,1.674558,2.971407,4.008668,7.116733,-2.409615,-2.93533,-3.828785,9368.055,1.448983,2.228991,2.892696,3.687947,-1.834969,-2.249433,-3.161858,25411.207,11.99038,7.24473,11.472575,12.108791,-5.943142,-8.502586,-9.536146,15677.737,11.589745,4.527724,7.511714,8.102203,-3.813675,-5.537196,-6.039597,3349.763,3.779102,1.121656,2.391658,3.044016,-0.929015,-1.615269,-1.993716,3900.1052,3.991622,1.30224,2.733612,3.230987,-1.046101,-1.801958,-2.156115,22434.049,15.333239,7.952112,14.178479,15.248533,-6.324241,-10.85314,-11.821997,18618.207,14.45967,6.569492,12.068774,13.137301,-5.168671,-8.751303,-9.566138
1.0,275.0,18898.898,1.803377,5.033374,8.405097,9.838772,-3.673975,-4.480773,-4.667006,19432.203,1.880207,4.628983,6.715356,7.856968,-3.681881,-4.533839,-4.704124,45605.297,22.76159,11.331786,19.55415,20.914997,-12.638106,-20.73422,-19.624048,41806.344,21.43443,10.34393,18.077341,19.324785,-11.605611,-18.80325,-19.062449,5711.651,6.147001,1.551027,3.744246,4.804935,-1.798593,-3.03579,-3.524782,6575.708,6.529436,1.817906,4.408901,5.410887,-2.112731,-3.59827,-3.955506,37646.625,25.685629,11.547401,23.566914,26.37255,-11.7479,-19.187254,-20.32274,38659.613,26.57073,11.87115,24.322971,27.379545,-12.398869,-20.54575,-21.900095,20017.89,2.090974,4.745104,6.478901,7.337354,-3.82481,-4.760194,-14.169648,15265.756,1.730229,3.558123,5.282807,6.395866,-2.97033,-3.508786,-10.535896,50041.62,22.854902,12.614641,21.73094,23.052923,-13.835029,-22.609697,-21.966675,31099.2,22.199682,7.741562,14.322231,15.680496,-8.726508,-14.259879,-13.6493,6341.7666,6.318132,1.771544,4.62733,5.799664,-2.062298,-3.716733,-4.199284,7231.055,6.602909,2.022458,5.179223,6.519267,-2.285433,-4.033079,-4.493934,43498.445,29.417988,13.975151,27.8286,30.613317,-13.975374,-24.899294,-26.906511,35541.496,27.147556,11.390475,22.979025,25.370384,-11.204805,-19.117641,-20.576762
1.0,275.0,18887.914,1.80391,4.963548,8.562822,9.646414,-3.643358,-4.328996,-5.665986,19414.598,1.880945,4.640239,6.57405,8.88119,-3.631771,-4.338447,-5.315642,45780.68,22.524055,11.200764,18.814241,20.105894,-12.240122,-18.455805,-21.188347,42009.523,21.199362,10.282623,17.551102,18.79994,-11.284442,-16.912645,-18.620222,5705.3403,6.093322,1.527746,3.73024,5.313699,-1.722241,-3.024286,-3.415885,6528.0986,6.428864,1.783077,4.387123,5.382203,-2.012386,-3.617512,-5.109957,37726.05,25.556517,11.390962,22.876575,25.494822,-11.28946,-19.270103,-20.620539,38420.387,26.164457,11.660354,23.625647,26.324966,-11.864391,-20.771313,-22.369337,19861.238,2.076814,4.75888,6.288469,7.079938,-3.760493,-4.511942,-5.699458,15168.275,1.72411,3.538241,5.406002,5.938356,-2.921779,-3.464373,-4.754186,50204.31,22.66486,12.430721,20.867638,22.189283,-13.409401,-19.857534,-21.462908,31330.38,22.141094,7.746502,14.088766,15.55045,-8.448451,-12.526026,-13.445692,6292.478,6.224929,1.734975,4.591961,5.644423,-1.96842,-3.740625,-4.243608,7224.8013,6.547178,1.997864,5.112229,6.251776,-2.178845,-4.026815,-4.668694,43156.105,28.937294,13.652982,26.521837,29.077906,-13.609147,-24.853489,-26.935846,35560.906,26.985043,11.241425,22.221428,24.616095,-10.923228,-19.242428,-20.476446
1.0,20.0,4535.576,1.20908,1.00828,1.408911,2.653613,-0.893963,-1.199742,-2.281015,4002.043,1.191094,0.870192,1.273469,2.597862,-0.810891,-1.101737,-2.202108,8480.528,6.109455,1.67346,2.197645,2.504806,-1.504893,-2.049241,-2.901569,7990.98,5.897883,1.539561,2.005314,2.580298,-1.42871,-2.004902,-2.516321,1253.7784,2.131674,0.317021,0.479617,0.839975,-0.284796,-0.46097,-0.840002,1457.146,2.224458,0.371159,0.556631,0.908405,-0.335389,-0.541002,-0.951982,7738.6597,7.64713,1.747129,2.371067,2.876514,-1.652409,-2.496263,-3.018721,7884.046,7.820703,1.760317,2.402038,2.831976,-1.718904,-2.657376,-3.368622,4157.752,1.243303,0.863519,1.110385,2.023173,-0.818151,-1.075832,-2.23216,3331.6758,1.171662,0.715966,0.960917,2.520614,-0.626981,-0.937869,-1.830484,9566.185,6.317361,1.895405,2.466663,3.002459,-1.690323,-2.327392,-2.801026,5945.3364,6.080182,1.231204,1.634712,1.998029,-1.140657,-1.604045,-2.291746,1437.0936,2.209679,0.369055,0.565888,1.132097,-0.330243,-0.603174,-1.357788,1691.6663,2.323094,0.428452,0.631756,1.005193,-0.377728,-0.602385,-0.98759,8651.844,8.661753,1.943009,2.631075,3.163151,-1.884475,-2.950022,-3.487154,7229.035,8.231106,1.648871,2.269563,2.583456,-1.560025,-2.422975,-2.886942
1.0,40.0,7377.4824,1.337198,1.740896,2.275561,3.611042,-1.474404,-1.893701,-6.566572,6747.133,1.326987,1.556562,2.012138,3.034259,-1.353048,-1.69481,-4.647239,12746.516,7.06161,3.239005,4.602529,5.054542,-2.640893,-3.655947,-4.177768,12068.35,6.800152,2.996,4.26825,4.72055,-2.492991,-3.438255,-4.286108,1828.9205,2.571501,0.564903,0.963337,1.359301,-0.461066,-0.737186,-1.591534,2140.7,2.700408,0.658656,1.111679,1.436746,-0.542496,-0.843621,-1.282607,11619.221,8.488084,3.439254,5.192275,5.631322,-2.869959,-4.446192,-5.090353,11917.199,8.621385,3.477243,5.309085,5.707981,-2.968954,-4.516731,-5.269954,6873.742,1.408941,1.574574,2.008464,2.942608,-1.380375,-1.729943,-2.706695,5332.676,1.271329,1.216652,1.62239,2.539724,-1.051971,-1.331923,-2.27185,14482.591,7.188942,3.687632,5.216565,5.707958,-2.962035,-4.062331,-4.696324,8896.811,7.094986,2.339788,3.475083,3.830278,-1.952786,-2.737185,-3.303046,2090.234,2.652194,0.657649,1.143632,1.582914,-0.529267,-0.863645,-1.259457,2422.2092,2.791124,0.760902,1.326834,1.706599,-0.602631,-0.989143,-1.315214,13142.285,9.301849,3.893044,5.849641,6.326951,-3.275482,-5.194847,-5.845777,10848.848,8.922591,3.25373,5.03957,5.450281,-2.716595,-4.375148,-4.894678
1.0,20.0,4613.2324,1.212036,0.888957,1.567979,2.143152,-0.879786,-1.179752,-2.551819,4500.758,1.22364,0.793838,1.397637,2.869223,-0.794023,-1.070754,-5.557246,8160.686,4.811031,1.764643,2.396961,2.784381,-1.543691,-2.119872,-2.739369,7712.092,4.62018,1.656654,2.249604,2.681326,-1.466235,-2.008312,-3.768415,1168.1134,2.028376,0.319086,0.534185,0.921978,-0.283664,-0.45072,-0.919535,1343.4758,2.083462,0.372115,0.670945,1.754759,-0.33078,-0.52517,-0.803863,7458.057,5.77695,1.853997,2.786485,3.256242,-1.704258,-2.562673,-3.075242,7551.8667,5.767149,1.897183,2.826889,3.198722,-1.734766,-2.651788,-3.139425,4546.2266,1.278905,0.796366,0.998296,2.073366,-0.809984,-1.236752,-1.90083,3320.1348,1.170076,0.627668,0.842947,2.131308,-0.635003,-0.849659,-1.793239,9280.008,4.86732,2.028108,2.771084,3.202358,-1.744509,-2.371038,-2.922683,5738.999,4.877048,1.31558,1.880796,2.182233,-1.173674,-1.613933,-2.058923,1325.0475,2.062079,0.376665,0.63192,0.979588,-0.327486,-0.541575,-0.944069,1574.1776,2.190749,0.436535,0.724565,1.139311,-0.375839,-0.594309,-1.588337,8321.606,6.15542,2.068631,3.060264,3.404447,-1.922511,-2.991192,-3.71222,6976.391,6.038069,1.748749,2.677076,3.202096,-1.620723,-2.517413,-2.956915
1.0,40.0,7163.7617,1.326589,1.760177,2.358551,3.267391,-1.479128,-1.905867,-7.308617,6315.8457,1.304119,1.583278,2.066492,5.164868,-1.350021,-1.710188,-2.851898,12690.173,7.04578,3.389057,5.101994,5.631033,-2.654302,-3.699887,-6.300999,12020.822,6.82713,3.140979,4.678187,5.079837,-2.506199,-3.496563,-4.029196,1774.1624,2.578173,0.577711,1.053571,1.523222,-0.451347,-0.726595,-1.065525,2082.1692,2.719288,0.671908,1.227093,1.616801,-0.527497,-0.835485,-1.15916,11421.089,8.382086,3.557204,5.850541,6.334121,-2.840625,-4.407244,-5.100561,11717.621,8.586518,3.634013,5.985706,6.446015,-2.91645,-4.532644,-5.148762,6508.504,1.383774,1.609302,2.053572,2.895162,-1.376189,-1.741988,-2.562063,5295.004,1.270178,1.237316,1.608252,3.644932,-1.065129,-1.362077,-2.335233,14474.157,7.218897,3.87661,5.681298,6.302719,-2.992113,-4.103024,-4.730689,8832.638,7.058119,2.449451,3.819878,4.234884,-1.95815,-2.780044,-3.29937,2033.7552,2.668313,0.674733,1.272751,1.632608,-0.517802,-0.873799,-1.272473,2342.4453,2.790229,0.778853,1.450882,1.893305,-0.589585,-0.981586,-1.34846,12937.411,9.240558,4.081986,6.616426,7.131091,-3.240133,-5.189044,-5.714705,10668.116,8.751284,3.392886,5.702236,6.250977,-2.691395,-4.312621,-4.772193
1.0,20.0,4108.967,1.188958,0.88816,1.173844,2.235801,-0.884622,-1.180877,-2.446444,4409.414,1.214058,0.789558,1.071647,2.978511,-0.806825,-1.089446,-2.045482,8384.292,5.081637,1.717338,2.287581,2.701699,-1.562825,-2.112239,-2.726865,7820.4204,4.851834,1.611728,2.152347,2.444114,-1.481714,-2.057682,-2.575982,1186.5253,2.058295,0.300624,0.517746,0.783622,-0.283458,-0.469231,-1.005174,1348.1632,2.113393,0.35347,0.56899,0.909515,-0.330131,-0.53395,-1.035207,7672.2017,6.04153,1.792783,2.690842,2.978546,-1.71837,-2.589686,-3.052653,7675.584,6.043036,1.826097,2.792236,3.20485,-1.74987,-2.71593,-3.12038,4467.4863,1.265952,0.778684,0.980332,1.893208,-0.804669,-1.041779,-1.978835,2782.6934,1.143126,0.620708,0.850089,2.072273,-0.625764,-0.856681,-1.872817,9408.461,5.123156,1.982256,2.604407,3.002345,-1.762357,-2.398281,-3.073057,5881.8564,5.089283,1.281933,1.839101,2.162627,-1.184825,-1.624834,-2.107365,1325.3586,2.087207,0.357948,0.584819,0.887936,-0.32661,-0.545151,-0.861994,1609.9368,2.235512,0.41086,0.688635,1.004305,-0.377064,-0.60328,-1.053358,8434.87,6.454987,1.993071,2.916436,3.26705,-1.936547,-3.035698,-3.46868,7160.04,6.315157,1.695818,2.614603,3.124859,-1.634012,-2.534444,-4.693185
1.0,40.0,7816.631,1.364801,1.761146,2.362786,3.435084,-1.469568,-1.87716,-5.462588,7024.1367,1.336921,1.564437,2.657224,3.057207,-1.347301,-1.701886,-2.683688,12820.853,7.072846,3.372591,4.904804,5.336712,-2.662259,-3.67979,-4.263589,12014.693,6.828173,3.108812,4.580436,5.015052,-2.508729,-3.496191,-4.124349,1782.7323,2.59064,0.561236,0.996378,1.251913,-0.45122,-0.712871,-1.018344,2056.3723,2.70692,0.658234,1.156431,1.554316,-0.524945,-0.848541,-1.324024,11503.762,8.377509,3.547376,5.691897,6.393286,-2.845439,-4.402351,-5.485636,11643.161,8.569121,3.571557,5.808061,6.37265,-2.919075,-4.612921,-5.924808,7111.7246,1.417387,1.583912,2.049401,2.75541,-1.362523,-1.730307,-2.535295,5805.0977,1.304911,1.235789,1.655763,2.553158,-1.063898,-1.402325,-2.520016,14490.071,7.249626,3.844283,5.598884,6.122307,-2.995658,-4.118723,-4.974808,8916.962,7.04673,2.435222,3.739657,4.205527,-1.957556,-2.914627,-3.201047,2007.4187,2.660931,0.650469,1.208416,1.652465,-0.51454,-0.864296,-1.191453,2351.6292,2.796105,0.75805,1.37118,1.799795,-0.58669,-0.95041,-1.379908,12867.999,9.205454,4.020948,6.461791,6.951799,-3.250569,-5.292345,-5.935056,10742.953,8.748683,3.381114,5.54178,6.178909,-2.699833,-4.351357,-4.949228
1.0,20.0,5046.6367,1.23292,1.287478,1.710502,3.6733,-1.063643,-1.388495,-2.581196,4908.635,1.223018,1.095582,1.39845,2.763855,-0.90727,-1.211262,-2.562924,8133.8794,5.755428,1.86196,2.566528,2.981375,-1.455097,-1.985887,-2.579261,7467.9204,5.515612,1.709171,2.390471,2.736781,-1.351002,-1.870772,-2.268523,1133.9633,2.044309,0.343065,0.539494,0.844879,-0.261869,-0.408428,-0.824074,1280.3092,2.110744,0.392567,0.626058,0.8951,-0.30033,-0.490455,-0.962842,7318.4653,7.346971,1.948767,2.883855,3.325809,-1.593898,-2.380074,-2.847209,7288.615,7.579977,1.953265,2.92084,3.373214,-1.611278,-2.519635,-3.055264,5192.865,1.290916,1.088741,1.433826,2.513879,-0.900663,-1.201912,-2.691274,3973.9688,1.206543,0.909718,1.19562,2.410464,-0.753845,-1.015453,-2.093464,9008.983,5.901722,2.107692,2.893848,3.533331,-1.608833,-2.190175,-2.707721,5634.1294,5.74011,1.376649,1.978848,2.419014,-1.088715,-1.513766,-1.919648,1274.5033,2.109799,0.401246,0.651891,0.965604,-0.298393,-0.510475,-0.917813,1544.1852,2.230412,0.465986,0.722409,1.108277,-0.348534,-0.530019,-1.066954,8078.43,8.465849,2.161537,3.212379,3.604734,-1.789405,-2.84797,-3.375241,6872.92,7.988989,1.854055,2.772242,3.114566,-1.506536,-2.25879,-2.714122
1.0,40.0,6895.826,1.292066,1.915421,2.45524,3.455403,-1.742368,-2.390491,-3.414587,7662.961,1.34043,1.691582,2.115439,3.264074,-1.550657,-1.978363,-3.358743,12499.988,7.531149,2.916967,3.743307,4.183108,-2.602311,-3.586749,-4.213887,11434.436,7.123124,2.656096,3.44194,3.771786,-2.418835,-3.420962,-3.921853,1728.5177,2.578181,0.474566,0.743012,1.041595,-0.43791,-0.683742,-1.079386,1931.4666,2.637322,0.539919,0.854283,1.183547,-0.505829,-0.858661,-1.314217,11325.31,9.365518,2.965553,4.196917,4.62265,-2.806462,-4.254672,-4.925859,11225.899,9.403919,2.956374,4.184464,4.551873,-2.887257,-4.650257,-5.437511,7954.4746,1.436306,1.711419,2.108641,3.041372,-1.552964,-1.946268,-4.036671,5102.9473,1.247525,1.351087,1.70713,2.607884,-1.234731,-1.583492,-2.692788,13799.542,7.552717,3.309576,4.25122,4.700046,-2.892745,-4.062581,-4.793625,8641.619,7.504902,2.048708,2.786253,3.172381,-1.89898,-2.656972,-3.050334,1900.9552,2.608683,0.539,0.898849,1.291791,-0.499676,-0.893955,-1.28044,2312.258,2.817889,0.636966,1.00324,1.391584,-0.571709,-0.876769,-1.135648,12485.808,10.329577,3.366572,4.622921,5.211082,-3.235379,-5.480641,-7.437083,10608.8,9.943796,2.811901,3.955882,4.3267,-2.656631,-4.072856,-4.587947
1.0,20.0,5707.8633,1.285414,1.054753,1.559597,4.055678,-1.096329,-1.43804,-2.680308,4962.744,1.230847,0.899372,1.290888,3.460132,-0.970088,-1.339993,-2.618437,8420.492,4.869317,1.724418,2.703627,3.112181,-1.606348,-2.224942,-2.758756,7703.81,4.743037,1.574058,2.380559,2.52958,-1.495292,-2.077302,-2.504978,1180.9419,2.057109,0.299458,0.496894,1.033161,-0.287629,-0.466303,-1.136791,1312.0131,2.111056,0.332626,0.542385,1.408549,-0.32704,-0.541913,-0.928454,7722.457,5.944233,1.830555,2.628403,3.162179,-1.775563,-2.750236,-3.282807,7579.536,6.068957,1.793963,2.62998,4.314764,-1.80403,-2.829277,-3.456069,4975.4316,1.281564,0.902685,1.206942,3.521079,-0.975851,-1.24649,-1.999314,4031.5625,1.22063,0.740839,1.045731,3.014904,-0.792791,-1.146828,-2.375593,9277.426,4.969208,1.92805,2.958025,2.882709,-1.780298,-2.446128,-2.982052,5856.6787,4.903843,1.276135,1.92198,5.287598,-1.201261,-1.683267,-2.077084,1302.2971,2.096401,0.338843,0.576355,1.68725,-0.32743,-0.560862,-0.91427,1594.3359,2.212307,0.40599,0.645183,1.447306,-0.38017,-0.589461,-1.03601,8413.31,6.533237,1.976844,2.882666,5.537883,-2.005024,-3.251018,-3.905837,7221.048,6.202066,1.724859,2.510747,4.568254,-1.689853,-2.594792,-3.200418
1.0,40.0,8402.07,1.420904,2.11302,2.779846,3.582835,-1.688675,-2.176304,-3.373686,7325.865,1.344391,1.86689,2.457503,3.636853,-1.481178,-1.877901,-3.01887,12413.399,6.540443,3.510652,5.054951,5.627851,-2.612243,-3.640046,-4.452919,11343.382,6.369977,3.178452,4.675377,4.979769,-2.423048,-3.503072,-3.959178,1701.3617,2.528185,0.568238,0.98878,1.358088,-0.432642,-0.685862,-1.168533,1904.7983,2.618343,0.65611,1.171688,1.530703,-0.494547,-0.830178,-1.14863,11186.215,7.886982,3.739158,5.802242,6.242759,-2.798587,-4.309055,-4.680073,11104.674,8.18664,3.696595,6.053254,6.472936,-2.862198,-4.681847,-5.344022,7611.326,1.442853,1.91108,2.442976,3.267912,-1.509567,-1.925545,-2.859095,6214.1367,1.353228,1.507918,1.941463,2.850811,-1.197394,-1.505758,-2.588532,13696.902,6.71754,3.933347,5.701062,6.204084,-2.901714,-4.085939,-4.71305,8595.625,6.545716,2.499197,3.789836,4.184578,-1.90738,-2.66519,-3.212133,1874.2112,2.585232,0.658626,1.211818,1.676545,-0.4905,-0.852957,-1.273022,2258.987,2.708487,0.761907,1.321218,1.839648,-0.562906,-0.887171,-1.290527,12295.735,8.817732,4.173757,6.728658,7.263795,-3.199593,-5.387717,-6.010638,10458.068,8.23013,3.500126,5.602148,5.963035,-2.6285,-4.210478,-4.713647
1.0,20.0,6147.6445,1.287082,1.309475,1.76369,3.267232,-1.135878,-1.541321,-2.513292,4543.168,1.166722,1.132782,1.544118,9.4477,-1.003302,-1.34547,-2.809995,7049.91,4.452284,1.564039,2.110909,2.527483,-1.371031,-1.884372,-2.529823,6734.286,4.334268,1.465887,2.031253,2.707904,-1.297888,-1.806394,-2.831593,1028.3683,1.981663,0.290864,0.52781,2.029378,-0.252098,-0.512741,-0.837437,1216.3566,2.05378,0.339043,0.545152,0.923358,-0.292954,-0.48103,-1.222906,6765.3843,5.32124,1.714374,2.553222,3.521288,-1.555017,-2.36077,-2.923694,7158.452,5.284329,1.787027,2.660039,3.11576,-1.627872,-2.405417,-3.051572,4827.1836,1.267154,1.097033,1.391365,5.83006,-0.9747,-1.269671,-3.162072,4775.002,1.23437,0.943738,1.213665,2.117252,-0.782889,-1.058538,-2.898983,8094.5923,4.545841,1.788042,2.386741,2.830584,-1.542132,-2.091163,-2.602683,4885.9604,4.509718,1.146767,1.648543,2.233402,-1.026721,-1.431928,-1.894032,1216.769,2.017063,0.348546,0.599498,1.046353,-0.293564,-0.555955,-1.014128,1381.654,2.111854,0.396719,0.653313,2.641251,-0.33333,-0.551372,-1.191423,7714.026,5.692625,1.920468,2.84135,3.305117,-1.754894,-2.699717,-3.234724,6209.9883,5.561583,1.589754,2.431748,2.8354,-1.443926,-2.258043,-3.129247
1.0,40.0,9479.615,1.44935,2.205252,3.21359,4.002944,-1.980281,-2.857723,-7.457337,8486.686,1.333105,1.927406,2.614349,4.916542,-1.739014,-2.518027,-6.981713,11932.414,7.177838,2.98307,4.281344,4.650869,-2.611589,-3.613859,-4.270263,11294.713,6.7796,2.779648,4.035076,4.654259,-2.446191,-3.38938,-4.253806,1724.2635,2.696641,0.507125,0.891852,1.265438,-0.441758,-0.744908,-1.143611,2022.3352,2.785167,0.591374,1.010462,1.321714,-0.52009,-0.840688,-1.249255,11335.236,8.631099,3.260996,5.138715,5.472491,-2.837657,-4.498121,-5.343168,11988.891,8.433449,3.404231,5.32293,5.844472,-2.979841,-4.615125,-5.395593,8836.26,1.518781,1.909301,2.749065,3.630226,-1.749067,-2.612901,-7.015717,6570.1953,1.316742,1.497071,2.02564,2.966714,-1.372812,-2.056454,-6.003224,13591.823,7.167466,3.426123,4.873886,5.280104,-2.927992,-3.954004,-4.440336,8214.58,7.205885,2.121644,3.206646,3.615172,-1.886591,-2.671386,-3.372075,2007.9674,2.710724,0.598516,1.05558,1.333116,-0.512108,-0.856025,-1.292767,2269.0925,2.88509,0.678274,1.211113,1.546314,-0.577566,-1.021152,-1.409285,13038.177,9.179615,3.743167,5.831037,6.279202,-3.270782,-5.29285,-5.949397,10427.557,9.019042,3.034169,4.902746,5.676666,-2.66204,-4.694573,-5.044409
1.0,20.0,7132.118,1.730411,1.079634,1.197136,2.264438,-1.168781,-1.442323,-5.730415,5547.6055,1.342908,0.847748,0.967182,1.902118,-0.997548,-1.288073,-2.176939,8954.699,5.336834,1.381733,1.575591,2.263546,-1.585779,-2.136645,-2.714921,7863.145,5.512705,1.176962,1.378483,1.946033,-1.437671,-1.982653,-2.657085,1295.7295,2.141131,0.23912,0.399086,0.796211,-0.283279,-0.442712,-0.874748,1334.9404,2.258305,0.239484,0.387322,0.708464,-0.30869,-0.514849,-0.885484,8414.123,6.219834,1.375513,1.872313,2.272014,-1.770469,-2.648841,-3.165142,7924.52,6.877171,1.275482,1.783904,2.227006,-1.78113,-2.751543,-3.201934,6136.8037,1.525051,0.910618,1.159346,3.433189,-1.031591,-1.3141,-2.055538,4627.7295,1.399035,0.689247,0.866789,2.445449,-0.780404,-0.98839,-1.731939,9343.104,5.770721,1.447413,1.65069,2.016602,-1.69892,-2.31752,-3.034972,6089.333,5.188202,0.937405,1.230084,1.546679,-1.180351,-1.610988,-3.152036,1317.4844,2.181887,0.243751,0.413109,0.772274,-0.308397,-0.52571,-0.87884,1729.7146,2.272732,0.320179,0.659546,0.877346,-0.374222,-0.580541,-0.973472,8557.817,7.439797,1.40892,1.867503,2.273335,-1.902078,-3.300753,-3.456289,7686.0635,6.620674,1.257093,1.739182,2.034205,-1.643968,-2.382393,-2.893108
1.0,40.0,10835.835,2.0985,2.371449,2.984352,3.681812,-1.854895,-2.260212,-3.114485,8650.723,1.533834,1.877321,2.459425,3.278362,-1.606852,-1.997114,-2.94652,13389.028,6.746558,3.537934,5.049048,5.478244,-2.817676,-3.964332,-4.622459,11753.269,6.85535,3.112769,4.507884,5.153589,-2.504015,-3.585532,-4.832993,1897.7795,2.640958,0.588814,1.018882,1.441357,-0.479905,-0.88432,-1.189946,1974.472,2.812687,0.626917,1.082111,1.79993,-0.504459,-0.798632,-1.214672,12653.146,7.985686,3.906342,5.855959,6.427906,-3.097146,-5.256383,-5.978203,11943.38,8.551803,3.704801,5.835792,6.325475,-3.026449,-4.608836,-5.599558,9638.691,1.82764,2.018323,2.590064,3.547298,-1.700778,-2.107051,-3.043811,7123.207,1.611844,1.473746,1.843145,2.333648,-1.240618,-1.538229,-2.176809,14012.259,7.175901,3.813265,5.421001,5.873349,-2.978273,-4.216246,-4.749067,9076.299,6.68707,2.493718,3.714261,4.119207,-2.033884,-2.903639,-3.520992,1927.8247,2.681949,0.628332,1.127881,1.500982,-0.497219,-0.81507,-1.265327,2503.694,2.811654,0.776349,1.350527,1.77923,-0.619685,-1.110236,-1.601126,12899.8955,9.138628,4.062036,6.349534,6.991036,-3.270714,-5.15037,-5.968955,11520.629,8.353433,3.586488,5.600712,6.106882,-2.831235,-4.596366,-5.843878
2.0,50.0,7858.2207,1.548458,0.508951,0.654359,2.060051,-0.433989,-0.724246,-2.423138,2802.2725,1.189199,0.182821,0.362382,1.977001,-0.432284,-0.643319,-1.679237,11827.898,9.380391,0.644524,0.746113,1.2608,-0.466102,-0.644631,-1.760062,13037.27,10.128806,0.648265,0.735826,1.663486,-0.533308,-0.74122,-2.112693,1995.9442,3.312817,0.085098,0.138429,0.703067,-0.212522,-0.312838,-1.151027,2234.1782,3.332782,0.094612,0.144439,1.04675,-0.240715,-0.374935,-1.142961,10000.514,9.619982,0.537732,0.653103,1.100216,-0.508664,-0.664071,-1.838558,10928.47,9.963244,0.561654,0.685166,1.369903,-0.564435,-0.788493,-2.145625,4823.708,1.306809,0.21153,0.340156,1.705408,-0.574469,-0.836056,-2.169896,3813.6895,1.199577,0.2122,0.383199,2.196381,-0.515512,-0.787248,-2.359993,13507.959,10.274336,0.677269,0.743882,1.54871,-0.649272,-0.879694,-2.223768,9988.156,10.718479,0.388883,0.444031,1.296944,-0.606292,-0.81024,-2.061199,2135.087,2.788319,0.092008,0.145074,0.831755,-0.244539,-0.415363,-0.989828,2362.523,2.902445,0.101224,0.155831,0.928711,-0.263645,-0.438935,-1.210795,12262.656,11.677947,0.579762,0.64045,1.381315,-0.712483,-0.990223,-2.687118,10294.71,11.597495,0.465641,0.531212,1.028419,-0.631962,-0.795843,-2.244029
2.0,100.0,4860.6836,1.252008,0.803849,1.156339,2.410429,-0.975384,-1.5172,-1.943421,4228.6826,1.263825,0.404297,0.554793,1.50657,-1.150205,-1.83937,-5.306243,11285.535,3.093188,1.257893,1.388665,1.93392,-0.921375,-1.526462,-3.987544,13541.304,3.663145,1.471513,1.65136,2.328301,-1.028027,-1.554915,-2.075924,2757.0127,3.042816,0.296711,0.41227,0.87393,-0.478482,-0.752899,-2.045836,3127.1526,3.091041,0.347956,0.445274,0.889439,-0.545272,-0.842074,-2.125754,9727.68,3.186992,1.202484,1.367769,1.868519,-1.011466,-1.607933,-2.059505,10934.269,3.368932,1.349915,1.552158,2.279796,-1.110114,-1.755304,-4.731245,6422.3086,1.368131,0.759354,0.955735,1.823669,-1.388568,-2.225012,-2.456892,5092.965,1.247718,0.630219,0.871749,2.284003,-1.302746,-2.050476,-5.718518,14377.525,3.786604,1.669941,1.850283,2.41545,-1.187081,-1.769374,-5.0949,13441.218,5.285247,1.18727,1.305822,1.951227,-1.224114,-1.711302,-4.662434,2941.085,2.726469,0.345862,0.482629,0.888155,-0.538224,-0.793046,-2.158946,3259.5935,2.816876,0.379592,0.493765,0.930744,-0.596212,-0.871168,-2.207249,12986.111,3.889665,1.608121,1.848305,2.398927,-1.305442,-1.967877,-5.357804,11174.305,4.04726,1.343911,1.54235,2.086684,-1.127801,-1.659157,-4.508241
2.0,150.0,6485.2734,1.336821,1.181666,1.941728,5.503257,-1.481732,-2.021449,-2.910389,6484.955,1.408307,0.935994,1.369265,2.157885,-1.801682,-2.439284,-3.818536,12936.984,3.168788,2.176766,2.51556,5.120155,-1.341087,-1.914535,-2.731781,15620.359,3.808848,2.600269,2.992166,5.601055,-1.475356,-2.156613,-5.979916,3727.233,3.598231,0.573216,0.803145,2.062266,-0.743869,-1.02351,-1.495313,4242.018,3.68001,0.659974,0.9,1.668815,-0.864132,-1.136137,-1.872614,11302.885,3.292161,2.137106,2.575799,3.103508,-1.461382,-2.001817,-2.705459,12739.369,3.511278,2.372706,2.845738,7.721706,-1.638826,-2.212125,-2.715167,9044.023,1.518628,1.460705,2.101465,3.332588,-2.096873,-2.961994,-7.742065,7805.582,1.389165,1.21583,1.647036,4.154652,-1.989749,-2.823349,-4.250197,16681.793,3.956119,2.936537,3.44521,7.72156,-1.657335,-2.369594,-6.038189,16335.452,5.74978,2.268257,2.574768,5.631864,-1.676066,-2.393235,-6.380395,3942.045,3.204221,0.653937,0.862612,2.10373,-0.825191,-1.193505,-1.611577,4343.5435,3.281299,0.724074,0.957541,2.216919,-0.899496,-1.316016,-1.795732,15178.693,4.067758,2.905998,3.804026,4.844443,-1.852452,-2.578045,-3.479181,13065.187,4.215621,2.457394,3.347998,4.248196,-1.562399,-2.165241,-2.843089
2.0,200.0,7554.367,1.39371,1.493587,2.242528,3.289289,-1.873324,-2.655733,-3.624448,7708.247,1.488836,1.484586,2.163606,5.980343,-2.234825,-3.069297,-3.793578,14236.952,3.31314,2.953044,4.198998,9.56943,-1.596971,-2.22394,-2.964226,17215.875,4.018681,3.548311,4.889126,10.573684,-1.750321,-2.323221,-3.019586,4649.53,4.174582,0.82058,1.075844,1.387822,-0.97233,-1.339735,-2.566009,5321.9863,4.289034,0.950921,1.256534,1.620009,-1.138675,-1.569692,-1.99318,12318.991,3.405193,2.987805,4.440782,4.154324,-1.69499,-2.524794,-2.937744,13921.037,3.644655,3.318786,4.892842,4.673572,-1.882319,-2.704569,-3.522657,10365.582,1.593995,2.099264,2.987508,3.561882,-2.572152,-3.480734,-4.333793,9212.59,1.465471,1.790809,2.514818,6.542943,-2.455627,-3.367652,-4.177593,18413.13,4.188264,4.037887,6.057092,14.653405,-1.928432,-2.605253,-3.33677,18301.848,6.193335,3.207668,4.498463,10.566199,-1.948793,-2.494162,-3.218968,4883.655,3.674402,0.924388,1.275739,1.628104,-1.094474,-1.618894,-2.289137,5340.4224,3.746129,1.014242,1.411903,1.801229,-1.184401,-1.760719,-2.270079,16679.848,4.26634,4.121553,6.392819,5.570354,-2.158203,-3.202416,-3.705938,14378.067,4.43203,3.491776,5.420889,5.017307,-1.81098,-2.689007,-3.322302
2.0,250.0,8342.852,1.446825,1.64833,2.572931,3.678426,-2.178659,-3.078916,-3.837023,8142.159,1.526876,1.567133,2.063717,2.883703,-2.521482,-3.494086,-4.403484,15279.345,3.752986,3.387638,4.123255,4.680145,-1.696448,-2.264155,-3.259685,18437.64,4.600076,4.047504,4.923901,5.784448,-1.882447,-2.498728,-3.22906,5356.626,4.77546,0.929298,1.272929,1.678047,-1.172733,-1.575591,-2.180631,6156.48,4.936694,1.069888,1.471525,1.809394,-1.37441,-1.880089,-2.456069,12816.17,3.725637,3.305018,4.372713,4.778653,-1.704551,-2.45858,-3.038896,14605.111,4.029996,3.671675,4.801031,5.256823,-1.925429,-2.772032,-3.930915,10923.58,1.641149,2.242255,2.984655,3.77905,-2.864599,-3.897919,-4.641776,9669.645,1.500754,1.889181,2.439177,3.426098,-2.736174,-3.799141,-4.81534,19610.2,4.747008,4.536006,5.710552,6.279722,-2.04761,-2.714503,-4.379661,19482.957,7.013876,3.645493,4.407827,4.843938,-2.119185,-2.683013,-4.508919,5609.8296,4.160329,1.058643,1.512276,1.854528,-1.305422,-1.933402,-2.387717,6075.933,4.206704,1.162367,1.6752,1.985524,-1.401472,-2.071677,-2.597384,17553.488,4.760359,4.501001,6.05652,6.69092,-2.212974,-3.293002,-3.90595,15080.949,4.917444,3.834193,5.192463,5.538701,-1.862127,-2.780675,-4.523471
2.0,300.0,8848.256,1.476376,1.875326,2.732849,3.497315,-2.443938,-3.463889,-4.078277,8837.818,1.58306,2.092389,2.874505,3.645914,-2.777914,-3.860737,-4.540622,15083.479,3.427977,4.110338,5.369782,5.861392,-1.788159,-2.390658,-3.030409,18534.096,4.26358,5.048655,6.59465,7.13472,-2.02216,-2.71249,-3.402601,5862.815,4.912424,1.205288,1.70081,2.048643,-1.352484,-1.836086,-2.931275,6735.52,5.112827,1.388329,1.994525,2.475554,-1.601276,-2.221058,-2.689156,12457.639,3.383432,3.948924,5.507293,6.036105,-1.711046,-2.472685,-3.04885,14356.216,3.69458,4.460459,6.256885,7.318277,-1.990755,-2.935574,-3.62811,11575.654,1.6848,2.754835,3.826042,4.608666,-3.12835,-4.276389,-5.221296,10422.068,1.553875,2.429633,3.141463,3.879795,-2.994482,-4.124547,-5.888845,19823.105,4.445676,5.640336,7.594215,8.406184,-2.203146,-2.919396,-4.716728,20017.918,6.638293,4.76018,6.022132,6.526959,-2.259287,-2.870392,-3.564568,6080.8096,4.286883,1.3664,2.075871,2.57634,-1.506689,-2.416375,-2.808132,6559.0293,4.301543,1.507273,2.246208,2.72378,-1.578471,-2.366937,-3.13007,17572.326,4.421163,5.569382,8.091615,9.022172,-2.323411,-3.542989,-4.289065,15164.627,4.57933,4.739161,6.937854,7.674186,-1.930373,-2.888563,-3.443737
2.0,350.0,9297.061,1.504237,2.089999,2.94021,3.720992,-2.597743,-3.681128,-4.286246,9406.767,1.635154,2.373029,3.308411,4.037106,-2.921915,-4.052707,-4.701807,15628.915,3.552484,4.578578,6.164803,6.653322,-1.890922,-2.553413,-3.100132,19105.025,4.41581,5.629719,7.592621,8.295691,-2.12011,-2.939757,-3.50236,6042.374,5.021849,1.347418,1.928493,2.27416,-1.432757,-1.930971,-2.472842,6988.3735,5.233566,1.563346,2.276971,2.724894,-1.691098,-2.357517,-2.882813,12901.449,3.491113,4.294943,6.263589,6.798273,-1.820321,-2.667883,-3.26072,14842.863,3.801373,4.902406,7.220191,7.718627,-2.090242,-3.094852,-3.841304,12216.027,1.737809,3.069903,4.284425,5.038753,-3.291925,-4.514382,-5.488513,10871.971,1.579321,2.62355,3.477762,4.162429,-3.154991,-4.396065,-5.327468,20369.377,4.58978,6.241993,8.711437,9.356082,-2.300329,-3.070322,-3.854972,20525.553,6.864388,5.373515,6.97494,7.489016,-2.378322,-3.061129,-4.715643,6297.9644,4.372965,1.516776,2.330728,2.64712,-1.5886,-2.421346,-2.883938,6715.981,4.373793,1.667771,2.554472,2.973805,-1.666601,-2.508499,-3.025606,18061.633,4.538472,6.1258,9.233588,9.89702,-2.434879,-3.769916,-4.389417,15575.114,4.721548,5.203139,7.891,8.649419,-2.045617,-3.13258,-3.721876
2.0,400.0,10637.41,1.580483,2.323516,3.971954,3.999715,-2.92078,-4.151901,-4.826292,10879.739,1.738745,2.631433,3.761878,4.725232,-3.273257,-4.567626,-6.232393,17334.895,4.001355,5.121804,8.354152,13.617752,-2.233826,-3.079091,-3.793328,20748.645,4.93266,6.179217,10.20299,27.768492,-2.445378,-3.323343,-3.992068,6608.6016,5.495763,1.461481,2.154238,6.218209,-1.593264,-2.184419,-2.652424,7667.5425,5.726411,1.695904,2.514301,7.442844,-1.889222,-2.626929,-3.060208,14608.297,3.969029,4.756571,7.005835,7.640026,-2.230937,-3.355259,-4.002071,16600.455,4.29036,5.371549,7.912753,8.392381,-2.504356,-3.726625,-4.395666,13982.482,1.855145,3.369205,4.712722,8.658212,-3.677408,-5.055291,-5.646842,12585.777,1.672473,2.897473,3.843159,8.173043,-3.555758,-5.002936,-5.817197,22020.883,5.102786,6.888453,10.315419,18.16331,-2.638058,-3.571245,-4.289644,21928.664,7.611271,5.86656,9.118358,24.173866,-2.661386,-3.493468,-4.308734,6884.8823,4.737199,1.666101,2.982291,8.716003,-1.768894,-2.691268,-3.043989,7307.341,4.736115,1.825841,3.299999,3.305629,-1.842905,-2.786314,-3.346393,19849.863,5.095865,6.623315,10.263479,11.430541,-2.872003,-4.513472,-5.211938,17086.084,5.307949,5.646876,8.79686,10.606656,-2.413931,-3.809556,-4.337011
2.0,450.0,12332.867,1.69111,2.26702,3.679875,4.456174,-3.409794,-4.888768,-6.26157,12054.433,1.814368,2.449269,3.230107,4.045857,-3.751065,-5.250938,-6.842287,19153.08,5.11753,5.33569,7.005595,7.591797,-2.384429,-3.333903,-4.00144,22633.365,6.284394,6.285919,8.241602,8.94204,-2.654323,-3.673355,-4.509788,7658.7944,6.718292,1.398347,2.038938,2.437083,-1.866709,-2.633255,-3.360516,8932.215,7.047405,1.615093,2.38967,2.793301,-2.234101,-3.194867,-3.786604,15691.641,4.871856,4.928245,7.0915,7.632124,-2.252264,-3.471808,-4.318937,17897.148,5.302594,5.480331,7.968207,8.447714,-2.585355,-3.984531,-5.077923,15535.019,1.95536,3.151237,4.34856,5.019276,-4.184606,-5.799101,-6.794375,13883.486,1.743355,2.696341,3.517543,4.330962,-4.041913,-5.642906,-6.454184,23854.287,6.418657,6.79625,9.257056,9.804204,-2.816872,-3.905611,-4.757052,23465.342,9.446328,5.72958,7.230373,7.820524,-2.842395,-3.833503,-4.514086,7961.914,5.684817,1.584306,2.514171,2.851933,-2.070591,-3.192595,-3.625868,8348.348,5.645107,1.727657,2.767597,3.402189,-2.11716,-3.256372,-3.757124,21241.467,6.29696,6.636068,9.973866,10.491894,-2.997611,-4.706891,-5.288073,18198.734,6.502525,5.609932,8.422707,9.271257,-2.507535,-3.971495,-4.660105
2.0,500.0,12942.139,1.711904,3.132378,3.927676,4.775019,-3.773182,-5.830509,-6.096554,13173.903,1.894158,3.506991,4.925889,5.7539,-4.114821,-5.775074,-6.557986,18955.705,4.358122,6.178763,8.828553,9.60265,-2.556811,-3.564737,-6.866056,22743.188,5.450459,7.450451,10.662885,11.222716,-2.853624,-4.100631,-4.740899,8233.383,6.675365,1.830881,2.695797,3.099092,-2.075035,-2.890223,-3.531863,9603.624,7.026573,2.119146,3.184668,3.726891,-2.49757,-3.572809,-5.577005,15495.182,4.20276,5.713227,8.925282,9.683743,-2.380322,-3.627474,-4.279944,17831.395,4.624901,6.491312,10.1613,10.980822,-2.738324,-4.451459,-5.019452,16580.918,2.006095,4.340421,6.192296,7.04295,-4.574202,-6.363354,-9.679346,15152.129,1.821384,3.885993,5.217481,6.074167,-4.423173,-6.180358,-6.896036,24051.742,5.627994,8.134577,12.08948,12.699914,-3.022863,-4.245745,-6.72064,23994.182,8.41094,7.181177,9.963324,10.743738,-3.02556,-4.141357,-5.287033,8490.258,5.684457,2.054327,3.313843,3.771115,-2.292218,-3.59758,-4.051444,8857.179,5.571413,2.224439,3.598143,4.134018,-2.304985,-3.543909,-4.087795,21456.863,5.557811,8.019148,13.128525,13.969663,-3.199012,-5.222283,-6.125822,18448.066,5.748081,6.822118,11.205561,11.886143,-2.66585,-4.253349,-5.060393
2.0,600.0,14636.295,1.80235,3.951538,5.074276,5.906481,-4.354876,-6.23526,-7.005239,15083.532,2.025987,4.37471,6.308371,6.930136,-4.697831,-7.065141,-7.277863,20313.066,4.581622,7.13913,10.664848,11.319084,-2.888756,-4.069384,-4.784187,24165.375,5.693513,8.553291,12.763329,13.548351,-3.229451,-4.587578,-5.554636,9219.794,7.29045,2.177301,3.289037,3.785741,-2.387919,-3.344602,-3.856952,10810.768,7.680241,2.541909,3.906902,4.391379,-2.895137,-4.18393,-5.496878,16546.348,4.382315,6.53291,10.849308,11.479044,-2.651203,-4.076389,-4.873548,19034.848,4.811155,7.439651,12.317126,13.306245,-3.069281,-4.746492,-5.51199,18790.23,2.142996,5.323553,7.720807,8.689273,-5.206566,-7.213787,-8.078266,17088.33,1.918956,4.819894,6.623472,7.508813,-5.043173,-7.044782,-8.005852,25401.193,5.840931,9.281102,14.424205,15.054056,-3.378418,-4.787826,-5.51195,25406.588,8.801071,8.389988,12.177416,12.913188,-3.348552,-4.594029,-5.307992,9464.953,6.137056,2.461467,4.051801,4.560466,-2.613798,-4.112096,-4.654756,9836.2295,6.023712,2.627733,4.416114,4.924111,-2.601904,-4.055084,-4.658117,22779.715,5.765741,9.207204,16.07667,17.107262,-3.556578,-5.839751,-6.706763,19594.994,5.991519,7.840315,13.720338,14.621976,-2.956836,-4.816737,-5.670096
2.0,700.0,16422.79,1.905935,4.782193,6.283976,6.841614,-4.973208,-7.133677,-7.915884,16995.53,2.159639,5.246988,7.773927,8.602433,-5.316809,-7.503837,-8.278573,21437.783,4.718764,7.944739,12.274823,13.112513,-3.253454,-4.624174,-5.539285,25408.848,5.884532,9.491724,14.683327,15.812019,-3.654307,-5.265833,-5.943461,9963.652,7.665297,2.500017,3.878443,4.965722,-2.647171,-3.7885,-4.138562,11734.244,8.138219,2.92893,4.484018,4.911667,-3.241192,-4.783915,-5.254457,17426.783,4.494563,7.255719,12.52876,13.463599,-2.945797,-4.610643,-5.219696,20109.318,4.960343,8.279245,14.374109,15.170586,-3.440058,-5.433051,-6.053907,20954.537,2.273327,6.305686,9.26582,10.73869,-5.864199,-8.171667,-8.962931,19262.44,2.044424,5.793855,8.142564,9.31455,-5.698038,-8.15698,-8.79062,26549.85,6.001181,10.245395,16.49462,18.680277,-3.784083,-5.462774,-6.326359,26570.012,8.994581,9.425327,14.251228,14.994433,-3.685807,-5.165934,-5.773717,10249.658,6.48531,2.800067,4.644854,5.146017,-2.928653,-4.681958,-5.056759,10658.952,6.342618,2.946561,5.039927,5.747437,-2.891427,-4.574227,-5.27343,23923.805,5.925909,10.200551,18.59282,19.955677,-4.00188,-6.666587,-7.701715,20560.268,6.143465,8.665731,15.828289,18.575699,-3.284021,-5.440908,-6.224954
2.0,800.0,20006.023,2.283578,5.205059,7.045661,7.737701,-5.470131,-7.864782,-9.019254,17920.373,2.187821,5.611694,8.041494,9.512114,-5.822168,-8.275071,-8.982796,24679.639,13.415399,8.950493,13.898197,14.664974,-3.47018,-5.000339,-5.637235,27938.67,15.601268,10.129989,15.800946,16.681927,-3.869301,-5.641799,-7.500311,10137.261,12.03101,2.337688,3.10054,3.494184,-2.6723,-3.931366,-4.539762,11907.1875,12.833628,2.74899,3.676858,4.096147,-3.245792,-4.915857,-5.382959,20151.357,12.403087,7.878511,12.914896,13.671936,-3.126585,-4.924139,-5.900903,22806.254,13.493903,8.790877,14.249556,15.051764,-3.645608,-5.765355,-9.103195,22816.559,2.406548,6.66726,9.263141,9.942803,-6.389282,-8.954436,-9.981399,20932.44,2.147908,6.178375,8.596875,9.751997,-6.234219,-8.733582,-11.806087,29031.033,15.695976,10.555505,16.623163,17.465128,-3.991313,-5.777145,-6.411859,27754.014,21.261703,9.278407,13.866645,14.469827,-3.876198,-5.451067,-6.055809,10608.088,9.606366,2.609066,3.589705,4.117471,-2.960867,-4.821831,-5.406998,11018.658,9.504865,2.754085,3.759398,4.97144,-2.938268,-4.790051,-5.529793,26368.928,15.887249,10.012644,16.215136,17.330887,-4.225169,-7.139646,-7.965746,22451.19,15.900948,8.320512,13.239693,14.047352,-3.498255,-5.849646,-6.647181
2.0,900.0,18640.51,2.018226,6.031121,8.170942,9.877756,-5.97923,-8.606266,-9.654444,19620.008,2.333298,6.621089,9.719382,10.70237,-6.296014,-8.926898,-9.757048,23195.246,5.7383,9.075002,14.735627,15.458136,-3.897744,-5.649242,-6.293664,26859.604,7.084989,10.572932,17.119038,18.23204,-4.287045,-6.273018,-7.203283,10263.15,8.862436,2.79019,4.052339,4.411777,-2.832498,-4.216937,-5.577533,12155.263,9.424584,3.2843,4.814216,5.448745,-3.437154,-5.248992,-5.802095,18900.78,5.427662,8.142224,14.915856,15.708914,-3.502006,-5.587962,-6.30245,21623.412,5.965415,9.268128,16.832737,18.030127,-3.99324,-6.393323,-7.16122,24072.064,2.462969,7.864308,11.464742,12.478733,-6.885657,-9.629314,-10.573496,22093.111,2.180885,7.289397,10.293921,11.043355,-6.738045,-9.437833,-10.413766,27760.152,7.174831,11.264267,18.898075,20.003428,-4.349533,-6.414484,-7.273336,27681.207,10.788977,10.56037,16.763107,17.558008,-4.27129,-6.105689,-7.0593,10895.73,7.553236,3.138977,4.900329,5.374065,-3.163862,-5.166382,-5.948139,11282.957,7.428936,3.252991,5.33028,5.964417,-3.192616,-5.304639,-6.07965,25317.0,7.083989,11.218924,21.475508,22.806377,-4.645403,-7.948118,-9.33127,21758.803,7.392093,9.545031,18.277407,19.422987,-3.903674,-6.740447,-7.499191
2.0,1000.0,19980.896,2.093545,6.752346,9.446373,10.375764,-6.543255,-9.437275,-10.211368,21366.191,2.460221,7.412828,11.218257,12.070932,-6.886322,-9.845906,-10.573037,24205.91,5.932013,9.83349,16.389444,17.525763,-4.258129,-6.241367,-6.926792,28028.648,7.392352,11.440044,18.939817,19.932224,-4.740114,-7.085389,-7.886565,10630.013,9.11631,3.103843,4.496687,4.998909,-2.917253,-4.509095,-6.029364,12523.489,9.736528,3.706591,5.392275,5.773717,-3.568626,-5.573872,-5.982978,19632.533,5.538945,8.840614,16.794075,17.7779,-3.781935,-6.185249,-6.833971,22499.791,6.151172,10.123337,19.076904,20.270685,-4.358238,-7.154987,-7.935763,26061.355,2.587599,8.778218,13.070346,13.881329,-7.520052,-10.612736,-11.681736,23741.129,2.27782,8.148191,11.834157,12.680863,-7.309187,-10.267313,-11.100914,28768.67,7.42063,12.190116,21.033478,22.402864,-4.752914,-7.18343,-8.127247,28573.764,10.98608,11.485055,18.74752,19.784985,-4.563171,-6.623628,-7.471275,11314.75,7.889504,3.520926,5.460504,5.906174,-3.33672,-5.566547,-6.174441,11822.94,7.721965,3.603135,5.84641,6.349972,-3.359077,-5.567445,-6.241287,26251.03,7.291162,12.297016,24.428703,26.476992,-5.114314,-9.124079,-10.108653,22587.754,7.55204,10.426771,20.739742,22.30452,-4.240519,-7.463052,-10.002671
2.0,50.0,1515.6621,1.082845,0.363552,0.579873,1.691446,-0.319533,-0.493301,-3.951223,336.3614,1.022813,0.066712,0.186537,1.106673,-0.290581,-0.440137,-1.074913,8409.926,2.778157,0.581758,0.679067,1.305402,-0.470802,-0.596702,-2.002445,9259.767,3.192761,0.583047,0.660985,1.209221,-0.58321,-0.808828,-1.368897,1455.3856,2.142547,0.128881,0.180939,1.123552,-0.213816,-0.30619,-0.668909,1608.5995,2.153925,0.138789,0.225167,0.771908,-0.246821,-0.350883,-0.796338,6912.823,2.644547,0.593347,0.711587,1.462329,-0.435258,-0.543155,-1.086039,7813.8076,2.835289,0.654228,0.773484,1.348844,-0.532194,-0.662431,-1.336152,1477.3223,1.088013,0.217749,0.361454,1.345004,-0.403283,-0.60979,-1.315681,1009.0469,1.054244,0.254617,0.456742,1.583099,-0.351206,-0.527666,-1.218916,9795.751,3.266479,0.690997,0.777269,1.307209,-0.733175,-0.839943,-1.599568,7099.8955,3.551206,0.452832,0.527678,0.812668,-0.673231,-0.749217,-1.392388,1534.6086,1.958931,0.139422,0.219395,0.595119,-0.237636,-0.342987,-0.68871,1662.5339,1.968955,0.152637,0.221337,1.110491,-0.256279,-0.39771,-0.817879,9173.925,3.258078,0.735374,0.837476,1.280056,-0.758244,-0.931013,-1.557392,7642.7627,3.271091,0.58621,0.654956,1.051344,-0.687635,-0.886849,-1.415089
2.0,100.0,3222.164,1.179494,0.681862,1.075493,2.00848,-0.710659,-1.100296,-2.321428,1948.9424,1.131808,0.140715,0.258947,1.778663,-0.793471,-1.142117,-2.645536,10867.57,3.260128,1.368946,1.537943,1.974417,-0.7382,-0.994939,-1.494122,12946.61,4.023922,1.476018,1.652123,2.234495,-0.90752,-1.095311,-1.756462,2503.6035,2.926255,0.33017,0.433701,1.074376,-0.443768,-0.622622,-1.123524,2819.3606,2.991014,0.378258,0.46662,1.042443,-0.508326,-0.885318,-1.05135,8731.443,3.04716,1.321276,1.516167,2.695777,-0.704976,-0.991516,-1.985109,10025.271,3.321736,1.473599,1.67219,2.22385,-0.849932,-1.091771,-1.781716,3503.879,1.209314,0.453149,0.666352,2.749151,-0.968817,-1.353243,-2.102699,3114.164,1.169903,0.468095,1.007304,2.445417,-0.857039,-1.299715,-1.871284,13759.373,4.121939,1.724876,1.918463,2.391339,-1.102093,-1.308872,-2.06475,12105.66,5.264786,1.206256,1.345515,1.764795,-1.25745,-1.450919,-2.094729,2650.7747,2.622977,0.360275,0.460263,0.921049,-0.500082,-0.82598,-1.494928,2837.8896,2.620327,0.385968,0.520775,0.847305,-0.534698,-0.777124,-1.212239,12288.83,3.969669,1.766464,2.090707,3.078564,-1.12267,-1.398587,-2.015997,10590.541,4.079097,1.476015,1.748207,2.697993,-1.012317,-1.295696,-1.923225
2.0,150.0,4468.5625,1.248326,0.897085,1.463014,2.301986,-1.120255,-1.608772,-2.397283,3842.416,1.263879,0.475799,0.683319,1.627085,-1.293283,-1.810044,-2.371587,12218.833,3.48705,2.114199,2.445701,3.086782,-0.979497,-1.245574,-1.938557,14725.799,4.336611,2.354401,2.699219,3.29314,-1.160934,-1.420092,-2.103899,3354.5496,3.560071,0.533938,0.779058,1.152714,-0.660597,-0.892136,-1.289097,3801.7437,3.641939,0.610376,0.799527,1.116849,-0.759328,-1.037943,-1.345638,9860.618,3.278143,2.022926,2.519998,2.939552,-0.94314,-1.373899,-1.73017,11314.101,3.574216,2.271025,2.779322,3.310735,-1.082402,-1.449761,-3.87705,5756.3027,1.349353,0.865908,1.276502,2.198124,-1.526882,-2.114545,-2.852686,4778.1836,1.25978,0.691148,0.984844,1.947962,-1.392673,-1.941625,-2.765791,15710.594,4.465775,2.748552,3.1982,3.85647,-1.364003,-1.796519,-2.522611,15258.408,6.300611,2.049539,2.43059,2.729333,-1.635483,-1.88715,-2.729824,3541.3547,3.135063,0.598834,0.793568,1.258963,-0.737248,-1.067505,-1.410677,3787.3572,3.142339,0.642379,0.929652,1.313309,-0.781218,-1.183202,-1.669797,13908.062,4.283763,2.794182,3.477811,4.09278,-1.354035,-1.87056,-2.486573,12090.26,4.45843,2.364655,2.930367,3.355519,-1.221055,-1.604995,-2.125046
2.0,250.0,6460.5527,1.361935,1.128542,1.811618,2.604171,-1.899681,-2.719169,-3.779275,6081.5215,1.399096,1.024911,1.439726,2.943616,-2.193578,-3.08151,-3.532006,14207.889,4.058545,3.250963,4.012952,4.468752,-1.512422,-1.991026,-2.713142,17210.686,5.175461,3.802176,4.633668,5.33364,-1.737981,-2.309491,-2.983621,4667.652,4.722258,0.832025,1.359672,3.795452,-1.043254,-1.427058,-1.761388,5299.7197,4.959409,0.9521,1.605989,1.700598,-1.232737,-1.764945,-2.119803,11661.382,3.902432,3.015094,3.985001,7.086625,-1.433669,-2.099324,-4.291358,13359.392,4.335134,3.414184,4.513471,8.446093,-1.686392,-2.477476,-3.965121,8695.922,1.516413,1.527427,2.513264,6.21447,-2.484538,-3.431782,-4.089702,7738.658,1.434795,1.291762,1.898233,5.158359,-2.333825,-3.236248,-3.914662,18374.455,5.377741,4.285986,5.408893,7.593406,-1.930042,-2.541843,-3.367941,18118.37,7.709886,3.360371,4.059871,5.505399,-2.054392,-2.792655,-3.06882,4904.9497,4.158816,0.945414,1.543372,4.318272,-1.198454,-1.857687,-2.244227,5313.807,4.117259,1.03857,1.70879,4.715613,-1.227518,-1.873765,-2.856378,16489.059,5.329777,4.276913,6.184193,13.226085,-2.056449,-3.423032,-3.825252,14168.341,5.357263,3.562879,5.046027,10.682268,-1.689262,-2.418242,-2.936094
2.0,300.0,7589.3926,1.409186,1.173164,1.884198,2.775576,-2.183099,-3.485763,-9.006528,7180.833,1.460121,1.326008,1.698069,2.41297,-2.557765,-4.123231,-11.094949,13650.835,3.880891,3.232888,4.095856,4.768724,-1.636585,-2.58655,-4.539278,16546.473,4.85218,3.901701,4.886795,5.328214,-1.842519,-2.902351,-7.663186,4939.3804,5.395308,0.868364,1.169155,1.4922,-1.16253,-1.828426,-4.922062,5749.3066,5.742507,1.008678,1.385431,1.814923,-1.373068,-2.156153,-5.681386,11019.318,3.81265,2.960332,3.965259,4.365135,-1.510668,-2.2886,-5.250387,12707.478,4.234171,3.348863,4.496225,5.100672,-1.750015,-2.694552,-6.888275,9884.541,1.56958,1.816165,2.367245,3.407142,-2.876916,-4.720497,-4.571871,9459.73,1.514747,1.565774,1.939028,3.147975,-2.703884,-4.422399,-4.473284,17435.012,5.024981,4.284257,5.523568,6.032582,-1.981474,-3.127444,-5.436446,17834.701,7.671499,3.669709,4.444362,4.94337,-2.119624,-3.155737,-3.39509,5220.4946,4.739239,0.997089,1.404215,1.872356,-1.30902,-1.963779,-2.520394,5514.2573,4.631757,1.07005,1.52464,2.004151,-1.372114,-2.182193,-2.682538,15448.56,5.113323,4.188821,5.826628,6.281364,-2.087489,-3.209166,-3.918899,13330.308,5.23622,3.539626,4.875234,5.397481,-1.751984,-2.65538,-3.369449
2.0,350.0,8014.8555,1.421798,1.531503,1.941547,2.737128,-2.541546,-4.416777,-4.947857,8505.458,1.559876,1.88086,2.567133,3.430229,-2.941659,-4.920863,-4.746548,14721.063,4.095884,3.988988,5.268555,5.871953,-1.860659,-2.995448,-8.301253,17644.271,5.020024,4.750548,6.232943,6.811116,-2.069674,-3.3897,-3.486899,5562.9497,5.936917,1.094066,1.518722,1.894547,-1.366511,-2.236728,-2.319767,6469.5083,6.144781,1.271979,1.761445,2.158599,-1.609051,-2.665143,-2.800727,11849.335,3.961929,3.640951,5.228364,5.759728,-1.709028,-2.832682,-3.416968,13573.127,4.312488,4.117071,5.968391,6.494489,-1.950502,-3.203273,-5.144105,11518.271,1.683069,2.528548,3.482362,4.412695,-3.315707,-5.53808,-5.464804,9485.051,1.487965,1.981988,2.547052,3.999581,-3.128695,-5.259133,-5.133652,18580.547,5.1738,5.189507,7.091943,7.56131,-2.212064,-3.539608,-3.781002,19065.16,8.170303,4.544342,5.785534,6.331642,-2.327615,-3.644892,-3.596609,5837.7026,5.035865,1.232657,1.790684,2.204085,-1.508235,-2.414665,-2.65019,6159.443,5.064196,1.338999,2.007606,2.452246,-1.565854,-2.483638,-2.924672,16440.092,5.152383,5.112081,7.587778,8.310255,-2.304997,-3.50356,-4.160778,14319.005,5.499997,4.385677,6.476741,7.167659,-1.965371,-2.979638,-4.275446
2.0,400.0,8505.135,1.453788,1.938184,2.387341,3.250791,-2.673204,-3.822558,-4.777866,9258.383,1.626956,2.364036,3.273647,4.206849,-3.030235,-4.290715,-4.83866,15181.924,4.142432,4.562408,6.2235,6.829769,-1.917235,-2.61365,-3.519589,18229.975,5.116705,5.408032,7.345592,8.169518,-2.158323,-2.960955,-6.049876,5837.5513,6.013298,1.257622,1.77819,2.066541,-1.417951,-1.953575,-2.901077,6783.331,6.250086,1.463821,2.098459,2.48022,-1.698976,-2.396266,-2.82119,12227.091,3.973886,4.167072,6.158811,6.707213,-1.791765,-2.708939,-5.451634,14026.482,4.349155,4.725451,7.021651,7.625989,-2.054179,-3.376106,-3.85915,12258.223,1.735902,3.069797,4.284928,5.244283,-3.379854,-4.718196,-5.695167,10060.145,1.527645,2.491347,3.249872,4.083693,-3.22182,-4.50596,-5.32999,19307.92,5.322324,5.920989,8.308951,8.748092,-2.321059,-3.146274,-3.926907,19599.785,8.228262,5.229841,6.849336,7.26695,-2.386355,-3.099365,-4.030605,6088.97,5.099212,1.419682,2.155943,2.537215,-1.60136,-2.471699,-3.028676,6426.4673,5.080911,1.539753,2.344099,2.733024,-1.629496,-2.473588,-3.120485,17051.098,5.243218,5.857342,8.982916,9.570699,-2.437315,-3.91793,-6.127965,14789.823,5.52807,5.00386,7.697879,8.111612,-2.045078,-3.224686,-3.856617
2.0,200.0,4530.168,1.244893,0.927419,1.58778,2.36079,-1.286856,-1.848396,-2.411435,4345.3594,1.294855,0.703309,0.930077,1.803206,-1.526545,-2.094229,-2.622323,11876.006,3.605018,2.421175,2.870497,3.308317,-1.071735,-1.442589,-2.136739,14520.806,4.523427,2.840832,3.351354,3.849943,-1.267489,-1.711857,-2.345567,3452.5476,4.026082,0.606594,0.805353,1.27588,-0.735246,-1.045843,-1.357252,3931.067,4.131259,0.694795,0.937609,1.7812,-0.852627,-1.183912,-1.893879,9537.485,3.425234,2.264018,2.905248,3.651248,-1.001809,-1.580974,-2.133312,10938.624,3.757315,2.562665,3.306692,3.966325,-1.153795,-1.731008,-2.583872,6464.0586,1.38744,1.179254,1.571677,2.321687,-1.78975,-2.394169,-3.025537,5016.051,1.267687,0.840172,1.124377,2.385537,-1.636891,-2.257849,-2.79568,15386.228,4.706799,3.196312,3.887368,4.372323,-1.444726,-1.96473,-5.600576,15217.218,6.892599,2.440908,2.849026,3.258098,-1.664903,-2.374496,-6.448331,3616.2822,3.493478,0.683543,0.94511,1.411135,-0.806351,-1.227685,-1.612999,3907.2166,3.523682,0.743077,1.029975,1.515836,-0.853955,-1.269844,-1.828455,13444.901,4.546012,3.201368,4.293973,4.746286,-1.435274,-2.261068,-2.480901,11713.432,4.756913,2.708137,3.518654,3.916583,-1.272952,-1.814236,-2.542626
2.0,450.0,10416.582,1.573389,2.118616,2.795614,3.620038,-3.129477,-4.47901,-5.085526,10883.531,1.738054,2.480471,3.539693,4.448242,-3.52265,-4.947832,-5.578832,16906.951,4.860626,4.980681,6.816153,7.236857,-2.243596,-3.099897,-3.876331,20204.52,6.117936,5.873721,8.036641,9.153073,-2.527795,-3.526626,-4.365773,6800.437,7.01041,1.337184,1.915582,2.261017,-1.680187,-2.337598,-2.731613,7965.0396,7.427766,1.55881,2.388778,2.643347,-2.036513,-2.91627,-3.45478,13567.936,4.574374,4.597798,6.910085,7.881282,-2.069213,-3.12899,-3.734504,15588.747,5.082715,5.199431,7.902623,8.448563,-2.391872,-3.668329,-4.224374,14115.77,1.852843,3.243334,4.688737,5.558014,-3.872629,-5.378161,-6.08164,12344.424,1.672435,2.717735,3.659855,4.528915,-3.698464,-5.196128,-5.948664,21273.592,6.334247,6.412034,9.04754,9.523972,-2.679135,-3.721314,-4.335975,21198.94,9.460633,5.504934,7.212657,7.600184,-2.690061,-3.605003,-4.226389,7105.342,5.967825,1.521599,2.351774,2.789929,-1.905026,-2.925107,-3.329385,7368.5957,5.770093,1.638537,2.509336,3.01727,-1.898069,-2.86817,-3.403519,18857.844,6.156678,6.38932,9.94512,10.642977,-2.840804,-4.53508,-5.672221,16251.941,6.380484,5.41435,8.42703,9.743328,-2.359204,-3.680177,-4.261782
2.0,500.0,11419.283,1.624394,2.716146,3.590766,9.583179,-3.557424,-5.140143,-5.961437,11895.377,1.802047,3.179725,4.792786,8.703513,-3.93649,-5.589288,-6.249288,17694.828,4.884322,5.740106,8.351,17.358929,-2.482083,-3.477883,-4.163603,21196.184,6.229253,6.881787,9.94155,10.196668,-2.789616,-3.900587,-4.714857,7365.127,7.484062,1.570199,2.432454,5.199889,-1.893,-2.670716,-3.168657,8712.13,8.030665,1.853724,2.8818,6.443747,-2.290012,-3.306908,-3.760503,14162.041,4.596561,5.139408,8.087917,11.215704,-2.267458,-3.595241,-4.048631,16354.805,5.15143,5.893471,9.398779,13.535236,-2.604395,-4.030206,-4.545699,15100.723,1.894397,3.974379,6.191382,11.172395,-4.315135,-6.021897,-9.151355,13929.443,1.765886,3.530877,4.959679,9.520132,-4.203465,-5.827862,-6.795233,22329.691,6.491462,7.470284,10.899607,11.600553,-2.972513,-4.073535,-5.479525,22215.703,9.641404,6.539732,9.237212,9.302701,-2.958278,-3.980428,-4.744342,7755.183,6.412514,1.806491,2.802447,8.700299,-2.120565,-3.318868,-3.789116,7920.4077,6.110796,1.914092,2.974005,9.23018,-2.106033,-3.232224,-3.911177,19766.332,6.293307,7.358105,12.26724,22.46168,-3.076894,-4.968934,-5.776552,16986.715,6.461481,6.191988,10.312405,18.890959,-2.590446,-4.119404,-5.716907
2.0,600.0,13257.945,1.721682,3.51452,4.536243,5.301773,-4.174691,-5.992708,-7.788672,14123.802,1.967997,4.064727,5.958702,6.797452,-4.556085,-6.413432,-7.013568,19353.814,5.154439,6.736326,10.062686,10.79842,-2.832045,-3.927805,-4.847602,23033.451,6.498062,8.002004,11.998546,12.683715,-3.180387,-4.503703,-5.288314,8464.202,8.213725,1.926441,2.766942,3.063375,-2.201302,-3.068025,-3.770432,9999.198,8.721698,2.268809,3.327831,3.729128,-2.672284,-3.884637,-4.351207,15460.909,4.804958,6.035234,10.080307,10.94938,-2.545774,-3.957489,-4.468041,17799.838,5.340921,6.90374,11.530092,12.260779,-2.931257,-4.570673,-5.187288,17563.123,2.053568,4.967083,7.284393,8.173742,-5.002344,-6.934056,-8.224081,15665.045,1.845677,4.380296,6.131118,6.937514,-4.830643,-6.765053,-7.831497,24173.154,6.741771,8.631084,13.375162,14.225334,-3.325088,-4.665012,-7.031161,24032.508,10.120649,7.767635,11.111327,11.713849,-3.29052,-4.451972,-6.157387,8835.671,6.925208,2.186389,3.45407,3.864809,-2.460278,-3.816565,-4.22325,9042.345,6.675911,2.309705,3.695453,4.196394,-2.403376,-3.701923,-4.311842,21396.148,6.483345,8.525985,14.892137,16.123278,-3.471784,-5.72077,-6.561253,18428.14,6.74786,7.251976,12.648111,13.366138,-2.887881,-4.716433,-5.203691
2.0,700.0,15132.461,1.828841,4.36566,5.714352,6.407911,-4.791725,-6.856757,-7.464414,16052.2295,2.100164,4.916686,7.224289,8.072044,-5.182951,-7.476514,-8.185107,20628.918,5.270828,7.595692,11.743697,12.608758,-3.15055,-4.472164,-5.126955,24529.758,6.672473,9.058647,14.037362,14.976278,-3.559591,-5.090304,-5.760275,9238.615,8.50406,2.257205,3.295132,3.729707,-2.439416,-3.518848,-3.951378,10922.669,9.079371,2.670187,3.986641,4.285764,-2.99903,-4.436558,-4.87538,16443.453,4.893895,6.790491,11.820446,13.216614,-2.840635,-4.43253,-5.032429,18928.38,5.438607,7.790602,13.608072,14.481292,-3.279479,-5.231992,-5.776564,19683.582,2.178147,5.907463,8.701925,9.806341,-5.643642,-7.875697,-8.858739,17785.96,1.967953,5.349678,7.530213,9.498617,-5.454391,-7.637951,-8.68722,25614.63,6.8969,9.705085,15.60203,16.286804,-3.688909,-5.27228,-5.939595,25401.178,10.249928,8.861598,13.292166,13.803823,-3.612009,-4.997616,-5.882126,9630.365,7.198543,2.555849,4.098827,4.639129,-2.754198,-4.366733,-4.951621,9899.288,6.927863,2.662022,4.380164,4.841076,-2.684395,-4.184505,-4.57736,22697.525,6.605867,9.604963,17.629015,18.954617,-3.88215,-6.474706,-7.250614,19561.244,6.871941,8.153087,14.932685,15.862991,-3.220768,-5.30171,-6.095195
2.0,800.0,16736.453,1.914349,5.146725,6.948555,7.761105,-5.362122,-7.719251,-8.500482,17722.822,2.218024,5.716284,8.543058,9.125178,-5.718499,-8.118705,-8.901053,21875.105,5.579212,8.41909,13.460811,14.133303,-3.503025,-5.038275,-5.72388,25846.803,7.022515,9.990226,15.99826,16.938211,-3.937763,-5.670736,-6.467257,9686.212,8.859755,2.572178,3.761373,4.029102,-2.606488,-3.808471,-4.351624,11503.378,9.476025,3.029204,4.528932,4.948939,-3.197853,-4.79649,-5.38799,17389.441,5.137883,7.48706,13.593099,14.344181,-3.132929,-4.985928,-5.67805,19993.377,5.712459,8.576965,15.512604,16.533176,-3.602269,-5.780681,-6.398877,21585.15,2.296819,6.819152,10.19162,11.011712,-6.211159,-8.71618,-9.439079,19748.424,2.075368,6.241705,8.881127,9.76663,-6.038309,-8.477299,-9.311773,26809.158,7.19671,10.642233,17.713774,18.680779,-4.041481,-5.838507,-6.731924,26620.11,10.753836,9.817119,15.18509,17.07353,-3.962456,-5.539491,-6.277215,10208.713,7.557035,2.88801,4.690331,5.13303,-2.949619,-4.764659,-5.227358,10491.211,7.284819,2.981341,4.992271,5.407312,-2.909962,-4.679643,-5.211796,23800.457,6.909637,10.547565,20.172943,21.640177,-4.253238,-7.293041,-8.091921,20524.635,7.190663,8.974537,17.13016,18.078197,-3.554852,-6.040636,-6.734712
2.0,900.0,18057.504,1.984203,5.930077,9.864585,8.802095,-5.91729,-8.460536,-9.273227,19150.314,2.303491,6.52747,12.105916,11.887778,-6.275965,-8.887006,-9.676904,23011.389,6.074799,9.22653,15.259659,26.635181,-3.864605,-5.57202,-6.66576,27085.291,7.696469,10.93028,18.03748,30.214928,-4.360271,-6.306625,-7.096679,9972.224,9.437539,2.843018,4.99416,5.410544,-2.735931,-4.06619,-4.485042,11820.085,10.108852,3.388235,6.054526,5.634358,-3.340515,-5.141549,-5.623341,18233.307,5.535248,8.231206,15.806431,14.676238,-3.440786,-5.548232,-6.251425,20950.906,6.178592,9.455862,18.208677,17.075535,-3.962961,-6.438213,-7.367102,23227.988,2.381236,7.750033,14.36119,12.615068,-6.784558,-9.508604,-10.620832,21314.074,2.15517,7.138547,12.362047,10.928728,-6.602308,-9.234166,-10.540284,27919.975,7.849975,11.618131,20.998835,41.210953,-4.437244,-6.451827,-7.324896,27496.768,11.523433,10.695568,17.280762,32.404728,-4.320494,-6.102545,-6.858405,10592.061,8.091798,3.244386,5.604403,6.000171,-3.108323,-5.071732,-5.759385,10946.383,7.818595,3.315605,5.701873,6.174123,-3.09697,-5.092355,-5.700461,24764.758,7.448599,11.620934,28.226116,24.311588,-4.682436,-8.122131,-9.386526,21342.482,7.723372,9.859084,23.953125,20.670006,-3.899777,-6.669341,-7.419736
2.0,1000.0,19829.982,2.083509,6.557241,9.149855,9.852666,-6.453746,-9.300977,-10.267976,20862.594,2.422247,7.175316,10.895067,11.766644,-6.783607,-9.666209,-10.702735,24503.484,6.587956,9.959981,16.815088,17.646152,-4.169326,-6.086211,-6.892048,28627.318,8.328255,11.777673,19.932848,20.867552,-4.678779,-6.841892,-7.786175,10472.647,9.948688,3.071457,4.478224,4.988202,-2.858409,-4.459779,-4.820623,12427.172,10.721175,3.683084,5.501061,5.929958,-3.49286,-5.410855,-6.117225,19383.727,5.941675,8.765933,16.95964,18.227877,-3.721321,-6.065462,-7.312288,22197.744,6.659533,10.097121,19.408293,20.73822,-4.248635,-6.90955,-11.684962,25101.959,2.496622,8.46037,12.795374,13.914551,-7.330832,-10.301892,-11.238075,23185.875,2.255002,7.816208,11.400443,12.140043,-7.144147,-10.030925,-11.086415,29281.705,8.414272,12.411144,21.744076,22.855028,-4.694654,-6.906569,-8.157172,28790.977,12.268848,11.46694,18.738562,19.546072,-4.593809,-6.576114,-7.443125,11220.668,8.632192,3.482418,5.617638,6.151095,-3.259728,-5.352322,-6.202787,11602.076,8.305725,3.52905,5.935356,6.603773,-3.289834,-5.475439,-6.360185,25964.63,7.955461,12.269297,24.992481,27.246204,-4.97764,-8.810249,-9.842334,22420.314,8.222099,10.391094,21.08563,22.71839,-4.18684,-7.34293,-10.359171
2.0,50.0,1685.4688,1.091303,0.38997,0.608581,2.228944,-0.296663,-0.459164,-1.182951,448.5762,1.030709,0.084766,0.191448,1.204265,-0.275584,-0.481398,-4.793772,8164.643,2.818315,0.593511,0.682583,1.764719,-0.480824,-0.659577,-1.889561,9337.079,3.304988,0.619879,0.694114,1.209943,-0.618076,-0.827154,-2.347699,1278.166,2.075348,0.126167,0.190851,0.767205,-0.208892,-0.286146,-0.843505,1440.6906,2.098959,0.135091,0.198473,1.121117,-0.230193,-0.315914,-0.828822,6561.2075,2.630051,0.582658,0.673623,1.205194,-0.446737,-0.65827,-1.904168,7418.5156,2.825421,0.639575,0.730465,2.198216,-0.534591,-0.810703,-4.446905,1624.5352,1.097472,0.244635,0.406197,1.412728,-0.401128,-0.629158,-1.544625,1221.8457,1.065388,0.262951,0.440434,1.391209,-0.328425,-0.628096,-4.280928,9601.724,3.341797,0.693344,0.780246,1.406777,-0.739012,-1.328661,-2.855392,6534.808,3.496763,0.436578,0.523575,1.013114,-0.65128,-0.852297,-2.546593,1352.7815,1.899132,0.137911,0.244706,0.619799,-0.218844,-0.319055,-1.051506,1437.368,1.896328,0.143256,0.225625,0.663191,-0.235785,-0.34555,-1.521918,8701.664,3.243217,0.74196,0.843358,1.412699,-0.748332,-1.098958,-3.014599,7229.7285,3.270453,0.593487,0.682539,1.20156,-0.695909,-1.107656,-4.623712
2.0,100.0,2816.3262,1.153074,0.658732,1.050208,1.991255,-0.633706,-0.920326,-1.613269,2046.6895,1.139076,0.170913,0.280029,1.100488,-0.749248,-1.083074,-1.665813,10618.481,3.486694,1.402783,1.557514,3.085921,-0.732607,-1.366517,-2.173537,12833.846,4.324291,1.563402,1.732735,2.213821,-0.915752,-1.102921,-1.859719,2274.452,3.006287,0.301707,0.38523,0.87682,-0.417437,-0.637571,-1.213133,2552.8533,3.039481,0.341427,0.426578,0.866031,-0.474155,-0.676733,-1.022787,8344.318,3.1829,1.33416,1.631171,2.018048,-0.681626,-0.900186,-1.666161,9544.867,3.473364,1.485725,1.773832,2.638115,-0.792719,-1.061778,-1.675671,3650.33,1.217533,0.495103,0.70272,2.464372,-0.926524,-1.293885,-1.992342,2799.9688,1.149928,0.432761,0.679503,1.831758,-0.84342,-1.39274,-1.821331,13415.485,4.42096,1.751104,1.979223,2.469238,-1.07894,-1.271087,-2.019938,11474.775,5.602076,1.154654,1.325462,2.446066,-1.215968,-1.395869,-1.975342,2373.6465,2.637145,0.329034,0.474145,0.938313,-0.459557,-0.701427,-3.498272,2542.8125,2.648879,0.35782,0.612797,0.788003,-0.490338,-0.702571,-1.06938,11637.244,4.140865,1.786477,2.109576,2.66374,-1.04219,-1.378602,-5.780386,10097.781,4.29801,1.493382,1.747863,2.231973,-0.969302,-1.29785,-1.711653
2.0,200.0,5629.5312,1.311581,0.975438,1.624313,2.500459,-1.509217,-2.09684,-2.797843,5185.2773,1.355309,0.698204,0.881618,1.619893,-1.748979,-2.402575,-3.67708,13325.305,3.953219,2.642541,3.155128,3.665946,-1.205775,-1.736904,-2.263265,16219.06,4.95229,3.114409,3.687785,4.133514,-1.421853,-2.035714,-2.478486,4069.7698,4.342411,0.634602,0.836659,1.319445,-0.859451,-1.189391,-3.145645,4647.353,4.480731,0.719423,0.97119,2.171196,-1.007571,-1.360432,-1.816223,10657.983,3.689156,2.387358,3.095538,3.415481,-1.136276,-1.5787,-2.134888,12187.262,4.034286,2.691047,3.40013,3.851963,-1.317383,-1.780004,-4.843915,7284.5664,1.443391,1.096217,1.417649,2.515569,-2.002258,-2.850832,-3.756979,5991.088,1.326281,0.801713,1.07611,2.022088,-1.838481,-2.547477,-3.179855,17128.545,5.116525,3.463135,4.199285,4.673976,-1.583923,-2.249348,-6.137058,16869.271,7.46766,2.603441,3.002134,3.908093,-1.792473,-2.504164,-6.933734,4304.1157,3.783942,0.711333,0.969268,1.712366,-0.961947,-1.401675,-1.85655,4608.2607,3.795056,0.776204,1.059091,1.614161,-1.010972,-1.504167,-2.151313,14852.429,4.845909,3.287771,4.181702,4.683301,-1.60367,-2.252971,-2.80873,12949.879,5.069002,2.811391,3.614715,4.06648,-1.39145,-1.939007,-2.595333
2.0,250.0,7002.1074,1.388652,1.24663,2.136517,3.030762,-1.899737,-2.711134,-4.499087,6809.323,1.473942,1.211399,1.601721,2.337626,-2.165151,-3.016133,-3.760559,14428.946,3.9484,3.390102,4.263219,4.771329,-1.437189,-1.918388,-2.567315,17605.215,4.963782,4.045869,5.06407,6.189156,-1.643813,-2.170937,-2.695935,4940.3438,4.814478,0.875796,1.205346,1.592962,-1.087543,-1.469501,-2.064298,5694.288,5.006259,1.007474,1.399944,1.85827,-1.274461,-1.758026,-2.263873,11553.335,3.682868,3.106738,4.172767,4.755217,-1.354129,-1.977236,-2.539179,13254.305,4.031916,3.498322,4.723222,5.335452,-1.548435,-2.224931,-2.768073,9119.971,1.563296,1.69707,2.285403,3.109186,-2.449223,-3.367219,-4.079853,7684.1855,1.423584,1.312602,1.681872,2.769828,-2.261309,-3.169154,-4.368573,18605.236,5.131225,4.487253,5.849191,6.201684,-1.805582,-2.367541,-6.331479,18604.938,7.592419,3.576085,4.339388,4.741362,-2.006766,-2.49536,-3.187814,5220.308,4.189759,0.985577,1.401121,1.851894,-1.219831,-1.92001,-2.324252,5521.228,4.159708,1.068549,1.522463,1.934166,-1.26636,-1.862606,-2.38341,16186.922,4.852342,4.347815,5.955705,6.477044,-1.874039,-2.803121,-3.658513,14125.974,5.099978,3.69747,5.071012,5.493688,-1.61824,-2.372155,-2.843502
2.0,300.0,8325.801,1.464059,1.603587,2.578117,3.50112,-2.296863,-3.293972,-3.932809,8203.352,1.576173,1.684445,2.265327,2.976151,-2.57021,-3.58982,-4.61132,15347.136,3.943478,4.073825,5.300089,5.980445,-1.675597,-2.232189,-2.927657,18673.113,4.933458,4.898938,6.349271,7.077972,-1.90855,-2.826142,-3.823658,5690.9966,5.119848,1.130761,1.579999,2.03116,-1.303146,-1.765299,-2.328795,6590.25,5.33487,1.306618,1.888166,2.188144,-1.552961,-2.148293,-2.490015,12305.867,3.679189,3.730594,5.261679,5.866181,-1.546215,-2.303879,-3.253301,14099.023,4.01445,4.222117,5.955563,6.443659,-1.796318,-2.612896,-3.328606,10743.365,1.671332,2.238182,3.052217,3.909894,-2.89525,-3.972515,-4.837023,9125.326,1.504671,1.785605,2.322981,3.427663,-2.70415,-3.780786,-4.579255,19704.285,5.089394,5.411683,7.249003,7.991239,-2.064559,-2.732248,-3.442853,19904.63,7.618763,4.490986,5.601472,6.272656,-2.234615,-2.787203,-3.586489,5982.5796,4.439638,1.276052,1.85648,2.217153,-1.469335,-2.215642,-2.808512,6277.623,4.387407,1.371967,2.011057,2.485398,-1.493452,-2.206905,-2.653998,17172.885,4.815786,5.271915,7.651332,8.217052,-2.135698,-3.190679,-3.986956,15009.903,5.084428,4.514145,6.565238,7.172159,-1.811458,-2.799312,-3.270863
2.0,350.0,9301.645,1.522833,1.967812,2.916078,3.921577,-2.625964,-3.760867,-4.558292,9130.286,1.639901,2.132185,2.976809,5.023262,-2.914504,-4.090882,-5.221121,16089.492,4.10556,4.628605,6.245701,6.663628,-1.933435,-2.62279,-6.33185,19557.652,5.1941,5.611829,7.499461,7.999652,-2.174536,-3.245839,-3.71019,6218.846,5.537255,1.306013,2.027939,2.249549,-1.49772,-2.061882,-2.636741,7255.5713,5.849509,1.508034,2.186163,2.509587,-1.786462,-2.500826,-2.945242,12896.907,3.832167,4.249669,6.217014,6.706267,-1.785585,-2.636309,-3.227452,14785.52,4.211048,4.814501,7.077708,7.713917,-2.053099,-2.996978,-3.667374,11727.883,1.724973,2.734477,3.805314,4.681079,-3.239696,-4.514724,-5.521999,10517.529,1.592347,2.322843,3.04304,3.895547,-3.052028,-4.2876,-5.091755,20608.852,5.357118,6.16164,8.526545,9.301597,-2.329668,-3.126532,-4.091089,20744.377,7.951371,5.201748,6.699446,7.296583,-2.472804,-3.188479,-4.01997,6548.842,4.818277,1.46706,2.223293,2.653907,-1.686318,-2.536948,-2.909471,6785.268,4.678113,1.583888,2.399245,2.70107,-1.692008,-2.519733,-3.003776,17993.748,5.074262,6.018762,9.109577,9.995404,-2.420515,-3.723976,-4.285845,15676.686,5.307861,5.145548,7.786778,8.864777,-2.057259,-3.201784,-3.743388
2.0,400.0,10137.814,1.566258,2.274793,3.306592,7.254913,-3.003595,-4.205753,-5.164063,10264.14,1.722903,2.531479,4.281366,11.641827,-3.325852,-4.605245,-5.649968,17192.736,4.461822,5.170785,7.146169,15.844284,-2.15345,-3.019242,-8.331544,20713.678,5.599396,6.198883,8.474106,18.089123,-2.429151,-3.347142,-9.070211,6841.1523,6.154478,1.476255,2.188952,3.326576,-1.708218,-2.297489,-2.821563,8007.8154,6.469133,1.714357,2.528634,6.785316,-2.046423,-2.848471,-3.315735,13780.682,4.14289,4.766007,8.5728,11.485343,-1.967856,-3.474438,-3.539856,15752.466,4.529619,5.376697,9.656161,12.013544,-2.248589,-3.395799,-3.980991,13087.609,1.817145,3.227166,5.297632,14.360541,-3.680581,-4.96403,-5.663694,11379.777,1.632306,2.687672,4.307876,12.129594,-3.488171,-4.766305,-5.532504,21767.494,5.753835,6.781377,9.58776,25.795563,-2.58257,-3.573377,-9.81133,21838.846,8.606547,5.792826,7.589913,20.190123,-2.706784,-3.792803,-10.397272,7205.84,5.29615,1.688609,2.522844,4.624195,-1.869572,-2.877074,-3.353304,7397.912,5.123028,1.806795,2.719014,5.043598,-1.854293,-2.80082,-3.322446,19061.578,5.445289,6.735631,12.963107,19.023088,-2.613227,-4.12448,-4.973888,16612.545,5.73355,5.770069,10.963085,16.73135,-2.223825,-3.45892,-4.194576
2.0,450.0,11256.994,1.632428,2.620422,3.365943,4.35786,-3.397545,-5.343444,-5.433699,11460.135,1.805134,2.923374,4.126992,4.683658,-3.739488,-5.931455,-5.669705,18042.129,4.606576,5.729658,8.068042,8.633541,-2.44859,-3.877087,-4.158949,21744.787,5.803843,6.88065,9.692741,10.213407,-2.781672,-4.365843,-4.435687,7498.384,6.547328,1.622484,2.334943,2.700563,-1.916571,-2.991511,-2.939396,8783.966,6.919523,1.88044,2.747507,3.172725,-2.311911,-3.589858,-3.906868,14396.453,4.244062,5.208892,8.158345,8.69762,-2.208467,-3.339968,-4.024132,16502.807,4.660212,5.928331,9.206477,9.750036,-2.547648,-3.858732,-4.571537,14505.605,1.904746,3.656211,5.190002,5.972909,-4.15152,-6.636467,-6.097409,12642.889,1.709235,3.126471,4.160392,5.104416,-3.931953,-6.38011,-6.698809,22822.82,5.95954,7.47274,10.882291,11.616501,-2.936221,-4.555541,-4.693553,22752.553,8.845776,6.466809,8.686023,9.367558,-2.95948,-4.565682,-4.656348,7830.6196,5.605751,1.819906,2.811916,3.300326,-2.162194,-3.254635,-3.892598,8025.135,5.405179,1.955965,3.038928,3.467241,-2.099641,-3.088794,-3.667226,19964.828,5.608293,7.312221,11.765834,12.453283,-3.028302,-4.737019,-5.698118,17400.166,5.903034,6.267651,10.135272,10.905262,-2.543218,-3.947365,-4.548520
2.0,500.0,12204.729,1.682238,3.021692,3.793962,4.820182,-3.729866,-5.298869,-6.096577,12484.165,1.875195,3.364594,4.836641,5.635036,-4.078848,-5.804294,-6.391016,19015.875,4.865406,6.314666,9.124715,9.820664,-2.613704,-3.563072,-4.252325,22857.771,6.169664,7.559598,10.914939,11.517368,-2.957691,-4.038374,-4.674642,8100.468,7.109079,1.800951,2.647874,3.305934,-2.0911,-2.847163,-3.340947,9530.321,7.55778,2.107338,3.14011,3.48069,-2.514667,-3.532497,-3.970606,15159.319,4.463957,5.713091,9.175678,9.721413,-2.32834,-3.597928,-4.27084,17408.492,4.952634,6.507395,10.500239,11.859287,-2.697411,-4.135466,-4.893158,15579.563,1.965462,4.143418,5.951472,6.618226,-4.493172,-6.104564,-7.246781,13789.455,1.77066,3.627165,4.901436,5.837071,-4.274119,-6.495853,-6.561906,23903.28,6.315714,8.175388,12.273464,13.113651,-3.094747,-4.206782,-4.883462,23766.805,9.350858,7.159999,9.901012,10.409986,-3.120854,-4.203798,-4.791981,8474.765,6.084279,2.046342,3.232343,3.723126,-2.293756,-3.513106,-3.881775,8605.462,5.788771,2.167228,3.483429,4.217154,-2.229218,-3.343521,-3.860134,20938.953,5.957293,8.053594,13.50607,14.348346,-3.162331,-5.118217,-5.761783,18182.078,6.210274,6.867417,11.482155,12.25518,-2.664666,-4.272541,-6.424989
2.0,600.0,14188.234,1.802812,3.821558,4.90102,5.535229,-4.38676,-7.231721,-6.867369,14281.885,1.993913,4.172347,6.079471,6.755861,-4.717243,-7.781635,-10.973666,20393.916,5.112426,7.222946,10.876072,11.407631,-2.994734,-4.892334,-4.861008,24406.59,6.508983,8.680729,13.133309,13.850565,-3.40722,-5.484734,-15.002589,9087.382,7.780682,2.121671,3.160828,3.499706,-2.387194,-3.90026,-4.157541,10729.94,8.312246,2.499766,3.772635,4.205811,-2.938402,-4.693702,-4.660456,16243.237,4.681282,6.512416,10.916016,11.62725,-2.684992,-4.124042,-5.005685,18632.457,5.179075,7.449058,12.589169,13.531519,-3.083822,-4.727634,-5.50333,17666.957,2.087819,5.04455,7.349679,8.141443,-5.212667,-8.567686,-10.343098,16151.17,1.920601,4.554983,6.26867,6.950068,-4.983833,-8.318776,-13.145164,25429.143,6.630597,9.322994,14.59016,15.344965,-3.543429,-5.670896,-15.531029,25208.19,9.752956,8.273071,11.986782,12.503715,-3.497488,-5.586513,-6.294783,9459.718,6.609465,2.412743,3.896837,4.394414,-2.690768,-4.077464,-8.586535,9607.859,6.287832,2.525805,4.17354,4.596924,-2.579964,-3.849546,-4.66452,22325.271,6.228254,9.172587,16.228033,17.08619,-3.65032,-5.957322,-6.671665,19377.006,6.503535,7.805896,13.765006,14.646282,-3.056496,-4.909503,-5.588228
2.0,700.0,15746.879,1.878251,4.573974,6.007667,6.911477,-4.868063,-7.009956,-7.752449,16139.735,2.133292,5.018825,7.353493,8.151555,-5.168566,-7.383881,-8.175469,21811.9,5.394811,8.150398,12.863926,14.268719,-3.267543,-4.572748,-5.553998,25840.871,6.765443,9.718286,15.156452,15.997704,-3.635111,-5.118049,-5.796897,9888.171,8.316436,2.444835,3.649192,4.138703,-2.587363,-3.726144,-4.186664,11759.745,8.882685,2.886055,4.354524,4.858038,-3.156305,-4.597997,-5.006724,17300.012,4.897449,7.262756,12.740639,13.413092,-2.883621,-4.560221,-5.200619,19805.264,5.399692,8.294334,14.498488,15.322572,-3.267091,-5.191581,-5.888873,19695.555,2.220698,5.974797,8.786767,9.552315,-5.683252,-7.885813,-8.790484,17799.244,1.988647,5.361322,7.501629,8.433301,-5.442345,-7.652229,-8.325474,26762.389,6.856616,10.3518,16.74219,17.547808,-3.73002,-5.235638,-5.942774,26641.791,10.227369,9.394379,14.120201,16.086687,-3.772024,-5.125646,-5.887159,10350.232,7.058321,2.76783,4.540908,5.008165,-2.86402,-4.491656,-4.914606,10504.762,6.746202,2.866983,4.856667,5.423788,-2.791358,-4.393944,-4.976804,23478.57,6.430226,10.15088,18.675209,19.863379,-3.82487,-6.410365,-7.698416,20411.375,6.767548,8.690667,16.041185,17.047552,-3.251668,-5.399876,-6.051654
2.0,800.0,17360.002,1.972202,5.365614,7.232975,7.941722,-5.406528,-7.890072,-8.875744,17977.986,2.272833,5.83942,8.773778,9.53419,-5.725073,-8.150814,-9.002147,22839.703,5.478131,8.890971,14.303697,14.991684,-3.523041,-5.072164,-5.802678,27038.477,6.890276,10.606691,17.145607,18.03522,-3.954077,-5.688906,-6.698641,10439.168,8.494189,2.764386,4.138016,5.259705,-2.758963,-4.022708,-4.690275,12402.688,9.12117,3.285603,5.025832,5.534268,-3.387055,-5.01482,-5.485117,18085.172,4.962207,7.90311,14.431088,15.327452,-3.15751,-5.02016,-5.697268,20721.367,5.501524,9.036773,16.447933,17.593065,-3.597814,-6.133278,-6.674614,21810.703,2.364222,6.916576,10.341876,11.412587,-6.223229,-8.723963,-9.727459,19658.127,2.097558,6.254653,8.934258,9.968031,-5.99927,-8.434713,-9.458242,27888.953,6.955222,11.250465,18.8377,19.716566,-4.034378,-5.794217,-6.616497,27679.846,10.290795,10.321434,16.14508,17.187925,-3.976215,-5.592242,-6.490179,10942.578,7.271123,3.13764,5.201381,5.699869,-3.088459,-4.899309,-5.423139,11197.166,6.959455,3.206001,5.538735,6.077125,-3.02846,-4.84459,-5.364588,24467.041,6.52136,11.043662,21.246792,22.603367,-4.197463,-7.161279,-8.124472,21256.15,6.834752,9.456242,18.203398,19.524946,-3.543608,-5.989179,-6.548785
2.0,1000.0,20762.135,2.10871,5.900629,7.91684,8.866552,-6.278081,-8.968981,-11.796775,20994.322,2.36513,6.139303,9.106421,9.856134,-6.661893,-9.409156,-10.304435,21995.482,5.883274,8.012478,12.971356,13.726927,-3.588344,-5.18009,-5.872519,25830.553,7.183609,9.485777,15.420443,16.3405,-3.995435,-5.782786,-6.734276,10633.416,10.328214,2.620116,3.774762,4.392381,-2.92042,-4.351766,-5.04284,12379.495,10.751737,3.040764,4.45589,4.934103,-3.501352,-5.375089,-5.833186,17481.516,5.474341,7.186385,13.258998,14.083498,-3.231235,-5.185484,-5.929071,19920.99,6.011481,8.120081,14.788296,15.945666,-3.706818,-6.017249,-6.739896,25860.916,2.552194,7.34312,10.820865,11.747282,-7.2502,-10.227617,-11.438225,23612.7,2.258582,6.767122,9.555522,13.913602,-6.947655,-9.735083,-10.739052,26185.111,7.260149,9.752443,16.416216,17.573229,-4.024205,-5.854821,-6.653425,26465.564,11.175115,9.517226,15.350857,16.31495,-3.947546,-5.633926,-6.547413,10703.619,8.444858,2.778311,4.377871,4.905644,-3.15917,-5.2319,-5.611599,10955.8125,8.314278,2.891765,4.830226,5.463211,-3.103759,-5.201107,-6.006292,23255.48,7.085688,9.683298,18.515976,21.035429,-4.294331,-7.375419,-8.273221,20163.02,7.504339,8.387478,16.196157,17.315422,-3.583765,-6.156721,-6.942976
2.0,900.0,19290.43,2.039979,6.156618,8.368387,9.121578,-6.186429,-10.220376,-12.689523,19322.678,2.252071,6.469954,9.728397,11.466677,-6.587217,-10.781067,-29.68617,20648.129,5.088762,7.959931,13.029724,13.765837,-3.53309,-5.831555,-16.344831,24715.139,6.457567,9.760398,16.215014,17.119383,-3.99233,-6.538694,-8.207029,10166.602,9.201699,2.710324,3.975623,4.350445,-2.946349,-4.780195,-6.881404,11747.26,9.783216,3.181675,4.861939,5.369712,-3.573379,-5.601401,-7.336676,16352.569,4.727157,6.993795,13.028473,13.852097,-3.22054,-5.044212,-5.357341,18800.773,5.296372,8.123129,15.18771,16.267256,-3.731934,-5.710159,-7.984639,23725.855,2.38907,7.641299,11.222596,12.47478,-7.128856,-11.794801,-14.149707,22368.04,2.241184,7.180918,10.168486,11.490069,-6.775392,-11.321615,-31.974966,25107.16,6.56564,10.072228,17.315376,19.082806,-4.033158,-6.522812,-18.200539,25320.506,9.659172,9.69455,15.764989,16.54999,-3.883157,-6.359255,-17.929174,10130.804,7.771269,2.892403,4.705323,5.392162,-3.175053,-4.981468,-5.608596,10352.918,7.373085,2.951744,4.911558,5.479953,-3.090486,-4.664137,-6.413636,22147.867,6.318652,9.863528,19.505003,21.432692,-4.245502,-7.13935,-7.893068,19112.715,6.468137,8.362056,16.347507,17.525757,-3.521763,-5.611131,-6.418582
2.0,150.0,5393.783,1.287247,1.043792,1.81658,4.530617,-1.208307,-2.010915,-5.622686,3944.3164,1.260078,0.448638,0.58734,3.84595,-1.306406,-2.15158,-5.938184,10803.988,3.151802,1.854376,2.168519,2.609082,-0.88743,-1.286973,-3.550603,13637.262,3.99543,2.250636,2.620277,3.352432,-1.054192,-1.603267,-4.512905,3190.3918,3.569521,0.485592,0.715149,1.889616,-0.661633,-1.037957,-2.882723,3592.0876,3.643892,0.547762,0.818201,2.200344,-0.751436,-1.220057,-1.834176,8443.435,2.910793,1.738845,2.173428,4.42336,-0.84149,-1.322535,-5.887507,9779.556,3.206906,1.976796,2.424746,5.152462,-0.968004,-1.576309,-4.100369,5926.699,1.350493,0.884381,1.350214,3.749884,-1.548825,-2.480352,-6.960116,5489.664,1.297824,0.85289,1.273583,3.31153,-1.416076,-2.286909,-6.223748,14057.78,4.097168,2.473441,2.925253,4.397391,-1.170766,-1.727616,-3.699295,14273.69,5.919707,1.914294,2.214804,3.456498,-1.424711,-1.972759,-5.784131,3192.3425,3.094469,0.513222,0.750345,1.98249,-0.696078,-1.096192,-2.120397,3389.2375,3.080441,0.558978,0.804307,2.119549,-0.717498,-1.25715,-1.333687,11982.826,3.823925,2.454506,3.081671,8.008223,-1.203443,-1.887808,-4.99189,10571.364,4.012186,2.117867,2.667018,6.341146,-1.075263,-1.635203,-4.598277
2.0,50.0,2960.496,1.159731,0.516047,0.744148,1.822718,-0.368886,-0.610829,-4.618766,787.0,1.052168,0.127366,0.268031,1.324528,-0.295994,-0.765794,-1.343747,7546.4937,2.560739,0.562808,0.645416,1.26006,-0.381974,-0.520818,-2.658253,9239.202,3.093443,0.672421,0.737948,1.245915,-0.506414,-0.629774,-1.806184,1467.2194,2.189169,0.127143,0.18263,1.569976,-0.201056,-0.340335,-3.259998,1611.353,2.189868,0.14027,0.203117,0.640405,-0.228125,-0.318923,-0.774218,5956.392,2.393602,0.561661,0.64646,1.177032,-0.365199,-0.560501,-2.021341,6747.959,2.567589,0.604334,0.714744,1.32465,-0.412173,-0.699902,-2.598989,2054.7676,1.123081,0.280229,0.476413,1.631034,-0.398184,-0.616948,-2.397061,2297.2168,1.126398,0.351257,0.540496,2.327416,-0.368838,-0.568398,-4.652965,9352.029,3.117385,0.713805,0.813513,1.781285,-0.589548,-0.73847,-1.390129,7399.895,3.616101,0.485572,0.555679,1.357659,-0.614106,-0.839541,-1.57324,1451.3224,1.949506,0.141485,0.21732,0.785984,-0.213313,-0.586378,-0.641249,1589.602,1.977871,0.146945,0.207924,0.697582,-0.231163,-0.599073,-0.792051,8108.743,2.960143,0.700038,0.811622,3.308581,-0.563117,-0.693559,-1.281379,7052.175,3.061436,0.603168,0.719766,1.702152,-0.54482,-0.785865,-1.582222
2.0,100.0,4437.17,1.240175,0.878109,1.302317,2.155648,-0.751351,-1.056148,-1.718422,2687.333,1.179593,0.247241,0.633527,1.590463,-0.792076,-1.125123,-1.722841,9389.102,2.861004,1.221842,1.360695,1.869478,-0.658983,-1.315227,-6.122767,11881.215,3.573702,1.481208,1.659252,2.128979,-0.832339,-1.429378,-1.896284,2509.6355,2.986946,0.315678,0.412001,0.848036,-0.448136,-0.613173,-1.119964,2797.203,3.020643,0.357931,0.465406,1.037177,-0.506516,-0.701155,-1.102001,7409.842,2.675859,1.131284,1.351782,1.834302,-0.621385,-1.098113,-1.580169,8523.691,2.909301,1.288855,1.521309,2.06137,-0.732147,-0.958122,-1.85144,4318.203,1.260553,0.560307,0.785109,2.13926,-0.957153,-1.331245,-2.142219,4079.084,1.224648,0.62416,0.90649,3.371559,-0.860644,-1.222509,-1.842448,12190.367,3.640273,1.634639,1.853462,3.211801,-0.929336,-1.114509,-1.685304,11903.144,5.044308,1.21664,1.33215,2.028582,-1.102271,-1.259695,-1.926707,2484.4585,2.593982,0.336793,0.457357,0.888656,-0.46869,-0.693445,-1.119254,2691.6733,2.622362,0.369217,0.494841,0.977355,-0.499943,-0.737828,-1.171864,10431.282,3.422497,1.583727,1.875203,2.429785,-0.921572,-1.173766,-2.009224,9204.012,3.584802,1.364087,1.609795,1.994544,-0.827719,-1.120611,-1.812335
2.0,150.0,5518.9824,1.294653,1.09913,1.737913,2.582821,-1.181832,-1.942774,-6.099661,4311.7,1.287154,0.513202,0.646597,2.25963,-1.311112,-2.108746,-5.708246,10724.936,3.120974,1.912137,2.21991,2.787174,-0.8928,-1.558407,-3.309434,13522.007,3.908053,2.35119,2.75379,3.235607,-1.054246,-1.606655,-4.228159,3376.593,3.684305,0.512787,0.66525,1.172053,-0.671702,-1.020585,-3.95011,3795.193,3.74408,0.577159,0.775481,1.566733,-0.776813,-1.221949,-3.460111,8501.358,2.919782,1.744306,2.183346,2.636236,-0.849493,-1.327022,-5.822502,9774.193,3.183745,1.991221,2.472064,2.953204,-0.980016,-1.556998,-4.251937,6239.992,1.376066,0.912944,1.54119,1.719838,-1.530229,-2.509592,-6.469967,5498.711,1.298613,0.835687,1.177989,2.255298,-1.380722,-2.149605,-6.168342,13927.798,3.998475,2.557336,3.021324,3.564377,-1.157558,-1.735322,-4.557356,14281.441,5.862734,2.048147,2.340791,2.757978,-1.32359,-1.911964,-4.528298,3354.1194,3.154645,0.543337,0.729211,1.103832,-0.724599,-1.219305,-3.262689,3600.0283,3.18061,0.590193,0.800231,1.216664,-0.761287,-1.248341,-1.609919,11935.814,3.756095,2.463731,3.062723,3.640778,-1.216452,-1.921287,-5.259701,10559.033,3.96235,2.130729,2.673575,3.688097,-1.062322,-1.65886,-4.640787
2.0,200.0,6782.7637,1.362022,1.344148,2.172315,3.333044,-1.533084,-2.179419,-3.100155,5801.626,1.387852,0.894698,1.158135,1.986163,-1.721947,-2.389397,-2.996476,11885.962,3.345612,2.481513,3.008145,3.62784,-1.101672,-1.461352,-2.811964,14866.109,4.187529,3.084577,3.719644,4.304072,-1.290135,-1.706532,-2.500525,4135.3975,4.26503,0.715685,0.956832,1.469039,-0.861739,-1.165087,-1.590774,4709.9756,4.370512,0.817323,1.076417,1.553881,-1.009809,-1.370102,-2.159183,9452.597,3.129374,2.298824,2.940555,3.267894,-1.047681,-1.499426,-2.064888,10866.255,3.415198,2.59422,3.349725,3.747872,-1.207939,-1.693743,-2.208708,7977.5176,1.482619,1.352657,1.913367,2.613349,-1.977146,-2.711585,-3.383093,7115.582,1.387302,1.165308,1.559189,2.450558,-1.802568,-2.570814,-3.39352,15307.223,4.288523,3.335784,4.130123,4.881194,-1.391424,-1.887094,-2.474141,15894.381,6.42148,2.801306,3.344418,3.762627,-1.531519,-1.963036,-2.63631,4149.868,3.635598,0.762073,1.040778,1.450496,-0.932579,-1.369202,-2.480461,4359.24,3.615594,0.834006,1.150139,1.486759,-0.960297,-1.417566,-2.733969,13202.569,4.036633,3.234555,4.292562,5.275012,-1.461659,-2.153951,-2.843059,11623.818,4.248509,2.807803,3.722772,4.174097,-1.258121,-1.903446,-2.408916
2.0,250.0,8005.99,1.429767,1.581936,2.577695,3.331739,-1.930948,-2.756279,-3.391455,7140.4277,1.47661,1.309775,1.747794,2.577556,-2.167756,-3.077648,-3.818108,12747.789,3.464832,3.067462,3.875416,4.388382,-1.333735,-1.842629,-2.784716,15944.74,4.384661,3.827098,4.828871,5.289256,-1.541434,-2.055141,-2.853447,4805.888,4.711855,0.894703,1.220825,1.642687,-1.0703,-1.430778,-1.879717,5510.215,4.899453,1.025409,1.409622,1.714594,-1.253255,-1.727052,-2.298983,10132.937,3.233982,2.792353,3.787378,4.409143,-1.254373,-1.996055,-2.58393,11685.948,3.558098,3.18206,4.334421,5.056186,-1.442939,-2.101343,-2.888922,9552.256,1.576486,1.822628,2.445888,3.417985,-2.456342,-3.395478,-4.190476,8678.3125,1.477399,1.580393,1.993253,3.189816,-2.260139,-3.172476,-4.031967,16431.852,4.500349,4.101705,5.280846,5.83211,-1.640948,-2.341805,-2.714385,17043.666,6.694509,3.572082,4.331758,4.848586,-1.757566,-2.206133,-2.939049,4828.98,4.037004,0.964108,1.358665,2.651348,-1.158545,-1.74848,-2.198565,5010.748,3.941398,1.039455,1.500465,2.112809,-1.167677,-1.74305,-2.191746,14221.814,4.234049,3.972524,5.5133,6.032924,-1.730486,-2.628237,-3.479357,12488.007,4.430775,3.441451,4.80064,5.376025,-1.473224,-2.212866,-2.611452
2.0,300.0,8784.781,1.467902,1.81229,2.861056,5.297334,-2.284091,-3.226762,-3.878767,8350.187,1.556566,1.721118,2.330938,3.199527,-2.566984,-3.622566,-4.019584,13806.456,3.748991,3.652396,4.772821,5.24897,-1.517756,-2.081028,-2.788761,17073.547,4.710467,4.520566,5.908851,6.480823,-1.755845,-2.397335,-3.382433,5521.968,5.379766,1.078101,1.507052,1.970876,-1.253189,-1.711431,-2.188139,6283.835,5.510427,1.244742,1.725762,3.733657,-1.484259,-2.086027,-2.549331,11016.126,3.494343,3.339886,4.710639,5.934245,-1.423522,-2.506819,-5.596468,12614.394,3.824539,3.79392,5.411258,6.022558,-1.631632,-2.468104,-3.06222,10950.707,1.659601,2.291439,3.44504,5.214679,-2.879206,-3.972898,-5.599051,9652.637,1.526481,1.969367,2.53588,3.751547,-2.665956,-3.696612,-6.851507,17584.752,4.835721,4.844966,6.475411,7.202216,-1.85224,-2.534871,-3.507251,18202.465,7.286745,4.284417,5.396532,5.945233,-1.921561,-2.533603,-3.452177,5482.5107,4.503781,1.165067,1.681695,2.039376,-1.360162,-2.244465,-2.687558,5714.71,4.435739,1.246855,1.82303,2.162682,-1.348,-2.006345,-2.481187,15303.966,4.562636,4.726218,6.905725,7.459693,-1.946559,-3.116745,-4.089405,13464.066,4.812188,4.099949,5.967043,6.557116,-1.649529,-2.508444,-3.050460
2.0,350.0,9914.191,1.531325,2.141931,3.188256,4.481001,-2.657179,-4.381862,-4.983779,9350.886,1.625551,2.144447,2.9456,3.505117,-2.949319,-4.83596,-4.744528,14643.286,3.890173,4.140135,5.542851,6.059979,-1.76943,-2.824567,-3.314429,18031.469,4.907438,5.13897,6.878182,7.408518,-2.007538,-3.188322,-3.337912,6063.61,5.733301,1.242256,1.742033,2.123983,-1.44993,-2.339027,-2.588615,7004.567,5.971885,1.434029,2.027894,2.473267,-1.716038,-2.771049,-7.555903,11673.82,3.61174,3.763167,5.492869,6.321799,-1.607299,-2.568354,-6.935094,13393.411,3.972376,4.276568,6.347286,7.001736,-1.841891,-2.841379,-7.547449,12136.328,1.734114,2.775581,3.80915,4.791709,-3.290898,-5.465404,-5.599109,11018.8125,1.60585,2.421032,3.117022,3.813588,-3.066317,-5.088717,-6.176363,18549.42,5.033641,5.452168,7.542531,8.206416,-2.104791,-3.355136,-8.99281,19158.836,7.554426,4.91344,6.338616,6.937902,-2.205904,-3.377166,-9.196346,6091.99,4.839771,1.341394,1.979319,2.395276,-1.567667,-2.386863,-2.945305,6208.796,4.676872,1.435047,2.170332,2.609957,-1.535403,-2.346522,-2.888868,16159.28,4.730182,5.342868,8.161803,8.922114,-2.179976,-3.359528,-3.953562,14145.076,4.957439,4.62875,7.059866,7.522323,-1.85794,-2.807404,-3.434372
2.0,400.0,10869.162,1.580586,2.453436,3.49523,4.454546,-2.952504,-4.191412,-4.803002,10521.364,1.707055,2.524442,3.65528,4.358857,-3.252672,-4.537315,-5.32618,15549.95,4.078766,4.650087,6.421099,7.077753,-1.910252,-2.635919,-4.807675,19034.959,5.123652,5.723718,7.904766,8.495419,-2.146978,-2.966897,-3.82465,6694.0835,6.190179,1.398003,1.986128,2.403248,-1.624494,-2.23054,-2.776419,7759.492,6.447852,1.609316,2.330712,2.717279,-1.918965,-2.682747,-3.190354,12387.488,3.767395,4.221303,6.34185,6.974369,-1.780426,-2.656786,-4.404767,14181.369,4.132225,4.781093,7.241868,7.68062,-1.9938,-3.068958,-3.972713,13405.818,1.811804,3.194743,4.43872,5.208839,-3.615706,-4.985617,-5.882949,12028.973,1.654598,2.779786,3.686835,6.124328,-3.393812,-4.741438,-5.619551,19568.127,5.254521,6.061011,8.594475,9.335666,-2.234447,-3.078808,-3.707832,20173.33,7.922724,5.513531,7.336661,8.057127,-2.317277,-3.102855,-4.173878,6728.0317,5.191521,1.507725,2.289951,2.845026,-1.740422,-2.681958,-3.093908,6771.6855,4.987618,1.60148,2.455091,2.953621,-1.686412,-2.513913,-2.91394,17051.086,4.915164,5.918204,9.290136,10.002089,-2.3536,-3.765336,-4.488636,14945.806,5.188137,5.146248,8.074637,8.70245,-2.011113,-3.184082,-3.681190
2.0,100.0,11787.801,1.628573,2.87938,4.520176,5.197526,-3.358128,-5.189195,-5.275504,11663.565,1.785354,3.034132,4.368234,10.497399,-3.697373,-5.750377,-15.910153,16343.524,4.211913,5.240059,8.928221,7.854224,-2.154883,-3.413645,-9.564215,19914.639,5.271296,6.408128,11.052575,9.695865,-2.440842,-3.85133,-10.689773,7327.704,6.587798,1.587025,2.694194,7.890834,-1.859267,-2.927692,-8.110104,8473.839,6.835104,1.844413,3.191813,3.194772,-2.225004,-3.442094,-9.518686,12996.581,3.872721,4.674925,7.300584,10.648404,-1.973295,-2.942184,-3.884664,14835.252,4.233049,5.316426,8.361079,12.220846,-2.244917,-3.362634,-4.504178,14743.393,1.895651,3.742843,5.46064,14.88048,-4.08777,-6.519116,-17.768017,13003.635,1.70391,3.298351,4.502269,12.155762,-3.850487,-6.134538,-16.991034,20450.959,5.396548,6.814179,10.684075,10.666177,-2.53473,-3.937492,-4.176225,21065.826,8.176765,6.260932,10.234225,28.453854,-2.607171,-3.991081,-10.90834,7298.2744,5.467275,1.73045,3.215861,3.109502,-1.999042,-2.983794,-3.714275,7326.9927,5.243759,1.82107,3.502946,3.562346,-1.884884,-2.744488,-3.192582,17842.293,5.043064,6.574703,11.133593,19.004879,-2.631154,-4.104119,-4.668654,15668.988,5.343241,5.707254,9.682152,17.911354,-2.22822,-3.482766,-4.046537
2.0,500.0,13209.971,1.74,2.561527,3.193553,4.195305,-3.724635,-6.247205,-6.237088,12568.912,1.862884,2.837515,3.314705,4.150515,-4.066202,-6.725419,-17.955818,17525.184,6.040411,4.986283,6.654468,7.251266,-2.28549,-3.773934,-6.806809,20546.11,7.181528,5.86916,7.867712,8.444226,-2.517477,-4.141365,-4.126429,7374.8643,7.975052,1.265317,1.634042,2.036626,-1.909557,-3.129929,-8.353797,8565.701,8.21392,1.462602,2.018203,2.308282,-2.253604,-3.748067,-3.603657,14120.699,5.579889,4.3099,6.010235,6.583623,-2.084827,-3.470647,-8.619532,15902.396,5.987405,4.848421,6.698667,7.221823,-2.347749,-3.927822,-10.376456,16668.832,2.10524,3.468747,3.859239,4.72636,-4.452846,-7.240801,-9.66013,14141.754,1.779828,2.97702,3.441115,4.31548,-4.25078,-7.023803,-19.236286,20979.225,7.304708,5.978789,8.066743,8.685901,-2.583496,-4.187552,-11.414543,21183.217,11.124147,5.576317,7.157069,7.722662,-2.664969,-4.27498,-11.594716,7538.1445,6.48381,1.331319,1.905504,2.326461,-2.038432,-3.354272,-8.629321,7561.222,6.314196,1.415175,2.105396,2.53249,-1.965702,-3.124362,-3.544223,18744.021,7.104762,5.671599,8.143478,8.658781,-2.743135,-4.264304,-9.899417,16324.679,7.522571,4.848869,7.037747,7.523849,-2.357602,-3.749657,-4.362283
2.0,600.0,14133.531,1.757992,3.76795,4.784515,7.423736,-4.198096,-6.099297,-7.223457,14655.559,2.023835,4.151499,5.782487,6.419442,-4.508371,-6.366453,-7.073131,17778.08,4.655906,6.041129,8.989257,9.472551,-2.628453,-3.708792,-4.554365,21202.904,5.654406,7.260386,10.827611,11.385983,-2.866647,-4.018748,-5.21669,8396.271,7.716648,1.844216,2.650498,3.037781,-2.252929,-3.188341,-3.60506,9838.869,8.016379,2.14442,3.116378,3.525187,-2.65839,-3.821144,-4.275548,14202.5625,4.311108,5.37427,8.893126,9.517081,-2.396347,-4.051086,-4.421072,16172.323,4.684942,6.094969,9.990749,10.869711,-2.676029,-4.139303,-4.827491,18490.848,2.198906,5.068574,7.124114,7.94438,-4.932507,-6.86737,-13.954393,16070.934,1.880056,4.387208,5.859509,6.792736,-4.721579,-6.638846,-7.666029,21700.248,5.783108,7.550884,11.585769,12.295757,-2.927069,-4.06438,-6.911054,22344.41,9.002235,7.269246,10.568017,11.188214,-3.03475,-4.232341,-5.069321,8543.844,6.389624,2.004897,3.114143,3.471309,-2.396933,-3.692254,-4.128369,8396.031,6.079527,2.115491,3.442386,3.800917,-2.283439,-3.602266,-4.178472,19298.06,5.574159,7.426759,12.682758,13.560098,-3.118828,-5.038836,-5.629771,16893.396,5.958519,6.484379,11.209185,12.010072,-2.690896,-4.442126,-5.064829
2.0,700.0,15586.52,1.83048,4.531488,5.986961,6.617144,-4.731332,-6.784525,-7.660918,16202.01,2.120278,4.921551,7.142789,7.912224,-5.044492,-7.100429,-7.772217,19204.172,4.997153,6.967081,10.755349,11.424015,-2.864125,-4.125308,-5.053337,22837.367,6.102313,8.326348,12.92971,13.596031,-3.151262,-4.563073,-9.305715,9361.406,8.510986,2.164905,3.193718,3.527513,-2.511621,-3.730317,-4.035708,11034.795,8.868041,2.529553,3.740551,4.085927,-2.992406,-4.51935,-5.107398,15257.466,4.554563,6.152416,10.76975,11.443631,-2.603287,-4.187019,-5.237442,17398.902,4.961078,6.96766,12.048008,12.960832,-2.919546,-4.653895,-5.499167,20253.322,2.297935,5.948459,8.708327,9.540905,-5.516651,-7.670097,-8.543689,17744.328,1.963141,5.246405,7.26416,8.371715,-5.303369,-8.190589,-8.307462,23332.504,6.220093,8.627917,13.827162,14.736636,-3.229312,-4.65959,-6.807988,23878.105,9.621275,8.35657,12.700885,13.261191,-3.277178,-4.8749,-8.203839,9517.077,7.011012,2.366962,3.727738,4.152556,-2.678126,-4.155252,-5.981105,9283.467,6.628455,2.456135,4.14453,4.608088,-2.518731,-4.041375,-4.55716,20699.719,5.912902,8.512795,15.459556,16.649685,-3.420363,-5.68598,-6.394072,18112.012,6.331302,7.444288,13.702681,14.644071,-2.948517,-4.988335,-5.647259
2.0,800.0,17206.318,1.919487,5.4352,8.414907,23.024387,-5.305518,-7.647061,-8.649782,18023.9,2.250285,5.833422,9.678867,9.047121,-5.620696,-7.919399,-8.758778,20450.37,5.18344,7.841831,14.398947,43.042023,-3.222667,-4.56958,-5.315085,24252.72,6.3247,9.355448,16.44508,14.388214,-3.544361,-4.983819,-5.712528,10047.862,8.866326,2.550203,3.673886,9.968687,-2.758085,-3.998948,-4.471782,11857.823,9.267243,2.995714,4.330225,11.482585,-3.300647,-4.807929,-5.255464,16214.56,4.701952,6.972358,12.878854,13.282489,-2.9114,-4.652638,-5.308794,18463.879,5.126448,7.941584,15.145561,14.642407,-3.252088,-5.087718,-5.909767,22301.623,2.426759,6.97056,11.292803,10.926998,-6.127611,-8.531118,-9.28408,19657.707,2.068216,6.222364,10.230185,9.821335,-5.897338,-8.276918,-9.41913,24706.191,6.423849,9.679472,19.39994,16.678036,-3.591583,-5.039248,-5.6885,25251.82,9.947656,9.452366,17.86933,15.043268,-3.649896,-5.126579,-5.906608,10234.597,7.311354,2.770091,4.164167,4.792879,-2.949643,-4.617888,-5.245399,10038.732,6.94028,2.811037,4.603465,5.239713,-2.801664,-4.592176,-5.180056,21890.855,6.096798,9.627442,17.788479,19.101046,-3.77803,-6.345744,-7.144777,19184.988,6.531888,8.357236,15.830328,17.040369,-3.272472,-5.590421,-6.193754
2.0,900.0,18603.17,1.994133,6.130982,8.49278,9.180502,-5.830279,-8.366595,-9.256067,19361.904,2.329955,6.493272,9.770802,10.416252,-6.134665,-8.709439,-9.530141,21564.406,5.413939,8.564337,14.234635,14.83747,-3.479321,-5.019809,-5.78597,25508.643,6.627235,10.217822,17.012163,18.177382,-3.829933,-5.569377,-6.215744,10492.332,9.141655,2.827959,4.170819,4.697925,-2.882092,-4.257968,-4.757594,12440.853,9.602185,3.316181,4.922542,5.365762,-3.472121,-5.174531,-5.679417,17034.766,4.868372,7.509381,14.243607,15.101125,-3.123465,-5.166414,-5.807825,19379.754,5.303531,8.526841,15.892949,16.770311,-3.494704,-5.591398,-6.539056,23777.12,2.49963,7.709752,11.49335,12.302029,-6.68224,-9.361537,-10.347771,21207.555,2.146281,6.965652,10.048335,10.916063,-6.448992,-9.040345,-10.410313,25886.08,6.701414,10.525346,18.091333,18.909761,-3.851877,-5.497912,-6.725249,26381.336,10.314298,10.314906,16.937899,17.613184,-3.904683,-5.817501,-6.191634,10790.109,7.619796,3.0635,4.89261,5.529393,-3.11784,-4.97243,-5.499055,10646.472,7.234976,3.092253,5.315387,5.806787,-2.992108,-4.975008,-5.811956,22893.127,6.309573,10.367306,20.464495,21.99523,-4.056904,-6.836674,-7.871268,20072.23,6.765611,9.08545,18.202345,19.598225,-3.513079,-6.027084,-6.705622
2.0,1000.0,20148.584,2.081357,6.934163,10.350692,14.756362,-6.344987,-9.085272,-9.937225,21081.113,2.459899,7.316986,11.182873,12.010238,-6.644796,-9.39322,-10.512964,22703.182,5.652868,9.265843,15.822489,16.885975,-3.796232,-5.555472,-7.175676,26702.078,6.908863,11.036671,18.886086,19.940092,-4.172348,-6.108144,-6.949327,10879.187,9.443198,3.130434,4.659697,5.167562,-2.997056,-4.534737,-5.255237,12877.649,9.909461,3.681816,5.547157,6.202903,-3.597033,-5.518698,-5.967831,17887.717,5.057709,8.099484,15.90007,16.935942,-3.407817,-5.572742,-6.363316,20311.14,5.524446,9.255732,17.86147,18.88653,-3.80062,-6.227494,-6.948907,25630.191,2.618946,8.637918,13.149158,14.194894,-7.229956,-10.111843,-11.190467,23038.35,2.249335,7.86999,11.55546,13.15434,-6.979644,-9.824187,-11.920995,26965.975,6.955497,11.34051,20.098059,21.274029,-4.167244,-6.092439,-7.314291,27492.895,10.696654,11.175739,18.891027,19.90566,-4.223775,-6.157715,-8.88528,11250.149,7.902034,3.388583,5.503579,8.266503,-3.26096,-5.334338,-5.908947,11214.895,7.573018,3.389503,6.00972,6.773028,-3.188757,-5.531045,-5.998954,23870.297,6.550358,11.212081,22.989569,24.793514,-4.426801,-7.680625,-8.548874,20970.25,7.031245,9.799974,20.377201,21.908857,-3.831126,-6.719043,-7.452172
2.0,50.0,3419.2422,1.2028,0.46072,0.647084,5.128043,-0.37457,-0.556071,-1.355211,935.1699,1.065458,0.111084,0.240093,2.345099,-0.30587,-0.485093,-3.064096,7190.746,2.459316,0.469141,0.631513,1.114877,-0.358183,-0.607056,-2.3797,9119.559,3.047457,0.553467,0.636469,1.190939,-0.452118,-0.608871,-1.604588,1612.7439,2.235694,0.126726,0.182897,0.999483,-0.212096,-0.366529,-0.972122,1766.5765,2.282585,0.132398,0.187808,0.559324,-0.238716,-0.509487,-0.506495,5944.32,2.398795,0.46396,0.558554,1.143514,-0.353046,-0.51724,-0.956108,6872.509,2.639563,0.517384,0.611133,1.832876,-0.408861,-0.530368,-1.439747,2489.917,1.16476,0.250842,0.38969,1.321779,-0.412986,-0.690349,-4.988785,2847.421,1.178518,0.330213,0.5017,2.387989,-0.382209,-0.623695,-1.400504,9313.132,3.086295,0.624692,0.752326,1.007173,-0.533443,-0.660079,-1.725427,7872.6646,3.689063,0.430257,0.513582,1.167053,-0.584902,-0.788729,-1.915324,1625.989,2.04175,0.128373,0.19355,0.657461,-0.230655,-0.339036,-0.706279,1819.6398,2.04957,0.14391,0.228751,0.836735,-0.248164,-0.359981,-0.738955,8363.624,3.076022,0.614241,0.754864,1.713918,-0.56568,-0.91773,-1.658083,7173.4946,3.061763,0.515694,0.663494,1.592978,-0.515547,-0.711681,-1.196215
2.0,100.0,4565.799,1.260888,0.779968,1.300945,3.734905,-0.74034,-1.053719,-1.682408,2847.1074,1.198311,0.219579,0.457126,1.391581,-0.788542,-1.131693,-1.935547,8874.351,2.620684,1.132204,1.257827,1.861146,-0.616268,-0.843717,-1.52312,11480.517,3.304532,1.429298,1.578836,2.478673,-0.762353,-1.001395,-1.651594,2623.955,2.902156,0.331237,0.441863,2.141808,-0.444104,-0.595846,-1.87294,2916.0432,2.97914,0.371652,0.495048,1.412102,-0.517326,-0.694474,-1.075841,7275.079,2.544545,1.060907,1.268238,1.848127,-0.60289,-0.808653,-1.424257,8447.807,2.793254,1.214816,1.43316,3.362535,-0.73736,-1.016031,-1.714476,4658.0977,1.302722,0.568358,0.744516,2.242485,-0.955749,-1.306564,-1.945307,4544.629,1.275148,0.5961,0.936503,2.419726,-0.848649,-1.2011,-2.057078,11910.79,3.392306,1.568148,1.768356,2.313577,-0.869413,-1.249515,-4.774696,11851.794,4.676446,1.223879,1.328535,1.917818,-1.002812,-1.155285,-1.696367,2647.2405,2.593031,0.360243,0.542561,1.299721,-0.488666,-0.699812,-1.190029,2917.4678,2.604669,0.398897,0.560704,2.022648,-0.51645,-0.725006,-1.079393,10515.561,3.305555,1.538495,1.805698,3.03212,-0.943229,-1.233256,-1.840067,9207.964,3.390126,1.324849,1.759029,2.099823,-0.799381,-0.994357,-1.680585
2.0,150.0,5649.3906,1.316245,1.032784,1.561022,2.568482,-1.15323,-1.60769,-2.365501,4489.338,1.311396,0.570756,0.694599,1.401887,-1.284375,-1.793929,-2.428742,10234.539,2.797461,1.740092,2.024999,2.829869,-0.893246,-1.1892,-3.357218,13098.081,3.502709,2.218752,2.562665,3.454274,-1.068405,-1.409831,-1.673979,3522.729,3.466277,0.546956,0.687378,1.274649,-0.681748,-0.887026,-1.39591,3878.1372,3.493705,0.602061,0.772662,2.840854,-0.779545,-1.062985,-1.683117,8400.841,2.717508,1.678183,2.09212,5.96019,-0.850845,-1.136866,-1.877254,9618.356,2.936265,1.901783,2.41009,2.881386,-0.987715,-1.338113,-1.986457,6506.542,1.417657,0.924481,1.255209,2.127413,-1.511851,-2.04019,-2.505022,5801.5723,1.340328,0.851173,1.170057,3.305473,-1.354224,-1.84091,-2.762012,13632.985,3.608867,2.439353,2.931246,3.578866,-1.181048,-1.643619,-2.362695,14212.717,5.263075,2.010032,2.305578,2.892062,-1.312552,-1.768386,-2.761453,3483.575,2.997957,0.573584,0.758952,1.138314,-0.739848,-1.104785,-1.443426,3873.3396,3.061503,0.65051,0.842541,1.269078,-0.773183,-1.077085,-1.636017,11990.364,3.485509,2.440714,3.036148,3.637164,-1.224512,-1.713094,-2.355113,10648.634,3.670518,2.112045,2.628939,4.55475,-1.062046,-1.392122,-1.787504
2.0,200.0,6964.131,1.388383,1.281599,1.983004,2.755268,-1.542529,-2.151014,-4.25741,5991.082,1.413776,0.926538,1.19517,3.255147,-1.731503,-2.386364,-2.919365,11634.47,3.071041,2.416676,2.954565,3.964189,-1.135389,-1.511995,-2.123993,14748.324,3.878666,3.081244,3.722485,4.209099,-1.312077,-1.758375,-2.374966,4361.4434,4.059382,0.753945,1.005532,1.39062,-0.901852,-1.210187,-1.571125,4872.203,4.172293,0.858784,1.440042,1.45049,-1.040266,-1.428976,-2.62369,9501.367,2.944083,2.283296,2.929859,3.627884,-1.089599,-1.538395,-2.149264,10929.613,3.235162,2.621704,3.365184,3.923427,-1.2387,-1.765274,-7.193152,8280.308,1.527783,1.388361,1.797676,2.533936,-1.997973,-2.714071,-3.280663,7435.666,1.433784,1.202089,1.618092,2.527525,-1.799824,-2.464507,-4.177772,15344.109,3.997785,3.373264,4.198302,4.788238,-1.431295,-1.877116,-2.334674,16035.897,5.880848,2.879146,3.41106,4.012115,-1.544189,-1.949129,-2.654397,4361.0137,3.530798,0.819079,1.109028,2.998255,-0.979602,-1.45725,-2.199717,4748.113,3.528937,0.902053,1.306246,1.660539,-1.033059,-1.472493,-1.949669,13525.588,3.852968,3.319471,4.437703,5.060266,-1.518617,-2.158941,-2.630408,11906.298,3.997638,2.866384,3.796296,4.296618,-1.309277,-2.023584,-2.532428
2.0,250.0,8123.5254,1.451664,1.570237,2.631175,3.93684,-1.934005,-3.284467,-9.18375,7294.371,1.502195,1.340595,1.758674,4.297183,-2.212241,-3.719342,-3.771685,12696.945,3.271227,3.010933,3.802033,7.743647,-1.37086,-2.14786,-5.732911,16025.736,4.143962,3.82887,4.845308,5.490321,-1.611641,-2.517842,-3.067451,5043.4253,4.535132,0.954021,1.520785,4.23995,-1.124899,-1.799261,-1.780336,5735.0513,4.69289,1.100804,1.758228,4.937998,-1.327982,-2.165513,-5.913383,10313.322,3.113648,2.827315,3.809805,4.943908,-1.298435,-2.178551,-2.517393,11900.011,3.411657,3.225278,4.360934,5.755565,-1.530337,-2.46739,-6.888682,9867.181,1.626479,1.881439,2.549934,3.287588,-2.478727,-4.190263,-5.703774,8922.48,1.520559,1.621403,2.331071,6.038148,-2.250344,-3.781737,-7.136294,16679.525,4.27556,4.153972,5.357442,6.006879,-1.733967,-2.674125,-4.704625,17313.385,6.308597,3.644909,4.456977,4.929844,-1.784123,-2.633982,-9.356148,5100.2236,3.921027,1.044584,1.767491,4.423528,-1.232294,-1.999749,-4.90282,5437.103,3.889543,1.143949,1.975928,2.720567,-1.260185,-2.066057,-5.649277,14662.364,4.071165,4.089175,5.72025,9.814275,-1.820428,-2.787198,-7.453879,12861.203,4.252346,3.546866,4.961139,8.778479,-1.523933,-2.376735,-6.427964
2.0,300.0,9038.346,1.503739,1.866696,2.773766,3.68951,-2.229796,-3.155567,-3.764429,8392.761,1.5827,1.794627,2.425721,3.07909,-2.489078,-3.466416,-4.084706,13573.043,3.403192,3.582977,4.707629,5.346915,-1.546662,-2.048797,-2.659558,17034.895,4.321109,4.539254,5.98612,6.547025,-1.790634,-2.342151,-3.405983,5660.687,4.905998,1.146,1.566819,1.965137,-1.290402,-1.737416,-2.134999,6435.151,5.080209,1.308216,1.827139,2.160857,-1.522028,-2.086983,-2.791735,11017.917,3.222902,3.369648,4.737913,5.358197,-1.453659,-2.045201,-3.997521,12669.001,3.535471,3.852243,5.456256,6.250328,-1.67732,-2.449828,-2.917406,11038.408,1.702332,2.388506,3.215209,4.041672,-2.817384,-3.872038,-4.577934,9886.506,1.57527,2.049448,2.609586,3.65064,-2.576403,-3.677658,-4.438841,17699.102,4.452358,4.918323,6.677089,7.21127,-1.91042,-2.51707,-3.147542,18369.37,6.59011,4.375905,5.584409,6.05539,-1.970889,-2.60679,-3.145145,5698.192,4.217059,1.244872,1.815679,2.232045,-1.403056,-2.116016,-2.452447,6039.253,4.161186,1.358714,1.969552,2.45644,-1.427003,-2.054816,-2.478052,15593.164,4.2333,4.8665,7.027844,7.573886,-1.986037,-2.99426,-3.82228,13690.319,4.430861,4.21352,6.166334,6.740351,-1.689434,-2.48656,-3.043572
2.0,350.0,9858.537,1.551126,2.17461,3.193309,4.046757,-2.546418,-4.26843,-4.468795,9254.344,1.643471,2.137801,2.954698,4.149962,-2.82915,-4.696815,-13.129111,14424.135,3.622624,4.089741,5.4798,6.019882,-1.726955,-2.854334,-7.689697,17975.037,4.599751,5.136571,6.869839,7.40942,-1.98158,-3.302218,-9.459914,6132.5703,5.262327,1.290289,1.799,2.243255,-1.454123,-2.406065,-2.423212,7010.995,5.46074,1.48688,2.252331,2.449906,-1.735346,-2.933671,-8.005912,11717.164,3.416315,3.791105,5.491229,6.255892,-1.651664,-2.74468,-6.47533,13432.314,3.733641,4.331951,6.373228,7.095695,-1.900399,-3.108121,-8.232138,12030.216,1.765122,2.779149,3.800806,5.054361,-3.172944,-5.35727,-15.112484,10807.01,1.628964,2.405899,3.160476,4.286052,-2.913723,-4.920781,-13.845118,18664.6,4.737572,5.519401,7.622878,8.117427,-2.102523,-3.46615,-9.656055,19233.732,7.009766,4.970045,6.421803,6.788846,-2.137742,-3.438942,-9.721819,6188.8022,4.502069,1.415588,2.112141,3.615826,-1.611333,-2.553103,-2.832656,6488.314,4.414383,1.532321,2.294057,2.716271,-1.616713,-2.583576,-5.236056,16457.695,4.475847,5.448427,8.244311,8.816413,-2.26474,-3.455774,-4.079673,14422.914,4.692393,4.70802,7.169872,7.778352,-1.909216,-2.9098,-3.844854
2.0,400.0,11495.564,1.64679,2.55925,3.626139,9.490327,-3.033845,-4.919416,-5.16019,10981.526,1.766394,2.532216,4.227168,11.659286,-3.348967,-5.428009,-5.411401,15694.062,3.861655,4.561856,6.294627,11.366951,-2.077204,-3.327335,-3.562271,19384.14,4.902783,5.708892,7.837268,13.989764,-2.361763,-3.758328,-10.035202,7067.719,5.86113,1.474056,2.305011,2.5019,-1.753912,-2.776881,-2.83605,8082.3022,6.083757,1.697514,2.633365,6.981536,-2.079088,-3.348663,-3.53554,12708.919,3.621028,4.282523,6.743495,5.969856,-1.893837,-2.917272,-7.405201,14508.117,3.953886,4.849085,7.797243,23.556665,-2.156734,-3.323338,-3.960755,13934.898,1.889239,3.246859,5.433334,7.658044,-3.740887,-6.092718,-9.263546,12538.508,1.732909,2.835779,4.532932,12.587975,-3.458484,-5.653036,-5.847727,20018.02,5.025677,6.128209,8.676096,20.105005,-2.473518,-3.933387,-10.555977,20590.21,7.442744,5.537793,7.421475,15.376752,-2.505546,-3.866595,-5.768369,7079.2363,4.952403,1.629443,2.546068,2.95181,-1.911825,-3.02989,-3.83505,7365.5786,4.835027,1.750323,2.632868,3.141597,-1.874127,-2.800837,-3.328075,17626.77,4.728874,6.106829,11.641436,10.225007,-2.561511,-3.960153,-4.55191,15470.48,4.971131,5.300015,10.099164,8.876909,-2.171104,-3.276373,-4.035383
2.0,450.0,12225.1875,1.680967,2.903045,3.73024,4.673635,-3.303753,-4.67555,-5.415578,11916.797,1.825979,3.00348,4.163302,4.90076,-3.645908,-5.081474,-5.700473,16559.348,4.077508,5.208469,7.339856,8.003787,-2.204609,-2.952948,-3.599993,20395.86,5.189891,6.464099,9.197298,9.857557,-2.500746,-3.361246,-4.09778,7715.3027,6.430592,1.644761,2.337575,2.79048,-1.917265,-2.543509,-3.112516,8891.8955,6.716833,1.899147,2.779359,3.290901,-2.278022,-3.176739,-3.666206,13363.306,3.800107,4.756946,7.339855,7.89892,-1.996669,-2.96418,-3.4192,15337.644,4.184093,5.4374,8.432718,9.251355,-2.289366,-3.47064,-4.019883,15110.196,1.958445,3.734908,5.188666,5.976593,-4.076485,-5.578475,-6.268154,13561.025,1.788032,3.294241,4.347676,5.266013,-3.785812,-5.213469,-6.022771,21054.922,5.302346,6.854004,10.065227,10.733623,-2.62041,-3.527617,-4.194977,21511.496,7.86431,6.318364,8.676324,9.149923,-2.656974,-3.378118,-4.091936,7754.97,5.420984,1.797053,2.751298,3.167054,-2.071579,-3.140371,-3.524377,7938.396,5.2204,1.923256,2.944091,3.268921,-1.990028,-2.903094,-3.346527,18568.145,4.993279,6.76966,10.92923,11.94722,-2.690713,-4.298886,-5.097707,16227.516,5.225894,5.845254,9.44806,10.069287,-2.257519,-3.568139,-4.203953
2.0,500.0,13342.631,1.749654,3.384725,4.381803,6.061207,-3.672332,-5.153763,-6.446405,12976.33,1.902813,3.487518,5.007409,5.581087,-4.026446,-5.536359,-6.266853,17244.008,4.14651,5.644985,8.157979,8.861816,-2.384856,-3.223084,-3.832468,21226.291,5.315041,7.067628,10.271143,10.87219,-2.709685,-3.690233,-4.362357,8272.154,6.707967,1.829072,2.658322,3.032114,-2.124203,-2.856417,-3.334232,9607.878,7.090192,2.124165,3.152714,5.175809,-2.529112,-3.593703,-4.133641,13876.814,3.855123,5.160993,8.249634,8.75137,-2.133752,-3.286992,-4.118445,15953.056,4.263204,5.92605,9.557926,10.22124,-2.444631,-3.856066,-4.656041,16370.154,2.040358,4.295196,6.123407,6.860219,-4.486451,-6.073378,-7.023349,14970.209,1.880013,3.838053,5.16382,6.059257,-4.178089,-5.681453,-6.357294,21910.357,5.423737,7.479487,11.256826,12.003955,-2.814372,-4.084556,-4.54392,22329.834,7.998244,6.904306,9.790846,10.367433,-2.801945,-3.76288,-4.452787,8336.534,5.706003,2.023124,3.183826,3.658978,-2.257515,-3.502454,-3.979825,8394.299,5.38014,2.130334,3.370744,3.818447,-2.141331,-3.254976,-3.796481,19311.621,5.104886,7.401994,12.419474,13.71723,-2.879802,-4.704118,-5.321704,16833.342,5.314001,6.359146,10.677149,11.374217,-2.417729,-3.873199,-4.591529
2.0,600.0,14983.611,1.840841,4.10608,5.289309,6.008516,-4.215044,-5.988778,-6.942008,14870.7705,2.036079,4.310116,6.203215,6.904632,-4.590427,-6.444866,-7.241242,18523.363,4.342458,6.498849,9.728664,10.572588,-2.73621,-3.722838,-4.329344,22645.777,5.538456,8.064995,12.224086,12.93061,-3.108426,-4.24404,-5.02826,9311.851,7.312676,2.116938,3.061675,3.530352,-2.447873,-3.345431,-3.833911,10822.78,7.734245,2.478654,3.659378,4.099988,-2.931674,-4.182119,-4.752879,14850.768,4.011652,5.83876,9.772565,10.519671,-2.435454,-3.718314,-4.203753,17041.693,4.426627,6.740307,11.29645,12.42213,-2.791577,-4.397967,-5.239956,18511.73,2.175332,5.20075,7.399922,8.230482,-5.118518,-7.040177,-7.892409,16754.355,1.978172,4.688317,6.409006,7.312247,-4.797763,-6.624509,-7.476063,23306.316,5.638803,8.462813,13.225336,14.019212,-3.202555,-4.387948,-5.225024,23701.186,8.341124,7.969517,11.738725,12.493432,-3.158497,-4.208327,-4.970832,9304.101,6.134134,2.320682,3.646352,4.333424,-2.620115,-4.105546,-4.546974,9319.378,5.785312,2.420216,3.879256,4.52711,-2.443493,-3.676984,-4.25933,20519.318,5.281051,8.307586,14.625717,15.496965,-3.267596,-5.390172,-6.112328,17917.037,5.531957,7.150953,12.631338,13.465263,-2.735289,-4.41565,-5.519598
2.0,700.0,16559.904,1.920461,4.856786,6.802403,7.117608,-4.874633,-7.186521,-7.496335,16626.182,2.157059,5.117553,7.497622,8.388229,-5.233754,-7.812513,-21.051682,19965.576,4.676761,7.331211,11.396143,12.352928,-3.05236,-4.673453,-5.199955,24164.803,5.929811,9.026847,14.168895,15.2823,-3.442647,-5.186425,-13.693816,10240.651,8.04552,2.442892,3.604355,4.043898,-2.758355,-4.055287,-11.097142,11948.651,8.507424,2.849886,4.347818,4.867962,-3.343775,-4.817846,-5.48097,15959.917,4.279591,6.547948,11.474816,12.484355,-2.778666,-4.330408,-4.85784,18267.098,4.727457,7.512132,13.159969,13.970209,-3.157327,-5.035674,-5.57031,20441.754,2.289887,6.101537,8.948953,9.580473,-5.768094,-8.911732,-13.96569,18498.771,2.062524,5.519707,7.660171,8.889755,-5.429691,-8.394836,-22.426332,24765.107,6.015578,9.435662,15.333387,16.31558,-3.516653,-5.223003,-14.030743,25144.506,8.933801,8.960581,13.781662,14.493172,-3.47855,-5.18798,-13.777398,10250.356,6.718533,2.668231,4.395808,5.021647,-2.973282,-4.60949,-5.115448,10208.616,6.308274,2.760441,4.62866,5.412389,-2.77924,-4.677409,-4.838759,21773.79,5.603065,9.248541,17.059519,18.211025,-3.61828,-5.964917,-6.687835,19009.023,5.877082,7.994729,14.764682,15.867241,-3.063103,-4.979844,-5.852652
2.0,800.0,18081.275,2.003173,5.631755,7.566684,8.995014,-5.414788,-7.58679,-8.334854,18340.064,2.279082,5.917264,8.727307,9.757854,-5.805562,-8.039838,-8.886038,21046.082,4.809008,8.081493,12.952714,13.819919,-3.321495,-4.595647,-5.290686,25372.863,6.063439,9.889196,16.044916,16.98935,-3.750933,-5.250489,-5.994329,10946.588,8.351384,2.745564,4.06979,4.889615,-2.977863,-4.113513,-5.594889,12791.076,8.807304,3.225073,4.893809,5.47559,-3.560072,-5.177424,-5.633128,16777.531,4.374997,7.172537,13.096346,13.790959,-2.92798,-4.679219,-5.466084,19210.504,4.819676,8.238813,15.002566,16.205448,-3.334131,-5.400911,-6.186592,22417.47,2.419416,6.991099,10.258758,11.174278,-6.393215,-8.722561,-9.46855,20188.533,2.152996,6.336472,8.877878,9.793682,-6.028048,-8.246336,-8.954077,25903.316,6.117062,10.252639,17.200466,18.4077,-3.80424,-5.315588,-6.562439,26273.842,9.109329,9.86911,15.71316,16.453623,-3.737963,-5.072096,-5.762745,10964.436,6.953106,3.004447,4.896508,5.594276,-3.132483,-5.027757,-5.557932,10947.835,6.57223,3.051476,5.19485,5.986137,-2.935892,-4.697305,-5.188009,22788.564,5.679346,10.062359,19.305902,20.542152,-3.876659,-6.750235,-8.171212,19898.555,5.987073,8.690702,16.76783,17.959135,-3.260752,-5.540336,-6.544201
2.0,900.0,19681.62,2.099181,6.409828,8.808723,9.546645,-5.980942,-8.564197,-9.213592,19915.03,2.383795,6.675902,10.047556,10.827651,-6.352081,-9.148503,-10.044931,22162.191,5.030432,8.764,14.441684,15.266678,-3.639288,-5.387184,-14.607876,26620.588,6.372766,10.761845,17.980791,18.868792,-4.111663,-5.902651,-7.516628,11465.665,8.723371,3.0705,4.560543,5.003567,-3.166178,-4.840952,-5.089867,13403.44,9.237551,3.633385,5.50942,6.050522,-3.84184,-5.601286,-6.247831,17655.176,4.570902,7.775436,14.681877,15.631982,-3.280346,-5.099811,-5.712097,20198.49,5.057205,8.964822,16.824371,17.901598,-3.725944,-5.924617,-6.803342,24181.828,2.522854,7.845075,11.711639,13.055958,-6.931508,-10.422593,-11.476132,22064.584,2.272149,7.202274,10.306995,11.132044,-6.560583,-9.925848,-9.974798,27049.307,6.40234,11.139462,19.24949,20.441494,-4.146136,-5.912287,-6.734195,27357.936,9.480485,10.733658,17.674461,18.517307,-4.046448,-5.913424,-6.187201,11551.121,7.322508,3.355712,5.548078,6.135347,-3.351656,-5.434433,-6.041917,11611.936,6.916558,3.36544,5.829103,6.319226,-3.214788,-5.086028,-6.363697,23830.828,5.961249,10.935824,21.751074,23.629179,-4.256082,-7.411456,-8.217938,20793.27,6.251052,9.4259,18.798464,20.112906,-3.563827,-6.086979,-6.705067
2.0,1000.0,20909.613,2.166193,7.108681,9.915869,10.61645,-6.316636,-8.984414,-9.918808,21478.184,2.497238,7.402609,11.241003,11.919586,-6.71342,-9.510859,-10.190788,23164.105,5.240314,9.431026,15.977996,16.842264,-3.824333,-5.54432,-6.409365,27686.912,6.603197,11.507063,19.685236,20.830442,-4.318869,-6.367212,-7.145391,11857.448,8.974593,3.357953,4.963029,5.368271,-3.198934,-4.731108,-5.155719,13800.22,9.459661,3.975451,6.019713,6.529589,-3.878568,-6.025623,-6.559479,18410.895,4.729233,8.325962,16.176641,17.226543,-3.431502,-5.599532,-6.254429,21016.49,5.217801,9.583638,18.547945,21.485378,-3.917226,-6.518821,-7.236552,25955.424,2.64129,8.6623,12.978995,13.911509,-7.332662,-10.264095,-11.267263,23512.953,2.35176,7.963181,11.510924,12.499084,-6.921818,-9.719628,-10.96921,27992.326,6.588636,11.84863,21.041952,22.65472,-4.324374,-6.429053,-7.256199,28278.629,9.779827,11.503656,19.45286,20.198444,-4.193622,-6.013024,-6.914832,11961.421,7.534867,3.667336,6.015371,6.437811,-3.484568,-5.827211,-6.272601,12178.536,7.216317,3.645184,6.268408,6.953328,-3.341929,-5.516488,-6.219739,24689.252,6.122826,11.646834,23.88045,25.366402,-4.559032,-8.108997,-8.91901,21570.086,6.440252,10.040371,20.635302,22.14281,-3.804726,-7.132478,-7.263303
2.0,1000.0,1317.5117,1.036859,0.583272,0.956897,1.785378,-6.109083,-8.765949,-12.299408,1609.5039,1.04874,0.635356,1.071457,2.447434,-6.653907,-9.816091,-10.228074,890.4942,1.034775,0.400477,0.63458,1.2673,-3.71628,-5.540074,-6.221015,880.7422,1.030138,0.445376,0.753991,1.472882,-4.199035,-6.404469,-7.170656,420.9209,1.033646,0.363159,0.605313,1.105656,-3.138303,-4.556327,-5.10019,479.2607,1.033102,0.44934,0.765319,1.455732,-3.847674,-5.859241,-6.355884,770.2851,1.037049,0.34131,0.621089,1.221438,-3.360306,-5.573104,-6.334537,771.3965,1.033466,0.40842,0.73186,1.320996,-3.815373,-6.625295,-7.629113,1782.6562,1.045765,0.686599,1.119473,2.223579,-7.19467,-10.133278,-10.945329,1670.1094,1.043859,0.658852,1.20838,2.392899,-6.807643,-9.621484,-10.857987,603.3379,1.020334,0.439985,0.927236,1.5006,-4.08199,-6.219677,-12.169482,671.6445,1.02353,0.399918,0.69345,1.417856,-3.988307,-5.821149,-6.524388,477.2539,1.037255,0.378865,0.648876,1.140618,-3.499047,-5.722897,-6.416353,537.0723,1.040615,0.357193,0.635456,1.130578,-3.389352,-5.399245,-6.12752,593.795,1.022612,0.480212,0.897412,1.639933,-4.383984,-8.502567,-9.699843,616.9024,1.026784,0.382295,0.72834,1.673649,-3.672736,-6.656363,-7.583951
