0.0,10.0,21749.564,2.627488,3.507524,4.110899,5.015697,-3.474738,-4.569693,-13.448491,21138.045,2.713281,3.612213,4.28157,5.026986,-3.252127,-3.99553,-11.599578,2601.825,2.085748,0.723314,1.161237,1.587376,-0.516412,-0.82478,-1.112882,2602.6865,2.074977,0.723795,1.216273,2.594866,-0.520201,-0.855015,-2.791243,1218.5497,2.092544,0.395898,0.863491,1.145358,-0.252613,-0.408573,-1.150768,1407.7876,2.104463,0.44639,0.912604,1.218736,-0.292121,-0.48432,-1.309839,3321.709,2.41484,1.03039,1.959228,2.460395,-0.70982,-1.184975,-1.387163,3501.0945,2.406442,1.068712,1.984295,2.354542,-0.744714,-1.227309,-3.471172,20407.455,2.849163,3.246597,3.794115,4.485362,-2.902923,-3.666017,-9.839388,24773.998,2.947995,3.898243,4.526107,5.47442,-3.691419,-4.553467,-12.050995,3173.884,2.201685,0.871304,1.315971,1.62918,-0.604284,-0.911772,-2.622255,2369.0144,2.202927,0.675708,1.110452,1.405526,-0.477064,-0.760527,-0.986015,1636.1588,2.16398,0.535716,1.052986,1.820696,-0.332063,-0.530287,-1.500841,1657.308,2.161844,0.553001,1.157846,1.508133,-0.334765,-0.53505,-1.521051,3955.4094,2.519815,1.205705,2.145977,2.597082,-0.838715,-1.352179,-3.798715,3573.0447,2.582159,1.120364,2.113358,2.388007,-0.760981,-1.218104,-1.605704
0.0,20.0,44240.504,4.734847,8.465927,10.472258,12.127556,-7.794601,-10.380901,-11.469262,41403.977,4.997612,8.512048,10.743542,11.512547,-6.916281,-9.015912,-10.007661,4940.896,3.596926,1.337665,2.39362,2.645707,-0.892834,-1.209882,-1.564656,4953.683,3.527018,1.323978,2.373133,3.399857,-0.883676,-1.276746,-2.748824,1959.3813,2.901716,0.683342,1.699412,2.299562,-0.409589,-0.656458,-1.052026,2260.3247,2.902636,0.764272,1.761054,2.088493,-0.462832,-0.693265,-0.955113,5807.6235,4.055068,1.864651,3.987934,4.457617,-1.18457,-1.767855,-2.36534,6122.003,3.99478,1.926326,3.967135,4.506397,-1.227935,-1.744692,-2.507674,39371.92,5.296057,7.512371,9.264492,9.872417,-6.281493,-8.076289,-13.821623,46703.0,5.188981,8.935041,11.195765,11.818322,-7.644882,-9.567108,-15.830788,5850.48,3.717538,1.59954,2.706447,3.083557,-1.039164,-1.416813,-2.173562,4330.52,3.722393,1.232009,2.271416,2.560336,-0.810536,-1.119311,-1.531264,2563.638,2.960525,0.910096,2.051669,2.486318,-0.515123,-0.798402,-1.163281,2582.19,2.96159,0.950969,2.306715,2.919239,-0.532555,-0.861866,-1.196304,6842.026,4.211758,2.225815,4.432344,4.964263,-1.390097,-2.045014,-2.404711,6096.025,4.313923,2.043073,4.367389,4.970501,-1.277148,-1.94909,-2.349524
0.0,30.0,68772.516,7.185827,12.939696,16.515253,17.584705,-13.122877,-16.675905,-19.863588,62188.793,7.174904,12.819989,17.056267,17.887396,-11.550467,-14.312501,-16.644909,6448.0723,4.407664,1.753448,3.25887,3.680344,-1.234064,-1.654513,-2.201029,6496.129,4.374607,1.721112,3.272768,4.432163,-1.21859,-1.688561,-3.57841,2470.2888,3.374293,0.860196,2.223278,2.72047,-0.542549,-0.857364,-1.62971,2885.0125,3.441021,0.978334,2.420954,3.057975,-0.610457,-0.898078,-1.451626,7511.825,4.979512,2.420301,5.352861,6.110715,-1.628155,-2.388063,-3.924452,7981.6274,4.986609,2.505993,5.471074,6.392545,-1.675617,-2.348892,-3.753353,58556.293,7.55622,11.290998,14.383708,15.436211,-10.67151,-13.208461,-15.538334,68090.38,7.490406,13.215032,16.735588,17.604605,-12.145062,-15.147022,-40.954346,7670.2915,4.626209,2.08085,3.765581,4.16808,-1.431446,-1.847992,-2.319573,5640.672,4.580926,1.588238,3.056693,3.501445,-1.122138,-1.494335,-2.143273,3224.7168,3.473162,1.163587,2.827995,3.460136,-0.671301,-1.000354,-1.487174,3204.2544,3.403279,1.196609,3.028432,3.74322,-0.692017,-1.150905,-1.976136,8964.1,5.290577,2.91305,6.215735,7.04627,-1.905266,-2.833125,-4.892295,7867.29,5.301873,2.652663,5.948563,6.630909,-1.734698,-2.711049,-4.501320
0.0,40.0,68632.83,6.923039,20.863585,27.186134,28.511702,-13.455499,-18.530968,-24.082598,60900.047,7.047728,20.075783,27.092672,28.497866,-11.30362,-15.690707,-42.278175,7380.587,4.912847,2.175083,4.234287,4.750555,-1.474048,-2.087509,-3.011204,7318.1543,4.802547,2.122949,4.128097,5.309772,-1.442512,-2.038493,-3.963493,2787.6228,3.657489,1.037539,2.74863,3.587757,-0.625165,-0.954701,-1.30812,3205.607,3.654103,1.165302,2.903527,3.619131,-0.703266,-1.010066,-1.416204,8616.634,5.598945,2.980243,6.785546,7.710715,-1.918357,-2.908504,-3.343076,9033.445,5.467421,3.07674,6.779766,7.75553,-1.964534,-2.919698,-4.123566,59402.6,7.685823,17.603472,22.617188,23.622389,-10.718577,-15.623856,-17.268673,70329.086,7.398919,19.927011,25.646538,27.044579,-12.639344,-18.629688,-19.140026,8626.8545,5.026475,2.569281,4.732481,5.270722,-1.705827,-2.29837,-3.401854,6466.0396,5.139247,1.947185,3.937232,4.642369,-1.334312,-1.885995,-2.710004,3565.5542,3.684362,1.363992,3.365953,4.00233,-0.767695,-1.12973,-1.777671,3599.3105,3.683582,1.434062,3.771243,4.559309,-0.795082,-1.26477,-2.008626,10176.178,5.80872,3.602918,7.804032,8.808343,-2.243375,-3.247409,-4.278507,9043.594,5.99539,3.259087,7.593368,8.427209,-2.054283,-3.145986,-4.389490
0.0,50.0,76428.97,7.898322,19.106577,24.917995,26.40684,-14.923576,-18.863367,-23.360437,65385.94,7.596745,17.918497,24.290709,25.439535,-12.144892,-15.282271,-17.592323,8300.901,5.433144,2.326943,4.608669,5.116835,-1.680095,-2.281893,-2.82807,8339.827,5.40795,2.285301,4.534798,6.205604,-1.650011,-2.291976,-3.734863,3134.6038,3.995079,1.1022,2.894889,3.59446,-0.723864,-1.116067,-1.433094,3647.9646,4.048712,1.257199,3.117402,3.863014,-0.811929,-1.178825,-1.49982,9894.096,6.280116,3.21511,7.344803,8.247307,-2.28537,-3.429795,-3.922636,10545.67,6.289562,3.330489,7.415884,8.38989,-2.35757,-3.385548,-3.855464,64719.715,8.35122,16.372421,21.310093,22.360722,-11.802642,-14.883703,-18.54684,78125.24,8.444508,19.211567,24.954138,26.590843,-14.115034,-17.29372,-20.978373,9827.498,5.67347,2.764825,5.206764,5.700769,-1.940772,-2.566907,-2.872824,7256.462,5.661461,2.0937,4.270478,4.742503,-1.532608,-2.077997,-2.456194,4035.9988,4.05631,1.465537,3.678602,4.35774,-0.881423,-1.267264,-1.71707,4006.1372,3.982714,1.515011,3.985141,4.776066,-0.910016,-1.453576,-1.802999,12056.006,6.781015,3.910929,8.650714,9.517429,-2.721928,-3.989978,-4.574838,10392.576,6.735489,3.522487,8.245342,9.268214,-2.435697,-3.776622,-4.187686
0.0,75.0,100000.39,9.904068,25.241898,33.96242,35.588184,-20.329435,-25.379404,-29.937616,84486.64,9.598493,22.917273,32.033695,33.89934,-16.373821,-20.360748,-24.505611,10753.315,6.810376,2.986912,6.022707,6.647667,-2.238051,-3.023517,-3.634515,10647.45,6.642723,2.916822,5.853017,7.491785,-2.183759,-3.00664,-5.153947,3918.1165,4.710592,1.355992,3.687894,4.649816,-0.917431,-1.466068,-1.854148,4509.7476,4.727564,1.539198,3.95519,4.7052,-1.035821,-1.58115,-1.894496,12969.153,8.002478,4.131882,9.512876,10.825603,-3.085687,-4.671363,-5.221052,13629.549,7.842822,4.287405,9.572114,10.861593,-3.172535,-4.596372,-5.169107,83550.766,10.58934,21.454308,28.788334,30.02283,-15.992692,-20.022615,-22.696228,99056.195,10.249048,25.116394,33.697433,35.17987,-18.43216,-22.746494,-27.347988,12482.171,6.94466,3.533535,6.753853,7.467809,-2.54517,-3.373049,-4.114147,9378.46,7.086567,2.665779,5.570075,6.284557,-2.025514,-2.723464,-3.153174,4946.578,4.705422,1.77808,4.679502,5.513153,-1.118446,-1.661665,-2.274034,4951.5435,4.652962,1.845757,5.122655,6.229883,-1.139352,-1.803139,-2.276302,15663.931,8.497385,5.055914,11.398844,12.746655,-3.689292,-5.533799,-6.282139,13559.361,8.53412,4.496301,10.852582,12.332648,-3.270087,-5.251693,-5.596326
0.0,100.0,115149.65,11.142348,31.769764,43.773415,46.15358,-23.276508,-28.954454,-33.6953,95069.6,10.729254,28.262646,40.603947,42.191498,-18.303644,-22.625792,-26.454243,12687.56,7.890378,3.539872,7.247161,8.105382,-2.747418,-3.783849,-4.456011,12565.273,7.633206,3.439825,7.039676,8.916867,-2.667473,-3.760462,-5.782479,4522.136,5.266537,1.551461,4.341176,5.42155,-1.090688,-1.72185,-2.107305,5205.538,5.266578,1.746291,4.63295,5.590607,-1.216665,-1.784086,-2.273875,15296.69,9.243923,4.917252,11.327533,13.121134,-3.780875,-5.927653,-6.453454,16157.54,9.062702,5.092644,11.339137,13.009249,-3.864912,-5.725403,-6.596974,95221.695,11.940287,26.684126,36.672062,38.345505,-18.161667,-22.523314,-27.018166,113645.47,11.41251,31.012737,42.534275,44.44971,-21.085052,-25.862082,-31.422062,14717.628,7.979972,4.166339,8.001786,8.829596,-3.10183,-4.151881,-4.643252,11038.951,8.194565,3.147569,6.650462,7.581432,-2.469585,-3.416999,-3.972994,5682.307,5.203789,2.001501,5.549928,6.553483,-1.30419,-1.940726,-3.379453,5654.9795,5.147496,2.09578,6.061803,7.660852,-1.345051,-2.193034,-2.618476,18666.973,9.860003,6.022687,13.710985,15.663587,-4.534819,-6.941807,-7.674964,15993.53,9.879931,5.342467,13.070168,15.357078,-4.018523,-6.474262,-8.153869
0.0,125.0,130471.805,12.69414,35.050045,49.133774,51.43669,-26.51892,-33.11675,-39.125957,106102.055,11.884487,30.57258,44.603626,46.674538,-20.612555,-25.364943,-31.54134,14710.322,8.98,3.99665,8.042599,9.058437,-3.223612,-4.455328,-5.093339,14503.979,8.706245,3.867348,7.803721,9.109551,-3.111971,-4.250201,-5.783104,5112.9893,5.809536,1.695518,4.72479,5.891525,-1.236231,-1.97121,-2.333872,5870.469,5.813996,1.918306,5.121697,6.370836,-1.371624,-2.029252,-2.402519,17748.81,10.545444,5.605089,12.526491,14.553188,-4.434993,-6.833062,-7.461064,18696.508,10.346064,5.795978,12.587564,14.494249,-4.509394,-6.721095,-7.326516,106628.02,13.172521,29.390518,41.13638,42.60968,-20.548534,-25.405113,-29.72879,127335.93,12.692006,34.44402,48.10159,50.10818,-23.805529,-29.326363,-36.74732,16960.56,9.0656,4.69167,8.977503,9.881819,-3.615029,-4.812623,-5.339663,12771.7295,9.294614,3.549648,7.374774,8.392491,-2.88278,-3.980839,-4.469514,6376.4937,5.714424,2.179509,6.067084,7.499929,-1.466543,-2.2165,-2.560314,6350.6045,5.627701,2.276724,6.610265,8.248938,-1.513631,-2.473865,-2.966639,21696.033,11.316386,6.880559,15.386751,17.623459,-5.325102,-8.342552,-8.971805,18527.9,11.245778,6.088249,14.57381,17.052332,-4.712508,-7.751868,-8.367725
0.0,150.0,144338.97,14.121603,39.150433,55.266792,57.67775,-29.159456,-36.31601,-46.260464,117634.48,13.060471,33.90725,50.25783,52.53117,-22.88243,-28.154795,-32.85989,16943.605,10.072163,4.501757,8.836582,9.9816,-3.685384,-5.069833,-5.666367,16003.917,9.488677,4.35755,8.797351,10.742367,-3.553629,-5.015977,-6.873417,5750.4717,6.362919,1.842176,5.088232,6.526772,-1.347281,-2.018481,-2.867395,6382.131,6.242383,2.116079,5.710315,7.034941,-1.567898,-2.468803,-3.309434,20832.602,12.012248,6.383521,13.810989,16.102602,-5.075079,-7.648808,-8.460581,20961.178,11.44263,6.622192,14.082042,16.366932,-5.300144,-8.307049,-9.033679,118452.35,14.393927,32.849083,46.609344,48.910816,-22.834995,-28.043753,-33.056034,139874.03,14.109745,38.31338,53.99397,56.519268,-26.076868,-32.00809,-41.595364,18662.22,9.850731,5.28433,10.079882,11.252974,-4.139579,-5.7466,-6.264497,14715.689,10.407169,3.99046,8.027109,9.041673,-3.281849,-4.482057,-5.010315,6884.8276,6.118819,2.396232,6.876542,8.377115,-1.68075,-2.733161,-3.34014,7132.374,6.119493,2.457198,7.10581,8.979396,-1.638249,-2.461363,-2.783665,23990.633,12.380356,7.848984,17.242002,19.816282,-6.203977,-10.015271,-10.653738,21594.922,12.701685,6.926223,16.12422,18.924093,-5.381188,-8.471392,-9.370451
0.0,175.0,157465.31,16.193598,42.627407,60.030052,62.689976,-31.744617,-42.809795,-81.15611,127298.75,13.906795,37.22539,55.94828,57.949856,-24.73722,-33.29543,-59.93015,19060.322,10.863477,5.047551,9.3131,10.286645,-4.268236,-5.974617,-10.156278,17866.035,10.555504,4.855675,9.91087,11.993501,-4.075125,-5.801713,-8.251584,6283.145,6.733525,1.964222,5.195575,6.464906,-1.509421,-2.153625,-2.477678,6968.2827,6.832549,2.33024,6.446125,8.116252,-1.747886,-2.763012,-3.178093,23429.105,12.754477,7.259906,14.627444,17.097889,-5.900722,-8.596483,-9.219708,23395.549,12.696404,7.521098,15.824931,18.410463,-6.12613,-9.635425,-10.67655,128373.336,15.097262,36.09718,51.65796,53.617554,-25.014364,-32.814407,-59.321243,151742.58,16.512896,41.64755,58.855488,60.68938,-28.54969,-36.08935,-63.70142,20744.658,10.984875,5.874106,11.420207,12.688899,-4.73682,-6.545264,-7.042615,16493.232,11.152961,4.466765,8.332811,9.448127,-3.780076,-5.29994,-9.391448,7486.6914,6.671182,2.631848,7.861583,9.931426,-1.856119,-3.082607,-3.561265,7751.2734,6.390567,2.58642,7.072897,8.850871,-1.817192,-2.607209,-3.148544,26755.03,13.896958,8.811254,19.137024,22.51712,-7.07418,-11.661174,-12.585926,24258.414,13.488968,7.817183,17.061193,19.966038,-6.172635,-9.376803,-10.523302
0.0,200.0,170418.66,17.49815,46.37463,65.609184,67.666885,-34.09191,-42.413998,-71.67573,136605.22,14.812555,40.15282,61.02532,63.91647,-26.40928,-32.384026,-52.1585,20741.256,11.495837,5.474974,9.872108,10.992819,-4.696836,-6.937854,-11.71585,19426.975,11.203363,5.248244,10.490494,12.425936,-4.470789,-6.768216,-11.163199,6731.6123,7.094802,2.070553,5.430905,7.016127,-1.623316,-2.416701,-2.767133,7490.6064,7.238836,2.464971,6.770931,8.648858,-1.884353,-2.998257,-3.474808,25516.795,13.491036,7.944699,15.478444,18.0164,-6.483447,-9.978818,-14.600372,25596.496,13.553254,8.207908,16.743816,19.558722,-6.745846,-10.680883,-11.594058,137587.28,15.975636,39.1028,56.36922,59.125656,-26.48844,-32.403683,-52.826942,162778.22,17.597803,45.04988,64.0404,67.16804,-30.096634,-36.587387,-61.647697,22635.416,11.69871,6.357818,12.112483,13.583672,-5.218183,-7.868055,-12.951025,17909.744,11.789049,4.840963,8.795246,9.872949,-4.143516,-6.109263,-8.990472,8038.0806,7.037301,2.777644,8.298744,10.531824,-2.019621,-3.358011,-3.805648,8258.642,6.692776,2.71288,7.420924,9.123633,-1.943379,-2.864743,-3.451644,29448.404,14.937776,9.639464,20.426163,24.051443,-7.943852,-13.064115,-13.976746,26392.107,14.255036,8.532459,18.073803,21.252882,-6.77781,-10.531585,-11.824089
0.0,225.0,180778.31,18.272327,49.861374,71.07906,73.86863,-36.12073,-44.66139,-61.05356,144272.22,15.41877,42.77256,65.63244,68.44873,-27.794628,-33.84569,-42.785748,22885.533,12.593244,5.943241,10.444967,11.725602,-5.283587,-7.280477,-7.842218,21381.143,12.254254,5.695432,11.017734,13.465384,-5.003003,-7.172551,-9.691985,7270.7524,7.559094,2.191874,5.726615,7.107011,-1.775874,-2.63233,-3.078241,8094.731,7.691888,2.611497,7.088039,8.925623,-2.054238,-3.363077,-3.853084,28105.55,14.701254,8.660763,16.34885,18.979462,-7.287937,-11.042258,-12.196177,28282.031,14.750826,8.980136,17.615105,20.72798,-7.552123,-12.297457,-13.33612,145754.75,16.568499,41.838013,60.896957,63.882046,-27.975159,-34.076656,-42.54995,171880.6,18.08653,48.143715,68.91996,71.75029,-31.761215,-38.848953,-68.22813,24870.303,12.721928,6.888585,12.746511,14.377974,-5.814279,-8.160182,-8.732949,19679.541,12.825236,5.248059,9.287474,10.449384,-4.630138,-6.34193,-7.092425,8674.404,7.467481,2.929207,8.723916,11.100046,-2.198626,-3.737033,-4.221102,8882.954,7.097991,2.864689,7.879623,9.700152,-2.116829,-3.162664,-3.548589,32535.783,16.240255,10.558273,21.583017,25.498936,-8.914952,-15.053901,-16.038097,28970.457,15.481835,9.273062,19.182991,22.507366,-7.582914,-11.90103,-12.786655
0.0,250.0,192055.45,19.095734,54.861115,90.6376,78.955,-38.34426,-47.739616,-64.44597,152336.48,16.007236,46.00163,73.44604,73.64903,-29.256735,-35.89126,-47.19466,24571.139,13.151467,6.606658,11.066477,12.539279,-5.70635,-7.975471,-8.468836,22949.682,12.808137,6.30745,11.681699,13.956839,-5.424812,-7.902845,-10.567909,7667.896,7.777094,2.318144,6.043695,7.554781,-1.874159,-2.876121,-3.587678,8539.301,7.901497,2.751649,7.416795,9.527569,-2.202437,-3.577038,-4.091707,30211.645,15.389992,9.595329,17.340633,20.149063,-7.835596,-12.285384,-13.283756,30373.674,15.354604,9.754469,18.595274,22.216637,-8.236313,-13.62429,-15.593876,153773.8,17.117594,45.9035,78.517586,68.5502,-29.495728,-36.09027,-46.78675,181322.16,18.572014,52.76462,90.79806,252.07756,-33.537838,-40.90171,-54.011333,26721.148,13.286859,7.622461,13.424402,15.14811,-6.340561,-9.048341,-9.724928,21089.627,13.384848,5.823589,9.834026,11.051207,-4.979314,-6.920125,-7.412439,9138.254,7.658047,3.080626,9.127125,11.820643,-2.355678,-3.978016,-4.458104,9347.216,7.289088,3.018573,8.356534,10.479121,-2.230263,-3.456898,-3.895833,35190.88,17.035292,11.479108,22.920292,26.911488,-9.808382,-16.515425,-17.88603,31142.613,16.19931,10.078976,20.408735,24.02422,-8.222948,-13.248261,-14.157096
0.0,275.0,202366.78,20.154448,57.54892,82.61008,86.21506,-39.99915,-49.42696,-64.61049,159545.05,16.627583,49.30474,75.6993,78.80978,-30.374008,-36.999355,-49.17024,26377.127,14.070445,6.922879,11.204164,12.56724,-6.211803,-8.567333,-9.324139,24558.975,13.612041,6.603908,11.850409,13.968102,-5.885145,-8.561308,-11.21687,8114.6777,8.189909,2.408064,5.960756,7.474373,-2.001841,-3.010414,-3.458368,9022.683,8.328669,2.869659,7.412047,9.136791,-2.334477,-3.809369,-4.242662,32139.99,16.284184,10.056249,17.518444,20.152393,-8.465823,-12.980685,-13.744154,32230.05,16.2854,10.399939,18.84356,21.881008,-8.840656,-14.317861,-15.321749,161671.17,17.803564,47.89132,70.11968,72.84613,-30.696661,-37.44166,-49.76036,190542.19,19.495617,54.48883,78.631615,81.53269,-34.954803,-42.813908,-59.94471,28644.326,14.207781,7.966037,13.70883,15.486252,-6.868358,-9.742963,-13.256272,22626.297,14.252546,6.082669,9.901108,11.241747,-5.413308,-7.428492,-8.183834,9634.075,8.045219,3.200943,9.089768,11.580137,-2.487431,-4.267575,-4.927382,9817.58,7.602702,3.12347,8.224186,10.181215,-2.358054,-3.567933,-4.224412,37350.285,18.023012,12.325327,23.305576,27.246687,-10.512617,-17.864681,-19.697285,33132.523,17.131414,10.745215,20.761635,23.95219,-8.829342,-14.149322,-15.106982
0.0,10.0,22733.89,3.148869,3.750654,4.472449,6.09819,-3.108987,-3.859155,-5.83183,21450.73,3.138241,3.880197,4.660187,5.356557,-2.838537,-3.557574,-5.138564,3183.077,2.501778,0.869474,1.528039,1.793925,-0.5429,-0.715067,-1.11203,3051.3962,2.493899,0.873329,1.708201,2.890656,-0.536905,-0.860533,-2.615715,1259.9005,2.081439,0.462768,1.100461,1.438948,-0.252122,-0.372088,-0.77271,1416.679,2.115783,0.546421,1.428838,1.715015,-0.286571,-0.424167,-0.885691,4078.109,2.832123,1.299319,2.721429,3.227558,-0.77203,-1.06036,-1.448866,4102.281,2.838961,1.370593,3.107125,3.621542,-0.790654,-1.100601,-1.515469,21316.678,3.231951,3.581899,4.23066,4.881303,-2.663238,-3.315632,-5.00073,26043.324,3.510919,4.183024,4.895232,5.596847,-3.408669,-4.283592,-6.792421,3660.3289,2.605481,1.03193,1.835146,2.13488,-0.628768,-0.826991,-1.554687,2813.172,2.563701,0.816354,1.463908,1.769134,-0.503943,-0.660357,-1.079648,1614.4083,2.141623,0.64751,1.733168,2.220887,-0.324293,-0.507995,-1.029494,1698.4093,2.107084,0.628908,1.462787,1.757767,-0.332797,-0.473309,-1.048054,4670.384,3.004311,1.524832,3.427808,3.91749,-0.894137,-1.258119,-1.669252,4298.67,2.970045,1.396028,2.970122,3.376084,-0.824216,-1.13442,-1.625757
0.0,20.0,40874.57,5.3611,7.844332,9.55867,10.442971,-6.482854,-8.051095,-10.255487,36977.508,5.170295,7.861754,9.768078,10.989424,-5.636117,-6.928757,-8.793439,5270.493,3.80271,1.402581,2.456017,2.808697,-0.939092,-1.226959,-1.717832,5047.0537,3.761129,1.377597,2.582835,3.650613,-0.922852,-1.34691,-2.919839,1974.092,2.808018,0.686391,1.653615,2.179455,-0.411338,-0.583843,-0.923765,2213.3103,2.849729,0.798943,2.023847,2.526489,-0.476429,-0.724744,-1.004653,6630.3477,4.379523,2.014051,4.167225,4.631352,-1.341882,-1.850277,-2.362834,6673.881,4.368868,2.088398,4.598779,5.349514,-1.382829,-1.990661,-2.459672,36698.656,5.384594,7.240591,8.850236,9.698655,-5.385862,-6.704238,-7.928884,44682.797,5.950889,8.556985,10.406517,11.966663,-6.724301,-8.220124,-10.365426,5948.116,3.912071,1.665744,2.936539,3.284789,-1.076162,-1.424557,-1.931896,4620.588,3.904346,1.291687,2.304462,2.750954,-0.861777,-1.14254,-1.540272,2477.3142,2.862141,0.944501,2.431326,3.055053,-0.530206,-0.811646,-1.050896,2610.5032,2.820576,0.943202,2.138253,2.55091,-0.531377,-0.751394,-1.107181,7608.2075,4.691916,2.387756,5.112073,5.724393,-1.584807,-2.33718,-2.733617,6965.458,4.6566,2.181711,4.516809,5.069844,-1.429607,-2.021185,-2.450169
0.0,30.0,54468.938,6.937551,11.797676,14.712609,15.637463,-9.401317,-11.834417,-13.727132,48179.086,6.599924,11.529853,14.829012,15.679793,-7.96166,-10.006283,-12.230681,6728.504,4.53007,1.831535,3.25832,3.719156,-1.243843,-1.654982,-2.070963,6388.5747,4.449405,1.791187,3.395412,4.653279,-1.220559,-1.76885,-3.115897,2464.0437,3.241122,0.851158,1.956624,2.494594,-0.522933,-0.759699,-1.049659,2751.4592,3.286601,0.989781,2.404995,2.920156,-0.60694,-0.935299,-1.377481,8360.777,5.240876,2.59998,5.307065,5.834907,-1.747319,-2.472288,-2.901854,8359.485,5.19448,2.687533,5.769937,6.385934,-1.803254,-2.65565,-3.086111,47982.06,6.926148,10.657039,13.423823,14.146694,-7.723825,-9.773736,-11.291984,58015.03,7.603896,12.535785,15.708117,18.633768,-9.382855,-11.650009,-14.150547,7516.09,4.626364,2.17832,3.897952,4.394857,-1.423799,-1.899758,-2.40826,5885.867,4.684457,1.66959,3.025365,3.406565,-1.136706,-1.504747,-1.865001,3050.955,3.281145,1.166494,2.878602,3.484555,-0.673566,-1.064449,-1.681527,3220.0598,3.235725,1.163831,2.601801,3.290525,-0.66683,-0.947143,-1.48975,9471.558,5.564612,3.119412,6.503051,7.220269,-2.064728,-3.108187,-4.231597,8758.319,5.594445,2.826803,5.809521,6.408608,-1.86228,-2.683244,-3.538000
0.0,40.0,69744.555,8.724726,15.006549,19.095156,20.270271,-12.790219,-19.629314,-18.568153,61102.574,8.159482,14.417508,19.013245,19.900665,-10.810598,-16.48661,-15.928941,8189.1865,5.29433,2.181445,4.024212,4.472992,-1.591501,-2.348939,-6.46196,7788.508,5.24821,2.136185,4.192849,5.234788,-1.553676,-2.335945,-3.623556,2934.261,3.683473,0.997503,2.389408,3.008759,-0.654004,-0.940948,-1.785823,3275.1018,3.732904,1.169331,2.993238,3.630338,-0.752372,-1.191842,-1.746033,9986.084,6.097219,3.089516,6.515569,7.438497,-2.20786,-3.032232,-5.002089,9980.663,6.054164,3.201419,7.127814,7.91429,-2.276117,-3.317272,-3.650639,60396.13,8.557815,13.422451,17.187569,18.072138,-10.431894,-16.112576,-15.623247,72033.15,9.428631,15.732858,20.042135,20.84323,-12.184723,-18.309841,-51.055832,9124.497,5.443006,2.588697,4.841074,5.334697,-1.81448,-2.61557,-6.790783,7125.1675,5.470037,1.978977,3.698266,4.117165,-1.442375,-2.163804,-2.374186,3615.437,3.720205,1.37086,3.627831,4.381294,-0.816767,-1.367001,-1.792328,3779.7122,3.639512,1.359744,3.212779,3.782134,-0.824284,-1.219896,-1.959231,11217.094,6.454419,3.717777,8.118959,9.11598,-2.55861,-4.074623,-6.640538,10397.048,6.473955,3.36028,7.185305,7.944693,-2.332115,-3.499139,-3.653303
0.0,50.0,78413.72,9.666214,18.980816,24.52368,25.617058,-14.596496,-18.3604,-21.26419,67584.18,8.859521,18.070261,24.510801,25.772003,-12.130831,-15.243864,-18.722048,9299.004,5.753852,2.542238,4.727067,5.228681,-1.820039,-2.399785,-2.905501,8834.463,5.660313,2.471211,4.983671,6.024664,-1.76483,-2.479859,-4.166713,3292.7334,3.993202,1.133651,2.750611,3.372036,-0.724365,-1.053612,-1.356157,3673.9316,4.037741,1.325046,3.380021,4.17664,-0.838782,-1.279203,-1.581669,11283.145,6.633648,3.584042,7.581987,8.53547,-2.495515,-3.62217,-4.167864,11308.011,6.609247,3.705569,8.143091,9.178516,-2.566634,-3.789903,-4.552891,67335.23,9.394005,16.790655,21.867132,22.955976,-11.872956,-14.903434,-18.29259,80347.92,10.337119,19.395136,25.103727,26.230867,-13.836873,-16.991335,-20.7457,10341.066,5.925514,3.00162,5.667559,6.14596,-2.061259,-2.777227,-3.311631,8072.072,5.941583,2.288806,4.354924,4.864756,-1.644184,-2.18387,-2.454435,4032.4612,4.007939,1.548229,4.04911,4.896008,-0.914742,-1.441085,-1.753447,4201.559,3.913743,1.540376,3.710597,4.329301,-0.907204,-1.303861,-1.613636,12739.193,7.060189,4.305238,9.350216,10.519357,-2.925073,-4.406457,-5.01285,11736.544,7.064784,3.885092,8.389549,9.324113,-2.637867,-3.880273,-4.239991
0.0,75.0,99641.98,11.888022,24.971556,33.189095,34.589344,-19.376907,-24.131441,-65.82343,84154.15,10.798665,23.1061,32.411694,34.096497,-15.823589,-19.839165,-57.4178,11770.621,6.956367,3.215463,6.044405,6.770167,-2.424568,-3.599142,-3.287988,11164.573,6.856719,3.132821,6.265407,8.242474,-2.346728,-3.768404,-4.489723,4073.5183,4.676136,1.372199,3.4266,4.174229,-0.93083,-1.618877,-4.498256,4544.9443,4.738319,1.615459,4.211309,4.985572,-1.080965,-1.930768,-4.522012,14391.164,8.132799,4.553007,9.60553,10.697263,-3.351695,-5.907522,-16.628923,14396.9375,8.076219,4.707965,10.341802,11.746904,-3.464548,-6.410019,-5.699189,84315.24,11.517662,21.865746,29.35371,30.628864,-15.624401,-19.497896,-49.880264,99928.26,12.540535,25.223862,33.558758,34.841637,-17.890148,-21.97732,-48.140366,13005.76,7.143749,3.784976,7.304773,8.051145,-2.724313,-4.340495,-3.866395,10213.148,7.201243,2.875001,5.507754,6.178297,-2.178645,-3.206392,-9.564073,4952.9165,4.684752,1.870762,5.070686,6.065591,-1.174567,-2.055306,-5.456848,5149.9385,4.551479,1.848784,4.62122,5.455405,-1.151715,-1.982698,-5.541419,16329.33,8.715502,5.477401,12.021618,13.603288,-3.984744,-7.256876,-6.842148,14944.918,8.671168,4.91341,10.80993,12.128591,-3.537243,-6.350065,-5.908913
0.0,100.0,117347.73,13.775169,30.837528,41.862797,43.48678,-23.25271,-29.481583,-48.682076,97412.71,12.241924,28.0944,40.338703,41.83562,-18.671844,-23.30827,-27.521496,14038.421,8.066359,3.829318,7.217925,8.004644,-2.965795,-3.934094,-4.521225,13271.029,7.943229,3.704628,7.524878,9.901257,-2.835866,-4.012821,-5.563309,4752.8154,5.267499,1.575254,4.048754,4.808013,-1.085609,-1.577563,-1.996785,5289.7407,5.339965,1.85491,4.975732,6.021688,-1.268741,-1.951756,-2.232503,17221.455,9.471363,5.449498,11.463546,13.063373,-4.052457,-5.920456,-6.433061,17212.186,9.411163,5.627197,12.325474,14.228588,-4.201262,-6.442062,-7.045042,98032.59,13.086269,26.766642,36.742085,38.057346,-18.575655,-23.969631,-34.77246,116062.375,14.244337,30.681343,41.74786,43.341488,-21.157974,-27.666605,-48.599518,15434.86,8.245373,4.487197,8.751667,9.582012,-3.301734,-4.506569,-4.994316,12146.133,8.339472,3.403316,6.539149,7.208447,-2.649484,-3.538344,-3.791724,5733.632,5.237813,2.132408,6.042826,7.297151,-1.367851,-2.198871,-2.556906,5952.3735,5.094604,2.107019,5.478789,6.545782,-1.333655,-1.934646,-2.384987,19635.96,10.222621,6.564872,14.527594,16.480343,-4.867054,-7.646212,-8.109304,17824.703,10.060597,5.871524,12.97846,14.683549,-4.274462,-6.391667,-7.065524
0.0,125.0,132807.03,15.265257,34.943233,48.081337,50.163944,-26.378222,-32.63561,-38.6591,109014.74,13.502907,31.175837,45.611267,47.627193,-20.87269,-25.73026,-30.67339,16237.998,9.124711,4.35949,8.150582,9.048264,-3.483026,-4.748531,-5.240069,15307.42,8.945206,4.214647,8.535382,11.208667,-3.336419,-4.868292,-7.085086,5363.984,5.792028,1.73723,4.529278,5.429366,-1.251026,-1.820611,-2.223504,5979.7466,5.86597,2.04929,5.527389,6.950617,-1.449795,-2.253128,-2.683596,19740.756,10.619043,6.26072,12.955625,14.746202,-4.782204,-7.103399,-7.689599,19780.914,10.549361,6.480523,13.838598,15.791226,-4.925835,-7.595484,-8.406641,110027.02,14.439791,30.109625,42.091496,43.784447,-21.148983,-25.880213,-31.3514,130150.41,15.617971,34.673927,47.940426,49.83476,-24.316833,-29.704966,-36.671524,17792.023,9.277301,5.101154,9.856962,10.786312,-3.883436,-5.361531,-5.933695,14004.075,9.386993,3.86019,7.337006,8.098804,-3.092925,-4.210319,-4.888723,6455.995,5.740094,2.339151,6.722253,8.535743,-1.562818,-2.553696,-3.020322,6648.3765,5.528757,2.311449,6.178916,7.395898,-1.518074,-2.200212,-2.70327,22507.643,11.4431,7.588085,16.507507,18.750202,-5.731212,-9.124752,-9.889203,20359.232,11.241965,6.74009,14.794682,16.78027,-5.007698,-7.542291,-8.263196
0.0,150.0,147413.73,16.670969,39.242805,54.800304,56.601875,-29.28639,-36.254852,-46.068413,119836.49,14.582356,34.617786,51.38003,55.157703,-22.963951,-28.23192,-36.14402,18146.91,10.099033,4.888574,9.027036,10.326205,-3.967103,-5.314248,-6.361123,17039.062,9.854641,4.709162,9.536596,11.765322,-3.79245,-5.290748,-7.193479,5903.73,6.348153,1.890622,5.003465,6.176348,-1.381356,-2.012356,-2.511524,6580.006,6.425906,2.24575,6.161306,7.79738,-1.609495,-2.547794,-2.974504,22184.64,11.864895,7.034207,14.292529,16.263601,-5.432515,-7.922191,-8.645395,22267.957,11.840475,7.288714,15.348713,17.681696,-5.65357,-8.784603,-9.452962,121115.78,15.594399,33.67297,47.715214,49.410538,-23.096436,-28.268553,-34.851837,142925.89,16.855955,38.68987,54.218075,56.730663,-26.239037,-32.095856,-41.253975,19820.428,10.277939,5.701919,10.954449,12.480754,-4.411676,-6.027432,-6.487049,15628.554,10.367347,4.316473,8.093762,9.008153,-3.507659,-4.669483,-5.219796,7088.0947,6.275697,2.554994,7.493265,9.283359,-1.726605,-2.861779,-3.455725,7296.612,6.042243,2.504362,6.828814,8.390174,-1.669117,-2.428842,-2.830984,25516.783,12.91364,8.575175,18.446726,21.094488,-6.602949,-10.797927,-11.707823,22918.717,12.584025,7.557275,16.406906,18.931543,-5.685906,-8.73567,-10.786233
0.0,175.0,160716.11,18.181116,43.028793,60.553787,62.799526,-31.899426,-39.40569,-50.393612,129470.16,15.606314,37.663723,56.544445,59.203976,-24.77617,-30.50994,-39.36927,20012.025,10.89219,5.360917,9.620857,10.696957,-4.470975,-6.068095,-6.63395,18781.258,10.641495,5.126207,10.161036,11.864536,-4.270374,-6.002454,-8.073644,6392.699,6.710026,2.006248,5.246273,6.454574,-1.526362,-2.290397,-2.606925,7136.549,6.81994,2.375324,6.474487,8.056831,-1.774872,-2.892625,-3.146241,24546.615,12.817544,7.751104,15.241433,17.391287,-6.162083,-9.14074,-10.124566,24693.547,12.826051,7.965798,16.303757,18.948439,-6.417504,-9.997075,-11.393299,130993.0,16.686459,36.752697,52.815525,54.886467,-24.958145,-30.574152,-37.14038,154490.4,18.12772,42.133625,59.620953,61.75261,-28.36588,-34.604122,-46.629402,21856.16,11.083388,6.197954,11.738851,12.965949,-4.974845,-6.845473,-7.288241,17181.88,11.132449,4.725262,8.622772,9.631887,-3.927775,-5.299591,-5.674643,7681.3994,6.646774,2.686818,7.908436,9.777465,-1.902523,-3.143971,-3.655062,7875.34,6.358292,2.638822,7.164962,8.678596,-1.834708,-2.696878,-3.062699,28543.916,14.110454,9.384212,19.734037,22.946508,-7.550812,-12.370544,-13.304671,25359.207,13.568972,8.301215,17.615526,20.234291,-6.439039,-9.97667,-10.842450
0.0,200.0,172659.7,19.021809,46.809788,66.16389,69.01711,-34.30251,-42.537685,-65.324425,138148.16,16.167711,40.483383,61.277042,63.730762,-26.412277,-32.491333,-41.819897,21990.326,11.804679,5.851026,10.268539,11.582652,-4.981023,-6.820421,-7.574793,20562.53,11.477099,5.599944,10.815331,13.338563,-4.730237,-6.77854,-9.681624,6895.74,7.075144,2.134973,5.552506,6.882134,-1.658321,-2.42926,-2.768535,7712.277,7.221723,2.540941,6.843873,8.743157,-1.931703,-3.059093,-3.472135,26940.738,13.762449,8.514042,16.204237,18.68644,-6.839854,-10.394042,-10.962648,27167.934,13.839571,8.805892,17.423197,20.316143,-7.129496,-11.349665,-14.181197,139894.62,17.230373,39.71927,57.408348,60.084675,-26.677149,-32.80629,-40.770863,164726.97,18.64551,45.585667,64.947365,67.84013,-30.312834,-37.18387,-53.539066,23990.021,11.967707,6.775107,12.534285,14.015838,-5.514711,-7.692376,-8.580142,18821.34,12.000922,5.148327,9.153573,10.296779,-4.351939,-5.946893,-6.554785,8288.267,7.016598,2.858714,8.375626,10.565825,-2.068648,-3.444833,-4.109422,8455.562,6.665406,2.796726,7.598043,9.351534,-1.989416,-2.9349,-3.636584,31511.271,15.245338,10.388941,21.23735,24.531488,-8.45209,-13.930201,-15.3775,27760.645,14.523763,9.10642,18.840504,21.697075,-7.151438,-11.011132,-11.882263
0.0,225.0,185472.3,20.180944,49.788506,70.705956,73.90833,-36.852425,-46.114082,-59.9627,147482.95,17.02762,42.72408,65.07294,68.189354,-28.215166,-34.470688,-46.958935,23825.037,12.503005,6.365806,11.019567,12.49196,-5.489148,-7.495673,-8.327617,22215.242,12.129786,6.081906,11.707775,13.631263,-5.207117,-7.546895,-9.668141,7355.5825,7.418581,2.256711,5.910645,7.372073,-1.789157,-2.661696,-3.070965,8180.0283,7.517874,2.698453,7.312523,9.128601,-2.083784,-3.378994,-4.725853,28962.336,14.498146,9.282458,17.394018,20.095016,-7.464539,-11.26889,-12.145472,29030.236,14.45444,9.617379,18.70659,21.97738,-7.79122,-12.416922,-14.011152,149443.02,18.17442,42.045788,61.132736,63.154003,-28.50972,-34.98394,-44.05753,175821.23,19.6799,48.223774,69.3181,72.216545,-32.345,-39.809254,-52.940758,25900.01,12.623081,7.356872,13.414425,14.855328,-6.079025,-8.543265,-9.128007,20415.889,12.700219,5.590124,9.785577,10.971148,-4.790823,-6.517008,-7.25668,8763.933,7.282974,3.03452,8.947431,11.349201,-2.224459,-3.792209,-4.763053,8938.366,6.929038,2.947684,8.069512,9.928695,-2.120109,-3.168921,-3.646395,33507.76,15.842198,11.40234,22.965822,26.615005,-9.196473,-15.494391,-16.59121,29817.133,15.266801,9.933047,20.290289,23.53399,-7.775319,-12.338729,-13.348542
0.0,250.0,194737.11,21.685549,53.710423,76.8485,79.89206,-38.52238,-47.472485,-71.09303,154411.39,17.879358,45.973946,70.56,74.21335,-29.411665,-35.88342,-47.601948,25753.654,13.444136,6.91254,11.474125,12.725164,-6.090373,-8.458607,-10.496771,23692.352,12.935581,6.54765,12.188048,14.365586,-5.694609,-8.245221,-10.765997,7787.0273,7.832416,2.393172,6.151232,7.813311,-1.928502,-2.859613,-3.281628,8626.586,7.927133,2.849128,7.60077,9.507718,-2.244536,-3.641854,-4.17496,31202.28,15.548602,10.019226,18.09962,20.856506,-8.22482,-12.514195,-13.450463,31105.027,15.547198,10.278159,19.305325,22.370218,-8.571649,-13.799859,-14.59245,156588.64,19.094797,45.301132,66.44901,68.64961,-29.782907,-36.244694,-46.503555,183809.14,20.768036,51.779922,74.71932,77.48761,-33.816338,-41.461433,-57.0767,27772.582,13.556562,7.903697,14.045172,15.624813,-6.672062,-9.450778,-10.049077,21964.998,13.57344,6.058694,10.191031,11.327377,-5.271776,-7.243248,-7.786011,9240.718,7.66515,3.189702,9.251363,11.77628,-2.395158,-4.062303,-4.501478,9474.06,7.315055,3.116462,8.27934,10.187084,-2.285759,-3.390776,-3.829102,36385.293,17.204472,12.219079,23.953646,27.731232,-10.217473,-17.196917,-19.411484,32263.688,16.430393,10.677618,21.236551,24.467323,-8.585174,-13.61306,-15.864140
0.0,275.0,205816.94,22.697863,56.769337,81.21464,84.214195,-40.25763,-49.471867,-72.325676,161562.92,18.467533,48.336433,74.7618,77.73893,-30.380754,-36.906948,-49.86653,27179.822,14.121231,7.244919,11.559385,12.782303,-6.449643,-9.028912,-9.810847,25324.78,13.794102,6.854219,12.29779,14.657268,-6.056978,-8.795149,-11.252843,8183.869,8.186977,2.449791,6.032263,7.488955,-2.041063,-3.041964,-3.590036,9176.766,8.384789,2.926388,7.521244,9.303216,-2.356545,-3.716174,-4.265752,33070.746,16.437082,10.541125,18.050707,20.671545,-8.797793,-13.505262,-14.357073,33467.484,16.652073,10.845044,19.405216,22.40769,-9.127318,-14.50277,-15.493465,163938.86,19.724846,47.656364,70.03742,72.4607,-30.87565,-37.5242,-48.614708,193527.05,21.669851,54.44813,78.618324,81.97446,-35.14754,-42.633812,-58.976448,29684.6,14.425444,8.288042,14.179155,15.808908,-7.115749,-10.046104,-10.889986,23156.393,14.241809,6.343073,10.220633,11.443362,-5.566153,-7.767614,-8.30778,9818.921,8.094072,3.262327,9.196019,11.5149,-2.509289,-4.180549,-4.589691,9905.725,7.601839,3.17018,8.266318,10.082588,-2.416677,-3.692745,-4.043316,39197.664,18.41343,12.926545,24.146755,27.931232,-10.916142,-18.047033,-19.243986,34078.64,17.231865,11.222036,21.33462,24.66383,-9.165543,-14.822009,-15.601520
0.0,10.0,23055.135,3.192335,3.746492,4.383436,5.073985,-3.156141,-3.789937,-4.978024,21840.49,3.236427,3.866754,4.51772,5.202414,-2.860485,-3.459608,-4.822949,3337.0186,2.585123,0.810528,1.295459,1.692951,-0.555708,-0.729625,-1.032323,3209.5283,2.568416,0.807614,1.426683,2.509021,-0.558461,-0.867441,-2.482745,1303.6449,2.128412,0.413502,0.870295,1.160809,-0.257361,-0.383493,-0.743769,1457.5049,2.148499,0.481252,1.080118,1.429489,-0.292527,-0.455907,-0.746395,4254.2905,2.921133,1.184854,2.206625,2.64602,-0.801295,-1.096867,-1.446017,4279.6035,2.92496,1.233076,2.480263,2.943098,-0.817018,-1.185851,-1.604531,21780.639,3.353147,3.585244,4.166683,4.914292,-2.707918,-3.25907,-4.675218,26539.78,3.623741,4.176744,4.809167,5.663594,-3.459901,-4.149604,-5.424394,3834.342,2.683437,0.960502,1.542142,1.91772,-0.64476,-0.843471,-1.395972,2957.322,2.658428,0.759739,1.254845,1.619829,-0.531987,-0.714478,-1.55696,1661.982,2.172627,0.566644,1.279749,1.73386,-0.330495,-0.512797,-0.923659,1744.6849,2.139338,0.561132,1.118401,1.403464,-0.338806,-0.577208,-0.938259,4888.074,3.087748,1.37247,2.664904,3.262864,-0.933897,-1.373361,-1.908326,4490.69,3.070639,1.272079,2.373064,2.72506,-0.85798,-1.262875,-1.509967
0.0,20.0,41929.39,5.870642,8.029305,9.755659,10.824728,-6.587565,-8.126084,-9.41325,37933.426,5.545225,7.989352,9.908838,10.587114,-5.708503,-7.032133,-8.436936,5502.94,3.947902,1.423682,2.442883,2.773326,-0.985234,-1.322063,-1.704567,5198.7046,3.868719,1.390458,2.495842,3.873148,-0.956445,-1.392199,-2.629836,2032.2621,2.883723,0.680941,1.489554,1.870205,-0.427977,-0.614342,-0.892123,2239.0996,2.874477,0.781302,1.802331,2.292956,-0.490603,-0.728247,-1.03181,6911.48,4.625629,2.016016,3.961749,4.343707,-1.403941,-1.971203,-2.39272,6834.1636,4.512556,2.070888,4.266653,4.750972,-1.441137,-2.047061,-2.37483,37747.05,5.80563,7.415295,9.014304,9.79281,-5.498836,-6.757036,-8.522679,45640.97,6.369944,8.766761,10.584175,11.624672,-6.844317,-8.336434,-10.334611,6128.335,4.004816,1.690392,2.867198,3.224833,-1.123262,-1.479832,-1.855533,4832.8657,4.068098,1.312593,2.276988,2.56192,-0.907697,-1.210579,-2.277903,2514.6604,2.892888,0.922444,2.119083,2.530461,-0.54537,-0.82393,-1.227302,2694.483,2.901971,0.935541,1.962582,2.289564,-0.551969,-0.781804,-1.5013,7818.2944,4.825018,2.39641,4.726676,5.286053,-1.648311,-2.417265,-2.892782,7275.869,4.926545,2.187964,4.293371,4.848258,-1.495442,-2.093835,-2.494033
0.0,30.0,55715.125,8.147286,12.097024,15.059043,15.91166,-9.450487,-11.92676,-13.69292,49041.27,7.293641,11.898179,15.342278,16.26385,-7.998403,-10.018922,-11.971557,7037.938,4.778542,1.913121,3.35681,3.763818,-1.280929,-1.681432,-2.128008,6614.333,4.710644,1.85312,3.564124,4.567806,-1.247531,-1.788893,-3.166294,2520.4612,3.347536,0.874151,1.901468,2.363444,-0.529651,-0.771692,-1.053581,2784.7388,3.386547,1.012628,2.390721,2.847965,-0.613314,-0.939317,-1.239977,8652.768,5.544574,2.697015,5.347799,5.855786,-1.788007,-2.573461,-2.928394,8517.494,5.504047,2.768222,5.814205,6.562715,-1.83106,-2.70754,-3.146109,49176.4,7.862149,11.007137,13.790371,14.59073,-7.802651,-9.75953,-11.610146,59420.727,9.062874,12.850578,15.957183,17.052301,-9.452863,-11.632531,-14.083078,7776.5674,4.909339,2.255309,4.026508,4.45351,-1.45708,-1.959783,-2.39184,6146.4146,4.928071,1.749424,3.120495,3.653581,-1.174391,-1.538048,-1.965636,3099.0745,3.393587,1.192627,2.833098,3.388218,-0.679414,-1.082657,-1.410195,3293.519,3.333549,1.188145,2.484469,2.965499,-0.673993,-0.992848,-1.92196,9690.827,5.901019,3.216941,6.555703,7.325318,-2.10428,-3.174672,-3.67571,9086.335,5.915114,2.934221,5.777026,6.407169,-1.921854,-2.777718,-3.391764
0.0,40.0,71290.555,10.334979,15.383605,19.381907,20.29182,-12.756011,-16.053999,-18.675243,62256.473,9.227546,14.772503,19.502426,21.193691,-10.744271,-13.467314,-15.868337,8440.199,5.435616,2.270788,4.089496,4.556035,-1.607051,-2.124657,-2.663174,7964.96,5.376518,2.207086,4.296726,5.697651,-1.54568,-2.219874,-3.617073,2964.846,3.753752,1.015967,2.263338,2.759542,-0.643332,-0.934434,-1.312714,3293.7476,3.805681,1.178173,2.827653,3.380535,-0.747383,-1.129493,-1.62833,10225.915,6.312156,3.197041,6.438012,7.080748,-2.202941,-3.152181,-3.642132,10137.439,6.300573,3.284743,6.993331,7.845787,-2.263203,-3.349097,-3.776869,61896.47,9.940328,13.817196,17.601986,18.231386,-10.439169,-13.15205,-15.818337,73602.78,11.332033,16.084867,20.352505,21.391518,-12.293151,-14.932576,-17.921139,9350.169,5.631595,2.678432,4.907683,5.411611,-1.823772,-2.451976,-2.863734,7352.89,5.625593,2.06563,3.766889,4.317492,-1.460267,-1.944615,-2.247211,3644.193,3.805611,1.380872,3.354446,3.92679,-0.822935,-1.308301,-1.755158,3827.9536,3.70733,1.375699,2.959184,3.756901,-0.810676,-1.133956,-1.521475,11467.288,6.741043,3.827616,7.912824,8.655882,-2.589676,-3.89875,-4.358755,10712.775,6.745137,3.481827,7.014283,7.595184,-2.339171,-3.364851,-3.832164
0.0,50.0,78626.53,11.367522,19.098661,24.62723,25.730099,-14.464238,-18.195095,-21.213734,67503.76,9.903852,18.243763,24.609049,25.625149,-11.929608,-15.06911,-17.573483,9577.7,5.963481,2.637249,4.827789,5.460608,-1.908414,-2.556134,-3.087056,8989.139,5.915305,2.548755,5.005281,6.129779,-1.809668,-2.790751,-4.411144,3336.402,4.111545,1.147164,2.621821,3.163407,-0.750878,-1.064197,-1.345052,3695.427,4.166465,1.341469,3.288134,3.909162,-0.849328,-1.293564,-1.675136,11531.0,6.971444,3.6721,7.488452,8.345065,-2.615424,-3.693448,-4.141701,11393.216,6.949995,3.774277,8.117695,9.105865,-2.616032,-3.904067,-4.301501,67845.44,10.718183,17.02413,22.059694,22.944271,-11.788073,-14.869163,-16.976753,81113.02,12.354302,19.604069,25.299608,26.489977,-13.805388,-16.942465,-20.44407,10537.296,6.192401,3.087631,5.791329,6.458159,-2.109885,-2.814507,-3.362615,8316.368,6.178923,2.383776,4.507617,4.936077,-1.726374,-2.332067,-2.693781,4075.6184,4.159983,1.565679,3.87532,4.65142,-0.927207,-1.462716,-1.885744,4276.2583,4.044009,1.555941,3.461087,4.210749,-0.940206,-1.321929,-1.845476,12994.133,7.497828,4.400229,9.262451,10.09801,-3.007996,-4.593187,-5.273617,12066.035,7.447885,3.98807,8.23159,8.990931,-2.756935,-3.909807,-4.269500
0.0,75.0,103056.61,14.90031,25.057617,33.33635,34.75574,-19.776161,-24.61001,-28.316826,87120.76,12.737588,23.184368,32.468044,33.595135,-16.095457,-20.079777,-23.28828,12193.934,7.301137,3.341808,6.277634,6.89439,-2.511412,-3.325782,-4.079942,11391.141,7.207849,3.216229,6.577697,7.831796,-2.383868,-3.407296,-4.795749,4131.333,4.841461,1.392759,3.397085,3.966597,-0.956646,-1.335353,-1.722712,4572.2383,4.904185,1.636546,4.229066,5.035248,-1.076082,-1.682681,-2.035795,14804.8,8.669575,4.671238,9.748485,10.794344,-3.441041,-4.910168,-5.371412,14625.146,8.647066,4.77635,10.5367,11.808191,-3.490239,-5.390418,-5.848346,87291.34,13.623655,22.072983,29.644852,30.654463,-15.933152,-19.846048,-23.412922,102995.945,15.46296,25.475142,33.997334,35.31898,-18.193663,-22.359598,-27.970484,13318.332,7.536227,3.897544,7.595474,8.318401,-2.776003,-3.784499,-4.240996,10564.188,7.555447,2.996646,5.721407,6.221747,-2.253887,-3.051503,-3.594856,5001.045,4.862585,1.894636,5.029954,5.943017,-1.168045,-1.896369,-2.305929,5233.8765,4.716156,1.865059,4.454985,5.157369,-1.162746,-1.657298,-2.141635,16751.4,9.367854,5.60013,12.262077,13.652732,-4.05773,-6.39076,-6.999506,15453.498,9.263151,5.057166,10.859138,12.042868,-3.620464,-5.296964,-5.881188
0.0,100.0,118114.61,16.471375,30.860056,41.91353,43.4962,-23.109518,-28.656572,-35.00367,98009.484,13.879665,27.913754,40.034946,41.686108,-18.431416,-22.769657,-27.511787,14578.162,8.40506,3.934705,7.439475,8.322878,-3.088143,-4.102969,-4.656263,13580.626,8.246595,3.792715,7.79378,9.259554,-2.95044,-4.185262,-6.245354,4830.3027,5.409383,1.575083,3.976114,4.976006,-1.115427,-1.588106,-1.991001,5349.6655,5.47698,1.868003,4.922258,5.943163,-1.296622,-2.164013,-2.504276,17703.883,9.992787,5.503933,11.53446,13.063791,-4.208723,-6.079529,-7.376871,17525.955,9.941561,5.695833,12.415085,14.012272,-4.35,-6.706538,-7.608647,99002.72,14.864095,26.844418,36.818096,38.287537,-18.491604,-22.85717,-27.73083,117068.31,16.81336,30.91221,42.14795,43.955734,-21.172022,-25.963552,-31.685352,15869.851,8.619356,4.596657,8.98613,9.875819,-3.434536,-4.663037,-5.210201,12584.813,8.676242,3.505187,6.733772,7.417226,-2.754686,-3.66678,-4.177962,5823.746,5.410104,2.150812,5.916244,7.061435,-1.401911,-2.298291,-2.687388,6069.667,5.236784,2.106903,5.336325,6.236991,-1.365184,-2.0048,-2.306396,20204.516,10.851826,6.705592,14.63266,16.56092,-5.078637,-8.148928,-8.886684,18425.469,10.665645,5.954696,12.968556,14.543993,-4.427499,-6.584927,-7.244994
0.0,125.0,134693.25,18.520615,35.224518,48.428226,50.016235,-26.481035,-32.795128,-40.537018,110419.29,15.413631,31.42013,45.74816,48.257214,-20.922964,-25.695154,-30.062777,16579.002,9.433381,4.558202,8.428302,9.22616,-3.594475,-4.79104,-5.389678,15502.896,9.325272,4.349823,8.836112,10.662667,-3.39579,-4.8186,-6.460048,5373.612,5.930587,1.763854,4.479914,5.350747,-1.260303,-1.797337,-2.234779,6006.1587,6.067869,2.088151,5.589309,6.839361,-1.453893,-2.274023,-2.609344,20026.26,11.129235,6.456516,13.209816,14.875451,-4.907371,-7.071048,-7.741598,20109.5,11.282857,6.616272,14.161196,16.400331,-5.046283,-7.776036,-8.389462,111740.84,16.638481,30.455963,42.45171,44.159466,-21.028404,-25.864632,-30.078003,131874.42,18.828768,35.114723,48.663708,50.287746,-23.953512,-29.32106,-36.73608,18098.145,9.719018,5.277111,10.253891,11.188774,-3.966849,-5.391087,-5.902095,14267.532,9.693279,4.043928,7.593999,8.399461,-3.188637,-4.251489,-4.592303,6512.805,5.958516,2.385002,6.720652,8.244621,-1.566362,-2.554821,-3.073411,6694.9155,5.674612,2.335819,5.956881,7.106531,-1.530905,-2.18444,-2.586282,23246.486,12.341643,7.817735,16.85861,18.972866,-5.911055,-9.530151,-10.36512,20856.365,11.860565,6.96357,14.859053,16.625408,-5.117936,-7.713388,-8.298074
0.0,150.0,149244.2,20.015556,39.639713,54.916534,56.901203,-29.497831,-36.63847,-44.771755,121248.33,16.444454,34.791,51.29124,53.134468,-23.092175,-28.351372,-34.372044,18627.623,10.354342,5.100587,9.370565,10.393561,-4.088046,-5.467088,-6.08362,17246.28,10.058026,4.87274,9.841796,11.9523,-3.862628,-5.486688,-7.92319,5943.8857,6.396299,1.917952,4.943081,6.00069,-1.390188,-2.063343,-2.532987,6569.965,6.453488,2.278772,6.124753,7.526409,-1.613688,-2.575422,-3.094775,22618.914,12.281681,7.244497,14.641184,16.605536,-5.542339,-8.273738,-9.137966,22451.053,12.269078,7.480524,15.637681,18.058527,-5.73994,-9.224144,-9.792126,122816.19,17.610775,33.991627,47.937645,49.657715,-23.261234,-28.693216,-35.05535,144579.61,19.770525,39.169506,54.84391,57.090668,-26.472412,-32.926815,-43.094685,20158.47,10.544134,5.907068,11.369417,12.832279,-4.51441,-6.255931,-6.908073,16009.041,10.605607,4.507371,8.395208,9.488644,-3.606246,-4.935632,-5.346481,7103.2383,6.31845,2.58734,7.383317,9.222053,-1.73809,-2.849085,-3.495828,7371.8843,6.096513,2.528563,6.61073,7.950598,-1.682035,-2.467024,-3.505839,26050.18,13.436078,8.881001,18.811304,21.31703,-6.78646,-11.171901,-12.215222,23487.49,13.050287,7.804559,16.59536,18.864489,-5.805517,-8.998116,-13.852168
0.0,175.0,161923.94,21.404896,43.67461,61.24228,63.925255,-32.182167,-40.81709,-48.952847,130748.44,17.38311,38.007587,56.76984,59.097263,-24.971348,-31.28831,-41.05477,20662.953,11.355739,5.61555,10.013847,11.173901,-4.665305,-6.401225,-7.078541,19094.865,11.161596,5.317548,10.542927,12.775845,-4.364463,-6.284051,-8.661358,6448.698,6.835471,2.051236,5.281709,6.488717,-1.549606,-2.280881,-2.65214,7168.219,6.981511,2.42367,6.576625,8.071924,-1.801565,-2.85145,-3.259765,24864.338,13.356792,8.009964,15.663585,17.98819,-6.28345,-9.516035,-10.175385,24806.271,13.378468,8.210584,16.74098,19.333405,-6.532789,-10.365312,-11.141619,132481.03,18.705786,37.266895,53.2463,55.13382,-25.258995,-30.85058,-38.00325,156014.17,21.02583,42.875134,60.662224,63.094536,-28.744944,-35.047623,-46.869003,22321.32,11.557404,6.44954,12.211402,13.552359,-5.116851,-7.141179,-7.695536,17678.76,11.582129,4.95127,8.950478,10.059132,-4.084773,-5.593477,-6.124722,7728.5537,6.799357,2.737124,7.933412,9.945255,-1.930296,-3.167513,-3.540884,7962.1597,6.502163,2.685058,7.09516,8.571407,-1.859813,-2.80498,-3.229655,28929.127,14.744787,9.775126,20.328234,23.318546,-7.743545,-12.681071,-13.567004,25835.213,14.149608,8.613145,17.903788,20.45074,-6.5749,-10.07246,-10.686230
0.0,200.0,174338.31,22.731571,47.263657,66.41936,69.3914,-34.433926,-42.872276,-60.814396,139741.58,18.294407,40.79011,61.816082,64.622505,-26.574726,-32.602173,-42.72065,22658.76,12.229221,6.14912,10.755422,11.919886,-5.171263,-7.103148,-7.655884,20912.426,11.939787,5.813289,11.356838,13.810163,-4.839947,-6.972889,-9.579934,6953.9487,7.248383,2.183409,5.584478,7.01499,-1.677031,-2.482892,-2.880554,7734.707,7.404001,2.594363,7.031297,8.862578,-1.944737,-3.13104,-3.6001,27370.168,14.368942,8.803712,16.76992,19.135391,-7.01092,-10.532473,-11.631164,27388.158,14.580925,9.067326,18.027704,20.901134,-7.244711,-11.638341,-13.554545,141704.81,19.670013,40.137398,57.72203,60.262787,-26.881392,-32.91114,-40.190525,166436.34,22.062298,46.15618,65.546,68.55598,-30.528028,-37.28284,-48.790077,24491.047,12.48358,7.057762,13.149164,14.62248,-5.669328,-7.966042,-8.537635,19346.875,12.428685,5.40592,9.603613,10.52436,-4.505184,-6.153743,-8.123539,8323.763,7.202176,2.91919,8.499957,10.657532,-2.08367,-3.469656,-4.095694,8535.834,6.82465,2.84221,7.422134,8.936391,-2.004394,-2.94507,-3.388826,31943.242,16.031834,10.792679,21.996265,25.238503,-8.632016,-14.309241,-15.344475,28357.404,15.160444,9.463679,19.282463,21.915396,-7.314868,-11.6327,-12.057110
0.0,225.0,186188.2,23.51088,50.859924,72.42158,75.48032,-36.97494,-46.194523,-59.798405,148011.52,18.9034,43.57766,66.389885,69.42931,-28.2409,-34.429096,-43.94385,24203.977,12.89233,6.575132,11.292964,12.538024,-5.625309,-7.805356,-8.787113,22374.36,12.57845,6.231309,11.899338,14.330584,-5.293622,-8.003492,-9.738963,7351.722,7.561917,2.279179,5.891212,7.399304,-1.794427,-2.697483,-3.035569,8190.3926,7.679362,2.720102,7.321055,9.202966,-2.091184,-3.355334,-3.793455,29154.998,15.149215,9.411305,17.557507,20.156736,-7.569127,-11.906719,-12.692849,29255.43,15.260169,9.712222,18.850264,21.960234,-7.886464,-12.702392,-13.479743,150167.36,20.155947,43.02337,62.565495,64.444466,-28.653301,-35.02933,-45.48381,176673.45,22.413904,49.412807,70.94471,73.7431,-32.58742,-40.14241,-54.52379,26277.158,13.158149,7.535583,13.79531,15.397608,-6.195095,-8.725374,-9.440648,20629.498,13.046773,5.764418,10.054636,11.186608,-4.878639,-6.719987,-7.25833,8822.227,7.494446,3.049604,8.879471,11.000549,-2.235954,-3.681829,-4.555794,8999.493,7.112465,2.963965,7.913474,9.712909,-2.138645,-3.209413,-3.638659,34342.676,16.84407,11.59327,23.195335,26.820381,-9.447771,-15.662831,-16.713797,30249.4,15.989242,10.071829,20.334566,23.414625,-7.948982,-12.5479,-13.385837
0.0,250.0,195770.5,24.153206,54.115932,77.72395,80.60783,-38.772083,-47.53495,-64.25391,155233.33,19.320518,46.26077,71.05527,73.835976,-29.456936,-35.795277,-47.464542,26410.49,13.946469,7.044112,11.790868,13.07224,-6.242616,-8.748998,-9.529221,24267.27,13.606354,6.634529,12.561872,15.422869,-5.82275,-8.50747,-11.148198,7854.2417,7.995366,2.383079,6.079659,7.539783,-1.941403,-2.887395,-3.303883,8726.961,8.169669,2.840765,7.659606,9.515312,-2.26526,-3.661907,-4.095489,31755.748,16.199572,10.117164,18.374659,21.133865,-8.346935,-12.743871,-13.472592,31664.432,16.379435,10.431329,19.829182,23.316196,-8.728591,-14.070434,-15.086776,157912.2,21.0351,45.716183,67.079445,69.46978,-29.941208,-36.68506,-44.998543,185322.16,23.44595,52.2762,75.690315,79.19394,-34.035442,-41.576565,-59.727924,28451.19,14.158187,8.039239,14.522232,16.192085,-6.845121,-9.706391,-10.330188,22425.562,14.044547,6.172035,10.476364,11.592468,-5.374417,-7.469526,-8.001506,9371.23,7.921051,3.179012,9.312875,11.733555,-2.419153,-4.058094,-4.498119,9579.696,7.459505,3.082548,8.096277,9.93352,-2.302892,-3.400222,-3.960029,37224.05,18.16195,12.402218,24.489033,28.281918,-10.4479,-17.537676,-18.724592,32855.137,17.048073,10.784215,21.415787,24.628498,-8.706928,-13.552061,-14.601499
0.0,275.0,206281.3,25.668234,57.11262,81.920456,85.2758,-40.322556,-50.096645,-69.56575,162582.64,20.257195,48.366573,74.46769,77.33884,-30.522413,-37.386852,-49.796368,28201.3,14.580135,7.572749,12.213441,13.683901,-6.669029,-9.322473,-10.129563,25885.047,14.165604,7.11052,12.845725,15.416035,-6.192678,-8.976329,-11.577472,8310.484,8.298169,2.505269,6.198525,7.655829,-2.043983,-3.036112,-3.550188,9236.201,8.458539,2.98811,7.784503,9.78403,-2.382074,-3.8534,-4.231484,34092.477,17.104837,10.84104,18.881216,21.746374,-8.943616,-13.501453,-14.625398,34060.79,17.273203,11.164842,20.215666,23.567307,-9.321663,-15.121569,-16.194868,165204.9,21.563246,47.929512,70.464264,73.10708,-31.051077,-38.28066,-51.478886,193806.86,24.014347,54.97257,79.755165,84.19407,-35.257908,-43.098534,-59.94114,30444.998,14.85136,8.604318,14.959948,16.77593,-7.331024,-10.469478,-11.084043,23984.27,14.695866,6.608426,10.808852,11.996443,-5.738629,-7.950302,-8.45095,9892.041,8.179707,3.329031,9.418634,11.755296,-2.540817,-4.297689,-4.824723,10102.824,7.729338,3.230733,8.282818,10.090643,-2.41295,-3.549443,-4.236932,39891.566,19.037785,13.368045,25.177767,28.983046,-11.200274,-18.896025,-20.059359,35212.082,17.940632,11.563365,22.09822,25.312996,-9.331997,-14.61226,-15.781495
0.0,10.0,24652.822,4.253688,3.620907,4.208927,4.6911,-3.123085,-3.734543,-5.060413,23236.744,4.0108,3.800332,4.44551,4.968281,-2.861643,-3.420788,-4.783644,2328.977,1.719337,0.810962,1.338556,1.590146,-0.574966,-0.756733,-1.129596,2189.4102,1.707679,0.803255,1.492357,2.670875,-0.568026,-0.865373,-2.322752,1070.0256,1.770967,0.428111,0.912012,1.263274,-0.260371,-0.39015,-0.885804,1220.6182,1.82568,0.497379,1.157677,1.479519,-0.299877,-0.474733,-0.82896,3655.9187,2.253405,1.291229,2.412738,2.85264,-0.819608,-1.131448,-1.556382,3618.317,2.24387,1.346298,2.753378,3.193029,-0.844633,-1.199687,-1.526114,23077.455,4.165422,3.484792,4.072959,4.671265,-2.706613,-3.236655,-4.203068,27899.965,4.665673,4.01403,4.593723,5.384365,-3.445864,-4.156115,-5.319862,2813.7231,1.841194,0.965795,1.623055,1.939858,-0.664231,-0.873659,-1.500292,2304.8218,1.909314,0.790085,1.32484,1.695627,-0.535233,-0.695782,-0.998035,1416.7808,1.872738,0.585146,1.359754,1.765719,-0.338911,-0.546135,-0.874648,1504.983,1.849785,0.578371,1.161244,1.589292,-0.339919,-0.48283,-1.32007,4172.271,2.344953,1.522769,3.013435,3.58668,-0.964088,-1.39334,-1.822903,3956.5422,2.403812,1.394772,2.58159,2.943839,-0.877004,-1.238941,-1.544151
0.0,20.0,42240.41,6.682631,7.984389,9.643817,10.549174,-6.582732,-8.3221,-12.072317,38201.91,6.089673,8.073282,10.026822,10.926117,-5.712914,-7.201653,-9.466996,5538.3345,3.936527,1.480984,2.481203,2.964472,-0.980355,-1.317041,-1.781265,5250.3896,3.925057,1.433734,2.605148,3.690744,-0.948828,-1.412365,-3.275662,2030.8597,2.902128,0.686312,1.464585,1.884519,-0.422385,-0.613219,-0.974672,2256.3818,2.946257,0.794733,1.853634,2.267919,-0.481304,-0.743621,-1.105162,6935.492,4.631191,2.103461,4.007073,4.529212,-1.402078,-1.944009,-2.431186,6865.5684,4.632277,2.148755,4.400475,5.002878,-1.424073,-2.103958,-2.501596,38342.316,6.557221,7.446799,9.027673,10.168298,-5.499655,-6.823846,-9.32276,46570.87,7.635495,8.734509,10.545389,11.406265,-6.867137,-8.415268,-10.607643,6191.788,4.092994,1.740057,2.959071,3.291797,-1.115157,-1.470735,-2.016746,4877.7144,4.090578,1.366455,2.33217,2.658472,-0.908109,-1.211886,-1.669133,2539.4568,2.982961,0.937561,2.16968,2.735448,-0.534847,-0.828998,-1.237913,2693.9377,2.925481,0.936946,1.871151,2.232272,-0.543645,-0.774289,-1.113146,7921.09,5.019278,2.481591,4.893935,5.388504,-1.642612,-2.436932,-2.897576,7308.405,4.962673,2.277874,4.270843,4.797756,-1.497105,-2.148124,-2.556222
0.0,30.0,56407.51,9.02086,12.05467,14.979437,15.926478,-9.447555,-11.83319,-13.909818,49673.582,7.95896,11.829221,15.204546,16.03354,-7.9925,-9.96128,-11.785144,7045.989,4.718672,1.943373,3.427985,3.864701,-1.309968,-1.737071,-2.186061,6657.1724,4.700853,1.876148,3.552561,4.764026,-1.275807,-1.917948,-4.111062,2533.2854,3.366518,0.877994,1.897066,2.394758,-0.542717,-0.793971,-1.199448,2815.998,3.411659,1.013536,2.338569,2.87096,-0.62802,-0.936623,-1.335578,8823.009,5.662198,2.748874,5.415309,5.94779,-1.855666,-2.663453,-3.056519,8744.563,5.65013,2.791635,5.800728,6.389624,-1.90419,-2.799605,-3.481381,49659.727,8.359686,10.973084,13.71617,14.696757,-7.810711,-9.762821,-11.827859,59986.05,9.741798,12.862345,16.011915,16.98794,-9.476152,-11.649313,-13.850311,7844.3223,4.903392,2.288677,4.077781,4.622654,-1.4907,-1.98645,-2.366809,6192.5586,4.920427,1.781707,3.192427,3.706047,-1.204732,-1.588437,-2.001852,3136.2935,3.431298,1.19375,2.758061,3.329412,-0.695516,-1.077802,-1.482191,3326.1694,3.376648,1.196891,2.496864,3.26185,-0.69127,-0.981437,-1.405693,9990.628,6.080812,3.27399,6.568715,7.18892,-2.190397,-3.268522,-3.864626,9268.937,6.077149,2.990219,5.841125,6.364469,-1.974097,-2.819622,-3.191573
0.0,40.0,70629.86,10.803846,15.413942,19.508799,20.520376,-12.676281,-15.93084,-18.082249,61595.066,9.489976,14.857521,19.650686,20.430866,-10.597495,-13.339605,-15.433422,8470.259,5.44441,2.35412,4.249492,4.769311,-1.613484,-2.163296,-2.636346,7962.086,5.401863,2.266855,4.383808,9.086445,-1.564625,-2.21453,-4.021915,2978.3606,3.772989,1.045374,2.341757,2.776699,-0.647266,-0.921778,-1.265016,3313.8223,3.837509,1.208349,2.863226,3.465713,-0.748918,-1.14708,-1.54355,10391.054,6.453586,3.305535,6.698446,7.515625,-2.258054,-3.159175,-3.648901,10275.025,6.433429,3.374577,7.15858,8.024059,-2.300648,-3.464787,-4.013294,61484.297,10.06418,13.902236,17.77081,19.005638,-10.377192,-13.079177,-23.1944,73229.234,11.534605,16.225847,20.577553,21.996172,-12.226088,-15.04696,-17.559675,9370.45,5.643805,2.75941,5.073783,5.554431,-1.831188,-2.451122,-2.893207,7399.565,5.661366,2.140126,3.9248,4.499195,-1.473742,-1.9733,-2.343368,3669.4429,3.843688,1.421835,3.382758,4.144836,-0.823019,-1.294223,-1.776508,3858.9563,3.752763,1.414745,3.062858,3.682224,-0.817201,-1.149894,-1.566975,11745.202,6.947016,3.955891,8.183356,9.267304,-2.655709,-4.048899,-4.690553,10896.867,6.940698,3.598723,7.280394,8.02986,-2.397928,-3.46372,-3.943182
0.0,50.0,79127.01,11.824536,18.909513,24.379217,25.575415,-14.552606,-18.786055,-21.241228,67205.34,10.154499,18.064697,24.541122,26.285585,-11.866174,-15.258387,-20.759525,9557.921,5.968133,2.675581,4.915142,5.545954,-1.86274,-2.491234,-3.171892,9279.013,6.096643,2.573776,5.127163,6.636796,-1.805147,-2.557715,-4.072906,3336.1836,4.126461,1.158591,2.678404,3.158746,-0.731522,-1.073061,-1.472375,3824.3145,4.302152,1.352664,3.32714,3.905001,-0.838414,-1.242759,-1.610835,11643.284,7.057188,3.745932,7.721619,8.577966,-2.575633,-3.735837,-4.260162,11990.725,7.322983,3.844726,8.299521,9.338748,-2.653448,-3.851648,-4.261132,67717.72,11.070622,16.897951,21.976408,23.007605,-11.787945,-14.882799,-19.591911,81568.01,12.886948,19.49837,25.172773,26.54447,-13.872784,-17.229528,-21.802294,10909.314,6.376966,3.132566,5.898218,6.508192,-2.109063,-2.855957,-3.253148,8311.102,6.196204,2.423818,4.522535,5.10663,-1.688629,-2.236042,-2.806823,4233.058,4.31078,1.579295,3.92192,4.697452,-0.916104,-1.366126,-1.724602,4252.834,4.040616,1.562673,3.478243,4.195851,-0.921111,-1.325219,-2.390129,13769.776,7.949123,4.492584,9.507672,10.571069,-3.079075,-4.590458,-5.177485,12152.953,7.546424,4.076062,8.456576,9.332739,-2.742716,-4.011461,-4.340786
0.0,75.0,102135.04,13.795248,24.973621,33.25465,34.539207,-19.557777,-24.383392,-29.60451,86489.15,12.233202,23.16849,32.50312,33.91391,-15.930977,-19.898552,-26.033276,12279.4795,7.376641,3.356281,6.325531,6.972083,-2.523954,-3.339711,-4.566405,11451.999,7.184843,3.236139,6.615452,7.92508,-2.413373,-3.421964,-4.978827,4141.899,4.840588,1.397427,3.414414,4.227599,-0.937308,-1.355512,-1.940046,4577.2417,4.887543,1.64119,4.249398,5.130753,-1.084871,-1.730973,-2.167193,15033.47,8.811461,4.740621,9.948574,11.093589,-3.470099,-5.072136,-5.546039,14806.911,8.655962,4.857222,10.731554,12.042391,-3.560904,-5.495872,-6.499943,87087.055,13.324467,22.118074,29.76999,30.997345,-15.852436,-19.75324,-22.724213,102244.45,14.223352,25.41676,33.928616,35.247585,-18.10169,-22.303528,-27.800259,13368.215,7.469139,3.928904,7.661179,8.524069,-2.805774,-3.808139,-4.313059,10662.231,7.656133,3.012961,5.742454,6.371861,-2.270995,-3.288585,-4.229157,5007.686,4.856578,1.903104,5.068454,6.24228,-1.179061,-1.879296,-2.42804,5268.947,4.756303,1.875439,4.562899,5.282372,-1.164186,-1.685694,-2.094313,17002.984,9.392093,5.723462,12.518128,14.084123,-4.141313,-6.512548,-7.292578,15702.282,9.474001,5.122891,11.158953,12.733941,-3.659383,-5.453094,-5.967718
0.0,100.0,119398.12,16.919144,30.76463,41.724087,43.225994,-23.261297,-28.97969,-33.733376,98836.11,14.324838,27.905874,40.029736,41.364464,-18.547125,-23.040834,-28.14565,14292.267,8.178075,4.008019,7.556106,8.324897,-3.043709,-4.087313,-4.822925,13424.672,8.054273,3.849963,7.895239,9.364157,-2.898447,-4.116341,-6.176133,4739.6357,5.317139,1.606449,4.064079,4.953746,-1.097745,-1.629631,-2.409636,5280.4487,5.380136,1.884914,4.974977,6.247454,-1.269464,-1.954152,-2.649078,17402.014,9.802937,5.682706,11.946137,13.467492,-4.178717,-6.300936,-7.085956,17416.773,9.807284,5.819711,12.758976,14.41399,-4.298091,-6.636899,-7.269861,100076.12,15.534085,26.878004,36.921146,38.27218,-18.638973,-23.117622,-29.22913,118392.875,17.497519,30.885765,42.14787,43.64979,-21.318323,-26.234787,-32.93333,15693.61,8.44284,4.661682,9.09817,10.189391,-3.380818,-4.603819,-5.568257,12380.332,8.462042,3.577726,6.866701,7.861359,-2.726734,-3.689846,-4.726293,5758.332,5.335215,2.168958,5.976094,7.224299,-1.370422,-2.170833,-2.64253,5960.6855,5.169377,2.145012,5.422721,6.401798,-1.346059,-1.976096,-2.438049,20166.121,10.771101,6.86501,15.043615,17.156721,-5.026949,-7.900469,-8.54777,18170.719,10.520482,6.139686,13.376642,14.93311,-4.402961,-6.57358,-7.445413
0.0,125.0,134991.03,18.90034,35.388332,48.870396,50.639126,-26.408445,-32.855736,-42.073112,110686.67,15.653142,31.648373,46.10877,47.93082,-20.930162,-25.83175,-32.390034,16772.92,9.492729,4.529905,8.398713,9.24553,-3.662852,-4.959283,-5.592013,15630.293,9.360761,4.330829,8.846507,10.860945,-3.437451,-4.918641,-7.353748,5434.964,6.004338,1.75058,4.437181,5.459714,-1.278823,-1.872513,-2.189761,6032.8906,6.101818,2.071466,5.583803,6.718755,-1.459861,-2.356515,-2.661321,20441.982,11.359074,6.460232,13.221576,15.000551,-5.016588,-7.471942,-8.147715,20379.36,11.438228,6.634919,14.22448,16.230434,-5.113877,-8.02053,-8.516106,112203.836,17.074242,30.704664,42.869358,44.21181,-21.091597,-25.797852,-30.59444,132301.36,19.31395,35.286568,48.947613,51.033924,-23.923868,-29.259182,-38.510254,18236.162,9.758456,5.259017,10.263611,11.393112,-4.008169,-5.623867,-6.858058,14453.523,9.777101,4.034195,7.60402,8.626266,-3.244394,-4.371746,-4.984383,6546.1006,6.022065,2.366312,6.681346,8.263629,-1.57198,-2.577085,-2.95143,6771.3003,5.749803,2.314413,5.897298,6.884732,-1.551974,-2.279616,-2.70046,23596.78,12.53648,7.835556,16.978249,19.226315,-6.029333,-9.930795,-10.655068,21223.344,12.067654,6.963916,14.963092,16.846634,-5.248513,-8.068482,-8.737030
0.0,150.0,149622.97,20.323977,39.832924,55.81497,58.009018,-29.453245,-36.4189,-49.860306,121525.484,16.719063,34.972565,51.633095,53.46399,-23.064146,-28.169659,-35.536,18767.555,10.339962,5.102083,9.416435,10.541684,-4.180172,-5.705893,-6.269388,17389.057,10.084553,4.877547,9.84163,12.141789,-3.93641,-5.630205,-7.746331,5953.2725,6.349238,1.906557,4.970037,6.189727,-1.419296,-2.061996,-2.539334,6599.696,6.449497,2.268281,6.15821,7.974569,-1.646973,-2.580266,-3.011086,22866.225,12.35849,7.241404,14.71093,16.901249,-5.700563,-8.565537,-9.95644,22735.355,12.345069,7.478094,15.842024,18.301973,-5.909237,-9.227244,-11.483018,123194.88,17.867622,34.21326,48.53292,50.584824,-23.301987,-28.422789,-34.328434,145183.42,20.066256,39.42362,55.490604,57.596294,-26.475245,-32.39091,-41.33631,20347.219,10.545946,5.914109,11.481876,12.805327,-4.599216,-6.327879,-6.876882,16146.368,10.612534,4.514705,8.47533,9.477553,-3.684745,-5.029513,-5.504747,7135.222,6.317404,2.585575,7.422931,9.011164,-1.76871,-2.890205,-3.284325,7405.859,6.109453,2.516904,6.680742,8.117154,-1.715871,-2.466944,-3.009176,26412.78,13.532178,8.889837,19.146427,21.82831,-6.953911,-11.218529,-11.911045,23747.797,13.163529,7.794212,16.832108,19.113352,-5.967779,-9.041643,-9.595298
0.0,175.0,162532.16,21.973162,43.78789,61.67612,64.389626,-32.0507,-39.726185,-51.06472,131178.47,17.889246,38.296146,57.341076,59.44482,-24.88182,-30.46944,-41.98815,20925.025,11.393013,5.624956,10.03646,11.10776,-4.735676,-6.50686,-7.078658,19249.12,11.12712,5.33998,10.623198,12.97941,-4.401988,-6.345929,-9.267944,6518.8496,6.926928,2.035077,5.239587,6.450511,-1.555771,-2.292241,-2.671693,7230.4116,7.030326,2.425415,6.605738,8.154406,-1.812159,-2.890641,-3.333201,25303.197,13.475747,8.078224,15.778624,17.932821,-6.368362,-9.60645,-10.467761,25222.559,13.567072,8.299122,17.025328,19.809422,-6.61956,-10.534647,-11.361526,133238.38,19.49923,37.55388,53.639988,55.578938,-25.226166,-31.102545,-41.459698,156708.7,21.921494,43.043434,60.838818,63.567043,-28.63915,-35.12415,-45.940765,22575.197,11.59478,6.476675,12.334988,13.678504,-5.173116,-7.234561,-7.729595,17906.807,11.622658,4.96738,8.986879,10.010006,-4.141983,-5.662879,-6.172741,7805.54,6.874627,2.746302,7.971046,9.866313,-1.940206,-3.212181,-3.6788,8040.2173,6.565124,2.662263,6.974918,8.452479,-1.868937,-2.738023,-3.198309,29470.055,14.979611,9.843155,20.659698,23.48406,-7.873998,-13.075058,-13.900044,26232.113,14.269709,8.66044,18.033989,20.692844,-6.671588,-10.302264,-11.007708
0.0,200.0,174894.89,23.342747,47.535427,67.21122,70.13763,-34.583984,-42.87771,-52.927223,140323.86,18.844778,40.992672,61.83905,64.00171,-26.70062,-32.61293,-40.11996,22873.928,12.228419,6.167732,10.89721,12.265477,-5.206787,-7.197282,-7.875276,20990.977,11.887364,5.84417,11.488584,13.929222,-4.884529,-7.067553,-11.123724,6998.9155,7.239165,2.184842,5.659697,7.102497,-1.678003,-2.507089,-2.960269,7737.2437,7.342687,2.5992,7.031348,8.660858,-1.968485,-3.152169,-3.609267,27824.969,14.502188,8.848784,17.033545,19.58473,-7.039411,-10.708538,-11.533508,27565.559,14.529894,9.102943,18.258615,21.217752,-7.363886,-11.857544,-12.614739,142546.34,20.23182,40.47142,58.26809,60.63173,-27.029745,-33.048576,-43.39539,167237.53,22.531857,46.474068,66.34223,69.03673,-30.66305,-37.300117,-47.342373,24613.76,12.377106,7.096788,13.321834,14.947703,-5.740275,-8.103789,-8.646861,19540.133,12.429998,5.435434,9.737543,11.016798,-4.532306,-6.251433,-6.74449,8331.136,7.160533,2.924593,8.508247,10.619367,-2.108122,-3.513419,-4.030256,8606.127,6.84274,2.847635,7.505628,9.000234,-2.007923,-2.974509,-3.396128,32204.389,15.977277,10.863646,22.379005,26.005474,-8.779598,-14.607337,-15.68934,28762.83,15.312592,9.508184,19.652826,22.608189,-7.394952,-11.525971,-13.022289
0.0,225.0,185943.56,24.322256,51.099415,72.56831,75.22037,-36.45411,-45.10219,-57.718388,148236.75,19.536516,43.838715,66.32489,68.7422,-27.909357,-33.980606,-45.711533,24814.102,12.878375,6.626264,11.522917,12.829547,-5.818934,-8.03055,-8.78208,22729.69,12.604722,6.263249,12.218452,14.916159,-5.386676,-7.772795,-13.460932,7464.9653,7.53709,2.290136,5.934871,7.41632,-1.82751,-2.677327,-3.079207,8286.258,7.691429,2.743194,7.454133,9.291289,-2.124285,-3.337744,-3.803602,30073.842,15.23701,9.47487,17.981256,20.668531,-7.809069,-11.611543,-12.227067,30009.734,15.38023,9.796321,19.418327,22.7446,-8.142369,-12.841475,-13.703308,150561.7,21.099499,43.307167,62.732483,64.772354,-28.34507,-34.582024,-51.7689,176703.42,23.50974,49.67248,71.22921,74.12843,-32.20028,-38.99193,-52.415527,26788.4,13.155584,7.603474,14.131105,15.748584,-6.35901,-8.86365,-9.703107,21149.895,13.063402,5.822161,10.280919,11.479815,-5.03484,-6.901502,-7.589148,8908.024,7.493291,3.082719,9.010254,11.268689,-2.27084,-3.742551,-4.391109,9148.801,7.114035,2.976688,7.91756,9.72745,-2.174229,-3.12292,-7.759464,35118.637,16.981216,11.696252,23.865986,27.621773,-9.677753,-15.885464,-18.224325,31110.02,16.099741,10.182171,20.8414,23.801336,-8.105787,-12.361087,-16.848717
0.0,250.0,196699.64,24.985802,54.148167,77.55999,80.476364,-38.847233,-48.147373,-67.1081,156096.92,19.919903,46.42539,71.500946,74.588234,-29.57322,-36.246178,-49.074802,26547.45,13.692219,7.146441,11.866655,13.50038,-6.246666,-8.67936,-9.276356,24277.285,13.306999,6.717184,12.662715,15.177591,-5.790294,-8.483348,-12.559343,7860.188,7.935918,2.404745,6.078409,7.719467,-1.922953,-2.808193,-3.133206,8724.657,8.112682,2.866982,7.68397,9.65391,-2.247035,-3.5758,-4.440788,31972.72,16.030472,10.289419,18.67205,21.44889,-8.341168,-12.555047,-15.68882,31916.201,16.255524,10.576491,20.11935,23.407211,-8.740776,-14.055907,-14.994927,158790.86,21.595083,45.826115,67.33848,69.70814,-30.049198,-36.93746,-46.861343,186130.12,24.100775,52.38744,75.737305,79.22452,-34.114803,-41.527954,-56.845585,28599.451,13.967385,8.129311,14.663616,16.387682,-6.847755,-9.683101,-10.205292,22573.527,13.811287,6.255332,10.561516,11.73726,-5.389817,-7.461772,-8.122043,9374.864,7.895938,3.205413,9.325913,11.704567,-2.395896,-4.022965,-4.619912,9595.232,7.440139,3.108708,8.116832,9.898808,-2.278719,-3.30375,-3.924588,37485.086,18.011213,12.586247,24.866636,28.795454,-10.436902,-17.40384,-18.94768,33103.844,16.920895,10.97757,21.701876,24.939602,-8.689229,-13.438715,-14.407926
0.0,275.0,206304.53,26.236565,57.23541,82.000435,86.03366,-40.37028,-50.068092,-72.72366,162648.8,20.667456,48.5722,74.655785,78.30925,-30.558496,-37.28827,-51.278755,28584.484,14.584121,7.560413,12.095596,13.431478,-6.765701,-9.323796,-9.947699,26011.232,14.150208,7.091002,12.811135,15.370568,-6.219006,-8.991054,-11.907982,8351.495,8.2416,2.497383,6.099729,7.445858,-2.056309,-3.015045,-3.559511,9275.094,8.45651,2.974728,7.665282,9.539916,-2.378645,-3.933819,-4.515527,34358.406,16.99334,10.834833,18.832382,21.482254,-9.052861,-13.506879,-14.32906,34264.68,17.222795,11.156196,20.248688,23.375929,-9.363655,-15.230738,-16.193008,165698.17,22.204275,48.12716,70.636894,73.493675,-31.117638,-38.134186,-51.161263,194428.92,24.808903,55.126507,79.894035,82.87371,-35.372513,-43.433594,-59.87706,30735.967,14.844678,8.587015,14.912598,16.682627,-7.382046,-10.458676,-11.244143,24242.244,14.617169,6.608628,10.747632,11.882095,-5.81001,-7.966414,-8.76089,9936.221,8.184294,3.314935,9.306818,11.588393,-2.539238,-4.382462,-4.796057,10158.146,7.710312,3.215433,8.173259,9.933025,-2.427274,-3.562105,-4.164904,40283.766,19.072119,13.3433,25.154787,28.866173,-11.252768,-19.317781,-23.470263,35497.945,17.900217,11.546185,22.014421,25.18401,-9.392105,-14.737146,-15.742983
0.0,10.0,24101.639,3.771642,3.802477,4.366329,4.911861,-3.199553,-3.845593,-4.886844,22645.523,3.595348,3.913354,4.543793,5.278957,-2.898603,-3.457515,-4.504577,3504.6023,2.622444,0.863378,1.338847,1.943655,-0.574178,-0.779304,-1.052408,3297.7646,2.606896,0.841267,1.465123,2.839889,-0.568208,-0.845619,-2.231332,1349.365,2.152808,0.428196,0.88321,1.296653,-0.264417,-0.410494,-1.177382,1481.3907,2.154891,0.491835,1.074432,1.528441,-0.303891,-0.47475,-0.790622,4454.5586,3.012894,1.235521,2.232426,2.639876,-0.829814,-1.193836,-1.571289,4402.8594,2.999394,1.271274,2.49311,3.028422,-0.851652,-1.247852,-1.643686,22683.617,3.733546,3.646574,4.206087,4.921466,-2.762563,-3.519722,-4.483307,27577.844,4.139208,4.267694,4.893585,5.68595,-3.534447,-4.338146,-5.856799,3957.6575,2.718656,1.006208,1.569242,1.952181,-0.670558,-0.900408,-1.284172,3103.3518,2.699255,0.804957,1.290848,1.59394,-0.537456,-0.726201,-1.087371,1694.4603,2.187182,0.578565,1.251652,1.603265,-0.344639,-0.536067,-0.889119,1815.0217,2.178104,0.579542,1.104075,1.431253,-0.349227,-0.513349,-0.914979,5074.9263,3.176997,1.427967,2.694618,3.192146,-0.979637,-1.4197,-2.027852,4710.0234,3.168638,1.319409,2.376492,2.750306,-0.894359,-1.262064,-1.662786
0.0,20.0,42572.58,6.879777,8.015992,9.693781,10.395843,-6.536626,-8.133166,-9.791521,38322.28,6.188925,8.030706,9.989155,10.805212,-5.665019,-6.954801,-8.553002,5728.335,4.00134,1.485287,2.452401,2.743627,-1.007376,-1.376299,-1.718343,5390.7197,3.985894,1.43502,2.495011,3.381158,-0.97099,-1.416297,-2.939552,2096.657,2.920272,0.689851,1.364153,1.830693,-0.432554,-0.618725,-0.964114,2318.2104,2.953707,0.793112,1.658416,2.043562,-0.491724,-0.760459,-1.053349,7187.3677,4.738636,2.100914,3.801191,4.287512,-1.440368,-1.994312,-2.379667,7132.2764,4.738739,2.140781,4.096293,4.628158,-1.470922,-2.149386,-2.728976,38285.61,6.488089,7.44115,9.02866,10.002787,-5.474363,-6.751266,-9.686542,46575.965,7.554798,8.77733,10.575531,11.560343,-6.817904,-8.384183,-10.917797,6391.446,4.149841,1.752482,2.877752,3.327535,-1.142564,-1.51527,-1.918261,5041.4126,4.141197,1.374284,2.276073,2.62361,-0.932885,-1.234268,-1.594657,2605.6748,2.984457,0.934,1.935049,2.515674,-0.549807,-0.871392,-1.14888,2773.5938,2.936615,0.941365,1.780063,2.490439,-0.559034,-0.786732,-1.228549,8186.97,5.090129,2.479926,4.523198,4.959874,-1.698101,-2.527925,-3.265795,7569.406,5.047939,2.276808,4.04463,4.462146,-1.542438,-2.157614,-2.467686
0.0,30.0,55613.203,8.010889,11.923483,14.852244,15.832542,-9.475042,-12.010242,-14.690817,49066.29,7.449631,11.603252,14.934287,15.882068,-7.945655,-9.9347,-11.787998,7225.733,4.801517,1.978436,3.478219,3.937476,-1.341283,-1.794236,-2.241197,6820.903,4.690575,1.916289,3.534385,4.582127,-1.300718,-1.84892,-3.627021,2585.0347,3.343045,0.907117,1.992678,2.405244,-0.550434,-0.794271,-1.118918,2864.935,3.334046,1.035835,2.295042,2.864872,-0.638884,-0.976521,-1.307659,8985.102,5.751896,2.797433,5.52743,6.111464,-1.882062,-2.690143,-3.118358,8953.919,5.609199,2.863077,5.791532,6.317375,-1.948364,-2.878066,-3.367926,49361.613,7.928237,10.86813,13.616972,14.381718,-7.812184,-9.850233,-11.691417,59385.586,8.622677,12.778157,15.921363,16.713425,-9.526945,-11.780317,-14.661032,8058.541,4.890757,2.339644,4.109001,4.618546,-1.527656,-2.04997,-2.448634,6332.995,4.962179,1.812742,3.216812,3.644743,-1.232607,-1.638996,-1.993831,3197.6218,3.359751,1.217711,2.705268,3.132815,-0.707578,-1.117657,-1.536704,3392.3765,3.377139,1.233221,2.61949,3.204816,-0.702373,-1.025082,-1.357676,10341.85,6.071939,3.368011,6.55458,7.152466,-2.268441,-3.431357,-3.867759,9439.275,6.171099,3.041165,5.965897,6.484808,-2.020718,-2.976985,-3.414326
0.0,40.0,69842.52,10.051341,15.340578,19.488398,20.49795,-12.591432,-15.902563,-18.574192,60936.2,9.080379,14.618957,19.21734,20.434961,-10.473072,-13.101548,-15.144498,8673.791,5.509111,2.362495,4.298681,4.671603,-1.658326,-2.231248,-2.901362,8142.7456,5.378152,2.301909,4.418469,5.42953,-1.609364,-2.379868,-3.842108,3044.866,3.735432,1.052804,2.379618,2.886285,-0.662932,-0.986188,-1.407728,3362.9739,3.716164,1.219461,2.826467,3.305935,-0.77128,-1.191453,-1.520197,10715.961,6.618665,3.330961,6.776169,7.450209,-2.317625,-3.355347,-3.806834,10626.193,6.434279,3.450332,7.179055,7.924429,-2.400486,-3.63966,-4.234421,60938.207,9.618126,13.78174,17.616194,18.619413,-10.296671,-12.909279,-15.393353,72551.5,10.543027,16.175423,20.57721,21.410204,-12.193126,-15.054992,-17.884567,9593.599,5.593973,2.810269,5.09459,5.496905,-1.889795,-2.58003,-2.919182,7577.8535,5.701041,2.153576,3.960946,4.408768,-1.514746,-2.049608,-2.51639,3727.076,3.728898,1.428589,3.324331,3.925905,-0.849602,-1.337879,-1.885144,3960.6567,3.752372,1.429747,3.172422,3.60461,-0.836605,-1.234041,-1.591269,12250.482,6.985813,4.064849,8.19726,9.081281,-2.797118,-4.286628,-4.82909,11239.685,7.103307,3.624351,7.399946,8.102601,-2.474856,-3.703714,-4.142096
0.0,50.0,78903.81,12.166384,18.824512,24.350939,25.197136,-14.415973,-18.179882,-21.087263,67652.24,10.429562,17.879555,24.075523,25.23754,-11.878305,-14.961145,-16.834042,9968.323,6.082717,2.731191,5.040482,5.616648,-1.934946,-2.574754,-3.189831,9367.786,6.05798,2.623974,5.180077,6.365878,-1.877546,-2.652636,-4.981719,3458.4563,4.115427,1.180461,2.752574,3.16506,-0.745581,-1.099732,-1.495553,3844.1777,4.191994,1.376751,3.346422,4.052417,-0.873708,-1.394666,-1.794393,12359.487,7.36304,3.852083,7.867198,8.679563,-2.689801,-3.848643,-4.490458,12290.866,7.363421,3.924017,8.475874,9.592444,-2.794461,-4.335556,-4.935635,67998.664,11.079605,16.79906,21.889854,23.026796,-11.766145,-14.883989,-17.886715,81261.82,12.802474,19.46837,25.241701,27.094046,-13.796491,-16.970125,-19.876997,11012.103,6.31312,3.200529,6.024005,6.729408,-2.189381,-2.958979,-3.394145,8679.827,6.289373,2.483884,4.643443,5.395382,-1.756832,-2.320315,-2.641045,4240.8843,4.198825,1.605888,3.952575,4.66175,-0.95652,-1.578932,-1.988144,4442.5156,4.075389,1.590393,3.507405,3.986732,-0.937154,-1.371761,-1.89812,14066.599,7.966251,4.622582,9.747238,10.755149,-3.247053,-5.176868,-5.792909,12906.377,7.865789,4.189577,8.636098,9.58528,-2.866935,-4.348264,-5.098510
0.0,75.0,102471.08,15.558152,24.911318,33.082695,34.439873,-19.629322,-31.77116,-28.489386,86513.13,13.192445,23.091553,32.235577,33.42524,-15.986164,-25.869396,-23.936378,12586.132,7.226547,3.458855,6.487012,7.114948,-2.641065,-4.61109,-4.059614,11755.507,7.18767,3.327234,6.744738,8.867961,-2.522766,-4.259621,-5.647046,4220.1484,4.745229,1.426701,3.445307,4.257566,-0.98146,-1.599367,-5.030129,4683.4116,4.850266,1.682173,4.318365,5.146336,-1.143067,-1.745326,-2.197794,15488.407,8.728801,4.886642,10.20522,11.58823,-3.695286,-6.210728,-5.905333,15328.281,8.738383,5.0238,11.017337,12.559253,-3.802471,-6.026351,-6.216593,87115.48,14.202859,22.069893,29.558064,30.741396,-15.894639,-24.867872,-23.85102,102833.414,16.29595,25.431805,33.89802,34.98054,-18.150927,-26.723885,-24.914255,13779.856,7.502815,4.03916,7.839015,8.647701,-2.942855,-5.047189,-4.383873,10907.876,7.456284,3.115435,5.917603,6.432905,-2.370044,-4.16376,-3.667417,5126.3696,4.836495,1.946427,5.149784,6.16095,-1.245136,-1.920939,-2.265539,5362.14,4.665417,1.909571,4.532116,5.734827,-1.214793,-1.933351,-6.167131,17700.23,9.574333,5.921277,12.847094,14.345081,-4.462819,-6.725848,-7.586845,16157.831,9.35947,5.296148,11.308695,12.523619,-3.912921,-6.101352,-6.257501
0.0,100.0,119161.85,17.785807,30.580063,41.234097,42.843178,-23.054455,-28.635813,-34.269657,98968.39,14.877863,27.81995,39.955685,41.384148,-18.482939,-22.845776,-27.305004,14931.213,8.379823,4.13643,7.689814,8.479287,-3.145281,-4.221762,-4.859133,13872.735,8.255404,3.961885,8.119534,9.785113,-2.970344,-4.227342,-6.64427,4879.8677,5.353271,1.645686,4.053272,4.773528,-1.115733,-1.655377,-2.252416,5423.318,5.478896,1.936272,5.112088,6.430036,-1.298407,-2.039442,-2.398675,18200.611,10.013552,5.890805,12.163812,13.694127,-4.317202,-6.336759,-7.334584,18149.879,10.120861,6.044702,13.165017,14.997103,-4.466052,-6.939967,-8.677181,100290.83,16.340929,26.807007,36.65286,37.681854,-18.528406,-22.96158,-27.51489,118342.914,18.611254,30.749182,41.730152,43.256252,-21.12031,-26.033714,-32.18475,16238.936,8.635691,4.809691,9.360016,10.313389,-3.479704,-4.745012,-5.509974,12881.144,8.622238,3.698318,6.985881,8.004505,-2.803189,-3.731537,-4.226621,5903.486,5.425002,2.224754,6.088472,7.600371,-1.406246,-2.279247,-2.695601,6125.3433,5.18651,2.175253,5.313157,6.335231,-1.366575,-1.97979,-2.470543,21001.363,11.093435,7.129579,15.493046,17.280264,-5.248567,-8.437863,-9.093258,18949.408,10.695419,6.367257,13.608816,15.144628,-4.542894,-6.899351,-7.523746
0.0,125.0,135395.6,20.175186,35.237446,48.507763,50.562416,-26.318228,-32.418816,-38.6421,111068.914,16.545485,31.444813,45.720104,47.64268,-20.858452,-25.59089,-30.415173,17081.98,9.270095,4.726524,8.732336,9.797729,-3.715551,-5.009049,-5.519023,15845.767,9.141337,4.494631,9.162959,10.811648,-3.508225,-4.944518,-7.514211,5484.227,5.841067,1.802161,4.563227,5.477615,-1.283971,-1.850041,-2.356945,6088.34,5.965944,2.132077,5.746049,6.981289,-1.488672,-2.321638,-2.621343,20964.14,11.224581,6.71996,13.723539,15.496423,-5.116737,-7.461509,-8.070689,20871.643,11.291962,6.863724,14.774327,16.920092,-5.294877,-8.214089,-8.91408,112510.61,17.722925,30.58906,42.58549,44.425278,-20.983812,-25.900309,-31.362293,132584.39,20.20215,35.245937,48.746403,50.58055,-23.831106,-29.073355,-35.6098,18594.898,9.570222,5.450751,10.636056,11.670887,-4.107279,-5.617795,-6.398378,14719.3,9.523139,4.201366,7.899619,8.742078,-3.290773,-4.423321,-4.823635,6605.114,5.893316,2.436629,6.84632,8.26182,-1.605582,-2.599535,-3.054532,6858.769,5.644961,2.383011,6.019028,7.798964,-1.560811,-2.208695,-2.599646,24171.053,12.380808,8.142615,17.643717,20.005053,-6.216116,-9.953473,-10.649654,21793.143,11.955576,7.239264,15.503446,17.410255,-5.349672,-7.974275,-8.429192
0.0,150.0,149300.2,21.094814,39.445847,54.671864,56.874283,-29.378256,-39.190716,-76.70038,121651.57,17.474096,35.011578,51.788532,53.752575,-23.062954,-30.987637,-36.661697,19286.438,10.223909,5.273294,9.547949,10.507067,-4.29415,-6.360945,-12.689704,17803.326,10.044372,5.018424,10.033602,11.824868,-4.01833,-6.021367,-8.673224,6045.9995,6.341714,1.953957,4.97699,5.984844,-1.437384,-2.041662,-2.425706,6707.0,6.4733,2.314114,6.245843,7.655848,-1.664038,-2.582013,-2.880747,23502.896,12.180613,7.58916,15.157048,17.29873,-5.87727,-8.542868,-9.235753,23377.115,12.272542,7.79819,16.3105,18.734003,-6.077532,-9.346221,-10.113717,123555.3,19.216084,34.19421,48.226658,50.36841,-23.264051,-29.792402,-59.082928,144879.4,21.519691,39.06519,54.60863,56.520645,-26.312439,-32.602398,-67.2255,20860.379,10.47296,6.088806,11.67308,12.822471,-4.712224,-6.846828,-7.143516,16540.22,10.481538,4.668111,8.586319,9.487861,-3.772706,-5.625265,-6.618708,7253.372,6.361076,2.627133,7.500072,9.248334,-1.787832,-2.874504,-3.264212,7510.4756,6.074525,2.564208,6.604576,7.828042,-1.735211,-2.432429,-2.833674,27198.205,13.54098,9.237995,19.590218,22.29463,-7.169913,-11.484921,-12.304807,24402.879,12.997005,8.154849,17.17147,19.347359,-6.114661,-9.006745,-9.725787
0.0,175.0,162767.89,22.971737,43.465694,60.903313,63.464676,-31.952066,-39.468742,-53.011158,131449.92,18.7076,38.133892,57.127148,59.19696,-24.859678,-30.421173,-37.627922,21247.205,10.977146,5.828119,10.356816,11.448987,-4.801217,-6.548906,-8.221049,19592.656,10.807819,5.528513,10.98053,12.898944,-4.479171,-6.487381,-9.711351,6557.423,6.772981,2.088325,5.353266,6.65312,-1.563936,-2.296033,-2.750648,7285.1455,6.929217,2.488517,6.766772,8.366377,-1.817279,-2.878596,-3.241392,25818.41,13.076107,8.391047,16.421339,18.65375,-6.508748,-9.843671,-10.809284,25705.21,13.217197,8.649508,17.748735,20.368464,-6.752336,-10.707753,-11.357147,133564.88,20.425144,37.375477,53.467506,55.757523,-25.136372,-30.692429,-38.1965,156745.5,22.898872,42.76157,60.331486,63.603107,-28.480215,-34.69454,-45.52838,23006.094,11.291768,6.720126,12.696402,14.241586,-5.275745,-7.348416,-7.947452,18177.35,11.261179,5.138337,9.272284,10.248785,-4.190555,-5.665694,-6.192916,7859.5903,6.785805,2.815753,8.149051,10.095245,-1.95375,-3.215198,-3.839512,8102.395,6.444455,2.731755,7.088196,8.554172,-1.880814,-2.752222,-3.257106,30054.469,14.61663,10.25952,21.468735,24.744925,-8.030427,-13.230744,-14.220539,26774.672,13.906426,8.991392,18.73607,21.200996,-6.797212,-10.559545,-11.286666
0.0,200.0,174773.34,24.406254,47.31066,66.68295,70.515495,-34.244328,-42.412323,-62.74333,140254.95,19.635452,41.033253,61.91795,64.65831,-26.44467,-32.44755,-40.394066,23281.576,11.885884,6.309282,11.061698,12.200994,-5.320038,-7.395737,-7.97639,21334.637,11.693624,5.960247,11.686577,13.846655,-4.964308,-7.129825,-9.138226,7047.0063,7.14281,2.205685,5.657871,6.944063,-1.691154,-2.497911,-2.841591,7827.6284,7.32422,2.639152,7.139997,8.742606,-1.984342,-3.134351,-3.5897,28198.688,14.095319,9.083198,17.43733,19.766758,-7.173837,-10.817654,-11.557174,28126.02,14.314908,9.346346,18.75216,21.55465,-7.518186,-12.004699,-12.731737,142510.17,21.1449,40.39404,58.06531,60.487503,-26.802446,-32.748817,-40.800568,167045.17,23.731623,46.281418,65.94273,68.87836,-30.36808,-37.190483,-50.2333,25120.957,12.203639,7.247947,13.545506,15.078054,-5.85996,-8.212551,-8.864887,19842.248,12.113193,5.546293,9.873238,10.913748,-4.613921,-6.36416,-7.230297,8424.268,7.142553,2.968174,8.611579,10.6643,-2.124351,-3.492101,-3.899329,8670.117,6.767588,2.875172,7.518655,9.104571,-2.02249,-2.951842,-3.378625,32893.297,15.793742,11.139518,22.918098,26.192753,-8.954282,-14.703269,-15.83914,29214.395,14.960921,9.730022,19.99038,22.70422,-7.517022,-11.482342,-12.277215
0.0,225.0,185952.73,23.581604,50.688496,72.28111,74.80121,-36.769688,-45.450314,-62.325245,146435.14,19.46403,43.32768,66.12033,68.77789,-27.710846,-33.655518,-42.893726,24809.84,12.498442,6.825023,11.910066,13.5186,-5.926617,-8.362685,-9.442114,23614.168,12.433911,6.505935,12.328696,15.189169,-5.52425,-7.803308,-9.957063,7514.2124,7.474642,2.363565,6.208839,7.739261,-1.891031,-2.99194,-3.535831,8596.432,7.679106,2.800809,7.472657,9.157754,-2.130663,-3.265912,-3.819705,30054.201,14.833264,9.848266,18.808142,21.617483,-8.051103,-12.705092,-13.871985,31350.508,15.235093,10.23512,19.890062,23.37793,-8.278339,-12.848417,-13.518912,148958.28,21.10091,42.980286,62.675194,64.461426,-28.229836,-34.31448,-46.171627,176452.11,22.947287,49.21855,70.67653,73.63767,-32.312363,-39.309628,-56.7601,27971.21,13.070525,7.887306,14.248371,15.75648,-6.533869,-9.039897,-12.050234,21090.16,12.712631,5.986105,10.679209,11.857385,-5.115314,-7.175518,-7.85241,9279.82,7.489114,3.141336,9.040107,11.129116,-2.264724,-3.549218,-4.044859,9156.306,7.051099,3.083797,8.404382,10.269993,-2.268014,-3.716192,-4.308304,36999.9,16.963306,12.230264,24.552183,28.197056,-9.944047,-16.321045,-17.589848,31019.744,15.693106,10.548509,21.707466,25.25317,-8.425433,-14.015074,-15.040431
0.0,250.0,195664.52,21.040915,54.500023,78.55376,81.855484,-39.026474,-48.467125,-81.376205,154413.44,19.459538,45.494522,69.12453,71.820885,-29.298979,-35.684547,-49.507214,26644.291,13.587833,7.270261,13.054162,14.78832,-6.335723,-8.800007,-9.412339,24924.951,12.72917,6.90479,12.58563,14.989096,-5.893879,-8.3102,-11.336017,7937.4565,7.808395,2.545107,6.926066,8.75773,-1.976698,-3.04306,-3.411993,8937.336,7.696949,2.90827,7.621053,9.38491,-2.248486,-3.490378,-3.965089,32214.627,16.076277,10.578019,20.405384,23.687,-8.558978,-13.431476,-14.358818,33065.64,15.496897,10.843137,20.583445,23.6569,-8.827329,-13.856487,-15.424882,157287.56,21.281631,45.436775,66.45585,69.62155,-29.861887,-36.66691,-46.465343,184526.97,19.967962,52.38846,75.87551,79.32136,-34.13089,-41.93089,-60.209427,29511.113,13.302214,8.377171,14.440497,15.784184,-6.995936,-9.641349,-10.677304,22656.615,13.819107,6.380264,11.784432,13.365411,-5.453118,-7.501976,-8.031704,9610.09,7.445463,3.243648,8.997121,11.090252,-2.390594,-3.854139,-4.424229,9683.728,7.43265,3.333451,9.576234,12.042169,-2.366993,-3.717539,-4.303377,38996.87,17.103382,13.128085,25.955055,29.796972,-10.611737,-17.453718,-19.16111,33245.195,17.076933,11.342567,23.95851,27.946024,-8.970423,-14.675793,-15.815381
0.0,275.0,207065.97,21.737625,57.72014,83.50617,86.960236,-41.770435,-52.179462,-110.311134,161470.47,19.661366,47.76363,72.99905,75.86819,-30.812935,-39.211384,-83.93547,27843.225,14.083294,7.630428,13.010296,14.744113,-6.769398,-9.631054,-10.296247,26481.998,13.459079,7.232391,12.531346,14.85955,-6.26914,-8.887296,-11.461465,8303.022,8.148079,2.619198,6.782932,8.551315,-2.11492,-3.409145,-3.841937,9467.654,8.145787,2.999102,7.493617,9.32363,-2.36184,-3.643913,-4.017538,33590.816,16.61857,11.08579,20.15775,23.307367,-9.153424,-14.770409,-15.835639,35089.027,16.402235,11.381254,20.39362,23.357256,-9.359883,-14.671975,-15.862151,164547.73,21.472004,47.832188,70.388306,72.38288,-31.439892,-40.936237,-85.11479,194439.03,20.568357,55.128857,80.165924,83.4502,-36.127445,-47.87915,-100.90623,31450.16,14.098241,8.771727,14.453356,15.857717,-7.459251,-10.354944,-11.497411,23665.459,14.254487,6.689618,11.712393,13.169988,-5.827883,-8.236599,-8.723283,10188.986,7.881295,3.32093,8.836849,10.804955,-2.493659,-3.921967,-4.475908,10071.523,7.694085,3.408498,9.383142,11.712769,-2.529191,-4.200218,-4.56928,41743.902,18.271763,13.777641,25.850328,29.437607,-11.352831,-18.705368,-20.137285,34795.27,17.696215,11.892198,23.757746,27.832767,-9.674381,-16.410458,-17.455099
1.0,125.0,13826.391,2.577578,2.954981,3.815011,4.213872,-2.483143,-3.04957,-3.815628,15340.639,2.970282,3.321071,4.135428,4.5331,-2.626268,-3.180296,-3.894011,23564.178,14.898023,8.347926,15.055953,16.113932,-5.637914,-7.984472,-8.622783,22725.877,14.677581,8.087186,14.934183,16.581753,-5.488999,-8.134742,-10.097736,3867.9514,4.992986,1.387508,3.354749,4.172205,-0.979413,-1.549912,-1.936686,4384.372,5.153718,1.615823,4.037658,4.879763,-1.132335,-1.833381,-2.236878,22627.365,15.42464,9.560026,20.470049,22.605349,-5.883138,-9.167614,-9.846379,23754.611,15.937508,10.206467,22.254925,24.499332,-6.293426,-10.079002,-11.135349,11398.85,2.674668,2.158379,2.653157,2.996609,-1.772637,-2.187929,-2.762222,11296.284,2.535568,2.021613,2.535103,2.901283,-1.664055,-2.009735,-2.828165,24071.812,14.5043,8.75879,16.31886,17.467691,-5.747755,-8.129745,-8.806493,18264.984,14.412511,6.389951,11.463089,12.269935,-4.41346,-6.244975,-6.723295,4407.086,4.847719,1.619665,4.316021,5.523718,-1.118279,-1.857788,-2.256892,4614.916,4.73973,1.680097,4.153286,5.161056,-1.145432,-1.842991,-2.320986,25037.164,16.60865,10.7576,24.788862,28.016874,-6.659546,-11.080374,-11.942937,21302.414,15.380675,8.971745,20.108683,22.355034,-5.587176,-9.197017,-9.921006
1.0,150.0,14540.23,2.913938,3.158807,4.103564,4.551713,-2.618119,-3.198888,-4.568589,16472.842,3.241636,3.66098,4.613665,5.062995,-2.845667,-3.421632,-4.007449,27109.076,16.869879,9.39943,17.183128,18.265194,-6.603929,-9.406868,-10.386896,25264.396,16.272488,8.958935,16.8885,21.695951,-6.298468,-9.354177,-12.316215,4354.399,5.505174,1.504667,3.643362,4.482359,-1.12574,-1.7514,-2.103417,4753.744,5.524113,1.737485,4.391876,5.554306,-1.279369,-2.16127,-2.643181,25611.297,17.42027,10.474307,22.746883,24.849365,-6.751961,-10.287758,-10.999284,25986.133,17.563509,11.07255,24.534683,27.20649,-7.151773,-11.670045,-12.711995,12154.6,2.841225,2.404339,2.966323,3.49562,-1.944736,-2.362928,-3.23102,11116.984,2.611588,2.17734,2.733059,3.214056,-1.7525,-2.137742,-2.894456,26653.955,15.956675,9.677867,18.471025,19.654816,-6.575011,-9.415489,-10.222081,20955.207,16.242048,7.163754,12.902306,13.860209,-5.150331,-7.29424,-8.183966,4752.0503,5.171715,1.739022,4.665613,6.066317,-1.259739,-2.199645,-2.561321,5211.02,5.218573,1.81833,4.438793,5.655513,-1.313906,-1.990253,-2.427731,27280.266,17.988472,11.765406,27.547167,30.764545,-7.556202,-12.989467,-14.170416,24133.04,17.372126,9.877989,22.404524,24.93191,-6.381533,-10.058406,-10.830240
1.0,175.0,16126.977,3.29225,3.363214,4.377611,4.956689,-2.798435,-3.408189,-4.08412,18032.506,3.607248,3.94836,5.001783,5.397445,-3.035962,-3.65703,-5.077779,29785.998,18.04823,10.351366,18.940617,20.049072,-7.360024,-10.503153,-11.262522,27868.5,17.757046,9.875443,18.70876,20.317884,-7.020902,-10.474255,-12.769818,4730.925,5.90268,1.606375,3.886896,4.926764,-1.234702,-1.978443,-2.34268,5214.8286,5.999783,1.873958,4.782804,6.113814,-1.420589,-2.405815,-2.854457,27779.09,18.494656,11.405071,25.033936,27.43723,-7.378003,-11.52728,-12.65013,28418.746,19.09144,12.100606,27.355492,30.323294,-7.905335,-13.057069,-14.205818,13475.876,3.197511,2.602986,3.236638,3.767808,-2.094433,-2.568668,-3.237038,12560.2295,3.047207,2.28441,2.875754,3.243097,-1.862846,-2.253619,-3.085137,29389.678,17.39403,10.627378,20.47323,22.034872,-7.328579,-10.565592,-11.46384,23047.691,17.445894,7.892095,14.161546,15.129987,-5.730113,-8.144717,-8.991939,5211.478,5.623345,1.868701,5.097091,6.533873,-1.402694,-2.422409,-3.129303,5631.924,5.549476,1.940541,4.722479,5.800265,-1.438199,-2.273275,-2.874577,29901.746,19.682154,12.834497,30.80258,34.65761,-8.389058,-14.361109,-15.71746,26222.621,18.33955,10.73657,24.578753,27.312117,-7.019842,-11.245098,-12.079987
1.0,200.0,16969.078,3.39068,3.581009,4.703958,5.263746,-2.963925,-3.537191,-4.882841,19003.418,3.713101,4.217685,5.380926,5.825509,-3.216942,-3.844328,-4.824009,32348.178,19.600735,11.16847,20.667522,22.27713,-8.09456,-11.396706,-12.451098,30205.357,19.176691,10.676824,20.397247,22.561047,-7.680139,-11.376528,-14.887819,5098.6655,6.311765,1.714306,4.178915,5.295495,-1.33416,-2.071672,-2.474824,5612.8813,6.395793,2.002707,5.174795,6.538638,-1.542274,-2.662691,-3.152372,29941.527,19.97918,12.227525,27.14112,30.083965,-7.969815,-12.16096,-13.178137,30624.37,20.571524,13.018273,29.731691,32.89608,-8.584993,-14.160317,-15.551911,14255.757,3.297902,2.803018,3.489086,3.954668,-2.237239,-2.684297,-3.230453,13117.825,3.106485,2.438364,3.086667,3.57309,-1.972938,-2.347874,-2.999679,31767.525,18.763027,11.468364,22.330654,24.08198,-8.016934,-11.537252,-12.470944,25057.482,18.939562,8.526246,15.415012,16.429691,-6.303054,-8.855081,-9.683766,5600.463,5.96932,1.998684,5.465819,7.272586,-1.524135,-2.718851,-3.185305,6064.664,5.931776,2.068497,5.098757,6.268663,-1.547624,-2.394931,-2.94561,32240.88,21.138098,13.811179,33.72337,38.125427,-9.122927,-15.978323,-17.369364,28285.205,19.826843,11.537244,26.774567,30.043957,-7.577385,-12.09553,-13.034975
1.0,225.0,17552.512,3.529489,3.732894,4.866528,5.415054,-3.065544,-3.659143,-4.463001,19732.154,3.875965,4.442268,5.648205,6.078452,-3.346524,-4.002976,-5.945914,35253.824,20.96952,12.113958,22.426117,24.0168,-8.875288,-12.682943,-13.486695,32861.83,20.569044,11.581009,22.171692,24.88579,-8.470002,-12.696304,-16.559053,5500.5605,6.686416,1.849269,4.445137,5.439956,-1.455066,-2.285051,-2.580163,6052.2705,6.819298,2.170898,5.508833,6.845344,-1.696038,-2.900399,-3.26145,32330.26,21.056587,13.210999,29.436277,32.307507,-8.64095,-13.471462,-14.632223,33109.266,21.943672,14.067927,32.34027,35.901817,-9.394136,-15.922652,-17.516413,14855.412,3.460488,2.969675,3.705966,4.092781,-2.341085,-2.807484,-4.019931,13535.576,3.246866,2.531026,3.188642,3.599745,-2.035319,-2.416934,-3.148808,34435.668,20.114567,12.383325,24.266357,25.890947,-8.794992,-12.799719,-14.172574,27291.938,20.250315,9.248574,16.615177,17.678682,-6.901419,-9.859126,-11.038406,6031.473,6.344112,2.149169,5.837747,7.549393,-1.674038,-2.98262,-3.44851,6522.269,6.248645,2.224854,5.372774,6.737274,-1.684939,-2.632442,-3.831638,34840.684,22.596327,14.925445,36.652058,41.33429,-10.016521,-17.540537,-18.583303,30525.947,20.872648,12.442307,28.891733,32.368786,-8.244733,-13.20475,-14.505444
1.0,250.0,18600.447,3.763727,3.870507,5.102272,5.558405,-3.180001,-3.794134,-4.590193,20864.008,4.157125,4.636086,5.907931,6.490294,-3.475924,-4.155762,-5.044722,37561.32,22.053238,12.891554,24.002914,25.646538,-9.59832,-13.57604,-14.918732,35040.246,21.612394,12.327973,23.778868,26.663979,-9.130915,-13.424036,-15.867832,5833.175,6.995064,1.9382,4.684969,5.789156,-1.568268,-2.46387,-2.94174,6441.8457,7.152775,2.281113,5.86693,7.201153,-1.808566,-3.137209,-3.58539,34362.008,22.132654,13.941591,31.51175,34.935616,-9.331973,-14.530423,-15.512743,35298.383,23.078058,14.913219,34.648285,38.6141,-10.049424,-16.724762,-17.985727,15703.328,3.688949,3.112298,3.897375,4.224111,-2.439368,-2.913594,-4.358921,14245.323,3.441166,2.612508,3.274756,3.585006,-2.102653,-2.499445,-3.207115,36784.273,21.21696,13.173197,26.042494,28.014557,-9.488439,-13.716485,-14.87322,29161.186,21.343172,9.84072,17.736383,19.03958,-7.473196,-10.553951,-11.160616,6414.985,6.640565,2.26807,6.174849,7.94311,-1.783195,-3.216931,-3.811711,6900.8413,6.528568,2.337999,5.705003,6.98434,-1.809238,-2.847329,-3.440775,37148.332,23.695644,15.866429,39.397583,44.75818,-10.682455,-18.723759,-20.29783,32465.09,21.951662,13.191644,31.009888,34.99685,-8.865905,-14.162216,-15.041680
1.0,10.0,2154.8066,1.360284,0.375389,0.491849,0.925239,-0.295503,-0.442235,-0.983973,2225.6309,1.372488,0.320093,0.434798,1.018427,-0.283377,-0.381693,-1.013189,4945.497,3.611362,1.162881,1.550837,2.034016,-0.800026,-1.048306,-1.524312,4695.251,3.603293,1.107451,1.572273,3.370503,-0.77388,-1.113827,-2.56015,938.8061,1.957336,0.282735,0.479172,0.838751,-0.178128,-0.280642,-0.722801,1010.3157,1.954466,0.312875,0.561882,0.843508,-0.197849,-0.323675,-0.865591,5233.0503,4.009478,1.45306,2.140589,2.575896,-0.975412,-1.341466,-1.962223,5212.664,4.045568,1.463277,2.19879,2.53813,-0.987641,-1.431348,-2.158911,1371.7915,1.251597,0.177837,0.248579,0.982468,-0.174087,-0.333484,-0.909821,1459.1451,1.273382,0.194617,0.258375,0.947416,-0.178361,-0.269158,-2.344014,5066.053,3.618792,1.21369,1.623743,2.003742,-0.827442,-1.108607,-1.746402,3966.6218,3.607643,0.982871,1.391859,1.772843,-0.6757,-0.90885,-1.432967,1063.2275,1.929427,0.325223,0.573878,0.886609,-0.203342,-0.334269,-0.684177,1188.7362,1.942233,0.35073,0.581116,1.045699,-0.217515,-0.338619,-0.923319,5435.389,4.107388,1.510625,2.265158,2.666614,-1.029038,-1.501954,-2.045663,4955.2783,3.986713,1.375119,2.02438,2.36829,-0.915062,-1.281457,-1.875696
1.0,20.0,4197.488,1.741987,0.69041,0.88235,1.379595,-0.540345,-0.682189,-1.218981,4506.9087,1.785324,0.642793,0.792818,1.419946,-0.560977,-0.748737,-2.718499,7936.105,5.648898,2.265233,3.345188,3.649594,-1.495056,-2.048293,-2.68317,7545.1387,5.63149,2.163519,3.29123,4.793646,-1.438253,-2.068022,-3.781356,1444.82,2.51167,0.493161,0.9247,1.704175,-0.313562,-0.47853,-0.812435,1571.0758,2.520454,0.552426,1.066372,1.446246,-0.347908,-0.534789,-0.885826,8179.8813,6.155765,2.766735,4.457973,4.901115,-1.770513,-2.602627,-3.116782,8215.07,6.252307,2.794296,4.690015,5.27393,-1.817285,-2.729148,-3.519614,2943.683,1.559268,0.376873,0.46012,0.94718,-0.342343,-0.443865,-1.134557,3155.3413,1.622866,0.389235,0.50516,1.089984,-0.352453,-0.457869,-1.014354,8099.6714,5.598617,2.372036,3.50955,4.088403,-1.534395,-2.101637,-2.70206,6268.569,5.540738,1.83234,2.793266,3.098725,-1.231411,-1.692358,-2.182971,1625.6653,2.456773,0.567561,1.123918,1.553028,-0.353032,-0.56623,-1.025608,1808.5148,2.477336,0.60697,1.136543,1.695159,-0.378473,-0.593763,-1.055852,8591.227,6.416528,2.936906,4.957767,5.486517,-1.893934,-2.885399,-4.725529,7725.157,6.127219,2.607241,4.271687,4.744617,-1.661602,-2.424569,-3.066265
1.0,30.0,5630.0337,1.981028,0.951086,1.216696,1.578483,-0.802334,-1.016801,-2.201915,6196.546,2.058764,0.937468,1.116954,1.610221,-0.860544,-1.098992,-1.816364,10286.938,7.023633,3.196822,4.913224,5.511172,-2.043807,-2.78271,-3.546809,9698.854,6.944684,3.00824,4.786123,6.31185,-1.963716,-2.867753,-5.271478,1827.8518,2.911643,0.649642,1.297192,1.699829,-0.404866,-0.619733,-1.515621,1980.08,2.918855,0.727827,1.504802,1.883232,-0.455778,-0.730154,-1.042299,10412.262,7.570069,3.832312,6.588286,7.137883,-2.324806,-3.487464,-4.028985,10460.9795,7.706888,3.901744,6.9851,7.738653,-2.435711,-3.766714,-4.342041,4181.322,1.778646,0.558627,0.664566,1.255986,-0.534972,-0.674864,-1.665174,4331.1177,1.83665,0.562872,0.671596,1.108279,-0.539401,-0.707813,-1.489135,10367.651,6.869008,3.336334,5.21821,5.822978,-2.093187,-2.941114,-3.450047,8063.5747,6.845442,2.530168,4.028413,4.567921,-1.654243,-2.275378,-2.808996,2030.1276,2.820856,0.744737,1.579486,2.752151,-0.459969,-0.757548,-1.244933,2262.3198,2.84773,0.794314,1.523261,1.99755,-0.480655,-0.74699,-1.268745,10946.618,7.901536,4.119761,7.520456,8.106844,-2.558444,-4.102656,-7.342776,9819.25,7.546085,3.604858,6.289681,6.919334,-2.205303,-3.30162,-3.875140
1.0,40.0,7176.8247,2.248273,1.245973,1.584422,2.167349,-1.055279,-1.358573,-2.02286,7968.572,2.364302,1.281813,1.534531,1.984677,-1.144077,-1.457502,-2.189129,12336.632,8.130524,3.977929,6.343937,6.989011,-2.5894,-3.549909,-4.25871,11589.837,7.98186,3.758075,6.19165,7.258864,-2.466883,-3.511824,-4.746254,2165.5386,3.277367,0.770297,1.605781,2.05043,-0.498365,-0.736884,-1.167006,2349.457,3.278998,0.866306,1.880334,2.645282,-0.557132,-0.895027,-1.214554,12344.271,8.694606,4.738933,8.537355,9.255963,-2.910985,-4.23315,-4.879162,12474.105,8.949866,4.859538,9.058923,9.888536,-3.031921,-4.692563,-5.367764,5646.698,2.067342,0.778634,0.917436,1.353982,-0.726581,-0.927008,-1.929693,5710.212,2.122445,0.762178,0.922362,1.452222,-0.710935,-0.941548,-1.549078,12384.969,7.953262,4.155431,6.770699,7.285929,-2.625211,-3.632317,-4.104733,9621.033,7.915245,3.111463,5.096199,5.653023,-2.07702,-2.83583,-3.323906,2396.6653,3.160515,0.880317,1.988233,2.66207,-0.553375,-0.915823,-1.300968,2648.637,3.16579,0.937871,1.910889,2.312326,-0.591858,-0.855695,-1.279817,13059.056,9.178118,5.130771,9.803112,10.665024,-3.163872,-5.134602,-5.721603,11625.098,8.645555,4.44813,8.240512,8.959827,-2.725031,-4.133837,-4.754577
1.0,50.0,8092.0166,2.423379,1.484604,1.898483,2.396381,-1.235563,-1.543737,-2.119948,9091.978,2.575064,1.565703,1.865475,2.300788,-1.336977,-1.665389,-2.680805,14181.901,9.074522,4.719965,7.73631,8.402333,-3.040691,-4.164535,-4.839753,13264.248,8.929173,4.458431,7.5268,8.995184,-2.897272,-4.186294,-5.423283,2456.3303,3.553272,0.875576,1.90315,2.309096,-0.566147,-0.858477,-1.247648,2643.1262,3.538478,0.993457,2.225408,2.746841,-0.634013,-1.041802,-1.484365,14141.002,9.752331,5.551463,10.397963,11.104422,-3.344067,-4.945844,-5.634663,14199.521,9.938853,5.724053,11.060858,12.29913,-3.493989,-5.54558,-6.975823,6327.7534,2.19187,0.965167,1.138554,1.592051,-0.851532,-1.053067,-1.671446,6336.4507,2.244546,0.935271,1.113247,1.743557,-0.81535,-1.005574,-1.493091,14116.922,8.821261,4.910481,8.254151,8.856528,-3.062415,-4.279519,-4.87666,11030.773,8.842682,3.657515,6.119547,6.654549,-2.420584,-3.303311,-3.819007,2677.9175,3.380812,1.006586,2.373923,2.953935,-0.632645,-1.067811,-1.579667,2993.4678,3.425778,1.061364,2.252871,2.810343,-0.669363,-1.014792,-1.500614,14847.819,10.203561,6.056466,12.08341,13.73386,-3.675004,-6.093657,-7.305071,13290.488,9.676681,5.199696,10.021855,10.914696,-3.14142,-4.806967,-5.439281
1.0,75.0,10214.499,2.799002,1.928337,2.450018,3.001279,-1.624398,-2.015886,-2.671416,11610.319,3.021808,2.136177,2.55175,3.070407,-1.796763,-2.215785,-4.885927,18129.885,11.204491,6.234457,10.602383,11.210894,-4.113532,-5.760778,-6.62659,16999.316,11.085648,5.907626,10.377363,12.020826,-3.920344,-5.716934,-8.341714,3057.7705,4.171354,1.081297,2.39973,2.982416,-0.738843,-1.116786,-1.476387,3323.0376,4.192687,1.232843,2.918026,3.633924,-0.846701,-1.391256,-1.954847,17722.154,11.853586,7.186463,14.15212,15.236929,-4.401008,-6.699288,-7.736715,17862.375,12.13727,7.466556,15.20528,16.413343,-4.643215,-7.534723,-8.467644,8360.52,2.593224,1.337718,1.594946,2.122087,-1.171454,-1.430129,-2.003528,8124.098,2.615336,1.237424,1.593547,1.943043,-1.094186,-1.338721,-2.461152,18010.11,10.898515,6.446651,11.340053,12.128702,-4.129228,-5.84913,-6.789917,14041.369,10.883338,4.774712,8.192388,8.767676,-3.240888,-4.511945,-5.116414,3344.4312,3.98192,1.239236,3.096656,3.947618,-0.830232,-1.416345,-1.865444,3700.7854,3.992978,1.308122,2.903769,3.61373,-0.868868,-1.324659,-1.793127,18734.215,12.521553,7.883484,16.763813,18.280602,-4.893055,-8.221133,-9.26911,16679.527,11.811226,6.705719,13.704822,14.910712,-4.151386,-6.457975,-7.174764
1.0,100.0,11920.666,3.090792,2.343729,3.613123,5.160234,-1.919287,-2.36702,-2.889731,13616.305,3.374462,2.7041,3.48078,10.256938,-2.142603,-2.606544,-3.595278,21414.545,12.969545,7.648067,13.275694,28.64312,-4.965809,-6.977424,-7.806793,20108.264,12.808544,7.324487,13.451897,31.475397,-4.758339,-6.975243,-11.363299,3545.3984,4.677842,1.270722,2.895303,3.603871,-0.869957,-1.326181,-1.726613,3877.7163,4.723478,1.465021,3.539094,4.701917,-0.995058,-1.674151,-1.966122,20716.826,13.602537,8.575525,20.264862,41.39593,-5.208442,-7.845792,-8.705258,21056.496,14.046742,9.028511,21.755207,44.968903,-5.544758,-9.053755,-10.030247,9795.884,2.881231,1.70702,2.232067,6.026419,-1.404373,-1.731443,-2.710895,9363.348,2.862148,1.551717,1.971275,5.272462,-1.285486,-1.565709,-2.370682,21325.504,12.643488,7.991516,14.572019,35.210644,-5.000841,-7.122862,-8.043047,16585.932,12.594621,5.859422,10.403196,25.01851,-3.889434,-5.491975,-6.242512,3890.4395,4.459428,1.46895,3.751258,4.809827,-0.980583,-1.700718,-2.109555,4264.6304,4.452425,1.535603,3.485931,4.271524,-1.018765,-1.525661,-1.962911,22052.81,14.456779,9.579647,21.666412,38.594513,-5.8465,-9.99689,-11.190952,19499.576,13.533286,8.062187,18.599804,34.441154,-4.91564,-7.640416,-8.633673
1.0,125.0,13273.681,3.307409,2.59672,3.322783,3.713198,-2.156905,-2.639755,-3.307504,15238.709,3.640459,3.03549,3.725675,4.240545,-2.416959,-2.917449,-3.606086,24628.375,14.650115,8.620313,15.456319,16.601587,-5.859218,-8.179759,-8.959446,23084.46,14.422579,8.240195,15.241001,17.471754,-5.597195,-8.098123,-10.620286,4016.1443,5.146808,1.402843,3.287111,4.121751,-1.008544,-1.545034,-2.03068,4422.9766,5.250289,1.627135,4.023502,4.929646,-1.159869,-1.921355,-2.370196,23518.668,15.200103,9.68224,20.496729,22.330256,-6.0449,-9.261038,-9.978828,24025.365,15.821717,10.23935,22.247484,24.578245,-6.448259,-10.446433,-11.52514,11058.334,3.107789,1.931988,2.3504,3.546641,-1.605486,-1.948743,-2.482629,10439.947,3.061003,1.702232,2.049924,2.509252,-1.449065,-1.731444,-2.254158,24464.865,14.228989,8.925546,16.686598,17.856688,-5.879989,-8.322072,-9.262901,19036.848,14.170731,6.572773,11.693686,12.503497,-4.572697,-6.35649,-6.929076,4419.8765,4.911984,1.626848,4.251236,5.259635,-1.137738,-1.950922,-2.443631,4812.015,4.887798,1.692571,3.965286,4.79533,-1.176122,-1.793817,-2.152647,25168.812,16.230988,10.840472,24.843458,27.748957,-6.797431,-11.473824,-14.042805,22146.975,15.151795,9.095298,20.012278,22.07558,-5.713294,-8.96443,-9.687406
1.0,150.0,14229.498,3.37422,2.898733,3.740712,4.266855,-2.419557,-2.960877,-3.614552,16437.596,3.752958,3.422577,4.251698,4.689496,-2.695529,-3.250315,-4.100706,27477.516,16.296482,9.487684,17.335215,18.412386,-6.599636,-9.29549,-10.236342,25629.664,15.804262,9.077414,17.198105,19.207527,-6.305653,-9.233106,-11.261873,4419.471,5.584568,1.511092,3.593611,4.545655,-1.111622,-1.735343,-5.026461,4838.1377,5.605301,1.75481,4.401158,5.546358,-1.287084,-2.213083,-2.565768,25809.084,16.75312,10.548019,22.953518,25.293034,-6.645869,-10.303888,-12.40631,26331.098,17.154285,11.182363,24.800056,27.472502,-7.174826,-11.827295,-12.759991,12049.586,3.209359,2.210264,2.699354,4.376294,-1.817183,-2.390883,-2.898444,11187.731,3.103797,1.929405,2.37298,2.80971,-1.622359,-2.057791,-2.770125,27100.191,15.571099,9.808206,18.699764,19.994831,-6.608565,-9.499376,-10.142844,21220.367,15.740086,7.233221,13.006406,13.926363,-5.137977,-7.23203,-7.852007,4839.04,5.27535,1.752635,4.670769,5.956958,-1.270577,-2.265765,-2.65381,5272.5254,5.284035,1.824308,4.399906,5.444612,-1.295009,-2.073554,-2.616994,27679.979,17.656994,11.859831,27.879387,31.013369,-7.613643,-13.252475,-14.38314,24337.74,16.65831,9.94523,22.480034,24.868132,-6.33833,-10.039972,-11.062922
1.0,175.0,15448.596,3.730066,3.090172,3.977544,4.384636,-2.580327,-3.094348,-3.710346,17694.457,4.101069,3.703417,4.620668,5.150689,-2.873958,-3.435536,-3.960484,30514.71,17.904078,10.576989,19.393408,20.646204,-7.490983,-10.512356,-11.329803,28452.232,17.588964,10.091208,19.18427,21.090277,-7.113127,-10.347,-12.966124,4852.5757,6.052303,1.649753,3.931646,4.821887,-1.246122,-1.930671,-2.311295,5350.995,6.153863,1.933567,4.910178,6.147464,-1.435319,-2.426821,-3.003089,28339.812,18.205126,11.607097,25.596075,28.08755,-7.429042,-11.382877,-12.36399,29065.854,18.999596,12.377205,28.136711,31.017744,-7.993441,-12.948203,-13.906446,13031.96,3.479144,2.404163,2.951748,3.269745,-1.960795,-2.363043,-3.327631,12040.137,3.380895,2.048127,2.499619,2.86277,-1.725747,-2.195206,-2.766808,30057.418,17.275192,10.874864,21.04195,22.53025,-7.449286,-10.636099,-11.709055,23553.26,17.273823,8.049793,14.453583,15.425795,-5.821001,-8.153854,-8.682717,5336.5913,5.748767,1.927486,5.17298,6.664204,-1.414495,-2.487256,-3.007717,5776.198,5.692496,1.984891,4.764339,5.717877,-1.4431,-2.321872,-2.948844,30547.291,19.54032,13.150168,31.649778,35.596863,-8.474534,-14.573542,-17.268904,26719.543,18.092657,10.927682,25.110382,27.880667,-7.044645,-11.170936,-12.863911
1.0,200.0,16182.273,3.816973,3.303486,4.288936,4.631724,-2.737948,-3.2971,-4.154026,18577.543,4.22532,3.982906,5.01762,5.557408,-3.050047,-3.653239,-4.540961,33323.77,19.149235,11.40776,21.093279,22.524555,-8.253845,-11.680932,-12.693461,31022.328,18.865995,10.921111,20.915163,24.218576,-7.858416,-11.843887,-14.929328,5235.9473,6.381262,1.760521,4.246249,5.665379,-1.35652,-2.117522,-2.505129,5775.9907,6.493862,2.062743,5.27783,6.652399,-1.579393,-2.670861,-3.680649,30654.98,19.444803,12.500216,27.850182,30.760609,-8.064221,-12.559879,-13.35219,31482.012,20.233828,13.340282,30.548271,34.33847,-8.785223,-14.5026,-15.44474,13751.62,3.607771,2.610075,3.219896,4.347762,-2.097418,-2.519623,-3.09251,12586.591,3.476285,2.191056,2.690208,3.609509,-1.82453,-2.171371,-3.478816,32706.71,18.490774,11.741828,22.893019,24.908491,-8.210649,-11.879004,-12.755427,25711.03,18.529238,8.699093,15.671393,16.871695,-6.404915,-9.063983,-9.767281,5759.302,6.075747,2.055391,5.621383,7.12348,-1.556068,-2.750236,-3.552242,6212.5156,5.991939,2.123144,5.14539,6.414422,-1.568269,-2.417915,-2.817664,33092.914,20.829762,14.161215,34.58838,39.718845,-9.324616,-16.100363,-17.302965,28919.729,19.258226,11.783325,27.420193,30.719973,-7.666224,-12.145692,-13.525410
1.0,225.0,17042.523,3.858839,3.492287,4.601318,5.206167,-2.893903,-3.45423,-4.125972,19585.217,4.343597,4.236217,5.46,5.699382,-3.209395,-3.824411,-4.720177,35528.363,20.168749,12.200557,22.5459,24.19993,-8.937632,-12.567276,-13.953624,33057.984,19.651852,11.67809,22.387222,25.539526,-8.530463,-12.582503,-16.163343,5544.2935,6.676436,1.873866,4.454569,5.538468,-1.460904,-2.278129,-2.711761,6127.965,6.802303,2.19956,5.544544,6.858085,-1.6955,-2.91946,-3.292697,32531.766,20.227442,13.317709,29.67509,33.091248,-8.712652,-13.261147,-14.237645,33441.71,21.004225,14.254381,32.600628,36.187183,-9.43782,-15.508851,-16.439932,14560.356,3.730936,2.795932,3.469055,4.295483,-2.226681,-2.65315,-3.247274,13110.981,3.471662,2.336411,2.891826,4.061013,-1.923002,-2.2729,-2.855582,34885.934,19.287203,12.544724,24.46685,26.219606,-8.887744,-12.723974,-13.853267,27487.977,19.486727,9.304252,16.690384,17.89648,-6.948705,-9.758023,-10.294848,6105.626,6.345767,2.186898,5.866708,7.542203,-1.670565,-2.975138,-3.52402,6574.021,6.260662,2.255312,5.424796,6.714278,-1.68624,-2.622432,-3.10346,35188.297,21.634548,15.139793,36.97515,42.175762,-10.014566,-17.473047,-18.711855,30733.605,20.128551,12.580766,29.301924,32.76165,-8.258305,-13.189135,-14.328388
1.0,250.0,17953.273,4.185928,3.626917,4.741327,5.061664,-3.020574,-3.611303,-4.334807,20495.236,4.6383,4.434107,5.630005,6.470917,-3.352636,-4.036838,-4.748278,38192.906,21.179197,13.039021,24.182388,26.398579,-9.609756,-13.56142,-14.843747,35550.535,20.84819,12.456163,24.189268,26.48206,-9.132731,-13.392983,-17.182096,5917.427,7.013757,1.975149,4.685561,5.810087,-1.556388,-2.4269,-2.778494,6552.722,7.193984,2.320679,5.870493,7.30341,-1.809128,-3.185399,-4.700074,34763.176,21.100784,14.092419,31.773125,35.26086,-9.255339,-14.284326,-15.542754,35790.293,22.172832,15.10925,34.981274,38.70233,-10.047011,-16.528395,-17.762718,15284.177,3.964477,2.936652,3.687571,4.042111,-2.341352,-2.79388,-4.320273,13814.353,3.770575,2.395681,2.936099,3.36929,-2.000809,-2.371472,-3.083401,37452.85,20.463017,13.351995,26.2368,28.228277,-9.535463,-13.691052,-15.110772,29579.51,20.492514,9.940186,17.828575,18.991493,-7.473677,-10.545802,-11.381172,6525.5376,6.697288,2.302753,6.201383,7.97051,-1.781159,-3.210586,-3.698555,7002.323,6.562107,2.374602,5.712451,6.984033,-1.793226,-2.771015,-3.390471,37678.473,22.874216,16.050526,39.719254,45.092247,-10.692557,-18.655596,-20.212227,32859.938,21.045967,13.327719,31.301348,35.2446,-8.818535,-13.912326,-14.967682
1.0,10.0,2267.3955,1.411823,0.346508,0.471424,0.866278,-0.277829,-0.372586,-1.203811,2342.6309,1.425276,0.300076,0.386153,0.906587,-0.269695,-0.445276,-0.959456,4928.515,3.434243,1.155316,1.54578,1.997422,-0.821968,-1.091944,-1.567719,4677.545,3.441623,1.104803,1.528787,2.324729,-0.785004,-1.144498,-3.914314,931.7738,1.921142,0.277405,0.48103,0.878659,-0.185926,-0.369425,-0.68839,1000.7671,1.916407,0.310957,0.540304,1.006015,-0.206888,-0.332468,-0.625451,5239.0337,3.819674,1.455317,2.159592,2.533776,-0.992994,-1.473762,-2.766432,5199.133,3.860706,1.465903,2.247724,2.652069,-1.012704,-1.469259,-2.038604,1413.6997,1.27704,0.170447,0.235193,0.736162,-0.160663,-0.262342,-2.220586,1537.8096,1.313494,0.18017,0.244217,0.666146,-0.166259,-0.241831,-1.448772,5046.0264,3.452268,1.215225,1.628444,1.950644,-0.839073,-1.156963,-1.988356,3943.589,3.433867,0.978419,1.382617,1.797141,-0.691924,-0.928524,-1.364071,1054.4044,1.896146,0.323445,0.57973,0.908258,-0.208358,-0.340094,-0.744613,1177.5188,1.905685,0.345495,0.591982,1.010619,-0.225605,-0.33918,-0.736523,5428.0747,3.933695,1.522374,2.333341,2.742018,-1.049852,-1.530712,-1.961957,4964.5913,3.81255,1.384218,2.078193,2.436275,-0.936047,-1.417448,-1.747290
1.0,20.0,3901.5508,1.714251,0.643677,0.816695,1.142105,-0.51846,-0.771459,-1.56798,4260.525,1.770869,0.607981,0.737923,1.236431,-0.551955,-0.678004,-1.375536,7916.028,5.307587,2.275965,3.315336,3.652946,-1.489246,-1.999335,-2.520665,7496.6196,5.278638,2.148359,3.221245,3.917777,-1.429609,-2.021991,-3.333301,1445.9407,2.480403,0.497941,0.926921,1.267384,-0.308269,-0.466318,-0.855091,1565.7974,2.479241,0.557655,1.085466,1.408457,-0.347642,-0.611196,-1.056129,8180.7534,5.780961,2.792705,4.518285,4.941482,-1.747257,-2.557243,-3.042208,8204.885,5.887904,2.833205,4.740069,5.183942,-1.807384,-2.746889,-3.297704,2731.5234,1.539755,0.354509,0.437869,0.875894,-0.335108,-0.549374,-1.282904,2898.3433,1.598715,0.355948,0.455097,1.410058,-0.33581,-0.471509,-1.809229,8054.9624,5.249114,2.393236,3.522447,3.835474,-1.531088,-2.089394,-2.842226,6238.3027,5.210697,1.83748,2.795605,3.204185,-1.224976,-1.655262,-2.23433,1625.4172,2.42945,0.572953,1.128092,1.515137,-0.347386,-0.605531,-0.99192,1796.4987,2.431456,0.610368,1.112319,1.432915,-0.370413,-0.595927,-1.072332,8593.997,6.069358,2.976941,5.012406,5.487799,-1.884981,-2.959553,-3.550226,7728.745,5.781624,2.640039,4.330434,4.716479,-1.6433,-2.424417,-2.981297
1.0,30.0,5431.62,1.990683,0.906899,1.157876,1.562303,-0.764306,-0.96779,-1.85771,6075.906,2.093652,0.896834,1.071958,1.512768,-0.826354,-1.0234,-1.891308,10220.466,6.637678,3.197083,4.900115,5.307633,-2.053338,-2.781948,-3.664743,9655.952,6.595583,3.013136,4.805714,6.156124,-1.963824,-2.849179,-4.513812,1834.3921,2.898679,0.651501,1.270493,1.81753,-0.401337,-0.61702,-0.967618,1986.6987,2.89935,0.731808,1.512455,2.022689,-0.452974,-0.733367,-1.028903,10380.973,7.181814,3.843534,6.620463,7.208661,-2.334672,-3.474083,-3.946834,10454.784,7.333521,3.931903,6.998437,7.626254,-2.435217,-3.807773,-5.506746,4052.9712,1.796511,0.526317,0.633322,1.127848,-0.508046,-0.642115,-1.173684,4182.379,1.856835,0.526663,0.658575,1.047033,-0.512897,-0.646482,-1.183047,10345.623,6.536668,3.336848,5.231317,5.711434,-2.095381,-2.906975,-3.601803,8003.5303,6.489451,2.527231,4.006008,4.553505,-1.662259,-2.269851,-2.662967,2038.1285,2.808119,0.744932,1.602508,1.998137,-0.456585,-0.74848,-1.644093,2261.5793,2.825694,0.796169,1.539526,2.023507,-0.481086,-0.710864,-1.081732,10946.715,7.552471,4.153262,7.48865,8.20515,-2.559014,-4.091083,-4.689938,9801.562,7.183017,3.622491,6.333402,6.958561,-2.199762,-3.304964,-3.818308
1.0,40.0,6839.4595,2.238977,1.185089,1.511064,2.5894,-1.002032,-1.257007,-1.879888,7692.4463,2.37807,1.21906,1.46035,2.032601,-1.092237,-1.347119,-2.021534,12227.18,7.626388,3.989246,6.367072,7.208151,-2.563483,-3.480993,-4.035465,11512.337,7.546209,3.766337,6.226908,7.622116,-2.450764,-3.523108,-4.873494,2151.7546,3.166875,0.777928,1.600479,1.935994,-0.490635,-0.755304,-1.11053,2335.716,3.183989,0.867904,1.880612,2.363275,-0.550431,-0.881966,-1.220598,12319.772,8.20739,4.749214,8.642987,9.340328,-2.878544,-4.222078,-4.849406,12395.182,8.36957,4.855977,9.079524,9.892123,-3.009058,-4.690869,-5.30644,5324.435,2.049362,0.736213,0.900782,1.344823,-0.688046,-0.849739,-1.666563,5412.222,2.113552,0.717234,0.856215,1.2921,-0.67239,-0.877893,-1.31621,12309.33,7.486263,4.154637,6.777665,7.407817,-2.607244,-3.623418,-4.311937,9529.944,7.400934,3.116855,5.164082,5.635123,-2.056549,-2.801254,-3.243335,2381.841,3.073304,0.881263,1.985888,2.50438,-0.549243,-0.915338,-1.423518,2639.209,3.085782,0.946401,1.910644,2.341453,-0.579098,-0.865879,-1.22898,12992.488,8.646829,5.143834,9.838255,10.70139,-3.151427,-5.088728,-5.715214,11613.269,8.2084,4.481991,8.286604,8.907674,-2.696701,-4.049188,-4.527286
1.0,50.0,7637.054,2.387499,1.401646,1.76644,2.235003,-1.153819,-1.444928,-3.163496,8735.099,2.57431,1.476779,1.749616,2.128512,-1.276369,-1.626532,-2.736307,14075.068,8.444701,4.673896,7.635587,8.230342,-3.05405,-4.184984,-5.010621,13230.71,8.313721,4.425532,7.492491,9.46638,-2.901377,-4.285093,-6.426794,2423.698,3.382555,0.872231,1.830937,2.294643,-0.571712,-0.885563,-1.280234,2640.449,3.414773,0.986499,2.199662,2.638871,-0.637629,-1.054292,-1.300084,13956.691,9.007764,5.503163,10.274986,11.386725,-3.359997,-5.059976,-6.042692,14105.58,9.214573,5.683734,10.94574,11.874495,-3.486541,-5.576394,-6.117619,6085.3906,2.201786,0.89995,1.065774,1.481256,-0.807063,-1.008318,-2.007027,6076.5044,2.25217,0.863961,1.019396,1.391901,-0.775244,-0.955531,-1.573154,14117.129,8.285333,4.87451,8.175113,8.788204,-3.074132,-4.339892,-5.304139,10923.923,8.144792,3.625051,6.06957,6.62851,-2.428387,-3.316819,-4.047629,2679.8582,3.285923,0.998604,2.337702,2.828384,-0.636029,-1.096533,-1.529137,2961.2537,3.299672,1.055237,2.224411,2.656905,-0.674671,-1.017509,-1.427568,14798.855,9.550359,6.012632,11.935735,13.084544,-3.682044,-6.278766,-6.990996,13166.071,9.037271,5.162422,9.920062,10.730681,-3.15208,-4.872994,-5.447012
1.0,75.0,9996.303,2.828183,1.844545,2.328568,2.734134,-1.570618,-1.954763,-2.470679,11456.549,3.082904,2.039473,2.425832,2.895857,-1.752528,-2.161243,-2.689032,17953.691,10.49737,6.210398,10.634125,11.438449,-4.06416,-5.619005,-6.519292,16857.873,10.364545,5.90258,10.400359,12.237873,-3.865386,-5.642911,-7.229145,3020.5647,3.997206,1.094256,2.423016,2.933947,-0.726489,-1.115088,-1.551878,3299.4558,4.043075,1.247481,2.951938,3.528595,-0.822204,-1.323247,-1.864458,17513.578,11.158263,7.156877,14.185957,15.237436,-4.343938,-6.586535,-7.324483,17735.195,11.432714,7.463876,15.304948,16.681625,-4.563278,-7.264595,-7.871781,8174.952,2.615625,1.266077,1.51192,1.973091,-1.133358,-1.396565,-1.85987,7939.9214,2.63616,1.165373,1.386717,1.743872,-1.053635,-1.289902,-1.785499,17925.117,10.28493,6.46209,11.407166,12.290912,-4.086812,-5.749418,-6.409123,13885.96,10.127284,4.761552,8.24477,8.99614,-3.20311,-4.418086,-5.194271,3330.081,3.867871,1.254051,3.127013,3.963625,-0.815608,-1.353124,-1.83317,3657.4075,3.863331,1.320159,2.931744,3.545245,-0.852913,-1.266,-1.627439,18631.38,11.86154,7.903616,16.896126,18.794073,-4.814674,-7.912002,-8.877558,16509.498,11.151977,6.705925,13.779324,15.057734,-4.083679,-6.225304,-6.922128
1.0,100.0,11543.626,3.107112,2.202494,2.810012,3.171806,-1.866819,-2.316697,-2.978038,13346.835,3.415566,2.523969,3.064379,3.474327,-2.095479,-2.627973,-3.618119,21384.756,12.320646,7.511975,13.130861,14.028381,-4.979955,-6.956943,-7.609782,20083.145,12.184335,7.111519,12.919336,14.491866,-4.77777,-6.957314,-9.461776,3524.931,4.497672,1.258329,2.86648,3.86363,-0.872527,-1.314431,-1.646843,3862.3093,4.54975,1.452219,3.53753,4.402087,-0.995676,-1.655054,-2.072596,20551.803,12.945294,8.462955,17.453154,18.918222,-5.204065,-7.780506,-8.528357,20879.932,13.279383,8.90358,18.884718,20.672853,-5.537615,-8.941105,-9.674316,9536.704,2.870522,1.581312,1.880402,2.365825,-1.369743,-1.664207,-2.471259,9098.103,2.859236,1.418763,1.701561,2.10688,-1.250122,-1.535089,-2.143683,21304.945,11.992071,7.754497,14.148759,15.1733,-5.025961,-7.098928,-7.613581,16521.486,11.865796,5.718884,10.050498,10.669533,-3.900316,-5.421024,-5.955835,3883.234,4.331445,1.453228,3.754861,4.735805,-0.982817,-1.681643,-2.186153,4242.278,4.318528,1.51553,3.451787,4.112188,-1.020004,-1.537277,-1.948305,21960.578,13.795697,9.444962,21.029242,23.384783,-5.843873,-9.877009,-10.942564,19373.684,12.897117,7.938554,17.025486,18.536982,-4.925306,-7.65115,-8.331689
1.0,125.0,12826.826,3.31635,2.508434,3.217729,3.596413,-2.111161,-2.709212,-3.781191,14903.825,3.676774,2.949061,3.60135,3.974327,-2.377886,-2.89951,-3.56729,24667.672,14.092023,8.656165,15.437383,16.447733,-5.893083,-8.28998,-9.129996,23073.906,13.76609,8.251368,15.222682,16.756767,-5.627667,-8.141085,-10.396213,4009.9966,4.989915,1.419173,3.289433,4.015442,-1.01328,-1.503488,-1.875857,4397.2793,5.055594,1.638693,4.038759,4.951273,-1.156349,-1.892988,-2.226082,23438.752,14.642769,9.655484,20.442013,22.298887,-6.055267,-9.151335,-9.981095,23861.607,15.086391,10.238137,22.204212,24.427189,-6.472242,-10.266078,-10.980946,10764.415,3.102742,1.860013,2.236223,2.794053,-1.574057,-1.907113,-2.661934,10111.063,3.060002,1.628201,1.945508,2.398334,-1.414808,-1.715955,-2.345481,24442.846,13.668611,8.947174,16.619276,17.965567,-5.909814,-8.307506,-8.977635,19036.443,13.535851,6.58693,11.646567,12.492563,-4.592364,-6.564322,-7.203738,4408.0483,4.796881,1.636353,4.263602,5.396431,-1.140676,-1.946286,-2.422818,4805.5874,4.764664,1.70212,3.976625,4.677816,-1.179619,-1.728793,-2.075978,25102.191,15.63955,10.843951,24.835903,27.673512,-6.813946,-11.474078,-13.253445,22111.303,14.609511,9.062355,19.984304,22.056896,-5.727648,-8.675485,-9.890650
1.0,150.0,14068.86,3.552942,2.769497,3.568185,4.020711,-2.32655,-2.818924,-3.499922,16305.322,3.944728,3.298736,4.08318,4.551111,-2.617561,-3.183095,-4.180253,27657.164,15.635781,9.645654,17.51872,18.554853,-6.754987,-9.44321,-10.200829,25800.188,15.290602,9.212684,17.340105,19.431873,-6.402936,-9.285388,-11.614839,4430.2456,5.41672,1.550156,3.638868,4.454819,-1.139433,-1.720135,-2.151018,4861.1562,5.506686,1.797389,4.533613,5.513098,-1.294103,-2.26448,-2.691202,25864.672,16.015718,10.726529,23.245605,25.514214,-6.819605,-10.164315,-11.318791,26404.32,16.593596,11.358278,25.313961,27.895794,-7.228431,-11.884842,-13.344952,11900.315,3.34195,2.105575,2.557803,3.801775,-1.76303,-2.139393,-2.6728,11045.284,3.267508,1.802874,2.190823,2.582253,-1.555622,-1.867937,-2.700429,27301.809,15.150398,9.96114,18.913391,20.333084,-6.703085,-9.622485,-10.240757,21312.58,14.971114,7.344024,13.152654,14.06967,-5.253696,-7.316245,-8.050318,4861.252,5.199713,1.793034,4.762286,6.030133,-1.274254,-2.252638,-2.597901,5287.296,5.159558,1.860987,4.408415,5.508536,-1.319647,-2.006197,-2.642037,27792.242,17.191505,12.054403,28.411325,31.919819,-7.652994,-13.3814,-14.540038,24405.084,15.990883,10.075547,22.714003,25.332785,-6.415438,-10.068414,-11.125114
1.0,175.0,15174.694,3.774053,3.00505,3.878063,4.242065,-2.518604,-3.015203,-3.717185,17552.03,4.205908,3.609427,4.501159,5.008229,-2.827642,-3.3636,-4.335208,30445.453,17.117191,10.57919,19.375969,20.564157,-7.552004,-10.633434,-11.436998,28415.783,16.658642,10.096994,19.149384,21.491686,-7.170715,-10.481732,-12.66506,4829.6973,5.849225,1.665547,3.932402,5.176134,-1.259064,-1.972223,-2.457503,5304.984,5.91451,1.9397,4.896688,6.044599,-1.438918,-2.460765,-2.870863,28242.129,17.455748,11.599716,25.475082,28.195599,-7.51719,-11.556041,-12.462381,28856.496,18.021639,12.354287,27.842928,30.75706,-8.029907,-13.175802,-14.222195,12865.953,3.534384,2.329819,2.850484,3.277529,-1.921681,-2.336042,-2.94434,11822.559,3.422061,1.961585,2.380119,2.701304,-1.68103,-2.054801,-2.789052,30005.225,16.519882,10.87575,20.89859,22.44576,-7.493899,-10.738571,-11.600176,23477.09,16.390022,8.043165,14.430488,15.384302,-5.863531,-8.217335,-8.782951,5305.264,5.584104,1.93068,5.152421,6.635877,-1.418371,-2.487095,-2.996801,5744.1294,5.534436,1.999603,4.785343,5.986181,-1.454149,-2.216998,-3.511694,30419.648,18.683065,13.114793,31.372356,35.083607,-8.506613,-14.690359,-15.893525,26664.969,17.385668,10.919856,24.988775,27.886044,-7.090907,-11.152935,-12.380349
1.0,200.0,16246.878,3.947747,3.227411,4.178679,4.695188,-2.71638,-3.253015,-3.948887,18673.205,4.392786,3.904364,4.925641,5.307445,-3.029363,-3.605723,-4.261343,32927.527,18.454529,11.397233,21.009968,22.516516,-8.183259,-11.661057,-12.763385,30807.783,18.034313,10.902194,20.79984,23.081495,-7.840598,-11.488696,-14.796404,5165.2573,6.197435,1.763523,4.208286,5.15746,-1.345253,-2.117226,-2.450742,5727.472,6.341469,2.068793,5.229295,6.442895,-1.56649,-2.665473,-3.003654,30333.37,18.665045,12.405273,27.61134,30.627895,-8.021066,-12.513047,-13.621648,31194.225,19.427212,13.27807,30.32088,33.638664,-8.726409,-14.346419,-15.301801,13779.598,3.726857,2.536105,3.118032,3.630847,-2.076321,-2.481255,-3.18402,12587.173,3.5829,2.110953,2.560963,3.014546,-1.803424,-2.134644,-2.766664,32542.143,17.850252,11.724278,22.768011,24.42381,-8.184711,-11.760236,-13.134148,25437.615,17.748758,8.674311,15.624434,16.64403,-6.366996,-9.026746,-10.240218,5714.097,5.946022,2.059803,5.539582,7.118676,-1.54208,-2.720528,-3.218756,6138.46,5.857603,2.117703,5.09341,6.390722,-1.556941,-2.422846,-2.841209,32881.375,20.104145,14.130755,34.32368,38.88331,-9.265333,-16.039326,-17.293941,28680.354,18.6027,11.715643,27.168673,30.253605,-7.653634,-12.157929,-13.123724
1.0,225.0,17065.16,4.152298,3.403327,4.450617,4.962798,-2.843373,-3.386388,-4.099681,19576.732,4.605411,4.143588,5.219892,5.678513,-3.16924,-3.776057,-4.791033,35794.215,19.690924,12.226329,22.690977,24.449125,-8.965106,-12.661992,-13.525595,33348.613,19.178566,11.702176,22.48235,24.95962,-8.557472,-12.603057,-15.440596,5574.4893,6.542223,1.866049,4.468677,5.612658,-1.465998,-2.350987,-2.722875,6158.6685,6.710644,2.195262,5.575746,7.004624,-1.70171,-2.923249,-3.379639,32720.174,19.766214,13.198101,29.704866,32.98619,-8.700282,-13.555096,-14.774955,33575.926,20.668468,14.165036,32.683105,36.54623,-9.437839,-15.561255,-16.523756,14500.894,3.888316,2.711065,3.380512,3.856118,-2.191594,-2.626664,-3.192648,13145.202,3.722071,2.227846,2.719765,3.133055,-1.881232,-2.233418,-3.109516,35168.832,19.056332,12.559131,24.58186,26.437855,-8.925085,-12.829336,-14.025956,27638.924,18.892178,9.300964,16.77793,18.220425,-6.960519,-9.843231,-10.550855,6138.0396,6.270439,2.182064,5.878362,7.480767,-1.678061,-3.00272,-3.524198,6602.6777,6.172493,2.242962,5.412844,6.63591,-1.692747,-2.66033,-3.045073,35401.22,21.337921,15.084153,37.065147,41.966316,-10.048129,-17.50871,-19.252516,30908.676,19.714497,12.499396,29.241552,32.949814,-8.294356,-13.253827,-14.139076
1.0,250.0,17777.732,4.245284,3.598057,4.668809,5.03909,-2.95255,-3.575339,-4.003727,20415.918,4.732455,4.384844,5.67056,6.103883,-3.29974,-3.951698,-4.551512,38485.59,21.213257,12.986256,24.156157,25.814882,-9.776653,-13.809207,-14.901253,35836.395,20.67878,12.484075,24.11186,26.45435,-9.274293,-13.60638,-18.41282,5973.88,7.011096,1.96486,4.719723,5.751937,-1.592185,-2.493922,-3.533069,6585.1704,7.131093,2.323028,5.874682,7.31774,-1.832531,-3.114898,-3.47633,34953.715,21.20834,13.972254,31.58622,34.94171,-9.433908,-14.575796,-15.411388,35887.387,22.019756,15.053817,34.96258,38.977524,-10.146299,-16.589201,-17.709919,15200.597,4.019505,2.884492,3.592143,4.06788,-2.293119,-2.73977,-3.326707,13668.673,3.810012,2.340475,2.86374,3.397534,-1.951332,-2.317092,-2.863147,37652.312,20.407743,13.350556,26.28323,28.482418,-9.632001,-13.884325,-14.915843,29759.44,20.439404,9.89167,17.816813,19.184416,-7.591931,-10.699806,-11.416712,6555.3784,6.659333,2.305149,6.195046,8.097356,-1.803928,-3.205349,-4.097344,7060.3765,6.566222,2.360572,5.711791,7.084443,-1.829788,-2.819948,-3.214127,37848.434,22.80283,16.03102,39.748116,45.17884,-10.812683,-18.629519,-20.498951,33021.547,21.063547,13.238681,31.232388,35.086,-8.946139,-14.003311,-15.039966
1.0,275.0,20032.371,4.710997,5.115191,6.619991,7.092977,-3.229075,-3.80628,-4.704702,22203.598,5.108516,5.881262,7.707815,8.409893,-3.497897,-4.148628,-5.008698,41051.72,22.553196,13.857691,25.40642,27.130714,-10.403726,-14.609875,-15.684584,38314.023,22.187342,13.302495,25.305834,27.557335,-9.897381,-14.614438,-18.197071,6359.204,7.443433,2.084985,4.801773,6.134144,-1.675073,-2.601032,-3.389808,7057.213,7.616048,2.455603,6.013925,7.386492,-1.954445,-3.368925,-3.906033,36977.996,22.28217,14.824105,32.8752,36.360172,-9.892796,-15.232693,-16.02083,38257.6,23.481424,15.959927,36.48095,40.53349,-10.765685,-17.63497,-20.865189,16788.805,4.35604,3.937341,5.055758,5.550782,-2.467744,-2.91684,-3.696841,15322.037,4.182269,3.349039,4.19639,4.692427,-2.107022,-2.56195,-3.306764,40308.08,21.811487,14.207967,27.663618,29.869356,-10.305574,-14.756531,-15.906306,31767.865,21.760149,10.565838,18.616783,19.777697,-8.082805,-11.391569,-12.387709,7024.9307,7.106337,2.438023,6.325813,8.11553,-1.924448,-3.407208,-3.827625,7509.12,6.947119,2.496373,5.838795,7.390601,-1.930099,-3.009842,-3.617611,40335.37,24.22345,17.000725,41.328934,46.876167,-11.481187,-19.80412,-21.290049,35007.2,22.198893,14.04691,32.306667,36.400726,-9.415753,-14.944828,-16.167894
1.0,275.0,19390.877,3.981715,3.938668,5.210394,5.707595,-3.105956,-3.669322,-4.574732,21013.303,4.626265,4.590114,5.855893,7.036048,-3.334726,-3.983979,-4.74565,37799.18,20.711702,12.923093,24.450268,26.509874,-9.804494,-14.288851,-15.146649,36922.305,20.496017,12.579293,23.68894,25.88277,-9.422053,-13.872875,-16.772238,6125.8276,7.3508,2.059549,5.084431,6.338601,-1.685471,-2.892194,-3.625042,7140.32,7.550436,2.415783,5.865356,7.205299,-1.933263,-3.146378,-3.484843,35006.258,20.902905,14.266771,32.811005,36.26823,-9.683579,-15.999996,-17.013962,37784.46,21.761482,15.235721,34.432392,38.07911,-10.334725,-16.593382,-18.0361,15905.252,3.960181,3.062909,3.836062,5.017357,-2.356601,-2.812066,-3.438178,15253.931,3.580278,2.650649,3.314342,3.871234,-2.055422,-2.422007,-3.207819,39103.926,20.08267,13.378339,25.699492,27.466335,-9.846067,-13.923093,-14.698669,29673.547,20.347734,10.085417,18.522299,19.8425,-7.744453,-11.274355,-11.998901,7117.9873,7.022558,2.384347,6.085152,7.717093,-1.888158,-3.133026,-3.544601,7188.852,6.88918,2.496589,6.387214,8.10919,-1.956415,-3.412107,-4.024639,40115.895,22.57463,16.31053,39.620586,44.980434,-11.073522,-18.33523,-19.85157,33055.246,21.01955,13.587038,32.73541,37.255733,-9.355833,-16.052288,-17.421018
1.0,275.0,19705.252,4.196962,3.850268,5.028078,5.989665,-3.104769,-3.681794,-4.428195,21232.91,4.817553,4.531296,5.73496,6.409987,-3.33909,-3.973817,-4.855198,36946.63,15.288392,13.209953,25.300022,27.184423,-9.77586,-14.140559,-14.920957,36112.203,15.187061,12.869701,24.955252,27.683695,-9.401886,-13.823846,-17.998905,5791.1807,5.731481,2.151044,5.589136,7.046392,-1.667578,-2.782762,-3.055202,6786.955,6.020232,2.533807,6.539781,8.229267,-1.92067,-3.087474,-3.492999,34145.312,15.678509,14.606339,34.6641,38.91715,-9.683292,-15.648697,-16.55185,36880.848,16.1839,15.702408,37.10696,41.617134,-10.343256,-16.30494,-17.540937,15954.003,4.006327,3.023155,3.753741,4.084056,-2.357817,-2.82349,-3.708643,15394.406,3.659407,2.59349,3.208617,3.713446,-2.052935,-2.443519,-3.200651,38186.473,14.841698,13.684152,26.953207,28.921015,-9.805694,-13.91534,-14.896393,28963.502,14.971115,10.296785,19.420288,20.943542,-7.723201,-11.17312,-11.825495,6764.0264,5.648838,2.504281,6.851126,8.832178,-1.879841,-3.056392,-3.385806,6810.3633,5.483475,2.598585,6.968504,8.970491,-1.934337,-3.347177,-3.80205,39163.266,16.546515,16.82464,42.921005,49.529903,-11.03808,-18.13778,-19.35746,32278.465,15.662896,13.97072,35.18893,41.16341,-9.291562,-15.930807,-17.259381
1.0,275.0,20023.812,2.901481,45.05438,72.77198,76.39051,-3.338369,-4.593386,-5.723492,21614.002,3.44383,39.00396,64.90795,68.077965,-3.439902,-4.735983,-5.852435,39851.61,20.081093,13.352712,18.963106,19.801125,-10.20258,-14.658628,-15.676867,38952.836,19.415356,12.726726,17.974009,19.866302,-9.751095,-14.063912,-21.608744,6255.892,6.427356,2.771631,6.956476,8.727126,-1.762099,-2.964076,-3.312194,7334.9473,6.504866,3.196195,7.520452,9.069073,-2.015093,-3.242074,-3.570219,35258.555,17.6632,16.149096,25.911259,27.222763,-9.76322,-15.662361,-17.002613,38460.957,17.851473,16.93868,26.709478,28.090288,-10.421285,-16.009518,-17.353617,17142.281,3.10969,37.759068,60.632538,63.218124,-2.531743,-3.533265,-4.114137,16661.432,2.58332,43.554394,69.18873,72.04397,-2.416518,-3.427345,-9.640538,41246.484,18.194305,14.374628,20.264496,20.989248,-10.199587,-14.84486,-20.540604,30917.3,18.643549,10.643258,15.121693,15.74906,-7.97885,-11.461555,-12.333335,7250.3706,5.871932,3.434513,8.905338,10.823478,-1.965881,-3.123419,-3.807627,7267.7456,5.878677,3.557902,9.661184,11.987801,-2.03641,-3.573032,-4.930764,40830.418,17.809944,19.646458,31.894135,33.213394,-11.083774,-17.741934,-21.66219,33037.066,17.090496,16.501863,26.769575,28.593306,-9.360066,-16.118622,-21.711138
1.0,275.0,17640.516,3.045422,4.808323,6.384037,6.875812,-2.758016,-3.278174,-3.743205,19928.701,3.787964,5.478312,7.212736,7.71733,-2.980442,-3.543295,-4.280127,40076.254,19.442091,14.184707,28.191025,31.378893,-10.201885,-14.622582,-24.42979,38729.19,18.610662,13.706712,27.01391,30.049698,-9.780027,-14.104701,-18.362755,6346.968,6.877623,2.221241,5.459571,6.716625,-1.744987,-2.890435,-9.01207,7327.9316,6.919513,2.604808,6.113101,7.382515,-2.011633,-3.202926,-9.596392,35726.965,18.372578,15.112106,36.85758,41.779854,-9.739172,-15.486631,-36.75451,38476.49,18.457285,16.13482,38.328197,42.972427,-10.484132,-16.331047,-37.796192,15114.99,3.320259,3.963634,5.123032,5.600371,-2.075884,-2.490876,-3.090383,13887.25,2.670005,3.903812,5.075354,5.581038,-1.851638,-2.190746,-2.803814,40919.57,17.920149,14.62817,29.035046,32.257786,-10.204039,-14.304846,-21.872587,31152.645,18.507713,10.87077,21.057116,22.901268,-7.964607,-11.410762,-19.953749,7233.2515,6.344547,2.578894,6.262397,7.841984,-1.962005,-3.22077,-10.50714,7376.9795,6.361638,2.715692,6.822278,8.485975,-2.002127,-3.551306,-11.851425,40664.5,18.53316,17.344126,44.34373,51.00668,-11.126723,-18.107147,-60.261826,33362.414,18.073862,14.377322,36.875195,43.298183,-9.262857,-15.995885,-54.280148
1.0,50.0,6607.9526,1.890986,1.631828,1.972591,2.571128,-0.977651,-1.249405,-1.915253,7824.1772,2.173467,1.805225,2.17639,2.833063,-1.08783,-1.374307,-2.197484,14629.317,9.011351,4.917738,8.059206,8.600592,-3.107264,-4.219157,-4.828974,13952.312,8.950931,4.727696,7.907531,9.399746,-3.019856,-4.439023,-7.781102,2482.4707,3.43324,0.90283,1.956382,2.390939,-0.57778,-0.862837,-1.192737,2729.927,3.451613,1.03542,2.364362,2.829206,-0.652971,-1.058943,-1.334383,14408.0205,9.155174,5.783263,11.019192,11.758333,-3.390839,-4.9596,-5.646441,14811.968,9.344406,6.083978,11.946416,12.914632,-3.595407,-5.636356,-6.3536,5335.673,1.865177,1.245763,1.474427,2.077321,-0.666959,-0.85255,-1.594115,5174.7563,1.794308,1.247782,1.480437,1.935845,-0.630153,-0.779596,-1.52293,14746.053,8.581747,5.193063,8.71743,9.281047,-3.173233,-4.370686,-4.824432,11436.186,8.557796,3.829851,6.459586,6.961678,-2.488138,-3.36669,-3.854428,2717.8206,3.239617,1.036324,2.532765,3.120058,-0.643564,-1.077792,-1.441237,3000.044,3.288434,1.090903,2.350897,3.032666,-0.678338,-1.019196,-1.384517,15386.579,9.494789,6.449966,13.215313,14.259304,-3.744744,-6.083379,-6.734112,13365.021,9.049107,5.344525,10.527067,11.387582,-3.132631,-4.779689,-5.180484
1.0,50.0,7369.5635,2.061455,1.304669,1.636481,2.057485,-1.060214,-1.353868,-1.827748,8445.5205,2.29433,1.400575,1.657814,2.02872,-1.169958,-1.433293,-1.976637,14546.106,8.191991,4.968489,8.197468,8.81915,-3.105376,-4.22597,-4.773334,13867.701,8.148909,4.769271,8.095455,9.888865,-3.017625,-4.411433,-6.781953,2475.442,3.38288,0.876357,1.886156,2.338647,-0.572434,-0.864362,-1.336706,2717.0234,3.392846,1.006976,2.292607,2.749452,-0.655897,-1.070572,-1.350249,14302.841,8.445249,5.765873,11.1481,12.063603,-3.360155,-4.931432,-5.82845,14634.279,8.628797,6.066797,12.083874,12.90347,-3.594863,-5.677139,-6.422754,5873.4424,1.958775,0.876217,1.034782,1.720751,-0.744301,-0.969149,-1.426506,5861.765,1.935485,0.854749,1.007226,1.470521,-0.704627,-0.870134,-1.441841,14683.927,7.926326,5.212364,8.830303,9.493478,-3.1764,-4.389187,-5.054677,11364.106,7.906565,3.851863,6.556269,7.23995,-2.482121,-3.37853,-3.761943,2718.1333,3.213337,1.005102,2.444228,2.911544,-0.64944,-1.094607,-1.513138,2985.4265,3.235296,1.057811,2.299672,2.681907,-0.67462,-1.030316,-1.612109,15286.283,8.775803,6.431494,13.312914,14.516715,-3.74603,-6.185845,-7.197166,13281.715,8.353907,5.321728,10.685885,11.440476,-3.133897,-4.772088,-5.475368
1.0,50.0,8205.557,2.486236,1.480246,1.78093,2.248739,-1.018664,-1.319209,-1.769935,9019.117,2.678459,1.616429,1.904043,2.393735,-1.137787,-1.405112,-1.977104,14012.798,6.27324,5.138549,8.629066,9.12364,-3.15249,-4.33694,-4.846713,13391.429,6.319723,4.925837,8.536942,9.908648,-3.048916,-4.354795,-6.665196,2235.075,2.727935,0.926121,2.178201,6.503584,-0.590198,-0.903834,-1.409627,2485.327,2.775572,1.06846,2.682522,8.903577,-0.665275,-1.04133,-1.393724,13837.815,6.629875,5.991425,11.958723,13.363677,-3.446007,-5.123519,-5.77047,14302.245,6.78727,6.361871,13.180042,18.58026,-3.644643,-5.610565,-6.258255,6190.406,2.188223,1.065741,1.256951,1.808635,-0.711246,-0.892309,-1.615114,6385.7446,2.249583,1.032029,1.217205,1.787256,-0.670972,-0.823557,-1.283429,14219.753,6.16176,5.396641,9.308,9.866399,-3.205852,-4.436817,-5.077147,10881.806,6.008647,3.992862,6.983125,7.712418,-2.512742,-3.439696,-3.845626,2484.5732,2.66304,1.068967,3.111134,10.86339,-0.65615,-1.059901,-1.707079,2706.6187,2.669992,1.11588,2.698898,9.314906,-0.691761,-1.063668,-1.476385,14937.007,6.834068,6.821831,14.888968,37.132866,-3.813606,-6.015162,-6.835582,12848.633,6.569526,5.59647,11.654806,26.137543,-3.197177,-4.923914,-5.679175
1.0,50.0,6925.2104,2.170128,1.231944,1.579681,1.912693,-0.985219,-1.260366,-1.617519,8024.4756,2.39649,1.329132,1.658386,2.232743,-1.11214,-1.433529,-4.072648,14889.754,7.760136,5.157583,8.541772,9.595844,-3.255208,-5.499749,-8.477868,14058.528,7.728209,4.927481,8.406403,10.205755,-3.133791,-5.292981,-14.875404,2549.8252,3.440961,0.898157,1.912675,2.397309,-0.609978,-0.999001,-2.714193,2763.8247,3.439699,1.024542,2.359965,2.983064,-0.68816,-1.263672,-2.796622,14609.505,8.150024,5.898671,11.506243,12.495943,-3.534274,-5.998911,-16.519796,14800.882,8.371914,6.167287,12.480714,13.873238,-3.749395,-6.236923,-15.288581,5393.419,2.008111,0.81766,0.966818,1.804607,-0.684509,-0.915838,-2.224009,5355.183,2.023165,0.769894,0.904967,1.35882,-0.641081,-0.778764,-2.020211,14903.02,7.566376,5.361143,9.126924,9.865576,-3.304835,-5.588573,-15.716004,11604.082,7.580686,3.98272,6.810687,7.509194,-2.589752,-4.366167,-6.83449,2757.781,3.253148,1.017986,2.506906,3.276086,-0.678133,-1.270711,-1.533995,3069.671,3.289049,1.075358,2.320891,2.772738,-0.716345,-1.147082,-3.146744,15475.091,8.47926,6.562501,13.870363,15.478015,-3.947009,-7.318228,-7.221445,13599.584,8.068958,5.456325,10.981755,12.3651,-3.31616,-5.51249,-12.996083
1.0,50.0,6807.9077,2.182694,1.234512,1.546396,1.921503,-0.982168,-1.259005,-2.232624,8013.04,2.449513,1.328559,1.587827,2.134461,-1.106384,-1.369932,-2.091313,15115.609,8.404559,5.208304,8.588243,9.128032,-3.215258,-4.404358,-5.164507,14312.004,8.420516,4.95704,8.428507,9.775329,-3.105547,-4.633181,-6.945404,2565.395,3.510628,0.901784,1.913999,2.552269,-0.590714,-0.937873,-1.319562,2810.0398,3.523103,1.030366,2.343317,2.859094,-0.676575,-1.099957,-1.410385,14719.231,8.775005,5.956583,11.521862,12.401694,-3.446078,-5.063513,-5.992499,15085.329,9.086111,6.240271,12.407565,13.245366,-3.684475,-5.797671,-6.423471,5357.9604,2.035681,0.818397,1.057729,1.405823,-0.679473,-0.870782,-1.472659,5263.17,2.040774,0.769321,0.895727,1.473092,-0.637369,-0.812809,-1.334895,15174.5625,8.203197,5.411106,9.203785,10.331645,-3.2751,-4.605046,-5.409017,11752.016,8.164413,4.011265,6.82765,7.463612,-2.551793,-3.499129,-3.887062,2809.8286,3.339079,1.021843,2.467062,3.132326,-0.664129,-1.136063,-1.540236,3100.2358,3.376177,1.08138,2.31184,2.793247,-0.693085,-1.066178,-1.553132,15777.62,9.236725,6.624808,13.720304,14.761062,-3.866237,-6.345766,-7.145454,13726.712,8.731055,5.495769,11.014308,11.872119,-3.221271,-4.951445,-5.598091
1.0,50.0,7022.05,2.298884,1.226629,1.537828,1.931709,-0.970524,-1.303724,-1.636881,8106.854,2.534569,1.320339,1.545304,2.088855,-1.096429,-1.36238,-2.089986,15359.887,8.660186,5.279888,8.818026,9.448398,-3.282152,-4.439027,-7.787563,14518.963,8.719861,5.036727,8.628698,10.122217,-3.144692,-4.599318,-8.542483,2610.256,3.549105,0.923748,2.016437,2.515624,-0.60544,-0.96998,-1.726002,2829.6533,3.549454,1.059497,2.455464,2.891429,-0.678433,-1.122422,-1.94032,14975.583,9.071863,6.043349,11.836312,12.841399,-3.525979,-5.636204,-10.158458,15191.791,9.332875,6.340212,12.845918,14.285597,-3.724618,-6.282461,-10.874218,5462.978,2.110392,0.810095,0.950558,1.406982,-0.674253,-0.86598,-1.440672,5436.945,2.14742,0.750455,0.878794,1.311297,-0.632411,-0.775464,-1.526848,15356.347,8.445745,5.493996,9.390538,9.989062,-3.304314,-4.616562,-8.346862,11929.424,8.397585,4.064489,7.018275,7.436242,-2.600686,-3.534167,-6.307532,2826.4475,3.367392,1.054107,2.599878,3.230811,-0.667558,-1.102944,-1.806002,3142.756,3.400345,1.110425,2.41343,3.02831,-0.708943,-1.117439,-1.875149,15922.308,9.567356,6.76495,14.269882,15.471303,-3.891315,-6.444382,-10.831568,13945.865,9.016001,5.612064,11.358295,12.484328,-3.266105,-5.331471,-9.143707
1.0,275.0,19119.648,4.519723,4.649559,5.91805,6.565614,-2.887122,-3.392189,-6.437412,21590.252,5.092766,5.66229,7.410061,8.155525,-3.217759,-3.777013,-7.757198,42215.098,22.075434,14.836505,29.121479,31.4911,-10.476804,-15.427736,-13.67299,39280.797,21.837566,14.277924,28.974354,31.91834,-9.964386,-16.624748,-47.63071,6606.3813,7.445385,2.248881,5.254053,6.641386,-1.735517,-3.316873,-9.444475,7326.2046,7.578116,2.689721,6.61778,8.170894,-2.021952,-4.204341,-4.505327,37632.418,21.231527,15.394261,36.964584,42.042973,-9.892675,-18.4766,-16.70296,39151.227,22.320414,16.752487,41.24659,47.098698,-10.842359,-22.185595,-63.085323,16566.404,4.362542,4.079673,5.112982,5.422283,-2.280109,-2.661348,-4.842843,15524.706,4.255907,3.640662,4.504431,4.801259,-1.980899,-2.32002,-3.444787,41546.04,21.05891,15.205676,31.595095,34.207977,-10.434019,-17.13878,-51.25324,32618.564,21.240953,11.192844,21.030655,22.68433,-8.12767,-11.9227,-36.519016,7231.747,7.02426,2.64038,6.869953,8.913511,-1.98127,-4.056471,-4.671297,7756.824,6.92255,2.703651,6.436999,8.084697,-1.992105,-3.833165,-10.762584,41194.15,22.951542,17.813505,47.321712,55.48245,-11.492882,-23.55072,-25.602829,35379.082,21.319963,14.517876,36.33209,42.20963,-9.398947,-18.317379,-18.570987
1.0,275.0,16852.156,4.075447,3.572203,4.559988,5.162011,-2.550108,-2.9804,-3.538593,19587.633,4.730837,4.432561,5.672686,6.058659,-2.900239,-3.396083,-3.880574,42453.88,20.484291,14.403494,28.012337,29.887127,-10.594355,-14.824792,-16.937248,39456.086,20.219055,13.889075,28.059856,32.12525,-10.011748,-14.778095,-21.536163,6671.097,7.376578,2.180697,5.14213,6.458398,-1.764633,-2.73887,-3.108194,7412.1797,7.535937,2.596832,6.459557,8.111182,-2.055606,-3.459566,-3.929106,37769.113,19.695822,15.123621,35.865948,40.30706,-9.962332,-15.136645,-16.300003,39411.91,20.896847,16.418861,40.184597,45.711178,-10.949024,-17.748459,-19.006626,14489.69,3.947527,2.930206,3.666782,4.062579,-1.979646,-2.343921,-3.000804,12991.19,3.719503,2.415086,2.977126,3.546262,-1.641525,-1.922407,-2.682717,41736.445,19.721779,14.795104,30.43479,32.93637,-10.529052,-14.943673,-16.549088,32930.184,19.780191,10.952217,20.411816,21.964996,-8.243862,-11.55255,-12.431004,7300.7515,6.979845,2.543683,6.738696,8.702866,-2.006872,-3.525642,-4.00709,7791.5107,6.818291,2.609617,6.252697,7.735068,-2.015588,-3.138955,-3.690961,41314.39,21.231323,17.466307,46.082928,53.974884,-11.525347,-19.387177,-20.824127,35408.79,19.635635,14.208786,35.31492,40.705563,-9.415225,-14.847939,-15.900463
1.0,275.0,16782.541,4.172931,3.436185,4.443906,4.798789,-2.501328,-2.958493,-3.66071,19452.932,4.822433,4.23336,5.392421,5.787741,-2.852045,-3.344382,-3.964284,42253.875,23.668615,14.310296,27.626797,29.745764,-10.534107,-14.8311,-16.04229,39441.164,23.533867,13.750369,27.428598,30.21021,-9.957035,-14.846909,-18.199377,6615.0186,7.55104,2.145741,5.13163,6.730564,-1.746669,-2.743078,-3.089271,7363.118,7.706761,2.546611,6.375907,8.083903,-2.033833,-3.47962,-3.851913,37733.164,22.594072,14.990821,35.654564,39.979237,-9.912365,-15.131116,-16.024187,39409.324,23.766644,16.241785,39.39805,44.653538,-10.865035,-17.730677,-18.919209,14323.557,4.014084,2.765629,3.501312,3.851381,-1.940593,-2.282606,-2.909713,12765.734,3.763849,2.247214,2.752962,3.216005,-1.590506,-1.860483,-2.417453,41622.414,22.5727,14.663938,29.933598,32.44636,-10.450745,-14.937438,-16.027628,32832.375,22.568567,10.873894,20.12433,21.63977,-8.20433,-11.544549,-12.428752,7266.493,7.146093,2.502939,6.661083,8.840622,-1.98851,-3.545919,-3.966791,7747.2095,7.039718,2.576135,6.28804,7.825617,-1.995627,-3.160132,-3.590607,41319.035,24.465029,17.30482,45.262413,52.498703,-11.468765,-19.636791,-21.37629,35396.582,22.622507,14.12382,34.94381,40.091686,-9.382588,-15.027834,-15.981346
1.0,275.0,16354.598,4.019101,3.157984,4.086306,4.475037,-2.495669,-2.925698,-3.492103,19125.197,4.689636,3.926101,4.946396,5.493795,-2.848584,-3.338323,-4.229663,42562.887,21.04502,14.174059,27.19009,29.206446,-10.563534,-14.737593,-15.902092,39526.098,20.760733,13.642566,27.364952,29.848948,-10.014362,-14.850742,-18.638042,6693.749,7.449613,2.105471,5.017875,6.316165,-1.756354,-2.745935,-3.118556,7428.2363,7.62426,2.514566,6.289385,7.888135,-2.056612,-3.520231,-3.835392,37966.906,20.331278,14.849792,35.149082,39.22749,-9.928661,-15.055867,-15.974416,39602.645,21.540655,16.184065,39.26457,44.940857,-10.932549,-17.937475,-19.186281,13999.47,3.88911,2.511142,3.086067,3.565706,-1.930553,-2.250439,-2.798363,12331.735,3.602118,1.987233,2.391626,2.772457,-1.575078,-1.85467,-2.455829,41813.957,20.220406,14.520681,29.638098,32.136326,-10.521515,-15.05089,-16.231804,33114.184,20.332272,10.821282,19.974264,21.58104,-8.238203,-11.52924,-12.201312,7316.9673,7.034626,2.466323,6.562199,8.725293,-2.011153,-3.589788,-4.076704,7817.1074,6.905606,2.522498,6.142334,7.697139,-2.00384,-3.278346,-4.120711,41464.773,21.89378,17.246614,44.99011,52.22222,-11.558019,-19.81926,-21.451893,35587.12,20.240795,14.005421,34.62856,39.54852,-9.42121,-15.051772,-16.048072
1.0,225.0,14568.859,3.64386,2.733899,3.538776,3.964333,-2.236894,-2.648307,-3.072141,17164.52,4.274264,3.346564,4.168194,4.669415,-2.568733,-3.017863,-3.557259,37687.668,19.536697,12.802974,24.33432,26.087082,-9.262151,-12.943588,-13.883675,35205.234,19.246706,12.335257,24.233355,26.782282,-8.807502,-13.186981,-16.94089,5981.084,6.797259,1.948349,4.701667,5.777632,-1.553338,-2.420375,-2.757062,6631.81,6.898146,2.305297,5.868367,7.239742,-1.804952,-3.089085,-3.440146,34133.01,19.131102,13.674549,32.003292,35.67968,-8.918949,-13.729657,-14.500894,35605.008,20.09455,14.827315,35.489758,39.727165,-9.737579,-15.745153,-16.939262,12344.959,3.517541,2.086264,2.549996,2.81821,-1.702494,-2.065516,-2.584437,10917.361,3.272169,1.671634,2.034926,2.434063,-1.397794,-1.644251,-2.182147,37191.81,18.75901,13.188384,26.463732,28.499315,-9.249557,-13.145747,-14.156568,29277.8,18.779346,9.790216,18.074776,19.397833,-7.216663,-10.06638,-10.873777,6546.889,6.393136,2.264914,6.130588,8.043423,-1.762325,-3.137681,-3.677357,6991.936,6.308142,2.330974,5.729734,7.124286,-1.776776,-2.770773,-3.153662,37307.113,20.513878,15.744228,40.640533,47.304325,-10.253228,-17.493155,-18.802452,31872.281,19.035627,12.806109,31.627481,35.910538,-8.401103,-13.412359,-14.341004
1.0,225.0,14544.555,3.593275,2.742801,3.555961,3.992643,-2.249273,-2.65983,-3.161191,17197.523,4.229036,3.375641,4.202921,4.679955,-2.586373,-3.065911,-3.879847,37653.93,18.835518,12.782453,24.278572,25.863153,-9.311283,-12.972969,-14.137644,35168.01,18.559307,12.362786,24.28727,27.207111,-8.801176,-12.844035,-17.517435,5963.1665,6.724887,1.941429,4.670569,5.825731,-1.55844,-2.430451,-2.884812,6624.805,6.810612,2.293631,5.795451,7.202171,-1.788074,-3.147688,-3.472484,34084.46,18.556107,13.638794,31.849524,35.5396,-8.974529,-13.76284,-14.7205,35582.902,19.393848,14.807144,35.259007,39.865273,-9.677029,-15.689955,-17.429792,12373.705,3.477825,2.110412,2.574641,3.050342,-1.717895,-2.043755,-2.574112,10914.442,3.225156,1.685774,2.038934,2.385558,-1.414543,-1.66163,-2.133775,37234.39,18.122934,13.173472,26.383043,28.376925,-9.239099,-13.074146,-14.084168,29258.258,18.193115,9.77713,18.034084,19.428684,-7.258069,-10.102425,-10.873643,6536.754,6.324565,2.252636,6.082606,7.758547,-1.743284,-3.125686,-3.676377,6973.287,6.245781,2.315246,5.722207,7.166182,-1.781779,-2.791631,-3.142096,37250.133,19.73253,15.706885,40.34541,46.182312,-10.207659,-17.537159,-18.869131,31870.014,18.489805,12.771213,31.629856,35.982376,-8.442323,-13.361206,-14.493979
1.0,300.0,42898.95,4.512454,77.74534,120.65283,126.26776,-6.319426,-7.549002,-9.385524,41121.21,4.349227,73.25287,119.235596,125.09529,-6.034474,-7.212848,-8.917989,35396.625,29.69346,11.394546,16.113152,16.906017,-9.18957,-13.46427,-15.021883,34006.734,29.113258,10.632991,14.951994,16.871435,-8.763126,-13.05143,-15.700804,6190.068,7.516411,2.176211,4.655313,5.699622,-1.633265,-2.670698,-3.063676,7039.685,7.544536,2.559341,5.382897,6.493383,-1.875159,-3.108435,-3.503399,34121.355,31.152,13.398514,20.901625,22.009262,-9.404628,-15.379638,-17.20868,36794.44,30.961187,14.390282,22.366024,23.807108,-10.200991,-16.865843,-19.06722,41154.664,7.040547,66.71952,103.431816,107.114555,-5.586036,-6.666828,-9.525856,40221.566,6.319744,61.559574,92.875534,97.17237,-4.971539,-5.764707,-10.351004,38295.008,27.93469,13.041914,18.673367,19.661924,-9.695127,-14.152604,-15.30833,29103.97,29.20406,9.262293,12.992491,13.505975,-7.523668,-10.941156,-11.923605,7244.4614,7.343994,2.801441,6.072655,7.379093,-1.900354,-3.216701,-3.734593,7464.4404,7.267093,2.849644,6.17932,7.467421,-1.940471,-3.272619,-4.851553,40590.67,33.621193,17.241217,28.590319,30.190788,-11.286012,-19.209501,-20.753325,34095.02,32.050083,14.071786,22.649685,23.703814,-9.468141,-16.076986,-17.229079
1.0,300.0,32699.826,3.584655,15.798509,20.909775,22.661312,-4.742374,-5.664588,-7.152503,31965.94,3.572713,16.411259,23.05881,24.493916,-4.586969,-5.453953,-6.938973,35499.79,23.929409,11.951174,21.415808,22.610722,-9.202697,-13.438191,-15.124715,33980.79,23.15614,11.556121,21.145538,22.928024,-8.807295,-13.147917,-15.981666,6111.1943,7.084169,2.130085,4.873782,5.880574,-1.627224,-2.672045,-2.922739,6893.422,7.072022,2.486531,5.684446,6.912933,-1.865497,-3.092157,-3.457418,34010.3,24.450588,13.476118,28.70241,30.999418,-9.374702,-15.219872,-16.650913,36495.867,24.444492,14.659074,31.48213,34.184303,-10.209452,-16.83108,-18.898903,31693.08,5.317131,14.858014,19.925535,20.844755,-4.289774,-5.088984,-7.284407,29946.5,4.55658,13.314613,16.93203,17.839104,-3.710954,-4.33617,-5.776636,38033.324,22.511017,13.181411,24.458233,25.949186,-9.719645,-14.068725,-15.164651,29285.379,23.413628,9.529423,16.318455,17.201233,-7.569993,-10.953094,-11.670386,7059.4097,6.813376,2.512297,6.018759,8.401993,-1.883668,-3.245644,-3.885062,7317.117,6.76112,2.616597,6.074469,7.508323,-1.920001,-3.241378,-3.701188,40041.375,25.40069,16.282442,37.019405,40.805912,-11.247814,-19.147505,-21.024866,33804.918,24.398443,13.603051,30.267815,33.742096,-9.398312,-15.97181,-17.148187
1.0,10.0,5058.372,1.4073,0.338678,0.455066,0.933165,-0.448449,-0.567313,-1.160397,5592.9893,1.465432,0.384116,0.441394,0.854364,-0.476446,-0.57656,-1.113359,4109.748,3.690646,1.272944,2.171328,2.402907,-0.650887,-0.849261,-1.093432,4085.6077,3.693896,1.279871,2.241649,2.788042,-0.650418,-0.896793,-1.485859,908.3879,1.933787,0.397522,1.036435,1.317156,-0.161572,-0.237846,-0.450489,1004.897,1.909338,0.447058,1.183887,1.414015,-0.181508,-0.272761,-0.527138,4510.6943,4.163605,1.783734,3.854822,4.228262,-0.804862,-1.127521,-1.388626,4778.963,4.10983,1.946826,4.279321,4.716882,-0.862236,-1.211616,-1.548628,4905.576,1.707751,0.356694,0.440856,1.119121,-0.455802,-0.571986,-1.85076,4796.764,1.589054,0.32999,0.402841,1.10658,-0.432623,-0.602005,-1.301657,4637.974,3.656969,1.454512,2.428718,2.724611,-0.731069,-0.973575,-1.360845,3451.307,3.678515,1.139306,2.103294,2.631981,-0.569822,-0.760657,-1.145024,1076.3258,1.910213,0.463017,1.345643,1.798514,-0.185765,-0.300375,-0.66323,1148.5906,1.935125,0.477912,1.389685,1.771391,-0.194917,-0.313881,-1.430962,5188.9443,4.218605,2.06196,4.665915,5.483417,-0.926531,-1.324933,-1.994712,4513.4585,4.189286,1.786611,4.068794,4.598068,-0.80461,-1.144059,-1.805669
1.0,20.0,7351.5127,1.606331,1.28629,1.462324,1.967469,-0.70826,-0.85191,-1.507236,7661.4346,1.634221,1.420338,1.623765,1.989378,-0.742481,-0.900379,-1.615672,6547.1284,5.720879,2.021011,3.311039,3.6116,-1.193279,-1.58493,-1.938112,6440.333,5.695968,1.99768,3.379586,4.018899,-1.177981,-1.654366,-2.302991,1360.6832,2.42568,0.540678,1.395621,1.752989,-0.274328,-0.41601,-0.583105,1511.8512,2.402388,0.612153,1.647111,2.035999,-0.306222,-0.476763,-0.75379,6973.5576,6.338927,2.621529,5.382483,6.005078,-1.437606,-2.076544,-2.34125,7399.1494,6.290912,2.845116,6.077793,6.702983,-1.539309,-2.300336,-2.603358,7325.1772,2.110023,1.330778,1.525614,2.091056,-0.710567,-0.871733,-1.730308,7360.0054,1.989356,1.200016,1.444063,2.572354,-0.659031,-0.80289,-1.632912,7309.002,5.632993,2.320277,3.776948,4.238191,-1.323271,-1.788387,-2.249847,5427.621,5.615367,1.707051,2.987145,3.533806,-1.022557,-1.398635,-2.391244,1603.0533,2.396628,0.627121,1.82274,2.703888,-0.31242,-0.495641,-0.847834,1700.4626,2.411253,0.646047,1.772933,3.025139,-0.329037,-0.509047,-0.90808,8066.4424,6.613073,3.050791,6.614734,7.678962,-1.658806,-2.530059,-3.008138,6948.2026,6.416813,2.616373,5.596053,6.5259,-1.420698,-2.121264,-2.651037
1.0,30.0,12871.996,2.060249,1.63198,1.86026,2.348435,-1.472418,-1.790116,-2.679039,13213.184,2.100356,1.791119,2.043834,2.462706,-1.520252,-1.860828,-2.778394,8374.987,6.956259,2.679896,4.324763,4.640697,-1.634695,-2.240497,-2.531525,8231.279,6.940679,2.628419,4.381596,4.924576,-1.614695,-2.297642,-3.582759,1725.9894,2.806587,0.638475,1.597923,1.926151,-0.360206,-0.544293,-0.849232,1918.4215,2.773932,0.720973,1.852312,2.238066,-0.410634,-0.625884,-0.860438,8854.77,7.708563,3.361793,6.566291,7.216098,-1.933743,-2.891871,-3.330197,9384.011,7.638858,3.603497,7.315877,7.882939,-2.085637,-3.135933,-3.560474,13429.981,3.07783,1.676253,1.94459,2.560405,-1.48938,-1.752426,-3.065674,12807.591,2.739732,1.488465,1.793093,2.275839,-1.328403,-1.595688,-2.487201,9312.017,6.811642,3.066805,4.968197,5.389166,-1.815261,-2.48778,-2.880936,6931.7485,6.832823,2.209383,3.739813,4.218196,-1.387127,-1.92201,-2.381985,2027.288,2.761266,0.73116,2.045535,2.701279,-0.419037,-0.670012,-0.978149,2148.2788,2.782301,0.760467,1.987266,2.60989,-0.432767,-0.691435,-1.453563,10243.326,8.038055,3.917478,8.008168,8.866323,-2.255762,-3.491193,-4.181947,8824.979,7.808377,3.343668,6.776605,7.407073,-1.922077,-2.94849,-3.585099
1.0,40.0,18325.664,2.480353,2.880535,3.394946,3.920108,-2.168351,-2.609766,-3.598208,18052.773,2.486299,3.127361,3.73801,4.225449,-2.127895,-2.593058,-3.495211,10217.651,8.172629,3.241945,5.282255,5.580384,-2.099178,-2.885354,-3.186642,10099.554,8.139724,3.177109,5.356707,6.230004,-2.06032,-2.918053,-3.869599,2072.4275,3.173201,0.737454,1.80971,2.112247,-0.443987,-0.669625,-0.923977,2332.9165,3.158006,0.836754,2.101589,2.618913,-0.50757,-0.773834,-1.104255,10707.304,8.979438,4.009445,7.765249,8.419763,-2.433627,-3.679514,-4.010678,11463.088,8.969561,4.302985,8.609004,9.352923,-2.628046,-3.973219,-4.331459,18693.414,3.849519,2.978908,3.564164,4.020011,-2.070187,-2.429306,-3.708833,18646.2,3.480785,2.530454,2.967126,3.662384,-1.944089,-2.269962,-3.230188,11425.272,8.058043,3.711908,6.076128,6.642374,-2.319066,-3.183967,-3.749746,8427.949,8.01119,2.649588,4.464991,4.812367,-1.762193,-2.466348,-2.979107,2456.7485,3.138508,0.849823,2.301262,2.90123,-0.515347,-0.861292,-1.276883,2563.2117,3.134505,0.883387,2.253786,2.815258,-0.53163,-0.846083,-1.557948,12538.515,9.470541,4.726282,9.496989,10.426715,-2.855774,-4.45536,-4.970575,10678.21,9.120824,4.00863,8.120959,8.703615,-2.406649,-3.767757,-4.225815
1.0,50.0,16488.79,2.331882,3.452117,4.117271,4.886787,-2.022687,-2.463677,-3.264668,16703.902,2.394436,3.712698,4.49011,4.911285,-2.023011,-2.507179,-3.671302,12159.926,8.909521,3.958438,6.55087,6.903784,-2.586159,-3.5955,-4.011302,11909.151,8.754051,3.878712,6.565395,7.607795,-2.527105,-3.661245,-4.771228,2399.208,3.415111,0.850092,2.070715,2.471073,-0.530644,-0.816751,-1.068982,2670.399,3.363541,0.961721,2.35811,2.754077,-0.598182,-0.927494,-1.200907,12617.642,9.712862,4.823877,9.437967,10.132053,-2.965672,-4.473518,-4.86494,13408.261,9.604889,5.170859,10.323428,11.130482,-3.1762,-4.917162,-5.594116,16887.52,3.563581,3.486034,4.201437,4.845953,-1.928767,-2.32967,-3.200567,16411.217,3.122615,3.073625,3.640544,4.317389,-1.771779,-2.080017,-2.956786,13410.818,8.596555,4.507345,7.513219,8.170902,-2.820124,-3.914828,-4.452663,9967.492,8.705861,3.194298,5.424591,5.905564,-2.150399,-2.982535,-3.408506,2786.387,3.316807,0.97379,2.590158,3.251405,-0.602062,-0.965023,-1.273137,2943.645,3.35246,1.015703,2.588776,3.086741,-0.630947,-0.989762,-1.409716,14611.277,10.066806,5.689662,11.5183,12.490304,-3.450037,-5.495696,-6.162991,12486.146,9.772925,4.802554,9.728465,10.571848,-2.920273,-4.63749,-5.190338
1.0,75.0,17605.951,2.472539,4.096468,4.958172,5.583215,-2.25096,-2.800272,-3.748642,17691.443,2.507108,4.432821,5.491885,6.131546,-2.216694,-2.769012,-4.282405,16010.715,10.874644,5.376172,9.183359,9.763947,-3.574297,-5.053163,-5.498758,15568.419,10.654171,5.243986,9.21764,10.585759,-3.491047,-5.043378,-6.615269,3025.2654,3.937925,1.060304,2.593026,3.10053,-0.69125,-1.065331,-1.348333,3370.7178,3.894777,1.205632,2.978862,3.532739,-0.794291,-1.269579,-1.574901,16211.557,11.654393,6.377476,12.862548,13.75977,-3.938716,-6.101086,-6.625203,17260.695,11.603859,6.876575,14.080769,15.140874,-4.294201,-6.817646,-7.438107,17759.146,3.765507,4.1183,5.113511,5.76217,-2.110368,-2.524081,-4.297927,17036.55,3.312173,3.547727,4.265178,4.854873,-1.888085,-2.221968,-3.112446,17510.223,10.491825,6.075293,10.535705,11.359567,-3.888028,-5.529856,-6.242846,13082.821,10.590816,4.290436,7.433578,8.357186,-2.940304,-4.235213,-4.654048,3486.7043,3.816565,1.211831,3.218262,4.055368,-0.800143,-1.300324,-1.802943,3681.6577,3.839905,1.266636,3.243151,3.93708,-0.818216,-1.318341,-1.740072,18803.629,12.201903,7.544146,15.944697,17.85917,-4.666017,-7.669718,-8.370194,16022.28,11.736815,6.315991,13.339389,14.578674,-3.897754,-6.275522,-7.142504
1.0,100.0,17033.184,2.448752,3.84412,4.693249,5.118463,-2.236203,-2.748098,-3.653489,17147.412,2.482737,4.152503,5.199409,5.882332,-2.19962,-2.699342,-3.499576,19480.738,12.693327,6.720149,11.816905,12.489102,-4.505834,-6.335944,-7.125364,18877.732,12.399521,6.543453,11.80747,12.974138,-4.372311,-6.383696,-8.16902,3577.7666,4.399153,1.248059,3.106372,3.814992,-0.846915,-1.318198,-1.570403,3986.8374,4.354784,1.432449,3.571235,4.229497,-0.963986,-1.552453,-1.927618,19483.498,13.507224,7.816179,16.321842,17.5923,-4.879513,-7.527271,-8.117995,20774.033,13.48789,8.466817,17.9275,19.46047,-5.273659,-8.345992,-9.055335,17098.365,3.722565,3.84502,4.836318,5.394607,-2.093964,-2.506798,-3.134218,16201.006,3.250903,3.283289,3.987715,4.55009,-1.839838,-2.213771,-2.983284,21146.576,12.193194,7.537254,13.543134,14.195895,-4.84289,-6.84555,-7.516099,15862.6455,12.356644,5.32807,9.394329,9.948114,-3.682874,-5.141313,-5.713683,4099.5986,4.244702,1.436357,3.833055,4.881826,-0.967332,-1.59666,-2.100093,4311.445,4.254097,1.488712,3.821384,4.826958,-0.99758,-1.630168,-2.181205,22570.486,14.144225,9.26341,20.436174,22.233116,-5.719749,-9.496864,-10.389866,19161.457,13.541424,7.701649,16.949884,18.5501,-4.791313,-7.80015,-8.481027
1.0,125.0,17094.316,2.452713,3.669239,4.486968,5.077318,-2.327002,-2.852621,-4.034967,17317.377,2.514577,3.959006,4.937053,5.497997,-2.276701,-2.798699,-4.091766,22052.133,14.038746,7.821076,14.117542,14.925143,-5.257884,-7.536622,-8.370166,21353.203,13.690545,7.611401,13.961297,15.061493,-5.081407,-7.421767,-8.939157,3949.9524,4.700955,1.404147,3.519923,4.240704,-0.970955,-1.532429,-1.764453,4423.145,4.677104,1.612708,4.049279,4.950967,-1.105447,-1.774852,-2.092404,21799.697,14.806822,8.994118,19.304222,20.944782,-5.605159,-8.899744,-9.806288,23287.607,14.787375,9.771772,21.11973,23.221167,-6.06832,-9.715377,-10.668172,17259.266,3.809614,3.667487,4.63662,5.121379,-2.169469,-2.68094,-3.543516,16080.133,3.2562,3.086793,3.767121,4.248675,-1.869483,-2.240464,-3.689932,23922.332,13.476639,8.729217,16.071033,17.050238,-5.63385,-7.99423,-8.684443,18012.625,13.712779,6.200199,11.069787,11.944012,-4.301993,-6.140884,-7.377854,4543.6743,4.560061,1.611722,4.360491,5.506269,-1.107353,-1.848043,-2.358451,4747.9897,4.548876,1.674896,4.354946,5.421991,-1.137401,-1.837258,-2.503235,25381.418,15.547805,10.680754,24.241348,26.599096,-6.602414,-10.967422,-15.220791,21494.656,14.899042,8.860849,20.05787,22.32361,-5.527822,-9.055131,-9.856840
1.0,150.0,17695.451,2.51547,3.609441,4.413771,4.838199,-2.410484,-2.940667,-3.88124,17518.25,2.521857,3.882473,4.818806,5.460124,-2.327312,-2.846317,-3.933951,24078.736,15.265151,8.587131,15.590375,16.425158,-5.894971,-8.466431,-9.448216,23349.895,14.976751,8.380557,15.541923,16.904737,-5.671796,-8.188536,-9.606748,4257.6255,5.056563,1.496081,3.734763,4.57536,-1.074813,-1.675939,-2.18135,4776.4707,5.056753,1.732662,4.369538,5.523578,-1.210293,-1.960784,-2.264306,23647.71,16.066727,9.785097,21.254366,23.174196,-6.245045,-9.859473,-10.83834,25320.018,16.184225,10.68244,23.422255,25.780027,-6.702485,-10.735952,-11.809564,17540.719,3.833845,3.642668,4.610873,6.953913,-2.254987,-2.725361,-3.436644,16427.672,3.334677,3.012526,3.808811,4.130085,-1.918695,-2.323624,-3.286424,26019.502,14.71568,9.561218,17.86155,19.178823,-6.248313,-8.878604,-9.490056,19689.668,14.904715,6.81134,12.172015,12.975539,-4.822398,-6.856778,-7.847623,4897.506,4.920373,1.731065,4.683178,5.969041,-1.211726,-2.045231,-2.593454,5088.77,4.85719,1.788493,4.609975,5.730764,-1.255779,-2.052288,-3.042795,27610.504,17.041758,11.653652,26.951635,29.76052,-7.306062,-12.253183,-13.732206,23300.21,16.17291,9.620875,22.090595,24.40698,-6.140264,-10.090014,-11.123352
1.0,175.0,17726.494,2.492576,3.634591,4.440304,5.107065,-2.498542,-3.09237,-3.987324,17608.498,2.502993,3.876546,4.745648,5.326071,-2.412902,-2.974511,-4.025729,25910.799,16.736797,9.206032,16.882177,17.833132,-6.448394,-9.260233,-10.147426,25042.559,16.432499,8.938943,16.73341,18.189472,-6.219844,-9.046486,-10.932295,4512.3203,5.389644,1.574579,3.963188,4.800607,-1.156359,-1.862612,-2.244303,5082.9023,5.391969,1.815308,4.599112,5.654675,-1.3176,-2.194531,-2.555814,25190.998,17.404177,10.435438,23.009764,25.113369,-6.74078,-10.718388,-11.854288,27049.172,17.507812,11.311344,25.152872,27.68479,-7.309844,-11.882096,-12.819629,17757.166,3.804085,3.696339,4.666013,4.891391,-2.338066,-2.816368,-4.040784,16339.455,3.272417,3.031762,3.669416,4.161369,-1.951578,-2.34889,-3.116943,27831.57,16.017921,10.154045,19.218113,20.439444,-6.810588,-9.774451,-11.111828,21219.934,16.268333,7.30866,13.141732,13.989609,-5.269375,-7.496552,-8.328498,5204.5396,5.228795,1.816868,4.932129,6.280212,-1.321662,-2.267825,-2.643436,5390.2744,5.178614,1.881849,4.906634,6.11173,-1.351251,-2.253622,-2.753059,29496.184,18.435596,12.379673,29.1012,32.59926,-7.972238,-13.648472,-14.640792,24830.055,17.468035,10.273225,24.02573,26.888193,-6.647374,-11.212314,-11.870743
1.0,200.0,18071.3,2.483332,3.661341,4.431902,5.059683,-2.592096,-3.178052,-4.112752,17796.086,2.49206,3.901424,4.649694,5.080127,-2.477611,-2.988449,-4.071494,27476.96,18.643469,9.557368,17.50127,18.62996,-6.961251,-10.084904,-11.117148,26566.744,18.11632,9.284667,17.332289,18.735916,-6.68437,-9.822073,-12.05025,4800.393,5.913818,1.612469,4.038448,4.888504,-1.246682,-2.001516,-2.318342,5398.9473,5.88111,1.859607,4.652325,5.651211,-1.413999,-2.325351,-2.61308,26736.67,19.397408,10.808951,23.811228,26.000263,-7.269285,-11.601392,-12.963787,28656.016,19.415985,11.715288,25.913641,28.379074,-7.851596,-12.823811,-14.351849,18048.55,3.807119,3.771694,4.665954,5.150631,-2.4112,-2.909893,-4.087209,16442.738,3.20002,3.076511,3.681932,4.164043,-2.003524,-2.419897,-3.1365,29571.111,17.793396,10.499587,19.805569,21.19491,-7.355081,-10.514836,-11.387166,22653.402,18.168129,7.613251,13.621685,14.638143,-5.723536,-8.200184,-8.795357,5535.893,5.696068,1.858379,5.001024,6.480149,-1.421961,-2.423269,-2.828123,5718.079,5.643732,1.92697,4.987158,6.404903,-1.456931,-2.442315,-3.037539,31429.646,20.513817,12.830386,30.12079,33.42048,-8.601904,-14.578497,-15.791996,26441.455,19.451336,10.660749,24.93492,27.84817,-7.194756,-12.155585,-13.353776
1.0,225.0,18164.457,2.484913,3.790557,4.396354,4.948976,-2.655965,-3.206245,-4.268893,17950.295,2.498091,4.112505,4.583522,5.14328,-2.545879,-3.069637,-4.151369,29525.848,20.333263,10.20026,18.684755,19.733295,-7.572734,-10.991386,-12.256761,28542.13,19.707678,9.935109,18.532112,20.439888,-7.282268,-11.071642,-13.331675,5094.476,6.275151,1.698903,4.238754,5.22795,-1.336943,-2.173436,-2.453693,5727.8574,6.224901,1.963044,4.880857,6.02281,-1.519793,-2.536148,-2.847492,28470.762,20.938435,11.465626,25.374815,27.811804,-7.807986,-12.686418,-13.824161,30534.021,20.945375,12.432697,27.587292,30.232473,-8.463804,-14.046845,-15.575569,18221.447,3.807438,3.944652,4.652657,5.122538,-2.485607,-2.989248,-4.570049,16411.861,3.189038,3.220621,3.639539,4.205266,-2.041842,-2.43228,-3.306595,31581.533,19.268187,11.163685,21.161804,22.574308,-7.96573,-11.451654,-12.356908,24388.0,19.733994,8.137788,14.569903,15.595377,-6.226788,-8.947035,-10.033481,5866.2876,6.019604,1.967948,5.232928,6.596587,-1.529401,-2.629868,-3.237863,6074.787,5.994967,2.034538,5.242066,6.563602,-1.561583,-2.605106,-3.134271,33453.066,22.027472,13.635002,32.25769,36.057987,-9.276638,-15.869801,-17.0494,28167.541,20.942501,11.313517,26.658215,29.813715,-7.724428,-13.110104,-14.344407
1.0,250.0,18136.953,2.487058,3.981293,4.359917,4.834054,-2.681671,-3.24058,-4.102292,18150.014,2.522932,4.385487,4.799883,6.010767,-2.585749,-3.090308,-4.439542,31979.117,21.603382,11.041341,20.393583,21.569723,-8.289862,-12.08718,-13.492447,30736.184,20.883238,10.745638,20.180466,21.893356,-7.941901,-11.927157,-15.907635,5439.92,6.526271,1.818259,4.542656,5.598991,-1.441945,-2.349226,-2.675414,6106.6904,6.484118,2.103286,5.250136,6.571683,-1.649764,-2.732747,-3.119604,30515.758,22.065842,12.31696,27.512077,30.128283,-8.437331,-13.818792,-15.232852,32652.783,22.084604,13.369471,29.968071,32.9253,-9.181763,-15.085596,-16.57459,18441.174,3.879382,4.177744,4.690754,5.22687,-2.533506,-3.012061,-3.885318,16252.3125,3.186289,3.337766,3.620897,4.259311,-2.039878,-2.4137,-3.343251,33948.777,20.41585,12.063275,23.083792,24.561302,-8.675682,-12.481831,-13.169031,26433.344,21.023304,8.831505,15.819792,16.900381,-6.812937,-9.820416,-10.557696,6249.733,6.280649,2.103176,5.604448,7.133541,-1.655253,-2.843694,-3.403668,6482.2114,6.231127,2.178415,5.585247,7.042505,-1.680359,-2.802156,-3.245158,35699.395,23.231386,14.652927,35.102276,39.59708,-10.037327,-17.199858,-18.674784,30154.76,22.10205,12.164867,28.900034,32.40593,-8.340518,-14.122873,-15.246522
1.0,275.0,25617.27,3.114641,19.400312,24.523249,25.9204,-3.668483,-4.408135,-5.581372,25851.604,3.146496,20.201256,26.541416,27.98232,-3.673244,-4.380953,-5.440681,33857.13,23.330467,11.679307,20.701101,21.904638,-8.836857,-12.945337,-14.227084,32482.145,22.59559,11.337054,20.400251,22.018564,-8.507368,-12.762389,-17.571033,5735.356,6.947195,1.996996,4.386314,5.321104,-1.531924,-2.492726,-2.853844,6444.2944,6.926056,2.321989,5.066127,6.144837,-1.764741,-2.970845,-3.380789,32146.373,23.75608,12.976315,27.277683,29.640806,-8.923073,-14.547669,-16.100246,34397.37,23.8591,14.078004,29.609713,32.250748,-9.766018,-16.320162,-18.036182,26081.195,5.012666,18.620914,22.844795,23.708303,-3.501739,-4.175982,-4.958215,23676.945,4.203992,16.356314,19.504118,21.040195,-2.883986,-3.353656,-4.040418,35804.19,22.03421,12.731876,23.408133,24.920319,-9.238288,-13.484459,-15.138369,28061.68,22.708399,9.387623,15.981265,16.990557,-7.280271,-10.517656,-11.304157,6606.3657,6.712343,2.345298,5.415437,6.867818,-1.78087,-3.10916,-3.620055,6849.215,6.629841,2.423991,5.366415,6.820549,-1.795429,-2.987,-3.696222,37695.363,25.17789,15.464257,34.37637,38.27203,-10.751651,-18.611654,-19.926636,31840.596,23.799288,12.917577,28.337559,31.364532,-8.869688,-15.009561,-16.087598
1.0,10.0,2249.372,1.186855,0.245023,0.392848,0.770276,-0.207454,-0.273287,-0.650091,2042.2129,1.171201,0.222646,0.378769,0.869942,-0.20237,-0.267528,-0.677304,4193.9766,3.720336,1.229441,2.029086,2.25671,-0.660773,-0.864786,-1.179908,4179.9224,3.731946,1.237063,2.133165,3.030565,-0.663178,-0.895717,-1.436716,894.9978,1.936025,0.367864,0.910971,1.168399,-0.159993,-0.24099,-0.464395,988.5503,1.913083,0.414494,1.058948,1.355857,-0.179005,-0.262539,-0.505254,4605.626,4.189246,1.735524,3.589306,3.990058,-0.825521,-1.143812,-1.436555,4853.824,4.159435,1.876038,3.99465,4.442361,-0.876852,-1.21995,-1.529995,1660.0405,1.252824,0.183269,0.27565,0.830731,-0.182139,-0.265933,-0.962893,1929.7686,1.258665,0.189653,0.29765,1.0865,-0.181362,-0.275231,-0.953043,4681.3696,3.699521,1.381386,2.25308,2.613463,-0.73396,-1.018367,-1.882951,3546.16,3.694734,1.127677,2.038634,2.489745,-0.588413,-0.795056,-1.25548,1052.6244,1.911133,0.431329,1.290411,1.7145,-0.185788,-0.302254,-0.808915,1112.5034,1.919237,0.43871,1.140537,1.533734,-0.192472,-0.313146,-0.762782,5245.5146,4.275972,1.967529,4.322655,4.842647,-0.939201,-1.361787,-1.918145,4565.8896,4.182854,1.728558,3.755128,4.404057,-0.814894,-1.155352,-1.619620
1.0,20.0,3672.2305,1.307625,0.526652,0.62584,0.908411,-0.389341,-0.503367,-0.914995,3929.9668,1.337651,0.540963,0.61031,1.055792,-0.402824,-0.502217,-1.026174,7064.473,5.78566,2.047534,3.21198,3.49394,-1.28241,-1.716569,-1.987151,6996.736,5.754957,2.018622,3.267054,3.885213,-1.271861,-1.768945,-2.538996,1425.3196,2.470502,0.513651,1.235475,1.542529,-0.283591,-0.42411,-0.630497,1582.7261,2.44164,0.581303,1.428622,1.699695,-0.321226,-0.486286,-0.686952,7482.823,6.381646,2.641906,5.097651,5.561039,-1.535922,-2.202511,-2.524153,7937.019,6.33333,2.826971,5.659572,6.237121,-1.650973,-2.407155,-2.715673,3526.2573,1.580219,0.50119,0.595764,1.055003,-0.367066,-0.453854,-1.328868,3596.8286,1.51293,0.463329,0.548226,1.164423,-0.346563,-0.450909,-1.000106,7804.54,5.666677,2.322991,3.621556,4.043927,-1.41645,-1.904091,-2.60152,5859.7583,5.678296,1.743876,2.934281,3.285083,-1.103782,-1.486311,-2.038573,1672.7092,2.438781,0.594951,1.584593,2.300225,-0.325673,-0.531353,-0.879221,1756.8075,2.438711,0.607962,1.531606,2.083988,-0.336272,-0.52395,-1.075524,8601.976,6.65973,3.030647,6.068057,6.646554,-1.773954,-2.698275,-3.129337,7381.4077,6.422893,2.611118,5.199237,5.734501,-1.507456,-2.244557,-2.744645
1.0,30.0,6922.6816,1.587419,0.802707,0.922161,1.278023,-0.797335,-0.979405,-1.492118,7173.375,1.621704,0.806801,0.93125,1.386982,-0.823384,-0.989106,-1.53551,8974.484,6.985492,2.853799,4.555824,4.853003,-1.77332,-2.419477,-2.742389,8875.017,6.909819,2.796063,4.542089,5.276209,-1.750902,-2.456624,-3.23611,1759.7184,2.791224,0.645733,1.576424,1.966356,-0.376149,-0.567295,-0.741081,1954.5767,2.746476,0.723178,1.783227,2.193785,-0.424345,-0.636566,-0.840171,9403.044,7.672332,3.56548,6.838222,7.305586,-2.088047,-3.123085,-3.431804,9975.378,7.605579,3.796506,7.472645,8.020247,-2.2387,-3.358533,-3.742362,6956.736,2.182773,0.74245,0.873963,1.425121,-0.783543,-0.941386,-1.579012,6658.7656,1.977088,0.682231,0.811442,1.928809,-0.684868,-0.821695,-1.567248,9907.529,6.826568,3.228748,5.157694,5.602994,-1.944944,-2.669991,-3.223461,7436.3115,6.875041,2.361373,3.963822,4.48294,-1.50806,-2.068339,-2.742772,2053.6265,2.731914,0.73305,1.947582,2.512071,-0.430507,-0.672421,-1.121926,2168.438,2.75458,0.765209,1.936805,3.101978,-0.445236,-0.68239,-1.123836,10841.799,7.999802,4.119762,8.153886,8.933969,-2.408049,-3.68401,-4.193922,9283.015,7.742827,3.510791,6.965059,7.684264,-2.042074,-3.150125,-3.717845
1.0,40.0,8919.943,1.759081,1.456946,1.723672,2.160402,-1.032589,-1.266374,-1.923827,9054.128,1.783936,1.524764,1.781484,2.309864,-1.032145,-1.261652,-1.885837,10673.747,8.027861,3.54761,5.788391,6.252787,-2.215567,-3.055465,-3.367828,10527.23,7.974993,3.492238,5.811862,6.466843,-2.185565,-3.084377,-4.114849,2045.4672,3.0627,0.758904,1.834415,2.229849,-0.45314,-0.669521,-0.945049,2278.5574,3.031944,0.859924,2.116286,2.493991,-0.510435,-0.776302,-1.028329,11069.929,8.787167,4.338914,8.419501,9.023176,-2.563236,-3.832,-4.185341,11769.341,8.76026,4.664905,9.251264,10.067758,-2.750872,-4.175882,-4.560161,8968.081,2.525378,1.428341,1.672563,2.373985,-0.994124,-1.207379,-2.283817,8561.337,2.266837,1.207016,1.415036,1.935184,-0.868811,-1.031427,-1.711926,11728.314,7.846172,4.020146,6.587613,7.095891,-2.41501,-3.363469,-4.229993,8824.207,7.898281,2.898218,4.908087,5.393362,-1.866027,-2.572379,-3.230607,2385.224,3.009494,0.870666,2.317085,2.852631,-0.515237,-0.825531,-1.267219,2504.6553,3.009905,0.901461,2.246352,2.718575,-0.533826,-0.823931,-1.252957,12797.461,9.196884,5.085391,10.147424,11.206242,-2.962476,-4.59065,-5.960609,10932.647,8.853217,4.283331,8.588444,9.394072,-2.507419,-3.820183,-4.275074
1.0,50.0,10070.128,1.840816,1.586515,1.877421,2.322304,-1.242419,-1.533729,-2.139077,10695.694,1.924312,1.654537,1.921802,2.435307,-1.268802,-1.572832,-2.515618,12558.914,9.277339,4.119844,6.829804,7.270613,-2.691472,-3.752655,-4.281001,12279.844,9.057845,4.035194,6.847761,7.670062,-2.630843,-3.78009,-4.711144,2386.281,3.421744,0.836964,2.043115,2.401367,-0.534586,-0.823783,-1.147311,2642.4365,3.361101,0.94887,2.323002,2.818688,-0.602452,-0.962596,-1.199225,12885.222,10.070913,4.971515,9.746752,10.529325,-3.053676,-4.722947,-5.232077,13630.161,9.941365,5.335974,10.677412,11.406019,-3.269323,-5.143533,-5.703227,10599.952,2.800805,1.551871,1.816865,2.751477,-1.212228,-1.450975,-2.186998,9777.337,2.399847,1.320606,1.553029,1.967965,-1.058569,-1.260768,-2.004901,13667.798,8.933802,4.656537,7.78045,8.264738,-2.913031,-4.054769,-4.620756,10341.185,9.090718,3.348608,5.71099,6.458319,-2.246315,-3.138384,-3.793981,2750.1003,3.320078,0.96078,2.536355,3.156947,-0.60579,-0.992931,-1.4113,2912.524,3.353913,0.993973,2.506134,3.28304,-0.630694,-0.978307,-1.38705,14791.907,10.419175,5.831874,11.838414,12.962004,-3.529411,-5.705198,-6.240658,12686.674,10.1118,4.891593,10.000071,10.807211,-2.987017,-4.750254,-5.448098
1.0,75.0,13309.5205,2.119049,2.375987,2.844653,3.267417,-1.702938,-2.085518,-2.710509,13410.358,2.162633,2.511735,2.999832,3.5858,-1.663357,-2.035251,-2.794836,15484.173,10.976084,5.499768,9.520248,9.978901,-3.511368,-4.93987,-5.391339,15207.11,10.847155,5.39128,9.459877,10.500055,-3.425232,-4.888787,-6.1269,2848.643,3.85903,1.051685,2.591935,3.136377,-0.668904,-1.04786,-1.26575,3187.2866,3.812999,1.1984,2.950435,3.50998,-0.757602,-1.19097,-1.57971,15707.37,11.86241,6.51188,13.29367,14.384569,-3.884784,-6.047376,-6.592933,16748.41,11.792113,7.017429,14.466763,15.698268,-4.17263,-6.586634,-7.176307,13498.568,3.281918,2.380611,2.88193,3.289515,-1.603894,-1.918866,-2.780695,12717.628,2.827072,1.992001,2.385626,2.881801,-1.396574,-1.650031,-2.462398,16902.1,10.610966,6.176357,10.795337,11.440866,-3.767137,-5.299787,-6.010971,12747.067,10.763768,4.407761,7.742955,8.218427,-2.911689,-4.091196,-4.664301,3307.7107,3.757297,1.207595,3.196437,3.978388,-0.762788,-1.249671,-1.718006,3451.7815,3.763095,1.247476,3.180111,3.991161,-0.784979,-1.254116,-1.678223,18268.627,12.417083,7.701667,16.342833,17.86247,-4.529857,-7.34063,-8.106494,15496.738,11.968332,6.404366,13.691885,14.985227,-3.80701,-6.108359,-7.879777
1.0,100.0,13581.796,2.12905,2.525969,3.058283,3.56152,-1.828908,-2.287042,-3.192525,13670.39,2.164866,2.642224,3.169701,3.786265,-1.781255,-2.193807,-3.217789,18074.395,12.850054,6.382978,11.233229,11.927312,-4.248915,-6.023689,-6.568306,17670.098,12.601428,6.221996,11.16933,12.148407,-4.168478,-6.053608,-7.726066,3267.1604,4.357159,1.16625,2.886116,3.533929,-0.790381,-1.229352,-1.513152,3661.0747,4.320771,1.326452,3.306255,3.95776,-0.901643,-1.435256,-1.755729,18104.566,13.663774,7.468822,15.56941,16.86811,-4.617217,-7.098899,-7.831358,19332.129,13.649549,8.035711,16.859934,18.259624,-4.994743,-7.933591,-8.85491,13937.518,3.306218,2.546566,3.143311,3.636846,-1.72639,-2.068304,-2.710555,12902.902,2.832019,2.108241,2.559532,3.063703,-1.474867,-1.785952,-2.692952,19576.555,12.354835,7.126714,12.747064,13.73532,-4.545999,-6.453548,-7.139317,14882.272,12.544367,5.11696,9.036182,9.642838,-3.510082,-4.947154,-5.447903,3786.6255,4.245738,1.335512,3.566546,4.418203,-0.908639,-1.486872,-2.021823,3937.8386,4.224293,1.38744,3.530663,4.548584,-0.927541,-1.500952,-2.621775,21091.516,14.358296,8.803663,19.23352,21.320318,-5.429686,-8.950619,-9.823496,17842.492,13.687602,7.344775,16.11951,17.617243,-4.535805,-7.442608,-8.197373
1.0,125.0,13945.742,2.149523,2.62396,3.198877,3.663251,-1.974414,-2.445874,-3.238966,14312.717,2.228258,2.693809,3.23431,3.954538,-1.915673,-2.34836,-3.21661,20698.066,14.894155,7.268014,13.000058,13.734554,-4.960433,-7.090241,-7.75754,20096.127,14.420355,7.098047,12.882762,14.632697,-4.838364,-7.122667,-8.824628,3694.4731,4.87412,1.287512,3.218188,3.874281,-0.904287,-1.42062,-1.673599,4111.769,4.778327,1.467398,3.658686,4.313856,-1.035839,-1.672496,-1.962725,20513.824,15.760268,8.403778,17.879965,19.443117,-5.297016,-8.413984,-9.362612,21799.3,15.605996,9.055186,19.278353,20.985271,-5.763661,-9.337518,-10.118907,14583.629,3.431111,2.621803,3.240237,3.721844,-1.863318,-2.247272,-3.044241,13043.751,2.81917,2.169006,2.630834,3.076636,-1.562793,-1.878148,-2.532261,22195.703,14.154769,8.06619,14.675782,15.694403,-5.272523,-7.564841,-8.57547,17060.615,14.576111,5.820991,10.375155,10.988326,-4.089638,-5.802981,-6.412653,4231.8184,4.662345,1.473222,3.93851,5.063498,-1.041183,-1.723395,-2.193607,4434.15,4.694406,1.532056,4.04792,5.173157,-1.05778,-1.700975,-2.25615,23785.033,16.3887,9.932469,22.171585,24.451714,-6.268405,-10.411335,-11.203191,20210.912,15.791235,8.261236,18.573444,20.884602,-5.215946,-8.556845,-9.432507
1.0,150.0,14643.725,2.22101,2.668076,3.276431,3.697046,-2.099525,-2.57444,-3.479451,14725.203,2.253597,2.753287,3.307187,3.819027,-2.025298,-2.492883,-3.478446,22983.902,16.462029,8.052219,14.520379,15.376904,-5.612608,-8.02578,-8.949404,22311.623,16.018442,7.870376,14.491481,15.797996,-5.462757,-8.13691,-12.438436,4049.5952,5.241299,1.388793,3.474286,4.250907,-1.007567,-1.610814,-2.056911,4534.087,5.208922,1.601883,4.045697,4.869877,-1.149592,-1.871308,-2.252242,22593.787,17.293982,9.217796,19.787403,21.469131,-5.926384,-9.499262,-10.308326,24091.73,17.320372,10.005614,21.653494,23.715633,-6.427116,-10.326416,-11.305555,15068.102,3.474372,2.729867,3.375918,3.819942,-1.995656,-2.416733,-3.310789,13457.881,2.9048,2.200572,2.690356,3.855423,-1.643906,-1.978409,-3.039748,24644.395,15.739875,8.91323,16.509354,17.860594,-5.942316,-8.457999,-9.118779,18973.484,16.061205,6.438801,11.503769,12.269987,-4.632369,-6.577186,-7.370026,4669.678,5.089973,1.606066,4.329234,5.537453,-1.156623,-1.966815,-2.472742,4848.483,5.036184,1.648976,4.256393,5.267018,-1.176432,-1.930453,-2.271943,26334.922,18.209745,10.950289,24.992516,27.650131,-7.006507,-11.861651,-12.764487,22300.719,17.29306,9.058548,20.654024,22.886967,-5.848479,-9.79366,-10.699778
1.0,175.0,15084.56,2.259502,2.745183,3.40438,4.022824,-2.201582,-2.702316,-3.620437,15105.269,2.280822,2.838665,3.38258,3.910186,-2.121566,-2.571563,-3.303153,25577.748,18.164825,8.890054,16.212095,17.234076,-6.377264,-9.199318,-10.126145,24814.855,17.693771,8.659941,16.102783,17.459187,-6.179555,-9.074447,-11.228108,4450.601,5.642288,1.505801,3.771591,4.564166,-1.135542,-1.813988,-2.10473,4993.4478,5.602891,1.731131,4.375307,5.293714,-1.294007,-2.121425,-2.3922,24866.965,18.897911,10.088693,22.055897,24.04241,-6.657479,-10.777284,-11.777177,26610.049,18.974127,10.919498,24.017303,26.348421,-7.231979,-11.807713,-12.887089,15511.297,3.543453,2.845403,3.496872,3.917973,-2.090674,-2.540492,-4.000917,13761.244,2.95376,2.260466,2.755149,3.349169,-1.716852,-2.062343,-2.767013,27372.096,17.3453,9.763616,18.349617,19.714972,-6.720448,-9.629091,-10.48698,21116.852,17.7024,7.103559,12.749544,13.590012,-5.249286,-7.515228,-8.171135,5129.8877,5.454392,1.737409,4.709509,6.00057,-1.298967,-2.219439,-2.691607,5321.8247,5.418202,1.794568,4.635881,5.826578,-1.32441,-2.169018,-2.617739,29077.006,19.89207,11.972513,27.84633,30.808954,-7.895658,-13.394797,-14.870496,24556.887,18.859043,9.931147,23.04965,25.52422,-6.573756,-10.988616,-11.737280
1.0,200.0,15363.477,2.267799,2.853304,3.54931,3.904679,-2.293262,-2.771522,-4.072643,15423.926,2.301256,2.982157,3.487915,4.021248,-2.208671,-2.672262,-3.688879,28032.004,19.693132,9.692467,17.808928,19.025091,-7.050281,-10.146548,-11.243709,27123.994,19.105818,9.467596,17.77518,19.104671,-6.802741,-10.008974,-12.166789,4815.375,5.991208,1.618725,4.054273,4.975791,-1.237111,-1.976755,-2.332714,5407.7783,5.956474,1.869493,4.716189,5.840887,-1.409909,-2.317346,-2.643757,26987.492,20.335955,10.92724,24.147116,26.384111,-7.26603,-11.663522,-12.774212,28883.9,20.428347,11.856433,26.364965,28.855095,-7.878888,-12.861734,-14.288766,15886.508,3.581685,2.991858,3.653132,4.307311,-2.18507,-2.618989,-5.228616,13962.748,2.949166,2.350998,2.904316,3.347959,-1.770842,-2.182446,-3.490312,29855.42,18.706133,10.622424,20.157167,21.708681,-7.390411,-10.816528,-11.643688,23088.607,19.125654,7.74183,13.920729,14.969117,-5.793387,-8.294368,-9.009338,5547.106,5.788042,1.874668,5.064536,6.453575,-1.415729,-2.395861,-2.935469,5738.8066,5.733047,1.930195,4.979882,6.257866,-1.441513,-2.371213,-2.908451,31541.44,21.38699,12.986387,30.61961,34.215126,-8.622701,-14.618934,-17.86583,26587.807,20.262243,10.752365,25.242624,28.05641,-7.170977,-11.924435,-12.792339
1.0,225.0,15943.971,2.333008,2.966443,3.664959,4.048589,-2.354468,-2.866685,-3.94013,15824.436,2.341627,3.287543,3.549565,4.083517,-2.263462,-2.74444,-3.681091,30509.092,21.246115,10.47033,19.357647,20.496584,-7.800433,-11.337513,-12.374173,29556.041,20.599646,10.191939,19.208977,20.88021,-7.507012,-11.070805,-13.430644,5203.863,6.366657,1.726823,4.304135,5.228175,-1.359866,-2.21206,-2.555375,5857.5796,6.35792,1.991283,5.024178,6.147806,-1.550238,-2.549438,-2.889661,29181.861,21.813562,11.711462,26.123713,28.58342,-7.964866,-12.951261,-14.374087,31277.521,21.989855,12.696759,28.453617,31.284184,-8.628377,-14.16857,-15.695262,16290.264,3.673032,3.206884,3.986428,4.545484,-2.246946,-2.729251,-3.507731,14337.433,3.043095,2.509682,2.90143,3.368846,-1.808711,-2.265971,-2.952286,32455.057,20.17706,11.397482,21.83224,23.555035,-8.127943,-11.727125,-12.766393,25143.24,20.598482,8.361704,15.038858,16.074938,-6.404442,-9.204606,-9.821842,6002.5576,6.168509,1.996761,5.378348,6.888271,-1.559992,-2.63687,-3.266661,6189.0093,6.076916,2.060448,5.28859,6.64507,-1.581227,-2.659691,-3.303777,34190.902,23.049982,13.916771,33.200844,36.978683,-9.462962,-16.073627,-17.236683,28762.355,21.742573,11.542664,27.291279,30.574728,-7.854593,-13.280207,-14.247521
1.0,250.0,16179.165,2.354804,3.192182,3.782448,4.362735,-2.416146,-2.917094,-3.779367,16120.291,2.386822,3.578106,3.939094,5.014201,-2.302245,-2.762941,-3.61222,33065.84,22.654285,11.220554,20.822458,22.03825,-8.488411,-12.378605,-13.667122,32007.56,21.796125,10.971871,20.541,22.203077,-8.189709,-12.059615,-14.844041,5594.9917,6.75143,1.828524,4.590068,5.628756,-1.472342,-2.428846,-2.717451,6288.9873,6.667262,2.117976,5.248151,6.351742,-1.682117,-2.803098,-3.181846,31385.012,23.173853,12.46288,27.982668,30.731659,-8.597112,-13.983816,-15.553587,33634.746,23.101946,13.555835,30.30105,33.2388,-9.351829,-15.45413,-17.228207,16505.207,3.759098,3.425739,3.863939,4.291181,-2.295271,-2.751363,-3.595351,14454.406,3.059211,2.695164,2.968387,3.493757,-1.849184,-2.21423,-3.003784,35042.83,21.346735,12.198515,23.310572,25.182602,-8.867212,-12.730892,-16.547998,27233.713,22.04761,8.964056,16.18913,17.291756,-6.955468,-10.046493,-10.826634,6437.253,6.457861,2.119956,5.605653,7.252735,-1.695056,-2.903802,-3.352454,6644.985,6.439072,2.185418,5.671407,7.294702,-1.716774,-2.912064,-3.376142,36826.7,24.282322,14.866072,35.584957,40.07324,-10.247749,-17.560299,-18.78471,30906.633,23.097075,12.276757,29.390064,33.242172,-8.506979,-14.572294,-15.654575
1.0,275.0,22510.531,2.884235,17.45625,21.803785,23.290676,-3.254521,-3.889604,-5.124811,22998.29,2.975815,18.34256,23.778381,25.007376,-3.248614,-3.866517,-5.124185,35759.656,23.97477,12.083573,21.587685,22.734121,-9.227567,-13.416853,-14.585697,34518.395,23.137087,11.784904,21.281544,23.066875,-8.87048,-13.078463,-16.208435,5998.6523,7.061208,2.023732,4.564038,5.526377,-1.582796,-2.606451,-2.925379,6758.362,7.021482,2.35176,5.204851,6.335422,-1.813566,-3.036447,-3.633561,33741.9,24.35827,13.300772,28.377213,30.85034,-9.225949,-15.006624,-16.209026,36195.066,24.388327,14.472459,30.57475,33.356197,-10.060375,-16.549555,-18.381157,23187.832,4.857669,16.835594,20.78817,21.294895,-3.125689,-3.718892,-4.592087,20914.215,3.963931,14.753671,17.442394,18.35017,-2.57924,-3.020139,-3.953916,37747.367,22.63,13.134794,24.210733,25.941675,-9.556474,-13.721318,-14.613744,29403.465,23.269657,9.688965,16.696281,17.710657,-7.545319,-10.825458,-11.74836,6911.8584,6.797196,2.367625,5.542011,7.105696,-1.823085,-3.162452,-3.702362,7127.937,6.741745,2.444411,5.607336,7.216834,-1.843554,-3.123448,-3.626269,39496.984,25.542667,15.846207,35.506878,39.285378,-10.982631,-18.738745,-20.173082,33144.42,24.194193,13.181875,29.435488,32.706814,-9.101844,-15.478932,-16.632863
1.0,10.0,1712.2686,1.147731,0.222413,0.364775,0.705995,-0.172763,-0.239657,-0.634419,1647.8575,1.146219,0.208531,0.353498,0.68928,-0.161896,-0.229546,-0.653678,4479.5083,3.730488,1.36256,2.238461,2.516636,-0.715925,-0.934476,-1.244534,4496.2754,3.742551,1.368292,2.335484,2.855919,-0.730495,-0.999583,-1.645559,923.7763,1.910216,0.39889,1.005321,1.210769,-0.171385,-0.253761,-0.462607,1040.3134,1.910039,0.451556,1.155398,1.467053,-0.195086,-0.28772,-0.543883,4862.2607,4.183315,1.910329,3.965716,4.435558,-0.882381,-1.242741,-1.465611,5177.3003,4.188356,2.056315,4.403517,4.957792,-0.950886,-1.30333,-1.499485,1295.9414,1.219108,0.171353,0.239218,0.741393,-0.143745,-0.206413,-0.894995,1486.8911,1.215593,0.172057,0.269053,0.935738,-0.150684,-0.235908,-0.903511,5021.647,3.742446,1.525359,2.486097,3.340019,-0.798278,-1.049527,-1.661084,3779.9438,3.725155,1.242515,2.223299,3.040247,-0.635091,-0.841296,-1.19464,1113.62,1.919693,0.476138,1.318288,1.79635,-0.20195,-0.303413,-0.658945,1154.4263,1.906132,0.487669,1.245823,1.846219,-0.216297,-0.364104,-1.599043,5607.9487,4.326303,2.171348,4.767036,5.272217,-1.019256,-1.422881,-1.928211,4820.4873,4.19892,1.89757,4.143751,4.676336,-0.872327,-1.230104,-1.648884
1.0,20.0,3238.1133,1.282059,0.44019,0.551951,0.815362,-0.354132,-0.460575,-0.796563,3417.044,1.306188,0.431842,0.518733,0.93616,-0.351777,-0.452181,-0.92637,7262.578,5.841658,2.131337,3.28906,3.65213,-1.315684,-1.746774,-2.032917,7193.7324,5.776559,2.106717,3.341801,3.86253,-1.303675,-1.792828,-2.493995,1445.0029,2.462977,0.524051,1.238699,1.504582,-0.284299,-0.427886,-0.651929,1603.8044,2.434856,0.592547,1.42472,1.796449,-0.319975,-0.499791,-0.702111,7664.302,6.456574,2.716024,5.157923,5.636356,-1.562048,-2.239874,-2.664687,8116.135,6.401386,2.917009,5.749176,6.126927,-1.671924,-2.48161,-2.872592,3027.6416,1.537921,0.389099,0.454203,0.922275,-0.316726,-0.447005,-1.524748,3127.476,1.476994,0.363431,0.43917,0.966067,-0.308014,-0.488481,-0.991415,7997.1343,5.722866,2.409748,3.723267,4.107363,-1.441098,-1.93069,-2.482935,6019.7886,5.731967,1.811725,3.019017,3.327359,-1.129183,-1.550689,-2.387528,1690.5759,2.42819,0.608678,1.581465,2.051062,-0.326645,-0.542756,-0.981948,1780.4865,2.435181,0.622056,1.512356,1.933865,-0.336452,-0.522028,-0.907055,8790.667,6.712324,3.130585,6.124855,6.660785,-1.793692,-2.769506,-3.350999,7544.81,6.492024,2.6791,5.254164,5.810669,-1.524191,-2.334509,-2.772798
1.0,30.0,5550.968,1.47195,0.687813,0.813085,1.162073,-0.693438,-0.868099,-1.3455,6175.8955,1.553037,0.667674,0.758435,1.107181,-0.706244,-0.879863,-1.358388,9144.353,6.987641,2.867658,4.529984,4.743256,-1.796931,-2.435803,-2.846759,9006.929,6.832313,2.830223,4.544409,5.402026,-1.778207,-2.471587,-3.746433,1777.0835,2.79419,0.64058,1.483825,1.751623,-0.373628,-0.580765,-0.73477,1965.0476,2.740484,0.726126,1.685878,1.995647,-0.424467,-0.669319,-0.89631,9531.181,7.680773,3.547877,6.630728,7.160721,-2.089518,-3.12935,-3.581117,10078.272,7.546267,3.80355,7.237234,7.780285,-2.244615,-3.427749,-3.855471,5870.389,2.061016,0.594212,0.79657,1.472125,-0.656564,-0.806818,-1.46199,5345.403,1.795963,0.561955,0.737916,1.026476,-0.583145,-0.772514,-1.392333,10021.329,6.775833,3.255931,5.144571,5.537922,-1.959275,-2.69069,-3.157492,7588.762,6.899986,2.376451,3.955185,4.286374,-1.527596,-2.106148,-2.729867,2066.2117,2.730039,0.741256,1.828693,2.334711,-0.43052,-0.7058,-1.060075,2182.7764,2.760326,0.760314,1.814966,2.319394,-0.448331,-0.710617,-1.26201,10972.764,7.960171,4.145741,7.839064,8.43566,-2.427771,-3.820268,-4.341997,9408.413,7.769615,3.500874,6.707617,7.331186,-2.046593,-3.173448,-3.965719
1.0,40.0,7408.174,1.638241,1.199982,1.432481,1.99068,-0.890037,-1.117575,-1.748896,7525.968,1.668322,1.215441,1.39546,1.855478,-0.878798,-1.090849,-1.713162,10802.593,7.981338,3.559116,5.754277,6.037488,-2.248313,-3.13329,-3.558685,10718.952,7.851257,3.493665,5.744559,6.483611,-2.216715,-3.123965,-4.131941,2056.9626,3.066504,0.751524,1.767311,2.147949,-0.456004,-0.696088,-0.956662,2311.371,3.048327,0.846145,1.999689,2.311302,-0.514099,-0.787212,-1.018284,11146.762,8.706255,4.338593,8.258202,8.846663,-2.577306,-3.923178,-4.344232,11921.708,8.690557,4.628668,8.961449,9.599388,-2.763566,-4.222194,-4.685412,7417.4565,2.329089,1.132438,1.309968,1.70096,-0.840037,-0.997554,-1.632386,7118.2715,2.085882,0.980779,1.151628,2.450988,-0.737483,-0.909137,-2.274964,11907.213,7.829221,4.00111,6.526587,7.163047,-2.439692,-3.390267,-4.01603,8923.526,7.841622,2.910035,4.89304,5.481419,-1.894987,-2.666864,-3.122669,2423.8235,3.030854,0.860255,2.161335,2.627762,-0.521188,-0.907374,-1.234068,2509.7837,3.012358,0.891404,2.151703,2.647021,-0.538522,-0.869081,-1.32387,13000.814,9.192135,5.051778,9.872821,10.650642,-2.994257,-4.730073,-5.259436,10996.957,8.808057,4.261668,8.408952,9.050462,-2.527752,-3.961654,-5.329014
1.0,50.0,8152.4707,1.697552,1.325189,1.589691,1.983122,-1.028584,-1.294961,-2.166358,8364.785,1.734604,1.315298,1.519747,1.947134,-1.01024,-1.259299,-2.017163,12231.264,8.931324,4.127569,6.835721,7.169948,-2.611301,-3.622467,-4.023526,12060.349,8.733376,4.042293,6.818024,7.463882,-2.572285,-3.620983,-4.785994,2291.4578,3.321346,0.837052,2.001822,2.394882,-0.514111,-0.795083,-0.985217,2557.504,3.279471,0.94333,2.259994,2.690195,-0.578755,-0.920712,-1.161761,12498.729,9.676728,4.963173,9.662829,10.284666,-2.945646,-4.516777,-4.883657,13289.446,9.596943,5.305521,10.479365,11.261858,-3.165116,-4.924722,-5.438059,8353.737,2.489145,1.242117,1.459583,1.865061,-0.971275,-1.204175,-1.815338,7851.8574,2.186362,1.073976,1.285662,1.803896,-0.850013,-1.051393,-1.788805,13363.605,8.659585,4.635303,7.73017,8.526567,-2.828854,-3.89595,-4.389616,10100.312,8.761179,3.353889,5.73315,6.278493,-2.190945,-3.053605,-3.474708,2668.7427,3.249123,0.956076,2.442816,3.043362,-0.584535,-0.954166,-1.347773,2792.9204,3.259501,0.994729,2.43203,2.950067,-0.606375,-0.97841,-1.416097,14492.451,10.127025,5.823788,11.685711,13.099461,-3.427589,-5.517815,-6.196613,12330.233,9.744187,4.894147,9.886865,11.067518,-2.894893,-4.596087,-5.215347
1.0,75.0,11113.842,1.938493,1.909283,2.290867,2.735345,-1.480184,-1.842988,-2.483388,11336.12,1.999854,1.933867,2.281012,2.81021,-1.42511,-1.770533,-2.527925,15663.722,10.997903,5.381069,9.272883,9.709067,-3.542683,-5.016078,-5.664738,15402.718,10.725716,5.268076,9.174265,10.260098,-3.480117,-5.040773,-6.482358,2877.1316,3.910604,1.022115,2.492381,2.930207,-0.674352,-1.05377,-1.264668,3211.925,3.855573,1.156829,2.806891,3.302702,-0.761824,-1.197082,-1.466573,15828.569,11.815247,6.347025,12.845176,13.797484,-3.910241,-6.084088,-6.74033,16835.25,11.715872,6.803366,13.892873,15.081169,-4.205173,-6.580314,-7.283621,11450.353,3.043316,1.85764,2.244899,2.890646,-1.378128,-1.681599,-2.390105,10507.614,2.555989,1.544959,1.847429,2.371595,-1.190544,-1.549365,-2.364291,17026.488,10.576137,6.012942,10.456292,11.229971,-3.805647,-5.368045,-6.115283,12904.914,10.760071,4.325266,7.571967,8.191998,-2.940848,-4.168429,-5.338344,3330.455,3.80054,1.168294,3.02979,3.787915,-0.772425,-1.245958,-1.656523,3475.479,3.808429,1.21274,3.044254,3.617978,-0.792197,-1.255493,-1.782047,18379.848,12.365077,7.466143,15.721436,17.225931,-4.559722,-7.394699,-8.064528,15582.895,11.899916,6.239027,13.263915,14.505809,-3.839357,-6.19004,-6.882746
1.0,100.0,12015.671,2.016178,2.096697,2.569945,2.967202,-1.658122,-2.058803,-2.813697,12266.64,2.072629,2.101785,2.487899,2.902214,-1.603782,-1.969432,-2.855618,18315.389,12.303718,6.478189,11.421664,12.021263,-4.331759,-6.151916,-6.748679,17963.068,11.975953,6.318538,11.28975,12.376175,-4.225056,-6.158202,-7.432912,3279.9402,4.286058,1.176244,2.905772,3.438176,-0.798088,-1.261552,-1.578113,3675.921,4.236758,1.334104,3.274587,3.810917,-0.90567,-1.456192,-1.760494,18244.186,13.056977,7.544747,15.737739,17.076637,-4.68155,-7.408982,-8.080433,19488.672,12.993656,8.081038,16.85376,18.298916,-5.0372,-8.120736,-8.948232,12506.526,3.191541,2.06018,2.503646,2.946189,-1.570814,-1.892018,-2.491631,11319.568,2.673959,1.708549,2.041354,2.45702,-1.330126,-1.603576,-2.250485,19788.654,11.827275,7.172336,12.77349,13.777965,-4.597517,-6.505571,-7.362999,15092.73,12.057435,5.181841,9.213306,10.872642,-3.579593,-5.034132,-5.517375,3795.1455,4.147009,1.340892,3.50195,4.33959,-0.910688,-1.500911,-2.028038,3951.3838,4.158851,1.395976,3.543647,4.394098,-0.934526,-1.500636,-1.838753,21269.986,13.735141,8.86875,19.247627,20.988249,-5.479289,-9.023812,-9.811765,17977.451,13.167795,7.396641,16.236322,17.902151,-4.582652,-7.508314,-8.312391
1.0,125.0,12709.455,2.078522,2.242033,2.744942,3.109745,-1.814475,-2.253057,-2.908383,13054.467,2.142565,2.259508,2.69231,3.273874,-1.757625,-2.173301,-3.059132,20915.219,13.922276,7.387878,13.180707,13.947576,-5.053711,-7.194267,-8.095346,20316.816,13.41416,7.215901,13.093848,14.511158,-4.928139,-7.189829,-9.150467,3699.6643,4.735278,1.300856,3.216667,3.815978,-0.915773,-1.46263,-1.731772,4133.599,4.688196,1.481142,3.684708,4.365244,-1.043336,-1.691867,-2.03699,20603.855,14.661185,8.487038,18.00749,19.655605,-5.37561,-8.525079,-9.377685,21931.977,14.61697,9.134657,19.468447,21.196688,-5.81778,-9.425848,-10.446443,13404.177,3.346856,2.241178,2.730321,3.142259,-1.731057,-2.100689,-3.03803,11832.902,2.754969,1.814579,2.191958,2.546461,-1.434685,-1.753368,-2.646957,22387.973,13.304627,8.138569,14.828756,15.910979,-5.344987,-7.615914,-8.390031,17236.8,13.601073,5.901667,10.498701,11.470492,-4.169989,-5.88868,-6.417548,4259.8535,4.585132,1.486088,3.954512,4.932827,-1.047927,-1.741396,-2.164352,4440.953,4.567257,1.544131,3.926255,4.997872,-1.070896,-1.728874,-2.234696,23935.072,15.43995,10.008355,22.393944,24.50872,-6.33498,-10.559329,-11.545769,20299.182,14.755193,8.330583,18.657835,20.371866,-5.273252,-8.70586,-9.455204
1.0,150.0,13334.661,2.120869,2.381314,2.956757,3.35843,-1.945595,-2.405664,-3.228141,13470.026,2.149222,2.391607,2.847123,3.330787,-1.887268,-2.315653,-3.377443,23347.408,15.543301,8.175334,14.756965,15.701263,-5.734909,-8.220007,-9.016868,22716.895,15.135105,7.956873,14.663003,16.080889,-5.569917,-8.129729,-10.102596,4074.4624,5.114501,1.409115,3.509413,4.26237,-1.026901,-1.632922,-1.940032,4561.131,5.085797,1.6084,4.048987,4.835255,-1.165285,-1.906181,-2.150267,22770.924,16.2636,9.329259,20.05397,21.79156,-6.021559,-9.503477,-10.3594,24277.256,16.312456,10.003961,21.7677,23.794153,-6.514192,-10.557883,-11.440604,13989.411,3.355523,2.421568,3.087656,3.451028,-1.879743,-2.278368,-3.999958,12336.736,2.809523,1.927155,2.375509,2.738226,-1.529498,-1.841321,-2.481118,24837.523,14.888069,8.94353,16.669056,18.110744,-6.023822,-8.532633,-9.558513,19210.729,15.130976,6.543252,11.682523,12.354909,-4.721168,-6.703361,-7.284183,4689.9863,4.965485,1.616591,4.358181,5.720773,-1.16925,-1.994935,-2.592916,4867.4756,4.91634,1.672767,4.304705,5.321534,-1.197165,-1.965526,-2.576745,26465.482,17.238924,10.985248,25.167149,27.684528,-7.088959,-12.080253,-13.158828,22409.352,16.343107,9.149258,20.884596,23.105871,-5.921884,-9.876861,-10.765334
2.0,500.0,19305.102,3.720884,5.355113,7.338798,8.265166,-3.348918,-4.65707,-7.435275,18882.688,4.1941,5.714698,8.398771,9.115988,-3.354243,-4.731901,-7.161273,21170.533,4.040635,7.999019,12.487205,14.043705,-3.772528,-5.436556,-8.765532,23408.643,4.306772,8.841585,13.927479,15.649472,-4.020862,-5.81017,-9.369124,7006.9526,3.852517,2.586566,4.838145,5.448355,-1.609192,-2.572996,-3.937747,7478.6167,4.042028,2.696131,4.820561,5.662955,-1.721265,-2.679395,-3.490907,19397.021,3.829599,8.384633,15.097582,16.279188,-3.811314,-5.994717,-8.454975,22420.072,4.115789,9.737755,17.378635,18.683594,-4.364034,-7.048836,-9.953513,12751.21,3.554356,3.652765,5.117573,6.132089,-2.084003,-2.869992,-4.98856,13852.164,3.220278,3.539764,4.670837,5.8367,-2.050379,-2.777512,-5.283291,15945.372,3.446395,6.039865,9.528196,11.293148,-3.290447,-4.652598,-7.620377,17301.361,3.853717,6.442459,9.934578,11.26421,-3.184285,-4.579092,-7.400971,9449.348,4.544802,3.377188,6.119157,7.312394,-2.201573,-3.534919,-5.270239,11246.552,5.094289,3.800902,6.509852,7.608968,-2.571292,-3.907991,-5.68158,16908.318,3.46439,7.216703,12.974292,14.436027,-3.822007,-6.404945,-10.077034,15149.798,3.491406,6.391872,11.576413,13.05341,-3.366281,-5.451457,-7.743763
2.0,500.0,19100.877,3.6191,5.341893,7.286844,7.883823,-3.351815,-4.744254,-7.308451,18670.998,4.075791,5.677756,8.313909,9.326558,-3.343091,-4.653335,-8.112045,21880.164,4.194635,8.289212,13.00098,14.707414,-3.887243,-5.593786,-8.189067,24130.453,4.458306,9.135767,14.404196,15.805042,-4.144386,-5.957789,-9.744067,7102.9585,3.858902,2.628035,4.960621,5.710633,-1.636041,-2.610376,-3.461814,7574.347,4.055181,2.727778,4.97181,5.61456,-1.755218,-2.737452,-3.617476,19868.71,3.907418,8.613465,15.38996,16.542221,-3.899744,-6.117314,-8.56544,22943.35,4.201549,9.956306,17.609283,18.991728,-4.449853,-7.219246,-10.40142,12694.583,3.525759,3.636526,5.083438,6.051642,-2.086856,-2.811397,-5.131969,13787.621,3.185772,3.525649,4.662603,5.784336,-2.058981,-2.752367,-5.266619,15955.702,3.434515,6.033562,9.540207,11.183788,-3.317655,-4.760769,-7.83852,17432.775,3.870419,6.468594,10.011079,11.504457,-3.219331,-4.668036,-7.201844,9592.975,4.601151,3.409353,6.195101,7.182913,-2.240911,-3.570535,-4.911799,11357.403,5.131461,3.817951,6.623478,7.672429,-2.610813,-4.021312,-5.828631,16962.432,3.456994,7.167515,12.918487,14.19131,-3.840912,-6.255035,-9.240054,15188.883,3.487143,6.376204,11.552769,12.792167,-3.397821,-5.449196,-8.000068
2.0,500.0,18969.088,3.586322,5.315105,7.30501,8.045659,-3.336719,-4.657717,-7.274726,18528.746,4.035087,5.664248,8.344242,9.156009,-3.345244,-4.651101,-6.976659,22044.39,4.208211,8.423746,13.243324,14.670311,-3.920916,-5.787107,-9.33292,24270.873,4.468625,9.260797,14.655457,16.350039,-4.161886,-6.13696,-9.501188,7093.6973,3.82053,2.628213,4.96946,5.725491,-1.642553,-2.596468,-3.646105,7585.9243,4.02913,2.734096,4.960698,5.648766,-1.762449,-2.755444,-4.432238,19877.285,3.878045,8.69046,15.625694,16.777086,-3.91581,-6.08701,-8.091156,22957.215,4.171299,10.044107,17.834227,19.399803,-4.453626,-7.156809,-10.411053,12545.045,3.490358,3.628256,5.070018,6.166228,-2.076299,-2.830093,-4.595928,13590.795,3.147928,3.511091,4.664642,5.546596,-2.037971,-2.772747,-4.946324,15847.214,3.392781,6.021351,9.530227,10.724054,-3.294987,-4.746639,-7.413469,17326.29,3.827937,6.4801,10.062261,11.482445,-3.207646,-4.62814,-7.910899,9573.855,4.556602,3.410903,6.194127,7.361743,-2.246683,-3.55175,-4.775159,11394.835,5.11454,3.836845,6.620574,7.611131,-2.631619,-4.05656,-5.616164,16769.582,3.403368,7.143827,12.85754,14.465442,-3.842889,-6.273423,-8.990076,15024.964,3.429246,6.357191,11.490141,12.939494,-3.391607,-5.528059,-7.851653
2.0,500.0,18940.775,3.595934,5.317,7.260112,7.970763,-3.338383,-4.622221,-7.1989,18519.049,4.065804,5.658064,8.346114,9.093657,-3.359101,-4.696529,-6.848448,22169.34,4.24692,8.451211,13.255809,15.002499,-3.86977,-5.492166,-8.408511,24434.12,4.520959,9.325212,14.765772,16.122498,-4.138604,-5.845189,-9.546324,7126.914,3.842953,2.64049,4.997857,5.941471,-1.643035,-2.584343,-3.499066,7623.1494,4.04926,2.740072,5.018213,5.614498,-1.75616,-2.679233,-3.572655,19985.55,3.914273,8.695997,15.653203,16.824669,-3.910875,-6.015268,-8.273748,23122.932,4.221,10.060598,17.867043,19.414555,-4.462297,-6.99843,-10.25703,12540.966,3.512792,3.621862,5.08368,6.055297,-2.081878,-2.876581,-5.394742,13595.128,3.166532,3.496966,4.669996,5.81582,-2.036564,-2.811921,-5.197681,15839.136,3.395463,6.000792,9.492401,10.935914,-3.286767,-4.638159,-7.537625,17328.346,3.835122,6.43828,9.955443,11.245832,-3.172776,-4.564356,-7.286393,9635.834,4.593264,3.421204,6.214627,7.389008,-2.245338,-3.5639,-5.780123,11456.289,5.147456,3.827031,6.62415,7.700714,-2.611567,-3.867018,-5.530643,16777.168,3.409635,7.120382,12.861976,14.108451,-3.808132,-6.32942,-9.539532,15038.17,3.436584,6.324416,11.498143,12.760489,-3.368433,-5.438472,-8.417357
2.0,500.0,18878.086,3.59842,5.290408,7.291385,8.236694,-3.30424,-4.65016,-7.730454,18505.242,4.087207,5.661542,8.355491,9.057041,-3.336609,-4.680095,-6.842185,22317.244,4.260871,8.531926,13.467748,14.887579,-3.962632,-5.728346,-8.741859,24550.521,4.530124,9.405056,14.890629,16.67447,-4.211597,-6.027229,-9.318193,7185.793,3.881348,2.645253,5.026698,5.86445,-1.661161,-2.546002,-3.884881,7704.962,4.092359,2.764741,5.032892,5.75143,-1.787144,-2.723745,-3.67723,20088.484,3.925926,8.788391,15.755483,16.907957,-3.962759,-6.032768,-8.240806,23241.133,4.246578,10.189535,18.128841,19.521719,-4.524158,-6.987936,-10.44968,12585.094,3.544127,3.615114,5.101155,6.239792,-2.067074,-2.869754,-5.340051,13576.273,3.173066,3.482535,4.666785,5.568399,-2.019797,-2.77821,-6.086337,15887.022,3.397652,6.042089,9.661216,11.312419,-3.33417,-4.762517,-7.513835,17392.377,3.833825,6.482174,10.061702,11.534558,-3.240269,-4.596028,-8.061129,9679.263,4.625369,3.425956,6.252239,7.154048,-2.269564,-3.496133,-5.520182,11572.83,5.213881,3.871585,6.684115,7.652719,-2.662813,-3.945086,-5.974968,16885.928,3.426887,7.172249,12.83153,14.400217,-3.860635,-6.205585,-9.117845,15119.527,3.444198,6.366352,11.467854,12.92743,-3.397192,-5.388775,-7.925561
2.0,500.0,18921.691,3.59869,5.287593,7.252132,8.08406,-3.304091,-4.582357,-7.028822,18572.48,4.084047,5.65496,8.30346,9.164919,-3.319581,-4.686186,-6.922398,22256.914,4.217821,8.497306,13.244023,14.607646,-3.991262,-5.735121,-9.423589,24591.125,4.504019,9.36601,14.744418,16.328041,-4.270647,-5.981774,-9.088895,7144.9263,3.822281,2.637219,5.041819,5.655463,-1.654966,-2.628416,-3.662988,7634.677,4.017562,2.746226,5.023973,5.781604,-1.78162,-2.782528,-3.91584,20114.39,3.889918,8.701894,15.608115,17.086329,-3.994648,-6.163488,-9.290558,23247.92,4.195836,10.085502,17.926634,19.335419,-4.547735,-7.247768,-10.167129,12703.755,3.561519,3.627132,5.086294,6.023584,-2.057868,-2.834086,-5.563591,13760.512,3.200739,3.505904,4.680512,5.739881,-2.023499,-2.741328,-4.914687,15909.148,3.384755,5.991627,9.49113,10.585555,-3.336345,-4.807056,-7.748407,17384.553,3.813848,6.434958,9.916874,11.933582,-3.239013,-4.684399,-7.970959,9644.056,4.569459,3.419664,6.246461,7.315016,-2.259227,-3.620326,-5.291726,11485.218,5.125408,3.840242,6.676284,7.913994,-2.654592,-4.087844,-5.940042,16916.248,3.399759,7.111398,12.779144,14.080894,-3.870073,-6.345905,-9.423261,15129.041,3.426276,6.314683,11.421992,12.809543,-3.4182,-5.512718,-8.136624
2.0,500.0,19024.607,3.608294,5.313865,7.312729,8.367506,-3.310637,-4.602606,-6.804659,18689.494,4.101325,5.689318,8.375883,9.236939,-3.326923,-4.64697,-7.156979,22282.201,4.222779,8.504348,13.269103,14.731839,-4.02711,-5.709147,-8.941754,24534.748,4.48895,9.351454,14.738504,16.291725,-4.272851,-6.036711,-9.191345,7097.039,3.782544,2.62147,4.952788,5.760315,-1.661339,-2.546101,-3.98153,7608.213,3.993786,2.732605,4.979865,5.636568,-1.793022,-2.735653,-3.71787,20125.88,3.877798,8.751269,15.668998,17.05171,-4.034656,-6.123909,-8.452353,23177.959,4.157018,10.116202,17.954668,19.304752,-4.61563,-7.187476,-11.514344,12811.611,3.57626,3.656056,5.113015,5.901727,-2.060677,-2.928697,-5.072433,13864.494,3.205213,3.538797,4.752756,5.696663,-2.026064,-2.773484,-5.099858,15843.793,3.357961,6.009778,9.482402,11.154429,-3.360428,-4.757634,-7.376969,17386.904,3.802809,6.456789,9.985988,11.307826,-3.28604,-4.737778,-6.955148,9584.694,4.51565,3.399795,6.163201,7.223868,-2.264565,-3.475914,-5.097287,11441.918,5.075912,3.834289,6.578301,7.518478,-2.675771,-4.011862,-5.782209,16919.996,3.382487,7.138181,12.818112,14.185209,-3.900819,-6.215409,-10.892115,15130.442,3.407229,6.3448,11.439417,12.816798,-3.443073,-5.358932,-7.776780
2.0,500.0,19063.229,3.598985,5.323537,7.291898,8.218787,-3.333048,-4.568518,-7.223534,18712.896,4.078002,5.684386,8.338152,9.233652,-3.342164,-4.627755,-6.980536,22474.652,4.312825,8.521648,13.328445,14.55082,-3.969428,-5.80239,-8.670421,24735.055,4.579234,9.371789,14.734435,16.7545,-4.227891,-6.184194,-9.497535,7139.573,3.845979,2.647257,5.009124,5.684524,-1.660891,-2.652399,-3.796559,7634.724,4.059178,2.767106,5.044623,5.645267,-1.772482,-2.801291,-3.750634,20355.357,3.972807,8.829206,15.76092,16.782393,-4.020372,-6.287165,-8.6811,23432.336,4.266721,10.183758,18.01322,19.360968,-4.579984,-7.457098,-10.440475,12816.604,3.54501,3.666853,5.097372,6.011172,-2.072121,-2.829513,-4.928419,13945.431,3.195983,3.560993,4.705988,5.756535,-2.048932,-2.716363,-5.170565,15946.089,3.399226,6.022216,9.522076,11.205055,-3.330684,-4.852162,-7.750367,17483.73,3.865692,6.463538,9.951067,11.607443,-3.239151,-4.68923,-7.663523,9646.978,4.605863,3.420569,6.227912,7.529482,-2.266928,-3.63428,-5.234932,11461.791,5.16783,3.85992,6.686646,7.47612,-2.647261,-4.04656,-5.87246,17059.951,3.434652,7.20773,12.884903,14.210618,-3.925072,-6.47905,-9.38078,15244.964,3.465326,6.415745,11.569799,13.168323,-3.451191,-5.532257,-8.143539
2.0,500.0,19005.396,3.591964,5.319602,7.286087,8.050977,-3.312099,-4.639944,-7.080274,18711.635,4.077155,5.692425,8.38431,9.441516,-3.33199,-4.630481,-7.304818,22492.162,4.2922,8.535572,13.363853,15.034183,-4.028315,-5.76652,-8.788844,24708.016,4.561387,9.414976,14.808106,16.111961,-4.292244,-6.126938,-9.382543,7155.3506,3.833833,2.650514,4.996985,5.634367,-1.675104,-2.617643,-3.792033,7657.6245,4.038284,2.758399,4.999456,5.634721,-1.796606,-2.771644,-3.841428,20346.574,3.94639,8.812988,15.734929,16.941362,-4.061605,-6.21452,-8.676376,23489.44,4.257859,10.172977,18.036745,19.565207,-4.651063,-7.233024,-10.825372,12815.381,3.55054,3.667033,5.119125,5.955755,-2.068492,-2.85403,-4.881926,13879.184,3.188399,3.556161,4.701098,5.889128,-2.038327,-2.759456,-5.296456,15946.672,3.389569,6.028957,9.500926,11.03514,-3.364771,-4.796102,-7.963201,17480.732,3.844094,6.453127,9.984893,11.422042,-3.268895,-4.833132,-6.869953,9651.481,4.578814,3.429533,6.180008,7.47739,-2.291883,-3.554789,-5.492868,11528.676,5.148546,3.858008,6.632499,7.759708,-2.678594,-4.076873,-5.53625,17045.832,3.420578,7.205398,12.915883,14.285241,-3.933305,-6.378602,-10.209968,15237.766,3.442872,6.400137,11.54553,12.8476,-3.463269,-5.46361,-8.259122
2.0,500.0,18982.498,3.599744,5.293171,7.219319,8.088633,-3.324421,-4.593355,-7.187375,18697.951,4.081938,5.675006,8.334518,9.27354,-3.337721,-4.632865,-7.490561,22374.922,4.253901,8.53168,13.245493,14.691829,-3.983799,-5.640183,-10.253187,24724.717,4.547766,9.398576,14.74563,16.311274,-4.251742,-6.068456,-9.761895,7144.1597,3.821123,2.667803,5.081131,5.967026,-1.652731,-2.606238,-3.411702,7613.65,4.004698,2.775915,5.074473,5.758853,-1.760262,-2.692753,-3.762548,20266.676,3.911601,8.80284,15.702648,16.848644,-3.990594,-6.063464,-8.509321,23409.572,4.221929,10.156882,17.967127,19.669413,-4.579232,-7.348817,-10.864911,12797.989,3.540199,3.673327,5.129065,6.181774,-2.069015,-2.85823,-4.863932,13880.905,3.199051,3.559655,4.68106,5.758407,-2.037238,-2.715596,-5.895544,15929.42,3.377136,6.034229,9.450616,11.034898,-3.339375,-4.77042,-7.702663,17397.393,3.815926,6.455309,9.949459,11.816905,-3.232624,-4.588294,-8.113626,9644.293,4.570935,3.448947,6.331142,7.296749,-2.258119,-3.580234,-5.163079,11466.253,5.093531,3.864787,6.717437,7.999022,-2.630367,-3.904182,-5.905229,16998.486,3.401577,7.212229,12.980628,14.798832,-3.888178,-6.339414,-8.776284,15189.83,3.422828,6.398491,11.536585,13.221621,-3.410633,-5.490283,-8.177024
2.0,500.0,18929.525,3.596471,5.296949,7.27432,8.07669,-3.303928,-4.594735,-7.415896,18595.578,4.073783,5.674944,8.387779,9.196752,-3.325043,-4.595924,-7.429548,22502.148,4.304576,8.568379,13.447077,15.105081,-4.036388,-5.809221,-9.236052,24774.879,4.573429,9.430036,14.871341,16.354876,-4.280092,-6.131166,-9.921529,7157.226,3.833143,2.643966,4.99246,5.591527,-1.671035,-2.60087,-3.569057,7663.4365,4.061325,2.761688,4.980879,5.745508,-1.800689,-2.771224,-3.694703,20372.092,3.953267,8.903522,15.79965,17.091543,-4.072789,-6.169151,-8.490403,23479.191,4.248176,10.262562,18.033613,19.897507,-4.634822,-7.397488,-9.848871,12766.405,3.552346,3.653918,5.140449,6.047796,-2.074095,-2.818072,-4.957437,13837.97,3.195862,3.537918,4.744466,6.038068,-2.038028,-2.703715,-6.067209,15955.717,3.394169,6.023888,9.542389,10.6822,-3.35069,-4.805294,-7.38274,17500.111,3.86917,6.471373,10.081095,11.727746,-3.266873,-4.761576,-7.311367,9663.702,4.593128,3.422575,6.184532,7.207312,-2.276982,-3.540617,-5.112132,11531.182,5.177776,3.869471,6.643635,7.747235,-2.688368,-4.02411,-6.521541,17034.016,3.42394,7.239113,12.960014,14.196187,-3.913615,-6.29158,-8.875383,15255.3125,3.45513,6.423827,11.55799,12.767034,-3.451842,-5.456799,-8.799852
2.0,500.0,18829.49,3.58051,5.294983,7.23995,8.221864,-3.296607,-4.569245,-7.184557,18540.05,4.072049,5.680873,8.298678,9.139232,-3.320373,-4.646622,-7.707209,22526.254,4.279665,8.53235,13.340998,14.645682,-4.001077,-5.778622,-8.824096,24814.135,4.555573,9.401134,14.747976,16.179382,-4.247666,-6.246431,-9.716875,7178.839,3.83053,2.619039,4.960072,5.897148,-1.667102,-2.624642,-3.4774,7691.183,4.044815,2.730384,4.993367,5.585366,-1.780963,-2.764692,-3.725096,20402.715,3.934105,8.790115,15.664244,16.852116,-4.032444,-6.190549,-8.388212,23465.166,4.231522,10.138462,17.992172,20.221037,-4.596271,-7.233349,-11.826483,12744.873,3.547295,3.67517,5.128712,6.064951,-2.065512,-2.853274,-4.981079,13777.141,3.17947,3.549369,4.718299,5.892841,-2.032671,-2.729515,-5.1143,15918.194,3.365988,6.025815,9.474557,10.938952,-3.338896,-4.84149,-7.593003,17524.465,3.839038,6.466992,10.008244,11.678847,-3.240582,-4.701186,-7.522718,9679.512,4.575629,3.392564,6.166286,7.169572,-2.276534,-3.593951,-5.192615,11559.724,5.144247,3.821276,6.630238,7.530888,-2.649837,-4.029713,-5.982475,17060.469,3.404361,7.164518,12.771789,14.150326,-3.913446,-6.480615,-9.828838,15256.562,3.429296,6.36454,11.422169,12.792885,-3.443432,-5.540945,-8.446804
2.0,500.0,18894.88,3.597608,5.282014,7.208436,7.998503,-3.301432,-4.594563,-6.967342,18598.938,4.08202,5.674901,8.328582,9.042203,-3.327819,-4.624022,-7.324801,22403.79,4.248013,8.542778,13.301071,14.886685,-3.983484,-5.72522,-8.94117,24722.86,4.545115,9.432974,14.853885,16.38688,-4.254748,-6.052193,-9.027389,7143.913,3.811653,2.635121,4.995003,5.6129,-1.664775,-2.598191,-3.757439,7656.055,4.012005,2.747574,4.953031,5.744379,-1.774415,-2.690926,-3.648913,20289.129,3.90817,8.802389,15.667129,16.84688,-4.012312,-6.185919,-8.98978,23411.607,4.218338,10.200915,18.03156,19.208797,-4.603334,-7.276544,-10.569537,12749.251,3.545932,3.654402,5.12105,6.031201,-2.069506,-2.801316,-5.121626,13812.501,3.205109,3.533232,4.752061,5.699216,-2.044832,-2.723508,-5.22702,15892.838,3.357587,6.02497,9.532077,11.282205,-3.342275,-4.731508,-7.641186,17370.408,3.788605,6.43772,9.930371,11.40166,-3.227824,-4.576266,-7.468597,9649.584,4.566997,3.413474,6.204171,7.12299,-2.269935,-3.529133,-5.445471,11532.127,5.099466,3.841849,6.56025,7.612328,-2.64535,-3.966223,-5.726027,16968.396,3.382108,7.179049,12.881666,13.934974,-3.903621,-6.311631,-10.801025,15150.235,3.397673,6.357492,11.449714,12.607695,-3.426881,-5.384924,-8.128149
2.0,500.0,18847.645,3.582653,5.265222,7.303734,8.001685,-3.301676,-4.598976,-7.382816,18558.809,4.072812,5.659209,8.320738,9.24836,-3.338272,-4.685613,-7.077691,22521.201,4.315427,8.58764,13.511463,15.393925,-3.994118,-5.732061,-9.166356,24793.63,4.599088,9.457411,14.988077,16.842167,-4.247792,-6.128432,-9.998878,7146.622,3.849657,2.641706,5.010036,5.937584,-1.673905,-2.593123,-3.788474,7668.168,4.068204,2.75994,4.981365,5.739246,-1.787558,-2.712348,-3.886309,20360.611,3.963163,8.888732,15.76274,16.98074,-4.03675,-6.244046,-8.068056,23411.867,4.270428,10.266991,18.061253,19.597391,-4.621568,-7.255284,-10.601927,12715.563,3.541809,3.651724,5.113735,6.062196,-2.067132,-2.867078,-4.718893,13798.158,3.193155,3.534788,4.691855,5.575482,-2.028257,-2.716319,-5.569506,15876.552,3.378094,6.051663,9.570095,11.337671,-3.344568,-4.852198,-7.709651,17444.96,3.850653,6.478427,10.028792,11.681051,-3.248333,-4.6456,-7.554299,9662.893,4.613578,3.419854,6.204265,7.299682,-2.282628,-3.581011,-4.8614,11528.86,5.170526,3.87204,6.611971,7.523708,-2.672412,-3.998536,-5.571189,16982.17,3.416887,7.248171,12.901726,14.492855,-3.920853,-6.353077,-10.316211,15211.664,3.439191,6.419213,11.514191,13.197976,-3.42799,-5.376523,-7.717627
2.0,500.0,18734.807,3.56702,5.257734,7.201411,7.937595,-3.28498,-4.540027,-6.701291,18471.82,4.061592,5.639997,8.309021,9.161398,-3.312605,-4.658442,-7.098959,22625.098,4.316132,8.564122,13.46872,15.38362,-4.020594,-5.803783,-8.653093,24912.152,4.607046,9.449063,14.928524,16.47268,-4.29299,-6.075992,-10.069036,7232.2456,3.882042,2.672212,5.050701,5.677781,-1.677623,-2.604588,-3.738859,7730.801,4.07385,2.772129,5.041645,5.760032,-1.795442,-2.7438,-4.039338,20445.701,3.959548,8.860571,15.855286,17.064074,-4.051116,-6.173704,-8.346047,23617.393,4.292079,10.236737,18.127535,20.083935,-4.636828,-7.376,-11.356634,12666.799,3.537075,3.630428,5.055349,6.096089,-2.059366,-2.832587,-4.768976,13721.061,3.187803,3.514257,4.663104,5.816672,-2.025312,-2.788088,-5.239183,15959.693,3.388118,6.013862,9.542886,11.183495,-3.357196,-4.7939,-7.625158,17514.348,3.844651,6.429878,9.907106,11.283241,-3.248693,-4.670064,-7.514925,9747.121,4.636539,3.455284,6.264748,7.134761,-2.294356,-3.542438,-5.210098,11626.053,5.193609,3.874103,6.707336,7.649129,-2.674374,-4.040213,-5.992172,17115.016,3.429424,7.208137,12.936727,14.290766,-3.919583,-6.402714,-9.030507,15241.888,3.433806,6.388704,11.443808,12.594011,-3.440877,-5.470715,-8.639903
2.0,500.0,18723.268,3.565096,5.254869,7.203559,8.292643,-3.296966,-4.614469,-7.435127,18428.152,4.062629,5.626639,8.287396,9.05611,-3.324125,-4.702213,-7.779263,22636.375,4.322044,8.593027,13.461318,14.981444,-4.012089,-5.793001,-9.036321,24940.867,4.605372,9.481604,15.027383,16.787846,-4.255977,-6.181027,-9.330143,7232.2036,3.870363,2.668433,5.062153,5.734176,-1.668037,-2.63815,-3.740367,7738.9673,4.076473,2.775773,5.064664,5.782528,-1.785457,-2.814337,-4.04331,20453.39,3.960063,8.867761,15.801236,17.208881,-4.016425,-6.191984,-8.617198,23625.572,4.283321,10.247069,18.099174,19.62519,-4.594039,-7.346889,-10.423737,12632.212,3.537205,3.630666,5.104813,5.991015,-2.074392,-2.814931,-4.910628,13728.899,3.190256,3.518947,4.676364,5.759662,-2.034278,-2.737789,-5.298909,15982.406,3.389086,6.028399,9.519772,11.21619,-3.348253,-4.818306,-7.866768,17496.01,3.851104,6.472871,9.963651,11.449244,-3.262594,-4.71482,-8.102525,9776.654,4.638671,3.455924,6.285526,7.418959,-2.284552,-3.578954,-5.191474,11653.479,5.203904,3.876643,6.700918,7.754446,-2.671818,-4.01187,-6.498707,17032.574,3.411564,7.197658,12.870986,14.088717,-3.897328,-6.335906,-10.181364,15255.132,3.437931,6.384209,11.487348,12.532183,-3.417108,-5.381912,-7.593744
2.0,500.0,18681.906,3.564902,5.246844,7.224572,7.945119,-3.29037,-4.706615,-7.243158,18406.205,4.064507,5.629086,8.318368,9.134204,-3.317516,-4.565653,-7.252573,22559.094,4.302666,8.587099,13.469377,15.530869,-3.980282,-5.77067,-8.634173,24836.248,4.584692,9.458262,14.93107,16.394333,-4.248606,-6.196835,-9.67409,7197.688,3.852042,2.654676,5.012756,5.880053,-1.664162,-2.633196,-3.646997,7691.369,4.054764,2.764147,5.0036,5.685242,-1.782655,-2.75822,-4.067366,20352.738,3.938365,8.844708,15.833503,17.2815,-4.018664,-6.198486,-8.243409,23497.242,4.260031,10.208325,18.192844,19.922253,-4.58804,-7.384011,-11.403744,12605.562,3.542281,3.639075,5.11032,6.033331,-2.07047,-2.817228,-5.045126,13645.774,3.174005,3.527793,4.650353,5.794203,-2.023835,-2.770188,-5.650233,15850.79,3.359641,6.022293,9.474128,11.052865,-3.335109,-4.863661,-7.822656,17418.777,3.825812,6.462303,10.019579,11.416236,-3.243108,-4.618009,-8.088622,9721.331,4.614203,3.439583,6.208347,7.192569,-2.279542,-3.63096,-5.021215,11569.567,5.162464,3.889642,6.63099,7.661508,-2.664447,-4.01106,-6.478821,16939.477,3.391154,7.191438,12.876355,14.439119,-3.893364,-6.34338,-9.192053,15126.988,3.405358,6.379397,11.485158,13.148383,-3.420028,-5.510942,-7.409202
2.0,500.0,18651.527,3.548628,5.251395,7.240402,8.144238,-3.281413,-4.587972,-6.78101,18352.463,4.061507,5.62396,8.282347,9.312993,-3.297811,-4.580919,-6.777198,22680.59,4.335284,8.625724,13.561021,15.175923,-4.039759,-5.861438,-8.834301,24942.322,4.604853,9.488628,14.939652,16.29381,-4.291528,-6.251579,-9.97863,7248.842,3.872021,2.645733,4.991101,5.609784,-1.680763,-2.652704,-3.681253,7761.536,4.08607,2.769551,5.016527,5.679357,-1.807348,-2.758206,-3.827414,20456.375,3.956909,8.865947,15.833831,17.406818,-4.048764,-6.12792,-8.626041,23590.445,4.266186,10.230005,18.13022,19.604553,-4.612268,-7.326499,-10.700832,12564.014,3.543604,3.620393,5.066464,6.098129,-2.042828,-2.780547,-5.236086,13599.072,3.161512,3.50549,4.644153,5.588018,-2.007224,-2.724735,-4.994974,15948.376,3.375616,6.016592,9.482083,10.720132,-3.34864,-4.845276,-7.507817,17494.91,3.841886,6.481003,10.021721,11.54871,-3.269623,-4.641197,-8.123623,9782.499,4.629868,3.436404,6.216132,7.142323,-2.299883,-3.628963,-5.372271,11703.01,5.224604,3.879428,6.650385,7.598937,-2.699685,-4.021045,-6.348169,16976.662,3.393031,7.159544,12.822569,14.321954,-3.926113,-6.376206,-9.575165,15183.455,3.417489,6.363254,11.456314,13.398256,-3.440621,-5.483191,-7.843415
2.0,500.0,18634.914,3.568549,5.242592,7.215445,7.975917,-3.271819,-4.543361,-6.930771,18341.73,4.069939,5.617628,8.267865,9.057215,-3.293609,-4.684337,-6.818796,22623.46,4.331157,8.61681,13.45951,14.891506,-4.044269,-5.784683,-9.331906,24943.244,4.617392,9.492059,14.985018,16.522243,-4.302302,-6.258912,-9.530825,7245.5513,3.877117,2.656447,5.024384,5.716553,-1.679499,-2.65619,-3.697997,7733.7246,4.075324,2.765929,5.020897,5.652957,-1.8004,-2.798205,-3.858142,20433.918,3.966424,8.880667,15.841693,17.172556,-4.041222,-6.396913,-9.230821,23588.709,4.286102,10.236703,18.106783,19.85688,-4.618683,-7.468877,-10.649916,12564.943,3.541735,3.627788,5.098569,6.054373,-2.057737,-2.801179,-4.81547,13628.289,3.175251,3.514129,4.663759,5.719352,-2.019035,-2.738755,-4.775725,15919.881,3.372335,6.019724,9.514928,11.208196,-3.355337,-4.857779,-8.147133,17512.818,3.859962,6.489699,10.02491,11.294694,-3.27254,-4.706641,-7.731389,9783.012,4.647435,3.44097,6.224507,7.106684,-2.299176,-3.652242,-5.429041,11645.519,5.193398,3.876523,6.652248,7.530526,-2.690228,-4.06505,-5.952773,16999.865,3.399035,7.182881,12.834203,14.741206,-3.918393,-6.339261,-9.339243,15172.323,3.418872,6.386693,11.520931,13.614608,-3.435889,-5.503191,-8.445297
2.0,500.0,18660.877,3.564239,5.231968,7.167814,7.829558,-3.301461,-4.579366,-7.406858,18363.914,4.073225,5.609584,8.245265,8.978659,-3.328613,-4.689188,-6.864657,22443.93,4.257343,8.588465,13.426501,14.813596,-3.960373,-5.675478,-9.25348,24774.84,4.550181,9.492897,14.95299,16.432636,-4.221522,-6.083762,-10.668746,7150.7456,3.805857,2.660158,5.034286,5.77337,-1.661607,-2.583971,-3.509399,7669.4473,4.018186,2.77752,5.065145,5.867677,-1.768169,-2.727973,-3.814668,20243.332,3.894787,8.839651,15.807654,17.31184,-3.978636,-6.13653,-8.189693,23283.705,4.184774,10.227984,18.12979,19.848736,-4.55106,-7.183382,-10.092759,12604.252,3.566255,3.61367,5.129697,5.982019,-2.06544,-2.831743,-5.269861,13665.703,3.187681,3.501763,4.66846,5.700881,-2.025693,-2.753881,-4.982824,15828.374,3.347866,6.01251,9.516924,11.332099,-3.312331,-4.726391,-7.659213,17363.42,3.79671,6.462053,10.004959,11.671363,-3.202793,-4.607338,-7.556884,9690.731,4.577342,3.443595,6.236514,7.476092,-2.267922,-3.542549,-5.08551,11577.35,5.135161,3.886449,6.735562,7.719669,-2.647593,-3.950663,-6.467327,16835.99,3.354042,7.156364,12.844553,14.216697,-3.872053,-6.384399,-9.731458,15085.38,3.38479,6.349504,11.418145,12.871878,-3.399417,-5.431747,-8.313892
2.0,400.0,18579.865,3.62623,4.982733,6.688051,7.431781,-3.08103,-4.266015,-7.686182,18410.428,4.132517,5.401995,7.758217,8.501058,-3.153184,-4.385152,-7.612711,21825.627,4.237893,7.912361,11.886201,13.595832,-3.540416,-4.996861,-7.72362,24151.318,4.503487,8.730462,13.21944,15.405193,-3.789849,-5.37627,-9.000039,6576.186,3.306731,2.42887,4.479734,5.100246,-1.439589,-2.227183,-3.450588,6932.0176,3.455572,2.491607,4.422415,4.936177,-1.515573,-2.301036,-3.316589,19909.549,3.938494,8.293448,13.934487,15.194687,-3.529753,-5.379036,-7.444951,22726.62,4.229223,9.418027,15.844006,17.217236,-4.005743,-6.152833,-10.84973,11797.545,3.707627,3.237876,4.468759,5.320071,-1.838236,-2.501882,-4.473998,12490.696,3.237656,3.059574,4.022192,4.972568,-1.791895,-2.414587,-4.8506,15064.53,3.148294,5.544424,8.393511,9.874835,-2.969115,-4.205184,-7.510018,16697.498,3.829194,5.850817,8.733234,10.104597,-2.815973,-3.995407,-6.420058,8606.724,3.886738,3.062682,5.441683,6.364242,-1.902778,-2.961717,-4.687287,10049.463,4.233959,3.418556,5.774123,6.841556,-2.164292,-3.278855,-4.625965,16128.248,3.248603,6.600707,11.032948,12.116184,-3.378179,-5.430503,-8.57138,14507.057,3.276145,5.916584,9.946722,10.947201,-2.971378,-4.678805,-6.860262
2.0,400.0,18389.512,3.608758,4.893966,6.582512,7.454902,-3.049448,-4.188477,-6.665319,18255.002,4.103471,5.324358,7.681786,8.55782,-3.106408,-4.343141,-6.516095,21732.498,4.193705,7.887532,11.815212,12.976073,-3.570302,-5.072549,-8.144731,24124.41,4.47633,8.755619,13.235358,14.536123,-3.828357,-5.500446,-8.774048,6665.1753,3.368901,2.472674,4.542513,5.162908,-1.456796,-2.268013,-3.344707,7004.781,3.506958,2.543584,4.523172,5.251212,-1.529227,-2.369424,-3.452227,19923.943,3.92694,8.302646,13.902513,14.932625,-3.547578,-5.440442,-7.688808,22834.957,4.239829,9.448457,15.914142,17.761616,-4.027024,-6.363615,-10.58145,11718.216,3.639343,3.190983,4.389756,5.216318,-1.823075,-2.487592,-4.372328,12417.588,3.214353,3.007788,3.954055,4.949082,-1.774079,-2.376857,-4.884827,14996.23,3.13253,5.522614,8.281249,9.957303,-2.972856,-4.294329,-7.769339,16577.904,3.777035,5.830109,8.640213,9.966798,-2.815215,-4.094057,-6.865245,8738.891,3.963977,3.126434,5.534418,6.586831,-1.927612,-3.000501,-4.495878,10181.333,4.284075,3.502317,5.933151,6.761127,-2.188229,-3.281059,-5.39485,16141.943,3.23955,6.607805,11.015799,12.140024,-3.420161,-5.650816,-8.639664,14487.883,3.259183,5.917501,9.928891,11.120579,-3.004583,-4.808545,-7.489571
2.0,400.0,18268.629,3.595091,4.858774,6.53844,7.26846,-3.030626,-4.189288,-6.544426,18093.373,4.066564,5.271123,7.589694,8.354472,-3.09776,-4.339687,-6.621335,21712.418,4.165656,7.814498,11.693301,13.246808,-3.530298,-5.144889,-8.068905,24066.64,4.454268,8.676499,13.033622,14.659052,-3.786549,-5.469743,-9.123215,6675.1245,3.37876,2.475789,4.515539,5.110557,-1.463086,-2.230112,-3.475282,7037.536,3.516521,2.548506,4.504019,5.092955,-1.522747,-2.341334,-3.427911,19883.156,3.897973,8.265688,13.860301,14.762835,-3.540376,-5.478103,-7.812467,22739.818,4.205406,9.381183,15.926021,17.191956,-4.032964,-6.203317,-9.635315,11549.863,3.56441,3.158839,4.347689,5.0631,-1.79628,-2.443986,-4.147815,12244.734,3.173216,2.979137,3.884808,4.955077,-1.746981,-2.34966,-4.276775,14911.594,3.117081,5.445793,8.206557,9.629754,-2.940677,-4.223675,-7.361747,16476.484,3.734099,5.747851,8.513109,9.706794,-2.779043,-4.025939,-6.320047,8773.939,3.976415,3.134548,5.513865,6.485122,-1.938442,-3.040054,-4.654685,10274.614,4.314462,3.51549,5.935978,7.035381,-2.182036,-3.255852,-5.298755,16008.128,3.205454,6.552088,10.929796,12.431142,-3.418525,-5.529476,-9.023121,14397.178,3.227015,5.866413,9.865832,11.37543,-2.98148,-4.757396,-7.507726
2.0,400.0,18219.451,3.601349,4.841,6.497241,7.332161,-3.017236,-4.155274,-6.399711,18025.025,4.061381,5.253196,7.533482,8.363148,-3.086451,-4.417453,-7.203466,21602.355,4.132458,7.825516,11.71441,13.140498,-3.581766,-4.997077,-7.539886,23997.92,4.42409,8.695032,13.086983,14.473156,-3.806749,-5.351152,-9.046452,6655.34,3.368554,2.478147,4.531258,5.225516,-1.457795,-2.224715,-3.269022,7007.128,3.511628,2.545555,4.542405,5.20642,-1.534226,-2.317545,-3.387154,19878.244,3.882258,8.312824,13.864764,14.896963,-3.559092,-5.429378,-7.44937,22728.986,4.181632,9.454006,15.850762,17.435452,-4.057165,-6.322903,-9.772943,11541.771,3.539959,3.165726,4.361162,5.52844,-1.802761,-2.459893,-4.009606,12289.409,3.173922,2.988372,3.904195,4.970959,-1.750158,-2.35408,-4.390762,14880.81,3.102529,5.466587,8.242775,9.282444,-2.967404,-4.230567,-8.585245,16464.371,3.718863,5.793761,8.616042,9.651966,-2.839308,-4.032461,-6.972814,8748.646,3.960159,3.138183,5.550128,6.346582,-1.934436,-2.966661,-4.356874,10264.151,4.31796,3.514865,5.940474,6.780174,-2.215529,-3.303273,-5.386907,16001.768,3.191226,6.577316,10.908704,12.507767,-3.407583,-5.473798,-8.863681,14402.59,3.217995,5.893183,9.874652,11.411197,-2.979519,-4.695002,-7.250906
2.0,400.0,18074.79,3.571178,4.834582,6.44275,7.166245,-3.005737,-4.247018,-6.800057,17874.29,4.034932,5.230928,7.470929,8.331318,-3.064335,-4.248697,-6.573402,21810.322,4.181432,7.810773,11.720648,13.225104,-3.589103,-5.073338,-8.131887,24174.098,4.465726,8.652266,12.944467,14.833693,-3.819965,-5.406884,-8.941554,6751.9316,3.42108,2.473002,4.518007,5.193166,-1.465159,-2.33183,-3.375318,7113.63,3.566434,2.534979,4.47766,5.156162,-1.548179,-2.370461,-3.523189,20037.4,3.913767,8.271849,13.774182,14.882411,-3.586671,-5.513575,-7.520591,22972.88,4.23197,9.391976,15.748235,17.175735,-4.081842,-6.500411,-9.496219,11454.045,3.509421,3.144099,4.333611,5.174736,-1.784091,-2.461164,-4.331187,12169.641,3.131009,2.97348,3.917848,4.916597,-1.739196,-2.319511,-4.248947,14920.492,3.110541,5.416924,8.136708,9.385922,-2.972604,-4.245691,-7.401547,16582.037,3.741521,5.764993,8.529543,9.950588,-2.84008,-3.95977,-6.787109,8893.291,4.030917,3.135019,5.522265,6.447012,-1.942855,-3.069147,-4.439649,10427.586,4.382375,3.493897,5.880829,6.948836,-2.239914,-3.316478,-5.369675,16105.963,3.205788,6.524921,10.882031,12.17327,-3.396833,-5.555537,-8.019612,14489.005,3.22887,5.862716,9.832191,10.933647,-2.984388,-4.798644,-6.988850
2.0,400.0,18042.742,3.569551,4.810309,6.455411,7.119804,-2.993105,-4.095638,-6.048295,17877.744,4.042094,5.21653,7.516335,8.422009,-3.058436,-4.25359,-7.436176,21643.41,4.138411,7.760822,11.67669,13.004869,-3.584436,-5.150719,-8.948847,24019.826,4.427216,8.615939,12.976634,14.415033,-3.859925,-5.510905,-9.541901,6710.7534,3.410915,2.468625,4.478079,5.051535,-1.480827,-2.312196,-3.227597,7069.43,3.549999,2.539678,4.439923,5.091724,-1.548513,-2.362854,-3.429948,19945.682,3.887948,8.264968,13.852446,14.921348,-3.595337,-5.588944,-8.080575,22844.871,4.199781,9.393683,15.858916,17.150307,-4.105104,-6.43634,-9.231826,11512.044,3.508443,3.145641,4.340923,5.409504,-1.790927,-2.45524,-4.573394,12222.526,3.13681,2.976583,3.889423,5.027328,-1.745058,-2.345558,-4.100974,14875.823,3.100838,5.415746,8.145439,9.62544,-2.99523,-4.28412,-6.762048,16539.797,3.725649,5.774936,8.592329,10.896475,-2.843988,-4.12655,-6.968024,8840.915,4.012507,3.136101,5.467239,6.428977,-1.965353,-3.061992,-4.365338,10381.612,4.370203,3.510079,5.848047,7.012301,-2.243141,-3.334335,-5.125777,16064.527,3.189865,6.549069,10.940119,12.316896,-3.456526,-5.526165,-8.900827,14448.313,3.213542,5.860815,9.855315,10.899664,-3.011677,-4.720864,-6.807202
2.0,400.0,18004.004,3.55939,4.80757,6.464098,7.526985,-2.999281,-4.142756,-6.593693,17806.602,4.029565,5.202733,7.496752,8.290323,-3.059076,-4.239302,-6.600942,21704.045,4.156124,7.827033,11.777678,13.245293,-3.552043,-5.051156,-7.949425,24076.71,4.447126,8.694913,13.089134,14.566184,-3.802885,-5.358677,-8.920122,6741.463,3.431466,2.470254,4.502247,5.15901,-1.460008,-2.229985,-3.288735,7087.905,3.571421,2.528765,4.476049,5.281846,-1.537792,-2.297141,-3.109,19996.848,3.905715,8.292317,13.805423,14.759254,-3.56728,-5.404722,-7.951509,22903.777,4.218148,9.457301,15.829334,16.939146,-4.044923,-6.283593,-9.257453,11440.577,3.492494,3.132589,4.324031,5.280625,-1.791282,-2.459987,-4.617252,12192.75,3.123381,2.957647,3.902418,4.808184,-1.751494,-2.387004,-5.447383,14851.615,3.096153,5.44163,8.176652,9.537867,-2.96511,-4.229448,-6.970099,16550.756,3.725378,5.794695,8.591924,9.822857,-2.821875,-4.016985,-6.827046,8897.659,4.042562,3.138398,5.456738,6.358739,-1.948325,-2.989565,-4.361159,10441.01,4.400544,3.502657,5.873367,6.880135,-2.22904,-3.23512,-4.852203,16057.689,3.190685,6.547942,10.907159,12.031645,-3.413419,-5.519522,-8.622817,14462.589,3.216333,5.846864,9.82924,11.154217,-3.004609,-4.750017,-7.538150
2.0,400.0,17949.568,3.558687,4.799761,6.439506,7.148101,-2.988697,-4.151765,-6.243869,17764.01,4.032679,5.205953,7.493397,8.461284,-3.046485,-4.214787,-6.860512,21640.428,4.127849,7.795444,11.639953,13.419737,-3.581033,-5.170317,-8.26272,24020.361,4.414197,8.651082,13.024846,14.279813,-3.829,-5.4111,-8.885716,6715.795,3.41388,2.456244,4.497175,5.376952,-1.471572,-2.240894,-3.161832,7061.384,3.554431,2.520101,4.452168,5.189624,-1.550174,-2.317144,-3.267588,19946.373,3.879115,8.270904,13.856918,15.033944,-3.603425,-5.444306,-8.034929,22843.959,4.182991,9.390146,15.790104,17.102484,-4.088943,-6.392968,-10.26749,11442.028,3.486424,3.134448,4.309397,5.324095,-1.790914,-2.421011,-4.43813,12174.578,3.113528,2.966342,3.870974,5.018772,-1.742264,-2.364593,-4.478547,14816.177,3.0822,5.407119,8.080536,9.571636,-2.97278,-4.227977,-6.990476,16514.365,3.713181,5.787136,8.556846,10.148717,-2.849335,-4.116426,-6.863565,8854.454,4.015162,3.123651,5.494985,6.505945,-1.958369,-3.021475,-4.817711,10396.111,4.377047,3.497193,5.86277,6.852973,-2.253723,-3.297747,-5.00339,16024.514,3.171491,6.510847,10.898974,12.290155,-3.429476,-5.408257,-8.522142,14384.165,3.195777,5.841545,9.784576,11.01611,-3.002809,-4.730653,-7.564090
2.0,400.0,17926.516,3.576097,4.784054,6.436528,7.099474,-2.979043,-4.09484,-7.11567,17742.797,4.040939,5.19458,7.475381,8.397791,-3.037746,-4.195895,-7.866932,21730.89,4.172412,7.837166,11.801454,13.221913,-3.585135,-5.197551,-8.119349,24104.912,4.456969,8.699241,13.119819,14.730661,-3.838419,-5.614822,-9.74288,6741.4463,3.447846,2.480972,4.610622,5.164824,-1.467686,-2.25824,-3.247551,7094.9346,3.596884,2.550853,4.531427,5.224418,-1.543808,-2.387192,-3.426055,20087.914,3.934144,8.393578,14.063609,15.254675,-3.592145,-5.478541,-7.667683,22998.572,4.244925,9.52359,16.05936,17.605677,-4.072931,-6.435726,-9.844211,11428.811,3.479996,3.129831,4.31565,5.234332,-1.779152,-2.469449,-4.617695,12167.89,3.115037,2.962719,3.872215,4.989871,-1.735033,-2.329277,-4.170757,14867.035,3.097486,5.441744,8.179427,9.603683,-2.970749,-4.240406,-7.312909,16562.04,3.739354,5.827411,8.667974,10.007912,-2.844153,-4.073927,-6.356171,8897.687,4.059616,3.146483,5.526244,6.51913,-1.957283,-3.014438,-4.83893,10467.234,4.44456,3.527731,5.934548,6.989621,-2.23879,-3.417021,-4.933342,16081.015,3.192697,6.5869,11.006311,12.44555,-3.43546,-5.580212,-8.613482,14464.514,3.222072,5.904851,9.936136,11.17976,-3.005545,-4.703297,-7.339379
2.0,400.0,17834.926,3.546789,4.763403,6.414434,7.226879,-2.966506,-4.137378,-6.605416,17692.035,4.023982,5.169498,7.408562,8.267139,-3.032299,-4.26151,-6.480037,21712.818,4.146991,7.799835,11.727675,12.859802,-3.622552,-5.194326,-8.358578,24072.574,4.437743,8.649853,13.044361,14.502278,-3.849561,-5.581721,-8.31345,6742.704,3.425406,2.465911,4.507442,5.200352,-1.481056,-2.282549,-3.298925,7100.4673,3.575731,2.53646,4.496322,5.001218,-1.567825,-2.361609,-3.407005,20012.146,3.893866,8.303339,13.846656,14.816877,-3.628946,-5.592506,-8.192457,22925.07,4.201355,9.423185,15.849224,17.127464,-4.105228,-6.523801,-10.258147,11429.013,3.474814,3.126386,4.293073,5.091995,-1.780945,-2.439454,-4.30528,12184.744,3.11203,2.962589,3.884222,5.128709,-1.74204,-2.38161,-4.414946,14859.585,3.084945,5.403528,8.115636,9.944099,-2.987752,-4.34354,-7.214258,16609.855,3.721893,5.79674,8.61661,9.960335,-2.877654,-4.097557,-6.516454,8905.373,4.04435,3.139264,5.533576,6.503845,-1.975109,-3.017782,-4.311089,10470.31,4.403611,3.514596,5.907135,6.787514,-2.277803,-3.405025,-5.092142,16099.331,3.17684,6.541203,10.931167,12.56018,-3.459996,-5.495256,-8.101036,14463.645,3.199962,5.872197,9.847986,11.155471,-3.030371,-4.702036,-7.212400
2.0,400.0,17847.81,3.541107,4.74837,6.397139,7.123109,-2.974497,-4.17206,-6.625513,17579.291,4.004921,5.138022,7.396383,8.047695,-3.034111,-4.223334,-6.585312,21713.42,4.160683,7.796182,11.658441,13.225703,-3.578463,-5.035454,-8.256722,24065.736,4.445555,8.653649,13.040273,14.396523,-3.82944,-5.405949,-9.126998,6737.388,3.438397,2.476858,4.483847,5.307362,-1.466197,-2.241433,-3.124466,7126.757,3.60526,2.551397,4.498624,5.134029,-1.548393,-2.317396,-3.392058,20033.078,3.905687,8.309131,13.9279,15.002246,-3.583367,-5.445083,-8.634628,22914.516,4.208032,9.435596,15.940612,17.362425,-4.065086,-6.298465,-9.932001,11393.144,3.47263,3.11109,4.309309,5.182921,-1.775098,-2.438674,-4.344093,12135.062,3.094147,2.958821,3.898264,5.224921,-1.741644,-2.358188,-4.675885,14832.372,3.089231,5.387524,8.083017,9.806024,-2.982836,-4.204314,-6.774682,16607.373,3.737543,5.78066,8.575064,9.883933,-2.85607,-4.23117,-6.421107,8930.632,4.068083,3.148016,5.473322,6.313528,-1.962534,-3.040452,-4.906894,10493.582,4.430081,3.538513,5.946969,6.879047,-2.259453,-3.32709,-5.128172,16071.769,3.183271,6.540499,10.922775,12.251131,-3.4221,-5.453292,-8.37511,14476.066,3.213419,5.870763,9.844927,10.940809,-2.998475,-4.665952,-7.339557
2.0,400.0,17780.322,3.545656,4.740897,6.373574,7.150012,-2.956665,-4.082102,-6.264802,17618.996,4.027549,5.141474,7.3959,8.270837,-3.012421,-4.174969,-6.651386,21644.527,4.131393,7.784973,11.683594,13.219392,-3.625605,-5.169902,-7.891622,23998.977,4.419414,8.647749,12.975577,14.570424,-3.849796,-5.472321,-9.759446,6742.608,3.438881,2.468393,4.486566,5.112662,-1.482312,-2.285568,-3.250715,7107.8003,3.582856,2.543787,4.462552,5.145825,-1.567031,-2.407005,-3.398444,19976.336,3.878399,8.285647,13.87909,14.829833,-3.63573,-5.573689,-7.949193,22880.639,4.184691,9.430828,15.920408,17.140272,-4.118294,-6.522974,-9.627109,11416.783,3.479816,3.124646,4.288511,5.110127,-1.77654,-2.424518,-4.152344,12162.053,3.11002,2.960943,3.87184,4.965876,-1.732654,-2.360462,-4.326288,14819.419,3.078752,5.414645,8.099791,9.670641,-2.984887,-4.27656,-7.00839,16584.152,3.711675,5.790824,8.608147,10.178264,-2.873133,-4.110989,-7.05355,8918.723,4.052318,3.139159,5.488146,6.321134,-1.983181,-3.059199,-4.515949,10512.304,4.423764,3.525613,5.915148,6.839053,-2.279254,-3.399769,-4.803707,16071.211,3.164807,6.537849,10.891711,12.378256,-3.469585,-5.619525,-9.027255,14434.087,3.186679,5.848553,9.865914,11.461041,-3.046433,-4.745317,-7.575077
2.0,400.0,17744.734,3.538341,4.742521,6.349667,7.016454,-2.956789,-4.092011,-6.677031,17557.27,4.029221,5.129851,7.352476,8.057317,-3.011143,-4.193721,-6.724213,21642.205,4.135489,7.749398,11.625334,13.230954,-3.608057,-5.175822,-7.987459,23995.965,4.414854,8.605554,12.953054,14.34079,-3.846952,-5.524768,-9.150241,6730.9316,3.427667,2.466047,4.490805,5.224815,-1.473252,-2.288913,-3.271028,7080.5176,3.577403,2.541513,4.499256,5.053373,-1.550078,-2.404203,-3.471372,19945.201,3.876622,8.270233,13.889522,15.020972,-3.599603,-5.571729,-7.344411,22862.28,4.171724,9.383989,15.795133,16.96208,-4.090172,-6.609759,-9.960837,11356.047,3.472957,3.107816,4.295985,5.402877,-1.771149,-2.440055,-4.301921,12120.237,3.099081,2.95449,3.846737,4.832186,-1.73323,-2.347548,-4.692232,14794.818,3.077806,5.359129,8.026965,9.38763,-2.980238,-4.313064,-8.948164,16566.545,3.718742,5.757596,8.516221,9.829244,-2.871442,-4.103991,-6.520724,8906.572,4.04278,3.137085,5.50626,6.219269,-1.970388,-3.1087,-4.665382,10496.572,4.427326,3.523433,5.923362,6.984809,-2.266561,-3.416302,-5.575344,16008.273,3.154464,6.494891,10.870743,12.229294,-3.431599,-5.548429,-8.170959,14398.817,3.189357,5.838057,9.863977,10.849363,-3.013374,-4.7796,-7.388935
2.0,400.0,17695.158,3.52751,4.723799,6.327126,6.941266,-2.936483,-4.035455,-6.705526,17523.45,4.020845,5.109115,7.367015,8.111728,-2.994028,-4.157194,-6.229078,21690.574,4.132565,7.757721,11.589938,12.831188,-3.63563,-5.342383,-9.612608,24027.195,4.401216,8.599232,12.935034,14.352244,-3.88278,-5.544414,-9.473522,6778.1655,3.449158,2.467325,4.491046,5.230522,-1.493849,-2.322941,-3.13682,7144.1597,3.61844,2.549281,4.473226,5.264551,-1.563872,-2.407444,-3.514882,20017.35,3.885668,8.269642,13.909304,15.239607,-3.634496,-5.61045,-7.982108,22984.3,4.189292,9.381336,15.86542,17.177483,-4.147569,-6.627208,-10.118933,11351.328,3.475291,3.110202,4.293618,5.186946,-1.756462,-2.388294,-4.264951,12069.33,3.081491,2.946801,3.829261,4.898149,-1.716588,-2.331221,-4.4998,14773.636,3.063882,5.368465,8.010603,9.255233,-2.994873,-4.309247,-7.238621,16564.736,3.706068,5.777815,8.524477,9.936504,-2.870606,-4.136284,-6.909016,8962.96,4.064892,3.141234,5.480956,6.569977,-2.001104,-3.159549,-4.63813,10577.761,4.469865,3.537782,5.943721,6.962794,-2.275766,-3.390685,-5.038631,16064.553,3.157727,6.48893,10.95992,12.047047,-3.472038,-5.665237,-9.123128,14400.097,3.182715,5.835027,9.827583,10.897025,-3.037417,-4.78751,-7.411009
2.0,400.0,17720.691,3.538995,4.704314,6.306298,7.203854,-2.948941,-4.057023,-6.182997,17555.645,4.017719,5.119597,7.358495,8.290709,-3.016945,-4.231128,-7.096888,21477.328,4.050483,7.776143,11.72984,13.316295,-3.582738,-5.198819,-9.075389,23848.611,4.348436,8.647171,13.10732,14.387337,-3.831894,-5.396851,-9.1945,6683.94,3.390991,2.486424,4.537002,5.257587,-1.475567,-2.365117,-3.333933,7055.5977,3.535289,2.546889,4.485342,5.055306,-1.54659,-2.355564,-3.31894,19782.38,3.799018,8.30861,13.853215,15.066588,-3.588176,-5.548858,-7.897064,22716.09,4.10755,9.492804,15.901622,16.969563,-4.096163,-6.564119,-10.089273,11391.29,3.465346,3.105359,4.269568,5.151305,-1.777031,-2.416748,-4.357899,12110.87,3.098194,2.938775,3.851482,4.872162,-1.732173,-2.358557,-4.277556,14659.332,3.027742,5.396628,8.13382,9.574816,-2.967474,-4.29169,-7.130551,16433.248,3.633259,5.78255,8.607764,10.919457,-2.836807,-4.133912,-6.884969,8858.885,4.003007,3.161275,5.529169,6.584373,-1.970676,-3.091116,-4.794431,10461.973,4.362167,3.536597,5.914594,6.879424,-2.25426,-3.300822,-5.243853,15872.538,3.101409,6.532877,10.929129,12.361571,-3.450099,-5.649159,-8.498077,14277.353,3.126562,5.842006,9.812517,10.903454,-3.009356,-4.73849,-7.429685
2.0,400.0,17767.297,3.560614,4.730078,6.37024,6.950856,-2.947394,-4.147818,-6.513428,17565.004,4.050813,5.131254,7.409183,8.024178,-3.015312,-4.210464,-6.774811,21542.906,4.126364,7.756436,11.651591,13.074435,-3.603681,-5.078583,-8.278466,23986.604,4.438384,8.632323,13.036822,14.673732,-3.846606,-5.447856,-10.761919,6721.85,3.456294,2.473253,4.545355,5.46582,-1.464529,-2.321704,-3.43045,7080.8203,3.602011,2.537128,4.531612,5.267632,-1.5482,-2.378297,-3.545364,19933.352,3.88286,8.287621,13.870813,14.928187,-3.590781,-5.628939,-7.725224,22859.428,4.196679,9.44564,15.994337,17.86436,-4.090671,-6.502789,-9.496837,11376.768,3.471497,3.114804,4.293927,5.147791,-1.773196,-2.433779,-4.058514,12174.177,3.116576,2.955259,3.875074,4.974977,-1.732075,-2.351255,-4.709548,14749.771,3.07523,5.380833,8.136041,9.639808,-2.975994,-4.30216,-7.352044,16490.963,3.702784,5.776082,8.564606,10.024176,-2.861843,-4.087649,-7.075088,8921.372,4.083846,3.145188,5.562838,6.720244,-1.962213,-3.062537,-4.534013,10502.348,4.46021,3.524892,5.962242,6.966692,-2.260895,-3.361799,-5.251889,15996.784,3.159089,6.545797,10.962682,12.299599,-3.428432,-5.565026,-8.178808,14418.24,3.193056,5.854436,9.836864,11.2426,-2.996586,-4.799805,-7.113711
2.0,400.0,17615.836,3.527028,4.716294,6.343191,7.093876,-2.933397,-4.065795,-6.112603,17431.695,4.004186,5.12476,7.344512,8.302511,-3.005286,-4.17034,-6.649818,21659.145,4.132453,7.77672,11.634329,13.066155,-3.590574,-5.10624,-7.762855,23996.816,4.414058,8.633768,12.985069,14.334694,-3.833052,-5.439485,-8.884534,6737.8267,3.442773,2.43219,4.472968,5.110943,-1.460136,-2.249645,-3.101014,7115.8467,3.601271,2.497109,4.409651,4.951428,-1.546394,-2.353629,-3.604089,20017.367,3.881983,8.279824,13.767755,14.776595,-3.588227,-5.544574,-7.716029,22884.92,4.176776,9.460196,15.83459,17.281816,-4.049601,-6.486024,-9.300294,11344.58,3.460791,3.109072,4.299561,5.182781,-1.770331,-2.411722,-4.46907,12138.276,3.103237,2.943412,3.877716,4.96334,-1.737171,-2.391609,-4.87099,14765.327,3.068946,5.380841,8.092138,9.473211,-2.971041,-4.204654,-7.363209,16575.316,3.705552,5.790938,8.60893,9.934309,-2.853762,-4.195203,-7.266661,8954.079,4.072987,3.09916,5.469118,6.527933,-1.960773,-3.004534,-4.959224,10534.731,4.453238,3.475149,5.795944,6.832116,-2.267295,-3.318804,-4.834449,16052.812,3.153283,6.519184,10.824819,12.006323,-3.429151,-5.451354,-8.832363,14471.314,3.189044,5.818429,9.719971,10.845715,-3.016872,-4.702927,-8.155726
2.0,400.0,17630.918,3.524774,4.70978,6.377845,6.973175,-2.931209,-4.119499,-6.484497,17412.365,4.00759,5.104076,7.312724,8.279904,-2.987939,-4.150392,-6.367096,21646.94,4.126263,7.769443,11.601685,13.002569,-3.647899,-5.124097,-9.018458,24014.47,4.421162,8.616736,12.966098,14.382548,-3.884216,-5.484477,-8.686761,6764.967,3.459696,2.462023,4.492037,5.153307,-1.490537,-2.254821,-3.068113,7123.9966,3.606514,2.530257,4.473808,5.219727,-1.572276,-2.362905,-3.547062,20029.07,3.884832,8.29401,13.880659,14.878749,-3.642742,-5.485153,-7.999787,22982.408,4.205712,9.444476,15.889278,17.148035,-4.157044,-6.309814,-9.300855,11312.564,3.456623,3.093233,4.293195,5.306691,-1.762124,-2.389309,-4.139812,12100.32,3.088884,2.93848,3.89505,4.921286,-1.728328,-2.343925,-4.543224,14758.48,3.068402,5.359589,8.054592,9.422119,-2.996803,-4.24083,-7.201918,16576.775,3.703362,5.784797,8.621224,9.791827,-2.901954,-4.085112,-6.641837,8989.049,4.09565,3.13153,5.533394,6.350599,-1.995116,-3.020343,-4.302365,10562.251,4.465722,3.517197,5.896076,6.805302,-2.29554,-3.335896,-5.02389,16061.357,3.159021,6.518123,10.884626,12.533765,-3.452569,-5.57587,-8.725945,14454.023,3.185389,5.841626,9.794773,10.88443,-3.022965,-4.782203,-7.277561
2.0,400.0,17578.4,3.511677,4.68568,6.309277,6.97186,-2.935211,-4.040943,-6.24847,17394.533,4.001774,5.089357,7.319569,8.067928,-2.987171,-4.123342,-6.435142,21563.914,4.11931,7.760503,11.618427,13.066166,-3.566846,-5.168142,-8.244099,23940.04,4.408955,8.600721,12.987998,14.538366,-3.835586,-5.434437,-8.777119,6747.967,3.458242,2.463824,4.484844,5.311381,-1.465477,-2.332508,-3.69154,7107.551,3.608046,2.534613,4.424697,5.220544,-1.53929,-2.386633,-3.398244,19932.613,3.873259,8.285852,13.815876,15.357661,-3.57911,-5.563115,-7.885273,22840.045,4.178402,9.446358,15.861053,17.241503,-4.053483,-6.580251,-9.968435,11289.428,3.449751,3.089352,4.285948,5.295549,-1.760118,-2.452662,-4.784857,12084.8955,3.088415,2.929799,3.852371,4.980103,-1.723393,-2.350404,-4.201857,14711.277,3.062477,5.357226,8.085589,9.636875,-2.958905,-4.24241,-7.289888,16525.045,3.695112,5.761287,8.523977,9.879314,-2.834094,-4.114626,-7.790212,8965.064,4.091717,3.139672,5.481018,6.459832,-1.959479,-3.124722,-4.395658,10574.573,4.474503,3.526809,5.88799,6.851688,-2.245073,-3.349712,-5.36135,16009.636,3.151352,6.52564,10.886366,12.0785,-3.428888,-5.692899,-8.484545,14412.345,3.179827,5.834716,9.737989,10.949751,-3.002813,-4.850138,-7.591098
2.0,400.0,17539.996,3.506358,4.673659,6.280433,6.993262,-2.921519,-4.076952,-6.609336,17379.527,4.00255,5.078358,7.306467,8.172849,-2.983516,-4.143345,-6.422268,21536.496,4.114924,7.718714,11.571986,13.472468,-3.61883,-5.103132,-8.694531,23929.71,4.415734,8.574899,12.936585,14.641981,-3.850586,-5.533333,-8.495463,6744.9146,3.473306,2.476969,4.483739,5.208812,-1.481185,-2.318048,-3.478291,7115.2256,3.61947,2.544155,4.444799,5.039955,-1.564347,-2.401746,-3.435602,19929.41,3.865075,8.259373,13.776738,14.924153,-3.62377,-5.563023,-7.84191,22848.617,4.189184,9.409337,15.740973,17.092825,-4.122636,-6.525404,-9.679694,11278.265,3.446038,3.084664,4.238781,5.11636,-1.754163,-2.411729,-4.337382,12083.961,3.085183,2.92804,3.842382,5.091234,-1.723512,-2.333552,-4.36912,14745.77,3.074945,5.354428,8.047188,9.497806,-2.980729,-4.260708,-7.014641,16507.656,3.69302,5.746455,8.47397,9.824221,-2.88452,-4.051237,-6.884025,8958.517,4.10743,3.151973,5.501324,6.43991,-1.983151,-3.147158,-4.754251,10588.443,4.490802,3.530934,5.889323,6.824018,-2.291495,-3.395973,-4.969959,16003.468,3.154534,6.503489,10.812939,12.104927,-3.448395,-5.610079,-8.198266,14398.482,3.178323,5.830435,9.786015,10.848474,-3.022189,-4.68877,-6.943749
2.0,300.0,15751.292,3.328858,3.91204,5.096483,5.9975,-2.427743,-3.319674,-5.29454,15716.75,3.761645,4.300742,5.930175,6.6846,-2.484168,-3.449286,-5.445904,18865.047,3.734244,6.278693,8.994032,10.393721,-2.813968,-3.973795,-6.605377,21090.082,3.989456,7.023304,10.059563,11.553869,-3.019703,-4.329713,-7.31707,5633.9927,2.953707,1.983509,3.454043,3.961848,-1.154392,-1.804984,-2.929918,5880.699,3.054438,2.017509,3.439519,3.99243,-1.205803,-1.84365,-2.986135,17310.133,3.511077,6.69913,10.428436,11.163973,-2.803879,-4.285909,-6.476686,19826.111,3.76416,7.585371,11.965602,13.109383,-3.151515,-4.97777,-7.688358,9911.584,3.329638,2.539331,3.430785,4.326036,-1.441296,-1.9552,-3.479503,10524.847,2.944996,2.390278,3.083232,3.806363,-1.415208,-1.940527,-3.937126,12803.252,2.815066,4.345921,6.249016,7.902425,-2.325525,-3.311924,-5.783832,14312.015,3.392971,4.601543,6.591005,7.915006,-2.215675,-3.182911,-5.319871,7323.0728,3.42598,2.495673,4.218848,5.056087,-1.513228,-2.330577,-3.87503,8499.047,3.681211,2.775836,4.54143,5.504882,-1.696109,-2.535002,-4.462889,13803.069,2.907387,5.267701,8.122153,9.393879,-2.671696,-4.220703,-6.519401,12444.919,2.925688,4.736676,7.380106,8.352498,-2.346249,-3.623878,-5.731490
2.0,300.0,15655.959,3.327956,3.878605,5.025685,5.83718,-2.400894,-3.24126,-5.402267,15580.162,3.744209,4.246555,5.844406,6.548483,-2.453752,-3.348402,-5.560986,18825.49,3.705646,6.195595,8.813125,10.066241,-2.832954,-4.166229,-6.934849,21059.127,3.95916,6.945266,9.822957,10.88132,-3.040183,-4.325552,-7.262007,5715.8105,3.000785,2.002667,3.503067,4.117717,-1.174185,-1.811885,-2.871852,5965.952,3.108158,2.052517,3.491394,4.111476,-1.224688,-1.842459,-3.112119,17368.746,3.513816,6.629737,10.353486,11.409484,-2.842544,-4.23232,-6.154422,19898.66,3.772975,7.484234,11.809598,13.142736,-3.206899,-4.984921,-7.461214,9876.402,3.291153,2.509665,3.339001,4.376202,-1.428788,-1.94906,-3.725184,10476.986,2.924578,2.371979,3.076242,4.392886,-1.407459,-1.874688,-3.613536,12740.241,2.802985,4.283043,6.101211,7.626714,-2.348884,-3.372491,-5.781765,14318.178,3.374468,4.543566,6.402982,7.503581,-2.248788,-3.2607,-5.710392,7429.408,3.472945,2.523229,4.241193,5.439471,-1.543995,-2.36083,-3.737558,8632.214,3.748131,2.817393,4.59098,5.841511,-1.73106,-2.529576,-4.855441,13844.835,2.901819,5.171314,8.038068,9.255912,-2.720701,-4.244642,-6.443245,12446.045,2.918519,4.677596,7.28657,8.508847,-2.382202,-3.643259,-5.930793
2.0,300.0,15581.831,3.31662,3.850149,4.977694,5.701362,-2.387307,-3.275931,-5.142783,15503.721,3.735175,4.209107,5.810526,6.356184,-2.437559,-3.33837,-5.271562,18727.6,3.686694,6.188043,8.765287,9.860803,-2.853662,-4.021159,-6.619715,20963.402,3.940385,6.924586,9.825863,11.177693,-3.055115,-4.35264,-7.187846,5704.302,3.010748,2.029819,3.463369,4.024543,-1.168812,-1.835473,-2.609139,5955.9,3.116412,2.084128,3.483784,4.109166,-1.22748,-1.84426,-2.959363,17320.135,3.498186,6.635784,10.389707,11.446195,-2.854627,-4.288871,-6.270286,19830.8,3.7589,7.479218,11.780704,12.871064,-3.211973,-5.018109,-7.859965,9803.512,3.25797,2.488758,3.28462,4.150379,-1.416792,-1.931121,-3.72021,10402.753,2.902924,2.351246,3.002891,3.966626,-1.392387,-1.901477,-3.621912,12610.7,2.783576,4.247274,6.051459,7.247096,-2.330169,-3.322812,-5.721283,14220.608,3.348825,4.531217,6.376456,7.477648,-2.242303,-3.212394,-5.613915,7448.9087,3.494499,2.555523,4.242732,5.173344,-1.531951,-2.352178,-3.54119,8640.712,3.758978,2.867288,4.659274,5.686314,-1.733386,-2.543457,-4.056621,13709.368,2.875435,5.160108,8.063009,9.191221,-2.688272,-4.325245,-7.416134,12369.574,2.899077,4.672843,7.346805,8.511301,-2.373257,-3.648544,-5.662148
2.0,300.0,15502.567,3.310774,3.836376,4.991339,5.715579,-2.373126,-3.241837,-5.049997,15417.915,3.712955,4.197787,5.784878,6.494566,-2.427682,-3.339698,-5.793017,18702.674,3.664072,6.152146,8.71002,9.910584,-2.866994,-4.043348,-6.870686,20944.562,3.924201,6.883731,9.804259,10.849567,-3.072297,-4.377584,-7.659336,5723.8286,3.010023,1.991608,3.470891,4.034462,-1.179288,-1.801309,-2.643892,5972.1206,3.111937,2.045535,3.470233,4.164892,-1.231176,-1.857093,-2.635711,17336.004,3.483544,6.655491,10.445671,11.286117,-2.857017,-4.322637,-6.395899,19889.34,3.740721,7.515618,11.922724,13.06607,-3.220524,-5.007686,-7.919636,9747.49,3.21982,2.474959,3.29904,4.255234,-1.407659,-1.907259,-3.714016,10370.563,2.888548,2.341093,3.009606,3.899177,-1.385232,-1.845684,-3.522831,12553.119,2.760382,4.226456,6.037457,7.14525,-2.351786,-3.342029,-5.528571,14170.297,3.313306,4.521016,6.374863,8.09257,-2.258956,-3.296557,-6.325114,7493.6553,3.498449,2.514452,4.210046,5.054699,-1.548062,-2.365368,-3.684352,8693.668,3.757077,2.82606,4.577691,5.564366,-1.745984,-2.605135,-3.998466,13671.64,2.84883,5.17274,8.05708,9.398041,-2.7048,-4.212829,-6.467924,12356.591,2.879601,4.667167,7.289896,8.328174,-2.374898,-3.625705,-5.759998
2.0,300.0,15431.972,3.304931,3.811607,4.944231,5.791272,-2.36253,-3.207636,-5.140346,15341.518,3.686431,4.187489,5.815344,6.504186,-2.425469,-3.28749,-5.271382,18717.64,3.700666,6.155091,8.781113,10.029924,-2.838138,-4.235079,-7.667643,20971.615,3.976457,6.914309,9.862344,11.222717,-3.049988,-4.41194,-7.050433,5747.649,3.069059,2.009887,3.476291,4.171276,-1.177186,-1.811942,-2.834812,6007.4956,3.175068,2.059436,3.470337,4.134114,-1.231121,-1.875728,-2.792246,17380.123,3.528719,6.672611,10.40941,11.18228,-2.86834,-4.329327,-6.30815,19940.918,3.812947,7.574565,11.909299,13.128186,-3.236056,-5.029345,-8.181765,9721.43,3.195636,2.470205,3.309694,4.20225,-1.405892,-1.905566,-3.558994,10330.343,2.884573,2.326154,3.004426,3.898228,-1.38834,-1.866224,-3.886267,12629.546,2.804199,4.250972,6.123284,7.522356,-2.338854,-3.314575,-5.897956,14242.336,3.362055,4.506577,6.371144,7.440086,-2.24057,-3.181716,-6.105485,7507.789,3.563004,2.535662,4.232482,4.961937,-1.546402,-2.385031,-4.041396,8734.528,3.824008,2.845409,4.574475,5.464827,-1.749909,-2.585414,-3.856469,13804.14,2.905751,5.207131,8.053181,9.457831,-2.696074,-4.218647,-7.069218,12396.069,2.912119,4.677367,7.269005,8.634671,-2.36993,-3.657519,-6.026436
2.0,300.0,15374.446,3.290436,3.800783,4.938274,5.44597,-2.364524,-3.20514,-5.122875,15297.966,3.684844,4.169257,5.773775,6.508162,-2.412139,-3.285295,-5.369955,18624.006,3.672551,6.12634,8.679658,10.084028,-2.802295,-4.005848,-6.437374,20852.256,3.937169,6.84789,9.741623,10.838615,-3.041201,-4.308958,-7.129275,5719.203,3.050181,2.005036,3.444342,4.065921,-1.172313,-1.821585,-2.849439,5982.128,3.159041,2.058029,3.437909,4.062252,-1.216101,-1.826621,-2.99237,17276.66,3.493426,6.623114,10.346837,11.219991,-2.844926,-4.302664,-6.620979,19834.818,3.76186,7.480879,11.793409,12.993525,-3.220104,-5.000075,-7.508864,9674.083,3.178435,2.456401,3.283592,4.238041,-1.399856,-1.905471,-3.467293,10289.505,2.872055,2.321965,2.962323,3.850954,-1.381769,-1.878274,-3.832814,12508.726,2.776171,4.204422,6.077984,7.50597,-2.328531,-3.276787,-5.730072,14124.428,3.321175,4.480612,6.366195,7.626748,-2.206257,-3.174693,-5.606881,7495.941,3.548062,2.534064,4.224718,4.971752,-1.54654,-2.385828,-3.644028,8724.173,3.820405,2.84806,4.605559,5.639475,-1.731673,-2.542565,-4.210796,13654.828,2.861258,5.140598,8.014868,9.095631,-2.698213,-4.270605,-6.801566,12309.306,2.884939,4.643783,7.331152,8.224169,-2.36888,-3.646702,-5.616280
2.0,300.0,15340.394,3.281188,3.794118,4.896781,5.502084,-2.356561,-3.231997,-4.9895,15221.14,3.659548,4.154542,5.737094,6.306612,-2.40615,-3.323591,-5.126606,18610.42,3.681222,6.073795,8.644159,10.088532,-2.827166,-3.99747,-6.866874,20849.627,3.957158,6.830511,9.697111,11.038971,-3.038756,-4.286173,-7.277468,5692.366,3.047003,2.013323,3.471284,4.04455,-1.15824,-1.831851,-2.803836,5953.5747,3.160312,2.052323,3.445441,3.917687,-1.211703,-1.850148,-3.084277,17249.504,3.498913,6.601972,10.293505,11.631342,-2.827655,-4.378219,-6.162774,19784.62,3.767251,7.446937,11.680128,12.609537,-3.189978,-5.010747,-8.211668,9654.302,3.159756,2.449287,3.276758,4.121135,-1.39636,-1.892437,-3.364549,10286.135,2.861495,2.317719,2.955107,3.913794,-1.378265,-1.870723,-3.357064,12483.628,2.775227,4.185072,5.979143,7.245628,-2.327282,-3.306696,-5.892516,14114.632,3.321493,4.452697,6.29794,7.486929,-2.238286,-3.159586,-5.172823,7467.91,3.552471,2.536112,4.25999,4.989502,-1.524377,-2.371678,-3.928356,8685.252,3.813911,2.826276,4.55599,5.39889,-1.730951,-2.564843,-3.783537,13652.799,2.866824,5.124651,7.962716,9.575116,-2.665216,-4.22227,-6.672332,12285.387,2.881788,4.627521,7.219141,8.488872,-2.3516,-3.682083,-5.696562
2.0,300.0,15307.265,3.274105,3.78529,4.903851,5.572694,-2.346494,-3.233299,-5.6218,15196.706,3.651175,4.150579,5.742009,6.582202,-2.404307,-3.309033,-5.620726,18563.938,3.683543,6.088881,8.638549,10.191536,-2.841059,-3.968392,-6.602574,20828.074,3.968615,6.839236,9.711471,10.810639,-3.0731,-4.298315,-6.746479,5691.9404,3.062996,2.006585,3.464931,3.957467,-1.169022,-1.789668,-3.368632,5949.0776,3.169928,2.045136,3.412824,4.062024,-1.213177,-1.824499,-2.533943,17231.738,3.500211,6.608748,10.306039,11.129488,-2.831555,-4.311694,-6.607785,19783.805,3.777163,7.478378,11.809774,12.98609,-3.2256,-4.897314,-8.251825,9662.314,3.149892,2.445597,3.265991,3.934977,-1.40817,-1.92822,-3.618173,10302.397,2.859681,2.312601,2.964769,3.86364,-1.38782,-1.880444,-3.473967,12520.392,2.789087,4.201038,5.994539,7.605781,-2.361776,-3.293523,-6.049987,14128.172,3.334042,4.462444,6.333224,7.870084,-2.253308,-3.205344,-5.858786,7481.3667,3.573071,2.530514,4.189915,4.94909,-1.544153,-2.339778,-3.82151,8691.597,3.82106,2.820935,4.535921,5.417548,-1.749541,-2.570603,-4.147288,13686.627,2.877328,5.146723,8.055387,9.227895,-2.700189,-4.198454,-6.490877,12329.693,2.894761,4.635909,7.228034,8.426599,-2.360519,-3.649899,-5.568562
2.0,300.0,15267.191,3.264777,3.76716,4.891011,5.445997,-2.358407,-3.225944,-5.256423,15163.266,3.660829,4.125451,5.715463,6.387871,-2.402483,-3.338669,-4.977484,18499.494,3.644885,6.088851,8.672185,10.027968,-2.812482,-4.062816,-6.43398,20736.9,3.913882,6.82752,9.727804,10.914475,-3.03471,-4.299033,-7.048986,5673.3877,3.042131,2.007015,3.480993,4.162088,-1.154511,-1.77908,-3.004256,5936.055,3.149616,2.056965,3.459144,4.041232,-1.209386,-1.822126,-2.852955,17170.775,3.466831,6.598102,10.267423,11.178753,-2.811072,-4.341552,-6.627553,19668.246,3.721869,7.465834,11.813467,13.208989,-3.176532,-4.939218,-7.778581,9631.908,3.140845,2.439651,3.259489,4.052058,-1.397945,-1.93457,-4.039877,10269.557,2.851125,2.307707,2.97738,3.885024,-1.378932,-1.844021,-3.723161,12401.843,2.752743,4.190311,5.981373,7.217861,-2.320998,-3.265072,-5.594788,14062.268,3.296463,4.476921,6.302598,7.439541,-2.233427,-3.121105,-5.497929,7459.062,3.541174,2.542541,4.231934,4.96051,-1.531495,-2.34208,-3.738857,8691.638,3.806342,2.852406,4.553144,5.419406,-1.735124,-2.526538,-3.980761,13580.459,2.837968,5.142687,7.989879,9.026837,-2.672508,-4.267022,-6.739347,12245.761,2.862869,4.64486,7.231447,8.209517,-2.349942,-3.633465,-6.036414
2.0,300.0,15226.547,3.264105,3.765941,4.909631,5.570086,-2.336936,-3.202448,-5.020749,15127.077,3.662154,4.124686,5.744249,6.505027,-2.392778,-3.262024,-5.117396,18555.365,3.679776,6.085601,8.785792,10.04798,-2.840192,-3.937491,-6.305825,20734.637,3.933753,6.817549,9.745264,11.366901,-3.038176,-4.24072,-7.5186,5676.266,3.055538,1.993317,3.402763,4.016696,-1.155451,-1.798616,-2.770201,5947.6836,3.175077,2.04241,3.369953,3.911869,-1.215916,-1.821353,-2.83666,17196.527,3.489225,6.607638,10.342426,11.325047,-2.837949,-4.337259,-6.990888,19701.76,3.746823,7.46458,11.792154,12.987137,-3.170634,-4.978852,-8.107215,9619.993,3.146512,2.435018,3.262513,4.275873,-1.394611,-1.907117,-3.662233,10252.918,2.839371,2.309003,2.944028,4.18919,-1.379771,-1.853814,-3.529734,12435.479,2.7666,4.175336,5.994085,7.212035,-2.322845,-3.315974,-5.399506,14115.158,3.32689,4.480164,6.362089,7.512814,-2.243723,-3.183648,-5.762124,7455.35,3.551972,2.520134,4.168612,5.324164,-1.5268,-2.339097,-3.559938,8713.503,3.841255,2.836894,4.505864,5.381043,-1.746156,-2.579877,-4.348057,13595.452,2.849216,5.123428,7.994271,8.967962,-2.674631,-4.23353,-7.068981,12260.684,2.876726,4.639556,7.261818,8.350321,-2.368565,-3.704365,-5.636698
2.0,300.0,15163.681,3.24927,3.775515,4.892115,5.465336,-2.330203,-3.153435,-4.974408,15062.237,3.654294,4.123888,5.69621,6.45625,-2.375553,-3.311135,-5.291319,18585.783,3.663481,6.046089,8.592274,9.886042,-2.853319,-3.993686,-6.714397,20776.064,3.918211,6.766312,9.637816,10.697757,-3.064775,-4.352407,-7.406523,5711.6187,3.061608,1.97477,3.488537,4.070871,-1.173085,-1.763096,-2.700034,5995.862,3.186571,2.024416,3.429772,3.988135,-1.229811,-1.812857,-3.146508,17237.205,3.477707,6.561115,10.234713,11.211394,-2.858065,-4.22426,-5.767263,19762.604,3.733648,7.437368,11.745846,13.305991,-3.232628,-4.873289,-7.599228,9578.857,3.130349,2.434648,3.265477,4.152847,-1.395612,-1.908898,-3.503155,10184.518,2.817171,2.305953,2.985783,4.029887,-1.37609,-1.874471,-3.690352,12415.044,2.754373,4.147123,5.963605,7.392065,-2.345174,-3.304985,-5.867008,14159.22,3.320302,4.454822,6.33946,7.644321,-2.265863,-3.175972,-5.847839,7513.5,3.561621,2.498785,4.18523,5.02969,-1.55352,-2.394201,-3.634648,8778.864,3.852736,2.802273,4.542419,5.353758,-1.763581,-2.540443,-4.291191,13608.12,2.83926,5.089829,7.889203,9.036673,-2.719711,-4.230907,-7.106058,12278.241,2.86781,4.601622,7.140365,8.203852,-2.395965,-3.729945,-5.948410
2.0,300.0,15177.594,3.259884,3.755426,4.894761,5.616943,-2.328007,-3.18137,-5.471182,15065.835,3.656612,4.105637,5.689128,6.32475,-2.381045,-3.291904,-5.01736,18460.686,3.643243,6.07025,8.599831,10.079189,-2.848146,-4.005414,-7.088227,20675.283,3.910485,6.82675,9.679961,11.475526,-3.038146,-4.218639,-6.888553,5681.924,3.060157,1.999257,3.462069,4.005908,-1.158673,-1.817531,-2.926533,5952.2495,3.179481,2.053679,3.454154,4.039345,-1.216927,-1.853153,-2.885355,17193.16,3.479372,6.613699,10.402053,11.365314,-2.832112,-4.435056,-6.168873,19728.031,3.7402,7.489206,11.889597,12.867563,-3.179077,-5.118329,-8.401475,9621.534,3.134965,2.428523,3.26113,4.092343,-1.394402,-1.900748,-3.212093,10287.438,2.841517,2.309837,2.956173,3.873862,-1.384829,-1.848006,-3.929282,12408.484,2.755329,4.185752,5.993212,7.507089,-2.336587,-3.320481,-5.254997,14123.397,3.307084,4.479305,6.321637,7.621505,-2.264107,-3.163936,-5.610605,7483.2427,3.565814,2.528968,4.236623,5.272006,-1.532083,-2.427445,-3.777489,8728.738,3.846738,2.85135,4.577774,5.420576,-1.756503,-2.568091,-4.307136,13612.38,2.841675,5.143029,8.013688,9.251883,-2.685019,-4.255769,-7.055879,12290.41,2.870425,4.643157,7.315225,8.267773,-2.367274,-3.684999,-5.869116
2.0,300.0,15118.673,3.245783,3.7459,4.881787,5.540116,-2.330408,-3.160875,-4.946866,15058.11,3.650203,4.112882,5.699004,6.484138,-2.380646,-3.283172,-5.7401,18465.305,3.658884,6.078298,8.650118,10.18855,-2.815088,-4.086579,-6.286612,20668.096,3.921789,6.80757,9.721067,11.247635,-3.036034,-4.370478,-7.219727,5675.835,3.07206,1.987494,3.430025,4.142467,-1.17416,-1.808014,-2.873912,5941.5723,3.183368,2.031814,3.411146,4.131807,-1.218189,-1.813242,-2.62804,17203.766,3.487423,6.614567,10.299282,11.398053,-2.843297,-4.282677,-6.6685,19716.854,3.751319,7.485391,11.770929,12.803183,-3.222229,-5.026934,-7.723243,9572.646,3.114943,2.442824,3.297659,4.096147,-1.391449,-1.890334,-3.403181,10228.785,2.825714,2.311375,2.97463,3.935195,-1.381144,-1.857578,-3.740951,12365.809,2.754111,4.173472,6.018228,7.55191,-2.331039,-3.334364,-5.811809,14057.536,3.308425,4.47381,6.323001,7.838449,-2.230068,-3.211238,-5.770268,7458.823,3.572271,2.513238,4.176948,5.021594,-1.552521,-2.43111,-3.709522,8728.829,3.861271,2.820794,4.516688,5.629752,-1.739631,-2.583027,-3.938755,13572.541,2.841921,5.164223,8.019285,9.335478,-2.718917,-4.378084,-6.741664,12245.661,2.866279,4.658778,7.254012,8.211885,-2.382066,-3.736143,-5.680797
2.0,300.0,15110.2295,3.239522,3.755068,4.859659,5.582293,-2.322194,-3.226027,-5.134788,15002.076,3.632173,4.10854,5.671387,6.398258,-2.368742,-3.258987,-5.495668,18513.516,3.69562,6.062864,8.691493,9.858495,-2.874482,-4.067446,-6.773847,20758.85,3.9777,6.802368,9.658545,10.730328,-3.098623,-4.293619,-7.70677,5685.685,3.090753,1.975531,3.39357,4.018664,-1.189924,-1.776109,-3.136903,5929.501,3.192922,2.010041,3.388132,3.970101,-1.237694,-1.808792,-2.718807,17186.41,3.501209,6.585472,10.180895,11.164432,-2.897327,-4.256683,-6.169069,19747.494,3.776899,7.463038,11.619111,13.046379,-3.293894,-4.976665,-8.294048,9563.283,3.109831,2.432064,3.245339,4.017854,-1.387018,-1.926428,-3.574599,10225.685,2.82168,2.30348,2.950122,3.938002,-1.379196,-1.839954,-3.804649,12408.815,2.778515,4.165456,5.951011,6.910591,-2.358716,-3.334324,-6.16707,14078.104,3.323033,4.464669,6.328906,7.907255,-2.283921,-3.21854,-5.501056,7479.9136,3.596008,2.494931,4.149831,5.060853,-1.567498,-2.408744,-3.68385,8706.534,3.87142,2.785187,4.475679,5.428588,-1.779133,-2.504409,-4.192961,13588.067,2.853023,5.103339,7.897103,9.005663,-2.736792,-4.201071,-6.855606,12242.614,2.876514,4.593827,7.139745,8.376839,-2.396751,-3.679416,-6.078047
2.0,300.0,15081.504,3.227417,3.739226,4.864301,5.591819,-2.32252,-3.206934,-5.111879,14975.755,3.621092,4.090175,5.677107,6.408933,-2.373929,-3.242425,-5.458384,18480.326,3.699331,6.034358,8.577609,9.915946,-2.863312,-4.060297,-7.036534,20690.404,3.968281,6.754791,9.643767,10.871554,-3.061255,-4.247155,-7.221192,5651.896,3.077322,1.967168,3.375284,3.879066,-1.166757,-1.741912,-2.501497,5905.5054,3.196623,2.022776,3.397114,3.935427,-1.234925,-1.835118,-3.056854,17139.863,3.502185,6.561092,10.248276,11.135521,-2.877644,-4.377915,-6.419672,19699.568,3.764412,7.424026,11.734508,12.769271,-3.22904,-5.034529,-7.940743,9530.572,3.09927,2.427173,3.250673,4.103032,-1.390939,-1.88737,-3.582129,10198.507,2.810176,2.30385,2.954243,3.842633,-1.378157,-1.837714,-3.581321,12413.971,2.779493,4.154095,5.977258,7.109771,-2.339909,-3.293253,-5.547888,14047.396,3.327141,4.450502,6.226402,7.63995,-2.275986,-3.230483,-5.482146,7432.967,3.587713,2.492201,4.114009,4.996601,-1.542619,-2.347247,-3.791767,8697.649,3.886358,2.814049,4.48533,5.44796,-1.771712,-2.60893,-4.25003,13525.768,2.847605,5.09767,7.934591,9.258903,-2.704189,-4.17944,-7.007146,12235.188,2.882162,4.605157,7.193496,8.154676,-2.391825,-3.617419,-5.440822
2.0,300.0,15022.921,3.226582,3.726813,4.860663,5.548923,-2.319148,-3.166647,-5.336832,14930.943,3.620062,4.085943,5.661527,6.198997,-2.368604,-3.292834,-5.813128,18449.105,3.673058,6.075231,8.629618,10.095374,-2.844796,-3.96231,-6.697337,20638.686,3.939054,6.799393,9.610861,10.866385,-3.071573,-4.252441,-6.674981,5642.583,3.073498,1.984539,3.426139,3.924388,-1.164006,-1.843377,-3.122637,5908.1836,3.192915,2.034061,3.39249,4.023495,-1.216482,-1.888338,-2.937651,17127.818,3.485133,6.593719,10.265306,11.173259,-2.843299,-4.427272,-6.704136,19618.56,3.74476,7.472198,11.80869,12.770175,-3.214368,-5.187317,-7.810786,9512.396,3.093837,2.417675,3.240734,4.061852,-1.378104,-1.882895,-3.385815,10167.09,2.806002,2.288161,2.931755,3.774475,-1.363407,-1.873328,-3.738885,12337.499,2.758458,4.172021,5.984208,7.614991,-2.331759,-3.261128,-5.90544,14024.18,3.30486,4.471539,6.287928,7.789525,-2.245984,-3.168272,-6.430539,7431.729,3.581947,2.514134,4.177167,4.968667,-1.542328,-2.428043,-3.841121,8682.841,3.871717,2.829246,4.490741,5.533949,-1.753216,-2.630887,-4.293104,13507.332,2.835027,5.125544,7.960436,9.961327,-2.684299,-4.406997,-7.148894,12179.115,2.860563,4.622266,7.231379,8.365322,-2.36063,-3.739253,-5.890140
2.0,300.0,14996.235,3.238787,3.715317,4.867127,5.533021,-2.303852,-3.163308,-5.023402,14898.829,3.620693,4.090444,5.675472,6.495672,-2.365436,-3.253398,-5.509114,18498.453,3.680388,6.095612,8.624873,9.682265,-2.873769,-3.964473,-6.985363,20705.953,3.953589,6.825017,9.668934,11.028435,-3.057909,-4.238251,-7.261991,5656.898,3.08299,1.972902,3.387698,4.032604,-1.158477,-1.748265,-2.793911,5945.5864,3.211101,2.027795,3.394356,4.005061,-1.225967,-1.801442,-2.817233,17255.088,3.516968,6.654298,10.401669,11.547908,-2.853979,-4.247654,-6.135673,19758.688,3.776799,7.530357,11.871482,12.992297,-3.202904,-4.892293,-7.732962,9510.583,3.09217,2.424927,3.247365,4.101043,-1.382007,-1.908092,-3.430995,10164.25,2.809456,2.291916,2.957212,3.975554,-1.368604,-1.863637,-4.026683,12373.574,2.765259,4.185404,6.055284,7.510005,-2.333452,-3.280054,-5.498076,14093.294,3.326829,4.492566,6.362061,7.460825,-2.270692,-3.219325,-5.538355,7458.5156,3.603938,2.497644,4.159353,4.974866,-1.525884,-2.280422,-3.647809,8729.645,3.896711,2.818063,4.459163,5.412846,-1.756914,-2.552303,-4.406379,13607.73,2.855952,5.162257,8.001185,9.233568,-2.680642,-4.247005,-6.661437,12268.146,2.882351,4.642806,7.240591,8.177849,-2.365886,-3.671709,-6.140078
2.0,300.0,14955.456,3.226206,3.72335,4.812185,5.474535,-2.304118,-3.13327,-5.093008,14862.92,3.630088,4.079452,5.639546,6.431337,-2.34865,-3.225891,-5.468737,18514.494,3.681809,6.060215,8.613604,9.720701,-2.873791,-4.07225,-7.603627,20757.799,3.9584,6.794799,9.732357,10.674293,-3.067034,-4.35625,-7.261436,5703.313,3.093383,1.964074,3.397836,4.187484,-1.176464,-1.740343,-2.858847,5967.7036,3.207265,2.012501,3.400675,4.02739,-1.238967,-1.856966,-2.857663,17266.557,3.502057,6.598375,10.192961,11.251487,-2.894406,-4.318176,-6.385241,19801.836,3.764288,7.492283,11.672371,12.871769,-3.250176,-4.936842,-8.051333,9472.872,3.088142,2.421527,3.267002,4.169069,-1.372248,-1.865713,-3.128319,10150.232,2.802117,2.298527,2.970221,4.05368,-1.362232,-1.845659,-3.894104,12379.055,2.759647,4.167795,5.967711,7.310863,-2.340681,-3.317698,-5.899044,14106.414,3.317573,4.478016,6.305098,7.572165,-2.269237,-3.266057,-5.041938,7515.073,3.604548,2.486596,4.131693,5.006803,-1.558959,-2.32712,-3.706595,8773.047,3.888351,2.793129,4.494181,5.294147,-1.77783,-2.549939,-3.88646,13607.424,2.842108,5.126734,7.889609,8.969013,-2.70924,-4.232728,-6.727798,12298.881,2.874517,4.618104,7.201851,8.254675,-2.386211,-3.675781,-5.748826
2.0,300.0,14982.703,3.23389,3.704263,4.832753,5.431053,-2.299881,-3.219772,-5.380244,14865.789,3.632639,4.062179,5.639404,6.721977,-2.353161,-3.258513,-5.1492,18393.678,3.663232,6.027342,8.571932,9.594861,-2.87715,-4.058719,-6.96051,20570.62,3.924055,6.743523,9.578123,11.433707,-3.071196,-4.324026,-7.300626,5653.808,3.078226,1.990371,3.388147,4.072538,-1.171952,-1.805994,-2.774587,5917.7764,3.202475,2.038456,3.413315,3.969947,-1.228641,-1.871816,-3.02959,17132.871,3.489051,6.594371,10.326235,11.408432,-2.869713,-4.411095,-6.292498,19681.543,3.748967,7.443556,11.79866,12.874129,-3.24398,-4.965411,-8.306149,9508.617,3.109589,2.412265,3.226126,4.060805,-1.37453,-1.908805,-3.567944,10184.424,2.81292,2.292092,2.942991,3.981985,-1.363048,-1.84508,-3.483787,12304.578,2.748357,4.129196,5.918635,7.467549,-2.335515,-3.321201,-5.438741,14019.332,3.303904,4.445566,6.295267,7.596214,-2.280008,-3.21647,-5.79774,7452.708,3.592395,2.522248,4.135309,5.088655,-1.551118,-2.36369,-4.26,8697.817,3.87851,2.829285,4.527154,5.587884,-1.772761,-2.569886,-3.941297,13505.324,2.829627,5.106205,7.960627,9.44992,-2.696627,-4.277724,-6.868763,12199.76,2.861942,4.620809,7.271833,8.247932,-2.368818,-3.727482,-6.323956
2.0,300.0,14924.0625,3.213877,3.717272,4.855412,5.453472,-2.295509,-3.174622,-5.616104,14799.998,3.624134,4.059758,5.653586,6.464034,-2.336436,-3.211041,-4.952238,18463.9,3.683326,5.988777,8.416126,9.485555,-2.856656,-4.09347,-7.415958,20636.748,3.937003,6.703404,9.513237,10.668257,-3.066707,-4.275402,-7.59062,5677.0537,3.093657,1.966681,3.372809,4.120826,-1.169575,-1.751078,-2.63796,5954.239,3.22428,2.010715,3.348406,3.98516,-1.22393,-1.849495,-2.755652,17183.883,3.504047,6.515096,10.233665,11.245176,-2.871278,-4.358186,-6.247755,19665.896,3.745862,7.363262,11.643456,12.973817,-3.241095,-4.868411,-7.565842,9470.824,3.098014,2.417651,3.224174,4.096359,-1.373217,-1.870331,-3.481254,10152.426,2.797678,2.302898,2.923873,3.87751,-1.372387,-1.837942,-3.783736,12332.809,2.757317,4.108622,5.858637,7.263721,-2.331584,-3.285876,-5.767758,14114.557,3.334542,4.429566,6.22574,7.571128,-2.259857,-3.316032,-5.830144,7497.7236,3.613447,2.487386,4.118137,5.075282,-1.549771,-2.337353,-3.706994,8760.412,3.913579,2.797287,4.426822,5.138122,-1.76704,-2.584409,-4.356353,13563.685,2.840842,5.068994,7.909406,9.130715,-2.703074,-4.205195,-6.588976,12260.104,2.879964,4.590576,7.199124,8.157473,-2.384285,-3.714372,-5.691400
2.0,200.0,12467.406,2.870999,2.752316,3.438541,4.199397,-1.685764,-2.252383,-3.929282,12475.734,3.198186,3.052289,4.027584,4.910038,-1.724007,-2.333784,-3.862406,15207.969,3.299695,4.280811,5.605096,6.666359,-1.921517,-2.759223,-4.666278,17145.46,3.537733,4.818279,6.30135,7.341102,-2.085473,-2.932227,-5.188233,4360.63,2.597155,1.401902,2.29475,2.965302,-0.824601,-1.209662,-2.048152,4521.5283,2.667993,1.424087,2.27822,2.867639,-0.850989,-1.233503,-2.051487,14036.542,3.126019,4.631582,6.631349,7.480653,-1.971386,-2.858384,-4.295632,16134.639,3.350041,5.221077,7.587398,8.703534,-2.216684,-3.403145,-5.429647,7727.44,2.823635,1.754901,2.26329,3.049532,-0.993013,-1.354338,-2.792976,8196.42,2.543179,1.673815,2.071769,3.057537,-0.988671,-1.32266,-2.855627,9991.999,2.481038,2.916601,3.913575,5.063399,-1.578131,-2.239685,-4.17084,11332.3545,2.965798,3.062099,3.993827,5.113645,-1.503808,-2.146149,-3.970239,5613.4336,2.963284,1.747597,2.784427,3.953624,-1.058796,-1.583593,-2.644086,6440.9976,3.141589,1.955143,2.977147,3.801012,-1.173223,-1.716927,-3.043637,11020.623,2.592141,3.594634,5.203548,6.251849,-1.844005,-2.725387,-4.57756,9935.97,2.60579,3.275677,4.6896,5.584748,-1.629442,-2.33178,-3.985099
2.0,200.0,12385.276,2.875404,2.731891,3.406477,3.926684,-1.658019,-2.1958,-3.932057,12345.902,3.193494,3.016889,3.993767,4.600227,-1.699813,-2.265727,-3.639705,15017.633,3.23002,4.22103,5.524062,6.67536,-1.940972,-2.736469,-4.98038,17012.629,3.477588,4.754071,6.177764,7.373457,-2.091482,-2.890082,-4.951162,4400.6494,2.617747,1.420189,2.308219,2.769462,-0.824724,-1.257444,-2.180239,4544.089,2.682513,1.442719,2.29497,2.849891,-0.854319,-1.29461,-2.327135,13953.929,3.090253,4.5981,6.571177,7.411893,-1.961687,-2.91114,-4.24733,16072.278,3.319293,5.195351,7.452611,8.547915,-2.201705,-3.311006,-5.777254,7611.6445,2.77083,1.731278,2.221952,3.082872,-0.983619,-1.306592,-2.918692,8123.1865,2.526647,1.651349,2.030607,2.876314,-0.975961,-1.289084,-2.969843,9885.742,2.452664,2.86788,3.841208,4.767101,-1.584937,-2.233169,-4.301079,11192.424,2.912512,3.015362,3.961725,5.216495,-1.525494,-2.231674,-4.082872,5690.1294,2.989921,1.767948,2.769742,3.457384,-1.062912,-1.631434,-2.800271,6489.815,3.153874,1.977306,2.987923,3.731591,-1.178009,-1.762166,-3.110849,10933.727,2.561418,3.573682,5.080554,6.106539,-1.841743,-2.855658,-4.814799,9870.093,2.577779,3.250952,4.63595,5.565228,-1.634988,-2.435902,-4.116971
2.0,200.0,12265.479,2.854616,2.71738,3.388862,3.924094,-1.64802,-2.183468,-3.609837,12210.768,3.163367,2.995425,3.965371,4.64746,-1.680744,-2.274628,-3.801184,15023.911,3.220562,4.236481,5.511935,6.777496,-1.957463,-2.638418,-5.011782,16981.166,3.455073,4.757489,6.205031,7.390051,-2.125889,-2.866512,-5.224044,4427.2666,2.62974,1.407164,2.2601,2.766714,-0.828676,-1.237941,-2.208134,4594.4424,2.710624,1.430028,2.245325,2.759493,-0.856767,-1.248575,-2.116426,14004.764,3.083138,4.615637,6.617288,7.224049,-1.980381,-2.806494,-4.49659,16094.078,3.29959,5.218875,7.541511,8.305201,-2.2317,-3.25486,-6.115501,7525.593,2.733715,1.715273,2.215616,2.93402,-0.962478,-1.294545,-2.737157,8038.967,2.499915,1.641605,2.055937,2.922109,-0.96303,-1.317849,-2.895487,9849.231,2.444467,2.866147,3.842557,5.126998,-1.580986,-2.219959,-4.360041,11234.666,2.907037,3.039494,4.001702,5.181963,-1.519199,-2.160024,-4.044421,5721.3467,2.99952,1.753759,2.728875,3.382818,-1.064051,-1.591405,-2.814741,6576.0635,3.193723,1.959349,2.959831,3.778189,-1.18596,-1.695579,-2.897751,10919.203,2.547141,3.560997,5.037387,6.051359,-1.819114,-2.782933,-4.848691,9869.348,2.569658,3.239795,4.627978,5.768897,-1.612142,-2.441725,-4.469132
2.0,200.0,12238.255,2.855409,2.694741,3.3826,3.904236,-1.647724,-2.22449,-3.795571,12202.194,3.162916,2.975704,3.946101,4.502735,-1.688303,-2.251098,-3.697567,14901.385,3.196208,4.207503,5.528989,6.729254,-1.919428,-2.634078,-4.950786,16824.727,3.428528,4.737858,6.171436,6.958275,-2.076843,-2.871217,-5.079367,4420.1113,2.642992,1.415592,2.279698,2.860039,-0.810524,-1.233077,-2.13858,4570.0586,2.715071,1.441245,2.260843,2.846235,-0.844865,-1.250112,-2.175796,13927.802,3.077732,4.611721,6.603671,7.415973,-1.945468,-2.859524,-4.506168,16065.35,3.310661,5.209902,7.593036,8.500038,-2.17707,-3.220261,-5.722228,7520.2275,2.720778,1.702905,2.175157,2.964457,-0.96802,-1.298508,-2.611662,8021.0557,2.497538,1.623351,1.992933,2.78422,-0.968259,-1.296188,-2.791488,9752.578,2.429616,2.854473,3.893511,5.080136,-1.563269,-2.191157,-4.266654,11098.729,2.876751,3.021305,3.970198,5.114407,-1.5036,-2.16404,-4.017568,5711.7046,3.015834,1.768372,2.739635,3.6479,-1.050744,-1.581281,-2.860661,6558.2637,3.196642,1.979318,2.999277,3.722742,-1.177954,-1.767427,-2.996124,10827.944,2.533696,3.560427,5.096333,6.149576,-1.803545,-2.723589,-4.788241,9783.852,2.554139,3.242682,4.605913,5.772941,-1.606976,-2.426519,-3.905657
2.0,200.0,12172.957,2.850661,2.686294,3.358923,4.137465,-1.636543,-2.213952,-3.472295,12146.617,3.157325,2.972932,3.929115,4.69094,-1.674234,-2.307858,-4.171309,14957.238,3.205036,4.210493,5.562817,6.650418,-1.93954,-2.64139,-4.77434,16874.871,3.436422,4.734805,6.17614,7.009207,-2.104516,-2.794313,-4.86208,4442.6294,2.652006,1.429811,2.288696,2.905023,-0.818756,-1.239518,-2.256313,4613.3306,2.734878,1.454942,2.296812,2.815587,-0.858104,-1.219909,-2.018519,13971.735,3.078929,4.645663,6.686023,7.486775,-1.962781,-2.779132,-4.64757,16115.776,3.313397,5.262681,7.644232,8.49985,-2.213712,-3.296674,-5.670749,7489.8086,2.702273,1.692933,2.185344,2.943599,-0.962573,-1.303563,-2.94968,7963.0264,2.4761,1.615904,2.004638,2.892431,-0.961396,-1.304566,-2.760543,9774.885,2.428637,2.850147,3.853035,5.100051,-1.583201,-2.210646,-4.608408,11159.774,2.883002,3.0216,3.966338,5.255288,-1.522993,-2.165249,-4.022726,5749.925,3.028171,1.784046,2.757294,3.569297,-1.06393,-1.555711,-3.037305,6623.529,3.219726,2.004751,3.012903,3.912743,-1.197446,-1.687436,-2.979799,10894.24,2.53761,3.593337,5.120813,6.154424,-1.820887,-2.707893,-4.352005,9836.406,2.556814,3.267877,4.694445,5.620877,-1.612414,-2.31678,-4.053687
2.0,200.0,12086.16,2.833098,2.674772,3.357147,3.913923,-1.622851,-2.211568,-3.641582,12084.181,3.134455,2.960612,3.888354,4.502183,-1.65929,-2.222957,-3.864564,14995.153,3.208535,4.199631,5.508195,6.584025,-1.962614,-2.693076,-5.347061,16932.605,3.449372,4.74028,6.225571,7.233378,-2.124782,-2.913242,-5.20361,4467.2744,2.668154,1.411202,2.241995,2.801778,-0.841617,-1.233325,-1.973343,4635.1045,2.742041,1.440821,2.236674,2.758746,-0.87327,-1.28286,-1.992894,14039.724,3.084383,4.613931,6.602979,7.370533,-2.004141,-2.832268,-4.607121,16206.153,3.324337,5.241764,7.516165,8.717895,-2.261703,-3.331027,-5.709017,7443.1455,2.672741,1.684406,2.170796,3.016153,-0.955477,-1.273908,-2.783072,7934.8394,2.465629,1.606907,1.999406,2.848285,-0.956378,-1.264866,-2.554017,9817.38,2.435526,2.83998,3.789385,5.012083,-1.599264,-2.209652,-4.054032,11210.567,2.88907,2.999942,3.907997,4.916221,-1.54825,-2.134278,-4.165599,5787.032,3.046096,1.760223,2.717405,3.547247,-1.088773,-1.629183,-2.829128,6668.49,3.234178,1.98034,2.972996,3.906961,-1.218052,-1.704473,-3.110847,10931.006,2.540526,3.56159,5.04002,6.091122,-1.864286,-2.789074,-4.563099,9890.001,2.561437,3.238887,4.62578,5.566029,-1.644257,-2.462331,-3.935534
2.0,200.0,12155.018,2.850449,2.680537,3.324557,3.969057,-1.6219,-2.172173,-4.258318,12093.12,3.147976,2.957693,3.901339,4.65657,-1.664222,-2.245247,-3.984845,14957.993,3.217709,4.204131,5.522422,6.608218,-1.963261,-2.657287,-6.15925,16952.914,3.471557,4.737007,6.193926,7.228415,-2.132358,-2.883632,-5.068422,4440.277,2.664735,1.425246,2.315044,2.875683,-0.829427,-1.249965,-2.149913,4605.2363,2.742417,1.449777,2.324812,2.971693,-0.858014,-1.250752,-2.223214,14039.993,3.097451,4.651105,6.626427,7.420589,-1.971778,-2.902368,-4.969103,16150.242,3.325686,5.252642,7.534387,8.406269,-2.229855,-3.437783,-5.230316,7469.3975,2.676463,1.687407,2.189933,3.059294,-0.958081,-1.303628,-2.63081,7994.9546,2.471051,1.619748,2.037845,2.854216,-0.961748,-1.28908,-2.960231,9767.994,2.433424,2.837153,3.810652,4.68021,-1.597977,-2.228631,-4.171837,11218.957,2.902777,3.01762,4.001219,4.987895,-1.545076,-2.138262,-4.258816,5771.8354,3.056275,1.78026,2.797033,3.51323,-1.074751,-1.634929,-2.762912,6628.5615,3.237848,1.9816,3.061595,3.898779,-1.201003,-1.734283,-3.05669,10914.528,2.543784,3.585457,5.056957,5.899981,-1.846716,-2.8419,-4.908782,9878.492,2.567557,3.258996,4.578236,5.555648,-1.627547,-2.455905,-4.201115
2.0,200.0,12050.882,2.825017,2.654069,3.320161,3.873206,-1.616265,-2.17593,-3.837261,12005.684,3.130037,2.935141,3.87284,4.471653,-1.651792,-2.208591,-3.97338,14932.306,3.191715,4.166679,5.454374,6.443393,-1.970037,-2.704336,-4.847178,16892.021,3.431196,4.695535,6.154781,7.086739,-2.147262,-2.898472,-5.458989,4448.8555,2.667951,1.420347,2.239704,2.67246,-0.838003,-1.277347,-2.111873,4615.2686,2.744839,1.444764,2.250355,2.690205,-0.872594,-1.282254,-1.889832,13958.009,3.063718,4.625677,6.619899,7.333791,-2.008943,-2.893623,-4.483692,16118.387,3.301671,5.238957,7.646237,8.572411,-2.265129,-3.386206,-5.424734,7407.6685,2.660833,1.672042,2.151568,2.893396,-0.946523,-1.276949,-2.388896,7877.1724,2.444324,1.592172,1.971786,2.962092,-0.945547,-1.281297,-2.826053,9719.352,2.41784,2.822287,3.794218,5.126986,-1.603204,-2.208017,-4.303793,11137.381,2.868397,2.999781,3.892532,5.163134,-1.552583,-2.174578,-4.536631,5783.015,3.049525,1.778139,2.719122,3.6723,-1.087997,-1.623669,-2.829894,6647.8804,3.23487,1.992817,2.939649,3.666563,-1.217442,-1.779032,-3.110866,10877.845,2.52545,3.566665,5.085108,6.113047,-1.863841,-2.837149,-4.868154,9794.448,2.537793,3.244107,4.648947,5.507544,-1.649428,-2.444552,-4.130291
2.0,200.0,12034.584,2.828753,2.651009,3.303813,4.056402,-1.614952,-2.176735,-3.653021,12027.431,3.136006,2.938358,3.882958,4.697893,-1.648613,-2.238397,-4.04242,14912.498,3.182463,4.17112,5.479845,6.454138,-1.984454,-2.718649,-4.884324,16849.219,3.425688,4.705079,6.171171,7.198808,-2.163912,-2.882236,-4.841288,4461.009,2.674147,1.41431,2.274793,2.809282,-0.840908,-1.260359,-2.150996,4629.2886,2.747216,1.444347,2.252975,2.708358,-0.86965,-1.239487,-2.135313,13991.473,3.06573,4.639554,6.612882,7.475296,-2.009693,-2.82843,-4.16134,16212.139,3.316459,5.238955,7.527553,8.566989,-2.283997,-3.278918,-5.424054,7400.0728,2.652565,1.673619,2.157128,3.022209,-0.946277,-1.290628,-2.763883,7854.4805,2.439548,1.589639,1.974676,2.963691,-0.95077,-1.255265,-2.861837,9734.066,2.419699,2.818327,3.804815,5.037227,-1.606015,-2.234968,-4.130396,11131.659,2.857081,2.977178,3.95988,5.266284,-1.54529,-2.183809,-4.097627,5779.973,3.051559,1.769945,2.747961,3.847008,-1.090977,-1.627837,-2.840905,6697.5684,3.249708,1.989386,2.938806,3.665198,-1.213591,-1.695214,-2.928236,10894.192,2.52386,3.567202,5.049889,6.080415,-1.867721,-2.791757,-4.730504,9802.488,2.534007,3.24431,4.646446,5.746217,-1.64228,-2.428234,-4.118132
2.0,200.0,12018.218,2.828379,2.646583,3.277334,3.835306,-1.611664,-2.161076,-3.57313,11994.501,3.131813,2.93097,3.860915,4.412599,-1.653845,-2.243106,-3.969783,14790.444,3.163724,4.134425,5.432152,6.817451,-1.943484,-2.665685,-4.751667,16775.902,3.413509,4.68429,6.165606,7.138062,-2.111232,-2.847798,-5.162954,4428.852,2.660451,1.410952,2.244324,2.740851,-0.826939,-1.288242,-1.975636,4582.9473,2.727008,1.43248,2.229662,2.840875,-0.8512,-1.249629,-2.086061,13890.176,3.045237,4.554111,6.422214,7.190314,-1.958621,-2.823985,-4.520513,16031.356,3.275449,5.178731,7.333832,8.125721,-2.228454,-3.330085,-5.875147,7376.0635,2.643819,1.663533,2.167461,3.098984,-0.947554,-1.304849,-2.515408,7883.1484,2.45338,1.58608,1.977784,3.003684,-0.945489,-1.327558,-2.729356,9678.982,2.412618,2.796329,3.7473,4.985809,-1.580776,-2.202941,-4.230651,11069.696,2.847899,2.952411,3.868403,4.954619,-1.523365,-2.116559,-3.941301,5765.1025,3.049781,1.768827,2.70911,3.44619,-1.073188,-1.61922,-3.295772,6640.9463,3.224541,1.962911,2.948836,3.736253,-1.192393,-1.689357,-3.046327,10805.761,2.50765,3.517572,4.976438,5.964686,-1.837437,-2.833909,-4.708384,9769.709,2.528773,3.193401,4.502081,5.571031,-1.618561,-2.397337,-4.021631
2.0,200.0,12007.105,2.825819,2.640893,3.281452,3.888933,-1.612735,-2.138475,-3.806103,11967.627,3.130948,2.920989,3.82852,4.482518,-1.651589,-2.226573,-3.63224,14750.901,3.160854,4.151771,5.450833,6.5872,-1.937362,-2.691908,-4.79125,16741.676,3.40826,4.680501,6.109643,7.020264,-2.110868,-2.881806,-5.300741,4418.6587,2.668374,1.42769,2.300153,2.764504,-0.824426,-1.254732,-1.90881,4581.027,2.739588,1.444398,2.311311,2.827581,-0.843838,-1.271656,-1.908662,13863.845,3.042188,4.585241,6.478645,7.275895,-1.95016,-2.88304,-4.360171,15976.931,3.273669,5.19465,7.457355,8.558323,-2.228121,-3.378523,-5.316718,7410.399,2.652352,1.667822,2.128448,2.91812,-0.950763,-1.315797,-2.676369,7897.2466,2.451933,1.592282,1.998531,3.003765,-0.950532,-1.29844,-2.622178,9637.718,2.40916,2.812865,3.77216,4.714111,-1.584904,-2.204714,-3.870969,11077.655,2.852057,2.988553,3.916104,5.158896,-1.518683,-2.131697,-3.910623,5756.304,3.052108,1.78042,2.800971,3.682625,-1.073085,-1.604447,-2.931267,6617.778,3.228443,1.976028,3.00316,3.847779,-1.1921,-1.670881,-3.157914,10820.7705,2.512374,3.536956,4.994722,6.319164,-1.839097,-2.829732,-4.634303,9765.609,2.529282,3.212701,4.548308,5.783546,-1.610973,-2.383929,-4.213029
2.0,200.0,11960.473,2.815022,2.631156,3.291685,3.992467,-1.61039,-2.135376,-3.488914,11920.863,3.120373,2.914841,3.840707,4.469824,-1.644984,-2.257208,-4.046023,14892.557,3.194166,4.161359,5.452736,6.461091,-1.949773,-2.764908,-5.376602,16843.34,3.435803,4.690767,6.1539,7.279004,-2.107551,-2.898558,-5.137255,4432.894,2.673749,1.421876,2.278909,2.897386,-0.826843,-1.219248,-1.932801,4605.9365,2.754062,1.444474,2.238543,2.766012,-0.853796,-1.293062,-2.313459,13971.677,3.071335,4.624168,6.56834,7.327439,-1.97269,-2.922508,-5.383846,16082.949,3.292603,5.219327,7.531259,8.366593,-2.240414,-3.407435,-5.289478,7364.936,2.637846,1.667141,2.175526,3.010118,-0.9545,-1.281046,-2.888266,7878.6484,2.438434,1.592253,1.991717,2.761047,-0.954563,-1.310635,-2.967956,9689.128,2.415721,2.800414,3.739555,5.071258,-1.594675,-2.224973,-4.432465,11143.166,2.867808,2.9888,3.884764,5.092158,-1.542693,-2.11472,-4.015179,5777.382,3.063154,1.779554,2.754457,3.670592,-1.074417,-1.625552,-2.941846,6663.0815,3.262016,1.991141,2.97016,3.796489,-1.198542,-1.752634,-3.142957,10837.319,2.512256,3.56867,5.057952,6.061807,-1.84654,-2.773999,-4.547673,9813.596,2.541116,3.245517,4.605089,5.883988,-1.619697,-2.407828,-4.313312
2.0,200.0,11911.202,2.803128,2.63839,3.277839,3.744509,-1.596117,-2.164894,-3.435946,11896.435,3.113339,2.911314,3.841284,4.525549,-1.636373,-2.208868,-3.87665,14954.0625,3.20994,4.156187,5.474097,6.695359,-1.958894,-2.739703,-4.679709,16848.896,3.43595,4.685098,6.16733,7.224939,-2.125411,-2.996417,-5.518199,4453.317,2.686598,1.412429,2.239932,2.840112,-0.834424,-1.280237,-2.170109,4630.1885,2.773801,1.443325,2.258788,2.834336,-0.872843,-1.291061,-2.132898,14033.666,3.084471,4.612275,6.484693,7.19925,-2.00968,-2.949974,-4.944218,16188.962,3.317349,5.243662,7.425636,8.264962,-2.239177,-3.404245,-5.620683,7338.821,2.630178,1.660386,2.143795,3.044011,-0.939509,-1.275597,-2.752656,7827.7046,2.423957,1.58919,1.959908,2.773997,-0.946835,-1.26578,-2.822927,9700.901,2.420122,2.802825,3.780969,4.789611,-1.585248,-2.220214,-3.95157,11180.401,2.88202,2.993557,3.935262,5.229063,-1.536795,-2.193676,-4.595333,5778.754,3.067975,1.762617,2.726535,3.541075,-1.079923,-1.646662,-2.731022,6692.008,3.282604,1.977432,2.974401,3.833357,-1.217291,-1.76018,-3.190355,10862.224,2.521017,3.540153,5.017781,6.395981,-1.854888,-2.869778,-5.209871,9827.047,2.547038,3.209856,4.578431,5.374252,-1.647671,-2.482509,-4.331916
2.0,200.0,11910.26,2.802006,2.624684,3.269119,3.958762,-1.600468,-2.1608,-3.678998,11888.4,3.109825,2.903881,3.816994,4.900385,-1.643185,-2.215258,-3.847957,14862.651,3.200148,4.165249,5.434531,6.384455,-1.973882,-2.824967,-5.076635,16808.287,3.440579,4.700431,6.107091,7.406433,-2.13595,-2.921315,-5.142873,4440.2627,2.695826,1.414822,2.297085,2.848716,-0.82833,-1.241065,-2.122896,4618.3037,2.781241,1.447228,2.300757,2.915195,-0.860461,-1.258391,-2.137396,13986.454,3.08521,4.595636,6.528724,7.150479,-1.980532,-2.85228,-4.675168,16107.522,3.316571,5.193384,7.449902,8.445533,-2.219259,-3.296663,-5.945698,7335.6006,2.622422,1.659794,2.134987,2.905521,-0.936867,-1.277734,-2.667168,7831.717,2.425498,1.586381,1.983982,3.02547,-0.939629,-1.298699,-2.671528,9668.1045,2.419436,2.803266,3.767282,4.984883,-1.584219,-2.233627,-4.163556,11150.136,2.880589,2.983896,3.909356,4.98708,-1.543515,-2.189969,-4.033166,5770.797,3.08217,1.768378,2.799857,3.531225,-1.073635,-1.591249,-2.941644,6665.536,3.277803,1.984226,3.034501,3.787802,-1.209195,-1.696669,-3.054871,10862.178,2.527546,3.547436,4.993184,6.3306,-1.841454,-2.742822,-4.560061,9818.292,2.548416,3.223708,4.559603,5.672355,-1.632333,-2.368721,-4.085944
2.0,200.0,11937.681,2.806768,2.629131,3.265361,3.797432,-1.606539,-2.144426,-3.749856,11875.26,3.102589,2.909218,3.817786,4.515824,-1.646297,-2.220726,-3.558815,14777.401,3.171617,4.123215,5.442527,6.644756,-1.933572,-2.656485,-5.00075,16777.7,3.429908,4.668311,6.068633,6.849021,-2.105825,-2.922219,-5.122895,4393.0894,2.666741,1.401038,2.263514,2.693987,-0.828724,-1.213858,-1.959745,4553.1304,2.735667,1.422956,2.255859,2.845053,-0.853968,-1.23531,-2.560926,13886.023,3.04753,4.589119,6.420158,7.141362,-1.978735,-2.847407,-4.357494,15994.063,3.277636,5.204525,7.34468,8.241083,-2.249394,-3.363875,-5.467472,7338.824,2.62178,1.659311,2.139939,2.930685,-0.942203,-1.26901,-3.095206,7845.1577,2.429367,1.589207,1.962337,2.984318,-0.946504,-1.271932,-2.742003,9626.013,2.410206,2.795561,3.737512,5.04456,-1.57183,-2.175504,-3.895655,11058.659,2.849266,2.959468,3.889321,5.101205,-1.518924,-2.149453,-4.029931,5728.9873,3.057615,1.751294,2.776724,3.536178,-1.073691,-1.615338,-3.126587,6608.342,3.237421,1.950378,2.962687,3.863244,-1.19667,-1.694748,-3.042653,10757.815,2.502368,3.527405,4.958873,6.250253,-1.837728,-2.738829,-5.202955,9731.185,2.52337,3.19539,4.48001,5.60449,-1.616807,-2.411329,-5.030061
2.0,200.0,11904.044,2.800454,2.63249,3.269629,3.769604,-1.601645,-2.127497,-4.30144,11852.428,3.096475,2.903959,3.820164,4.563542,-1.640092,-2.205559,-3.844439,14911.932,3.208638,4.165751,5.44503,6.591006,-1.95912,-2.665846,-4.622777,16886.541,3.454091,4.689617,6.12804,7.052437,-2.111444,-2.905864,-4.993509,4426.895,2.681225,1.404826,2.245748,2.928961,-0.822426,-1.239749,-2.091681,4597.4775,2.767223,1.424658,2.243784,2.888691,-0.852423,-1.258675,-2.058338,14044.9795,3.091101,4.613019,6.523452,7.34763,-1.975121,-2.853213,-4.143455,16163.969,3.317352,5.197049,7.440973,8.344385,-2.232565,-3.322006,-5.378194,7292.54,2.605332,1.657899,2.136189,3.18118,-0.938956,-1.273635,-3.018808,7818.427,2.414409,1.588421,1.991177,2.847643,-0.944632,-1.274074,-2.663228,9656.204,2.411672,2.789289,3.715336,4.973985,-1.566153,-2.15727,-4.07191,11119.551,2.869173,2.996065,3.897026,5.176642,-1.526409,-2.081307,-4.053394,5768.3853,3.071963,1.754823,2.705465,3.424548,-1.066374,-1.602504,-2.814952,6667.873,3.279449,1.961769,2.931572,3.659888,-1.198506,-1.708718,-2.904078,10816.645,2.51281,3.520855,4.998992,6.201735,-1.833255,-2.804965,-4.564728,9767.497,2.533772,3.212087,4.558645,5.58545,-1.611681,-2.423712,-4.481922
