0.0,10.0,15596.162,1.868245,2.371604,2.803678,7.512213,-2.739388,-3.344671,-4.847512,15326.691,1.768526,2.269085,2.713374,6.915721,-2.488324,-3.082212,-5.056975,2789.383,2.754759,0.43044,0.649457,1.795029,-0.426662,-0.584313,-1.438976,2581.5686,2.680623,0.399746,0.605065,1.786704,-0.400115,-0.550743,-1.728611,685.3994,1.682904,0.122736,0.223703,0.584691,-0.138196,-0.236907,-0.781959,797.7738,1.742488,0.152483,0.218904,0.841862,-0.164646,-0.31572,-0.791447,3128.8489,3.605537,0.532422,0.763062,2.118983,-0.557197,-0.809953,-2.34413,3136.8777,3.555169,0.535883,0.761388,1.499244,-0.57148,-0.944425,-2.658358,13540.674,1.765738,2.006883,2.519022,6.26143,-2.172101,-2.694967,-3.791499,13831.754,1.746493,2.057165,2.391239,5.695234,-2.350776,-2.888766,-8.129869,3020.9192,2.819354,0.47452,0.723993,2.16013,-0.4679,-0.638167,-1.64365,2185.974,2.949381,0.342575,0.51509,1.340477,-0.36103,-0.493482,-1.200617,862.7479,1.779291,0.165138,0.246473,1.358106,-0.187465,-0.416382,-1.058061,1059.7562,1.896047,0.198946,0.334017,0.815048,-0.204467,-0.345119,-0.969336,3357.1123,3.860647,0.580818,0.80683,1.729739,-0.619214,-1.071137,-3.037772,3037.039,3.972203,0.527291,0.728443,1.445783,-0.545079,-0.902241,-2.654529
0.0,20.0,26402.07,2.532401,5.411209,6.509906,7.658469,-4.722217,-5.817651,-7.518333,23855.781,2.164706,4.901063,5.971392,6.978131,-4.199424,-5.22109,-7.604863,3882.9058,3.155054,0.802987,1.172245,1.570895,-0.697881,-0.944655,-1.334743,3651.0427,3.130669,0.739278,1.101765,1.428631,-0.659641,-0.915543,-1.334217,982.949,1.933877,0.233308,0.378052,0.717916,-0.225572,-0.354591,-0.748061,1162.2378,2.039431,0.278337,0.486908,0.840494,-0.271369,-0.473164,-0.718214,4332.1543,3.990162,1.002503,1.586233,1.926608,-0.913245,-1.335612,-1.773328,4387.5283,4.011519,1.009769,1.64783,1.962858,-0.944028,-1.631468,-1.925095,20553.564,2.10887,4.266941,5.185937,6.398693,-3.636176,-4.497039,-7.464548,22540.193,2.222146,4.621283,5.57362,6.756039,-3.986434,-4.953663,-6.561748,4240.3013,3.262893,0.887237,1.297617,1.630074,-0.768036,-1.244472,-1.419646,3079.062,3.399659,0.649639,0.948781,1.36955,-0.598444,-0.820868,-1.081919,1237.0131,2.067927,0.305793,0.558008,0.948564,-0.289557,-0.501078,-1.191404,1459.6356,2.149242,0.361007,0.614619,0.950204,-0.327339,-0.503861,-0.838039,4685.7754,4.277604,1.080629,1.818559,2.237534,-1.004812,-1.530519,-1.994993,4176.4453,4.281373,0.980205,1.62805,1.951172,-0.889333,-1.323505,-1.749225
0.0,30.0,42103.582,3.454189,8.198175,10.508439,11.611003,-7.668313,-9.478675,-12.230939,37562.3,2.840403,7.386357,9.511703,12.129657,-6.689464,-8.184333,-10.196169,5476.3896,3.929721,1.132118,1.717418,2.050157,-1.052941,-1.43627,-1.956262,5140.83,3.880357,1.054304,1.6496,1.964727,-0.995282,-1.377502,-1.844021,1409.2183,2.316449,0.335154,0.572576,0.93273,-0.337312,-0.532147,-1.011991,1647.678,2.443898,0.405582,0.725644,1.006433,-0.403554,-0.676717,-1.008518,6145.666,4.998625,1.426344,2.407405,2.856787,-1.37707,-1.994748,-2.445191,6197.3047,4.99781,1.473118,2.545978,3.331699,-1.420663,-2.18512,-2.625092,32366.934,2.742087,6.419288,8.29021,9.709606,-5.792984,-7.171543,-9.797253,35597.004,2.916899,6.969954,8.951225,10.413684,-6.441517,-7.914062,-9.973361,5968.8667,4.056138,1.262938,1.935885,2.346947,-1.159097,-1.791556,-2.233596,4409.172,4.286887,0.917809,1.390353,1.810937,-0.909467,-1.254904,-1.732933,1735.0383,2.466508,0.450574,0.841068,1.808291,-0.426742,-0.711579,-1.129027,2040.1528,2.572696,0.509803,0.93263,1.248513,-0.475471,-0.730332,-1.126488,6630.1836,5.369827,1.567405,2.790448,3.279244,-1.518135,-2.384784,-2.867291,5914.6685,5.396827,1.403973,2.476956,3.039841,-1.334558,-1.993659,-2.348370
0.0,40.0,42825.99,3.451192,12.11394,16.266853,39.910057,-7.849409,-9.689894,-11.921704,38379.066,2.851173,10.840889,14.566782,39.10049,-6.878915,-8.470092,-10.739835,5670.7144,3.994661,1.587322,2.963585,2.889819,-1.116192,-1.504534,-2.15971,5343.8335,3.962529,1.479765,2.653653,2.753598,-1.061584,-1.465905,-2.027846,1499.3987,2.415714,0.47623,0.834066,1.316245,-0.373295,-0.562486,-1.005683,1747.0367,2.543528,0.575862,1.04536,1.582893,-0.437584,-0.720969,-1.172276,6361.218,5.11854,2.016031,3.5118,3.989634,-1.468832,-2.164832,-2.952224,6443.5757,5.138118,2.067199,3.618647,4.262233,-1.521618,-2.328864,-2.871851,33300.605,2.765042,9.397436,13.022406,29.111834,-5.99902,-7.466897,-9.590399,36487.12,2.937415,10.300845,14.504802,29.353683,-6.624663,-8.135443,-10.433171,6187.1445,4.127966,1.772427,3.242992,3.232927,-1.233289,-1.676956,-2.11083,4570.344,4.382205,1.298156,2.334433,2.427754,-0.96475,-1.315083,-1.575122,1837.055,2.560248,0.626115,1.226975,1.828968,-0.463871,-0.785627,-1.249903,2144.8435,2.660842,0.714324,1.322181,1.883925,-0.513716,-0.777995,-1.134804,6933.284,5.50727,2.215701,4.04255,4.67511,-1.644751,-2.607199,-3.058086,6147.4746,5.501071,1.981933,3.569823,4.049197,-1.432205,-2.146158,-2.488957
0.0,50.0,58151.176,4.194839,11.455096,15.715298,17.654915,-11.083364,-13.580692,-16.407848,51975.59,3.480866,10.409176,14.379885,15.387529,-9.54357,-11.707853,-14.370753,7483.3657,5.074172,1.5761,2.55801,3.389052,-1.515863,-2.059119,-2.494956,6995.2397,4.995555,1.474554,2.500523,2.981684,-1.436586,-2.006992,-2.42473,1976.1011,2.893531,0.480052,0.871868,1.301642,-0.487181,-0.753798,-1.628245,2286.8792,3.058936,0.581186,1.145093,1.508896,-0.582666,-0.949063,-1.270385,8474.369,6.673105,2.025916,3.650673,4.291259,-1.985612,-2.99295,-3.44664,8547.215,6.68909,2.078846,3.889228,4.392452,-2.073675,-3.30519,-3.792976,45212.652,3.38421,9.083462,12.5758,13.600584,-8.326705,-10.152834,-12.30118,49670.977,3.602189,9.905257,13.542131,14.934498,-9.292178,-12.009161,-13.677505,8128.6562,5.244599,1.762437,2.896088,3.339938,-1.674587,-2.412309,-2.787965,6086.2544,5.642596,1.293397,2.071232,2.683706,-1.316635,-1.798607,-3.026084,2388.1892,3.067174,0.632552,1.322201,1.666461,-0.611909,-1.018826,-1.770461,2784.495,3.196657,0.71681,1.419936,1.845668,-0.663462,-1.022919,-1.602759,9179.233,7.214645,2.23609,4.367815,4.946454,-2.249702,-3.594763,-4.18192,8158.645,7.174334,1.993808,3.829303,4.402448,-1.930107,-2.931265,-4.088756
0.0,75.0,79872.13,5.553595,18.690481,27.19177,28.636972,-15.054684,-18.399694,-23.376017,69637.27,4.365858,16.623774,24.791658,25.989573,-12.828155,-16.549555,-20.112822,9835.117,6.299183,2.389469,3.796117,4.288415,-2.118118,-2.906302,-3.433935,9255.418,6.238049,2.230755,3.689638,4.090581,-1.998723,-2.807461,-3.392109,2606.0369,3.490512,0.716663,1.241189,1.65961,-0.671591,-1.043806,-1.42801,3022.4084,3.711339,0.86534,1.648878,2.234066,-0.789451,-1.286708,-1.702029,11188.999,8.323346,3.068543,5.292209,5.952296,-2.785645,-4.210229,-4.818384,11383.092,8.409444,3.170084,5.630515,6.503255,-2.904447,-4.577134,-5.408941,61319.527,4.253409,14.423004,21.247316,22.601927,-11.321185,-13.930309,-17.156555,67797.586,4.607981,15.983838,23.213846,24.49819,-12.554298,-15.317321,-18.457714,10784.873,6.575018,2.675905,4.299588,4.751535,-2.3427,-3.263856,-5.629091,8034.61,7.032801,1.976083,3.034488,3.526779,-1.835185,-2.530747,-2.897946,3135.24,3.69866,0.922801,1.939194,2.566183,-0.824276,-1.407632,-1.863665,3581.242,3.801432,1.030426,1.994314,2.499493,-0.898174,-1.406994,-1.944686,12317.599,9.126387,3.407953,6.431166,7.407149,-3.151739,-5.09217,-5.657237,10731.963,8.900291,3.002584,5.620025,6.530042,-2.688513,-4.173558,-4.808914
0.0,100.0,94981.586,5.872932,22.318174,32.673187,34.308655,-18.19878,-22.253267,-27.061035,82237.39,4.791826,19.886143,29.674004,31.494642,-15.338134,-18.842302,-25.04255,11763.675,7.182966,2.822376,4.384479,4.86946,-2.668013,-3.805841,-4.346283,11135.143,7.077395,2.648131,4.426393,4.970171,-2.515021,-3.583348,-4.122559,3137.4043,3.976838,0.846828,1.556548,2.016268,-0.840238,-1.390487,-1.778833,3648.1384,4.225473,1.020252,2.059313,2.660308,-0.981516,-1.642684,-2.286953,13491.338,9.429182,3.668589,6.419015,7.317818,-3.542601,-5.622684,-6.59872,13863.344,9.558369,3.805783,6.848187,7.800004,-3.689825,-5.968822,-6.710757,73148.63,4.703971,17.238466,25.719414,27.48377,-13.693478,-16.757599,-19.857782,80701.89,4.987113,19.143023,27.94625,30.138077,-15.082557,-18.354498,-22.405684,13001.422,7.465825,3.17918,5.091477,5.720037,-2.955288,-4.191203,-4.860338,9607.681,7.993631,2.349944,3.456891,3.916064,-2.308353,-3.278151,-3.778427,3784.3862,4.208613,1.076874,2.439297,3.37404,-1.020918,-1.766002,-2.232931,4224.283,4.260557,1.189883,2.597907,3.345007,-1.11734,-1.856324,-2.591929,15106.773,10.452707,4.130756,7.789363,8.900816,-4.020786,-6.463239,-7.132363,12925.345,10.10324,3.604875,6.913722,7.949838,-3.407223,-5.363093,-5.870612
0.0,125.0,108075.625,6.064713,25.660255,38.05927,40.191975,-21.472656,-26.199884,-32.367466,93658.48,5.424357,22.732319,34.2349,36.58987,-17.667667,-22.433893,-26.278387,13541.573,8.382525,3.208531,5.171619,5.836406,-3.120246,-4.448414,-4.94032,12920.013,8.020969,3.009983,4.821765,5.465376,-2.922777,-4.096956,-4.699142,3612.1445,4.529567,0.972667,1.908625,2.576447,-0.977648,-1.63818,-2.011908,4197.05,4.704184,1.146005,2.274795,3.019108,-1.123915,-1.810561,-2.264437,15550.623,11.086588,4.242341,7.556179,8.658507,-4.150031,-6.670267,-7.636853,16133.504,10.930175,4.360687,7.597568,9.155645,-4.271754,-6.764925,-7.392497,84127.42,5.43727,19.926773,29.933687,31.779802,-15.870318,-20.933746,-23.931839,91696.95,5.116772,21.566002,31.386522,33.481846,-17.80557,-22.781483,-28.051996,15193.34,8.556785,3.622358,5.440173,6.103528,-3.447133,-4.930537,-5.394298,11070.114,9.440263,2.679322,4.15116,4.827841,-2.688305,-3.855341,-4.40514,4343.6284,4.656264,1.200699,2.713749,3.63062,-1.154524,-1.926289,-2.417209,4807.7593,4.860622,1.358148,3.211212,4.217425,-1.278851,-2.237298,-2.931159,17815.992,12.022409,4.82596,8.792724,10.023053,-4.771629,-7.838325,-8.45444,14926.795,11.930814,4.169038,8.009728,9.463272,-4.029467,-6.616902,-7.203445
0.0,150.0,121315.766,7.118364,28.686062,42.97938,45.48218,-23.152346,-28.351091,-43.04627,104314.98,6.027791,25.512459,39.371067,41.5153,-19.104532,-23.220528,-30.535494,15480.865,9.373102,3.614998,5.611369,6.338824,-3.697153,-5.309095,-5.85892,14627.721,9.023476,3.385984,5.501471,6.241143,-3.451593,-4.936634,-5.598212,4082.7827,4.951989,1.082751,2.085718,2.774945,-1.132489,-1.90264,-2.374886,4715.186,5.184557,1.270799,2.588942,3.328608,-1.302164,-2.151708,-3.523245,17748.635,12.468714,4.745064,8.217753,9.787246,-4.885713,-7.91023,-8.745576,18320.08,12.349696,4.914301,8.471937,10.038728,-5.072881,-8.210557,-8.863233,94002.91,6.005782,22.286478,34.106342,37.124058,-17.315987,-21.003235,-25.586489,103262.766,5.902875,24.31253,35.929657,40.29111,-19.304968,-23.43965,-33.633327,17230.8,9.657979,4.07466,6.230721,6.920663,-4.087401,-5.831561,-6.659088,12660.688,10.519742,3.02815,4.474734,5.249192,-3.171126,-4.574772,-5.031223,4882.879,5.139976,1.331016,3.109878,4.606346,-1.349425,-2.323097,-2.753042,5394.4517,5.275126,1.479368,3.502599,4.738105,-1.472294,-2.541416,-3.048168,20301.25,13.630299,5.448117,9.685876,11.230311,-5.649488,-9.251645,-9.986465,17089.438,13.418815,4.686718,8.789605,10.34961,-4.741944,-7.752369,-8.587880
0.0,175.0,133600.98,7.806088,30.785557,46.897556,49.19876,-25.285772,-30.563265,-38.621407,114217.82,6.585496,27.3125,42.847164,44.993877,-20.739038,-25.069132,-32.69634,17278.79,10.357104,3.880296,6.277621,7.158966,-4.236471,-6.152162,-6.816933,16310.11,9.915118,3.620181,6.096359,7.070401,-3.939673,-5.69099,-6.344799,4520.9775,5.401456,1.164143,2.313596,2.927399,-1.275339,-2.152058,-2.552024,5221.3994,5.658784,1.34508,2.812872,3.511243,-1.462019,-2.432758,-3.045471,19767.135,13.74441,5.1081,8.949866,10.574819,-5.577274,-9.133286,-10.023021,20467.127,13.648861,5.26549,9.193924,10.855088,-5.794124,-9.50787,-10.337682,103360.28,6.608673,23.85038,36.57912,38.419415,-18.840849,-22.809534,-29.028252,114002.93,6.489845,26.040522,38.37664,40.21719,-21.077843,-25.333607,-36.77024,19290.547,10.6736,4.367124,6.906473,7.744598,-4.6792,-6.80128,-7.37637,14135.547,11.605377,3.265231,4.995327,5.797673,-3.614346,-5.258827,-5.68987,5409.0806,5.60597,1.398132,3.379307,4.551205,-1.515846,-2.616148,-2.92708,5932.717,5.731873,1.548923,3.791363,4.91072,-1.647406,-2.86145,-3.42111,22802.166,15.126447,5.926029,10.116197,12.054465,-6.531589,-10.937161,-11.699235,19098.24,14.844685,5.07843,9.17027,10.683439,-5.452696,-9.16701,-9.748478
0.0,200.0,143388.44,8.108682,32.719715,52.804173,56.085335,-27.101795,-32.890472,-57.221676,122010.67,6.956462,28.846514,46.742836,49.040222,-21.997688,-26.423134,-37.319065,19472.744,11.267176,4.172479,6.858188,7.888358,-4.971613,-7.369831,-7.896571,18399.268,10.731892,3.884133,6.638822,7.725579,-4.596509,-6.694998,-7.336129,5034.223,5.827544,1.217661,2.47515,3.252599,-1.474389,-2.54641,-4.7935,5815.1694,6.086958,1.42317,3.025276,3.882094,-1.674195,-2.80983,-3.547929,22227.436,14.977181,5.496765,9.699473,11.547009,-6.521667,-10.865528,-11.66825,23063.996,14.734487,5.669258,9.900492,12.100153,-6.753307,-11.080051,-11.724815,110872.45,7.041253,25.210789,39.66218,42.02254,-20.066326,-24.079832,-32.15008,122392.78,6.781744,27.461405,42.511875,44.788452,-22.521301,-27.024136,-35.458008,21808.72,11.523478,4.68963,7.434072,8.354175,-5.475518,-7.934111,-8.537336,15885.173,12.630839,3.518518,5.549632,6.657188,-4.232265,-6.233728,-6.769501,6011.632,6.012129,1.466873,3.677663,4.904615,-1.732386,-3.046276,-4.527994,6552.559,6.146578,1.626944,4.079744,5.509353,-1.891084,-3.400962,-3.90678,25847.768,16.51514,6.435846,10.762217,12.656935,-7.640093,-12.799887,-13.645137,21499.697,16.167038,5.478261,9.793525,11.803955,-6.370845,-10.779493,-11.610146
0.0,225.0,153219.67,8.550419,35.069405,59.010483,63.362732,-28.818327,-34.915356,-49.023468,129875.97,7.348401,30.352398,50.691692,53.95386,-23.248335,-27.978765,-36.340065,21391.227,12.024709,4.436771,7.608998,8.821513,-5.563196,-8.229359,-10.39667,20160.066,11.381496,4.122829,7.223935,8.371081,-5.125953,-7.451203,-8.100121,5442.128,6.092408,1.271527,2.734293,3.506869,-1.630481,-2.784687,-3.303935,6269.939,6.315086,1.480268,3.266212,4.262447,-1.833066,-3.077121,-3.617152,24375.117,15.930078,5.818641,10.642948,13.054462,-7.266239,-12.052257,-13.126337,25272.355,15.620568,5.998882,10.742634,13.064555,-7.509977,-12.28131,-13.230599,118212.66,7.453614,26.465942,42.972633,46.18951,-21.248886,-25.658394,-32.32129,130924.25,7.142357,29.27186,48.01514,51.09069,-23.97146,-28.797709,-39.449753,23969.7,12.292362,4.984849,8.103104,9.232178,-6.110143,-8.827882,-9.522289,17428.293,13.468111,3.743512,6.243034,7.350036,-4.694865,-6.912305,-7.360558,6476.5845,6.222253,1.522014,3.893208,5.265984,-1.895673,-3.275955,-3.842342,7041.628,6.40395,1.689301,4.387166,6.230445,-2.065539,-3.686758,-4.274101,28422.416,17.537107,6.888312,11.380698,13.378119,-8.554703,-14.498592,-15.454397,23573.865,17.228245,5.816309,10.429412,12.391563,-7.11996,-12.308902,-13.499346
0.0,250.0,163000.92,8.876758,37.560192,64.59172,67.8884,-30.39195,-36.673286,-53.296562,137616.27,7.71881,32.03792,54.20604,57.843388,-24.722227,-29.322384,-42.838036,23202.865,13.073737,4.70667,8.024295,9.403399,-6.229318,-9.361524,-10.818754,21810.291,12.2286,4.364626,7.518762,8.719837,-5.719776,-8.315959,-8.826471,5842.367,6.492537,1.334964,2.895029,3.757414,-1.77992,-2.958047,-3.404424,6710.8657,6.690827,1.552003,3.401483,4.530815,-2.016052,-3.282359,-3.672911,26497.256,17.340027,6.167266,11.180633,13.810705,-8.082679,-12.929419,-13.638983,27378.203,16.888208,6.349398,11.198192,13.902885,-8.31434,-13.098021,-13.879886,125761.86,7.960131,28.042265,46.286064,48.574867,-22.751286,-27.866655,-75.387665,139176.69,7.405601,31.375696,53.017597,56.3194,-25.518097,-30.203533,-42.57184,26020.393,13.275058,5.280172,8.419678,9.688952,-6.844524,-9.931052,-10.80147,18866.832,14.585528,3.972815,6.624714,7.860565,-5.233739,-7.707789,-8.423525,6932.8184,6.589202,1.591173,4.057703,5.596555,-2.092088,-3.477645,-4.065072,7517.9517,6.801879,1.768298,4.625986,6.215379,-2.276154,-3.84523,-4.413486,30890.398,18.95905,7.324945,11.722512,13.734603,-9.467013,-16.306911,-17.889416,25603.646,18.729692,6.172877,10.846281,13.085081,-7.884772,-13.901507,-15.010384
0.0,275.0,171024.19,9.242443,38.86652,68.23933,72.18172,-31.302355,-37.05198,-58.117252,144485.38,7.994448,33.19764,57.437126,60.748566,-25.48384,-30.34749,-44.632526,25110.91,13.920139,5.106829,8.368823,9.813181,-6.768847,-10.081613,-10.929991,23367.482,12.977291,4.732249,7.854103,9.271114,-6.246397,-9.284916,-10.544417,6276.4424,6.862168,1.448851,3.014779,4.188858,-1.910025,-3.276135,-3.657601,7143.728,7.030834,1.678766,3.569929,4.969555,-2.183384,-3.758016,-4.165706,28550.271,18.45679,6.713951,11.592915,14.445415,-8.757704,-14.558083,-15.490154,29306.367,17.884298,6.904641,11.641147,14.289184,-9.103092,-15.183221,-16.144384,132260.5,8.201,28.917349,48.98696,52.39246,-23.357916,-27.785608,-37.829693,146206.5,7.682061,32.455273,56.57921,59.401585,-26.073639,-30.984886,-44.731983,27878.375,14.044008,5.717367,8.800142,11.775076,-7.468056,-11.027587,-12.142851,20428.672,15.585876,4.308978,6.934402,8.361285,-5.62904,-8.354255,-9.067785,7375.67,6.92265,1.727188,4.166078,5.647272,-2.258324,-4.073167,-4.571358,8057.372,7.16084,1.919299,4.715003,6.244735,-2.41371,-4.325876,-5.009937,33177.242,20.231056,8.041007,12.011971,14.140952,-10.533996,-18.356941,-20.098589,27670.43,19.909245,6.778094,11.070776,13.163028,-8.682575,-15.217791,-16.193992
0.0,10.0,18492.254,2.034586,2.791746,3.278644,4.758722,-3.070496,-3.77582,-5.531982,18257.754,1.951606,2.779506,3.290231,4.433386,-2.86568,-3.550858,-5.289498,3029.5005,2.552993,0.485697,0.676074,1.09557,-0.486347,-0.645037,-1.107733,2850.5542,2.498428,0.452293,0.618209,1.022194,-0.463302,-0.633402,-1.050237,807.2285,1.719344,0.154205,0.253678,0.621218,-0.166325,-0.344868,-0.778003,943.4888,1.778137,0.185614,0.292469,1.010092,-0.197719,-0.306287,-0.591144,3463.6506,3.173847,0.628819,0.901782,1.29811,-0.652325,-0.92663,-1.368905,3511.652,3.121398,0.648676,0.910587,1.272153,-0.669748,-0.985796,-1.391829,16023.891,1.925166,2.476839,2.933774,4.004986,-2.521013,-3.072105,-4.467812,16202.143,1.854945,2.462365,2.906552,4.147485,-2.671562,-3.306025,-4.740265,3341.0796,2.606118,0.543212,0.787075,1.132486,-0.54143,-0.731016,-1.206823,2430.184,2.748054,0.400366,0.565025,0.876432,-0.418781,-0.578137,-1.004291,1024.2987,1.808981,0.210851,0.331486,0.765458,-0.214489,-0.339479,-0.676255,1202.8857,1.884815,0.244631,0.384432,0.737103,-0.241932,-0.377585,-0.825974,3772.1028,3.315458,0.688821,0.986551,1.270117,-0.715143,-1.035493,-1.412156,3355.9453,3.398649,0.620789,0.904815,1.274396,-0.64061,-0.942258,-1.352104
0.0,20.0,32765.4,2.830663,6.417207,7.910386,8.781465,-5.702962,-7.01673,-9.731486,30525.24,2.576896,6.196758,7.730119,8.82441,-5.118272,-6.238512,-9.713483,4880.9883,3.416385,1.001119,1.522014,1.863996,-0.884037,-1.192674,-1.677232,4684.428,3.387678,0.939107,1.426769,1.773315,-0.833849,-1.130556,-1.544151,1293.1499,2.120899,0.3205,0.550741,0.880474,-0.297424,-0.463506,-0.79783,1516.2697,2.21435,0.38069,0.661279,1.00897,-0.34527,-0.534753,-3.552175,5559.372,4.335687,1.298115,2.169419,2.496795,-1.172364,-1.684716,-2.149963,5722.863,4.318095,1.325066,2.191879,2.506002,-1.207927,-1.735051,-2.300427,26669.354,2.520555,5.484175,6.873676,8.133084,-4.479468,-5.42679,-9.782329,28599.648,2.507501,5.625517,6.943034,8.228942,-4.883623,-5.970044,-7.64674,5475.4927,3.554187,1.128444,1.675691,2.154787,-0.971736,-1.320119,-1.877885,3917.6013,3.701639,0.826919,1.259549,1.663979,-0.75783,-1.038247,-4.088458,1627.1033,2.251082,0.421001,0.80745,1.30528,-0.395073,-0.724097,-1.126495,1848.5208,2.319029,0.496994,0.868833,1.196192,-0.415086,-0.653816,-1.068367,6184.113,4.651671,1.41935,2.409759,2.842859,-1.296494,-1.900575,-2.777462,5366.9766,4.676245,1.281804,2.198673,2.597615,-1.144892,-1.691004,-2.102701
0.0,30.0,43883.39,3.509948,9.549415,12.454272,13.509733,-7.876028,-9.744027,-11.889486,40370.508,3.078396,9.035053,11.881867,12.827214,-6.96531,-8.509787,-10.886541,6504.9116,4.061767,1.444979,2.267143,2.629896,-1.212189,-1.603012,-2.104042,6160.3506,4.006591,1.354233,2.180357,2.589985,-1.152103,-1.54716,-2.094945,1721.4244,2.477589,0.457732,0.846563,1.184993,-0.398391,-0.612722,-1.172083,1995.9987,2.585988,0.544499,1.024123,1.286896,-0.467635,-0.735123,-1.142761,7404.497,5.22823,1.874888,3.316629,3.736268,-1.618777,-2.333731,-2.696952,7554.345,5.198552,1.921696,3.413655,3.772785,-1.671983,-2.454428,-2.965462,35523.297,3.027075,7.994246,10.520322,11.587879,-6.094955,-7.724992,-9.069383,38239.22,3.067,8.37842,10.843733,12.132661,-6.720419,-8.199083,-10.771534,7189.9985,4.207,1.623526,2.553455,2.886802,-1.347098,-1.806837,-2.388855,5254.1187,4.459934,1.197873,1.887452,2.191178,-1.051095,-1.416617,-2.317226,2110.8445,2.608619,0.599845,1.202431,1.488607,-0.49429,-0.804195,-1.290703,2418.2874,2.703185,0.683759,1.335786,1.664432,-0.548561,-0.951106,-1.257936,8158.84,5.589908,2.054653,3.794376,4.347371,-1.802668,-2.713817,-3.161928,7131.554,5.634858,1.841286,3.41664,3.92693,-1.576041,-2.365741,-2.790103
0.0,40.0,53080.816,3.949591,12.246095,16.872417,18.075722,-9.799573,-12.027091,-15.128522,48913.945,3.547031,11.578866,16.044209,17.255667,-8.558953,-10.393474,-12.617177,7879.855,4.473795,1.866255,3.014617,3.50814,-1.536456,-2.06439,-2.619127,7464.1675,4.382497,1.744328,2.854481,3.193301,-1.45999,-1.961248,-2.480036,2092.7893,2.754689,0.589234,1.135457,1.667878,-0.49797,-0.793916,-1.219817,2420.812,2.873332,0.690397,1.36343,1.866963,-0.58016,-0.925319,-1.35124,9026.318,5.811712,2.437389,4.480759,5.331937,-2.05517,-3.039549,-3.546615,9232.669,5.750987,2.482848,4.524684,5.209288,-2.12022,-3.133335,-3.659587,43253.11,3.504478,10.271512,14.11675,15.654536,-7.515449,-9.117651,-11.079811,45975.984,3.408614,10.638684,14.471413,15.441284,-8.329288,-10.136373,-12.398562,8726.727,4.597274,2.086049,3.326251,3.924928,-1.70611,-2.285219,-2.735574,6398.2837,4.978482,1.546166,2.508491,2.858304,-1.332327,-1.790452,-2.260637,2543.1875,2.881166,0.753838,1.588145,2.106513,-0.609491,-1.012616,-1.355051,2900.9731,3.002325,0.8673,1.827928,2.276805,-0.677201,-1.055439,-1.532762,10023.034,6.21868,2.674418,5.085168,5.83204,-2.30333,-3.538838,-3.955733,8694.492,6.280558,2.393724,4.643257,5.184792,-2.003143,-3.045551,-3.539715
0.0,50.0,61543.66,4.556067,14.722279,20.563837,21.799534,-11.367965,-14.628059,-22.27193,55968.977,3.966113,13.814231,19.738346,21.25682,-9.898362,-12.299047,-14.634411,8929.639,4.763606,2.225023,3.575953,4.07159,-1.829729,-2.504846,-3.12587,8436.719,4.685398,2.096999,3.456564,3.929753,-1.728782,-2.377996,-2.795092,2367.313,2.938676,0.696507,1.30884,1.709215,-0.590426,-1.023865,-1.429536,2732.8247,3.082614,0.827031,1.590928,2.075556,-0.683916,-1.099329,-1.489206,10262.167,6.235652,2.930859,5.269928,5.886375,-2.444063,-3.674862,-4.272645,10461.658,6.179154,3.01893,5.399087,6.067714,-2.523248,-3.86487,-4.452824,49544.78,3.90352,12.227804,17.371534,18.455051,-8.71771,-10.786207,-12.735294,53314.676,3.890967,12.812032,17.866817,18.921322,-9.651219,-11.769795,-14.223551,9864.432,4.917438,2.515869,4.039893,4.50804,-2.031502,-2.825294,-3.321593,7279.971,5.322606,1.855216,2.956907,3.422189,-1.588302,-2.20476,-2.800271,2855.8386,3.089064,0.897054,1.861701,2.257651,-0.716917,-1.175368,-1.588106,3256.1267,3.193038,1.010551,2.097317,2.719872,-0.795063,-1.27398,-1.804073,11402.469,6.719993,3.250421,6.06954,6.677746,-2.720916,-4.048882,-4.840421,9884.848,6.746849,2.874626,5.482808,6.124455,-2.353196,-3.757254,-4.082131
0.0,75.0,80026.445,5.490876,19.383898,28.271656,29.738304,-15.141047,-18.503294,-22.475105,71804.305,4.85616,17.974815,26.68063,28.338902,-12.845406,-15.645973,-18.536253,11551.6045,5.950049,2.87256,4.619243,5.077016,-2.456891,-3.379675,-4.050228,10911.837,5.749249,2.702551,4.406441,4.891306,-2.322072,-3.601624,-3.776813,3054.9297,3.540956,0.896426,1.699578,2.333326,-0.774976,-1.249699,-1.611663,3511.8994,3.676327,1.045978,2.027256,2.548077,-0.897595,-1.463438,-1.761031,13276.967,7.874785,3.803978,6.789164,7.607485,-3.281133,-5.127037,-5.903237,13623.618,7.743731,3.904965,6.88984,8.035516,-3.398483,-5.233371,-5.930262,64302.465,4.864582,15.985946,23.677452,25.196848,-11.422715,-13.916889,-28.502483,68981.71,4.643918,16.770622,24.276592,25.476986,-12.736007,-15.529235,-19.1066,12801.988,6.068612,3.237124,5.143853,5.625435,-2.730102,-3.740761,-4.252681,9423.405,6.688145,2.397339,3.781439,4.233947,-2.121613,-2.922919,-3.457952,3654.9092,3.672767,1.118675,2.375611,2.90565,-0.932539,-1.548934,-1.939033,4113.744,3.815339,1.269898,2.748745,3.423548,-1.022805,-1.860597,-2.097449,14918.564,8.457535,4.236156,7.913979,9.069153,-3.743538,-5.985368,-6.54313,12764.233,8.520374,3.726277,7.246145,8.3627,-3.19394,-5.071365,-5.566655
0.0,100.0,96025.68,6.449523,23.062256,33.88386,35.60669,-18.175386,-22.25093,-27.659641,84133.52,5.429291,20.999119,31.634178,33.52681,-15.201618,-18.435532,-23.162193,13941.103,6.977792,3.37864,5.333176,6.023977,-3.161991,-4.476189,-5.203684,13249.177,6.825727,3.158761,5.148224,5.713353,-2.959188,-4.169849,-4.64552,3649.146,4.04814,1.026788,2.031165,2.57517,-0.974568,-1.633332,-2.037512,4219.5654,4.230482,1.198581,2.426816,3.044278,-1.119505,-1.832192,-3.236101,16008.155,9.313913,4.476602,7.989644,10.760932,-4.198217,-6.761087,-7.569074,16557.283,9.247693,4.581423,8.161527,9.302347,-4.353662,-6.966192,-7.701553,75695.59,5.449403,18.592134,27.85713,29.539057,-13.640386,-16.557264,-19.939964,82633.13,5.406647,19.90497,29.032482,30.70582,-15.205722,-18.382856,-29.444366,15582.774,7.226141,3.797906,5.934438,6.482888,-3.496043,-4.907031,-5.464183,11363.803,7.85483,2.821678,4.350601,4.946972,-2.711936,-4.081875,-4.602794,4375.6343,4.22011,1.272368,2.879565,3.711761,-1.158499,-2.127456,-2.470562,4851.807,4.33704,1.435418,3.255116,4.103387,-1.267926,-2.173396,-2.58202,18240.451,10.215093,5.009657,9.334905,10.622926,-4.792794,-7.592046,-8.102083,15395.392,10.098033,4.387972,8.519378,9.757612,-4.047867,-6.463056,-7.110785
0.0,125.0,109113.28,7.17743,26.516047,39.590805,41.628143,-20.616577,-25.062168,-31.175558,94882.23,6.009934,24.016966,36.967915,38.661953,-17.141384,-20.788334,-27.64186,16095.218,7.786557,3.892331,6.146669,6.905066,-3.788785,-5.467908,-6.154285,15179.03,7.56495,3.653264,6.01507,6.860805,-3.524754,-5.054368,-5.641339,4179.4487,4.45689,1.162178,2.341549,2.945293,-1.149238,-1.948688,-2.359169,4801.7007,4.66332,1.368816,2.851054,5.508668,-1.324155,-2.229606,-2.746927,18488.342,10.393482,5.179837,9.243546,10.484356,-5.012832,-8.166869,-8.8595,19033.326,10.325855,5.328546,9.516113,10.817896,-5.193723,-8.507354,-9.768846,85845.11,6.051984,21.26854,32.368427,34.045013,-15.497506,-18.758446,-22.379269,93810.76,6.003085,22.898993,33.915295,35.562645,-17.257227,-20.846766,-26.85616,17921.793,8.057804,4.397694,6.857089,7.53793,-4.175733,-5.961132,-6.559809,13108.026,8.746295,3.253893,5.00979,5.555916,-3.233381,-4.665127,-5.316958,4961.8945,4.627983,1.44437,3.386697,4.373615,-1.356096,-2.438509,-2.887909,5498.772,4.731514,1.632085,3.780043,4.943422,-1.484047,-2.647239,-3.573185,21064.59,11.43189,5.860674,10.847147,12.550871,-5.755075,-9.364248,-10.595268,17782.73,11.261076,5.078178,9.895383,11.489193,-4.840632,-7.789058,-8.418328
0.0,150.0,121232.4,7.78883,28.828684,42.078983,43.842407,-22.825289,-27.619034,-37.957977,105177.016,6.604438,25.901136,39.03438,40.937206,-18.95415,-23.061634,-30.207952,18215.967,8.818275,4.22382,6.7128,7.774791,-4.355642,-6.216546,-6.869626,17014.389,8.415638,3.958069,6.609052,7.539224,-4.051256,-5.818837,-6.205359,4671.002,4.905692,1.240875,2.587844,3.484174,-1.293088,-2.099691,-2.526469,5316.4795,5.072221,1.454155,3.146506,4.110407,-1.478878,-2.433403,-4.608452,20878.307,11.788732,5.591494,10.029507,11.860251,-5.741835,-9.089568,-9.64063,21346.93,11.54469,5.773953,10.222024,12.157676,-5.974905,-9.593358,-10.191691,95370.04,6.684545,22.929691,34.172806,35.7588,-17.16408,-20.686275,-27.102322,104044.36,6.459386,24.719599,35.482906,37.45204,-19.119122,-23.05606,-30.055162,20135.135,8.9857,4.776752,7.437929,8.213027,-4.821459,-6.906046,-7.439205,14819.224,9.908276,3.533303,5.530036,6.390859,-3.693985,-5.280575,-5.78483,5478.8022,5.013334,1.511669,3.740148,4.945554,-1.528246,-2.595231,-2.938448,6096.5156,5.182083,1.680097,4.170422,5.551501,-1.659023,-3.153953,-3.11875,23731.691,12.831167,6.449936,11.454819,13.256121,-6.628384,-11.259306,-11.907979,20065.906,12.729891,5.542717,10.509162,12.404451,-5.522046,-8.967695,-9.596771
0.0,175.0,132692.58,8.381296,31.543339,47.088177,49.573257,-25.06768,-30.405504,-40.971153,113845.04,7.096412,28.05409,42.958458,45.690273,-20.392609,-24.478992,-30.543915,20242.041,9.7082,4.687996,7.402657,8.580793,-5.016092,-7.308882,-7.911599,19068.553,9.2763,4.374002,7.153438,8.262743,-4.635189,-6.682804,-7.489053,5137.4546,5.287672,1.357548,2.820814,3.679476,-1.473733,-2.532465,-5.077104,5896.1963,5.482661,1.583882,3.382743,4.360822,-1.667233,-2.812196,-3.171861,23127.41,12.902426,6.206068,10.94271,12.881346,-6.598716,-10.897194,-11.785238,23915.588,12.750633,6.384852,11.066434,13.166676,-6.831602,-11.238295,-11.951133,103421.56,7.175184,24.86097,37.59969,40.01506,-18.545664,-22.464378,-29.171646,113830.49,6.922633,26.911057,39.196365,41.301266,-20.916655,-25.298183,-33.817734,22648.396,9.96432,5.285067,8.037927,8.883081,-5.51886,-7.886128,-8.519412,16435.24,10.866577,3.921203,6.115544,7.101607,-4.236635,-6.13373,-6.629048,6075.1934,5.415491,1.643054,4.059519,5.414594,-1.716173,-3.025631,-3.506576,6648.8115,5.543623,1.829515,4.557311,5.900303,-1.872094,-3.356515,-3.964562,26758.74,14.267269,7.181706,12.368167,14.488191,-7.704301,-12.839637,-13.527225,22278.545,13.975897,6.154,11.37758,13.359431,-6.402337,-10.743304,-11.408082
0.0,200.0,142473.4,8.592894,33.95586,51.86941,55.067307,-26.92483,-32.74844,-44.55795,121571.77,7.282979,29.901642,46.126896,48.15009,-21.808203,-26.171251,-36.659164,22224.709,10.879684,5.228643,7.913317,9.066008,-5.607396,-8.248566,-9.004396,20850.385,10.313197,4.853025,7.581788,8.720396,-5.150638,-7.903722,-8.252624,5568.2036,5.672627,1.461565,3.012184,4.09988,-1.616329,-2.815404,-3.56225,6365.3184,5.867834,1.693004,3.575248,4.67549,-1.818416,-3.112657,-3.529578,25302.146,14.425485,6.851804,11.523664,13.869267,-7.33152,-12.243815,-19.04409,26070.32,14.150572,7.050865,11.591854,13.73878,-7.596791,-12.565206,-13.281443,110899.91,7.483295,26.780682,40.095985,41.819584,-19.871416,-23.900993,-31.166498,122231.97,7.135353,29.10241,42.35045,44.85689,-22.441568,-27.030333,-37.0002,24805.54,11.092061,5.879242,8.529523,9.533619,-6.14567,-8.851158,-9.581124,18010.754,12.174777,4.372076,6.55094,7.599177,-4.707603,-7.107625,-7.653497,6552.0693,5.78846,1.745629,4.295995,5.872577,-1.870909,-3.351842,-3.796913,7167.672,5.941485,1.944185,4.851272,6.39444,-2.043905,-3.704113,-4.264675,29272.398,15.832177,7.899377,12.871264,14.921751,-8.585803,-14.58534,-15.475817,24378.582,15.604127,6.693459,11.895357,14.029031,-7.146197,-12.214348,-12.933877
0.0,225.0,151933.47,9.025219,35.49009,55.857807,58.855087,-28.252754,-34.51572,-51.24581,129037.54,7.681391,31.06189,48.750244,51.545795,-22.85464,-27.408916,-39.240948,24141.45,11.811451,5.47207,8.480789,9.829253,-6.424813,-9.630835,-10.525064,22675.86,11.162864,5.070835,8.079005,9.448904,-5.89431,-8.755716,-8.993799,5978.776,6.016306,1.557112,3.207943,4.099224,-1.829306,-3.313418,-3.599349,6848.5054,6.209968,1.80232,3.776428,4.923175,-2.067056,-3.510101,-4.062894,27463.1,15.677615,7.274044,12.149013,14.783909,-8.364643,-13.988289,-15.15398,28370.67,15.337964,7.471807,12.161205,14.731949,-8.637268,-14.282885,-15.033621,117899.62,7.905041,27.513853,42.09197,43.975887,-20.859667,-24.908094,-34.20176,130313.38,7.481845,29.999474,45.182487,56.92395,-23.484083,-28.055649,-39.25236,27054.777,12.059391,6.142755,9.04781,10.189573,-7.046639,-10.349243,-11.097835,19540.592,13.190308,4.576236,7.053447,8.246203,-5.360498,-8.004609,-8.686228,7046.93,6.111581,1.850446,4.510092,6.076776,-2.126281,-3.757857,-4.315245,7655.323,6.276126,2.057102,5.082617,6.85632,-2.314897,-4.179443,-4.804815,31967.83,17.21711,8.537957,13.345481,15.459857,-9.842988,-16.782776,-17.816998,26485.51,16.938196,7.233367,12.360418,14.657317,-8.157552,-14.149122,-15.140189
0.0,250.0,161261.56,9.45496,37.236626,60.857388,64.01616,-29.745605,-35.645966,-49.280952,136542.78,7.966084,32.403343,52.827755,55.557713,-24.110659,-28.90447,-45.08085,26006.938,12.499785,5.745582,8.910546,10.383995,-7.003919,-10.444311,-11.464862,24255.178,11.754266,5.305215,8.512745,9.903413,-6.419927,-9.502781,-10.222722,6384.0913,6.349966,1.614081,3.306066,4.397336,-1.977927,-3.425005,-5.569713,7280.3677,6.561414,1.868022,3.912582,5.085712,-2.222574,-3.844213,-4.843453,29508.752,16.543644,7.615624,12.643734,15.37389,-9.078288,-15.135285,-24.37742,30391.127,16.204472,7.820389,12.697411,15.422187,-9.413112,-15.641705,-16.678526,124763.87,8.174186,28.521273,44.74714,46.814423,-22.01674,-26.516132,-34.400208,138201.14,7.803816,31.389181,49.342117,52.72123,-24.743885,-29.69859,-37.140694,28957.455,12.70058,6.433465,9.549064,10.907681,-7.685461,-11.315612,-11.962239,21040.98,13.968281,4.804775,7.389857,8.722142,-5.810819,-8.605341,-9.097411,7480.473,6.441022,1.917556,4.650463,6.118496,-2.287835,-4.148854,-4.621233,8142.317,6.605169,2.119872,5.230389,6.970123,-2.47151,-4.508557,-5.674356,34328.613,18.261312,8.993887,13.683677,15.908491,-10.794094,-18.646378,-19.931335,28491.748,17.924156,7.58757,12.645578,15.161761,-8.89861,-15.554468,-16.957887
0.0,275.0,170865.11,10.083784,39.174545,63.780167,66.55062,-31.145866,-37.27747,-55.428883,143351.42,8.233921,34.234024,56.364044,59.33782,-25.151276,-30.3757,-43.10267,27667.79,13.591994,6.143867,9.098913,10.42296,-7.547357,-11.32527,-12.100075,25790.75,12.857729,5.672412,8.840025,10.176323,-6.919681,-10.289543,-11.130832,6754.7876,6.735987,1.726259,3.367354,4.362134,-2.095726,-3.800585,-4.306551,7699.168,6.983893,1.99514,4.068391,5.178016,-2.3778,-4.169248,-4.590007,31385.85,18.00922,8.173717,12.847321,15.632513,-9.752992,-16.488388,-18.189611,32293.96,17.790188,8.385937,13.001096,15.782815,-10.10199,-16.95944,-17.97759,131134.9,8.405874,30.001017,47.38871,49.783596,-23.094328,-27.56002,-40.722202,146175.89,8.282596,33.14343,51.652454,54.96505,-25.88552,-30.49945,-47.844894,30856.0,13.974996,6.886684,9.89526,11.215259,-8.280362,-12.245817,-13.234151,22357.982,15.090259,5.134448,7.490348,8.799273,-6.234285,-9.989892,-10.022566,7920.7075,6.876171,2.045189,4.823804,6.443656,-2.460474,-4.519422,-5.297416,8579.0625,6.955661,2.262678,5.350634,6.992505,-2.630925,-4.885482,-5.453736,36631.453,20.093542,9.655993,14.031978,16.361097,-11.694109,-20.226925,-21.86796,30337.91,19.457748,8.180779,12.941562,15.310897,-9.633104,-16.842846,-18.167502
0.0,10.0,17503.559,1.956871,2.574029,2.998929,3.811139,-2.913632,-3.567234,-5.537371,16782.21,1.808212,2.486654,2.902543,4.263149,-2.712002,-3.355621,-4.950675,2975.1584,2.670548,0.420083,0.542533,0.937566,-0.45166,-0.610096,-1.495871,2776.83,2.644232,0.386406,0.489299,0.854966,-0.422522,-0.587604,-1.192249,795.0215,1.739926,0.131449,0.195014,0.582945,-0.157037,-0.241853,-0.541437,914.7268,1.804301,0.155452,0.217565,0.656753,-0.182775,-0.319171,-0.646065,3354.345,3.509161,0.514358,0.663677,0.972279,-0.592514,-0.82278,-1.172116,3373.765,3.509933,0.517998,0.646976,1.146468,-0.60543,-0.875238,-1.191882,14421.801,1.762536,2.155626,2.517772,3.809536,-2.350045,-2.921162,-4.5344,15416.113,1.807161,2.28593,2.679733,4.108215,-2.547321,-3.13944,-4.551616,3260.1506,2.777794,0.469959,0.58914,1.017197,-0.495238,-0.660746,-0.997855,2363.494,2.888202,0.340397,0.439762,0.828146,-0.386352,-0.515959,-0.818735,1004.119,1.858448,0.172025,0.241067,0.743906,-0.19773,-0.359313,-0.821037,1202.5898,1.942406,0.205807,0.286142,1.022133,-0.227459,-0.340587,-0.751168,3605.1992,3.817435,0.55084,0.742875,1.13046,-0.636914,-0.96919,-1.423344,3279.0542,3.863368,0.508729,0.649267,1.058813,-0.578988,-0.825143,-1.230024
0.0,20.0,32189.48,2.921596,6.219521,9.00907,8.688272,-5.440235,-6.658714,-8.571361,29119.74,2.440579,5.747387,8.213873,8.720717,-4.909431,-6.003925,-7.81771,4311.104,2.943378,0.868397,1.270101,1.662021,-0.798689,-1.090109,-1.510376,4053.0974,2.947731,0.802629,1.235362,1.642118,-0.757681,-1.04346,-1.395392,1183.0721,2.02297,0.279308,0.456566,0.959875,-0.272373,-0.418237,-0.99696,1364.0332,2.113876,0.327052,0.561298,1.170093,-0.322858,-0.528759,-0.944327,4906.016,3.785764,1.117483,1.754775,2.174934,-1.050604,-1.510787,-2.016274,4951.6294,3.803418,1.108928,1.816545,2.276809,-1.091533,-1.617251,-2.100931,24949.137,2.340822,4.968271,7.255378,7.568169,-4.248646,-5.199781,-6.76073,27505.06,2.500201,5.405597,7.836419,7.717446,-4.671325,-5.785609,-7.485387,4716.839,3.052729,0.967751,1.425832,1.934183,-0.882356,-1.203277,-1.618927,3483.0151,3.232768,0.712464,1.054835,1.883453,-0.690224,-0.934752,-1.272185,1452.7727,2.136986,0.36658,0.655575,1.600682,-0.343772,-0.577049,-1.022021,1711.5544,2.218535,0.42345,0.780408,1.392748,-0.381969,-0.594722,-0.938648,5301.946,4.074448,1.189092,1.995841,3.45317,-1.160864,-1.803218,-2.341293,4790.2446,4.103164,1.089596,1.779788,2.374611,-1.033677,-1.509199,-2.112922
0.0,30.0,44287.164,3.580385,9.314496,11.995858,13.22921,-7.998341,-9.864223,-12.432848,39920.453,2.946007,8.554932,11.127067,12.20632,-7.050593,-9.845262,-10.719892,5897.1943,3.766683,1.310889,2.016231,2.516547,-1.114763,-1.501834,-2.256458,5524.0234,3.756196,1.216505,1.961687,2.391869,-1.055397,-1.57634,-2.019124,1597.9989,2.407086,0.417289,0.741048,1.101588,-0.370997,-0.559392,-1.066083,1828.9823,2.51946,0.497914,0.932611,1.324732,-0.438284,-0.688977,-1.028172,6652.4614,4.877177,1.655426,2.83831,3.322989,-1.462814,-2.113419,-2.607362,6709.5747,4.920158,1.691113,2.98771,3.458041,-1.516961,-2.317015,-2.915002,34736.46,2.865211,7.461649,9.749781,10.873868,-6.10462,-7.547357,-10.009035,38504.43,3.106579,8.155391,10.520633,11.819714,-6.801005,-8.37936,-10.074386,6440.7,3.919981,1.462041,2.277581,2.686066,-1.232151,-1.704889,-2.251394,4773.116,4.160702,1.080832,1.666608,1.99092,-0.965494,-1.314852,-1.904442,1936.5616,2.545089,0.547466,1.087061,1.549723,-0.465228,-0.75469,-1.06874,2246.9082,2.612547,0.618709,1.155907,2.290026,-0.51297,-0.761867,-1.555588,7214.209,5.29432,1.809108,3.312683,3.771176,-1.636288,-2.513027,-2.967837,6470.9116,5.266675,1.638943,2.946932,3.246814,-1.441156,-2.116484,-2.560577
0.0,40.0,52472.195,3.817147,12.229516,16.472063,18.01766,-9.803991,-12.097874,-14.827561,47473.656,3.240946,11.287122,15.430662,16.796488,-8.57395,-10.549939,-12.925187,7324.058,4.359529,1.715007,2.719186,3.360978,-1.463333,-1.960431,-2.457327,6898.7046,4.335356,1.601953,2.635293,3.181179,-1.385951,-1.917269,-2.460222,2003.1366,2.748581,0.547134,1.002367,1.416475,-0.479955,-0.752691,-1.205237,2298.7263,2.881876,0.64919,1.257875,1.593447,-0.564418,-0.920627,-2.175079,8279.169,5.686742,2.189447,3.875044,4.302776,-1.918241,-2.9306,-3.33536,8443.1455,5.746835,2.251809,4.070555,4.521265,-1.998766,-3.088105,-3.595669,41547.13,3.153436,9.818586,13.39639,14.896563,-7.495147,-9.180427,-11.973869,45619.812,3.34507,10.68514,14.359288,15.398316,-8.336097,-10.249171,-12.59302,8039.8374,4.530967,1.921419,3.090926,3.599998,-1.619043,-2.21146,-4.7823,5946.9375,4.85194,1.417049,2.216163,2.54357,-1.265242,-1.711996,-2.126985,2427.0498,2.908138,0.708559,1.472992,2.157805,-0.597174,-1.011611,-1.439362,2769.182,2.976274,0.793155,1.5621,2.216692,-0.64984,-1.086569,-1.508946,9160.756,6.230444,2.416162,4.557693,5.45164,-2.182164,-3.465219,-4.089424,8058.3228,6.162144,2.166219,4.022892,4.816444,-1.891084,-2.881073,-3.443906
0.0,50.0,61094.004,4.034831,14.212732,19.878551,21.44594,-11.628117,-14.361441,-18.875463,54661.24,3.602266,13.209292,18.626696,20.175287,-9.928399,-12.174848,-15.320634,8179.6636,4.849182,2.064129,3.413496,3.854764,-1.690654,-2.325536,-2.887565,7907.4907,4.80736,1.940764,3.242611,3.67646,-1.607344,-2.190544,-2.56976,2204.954,2.917642,0.661918,1.317219,1.695403,-0.559778,-0.908555,-1.642376,2581.9937,3.057003,0.778295,1.569816,2.062395,-0.642739,-1.058321,-1.53265,9318.3,6.350583,2.67485,4.946032,5.589037,-2.242595,-3.419719,-3.923029,9705.593,6.350988,2.751966,5.076134,5.795577,-2.315336,-3.476841,-3.905143,47894.625,3.500269,11.547474,16.29654,17.471722,-8.751686,-10.671967,-13.593924,52526.188,3.490762,12.267811,17.018324,18.809198,-9.75129,-11.963377,-14.589709,9264.582,5.050511,2.329091,3.774447,4.358769,-1.885913,-2.539126,-2.988628,6634.649,5.405964,1.70509,2.817997,3.131177,-1.46034,-2.035499,-2.439035,2714.6912,3.066499,0.847132,1.821776,2.30954,-0.67444,-1.071751,-1.605089,3006.655,3.14867,0.956659,2.086807,2.609809,-0.748402,-1.244116,-1.740027,10642.621,6.932877,2.985839,5.778251,6.563334,-2.538535,-3.912251,-4.317747,9036.299,6.866157,2.642589,5.199387,5.949048,-2.199745,-3.478379,-4.267479
0.0,75.0,80555.12,5.485808,18.724506,26.834257,28.873894,-15.338814,-18.778034,-23.167747,71522.32,4.640408,17.29893,25.334549,26.851768,-13.033808,-15.976653,-19.838833,11043.647,6.88494,2.593433,3.96114,4.612584,-2.313168,-3.170373,-3.676947,10372.268,6.69073,2.435294,3.817595,4.28065,-2.184814,-3.050151,-4.67059,2937.7048,3.689578,0.812703,1.423642,1.889934,-0.737555,-1.158345,-1.477654,3355.6267,3.854931,0.962319,1.755234,2.180507,-0.855438,-1.392386,-1.81332,12462.849,9.197689,3.329033,5.511758,6.181222,-3.041597,-4.626361,-5.081963,12752.454,9.129517,3.459359,5.756899,6.544934,-3.170892,-4.966402,-5.556728,63318.426,4.477987,15.016277,21.827454,22.951836,-11.560547,-14.727202,-27.29836,68837.26,4.519071,16.15284,23.027643,24.713512,-12.841084,-15.711201,-19.323013,12139.267,7.083173,2.937836,4.512835,5.011171,-2.563306,-3.564459,-4.110492,8955.884,7.659671,2.147357,3.175557,3.60295,-1.992839,-2.734816,-3.052329,3500.1824,3.84872,1.03459,2.055385,2.570208,-0.89481,-1.515801,-1.93165,3959.4062,3.997836,1.144626,2.216307,2.765268,-0.972962,-1.52763,-1.885854,13972.104,10.043632,3.746669,6.505232,7.453952,-3.502276,-5.619021,-6.287137,12079.131,9.990545,3.283881,5.863098,6.685443,-2.986446,-4.704544,-5.157409
0.0,100.0,96959.234,6.335302,23.36721,34.65215,36.732018,-18.43627,-22.464628,-28.39344,85113.945,5.395607,21.334126,32.420906,34.41108,-15.43706,-18.850563,-23.336096,13142.571,7.515468,3.190571,4.924205,5.555085,-2.886001,-4.047662,-4.585036,12375.238,7.29427,2.996963,4.762263,5.309638,-2.719105,-3.828803,-4.322716,3484.6636,4.129969,0.991743,1.862627,2.376453,-0.903534,-1.479892,-1.815358,3984.633,4.309183,1.165081,2.291629,2.887548,-1.044393,-1.735403,-2.02263,14945.029,10.000669,4.168077,7.158204,8.152257,-3.810302,-6.011256,-6.732143,15364.305,9.922055,4.318307,7.445006,8.493495,-3.983959,-6.387742,-7.017847,76021.78,5.275803,18.679266,28.195318,29.61161,-13.814779,-16.874943,-20.890984,82942.02,5.284372,20.195368,29.695026,31.462254,-15.387064,-18.64448,-22.775824,14546.327,7.742435,3.607969,5.525208,5.973233,-3.208909,-4.519033,-4.977052,10690.11,8.423365,2.652957,3.944779,4.436872,-2.476404,-3.468119,-3.997211,4141.146,4.275445,1.240371,2.705121,3.492728,-1.08534,-1.878607,-2.285958,4611.2197,4.39558,1.378574,2.984296,3.751431,-1.16977,-1.984536,-2.40968,16958.08,10.88992,4.72853,8.619396,9.756857,-4.445772,-7.238165,-8.33748,14477.373,10.763377,4.122512,7.820966,8.93396,-3.754239,-6.074594,-6.663841
0.0,125.0,109204.34,6.96522,25.630955,38.538715,40.442734,-20.825884,-25.223751,-31.117647,95740.04,6.265968,23.532495,35.93622,37.736324,-17.212507,-20.94885,-25.796844,15168.368,9.794566,3.530741,5.199012,6.422066,-3.401583,-4.858446,-5.711345,14304.611,9.250915,3.316683,4.890093,6.080739,-3.178155,-4.494231,-4.997165,3946.4106,4.671558,1.079737,1.784749,2.204689,-1.044766,-1.718381,-2.248096,4529.841,4.880766,1.271204,2.082753,2.577856,-1.192587,-1.976868,-3.255261,17172.242,13.694231,4.568008,6.937121,8.433696,-4.47925,-7.203112,-7.784794,17741.084,13.299646,4.749012,7.212518,8.677436,-4.647584,-7.910813,-11.207072,86435.0,6.20377,20.643951,31.388884,33.01691,-15.554309,-18.987373,-23.7655,93174.586,5.722485,22.035358,32.62983,34.07733,-17.359777,-20.982515,-25.009174,16826.95,9.884024,4.018348,5.831839,7.449064,-3.755446,-5.27117,-7.060813,12307.284,11.033379,2.938707,4.18748,5.105614,-2.906507,-4.162171,-4.676187,4708.739,4.878268,1.347837,2.231087,2.529438,-1.235109,-2.119545,-2.77038,5218.049,5.081166,1.501855,2.513326,2.928727,-1.345987,-2.300026,-3.467776,19664.42,15.010573,5.204342,8.157162,9.696475,-5.213758,-8.639103,-9.345656,16653.064,15.227272,4.498273,7.198007,7.475476,-4.39903,-7.285749,-7.827309
0.0,150.0,121752.23,7.476493,30.455362,53.138657,48.610126,-23.25376,-28.2211,-35.646282,105341.46,6.5151,27.287731,48.64071,44.36654,-19.057705,-23.00388,-29.755674,17275.713,9.627744,4.246331,6.346759,17.006784,-4.03897,-5.751228,-6.464644,16224.743,9.148632,3.974448,5.897242,6.402353,-3.745088,-5.323392,-7.103275,4461.2646,4.977697,1.27726,2.384929,3.119695,-1.212285,-2.040922,-2.380594,5081.01,5.131181,1.483182,2.789925,3.59307,-1.372972,-2.29126,-2.723063,19601.053,12.923785,5.603784,8.955704,10.236846,-5.297982,-8.591111,-9.195958,20183.537,12.599882,5.762516,9.098121,10.598099,-5.484144,-8.904153,-10.468636,95436.39,6.494348,24.06735,44.741238,37.807194,-17.270655,-21.798637,-26.02858,104016.05,6.166595,26.017117,47.275562,40.900036,-19.407211,-23.411114,-29.647406,19178.023,9.777467,4.788936,7.257911,19.537643,-4.44464,-6.274648,-7.862267,14024.857,10.815939,3.544475,5.260895,14.220301,-3.427347,-4.868061,-6.462743,5257.0615,5.076001,1.548177,3.297999,4.142569,-1.418338,-2.455043,-2.885435,5806.367,5.260498,1.727017,3.807448,4.883033,-1.541841,-2.68042,-3.195679,22525.79,14.040067,6.435589,10.738707,12.304612,-6.212904,-10.460355,-11.164945,18991.94,13.967219,5.554313,9.883455,11.466194,-5.219671,-8.830666,-9.734360
0.0,175.0,133413.53,8.251355,31.065193,47.346096,49.852043,-25.145844,-30.380375,-42.2225,114313.93,6.921594,27.766125,43.57323,45.73098,-20.65457,-25.090666,-33.490726,19487.639,10.332876,4.349365,6.963993,7.913424,-4.786867,-6.980591,-7.528937,18197.404,9.841541,4.048775,6.866318,7.968419,-4.42356,-6.445542,-7.081318,4963.3525,5.362625,1.271589,2.637303,3.329182,-1.404434,-2.356341,-2.745008,5639.338,5.555465,1.474012,3.215162,4.217914,-1.597452,-2.71374,-3.233999,22096.225,13.766572,5.688832,10.009889,12.275839,-6.252923,-10.238527,-13.170808,22683.787,13.520372,5.890596,10.311879,12.261117,-6.496565,-10.698649,-14.123983,103686.37,6.902123,24.342943,37.029354,38.85718,-18.77385,-22.680767,-27.838594,114130.24,6.776597,26.45653,38.728275,40.80074,-20.981865,-25.193256,-33.05779,21576.035,10.545686,4.900039,7.75198,9.886512,-5.283422,-7.660999,-8.142093,15800.952,11.553519,3.626777,5.682387,6.521899,-4.037277,-5.847329,-8.023399,5822.934,5.46655,1.525422,3.865198,5.080115,-1.670508,-2.927083,-3.322948,6405.5527,5.604076,1.685811,4.228135,5.399939,-1.779206,-3.097625,-3.774678,25419.46,15.077951,6.667179,11.169274,12.942023,-7.320987,-12.238691,-12.934334,21431.998,14.821664,5.702554,10.19866,11.703325,-6.088882,-10.037031,-10.824922
0.0,200.0,144518.12,9.042535,34.62319,49.67069,51.59472,-27.056168,-33.105392,-46.63351,122974.03,7.398837,30.690231,45.862743,48.41726,-22.005077,-26.468489,-39.803852,21257.21,11.392664,5.007823,7.20431,8.175987,-5.289027,-7.686203,-8.365712,19843.646,10.903249,4.647124,7.112102,8.170808,-4.885228,-7.109447,-7.74434,5349.0415,5.726785,1.424796,2.787276,3.661781,-1.527147,-2.618048,-3.084368,6094.07,5.968124,1.647696,3.427405,4.288128,-1.735579,-2.984197,-3.443233,24070.137,15.170378,6.611249,10.391119,12.401151,-6.888024,-11.394442,-12.127527,24828.656,15.053424,6.762536,10.693385,12.553442,-7.181153,-11.867175,-12.666201,111576.98,7.34502,26.869226,39.17234,40.945343,-20.049845,-24.167496,-30.765179,123567.86,7.400494,29.54079,41.581406,43.812878,-22.557135,-27.09869,-39.236645,23593.016,11.761218,5.632801,8.018923,9.060909,-5.830136,-8.392129,-9.042642,17201.514,12.649374,4.186097,5.865733,7.144191,-4.434562,-6.398658,-6.836927,6290.583,5.869497,1.70965,4.066968,5.256965,-1.791687,-3.209072,-3.691327,6865.9473,5.97878,1.894812,4.463439,5.782229,-1.917977,-3.436674,-4.207785,27945.42,16.972172,7.61729,11.966913,13.949854,-8.217001,-14.173696,-15.274291,23380.97,16.4407,6.49398,11.022651,12.851733,-6.790906,-11.679488,-12.552842
0.0,225.0,154326.86,9.303964,35.426735,58.698112,62.64731,-29.887087,-39.925194,-107.53347,130952.79,7.785962,31.283506,52.217335,55.638203,-24.235361,-33.203102,-39.12139,22874.281,12.296525,4.919373,7.785101,9.056333,-5.906665,-8.532211,-9.168378,21228.453,11.54618,4.55491,7.537963,8.70385,-5.434121,-7.894281,-8.591909,5718.5376,6.146684,1.412201,2.928011,3.725206,-1.657758,-2.837397,-3.241588,6463.37,6.310007,1.620736,3.51262,4.459681,-1.88017,-3.255905,-3.70943,25880.105,16.28401,6.462717,11.023714,13.288015,-7.564149,-12.551054,-13.492604,26520.74,15.950112,6.618465,11.202335,13.46203,-7.875991,-13.213224,-14.052677,119210.195,7.773369,27.365026,44.016388,46.62019,-21.99885,-30.775608,-84.91047,131769.36,7.588468,29.994846,47.585297,50.19285,-24.74094,-34.579464,-39.798756,25312.742,12.512565,5.531087,8.514587,9.621352,-6.520607,-9.419182,-10.053098,18517.889,13.66945,4.115783,6.389623,7.395405,-4.914359,-7.058031,-7.666909,6676.812,6.215344,1.670341,4.228442,5.526944,-1.942042,-3.484523,-4.117395,7305.084,6.373454,1.84681,4.670555,6.240484,-2.075179,-3.665927,-4.221307,30013.396,17.972914,7.616755,12.034406,14.008392,-9.071268,-15.774023,-16.680443,25183.451,17.626312,6.507905,11.118653,13.074332,-7.490775,-12.982766,-13.805667
0.0,250.0,163294.03,9.785838,37.514896,60.852787,64.658554,-29.8879,-35.68578,-59.198757,138177.88,8.099889,32.93149,54.375965,57.79104,-24.382523,-29.192177,-44.146206,24834.271,13.320275,5.362111,8.080058,9.430845,-6.542214,-9.662038,-10.340377,22995.643,12.515359,4.96958,7.863455,9.127103,-6.019646,-8.975619,-9.494446,6140.1196,6.577502,1.530276,3.035939,4.085565,-1.828416,-3.163107,-3.561784,6944.94,6.74719,1.764993,3.676478,4.903278,-2.085157,-3.669358,-4.056345,28002.975,17.625048,7.072758,11.349889,13.828827,-8.440056,-14.15362,-14.974721,28766.35,17.307175,7.295998,11.570509,14.317346,-8.823236,-14.940925,-15.916099,125799.516,8.128649,28.787033,45.583076,47.70708,-22.275314,-26.716028,-33.582577,139461.95,7.996106,31.781643,49.408745,51.778442,-24.915512,-29.751942,-42.109406,27476.822,13.575691,6.0433,8.840428,9.909879,-7.225119,-10.650492,-11.382,20074.605,14.7748,4.488896,6.621166,7.820513,-5.412378,-7.955843,-8.62686,7173.1577,6.655136,1.82885,4.374011,5.800692,-2.154237,-3.977502,-4.534383,7801.3613,6.767892,2.00526,4.788868,6.31858,-2.286655,-4.14011,-4.677727,32639.834,19.616993,8.434712,12.410019,14.445946,-10.257423,-18.168945,-19.40161,27272.266,19.023336,7.142656,11.424173,13.477608,-8.416168,-14.814769,-15.942417
0.0,275.0,172770.7,10.487337,38.857315,64.58471,67.94052,-31.544003,-37.5568,-52.235992,145319.12,8.519526,34.27864,58.331814,61.277973,-25.62821,-30.795778,-43.5664,26345.307,13.852034,5.709357,8.542935,10.013088,-6.965032,-10.284324,-11.238054,24342.705,13.058131,5.298219,8.34643,9.705015,-6.417458,-9.542733,-10.237063,6439.2173,6.705388,1.615843,3.182751,4.228663,-1.924656,-3.342006,-3.807855,7292.4707,6.968054,1.870808,3.884704,5.02823,-2.198658,-3.865356,-4.273326,29680.346,18.27126,7.540148,11.891707,14.455347,-8.962435,-15.062568,-16.172382,30454.564,18.100199,7.77832,12.209934,14.813332,-9.378283,-15.897269,-16.91784,132566.11,8.54976,29.809893,48.523224,50.769417,-23.457705,-28.054953,-36.50908,147405.56,8.519184,32.91317,52.44711,54.93848,-26.295643,-31.738173,-43.828682,29168.248,14.225285,6.449276,9.383907,10.699213,-7.71335,-11.382318,-12.036095,21287.045,15.289523,4.772847,6.983047,8.283439,-5.748352,-8.360596,-9.173181,7527.381,6.856984,1.933479,4.58523,6.205702,-2.270878,-4.242665,-4.676392,8165.1763,6.909162,2.10513,5.009297,6.587667,-2.388639,-4.325626,-4.9082,34684.062,20.59674,9.035943,12.97022,15.234577,-10.946542,-20.197256,-20.803534,28957.84,19.830551,7.651883,11.926708,14.017727,-8.958556,-15.798355,-16.842570
0.0,10.0,18044.807,2.14161,2.74966,3.163543,4.232465,-2.850405,-3.504923,-4.780582,17712.467,2.123431,2.739372,3.209134,4.161503,-2.582577,-3.138659,-5.295764,2720.469,2.614047,0.448617,0.586531,1.065212,-0.407205,-0.561936,-1.031494,2582.4048,2.53072,0.419993,0.546161,0.898504,-0.386267,-0.526272,-0.856484,777.2894,1.960234,0.139472,0.221359,0.636067,-0.144031,-0.243354,-0.635567,917.1877,2.022177,0.168102,0.245093,0.631518,-0.170904,-0.285185,-0.604785,3279.2097,3.456801,0.591818,0.798703,1.216945,-0.560715,-0.809776,-1.274256,3343.0752,3.380808,0.598999,0.80941,1.270285,-0.571394,-0.820864,-1.319706,15509.961,1.905267,2.389625,2.792231,4.027972,-2.347413,-2.883221,-4.847305,15360.963,1.753959,2.345754,2.715409,3.927671,-2.487419,-3.151555,-4.940347,2835.786,2.67451,0.479979,0.618427,0.962621,-0.43531,-0.605663,-1.058524,2021.9954,2.798628,0.336374,0.45122,0.849778,-0.336249,-0.459586,-0.957581,965.9886,1.894721,0.186914,0.293084,0.66276,-0.181007,-0.30653,-0.811003,1107.0173,1.984903,0.212633,0.328984,0.783295,-0.206318,-0.390207,-0.808524,3325.9385,3.624652,0.603069,0.809098,1.300755,-0.576541,-0.848282,-1.299842,2950.0435,3.757896,0.540999,0.728742,1.080997,-0.519802,-0.77316,-1.231449
0.0,20.0,31080.41,2.871828,5.862267,7.10085,8.283706,-5.427875,-6.667087,-8.888233,28898.943,2.75705,5.615477,6.809325,7.896852,-4.669583,-5.67347,-7.613996,4188.233,3.205603,0.826247,1.240198,1.707725,-0.735153,-0.986164,-1.416951,4014.3032,3.12302,0.777435,1.19692,1.465623,-0.700899,-0.952861,-1.328335,1184.1343,2.36031,0.267156,0.46902,0.787798,-0.259564,-0.398508,-0.817008,1399.3529,2.445172,0.31621,0.551325,0.865853,-0.303909,-0.467924,-1.763825,4981.6533,4.103114,1.100818,1.802214,2.27502,-1.01807,-1.469496,-2.025267,5097.749,4.022886,1.114423,1.817029,2.371373,-1.038417,-1.490674,-1.917905,25924.674,2.461418,5.023931,6.094071,7.864511,-4.323589,-5.284275,-7.214236,26932.531,2.270088,5.049465,6.167327,7.568227,-4.738068,-5.893183,-8.365035,4357.158,3.274385,0.880682,1.324447,1.745783,-0.781178,-1.061176,-1.525401,3140.462,3.478283,0.631708,1.03344,1.508803,-0.602251,-0.822566,-1.472347,1430.6727,2.227594,0.346103,0.6711,1.03952,-0.321479,-0.497752,-0.815857,1615.2869,2.323704,0.401185,0.712574,1.209245,-0.35789,-0.581752,-0.951921,5071.528,4.277551,1.123428,1.906222,2.282362,-1.054243,-1.539295,-2.226156,4446.523,4.391808,1.012595,1.746212,2.202613,-0.938118,-1.392849,-2.274528
0.0,30.0,44099.082,3.601031,8.962468,11.554569,13.349518,-8.004568,-9.821583,-12.559814,39852.65,3.362067,8.371103,10.848288,12.344564,-6.705469,-8.159493,-10.634182,5779.8745,3.931406,1.234007,1.961852,2.273993,-1.063115,-1.452902,-2.066236,5519.0425,3.811083,1.161756,1.842572,2.224764,-1.010354,-1.362446,-1.877488,1621.4279,2.845526,0.403104,0.772016,1.088805,-0.362306,-0.56672,-0.970141,1891.9832,2.928169,0.471993,0.884396,1.231459,-0.42684,-0.647178,-0.961104,6871.392,5.076778,1.65387,2.931636,3.557242,-1.470137,-2.171732,-2.738824,7009.7056,4.971659,1.679482,2.94295,3.513459,-1.509952,-2.211398,-2.738922,36635.605,3.03793,7.616041,9.869938,11.451566,-6.291805,-7.72354,-9.802812,38664.504,2.797301,7.784578,9.900624,11.523862,-7.033885,-8.67623,-11.422681,5943.3096,3.992672,1.311928,2.079387,2.34365,-1.116127,-1.511484,-1.896746,4332.9233,4.302007,0.945203,1.557351,1.986787,-0.867895,-1.190349,-1.659267,1912.282,2.616598,0.508181,1.005298,1.526082,-0.442345,-0.696511,-1.058767,2155.202,2.736361,0.584959,1.184446,1.62688,-0.487341,-0.765095,-1.281774,6933.4473,5.2797,1.68582,3.100319,3.507288,-1.52318,-2.284401,-2.663584,6063.874,5.405915,1.509546,2.857968,3.312221,-1.336037,-2.032332,-2.536434
0.0,40.0,46775.637,3.786324,12.365262,16.710873,17.919415,-8.653828,-10.628136,-13.367139,42305.324,3.477008,11.35079,15.468006,17.087046,-7.287681,-8.913474,-11.634424,6521.356,4.018031,1.67169,2.733771,3.120482,-1.251637,-1.68491,-2.138567,6185.3857,3.922224,1.570122,2.580118,3.095223,-1.190583,-1.600838,-2.202847,1854.9197,3.031319,0.53349,1.045366,1.428209,-0.43063,-0.673209,-1.027085,2143.6768,3.120458,0.628937,1.234684,1.680022,-0.501217,-0.780544,-1.162758,7734.0557,5.168668,2.255316,4.116956,4.567774,-1.733286,-2.543605,-3.106582,7858.84,5.093824,2.285066,4.134403,4.662116,-1.771503,-2.592037,-3.190415,38919.78,3.107097,10.368545,14.038691,15.293565,-6.879704,-8.446045,-10.504107,41251.566,2.930119,10.879613,14.558643,16.107319,-7.688038,-9.455464,-11.47737,6619.252,4.089106,1.759604,2.888582,3.295674,-1.312424,-1.7583,-2.265802,4901.138,4.439495,1.283712,2.156117,2.546261,-1.021011,-1.398297,-1.892909,2164.4597,2.781817,0.673263,1.406438,1.979671,-0.519624,-0.84104,-1.474145,2443.2993,2.891341,0.761897,1.630097,2.003379,-0.574581,-0.921675,-1.362906,7809.271,5.460515,2.286676,4.373726,4.971397,-1.796641,-2.740796,-3.075002,6835.5483,5.521255,2.046514,4.04103,4.547208,-1.582391,-2.430648,-2.812398
0.0,50.0,62430.734,5.01046,13.3631,18.396948,19.751587,-11.431404,-13.94226,-16.476637,54559.566,4.205008,12.24045,17.078985,18.530481,-9.509335,-11.551378,-15.508659,8118.082,4.79156,1.870836,3.126506,3.569425,-1.613482,-2.169007,-2.722875,7629.1675,4.708049,1.751372,2.993232,3.422642,-1.521929,-2.075151,-2.578409,2261.78,3.4954,0.601716,1.205967,1.611361,-0.538153,-0.847734,-1.231525,2605.2422,3.632934,0.707461,1.474075,1.946419,-0.628121,-0.976139,-1.523985,9686.27,6.290569,2.542991,4.768008,5.294346,-2.230183,-3.298024,-3.677678,9807.672,6.25651,2.571325,4.860643,5.463913,-2.293364,-3.454646,-4.122688,50730.477,3.748877,11.183672,15.471857,16.973349,-9.080925,-11.090115,-13.444761,55693.797,3.808621,11.907342,16.155273,17.898237,-10.204197,-12.52736,-15.613686,8164.6426,4.929379,1.966612,3.379834,3.891697,-1.670209,-2.286543,-2.727953,6101.3086,5.298399,1.448075,2.468954,2.948871,-1.308631,-1.789328,-2.199558,2612.426,3.187384,0.761365,1.725005,2.16429,-0.640899,-1.03267,-1.407356,2937.9153,3.282283,0.859215,1.889058,2.400472,-0.698094,-1.105763,-1.591052,9667.355,6.668973,2.58347,5.190582,5.92108,-2.306506,-3.550425,-3.988991,8484.749,6.684963,2.320844,4.733384,5.320762,-2.005397,-3.053043,-3.477416
0.0,75.0,81664.7,6.235633,19.813053,29.13744,30.554071,-15.225648,-18.506811,-21.990252,70466.19,5.222689,17.80098,26.508924,28.364794,-12.44209,-15.117977,-20.544214,10548.017,5.88045,2.613857,4.436731,5.029094,-2.204768,-3.003048,-3.425366,9881.072,5.711762,2.460996,4.256163,4.725167,-2.068811,-2.845703,-3.481668,2906.5774,4.195873,0.823782,1.66358,2.158688,-0.714211,-1.196912,-2.510722,3319.1907,4.314265,0.974039,1.987534,2.468803,-0.823684,-1.29106,-1.729332,12576.41,7.730518,3.574079,6.672466,7.47897,-3.039164,-4.599934,-5.039894,12722.3125,7.654539,3.645786,6.727397,7.739525,-3.116208,-4.74439,-5.197985,66598.664,4.667801,16.485958,24.314665,25.85119,-12.062198,-14.716151,-19.033133,73076.81,4.667774,17.811022,25.650694,27.07766,-13.597324,-16.591198,-19.65067,10563.88,5.998134,2.744618,4.735858,5.305805,-2.258843,-3.10561,-4.213675,7914.187,6.514477,2.020834,3.445546,4.101134,-1.772336,-2.436023,-3.077789,3321.004,3.752442,1.031869,2.313761,2.790851,-0.836052,-1.36909,-1.926053,3708.544,3.867533,1.150956,2.59942,3.211931,-0.91139,-1.456893,-2.700307,12615.604,8.197489,3.664852,7.240808,8.375004,-3.150118,-4.963959,-5.692695,10969.483,8.187809,3.246781,6.612731,7.464673,-2.723042,-4.304573,-4.751604
0.0,100.0,96902.96,7.217677,24.106485,36.308403,38.181995,-18.077158,-21.906431,-27.299076,82545.17,5.931078,21.340502,32.81214,34.236305,-14.633909,-17.617989,-22.411745,12672.199,7.066112,3.110188,5.105849,5.58258,-2.756891,-3.831257,-4.507071,11837.679,6.815625,2.916404,4.883512,5.278829,-2.577407,-3.576979,-4.0569,3444.184,4.889488,0.96538,1.904742,2.447512,-0.873886,-1.39344,-1.768803,3934.8591,5.021375,1.134853,2.2898,2.749047,-1.006196,-1.594749,-1.90375,15089.587,9.301668,4.270133,7.638401,8.546656,-3.801802,-5.823956,-6.476169,15350.303,9.2332,4.345535,7.750168,8.778269,-3.921359,-5.998742,-6.641723,79271.68,5.406213,20.041431,30.470911,32.18804,-14.397174,-17.63645,-21.956146,87285.32,5.401129,21.896614,32.31848,34.386536,-16.206924,-19.613825,-23.52506,12579.443,7.110547,3.250213,5.45178,6.161321,-2.798625,-3.885225,-4.416897,9428.231,7.73981,2.405266,3.914659,4.434609,-2.190417,-3.052221,-3.494975,3931.4067,4.314959,1.196554,2.6471,3.59637,-1.018383,-1.678003,-2.183133,4343.894,4.424058,1.329742,2.969676,3.749047,-1.104122,-1.814063,-2.16543,15198.315,9.832547,4.377406,8.535924,9.875342,-3.956864,-6.291156,-6.920829,13078.411,9.750209,3.860692,7.777782,9.098227,-3.380265,-5.395299,-5.853778
0.0,125.0,109740.52,8.107089,27.004416,39.86876,41.920403,-20.49934,-24.792833,-30.869871,92943.46,6.555724,23.757818,36.068104,38.343834,-16.581106,-20.079866,-25.652647,14968.26,8.127048,3.516739,5.586905,6.291781,-3.341198,-4.65594,-5.123469,13845.399,7.767462,3.285042,5.45833,6.048443,-3.110722,-4.367781,-4.806004,3970.273,5.441004,1.063691,2.186352,2.831907,-1.025605,-1.643641,-1.994803,4509.0635,5.581553,1.252128,2.628873,3.324047,-1.181027,-1.932882,-2.286011,17722.889,10.663274,4.8372,8.604723,9.75646,-4.579406,-7.181216,-7.831489,17943.617,10.558288,4.9504,8.73258,10.105674,-4.730457,-7.465655,-7.984838,89958.35,6.019027,22.435621,33.735683,35.375782,-16.434792,-19.93655,-24.861189,99137.39,6.019944,24.631516,35.98057,38.246593,-18.44971,-22.427029,-27.535833,14644.45,8.079425,3.650087,6.00456,6.872832,-3.370137,-4.74537,-5.252236,11049.739,8.802084,2.71965,4.340638,5.164341,-2.624728,-3.691295,-4.085324,4492.126,4.755483,1.304878,3.153879,4.348208,-1.191057,-2.042459,-2.419248,4970.511,4.883158,1.437477,3.473078,4.451173,-1.274284,-2.117487,-2.662165,17746.582,11.244191,5.019876,9.447849,10.87787,-4.769666,-7.80708,-9.150657,15273.505,11.111049,4.37829,8.662799,10.041132,-4.039791,-6.569348,-7.181251
0.0,150.0,122336.484,9.193446,30.006657,44.192673,46.12548,-22.60018,-27.23597,-33.669224,102676.97,7.119224,26.114176,39.700413,41.794174,-18.274614,-22.141165,-27.131704,16802.52,8.865257,3.917936,6.098285,6.943418,-3.934945,-5.610847,-6.046331,15509.393,8.521678,3.655673,6.081423,6.856906,-3.649807,-5.359716,-7.569053,4384.002,5.822402,1.161378,2.378044,3.029955,-1.182927,-1.966287,-2.375665,4973.056,5.992176,1.364253,2.940953,3.769538,-1.366385,-2.326712,-2.801605,19872.215,11.730996,5.400374,9.416243,10.946888,-5.359193,-8.646744,-10.004922,20116.455,11.651828,5.521651,9.660476,11.244514,-5.563079,-9.06323,-9.794265,99601.02,6.566073,24.777643,37.17862,39.180458,-18.15351,-22.05317,-28.401522,110921.414,6.857251,27.649225,40.316017,43.030594,-20.377357,-24.694088,-30.217358,16419.123,8.866013,4.055159,6.70815,7.501478,-3.957013,-5.712824,-8.67228,12366.128,9.481664,3.039549,4.7689,5.499564,-3.069783,-4.515184,-4.812144,4968.955,5.111991,1.412092,3.505699,4.520024,-1.379954,-2.471552,-2.967364,5460.3496,5.194446,1.550363,3.821486,4.819463,-1.462962,-2.538452,-2.922421,20004.656,12.503007,5.600612,10.373938,12.021021,-5.644581,-9.494184,-10.156737,17144.756,12.151945,4.885522,9.487607,11.234346,-4.738,-7.855561,-8.508828
0.0,175.0,132819.7,9.853445,31.988306,46.38986,49.28597,-24.494589,-29.459263,-40.494465,110769.516,7.568055,27.83644,42.106613,44.27257,-19.706697,-23.813318,-30.963264,18974.283,10.069457,4.248139,6.41001,7.133991,-4.530127,-6.474601,-7.19007,17413.322,9.660948,3.937659,6.501067,7.423594,-4.171649,-6.030819,-6.564196,4852.071,6.468682,1.238393,2.506172,3.162713,-1.322665,-2.210797,-2.644773,5490.464,6.673682,1.448367,3.136125,3.961858,-1.524899,-2.612208,-3.046527,22392.494,13.273355,5.889349,9.844276,11.41621,-6.133245,-9.897396,-10.514396,22629.152,13.303194,6.007906,10.155743,11.84349,-6.365894,-10.500843,-11.226155,108274.17,6.999529,26.437605,39.263836,41.03904,-19.704405,-23.997545,-29.598906,120768.85,7.340148,29.58253,42.461708,44.852116,-22.095505,-26.819464,-37.80403,18272.629,9.99157,4.347353,7.168454,8.099709,-4.477778,-6.518369,-7.122956,13787.347,10.661205,3.285474,5.024968,5.898178,-3.473389,-4.979536,-5.562388,5466.5547,5.622886,1.49391,3.760797,4.992857,-1.53277,-2.774152,-3.266326,5994.151,5.678324,1.630863,4.035413,5.219939,-1.615469,-2.783704,-3.427491,22329.324,14.207851,6.094097,10.785301,12.660274,-6.444764,-11.068941,-11.834323,19124.475,13.692993,5.297815,9.874255,11.775382,-5.379568,-9.079945,-9.773924
0.0,200.0,142789.9,10.645231,33.85374,49.464092,51.60479,-25.927153,-31.066881,-41.588135,118052.09,8.033086,29.412264,45.61343,47.95744,-20.89793,-25.783092,-33.723675,21298.848,10.812085,4.744374,7.108911,7.927914,-5.474105,-8.149127,-8.78249,19670.248,10.434297,4.399687,7.266438,8.399177,-5.02232,-7.396085,-7.975155,5330.411,6.842284,1.351364,2.725334,3.579428,-1.559561,-2.586728,-2.898618,6063.118,7.073229,1.586668,3.440285,4.551249,-1.787935,-2.962618,-3.385097,25104.293,14.28322,6.58618,10.812614,12.784096,-7.366911,-11.791007,-12.546455,25498.893,14.335853,6.742949,11.218155,13.285737,-7.641724,-12.364416,-13.090989,115696.84,7.407641,27.917276,41.873974,43.873924,-20.84231,-25.272718,-32.257744,129988.05,7.849757,31.399626,44.977867,47.53827,-23.217562,-27.496199,-36.85541,20594.87,10.799452,4.84199,8.003428,9.287551,-5.406482,-8.103553,-8.824967,15371.004,11.420288,3.647146,5.630229,6.597657,-4.146747,-6.125129,-6.732942,6029.315,5.93265,1.62047,4.144283,5.69169,-1.802635,-3.133603,-3.494099,6536.285,5.949684,1.754333,4.375598,5.748316,-1.916593,-3.266366,-3.705179,25277.998,15.410581,6.867026,11.677978,13.839589,-7.640652,-12.782672,-13.851846,21396.361,14.702644,5.91919,10.626145,12.690318,-6.348842,-10.539981,-11.407486
0.0,225.0,151863.42,10.827703,35.37686,54.103725,56.23365,-27.61451,-32.96612,-46.888817,125475.94,8.439032,30.692331,48.843388,51.231594,-22.087711,-26.783953,-37.86024,23296.02,12.019657,4.956926,7.601322,8.660957,-5.945999,-8.704149,-13.92434,21396.408,11.348203,4.583944,7.578838,8.87178,-5.442356,-8.00291,-8.909242,5735.1504,7.37928,1.401344,2.86365,3.707231,-1.660671,-2.99151,-3.575692,6491.4873,7.55788,1.62649,3.55485,4.565815,-1.900531,-3.285104,-3.800193,27379.807,15.768683,6.913528,11.329874,13.510112,-7.973569,-13.066357,-13.853784,27718.162,15.62708,7.041095,11.58714,13.757551,-8.255575,-13.72205,-18.267347,123029.336,7.750131,29.074162,44.57356,46.534584,-22.120802,-26.831722,-34.319054,137882.95,7.946795,32.484512,47.710255,50.002106,-24.788544,-29.497843,-40.138588,22375.469,11.740351,5.025729,8.290825,9.476925,-5.82364,-8.645566,-14.934819,16728.17,12.587134,3.807007,6.017165,7.101141,-4.463539,-6.570455,-7.03942,6459.2017,6.308369,1.657016,4.293158,5.732381,-1.905334,-3.450174,-3.935123,7006.6143,6.388255,1.807579,4.603492,6.069331,-2.013446,-3.614257,-4.48911,27541.527,16.761564,7.24538,11.92146,14.092199,-8.409338,-14.394241,-15.362663,23315.99,16.202482,6.218874,10.969097,13.062617,-6.971207,-11.837327,-13.025748
0.0,250.0,161570.08,11.566188,37.617374,57.42557,60.098812,-29.1375,-35.162605,-57.83005,132808.69,8.85842,32.584656,52.36377,55.277878,-23.259867,-28.054955,-40.004723,25123.646,12.904342,5.451208,7.914842,9.036222,-6.545763,-9.562549,-10.212945,23041.803,12.224951,5.014414,7.974151,9.242721,-5.99894,-8.865211,-9.457687,6107.239,7.758262,1.514812,2.964822,3.771773,-1.795933,-3.086221,-3.567204,6915.269,7.959727,1.757145,3.699912,4.707011,-2.064104,-3.614649,-4.165594,29419.514,16.89046,7.59585,11.770704,14.132121,-8.74132,-14.49755,-15.655113,29813.385,16.830763,7.703688,12.061974,14.548907,-9.087877,-15.303874,-16.532854,130009.125,8.151879,30.860699,47.59522,50.059082,-23.17961,-27.902536,-37.77153,146089.52,8.452052,34.602425,50.834072,53.179237,-26.019424,-30.972326,-39.711964,24311.635,12.700406,5.524505,8.699052,10.09659,-6.458463,-9.631612,-10.395707,18160.275,13.505206,4.194924,6.261978,7.471395,-4.915183,-7.220499,-7.698799,6914.665,6.685553,1.802357,4.477998,6.26327,-2.072331,-3.834597,-4.500606,7470.1934,6.709144,1.956564,4.791066,6.437839,-2.175018,-3.938601,-4.537496,29950.514,18.124777,7.995003,12.43907,14.602136,-9.428158,-16.494928,-17.486418,25268.365,17.36448,6.849488,11.405017,13.51217,-7.764854,-13.410415,-14.369672
0.0,275.0,168314.97,12.075648,38.74767,63.155514,67.23877,-29.871769,-35.376244,-52.593445,138538.53,9.202604,33.63302,56.800858,59.34446,-24.080517,-28.71414,-41.944195,27738.445,13.794349,5.53633,8.519221,9.814073,-7.363703,-10.727331,-11.630377,25302.135,13.024259,5.105432,8.421454,9.899205,-6.760238,-10.048275,-10.658621,6617.1777,8.149222,1.527119,3.126492,4.132645,-1.982186,-3.328293,-3.773648,7475.029,8.349567,1.767023,3.878778,5.036813,-2.290016,-3.976424,-4.515277,32308.895,18.01448,7.697527,12.393936,14.992771,-9.746534,-15.741659,-16.936352,32708.553,17.922207,7.827454,12.767176,15.583947,-10.166147,-16.86605,-18.018602,135943.62,8.504423,31.622238,51.687847,54.92037,-24.018038,-28.718098,-39.85085,152610.69,8.85287,35.40853,55.613647,58.55325,-26.737131,-31.643106,-52.06363,26601.994,13.434246,5.621474,9.231749,10.618744,-7.266747,-10.924483,-11.749771,19903.328,14.285876,4.264789,6.774628,7.9977,-5.483134,-8.025271,-8.541254,7459.084,7.006503,1.812007,4.657362,6.332456,-2.299755,-4.198749,-4.849315,8065.51,7.04083,1.968004,4.954703,6.591396,-2.393994,-4.180014,-4.729561,32842.312,19.287626,8.199596,12.887403,15.273482,-10.594191,-18.94701,-20.272406,27679.873,18.475452,7.017164,11.757475,13.899132,-8.668073,-15.236682,-16.701672
0.0,10.0,20443.324,2.394794,2.079165,2.374346,3.693807,-3.084532,-3.777213,-7.136308,19389.59,2.171069,1.9527,2.249946,3.814905,-2.82796,-3.47699,-5.211361,3023.1023,2.89657,0.273817,0.336753,0.815476,-0.455989,-0.628469,-1.20534,2841.1433,2.83742,0.252221,0.311843,0.755347,-0.434382,-0.584064,-0.99089,837.6495,2.031649,0.088124,0.155845,0.586215,-0.165722,-0.262491,-0.67025,971.3173,2.103386,0.10479,0.175296,0.643877,-0.188848,-0.304143,-0.709937,3581.5308,3.733729,0.342163,0.479492,0.940851,-0.627565,-0.885337,-1.311465,3595.293,3.699532,0.338886,0.478199,0.96871,-0.640374,-0.906333,-1.359401,17118.744,1.952198,1.753688,2.057995,5.410743,-2.587763,-3.268058,-5.172815,18097.225,1.956595,1.865583,2.152452,4.006933,-2.811232,-3.456153,-5.434982,3139.5205,3.003349,0.283447,0.382677,0.840727,-0.490125,-0.662075,-1.087782,2285.4968,3.092457,0.212572,0.371595,1.46251,-0.377835,-0.520085,-0.95549,1049.4368,1.96027,0.117543,0.194171,0.821721,-0.21605,-0.366124,-0.791577,1201.1132,2.030082,0.13444,0.245504,0.919089,-0.243342,-0.431036,-0.950892,3584.6433,3.962912,0.335736,0.493571,0.905345,-0.64364,-0.951014,-1.460364,3233.9944,4.034664,0.309833,0.443652,1.433274,-0.585274,-0.850983,-1.264939
0.0,20.0,33791.465,3.185441,6.539931,8.005829,9.149812,-5.732123,-7.041171,-9.150999,31245.203,2.832884,6.209308,7.656975,8.633116,-5.045175,-6.13167,-8.077851,4770.1753,3.686281,0.923557,1.398951,1.698538,-0.824827,-1.088621,-1.513699,4483.74,3.584222,0.868391,1.319731,1.662209,-0.783354,-1.049681,-1.375893,1330.4825,2.55276,0.302268,0.539068,0.877512,-0.285819,-0.436474,-0.715262,1522.9045,2.617805,0.35638,0.635532,1.021597,-0.33244,-0.515843,-0.799992,5613.785,4.674816,1.23216,2.033739,2.376061,-1.136187,-1.615002,-2.075123,5627.1245,4.599707,1.239028,2.054389,2.436216,-1.159424,-1.681227,-2.1215,28313.209,2.553986,5.618825,6.903504,8.109077,-4.685533,-5.687209,-8.065659,30156.684,2.538746,5.877439,7.279893,8.935022,-5.191204,-6.30997,-9.180303,4925.5664,3.774846,0.992946,1.515328,1.810665,-0.880224,-1.169908,-1.53577,3646.06,3.982382,0.723121,1.139321,1.374323,-0.68484,-0.929777,-1.337874,1603.7423,2.386226,0.406414,0.742458,1.084555,-0.357586,-0.596659,-0.914528,1829.1936,2.484029,0.456921,0.813099,1.23213,-0.39305,-0.601356,-1.021396,5657.848,4.892573,1.24761,2.154658,2.534235,-1.179362,-1.753882,-2.29699,5062.2104,4.991569,1.140442,1.977951,2.32291,-1.055056,-1.560292,-2.124481
0.0,30.0,45011.168,3.942991,9.833209,12.745621,13.674748,-7.96322,-9.76968,-11.758704,40789.902,3.428921,9.248088,12.077409,13.288497,-6.814204,-8.308414,-10.427887,6540.86,4.369447,1.421681,2.260053,2.658788,-1.169425,-1.576656,-2.133672,6181.627,4.254178,1.337711,2.16051,2.532151,-1.116808,-1.487405,-1.922044,1793.2299,2.96794,0.463282,0.867443,1.343411,-0.393211,-0.60794,-0.913029,2056.0303,3.046536,0.541814,1.045541,1.402016,-0.456577,-0.702759,-2.269124,7698.542,5.570537,1.907872,3.396998,4.073073,-1.621021,-2.317128,-2.820376,7787.0015,5.534865,1.923613,3.422232,3.915546,-1.659271,-2.403965,-2.87949,37454.766,3.077893,8.453242,11.001709,12.225129,-6.408427,-7.939234,-10.037792,40467.46,3.079309,8.885116,11.484344,12.611033,-7.172417,-8.776635,-11.350613,6751.2393,4.474912,1.526324,2.466799,2.779912,-1.252295,-1.664174,-2.060466,4969.2314,4.707285,1.118964,1.823051,2.177541,-0.970724,-1.324064,-1.743318,2136.4668,2.739113,0.607452,1.226669,2.227965,-0.484728,-0.755837,-1.813153,2400.3635,2.830707,0.680404,1.378041,1.949379,-0.529323,-0.832064,-1.122609,7815.0146,5.862727,1.943358,3.626995,4.164912,-1.69956,-2.522667,-2.934275,6884.2593,5.902702,1.761749,3.332251,3.823595,-1.500347,-2.219349,-2.518402
0.0,40.0,55632.31,4.95488,11.347662,14.260968,15.487014,-9.900146,-12.163948,-14.639578,49648.996,4.118076,10.630019,13.62371,14.661721,-8.383213,-10.178254,-13.175817,8303.233,5.28756,1.684296,2.554805,2.867852,-1.538024,-2.069163,-2.522296,7842.3193,5.174929,1.568771,2.447796,2.896921,-1.457554,-1.966011,-2.531495,2223.9429,3.351815,0.5189,1.026999,1.232284,-0.502485,-0.775566,-1.230534,2547.602,3.466934,0.608996,1.205965,1.500948,-0.580481,-0.897769,-1.334509,9803.865,6.992865,2.20747,3.913318,4.49783,-2.124441,-3.193412,-3.860025,9890.05,6.900391,2.225266,3.953468,4.464661,-2.1657,-3.217247,-3.788333,46061.348,3.670637,9.784408,12.465841,13.638719,-7.950955,-9.737776,-11.605662,50239.016,3.747013,10.401677,13.043541,14.255471,-8.918396,-10.948213,-13.587938,8531.853,5.436925,1.787606,2.797938,3.193838,-1.625198,-2.187545,-2.939904,6295.175,5.736403,1.317986,2.069646,2.429941,-1.268698,-1.717998,-2.741922,2616.9795,3.071934,0.675731,1.408209,1.824337,-0.607694,-0.970586,-1.672852,2946.4602,3.194088,0.756222,1.559006,2.141685,-0.665805,-1.042455,-1.408428,9965.253,7.440194,2.241954,4.171404,4.765478,-2.226855,-3.386053,-4.234714,8724.929,7.48389,2.005463,3.812939,4.292252,-1.953246,-2.962795,-3.407470
0.0,50.0,63178.727,5.274266,15.209124,21.01847,22.393475,-11.516816,-14.148819,-17.446232,56118.56,4.429745,14.060631,19.816471,21.009148,-9.682938,-11.909838,-14.9041,9228.718,5.406693,2.264679,3.695519,4.400777,-1.820259,-2.461753,-3.199082,8640.566,5.228283,2.135466,3.544749,4.11974,-1.722502,-2.347256,-2.903699,2481.996,3.556027,0.724666,1.411443,1.835317,-0.598848,-0.928472,-1.423417,2825.7925,3.655097,0.847545,1.672008,2.178031,-0.685186,-1.108747,-1.538066,10908.78,7.016603,3.061647,5.57436,6.239356,-2.509616,-3.741688,-4.299525,10980.098,6.913914,3.112837,5.633937,6.322586,-2.580295,-3.894454,-4.458692,52537.098,4.008498,13.075188,18.276592,19.68499,-9.232916,-11.243084,-14.898078,57012.07,4.005998,13.883164,19.042625,20.405922,-10.372803,-12.707557,-16.42957,9392.447,5.477745,2.426035,4.022445,4.581147,-1.915286,-2.598549,-3.131721,7015.799,5.882701,1.788511,2.963006,3.384091,-1.494761,-2.032475,-2.377686,2891.886,3.23787,0.925228,1.98575,2.461421,-0.71358,-1.170681,-1.476022,3244.92,3.35051,1.030039,2.215319,2.72082,-0.774987,-1.308118,-1.669956,11065.605,7.344895,3.166593,6.050538,6.823106,-2.639322,-4.096677,-4.82239,9699.801,7.396593,2.824085,5.557516,6.325172,-2.299508,-3.609479,-4.050586
0.0,75.0,81660.79,6.537357,19.966557,29.03124,30.572796,-15.114632,-18.373762,-22.999765,70820.81,5.299637,18.147455,26.972378,28.880001,-12.451839,-15.140651,-18.93412,11684.33,6.665315,2.880094,4.805693,5.306634,-2.425291,-3.351163,-4.073176,10964.385,6.45532,2.716973,4.666912,5.26797,-2.279913,-3.137306,-3.619906,3121.4995,4.289445,0.906273,1.806621,2.300736,-0.770617,-1.215458,-1.497357,3556.7102,4.414589,1.064765,2.171588,2.656842,-0.885002,-1.401411,-1.665292,13829.917,8.665141,3.926507,7.195989,8.053896,-3.344479,-5.083815,-5.628069,14003.665,8.616456,3.999281,7.295948,8.166003,-3.426258,-5.285965,-5.893221,67150.266,4.829925,17.010914,25.07224,26.885227,-12.028844,-14.613835,-20.837189,73798.02,4.913225,18.321266,26.355707,27.521389,-13.563459,-16.546228,-21.426659,11853.913,6.740946,3.080466,5.246787,5.854066,-2.518208,-3.456949,-3.908138,8830.755,7.208306,2.272381,3.822932,4.22189,-1.968254,-2.742932,-3.196705,3616.4717,3.849742,1.154449,2.574775,3.222863,-0.920388,-1.497469,-1.850829,4003.068,3.940931,1.272278,2.837209,3.48923,-0.989702,-1.593277,-2.012359,14128.818,9.188651,4.072869,7.878606,8.828639,-3.527376,-5.567693,-6.192183,12229.39,9.069341,3.609675,7.210779,8.198887,-3.041711,-4.789108,-5.249317
0.0,100.0,97856.45,7.59977,23.898146,35.09971,36.59416,-18.16425,-22.030546,-27.517708,83659.336,6.080138,21.499987,32.511517,34.34636,-14.800712,-18.014044,-22.465887,13733.752,7.688938,3.334437,5.246727,5.744847,-2.982458,-4.118908,-4.640324,12848.338,7.424169,3.141789,5.120559,5.622019,-2.783704,-3.867023,-4.315937,3611.1848,4.84258,1.024037,2.021092,2.682575,-0.919074,-1.493215,-1.875763,4125.6094,5.028179,1.20593,2.466232,3.130814,-1.060006,-1.712716,-2.03236,16248.222,10.045237,4.56203,7.995077,8.989996,-4.090446,-6.333653,-6.865482,16488.094,10.04617,4.670481,8.19001,9.245535,-4.208907,-6.575075,-7.341582,80028.74,5.56413,20.217314,30.235592,31.76744,-14.42063,-17.763243,-20.783438,88502.414,5.703407,22.04935,32.0843,33.715122,-16.282972,-19.864239,-23.669233,13858.351,7.776921,3.552424,5.72865,6.242802,-3.063895,-4.237124,-4.851486,10320.159,8.279304,2.624275,4.099112,4.580073,-2.39077,-3.337662,-3.904906,4180.841,4.341185,1.286828,2.978476,3.898015,-1.07839,-1.835438,-2.479006,4589.45,4.415413,1.410258,3.170284,4.058266,-1.159673,-1.918685,-2.48921,16646.113,10.695349,4.771188,9.064538,10.376114,-4.325086,-7.044223,-7.790305,14318.012,10.474455,4.200129,8.316836,9.694426,-3.684988,-5.951758,-6.582119
0.0,125.0,111080.375,8.361269,27.673864,41.865055,43.957287,-20.675894,-25.088293,-30.886766,94132.65,6.638943,24.582682,38.31625,40.24239,-16.722406,-20.177538,-25.90185,15735.092,8.724981,3.838796,6.141383,7.018248,-3.558402,-4.963502,-5.527225,14642.278,8.354727,3.603882,5.942658,6.625062,-3.308993,-4.663888,-5.328658,4086.4707,5.411333,1.164608,2.337589,2.964026,-1.071965,-1.736721,-2.231428,4649.6133,5.568024,1.362774,2.789801,3.40922,-1.231412,-2.055232,-2.512225,18580.477,11.422336,5.286005,9.255927,10.644392,-4.86281,-7.620267,-8.448396,18869.379,11.368185,5.390005,9.34094,10.547426,-5.023249,-8.055189,-8.695138,90477.98,6.086007,23.21397,35.85581,37.8613,-16.400517,-19.871576,-24.98591,100355.17,6.238895,25.538256,38.27655,40.595345,-18.53886,-22.54172,-27.997284,15757.782,8.71735,4.076233,6.648959,7.462179,-3.6338,-5.123291,-5.562658,11760.913,9.320433,3.024989,4.90606,5.519363,-2.824239,-3.973276,-4.477281,4710.4,4.78933,1.456975,3.316038,4.182258,-1.259333,-2.185687,-2.686574,5150.1196,4.87062,1.597271,3.650926,4.801193,-1.342056,-2.237995,-2.735599,19120.28,12.146553,5.527435,10.355442,11.907351,-5.179225,-8.543149,-9.288839,16364.517,11.895468,4.845916,9.549933,11.099536,-4.366099,-7.102351,-7.678791
0.0,150.0,122961.55,9.055005,30.24511,44.860386,47.289932,-22.859062,-27.590227,-35.38059,103862.94,7.190765,26.629398,40.805492,42.990643,-18.498312,-22.431711,-29.581667,17765.947,9.973255,4.144512,6.242148,8.239973,-4.140899,-5.856324,-6.461069,16348.956,9.411912,3.871378,6.12445,6.901883,-3.828525,-5.509715,-6.029564,4533.5146,6.01893,1.228324,2.509624,3.291015,-1.21689,-1.978259,-2.393429,5118.162,6.154128,1.434825,3.006759,3.884278,-1.396965,-2.362876,-2.842418,20856.27,13.012835,5.717927,9.634882,11.056874,-5.610937,-8.96251,-10.18352,21046.736,12.853784,5.81658,9.773515,11.149585,-5.801682,-9.422368,-10.252613,100103.07,6.601655,25.195492,38.1421,39.98031,-18.187428,-22.090174,-27.065395,111076.49,6.738074,27.901148,41.155468,43.086525,-20.4994,-24.714157,-32.49261,17534.352,9.805327,4.364746,6.763873,7.542733,-4.187577,-6.001432,-9.386321,13210.305,10.596929,3.26198,4.897773,5.749597,-3.246887,-4.628069,-5.171754,5178.4507,5.2508,1.520413,3.656966,4.709138,-1.425683,-2.531879,-2.961229,5689.1206,5.382074,1.658623,3.991172,5.209661,-1.50638,-2.545081,-3.033103,21335.896,13.697018,6.026086,10.852314,12.949706,-5.991579,-10.114721,-11.079205,18311.854,13.444671,5.252808,10.056811,11.749914,-5.028192,-8.511002,-9.069165
0.0,175.0,134335.66,9.930837,32.028683,45.997517,47.6897,-24.786661,-29.957323,-39.355515,112102.34,7.607817,28.073013,42.140285,44.31312,-20.023628,-24.178127,-34.103783,19751.664,11.005703,4.402535,6.559761,7.417903,-4.731569,-6.784126,-7.600535,18163.44,10.451444,4.086995,6.668656,7.629116,-4.358543,-6.285146,-7.445537,4967.381,6.559937,1.267633,2.610155,3.472034,-1.356851,-2.211512,-2.73967,5606.9087,6.705015,1.479225,3.230435,4.154417,-1.553887,-2.595714,-3.704643,23153.432,14.384325,6.06834,10.038688,11.725667,-6.380879,-10.146609,-11.025642,23399.047,14.296787,6.185835,10.26007,12.06187,-6.59166,-10.669612,-11.430614,108610.555,7.029277,26.420362,38.89185,40.69137,-19.712385,-24.671408,-31.624954,121263.12,7.372064,29.569143,42.0054,43.89709,-22.166164,-26.775677,-43.46645,19447.885,10.882174,4.588982,7.381453,8.271979,-4.76203,-6.906937,-7.341019,14593.681,11.619788,3.443444,5.220317,6.062414,-3.678626,-5.29943,-5.804188,5675.73,5.712815,1.550351,3.944736,5.306174,-1.584908,-2.703684,-3.260767,6192.3486,5.796536,1.680148,4.203468,5.556211,-1.675583,-2.781396,-3.263279,23748.52,15.293061,6.434217,11.033093,12.956703,-6.798222,-11.377273,-12.188136,20278.123,14.80505,5.573616,10.218323,12.011353,-5.678647,-9.34633,-10.030894
0.0,200.0,144813.52,10.651616,34.43545,50.02397,51.99648,-26.454306,-32.06153,-44.425323,120200.33,8.101473,30.052395,45.873806,49.747448,-21.261448,-25.721457,-32.503723,21519.479,11.753438,4.775898,7.082183,8.081888,-5.372163,-7.760485,-8.464346,19806.285,11.188352,4.424064,7.182184,8.150499,-4.929652,-7.285348,-8.032242,5324.9526,6.906495,1.356428,2.773277,3.645365,-1.50861,-2.622824,-2.814881,6030.3413,7.11752,1.575318,3.440545,4.330891,-1.736542,-2.84576,-3.491954,25217.156,15.370371,6.609525,10.728306,12.777984,-7.187087,-11.43516,-12.534756,25532.77,15.303948,6.74476,10.998454,13.246788,-7.444658,-11.970976,-12.797928,116420.51,7.477046,28.33945,42.147587,44.039463,-20.957903,-25.29191,-33.31928,130653.72,7.856613,31.784967,45.395752,47.53789,-23.578882,-28.503063,-38.22181,21169.44,11.622041,4.957243,7.936164,9.226561,-5.383909,-7.970904,-8.822799,15809.237,12.335559,3.728696,5.645441,6.575968,-4.125868,-6.002629,-6.70881,6100.759,6.029019,1.644107,4.242111,5.586091,-1.760733,-3.006068,-3.53785,6603.9414,6.076967,1.784271,4.489272,5.958164,-1.858448,-3.127395,-3.75347,26006.686,16.462307,7.029207,11.750245,13.700863,-7.667368,-12.78201,-13.722094,22047.965,15.787514,6.072797,10.848645,12.824906,-6.35981,-10.545825,-11.450507
0.0,225.0,154303.64,11.055309,36.02659,54.786095,57.10979,-28.273884,-34.406513,-44.09615,127603.58,8.471285,31.41294,50.09426,53.002605,-22.521011,-27.262653,-42.117245,23346.523,12.839364,4.964027,7.465253,8.553694,-5.814086,-8.392036,-9.079863,21381.363,12.087184,4.586663,7.511041,9.941584,-5.330026,-7.800565,-8.380818,5691.599,7.420483,1.395526,2.84114,3.736082,-1.602142,-2.701174,-3.168852,6425.118,7.586187,1.620069,3.523301,4.527213,-1.8382,-3.179275,-3.706517,27269.965,16.743587,6.890975,11.078397,13.166125,-7.773357,-12.687645,-13.717366,27597.512,16.596762,7.014403,11.439397,13.497552,-8.05409,-13.395071,-14.594673,124035.54,7.845609,29.554617,45.31694,47.777866,-22.307186,-27.208544,-37.28506,139152.83,8.187422,33.136044,48.532974,50.721607,-25.253807,-30.709833,-44.465668,22790.488,12.531461,5.123659,8.481061,9.446033,-5.789365,-8.505706,-9.493756,17037.936,13.368134,3.864679,5.955096,7.017081,-4.42071,-6.748695,-6.85747,6505.2075,6.435667,1.676283,4.314051,5.742465,-1.86555,-3.390095,-3.943133,7028.279,6.480125,1.822475,4.590661,6.066387,-1.953883,-3.421991,-3.940056,28082.615,17.80074,7.364273,11.867722,13.865376,-8.43389,-14.711935,-15.718348,23783.535,17.15615,6.33024,10.967984,13.109585,-6.975386,-11.974797,-12.954366
0.0,250.0,162940.17,11.613052,37.761288,58.982006,61.841385,-29.67851,-35.407845,-52.29752,134114.44,8.841532,32.815163,53.602795,56.248314,-23.572409,-28.419098,-39.831917,25380.75,13.657728,5.234982,7.912517,9.287504,-6.485618,-9.423932,-10.045044,23223.842,12.890912,4.815035,7.909114,9.171913,-5.937518,-8.72671,-9.386184,6078.676,7.80527,1.439151,2.967152,3.852319,-1.753724,-3.394571,-3.551357,6869.2466,8.003427,1.668759,3.68582,4.725502,-2.010322,-3.489646,-3.929291,29569.984,17.782026,7.225288,11.605516,13.902462,-8.632684,-14.128946,-15.176697,29934.18,17.68933,7.347384,11.915299,14.324356,-8.955347,-14.984411,-16.168407,130640.18,8.177402,30.783056,48.28323,50.379967,-23.38273,-28.242146,-64.935326,147092.61,8.578817,34.630768,51.906204,54.12811,-26.41945,-31.663778,-44.202686,24682.473,13.352816,5.356372,8.717074,10.021644,-6.431888,-9.676609,-10.089837,18409.592,14.152218,4.047191,6.31925,7.675269,-4.884204,-7.121907,-10.60169,6937.307,6.742817,1.733784,4.513656,6.011603,-2.034457,-3.709508,-4.162822,7470.4062,6.773513,1.87105,4.787402,6.225236,-2.130729,-3.78315,-4.367933,30479.115,19.068878,7.725785,12.267278,14.632708,-9.386022,-16.364695,-17.507656,25723.996,18.18857,6.630316,11.293738,13.371098,-7.732389,-13.291257,-14.365430
0.0,275.0,171343.1,12.271075,38.887817,63.73563,67.29114,-30.665419,-36.740227,-53.69699,140613.05,9.258342,33.813572,57.490788,60.678055,-24.438807,-29.383682,-42.852734,27362.22,14.280687,5.567762,8.382565,9.666635,-7.168836,-10.416614,-11.317534,24920.607,13.431157,5.13322,8.288034,9.626606,-6.563941,-9.739061,-10.377084,6466.0903,8.159966,1.514566,3.081416,4.09434,-1.898805,-3.288118,-3.82665,7300.4346,8.380964,1.749549,3.820661,5.107313,-2.19037,-3.833535,-4.606387,31785.271,18.552757,7.694934,12.122018,14.766519,-9.462412,-15.46722,-16.39775,32188.625,18.507076,7.827806,12.496154,15.293141,-9.875291,-16.41201,-17.483566,137365.62,8.605025,31.729153,52.12167,57.743374,-24.256618,-29.019642,-37.007256,154634.92,9.005049,35.566696,56.215015,58.550953,-27.30799,-32.6223,-42.62641,26415.725,13.890844,5.682757,9.115744,10.453495,-7.090764,-10.560385,-11.461138,19738.166,14.720669,4.288105,6.693602,8.0345,-5.345339,-7.777229,-8.483217,7367.592,7.043721,1.807896,4.628206,6.195903,-2.213564,-4.077387,-4.635057,7924.663,7.065158,1.949868,4.891137,6.587501,-2.295656,-4.101617,-4.601234,32754.37,19.912308,8.299834,12.589756,15.02551,-10.396438,-18.394934,-19.993826,27599.734,19.021004,7.080149,11.518957,13.845268,-8.512906,-14.829263,-15.789195
0.0,10.0,19215.934,2.324563,2.745023,3.136561,4.284729,-2.925765,-3.639363,-5.241522,18614.445,2.197891,2.726622,3.171439,4.148386,-2.6798,-3.260056,-4.659775,3134.837,2.486725,0.46924,0.589409,1.040735,-0.489796,-0.66235,-1.413927,2972.712,2.433618,0.438159,0.564693,1.082007,-0.463001,-0.632077,-1.167177,884.6679,1.962258,0.147662,0.208011,0.615827,-0.174071,-0.27577,-0.759388,1034.7305,2.023323,0.173112,0.243687,0.721778,-0.202311,-0.318838,-0.686112,3779.6565,3.295864,0.603858,0.779156,1.131203,-0.676065,-0.962059,-1.416524,3831.2083,3.244287,0.608558,0.766559,1.15829,-0.679584,-0.980861,-1.478776,16263.424,1.94335,2.411942,2.860306,4.054489,-2.483459,-3.048788,-4.789052,16883.064,1.863592,2.426835,2.865984,4.099995,-2.648239,-3.285097,-5.002822,3262.3042,2.570401,0.497346,0.624985,1.052984,-0.520044,-0.718993,-1.14544,2321.4277,2.67772,0.35159,0.447631,0.873826,-0.399124,-0.559376,-1.385643,1102.9089,1.888276,0.192631,0.336295,0.863948,-0.218996,-0.344407,-0.796802,1248.8002,1.953494,0.21968,0.303785,0.742548,-0.247097,-0.390392,-0.804903,3805.48,3.498515,0.602327,0.77371,1.110296,-0.685913,-0.984019,-1.418575,3367.2925,3.584571,0.543763,0.689947,1.130029,-0.618514,-0.909417,-1.312658
0.0,20.0,32883.004,3.170433,6.095456,7.310294,8.362608,-5.594098,-6.802952,-8.420783,30144.166,2.850458,5.843051,7.109176,8.596317,-4.861143,-5.860124,-7.448155,4908.377,3.020786,0.968947,1.408529,1.852802,-0.87499,-1.177122,-1.637754,4709.8667,2.979676,0.906131,1.343032,1.693271,-0.835099,-1.11358,-1.624033,1356.9656,2.367856,0.315604,0.541848,1.067594,-0.300495,-0.495517,-0.817348,1594.992,2.45414,0.367339,0.628388,0.960756,-0.349929,-0.566681,-0.87068,5811.7173,3.877487,1.291695,2.064391,2.748249,-1.21284,-1.776057,-2.317024,5953.9243,3.85076,1.301869,2.076134,2.441783,-1.235414,-1.769313,-2.242914,27390.953,2.554674,5.340686,6.479975,7.575838,-4.59656,-5.557745,-7.819784,29215.654,2.451388,5.441296,6.553692,7.827768,-5.060147,-6.158622,-8.037795,5105.905,3.123166,1.025189,1.504253,1.992405,-0.924351,-1.237829,-2.238728,3640.826,3.273488,0.745973,1.120553,1.4611,-0.713793,-0.970164,-1.386475,1663.9276,2.249363,0.410417,0.720576,1.213555,-0.370828,-0.58132,-0.913823,1831.5695,2.291314,0.469942,0.824141,1.700153,-0.411867,-0.734017,-1.139115,5916.8594,4.121612,1.296328,2.142126,2.598238,-1.249604,-1.839064,-2.318213,5142.5444,4.162668,1.178426,1.971182,2.337688,-1.108153,-1.691717,-2.043668
0.0,30.0,43266.965,3.913926,9.398593,12.037683,13.085684,-7.667457,-9.490969,-11.714367,39729.188,3.477143,8.961925,11.621226,12.822861,-6.596804,-7.99659,-10.860327,6443.905,3.465936,1.456984,2.24977,2.558698,-1.224018,-1.622567,-2.204065,6005.1626,3.379993,1.374083,2.167292,2.664406,-1.164011,-1.561056,-2.029588,1779.2739,2.699109,0.46635,0.86027,1.165803,-0.409202,-0.631146,-1.014514,2032.1191,2.791889,0.552112,1.094898,1.531278,-0.476585,-0.73246,-1.077391,7659.709,4.501075,1.953513,3.369086,3.829355,-1.672065,-2.411507,-2.860138,7704.764,4.459536,1.993815,3.469397,3.884359,-1.733951,-2.523027,-3.068444,36691.566,3.07802,8.243041,10.647963,12.223264,-6.269857,-7.818096,-10.121054,39036.348,3.009272,8.559259,10.935934,12.084673,-6.987495,-8.610178,-10.823609,6468.587,3.541253,1.548471,2.450447,2.856763,-1.285543,-1.748269,-2.304343,4825.628,3.791361,1.135384,1.814565,2.166354,-0.996665,-1.352169,-1.76913,2090.417,2.522591,0.608058,1.216678,1.691577,-0.500578,-0.799512,-1.111727,2366.1042,2.583515,0.674886,1.327985,1.670503,-0.543606,-0.832495,-1.268265,7628.1973,4.771589,1.992051,3.644461,4.176038,-1.741176,-2.587968,-3.024172,6786.792,4.841435,1.793747,3.280349,3.79746,-1.531074,-2.268613,-2.600453
0.0,40.0,54414.77,4.831144,12.243373,16.423155,17.419533,-9.728384,-11.854558,-15.026192,48644.914,4.071631,11.447072,15.527852,16.465166,-8.228419,-10.003228,-12.897086,8107.9414,4.180808,1.880953,2.967592,3.394825,-1.565701,-2.125941,-2.668672,7596.164,4.093656,1.776889,2.853511,3.242884,-1.485843,-2.013748,-2.490671,2199.3247,3.146971,0.596407,1.110385,1.510262,-0.515024,-0.793251,-2.218555,2515.0896,3.248525,0.707301,1.356001,1.78257,-0.594535,-0.922778,-1.280622,9568.242,5.465356,2.528007,4.451558,4.944523,-2.159408,-3.11945,-3.609431,9685.38,5.42354,2.58765,4.549742,5.052955,-2.209313,-3.254284,-3.859463,45432.4,3.58942,10.595355,14.308173,15.502438,-7.911379,-9.620101,-11.973373,49394.973,3.629783,11.225188,14.91654,16.049562,-8.862916,-10.860892,-13.803303,8141.9326,4.287146,1.995442,3.229865,3.727741,-1.634502,-2.220137,-2.578541,6033.987,4.570528,1.463997,2.35993,2.730968,-1.271065,-1.756981,-2.213975,2566.2866,2.887411,0.773829,1.580279,1.977727,-0.61924,-1.001374,-1.319699,2878.8552,2.963889,0.854209,1.710007,2.137663,-0.67537,-1.05048,-1.525155,9624.958,5.811352,2.598398,4.80127,5.389518,-2.24709,-3.426129,-4.148277,8439.492,5.835998,2.319454,4.374364,5.010584,-1.969146,-2.974929,-3.525162
0.0,50.0,62860.63,5.524128,16.070974,46.575253,77.46057,-11.315554,-13.877874,-17.46814,55301.55,4.531901,14.944965,43.622032,72.31056,-9.451577,-11.549513,-13.993662,9102.121,4.504331,2.669814,5.873641,13.275708,-1.819038,-2.457499,-2.909197,8567.872,4.429242,2.52681,5.239631,13.046477,-1.719385,-2.330386,-2.864457,2462.894,3.39317,0.795577,1.591192,4.091797,-0.589076,-0.942313,-1.272607,2822.7935,3.509165,0.922125,1.86291,4.767055,-0.680243,-1.08479,-1.531561,10782.234,5.930488,3.606641,7.45837,19.947372,-2.506376,-3.723689,-4.338853,10973.307,5.89769,3.674139,7.529486,20.232931,-2.582101,-3.885789,-4.632775,52149.977,4.035748,13.831617,40.372726,67.735535,-9.139896,-11.104365,-14.493189,57188.664,4.10502,14.818256,41.941376,70.62844,-10.287012,-12.545419,-15.383135,9180.928,4.637522,2.836952,5.835976,14.700172,-1.890504,-2.576737,-3.058719,6772.8286,4.935538,2.091399,4.320912,10.609921,-1.468089,-2.011029,-2.366842,2870.6375,3.097308,0.950282,2.002075,2.397687,-0.703522,-1.155167,-1.590141,3185.4336,3.163865,1.05795,2.202767,2.694303,-0.764017,-1.229692,-1.688827,10913.527,6.333783,3.596842,7.085891,18.239489,-2.618283,-4.068376,-4.687308,9494.204,6.324904,3.175883,6.436515,6.187486,-2.269159,-3.503548,-4.476429
0.0,75.0,80987.74,6.935599,19.517199,28.061068,29.728207,-14.897201,-18.187284,-22.533485,69879.516,5.46294,17.831938,26.18802,27.50592,-12.221828,-14.811561,-18.374025,11856.127,5.403587,2.907516,4.694385,5.229959,-2.47839,-3.360951,-4.458411,11093.462,5.3164,2.739015,4.600703,5.212279,-2.341216,-3.19256,-3.638242,3142.9895,4.022581,0.897383,1.804893,2.140253,-0.77218,-1.221405,-1.592017,3597.522,4.197817,1.062041,2.191638,2.693402,-0.893442,-1.436739,-1.87236,14035.736,7.173578,3.975083,7.202722,8.051998,-3.396818,-5.084674,-6.713514,14284.932,7.22068,4.07533,7.430654,8.184775,-3.524663,-5.363292,-6.057381,66880.195,4.909322,16.84553,24.492237,25.890724,-11.983341,-14.612385,-17.478214,73942.57,5.12371,18.211187,25.922087,28.079039,-13.510804,-16.81813,-20.224049,11815.265,5.555236,3.066404,5.15462,5.750316,-2.553703,-3.512756,-3.989283,8772.466,5.905183,2.265198,3.71319,4.542982,-1.978636,-2.705119,-3.158758,3630.8152,3.656782,1.136325,2.589676,3.291366,-0.913349,-1.533752,-1.942859,4003.0967,3.689906,1.240304,2.753879,3.29968,-0.978544,-1.576164,-1.980979,14184.555,7.769246,4.109286,8.038015,9.106136,-3.565275,-5.637375,-6.407169,12278.614,7.638646,3.637371,7.259493,8.262167,-3.050804,-4.786593,-5.172393
0.0,100.0,96036.3,8.006651,23.682943,34.96622,36.889725,-17.751205,-21.494825,-25.532179,82189.73,6.405766,21.445736,32.554714,34.085342,-14.403551,-17.32647,-21.052088,14768.599,6.611514,3.624372,5.8722,6.38109,-3.220901,-4.414435,-5.198676,13788.877,6.429668,3.411673,5.681191,6.253873,-3.003047,-4.154938,-4.777164,3810.3435,4.667867,1.100277,2.234421,2.698322,-0.968746,-1.540818,-2.121905,4339.806,4.802398,1.288814,2.634541,3.601399,-1.110938,-1.78233,-2.159066,17408.75,8.783556,4.984293,8.903882,10.741211,-4.389578,-6.710807,-8.478123,17730.064,8.740838,5.092144,9.054402,10.354323,-4.539614,-7.056682,-7.789281,79445.74,5.75583,20.453686,30.787022,32.319115,-14.257717,-17.341566,-22.399706,87602.58,5.833131,22.139486,32.345547,34.210022,-16.098389,-19.60341,-31.398825,14633.121,6.702788,3.818025,6.355238,7.094731,-3.263336,-4.531681,-5.253622,10839.453,7.186536,2.823927,4.594725,5.2889,-2.527937,-3.502988,-4.065694,4356.412,4.136465,1.368267,3.117056,3.862742,-1.12736,-1.880453,-2.338935,4789.9126,4.206572,1.507214,3.415797,4.22215,-1.210455,-1.999626,-2.388041,17670.572,9.427121,5.163139,9.937149,11.181181,-4.607111,-7.393404,-7.944628,15137.076,9.269818,4.546974,9.029301,10.346837,-3.908493,-6.225155,-6.907107
0.0,125.0,108316.92,8.842172,26.532602,38.720715,40.272987,-20.04477,-24.14453,-30.097628,92003.8,7.069382,23.790855,35.771507,37.18425,-16.207758,-19.61001,-24.358564,17186.46,7.40394,4.04626,6.234554,6.912819,-3.919755,-5.479878,-7.230333,15924.703,7.130427,3.79923,6.125531,6.926125,-3.630362,-5.088056,-5.66214,4351.537,5.159423,1.194562,2.471074,3.096389,-1.15231,-1.874509,-2.348837,4938.933,5.32045,1.400561,2.993813,3.845114,-1.316179,-2.185852,-2.448946,20220.428,9.839498,5.568611,9.788507,11.087774,-5.314366,-8.36245,-9.05419,20499.049,9.737775,5.727618,10.027474,11.326816,-5.491891,-8.741459,-9.406603,89405.44,6.369544,22.765913,33.888927,35.613834,-16.142324,-19.655563,-28.588116,98824.13,6.407443,24.791414,36.014977,37.956585,-18.18583,-22.038227,-27.076126,16851.395,7.416822,4.234565,6.765753,7.437884,-3.936538,-5.567565,-6.288277,12529.593,8.00512,3.134889,4.925396,5.585232,-3.03514,-4.271899,-4.980719,4940.225,4.55247,1.466448,3.593757,4.51974,-1.328783,-2.310445,-2.742859,5433.457,4.631115,1.605806,3.88982,4.856697,-1.421881,-2.401842,-2.796424,20432.568,10.50575,5.841096,10.967177,12.573105,-5.582077,-9.19721,-9.970943,17508.457,10.360812,5.085548,10.075557,11.63743,-4.708069,-7.709489,-8.359339
0.0,150.0,119753.555,9.742856,28.99206,42.012787,44.167244,-22.156042,-26.817867,-32.11383,100682.97,7.604555,25.836332,38.87673,40.83509,-17.777681,-21.773138,-28.322826,19794.268,8.848127,4.574628,6.906832,7.67252,-4.60868,-6.503701,-7.508019,18306.025,8.47385,4.256267,6.89876,7.820073,-4.254897,-6.055028,-6.666907,4889.9526,5.828503,1.308678,2.702704,3.330945,-1.314089,-2.18929,-2.704799,5549.478,5.985513,1.525795,3.28432,4.114846,-1.506662,-2.547267,-3.082121,23110.99,11.675357,6.298862,10.753747,12.320173,-6.203838,-9.919856,-10.552986,23520.764,11.620237,6.436078,10.955843,12.434738,-6.439042,-10.430958,-17.318274,98369.64,6.904228,24.797598,36.78666,38.624016,-17.760923,-21.730837,-27.656004,109191.24,7.031051,27.195383,38.97308,40.460815,-20.086155,-24.418701,-30.967487,19292.092,8.795981,4.737681,7.613461,8.50313,-4.595343,-6.580798,-7.095433,14290.654,9.448512,3.525337,5.499869,6.34838,-3.524839,-5.026511,-5.736321,5543.5215,5.06575,1.590712,3.960405,5.023277,-1.515698,-2.701257,-3.232607,6045.72,5.135112,1.737916,4.271477,5.419634,-1.609868,-2.825854,-3.211775,23410.084,12.482303,6.564687,11.763536,13.515414,-6.564088,-11.061059,-11.916659,19889.309,12.138141,5.695968,10.85891,12.654752,-5.475543,-9.110536,-11.960023
0.0,175.0,130460.055,10.563979,31.545006,45.420692,47.613647,-23.977966,-28.665485,-37.22978,109338.57,8.169414,28.00016,42.058464,43.996197,-19.277063,-23.363865,-30.916225,22069.602,9.794713,5.019176,7.364539,8.121592,-5.265534,-7.477602,-8.401164,20204.89,9.341685,4.666456,7.442394,8.430424,-4.843768,-6.970468,-7.44791,5349.0625,6.279786,1.403308,2.895475,3.704098,-1.46626,-2.452593,-2.993318,6023.634,6.451817,1.646883,3.555633,4.459833,-1.691546,-2.887796,-3.356456,25693.895,12.897554,6.898357,11.455673,13.203614,-7.066124,-11.341736,-12.165174,25992.656,12.816593,7.070638,11.764774,13.599332,-7.36439,-12.142616,-12.966777,107065.1,7.398516,26.852512,39.78721,41.56947,-19.278397,-23.168957,-29.828922,118992.8,7.574763,29.649418,42.320442,44.736515,-21.731346,-26.272669,-33.80458,21221.693,9.663345,5.175998,8.196774,9.321981,-5.220024,-7.585058,-8.591966,15832.007,10.36837,3.845332,5.859722,6.862331,-3.980885,-5.725591,-6.975884,6009.283,5.418927,1.701408,4.287284,5.69017,-1.691043,-3.081762,-3.734851,6571.993,5.477379,1.846608,4.574899,5.85924,-1.779899,-3.076734,-3.623277,25847.025,13.76314,7.244762,12.625275,14.576548,-7.527799,-12.891871,-13.829654,22025.416,13.353138,6.249144,11.631795,13.655796,-6.228655,-10.505116,-11.318308
0.0,200.0,141438.27,11.40757,33.346527,49.85631,51.859505,-25.7111,-30.903234,-41.499374,117536.57,8.625494,29.33946,45.989975,48.310226,-20.581644,-24.55425,-31.911913,23831.389,10.994919,5.141272,7.813994,8.809014,-5.936131,-8.644484,-9.279269,21849.861,10.497683,4.753492,7.878514,8.946853,-5.441983,-7.957308,-8.639472,5700.4873,6.804868,1.409403,3.005098,4.104561,-1.628864,-2.749372,-3.289094,6444.285,7.008855,1.640867,3.707039,4.631853,-1.867839,-3.23259,-3.631956,27704.352,14.448292,7.078955,11.874019,13.923916,-7.925543,-12.893782,-13.755273,28153.238,14.450757,7.237192,12.16223,14.33872,-8.252457,-13.690668,-14.768966,115266.83,7.82473,28.024328,42.484196,44.746704,-20.635721,-24.818808,-31.670815,129054.76,8.185551,31.213137,45.2754,47.20852,-23.250408,-27.87517,-38.028534,22885.965,10.842485,5.250363,8.685352,9.781011,-5.843819,-8.614314,-9.335584,16998.793,11.506828,3.919263,6.280781,7.28554,-4.445584,-6.497561,-6.868369,6429.2837,5.822897,1.68388,4.523647,5.896423,-1.883028,-3.438522,-3.913319,6975.7383,5.867076,1.827244,4.802744,6.195139,-1.98232,-3.490921,-4.124357,28019.559,15.510209,7.428985,12.79468,15.068338,-8.469126,-14.735921,-15.519669,23699.59,14.872124,6.386723,11.780716,13.98377,-6.997969,-11.979496,-12.676226
0.0,225.0,150311.0,11.746569,35.598442,51.806004,54.10027,-27.122515,-32.29294,-46.28125,124663.68,9.070799,31.182173,47.591785,50.38969,-21.739473,-26.08248,-38.221817,25702.332,12.25045,5.668989,8.158151,9.224327,-6.555544,-9.575824,-10.71734,23453.686,11.488568,5.244514,8.122638,9.332018,-6.020483,-8.923488,-9.569578,6039.249,7.322554,1.548109,3.122373,3.96144,-1.754262,-3.010624,-3.497446,6821.5957,7.514249,1.791076,3.80185,4.797412,-2.024893,-3.576395,-4.148504,29753.44,15.962556,7.865107,12.296179,14.395245,-8.687056,-14.376692,-15.419946,30207.791,15.897417,8.017607,12.510007,14.715818,-9.102496,-15.347395,-16.418139,122638.1,8.309353,30.029636,45.124386,46.546074,-21.783367,-26.185892,-35.013428,136998.86,8.397993,33.32459,47.31078,49.614357,-24.475351,-29.456886,-41.842033,24511.291,11.85958,5.789434,8.943484,10.120858,-6.446499,-9.768033,-10.231291,18217.45,12.687971,4.325034,6.505044,7.61891,-4.854178,-7.133707,-7.766205,6806.148,6.215744,1.843551,4.658789,6.141848,-2.0293,-3.81011,-4.346978,7367.994,6.270228,2.009655,5.003983,6.536762,-2.117358,-3.790721,-4.45964,30006.045,16.97594,8.265796,13.207111,15.504416,-9.359993,-16.56418,-17.741766,25384.314,16.384026,7.101183,12.24976,14.414306,-7.688129,-13.370668,-14.151431
0.0,250.0,158795.11,12.29247,36.946053,55.592663,58.134266,-28.436178,-33.872555,-48.224724,130794.49,9.330509,32.172577,50.568962,52.742966,-22.829216,-27.646385,-36.657673,28207.643,13.592591,5.951509,8.512808,9.794142,-7.290956,-10.547812,-11.282651,25599.164,12.743582,5.475778,8.504778,9.894777,-6.669252,-9.832109,-10.808433,6520.5728,7.95569,1.597624,3.188442,4.103943,-1.910283,-3.220489,-3.715374,7324.13,8.10039,1.83954,3.937745,5.05105,-2.200468,-3.922437,-4.337403,32497.8,17.639301,8.238837,12.465951,14.853068,-9.582422,-15.598311,-16.566124,32873.86,17.580505,8.397022,12.770441,15.5941,-10.044903,-16.972952,-18.033524,129171.48,8.543023,30.796907,46.51179,48.336357,-22.918545,-27.489702,-38.644886,144775.05,8.829653,34.438557,49.521553,51.46258,-25.718212,-30.478865,-45.41996,26675.795,13.13651,6.014497,9.341864,10.645544,-7.123225,-10.635635,-11.54367,19869.408,13.942453,4.509621,6.820584,8.144605,-5.351068,-7.772924,-8.439374,7303.8105,6.671133,1.890354,4.771924,6.401845,-2.198279,-4.189196,-4.791103,7924.135,6.748751,2.059835,5.051549,6.7536,-2.281448,-4.051311,-4.667106,32699.762,18.758633,8.68728,13.261295,15.563303,-10.349645,-18.696238,-19.493608,27671.629,18.004263,7.438014,12.240239,14.434787,-8.462583,-14.716562,-15.650634
0.0,275.0,167274.25,12.940961,37.469707,57.75434,60.563858,-30.08117,-36.71578,-48.835022,137638.53,9.901683,32.758484,52.734924,55.08026,-23.875412,-28.746098,-38.205685,29201.746,15.520821,6.08315,8.54313,9.731027,-7.507423,-10.962474,-11.996087,26528.271,14.430625,5.591297,8.452722,9.73981,-6.862509,-10.120535,-10.789208,6680.681,8.429407,1.622877,3.17194,4.519564,-1.948967,-3.300248,-3.736355,7518.9355,8.595837,1.874514,3.875002,4.868106,-2.239043,-3.945127,-4.395472,33645.17,20.319115,8.445649,12.459929,14.871746,-9.858119,-16.101658,-17.176138,34003.77,20.04474,8.630153,12.642624,15.187148,-10.278894,-17.127796,-18.266775,136182.75,9.049647,31.371317,47.929127,50.937874,-24.073334,-29.024881,-39.163895,152552.81,9.18738,35.04111,51.530804,53.839283,-27.166685,-32.573788,-46.346672,27589.295,14.823797,6.134275,9.246484,10.642059,-7.298854,-10.897645,-11.613262,20520.695,15.785424,4.60621,6.824909,8.258173,-5.482933,-8.018033,-8.554971,7523.025,7.03001,1.933994,4.686154,6.291561,-2.243474,-4.161443,-4.6145,8136.188,7.144725,2.101781,4.992797,6.544436,-2.335263,-4.154575,-4.627026,33862.938,21.630083,8.905271,13.052902,15.656419,-10.631008,-18.761717,-19.890276,28613.791,20.893362,7.586379,12.112148,14.343233,-8.712614,-15.100937,-16.061261
1.0,10.0,3115.2188,1.144049,0.725879,0.892731,2.28928,-0.653573,-0.880368,-2.250219,3141.836,1.143472,0.684645,0.869567,2.017089,-0.578139,-0.798202,-2.011773,4323.202,3.383513,0.662719,0.793653,1.543981,-0.695214,-1.048555,-1.743617,4045.1616,3.312601,0.615651,0.742646,1.095635,-0.658878,-0.943849,-1.323416,646.8947,1.604309,0.12503,0.1714,0.60186,-0.144453,-0.25199,-0.556112,745.5759,1.666915,0.144667,0.219477,0.69114,-0.165647,-0.274366,-0.728208,4243.155,4.145931,0.723003,0.866866,1.277334,-0.811959,-1.202318,-1.789073,4272.6226,4.219215,0.72387,0.886142,1.307875,-0.833298,-1.238859,-1.5847,3013.9883,1.160441,0.630052,0.80486,2.152615,-0.555696,-0.874482,-2.013496,2685.8652,1.139928,0.609525,0.799842,2.219862,-0.513347,-0.753031,-1.906647,4387.9717,3.388352,0.671741,0.811243,1.161583,-0.712047,-0.987976,-1.481848,2825.1401,3.367511,0.454819,0.572504,1.378579,-0.498622,-0.713742,-0.968787,728.5904,1.644178,0.144673,0.209313,1.560374,-0.164896,-0.279549,-0.683613,908.8643,1.731024,0.178005,0.246167,0.923906,-0.19755,-0.316453,-0.831943,4717.8945,4.688191,0.789802,0.979917,1.412198,-0.91387,-1.388484,-1.784168,3968.7595,4.512079,0.677803,0.829486,1.195833,-0.764849,-1.163802,-1.468700
1.0,50.0,9056.404,1.428937,2.588769,3.392774,4.306132,-1.865373,-2.373295,-3.354903,8520.174,1.388514,2.335484,3.063151,4.058828,-1.711644,-2.170848,-3.242873,13104.097,7.277147,3.176058,4.369131,4.749466,-2.917124,-4.170908,-4.731144,12184.685,7.093771,2.929176,4.065813,4.500087,-2.732807,-3.933304,-4.48882,1990.2982,2.830916,0.560703,0.88361,1.242983,-0.521488,-0.845745,-1.228657,2260.6682,2.97269,0.652377,1.091344,1.443341,-0.610829,-1.048323,-1.292756,12715.352,8.928078,3.509593,5.190291,5.655797,-3.266723,-5.08462,-5.594632,12909.438,9.143526,3.572982,5.450157,6.166122,-3.396415,-5.489348,-6.24261,8627.57,1.460156,2.298012,3.006601,4.181865,-1.731014,-2.212572,-3.386127,7412.715,1.392221,2.056549,2.840912,3.638681,-1.461507,-1.863329,-3.687657,13152.006,7.211431,3.193398,4.400511,4.876678,-2.949629,-4.252248,-4.816926,8541.495,7.265501,2.103707,2.927536,3.328059,-2.002209,-2.850905,-3.432855,2173.2373,2.875196,0.637683,1.128929,1.469001,-0.593501,-1.067354,-1.38708,2640.6902,3.063679,0.753474,1.233114,1.652711,-0.688824,-1.088053,-1.543262,14286.218,10.073236,4.052377,6.12393,6.649247,-3.807336,-6.417218,-7.028767,11744.576,9.472424,3.31041,5.012727,5.56401,-3.04912,-4.741565,-5.263950
1.0,100.0,-518.4101,0.975693,3.553487,4.982443,6.105124,-0.029429,-0.26139,-2.523801,-40.1308,0.998182,3.2848,4.478893,6.269287,-0.030983,-0.330941,-1.431367,185.4209,1.082758,5.965761,9.345064,10.005833,-0.02912,-0.163975,-0.575392,166.7058,1.077721,5.531181,8.839491,9.389405,-0.023195,-0.119072,-0.61439,0.6032,1.000542,0.988494,1.766269,2.145798,-0.009882,-0.098356,-0.506055,3.2514,1.002773,1.180731,2.169775,2.795033,-0.011031,-0.102788,-0.529606,112.4736,1.064808,6.711698,11.073098,11.763556,-0.019469,-0.096104,-0.563595,114.5823,1.066815,7.014609,11.836393,12.810633,-0.019538,-0.123167,-0.48768,-69.8672,0.996332,3.378183,4.620464,5.400408,-0.027634,-0.226353,-1.763622,-446.7304,0.976889,2.828567,3.800454,4.479602,-0.04827,-0.456331,-1.685202,165.5896,1.073316,6.046471,9.443456,9.913065,-0.02225,-0.133681,-0.972217,93.0062,1.063354,3.926317,6.123409,6.522851,-0.017038,-0.122852,-0.622988,1.8327,1.001548,1.154438,2.219856,2.845502,-0.012079,-0.119042,-0.976133,14.8005,1.011301,1.314624,2.399152,3.025287,-0.01151,-0.090792,-0.71949,138.4607,1.080908,8.094369,13.887499,14.825709,-0.022472,-0.136892,-0.372947,114.5632,1.076385,6.370201,10.859625,11.871335,-0.016275,-0.062814,-0.528959
1.0,100.0,11840.934,1.570923,3.078159,4.1672,4.810006,-2.412149,-2.969277,-4.085392,11270.494,1.513499,2.760452,3.860618,6.427276,-2.266611,-2.796435,-3.873928,19936.203,9.988898,5.565531,8.652145,9.19273,-4.840228,-6.946785,-7.541631,18298.31,9.653647,5.137007,8.275946,9.03964,-4.457584,-6.460786,-7.001097,2834.205,3.572164,0.895545,1.73939,2.165162,-0.778953,-1.236122,-1.584968,3216.0088,3.770115,1.054812,2.187685,2.734568,-0.90824,-1.481142,-1.949535,18588.87,11.842405,6.182563,10.71646,11.926585,-5.067001,-7.781595,-8.315705,18874.92,12.194009,6.421936,11.61442,13.376838,-5.245488,-8.33834,-8.976694,11478.748,1.606751,2.846398,3.776805,4.607948,-2.291417,-2.856741,-3.734097,9587.674,1.509129,2.334483,3.110747,3.997602,-1.844414,-2.27731,-3.335823,19900.48,9.9915,5.583998,8.745336,9.387636,-4.873611,-7.078385,-7.860146,12864.085,9.858237,3.677908,5.754964,6.298603,-3.243453,-4.683117,-5.221767,3073.3054,3.61564,1.028086,2.318225,2.767312,-0.881566,-1.506382,-1.826682,3699.1553,3.835671,1.194412,2.423496,3.054797,-1.014298,-1.603026,-2.0045,20798.72,13.367539,7.317229,13.352479,14.496068,-5.841395,-10.102973,-11.141285,17052.17,12.484829,5.866178,10.628155,11.654879,-4.665714,-7.480605,-8.019985
1.0,200.0,13599.617,1.589595,3.995321,6.187752,7.275471,-3.043441,-3.678293,-5.029004,14566.15,1.629697,3.704878,5.482704,6.465528,-3.018466,-3.78223,-5.1677,32590.182,16.591866,8.250844,13.419895,14.344594,-8.58611,-12.533508,-13.335736,29601.576,15.561237,7.609507,13.089466,14.594686,-7.885902,-11.73227,-12.586488,4388.9785,5.031573,1.220946,2.802131,3.472193,-1.286002,-2.078712,-2.608872,4964.3315,5.262633,1.448429,3.476263,4.342143,-1.510576,-2.600402,-3.032917,29235.459,19.065313,8.958003,17.18492,19.384617,-8.443743,-13.268526,-14.129895,29720.28,19.096554,9.377578,18.518286,20.56009,-8.849467,-14.594166,-15.563236,14698.986,1.726958,3.756449,5.139952,6.205616,-3.111608,-3.766797,-5.041569,10741.584,1.509702,3.015473,4.171778,5.292023,-2.469228,-3.09414,-3.836609,33068.684,16.493355,8.415393,13.98964,15.052438,-8.876801,-13.213448,-14.48197,21358.01,16.47338,5.463761,9.052317,9.842958,-5.757556,-8.424376,-9.134358,4741.579,5.018095,1.402588,3.668575,4.5643,-1.471223,-2.634461,-3.22322,5660.0117,5.429705,1.598382,4.038693,5.14548,-1.647795,-2.729928,-3.151851,32809.402,21.066404,10.771406,21.098526,23.27747,-9.961185,-18.195387,-20.04844,26881.504,20.0864,8.608974,16.683361,18.405247,-7.78753,-12.765952,-13.719466
1.0,250.0,17165.783,1.762422,4.380791,7.159065,8.179185,-3.167551,-3.777715,-4.808377,17217.648,1.760757,4.087831,6.420112,7.58248,-3.214533,-3.856067,-5.049094,37430.066,19.3972,9.112958,14.869179,16.016369,-10.255073,-15.079858,-15.936015,34306.84,18.426353,8.395619,14.554087,15.882365,-9.406205,-14.073719,-14.99653,4927.385,5.649754,1.316864,3.02414,3.706614,-1.505924,-2.45758,-2.919713,5640.95,6.025003,1.560436,3.837263,4.861154,-1.757671,-2.976855,-3.325343,32963.812,22.246717,9.803137,18.95939,21.353088,-9.875476,-15.497155,-16.38043,33813.965,22.591915,10.224322,20.754683,23.425247,-10.287791,-16.503502,-17.671,17590.06,1.893035,4.105134,6.127207,7.049317,-3.328737,-4.068746,-5.082682,14504.416,1.716123,3.263875,4.813145,5.835188,-2.622879,-3.19174,-4.260553,38788.176,19.637674,9.421584,16.066994,17.51368,-10.715081,-16.015247,-17.309317,24818.803,19.383846,6.100459,10.227729,11.305623,-6.913548,-10.206009,-10.928642,5392.1265,5.733623,1.504076,4.057941,5.253256,-1.716732,-3.024023,-4.172054,6300.547,6.061838,1.714455,4.357391,5.496947,-1.922515,-3.243008,-3.670429,37458.5,25.069597,11.69392,23.021366,25.766665,-11.596947,-21.050758,-23.044218,30483.574,23.402258,9.463145,17.926813,19.787952,-9.144154,-15.266672,-16.491284
1.0,10.0,2500.0938,1.110661,0.383144,0.561727,2.486117,-0.427099,-0.706899,-1.796507,1924.2637,1.084095,0.309574,0.507773,2.178053,-0.381551,-0.599629,-1.809894,4047.4033,3.087967,0.63437,0.795477,1.276153,-0.698828,-1.004038,-1.87802,3836.9604,3.04464,0.596394,0.756194,1.192493,-0.657696,-0.898648,-1.351515,588.2518,1.567447,0.121279,0.201178,0.709917,-0.132815,-0.217922,-0.565909,675.2083,1.612892,0.137237,0.272323,0.635742,-0.151438,-0.357882,-0.645212,3975.791,3.686281,0.721479,0.989913,1.286762,-0.806735,-1.171793,-1.663731,4042.6475,3.716482,0.730442,0.968402,1.335802,-0.819159,-1.186483,-1.492685,1806.8965,1.090259,0.304899,0.644045,1.557402,-0.370124,-0.565842,-2.729465,1921.8632,1.093443,0.279722,0.409761,2.131094,-0.308059,-0.501223,-1.676356,4282.487,3.148289,0.670545,0.868307,1.22809,-0.734131,-0.987647,-1.691606,2855.817,3.183272,0.484429,0.647783,1.025362,-0.529695,-0.733674,-1.164379,668.9751,1.596999,0.141222,0.210359,0.649839,-0.154056,-0.272589,-0.767149,807.4598,1.659928,0.167679,0.274872,0.691693,-0.180428,-0.295552,-0.785067,4314.279,3.921333,0.75738,0.992601,1.377038,-0.871315,-1.309372,-1.807963,3668.1162,3.822223,0.672781,0.921624,1.427403,-0.750537,-1.104477,-1.612768
1.0,50.0,8762.287,1.376022,1.902307,2.697927,3.636703,-1.564682,-2.041144,-3.37919,7626.1094,1.330901,1.722582,2.387214,3.244164,-1.458565,-1.904819,-3.106388,12543.474,7.737678,3.292077,4.945008,5.383946,-2.724474,-3.832499,-4.57406,11807.206,7.500715,3.04918,4.654619,5.067926,-2.563659,-3.635968,-4.186609,1806.0391,2.746507,0.572368,1.004014,1.565112,-0.463021,-0.748866,-1.107183,2071.968,2.881429,0.664893,1.221736,1.619269,-0.538006,-0.896869,-1.162209,12011.257,9.128478,3.705171,5.939828,6.376917,-3.013545,-4.683403,-5.504891,12269.053,9.287302,3.770917,6.259976,6.838636,-3.104932,-4.884216,-5.692291,7507.59,1.375737,1.726024,2.34259,3.282703,-1.443676,-1.860553,-2.894271,6790.957,1.328503,1.415896,1.93934,2.958702,-1.15982,-1.512541,-2.439131,13306.289,7.880061,3.494521,5.279665,5.686048,-2.896425,-4.062701,-4.566301,8573.788,7.650796,2.341104,3.608292,3.945959,-1.963449,-2.77201,-3.2027,2002.2784,2.788135,0.662326,1.269237,1.726309,-0.527592,-0.936065,-1.315487,2378.993,2.944324,0.767953,1.39024,1.844485,-0.609312,-1.0112,-1.454132,13282.07,10.071314,4.130177,6.843569,7.372435,-3.404036,-5.560733,-6.156102,10959.911,9.47174,3.44761,5.731027,6.519315,-2.786693,-4.41599,-4.939460
1.0,100.0,11700.588,1.472016,2.916336,4.678075,5.767297,-2.292016,-2.854421,-4.285434,11034.428,1.475842,2.585525,3.869798,4.91969,-2.208238,-2.729611,-3.998822,19808.668,11.167711,5.028579,8.73321,9.443052,-4.74386,-6.878394,-7.549295,18666.514,10.696875,4.683896,8.188274,8.895078,-4.405238,-6.38175,-7.149494,2766.141,3.64402,0.831989,1.829341,2.270665,-0.757232,-1.258605,-1.776422,3223.0986,3.854767,0.978618,2.136669,2.664954,-0.876327,-1.415216,-2.968164,18488.773,13.070376,5.745393,11.198712,12.075328,-4.989694,-7.888569,-8.71574,19181.76,13.130308,5.938027,11.553753,12.6459,-5.127801,-7.942336,-8.750787,10887.383,1.541662,2.598508,3.775209,4.661434,-2.231237,-2.77127,-3.717695,9173.875,1.40983,2.116972,3.227392,4.411916,-1.754879,-2.177576,-3.353427,21223.035,11.312785,5.395773,9.292672,9.907693,-5.026619,-7.176866,-7.963122,13314.969,11.025878,3.514102,6.367765,6.994987,-3.320117,-4.86123,-5.307934,3105.562,3.705182,0.967665,2.282347,2.828505,-0.85819,-1.45079,-1.809374,3584.7312,3.931234,1.11442,2.596631,3.316916,-0.98573,-1.667827,-2.115456,21167.697,14.447415,6.641692,12.671451,14.029101,-5.692475,-9.229302,-10.041817,16965.416,13.696652,5.401034,10.595161,11.816688,-4.617763,-7.495574,-8.263003
1.0,150.0,13078.871,1.508245,3.469116,5.441586,6.649036,-2.690999,-3.287722,-4.68285,13175.717,1.556525,3.241236,4.451709,5.437369,-2.659843,-3.226339,-4.290657,26569.166,14.483181,7.001501,11.313479,12.042826,-6.682322,-9.756248,-10.397862,24799.885,13.640632,6.492935,10.509382,11.190379,-6.15244,-8.882538,-9.638657,3641.0232,4.467109,1.068175,2.427603,2.954389,-1.027948,-1.73774,-2.07302,4222.622,4.720128,1.261236,2.805131,3.389724,-1.192131,-1.977727,-2.437688,24293.018,16.770468,7.781008,14.672732,16.269547,-6.822614,-11.02356,-11.912782,25184.586,16.726336,8.124215,15.08703,16.763035,-7.029722,-11.19096,-11.877386,13447.391,1.661593,3.303273,4.373092,4.963179,-2.719465,-3.317751,-4.284697,10429.959,1.449984,2.579463,3.629694,4.587167,-2.11095,-2.594782,-3.609538,28343.324,14.503165,7.465119,11.78422,12.503336,-7.05226,-10.206447,-10.984366,17726.516,14.287043,4.798204,8.132413,8.942386,-4.592042,-6.753934,-7.308596,4056.277,4.514122,1.220351,3.002798,3.670613,-1.160679,-2.041724,-2.380384,4669.4565,4.813099,1.406875,3.462453,4.318422,-1.322023,-2.330175,-2.94286,27885.656,18.398718,9.314133,17.161394,18.614883,-7.883714,-13.373644,-14.481652,22344.822,17.6599,7.443624,14.330791,15.709908,-6.362538,-10.9359,-11.847542
1.0,200.0,14586.836,1.569228,4.00026,6.644695,7.889903,-2.940641,-3.570339,-4.788019,15081.525,1.646,3.691921,5.348634,6.189634,-2.959048,-3.560734,-5.864089,32398.322,17.373459,8.083198,13.612476,14.602113,-8.466326,-12.614157,-13.560482,30197.037,16.336939,7.477667,12.570038,13.47208,-7.747596,-11.361521,-13.172317,4330.64,5.128475,1.21153,2.91013,3.553217,-1.266645,-2.199779,-2.780626,5030.036,5.393929,1.427728,3.366374,4.058253,-1.463973,-2.582795,-3.041051,29088.264,20.038649,8.964663,17.72448,19.756903,-8.401554,-13.960775,-15.004463,30240.023,19.984373,9.313165,18.14185,20.191086,-8.651745,-14.035917,-14.823429,15470.967,1.773039,3.7399,5.170653,5.855138,-3.062127,-3.986813,-4.567761,11896.855,1.513747,2.919265,4.492754,5.751835,-2.372983,-2.886667,-3.852426,34699.777,17.432508,8.610341,14.220267,14.976464,-8.927404,-13.005487,-14.061999,21614.994,17.224562,5.531311,9.876861,11.007402,-5.786676,-8.686298,-10.91522,4832.3486,5.165262,1.388227,3.639462,4.543003,-1.427228,-2.601034,-3.036526,5516.222,5.493282,1.595989,4.187036,5.170295,-1.621288,-2.984576,-3.452962,33547.355,21.977097,10.686726,20.384096,22.204918,-9.778887,-16.626307,-18.084942,26829.74,21.110434,8.598359,17.009579,18.825726,-7.888972,-13.6117,-14.979553
1.0,250.0,15687.602,1.614901,4.452284,7.596702,8.649012,-3.148958,-3.687689,-5.04116,16607.105,1.718371,4.04748,6.075954,7.139737,-3.199609,-3.82446,-4.866796,38233.547,20.320183,8.928776,15.427578,16.965677,-10.336569,-15.309862,-16.448544,35513.402,19.05206,8.268494,14.205495,15.293624,-9.41724,-13.766196,-14.673517,5011.616,5.731906,1.319058,3.269194,4.344852,-1.519497,-2.537514,-3.152741,5808.8247,6.049251,1.558151,3.803716,4.687938,-1.751394,-2.901549,-3.431519,33755.406,23.193838,9.809902,20.042816,22.475163,-9.979872,-15.941042,-16.979158,35033.07,23.081285,10.214317,20.479984,22.93585,-10.240242,-16.11643,-17.159048,17159.705,1.867193,4.078374,5.933733,6.735533,-3.326615,-4.000803,-5.054238,12989.422,1.561925,3.240403,5.244945,6.332752,-2.577307,-3.082907,-5.154013,40983.742,20.382053,9.540653,16.03452,17.267637,-10.902366,-15.905262,-17.019522,25606.795,20.226906,6.117952,11.298505,12.5793,-7.054933,-10.53694,-11.13872,5574.8003,5.768531,1.514215,4.062812,5.638985,-1.714844,-2.965567,-3.401548,6358.516,6.142394,1.733987,4.676558,5.834824,-1.940843,-3.357309,-3.792959,38871.188,25.466742,11.715267,22.46815,24.67436,-11.521379,-19.908094,-21.751265,31163.459,24.446959,9.429338,18.829756,20.809086,-9.310764,-16.332123,-17.795932
1.0,10.0,2382.6875,1.108148,0.441225,0.620207,2.342228,-0.454608,-0.65753,-2.052153,2140.916,1.103204,0.384342,0.53613,2.310574,-0.440073,-0.75758,-2.337204,4613.0493,4.206212,0.669109,0.800148,1.220946,-0.706968,-0.942769,-1.377539,4350.957,4.045217,0.621671,0.742577,1.129067,-0.665376,-0.902256,-1.315843,693.7398,1.682494,0.130679,0.18764,0.860113,-0.14503,-0.253385,-0.66851,805.7653,1.742743,0.15158,0.254293,0.696742,-0.169431,-0.287342,-0.760458,4439.016,5.071548,0.721024,0.878765,1.198997,-0.822375,-1.226149,-1.993024,4574.529,5.083814,0.740966,0.881035,1.156296,-0.847618,-1.243489,-1.785516,2202.6816,1.122477,0.376696,0.526702,1.849519,-0.417795,-0.586478,-1.865763,1832.4473,1.090666,0.326777,0.481438,1.905952,-0.335631,-0.500605,-2.334829,5072.712,4.314524,0.741519,0.877541,1.568346,-0.772051,-1.038807,-1.502954,3201.9944,4.169168,0.495799,0.606373,0.918815,-0.542135,-0.746272,-1.214744,795.4548,1.720729,0.152321,0.271733,0.984016,-0.17088,-0.28195,-0.716351,962.0842,1.820517,0.178312,0.30112,0.701714,-0.195849,-0.340567,-0.882359,4977.795,5.596935,0.796595,0.953899,1.349595,-0.916498,-1.378839,-2.325865,4148.7085,5.514478,0.67166,0.818093,1.209134,-0.769831,-1.154161,-1.533679
1.0,50.0,8100.883,1.369479,1.990999,2.733511,3.630374,-1.621131,-2.081185,-3.495362,7744.4355,1.375848,1.8234,2.445741,3.847141,-1.512857,-1.925559,-2.76193,12641.332,7.986169,3.297353,4.877375,5.305511,-2.706463,-3.812612,-4.421682,11917.442,7.709493,3.051822,4.517491,5.038588,-2.532364,-3.536605,-4.059967,1858.859,2.738757,0.601956,1.040533,1.439283,-0.476873,-0.777949,-1.093928,2164.9746,2.900918,0.703601,1.193898,1.530436,-0.555192,-0.90371,-1.250669,12123.49,9.454974,3.68357,5.790709,6.278972,-3.01189,-4.708836,-5.447628,12578.591,9.588346,3.813343,5.997483,6.523374,-3.125801,-4.837806,-5.305471,7755.633,1.434304,1.849788,2.408921,3.179512,-1.530541,-1.936922,-2.907282,6068.551,1.301498,1.453143,1.945022,2.968595,-1.195988,-1.557624,-2.513813,13825.798,8.120493,3.633254,5.369379,5.950981,-2.938154,-4.083422,-4.630037,8710.091,7.966541,2.355511,3.561052,3.986615,-1.972688,-2.785449,-3.14355,2093.0288,2.801576,0.698024,1.242106,1.717731,-0.542722,-0.928445,-1.250861,2453.3052,2.962213,0.812214,1.41724,1.828816,-0.628825,-1.064623,-1.468797,13767.748,10.382453,4.284121,6.637183,7.061177,-3.457855,-5.592938,-6.206766,11217.36,9.966007,3.500982,5.582239,6.125912,-2.840364,-4.586015,-5.202862
1.0,100.0,11839.779,1.542422,3.030708,4.240349,5.100687,-2.363224,-2.927259,-4.056444,11863.092,1.584723,2.815407,3.966568,4.635423,-2.275877,-2.878219,-4.09775,20292.129,11.45325,5.635704,8.885925,9.395285,-4.794235,-6.859106,-7.665014,18915.426,10.922667,5.212496,8.238709,8.799019,-4.44949,-6.334362,-6.799254,2862.885,3.664486,0.925426,1.850453,2.332261,-0.776266,-1.287165,-1.605784,3316.1216,3.880472,1.092293,2.155763,2.585374,-0.903884,-1.50361,-1.853251,18928.688,13.364561,6.347724,11.057434,11.992628,-5.084598,-8.083924,-8.992239,19600.275,13.520984,6.586931,11.502357,12.427015,-5.271516,-8.391833,-10.851409,11980.627,1.680053,2.909928,3.91423,4.726144,-2.327359,-2.859774,-3.98814,9138.344,1.455713,2.221219,2.98856,4.084456,-1.806969,-2.241316,-3.266437,21996.275,11.535494,6.16972,9.621251,10.242501,-5.176144,-7.305249,-7.818962,13767.739,11.373328,3.937127,6.354834,7.010717,-3.379277,-4.86671,-5.494691,3193.0896,3.726544,1.071599,2.276402,2.843066,-0.880408,-1.556578,-1.861052,3715.1582,3.952004,1.233713,2.603323,3.225717,-1.002557,-1.737536,-2.258651,21612.775,14.709273,7.499217,13.272672,14.271882,-5.90578,-9.8939,-10.834256,17494.793,14.074407,6.056191,11.045209,11.994464,-4.786885,-8.22877,-8.840932
1.0,150.0,14059.18,1.629465,3.610855,5.652548,6.759352,-2.796665,-3.368658,-5.744793,14479.686,1.706156,3.348857,4.696244,5.495797,-2.751327,-3.303436,-4.294109,26706.74,14.700295,6.871118,11.684225,12.381315,-6.628315,-9.876427,-10.528825,24736.36,13.853128,6.336597,10.806928,11.535121,-6.106928,-8.816781,-9.391022,3624.1914,4.446515,1.069086,2.482214,3.046724,-1.003673,-1.704628,-2.105971,4176.466,4.688643,1.257673,2.879974,3.500721,-1.169449,-1.971712,-2.456424,24206.848,17.03178,7.662748,15.01052,16.53223,-6.701116,-10.749486,-11.515364,24987.107,16.968843,7.92633,15.498738,17.038782,-6.941245,-11.036893,-12.118457,14743.98,1.834022,3.457588,4.625705,5.38673,-2.841979,-3.460889,-4.344174,11065.996,1.54171,2.612997,3.791506,5.35975,-2.184033,-2.784846,-3.864904,28828.93,14.703393,7.471377,12.51096,13.281344,-7.133277,-10.250753,-11.274767,17971.613,14.596341,4.740446,8.499465,9.221166,-4.591533,-6.732843,-7.401242,4009.413,4.475961,1.231553,3.079544,3.890644,-1.139117,-2.039731,-2.330945,4669.674,4.79864,1.419013,3.5303,4.455197,-1.291432,-2.288376,-2.731956,27659.39,18.569025,9.068753,17.363083,19.10964,-7.768413,-13.088855,-14.433211,22395.84,17.898113,7.328404,14.477198,16.148808,-6.280778,-10.515319,-11.550510
1.0,200.0,15824.035,1.691497,4.084155,6.689679,7.790728,-3.031027,-3.619305,-4.837192,15875.414,1.745359,3.79623,5.502225,6.298637,-3.054861,-3.655944,-4.692342,32989.324,17.506268,8.136434,13.895005,14.939847,-8.522734,-12.127615,-12.934163,30734.459,16.68972,7.508549,12.990854,13.999637,-7.777721,-10.95433,-12.077161,4371.4907,5.100516,1.201754,2.919825,3.653665,-1.259058,-1.992507,-2.439438,5093.9854,5.447435,1.41975,3.431146,4.204318,-1.452672,-2.262403,-2.637393,29299.46,20.050014,8.86765,17.970545,19.926392,-8.320433,-12.965056,-13.986345,30569.57,20.2892,9.254657,18.659576,20.870989,-8.564517,-13.217348,-14.002469,16139.646,1.874167,3.863486,5.335918,5.949487,-3.172364,-3.810905,-5.405794,12859.561,1.618108,2.972459,4.459297,5.0932,-2.439271,-3.12306,-3.946972,35811.26,17.763247,8.811322,14.960446,15.976517,-9.09486,-12.858586,-13.881376,22152.008,17.360195,5.587543,10.17502,11.302766,-5.879522,-8.434185,-9.705235,4893.9165,5.203635,1.378465,3.693114,4.875645,-1.422995,-2.254601,-2.868711,5566.209,5.446127,1.584692,4.197582,5.263816,-1.611958,-2.640922,-3.121353,33914.76,22.33527,10.630208,20.67732,22.763746,-9.608668,-16.767834,-18.320637,27170.023,21.156748,8.563279,17.115334,18.956842,-7.779594,-13.727257,-14.863379
1.0,250.0,16497.19,1.692752,4.517236,7.569251,9.100787,-3.233709,-3.845732,-4.955688,17453.537,1.819391,4.186482,5.931921,8.222153,-3.306073,-4.096659,-5.070877,38699.586,20.786419,9.384277,15.785616,16.889708,-10.443111,-15.525861,-16.6539,35996.832,19.41769,8.658483,14.244334,15.407881,-9.484581,-13.797201,-14.775038,5028.9087,5.794146,1.358125,3.331789,4.259242,-1.522106,-2.725667,-3.02179,5842.0874,6.10509,1.601335,3.773505,4.589573,-1.744682,-2.873421,-3.259326,33907.727,23.77136,10.166692,20.341337,22.630405,-10.033459,-16.221798,-17.260164,35264.914,23.440386,10.601049,20.502098,22.927605,-10.257168,-16.085068,-17.015028,18099.379,2.007314,4.315751,5.84126,6.809487,-3.451078,-4.154324,-5.273119,13637.965,1.633288,3.267052,5.075766,5.936161,-2.653043,-3.205832,-4.044695,42094.535,20.733225,10.16311,16.28304,17.47835,-11.092096,-16.059961,-17.11987,26049.006,20.685501,6.450849,11.626948,12.815892,-7.16823,-10.68718,-11.591207,5615.85,5.82206,1.548591,4.05615,5.131741,-1.704275,-2.926569,-3.3348,6369.6724,6.215473,1.781496,4.738035,6.010637,-1.940064,-3.38221,-3.780994,39171.863,25.860996,12.215443,22.909788,24.804937,-11.523421,-19.726357,-21.599186,31356.39,25.09456,9.823785,19.362825,21.481194,-9.381235,-16.506197,-18.350390
1.0,10.0,2133.92,1.096432,0.445366,0.627503,1.979721,-0.566834,-0.817342,-2.017589,1834.3887,1.080569,0.38491,0.566382,2.044057,-0.457792,-0.64503,-1.908005,4506.346,3.402224,0.708452,0.854739,1.264943,-0.718187,-0.956484,-1.357057,4190.529,3.33902,0.652118,0.786894,1.127124,-0.670343,-0.923465,-1.24946,677.9541,1.606319,0.134887,0.191616,1.045154,-0.143769,-0.24185,-0.501735,774.0613,1.660963,0.154437,0.222814,0.728814,-0.166055,-0.278199,-0.605953,4376.6665,4.164991,0.760254,0.937543,1.424526,-0.83258,-1.212678,-1.671129,4433.73,4.238319,0.773044,0.937937,1.27341,-0.852691,-1.294379,-1.749772,2161.961,1.110435,0.378429,0.544086,2.048584,-0.439196,-0.641305,-1.540822,1881.914,1.094103,0.324867,0.497918,1.794334,-0.396734,-0.578652,-1.485446,4934.394,3.524671,0.781127,0.94754,1.339021,-0.783979,-1.069333,-1.576992,3138.1184,3.401383,0.528844,0.648651,1.032861,-0.551458,-0.765087,-1.127455,768.8927,1.652247,0.157627,0.225113,0.776927,-0.164963,-0.277135,-0.600607,941.8459,1.7228,0.18553,0.285867,0.662563,-0.194013,-0.322186,-0.65655,4849.9365,4.710727,0.828638,1.008596,1.33626,-0.920768,-1.41062,-1.835294,4099.062,4.512323,0.71592,0.873685,1.354794,-0.778056,-1.167216,-1.490593
1.0,50.0,8461.863,1.390368,2.122079,2.931823,5.269188,-1.681164,-2.179273,-3.504886,7697.709,1.34596,1.892826,2.547574,4.563828,-1.55559,-1.982348,-3.16606,12709.063,6.732814,3.414428,5.008532,5.493767,-2.798823,-3.881514,-4.567025,11787.044,6.580638,3.129557,4.662447,5.197249,-2.601777,-3.699653,-4.21745,1852.3691,2.607322,0.598739,1.041532,1.387502,-0.485863,-0.777553,-1.125812,2124.2593,2.753154,0.699939,1.200738,1.584511,-0.564196,-0.955373,-1.396657,12112.176,8.094275,3.767356,5.800516,6.372491,-3.095049,-4.721909,-5.372676,12412.348,8.318813,3.850663,6.129988,6.592519,-3.209868,-5.135188,-5.869289,7737.088,1.398676,1.910309,2.550154,3.314754,-1.562774,-2.000367,-2.827102,6282.453,1.315782,1.558166,2.104089,2.937278,-1.241425,-1.629105,-2.768459,13822.415,6.901199,3.757241,5.54944,6.089727,-3.048682,-4.29336,-4.858313,8787.842,6.724995,2.435699,3.67404,4.329095,-2.044417,-2.843645,-3.268992,2046.3789,2.671642,0.691182,1.24639,1.6104,-0.549579,-0.962277,-1.368101,2460.5942,2.807444,0.803423,1.359664,1.760984,-0.636699,-1.01625,-1.617697,13543.212,9.063844,4.300491,6.790068,7.341919,-3.549904,-5.918566,-6.4666,11235.817,8.603708,3.537608,5.604844,6.06744,-2.892944,-4.586299,-5.040948
1.0,100.0,12194.605,1.534699,3.071286,4.308988,5.451225,-2.488537,-3.074977,-4.346209,11779.852,1.518937,2.791346,3.750018,4.849192,-2.336875,-2.892158,-3.891087,20437.14,9.59385,5.648287,8.864633,9.645404,-4.921977,-7.041023,-7.703119,18801.275,9.254548,5.191742,8.389239,9.004837,-4.571076,-6.665287,-7.413148,2909.8164,3.525325,0.924402,1.820924,2.241907,-0.797278,-1.292361,-1.615596,3294.5505,3.685397,1.077673,2.22944,2.799452,-0.930083,-1.575621,-1.953775,19090.578,11.37674,6.317961,11.155757,12.163729,-5.195704,-8.108771,-8.737778,19501.941,11.579339,6.528822,11.899502,12.91538,-5.427188,-8.796928,-9.470799,11819.869,1.597118,2.849725,3.777261,4.677248,-2.359088,-2.938279,-3.814767,9369.182,1.453791,2.2773,3.081809,3.924475,-1.870637,-2.321804,-3.123174,22055.13,9.725093,6.208993,9.899722,10.569004,-5.377166,-7.84498,-8.647421,13987.257,9.570846,3.951823,6.433619,6.967538,-3.495101,-5.01514,-5.606689,3158.4377,3.549697,1.050445,2.342166,2.863816,-0.906115,-1.620877,-1.894354,3785.605,3.780309,1.220328,2.581018,3.183359,-1.030579,-1.715665,-1.997375,21418.035,12.758314,7.40397,13.49881,14.54763,-6.03021,-10.328442,-11.350234,17644.025,12.081301,6.025402,10.964814,12.007392,-4.840411,-7.774388,-8.418373
1.0,150.0,14446.719,1.64524,3.773037,5.543274,6.631115,-2.89729,-3.528565,-4.777556,14111.453,1.619603,3.46008,4.953384,5.690278,-2.799058,-3.437747,-4.567804,27573.877,12.488652,7.118865,11.980701,12.8859,-6.986639,-10.170988,-10.978815,25237.766,12.022204,6.571749,11.575933,12.587016,-6.442933,-9.481556,-10.20835,3757.9143,4.230116,1.107973,2.476864,3.199958,-1.069938,-1.765268,-2.171662,4282.995,4.47712,1.314445,3.076167,3.746285,-1.252582,-2.127617,-2.496404,24892.273,14.42525,7.930723,15.473334,16.930618,-6.986959,-11.247643,-12.306152,25540.691,14.858649,8.28585,16.657003,18.873724,-7.335453,-11.831847,-12.68224,14237.779,1.71069,3.476594,4.852879,5.752574,-2.869297,-3.526748,-5.158642,11556.17,1.561501,2.763104,3.815412,4.789572,-2.247954,-2.769133,-4.020248,29595.9,12.699972,7.830616,13.621105,14.52357,-7.589101,-11.193694,-12.13954,18640.176,12.278654,4.960234,8.663217,9.28532,-4.859956,-7.105425,-8.138815,4102.764,4.301604,1.278782,3.239682,4.098566,-1.220664,-2.185692,-2.792215,4825.344,4.511392,1.460235,3.529271,4.31872,-1.37953,-2.374953,-2.907673,28159.475,16.47476,9.35532,18.668545,21.216576,-8.188639,-14.241682,-15.722003,23016.975,15.359034,7.536805,14.967777,16.417118,-6.550659,-10.803906,-11.609378
1.0,200.0,14095.578,1.605033,4.169344,6.183215,7.268659,-3.180973,-3.805316,-4.842399,15424.695,1.675135,3.890189,5.381343,6.287368,-3.129587,-3.788142,-4.948785,34614.605,17.069454,9.005597,14.488841,15.604622,-9.153689,-13.444984,-14.289378,31264.377,16.012215,8.263114,13.83575,14.824751,-8.348055,-12.370256,-13.22564,4599.8296,5.119721,1.300151,2.966015,3.605135,-1.36272,-2.186471,-2.641925,5146.341,5.308294,1.540303,3.636826,4.456768,-1.573771,-2.662891,-3.145256,30610.145,19.665964,9.654986,18.534283,20.399199,-8.866043,-13.908051,-14.619967,30993.58,19.623728,10.146027,19.80548,22.022587,-9.219104,-14.815669,-15.899034,15664.859,1.78118,3.978873,5.225443,6.066141,-3.241715,-3.966892,-13.465698,11331.686,1.533423,3.117419,4.169073,5.030623,-2.56886,-3.094718,-3.920065,36669.83,16.98408,9.800177,16.12838,17.21148,-9.846487,-14.649931,-15.808148,23392.385,16.85813,6.188213,10.385122,11.308248,-6.303522,-9.245566,-9.862543,4920.086,5.05439,1.491394,3.832224,4.783232,-1.53259,-2.711787,-3.171554,5895.3755,5.484168,1.698987,4.228844,5.133202,-1.731969,-2.86389,-3.403622,34067.29,21.5994,11.553801,22.507095,24.632032,-10.267706,-18.427692,-20.271269,28232.127,20.642555,9.27967,18.146267,20.02466,-8.189389,-13.156962,-14.645153
1.0,250.0,18268.371,1.802001,4.643615,7.794401,8.754234,-3.320407,-3.994962,-5.166321,17265.652,1.777629,4.272532,6.366978,7.525942,-3.37028,-4.051053,-4.99044,39928.664,20.72117,9.678842,16.137194,17.236006,-10.771938,-15.928354,-16.883741,37279.305,20.026295,8.887055,15.249112,16.390142,-9.81957,-14.268605,-15.342286,5183.4863,5.73179,1.388639,3.274979,4.059713,-1.570889,-2.637825,-3.032055,6074.2783,6.163466,1.649953,3.994271,4.999383,-1.811257,-2.987436,-3.49879,34858.41,23.439602,10.434121,20.62703,23.049557,-10.306088,-16.513453,-17.58367,36590.438,24.174524,10.939892,21.893677,24.37516,-10.617949,-16.586432,-19.056543,17553.094,1.9096,4.31755,6.131548,6.817805,-3.516601,-4.202212,-5.82698,15214.984,1.741358,3.396708,4.981073,6.184935,-2.699941,-3.241515,-4.540659,43732.65,21.31828,10.535367,17.851707,19.232082,-11.5268,-16.719913,-17.922298,26958.453,20.245173,6.649975,11.668913,12.7776,-7.416888,-11.034054,-11.731844,5830.2754,5.856792,1.595323,4.219561,6.382636,-1.770198,-3.006468,-3.583839,6543.645,6.075172,1.814628,4.673616,5.878113,-1.998884,-3.474796,-4.019085,40471.42,26.99834,12.427832,24.314646,26.59201,-11.881659,-20.605923,-22.679422,32223.994,24.644775,10.017902,19.617622,21.65873,-9.617503,-16.825954,-18.317361
1.0,10.0,1376.3654,1.060345,0.249716,0.424733,1.874171,-0.466429,-0.682155,-2.031197,1491.0625,1.069025,0.238203,0.397492,2.159184,-0.430366,-0.630205,-1.817708,4771.2515,3.682453,0.51439,0.635082,0.991388,-0.752799,-1.172228,-1.614399,4495.033,3.581388,0.480351,0.604973,0.981925,-0.712624,-0.955363,-1.489242,674.3312,1.607997,0.102978,0.1534,0.515557,-0.145229,-0.251337,-0.718521,773.9191,1.656851,0.118318,0.179875,0.550319,-0.167726,-0.317575,-0.663517,4580.4824,4.242962,0.586052,0.751876,1.178323,-0.870992,-1.226956,-1.755305,4675.6343,4.269538,0.594354,0.780763,1.142961,-0.89464,-1.296503,-1.768341,1664.5488,1.088024,0.231035,0.399509,1.98692,-0.418456,-0.606296,-2.524137,1079.3242,1.051464,0.180925,0.347355,1.832901,-0.333642,-0.515129,-1.895199,5253.876,3.771499,0.567582,0.700402,1.033451,-0.828596,-1.109563,-1.937114,3356.8638,3.646898,0.403779,0.520962,0.859126,-0.583489,-0.801141,-1.189259,769.1129,1.640912,0.120832,0.183749,0.572683,-0.169325,-0.292449,-0.67503,933.4133,1.720696,0.14206,0.219867,0.649873,-0.195896,-0.350956,-0.743974,5036.4614,4.624425,0.618873,0.812401,1.13885,-0.960325,-1.436432,-1.9065,4256.632,4.491764,0.547251,0.731523,1.034417,-0.814938,-1.182652,-1.673534
1.0,50.0,8305.771,1.390836,2.010098,2.78339,3.656454,-1.662659,-2.147962,-3.336206,7500.2207,1.363592,1.815776,2.445361,3.518331,-1.542423,-1.99779,-4.045801,13709.304,8.036092,3.650383,5.580689,6.053171,-2.9151,-4.101076,-4.859389,12904.513,7.807325,3.374716,5.182041,5.788316,-2.751464,-3.846551,-4.42351,1926.3445,2.743796,0.637542,1.159783,1.516583,-0.491183,-0.799645,-1.268721,2221.8384,2.879907,0.737662,1.367244,1.738181,-0.573937,-0.92441,-1.233532,12874.839,9.318225,4.082522,6.721503,7.220674,-3.164855,-4.925155,-5.556842,13315.554,9.492023,4.188727,6.986521,7.627616,-3.318658,-5.12689,-5.633579,7344.6445,1.401854,1.852946,2.426709,3.216242,-1.556891,-1.964149,-2.832765,6149.8105,1.310382,1.444668,2.085407,2.843733,-1.212173,-1.599334,-2.399998,15128.952,8.278581,4.049355,6.170829,6.583713,-3.222568,-4.495158,-5.02467,9502.787,7.959913,2.633607,4.158706,4.675244,-2.137537,-3.039826,-3.535168,2154.4846,2.785028,0.734732,1.402953,1.827734,-0.563939,-0.946381,-1.341766,2528.9758,2.946087,0.854662,1.580614,2.041975,-0.643081,-1.075845,-1.41947,14492.059,10.286169,4.630066,7.655081,8.382165,-3.646738,-5.834877,-6.520654,11862.045,9.752484,3.839486,6.465473,6.927597,-2.973715,-4.763092,-5.275458
1.0,100.0,11787.078,1.533385,3.01773,4.133766,4.961836,-2.43463,-3.080698,-3.928784,11584.408,1.559383,2.804726,3.702168,4.459009,-2.322382,-2.857398,-3.855274,21749.107,11.735863,6.032053,9.47093,10.147199,-5.108667,-7.337171,-7.904687,20315.197,11.194611,5.571506,8.810164,9.316069,-4.735287,-6.757929,-7.399123,2971.1602,3.688623,0.952484,1.945022,2.402837,-0.804866,-1.349602,-1.824438,3445.9514,3.906123,1.114323,2.259105,2.664346,-0.933116,-1.539056,-2.180255,19844.82,13.453242,6.689835,11.878586,12.739331,-5.318676,-8.535957,-9.392419,20636.441,13.628163,6.937923,12.315102,13.562118,-5.511931,-8.933852,-9.487189,11763.508,1.652655,2.897765,3.816785,4.684574,-2.382957,-2.944054,-3.982068,8975.77,1.441433,2.187818,2.922907,3.75044,-1.823572,-2.268077,-4.111572,23905.328,11.898857,6.681367,10.397461,10.960893,-5.566378,-7.86111,-8.545032,14860.707,11.562515,4.233413,6.907157,7.55994,-3.621057,-5.216467,-5.955242,3311.7563,3.737818,1.092815,2.386223,2.917555,-0.904499,-1.58891,-2.05868,3842.8618,3.966628,1.26432,2.723111,3.294695,-1.037473,-1.829705,-2.251783,22639.707,14.867116,7.845901,14.033909,15.035228,-6.154605,-10.200579,-10.992335,18322.178,14.135401,6.372795,11.801695,12.879727,-5.009096,-8.348018,-9.109583
1.0,150.0,14317.035,1.658246,3.642468,5.454814,6.101393,-2.886813,-3.510993,-4.795614,14540.221,1.700864,3.397953,4.621469,5.643862,-2.826517,-3.433345,-4.629746,28731.385,14.766094,7.555426,12.551069,13.340174,-7.15115,-10.3901,-11.192131,26519.14,13.984708,6.967134,11.823352,12.821087,-6.569552,-9.614882,-10.408948,3833.5742,4.484844,1.131566,2.589544,3.503423,-1.081171,-1.80864,-2.217631,4404.4116,4.716349,1.333788,3.064776,3.597186,-1.254577,-2.214079,-2.743275,25699.025,16.875753,8.272387,16.182095,17.803383,-7.205948,-11.663152,-12.490963,26592.393,17.002516,8.637099,16.951818,18.774979,-7.457185,-12.023073,-12.978879,14797.625,1.81762,3.500986,4.592661,5.415078,-2.913788,-3.51588,-4.312672,11216.195,1.561138,2.682348,3.630982,4.44489,-2.231317,-2.743104,-3.635234,31236.227,14.890153,8.323836,13.886203,14.866778,-7.741382,-11.218807,-12.198995,19462.836,14.535288,5.245932,9.196448,10.215648,-4.972649,-7.228085,-10.012326,4224.7617,4.499103,1.30274,3.281327,4.177075,-1.222244,-2.211885,-2.543327,4906.5215,4.788364,1.495628,3.696952,4.587466,-1.38237,-2.440274,-3.0448,29301.486,18.609306,9.804693,18.919846,20.396204,-8.346016,-13.923874,-14.944426,23737.672,17.75084,7.927453,15.671284,17.126612,-6.75257,-11.225554,-11.963318
1.0,200.0,15031.771,1.590665,4.052307,5.418842,6.43539,-2.935745,-3.496043,-4.78919,15617.451,1.667712,3.914363,4.972893,5.975873,-2.95813,-3.537318,-4.807245,33999.312,21.185003,8.922487,13.676326,14.411175,-8.447431,-11.816739,-12.842055,31208.895,19.73067,8.145061,12.51381,13.194778,-7.807971,-10.96516,-11.606659,4408.574,5.126812,1.329409,2.697707,3.179679,-1.227164,-1.905937,-2.290467,5112.072,5.395615,1.589199,3.151409,3.731616,-1.467673,-2.302757,-2.626621,29452.77,25.039186,9.627556,16.546865,17.78997,-8.258729,-12.811274,-13.695268,30404.6,24.532207,10.069742,17.2417,18.334602,-8.763923,-13.834907,-14.638408,16212.395,1.842134,4.069426,5.213665,6.260207,-3.055172,-3.670738,-4.67239,12297.729,1.558437,3.085974,3.91761,4.471613,-2.365211,-2.858315,-3.959102,37139.562,21.270222,9.879712,14.99356,15.802967,-9.305632,-13.046511,-14.043141,23009.314,20.451529,6.152768,9.625262,10.340298,-5.843312,-8.17282,-8.930183,4899.029,5.222,1.52945,3.231827,3.887872,-1.430562,-2.305896,-2.87838,5616.445,5.591026,1.744094,3.713534,4.354985,-1.580916,-2.475439,-2.843797,33760.71,28.07399,11.640218,20.760523,22.337849,-9.681644,-16.375145,-17.964048,27377.053,27.089132,9.342604,16.93375,18.20174,-7.74842,-12.89721,-13.803722
1.0,250.0,15782.27,1.631427,4.380112,7.522855,8.851489,-3.132772,-3.713566,-5.375275,16788.107,1.724016,4.107057,6.200564,7.039157,-3.197118,-3.788704,-4.944514,40168.6,20.597712,9.774544,16.839174,18.077164,-10.720658,-15.932983,-17.127842,36715.027,19.282475,8.963062,15.772115,17.179722,-9.907095,-14.967266,-15.976891,5131.92,5.683004,1.38021,3.343124,4.292105,-1.562021,-2.640966,-3.102268,5901.1143,5.934259,1.637025,3.988525,5.004226,-1.849942,-3.228771,-3.81917,34604.21,24.2123,10.228053,20.654898,23.255672,-10.350008,-16.97976,-18.106405,35352.42,23.675123,10.715884,21.745462,24.295815,-10.932472,-18.564445,-19.837984,17574.645,1.911904,4.220107,5.847239,6.713953,-3.329064,-4.16331,-5.086683,13178.443,1.604436,3.213777,4.766025,5.88342,-2.586579,-3.153646,-5.16843,43506.81,20.543648,10.739714,18.679726,20.267801,-11.693783,-17.581102,-18.622313,27209.137,20.356865,6.731406,12.384628,13.88698,-7.338991,-10.847681,-11.635048,5647.6934,5.724778,1.585457,4.180519,5.456099,-1.809803,-3.332389,-3.825383,6518.0947,6.138701,1.809011,4.704976,5.806927,-1.985525,-3.512873,-4.045986,39249.69,26.490755,12.388194,24.366877,26.745438,-12.300003,-21.875254,-23.860188,32114.477,25.531992,10.027128,19.933933,22.054493,-9.747353,-16.648048,-18.004782
1.0,10.0,2901.4922,1.13081,0.407242,0.553695,2.02198,-0.45848,-0.679109,-2.025022,2533.7305,1.118213,0.370541,0.524029,2.066257,-0.410025,-0.603713,-2.0924,4815.0845,4.092287,0.668687,0.801309,1.253223,-0.741454,-1.034517,-1.481948,4470.087,3.937785,0.604662,0.72293,1.085518,-0.695301,-0.943592,-1.439694,703.3442,1.669496,0.132186,0.192681,0.972301,-0.150496,-0.253762,-0.692885,803.7068,1.727412,0.140863,0.196805,0.668451,-0.171225,-0.274357,-0.616151,4435.3726,4.946817,0.704875,0.902511,1.264752,-0.838005,-1.211604,-1.753424,4364.42,4.956578,0.665961,0.808003,1.243183,-0.833121,-1.215882,-1.584128,2570.0645,1.143991,0.368105,0.516262,1.780535,-0.411603,-0.60304,-1.791957,2416.713,1.124366,0.306862,0.555667,2.102009,-0.336108,-0.537359,-1.715764,5322.9673,4.228116,0.734123,0.870041,1.189303,-0.816959,-1.109465,-1.858122,3364.9346,4.075084,0.496895,0.604752,1.158655,-0.57061,-0.806839,-1.184644,799.7842,1.723862,0.144289,0.204253,0.643213,-0.171564,-0.287237,-0.687703,965.1253,1.798811,0.1786,0.253477,0.872397,-0.202615,-0.356168,-0.67125,4855.404,5.522282,0.730173,0.878126,1.265631,-0.913627,-1.36919,-1.806136,4179.1807,5.3815,0.659407,0.792412,1.209463,-0.7928,-1.239458,-1.574469
1.0,50.0,7912.3184,1.342368,2.027032,2.829674,3.821248,-1.623034,-2.069281,-2.960389,7621.256,1.346106,1.808438,2.468243,3.347364,-1.506372,-1.903706,-2.916937,13279.311,8.05039,3.506847,5.229111,5.621453,-2.828088,-3.952249,-4.66965,12296.725,7.728098,3.212035,4.841718,5.215645,-2.638116,-3.791738,-4.352805,1872.9612,2.729338,0.614709,1.137821,1.524738,-0.475567,-0.771707,-1.285357,2128.1494,2.849868,0.704129,1.294789,1.701341,-0.550383,-0.912147,-1.284538,12113.151,9.663065,3.806715,6.132258,6.918786,-3.042589,-4.73099,-5.3158,12038.781,9.818652,3.772855,6.13509,6.645709,-3.071635,-4.915019,-5.437994,7694.115,1.417717,1.823021,2.425725,3.398018,-1.523037,-1.937934,-3.050343,5882.0176,1.28794,1.469788,2.056922,2.858269,-1.186156,-1.881819,-2.007579,14606.499,8.231943,3.914455,5.824475,6.222938,-3.120316,-4.35117,-4.882094,9198.971,8.03821,2.511472,3.900556,4.306821,-2.063024,-2.891027,-3.700442,2058.9834,2.78786,0.702928,1.342992,1.794632,-0.536915,-0.932626,-1.306379,2472.663,2.972494,0.827175,1.54176,1.959461,-0.625548,-1.050454,-1.980116,13378.264,10.659773,4.26496,6.85933,7.554652,-3.463782,-5.757855,-6.435471,11285.072,10.160182,3.580323,5.904669,6.628333,-2.873527,-4.68259,-5.219869
1.0,100.0,12090.943,1.531335,3.020442,4.113239,5.444849,-2.392257,-3.231241,-4.342226,11462.965,1.523732,2.751703,3.63983,4.383745,-2.288221,-2.806551,-4.215407,21065.9,11.430111,5.880118,9.181138,9.846112,-4.982068,-7.173336,-7.887765,19433.738,10.974072,5.38062,8.510813,9.102507,-4.610594,-6.714332,-7.201304,2834.605,3.617724,0.922363,1.872211,2.316313,-0.776918,-1.290691,-1.644299,3250.4646,3.8329,1.072745,2.188944,2.631945,-0.912104,-1.542302,-1.87441,18651.564,13.507754,6.317751,11.114393,12.11342,-5.100122,-8.39166,-9.112865,18703.28,13.9266,6.368284,11.372772,12.42134,-5.210828,-8.737264,-9.484627,11656.617,1.635648,2.83029,3.707234,4.471124,-2.34027,-2.897233,-4.162852,9310.566,1.46352,2.216131,3.016379,4.025557,-1.803823,-2.223082,-3.252927,23175.36,11.732543,6.53941,10.182548,10.793504,-5.500412,-7.871445,-8.562524,14386.202,11.326164,4.107049,6.656205,7.311052,-3.524716,-5.08609,-5.516967,3129.0862,3.717053,1.053526,2.295002,2.853143,-0.879915,-1.588706,-2.036471,3672.576,3.92152,1.224045,2.618948,3.171838,-1.00291,-1.736262,-2.253157,20952.402,15.173123,7.380463,13.198507,14.091871,-5.939286,-10.25496,-10.911019,17389.645,14.181015,6.075124,11.15272,12.189168,-4.858484,-8.164543,-8.683239
1.0,150.0,14230.865,1.627247,3.796796,5.141146,6.03719,-2.820873,-3.398159,-4.388027,14401.855,1.668458,3.539463,4.705,5.716504,-2.770029,-3.334606,-9.953556,28180.355,14.745641,7.88329,12.454645,13.144516,-6.966557,-10.091225,-10.743373,25808.62,13.990989,7.227099,11.466891,12.286742,-6.407237,-9.366988,-10.047851,3693.127,4.451292,1.166396,2.42373,3.041158,-1.02995,-1.726419,-2.165803,4212.7676,4.69436,1.360271,2.813981,3.415336,-1.197901,-2.044739,-2.473911,24455.992,17.36011,8.445749,14.924227,16.28583,-6.855777,-11.214338,-12.249,24604.684,17.85113,8.557051,15.300022,16.784817,-7.049335,-11.795596,-12.662289,14671.451,1.811282,3.675421,4.879104,5.620446,-2.863499,-3.436687,-4.186741,11182.453,1.553979,2.817889,3.707941,4.406004,-2.199726,-2.851797,-3.627958,30800.336,14.976052,8.752045,13.750241,14.533007,-7.631381,-11.043424,-11.811031,19101.496,14.566521,5.466425,8.813613,9.594274,-4.841841,-7.017607,-7.678119,4058.1975,4.550633,1.329444,2.950695,3.689923,-1.169808,-2.11863,-2.587373,4739.2314,4.815682,1.542131,3.400196,4.168754,-1.319334,-2.525996,-2.689464,27718.416,19.630941,9.940738,18.155428,19.832705,-8.099599,-14.007766,-15.033535,22851.172,18.309801,8.130927,15.223351,16.847328,-6.520283,-10.932667,-11.710158
1.0,200.0,15738.203,1.664657,4.086965,6.451725,7.477494,-3.063592,-3.659667,-8.439798,15725.271,1.717116,3.873744,5.187574,5.99318,-3.082751,-3.679172,-5.344768,34314.85,17.64187,8.942008,14.932125,15.875539,-8.971622,-13.367914,-16.82099,31879.4,16.7419,8.201573,13.694138,14.618727,-8.236053,-12.099548,-12.872889,4421.8164,5.134577,1.266517,2.961818,3.882719,-1.307803,-2.261605,-2.588917,5133.3545,5.469181,1.478464,3.398237,4.164227,-1.510979,-2.583996,-3.068714,29461.9,20.774271,9.353508,18.364765,20.341988,-8.675967,-14.687327,-15.630778,30073.215,21.32515,9.500015,18.471884,20.40203,-8.909963,-14.973649,-16.084604,16238.869,1.896871,4.046181,5.29086,5.966126,-3.210628,-3.867057,-4.903962,12741.951,1.612182,3.032783,4.13155,5.015504,-2.46206,-2.992895,-4.005118,38031.137,17.924582,9.89145,16.22181,17.169031,-9.781732,-14.237671,-15.49665,23202.875,17.464594,6.167337,10.898288,11.987462,-6.206015,-9.296732,-9.878945,4947.394,5.305764,1.437649,3.60315,4.595984,-1.47549,-2.629493,-3.042273,5634.6475,5.560003,1.66032,4.153262,5.102365,-1.675746,-3.042927,-3.429477,33920.812,23.571476,11.097495,21.346058,23.916819,-10.180999,-17.593239,-18.966532,27594.744,21.969301,9.083853,17.966715,19.809187,-8.275599,-14.227246,-15.616457
1.0,250.0,17086.846,1.718972,4.634673,7.992224,8.981477,-3.296683,-3.896979,-4.971014,17789.338,1.833344,4.20643,6.178228,6.964343,-3.344123,-3.972036,-5.198671,39926.676,20.53145,9.58074,16.889154,18.109985,-10.510106,-14.771957,-15.807072,37162.086,19.24223,8.828171,15.421587,16.566288,-9.64538,-13.408581,-14.407365,4971.822,5.690806,1.336702,3.369756,4.227436,-1.458716,-2.466876,-3.056643,5838.8726,6.106791,1.566065,3.798122,4.586348,-1.699387,-2.764394,-3.138079,33390.43,23.774857,9.895072,20.760614,23.344845,-9.823412,-16.15913,-17.384197,34506.24,24.450317,10.048865,20.680956,23.328302,-10.100292,-16.559715,-17.750471,18382.436,2.055842,4.372822,6.012688,6.761888,-3.508638,-4.151627,-5.400592,13976.301,1.669145,3.296736,5.235316,8.242598,-2.714897,-3.203631,-4.942438,44374.594,20.657766,10.591008,18.074362,19.47107,-11.48684,-15.841191,-16.81351,27026.318,20.36964,6.595411,12.639501,14.113493,-7.265828,-10.180279,-10.978887,5628.029,5.905035,1.518748,3.947751,4.90747,-1.699422,-2.717667,-3.136123,6292.577,6.140268,1.742289,4.618819,5.877222,-1.861608,-3.277816,-3.948666,38968.996,27.064997,11.801801,23.068611,25.154345,-11.557917,-20.513983,-22.331821,31308.246,25.262775,9.660575,19.720837,22.151821,-9.374081,-17.014868,-18.219494
1.0,10.0,1767.3066,1.071426,0.439746,0.623935,2.374444,-0.520894,-0.782182,-2.266364,1869.4922,1.077003,0.378201,0.531409,2.343946,-0.434068,-0.666661,-2.376959,4569.0103,3.808044,0.681766,0.847565,1.268369,-0.70146,-0.956785,-1.4493,4159.319,3.677502,0.61991,0.748079,1.164584,-0.652778,-0.949834,-1.719537,688.1481,1.660148,0.134821,0.215053,0.610845,-0.148321,-0.25737,-0.788398,745.773,1.681284,0.147523,0.226324,0.806538,-0.164362,-0.272787,-0.591692,4313.2964,4.828579,0.709343,0.875561,1.246411,-0.807575,-1.190238,-1.770269,4139.337,4.891481,0.686128,0.840095,1.247702,-0.797544,-1.206945,-1.639127,1961.7852,1.097423,0.370876,0.529111,2.151177,-0.438066,-0.632623,-1.964972,1326.5117,1.062448,0.311934,0.480621,1.829626,-0.391023,-0.558817,-2.113823,4987.0693,3.934408,0.755841,0.900746,1.428129,-0.770456,-1.051818,-1.447282,3198.4756,3.808366,0.51809,0.662255,1.170864,-0.541016,-0.741712,-1.22256,746.0558,1.686438,0.150168,0.2193,0.652307,-0.163376,-0.295908,-0.677653,960.339,1.799175,0.18564,0.25704,0.739285,-0.196859,-0.316339,-0.700637,4611.259,5.448175,0.755894,0.914921,1.322378,-0.87851,-1.356093,-1.880801,4073.2297,5.235705,0.675841,0.838218,1.271366,-0.765645,-1.136087,-1.529305
1.0,50.0,9390.113,1.394619,2.147495,2.942081,4.185416,-1.686618,-2.153091,-3.301825,8154.6895,1.346973,1.893365,2.558185,3.539458,-1.519318,-2.034262,-3.194487,12555.24,7.01081,3.355641,4.953409,5.412946,-2.698917,-3.752017,-4.505414,11588.033,6.886904,3.053297,4.594958,4.995419,-2.508034,-3.551415,-4.057296,1783.7557,2.6385,0.576964,1.025544,1.399143,-0.451602,-0.715871,-1.15094,2025.303,2.780491,0.666054,1.185175,1.543738,-0.522208,-0.868431,-1.362007,11498.262,8.531093,3.577556,5.672487,6.141951,-2.909774,-4.482794,-5.059539,11453.062,8.963769,3.572996,5.837401,6.44397,-2.960685,-4.727811,-5.293082,8181.1484,1.417352,1.901641,2.522667,3.469473,-1.526762,-1.944423,-4.027759,7275.3516,1.355597,1.54939,2.082151,2.932289,-1.220603,-1.589762,-3.362089,13835.621,7.278093,3.741459,5.597119,6.127109,-2.984648,-4.174632,-5.113151,8719.592,7.058594,2.400097,3.677782,4.353421,-1.973381,-2.75089,-3.374868,1958.2788,2.720348,0.664665,1.223165,1.562735,-0.513124,-0.919068,-1.324582,2343.8535,2.831407,0.777561,1.365489,1.768864,-0.589969,-0.949704,-1.459879,12811.051,9.808767,4.073022,6.583015,7.061665,-3.355756,-5.626153,-6.507009,10781.017,9.019353,3.407774,5.500636,6.065253,-2.759094,-4.280428,-4.981795
1.0,100.0,12186.377,1.487405,3.182824,4.5368,5.424619,-2.486965,-3.05646,-4.446619,11674.277,1.477304,2.884598,3.963633,4.902755,-2.325513,-2.848981,-4.051165,20083.19,10.29641,5.784253,9.246373,9.927743,-4.768552,-6.764882,-7.48388,18224.81,9.87015,5.2894,8.614536,9.111568,-4.40021,-6.376187,-6.953212,2729.5322,3.503578,0.914704,1.758098,2.202756,-0.742053,-1.171213,-1.458845,3054.946,3.660622,1.072661,2.05609,2.605887,-0.858268,-1.404024,-2.008254,17934.777,12.415737,6.22834,10.656721,11.325916,-4.905942,-7.672678,-8.436756,17736.143,12.834135,6.339152,11.118067,11.833021,-5.031258,-8.165737,-8.96007,11724.385,1.57153,2.929781,3.973723,4.804362,-2.343258,-2.89712,-4.009187,9148.111,1.420724,2.326943,3.164693,4.206259,-1.85179,-2.291569,-3.400167,21850.672,10.509229,6.479891,10.490543,11.129625,-5.291102,-7.694253,-8.551351,13809.539,10.287449,4.051358,6.614372,7.131368,-3.393626,-4.857144,-5.452354,2947.541,3.581169,1.059886,2.141699,2.63076,-0.843132,-1.455033,-1.975512,3560.3528,3.801414,1.21772,2.38345,2.924487,-0.966394,-1.557028,-1.931127,19959.514,14.097126,7.365098,13.001632,13.856939,-5.683869,-9.754337,-10.905659,16889.469,13.219229,5.998377,10.623397,11.369737,-4.616742,-7.188738,-7.790510
1.0,150.0,15193.367,1.627731,3.7784,5.151578,5.999201,-2.886868,-3.517342,-4.769166,14375.01,1.59879,3.46461,4.507054,5.648591,-2.779915,-3.512324,-4.612845,26735.307,13.193129,7.422692,11.799277,12.410234,-6.727511,-9.781212,-10.673581,24321.836,12.763063,6.755167,11.148182,11.885891,-6.195355,-9.253058,-9.848701,3489.5376,4.253755,1.088738,2.290667,2.772122,-0.985212,-1.648409,-2.135662,3952.414,4.503239,1.275769,2.775579,3.42335,-1.1638,-2.05569,-2.55755,23198.668,15.700986,7.886666,14.259258,15.420393,-6.606239,-10.93995,-11.711514,23208.283,16.536615,8.050062,15.141326,16.533466,-6.939201,-12.177633,-13.354263,14643.432,1.728691,3.564784,4.608109,5.354193,-2.853176,-3.46503,-4.435626,12154.5,1.581447,2.822269,3.810469,4.45655,-2.238277,-2.707875,-3.918957,29154.738,13.614846,8.264796,13.430133,14.471732,-7.413707,-10.972615,-11.781275,18241.01,13.075535,5.141353,8.426526,9.075697,-4.687865,-6.806699,-7.374372,3815.1482,4.390049,1.251635,2.928708,3.634861,-1.136718,-2.096402,-2.680674,4482.9727,4.556848,1.431226,3.151382,3.858479,-1.256181,-2.14504,-2.741547,26174.66,18.315245,9.374779,17.638746,19.228718,-7.959016,-14.340184,-15.722852,21840.143,16.62669,7.633009,14.317494,15.628794,-6.304037,-10.607647,-11.238044
1.0,200.0,15812.99,1.644067,4.230309,6.932944,8.130669,-3.165883,-3.807498,-5.10468,16027.719,1.668367,3.871405,6.018014,6.845052,-3.111668,-3.73591,-5.949383,32923.453,16.28777,8.103047,14.060657,15.04738,-8.554502,-12.495698,-13.68305,29693.254,15.513698,7.406894,13.41812,14.394897,-7.849962,-11.77283,-12.86209,4175.904,4.952492,1.168607,2.70078,3.441406,-1.208538,-2.004503,-2.462189,4687.526,5.208876,1.365204,3.311792,3.950222,-1.419264,-2.528649,-2.95999,28142.176,19.212845,8.585485,17.109116,18.79222,-8.221768,-13.324985,-14.209232,27946.256,20.028175,8.734961,18.242895,20.399446,-8.586052,-14.929332,-17.302353,16419.775,1.817866,3.896599,5.61236,6.670086,-3.194898,-3.857921,-4.938332,12707.936,1.597225,3.058618,4.436792,5.215955,-2.518205,-3.046471,-4.23993,35589.707,16.6136,8.998705,16.10404,17.361378,-9.411374,-14.083317,-15.587008,22410.016,16.080315,5.618557,10.303078,11.218878,-5.911773,-8.584547,-9.257041,4520.061,5.057779,1.337623,3.476417,4.375991,-1.391975,-2.667722,-3.336293,5341.8384,5.310134,1.52714,3.778088,4.770546,-1.538441,-2.620561,-3.020879,31507.123,22.217335,10.127771,20.475767,22.378567,-9.829239,-18.132286,-20.609655,26418.295,20.348957,8.342895,16.474894,18.178596,-7.766911,-12.781198,-13.652020
1.0,250.0,16655.303,1.717067,4.738238,7.455325,8.761744,-3.391829,-4.00024,-5.119677,17396.746,1.741018,4.435532,6.745045,7.843348,-3.359889,-4.00406,-5.228446,39117.07,18.828255,9.39256,15.794768,16.828215,-10.548421,-15.513582,-16.650705,34926.59,17.922998,8.528184,15.089267,16.31914,-9.656825,-14.599726,-15.775644,4835.262,5.602564,1.331293,2.987377,3.604391,-1.462611,-2.55089,-3.876774,5407.7124,5.912205,1.535619,3.69347,4.499918,-1.711998,-3.031692,-3.623566,32728.6,21.866938,10.007025,19.285097,21.310871,-9.897442,-16.145397,-17.006573,32415.594,22.955988,10.064032,20.429546,22.716818,-10.392697,-17.865608,-19.298422,17984.502,1.92281,4.445969,6.420309,7.211805,-3.484722,-4.159387,-5.237441,13861.881,1.687626,3.444798,4.842909,5.526501,-2.774443,-3.358916,-5.624043,41865.41,19.239012,10.345488,18.162731,19.411737,-11.570189,-17.45517,-19.655397,26581.62,18.506977,6.509352,11.399822,12.429129,-7.242109,-10.600238,-11.456884,5216.7456,5.728397,1.494775,3.867125,4.914643,-1.680229,-3.149085,-3.693176,6173.9526,5.994791,1.726371,4.148766,5.145408,-1.853634,-3.27103,-3.804366,36579.508,25.643839,11.606566,22.945444,25.070045,-11.842196,-22.18697,-24.68011,30709.834,23.190928,9.648807,18.449558,20.116339,-9.329461,-14.990819,-16.264268
1.0,30.0,5627.461,1.245273,1.222049,1.621838,2.971086,-1.15133,-1.518671,-3.80735,5532.336,1.238997,1.076905,1.392155,2.711385,-1.040778,-1.378179,-3.16112,9267.503,6.21891,1.89898,2.564492,2.90275,-1.829267,-2.541931,-3.061089,8477.892,6.012057,1.725506,2.373224,2.77031,-1.697828,-2.41355,-2.947725,1264.5101,2.26862,0.328278,0.563237,0.924315,-0.319126,-0.54334,-0.90474,1388.9547,2.322111,0.368697,0.654302,0.987171,-0.344772,-0.574417,-1.691643,8316.678,7.436848,1.992573,3.009238,3.523158,-1.974502,-3.090173,-3.850034,8014.8936,7.543902,1.938834,3.025107,3.481517,-1.950265,-3.176471,-3.843339,5361.6777,1.278043,1.07444,1.371412,2.418966,-1.027269,-1.335499,-2.532761,4114.0996,1.205449,0.892261,1.205573,2.22484,-0.837814,-1.102624,-3.27439,10082.672,6.422537,2.094537,2.853278,3.504741,-2.010836,-2.895956,-3.850321,6588.3945,6.198359,1.424778,2.058482,2.351235,-1.387518,-1.926954,-2.429908,1357.1365,2.28671,0.372709,0.6653,1.121911,-0.339914,-0.597559,-1.072385,1691.735,2.446059,0.443618,0.744631,1.14645,-0.399956,-0.657054,-1.921473,8816.96,8.260706,2.106774,3.252723,3.761932,-2.154166,-3.57072,-4.150516,7791.872,7.834246,1.88209,2.916926,3.353567,-1.858568,-2.98352,-3.559301
1.0,75.0,10548.227,1.431777,2.6408,3.645568,4.825815,-2.106436,-2.647783,-3.958773,10182.125,1.468067,2.384308,3.173225,4.738039,-1.969274,-2.538624,-3.518164,17136.805,11.342719,4.504815,6.551849,7.034463,-3.866987,-5.548544,-6.634285,16191.058,10.649342,4.169429,6.002375,6.564356,-3.606213,-5.093809,-5.622259,2269.2646,3.238131,0.726118,1.104357,1.478159,-0.599663,-1.053265,-1.411729,2655.6145,3.390485,0.844028,1.258174,1.676339,-0.698384,-1.144361,-1.577507,15141.66,13.555762,4.801513,7.064222,7.712728,-4.00855,-6.596438,-7.127762,15565.888,13.549137,4.924249,7.103758,7.563893,-4.084492,-6.602359,-7.285062,10477.412,1.596782,2.456884,3.217985,4.243443,-2.010984,-2.474713,-3.300757,7861.285,1.367436,1.889351,2.535004,3.901463,-1.549599,-1.937462,-2.979611,19426.287,11.552672,5.121746,7.361224,7.850363,-4.3013,-6.028671,-6.788616,11839.465,11.111344,3.20726,4.691836,5.190521,-2.792768,-4.028691,-4.460723,2578.9944,3.310227,0.835748,1.292797,1.6846,-0.681591,-1.158707,-1.562882,2948.089,3.537569,0.967728,1.490836,2.097213,-0.77367,-1.363024,-1.778515,17415.904,15.157863,5.610839,8.286511,8.86258,-4.624395,-7.775701,-8.663316,14196.344,14.531056,4.598957,6.78877,7.355732,-3.815637,-6.476482,-7.046228
1.0,125.0,13164.996,1.528101,3.438082,4.649011,5.826998,-2.701224,-3.276476,-4.686167,13653.279,1.61423,3.234041,4.212091,4.94751,-2.617022,-3.190177,-4.576796,24064.855,13.535856,6.766244,10.668978,11.397013,-5.895,-8.692291,-10.074531,22305.668,12.612466,6.241988,9.787176,10.320035,-5.447659,-7.949077,-8.521787,3109.9705,4.011496,0.997931,2.084335,2.555496,-0.864704,-1.418173,-1.807932,3579.2554,4.190718,1.162594,2.362449,2.769278,-1.005932,-1.649784,-2.13526,20805.34,15.958656,7.18567,12.777316,13.94484,-5.827645,-9.402744,-9.990104,21100.66,15.939179,7.308193,12.863396,14.073736,-5.965371,-9.679889,-10.531729,14149.412,1.783971,3.382093,4.406181,4.998893,-2.695347,-3.26851,-4.16736,10359.434,1.476577,2.530525,3.295831,4.166432,-2.052347,-2.51177,-3.563164,26825.506,13.552789,7.616115,11.812872,12.505038,-6.533356,-9.514682,-10.147188,16499.078,13.421489,4.734331,7.79906,8.398189,-4.163543,-6.058224,-6.609914,3470.4614,4.076058,1.136626,2.444242,2.999506,-0.987292,-1.684181,-2.080987,4006.8694,4.369907,1.315106,2.890867,3.538846,-1.115305,-1.897198,-2.282165,23745.68,17.567715,8.493376,15.09536,16.173786,-6.777613,-11.534211,-12.337773,19564.3,16.891092,6.967539,12.912573,14.072948,-5.544754,-9.383035,-10.199354
1.0,175.0,15257.266,1.627894,3.993535,6.72688,7.798572,-3.046698,-3.865702,-5.295526,15571.066,1.701946,3.632154,5.273153,6.112086,-3.015741,-3.630537,-8.991685,30375.475,16.692574,7.638527,13.472387,14.975908,-7.775125,-11.420108,-12.370959,28012.334,15.648608,7.023828,12.42193,13.533545,-7.134527,-10.166389,-11.243974,3815.6587,4.690591,1.10082,2.611397,3.199955,-1.093495,-1.672059,-2.296051,4386.253,4.924901,1.280976,3.019999,3.681606,-1.275753,-1.965634,-2.352714,25862.895,19.288858,8.074817,16.491802,18.234146,-7.434087,-10.97184,-11.879893,26269.467,19.601463,8.146057,16.734247,18.604162,-7.684399,-11.675319,-12.922348,16067.525,1.879243,3.751093,5.109409,5.95306,-3.118518,-3.745398,-5.361936,12070.066,1.560397,2.831512,4.27449,5.407783,-2.38766,-2.899133,-5.49223,33687.926,16.826107,8.535229,14.78983,15.876784,-8.618777,-12.394152,-13.218132,20663.953,16.35154,5.328494,10.112637,11.080701,-5.440501,-7.845155,-8.605213,4251.627,4.786025,1.254495,3.184291,4.176109,-1.260862,-2.011185,-2.480016,4869.545,5.045463,1.441199,3.604765,4.376487,-1.414208,-2.220009,-2.595683,29672.84,21.71548,9.484179,18.742813,20.435917,-8.561495,-13.654911,-14.559003,24368.777,20.420315,7.842001,15.849999,17.612597,-6.932068,-11.024036,-11.681305
1.0,225.0,17334.129,1.721656,4.442707,7.43676,8.611472,-3.279122,-3.935388,-5.357571,17769.57,1.805507,4.113963,5.874172,6.795132,-3.290854,-4.076088,-5.125128,36065.32,19.787134,8.969235,15.2121,16.431484,-9.621023,-14.162728,-15.156698,33203.97,18.541162,8.237969,14.03957,14.97611,-8.807158,-12.909062,-13.691315,4470.002,5.424176,1.245412,2.958496,3.746497,-1.345705,-2.258884,-2.643955,5163.2036,5.727972,1.437132,3.401496,4.33661,-1.564882,-2.632553,-3.238459,30337.719,22.958845,9.263544,18.568647,20.410114,-9.112823,-14.926703,-15.725004,31057.25,23.322811,9.464881,18.737015,20.803955,-9.428588,-15.320164,-16.30475,18140.387,1.991684,4.253127,5.679857,6.707008,-3.446324,-4.104041,-5.200022,13854.199,1.650461,3.175034,4.757299,5.724574,-2.630083,-3.145006,-4.404883,39880.312,19.9565,9.979009,16.681604,17.855062,-10.573057,-15.483939,-16.586666,24525.648,19.516762,6.191929,11.317188,12.417466,-6.663369,-9.817252,-10.52088,4994.5923,5.545219,1.403988,3.594128,4.384495,-1.539256,-2.63268,-3.056426,5679.6987,5.838083,1.604718,4.100048,4.974662,-1.72672,-2.987272,-3.502034,35135.21,25.976746,11.13177,21.289743,23.155045,-10.743769,-19.001432,-20.62503,28665.033,24.333729,9.109651,18.030872,19.91662,-8.689991,-15.209652,-16.683191
1.0,30.0,5738.3164,1.232283,1.246823,1.741344,3.021723,-1.208571,-1.696583,-3.014976,5512.828,1.243508,1.12875,1.52048,2.711803,-1.054399,-1.941041,-4.195992,8982.289,6.104293,2.036155,2.804098,3.448183,-1.80286,-2.540236,-3.072381,8448.428,5.858612,1.898603,2.650516,2.970387,-1.703082,-2.419632,-2.957631,1197.3931,2.204853,0.345528,0.589122,0.869425,-0.297675,-0.517329,-1.452774,1363.4497,2.280849,0.397033,0.680734,0.996704,-0.341596,-0.578332,-1.51639,8175.5205,7.375688,2.177196,3.32953,3.850208,-1.934826,-3.07203,-3.521448,8117.105,7.384753,2.150512,3.349632,4.485422,-1.942538,-3.268516,-3.722094,5553.2617,1.296845,1.124795,1.445187,2.408943,-1.051137,-1.378423,-4.78773,4192.99,1.193215,0.892472,1.219529,2.38548,-0.848193,-1.115221,-2.743026,10077.367,6.271073,2.301627,3.146201,3.515413,-2.020803,-2.835208,-5.137624,6392.246,6.171392,1.529875,2.238881,2.565074,-1.365272,-1.911684,-2.396494,1344.1082,2.255859,0.399816,0.719139,1.019605,-0.348528,-0.608588,-1.093287,1603.1003,2.395439,0.467686,0.814579,1.219451,-0.396715,-0.680206,-1.117268,8960.793,8.009595,2.349047,3.598372,4.258889,-2.166018,-3.563158,-4.290342,7688.743,7.785842,2.058899,3.241698,3.761723,-1.843895,-3.01389,-3.512357
1.0,75.0,10296.627,1.417627,2.624374,3.648252,5.059639,-2.168015,-2.995248,-3.873796,10002.4375,1.436224,2.382787,3.239259,4.268441,-2.018564,-2.687903,-6.685946,16597.383,10.39319,4.581285,7.077653,7.595564,-3.795069,-5.416815,-6.006603,15369.019,9.838579,4.217859,6.598112,7.310539,-3.529834,-5.057472,-5.982407,2186.7024,3.24739,0.710721,1.330261,1.72163,-0.577996,-0.944502,-1.253158,2474.9377,3.362981,0.822155,1.536115,2.044081,-0.663131,-1.091979,-1.432904,14775.456,12.313831,4.899062,8.303837,8.854967,-3.927183,-6.37156,-10.458927,14707.264,12.447277,4.906379,8.242643,8.794327,-3.954427,-6.520126,-7.153805,10085.174,1.528614,2.417775,3.255841,4.094722,-2.030552,-2.734485,-3.67918,7738.662,1.357678,1.884998,2.555631,3.850146,-1.598973,-2.187234,-5.744305,18474.627,10.651687,5.160565,7.97905,8.5594,-4.22951,-5.985763,-7.121937,11564.612,10.257283,3.285905,5.256266,5.806585,-2.750888,-3.933943,-4.43099,2421.0576,3.304543,0.820529,1.583697,2.003159,-0.65594,-1.131998,-1.614465,2851.355,3.516068,0.947698,1.809903,2.254074,-0.752086,-1.274641,-1.647074,16462.854,13.684653,5.603093,9.398917,10.082801,-4.497762,-7.554616,-8.306731,13897.591,12.933193,4.714413,8.133568,8.914768,-3.765177,-6.21954,-7.946155
1.0,125.0,13373.752,1.542821,3.388478,4.801641,6.996585,-2.728151,-3.300419,-4.800197,13537.1875,1.595164,3.166172,4.175845,4.953296,-2.619818,-3.181929,-4.374519,23823.553,14.144526,6.430198,10.186393,10.916708,-5.844113,-8.476066,-9.191678,21877.88,13.287519,5.910845,9.470636,10.2585,-5.372498,-7.824708,-8.365143,3058.401,4.126272,0.929419,1.987862,2.427271,-0.845221,-1.519823,-2.336823,3482.177,4.330973,1.079373,2.284986,2.894484,-0.97993,-1.675577,-2.118619,20675.023,16.410118,6.818808,12.383785,13.612667,-5.741285,-9.450059,-10.034878,20761.941,16.769548,6.91279,12.612296,13.985495,-5.913563,-9.845274,-10.733537,13808.299,1.732096,3.260062,4.251452,5.142945,-2.711334,-3.543493,-4.687188,10319.498,1.476891,2.477121,3.247693,4.903827,-2.065654,-2.534031,-4.071641,26385.904,14.371186,7.23306,11.353894,11.935236,-6.460914,-9.337134,-10.208429,16367.62,13.880728,4.510934,7.560309,8.264732,-4.109246,-5.959977,-6.736831,3389.2732,4.233503,1.064387,2.428045,2.976736,-0.963031,-1.749195,-2.152577,3938.1545,4.455989,1.223061,2.758877,3.449449,-1.083521,-1.901332,-2.767098,23399.91,18.495693,8.022723,14.546061,16.14588,-6.740186,-11.550761,-12.616376,19501.227,17.350706,6.638619,12.487009,13.655267,-5.505545,-9.168849,-9.815280
1.0,175.0,15091.766,1.630126,3.947553,6.044172,7.434948,-3.091107,-3.708227,-7.158349,15523.125,1.691203,3.706078,4.982327,5.812065,-3.030809,-3.632816,-4.58915,30779.324,17.359644,8.003157,12.952015,13.910154,-7.781955,-11.456803,-12.912112,27993.209,16.18565,7.327727,12.055718,12.984347,-7.171132,-10.650808,-11.446402,3884.7644,4.895852,1.104284,2.538749,3.110186,-1.101978,-1.868864,-2.212389,4378.2036,5.095325,1.278497,2.943485,3.475841,-1.281843,-2.249559,-2.570555,26592.35,20.428556,8.326927,15.901722,17.51307,-7.557196,-12.558768,-13.443962,26431.541,20.514765,8.482932,16.131899,17.892096,-7.819644,-13.553435,-14.37344,15998.252,1.85634,3.820705,4.933287,5.674625,-3.117565,-3.752829,-6.175817,11862.492,1.55958,2.882193,3.858935,4.871167,-2.420878,-2.920442,-4.278805,33722.895,17.483337,8.933498,14.382389,15.296179,-8.625914,-12.715156,-13.702026,20989.25,17.06161,5.546532,9.616839,10.464577,-5.409819,-7.944009,-9.91938,4240.585,4.933552,1.25034,3.106516,3.803262,-1.263367,-2.3163,-2.690995,4983.0894,5.304217,1.448012,3.502432,4.258485,-1.405386,-2.467598,-2.996856,29864.764,22.709232,9.917568,18.479254,19.944632,-8.976793,-16.026396,-17.113525,25006.342,21.49577,8.144323,15.702893,17.128752,-7.218526,-12.314097,-13.177301
1.0,225.0,17385.127,1.736846,4.46002,6.890073,8.048762,-3.312486,-3.971596,-5.16761,17694.111,1.799352,4.223015,5.839417,6.820059,-3.298259,-3.950378,-5.122273,36372.93,20.043646,9.285285,15.15135,16.120628,-9.574722,-14.098394,-14.893092,33241.695,18.822754,8.503138,14.095686,14.972227,-8.773015,-12.973645,-13.778042,4480.7573,5.444367,1.269496,2.885853,3.502534,-1.320752,-2.260139,-2.716131,5126.3857,5.756099,1.488106,3.391309,4.097813,-1.535432,-2.682415,-3.168372,30640.31,23.133944,9.685093,18.363535,20.000113,-9.087706,-15.056162,-16.244354,31037.523,23.655338,9.922497,18.83772,20.456125,-9.410752,-15.914248,-16.979347,18093.533,1.980765,4.349639,5.771312,6.831394,-3.41638,-4.088465,-11.989727,13953.379,1.668048,3.258749,4.467971,5.325187,-2.646252,-3.178398,-4.34284,39960.47,20.326563,10.339372,16.936628,18.101637,-10.5217,-15.476192,-16.517126,24741.756,19.700548,6.431095,11.011307,11.970217,-6.611334,-9.70338,-10.382619,4963.868,5.573096,1.456208,3.597537,4.591172,-1.512657,-2.735933,-3.209046,5704.211,5.866544,1.661174,4.014162,4.854463,-1.681903,-2.971491,-3.827141,35116.9,26.267586,11.56751,21.704594,23.374954,-10.784061,-19.275799,-21.010754,28924.643,24.423693,9.486254,18.217098,20.04324,-8.680388,-14.993202,-16.298157
1.0,30.0,5642.174,1.246957,1.427587,1.938758,3.059806,-1.171876,-1.538471,-2.848894,5556.4727,1.259164,1.266164,1.702407,2.687,-1.07366,-1.398344,-2.549165,10009.372,7.395044,2.28232,3.215744,3.910975,-1.911133,-2.623808,-3.367452,9300.507,7.041925,2.088299,2.941751,3.562431,-1.786052,-2.550878,-2.912322,1402.8689,2.311739,0.416692,0.684019,1.710569,-0.336294,-0.540852,-0.858947,1600.4531,2.405748,0.482514,0.839133,1.159316,-0.388513,-0.624709,-0.850195,9116.34,9.153068,2.422521,3.578676,4.123425,-2.073809,-3.205533,-3.680928,9168.796,9.312001,2.433222,3.644342,4.1474,-2.115304,-3.317666,-3.729549,5743.49,1.323382,1.280517,1.661832,2.87444,-1.078146,-1.398279,-2.32216,4128.6016,1.203406,1.014227,1.379981,2.335279,-0.842201,-1.11455,-2.310158,11112.832,7.638687,2.558372,3.561457,3.909274,-2.11701,-2.920052,-3.504704,6973.809,7.309501,1.672429,2.40364,2.787435,-1.430782,-1.989404,-2.54996,1566.0281,2.373075,0.483159,0.793376,1.126088,-0.383549,-0.65052,-1.021758,1881.461,2.53461,0.563268,0.911394,1.262268,-0.444638,-0.719158,-1.042253,10145.34,10.43525,2.720941,4.040165,4.5895,-2.361443,-3.806649,-4.39987,8546.541,9.936497,2.294288,3.432718,4.203641,-1.979147,-3.139935,-4.036379
1.0,75.0,10291.113,1.446296,2.641593,3.635121,4.696649,-2.121711,-2.666831,-3.812836,10258.73,1.470948,2.40221,3.254974,4.214473,-2.002584,-2.502233,-3.800318,17599.463,10.04344,4.879107,7.407248,8.040677,-3.973278,-5.56627,-6.540687,16167.363,9.536823,4.461539,6.810893,7.280236,-3.668476,-5.154609,-5.716107,2385.7537,3.208515,0.790647,1.441139,1.857819,-0.626093,-0.99145,-1.374389,2718.55,3.362236,0.921649,1.663154,2.217529,-0.721474,-1.130186,-1.457726,15729.78,12.030539,5.220677,8.464735,8.966669,-4.118215,-6.368248,-7.373628,15838.007,12.228406,5.298,8.659859,9.271145,-4.182117,-6.484814,-7.057822,10439.391,1.576444,2.46293,3.246237,4.070831,-2.030677,-2.535379,-3.514865,7603.5547,1.371227,1.895034,2.568702,3.476065,-1.558455,-1.943404,-3.758712,19426.498,10.226769,5.473625,8.306948,8.81035,-4.410872,-6.241606,-6.941532,12139.497,9.978052,3.442191,5.373849,5.944166,-2.861046,-4.039703,-4.467272,2632.1445,3.277539,0.909483,1.71026,2.116689,-0.7103,-1.15174,-1.494908,3119.3887,3.490448,1.0544,1.978017,2.565376,-0.819658,-1.296372,-1.66818,17669.32,13.33364,6.085248,9.956842,10.70026,-4.682531,-7.606961,-8.496387,14758.708,12.68487,5.016544,8.474364,9.007143,-3.881451,-6.099931,-6.762078
1.0,125.0,14246.822,1.629685,3.526559,4.839054,5.744802,-2.785614,-3.400228,-5.310954,13741.104,1.636495,3.272121,4.316062,5.366326,-2.656043,-3.373742,-4.508139,24962.389,13.299142,7.111942,11.137651,11.975607,-6.080716,-8.837318,-9.440641,22889.74,12.643517,6.494389,10.236674,10.818817,-5.606414,-8.182946,-8.991633,3281.8093,4.080684,1.065122,2.163977,2.732953,-0.909768,-1.532015,-1.831019,3713.082,4.253859,1.236674,2.503326,3.000412,-1.062847,-1.789631,-2.219788,21916.186,15.820768,7.604662,13.326809,14.352013,-6.115457,-9.859104,-10.938235,21897.053,15.981385,7.743595,13.62805,14.866531,-6.266174,-10.318188,-13.195793,13921.572,1.770362,3.374968,4.45926,5.201776,-2.727761,-3.329462,-4.436578,10936.68,1.54256,2.576,3.390594,4.094814,-2.103155,-2.562409,-4.131351,27580.85,13.571818,7.954423,12.423382,13.086945,-6.728184,-9.74685,-10.437912,17036.953,13.138547,4.947102,7.965404,8.551905,-4.28012,-6.22532,-6.716424,3589.7483,4.131911,1.21013,2.592253,3.205071,-1.027776,-1.864135,-2.241358,4226.9204,4.408286,1.405855,2.985987,3.460384,-1.174513,-2.100083,-2.551861,24608.637,17.56222,8.950253,16.047216,17.167418,-7.101818,-12.238859,-13.114003,20563.46,16.633642,7.334215,13.486389,14.60703,-5.845325,-9.85285,-10.779611
1.0,175.0,15954.133,1.707145,4.013347,5.719416,6.595118,-3.097236,-3.747475,-4.776222,15781.672,1.735092,3.789769,4.812256,5.784769,-3.10349,-3.876085,-5.112937,32164.7,16.597305,8.626325,13.676762,14.556066,-8.092679,-11.751448,-12.48777,29501.838,15.768222,7.883833,12.74166,14.487214,-7.41753,-10.790469,-11.892008,4120.6597,4.84581,1.213259,2.726791,3.484968,-1.165661,-1.915555,-2.452878,4711.71,5.123868,1.415803,3.192427,3.831886,-1.342325,-2.231025,-2.646882,27499.598,19.393517,8.995513,16.88541,18.571253,-7.813309,-12.737581,-13.589372,27822.477,19.908056,9.219687,17.333193,19.028624,-8.051831,-13.440763,-14.440143,16159.457,1.903434,3.949376,5.019656,6.055058,-3.145566,-3.804142,-4.763855,12581.215,1.62768,2.951562,3.694036,4.992322,-2.412593,-3.634436,-5.972456,35489.14,16.905518,9.614157,15.284171,16.209305,-8.909523,-12.901477,-13.84035,21835.242,16.332565,5.946123,9.998868,10.809322,-5.623637,-8.173367,-8.983907,4537.0684,4.952133,1.394983,3.37458,4.26844,-1.316366,-2.235253,-2.529921,5259.1816,5.21684,1.589989,3.793971,4.74521,-1.487096,-2.496578,-2.975132,31284.883,21.889296,10.731012,20.157194,21.768267,-9.182778,-15.923375,-17.92668,25826.4,20.434484,8.756596,16.917006,18.358738,-7.450152,-12.6125,-13.393482
1.0,225.0,17447.0,1.779064,4.463526,6.738744,7.441671,-3.341476,-3.971016,-5.109815,17308.283,1.812328,4.243474,5.558361,6.566171,-3.328286,-3.955856,-5.155263,38709.066,18.020563,10.118309,16.410448,17.35668,-10.227718,-15.196617,-16.102783,35624.74,17.113756,9.254186,15.301219,16.435307,-9.356895,-13.823225,-14.637855,4830.4146,5.283754,1.38607,3.234122,4.108097,-1.447439,-2.471008,-2.870969,5557.8164,5.600852,1.616347,3.799928,4.579062,-1.676672,-2.856605,-3.370127,32491.72,20.699343,10.400628,20.290323,22.387325,-9.68679,-16.050669,-17.437576,33117.824,21.265959,10.690864,20.781294,22.922558,-10.012185,-16.628904,-17.47217,17794.941,2.000442,4.419967,5.591337,6.303783,-3.469074,-4.127204,-5.249592,13949.164,1.696386,3.283722,4.241482,5.144403,-2.673215,-3.217111,-4.18504,42670.98,18.298298,11.21934,18.200182,19.468332,-11.166224,-16.452574,-17.71249,26232.36,17.660278,6.955665,12.047651,13.235238,-7.059051,-11.095299,-11.613497,5353.897,5.426798,1.564183,4.008289,5.066141,-1.639725,-2.887349,-3.27532,6131.7446,5.681013,1.808544,4.534942,5.803102,-1.844077,-3.273111,-3.679459,37294.95,23.663061,12.480904,23.982365,25.992674,-11.37405,-19.94409,-21.688654,30530.734,22.085497,10.189032,20.003725,21.929834,-9.206413,-15.878515,-16.928952
1.0,275.0,19531.879,1.844953,5.115948,8.435885,9.227486,-3.618094,-4.285324,-5.537564,20200.82,1.951495,5.11341,6.784242,7.697884,-3.69101,-4.7861,-5.249301,44617.23,23.319077,10.069451,18.155209,19.386637,-12.042248,-18.00676,-19.231833,41132.855,21.782808,9.264812,16.68782,17.859264,-11.033327,-16.4385,-17.446653,5603.8696,6.082054,1.430981,3.59467,4.456997,-1.708875,-2.973637,-3.340195,6491.1553,6.466766,1.676804,4.153551,5.072862,-1.997392,-3.476272,-3.814734,37033.29,26.580135,10.559576,22.173962,24.822132,-11.225033,-19.031887,-20.263525,38132.797,27.269915,10.791091,22.656878,25.274237,-11.758909,-19.920116,-21.353415,20734.033,2.190745,4.861413,6.697035,7.542505,-3.782858,-4.828428,-9.660199,15998.279,1.780619,4.500293,5.551183,6.630144,-2.951205,-3.526726,-4.528527,49183.305,23.403751,11.228751,19.878384,21.159468,-13.134912,-19.389622,-20.870707,30337.62,22.690252,7.024792,13.565447,14.989925,-8.286518,-12.418482,-13.138342,6251.046,6.25463,1.629202,4.268634,5.301195,-1.950351,-3.604595,-4.055469,7117.0625,6.582699,1.863786,4.870226,5.957008,-2.17135,-3.987722,-5.032748,42850.16,30.563196,12.522592,24.966812,27.08096,-13.392027,-23.915466,-28.317827,34846.785,28.312023,10.262349,20.9722,23.138573,-10.750696,-18.903076,-20.253860
1.0,275.0,18525.174,1.77925,5.18424,8.510528,9.631486,-3.580355,-4.234891,-5.576574,19153.652,1.884074,4.675826,6.823206,7.648658,-3.608689,-4.300202,-5.29107,44566.062,21.988417,10.303913,18.480947,20.02014,-12.121367,-18.060385,-19.217052,41264.844,20.641323,9.523617,17.02782,18.31345,-11.09981,-16.366735,-17.511335,5567.67,6.01453,1.471029,3.721874,4.674118,-1.704702,-2.900109,-3.261428,6470.085,6.406319,1.725865,4.305626,5.151606,-1.979139,-3.351549,-3.697095,36736.742,25.054893,10.762562,22.702587,25.553259,-11.175657,-18.564104,-19.726505,37759.895,25.550846,10.994738,23.07208,25.733765,-11.5919,-19.319237,-20.41341,19897.674,2.119213,4.780225,6.725417,7.392822,-3.762022,-4.459477,-5.568282,15184.469,1.721974,3.669803,6.171043,6.365464,-2.900969,-3.477972,-4.44909,49320.676,22.12126,11.489514,20.171423,21.632057,-13.208098,-19.309916,-21.349098,30388.105,21.705881,7.230303,13.982824,15.488456,-8.369611,-12.511388,-13.329659,6233.1255,6.180919,1.675807,4.446039,5.538792,-1.933989,-3.442448,-3.854858,7056.669,6.488073,1.91815,5.082459,6.708748,-2.168586,-3.902515,-4.469335,42427.188,28.323357,12.692818,25.403101,27.73624,-13.182634,-23.368513,-25.507639,34563.723,26.562416,10.44195,21.483515,23.904205,-10.66106,-18.769773,-20.143349
1.0,275.0,18430.21,1.794404,4.980553,8.197207,9.467863,-3.530773,-4.178513,-5.723386,19272.404,1.917299,4.580603,6.496998,7.246287,-3.561975,-4.221471,-8.961729,44421.887,22.793325,10.530688,17.827463,19.052666,-12.161938,-18.198069,-19.50739,41069.6,21.244673,9.717715,16.398458,17.613865,-11.098194,-16.536945,-17.627598,5487.7363,6.010444,1.461927,3.625977,4.654869,-1.706492,-2.958654,-3.334857,6350.764,6.375259,1.712912,4.157114,5.07086,-1.980058,-3.448635,-3.888454,36511.047,25.459656,10.8283,21.925268,24.391352,-11.237992,-18.993387,-20.20674,37378.07,25.786709,11.081687,22.180523,24.787914,-11.627519,-19.763853,-21.03571,20077.361,2.163433,4.754129,6.392781,6.948681,-3.722204,-4.413288,-6.98291,15023.18,1.72452,3.536388,5.318639,6.204442,-2.868169,-3.448705,-6.237183,49063.92,22.772848,11.715545,19.407888,20.634567,-13.207011,-19.493052,-20.878006,30311.324,22.399246,7.323823,13.482652,14.868997,-8.388154,-12.583816,-13.324297,6124.1577,6.139162,1.663264,4.321497,5.497819,-1.93969,-3.541247,-4.265015,6959.1733,6.472167,1.912736,4.96249,6.212976,-2.168033,-3.948369,-4.473828,42035.848,28.728691,12.915018,24.622438,26.96619,-13.24256,-23.37077,-25.207115,34348.992,26.933348,10.622826,21.015314,23.689657,-10.704988,-18.676252,-20.631574
1.0,30.0,5828.254,1.236785,1.638415,2.281931,3.639547,-1.247796,-1.652973,-2.837284,5353.375,1.222767,1.389402,1.892606,3.248114,-1.113249,-1.463655,-3.457764,8895.762,5.006121,2.26756,3.366169,3.715926,-1.798525,-2.494296,-3.197712,8133.156,4.813547,2.081437,3.165273,3.538008,-1.674694,-2.359167,-2.917609,1322.1224,2.135441,0.449474,0.793166,1.156327,-0.33055,-0.529532,-0.874793,1481.1115,2.214361,0.512467,0.911368,1.518863,-0.382546,-0.677855,-1.097841,8325.539,6.413125,2.498859,4.022301,4.416472,-1.977248,-3.073402,-3.510939,8230.05,6.580114,2.490438,4.14787,4.744703,-2.026481,-3.230717,-3.722183,5518.783,1.276566,1.37933,1.853589,2.642949,-1.100403,-1.447828,-3.340972,4209.1035,1.196365,1.163915,1.592454,2.732634,-0.886629,-1.25353,-2.752118,9804.867,5.186432,2.524151,3.757254,4.307568,-1.989537,-2.766551,-3.33219,6252.941,4.965227,1.70921,2.637535,3.109975,-1.350276,-1.896342,-2.749544,1464.222,2.216842,0.517667,0.952642,1.262488,-0.376996,-0.661818,-0.997203,1801.5078,2.332761,0.615951,1.063754,1.418571,-0.44048,-0.814526,-1.088362,9197.909,7.473191,2.778323,4.58302,5.208695,-2.273715,-3.761847,-4.299888,7899.995,7.068495,2.391782,3.918861,4.291086,-1.895875,-2.988525,-3.455212
1.0,75.0,10617.689,1.43082,2.777567,3.873559,4.734095,-2.2233,-2.786277,-4.178562,10308.344,1.435241,2.482559,3.354879,4.267998,-2.040161,-2.506491,-3.729241,16696.727,7.640144,4.661288,7.20117,7.658867,-3.881651,-5.494098,-6.14505,15177.205,7.326219,4.272034,6.725299,7.20511,-3.592105,-5.210397,-5.853995,2342.577,2.979678,0.787771,1.447768,1.820101,-0.632719,-1.026349,-1.483266,2637.481,3.123155,0.916113,1.693121,2.045343,-0.739617,-1.267958,-1.620423,15096.331,9.287753,5.046778,8.454532,8.957618,-4.062906,-6.480481,-7.211017,15075.586,9.646399,5.133975,8.768658,9.380494,-4.231449,-7.140863,-7.884771,10324.42,1.517697,2.502342,3.403704,4.324166,-2.045041,-2.527914,-3.391282,7914.8926,1.368307,1.986288,2.801812,3.608071,-1.608345,-2.01481,-2.965887,18314.268,7.857597,5.222103,8.12027,8.717666,-4.299692,-6.173358,-6.806605,11570.51,7.545757,3.336385,5.343461,5.879146,-2.802689,-3.973877,-4.77548,2569.7124,3.084119,0.90994,1.735945,2.126822,-0.728059,-1.302485,-1.783211,3082.965,3.212228,1.058096,1.964145,2.412872,-0.822715,-1.335814,-1.753621,16914.791,10.770358,5.889919,10.046835,10.613935,-4.811574,-8.406358,-9.143996,14257.916,10.011553,4.852508,8.308919,8.987605,-3.894912,-6.389278,-7.005010
1.0,125.0,13925.168,1.592454,3.554804,4.839797,5.850068,-2.861266,-3.485133,-4.498302,13424.006,1.567543,3.248834,4.286416,5.172831,-2.676507,-3.279105,-5.881991,24306.084,11.302729,7.010758,11.026392,11.6484,-6.035681,-8.785994,-9.920094,21885.297,10.776524,6.377855,10.259031,10.984489,-5.52258,-8.260597,-8.932567,3252.5005,3.80743,1.083217,2.164825,2.671954,-0.924573,-1.570365,-1.897405,3639.1416,4.011012,1.264022,2.575964,2.99766,-1.066556,-1.860144,-2.298678,21281.793,13.345513,7.474081,13.06362,13.930989,-6.047234,-9.92229,-10.773379,21119.39,13.892401,7.68046,13.790739,14.893723,-6.277841,-10.880701,-11.542497,13622.672,1.686385,3.339372,4.658966,5.1907,-2.726815,-3.322074,-4.371712,10608.652,1.50795,2.596777,3.394769,3.985461,-2.141523,-2.639805,-5.301809,26443.82,11.623959,7.82265,12.426796,13.149933,-6.635039,-9.773779,-10.710367,16675.484,11.013467,4.907754,7.946338,8.50803,-4.257257,-6.203497,-7.242663,3529.141,3.930405,1.247181,2.698636,3.267903,-1.046471,-1.915578,-2.305836,4220.7124,4.09414,1.433915,2.9603,3.512345,-1.186922,-2.046328,-2.64919,23746.748,15.507994,8.908281,16.125017,17.286825,-7.128756,-12.681952,-13.708888,20089.486,14.299225,7.24779,13.201488,14.223631,-5.783831,-9.577475,-10.254068
1.0,175.0,16038.998,1.712375,4.034104,6.057257,7.054523,-3.160474,-3.775419,-5.962028,15733.65,1.682429,3.675478,5.442268,6.253105,-3.031672,-3.694446,-5.177885,31054.574,14.228701,8.094828,13.418273,14.190987,-8.004711,-11.721132,-12.652518,27951.33,13.658207,7.312257,12.86893,13.909759,-7.309295,-11.041212,-11.899978,3992.357,4.555785,1.193765,2.646338,3.262401,-1.149561,-1.908332,-2.439759,4501.3027,4.832311,1.375203,3.245985,3.945581,-1.334202,-2.392965,-2.75967,26367.002,16.684818,8.514004,16.43699,17.82137,-7.666126,-12.271306,-12.999601,26364.21,17.583052,8.631391,17.592684,19.38529,-7.970717,-13.826108,-14.763848,16181.469,1.841379,3.768785,5.103748,5.949259,-3.125294,-3.894411,-4.987808,12982.975,1.656115,2.968691,3.924069,4.681319,-2.456962,-3.002968,-3.928568,33730.55,14.703454,8.949701,15.53751,16.589008,-8.777614,-13.186679,-14.139847,21203.781,13.80926,5.620507,9.854296,10.592892,-5.56637,-8.097338,-8.815447,4359.211,4.710695,1.346237,3.390298,4.259138,-1.313662,-2.485925,-2.927567,5130.2275,4.868422,1.56128,3.664612,4.40571,-1.45927,-2.502972,-3.044668,29684.438,19.645823,9.985122,19.799648,21.4396,-9.086255,-16.67661,-17.982693,24873.072,17.735353,8.2759,15.987608,17.342823,-7.269817,-11.866437,-13.380497
1.0,225.0,18266.795,1.792974,4.505508,6.969723,8.512625,-3.458872,-4.122845,-5.639291,17693.82,1.760424,4.159004,6.146962,7.013461,-3.353611,-4.053685,-5.344552,37369.816,17.39985,9.548215,15.717104,16.81078,-9.858068,-14.450534,-15.437654,33751.258,16.567757,8.642995,14.953553,16.307875,-9.099664,-13.811349,-14.764199,4715.415,5.233153,1.335305,3.076894,3.719505,-1.375147,-2.337827,-2.759178,5305.165,5.51983,1.540097,3.724302,4.630875,-1.634765,-2.981669,-3.478121,31439.027,20.199808,9.860345,19.091837,20.965218,-9.182372,-14.699014,-15.643216,31512.158,21.105324,9.993214,20.225662,22.51063,-9.768824,-17.30496,-18.472383,17960.422,1.920437,4.242087,5.764428,7.548198,-3.466942,-4.35355,-5.254641,14122.424,1.68533,3.282506,4.401971,5.531799,-2.759436,-3.296939,-4.359708,40547.47,17.705557,10.523224,18.014412,19.16093,-10.924382,-16.579224,-18.627407,25585.135,16.97427,6.583708,11.624701,12.687472,-6.831146,-9.969005,-10.997875,5121.448,5.359535,1.512018,3.920984,4.950981,-1.603936,-3.042069,-3.577226,6024.4585,5.604232,1.736363,4.246572,5.245149,-1.741281,-3.049278,-3.618494,35396.523,23.511644,11.644993,22.946657,24.96002,-11.139575,-20.715467,-22.22522,29598.398,21.50198,9.655006,18.735577,20.573126,-8.727504,-14.615803,-15.728964
1.0,275.0,17669.686,1.744832,5.019631,8.387832,9.464851,-3.668149,-4.255772,-7.807742,18884.986,1.813063,4.638985,7.27699,8.45455,-3.598926,-4.230834,-6.684453,44524.984,20.57574,10.117212,17.664127,18.870281,-12.060996,-17.672447,-19.073925,39910.29,19.42294,9.267823,16.771795,18.298033,-11.066863,-16.913572,-17.832998,5531.329,5.980898,1.418744,3.418797,4.303664,-1.658652,-2.758309,-3.145393,6200.5703,6.314871,1.65347,4.174597,5.13237,-1.97001,-3.561038,-3.962034,36670.203,23.421644,10.463149,21.285036,23.570356,-11.002393,-17.069294,-17.834723,36651.535,24.560942,10.717148,22.969967,25.922419,-11.681165,-20.300865,-21.74472,19308.406,1.992542,4.631544,6.933457,7.62038,-3.718272,-4.41052,-6.148145,14630.99,1.709484,3.544979,5.351981,6.205926,-2.957307,-3.489784,-5.932519,47822.418,20.819696,11.242368,20.170818,21.568377,-13.256735,-20.28776,-21.497456,30427.822,20.02125,7.023206,13.138272,14.373724,-8.305997,-12.127888,-12.79821,5977.676,6.111363,1.610176,4.398326,5.573404,-1.935321,-3.644546,-4.345144,7037.807,6.382971,1.849833,4.590641,5.583798,-2.094157,-3.617964,-4.018996,41124.41,27.369928,12.40494,25.237267,27.90145,-13.268019,-25.117983,-27.406824,34486.133,24.834776,10.274289,20.149652,22.210876,-10.336164,-17.484251,-21.743960
1.0,30.0,6065.1367,1.27959,1.225162,1.66731,3.028268,-1.132295,-1.485399,-2.877884,5310.3613,1.232558,1.097302,1.471307,2.404114,-1.040753,-1.361598,-2.544722,10021.714,5.383886,2.370654,3.302758,3.658118,-2.031118,-2.795799,-3.680817,9215.215,5.272816,2.149322,3.073957,3.465464,-1.899011,-2.66465,-3.361679,1377.9297,2.211801,0.415493,0.728073,0.991278,-0.341447,-0.562361,-0.919613,1528.3993,2.28126,0.457294,0.806555,1.230703,-0.389914,-0.649811,-1.080597,8975.203,6.476731,2.546816,3.978714,4.452823,-2.140106,-3.332152,-4.055699,8743.58,6.639593,2.435343,3.90139,4.510898,-2.153322,-3.458503,-4.014145,5050.453,1.263556,1.100715,1.458093,2.360076,-1.032989,-1.331721,-2.421217,3988.457,1.202979,0.872525,1.151887,2.047678,-0.804964,-1.058718,-2.576288,10987.9375,5.576691,2.599983,3.647413,4.055162,-2.23833,-3.108946,-3.823026,7217.195,5.448205,1.809565,2.677577,3.071572,-1.550465,-2.159355,-2.613057,1501.123,2.258179,0.462561,0.841317,1.109969,-0.389851,-0.67016,-1.139259,1852.1663,2.380727,0.569976,0.968634,1.432534,-0.448827,-0.713556,-1.145166,9535.331,7.16408,2.629859,4.165878,4.558227,-2.370577,-3.892481,-4.43059,8393.384,6.784804,2.386506,3.793163,4.277591,-2.03194,-3.168623,-3.707187
1.0,75.0,12492.59,1.555667,2.657595,3.642192,4.552759,-2.093809,-2.630232,-7.623757,9936.705,1.430262,2.333357,3.137378,3.992413,-1.98313,-2.534767,-3.288253,18522.994,9.532341,5.282983,8.359063,8.85719,-4.278018,-6.126047,-7.152388,17400.16,9.381797,4.841288,7.764009,8.465403,-4.001806,-5.715187,-6.571787,2501.893,3.230306,0.846953,1.628598,2.040282,-0.67544,-1.146687,-1.615128,2893.3274,3.434633,0.978464,1.882756,2.205825,-0.776861,-1.284478,-1.687875,16295.107,11.311941,5.628464,9.703041,10.407558,-4.396363,-7.112132,-8.059255,16513.61,11.868334,5.667425,9.945546,10.791988,-4.489915,-7.307574,-8.380151,9858.492,1.511458,2.378135,3.175148,3.80731,-2.011597,-2.516882,-3.715438,9468.254,1.474558,1.900069,2.549105,3.387107,-1.521076,-1.936421,-3.741334,20842.812,9.992463,5.91962,9.413023,9.992466,-4.761304,-6.704877,-7.306216,12954.706,9.348746,3.83393,6.31047,6.878316,-3.118349,-4.4619,-4.973754,2815.212,3.364847,0.973714,1.945146,2.411164,-0.763112,-1.313162,-1.853622,3234.276,3.448036,1.129709,2.175521,2.588907,-0.870145,-1.506417,-1.992672,18258.049,13.004482,6.37506,11.087591,11.785096,-5.013227,-8.46047,-9.326124,15189.111,11.79431,5.35814,9.467978,10.161841,-4.161639,-6.958834,-7.980049
1.0,125.0,13264.645,1.54297,3.417505,4.744795,5.868657,-2.770505,-3.357221,-4.479691,13229.654,1.605274,3.18984,4.120066,5.201883,-2.666932,-3.209154,-4.417835,26657.693,13.414321,7.424077,12.079725,12.798804,-6.533711,-9.550262,-10.25048,25092.574,12.619112,6.904281,11.122702,11.971776,-6.071183,-8.708425,-9.475202,3457.9238,4.100912,1.103586,2.397843,2.976827,-0.970133,-1.618332,-2.137151,4050.2673,4.314681,1.293134,2.697504,3.249426,-1.127433,-1.859481,-2.27228,22757.756,15.529953,7.833003,14.695548,15.935091,-6.432853,-10.702609,-11.403358,23486.781,15.590257,8.045748,14.822906,16.022436,-6.607589,-10.808456,-11.444359,13771.754,1.777708,3.34464,4.330988,5.188119,-2.758676,-3.337349,-4.02897,10053.559,1.466037,2.460307,3.393346,4.26174,-2.073598,-2.492827,-3.895181,30159.88,13.487887,8.443469,13.334315,14.056533,-7.255877,-10.369499,-11.076721,18361.783,13.219988,5.24118,9.098285,9.81797,-4.646729,-6.849329,-7.533083,3910.7332,4.184986,1.26666,2.824587,3.446826,-1.100057,-1.857275,-2.23444,4427.997,4.43154,1.459513,3.307539,3.943518,-1.245184,-2.172514,-2.619849,26151.205,17.111338,9.248815,17.008963,19.495964,-7.396074,-12.147438,-13.120916,21264.059,16.32802,7.538645,14.509334,15.619048,-6.073955,-10.125862,-10.899864
1.0,10.0,2492.3047,1.105502,0.237609,0.385293,3.224831,-0.479427,-0.764729,-2.358658,1885.299,1.085501,0.216286,0.371366,2.221608,-0.445178,-0.652046,-2.207208,5138.31,3.840018,0.450997,0.569114,0.975204,-0.802311,-1.073954,-1.594638,4896.5864,3.741079,0.42389,0.541373,0.877462,-0.767242,-1.042544,-1.458867,731.9951,1.658081,0.094743,0.184044,0.585042,-0.167213,-0.321022,-0.806807,854.2355,1.715862,0.110883,0.177281,0.594135,-0.180959,-0.296384,-0.695575,4685.912,4.535615,0.49929,0.657399,0.977549,-0.905555,-1.338693,-1.896635,4779.026,4.619549,0.4965,0.666218,2.383014,-0.910817,-1.343301,-1.838447,1860.9824,1.101901,0.196689,0.323005,1.686962,-0.4402,-0.732861,-1.613996,1828.5371,1.087077,0.179299,0.340022,1.724784,-0.387755,-0.947228,-1.909418,5876.591,3.980105,0.509112,0.625776,1.070439,-0.906405,-1.209813,-1.703348,3634.7046,3.806834,0.364156,0.466908,0.841384,-0.630141,-0.85527,-1.233601,854.6657,1.715489,0.116031,0.209288,0.646802,-0.183375,-0.306582,-0.792393,1002.4415,1.780368,0.130677,0.198319,1.676415,-0.2104,-0.379992,-0.842678,5249.834,5.017332,0.528063,0.693091,1.071051,-0.998227,-1.511576,-1.915383,4413.9355,4.822635,0.475546,0.625181,1.144985,-0.857938,-1.303247,-1.789112
1.0,50.0,8448.887,1.359072,2.056028,2.762535,3.668196,-1.673698,-2.170188,-3.163816,7999.293,1.367224,1.839793,2.419051,3.489015,-1.537922,-2.057901,-3.145373,14339.623,8.097329,3.810603,5.648471,6.151168,-3.080838,-4.33657,-4.944692,13428.96,7.748458,3.513942,5.238682,5.706573,-2.892252,-4.065214,-4.660366,1976.7076,2.772623,0.641113,1.155109,1.514947,-0.507271,-0.835849,-1.194312,2263.9116,2.886547,0.73868,1.296488,1.707138,-0.58605,-0.969369,-1.386297,12845.53,9.593161,4.038341,6.475424,7.125343,-3.243644,-5.17693,-5.747863,12965.362,9.67707,4.071505,6.545498,7.058512,-3.299566,-5.373132,-6.06522,8055.949,1.44686,1.854333,2.410941,2.995894,-1.547684,-1.968876,-2.944893,6180.463,1.295419,1.445677,1.941055,2.772758,-1.192664,-2.076031,-2.938509,16122.562,8.251113,4.32312,6.381039,6.959298,-3.441289,-4.804656,-5.316848,10032.387,8.03104,2.759377,4.260404,4.641544,-2.271492,-3.200681,-3.696534,2204.7012,2.831595,0.73765,1.342527,1.840454,-0.576088,-0.989705,-1.372057,2597.8647,3.004546,0.861984,1.561961,2.019542,-0.65953,-1.110671,-1.619819,14363.425,10.537156,4.604405,7.307981,7.86598,-3.703447,-6.153205,-6.878359,12026.261,10.081208,3.857886,6.299375,6.803197,-3.085485,-5.045495,-5.738804
1.0,100.0,12658.229,1.540899,3.107417,4.169064,5.744335,-2.523292,-3.084364,-4.221507,12165.4,1.554944,2.856871,3.718392,4.493748,-2.373556,-2.894059,-4.363668,22746.453,11.804831,6.430545,10.224117,10.80989,-5.354242,-7.714805,-8.41685,21109.064,11.226811,5.893141,9.434635,10.058194,-4.975928,-7.1985,-11.988629,3016.6191,3.700785,0.9806,1.98258,2.339491,-0.816817,-1.348452,-1.641693,3461.4722,3.880569,1.13543,2.292633,2.749269,-0.954578,-1.57841,-1.920871,19858.129,13.774451,6.807176,12.057501,12.935882,-5.421567,-8.808391,-9.511995,20134.82,14.045354,6.886098,12.271456,13.201375,-5.619525,-9.292488,-10.127803,12306.02,1.674558,2.971407,4.008668,7.116733,-2.409615,-2.93533,-3.828785,9368.055,1.448983,2.228991,2.892696,3.687947,-1.834969,-2.249433,-3.161858,25411.207,11.99038,7.24473,11.472575,12.108791,-5.943142,-8.502586,-9.536146,15677.737,11.589745,4.527724,7.511714,8.102203,-3.813675,-5.537196,-6.039597,3349.763,3.779102,1.121656,2.391658,3.044016,-0.929015,-1.615269,-1.993716,3900.1052,3.991622,1.30224,2.733612,3.230987,-1.046101,-1.801958,-2.156115,22434.049,15.333239,7.952112,14.178479,15.248533,-6.324241,-10.85314,-11.821997,18618.207,14.45967,6.569492,12.068774,13.137301,-5.168671,-8.751303,-9.566138
1.0,275.0,18898.898,1.803377,5.033374,8.405097,9.838772,-3.673975,-4.480773,-4.667006,19432.203,1.880207,4.628983,6.715356,7.856968,-3.681881,-4.533839,-4.704124,45605.297,22.76159,11.331786,19.55415,20.914997,-12.638106,-20.73422,-19.624048,41806.344,21.43443,10.34393,18.077341,19.324785,-11.605611,-18.80325,-19.062449,5711.651,6.147001,1.551027,3.744246,4.804935,-1.798593,-3.03579,-3.524782,6575.708,6.529436,1.817906,4.408901,5.410887,-2.112731,-3.59827,-3.955506,37646.625,25.685629,11.547401,23.566914,26.37255,-11.7479,-19.187254,-20.32274,38659.613,26.57073,11.87115,24.322971,27.379545,-12.398869,-20.54575,-21.900095,20017.89,2.090974,4.745104,6.478901,7.337354,-3.82481,-4.760194,-14.169648,15265.756,1.730229,3.558123,5.282807,6.395866,-2.97033,-3.508786,-10.535896,50041.62,22.854902,12.614641,21.73094,23.052923,-13.835029,-22.609697,-21.966675,31099.2,22.199682,7.741562,14.322231,15.680496,-8.726508,-14.259879,-13.6493,6341.7666,6.318132,1.771544,4.62733,5.799664,-2.062298,-3.716733,-4.199284,7231.055,6.602909,2.022458,5.179223,6.519267,-2.285433,-4.033079,-4.493934,43498.445,29.417988,13.975151,27.8286,30.613317,-13.975374,-24.899294,-26.906511,35541.496,27.147556,11.390475,22.979025,25.370384,-11.204805,-19.117641,-20.576762
1.0,275.0,18887.914,1.80391,4.963548,8.562822,9.646414,-3.643358,-4.328996,-5.665986,19414.598,1.880945,4.640239,6.57405,8.88119,-3.631771,-4.338447,-5.315642,45780.68,22.524055,11.200764,18.814241,20.105894,-12.240122,-18.455805,-21.188347,42009.523,21.199362,10.282623,17.551102,18.79994,-11.284442,-16.912645,-18.620222,5705.3403,6.093322,1.527746,3.73024,5.313699,-1.722241,-3.024286,-3.415885,6528.0986,6.428864,1.783077,4.387123,5.382203,-2.012386,-3.617512,-5.109957,37726.05,25.556517,11.390962,22.876575,25.494822,-11.28946,-19.270103,-20.620539,38420.387,26.164457,11.660354,23.625647,26.324966,-11.864391,-20.771313,-22.369337,19861.238,2.076814,4.75888,6.288469,7.079938,-3.760493,-4.511942,-5.699458,15168.275,1.72411,3.538241,5.406002,5.938356,-2.921779,-3.464373,-4.754186,50204.31,22.66486,12.430721,20.867638,22.189283,-13.409401,-19.857534,-21.462908,31330.38,22.141094,7.746502,14.088766,15.55045,-8.448451,-12.526026,-13.445692,6292.478,6.224929,1.734975,4.591961,5.644423,-1.96842,-3.740625,-4.243608,7224.8013,6.547178,1.997864,5.112229,6.251776,-2.178845,-4.026815,-4.668694,43156.105,28.937294,13.652982,26.521837,29.077906,-13.609147,-24.853489,-26.935846,35560.906,26.985043,11.241425,22.221428,24.616095,-10.923228,-19.242428,-20.476446
1.0,20.0,4535.576,1.20908,1.00828,1.408911,2.653613,-0.893963,-1.199742,-2.281015,4002.043,1.191094,0.870192,1.273469,2.597862,-0.810891,-1.101737,-2.202108,8480.528,6.109455,1.67346,2.197645,2.504806,-1.504893,-2.049241,-2.901569,7990.98,5.897883,1.539561,2.005314,2.580298,-1.42871,-2.004902,-2.516321,1253.7784,2.131674,0.317021,0.479617,0.839975,-0.284796,-0.46097,-0.840002,1457.146,2.224458,0.371159,0.556631,0.908405,-0.335389,-0.541002,-0.951982,7738.6597,7.64713,1.747129,2.371067,2.876514,-1.652409,-2.496263,-3.018721,7884.046,7.820703,1.760317,2.402038,2.831976,-1.718904,-2.657376,-3.368622,4157.752,1.243303,0.863519,1.110385,2.023173,-0.818151,-1.075832,-2.23216,3331.6758,1.171662,0.715966,0.960917,2.520614,-0.626981,-0.937869,-1.830484,9566.185,6.317361,1.895405,2.466663,3.002459,-1.690323,-2.327392,-2.801026,5945.3364,6.080182,1.231204,1.634712,1.998029,-1.140657,-1.604045,-2.291746,1437.0936,2.209679,0.369055,0.565888,1.132097,-0.330243,-0.603174,-1.357788,1691.6663,2.323094,0.428452,0.631756,1.005193,-0.377728,-0.602385,-0.98759,8651.844,8.661753,1.943009,2.631075,3.163151,-1.884475,-2.950022,-3.487154,7229.035,8.231106,1.648871,2.269563,2.583456,-1.560025,-2.422975,-2.886942
1.0,40.0,7377.4824,1.337198,1.740896,2.275561,3.611042,-1.474404,-1.893701,-6.566572,6747.133,1.326987,1.556562,2.012138,3.034259,-1.353048,-1.69481,-4.647239,12746.516,7.06161,3.239005,4.602529,5.054542,-2.640893,-3.655947,-4.177768,12068.35,6.800152,2.996,4.26825,4.72055,-2.492991,-3.438255,-4.286108,1828.9205,2.571501,0.564903,0.963337,1.359301,-0.461066,-0.737186,-1.591534,2140.7,2.700408,0.658656,1.111679,1.436746,-0.542496,-0.843621,-1.282607,11619.221,8.488084,3.439254,5.192275,5.631322,-2.869959,-4.446192,-5.090353,11917.199,8.621385,3.477243,5.309085,5.707981,-2.968954,-4.516731,-5.269954,6873.742,1.408941,1.574574,2.008464,2.942608,-1.380375,-1.729943,-2.706695,5332.676,1.271329,1.216652,1.62239,2.539724,-1.051971,-1.331923,-2.27185,14482.591,7.188942,3.687632,5.216565,5.707958,-2.962035,-4.062331,-4.696324,8896.811,7.094986,2.339788,3.475083,3.830278,-1.952786,-2.737185,-3.303046,2090.234,2.652194,0.657649,1.143632,1.582914,-0.529267,-0.863645,-1.259457,2422.2092,2.791124,0.760902,1.326834,1.706599,-0.602631,-0.989143,-1.315214,13142.285,9.301849,3.893044,5.849641,6.326951,-3.275482,-5.194847,-5.845777,10848.848,8.922591,3.25373,5.03957,5.450281,-2.716595,-4.375148,-4.894678
1.0,20.0,4613.2324,1.212036,0.888957,1.567979,2.143152,-0.879786,-1.179752,-2.551819,4500.758,1.22364,0.793838,1.397637,2.869223,-0.794023,-1.070754,-5.557246,8160.686,4.811031,1.764643,2.396961,2.784381,-1.543691,-2.119872,-2.739369,7712.092,4.62018,1.656654,2.249604,2.681326,-1.466235,-2.008312,-3.768415,1168.1134,2.028376,0.319086,0.534185,0.921978,-0.283664,-0.45072,-0.919535,1343.4758,2.083462,0.372115,0.670945,1.754759,-0.33078,-0.52517,-0.803863,7458.057,5.77695,1.853997,2.786485,3.256242,-1.704258,-2.562673,-3.075242,7551.8667,5.767149,1.897183,2.826889,3.198722,-1.734766,-2.651788,-3.139425,4546.2266,1.278905,0.796366,0.998296,2.073366,-0.809984,-1.236752,-1.90083,3320.1348,1.170076,0.627668,0.842947,2.131308,-0.635003,-0.849659,-1.793239,9280.008,4.86732,2.028108,2.771084,3.202358,-1.744509,-2.371038,-2.922683,5738.999,4.877048,1.31558,1.880796,2.182233,-1.173674,-1.613933,-2.058923,1325.0475,2.062079,0.376665,0.63192,0.979588,-0.327486,-0.541575,-0.944069,1574.1776,2.190749,0.436535,0.724565,1.139311,-0.375839,-0.594309,-1.588337,8321.606,6.15542,2.068631,3.060264,3.404447,-1.922511,-2.991192,-3.71222,6976.391,6.038069,1.748749,2.677076,3.202096,-1.620723,-2.517413,-2.956915
1.0,40.0,7163.7617,1.326589,1.760177,2.358551,3.267391,-1.479128,-1.905867,-7.308617,6315.8457,1.304119,1.583278,2.066492,5.164868,-1.350021,-1.710188,-2.851898,12690.173,7.04578,3.389057,5.101994,5.631033,-2.654302,-3.699887,-6.300999,12020.822,6.82713,3.140979,4.678187,5.079837,-2.506199,-3.496563,-4.029196,1774.1624,2.578173,0.577711,1.053571,1.523222,-0.451347,-0.726595,-1.065525,2082.1692,2.719288,0.671908,1.227093,1.616801,-0.527497,-0.835485,-1.15916,11421.089,8.382086,3.557204,5.850541,6.334121,-2.840625,-4.407244,-5.100561,11717.621,8.586518,3.634013,5.985706,6.446015,-2.91645,-4.532644,-5.148762,6508.504,1.383774,1.609302,2.053572,2.895162,-1.376189,-1.741988,-2.562063,5295.004,1.270178,1.237316,1.608252,3.644932,-1.065129,-1.362077,-2.335233,14474.157,7.218897,3.87661,5.681298,6.302719,-2.992113,-4.103024,-4.730689,8832.638,7.058119,2.449451,3.819878,4.234884,-1.95815,-2.780044,-3.29937,2033.7552,2.668313,0.674733,1.272751,1.632608,-0.517802,-0.873799,-1.272473,2342.4453,2.790229,0.778853,1.450882,1.893305,-0.589585,-0.981586,-1.34846,12937.411,9.240558,4.081986,6.616426,7.131091,-3.240133,-5.189044,-5.714705,10668.116,8.751284,3.392886,5.702236,6.250977,-2.691395,-4.312621,-4.772193
1.0,20.0,4108.967,1.188958,0.88816,1.173844,2.235801,-0.884622,-1.180877,-2.446444,4409.414,1.214058,0.789558,1.071647,2.978511,-0.806825,-1.089446,-2.045482,8384.292,5.081637,1.717338,2.287581,2.701699,-1.562825,-2.112239,-2.726865,7820.4204,4.851834,1.611728,2.152347,2.444114,-1.481714,-2.057682,-2.575982,1186.5253,2.058295,0.300624,0.517746,0.783622,-0.283458,-0.469231,-1.005174,1348.1632,2.113393,0.35347,0.56899,0.909515,-0.330131,-0.53395,-1.035207,7672.2017,6.04153,1.792783,2.690842,2.978546,-1.71837,-2.589686,-3.052653,7675.584,6.043036,1.826097,2.792236,3.20485,-1.74987,-2.71593,-3.12038,4467.4863,1.265952,0.778684,0.980332,1.893208,-0.804669,-1.041779,-1.978835,2782.6934,1.143126,0.620708,0.850089,2.072273,-0.625764,-0.856681,-1.872817,9408.461,5.123156,1.982256,2.604407,3.002345,-1.762357,-2.398281,-3.073057,5881.8564,5.089283,1.281933,1.839101,2.162627,-1.184825,-1.624834,-2.107365,1325.3586,2.087207,0.357948,0.584819,0.887936,-0.32661,-0.545151,-0.861994,1609.9368,2.235512,0.41086,0.688635,1.004305,-0.377064,-0.60328,-1.053358,8434.87,6.454987,1.993071,2.916436,3.26705,-1.936547,-3.035698,-3.46868,7160.04,6.315157,1.695818,2.614603,3.124859,-1.634012,-2.534444,-4.693185
1.0,40.0,7816.631,1.364801,1.761146,2.362786,3.435084,-1.469568,-1.87716,-5.462588,7024.1367,1.336921,1.564437,2.657224,3.057207,-1.347301,-1.701886,-2.683688,12820.853,7.072846,3.372591,4.904804,5.336712,-2.662259,-3.67979,-4.263589,12014.693,6.828173,3.108812,4.580436,5.015052,-2.508729,-3.496191,-4.124349,1782.7323,2.59064,0.561236,0.996378,1.251913,-0.45122,-0.712871,-1.018344,2056.3723,2.70692,0.658234,1.156431,1.554316,-0.524945,-0.848541,-1.324024,11503.762,8.377509,3.547376,5.691897,6.393286,-2.845439,-4.402351,-5.485636,11643.161,8.569121,3.571557,5.808061,6.37265,-2.919075,-4.612921,-5.924808,7111.7246,1.417387,1.583912,2.049401,2.75541,-1.362523,-1.730307,-2.535295,5805.0977,1.304911,1.235789,1.655763,2.553158,-1.063898,-1.402325,-2.520016,14490.071,7.249626,3.844283,5.598884,6.122307,-2.995658,-4.118723,-4.974808,8916.962,7.04673,2.435222,3.739657,4.205527,-1.957556,-2.914627,-3.201047,2007.4187,2.660931,0.650469,1.208416,1.652465,-0.51454,-0.864296,-1.191453,2351.6292,2.796105,0.75805,1.37118,1.799795,-0.58669,-0.95041,-1.379908,12867.999,9.205454,4.020948,6.461791,6.951799,-3.250569,-5.292345,-5.935056,10742.953,8.748683,3.381114,5.54178,6.178909,-2.699833,-4.351357,-4.949228
1.0,20.0,5046.6367,1.23292,1.287478,1.710502,3.6733,-1.063643,-1.388495,-2.581196,4908.635,1.223018,1.095582,1.39845,2.763855,-0.90727,-1.211262,-2.562924,8133.8794,5.755428,1.86196,2.566528,2.981375,-1.455097,-1.985887,-2.579261,7467.9204,5.515612,1.709171,2.390471,2.736781,-1.351002,-1.870772,-2.268523,1133.9633,2.044309,0.343065,0.539494,0.844879,-0.261869,-0.408428,-0.824074,1280.3092,2.110744,0.392567,0.626058,0.8951,-0.30033,-0.490455,-0.962842,7318.4653,7.346971,1.948767,2.883855,3.325809,-1.593898,-2.380074,-2.847209,7288.615,7.579977,1.953265,2.92084,3.373214,-1.611278,-2.519635,-3.055264,5192.865,1.290916,1.088741,1.433826,2.513879,-0.900663,-1.201912,-2.691274,3973.9688,1.206543,0.909718,1.19562,2.410464,-0.753845,-1.015453,-2.093464,9008.983,5.901722,2.107692,2.893848,3.533331,-1.608833,-2.190175,-2.707721,5634.1294,5.74011,1.376649,1.978848,2.419014,-1.088715,-1.513766,-1.919648,1274.5033,2.109799,0.401246,0.651891,0.965604,-0.298393,-0.510475,-0.917813,1544.1852,2.230412,0.465986,0.722409,1.108277,-0.348534,-0.530019,-1.066954,8078.43,8.465849,2.161537,3.212379,3.604734,-1.789405,-2.84797,-3.375241,6872.92,7.988989,1.854055,2.772242,3.114566,-1.506536,-2.25879,-2.714122
1.0,40.0,6895.826,1.292066,1.915421,2.45524,3.455403,-1.742368,-2.390491,-3.414587,7662.961,1.34043,1.691582,2.115439,3.264074,-1.550657,-1.978363,-3.358743,12499.988,7.531149,2.916967,3.743307,4.183108,-2.602311,-3.586749,-4.213887,11434.436,7.123124,2.656096,3.44194,3.771786,-2.418835,-3.420962,-3.921853,1728.5177,2.578181,0.474566,0.743012,1.041595,-0.43791,-0.683742,-1.079386,1931.4666,2.637322,0.539919,0.854283,1.183547,-0.505829,-0.858661,-1.314217,11325.31,9.365518,2.965553,4.196917,4.62265,-2.806462,-4.254672,-4.925859,11225.899,9.403919,2.956374,4.184464,4.551873,-2.887257,-4.650257,-5.437511,7954.4746,1.436306,1.711419,2.108641,3.041372,-1.552964,-1.946268,-4.036671,5102.9473,1.247525,1.351087,1.70713,2.607884,-1.234731,-1.583492,-2.692788,13799.542,7.552717,3.309576,4.25122,4.700046,-2.892745,-4.062581,-4.793625,8641.619,7.504902,2.048708,2.786253,3.172381,-1.89898,-2.656972,-3.050334,1900.9552,2.608683,0.539,0.898849,1.291791,-0.499676,-0.893955,-1.28044,2312.258,2.817889,0.636966,1.00324,1.391584,-0.571709,-0.876769,-1.135648,12485.808,10.329577,3.366572,4.622921,5.211082,-3.235379,-5.480641,-7.437083,10608.8,9.943796,2.811901,3.955882,4.3267,-2.656631,-4.072856,-4.587947
1.0,20.0,5707.8633,1.285414,1.054753,1.559597,4.055678,-1.096329,-1.43804,-2.680308,4962.744,1.230847,0.899372,1.290888,3.460132,-0.970088,-1.339993,-2.618437,8420.492,4.869317,1.724418,2.703627,3.112181,-1.606348,-2.224942,-2.758756,7703.81,4.743037,1.574058,2.380559,2.52958,-1.495292,-2.077302,-2.504978,1180.9419,2.057109,0.299458,0.496894,1.033161,-0.287629,-0.466303,-1.136791,1312.0131,2.111056,0.332626,0.542385,1.408549,-0.32704,-0.541913,-0.928454,7722.457,5.944233,1.830555,2.628403,3.162179,-1.775563,-2.750236,-3.282807,7579.536,6.068957,1.793963,2.62998,4.314764,-1.80403,-2.829277,-3.456069,4975.4316,1.281564,0.902685,1.206942,3.521079,-0.975851,-1.24649,-1.999314,4031.5625,1.22063,0.740839,1.045731,3.014904,-0.792791,-1.146828,-2.375593,9277.426,4.969208,1.92805,2.958025,2.882709,-1.780298,-2.446128,-2.982052,5856.6787,4.903843,1.276135,1.92198,5.287598,-1.201261,-1.683267,-2.077084,1302.2971,2.096401,0.338843,0.576355,1.68725,-0.32743,-0.560862,-0.91427,1594.3359,2.212307,0.40599,0.645183,1.447306,-0.38017,-0.589461,-1.03601,8413.31,6.533237,1.976844,2.882666,5.537883,-2.005024,-3.251018,-3.905837,7221.048,6.202066,1.724859,2.510747,4.568254,-1.689853,-2.594792,-3.200418
1.0,40.0,8402.07,1.420904,2.11302,2.779846,3.582835,-1.688675,-2.176304,-3.373686,7325.865,1.344391,1.86689,2.457503,3.636853,-1.481178,-1.877901,-3.01887,12413.399,6.540443,3.510652,5.054951,5.627851,-2.612243,-3.640046,-4.452919,11343.382,6.369977,3.178452,4.675377,4.979769,-2.423048,-3.503072,-3.959178,1701.3617,2.528185,0.568238,0.98878,1.358088,-0.432642,-0.685862,-1.168533,1904.7983,2.618343,0.65611,1.171688,1.530703,-0.494547,-0.830178,-1.14863,11186.215,7.886982,3.739158,5.802242,6.242759,-2.798587,-4.309055,-4.680073,11104.674,8.18664,3.696595,6.053254,6.472936,-2.862198,-4.681847,-5.344022,7611.326,1.442853,1.91108,2.442976,3.267912,-1.509567,-1.925545,-2.859095,6214.1367,1.353228,1.507918,1.941463,2.850811,-1.197394,-1.505758,-2.588532,13696.902,6.71754,3.933347,5.701062,6.204084,-2.901714,-4.085939,-4.71305,8595.625,6.545716,2.499197,3.789836,4.184578,-1.90738,-2.66519,-3.212133,1874.2112,2.585232,0.658626,1.211818,1.676545,-0.4905,-0.852957,-1.273022,2258.987,2.708487,0.761907,1.321218,1.839648,-0.562906,-0.887171,-1.290527,12295.735,8.817732,4.173757,6.728658,7.263795,-3.199593,-5.387717,-6.010638,10458.068,8.23013,3.500126,5.602148,5.963035,-2.6285,-4.210478,-4.713647
1.0,20.0,6147.6445,1.287082,1.309475,1.76369,3.267232,-1.135878,-1.541321,-2.513292,4543.168,1.166722,1.132782,1.544118,9.4477,-1.003302,-1.34547,-2.809995,7049.91,4.452284,1.564039,2.110909,2.527483,-1.371031,-1.884372,-2.529823,6734.286,4.334268,1.465887,2.031253,2.707904,-1.297888,-1.806394,-2.831593,1028.3683,1.981663,0.290864,0.52781,2.029378,-0.252098,-0.512741,-0.837437,1216.3566,2.05378,0.339043,0.545152,0.923358,-0.292954,-0.48103,-1.222906,6765.3843,5.32124,1.714374,2.553222,3.521288,-1.555017,-2.36077,-2.923694,7158.452,5.284329,1.787027,2.660039,3.11576,-1.627872,-2.405417,-3.051572,4827.1836,1.267154,1.097033,1.391365,5.83006,-0.9747,-1.269671,-3.162072,4775.002,1.23437,0.943738,1.213665,2.117252,-0.782889,-1.058538,-2.898983,8094.5923,4.545841,1.788042,2.386741,2.830584,-1.542132,-2.091163,-2.602683,4885.9604,4.509718,1.146767,1.648543,2.233402,-1.026721,-1.431928,-1.894032,1216.769,2.017063,0.348546,0.599498,1.046353,-0.293564,-0.555955,-1.014128,1381.654,2.111854,0.396719,0.653313,2.641251,-0.33333,-0.551372,-1.191423,7714.026,5.692625,1.920468,2.84135,3.305117,-1.754894,-2.699717,-3.234724,6209.9883,5.561583,1.589754,2.431748,2.8354,-1.443926,-2.258043,-3.129247
1.0,40.0,9479.615,1.44935,2.205252,3.21359,4.002944,-1.980281,-2.857723,-7.457337,8486.686,1.333105,1.927406,2.614349,4.916542,-1.739014,-2.518027,-6.981713,11932.414,7.177838,2.98307,4.281344,4.650869,-2.611589,-3.613859,-4.270263,11294.713,6.7796,2.779648,4.035076,4.654259,-2.446191,-3.38938,-4.253806,1724.2635,2.696641,0.507125,0.891852,1.265438,-0.441758,-0.744908,-1.143611,2022.3352,2.785167,0.591374,1.010462,1.321714,-0.52009,-0.840688,-1.249255,11335.236,8.631099,3.260996,5.138715,5.472491,-2.837657,-4.498121,-5.343168,11988.891,8.433449,3.404231,5.32293,5.844472,-2.979841,-4.615125,-5.395593,8836.26,1.518781,1.909301,2.749065,3.630226,-1.749067,-2.612901,-7.015717,6570.1953,1.316742,1.497071,2.02564,2.966714,-1.372812,-2.056454,-6.003224,13591.823,7.167466,3.426123,4.873886,5.280104,-2.927992,-3.954004,-4.440336,8214.58,7.205885,2.121644,3.206646,3.615172,-1.886591,-2.671386,-3.372075,2007.9674,2.710724,0.598516,1.05558,1.333116,-0.512108,-0.856025,-1.292767,2269.0925,2.88509,0.678274,1.211113,1.546314,-0.577566,-1.021152,-1.409285,13038.177,9.179615,3.743167,5.831037,6.279202,-3.270782,-5.29285,-5.949397,10427.557,9.019042,3.034169,4.902746,5.676666,-2.66204,-4.694573,-5.044409
1.0,20.0,7132.118,1.730411,1.079634,1.197136,2.264438,-1.168781,-1.442323,-5.730415,5547.6055,1.342908,0.847748,0.967182,1.902118,-0.997548,-1.288073,-2.176939,8954.699,5.336834,1.381733,1.575591,2.263546,-1.585779,-2.136645,-2.714921,7863.145,5.512705,1.176962,1.378483,1.946033,-1.437671,-1.982653,-2.657085,1295.7295,2.141131,0.23912,0.399086,0.796211,-0.283279,-0.442712,-0.874748,1334.9404,2.258305,0.239484,0.387322,0.708464,-0.30869,-0.514849,-0.885484,8414.123,6.219834,1.375513,1.872313,2.272014,-1.770469,-2.648841,-3.165142,7924.52,6.877171,1.275482,1.783904,2.227006,-1.78113,-2.751543,-3.201934,6136.8037,1.525051,0.910618,1.159346,3.433189,-1.031591,-1.3141,-2.055538,4627.7295,1.399035,0.689247,0.866789,2.445449,-0.780404,-0.98839,-1.731939,9343.104,5.770721,1.447413,1.65069,2.016602,-1.69892,-2.31752,-3.034972,6089.333,5.188202,0.937405,1.230084,1.546679,-1.180351,-1.610988,-3.152036,1317.4844,2.181887,0.243751,0.413109,0.772274,-0.308397,-0.52571,-0.87884,1729.7146,2.272732,0.320179,0.659546,0.877346,-0.374222,-0.580541,-0.973472,8557.817,7.439797,1.40892,1.867503,2.273335,-1.902078,-3.300753,-3.456289,7686.0635,6.620674,1.257093,1.739182,2.034205,-1.643968,-2.382393,-2.893108
1.0,40.0,10835.835,2.0985,2.371449,2.984352,3.681812,-1.854895,-2.260212,-3.114485,8650.723,1.533834,1.877321,2.459425,3.278362,-1.606852,-1.997114,-2.94652,13389.028,6.746558,3.537934,5.049048,5.478244,-2.817676,-3.964332,-4.622459,11753.269,6.85535,3.112769,4.507884,5.153589,-2.504015,-3.585532,-4.832993,1897.7795,2.640958,0.588814,1.018882,1.441357,-0.479905,-0.88432,-1.189946,1974.472,2.812687,0.626917,1.082111,1.79993,-0.504459,-0.798632,-1.214672,12653.146,7.985686,3.906342,5.855959,6.427906,-3.097146,-5.256383,-5.978203,11943.38,8.551803,3.704801,5.835792,6.325475,-3.026449,-4.608836,-5.599558,9638.691,1.82764,2.018323,2.590064,3.547298,-1.700778,-2.107051,-3.043811,7123.207,1.611844,1.473746,1.843145,2.333648,-1.240618,-1.538229,-2.176809,14012.259,7.175901,3.813265,5.421001,5.873349,-2.978273,-4.216246,-4.749067,9076.299,6.68707,2.493718,3.714261,4.119207,-2.033884,-2.903639,-3.520992,1927.8247,2.681949,0.628332,1.127881,1.500982,-0.497219,-0.81507,-1.265327,2503.694,2.811654,0.776349,1.350527,1.77923,-0.619685,-1.110236,-1.601126,12899.8955,9.138628,4.062036,6.349534,6.991036,-3.270714,-5.15037,-5.968955,11520.629,8.353433,3.586488,5.600712,6.106882,-2.831235,-4.596366,-5.843878
2.0,50.0,7858.2207,1.548458,0.508951,0.654359,2.060051,-0.433989,-0.724246,-2.423138,2802.2725,1.189199,0.182821,0.362382,1.977001,-0.432284,-0.643319,-1.679237,11827.898,9.380391,0.644524,0.746113,1.2608,-0.466102,-0.644631,-1.760062,13037.27,10.128806,0.648265,0.735826,1.663486,-0.533308,-0.74122,-2.112693,1995.9442,3.312817,0.085098,0.138429,0.703067,-0.212522,-0.312838,-1.151027,2234.1782,3.332782,0.094612,0.144439,1.04675,-0.240715,-0.374935,-1.142961,10000.514,9.619982,0.537732,0.653103,1.100216,-0.508664,-0.664071,-1.838558,10928.47,9.963244,0.561654,0.685166,1.369903,-0.564435,-0.788493,-2.145625,4823.708,1.306809,0.21153,0.340156,1.705408,-0.574469,-0.836056,-2.169896,3813.6895,1.199577,0.2122,0.383199,2.196381,-0.515512,-0.787248,-2.359993,13507.959,10.274336,0.677269,0.743882,1.54871,-0.649272,-0.879694,-2.223768,9988.156,10.718479,0.388883,0.444031,1.296944,-0.606292,-0.81024,-2.061199,2135.087,2.788319,0.092008,0.145074,0.831755,-0.244539,-0.415363,-0.989828,2362.523,2.902445,0.101224,0.155831,0.928711,-0.263645,-0.438935,-1.210795,12262.656,11.677947,0.579762,0.64045,1.381315,-0.712483,-0.990223,-2.687118,10294.71,11.597495,0.465641,0.531212,1.028419,-0.631962,-0.795843,-2.244029
2.0,100.0,4860.6836,1.252008,0.803849,1.156339,2.410429,-0.975384,-1.5172,-1.943421,4228.6826,1.263825,0.404297,0.554793,1.50657,-1.150205,-1.83937,-5.306243,11285.535,3.093188,1.257893,1.388665,1.93392,-0.921375,-1.526462,-3.987544,13541.304,3.663145,1.471513,1.65136,2.328301,-1.028027,-1.554915,-2.075924,2757.0127,3.042816,0.296711,0.41227,0.87393,-0.478482,-0.752899,-2.045836,3127.1526,3.091041,0.347956,0.445274,0.889439,-0.545272,-0.842074,-2.125754,9727.68,3.186992,1.202484,1.367769,1.868519,-1.011466,-1.607933,-2.059505,10934.269,3.368932,1.349915,1.552158,2.279796,-1.110114,-1.755304,-4.731245,6422.3086,1.368131,0.759354,0.955735,1.823669,-1.388568,-2.225012,-2.456892,5092.965,1.247718,0.630219,0.871749,2.284003,-1.302746,-2.050476,-5.718518,14377.525,3.786604,1.669941,1.850283,2.41545,-1.187081,-1.769374,-5.0949,13441.218,5.285247,1.18727,1.305822,1.951227,-1.224114,-1.711302,-4.662434,2941.085,2.726469,0.345862,0.482629,0.888155,-0.538224,-0.793046,-2.158946,3259.5935,2.816876,0.379592,0.493765,0.930744,-0.596212,-0.871168,-2.207249,12986.111,3.889665,1.608121,1.848305,2.398927,-1.305442,-1.967877,-5.357804,11174.305,4.04726,1.343911,1.54235,2.086684,-1.127801,-1.659157,-4.508241
2.0,150.0,6485.2734,1.336821,1.181666,1.941728,5.503257,-1.481732,-2.021449,-2.910389,6484.955,1.408307,0.935994,1.369265,2.157885,-1.801682,-2.439284,-3.818536,12936.984,3.168788,2.176766,2.51556,5.120155,-1.341087,-1.914535,-2.731781,15620.359,3.808848,2.600269,2.992166,5.601055,-1.475356,-2.156613,-5.979916,3727.233,3.598231,0.573216,0.803145,2.062266,-0.743869,-1.02351,-1.495313,4242.018,3.68001,0.659974,0.9,1.668815,-0.864132,-1.136137,-1.872614,11302.885,3.292161,2.137106,2.575799,3.103508,-1.461382,-2.001817,-2.705459,12739.369,3.511278,2.372706,2.845738,7.721706,-1.638826,-2.212125,-2.715167,9044.023,1.518628,1.460705,2.101465,3.332588,-2.096873,-2.961994,-7.742065,7805.582,1.389165,1.21583,1.647036,4.154652,-1.989749,-2.823349,-4.250197,16681.793,3.956119,2.936537,3.44521,7.72156,-1.657335,-2.369594,-6.038189,16335.452,5.74978,2.268257,2.574768,5.631864,-1.676066,-2.393235,-6.380395,3942.045,3.204221,0.653937,0.862612,2.10373,-0.825191,-1.193505,-1.611577,4343.5435,3.281299,0.724074,0.957541,2.216919,-0.899496,-1.316016,-1.795732,15178.693,4.067758,2.905998,3.804026,4.844443,-1.852452,-2.578045,-3.479181,13065.187,4.215621,2.457394,3.347998,4.248196,-1.562399,-2.165241,-2.843089
2.0,200.0,7554.367,1.39371,1.493587,2.242528,3.289289,-1.873324,-2.655733,-3.624448,7708.247,1.488836,1.484586,2.163606,5.980343,-2.234825,-3.069297,-3.793578,14236.952,3.31314,2.953044,4.198998,9.56943,-1.596971,-2.22394,-2.964226,17215.875,4.018681,3.548311,4.889126,10.573684,-1.750321,-2.323221,-3.019586,4649.53,4.174582,0.82058,1.075844,1.387822,-0.97233,-1.339735,-2.566009,5321.9863,4.289034,0.950921,1.256534,1.620009,-1.138675,-1.569692,-1.99318,12318.991,3.405193,2.987805,4.440782,4.154324,-1.69499,-2.524794,-2.937744,13921.037,3.644655,3.318786,4.892842,4.673572,-1.882319,-2.704569,-3.522657,10365.582,1.593995,2.099264,2.987508,3.561882,-2.572152,-3.480734,-4.333793,9212.59,1.465471,1.790809,2.514818,6.542943,-2.455627,-3.367652,-4.177593,18413.13,4.188264,4.037887,6.057092,14.653405,-1.928432,-2.605253,-3.33677,18301.848,6.193335,3.207668,4.498463,10.566199,-1.948793,-2.494162,-3.218968,4883.655,3.674402,0.924388,1.275739,1.628104,-1.094474,-1.618894,-2.289137,5340.4224,3.746129,1.014242,1.411903,1.801229,-1.184401,-1.760719,-2.270079,16679.848,4.26634,4.121553,6.392819,5.570354,-2.158203,-3.202416,-3.705938,14378.067,4.43203,3.491776,5.420889,5.017307,-1.81098,-2.689007,-3.322302
2.0,250.0,8342.852,1.446825,1.64833,2.572931,3.678426,-2.178659,-3.078916,-3.837023,8142.159,1.526876,1.567133,2.063717,2.883703,-2.521482,-3.494086,-4.403484,15279.345,3.752986,3.387638,4.123255,4.680145,-1.696448,-2.264155,-3.259685,18437.64,4.600076,4.047504,4.923901,5.784448,-1.882447,-2.498728,-3.22906,5356.626,4.77546,0.929298,1.272929,1.678047,-1.172733,-1.575591,-2.180631,6156.48,4.936694,1.069888,1.471525,1.809394,-1.37441,-1.880089,-2.456069,12816.17,3.725637,3.305018,4.372713,4.778653,-1.704551,-2.45858,-3.038896,14605.111,4.029996,3.671675,4.801031,5.256823,-1.925429,-2.772032,-3.930915,10923.58,1.641149,2.242255,2.984655,3.77905,-2.864599,-3.897919,-4.641776,9669.645,1.500754,1.889181,2.439177,3.426098,-2.736174,-3.799141,-4.81534,19610.2,4.747008,4.536006,5.710552,6.279722,-2.04761,-2.714503,-4.379661,19482.957,7.013876,3.645493,4.407827,4.843938,-2.119185,-2.683013,-4.508919,5609.8296,4.160329,1.058643,1.512276,1.854528,-1.305422,-1.933402,-2.387717,6075.933,4.206704,1.162367,1.6752,1.985524,-1.401472,-2.071677,-2.597384,17553.488,4.760359,4.501001,6.05652,6.69092,-2.212974,-3.293002,-3.90595,15080.949,4.917444,3.834193,5.192463,5.538701,-1.862127,-2.780675,-4.523471
2.0,300.0,8848.256,1.476376,1.875326,2.732849,3.497315,-2.443938,-3.463889,-4.078277,8837.818,1.58306,2.092389,2.874505,3.645914,-2.777914,-3.860737,-4.540622,15083.479,3.427977,4.110338,5.369782,5.861392,-1.788159,-2.390658,-3.030409,18534.096,4.26358,5.048655,6.59465,7.13472,-2.02216,-2.71249,-3.402601,5862.815,4.912424,1.205288,1.70081,2.048643,-1.352484,-1.836086,-2.931275,6735.52,5.112827,1.388329,1.994525,2.475554,-1.601276,-2.221058,-2.689156,12457.639,3.383432,3.948924,5.507293,6.036105,-1.711046,-2.472685,-3.04885,14356.216,3.69458,4.460459,6.256885,7.318277,-1.990755,-2.935574,-3.62811,11575.654,1.6848,2.754835,3.826042,4.608666,-3.12835,-4.276389,-5.221296,10422.068,1.553875,2.429633,3.141463,3.879795,-2.994482,-4.124547,-5.888845,19823.105,4.445676,5.640336,7.594215,8.406184,-2.203146,-2.919396,-4.716728,20017.918,6.638293,4.76018,6.022132,6.526959,-2.259287,-2.870392,-3.564568,6080.8096,4.286883,1.3664,2.075871,2.57634,-1.506689,-2.416375,-2.808132,6559.0293,4.301543,1.507273,2.246208,2.72378,-1.578471,-2.366937,-3.13007,17572.326,4.421163,5.569382,8.091615,9.022172,-2.323411,-3.542989,-4.289065,15164.627,4.57933,4.739161,6.937854,7.674186,-1.930373,-2.888563,-3.443737
2.0,350.0,9297.061,1.504237,2.089999,2.94021,3.720992,-2.597743,-3.681128,-4.286246,9406.767,1.635154,2.373029,3.308411,4.037106,-2.921915,-4.052707,-4.701807,15628.915,3.552484,4.578578,6.164803,6.653322,-1.890922,-2.553413,-3.100132,19105.025,4.41581,5.629719,7.592621,8.295691,-2.12011,-2.939757,-3.50236,6042.374,5.021849,1.347418,1.928493,2.27416,-1.432757,-1.930971,-2.472842,6988.3735,5.233566,1.563346,2.276971,2.724894,-1.691098,-2.357517,-2.882813,12901.449,3.491113,4.294943,6.263589,6.798273,-1.820321,-2.667883,-3.26072,14842.863,3.801373,4.902406,7.220191,7.718627,-2.090242,-3.094852,-3.841304,12216.027,1.737809,3.069903,4.284425,5.038753,-3.291925,-4.514382,-5.488513,10871.971,1.579321,2.62355,3.477762,4.162429,-3.154991,-4.396065,-5.327468,20369.377,4.58978,6.241993,8.711437,9.356082,-2.300329,-3.070322,-3.854972,20525.553,6.864388,5.373515,6.97494,7.489016,-2.378322,-3.061129,-4.715643,6297.9644,4.372965,1.516776,2.330728,2.64712,-1.5886,-2.421346,-2.883938,6715.981,4.373793,1.667771,2.554472,2.973805,-1.666601,-2.508499,-3.025606,18061.633,4.538472,6.1258,9.233588,9.89702,-2.434879,-3.769916,-4.389417,15575.114,4.721548,5.203139,7.891,8.649419,-2.045617,-3.13258,-3.721876
2.0,400.0,10637.41,1.580483,2.323516,3.971954,3.999715,-2.92078,-4.151901,-4.826292,10879.739,1.738745,2.631433,3.761878,4.725232,-3.273257,-4.567626,-6.232393,17334.895,4.001355,5.121804,8.354152,13.617752,-2.233826,-3.079091,-3.793328,20748.645,4.93266,6.179217,10.20299,27.768492,-2.445378,-3.323343,-3.992068,6608.6016,5.495763,1.461481,2.154238,6.218209,-1.593264,-2.184419,-2.652424,7667.5425,5.726411,1.695904,2.514301,7.442844,-1.889222,-2.626929,-3.060208,14608.297,3.969029,4.756571,7.005835,7.640026,-2.230937,-3.355259,-4.002071,16600.455,4.29036,5.371549,7.912753,8.392381,-2.504356,-3.726625,-4.395666,13982.482,1.855145,3.369205,4.712722,8.658212,-3.677408,-5.055291,-5.646842,12585.777,1.672473,2.897473,3.843159,8.173043,-3.555758,-5.002936,-5.817197,22020.883,5.102786,6.888453,10.315419,18.16331,-2.638058,-3.571245,-4.289644,21928.664,7.611271,5.86656,9.118358,24.173866,-2.661386,-3.493468,-4.308734,6884.8823,4.737199,1.666101,2.982291,8.716003,-1.768894,-2.691268,-3.043989,7307.341,4.736115,1.825841,3.299999,3.305629,-1.842905,-2.786314,-3.346393,19849.863,5.095865,6.623315,10.263479,11.430541,-2.872003,-4.513472,-5.211938,17086.084,5.307949,5.646876,8.79686,10.606656,-2.413931,-3.809556,-4.337011
2.0,450.0,12332.867,1.69111,2.26702,3.679875,4.456174,-3.409794,-4.888768,-6.26157,12054.433,1.814368,2.449269,3.230107,4.045857,-3.751065,-5.250938,-6.842287,19153.08,5.11753,5.33569,7.005595,7.591797,-2.384429,-3.333903,-4.00144,22633.365,6.284394,6.285919,8.241602,8.94204,-2.654323,-3.673355,-4.509788,7658.7944,6.718292,1.398347,2.038938,2.437083,-1.866709,-2.633255,-3.360516,8932.215,7.047405,1.615093,2.38967,2.793301,-2.234101,-3.194867,-3.786604,15691.641,4.871856,4.928245,7.0915,7.632124,-2.252264,-3.471808,-4.318937,17897.148,5.302594,5.480331,7.968207,8.447714,-2.585355,-3.984531,-5.077923,15535.019,1.95536,3.151237,4.34856,5.019276,-4.184606,-5.799101,-6.794375,13883.486,1.743355,2.696341,3.517543,4.330962,-4.041913,-5.642906,-6.454184,23854.287,6.418657,6.79625,9.257056,9.804204,-2.816872,-3.905611,-4.757052,23465.342,9.446328,5.72958,7.230373,7.820524,-2.842395,-3.833503,-4.514086,7961.914,5.684817,1.584306,2.514171,2.851933,-2.070591,-3.192595,-3.625868,8348.348,5.645107,1.727657,2.767597,3.402189,-2.11716,-3.256372,-3.757124,21241.467,6.29696,6.636068,9.973866,10.491894,-2.997611,-4.706891,-5.288073,18198.734,6.502525,5.609932,8.422707,9.271257,-2.507535,-3.971495,-4.660105
2.0,500.0,12942.139,1.711904,3.132378,3.927676,4.775019,-3.773182,-5.830509,-6.096554,13173.903,1.894158,3.506991,4.925889,5.7539,-4.114821,-5.775074,-6.557986,18955.705,4.358122,6.178763,8.828553,9.60265,-2.556811,-3.564737,-6.866056,22743.188,5.450459,7.450451,10.662885,11.222716,-2.853624,-4.100631,-4.740899,8233.383,6.675365,1.830881,2.695797,3.099092,-2.075035,-2.890223,-3.531863,9603.624,7.026573,2.119146,3.184668,3.726891,-2.49757,-3.572809,-5.577005,15495.182,4.20276,5.713227,8.925282,9.683743,-2.380322,-3.627474,-4.279944,17831.395,4.624901,6.491312,10.1613,10.980822,-2.738324,-4.451459,-5.019452,16580.918,2.006095,4.340421,6.192296,7.04295,-4.574202,-6.363354,-9.679346,15152.129,1.821384,3.885993,5.217481,6.074167,-4.423173,-6.180358,-6.896036,24051.742,5.627994,8.134577,12.08948,12.699914,-3.022863,-4.245745,-6.72064,23994.182,8.41094,7.181177,9.963324,10.743738,-3.02556,-4.141357,-5.287033,8490.258,5.684457,2.054327,3.313843,3.771115,-2.292218,-3.59758,-4.051444,8857.179,5.571413,2.224439,3.598143,4.134018,-2.304985,-3.543909,-4.087795,21456.863,5.557811,8.019148,13.128525,13.969663,-3.199012,-5.222283,-6.125822,18448.066,5.748081,6.822118,11.205561,11.886143,-2.66585,-4.253349,-5.060393
2.0,600.0,14636.295,1.80235,3.951538,5.074276,5.906481,-4.354876,-6.23526,-7.005239,15083.532,2.025987,4.37471,6.308371,6.930136,-4.697831,-7.065141,-7.277863,20313.066,4.581622,7.13913,10.664848,11.319084,-2.888756,-4.069384,-4.784187,24165.375,5.693513,8.553291,12.763329,13.548351,-3.229451,-4.587578,-5.554636,9219.794,7.29045,2.177301,3.289037,3.785741,-2.387919,-3.344602,-3.856952,10810.768,7.680241,2.541909,3.906902,4.391379,-2.895137,-4.18393,-5.496878,16546.348,4.382315,6.53291,10.849308,11.479044,-2.651203,-4.076389,-4.873548,19034.848,4.811155,7.439651,12.317126,13.306245,-3.069281,-4.746492,-5.51199,18790.23,2.142996,5.323553,7.720807,8.689273,-5.206566,-7.213787,-8.078266,17088.33,1.918956,4.819894,6.623472,7.508813,-5.043173,-7.044782,-8.005852,25401.193,5.840931,9.281102,14.424205,15.054056,-3.378418,-4.787826,-5.51195,25406.588,8.801071,8.389988,12.177416,12.913188,-3.348552,-4.594029,-5.307992,9464.953,6.137056,2.461467,4.051801,4.560466,-2.613798,-4.112096,-4.654756,9836.2295,6.023712,2.627733,4.416114,4.924111,-2.601904,-4.055084,-4.658117,22779.715,5.765741,9.207204,16.07667,17.107262,-3.556578,-5.839751,-6.706763,19594.994,5.991519,7.840315,13.720338,14.621976,-2.956836,-4.816737,-5.670096
2.0,700.0,16422.79,1.905935,4.782193,6.283976,6.841614,-4.973208,-7.133677,-7.915884,16995.53,2.159639,5.246988,7.773927,8.602433,-5.316809,-7.503837,-8.278573,21437.783,4.718764,7.944739,12.274823,13.112513,-3.253454,-4.624174,-5.539285,25408.848,5.884532,9.491724,14.683327,15.812019,-3.654307,-5.265833,-5.943461,9963.652,7.665297,2.500017,3.878443,4.965722,-2.647171,-3.7885,-4.138562,11734.244,8.138219,2.92893,4.484018,4.911667,-3.241192,-4.783915,-5.254457,17426.783,4.494563,7.255719,12.52876,13.463599,-2.945797,-4.610643,-5.219696,20109.318,4.960343,8.279245,14.374109,15.170586,-3.440058,-5.433051,-6.053907,20954.537,2.273327,6.305686,9.26582,10.73869,-5.864199,-8.171667,-8.962931,19262.44,2.044424,5.793855,8.142564,9.31455,-5.698038,-8.15698,-8.79062,26549.85,6.001181,10.245395,16.49462,18.680277,-3.784083,-5.462774,-6.326359,26570.012,8.994581,9.425327,14.251228,14.994433,-3.685807,-5.165934,-5.773717,10249.658,6.48531,2.800067,4.644854,5.146017,-2.928653,-4.681958,-5.056759,10658.952,6.342618,2.946561,5.039927,5.747437,-2.891427,-4.574227,-5.27343,23923.805,5.925909,10.200551,18.59282,19.955677,-4.00188,-6.666587,-7.701715,20560.268,6.143465,8.665731,15.828289,18.575699,-3.284021,-5.440908,-6.224954
2.0,800.0,20006.023,2.283578,5.205059,7.045661,7.737701,-5.470131,-7.864782,-9.019254,17920.373,2.187821,5.611694,8.041494,9.512114,-5.822168,-8.275071,-8.982796,24679.639,13.415399,8.950493,13.898197,14.664974,-3.47018,-5.000339,-5.637235,27938.67,15.601268,10.129989,15.800946,16.681927,-3.869301,-5.641799,-7.500311,10137.261,12.03101,2.337688,3.10054,3.494184,-2.6723,-3.931366,-4.539762,11907.1875,12.833628,2.74899,3.676858,4.096147,-3.245792,-4.915857,-5.382959,20151.357,12.403087,7.878511,12.914896,13.671936,-3.126585,-4.924139,-5.900903,22806.254,13.493903,8.790877,14.249556,15.051764,-3.645608,-5.765355,-9.103195,22816.559,2.406548,6.66726,9.263141,9.942803,-6.389282,-8.954436,-9.981399,20932.44,2.147908,6.178375,8.596875,9.751997,-6.234219,-8.733582,-11.806087,29031.033,15.695976,10.555505,16.623163,17.465128,-3.991313,-5.777145,-6.411859,27754.014,21.261703,9.278407,13.866645,14.469827,-3.876198,-5.451067,-6.055809,10608.088,9.606366,2.609066,3.589705,4.117471,-2.960867,-4.821831,-5.406998,11018.658,9.504865,2.754085,3.759398,4.97144,-2.938268,-4.790051,-5.529793,26368.928,15.887249,10.012644,16.215136,17.330887,-4.225169,-7.139646,-7.965746,22451.19,15.900948,8.320512,13.239693,14.047352,-3.498255,-5.849646,-6.647181
2.0,900.0,18640.51,2.018226,6.031121,8.170942,9.877756,-5.97923,-8.606266,-9.654444,19620.008,2.333298,6.621089,9.719382,10.70237,-6.296014,-8.926898,-9.757048,23195.246,5.7383,9.075002,14.735627,15.458136,-3.897744,-5.649242,-6.293664,26859.604,7.084989,10.572932,17.119038,18.23204,-4.287045,-6.273018,-7.203283,10263.15,8.862436,2.79019,4.052339,4.411777,-2.832498,-4.216937,-5.577533,12155.263,9.424584,3.2843,4.814216,5.448745,-3.437154,-5.248992,-5.802095,18900.78,5.427662,8.142224,14.915856,15.708914,-3.502006,-5.587962,-6.30245,21623.412,5.965415,9.268128,16.832737,18.030127,-3.99324,-6.393323,-7.16122,24072.064,2.462969,7.864308,11.464742,12.478733,-6.885657,-9.629314,-10.573496,22093.111,2.180885,7.289397,10.293921,11.043355,-6.738045,-9.437833,-10.413766,27760.152,7.174831,11.264267,18.898075,20.003428,-4.349533,-6.414484,-7.273336,27681.207,10.788977,10.56037,16.763107,17.558008,-4.27129,-6.105689,-7.0593,10895.73,7.553236,3.138977,4.900329,5.374065,-3.163862,-5.166382,-5.948139,11282.957,7.428936,3.252991,5.33028,5.964417,-3.192616,-5.304639,-6.07965,25317.0,7.083989,11.218924,21.475508,22.806377,-4.645403,-7.948118,-9.33127,21758.803,7.392093,9.545031,18.277407,19.422987,-3.903674,-6.740447,-7.499191
2.0,1000.0,19980.896,2.093545,6.752346,9.446373,10.375764,-6.543255,-9.437275,-10.211368,21366.191,2.460221,7.412828,11.218257,12.070932,-6.886322,-9.845906,-10.573037,24205.91,5.932013,9.83349,16.389444,17.525763,-4.258129,-6.241367,-6.926792,28028.648,7.392352,11.440044,18.939817,19.932224,-4.740114,-7.085389,-7.886565,10630.013,9.11631,3.103843,4.496687,4.998909,-2.917253,-4.509095,-6.029364,12523.489,9.736528,3.706591,5.392275,5.773717,-3.568626,-5.573872,-5.982978,19632.533,5.538945,8.840614,16.794075,17.7779,-3.781935,-6.185249,-6.833971,22499.791,6.151172,10.123337,19.076904,20.270685,-4.358238,-7.154987,-7.935763,26061.355,2.587599,8.778218,13.070346,13.881329,-7.520052,-10.612736,-11.681736,23741.129,2.27782,8.148191,11.834157,12.680863,-7.309187,-10.267313,-11.100914,28768.67,7.42063,12.190116,21.033478,22.402864,-4.752914,-7.18343,-8.127247,28573.764,10.98608,11.485055,18.74752,19.784985,-4.563171,-6.623628,-7.471275,11314.75,7.889504,3.520926,5.460504,5.906174,-3.33672,-5.566547,-6.174441,11822.94,7.721965,3.603135,5.84641,6.349972,-3.359077,-5.567445,-6.241287,26251.03,7.291162,12.297016,24.428703,26.476992,-5.114314,-9.124079,-10.108653,22587.754,7.55204,10.426771,20.739742,22.30452,-4.240519,-7.463052,-10.002671
2.0,50.0,1515.6621,1.082845,0.363552,0.579873,1.691446,-0.319533,-0.493301,-3.951223,336.3614,1.022813,0.066712,0.186537,1.106673,-0.290581,-0.440137,-1.074913,8409.926,2.778157,0.581758,0.679067,1.305402,-0.470802,-0.596702,-2.002445,9259.767,3.192761,0.583047,0.660985,1.209221,-0.58321,-0.808828,-1.368897,1455.3856,2.142547,0.128881,0.180939,1.123552,-0.213816,-0.30619,-0.668909,1608.5995,2.153925,0.138789,0.225167,0.771908,-0.246821,-0.350883,-0.796338,6912.823,2.644547,0.593347,0.711587,1.462329,-0.435258,-0.543155,-1.086039,7813.8076,2.835289,0.654228,0.773484,1.348844,-0.532194,-0.662431,-1.336152,1477.3223,1.088013,0.217749,0.361454,1.345004,-0.403283,-0.60979,-1.315681,1009.0469,1.054244,0.254617,0.456742,1.583099,-0.351206,-0.527666,-1.218916,9795.751,3.266479,0.690997,0.777269,1.307209,-0.733175,-0.839943,-1.599568,7099.8955,3.551206,0.452832,0.527678,0.812668,-0.673231,-0.749217,-1.392388,1534.6086,1.958931,0.139422,0.219395,0.595119,-0.237636,-0.342987,-0.68871,1662.5339,1.968955,0.152637,0.221337,1.110491,-0.256279,-0.39771,-0.817879,9173.925,3.258078,0.735374,0.837476,1.280056,-0.758244,-0.931013,-1.557392,7642.7627,3.271091,0.58621,0.654956,1.051344,-0.687635,-0.886849,-1.415089
2.0,100.0,3222.164,1.179494,0.681862,1.075493,2.00848,-0.710659,-1.100296,-2.321428,1948.9424,1.131808,0.140715,0.258947,1.778663,-0.793471,-1.142117,-2.645536,10867.57,3.260128,1.368946,1.537943,1.974417,-0.7382,-0.994939,-1.494122,12946.61,4.023922,1.476018,1.652123,2.234495,-0.90752,-1.095311,-1.756462,2503.6035,2.926255,0.33017,0.433701,1.074376,-0.443768,-0.622622,-1.123524,2819.3606,2.991014,0.378258,0.46662,1.042443,-0.508326,-0.885318,-1.05135,8731.443,3.04716,1.321276,1.516167,2.695777,-0.704976,-0.991516,-1.985109,10025.271,3.321736,1.473599,1.67219,2.22385,-0.849932,-1.091771,-1.781716,3503.879,1.209314,0.453149,0.666352,2.749151,-0.968817,-1.353243,-2.102699,3114.164,1.169903,0.468095,1.007304,2.445417,-0.857039,-1.299715,-1.871284,13759.373,4.121939,1.724876,1.918463,2.391339,-1.102093,-1.308872,-2.06475,12105.66,5.264786,1.206256,1.345515,1.764795,-1.25745,-1.450919,-2.094729,2650.7747,2.622977,0.360275,0.460263,0.921049,-0.500082,-0.82598,-1.494928,2837.8896,2.620327,0.385968,0.520775,0.847305,-0.534698,-0.777124,-1.212239,12288.83,3.969669,1.766464,2.090707,3.078564,-1.12267,-1.398587,-2.015997,10590.541,4.079097,1.476015,1.748207,2.697993,-1.012317,-1.295696,-1.923225
2.0,150.0,4468.5625,1.248326,0.897085,1.463014,2.301986,-1.120255,-1.608772,-2.397283,3842.416,1.263879,0.475799,0.683319,1.627085,-1.293283,-1.810044,-2.371587,12218.833,3.48705,2.114199,2.445701,3.086782,-0.979497,-1.245574,-1.938557,14725.799,4.336611,2.354401,2.699219,3.29314,-1.160934,-1.420092,-2.103899,3354.5496,3.560071,0.533938,0.779058,1.152714,-0.660597,-0.892136,-1.289097,3801.7437,3.641939,0.610376,0.799527,1.116849,-0.759328,-1.037943,-1.345638,9860.618,3.278143,2.022926,2.519998,2.939552,-0.94314,-1.373899,-1.73017,11314.101,3.574216,2.271025,2.779322,3.310735,-1.082402,-1.449761,-3.87705,5756.3027,1.349353,0.865908,1.276502,2.198124,-1.526882,-2.114545,-2.852686,4778.1836,1.25978,0.691148,0.984844,1.947962,-1.392673,-1.941625,-2.765791,15710.594,4.465775,2.748552,3.1982,3.85647,-1.364003,-1.796519,-2.522611,15258.408,6.300611,2.049539,2.43059,2.729333,-1.635483,-1.88715,-2.729824,3541.3547,3.135063,0.598834,0.793568,1.258963,-0.737248,-1.067505,-1.410677,3787.3572,3.142339,0.642379,0.929652,1.313309,-0.781218,-1.183202,-1.669797,13908.062,4.283763,2.794182,3.477811,4.09278,-1.354035,-1.87056,-2.486573,12090.26,4.45843,2.364655,2.930367,3.355519,-1.221055,-1.604995,-2.125046
2.0,250.0,6460.5527,1.361935,1.128542,1.811618,2.604171,-1.899681,-2.719169,-3.779275,6081.5215,1.399096,1.024911,1.439726,2.943616,-2.193578,-3.08151,-3.532006,14207.889,4.058545,3.250963,4.012952,4.468752,-1.512422,-1.991026,-2.713142,17210.686,5.175461,3.802176,4.633668,5.33364,-1.737981,-2.309491,-2.983621,4667.652,4.722258,0.832025,1.359672,3.795452,-1.043254,-1.427058,-1.761388,5299.7197,4.959409,0.9521,1.605989,1.700598,-1.232737,-1.764945,-2.119803,11661.382,3.902432,3.015094,3.985001,7.086625,-1.433669,-2.099324,-4.291358,13359.392,4.335134,3.414184,4.513471,8.446093,-1.686392,-2.477476,-3.965121,8695.922,1.516413,1.527427,2.513264,6.21447,-2.484538,-3.431782,-4.089702,7738.658,1.434795,1.291762,1.898233,5.158359,-2.333825,-3.236248,-3.914662,18374.455,5.377741,4.285986,5.408893,7.593406,-1.930042,-2.541843,-3.367941,18118.37,7.709886,3.360371,4.059871,5.505399,-2.054392,-2.792655,-3.06882,4904.9497,4.158816,0.945414,1.543372,4.318272,-1.198454,-1.857687,-2.244227,5313.807,4.117259,1.03857,1.70879,4.715613,-1.227518,-1.873765,-2.856378,16489.059,5.329777,4.276913,6.184193,13.226085,-2.056449,-3.423032,-3.825252,14168.341,5.357263,3.562879,5.046027,10.682268,-1.689262,-2.418242,-2.936094
2.0,300.0,7589.3926,1.409186,1.173164,1.884198,2.775576,-2.183099,-3.485763,-9.006528,7180.833,1.460121,1.326008,1.698069,2.41297,-2.557765,-4.123231,-11.094949,13650.835,3.880891,3.232888,4.095856,4.768724,-1.636585,-2.58655,-4.539278,16546.473,4.85218,3.901701,4.886795,5.328214,-1.842519,-2.902351,-7.663186,4939.3804,5.395308,0.868364,1.169155,1.4922,-1.16253,-1.828426,-4.922062,5749.3066,5.742507,1.008678,1.385431,1.814923,-1.373068,-2.156153,-5.681386,11019.318,3.81265,2.960332,3.965259,4.365135,-1.510668,-2.2886,-5.250387,12707.478,4.234171,3.348863,4.496225,5.100672,-1.750015,-2.694552,-6.888275,9884.541,1.56958,1.816165,2.367245,3.407142,-2.876916,-4.720497,-4.571871,9459.73,1.514747,1.565774,1.939028,3.147975,-2.703884,-4.422399,-4.473284,17435.012,5.024981,4.284257,5.523568,6.032582,-1.981474,-3.127444,-5.436446,17834.701,7.671499,3.669709,4.444362,4.94337,-2.119624,-3.155737,-3.39509,5220.4946,4.739239,0.997089,1.404215,1.872356,-1.30902,-1.963779,-2.520394,5514.2573,4.631757,1.07005,1.52464,2.004151,-1.372114,-2.182193,-2.682538,15448.56,5.113323,4.188821,5.826628,6.281364,-2.087489,-3.209166,-3.918899,13330.308,5.23622,3.539626,4.875234,5.397481,-1.751984,-2.65538,-3.369449
2.0,350.0,8014.8555,1.421798,1.531503,1.941547,2.737128,-2.541546,-4.416777,-4.947857,8505.458,1.559876,1.88086,2.567133,3.430229,-2.941659,-4.920863,-4.746548,14721.063,4.095884,3.988988,5.268555,5.871953,-1.860659,-2.995448,-8.301253,17644.271,5.020024,4.750548,6.232943,6.811116,-2.069674,-3.3897,-3.486899,5562.9497,5.936917,1.094066,1.518722,1.894547,-1.366511,-2.236728,-2.319767,6469.5083,6.144781,1.271979,1.761445,2.158599,-1.609051,-2.665143,-2.800727,11849.335,3.961929,3.640951,5.228364,5.759728,-1.709028,-2.832682,-3.416968,13573.127,4.312488,4.117071,5.968391,6.494489,-1.950502,-3.203273,-5.144105,11518.271,1.683069,2.528548,3.482362,4.412695,-3.315707,-5.53808,-5.464804,9485.051,1.487965,1.981988,2.547052,3.999581,-3.128695,-5.259133,-5.133652,18580.547,5.1738,5.189507,7.091943,7.56131,-2.212064,-3.539608,-3.781002,19065.16,8.170303,4.544342,5.785534,6.331642,-2.327615,-3.644892,-3.596609,5837.7026,5.035865,1.232657,1.790684,2.204085,-1.508235,-2.414665,-2.65019,6159.443,5.064196,1.338999,2.007606,2.452246,-1.565854,-2.483638,-2.924672,16440.092,5.152383,5.112081,7.587778,8.310255,-2.304997,-3.50356,-4.160778,14319.005,5.499997,4.385677,6.476741,7.167659,-1.965371,-2.979638,-4.275446
2.0,400.0,8505.135,1.453788,1.938184,2.387341,3.250791,-2.673204,-3.822558,-4.777866,9258.383,1.626956,2.364036,3.273647,4.206849,-3.030235,-4.290715,-4.83866,15181.924,4.142432,4.562408,6.2235,6.829769,-1.917235,-2.61365,-3.519589,18229.975,5.116705,5.408032,7.345592,8.169518,-2.158323,-2.960955,-6.049876,5837.5513,6.013298,1.257622,1.77819,2.066541,-1.417951,-1.953575,-2.901077,6783.331,6.250086,1.463821,2.098459,2.48022,-1.698976,-2.396266,-2.82119,12227.091,3.973886,4.167072,6.158811,6.707213,-1.791765,-2.708939,-5.451634,14026.482,4.349155,4.725451,7.021651,7.625989,-2.054179,-3.376106,-3.85915,12258.223,1.735902,3.069797,4.284928,5.244283,-3.379854,-4.718196,-5.695167,10060.145,1.527645,2.491347,3.249872,4.083693,-3.22182,-4.50596,-5.32999,19307.92,5.322324,5.920989,8.308951,8.748092,-2.321059,-3.146274,-3.926907,19599.785,8.228262,5.229841,6.849336,7.26695,-2.386355,-3.099365,-4.030605,6088.97,5.099212,1.419682,2.155943,2.537215,-1.60136,-2.471699,-3.028676,6426.4673,5.080911,1.539753,2.344099,2.733024,-1.629496,-2.473588,-3.120485,17051.098,5.243218,5.857342,8.982916,9.570699,-2.437315,-3.91793,-6.127965,14789.823,5.52807,5.00386,7.697879,8.111612,-2.045078,-3.224686,-3.856617
2.0,200.0,4530.168,1.244893,0.927419,1.58778,2.36079,-1.286856,-1.848396,-2.411435,4345.3594,1.294855,0.703309,0.930077,1.803206,-1.526545,-2.094229,-2.622323,11876.006,3.605018,2.421175,2.870497,3.308317,-1.071735,-1.442589,-2.136739,14520.806,4.523427,2.840832,3.351354,3.849943,-1.267489,-1.711857,-2.345567,3452.5476,4.026082,0.606594,0.805353,1.27588,-0.735246,-1.045843,-1.357252,3931.067,4.131259,0.694795,0.937609,1.7812,-0.852627,-1.183912,-1.893879,9537.485,3.425234,2.264018,2.905248,3.651248,-1.001809,-1.580974,-2.133312,10938.624,3.757315,2.562665,3.306692,3.966325,-1.153795,-1.731008,-2.583872,6464.0586,1.38744,1.179254,1.571677,2.321687,-1.78975,-2.394169,-3.025537,5016.051,1.267687,0.840172,1.124377,2.385537,-1.636891,-2.257849,-2.79568,15386.228,4.706799,3.196312,3.887368,4.372323,-1.444726,-1.96473,-5.600576,15217.218,6.892599,2.440908,2.849026,3.258098,-1.664903,-2.374496,-6.448331,3616.2822,3.493478,0.683543,0.94511,1.411135,-0.806351,-1.227685,-1.612999,3907.2166,3.523682,0.743077,1.029975,1.515836,-0.853955,-1.269844,-1.828455,13444.901,4.546012,3.201368,4.293973,4.746286,-1.435274,-2.261068,-2.480901,11713.432,4.756913,2.708137,3.518654,3.916583,-1.272952,-1.814236,-2.542626
2.0,450.0,10416.582,1.573389,2.118616,2.795614,3.620038,-3.129477,-4.47901,-5.085526,10883.531,1.738054,2.480471,3.539693,4.448242,-3.52265,-4.947832,-5.578832,16906.951,4.860626,4.980681,6.816153,7.236857,-2.243596,-3.099897,-3.876331,20204.52,6.117936,5.873721,8.036641,9.153073,-2.527795,-3.526626,-4.365773,6800.437,7.01041,1.337184,1.915582,2.261017,-1.680187,-2.337598,-2.731613,7965.0396,7.427766,1.55881,2.388778,2.643347,-2.036513,-2.91627,-3.45478,13567.936,4.574374,4.597798,6.910085,7.881282,-2.069213,-3.12899,-3.734504,15588.747,5.082715,5.199431,7.902623,8.448563,-2.391872,-3.668329,-4.224374,14115.77,1.852843,3.243334,4.688737,5.558014,-3.872629,-5.378161,-6.08164,12344.424,1.672435,2.717735,3.659855,4.528915,-3.698464,-5.196128,-5.948664,21273.592,6.334247,6.412034,9.04754,9.523972,-2.679135,-3.721314,-4.335975,21198.94,9.460633,5.504934,7.212657,7.600184,-2.690061,-3.605003,-4.226389,7105.342,5.967825,1.521599,2.351774,2.789929,-1.905026,-2.925107,-3.329385,7368.5957,5.770093,1.638537,2.509336,3.01727,-1.898069,-2.86817,-3.403519,18857.844,6.156678,6.38932,9.94512,10.642977,-2.840804,-4.53508,-5.672221,16251.941,6.380484,5.41435,8.42703,9.743328,-2.359204,-3.680177,-4.261782
2.0,500.0,11419.283,1.624394,2.716146,3.590766,9.583179,-3.557424,-5.140143,-5.961437,11895.377,1.802047,3.179725,4.792786,8.703513,-3.93649,-5.589288,-6.249288,17694.828,4.884322,5.740106,8.351,17.358929,-2.482083,-3.477883,-4.163603,21196.184,6.229253,6.881787,9.94155,10.196668,-2.789616,-3.900587,-4.714857,7365.127,7.484062,1.570199,2.432454,5.199889,-1.893,-2.670716,-3.168657,8712.13,8.030665,1.853724,2.8818,6.443747,-2.290012,-3.306908,-3.760503,14162.041,4.596561,5.139408,8.087917,11.215704,-2.267458,-3.595241,-4.048631,16354.805,5.15143,5.893471,9.398779,13.535236,-2.604395,-4.030206,-4.545699,15100.723,1.894397,3.974379,6.191382,11.172395,-4.315135,-6.021897,-9.151355,13929.443,1.765886,3.530877,4.959679,9.520132,-4.203465,-5.827862,-6.795233,22329.691,6.491462,7.470284,10.899607,11.600553,-2.972513,-4.073535,-5.479525,22215.703,9.641404,6.539732,9.237212,9.302701,-2.958278,-3.980428,-4.744342,7755.183,6.412514,1.806491,2.802447,8.700299,-2.120565,-3.318868,-3.789116,7920.4077,6.110796,1.914092,2.974005,9.23018,-2.106033,-3.232224,-3.911177,19766.332,6.293307,7.358105,12.26724,22.46168,-3.076894,-4.968934,-5.776552,16986.715,6.461481,6.191988,10.312405,18.890959,-2.590446,-4.119404,-5.716907
2.0,600.0,13257.945,1.721682,3.51452,4.536243,5.301773,-4.174691,-5.992708,-7.788672,14123.802,1.967997,4.064727,5.958702,6.797452,-4.556085,-6.413432,-7.013568,19353.814,5.154439,6.736326,10.062686,10.79842,-2.832045,-3.927805,-4.847602,23033.451,6.498062,8.002004,11.998546,12.683715,-3.180387,-4.503703,-5.288314,8464.202,8.213725,1.926441,2.766942,3.063375,-2.201302,-3.068025,-3.770432,9999.198,8.721698,2.268809,3.327831,3.729128,-2.672284,-3.884637,-4.351207,15460.909,4.804958,6.035234,10.080307,10.94938,-2.545774,-3.957489,-4.468041,17799.838,5.340921,6.90374,11.530092,12.260779,-2.931257,-4.570673,-5.187288,17563.123,2.053568,4.967083,7.284393,8.173742,-5.002344,-6.934056,-8.224081,15665.045,1.845677,4.380296,6.131118,6.937514,-4.830643,-6.765053,-7.831497,24173.154,6.741771,8.631084,13.375162,14.225334,-3.325088,-4.665012,-7.031161,24032.508,10.120649,7.767635,11.111327,11.713849,-3.29052,-4.451972,-6.157387,8835.671,6.925208,2.186389,3.45407,3.864809,-2.460278,-3.816565,-4.22325,9042.345,6.675911,2.309705,3.695453,4.196394,-2.403376,-3.701923,-4.311842,21396.148,6.483345,8.525985,14.892137,16.123278,-3.471784,-5.72077,-6.561253,18428.14,6.74786,7.251976,12.648111,13.366138,-2.887881,-4.716433,-5.203691
2.0,700.0,15132.461,1.828841,4.36566,5.714352,6.407911,-4.791725,-6.856757,-7.464414,16052.2295,2.100164,4.916686,7.224289,8.072044,-5.182951,-7.476514,-8.185107,20628.918,5.270828,7.595692,11.743697,12.608758,-3.15055,-4.472164,-5.126955,24529.758,6.672473,9.058647,14.037362,14.976278,-3.559591,-5.090304,-5.760275,9238.615,8.50406,2.257205,3.295132,3.729707,-2.439416,-3.518848,-3.951378,10922.669,9.079371,2.670187,3.986641,4.285764,-2.99903,-4.436558,-4.87538,16443.453,4.893895,6.790491,11.820446,13.216614,-2.840635,-4.43253,-5.032429,18928.38,5.438607,7.790602,13.608072,14.481292,-3.279479,-5.231992,-5.776564,19683.582,2.178147,5.907463,8.701925,9.806341,-5.643642,-7.875697,-8.858739,17785.96,1.967953,5.349678,7.530213,9.498617,-5.454391,-7.637951,-8.68722,25614.63,6.8969,9.705085,15.60203,16.286804,-3.688909,-5.27228,-5.939595,25401.178,10.249928,8.861598,13.292166,13.803823,-3.612009,-4.997616,-5.882126,9630.365,7.198543,2.555849,4.098827,4.639129,-2.754198,-4.366733,-4.951621,9899.288,6.927863,2.662022,4.380164,4.841076,-2.684395,-4.184505,-4.57736,22697.525,6.605867,9.604963,17.629015,18.954617,-3.88215,-6.474706,-7.250614,19561.244,6.871941,8.153087,14.932685,15.862991,-3.220768,-5.30171,-6.095195
2.0,800.0,16736.453,1.914349,5.146725,6.948555,7.761105,-5.362122,-7.719251,-8.500482,17722.822,2.218024,5.716284,8.543058,9.125178,-5.718499,-8.118705,-8.901053,21875.105,5.579212,8.41909,13.460811,14.133303,-3.503025,-5.038275,-5.72388,25846.803,7.022515,9.990226,15.99826,16.938211,-3.937763,-5.670736,-6.467257,9686.212,8.859755,2.572178,3.761373,4.029102,-2.606488,-3.808471,-4.351624,11503.378,9.476025,3.029204,4.528932,4.948939,-3.197853,-4.79649,-5.38799,17389.441,5.137883,7.48706,13.593099,14.344181,-3.132929,-4.985928,-5.67805,19993.377,5.712459,8.576965,15.512604,16.533176,-3.602269,-5.780681,-6.398877,21585.15,2.296819,6.819152,10.19162,11.011712,-6.211159,-8.71618,-9.439079,19748.424,2.075368,6.241705,8.881127,9.76663,-6.038309,-8.477299,-9.311773,26809.158,7.19671,10.642233,17.713774,18.680779,-4.041481,-5.838507,-6.731924,26620.11,10.753836,9.817119,15.18509,17.07353,-3.962456,-5.539491,-6.277215,10208.713,7.557035,2.88801,4.690331,5.13303,-2.949619,-4.764659,-5.227358,10491.211,7.284819,2.981341,4.992271,5.407312,-2.909962,-4.679643,-5.211796,23800.457,6.909637,10.547565,20.172943,21.640177,-4.253238,-7.293041,-8.091921,20524.635,7.190663,8.974537,17.13016,18.078197,-3.554852,-6.040636,-6.734712
2.0,900.0,18057.504,1.984203,5.930077,9.864585,8.802095,-5.91729,-8.460536,-9.273227,19150.314,2.303491,6.52747,12.105916,11.887778,-6.275965,-8.887006,-9.676904,23011.389,6.074799,9.22653,15.259659,26.635181,-3.864605,-5.57202,-6.66576,27085.291,7.696469,10.93028,18.03748,30.214928,-4.360271,-6.306625,-7.096679,9972.224,9.437539,2.843018,4.99416,5.410544,-2.735931,-4.06619,-4.485042,11820.085,10.108852,3.388235,6.054526,5.634358,-3.340515,-5.141549,-5.623341,18233.307,5.535248,8.231206,15.806431,14.676238,-3.440786,-5.548232,-6.251425,20950.906,6.178592,9.455862,18.208677,17.075535,-3.962961,-6.438213,-7.367102,23227.988,2.381236,7.750033,14.36119,12.615068,-6.784558,-9.508604,-10.620832,21314.074,2.15517,7.138547,12.362047,10.928728,-6.602308,-9.234166,-10.540284,27919.975,7.849975,11.618131,20.998835,41.210953,-4.437244,-6.451827,-7.324896,27496.768,11.523433,10.695568,17.280762,32.404728,-4.320494,-6.102545,-6.858405,10592.061,8.091798,3.244386,5.604403,6.000171,-3.108323,-5.071732,-5.759385,10946.383,7.818595,3.315605,5.701873,6.174123,-3.09697,-5.092355,-5.700461,24764.758,7.448599,11.620934,28.226116,24.311588,-4.682436,-8.122131,-9.386526,21342.482,7.723372,9.859084,23.953125,20.670006,-3.899777,-6.669341,-7.419736
2.0,1000.0,19829.982,2.083509,6.557241,9.149855,9.852666,-6.453746,-9.300977,-10.267976,20862.594,2.422247,7.175316,10.895067,11.766644,-6.783607,-9.666209,-10.702735,24503.484,6.587956,9.959981,16.815088,17.646152,-4.169326,-6.086211,-6.892048,28627.318,8.328255,11.777673,19.932848,20.867552,-4.678779,-6.841892,-7.786175,10472.647,9.948688,3.071457,4.478224,4.988202,-2.858409,-4.459779,-4.820623,12427.172,10.721175,3.683084,5.501061,5.929958,-3.49286,-5.410855,-6.117225,19383.727,5.941675,8.765933,16.95964,18.227877,-3.721321,-6.065462,-7.312288,22197.744,6.659533,10.097121,19.408293,20.73822,-4.248635,-6.90955,-11.684962,25101.959,2.496622,8.46037,12.795374,13.914551,-7.330832,-10.301892,-11.238075,23185.875,2.255002,7.816208,11.400443,12.140043,-7.144147,-10.030925,-11.086415,29281.705,8.414272,12.411144,21.744076,22.855028,-4.694654,-6.906569,-8.157172,28790.977,12.268848,11.46694,18.738562,19.546072,-4.593809,-6.576114,-7.443125,11220.668,8.632192,3.482418,5.617638,6.151095,-3.259728,-5.352322,-6.202787,11602.076,8.305725,3.52905,5.935356,6.603773,-3.289834,-5.475439,-6.360185,25964.63,7.955461,12.269297,24.992481,27.246204,-4.97764,-8.810249,-9.842334,22420.314,8.222099,10.391094,21.08563,22.71839,-4.18684,-7.34293,-10.359171
2.0,50.0,1685.4688,1.091303,0.38997,0.608581,2.228944,-0.296663,-0.459164,-1.182951,448.5762,1.030709,0.084766,0.191448,1.204265,-0.275584,-0.481398,-4.793772,8164.643,2.818315,0.593511,0.682583,1.764719,-0.480824,-0.659577,-1.889561,9337.079,3.304988,0.619879,0.694114,1.209943,-0.618076,-0.827154,-2.347699,1278.166,2.075348,0.126167,0.190851,0.767205,-0.208892,-0.286146,-0.843505,1440.6906,2.098959,0.135091,0.198473,1.121117,-0.230193,-0.315914,-0.828822,6561.2075,2.630051,0.582658,0.673623,1.205194,-0.446737,-0.65827,-1.904168,7418.5156,2.825421,0.639575,0.730465,2.198216,-0.534591,-0.810703,-4.446905,1624.5352,1.097472,0.244635,0.406197,1.412728,-0.401128,-0.629158,-1.544625,1221.8457,1.065388,0.262951,0.440434,1.391209,-0.328425,-0.628096,-4.280928,9601.724,3.341797,0.693344,0.780246,1.406777,-0.739012,-1.328661,-2.855392,6534.808,3.496763,0.436578,0.523575,1.013114,-0.65128,-0.852297,-2.546593,1352.7815,1.899132,0.137911,0.244706,0.619799,-0.218844,-0.319055,-1.051506,1437.368,1.896328,0.143256,0.225625,0.663191,-0.235785,-0.34555,-1.521918,8701.664,3.243217,0.74196,0.843358,1.412699,-0.748332,-1.098958,-3.014599,7229.7285,3.270453,0.593487,0.682539,1.20156,-0.695909,-1.107656,-4.623712
2.0,100.0,2816.3262,1.153074,0.658732,1.050208,1.991255,-0.633706,-0.920326,-1.613269,2046.6895,1.139076,0.170913,0.280029,1.100488,-0.749248,-1.083074,-1.665813,10618.481,3.486694,1.402783,1.557514,3.085921,-0.732607,-1.366517,-2.173537,12833.846,4.324291,1.563402,1.732735,2.213821,-0.915752,-1.102921,-1.859719,2274.452,3.006287,0.301707,0.38523,0.87682,-0.417437,-0.637571,-1.213133,2552.8533,3.039481,0.341427,0.426578,0.866031,-0.474155,-0.676733,-1.022787,8344.318,3.1829,1.33416,1.631171,2.018048,-0.681626,-0.900186,-1.666161,9544.867,3.473364,1.485725,1.773832,2.638115,-0.792719,-1.061778,-1.675671,3650.33,1.217533,0.495103,0.70272,2.464372,-0.926524,-1.293885,-1.992342,2799.9688,1.149928,0.432761,0.679503,1.831758,-0.84342,-1.39274,-1.821331,13415.485,4.42096,1.751104,1.979223,2.469238,-1.07894,-1.271087,-2.019938,11474.775,5.602076,1.154654,1.325462,2.446066,-1.215968,-1.395869,-1.975342,2373.6465,2.637145,0.329034,0.474145,0.938313,-0.459557,-0.701427,-3.498272,2542.8125,2.648879,0.35782,0.612797,0.788003,-0.490338,-0.702571,-1.06938,11637.244,4.140865,1.786477,2.109576,2.66374,-1.04219,-1.378602,-5.780386,10097.781,4.29801,1.493382,1.747863,2.231973,-0.969302,-1.29785,-1.711653
2.0,200.0,5629.5312,1.311581,0.975438,1.624313,2.500459,-1.509217,-2.09684,-2.797843,5185.2773,1.355309,0.698204,0.881618,1.619893,-1.748979,-2.402575,-3.67708,13325.305,3.953219,2.642541,3.155128,3.665946,-1.205775,-1.736904,-2.263265,16219.06,4.95229,3.114409,3.687785,4.133514,-1.421853,-2.035714,-2.478486,4069.7698,4.342411,0.634602,0.836659,1.319445,-0.859451,-1.189391,-3.145645,4647.353,4.480731,0.719423,0.97119,2.171196,-1.007571,-1.360432,-1.816223,10657.983,3.689156,2.387358,3.095538,3.415481,-1.136276,-1.5787,-2.134888,12187.262,4.034286,2.691047,3.40013,3.851963,-1.317383,-1.780004,-4.843915,7284.5664,1.443391,1.096217,1.417649,2.515569,-2.002258,-2.850832,-3.756979,5991.088,1.326281,0.801713,1.07611,2.022088,-1.838481,-2.547477,-3.179855,17128.545,5.116525,3.463135,4.199285,4.673976,-1.583923,-2.249348,-6.137058,16869.271,7.46766,2.603441,3.002134,3.908093,-1.792473,-2.504164,-6.933734,4304.1157,3.783942,0.711333,0.969268,1.712366,-0.961947,-1.401675,-1.85655,4608.2607,3.795056,0.776204,1.059091,1.614161,-1.010972,-1.504167,-2.151313,14852.429,4.845909,3.287771,4.181702,4.683301,-1.60367,-2.252971,-2.80873,12949.879,5.069002,2.811391,3.614715,4.06648,-1.39145,-1.939007,-2.595333
2.0,250.0,7002.1074,1.388652,1.24663,2.136517,3.030762,-1.899737,-2.711134,-4.499087,6809.323,1.473942,1.211399,1.601721,2.337626,-2.165151,-3.016133,-3.760559,14428.946,3.9484,3.390102,4.263219,4.771329,-1.437189,-1.918388,-2.567315,17605.215,4.963782,4.045869,5.06407,6.189156,-1.643813,-2.170937,-2.695935,4940.3438,4.814478,0.875796,1.205346,1.592962,-1.087543,-1.469501,-2.064298,5694.288,5.006259,1.007474,1.399944,1.85827,-1.274461,-1.758026,-2.263873,11553.335,3.682868,3.106738,4.172767,4.755217,-1.354129,-1.977236,-2.539179,13254.305,4.031916,3.498322,4.723222,5.335452,-1.548435,-2.224931,-2.768073,9119.971,1.563296,1.69707,2.285403,3.109186,-2.449223,-3.367219,-4.079853,7684.1855,1.423584,1.312602,1.681872,2.769828,-2.261309,-3.169154,-4.368573,18605.236,5.131225,4.487253,5.849191,6.201684,-1.805582,-2.367541,-6.331479,18604.938,7.592419,3.576085,4.339388,4.741362,-2.006766,-2.49536,-3.187814,5220.308,4.189759,0.985577,1.401121,1.851894,-1.219831,-1.92001,-2.324252,5521.228,4.159708,1.068549,1.522463,1.934166,-1.26636,-1.862606,-2.38341,16186.922,4.852342,4.347815,5.955705,6.477044,-1.874039,-2.803121,-3.658513,14125.974,5.099978,3.69747,5.071012,5.493688,-1.61824,-2.372155,-2.843502
2.0,300.0,8325.801,1.464059,1.603587,2.578117,3.50112,-2.296863,-3.293972,-3.932809,8203.352,1.576173,1.684445,2.265327,2.976151,-2.57021,-3.58982,-4.61132,15347.136,3.943478,4.073825,5.300089,5.980445,-1.675597,-2.232189,-2.927657,18673.113,4.933458,4.898938,6.349271,7.077972,-1.90855,-2.826142,-3.823658,5690.9966,5.119848,1.130761,1.579999,2.03116,-1.303146,-1.765299,-2.328795,6590.25,5.33487,1.306618,1.888166,2.188144,-1.552961,-2.148293,-2.490015,12305.867,3.679189,3.730594,5.261679,5.866181,-1.546215,-2.303879,-3.253301,14099.023,4.01445,4.222117,5.955563,6.443659,-1.796318,-2.612896,-3.328606,10743.365,1.671332,2.238182,3.052217,3.909894,-2.89525,-3.972515,-4.837023,9125.326,1.504671,1.785605,2.322981,3.427663,-2.70415,-3.780786,-4.579255,19704.285,5.089394,5.411683,7.249003,7.991239,-2.064559,-2.732248,-3.442853,19904.63,7.618763,4.490986,5.601472,6.272656,-2.234615,-2.787203,-3.586489,5982.5796,4.439638,1.276052,1.85648,2.217153,-1.469335,-2.215642,-2.808512,6277.623,4.387407,1.371967,2.011057,2.485398,-1.493452,-2.206905,-2.653998,17172.885,4.815786,5.271915,7.651332,8.217052,-2.135698,-3.190679,-3.986956,15009.903,5.084428,4.514145,6.565238,7.172159,-1.811458,-2.799312,-3.270863
2.0,350.0,9301.645,1.522833,1.967812,2.916078,3.921577,-2.625964,-3.760867,-4.558292,9130.286,1.639901,2.132185,2.976809,5.023262,-2.914504,-4.090882,-5.221121,16089.492,4.10556,4.628605,6.245701,6.663628,-1.933435,-2.62279,-6.33185,19557.652,5.1941,5.611829,7.499461,7.999652,-2.174536,-3.245839,-3.71019,6218.846,5.537255,1.306013,2.027939,2.249549,-1.49772,-2.061882,-2.636741,7255.5713,5.849509,1.508034,2.186163,2.509587,-1.786462,-2.500826,-2.945242,12896.907,3.832167,4.249669,6.217014,6.706267,-1.785585,-2.636309,-3.227452,14785.52,4.211048,4.814501,7.077708,7.713917,-2.053099,-2.996978,-3.667374,11727.883,1.724973,2.734477,3.805314,4.681079,-3.239696,-4.514724,-5.521999,10517.529,1.592347,2.322843,3.04304,3.895547,-3.052028,-4.2876,-5.091755,20608.852,5.357118,6.16164,8.526545,9.301597,-2.329668,-3.126532,-4.091089,20744.377,7.951371,5.201748,6.699446,7.296583,-2.472804,-3.188479,-4.01997,6548.842,4.818277,1.46706,2.223293,2.653907,-1.686318,-2.536948,-2.909471,6785.268,4.678113,1.583888,2.399245,2.70107,-1.692008,-2.519733,-3.003776,17993.748,5.074262,6.018762,9.109577,9.995404,-2.420515,-3.723976,-4.285845,15676.686,5.307861,5.145548,7.786778,8.864777,-2.057259,-3.201784,-3.743388
2.0,400.0,10137.814,1.566258,2.274793,3.306592,7.254913,-3.003595,-4.205753,-5.164063,10264.14,1.722903,2.531479,4.281366,11.641827,-3.325852,-4.605245,-5.649968,17192.736,4.461822,5.170785,7.146169,15.844284,-2.15345,-3.019242,-8.331544,20713.678,5.599396,6.198883,8.474106,18.089123,-2.429151,-3.347142,-9.070211,6841.1523,6.154478,1.476255,2.188952,3.326576,-1.708218,-2.297489,-2.821563,8007.8154,6.469133,1.714357,2.528634,6.785316,-2.046423,-2.848471,-3.315735,13780.682,4.14289,4.766007,8.5728,11.485343,-1.967856,-3.474438,-3.539856,15752.466,4.529619,5.376697,9.656161,12.013544,-2.248589,-3.395799,-3.980991,13087.609,1.817145,3.227166,5.297632,14.360541,-3.680581,-4.96403,-5.663694,11379.777,1.632306,2.687672,4.307876,12.129594,-3.488171,-4.766305,-5.532504,21767.494,5.753835,6.781377,9.58776,25.795563,-2.58257,-3.573377,-9.81133,21838.846,8.606547,5.792826,7.589913,20.190123,-2.706784,-3.792803,-10.397272,7205.84,5.29615,1.688609,2.522844,4.624195,-1.869572,-2.877074,-3.353304,7397.912,5.123028,1.806795,2.719014,5.043598,-1.854293,-2.80082,-3.322446,19061.578,5.445289,6.735631,12.963107,19.023088,-2.613227,-4.12448,-4.973888,16612.545,5.73355,5.770069,10.963085,16.73135,-2.223825,-3.45892,-4.194576
2.0,450.0,11256.994,1.632428,2.620422,3.365943,4.35786,-3.397545,-5.343444,-5.433699,11460.135,1.805134,2.923374,4.126992,4.683658,-3.739488,-5.931455,-5.669705,18042.129,4.606576,5.729658,8.068042,8.633541,-2.44859,-3.877087,-4.158949,21744.787,5.803843,6.88065,9.692741,10.213407,-2.781672,-4.365843,-4.435687,7498.384,6.547328,1.622484,2.334943,2.700563,-1.916571,-2.991511,-2.939396,8783.966,6.919523,1.88044,2.747507,3.172725,-2.311911,-3.589858,-3.906868,14396.453,4.244062,5.208892,8.158345,8.69762,-2.208467,-3.339968,-4.024132,16502.807,4.660212,5.928331,9.206477,9.750036,-2.547648,-3.858732,-4.571537,14505.605,1.904746,3.656211,5.190002,5.972909,-4.15152,-6.636467,-6.097409,12642.889,1.709235,3.126471,4.160392,5.104416,-3.931953,-6.38011,-6.698809,22822.82,5.95954,7.47274,10.882291,11.616501,-2.936221,-4.555541,-4.693553,22752.553,8.845776,6.466809,8.686023,9.367558,-2.95948,-4.565682,-4.656348,7830.6196,5.605751,1.819906,2.811916,3.300326,-2.162194,-3.254635,-3.892598,8025.135,5.405179,1.955965,3.038928,3.467241,-2.099641,-3.088794,-3.667226,19964.828,5.608293,7.312221,11.765834,12.453283,-3.028302,-4.737019,-5.698118,17400.166,5.903034,6.267651,10.135272,10.905262,-2.543218,-3.947365,-4.548520
2.0,500.0,12204.729,1.682238,3.021692,3.793962,4.820182,-3.729866,-5.298869,-6.096577,12484.165,1.875195,3.364594,4.836641,5.635036,-4.078848,-5.804294,-6.391016,19015.875,4.865406,6.314666,9.124715,9.820664,-2.613704,-3.563072,-4.252325,22857.771,6.169664,7.559598,10.914939,11.517368,-2.957691,-4.038374,-4.674642,8100.468,7.109079,1.800951,2.647874,3.305934,-2.0911,-2.847163,-3.340947,9530.321,7.55778,2.107338,3.14011,3.48069,-2.514667,-3.532497,-3.970606,15159.319,4.463957,5.713091,9.175678,9.721413,-2.32834,-3.597928,-4.27084,17408.492,4.952634,6.507395,10.500239,11.859287,-2.697411,-4.135466,-4.893158,15579.563,1.965462,4.143418,5.951472,6.618226,-4.493172,-6.104564,-7.246781,13789.455,1.77066,3.627165,4.901436,5.837071,-4.274119,-6.495853,-6.561906,23903.28,6.315714,8.175388,12.273464,13.113651,-3.094747,-4.206782,-4.883462,23766.805,9.350858,7.159999,9.901012,10.409986,-3.120854,-4.203798,-4.791981,8474.765,6.084279,2.046342,3.232343,3.723126,-2.293756,-3.513106,-3.881775,8605.462,5.788771,2.167228,3.483429,4.217154,-2.229218,-3.343521,-3.860134,20938.953,5.957293,8.053594,13.50607,14.348346,-3.162331,-5.118217,-5.761783,18182.078,6.210274,6.867417,11.482155,12.25518,-2.664666,-4.272541,-6.424989
2.0,600.0,14188.234,1.802812,3.821558,4.90102,5.535229,-4.38676,-7.231721,-6.867369,14281.885,1.993913,4.172347,6.079471,6.755861,-4.717243,-7.781635,-10.973666,20393.916,5.112426,7.222946,10.876072,11.407631,-2.994734,-4.892334,-4.861008,24406.59,6.508983,8.680729,13.133309,13.850565,-3.40722,-5.484734,-15.002589,9087.382,7.780682,2.121671,3.160828,3.499706,-2.387194,-3.90026,-4.157541,10729.94,8.312246,2.499766,3.772635,4.205811,-2.938402,-4.693702,-4.660456,16243.237,4.681282,6.512416,10.916016,11.62725,-2.684992,-4.124042,-5.005685,18632.457,5.179075,7.449058,12.589169,13.531519,-3.083822,-4.727634,-5.50333,17666.957,2.087819,5.04455,7.349679,8.141443,-5.212667,-8.567686,-10.343098,16151.17,1.920601,4.554983,6.26867,6.950068,-4.983833,-8.318776,-13.145164,25429.143,6.630597,9.322994,14.59016,15.344965,-3.543429,-5.670896,-15.531029,25208.19,9.752956,8.273071,11.986782,12.503715,-3.497488,-5.586513,-6.294783,9459.718,6.609465,2.412743,3.896837,4.394414,-2.690768,-4.077464,-8.586535,9607.859,6.287832,2.525805,4.17354,4.596924,-2.579964,-3.849546,-4.66452,22325.271,6.228254,9.172587,16.228033,17.08619,-3.65032,-5.957322,-6.671665,19377.006,6.503535,7.805896,13.765006,14.646282,-3.056496,-4.909503,-5.588228
2.0,700.0,15746.879,1.878251,4.573974,6.007667,6.911477,-4.868063,-7.009956,-7.752449,16139.735,2.133292,5.018825,7.353493,8.151555,-5.168566,-7.383881,-8.175469,21811.9,5.394811,8.150398,12.863926,14.268719,-3.267543,-4.572748,-5.553998,25840.871,6.765443,9.718286,15.156452,15.997704,-3.635111,-5.118049,-5.796897,9888.171,8.316436,2.444835,3.649192,4.138703,-2.587363,-3.726144,-4.186664,11759.745,8.882685,2.886055,4.354524,4.858038,-3.156305,-4.597997,-5.006724,17300.012,4.897449,7.262756,12.740639,13.413092,-2.883621,-4.560221,-5.200619,19805.264,5.399692,8.294334,14.498488,15.322572,-3.267091,-5.191581,-5.888873,19695.555,2.220698,5.974797,8.786767,9.552315,-5.683252,-7.885813,-8.790484,17799.244,1.988647,5.361322,7.501629,8.433301,-5.442345,-7.652229,-8.325474,26762.389,6.856616,10.3518,16.74219,17.547808,-3.73002,-5.235638,-5.942774,26641.791,10.227369,9.394379,14.120201,16.086687,-3.772024,-5.125646,-5.887159,10350.232,7.058321,2.76783,4.540908,5.008165,-2.86402,-4.491656,-4.914606,10504.762,6.746202,2.866983,4.856667,5.423788,-2.791358,-4.393944,-4.976804,23478.57,6.430226,10.15088,18.675209,19.863379,-3.82487,-6.410365,-7.698416,20411.375,6.767548,8.690667,16.041185,17.047552,-3.251668,-5.399876,-6.051654
2.0,800.0,17360.002,1.972202,5.365614,7.232975,7.941722,-5.406528,-7.890072,-8.875744,17977.986,2.272833,5.83942,8.773778,9.53419,-5.725073,-8.150814,-9.002147,22839.703,5.478131,8.890971,14.303697,14.991684,-3.523041,-5.072164,-5.802678,27038.477,6.890276,10.606691,17.145607,18.03522,-3.954077,-5.688906,-6.698641,10439.168,8.494189,2.764386,4.138016,5.259705,-2.758963,-4.022708,-4.690275,12402.688,9.12117,3.285603,5.025832,5.534268,-3.387055,-5.01482,-5.485117,18085.172,4.962207,7.90311,14.431088,15.327452,-3.15751,-5.02016,-5.697268,20721.367,5.501524,9.036773,16.447933,17.593065,-3.597814,-6.133278,-6.674614,21810.703,2.364222,6.916576,10.341876,11.412587,-6.223229,-8.723963,-9.727459,19658.127,2.097558,6.254653,8.934258,9.968031,-5.99927,-8.434713,-9.458242,27888.953,6.955222,11.250465,18.8377,19.716566,-4.034378,-5.794217,-6.616497,27679.846,10.290795,10.321434,16.14508,17.187925,-3.976215,-5.592242,-6.490179,10942.578,7.271123,3.13764,5.201381,5.699869,-3.088459,-4.899309,-5.423139,11197.166,6.959455,3.206001,5.538735,6.077125,-3.02846,-4.84459,-5.364588,24467.041,6.52136,11.043662,21.246792,22.603367,-4.197463,-7.161279,-8.124472,21256.15,6.834752,9.456242,18.203398,19.524946,-3.543608,-5.989179,-6.548785
2.0,1000.0,20762.135,2.10871,5.900629,7.91684,8.866552,-6.278081,-8.968981,-11.796775,20994.322,2.36513,6.139303,9.106421,9.856134,-6.661893,-9.409156,-10.304435,21995.482,5.883274,8.012478,12.971356,13.726927,-3.588344,-5.18009,-5.872519,25830.553,7.183609,9.485777,15.420443,16.3405,-3.995435,-5.782786,-6.734276,10633.416,10.328214,2.620116,3.774762,4.392381,-2.92042,-4.351766,-5.04284,12379.495,10.751737,3.040764,4.45589,4.934103,-3.501352,-5.375089,-5.833186,17481.516,5.474341,7.186385,13.258998,14.083498,-3.231235,-5.185484,-5.929071,19920.99,6.011481,8.120081,14.788296,15.945666,-3.706818,-6.017249,-6.739896,25860.916,2.552194,7.34312,10.820865,11.747282,-7.2502,-10.227617,-11.438225,23612.7,2.258582,6.767122,9.555522,13.913602,-6.947655,-9.735083,-10.739052,26185.111,7.260149,9.752443,16.416216,17.573229,-4.024205,-5.854821,-6.653425,26465.564,11.175115,9.517226,15.350857,16.31495,-3.947546,-5.633926,-6.547413,10703.619,8.444858,2.778311,4.377871,4.905644,-3.15917,-5.2319,-5.611599,10955.8125,8.314278,2.891765,4.830226,5.463211,-3.103759,-5.201107,-6.006292,23255.48,7.085688,9.683298,18.515976,21.035429,-4.294331,-7.375419,-8.273221,20163.02,7.504339,8.387478,16.196157,17.315422,-3.583765,-6.156721,-6.942976
2.0,900.0,19290.43,2.039979,6.156618,8.368387,9.121578,-6.186429,-10.220376,-12.689523,19322.678,2.252071,6.469954,9.728397,11.466677,-6.587217,-10.781067,-29.68617,20648.129,5.088762,7.959931,13.029724,13.765837,-3.53309,-5.831555,-16.344831,24715.139,6.457567,9.760398,16.215014,17.119383,-3.99233,-6.538694,-8.207029,10166.602,9.201699,2.710324,3.975623,4.350445,-2.946349,-4.780195,-6.881404,11747.26,9.783216,3.181675,4.861939,5.369712,-3.573379,-5.601401,-7.336676,16352.569,4.727157,6.993795,13.028473,13.852097,-3.22054,-5.044212,-5.357341,18800.773,5.296372,8.123129,15.18771,16.267256,-3.731934,-5.710159,-7.984639,23725.855,2.38907,7.641299,11.222596,12.47478,-7.128856,-11.794801,-14.149707,22368.04,2.241184,7.180918,10.168486,11.490069,-6.775392,-11.321615,-31.974966,25107.16,6.56564,10.072228,17.315376,19.082806,-4.033158,-6.522812,-18.200539,25320.506,9.659172,9.69455,15.764989,16.54999,-3.883157,-6.359255,-17.929174,10130.804,7.771269,2.892403,4.705323,5.392162,-3.175053,-4.981468,-5.608596,10352.918,7.373085,2.951744,4.911558,5.479953,-3.090486,-4.664137,-6.413636,22147.867,6.318652,9.863528,19.505003,21.432692,-4.245502,-7.13935,-7.893068,19112.715,6.468137,8.362056,16.347507,17.525757,-3.521763,-5.611131,-6.418582
2.0,150.0,5393.783,1.287247,1.043792,1.81658,4.530617,-1.208307,-2.010915,-5.622686,3944.3164,1.260078,0.448638,0.58734,3.84595,-1.306406,-2.15158,-5.938184,10803.988,3.151802,1.854376,2.168519,2.609082,-0.88743,-1.286973,-3.550603,13637.262,3.99543,2.250636,2.620277,3.352432,-1.054192,-1.603267,-4.512905,3190.3918,3.569521,0.485592,0.715149,1.889616,-0.661633,-1.037957,-2.882723,3592.0876,3.643892,0.547762,0.818201,2.200344,-0.751436,-1.220057,-1.834176,8443.435,2.910793,1.738845,2.173428,4.42336,-0.84149,-1.322535,-5.887507,9779.556,3.206906,1.976796,2.424746,5.152462,-0.968004,-1.576309,-4.100369,5926.699,1.350493,0.884381,1.350214,3.749884,-1.548825,-2.480352,-6.960116,5489.664,1.297824,0.85289,1.273583,3.31153,-1.416076,-2.286909,-6.223748,14057.78,4.097168,2.473441,2.925253,4.397391,-1.170766,-1.727616,-3.699295,14273.69,5.919707,1.914294,2.214804,3.456498,-1.424711,-1.972759,-5.784131,3192.3425,3.094469,0.513222,0.750345,1.98249,-0.696078,-1.096192,-2.120397,3389.2375,3.080441,0.558978,0.804307,2.119549,-0.717498,-1.25715,-1.333687,11982.826,3.823925,2.454506,3.081671,8.008223,-1.203443,-1.887808,-4.99189,10571.364,4.012186,2.117867,2.667018,6.341146,-1.075263,-1.635203,-4.598277
2.0,50.0,2960.496,1.159731,0.516047,0.744148,1.822718,-0.368886,-0.610829,-4.618766,787.0,1.052168,0.127366,0.268031,1.324528,-0.295994,-0.765794,-1.343747,7546.4937,2.560739,0.562808,0.645416,1.26006,-0.381974,-0.520818,-2.658253,9239.202,3.093443,0.672421,0.737948,1.245915,-0.506414,-0.629774,-1.806184,1467.2194,2.189169,0.127143,0.18263,1.569976,-0.201056,-0.340335,-3.259998,1611.353,2.189868,0.14027,0.203117,0.640405,-0.228125,-0.318923,-0.774218,5956.392,2.393602,0.561661,0.64646,1.177032,-0.365199,-0.560501,-2.021341,6747.959,2.567589,0.604334,0.714744,1.32465,-0.412173,-0.699902,-2.598989,2054.7676,1.123081,0.280229,0.476413,1.631034,-0.398184,-0.616948,-2.397061,2297.2168,1.126398,0.351257,0.540496,2.327416,-0.368838,-0.568398,-4.652965,9352.029,3.117385,0.713805,0.813513,1.781285,-0.589548,-0.73847,-1.390129,7399.895,3.616101,0.485572,0.555679,1.357659,-0.614106,-0.839541,-1.57324,1451.3224,1.949506,0.141485,0.21732,0.785984,-0.213313,-0.586378,-0.641249,1589.602,1.977871,0.146945,0.207924,0.697582,-0.231163,-0.599073,-0.792051,8108.743,2.960143,0.700038,0.811622,3.308581,-0.563117,-0.693559,-1.281379,7052.175,3.061436,0.603168,0.719766,1.702152,-0.54482,-0.785865,-1.582222
2.0,100.0,4437.17,1.240175,0.878109,1.302317,2.155648,-0.751351,-1.056148,-1.718422,2687.333,1.179593,0.247241,0.633527,1.590463,-0.792076,-1.125123,-1.722841,9389.102,2.861004,1.221842,1.360695,1.869478,-0.658983,-1.315227,-6.122767,11881.215,3.573702,1.481208,1.659252,2.128979,-0.832339,-1.429378,-1.896284,2509.6355,2.986946,0.315678,0.412001,0.848036,-0.448136,-0.613173,-1.119964,2797.203,3.020643,0.357931,0.465406,1.037177,-0.506516,-0.701155,-1.102001,7409.842,2.675859,1.131284,1.351782,1.834302,-0.621385,-1.098113,-1.580169,8523.691,2.909301,1.288855,1.521309,2.06137,-0.732147,-0.958122,-1.85144,4318.203,1.260553,0.560307,0.785109,2.13926,-0.957153,-1.331245,-2.142219,4079.084,1.224648,0.62416,0.90649,3.371559,-0.860644,-1.222509,-1.842448,12190.367,3.640273,1.634639,1.853462,3.211801,-0.929336,-1.114509,-1.685304,11903.144,5.044308,1.21664,1.33215,2.028582,-1.102271,-1.259695,-1.926707,2484.4585,2.593982,0.336793,0.457357,0.888656,-0.46869,-0.693445,-1.119254,2691.6733,2.622362,0.369217,0.494841,0.977355,-0.499943,-0.737828,-1.171864,10431.282,3.422497,1.583727,1.875203,2.429785,-0.921572,-1.173766,-2.009224,9204.012,3.584802,1.364087,1.609795,1.994544,-0.827719,-1.120611,-1.812335
2.0,150.0,5518.9824,1.294653,1.09913,1.737913,2.582821,-1.181832,-1.942774,-6.099661,4311.7,1.287154,0.513202,0.646597,2.25963,-1.311112,-2.108746,-5.708246,10724.936,3.120974,1.912137,2.21991,2.787174,-0.8928,-1.558407,-3.309434,13522.007,3.908053,2.35119,2.75379,3.235607,-1.054246,-1.606655,-4.228159,3376.593,3.684305,0.512787,0.66525,1.172053,-0.671702,-1.020585,-3.95011,3795.193,3.74408,0.577159,0.775481,1.566733,-0.776813,-1.221949,-3.460111,8501.358,2.919782,1.744306,2.183346,2.636236,-0.849493,-1.327022,-5.822502,9774.193,3.183745,1.991221,2.472064,2.953204,-0.980016,-1.556998,-4.251937,6239.992,1.376066,0.912944,1.54119,1.719838,-1.530229,-2.509592,-6.469967,5498.711,1.298613,0.835687,1.177989,2.255298,-1.380722,-2.149605,-6.168342,13927.798,3.998475,2.557336,3.021324,3.564377,-1.157558,-1.735322,-4.557356,14281.441,5.862734,2.048147,2.340791,2.757978,-1.32359,-1.911964,-4.528298,3354.1194,3.154645,0.543337,0.729211,1.103832,-0.724599,-1.219305,-3.262689,3600.0283,3.18061,0.590193,0.800231,1.216664,-0.761287,-1.248341,-1.609919,11935.814,3.756095,2.463731,3.062723,3.640778,-1.216452,-1.921287,-5.259701,10559.033,3.96235,2.130729,2.673575,3.688097,-1.062322,-1.65886,-4.640787
2.0,200.0,6782.7637,1.362022,1.344148,2.172315,3.333044,-1.533084,-2.179419,-3.100155,5801.626,1.387852,0.894698,1.158135,1.986163,-1.721947,-2.389397,-2.996476,11885.962,3.345612,2.481513,3.008145,3.62784,-1.101672,-1.461352,-2.811964,14866.109,4.187529,3.084577,3.719644,4.304072,-1.290135,-1.706532,-2.500525,4135.3975,4.26503,0.715685,0.956832,1.469039,-0.861739,-1.165087,-1.590774,4709.9756,4.370512,0.817323,1.076417,1.553881,-1.009809,-1.370102,-2.159183,9452.597,3.129374,2.298824,2.940555,3.267894,-1.047681,-1.499426,-2.064888,10866.255,3.415198,2.59422,3.349725,3.747872,-1.207939,-1.693743,-2.208708,7977.5176,1.482619,1.352657,1.913367,2.613349,-1.977146,-2.711585,-3.383093,7115.582,1.387302,1.165308,1.559189,2.450558,-1.802568,-2.570814,-3.39352,15307.223,4.288523,3.335784,4.130123,4.881194,-1.391424,-1.887094,-2.474141,15894.381,6.42148,2.801306,3.344418,3.762627,-1.531519,-1.963036,-2.63631,4149.868,3.635598,0.762073,1.040778,1.450496,-0.932579,-1.369202,-2.480461,4359.24,3.615594,0.834006,1.150139,1.486759,-0.960297,-1.417566,-2.733969,13202.569,4.036633,3.234555,4.292562,5.275012,-1.461659,-2.153951,-2.843059,11623.818,4.248509,2.807803,3.722772,4.174097,-1.258121,-1.903446,-2.408916
2.0,250.0,8005.99,1.429767,1.581936,2.577695,3.331739,-1.930948,-2.756279,-3.391455,7140.4277,1.47661,1.309775,1.747794,2.577556,-2.167756,-3.077648,-3.818108,12747.789,3.464832,3.067462,3.875416,4.388382,-1.333735,-1.842629,-2.784716,15944.74,4.384661,3.827098,4.828871,5.289256,-1.541434,-2.055141,-2.853447,4805.888,4.711855,0.894703,1.220825,1.642687,-1.0703,-1.430778,-1.879717,5510.215,4.899453,1.025409,1.409622,1.714594,-1.253255,-1.727052,-2.298983,10132.937,3.233982,2.792353,3.787378,4.409143,-1.254373,-1.996055,-2.58393,11685.948,3.558098,3.18206,4.334421,5.056186,-1.442939,-2.101343,-2.888922,9552.256,1.576486,1.822628,2.445888,3.417985,-2.456342,-3.395478,-4.190476,8678.3125,1.477399,1.580393,1.993253,3.189816,-2.260139,-3.172476,-4.031967,16431.852,4.500349,4.101705,5.280846,5.83211,-1.640948,-2.341805,-2.714385,17043.666,6.694509,3.572082,4.331758,4.848586,-1.757566,-2.206133,-2.939049,4828.98,4.037004,0.964108,1.358665,2.651348,-1.158545,-1.74848,-2.198565,5010.748,3.941398,1.039455,1.500465,2.112809,-1.167677,-1.74305,-2.191746,14221.814,4.234049,3.972524,5.5133,6.032924,-1.730486,-2.628237,-3.479357,12488.007,4.430775,3.441451,4.80064,5.376025,-1.473224,-2.212866,-2.611452
2.0,300.0,8784.781,1.467902,1.81229,2.861056,5.297334,-2.284091,-3.226762,-3.878767,8350.187,1.556566,1.721118,2.330938,3.199527,-2.566984,-3.622566,-4.019584,13806.456,3.748991,3.652396,4.772821,5.24897,-1.517756,-2.081028,-2.788761,17073.547,4.710467,4.520566,5.908851,6.480823,-1.755845,-2.397335,-3.382433,5521.968,5.379766,1.078101,1.507052,1.970876,-1.253189,-1.711431,-2.188139,6283.835,5.510427,1.244742,1.725762,3.733657,-1.484259,-2.086027,-2.549331,11016.126,3.494343,3.339886,4.710639,5.934245,-1.423522,-2.506819,-5.596468,12614.394,3.824539,3.79392,5.411258,6.022558,-1.631632,-2.468104,-3.06222,10950.707,1.659601,2.291439,3.44504,5.214679,-2.879206,-3.972898,-5.599051,9652.637,1.526481,1.969367,2.53588,3.751547,-2.665956,-3.696612,-6.851507,17584.752,4.835721,4.844966,6.475411,7.202216,-1.85224,-2.534871,-3.507251,18202.465,7.286745,4.284417,5.396532,5.945233,-1.921561,-2.533603,-3.452177,5482.5107,4.503781,1.165067,1.681695,2.039376,-1.360162,-2.244465,-2.687558,5714.71,4.435739,1.246855,1.82303,2.162682,-1.348,-2.006345,-2.481187,15303.966,4.562636,4.726218,6.905725,7.459693,-1.946559,-3.116745,-4.089405,13464.066,4.812188,4.099949,5.967043,6.557116,-1.649529,-2.508444,-3.050460
2.0,350.0,9914.191,1.531325,2.141931,3.188256,4.481001,-2.657179,-4.381862,-4.983779,9350.886,1.625551,2.144447,2.9456,3.505117,-2.949319,-4.83596,-4.744528,14643.286,3.890173,4.140135,5.542851,6.059979,-1.76943,-2.824567,-3.314429,18031.469,4.907438,5.13897,6.878182,7.408518,-2.007538,-3.188322,-3.337912,6063.61,5.733301,1.242256,1.742033,2.123983,-1.44993,-2.339027,-2.588615,7004.567,5.971885,1.434029,2.027894,2.473267,-1.716038,-2.771049,-7.555903,11673.82,3.61174,3.763167,5.492869,6.321799,-1.607299,-2.568354,-6.935094,13393.411,3.972376,4.276568,6.347286,7.001736,-1.841891,-2.841379,-7.547449,12136.328,1.734114,2.775581,3.80915,4.791709,-3.290898,-5.465404,-5.599109,11018.8125,1.60585,2.421032,3.117022,3.813588,-3.066317,-5.088717,-6.176363,18549.42,5.033641,5.452168,7.542531,8.206416,-2.104791,-3.355136,-8.99281,19158.836,7.554426,4.91344,6.338616,6.937902,-2.205904,-3.377166,-9.196346,6091.99,4.839771,1.341394,1.979319,2.395276,-1.567667,-2.386863,-2.945305,6208.796,4.676872,1.435047,2.170332,2.609957,-1.535403,-2.346522,-2.888868,16159.28,4.730182,5.342868,8.161803,8.922114,-2.179976,-3.359528,-3.953562,14145.076,4.957439,4.62875,7.059866,7.522323,-1.85794,-2.807404,-3.434372
2.0,400.0,10869.162,1.580586,2.453436,3.49523,4.454546,-2.952504,-4.191412,-4.803002,10521.364,1.707055,2.524442,3.65528,4.358857,-3.252672,-4.537315,-5.32618,15549.95,4.078766,4.650087,6.421099,7.077753,-1.910252,-2.635919,-4.807675,19034.959,5.123652,5.723718,7.904766,8.495419,-2.146978,-2.966897,-3.82465,6694.0835,6.190179,1.398003,1.986128,2.403248,-1.624494,-2.23054,-2.776419,7759.492,6.447852,1.609316,2.330712,2.717279,-1.918965,-2.682747,-3.190354,12387.488,3.767395,4.221303,6.34185,6.974369,-1.780426,-2.656786,-4.404767,14181.369,4.132225,4.781093,7.241868,7.68062,-1.9938,-3.068958,-3.972713,13405.818,1.811804,3.194743,4.43872,5.208839,-3.615706,-4.985617,-5.882949,12028.973,1.654598,2.779786,3.686835,6.124328,-3.393812,-4.741438,-5.619551,19568.127,5.254521,6.061011,8.594475,9.335666,-2.234447,-3.078808,-3.707832,20173.33,7.922724,5.513531,7.336661,8.057127,-2.317277,-3.102855,-4.173878,6728.0317,5.191521,1.507725,2.289951,2.845026,-1.740422,-2.681958,-3.093908,6771.6855,4.987618,1.60148,2.455091,2.953621,-1.686412,-2.513913,-2.91394,17051.086,4.915164,5.918204,9.290136,10.002089,-2.3536,-3.765336,-4.488636,14945.806,5.188137,5.146248,8.074637,8.70245,-2.011113,-3.184082,-3.681190
2.0,100.0,11787.801,1.628573,2.87938,4.520176,5.197526,-3.358128,-5.189195,-5.275504,11663.565,1.785354,3.034132,4.368234,10.497399,-3.697373,-5.750377,-15.910153,16343.524,4.211913,5.240059,8.928221,7.854224,-2.154883,-3.413645,-9.564215,19914.639,5.271296,6.408128,11.052575,9.695865,-2.440842,-3.85133,-10.689773,7327.704,6.587798,1.587025,2.694194,7.890834,-1.859267,-2.927692,-8.110104,8473.839,6.835104,1.844413,3.191813,3.194772,-2.225004,-3.442094,-9.518686,12996.581,3.872721,4.674925,7.300584,10.648404,-1.973295,-2.942184,-3.884664,14835.252,4.233049,5.316426,8.361079,12.220846,-2.244917,-3.362634,-4.504178,14743.393,1.895651,3.742843,5.46064,14.88048,-4.08777,-6.519116,-17.768017,13003.635,1.70391,3.298351,4.502269,12.155762,-3.850487,-6.134538,-16.991034,20450.959,5.396548,6.814179,10.684075,10.666177,-2.53473,-3.937492,-4.176225,21065.826,8.176765,6.260932,10.234225,28.453854,-2.607171,-3.991081,-10.90834,7298.2744,5.467275,1.73045,3.215861,3.109502,-1.999042,-2.983794,-3.714275,7326.9927,5.243759,1.82107,3.502946,3.562346,-1.884884,-2.744488,-3.192582,17842.293,5.043064,6.574703,11.133593,19.004879,-2.631154,-4.104119,-4.668654,15668.988,5.343241,5.707254,9.682152,17.911354,-2.22822,-3.482766,-4.046537
2.0,500.0,13209.971,1.74,2.561527,3.193553,4.195305,-3.724635,-6.247205,-6.237088,12568.912,1.862884,2.837515,3.314705,4.150515,-4.066202,-6.725419,-17.955818,17525.184,6.040411,4.986283,6.654468,7.251266,-2.28549,-3.773934,-6.806809,20546.11,7.181528,5.86916,7.867712,8.444226,-2.517477,-4.141365,-4.126429,7374.8643,7.975052,1.265317,1.634042,2.036626,-1.909557,-3.129929,-8.353797,8565.701,8.21392,1.462602,2.018203,2.308282,-2.253604,-3.748067,-3.603657,14120.699,5.579889,4.3099,6.010235,6.583623,-2.084827,-3.470647,-8.619532,15902.396,5.987405,4.848421,6.698667,7.221823,-2.347749,-3.927822,-10.376456,16668.832,2.10524,3.468747,3.859239,4.72636,-4.452846,-7.240801,-9.66013,14141.754,1.779828,2.97702,3.441115,4.31548,-4.25078,-7.023803,-19.236286,20979.225,7.304708,5.978789,8.066743,8.685901,-2.583496,-4.187552,-11.414543,21183.217,11.124147,5.576317,7.157069,7.722662,-2.664969,-4.27498,-11.594716,7538.1445,6.48381,1.331319,1.905504,2.326461,-2.038432,-3.354272,-8.629321,7561.222,6.314196,1.415175,2.105396,2.53249,-1.965702,-3.124362,-3.544223,18744.021,7.104762,5.671599,8.143478,8.658781,-2.743135,-4.264304,-9.899417,16324.679,7.522571,4.848869,7.037747,7.523849,-2.357602,-3.749657,-4.362283
2.0,600.0,14133.531,1.757992,3.76795,4.784515,7.423736,-4.198096,-6.099297,-7.223457,14655.559,2.023835,4.151499,5.782487,6.419442,-4.508371,-6.366453,-7.073131,17778.08,4.655906,6.041129,8.989257,9.472551,-2.628453,-3.708792,-4.554365,21202.904,5.654406,7.260386,10.827611,11.385983,-2.866647,-4.018748,-5.21669,8396.271,7.716648,1.844216,2.650498,3.037781,-2.252929,-3.188341,-3.60506,9838.869,8.016379,2.14442,3.116378,3.525187,-2.65839,-3.821144,-4.275548,14202.5625,4.311108,5.37427,8.893126,9.517081,-2.396347,-4.051086,-4.421072,16172.323,4.684942,6.094969,9.990749,10.869711,-2.676029,-4.139303,-4.827491,18490.848,2.198906,5.068574,7.124114,7.94438,-4.932507,-6.86737,-13.954393,16070.934,1.880056,4.387208,5.859509,6.792736,-4.721579,-6.638846,-7.666029,21700.248,5.783108,7.550884,11.585769,12.295757,-2.927069,-4.06438,-6.911054,22344.41,9.002235,7.269246,10.568017,11.188214,-3.03475,-4.232341,-5.069321,8543.844,6.389624,2.004897,3.114143,3.471309,-2.396933,-3.692254,-4.128369,8396.031,6.079527,2.115491,3.442386,3.800917,-2.283439,-3.602266,-4.178472,19298.06,5.574159,7.426759,12.682758,13.560098,-3.118828,-5.038836,-5.629771,16893.396,5.958519,6.484379,11.209185,12.010072,-2.690896,-4.442126,-5.064829
2.0,700.0,15586.52,1.83048,4.531488,5.986961,6.617144,-4.731332,-6.784525,-7.660918,16202.01,2.120278,4.921551,7.142789,7.912224,-5.044492,-7.100429,-7.772217,19204.172,4.997153,6.967081,10.755349,11.424015,-2.864125,-4.125308,-5.053337,22837.367,6.102313,8.326348,12.92971,13.596031,-3.151262,-4.563073,-9.305715,9361.406,8.510986,2.164905,3.193718,3.527513,-2.511621,-3.730317,-4.035708,11034.795,8.868041,2.529553,3.740551,4.085927,-2.992406,-4.51935,-5.107398,15257.466,4.554563,6.152416,10.76975,11.443631,-2.603287,-4.187019,-5.237442,17398.902,4.961078,6.96766,12.048008,12.960832,-2.919546,-4.653895,-5.499167,20253.322,2.297935,5.948459,8.708327,9.540905,-5.516651,-7.670097,-8.543689,17744.328,1.963141,5.246405,7.26416,8.371715,-5.303369,-8.190589,-8.307462,23332.504,6.220093,8.627917,13.827162,14.736636,-3.229312,-4.65959,-6.807988,23878.105,9.621275,8.35657,12.700885,13.261191,-3.277178,-4.8749,-8.203839,9517.077,7.011012,2.366962,3.727738,4.152556,-2.678126,-4.155252,-5.981105,9283.467,6.628455,2.456135,4.14453,4.608088,-2.518731,-4.041375,-4.55716,20699.719,5.912902,8.512795,15.459556,16.649685,-3.420363,-5.68598,-6.394072,18112.012,6.331302,7.444288,13.702681,14.644071,-2.948517,-4.988335,-5.647259
2.0,800.0,17206.318,1.919487,5.4352,8.414907,23.024387,-5.305518,-7.647061,-8.649782,18023.9,2.250285,5.833422,9.678867,9.047121,-5.620696,-7.919399,-8.758778,20450.37,5.18344,7.841831,14.398947,43.042023,-3.222667,-4.56958,-5.315085,24252.72,6.3247,9.355448,16.44508,14.388214,-3.544361,-4.983819,-5.712528,10047.862,8.866326,2.550203,3.673886,9.968687,-2.758085,-3.998948,-4.471782,11857.823,9.267243,2.995714,4.330225,11.482585,-3.300647,-4.807929,-5.255464,16214.56,4.701952,6.972358,12.878854,13.282489,-2.9114,-4.652638,-5.308794,18463.879,5.126448,7.941584,15.145561,14.642407,-3.252088,-5.087718,-5.909767,22301.623,2.426759,6.97056,11.292803,10.926998,-6.127611,-8.531118,-9.28408,19657.707,2.068216,6.222364,10.230185,9.821335,-5.897338,-8.276918,-9.41913,24706.191,6.423849,9.679472,19.39994,16.678036,-3.591583,-5.039248,-5.6885,25251.82,9.947656,9.452366,17.86933,15.043268,-3.649896,-5.126579,-5.906608,10234.597,7.311354,2.770091,4.164167,4.792879,-2.949643,-4.617888,-5.245399,10038.732,6.94028,2.811037,4.603465,5.239713,-2.801664,-4.592176,-5.180056,21890.855,6.096798,9.627442,17.788479,19.101046,-3.77803,-6.345744,-7.144777,19184.988,6.531888,8.357236,15.830328,17.040369,-3.272472,-5.590421,-6.193754
2.0,900.0,18603.17,1.994133,6.130982,8.49278,9.180502,-5.830279,-8.366595,-9.256067,19361.904,2.329955,6.493272,9.770802,10.416252,-6.134665,-8.709439,-9.530141,21564.406,5.413939,8.564337,14.234635,14.83747,-3.479321,-5.019809,-5.78597,25508.643,6.627235,10.217822,17.012163,18.177382,-3.829933,-5.569377,-6.215744,10492.332,9.141655,2.827959,4.170819,4.697925,-2.882092,-4.257968,-4.757594,12440.853,9.602185,3.316181,4.922542,5.365762,-3.472121,-5.174531,-5.679417,17034.766,4.868372,7.509381,14.243607,15.101125,-3.123465,-5.166414,-5.807825,19379.754,5.303531,8.526841,15.892949,16.770311,-3.494704,-5.591398,-6.539056,23777.12,2.49963,7.709752,11.49335,12.302029,-6.68224,-9.361537,-10.347771,21207.555,2.146281,6.965652,10.048335,10.916063,-6.448992,-9.040345,-10.410313,25886.08,6.701414,10.525346,18.091333,18.909761,-3.851877,-5.497912,-6.725249,26381.336,10.314298,10.314906,16.937899,17.613184,-3.904683,-5.817501,-6.191634,10790.109,7.619796,3.0635,4.89261,5.529393,-3.11784,-4.97243,-5.499055,10646.472,7.234976,3.092253,5.315387,5.806787,-2.992108,-4.975008,-5.811956,22893.127,6.309573,10.367306,20.464495,21.99523,-4.056904,-6.836674,-7.871268,20072.23,6.765611,9.08545,18.202345,19.598225,-3.513079,-6.027084,-6.705622
2.0,1000.0,20148.584,2.081357,6.934163,10.350692,14.756362,-6.344987,-9.085272,-9.937225,21081.113,2.459899,7.316986,11.182873,12.010238,-6.644796,-9.39322,-10.512964,22703.182,5.652868,9.265843,15.822489,16.885975,-3.796232,-5.555472,-7.175676,26702.078,6.908863,11.036671,18.886086,19.940092,-4.172348,-6.108144,-6.949327,10879.187,9.443198,3.130434,4.659697,5.167562,-2.997056,-4.534737,-5.255237,12877.649,9.909461,3.681816,5.547157,6.202903,-3.597033,-5.518698,-5.967831,17887.717,5.057709,8.099484,15.90007,16.935942,-3.407817,-5.572742,-6.363316,20311.14,5.524446,9.255732,17.86147,18.88653,-3.80062,-6.227494,-6.948907,25630.191,2.618946,8.637918,13.149158,14.194894,-7.229956,-10.111843,-11.190467,23038.35,2.249335,7.86999,11.55546,13.15434,-6.979644,-9.824187,-11.920995,26965.975,6.955497,11.34051,20.098059,21.274029,-4.167244,-6.092439,-7.314291,27492.895,10.696654,11.175739,18.891027,19.90566,-4.223775,-6.157715,-8.88528,11250.149,7.902034,3.388583,5.503579,8.266503,-3.26096,-5.334338,-5.908947,11214.895,7.573018,3.389503,6.00972,6.773028,-3.188757,-5.531045,-5.998954,23870.297,6.550358,11.212081,22.989569,24.793514,-4.426801,-7.680625,-8.548874,20970.25,7.031245,9.799974,20.377201,21.908857,-3.831126,-6.719043,-7.452172
2.0,50.0,3419.2422,1.2028,0.46072,0.647084,5.128043,-0.37457,-0.556071,-1.355211,935.1699,1.065458,0.111084,0.240093,2.345099,-0.30587,-0.485093,-3.064096,7190.746,2.459316,0.469141,0.631513,1.114877,-0.358183,-0.607056,-2.3797,9119.559,3.047457,0.553467,0.636469,1.190939,-0.452118,-0.608871,-1.604588,1612.7439,2.235694,0.126726,0.182897,0.999483,-0.212096,-0.366529,-0.972122,1766.5765,2.282585,0.132398,0.187808,0.559324,-0.238716,-0.509487,-0.506495,5944.32,2.398795,0.46396,0.558554,1.143514,-0.353046,-0.51724,-0.956108,6872.509,2.639563,0.517384,0.611133,1.832876,-0.408861,-0.530368,-1.439747,2489.917,1.16476,0.250842,0.38969,1.321779,-0.412986,-0.690349,-4.988785,2847.421,1.178518,0.330213,0.5017,2.387989,-0.382209,-0.623695,-1.400504,9313.132,3.086295,0.624692,0.752326,1.007173,-0.533443,-0.660079,-1.725427,7872.6646,3.689063,0.430257,0.513582,1.167053,-0.584902,-0.788729,-1.915324,1625.989,2.04175,0.128373,0.19355,0.657461,-0.230655,-0.339036,-0.706279,1819.6398,2.04957,0.14391,0.228751,0.836735,-0.248164,-0.359981,-0.738955,8363.624,3.076022,0.614241,0.754864,1.713918,-0.56568,-0.91773,-1.658083,7173.4946,3.061763,0.515694,0.663494,1.592978,-0.515547,-0.711681,-1.196215
2.0,100.0,4565.799,1.260888,0.779968,1.300945,3.734905,-0.74034,-1.053719,-1.682408,2847.1074,1.198311,0.219579,0.457126,1.391581,-0.788542,-1.131693,-1.935547,8874.351,2.620684,1.132204,1.257827,1.861146,-0.616268,-0.843717,-1.52312,11480.517,3.304532,1.429298,1.578836,2.478673,-0.762353,-1.001395,-1.651594,2623.955,2.902156,0.331237,0.441863,2.141808,-0.444104,-0.595846,-1.87294,2916.0432,2.97914,0.371652,0.495048,1.412102,-0.517326,-0.694474,-1.075841,7275.079,2.544545,1.060907,1.268238,1.848127,-0.60289,-0.808653,-1.424257,8447.807,2.793254,1.214816,1.43316,3.362535,-0.73736,-1.016031,-1.714476,4658.0977,1.302722,0.568358,0.744516,2.242485,-0.955749,-1.306564,-1.945307,4544.629,1.275148,0.5961,0.936503,2.419726,-0.848649,-1.2011,-2.057078,11910.79,3.392306,1.568148,1.768356,2.313577,-0.869413,-1.249515,-4.774696,11851.794,4.676446,1.223879,1.328535,1.917818,-1.002812,-1.155285,-1.696367,2647.2405,2.593031,0.360243,0.542561,1.299721,-0.488666,-0.699812,-1.190029,2917.4678,2.604669,0.398897,0.560704,2.022648,-0.51645,-0.725006,-1.079393,10515.561,3.305555,1.538495,1.805698,3.03212,-0.943229,-1.233256,-1.840067,9207.964,3.390126,1.324849,1.759029,2.099823,-0.799381,-0.994357,-1.680585
2.0,150.0,5649.3906,1.316245,1.032784,1.561022,2.568482,-1.15323,-1.60769,-2.365501,4489.338,1.311396,0.570756,0.694599,1.401887,-1.284375,-1.793929,-2.428742,10234.539,2.797461,1.740092,2.024999,2.829869,-0.893246,-1.1892,-3.357218,13098.081,3.502709,2.218752,2.562665,3.454274,-1.068405,-1.409831,-1.673979,3522.729,3.466277,0.546956,0.687378,1.274649,-0.681748,-0.887026,-1.39591,3878.1372,3.493705,0.602061,0.772662,2.840854,-0.779545,-1.062985,-1.683117,8400.841,2.717508,1.678183,2.09212,5.96019,-0.850845,-1.136866,-1.877254,9618.356,2.936265,1.901783,2.41009,2.881386,-0.987715,-1.338113,-1.986457,6506.542,1.417657,0.924481,1.255209,2.127413,-1.511851,-2.04019,-2.505022,5801.5723,1.340328,0.851173,1.170057,3.305473,-1.354224,-1.84091,-2.762012,13632.985,3.608867,2.439353,2.931246,3.578866,-1.181048,-1.643619,-2.362695,14212.717,5.263075,2.010032,2.305578,2.892062,-1.312552,-1.768386,-2.761453,3483.575,2.997957,0.573584,0.758952,1.138314,-0.739848,-1.104785,-1.443426,3873.3396,3.061503,0.65051,0.842541,1.269078,-0.773183,-1.077085,-1.636017,11990.364,3.485509,2.440714,3.036148,3.637164,-1.224512,-1.713094,-2.355113,10648.634,3.670518,2.112045,2.628939,4.55475,-1.062046,-1.392122,-1.787504
2.0,200.0,6964.131,1.388383,1.281599,1.983004,2.755268,-1.542529,-2.151014,-4.25741,5991.082,1.413776,0.926538,1.19517,3.255147,-1.731503,-2.386364,-2.919365,11634.47,3.071041,2.416676,2.954565,3.964189,-1.135389,-1.511995,-2.123993,14748.324,3.878666,3.081244,3.722485,4.209099,-1.312077,-1.758375,-2.374966,4361.4434,4.059382,0.753945,1.005532,1.39062,-0.901852,-1.210187,-1.571125,4872.203,4.172293,0.858784,1.440042,1.45049,-1.040266,-1.428976,-2.62369,9501.367,2.944083,2.283296,2.929859,3.627884,-1.089599,-1.538395,-2.149264,10929.613,3.235162,2.621704,3.365184,3.923427,-1.2387,-1.765274,-7.193152,8280.308,1.527783,1.388361,1.797676,2.533936,-1.997973,-2.714071,-3.280663,7435.666,1.433784,1.202089,1.618092,2.527525,-1.799824,-2.464507,-4.177772,15344.109,3.997785,3.373264,4.198302,4.788238,-1.431295,-1.877116,-2.334674,16035.897,5.880848,2.879146,3.41106,4.012115,-1.544189,-1.949129,-2.654397,4361.0137,3.530798,0.819079,1.109028,2.998255,-0.979602,-1.45725,-2.199717,4748.113,3.528937,0.902053,1.306246,1.660539,-1.033059,-1.472493,-1.949669,13525.588,3.852968,3.319471,4.437703,5.060266,-1.518617,-2.158941,-2.630408,11906.298,3.997638,2.866384,3.796296,4.296618,-1.309277,-2.023584,-2.532428
2.0,250.0,8123.5254,1.451664,1.570237,2.631175,3.93684,-1.934005,-3.284467,-9.18375,7294.371,1.502195,1.340595,1.758674,4.297183,-2.212241,-3.719342,-3.771685,12696.945,3.271227,3.010933,3.802033,7.743647,-1.37086,-2.14786,-5.732911,16025.736,4.143962,3.82887,4.845308,5.490321,-1.611641,-2.517842,-3.067451,5043.4253,4.535132,0.954021,1.520785,4.23995,-1.124899,-1.799261,-1.780336,5735.0513,4.69289,1.100804,1.758228,4.937998,-1.327982,-2.165513,-5.913383,10313.322,3.113648,2.827315,3.809805,4.943908,-1.298435,-2.178551,-2.517393,11900.011,3.411657,3.225278,4.360934,5.755565,-1.530337,-2.46739,-6.888682,9867.181,1.626479,1.881439,2.549934,3.287588,-2.478727,-4.190263,-5.703774,8922.48,1.520559,1.621403,2.331071,6.038148,-2.250344,-3.781737,-7.136294,16679.525,4.27556,4.153972,5.357442,6.006879,-1.733967,-2.674125,-4.704625,17313.385,6.308597,3.644909,4.456977,4.929844,-1.784123,-2.633982,-9.356148,5100.2236,3.921027,1.044584,1.767491,4.423528,-1.232294,-1.999749,-4.90282,5437.103,3.889543,1.143949,1.975928,2.720567,-1.260185,-2.066057,-5.649277,14662.364,4.071165,4.089175,5.72025,9.814275,-1.820428,-2.787198,-7.453879,12861.203,4.252346,3.546866,4.961139,8.778479,-1.523933,-2.376735,-6.427964
2.0,300.0,9038.346,1.503739,1.866696,2.773766,3.68951,-2.229796,-3.155567,-3.764429,8392.761,1.5827,1.794627,2.425721,3.07909,-2.489078,-3.466416,-4.084706,13573.043,3.403192,3.582977,4.707629,5.346915,-1.546662,-2.048797,-2.659558,17034.895,4.321109,4.539254,5.98612,6.547025,-1.790634,-2.342151,-3.405983,5660.687,4.905998,1.146,1.566819,1.965137,-1.290402,-1.737416,-2.134999,6435.151,5.080209,1.308216,1.827139,2.160857,-1.522028,-2.086983,-2.791735,11017.917,3.222902,3.369648,4.737913,5.358197,-1.453659,-2.045201,-3.997521,12669.001,3.535471,3.852243,5.456256,6.250328,-1.67732,-2.449828,-2.917406,11038.408,1.702332,2.388506,3.215209,4.041672,-2.817384,-3.872038,-4.577934,9886.506,1.57527,2.049448,2.609586,3.65064,-2.576403,-3.677658,-4.438841,17699.102,4.452358,4.918323,6.677089,7.21127,-1.91042,-2.51707,-3.147542,18369.37,6.59011,4.375905,5.584409,6.05539,-1.970889,-2.60679,-3.145145,5698.192,4.217059,1.244872,1.815679,2.232045,-1.403056,-2.116016,-2.452447,6039.253,4.161186,1.358714,1.969552,2.45644,-1.427003,-2.054816,-2.478052,15593.164,4.2333,4.8665,7.027844,7.573886,-1.986037,-2.99426,-3.82228,13690.319,4.430861,4.21352,6.166334,6.740351,-1.689434,-2.48656,-3.043572
2.0,350.0,9858.537,1.551126,2.17461,3.193309,4.046757,-2.546418,-4.26843,-4.468795,9254.344,1.643471,2.137801,2.954698,4.149962,-2.82915,-4.696815,-13.129111,14424.135,3.622624,4.089741,5.4798,6.019882,-1.726955,-2.854334,-7.689697,17975.037,4.599751,5.136571,6.869839,7.40942,-1.98158,-3.302218,-9.459914,6132.5703,5.262327,1.290289,1.799,2.243255,-1.454123,-2.406065,-2.423212,7010.995,5.46074,1.48688,2.252331,2.449906,-1.735346,-2.933671,-8.005912,11717.164,3.416315,3.791105,5.491229,6.255892,-1.651664,-2.74468,-6.47533,13432.314,3.733641,4.331951,6.373228,7.095695,-1.900399,-3.108121,-8.232138,12030.216,1.765122,2.779149,3.800806,5.054361,-3.172944,-5.35727,-15.112484,10807.01,1.628964,2.405899,3.160476,4.286052,-2.913723,-4.920781,-13.845118,18664.6,4.737572,5.519401,7.622878,8.117427,-2.102523,-3.46615,-9.656055,19233.732,7.009766,4.970045,6.421803,6.788846,-2.137742,-3.438942,-9.721819,6188.8022,4.502069,1.415588,2.112141,3.615826,-1.611333,-2.553103,-2.832656,6488.314,4.414383,1.532321,2.294057,2.716271,-1.616713,-2.583576,-5.236056,16457.695,4.475847,5.448427,8.244311,8.816413,-2.26474,-3.455774,-4.079673,14422.914,4.692393,4.70802,7.169872,7.778352,-1.909216,-2.9098,-3.844854
2.0,400.0,11495.564,1.64679,2.55925,3.626139,9.490327,-3.033845,-4.919416,-5.16019,10981.526,1.766394,2.532216,4.227168,11.659286,-3.348967,-5.428009,-5.411401,15694.062,3.861655,4.561856,6.294627,11.366951,-2.077204,-3.327335,-3.562271,19384.14,4.902783,5.708892,7.837268,13.989764,-2.361763,-3.758328,-10.035202,7067.719,5.86113,1.474056,2.305011,2.5019,-1.753912,-2.776881,-2.83605,8082.3022,6.083757,1.697514,2.633365,6.981536,-2.079088,-3.348663,-3.53554,12708.919,3.621028,4.282523,6.743495,5.969856,-1.893837,-2.917272,-7.405201,14508.117,3.953886,4.849085,7.797243,23.556665,-2.156734,-3.323338,-3.960755,13934.898,1.889239,3.246859,5.433334,7.658044,-3.740887,-6.092718,-9.263546,12538.508,1.732909,2.835779,4.532932,12.587975,-3.458484,-5.653036,-5.847727,20018.02,5.025677,6.128209,8.676096,20.105005,-2.473518,-3.933387,-10.555977,20590.21,7.442744,5.537793,7.421475,15.376752,-2.505546,-3.866595,-5.768369,7079.2363,4.952403,1.629443,2.546068,2.95181,-1.911825,-3.02989,-3.83505,7365.5786,4.835027,1.750323,2.632868,3.141597,-1.874127,-2.800837,-3.328075,17626.77,4.728874,6.106829,11.641436,10.225007,-2.561511,-3.960153,-4.55191,15470.48,4.971131,5.300015,10.099164,8.876909,-2.171104,-3.276373,-4.035383
2.0,450.0,12225.1875,1.680967,2.903045,3.73024,4.673635,-3.303753,-4.67555,-5.415578,11916.797,1.825979,3.00348,4.163302,4.90076,-3.645908,-5.081474,-5.700473,16559.348,4.077508,5.208469,7.339856,8.003787,-2.204609,-2.952948,-3.599993,20395.86,5.189891,6.464099,9.197298,9.857557,-2.500746,-3.361246,-4.09778,7715.3027,6.430592,1.644761,2.337575,2.79048,-1.917265,-2.543509,-3.112516,8891.8955,6.716833,1.899147,2.779359,3.290901,-2.278022,-3.176739,-3.666206,13363.306,3.800107,4.756946,7.339855,7.89892,-1.996669,-2.96418,-3.4192,15337.644,4.184093,5.4374,8.432718,9.251355,-2.289366,-3.47064,-4.019883,15110.196,1.958445,3.734908,5.188666,5.976593,-4.076485,-5.578475,-6.268154,13561.025,1.788032,3.294241,4.347676,5.266013,-3.785812,-5.213469,-6.022771,21054.922,5.302346,6.854004,10.065227,10.733623,-2.62041,-3.527617,-4.194977,21511.496,7.86431,6.318364,8.676324,9.149923,-2.656974,-3.378118,-4.091936,7754.97,5.420984,1.797053,2.751298,3.167054,-2.071579,-3.140371,-3.524377,7938.396,5.2204,1.923256,2.944091,3.268921,-1.990028,-2.903094,-3.346527,18568.145,4.993279,6.76966,10.92923,11.94722,-2.690713,-4.298886,-5.097707,16227.516,5.225894,5.845254,9.44806,10.069287,-2.257519,-3.568139,-4.203953
2.0,500.0,13342.631,1.749654,3.384725,4.381803,6.061207,-3.672332,-5.153763,-6.446405,12976.33,1.902813,3.487518,5.007409,5.581087,-4.026446,-5.536359,-6.266853,17244.008,4.14651,5.644985,8.157979,8.861816,-2.384856,-3.223084,-3.832468,21226.291,5.315041,7.067628,10.271143,10.87219,-2.709685,-3.690233,-4.362357,8272.154,6.707967,1.829072,2.658322,3.032114,-2.124203,-2.856417,-3.334232,9607.878,7.090192,2.124165,3.152714,5.175809,-2.529112,-3.593703,-4.133641,13876.814,3.855123,5.160993,8.249634,8.75137,-2.133752,-3.286992,-4.118445,15953.056,4.263204,5.92605,9.557926,10.22124,-2.444631,-3.856066,-4.656041,16370.154,2.040358,4.295196,6.123407,6.860219,-4.486451,-6.073378,-7.023349,14970.209,1.880013,3.838053,5.16382,6.059257,-4.178089,-5.681453,-6.357294,21910.357,5.423737,7.479487,11.256826,12.003955,-2.814372,-4.084556,-4.54392,22329.834,7.998244,6.904306,9.790846,10.367433,-2.801945,-3.76288,-4.452787,8336.534,5.706003,2.023124,3.183826,3.658978,-2.257515,-3.502454,-3.979825,8394.299,5.38014,2.130334,3.370744,3.818447,-2.141331,-3.254976,-3.796481,19311.621,5.104886,7.401994,12.419474,13.71723,-2.879802,-4.704118,-5.321704,16833.342,5.314001,6.359146,10.677149,11.374217,-2.417729,-3.873199,-4.591529
2.0,600.0,14983.611,1.840841,4.10608,5.289309,6.008516,-4.215044,-5.988778,-6.942008,14870.7705,2.036079,4.310116,6.203215,6.904632,-4.590427,-6.444866,-7.241242,18523.363,4.342458,6.498849,9.728664,10.572588,-2.73621,-3.722838,-4.329344,22645.777,5.538456,8.064995,12.224086,12.93061,-3.108426,-4.24404,-5.02826,9311.851,7.312676,2.116938,3.061675,3.530352,-2.447873,-3.345431,-3.833911,10822.78,7.734245,2.478654,3.659378,4.099988,-2.931674,-4.182119,-4.752879,14850.768,4.011652,5.83876,9.772565,10.519671,-2.435454,-3.718314,-4.203753,17041.693,4.426627,6.740307,11.29645,12.42213,-2.791577,-4.397967,-5.239956,18511.73,2.175332,5.20075,7.399922,8.230482,-5.118518,-7.040177,-7.892409,16754.355,1.978172,4.688317,6.409006,7.312247,-4.797763,-6.624509,-7.476063,23306.316,5.638803,8.462813,13.225336,14.019212,-3.202555,-4.387948,-5.225024,23701.186,8.341124,7.969517,11.738725,12.493432,-3.158497,-4.208327,-4.970832,9304.101,6.134134,2.320682,3.646352,4.333424,-2.620115,-4.105546,-4.546974,9319.378,5.785312,2.420216,3.879256,4.52711,-2.443493,-3.676984,-4.25933,20519.318,5.281051,8.307586,14.625717,15.496965,-3.267596,-5.390172,-6.112328,17917.037,5.531957,7.150953,12.631338,13.465263,-2.735289,-4.41565,-5.519598
2.0,700.0,16559.904,1.920461,4.856786,6.802403,7.117608,-4.874633,-7.186521,-7.496335,16626.182,2.157059,5.117553,7.497622,8.388229,-5.233754,-7.812513,-21.051682,19965.576,4.676761,7.331211,11.396143,12.352928,-3.05236,-4.673453,-5.199955,24164.803,5.929811,9.026847,14.168895,15.2823,-3.442647,-5.186425,-13.693816,10240.651,8.04552,2.442892,3.604355,4.043898,-2.758355,-4.055287,-11.097142,11948.651,8.507424,2.849886,4.347818,4.867962,-3.343775,-4.817846,-5.48097,15959.917,4.279591,6.547948,11.474816,12.484355,-2.778666,-4.330408,-4.85784,18267.098,4.727457,7.512132,13.159969,13.970209,-3.157327,-5.035674,-5.57031,20441.754,2.289887,6.101537,8.948953,9.580473,-5.768094,-8.911732,-13.96569,18498.771,2.062524,5.519707,7.660171,8.889755,-5.429691,-8.394836,-22.426332,24765.107,6.015578,9.435662,15.333387,16.31558,-3.516653,-5.223003,-14.030743,25144.506,8.933801,8.960581,13.781662,14.493172,-3.47855,-5.18798,-13.777398,10250.356,6.718533,2.668231,4.395808,5.021647,-2.973282,-4.60949,-5.115448,10208.616,6.308274,2.760441,4.62866,5.412389,-2.77924,-4.677409,-4.838759,21773.79,5.603065,9.248541,17.059519,18.211025,-3.61828,-5.964917,-6.687835,19009.023,5.877082,7.994729,14.764682,15.867241,-3.063103,-4.979844,-5.852652
2.0,800.0,18081.275,2.003173,5.631755,7.566684,8.995014,-5.414788,-7.58679,-8.334854,18340.064,2.279082,5.917264,8.727307,9.757854,-5.805562,-8.039838,-8.886038,21046.082,4.809008,8.081493,12.952714,13.819919,-3.321495,-4.595647,-5.290686,25372.863,6.063439,9.889196,16.044916,16.98935,-3.750933,-5.250489,-5.994329,10946.588,8.351384,2.745564,4.06979,4.889615,-2.977863,-4.113513,-5.594889,12791.076,8.807304,3.225073,4.893809,5.47559,-3.560072,-5.177424,-5.633128,16777.531,4.374997,7.172537,13.096346,13.790959,-2.92798,-4.679219,-5.466084,19210.504,4.819676,8.238813,15.002566,16.205448,-3.334131,-5.400911,-6.186592,22417.47,2.419416,6.991099,10.258758,11.174278,-6.393215,-8.722561,-9.46855,20188.533,2.152996,6.336472,8.877878,9.793682,-6.028048,-8.246336,-8.954077,25903.316,6.117062,10.252639,17.200466,18.4077,-3.80424,-5.315588,-6.562439,26273.842,9.109329,9.86911,15.71316,16.453623,-3.737963,-5.072096,-5.762745,10964.436,6.953106,3.004447,4.896508,5.594276,-3.132483,-5.027757,-5.557932,10947.835,6.57223,3.051476,5.19485,5.986137,-2.935892,-4.697305,-5.188009,22788.564,5.679346,10.062359,19.305902,20.542152,-3.876659,-6.750235,-8.171212,19898.555,5.987073,8.690702,16.76783,17.959135,-3.260752,-5.540336,-6.544201
2.0,900.0,19681.62,2.099181,6.409828,8.808723,9.546645,-5.980942,-8.564197,-9.213592,19915.03,2.383795,6.675902,10.047556,10.827651,-6.352081,-9.148503,-10.044931,22162.191,5.030432,8.764,14.441684,15.266678,-3.639288,-5.387184,-14.607876,26620.588,6.372766,10.761845,17.980791,18.868792,-4.111663,-5.902651,-7.516628,11465.665,8.723371,3.0705,4.560543,5.003567,-3.166178,-4.840952,-5.089867,13403.44,9.237551,3.633385,5.50942,6.050522,-3.84184,-5.601286,-6.247831,17655.176,4.570902,7.775436,14.681877,15.631982,-3.280346,-5.099811,-5.712097,20198.49,5.057205,8.964822,16.824371,17.901598,-3.725944,-5.924617,-6.803342,24181.828,2.522854,7.845075,11.711639,13.055958,-6.931508,-10.422593,-11.476132,22064.584,2.272149,7.202274,10.306995,11.132044,-6.560583,-9.925848,-9.974798,27049.307,6.40234,11.139462,19.24949,20.441494,-4.146136,-5.912287,-6.734195,27357.936,9.480485,10.733658,17.674461,18.517307,-4.046448,-5.913424,-6.187201,11551.121,7.322508,3.355712,5.548078,6.135347,-3.351656,-5.434433,-6.041917,11611.936,6.916558,3.36544,5.829103,6.319226,-3.214788,-5.086028,-6.363697,23830.828,5.961249,10.935824,21.751074,23.629179,-4.256082,-7.411456,-8.217938,20793.27,6.251052,9.4259,18.798464,20.112906,-3.563827,-6.086979,-6.705067
2.0,1000.0,20909.613,2.166193,7.108681,9.915869,10.61645,-6.316636,-8.984414,-9.918808,21478.184,2.497238,7.402609,11.241003,11.919586,-6.71342,-9.510859,-10.190788,23164.105,5.240314,9.431026,15.977996,16.842264,-3.824333,-5.54432,-6.409365,27686.912,6.603197,11.507063,19.685236,20.830442,-4.318869,-6.367212,-7.145391,11857.448,8.974593,3.357953,4.963029,5.368271,-3.198934,-4.731108,-5.155719,13800.22,9.459661,3.975451,6.019713,6.529589,-3.878568,-6.025623,-6.559479,18410.895,4.729233,8.325962,16.176641,17.226543,-3.431502,-5.599532,-6.254429,21016.49,5.217801,9.583638,18.547945,21.485378,-3.917226,-6.518821,-7.236552,25955.424,2.64129,8.6623,12.978995,13.911509,-7.332662,-10.264095,-11.267263,23512.953,2.35176,7.963181,11.510924,12.499084,-6.921818,-9.719628,-10.96921,27992.326,6.588636,11.84863,21.041952,22.65472,-4.324374,-6.429053,-7.256199,28278.629,9.779827,11.503656,19.45286,20.198444,-4.193622,-6.013024,-6.914832,11961.421,7.534867,3.667336,6.015371,6.437811,-3.484568,-5.827211,-6.272601,12178.536,7.216317,3.645184,6.268408,6.953328,-3.341929,-5.516488,-6.219739,24689.252,6.122826,11.646834,23.88045,25.366402,-4.559032,-8.108997,-8.91901,21570.086,6.440252,10.040371,20.635302,22.14281,-3.804726,-7.132478,-7.263303
2.0,1000.0,1317.5117,1.036859,0.583272,0.956897,1.785378,-6.109083,-8.765949,-12.299408,1609.5039,1.04874,0.635356,1.071457,2.447434,-6.653907,-9.816091,-10.228074,890.4942,1.034775,0.400477,0.63458,1.2673,-3.71628,-5.540074,-6.221015,880.7422,1.030138,0.445376,0.753991,1.472882,-4.199035,-6.404469,-7.170656,420.9209,1.033646,0.363159,0.605313,1.105656,-3.138303,-4.556327,-5.10019,479.2607,1.033102,0.44934,0.765319,1.455732,-3.847674,-5.859241,-6.355884,770.2851,1.037049,0.34131,0.621089,1.221438,-3.360306,-5.573104,-6.334537,771.3965,1.033466,0.40842,0.73186,1.320996,-3.815373,-6.625295,-7.629113,1782.6562,1.045765,0.686599,1.119473,2.223579,-7.19467,-10.133278,-10.945329,1670.1094,1.043859,0.658852,1.20838,2.392899,-6.807643,-9.621484,-10.857987,603.3379,1.020334,0.439985,0.927236,1.5006,-4.08199,-6.219677,-12.169482,671.6445,1.02353,0.399918,0.69345,1.417856,-3.988307,-5.821149,-6.524388,477.2539,1.037255,0.378865,0.648876,1.140618,-3.499047,-5.722897,-6.416353,537.0723,1.040615,0.357193,0.635456,1.130578,-3.389352,-5.399245,-6.12752,593.795,1.022612,0.480212,0.897412,1.639933,-4.383984,-8.502567,-9.699843,616.9024,1.026784,0.382295,0.72834,1.673649,-3.672736,-6.656363,-7.583951
0.0,100.0,106399.42,9.047861,22.847815,29.325912,30.706633,-20.504753,-25.32731,-32.058304,90797.27,7.828179,21.64914,30.128122,31.316372,-16.027483,-19.416416,-24.50096,11404.699,5.93518,4.347185,6.795881,7.482221,-2.548088,-3.476736,-4.058683,10731.016,5.919024,4.118785,6.768626,7.414365,-2.42123,-3.379865,-4.127826,3982.235,4.779146,1.475926,2.918674,3.517506,-0.994864,-1.557334,-2.150665,4467.523,4.894984,1.780413,3.658251,4.375776,-1.141214,-1.869186,-2.2691,13679.363,7.211971,5.802731,9.796478,10.700115,-3.484684,-5.352716,-5.893802,13589.33,7.135263,5.952434,10.386585,11.631046,-3.561593,-5.703258,-6.520719,86783.17,8.106981,21.439419,29.392303,30.685577,-15.192221,-18.549225,-23.623188,98084.78,8.353705,23.542301,31.426332,33.026005,-17.74752,-21.636534,-26.137106,11785.703,6.171076,4.806963,8.020515,8.844902,-2.702748,-3.794237,-4.365894,9354.765,6.545037,3.421117,5.502722,6.054582,-2.186761,-3.029395,-3.514678,4807.529,4.47604,2.010311,4.708399,5.526863,-1.227579,-2.090338,-2.579808,5101.2505,4.430293,2.036362,4.512758,5.217139,-1.250468,-1.978144,-2.428649,14585.693,7.412709,6.618741,12.476846,14.245524,-3.880839,-6.420546,-7.193019,12932.658,7.471637,5.666717,10.54511,11.700215,-3.339135,-5.278821,-5.805444
0.0,200.0,158955.0,13.503683,37.639713,50.19534,52.70175,-29.71509,-35.879112,-49.351177,129705.55,10.849837,33.377625,47.7735,49.60232,-22.666784,-27.369646,-35.6669,18101.205,9.659032,5.221186,7.864078,8.76424,-4.501208,-6.437399,-7.010776,17173.043,9.571451,4.944218,8.178856,9.25231,-4.273865,-6.185691,-6.826546,6016.2583,6.838077,1.735536,3.906009,4.959692,-1.664814,-2.862133,-3.239531,6776.5723,7.009664,2.038694,4.88077,6.150784,-1.895901,-3.304784,-3.766659,22320.27,12.012685,7.156907,12.099627,14.120793,-6.354664,-10.434653,-11.311264,22487.492,11.986537,7.266246,12.860055,15.029431,-6.528462,-10.851664,-12.892122,124249.85,11.089277,32.728107,46.21711,48.409786,-21.741726,-27.235987,-34.951084,142637.98,11.456738,36.677036,50.27872,52.45311,-25.437908,-30.637243,-40.587887,18496.918,9.773328,5.663974,9.544138,10.683772,-4.655688,-6.767767,-7.240515,14749.873,10.357337,4.233325,6.583687,7.559599,-3.805814,-5.481325,-5.961069,7169.238,6.204275,2.220851,6.174972,7.958011,-1.994236,-3.571153,-4.315349,7442.158,6.060611,2.27852,6.032654,7.755509,-2.024784,-3.521504,-3.95558,24096.066,12.448507,8.070039,15.622894,18.260239,-7.131097,-12.505979,-13.169076,20683.293,12.15658,6.962171,13.6032,16.010902,-5.97303,-10.306392,-11.025708
0.0,50.0,72726.67,6.690277,15.671009,23.941969,21.541595,-13.416963,-16.456594,-19.949558,64122.61,5.724051,15.185313,23.671656,21.612518,-10.758086,-13.195119,-15.929477,8080.9546,5.119883,2.351607,3.759339,4.338827,-1.626271,-2.163772,-2.667628,7662.435,5.036654,2.238526,3.710014,4.161438,-1.553706,-2.116077,-2.564277,2824.0798,3.843362,0.899295,1.776029,2.202946,-0.662821,-1.028027,-1.276395,3207.156,3.934656,1.059244,2.12133,2.473037,-0.762173,-1.182628,-1.528665,9666.403,6.037846,3.143726,5.626567,6.539791,-2.237557,-3.293097,-3.938803,9701.184,5.970684,3.234967,5.821154,6.411025,-2.280547,-3.445805,-4.101333,60436.56,5.666532,14.670309,23.556826,20.326725,-10.100247,-12.373669,-14.903385,67588.83,5.706846,15.71428,25.157457,21.282701,-11.797575,-14.534147,-17.398405,8494.209,5.236674,2.639705,4.389763,4.914166,-1.759402,-2.420108,-2.940149,6565.3706,5.378744,1.939131,3.2738,3.648963,-1.413157,-1.921084,-2.375303,3485.0398,3.591505,1.241121,2.667381,3.159199,-0.830464,-1.33447,-1.640651,3685.447,3.577128,1.284812,2.702175,3.125067,-0.856744,-1.334563,-1.673661,10445.475,6.218456,3.617716,6.816205,7.479977,-2.49582,-3.898026,-4.441901,9223.427,6.227276,3.165016,6.037789,6.620122,-2.183958,-3.341743,-3.916663
0.0,275.0,190063.25,15.08656,54.99604,81.49847,153.4154,-7.27339,-13.446616,-57.517,153325.33,12.548073,46.850555,74.93474,149.79762,-5.641969,-10.991748,-34.318542,26827.586,11.268344,7.368769,16.371746,39.139225,-4.398093,-6.427428,-16.143394,25613.887,10.870219,7.089889,16.282907,45.784096,-3.901405,-5.730369,-15.31482,8100.7085,7.481279,2.622841,8.5415,9.012988,-1.224008,-2.019499,-3.294263,9090.748,7.562973,3.064164,10.045592,10.40047,-1.330382,-2.266034,-3.44603,32859.516,13.408146,10.673103,24.26502,79.481926,-5.591275,-8.805952,-15.533504,33432.55,13.524616,10.989596,24.859905,84.97813,-5.677498,-9.159203,-14.580195,144837.84,13.91327,44.299267,67.06486,101.11909,-5.476235,-10.508599,-33.235336,178332.03,14.399429,52.474613,77.54694,114.67428,-6.285956,-12.378342,-38.35219,30168.441,11.661475,8.56747,19.088453,45.98678,-4.615596,-6.726771,-17.935814,23302.014,11.503033,6.572381,14.582271,37.696358,-3.750307,-5.361173,-14.134361,9744.567,7.373435,3.425791,11.671651,12.658568,-1.392343,-2.454093,-5.435834,9752.045,7.078783,3.423167,11.658479,12.329153,-1.420002,-2.445231,-5.451766,39682.062,14.929797,13.36496,33.78922,32.91584,-6.570553,-10.433983,-17.408411,34250.625,14.047411,11.736856,31.096062,30.5719,-5.440074,-8.478806,-12.547188
0.0,275.0,193867.03,15.819231,55.301952,81.5275,85.14671,-40.249863,-50.893005,-138.09183,155281.45,13.077446,46.442204,72.05043,74.675674,-30.413857,-37.44522,-95.87631,27448.883,12.324181,7.385517,12.583155,14.428137,-6.512058,-10.054151,-30.050423,26074.416,11.670737,7.108269,12.738043,14.677572,-6.253331,-10.130531,-30.426495,8191.765,7.585591,2.548692,6.72809,8.674666,-2.068823,-3.840673,-10.922789,9161.222,7.616874,2.984364,7.897381,10.115842,-2.368562,-4.494489,-12.593274,33677.367,14.466837,10.745974,19.518667,23.202833,-9.014872,-17.009462,-49.825523,34230.332,14.428823,11.110561,20.256435,23.91019,-9.323368,-17.948706,-51.790077,146660.98,14.584625,44.264412,66.91509,69.35953,-28.967554,-35.627434,-75.328476,180705.03,14.819536,52.71691,77.82262,81.01403,-34.81572,-42.589703,-97.3734,30651.795,12.424674,8.625729,14.719495,16.405127,-7.343424,-11.582298,-34.468765,23817.4,12.44554,6.589623,11.323619,13.106974,-5.739248,-8.702734,-25.884628,9820.8,7.420569,3.314164,9.485416,12.146154,-2.516225,-4.759838,-13.244381,9890.919,7.188161,3.307914,9.360152,11.910432,-2.444297,-4.55392,-12.611534,40726.695,15.882319,13.52767,26.71661,32.197475,-11.418529,-22.09034,-61.263474,35090.125,15.051771,11.723888,24.52003,29.769178,-9.608494,-18.474527,-51.520264
0.0,250.0,4550.7324,1.290757,1.55937,1.992033,2.719018,-1.141131,-1.604625,-2.697614,5777.382,1.467683,1.709307,2.11928,2.866253,-1.192047,-1.573187,-2.066012,9443.486,3.094025,3.864711,6.672416,7.218514,-2.615864,-3.792295,-6.039848,8607.223,3.001984,3.491332,6.321025,6.879386,-2.441071,-3.479438,-4.016111,1975.5306,2.366982,0.802574,1.878688,2.290972,-0.556696,-0.865048,-1.211623,2138.6414,2.385237,0.921225,2.374861,2.893101,-0.611217,-1.040117,-1.284302,10492.699,3.378739,4.71426,9.537081,10.665588,-3.185336,-4.841962,-5.475695,10108.008,3.305282,4.735093,10.230798,11.409983,-3.190674,-5.200178,-5.611817,4553.368,1.444673,1.310783,1.601591,2.069893,-0.857261,-1.07592,-1.93176,3786.9375,1.303042,1.153648,1.438842,2.09716,-0.786816,-0.9906,-1.738588,10174.259,3.152164,4.3214,7.693818,8.294326,-2.832719,-4.008637,-4.513334,7709.106,3.157901,2.936687,5.064599,5.851081,-2.137523,-3.11787,-4.742028,2205.7473,2.348138,0.972068,2.678426,3.371147,-0.615671,-1.084798,-1.645185,2436.328,2.373567,1.017061,2.468078,3.002043,-0.663155,-1.022031,-1.449943,10854.472,3.317445,5.477164,12.614754,14.274448,-3.457713,-6.034094,-7.038147,9799.988,3.339065,4.518892,9.620245,10.665368,-2.98645,-4.770638,-5.400280
1.0,275.0,16054.093,3.357322,4.292167,5.938004,6.400078,-3.0062,-3.690808,-4.384935,19434.463,3.637263,5.223392,7.207322,7.670696,-3.315184,-4.041213,-4.745809,42526.25,15.613812,14.510461,27.797626,29.858498,-9.99627,-13.493552,-14.645932,39036.99,16.736265,13.723487,27.47869,29.833855,-9.486735,-12.943761,-14.023898,6767.7188,5.916565,2.377381,5.775602,6.956618,-1.671619,-2.384114,-2.82624,6842.742,6.38149,2.622914,6.530317,7.694903,-1.800446,-2.70513,-2.989966,39210.98,14.832202,16.193571,37.98103,42.045406,-9.849432,-14.1611,-15.302827,38260.754,17.033184,16.536413,38.789898,43.018723,-10.110888,-14.803835,-15.565963,15810.039,3.565183,4.122815,5.649501,6.057648,-2.619889,-3.184673,-4.367154,13689.685,3.250821,3.321065,4.464182,4.949942,-2.203067,-2.647014,-3.268765,41229.953,16.582708,14.943684,30.619873,33.025673,-9.936337,-13.417961,-14.436066,33032.215,15.190954,11.125149,20.751997,22.10923,-7.775671,-10.445115,-11.116334,6808.4385,5.978884,2.599421,6.623471,8.117699,-1.756048,-2.666645,-3.044514,7839.1367,5.6442,2.817641,6.946568,8.124689,-1.878097,-2.668491,-3.075133,41406.473,17.360712,18.111263,44.59579,50.032227,-10.929427,-16.218534,-17.217054,37246.234,15.173145,15.505722,37.555264,42.039307,-9.459241,-13.950205,-14.994205
1.0,275.0,20447.096,3.402577,4.407113,5.979658,6.351558,-3.453296,-4.169546,-4.911337,22560.268,3.602378,5.012831,6.685439,7.258733,-3.536937,-4.2727,-5.124044,35178.68,15.672488,12.86532,25.20746,27.165756,-8.259064,-10.93627,-11.860024,34302.59,15.647894,12.662472,25.159126,27.282104,-8.150405,-10.949785,-11.799036,5515.5815,6.034025,2.018339,4.976356,6.208571,-1.33448,-1.876563,-2.284444,6228.436,6.171752,2.40076,5.989921,7.328096,-1.547908,-2.288473,-2.623675,33234.53,15.343354,14.373249,34.049255,38.049526,-8.29545,-11.67331,-12.540062,35035.426,15.978269,15.614411,36.60234,40.225456,-8.944184,-13.127355,-14.022609,18142.834,3.585194,3.901368,5.204335,5.804651,-2.768774,-3.339723,-4.09377,17058.934,3.276102,3.376027,4.433879,5.083228,-2.451602,-2.911395,-3.641535,36840.125,15.658429,13.816876,27.883577,30.072065,-8.645611,-11.511297,-12.321423,28070.975,15.415598,10.033035,19.023914,20.521744,-6.590137,-8.688945,-9.239712,6249.986,5.791832,2.405471,6.224283,7.940411,-1.535855,-2.314796,-2.589277,6465.09,5.722714,2.429677,6.145318,7.555397,-1.530063,-2.144615,-2.613564,37783.992,16.40237,17.098003,42.342464,47.32935,-9.76266,-14.56399,-15.766422,31668.498,15.222663,13.886223,34.067085,38.44805,-8.018378,-11.491166,-12.208484
1.0,275.0,17829.273,2.502904,4.480047,6.205763,6.625394,-3.502375,-4.261604,-4.951377,20360.898,2.756463,4.88801,6.563937,7.223992,-3.575908,-4.322919,-5.502726,35244.957,16.89484,12.650366,24.823977,26.817999,-8.318566,-11.255527,-12.047158,34212.945,16.147993,12.4264,24.1502,25.785604,-8.294209,-11.379571,-12.168728,5531.909,6.035111,2.055987,5.225113,6.789493,-1.348001,-1.98657,-2.282627,6188.8623,5.975401,2.399882,5.997799,7.662888,-1.586674,-2.40034,-2.64099,33276.992,16.405474,14.422548,33.422634,36.48236,-8.347184,-12.166608,-13.166692,34964.145,16.438772,15.440275,35.11739,38.51334,-9.129239,-13.68123,-14.661891,16622.014,2.795934,3.86973,5.188072,5.778687,-2.812002,-3.406235,-4.116124,14584.191,2.325564,3.439673,4.618353,5.052274,-2.501549,-3.026067,-3.78589,36704.22,16.067486,13.626104,26.89729,28.881824,-8.802568,-11.920994,-12.738831,28058.816,16.40212,9.929735,18.997658,20.32009,-6.634892,-8.916887,-9.617941,6217.4463,5.650856,2.418543,6.428227,8.319133,-1.570853,-2.433476,-2.713663,6499.665,5.789143,2.492535,6.616352,8.663922,-1.54888,-2.294287,-2.645362,37680.914,16.858183,17.113085,41.43568,45.462025,-9.942407,-15.1801,-16.220198,31713.756,16.28376,14.006543,33.779114,37.19923,-8.120358,-12.125604,-12.901179
1.0,50.0,6177.545,1.554777,1.286438,1.596581,2.345585,-1.128724,-1.720237,-4.79724,7178.467,1.604627,1.443852,1.808095,2.311978,-1.261327,-1.92482,-5.154451,12833.262,6.643456,3.997282,6.146731,6.589726,-2.854069,-3.866754,-10.16339,12529.063,6.605483,3.812346,5.934547,6.402569,-2.81937,-3.753878,-4.314185,2210.758,2.977515,0.764145,1.551658,1.944119,-0.529319,-0.829399,-1.569532,2470.8772,3.023488,0.868693,1.837008,2.21871,-0.601115,-0.913667,-1.297382,13116.943,6.950019,4.851126,8.237629,8.702341,-3.23529,-4.757266,-5.440619,13628.045,7.154767,5.006796,8.6742,9.354511,-3.395638,-5.141369,-5.89972,5676.38,1.599085,1.061212,1.28503,1.856782,-0.921668,-1.378528,-3.906521,5315.048,1.509446,0.997175,1.284977,1.763797,-0.843349,-1.275113,-3.403433,13553.746,6.634822,4.315907,6.765225,7.380004,-3.038462,-4.070666,-4.589581,10265.902,6.478536,3.196723,4.960022,5.374984,-2.338679,-3.150356,-8.461556,2542.791,2.945201,0.893921,2.018277,2.485733,-0.608424,-0.963544,-1.627399,2679.52,2.923313,0.927163,1.864493,2.299317,-0.626505,-0.938625,-1.265845,14523.113,7.264545,5.450734,9.636132,10.280684,-3.633953,-5.664601,-6.367724,12391.661,6.827324,4.613853,8.099234,8.667225,-3.041561,-4.664603,-5.167685
1.0,275.0,17567.285,2.595761,4.30415,5.947705,6.650226,-3.37541,-4.09668,-4.733379,19948.223,2.722328,4.915945,6.547517,7.404261,-3.536905,-4.282927,-5.180394,36058.984,16.03024,12.183485,22.861925,24.974241,-8.971122,-12.572312,-13.714277,34577.71,15.591971,11.961838,23.1726,26.509722,-8.838126,-12.774516,-13.515275,5630.265,5.998445,1.900977,4.810481,6.003715,-1.457502,-2.251361,-2.572598,6260.8926,6.06176,2.252922,5.881562,7.509411,-1.711655,-2.88383,-3.331298,33754.67,15.749748,13.785804,31.94837,35.408554,-8.926949,-13.666428,-15.071238,35191.53,16.202536,14.89946,34.894012,38.541237,-9.783437,-16.091274,-17.162184,16228.266,2.747571,3.866153,5.197852,5.587602,-2.775174,-3.365661,-4.194205,14394.857,2.394195,3.298891,4.378023,4.978618,-2.426932,-2.922758,-3.648887,36947.188,15.538496,13.053484,25.787249,29.533426,-9.345344,-13.333503,-14.068556,28565.674,15.579107,9.545762,17.353119,19.838366,-7.120821,-9.946855,-10.714121,6271.395,5.723708,2.263775,6.27653,8.025898,-1.700001,-2.941787,-3.492502,6601.3726,5.692751,2.287022,6.024183,7.695193,-1.67148,-2.573949,-3.048371,37875.09,16.57388,16.283384,40.29936,45.80489,-10.618714,-18.056318,-19.816467,32225.186,15.584078,13.254765,31.958776,36.264023,-8.582817,-13.442534,-14.338594
1.0,50.0,6441.9766,1.595451,1.307966,1.633765,2.107952,-1.126227,-1.461568,-2.213629,7600.876,1.675901,1.449642,1.797807,2.444024,-1.247779,-1.57519,-2.234033,13101.934,7.004507,3.985915,6.037684,6.409904,-2.872356,-3.985859,-4.980426,12704.548,6.884806,3.830792,5.830673,6.361126,-2.810063,-3.934408,-4.39949,2262.8674,3.042489,0.766759,1.503728,1.88494,-0.547031,-0.834007,-1.213271,2487.6978,3.043434,0.870314,1.728204,2.207017,-0.614958,-0.98685,-1.422677,13363.324,7.306961,4.820519,8.045588,8.560751,-3.285802,-4.963583,-5.602719,13763.97,7.407645,5.052917,8.383053,8.906518,-3.449294,-5.358373,-5.888504,6017.3926,1.669742,1.068276,1.291359,1.805817,-0.915901,-1.167407,-1.897918,5642.6045,1.562024,1.008857,1.251258,1.875628,-0.846206,-1.064298,-1.765809,13731.136,6.90907,4.335877,6.655544,7.131385,-3.030546,-4.196433,-4.720722,10469.127,6.832479,3.180566,4.882565,5.181236,-2.346912,-3.211026,-3.671858,2557.3652,2.963223,0.894448,1.84601,2.335944,-0.619927,-1.07244,-1.401281,2749.1687,2.99567,0.929994,1.84409,2.219615,-0.645677,-0.989967,-1.402254,14680.929,7.535423,5.485448,9.246849,9.985332,-3.702146,-6.014021,-6.665237,12614.629,7.170861,4.594597,7.827375,8.342218,-3.119808,-4.826818,-5.394816
1.0,250.0,16851.768,2.666628,3.802977,5.117228,5.574555,-3.224647,-4.379979,-11.907476,19051.406,2.738837,4.426295,5.749631,6.398967,-3.426705,-4.602381,-12.583627,36664.387,15.264468,12.361657,22.789688,24.171144,-9.352756,-15.433888,-13.859935,35175.19,15.065784,12.03749,22.835236,24.44423,-9.151595,-16.264818,-14.049919,5789.9023,5.999364,1.942537,4.71712,5.909477,-1.559031,-2.889889,-2.82093,6464.3228,6.155028,2.279434,5.756932,7.252593,-1.813793,-3.408934,-3.469169,34213.547,15.198764,13.836672,31.098192,34.62308,-9.335559,-17.597237,-50.068375,35908.637,15.956649,14.923239,34.06357,37.54326,-10.185267,-19.784348,-54.835503,15473.84,2.770985,3.474142,4.497764,4.964124,-2.670158,-3.700514,-10.017178,13800.776,2.439273,2.920958,3.780939,4.149821,-2.310443,-3.238525,-8.965488,37584.734,15.082877,13.103733,25.354025,27.181944,-9.667257,-16.830006,-49.159134,28971.062,14.896761,9.668155,17.252571,18.48339,-7.396691,-12.119962,-36.131496,6498.597,5.847508,2.288389,6.115436,7.863372,-1.806017,-3.28898,-8.870595,6802.7163,5.711355,2.328496,5.780438,7.399427,-1.795467,-3.271959,-9.073053,38386.28,16.150528,16.23297,39.96279,45.321194,-11.045245,-20.29735,-19.97641,32472.297,14.925244,13.268501,31.701553,35.71588,-8.96629,-16.496431,-45.769677
1.0,250.0,16747.557,2.027726,17.942656,30.354158,32.10613,-3.165589,-3.881705,-5.872246,19527.826,2.535992,19.932371,36.081776,37.916245,-3.539452,-4.035132,-4.945749,27364.072,7.266745,10.315823,19.1212,20.556353,-8.603288,-12.995838,-13.822502,25267.516,7.22874,9.544625,18.575678,20.625956,-8.09549,-12.761357,-13.610206,5413.106,4.738463,2.315161,5.72285,7.540813,-1.790524,-3.084351,-3.591017,5957.7656,4.848676,2.817661,7.234414,9.442973,-2.055386,-3.929899,-4.474478,30308.273,8.182195,13.527842,27.979055,30.695536,-10.216327,-17.277735,-18.30233,30394.822,8.411343,13.523734,28.59475,31.63507,-10.907709,-19.96406,-21.549828,16725.12,2.560839,16.390732,27.915989,29.111128,-2.847138,-3.256251,-4.633045,14768.213,2.114448,14.819026,23.688837,24.640167,-2.443665,-2.751256,-3.632176,29453.385,7.412969,11.804127,23.2372,25.259071,-9.290288,-14.467407,-15.508659,22928.709,7.837597,8.372889,14.742135,15.735922,-7.126586,-10.706405,-11.495462,6066.917,4.707061,3.115993,8.19823,11.242981,-2.066277,-4.109942,-4.900599,6408.9424,4.627103,2.990585,7.62236,9.993696,-2.068058,-3.590313,-3.945524,34212.53,8.60428,17.076303,38.878098,44.00574,-12.419092,-24.59162,-26.322166,29538.629,8.432753,13.980692,30.520008,34.20391,-9.995687,-18.086948,-19.503194
1.0,250.0,13063.614,1.942275,3.772049,5.345047,5.876002,-2.871209,-3.469798,-4.171439,16376.289,2.480408,4.17602,5.433698,5.960034,-3.112401,-3.746298,-4.460924,32834.555,10.151698,11.402593,21.813328,23.373575,-8.779406,-12.59809,-13.526056,30937.86,10.004114,10.773273,21.149359,22.874664,-8.463999,-12.304824,-13.411527,5666.266,5.544743,1.953097,4.646323,5.642831,-1.592323,-2.502428,-2.883617,6268.459,5.689749,2.312565,5.687486,6.969614,-1.830378,-3.128324,-3.802916,32988.934,10.462976,13.433692,30.504578,34.033035,-9.451428,-14.744904,-16.152079,33936.094,10.827909,14.138036,32.437996,36.445454,-10.19603,-16.705975,-17.83831,13370.951,2.519143,3.181415,4.058288,4.723379,-2.356448,-2.844124,-3.378141,11032.53,2.019504,2.668248,3.481158,4.011388,-2.011377,-2.413583,-2.966746,34573.54,10.244902,12.471781,24.871721,26.843477,-9.371634,-13.610583,-14.886044,26461.316,10.251295,8.890632,16.18232,17.439577,-7.044891,-10.046466,-11.260403,6343.1035,5.496964,2.358995,6.104031,7.587194,-1.819666,-3.297529,-3.923074,6678.6567,5.394269,2.393205,5.930453,7.195977,-1.822783,-2.876375,-3.755637,36965.89,11.053164,15.926559,39.922493,46.28065,-11.175609,-19.476624,-21.036318,31599.748,10.539453,13.001491,31.078201,35.42167,-9.115835,-14.768215,-15.920407
1.0,250.0,13266.417,2.013751,3.613821,5.113911,5.74374,-2.831561,-3.492668,-4.016226,16632.879,2.569626,4.091102,5.299695,6.936742,-3.086652,-3.730141,-4.611182,34133.62,11.461396,11.616035,22.130877,23.619968,-8.972207,-12.685614,-13.698656,32204.836,11.25082,11.026384,21.479942,23.304571,-8.600512,-12.497604,-13.344343,5861.161,5.945523,1.958777,4.657855,5.545608,-1.607966,-2.502786,-2.868971,6475.093,6.076659,2.300385,5.656872,6.766773,-1.838089,-3.131476,-3.533685,34008.73,11.7183,13.556931,30.893026,34.36212,-9.546092,-14.69718,-15.71997,35195.676,12.193791,14.279703,32.76905,36.63801,-10.189706,-16.631952,-18.07526,13618.494,2.635214,3.120801,3.934571,4.29257,-2.336501,-2.824868,-3.651882,11352.834,2.114775,2.583247,3.337589,3.939772,-1.985275,-2.398327,-2.994662,35696.38,11.509098,12.607227,25.015852,27.032728,-9.45427,-13.56607,-14.499279,27335.63,11.401906,9.090174,16.564428,17.886818,-7.169822,-10.18743,-11.098206,6568.6836,5.886051,2.340249,6.059628,7.346747,-1.833161,-3.244993,-3.720542,6909.611,5.778331,2.397078,5.901417,7.149591,-1.842159,-2.861684,-4.27275,38009.777,12.380201,15.921867,39.69858,45.487698,-11.161058,-19.188293,-20.826918,32334.096,11.697915,13.090177,31.264788,35.413986,-9.144058,-14.683813,-15.697498
2.0,1000.0,30653.275,2.068061,59.889126,105.00615,111.89273,-9.272562,-12.993081,-15.01407,29201.375,1.889789,64.593605,117.49131,125.38898,-10.193013,-14.129271,-17.536783,18575.578,4.828391,15.378606,23.351202,24.35934,-3.969084,-6.058336,-6.639251,21681.377,5.72146,16.513342,25.49211,26.40259,-4.316068,-6.794388,-7.817069,8750.175,6.816677,3.859563,5.462074,5.848046,-2.362398,-3.542087,-3.999897,9825.931,7.113977,4.454282,6.637278,6.957461,-2.768591,-4.543338,-4.956034,15703.13,4.378396,17.173286,28.965317,31.801676,-3.992696,-7.53744,-8.264326,17853.717,4.889101,18.962675,32.326565,34.1141,-4.502868,-8.756835,-9.449613,29827.68,2.035503,54.27145,90.585495,95.3437,-9.264531,-12.784006,-14.324495,36589.156,2.225468,57.085846,88.02494,92.58158,-10.113377,-13.559064,-15.301816,18423.902,4.723919,16.2157,25.18619,26.47444,-4.048251,-6.491477,-7.393754,18609.164,5.762575,14.471058,21.881214,22.905949,-3.750524,-5.738625,-7.431844,9618.106,6.435682,4.391152,6.969989,7.423922,-2.741439,-4.712617,-5.188755,9884.02,6.233669,4.432265,6.714813,7.521591,-2.713641,-4.232683,-4.809165,16975.057,4.508902,20.555424,36.41647,42.164406,-5.01551,-10.726719,-11.769334,15035.268,4.385681,17.10324,29.458063,30.834656,-4.063141,-8.108413,-8.900021
2.0,1000.0,32370.969,2.775435,14.355898,19.832523,20.763012,-8.234147,-11.60765,-12.682711,32943.26,2.972481,15.251564,24.159803,25.593708,-8.760084,-12.315681,-13.337841,19369.37,4.941325,9.287165,15.108812,15.940996,-3.82964,-5.739639,-6.277035,23119.967,6.083697,11.004064,18.368956,19.235203,-4.295082,-6.527843,-7.415887,10048.76,7.928763,3.180462,4.78284,5.208244,-2.852048,-4.295544,-4.699427,11339.575,8.324262,3.749777,6.007506,6.386664,-3.419687,-5.583664,-6.143471,16085.969,4.534359,9.141104,17.022678,18.060507,-3.764985,-6.617462,-7.596988,18345.896,5.1356,10.76234,20.19211,21.482443,-4.371082,-8.177239,-9.150704,33958.594,3.332119,15.041505,21.71722,22.8655,-8.301863,-11.411261,-12.522765,40173.242,3.463728,17.509659,23.93945,25.351696,-9.239055,-12.505953,-14.587992,18985.328,4.749903,9.306356,15.495602,16.375635,-3.911065,-6.077814,-6.695084,20032.46,6.347413,9.207773,14.916508,15.689871,-3.692955,-5.414237,-5.983568,10850.187,7.630669,3.608333,6.12174,6.67585,-3.292149,-5.635721,-5.958321,11148.811,7.281544,3.658007,5.912728,6.312623,-3.154429,-4.904721,-5.6422,16935.451,4.55972,10.50986,20.588814,21.908033,-4.669926,-9.549631,-10.607455,15409.705,4.603972,8.763649,16.721436,18.000011,-3.746153,-6.776776,-7.401186
2.0,1000.0,28280.219,2.562247,11.650252,16.295732,17.202639,-7.670647,-12.868593,-11.560153,28545.303,2.848292,12.312994,17.99061,18.852901,-7.976487,-13.440893,-11.850476,19428.389,4.806512,9.140081,15.219168,15.877686,-3.688273,-6.805548,-19.592375,23532.771,6.0919,10.989767,18.727358,19.90455,-4.180959,-7.787659,-22.13343,10253.926,7.967518,3.045146,4.749124,5.250242,-2.924038,-5.570016,-15.833967,11671.898,8.459316,3.588072,5.933809,6.541841,-3.519724,-6.88156,-19.17538,15912.709,4.327115,9.085416,17.283571,18.276825,-3.562459,-7.265831,-19.78925,18538.693,5.031308,10.765083,20.579472,21.690853,-4.143235,-8.138431,-8.01291,29430.965,3.18186,12.301392,17.673563,18.671783,-7.567177,-11.879373,-35.548298,33257.715,3.101608,13.970692,19.392365,20.186125,-8.176422,-12.070378,-35.813076,19024.492,4.585952,9.273483,15.755996,16.773045,-3.736747,-7.046023,-20.059427,20139.266,6.189639,9.069843,15.084421,15.778864,-3.578381,-6.485667,-6.163987,11101.348,7.66005,3.498758,6.114177,6.611508,-3.365058,-6.446888,-17.708376,11268.224,7.253984,3.502613,5.902438,6.316032,-3.228396,-6.208021,-5.575366,16903.986,4.34661,10.426903,20.705431,22.187975,-4.340487,-8.403277,-12.432947,15194.695,4.392205,8.781932,17.117468,18.252575,-3.562966,-6.577454,-8.740989
2.0,1000.0,31440.666,2.839074,9.800868,13.70428,14.386114,-7.924853,-11.261325,-13.662774,33368.527,3.422515,9.98143,14.450756,15.374545,-8.371514,-11.83273,-13.835457,21142.64,5.449676,8.681746,14.837405,15.622806,-3.961824,-5.778901,-7.381302,25189.146,6.766882,10.645958,18.641323,19.500257,-4.45822,-6.645186,-9.537672,10414.948,8.164384,3.111891,4.960678,5.483725,-2.916173,-4.464147,-6.763124,11786.989,8.572874,3.617067,6.067417,6.469636,-3.494763,-5.679173,-9.59142,17920.299,4.968569,7.898504,15.754436,16.66809,-3.882743,-6.534951,-10.955943,20668.293,5.699261,9.496585,19.139212,20.421524,-4.519579,-7.967188,-14.108852,34146.035,3.894968,10.116701,14.510386,15.447334,-7.901043,-10.936164,-11.870409,37996.96,3.646086,10.912442,14.944578,16.022856,-8.540193,-11.646682,-13.02934,20885.502,5.205065,8.553959,14.941912,15.842956,-4.034161,-6.047234,-9.418671,21631.945,6.979599,8.753288,14.93218,15.723648,-3.830211,-5.528859,-6.746202,11245.649,7.816277,3.474983,6.106413,6.698302,-3.343291,-5.632406,-9.850242,11429.301,7.465046,3.519982,5.991802,6.49991,-3.192499,-5.076009,-8.729359,19247.479,5.001411,8.787323,18.27824,19.469969,-4.708909,-9.485285,-11.274867,17083.434,5.034113,7.496638,15.394764,16.493286,-3.876465,-7.083267,-12.275048
2.0,1000.0,28974.908,2.693541,10.35245,14.321366,15.338923,-7.572993,-10.797283,-12.154166,29985.844,3.208092,10.668564,15.284086,16.225245,-7.852478,-11.149065,-12.291583,20683.57,5.695527,8.990454,15.288957,16.057056,-3.705529,-5.430799,-6.073414,24667.457,6.990196,10.81955,18.75911,19.761377,-4.181993,-6.17965,-7.045527,10309.602,8.241495,3.085184,4.898797,5.421709,-2.883983,-4.406401,-5.029233,11736.305,8.61251,3.590728,5.888872,6.424812,-3.439102,-5.505735,-6.040071,17032.895,5.009053,8.238507,16.308374,17.248678,-3.533263,-5.977693,-7.058846,19714.307,5.731281,9.776653,19.333485,20.43749,-4.074955,-7.083893,-8.036492,30969.068,3.664082,10.774874,15.255818,15.927779,-7.468572,-10.413554,-11.407803,34113.453,3.374363,11.691153,15.793684,16.609373,-8.008673,-11.024149,-12.312782,20259.967,5.341125,8.847425,15.316431,16.159306,-3.732375,-5.60063,-6.183015,21190.363,7.282176,9.006307,15.292184,16.124207,-3.602618,-5.2395,-5.879601,11200.984,7.840439,3.463227,5.929436,6.499788,-3.284245,-5.432492,-6.412281,11306.365,7.53588,3.494563,5.991582,6.577852,-3.16074,-5.030667,-5.571586,18062.645,4.95428,9.122063,18.502188,19.608002,-4.191662,-7.9447,-8.945536,16174.938,5.053842,7.848508,15.92754,17.047665,-3.519541,-6.313076,-6.988615
2.0,1000.0,31787.746,2.862367,11.290766,20.66858,58.393612,-8.083081,-12.7796,-15.604084,34218.516,3.567851,11.66882,21.978865,62.748863,-8.541848,-13.317427,-17.161974,21418.99,5.224733,9.58381,22.758583,66.376076,-4.131616,-6.346689,-8.092337,25524.512,6.538278,11.723435,27.859865,81.53306,-4.644973,-6.855999,-10.51151,10445.943,7.99296,3.637615,6.437782,18.16735,-2.979886,-4.483518,-6.80969,11833.896,8.406811,4.261927,7.359108,21.302385,-3.56697,-5.861934,-8.857958,18347.98,4.89918,8.760695,23.085712,68.214325,-4.113342,-6.803218,-10.29799,21197.95,5.66956,10.469415,27.467379,81.55146,-4.711167,-8.458846,-12.666201,34966.27,4.075393,11.79,21.856625,62.104294,-8.019542,-12.931073,-13.62341,38249.086,3.702754,12.318087,22.949337,65.11318,-8.578806,-14.124614,-13.706323,21185.395,4.992976,9.33482,20.710938,59.678005,-4.235874,-6.185408,-9.510717,22000.451,6.815775,9.808481,23.198387,67.93499,-3.987541,-6.133981,-7.821785,11303.432,7.689529,4.046096,7.274934,6.724227,-3.384779,-5.84479,-8.657998,11454.127,7.319757,4.072765,6.752419,22.37736,-3.255483,-5.1601,-7.703202,19746.818,4.901448,9.468814,20.681479,26.5372,-4.865722,-9.094772,-10.213788,17532.113,4.995391,8.079165,18.609201,20.616215,-4.020047,-7.137866,-10.133647
2.0,1000.0,29979.938,2.816852,10.268468,15.380439,13.621527,-7.689389,-10.944753,-11.903223,31575.043,3.398444,10.771614,18.13384,15.56165,-8.096785,-11.40236,-12.759685,21313.227,5.788015,9.008133,15.229345,20.505972,-3.860542,-5.583867,-6.290573,25370.652,7.176518,10.929112,18.878168,29.675428,-4.348966,-6.455252,-7.129621,10473.62,8.166822,3.147658,5.897972,5.263965,-2.902036,-4.384365,-4.90132,11834.724,8.654809,3.683301,6.962792,6.607135,-3.471104,-5.657328,-6.151507,17789.232,5.13766,8.281856,16.186447,49.759243,-3.727199,-6.10273,-6.810206,20598.648,5.969969,9.945028,20.292353,18.879717,-4.346511,-7.616122,-8.430939,32587.434,3.916035,10.83753,16.898382,14.736678,-7.682713,-10.574951,-11.537714,35573.06,3.622141,11.524633,15.44053,43.880238,-8.169823,-11.17036,-12.47226,21065.49,5.524919,8.972877,15.455458,32.387512,-3.932592,-5.920121,-6.72369,21704.008,7.352508,9.025089,15.239535,19.101166,-3.721713,-5.322576,-5.871043,11280.432,7.889885,3.556664,6.424982,6.717835,-3.321093,-5.563073,-7.174648,11475.065,7.446505,3.545676,6.651753,6.420718,-3.158184,-4.881883,-5.299058,19085.168,5.200328,9.331682,23.139738,19.94019,-4.513607,-8.493992,-10.442626,16895.459,5.172864,7.87353,18.645773,16.468658,-3.680716,-6.263019,-7.453964
3.0,10.0,53217.867,4.562076,7.843525,9.176755,10.362567,-9.00611,-11.18662,-14.27987,53349.332,4.064685,8.412769,10.262238,11.777163,-8.417611,-10.487198,-14.201724,2767.9539,2.737693,0.494699,0.681607,1.0352,-0.477401,-0.664687,-1.232194,2619.8074,2.682462,0.462651,0.624713,0.924415,-0.449658,-0.618026,-1.023232,918.3197,1.980821,0.206771,0.318538,0.692542,-0.196065,-0.305347,-0.639281,1045.6306,2.02074,0.22933,0.350677,0.741485,-0.227163,-0.352823,-0.704021,3360.6885,3.270353,0.666892,0.926489,1.37867,-0.636265,-0.922064,-1.340063,3388.777,3.271207,0.669507,0.915656,1.318702,-0.651137,-0.960187,-1.363068,48892.547,4.304848,7.64474,9.190806,10.729966,-7.599998,-9.412407,-13.218867,49252.68,4.198013,7.503127,8.917162,10.146951,-7.79519,-9.620484,-14.409691,3103.5981,2.842085,0.557399,0.736619,0.996258,-0.524547,-0.715413,-1.043375,2280.143,2.806137,0.427392,0.577835,0.93859,-0.404101,-0.555879,-1.055141,1173.0249,2.056487,0.263825,0.394259,0.801837,-0.248367,-0.396062,-0.80118,1275.1061,2.082413,0.289866,0.437624,0.811914,-0.263973,-0.414873,-0.831473,3779.1257,3.447465,0.736524,1.001651,1.39581,-0.720446,-1.066033,-1.67764,3359.3516,3.439731,0.669512,0.916944,1.247023,-0.642468,-0.928802,-1.312518
3.0,20.0,90773.0,6.897174,16.267818,20.591743,21.852844,-16.909224,-25.050634,-69.81896,86650.19,5.878069,16.347593,21.867023,23.73538,-15.138389,-22.557447,-24.579681,4129.731,3.572796,0.964308,1.439887,1.759693,-0.767887,-1.215169,-3.363833,3864.3928,3.435385,0.910987,1.368438,1.768735,-0.732897,-1.158333,-3.168967,1311.4437,2.382856,0.390004,0.705556,1.067112,-0.307042,-0.480245,-0.852549,1472.5999,2.403058,0.444811,0.785386,1.191215,-0.355684,-0.556706,-0.868526,4941.857,4.29453,1.292133,2.060772,2.389377,-1.05262,-1.630993,-4.452316,4947.1343,4.233386,1.305831,2.093763,2.539578,-1.082165,-1.648933,-4.501722,79365.37,6.278478,14.979658,19.376333,20.760344,-13.709092,-19.823662,-56.074924,80227.945,6.044394,15.054636,19.097446,20.910805,-14.039543,-19.620344,-21.261662,4529.3994,3.632958,1.10888,1.63269,1.954716,-0.861068,-1.37601,-3.87878,3367.1335,3.650244,0.826436,1.236275,1.579692,-0.655055,-1.04198,-1.389941,1595.3286,2.40274,0.506802,0.907779,1.288104,-0.377833,-0.63066,-1.03448,1774.5391,2.487854,0.549005,0.968858,1.394113,-0.404851,-0.658294,-1.141082,5472.498,4.450257,1.472933,2.30034,2.750665,-1.187852,-1.748827,-2.104632,4878.201,4.504144,1.316708,2.07756,2.442545,-1.050318,-1.538956,-4.131666
3.0,30.0,116373.88,8.312577,24.512175,32.431236,34.05522,-22.170425,-27.800175,-36.27569,107342.68,6.665012,24.33801,33.94811,36.47684,-19.336943,-24.324265,-31.499561,5216.204,4.240366,1.283258,1.983525,2.450012,-0.980408,-1.305243,-1.726433,4914.3086,4.12326,1.201715,1.897896,2.27666,-0.9269,-1.272682,-1.733886,1619.0963,2.700263,0.507323,0.955938,1.316983,-0.375712,-0.578477,-1.034102,1829.422,2.75766,0.583385,1.114641,1.516965,-0.42705,-0.664624,-0.932706,6246.8037,5.174065,1.708058,2.846791,3.163227,-1.333929,-1.937136,-2.648738,6261.459,5.127982,1.722954,2.916503,3.415667,-1.351143,-1.969116,-2.391668,98213.016,7.096731,22.355953,30.041756,32.291035,-17.520338,-21.939587,-26.70535,100518.7,7.091239,22.490622,29.443665,31.213442,-17.980757,-22.413649,-30.408682,5720.847,4.339867,1.454897,2.233313,2.553506,-1.085259,-1.460121,-1.843131,4229.634,4.341067,1.079087,1.648464,2.264395,-0.824537,-1.122678,-1.589112,1952.0404,2.730818,0.650564,1.261055,1.709357,-0.448129,-0.737711,-1.106575,2147.0117,2.783669,0.702234,1.31938,1.951762,-0.486304,-0.765372,-1.216922,6926.2944,5.420329,1.91733,3.173016,3.662274,-1.486947,-2.256496,-2.69983,6102.259,5.360247,1.712337,2.858589,3.236977,-1.310125,-1.966722,-2.406679
3.0,40.0,135106.27,9.363857,31.169733,42.04646,45.02404,-26.346077,-33.18158,-43.86565,122730.0,7.355255,30.490599,43.7976,47.015476,-22.622847,-28.462269,-37.570225,6181.2085,4.800418,1.530435,2.443854,2.775236,-1.194204,-1.634662,-2.05658,5809.1953,4.647954,1.440485,2.355116,2.72522,-1.134418,-1.571634,-1.979501,1876.9469,2.951419,0.596006,1.171221,1.541374,-0.442349,-0.702949,-1.053974,2129.351,3.026109,0.686467,1.3748,2.034754,-0.509377,-0.815814,-1.307672,7406.0483,5.883269,2.036265,3.505176,4.084459,-1.63185,-2.436809,-3.017112,7430.349,5.848155,2.067336,3.619947,4.202491,-1.664723,-2.557015,-3.031732,112253.94,7.790598,28.028786,38.47872,40.833466,-20.506847,-25.854124,-32.67938,115230.23,7.874528,28.33171,37.808804,40.0626,-21.06728,-26.277098,-35.65857,6761.792,4.920463,1.737733,2.762722,3.119348,-1.325318,-1.83719,-2.320729,5014.768,4.912036,1.27172,2.00065,2.521604,-1.008178,-1.38649,-2.183255,2258.992,2.984524,0.756927,1.527666,2.049183,-0.534102,-0.894569,-1.304332,2482.332,3.049018,0.816023,1.600609,2.011252,-0.568635,-0.909458,-1.211383,8237.169,6.176896,2.296757,3.939528,4.407168,-1.850161,-2.873943,-3.414227,7241.3647,6.108447,2.038133,3.520329,3.926659,-1.609475,-2.467654,-2.912690
3.0,50.0,156935.05,10.312562,37.037266,51.606083,53.724415,-31.048862,-39.51127,-50.608227,141081.12,8.363337,35.13861,51.06623,54.32588,-26.245556,-33.284927,-43.958736,7248.071,5.386193,1.860374,3.068216,3.542621,-1.45863,-2.030364,-2.645286,6803.6157,5.127162,1.75308,2.886918,3.392199,-1.384518,-1.941694,-2.425035,2160.0588,3.224038,0.716432,1.503052,2.124209,-0.522474,-0.836236,-1.165221,2430.6145,3.238031,0.816465,1.696086,2.220435,-0.602199,-0.9905,-1.32228,8664.595,6.621691,2.488035,4.433091,5.037396,-1.979397,-2.993937,-3.629644,8693.778,6.446641,2.519836,4.471151,4.993677,-2.028873,-3.116017,-3.570839,129221.13,8.878396,32.521088,45.367332,47.644283,-23.8353,-29.791815,-37.91656,131700.7,8.415808,33.209602,45.45647,48.177353,-24.50758,-30.504051,-41.07213,7897.686,5.419397,2.118526,3.398049,3.876904,-1.617642,-2.263532,-2.635902,5864.5386,5.531689,1.541666,2.573489,2.852773,-1.219356,-1.699651,-2.146983,2550.249,3.167475,0.892627,1.849818,2.470329,-0.625086,-1.062974,-1.546911,2828.5586,3.324596,0.978511,2.077879,2.694817,-0.667915,-1.082238,-1.426113,9649.296,6.808983,2.844042,4.987101,5.637472,-2.25446,-3.579936,-4.455625,8421.137,6.859021,2.489127,4.454203,4.975105,-1.94231,-3.04115,-3.985733
3.0,75.0,194716.64,12.556945,48.43584,67.54053,72.48156,-39.083595,-49.131504,-72.63056,170507.72,9.631979,45.46416,67.53034,71.24777,-32.337788,-40.5905,-58.15569,9214.088,6.561055,2.37247,3.891761,4.324156,-1.955314,-2.720896,-3.442645,8662.32,6.289365,2.23239,3.737733,4.210959,-1.837684,-2.609299,-3.112164,2655.559,3.733664,0.870153,1.81579,2.365611,-0.663936,-1.077738,-1.386922,3010.9915,3.800247,1.005699,2.116279,2.592006,-0.763084,-1.27741,-1.697269,11008.8955,8.108681,3.187593,5.595379,6.111521,-2.661114,-4.147375,-4.752325,11064.4375,7.98255,3.240023,5.739252,6.232519,-2.705155,-4.264031,-4.801801,155997.08,10.134384,42.217796,59.77138,62.113995,-29.453323,-36.920876,-49.22937,161101.27,10.125225,42.96951,59.821556,62.986046,-30.268435,-37.45627,-48.179615,10045.43,6.659149,2.701406,4.38386,4.850494,-2.142414,-3.018458,-3.497668,7426.6816,6.695815,1.95136,3.137559,3.502863,-1.623819,-2.268614,-2.687532,3129.204,3.686429,1.093641,2.331197,2.842436,-0.781129,-1.337909,-1.725483,3428.8665,3.796281,1.174823,2.490532,3.047982,-0.838749,-1.405152,-2.119978,12347.364,8.484055,3.659041,6.375997,7.032835,-3.028511,-4.924081,-5.499316,10662.896,8.363052,3.178935,5.689681,6.307587,-2.589546,-4.155199,-4.757979
3.0,100.0,229774.88,14.71006,57.628647,79.5828,82.53122,-46.38059,-59.018837,-80.01611,197076.48,11.164507,52.985153,77.20575,81.40104,-37.40734,-46.56564,-67.04448,10964.204,7.913576,2.732954,4.319584,4.764424,-2.359101,-3.307451,-3.867151,10334.337,7.542532,2.550054,4.08529,4.710283,-2.212258,-3.322204,-3.57058,3071.879,4.15142,0.958081,1.934846,2.644688,-0.765849,-1.237657,-1.673642,3505.1619,4.23101,1.103146,2.251259,2.752434,-0.880432,-1.441884,-1.759485,12960.802,9.931401,3.630594,5.998873,6.550233,-3.178307,-4.99416,-5.464137,13128.1045,9.745684,3.687459,6.110639,7.564792,-3.255003,-5.155147,-5.694931,180487.05,11.787921,49.281662,68.787895,71.66874,-34.125237,-43.24319,-57.44132,186575.17,11.570373,50.304913,69.52818,72.93568,-35.217937,-43.56358,-64.30359,11980.326,7.988723,3.09537,4.871523,5.349613,-2.579918,-3.63511,-4.248231,8786.734,8.108557,2.231883,3.429855,3.723513,-1.94278,-2.726631,-3.225823,3625.567,4.08566,1.192229,2.469522,3.06006,-0.89807,-1.522491,-1.971086,3945.555,4.226279,1.29585,2.682747,3.359791,-0.958904,-1.595039,-2.028088,14716.956,10.381861,4.220318,6.951279,7.617873,-3.681757,-6.028458,-6.565228,12494.629,10.25649,3.605376,6.122522,6.782874,-3.089535,-5.046984,-5.482227
3.0,125.0,259626.81,15.971064,67.966286,95.35836,98.52134,-52.381557,-65.15427,-116.51742,219994.52,11.79874,61.3778,91.92052,96.98224,-41.72283,-51.756367,-85.857124,12950.723,8.770581,3.232452,5.153822,5.607257,-2.939682,-4.212578,-7.122501,12171.818,8.370744,3.029489,4.909103,5.31434,-2.738758,-3.98005,-6.663507,3535.6086,4.527586,1.099837,2.347354,2.859074,-0.918376,-1.546702,-2.482798,4044.721,4.642884,1.274081,2.693452,3.2972,-1.057123,-1.764559,-2.65545,15334.868,10.969068,4.356053,7.2661,7.885343,-3.972403,-6.804953,-10.421007,15583.115,10.8112,4.417763,7.452346,8.044482,-4.084328,-7.048792,-11.326626,201443.84,12.365353,57.21255,81.89304,85.2086,-38.11723,-47.382664,-78.21931,209027.28,12.374934,58.52086,82.89306,87.11827,-39.334373,-48.545685,-72.40441,14126.782,8.884124,3.659025,5.735226,6.135685,-3.194856,-4.57146,-7.646464,10348.217,8.936456,2.63224,4.057052,4.469562,-2.410506,-3.46548,-5.832587,4167.054,4.461856,1.3657,2.974251,3.755475,-1.06873,-1.839001,-2.305628,4484.6235,4.562824,1.47495,3.229931,4.110187,-1.141524,-1.929575,-2.281317,17540.865,11.562608,5.077802,8.431562,9.001045,-4.623343,-7.941467,-11.553146,14763.824,11.268916,4.322486,7.47713,8.290396,-3.841332,-6.590521,-9.594122
3.0,150.0,285197.62,17.17376,74.37535,101.21219,106.35025,-57.598145,-72.63226,-117.687225,237713.62,12.228578,66.589134,99.27685,104.30988,-45.167946,-55.977623,-86.91819,14497.124,9.511183,3.571716,5.453591,6.170903,-3.414971,-4.924949,-5.46134,13678.639,9.17039,3.319132,5.327331,6.227453,-3.169901,-4.571883,-5.321794,3887.0361,4.829232,1.162344,2.604579,3.313954,-1.03186,-1.726861,-2.133903,4467.9663,5.020443,1.347004,3.10701,3.887476,-1.177917,-1.968326,-2.324994,17224.703,11.856702,4.845215,7.911673,8.847585,-4.608155,-7.511239,-8.224623,17473.924,11.769781,4.89447,8.206694,9.276146,-4.698659,-7.631632,-8.409813,217703.89,12.674781,61.821564,86.763145,91.003944,-41.39038,-51.622547,-83.85789,227987.48,13.151976,63.21376,87.80047,90.779045,-42.881577,-52.386936,-75.46101,15900.811,9.743596,4.018914,6.219702,6.764432,-3.693484,-5.270161,-6.070245,11571.682,9.646529,2.900169,4.280822,4.807537,-2.787289,-4.004933,-4.453924,4586.96,4.79909,1.440025,3.447392,4.468941,-1.185736,-2.07282,-2.450569,4893.499,4.824231,1.542106,3.641277,4.490159,-1.27028,-2.242684,-2.788072,19739.62,12.59813,5.635122,9.386785,10.263936,-5.355211,-9.197959,-9.959367,16543.553,12.106923,4.821768,8.308142,9.125397,-4.455565,-7.605014,-8.252855
3.0,175.0,304282.78,17.899979,76.603485,116.91529,123.75054,-61.50011,-77.407814,-117.54566,254160.88,12.763132,68.81806,117.96338,127.276596,-48.734844,-60.37391,-99.892654,16554.064,10.808545,3.656959,5.838608,6.450248,-3.902969,-5.680393,-6.318695,15315.13,10.183149,3.370316,5.809198,6.565343,-3.628456,-5.344462,-9.49328,4353.0244,5.359424,1.110423,2.728269,3.420303,-1.138827,-1.874435,-2.172879,4922.31,5.489267,1.307461,3.279418,4.114829,-1.320432,-2.241859,-2.643894,19562.008,13.319719,4.981593,8.326754,9.294775,-5.252486,-8.607221,-9.436055,19651.871,13.130201,5.01206,8.695673,9.830307,-5.409438,-9.088396,-9.859949,233373.69,13.160946,63.24442,98.93656,104.31187,-44.755714,-55.171917,-83.30767,242111.19,13.566174,64.43367,97.16099,102.72329,-45.85005,-55.664963,-86.702736,17780.383,10.804094,4.076315,6.680022,7.485004,-4.234667,-6.189506,-8.478677,13222.28,10.940449,2.960433,4.621918,5.156897,-3.181155,-4.616456,-5.385878,5037.3027,5.219174,1.400723,3.692219,4.943905,-1.330816,-2.368431,-2.81591,5455.019,5.313245,1.479397,3.846836,5.034064,-1.394037,-2.335895,-2.746993,22200.861,14.01016,5.850028,9.335161,10.316614,-6.204509,-10.715875,-11.648073,18825.316,13.546454,4.982908,8.291929,9.655898,-5.115987,-8.66315,-9.407916
3.0,200.0,323244.06,20.193401,82.996994,117.84781,123.43506,-64.64589,-80.634125,-139.1126,269184.2,14.11614,74.35104,123.03204,133.26414,-51.02301,-63.248817,-100.3523,17920.408,10.552935,4.288766,6.606545,7.456485,-4.414661,-6.503552,-7.285393,16550.293,10.012722,3.970737,6.683438,7.447596,-4.087339,-6.089237,-6.635549,4695.457,5.568681,1.290683,3.097426,3.888667,-1.269069,-2.101708,-3.993515,5316.995,5.771486,1.50431,3.754416,4.969889,-1.464137,-2.557848,-3.098066,21310.416,13.690239,5.895059,9.512937,10.465838,-5.945553,-9.797812,-10.748721,21411.965,13.565916,5.94713,9.935524,11.022104,-6.113079,-10.468185,-11.322982,247439.1,14.688373,68.84844,101.64302,107.15291,-46.846737,-58.796875,-89.60115,257134.72,15.415455,69.64081,98.282295,102.50643,-47.76264,-59.62471,-101.53931,19273.018,10.781729,4.766227,7.617819,8.566788,-4.776056,-7.073365,-11.316795,14360.081,10.980702,3.483945,5.209233,5.708014,-3.591232,-5.242497,-5.942202,5416.7695,5.474243,1.584733,4.168907,5.386319,-1.473195,-2.710369,-3.396787,5854.6597,5.536423,1.676536,4.32215,5.422462,-1.539634,-2.655617,-3.413112,24276.768,14.593425,6.94262,11.152785,12.119085,-7.060308,-12.573798,-13.458147,20552.496,14.024108,5.91036,9.896698,10.939445,-5.799977,-9.992852,-10.948421
3.0,225.0,341333.94,20.072302,90.32998,120.39448,126.28011,-67.19912,-90.26339,-167.68344,282772.4,13.864005,79.60086,123.80929,131.66592,-53.2643,-71.83563,-146.58643,19678.195,12.098519,4.705378,6.52002,7.088025,-5.096946,-7.463267,-8.016721,18111.299,11.487258,4.363145,6.604341,7.25562,-4.712646,-7.046172,-7.757251,5039.791,5.906553,1.378111,3.136929,4.321114,-1.415358,-2.428558,-2.779232,5684.691,6.087683,1.607919,3.811446,4.81943,-1.630611,-2.890867,-3.328622,23297.846,14.927111,6.477022,9.53019,10.368451,-6.796671,-11.249303,-12.073878,23354.77,14.82168,6.553651,9.966578,10.926075,-6.99785,-12.104902,-12.934485,259815.36,14.17335,73.70163,102.53702,106.26757,-48.885204,-66.251274,-136.75072,269963.72,15.090006,75.22357,102.50796,107.90306,-49.52794,-66.389084,-142.22406,21080.621,12.240318,5.234951,7.531138,8.20831,-5.500961,-8.191738,-8.691485,15736.384,12.228843,3.817162,5.112772,5.663552,-4.128158,-5.998646,-6.763076,5787.539,5.743599,1.685287,4.292282,5.513124,-1.638134,-3.053235,-3.592994,6242.305,5.779845,1.785082,4.382134,5.592519,-1.697352,-2.903883,-3.429841,26550.123,15.932476,7.619213,11.469728,12.481581,-8.073525,-14.594603,-15.599122,22463.25,15.139073,6.465187,10.170506,10.992751,-6.574122,-11.549274,-12.415978
3.0,250.0,358637.78,20.37766,91.34745,136.12259,143.25233,-70.41724,-86.73982,-178.49498,294222.97,14.027062,81.27272,139.72313,150.3514,-55.12419,-68.18812,-115.70733,21185.879,12.873247,4.736397,6.901009,7.677855,-5.478654,-8.217402,-8.740034,19622.707,12.286291,4.334504,6.968548,7.774144,-5.058303,-7.674382,-8.160762,5348.04,6.188652,1.314279,3.220157,4.027971,-1.504482,-2.579999,-3.022026,6058.3984,6.402683,1.532511,3.955578,4.99896,-1.734895,-3.068812,-3.575626,25100.61,15.77703,6.511359,9.711908,11.009741,-7.35599,-12.455774,-13.2302,25263.064,15.744893,6.536753,10.233145,11.619633,-7.581593,-13.148114,-14.252301,270276.16,14.211231,74.42831,115.97151,121.31889,-50.767654,-62.622086,-102.6032,282295.88,15.186245,75.44973,112.00822,117.05154,-51.764107,-63.197186,-100.57983,22873.693,13.107383,5.204371,7.958157,8.83807,-5.917397,-8.917692,-9.565342,16930.861,12.952882,3.832013,5.442647,5.983078,-4.434844,-6.582772,-7.045189,6179.9053,6.033891,1.627149,4.425546,5.79765,-1.743394,-3.21947,-3.693703,6587.1733,6.02949,1.708749,4.498057,6.015097,-1.811957,-3.212307,-3.807891,28868.91,16.934265,7.635892,11.297435,12.145079,-8.841818,-16.034233,-17.09331,24209.613,15.947542,6.496605,10.014039,10.749443,-7.214973,-12.833994,-13.501951
3.0,275.0,373566.6,21.162655,91.97141,149.17023,157.51341,-72.07414,-104.48352,-182.5951,306030.3,14.500134,82.79597,148.76994,160.277,-57.045452,-82.84166,-235.82347,22882.26,13.864674,4.965767,7.321271,8.379175,-6.322919,-9.408,-11.615149,21084.041,13.11742,4.555558,7.192404,8.113525,-5.854581,-8.957165,-9.337258,5677.4683,6.556264,1.260023,3.36435,4.484175,-1.664684,-2.819453,-3.258211,6410.8193,6.755163,1.476028,4.097596,5.404963,-1.928584,-3.476458,-3.953124,26858.072,16.857399,6.756424,10.032305,11.610945,-8.241494,-13.884764,-14.645278,26780.887,16.61246,6.755927,10.624604,12.538004,-8.478731,-14.967948,-15.955431,281659.88,14.715913,75.45079,129.47893,137.45346,-52.481113,-77.19992,-217.18819,293734.03,15.704996,76.63556,127.97933,135.01233,-52.738922,-75.535385,-215.43787,24571.785,13.963562,5.417677,8.228856,9.382963,-6.857921,-10.444537,-10.998846,18327.582,13.962231,3.995358,5.800154,6.812087,-5.121898,-7.581818,-9.373807,6495.257,6.304056,1.580478,4.439658,5.905485,-1.93469,-3.661743,-4.119533,6942.598,6.337319,1.65356,4.424759,5.963265,-1.97958,-3.478508,-3.911394,30612.852,17.865124,8.054624,11.165038,12.293424,-9.866887,-17.940962,-21.195868,25944.78,17.021044,6.79615,9.800018,10.662967,-8.01084,-13.98411,-14.791227
3.0,300.0,390137.6,20.12788,100.03052,155.55093,162.59409,-73.77977,-97.22158,-201.16333,316322.53,13.984037,87.037895,151.04185,162.30156,-57.050636,-73.70902,-158.65916,25352.377,14.44066,5.510187,7.391071,8.111136,-7.003889,-11.065401,-19.485386,23597.832,13.636604,5.069373,7.30601,8.198186,-6.460818,-10.231247,-17.5753,6248.3438,6.853367,1.442607,3.527937,4.539624,-1.870254,-3.286979,-3.936793,7064.1226,6.998666,1.643962,4.163403,5.261418,-2.130416,-3.772104,-4.451048,29864.227,17.348225,7.585233,10.240207,11.488705,-9.36762,-16.044981,-17.132519,30413.08,17.222399,7.647012,10.646341,12.032789,-9.693226,-16.60374,-17.73811,291426.7,14.078742,79.29086,127.701965,135.39952,-53.02941,-67.44816,-140.36235,304488.22,14.621275,80.78544,128.58214,134.74602,-53.48663,-66.04794,-122.547905,27598.771,14.546195,6.054238,8.289123,9.259915,-7.566183,-11.972283,-21.35384,20107.47,14.326348,4.41758,5.862024,6.471625,-5.601554,-8.775344,-15.098351,7200.5264,6.532072,1.749699,4.602458,5.834415,-2.135431,-3.930356,-4.930125,7514.5513,6.547236,1.838782,4.736904,6.034373,-2.214639,-4.081856,-4.692643,35255.91,18.642426,9.159544,11.746863,12.414182,-11.549571,-20.757341,-24.254711,29076.621,17.487274,7.683861,10.543286,11.189945,-9.40031,-16.900517,-18.058739
3.0,300.0,386463.03,19.71952,101.12027,155.71611,164.96625,-73.79327,22.20159,115.27315,315528.03,13.744988,88.2214,151.2496,161.88678,-57.58961,11.180829,116.50555,25787.207,14.496422,5.199172,7.461075,8.35132,-6.99877,4.311456,5.332037,23869.375,13.594516,4.756286,7.379987,8.369317,-6.441944,3.536564,4.569332,6322.5547,6.84312,1.39884,3.565161,4.672239,-1.843342,1.551069,2.097217,7098.1357,6.944282,1.624511,4.205141,5.294977,-2.102402,1.632964,2.146039,30353.805,17.409285,7.075959,10.297158,11.598498,-9.303697,6.848604,8.90712,30652.418,17.09135,7.114057,10.716627,12.095819,-9.615381,7.809315,10.071541,291186.78,13.831555,80.2335,129.43074,137.68048,-54.031055,7.892782,66.842415,302352.38,14.347087,82.289024,130.0135,136.10422,-54.674164,8.891478,73.717224,27868.98,14.438538,5.686486,8.373067,9.234453,-7.545966,4.075645,5.200001,20454.041,14.389332,4.167188,5.914592,6.609298,-5.593612,3.1038,4.151305,7226.171,6.483364,1.73876,4.635522,5.79561,-2.107889,1.692998,2.382587,7603.756,6.541726,1.813253,4.713548,6.010355,-2.166547,1.787054,3.055745,35452.523,18.417149,8.457417,11.642351,12.433638,-11.375021,9.270956,11.516418,29504.81,17.447866,7.115235,10.501914,11.440056,-9.237915,6.851792,8.357968
3.0,275.0,370494.38,19.261398,97.22149,136.09749,142.97359,-71.34693,-91.03955,-250.32854,303706.06,13.335778,85.29901,140.88686,150.90619,-56.641697,-72.895744,-217.69835,24225.146,13.657456,5.648954,6.907047,7.49068,-6.690718,-11.915802,-10.784208,22308.668,12.855922,5.215231,7.035974,7.917113,-6.178741,-11.393809,-9.905735,5988.209,6.533105,1.547327,3.422539,4.49983,-1.781184,-3.608537,-3.46821,6680.1562,6.647245,1.770607,4.0864,5.245778,-2.048851,-4.207404,-4.136926,28573.004,16.438951,7.857627,10.042623,10.886943,-8.893116,-18.435415,-16.238497,28624.734,16.169966,7.966381,10.394127,12.022491,-9.236551,-19.387535,-16.880756,280849.25,13.415903,78.39014,114.585655,120.96253,-52.496395,-68.43482,-174.29794,291514.66,14.13454,79.02582,109.56559,114.18789,-51.953033,-66.47919,-176.1306,25997.9,13.637366,6.248294,7.991754,8.710089,-7.244152,-13.285737,-11.64787,19241.293,13.529776,4.551969,5.549203,5.971505,-5.351466,-9.442203,-8.074748,6816.2393,6.231815,1.843114,4.571769,5.923654,-2.064746,-4.139145,-4.419306,7222.0947,6.225854,1.943281,4.657576,6.092005,-2.105964,-4.217859,-4.353179,32975.71,17.414705,9.363517,12.250577,12.884488,-10.826722,-21.923037,-20.746107,27740.07,16.462135,7.902733,10.804917,11.54946,-8.77862,-17.635359,-16.542889
3.0,250.0,350625.72,18.28972,90.69358,132.63281,138.677,-68.19166,-85.916534,-187.03857,290234.78,12.763405,80.447556,136.07982,146.86314,-54.081383,-66.70314,-129.59544,22941.328,12.910394,5.121648,6.661494,7.486105,-6.030851,-9.0465,-9.820331,21166.418,12.215988,4.723178,6.725823,7.517007,-5.569418,-8.476769,-9.187854,5704.07,6.258902,1.412721,3.253944,4.07262,-1.626112,-2.791416,-3.180187,6369.876,6.384942,1.612791,3.872163,4.803707,-1.866127,-3.30321,-3.769953,27032.457,15.525739,7.065679,9.601412,10.575773,-8.052727,-13.522453,-14.407425,27190.867,15.382018,7.165555,10.022939,11.153766,-8.372347,-14.358947,-15.276353,267925.34,12.822806,73.747,112.368095,118.08388,-50.242695,-61.983616,-114.78088,277445.75,13.479755,74.392876,108.28578,113.24484,-50.28431,-62.881264,-106.95725,24641.559,12.943698,5.656068,7.66999,8.369894,-6.52574,-9.923072,-10.713947,18206.125,12.802385,4.125578,5.307633,5.835091,-4.837406,-7.200816,-9.368257,6507.271,5.980354,1.703829,4.379384,5.686167,-1.880895,-3.495895,-3.975174,6900.456,5.993118,1.789288,4.449579,5.574143,-1.924118,-3.385352,-3.985072,31173.723,16.449064,8.402208,11.214772,11.882597,-9.729966,-17.238377,-18.374493,26236.865,15.56174,7.105134,10.128408,10.693986,-7.901793,-13.650711,-14.358623
3.0,10.0,53587.008,3.654505,9.034699,10.950184,13.122284,-9.379966,-11.71232,-22.56547,55305.24,3.265273,9.759007,12.206848,14.336992,-9.229486,-11.484709,-20.766,2655.0112,2.388732,0.426936,0.768609,1.854295,-0.455648,-0.673871,-1.136788,2471.3037,2.306029,0.406248,0.543117,0.920785,-0.420057,-0.61435,-1.150272,900.2245,1.833809,0.189953,0.363314,0.715453,-0.195616,-0.369235,-0.814104,974.0056,1.821704,0.208304,0.331331,0.833432,-0.218415,-0.359775,-0.963431,3175.818,2.728798,0.569006,0.760627,1.138568,-0.599029,-0.887982,-1.615961,3166.705,2.684794,0.569102,0.759827,1.202929,-0.611416,-0.908711,-1.669067,49493.477,3.216622,8.658588,10.610878,12.264095,-8.212302,-10.133549,-18.556465,49273.668,3.221603,8.45325,10.206941,13.234191,-8.251646,-10.184287,-19.053177,2868.1978,2.390368,0.476475,0.619897,1.023022,-0.489414,-0.689301,-1.296925,2170.877,2.416654,0.366437,0.495034,0.950317,-0.377844,-0.551706,-0.940223,1080.0509,1.825699,0.233355,0.342894,0.941362,-0.238207,-0.385683,-0.779488,1203.8741,1.878209,0.255608,0.362528,0.711323,-0.252374,-0.413478,-0.78851,3451.464,2.724317,0.609503,0.806923,1.200668,-0.65785,-0.971904,-1.836993,3175.7239,2.784749,0.577854,0.758791,1.09239,-0.604176,-0.916687,-1.744795
3.0,20.0,88339.67,5.967913,17.424421,22.557152,24.049637,-16.29752,-24.40401,-63.24423,86106.7,5.033679,18.23827,24.676437,26.92308,-14.965436,-22.086815,-58.891323,4159.018,3.418283,0.825762,1.219983,1.553963,-0.738936,-1.24485,-2.381349,3949.8142,3.332028,0.787793,1.136572,1.494269,-0.712195,-1.142387,-1.364502,1344.2167,2.31986,0.36254,0.613216,1.152303,-0.310306,-0.510629,-0.983419,1494.2054,2.346246,0.409399,0.685222,0.972218,-0.346472,-0.562889,-1.461113,4959.495,4.068343,1.097882,1.628682,1.914683,-1.025385,-1.680018,-4.720098,4995.7964,4.032546,1.117425,1.685488,2.07301,-1.0511,-1.759396,-1.962821,78196.26,5.1542,16.507603,21.625492,23.591208,-13.417507,-19.995508,-52.22821,79068.41,5.168632,16.255095,20.748062,23.343668,-13.566141,-20.200571,-56.443893,4586.8213,3.504042,0.932879,1.318168,1.598615,-0.821517,-1.295359,-3.634805,3374.1072,3.457212,0.699565,0.986364,1.292476,-0.629125,-0.964316,-2.755575,1630.9244,2.34102,0.455868,0.757611,1.085711,-0.37215,-0.70794,-1.157515,1773.0508,2.377594,0.482566,0.809138,1.130736,-0.395646,-0.623979,-1.741344,5521.0474,4.196521,1.221606,1.777206,2.204143,-1.144571,-1.879776,-5.160973,4928.0464,4.183038,1.115168,1.65433,1.99584,-1.026619,-1.659129,-4.553945
3.0,30.0,114196.89,7.574404,24.70806,32.8261,34.735756,-21.589989,-29.517344,-80.589294,107949.47,6.173309,25.21321,35.3727,37.58783,-19.156763,-26.160769,-67.58043,5416.2153,4.095632,1.207355,1.768921,2.118504,-0.992868,-1.622368,-4.481307,5140.3003,3.977623,1.148817,1.722449,2.102197,-0.957964,-1.585363,-1.791832,1700.6512,2.649649,0.512176,0.923281,1.392097,-0.39581,-0.650011,-1.137016,1901.4207,2.693193,0.576113,1.048937,1.566134,-0.448251,-0.734519,-1.846877,6440.696,4.934921,1.60089,2.493332,3.024136,-1.359368,-2.334364,-2.533874,6535.556,4.922451,1.631504,2.564217,3.120574,-1.397018,-2.372938,-6.3087,98351.23,6.388851,23.012835,31.11982,33.0146,-17.285122,-22.430592,-63.382915,99939.69,6.413389,22.808624,29.886562,32.312023,-17.54203,-22.020193,-66.1192,5960.0435,4.196302,1.365254,1.982073,2.497391,-1.104396,-1.807078,-5.07605,4367.8384,4.140396,1.013022,1.454042,1.775441,-0.839321,-1.384143,-3.741302,2051.7002,2.669554,0.633831,1.153535,1.503192,-0.47766,-0.768273,-1.15952,2212.9846,2.702927,0.67308,1.210815,1.581266,-0.501531,-0.811388,-2.254193,7239.9014,5.152348,1.776337,2.733654,3.219361,-1.548286,-2.530509,-2.843918,6385.8,5.097009,1.621084,2.540039,2.975302,-1.362687,-2.265415,-2.456429
3.0,40.0,134707.03,8.664668,31.23121,42.52745,44.578396,-26.032297,-39.481598,-111.17728,124709.25,6.94059,31.211657,44.940575,48.40618,-22.647823,-33.523827,-95.21362,6714.4907,4.886482,1.513282,2.392632,2.748571,-1.281511,-2.113464,-5.917516,6379.473,4.727778,1.441926,2.207454,2.562818,-1.224216,-1.998219,-5.477224,2063.657,3.018039,0.626226,1.185114,2.309839,-0.483319,-0.755551,-1.096559,2311.4617,3.060916,0.702519,1.348917,1.697339,-0.545397,-0.866414,-1.186981,7955.593,5.925986,2.019742,3.242277,3.730124,-1.752118,-2.831779,-3.172581,8102.8765,5.898895,2.058993,3.319718,3.699848,-1.797959,-2.842396,-3.233321,113893.43,7.202764,28.618294,39.54228,41.86232,-20.512074,-29.731579,-43.851242,116006.76,7.228214,28.507792,38.286175,40.452274,-20.803284,-29.037134,-82.89672,7376.726,4.989341,1.714332,2.753475,3.700616,-1.414087,-2.292407,-6.284348,5391.782,4.933227,1.267183,1.881824,2.239008,-1.070883,-1.778764,-4.982285,2466.8718,3.0121,0.767255,1.498058,1.992683,-0.57328,-0.923285,-2.012905,2652.6462,3.056698,0.82364,1.563956,2.438658,-0.607824,-0.949224,-1.682035,8997.651,6.203974,2.258431,3.568757,4.015409,-1.987896,-3.003618,-3.489899,7833.5234,6.083912,2.042024,3.301091,3.875549,-1.737517,-2.634577,-7.038833
3.0,50.0,155490.34,9.925339,36.657578,50.78847,52.87876,-30.369709,-40.23693,-65.31778,140658.98,7.803669,36.24829,53.21069,55.728935,-25.633715,-33.56379,-51.574516,7652.19,5.248116,1.896823,2.923686,3.481429,-1.52162,-2.089044,-3.22079,7337.2534,5.102156,1.802524,2.843251,3.203884,-1.461979,-2.016421,-2.543939,2284.8533,3.138424,0.758509,1.496551,1.887992,-0.555403,-0.882914,-1.329154,2583.583,3.208775,0.850203,1.694596,2.207225,-0.633409,-1.026009,-1.472812,9128.315,6.436582,2.540595,4.142425,4.629322,-2.074125,-3.097444,-4.716211,9323.61,6.403693,2.584946,4.258548,4.715898,-2.151704,-3.252213,-4.13815,128761.19,8.132196,33.320442,46.95409,50.206013,-23.356129,-30.00478,-36.149776,131823.03,8.105275,33.21613,45.601765,48.35857,-23.85927,-30.541142,-48.099903,8493.9795,5.391314,2.141158,3.238828,3.675334,-1.69345,-2.331963,-3.54628,6131.469,5.304836,1.572243,2.37236,2.738918,-1.266844,-1.747384,-2.182267,2744.0647,3.144118,0.923218,1.875796,2.268689,-0.659264,-1.060896,-1.399586,2915.1672,3.171124,0.993132,2.105218,2.381147,-0.692204,-1.142876,-1.841338,10416.885,6.754674,2.861371,4.590755,4.984148,-2.400665,-3.645744,-4.272637,8972.399,6.611961,2.554424,4.253536,4.77038,-2.057665,-3.154327,-3.655577
3.0,75.0,192448.0,11.880054,47.537025,66.280975,69.37725,-38.82051,-59.360344,-67.91376,169711.0,8.978756,45.809387,67.99818,71.09405,-32.00376,-48.108963,-60.235157,10089.55,6.754103,2.476054,3.73938,4.19973,-2.159794,-3.204455,-4.034707,9598.113,6.521922,2.34813,3.621712,4.099176,-2.043772,-3.009165,-8.218831,2887.2383,3.737925,0.930112,1.83512,2.258664,-0.72883,-1.148195,-1.570623,3257.7612,3.832268,1.055593,2.096043,2.698441,-0.821506,-1.315856,-1.824568,11960.108,8.241572,3.34743,5.269617,5.833063,-2.941998,-4.475876,-5.154824,12182.856,8.223292,3.407101,5.450254,5.912467,-3.016811,-4.6352,-5.448215,155672.73,9.315399,42.36191,60.09847,62.823257,-29.25916,-44.490993,-48.022423,159887.66,9.473962,42.354294,58.85986,61.731228,-29.756683,-44.459904,-123.076935,11101.693,6.893507,2.802633,4.203185,4.678758,-2.370896,-3.500067,-3.742885,8043.994,6.78524,2.038171,3.005141,3.467342,-1.786878,-2.62855,-3.712572,3415.6543,3.709137,1.141015,2.290107,2.851352,-0.838113,-1.402435,-1.867389,3628.213,3.724677,1.216019,2.415926,2.949442,-0.891523,-1.447552,-2.0536,13648.237,8.662495,3.812586,5.948262,6.455522,-3.35613,-5.244364,-6.818436,11682.877,8.360657,3.354648,5.45827,6.065328,-2.866766,-4.46906,-5.244914
3.0,100.0,225884.4,13.476463,57.091946,79.51358,83.656,-45.59456,-58.555153,-89.75305,195712.06,10.171591,53.579975,79.33463,84.442535,-36.96882,-47.332687,-74.794846,11872.628,7.823436,2.972656,4.420331,4.809105,-2.581793,-3.726852,-5.45471,11221.234,7.454892,2.8191,4.29025,4.619573,-2.433425,-3.473247,-4.877214,3313.5742,4.16909,1.07322,2.138986,2.687531,-0.839089,-1.341516,-1.705503,3728.7993,4.250932,1.213644,2.452642,2.902886,-0.949283,-1.544425,-2.117623,14123.299,9.618135,4.056793,6.298213,6.730145,-3.521177,-5.497309,-6.075834,14325.924,9.502894,4.138221,6.455624,7.362163,-3.599569,-5.635649,-6.306682,179817.58,10.561103,49.771072,70.73139,73.705284,-33.953865,-42.425606,-68.126,184742.69,10.555341,49.987267,69.77733,74.17406,-34.50726,-42.47477,-67.01665,12994.807,7.898496,3.379056,4.987072,5.364881,-2.823218,-4.027948,-5.539523,9462.627,7.863837,2.441492,3.579383,3.943963,-2.112518,-3.052954,-4.176572,3881.1567,4.082893,1.308057,2.664344,4.046137,-0.971022,-1.627928,-2.051922,4140.1997,4.144154,1.394536,2.829693,3.403099,-1.022667,-1.690576,-2.138158,16127.66,10.051067,4.686326,7.215373,7.712705,-4.085729,-6.539234,-7.333713,13774.473,9.744591,4.075409,6.561923,7.189008,-3.459587,-5.567284,-6.208521
3.0,125.0,252929.19,14.658277,65.2077,89.154175,93.18527,-51.4884,-70.243805,-107.52486,216743.97,10.896844,60.2787,88.12405,91.491585,-41.38599,-56.517307,-77.116875,14055.854,9.049108,3.413077,4.871264,5.192094,-3.198753,-4.558849,-5.078476,13200.159,8.568824,3.218197,4.731593,5.196525,-2.983455,-4.288717,-4.895866,3820.4224,4.664971,1.16692,2.42583,3.08031,-0.975745,-1.610551,-1.97638,4285.4214,4.742158,1.323509,2.790207,3.318443,-1.110703,-1.863486,-2.250247,16715.828,11.131893,4.680641,7.029545,7.539101,-4.297995,-6.936569,-7.874275,16879.234,10.943527,4.773848,7.237428,7.783567,-4.424295,-7.272888,-8.153569,199309.92,11.302075,56.03604,78.27119,81.41913,-38.21671,-54.098846,-71.13954,205497.03,11.370723,56.350445,77.69408,82.53675,-38.77614,-55.223354,-150.2735,15282.332,9.07441,3.865173,5.494003,5.866548,-3.478362,-5.032048,-5.488406,11164.941,9.060415,2.77909,3.933624,4.299144,-2.601928,-3.686076,-4.182254,4438.896,4.539253,1.416788,3.073614,3.799747,-1.131618,-1.962538,-2.366076,4736.7188,4.597163,1.506497,3.217028,3.957545,-1.175321,-2.01539,-2.512726,19071.387,11.61419,5.450526,8.222932,8.966142,-5.039171,-8.49474,-10.740818,16236.259,11.212584,4.69445,7.455988,8.072859,-4.206364,-7.049038,-7.699357
3.0,150.0,276385.5,15.917461,72.158035,98.357414,105.61543,-55.788208,-81.669235,-238.59146,234256.08,11.673029,65.49229,94.742195,99.75418,-44.262997,-63.18853,-172.37154,16205.538,9.799836,3.934063,5.442497,5.949771,-3.812992,-6.621472,-6.024245,15186.832,9.302167,3.692169,5.280319,5.802799,-3.558005,-6.252499,-5.697053,4276.374,4.931029,1.285442,2.762767,3.444202,-1.138036,-1.852697,-2.222176,4804.968,5.037673,1.4581,3.164687,3.970857,-1.303279,-2.162888,-2.514601,19203.67,12.012588,5.436402,7.955388,8.812307,-5.181924,-8.928426,-8.981163,19423.63,11.844393,5.515695,8.209817,8.967536,-5.355057,-9.213322,-9.471147,216036.44,12.063413,61.049953,84.86284,88.53837,-40.894894,-55.871384,-151.81902,222466.42,12.146964,61.421516,84.505066,89.089424,-41.45754,-54.648556,-154.50629,17626.982,9.884194,4.436848,6.172066,6.58858,-4.13821,-7.268785,-6.5973,12843.25,9.816664,3.190741,4.410315,4.847998,-3.084815,-5.355427,-4.829995,4945.9507,4.778773,1.549866,3.525967,4.673191,-1.309922,-2.256573,-2.966513,5253.381,4.825804,1.649941,3.683961,4.535253,-1.362639,-2.298153,-2.994571,22056.207,12.678942,6.353525,9.42684,10.13911,-6.146341,-10.273618,-11.030785,18637.348,12.107251,5.451174,8.550394,9.320866,-5.082129,-8.439575,-9.156670
3.0,175.0,298026.94,16.86806,79.02805,107.97433,113.08288,-59.134872,-73.54495,-115.605736,250785.47,12.156571,71.34646,104.0867,109.24061,-46.97038,-57.99939,-97.39299,18049.72,10.73603,4.480163,6.136641,6.480079,-4.464364,-6.601965,-7.126919,16854.266,10.120439,4.187789,5.937989,6.288241,-4.131204,-6.122443,-6.690377,4664.4194,5.27045,1.411829,3.025715,3.597816,-1.287973,-2.210433,-2.682298,5236.332,5.385128,1.605231,3.484892,4.347126,-1.458056,-2.530838,-2.987048,21343.904,13.118076,6.196242,8.985146,9.44877,-6.022246,-10.064905,-11.075411,21560.285,12.904728,6.276817,9.300203,9.888604,-6.193746,-10.511862,-11.194183,231166.2,12.461229,66.32959,93.07402,97.14714,-43.743042,-54.046654,-93.10687,238840.14,12.777456,66.64373,92.42518,98.39834,-44.015957,-54.594467,-87.1335,19575.393,10.754527,5.044222,6.992869,7.376277,-4.82564,-7.147242,-7.871618,14304.258,10.711228,3.623495,4.999713,5.626803,-3.600977,-5.300731,-5.736453,5373.3076,5.084481,1.700713,3.861674,4.786527,-1.470075,-2.661903,-3.416484,5699.802,5.131266,1.804712,4.02227,4.9162,-1.537346,-2.727145,-3.196336,24575.715,13.801972,7.238386,10.780413,11.367687,-7.090306,-12.189413,-13.189142,20717.373,13.16465,6.200407,9.687777,10.45227,-5.859905,-9.978385,-10.700957
3.0,200.0,321044.62,17.685934,84.004974,111.3129,120.17688,-67.80166,-94.837776,-256.50146,266629.84,12.627312,74.69246,111.914604,118.96258,-52.929684,-76.2043,-191.11403,19377.113,11.418592,4.743819,6.20497,6.717364,-4.842767,-7.041256,-7.75887,18125.781,10.80123,4.428722,6.158378,6.704313,-4.469271,-6.514257,-7.158039,4957.906,5.576033,1.428581,3.139822,3.817156,-1.34446,-2.283405,-2.866624,5576.6445,5.687728,1.629298,3.656312,4.48471,-1.522068,-2.624805,-3.016029,22936.094,13.959054,6.56875,9.173365,9.839185,-6.432242,-10.6989,-11.428354,23265.123,13.815534,6.678488,9.550548,10.337149,-6.609165,-11.085412,-11.924549,245607.97,12.893252,69.397,94.93081,99.69643,-48.954716,-73.572296,-189.15881,254267.22,13.202573,69.98374,94.272484,98.729294,-49.385235,-75.254234,-198.56749,21088.15,11.482594,5.330886,7.052844,7.695691,-5.229844,-7.61334,-8.381959,15358.734,11.399879,3.824061,5.013898,5.391997,-3.897579,-5.625967,-5.991777,5724.6685,5.373724,1.715694,4.124465,5.139821,-1.529596,-2.751566,-3.205238,6029.2637,5.404345,1.820606,4.231912,5.338612,-1.596893,-2.831253,-3.490461,26663.207,14.799529,7.781084,11.187569,12.039333,-7.683518,-13.430899,-14.31005,22309.047,14.039458,6.596218,10.015385,10.623478,-6.326434,-11.005009,-11.873999
3.0,225.0,339914.88,18.201967,89.92985,118.52881,124.74404,-67.76394,-98.61505,-260.93018,281138.34,13.069341,78.66145,118.72131,127.4465,-52.759426,-77.13208,-205.15775,20669.137,12.198642,5.02851,6.494424,7.173609,-5.442956,-8.12824,-8.802054,19311.455,11.486392,4.707963,6.395785,7.00715,-5.00669,-7.818397,-9.074609,5233.602,5.873627,1.484884,3.330504,4.380736,-1.503065,-2.562605,-2.973568,5876.587,5.969637,1.690125,3.807941,4.857132,-1.68864,-2.923353,-3.22293,24529.613,14.946379,6.983908,9.56093,10.54027,-7.330978,-12.259526,-13.298612,24837.307,14.702142,7.09221,9.856547,10.647426,-7.498152,-12.677405,-13.717534,259305.33,13.316303,73.123085,98.88054,102.74771,-49.029037,-71.945656,-187.13412,268456.72,13.461275,73.944786,98.6617,104.431564,-49.417355,-71.84704,-198.23853,22506.756,12.240203,5.641833,7.271006,7.759592,-5.856876,-8.71144,-9.280811,16392.912,12.143809,4.054021,5.218834,5.604869,-4.374885,-6.495355,-7.124019,6030.283,5.629292,1.770618,4.278766,5.572042,-1.685643,-3.06256,-3.640461,6336.9165,5.664895,1.884835,4.501883,5.62486,-1.764405,-3.164853,-3.843416,28587.38,15.814925,8.325492,11.718444,12.29816,-8.608609,-15.333564,-16.35074,23864.05,15.039847,7.038614,10.518313,11.324575,-7.076268,-12.584404,-13.378910
4.0,25.0,101302.84,3.219995,6.738114,7.69757,11.678351,-11.431375,-14.430668,-30.852219,93237.305,2.849906,6.584571,7.519802,12.142696,-10.242399,-13.586183,-25.486582,2691.679,2.20939,0.192941,0.246095,0.626206,-0.322672,-0.503988,-1.198819,2529.2778,2.155819,0.168957,0.285974,0.749894,-0.286977,-0.449509,-1.867883,874.8886,1.765465,0.078751,0.131607,0.599051,-0.12078,-0.270005,-0.65074,992.4961,1.783608,0.095313,0.135743,0.853099,-0.135827,-0.247506,-2.028584,3294.708,2.363911,0.232743,0.333329,1.988734,-0.40754,-0.560162,-1.336016,3294.4624,2.346842,0.229966,0.318234,0.891358,-0.40624,-0.565228,-1.157286,84523.125,2.882833,5.920003,6.679961,9.814184,-9.334304,-11.797348,-21.630295,87446.42,2.899442,6.063019,6.901269,10.727245,-9.41685,-11.870077,-24.065964,3054.105,2.236448,0.201734,0.429695,0.80877,-0.349414,-0.453417,-0.869769,2222.968,2.192005,0.15212,0.209153,0.619712,-0.262512,-0.409534,-0.728858,1107.0889,1.766284,0.104843,0.271845,0.312217,-0.14748,-0.282759,-1.469807,1171.1809,1.77004,0.104844,0.216972,0.523356,-0.160118,-0.254451,-2.11882,3759.3547,2.422373,0.256078,0.34334,0.827097,-0.459372,-0.631671,-1.194072,3348.902,2.388075,0.25785,0.336342,0.981609,-0.415907,-0.563978,-1.130713
4.0,50.0,162506.77,4.339669,15.022841,17.473255,18.237865,-22.744942,-29.061686,-53.304028,147073.8,3.779923,14.211624,17.244429,16.940084,-19.73962,-24.601768,-41.904247,4726.6387,3.160915,0.384789,0.551683,0.906767,-0.642409,-0.84087,-1.319603,4332.0825,3.002622,0.360878,0.492826,1.313024,-0.588298,-0.763417,-1.26724,1424.6097,2.255527,0.154816,0.237508,0.746512,-0.223895,-0.328237,-0.690708,1587.9583,2.252314,0.174597,0.264761,0.823983,-0.254625,-0.38948,-0.798287,5700.41,3.381528,0.491752,0.70053,1.750853,-0.851735,-1.15568,-1.57493,5603.732,3.297307,0.490576,0.730024,1.330097,-0.843973,-1.146016,-1.541486,133759.06,3.846595,12.864661,14.592867,39.273884,-17.995241,-23.583038,-43.590134,136987.45,3.810364,13.246584,15.069626,39.62438,-18.06828,-23.685785,-39.688923,5191.918,3.112968,0.442808,0.596939,1.6278,-0.71132,-0.926336,-1.372468,3899.226,3.126024,0.324273,0.451852,1.266002,-0.542906,-0.706734,-1.125592,1734.5406,2.196695,0.202916,0.30334,0.842613,-0.2743,-0.401623,-0.768477,1877.4801,2.245379,0.209532,0.321076,0.892817,-0.287094,-0.413167,-0.852671,6413.699,3.42308,0.550378,0.78137,2.210236,-0.971702,-1.315236,-1.833792,5762.2734,3.391119,0.499767,0.724584,1.869807,-0.86663,-1.169391,-1.568593
4.0,75.0,218882.83,5.387921,25.567566,28.648708,33.000126,-33.7712,-42.738525,-87.57703,193022.97,4.522106,23.432295,27.02787,32.891438,-28.36603,-36.593266,-67.34499,6530.8745,3.844315,0.664348,0.781042,1.310271,-1.068614,-1.494355,-1.852972,5976.0215,3.664942,0.62121,0.735857,1.082182,-0.98073,-1.426675,-2.580373,1862.8506,2.593154,0.260555,0.361435,0.995369,-0.351317,-0.513994,-0.898072,2095.834,2.620548,0.28775,0.429924,0.710707,-0.401275,-0.596785,-1.0583,7920.8696,4.153897,0.846582,1.013866,1.566355,-1.442027,-2.022721,-2.712138,7803.4746,4.088332,0.844848,1.0491,1.454869,-1.436279,-2.039428,-3.917744,175928.06,4.608418,21.422775,24.198751,29.55953,-25.954557,-32.107418,-56.119083,181544.58,4.633445,21.85574,24.787418,30.869892,-26.178493,-32.21616,-67.3702,7163.98,3.818699,0.754542,0.963717,1.139063,-1.180088,-1.665021,-3.173785,5381.9307,3.79211,0.555942,0.663907,0.982465,-0.902273,-1.259781,-1.48143,2271.5215,2.540354,0.322441,0.450325,0.769653,-0.430878,-0.638323,-2.046741,2408.4749,2.541145,0.340977,0.482908,0.927022,-0.444228,-0.659268,-1.134277,8980.3,4.271153,0.957318,1.133751,1.521043,-1.666865,-2.299062,-2.866786,7990.4004,4.167752,0.865619,1.04346,1.39391,-1.464265,-2.051588,-3.680099
4.0,100.0,265655.9,6.193402,36.05876,40.936775,51.26711,-43.15743,-55.428143,-111.50697,229590.11,5.083695,32.624718,37.921642,45.43139,-35.23297,-44.105965,-87.767586,8325.612,4.708682,0.954497,1.14943,1.494843,-1.455985,-1.908429,-2.27286,7634.1665,4.487473,0.884875,1.041587,1.429336,-1.339614,-1.78064,-2.400722,2281.9863,2.992699,0.349935,0.499131,0.841717,-0.455604,-0.640887,-1.389845,2577.08,3.036016,0.393186,0.562265,0.886779,-0.519781,-0.750882,-1.253604,10098.836,5.088075,1.223882,1.498093,1.823826,-1.971063,-2.772558,-3.365417,9970.962,5.021466,1.202738,1.455623,1.824632,-1.975887,-2.799295,-3.302889,209762.95,5.199684,29.777355,34.359634,40.72074,-32.246246,-40.648067,-71.55566,217515.75,5.244199,30.225222,34.84878,40.797844,-32.842705,-40.783848,-69.197365,9139.905,4.676134,1.07303,1.254747,1.583762,-1.612177,-2.099676,-2.598829,6863.615,4.628593,0.798564,0.928929,1.300939,-1.229718,-1.597672,-2.00437,2778.0137,2.923116,0.435969,0.601799,1.015321,-0.552719,-0.832954,-1.217683,2915.2317,2.899447,0.462208,0.630906,1.053422,-0.561891,-0.815531,-1.235775,11581.981,5.290059,1.372371,1.616805,1.966082,-2.323839,-3.321521,-3.829159,10174.701,5.083164,1.240725,1.467667,2.167341,-2.012041,-2.85701,-3.283386
4.0,125.0,306461.9,6.83214,47.23558,60.132713,176.95836,-51.75147,-66.831505,-147.65137,260107.58,5.50424,41.720245,58.294846,52.57309,-41.030663,-53.74537,-101.787865,9743.489,5.367789,1.219424,1.685148,4.922984,-1.812235,-2.383954,-3.96896,8934.775,5.090205,1.125791,1.615234,1.671333,-1.663401,-2.202703,-2.779933,2596.615,3.297415,0.437614,0.651971,1.639349,-0.537588,-0.785509,-1.175725,2940.1133,3.347319,0.493581,0.727438,2.04659,-0.614517,-0.91055,-1.317006,11876.964,5.813789,1.586987,2.274189,6.476908,-2.485046,-3.558016,-4.288189,11730.824,5.733669,1.598123,2.236247,6.25058,-2.476486,-3.530273,-4.173354,237296.52,5.617482,38.06112,50.17741,43.8628,-37.62309,-47.298237,-93.02717,247302.42,5.693761,38.82461,48.86095,143.63797,-38.54196,-48.35155,-90.63645,10703.264,5.322117,1.387424,1.921703,5.626651,-2.00435,-2.643645,-3.051976,8045.455,5.259097,1.02312,1.408639,4.059698,-1.530537,-2.201866,-2.497066,3151.9495,3.188111,0.543833,0.783493,2.146115,-0.652885,-0.975651,-1.45034,3290.1003,3.164437,0.579457,0.842278,2.306385,-0.666985,-0.988274,-1.389008,13749.539,6.077132,1.837992,2.556743,2.619839,-2.936881,-4.251736,-4.721179,11976.218,5.805632,1.616693,2.330211,2.522875,-2.534856,-3.65979,-4.170831
4.0,150.0,343586.66,7.381577,58.268574,68.55685,81.94311,-59.51152,-75.6498,-156.314,286215.22,5.840056,50.141045,60.738125,71.14748,-46.621372,-59.576935,-136.86676,11465.209,6.115568,1.542124,1.784312,2.196437,-2.232045,-2.976001,-3.449691,10444.685,5.76349,1.420859,1.659888,2.090348,-2.03596,-2.910969,-3.758188,2962.7964,3.628905,0.525342,0.734087,1.231491,-0.629767,-0.938177,-1.29258,3338.6602,3.66288,0.596434,0.812907,1.092541,-0.728693,-1.092067,-1.448465,14008.525,6.648732,2.031944,2.3485,2.719995,-3.078867,-4.474828,-5.112799,13781.493,6.528334,2.027047,2.3403,2.785124,-3.061146,-4.458778,-5.121839,262315.78,5.98778,45.962994,55.203415,63.67188,-42.72767,-53.203945,-96.18073,272513.12,6.050278,47.010498,56.38566,68.63928,-43.802868,-55.180355,-100.31876,12495.677,6.018164,1.749356,2.03611,2.331433,-2.4509,-3.658544,-3.724872,9485.82,5.989963,1.295186,1.505676,1.94103,-1.883516,-2.530564,-3.12494,3565.5515,3.477436,0.656427,0.931576,1.327006,-0.775398,-1.166907,-1.575809,3726.9885,3.455338,0.69305,0.986339,2.068775,-0.779695,-1.170536,-1.567973,16200.962,6.932158,2.363409,2.694534,3.292772,-3.675316,-5.467828,-6.141376,14084.409,6.609776,2.077173,2.408672,2.806949,-3.142551,-4.644028,-5.162124
4.0,175.0,368368.9,8.627041,61.223137,72.435135,86.433426,-65.6974,-91.041046,-287.6948,302533.0,6.71208,52.625835,64.27475,73.87515,-50.55577,-70.24951,-183.67287,12987.315,6.576511,1.776143,2.117166,2.753513,-2.584493,-4.211637,-11.854515,11853.782,6.218353,1.628089,1.947331,2.489571,-2.365075,-3.895169,-10.687133,3239.0398,3.693634,0.593806,0.832656,1.146618,-0.712239,-1.149117,-2.949675,3671.465,3.768886,0.675626,0.947049,1.241673,-0.818679,-1.298933,-1.653197,15715.147,7.200671,2.355899,2.745191,3.251923,-3.587351,-6.055397,-16.364977,15545.556,7.086396,2.355361,2.762884,3.225521,-3.558897,-6.009634,-16.113806,277770.22,6.903391,48.464764,58.74955,67.02853,-46.534428,-64.87564,-171.40732,288121.06,6.975769,48.785053,59.106472,66.50652,-47.346672,-67.36805,-179.49649,14168.913,6.521325,2.01012,2.35363,2.795324,-2.847707,-4.659717,-4.199087,10661.361,6.464612,1.48159,1.742893,2.25192,-2.176734,-3.533751,-9.945857,3893.4956,3.577123,0.741308,1.072999,1.534094,-0.857406,-1.317114,-3.304144,4052.0698,3.537225,0.780589,1.11661,1.398712,-0.874419,-1.348967,-3.691604,18158.072,7.557293,2.736312,3.158238,4.076103,-4.264455,-6.823559,-17.864103,15663.877,7.166126,2.383095,2.787673,3.237591,-3.635553,-5.805434,-5.737654
4.0,200.0,374344.25,8.601233,70.4894,85.6073,98.99328,-67.13833,-95.017334,-224.46162,308821.16,6.695626,60.006714,74.62962,85.215546,-51.82233,-70.703766,-139.55815,13730.791,6.83858,2.086619,2.4044,2.960486,-2.845998,-3.763464,-4.186282,12434.0205,6.400764,1.899773,2.229725,2.659224,-2.58753,-3.457971,-3.887285,3390.416,3.832022,0.669718,0.95099,1.524165,-0.748462,-1.083965,-1.488167,3814.8066,3.872014,0.762571,1.072702,1.506891,-0.86357,-1.2884,-1.861297,16433.213,7.404958,2.799839,3.238353,3.83189,-3.805346,-5.545862,-9.82773,16125.071,7.218068,2.779224,3.21393,3.805147,-3.764283,-5.569449,-6.044487,283230.84,6.864937,55.06537,67.80252,77.06353,-47.64207,-66.54228,-141.46985,292850.84,6.923032,55.76058,69.383514,75.29092,-48.636395,-67.92713,-149.99887,14897.917,6.734011,2.354466,2.736686,3.142071,-3.12284,-4.132661,-4.709426,11266.255,6.692394,1.744574,2.077262,2.488364,-2.39098,-3.133128,-3.603265,4041.7898,3.665762,0.832841,1.276199,1.763467,-0.903219,-1.566435,-1.879373,4215.712,3.642587,0.876728,1.279314,1.693763,-0.910995,-1.406926,-1.705799,18817.139,7.679639,3.26374,3.727685,4.146438,-4.493292,-6.736304,-7.398378,16385.422,7.362732,2.849294,3.31974,3.702926,-3.840947,-5.701382,-6.586980
4.0,250.0,414068.97,9.658828,84.27251,104.03539,124.57089,-75.46144,-100.35785,-217.66162,338757.66,7.382789,71.12112,90.63563,100.02269,-57.494507,-75.00858,-185.42134,17233.658,8.262003,2.733991,3.158826,3.667139,-3.652886,-5.055918,-5.544412,15512.604,7.687086,2.468771,2.950515,3.34751,-3.339393,-4.774032,-5.537955,4046.0908,4.367649,0.8345,1.214625,1.656634,-0.909882,-1.33896,-1.787182,4534.9844,4.413133,0.955106,1.385199,1.953269,-1.065397,-1.733471,-2.059615,20424.984,8.909215,3.718107,4.327022,4.77381,-4.934665,-7.303524,-9.487194,19915.951,8.638026,3.647243,4.353129,4.957398,-4.915133,-7.414961,-8.130969,310547.94,7.557699,65.16472,82.44787,91.7058,-52.97951,-65.94766,-139.88565,323493.44,7.689462,66.182755,83.64605,96.26669,-54.223007,-68.28809,-156.07259,18571.57,8.094261,3.06686,3.594347,4.080969,-4.026678,-5.49575,-6.040302,14114.27,8.059617,2.276807,2.647487,2.994869,-3.057818,-4.125988,-4.762305,4773.5527,4.143026,1.040097,1.608546,2.028221,-1.104357,-1.748226,-2.234351,4972.9873,4.113009,1.087943,1.658502,2.184198,-1.09459,-1.650146,-2.14962,23273.014,9.223864,4.331717,5.103905,5.531777,-5.89889,-9.120878,-9.912125,20266.543,8.806533,3.75202,4.442796,4.936003,-4.987663,-7.597575,-8.303531
4.0,300.0,477023.44,11.198641,97.698135,122.79762,149.64275,-87.39849,-120.44468,-303.5766,381605.62,8.292986,80.9766,106.338554,121.451584,-64.93577,-87.10109,-210.28896,21872.146,9.610027,3.574103,4.124272,4.571407,-4.976869,-6.726318,-7.4782,19763.994,8.949216,3.229932,3.797034,4.214425,-4.5104,-6.18331,-6.686102,4831.1807,4.833749,1.011742,1.526269,1.883599,-1.145717,-1.685771,-2.147312,5424.296,4.885214,1.16069,1.733389,2.192624,-1.308583,-1.99817,-2.40868,26033.45,10.468316,4.893532,5.75096,6.211984,-6.745806,-10.031451,-11.065556,25399.348,10.125007,4.816663,5.796002,6.384149,-6.58992,-10.024956,-10.705145,350014.3,8.467276,74.43177,97.172226,106.15481,-59.769436,-81.05309,-164.67659,366261.34,8.669556,75.80884,97.370964,107.550575,-61.63469,-80.221054,-153.93938,23663.145,9.458372,4.015951,4.752745,5.965588,-5.436243,-7.427726,-7.949844,17953.7,9.423021,2.956694,3.452171,3.874858,-4.167443,-5.625149,-6.151074,5675.382,4.560012,1.252731,1.954023,2.33774,-1.351622,-2.148642,-2.6429,5855.233,4.502959,1.308876,2.05624,2.496072,-1.35141,-2.059833,-2.487395,30070.81,10.974585,5.774255,6.900799,7.42174,-8.002557,-12.581788,-13.492793,25831.701,10.371483,4.928862,5.873584,6.282615,-6.755215,-10.462301,-11.171626
4.0,350.0,503239.0,11.404003,114.9343,148.12225,178.58179,-94.1658,-142.63368,-383.1589,400088.3,8.414532,93.35889,125.178406,140.10419,-69.572365,-103.99552,-271.7036,23945.096,10.389124,4.545173,5.152612,5.618506,-5.737295,-8.804107,-18.767097,21389.88,9.503123,4.0907,4.752891,5.155393,-5.20417,-7.908311,-16.741426,5150.4736,5.112696,1.166844,1.790876,2.214376,-1.288262,-1.854582,-2.239396,5758.953,5.145616,1.336772,2.030195,2.383848,-1.474402,-2.229572,-2.604187,28380.45,11.219427,6.306555,7.383681,8.591844,-7.787002,-11.506684,-24.22838,27490.203,10.759297,6.201171,7.363311,7.916535,-7.616466,-11.50188,-12.214625,368940.22,8.63537,85.94591,113.53972,132.3002,-63.711704,-93.25932,-277.73477,385153.38,8.793514,87.879944,115.17689,126.973465,-65.867744,-95.81629,-270.36594,25638.451,10.05544,5.088711,6.152746,6.456741,-6.268539,-9.569042,-20.616638,19763.807,10.186409,3.755506,4.296913,5.112217,-4.824136,-7.47579,-16.112144,6016.79,4.772615,1.433211,2.304361,2.692624,-1.517307,-2.376896,-2.87028,6207.1855,4.726363,1.49651,2.450623,2.836974,-1.508528,-2.223579,-2.640448,32556.799,11.654541,7.510789,8.953016,9.48792,-9.16601,-14.33431,-15.449137,28163.465,11.070846,6.296667,7.504647,9.06059,-7.720666,-11.90685,-12.720024
4.0,400.0,573915.6,13.073925,124.8119,162.23927,181.16042,-107.0335,-160.54396,-424.4044,449568.6,9.369577,101.801765,138.92184,152.06947,-76.07896,-103.81752,-317.56464,29086.139,12.567306,5.239043,6.045375,6.56083,-7.20386,-12.209874,-10.386854,26277.244,11.642652,4.711495,5.392529,5.748921,-6.530298,-11.303749,-13.356225,5982.9575,5.883257,1.283131,1.970677,2.306983,-1.550645,-2.602351,-2.729212,6753.7363,5.989467,1.465425,2.304341,3.051442,-1.787347,-2.987051,-8.132317,34956.285,13.783566,7.264942,8.826943,8.902154,-9.938797,-18.01888,-15.980225,34160.805,13.370605,7.185577,8.581403,8.992593,-9.775874,-17.812288,-15.739005,411647.47,9.562196,93.54249,126.04911,138.89276,-69.83815,-91.162964,-274.39838,434213.5,9.882452,95.25277,126.535484,135.23328,-73.13972,-97.142845,-311.89618,31507.963,12.348861,5.855126,6.788207,7.174174,-7.864482,-13.529649,-12.4351,24170.521,12.320569,4.329701,5.012316,7.855983,-6.094864,-10.220863,-8.640653,7043.9165,5.514834,1.580157,2.582683,3.022092,-1.84125,-3.305355,-8.117215,7138.5317,5.375395,1.637982,2.659054,3.143048,-1.817237,-2.937471,-3.234513,40971.99,14.664171,8.694623,10.507812,11.092127,-12.139691,-20.779127,-20.369074,34840.363,13.615482,7.294168,8.887379,9.415124,-10.145006,-17.297598,-16.619821
4.0,450.0,616304.3,13.240961,144.97552,192.26416,226.1497,-117.46329,-163.42773,-502.71103,482412.56,9.442612,116.29351,162.37866,180.16768,-81.98826,-107.83135,-299.9517,32513.688,13.883361,6.629348,7.684944,8.20905,-8.170154,-12.504942,-12.282304,29364.814,12.856681,5.928986,6.854541,7.290546,-7.389126,-10.484183,-13.735718,6498.9736,6.381778,1.449741,2.239509,2.582579,-1.690946,-2.582795,-3.014348,7326.834,6.507415,1.666217,2.566514,2.990704,-1.939922,-3.00988,-3.398613,39376.51,15.256625,9.287653,11.293812,11.938357,-11.251661,-17.697598,-19.00088,38400.79,14.781434,9.132959,11.389563,11.836141,-11.000636,-17.43198,-19.14702,440374.1,9.604933,106.696365,146.70279,170.0675,-74.92486,-99.60803,-283.2485,466347.2,9.978276,109.35118,146.89491,160.85774,-79.15872,-102.56337,-303.7901,35153.13,13.613491,7.333332,9.255637,9.276932,-8.895233,-12.63861,-13.278244,27201.35,13.589968,5.48815,6.360161,8.337252,-6.960016,-9.747061,-10.501293,7641.574,5.943335,1.783092,2.956604,3.38446,-1.99182,-3.634407,-3.665666,7708.7866,5.789439,1.836872,3.054872,3.489923,-1.981092,-3.102078,-8.444847,46542.297,16.31615,11.234511,13.851655,14.749063,-13.713146,-22.928795,-24.971123,39435.656,15.060051,9.330252,11.44183,11.953892,-11.49015,-18.693693,-20.082830
4.0,500.0,648793.3,13.802902,156.57703,207.00732,237.75131,-126.24635,-180.23521,-627.2184,500285.06,9.614085,125.54967,178.29883,195.94034,-87.90922,-126.919014,-393.09695,35311.188,15.862432,7.371497,8.566294,9.277695,-8.997671,-12.724415,-19.722755,31667.025,14.672678,6.595071,7.647998,8.228792,-8.191965,-11.823586,-12.3754,6914.861,7.086578,1.515442,2.341204,2.783613,-1.81892,-2.725956,-3.415208,7760.54,7.261696,1.753598,2.742076,3.225579,-2.127385,-3.350654,-3.820511,42781.91,17.426973,10.376906,12.790305,13.465733,-12.368232,-19.398174,-20.729673,41471.496,16.900126,10.230603,12.471822,13.525059,-12.233476,-19.749123,-21.095568,460100.8,9.86441,115.0313,159.50648,182.42316,-79.886,-115.41637,-318.75934,487145.44,10.295371,117.42992,159.44427,180.33109,-84.254906,-121.10148,-397.53802,37906.137,15.51301,8.154232,9.688308,10.311457,-9.86772,-14.159431,-15.647316,29728.031,15.475518,6.146252,7.174185,7.730004,-7.702359,-10.792762,-11.948271,8094.1934,6.583527,1.893227,3.176816,3.506229,-2.192554,-3.575817,-4.695305,8181.868,6.405584,1.904404,3.1303,3.589042,-2.126947,-3.256423,-3.762253,50401.664,18.621218,12.675505,15.717227,16.380415,-15.290144,-25.303394,-26.958738,43007.0,17.105124,10.458365,13.042328,14.020365,-12.714321,-20.706406,-22.172362
4.0,25.0,97096.52,4.12569,3.63234,4.133391,6.407029,-9.686356,-12.207798,-22.864056,92248.45,3.704989,3.816051,4.404583,9.988509,-8.703637,-10.94488,-21.829294,3034.2424,2.69084,0.119466,0.251117,1.13279,-0.272625,-0.368338,-0.761368,2748.4414,2.55111,0.110462,0.155918,0.604782,-0.247301,-0.339793,-0.929851,976.6119,1.893961,0.059649,0.12366,0.621475,-0.117325,-0.35747,-0.768537,1066.8734,1.892683,0.060513,0.108136,0.615514,-0.117065,-0.199723,-0.668517,3590.7197,2.967342,0.150746,0.210998,0.580854,-0.352491,-0.497127,-0.948802,3525.3018,2.886636,0.150178,0.21923,1.105291,-0.353557,-0.488561,-0.993839,83531.91,3.851019,3.421468,3.884603,6.101506,-7.922885,-9.950296,-18.738663,83738.31,3.671666,3.440399,3.899624,6.399875,-7.819616,-9.7006,-17.33203,3305.9473,2.673919,0.134293,0.217426,0.997893,-0.300332,-0.396457,-0.85295,2486.5005,2.683687,0.101633,0.189273,0.570855,-0.227153,-0.312228,-0.857728,1207.5803,1.898667,0.074676,0.118312,0.7801,-0.147169,-0.494784,-0.638048,1331.1622,1.939917,0.076344,0.148993,0.70231,-0.138883,-0.278914,-2.206832,3942.2231,2.972267,0.165059,0.2594,1.046181,-0.39239,-0.528195,-0.999317,3631.8457,3.02258,0.1511,0.212589,0.986741,-0.354832,-0.476495,-0.930314
4.0,50.0,167929.33,5.023745,12.974397,14.529063,18.69308,-22.765049,-31.00753,-69.84221,149977.83,4.256254,12.443706,14.137526,18.260853,-19.491556,-26.623405,-68.53891,5279.8765,3.270215,0.373336,0.451719,0.883778,-0.720136,-1.036398,-3.19016,4845.5176,3.158927,0.345665,0.429742,0.815499,-0.661775,-0.969346,-2.268516,1524.7882,2.212168,0.148976,0.222722,0.570788,-0.243938,-0.365928,-0.997594,1703.6084,2.243903,0.166076,0.281909,0.684368,-0.274397,-0.406825,-0.829924,6274.873,3.585248,0.469214,0.580643,0.911543,-0.958113,-1.420416,-3.286425,6233.8857,3.543291,0.472488,0.593697,1.082659,-0.957559,-1.429135,-3.299837,136738.94,4.408048,11.2767,12.804542,15.262513,-17.82483,-22.739998,-55.582607,138921.38,4.330772,11.379362,12.916872,16.396341,-17.614462,-22.052504,-50.37205,5806.935,3.298639,0.42406,0.514301,1.334304,-0.798825,-1.195452,-2.764284,4293.5605,3.243624,0.312936,0.388229,0.741588,-0.600421,-0.866088,-1.221912,1867.5472,2.203553,0.191387,0.317756,0.806963,-0.296025,-0.443396,-0.845993,1994.4202,2.210652,0.203292,0.307109,1.717677,-0.311016,-0.459999,-1.142136,7055.236,3.67861,0.525646,0.655467,1.526936,-1.07897,-1.599403,-3.765036,6288.058,3.619645,0.474594,0.596596,0.957764,-0.951241,-1.403015,-3.341807
4.0,75.0,218626.83,5.626042,23.678745,26.734835,32.599842,-33.296886,-42.398182,-76.85373,188710.56,4.667681,21.576744,24.688536,30.072079,-27.391985,-34.964703,-64.330185,7115.192,3.907333,0.665771,0.791131,1.15721,-1.122212,-1.416996,-1.917987,6564.769,3.744075,0.614913,0.739458,1.255651,-1.035054,-1.33824,-1.817837,1978.7963,2.557748,0.25674,0.346959,0.808673,-0.354316,-0.519221,-0.928182,2228.889,2.588046,0.283266,0.4339,0.731628,-0.40565,-0.604063,-1.021491,8492.305,4.264355,0.847412,1.019525,1.445177,-1.492377,-2.034312,-2.589465,8518.383,4.209697,0.843895,1.016266,1.55767,-1.510332,-2.08539,-2.748723,172482.31,4.819567,19.688505,22.407852,25.912443,-25.168945,-31.275782,-63.9149,176684.27,4.750806,19.987116,22.713076,27.293402,-25.214128,-31.612528,-61.152477,7866.129,3.913111,0.754053,1.046311,1.647283,-1.250675,-1.621058,-2.043847,5789.348,3.864744,0.554555,0.653325,0.994429,-0.933844,-1.207989,-1.582488,2419.6897,2.519265,0.319508,0.433825,0.94415,-0.435206,-0.652082,-1.338923,2536.1416,2.51808,0.33992,0.473983,1.223463,-0.442326,-0.672915,-1.032424,9739.164,4.399525,0.954019,1.231625,1.348306,-1.741587,-2.457135,-2.899605,8476.286,4.274447,0.854484,1.020789,1.483125,-1.498502,-2.122161,-2.586081
4.0,200.0,271561.44,6.528901,35.06025,40.153236,47.287174,-43.98816,-56.829456,-100.91859,229220.06,5.285228,31.133413,36.074577,43.9254,-35.07406,-44.13717,-93.32753,9224.138,4.570816,1.017916,1.194829,1.587931,-1.610956,-2.236858,-3.591898,8522.745,4.378455,0.942164,1.129508,1.40543,-1.47156,-2.055707,-2.472851,2447.691,2.893524,0.366065,0.512991,0.905417,-0.478769,-0.702288,-1.042615,2772.2466,2.942307,0.413037,0.563102,0.997639,-0.540306,-0.785493,-1.170152,11095.58,5.035053,1.304669,1.552361,1.836751,-2.188524,-3.122852,-3.699892,11126.162,4.970982,1.315829,1.561013,2.070277,-2.176927,-3.137221,-3.606985,209482.42,5.450581,28.464573,32.708935,38.8699,-32.275707,-40.361557,-74.44334,216204.62,5.417667,28.845743,33.299175,39.27823,-32.510284,-40.77057,-73.52463,10200.828,4.580173,1.158514,1.355855,1.723086,-1.774803,-2.450562,-4.214624,7513.58,4.525014,0.844564,1.00414,1.370676,-1.341325,-1.866446,-2.910059,2983.5862,2.841381,0.459891,0.634714,1.137011,-0.572852,-0.93053,-1.220485,3096.481,2.822458,0.48643,0.669346,1.100329,-0.593213,-0.874993,-1.269983,12810.319,5.240301,1.497319,1.751181,2.165564,-2.543379,-3.60224,-4.197332,11047.497,5.045942,1.314375,1.569518,1.896783,-2.19604,-3.146518,-4.046695
4.0,125.0,315400.12,7.232016,45.63042,52.46886,80.70336,-52.741116,-68.167145,-143.57445,262780.78,5.741252,39.998062,47.389977,79.88859,-41.38146,-51.72195,-96.52759,11139.644,5.244367,1.357277,1.565949,2.597439,-2.064317,-2.717055,-4.467924,10159.712,4.99537,1.252146,1.451717,2.40191,-1.897823,-2.526492,-3.898705,2835.3965,3.179791,0.465305,0.653698,1.059896,-0.589075,-0.849741,-1.25458,3194.8308,3.247411,0.525172,0.720505,1.484167,-0.665565,-0.980364,-1.312267,13473.394,5.789097,1.770176,2.093866,3.670356,-2.827271,-3.989071,-4.525001,13380.061,5.725358,1.786648,2.145201,3.753062,-2.844879,-4.057853,-4.752568,240676.77,5.923384,36.549076,42.94394,66.609344,-38.063362,-47.147846,-89.06369,247860.05,5.916012,36.84681,43.33293,64.52074,-38.55854,-48.221825,-95.61937,12144.868,5.234076,1.539064,1.771812,3.066923,-2.28031,-3.16185,-3.77015,9125.123,5.187065,1.130337,1.315253,2.299737,-1.727081,-2.270716,-3.376306,3417.2046,3.113871,0.579682,0.833244,1.501937,-0.70182,-1.053415,-1.534706,3551.8264,3.065496,0.606493,0.838727,1.559413,-0.711211,-1.041652,-1.451848,15468.344,6.06493,2.037605,2.453724,3.409779,-3.331312,-4.79453,-5.296111,13417.989,5.783935,1.783177,2.183359,3.671808,-2.843762,-4.078485,-4.695291
4.0,150.0,356252.0,7.85209,57.02791,67.16312,78.051674,-61.42218,-79.15527,-209.31982,293707.16,6.127579,49.533302,60.07411,70.68078,-47.40009,-60.93648,-156.01129,13264.79,5.927271,1.789705,2.072919,2.626699,-2.587357,-3.917946,-8.85935,11994.248,5.614133,1.630696,1.899214,2.3723,-2.370012,-3.692522,-7.784073,3246.1997,3.472274,0.582158,0.792242,1.215545,-0.691602,-1.074253,-2.267745,3637.305,3.529163,0.648467,0.902437,1.246526,-0.796243,-1.221181,-2.614765,16112.138,6.547147,2.370708,2.744982,3.113233,-3.568861,-5.745697,-12.22118,15871.507,6.438899,2.367962,2.73961,3.20485,-3.568685,-5.730599,-11.984683,269045.9,6.320496,45.295708,54.57681,61.7471,-43.573093,-54.384357,-114.67046,277430.53,6.352751,45.44943,54.439003,63.42979,-44.190273,-54.999733,-130.68729,14309.971,5.883767,2.005463,2.332295,2.747789,-2.845953,-4.383808,-9.78347,10895.332,5.84179,1.492804,1.742499,2.189358,-2.171389,-3.278693,-7.438083,3869.6604,3.365748,0.711594,1.013886,1.405507,-0.836854,-1.277017,-1.709697,4033.1448,3.318826,0.749915,1.043214,1.502775,-0.840453,-1.268344,-2.613703,18432.072,6.851224,2.73755,3.108438,3.620108,-4.23332,-6.574091,-13.489475,16037.749,6.530823,2.391659,2.7692,3.163658,-3.599696,-5.638092,-11.894528
4.0,175.0,387935.44,8.342404,67.626236,81.96687,99.27321,-68.10745,-89.78797,-198.96434,316425.66,6.450452,57.347794,70.90872,80.51275,-51.84496,-65.29945,-153.23988,15548.369,6.682222,2.190022,2.541618,3.004865,-3.136406,-4.177482,-5.599697,14162.838,6.317695,2.000264,2.339288,2.759598,-2.8682,-3.860262,-5.409679,3677.3838,3.768118,0.682966,1.012872,1.405585,-0.800031,-1.181427,-1.630064,4143.1045,3.832531,0.770167,1.098444,1.531072,-0.917397,-1.361504,-1.943487,18917.59,7.388477,2.951173,3.413488,3.918892,-4.362997,-6.595897,-9.246583,18754.008,7.262506,2.940991,3.404978,3.795502,-4.34504,-6.577682,-8.574984,289531.12,6.637935,52.45274,64.159996,73.28799,-47.67715,-59.42902,-115.92825,300879.16,6.689161,53.163223,65.0372,74.97183,-48.70721,-61.82676,-135.81117,16858.107,6.610344,2.463475,2.871785,3.242626,-3.435864,-4.619698,-6.56137,12762.683,6.579894,1.826845,2.128594,2.66256,-2.631587,-3.526368,-4.7767,4380.8867,3.625092,0.841435,1.223115,1.720624,-0.956082,-1.420475,-1.975852,4529.887,3.578449,0.880342,1.26999,1.596277,-0.962973,-1.425378,-1.785433,21915.693,7.76182,3.437613,3.967332,4.379809,-5.17946,-7.83503,-10.321778,18764.5,7.336778,2.965296,3.471227,3.958307,-4.374088,-6.611674,-8.640727
4.0,200.0,415778.12,8.830168,76.897705,93.76438,112.53452,-73.42762,-94.91798,-230.70088,336025.94,6.722791,64.58164,81.35543,91.27616,-55.493374,-73.009155,-188.49883,17210.488,7.225238,2.55499,2.950298,3.662147,-3.686943,-5.097871,-7.622179,15582.779,6.820573,2.335568,2.745711,4.13346,-3.331761,-4.534034,-5.002962,3972.7131,3.973582,0.770706,1.104096,1.464219,-0.905298,-1.579314,-1.620789,4460.907,4.043572,0.874072,1.223054,1.609447,-1.038366,-1.554707,-1.942295,20998.57,8.002388,3.475646,4.090913,4.876918,-5.096749,-7.41161,-7.892537,20701.557,7.859871,3.476797,4.108178,4.522959,-5.065015,-7.58877,-8.026142,308581.47,6.935917,59.149223,73.91865,83.693596,-50.941883,-63.21384,-145.32547,319780.47,7.00392,60.148254,74.495544,85.599,-52.030613,-64.667854,-128.2296,18545.465,7.143161,2.883011,3.352577,3.733946,-4.018674,-5.452344,-7.705939,14186.254,7.122501,2.132559,2.480138,2.865489,-3.098016,-4.328383,-6.642555,4706.3403,3.81189,0.948877,1.390609,2.010425,-1.082928,-1.679675,-2.022372,4869.47,3.753038,0.986787,1.436046,1.960489,-1.085123,-1.717465,-2.017502,24261.805,8.424116,4.086475,4.78701,5.356133,-6.073683,-9.170463,-9.777277,20862.227,7.949271,3.503878,4.122028,4.891384,-5.119453,-7.611953,-8.525862
4.0,250.0,448715.4,9.557934,93.80282,116.91324,133.67851,-81.70295,-113.24183,-335.3493,359091.88,7.11082,78.821045,102.266685,117.23849,-60.93434,-84.08719,-239.58168,19350.848,8.072538,3.475088,3.95751,4.34047,-4.285731,-6.825762,-6.00425,17476.953,7.640587,3.11478,3.612744,4.047426,-3.903064,-6.48388,-6.442769,4327.458,4.248769,0.952916,1.354896,1.605524,-1.028758,-1.779123,-1.924021,4864.9297,4.359381,1.087957,1.592688,1.939465,-1.188714,-2.073429,-5.791823,23356.402,8.839623,4.782055,5.555759,5.904194,-5.93952,-10.833061,-9.361051,22954.201,8.719536,4.72512,5.567046,8.17123,-5.917817,-10.843961,-30.638327,329084.22,7.328027,71.81266,92.11667,103.565056,-55.76203,-71.71534,-166.42229,343533.56,7.504388,72.339775,92.03854,102.42591,-57.353703,-73.788376,-176.33528,20845.17,8.025792,3.858485,4.45589,4.89806,-4.684301,-7.708785,-22.186192,15949.878,7.900552,2.895608,3.325518,3.777954,-3.604029,-5.6323,-16.835188,5130.5874,4.101058,1.173669,1.816953,2.24025,-1.241929,-2.106514,-5.767119,5247.964,3.969675,1.216811,1.819975,2.169493,-1.226712,-2.088392,-2.421369,26913.021,9.350674,5.606196,6.565289,7.148366,-7.14832,-12.820345,-11.51467,23139.178,8.713386,4.808759,5.643542,6.093278,-6.012989,-10.779347,-10.573804
4.0,300.0,457696.12,10.090705,103.94006,131.93903,155.79231,-84.98331,-111.818,-272.9336,367253.34,7.483423,86.310265,114.01781,125.611015,-63.157932,-81.9101,-181.1813,20779.797,8.741361,4.01729,4.614746,5.147166,-4.678342,-6.364805,-6.902568,18711.176,8.181679,3.612937,4.207816,4.709296,-4.252157,-6.133763,-7.605385,4583.652,4.486992,1.076102,1.601394,1.912008,-1.088828,-1.630168,-2.004214,5143.929,4.588996,1.223327,1.829823,2.121709,-1.258919,-1.937817,-2.415231,24728.092,9.45815,5.582487,6.590522,7.248861,-6.34053,-9.645535,-10.588568,24202.865,9.247796,5.497121,6.583065,7.1756,-6.296373,-9.695724,-10.323793,337369.6,7.707106,78.97557,103.00812,114.08379,-58.029514,-73.35555,-174.84909,351412.44,7.861713,79.72311,103.835976,114.04326,-59.637886,-74.643036,-159.16476,22391.492,8.655365,4.470051,5.240639,5.755468,-5.123833,-7.107903,-7.646217,17102.463,8.517604,3.333257,3.881912,4.368337,-3.929202,-5.328042,-6.235597,5414.055,4.293056,1.321285,2.068477,2.45058,-1.309391,-2.105897,-2.501199,5531.4375,4.181488,1.372504,2.118416,2.539362,-1.287794,-1.964301,-2.357735,28415.547,9.929287,6.563668,7.82891,8.696583,-7.594103,-11.9161,-12.781219,24559.924,9.346998,5.60432,6.701597,7.164698,-6.407206,-9.941648,-11.252889
4.0,350.0,537860.6,11.201075,117.34778,153.17018,169.53197,-100.15833,-131.72,-363.4736,418105.44,8.071322,95.50141,129.86354,143.99632,-71.47783,-91.5946,-312.66135,26951.033,10.65017,4.916929,5.787016,6.270338,-6.379978,-8.765124,-9.5924,24529.701,9.950668,4.448055,5.221879,5.674141,-5.797934,-8.032475,-8.535871,5606.337,5.255548,1.244554,1.878826,2.20994,-1.37714,-2.036844,-2.46403,6322.0566,5.34444,1.420349,2.129006,2.469659,-1.56972,-2.36378,-2.900674,32438.232,11.708886,6.826439,8.377361,8.811144,-8.733335,-13.282007,-18.92708,31925.742,11.392284,6.771192,8.298019,9.030959,-8.592627,-13.041049,-13.846321,384110.5,8.285047,87.5966,116.961975,128.90103,-65.442024,-83.39892,-220.55167,405040.94,8.505389,89.30387,118.63158,132.36627,-68.50962,-87.78663,-240.8526,29368.654,10.553859,5.504625,6.485844,6.879523,-6.982385,-9.89234,-10.293464,22276.25,10.418501,4.052167,4.77416,5.307016,-5.377267,-7.37778,-7.971821,6617.3486,4.957328,1.523991,2.401728,2.769914,-1.617799,-2.524859,-3.092376,6677.116,4.844409,1.576169,2.518039,2.923171,-1.613788,-2.482756,-2.977033,38188.08,12.439536,8.150261,10.043083,10.991175,-10.566513,-16.498371,-17.429905,32318.21,11.566865,6.855175,8.455702,9.617893,-8.863177,-13.871925,-14.833901
4.0,400.0,602518.44,13.519402,128.53423,165.44933,195.51973,-112.27445,-167.30653,-456.17834,461168.2,9.546479,103.00511,138.08398,154.9477,-77.59936,-103.49269,-363.9389,30605.1,13.189915,5.595657,6.425103,6.899977,-7.590373,-12.843226,-11.121575,27959.48,12.297337,5.040296,5.726676,6.016859,-6.873346,-11.607832,-10.074146,6183.822,6.012773,1.292843,1.926827,2.283461,-1.607717,-2.696828,-3.131594,6993.771,6.133354,1.473723,2.179327,2.644703,-1.824674,-3.073817,-3.176714,37145.867,14.594795,7.778705,9.454009,9.835341,-10.584203,-19.261698,-19.410236,36645.867,14.205801,7.680197,9.241816,9.648981,-10.358719,-18.85603,-16.68677,423230.94,9.836324,94.38414,124.86332,137.60437,-71.00018,-93.30615,-262.4633,447156.2,10.059708,96.397514,126.8794,137.36282,-75.09254,-97.84105,-309.38416,33429.887,13.027305,6.238559,7.226737,8.627835,-8.263287,-13.823631,-11.975776,25480.61,12.900749,4.614478,5.349926,5.767169,-6.438974,-10.787877,-9.263999,7328.829,5.683733,1.581461,2.470831,3.019371,-1.883362,-3.096047,-3.247387,7348.153,5.530761,1.635498,2.564928,3.133787,-1.890135,-3.05296,-8.000097,44159.19,15.643728,9.353375,11.275145,11.769873,-12.939074,-22.29519,-23.471132,37107.16,14.410521,7.803473,9.407751,10.087754,-10.859391,-18.693693,-18.297328
4.0,450.0,632107.0,11.961672,153.61644,205.65474,240.78163,-119.645775,-166.98264,-473.19995,481904.3,8.457805,120.63154,169.975,189.46571,-82.735565,-110.621284,-330.612,34270.523,13.322674,7.413069,8.758842,9.298873,-8.74877,-13.69951,-22.860205,30908.553,12.292402,6.665506,7.833267,8.275302,-7.956552,-12.269168,-24.202206,6704.8335,6.298869,1.57277,2.428326,2.921602,-1.773622,-2.760585,-3.198554,7524.0356,6.390809,1.789457,2.751061,3.099301,-2.054484,-3.133357,-3.50279,41635.805,14.692792,10.428067,13.123183,14.161056,-12.099286,-18.706728,-20.003698,40664.332,14.224843,10.32782,12.849519,13.670418,-11.991991,-18.887217,-21.07941,443169.6,8.700119,110.58672,152.59468,168.93451,-75.64316,-96.92066,-272.4344,468530.12,8.940826,113.57307,154.79999,173.07997,-79.68236,-102.57905,-418.60675,36935.87,12.990564,8.217614,10.360251,10.436528,-9.563313,-14.879832,-24.262493,28735.893,13.058186,6.133271,7.267892,7.881754,-7.445674,-11.665103,-23.363026,7852.8003,5.849806,1.915704,3.146049,3.498885,-2.118185,-3.37597,-3.802505,7920.9277,5.767215,1.958903,3.227735,3.568298,-2.073913,-3.127048,-3.619611,49173.7,15.576965,12.69798,16.004742,16.977018,-14.887731,-23.965351,-25.529379,41731.613,14.457247,10.517728,13.323939,13.891649,-12.399607,-19.730148,-21.092081
4.0,500.0,664364.75,12.296896,167.07976,226.61946,256.859,-131.33287,-227.62776,-552.90576,501454.7,8.537029,131.44963,188.85027,206.12819,-88.52378,-150.21326,-399.9736,36848.14,14.545947,8.355464,10.112284,10.988023,-10.519929,-17.122374,-47.598434,33254.188,13.445614,7.519677,8.908136,9.489819,-9.496673,-15.428304,-13.199122,7077.831,6.809932,1.67018,2.571722,2.895738,-2.039122,-3.220894,-8.298991,7967.191,6.969061,1.898971,2.917284,3.287948,-2.340392,-3.738257,-3.833607,44794.426,16.046413,11.817162,15.086318,15.748104,-14.038501,-24.3905,-22.768936,43806.785,15.612257,11.683178,14.841394,15.716324,-13.801616,-23.86177,-23.186363,460341.12,8.761077,120.1251,169.14941,185.11136,-80.369064,-132.4164,-303.67615,490020.03,9.090957,123.56696,170.76614,190.5124,-85.431435,-141.89136,-402.96732,39745.98,14.20318,9.245875,11.060525,11.568536,-11.443069,-18.47515,-15.845608,31023.193,14.211144,6.951341,8.312164,9.009837,-8.997141,-14.867809,-39.836754,8327.088,6.367949,2.035867,3.351148,3.795796,-2.394411,-3.674876,-4.161329,8317.044,6.225659,2.060479,3.391034,3.868653,-2.383889,-3.681958,-4.072812,53248.11,17.085949,14.443827,18.635033,19.620188,-16.860462,-27.804892,-28.667934,45030.906,15.702094,11.981643,15.427832,16.035812,-14.113144,-23.354828,-23.576961
4.0,25.0,94168.42,2.824527,6.580791,7.563435,11.125893,-11.267345,-13.941398,-26.860495,86539.84,2.53205,6.293625,7.401999,14.899232,-10.073816,-12.839953,-37.861774,3091.1924,2.366868,0.167963,0.240767,0.66501,-0.320827,-0.442094,-1.176568,2904.793,2.296913,0.162558,0.213138,0.576435,-0.300373,-0.412057,-0.869929,966.582,1.856428,0.066554,0.138445,0.817489,-0.116075,-0.322874,-1.290297,1068.1147,1.857411,0.07618,0.135669,0.836883,-0.13158,-0.263034,-1.15841,3763.3826,2.538863,0.216229,0.295598,0.791606,-0.425999,-0.5931,-1.023665,3778.8047,2.522191,0.222072,0.34357,0.652922,-0.439107,-0.59866,-1.040892,78372.7,2.57021,5.648681,6.460091,9.726857,-9.187551,-11.474533,-29.090464,80586.38,2.546816,5.821063,6.770756,10.742686,-9.209617,-11.824644,-30.965742,3454.1262,2.367709,0.196851,0.263636,0.782305,-0.361939,-0.485321,-0.891774,2575.9756,2.329048,0.146837,0.201215,0.692091,-0.275278,-0.367886,-0.794991,1211.3805,1.839585,0.089497,0.149871,0.535738,-0.148246,-0.373845,-0.647163,1258.6584,1.852401,0.087893,0.147276,0.550156,-0.147684,-0.348582,-3.496267,4255.987,2.55043,0.250878,0.409248,0.808677,-0.497632,-0.68382,-1.148569,3796.8005,2.514097,0.222491,0.308362,0.751308,-0.431051,-0.606256,-0.968969
4.0,50.0,167648.92,4.259505,18.692081,25.494673,28.624043,-24.04049,-30.873796,-53.07876,150200.03,3.636051,17.621777,23.86156,66.44084,-20.661722,-25.877268,-46.299416,6172.987,3.26271,0.58938,0.80432,2.736062,-0.894254,-1.141608,-1.689947,5728.9624,3.145154,0.550331,0.762563,1.091954,-0.826815,-1.068254,-1.712126,1698.7201,2.267129,0.236817,0.395844,0.789132,-0.284821,-0.501543,-0.748574,1889.9968,2.280892,0.261539,0.422045,0.708634,-0.320771,-0.471976,-0.742126,7495.6904,3.519188,0.773062,1.16806,1.56993,-1.206815,-1.618015,-3.535982,7497.276,3.489602,0.770726,1.153284,1.609164,-1.223937,-1.634257,-2.16666,137177.12,3.719464,15.884271,22.011808,60.239014,-19.042255,-23.961601,-41.065582,140900.12,3.695391,16.18953,22.984364,61.67635,-18.940342,-23.220547,-40.193504,6790.208,3.253982,0.663187,0.923367,1.372686,-0.987718,-1.262071,-1.6649,5080.6494,3.197387,0.502249,0.688709,0.998387,-0.759332,-0.974513,-1.574073,2074.9995,2.221577,0.30221,0.499238,0.894696,-0.349615,-0.518512,-1.071886,2163.5193,2.227561,0.325452,0.513625,1.11365,-0.354524,-0.611032,-0.981612,8518.773,3.584943,0.857701,1.292316,1.664649,-1.391487,-1.869183,-2.615957,7482.017,3.47705,0.785203,1.18591,1.602934,-1.208725,-1.640388,-2.151956
4.0,75.0,217566.38,5.187152,26.800503,30.33915,36.50996,-34.593727,-49.558033,-136.95706,191347.72,4.298973,24.573141,28.496382,36.958157,-29.078125,-41.609325,-107.453354,8290.349,3.872971,0.901173,1.127692,2.335394,-1.37859,-1.75624,-4.68331,7630.487,3.714823,0.827967,0.964591,1.4854,-1.281141,-1.651972,-2.04134,2162.374,2.548591,0.310089,0.42201,0.835238,-0.40244,-0.595466,-1.034144,2411.7234,2.574936,0.343218,0.469601,0.887872,-0.456572,-0.680982,-1.109066,10088.275,4.202503,1.171668,1.36465,2.268613,-1.843923,-2.601321,-3.133918,10062.298,4.176919,1.158383,1.351588,1.974964,-1.858819,-2.633387,-3.148122,174843.11,4.397348,22.279625,25.751507,30.230766,-26.944382,-37.955544,-103.666725,179722.55,4.395381,22.618404,26.107996,30.519476,-26.942837,-38.986828,-111.90642,9031.06,3.850823,1.005817,1.16688,1.77128,-1.526195,-2.051619,-2.388635,6825.2046,3.799507,0.759297,0.874234,1.367354,-1.164569,-1.524232,-4.213372,2616.3462,2.491728,0.385132,0.528112,0.97972,-0.489577,-0.72657,-1.191048,2722.0325,2.478835,0.403831,0.552344,0.913205,-0.499931,-0.761123,-1.23507,11490.329,4.31515,1.303513,1.47939,2.00276,-2.137754,-3.050763,-3.736749,10056.16,4.150515,1.176415,1.368942,1.765295,-1.853109,-2.650991,-3.132703
4.0,100.0,267039.12,5.929304,39.659214,45.714622,56.31106,-44.272026,-57.011654,-107.29842,229652.5,4.814756,35.27576,41.617718,46.883083,-36.12326,-46.163425,-92.72841,10142.823,4.54776,1.289348,1.500438,1.969422,-1.818202,-2.368971,-2.795879,9234.513,4.308747,1.197611,1.424221,1.870578,-1.676498,-2.210507,-2.758135,2568.8396,2.871059,0.427352,0.645428,0.972351,-0.514589,-0.718042,-1.067093,2846.8162,2.887824,0.477261,0.66683,1.102626,-0.592009,-0.86058,-1.176281,12422.623,4.96015,1.699702,1.941048,2.441174,-2.508411,-3.4366,-4.16667,12228.918,4.878233,1.695537,2.045574,2.41217,-2.526379,-3.6084,-4.266028,210827.75,4.943804,32.194515,37.521496,44.15301,-33.306194,-42.081596,-89.87744,215983.45,4.921421,32.64045,37.969913,44.569393,-33.29522,-40.9844,-75.922935,10940.961,4.475049,1.450774,1.758317,2.034592,-1.996986,-2.621238,-2.985587,8395.08,4.465949,1.091234,1.247076,2.424956,-1.538001,-2.113647,-3.729975,3061.0276,2.769491,0.531887,0.740298,1.166046,-0.629538,-0.93178,-1.403321,3209.4578,2.764608,0.554211,0.762607,1.184443,-0.631987,-0.92021,-1.36329,14076.775,5.072818,1.932105,2.202822,2.758619,-2.941599,-4.188621,-4.670965,12392.489,4.89594,1.715233,2.112117,2.45285,-2.551742,-3.527341,-4.136620
4.0,125.0,299854.66,6.496055,49.505554,58.12317,69.220146,-51.774742,-65.7899,-152.63927,254221.78,5.189155,43.335304,51.768456,60.245167,-41.508595,-53.19211,-107.22449,13093.99,5.568403,1.650338,1.892702,2.276066,-2.441092,-3.482366,-3.437713,11984.32,5.289506,1.516902,1.737017,2.808644,-2.240827,-3.337391,-7.469977,3186.0085,3.311365,0.525052,0.722719,2.38439,-0.647147,-1.116666,-1.3037,3555.3835,3.346958,0.589055,0.782802,1.156693,-0.745267,-1.18888,-1.595529,15947.285,6.075123,2.210053,2.491642,2.986171,-3.374377,-5.49311,-5.673628,15841.145,5.999218,2.18904,2.522723,4.034822,-3.385734,-5.580952,-5.614493,233335.58,5.3285,39.576572,46.65068,54.10145,-38.284355,-47.636433,-121.04786,239563.5,5.316376,40.15284,47.516666,54.625217,-38.352932,-48.104774,-100.21642,14150.826,5.485737,1.855437,2.120875,2.537385,-2.666129,-3.896338,-8.294134,10745.443,5.417511,1.391814,1.583324,2.853113,-2.046938,-2.881272,-6.494597,3786.207,3.174607,0.648655,1.124168,1.223156,-0.789231,-1.225525,-1.711371,3938.0562,3.160609,0.678352,0.951168,1.387237,-0.784703,-1.475647,-1.583228,18288.365,6.27021,2.527429,2.866105,3.299722,-4.001771,-6.504982,-6.448901,15790.824,5.945385,2.255952,2.529819,2.819519,-3.378118,-5.484016,-5.474514
4.0,150.0,334659.0,7.282499,59.031025,70.41204,82.682,-58.879993,-76.22718,-168.18358,280490.7,5.69092,51.018604,62.3149,72.69721,-46.573017,-58.675293,-128.88683,15544.042,6.047918,2.290847,2.603118,3.130724,-3.072512,-4.511014,-10.392428,14150.678,5.714498,2.099291,2.431481,2.880543,-2.817919,-4.261591,-9.53147,3611.3828,3.467924,0.685368,0.949659,1.357095,-0.772694,-1.23051,-2.579388,4014.1104,3.493951,0.773632,1.06537,1.408362,-0.891376,-1.396927,-1.693118,18973.09,6.623379,3.10388,3.570148,4.088907,-4.258289,-6.936242,-14.943597,18682.32,6.498228,3.08491,3.583558,4.047018,-4.290474,-7.016705,-7.407476,258446.02,5.855325,46.634415,56.1943,63.957737,-43.04263,-54.227165,-124.03701,265716.9,5.866104,47.484306,57.23324,65.55046,-43.180965,-54.582687,-135.95253,16694.842,5.934927,2.565493,2.93724,3.468479,-3.353547,-5.069953,-11.35629,12762.811,5.903945,1.915415,2.190298,4.68832,-2.572228,-3.723326,-3.703214,4242.3545,3.302802,0.841288,1.185132,1.559774,-0.940968,-1.401463,-2.690246,4432.903,3.295623,0.872089,1.222847,1.677696,-0.927835,-1.461341,-1.826362,21669.572,6.834597,3.586142,4.122639,4.649736,-5.062704,-8.026528,-17.120983,18724.238,6.488833,3.100523,3.542574,3.937286,-4.254972,-6.798121,-14.516183
4.0,175.0,372122.72,7.860556,69.549576,84.82894,103.17288,-66.232864,-85.67304,-188.77805,307766.66,6.062654,59.360966,74.04903,85.02602,-51.328564,-66.68747,-142.50749,17009.027,6.571939,2.676221,3.058554,3.503256,-3.473031,-4.61793,-5.211499,15406.949,6.166142,2.443303,2.831355,3.265164,-3.165473,-4.296874,-6.043377,3863.0906,3.678622,0.772023,1.093739,1.44332,-0.844132,-1.442015,-1.635401,4302.557,3.711895,0.875994,1.21993,1.590283,-0.965317,-1.434905,-1.870998,20799.06,7.220265,3.669215,4.256683,4.670733,-4.826362,-7.091801,-7.761262,20448.799,7.066517,3.6139,4.276823,7.382385,-4.793545,-7.137213,-9.049909,282869.28,6.233147,54.213444,66.67647,75.24329,-47.35936,-60.43694,-141.67389,291631.34,6.247247,55.13071,67.93497,77.35739,-47.695755,-60.68857,-121.84893,18209.955,6.418213,2.990807,3.459116,3.913125,-3.771117,-5.102216,-5.680197,14029.692,6.432209,2.242184,2.630222,3.086977,-2.926008,-3.854613,-5.724698,4544.735,3.500013,0.94925,1.370919,1.742725,-1.008607,-1.508027,-1.82017,4719.4673,3.482348,0.990291,1.504946,1.936465,-1.00943,-1.556871,-1.910197,23868.994,7.471518,4.241621,4.978384,5.55968,-5.719088,-8.525425,-10.601185,20587.87,7.082021,3.677391,4.251048,4.645778,-4.834038,-7.366702,-7.950063
4.0,200.0,409141.53,9.509101,70.62351,84.78163,94.51793,-73.51251,-99.50506,-247.8721,330228.06,7.276808,58.694805,72.71987,82.59602,-55.17388,-71.10078,-150.07533,19103.527,7.328597,2.647435,3.027532,3.470441,-3.946374,-5.265171,-5.93425,17350.312,6.79324,2.446019,2.813712,3.280854,-3.628479,-4.936407,-5.490442,4290.1235,3.889446,0.796092,1.149026,1.971523,-0.940646,-1.376371,-1.826688,4800.6167,3.898517,0.895477,1.296567,1.565293,-1.09005,-1.646051,-2.073324,22854.68,8.152572,3.524267,4.090823,4.579993,-5.363967,-7.791544,-8.718895,22701.459,7.88374,3.563536,4.145538,4.736363,-5.428013,-8.148379,-10.053172,303141.53,7.537876,53.900955,66.277824,75.75367,-50.852955,-65.42403,-123.33897,311026.75,7.393368,54.49579,66.724846,72.94787,-51.5133,-64.40481,-146.6302,20523.588,7.116128,3.002594,3.461123,4.002104,-4.324377,-5.844131,-8.399818,15550.798,7.268068,2.17879,2.540485,2.909952,-3.273636,-4.383744,-4.879128,5029.317,3.695839,0.964388,1.467714,2.561629,-1.129259,-1.734152,-3.426618,5240.365,3.712799,1.023055,1.59841,2.056599,-1.123014,-1.689941,-2.356556,26254.951,8.378252,4.172541,4.816127,5.289186,-6.432887,-9.778545,-10.825586,22505.332,8.132161,3.514038,4.116505,4.530055,-5.349727,-8.021009,-8.822487
4.0,250.0,461064.8,10.051083,90.96794,113.42951,127.90685,-84.67189,-113.9927,-290.30246,366409.2,7.442121,75.67962,97.83332,111.773254,-62.53886,-80.401375,-231.00848,23107.889,8.018615,3.928233,4.46368,4.971029,-5.078791,-6.816176,-7.395626,20770.326,7.519901,3.56553,4.128045,4.613474,-4.608537,-6.311872,-6.949628,4885.906,4.164245,1.043163,1.549046,2.310014,-1.125319,-1.64011,-2.017882,5441.023,4.224317,1.200428,1.761743,2.037011,-1.298482,-1.986344,-2.406744,27779.695,8.925558,5.328344,6.242563,6.836541,-6.917687,-10.187772,-10.970249,27161.078,8.693577,5.331689,6.312674,6.794301,-6.901395,-10.45202,-11.207056,336098.6,7.68341,69.349686,88.03018,98.81928,-57.692642,-73.68997,-161.95068,347874.84,7.761115,69.56057,87.69829,96.8861,-58.61407,-75.2486,-173.52724,24596.207,7.903397,4.369917,5.040669,5.604398,-5.49943,-7.537759,-8.126486,18889.855,7.920067,3.221489,3.729666,4.170624,-4.226434,-5.65898,-6.457724,5672.4043,3.979239,1.275697,1.978167,2.363302,-1.338367,-2.104167,-2.546453,5883.9136,3.910183,1.323561,2.029213,2.375249,-1.324177,-1.939606,-2.383869,31671.438,9.343611,6.248161,7.380985,8.071888,-8.245608,-12.761097,-13.490877,27342.102,8.871211,5.28815,6.273416,6.736344,-6.906663,-10.447608,-11.272339
4.0,300.0,512351.2,10.880568,107.72293,136.24478,155.75269,-95.013855,-132.85275,-336.40363,401750.0,7.844811,89.2026,118.55027,132.336,-69.2367,-95.08393,-228.94873,27702.355,9.023985,5.095516,5.842822,6.40242,-6.479317,-9.64238,-13.721165,24766.719,8.536932,4.547153,5.284476,5.89878,-5.864924,-8.471544,-12.188128,5589.676,4.620026,1.243776,1.837181,2.297445,-1.367242,-1.988821,-2.527506,6232.735,4.751175,1.410488,2.123239,2.539229,-1.579849,-2.414374,-2.857699,33244.508,10.065859,6.932961,8.315719,9.674896,-8.861778,-13.102861,-14.196364,32416.605,9.930167,6.841303,8.236556,8.978791,-8.828793,-13.524271,-14.362292,369197.44,8.105352,81.66368,106.29971,122.12937,-63.64279,-84.80832,-202.62997,383697.56,8.309941,81.74785,105.226135,120.15267,-64.99315,-84.03603,-239.10643,29389.879,9.018015,5.571853,6.463684,6.873959,-7.003468,-10.202482,-18.989994,22788.398,8.933554,4.174034,4.86947,6.017386,-5.408813,-8.129048,-12.137868,6485.4385,4.452582,1.500987,2.387151,2.851897,-1.622085,-2.544646,-2.952193,6661.2583,4.296191,1.55505,2.38836,2.967055,-1.591531,-2.321514,-2.829839,38011.527,10.784817,8.068808,9.724874,10.915232,-10.611335,-16.609667,-17.568474,32785.57,10.006285,6.876657,8.328401,8.797495,-8.881457,-13.532414,-14.887587
4.0,350.0,518445.3,10.713649,124.95399,161.55908,182.44609,-98.0045,-144.1509,-380.5985,405444.8,7.746509,101.03441,136.61707,147.79716,-70.781586,-97.1913,-232.16814,28085.695,9.160062,6.182391,7.181074,7.847288,-6.702912,-9.891026,-20.812117,25401.36,8.632992,5.555061,6.428604,6.969302,-6.106707,-8.750372,-12.01671,5688.687,4.781012,1.405389,2.131166,2.574679,-1.423303,-2.117197,-2.453359,6385.2373,4.895268,1.612439,2.457124,2.798109,-1.632559,-2.466632,-2.917819,33459.46,10.113141,8.482468,10.199002,10.78074,-9.125031,-13.74512,-14.729061,32882.094,9.932926,8.442552,10.135133,10.892683,-9.064683,-13.723362,-14.624976,372759.4,7.994328,93.08751,122.595825,137.38829,-65.12093,-86.74657,-197.94626,388609.75,8.176051,93.771576,123.38056,145.32611,-66.830315,-88.49512,-218.74089,30167.303,9.126653,6.801049,7.906694,8.397835,-7.297671,-10.558651,-14.939831,23126.521,9.038433,5.061272,5.895595,6.425181,-5.611728,-8.341986,-11.501737,6655.775,4.579966,1.713362,2.769278,3.343229,-1.671808,-2.599187,-3.063951,6736.208,4.437561,1.755064,2.816726,3.248499,-1.651485,-2.48459,-2.837033,38702.402,10.787077,10.093674,12.218082,13.19277,-10.876754,-16.995966,-18.045624,33037.96,10.036482,8.416946,10.357282,11.532567,-9.162603,-14.19759,-15.045443
4.0,400.0,588861.94,12.327433,131.71436,173.9695,203.05962,-112.14148,-148.81291,-586.5446,454728.16,8.69982,106.98263,148.17969,160.63808,-78.24941,-104.74826,-319.06033,34369.836,11.501515,6.590358,7.740866,8.36701,-8.500724,-11.864378,-12.816984,31167.055,10.827081,5.910448,6.95662,7.473824,-7.697075,-10.866873,-11.727875,6633.4,5.613834,1.483193,2.297578,2.660038,-1.692411,-2.561185,-3.11084,7476.0747,5.780495,1.695748,2.643117,3.051357,-1.936133,-2.972878,-3.47011,41301.66,12.811371,9.137897,11.164692,11.682416,-11.564596,-17.983059,-20.294449,40633.04,12.59655,8.96292,11.200704,11.86386,-11.447324,-18.259321,-19.286276,416799.44,8.946345,97.87053,133.35478,149.89027,-71.75261,-96.34047,-233.8989,437977.56,9.238176,98.97054,132.66896,146.2478,-74.987366,-101.307655,-248.99176,37100.35,11.497428,7.235241,8.565935,9.280942,-9.214166,-13.004031,-13.973369,28448.33,11.321762,5.406009,6.35076,6.884952,-7.167755,-9.931272,-10.882322,7780.8306,5.371699,1.807532,2.989219,3.451861,-1.983513,-3.117435,-3.579633,7791.036,5.171064,1.846438,3.007819,3.566046,-1.956096,-2.979065,-3.450427,48428.41,13.822905,10.756515,13.48089,14.259069,-14.014641,-22.487432,-24.714663,40903.867,12.681758,9.049423,11.26511,12.031564,-11.655861,-18.548244,-19.949402
4.0,450.0,639826.7,12.858883,150.72916,200.23224,233.26184,-120.80075,-175.08484,-650.72107,482653.75,8.866077,120.27064,168.37491,189.14284,-82.682274,-115.35076,-337.25345,39152.02,13.00156,8.42267,9.982194,10.624924,-9.853711,-13.840544,-15.061755,35527.76,12.172168,7.600085,9.007253,9.507327,-8.925992,-12.631173,-13.686859,7295.882,6.093469,1.704582,2.711145,3.072439,-1.88453,-2.85224,-3.278826,8223.88,6.272608,1.943139,3.081469,3.509617,-2.16677,-3.345094,-3.689095,47098.07,14.389427,11.633812,14.596372,15.30701,-13.380316,-20.815825,-22.705118,46326.96,14.113601,11.584898,14.660719,15.35827,-13.240051,-20.928837,-22.541943,442291.03,9.094688,110.022415,151.36433,168.08768,-75.953735,-97.42642,-266.8421,467509.06,9.44463,111.9246,151.61424,171.11168,-79.81224,-106.52415,-327.0892,42341.258,12.930957,9.28767,11.152055,11.846316,-10.71205,-15.164643,-16.554306,32564.846,12.735154,6.898952,8.205752,9.539949,-8.3185,-11.61846,-12.306489,8536.495,5.787765,2.062685,3.506977,3.873191,-2.213717,-3.516538,-4.32446,8535.98,5.615126,2.098319,3.539415,3.899692,-2.180332,-3.352529,-3.867311,55610.367,15.493556,14.02755,17.701157,18.589233,-16.302464,-26.237406,-27.996284,46833.242,14.19227,11.606893,14.632845,15.400176,-13.570937,-21.772243,-23.626236
4.0,500.0,668677.06,13.269943,164.25792,220.72989,250.70306,-127.40747,-184.57175,-570.36383,502202.8,9.099678,128.8427,183.81004,202.37727,-86.62074,-113.10267,-461.22797,43554.207,14.508199,9.792117,11.684459,12.322953,-11.135013,-15.596024,-26.717705,39310.723,13.398119,8.853903,10.52095,11.162646,-10.089106,-14.355125,-26.34432,7906.778,6.62327,1.866283,2.975851,3.312601,-2.077654,-3.343319,-7.462088,8891.796,6.78211,2.117814,3.333698,3.748487,-2.389032,-3.99088,-5.363085,52168.56,15.932992,13.56252,17.333466,18.069536,-15.041146,-23.664669,-50.527824,51311.895,15.554123,13.534083,17.224684,18.535357,-14.902768,-23.85195,-51.306984,462577.5,9.371297,117.95923,164.12627,182.94453,-79.61169,-103.671,-319.96994,488749.53,9.686716,121.34452,165.97583,188.61263,-83.73228,-116.30226,-374.8937,46782.867,14.189179,10.812727,12.977653,13.652743,-12.106326,-17.19458,-31.420454,36312.35,14.169962,8.057135,9.580368,10.315119,-9.410145,-13.114496,-21.510113,9209.347,6.230645,2.245681,3.758298,4.206772,-2.441344,-4.388216,-9.610221,9206.802,6.105376,2.270776,3.855585,4.326337,-2.410233,-4.10032,-5.579722,61664.883,16.972763,16.444956,21.277641,22.149233,-18.37632,-31.016184,-70.999466,51907.65,15.615508,13.53988,17.51708,18.331848,-15.286924,-25.686869,-59.336025
4.0,500.0,665953.2,13.195676,163.3157,221.55849,263.32382,-126.99834,-180.60039,-637.56824,501383.53,8.981006,128.91682,184.54065,201.00052,-86.51306,-118.93913,-383.16464,43576.21,14.541312,9.81984,11.692175,12.293659,-11.342819,-15.964851,-17.322899,39440.797,13.527117,8.843693,10.54614,11.04819,-10.269489,-14.535324,-15.393239,7883.5903,6.719337,1.830514,2.913705,3.37589,-2.092803,-3.164598,-3.825654,8885.282,6.925147,2.076864,3.270599,4.683812,-2.407404,-3.701996,-4.119034,52236.297,16.001968,13.631675,17.348598,18.127626,-15.174996,-23.916258,-25.308,51476.02,15.742257,13.514083,17.239157,19.600159,-15.047417,-23.83633,-25.634813,462742.88,9.263171,118.011604,164.78793,180.14693,-79.50934,-109.009995,-361.84943,485851.34,9.573847,121.331055,165.30984,183.48251,-83.482925,-113.448074,-384.61044,46887.4,14.32165,10.783696,12.965306,13.608366,-12.308928,-17.459135,-18.678633,36422.254,14.171834,8.09128,9.667452,10.300061,-9.604524,-13.414762,-14.639421,9216.651,6.379337,2.207499,3.707706,4.089127,-2.469673,-3.903444,-4.365329,9186.686,6.231146,2.215773,3.719422,4.398186,-2.441531,-3.698984,-4.271436,61780.934,17.099157,16.40747,21.184084,22.04877,-18.508818,-30.066536,-33.025745,51972.57,15.642412,13.556047,17.46957,18.408537,-15.381628,-24.90169,-26.772983
4.0,450.0,629605.94,13.22354,148.59198,206.80347,345.86908,-119.328575,-172.06221,-582.6067,478224.2,8.989328,119.24509,166.32814,185.73491,-82.45895,-112.45985,-356.72177,39570.906,13.804278,8.360235,9.92487,16.06008,-10.028037,-14.137862,-15.276753,35908.04,12.902103,7.538549,8.94375,14.758885,-9.085547,-12.816667,-13.676195,7284.3535,6.456621,1.638474,2.519576,2.899049,-1.903013,-2.872352,-3.351427,8192.146,6.665268,1.856239,2.855716,3.20046,-2.165328,-3.325393,-3.782603,47623.7,15.333108,11.605644,14.9581,25.484457,-13.678581,-21.207384,-22.679972,46746.406,15.038542,11.494193,15.149138,25.538757,-13.427475,-21.028292,-22.242617,441651.12,9.302201,108.81122,155.76071,252.5945,-75.737976,-102.47124,-357.27536,464402.03,9.618093,111.36484,158.98242,169.47246,-79.1752,-111.74824,-347.51093,42558.156,13.637667,9.187903,10.981592,18.178816,-10.848922,-15.244719,-16.537493,33044.41,13.392547,6.931499,8.299375,13.583282,-8.488433,-12.157087,-12.595029,8529.506,6.174109,1.975764,3.188792,3.618175,-2.221816,-3.530988,-3.84972,8536.786,6.072207,1.979701,3.239003,3.766703,-2.221008,-3.390041,-3.810916,56094.453,16.325033,13.94999,18.67074,31.310232,-16.36135,-26.773924,-29.014166,47301.723,14.94612,11.612763,15.589714,26.06224,-13.662931,-22.19687,-23.879034
4.0,400.0,614534.06,18.713291,100.43962,125.918015,143.5662,-112.20948,-152.2015,-485.99414,473302.34,12.821728,83.95719,111.46068,120.76116,-78.19387,-105.28789,-299.94946,36132.55,16.435862,5.120014,5.626468,6.467619,-8.7171,-13.055462,-22.094412,32927.66,15.303784,4.619209,5.036712,5.622356,-7.918244,-11.747221,-20.122257,6814.573,6.654611,1.089907,1.776654,2.125919,-1.68842,-2.528894,-3.587969,7669.748,6.848627,1.22035,2.040048,2.346855,-1.931503,-2.911953,-4.283181,43496.9,18.833838,6.672541,7.271893,8.118,-11.903086,-18.376049,-19.714523,42935.754,18.41456,6.687991,7.369853,8.046002,-11.808131,-18.220596,-19.251995,437133.9,13.444491,77.2463,100.13676,108.409164,-72.3234,-91.000786,-269.93646,456412.5,13.549212,77.59265,100.90242,110.99403,-74.587685,-97.2047,-275.90518,38944.99,16.240088,5.613535,6.070606,6.739674,-9.446174,-14.090728,-23.47362,30103.154,16.035717,4.182644,4.530978,5.127571,-7.358874,-11.05277,-18.711327,8025.4907,6.436678,1.34328,2.265586,2.668933,-1.997843,-3.083166,-4.906394,8058.8433,6.280598,1.380624,2.335674,2.70772,-1.980196,-3.043937,-4.607781,51175.523,20.061348,8.075991,8.927355,9.607064,-14.458492,-22.768826,-28.59918,43158.438,18.483355,6.593853,7.167359,7.936037,-12.030318,-19.033861,-24.131043
4.0,350.0,593159.0,25.289719,72.20873,84.82876,134.3019,-105.83283,-149.0371,-426.92987,458801.7,17.45404,54.361332,66.6582,71.539154,-74.10726,-94.78741,-317.8309,33079.336,17.315454,4.130747,4.541648,5.127195,-7.684298,-11.286824,-16.443628,30153.66,15.9418,3.743595,4.066389,4.578751,-6.953077,-10.083691,-14.802948,6456.08,6.490864,0.764175,1.236328,1.501279,-1.542325,-2.317459,-4.781902,7231.1836,6.608418,0.858662,1.384267,3.289214,-1.739829,-2.636409,-5.608366,39705.91,20.741804,5.274991,5.812094,6.227827,-10.482684,-16.29254,-21.982708,39163.42,19.95194,5.324902,5.781825,7.204973,-10.307833,-15.934347,-22.119972,425008.2,18.5735,50.73119,60.46875,64.07476,-68.5138,-87.5031,-242.05275,438070.5,18.086733,51.2512,61.078472,65.08444,-70.226166,-89.6235,-233.00475,35622.15,17.066708,4.524377,4.99446,5.422943,-8.274871,-12.142822,-17.561935,27331.303,17.166534,3.333481,3.845509,4.383611,-6.428452,-9.423343,-14.162978,7577.9644,6.266141,0.963587,1.57093,2.00603,-1.794202,-2.773639,-6.364624,7692.946,6.185034,0.999814,1.659375,2.093996,-1.812652,-2.81924,-6.482737,46391.062,21.91466,6.390006,6.95044,7.760026,-12.55333,-19.7355,-37.98967,39222.875,20.710678,5.162691,5.637121,6.273359,-10.508671,-16.563873,-32.503304
4.0,300.0,516617.97,11.164511,107.2082,134.70097,158.19806,-95.610565,-137.74338,-341.844,402875.62,7.998201,87.50207,115.3135,128.08974,-68.76175,-91.55572,-243.83896,28926.092,10.173513,5.093875,5.7436,6.202353,-6.776613,-10.454999,-14.586987,26460.076,9.564992,4.631649,5.217707,5.648874,-6.166005,-9.427052,-13.041045,5747.728,4.97894,1.20047,1.791795,2.061785,-1.40657,-2.114218,-3.036804,6488.9,5.108037,1.358913,2.019633,2.667552,-1.618392,-2.400264,-2.8129,34841.613,11.329278,6.981637,8.180545,8.751076,-9.294368,-13.973112,-14.937589,34642.234,11.191743,6.959169,8.101017,8.627268,-9.252424,-13.891705,-14.765414,371249.4,8.262005,80.54569,103.38159,115.48336,-63.596867,-80.13336,-204.26987,386110.5,8.374623,80.963776,103.550804,116.15711,-65.21085,-85.8663,-241.47676,31138.912,10.015537,5.639066,6.373887,7.061979,-7.315633,-11.262311,-15.389143,23888.137,9.909779,4.224833,4.789063,5.146708,-5.673594,-8.771311,-12.187364,6773.2007,4.790156,1.452223,2.265708,2.739652,-1.657703,-2.542375,-3.054314,6838.181,4.707255,1.484452,2.305956,2.757803,-1.653934,-2.514881,-3.888473,40844.24,11.935147,8.259784,9.65941,10.634844,-11.189197,-17.261293,-18.478638,34342.83,11.013922,6.917087,8.117502,8.564866,-9.318098,-14.45753,-15.395697
4.0,250.0,453024.97,9.715502,93.22486,116.90163,135.5253,-84.53684,-112.59528,-259.42996,362761.25,7.116744,77.47564,100.3575,113.559814,-62.737503,-85.42461,-177.62428,24428.889,8.510101,4.263649,4.812685,5.168844,-5.471626,-7.298767,-8.238085,22382.111,8.04837,3.888101,4.437374,4.90926,-4.973138,-6.829181,-7.470761,5038.2993,4.405162,1.081082,1.579023,1.942075,-1.170659,-1.842708,-2.695328,5660.226,4.498069,1.219593,1.771761,2.144674,-1.343482,-2.031966,-2.684777,29555.426,9.430032,5.838281,6.853835,7.414744,-7.428882,-11.115938,-11.909011,29191.52,9.293895,5.822058,6.902244,7.484883,-7.410315,-11.427955,-12.269351,333878.7,7.327735,70.89063,90.114845,102.37173,-58.142254,-78.763535,-173.10829,346973.97,7.458788,71.895966,90.98377,101.354996,-59.170357,-79.95763,-182.80869,26280.9,8.407327,4.724588,5.397863,5.921631,-5.907155,-8.052581,-8.709103,20171.188,8.26616,3.561675,4.085298,4.447278,-4.606085,-6.115426,-6.809493,5918.676,4.22912,1.303499,1.974947,2.417976,-1.392843,-2.167775,-2.612211,6024.1704,4.177841,1.341001,2.120064,2.749664,-1.375842,-2.09539,-2.531039,34280.77,9.858765,6.849473,8.066083,8.558114,-8.905128,-13.792748,-14.700722,29127.14,9.167538,5.796609,6.874353,7.933213,-7.415056,-11.487817,-12.258413
4.0,200.0,397373.0,8.719445,76.24766,93.892204,107.916084,-72.49932,-93.388336,-200.57085,324252.12,6.534565,64.42595,80.80128,90.84669,-55.055172,-71.71616,-152.28603,20608.107,7.36903,3.217696,3.672709,4.061424,-4.268875,-5.784189,-6.409907,19053.06,6.997347,2.97508,3.42938,3.814191,-3.95572,-5.391961,-5.847453,4419.033,3.970255,0.893842,1.283586,1.727989,-0.973386,-1.455093,-1.855823,4980.701,4.045402,1.011037,1.447777,1.731931,-1.121153,-1.678622,-2.287106,24964.178,8.145872,4.423021,5.149875,5.785192,-5.913229,-8.81028,-9.535109,24795.096,8.018063,4.402603,5.140334,5.66198,-5.918864,-8.785718,-9.702046,298458.84,6.72808,58.788185,72.7612,81.48447,-51.018505,-63.833763,-165.95438,308977.7,6.787622,59.911938,74.43852,84.37626,-51.792934,-65.13559,-146.09656,22305.186,7.27355,3.605148,4.146709,4.532871,-4.67568,-6.311274,-6.945734,16971.873,7.156634,2.717768,3.136285,3.480323,-3.586484,-4.858103,-5.510385,5231.741,3.822004,1.091866,1.607676,2.001348,-1.168621,-1.77975,-2.54547,5318.214,3.784102,1.120901,1.655928,2.029565,-1.151935,-1.733773,-2.188575,28921.945,8.457045,5.133496,5.954273,6.432539,-7.061415,-10.70498,-11.514773,24559.908,7.910037,4.410796,5.16621,5.659022,-5.90351,-8.94438,-9.699230
4.0,175.0,356865.1,7.94579,67.2558,81.37461,92.729485,-64.99067,-85.83336,-182.34514,296639.06,6.058615,57.67382,71.015625,80.33241,-50.491817,-66.69998,-140.67493,18210.756,6.483199,2.837162,3.22618,3.601028,-3.741512,-5.052073,-5.543037,16883.572,6.184998,2.627903,3.002364,3.355954,-3.438098,-4.692826,-5.515793,4047.2212,3.647835,0.80664,1.133279,1.399697,-0.903188,-1.35404,-1.830226,4571.3037,3.713931,0.911367,1.282626,1.616491,-1.02614,-1.545497,-1.874998,22083.615,7.152088,3.902323,4.482364,5.113979,-5.170976,-7.638716,-8.540786,22033.725,7.067856,3.884916,4.462658,4.934691,-5.117895,-7.595989,-8.435389,272290.97,6.219566,52.503468,64.31278,71.86419,-46.57219,-64.09824,-146.3946,281575.7,6.273049,53.417427,65.35024,76.87299,-46.92686,-62.674004,-131.47804,19755.54,6.422839,3.179034,3.640408,4.331991,-4.053219,-5.492825,-6.034933,14981.812,6.302576,2.399044,2.781292,3.248083,-3.144845,-4.24802,-4.856769,4816.5376,3.517516,0.985232,1.427705,2.158684,-1.064122,-1.642719,-2.156177,4901.3516,3.479385,1.015112,1.474496,1.950982,-1.077954,-1.651325,-2.153055,25547.303,7.420204,4.496092,5.156039,5.745628,-6.073964,-9.150847,-9.778779,21707.303,6.967521,3.88196,4.479161,5.451137,-5.146024,-7.769699,-8.329532
4.0,150.0,327639.94,7.553566,56.96452,67.75028,78.67851,-58.034573,-78.500206,-154.87178,275657.53,5.835385,49.471207,60.07917,70.721565,-45.902924,-59.64117,-116.430786,16468.74,6.087946,2.351025,2.653285,3.490874,-3.243912,-4.41625,-6.530429,15197.08,5.766622,2.196899,2.48385,3.305939,-3.010078,-4.054053,-5.825495,3729.8528,3.457575,0.705104,0.996575,1.385256,-0.801395,-1.262737,-1.695773,4202.283,3.50343,0.793735,1.147488,1.379473,-0.926297,-1.402663,-1.713393,19906.445,6.659168,3.190904,3.637625,4.169077,-4.471372,-6.456669,-7.299751,19814.479,6.562247,3.219894,3.645899,4.130405,-4.514052,-6.614612,-8.971045,253036.11,5.985591,44.91383,53.915054,62.43311,-42.436275,-53.831394,-110.6844,260936.44,6.00915,45.928623,55.09493,62.033497,-42.492847,-54.08439,-108.01756,17784.332,5.985227,2.658272,3.000058,3.538897,-3.552262,-4.851885,-7.038793,13529.136,5.910122,1.989339,2.26711,2.703898,-2.723423,-3.892979,-4.181468,4437.1733,3.322874,0.860564,1.241531,1.620445,-0.963447,-1.475867,-1.933665,4550.362,3.306464,0.89554,1.286562,2.258808,-0.959731,-1.434157,-2.109136,22858.197,6.849071,3.700894,4.192502,4.755776,-5.293167,-7.842582,-8.454824,19598.89,6.497108,3.184849,3.656593,4.177639,-4.451807,-6.589433,-7.196569
4.0,125.0,291458.12,6.756222,47.54382,55.842087,67.13549,-50.541775,-65.83231,-123.19248,248449.81,5.301252,41.734367,50.16976,59.641006,-40.7363,-51.59165,-97.14322,14471.678,5.383258,1.954011,2.16906,2.655346,-2.703756,-3.746322,-6.128596,13350.268,5.118699,1.805867,2.05049,2.573489,-2.503911,-3.498671,-5.717788,3373.8003,3.191427,0.593279,0.808239,1.259335,-0.694864,-1.014979,-1.439609,3777.0015,3.222983,0.67357,0.936549,1.450115,-0.790015,-1.147956,-1.612878,17494.898,5.877022,2.635888,2.940289,3.789947,-3.720479,-5.509915,-8.707893,17379.416,5.795289,2.615647,2.965378,3.569319,-3.721042,-5.533628,-8.779503,228414.3,5.444115,37.86733,44.84948,50.71401,-37.70962,-47.134502,-97.73335,234842.8,5.457279,38.68558,45.906635,53.654682,-37.684944,-48.280052,-91.60694,15618.593,5.304064,2.180122,2.468807,2.744718,-2.954903,-4.112108,-6.732754,11885.995,5.232092,1.654006,1.846002,2.271775,-2.27445,-3.129592,-5.046479,4000.813,3.068634,0.7315,1.03907,1.462816,-0.824198,-1.209733,-1.567021,4131.4893,3.052262,0.755199,1.065509,1.59557,-0.838767,-1.220067,-1.636194,19961.291,6.025236,2.988206,3.362546,3.958278,-4.341385,-6.260148,-6.881067,17202.133,5.726258,2.608983,2.940189,3.427155,-3.70963,-5.343993,-8.548492
4.0,100.0,255127.22,6.010141,37.627792,43.20013,51.15949,-43.174583,-55.933956,-105.31735,219376.69,4.782703,33.60888,39.389336,47.00894,-35.193882,-45.311756,-96.1662,12102.471,4.603476,1.498176,1.718047,2.228329,-2.108358,-2.706615,-3.426435,11286.798,4.419201,1.393385,1.603952,2.082927,-1.971923,-2.551802,-3.103134,2904.9229,2.849537,0.484496,0.656695,0.928565,-0.563671,-0.816207,-1.254077,3284.5325,2.892809,0.540829,0.720115,1.127655,-0.643477,-0.916973,-1.422996,14662.333,4.998786,2.002497,2.26458,2.642868,-2.894239,-3.978041,-4.681529,14672.553,4.951931,1.980272,2.283058,2.753081,-2.913107,-4.004053,-4.481863,201294.81,4.900583,30.391111,35.303066,41.634834,-32.590626,-41.976353,-66.04745,207935.75,4.926003,31.116718,36.25728,42.599895,-32.581604,-40.757378,-78.06719,13207.723,4.572393,1.680582,1.919734,2.417609,-2.32562,-3.069599,-3.858338,9920.675,4.480863,1.276015,1.4582,1.804616,-1.771199,-2.285628,-3.208596,3491.8274,2.764283,0.593283,0.802111,1.168428,-0.675352,-0.997511,-1.448851,3580.0195,2.740618,0.621424,0.845312,1.19216,-0.683993,-0.99549,-1.366605,16802.938,5.134906,2.246338,2.560339,3.049329,-3.374356,-4.6855,-5.252829,14438.119,4.895207,1.995038,2.293189,2.880767,-2.882204,-4.05436,-4.696747
4.0,75.0,210888.38,5.16696,27.348013,30.98046,38.388958,-33.624702,-42.69896,-117.9877,185553.9,4.215701,24.794682,28.621298,36.27398,-28.354895,-35.703114,-101.543015,10019.819,3.971796,1.065075,1.225467,1.681392,-1.632949,-2.335769,-6.622504,9333.406,3.830653,0.992046,1.170839,1.488821,-1.522115,-2.21465,-6.376421,2511.6477,2.59053,0.367697,0.499192,0.85711,-0.463716,-0.792501,-2.1429,2821.8171,2.620919,0.410476,0.551935,0.905376,-0.522684,-0.872478,-2.277488,12147.836,4.296871,1.405418,1.62676,2.08768,-2.246454,-3.754128,-3.572104,12180.052,4.281949,1.392114,1.63295,2.077557,-2.257389,-3.672811,-3.864547,170020.17,4.313902,22.372538,25.47804,31.292158,-26.161509,-32.603626,-95.25336,174818.1,4.324466,23.018147,26.584969,30.401232,-26.000168,-32.502045,-78.21295,10908.903,3.951832,1.195514,1.418402,1.978159,-1.79569,-2.561847,-3.030112,8227.553,3.879191,0.907168,1.042079,1.45698,-1.376794,-1.932704,-5.476326,3016.2515,2.520761,0.452546,0.639987,1.129819,-0.551435,-0.903096,-2.508503,3125.019,2.509314,0.473089,0.62415,1.112839,-0.567429,-0.953563,-2.502483,13841.788,4.410271,1.564083,1.824055,2.457571,-2.584846,-4.268756,-4.169543,11970.272,4.217195,1.403605,1.618124,2.092326,-2.238718,-3.763342,-3.604608
4.0,50.0,158115.64,4.109836,16.936153,19.111654,24.168196,-23.251316,-33.861916,-55.681858,142209.81,3.461668,15.666003,18.13836,23.733036,-20.215788,-29.615812,-75.49806,7224.6265,3.095114,0.648415,0.75804,1.804906,-1.047577,-1.564224,-4.159385,6689.604,2.978613,0.613455,0.725569,1.122629,-0.983141,-1.471675,-4.059957,1909.9558,2.18326,0.231546,0.314993,0.696042,-0.321552,-0.464004,-1.176603,2119.4778,2.186921,0.26345,0.335003,0.706643,-0.366336,-0.526713,-1.318417,8779.549,3.329987,0.855591,1.007502,1.472321,-1.430396,-2.162625,-3.378787,8740.87,3.287198,0.870266,1.015276,1.557734,-1.465409,-2.177272,-5.710757,129838.4,3.526788,14.098627,16.26564,19.735325,-18.518871,-26.472523,-38.50967,133446.14,3.525104,14.593267,16.651644,20.74603,-18.438646,-24.953112,-71.83991,7833.3423,3.063637,0.736347,0.858565,1.33368,-1.160223,-1.740457,-2.561368,5943.47,3.040334,0.554761,0.656809,1.133526,-0.886221,-1.323282,-2.05268,2284.1038,2.123568,0.291129,0.384463,0.863209,-0.389644,-0.546121,-1.027586,2401.392,2.134386,0.30025,0.408886,0.88828,-0.399185,-0.558484,-1.567092,9867.781,3.361706,0.965492,1.111007,1.800414,-1.651175,-2.352511,-3.827991,8651.918,3.27724,0.857648,1.006511,1.603507,-1.427779,-2.050115,-3.369121
4.0,25.0,94146.484,2.880282,7.633715,8.843559,12.48455,-11.566832,-14.398821,-30.92864,86410.66,2.514005,7.333379,8.520438,13.296613,-10.378144,-13.065255,-23.690514,4097.815,2.204541,0.295276,0.392313,0.939629,-0.464156,-0.608166,-1.132425,3845.5469,2.160706,0.276059,0.457028,0.94281,-0.434824,-0.582764,-1.079377,1171.7954,1.729224,0.11456,0.175613,0.565393,-0.157335,-0.238892,-0.640106,1315.0546,1.745864,0.141383,0.18396,0.522542,-0.185823,-0.318996,-2.870576,4996.902,2.342441,0.390194,0.470151,1.001271,-0.627502,-0.827148,-2.185308,5014.0547,2.339648,0.385905,0.64232,2.166523,-0.654644,-0.994689,-1.514495,78452.0,2.546112,6.609592,7.573766,10.260721,-9.463314,-11.841999,-24.61087,81356.53,2.565739,6.775754,7.866159,11.016029,-9.493747,-11.666904,-24.00837,4524.156,2.217139,0.332172,0.439074,1.115871,-0.513324,-0.678945,-1.783943,3376.865,2.173528,0.25466,0.467192,0.813771,-0.395305,-0.514031,-0.981095,1434.103,1.715123,0.143349,0.217921,0.602619,-0.201671,-0.305099,-0.757994,1497.3606,1.708533,0.152171,0.260167,0.622803,-0.199099,-0.34699,-2.014479,5640.8325,2.380442,0.424129,0.526002,1.410373,-0.727734,-0.987864,-1.632933,4968.295,2.324375,0.38944,0.532896,1.097633,-0.628065,-0.848647,-1.529977
4.0,25.0,94700.836,2.9397,7.562246,8.600525,11.949243,-11.434288,-14.818648,-31.378353,87194.54,2.574602,7.235255,8.353941,12.895569,-10.302362,-13.306401,-25.776869,4124.774,2.220528,0.290399,0.366243,0.927616,-0.500835,-0.795973,-1.753602,3855.2559,2.167904,0.273278,0.53683,1.113983,-0.472449,-0.754886,-1.401433,1180.818,1.730351,0.113942,0.17433,0.634404,-0.165976,-0.271668,-0.856469,1304.742,1.732147,0.13409,0.190774,0.588238,-0.185066,-0.299893,-0.804506,5036.1777,2.361723,0.378302,0.470461,0.947611,-0.646211,-0.9655,-2.312244,5011.6987,2.341662,0.381226,0.504441,0.811027,-0.654706,-0.983198,-2.154135,79079.664,2.606122,6.500518,7.437052,10.768971,-9.405412,-11.715947,-21.842348,81849.375,2.617459,6.703366,7.695361,11.323808,-9.400049,-11.809843,-20.869839,4530.3477,2.221017,0.329165,0.406235,0.927149,-0.538451,-0.689706,-1.667537,3393.3271,2.191402,0.249054,0.316808,0.768309,-0.411611,-0.53983,-1.182398,1425.4254,1.704851,0.146291,0.232114,0.722858,-0.200793,-0.377508,-0.896447,1511.4084,1.71228,0.147625,0.223263,1.114503,-0.207073,-0.325953,-0.757031,5625.507,2.379634,0.420819,0.531308,0.986977,-0.724701,-1.087188,-4.57801,4995.49,2.34361,0.379425,0.484149,0.952088,-0.643667,-0.957852,-2.062443
4.0,50.0,168636.2,4.800125,14.212738,15.999263,21.150347,-23.865526,-30.105743,-66.913414,151166.42,4.110549,13.231406,15.200416,20.346846,-20.385416,-26.133951,-55.424488,6971.174,3.447588,0.479068,0.635058,1.183915,-0.953525,-1.28375,-3.143545,6267.764,3.253273,0.451835,0.550171,1.092256,-0.869413,-1.22555,-3.203105,1901.346,2.245161,0.188167,0.285578,0.755606,-0.303965,-0.480914,-1.392367,2053.022,2.21341,0.21399,0.314877,0.647513,-0.340751,-0.574587,-1.662272,8225.399,3.746195,0.604535,0.825406,1.266774,-1.268193,-1.857224,-5.15784,8038.0757,3.623629,0.617892,0.761569,1.211246,-1.267356,-1.957099,-5.833198,137876.31,4.265455,11.923273,13.581767,16.922297,-18.732468,-23.291498,-52.4965,138234.73,4.090419,12.225057,13.874097,18.381636,-18.251675,-23.035637,-42.22134,7400.5347,3.357071,0.553031,0.655508,1.106189,-1.040469,-1.444293,-3.771128,5632.779,3.432808,0.396143,0.475669,0.843569,-0.788655,-1.067,-2.671019,2199.6091,2.152059,0.239729,0.335152,0.739677,-0.362925,-0.626661,-0.98725,2442.4297,2.227395,0.252481,0.410621,0.831611,-0.383207,-0.612994,-1.752613,8992.609,3.715906,0.690234,0.830729,1.295096,-1.427295,-2.288576,-2.39295,8149.01,3.767235,0.60446,0.737633,1.088395,-1.255681,-1.923325,-2.035882
4.0,75.0,223496.02,5.737084,25.331337,28.504978,34.098732,-35.04938,-44.708366,-112.300995,192797.3,4.638403,23.126001,26.854939,31.477448,-28.922976,-37.468838,-102.49384,9653.562,4.069438,0.916978,1.053257,1.666315,-1.54187,-2.213317,-5.820908,8825.631,3.969169,0.829692,0.968344,1.363912,-1.425243,-2.056461,-6.021624,2473.779,2.55216,0.325718,0.459523,0.943364,-0.452181,-0.727848,-2.010471,2767.0276,2.612465,0.361458,0.505896,0.97568,-0.520726,-0.856391,-1.157404,11499.632,4.447495,1.155101,1.362906,1.677785,-2.071202,-3.239022,-9.250696,11442.415,4.467553,1.153322,1.332228,1.692481,-2.11013,-3.3793,-9.626811,176811.53,4.821391,20.976507,24.355068,27.550777,-26.700283,-33.232506,-80.91276,179143.7,4.769217,21.082045,24.288902,28.606636,-26.137255,-32.852734,-64.22151,10414.801,4.112001,1.011244,1.183339,1.734946,-1.698975,-2.449013,-6.912165,7766.7373,4.01234,0.753988,0.913492,1.474851,-1.267195,-1.825082,-4.847963,2943.0996,2.526494,0.397301,0.575872,1.033234,-0.549775,-0.894609,-1.189148,3100.4065,2.480101,0.424578,0.569122,0.982464,-0.555698,-0.888536,-2.399542,12906.066,4.632706,1.286109,1.469983,1.88877,-2.414914,-3.982325,-10.974181,11305.671,4.406767,1.156451,1.359182,1.735931,-2.067765,-3.401396,-3.302519
4.0,100.0,268678.56,6.349031,36.979805,42.291916,51.533665,-44.67396,-60.611904,-112.81763,227955.0,5.059245,32.911922,38.739555,44.217957,-36.137978,-50.137478,-114.82746,12127.145,4.667693,1.404429,1.612235,2.064358,-2.103168,-2.972058,-3.382093,11030.139,4.505566,1.288742,1.495672,1.944829,-1.943314,-2.692063,-3.118407,2945.3735,2.807248,0.4703,0.709142,1.02931,-0.571473,-0.825516,-1.229579,3288.0908,2.86468,0.529971,0.730381,1.23756,-0.660189,-0.9442,-1.725466,14447.707,5.077608,1.816229,2.069427,2.603335,-2.843303,-3.889857,-4.518384,14321.448,5.047087,1.823284,2.115886,2.804545,-2.915583,-4.089658,-4.833377,209217.7,5.252699,29.939835,34.644684,40.708122,-33.336246,-44.552143,-95.85337,212188.94,5.200585,29.977564,34.7351,40.347717,-32.849915,-43.807262,-96.76152,13002.257,4.670583,1.571185,1.835818,2.22134,-2.313599,-3.217419,-6.228737,9790.402,4.601544,1.161886,1.330201,2.145062,-1.735939,-2.495373,-2.856893,3472.2078,2.749413,0.57822,0.813346,1.187813,-0.683887,-1.071224,-1.522186,3645.7068,2.702541,0.601815,0.851713,1.422157,-0.689584,-1.025096,-1.427048,16276.434,5.263515,2.068108,2.373764,3.092081,-3.347583,-4.720188,-5.390036,14234.757,5.038574,1.827781,2.083296,2.457517,-2.839941,-4.064903,-4.499800
4.0,125.0,309896.1,6.957621,48.97852,57.051758,66.979996,-53.49739,-71.439644,-152.9189,259418.83,5.479534,42.65012,50.609596,58.336178,-42.336468,-53.837154,-116.524,14873.392,5.348418,1.955188,2.220151,2.720599,-2.796179,-3.665369,-4.838253,13428.119,5.090695,1.794166,2.079058,2.512162,-2.550034,-3.368035,-3.83274,3469.0435,3.10127,0.616248,0.850564,1.219631,-0.714514,-1.018696,-1.363696,3845.6409,3.148957,0.695021,0.954375,1.45076,-0.817385,-1.199497,-1.564362,17876.143,5.851108,2.585818,2.95531,3.419184,-3.797421,-5.373099,-6.126841,17561.496,5.757453,2.586876,2.987143,3.503562,-3.824274,-5.408671,-6.004931,238487.02,5.682808,38.908943,45.72596,53.659466,-39.083717,-48.647278,-105.70148,242827.8,5.635153,38.991833,46.18957,54.024853,-38.69342,-48.392235,-100.0193,15777.54,5.285502,2.18539,2.509709,3.055171,-3.027068,-3.991723,-4.511264,12016.391,5.252206,1.615171,1.857873,2.514377,-2.301422,-3.00866,-3.775157,4035.3494,2.994955,0.749662,1.066442,1.555028,-0.846615,-1.261037,-1.650822,4251.418,2.962928,0.785645,1.099124,1.565121,-0.85052,-1.21171,-2.54379,20067.305,6.028965,2.969622,3.418997,4.244966,-4.434054,-6.371987,-7.116067,17524.832,5.782236,2.577027,2.96697,3.447752,-3.767855,-5.35702,-5.899969
4.0,150.0,347844.47,7.547605,59.7207,70.93127,84.495674,-62.170532,-90.312904,-243.75972,286207.44,5.839288,51.424816,63.739326,71.729095,-47.96587,-70.57791,-186.17384,17267.496,6.04404,2.509763,2.870336,3.358236,-3.460732,-4.838372,-8.252933,15709.221,5.761413,2.308244,2.670079,3.151695,-3.205569,-4.627567,-8.249825,3895.0608,3.382882,0.751879,1.052601,1.444112,-0.827073,-1.285611,-1.614514,4362.238,3.450323,0.848657,1.195614,1.66038,-0.963624,-1.415933,-2.305139,20844.959,6.620439,3.361223,3.916983,4.138383,-4.655352,-7.116945,-11.79709,20678.166,6.560322,3.386143,3.989975,5.279982,-4.750096,-7.392693,-12.287854,263651.75,6.058836,46.979378,56.79475,65.81238,-44.35093,-65.92634,-193.15936,269652.0,6.036768,47.127766,56.988056,66.2032,-44.22972,-65.57012,-168.71248,18436.88,5.984704,2.81014,3.237654,3.64126,-3.799475,-5.469083,-9.216007,13987.446,5.915183,2.070632,2.416553,2.949994,-2.850496,-3.986935,-6.73073,4568.2124,3.267346,0.909911,1.298555,1.65159,-0.999039,-1.614352,-2.139021,4738.68,3.204801,0.952455,1.345196,1.785043,-0.984603,-1.420632,-1.886155,23759.543,6.900886,3.90887,4.598574,5.405521,-5.557776,-8.324185,-14.02535,20408.967,6.507878,3.361246,3.91782,4.637432,-4.625534,-6.926851,-11.035417
4.0,175.0,379535.75,8.060568,69.59938,84.28829,99.72728,-67.957146,-89.29065,-204.72519,309024.12,6.150304,59.266872,73.670944,88.24812,-51.99029,-66.4608,-164.14435,19648.385,6.68097,3.097616,3.553271,4.143555,-3.990744,-5.322188,-5.998156,17777.836,6.31442,2.820258,3.257775,3.646603,-3.680782,-4.918039,-5.565795,4292.457,3.632737,0.889195,1.216234,2.146272,-0.932696,-1.356379,-1.731844,4785.237,3.681121,0.991662,1.397143,1.852559,-1.080396,-1.599155,-1.97278,23681.95,7.304506,4.192077,4.878274,5.480086,-5.479681,-7.917255,-8.615122,23421.506,7.194465,4.192744,4.907918,5.503153,-5.561418,-8.104113,-10.921034,284744.25,6.376213,54.266125,65.93425,73.24656,-48.269833,-62.03049,-134.50473,292018.47,6.371735,54.340904,66.58419,75.169235,-48.208576,-62.855892,-127.59482,20856.5,6.567837,3.433526,3.982981,4.576342,-4.362249,-5.79881,-6.810914,15963.23,6.528856,2.546089,2.945798,3.509559,-3.297952,-4.369045,-5.09882,4994.7334,3.464657,1.065529,1.648215,1.978106,-1.114507,-1.694706,-2.107447,5187.5503,3.41527,1.097829,1.567715,2.05067,-1.106669,-1.589393,-2.190035,27037.3,7.597344,4.863035,5.690755,6.336525,-6.522801,-9.69433,-10.512469,23217.898,7.177422,4.167435,4.869237,5.270733,-5.462399,-8.032011,-8.650391
4.0,200.0,408082.16,8.584148,78.98327,96.67808,112.7522,-74.16036,-96.40769,-223.64227,329530.62,6.473102,66.32987,83.82462,94.99972,-55.88928,-71.44233,-159.97392,21597.074,7.232174,3.61929,4.132291,4.624256,-4.51098,-6.027668,-6.723432,19614.594,6.84221,3.311627,3.833538,4.300201,-4.139897,-5.599526,-6.104144,4608.186,3.848285,0.985648,1.395775,1.755395,-1.022414,-1.465158,-1.86342,5159.5234,3.912199,1.120144,1.600296,2.041524,-1.173935,-1.797806,-2.234338,26115.584,7.936442,4.95277,5.791095,6.301002,-6.221977,-9.078003,-9.820698,25843.28,7.818237,4.971212,5.848869,6.49244,-6.231166,-9.164338,-13.096861,303197.62,6.702324,60.700024,75.39943,83.74985,-51.741226,-65.55935,-157.45264,312340.4,6.721349,61.139362,75.953835,86.596214,-52.119568,-66.30359,-143.94409,23024.686,7.125011,4.03428,4.667116,5.177682,-4.903924,-6.620674,-7.194775,17594.957,7.062183,2.975777,3.449402,3.850348,-3.754213,-4.97975,-6.400806,5391.115,3.680779,1.199226,1.753827,2.108255,-1.211157,-1.869852,-2.269723,5542.2837,3.603686,1.237583,1.808509,2.223224,-1.203421,-1.794329,-2.250164,29995.084,8.296011,5.800201,6.841924,7.563157,-7.39446,-11.522387,-12.108746,25619.494,7.790764,4.907429,5.809196,6.932684,-6.198648,-9.197392,-9.989355
4.0,250.0,455237.34,9.411593,96.55334,122.056755,142.35933,-84.11942,-115.0753,-323.29434,359582.66,6.926917,80.012375,103.79685,117.49342,-62.06982,-81.02362,-188.39188,25326.229,8.249507,4.786883,5.577531,5.86936,-5.600972,-8.448007,-13.940433,23141.93,7.808354,4.353356,5.297756,5.661796,-5.143459,-7.727568,-12.878681,5177.366,4.215801,1.213574,1.814681,2.225891,-1.212566,-1.811974,-2.271782,5825.753,4.297471,1.380847,2.032317,2.448889,-1.385899,-2.059736,-2.859821,30369.357,8.997977,6.583599,7.90373,8.612391,-7.702817,-11.879079,-19.002365,30173.82,8.882021,6.57868,7.99638,8.786718,-7.678644,-11.665252,-18.912441,332758.25,7.204839,73.31879,93.43321,105.030685,-57.283173,-72.62959,-170.45847,345089.7,7.267842,73.85252,93.96054,107.23094,-58.320335,-73.3991,-179.2564,27215.44,8.16854,5.300065,6.259225,6.622394,-6.099217,-9.190414,-15.325773,20618.938,8.030387,3.908306,4.563104,5.210906,-4.641529,-6.967532,-11.646887,6075.7393,4.024745,1.466749,2.255068,2.749197,-1.429774,-2.166187,-2.583563,6150.211,3.91185,1.516006,2.318554,2.705743,-1.416079,-2.104364,-2.656814,35315.9,9.496175,7.736256,9.38234,9.886284,-9.227796,-14.077459,-15.531886,29866.227,8.837946,6.514489,7.936199,8.420267,-7.712197,-11.732121,-12.480693
4.0,300.0,489635.9,10.172748,109.74947,140.29509,159.07878,-92.82548,-136.89941,-349.4229,385183.16,7.391456,90.09203,120.08026,133.71207,-67.567535,-98.136856,-256.24545,28903.85,9.291157,5.731176,6.700775,7.130167,-6.840407,-9.086736,-9.790404,26312.336,8.749079,5.22606,6.130529,6.626442,-6.234646,-8.367446,-9.094138,5724.9507,4.597522,1.386536,2.079455,2.535616,-1.377415,-2.049919,-2.539623,6423.333,4.685439,1.574096,2.40333,2.885584,-1.570708,-2.406824,-2.778552,34556.285,10.142355,7.880719,9.668927,10.456575,-9.094943,-13.550079,-14.742951,34050.566,9.92588,7.900827,9.687373,10.25549,-9.004127,-13.941892,-14.568107,355227.56,7.664551,82.53498,108.049,123.0077,-62.17611,-93.931206,-187.79941,369551.7,7.761749,83.19924,107.66529,118.89553,-63.469307,-96.542404,-224.30861,30991.475,9.184504,6.371107,7.493104,8.084579,-7.416301,-9.888456,-10.715177,23626.076,9.039299,4.674794,5.52861,6.027814,-5.687468,-7.542081,-8.199688,6683.714,4.372241,1.668764,2.679569,3.100489,-1.613871,-2.538063,-3.127035,6751.2812,4.252518,1.723222,2.707512,3.013691,-1.589338,-2.397668,-2.976653,39954.29,10.651401,9.349849,11.560445,12.209107,-10.782286,-16.894804,-18.295359,33950.75,9.927314,7.842436,9.792044,10.313165,-9.014952,-13.997506,-14.986261
4.0,350.0,551846.56,11.500671,123.272125,165.19115,393.56412,-103.76874,-140.89403,-473.34155,423699.6,8.085942,100.31541,136.46924,395.35788,-73.60614,-97.09906,-242.47397,33610.91,10.687401,6.749171,7.850363,17.146568,-8.0005,-12.469402,-11.813163,30676.19,10.085754,6.10255,7.283408,17.796503,-7.309069,-11.333421,-13.249826,6419.061,5.116051,1.547047,3.205337,7.899244,-1.599687,-2.389082,-2.791356,7235.97,5.245976,1.760642,3.657799,9.776856,-1.817792,-2.748896,-3.047068,40350.137,11.76389,9.252518,11.876994,27.644894,-10.94679,-16.637732,-17.759665,39884.22,11.564889,9.211744,11.884038,28.05219,-10.872124,-16.525547,-17.482643,390796.44,8.377669,91.516815,124.68959,288.8473,-67.79439,-86.96588,-246.78648,409980.6,8.579115,92.60879,124.97051,254.99397,-69.80493,-89.79473,-266.89868,36200.16,10.640211,7.431289,8.835643,19.48209,-8.693477,-13.622476,-12.842471,27627.705,10.405303,5.496247,6.480107,14.22773,-6.678049,-10.375905,-11.878015,7514.893,4.870283,1.868244,4.112929,10.360974,-1.866832,-2.900814,-3.611752,7532.4053,4.719467,1.909037,4.203975,10.778935,-1.831865,-2.825498,-3.249521,47341.465,12.568172,10.963609,14.273803,34.16047,-13.291966,-20.61142,-22.216646,39841.766,11.55278,9.179184,11.979557,30.89611,-11.05763,-17.279333,-18.321825
4.0,400.0,596884.3,12.102573,138.42622,182.18523,212.77675,-113.63174,-155.6822,-547.6748,454785.84,8.481068,110.419014,151.8759,167.71013,-78.544075,-102.36677,-285.97183,38341.207,12.212403,8.105231,9.495062,10.015911,-9.382787,-13.01652,-13.993426,34769.57,11.341804,7.345752,8.636667,9.231845,-8.511388,-11.933663,-12.930507,7136.5293,5.70355,1.701009,2.629046,3.14663,-1.786913,-2.717674,-3.188326,8013.688,5.808304,1.929572,2.954165,3.442539,-2.046373,-3.141306,-3.596293,46161.98,13.444631,11.168242,13.960019,14.801449,-12.769153,-19.71675,-21.5428,45469.082,13.124455,11.145028,13.857026,14.617978,-12.687877,-19.71356,-20.833117,419512.03,8.785052,100.848404,136.30296,154.99619,-72.38281,-96.077095,-293.44525,438609.28,8.915648,103.10685,137.21655,154.67972,-75.11745,-103.32625,-276.0625,41031.805,11.964622,8.925646,10.626836,11.333558,-10.132718,-14.19519,-15.125134,31619.516,11.858711,6.602048,7.760047,8.509814,-7.868463,-10.872741,-11.716736,8304.026,5.369346,2.041494,3.294319,3.726269,-2.091294,-3.293082,-3.786645,8334.997,5.25041,2.090342,3.396864,3.858328,-2.060608,-3.195504,-3.649108,54128.008,14.248468,13.34276,16.841911,17.599104,-15.481884,-24.554249,-26.707767,45531.316,13.139058,11.024297,14.077149,14.580249,-12.849359,-20.517815,-22.446294
4.0,450.0,637256.0,12.952862,150.29979,199.90953,225.8562,-122.33213,-202.7531,-619.13995,481332.75,8.866809,120.65758,169.80931,186.08711,-83.73831,-130.10005,-518.96466,43050.855,13.68518,9.529771,11.288928,12.229953,-11.349459,-21.274914,-51.015385,38909.53,12.791293,8.579988,10.190723,10.669914,-10.337694,-19.360006,-45.60696,7767.285,6.181843,1.854845,2.941262,3.533507,-2.071521,-3.574031,-8.055559,8728.95,6.396765,2.113349,3.386728,3.882029,-2.393445,-4.067493,-9.904158,51530.344,14.955085,13.036261,16.588682,17.532967,-15.18806,-28.246275,-66.242966,50680.08,14.789696,13.116866,16.564293,17.290867,-15.142366,-27.875088,-64.565605,442292.03,9.157245,110.203674,151.20029,173.78087,-76.8176,-113.87672,-341.52792,465298.5,9.418427,111.646065,150.8731,166.81245,-79.93463,-120.32302,-336.7731,45989.594,13.52278,10.402094,12.541385,13.19829,-12.320868,-23.195295,-54.8933,35628.47,13.243444,7.747431,9.210739,9.741704,-9.4878,-17.79218,-42.256813,9028.618,5.891146,2.227761,3.770692,4.423882,-2.433528,-3.998063,-9.042719,9038.996,5.67925,2.252232,3.788008,4.243161,-2.384088,-4.002517,-9.362833,60435.6,16.03719,15.685272,20.041761,21.2783,-18.42024,-31.188082,-71.867195,50954.47,14.576007,12.925327,16.57727,17.157215,-15.241966,-26.196493,-60.043362
4.0,500.0,670687.4,13.364974,163.386,220.3577,258.30453,-127.06493,-176.03535,-802.1539,500715.62,9.021889,129.37094,185.86227,205.46014,-86.52611,-116.579994,-389.80106,46951.156,14.775105,10.767476,13.042975,13.685256,-12.016598,-16.892088,-17.987604,42158.863,13.650953,9.731774,11.740436,13.896523,-10.877678,-15.639927,-16.970173,8303.197,6.625621,2.008354,3.211257,3.726198,-2.171615,-3.300998,-3.695397,9279.669,6.818488,2.286166,3.656604,4.087306,-2.51317,-3.910575,-4.380906,56038.41,16.143372,14.873793,19.268112,20.134474,-16.125744,-25.232912,-28.02802,54877.93,15.85797,14.924079,19.284594,20.017582,-16.116404,-26.012249,-28.639067,463858.12,9.38184,118.7269,165.64876,180.63686,-79.78893,-106.48993,-299.5521,485039.75,9.586855,120.22116,164.72166,182.22467,-82.9849,-107.401794,-367.0021,49865.85,14.439817,11.788609,14.337508,15.509184,-12.98168,-18.63229,-19.902262,39013.34,14.309692,8.789876,10.612523,11.098984,-10.098479,-14.08898,-15.56725,9586.105,6.256123,2.406419,4.081943,4.472118,-2.565354,-4.107492,-4.678846,9617.429,6.080744,2.417342,4.121436,4.747005,-2.488163,-3.771566,-4.339042,65576.29,17.148678,17.94979,23.414904,24.260366,-19.73981,-32.451275,-35.073074,55483.906,15.695871,14.766162,19.264027,20.082638,-16.316526,-26.465044,-28.828832
5.0,30.0,109930.18,8.484057,27.93801,38.732815,41.063667,-16.861788,-19.711414,-24.991959,108557.57,7.771436,28.077286,41.468315,43.942562,-16.56987,-19.393335,-27.036798,7395.4775,5.994654,1.350101,1.80539,2.152504,-1.412828,-1.985942,-2.326277,7049.982,5.924725,1.315415,1.802897,2.051414,-1.366922,-1.949555,-2.204106,2259.6255,3.631238,0.642554,1.118053,1.701258,-0.515045,-0.770755,-1.086824,2562.809,3.784642,0.768558,1.319766,1.654652,-0.612265,-0.972303,-1.249615,9284.91,7.753504,1.959169,2.76316,3.110703,-2.061589,-3.123491,-3.924989,8885.929,7.752435,1.951027,2.887287,3.275019,-2.043826,-3.273811,-3.669682,111602.555,9.254929,27.01201,38.18026,40.96805,-17.265785,-20.349424,-28.317059,105626.73,8.637698,26.528996,36.182457,37.934753,-15.205858,-17.712414,-24.479326,8211.285,6.226598,1.561582,2.09768,2.385226,-1.598452,-2.27217,-2.626586,7511.115,6.966253,1.354666,1.764439,2.498449,-1.487082,-2.07193,-2.45117,3009.4092,4.019786,0.910028,1.593977,2.616572,-0.71804,-1.165008,-1.916038,3069.996,3.813274,0.892798,1.466098,1.738233,-0.683331,-1.00643,-1.224903,10580.021,8.529006,2.251973,3.230352,4.301115,-2.442771,-3.868321,-4.24564,10449.819,8.702115,2.175847,3.009882,3.648355,-2.320467,-3.449656,-3.951634
5.0,40.0,135152.88,9.639975,34.06253,47.48462,50.02002,-20.779387,-29.220406,-63.91948,131887.23,8.594451,33.58687,49.358868,52.31812,-20.1753,-27.693438,-69.00691,4334.6743,3.861786,1.209352,1.699498,2.048241,-0.784147,-1.171391,-3.314098,4081.0771,3.7938,1.182916,1.690385,2.148328,-0.723201,-1.082494,-3.22137,1639.5677,2.884336,0.597548,0.992979,1.396218,-0.372135,-0.657651,-1.797457,1807.3792,2.944533,0.705376,1.236803,1.531085,-0.42648,-0.783847,-2.189323,5819.9385,5.15915,1.807479,2.69091,3.293993,-1.180086,-2.184624,-4.27902,5276.3467,4.949972,1.769662,2.715391,3.195822,-1.102346,-2.137577,-2.471386,136243.69,9.997002,32.81014,45.742043,47.83754,-20.967403,-29.49362,-58.758766,124981.1,9.261119,31.482092,43.20215,45.122677,-17.762316,-24.852337,-70.21128,4638.3457,3.894798,1.361222,1.929417,2.29106,-0.819821,-1.19147,-3.413245,4955.9707,4.794271,1.277281,1.744177,1.994532,-0.924698,-1.390258,-4.124463,2146.7737,3.11526,0.852059,1.533388,1.927978,-0.498832,-0.901565,-2.331595,2275.1123,3.065515,0.833888,1.437782,1.857309,-0.493818,-0.874802,-1.028603,5780.5767,5.015303,1.959662,3.017755,3.391668,-1.143639,-2.22106,-2.154898,6486.6816,5.623745,1.992899,2.950662,3.325322,-1.27596,-2.376905,-6.537692
5.0,45.0,142695.11,10.181572,36.358353,49.964252,53.815723,-21.40889,-28.929419,-40.883877,139068.31,9.017517,35.63461,51.668564,54.319027,-20.699053,-28.597862,-43.49678,4756.072,4.129291,1.114284,1.584085,2.236334,-0.870225,-1.490302,-1.78413,4464.7275,4.052416,1.075439,1.565715,1.935944,-0.801509,-1.326958,-2.453758,1752.5714,2.990866,0.561445,1.030817,1.444569,-0.420732,-0.626142,-1.825206,1937.7661,3.064929,0.653777,1.267959,1.580194,-0.468118,-0.754938,-2.281317,6352.113,5.522365,1.667956,2.473774,2.81216,-1.32938,-2.157383,-3.735998,5784.4214,5.312762,1.58987,2.481159,2.84901,-1.260867,-2.135967,-5.345266,143071.84,10.377501,34.903885,47.81857,49.9082,-21.48137,-28.683912,-36.312813,130829.77,9.658878,33.51166,45.66273,48.906193,-18.174501,-23.1723,-61.842186,5092.2837,4.174194,1.227299,1.756618,2.097023,-0.912549,-1.5231,-4.027192,5422.892,5.113699,1.199902,1.630761,1.854223,-1.032318,-1.765038,-2.029925,2288.675,3.230317,0.787774,1.57875,2.05268,-0.543695,-0.92622,-2.91933,2413.6472,3.166013,0.781628,1.392881,1.810874,-0.535918,-0.837147,-2.388274,6365.683,5.414543,1.719266,2.647504,2.95064,-1.317928,-2.122476,-5.552305,7081.8364,6.001895,1.822748,2.702734,3.04625,-1.440707,-2.2264,-5.046496
5.0,50.0,149073.83,10.453211,37.92124,51.35743,54.081627,-22.2902,-30.864424,-82.534515,145242.39,9.21418,37.187027,53.881557,56.816803,-21.523964,-30.495174,-81.37826,5100.1807,4.292835,1.159993,1.614687,2.018142,-0.964339,-1.594597,-2.101561,4772.2256,4.210434,1.115795,1.603921,1.931373,-0.888628,-1.403703,-3.779185,1851.3789,3.075369,0.574314,1.05065,1.361025,-0.435652,-0.659734,-2.14635,2040.3767,3.146183,0.66511,1.328612,1.720996,-0.503397,-0.820334,-2.564255,6775.0225,5.739694,1.73539,2.638703,2.874071,-1.455821,-2.238428,-5.437956,6187.517,5.538772,1.64911,2.514446,2.898962,-1.395702,-2.29924,-6.702497,148854.2,10.516517,36.385456,48.95059,51.961544,-22.266033,-30.57536,-81.66456,135957.16,9.835626,34.872635,46.882423,48.72748,-18.749113,-25.209736,-33.818882,5452.4883,4.341523,1.276536,1.782807,2.058903,-1.01626,-1.623792,-4.364033,5819.5264,5.324081,1.257835,1.672749,1.915971,-1.147456,-1.858402,-5.093915,2412.2227,3.321582,0.803485,1.650645,2.170537,-0.5802,-1.08568,-1.172109,2545.9136,3.246543,0.798236,1.458664,1.73333,-0.569181,-0.852776,-2.530664,6828.861,5.638844,1.791199,2.700036,3.066296,-1.461086,-2.526168,-6.95103,7559.1143,6.225183,1.907536,2.797476,3.056081,-1.57915,-2.454235,-6.800365
5.0,55.0,155186.31,10.764833,39.74811,55.23082,58.77442,-22.96721,-27.196255,-62.45043,151104.48,9.483187,38.985397,58.066162,61.34265,-22.185825,-27.37852,-65.023,5419.7554,4.479154,1.223093,1.703544,1.9903,-1.080746,-1.703662,-3.029822,5088.4087,4.401501,1.18124,1.689703,1.944445,-0.984312,-1.524104,-3.252489,1933.9344,3.170732,0.596319,1.080478,1.485399,-0.462145,-0.809124,-2.371366,2130.3464,3.231195,0.693926,1.352625,1.721087,-0.5355,-1.055001,-1.174571,7136.09,5.993034,1.830357,2.673783,2.984253,-1.599305,-2.589776,-7.577911,6554.1724,5.797371,1.749903,2.707539,3.119699,-1.534017,-2.780206,-8.898156,154566.7,10.737202,38.163044,52.517017,55.112377,-22.853615,-27.386282,-49.952305,140864.97,10.05948,36.401157,49.934685,52.577362,-19.192823,-23.193571,-42.861076,5808.7,4.53357,1.351912,1.895743,2.190147,-1.127332,-1.750779,-3.385983,6203.113,5.584103,1.333476,1.773165,2.096943,-1.276596,-1.99679,-3.084656,2513.8086,3.41474,0.836997,1.694343,2.18858,-0.618857,-1.280437,-3.5938,2647.5774,3.335836,0.82928,1.521433,1.908502,-0.604812,-1.076621,-3.177688,7246.53,5.890516,1.903061,2.869633,3.155493,-1.616627,-2.837552,-9.044335,7981.3315,6.490312,2.016788,2.944953,3.261025,-1.736868,-2.813807,-9.028862
5.0,60.0,161195.58,11.106097,41.760227,58.297543,62.66564,-23.595013,-30.709785,-89.68409,156283.33,9.682494,40.891335,59.841843,63.214043,-22.57554,-30.269363,-85.32767,5671.473,4.588056,1.319742,1.855226,2.171401,-1.148496,-2.068171,-5.806213,5370.4014,4.533494,1.263106,1.834859,2.165441,-1.061368,-1.939598,-5.360101,1998.8586,3.216204,0.62305,1.113693,1.47652,-0.484746,-0.788659,-2.168632,2214.035,3.295346,0.721292,1.450072,2.135151,-0.568245,-0.947638,-2.811432,7415.213,6.112143,1.962452,2.865959,3.126303,-1.677532,-3.003302,-8.260413,6880.1426,5.964024,1.863506,2.860423,3.248709,-1.673882,-2.961877,-5.885358,159802.84,10.892717,40.14343,55.429253,58.08904,-23.288412,-29.351748,-79.91744,145348.52,10.230884,38.168728,52.710777,57.02588,-19.617172,-23.759308,-70.23327,6104.724,4.65222,1.451316,2.060606,2.310016,-1.206197,-2.214957,-3.451104,6503.926,5.729268,1.433222,1.914208,2.257706,-1.35705,-2.412419,-6.687143,2607.6245,3.469976,0.875322,1.776417,2.292258,-0.653285,-1.238958,-3.448688,2732.865,3.380954,0.868452,1.549608,2.066283,-0.630329,-1.212849,-2.837648,7603.6133,6.050161,2.026495,3.068371,3.406965,-1.747352,-3.066487,-6.345854,8290.85,6.601792,2.148983,3.123964,3.557293,-1.832967,-3.215224,-8.956279
5.0,65.0,165968.17,11.199536,41.75923,55.19339,58.035553,-24.19555,-29.72028,-88.47829,160882.64,9.773099,41.108986,62.79798,66.978645,-23.133478,-30.429192,-81.271515,6046.476,4.789669,1.33539,1.789265,2.238258,-1.25081,-2.253373,-6.358825,5717.2227,4.717766,1.284823,1.76993,2.096552,-1.157102,-2.162722,-6.008664,2087.7634,3.288249,0.618115,1.163355,1.399031,-0.511613,-0.863592,-2.344885,2308.0508,3.36972,0.70972,1.44307,1.868458,-0.600093,-1.036658,-2.117383,7778.336,6.313957,1.987487,2.726526,2.979738,-1.796846,-3.313543,-5.43872,7251.161,6.178042,1.887857,2.730712,3.055781,-1.779933,-3.286409,-5.837704,164103.94,10.965753,40.18545,52.76178,55.881897,-23.80068,-28.636219,-84.81791,149250.39,10.332788,38.04477,49.967056,52.562668,-19.98981,-22.860268,-65.8227,6493.0586,4.849775,1.474655,1.9992,2.375952,-1.315016,-2.437236,-6.929626,6928.786,5.980157,1.459761,1.845834,2.267124,-1.474843,-2.635752,-7.401211,2721.6692,3.552007,0.865357,1.796417,2.430462,-0.690185,-1.188877,-3.15689,2849.073,3.453197,0.85671,1.592411,1.914559,-0.664424,-1.093291,-2.912671,8016.1313,6.257825,2.082274,2.986572,3.370688,-1.878685,-3.427893,-6.039221,8701.72,6.821113,2.212384,3.117206,3.465376,-1.970864,-3.581077,-6.108020
5.0,70.0,170721.61,11.375531,42.527664,57.81217,60.728718,-24.805239,-28.699287,-39.97658,165515.3,9.953875,42.085537,67.64284,72.6555,-23.52711,-27.63467,-41.952293,6293.105,4.916285,1.399779,1.834227,2.160403,-1.282297,-1.880634,-2.198578,5959.4565,4.846532,1.344696,1.801168,2.062938,-1.19273,-1.832329,-2.116765,2135.0022,3.326673,0.631631,1.177282,1.526265,-0.516321,-0.795607,-1.210903,2369.5266,3.422111,0.716719,1.464112,1.848386,-0.605366,-1.216381,-2.177777,7957.5566,6.435602,2.073713,2.776005,3.074546,-1.797839,-2.808283,-3.329068,7432.281,6.278654,1.96364,2.787249,3.254643,-1.796317,-3.029736,-3.494121,168248.27,11.052201,41.01034,55.428818,58.226086,-24.170692,-28.080997,-43.22906,152945.03,10.452528,38.613014,50.066505,52.305824,-20.30077,-23.70024,-47.980976,6768.2334,4.9788,1.543168,2.09061,2.678081,-1.3509,-2.019319,-2.455503,7219.789,6.158756,1.534621,1.913596,2.574669,-1.510114,-2.302485,-3.381967,2791.311,3.595943,0.878759,1.823918,2.446573,-0.692278,-1.168506,-1.729173,2914.2568,3.504513,0.872365,1.660993,2.059961,-0.666329,-0.976879,-1.349088,8242.227,6.365002,2.176287,3.105119,3.564134,-1.90081,-3.212925,-3.859406,8920.911,6.953179,2.338868,3.231973,4.269149,-1.976804,-3.179506,-3.731162
5.0,75.0,175399.14,11.583272,46.529633,66.736626,69.92545,-25.24237,-34.39075,-72.83267,169700.72,10.082281,45.621536,69.32279,73.85564,-24.233538,-33.01782,-84.090645,6700.4795,5.162414,1.539238,2.220486,2.502705,-1.540836,-2.336937,-6.172027,6297.089,5.054795,1.488387,2.223258,2.512856,-1.423063,-2.206283,-6.004515,2354.1187,3.555193,0.684165,1.210595,1.59588,-0.591346,-1.157316,-1.206262,2569.0327,3.615551,0.791527,1.513645,2.292907,-0.693341,-1.445834,-1.551195,8586.487,6.868637,2.253242,3.465666,3.823185,-2.143298,-4.098,-11.808405,8151.5044,6.807812,2.168936,3.475551,3.84298,-2.109296,-4.634062,-13.650577,172413.94,11.140895,44.85966,63.84881,67.247086,-24.700542,-34.240215,-90.98619,156707.12,10.574013,42.228016,59.93887,63.546318,-20.62778,-28.229692,-52.00184,7125.5356,5.175165,1.70338,2.46983,2.867164,-1.613112,-2.50713,-7.016433,7691.0166,6.466529,1.673025,2.277548,2.498178,-1.801733,-2.673313,-6.87783,3052.2073,3.82598,0.97421,1.941039,2.546899,-0.794205,-1.659377,-1.795889,3203.2844,3.727678,0.960302,1.702114,2.106477,-0.76399,-1.443455,-4.061208,8896.029,6.790574,2.351755,3.669719,4.05344,-2.224107,-4.841388,-4.358198,9540.225,7.347315,2.458132,3.705446,4.103669,-2.314024,-4.736823,-13.960079
5.0,10.0,73888.516,6.262925,15.47808,19.775814,21.553932,-11.70996,-15.702326,-18.323713,71660.64,5.737658,15.616294,20.833502,22.805717,-11.227186,-15.697608,-43.78044,1671.4211,2.165483,0.344779,0.473161,0.783733,-0.231773,-0.339324,-0.949093,1649.4169,2.184821,0.347158,0.485894,0.83742,-0.253424,-0.54624,-0.970128,859.9537,1.957155,0.252677,0.443181,0.705736,-0.171056,-0.2919,-1.504372,945.144,1.985249,0.287314,0.558212,0.851745,-0.195991,-0.312326,-0.891409,2368.952,2.825866,0.53216,0.774965,1.102984,-0.373515,-0.57326,-1.621112,2221.8386,2.743117,0.526306,0.798968,1.2134,-0.366045,-0.579563,-1.591929,71014.97,6.746062,14.686369,19.079636,20.31091,-11.127492,-14.83615,-40.031887,69864.91,6.391317,14.51319,18.383682,19.833874,-10.3159,-12.268576,-36.242302,1853.3002,2.236228,0.382159,0.523826,0.895182,-0.251268,-0.384496,-0.957765,1851.5028,2.560918,0.377107,0.523449,0.809941,-0.264952,-0.382193,-1.149154,1152.4099,2.113783,0.353343,0.695476,0.993243,-0.234062,-0.366462,-1.06774,1227.3236,2.086484,0.358863,0.608465,0.978094,-0.239121,-0.358511,-1.015653,2448.674,2.867256,0.545659,0.811819,1.067555,-0.374562,-0.598266,-1.69803,2700.5017,3.150356,0.584635,0.839217,1.080605,-0.410018,-0.634454,-1.810275
5.0,25.0,114224.766,8.567078,27.797245,38.15347,40.323723,-18.001656,-21.103596,-61.6003,110608.21,7.879907,27.372423,39.8699,42.07848,-17.031748,-20.227211,-61.234528,3328.807,3.284497,0.749818,1.166563,2.545445,-0.526902,-0.818401,-1.986045,3299.1753,3.283897,0.748619,1.119196,1.37974,-0.490504,-0.719173,-0.972105,1398.7948,2.516354,0.456713,0.842462,2.822622,-0.284529,-0.477288,-1.308258,1576.3356,2.571214,0.526821,1.014155,1.406508,-0.326523,-0.57952,-1.61084,4583.2847,4.416149,1.15717,1.827901,3.098698,-0.799859,-1.37369,-3.946795,4407.8706,4.279773,1.139483,1.862003,2.143115,-0.778904,-1.388432,-3.907702,112491.2,9.205531,26.276918,36.759033,39.75439,-17.529432,-21.573627,-52.682854,106146.11,8.380028,25.500109,34.39835,36.896614,-15.416361,-18.023792,-42.911407,3747.3667,3.382607,0.844312,1.240279,1.5224,-0.547641,-0.760648,-2.195133,3595.9326,3.926161,0.779065,1.11764,1.383673,-0.562661,-0.764638,-2.344414,1886.852,2.729385,0.631,1.200963,1.706284,-0.385508,-0.692762,-1.826061,1937.5143,2.674436,0.639498,1.166716,1.503015,-0.383196,-0.641973,-0.874805,4957.046,4.481325,1.211,1.929611,2.23891,-0.83591,-1.523551,-4.305349,5084.3477,4.843506,1.238581,1.920967,2.187312,-0.861789,-1.516002,-4.247797
5.0,30.0,124634.36,8.977916,31.086863,43.62858,46.071785,-19.49605,-22.99608,-40.71463,121285.055,8.505657,30.246275,44.611565,47.212723,-18.449694,-21.897655,-43.56184,3928.4517,3.667432,0.883806,1.523909,2.15992,-0.595167,-0.87549,-1.530173,3841.4258,3.59174,0.889937,1.387635,1.626533,-0.587326,-0.792896,-1.882044,1552.0612,2.654599,0.514095,0.991055,1.779287,-0.316242,-0.473042,-1.288022,1728.3004,2.666858,0.592597,1.181369,1.414968,-0.376361,-0.60378,-1.683039,5358.332,4.961038,1.363804,2.207194,2.607141,-0.956245,-1.340579,-3.996991,5107.437,4.713256,1.35654,2.241902,2.594469,-0.926837,-1.394,-4.221192,123395.87,9.761591,29.214718,41.201538,43.414925,-19.08156,-22.36242,-30.01658,114889.24,8.5462,28.308151,38.79102,42.035725,-16.62143,-19.355755,-30.48533,4374.2407,3.711414,1.00917,1.489808,1.794609,-0.658701,-0.891097,-1.92733,4256.4043,4.433768,0.913252,1.339489,2.075256,-0.672201,-0.883679,-1.834241,2062.228,2.831463,0.711678,1.387559,1.712712,-0.453289,-0.754923,-2.112677,2144.3894,2.822217,0.720567,1.386364,1.840951,-0.424482,-0.662177,-1.772624,5739.8555,4.895115,1.459641,2.349355,2.701583,-1.004674,-1.624447,-4.881407,5928.0073,5.421887,1.453612,2.354867,2.750848,-1.026216,-1.574136,-4.487778
5.0,35.0,134044.28,9.837337,33.8263,47.56993,49.547695,-20.6025,-23.864082,-65.98365,130192.66,8.986057,33.359108,50.11255,53.07696,-19.576824,-23.979002,-72.254715,4412.907,3.920924,1.024695,1.496643,1.726953,-0.706667,-1.268878,-3.096582,4238.5024,3.850145,1.005404,1.54021,1.883055,-0.693594,-1.110199,-2.960685,1649.811,2.723679,0.551971,1.211049,1.441539,-0.349565,-0.611486,-1.933041,1840.837,2.778454,0.643805,1.363299,1.635945,-0.408282,-0.708148,-3.082939,5977.5044,5.318029,1.545989,2.494636,2.940381,-1.114674,-2.005133,-2.136493,5600.628,5.091229,1.528517,2.563054,3.121559,-1.087244,-2.031033,-3.186276,132670.83,10.249065,32.2681,45.90999,48.3885,-20.240765,-23.946434,-62.25331,122878.71,9.375205,30.91376,42.816647,44.539654,-17.423033,-20.197195,-49.357746,4833.019,3.987659,1.145145,1.693244,2.220995,-0.78276,-1.227285,-3.622438,4821.2637,4.763516,1.057771,1.518833,1.793481,-0.807026,-1.266247,-3.634362,2190.3528,2.955391,0.774989,1.560003,2.066835,-0.47756,-0.835736,-3.068811,2274.9338,2.891226,0.770817,1.46278,1.947036,-0.465632,-0.837204,-1.682205,6292.8267,5.28969,1.628832,2.689075,3.021327,-1.168619,-2.137504,-2.888965,6641.746,5.790562,1.659209,2.848095,2.973853,-1.215062,-2.165353,-2.542452
5.0,40.0,141969.12,10.303325,36.39895,51.6302,53.66296,-21.628447,-26.001516,-58.451225,138108.5,9.426652,35.743904,54.16295,56.46624,-20.530678,-24.012875,-64.45129,4898.766,4.188239,1.12152,1.668132,1.978804,-0.776661,-1.061369,-3.073755,4700.704,4.107869,1.099309,1.673052,1.90371,-0.742903,-1.134591,-3.333003,1769.434,2.855854,0.588123,1.140113,1.389873,-0.360716,-0.630325,-1.78122,1982.2943,2.911822,0.681894,1.349155,1.637361,-0.425497,-0.83338,-2.159989,6590.2905,5.681349,1.693445,2.749989,3.050837,-1.209711,-2.121228,-6.427929,6229.401,5.45783,1.673791,2.79888,3.250881,-1.186106,-2.252307,-6.471813,140434.5,10.622949,34.636574,49.61336,51.806545,-21.227371,-24.981482,-52.493744,129311.23,9.720597,33.116673,46.092243,48.43798,-18.112885,-21.058598,-44.508007,5369.7715,4.262617,1.251639,1.858218,2.11845,-0.839838,-1.177329,-3.513193,5373.3833,5.105991,1.155556,1.669023,1.906686,-0.909017,-1.276315,-3.587361,2354.0374,3.09474,0.816602,1.657913,2.055725,-0.497499,-0.917995,-2.476455,2431.2292,3.031157,0.820085,1.575253,1.958129,-0.477883,-0.821924,-1.156147,6997.3516,5.641516,1.797921,2.930169,3.396878,-1.287814,-2.48724,-7.055455,7314.783,6.174952,1.821958,2.896873,3.207862,-1.324701,-2.426898,-6.919265
5.0,45.0,148895.4,10.824457,38.551476,54.85563,57.554287,-22.474567,-26.427528,-59.26576,144668.12,9.756288,37.879276,57.907303,61.67951,-21.31278,-24.95395,-64.60733,5468.637,4.449723,1.232556,1.816354,2.077201,-0.891551,-1.342505,-3.740023,5199.3794,4.35547,1.20824,1.847787,2.196327,-0.853628,-1.36729,-1.894092,1891.2786,2.955578,0.614759,1.178159,1.481513,-0.395742,-0.694156,-1.347883,2108.3235,3.014479,0.718814,1.423198,1.811189,-0.465076,-0.857791,-2.174936,7260.4424,6.01651,1.865106,2.98678,3.788393,-1.386643,-2.550417,-7.140433,6834.713,5.772931,1.841169,3.061005,3.3916,-1.357129,-2.647799,-7.267821,147076.78,10.981258,36.730392,52.634983,55.599358,-22.011923,-25.78343,-57.54948,135057.64,10.166207,34.957222,48.971294,51.239265,-18.703209,-22.213402,-41.884327,5938.443,4.513066,1.374863,2.062269,2.30922,-0.968816,-1.477348,-4.222817,6009.403,5.449918,1.286247,1.819593,2.166424,-1.020728,-1.475307,-1.975468,2497.052,3.196386,0.86385,1.741573,2.344012,-0.539297,-1.012299,-2.800954,2583.311,3.126622,0.854488,1.629405,1.996749,-0.522785,-0.913086,-2.438516,7687.462,5.966048,1.974509,3.212819,3.488565,-1.47593,-2.883992,-8.027554,8027.1978,6.506491,1.999573,3.143531,3.422522,-1.516282,-2.871274,-7.956440
5.0,50.0,155325.42,11.064094,40.480255,58.52224,60.935314,-23.247438,-27.11936,-43.674965,150856.39,9.915128,39.907543,61.683388,65.51594,-22.033361,-25.664188,-36.62973,5824.24,4.570313,1.355311,2.004129,2.251881,-0.992085,-1.359671,-1.938562,5522.9033,4.463416,1.324586,2.035256,2.278826,-0.929389,-1.318874,-1.898185,1950.496,2.985021,0.652017,1.258829,2.455325,-0.416853,-0.612923,-1.541609,2175.115,3.04871,0.763934,1.534992,1.927015,-0.487601,-0.772029,-1.838984,7594.287,6.092735,2.049255,3.273586,3.592403,-1.48464,-2.213481,-3.883783,7147.8853,5.848501,2.047627,3.406817,3.818169,-1.452831,-2.260342,-4.008732,153173.47,11.061484,38.678146,56.232082,59.081818,-22.702618,-26.39451,-36.53851,140110.73,10.281953,36.70404,52.1435,55.532448,-19.241306,-22.235472,-31.047613,6298.8584,4.619146,1.512014,2.265874,2.563088,-1.053493,-1.478134,-4.036072,6439.451,5.631253,1.410512,1.989612,2.316965,-1.141745,-1.557615,-2.067421,2576.7722,3.230408,0.91997,1.879425,2.32547,-0.566243,-0.921964,-2.398626,2665.234,3.154411,0.907733,1.770116,2.136061,-0.546806,-0.808625,-2.161589,8019.9985,6.020388,2.172031,3.552003,3.971176,-1.567564,-2.49729,-4.726949,8411.178,6.580937,2.19433,3.457517,3.824035,-1.619796,-2.533666,-4.901022
5.0,55.0,161087.34,11.212222,42.433636,61.655792,64.90685,-23.68307,-32.21303,-92.18826,156218.83,10.119912,41.594547,64.74024,68.96948,-22.715267,-31.724632,-86.22178,6248.889,4.794215,1.442739,2.212414,2.617891,-1.307405,-2.286259,-6.37242,5951.712,4.690731,1.423665,2.202555,3.052451,-1.220743,-2.113846,-5.883551,2049.4993,3.081617,0.680147,1.350506,1.663186,-0.515127,-1.008413,-2.819714,2290.027,3.139672,0.789773,1.605599,2.004439,-0.614701,-1.183232,-1.302448,8037.7373,6.36998,2.174495,3.557321,4.074425,-1.920643,-3.867703,-3.683069,7654.4995,6.139779,2.157209,3.628008,4.049547,-1.940101,-4.090873,-3.948052,158615.23,11.231761,40.397404,58.846676,61.29566,-23.239017,-31.825624,-92.28767,144633.7,10.380292,38.27964,54.606003,57.551712,-19.495205,-26.362356,-71.945885,6770.0156,4.836832,1.630666,2.449904,2.778063,-1.396423,-2.4363,-6.70674,6941.686,5.945836,1.500573,2.122378,2.500081,-1.503905,-2.604191,-7.177718,2712.768,3.325272,0.961852,1.982761,2.40069,-0.703075,-1.385873,-3.810813,2789.4497,3.249212,0.946719,1.882566,2.479607,-0.678343,-1.325624,-3.670811,8569.826,6.307032,2.330013,3.826921,4.280816,-2.037699,-4.144118,-3.978925,8895.896,6.85728,2.326016,3.733797,4.127165,-2.048047,-4.024335,-3.796695
5.0,60.0,166698.6,11.482023,43.57714,62.708088,66.26227,-24.290854,-30.952543,-57.12956,161295.52,10.207284,42.903442,65.61083,69.6579,-23.267532,-31.5897,-86.3589,6481.2627,4.874918,1.516615,2.204006,2.541641,-1.339558,-2.451094,-6.924378,6159.5747,4.77282,1.478702,2.221463,2.488719,-1.245604,-2.313498,-4.009688,2105.4885,3.130407,0.687038,1.268537,1.69214,-0.514287,-0.995357,-2.508549,2344.7385,3.187529,0.793053,1.618991,1.855084,-0.608574,-1.037701,-2.992383,8225.961,6.436265,2.264652,3.557414,3.949784,-1.919789,-3.575409,-5.881292,7799.0635,6.197819,2.210775,3.593544,3.929992,-1.926847,-3.637472,-9.671795,163637.22,11.269754,41.74069,59.971115,62.34312,-23.807234,-30.136135,-46.407913,149064.86,10.507186,39.34924,55.68392,58.559982,-19.958574,-23.714066,-68.178055,6982.182,4.909077,1.697129,2.51128,2.758559,-1.415959,-2.626589,-7.401909,7251.3135,6.069883,1.588225,2.18003,2.462273,-1.546903,-2.777208,-7.876795,2785.7783,3.388269,0.961482,1.913673,2.39059,-0.706053,-1.230177,-3.975007,2878.5676,3.312249,0.960547,1.786709,2.248123,-0.671869,-1.114016,-3.408479,8703.451,6.330259,2.396277,3.801215,4.396457,-2.040765,-3.738604,-8.007431,9144.74,6.954142,2.43006,3.730236,4.16702,-2.073912,-3.752517,-7.239624
5.0,65.0,171706.89,11.87725,44.731552,63.8016,67.62312,-25.155674,-29.34977,-73.143456,165922.02,10.400273,43.993202,65.912186,68.78679,-23.690508,-28.389431,-79.73538,6713.116,4.9792,1.573611,2.257597,2.64905,-1.25894,-1.929232,-5.832885,6402.3877,4.918902,1.516642,2.247037,2.511618,-1.187173,-2.022653,-5.858276,2159.0046,3.184556,0.68393,1.258159,1.626882,-0.492921,-0.87506,-1.614339,2416.7014,3.273697,0.793701,1.538182,1.987427,-0.584639,-1.081534,-2.995548,8424.741,6.537608,2.322816,3.570313,3.918276,-1.784647,-3.378331,-9.585487,8026.1934,6.385476,2.239591,3.611583,4.01087,-1.80121,-3.571383,-4.105219,167995.98,11.456661,42.83202,60.349804,63.417072,-24.30361,-28.404217,-74.77518,153056.81,10.84425,40.35106,56.537453,59.65397,-20.41443,-23.491783,-48.599224,7236.7456,5.055705,1.7363,2.832623,2.832443,-1.335855,-2.167362,-6.155879,7542.7217,6.207709,1.659396,2.507928,2.634,-1.462818,-2.167962,-2.21951,2865.1392,3.472642,0.967645,1.95312,2.539538,-0.674344,-1.224239,-2.941773,2938.9988,3.357283,0.956489,1.765483,2.202762,-0.644656,-1.116534,-3.056839,8963.276,6.534122,2.422797,3.836405,4.120848,-1.936992,-3.855856,-10.705741,9356.692,7.040125,2.491161,3.799628,4.078394,-1.95483,-3.815155,-10.331457
5.0,70.0,176102.7,12.05056,47.568188,82.61209,236.5753,-25.695122,-29.720467,-86.3876,170100.7,10.536165,47.31249,84.11115,73.48285,-24.211346,-28.23874,-85.86602,6912.692,5.088337,1.666759,2.738355,8.225879,-1.319158,-2.052187,-6.27654,6500.055,4.972791,1.624015,2.924009,8.410437,-1.238132,-2.159588,-2.089027,2203.6523,3.232396,0.71655,1.252956,1.618858,-0.512816,-0.906204,-2.514758,2437.274,3.304275,0.827081,1.547178,2.778525,-0.605606,-1.150791,-3.263274,8559.024,6.62827,2.479187,4.650166,13.119514,-1.839386,-3.49619,-9.912081,7989.175,6.387809,2.393309,4.593814,4.112867,-1.836773,-3.816757,-10.877327,172376.8,11.556128,45.50382,78.57213,65.73835,-24.75652,-28.668884,-75.14974,156211.14,10.899699,42.582264,69.545975,205.5115,-20.76033,-23.924347,-56.110485,7339.9067,5.112478,1.848798,3.184057,9.316178,-1.389939,-2.352382,-7.013847,7810.1304,6.361516,1.760471,2.785916,8.327555,-1.537696,-2.316465,-6.948692,2889.4705,3.503268,1.013718,1.965451,2.397626,-0.697276,-1.330923,-3.639886,2997.5403,3.404238,0.998331,1.757496,2.146582,-0.665762,-1.1526,-3.298736,8930.366,6.521292,2.58624,4.757144,4.356974,-1.976109,-4.084968,-11.381156,9519.998,7.133508,2.666206,4.848337,13.172462,-2.019434,-3.967221,-11.187463
5.0,75.0,181608.4,12.134529,47.896156,69.86539,73.74964,-26.380686,-30.505795,-43.273666,174608.25,10.648393,47.15614,72.98461,76.74992,-24.636164,-28.669348,-44.79907,6989.5127,5.119672,1.671762,2.470481,2.869451,-1.345955,-2.050068,-2.302495,6709.137,5.077495,1.636272,2.4904,2.809844,-1.274207,-1.823815,-2.319463,2255.6707,3.298352,0.712988,1.318929,1.657361,-0.554121,-0.928897,-1.099541,2513.0754,3.380867,0.829897,1.599601,1.962696,-0.618211,-0.937165,-1.29842,8664.761,6.703472,2.446172,3.930871,4.391959,-1.881439,-2.823759,-3.233615,8258.311,6.543622,2.387224,4.015111,4.35384,-1.882929,-3.003511,-3.415611,176604.05,11.614651,45.911125,66.731804,69.65782,-25.15453,-28.90917,-42.362114,160254.97,10.886565,42.97945,61.666164,64.13204,-21.231611,-24.202631,-36.476254,7568.969,5.210921,1.868979,2.786376,3.075165,-1.427879,-2.283561,-2.755902,7901.667,6.399002,1.775154,2.440759,2.716151,-1.566342,-2.323296,-2.786406,2977.5059,3.570515,1.021739,2.025884,2.507406,-0.707208,-1.095742,-1.465229,3054.0217,3.466224,1.001224,1.877766,2.270041,-0.686398,-0.97396,-1.316808,9283.581,6.697841,2.588274,4.255021,4.711004,-2.035933,-3.307001,-3.858163,9576.452,7.163842,2.610511,4.158838,4.648697,-2.044473,-3.232274,-3.798700
5.0,5.0,43928.383,3.6445,7.824959,9.375118,10.696311,-7.027163,-8.365694,-22.052876,42023.055,3.274457,7.873587,9.643175,13.215521,-6.647575,-8.217321,-23.849468,910.205,1.549637,0.181445,0.252494,0.599209,-0.140002,-0.22784,-0.547857,929.7472,1.573813,0.182959,0.256671,0.61832,-0.147216,-0.23221,-1.04103,541.1588,1.561603,0.135913,0.247095,0.908783,-0.132802,-0.42431,-0.498135,585.493,1.562098,0.149239,0.284684,0.607868,-0.120808,-0.213644,-0.597797,1314.0665,1.884655,0.273283,0.38365,0.815551,-0.230215,-0.421507,-1.013866,1256.0659,1.858488,0.268967,0.404937,0.72391,-0.213832,-0.368696,-1.479075,39788.953,3.333419,7.13972,8.597114,9.70328,-6.316318,-7.604215,-20.136257,41097.7,3.480622,7.142249,8.474069,9.70937,-6.208424,-7.44055,-16.377815,1013.2395,1.574096,0.196783,0.269873,0.561774,-0.155961,-0.281844,-1.42235,1059.5094,1.739565,0.205281,0.290909,0.713543,-0.164594,-0.26914,-0.76822,759.0943,1.663567,0.192641,0.384015,0.667609,-0.153187,-0.295592,-2.525997,802.772,1.660298,0.195346,0.336491,0.631791,-0.175529,-0.467083,-1.665364,1359.6042,1.84587,0.280502,0.528341,0.897578,-0.226008,-0.395045,-0.995335,1516.3815,2.000414,0.300374,0.432593,0.83802,-0.237664,-0.406881,-1.041089
5.0,10.0,72422.72,5.885755,15.150329,19.132444,20.460024,-11.554383,-13.732876,-32.636803,69638.875,5.347712,15.091496,19.98478,21.803675,-10.889342,-12.992509,-37.493164,1619.0187,2.16228,0.359275,0.489532,0.754842,-0.224932,-0.562051,-0.981985,1612.1934,2.172471,0.362205,0.498082,0.834417,-0.231696,-0.33264,-1.126007,793.5488,1.864424,0.23755,0.421171,0.761282,-0.159201,-0.280628,-0.796596,866.7853,1.878091,0.268273,0.500638,0.843211,-0.180365,-0.31958,-0.887402,2223.2354,2.766257,0.539578,0.787326,1.098322,-0.352196,-0.527774,-1.532721,2088.642,2.670271,0.532509,0.780752,1.072426,-0.339316,-0.591254,-1.79326,68742.04,5.83825,14.08734,18.17596,19.560404,-10.834212,-12.975993,-28.440329,67731.89,5.764274,13.818208,17.352247,19.255215,-10.050454,-11.92699,-22.262663,1789.6439,2.214115,0.399245,0.545973,1.514896,-0.243163,-0.348329,-0.882488,1843.3094,2.551612,0.394883,0.543969,0.819432,-0.278914,-0.472738,-0.812422,1105.759,2.027411,0.339091,0.623528,0.931578,-0.224039,-0.405303,-1.35771,1166.7523,2.016689,0.34024,0.565214,0.863374,-0.222267,-0.379787,-1.256427,2341.1199,2.769766,0.55853,0.814909,1.859376,-0.359618,-0.618344,-1.841099,2568.7285,3.041069,0.588588,0.843216,1.155824,-0.390558,-0.689583,-1.783327
5.0,15.0,90306.97,7.149768,20.700861,27.379314,29.562017,-14.502339,-20.688345,-54.898037,86635.22,6.458487,20.533236,28.530128,30.4429,-13.679633,-19.901836,-52.9972,2162.5662,2.616912,0.50158,0.712402,0.975449,-0.308083,-0.476769,-1.276213,2150.5105,2.620561,0.499041,0.71552,1.007609,-0.335289,-0.6333,-1.424633,1003.1105,2.124716,0.332282,0.544083,0.88727,-0.211389,-0.340166,-0.872675,1109.2765,2.149782,0.358771,0.647174,0.886612,-0.240054,-0.448947,-1.356662,2961.0754,3.428188,0.761037,1.160407,1.486625,-0.494441,-0.839221,-1.251395,2810.0713,3.318764,0.742436,1.150736,1.409686,-0.477319,-0.783154,-2.209418,86944.234,7.2378,19.42262,26.118338,27.408628,-13.841348,-19.973806,-54.799007,84064.25,7.008611,18.847664,24.59529,25.87469,-12.435928,-17.76029,-40.48763,2407.6714,2.699772,0.553111,0.85403,1.158675,-0.335532,-0.497038,-1.354449,2416.1958,3.103209,0.541881,0.766648,1.642248,-0.372968,-0.623583,-1.590763,1389.6829,2.325311,0.4478,0.819575,1.189356,-0.280289,-0.45409,-1.247824,1440.5839,2.287439,0.457754,0.798981,1.091951,-0.283934,-0.453028,-1.19368,3148.3125,3.456405,0.778376,1.191901,1.501375,-0.503685,-0.820702,-2.434212,3368.06,3.750834,0.816808,1.210349,1.488021,-0.543683,-0.898007,-2.453234
5.0,20.0,106235.43,8.140187,24.811499,33.510174,35.72741,-16.915161,-22.267653,-45.730858,101863.1,7.312435,24.377333,34.859394,36.993927,-15.907626,-20.431965,-42.07611,2571.076,2.91635,0.605891,0.857268,1.155083,-0.367823,-0.503162,-0.891265,2555.0151,2.920547,0.598483,0.879554,1.076861,-0.372091,-0.511513,-0.700032,1151.2281,2.298093,0.378763,0.667202,1.028745,-0.228434,-0.383513,-0.577345,1290.8287,2.349175,0.424954,0.823133,1.038582,-0.26911,-0.406911,-0.748983,3533.9138,3.878096,0.939249,1.406789,1.707258,-0.580821,-0.847854,-1.279918,3371.0415,3.763911,0.902579,1.426604,1.697657,-0.576399,-0.869302,-1.288336,103226.305,8.288299,23.291395,31.851025,34.055004,-16.274145,-21.369488,-46.659096,97999.99,7.879926,22.527853,29.921717,31.931908,-14.551742,-19.142076,-41.684803,2873.75,3.015823,0.665636,0.947467,1.235753,-0.410202,-0.556447,-1.01816,2875.3784,3.494561,0.641723,0.996934,1.207975,-0.428641,-0.573573,-0.967134,1590.8735,2.527887,0.520044,0.976464,1.296918,-0.324823,-0.486856,-0.888727,1637.1117,2.467824,0.515784,0.908558,1.385954,-0.311632,-0.467834,-0.80132,3776.9868,3.920455,0.952951,1.476449,1.760737,-0.61552,-0.930749,-1.309649,4005.6658,4.23632,0.98135,1.497814,1.767578,-0.638917,-0.949527,-1.389424
5.0,25.0,118182.23,8.541139,28.67247,39.718906,42.303665,-18.495825,-25.18292,-69.72513,113816.445,7.809564,28.049353,41.24507,44.775845,-17.456863,-24.724606,-28.574871,2864.911,3.142378,0.704982,1.050685,1.38159,-0.431259,-0.677956,-1.907963,2832.4045,3.11278,0.708644,1.063012,1.269031,-0.427682,-0.678454,-0.915326,1265.3054,2.440815,0.422762,0.774081,1.030717,-0.258895,-0.389469,-0.988079,1411.7095,2.477934,0.488378,0.93299,1.337192,-0.310131,-0.479196,-1.046725,3959.23,4.20839,1.086584,1.732966,2.028989,-0.686033,-1.014461,-2.522472,3784.2654,4.065586,1.074643,1.786662,2.179574,-0.686603,-1.036136,-2.171677,115806.984,8.797212,26.990292,37.830948,40.360268,-17.955654,-24.081444,-28.563467,108306.766,8.166261,25.914457,35.14149,37.1362,-15.625713,-19.781578,-53.419342,3190.5808,3.219852,0.791482,1.1577,1.520649,-0.472978,-0.788498,-0.963336,3220.7456,3.791245,0.750877,1.100236,1.398851,-0.503105,-0.791095,-0.979268,1736.8112,2.668682,0.600314,1.182631,1.55072,-0.370272,-0.652982,-1.270703,1788.5387,2.62584,0.596184,1.100266,1.431546,-0.35418,-0.861667,-1.088981,4232.6323,4.202179,1.141378,1.849187,2.281486,-0.736393,-1.114907,-2.345213,4475.104,4.599449,1.171731,1.821776,2.179456,-0.753225,-1.106934,-2.857290
5.0,30.0,128778.96,9.137188,31.654942,44.24899,46.368378,-19.884684,-26.522556,-72.83182,123944.89,8.253517,30.973564,45.94443,48.697243,-18.820246,-25.74235,-75.02898,3342.4368,3.468531,0.795818,1.36133,1.53441,-0.530778,-0.860601,-2.378823,3289.9707,3.436199,0.789878,1.210981,3.8694,-0.51187,-0.941973,-2.332029,1408.7363,2.595042,0.457531,0.842253,1.129539,-0.300217,-0.471487,-1.437879,1571.3562,2.632044,0.530962,1.013038,1.302367,-0.346902,-0.613215,-1.790028,4567.8794,4.658926,1.219214,1.971153,2.35338,-0.83418,-1.365247,-3.548772,4357.7046,4.485972,1.194929,1.991697,2.330108,-0.82713,-1.423011,-4.275757,126340.71,9.284257,29.936949,42.227467,44.411434,-19.399693,-25.563725,-45.249737,117222.62,8.613947,28.613482,39.189255,42.176468,-16.716202,-20.489422,-29.268108,3715.164,3.553015,0.887199,1.312359,1.635046,-0.57124,-0.943117,-1.995431,3749.624,4.210112,0.846649,1.2337,1.656352,-0.613377,-1.004077,-2.617233,1916.4595,2.831503,0.650949,1.263128,1.657272,-0.416718,-0.748121,-0.949591,1968.2035,2.767866,0.645074,1.185627,1.516656,-0.401466,-0.661555,-1.677833,4883.897,4.65046,1.275616,2.349553,3.036689,-0.896413,-1.543222,-1.605288,5127.9443,5.047358,1.311071,2.061228,2.33222,-0.90835,-1.461227,-1.567247
5.0,35.0,136558.4,9.567952,34.456364,49.0716,51.708836,-21.061913,-24.444147,-67.86614,132114.95,8.690121,33.723667,50.93194,53.510635,-19.887066,-25.078156,-67.36008,4211.92,3.959348,0.951882,1.412439,1.711296,-0.673093,-1.068064,-2.908983,4061.45,3.864736,0.9427,1.437855,1.719821,-0.645635,-1.087992,-1.127187,1608.5676,2.753348,0.515664,0.984409,1.307107,-0.334906,-0.5734,-1.492563,1799.7863,2.804211,0.601402,1.184001,2.306461,-0.399889,-0.68233,-1.214149,5575.3584,5.246139,1.442252,2.339837,2.682672,-1.033569,-1.908009,-1.963463,5306.704,5.042817,1.427459,2.412076,2.780398,-1.011743,-1.870856,-5.034333,134389.34,9.701632,32.64609,46.60355,48.92751,-20.498672,-24.125183,-68.09222,124245.89,8.979195,31.132122,43.22176,45.209625,-17.63125,-20.856663,-51.74034,4605.456,4.006242,1.064316,1.582232,1.844208,-0.724372,-1.162267,-4.488548,4652.2075,4.778753,1.001613,1.447099,1.754902,-0.779418,-1.225562,-1.374486,2170.587,2.995665,0.735283,1.475031,3.767545,-0.462393,-0.792006,-2.157857,2229.8274,2.937569,0.7249,1.397599,1.650879,-0.449347,-0.755409,-1.211682,5940.0107,5.21119,1.530673,2.526004,2.794994,-1.082899,-1.983671,-5.589224,6190.224,5.655975,1.546036,2.471953,2.70686,-1.112894,-2.014511,-5.540563
5.0,40.0,144268.77,10.059181,36.92312,52.70742,55.427097,-22.102674,-25.669336,-75.41011,139575.62,9.093727,36.14809,55.116623,58.210434,-20.986568,-24.46868,-65.06906,4842.9756,4.187829,1.124924,1.673036,2.093116,-0.795373,-1.083793,-3.281007,4649.993,4.080491,1.10586,1.703879,2.617766,-0.759145,-1.151981,-3.440456,1746.4641,2.822055,0.570803,1.105749,1.389962,-0.370352,-0.63847,-1.809032,1954.0356,2.873813,0.666759,1.327371,1.71859,-0.429478,-0.80422,-2.254606,6344.3286,5.561455,1.689949,2.788578,3.172351,-1.206405,-2.105144,-5.87223,6064.9844,5.350701,1.670342,2.864547,3.161728,-1.189563,-2.30375,-6.668501,141846.66,10.140081,35.00174,50.220913,52.81648,-21.637114,-25.024364,-55.523796,130745.77,9.365105,33.35397,46.73149,48.460754,-18.432245,-21.528603,-43.028893,5279.986,4.224921,1.255911,1.885793,2.197845,-0.856124,-1.230779,-1.328941,5329.4277,5.086045,1.167489,1.750107,2.005708,-0.916543,-1.238353,-3.62104,2347.331,3.06396,0.811952,1.635195,1.963648,-0.507061,-0.954695,-2.644608,2406.0095,3.002234,0.799653,1.555046,1.882249,-0.491518,-0.837735,-1.155132,6806.744,5.533869,1.793574,2.996271,3.36868,-1.281933,-2.915447,-6.959035,6995.0195,5.97034,1.7975,2.93107,3.309459,-1.29491,-2.366028,-2.928951
5.0,45.0,151312.7,10.335536,39.167213,56.390575,61.042538,-23.14789,-32.803593,-88.29437,146096.28,9.41324,38.09007,58.037724,61.32532,-21.821316,-30.878935,-89.24427,5260.4033,4.374976,1.23124,1.852165,2.175237,-0.923457,-1.357852,-3.729059,5079.3154,4.274315,1.215401,1.86824,2.22172,-0.88418,-1.59486,-1.748922,1835.347,2.885904,0.611149,1.185878,1.589777,-0.407184,-0.77303,-2.338916,2062.941,2.94269,0.704384,1.382452,1.67344,-0.468926,-0.733633,-1.080422,6834.3887,5.806231,1.854877,3.074525,3.424339,-1.378589,-2.068272,-2.54719,6548.42,5.580486,1.8257,3.095766,3.455394,-1.360168,-2.118975,-2.665743,148375.69,10.40636,37.015167,53.303276,56.813313,-22.400545,-31.728666,-88.97114,136384.48,9.487298,35.26892,49.54266,51.869274,-19.100718,-27.080727,-78.78822,5765.492,4.413447,1.387787,2.070594,2.290012,-0.996285,-1.456552,-2.526769,5824.0825,5.370279,1.279441,1.862227,2.164909,-1.065352,-1.541443,-4.297178,2468.4333,3.123964,0.857715,1.724547,2.217631,-0.548019,-0.871946,-1.4682,2531.246,3.080255,0.858023,1.672095,2.021919,-0.539425,-0.791452,-1.14156,7372.9014,5.768192,1.979348,3.280783,3.596482,-1.464019,-2.310116,-2.772744,7550.453,6.234624,1.974975,3.19225,3.536408,-1.47298,-2.278342,-2.958355
5.0,50.0,156963.7,10.67684,40.91009,58.892376,61.357956,-24.11124,-33.785763,-89.45094,151946.77,9.634634,40.03968,61.41438,64.43368,-22.779753,-31.59958,-89.41479,5806.787,4.645441,1.349247,2.024921,2.301727,-1.04018,-1.739794,-1.766891,5508.207,4.487655,1.323728,2.050133,2.340078,-0.997429,-1.651443,-2.794275,1962.9006,2.994059,0.639534,1.232898,1.546462,-0.433253,-0.729899,-1.899854,2177.649,3.033535,0.744323,1.455752,1.803942,-0.51399,-0.825528,-1.083856,7442.562,6.141585,2.002786,3.291284,3.647184,-1.50713,-2.616949,-2.752321,7036.62,5.856852,1.981983,3.341468,3.801108,-1.514132,-2.620987,-7.144662,154219.16,10.632886,38.916164,56.145374,58.94193,-23.305061,-32.84559,-91.73747,141078.89,9.784875,36.88302,52.039757,54.96415,-19.749138,-27.876112,-58.722202,6251.014,4.636103,1.512136,2.272166,2.614938,-1.123234,-1.871127,-2.155649,6443.4316,5.717765,1.404959,2.007435,2.350247,-1.20234,-2.010655,-1.939643,2598.6035,3.218534,0.904706,1.792277,2.278041,-0.602369,-0.938831,-2.564916,2694.0486,3.183505,0.89589,1.727683,2.16568,-0.571985,-1.064106,-1.127053,7891.8643,6.010074,2.140039,3.542282,3.996701,-1.629792,-2.773745,-3.01002,8212.466,6.587668,2.133941,3.439782,3.821212,-1.630321,-2.770049,-2.983991
5.0,55.0,162628.33,11.268286,42.90417,59.082966,62.0584,-24.42394,-33.424595,-87.330246,157057.69,9.973577,41.40324,61.757324,65.652275,-23.05784,-31.977015,-91.24343,6188.1616,4.766934,1.487701,2.084443,2.494959,-1.127944,-1.871028,-5.136303,5867.262,4.655267,1.420689,2.096927,2.561807,-1.055927,-1.713391,-4.617773,2027.0153,3.025601,0.646532,1.19079,1.576667,-0.464882,-0.719122,-1.890987,2260.988,3.10391,0.751912,1.471919,2.861022,-0.541037,-0.930138,-2.499043,7804.495,6.258696,2.103249,3.336052,3.810474,-1.627499,-2.534361,-4.393007,7375.2275,6.054067,2.054502,3.389244,3.702205,-1.615052,-2.948156,-6.055181,159511.88,11.007412,41.166245,56.463444,59.875866,-23.63688,-31.334513,-85.995224,145643.84,10.339975,39.314922,52.81626,55.301716,-19.950302,-25.558313,-72.972755,6651.413,4.801119,1.634664,2.33637,2.692783,-1.194257,-1.951687,-3.487179,6913.559,5.915417,1.573436,2.122761,2.496262,-1.313138,-2.153253,-3.245002,2701.5415,3.312029,0.915121,1.852756,2.289924,-0.628805,-1.106789,-3.267851,2779.429,3.204513,0.902331,1.648435,2.075652,-0.606687,-0.934306,-2.478767,8255.076,6.215368,2.222868,3.609378,4.076946,-1.733342,-3.162582,-6.742593,8639.66,6.714553,2.26019,3.52595,3.976111,-1.763175,-2.982109,-6.252040
5.0,60.0,171987.55,17.38966,41.25065,56.482582,59.40432,-25.040213,-31.283619,-82.521225,165399.61,16.181076,40.944023,59.196056,61.974117,-23.410067,-28.998158,-79.932556,6939.097,6.338039,1.560647,2.177262,2.491402,-1.281323,-1.853635,-2.448776,6755.205,6.185796,1.512319,2.192067,3.087366,-1.214968,-1.785873,-2.349224,2156.9043,3.280452,0.695151,1.302331,1.654746,-0.489908,-0.780233,-1.188659,2430.845,3.352972,0.803659,1.531528,3.056684,-0.56989,-0.915992,-1.312115,8602.148,8.578489,2.294361,3.391881,3.816485,-1.819885,-2.997211,-3.474493,8317.565,8.185678,2.266796,3.474302,3.853762,-1.823849,-3.046013,-3.445349,167501.64,19.571434,39.39525,54.268677,57.9144,-23.962868,-31.131227,-82.322395,152446.48,16.405281,37.4985,52.408615,54.09465,-20.07085,-26.335009,-72.18672,7726.6436,6.590941,1.773378,2.498865,2.794441,-1.381654,-2.010023,-2.6014,7583.488,8.176418,1.568748,2.074248,2.381235,-1.454147,-2.078193,-2.706479,2898.9001,3.642901,0.965051,1.944615,4.21978,-0.656112,-1.086129,-1.978827,2960.5752,3.550097,0.970964,1.77589,2.342433,-0.639444,-1.002754,-2.040943,9422.43,8.995754,2.532831,3.764651,4.046511,-1.973527,-3.326067,-3.894639,9521.995,9.88853,2.48789,3.679491,4.083792,-1.956726,-3.265617,-4.729587
5.0,65.0,175170.88,12.266573,44.500393,61.873814,65.374695,-25.577526,-34.265594,-101.39731,167271.56,11.035597,43.253876,62.63293,66.094864,-23.7219,-32.01175,-82.30571,6804.0166,5.208941,1.591681,2.256407,2.58305,-1.349358,-2.396263,-6.756729,6678.075,5.166656,1.564567,2.262033,2.569648,-1.292488,-2.274926,-3.466394,2176.9097,3.181831,0.694612,1.315938,1.757126,-0.522572,-0.849416,-1.846366,2461.2988,3.260038,0.795566,1.574787,1.930767,-0.607343,-1.014585,-2.004593,8500.734,6.876071,2.327877,3.582124,4.031062,-1.909132,-3.319844,-3.585543,8294.717,6.70505,2.307073,3.624542,4.024459,-1.944218,-3.485514,-5.909362,169400.64,12.411045,42.1185,58.13695,61.351818,-24.271442,-30.746914,-85.87902,154197.89,11.117067,39.6113,55.386345,66.886894,-20.49422,-25.10924,-35.5217,7593.1147,5.33705,1.808212,2.562983,2.979932,-1.465085,-2.601053,-3.624606,7545.329,6.499144,1.651855,2.216153,2.517782,-1.545731,-2.714941,-3.868209,2923.9438,3.464198,0.963319,1.971684,2.371652,-0.702951,-1.145773,-3.03175,2958.7617,3.373919,0.966249,1.862632,2.315897,-0.685178,-1.112712,-2.803571,9341.398,6.904124,2.53269,3.991567,4.465225,-2.109684,-3.7962,-4.139279,9378.199,7.406942,2.508588,3.846732,4.180997,-2.06971,-3.685916,-3.796106
5.0,70.0,180229.78,12.062987,44.33861,65.86067,70.81988,-26.186815,-30.781357,-92.40223,171864.2,10.791956,43.104458,68.51652,74.88631,-24.198261,-28.53462,-78.32856,6882.106,5.193302,1.536614,2.020298,2.366275,-1.409159,-2.31644,-6.736896,6778.6904,5.148119,1.519452,2.04958,2.341701,-1.341299,-2.262553,-6.537946,2209.337,3.200862,0.663204,1.349803,1.704097,-0.54394,-0.985639,-2.694055,2496.358,3.279656,0.755539,1.555432,1.9593,-0.621652,-1.158453,-3.193897,8584.937,6.827506,2.24595,3.270043,3.661695,-1.980887,-3.910558,-4.162085,8373.038,6.644231,2.208318,3.348167,3.731105,-1.985612,-4.040433,-4.77332,173891.75,11.927573,41.819557,57.037834,60.063953,-24.76756,-28.548492,-80.72487,158202.27,10.770703,39.120617,51.941826,55.38886,-20.872969,-23.967873,-61.89583,7701.0225,5.315354,1.751932,2.325353,2.700942,-1.537666,-2.484323,-7.355474,7684.4014,6.479966,1.625863,2.031366,2.341477,-1.620365,-2.603155,-2.706854,2974.9,3.48367,0.92508,1.912719,2.227217,-0.713738,-1.313898,-3.620441,2998.5947,3.388113,0.920915,1.826622,3.102227,-0.709148,-1.27624,-3.507771,9458.526,6.830405,2.492328,3.873824,4.264985,-2.15427,-4.396063,-7.312334,9494.486,7.333214,2.485004,3.774664,4.252623,-2.133042,-4.271686,-4.974282
5.0,75.0,185586.77,12.006627,47.94031,67.310555,71.11358,-26.785816,-32.91576,-97.092476,176367.23,10.748358,46.08075,66.604065,69.938965,-24.684763,-30.97367,-85.9302,6978.732,5.256752,1.660866,2.415277,2.751165,-1.494016,-2.726598,-7.605561,6933.325,5.203592,1.640911,2.381119,2.738905,-1.441624,-2.677301,-3.551989,2250.1394,3.264157,0.70765,1.357112,1.771606,-0.57415,-1.070523,-2.341762,2562.0674,3.350407,0.806017,1.548237,2.030991,-0.664634,-1.252454,-2.413325,8645.624,6.86188,2.421693,3.802039,4.125183,-2.080083,-4.109479,-8.588127,8562.533,6.745353,2.390414,3.784293,4.098691,-2.142061,-4.21116,-8.46074,178173.44,11.760362,45.09331,62.275593,66.01517,-25.193035,-29.042767,-74.19761,162020.3,10.581557,42.346783,58.41707,65.79075,-21.261478,-24.69319,-71.78841,7872.7065,5.370536,1.892898,2.708572,4.648533,-1.633027,-2.967468,-5.414107,7779.0635,6.514164,1.750506,2.36256,2.679504,-1.711986,-3.070098,-8.756451,3059.0908,3.553959,0.991675,1.979282,2.457842,-0.762343,-1.367538,-3.019074,3054.1055,3.458535,0.998338,1.946682,2.38465,-0.748242,-1.328948,-3.784243,9700.871,6.907614,2.650293,4.210055,4.644506,-2.347665,-4.642093,-10.205446,9573.8,7.365093,2.60953,4.09228,4.685369,-2.264298,-4.42448,-9.532789
5.0,5.0,48303.887,4.937347,6.201158,6.824542,8.551558,-7.027589,-9.302701,-26.47676,47090.863,4.643048,6.281004,6.970078,8.73275,-6.744327,-9.21328,-26.514902,1414.7516,2.079344,0.1824,0.23052,0.72465,-0.162887,-0.28921,-1.437972,1419.6084,2.085981,0.183208,0.21573,1.789366,-0.167097,-0.316288,-0.730744,672.8727,1.706605,0.119046,0.161303,0.460122,-0.116204,-0.195276,-0.571503,738.5093,1.714166,0.111322,0.212741,0.339068,-0.134093,-0.240108,-1.692209,1898.731,2.657443,0.245596,0.294886,2.011377,-0.255218,-0.404851,-1.200941,1827.8934,2.570345,0.240223,0.30229,1.03663,-0.254446,-0.411968,-1.06449,45075.94,5.25238,5.925967,6.494643,7.817977,-6.398548,-8.330137,-8.952517,46251.566,5.068236,5.953741,6.523007,7.863879,-6.34662,-7.556433,-21.241531,1607.774,2.153332,0.201614,0.256859,0.5365,-0.182063,-0.280933,-0.739714,1517.1532,2.421781,0.194058,0.291953,1.251999,-0.182129,-0.266835,-1.861616,945.5263,1.857638,0.142053,0.252655,0.576107,-0.166855,-0.264721,-0.652894,987.5138,1.845132,0.147821,0.22909,0.558596,-0.162847,-0.259179,-2.224425,2059.0469,2.738575,0.264091,0.332697,0.707336,-0.269538,-0.557682,-1.190767,2174.5076,2.999638,0.283458,0.320249,1.33874,-0.290649,-0.444715,-1.142250
5.0,10.0,71878.83,5.763069,15.442017,19.372862,21.281384,-11.660665,-14.564932,-16.917522,69180.63,5.412563,15.482481,20.196962,21.841845,-10.951208,-14.587519,-41.958748,2074.969,2.375395,0.445845,0.615612,1.185569,-0.286799,-0.42281,-1.265968,2068.4207,2.373016,0.448331,0.613779,0.915344,-0.289889,-0.446499,-1.270942,923.6494,1.917943,0.281486,0.471949,2.621955,-0.186631,-0.307798,-0.804126,1033.2479,1.942864,0.318519,0.541529,0.796094,-0.214392,-0.368299,-2.911105,2813.8926,3.046722,0.677152,0.975289,1.47219,-0.456327,-0.763225,-2.143313,2707.2551,2.945876,0.670463,0.980126,2.659551,-0.450726,-0.774865,-2.209479,68245.52,6.092472,14.49812,18.500246,19.8227,-10.844137,-13.13177,-37.98721,67866.125,5.735701,14.308248,17.836718,19.062687,-10.261441,-12.162023,-33.21914,2342.1653,2.442775,0.501917,0.69045,0.928962,-0.320483,-0.510104,-1.419704,2217.7002,2.764462,0.46684,0.639075,1.06003,-0.317812,-0.482703,-1.367309,1283.8503,2.082542,0.390129,0.681744,0.982521,-0.260267,-0.434479,-1.258971,1327.7235,2.06212,0.39602,0.656087,2.024673,-0.256967,-0.581529,-0.77069,3029.6787,3.079211,0.703993,1.016994,1.614708,-0.476382,-0.807809,-2.302512,3146.62,3.325354,0.719224,1.029676,1.328085,-0.490555,-0.808573,-2.054343
5.0,15.0,90243.734,6.996283,20.406929,26.519016,28.127666,-14.588648,-19.686058,-57.98547,86638.58,6.502674,20.282507,27.701523,29.5645,-13.735998,-19.029125,-51.501965,2679.2402,2.773402,0.609824,0.862377,1.199403,-0.397667,-0.692829,-2.775165,2646.7751,2.749915,0.60704,0.857263,1.1553,-0.383478,-0.620142,-1.732797,1135.1886,2.141583,0.359851,0.623262,0.94357,-0.230678,-0.383858,-1.033723,1266.6779,2.166316,0.410582,0.720412,1.044871,-0.263842,-0.41606,-0.718882,3640.9224,3.642605,0.927,1.373353,1.790784,-0.616097,-1.045201,-2.912849,3488.762,3.513315,0.914308,1.390603,1.672487,-0.600914,-1.012615,-2.617032,86828.66,7.461925,19.201324,25.385443,27.282963,-13.83104,-18.211954,-20.574867,84617.5,6.941628,18.81814,24.267809,28.830448,-12.666705,-15.50719,-43.19461,3003.877,2.844142,0.684364,0.950516,1.19611,-0.428647,-0.693771,-1.796185,2857.6238,3.262088,0.630776,1.008805,1.162603,-0.443724,-0.702674,-0.849058,1561.4065,2.328658,0.500037,0.895787,1.257398,-0.318672,-0.520071,-1.229062,1605.7917,2.292224,0.507304,0.853234,1.207791,-0.317621,-0.493932,-0.789751,3924.4922,3.691331,0.970915,1.448519,1.794927,-0.643168,-1.033461,-1.391076,4043.3682,3.976969,0.983227,1.45076,1.819892,-0.658162,-1.05598,-2.868416
5.0,20.0,105100.34,7.911228,24.922842,33.08874,34.758835,-16.843878,-22.4982,-62.314075,101345.66,7.306374,24.684414,34.712765,36.959446,-15.977844,-22.783995,-34.233093,3222.2307,3.108992,0.755931,1.152431,1.408492,-0.494753,-0.82157,-1.33443,3137.3523,3.061899,0.746133,1.096972,1.33192,-0.483725,-0.777954,-2.050545,1295.5143,2.291559,0.426609,0.762035,1.132472,-0.276036,-0.459393,-1.202895,1438.3849,2.32004,0.487513,0.893952,1.254913,-0.322167,-0.513089,-1.377403,4367.372,4.126287,1.143542,1.753601,2.037705,-0.787701,-1.352256,-2.170539,4133.342,3.955183,1.120776,1.796688,2.173771,-0.767115,-1.299642,-3.484349,102201.11,8.389997,23.484394,31.827147,33.654575,-16.215488,-21.612707,-60.01496,97823.57,7.794982,22.848158,30.110264,32.428967,-14.472723,-17.8686,-50.165302,3569.3633,3.181865,0.841848,1.263789,1.66475,-0.541516,-1.035738,-2.512083,3470.033,3.707859,0.779983,1.099916,1.363065,-0.557245,-0.917078,-1.480553,1753.7198,2.488698,0.592131,1.112852,1.620606,-0.382951,-0.585042,-1.633241,1824.1576,2.458525,0.596426,1.057657,1.39086,-0.381951,-0.872542,-1.518565,4634.3906,4.141739,1.188531,1.864496,2.243778,-0.81205,-1.311592,-3.699708,4844.93,4.505755,1.208721,1.840857,2.211502,-0.835856,-1.348613,-3.716327
5.0,25.0,117003.586,8.789137,28.417913,38.433796,40.949406,-18.5588,-21.936975,-64.50259,112995.67,7.948919,28.042637,40.296764,43.15163,-17.58786,-22.487595,-65.99839,3679.4563,3.362977,0.870477,1.266628,1.529984,-0.57331,-1.107639,-2.801439,3530.7927,3.303447,0.853254,1.26878,1.581813,-0.554455,-0.906066,-2.50325,1426.4523,2.424335,0.472657,0.854052,1.19466,-0.29925,-0.52349,-3.462259,1582.2938,2.468274,0.545301,1.032144,1.388443,-0.34774,-0.619248,-1.501589,4947.282,4.489034,1.318116,2.050776,2.347581,-0.897297,-1.626056,-4.506174,4630.1167,4.308357,1.290825,2.099667,2.60311,-0.868207,-1.612339,-2.170607,114486.266,9.167739,26.837069,36.96451,38.904705,-17.989025,-21.42059,-61.544266,108104.93,8.600547,26.047161,34.895218,36.679073,-15.799585,-18.498669,-44.61577,4027.754,3.436757,0.965944,1.404377,1.750302,-0.622254,-1.027164,-1.304918,4000.463,4.057867,0.901799,1.290035,1.594347,-0.648811,-1.013973,-2.912227,1917.7689,2.645549,0.662935,1.27725,1.699218,-0.415033,-0.707431,-1.881898,2000.9742,2.599901,0.658806,1.18959,1.427922,-0.406324,-0.694339,-2.123261,5174.93,4.494465,1.373765,2.187736,2.495042,-0.922476,-1.674383,-2.026963,5512.589,4.906407,1.407892,2.165359,2.484695,-0.96591,-1.723964,-4.812621
5.0,30.0,128492.24,9.592323,31.421715,43.055706,45.017937,-20.100933,-27.728048,-35.701653,123536.74,8.69148,30.94156,45.09418,47.907017,-18.981977,-26.395998,-30.738438,4187.7773,3.727432,0.985681,1.440365,2.552546,-0.684263,-1.138731,-1.272931,4075.3489,3.687896,0.968688,1.464383,1.752371,-0.657491,-1.064155,-2.896847,1552.2776,2.558554,0.515488,0.954283,1.219225,-0.333267,-0.514831,-1.421361,1746.9207,2.622241,0.596096,1.123953,1.413432,-0.388667,-0.600044,-0.883746,5602.4385,5.015243,1.486942,2.329863,2.668514,-1.059581,-1.708669,-4.620652,5351.5967,4.857654,1.468064,2.391364,2.695546,-1.037857,-1.636194,-2.689516,125462.234,10.014528,29.690725,41.256184,43.392746,-19.474735,-25.369852,-29.761229,117685.35,9.301936,28.661068,38.895355,41.432274,-17.16225,-21.433117,-58.323112,4652.9326,3.842693,1.103631,1.617955,1.908705,-0.742179,-1.223805,-3.349119,4526.0947,4.503618,1.017437,1.459666,1.672171,-0.768911,-1.267172,-1.554167,2118.9148,2.821314,0.722581,1.390573,1.742341,-0.463111,-0.754008,-1.230725,2161.8914,2.740885,0.719943,1.30165,1.912302,-0.4501,-0.699306,-1.825864,6047.502,5.131496,1.571417,2.50655,2.851965,-1.115545,-1.700468,-2.16714,6203.2046,5.471528,1.590333,2.475515,2.739724,-1.131477,-1.739342,-2.049725
5.0,35.0,137945.2,15.140986,33.18285,45.51309,48.096474,-21.026047,-29.186226,-79.33202,134433.86,12.972383,33.21954,49.156906,51.17883,-20.045906,-27.696095,-41.19645,5141.604,4.702339,1.154434,1.703785,2.062937,-0.819025,-1.091879,-2.663291,4734.112,4.534082,1.099391,1.676928,1.974815,-0.756523,-1.261498,-1.492476,1769.3989,2.839978,0.583552,1.059011,1.418787,-0.360519,-0.678348,-0.952778,1948.6334,2.90335,0.670992,1.265179,1.62159,-0.431827,-0.767753,-1.168519,6622.841,6.435534,1.670354,2.588546,2.872495,-1.206615,-1.717698,-2.286332,6078.2393,6.120769,1.632502,2.637334,3.003545,-1.145881,-1.788805,-2.606377,135844.25,15.908921,31.538408,44.244995,46.395508,-20.44081,-28.74484,-80.832,125209.914,14.482581,30.536745,41.97815,43.732925,-17.387619,-24.409826,-66.52959,5461.79,4.80005,1.272332,1.887551,2.169355,-0.865074,-1.161303,-1.522011,5461.449,5.808115,1.161091,1.653461,2.030035,-0.91005,-1.236998,-1.744046,2316.6443,3.121363,0.79966,1.500586,1.939565,-0.487007,-0.889524,-1.516876,2453.0962,3.062073,0.801905,1.428396,3.539016,-0.480479,-0.66734,-1.57068,6859.2236,6.610667,1.758957,2.769479,3.125112,-1.233471,-1.910578,-2.859139,7407.5996,7.334056,1.791224,2.715042,3.051469,-1.313194,-1.98844,-2.976155
5.0,40.0,144168.2,11.383534,36.80826,51.673637,54.652817,-21.84387,-25.295805,-75.015144,140089.47,10.106662,36.39612,55.569492,58.798218,-20.888805,-26.316265,-69.936676,5374.182,4.294868,1.258998,1.902184,2.254552,-0.955165,-1.531072,-4.419238,4977.6846,4.175852,1.214719,1.91145,2.203651,-0.871018,-1.490209,-4.289284,1826.7415,2.79643,0.62003,1.196186,1.654436,-0.406375,-0.706401,-1.807124,2020.238,2.867735,0.726539,1.508023,2.020222,-0.472477,-0.836292,-2.330551,7001.7065,5.779891,1.874124,3.028382,3.493676,-1.417388,-2.597709,-7.264974,6491.182,5.54518,1.847991,3.217732,3.675445,-1.367025,-2.601568,-6.960024,141891.31,11.800986,34.86118,50.02029,52.102158,-21.363562,-24.787884,-66.71251,129994.29,10.946012,33.33471,46.631065,48.736126,-18.032135,-20.928381,-57.375088,5722.8975,4.357685,1.396169,2.118535,2.432493,-0.997148,-1.695561,-4.755603,5840.141,5.282638,1.283141,1.866021,2.159606,-1.07791,-1.69979,-4.865939,2398.8276,3.052247,0.866242,1.799493,2.281095,-0.551243,-0.945434,-2.512778,2518.8894,2.982598,0.853326,1.627217,2.177553,-0.536438,-0.908076,-2.453333,7241.652,5.755907,1.971909,3.312808,3.869686,-1.459461,-2.716342,-7.468556,7801.2637,6.32962,2.006736,3.186637,3.671227,-1.540792,-2.803435,-7.581396
5.0,45.0,152264.11,11.470902,39.13824,55.21779,57.491474,-23.017744,-26.987152,-38.746887,147707.08,10.147702,38.715717,59.248978,62.467228,-21.842558,-25.738983,-39.5824,5595.3135,4.39601,1.334066,1.972469,2.386356,-0.979109,-1.375131,-1.860558,5200.03,4.280733,1.278095,2.005102,2.783106,-0.902823,-1.283837,-1.592352,1885.7117,2.873695,0.629725,1.203556,1.618304,-0.413785,-0.59894,-0.928498,2087.5627,2.945062,0.740175,1.492008,1.879282,-0.479876,-0.755634,-1.107022,7246.668,5.883537,1.983761,3.179592,3.639295,-1.437398,-2.174895,-2.664376,6712.372,5.635778,1.934018,3.317338,3.808175,-1.398301,-2.2733,-2.616576,149497.3,11.63127,37.15018,53.25779,57.131474,-22.338057,-26.130442,-37.285835,136438.5,10.848517,35.3198,49.5062,52.518078,-18.840454,-22.165848,-32.670662,5966.061,4.45104,1.471908,2.240099,2.58927,-1.03105,-1.457898,-1.896512,6156.757,5.442101,1.372822,1.945038,2.261166,-1.1197,-1.547854,-1.878617,2483.265,3.135608,0.88926,1.810098,2.184608,-0.559863,-0.881378,-1.233323,2600.9058,3.058535,0.868855,1.632839,1.970388,-0.540156,-0.769761,-1.104034,7505.462,5.846438,2.071334,3.455879,3.861065,-1.506096,-2.402766,-2.711606,8120.1997,6.441491,2.122393,3.360145,3.847877,-1.589594,-2.399658,-2.834759
5.0,50.0,159591.42,11.661814,41.2822,58.85882,61.6853,-23.964485,-27.969154,-79.71683,154379.22,10.30399,40.77372,62.72066,66.22841,-22.68541,-28.631332,-41.928753,5900.8037,4.542904,1.404714,2.089454,2.462193,-1.06556,-1.77676,-2.097033,5530.277,4.457125,1.35201,2.112928,2.344756,-0.990888,-1.712058,-4.90461,1960.4357,2.942993,0.647714,1.241446,1.547451,-0.43952,-0.757053,-2.159863,2182.9785,3.030188,0.760532,1.535852,1.857366,-0.51742,-0.881574,-1.483641,7579.382,6.04634,2.091875,3.349626,3.798985,-1.562824,-2.868857,-3.744685,7105.9507,5.852473,2.048167,3.482057,3.999181,-1.540131,-2.841756,-7.931662,156020.6,11.662853,39.206017,56.52988,58.771763,-23.183365,-26.97155,-71.847565,142101.5,10.959929,37.13142,52.604504,54.992558,-19.44954,-22.676834,-57.20833,6327.9053,4.622287,1.555987,2.37317,2.649085,-1.126303,-1.951481,-2.50854,6554.5103,5.655933,1.457148,2.065363,2.33282,-1.229052,-2.033306,-6.011921,2598.4426,3.22689,0.917352,1.869865,2.186501,-0.604527,-1.012978,-2.84301,2695.5068,3.126109,0.897763,1.682153,2.06627,-0.577432,-0.976888,-1.361105,7956.2725,6.06709,2.197823,3.638162,4.119209,-1.657287,-3.030671,-4.987213,8487.726,6.595689,2.246926,3.529023,3.907953,-1.726036,-3.114415,-4.501603
5.0,55.0,166446.45,11.784666,42.240837,58.464092,61.21211,-24.899067,-29.79695,-79.09996,160436.7,10.377289,41.634888,61.060635,64.43241,-23.467142,-29.594744,-51.465313,6128.093,4.649729,1.45849,2.103445,2.788373,-1.119867,-1.899055,-2.648996,5803.6143,4.585223,1.398177,2.085781,2.390554,-1.051683,-1.846568,-5.049094,2023.158,3.005157,0.656015,1.202434,1.494269,-0.456036,-0.761191,-1.401289,2264.5132,3.104453,0.764155,1.521477,1.926012,-0.539577,-0.933237,-1.86477,7836.3286,6.17508,2.167787,3.324541,3.65534,-1.629219,-2.902361,-5.151732,7405.2783,5.9991,2.110537,3.399637,3.704081,-1.627228,-2.947872,-5.898666,161958.36,11.663887,40.021156,55.645924,58.57037,-23.858116,-27.765017,-75.53081,147153.98,10.973681,37.867504,52.270275,55.74355,-20.031483,-23.09126,-67.958176,6626.373,4.749678,1.609717,2.346687,2.672457,-1.193469,-2.076671,-3.25145,6849.171,5.798704,1.51734,2.067831,2.466943,-1.296606,-2.164711,-3.057606,2699.3079,3.30571,0.922207,1.938071,2.312432,-0.628901,-1.120072,-2.217798,2775.823,3.189816,0.906908,1.65902,2.120517,-0.598375,-0.991977,-2.603483,8319.561,6.214339,2.290207,3.622518,4.029522,-1.75427,-3.213918,-6.288908,8743.079,6.701464,2.346186,3.545674,4.029069,-1.789775,-3.141757,-6.132941
5.0,60.0,172786.86,11.723806,44.93752,64.57424,68.10226,-25.506857,-35.455196,-68.815475,165831.14,10.379238,44.095596,67.76728,71.62851,-24.073013,-33.75367,-98.47933,6298.27,4.76951,1.528907,2.27145,3.330924,-1.2942,-2.170161,-2.424202,6087.9443,4.725929,1.488029,2.304684,2.622009,-1.220959,-1.97396,-5.183407,2088.3337,3.082776,0.679319,1.304589,1.639303,-0.512414,-0.855502,-2.596897,2349.5935,3.169822,0.79404,1.569095,2.011033,-0.6021,-1.056923,-3.25159,8019.3315,6.320942,2.290445,3.6434,4.142217,-1.859012,-3.046766,-8.297508,7739.7495,6.164215,2.226862,3.760466,4.294869,-1.897376,-3.25912,-9.977452,167272.06,11.57744,42.598003,61.373245,64.54912,-24.390436,-33.837704,-95.82188,151946.25,10.788188,40.065273,57.12892,60.53749,-20.383362,-27.968424,-77.46588,6935.75,4.881607,1.713156,2.575186,3.075513,-1.400547,-2.311436,-2.542693,7060.071,5.959015,1.604487,2.21273,2.463646,-1.495294,-2.471344,-2.974679,2808.1655,3.374774,0.969452,1.971415,2.520736,-0.702364,-1.352819,-4.077016,2851.493,3.268352,0.946838,1.823145,2.24959,-0.670603,-1.155367,-3.209734,8726.548,6.385038,2.418348,4.006614,5.022276,-2.04383,-3.540725,-10.933254,8917.079,6.842961,2.449145,3.831879,4.289724,-2.024608,-3.327986,-9.856505
5.0,65.0,179791.61,12.406587,45.27604,66.30979,70.59246,-27.531654,-37.27226,-107.67463,172355.05,11.499478,43.49029,66.18082,70.03115,-25.454529,-34.916096,-69.22499,6500.365,5.247357,1.433039,2.037866,4.571925,-1.23106,-2.050954,-5.84096,6377.1636,5.118449,1.402275,2.053799,2.423724,-1.194293,-1.919583,-5.64304,2139.6553,3.183635,0.636845,1.286254,1.662129,-0.507428,-0.883232,-2.317149,2422.5906,3.230643,0.723736,1.475739,1.978801,-0.593597,-1.112038,-1.33842,8138.148,6.909431,2.133661,3.334949,3.727385,-1.772679,-3.322495,-3.30685,7993.545,6.636543,2.081962,3.316775,3.664779,-1.820138,-3.602155,-3.323777,173595.9,12.892048,42.132668,59.781757,64.15821,-26.087807,-34.376404,-96.62023,157297.36,11.252493,39.906227,56.241596,59.585712,-21.946463,-29.372656,-82.72768,7289.099,5.322892,1.638468,2.325436,2.618169,-1.355038,-2.220159,-6.195502,7261.048,6.625244,1.512859,2.013738,2.367216,-1.426569,-2.384047,-6.714221,2899.9766,3.456643,0.889571,1.880839,2.327943,-0.69107,-1.284204,-2.285478,2923.1018,3.400678,0.898786,1.858994,2.297884,-0.666021,-1.175281,-1.498143,9098.409,7.005986,2.335596,3.659984,3.989965,-1.996962,-3.994229,-11.206177,9084.303,7.618739,2.321683,3.564428,3.909372,-1.947797,-3.808015,-10.629098
5.0,70.0,184065.3,12.065408,48.440533,71.121315,74.40452,-27.030123,-31.537539,-51.716637,175390.53,10.53699,47.32398,73.80737,77.91685,-25.075338,-29.333221,-44.48351,6624.235,4.935328,1.658743,2.498241,3.089579,-1.277348,-1.83891,-2.261499,6464.4727,4.896875,1.616855,2.528897,2.864975,-1.227918,-1.776197,-2.05774,2182.3254,3.179945,0.718997,1.424211,1.784865,-0.509466,-0.753597,-1.227873,2457.7969,3.250205,0.828501,1.683019,1.994708,-0.601737,-0.980851,-1.349014,8281.72,6.474676,2.451329,4.084545,4.474039,-1.786811,-2.796681,-3.305516,8051.2686,6.305681,2.396349,4.154235,4.685747,-1.832816,-2.928554,-3.38803,176634.3,11.592906,45.896286,67.189415,71.50211,-25.483356,-29.68563,-41.28087,160185.7,10.738586,43.002247,62.456303,65.37015,-21.410368,-24.803768,-39.194763,7352.604,5.056254,1.859909,2.842796,3.19267,-1.389636,-2.00326,-2.38988,7456.351,6.198548,1.738711,2.447262,2.831295,-1.48249,-2.089983,-2.629794,2941.7302,3.466901,1.020406,2.103492,2.533236,-0.69735,-1.067343,-1.521328,2966.9111,3.356686,1.007683,2.007141,2.42275,-0.668971,-1.039507,-1.43082,9131.345,6.543648,2.615992,4.464659,5.035077,-2.003158,-3.242867,-4.164659,9226.455,7.00989,2.62663,4.310146,4.759969,-1.957367,-3.184556,-3.706328
5.0,75.0,188680.66,12.21586,49.943317,73.913765,78.13504,-27.638237,-31.888226,-46.471424,179741.06,10.626531,48.78519,77.16972,81.592186,-25.56948,-29.519398,-47.31155,6815.401,5.044625,1.728758,2.666541,2.907928,-1.335557,-1.93796,-2.487153,6610.1943,4.985249,1.699537,2.692529,2.968777,-1.281798,-1.876587,-2.346616,2219.3325,3.20217,0.739856,1.481626,1.808874,-0.533276,-0.800867,-1.163848,2489.1428,3.265603,0.858385,1.741278,2.108939,-0.624871,-0.959844,-1.357264,8469.926,6.5951,2.534347,4.334197,4.884633,-1.862078,-2.911482,-3.512051,8180.5254,6.393162,2.510952,4.406052,4.82273,-1.90416,-3.113497,-3.585939,180737.1,11.605976,47.295994,70.00585,73.128174,-25.965408,-30.245407,-52.910774,163537.0,10.770042,44.261,64.66553,68.53355,-21.755028,-24.929283,-40.40019,7499.668,5.138942,1.949044,3.014926,3.322998,-1.448906,-2.091219,-2.449195,7689.2627,6.321422,1.810347,2.780287,3.00428,-1.552609,-2.183583,-2.649011,2976.866,3.478553,1.060905,2.202412,2.650272,-0.720503,-1.114793,-1.472152,3016.736,3.381034,1.041196,2.104384,2.431735,-0.692964,-1.034021,-1.310235,9263.394,6.611025,2.745894,4.735764,5.19071,-2.074421,-3.423514,-3.975708,9431.91,7.106646,2.723639,4.594268,4.962039,-2.03814,-3.311897,-3.668565
5.0,5.0,44605.586,3.669094,8.223604,11.343147,32.736362,-7.245514,-9.623836,-26.300833,42653.46,3.319148,8.27627,11.635609,10.751669,-6.830093,-9.517339,-10.189999,1053.1964,1.648418,0.214757,0.436332,0.801466,-0.15904,-0.313639,-0.677919,1074.0094,1.669924,0.198394,0.293328,0.868252,-0.157819,-0.271492,-1.246414,573.2009,1.577458,0.145137,0.30509,0.789787,-0.112755,-0.217631,-0.6795,627.6543,1.582426,0.160848,0.336361,0.618972,-0.122005,-0.313396,-0.675159,1460.9967,2.001333,0.301828,0.536252,1.560158,-0.239041,-0.391586,-1.023787,1417.762,1.97284,0.296877,0.590432,1.675616,-0.230849,-0.428426,-1.349317,40261.188,3.397771,7.433136,10.434432,26.118662,-6.466071,-8.499543,-24.757685,41756.03,3.512852,7.511227,10.24624,23.52098,-6.380672,-7.652352,-22.582153,1194.1147,1.68346,0.226341,0.298137,0.83512,-0.171977,-0.314301,-1.55805,1189.7644,1.853992,0.221718,0.336789,0.822158,-0.184835,-0.271859,-0.830944,814.9007,1.691037,0.208027,0.450285,0.738519,-0.153934,-0.291473,-1.479654,838.5001,1.672314,0.20856,0.424773,0.750724,-0.158338,-0.257508,-0.820154,1574.0854,1.992553,0.312734,0.593814,1.525564,-0.248114,-0.410823,-1.050293,1677.3451,2.130038,0.332712,0.621969,1.709702,-0.262152,-0.409461,-1.884765
5.0,10.0,74608.7,7.165237,13.458256,15.520393,16.819405,-11.675186,-16.820759,-48.263283,71679.04,6.524355,13.596762,16.208603,17.775454,-10.994797,-15.994523,-18.37708,2125.926,2.616263,0.381361,0.495034,0.978147,-0.278785,-0.439348,-1.225112,2108.6458,2.60211,0.378134,0.473515,0.746727,-0.276825,-0.431396,-1.287182,925.0325,1.970013,0.227712,0.386086,0.68298,-0.176383,-0.290373,-2.152523,1031.7443,1.9985,0.254041,0.432675,0.684617,-0.202461,-0.305811,-0.60662,2805.4314,3.410989,0.54571,0.713887,1.035537,-0.430879,-0.669428,-1.811664,2707.7349,3.29379,0.537303,0.722804,1.076842,-0.422358,-0.632043,-3.733044,70365.2,7.487545,12.684619,15.149867,16.491816,-10.835465,-15.67649,-16.670256,69918.27,7.067235,12.559199,14.762244,16.443598,-10.213205,-13.840057,-41.036613,2403.342,2.714409,0.428243,0.53232,0.815718,-0.304482,-0.476192,-0.854478,2278.025,3.097532,0.400443,0.51322,0.793667,-0.312995,-0.488229,-1.327924,1299.3049,2.169163,0.31567,0.553579,0.807471,-0.250624,-0.373168,-0.965579,1337.4009,2.13765,0.323014,0.51746,0.841695,-0.268533,-0.512715,-0.949751,3080.5542,3.542814,0.572487,0.75824,1.023549,-0.455681,-0.665177,-1.872163,3193.5908,3.85717,0.591973,0.770227,1.08812,-0.469241,-0.707258,-2.008253
5.0,15.0,89514.016,7.238736,20.933681,27.418003,29.50691,-14.43345,-18.48901,-53.90831,86318.164,6.690826,20.698368,28.567472,30.911812,-13.623246,-18.481424,-52.329266,2638.2825,2.838858,0.59422,1.010126,1.14213,-0.371876,-0.586631,-1.525819,2562.2937,2.780347,0.593478,0.856862,1.157819,-0.36934,-0.601304,-1.164239,1101.5386,2.120365,0.354487,0.636809,0.865948,-0.222072,-0.373594,-1.065753,1211.0973,2.124868,0.399235,0.727545,0.99329,-0.257571,-0.419127,-1.171436,3518.363,3.70787,0.892725,1.378553,1.704551,-0.587935,-0.997299,-2.358957,3339.494,3.533675,0.88367,1.389696,1.699835,-0.576487,-0.960735,-2.589712,86013.9,7.62652,19.550034,26.135454,28.273886,-13.667402,-17.546503,-48.526447,83383.97,7.065312,19.175919,24.93585,26.503197,-12.455695,-14.690154,-42.120476,2914.0986,2.883544,0.668769,0.957973,1.316146,-0.410212,-0.648011,-1.114547,2830.7095,3.348474,0.619736,0.88543,1.175471,-0.41549,-0.662617,-1.761275,1506.6218,2.291414,0.493858,0.911987,1.23465,-0.313379,-0.532275,-1.420377,1569.9617,2.27968,0.500469,0.874498,1.15935,-0.306603,-0.49997,-1.457944,3773.7827,3.714517,0.942321,1.460275,1.73733,-0.621043,-1.016066,-2.830921,3950.834,4.059296,0.956447,1.446429,1.715503,-0.638499,-1.062763,-2.821865
5.0,20.0,105654.734,8.419806,24.676304,33.287113,35.74494,-16.939388,-23.747965,-69.286804,101958.84,7.6302,24.476728,35.065075,37.353184,-16.038584,-22.853228,-65.9959,3202.5464,3.161012,0.74392,1.084519,1.391228,-0.472572,-0.762457,-2.162666,3091.1233,3.105005,0.734827,1.09335,1.537888,-0.462445,-0.728903,-2.075198,1274.1351,2.286911,0.418525,0.779586,1.246382,-0.265245,-0.424395,-1.172939,1418.5315,2.319736,0.480625,0.916384,1.221546,-0.305834,-0.521084,-1.472031,4231.994,4.142051,1.116376,1.924701,2.067975,-0.752104,-1.206212,-3.474265,4012.0261,3.970414,1.103869,1.815936,2.235175,-0.725326,-1.264329,-3.619129,102433.58,8.708889,23.190884,31.904188,33.821198,-16.265537,-22.70901,-67.07,97787.95,8.159244,22.576174,30.018103,32.587975,-14.462931,-18.989334,-33.884842,3527.1357,3.230517,0.828288,1.206854,1.433097,-0.515252,-0.81915,-1.961325,3447.743,3.762595,0.767172,1.11915,1.456319,-0.532882,-0.866997,-2.445686,1740.9907,2.488937,0.591323,1.133861,1.482286,-0.369136,-0.635173,-1.80008,1800.4177,2.45583,0.586233,1.078429,1.401183,-0.363289,-0.554827,-1.59156,4538.5693,4.176053,1.175502,1.891465,2.205304,-0.785142,-1.365479,-3.980989,4749.283,4.537668,1.188486,1.85386,2.127588,-0.8161,-1.282496,-3.704191
5.0,25.0,118127.16,8.93353,28.732956,39.512157,41.529423,-18.638966,-22.925467,-35.148434,113939.266,8.214831,28.226807,41.298313,43.987774,-17.60896,-22.582249,-62.869583,3667.3523,3.458975,0.870942,1.315452,1.652208,-0.567755,-0.905312,-2.614592,3577.0894,3.405731,0.869419,1.402726,1.717629,-0.554239,-0.918263,-1.250351,1412.4034,2.424585,0.47926,0.907719,1.142087,-0.296519,-0.496864,-1.316633,1582.1837,2.465184,0.547763,1.04836,1.358602,-0.349758,-0.584017,-1.721867,4895.861,4.616361,1.31759,2.162446,2.356772,-0.890422,-1.575187,-4.452951,4691.509,4.437155,1.303393,2.169349,2.533868,-0.879452,-1.5705,-4.02049,115016.836,9.35399,27.0005,37.75446,39.425312,-17.95418,-21.22603,-61.72492,108217.21,8.546833,26.159824,35.39069,37.428463,-15.725451,-18.347998,-50.228302,4067.672,3.526196,0.97991,1.521196,1.873658,-0.622963,-1.016894,-2.740661,3964.3657,4.146924,0.90653,1.324758,1.641548,-0.641023,-1.02284,-3.131071,1933.9799,2.64883,0.670098,1.284334,1.722636,-0.41573,-0.699472,-3.312407,1979.3347,2.600504,0.672139,1.242514,1.50277,-0.403382,-0.671171,-2.107882,5311.3696,4.655271,1.400225,2.277794,2.632178,-0.948013,-1.770595,-3.735413,5440.878,4.997245,1.403969,2.240089,2.578157,-0.958397,-1.651645,-4.426461
5.0,30.0,130669.53,11.542328,30.543259,41.065243,43.719368,-19.918098,-23.287823,-30.753141,126134.71,10.65519,30.291471,43.21337,45.490513,-18.793646,-22.019205,-30.85172,4349.8286,4.288247,0.980238,1.438737,1.957532,-0.676629,-1.01375,-1.274427,4195.7104,4.166746,0.966644,1.429951,1.839798,-0.653337,-0.941291,-1.273257,1569.7795,2.637723,0.509346,0.890226,1.29535,-0.327802,-0.513675,-0.714456,1762.5365,2.687606,0.587398,1.031776,1.371366,-0.395932,-0.776006,-0.925929,5716.2417,5.857435,1.460922,2.240038,2.57887,-1.049215,-1.623231,-2.036506,5460.618,5.5636,1.447543,2.270983,2.590097,-1.034504,-1.629381,-1.939983,127367.0,12.613515,28.860939,39.473743,41.020676,-19.239534,-22.540127,-31.08099,118570.12,11.075693,27.916567,37.305084,39.730392,-16.643122,-19.314987,-27.193213,4806.7666,4.405215,1.108015,1.601914,1.986898,-0.756637,-1.05145,-1.439141,4655.519,5.270128,0.990405,1.393845,1.72771,-0.756207,-1.09733,-1.412996,2149.2444,2.918693,0.713835,1.245623,1.581999,-0.454196,-0.760874,-1.109004,2197.792,2.855726,0.712094,1.216049,1.563675,-0.44314,-0.670152,-1.147995,6220.8325,6.054553,1.561506,2.393749,2.689904,-1.120319,-1.977761,-2.197041,6371.1216,6.624954,1.554006,2.327317,2.630386,-1.131235,-1.734821,-2.097345
5.0,35.0,139285.92,10.317889,34.107506,46.65743,49.656715,-21.74122,-28.833748,-79.19668,134045.0,9.293013,33.509663,48.68712,51.31834,-20.773827,-27.725454,-78.91345,4640.303,4.05703,1.087478,1.60553,1.984928,-0.855292,-1.445434,-3.959663,4474.0376,3.974116,1.066745,1.606835,2.048628,-0.798391,-1.361027,-3.653721,1655.8947,2.66259,0.548855,1.012223,1.278125,-0.384639,-0.692604,-0.939857,1867.2418,2.727565,0.633994,1.220046,1.864641,-0.438553,-0.703436,-1.879646,6097.3647,5.416724,1.636628,2.574112,2.858624,-1.280628,-2.22262,-5.987485,5869.6094,5.253044,1.617781,2.6258,3.030259,-1.244408,-2.121336,-5.550675,135785.55,10.580716,32.148426,44.580067,46.71443,-21.098137,-29.063246,-73.92699,125456.51,9.669939,30.821104,41.86488,44.20888,-17.925508,-24.609043,-59.83296,5096.2734,4.131245,1.21689,1.783048,2.164445,-0.909218,-1.550185,-4.395914,5022.9854,4.918447,1.112197,1.587431,1.847997,-0.968172,-1.629426,-1.669261,2260.7024,2.924047,0.76931,1.515965,1.988556,-0.521597,-0.826354,-1.130741,2299.435,2.846137,0.767036,1.409864,2.901752,-0.519856,-0.831486,-2.085377,6612.3843,5.474205,1.753474,2.8046,3.111354,-1.318136,-2.211277,-5.953361,6775.5093,5.887043,1.754922,2.718164,3.055965,-1.349605,-2.244051,-2.480032
5.0,40.0,147749.27,10.432959,36.801144,50.65296,53.50989,-22.76397,-29.551697,-80.067055,142197.95,9.428075,36.030952,52.524574,55.134766,-21.381676,-28.791828,-80.3695,4993.3354,4.236547,1.179199,1.712975,2.663184,-0.833091,-1.404163,-3.958537,4796.302,4.130818,1.155045,1.735325,2.146663,-0.795637,-1.318771,-3.608087,1755.9819,2.768321,0.576755,1.076722,1.447758,-0.378874,-0.604609,-1.690732,1970.2745,2.824577,0.673998,1.439484,1.947193,-0.439643,-0.690101,-1.995607,6518.561,5.631093,1.768997,2.783436,3.21443,-1.268034,-2.147955,-5.78107,6228.2417,5.438858,1.754209,2.856123,3.29952,-1.241886,-2.061029,-5.574612,143964.98,10.619816,34.6654,48.14949,50.779186,-21.887264,-27.541431,-74.407845,132281.34,9.7395,33.07883,45.180897,47.443295,-18.661373,-22.416903,-63.188595,5464.0913,4.295149,1.321127,1.938836,2.354892,-0.899428,-1.498155,-2.848084,5463.7183,5.177012,1.211005,1.691018,2.019906,-0.950351,-1.585868,-1.844946,2378.0918,3.026058,0.818928,1.615728,1.994217,-0.521642,-0.849908,-2.635227,2428.6724,2.951187,0.802262,1.506566,1.998305,-0.507858,-0.780537,-2.202236,7028.6094,5.653599,1.909021,3.024203,3.420211,-1.350103,-2.181074,-5.716948,7253.701,6.112557,1.901325,2.930087,3.224324,-1.376662,-2.25286,-5.389304
5.0,45.0,155236.42,10.798874,38.4309,51.70076,54.759605,-23.555197,-31.26045,-90.305534,149202.83,9.7018,37.613983,53.96839,56.758858,-22.17143,-30.273249,-56.340183,5394.0576,4.460726,1.227928,1.756956,2.090033,-0.957911,-1.64065,-4.641018,5210.58,4.381161,1.205382,1.754527,2.091223,-0.910102,-1.535834,-4.202924,1850.9202,2.854007,0.588666,1.146225,1.504796,-0.417402,-0.690632,-1.95838,2090.3435,2.931834,0.677839,1.388008,1.81232,-0.482723,-0.83912,-2.524761,6969.5967,5.921146,1.844195,2.789344,3.239978,-1.431368,-2.379226,-6.497956,6726.906,5.749785,1.819595,2.893177,3.396541,-1.416252,-2.280286,-7.115773,151036.38,10.831001,36.231483,48.899647,51.08644,-22.716894,-29.32666,-78.19965,138485.38,9.968071,34.464947,46.1798,48.49063,-19.263557,-23.322998,-29.308338,5923.737,4.540184,1.377593,1.968109,2.264007,-1.028509,-1.724477,-4.465086,5905.2183,5.456308,1.270291,1.730399,1.974664,-1.091998,-1.901933,-2.883802,2518.7375,3.13295,0.823348,1.711316,2.082612,-0.572237,-1.055548,-2.991811,2547.892,3.035518,0.818618,1.57864,1.947642,-0.556099,-0.93115,-2.680525,7624.6904,5.999659,2.007615,3.152235,3.55711,-1.547376,-2.584385,-8.080872,7738.3105,6.38235,2.006258,3.062447,3.427796,-1.552084,-2.450779,-7.819707
5.0,50.0,162129.98,11.287484,40.341976,54.415672,58.15946,-24.383015,-29.39866,-86.93522,155992.95,9.988203,39.51235,56.594547,59.749428,-22.994888,-29.05029,-78.32293,5708.2505,4.608831,1.330537,1.893523,2.229126,-1.052638,-1.810268,-1.879402,5418.2544,4.467539,1.287989,1.888533,2.251279,-0.997067,-1.750321,-4.930953,1925.2935,2.929646,0.61222,1.182237,1.567028,-0.443552,-0.762502,-2.030741,2149.7686,2.981262,0.709475,1.431792,1.822093,-0.521989,-1.010877,-2.468255,7210.4272,6.033064,1.982144,2.987879,3.272367,-1.53227,-2.837337,-7.733292,6871.93,5.799635,1.928172,3.082013,3.461643,-1.541998,-2.88947,-7.745477,157651.69,11.114172,38.08153,51.4109,54.21886,-23.466694,-27.355211,-69.99747,143895.0,10.28284,36.14188,48.612614,51.056152,-19.815996,-22.78649,-57.20592,6185.3784,4.64954,1.479394,2.122135,2.451305,-1.130157,-1.977548,-5.318108,6308.2173,5.676269,1.379837,1.856597,2.205412,-1.209934,-2.061221,-2.013526,2586.7966,3.188699,0.864698,1.782061,2.117597,-0.614806,-1.02652,-2.685686,2648.931,3.117632,0.849914,1.648044,2.202202,-0.58695,-0.995158,-1.843861,7787.823,6.024539,2.132591,3.383488,3.700037,-1.670708,-3.080136,-3.712287,8059.447,6.535915,2.15145,3.269604,3.64674,-1.674131,-3.051478,-3.236731
5.0,55.0,171871.16,14.958037,42.76245,60.88091,64.44632,-25.158155,-29.49351,-41.961014,164734.05,13.359628,42.24784,64.95443,67.8647,-23.529251,-27.814428,-39.83453,6288.437,5.619921,1.490135,2.232757,2.6048,-1.127005,-1.618852,-2.239323,6031.033,5.451414,1.447588,2.243359,2.603391,-1.055633,-1.545056,-2.045088,2031.4944,3.101412,0.677384,1.326617,1.657543,-0.448801,-0.701432,-1.024517,2284.0613,3.169624,0.78585,1.525755,1.838304,-0.527133,-0.844051,-1.178669,7834.4243,7.501967,2.186757,3.530543,3.872643,-1.586898,-2.543417,-3.082248,7561.4487,7.212138,2.157204,3.61712,3.915909,-1.59451,-2.638007,-3.248557,166395.62,15.846925,40.589165,58.767757,61.777367,-24.028019,-28.528246,-40.849262,150865.38,13.927149,38.506268,54.734634,57.752205,-20.257978,-23.551344,-33.527767,6904.493,5.770571,1.681734,2.539725,3.004633,-1.200072,-1.744967,-2.162248,6912.6797,7.13585,1.519687,2.151102,2.551171,-1.273936,-1.822255,-3.353538,2759.3032,3.454487,0.958466,1.869987,2.310672,-0.616814,-0.984357,-1.412388,2800.81,3.345118,0.94405,1.811698,2.098194,-0.594234,-1.13871,-1.260736,8610.408,7.87096,2.37428,3.834334,4.164924,-1.740053,-2.883773,-3.365195,8779.715,8.543975,2.354086,3.802872,4.138055,-1.738721,-2.817817,-3.201648
5.0,60.0,176340.52,11.81977,45.75765,66.58982,69.520966,-26.26678,-32.47063,-94.854164,167560.53,10.514537,44.45665,69.131226,73.1546,-24.269024,-31.30871,-39.78882,6135.1855,4.869129,1.533457,2.326065,2.782981,-1.124295,-1.995956,-5.732646,6012.9214,4.822536,1.507823,2.422327,2.684132,-1.087443,-1.96509,-1.841543,2041.182,3.047816,0.684775,1.368587,1.691027,-0.466472,-0.798742,-1.941038,2311.6587,3.123025,0.799483,1.595434,1.987374,-0.548146,-0.95018,-2.476108,7781.1445,6.454105,2.279294,3.803285,4.136684,-1.631143,-2.976201,-8.225001,7567.305,6.273558,2.251112,3.892804,4.301218,-1.649752,-3.003862,-8.339112,169127.16,11.706487,43.115818,62.93735,65.89575,-24.785511,-28.776665,-79.42178,153524.56,10.583566,40.56828,58.46349,60.663727,-20.783794,-24.343868,-75.253334,6830.445,4.980909,1.731896,2.642915,3.088035,-1.232294,-2.17406,-6.067011,6822.631,6.039583,1.587998,2.263076,2.682268,-1.301073,-2.253081,-6.51389,2786.031,3.344347,0.978414,1.987582,2.504601,-0.640542,-1.051578,-2.313533,2796.3403,3.237687,0.962213,1.935363,2.314309,-0.618531,-1.032944,-2.895581,8624.6455,6.535727,2.462811,4.139275,4.454485,-1.81295,-3.255868,-4.315468,8689.89,6.977726,2.441677,3.978306,4.326225,-1.789969,-3.212232,-8.599357
5.0,65.0,181698.47,11.779777,44.857,61.15015,63.97957,-26.923197,-31.33235,-78.84122,172402.88,10.480614,43.618713,64.361,68.14071,-24.729668,-28.92962,-85.58565,6399.9697,4.965463,1.496245,2.087676,3.025291,-1.220698,-2.000142,-3.071017,6304.784,4.917672,1.465585,2.042032,2.339695,-1.176791,-1.993016,-3.497422,2121.21,3.126005,0.655421,1.278494,1.593775,-0.496669,-0.876873,-1.908012,2404.685,3.197147,0.74883,1.521898,1.858151,-0.576476,-1.029262,-1.986038,8081.5713,6.524348,2.241338,3.240569,3.534716,-1.740524,-3.33852,-6.802338,7911.89,6.362837,2.18521,3.28536,3.621857,-1.768526,-3.45915,-6.597643,173779.02,11.460814,42.170563,55.85449,58.430202,-25.231636,-29.261492,-74.12024,157927.12,10.400834,39.46528,52.075966,54.4547,-21.247944,-24.48816,-52.4367,7168.7207,5.089918,1.687038,2.324878,2.590823,-1.331861,-2.180412,-3.273508,7129.198,6.16336,1.560388,2.018985,2.435776,-1.407488,-2.293531,-3.687124,2889.2832,3.413836,0.915592,1.885839,2.409069,-0.671518,-1.200832,-3.275528,2888.9785,3.304977,0.913799,1.813525,2.318359,-0.655356,-1.162625,-3.148128,9049.47,6.6247,2.466081,3.768421,4.143657,-1.952188,-3.794186,-7.625925,9009.673,7.032328,2.461179,3.652301,4.104368,-1.9059,-3.67111,-7.383117
5.0,75.0,192564.58,12.313455,50.703915,71.772415,74.80132,-28.296715,-33.092564,-51.978462,181484.03,10.662189,48.629913,74.28511,78.370735,-25.747007,-29.700558,-48.415222,6603.217,5.006134,1.741328,2.512887,2.816422,-1.312012,-1.926862,-2.206137,6578.1675,5.039563,1.680399,2.538496,3.023842,-1.281243,-1.877004,-4.354747,2194.193,3.190506,0.706984,1.32845,1.737998,-0.530408,-0.807119,-1.190046,2493.7505,3.299553,0.824622,1.575213,1.957709,-0.620154,-0.955298,-1.636719,8255.978,6.540457,2.506908,4.044026,4.47978,-1.839873,-2.952108,-3.599531,8125.2095,6.444848,2.47509,4.119612,4.494328,-1.897189,-3.14889,-3.77571,182512.39,11.535436,48.27805,67.773926,71.11132,-26.215355,-30.222265,-55.664776,165908.28,10.726957,45.062016,62.911507,65.582954,-22.048595,-25.35105,-39.340374,7487.5127,5.226727,1.947294,2.864958,3.111806,-1.451723,-2.120456,-2.458923,7453.0728,6.275952,1.822777,2.465398,2.818171,-1.521501,-2.183164,-2.913605,2994.3416,3.51877,1.022744,2.014034,2.614545,-0.717006,-1.201239,-2.351473,2979.2334,3.369192,0.993706,1.884558,2.368819,-0.694555,-1.045808,-1.496924,9300.363,6.722051,2.721195,4.446149,4.805777,-2.0996,-3.548991,-3.960776,9277.611,7.084374,2.697337,4.244042,4.616117,-2.03275,-3.375492,-3.814662
5.0,5.0,44783.934,3.522408,8.360647,10.524756,11.715867,-7.326566,-8.787964,-14.721152,42373.812,3.230007,8.268267,10.532296,11.79131,-6.811926,-8.256216,-15.379439,983.8751,1.61429,0.186669,0.266219,0.725569,-0.15088,-0.310923,-2.502786,1037.4746,1.643263,0.194058,0.285,0.611288,-0.154567,-0.284033,-1.51132,561.2911,1.566357,0.144115,0.289123,0.620896,-0.110206,-0.31654,-1.690466,622.567,1.572396,0.156123,0.320979,0.656377,-0.119038,-0.259437,-1.988976,1386.8054,1.958478,0.288098,0.450273,0.718555,-0.2269,-0.336541,-0.831672,1375.296,1.939566,0.289395,0.555534,0.808538,-0.223905,-0.321054,-0.852805,39928.855,3.262639,7.464692,9.361853,10.71515,-6.441526,-7.81531,-10.902976,41664.89,3.339944,7.541682,9.266654,10.676999,-6.410099,-7.713959,-11.05821,1151.7474,1.654243,0.211191,0.289267,0.606269,-0.166749,-0.295541,-1.022054,1124.0771,1.812754,0.214408,0.315099,0.676222,-0.172994,-0.241677,-0.573565,807.8666,1.677931,0.203786,0.444861,0.79067,-0.152521,-0.270679,-2.168528,821.7694,1.662616,0.204859,0.402286,0.824532,-0.154823,-0.266257,-2.41162,1527.4995,1.949936,0.328288,0.504989,0.815282,-0.240332,-0.338079,-0.929698,1598.8373,2.072491,0.319007,0.70473,2.425464,-0.250973,-0.351293,-0.876459
5.0,15.0,91404.31,6.751459,20.921888,27.64357,29.604427,-15.028643,-21.67348,-55.056393,87825.69,6.356438,20.418959,28.217878,30.118792,-14.066264,-20.049498,-54.64371,2470.7136,2.746895,0.554734,0.781988,1.051375,-0.356356,-0.544174,-1.418047,2479.6,2.72187,0.561046,0.788767,1.102632,-0.363965,-0.534363,-1.557263,1049.3524,2.069208,0.325128,0.623553,0.980415,-0.2153,-0.361146,-0.885416,1171.0588,2.089297,0.36725,0.663614,1.550759,-0.247292,-0.441667,-1.200575,3275.5632,3.55033,0.829171,1.267876,1.536085,-0.554334,-0.923361,-1.344984,3171.4846,3.419978,0.819686,1.267237,1.554834,-0.5474,-0.936116,-2.563896,87166.36,6.927484,19.245148,25.75185,27.643578,-14.103055,-20.635115,-50.172855,84504.32,6.464144,18.872524,24.608517,26.390797,-12.788288,-18.006718,-49.598564,2804.9653,2.809451,0.629598,0.877018,1.263649,-0.398554,-0.582956,-1.670117,2701.9126,3.235552,0.589501,0.84539,1.14851,-0.409963,-0.610914,-1.633928,1480.6715,2.265646,0.463641,0.847803,1.240314,-0.30305,-0.496225,-1.437016,1502.0916,2.228054,0.463084,0.821115,1.262261,-0.29989,-0.501209,-1.305118,3618.915,3.597594,0.881178,1.331603,1.651142,-0.596101,-0.975673,-1.306633,3715.604,3.874838,0.889114,1.327904,1.646443,-0.608332,-1.003998,-2.816010
5.0,20.0,105406.58,7.746674,25.17282,34.036037,36.04536,-17.020334,-20.1573,-54.09595,102230.25,7.127854,24.942263,35.635506,37.81988,-16.1873,-19.833057,-60.52052,3076.02,3.123146,0.723511,1.04603,1.900833,-0.459137,-0.666572,-2.116013,2912.354,3.001334,0.713775,1.04316,1.363954,-0.442774,-0.677688,-2.189178,1234.3904,2.250491,0.40321,0.725865,1.091023,-0.254287,-0.437929,-1.290593,1338.4847,2.252238,0.458865,0.902479,1.174555,-0.294581,-0.558872,-0.809427,4023.6194,4.049344,1.078787,1.67477,2.113839,-0.70393,-1.238726,-3.47197,3719.9688,3.812549,1.057808,1.779145,2.06758,-0.678372,-1.228997,-3.380032,102462.7,7.950267,23.638378,32.43551,34.282043,-16.37541,-19.495695,-52.486504,97200.875,7.492813,22.875132,30.497667,32.56724,-14.48524,-17.19865,-38.498566,3313.6707,3.12273,0.802917,1.155658,1.452941,-0.49262,-0.830064,-2.177888,3385.7688,3.735029,0.760677,1.095277,1.37855,-0.531236,-0.73968,-2.135174,1675.4296,2.447177,0.570475,1.068089,1.426852,-0.360418,-0.634442,-1.194088,1760.5586,2.425969,0.566175,1.031797,1.483809,-0.351409,-0.584159,-1.550961,4196.9014,3.977196,1.128518,1.800897,2.122887,-0.750205,-1.288612,-3.591127,4594.3955,4.458391,1.1534,1.78403,2.074206,-0.772568,-1.352924,-3.833966
5.0,5.0,49259.387,5.45942,6.495371,8.116848,8.912298,-7.108426,-8.524106,-11.136031,47436.26,4.746728,6.702969,8.227533,9.496059,-6.815912,-8.20164,-10.768103,1329.3219,1.994532,0.178208,0.245229,0.850776,-0.157688,-0.243726,-0.669903,1301.7174,1.996907,0.175135,0.240495,0.701116,-0.158128,-0.281924,-0.631804,647.2312,1.676901,0.136137,0.233823,0.615334,-0.126618,-0.26931,-0.920255,707.3584,1.69711,0.150059,0.298436,0.605635,-0.141732,-0.310642,-0.610794,1772.6942,2.499109,0.264346,0.374606,0.688167,-0.24272,-0.481183,-0.932455,1667.4657,2.441055,0.257311,0.451218,0.717948,-0.238561,-0.373245,-0.790389,45388.93,5.314672,6.085029,7.326016,9.538752,-6.457506,-7.785926,-13.118768,46651.83,5.423182,6.117488,7.194316,8.218508,-6.394261,-7.62296,-10.909871,1477.4403,2.064677,0.195064,0.311811,1.370055,-0.172606,-0.284095,-0.621304,1451.2944,2.309242,0.204817,0.283729,0.636332,-0.178848,-0.313903,-0.72839,901.4697,1.831422,0.187017,0.516989,0.916149,-0.161393,-0.331539,-1.271348,955.2589,1.808666,0.19062,0.326037,2.261837,-0.159166,-0.249057,-2.348699,1885.8248,2.590126,0.270269,0.404006,0.727418,-0.250678,-0.367513,-0.739634,2068.7517,2.803629,0.292987,0.417261,0.875437,-0.268669,-0.379362,-0.695717
5.0,10.0,74805.055,6.707129,15.44675,19.415134,20.782742,-12.073277,-15.890503,-33.655075,71893.47,5.953645,15.50037,20.496054,22.239609,-11.427527,-15.155576,-35.19904,2118.2668,2.519303,0.432932,0.597823,0.858243,-0.292265,-0.424765,-0.925616,2025.2079,2.48168,0.420965,0.584011,0.843013,-0.289761,-0.43225,-1.041713,939.9555,1.962358,0.271221,0.464299,0.786261,-0.184939,-0.282649,-0.726749,1022.3472,1.980935,0.307141,0.553149,0.862916,-0.209095,-0.368124,-1.030131,2816.191,3.234402,0.636955,0.925154,1.263098,-0.448088,-0.619422,-1.750135,2606.9312,3.112545,0.619969,0.931631,1.475903,-0.42193,-0.684841,-1.925429,70916.64,6.804942,14.446662,18.488657,19.886496,-11.327484,-15.077952,-31.71173,70388.87,6.699153,14.261005,17.841509,19.353651,-10.742678,-13.55275,-25.61066,2303.5337,2.577863,0.470801,0.650425,3.087571,-0.309984,-0.431783,-1.016914,2284.0767,2.940247,0.460408,0.633928,0.907438,-0.3324,-0.457567,-1.014591,1275.5186,2.136242,0.377131,0.699263,1.018669,-0.252157,-0.456804,-1.11429,1350.4089,2.107198,0.381035,0.635128,1.020844,-0.255796,-0.395137,-1.149886,2927.9055,3.271945,0.652159,0.957319,1.754916,-0.46379,-0.727597,-1.928152,3208.7705,3.548801,0.692627,0.992265,1.274428,-0.481713,-0.705449,-2.153036
5.0,15.0,92035.516,7.775487,21.17359,27.620422,29.159637,-14.717438,-17.631495,-21.352694,88619.75,6.945339,21.099504,28.976995,30.84014,-13.981038,-18.286427,-27.358746,2663.726,2.852743,0.61701,0.870268,1.1881,-0.386566,-0.577447,-1.64301,2542.1206,2.805227,0.598472,0.863991,1.077509,-0.369353,-0.581363,-1.681517,1110.1555,2.127553,0.357778,0.627653,1.001581,-0.225821,-0.388304,-0.974582,1224.76,2.168913,0.406895,0.749517,1.048367,-0.261014,-0.451137,-0.904509,3526.303,3.691147,0.91521,1.375895,1.688411,-0.592766,-1.020117,-2.73288,3277.7747,3.559898,0.88826,1.381743,1.74997,-0.568368,-0.99045,-1.425808,88521.945,7.991398,19.880772,26.363792,27.843904,-14.014631,-16.656132,-48.417793,85875.82,7.734205,19.473597,25.233805,27.207808,-12.725288,-15.017234,-38.791107,2894.9294,2.916715,0.675513,0.960013,2.699119,-0.410728,-0.627676,-1.84924,2877.9966,3.368015,0.646861,0.911716,1.178011,-0.443672,-0.652959,-1.788665,1512.5616,2.334939,0.497229,0.935175,1.232305,-0.317787,-0.514253,-1.543784,1582.3418,2.285685,0.497952,0.840066,1.328884,-0.310579,-0.541929,-1.446134,3697.7195,3.741965,0.941875,1.430996,1.68216,-0.608456,-1.01512,-2.734727,4009.731,4.051835,0.983568,1.454702,1.736482,-0.648578,-1.101465,-3.118286
5.0,20.0,107898.234,8.994761,25.131079,33.771374,37.121174,-17.064423,-23.058289,-66.82967,103904.53,7.910543,25.008728,35.494785,37.783463,-16.257755,-23.1921,-51.33829,3226.833,3.20836,0.764702,1.109135,1.376078,-0.490691,-0.820533,-1.393059,3048.2876,3.137299,0.736091,1.074754,1.537897,-0.462477,-0.751706,-2.008791,1286.3491,2.30729,0.424801,0.742668,1.040036,-0.26966,-0.432826,-1.446222,1412.3693,2.348224,0.484894,0.895636,1.311084,-0.312125,-0.541772,-1.648841,4281.966,4.218151,1.134234,1.741035,1.997712,-0.763721,-1.238325,-3.432996,3938.8782,4.038802,1.097325,1.765199,2.08832,-0.724974,-1.18474,-1.260092,104355.37,9.088121,23.663967,32.51921,36.06958,-16.443953,-22.357325,-34.77318,99419.31,8.708099,23.06673,30.561909,33.508377,-14.538566,-18.384953,-53.16823,3475.1814,3.264927,0.851134,1.20438,1.515251,-0.523592,-0.859747,-2.597123,3496.4182,3.8216,0.793535,1.147973,1.470455,-0.555709,-0.900217,-1.790629,1732.2083,2.528248,0.588268,1.105694,1.950464,-0.375973,-0.672452,-1.854079,1816.4025,2.476603,0.587646,1.096422,1.346771,-0.364399,-0.567474,-1.61349,4445.403,4.237886,1.166889,1.830925,2.472236,-0.777441,-1.279203,-1.539648,4834.6333,4.605179,1.218879,1.846645,2.245026,-0.83198,-1.299345,-3.860362
5.0,25.0,119795.04,9.582606,28.944715,39.29035,41.062943,-18.824844,-22.903238,-29.63121,115551.03,8.425875,28.65039,41.52932,43.688454,-17.934877,-23.291,-67.36433,3718.396,3.478189,0.888243,1.329016,1.630324,-0.574,-0.942652,-1.754625,3484.0999,3.38862,0.853249,1.288223,1.573124,-0.540974,-0.897791,-1.303206,1412.7075,2.42461,0.468249,0.850113,1.119614,-0.295143,-0.5021,-1.441162,1558.8727,2.477141,0.539667,1.025299,1.324282,-0.349978,-0.568291,-1.473249,4930.1914,4.612578,1.316705,2.068647,2.468726,-0.890281,-1.583351,-1.86724,4512.186,4.384795,1.299221,2.08425,2.422405,-0.840333,-1.49323,-2.821937,116648.414,9.662692,27.277615,37.70671,39.908497,-18.25356,-21.476892,-63.132847,109554.03,9.190688,26.430561,35.612534,37.611927,-15.898908,-18.554346,-47.163624,3980.982,3.526938,0.967039,1.428808,1.766787,-0.607958,-1.005546,-1.222625,4046.1677,4.182635,0.91929,1.370886,1.966939,-0.656344,-1.060144,-1.409855,1903.4246,2.66595,0.656962,1.28301,1.614488,-0.411359,-0.669237,-1.926959,1988.0282,2.602206,0.650841,1.195989,1.461262,-0.399876,-0.663642,-1.809195,5114.9014,4.615901,1.357441,2.186205,2.584269,-0.911315,-1.556993,-3.688803,5555.939,5.015334,1.413263,2.199541,3.252978,-0.970762,-1.693868,-2.720472
5.0,35.0,140782.3,10.975342,35.524803,59.584133,50.20823,-21.607891,-25.081263,-72.701126,135883.9,9.623297,35.11836,58.72806,52.829075,-20.514185,-25.642862,-73.335075,4596.4653,4.050693,1.108556,1.963134,5.759383,-0.774318,-1.190647,-3.495466,4275.2324,3.92329,1.066457,1.908842,1.938021,-0.708979,-1.181344,-3.409501,1647.4897,2.678999,0.551643,0.975397,1.328838,-0.357638,-0.621234,-0.924543,1814.2625,2.730879,0.6382,1.212346,1.532059,-0.413822,-0.740007,-2.147097,6033.4824,5.411494,1.656183,2.963822,2.964067,-1.175865,-2.157054,-2.181029,5508.1855,5.13648,1.576753,2.77411,3.064721,-1.128059,-2.132424,-2.40682,137403.67,10.977342,33.440044,56.820312,47.697987,-20.92635,-24.509872,-58.411137,126678.61,10.329578,32.051445,53.349007,44.27864,-17.858076,-20.69495,-50.348225,4889.8765,4.092725,1.213777,2.179776,2.247062,-0.80348,-1.314345,-1.560419,5048.81,4.950079,1.148599,1.99411,1.793429,-0.887961,-1.343022,-3.93772,2199.645,2.939265,0.770655,1.504179,1.802598,-0.498596,-0.868906,-3.644922,2294.2266,2.86722,0.762938,1.340315,1.633289,-0.477094,-0.81993,-1.097002,6260.5854,5.407315,1.707846,2.879786,3.05246,-1.198277,-2.269665,-6.15694,6816.638,5.913717,1.787649,3.051548,3.255161,-1.281157,-2.33268,-3.735087
