0.0,100.0,79669.62,57.102432,12.165471,17.228016,18.26602,-17.543669,-22.992407,-36.005547,73085.73,52.674576,14.647445,23.65612,25.056578,-15.232851,-20.346296,-29.39311,20757.918,6.391225,4.101275,7.460052,8.423975,-4.566335,-6.295453,-9.259678,20582.4,6.265032,4.104927,7.677355,8.575529,-4.53579,-6.284579,-9.219363,3903.6812,3.406625,1.063812,3.217147,4.256209,-0.780353,-1.252798,-2.170336,4373.0356,3.538104,1.136,3.286735,4.284596,-0.8751,-1.296537,-2.256125,28553.623,7.848352,6.151213,12.636146,13.964818,-6.930295,-10.327137,-13.192912,30076.271,7.445927,6.659074,14.481048,16.482933,-7.514936,-11.559286,-16.428602,71253.9,45.083405,11.706524,16.096558,17.325974,-13.836756,-17.675764,-30.797192,68298.14,43.46809,9.291519,11.709281,12.750002,-12.487836,-16.02157,-25.48273,25953.611,7.422282,5.212496,8.747683,9.889164,-5.532698,-7.647569,-12.734557,21573.814,7.56585,4.109863,7.048772,7.953018,-4.642984,-6.369653,-9.952123,7996.228,4.485117,2.071506,6.630657,8.71388,-1.705051,-2.805675,-4.371672,8410.891,4.478967,2.178072,6.501975,8.278703,-1.699922,-2.539477,-3.901612,36436.1,10.197013,7.647767,15.437029,17.135658,-8.82555,-13.98953,-19.696548,32615.371,9.95357,6.971065,13.647688,15.101238,-7.733062,-11.838076,-16.338610
0.0,100.0,78168.305,41.16659,22.355165,33.827023,35.611595,-17.7172,-23.526897,-37.24939,70733.13,37.11305,21.475533,34.526257,36.17657,-15.296522,-20.585794,-32.989227,21850.592,6.503506,6.945647,15.819391,18.154457,-4.795449,-6.680795,-9.584967,21593.271,6.276445,6.977353,16.422237,19.049383,-4.77291,-6.743689,-9.710564,3689.528,2.882806,1.569408,5.287163,7.073221,-0.793648,-1.244929,-2.043596,4119.6133,2.991277,1.712192,5.780506,7.886192,-0.871393,-1.357328,-2.460716,29975.459,7.726791,11.123853,27.45405,32.25668,-7.282336,-11.100475,-15.344467,31652.127,7.520064,12.061248,30.890688,36.866184,-7.940807,-12.78084,-16.73035,70295.64,27.38602,19.497133,28.776133,31.06389,-14.167643,-18.341953,-31.90011,67392.414,26.239367,16.97094,23.928228,25.238447,-12.685343,-16.442978,-28.071716,26928.89,7.054658,8.384839,16.759798,18.778929,-5.831198,-8.175862,-12.511455,22268.871,7.124959,6.938376,13.720336,15.514862,-4.844876,-6.680479,-9.501535,7928.0757,3.996387,3.454323,11.470141,15.85024,-1.755409,-2.796201,-4.163538,8355.37,4.008083,3.413103,11.050919,14.542951,-1.734717,-2.629008,-4.362108,37422.945,8.85493,13.768645,32.516537,38.767685,-9.300852,-14.827239,-20.359838,33564.465,8.716962,12.30491,28.439888,33.643497,-8.091471,-12.526578,-17.380774
0.0,100.0,78706.05,41.288937,22.071438,33.08105,35.386597,-17.962492,-24.006304,-35.67683,70890.39,37.00918,21.074762,33.874756,35.394276,-15.458094,-20.914616,-31.113926,22749.361,6.556749,7.210843,16.318779,18.59463,-5.027759,-6.829349,-10.694721,22479.193,6.35319,7.271057,17.17951,20.12815,-4.977562,-6.816145,-9.563454,3798.199,2.913658,1.597104,5.370756,7.546587,-0.811304,-1.294111,-2.143604,4227.705,3.018491,1.721679,5.75796,7.800607,-0.897259,-1.337555,-2.240309,31228.371,7.781004,11.566977,28.463358,33.431786,-7.612032,-11.453373,-15.541663,33001.375,7.607047,12.566453,32.311115,38.705402,-8.239312,-12.73701,-16.804962,70976.62,28.258308,19.389458,28.55292,30.369968,-14.470501,-18.736626,-30.504744,67891.46,26.890667,17.001106,23.903425,25.888126,-12.864942,-16.666473,-27.870882,28005.73,7.137055,8.688411,17.508389,19.9642,-6.053729,-8.325743,-12.865694,23139.379,7.16613,7.162694,14.108053,15.843935,-5.069383,-6.870773,-10.400484,8131.251,4.025695,3.543109,11.790829,16.135742,-1.787323,-2.910807,-4.766727,8581.249,4.032886,3.463818,11.179894,14.72738,-1.791004,-2.63454,-4.190185,38942.117,8.938646,14.276747,33.881935,40.766094,-9.577118,-15.291664,-22.25071,34830.812,8.742292,12.760598,29.543934,34.96084,-8.390446,-12.988813,-18.296826
0.0,100.0,78223.65,42.08433,22.20658,33.529037,35.56363,-17.830511,-23.856695,-38.11085,70133.63,38.42775,21.016619,33.734917,35.74762,-15.313454,-20.613214,-30.707903,23163.238,6.618273,7.49983,16.997393,19.41256,-5.106629,-7.026854,-9.79857,22893.742,6.397758,7.517996,17.497816,20.11169,-5.057096,-7.042207,-9.779176,3838.1848,2.904566,1.625746,5.393577,7.378521,-0.826367,-1.350425,-2.156012,4262.245,3.012974,1.770988,5.931712,8.225438,-0.901343,-1.359599,-2.282641,31794.967,7.839905,12.052641,29.55687,34.66983,-7.709873,-11.622297,-16.685871,33487.06,7.589201,13.003291,32.971317,38.89955,-8.34829,-13.171003,-18.012257,70613.125,28.951765,19.409092,28.538149,30.963787,-14.422878,-18.668499,-30.269945,67666.55,27.184385,17.171373,24.091732,26.28346,-12.793608,-16.394156,-27.170162,28423.775,7.15297,8.976752,17.887062,19.87925,-6.152825,-8.570987,-14.661647,23491.062,7.21591,7.427154,14.699651,16.732033,-5.130417,-7.113761,-11.457775,8209.422,4.003358,3.618004,11.975544,16.772177,-1.81567,-3.034302,-4.891101,8688.874,4.051827,3.575683,11.58969,15.446903,-1.798065,-2.688747,-5.218508,39501.1,8.906589,14.815392,34.847527,41.747185,-9.788534,-15.577405,-22.18465,35407.414,8.785503,13.246525,30.62377,36.48681,-8.552356,-13.21611,-18.937609
0.0,100.0,78369.65,41.883373,21.997498,33.42733,34.72241,-17.861631,-23.960125,-36.123306,70007.87,37.82278,20.845556,33.547142,35.33316,-15.242815,-20.652262,-32.64647,23133.76,6.59261,7.516588,16.979753,19.291098,-5.121622,-7.094961,-9.995447,22893.738,6.3835,7.517057,17.610668,20.307636,-5.077325,-7.097468,-10.222793,3883.4197,2.937394,1.631136,5.391528,7.296821,-0.839347,-1.342365,-2.025292,4286.6562,3.038752,1.754359,5.8472,7.860829,-0.910922,-1.384505,-2.252803,31768.373,7.80041,12.037149,29.482018,34.67894,-7.753779,-11.807083,-15.696317,33660.246,7.617974,13.029709,33.13204,38.969936,-8.425635,-13.280335,-18.278664,71025.99,29.180687,19.323774,28.606041,30.82258,-14.466151,-18.708048,-29.137655,68145.414,27.414461,17.067526,23.957872,26.586996,-12.908437,-16.5387,-29.23333,28381.371,7.147493,8.98992,17.93068,19.804005,-6.16908,-8.589294,-14.375943,23421.637,7.176307,7.448376,14.680482,16.463427,-5.142756,-7.067729,-10.054751,8225.084,4.02484,3.603136,11.952129,16.080362,-1.826385,-3.050102,-4.27986,8668.334,4.054115,3.556663,11.476726,15.522619,-1.807175,-2.694236,-4.472589,39536.137,8.907806,14.788607,34.96601,42.040466,-9.804101,-15.854848,-25.174227,35280.89,8.71495,13.222996,30.609303,36.30162,-8.555189,-13.210008,-19.442135
0.0,100.0,78038.375,42.54951,22.088238,33.284378,35.258636,-17.76399,-23.71231,-33.799793,69641.33,38.764732,20.830711,33.37916,35.072033,-15.171693,-20.41493,-33.74798,23114.396,6.589248,7.544115,17.041292,19.381575,-5.134009,-7.1582,-10.613142,22802.373,6.368274,7.571703,17.651335,20.930376,-5.092714,-7.208586,-10.146567,3881.4856,2.932584,1.64442,5.406012,7.39683,-0.843212,-1.384452,-2.042714,4277.1094,3.022504,1.756768,5.838318,8.002643,-0.9169,-1.374426,-2.238166,31821.484,7.791895,12.104764,29.497944,34.775635,-7.785956,-11.784318,-15.769294,33649.176,7.611463,13.143056,33.42643,39.76774,-8.431574,-13.309761,-17.832869,70600.25,29.69401,19.3478,28.497925,30.60881,-14.411338,-18.8297,-31.994858,68123.67,27.841396,17.087526,24.085169,26.39987,-12.904441,-16.420189,-31.455927,28235.469,7.117272,9.042918,18.068392,20.66096,-6.163898,-8.68391,-13.741609,23331.23,7.159002,7.459734,14.772996,16.724705,-5.136208,-7.11791,-11.49133,8188.6567,4.010569,3.615812,11.965067,16.12407,-1.821845,-3.03095,-4.373676,8628.866,4.030178,3.548864,11.423854,15.03116,-1.811635,-2.726375,-4.877858,39456.027,8.910309,14.929606,35.273575,42.23546,-9.821193,-15.871554,-23.393713,35297.22,8.705117,13.305971,30.590725,36.17613,-8.573413,-13.468319,-19.149576
0.0,100.0,78055.21,42.639908,22.0269,33.37903,35.77481,-17.805714,-23.952852,-39.368603,69534.41,39.17378,20.586975,33.031094,34.77812,-15.086044,-20.463696,-28.199125,23039.379,6.671831,7.488084,17.027859,19.370508,-5.179678,-7.13172,-10.442077,22810.217,6.443073,7.487498,17.422783,20.08793,-5.111843,-7.18554,-10.421692,3918.8848,2.975859,1.63468,5.329729,7.254979,-0.853159,-1.338838,-2.117451,4304.2075,3.071713,1.748358,5.821334,8.179205,-0.932787,-1.406544,-2.242416,31825.984,7.892568,12.037958,29.475864,34.411247,-7.854748,-12.018227,-16.500381,33667.953,7.695757,13.032676,33.0294,39.619717,-8.510259,-13.524739,-18.194965,70675.69,30.085245,19.19093,28.344755,30.63455,-14.399508,-18.910551,-31.543724,68192.88,27.928364,17.047344,24.106411,26.090158,-12.892308,-16.592665,-27.652819,28225.49,7.197863,8.958397,17.86252,19.978743,-6.197008,-8.608676,-13.085069,23207.924,7.213412,7.408505,14.767096,16.579569,-5.181282,-7.173053,-11.225146,8209.478,4.061666,3.573882,11.863788,15.86984,-1.826806,-2.955504,-4.391939,8620.938,4.084486,3.52692,11.373053,15.423553,-1.823211,-2.731293,-4.627886,39428.227,8.975851,14.790079,35.090023,42.089058,-9.859551,-15.883015,-23.797026,35281.05,8.80492,13.200359,30.55557,36.16316,-8.623093,-13.411384,-18.909770
0.0,100.0,77792.24,42.780663,21.826574,33.107113,34.871193,-17.65902,-23.722643,-37.83719,68957.73,38.876102,20.614122,33.021122,34.9993,-14.866646,-19.974054,-30.888012,22892.658,6.572368,7.469658,16.980951,19.357494,-5.073164,-7.098975,-10.204858,22605.82,6.348587,7.469726,17.472792,19.959255,-5.020284,-7.014607,-10.581344,3895.5515,2.953267,1.625671,5.255795,7.172677,-0.846637,-1.345561,-1.990986,4266.1343,3.051512,1.744046,5.750189,7.71504,-0.912751,-1.408217,-2.336955,31531.654,7.760886,12.03436,29.446432,35.1077,-7.681943,-11.787175,-16.470411,33353.723,7.534361,12.976174,32.841934,38.880665,-8.276972,-13.31256,-17.782785,69871.92,29.99111,19.181976,28.396494,30.921585,-14.107459,-18.661343,-31.542332,67860.91,28.086475,16.931358,23.834328,25.794418,-12.777915,-16.31522,-27.973377,28074.984,7.098569,8.918923,17.838501,19.753128,-6.100218,-8.516233,-13.665995,23134.066,7.141516,7.3922,14.754172,16.431412,-5.075538,-7.08206,-12.023138,8107.3247,4.012092,3.548739,11.687528,15.950844,-1.79168,-2.959493,-5.138008,8531.585,4.046705,3.509597,11.295941,15.005759,-1.780254,-2.74196,-4.497675,39272.35,8.841828,14.750793,34.80038,41.56344,-9.68451,-15.461985,-22.433022,35061.867,8.691448,13.195705,30.584188,36.172493,-8.499885,-13.217931,-20.740315
0.0,100.0,2609.139,2.575556,2.360266,11.745052,17.412567,-12.841123,-84.317276,-661.374,2517.3066,2.589719,2.281411,11.524097,17.216751,-11.178894,-75.055664,-588.1625,4065.8938,2.031654,3.617805,16.10881,19.918625,-4.105066,-27.164078,-6.971982,4530.1914,2.114624,4.00909,17.242496,20.671255,-3.97999,-27.413263,-7.277357,1867.8533,1.972533,1.540027,5.506949,7.879335,-0.772249,-5.377906,-15.15397,2043.3315,2.02047,1.680657,6.029024,8.397772,-0.823982,-5.67069,-11.875217,8331.887,2.888874,7.337126,30.405407,36.358917,-6.545037,-48.905033,-12.422703,9594.577,2.984464,8.420603,34.176403,40.790707,-7.012786,-53.551334,-13.717119,1196.8793,1.585087,1.079854,5.401656,8.482212,-9.548931,-73.47627,-610.1412,1098.438,1.51574,0.992487,4.749779,6.843701,-7.737159,-60.410965,-507.6482,4061.6777,1.921859,3.594716,15.567387,19.613762,-4.821914,-31.876596,-8.664007,3667.7651,2.020233,3.235397,13.854713,17.204693,-4.000681,-26.423046,-7.870792,4273.409,2.675986,3.465189,12.101104,16.364912,-1.616919,-10.736071,-45.029015,4169.375,2.57875,3.400941,11.754125,15.786242,-1.558317,-10.541541,-29.40295,12661.279,3.695923,10.697432,36.270714,43.452103,-7.684352,-59.97659,-118.265526,10947.245,3.561101,9.288831,31.87868,38.044685,-6.607392,-52.4312,-72.831286
0.0,100.0,4301.9185,2.460572,3.847169,17.437668,23.054436,-13.228209,-83.43013,-659.9615,4326.5464,2.41398,3.886128,17.84407,24.02758,-11.457012,-74.81736,-581.8675,4942.902,2.01669,4.314226,16.843084,19.255615,-4.266684,-28.060703,-7.283227,5375.489,2.074389,4.657613,17.43933,20.064964,-4.105542,-28.056011,-7.874122,1898.4678,1.859752,1.52922,5.121307,6.911733,-0.812514,-5.481176,-15.972007,2066.582,1.902741,1.64964,5.652263,7.49601,-0.86217,-5.810864,-12.802054,9709.42,2.720813,8.342665,30.016571,35.24762,-6.788079,-50.171474,-13.400096,11004.031,2.789107,9.441819,33.45242,39.31932,-7.263699,-54.461056,-15.879712,2166.2944,1.505625,1.990045,9.295748,13.055272,-9.66158,-72.975815,-622.86816,2052.1904,1.431678,1.89186,8.632639,11.618694,-7.907243,-60.03468,-509.0958,4990.724,1.893878,4.347215,16.92881,19.857426,-4.952622,-32.65936,-9.53758,4431.0815,1.983083,3.836163,14.455873,16.47683,-4.110554,-27.007275,-8.942778,4372.328,2.408808,3.441541,11.554275,15.643485,-1.692132,-10.860055,-47.079605,4238.8423,2.307267,3.352758,11.195778,14.690007,-1.633521,-10.739258,-32.25498,14145.253,3.247707,11.64562,35.941734,42.278587,-8.09747,-61.25,-122.20545,12313.366,3.16393,10.170723,31.543701,37.17174,-7.011035,-54.015488,-72.306252
0.0,100.0,4509.516,2.544473,4.020548,17.91846,23.675158,-13.036234,-82.55309,-687.20245,4574.8203,2.525424,4.089205,18.465263,24.52995,-11.458533,-73.040115,-596.427,5125.759,2.064502,4.442284,16.824287,19.190756,-4.165545,-29.125092,-7.655329,5607.88,2.133322,4.829332,17.497442,20.12941,-3.99102,-29.510094,-7.575601,1930.6237,1.87846,1.544553,5.142083,6.897983,-0.83786,-5.770446,-16.035917,2070.5322,1.907095,1.64533,5.580885,7.592421,-0.879876,-6.046111,-49.328686,10017.806,2.77961,8.558064,29.848719,35.032764,-6.58323,-52.767483,-12.603093,11409.1455,2.867187,9.71694,33.471752,39.46288,-7.360953,-57.174118,-15.215924,2313.4604,1.551056,2.111198,9.757266,13.793675,-9.670151,-71.75389,-578.8429,2153.1309,1.458287,1.974833,8.885149,11.759671,-7.764705,-59.14635,-485.2298,5266.9834,1.956361,4.559296,17.271954,20.039045,-4.850707,-34.039516,-9.596523,4573.3545,2.024038,3.935914,14.471815,16.62338,-4.055451,-28.298393,-7.518376,4428.189,2.437922,3.451512,11.578566,15.640192,-1.731244,-11.391879,-48.53222,4260.8423,2.318343,3.348776,11.052844,14.827849,-1.665126,-11.202342,-31.243074,14520.851,3.323938,11.864028,35.82449,42.244194,-8.38922,-63.730434,-118.53292,12641.472,3.230844,10.370593,31.407736,37.1623,-7.230435,-56.133675,-83.865351
0.0,100.0,4368.9917,2.492731,3.897016,17.43047,23.229296,-12.945892,-80.37347,-676.21375,4457.1685,2.480894,3.986717,18.031504,24.20478,-11.365013,-71.80574,-600.2849,4941.4956,2.053673,4.292776,16.40149,19.01862,-4.146912,-28.00225,-7.315618,5393.667,2.120057,4.649373,16.969229,19.399162,-3.949736,-27.675673,-7.249182,1901.0012,1.883999,1.523,5.050341,6.607308,-0.836364,-5.705597,-15.459951,2037.7024,1.913457,1.623758,5.498171,7.379546,-0.87207,-5.999393,-11.682795,9703.244,2.767276,8.300342,29.187761,33.820545,-6.471823,-50.772663,-12.5083,11036.885,2.851023,9.419545,32.635265,38.149513,-7.219243,-56.28469,-14.545147,2253.7905,1.538483,2.061259,9.557408,13.277588,-9.710893,-71.728935,-606.7576,2094.769,1.4444,1.92014,8.662527,12.07951,-7.789456,-58.77855,-503.87994,5062.45,1.942392,4.383155,16.681158,19.366184,-4.83313,-32.189568,-9.430734,4442.0425,2.017836,3.829127,14.110121,16.207588,-4.04424,-26.931967,-8.182059,4323.7217,2.438004,3.378785,11.241106,15.155485,-1.710569,-11.015653,-45.56879,4173.1143,2.325813,3.285751,10.840257,14.216559,-1.640956,-10.834177,-29.48901,14110.837,3.306466,11.549937,34.95719,41.091614,-8.172975,-61.908882,-108.315056,12294.267,3.2164,10.096048,30.7037,36.364353,-7.023896,-54.071724,-68.881394
0.0,100.0,4701.1157,2.611293,4.172587,18.29613,24.116098,-12.950342,-82.28149,-689.4711,4701.018,2.573993,4.183573,18.58042,24.629507,-11.347006,-73.37005,-598.4814,5102.4463,2.088808,4.413874,16.36309,18.618958,-4.122486,-27.932804,-8.326728,5517.354,2.145572,4.736256,16.827938,19.488405,-3.956968,-28.176924,-7.923058,1910.2112,1.891567,1.524574,4.996034,6.683812,-0.835419,-5.743799,-15.818942,2039.8523,1.91612,1.616778,5.444663,7.39644,-0.869113,-5.938539,-11.58674,9932.11,2.807417,8.453604,28.99849,33.663616,-6.546452,-50.654858,-14.112103,11254.228,2.88813,9.552632,32.336224,38.095554,-7.175494,-55.48838,-15.292847,2356.0078,1.568271,2.147969,9.764403,13.672083,-9.640371,-71.97312,-589.82465,2229.8384,1.474295,2.035892,9.037464,11.974289,-7.819779,-59.179565,-506.04425,5198.5967,1.967737,4.487626,16.762943,19.20115,-4.847497,-32.753757,-8.925157,4587.672,2.052339,3.937179,14.154802,16.036282,-4.036494,-27.128883,-7.820995,4317.7153,2.438508,3.356758,11.12662,14.930094,-1.692109,-11.045067,-46.222782,4171.773,2.328116,3.267596,10.719463,14.050588,-1.625147,-10.755325,-28.258615,14294.611,3.332956,11.633154,34.652924,41.171864,-8.12578,-62.04726,-108.61182,12492.188,3.247296,10.202251,30.47213,35.601154,-6.996596,-54.440155,-66.025060
0.0,100.0,2761.163,2.658934,2.480553,12.001176,17.484064,-8.284593,-42.56424,-448.2613,2796.7075,2.716956,2.514177,12.264799,17.791023,-6.535489,-29.329239,-310.09595,4061.423,2.145782,3.590097,15.398735,18.962664,-1.367389,-8.887698,-36.161858,4558.5703,2.24499,4.005447,16.552149,19.593662,-1.29484,-6.818782,-22.724333,1871.3293,2.02389,1.527675,5.351051,7.245378,-0.367042,-1.330228,-14.021698,1992.8727,2.050249,1.62647,5.738952,8.027842,-0.347479,-1.138626,-10.549775,8335.97,3.051335,7.283625,28.955805,34.008873,-2.716767,-17.535591,-150.04344,9622.892,3.167736,8.380619,32.49138,38.405388,-3.510409,-20.066324,-217.48424,1304.2698,1.668281,1.171331,5.624001,8.348752,-5.409429,-15.411943,-157.45583,1132.3927,1.557485,1.007617,4.71059,6.861798,-4.779083,-15.53777,-156.62915,4184.3794,2.050722,3.676138,15.44974,18.94661,-1.721102,-10.875862,-44.77561,3710.0635,2.130418,3.255586,13.410693,16.13642,-1.328176,-7.578865,-26.735882,4184.372,2.741239,3.358052,11.529004,15.657233,-0.815126,-2.904368,-20.010832,4041.0225,2.62218,3.265566,11.082442,14.555533,-0.666719,-2.484658,-20.85671,12645.839,3.881858,10.590672,34.67942,41.339203,-4.183795,-13.439853,-139.5174,10951.414,3.737261,9.206191,30.376263,35.690426,-4.151907,-17.665134,-114.297406
0.0,100.0,4452.9644,2.535231,3.967524,17.617992,23.320597,-8.240601,-47.27164,-409.66772,4605.677,2.530376,4.109429,18.417488,24.847519,-6.569363,-30.696129,-269.9522,4919.6396,2.090563,4.269217,16.134535,18.457952,-1.390647,-8.409989,-46.49353,5387.969,2.162492,4.634368,16.773756,19.384615,-1.30931,-6.754955,-38.2228,1908.2365,1.909111,1.523121,5.037574,6.977247,-0.36243,-1.34081,-13.120709,2014.2598,1.924653,1.600677,5.402168,7.423069,-0.347762,-1.132645,-10.431292,9643.968,2.81885,8.22916,28.641994,33.304363,-2.756767,-16.882742,-146.66055,10971.306,2.910799,9.339473,32.074642,37.6343,-3.548473,-20.670065,-213.00114,2263.9272,1.551591,2.067539,9.482028,13.377391,-5.423603,-15.291582,-159.6676,2057.0503,1.446471,1.885756,8.557488,11.688044,-4.793086,-14.998859,-165.73936,5093.427,1.978015,4.404056,16.60806,19.632872,-1.707761,-10.66122,-89.258286,4438.17,2.051801,3.82146,13.994878,15.819575,-1.335293,-7.297236,-33.178074,4296.6646,2.461223,3.355862,11.157,14.87517,-0.816331,-2.864997,-23.925446,4123.717,2.33736,3.240745,10.667709,13.726675,-0.671318,-2.429614,-20.534676,14174.026,3.368253,11.572898,34.796333,41.36279,-4.21635,-13.159337,-135.92517,12335.832,3.274464,10.105791,30.567064,35.968655,-4.217008,-17.297249,-113.286018
0.0,100.0,4341.8936,2.519424,3.869228,17.291178,22.969515,-8.315325,-45.330345,-453.6199,4431.5513,2.510314,3.958335,17.806797,23.637804,-6.629501,-29.2982,-316.68393,4996.1685,2.100574,4.330921,16.40088,18.795654,-1.362067,-9.061855,-88.54968,5445.0503,2.167067,4.681306,16.991623,19.805538,-1.317826,-7.28309,-72.35049,1946.1233,1.926215,1.547961,5.097812,6.87817,-0.357819,-1.376165,-14.687743,2059.4788,1.944051,1.631696,5.483697,7.32493,-0.338533,-1.221979,-12.007707,9857.327,2.845392,8.406894,29.241444,34.02891,-2.839382,-19.151993,-138.3907,11218.315,2.943287,9.536036,32.7945,38.64993,-3.648809,-20.826181,-224.4854,2224.597,1.553157,2.030068,9.348182,13.009445,-5.559234,-15.289945,-146.49554,2026.5713,1.446217,1.859065,8.369702,11.343006,-4.931159,-15.240924,-155.07358,5133.748,1.97916,4.437142,16.83972,19.991741,-1.738252,-11.710467,-87.42467,4492.356,2.058112,3.865239,14.198606,16.762054,-1.35958,-8.18434,-76.43678,4376.5303,2.485766,3.406024,11.276859,14.852572,-0.807763,-2.99985,-24.720812,4214.028,2.365661,3.305866,10.811817,14.258905,-0.646149,-2.482406,-22.356453,14479.693,3.405589,11.812621,35.495197,42.015545,-4.254718,-14.866544,-136.95807,12560.144,3.300349,10.288719,31.094227,36.449894,-4.174976,-19.409674,-137.238258
0.0,100.0,4322.2295,2.523572,3.852841,17.203323,22.848787,-8.358167,-46.941113,-459.5075,4458.4087,2.537396,3.982799,17.943583,24.104836,-6.573357,-29.320683,-321.2726,4913.049,2.078255,4.265511,16.258266,18.532446,-1.312538,-8.65084,-71.5257,5452.361,2.163389,4.695828,17.027786,19.55325,-1.261587,-7.106,-40.874702,1903.8699,1.904873,1.521323,4.999896,6.657118,-0.349327,-1.324877,-14.034492,2012.2598,1.92261,1.599231,5.365913,7.232213,-0.348237,-1.181249,-10.159501,9699.351,2.803113,8.287263,28.956018,33.58653,-2.771678,-17.437983,-116.80598,11042.151,2.903676,9.400236,32.2937,37.829628,-3.602533,-19.681438,-220.76128,2213.2483,1.557183,2.016926,9.369209,13.062905,-5.567201,-14.50773,-153.38089,1971.7417,1.437253,1.818547,8.258949,11.130173,-4.937297,-14.966003,-155.108,5140.069,1.976628,4.449356,16.829142,19.762053,-1.645378,-10.724727,-64.94559,4395.8184,2.030316,3.787025,14.084468,16.269499,-1.319462,-7.504975,-40.70241,4286.6113,2.454028,3.345147,11.115267,14.846329,-0.804708,-2.906279,-21.697325,4129.6943,2.336037,3.248994,10.675116,13.865461,-0.671865,-2.532841,-19.448305,14270.756,3.357434,11.653944,35.15749,42.103203,-4.134046,-12.69998,-135.36401,12430.123,3.261194,10.192479,30.925226,36.265167,-4.170365,-17.09739,-110.851156
0.0,100.0,4561.2305,2.612542,4.049124,17.830633,23.607582,-8.377473,-44.563816,-423.57407,4552.7485,2.58217,4.048801,18.027988,24.07765,-6.595742,-27.617401,-277.95123,5081.2593,2.113991,4.402149,16.472597,18.524832,-1.662197,-9.463871,-63.336117,5521.4126,2.177329,4.743126,16.939264,19.346655,-1.639769,-7.900168,-47.918457,1933.691,1.920193,1.537017,5.02636,6.802462,-0.535185,-1.641171,-14.677208,2042.1372,1.93517,1.616072,5.398561,7.346761,-0.547288,-1.758149,-10.630097,9958.893,2.849906,8.474787,29.08821,33.6061,-3.578696,-20.539925,-133.80835,11288.165,2.943637,9.572369,32.42473,38.174377,-3.549269,-19.94911,-210.8318,2299.4402,1.58223,2.089543,9.591152,13.283905,-5.57784,-15.032163,-147.25246,2134.8086,1.475182,1.947699,8.68332,11.912397,-4.961401,-14.848988,-151.69554,5212.6724,1.989495,4.498933,16.8557,19.983974,-1.915463,-12.550711,-84.21967,4585.776,2.075675,3.937665,14.236416,16.48157,-1.548147,-8.67465,-76.6023,4345.7207,2.47599,3.371783,11.17028,14.9519,-1.344397,-4.02304,-22.5226,4187.405,2.355809,3.274954,10.685416,13.887393,-1.175466,-3.772014,-20.457943,14582.22,3.400392,11.861266,35.39198,41.967773,-6.280954,-18.970104,-139.49182,12708.82,3.309921,10.372784,31.057,36.539085,-5.631425,-21.451834,-82.233285
0.0,50.0,1677.1106,2.050996,1.513727,7.427606,10.773406,-6.611283,-44.468945,-471.4318,1710.528,2.114668,1.544938,7.659265,11.253413,-5.244926,-28.906097,-321.85464,2686.2385,1.770294,2.406763,10.932076,14.219744,-1.516984,-3.368598,-34.835873,3104.1555,1.861367,2.7666,12.214106,15.520494,-1.472229,-3.920231,-36.908806,1499.5186,1.835717,1.256617,4.65982,6.411612,-0.378793,-1.347292,-14.195638,1592.3206,1.857523,1.331691,4.904318,6.782657,-0.379795,-1.266452,-12.654845,5923.283,2.479556,5.261601,22.796637,27.5053,-2.90536,-10.194638,-106.52115,6976.5645,2.595886,6.183245,26.188341,31.60959,-3.152803,-22.39206,-200.0397,802.855,1.430985,0.724226,3.560294,5.458377,-4.540359,-16.123444,-179.90483,717.1025,1.369893,0.643937,3.027942,4.587953,-3.989164,-16.589167,-171.80447,2741.4187,1.698165,2.436247,10.682714,13.747018,-1.832645,-3.770279,-24.949198,2471.7383,1.763969,2.194251,9.614166,12.425528,-1.491721,-3.184428,-33.207375,3333.5193,2.429984,2.727325,9.827621,13.203247,-0.783555,-2.824492,-29.061598,3202.1155,2.32105,2.652993,9.332037,12.531351,-0.699843,-2.64603,-26.347965,9466.724,3.188322,8.050655,28.018888,34.241188,-3.964248,-16.275875,-166.35866,8118.949,3.060381,6.925419,24.410147,29.34599,-3.79882,-8.528519,-80.422916
0.0,50.0,3014.1296,2.085245,2.697997,12.09059,16.411,-6.576957,-49.96413,-530.5435,3272.9155,2.13954,2.936423,13.316927,17.903996,-5.194557,-33.73481,-332.01218,3560.6484,1.821237,3.119556,12.459144,14.457293,-1.334385,-3.602058,-36.373283,4053.144,1.909774,3.524359,13.303807,15.524325,-1.284157,-4.010184,-40.19089,1570.3904,1.777257,1.270293,4.400659,6.198909,-0.36184,-1.374226,-13.690796,1644.6224,1.786824,1.328652,4.661372,6.528595,-0.346741,-1.303784,-12.233198,7369.242,2.447503,6.358339,23.259249,27.405863,-2.617639,-10.105324,-100.979935,8547.225,2.555178,7.351424,26.359776,31.473373,-3.036254,-21.889288,-234.38951,1576.8889,1.406608,1.452602,6.799335,9.482736,-4.458301,-16.41436,-174.16255,1367.5977,1.317553,1.275989,5.892206,7.943713,-3.887753,-16.074919,-190.8768,3721.0254,1.744314,3.240635,12.600567,14.888634,-1.632741,-3.700516,-7.435834,3193.1294,1.785835,2.777532,10.67575,12.868933,-1.326985,-3.405394,-33.739872,3521.4583,2.258503,2.77484,9.719431,12.953301,-0.727037,-2.838948,-27.432945,3363.659,2.147005,2.674617,9.055615,12.176528,-0.62701,-2.78372,-26.071707,11041.024,2.925239,9.074915,28.57338,34.659225,-3.682443,-16.268946,-155.49971,9539.442,2.831056,7.88066,24.868586,29.741016,-3.60123,-8.386651,-78.862890
0.0,50.0,3110.8723,2.145379,2.770318,12.207762,16.127277,-6.265943,-45.79613,-362.547,3391.962,2.214421,3.030087,13.442485,17.7603,-4.897039,-29.987228,-240.23135,3760.9644,1.841491,3.284933,12.735318,14.857009,-1.464324,-3.395098,-36.583412,4292.2295,1.93767,3.708601,13.616571,15.715169,-1.405569,-4.265112,-39.072666,1594.2327,1.772188,1.282338,4.448977,5.942467,-0.381862,-1.428142,-14.260583,1665.1233,1.776045,1.337882,4.698126,6.710643,-0.378346,-1.241004,-12.478025,7765.8945,2.479802,6.672188,23.803387,28.14028,-2.866544,-10.626661,-102.45976,8972.982,2.588611,7.680608,26.90792,31.999327,-3.07847,-22.318352,-218.03642,1673.8281,1.441715,1.531839,7.037801,9.544312,-4.219952,-15.098796,-177.7892,1433.1392,1.340542,1.328038,5.975382,8.107555,-3.696469,-15.043807,-174.36145,3952.0547,1.768534,3.431266,13.072787,15.182482,-1.702873,-4.043082,-31.623608,3346.6729,1.800913,2.900272,10.943285,12.97457,-1.392787,-3.274804,-33.93747,3582.2642,2.247715,2.807942,9.762611,13.142768,-0.792736,-3.022554,-29.197163,3446.7908,2.143416,2.72938,9.198698,12.257679,-0.711389,-2.819084,-26.996368,11503.978,2.952616,9.400934,29.245316,35.316044,-3.91335,-16.762241,-160.00049,9933.644,2.851965,8.15927,25.347101,30.248512,-3.724579,-8.805336,-84.009018
0.0,50.0,3105.6233,2.156977,2.767537,12.17043,15.967126,-6.147122,-48.729324,-343.26212,3284.4277,2.197881,2.935664,13.083842,17.504187,-4.781915,-32.936954,-349.58102,3890.6602,1.862136,3.38865,13.071496,15.202119,-1.349556,-3.585146,-41.39288,4333.5415,1.934078,3.748891,13.844367,16.222872,-1.295237,-4.131439,-33.353325,1630.9448,1.782506,1.308039,4.519761,6.259459,-0.375438,-1.422727,-15.583817,1709.9377,1.79161,1.364325,4.768057,6.510153,-0.358558,-1.252398,-13.556364,7999.377,2.509114,6.860487,24.40804,28.721334,-2.688227,-10.570018,-122.13813,9195.236,2.608806,7.858791,27.555408,33.267292,-3.115411,-25.294275,-235.35048,1613.904,1.433797,1.475242,6.79177,9.505826,-4.139497,-20.020185,-198.86201,1414.3047,1.340248,1.313505,5.916051,8.148042,-3.629667,-18.77363,-189.9734,3960.3325,1.758962,3.442622,13.121389,15.53661,-1.650518,-4.1658,-30.494379,3463.3208,1.821028,2.993704,11.241962,13.295641,-1.33377,-3.662272,-39.148483,3667.5347,2.267874,2.862372,10.008261,13.614632,-0.774226,-2.89217,-31.011232,3530.7205,2.160833,2.787458,9.414304,12.419094,-0.683524,-2.7831,-29.826223,11807.831,2.97688,9.643797,29.95141,36.13557,-3.83245,-17.220919,-187.05096,10191.786,2.881161,8.364471,25.997847,30.583899,-3.671976,-8.986837,-78.189722
0.0,50.0,3400.532,2.240943,3.014152,12.934703,16.770052,-6.416331,-44.951633,-458.4572,3593.6855,2.266044,3.18934,13.850254,17.962852,-5.054209,-29.514647,-315.04688,4248.522,1.920728,3.675936,13.677396,15.709345,-1.630945,-4.915256,-24.574598,4653.451,1.980753,3.995059,14.240385,16.48141,-1.616659,-5.015886,-30.225542,1685.4973,1.793071,1.332722,4.565063,6.137705,-0.503082,-1.374732,-11.660494,1772.29,1.803757,1.398406,4.889664,6.65547,-0.510673,-1.412741,-10.162014,8599.45,2.585441,7.311816,25.162182,29.200394,-3.274325,-9.251883,-86.427864,9821.183,2.675623,8.321389,28.275558,33.675488,-3.27187,-19.994793,-200.69705,1778.0039,1.467982,1.618201,7.232499,9.633209,-4.449415,-14.69103,-179.34337,1566.8359,1.373097,1.436916,6.350249,8.498824,-3.8503,-15.058394,-177.34207,4261.144,1.799735,3.671617,13.627157,16.010715,-1.88844,-5.719326,-31.687687,3785.7344,1.87904,3.251567,11.74345,13.471095,-1.542227,-4.552884,-24.453444,3795.19,2.281519,2.930197,10.165396,13.733323,-1.210055,-3.361003,-22.67913,3678.1973,2.185472,2.871951,9.696905,12.866594,-1.075354,-3.072562,-22.492298,12446.231,3.032413,10.07837,30.682144,36.620453,-5.336564,-14.10055,-137.38766,10778.002,2.945394,8.764899,26.67795,32.081604,-4.793965,-12.656777,-62.356439
0.0,150.0,3426.7324,3.28446,3.093182,15.414402,22.852722,-10.154133,-53.53456,-558.1581,3464.9407,3.440336,3.13381,15.752669,23.596464,-8.143956,-36.00931,-397.12253,5077.929,2.425697,4.498737,19.626806,23.796923,-1.752106,-13.006449,-118.98603,5704.3257,2.554552,5.016926,20.932436,24.604733,-1.671282,-11.442837,-67.044044,2199.8513,2.192628,1.798999,6.217201,8.484701,-0.343782,-1.934915,-19.919388,2291.17,2.199145,1.868336,6.566964,9.090756,-0.33385,-1.999068,-16.09152,10225.072,3.517007,8.944826,35.78255,41.699028,-3.56667,-28.098478,-237.48347,11802.053,3.669026,10.288613,39.873344,47.39051,-4.506577,-27.349295,-293.33832,1545.7306,1.894236,1.396389,6.946661,10.906615,-6.589884,-18.651564,-180.96822,1311.6036,1.730342,1.174085,5.671814,8.481641,-5.799903,-17.310234,-174.68022,5296.7275,2.319262,4.66858,19.96366,24.904919,-1.974303,-16.91254,-86.0863,4639.124,2.40353,4.079063,17.149494,20.533604,-1.794177,-11.526865,-99.68086,4950.9756,3.064545,3.96722,13.492881,18.146017,-0.832137,-4.687831,-42.098934,4754.869,2.911076,3.843806,12.959981,17.695152,-0.676784,-4.520128,-35.339058,15908.022,4.611949,13.365034,43.84362,52.287518,-4.718285,-27.33749,-239.96883,13615.738,4.394259,11.486765,38.289368,44.996803,-4.805869,-32.755177,-210.022701
0.0,150.0,5338.9717,2.888034,4.76321,21.570562,29.319143,-10.068727,-50.683872,-538.8299,5235.984,2.822171,4.687558,21.477156,29.247017,-7.805782,-32.365345,-299.0484,6080.6514,2.262623,5.27323,20.10188,23.050158,-1.543064,-14.812276,-149.70692,6636.4946,2.34189,5.712296,20.843058,23.774261,-1.519887,-12.564319,-110.29051,2228.0544,2.024613,1.779369,5.659492,7.516342,-0.357346,-1.806056,-18.886936,2303.713,2.023084,1.829707,5.973701,8.040122,-0.34922,-2.260056,-18.108227,11768.186,3.066956,10.04844,35.154976,40.93212,-3.192942,-31.859074,-265.59833,13355.379,3.176959,11.35995,38.98079,45.739536,-4.252981,-24.27255,-266.5278,2690.896,1.681621,2.453095,11.485912,16.276106,-6.442956,-17.88843,-168.66875,2483.4229,1.552652,2.274363,10.403478,14.646652,-5.746627,-17.05484,-161.31563,6390.642,2.145181,5.53098,21.18189,24.533613,-1.8886,-17.5016,-148.56316,5520.5264,2.218204,4.753744,17.65853,20.103842,-1.638505,-13.482777,-105.25021,5058.0347,2.647208,3.9466,12.748021,16.857641,-0.863577,-5.13641,-39.219704,4847.0083,2.506341,3.806297,12.249569,16.181826,-0.720658,-5.202843,-44.53537,17744.426,3.745531,14.528242,43.485798,50.24504,-4.790761,-32.094105,-220.11537,15362.801,3.62311,12.635255,38.100113,44.411484,-4.877022,-36.638012,-255.743775
0.0,150.0,6081.1406,3.125263,5.425603,24.040876,47.09361,-9.916494,-51.714222,-546.088,5518.909,2.913621,4.943907,22.340672,41.69917,-7.708388,-31.613512,-357.58432,6477.8345,2.348696,5.629005,20.780876,64.03054,-1.51941,-14.925594,-102.40155,6718.2505,2.354534,5.810044,21.026134,68.098816,-1.456009,-12.931112,-84.055016,2236.8713,2.035437,1.823331,7.822629,24.150755,-0.371394,-1.75452,-19.453484,2355.144,2.057258,1.908431,8.388453,25.94511,-0.349751,-1.971712,-18.329443,12284.111,3.158332,10.535824,37.043633,131.00235,-3.114026,-30.209726,-237.40071,13614.145,3.210424,11.648781,41.17009,148.15906,-4.192725,-24.706434,-266.75452,2817.4631,1.713911,2.567938,12.038305,20.885483,-6.368806,-17.167683,-146.6378,2877.832,1.632356,2.626852,11.812959,23.184505,-5.762315,-17.857557,-171.59445,6454.0635,2.151728,5.622569,21.241468,59.468716,-1.93512,-18.058664,-153.55309,5952.1377,2.31694,5.139104,18.47332,57.33614,-1.547544,-13.222743,-80.546455,5050.2744,2.652003,4.040432,17.387224,56.026375,-0.895372,-4.552192,-38.78212,4924.4194,2.546622,3.951897,17.205269,52.912594,-0.708475,-4.635574,-41.417393,17989.63,3.771721,14.940785,57.0973,168.2914,-4.988049,-29.443901,-231.58649,15797.519,3.702053,13.144753,49.645134,145.75383,-4.93342,-33.1131,-177.168312
0.0,150.0,5650.903,2.923024,5.020516,22.276995,29.79662,-10.229866,-51.43414,-527.87494,5557.6455,2.840963,4.948626,22.174498,29.949402,-8.051738,-31.774727,-357.77444,6184.012,2.272817,5.342736,19.907312,22.558632,-1.693907,-13.483136,-136.67014,6727.6943,2.348796,5.76611,20.579258,23.585104,-1.622831,-11.673337,-90.34919,2244.8638,2.041689,1.785125,5.568651,7.306353,-0.353185,-1.840399,-20.023113,2304.1575,2.031214,1.821569,5.841977,7.712553,-0.333165,-2.021107,-19.550982,11941.641,3.072217,10.149882,34.738964,39.585625,-3.414781,-29.070154,-255.16412,13554.073,3.190072,11.474321,38.50551,44.94755,-4.450757,-25.589685,-270.9741,2859.3733,1.711167,2.59309,11.971753,17.202963,-6.732587,-17.086784,-178.47357,2625.4775,1.572733,2.390755,10.70521,14.785778,-6.009379,-17.382244,-171.39525,6506.5293,2.156667,5.61316,21.095062,24.51675,-1.933974,-17.29571,-113.42735,5614.8735,2.2255,4.820747,17.529667,19.860264,-1.747881,-11.850063,-102.42487,5041.875,2.654809,3.915003,12.551572,16.25671,-0.866281,-5.138367,-39.641068,4819.515,2.503771,3.765395,12.006112,15.684727,-0.68711,-4.898521,-42.044357,17883.586,3.743202,14.573598,42.779644,49.663868,-4.812918,-30.82773,-206.19691,15507.692,3.615537,12.693706,37.55809,43.787487,-4.781469,-33.441586,-224.181959
0.0,150.0,5574.455,2.911695,4.953214,22.099398,29.424877,-10.370295,-52.960968,-556.17163,5541.67,2.864875,4.939025,22.185972,29.976063,-8.248831,-33.75317,-370.25427,5998.608,2.262748,5.188176,19.443626,21.901024,-1.824739,-12.883055,-132.6686,6647.1265,2.364702,5.691955,20.22165,22.809727,-1.909635,-11.336754,-96.60845,2242.7856,2.059223,1.785248,5.588028,7.322144,-0.617653,-2.003149,-21.323048,2261.3447,2.030645,1.791164,5.726925,7.64769,-0.569606,-1.939693,-16.990646,11586.086,3.052693,9.85505,33.849754,38.64676,-4.061923,-28.1058,-224.85606,13411.088,3.21742,11.352305,37.968105,44.063145,-4.593507,-26.235243,-282.2204,2836.8572,1.710987,2.573986,11.953665,16.852285,-6.927056,-19.610397,-174.10475,2573.0166,1.561925,2.34398,10.628306,14.99042,-6.112226,-18.48147,-180.35435,6478.986,2.181546,5.58233,20.843647,24.030933,-2.340755,-16.826132,-125.98814,5458.5977,2.217979,4.687819,17.108053,19.290464,-1.820545,-11.201034,-111.299706,5007.611,2.686708,3.879641,12.406739,16.256807,-1.581926,-5.46244,-38.261585,4692.489,2.492954,3.681406,11.633007,15.126615,-1.272726,-4.747645,-39.13798,17684.29,3.781308,14.394366,42.117214,49.02022,-7.927388,-31.692728,-276.17078,15146.082,3.605169,12.399596,36.621365,42.245377,-6.63175,-32.670055,-218.078627
0.0,200.0,4226.3477,3.607316,3.816115,19.001425,28.361803,-12.151843,-62.964188,-595.715,4000.5815,3.6103,3.6224,18.237791,27.3419,-9.664864,-42.048454,-455.67636,5798.751,2.583696,5.12494,22.074303,26.563885,-2.496809,-14.695938,-139.99179,6516.4326,2.726272,5.717799,23.484303,27.785282,-2.39766,-12.625509,-140.69225,2388.721,2.281831,1.954043,6.503219,8.699335,-0.429124,-2.738796,-30.796314,2443.0283,2.264995,1.989032,6.778232,9.399553,-0.42289,-2.202329,-22.35099,11369.152,3.661664,9.919752,39.15353,45.43473,-4.857411,-29.657953,-264.29807,13289.216,3.880221,11.534975,43.89522,51.622337,-6.008054,-35.322613,-382.14655,1807.0914,1.975107,1.635254,8.22865,12.688759,-7.950646,-22.76472,-227.57518,1592.4357,1.807165,1.430784,6.943865,10.543438,-7.006423,-21.440777,-201.5945,6260.1904,2.516745,5.507703,23.311632,28.151575,-2.868217,-19.742605,-174.02959,5376.8423,2.557136,4.717313,19.510662,23.208061,-2.561961,-12.733343,-134.10037,5373.2627,3.195113,4.300703,14.172663,18.910286,-0.786535,-7.098258,-71.4411,5094.6943,2.995276,4.113757,13.572767,18.049967,-0.833229,-6.030297,-52.1352,18072.111,4.912413,15.134201,48.739384,56.65521,-5.712311,-37.9641,-296.694,15355.68,4.59887,12.937728,42.622967,49.40398,-4.523857,-38.300896,-334.850701
0.0,200.0,6064.34,3.071202,5.428165,25.024576,34.029873,-12.164278,-65.84963,-537.0403,6041.8965,3.051513,5.414392,25.120703,34.189228,-9.713885,-42.631718,-343.3186,6696.279,2.357668,5.820428,22.546858,25.62938,-2.531921,-14.379404,-90.5429,7467.562,2.4755,6.43713,23.643084,27.259562,-2.426142,-13.250677,-82.719185,2479.5764,2.137754,1.989369,6.133966,8.079783,-0.432884,-2.897895,-31.13682,2499.285,2.104659,1.99183,6.316918,8.501894,-0.42778,-2.08099,-22.24532,12930.242,3.199147,11.065514,39.25431,45.000965,-4.87222,-28.388248,-243.05757,14920.544,3.373508,12.70681,43.73835,50.041054,-6.04758,-36.20889,-414.21054,3125.7166,1.779208,2.848522,13.544183,19.541637,-8.000483,-21.341532,-223.5406,2785.435,1.602245,2.548993,11.921439,16.7032,-7.017042,-21.034075,-237.29248,7405.0527,2.297236,6.412988,24.650743,28.464342,-2.906371,-19.109705,-168.74268,6124.974,2.307299,5.288283,19.896742,22.741323,-2.561213,-12.047541,-68.38383,5546.894,2.796799,4.340977,13.749872,18.552338,-0.799305,-6.838153,-64.85602,5242.726,2.608221,4.133533,13.007318,17.019491,-0.842249,-5.902383,-57.14314,20160.453,4.034755,16.551739,49.276787,57.066296,-5.702836,-33.472076,-317.04956,17266.018,3.839814,14.253791,43.140377,49.141865,-4.551358,-36.069126,-255.289244
0.0,200.0,6136.64,3.034241,5.488292,25.142862,34.10551,-12.37947,-61.813374,-594.40015,5920.5156,2.920426,5.305043,24.596018,33.716396,-9.871414,-39.803307,-437.20303,6818.6353,2.356065,5.926824,22.958563,26.372208,-2.599526,-14.651376,-96.87939,7448.132,2.441794,6.426997,23.833748,27.15254,-2.449165,-13.931773,-141.39345,2491.037,2.130589,1.998395,6.170765,8.111742,-0.444187,-2.989807,-30.050394,2527.575,2.105422,2.013838,6.388861,8.496557,-0.438255,-2.163364,-23.138954,13108.091,3.182408,11.221415,40.01156,45.250988,-5.027816,-29.276861,-288.01276,15024.604,3.335523,12.800578,44.257664,50.897243,-6.143513,-36.153316,-379.88873,3048.2468,1.749348,2.775614,13.263323,19.057255,-8.179271,-22.32267,-211.09941,2840.21,1.60539,2.598682,12.03772,16.89481,-7.23698,-21.493422,-204.89296,7342.3906,2.261057,6.367974,24.567717,28.606941,-2.956457,-18.8521,-170.93098,6248.3594,2.312581,5.389324,20.267504,23.152939,-2.636655,-12.593953,-67.04785,5590.264,2.790904,4.372529,13.842963,17.955002,-0.803688,-6.400478,-58.272305,5306.201,2.607871,4.185792,13.216231,17.091194,-0.858486,-5.384409,-39.74262,20335.605,3.995702,16.707636,49.895237,57.636604,-5.910535,-30.213163,-299.6358,17482.846,3.82508,14.432201,43.762344,50.022552,-4.683091,-34.4756,-240.413508
0.0,200.0,6541.1934,3.194353,5.825998,26.245527,35.345486,-12.256192,-62.78413,-592.37115,6369.1377,3.096721,5.689127,25.901663,35.08741,-9.723786,-40.32668,-447.73248,7108.848,2.414609,6.141887,23.137981,26.362972,-2.596113,-12.822131,-102.63739,7775.6846,2.509682,6.660323,23.792604,27.32882,-2.458324,-11.157974,-120.5967,2535.814,2.153321,2.01956,6.118729,7.987808,-0.446414,-3.035902,-31.39553,2550.89,2.116698,2.020217,6.335728,8.43896,-0.429658,-2.186491,-21.577688,13543.498,3.253804,11.516813,39.72304,45.128334,-4.976057,-27.483273,-251.60875,15522.422,3.413072,13.133144,44.13686,50.2332,-6.051488,-37.261055,-407.46826,3275.395,1.811341,2.980306,14.034345,20.475004,-7.984583,-22.90856,-217.39342,2998.8203,1.64459,2.730932,12.515647,17.397581,-7.109783,-20.609467,-206.59299,7694.3535,2.327442,6.630361,24.855297,28.824299,-2.959204,-17.564049,-161.37802,6501.611,2.366697,5.577433,20.426714,23.325455,-2.610814,-11.060834,-71.22324,5652.049,2.823773,4.384329,13.729143,17.948576,-0.80003,-6.960503,-67.09024,5335.414,2.628637,4.178413,13.06284,17.035862,-0.847664,-5.387486,-55.673843,20828.336,4.07223,16.996916,49.809097,57.127556,-5.829777,-34.598675,-318.62482,17917.56,3.896723,14.698142,43.60302,50.025795,-4.660112,-35.50429,-259.113911
0.0,200.0,6231.141,3.112053,5.559609,25.23001,34.14654,-12.499295,-59.553745,-628.5175,6305.5483,3.113357,5.632317,25.690807,34.826256,-9.961237,-39.64919,-444.6342,6769.9165,2.337751,5.873435,22.411512,25.792852,-2.632516,-13.41828,-145.43913,7682.8525,2.484325,6.594603,23.638668,26.911213,-2.501192,-12.492195,-140.91994,2512.3948,2.152558,2.009529,6.097627,7.984395,-0.614417,-2.897258,-31.013206,2466.1162,2.085299,1.963907,6.169583,8.149495,-0.539436,-2.147455,-22.137617,13081.22,3.163778,11.164935,38.94564,44.067097,-5.016761,-29.308594,-295.37384,15268.582,3.371827,12.951062,43.795647,50.137074,-6.161415,-36.003876,-384.6327,3278.3293,1.822879,2.974122,14.000591,19.926168,-8.167431,-22.05755,-205.89224,2846.1514,1.618533,2.599946,11.936564,16.974195,-7.144745,-20.74027,-199.82027,7661.961,2.314103,6.615572,24.814281,28.662537,-3.026604,-19.31311,-166.50038,6151.9526,2.279516,5.301742,19.743912,22.581367,-2.635986,-11.354755,-109.42168,5552.037,2.796193,4.3216,13.62297,17.73798,-1.663035,-7.403543,-74.24621,5168.755,2.57184,4.070129,12.706975,16.306852,-1.251294,-5.996847,-55.624535,20482.377,4.015488,16.746117,49.141186,56.446358,-8.383527,-37.956966,-300.68085,17394.326,3.786687,14.30414,42.69977,48.35791,-6.971285,-37.614643,-334.333574
0.0,250.0,5413.049,4.197203,4.868199,23.706997,34.210495,-13.532347,-67.11976,-708.3906,5327.3213,4.286083,4.800332,23.608295,34.256886,-10.714028,-45.319176,-448.42526,6878.153,2.81585,6.028569,24.721516,29.003164,-3.118664,-13.225248,-75.015625,7769.976,2.992071,6.749493,26.058416,30.33373,-2.944399,-12.848239,-143.60329,2652.0574,2.433173,2.140404,6.797307,9.203731,-0.503306,-3.435434,-37.17374,2678.1858,2.388758,2.148887,7.047996,9.455813,-0.493035,-2.462441,-26.936852,13232.281,3.997287,11.426816,42.571533,48.848076,-5.791935,-27.483469,-281.62247,15390.742,4.235755,13.22057,47.68599,54.934746,-7.042803,-42.05779,-472.8541,2539.1477,2.313819,2.287886,11.254495,17.304838,-8.793923,-24.395432,-220.66861,2098.5042,2.031672,1.880773,8.929147,13.08411,-7.826954,-23.188667,-218.59874,7658.548,2.811041,6.671967,26.98161,31.559816,-3.598411,-18.44401,-185.40779,6337.005,2.780696,5.509057,21.757359,25.42467,-3.117124,-11.173792,-112.75653,5866.105,3.40115,4.635475,14.830824,19.846989,-0.924411,-6.902451,-59.193768,5508.4536,3.157103,4.387265,14.108411,18.630287,-0.954805,-5.983556,-40.13815,20767.973,5.386828,17.233137,53.263767,61.091827,-6.879736,-34.60691,-388.53995,17744.816,5.05226,14.808511,46.728085,52.951885,-5.473001,-33.614784,-301.125775
0.0,250.0,7421.9565,3.426486,6.62127,30.133074,40.130093,-13.478265,-67.21474,-690.0107,7400.9995,3.388331,6.610069,30.287432,40.769268,-10.665378,-42.99951,-474.77933,7531.8906,2.494743,6.515036,24.524862,28.184786,-2.922533,-16.814192,-105.4477,8419.005,2.629852,7.212153,25.649115,29.179647,-2.796853,-15.742063,-171.78687,2719.4238,2.254194,2.17489,6.466679,8.250529,-0.488544,-3.35681,-36.437325,2693.284,2.195574,2.140391,6.559321,8.616092,-0.480829,-2.44411,-26.377249,14299.579,3.374676,12.17869,42.42932,47.41585,-5.464871,-32.485535,-333.0416,16616.846,3.586564,14.071514,47.290455,54.283108,-6.719454,-39.964718,-426.8621,3847.2627,1.925343,3.492531,16.577658,23.39618,-8.806398,-22.862967,-212.4745,3393.5894,1.708338,3.088431,14.267319,20.286886,-7.858187,-22.303013,-223.8096,8493.011,2.465228,7.315509,27.331879,31.272678,-3.393674,-23.465452,-227.83357,6878.1284,2.43662,5.911923,21.72355,24.583961,-2.943845,-14.294859,-141.82648,5934.2383,2.935708,4.614447,14.300591,18.856373,-0.845811,-8.879484,-93.85652,5548.506,2.709214,4.354228,13.43826,17.459152,-0.909294,-7.318329,-69.47103,22485.727,4.332211,18.384142,53.66857,61.206802,-6.417144,-43.151627,-365.66278,19184.242,4.092544,15.776413,47.001743,53.5192,-5.137896,-44.887966,-410.152297
0.0,250.0,7202.0054,3.367665,6.434877,29.489367,40.36666,-13.14152,-63.03007,-672.9895,6962.8066,3.263827,6.238481,28.846312,39.458183,-10.458007,-41.86973,-378.88953,7463.942,2.482666,6.467543,24.602188,28.09772,-2.777715,-15.566893,-154.0346,8172.0703,2.580787,7.023796,25.462128,29.402071,-2.641329,-15.04679,-109.56165,2686.55,2.23917,2.159803,6.452318,8.331155,-0.475991,-3.260154,-34.409878,2691.3833,2.197197,2.146158,6.625645,8.781036,-0.460083,-2.34694,-24.674107,14201.377,3.35265,12.126092,42.619247,48.493877,-5.220557,-32.01761,-337.13324,16278.381,3.519899,13.832323,47.23325,53.54827,-6.532344,-36.91852,-426.2469,3606.0234,1.877545,3.28099,15.699867,22.489328,-8.538435,-24.318018,-219.55128,3309.149,1.692976,3.02263,14.031356,19.8135,-7.59633,-22.906876,-206.40413,8160.5767,2.405609,7.053228,26.78902,31.012646,-3.191511,-20.538942,-139.92635,6847.972,2.432024,5.890529,21.810781,24.511414,-2.838451,-12.613223,-136.0133,5868.741,2.909667,4.593544,14.264991,18.53349,-0.807148,-8.910204,-93.17464,5539.241,2.712683,4.361368,13.539626,17.470032,-0.874195,-7.140207,-69.1493,22163.002,4.264239,18.185123,53.685837,60.703346,-6.127526,-43.624123,-442.0048,19039.186,4.060718,15.698664,47.205315,53.26491,-4.832864,-44.381443,-406.247200
0.0,250.0,7434.0293,3.440611,6.634295,30.097353,40.608273,-13.25451,-63.871727,-674.48737,7138.5986,3.328351,6.384687,29.293978,40.03737,-10.486248,-41.80827,-442.41138,7585.3276,2.518956,6.552579,24.661552,28.405743,-2.82252,-17.634205,-180.33218,8322.293,2.623451,7.12865,25.46621,28.96125,-2.651718,-16.79943,-119.20582,2736.9937,2.270478,2.188482,6.51052,8.384667,-0.472713,-3.398955,-32.802086,2718.8638,2.21761,2.156857,6.628694,8.665932,-0.46005,-2.494922,-23.942429,14422.026,3.404339,12.278652,42.64647,47.87888,-5.239467,-34.88113,-276.29324,16589.264,3.584742,14.052235,47.35259,53.775185,-6.408315,-38.353485,-405.0895,3714.853,1.911558,3.372233,16.084154,23.041023,-8.660427,-23.180632,-219.11221,3412.276,1.714785,3.116256,14.380513,20.462069,-7.760565,-21.717407,-215.47168,8334.051,2.449958,7.179058,26.927677,30.508516,-3.245662,-22.927176,-239.81604,6992.371,2.477773,5.992157,21.932823,24.801048,-2.899941,-15.332795,-151.52199,5925.9023,2.944074,4.619031,14.283217,19.07788,-0.810998,-9.309303,-86.75505,5562.2856,2.732459,4.364967,13.49483,17.447634,-0.873591,-7.133868,-79.16227,22568.76,4.353355,18.45404,53.92285,60.92563,-6.127776,-48.619255,-482.27805,19343.326,4.132405,15.904099,47.283497,53.02761,-4.881062,-45.965637,-341.362249
0.0,250.0,7196.37,3.370773,6.423551,29.320665,39.814262,-13.235774,-64.341965,-596.0621,7113.9956,3.328338,6.360426,29.25868,40.0641,-10.513384,-42.605885,-456.6299,7466.5713,2.487859,6.463369,24.488659,27.89607,-2.84052,-17.01926,-121.68654,8292.638,2.615083,7.105961,25.470121,28.851992,-2.677017,-16.129644,-176.35606,2742.8723,2.279914,2.19303,6.520639,8.325726,-0.643802,-3.276777,-34.45135,2702.8977,2.21284,2.150568,6.586262,8.721339,-0.581339,-2.456564,-23.41242,14284.799,3.37288,12.16949,42.442688,47.533127,-5.290308,-33.583965,-292.70145,16550.256,3.580781,14.014475,47.4247,53.669926,-6.477546,-37.72487,-419.01886,3767.3325,1.92568,3.423767,16.206812,23.38255,-8.714516,-23.94952,-219.86888,3348.5498,1.704525,3.051802,14.088921,19.842457,-7.712144,-22.454967,-208.83781,8325.979,2.44581,7.175338,26.94541,31.255249,-3.244939,-22.372711,-219.45459,6848.4863,2.436401,5.88693,21.666908,24.394106,-2.860919,-14.809444,-149.07805,5923.4873,2.957137,4.614036,14.335652,18.62956,-1.70279,-8.649145,-88.69452,5520.766,2.722116,4.339198,13.408384,17.11208,-1.353167,-7.328605,-70.35189,22480.506,4.335046,18.398945,53.825195,61.215088,-8.738254,-42.969475,-425.69803,19181.545,4.093813,15.783766,47.05827,52.803185,-7.595603,-44.48476,-400.738463
0.0,250.0,129242.59,78.167244,34.423904,50.84043,55.857845,-28.142712,-36.929222,-87.24699,111235.48,68.63994,32.594482,51.020657,55.831314,-24.021463,-32.901176,-59.95711,37451.94,14.506623,11.451828,20.684074,23.626652,-8.720029,-12.381028,-16.787704,36948.617,14.04399,11.404999,21.144876,24.221788,-8.557186,-12.219248,-20.087273,6054.7837,5.38454,2.158047,5.366245,7.11351,-1.266059,-2.081104,-3.145754,6944.029,5.754398,2.395927,5.756724,7.382572,-1.455868,-2.183122,-3.590741,49223.652,17.509857,18.1446,34.30884,39.044434,-12.553593,-19.670391,-27.398619,51790.36,16.720798,19.346706,37.06104,41.821365,-13.512535,-21.822193,-31.840755,107574.625,53.435814,29.198662,44.01696,49.71702,-20.907991,-27.096388,-56.487892,99918.9,49.625668,24.930656,34.97751,39.679974,-18.503777,-23.797428,-46.69182,45753.79,15.305088,14.861015,25.879894,29.289104,-10.620014,-15.266603,-23.86224,37095.875,15.532534,11.696801,19.62466,22.274893,-8.593516,-11.995173,-19.63655,12044.713,7.107327,4.816168,11.462513,14.386374,-2.678719,-4.549423,-6.683903,12378.198,7.174622,4.623091,11.319639,13.98211,-2.617523,-4.029603,-5.890601,61317.566,20.947098,24.22118,46.69688,52.199505,-16.086784,-27.185747,-41.128517,54697.254,20.401497,21.41594,41.73351,47.086483,-13.984753,-23.28731,-35.578646
0.0,250.0,128319.98,52.987366,38.503326,61.068527,64.804474,-28.117142,-37.35344,-75.166504,109020.82,46.843422,34.19237,57.479977,61.02976,-23.93228,-31.810547,-58.86627,37511.242,12.004563,11.602597,23.895706,27.34217,-8.769626,-12.687985,-19.172556,36914.188,11.459748,11.536327,24.69389,28.37367,-8.643238,-12.518343,-18.91432,5834.7393,4.311847,2.422823,6.616003,8.686563,-1.309364,-2.193311,-3.465911,6603.111,4.522544,2.591401,7.282876,9.8382,-1.455403,-2.244606,-3.612011,49652.31,13.891465,18.569792,39.43474,45.180588,-12.70254,-20.415949,-27.077862,52107.664,13.536862,20.0089,43.484783,49.48623,-13.690484,-23.152426,-31.501778,106521.164,37.49282,31.01396,48.568882,51.9871,-21.080946,-28.258448,-55.932163,99313.54,33.569336,26.74927,39.347534,43.000008,-18.58332,-24.23371,-56.691853,45667.68,13.02395,14.222324,26.678528,29.612848,-10.68825,-15.546253,-23.899214,37022.05,12.925654,11.403036,21.07726,23.474525,-8.591401,-12.099227,-19.024755,11709.763,5.938465,4.881728,14.495973,19.240162,-2.698847,-4.637171,-6.700689,12070.036,5.998193,4.645002,13.750009,18.071217,-2.610638,-4.099426,-6.142151,61335.434,16.03752,23.492615,48.54429,54.727516,-16.312532,-28.323704,-41.0187,54772.316,15.623181,20.777187,43.228874,48.253803,-14.178859,-23.653402,-34.529104
0.0,250.0,127497.1,25.115189,43.67605,70.62849,75.06582,-29.014095,-39.097775,-82.712814,107607.59,20.944284,39.357635,66.88511,71.23961,-23.991922,-32.25734,-71.32187,39290.89,33.909492,10.122754,19.905003,22.91,-8.699695,-12.390347,-17.931705,38650.758,30.81387,9.973449,20.446693,23.329884,-8.514638,-12.277294,-17.379477,9482.794,4.731798,3.778034,11.340011,14.80142,-2.253258,-3.687584,-5.21476,8899.102,4.446708,3.431174,10.33475,13.67527,-2.021495,-3.092814,-4.590948,51817.94,33.90979,16.394073,33.033585,36.957596,-12.688134,-20.258986,-32.61067,54674.656,32.041725,17.564734,36.4592,41.079613,-13.705093,-22.591259,-31.5264,110331.734,23.387829,35.55614,56.59075,62.17081,-23.085077,-30.16715,-67.408646,103233.28,20.1185,31.200914,47.096134,52.922318,-20.590702,-26.727602,-59.936882,46608.277,42.025394,12.666924,22.147493,24.463411,-10.362366,-15.003581,-21.773186,37482.3,36.106377,10.142341,17.459787,19.219711,-8.294931,-11.752772,-19.869204,13445.883,6.56793,5.177476,15.26709,20.23922,-3.041885,-5.25609,-7.971467,13779.523,7.041326,4.985672,14.626407,19.254263,-2.894939,-4.504455,-6.851407,61838.97,43.840443,20.876884,41.07072,45.214222,-15.848963,-27.316816,-41.280537,55229.125,42.32615,18.584553,36.975735,40.237904,-13.769217,-22.647331,-35.291419
0.0,250.0,123883.94,57.418594,38.14404,60.892807,63.820812,-27.505533,-36.754906,-69.66363,105030.836,46.900154,34.04189,57.67755,61.040825,-22.574461,-30.73318,-60.06012,35946.79,11.014113,11.675954,24.454885,27.820538,-8.4944,-12.130634,-18.117434,35328.742,10.46394,11.517198,24.906944,28.444845,-8.292126,-11.939385,-17.292997,8850.352,4.479055,3.791152,10.963509,14.279176,-2.11073,-3.446082,-4.77161,8378.611,4.283031,3.513488,10.365859,13.709488,-1.919134,-3.002885,-4.736055,47968.137,12.685276,18.70995,40.520054,46.335094,-12.461346,-19.982912,-30.20559,50686.402,12.345931,20.129026,44.50066,51.07646,-13.38631,-22.138386,-31.511555,103951.77,45.314407,31.816383,49.4145,52.562485,-21.150896,-27.727674,-55.906593,97862.664,41.066,27.692883,40.753338,44.715706,-19.016981,-24.442211,-52.95089,42966.906,12.044353,13.889113,26.142952,29.281261,-10.080913,-14.726329,-22.828098,34673.613,11.965883,11.167726,21.103968,23.53135,-8.150358,-11.55076,-16.186686,12378.666,5.335119,5.353884,15.982094,20.948841,-2.867631,-4.874513,-6.888166,12527.24,5.357551,5.085828,15.193169,19.653316,-2.765701,-4.377475,-6.621262,57998.324,14.619333,22.899675,48.242844,54.775085,-15.472446,-26.085747,-39.130367,51644.113,14.245884,20.294292,43.00736,48.543343,-13.497572,-22.47065,-31.615667
0.0,250.0,125932.95,34.15177,38.57027,60.63846,64.380424,-28.345858,-37.94536,-73.50655,106891.66,26.766142,34.098248,56.87437,59.89897,-23.47571,-31.707367,-62.125076,36036.79,9.13972,11.646259,23.763374,27.1172,-8.686879,-12.344823,-18.508383,35311.344,8.704709,11.49832,24.39145,28.036425,-8.499703,-12.163146,-16.8059,8703.007,4.111772,3.666152,10.384444,13.313522,-2.146688,-3.408609,-5.030391,8250.606,3.943001,3.39495,9.798431,12.753086,-1.943247,-2.942933,-4.310462,48335.016,10.435001,18.562454,39.34464,44.207706,-12.730865,-20.2962,-28.06439,51065.137,10.235423,19.986656,43.4425,49.324913,-13.818926,-22.510365,-30.63074,104425.03,22.51861,31.832006,49.39759,53.534447,-21.812107,-29.205685,-61.176296,97673.81,18.975576,27.769363,40.36533,44.412506,-19.52819,-24.887718,-55.62742,42982.312,9.736484,13.776958,25.656591,28.98793,-10.331655,-14.719357,-22.002665,34676.56,9.769724,11.082125,20.461887,22.72595,-8.33025,-11.765624,-18.606897,12159.448,4.697093,5.199256,15.436876,20.03543,-2.936299,-4.893007,-7.732459,12332.696,4.675839,4.922674,14.447209,18.666912,-2.81622,-4.413534,-6.796456,58158.0,11.569891,22.667887,47.561043,53.78322,-15.92625,-26.796825,-40.526985,51853.27,11.321438,20.042006,42.159294,47.688847,-13.804154,-22.543026,-33.016449
0.0,250.0,124882.85,32.750656,38.537643,60.971935,65.54641,-28.38304,-38.07462,-79.2735,106047.48,25.498734,34.210293,57.169937,60.700016,-23.569511,-31.726635,-61.92742,35983.793,9.024186,11.700103,23.86066,27.349743,-8.642924,-12.339278,-17.277735,35349.816,8.621811,11.519839,24.357159,27.574116,-8.423985,-12.135331,-18.06538,8638.031,4.080609,3.625013,10.258419,12.997307,-2.104126,-3.434981,-4.417087,8171.5347,3.900701,3.376771,9.739339,12.696061,-1.924964,-2.923041,-4.198053,48262.617,10.277882,18.638859,39.495293,44.537117,-12.698503,-19.903334,-26.98926,51052.055,10.104445,20.031141,43.242874,49.635803,-13.574633,-21.991867,-31.604492,103797.34,21.492653,31.88303,49.46317,53.726753,-21.907328,-28.884438,-60.472744,97006.84,18.123657,27.683426,40.52032,44.444904,-19.573341,-25.150148,-47.882954,43045.87,9.659181,13.843103,25.552195,28.670244,-10.24387,-15.01162,-23.951967,34686.05,9.657894,11.153169,20.652763,22.99903,-8.306914,-11.724735,-18.913822,12135.9375,4.66492,5.164698,15.360618,20.229275,-2.885371,-4.971889,-6.801728,12266.323,4.642176,4.915526,14.427113,18.732216,-2.794258,-4.313109,-6.844707,58366.42,11.447963,22.717484,47.420223,54.46592,-15.738453,-26.474733,-38.044735,51825.836,11.142917,20.109121,42.287285,47.44545,-13.773617,-22.622944,-33.522258
0.0,250.0,124325.086,32.1515,38.300247,60.79704,64.2921,-28.062029,-38.237446,-88.1354,105445.72,25.017097,33.963715,56.676533,59.353844,-23.335405,-31.922644,-66.68991,36297.46,9.05788,11.768793,24.202654,27.505116,-8.751483,-12.382562,-18.834257,35645.234,8.639463,11.615391,24.662546,27.91824,-8.548117,-12.163374,-17.100357,8626.057,4.088672,3.624135,10.298987,13.092536,-2.118865,-3.414646,-4.742608,8194.666,3.92249,3.37559,9.820942,12.655713,-1.929979,-2.963912,-4.272644,48875.703,10.31938,18.755445,40.027798,45.427067,-12.886473,-20.27068,-28.268122,51662.055,10.136127,20.151487,43.98064,49.92559,-13.888981,-21.9672,-29.934698,103130.79,21.166286,31.610928,49.030907,52.917435,-21.601763,-28.586205,-76.33408,96292.99,17.82974,27.361263,40.21786,44.883965,-19.287247,-25.609999,-58.509674,43405.664,9.676048,14.001233,25.945026,28.760916,-10.416252,-14.718698,-21.790077,35051.285,9.705979,11.243473,20.906837,23.406586,-8.402493,-11.71548,-18.307028,12175.754,4.697848,5.191806,15.408202,19.917904,-2.92314,-4.902305,-6.864223,12335.8545,4.660293,4.917327,14.560874,18.614346,-2.811298,-4.314344,-6.697564,59013.35,11.462705,22.899666,48.338135,54.39181,-15.991227,-26.863184,-38.714855,52457.73,11.204864,20.285986,42.961025,48.208576,-13.953245,-22.64508,-37.170079
0.0,250.0,124093.43,31.984512,38.30152,60.68599,63.6379,-28.18921,-37.49023,-80.947586,105351.664,24.865376,33.802788,56.050556,59.15117,-23.302979,-31.737247,-57.992626,36387.22,9.02767,11.896916,24.343164,27.502493,-8.734014,-12.478231,-18.15705,35728.223,8.604072,11.718272,24.64983,27.962145,-8.518417,-12.301904,-17.463789,8573.996,4.079129,3.63679,10.289155,13.043452,-2.101409,-3.413044,-4.995547,8149.6914,3.914767,3.407416,9.8794,12.675486,-1.918157,-2.975612,-4.081912,48881.76,10.260293,18.992731,40.4618,45.639187,-12.878802,-20.58297,-26.798697,51623.023,10.054913,20.37804,44.353893,50.167995,-13.848452,-22.835974,-31.485466,103200.305,21.006287,31.514475,48.55199,53.42839,-21.679098,-28.173246,-57.66514,96631.91,17.741365,27.459282,40.059837,44.92216,-19.478662,-25.177738,-49.33424,43556.562,9.630151,14.092459,25.90336,28.66427,-10.38058,-14.826389,-22.262909,35046.13,9.659865,11.341198,21.036528,23.568836,-8.384431,-11.928008,-18.94451,12158.486,4.683911,5.240619,15.467833,20.16485,-2.914646,-4.898815,-7.044423,12277.616,4.642698,4.979477,14.648574,18.75123,-2.799562,-4.394301,-6.308221,59237.824,11.429434,23.15797,48.661816,54.884857,-16.046345,-27.130943,-38.98223,52491.785,11.131856,20.548035,43.302864,48.63689,-13.978715,-22.972322,-34.064830
0.0,250.0,123499.83,31.553045,38.06391,60.254494,65.19181,-27.812946,-37.315582,-75.09532,105086.586,24.510626,33.657234,56.103123,60.117905,-23.063507,-31.367018,-70.28419,36619.113,9.145375,11.959275,24.267332,27.523165,-8.844817,-12.597808,-18.014881,35921.105,8.709573,11.768341,24.67761,28.273903,-8.653605,-12.35679,-17.115732,8616.406,4.146476,3.634473,10.219505,13.121518,-2.094675,-3.371351,-4.820436,8197.456,3.985132,3.403805,9.807862,12.800705,-1.927068,-2.94984,-4.356315,49214.73,10.400965,19.138035,40.426907,45.6568,-12.989233,-20.757114,-28.962149,52295.33,10.261177,20.57225,44.391953,50.25386,-13.961029,-23.02297,-33.924473,102524.78,20.63518,31.34019,48.879818,52.512566,-21.361767,-28.264954,-55.78755,95608.34,17.4357,27.357431,39.89131,43.73133,-19.126316,-24.738216,-50.683018,43892.56,9.763098,14.133416,25.892565,29.204632,-10.52191,-14.972757,-23.383999,35358.145,9.771729,11.382155,20.968142,23.647303,-8.479696,-11.947931,-18.10659,12219.0625,4.756801,5.234318,15.417738,19.971975,-2.908615,-4.894734,-7.171858,12360.008,4.723825,4.976316,14.560763,18.665096,-2.815747,-4.405358,-6.745232,59763.55,11.576287,23.303593,48.61439,54.893497,-16.13618,-27.127798,-40.891693,53023.35,11.290977,20.634636,43.307503,48.6701,-14.105446,-23.16005,-34.050660
0.0,250.0,113445.93,89.62841,35.124683,56.786377,59.899586,-25.735218,-34.834534,-58.084656,98987.99,76.14976,33.12996,57.00888,60.32535,-21.760706,-30.128487,-60.711315,39803.29,14.254952,12.447473,26.52179,30.327274,-9.302992,-13.450642,-20.229164,39059.87,13.779257,12.332759,26.925894,31.045416,-9.204301,-13.650439,-19.871782,7816.9863,5.832934,3.288923,9.787296,13.208857,-1.804291,-3.033386,-4.201436,8238.529,5.802817,3.168442,9.348944,12.567152,-1.754013,-2.674028,-3.732694,53674.43,17.241606,20.104898,43.930885,50.44117,-13.647371,-22.091995,-31.546637,56094.035,16.592796,21.78617,49.466564,58.150673,-14.949931,-26.21082,-37.97599,106105.26,70.42762,32.75479,51.894737,55.136307,-21.972069,-29.364384,-64.97425,98053.664,66.19049,27.57697,40.958607,44.377045,-19.214247,-25.291712,-54.969566,47832.11,15.673918,15.56514,30.254423,33.551403,-11.340857,-16.644024,-26.382736,38725.465,15.518831,12.40685,24.092869,27.316313,-8.964973,-12.734091,-19.789604,12427.158,7.067937,5.321639,16.4461,22.528742,-2.858311,-4.9107,-6.958617,12754.668,7.112548,5.000789,15.208022,20.418707,-2.655298,-4.079676,-6.640556,64647.902,21.43462,26.020555,57.415607,65.95237,-17.543575,-30.938934,-43.09221,58457.44,20.53318,22.743717,49.165226,55.198345,-14.964034,-24.932302,-37.015998
0.0,250.0,125992.69,25.004622,41.633343,66.875725,70.31882,-29.401434,-38.934536,-74.72463,109928.63,21.919891,38.2622,65.05778,68.809525,-25.054379,-34.172756,-63.400677,34226.91,31.754154,10.238492,19.453138,22.167212,-7.569405,-10.90541,-17.483343,33741.875,28.889584,10.103234,20.32377,23.116758,-7.534915,-11.122861,-16.051437,8667.333,4.732687,3.719225,11.234285,14.563666,-2.0708,-3.410413,-4.828338,8131.593,4.416839,3.360724,10.064128,13.699735,-1.822581,-2.739468,-4.061772,45449.984,31.470013,16.637749,32.74626,36.117626,-11.151878,-17.71045,-23.125086,47670.168,29.855473,17.882097,36.911575,41.13446,-12.181283,-20.463617,-27.773466,105772.43,21.832413,35.12266,55.869022,60.92419,-22.781893,-30.313265,-63.16319,98420.27,19.085838,29.98012,44.96785,48.41842,-20.220308,-26.564463,-50.39464,41058.37,40.134243,12.790624,22.020386,24.221416,-9.263037,-13.824474,-19.813068,33201.637,33.790802,10.196394,17.160227,18.682564,-7.372379,-10.548985,-14.960952,11736.647,6.344456,5.007368,14.867721,19.803238,-2.68432,-4.632804,-6.755288,12007.162,6.722333,4.762758,13.749967,17.990072,-2.507125,-3.814996,-6.08634,54542.074,41.972298,20.917637,41.11068,44.592915,-14.400855,-25.114101,-38.004475,49287.45,39.856983,18.642353,36.351234,39.33019,-12.343035,-20.221779,-30.226020
0.0,250.0,121002.266,35.013027,38.52715,60.28294,64.142914,-28.041508,-38.017025,-76.63025,104332.76,28.467773,34.82672,58.221344,62.0923,-23.553743,-31.938656,-63.461266,33734.26,9.173276,10.945908,22.017805,24.992018,-8.075776,-11.295396,-18.575472,33086.742,8.789483,10.908806,23.406237,26.592566,-7.98942,-11.652439,-17.100908,8467.238,4.073601,3.667549,10.787966,13.963449,-2.09377,-3.441879,-4.887803,7954.0005,3.850752,3.294409,9.566705,12.15648,-1.851369,-2.750828,-4.378261,45257.586,10.438115,17.29386,36.532845,41.145588,-11.793176,-18.631166,-26.803804,47434.82,10.301796,18.747818,41.461063,47.17284,-12.85677,-21.111362,-29.193434,102395.94,23.426725,32.24464,50.20035,56.946144,-22.02726,-29.90483,-55.947315,94952.53,20.227526,27.4613,39.90893,44.12259,-19.453424,-25.454876,-54.988014,40205.84,9.983452,13.211347,25.005564,27.492443,-9.765637,-14.051891,-20.783693,32453.018,9.76912,10.463859,19.077797,20.950274,-7.751625,-10.747853,-16.619911,11408.539,4.649283,4.976641,15.026862,19.799747,-2.759893,-4.759787,-6.771275,11493.271,4.594688,4.584588,13.29896,17.087317,-2.580222,-3.883331,-5.849174,54108.145,11.797886,21.399866,46.208855,52.315063,-14.878719,-25.67337,-38.57872,48661.66,11.401017,18.84221,39.747818,45.30486,-12.817066,-21.009398,-32.703133
0.0,250.0,119398.0,34.26765,36.981922,57.31278,61.439556,-27.339333,-37.40606,-70.115524,102710.836,27.364931,33.433895,55.766766,59.775036,-22.928776,-31.645626,-63.948914,34390.43,9.095775,11.338595,22.678,25.568888,-8.283798,-11.68091,-19.048922,33724.145,8.737566,11.298849,24.006971,27.671333,-8.166637,-11.661935,-17.571335,8495.133,4.106083,3.711223,10.804246,14.010919,-2.108913,-3.422312,-4.746645,7977.2935,3.88244,3.331361,9.625544,12.286104,-1.869908,-2.789755,-4.250819,46264.406,10.371122,17.96219,37.625668,42.71796,-12.155365,-19.026773,-25.263924,48659.844,10.26218,19.539797,42.850964,49.027424,-13.261759,-21.89383,-33.086456,101710.98,22.454016,31.65873,48.885223,53.482822,-21.597223,-28.55677,-64.50992,94188.516,19.411015,26.793991,38.695877,43.088764,-19.117441,-24.922232,-56.74008,41050.188,9.929885,13.597376,25.567347,28.219654,-9.968619,-14.314871,-24.78872,33038.492,9.707304,10.767685,19.521898,21.456635,-7.90895,-11.158555,-16.684038,11530.31,4.672734,5.084,15.297785,20.23306,-2.811206,-4.763164,-6.568445,11619.621,4.602199,4.671658,13.482777,17.576195,-2.635487,-3.961118,-6.103557,55271.758,11.722689,22.143108,47.334404,53.53546,-15.236056,-25.909283,-38.955242,49494.453,11.296415,19.42621,40.766586,45.78124,-13.12085,-21.309395,-31.487861
0.0,250.0,117853.82,33.261936,36.38823,56.98939,62.239056,-27.32122,-36.616493,-68.02106,101716.82,26.496838,33.20517,55.36192,58.529034,-22.951788,-31.360456,-54.00536,35192.5,9.245412,11.535821,23.013119,25.890165,-8.441717,-11.997283,-16.677338,34522.86,8.863183,11.475158,24.265423,27.716394,-8.318042,-11.978568,-17.030153,8550.807,4.177476,3.713357,10.788011,13.681061,-2.11797,-3.41299,-4.65703,8036.9546,3.949653,3.35079,9.681789,12.232032,-1.862242,-2.798653,-4.121071,47305.027,10.495041,18.307585,38.361828,43.153404,-12.353976,-19.472496,-29.156658,49623.938,10.370507,19.86784,43.559006,49.1719,-13.465564,-22.687662,-31.150862,101068.88,21.814692,31.537842,48.685257,52.454075,-21.67412,-28.550718,-53.09784,93497.32,18.822472,26.685383,38.582733,42.826622,-19.061749,-24.66349,-51.019577,41841.598,10.018797,13.768456,25.831095,28.7408,-10.136174,-14.569701,-23.38154,33673.516,9.827761,10.90892,19.799822,22.083364,-8.036149,-11.343249,-16.881409,11666.512,4.740856,5.118867,15.369392,19.948313,-2.829756,-4.782644,-7.791663,11761.326,4.656772,4.720208,13.634023,17.578539,-2.633217,-3.988989,-6.262238,56216.953,11.793729,22.399258,47.856125,53.70577,-15.530283,-26.462067,-39.751003,50497.53,11.411294,19.716684,41.321754,46.641293,-13.357785,-21.562387,-33.736955
1.0,100.0,141.99,1.102042,0.124847,0.56103,0.968374,-0.612865,-2.251713,-25.724073,143.3461,1.110201,0.127754,0.596316,1.054342,-0.726276,-1.828359,-19.67694,4782.13,2.389882,4.289285,20.37446,28.045,-2.841298,-7.88749,-80.382286,5524.1157,2.553188,4.933777,22.987642,30.703432,-2.720882,-7.589428,-76.33527,1376.534,1.79925,1.128457,4.209576,6.03931,-0.272295,-2.34018,-18.09702,1485.1486,1.829696,1.225514,4.458846,6.237591,-0.264759,-2.295986,-18.150993,12272.985,4.254705,10.865179,47.303886,57.11897,-3.85376,-14.96879,-148.47626,14751.523,4.588164,13.023194,55.371574,67.663155,-4.889007,-35.217167,-350.49063,53.3605,1.0326,0.048195,0.22837,0.736009,-0.36259,-0.786731,-6.678427,38.903,1.024296,0.042045,0.189615,0.756159,-0.310566,-0.796664,-6.97004,5383.064,2.414087,4.780295,21.65841,28.934418,-2.780501,-11.618236,-110.91994,4899.064,2.523461,4.354802,19.641582,25.92769,-2.357912,-7.364766,-70.42705,3055.7664,2.431367,2.463471,8.78132,12.178517,-0.647558,-2.828918,-15.454095,3175.7437,2.438977,2.59552,9.076495,12.264774,-0.583015,-2.642687,-22.781881,19541.744,5.938556,16.614191,59.321716,71.87241,-3.927325,-19.78981,-201.58435,15590.093,5.282284,13.316918,47.899654,57.17057,-3.734233,-11.840161,-90.512411
1.0,100.0,140.6175,1.088716,0.12914,0.568021,1.007091,-0.506941,-1.835007,-19.990477,144.9769,1.094916,0.133874,0.604335,1.116617,-0.591716,-1.500366,-14.124642,6680.0317,2.349304,5.882587,24.965271,31.230251,-2.536025,-9.848873,-79.62384,7326.452,2.433976,6.426572,26.597496,32.503746,-2.402608,-9.403908,-71.822586,1370.7086,1.70484,1.087371,3.892865,5.505948,-0.276583,-2.445194,-19.50296,1483.6119,1.739898,1.178102,4.158736,5.787684,-0.274773,-2.452961,-20.382668,14870.444,3.727357,12.765014,46.683903,54.85431,-3.446624,-13.551588,-139.822,17373.295,3.943495,14.872318,53.477825,63.609646,-4.452631,-31.818192,-331.74487,29.0342,1.014666,0.037136,0.225525,0.776751,-0.273101,-0.618435,-5.494688,12.0435,1.006263,0.024286,0.151594,0.777167,-0.237986,-0.655316,-5.619454,7064.868,2.258944,6.178475,25.23996,31.63968,-2.473647,-14.024753,-130.10715,6515.83,2.41433,5.6725,22.560848,26.962076,-2.093513,-9.255175,-89.04926,3090.4236,2.224563,2.406575,8.312706,11.790581,-0.669798,-2.909286,-20.226713,3272.3562,2.22963,2.584156,8.663135,11.42947,-0.620986,-2.727106,-21.414783,21164.615,4.544882,17.297813,56.647865,67.994675,-4.000014,-17.315264,-169.43402,17249.14,4.185828,14.173248,45.891518,55.366905,-3.866299,-12.341921,-82.835023
1.0,100.0,130.1222,1.083624,0.116443,0.517957,0.935629,-0.48911,-1.701201,-19.298021,126.7186,1.08488,0.115705,0.521977,0.958188,-0.574953,-1.437105,-13.860756,6374.038,2.288348,5.639934,24.240417,30.812222,-2.511935,-9.075373,-69.551025,6917.4707,2.350487,6.096274,25.66257,31.52628,-2.399815,-8.595692,-61.089336,1339.3151,1.692165,1.073629,3.858308,5.262356,-0.2815,-2.321652,-19.473269,1472.4031,1.745618,1.178182,4.139432,5.821444,-0.279172,-2.333676,-20.164986,14540.013,3.679528,12.540561,46.617237,54.357388,-3.387395,-12.775948,-112.669106,16826.312,3.852015,14.483033,52.990097,63.03015,-4.421307,-30.852991,-322.7529,24.1003,1.012551,0.034981,0.188982,0.724923,-0.255191,-0.585018,-4.441734,17.442,1.009348,0.02212,0.148315,0.803366,-0.223025,-0.641699,-6.196562,6630.122,2.176642,5.822199,24.088276,30.559675,-2.436562,-12.055884,-95.380714,6320.8296,2.37221,5.520949,22.230389,26.65896,-2.092394,-8.060119,-47.83076,3029.4514,2.210918,2.376602,8.187639,11.227354,-0.691622,-2.926145,-17.920233,3246.485,2.239285,2.576451,8.631314,11.448101,-0.645755,-2.744464,-18.202196,20726.984,4.464832,17.036413,55.840458,66.60056,-4.224215,-16.082052,-155.19127,16965.855,4.138884,14.00567,45.5766,54.298923,-3.978333,-12.367415,-50.029463
1.0,100.0,130.3744,1.084779,0.114871,0.496931,0.811377,-0.464847,-1.629481,-17.595934,129.3673,1.087764,0.116877,0.514706,0.987978,-0.544961,-1.347898,-12.191963,6484.1963,2.302555,5.727097,24.332989,30.569248,-2.413718,-9.764787,-82.101295,7079.2617,2.376065,6.228078,25.854198,31.588373,-2.346268,-9.176371,-90.0255,1346.1345,1.697528,1.077006,3.856973,5.262787,-0.279706,-2.419075,-20.273384,1461.5222,1.740108,1.164371,4.121805,5.609438,-0.285293,-2.566645,-21.224817,14699.335,3.688685,12.648081,46.22454,54.779312,-3.27215,-14.288687,-132.01578,17045.512,3.881324,14.626518,52.849854,62.5559,-4.335834,-30.37454,-314.9529,34.5946,1.018338,0.037657,0.18618,0.795224,-0.236109,-0.529731,-1.369274,18.9506,1.01033,0.022439,0.160773,0.809212,-0.205597,-0.573565,-5.276845,6780.6147,2.201652,5.942889,24.355286,30.636885,-2.335641,-12.890576,-105.71802,6411.2397,2.386918,5.58637,22.35261,26.964375,-1.996158,-9.299573,-87.95912,3041.7207,2.220659,2.375958,8.158949,11.1959,-0.69085,-2.907357,-21.732399,3227.0417,2.230036,2.559448,8.524317,11.350057,-0.656743,-2.853154,-20.413979,20780.658,4.464165,17.018368,55.32005,66.522255,-4.162697,-15.103989,-141.10046,17029.088,4.136664,14.011711,45.119877,53.53438,-4.032402,-13.586412,-95.291586
1.0,100.0,129.1474,1.083733,0.118086,0.508188,0.868635,-0.442314,-1.583744,-18.009766,137.1482,1.093341,0.121786,0.519416,0.884347,-0.517111,-1.277006,-13.018822,7000.155,2.417609,6.13018,25.263586,31.034225,-2.568517,-9.77017,-97.77379,7666.8477,2.499182,6.688526,26.908058,32.339752,-2.679438,-10.280256,-92.37732,1394.5223,1.726084,1.09325,3.910652,5.431688,-0.408556,-2.448046,-20.409819,1494.4316,1.761177,1.17497,4.119792,5.897243,-0.442835,-2.465342,-21.858017,15437.959,3.844601,13.157081,46.357487,54.470257,-4.594643,-16.200693,-141.2265,18006.09,4.059018,15.286094,53.193462,63.17526,-4.836077,-30.158354,-309.88046,33.3968,1.017773,0.03801,0.196169,0.80098,-0.223779,-0.51844,-4.465066,12.7644,1.006984,0.024712,0.153918,0.761178,-0.195281,-0.552449,-4.872015,7347.098,2.30785,6.385827,25.396524,31.443705,-2.961814,-13.225775,-125.1911,6851.371,2.486154,5.929796,22.963064,27.011393,-2.30721,-9.267933,-69.95373,3123.9465,2.26033,2.412023,8.2456,11.366429,-1.275035,-3.795204,-20.55294,3314.095,2.27682,2.597788,8.536589,11.289972,-1.240334,-3.876633,-20.679232,21531.201,4.604527,17.43309,55.80838,67.799904,-7.484601,-22.166279,-155.51956,17581.928,4.251238,14.312389,45.338974,53.92248,-6.366868,-18.805376,-85.225457
1.0,100.0,8875.071,6.769609,20.014774,30.632479,33.449142,-1.397722,-1.77591,-2.369664,10428.519,6.319259,19.761124,31.74797,34.76727,-1.652981,-2.081034,-3.083254,27673.383,5.190075,7.066451,15.859454,18.503191,-7.179049,-10.144858,-13.239564,27554.84,5.048509,6.976444,15.936366,18.747784,-7.167637,-10.215343,-13.850828,2968.7805,2.414691,2.152367,6.770664,8.792817,-0.692828,-1.066195,-1.809817,3287.3064,2.470896,2.058252,5.940639,7.661785,-0.807322,-1.235681,-2.020178,31043.451,5.864027,12.049011,28.73782,33.734142,-8.397478,-13.114492,-17.269995,33811.926,5.7065,13.087766,34.514725,41.579975,-9.384626,-15.359961,-19.91281,8065.748,7.047637,20.846573,31.991564,34.795612,-0.923947,-1.192044,-2.326765,7064.0205,6.541992,16.927109,24.730515,26.545921,-0.743991,-0.955094,-2.177477,34567.633,7.450109,10.315895,21.245468,25.315947,-8.120063,-11.38061,-18.420658,27436.69,6.980184,8.412902,17.916332,20.67879,-6.524312,-9.128,-12.664924,5914.0107,3.355771,3.926162,13.050773,19.445845,-1.439523,-2.404099,-3.63516,6414.005,3.332313,3.721764,10.872803,14.061289,-1.56431,-2.459295,-3.811674,37364.277,8.035761,17.323582,41.930958,49.407997,-9.475424,-15.66038,-21.224674,32779.598,7.570346,15.238452,35.014774,41.336643,-8.198805,-12.898645,-17.011872
1.0,100.0,8298.22,6.459873,1.913225,2.64759,3.045377,-1.265805,-1.59145,-2.318927,10131.409,7.451468,2.477256,3.465726,4.000437,-1.504774,-1.902954,-2.914328,31964.33,10.602631,13.001299,28.889341,32.311867,-7.510867,-10.757378,-14.32688,32085.854,10.23998,13.048974,29.250336,32.477863,-7.533858,-10.799332,-14.529052,3157.459,2.675573,1.472194,4.794804,6.462268,-0.702869,-1.09825,-1.852483,3491.8013,2.784235,1.600411,4.991774,6.85408,-0.798826,-1.216155,-1.928892,35002.06,10.595193,16.436306,46.183475,54.430435,-8.741939,-13.701692,-17.95911,38311.086,10.587163,18.453932,53.29722,63.05767,-9.813727,-16.00634,-19.42736,6931.0195,5.226512,1.340907,1.796756,2.713639,-0.792715,-1.023645,-2.05914,5905.7246,4.78636,0.996999,1.317927,1.974435,-0.63266,-0.815077,-2.047378,36547.81,10.73279,15.083755,31.990023,34.97019,-8.318997,-11.96256,-18.75416,29344.406,10.471259,11.583027,25.258146,28.114674,-6.690351,-9.479643,-12.522001,6207.5747,3.789717,2.670621,8.600969,11.759696,-1.485311,-2.469285,-3.583162,6947.1865,4.104437,2.811677,8.605102,11.518561,-1.593614,-2.503267,-3.781158,39178.832,11.043069,18.860115,55.43923,65.20995,-9.717702,-15.83399,-20.720823,34577.668,10.678027,15.792473,44.58791,52.395153,-8.381797,-13.356417,-17.627173
1.0,100.0,8028.634,6.219347,1.571035,2.133752,2.648752,-1.229483,-1.545598,-2.231889,9833.749,7.171831,2.042828,2.794202,3.172904,-1.464047,-1.839699,-2.818658,31991.54,10.583314,13.045491,29.069073,31.878576,-7.487315,-10.635012,-14.206686,32120.02,10.205907,13.083798,29.275864,32.46352,-7.513621,-10.793635,-13.492107,3088.9773,2.663733,1.38614,4.62347,6.502584,-0.670707,-0.998837,-1.598281,3389.704,2.764276,1.513535,4.841317,6.670654,-0.758617,-1.135186,-1.870073,34940.9,10.589582,16.453712,46.41802,53.985992,-8.70175,-13.362868,-16.490744,38148.35,10.528944,18.445608,53.34088,63.114967,-9.721522,-15.468963,-19.348194,6527.3506,4.820666,1.022766,1.34304,1.948855,-0.74942,-1.014077,-2.168221,5527.871,4.46178,0.747539,0.974565,1.59429,-0.59562,-0.769616,-1.916735,36335.453,10.720826,14.864796,31.61358,34.549873,-8.203926,-11.577698,-16.049826,29248.623,10.487317,11.495425,25.148579,28.097704,-6.62898,-9.45963,-13.420031,6146.9834,3.815241,2.56045,8.43456,11.616869,-1.451538,-2.448737,-3.988449,6871.7275,4.11745,2.7175,8.500191,11.308677,-1.564574,-2.477316,-3.708343,38785.445,11.030157,18.594664,54.848476,65.7353,-9.566281,-15.751531,-20.695452,34352.336,10.716608,15.544615,44.138786,51.726116,-8.282015,-13.168257,-18.423325
1.0,100.0,7812.915,6.025234,1.4313,1.905546,2.41482,-1.219637,-1.502511,-2.417732,9599.93,6.953036,1.882028,2.51616,3.070127,-1.460434,-1.81874,-2.769144,32594.762,10.764014,13.02027,28.660187,31.702965,-7.605045,-10.921434,-28.362165,32614.016,10.350665,13.108596,29.247515,32.451447,-7.648203,-11.083941,-31.030968,3061.757,2.66464,1.333607,4.5212,6.421869,-0.664305,-1.061804,-3.261196,3356.6763,2.768119,1.440846,4.620494,6.196098,-0.744893,-1.153962,-3.44454,35604.465,10.712646,16.377022,45.677998,53.62856,-8.84945,-13.811617,-45.663925,38834.402,10.721998,18.372572,53.00858,62.172287,-9.938287,-16.28525,-49.314594,6274.607,4.604283,0.905301,1.184878,1.833753,-0.732047,-1.010687,-2.615486,5254.97,4.248499,0.65632,0.841875,1.51473,-0.573589,-0.818533,-2.336854,36602.227,10.857696,14.77709,31.436033,34.40805,-8.293487,-11.980752,-29.840593,29615.25,10.602769,11.430932,24.802725,27.568687,-6.707247,-9.464012,-20.56624,6184.3037,3.855364,2.510235,8.326009,11.590468,-1.469245,-2.983014,-3.784772,6949.3057,4.167611,2.65438,8.221499,10.951931,-1.578782,-2.77832,-8.226522,39180.23,11.227196,18.389004,54.350014,64.99672,-9.721885,-18.770294,-54.390724,34759.9,10.813669,15.371768,43.47473,51.09644,-8.385643,-15.075285,-17.803367
1.0,100.0,7783.176,6.00261,1.378984,1.838676,2.270382,-1.19078,-1.512555,-2.443605,9540.382,6.896039,1.817208,2.398446,3.00759,-1.420368,-1.812259,-2.75196,32252.273,10.608007,13.04683,28.65648,31.897587,-7.464751,-10.713862,-14.0273,32337.467,10.249377,13.127124,29.357292,32.418846,-7.526745,-10.841911,-14.404246,3001.6443,2.64541,1.313782,4.451281,6.268458,-0.639264,-0.991903,-1.647538,3252.2664,2.723781,1.403865,4.51337,6.178416,-0.707482,-1.063428,-2.109581,35206.582,10.568368,16.386189,45.553207,53.342194,-8.672096,-13.574611,-17.93466,38292.324,10.580175,18.382013,52.96335,62.891907,-9.704299,-15.789375,-20.202105,6157.1636,4.48995,0.856249,1.103005,1.826185,-0.701766,-0.926821,-1.934584,5164.1694,4.182424,0.617391,0.81329,1.564499,-0.551688,-0.728236,-1.822668,36138.47,10.768996,14.753121,31.452328,34.35853,-8.146748,-11.830997,-17.874374,29323.896,10.482578,11.427146,24.773584,27.312738,-6.592299,-9.315317,-12.438467,6072.823,3.816098,2.486279,8.28725,11.377217,-1.430958,-2.458359,-3.884966,6800.928,4.096903,2.636843,8.105337,10.815415,-1.527526,-2.468553,-4.450232,38555.82,11.097823,18.335335,54.129017,64.25268,-9.494311,-15.910198,-21.277971,34359.79,10.73924,15.34004,43.24509,51.29874,-8.197692,-13.2292,-18.126361
1.0,100.0,7643.775,5.881613,1.32194,1.744832,2.145727,-1.168333,-1.473498,-2.104041,9399.822,6.79579,1.739459,2.314005,2.95802,-1.400635,-1.774162,-2.859414,32586.389,10.817631,13.076913,28.770048,31.487423,-7.631197,-10.745307,-14.414946,32669.19,10.440868,13.16972,29.325891,31.96843,-7.661025,-10.962449,-13.636413,3032.4607,2.693907,1.30423,4.506889,6.298911,-0.646384,-0.969076,-1.66388,3273.1904,2.777389,1.387267,4.497698,6.051476,-0.71657,-1.042884,-1.888841,35600.48,10.785245,16.402811,45.824398,53.789326,-8.833608,-13.630847,-18.159506,38788.004,10.841822,18.44455,53.472466,63.513683,-9.884602,-15.953099,-19.877756,5999.2256,4.37798,0.807156,1.089603,2.013645,-0.688651,-0.901574,-1.94211,4985.699,4.043536,0.585701,0.746095,1.514868,-0.540659,-0.703918,-1.769673,36497.37,10.989327,14.7557,31.416632,34.384323,-8.271387,-11.750921,-17.036255,29657.898,10.704084,11.447089,24.85874,27.73068,-6.733812,-9.356079,-12.453158,6132.404,3.877679,2.492926,8.332981,11.582608,-1.444268,-2.454828,-3.528982,6899.842,4.194971,2.628867,8.149528,10.825647,-1.554175,-2.463619,-4.174832,38993.797,11.363756,18.37197,54.336636,64.7707,-9.617912,-15.852426,-24.45048,34677.457,10.909432,15.341493,43.197502,50.89817,-8.322849,-13.14006,-18.656344
1.0,100.0,5298.4727,2.203121,1.445209,2.078521,2.500513,-1.411765,-1.804139,-2.463423,7081.605,2.660084,1.865116,2.619614,3.251382,-1.687474,-2.186604,-3.037288,28730.305,29.56401,10.750094,23.50423,26.06667,-6.285676,-8.969376,-11.376686,28666.178,26.79956,10.678539,23.55864,26.429003,-6.278815,-9.194876,-11.739052,3934.055,2.755686,1.745108,5.612987,7.870465,-0.884162,-1.402847,-2.067395,4079.2715,2.780412,1.712212,5.350591,7.407085,-0.917563,-1.411861,-2.292979,31725.992,25.705618,13.951513,37.226055,43.43923,-7.434112,-11.717061,-14.65251,34338.3,24.722115,15.334789,42.091957,50.36138,-8.268908,-13.630767,-17.22915,2942.1375,1.774263,0.688766,0.954676,1.766588,-0.728263,-0.974058,-1.945658,2220.5913,1.557247,0.540387,0.773707,1.816168,-0.599659,-0.821993,-1.666176,33175.48,36.046867,12.889976,27.350735,29.946411,-7.142331,-10.35069,-15.053617,25723.615,29.508444,9.434179,19.99375,22.026184,-5.515311,-7.791558,-11.028676,6187.6445,3.992605,2.429543,7.969885,10.91747,-1.366025,-2.372167,-3.5968,6850.8027,4.516909,2.587909,7.915493,10.984677,-1.425306,-2.272247,-3.578074,35009.82,31.788887,15.790468,46.334236,55.68463,-8.257849,-13.963804,-17.9136,31318.82,30.39945,13.254982,37.163162,44.260483,-7.17276,-11.639187,-15.793006
1.0,100.0,7067.79,5.049465,1.512827,1.981115,2.395282,-1.221067,-1.582556,-2.445471,8949.384,6.089499,1.970932,2.569862,3.123206,-1.51235,-1.932743,-2.751198,28071.273,8.736977,11.267259,24.341154,26.750229,-6.692157,-9.667375,-11.99527,27983.512,8.411917,11.3033,24.973911,27.532986,-6.692468,-9.718604,-13.143201,3707.1196,2.561468,1.686767,5.644584,7.814107,-0.867358,-1.34991,-2.096563,3945.97,2.637253,1.696025,5.455103,7.517689,-0.923457,-1.396472,-2.063077,30960.41,8.756972,14.294882,38.66825,44.77345,-7.873495,-12.297713,-15.159536,33630.402,8.803475,15.93731,44.860928,53.28725,-8.777393,-14.431607,-17.990253,4595.233,3.572709,0.835261,1.06133,1.907323,-0.651888,-0.865455,-1.877993,3702.7185,3.14293,0.637798,0.817412,1.535352,-0.485516,-0.642384,-1.436505,31718.611,9.033886,12.883978,27.111399,29.780027,-7.397769,-10.70536,-15.15634,24743.537,8.651149,9.611373,20.370068,22.40787,-5.760098,-8.15191,-10.998248,6034.212,3.345998,2.545861,8.697564,12.443202,-1.464583,-2.510086,-3.842119,6610.1836,3.553559,2.624223,8.337585,11.205765,-1.526477,-2.383666,-3.683113,33676.7,9.207695,15.868919,47.37736,56.264717,-8.641164,-14.34654,-19.745333,30021.13,8.941866,13.354901,37.59533,44.760303,-7.493369,-11.925971,-15.488879
1.0,100.0,4987.377,2.122899,1.360668,1.932924,2.56443,-1.349714,-1.711672,-2.483558,6623.161,2.533254,1.737882,2.398417,2.970385,-1.599898,-2.064748,-2.830895,29493.912,29.903412,10.997304,24.155777,26.91273,-6.472039,-9.336538,-13.277882,29438.24,27.247355,10.924832,24.261522,27.254644,-6.458067,-9.432317,-11.975703,4053.3298,2.822983,1.778551,5.858502,8.118829,-0.904393,-1.451548,-2.226459,4190.2783,2.829843,1.749555,5.628938,7.663856,-0.942823,-1.450618,-2.173206,32582.436,26.060682,14.304603,38.3566,45.217354,-7.677602,-12.143837,-15.130449,35169.45,25.192863,15.70944,43.37882,51.620304,-8.516212,-14.093712,-18.03684,2467.992,1.627219,0.597326,0.82576,1.682755,-0.662758,-0.888986,-1.766759,1873.1978,1.455242,0.473781,0.679949,1.544269,-0.559213,-0.759926,-1.727646,33770.926,36.36237,13.091701,27.863552,30.752035,-7.302112,-10.727236,-15.678482,26065.385,29.751545,9.548789,20.370352,22.795238,-5.632176,-8.030281,-11.436493,6334.5615,4.060152,2.494503,8.318373,11.440556,-1.403808,-2.446559,-3.758853,6977.87,4.571911,2.645167,8.251355,11.232765,-1.461372,-2.301744,-3.541543,35572.0,31.920534,16.026531,47.524742,57.33835,-8.477309,-14.366376,-19.194645,31969.076,30.59408,13.566237,38.460407,45.703384,-7.397051,-11.887707,-15.366568
1.0,100.0,6782.678,4.850889,1.428628,1.840871,2.329209,-1.164649,-1.488609,-2.156488,8548.313,5.773809,1.852883,2.383913,2.91445,-1.442923,-1.868045,-2.810188,28771.6,8.831145,11.421886,24.597685,27.081676,-6.839228,-9.829263,-12.82379,28660.775,8.525885,11.460349,25.297417,27.764635,-6.856541,-9.966557,-12.717226,3807.3113,2.592954,1.709914,5.79604,8.1428,-0.88209,-1.372267,-2.026006,4062.1077,2.672203,1.711964,5.570462,7.570558,-0.938317,-1.38439,-2.254116,31774.426,8.880792,14.476986,39.00137,45.582596,-8.050739,-12.523335,-15.476304,34397.63,8.923772,16.177135,45.55664,54.026424,-8.973394,-14.716026,-18.050724,4199.2344,3.297306,0.752566,0.952461,1.77899,-0.586035,-0.796929,-1.739364,3391.0916,2.908692,0.580091,0.731945,1.573009,-0.438051,-0.600931,-1.6046,32273.889,9.143146,13.027856,27.278437,29.6473,-7.55317,-10.811094,-15.603112,25113.992,8.790401,9.651585,20.39939,22.562479,-5.839837,-8.207507,-11.040236,6141.9316,3.375273,2.564483,8.90695,12.541219,-1.471302,-2.549392,-3.982537,6733.444,3.581851,2.626955,8.456493,11.243073,-1.529773,-2.364221,-3.766942,34159.77,9.338581,15.939822,47.503605,56.893517,-8.760989,-14.823191,-19.775797,30620.37,9.061451,13.457357,37.87198,44.339176,-7.601289,-11.955562,-17.142451
1.0,100.0,4845.95,2.073738,1.336527,1.89979,2.349087,-1.32909,-1.692848,-2.449475,6436.0327,2.455393,1.701918,2.362899,2.950293,-1.568167,-1.996016,-3.113777,29620.014,29.285486,10.997779,24.123528,26.996365,-6.523539,-9.336689,-13.26035,29581.055,26.885887,10.936378,24.258335,26.904053,-6.51168,-9.442131,-12.486867,4152.95,2.840139,1.814409,5.956025,8.39848,-0.932723,-1.437109,-1.999461,4252.099,2.829852,1.780359,5.679731,7.800214,-0.961543,-1.425273,-2.190404,32831.66,25.713741,14.372119,38.505417,45.220963,-7.769729,-12.000119,-14.99112,35546.97,24.969006,15.775113,43.528828,51.608723,-8.639886,-13.95838,-18.467855,2284.4175,1.568077,0.568115,0.801711,1.621901,-0.636542,-0.858956,-1.973715,1719.0317,1.407997,0.451891,0.641932,1.548891,-0.54661,-0.733941,-1.682417,33917.984,36.156498,13.092008,27.892937,30.971037,-7.381227,-10.61407,-15.554336,26096.943,29.242647,9.520547,20.259178,22.655937,-5.64723,-8.003502,-11.064143,6414.0327,4.050541,2.526631,8.42444,11.978806,-1.420861,-2.441453,-3.715608,7066.3584,4.582606,2.685436,8.363151,11.093211,-1.481583,-2.348315,-3.621646,35905.383,31.744509,16.12839,47.774204,58.0054,-8.543107,-14.659848,-18.452255,32172.826,30.224838,13.649639,38.801086,46.424473,-7.442085,-11.946508,-16.393612
1.0,100.0,6663.217,4.70982,1.400118,1.827721,2.387456,-1.150591,-1.488259,-2.061692,8347.452,5.530538,1.798503,2.339837,2.931501,-1.408234,-1.795455,-2.721745,28934.203,8.78292,11.565227,24.98594,27.312859,-6.911847,-9.84962,-13.393648,28819.908,8.451801,11.574887,25.448254,28.35742,-6.903825,-9.984663,-12.976003,3914.0469,2.609086,1.767889,5.927908,8.071204,-0.909871,-1.42824,-2.354122,4124.8037,2.675236,1.763773,5.737977,7.870247,-0.960896,-1.416496,-2.206604,31997.623,8.869062,14.725354,39.80046,46.206745,-8.167745,-12.709615,-15.540034,34759.863,8.892904,16.410088,45.83798,54.139828,-9.113328,-14.813552,-18.874468,4011.195,3.138794,0.716264,0.909014,1.801418,-0.565305,-0.775508,-1.807066,3272.0095,2.790042,0.562269,0.736719,1.372872,-0.426903,-0.582784,-1.40172,32460.441,9.085601,13.115019,27.456268,30.28199,-7.613907,-10.784748,-14.272689,25134.807,8.760503,9.733176,20.71535,22.837257,-5.88204,-8.248804,-12.071148,6246.4277,3.37951,2.623012,9.043178,12.592108,-1.496089,-2.514955,-3.930593,6793.5864,3.565339,2.696478,8.706787,11.646062,-1.557435,-2.411494,-4.083065,34519.695,9.318982,16.187613,48.118023,57.874264,-8.849531,-14.80735,-19.14494,30823.375,9.079917,13.678376,38.876984,46.057377,-7.694838,-12.225569,-17.104127
1.0,100.0,4684.7896,2.022963,1.283473,1.863723,2.488063,-1.3134,-1.670423,-2.413968,6224.6064,2.408769,1.630544,2.276757,2.750982,-1.541457,-1.962048,-3.015342,29787.322,27.511005,11.021464,23.921103,26.375938,-6.597394,-9.478479,-12.956324,29638.938,25.07421,10.984867,24.295883,26.861628,-6.612606,-9.581106,-11.901087,4110.7383,2.821238,1.798576,5.904046,8.364208,-0.938662,-1.444325,-2.223486,4255.4185,2.825452,1.749676,5.514994,7.674397,-0.962317,-1.43169,-2.136276,32980.355,24.451971,14.299409,37.79957,44.286556,-7.878342,-12.229138,-15.297343,35467.355,23.541069,15.785929,43.47666,52.298077,-8.814492,-14.533506,-18.465563,2075.7046,1.508174,0.526197,0.74557,1.582387,-0.616064,-0.826897,-1.773218,1567.5493,1.370077,0.422044,0.626728,1.481266,-0.526005,-0.705142,-1.68446,33869.734,33.79728,13.064315,27.784206,30.804985,-7.462143,-10.744436,-13.940567,26204.82,27.383736,9.512597,20.023304,22.111307,-5.699612,-8.052561,-11.200055,6393.4863,4.042494,2.521829,8.474678,11.848856,-1.435403,-2.44858,-3.790246,7082.0093,4.528592,2.645469,8.152991,10.873652,-1.489577,-2.274125,-3.72002,35696.234,30.115572,15.998691,47.21502,56.539345,-8.658327,-14.628049,-19.440434,32323.584,28.978724,13.53513,37.70913,44.52493,-7.518665,-11.791857,-16.183720
1.0,100.0,6611.649,4.590219,1.378934,1.794791,2.284976,-1.145785,-1.480416,-2.062929,8279.041,5.446508,1.774908,2.307565,2.83321,-1.40285,-1.811245,-2.584498,28846.873,8.413696,11.497889,24.52343,26.989256,-6.920182,-9.803219,-13.025562,28669.125,8.145201,11.603046,25.744,28.641144,-6.954724,-10.163924,-13.275052,3803.8794,2.542521,1.753081,5.991676,8.20066,-0.906305,-1.414371,-2.115209,4043.5847,2.598526,1.719412,5.515868,7.477239,-0.94837,-1.396838,-2.161288,31920.91,8.547262,14.556078,38.79238,45.457363,-8.175048,-12.639623,-16.690027,34387.91,8.592344,16.417862,46.710865,54.924625,-9.198742,-15.23619,-18.468332,3948.0947,3.050955,0.701374,0.898139,1.664935,-0.554949,-0.757638,-1.732026,3195.2747,2.71802,0.535354,0.679058,1.343982,-0.416966,-0.565134,-1.479031,32139.564,8.836774,13.10547,27.68718,30.506226,-7.652877,-11.142297,-15.585192,25063.951,8.443396,9.650956,20.211903,22.867104,-5.876587,-8.208794,-12.186887,6094.951,3.278404,2.62079,9.120877,12.964014,-1.490077,-2.541057,-4.019694,6711.3525,3.434344,2.644953,8.347446,11.279537,-1.54103,-2.317432,-3.983021,33953.06,9.081784,16.154133,48.343803,58.22731,-8.871782,-15.053631,-21.661095,30761.63,8.785251,13.542072,37.429626,43.6266,-7.672316,-12.031605,-15.455634
1.0,100.0,4513.733,1.967017,1.264368,1.797439,2.23284,-1.294869,-1.651926,-2.235029,5980.596,2.337506,1.59023,2.198832,2.760671,-1.502202,-1.95604,-2.939092,29774.682,28.385296,10.971974,23.539135,26.133991,-6.626894,-9.517789,-12.29616,29710.164,26.14222,10.956048,23.995762,26.738335,-6.636599,-9.689589,-12.262969,4126.8774,2.864006,1.798832,5.875276,8.146073,-0.936068,-1.487249,-2.196013,4272.225,2.855657,1.742922,5.409135,7.374742,-0.963649,-1.393311,-2.184438,32977.33,25.111994,14.214184,36.8372,42.96495,-7.86927,-12.126564,-14.936485,35359.746,24.32484,15.726905,42.9249,51.34086,-8.813233,-14.393395,-17.658405,1838.7924,1.43789,0.497615,0.717196,1.645534,-0.593446,-0.798115,-1.821265,1374.7896,1.312532,0.400042,0.61553,1.482901,-0.517692,-0.711486,-1.722931,33843.97,34.641483,13.029785,27.490255,29.926195,-7.467889,-10.708799,-15.480158,26194.05,28.378033,9.473139,19.693766,21.744686,-5.728526,-8.07808,-10.731924,6388.974,4.094232,2.513677,8.340645,11.57941,-1.427379,-2.537647,-3.759576,7099.3813,4.563881,2.629682,7.83609,10.58927,-1.4901,-2.271649,-3.647913,35406.53,30.973093,15.866009,46.576595,55.98995,-8.627772,-15.173477,-18.836273,32272.016,29.635128,13.435532,36.62689,43.19261,-7.502205,-11.870879,-16.102092
1.0,100.0,6502.7153,4.477498,1.355629,1.746068,2.206207,-1.126657,-1.445033,-2.165445,8087.9414,5.321,1.727071,2.239655,2.847913,-1.367164,-1.766314,-2.559526,29064.135,8.525907,11.526774,24.32347,26.535524,-7.006633,-10.063889,-12.976145,28945.17,8.260175,11.640994,25.462255,28.208895,-7.042774,-10.285865,-12.996731,3845.5095,2.57553,1.753002,5.92989,8.114089,-0.923214,-1.451964,-2.141292,4092.433,2.62736,1.717601,5.405581,7.503073,-0.967116,-1.408954,-2.262687,32158.018,8.64794,14.541555,38.124054,44.464664,-8.273485,-12.596494,-15.695633,34587.89,8.744712,16.450132,46.308964,54.685074,-9.328012,-15.313493,-19.376211,3779.6426,2.920801,0.680164,0.876589,1.646583,-0.535442,-0.728747,-2.013044,3112.3003,2.629102,0.533356,0.70049,1.406291,-0.410797,-0.582663,-1.547618,32339.428,8.934257,13.103753,27.300117,30.656094,-7.710303,-11.091811,-15.241475,25191.408,8.518214,9.672242,20.001392,22.104742,-5.936476,-8.427639,-12.085993,6171.942,3.332204,2.608584,9.017556,12.457135,-1.514553,-2.600823,-3.68043,6795.1616,3.476628,2.630888,8.064428,10.632617,-1.572315,-2.364697,-3.9451,34054.023,9.237129,16.10189,47.8472,57.621918,-8.997993,-15.349052,-21.377129,30942.525,8.872628,13.475917,36.421303,42.188328,-7.78138,-12.004371,-16.409739
1.0,100.0,7122.8706,4.065915,1.416325,1.866791,2.378873,-1.100975,-1.400213,-2.172036,8507.304,4.591635,1.735166,2.263053,2.858806,-1.289657,-1.632206,-2.727649,24601.355,11.397191,10.131906,25.12065,29.365799,-5.793252,-8.426427,-11.258252,25136.918,10.986609,10.436641,26.242432,30.134846,-5.941505,-8.735623,-11.647623,2609.8022,2.662559,1.161593,4.376141,6.654879,-0.549451,-0.881951,-1.657536,3156.0498,2.881151,1.389038,5.027011,7.178833,-0.688831,-1.06933,-1.774265,25288.738,11.456835,12.158698,37.16094,46.22579,-6.365677,-10.306565,-12.518144,27356.729,11.308932,13.438856,41.906937,52.642517,-7.026951,-11.93429,-15.141112,5202.1123,2.901686,0.725319,0.93179,1.817294,-0.581865,-0.799673,-1.908864,4338.5527,2.635876,0.569913,0.756758,1.637211,-0.459932,-0.624085,-1.705531,32976.81,11.082066,13.715887,31.35293,34.653908,-7.482599,-10.919824,-15.467096,26921.258,10.925481,10.782767,24.946814,28.040356,-6.129364,-8.731944,-11.852758,5789.6826,4.09012,2.45142,8.620773,12.295869,-1.349705,-2.318718,-3.877544,6430.928,4.456048,2.566708,8.703781,12.126037,-1.448223,-2.329757,-3.414674,35587.773,11.828068,17.523611,56.868862,70.32484,-8.880646,-15.105523,-21.131294,31144.297,11.47002,14.505668,45.54839,55.34776,-7.592884,-12.317464,-17.046355
1.0,100.0,6952.9175,4.076115,1.338444,1.788805,2.218773,-1.06601,-1.351235,-2.115732,8276.064,4.595125,1.630779,2.138659,2.799671,-1.246015,-1.587313,-2.860679,24958.56,11.498416,10.279305,25.272488,28.982061,-5.904459,-8.375552,-10.910744,25496.703,11.133655,10.578554,26.442776,30.536913,-6.055293,-8.666604,-11.207186,2647.0562,2.692867,1.157345,4.374443,6.486188,-0.559403,-0.842556,-1.408161,3168.1077,2.902418,1.374401,4.969663,7.123869,-0.694526,-1.060062,-1.743265,25543.6,11.576487,12.227212,37.288116,45.933605,-6.452531,-10.016193,-12.580629,27715.875,11.492654,13.523975,41.967907,52.119324,-7.180146,-11.505081,-14.067031,4968.3535,2.808721,0.666918,0.857535,1.62744,-0.555883,-0.788158,-1.838719,4152.465,2.565864,0.516998,0.670393,1.352738,-0.44448,-0.643457,-1.608211,33231.605,11.179583,13.796149,31.375685,34.75925,-7.583822,-10.673496,-14.429222,27170.074,10.966902,10.842428,24.968845,28.184784,-6.209019,-8.660098,-12.072653,5838.2104,4.113732,2.446396,8.543061,12.253425,-1.365114,-2.339264,-3.576597,6480.655,4.503446,2.572372,8.627414,12.015437,-1.467124,-2.327099,-3.767529,36018.35,11.956204,17.558434,56.923367,70.07853,-9.010651,-15.126451,-20.385548,31449.135,11.522047,14.5752,45.538143,55.767574,-7.671868,-12.377377,-16.440438
1.0,100.0,6856.785,4.088901,1.273787,1.677759,2.196666,-1.051256,-1.333382,-2.084662,8164.783,4.626784,1.537703,1.997799,2.620928,-1.224343,-1.553331,-2.289599,25096.06,11.529734,10.392287,25.23742,28.98182,-5.973061,-8.51497,-11.318487,25597.354,11.132553,10.642843,26.264757,29.836699,-6.088837,-8.722714,-11.142952,2645.0671,2.694424,1.150034,4.299713,6.247169,-0.560633,-0.858919,-1.4064,3152.1243,2.907263,1.361846,4.912495,7.068935,-0.69613,-1.032295,-1.784508,25541.668,11.587781,12.287478,37.142998,45.787136,-6.466611,-10.113816,-12.124299,27722.53,11.490009,13.608902,41.742897,52.333984,-7.164196,-11.60937,-14.977353,4817.994,2.764331,0.620147,0.835565,1.472827,-0.54274,-0.727122,-1.82502,4014.9277,2.518473,0.489351,0.645257,1.503688,-0.434937,-0.570452,-1.780081,33325.836,11.150489,13.819954,31.081833,34.96073,-7.596915,-10.692973,-15.369146,27260.129,10.98738,10.888652,24.816465,27.594322,-6.261437,-8.833234,-11.670548,5827.5107,4.134465,2.432017,8.465008,11.706614,-1.351833,-2.308129,-3.683904,6457.6265,4.491859,2.574106,8.539217,11.916057,-1.465142,-2.379489,-3.430115,36025.34,11.889686,17.5629,56.302082,68.962746,-8.966444,-14.87339,-19.382889,31446.195,11.52203,14.578559,45.218773,55.264194,-7.688181,-12.176219,-16.873919
1.0,100.0,6748.094,4.077593,1.23067,1.609833,2.051188,-1.030556,-1.315884,-1.930129,8013.843,4.619649,1.47245,1.907397,2.488828,-1.195701,-1.529917,-2.369776,25208.732,11.467173,10.517481,25.748396,29.571598,-6.024374,-8.588712,-10.992499,25794.578,11.114326,10.738339,26.432259,30.149885,-6.144444,-8.899835,-11.819983,2655.0962,2.692823,1.144562,4.294141,6.098426,-0.563185,-0.831895,-1.484774,3125.1448,2.882124,1.3573,4.922806,6.980732,-0.693404,-1.029274,-1.772877,25526.352,11.514679,12.361639,37.593185,46.437714,-6.509734,-10.213501,-12.358533,27807.463,11.447984,13.617006,41.833553,52.84845,-7.251608,-11.692309,-14.397896,4681.568,2.729883,0.5778,0.745171,1.484511,-0.528022,-0.720144,-1.694515,3937.2158,2.502066,0.463122,0.603382,1.361292,-0.424802,-0.58575,-1.531466,33500.52,11.129136,13.883241,31.182753,34.50184,-7.632006,-10.74965,-15.102939,27255.9,10.904341,10.97669,25.247349,28.375607,-6.275737,-8.903373,-12.342166,5833.9263,4.0993,2.434938,8.455983,11.846446,-1.370415,-2.281525,-3.713446,6445.3706,4.501229,2.583737,8.689984,11.963664,-1.47447,-2.357879,-3.811804,36163.97,11.838839,17.644348,56.438583,69.20118,-9.054075,-14.99051,-18.77118,31437.602,11.41081,14.713171,45.85298,55.64097,-7.734225,-12.434262,-16.311634
1.0,100.0,6686.3145,4.066319,1.222322,1.61074,2.071671,-1.02393,-1.283163,-1.935281,7940.8105,4.589812,1.451413,1.867555,2.505805,-1.188906,-1.51631,-2.368826,25370.04,11.430843,10.450709,25.768515,29.302546,-6.043088,-8.742865,-11.240907,25850.516,11.026157,10.665836,26.323427,29.841295,-6.155015,-8.988695,-11.421625,2628.1294,2.648328,1.121511,4.212557,6.333751,-0.560223,-0.870332,-1.358576,3109.1396,2.857367,1.33028,4.887683,6.916204,-0.690967,-1.063718,-1.684142,25634.914,11.489791,12.237148,37.341644,46.468594,-6.514906,-10.395551,-12.61386,27766.363,11.273894,13.441123,41.324593,51.61513,-7.188134,-11.938865,-14.515778,4599.6797,2.690423,0.565595,0.719482,1.479354,-0.52022,-0.724569,-1.776002,3856.9731,2.463627,0.451641,0.595125,1.337222,-0.419476,-0.600867,-1.611452,33419.363,11.02059,13.743236,30.915342,34.845276,-7.617643,-10.896614,-15.623467,27353.164,10.894914,10.880757,25.231173,28.672441,-6.285203,-9.027157,-12.230732,5797.1494,4.061431,2.394141,8.360864,11.957784,-1.361406,-2.350115,-3.678642,6422.2754,4.453523,2.546644,8.631538,11.753947,-1.473015,-2.324182,-3.720123,36126.688,11.7334,17.41938,55.77935,69.20207,-9.041359,-15.209895,-20.493515,31535.615,11.436592,14.571641,45.61914,56.042015,-7.758553,-12.401571,-16.484741
1.0,100.0,3610.9595,1.694815,1.049744,1.484672,2.012046,-1.185453,-1.533962,-2.082059,4623.031,1.920892,1.253651,1.765128,2.419712,-1.326317,-1.700402,-2.461475,24605.488,24.973463,9.831069,23.27962,26.647863,-5.539609,-7.980088,-10.355076,24771.025,23.221563,9.78359,23.178396,27.117851,-5.578893,-8.128531,-10.334438,3929.3997,2.614897,1.97699,6.661602,9.20949,-0.943737,-1.498151,-2.43945,4178.9565,2.676184,1.954132,6.555242,9.059773,-1.013689,-1.547588,-2.433237,24328.566,21.339037,11.134791,30.612099,37.187325,-5.933955,-9.416355,-11.681709,26205.154,20.314697,12.105127,34.01019,41.951447,-6.557788,-10.746803,-13.138705,906.3945,1.209247,0.330034,0.517985,1.369565,-0.444722,-0.614097,-1.557691,523.7959,1.108402,0.282041,0.468037,1.316719,-0.45802,-0.642727,-1.550202,31929.068,34.751007,12.611972,27.672895,30.929897,-6.949908,-10.018453,-14.126969,24759.684,28.731237,9.314289,20.353558,22.862953,-5.405989,-7.761275,-11.193612,6395.8643,4.05193,2.644308,8.940344,12.282167,-1.457732,-2.534084,-3.711631,6964.896,4.591748,2.786754,9.04384,12.610076,-1.502378,-2.406659,-3.672063,33792.043,30.989214,15.619146,47.90199,58.819027,-8.182979,-14.071351,-19.186783,29767.146,29.985771,13.141297,39.310368,47.966175,-7.030225,-11.543158,-14.686188
1.0,100.0,6020.1567,3.624419,1.26096,1.633891,2.157973,-1.080063,-1.404634,-2.215141,7205.892,4.144698,1.51826,1.937069,2.471752,-1.252251,-1.605106,-2.370392,23442.598,7.884376,9.704734,22.696468,25.66501,-5.704324,-8.261491,-10.016945,23566.33,7.657907,9.812385,23.52097,26.907187,-5.766463,-8.408837,-11.274185,3681.1501,2.45775,1.804215,6.252799,8.705421,-0.878544,-1.406098,-2.005119,4043.8733,2.576759,1.853418,6.249764,8.616904,-0.968245,-1.473347,-2.275955,23302.678,7.979893,10.998033,30.928284,37.454052,-6.058497,-9.558883,-11.143204,25083.506,7.936009,12.167931,35.216858,42.78393,-6.671618,-11.195592,-13.943873,3038.5784,2.264968,0.5446,0.71242,1.446554,-0.452613,-0.629298,-1.613213,2710.3022,2.133854,0.474894,0.655139,1.445811,-0.416127,-0.591831,-1.399396,29737.693,7.927514,12.280516,26.781319,29.789555,-7.058578,-10.302251,-13.871396,23339.002,7.757834,9.232923,20.197184,22.503372,-5.520271,-7.843046,-10.1782,6019.0522,3.246736,2.626408,9.19654,12.810887,-1.465491,-2.541309,-4.011927,6493.453,3.42927,2.678272,8.895897,12.266749,-1.519048,-2.38153,-3.742578,31635.027,8.187757,15.255634,47.630302,58.219547,-8.232577,-14.015024,-18.274292,27877.133,8.001788,12.784682,38.31935,46.36947,-7.080551,-11.444934,-15.805125
1.0,100.0,6007.807,3.61119,1.251241,1.621667,2.103128,-1.049196,-1.349958,-2.055317,7242.06,4.061654,1.536258,1.970161,2.599679,-1.229386,-1.592296,-2.323091,24102.133,7.888594,9.993247,23.323187,26.369703,-5.920587,-8.616519,-10.708907,24217.693,7.673744,10.095106,24.10404,27.474012,-5.97816,-8.685319,-10.613087,3670.5764,2.47603,1.77429,6.167334,8.758153,-0.885279,-1.358319,-2.158509,4053.2366,2.60024,1.854217,6.265735,8.632432,-0.981072,-1.484201,-2.171355,23889.928,7.9971,11.33189,32.082348,39.063435,-6.295857,-9.846449,-11.491391,25756.525,7.958514,12.55013,36.48587,44.309383,-6.971552,-11.398613,-14.288078,3130.892,2.240347,0.563179,0.731275,1.576765,-0.461415,-0.644924,-1.730698,2758.1304,2.131074,0.475233,0.624564,1.480794,-0.406537,-0.575735,-1.567332,30368.912,7.852159,12.515158,27.13209,29.704103,-7.257362,-10.454237,-14.813431,23898.78,7.695829,9.473859,20.758791,23.075172,-5.708163,-8.115518,-10.800509,6124.868,3.28668,2.675542,9.264429,12.849308,-1.514449,-2.572618,-4.303197,6618.9087,3.467511,2.731493,9.052063,12.458156,-1.57043,-2.449615,-3.605881,32262.186,8.091769,15.633599,48.320477,58.201675,-8.509694,-14.107724,-18.563444,28451.664,7.929872,13.096944,38.93191,47.228302,-7.304941,-11.573903,-16.207489
1.0,100.0,6054.143,3.597053,1.253258,1.629912,2.144389,-1.047349,-1.368869,-2.020157,7322.8594,4.016393,1.545368,1.995529,2.62977,-1.228493,-1.565608,-2.50553,24387.816,7.892896,10.187747,23.8678,26.783163,-5.962775,-8.547173,-12.326414,24553.426,7.686352,10.275009,24.498909,27.825975,-6.040268,-8.786207,-11.048319,3642.0474,2.475534,1.743916,6.086516,8.393098,-0.868414,-1.356925,-2.16801,4024.165,2.600863,1.840792,6.258526,8.611688,-0.965676,-1.485955,-2.310258,24246.436,8.006231,11.531743,32.812065,39.407017,-6.32903,-9.97931,-12.303039,26195.02,7.979818,12.765592,37.24215,45.27984,-6.998422,-11.587006,-13.751447,3222.193,2.246618,0.575988,0.755579,1.544913,-0.472358,-0.653717,-1.750913,2798.7065,2.133399,0.482924,0.619641,1.395232,-0.407975,-0.573526,-1.347684,30715.82,7.840078,12.689096,27.5573,30.303762,-7.281198,-10.554336,-14.81888,24191.781,7.696135,9.677763,21.23235,23.585135,-5.738042,-8.180722,-11.742442,6140.003,3.290988,2.686404,9.273347,12.727538,-1.50799,-2.542934,-3.818996,6661.724,3.488814,2.75956,9.109102,12.410007,-1.566005,-2.493555,-4.159028,32677.213,8.088659,15.871732,49.05474,59.233166,-8.512035,-14.384026,-18.849276,28734.193,7.899229,13.312898,39.57962,47.546707,-7.323029,-11.795767,-15.930420
1.0,100.0,6053.85,3.561482,1.248559,1.610468,2.045059,-1.035132,-1.333138,-2.060072,7326.147,3.950541,1.549887,1.981968,2.545187,-1.218926,-1.56489,-2.413611,24710.615,7.940756,10.363407,24.295427,27.368155,-6.073543,-8.703736,-10.908771,24909.723,7.73196,10.466555,24.975159,28.298119,-6.120597,-8.889666,-11.374108,3646.4524,2.493512,1.737436,6.0956,8.524288,-0.856534,-1.317871,-2.166295,4029.6572,2.62324,1.843197,6.270152,8.896433,-0.963992,-1.463111,-2.251283,24597.03,8.055134,11.75629,33.541462,40.364975,-6.460088,-10.185913,-12.364232,26612.438,8.021737,13.003998,38.163773,46.528572,-7.121499,-11.737677,-15.295777,3249.9465,2.225892,0.578382,0.733053,1.678331,-0.474872,-0.679987,-1.589331,2808.3323,2.119231,0.48007,0.618859,1.502766,-0.4041,-0.573167,-1.511864,31025.166,7.833817,12.867366,27.931194,30.808552,-7.364954,-10.740317,-15.319307,24492.787,7.706457,9.818644,21.667814,23.99475,-5.837507,-8.394043,-11.352945,6186.492,3.322603,2.71602,9.415935,13.056151,-1.514242,-2.550192,-4.238331,6717.2607,3.512999,2.790184,9.211292,12.469948,-1.585728,-2.474244,-4.27315,33049.777,8.098641,16.095846,49.94163,60.12971,-8.66373,-14.611516,-19.61111,29098.98,7.924753,13.501058,40.215076,47.945236,-7.449302,-11.89545,-17.220826
1.0,100.0,6079.352,3.550223,1.255691,1.629525,2.252857,-1.040105,-1.332999,-1.938662,7389.997,3.924397,1.561924,2.004132,2.674557,-1.2243,-1.572048,-2.39193,24793.172,7.851152,10.46542,24.421007,27.7494,-6.093229,-8.804316,-12.022497,24963.502,7.668071,10.558973,24.948463,28.409079,-6.17108,-9.01825,-11.89592,3603.6885,2.477826,1.723283,6.032196,8.4548,-0.854097,-1.30783,-2.062709,3971.5688,2.596904,1.831065,6.224989,8.697692,-0.94917,-1.43874,-2.274002,24679.17,7.977596,11.876418,33.742104,40.603516,-6.4771,-10.169331,-12.467258,26722.469,7.95894,13.186914,38.36365,46.702408,-7.200513,-11.792107,-14.44117,3297.1062,2.218903,0.584263,0.757321,1.581446,-0.481445,-0.669832,-1.58566,2840.1792,2.12064,0.483347,0.643708,1.419676,-0.403912,-0.579557,-1.601387,31054.54,7.758023,12.960063,27.994928,31.214268,-7.425952,-10.653641,-15.416198,24571.535,7.620869,9.914663,21.851885,24.343536,-5.864607,-8.284032,-10.879516,6176.367,3.316532,2.71583,9.413917,13.208754,-1.515017,-2.580374,-3.840572,6687.5835,3.500429,2.800096,9.217443,12.633424,-1.575201,-2.513761,-3.774321,33115.168,8.015333,16.245775,49.895252,60.89706,-8.689116,-14.691859,-19.396185,29205.729,7.854445,13.601681,40.239403,47.99071,-7.455364,-12.02347,-15.723215
1.0,100.0,6372.1694,4.120039,1.090944,1.450386,1.944075,-0.988689,-1.28122,-2.098555,7581.5176,4.66506,1.302294,1.686834,2.249764,-1.138556,-1.495252,-2.331418,29383.502,11.660041,12.182686,28.985056,32.843094,-6.91041,-9.777319,-13.147236,29431.39,11.261656,12.364028,29.924343,34.227055,-6.989205,-10.077347,-13.191132,2743.9414,2.627114,1.15454,4.28961,6.229429,-0.572281,-0.866587,-1.529391,3323.299,2.863192,1.384115,4.928049,6.968447,-0.713293,-1.029163,-1.826963,28548.06,11.680134,13.499475,40.09446,49.199165,-7.167472,-10.928205,-13.584369,30987.47,11.62284,15.064655,45.722397,56.338604,-7.997514,-12.738233,-16.54962,4473.303,2.990489,0.531417,0.702729,1.551112,-0.52262,-0.721181,-1.880928,3842.0295,2.811447,0.44481,0.570956,1.339157,-0.448291,-0.615123,-1.693825,35008.85,11.263393,14.413475,32.214638,35.37325,-7.922547,-11.262445,-15.789022,28878.408,11.216217,11.287558,25.5461,28.303328,-6.529418,-9.134233,-12.629037,6223.417,4.008182,2.602486,9.054157,12.892676,-1.445027,-2.492907,-3.834745,6922.074,4.333275,2.726035,8.988967,12.152591,-1.541429,-2.377088,-3.644343,38004.97,12.063754,18.345858,58.32454,71.199,-9.433686,-15.83146,-21.55465,33655.29,11.724012,15.340753,47.040707,57.017025,-8.115214,-12.974658,-17.347200
1.0,100.0,6418.7266,4.125121,1.081433,1.410645,2.05251,-0.974422,-1.240309,-1.866109,7621.948,4.660248,1.285965,1.683028,2.494566,-1.123931,-1.446437,-2.239682,28820.207,11.612214,12.14952,28.656012,32.048985,-6.921611,-9.904954,-12.351028,28949.18,11.282128,12.326149,29.63292,33.305305,-7.00831,-10.178924,-12.992934,2708.6826,2.632179,1.154629,4.316123,6.247793,-0.587308,-0.867641,-1.451145,3249.8186,2.852195,1.363728,4.870586,6.972276,-0.722365,-1.05206,-1.859576,28176.15,11.674262,13.444439,39.78652,48.43082,-7.224542,-11.061401,-14.113506,30536.523,11.644975,15.026425,45.83357,56.11306,-8.109893,-13.00117,-16.534966,4448.073,2.962394,0.512931,0.688258,1.600634,-0.513373,-0.696823,-1.777385,3842.7124,2.814837,0.428603,0.558891,1.351794,-0.44349,-0.588121,-1.69741,34344.582,11.298011,14.368771,32.112434,35.24871,-7.95357,-11.422579,-16.49308,28410.877,11.169976,11.250892,25.221462,28.055483,-6.549388,-9.275944,-13.491777,6102.1616,4.002395,2.587431,9.015635,12.342326,-1.458821,-2.420735,-3.855882,6802.863,4.337091,2.698071,8.839348,12.051974,-1.563148,-2.423944,-3.944608,37377.61,12.091635,18.290503,58.038643,71.24853,-9.540599,-15.671586,-21.349943,33150.207,11.678443,15.261977,46.412228,56.175236,-8.181551,-12.789292,-18.129802
1.0,100.0,6524.7397,4.15926,1.073222,1.402432,1.84396,-0.986494,-1.259716,-1.941844,7705.427,4.663903,1.283157,1.648344,2.23385,-1.135262,-1.460001,-2.119139,27915.418,11.567157,11.828777,27.704268,31.215263,-6.664717,-9.491927,-12.285131,27999.014,11.245214,12.010334,28.749546,32.4279,-6.73819,-9.799104,-12.243279,2639.1978,2.635486,1.126162,4.194292,5.9896,-0.564315,-0.902731,-1.455595,3148.632,2.846853,1.320739,4.678123,6.574988,-0.693079,-1.037352,-1.70284,27312.809,11.63683,13.097868,38.42415,46.60581,-6.911524,-11.010613,-13.951099,29494.006,11.578869,14.624946,44.161022,54.15361,-7.671793,-12.949533,-15.866973,4483.484,2.958933,0.511274,0.658191,1.53925,-0.518726,-0.698562,-1.735874,3887.7705,2.830123,0.42176,0.55373,1.295514,-0.441754,-0.623858,-1.672613,33244.02,11.27784,13.989841,31.107265,34.779373,-7.645891,-11.009468,-15.564505,27561.17,11.115259,10.977218,24.467773,27.283403,-6.32515,-8.953187,-11.605989,5873.7124,3.971963,2.508081,8.66833,12.467809,-1.380026,-2.421421,-4.036559,6570.754,4.319551,2.618031,8.492588,11.46808,-1.479209,-2.355978,-3.466252,36155.344,12.0316,17.80925,56.126827,68.914406,-9.104071,-15.579078,-21.34348,32163.705,11.628918,14.883741,44.91554,54.59684,-7.864529,-12.721363,-16.507574
1.0,100.0,6547.512,4.163751,1.093129,1.42178,1.857029,-0.996058,-1.255073,-2.100786,7711.529,4.655195,1.297391,1.665291,2.252715,-1.134597,-1.442219,-2.420098,27551.572,11.737339,11.451476,26.683023,29.954342,-6.579243,-9.616858,-12.42359,27693.775,11.44928,11.619419,27.785421,31.311241,-6.668372,-9.812776,-12.585266,2625.7903,2.659143,1.09867,4.069233,6.002748,-0.560259,-0.87599,-1.535003,3106.7158,2.868285,1.273849,4.51609,6.517789,-0.681689,-1.05806,-1.872427,26905.615,11.787474,12.668672,36.98876,44.417168,-6.831312,-10.902616,-14.050029,29076.58,11.714921,14.129675,42.687283,52.208885,-7.61288,-12.81763,-16.346968,4465.0923,2.933427,0.514516,0.677916,1.614831,-0.520935,-0.709484,-1.967684,3874.704,2.820281,0.425958,0.581404,1.420319,-0.44765,-0.621226,-1.688109,32890.258,11.512214,13.556882,30.100014,33.02641,-7.563805,-10.961883,-15.295061,27259.252,11.267158,10.645514,23.638885,26.53359,-6.247394,-9.078774,-12.167194,5830.1504,4.032655,2.423586,8.385617,11.657171,-1.380792,-2.354077,-3.643107,6470.558,4.358093,2.52428,8.14771,11.063213,-1.470396,-2.346653,-3.706256,35711.555,12.22198,17.244543,54.1966,66.11788,-9.059122,-15.408602,-20.610357,31774.006,11.763861,14.438864,43.26921,52.80603,-7.794894,-12.47868,-16.511547
1.0,100.0,6502.7236,4.126335,1.07097,1.380769,1.800986,-0.988055,-1.271285,-1.955239,7671.963,4.607019,1.272191,1.626021,2.193875,-1.132146,-1.467727,-2.398414,27570.523,11.880601,11.476172,26.706676,30.020535,-6.54864,-9.339069,-12.232485,27623.24,11.541524,11.649722,27.68574,31.012632,-6.627007,-9.622533,-12.437862,2636.4106,2.691235,1.10767,4.097192,5.955203,-0.555269,-0.841943,-1.352694,3120.508,2.904156,1.284881,4.507637,6.435399,-0.674152,-0.994051,-1.79513,26877.994,11.898247,12.699002,37.093243,44.74818,-6.780842,-10.502307,-12.532804,28988.758,11.86412,14.179191,42.74665,52.869972,-7.579813,-12.436266,-15.464932,4437.4263,2.908794,0.50065,0.658369,1.593799,-0.515628,-0.690379,-2.038265,3829.172,2.782026,0.410105,0.537178,1.316991,-0.441015,-0.586251,-1.591496,32811.406,11.616094,13.604684,30.105131,32.89045,-7.520487,-10.715361,-15.515833,27212.076,11.409319,10.674213,23.687052,26.376694,-6.222934,-8.705277,-11.311794,5821.1436,4.069995,2.435828,8.371252,11.903463,-1.364482,-2.307802,-3.693283,6486.306,4.416642,2.535317,8.122451,11.177206,-1.450785,-2.278327,-3.386462,35562.727,12.307495,17.312408,54.12524,66.8889,-8.973385,-14.822291,-20.35171,31757.916,11.891013,14.473658,43.258045,51.699463,-7.713943,-12.112935,-15.811625
1.0,100.0,2741.6797,1.516189,0.859792,1.230973,1.78646,-1.063717,-1.399694,-1.983296,3708.8193,1.725701,1.063875,1.504224,2.119408,-1.195578,-1.550921,-2.252243,23519.62,28.162853,9.137132,20.826756,23.544151,-5.274304,-7.531467,-9.793402,23481.041,25.698677,9.073642,20.94967,23.707941,-5.308942,-7.746486,-9.740508,3748.2966,2.761689,1.791534,5.948704,8.256983,-0.861631,-1.373114,-2.094257,3990.4766,2.829005,1.766456,5.694412,8.202871,-0.915351,-1.371475,-2.143445,23113.264,23.244768,10.256196,27.269512,33.158096,-5.565547,-8.651187,-10.435889,24768.672,22.215912,11.218067,30.946974,38.013542,-6.139505,-10.111341,-12.540454,599.0649,1.13627,0.281829,0.457108,1.392463,-0.418394,-0.592627,-1.500661,369.1357,1.076877,0.255577,0.471961,1.20535,-0.445879,-0.645714,-1.661623,29140.596,37.092438,11.239067,24.212807,26.688,-6.384394,-9.334084,-12.612263,22838.688,30.520506,8.288875,17.375263,19.516008,-4.959145,-7.037093,-9.272694,6021.5366,4.202878,2.446292,8.144609,11.686217,-1.324399,-2.270696,-3.3654,6546.552,4.734957,2.544658,7.902168,10.693554,-1.367491,-2.10898,-3.448467,31061.889,32.789448,14.040012,41.65793,50.893063,-7.503471,-12.771677,-17.485126,27813.057,31.685873,11.927244,34.049664,40.95967,-6.487225,-10.417165,-13.418459
1.0,100.0,5438.9185,3.418058,1.129692,1.450916,1.858593,-0.990508,-1.293692,-1.878668,6628.653,3.9731,1.378155,1.742875,2.372192,-1.148246,-1.483596,-2.221622,22455.725,8.158556,9.26878,21.082663,23.493494,-5.514713,-7.829962,-10.07285,22424.486,7.933445,9.363882,21.99384,24.974476,-5.554836,-7.957125,-10.216713,3463.3347,2.505923,1.687205,5.81128,8.150576,-0.830272,-1.279523,-2.050749,3785.2048,2.606313,1.708145,5.646072,7.878004,-0.908592,-1.32313,-2.195747,22085.41,8.181312,10.338567,28.414474,34.053467,-5.799136,-8.953659,-11.02373,23796.252,8.20942,11.522223,33.102097,40.221817,-6.433357,-10.460858,-12.960582,2780.3806,2.193337,0.495693,0.657764,1.497,-0.414753,-0.593677,-1.381192,2517.795,2.099018,0.43667,0.571193,1.331723,-0.385502,-0.580795,-1.772113,27300.836,8.244129,11.262092,24.265974,26.756464,-6.558289,-9.437171,-12.804923,21566.861,7.996865,8.422502,17.952267,19.893414,-5.143948,-7.198871,-10.554202,5634.5527,3.259104,2.490358,8.65136,12.097449,-1.374807,-2.339665,-3.915188,6048.6416,3.412581,2.486436,8.064631,10.906817,-1.410391,-2.172552,-3.343207,29208.97,8.488007,14.129513,43.28809,52.27394,-7.682633,-12.920906,-17.03051,26033.457,8.241521,11.853237,34.47203,41.232327,-6.639313,-10.580647,-14.748251
1.0,100.0,5524.312,3.409036,1.152671,1.479444,2.113148,-0.989684,-1.288193,-1.889557,6786.412,3.892726,1.431145,1.821051,2.388252,-1.15061,-1.476327,-2.134498,23040.066,8.135092,9.536809,21.594255,24.037567,-5.66923,-8.215936,-10.552354,23049.295,7.927411,9.591974,22.243332,25.380322,-5.710519,-8.303377,-10.740397,3442.002,2.505665,1.636395,5.653662,7.852429,-0.822358,-1.280298,-2.102474,3799.0144,2.626386,1.698999,5.652657,7.852139,-0.917644,-1.389979,-2.091172,22650.81,8.178264,10.612998,29.272297,35.019844,-5.962861,-9.239449,-10.713074,24390.688,8.168957,11.763499,33.82356,40.96394,-6.566772,-10.8109,-12.725616,2879.6963,2.177763,0.515659,0.686017,1.613804,-0.428964,-0.598264,-1.505614,2568.1167,2.093857,0.441148,0.577827,1.352885,-0.380403,-0.549008,-1.399836,27896.457,8.133114,11.425472,24.436316,26.767118,-6.686578,-9.743124,-12.840437,22084.123,7.932308,8.638193,18.504402,20.35418,-5.269433,-7.614779,-9.894138,5724.676,3.274348,2.495709,8.622217,11.881538,-1.413827,-2.385477,-3.383653,6150.424,3.435345,2.528685,8.158318,11.416459,-1.458087,-2.232168,-3.641434,29849.52,8.383988,14.327482,43.49601,52.359253,-7.902192,-13.218859,-17.606655,26590.818,8.165561,12.087407,34.90171,41.69137,-6.836867,-10.788847,-13.867871
1.0,100.0,5545.1484,3.357897,1.146914,1.473658,2.053126,-0.979388,-1.268182,-1.891511,6830.5728,3.772727,1.438545,1.820633,2.348399,-1.145099,-1.468431,-2.266477,23650.607,8.178439,9.830009,22.256292,24.82999,-5.781962,-8.256987,-10.355006,23679.139,7.978394,9.88988,22.948078,25.713106,-5.835747,-8.501174,-11.092996,3477.6711,2.521105,1.637398,5.638955,7.827075,-0.819434,-1.280775,-1.913832,3847.0293,2.654478,1.708106,5.669024,7.967132,-0.911743,-1.352901,-2.345876,23291.883,8.231563,10.920203,30.141338,36.643944,-6.086978,-9.47565,-11.447774,25164.768,8.222883,12.178903,34.79727,41.91284,-6.756046,-10.844148,-14.06725,2934.7786,2.161244,0.530139,0.681382,1.541935,-0.436012,-0.614675,-1.626705,2575.8794,2.081007,0.443754,0.575295,1.368163,-0.373497,-0.522949,-1.418201,28534.477,8.13492,11.743023,24.93422,27.37911,-6.798794,-9.738375,-13.991294,22597.14,7.928693,8.892321,19.013065,21.429655,-5.354886,-7.517866,-10.317786,5861.566,3.323082,2.539913,8.687945,12.014173,-1.429203,-2.419951,-3.540697,6291.802,3.479532,2.569736,8.248907,11.23801,-1.470599,-2.281961,-3.52508,30620.729,8.388641,14.709102,44.28931,53.921703,-8.022865,-13.40651,-17.797604,27220.441,8.184506,12.381911,35.697388,42.28883,-6.929416,-11.033202,-14.755062
1.0,100.0,5610.4673,3.340528,1.157525,1.508815,2.089677,-0.981947,-1.261963,-1.786571,6898.5645,3.723042,1.457953,1.883984,2.456983,-1.146365,-1.469115,-2.199357,23948.42,8.150967,9.927593,22.547693,25.370647,-5.911968,-8.35028,-10.397779,23958.936,7.931422,9.998654,23.230581,26.195576,-5.946984,-8.528012,-11.192915,3418.5142,2.489783,1.609586,5.595155,7.798408,-0.81697,-1.237708,-2.057635,3807.746,2.634454,1.689584,5.677655,8.026224,-0.912352,-1.340296,-2.152907,23502.264,8.157142,11.034187,30.626198,36.690105,-6.193213,-9.509118,-11.474638,25338.326,8.127249,12.27807,35.29207,43.13535,-6.874687,-10.973902,-13.324464,2992.0479,2.162675,0.529725,0.699185,1.545641,-0.443563,-0.614987,-1.89899,2602.2168,2.077352,0.440839,0.591152,1.584034,-0.374573,-0.516315,-1.409104,28772.896,8.060351,11.856891,25.270199,27.907085,-6.909675,-9.810374,-14.323179,22852.406,7.873013,8.991371,19.293898,21.5207,-5.478637,-7.72296,-11.268864,5829.244,3.285478,2.529508,8.703806,12.136346,-1.429393,-2.372613,-3.991952,6291.2534,3.465875,2.57025,8.277382,11.486481,-1.481869,-2.311418,-3.644143,30772.29,8.27682,14.814046,44.66276,53.559692,-8.120345,-13.368884,-17.634588,27414.402,8.078072,12.487046,36.02721,42.78769,-7.027318,-11.187145,-16.271885
1.0,100.0,5612.738,3.310534,1.157308,1.493789,2.059364,-0.971206,-1.248555,-2.23418,6907.637,3.67246,1.46073,1.862796,2.466363,-1.138162,-1.486102,-2.386666,24447.744,8.198093,10.160143,23.037271,25.940842,-6.040414,-8.591371,-11.117098,24459.074,8.003071,10.223736,23.691261,26.481594,-6.06329,-8.785903,-11.793262,3455.7861,2.508289,1.612527,5.604762,7.789456,-0.815014,-1.285604,-1.949988,3847.0776,2.646089,1.702966,5.728324,8.13326,-0.922632,-1.382224,-2.077696,24052.479,8.240234,11.288969,31.388605,37.491394,-6.321481,-9.942124,-12.071827,26040.072,8.236094,12.547617,36.17762,44.188732,-7.000521,-11.65846,-15.47479,2991.5923,2.141419,0.533706,0.684778,1.428857,-0.437554,-0.608298,-1.57053,2577.697,2.056317,0.439288,0.570555,1.432428,-0.366795,-0.505286,-1.370385,29366.076,8.118855,12.071187,25.71642,28.23422,-7.030935,-10.241431,-14.631056,23335.682,7.926552,9.197212,19.74867,22.153763,-5.592762,-7.955224,-11.073215,5949.8496,3.333233,2.565658,8.821577,12.280331,-1.454108,-2.506977,-4.163181,6424.335,3.509205,2.615021,8.444776,11.195868,-1.515544,-2.349568,-3.441509,31575.4,8.361887,15.097617,45.56697,54.828323,-8.29406,-13.944758,-18.81716,28022.398,8.150336,12.738219,36.76418,43.62048,-7.185366,-11.543558,-15.230772
3.0,100.0,53319.215,27.55684,12.721568,19.066292,20.031279,-10.638395,-14.16729,-19.674517,58980.98,29.013483,15.990194,26.664661,28.327818,-11.668194,-15.683321,-23.167711,14911.644,4.895227,3.947767,7.309931,8.286904,-2.929132,-4.071021,-5.89392,14706.949,4.747571,3.964225,7.676923,8.770648,-2.908576,-4.138538,-5.74194,2728.1956,2.335975,1.051891,3.332996,4.358725,-0.560307,-0.93217,-1.488383,3104.6182,2.419363,1.169978,3.52867,4.679552,-0.633797,-0.989325,-1.630138,19804.74,5.583358,5.998848,12.644219,14.156015,-4.267089,-6.318234,-8.37814,21005.008,5.487623,6.573829,14.649935,16.725388,-4.642156,-7.22547,-9.762635,46082.734,17.786037,10.560202,14.721942,16.126293,-7.815801,-10.126067,-16.91015,40234.06,16.317652,8.028347,10.594105,11.675299,-6.102314,-7.741036,-12.176652,19597.89,5.483353,4.821922,8.196176,9.446392,-3.727255,-5.242443,-7.766196,15668.25,5.300532,3.87588,6.5504,7.379146,-2.952642,-4.100302,-6.467032,5309.478,3.057849,1.953017,6.246543,8.132533,-1.100501,-1.835743,-3.21857,5845.099,3.148333,2.062243,5.999475,7.84922,-1.124491,-1.738586,-3.528072,25664.557,6.575806,7.164221,14.358524,16.113005,-5.542617,-8.514815,-12.055792,22966.824,6.390622,6.502259,12.60644,13.796294,-4.859099,-7.174007,-10.818628
3.0,100.0,52157.75,23.359924,13.109154,19.483444,20.42411,-10.4856,-13.864159,-19.96984,57614.867,24.287071,16.241444,27.07075,28.791101,-11.497709,-15.395119,-25.566002,15299.316,4.761911,4.218141,7.614539,8.749175,-3.061748,-4.180459,-6.642652,15037.822,4.614059,4.232582,7.984455,8.860418,-3.026414,-4.164812,-6.357876,2745.77,2.32387,1.079504,3.415251,4.431934,-0.565164,-0.923736,-1.711235,3111.71,2.404864,1.19682,3.568729,4.70379,-0.633086,-1.034629,-1.860476,20318.45,5.393755,6.403989,13.030211,14.597891,-4.393985,-6.409153,-9.498553,21537.89,5.321807,7.012901,15.119956,16.755737,-4.817807,-7.098692,-9.3615,45551.96,14.463813,11.025252,15.317218,16.547169,-7.783521,-10.118938,-16.072414,39975.33,13.172617,8.403725,11.142052,12.195798,-6.087217,-7.827659,-13.509461,20037.451,5.308299,5.127121,8.518383,9.573693,-3.897474,-5.416428,-8.513818,15995.651,5.139254,4.094421,6.780524,7.643506,-3.086811,-4.088302,-5.999603,5316.214,2.977236,2.02045,6.389281,8.431157,-1.098879,-1.847919,-2.880954,5843.0854,3.054809,2.11826,6.130402,7.719035,-1.126573,-1.770944,-3.046355,26314.666,6.300501,7.66209,14.670907,16.804255,-5.706622,-8.581649,-12.575306,23528.33,6.117482,6.948176,12.927482,14.485598,-4.976374,-7.423203,-10.615282
3.0,100.0,51797.277,22.552107,12.767387,19.02796,19.846571,-10.362053,-13.818661,-19.481274,56981.547,23.257975,15.788749,26.277145,27.98037,-11.333195,-15.254574,-23.185501,15594.219,4.741905,4.377897,7.862788,8.629054,-3.12228,-4.304641,-6.875308,15329.288,4.600507,4.392458,8.246899,9.148328,-3.093945,-4.295012,-6.205532,2742.1719,2.30478,1.092789,3.451018,4.453163,-0.577922,-0.961659,-1.803729,3080.8638,2.372534,1.200622,3.607261,4.71826,-0.644927,-1.009363,-1.824564,20653.703,5.329326,6.605256,13.324102,15.005718,-4.555122,-6.777857,-8.725935,21942.697,5.266454,7.218495,15.47949,17.413479,-5.001654,-7.558324,-10.347749,45521.754,13.907445,10.949789,15.173516,16.046795,-7.810113,-10.047566,-16.956327,40093.027,12.638744,8.415589,11.236616,12.221094,-6.138142,-7.929629,-13.336098,20429.22,5.295687,5.325237,8.767492,9.627285,-3.965612,-5.504566,-8.439452,16217.195,5.09871,4.233773,6.906963,7.923481,-3.128586,-4.347661,-7.283984,5350.5576,2.949926,2.049294,6.560559,8.785829,-1.125674,-1.908728,-3.275868,5835.8086,3.004122,2.139271,6.188553,8.32363,-1.163103,-1.780558,-3.042273,26824.695,6.23961,7.914896,14.9751,16.526539,-5.940113,-8.948581,-13.710722,23889.28,6.045013,7.177315,13.215892,14.690047,-5.181074,-7.687463,-13.416002
3.0,100.0,51924.598,22.127539,12.845913,19.219788,20.154528,-10.445377,-14.003454,-22.137325,56862.824,22.607874,15.687426,26.159742,28.228754,-11.382952,-15.392199,-23.114294,15339.594,4.751877,4.423451,7.881562,8.738346,-3.106505,-4.307256,-6.439513,15090.476,4.606029,4.416965,8.179111,9.15674,-3.065709,-4.268749,-5.666512,2712.9556,2.311648,1.088309,3.43013,4.686037,-0.574906,-0.957679,-1.654015,3023.712,2.380543,1.201237,3.622168,4.815692,-0.637247,-0.979673,-1.693351,20343.557,5.334927,6.663629,13.402659,14.964836,-4.526175,-6.671505,-9.056133,21633.5,5.253074,7.276686,15.360819,17.28809,-4.950149,-7.505378,-9.685419,45865.406,13.658247,11.020708,15.332714,16.556007,-7.90817,-10.112561,-16.391174,40459.316,12.415073,8.564755,11.380501,12.309288,-6.238539,-7.962839,-13.667313,20061.143,5.279233,5.345328,8.69544,10.165403,-3.919753,-5.396414,-7.90108,15899.07,5.091701,4.24871,6.99283,7.899805,-3.095521,-4.276934,-6.350857,5251.2725,2.941903,2.03787,6.520655,8.445308,-1.108869,-1.814284,-2.983686,5705.869,2.994674,2.14561,6.290665,7.984608,-1.138791,-1.734327,-3.128127,26402.723,6.183134,7.968029,14.845926,16.705374,-5.869249,-8.712468,-12.545264,23492.51,6.02396,7.2199,13.231938,14.637633,-5.118002,-7.526093,-10.689491
3.0,100.0,51619.02,21.365084,12.783361,19.317036,20.659416,-10.395177,-14.055948,-20.202467,56381.11,21.65054,15.562574,25.987747,27.465433,-11.2927,-15.341385,-21.809204,15523.887,4.949068,4.446565,7.901062,8.754301,-3.096368,-4.220681,-6.311604,15272.963,4.781733,4.42528,8.144268,9.144292,-3.053112,-4.292119,-6.117449,2746.068,2.360896,1.105745,3.450363,4.525148,-0.567194,-0.940193,-1.495385,3059.48,2.441189,1.211703,3.666705,4.846813,-0.629072,-0.963008,-1.761066,20604.934,5.544782,6.708675,13.443173,14.955897,-4.508251,-6.377356,-8.887384,21872.76,5.445806,7.312822,15.36587,16.988466,-4.94141,-7.177971,-10.00506,45714.004,13.184765,11.011599,15.43867,16.428303,-7.866061,-10.166056,-16.774399,40436.637,11.956197,8.575091,11.562235,12.766125,-6.231537,-7.888945,-14.248472,20216.52,5.475722,5.356878,8.657989,9.758121,-3.910961,-5.385806,-8.099542,16012.957,5.286413,4.27043,6.930032,7.90711,-3.091991,-4.197297,-6.785082,5302.214,3.006715,2.045422,6.488748,8.489276,-1.093284,-1.823652,-2.94742,5743.875,3.061583,2.153671,6.278921,8.100148,-1.124368,-1.737553,-3.156303,26685.363,6.410446,7.979655,14.832486,16.28205,-5.856856,-8.655926,-14.880325,23710.506,6.2266,7.25063,13.243048,14.58056,-5.089806,-7.361988,-11.501904
3.0,100.0,51114.125,20.360275,12.802518,19.162827,20.071135,-10.342579,-13.816285,-19.817701,55948.617,20.296398,15.475569,25.875011,27.596153,-11.278924,-15.426673,-21.44077,15426.402,4.771023,4.405188,7.881668,8.692266,-3.095133,-4.26186,-6.194008,15154.345,4.613651,4.402172,8.120287,8.997586,-3.048013,-4.277168,-6.241258,2724.039,2.337959,1.088453,3.40602,4.441702,-0.561435,-0.945178,-1.549541,3011.6462,2.403133,1.186564,3.588754,4.727153,-0.619642,-0.976144,-1.800605,20473.695,5.338253,6.647756,13.355033,14.827333,-4.489815,-6.758838,-9.080787,21702.805,5.240086,7.256972,15.316457,17.245691,-4.865874,-7.571558,-10.599605,45566.008,12.667179,11.05797,15.390742,16.759737,-7.921678,-10.211621,-15.853555,40210.707,11.496181,8.651916,11.510617,12.476633,-6.237365,-7.948968,-14.493312,20063.94,5.300413,5.277536,8.59685,9.422615,-3.898206,-5.30638,-8.672306,15915.903,5.124626,4.192431,6.841572,7.926727,-3.08192,-4.155485,-6.375821,5220.42,2.93915,2.019467,6.41297,8.419272,-1.082892,-1.774696,-2.785604,5680.3677,3.005533,2.118201,6.206093,7.906364,-1.114097,-1.716693,-2.94748,26487.1,6.188359,7.890758,14.660445,16.291418,-5.778597,-8.986074,-13.582496,23582.111,6.029536,7.165902,13.148093,14.465209,-5.078517,-7.491834,-11.214688
3.0,100.0,51459.164,21.306112,12.621068,19.12562,19.981285,-10.301067,-13.828082,-20.222242,56071.81,21.539236,15.35473,25.920603,27.57652,-11.136657,-15.116368,-22.56813,15373.462,4.77058,4.459162,7.914707,8.636064,-3.125775,-4.377719,-6.355727,15174.078,4.642803,4.445996,8.187858,9.030775,-3.075359,-4.394138,-6.223237,2724.962,2.343699,1.091591,3.418388,4.424664,-0.581715,-0.930781,-1.729198,2991.068,2.401062,1.187401,3.580944,4.620035,-0.634957,-0.97122,-1.804762,20439.875,5.351866,6.756749,13.444686,14.896001,-4.545042,-6.780809,-8.94115,21783.658,5.273562,7.364426,15.335126,17.01194,-4.979259,-7.882175,-10.292206,45790.336,13.061164,10.976271,15.474926,16.492847,-7.865893,-9.989921,-16.5738,40636.13,11.906311,8.587265,11.512906,12.377356,-6.280591,-7.964481,-13.866023,20096.678,5.341548,5.325428,8.615115,9.759233,-3.927601,-5.530689,-8.25712,15832.167,5.125618,4.233886,6.862425,7.533326,-3.105552,-4.367783,-7.152864,5216.31,2.94938,2.019001,6.42206,8.418296,-1.110159,-1.78942,-3.294098,5634.814,2.998897,2.125285,6.187635,8.43449,-1.136008,-1.748175,-2.987654,26575.826,6.233099,7.990031,14.596164,16.277603,-5.936386,-8.908981,-13.341134,23499.486,6.043202,7.257643,13.148282,14.789488,-5.151101,-7.641835,-10.890830
3.0,100.0,50817.73,20.637106,12.626599,19.138214,20.096525,-10.185847,-13.630385,-19.507624,55510.21,20.864788,15.21511,25.596395,27.123411,-11.103509,-14.903437,-22.025164,15648.976,4.86041,4.507285,8.047626,9.017921,-3.164838,-4.416247,-5.794598,15356.486,4.684571,4.48082,8.220194,9.202487,-3.111353,-4.32672,-6.249094,2749.0942,2.355127,1.100664,3.440944,4.572569,-0.574724,-0.944267,-1.750748,3036.2554,2.430249,1.208189,3.688063,4.669173,-0.632322,-0.979686,-1.680365,20759.805,5.427269,6.804345,13.675655,14.990325,-4.600684,-6.876411,-9.208483,22022.553,5.307563,7.424932,15.501949,17.110579,-4.995074,-7.789095,-10.675191,45588.09,12.77411,10.920886,15.312852,16.817123,-7.865667,-10.087186,-15.645322,40325.133,11.513228,8.624089,11.560129,12.645426,-6.222676,-7.935121,-15.552436,20202.988,5.358937,5.350948,8.614351,9.477364,-3.947187,-5.474973,-8.873891,16015.907,5.193223,4.268366,6.944225,7.885439,-3.124154,-4.223637,-6.853921,5257.0503,2.956948,2.039842,6.481326,8.674983,-1.104626,-1.8511,-3.242271,5714.803,3.038865,2.15565,6.371527,8.304304,-1.139972,-1.79253,-3.684727,26751.727,6.241339,8.044209,14.791667,16.271854,-5.914916,-9.153663,-15.364657,23759.877,6.096788,7.302221,13.355884,14.639682,-5.158806,-7.764288,-11.366420
3.0,100.0,4151.223,2.812593,3.638781,15.122443,18.434252,-7.326667,-44.242863,-344.9183,5750.3057,3.376998,5.043632,21.119476,25.8233,-8.380032,-49.714928,-417.35336,1206.9976,1.301708,1.090547,5.042574,6.916985,-2.554897,-17.451468,-138.43361,1483.0044,1.36141,1.326208,5.945348,7.949564,-2.517021,-16.49432,-128.72752,1197.6226,1.602408,1.000336,3.498189,4.531003,-0.496687,-3.410566,-6.935058,1253.3247,1.600301,1.05224,3.654649,4.690247,-0.540864,-3.670936,-4.606188,2917.0024,1.638108,2.581186,11.214651,14.569485,-4.008012,-25.189964,-6.205258,3530.0415,1.70886,3.129071,13.574728,17.13868,-4.480912,-28.937859,-8.138684,2370.045,1.69949,2.095154,9.144881,12.140736,-4.994375,-37.232452,-303.8971,1774.5745,1.538572,1.563122,6.641762,8.567994,-3.519916,-26.100655,-222.3092,1117.3951,1.246312,1.003745,4.527984,6.320812,-2.93094,-20.99894,-168.53354,934.6294,1.249406,0.838147,3.787419,5.574506,-2.281672,-16.610834,-133.01604,2331.4788,1.892116,1.909412,6.510615,8.565792,-0.930963,-6.307379,-18.803745,2290.3162,1.83483,1.90541,6.338573,7.985206,-0.937199,-6.429571,-9.613728,4218.0073,1.855073,3.624364,13.790739,16.49692,-4.458699,-30.909681,-9.238294,3671.9893,1.813928,3.15474,12.096596,14.566378,-3.84187,-26.965553,-7.296386
3.0,100.0,5466.086,2.435194,4.708271,17.442883,19.768799,-7.016892,-43.567802,-9.832389,7613.757,2.77187,6.558079,24.198627,27.34397,-8.015994,-52.32297,-446.64578,1522.5363,1.321558,1.360987,5.841513,7.648499,-2.59656,-18.101616,-144.4965,1836.8516,1.380173,1.621886,6.707258,8.339791,-2.560116,-17.07393,-133.90619,1267.1106,1.583676,1.027352,3.379528,4.390404,-0.533438,-3.549002,-28.435036,1331.2251,1.586801,1.079366,3.516588,4.528187,-0.570899,-3.781788,-5.19423,3509.0479,1.637432,3.06081,12.193445,14.748883,-4.0556,-26.724869,-6.69752,4253.7617,1.716743,3.709638,14.500347,16.935917,-4.510357,-30.043844,-8.253121,3039.146,1.524098,2.693908,10.948266,13.618198,-4.91873,-37.017075,-296.7377,2323.792,1.387999,2.072437,8.323078,10.477806,-3.473476,-26.21328,-222.55768,1402.8618,1.255998,1.258376,5.309181,7.162887,-2.974245,-21.589106,-175.40282,1147.9287,1.256274,1.027262,4.345891,5.731477,-2.307653,-17.049618,-139.22469,2436.265,1.825775,1.936642,6.337237,8.249731,-0.992126,-6.539078,-18.315773,2394.0564,1.765039,1.935407,6.082717,7.800793,-0.989539,-6.660961,-9.851063,4863.787,1.800466,4.110106,14.138203,16.011454,-4.54368,-32.96976,-9.836887,4235.554,1.760719,3.585071,12.532163,14.261567,-3.934018,-28.85375,-8.702333
3.0,100.0,5085.7437,2.328501,4.402069,16.639654,19.015617,-7.111654,-43.185932,-363.94678,7248.9434,2.679939,6.263906,23.53782,26.984642,-8.13576,-51.36925,-14.559827,1387.2158,1.28567,1.255047,5.513052,7.26734,-2.710355,-18.861773,-143.7453,1725.7588,1.34928,1.542482,6.520747,8.231265,-2.658735,-17.659878,-135.1718,1237.2675,1.563781,1.016759,3.369716,4.435717,-0.541654,-3.712363,-7.064019,1279.9167,1.556175,1.057367,3.464353,4.522,-0.574171,-3.877067,-31.710333,3289.0977,1.58137,2.900607,11.794775,14.402779,-4.244349,-27.397257,-6.623356,4045.1704,1.664176,3.573112,14.388424,17.114006,-4.708764,-31.128117,-7.995375,2880.233,1.495408,2.563102,10.644066,13.202037,-5.079912,-37.67104,-306.17456,2142.6846,1.356767,1.920676,7.881179,10.067928,-3.548925,-26.439049,-224.62425,1316.1294,1.235329,1.19786,5.170766,6.981392,-3.09144,-22.39101,-173.88162,1039.0874,1.226551,0.943974,4.08278,5.45866,-2.426651,-17.891022,-137.0848,2388.4294,1.796542,1.920542,6.323569,8.435113,-1.00605,-6.787847,-19.200514,2307.6382,1.722003,1.891634,5.995832,7.469934,-0.99991,-6.855289,-10.97048,4682.6064,1.753652,3.992017,14.026355,16.107147,-4.672634,-34.09894,-10.309618,4021.4878,1.703504,3.433227,12.314051,14.253905,-4.061261,-29.629904,-8.400182
3.0,100.0,5062.0854,2.293019,4.375849,16.470219,18.96507,-7.128517,-44.247,-368.325,7301.3325,2.639743,6.301624,23.449312,26.572687,-8.220566,-52.867992,-13.260943,1378.2471,1.280346,1.24056,5.402914,7.153389,-2.704234,-18.739832,-142.96858,1772.2144,1.355875,1.573206,6.647235,8.444469,-2.694388,-17.70527,-134.46393,1251.7004,1.56785,1.024499,3.378834,4.45362,-0.551808,-3.71048,-5.832891,1262.5798,1.544962,1.038582,3.381325,4.368886,-0.579258,-3.838275,-2.91514,3268.7349,1.568535,2.868427,11.732505,14.280212,-4.189349,-27.015783,-7.005379,4127.239,1.669784,3.625032,14.559482,17.086079,-4.711505,-31.02426,-8.064831,2914.3413,1.494973,2.589049,10.672476,13.626654,-5.115543,-37.86605,-322.04352,2115.6528,1.347898,1.902167,7.769955,9.626807,-3.551386,-26.899017,-225.0279,1364.0342,1.242262,1.231422,5.26041,7.502572,-3.133555,-22.359064,-170.52489,1021.1108,1.22003,0.922307,4.014323,5.335715,-2.385463,-17.62407,-135.61974,2411.8826,1.80289,1.929139,6.31007,8.087773,-1.016074,-6.721511,-17.31109,2279.8738,1.706659,1.863991,5.817233,7.481121,-1.005032,-6.699577,-6.447987,4761.271,1.758969,4.042716,14.135068,16.060097,-4.72362,-34.026672,-9.974156,4015.8433,1.691511,3.417739,12.216256,14.342471,-4.063588,-29.365479,-8.589700
3.0,100.0,4905.59,2.259118,4.240945,15.97893,18.391779,-7.055241,-43.605366,-371.26538,7146.764,2.619333,6.166881,22.971651,25.951237,-8.165516,-53.28192,-13.703813,1357.8789,1.280977,1.221718,5.324836,7.148426,-2.651516,-18.19828,-136.9516,1742.1387,1.355331,1.547303,6.444327,8.110641,-2.63425,-17.06094,-133.77966,1273.1677,1.589146,1.034128,3.374723,4.260941,-0.551308,-3.783698,-6.753255,1286.2986,1.566569,1.05195,3.413264,4.408556,-0.577592,-3.962011,-3.591497,3264.4106,1.577821,2.857281,11.590787,14.168869,-4.143796,-27.640923,-6.618267,4115.9473,1.681201,3.598026,14.253674,17.299562,-4.633897,-32.674145,-7.758464,2900.0596,1.493374,2.575081,10.525053,13.14053,-5.073426,-37.73499,-319.34454,2076.1724,1.341122,1.866651,7.600991,9.481166,-3.531902,-27.06382,-225.5734,1341.2437,1.242073,1.204992,5.127563,6.630515,-3.053465,-21.911428,-164.4559,1005.1382,1.220562,0.905169,3.916762,5.326635,-2.3208,-17.093925,-131.74327,2425.7065,1.822044,1.93597,6.253908,8.212648,-1.012418,-6.826845,-18.339462,2284.8977,1.72288,1.862483,5.774581,7.297718,-1.001651,-6.824639,-7.861402,4731.126,1.765776,4.010217,14.00174,16.276232,-4.62088,-34.60611,-10.003243,4002.1333,1.700463,3.399622,12.122464,14.049025,-3.998729,-29.436474,-8.183098
3.0,100.0,2175.2256,2.040321,1.933556,8.797848,11.767651,-4.070558,-27.017645,-275.63782,2832.3179,2.34997,2.524432,11.613922,15.596926,-4.38289,-25.192001,-261.10876,619.1306,1.168796,0.574598,2.883024,4.455873,-1.264142,-11.162738,-95.57486,752.6836,1.199084,0.686639,3.388596,5.009117,-1.163599,-9.765022,-84.51595,870.6536,1.468129,0.7631,2.876277,3.714796,-0.270373,-1.694188,-9.882085,885.0487,1.46115,0.776057,2.931572,3.865543,-0.255874,-1.729406,-14.333476,1605.145,1.382458,1.442985,6.885443,9.892653,-2.64715,-24.600288,-193.71613,1931.0262,1.423445,1.751872,8.322376,11.699854,-2.275447,-18.781673,-141.38184,1154.291,1.391792,1.039267,4.911661,6.93204,-2.833793,-10.498797,-111.8919,894.7038,1.314785,0.799221,3.688117,5.450164,-2.256288,-8.838433,-98.80957,532.1514,1.129257,0.490746,2.419528,3.726752,-1.619199,-13.695178,-122.3886,475.4434,1.139288,0.440469,2.055771,3.128035,-1.25843,-10.99436,-85.78742,1736.9565,1.716962,1.488872,5.326282,6.907129,-0.569932,-2.952118,-22.435947,1650.0898,1.660103,1.426872,5.264283,6.59142,-0.481877,-2.558877,-20.129099,2379.8086,1.527024,2.095487,8.906184,11.527689,-3.994594,-36.46075,-282.99963,2095.2354,1.508643,1.837091,7.822577,10.505797,-3.593979,-33.65468,-276.400593
3.0,100.0,3323.5693,1.907248,2.940657,12.209666,15.031437,-4.263857,-27.486944,-280.29834,4477.388,2.122862,3.954954,16.388107,19.972961,-4.501771,-24.955973,-266.41385,857.0249,1.186927,0.800798,3.868036,5.322188,-1.374116,-12.860381,-102.140884,1047.1602,1.222235,0.961431,4.472397,6.071113,-1.238633,-11.360233,-89.67485,1009.5996,1.489182,0.853313,2.888991,3.700208,-0.291103,-2.029875,-13.834046,1015.5618,1.477849,0.860692,2.928636,3.848149,-0.278712,-2.091998,-14.730921,2165.2812,1.407346,1.945831,8.687836,11.575961,-2.854843,-27.319366,-210.2406,2626.2832,1.460857,2.361576,10.496158,13.882125,-2.465694,-21.477026,-154.87448,1749.4678,1.31063,1.606446,7.351593,9.746647,-2.9673,-10.319419,-104.94811,1373.0839,1.240202,1.277632,5.750982,7.586738,-2.406436,-9.14787,-93.06906,720.4673,1.13695,0.675966,3.227179,4.509841,-1.66921,-15.031754,-135.90932,613.9468,1.143232,0.574677,2.699659,3.951546,-1.361792,-12.500286,-103.91573,1960.8367,1.69539,1.637474,5.402023,6.712716,-0.612376,-3.703305,-22.791359,1886.6663,1.641267,1.594601,5.285252,6.566866,-0.543695,-3.245159,-25.83637,3084.9287,1.524092,2.691397,10.694804,13.237088,-4.255209,-39.47722,-295.4083,2720.079,1.506062,2.373938,9.464377,11.727412,-3.826677,-37.21017,-288.554915
3.0,100.0,3497.3726,1.917086,3.082156,12.610567,15.304277,-4.449194,-29.0039,-300.69955,4767.434,2.140925,4.194279,17.222277,20.797136,-4.693344,-26.956245,-286.3107,923.3389,1.198499,0.853253,3.989047,5.794673,-1.428576,-12.537678,-106.3623,1126.3799,1.236071,1.026765,4.656965,6.45071,-1.334366,-11.220308,-92.83973,1050.253,1.506726,0.887931,2.976433,3.867534,-0.295975,-1.924529,-15.424261,1057.836,1.495228,0.893268,2.988389,3.695129,-0.275092,-1.904807,-14.776872,2300.2769,1.42388,2.055205,9.023773,11.942281,-2.950429,-26.86672,-217.62106,2786.984,1.48031,2.495008,10.955534,14.376378,-2.616833,-20.969877,-161.69844,1905.9575,1.326822,1.74505,7.756591,10.149906,-3.082152,-10.899644,-116.17942,1463.4453,1.247739,1.352448,5.981613,8.08106,-2.482538,-9.789641,-105.17734,762.9931,1.142799,0.715687,3.380722,5.002496,-1.797995,-15.718863,-143.08604,646.1787,1.148155,0.603828,2.862705,4.497941,-1.397603,-12.554253,-105.12453,2026.9868,1.715588,1.682879,5.532917,6.914569,-0.631692,-3.52253,-22.585943,1951.3445,1.656785,1.642858,5.35398,6.526533,-0.531309,-2.958876,-23.24815,3234.8633,1.539144,2.819982,11.065932,13.662427,-4.474541,-40.443787,-311.9227,2843.6943,1.517561,2.477433,9.794966,12.217444,-3.9301,-37.079357,-299.697501
3.0,100.0,3687.4092,1.929342,3.244624,13.173883,16.099714,-4.689129,-31.081463,-265.4077,5096.253,2.166303,4.47391,18.090668,21.856441,-5.001638,-29.74786,-315.5024,958.2788,1.207801,0.880584,4.1375,5.668754,-1.382738,-11.892724,-104.51489,1197.8774,1.253785,1.084311,4.907143,6.638706,-1.294314,-10.595277,-95.53221,1102.5498,1.53699,0.922003,3.082799,3.856452,-0.274292,-1.810815,-10.045833,1077.2054,1.508571,0.904502,3.002746,3.764026,-0.242853,-1.7476,-14.745434,2387.8984,1.442738,2.11984,9.268792,12.300665,-2.865456,-25.696545,-214.46284,2979.293,1.518847,2.650867,11.493408,14.80543,-2.494533,-19.435831,-160.319,2043.0688,1.337081,1.858381,8.225009,10.921672,-3.259479,-10.824397,-129.48865,1525.6172,1.248525,1.404906,6.211861,8.203394,-2.591629,-9.520045,-68.90178,839.0537,1.158907,0.779786,3.611374,5.508303,-1.806711,-15.340136,-137.31265,694.2885,1.160851,0.640721,2.936286,4.752122,-1.362687,-11.783275,-105.795,2109.4797,1.754391,1.736289,5.637652,7.149048,-0.586272,-3.457824,-26.610643,1972.3875,1.66811,1.655926,5.372795,6.878587,-0.462161,-2.652398,-13.971297,3485.8042,1.588902,3.019198,11.691348,14.567711,-4.443405,-38.895927,-312.78595,2962.2856,1.541452,2.570354,10.047041,12.644334,-3.897177,-35.84337,-294.875182
3.0,100.0,3469.9336,1.858507,3.067323,12.700683,15.448355,-4.920902,-31.279316,-328.24213,5107.1743,2.144702,4.493411,18.31601,22.03362,-5.306023,-30.668104,-322.10388,882.313,1.19048,0.812273,3.824964,5.433349,-1.296811,-11.54559,-103.59724,1182.105,1.250219,1.074197,4.950191,6.560227,-1.181801,-10.434797,-86.242905,1090.6782,1.532434,0.916669,3.077522,3.990563,-0.352018,-1.616482,-12.326448,1042.262,1.491574,0.879058,2.945854,3.826577,-0.323683,-1.569882,-13.520738,2247.024,1.413004,2.005835,8.898067,11.767484,-2.704081,-25.435534,-200.68716,2882.0776,1.499983,2.573857,11.313364,14.729217,-2.268537,-19.128119,-136.93071,2085.4414,1.337827,1.898469,8.402045,11.181262,-3.441442,-11.882391,-128.59528,1417.8335,1.227851,1.320642,5.946093,7.911612,-2.706983,-9.832305,-111.76872,843.8115,1.160119,0.77988,3.632228,5.074613,-1.780956,-15.397365,-133.08548,612.7431,1.141085,0.568869,2.679577,3.833042,-1.320745,-11.658293,-101.11681,2079.9207,1.744885,1.723976,5.640005,7.182137,-0.777655,-3.338225,-26.306332,1897.5933,1.640877,1.601172,5.27372,6.615991,-0.641025,-2.328638,-16.759556,3378.4487,1.569415,2.933098,11.54942,14.206785,-4.333876,-39.073772,-298.72626,2816.628,1.51078,2.453871,9.747481,12.158016,-3.795773,-35.693485,-287.811157
0.0,250.0,122486.82,21.900778,40.43646,65.24732,69.194336,-28.103104,-38.306057,-74.31185,105771.06,19.63522,36.356438,60.844406,65.49315,-23.561275,-31.713192,-66.77742,31804.951,28.558788,9.846612,18.851908,21.79755,-7.272603,-10.634131,-14.831103,31255.375,26.143711,9.429202,18.788828,21.811586,-7.099448,-10.446281,-14.306466,8334.125,4.332633,3.471009,10.392952,13.658694,-2.01388,-3.275965,-4.610088,7986.443,4.128109,3.237381,9.729432,12.967861,-1.867075,-2.903305,-4.087698,37530.387,26.019945,13.731467,28.841436,32.71359,-9.399339,-15.050541,-19.927704,39626.63,24.463945,14.763397,31.722061,36.223026,-10.085994,-16.685211,-22.710236,102046.86,20.438164,33.154728,52.45113,57.87218,-21.287712,-28.467062,-62.583553,94586.99,16.879974,28.842478,43.500443,48.459015,-19.14784,-25.840012,-51.53373,39023.42,36.64242,11.90415,20.251186,22.67668,-8.715495,-12.796539,-20.564297,31461.793,30.925037,9.494166,16.146248,17.992905,-7.05912,-10.139172,-17.930237,11812.291,6.012209,5.025952,14.633786,19.77877,-2.671364,-4.523315,-6.715797,11948.584,6.423017,4.818965,14.039651,18.545444,-2.551378,-4.023591,-6.479126,51858.83,37.959705,19.54499,37.23691,41.23124,-13.358143,-22.983517,-35.626053,46157.8,36.496456,17.480492,34.02399,37.199566,-11.639486,-19.399143,-28.096176
0.0,250.0,116910.984,25.535503,36.536606,57.544518,61.236565,-26.209755,-35.345882,-74.18948,99184.99,21.738134,32.568527,53.657604,56.972305,-21.7685,-29.433044,-60.453945,31301.36,9.445376,10.302623,21.50965,24.631868,-7.670478,-11.17774,-15.675569,30610.246,8.990177,10.075858,22.063824,25.50043,-7.493912,-10.88382,-15.354844,8188.573,3.907301,3.443874,10.063736,12.923652,-2.044711,-3.334122,-4.631497,7900.991,3.76804,3.215264,9.362952,12.189451,-1.889743,-2.898608,-4.438446,37392.668,10.378271,14.168651,32.08894,36.795097,-9.871865,-15.787604,-20.97994,39322.887,10.156876,15.266366,35.584274,40.901577,-10.603354,-17.760496,-25.610973,97781.23,19.358252,30.369507,47.10886,52.668102,-20.230095,-26.918657,-54.973988,90960.086,16.486502,26.213367,38.495743,43.630142,-18.12173,-24.134108,-50.260216,37823.53,9.520457,12.191319,23.146673,26.072496,-9.151816,-13.330197,-20.531685,30595.707,9.492791,9.739059,18.275686,20.545876,-7.378872,-10.60129,-17.194216,11453.115,4.488426,4.929926,14.663968,19.485806,-2.779188,-4.773037,-7.005004,11445.911,4.476494,4.589863,13.476879,17.612007,-2.632736,-4.123784,-6.522185,50932.203,11.322685,19.668379,42.07232,48.228058,-13.972479,-23.90317,-34.862717,45331.8,11.050472,17.474682,37.35327,42.536686,-12.143946,-20.048943,-28.994599
0.0,250.0,114521.65,24.207262,35.10535,55.2341,58.89871,-25.52671,-34.561794,-72.98072,95982.734,20.274084,31.108147,51.284428,55.276703,-21.110147,-29.267694,-49.907143,32014.11,9.457334,10.519982,21.631218,24.439985,-7.85191,-11.339163,-17.461994,31323.959,9.040574,10.282199,22.256231,25.877958,-7.66983,-11.187069,-15.97206,8231.04,3.973271,3.43816,9.933798,12.692534,-2.060366,-3.335233,-4.860288,7960.886,3.831029,3.202418,9.231544,11.790466,-1.903414,-2.916092,-4.362975,38241.61,10.416552,14.452656,32.21098,36.986076,-10.147419,-16.006706,-22.374802,40315.84,10.235007,15.679754,35.990147,41.564312,-10.923107,-18.037725,-25.136538,96038.07,17.995747,29.553028,45.670715,50.884594,-19.96334,-26.254673,-57.684814,89004.72,15.312236,25.446466,37.25985,42.108727,-17.792027,-23.052767,-49.14869,38677.617,9.597371,12.393254,23.208664,25.988365,-9.35023,-13.552711,-20.38241,31252.7,9.517038,9.889346,18.267496,20.530096,-7.51754,-10.659668,-18.039196,11599.214,4.540354,4.95139,14.796911,19.183989,-2.820935,-4.837276,-7.522303,11610.621,4.533309,4.600554,13.3435,17.27286,-2.676315,-4.12647,-6.659859,51837.742,11.346317,19.999432,42.158592,47.840416,-14.23505,-24.366955,-37.114616,46314.32,11.064389,17.725147,37.25182,42.284428,-12.369458,-20.160074,-30.776958
0.0,250.0,112213.02,23.840097,34.420704,54.046688,57.765724,-25.301039,-34.39284,-76.38649,94746.445,20.07195,30.39027,50.278248,53.55746,-20.764132,-28.511608,-52.27449,32584.906,9.514615,10.731009,21.94595,25.04723,-8.022203,-11.634932,-19.816025,31802.586,9.073922,10.489814,22.518072,25.942713,-7.809489,-11.375264,-16.457407,8273.415,4.007289,3.460645,9.882448,12.755475,-2.066328,-3.39993,-4.820297,7989.717,3.857007,3.241375,9.2706,12.025008,-1.916744,-2.914481,-4.404734,38855.383,10.432592,14.834042,32.816486,37.48332,-10.323692,-16.302153,-21.628143,40962.98,10.250287,16.057987,36.54769,42.1203,-11.125278,-18.605852,-29.162474,95210.2,17.844486,29.231594,45.081356,49.146763,-19.808887,-26.651802,-60.119217,88003.1,15.106445,25.137125,36.59443,40.878036,-17.67968,-23.037584,-56.73788,39375.414,9.640318,12.615161,23.424942,26.424065,-9.520352,-13.917347,-22.672735,31765.283,9.557127,10.086448,18.515892,20.796282,-7.650546,-11.045146,-16.701038,11697.425,4.571581,5.008154,14.79783,19.286795,-2.854842,-4.864182,-7.339706,11710.057,4.546185,4.674118,13.497042,17.352016,-2.69973,-4.198598,-6.460229,52767.965,11.394432,20.468632,42.67194,48.53514,-14.512521,-24.583042,-38.053368,47081.06,11.086597,18.179043,37.736404,42.30348,-12.633462,-20.857126,-31.768552
0.0,250.0,112187.28,23.715824,34.166702,53.98297,57.690056,-25.280005,-35.07006,-66.268974,94153.34,19.701616,30.097582,49.97268,54.441883,-20.637367,-28.265303,-52.48919,32763.1,9.605898,10.873229,22.166191,25.279722,-8.04911,-11.542455,-16.45485,32023.55,9.148325,10.599712,22.559698,25.834589,-7.813092,-11.349803,-16.465593,8252.893,4.034185,3.460522,9.827098,12.493956,-2.04824,-3.307236,-4.662722,7982.6167,3.892122,3.251572,9.346558,12.265156,-1.90088,-2.883719,-4.349532,39149.09,10.535407,15.011154,33.23432,37.93191,-10.363741,-16.381748,-21.681057,41273.35,10.328938,16.227123,36.827477,42.11865,-11.112968,-18.225525,-25.476753,95116.19,17.668556,29.0252,44.859627,50.520084,-19.713453,-25.873337,-55.360317,87864.375,14.971403,24.94396,36.53632,40.496876,-17.629671,-23.769003,-50.73443,39641.15,9.697313,12.751776,23.474995,26.225204,-9.543271,-13.878969,-21.050032,31969.855,9.647843,10.232912,18.773413,21.304209,-7.709061,-10.837733,-17.795847,11738.259,4.62361,5.029161,14.776281,19.274267,-2.831115,-4.830037,-7.342006,11736.799,4.593352,4.707601,13.59066,17.37391,-2.691658,-4.196902,-6.693316,53208.43,11.472036,20.70197,42.920437,49.091812,-14.574468,-24.621416,-37.487747,47474.9,11.199258,18.336561,38.10801,42.97091,-12.670249,-20.826456,-31.788069
0.0,250.0,111406.19,23.336817,34.174156,54.227787,58.376083,-25.052132,-34.12568,-65.36842,93796.516,19.318405,30.027151,49.808403,53.1973,-20.499615,-27.782381,-54.28078,33100.016,9.733496,10.89609,22.302113,25.490564,-8.163964,-11.973032,-18.35613,32334.63,9.248676,10.628425,22.658089,26.128122,-7.936389,-11.511435,-18.327623,8267.815,4.08252,3.438534,9.73482,12.321357,-2.046611,-3.349675,-4.683531,8016.199,3.944598,3.234098,9.294063,11.961476,-1.910962,-2.936738,-4.809576,39657.01,10.681251,15.084567,33.24827,38.046173,-10.515736,-16.705904,-24.60078,41816.734,10.469143,16.279354,36.90774,42.169758,-11.285992,-18.654848,-28.93478,94751.05,17.358063,29.000477,44.79359,48.989708,-19.679317,-26.026482,-54.80558,87604.77,14.747938,25.004816,36.60553,41.588566,-17.52017,-22.627872,-51.092976,39965.47,9.763161,12.776881,23.513988,26.42358,-9.652491,-13.956784,-24.37769,32226.316,9.734521,10.237022,18.860043,21.08037,-7.789247,-11.194578,-17.227415,11815.562,4.679812,5.023118,14.757277,19.444517,-2.847782,-4.87372,-9.128339,11802.846,4.642907,4.692479,13.57356,17.46417,-2.711152,-4.259197,-7.79131,53754.152,11.568657,20.752127,42.973373,48.74238,-14.731566,-25.240576,-39.82582,47994.74,11.311711,18.424463,38.258488,43.41438,-12.862024,-21.46426,-36.648447
0.0,250.0,121549.14,23.722628,40.34762,64.84859,69.79568,-27.955873,-38.941547,-78.82263,104629.914,21.279018,36.65315,61.71598,65.78665,-23.572521,-32.005325,-65.16237,33688.777,30.595585,10.457051,20.000877,22.700815,-7.732934,-11.336942,-16.732388,33173.566,27.779867,10.040022,20.16799,23.371744,-7.602583,-11.268019,-16.027342,8604.934,4.415527,3.584048,10.850058,14.082085,-2.098629,-3.469958,-4.804147,8261.894,4.19258,3.337091,10.095176,13.682786,-1.930181,-2.96492,-4.313979,40109.27,28.064905,14.724322,30.686659,34.785133,-10.071229,-16.212742,-23.12178,42212.145,26.51751,15.856794,33.94888,38.543385,-10.86142,-18.211668,-23.838,100826.42,21.942427,33.230263,52.628807,58.297264,-21.31828,-28.5566,-54.042908,93005.164,18.369123,28.358255,42.60515,47.82206,-18.915165,-24.944405,-65.691864,40771.023,38.70028,12.572903,21.670595,24.325724,-9.208276,-13.582316,-23.036697,33154.03,33.14123,10.083089,17.138144,19.217373,-7.473028,-10.951953,-15.973482,12198.748,6.148475,5.139583,15.113541,20.038591,-2.797349,-4.830002,-7.057676,12315.984,6.536079,4.923479,14.349416,18.87685,-2.646026,-4.162646,-6.512794,54309.277,40.130527,20.591715,39.782066,43.71379,-14.170971,-24.827272,-37.209442,48325.79,38.462814,18.315851,35.965916,39.663933,-12.286273,-20.67956,-32.823221
0.0,250.0,117342.85,31.002111,36.835304,57.667362,61.350845,-26.37831,-35.89813,-74.19183,99855.0,26.592623,32.952923,54.16833,58.18718,-22.041311,-29.741571,-61.822144,32750.064,9.636928,10.881945,22.860111,26.213818,-8.012637,-11.677475,-17.16545,32195.129,9.211767,10.727795,23.56066,27.388344,-7.869059,-11.42969,-17.265848,8410.018,3.957509,3.57813,10.500959,13.543921,-2.101865,-3.371909,-4.909264,8104.471,3.800945,3.336423,9.828062,12.937128,-1.93493,-2.946517,-4.295356,39634.95,10.690396,15.172978,34.18469,39.332325,-10.449495,-16.448542,-23.760096,41583.87,10.466362,16.392712,37.901123,43.879726,-11.264089,-18.479057,-25.793213,97772.766,23.09094,30.527147,47.105236,51.815742,-20.481653,-26.950188,-58.524014,90545.6,19.296087,26.19006,38.35397,42.806828,-18.168558,-23.756083,-54.32021,39259.0,9.827618,12.814779,24.507587,27.548574,-9.485974,-13.606062,-21.338219,31952.414,9.738114,10.294154,19.356697,21.732704,-7.682743,-10.961436,-17.626856,11732.429,4.557302,5.079673,15.246671,19.93571,-2.848029,-4.920787,-7.327956,11731.806,4.572998,4.735832,13.990641,18.114998,-2.687409,-4.263121,-6.589949,53020.24,11.578459,20.766272,44.561954,51.46103,-14.536164,-24.865902,-41.814835,47094.35,11.268704,18.324223,39.47045,44.967144,-12.594321,-20.827908,-31.885501
0.0,250.0,113107.25,29.144844,35.26246,55.242023,58.536034,-25.711699,-35.80052,-65.85556,97018.664,24.870798,31.596628,52.02661,55.886032,-21.39097,-29.729668,-52.923058,33751.87,9.699548,11.140448,23.066616,26.355858,-8.265267,-11.924933,-17.624811,33021.94,9.253699,10.954346,23.686918,27.163832,-8.080569,-11.642759,-18.058807,8505.758,4.027959,3.578993,10.35927,13.25086,-2.11112,-3.412749,-5.088953,8206.136,3.871967,3.342415,9.750577,12.860802,-1.946911,-2.918581,-4.063378,40605.53,10.718325,15.546727,34.481956,39.86223,-10.732973,-16.828354,-23.865967,42742.234,10.528378,16.795734,38.368435,44.241768,-11.580819,-18.561365,-24.95241,96149.57,21.57582,29.773153,46.19674,51.94727,-20.09375,-26.563162,-56.295467,88312.055,17.952356,25.341703,37.049736,40.76463,-17.71587,-23.519617,-44.973118,40273.832,9.824766,13.033273,24.533716,27.508404,-9.736874,-13.993675,-22.535805,32814.305,9.778091,10.486709,19.421234,22.014763,-7.899731,-11.223454,-18.435846,11963.13,4.626301,5.118736,15.272521,19.843742,-2.875612,-4.975267,-7.517168,11925.384,4.607616,4.778166,13.958261,18.514362,-2.721913,-4.254777,-6.392016,54317.965,11.605955,21.099443,44.80223,51.044376,-14.841753,-25.166208,-37.973373,48351.754,11.282283,18.64874,39.4812,44.402203,-12.840937,-21.138168,-33.288853
0.0,250.0,112613.18,28.511189,34.532047,53.87124,57.209938,-25.498753,-34.73454,-69.98783,95776.26,23.840252,30.829659,50.54425,54.464207,-21.145838,-28.897455,-53.20878,34055.56,9.666759,11.413788,23.558853,26.512697,-8.347364,-12.136256,-18.56333,33421.887,9.249348,11.217311,24.071163,27.531857,-8.153299,-11.933909,-18.889854,8487.143,4.036325,3.620755,10.33876,13.110466,-2.104751,-3.407515,-5.040237,8188.5454,3.883708,3.394324,9.804224,12.689814,-1.938143,-2.963914,-4.277052,41143.58,10.708912,15.98087,35.29049,40.16086,-10.853724,-17.670961,-24.406195,43430.074,10.536545,17.28901,39.109505,44.565502,-11.683287,-19.732208,-28.979528,95418.14,20.764778,29.327684,45.113262,48.602352,-20.05416,-26.979626,-54.529617,87559.56,17.350962,24.961052,36.29049,39.820683,-17.743454,-23.409388,-47.893185,40879.887,9.836063,13.337009,24.802002,27.52126,-9.83853,-14.34965,-22.042767,33233.53,9.778758,10.730578,19.812841,22.195272,-7.969343,-11.48576,-19.826115,11969.54,4.627295,5.210314,15.279892,20.121105,-2.880225,-4.86195,-6.834008,11968.473,4.612145,4.874646,14.097007,18.420197,-2.731818,-4.244412,-6.908578,55163.906,11.596138,21.749477,45.45611,51.938786,-15.029036,-25.287916,-36.835503,48955.89,11.273355,19.191088,40.12985,45.841778,-13.026814,-21.442373,-34.460701
0.0,250.0,111861.02,27.826847,34.214783,53.79942,58.352932,-25.218645,-35.01745,-72.125114,95041.95,23.095877,30.538216,50.44368,53.86816,-20.953793,-30.048483,-53.869762,34460.863,9.780486,11.495925,23.556843,26.904055,-8.479044,-12.123975,-18.586187,33804.727,9.332602,11.264838,24.016657,27.443235,-8.277556,-12.034861,-18.913906,8510.014,4.091803,3.604706,10.222613,13.035092,-2.105846,-3.394032,-5.446232,8219.186,3.939622,3.391802,9.830624,12.712471,-1.954089,-3.002068,-4.620905,41716.594,10.839533,16.100264,35.45373,40.315254,-11.070974,-17.450466,-24.430637,43930.348,10.630348,17.385122,39.282124,44.914383,-11.874921,-19.49056,-31.14884,95081.57,20.21971,29.166105,44.873623,49.26168,-19.914705,-26.175661,-67.469734,87004.7,16.924412,24.780033,36.19137,40.771584,-17.51222,-23.073797,-49.15793,41243.207,9.88514,13.409828,24.740965,27.322676,-9.964695,-14.596136,-25.785604,33614.555,9.854066,10.81351,19.868576,22.181372,-8.085148,-11.523443,-18.414923,12054.759,4.69491,5.202683,15.220956,20.151995,-2.906221,-4.921473,-7.968375,12050.165,4.671883,4.874887,14.119446,17.934696,-2.761256,-4.322441,-6.732783,55757.703,11.660796,21.837046,45.382782,51.454273,-15.254068,-26.117563,-45.36965,49502.05,11.357859,19.296307,40.23803,45.547977,-13.243818,-21.902874,-34.348067
0.0,250.0,110652.86,27.188873,34.13609,53.861076,56.808807,-25.06749,-33.934044,-70.021996,94516.2,22.572397,30.411142,50.123787,53.51712,-20.837969,-28.812065,-59.768463,34828.996,9.777992,11.560402,23.725607,26.97341,-8.572515,-12.419214,-18.285551,34143.41,9.339854,11.310402,24.136126,27.48498,-8.382345,-12.208706,-19.358786,8534.286,4.103904,3.578091,10.18591,13.126202,-2.110585,-3.442058,-5.255923,8231.013,3.947222,3.383389,9.816613,12.723802,-1.956021,-2.970978,-4.66657,42103.47,10.815772,16.188435,35.85719,40.91707,-11.181347,-17.485582,-25.294579,44558.918,10.631999,17.449718,39.568966,44.97356,-12.047653,-19.546455,-28.45028,94525.5,19.711199,29.12297,44.91519,49.719334,-19.874557,-26.483202,-73.70891,86275.21,16.504087,24.745314,36.029297,39.78331,-17.472359,-22.934475,-52.281105,41821.51,9.896251,13.435667,24.855934,27.588612,-10.0999,-14.643073,-23.178303,33939.973,9.813425,10.864037,20.015165,22.299042,-8.168561,-11.67969,-17.682684,12087.703,4.678493,5.191413,15.267793,20.305553,-2.912996,-4.941813,-7.439711,12135.607,4.68791,4.887838,14.247272,18.185846,-2.768826,-4.383821,-7.708912,56304.207,11.598377,21.860409,45.76423,51.88439,-15.389828,-26.055882,-39.392403,50067.234,11.332515,19.364899,40.61095,45.897293,-13.386269,-22.139088,-35.625012
2.0,250.0,12154.807,2.496869,3.660938,5.463297,6.299925,-2.409093,-3.129206,-5.915887,13435.236,2.527645,4.627676,7.282158,8.961067,-2.769079,-3.65026,-6.603206,23140.305,12.41861,6.364749,8.560048,9.90295,-2.470357,-3.568593,-7.999552,25165.574,12.729945,6.919284,9.251192,10.653027,-2.639793,-4.003038,-8.182506,3494.1482,2.268251,1.231606,2.448814,3.274266,-0.70564,-1.178144,-2.274316,3609.6533,2.270348,1.241956,2.363624,3.329397,-0.706396,-1.146983,-2.322156,19639.037,8.45327,6.096577,8.980787,10.745903,-2.421453,-3.840857,-6.834249,22211.26,8.629168,6.876465,10.116826,11.62634,-2.724461,-4.478254,-7.909731,6712.742,1.863581,2.126797,3.15387,4.552059,-1.497474,-2.015553,-4.851601,7802.843,1.997996,2.106498,3.020236,4.775725,-1.435122,-1.930421,-4.862063,16918.242,10.679544,5.062243,6.90062,9.147815,-2.143693,-3.244687,-7.063423,17630.797,11.053612,4.953035,6.68612,9.054675,-2.052064,-3.012854,-6.725683,5802.7144,3.105167,1.891453,3.590831,5.433056,-1.080443,-1.911149,-4.135821,6713.563,3.540615,2.07508,3.627753,5.113702,-1.172486,-1.913664,-5.689811,17474.1,8.292744,5.692611,8.147923,10.554532,-2.609291,-4.181903,-7.947086,15282.457,7.877037,5.028939,7.257328,8.723733,-2.248532,-3.588182,-7.002957
2.0,250.0,14869.959,4.260265,3.721868,5.296537,6.091984,-2.210786,-2.856367,-5.306681,16745.72,4.695806,4.678413,7.089532,8.468076,-2.54598,-3.397389,-6.348987,16713.383,2.967723,4.854869,6.464727,8.741311,-2.548075,-3.694046,-8.816621,18741.357,3.156066,5.435422,7.296444,9.907329,-2.712933,-3.895351,-8.241332,3420.0474,2.167967,1.256848,2.440097,3.835534,-0.753986,-1.258601,-2.668147,3587.3528,2.188632,1.287393,2.425903,3.262104,-0.77297,-1.150703,-2.461391,14632.545,2.85234,4.869357,7.160881,8.493725,-2.592676,-3.747915,-7.307691,16983.137,3.00368,5.588134,8.223352,9.998747,-2.948959,-4.533092,-9.04737,10205.007,3.563355,2.349035,3.234494,4.842462,-1.364775,-1.798789,-4.810204,10514.216,3.377236,2.203152,2.90652,4.257561,-1.272356,-1.778016,-5.040948,11105.277,2.506387,3.43562,4.878892,6.904549,-2.195505,-3.211378,-6.995634,11569.474,2.483084,3.396583,4.688674,7.20428,-2.104286,-3.123179,-7.145896,5522.644,2.611572,1.937435,3.618032,5.069919,-1.184536,-1.93867,-4.239151,6303.7524,2.759054,2.085858,3.577521,5.411727,-1.304145,-1.981668,-4.210899,12030.218,2.5396,4.105258,6.299866,7.915984,-2.686552,-4.299549,-7.508344,10583.44,2.533209,3.593921,5.502728,7.091467,-2.312693,-3.528503,-6.615610
2.0,250.0,14470.406,4.096639,3.610246,5.133687,5.819911,-2.139582,-2.792091,-5.231761,16218.462,4.46033,4.514739,6.809029,8.24956,-2.466598,-3.231214,-6.440539,16394.787,2.869407,4.675495,6.270993,8.925793,-2.534995,-3.595521,-9.271603,18389.043,3.036723,5.252355,7.006616,9.180892,-2.726181,-3.811304,-8.920968,3441.1858,2.182316,1.24924,2.405254,3.173644,-0.740731,-1.171799,-2.136436,3620.9004,2.205249,1.291795,2.341108,3.517911,-0.758927,-1.121253,-2.26056,14542.12,2.789454,4.807507,7.03727,8.570275,-2.558045,-3.619387,-6.508073,16892.45,2.934737,5.540629,8.231749,9.978357,-2.945561,-4.277398,-9.305137,9855.435,3.289296,2.268359,3.160211,4.578624,-1.332126,-1.830259,-4.423326,10148.305,3.14908,2.122262,2.79248,4.399316,-1.244489,-1.737863,-4.934057,11050.003,2.503993,3.361759,4.786212,7.247914,-2.194916,-3.197624,-6.971942,11451.782,2.450548,3.32099,4.627963,6.459434,-2.112744,-3.011897,-6.601183,5619.186,2.62109,1.954636,3.596048,5.21915,-1.190978,-1.839894,-4.864338,6459.9253,2.781369,2.106146,3.59495,5.177118,-1.307426,-1.926539,-4.503273,11948.757,2.513398,4.044615,6.231465,8.424205,-2.649634,-4.151237,-8.149573,10538.252,2.510312,3.530128,5.391038,7.424184,-2.274367,-3.493297,-6.417661
2.0,250.0,14256.236,4.019006,3.52705,5.008659,5.978437,-2.105108,-2.730741,-4.932245,15852.957,4.329457,4.376028,6.636548,7.85974,-2.416224,-3.170662,-6.668321,16256.882,2.813903,4.634175,6.214542,8.331988,-2.544608,-3.595749,-7.3368,18221.07,2.970503,5.202038,6.992212,8.728277,-2.705866,-3.839127,-9.47315,3435.803,2.189988,1.258729,2.421333,3.311266,-0.734441,-1.209635,-2.482876,3644.867,2.224646,1.307208,2.399642,3.258335,-0.769672,-1.190277,-2.680738,14517.874,2.763823,4.828423,7.051755,8.522486,-2.588721,-3.781868,-7.029949,16884.516,2.90273,5.567062,8.190455,9.732771,-2.936936,-4.455637,-10.811341,9694.772,3.162209,2.209154,3.076053,4.774814,-1.301745,-1.82142,-4.936366,10029.535,3.052151,2.081028,2.768872,4.320129,-1.24375,-1.689232,-4.578333,10986.9795,2.491135,3.359666,4.740949,6.684859,-2.174378,-3.158947,-6.558724,11389.572,2.426107,3.339002,4.620574,6.936795,-2.112532,-3.062564,-6.923142,5695.1304,2.640903,1.995608,3.67061,5.852801,-1.196647,-1.893862,-4.435367,6519.29,2.795494,2.158499,3.645839,4.875404,-1.347128,-1.939973,-4.584488,11923.768,2.497234,4.040145,6.231357,8.41828,-2.648756,-4.264513,-8.09574,10499.583,2.500427,3.533109,5.407142,7.111061,-2.283193,-3.436665,-7.256903
2.0,250.0,14111.197,3.980047,3.496903,4.989586,6.196969,-2.079384,-2.702074,-6.06887,15700.751,4.277433,4.331405,6.590365,7.786554,-2.38857,-3.167612,-5.618104,16093.968,2.763666,4.634844,6.235224,9.06263,-2.562195,-3.635048,-7.843709,18050.787,2.913538,5.212577,6.983525,9.121437,-2.748814,-3.991621,-8.553278,3399.763,2.173767,1.236293,2.365761,3.343558,-0.742272,-1.236921,-2.440687,3616.9946,2.208706,1.297613,2.35555,3.651695,-0.772995,-1.206752,-2.535672,14422.75,2.716735,4.837496,7.042521,8.242379,-2.620609,-3.899335,-7.09777,16757.076,2.84751,5.581873,8.289786,9.987862,-2.981396,-4.760204,-8.277879,9601.644,3.087441,2.191133,3.008369,4.227773,-1.294918,-1.830429,-5.334607,9921.573,2.997893,2.064289,2.710655,4.219728,-1.232129,-1.676389,-5.440639,10959.001,2.484863,3.351198,4.804958,6.858053,-2.204062,-3.218628,-7.622182,11383.535,2.415802,3.335341,4.601083,7.112179,-2.128902,-3.124048,-7.832926,5675.0815,2.622399,1.980187,3.621981,5.435404,-1.21689,-2.028129,-4.738942,6529.605,2.778722,2.158028,3.58452,5.029679,-1.349826,-2.019591,-4.239859,11863.291,2.47654,4.009641,6.282569,7.910606,-2.686922,-4.39128,-7.809569,10447.224,2.477984,3.501097,5.392357,7.4945,-2.323325,-3.621706,-7.029743
2.0,250.0,14005.669,3.941706,3.493274,4.997761,5.943889,-2.072593,-2.687915,-5.008825,15562.578,4.218598,4.318349,6.550067,7.582681,-2.382631,-3.160686,-6.355586,16076.6875,2.758442,4.609471,6.215167,8.191454,-2.556027,-3.687425,-8.536835,18077.635,2.916259,5.19044,7.024022,9.099854,-2.744097,-4.036255,-8.465861,3412.5188,2.193744,1.217672,2.34775,3.245814,-0.746121,-1.122473,-2.297563,3640.5552,2.230325,1.271038,2.310879,3.203114,-0.765305,-1.137069,-2.56144,14505.595,2.725916,4.8114,6.973065,8.800755,-2.617332,-3.896897,-6.704292,16922.28,2.875614,5.58404,8.117999,9.608457,-3.01261,-4.599173,-8.409752,9517.961,3.025262,2.182961,3.010231,4.502321,-1.289922,-1.795957,-4.534097,9835.498,2.953048,2.055646,2.71112,4.080606,-1.221937,-1.652698,-5.365165,10987.637,2.49401,3.355852,4.750177,7.122591,-2.20716,-3.177647,-7.821595,11364.221,2.408289,3.346377,4.668186,7.152157,-2.128619,-3.078359,-6.845163,5715.4204,2.648712,1.95433,3.539171,5.318285,-1.225874,-1.943236,-4.875644,6637.183,2.822039,2.117139,3.559278,5.791575,-1.348601,-2.090889,-4.699828,11850.356,2.478433,3.970526,6.207391,8.358915,-2.699054,-4.106215,-9.062873,10447.503,2.476537,3.469799,5.379183,7.136208,-2.313141,-3.439859,-6.848069
2.0,250.0,8068.051,2.006824,2.657407,3.871796,5.09798,-1.764244,-2.354702,-4.465149,8369.209,1.970285,3.169711,4.860427,5.587107,-2.009207,-2.755339,-5.049999,22722.328,11.924287,6.588305,9.120726,11.035571,-2.503536,-3.549982,-7.594298,24949.37,12.3448,7.232923,9.944673,11.719035,-2.717342,-3.894847,-7.789813,3472.7021,2.242261,1.214147,2.374949,3.195767,-0.708669,-1.116927,-2.317518,3608.2126,2.254396,1.236031,2.29586,3.340055,-0.720993,-1.104115,-2.141825,18828.008,7.938251,6.026665,9.091672,10.393515,-2.277854,-3.367216,-5.966603,21274.713,8.119917,6.768597,10.300037,11.86137,-2.62076,-3.917293,-7.256538,3556.4531,1.469943,1.440243,2.19139,3.846618,-1.144042,-1.603011,-3.831959,4766.2896,1.618758,1.505347,2.188612,3.461964,-1.078832,-1.45814,-3.625422,16183.272,9.85902,5.05493,6.989828,8.927617,-2.084877,-3.051059,-6.665972,16892.547,10.341441,4.968798,6.877445,8.980208,-1.995098,-2.899956,-6.438204,5813.0967,3.079868,1.887508,3.514429,5.097032,-1.10261,-1.758986,-3.878734,6776.7017,3.50795,2.093187,3.593874,5.021884,-1.218297,-1.869396,-3.911674,16362.57,7.623675,5.524305,8.13675,9.855604,-2.312027,-3.629677,-6.88261,14365.8955,7.266008,4.8548,7.223985,9.376781,-2.010456,-3.058734,-5.876178
2.0,250.0,11315.137,3.788651,2.818619,3.85643,4.68224,-1.636991,-2.175075,-3.897726,12568.269,4.380977,3.441409,4.917193,6.006745,-1.885029,-2.586738,-5.003959,15788.021,2.799514,4.853416,6.764503,8.854622,-2.361527,-3.525336,-7.568023,17952.04,2.994691,5.559155,7.726489,9.859935,-2.551316,-3.680191,-8.151403,3331.5637,2.11271,1.242017,2.386572,3.304443,-0.706312,-1.135304,-2.238974,3499.4795,2.133582,1.27895,2.371402,3.299137,-0.721177,-1.114093,-2.354398,13366.846,2.634478,4.739502,7.163541,8.473333,-2.220117,-3.371937,-6.653294,15575.435,2.784246,5.476915,8.389496,10.586665,-2.517461,-3.915657,-7.878509,7632.7573,3.426905,1.77993,2.406703,3.819166,-1.050828,-1.53001,-3.911679,8114.197,3.181534,1.71455,2.218384,3.457912,-0.965236,-1.420391,-3.86936,10111.905,2.33821,3.277066,4.684971,6.774122,-2.018959,-2.905024,-6.219941,10566.392,2.327668,3.275168,4.683538,6.945477,-1.931161,-2.924495,-6.471775,5425.2085,2.541671,1.927978,3.54373,5.156309,-1.132407,-1.912456,-4.330999,6269.114,2.692717,2.10709,3.535809,5.140769,-1.253265,-1.947511,-4.426957,10434.218,2.273533,3.725585,5.857137,7.249,-2.279764,-3.597867,-6.768174,9239.73,2.274668,3.262314,5.084246,6.470278,-1.981962,-3.168297,-6.395510
2.0,250.0,11022.242,3.660034,2.727983,3.738324,4.741921,-1.581029,-2.084343,-3.975781,12236.629,4.188159,3.328465,4.775878,5.756542,-1.826479,-2.563719,-5.651728,15601.725,2.727781,4.630607,6.429968,8.490129,-2.43754,-3.577368,-8.199263,17697.29,2.90676,5.305108,7.398419,9.969494,-2.651929,-3.789051,-8.362256,3411.4375,2.160065,1.263088,2.356061,3.478613,-0.748176,-1.190299,-2.222615,3628.4949,2.193414,1.31281,2.32739,3.045954,-0.765485,-1.225088,-2.270345,13431.328,2.613906,4.664501,7.031429,8.353285,-2.335445,-3.567043,-6.084623,15701.001,2.77202,5.385392,8.264165,9.734097,-2.672826,-4.100022,-7.97909,7550.7896,3.273716,1.751682,2.368597,3.71351,-1.014132,-1.411606,-3.805646,7929.993,3.022155,1.670924,2.175821,3.960557,-0.928729,-1.290317,-3.96592,10153.716,2.364079,3.190545,4.637073,6.445517,-2.061662,-2.988035,-7.152404,10576.709,2.324502,3.181853,4.457288,7.177524,-1.976858,-2.971614,-7.077091,5653.9194,2.612383,1.99342,3.626785,5.145712,-1.204486,-1.905394,-4.037809,6508.692,2.762347,2.17626,3.589585,5.104381,-1.332931,-2.081697,-4.377554,10511.591,2.28568,3.666003,5.723569,7.579473,-2.358448,-3.795151,-7.408524,9339.516,2.289467,3.207972,5.00429,7.300149,-2.037778,-3.293827,-5.781845
2.0,250.0,10883.922,3.610624,2.718513,3.760674,4.490292,-1.558791,-2.10471,-3.823828,12013.262,4.076988,3.301095,4.738558,5.487478,-1.799112,-2.46302,-4.677905,15245.134,2.634333,4.601661,6.31688,8.362186,-2.425428,-3.633033,-7.331084,17332.129,2.799216,5.251628,7.237244,9.438445,-2.614891,-3.849274,-7.839541,3353.0303,2.13044,1.220108,2.296287,3.069527,-0.719066,-1.161093,-2.307844,3573.7866,2.167755,1.276575,2.283782,3.143854,-0.749436,-1.157753,-2.729832,13171.542,2.53185,4.603147,6.842431,8.005547,-2.286938,-3.663126,-7.096664,15361.8,2.669108,5.327577,8.040662,9.640436,-2.60635,-4.272921,-8.16333,7437.5337,3.144025,1.744987,2.380004,4.06524,-0.993736,-1.448338,-3.945619,7801.733,2.915769,1.662274,2.182531,3.646973,-0.923137,-1.281339,-3.42095,9946.676,2.318618,3.162192,4.49093,6.379287,-2.044944,-3.042529,-6.394824,10383.738,2.272132,3.19286,4.473708,6.546064,-1.991168,-2.996426,-6.63672,5608.025,2.572017,1.954941,3.521159,4.99535,-1.187738,-1.937582,-4.116582,6504.2104,2.731239,2.133727,3.554517,5.595754,-1.330741,-2.079671,-4.209514,10303.75,2.233149,3.57891,5.677547,7.640631,-2.327511,-3.760139,-7.368271,9107.883,2.230603,3.123471,4.906371,6.455184,-2.009015,-3.086303,-5.788121
2.0,250.0,10849.414,3.588529,2.694864,3.697921,4.494094,-1.560613,-2.086879,-3.795987,11993.365,4.052913,3.281107,4.675867,5.646607,-1.805405,-2.457458,-4.91994,15213.1455,2.628036,4.627468,6.396754,8.698416,-2.393568,-3.507674,-6.896171,17306.617,2.793061,5.308878,7.304924,9.200222,-2.571514,-3.773286,-8.132802,3368.397,2.150649,1.217967,2.273123,3.080483,-0.708208,-1.155854,-2.181308,3600.0596,2.188819,1.278667,2.27729,2.893278,-0.73924,-1.139632,-2.181553,13265.349,2.541851,4.668241,7.021952,8.535237,-2.288773,-3.543975,-6.472541,15602.75,2.711398,5.442848,8.234653,10.239423,-2.562714,-4.113581,-8.533616,7423.895,3.078415,1.728239,2.330509,3.667319,-0.989798,-1.417784,-3.463988,7781.4043,2.874817,1.644929,2.166038,3.318738,-0.918348,-1.297808,-3.619144,9997.061,2.333334,3.18402,4.546626,6.967635,-2.014774,-2.995239,-6.757502,10355.473,2.266751,3.2283,4.531062,6.887887,-1.946998,-2.824255,-6.063117,5672.6646,2.605469,1.964462,3.496872,4.983831,-1.178254,-1.902271,-3.907624,6620.6616,2.764549,2.158826,3.562216,5.076778,-1.31727,-2.098619,-4.514137,10338.789,2.240758,3.616335,5.715793,7.367848,-2.315431,-3.724062,-7.235099,9093.915,2.22659,3.145473,4.941208,6.472669,-2.018266,-3.088254,-6.163038
2.0,250.0,10752.745,3.567272,2.684084,3.708398,4.635094,-1.545634,-2.101493,-4.078341,11898.072,4.008307,3.251829,4.680024,5.638624,-1.784388,-2.426069,-4.702023,15107.187,2.590055,4.488925,6.173887,7.802404,-2.475375,-3.627498,-7.558033,17271.854,2.759533,5.137649,7.147732,8.782528,-2.677233,-3.774496,-7.817657,3337.26,2.133474,1.217009,2.268837,2.953227,-0.729902,-1.158433,-2.38932,3558.1038,2.165907,1.280169,2.354822,3.618602,-0.764407,-1.1437,-2.412585,13175.561,2.50214,4.597849,6.898364,8.222031,-2.390188,-3.466108,-6.215403,15492.03,2.663618,5.293942,8.071474,9.610364,-2.742733,-4.043823,-7.837487,7354.8105,3.011674,1.72216,2.331158,3.573857,-0.972758,-1.414669,-4.451533,7698.9194,2.823855,1.645431,2.139776,3.505039,-0.910468,-1.284335,-3.522296,9950.277,2.315859,3.103521,4.4288,7.011094,-2.07249,-2.982945,-7.128038,10284.514,2.24205,3.144422,4.433708,6.653127,-2.01177,-3.041779,-6.848483,5694.5796,2.597085,1.985145,3.513078,5.020536,-1.232893,-1.916386,-3.966757,6596.1655,2.74568,2.157787,3.56238,5.879564,-1.381353,-2.010172,-4.695066,10239.538,2.210921,3.560912,5.614917,7.612972,-2.388408,-3.780499,-7.442745,9061.473,2.208151,3.117826,4.871526,6.560948,-2.05119,-3.145296,-6.549181
3.0,250.0,72237.89,12.814887,22.813154,34.744366,37.447067,-15.084528,-20.45,-46.976498,75726.64,12.728911,25.964687,43.9959,47.555958,-15.858187,-22.113201,-45.8707,27940.104,21.485622,8.226593,13.370658,14.546118,-5.845466,-8.51115,-13.545534,27340.346,19.823856,8.002613,13.467744,15.012673,-5.772958,-8.759727,-13.426106,6397.1387,3.402864,2.584049,6.894937,8.875045,-1.513086,-2.574471,-4.133803,6053.3516,3.1902,2.387715,6.208217,7.846661,-1.366441,-2.145845,-3.689602,32116.908,18.037287,10.907468,19.50761,21.23401,-7.387003,-11.545619,-18.89065,33831.184,17.390356,11.751146,21.86582,24.030138,-8.040959,-13.225299,-19.117603,59530.598,10.853846,18.032227,26.559431,31.02175,-10.941189,-14.868509,-32.68125,49627.02,9.100509,13.719543,19.062878,21.728386,-8.483256,-11.364309,-25.83706,34389.414,28.582724,9.970265,15.038409,17.060751,-7.109239,-10.54902,-20.370497,27108.533,23.011549,7.553203,11.152509,12.607644,-5.47811,-7.833299,-13.096252,8375.466,4.293373,3.219412,8.78152,11.172673,-1.828612,-3.295537,-5.933432,8689.538,4.577496,3.245978,8.349625,10.502937,-1.736733,-2.84507,-5.771615,42577.52,26.652637,14.042968,23.760838,26.31295,-10.050865,-16.908278,-27.21271,38003.723,25.043041,12.727523,21.534557,23.514893,-8.637737,-13.971821,-22.405328
3.0,250.0,72360.59,15.40344,21.53341,32.08214,34.6091,-14.569425,-19.928118,-43.706455,75010.96,14.123981,24.47726,39.784725,43.038967,-15.309533,-21.560093,-41.63309,26380.479,6.861698,8.304181,13.999421,15.419993,-6.194226,-9.049482,-15.170757,25883.98,6.661819,8.238084,14.509122,16.002151,-6.105666,-8.986908,-14.598839,6173.1836,3.069374,2.559505,6.824913,8.707311,-1.536853,-2.5903,-4.183089,5867.1304,2.918336,2.377528,6.155616,7.63217,-1.385027,-2.200503,-4.196091,30805.69,7.241247,10.751109,19.88504,21.862394,-7.760645,-11.777931,-17.414492,32554.51,7.230222,11.670409,22.48802,24.76784,-8.510885,-13.715402,-21.904732,58120.86,10.189366,16.714699,23.914867,28.565638,-10.519177,-14.658054,-31.146437,48363.566,8.902465,12.607172,17.251299,21.333536,-8.102128,-10.889163,-24.959652,32162.768,7.267695,9.773619,15.004019,17.247765,-7.44892,-10.821728,-20.309233,25368.438,6.887765,7.394104,11.241312,13.936833,-5.726272,-8.259581,-15.519714,7856.729,3.317422,3.17939,8.701198,11.393972,-1.896844,-3.272247,-5.560192,8016.0425,3.329591,3.111941,8.056205,9.981872,-1.791117,-2.82261,-5.661152,40410.023,8.014265,13.549091,23.391571,26.202913,-10.468291,-16.781404,-25.996916,35788.59,7.655496,12.089624,20.939293,22.82963,-8.976289,-14.066186,-23.621988
3.0,250.0,71429.37,14.663115,21.198317,31.373339,34.04547,-14.540168,-19.482193,-37.361305,74085.59,13.369919,24.034962,38.987576,41.963684,-15.260958,-20.694246,-43.120396,27121.7,6.917334,8.45867,13.979765,15.624803,-6.229363,-8.916194,-14.754583,26510.775,6.69843,8.394077,14.541326,15.897577,-6.150703,-9.163179,-14.990861,6202.757,3.11592,2.553723,6.736349,8.37437,-1.502998,-2.546003,-4.376497,5930.5327,2.965559,2.372553,6.074309,7.525543,-1.349217,-2.110556,-3.824901,31423.934,7.229871,10.94856,19.81657,21.812012,-7.72092,-12.164801,-18.46062,33090.566,7.218049,11.935934,22.539915,24.690071,-8.531358,-13.882935,-20.570004,57441.047,9.631951,16.447668,23.600718,27.143812,-10.460205,-14.23189,-37.85338,47658.004,8.420939,12.309306,16.75196,19.839775,-8.01005,-10.678179,-22.389795,32826.89,7.272834,9.886036,15.074257,17.141453,-7.486203,-11.027153,-20.250778,25901.734,6.90093,7.490976,11.160555,13.307361,-5.752852,-8.278126,-15.516535,7990.281,3.361284,3.202752,8.697777,11.337203,-1.862907,-3.319769,-6.192283,8147.7695,3.359397,3.124743,7.957173,10.014251,-1.764873,-2.796589,-5.417997,41029.137,7.983019,13.758228,23.272093,25.551102,-10.349933,-17.171892,-27.476793,36474.926,7.636659,12.262248,20.737099,22.718313,-8.901622,-14.103535,-26.195018
3.0,250.0,71433.86,14.3626,20.982195,30.880848,33.676926,-14.547041,-20.097103,-39.373802,73468.19,12.952362,23.703407,38.093357,42.15657,-15.174686,-21.287088,-54.962746,27316.598,6.859309,8.58498,14.047129,15.456656,-6.278744,-8.93361,-15.392329,26822.879,6.6675,8.502285,14.613456,16.139036,-6.214347,-9.089736,-14.810146,6167.7617,3.103201,2.55239,6.68858,8.729604,-1.497682,-2.561779,-4.107044,5904.3315,2.959561,2.373152,6.0357,7.486055,-1.353753,-2.138668,-3.996637,31829.117,7.179758,11.088329,19.906483,21.87715,-7.861137,-12.157942,-18.142471,33511.617,7.155065,12.097516,22.689276,24.726084,-8.636889,-14.035329,-21.784506,57184.28,9.393322,16.262543,23.23896,27.026005,-10.482636,-13.94899,-35.468906,47316.06,8.215539,12.166424,16.39954,19.531887,-8.019876,-10.786985,-24.764853,33232.85,7.25466,9.985432,15.064902,17.908354,-7.527729,-10.960711,-19.392202,26200.48,6.862182,7.563302,11.253716,12.937472,-5.791469,-8.172644,-15.713558,8005.926,3.355545,3.216491,8.710774,11.238706,-1.87459,-3.319879,-5.710733,8183.683,3.348113,3.138205,7.949141,9.905112,-1.780418,-2.803481,-5.855847,41517.38,7.932071,13.901065,23.344055,25.598495,-10.54453,-17.145945,-27.402954,36825.5,7.589202,12.392177,20.717058,22.81983,-9.056563,-14.253683,-26.270055
3.0,250.0,70469.625,13.96253,20.993954,31.046808,34.087845,-14.442818,-19.240374,-40.468967,72849.79,12.616588,23.600365,37.780914,40.971237,-15.056478,-20.58908,-44.039993,27843.096,6.920997,8.630113,14.179001,15.521518,-6.334469,-9.2266,-16.412903,27199.836,6.695132,8.54728,14.618561,16.190208,-6.302359,-9.381392,-15.426126,6204.702,3.13578,2.52459,6.690744,8.311929,-1.50677,-2.553425,-4.280136,5972.8174,2.996329,2.363121,6.099213,7.871368,-1.347342,-2.104179,-3.809477,32240.05,7.204023,11.223217,20.089785,22.070654,-7.894357,-12.391498,-17.741774,34009.504,7.198204,12.197285,22.65428,25.369864,-8.712604,-14.36502,-21.219774,56714.074,9.164809,16.217943,23.268143,26.95454,-10.372096,-13.772831,-33.143887,46810.492,7.993546,12.077847,16.454073,19.533775,-7.914606,-10.499034,-24.514267,33678.45,7.269807,10.044401,15.076215,17.119576,-7.636449,-11.287068,-20.840733,26593.768,6.905498,7.651117,11.32796,12.827812,-5.853312,-8.409707,-14.847553,8097.836,3.380336,3.192106,8.726951,11.382642,-1.906619,-3.410889,-6.691238,8284.072,3.379948,3.141571,8.038322,10.65133,-1.785013,-2.843784,-5.115853,42095.684,7.95441,14.006892,23.256733,25.75627,-10.67339,-17.290716,-29.012344,37370.453,7.614339,12.507247,20.821772,23.003082,-9.170113,-14.616748,-25.605174
3.0,250.0,70526.35,13.795015,21.002375,30.797379,33.64463,-14.489938,-19.345072,-39.97995,72427.36,12.344361,23.403692,37.1423,40.81771,-15.089887,-21.09755,-39.132244,28049.229,6.922198,8.74577,14.395331,15.913718,-6.449479,-9.404828,-15.922328,27491.564,6.711058,8.676813,14.844379,16.459764,-6.383359,-9.413494,-15.077605,6221.538,3.151401,2.56666,6.765986,8.447761,-1.502577,-2.549779,-4.22203,5992.158,3.011465,2.403852,6.197878,7.984666,-1.368553,-2.09527,-4.09179,32611.887,7.216482,11.342691,20.529617,22.656076,-8.088508,-12.374706,-19.17389,34513.227,7.225547,12.319693,23.311317,26.080688,-8.831891,-14.116658,-23.666563,56501.293,9.000832,16.194338,23.055742,27.073244,-10.395171,-13.915302,-34.37168,46471.1,7.830096,12.089388,16.30647,18.90379,-7.951083,-10.479906,-24.518356,34095.285,7.298574,10.137069,15.23313,17.377998,-7.705786,-11.275463,-21.342297,26927.701,6.929933,7.716301,11.511876,13.208161,-5.959838,-8.541483,-14.821077,8123.3696,3.386201,3.266531,8.873776,11.372278,-1.914681,-3.414562,-6.510094,8334.853,3.393316,3.211424,8.16975,10.0495,-1.81468,-2.883801,-5.631908,42791.38,8.022996,14.148543,23.77249,26.439178,-10.81964,-17.580833,-31.270397,37792.992,7.621603,12.633025,21.361143,23.501259,-9.328927,-14.710834,-24.454569
3.0,250.0,74759.27,12.562495,23.805859,36.951702,39.829758,-15.719218,-21.287193,-48.989395,77879.97,12.277809,26.971525,45.896297,49.49399,-16.38376,-22.857025,-46.809902,26264.229,21.311377,7.625913,12.467411,13.514036,-5.515073,-8.008187,-13.32181,25799.492,19.872492,7.445936,12.62719,13.748345,-5.477777,-8.099399,-13.141495,6261.55,3.442929,2.507742,6.673562,8.353694,-1.500924,-2.562671,-4.150614,5874.4673,3.215872,2.298621,5.987948,7.457384,-1.331917,-2.112658,-3.874138,30901.822,18.191923,10.362211,18.344824,19.974924,-7.172213,-11.140814,-15.310846,32450.076,17.376415,11.162454,20.541992,22.767326,-7.877585,-12.801149,-19.8144,61105.45,10.574277,18.783175,27.750214,31.41645,-11.348856,-15.685237,-33.743225,51195.25,8.940206,14.29538,20.199371,22.975939,-8.844538,-11.71624,-30.367044,32120.885,28.427673,9.266406,13.934762,15.51575,-6.688082,-9.817377,-18.804302,25569.926,22.856625,7.075605,10.403273,11.569252,-5.192915,-7.539242,-12.323279,8085.133,4.330385,3.09414,8.45119,11.226241,-1.78203,-3.18923,-6.504154,8337.192,4.605847,3.097064,7.994909,10.22834,-1.676372,-2.665186,-5.068715,40388.69,26.597834,13.212492,21.961073,23.913694,-9.689441,-16.058218,-27.853378,36187.113,25.007238,11.996307,20.076962,21.722748,-8.33613,-13.356114,-20.310037
3.0,250.0,74487.9,15.13152,22.48553,33.743183,36.625637,-15.212332,-20.764725,-39.00941,76868.836,13.640315,25.423235,41.811672,44.741737,-15.860033,-22.232712,-50.80501,24850.723,6.866924,7.815589,13.303999,14.639758,-5.773755,-8.189526,-12.842734,24396.549,6.649956,7.788685,13.860946,15.229353,-5.723416,-8.359012,-13.39266,6059.4233,3.087329,2.52826,6.722292,8.483418,-1.504136,-2.546552,-4.235654,5707.022,2.922645,2.31302,5.950494,7.385697,-1.335738,-2.059984,-3.487119,29496.627,7.210632,10.336983,19.049845,20.938019,-7.381182,-11.410482,-18.759539,31014.852,7.180762,11.224244,21.642805,23.81003,-8.098626,-12.887415,-20.503178,59502.38,10.011195,17.361847,25.098854,28.323893,-10.937397,-14.612771,-33.006004,49559.156,8.796585,13.077967,18.075142,20.779442,-8.447023,-11.386664,-25.522919,30073.934,7.301133,9.130827,14.220493,15.890018,-6.930736,-10.078848,-16.984089,23976.047,6.91882,7.000143,10.63327,12.222202,-5.403624,-7.661813,-12.923207,7550.942,3.309779,3.068032,8.393485,11.327172,-1.801166,-3.200596,-5.359356,7698.924,3.325598,2.970462,7.670659,10.166887,-1.701413,-2.688006,-4.995316,38090.54,7.962753,12.86165,22.278065,24.204609,-9.839168,-15.973908,-26.569008,34047.18,7.654229,11.534973,19.824192,21.50714,-8.451871,-13.495726,-23.558109
3.0,250.0,73401.13,14.438387,22.123396,33.018658,36.123207,-14.961531,-20.247972,-46.674797,75526.45,12.991411,24.853415,40.592323,44.14907,-15.557083,-21.449993,-44.33849,25666.97,6.959355,7.980479,13.370231,14.946344,-5.931164,-8.597901,-13.756101,25198.389,6.73761,7.960365,13.90508,15.219526,-5.907237,-8.598077,-14.918082,6190.7363,3.170094,2.539689,6.719877,8.559828,-1.522228,-2.674317,-4.051298,5839.6904,3.003401,2.33155,5.998468,7.650259,-1.360589,-2.159234,-3.848226,30442.459,7.30207,10.541905,19.143822,21.353119,-7.622505,-11.815383,-17.931099,32158.889,7.315889,11.502872,21.744644,23.840246,-8.353058,-13.301242,-19.358908,58603.2,9.557573,16.953062,24.587807,29.820478,-10.721787,-14.31673,-28.582067,48500.03,8.342476,12.718775,17.477512,20.957827,-8.269384,-11.097576,-26.061234,30975.31,7.344437,9.292271,14.270511,16.071484,-7.093296,-10.304321,-17.715872,24742.023,6.984704,7.115836,10.658912,12.293778,-5.526899,-7.835459,-14.46639,7775.023,3.392144,3.10419,8.463766,10.826324,-1.849044,-3.392334,-5.7095,7897.0337,3.386064,3.015829,7.749085,9.877469,-1.746789,-2.839022,-5.371491,39394.91,8.072444,13.134434,22.202744,24.750814,-10.115954,-16.456184,-27.695765,35096.01,7.713701,11.703886,19.874691,21.706877,-8.727518,-13.759222,-21.675799
3.0,250.0,72652.8,14.127556,21.954617,32.7052,35.65426,-14.816814,-19.799616,-37.101746,74855.336,12.677433,24.618912,40.103874,43.31955,-15.415009,-21.539486,-51.19629,26204.984,7.00638,8.05653,13.328183,14.565218,-5.962281,-8.876066,-15.736826,25728.447,6.779012,8.053686,13.919893,15.355669,-5.938106,-9.031683,-13.988591,6219.613,3.198833,2.518143,6.677232,8.278714,-1.517051,-2.600413,-4.098829,5871.1724,3.028537,2.318687,5.996726,7.43765,-1.334082,-2.123716,-3.850725,31082.621,7.345311,10.681179,19.173973,21.263258,-7.602022,-12.050698,-17.929909,32825.12,7.356985,11.608772,21.637672,23.42304,-8.336482,-14.179114,-21.508085,58060.93,9.345222,16.806965,24.207268,28.147144,-10.699276,-14.110772,-31.190344,47854.86,8.160729,12.568391,17.124092,20.141949,-8.161148,-10.706189,-26.945028,31556.82,7.379807,9.361719,14.126121,16.292505,-7.120633,-10.745238,-19.342958,25190.943,7.017759,7.153687,10.610301,12.854379,-5.528878,-7.972137,-13.930847,7849.039,3.40286,3.09668,8.422904,10.636802,-1.86019,-3.31421,-5.869009,7996.0664,3.401321,3.010744,7.65372,9.907529,-1.724597,-2.825259,-5.294911,40128.45,8.095977,13.184075,22.056297,24.018312,-10.175323,-17.047703,-28.87192,35647.992,7.729488,11.805372,19.825037,22.287804,-8.750435,-13.886602,-25.434127
3.0,250.0,72726.79,13.92866,21.78073,32.393425,35.957973,-14.83376,-20.11214,-41.4363,74816.21,12.455915,24.419657,39.50908,43.44921,-15.454673,-21.301926,-46.49569,26317.838,6.973229,8.157504,13.434624,14.987625,-6.000839,-8.64664,-13.632306,25853.684,6.764349,8.135961,13.981378,15.249686,-5.981629,-8.901934,-13.856264,6162.584,3.185082,2.534063,6.635885,8.181737,-1.495283,-2.546731,-3.918862,5826.5146,3.01386,2.326676,5.957582,7.403666,-1.32461,-2.148275,-3.775387,31182.172,7.276343,10.798951,19.338898,20.970282,-7.648011,-11.772904,-16.728704,32976.234,7.290469,11.734913,22.043259,24.141846,-8.432964,-13.587169,-20.225822,58071.9,9.186917,16.698973,23.977615,27.449266,-10.668473,-14.414099,-30.360601,47682.17,8.017568,12.429691,16.915958,20.731709,-8.155796,-10.760651,-22.79256,31695.86,7.341494,9.452577,14.272155,16.835663,-7.18251,-10.331162,-19.574602,25424.605,6.996804,7.255128,10.814765,12.401447,-5.584409,-7.82478,-14.639534,7803.5938,3.386436,3.130239,8.478,10.9902,-1.838754,-3.29592,-6.324996,7954.9805,3.37288,3.042817,7.711962,9.585973,-1.712686,-2.76317,-5.525561,40277.918,8.023813,13.306722,22.224537,24.344208,-10.189405,-16.564463,-27.337994,35905.387,7.684388,11.932358,20.002047,22.159851,-8.755878,-14.101656,-23.092826
3.0,250.0,72596.79,13.783221,21.670774,32.217224,35.30197,-14.752347,-19.975636,-40.911434,74576.28,12.262615,24.297222,39.29279,42.324547,-15.341902,-21.271856,-46.531845,26478.656,6.908641,8.237253,13.575812,15.159098,-6.12381,-9.046403,-17.704693,25967.51,6.684386,8.196648,14.051059,15.534211,-6.084681,-9.100293,-14.186043,6129.4214,3.161827,2.526022,6.638549,8.27486,-1.512957,-2.570463,-4.336657,5807.8403,2.998053,2.330619,5.979666,7.411672,-1.349255,-2.170445,-3.750206,31361.87,7.175979,10.905619,19.597519,21.217464,-7.823092,-12.507649,-17.869417,33102.688,7.181187,11.868918,22.128893,24.176596,-8.604932,-14.114474,-21.711565,57902.61,9.085227,16.618538,23.819489,27.860592,-10.628743,-14.253215,-28.50582,47624.53,7.929592,12.304299,16.842375,20.016212,-8.094609,-10.677649,-25.242918,31834.338,7.26126,9.541617,14.321476,16.276453,-7.290343,-10.779915,-19.083223,25544.943,6.923689,7.330904,10.795038,12.299083,-5.687155,-8.11227,-13.693701,7789.2217,3.357595,3.123432,8.496199,10.838079,-1.869586,-3.30429,-6.161955,7956.563,3.357816,3.046251,7.766905,9.584877,-1.757767,-2.915899,-6.302425,40542.812,7.936499,13.461116,22.262543,24.445732,-10.412111,-16.99179,-29.049343,35958.88,7.570756,12.061826,20.102123,22.524485,-8.976466,-14.469077,-23.387935
4.0,250.0,195660.5,7.235889,55.048405,78.52849,100.85292,-37.010696,-58.311367,-202.488,182743.27,6.076434,52.409653,78.5139,92.199295,-34.211487,-50.54337,-212.05292,33361.97,8.60928,8.268756,11.243902,12.450325,-6.853873,-9.665226,-17.200918,32551.338,8.169982,7.930403,10.865573,11.922163,-6.562262,-9.210617,-16.13958,6573.596,2.611766,2.177721,5.152822,6.565204,-1.481173,-2.234901,-4.31071,6088.6606,2.472172,2.04447,5.002185,6.068312,-1.346107,-2.007441,-3.590393,39462.945,7.454818,11.001001,17.713928,20.009794,-9.132106,-14.046478,-23.908812,41397.81,7.213041,11.649559,19.247822,21.062683,-9.678356,-14.926803,-24.73564,121527.06,5.650388,33.25586,44.643417,56.483826,-21.559696,-29.951437,-110.800735,103594.375,5.474595,26.514196,34.930477,45.819935,-18.11015,-24.923876,-83.33217,43244.49,10.895961,10.599701,13.459411,16.722122,-8.797897,-12.153549,-21.71869,33065.625,9.111783,8.017801,10.145153,12.270736,-6.758299,-9.386179,-17.714441,9196.337,3.012048,2.866283,6.977842,8.860819,-1.953279,-3.141442,-6.732525,9254.272,3.059101,2.836316,6.760652,8.768824,-1.894806,-3.001094,-5.699961,55987.48,10.090255,15.373542,22.093327,24.761057,-13.229469,-20.845442,-36.536335,47783.344,9.391451,13.208572,19.549301,21.489868,-11.199384,-17.754833,-36.308395
4.0,250.0,190714.95,6.78168,51.978718,72.77265,88.51313,-35.36082,-51.280777,-248.88457,177510.94,5.812362,49.75298,73.25462,91.249176,-32.74154,-50.901,-203.14343,32417.492,4.999855,8.488167,12.13905,13.755632,-7.408728,-10.695034,-17.850368,31232.145,4.75556,8.158387,11.947625,13.696569,-7.065022,-9.954065,-17.744513,6640.4136,2.585804,2.267704,5.350671,6.889146,-1.536158,-2.368266,-3.910342,6174.3203,2.460289,2.106983,5.093755,6.270508,-1.383042,-2.11721,-4.294966,39034.01,5.141717,11.315686,18.408375,20.264368,-9.820779,-14.96192,-23.479862,40842.33,5.027724,11.973176,20.222626,22.720943,-10.394362,-16.43655,-28.041677,121286.47,5.728814,31.92673,42.69306,58.0626,-20.99167,-28.637123,-106.77861,102073.19,5.611624,25.39402,33.094707,44.94116,-17.55234,-24.159071,-90.02307,41085.312,5.45852,10.511431,13.58506,17.35583,-9.354612,-13.143525,-23.050964,31748.41,5.137982,7.977354,10.321295,12.151782,-7.168172,-10.17911,-17.925644,9029.186,2.744436,2.950796,7.323513,9.433836,-2.05032,-3.347402,-6.219862,8999.137,2.723856,2.86094,6.967463,8.654646,-1.979441,-3.012617,-5.715512,54327.03,5.924614,15.245115,22.496096,25.108932,-14.033694,-22.11072,-37.441036,46306.832,5.660626,13.104033,19.669071,22.86179,-11.858298,-18.79004,-32.213555
4.0,250.0,188738.94,6.685313,51.670574,72.30089,88.222046,-35.211014,-53.09516,-241.26025,176958.31,5.778782,49.28047,72.82871,90.30878,-32.644535,-48.731762,-222.81517,33433.867,5.081259,8.74541,12.145328,14.12985,-7.628914,-10.732336,-18.097517,32229.293,4.842034,8.385575,11.968124,13.394437,-7.274783,-10.277881,-18.074535,6710.675,2.617983,2.263099,5.320127,6.514936,-1.540121,-2.33282,-4.16728,6243.7,2.489666,2.104794,5.066164,6.205938,-1.388752,-2.024071,-3.521128,40129.586,5.199558,11.628068,18.385612,20.115324,-10.112672,-15.538387,-24.469242,42007.105,5.081279,12.32139,20.265156,22.561607,-10.645587,-16.688375,-32.606174,119866.82,5.653889,31.56915,42.66217,59.36143,-20.792831,-30.35666,-123.4266,101010.32,5.572272,24.951754,32.526924,43.31416,-17.25616,-23.656448,-88.1482,42572.55,5.574354,10.902135,13.971758,18.741129,-9.702919,-13.704026,-26.621342,32838.516,5.223491,8.266461,10.38686,12.520529,-7.408906,-10.251073,-18.732862,9220.732,2.78054,2.96275,7.342708,9.144186,-2.08116,-3.233608,-5.393757,9142.389,2.746499,2.873302,6.890516,8.593651,-2.005995,-3.011081,-5.620022,56106.535,6.015689,15.742108,22.433462,25.738829,-14.489692,-22.286697,-40.431644,47940.113,5.750205,13.56743,19.655369,22.28608,-12.235411,-18.793753,-32.134447
4.0,250.0,189956.7,6.765521,51.88919,72.59393,84.476814,-35.641552,-52.656204,-243.34721,176996.31,5.816578,49.33837,72.53318,87.670555,-32.86692,-48.14013,-210.80095,33994.11,5.104624,8.985517,12.421314,14.376135,-7.610452,-10.5272,-18.624636,32753.582,4.854421,8.613574,12.113118,13.643549,-7.249755,-10.091717,-17.966858,6717.4346,2.613144,2.303529,5.356755,6.511753,-1.513316,-2.36152,-3.983197,6247.7417,2.48772,2.149998,5.194882,6.762663,-1.364432,-2.183584,-4.009674,40792.4,5.211481,12.037936,18.996382,21.72767,-10.06388,-15.357496,-25.145987,42775.43,5.081625,12.709951,20.691542,22.71897,-10.576215,-16.309063,-29.040518,119777.69,5.684312,31.506657,41.895386,54.424553,-20.918703,-29.513386,-120.65276,100910.9,5.607041,25.045073,31.85475,41.052242,-17.415245,-23.03168,-79.53683,43480.19,5.616187,11.096334,14.136822,17.876204,-9.704444,-13.589016,-25.715683,33418.777,5.248133,8.447438,10.839162,13.752928,-7.430121,-10.295098,-19.183,9237.701,2.765089,3.020713,7.343825,9.650154,-2.043795,-3.348472,-5.661367,9214.791,2.746555,2.952322,7.022277,9.419181,-1.973577,-3.13094,-6.121446,57207.387,6.03124,16.217735,22.801926,26.200438,-14.459216,-22.972736,-42.25809,48753.867,5.771445,13.965051,20.194939,22.381527,-12.254472,-19.241032,-33.090094
4.0,250.0,190663.77,6.771173,52.114132,73.722176,93.45606,-35.039455,-52.369366,-218.59352,176937.81,5.786128,49.73409,73.410675,88.66539,-32.528713,-50.90377,-213.7163,34426.074,5.121452,9.047178,12.691699,14.4663,-7.84896,-10.928535,-19.02642,33146.066,4.880978,8.695654,12.487521,14.493795,-7.464938,-10.509918,-20.096024,6727.337,2.631339,2.291412,5.517158,6.637663,-1.542399,-2.347444,-3.910161,6244.728,2.496339,2.13181,5.227042,6.493025,-1.388683,-2.045355,-3.642872,41295.332,5.225815,12.049922,19.503622,21.556019,-10.335766,-15.668022,-25.557367,43296.26,5.116547,12.729007,21.34914,23.984518,-10.968915,-16.764654,-27.287594,119672.36,5.660992,31.911676,42.685642,64.8261,-20.645088,-29.431032,-139.31969,101173.11,5.619711,25.036566,32.366154,44.27263,-17.096098,-23.008457,-98.781815,43790.754,5.63313,11.173548,14.26441,18.315208,-9.982676,-14.023187,-27.563303,33827.47,5.268689,8.489912,10.851176,13.140099,-7.61471,-10.664657,-19.586843,9303.524,2.788486,3.029936,7.608443,9.320683,-2.09888,-3.37551,-6.423661,9222.548,2.74639,2.931711,7.242687,9.033179,-2.021918,-3.083083,-5.719363,57799.19,6.071669,16.155624,23.534693,26.687147,-14.838427,-23.047918,-42.584812,49262.027,5.784899,13.953455,20.612562,23.813347,-12.550363,-19.595545,-33.829953
4.0,250.0,190811.6,6.663373,52.322388,72.29444,86.75222,-35.34153,-51.32626,-291.35596,175993.08,5.69235,49.688957,72.96708,89.61242,-32.60084,-47.435764,-226.90738,34767.953,5.206067,9.046712,12.531339,14.336804,-7.90861,-11.066836,-20.619379,33394.203,4.94607,8.665307,12.22125,13.77434,-7.522058,-10.418508,-19.077827,6794.544,2.679325,2.304743,5.375311,6.434753,-1.537717,-2.357926,-4.026652,6306.7246,2.540843,2.137435,5.098086,6.405747,-1.383407,-2.066026,-3.683669,41741.883,5.312315,12.051825,19.217554,20.939587,-10.471952,-15.931164,-24.430935,43998.715,5.231845,12.702649,21.155817,23.876621,-11.004889,-17.40053,-27.633312,119770.445,5.597716,31.697924,42.323654,62.615,-20.729849,-28.674482,-112.96294,100965.0,5.560864,25.070065,32.754677,45.37727,-17.177486,-23.903582,-83.66942,44540.5,5.762157,11.18407,14.319897,18.443426,-10.037029,-13.988072,-26.399202,34122.035,5.335239,8.532552,10.94764,13.436965,-7.715063,-10.823225,-18.217762,9408.053,2.836853,3.051649,7.368077,9.373294,-2.090048,-3.411408,-5.918423,9385.464,2.807503,2.952709,6.990112,8.948453,-2.030711,-3.136274,-5.506111,58389.37,6.181716,16.142849,23.273958,26.414446,-14.944566,-23.793842,-42.306725,49950.453,5.895878,13.941223,20.250074,22.835024,-12.693187,-19.786682,-38.769006
4.0,250.0,211421.69,6.824861,59.393448,86.14731,100.18031,-39.30902,-58.098644,-250.0473,196240.94,5.797707,57.15115,89.40651,105.188385,-36.279064,-56.674473,-213.66911,31191.145,9.258135,7.571379,9.927793,11.156913,-6.364294,-9.05818,-14.058923,30258.455,8.748929,7.284791,9.964018,11.296521,-6.152338,-8.74908,-14.512189,6350.65,2.718702,2.104812,5.164044,6.511671,-1.435548,-2.28315,-3.735017,5937.8296,2.570167,1.920212,4.564262,6.011824,-1.280155,-1.857943,-3.241657,37729.4,8.021446,10.327153,15.826341,17.477911,-8.664107,-13.065253,-18.604074,38775.383,7.817198,10.858674,18.029644,19.838709,-9.187717,-14.876072,-23.497232,130752.42,5.391771,36.276016,49.56072,66.15713,-22.927551,-32.261604,-122.07984,110202.94,5.25349,28.49468,37.96574,48.47576,-19.03594,-26.951088,-92.42202,39575.96,11.61129,9.709503,12.445521,14.241647,-8.169461,-11.83341,-19.871876,31003.168,9.843718,7.379707,9.287726,10.950016,-6.314964,-8.838643,-15.828964,8805.512,3.156105,2.772853,6.975493,8.909072,-1.90428,-3.069712,-4.946027,8934.044,3.184295,2.652044,6.009976,7.533213,-1.782279,-2.686181,-4.972437,50730.94,10.865362,13.958436,20.014845,21.876942,-12.322129,-20.027721,-35.533817,44871.453,10.027081,12.19951,17.418182,19.17551,-10.43444,-16.232368,-26.113038
4.0,250.0,207179.56,6.517899,56.61636,80.20254,97.060326,-37.810356,-57.42679,-267.9191,190944.03,5.609632,54.52012,83.11569,100.14683,-35.039593,-53.8306,-234.38503,30146.002,5.249668,7.781799,10.851781,12.282425,-6.710219,-9.457847,-15.643622,29051.09,5.00962,7.538986,11.202489,12.539405,-6.49898,-9.338631,-15.194898,6373.934,2.657044,2.18383,5.370124,6.53823,-1.457996,-2.329116,-3.951818,5941.8984,2.51763,1.969046,4.684864,5.656933,-1.277931,-1.849356,-3.107295,37205.035,5.373103,10.608845,16.77187,18.391495,-9.096952,-13.788605,-22.135935,38296.766,5.300777,11.184921,19.279253,21.715153,-9.691296,-15.66383,-23.172426,130279.38,5.510494,34.759033,47.09346,61.704075,-22.34197,-31.356361,-112.65801,108857.79,5.432398,27.236307,35.430138,45.233627,-18.406178,-26.399813,-103.80616,37945.664,5.797855,9.707135,12.43937,14.924993,-8.603152,-12.320921,-21.56506,29572.299,5.393373,7.400437,9.471668,11.529977,-6.572738,-9.107311,-16.279615,8612.715,2.82949,2.829727,7.368871,9.225216,-1.944883,-3.175341,-5.267834,8579.096,2.776798,2.652291,6.257442,8.322573,-1.810734,-2.681937,-4.938905,49632.215,6.287907,13.983845,20.904451,23.596577,-12.946331,-20.656107,-37.159954,43588.867,5.914634,12.166433,17.857506,20.732473,-10.916454,-16.620785,-31.686259
4.0,250.0,204744.06,6.448759,56.25827,79.929726,94.82665,-37.18819,-55.885925,-244.06592,190835.55,5.605578,53.987625,82.24092,98.19402,-34.371887,-51.73999,-252.19823,31137.445,5.30045,7.999599,10.935835,12.274317,-6.981556,-9.607835,-17.332043,30059.918,5.076967,7.758437,11.292973,12.782512,-6.746621,-9.445272,-16.598118,6471.563,2.699611,2.17664,5.304952,6.644176,-1.478518,-2.256268,-3.957619,6015.705,2.550173,1.977188,4.665611,5.847829,-1.310688,-1.890554,-3.532853,38428.805,5.4343,10.910879,16.935675,18.716688,-9.419116,-14.158882,-21.763521,39604.832,5.373949,11.51186,19.33914,21.737766,-10.009508,-16.035206,-25.836527,129043.42,5.469607,34.437607,47.071995,59.531887,-22.051834,-30.997395,-122.49202,108048.55,5.421418,26.963486,35.073406,46.692146,-18.082584,-25.20528,-99.33093,39177.016,5.872554,9.948331,12.662514,15.288248,-8.896718,-12.504271,-22.345509,30623.693,5.458896,7.572746,9.675346,11.771161,-6.799613,-9.388158,-16.411108,8783.456,2.860606,2.842782,7.289759,9.474305,-1.992758,-3.115015,-5.925678,8765.212,2.808232,2.689992,6.294137,8.427059,-1.858218,-2.808391,-4.953068,51219.125,6.34613,14.38837,20.85189,23.381575,-13.28727,-21.005919,-37.04246,44847.945,5.965297,12.478907,17.810387,20.654997,-11.218229,-17.205837,-28.309875
4.0,250.0,203670.77,6.399488,55.74001,78.9829,91.93829,-36.9678,-56.895348,-243.55005,188755.25,5.545435,53.38998,81.38022,94.34111,-34.091206,-52.843334,-220.7845,31818.549,5.343481,8.112931,11.014372,13.008603,-7.088314,-9.852005,-16.805897,30579.086,5.095802,7.87221,11.282801,12.65523,-6.849395,-9.577969,-16.506079,6493.666,2.716587,2.187964,5.278592,6.467805,-1.480159,-2.264751,-4.061342,6039.083,2.562756,1.981079,4.661372,5.723752,-1.306211,-1.916,-3.403916,38986.664,5.459992,11.097007,17.185232,18.777563,-9.53594,-14.584458,-24.079912,40384.555,5.413454,11.718064,19.573725,21.556156,-10.205108,-15.895393,-27.02102,128289.93,5.426115,34.3446,46.245087,63.480476,-21.869728,-30.361088,-132.78156,106858.81,5.365139,26.936232,34.954617,49.26431,-17.99733,-26.12694,-101.76923,40019.535,5.922911,10.091798,12.835607,16.783478,-9.069211,-12.79784,-23.0516,31152.357,5.495106,7.691679,9.711946,12.06959,-6.928974,-9.643352,-17.438822,8875.83,2.878488,2.877595,7.252239,9.161746,-1.994951,-3.171683,-5.83892,8822.474,2.81695,2.694421,6.293754,8.461105,-1.868129,-2.79385,-5.079715,52248.684,6.407967,14.591993,20.900269,23.769936,-13.519472,-21.624758,-38.02428,45684.555,6.017484,12.683102,17.922098,20.118813,-11.394651,-17.55671,-36.612685
4.0,250.0,204322.78,6.421564,55.77348,80.561,98.9675,-37.076588,-57.49031,-257.00824,189002.9,5.54761,53.41197,81.467636,94.669365,-34.20203,-51.69792,-205.47539,31842.893,5.314761,8.238608,11.197418,12.583898,-7.119232,-10.012147,-19.331856,30771.734,5.08235,7.966804,11.454248,12.940552,-6.871417,-9.814274,-17.44346,6463.858,2.709127,2.188548,5.277683,6.478324,-1.47292,-2.336291,-3.807763,6023.55,2.564176,1.982678,4.70483,5.856933,-1.290791,-1.912487,-3.983483,39092.617,5.418352,11.219479,17.44191,19.19328,-9.581678,-14.487435,-24.764978,40572.082,5.365663,11.870575,19.809893,21.736988,-10.173255,-16.756388,-28.312809,128551.305,5.447253,34.3382,46.35635,60.941563,-22.025328,-30.666733,-117.48766,107196.7,5.398697,26.735487,34.720806,47.197365,-18.02032,-24.922222,-109.08928,40350.33,5.91229,10.217552,12.975747,16.418407,-9.102513,-12.929437,-27.653831,31416.564,5.483507,7.766705,9.857845,12.396515,-6.951494,-9.584875,-16.386106,8860.22,2.867225,2.891884,7.342703,9.664175,-2.003549,-3.282407,-5.237635,8833.312,2.813676,2.715024,6.374903,8.078127,-1.870775,-2.810313,-5.46644,52721.69,6.380008,14.796172,21.12821,24.19424,-13.675219,-22.37495,-36.203915,46027.777,5.998128,12.833608,18.285282,20.943607,-11.531929,-18.09908,-33.800748
4.0,250.0,203561.39,6.410383,55.699448,79.66708,97.65923,-36.839497,-56.031082,-278.08676,188473.67,5.538654,53.438606,81.797104,97.04644,-34.084385,-50.68529,-232.21916,32458.799,5.362928,8.32637,11.1798,12.911788,-7.152779,-9.966828,-18.233479,31296.09,5.123349,8.056083,11.424546,12.973969,-6.907013,-9.971182,-16.470867,6485.0977,2.721068,2.197555,5.266402,6.527202,-1.473222,-2.273739,-3.721954,6057.5347,2.570835,1.997536,4.677183,5.861447,-1.28902,-1.849415,-3.620794,39921.49,5.462493,11.371468,17.394213,19.306498,-9.654329,-14.170044,-22.833149,41222.1,5.396747,12.010266,19.887836,22.819407,-10.227363,-15.927373,-27.744041,127673.8,5.414637,34.295174,46.148853,63.526615,-21.756786,-30.953518,-119.346375,106462.65,5.382375,26.66532,34.65717,50.197994,-17.866652,-24.264349,-98.43306,40832.754,5.95634,10.304424,13.086628,16.441801,-9.176907,-13.193077,-25.21686,31959.707,5.525028,7.86379,10.029323,12.384132,-7.015263,-9.623692,-18.062077,8930.127,2.879013,2.896574,7.32181,9.345838,-2.006198,-3.184893,-6.108205,8916.519,2.820651,2.747378,6.280989,8.216773,-1.863975,-2.676735,-5.852409,53381.473,6.425037,14.953601,21.05702,24.344528,-13.724281,-21.584198,-37.866558,46644.652,6.019742,12.973295,18.16093,20.186037,-11.589144,-17.439203,-31.353251
