0.0,100.0,78149.23,14.931934,24.97387,38.63882,41.36427,-17.340271,-23.58013,-44.25699,69329.9,13.858986,23.416124,37.941975,40.891556,-14.757255,-20.476137,-37.34971,19580.312,21.834965,5.959618,13.082848,15.156043,-3.920169,-5.573948,-10.046673,19552.59,19.95893,5.95178,13.637139,15.848684,-3.936138,-5.621948,-8.574224,5721.3257,3.544717,2.6566,8.664875,11.870628,-1.284462,-2.153987,-3.705111,5424.2876,3.39489,2.459055,7.99122,11.079634,-1.176109,-1.801701,-3.188645,25256.234,21.381714,9.336117,21.659756,25.709682,-5.668758,-8.860981,-12.710664,26569.184,20.056444,10.020449,24.119879,28.781271,-6.104117,-9.728086,-13.509367,66537.984,13.993885,20.693634,31.034315,34.603615,-13.491966,-17.977707,-38.630028,59313.85,11.481906,17.097794,24.659628,27.923456,-11.545586,-15.460521,-31.908754,23837.258,27.715445,7.259416,13.645258,15.435659,-4.680774,-6.789908,-11.630355,19604.463,23.646257,5.978117,11.200056,12.814783,-3.877136,-5.539188,-9.253009,8368.86,4.956465,3.709179,11.990903,16.437899,-1.733971,-2.971659,-5.453051,8354.369,5.293897,3.559799,11.138923,14.749209,-1.609745,-2.540493,-4.534948,32281.863,29.199444,11.749211,25.51615,30.270931,-7.374313,-12.146867,-18.964289,28968.033,28.045927,10.735382,22.910324,27.405624,-6.482417,-10.440939,-16.699372
0.0,100.0,77671.41,19.516905,23.689007,35.961838,38.87973,-16.70811,-22.470491,-42.987503,69057.66,17.032562,22.178652,35.593567,38.22522,-14.265993,-19.873081,-35.96665,18450.146,6.486833,6.427697,14.399284,16.70871,-4.162125,-5.788844,-9.311461,18376.219,6.231659,6.493879,15.338138,17.777283,-4.162198,-5.876457,-8.967093,5441.841,3.096785,2.533184,8.134864,10.75549,-1.29639,-2.08163,-3.66254,5184.762,2.996737,2.345376,7.443457,9.991951,-1.184341,-1.803569,-3.044997,24024.994,7.313743,9.709665,23.834772,28.177202,-5.935037,-9.093059,-12.767886,25256.072,7.177815,10.522286,26.792974,31.916561,-6.419861,-9.902049,-14.907433,64916.547,14.662325,19.224836,28.300919,30.787182,-12.941336,-17.533674,-32.53955,57601.43,12.06995,15.648569,22.01031,25.875017,-10.975265,-14.712111,-28.738482,22131.28,6.668999,7.563719,15.275445,18.532759,-4.914629,-6.928731,-11.339846,18254.488,6.600106,6.192259,12.37134,14.028294,-4.055189,-5.584677,-10.928618,7776.7925,3.576288,3.602647,11.949843,16.712854,-1.776107,-2.990255,-5.663481,7639.8135,3.553263,3.31534,10.58435,14.025001,-1.650139,-2.631247,-4.715734,30390.836,7.830428,12.158988,29.367558,35.638504,-7.615827,-12.332648,-20.236433,27283.24,7.656304,10.874952,25.669086,30.859314,-6.685358,-10.503444,-15.642171
0.0,100.0,76876.5,18.515339,23.432007,35.45006,38.014057,-16.4971,-22.419327,-45.264343,68048.78,15.942416,21.781273,34.575027,37.091885,-14.080582,-19.094019,-35.484226,18860.973,6.455629,6.613016,14.790937,16.843483,-4.2611,-6.119095,-9.577189,18753.096,6.185977,6.6625,15.492022,17.920595,-4.251299,-6.034266,-9.891234,5452.908,3.118725,2.528254,8.060028,10.654943,-1.300121,-2.091575,-3.883858,5206.162,3.026092,2.360146,7.532114,10.23425,-1.194906,-1.820209,-3.176727,24566.03,7.300791,9.985171,24.336655,28.426481,-6.099792,-9.454844,-12.81963,25767.615,7.137254,10.795255,27.37348,32.28861,-6.562577,-10.665024,-16.061344,63587.95,13.641515,18.673824,27.355947,31.249844,-12.689845,-16.908417,-39.7566,56203.438,11.271502,15.096514,21.263746,26.201187,-10.75237,-14.390834,-29.493832,22605.312,6.625401,7.735801,15.360328,17.435493,-5.00746,-7.249004,-12.770904,18573.445,6.566234,6.349222,12.599832,14.650417,-4.135991,-5.823324,-10.467004,7873.2153,3.588326,3.651061,11.919455,16.04574,-1.807748,-3.032188,-5.43676,7708.054,3.561235,3.374347,10.645231,14.262983,-1.684502,-2.604728,-4.780635,30956.04,7.775881,12.448411,29.749763,35.617355,-7.782184,-12.606378,-18.868382,27767.014,7.610881,11.144541,25.961899,30.805328,-6.856783,-10.829415,-16.879491
0.0,100.0,76038.15,17.993586,23.11923,34.954834,37.81591,-16.358799,-22.363329,-40.438126,66979.445,15.414393,21.44083,33.936874,36.940414,-13.912758,-19.099087,-42.138355,19070.938,6.42623,6.726139,15.068822,17.252752,-4.30807,-6.038849,-9.813153,19004.379,6.176531,6.770805,15.764212,18.188923,-4.30016,-6.017328,-10.405836,5472.391,3.129275,2.519991,8.014818,10.531837,-1.296355,-2.052827,-3.387009,5211.045,3.033484,2.367319,7.49902,10.048457,-1.194995,-1.84478,-3.236316,24945.965,7.284143,10.181895,24.794521,29.106718,-6.157595,-9.342972,-14.122868,26267.703,7.135311,10.969892,27.7634,32.953556,-6.676714,-10.750011,-16.648308,62925.195,13.140417,18.352018,26.84639,32.285465,-12.558648,-17.013292,-41.639385,55365.152,10.861072,14.78659,20.663813,24.229185,-10.601947,-14.061683,-33.133633,22922.4,6.58974,7.859522,15.622418,17.635277,-5.062049,-7.106183,-14.43649,18805.16,6.551072,6.448148,12.869195,14.611098,-4.190081,-5.792162,-9.351494,7918.948,3.579131,3.667374,12.008177,16.160105,-1.810819,-2.974771,-5.807892,7775.5107,3.564602,3.406466,10.715244,14.010609,-1.683412,-2.587682,-4.909156,31479.26,7.749146,12.653835,30.061523,35.942757,-7.863859,-12.601046,-19.785732,28173.992,7.58209,11.333445,26.41262,31.254261,-6.902633,-10.694796,-17.192846
0.0,100.0,74730.766,17.534548,22.710518,34.3711,37.30585,-16.11898,-22.125582,-41.632217,65644.56,14.964923,20.927406,33.069565,35.417896,-13.677172,-18.943844,-41.05053,19389.203,6.490282,6.816181,15.245424,17.658785,-4.38635,-6.223053,-9.513894,19353.287,6.255443,6.857099,15.927948,18.769625,-4.352733,-6.161342,-9.727175,5486.916,3.150181,2.532852,7.961839,10.588681,-1.295441,-1.999286,-3.343295,5241.874,3.05829,2.380295,7.538889,10.07433,-1.19553,-1.816093,-3.098774,25323.002,7.336958,10.337039,25.244759,29.685802,-6.249927,-9.51152,-14.39634,26730.08,7.198993,11.11312,28.261139,33.254105,-6.705269,-10.740762,-17.883543,62224.453,12.713611,18.209131,26.699154,29.951807,-12.415526,-17.006794,-32.832825,54990.91,10.615169,14.689227,20.622717,23.828669,-10.53474,-13.716714,-29.415047,23278.674,6.645828,7.937265,15.75686,17.890373,-5.127718,-7.300717,-12.119756,19074.898,6.575824,6.524584,13.039391,15.303824,-4.253922,-6.038546,-9.642249,8012.2217,3.625894,3.709755,12.021797,16.097084,-1.814096,-2.999567,-5.180252,7862.112,3.606219,3.443311,10.878359,14.870605,-1.705269,-2.598961,-4.700528,31985.2,7.802858,12.793964,30.475595,36.45664,-7.962782,-12.699673,-22.596317,28617.006,7.645837,11.500265,26.652811,32.216774,-7.020153,-10.888158,-17.432184
0.0,100.0,74339.65,17.3411,22.355227,33.786526,36.335846,-16.080872,-21.596209,-43.538883,65131.0,14.758676,20.569187,32.62549,35.150043,-13.640012,-18.748705,-36.601025,19480.842,6.507397,6.843661,15.220471,17.467785,-4.375805,-6.167716,-10.635769,19473.158,6.257929,6.867302,15.844523,18.223026,-4.360946,-6.180843,-10.439213,5466.834,3.163356,2.499441,7.880751,10.18781,-1.273422,-2.072324,-3.459855,5224.27,3.075122,2.370716,7.472234,10.067265,-1.180928,-1.831875,-3.205741,25504.613,7.357522,10.40623,25.19294,29.530325,-6.242191,-9.765032,-14.571306,26855.363,7.206431,11.159521,28.057022,33.468086,-6.702107,-10.705868,-15.637259,62072.242,12.524404,18.114935,26.558998,29.961939,-12.451577,-17.16503,-34.15645,54777.25,10.439673,14.598086,20.489784,23.52677,-10.517316,-14.065535,-26.784752,23391.467,6.62126,7.943956,15.643255,17.623245,-5.130662,-7.200053,-12.003546,19193.168,6.592169,6.543798,13.001383,14.68932,-4.246064,-5.894225,-10.44271,8006.488,3.63214,3.667809,11.905557,16.119864,-1.793,-2.958336,-5.9384,7837.6943,3.594803,3.431429,10.756149,14.338596,-1.688934,-2.62529,-4.722656,32128.309,7.787996,12.831913,30.197165,36.44888,-7.938934,-13.092743,-20.204832,28789.154,7.640004,11.532883,26.579626,31.24805,-6.984167,-10.979614,-17.200465
0.0,100.0,78116.48,15.353762,24.84332,38.29824,41.404613,-17.32129,-23.657225,-42.937042,69167.16,14.112648,23.231789,37.411137,40.785954,-14.623284,-19.790976,-37.09707,21650.826,22.270906,6.66292,14.308067,16.758404,-4.367304,-6.278726,-10.023461,21633.053,20.389067,6.626229,14.760573,17.240845,-4.35709,-6.324266,-9.455837,5956.6655,3.532079,2.77079,8.968003,12.327078,-1.338292,-2.147765,-3.505823,5645.531,3.348046,2.583157,8.41184,11.582413,-1.235031,-1.912333,-3.416425,27633.342,21.712778,10.360561,23.589083,27.701002,-6.239125,-9.692533,-13.415662,29143.072,20.395065,11.07838,26.17814,31.300825,-6.732282,-10.884743,-16.488388,66267.94,14.334485,20.4751,30.558996,34.62625,-13.387943,-17.855198,-39.00265,59196.17,11.810742,16.840185,24.201786,27.170746,-11.490255,-15.337306,-41.27458,26341.766,28.370237,8.134303,14.923863,16.77396,-5.196053,-7.558395,-12.27402,21488.018,23.794024,6.634734,12.261808,14.297092,-4.271882,-6.141529,-9.965728,8806.725,4.917458,3.905456,12.602312,17.099436,-1.834349,-3.040806,-5.940845,8783.722,5.239912,3.769298,11.83553,16.082804,-1.708938,-2.62244,-5.121498,35248.73,29.337446,13.036884,27.909567,33.526413,-8.077452,-13.131709,-20.993233,31536.951,27.99459,11.862078,25.01986,30.110718,-7.066202,-11.239841,-17.377786
0.0,100.0,78044.66,20.049608,23.840965,36.085384,39.062103,-16.748049,-22.730045,-47.079693,68458.03,17.16958,22.097498,35.090115,38.63212,-14.17115,-19.309322,-36.37628,20323.53,6.506605,7.152348,16.112007,18.655552,-4.594207,-6.650351,-10.300065,20289.135,6.257102,7.195876,16.795097,19.750956,-4.570278,-6.458906,-10.229173,5647.5522,3.059947,2.645816,8.524954,11.305951,-1.346235,-2.106038,-3.652432,5393.832,2.965318,2.482947,7.989705,10.66354,-1.242924,-1.873179,-3.054552,26348.545,7.345312,10.74053,26.382812,31.216967,-6.511226,-9.99129,-13.749159,27704.361,7.185451,11.534044,29.420979,35.00713,-6.98306,-11.045192,-18.265554,64682.004,14.889682,19.196894,28.525793,32.582104,-12.894066,-17.328945,-41.64194,57673.035,12.314414,15.648998,22.073147,25.213406,-10.967354,-14.671525,-29.178045,24414.86,6.659006,8.366613,16.757498,19.053076,-5.386624,-7.617146,-13.614344,19913.848,6.623645,6.830712,13.671366,15.937873,-4.44,-6.415712,-10.760945,8193.234,3.5483,3.807298,12.661044,17.28175,-1.871918,-2.977624,-5.101874,8041.9976,3.532963,3.544953,11.446008,15.406089,-1.754806,-2.666574,-4.901387,33305.234,7.82065,13.359172,32.408737,38.802704,-8.290964,-13.263915,-24.3575,29644.771,7.639904,11.96622,28.325096,33.795692,-7.281491,-11.328684,-19.600921
0.0,100.0,76886.74,18.947193,23.320494,35.376823,38.179184,-16.624075,-22.471893,-45.48995,67771.984,16.175095,21.593092,34.39992,37.322575,-14.029502,-19.406101,-38.276463,20800.135,6.532784,7.347808,16.360046,18.554802,-4.696543,-6.927957,-10.832497,20738.512,6.284512,7.360551,16.942156,19.69175,-4.675824,-6.766005,-10.450573,5710.914,3.119695,2.633267,8.369376,11.52683,-1.347467,-2.143218,-3.570204,5460.8003,3.02489,2.490319,7.958727,10.637171,-1.244133,-1.946014,-3.561298,26924.639,7.377385,11.017921,26.735704,31.324986,-6.628686,-10.44789,-14.717332,28401.46,7.244064,11.870008,29.73028,34.927673,-7.155124,-11.808888,-18.724289,63174.543,13.75317,18.502342,27.107424,30.235903,-12.703943,-16.987556,-34.458008,55931.89,11.401484,14.977531,20.930714,24.494991,-10.734081,-14.176201,-32.8379,24949.885,6.661449,8.574077,16.771301,18.819569,-5.518507,-8.150118,-15.673241,20313.828,6.609153,6.995818,13.846707,16.201923,-4.522416,-6.506078,-11.201621,8325.656,3.598898,3.837738,12.584102,17.070475,-1.891139,-3.049801,-5.433898,8183.9004,3.573077,3.579475,11.445001,15.0541,-1.757977,-2.747334,-5.141989,33961.42,7.804737,13.705671,32.543972,38.239227,-8.482654,-13.608243,-22.928633,30195.848,7.627511,12.22175,28.423515,33.89287,-7.411766,-11.657826,-17.714033
0.0,100.0,75804.46,18.481037,23.035255,34.70877,38.03095,-16.306093,-22.099762,-46.92786,66719.836,15.698399,21.328484,33.93213,36.273605,-13.86896,-18.88655,-32.48431,21155.682,6.499436,7.51403,16.699797,18.989431,-4.789451,-6.869433,-11.783152,21048.197,6.253785,7.556255,17.497782,20.215397,-4.75849,-6.785204,-11.346509,5708.0303,3.112041,2.656711,8.45462,11.116951,-1.361076,-2.186997,-3.60479,5457.0913,3.012732,2.503176,7.977297,10.987708,-1.254599,-1.917479,-3.950764,27445.994,7.346849,11.286072,27.441982,32.08755,-6.802521,-10.506077,-16.000916,28843.451,7.185421,12.158676,30.74484,36.489635,-7.314152,-11.726874,-16.915953,62510.074,13.268709,18.258423,26.657885,30.71275,-12.56162,-17.110445,-33.84922,55265.46,11.105117,14.71091,20.534021,24.181496,-10.592076,-14.127606,-29.997036,25303.857,6.643479,8.740595,17.349482,19.731733,-5.58609,-8.047585,-14.382703,20608.082,6.571723,7.115985,14.075054,16.257582,-4.593147,-6.673927,-11.041604,8381.859,3.584755,3.904569,12.838172,17.437008,-1.914998,-3.203085,-6.534299,8232.968,3.556588,3.632999,11.617657,15.3646,-1.799022,-2.853857,-6.446,34410.227,7.73889,13.990407,33.417645,39.739716,-8.653806,-13.953187,-24.173605,30762.52,7.585589,12.507409,29.05578,34.601482,-7.58638,-11.995217,-18.947363
0.0,100.0,74897.64,18.2068,22.789293,34.34164,37.53296,-16.290403,-22.163116,-40.52367,65475.816,15.37308,20.842894,32.981956,34.83913,-13.691123,-18.903309,-40.789787,21382.484,6.489131,7.570769,16.887583,19.253733,-4.808575,-6.795977,-10.332442,21320.943,6.245461,7.604083,17.496735,20.154236,-4.770822,-6.833011,-10.409977,5722.279,3.127226,2.651198,8.363488,10.986099,-1.336278,-2.140506,-3.548285,5463.0894,3.021017,2.508731,8.033353,10.657687,-1.245789,-1.93662,-3.217085,27730.023,7.329592,11.393628,27.713898,32.674755,-6.828721,-10.451265,-16.197067,29254.998,7.195718,12.267118,30.97129,36.546883,-7.322922,-11.536216,-18.529423,62142.93,12.999043,18.099445,26.376062,29.3251,-12.504527,-16.72569,-33.157272,54985.965,10.900882,14.696809,20.42577,23.530052,-10.601058,-14.074079,-28.386145,25639.139,6.635912,8.789277,17.369946,19.953724,-5.61408,-7.900164,-13.984559,20813.48,6.561831,7.175571,14.260021,16.317236,-4.629646,-6.451939,-10.416146,8435.382,3.598286,3.914041,12.800018,17.444073,-1.903373,-3.092156,-5.436616,8281.733,3.5681,3.656173,11.632599,15.458827,-1.787043,-2.830789,-4.964726,35016.01,7.770475,14.113665,33.537914,40.304638,-8.616066,-14.113957,-22.768045,31024.75,7.568067,12.592231,29.263535,34.172012,-7.588355,-12.041354,-17.475207
0.0,100.0,74293.836,17.924313,22.400892,33.830963,36.081635,-16.212164,-22.174551,-41.570797,64942.586,15.144404,20.477684,32.466667,34.795143,-13.639639,-18.553917,-42.485413,21601.723,6.520885,7.662251,17.144142,19.462198,-4.885568,-6.836849,-10.627744,21518.307,6.268109,7.659885,17.527145,20.272469,-4.844467,-6.913986,-11.178523,5734.893,3.133162,2.635071,8.276607,11.022189,-1.345124,-2.125717,-3.492575,5497.766,3.049952,2.521089,7.999992,10.672135,-1.249993,-1.905106,-3.576167,28052.482,7.372794,11.58238,28.078846,32.795467,-6.940459,-10.667126,-15.425449,29748.156,7.244487,12.391484,31.098137,36.596878,-7.446185,-11.682056,-18.15179,61848.723,12.802373,17.98324,26.22623,29.996162,-12.471818,-16.62026,-39.57035,54717.535,10.749859,14.582339,20.57882,23.498816,-10.578167,-14.409188,-31.513102,25925.658,6.636782,8.858215,17.401358,19.192505,-5.689137,-8.047543,-15.173288,21050.145,6.613079,7.266923,14.515851,16.469751,-4.692804,-6.643118,-12.285489,8496.79,3.61536,3.912341,12.702493,17.067257,-1.920356,-3.185667,-6.144979,8337.43,3.594983,3.685217,11.758182,15.631356,-1.801199,-2.778197,-5.607317,35497.18,7.782605,14.261094,33.681137,40.460842,-8.781392,-14.279613,-22.675724,31495.617,7.642416,12.769178,29.608631,35.440544,-7.742023,-12.199133,-20.261664
0.0,250.0,122376.73,23.612041,40.56177,64.383705,69.84498,-28.385118,-39.92395,-111.196,104402.86,21.077396,36.21705,59.848804,64.902145,-23.637783,-33.392242,-92.39324,36131.23,31.681686,11.095142,20.507936,23.726711,-8.229967,-12.12571,-20.72632,35867.957,29.07595,10.874802,21.008888,24.285118,-8.164883,-12.159505,-23.814249,8705.137,4.423695,3.691339,10.96809,14.40101,-2.091572,-3.454786,-5.799613,8247.432,4.140219,3.395671,10.113379,13.658504,-1.91129,-2.998561,-5.219766,44910.094,29.494955,16.760221,32.719303,36.655693,-11.261645,-18.637083,-29.35284,46965.516,27.836191,17.883623,35.866173,40.56458,-12.12617,-20.61582,-33.34959,101753.8,21.229023,32.96722,51.500988,58.75885,-21.36482,-29.142445,-90.40861,91235.266,17.460657,27.08245,40.160057,45.677876,-18.33385,-24.654488,-65.09566,45146.95,40.87366,14.226907,23.706602,26.138912,-10.21812,-15.329448,-29.57242,36381.69,34.327118,11.325769,18.349672,20.41166,-8.174823,-11.883792,-22.380524,13005.411,6.255517,5.438057,15.846486,21.394535,-2.953192,-5.117508,-10.920039,12974.837,6.63929,5.154151,14.826585,19.84691,-2.755288,-4.440766,-8.601532,58659.31,40.697002,22.62917,41.815536,46.368343,-15.11841,-27.286184,-47.399345,52457.562,38.934746,20.16319,37.72949,40.98268,-13.11122,-22.148258,-37.001584
0.0,250.0,116660.97,29.138702,36.311512,56.63691,64.87308,-26.595184,-37.73609,-92.32853,98828.03,25.149223,31.997978,52.35204,58.193813,-21.977379,-31.236958,-86.54583,35109.164,9.575749,11.721678,23.388184,27.110044,-8.572146,-12.544245,-22.503345,34821.992,9.205662,11.71632,24.441889,29.17043,-8.521424,-12.7409,-22.502148,8390.273,3.885672,3.569888,10.34481,13.518601,-2.097148,-3.437803,-6.117142,8024.532,3.729008,3.293159,9.508543,12.517702,-1.902967,-2.964331,-5.283016,44291.895,10.562039,17.296206,36.370983,41.510765,-11.750966,-18.973688,-31.704988,46489.676,10.402913,18.65335,40.522663,46.461582,-12.692082,-21.255062,-35.935703,98034.31,21.149466,30.116228,46.150757,53.28272,-20.427044,-28.395899,-78.29036,87213.66,17.175982,24.620876,35.675488,40.8909,-17.35,-23.535145,-66.66769,43600.094,9.994544,14.503121,26.650713,29.66178,-10.601842,-16.043095,-30.968706,35150.71,9.793487,11.502238,20.475973,24.362728,-8.42808,-12.284392,-23.662699,12419.955,4.563307,5.365259,15.962122,21.225508,-3.041289,-5.376093,-9.444051,12274.198,4.541007,4.933437,14.427458,18.659191,-2.805068,-4.562136,-8.696226,57225.387,11.450083,22.773006,46.746574,54.337593,-15.702772,-27.482653,-55.185024,51118.938,11.132233,20.0883,40.883266,46.87219,-13.563448,-23.03883,-40.642087
0.0,250.0,113229.44,27.379292,34.540543,53.964417,58.08286,-25.647324,-36.137486,-92.047554,95552.88,23.33027,30.519941,49.99026,54.1894,-21.202974,-30.079176,-68.16053,36438.336,9.753151,12.053604,23.70627,27.203001,-8.847128,-13.105068,-22.008465,36130.395,9.393296,12.016242,24.723331,28.337317,-8.73856,-12.928354,-24.932009,8538.502,4.013496,3.574788,10.174711,13.164903,-2.08644,-3.409505,-5.225922,8146.101,3.827218,3.30509,9.474659,12.712399,-1.911724,-2.935128,-5.974417,46038.688,10.789663,17.823137,36.969894,42.40055,-12.087933,-19.51044,-33.572403,48362.61,10.652713,19.180674,41.081165,47.063442,-13.001597,-21.200298,-36.54915,95840.414,19.71078,29.21762,45.104214,51.759525,-19.940279,-27.08013,-85.16572,84872.99,15.9333,23.731794,34.576035,41.152122,-16.95373,-23.114115,-76.87287,45192.92,10.166218,14.834392,26.784925,30.179523,-10.813236,-16.00098,-30.82942,36303.77,9.903358,11.782396,20.703617,23.279982,-8.655731,-12.942646,-24.604748,12802.494,4.70666,5.442736,15.973775,21.367847,-3.06593,-5.444676,-9.537957,12592.634,4.640619,4.976776,14.365668,18.99878,-2.863694,-4.505184,-8.288473,59444.086,11.681643,23.354685,47.09828,54.91712,-16.033497,-27.995176,-52.54416,52582.54,11.225432,20.603575,41.388386,47.070164,-13.940169,-23.720638,-40.122013
0.0,250.0,111762.67,26.565659,34.171898,53.45409,58.11731,-25.40565,-36.42357,-93.674866,94216.336,22.44953,30.03613,48.739723,53.186382,-20.925165,-30.450876,-72.82672,36930.1,9.701076,12.164376,24.088308,27.705755,-8.902928,-13.066458,-22.7209,36558.246,9.28537,12.098284,24.857252,28.458477,-8.822779,-13.030918,-21.60747,8447.383,3.980492,3.542189,9.96204,12.905886,-2.067539,-3.341863,-5.46313,8083.9077,3.81354,3.295193,9.434468,12.373816,-1.893064,-2.873182,-4.857304,46587.137,10.698079,17.982645,37.658367,42.394077,-12.176181,-19.327915,-32.392704,48716.11,10.470113,19.276241,41.432465,47.6059,-13.125379,-21.596252,-33.776344,95178.12,19.142866,28.943495,44.229618,52.42835,-19.86443,-27.276968,-76.31529,84334.41,15.550528,23.5431,34.123882,40.13773,-16.821953,-22.33663,-65.42029,45646.273,10.022441,14.938291,26.798668,30.043262,-10.958186,-16.231667,-34.91839,36887.566,9.877764,11.899519,21.040428,23.761915,-8.733284,-12.858684,-24.20125,12780.172,4.666965,5.43027,15.857018,21.471214,-3.051479,-5.215245,-9.369425,12572.416,4.615948,5.005254,14.396689,18.988132,-2.82896,-4.609439,-8.686739,60210.605,11.515996,23.511486,47.28766,54.715458,-16.244617,-27.805563,-50.21354,53542.883,11.181366,20.752924,41.732037,48.160618,-14.060859,-23.52963,-40.422524
0.0,250.0,110264.8,25.577204,33.566788,52.309483,57.53622,-25.447119,-43.869,-139.58441,92911.586,21.303366,29.467422,47.946434,53.2888,-20.903141,-36.89398,-118.70734,37376.027,9.679306,12.402221,24.200478,27.702335,-9.303849,-17.886784,-50.4023,36934.04,9.251784,12.276076,25.033756,28.544811,-9.232125,-17.910055,-52.73059,8432.869,3.99973,3.521873,9.826239,13.25391,-2.176886,-4.876335,-13.974983,8071.8247,3.831891,3.300549,9.365053,12.093051,-1.977041,-4.254623,-11.378548,47038.56,10.630283,18.421358,37.880573,43.130863,-12.931883,-28.93966,-86.76523,49366.082,10.446226,19.665663,41.762897,47.46857,-13.984207,-32.178875,-98.83701,94448.086,18.47901,28.554562,43.75017,51.805717,-19.60777,-28.763968,-85.00911,83717.85,15.128761,23.254484,33.568466,39.48425,-16.695814,-23.788157,-86.97901,46267.504,9.987595,15.152261,26.848175,30.591396,-11.406318,-21.66169,-61.902874,37233.8,9.797938,12.113812,21.173035,23.907911,-9.091925,-17.519657,-51.86982,12823.329,4.676225,5.429918,15.76728,20.86406,-3.279363,-7.479014,-20.511595,12625.538,4.6266,5.037206,14.373707,18.990528,-2.996738,-6.738286,-18.869677,60865.39,11.424431,23.923916,47.49765,54.754105,-17.499775,-41.819588,-110.24402,54087.48,11.106144,21.22293,41.991158,47.55149,-15.155618,-34.3826,-104.785378
0.0,250.0,109782.54,25.18329,33.38094,52.41062,58.17387,-24.78216,-34.758213,-95.05665,92590.68,20.818684,29.272387,47.613384,52.761505,-20.284945,-28.922443,-70.120476,37890.902,9.756132,12.40245,24.239767,27.612991,-9.259081,-13.879253,-25.441393,37446.39,9.316731,12.287181,24.896976,28.339964,-9.122752,-13.389229,-26.34676,8466.689,4.051663,3.50187,9.680417,12.5862,-2.068328,-3.386829,-5.318665,8115.1333,3.88369,3.285082,9.248542,12.251892,-1.918205,-3.010215,-5.070754,47745.79,10.724736,18.46445,37.85624,42.632835,-12.618598,-20.874256,-33.338455,50075.617,10.535789,19.690838,41.75309,47.805714,-13.52211,-22.944601,-37.84637,94134.9,18.05145,28.641237,43.681957,50.04743,-19.432291,-26.52233,-80.45816,83406.43,14.8385,23.233742,33.75839,42.13505,-16.550629,-22.241415,-67.44547,46683.16,10.016561,15.121356,26.80598,30.717802,-11.224909,-16.7509,-32.58054,37423.22,9.777594,12.096134,21.098318,24.025698,-8.998335,-13.410942,-25.117237,12993.016,4.746466,5.445341,15.793848,20.676273,-3.10853,-5.285388,-9.164072,12685.036,4.648959,5.043365,14.359586,18.54668,-2.895646,-4.747878,-8.46263,61556.742,11.465052,23.841862,47.379353,54.411743,-16.691587,-28.586672,-51.284664,54622.3,11.155036,21.169273,41.936245,47.485485,-14.495724,-24.51757,-41.933613
0.0,250.0,122429.02,44.537884,38.894436,60.493504,66.93168,-27.544495,-39.268055,-97.236206,104628.984,38.639503,35.036373,56.981045,62.54965,-23.179325,-32.57441,-83.97045,34365.258,13.2174,10.716143,20.649443,23.631311,-8.071865,-11.736112,-21.709734,33988.79,12.614933,10.602206,21.523981,24.899244,-8.014558,-11.809585,-23.442055,8384.598,4.171736,3.524743,10.50018,13.974219,-2.049502,-3.381821,-5.483113,7914.4834,3.943886,3.208691,9.539123,12.737964,-1.837757,-2.863563,-4.942014,42958.47,12.879727,16.193136,34.055058,39.979404,-11.1083,-17.937757,-26.811464,45007.805,12.542847,17.36307,37.99881,44.070255,-12.008668,-19.769127,-36.601414,102267.18,36.04198,32.199184,49.766163,56.1508,-20.940668,-28.553125,-88.30949,91826.914,31.961363,26.378359,38.643764,45.53527,-17.892662,-24.484768,-73.34849,40106.312,15.609074,12.543777,22.475521,25.184252,-9.3749,-13.758063,-27.64016,32588.89,13.774594,10.050637,17.799244,20.635872,-7.564562,-11.001423,-20.776588,12045.714,5.170464,5.100968,15.39151,20.831566,-2.863388,-5.057212,-8.618546,11880.393,5.132548,4.668171,13.772357,18.538958,-2.653281,-4.224925,-8.270653,54180.375,16.094917,20.892023,42.91962,48.861073,-14.466918,-24.820717,-43.520714,47374.445,15.222209,18.058296,37.4438,42.42983,-12.277513,-20.617891,-38.237754
0.0,250.0,120768.19,29.717054,39.310406,61.271496,66.861755,-27.567938,-38.284805,-95.502144,103175.734,22.510098,34.975224,56.865368,62.517506,-23.086794,-31.80745,-72.957726,35452.707,9.055167,11.374923,23.931293,27.943237,-8.421912,-12.742065,-23.367683,35180.758,8.680856,11.45802,25.26728,29.81831,-8.435379,-12.618025,-22.184254,8646.834,4.063894,3.598357,10.676595,14.534578,-2.091882,-3.556575,-5.987425,8192.434,3.844898,3.287373,9.853356,13.182665,-1.883077,-3.021488,-5.138293,44121.902,9.51262,16.68894,36.61279,42.385178,-11.546397,-18.867962,-31.297737,46194.3,9.279619,17.833633,40.598217,47.498005,-12.388026,-21.783752,-42.7006,100920.07,23.408932,31.830227,49.055252,56.68625,-20.875057,-28.143269,-78.93928,89700.79,22.150799,25.976067,37.52506,43.77121,-17.681316,-23.624502,-71.498375,40789.46,11.051893,13.068151,24.951897,28.745222,-9.581962,-14.749395,-27.50735,34179.695,9.88576,10.923304,20.364622,23.323095,-7.98919,-11.989327,-23.615074,12721.519,5.027259,5.250483,15.793888,20.853676,-3.022839,-5.410804,-8.970352,12705.816,5.025879,4.838603,14.287309,19.21629,-2.820633,-4.798306,-8.487442,55378.082,11.899843,21.21473,45.321003,51.73006,-15.135745,-27.200274,-43.654606,49477.348,11.535042,18.871292,40.418037,46.136208,-13.059029,-22.613693,-39.717031
0.0,250.0,122735.65,34.384453,39.56373,62.039757,69.05698,-27.922804,-38.734417,-108.30023,104640.37,27.359976,35.49738,57.911663,64.47431,-23.352488,-33.672054,-87.86917,34356.43,9.06705,11.299512,23.86876,27.52963,-8.252902,-11.884072,-20.978285,34135.223,8.691947,11.325025,25.110626,29.6042,-8.233102,-12.055134,-23.457506,8559.885,4.101267,3.621617,10.761821,14.280696,-2.080672,-3.3829,-5.551811,8103.467,3.883651,3.307303,9.926131,13.197508,-1.882909,-2.820624,-5.618951,42812.953,9.587096,16.499863,36.14081,42.29506,-11.32081,-17.738728,-28.084698,44653.84,9.316036,17.684864,40.05299,46.96203,-12.221076,-20.117353,-32.793816,101173.08,27.20002,31.927647,49.347687,55.75129,-20.918787,-28.322792,-88.50895,90778.58,25.343975,25.976187,37.687763,44.086098,-17.757254,-24.529728,-66.95482,39508.945,11.08617,12.949997,24.891474,28.420712,-9.351566,-13.570893,-28.175531,33302.465,9.994935,10.79121,20.173489,22.827452,-7.856111,-11.702694,-22.058308,12537.986,5.096114,5.259443,15.749488,21.425928,-2.984484,-5.067671,-9.320638,12493.884,5.05995,4.847285,14.354542,19.13418,-2.802066,-4.382748,-7.888981,53713.56,12.004989,20.99479,44.673824,51.75129,-14.696678,-25.208946,-45.034924,47878.395,11.601376,18.668377,39.87943,45.497787,-12.659201,-21.047672,-37.817591
0.0,250.0,121561.74,36.32176,39.55072,62.360584,68.54833,-27.709393,-38.22825,-90.2656,104024.67,29.82466,35.290474,58.056652,62.697647,-23.115627,-32.353943,-79.86805,34841.93,9.158207,11.398709,24.356356,27.82665,-8.382494,-12.317411,-23.382215,34742.617,8.788858,11.420229,25.378794,29.20528,-8.333321,-12.478628,-24.444574,8685.199,4.142745,3.63854,10.877941,14.264538,-2.095173,-3.39849,-5.357147,8235.601,3.934017,3.342982,10.084951,13.700363,-1.907908,-2.987884,-5.153407,43299.863,9.682847,16.593754,36.796482,43.272923,-11.488146,-18.440344,-30.72674,45433.574,9.41657,17.716875,40.285847,47.05868,-12.262728,-20.54771,-33.832535,99856.3,29.01481,31.745974,48.95016,55.71427,-20.71397,-28.609013,-81.994995,89625.67,26.63533,25.82658,37.804466,45.069664,-17.627241,-23.797995,-66.78062,40362.887,11.252941,13.123027,25.151962,29.18423,-9.484542,-14.156397,-27.192799,33755.39,10.160312,10.917541,20.631733,23.69485,-7.940213,-12.001429,-22.082783,12729.162,5.1394,5.263366,15.790705,21.301872,-3.01537,-5.152127,-9.649726,12696.879,5.137883,4.901003,14.629299,19.655676,-2.867503,-4.473828,-7.756769,54880.74,12.205191,21.153877,45.31559,52.87734,-14.909476,-25.584768,-44.602726,48479.566,11.780274,18.84757,40.58681,46.60693,-12.923821,-21.772959,-38.087812
0.0,250.0,121005.85,37.463,39.280735,61.85399,66.78431,-27.684757,-38.61016,-95.3572,103809.17,30.958311,35.398186,58.597534,63.795994,-23.178436,-32.796516,-85.56495,35513.24,9.173827,11.639751,24.565184,28.323135,-8.47698,-12.222617,-24.263994,35217.14,8.784871,11.718389,26.048187,30.637606,-8.448593,-12.615629,-20.3928,8761.905,4.149922,3.710017,11.110123,14.589196,-2.120189,-3.523786,-5.327852,8304.795,3.940187,3.371342,10.109773,13.61231,-1.911225,-2.904435,-4.863402,43898.17,9.715006,16.90329,37.05024,43.10638,-11.551487,-18.79905,-26.400013,45832.996,9.451227,18.21577,41.104866,48.395634,-12.459212,-20.997524,-31.766792,99954.41,30.011156,31.679546,48.941982,54.422134,-20.777937,-27.90933,-75.8899,88838.94,27.332985,25.527884,37.07506,41.97108,-17.543985,-23.098377,-57.45401,41098.6,11.326696,13.481464,25.979874,28.945286,-9.639327,-14.245876,-24.675276,34361.336,10.196469,11.136959,20.701248,24.053923,-8.04648,-11.604601,-18.847843,12849.523,5.182324,5.357234,16.023209,21.690054,-3.042022,-5.242832,-8.529539,12870.572,5.164259,4.940754,14.60746,19.715317,-2.863046,-4.502871,-8.308681,55411.17,12.284337,21.709667,46.291027,54.16902,-15.066206,-25.678572,-43.97996,49320.8,11.848933,19.206366,41.035053,46.7804,-12.954962,-21.401285,-40.530792
0.0,250.0,122231.63,44.633373,39.58985,62.46638,67.22888,-27.824368,-38.22281,-86.511055,105086.34,38.59168,35.76435,59.219288,63.557835,-23.360443,-32.62687,-77.37132,34299.977,11.126712,11.00556,22.741455,26.002253,-7.967756,-11.80939,-18.793549,34102.316,10.672792,11.049688,23.948092,27.765804,-7.94891,-11.727134,-25.271358,8660.631,4.246699,3.693481,10.955137,14.898881,-2.07283,-3.352644,-5.945297,8224.378,4.035742,3.352323,9.977864,13.649394,-1.876389,-2.86801,-4.865543,42616.348,11.40945,16.310343,35.312466,41.55132,-10.973629,-17.539965,-26.036045,44483.082,11.093782,17.57076,39.341736,46.32922,-11.777121,-19.658627,-32.28618,101111.08,35.376606,31.6795,49.239197,55.626553,-20.751139,-28.931204,-65.69587,89337.32,31.177603,25.559345,37.386852,41.99612,-17.553247,-23.65403,-65.46997,39812.145,13.48058,12.801244,24.014488,27.115152,-9.149992,-13.638083,-24.796356,33433.0,12.197108,10.598193,19.272596,21.929468,-7.626743,-10.958757,-18.48859,12655.918,5.330116,5.295238,15.673896,21.232935,-2.937544,-5.014575,-8.96169,12675.038,5.331823,4.878095,14.214936,19.211882,-2.77225,-4.325808,-7.812217,53959.76,14.448381,20.926233,43.06165,50.214027,-14.292289,-24.587723,-39.146877,47996.29,13.833066,18.530895,38.311283,44.228306,-12.337154,-20.281391,-34.078516
0.0,250.0,121525.125,38.15412,39.64075,62.332542,67.82579,-27.610422,-37.630077,-112.14512,104466.7,32.00002,35.767185,59.533092,63.67404,-23.219938,-32.2008,-69.4706,33465.07,9.161911,10.849781,22.960604,26.66554,-7.995778,-11.300093,-19.872372,33167.152,8.795068,10.924209,24.401423,28.660753,-7.960914,-11.814781,-19.33661,8526.152,4.194721,3.583048,10.711468,14.596849,-2.054402,-3.41738,-5.241819,8025.672,3.956083,3.231039,9.708714,13.395768,-1.857697,-2.846375,-4.609276,41507.305,9.688908,15.846331,34.684414,40.66885,-10.94091,-17.384754,-31.636318,43416.99,9.480546,17.063826,38.573605,45.110855,-11.785403,-19.808977,-32.544334,100192.625,30.504557,31.789034,49.335342,56.659836,-20.71186,-28.215927,-90.22409,89169.164,27.75075,25.660217,37.28144,43.18384,-17.49189,-23.249786,-58.15064,39003.45,11.456065,12.665979,24.495419,28.046835,-9.151285,-13.311106,-24.358658,32551.74,10.250165,10.4502,19.414217,22.151793,-7.635353,-10.879346,-18.175133,12342.546,5.184295,5.132419,15.290422,20.622566,-2.919613,-5.060145,-10.79388,12449.42,5.199907,4.726319,13.873109,18.656046,-2.770093,-4.426233,-7.335442,52583.402,12.320529,20.466606,43.186153,50.04546,-14.264595,-25.213058,-39.40597,47049.688,11.899527,18.124748,38.416054,44.18204,-12.332412,-20.808027,-35.803057
0.0,250.0,120368.03,38.993042,39.39682,62.303295,67.70826,-27.440233,-38.161037,-80.80449,103166.06,32.825024,35.42272,58.931557,63.204628,-23.033098,-32.30897,-82.39082,34603.188,9.094137,11.267986,23.96726,27.53944,-8.232708,-11.878037,-20.526348,34365.51,8.734968,11.319706,25.312492,29.346388,-8.22499,-12.05539,-19.09857,8659.117,4.153855,3.659055,10.898509,14.481357,-2.083477,-3.438725,-5.394836,8179.325,3.93095,3.306897,9.951151,13.521632,-1.875898,-2.966329,-5.058761,42830.195,9.648757,16.352924,35.99182,42.097164,-11.206467,-17.810438,-29.588844,44669.75,9.362032,17.566723,39.728455,47.084976,-12.048337,-20.241417,-32.64559,99281.22,31.199753,31.619308,48.844227,56.162643,-20.554071,-28.50821,-72.100464,88232.38,28.113108,25.38349,37.023685,41.458866,-17.33434,-22.84121,-71.24273,40339.934,11.29997,13.149293,25.362722,28.627686,-9.430399,-13.964961,-28.54763,33556.043,10.127341,10.805017,20.220413,22.687193,-7.831857,-11.415405,-22.56385,12654.642,5.164772,5.24406,15.636131,21.419132,-2.983066,-5.175264,-8.554815,12686.705,5.164699,4.849421,14.2347,19.170149,-2.80437,-4.397845,-7.811251,54361.848,12.188961,21.088203,44.85484,52.438484,-14.698675,-25.635815,-50.324097,48450.816,11.813317,18.733183,39.93313,45.663467,-12.681506,-21.311893,-34.666077
0.0,250.0,121188.195,39.282604,39.618755,62.46609,67.77417,-27.529743,-39.200558,-90.27075,104166.31,33.349678,35.6196,58.90781,63.85611,-23.161043,-31.984962,-79.01904,34706.586,9.257919,11.373405,24.186214,27.969875,-8.273363,-12.254567,-21.893524,34346.07,8.825919,11.383141,25.325256,29.638777,-8.243884,-12.090927,-21.10534,8704.126,4.189575,3.678074,10.977928,14.815298,-2.099102,-3.441664,-5.353748,8189.271,3.953369,3.338579,10.087578,13.760816,-1.883926,-3.024642,-5.64783,42959.25,9.787981,16.492128,36.323803,42.14158,-11.289803,-17.922455,-32.52913,44840.867,9.507628,17.6452,40.059143,47.683723,-12.178042,-20.231955,-32.289833,100118.61,31.70896,31.608732,48.708942,54.78652,-20.688513,-27.659678,-75.79871,88839.85,28.161186,25.627857,37.475685,43.619854,-17.473408,-23.078976,-59.715908,40369.492,11.476226,13.197228,25.44812,28.9966,-9.462999,-13.997066,-23.640562,33493.54,10.28165,10.881355,20.435066,23.702663,-7.852108,-11.374043,-19.943888,12667.523,5.209169,5.263652,15.694985,21.535618,-2.99199,-5.227222,-8.684306,12721.846,5.2114,4.894836,14.458714,19.69916,-2.832948,-4.497618,-8.649547,54471.703,12.414686,21.181223,45.283955,52.633633,-14.778117,-25.507713,-43.28749,48543.53,11.99828,18.847628,40.32117,46.300156,-12.758939,-20.970974,-36.849595
0.0,250.0,120745.66,39.457504,39.34563,62.125885,66.74727,-27.450788,-37.820045,-91.781815,103508.34,33.480206,35.47003,59.02825,65.417885,-23.003319,-32.09855,-72.19854,35088.875,9.228158,11.45112,24.147238,28.116182,-8.409691,-12.173134,-21.8473,34632.984,8.799341,11.473414,25.40885,29.482258,-8.351721,-12.447901,-21.068474,8759.928,4.205994,3.69922,11.043523,14.52036,-2.121497,-3.501726,-6.071223,8278.561,3.982713,3.337598,10.056252,13.491979,-1.901673,-2.906991,-5.369451,43433.465,9.808709,16.63995,36.267548,42.508175,-11.422644,-18.49344,-27.692745,45351.31,9.566168,17.903793,40.172665,47.134254,-12.340109,-20.95107,-33.432255,99467.89,31.649115,31.42174,48.503094,53.50822,-20.51425,-28.229094,-70.273155,88168.625,28.26093,25.315409,37.149254,42.09362,-17.318975,-23.33373,-64.925125,40846.63,11.465528,13.391031,25.668964,29.513992,-9.629645,-14.327835,-26.330906,33890.49,10.259667,10.993495,20.398563,23.257603,-7.971523,-11.620763,-20.543688,12721.435,5.236384,5.272147,15.728573,21.555168,-3.024699,-5.210303,-8.769181,12792.401,5.233597,4.879988,14.377505,19.855331,-2.857571,-4.45245,-8.874878,54973.633,12.460062,21.471266,45.268356,52.82357,-15.00602,-25.89623,-46.54441,48934.496,12.009097,19.005617,40.27269,46.34753,-12.912514,-22.529123,-36.400924
1.0,50.0,2352.5154,1.757117,0.467644,0.637085,1.496802,-0.363746,-0.50321,-1.18769,3048.7595,1.958637,0.609924,0.8109,1.552899,-0.466216,-0.618934,-1.418088,20401.121,6.865563,9.30343,20.506779,22.859444,-4.597226,-6.535983,-9.160093,20840.309,6.671442,9.499436,21.218824,23.381472,-4.715883,-6.773385,-8.781014,1915.0836,2.13997,0.911308,3.345009,4.746542,-0.393603,-0.618555,-1.419022,2058.4126,2.184079,0.988653,3.564589,4.996237,-0.425429,-0.651255,-1.510041,20869.746,6.695008,11.273367,32.689938,38.6758,-5.054321,-7.828468,-9.835568,22656.734,6.695606,12.653328,37.938763,45.550503,-5.608704,-8.892797,-11.282598,1340.2784,1.454625,0.241192,0.390281,1.375436,-0.18488,-0.304691,-1.484497,1054.6907,1.379381,0.182423,0.298492,1.219636,-0.150396,-0.292274,-1.570803,22518.2,6.63417,10.093465,20.892563,23.345488,-4.90268,-6.958352,-10.979042,18778.791,6.486917,8.235627,17.948177,20.367828,-4.135977,-5.920705,-8.556851,4151.3687,2.844231,2.093575,7.536922,10.516474,-0.934852,-1.598395,-2.924237,4583.1514,3.045587,2.172024,7.1775,9.569237,-0.990103,-1.629637,-2.930383,24463.84,6.75853,13.435566,40.3751,48.038425,-5.905093,-9.554056,-12.57295,21505.363,6.580372,11.078039,32.40358,38.313343,-5.028623,-7.952392,-11.644856
1.0,50.0,3609.0242,2.469831,0.708444,0.922272,1.574739,-0.533241,-0.729957,-1.482345,4761.564,2.94582,0.961662,1.240347,1.973617,-0.71916,-0.968192,-1.790478,16848.082,6.681208,7.41416,16.964209,18.87025,-3.824326,-5.48702,-7.301459,17257.996,6.483415,7.572788,17.699915,19.979004,-3.921597,-5.673914,-7.482575,2285.1077,2.144297,1.216054,4.405547,6.262744,-0.489114,-0.798789,-1.591214,2606.81,2.260619,1.296826,4.575055,6.393906,-0.567713,-0.876565,-1.725472,17610.156,6.682353,9.062092,26.103893,31.217722,-4.254013,-6.553427,-8.371915,18814.057,6.748533,10.0445,30.296972,36.855637,-4.685818,-7.646416,-9.26299,2618.3281,2.064165,0.471073,0.670273,1.73252,-0.339822,-0.521094,-1.666505,2106.9587,1.875763,0.372658,0.513121,1.676091,-0.277063,-0.432138,-1.49923,18923.828,6.611683,8.272126,17.585354,19.450607,-4.174149,-5.944047,-8.899405,15044.157,6.454725,6.388365,14.193539,15.987808,-3.349381,-4.769666,-7.049257,4285.2295,2.828524,2.113552,7.759354,11.125685,-0.95816,-1.666007,-3.131424,4604.1646,2.9877,2.099107,7.242561,9.909929,-0.99274,-1.601591,-2.8694,20170.79,6.848454,10.811808,33.639896,40.814777,-4.909103,-8.114425,-11.082695,17927.338,6.626475,8.940879,26.534489,31.7931,-4.214778,-6.66569,-9.050326
1.0,50.0,2958.5496,2.036305,0.600007,0.830312,1.529946,-0.479129,-0.630039,-1.955447,3874.3323,2.44561,0.783237,1.047202,1.614272,-0.618074,-0.806163,-2.648559,17005.746,7.891803,7.010343,15.938597,18.004786,-3.804267,-6.484414,-16.952667,17474.271,7.629098,7.103335,16.06016,17.979872,-3.891069,-6.612294,-18.396528,2402.1606,2.068891,1.317545,4.776283,6.787913,-0.565354,-0.956273,-1.617618,2637.213,2.142792,1.360337,4.901467,6.994882,-0.617527,-1.020344,-2.554958,17518.172,6.774345,8.823627,25.433384,30.578783,-4.292549,-7.230568,-8.139643,18753.91,6.768501,9.589243,28.3652,34.902267,-4.71674,-7.895987,-9.205107,2085.2917,1.752325,0.371377,0.550557,1.533812,-0.284822,-0.427003,-1.70443,1618.9226,1.557577,0.293756,0.448318,1.476879,-0.247322,-0.402621,-1.537433,19726.105,8.788761,8.073545,16.530474,18.789114,-4.214424,-7.10677,-19.549913,15259.697,7.830887,6.08683,13.305531,15.212908,-3.329266,-5.67155,-15.448973,4251.856,2.736632,2.044247,7.631031,10.964153,-0.968402,-1.575556,-4.070573,4548.079,2.89951,2.064377,7.397201,10.410879,-1.001849,-1.607787,-3.870904,20782.043,8.111063,10.574326,32.271927,38.753345,-4.997858,-7.960982,-11.256801,18320.025,7.743863,8.883618,26.517906,32.083694,-4.289664,-6.777559,-18.208532
1.0,50.0,2743.0793,2.200962,0.527501,0.699781,1.240557,-0.419987,-0.54787,-1.275724,3525.7898,2.628622,0.684404,0.911874,1.621523,-0.542997,-0.725997,-1.556887,16283.075,6.110878,7.081639,16.262293,18.323042,-3.735344,-5.120401,-6.997573,16738.883,5.936878,7.207442,16.574379,18.68735,-3.820617,-5.254397,-6.785985,2409.2776,2.200136,1.215232,4.334698,6.121181,-0.522732,-0.766193,-1.557354,2617.2004,2.264918,1.275095,4.509811,6.519742,-0.57598,-0.846937,-1.535494,17137.262,6.246304,8.717836,25.015266,29.752012,-4.187858,-6.22921,-7.938877,18401.027,6.286019,9.577625,28.175097,34.018684,-4.62021,-6.99589,-9.63999,1737.1782,1.766654,0.302539,0.475894,1.368584,-0.239789,-0.36275,-1.41622,1413.4465,1.609366,0.242199,0.385092,1.303319,-0.207818,-0.331656,-1.359872,18465.855,5.823269,7.892209,16.510998,18.737827,-4.127117,-5.696818,-8.835823,14502.853,5.684769,6.100362,13.728674,15.669539,-3.287689,-4.485306,-6.34142,4169.911,2.792195,1.979887,7.198545,10.329377,-0.922251,-1.498128,-2.63828,4454.0566,2.946703,2.004775,6.885718,9.655816,-0.960628,-1.518197,-2.945623,19947.635,6.146911,10.411822,31.641903,38.20799,-4.85243,-7.780617,-10.875028,17531.88,6.015861,8.67828,25.706703,30.983253,-4.157595,-6.447891,-8.879880
1.0,50.0,3260.8538,2.160498,0.63206,0.833924,1.425323,-0.480923,-0.639658,-1.297842,4190.5947,2.421986,0.835783,1.095921,1.920524,-0.612177,-0.802423,-1.726534,18410.947,6.565234,8.106466,18.612635,20.69546,-4.179067,-5.832913,-7.917112,18889.365,6.375476,8.247745,19.02831,21.027695,-4.258921,-5.969808,-8.333682,2483.3655,2.217491,1.256491,4.524413,6.323525,-0.526482,-0.807573,-1.543406,2733.7996,2.303605,1.343967,4.803818,7.013144,-0.593224,-0.889639,-1.751471,19537.268,6.641627,10.089692,29.277494,34.85604,-4.718287,-6.994064,-9.09849,21113.996,6.724565,11.097345,33.084682,39.93296,-5.173959,-7.920284,-10.468779,1985.1904,1.752292,0.341844,0.493988,1.548409,-0.255326,-0.393341,-1.466111,1641.4609,1.64623,0.272112,0.40534,1.363859,-0.211594,-0.370368,-1.617589,20631.822,6.429543,8.9271,18.742569,21.027357,-4.522072,-6.31569,-9.06599,16365.985,6.352046,6.918865,15.51994,17.551685,-3.637141,-5.029938,-7.291577,4446.9917,2.858843,2.122428,7.77792,11.23744,-0.978653,-1.626069,-3.095735,4774.1655,3.024927,2.177251,7.475906,10.231204,-1.024119,-1.548095,-2.999058,22541.396,6.751314,11.840643,36.17581,43.710484,-5.395923,-8.690498,-12.480534,19826.012,6.558009,9.915426,29.421654,34.921726,-4.648363,-7.165398,-10.858123
1.0,50.0,3049.5889,2.167934,0.581453,0.771639,1.3854,-0.450683,-0.593865,-1.380726,3963.517,2.520362,0.7761,1.019347,1.720068,-0.580013,-0.746637,-1.764654,18319.93,8.184882,7.80197,17.554008,19.488295,-4.037476,-5.644999,-7.624024,18713.125,7.973478,7.926815,18.112028,20.272596,-4.119986,-5.795284,-7.619727,2389.2993,2.197596,1.300255,4.731817,6.698572,-0.526491,-0.80924,-1.665701,2663.1238,2.278898,1.354685,4.811339,6.784416,-0.591515,-0.890762,-1.935794,19074.145,7.402275,9.751465,28.025469,33.522095,-4.553673,-6.868912,-9.257908,20337.08,7.38447,10.75635,32.127087,38.821068,-5.020438,-7.784916,-9.753985,1838.1628,1.762687,0.318888,0.451104,1.375024,-0.23631,-0.390386,-1.493678,1475.3823,1.612354,0.246618,0.374643,1.348445,-0.203864,-0.348129,-1.351422,20956.69,8.837055,8.887049,18.46884,20.898104,-4.438072,-6.277101,-9.821663,16488.525,8.053621,6.741392,14.717077,16.697958,-3.552596,-4.945638,-7.539332,4324.6577,2.949275,2.108738,7.787497,10.963711,-0.94331,-1.492465,-2.835672,4670.142,3.117274,2.11699,7.30288,9.942477,-0.986279,-1.515493,-3.00037,22347.219,8.335315,11.716856,35.795948,43.2809,-5.245222,-8.470182,-12.312673,19869.086,7.980012,9.749163,28.692371,34.521706,-4.5209,-6.894225,-10.013335
1.0,50.0,2864.4607,2.195346,0.546738,0.741953,1.315026,-0.419978,-0.559868,-1.309681,3656.3442,2.52421,0.716762,0.951934,1.573257,-0.537039,-0.698429,-1.582307,18156.678,7.520503,7.945808,18.12038,20.483194,-4.039719,-5.725566,-7.62129,18664.723,7.337567,8.070732,18.52673,21.018642,-4.132415,-5.876056,-7.899817,2574.4941,2.178173,1.413782,5.091552,7.225887,-0.574928,-0.916876,-1.636415,2773.0464,2.239305,1.448185,5.142773,7.254026,-0.627438,-0.977254,-1.896759,19000.309,7.034306,9.973145,28.759607,34.566517,-4.583078,-7.048876,-8.791585,20416.709,7.052816,10.988854,32.737427,39.66705,-5.023302,-8.117097,-10.771708,1703.6013,1.739728,0.296004,0.423327,1.420513,-0.218907,-0.369071,-1.660397,1420.2366,1.617612,0.242002,0.382877,1.459,-0.191338,-0.332334,-1.548753,20685.678,7.958551,8.922034,18.703394,20.526613,-4.424395,-6.240094,-10.594314,16082.323,7.402939,6.741474,14.900705,16.737238,-3.502818,-4.906021,-8.339373,4466.4604,2.839229,2.233408,8.26981,11.600968,-0.990636,-1.69301,-3.065639,4779.6104,3.000176,2.240465,7.834647,10.988235,-1.025594,-1.606148,-2.984979,22118.477,7.770037,11.808317,36.283978,44.09445,-5.234326,-8.756692,-11.294857,19480.498,7.43465,9.818903,29.250303,34.616978,-4.51796,-7.149567,-9.679836
1.0,50.0,3108.101,2.167794,0.583244,0.767411,1.465083,-0.441905,-0.593539,-1.39607,4020.5234,2.450234,0.774097,1.025066,1.956892,-0.570794,-0.73069,-1.782426,18868.738,7.261684,8.311322,18.877647,21.17299,-4.228093,-5.856742,-7.939047,19303.062,7.058782,8.454176,19.32287,21.649572,-4.299024,-5.966147,-8.410344,2496.6538,2.219208,1.32156,4.735557,6.932193,-0.543828,-0.836864,-1.590908,2741.8376,2.299313,1.388651,4.951716,6.834089,-0.60792,-0.894151,-1.867531,19788.844,6.973412,10.348519,29.967297,35.619263,-4.754973,-7.204603,-9.455198,21245.992,7.007432,11.462808,34.070595,40.992985,-5.188364,-7.992999,-10.893381,1823.1687,1.742361,0.310158,0.448027,1.48381,-0.22357,-0.353094,-1.368857,1493.0428,1.630535,0.247167,0.367692,1.277698,-0.189953,-0.327268,-1.642296,21289.336,7.369648,9.26241,19.251022,21.296837,-4.572884,-6.397669,-9.766332,16835.916,7.063553,7.090389,15.654755,17.663025,-3.687009,-5.097802,-7.902103,4437.2163,2.884396,2.186489,7.968036,11.446403,-0.963986,-1.647116,-3.007297,4800.9614,3.06605,2.21694,7.603451,10.509988,-1.027398,-1.640567,-2.994777,23031.572,7.419396,12.281547,37.33456,44.665485,-5.391683,-8.939376,-12.50662,20320.135,7.158428,10.208713,30.056927,35.875122,-4.687292,-7.375795,-10.262809
1.0,50.0,2839.7708,2.152154,0.540019,0.725391,1.317712,-0.416596,-0.565191,-1.254108,3644.1626,2.475634,0.710371,0.946899,1.593128,-0.534979,-0.695529,-1.485485,18332.95,8.0498,7.848349,17.598577,19.887897,-4.034287,-5.70115,-7.707897,18770.176,7.840495,7.93151,17.918442,20.001146,-4.101174,-5.826916,-8.127599,2569.1638,2.214736,1.378168,4.934237,6.837584,-0.569024,-0.868757,-1.926063,2767.2815,2.280818,1.41452,5.000797,7.270643,-0.617987,-0.912141,-1.772996,19123.92,7.304207,9.877374,28.209545,33.553394,-4.586449,-6.842813,-8.766794,20487.895,7.296873,10.809026,31.887087,38.659637,-5.029539,-7.806279,-10.233458,1641.7498,1.712033,0.287782,0.426683,1.408152,-0.212815,-0.351496,-1.547811,1362.0535,1.589216,0.236586,0.364802,1.540249,-0.18595,-0.326217,-1.43652,21013.666,8.713744,8.878975,18.21232,20.214216,-4.432414,-6.468403,-9.735863,16359.987,7.93312,6.69846,14.618662,16.369398,-3.515572,-4.953501,-7.513185,4407.1914,2.899423,2.136996,7.81333,11.111265,-0.961081,-1.577998,-3.125771,4729.441,3.070843,2.176545,7.543633,10.73447,-1.008993,-1.50812,-2.807799,22482.217,8.247258,11.725334,35.398594,42.547832,-5.298472,-8.384877,-12.078799,19863.463,7.901006,9.81118,28.643494,34.769367,-4.563134,-7.12241,-10.022517
1.0,50.0,2928.4817,2.088011,0.557617,0.736976,1.330846,-0.430775,-0.591998,-1.440243,3795.6333,2.339087,0.742545,0.976743,1.599245,-0.553327,-0.714723,-1.660119,18265.686,5.867399,8.068011,18.491095,20.543571,-4.221191,-6.030058,-8.750643,18646.53,5.698754,8.202037,19.044535,21.496168,-4.300843,-6.205804,-7.994203,2478.5378,2.212458,1.240767,4.470598,6.302344,-0.53751,-0.844047,-1.69259,2724.255,2.302454,1.311619,4.613415,6.365568,-0.593577,-0.918454,-1.774499,19490.377,6.129574,10.04403,28.95958,34.308987,-4.77167,-7.24446,-9.056143,20878.615,6.147232,11.050042,33.10211,39.541386,-5.25305,-8.264883,-10.143065,1685.4725,1.659366,0.291473,0.447187,1.384437,-0.224965,-0.350355,-1.711324,1354.9448,1.547705,0.229779,0.349375,1.354467,-0.188923,-0.299613,-1.389474,20311.182,5.580724,8.804663,18.70524,20.435186,-4.57673,-6.47341,-10.413396,16082.561,5.447839,6.845151,15.315082,17.085987,-3.67215,-5.193519,-7.935512,4365.3267,2.797584,2.087212,7.5511,10.943568,-0.981315,-1.603834,-3.046726,4712.0435,2.944583,2.118193,7.194604,9.591924,-1.02159,-1.584499,-3.360775,22309.29,5.98585,11.820856,36.13089,43.217354,-5.494719,-8.721681,-12.327757,19708.11,5.877205,9.853332,28.952715,34.32171,-4.724503,-7.225643,-11.303845
1.0,50.0,2811.5315,2.179531,0.520868,0.713827,1.17216,-0.395651,-0.539136,-1.295747,3629.3784,2.47949,0.69234,0.922747,1.497112,-0.516263,-0.66956,-1.434233,18541.508,7.210342,8.092505,18.393927,20.697393,-4.138365,-5.74821,-8.022392,18975.965,7.037901,8.208301,18.899454,21.467514,-4.215809,-5.928325,-8.162216,2644.3523,2.240325,1.385478,4.95843,7.091233,-0.57566,-0.889204,-1.748208,2842.6409,2.299305,1.434644,5.05663,7.454792,-0.62783,-0.903247,-1.827084,19523.814,6.98583,10.12239,29.056152,34.83971,-4.682481,-7.034245,-9.504222,21094.252,7.073621,11.157877,33.266045,40.469887,-5.181594,-8.063366,-10.679652,1629.0422,1.724404,0.278614,0.423001,1.469381,-0.20017,-0.356173,-1.492795,1365.7083,1.624372,0.227121,0.353272,1.336421,-0.172636,-0.293151,-1.320701,21023.791,7.400133,9.017852,18.873991,20.786028,-4.523071,-6.38223,-9.754456,16463.379,7.058644,6.856437,15.094328,17.275967,-3.593714,-4.977277,-7.500022,4549.1387,2.893029,2.207154,8.045976,11.400394,-0.991834,-1.662716,-3.352741,4870.2363,3.058075,2.221707,7.58962,10.559745,-1.028575,-1.564889,-3.045039,22823.107,7.501526,11.982495,36.441265,44.169064,-5.385947,-8.776882,-12.54323,20033.355,7.199593,9.992991,29.200615,34.92674,-4.611259,-7.136591,-10.567117
1.0,50.0,2851.327,2.112996,0.544488,0.714756,1.393011,-0.410098,-0.572704,-1.291204,3680.999,2.386171,0.723625,0.947297,1.871342,-0.523259,-0.681656,-1.693207,18108.34,5.892645,7.956015,18.410954,20.954134,-4.19401,-5.881846,-8.156676,18469.238,5.723339,8.090971,18.87017,20.985003,-4.263121,-6.050468,-8.628273,2493.5366,2.22446,1.255965,4.484531,6.292055,-0.540919,-0.82574,-1.641994,2720.327,2.297918,1.309889,4.61218,6.529217,-0.599579,-0.896417,-1.959919,19336.041,6.156855,9.932098,28.69429,34.342148,-4.737703,-7.155986,-9.368087,20721.05,6.199851,10.973211,32.85796,39.48456,-5.212694,-8.330064,-10.916674,1613.5901,1.668395,0.281306,0.406679,1.466821,-0.206081,-0.361541,-1.445947,1290.8569,1.54647,0.2214,0.359961,1.268472,-0.177086,-0.317584,-1.623536,20188.877,5.606851,8.709841,18.529602,20.802586,-4.562783,-6.491871,-9.458043,15984.315,5.451072,6.755023,15.211842,17.251427,-3.667132,-5.156627,-7.330379,4354.144,2.810942,2.082639,7.564171,10.575983,-0.964036,-1.544542,-2.887233,4691.932,2.950416,2.109382,7.126071,9.920737,-1.014412,-1.529454,-2.806435,22229.04,6.045601,11.7906,35.95171,43.184376,-5.441004,-8.574706,-11.659232,19594.936,5.897673,9.798408,28.830948,34.30044,-4.673651,-7.226238,-10.417572
1.0,50.0,2628.1707,2.12717,0.487483,0.652388,1.309165,-0.371553,-0.514048,-1.28737,3358.803,2.439149,0.640477,0.852973,1.485319,-0.486956,-0.659175,-1.453631,18413.559,7.136424,7.886086,18.125126,20.416548,-4.114067,-5.904266,-8.708458,18851.904,6.922434,8.014675,18.537926,20.802158,-4.185845,-6.009778,-7.760134,2661.6106,2.19275,1.372587,4.969247,7.030588,-0.582638,-0.95534,-1.74898,2879.2207,2.268058,1.423852,5.0724,7.242459,-0.637989,-1.000882,-1.791852,19380.82,6.916519,9.824165,28.489456,34.012093,-4.656169,-7.316799,-9.070697,20818.271,6.91889,10.760292,32.147114,38.837784,-5.075154,-8.461901,-10.72112,1548.7415,1.695328,0.265316,0.396691,1.420438,-0.194793,-0.314966,-1.570214,1307.583,1.59255,0.218534,0.331876,1.297545,-0.169929,-0.291851,-1.640444,20816.256,7.311541,8.791977,18.424719,20.406404,-4.46547,-6.436449,-8.959491,16258.286,7.001178,6.666508,14.879022,17.303057,-3.5476,-5.062309,-7.12378,4560.3696,2.830288,2.186389,8.055443,11.449352,-1.003416,-1.714811,-3.113932,4897.665,2.996703,2.207315,7.734088,10.943545,-1.043181,-1.688533,-2.80504,22504.865,7.409242,11.586925,35.514957,43.16505,-5.328361,-8.69275,-11.471913,19803.94,7.151358,9.710828,28.863976,34.67078,-4.602095,-7.248814,-10.770293
1.0,50.0,2804.1948,2.055678,0.532442,0.727192,1.262972,-0.414567,-0.579099,-1.336515,3590.9717,2.286899,0.713143,0.942511,1.795131,-0.530947,-0.706982,-1.436475,18521.062,6.406515,8.312223,19.75532,21.055765,-4.214211,-6.016554,-8.825064,18950.707,6.241062,8.469258,20.639978,21.837297,-4.292638,-6.04463,-8.382493,2505.064,2.185902,1.306606,4.698333,6.623393,-0.548822,-0.867746,-1.806169,2717.6375,2.257981,1.360537,4.839251,6.765402,-0.606015,-0.933962,-1.970321,19501.36,6.47619,10.301672,29.704048,35.720356,-4.75926,-7.346446,-11.256581,21003.877,6.5153,11.429628,33.942703,40.71167,-5.214103,-8.365284,-11.193642,1594.2854,1.646039,0.276432,0.417317,1.444849,-0.206313,-0.335342,-1.39629,1334.2231,1.562753,0.223481,0.343871,1.28796,-0.176824,-0.309404,-1.361321,20875.348,6.284046,9.179754,19.674234,32.049103,-4.600994,-6.415402,-9.058262,16481.549,6.158045,7.06761,16.648174,17.714952,-3.673378,-5.173933,-8.055297,4371.2666,2.78614,2.149635,7.793832,10.865239,-0.976375,-1.59274,-3.216957,4697.3286,2.924923,2.188173,7.461382,10.552634,-1.027465,-1.611111,-3.163669,22661.248,6.508652,12.27275,37.18718,44.234745,-5.470491,-8.928033,-12.468837,19955.78,6.370939,10.195595,29.94266,36.083115,-4.717411,-7.413052,-10.872351
1.0,50.0,2111.1814,1.876058,0.42696,0.593018,1.082968,-0.352639,-0.508191,-1.217045,2708.4854,2.231448,0.544606,0.758882,1.409111,-0.437164,-0.582394,-1.34836,17935.432,8.579195,7.415872,16.843662,18.94945,-3.911831,-5.637899,-7.547205,18325.08,8.326305,7.493802,17.192484,19.294825,-3.98493,-5.663765,-7.533254,2772.1084,2.230698,1.454293,5.245201,7.480079,-0.619469,-0.972157,-1.582285,2922.091,2.272897,1.463618,5.195554,7.325147,-0.65685,-1.028126,-1.798975,18671.697,7.651983,9.342192,26.80852,32.0355,-4.431543,-6.865325,-8.739842,19929.24,7.591894,10.174152,30.216274,36.683357,-4.868914,-7.630902,-10.353263,1232.1418,1.51606,0.228074,0.359047,1.576328,-0.185457,-0.318479,-1.659911,964.0178,1.378801,0.182009,0.298127,1.26841,-0.174191,-0.305283,-1.235329,20757.793,10.062725,8.460412,17.520166,19.422861,-4.319414,-6.078054,-8.743367,15967.655,8.688231,6.323055,13.792498,15.603305,-3.390978,-4.797485,-6.763988,4524.795,2.937919,2.158607,8.026049,11.219689,-0.98011,-1.657152,-3.104391,4885.2207,3.132629,2.180488,7.689738,10.510566,-1.01706,-1.675614,-3.188182,22052.336,9.20103,11.161328,34.31924,41.429554,-5.113561,-8.398297,-12.039464,19470.95,8.77572,9.346342,27.763578,33.377823,-4.407103,-6.962574,-9.297171
1.0,50.0,2113.2998,1.923943,0.425074,0.609276,1.109495,-0.344656,-0.463443,-1.172985,2711.7563,2.293387,0.537001,0.757349,1.420886,-0.431854,-0.590532,-1.475706,17950.383,8.472011,7.538056,17.038519,19.173609,-3.916443,-5.546298,-8.033881,18316.389,8.239448,7.608202,17.357561,19.553726,-3.971525,-5.579255,-7.455225,2691.9749,2.204779,1.438626,5.150386,7.397302,-0.598514,-0.930072,-1.947116,2846.031,2.248317,1.453421,5.207026,7.434762,-0.640782,-1.012997,-1.824231,18574.822,7.472107,9.468911,27.276152,32.353004,-4.440023,-6.921855,-8.982945,19808.58,7.397492,10.329846,30.64614,37.061584,-4.82778,-7.754024,-9.991258,1220.0193,1.551294,0.222078,0.373899,1.493758,-0.180488,-0.325958,-1.481272,962.7297,1.414787,0.181441,0.3161,1.341979,-0.163002,-0.303913,-1.522896,20804.957,9.858799,8.576597,17.701094,19.543428,-4.324234,-6.069045,-9.296202,16042.751,8.557899,6.424001,13.976076,15.918983,-3.406414,-4.773252,-6.970862,4435.885,2.89642,2.148778,7.958441,11.2779,-0.956572,-1.575062,-3.562789,4763.338,3.06081,2.183943,7.626853,10.803781,-1.009634,-1.596283,-2.89964,22046.893,8.899451,11.344861,34.369278,42.130196,-5.083227,-8.243464,-11.322246,19455.31,8.536734,9.499519,27.917696,34.028645,-4.421453,-6.906606,-9.940765
1.0,50.0,2651.2205,2.041875,0.513789,0.692423,1.423942,-0.385218,-0.534693,-1.275868,3417.5156,2.320999,0.671246,0.906658,1.606664,-0.497274,-0.662609,-1.525764,19419.412,7.42326,8.445812,19.182592,21.3774,-4.312787,-6.205445,-9.084433,19769.521,7.259566,8.57379,19.784458,22.551582,-4.370638,-6.265203,-8.885355,2684.9675,2.209414,1.442386,5.209371,7.436491,-0.593174,-0.962557,-1.856495,2889.0906,2.263529,1.463496,5.15933,7.349715,-0.64026,-0.997003,-1.938607,20349.793,7.009618,10.536778,30.35399,36.20878,-4.89417,-7.494239,-9.577371,21781.512,7.057271,11.664626,34.942677,42.14592,-5.347639,-8.67943,-11.821034,1496.842,1.626597,0.266744,0.425317,1.515637,-0.193576,-0.328386,-1.545224,1243.3435,1.528636,0.21541,0.339844,1.372965,-0.170196,-0.307339,-1.826055,21959.701,7.778979,9.478524,19.940317,22.166595,-4.695262,-6.684471,-10.883393,17140.723,7.299975,7.141084,15.729475,17.779026,-3.724902,-5.223816,-9.060493,4585.9272,2.856413,2.272241,8.390579,12.328283,-1.002634,-1.751017,-3.556134,4962.599,3.014669,2.28026,7.886584,11.309174,-1.053006,-1.652606,-3.621809,23655.166,7.71523,12.573055,38.92156,47.087563,-5.59645,-9.395877,-12.995388,20919.463,7.35503,10.432453,30.981504,37.373417,-4.840699,-7.607929,-11.496294
1.0,50.0,2744.5056,2.008044,0.527483,0.746605,1.280331,-0.405237,-0.56734,-1.378559,3528.6582,2.26276,0.699962,0.942427,1.647541,-0.521108,-0.71497,-1.807533,20040.674,7.593189,8.636879,19.685131,21.881134,-4.524308,-6.388521,-8.516045,20467.73,7.426057,8.802191,20.529207,22.761793,-4.586928,-6.500222,-9.20356,2691.866,2.234616,1.412204,5.151055,7.478211,-0.608991,-0.914482,-1.759125,2908.4292,2.290939,1.434986,5.081273,7.13058,-0.669649,-0.991691,-1.930889,21027.287,7.138111,10.74045,31.014395,37.33024,-5.128428,-7.790048,-9.918593,22533.973,7.203036,11.945481,36.023266,43.83046,-5.640693,-8.830695,-11.445641,1528.3582,1.611343,0.274956,0.435927,1.465117,-0.206023,-0.360179,-1.517386,1256.3591,1.517513,0.214913,0.344403,1.452839,-0.179237,-0.333956,-1.596063,22668.062,7.927317,9.713539,20.588413,23.287828,-4.906542,-7.015892,-10.703608,17805.574,7.440488,7.324682,16.10868,18.434584,-3.91881,-5.50414,-8.132924,4662.803,2.918492,2.262307,8.398656,12.038844,-1.042521,-1.709941,-3.552547,5053.8237,3.073793,2.258473,7.820074,10.760604,-1.101165,-1.70517,-3.529012,24505.408,7.835337,12.903182,40.200546,48.83874,-5.861887,-9.43198,-13.349069,21676.885,7.463729,10.672051,31.68685,37.783108,-5.057376,-7.563339,-11.483829
1.0,50.0,2599.2014,2.016822,0.501713,0.685274,1.404525,-0.387949,-0.521298,-1.419784,3399.6758,2.260861,0.678348,0.917836,1.598977,-0.509448,-0.670592,-1.651089,18630.855,6.218138,8.246409,18.708338,20.862888,-4.234524,-6.068995,-8.772077,18966.879,6.043075,8.42592,19.67023,22.0307,-4.333967,-6.254168,-8.699981,2618.7356,2.21193,1.330842,4.805756,6.900914,-0.574822,-0.948229,-1.790313,2828.2168,2.279117,1.370619,4.784666,6.890315,-0.617508,-0.973177,-1.890913,19704.61,6.363263,10.193222,29.083445,34.347088,-4.771739,-7.391174,-9.2381,21191.486,6.446249,11.368989,34.02278,41.10633,-5.313723,-8.652971,-11.078597,1504.9534,1.615191,0.266835,0.431766,1.406218,-0.201804,-0.347861,-1.603473,1243.8689,1.538664,0.213354,0.365775,1.643714,-0.17298,-0.318408,-1.574818,20658.709,6.019092,9.02348,19.164291,21.668146,-4.603445,-6.538607,-11.564937,16472.45,5.889813,6.983843,15.344882,17.419083,-3.676403,-5.282823,-7.927744,4523.825,2.797446,2.201189,8.054118,11.78296,-1.032597,-1.713722,-3.378426,4912.0303,2.95903,2.202336,7.403896,10.759798,-1.062686,-1.72086,-3.495026,22631.164,6.319688,12.095572,36.992104,44.30974,-5.548837,-9.198068,-12.82496,20032.828,6.155543,9.997833,29.07306,34.88713,-4.732006,-7.364115,-10.538825
1.0,50.0,2159.7034,1.972708,0.417954,0.592546,1.208503,-0.334659,-0.503925,-1.319368,2817.3987,2.289762,0.554044,0.758727,1.44097,-0.435714,-0.58041,-1.447119,17380.625,5.683644,7.453677,16.906288,19.13856,-4.014361,-5.698306,-7.816752,17617.521,5.519339,7.583056,17.647486,20.01785,-4.062354,-5.769628,-8.112841,2617.413,2.258526,1.268251,4.50565,6.648082,-0.561664,-0.884171,-1.877684,2810.4778,2.319432,1.303558,4.471502,6.588433,-0.609974,-0.945085,-1.925217,18451.336,6.024224,9.205276,26.06261,30.74264,-4.499818,-6.942931,-8.681129,19726.564,6.071808,10.208658,30.08942,35.962376,-4.917765,-7.904128,-10.32844,1267.0388,1.572352,0.226979,0.363649,1.511247,-0.183647,-0.327346,-1.666201,1011.1604,1.462894,0.182324,0.305297,1.514422,-0.162532,-0.31444,-1.560121,19420.986,5.426525,8.238521,17.437536,19.55132,-4.372606,-6.181641,-9.8135,15361.545,5.208996,6.351452,13.991807,16.186762,-3.507361,-4.859202,-7.377924,4342.21,2.794004,2.014571,7.267832,10.709181,-0.963724,-1.615793,-3.195169,4683.1665,2.932466,2.025529,6.720337,9.523654,-1.003941,-1.588116,-3.314387,21330.703,5.849499,11.078826,33.415478,40.073933,-5.222981,-8.638331,-12.637277,18898.818,5.74257,9.175869,26.439747,31.239916,-4.505307,-6.985314,-12.172933
1.0,225.0,8098.6465,3.618654,1.688715,2.154967,3.170497,-1.343017,-1.727721,-3.147363,9513.169,3.978814,2.088076,2.716443,3.866123,-1.53492,-1.996948,-3.822889,44890.28,14.457738,17.780182,40.544827,45.75008,-11.211186,-16.452105,-24.322428,45627.016,13.96903,18.238008,41.93937,46.968033,-11.414907,-16.745829,-24.889444,4254.3457,3.21724,1.72521,5.616585,8.031342,-0.955667,-1.507275,-2.483085,4799.8916,3.382058,1.931081,6.026828,8.379657,-1.099087,-1.641318,-2.912906,45730.84,13.898019,19.979149,54.783417,65.00828,-11.988083,-19.091885,-25.546947,49503.13,14.169867,22.291965,62.643623,75.87882,-13.431542,-22.62285,-38.544548,4903.55,2.678333,0.879977,1.135269,2.323419,-0.695697,-1.008291,-2.76893,3762.7178,2.396863,0.655211,0.879182,1.981074,-0.497134,-0.694548,-2.023764,48638.9,13.95056,19.250748,43.336975,49.06861,-11.71912,-17.18565,-29.171047,40644.434,13.840472,15.25264,32.58826,36.58734,-9.833189,-14.252433,-23.049252,9214.763,4.888677,3.584421,10.942114,15.277402,-2.263014,-4.026396,-6.393293,10008.413,5.225822,3.707654,10.606505,14.867867,-2.37269,-3.750323,-6.033429,51990.457,14.221424,23.549019,70.18296,85.37058,-13.49823,-23.546856,-32.91608,46436.023,13.797584,19.846891,55.993576,67.612076,-11.821207,-19.146748,-28.457706
1.0,225.0,6714.5757,3.877304,1.471133,1.898925,2.846015,-1.190549,-1.562552,-2.78674,8246.683,4.551907,1.807887,2.352363,3.343441,-1.406299,-1.857416,-3.282746,40630.543,12.779685,15.809136,35.481606,39.849144,-10.178023,-14.711699,-24.798424,41353.31,12.433927,16.168167,36.515335,41.36521,-10.371642,-15.112557,-22.40459,4995.938,3.235418,2.076948,6.509712,9.14022,-1.156955,-1.76067,-2.970817,5455.128,3.390394,2.158023,6.59016,9.21853,-1.265796,-1.906033,-3.595592,41115.848,12.515744,17.602957,46.98477,55.213093,-10.786026,-16.935907,-21.671576,44458.668,12.749678,19.621574,53.41423,63.541214,-12.032517,-19.642221,-27.840755,4541.8657,2.857571,0.829035,1.083799,2.338791,-0.675552,-0.95483,-2.744584,3724.626,2.587296,0.659938,0.901002,2.175593,-0.519797,-0.728371,-2.323348,45074.08,12.244548,17.531431,38.865612,44.04847,-10.958328,-15.939974,-26.038464,36628.24,12.063252,13.520455,28.593414,31.99962,-8.940478,-12.716843,-19.237654,9109.5205,4.590326,3.53754,10.851218,14.870799,-2.230461,-3.869047,-6.324825,9689.726,4.838333,3.592356,10.444547,14.196712,-2.292065,-3.65017,-6.582839,47510.83,12.411175,21.14362,62.103523,76.00356,-12.419858,-20.853964,-35.33587,42269.934,12.15755,17.778667,49.663868,60.145504,-10.835282,-17.437162,-24.505971
1.0,225.0,6439.0474,3.714172,1.465503,1.858646,2.601285,-1.208421,-1.611035,-2.699002,7606.339,4.532737,1.705832,2.202984,3.109347,-1.369915,-1.764002,-2.840353,40753.457,17.475313,15.522552,34.2733,38.414944,-10.002701,-14.807465,-19.342655,41452.3,16.862858,15.791156,34.688953,38.915443,-10.199137,-15.229934,-20.064238,5192.5435,3.275576,2.210315,6.876283,9.574049,-1.206337,-1.939553,-3.053246,5603.88,3.408248,2.253494,6.929224,9.466324,-1.303875,-2.010276,-2.951941,40913.184,14.831719,17.418186,46.146664,54.66735,-10.607049,-17.392822,-22.386864,44149.62,14.791311,19.168848,51.551483,61.50138,-11.799496,-20.354383,-26.712877,4227.3423,2.777977,0.802921,1.043117,2.125076,-0.665199,-0.905132,-2.629061,3581.2786,2.435431,0.664527,0.890322,1.942421,-0.558869,-0.772405,-1.945481,46267.81,20.032763,17.896456,38.780632,42.712524,-10.941333,-16.320665,-25.693192,36793.63,17.68274,13.488973,27.85189,31.32978,-8.792456,-12.827308,-19.891115,9176.732,4.862475,3.503548,10.836899,14.850792,-2.214147,-3.930522,-6.421512,9736.569,5.174491,3.583724,10.572834,14.169867,-2.261734,-3.696147,-5.99046,48327.36,17.674095,21.19957,62.17615,76.01365,-12.467431,-21.647932,-29.907808,42796.492,16.969997,17.893492,50.536987,61.17555,-10.841926,-17.948364,-23.094781
1.0,225.0,6355.335,3.872118,1.379079,1.79902,2.458611,-1.140921,-1.527373,-2.43744,7674.2705,4.637124,1.663727,2.134646,3.059268,-1.333185,-1.746041,-3.063269,39653.2,11.614527,15.025264,33.191216,37.184086,-10.032559,-14.799447,-20.155167,40117.273,11.234879,15.270398,34.09762,38.900352,-10.210675,-15.262695,-20.964655,5023.793,3.342692,2.021201,6.197207,8.702719,-1.161571,-1.809375,-2.795765,5462.2817,3.478854,2.091003,6.201785,8.506918,-1.267081,-1.955854,-2.943351,40188.727,11.748159,16.85777,43.83932,51.712795,-10.666692,-16.936981,-21.539083,43283.29,11.942863,18.59392,49.508,58.94524,-11.895033,-20.092754,-28.730549,4085.3816,2.762229,0.749196,0.986372,2.126435,-0.622793,-0.884044,-2.419654,3379.0142,2.475257,0.610741,0.802013,1.877813,-0.500481,-0.754649,-2.159825,44095.69,10.904582,16.833717,36.73857,41.636925,-10.889232,-15.987164,-30.42705,35889.99,10.518538,12.961062,27.044418,31.128925,-8.881962,-12.892562,-20.172016,8913.73,4.644861,3.356723,10.139083,13.946337,-2.21272,-3.782402,-6.828572,9519.69,4.874651,3.442289,9.727908,12.817118,-2.267254,-3.547971,-5.977919,46780.957,11.424748,20.474669,59.06997,71.42604,-12.530702,-20.952436,-28.640093,41756.215,11.316282,17.245588,47.13575,56.484585,-10.870882,-17.112743,-25.995680
1.0,225.0,7970.3584,3.833321,1.678558,2.144567,3.101898,-1.340141,-1.724929,-3.363091,9388.293,4.124405,2.072226,2.725026,3.61601,-1.554749,-2.052858,-3.795925,44623.258,12.875515,17.544502,39.693943,44.366497,-11.198706,-16.389677,-23.906544,45407.773,12.532585,17.997295,40.80228,46.288296,-11.355505,-16.757551,-24.29434,5020.8125,3.291857,2.088385,6.526772,9.116146,-1.137229,-1.82275,-2.886916,5477.6025,3.443475,2.185489,6.621736,9.398926,-1.272198,-1.919104,-3.173309,45428.92,12.600271,19.719717,53.068356,63.408703,-11.948876,-18.705204,-24.976427,49174.37,12.859958,22.034761,60.464703,73.05315,-13.27204,-22.45752,-32.197056,4711.383,2.738199,0.864099,1.126586,2.316903,-0.692973,-1.004151,-3.241914,3680.9006,2.456767,0.647008,0.836602,2.022764,-0.499586,-0.750022,-2.494408,49002.957,12.213715,19.205334,42.664192,48.39525,-11.829857,-17.226189,-32.011303,40028.754,12.082488,14.971499,31.87644,36.111652,-9.77893,-14.039251,-22.81114,9372.146,4.679355,3.679515,11.152119,15.758033,-2.294752,-3.926997,-6.892487,10061.026,4.958953,3.774872,10.875802,14.515963,-2.3829,-3.7595,-6.689544,52140.83,12.393135,23.485916,68.87109,82.99927,-13.690589,-23.398003,-33.034912,46295.7,12.115837,19.689215,55.247517,66.91375,-11.92121,-19.182215,-29.542337
1.0,225.0,8072.455,4.115029,1.713114,2.237134,3.40577,-1.355992,-1.779441,-3.106637,9405.734,4.573121,2.073339,2.687955,4.149305,-1.57348,-2.044823,-3.574448,44008.69,16.477781,17.019848,38.212296,43.028835,-10.84642,-16.026443,-24.501812,44727.6,15.98807,17.391495,39.01463,43.93651,-11.034638,-16.409163,-24.053745,4937.019,3.288636,2.109066,6.5975,9.398002,-1.128677,-1.762699,-2.767639,5453.4883,3.454314,2.190439,6.680557,9.481691,-1.256481,-1.882638,-3.306421,44440.777,14.342655,18.994158,51.443806,60.89325,-11.555093,-18.177921,-24.120089,47907.316,14.514153,21.00886,58.056927,69.97631,-12.861077,-21.394388,-29.40192,4737.377,2.910278,0.875017,1.126182,2.293468,-0.702682,-1.029727,-2.671448,3711.3533,2.532727,0.669162,0.90143,2.016963,-0.517643,-0.771115,-2.000293,49247.418,17.371437,19.175392,42.675903,47.72887,-11.66769,-17.014093,-30.777044,40101.63,16.341425,14.758207,31.133968,35.024685,-9.58276,-14.037613,-22.098045,9222.3125,4.895547,3.559601,10.947327,15.190793,-2.234631,-3.830166,-6.131718,9859.59,5.16605,3.642562,10.617271,14.465082,-2.298591,-3.635544,-6.322533,52138.055,16.095345,23.061785,68.25414,83.38533,-13.455491,-22.892492,-34.618465,46294.363,15.388521,19.40373,54.981373,66.15451,-11.704153,-18.820118,-28.687440
1.0,225.0,7194.9565,3.973863,1.627209,2.155621,3.067306,-1.243201,-1.648911,-3.206041,8810.991,4.601737,1.978408,2.596942,3.425457,-1.487821,-1.958239,-3.609779,44232.906,15.408874,17.247274,38.37487,43.271076,-10.920901,-16.087511,-22.676016,44848.89,14.939261,17.594582,39.230686,43.98081,-11.099715,-16.550777,-26.043219,5268.649,3.297547,2.267707,7.005277,9.893054,-1.210632,-1.929864,-3.182139,5759.0137,3.449612,2.334466,7.045797,9.7948,-1.331563,-2.008114,-3.668477,44798.28,13.923943,19.414013,51.830563,61.315357,-11.637975,-18.40673,-25.886452,48090.445,14.056943,21.51578,58.646732,70.60483,-12.944505,-21.594965,-30.560703,4598.222,2.936402,0.856523,1.154066,2.407184,-0.689501,-0.984011,-2.558869,3722.1262,2.615682,0.669794,0.94721,2.657221,-0.520484,-0.742112,-2.21356,48982.086,15.8489,19.218538,42.38091,47.553696,-11.69151,-17.483532,-28.143064,39559.92,15.238197,14.687657,30.72556,34.85805,-9.50775,-13.912325,-23.65368,9553.206,4.796148,3.753391,11.442709,16.428757,-2.331498,-4.092408,-6.887914,10242.337,5.079491,3.846381,11.14347,15.111186,-2.392868,-3.804545,-6.47031,51665.24,15.217405,23.124537,67.99992,83.10405,-13.411741,-22.586624,-33.65092,45938.527,14.622638,19.481806,54.657963,65.98297,-11.649719,-18.609642,-29.406103
1.0,225.0,8063.7124,4.012301,1.699865,2.17043,2.998208,-1.34341,-1.730535,-3.279313,9450.193,4.293082,2.09031,2.715642,3.713124,-1.562377,-2.017904,-3.81413,45399.64,14.508265,17.8421,40.436638,46.20627,-11.238195,-16.710585,-24.451777,46101.035,14.138174,18.202665,41.506256,46.956985,-11.442433,-16.943342,-23.001366,5014.118,3.303536,2.106966,6.647119,9.119849,-1.143142,-1.81936,-3.017923,5511.157,3.45257,2.215382,6.797081,9.418155,-1.269502,-1.936025,-3.308147,46054.074,13.463799,19.929844,54.41049,64.88047,-11.972602,-18.98366,-23.99926,49576.387,13.644056,22.109268,61.64731,74.39807,-13.420615,-22.134823,-31.319979,4735.396,2.857919,0.872032,1.149278,2.623771,-0.696799,-1.007443,-2.618992,3691.3313,2.548636,0.655502,0.89166,2.320943,-0.501417,-0.813257,-2.287962,49999.777,14.317274,19.567976,43.87084,49.7307,-11.922878,-17.469185,-32.14764,41036.523,14.074818,15.318264,32.610283,36.647186,-9.879012,-14.496355,-21.678425,9416.696,4.801807,3.676881,11.267204,15.685882,-2.312684,-4.011096,-6.603561,10127.846,5.085993,3.771658,10.894713,14.77792,-2.388103,-3.757243,-6.155363,53167.977,14.141927,23.837397,70.89198,85.10071,-13.885517,-23.302673,-36.456924,47287.44,13.651851,20.049294,56.652573,68.08217,-12.035333,-19.06152,-28.580764
1.0,225.0,7710.7866,4.154924,1.690099,2.194369,2.862279,-1.320402,-1.697104,-2.878558,9262.285,4.739084,2.052362,2.660673,3.531247,-1.552342,-2.033262,-3.287528,43835.355,16.219378,17.031197,37.992027,42.68261,-10.727386,-15.685954,-23.43811,44425.78,15.755058,17.376839,38.683575,44.10654,-10.895157,-16.189648,-23.700508,5173.566,3.321982,2.210027,6.829785,9.64289,-1.172308,-1.878844,-3.203176,5603.003,3.451497,2.256668,6.842939,9.416559,-1.287913,-1.938083,-3.232373,44142.324,14.142114,19.042871,51.064102,60.62198,-11.411882,-18.111994,-23.787054,47660.613,14.323067,21.129519,57.94193,68.68107,-12.628682,-21.173784,-28.941868,4712.833,3.004616,0.872415,1.141295,2.473914,-0.708876,-1.018847,-2.853043,3738.3962,2.62153,0.672828,0.915985,2.050258,-0.523135,-0.751874,-2.330836,49029.3,17.174316,19.211317,42.273296,47.338394,-11.536347,-16.907076,-26.088066,39631.387,16.036179,14.66231,30.719772,34.723503,-9.423213,-13.415463,-24.038708,9299.128,4.836007,3.617438,11.033061,15.010897,-2.227001,-3.966313,-6.391622,9936.95,5.120875,3.68776,10.71468,14.454777,-2.300327,-3.765708,-6.785191,51678.074,15.927768,23.047413,67.772354,82.04764,-13.245625,-23.097116,-35.915413,45905.793,15.196152,19.373613,54.44602,65.38335,-11.537824,-18.856218,-29.533778
1.0,225.0,7655.025,3.770508,1.602413,2.053709,3.043048,-1.287749,-1.656134,-2.903731,9131.288,4.066064,1.988694,2.564449,3.537591,-1.503909,-1.981549,-3.843018,43979.02,10.953442,17.146341,38.772053,44.553654,-10.993219,-16.36528,-25.510403,44643.1,10.623374,17.468536,39.944332,45.478558,-11.192461,-16.752167,-24.060165,4926.9507,3.276855,2.007453,6.214318,8.592562,-1.100434,-1.759547,-3.09278,5378.009,3.421404,2.115763,6.327596,8.739502,-1.210894,-1.8749,-3.302107,45068.95,11.358818,19.4261,52.18644,61.76416,-11.739717,-18.779943,-25.324183,48638.25,11.519342,21.577099,59.12588,70.34291,-13.050002,-22.281033,-31.452133,4494.8774,2.645212,0.824118,1.081755,2.449392,-0.680281,-0.995028,-2.681936,3477.4639,2.36905,0.614447,0.824763,2.577886,-0.48472,-0.705912,-2.079472,48254.09,10.378938,18.810684,41.826717,47.3906,-11.645093,-16.983074,-30.203903,39621.152,9.982283,14.645851,31.360477,35.679302,-9.687404,-14.040046,-23.96527,9173.71,4.561592,3.560042,10.67558,14.694085,-2.233765,-3.899789,-6.102741,9860.103,4.789746,3.65653,10.380079,13.811815,-2.305488,-3.700079,-6.472411,51729.66,10.978971,23.301592,67.672005,81.81526,-13.541966,-23.208593,-36.17296,45998.79,10.785572,19.515066,54.16974,64.82906,-11.749142,-19.060486,-29.358638
1.0,225.0,7345.537,4.020728,1.608122,2.068601,2.859809,-1.267586,-1.644774,-3.099127,9081.759,4.566071,2.001617,2.594124,3.495977,-1.501833,-1.966663,-3.434063,44533.887,14.178793,17.328726,38.906193,43.71584,-10.98136,-16.00629,-22.578854,45092.543,13.741592,17.68434,39.701523,44.950104,-11.16628,-16.564571,-24.467249,5204.0737,3.273775,2.17732,6.796091,9.444115,-1.188046,-1.859176,-2.966282,5682.079,3.43125,2.25785,6.912805,9.552953,-1.304443,-1.969258,-3.312589,45071.418,13.198866,19.415344,52.371735,62.008278,-11.694753,-18.638638,-24.497663,48756.22,13.382023,21.525484,59.0102,70.91027,-13.069659,-21.903755,-30.673737,4630.9946,2.962547,0.854057,1.110634,2.466682,-0.67983,-0.988434,-2.616411,3681.5776,2.653255,0.651875,0.873454,2.199874,-0.500693,-0.695837,-2.193721,49179.766,14.153823,19.125126,42.466457,47.301743,-11.710782,-16.880314,-26.70564,40090.824,13.935131,14.80104,31.331726,35.005466,-9.597835,-13.678575,-22.335365,9487.678,4.698258,3.674305,11.183713,15.36066,-2.310255,-3.926584,-6.285903,10169.271,4.998324,3.760995,10.911178,14.965059,-2.373451,-3.786494,-6.105796,52276.86,13.994771,23.134752,67.65434,82.580894,-13.523354,-22.826496,-35.72813,46274.11,13.537845,19.464424,54.594257,65.64134,-11.715269,-18.833748,-27.020252
1.0,225.0,7619.25,3.897888,1.617776,2.070791,2.889008,-1.286437,-1.638232,-2.731253,9097.202,4.286151,1.991716,2.566572,3.506766,-1.486925,-1.929614,-3.491065,43787.418,11.116403,16.823961,37.84581,42.533035,-10.954881,-15.883992,-22.450418,44312.69,10.765059,17.184715,38.88122,43.86662,-11.130198,-16.237473,-23.196243,4945.658,3.300331,2.000377,6.129677,8.37112,-1.114144,-1.707175,-2.734155,5434.839,3.455048,2.097898,6.263412,8.66489,-1.233953,-1.836441,-3.209862,44874.445,11.493461,19.100655,50.685356,60.22396,-11.682869,-18.371656,-24.508596,48280.3,11.615231,21.1512,57.454723,68.32036,-13.006275,-21.129087,-29.509743,4462.651,2.739349,0.814621,1.085608,2.318769,-0.662458,-0.985329,-2.403536,3464.208,2.429325,0.612717,0.810886,1.911548,-0.479931,-0.700449,-2.551153,48050.36,10.553284,18.589033,40.986805,45.385223,-11.652469,-16.490934,-29.365742,39534.277,10.206101,14.435879,30.691912,34.484596,-9.660445,-13.724726,-19.871948,9178.37,4.594599,3.506831,10.450416,14.266962,-2.224762,-3.841221,-6.090208,9864.204,4.844642,3.613844,10.169102,13.465224,-2.316196,-3.664777,-6.501156,51632.797,11.16934,22.94297,66.280075,80.59868,-13.461521,-22.577902,-34.187794,45965.793,11.02717,19.264757,53.04727,63.727257,-11.725745,-18.99443,-28.551075
1.0,225.0,6954.837,3.965458,1.535785,1.999704,2.989437,-1.202105,-1.563959,-2.797418,8713.756,4.629071,1.904942,2.481089,3.289023,-1.467785,-1.903585,-3.311408,43629.37,14.172148,17.20275,38.522217,43.600857,-10.794052,-15.830368,-23.265305,44310.168,13.761384,17.604073,39.580982,44.53917,-11.025192,-16.45509,-25.791267,5241.5693,3.241102,2.247892,7.006785,9.722903,-1.212275,-1.978377,-3.054261,5722.6133,3.393804,2.325193,7.004661,9.939315,-1.322934,-2.079219,-3.32795,44122.508,13.182306,19.21984,51.37036,60.941647,-11.469366,-18.567963,-25.82837,47459.555,13.302191,21.41238,58.395348,70.091064,-12.765963,-21.921701,-32.11228,4584.546,2.951698,0.842702,1.097056,2.125526,-0.684259,-0.980771,-2.587432,3688.2068,2.639541,0.662168,0.928711,2.025753,-0.518913,-0.754797,-2.105244,47979.0,14.182154,18.93705,42.0271,48.184124,-11.522453,-16.912062,-27.179089,39093.348,13.969761,14.602082,30.872463,34.452885,-9.395405,-13.803962,-22.949652,9485.982,4.644504,3.761616,11.444504,15.856411,-2.320367,-4.158266,-6.65227,10173.598,4.950577,3.830848,11.064229,14.397725,-2.383054,-3.924913,-5.834802,50768.94,14.024567,22.883232,67.41422,82.0555,-13.252933,-23.248032,-34.35138,45239.586,13.528313,19.22336,53.944893,64.680756,-11.511787,-19.239729,-29.683697
1.0,225.0,7637.5815,3.831499,1.635636,2.083181,2.936149,-1.292138,-1.649818,-3.1493,9214.571,4.179544,2.029949,2.64843,3.423115,-1.526409,-1.980069,-3.785147,44373.28,12.600641,17.19776,39.089764,43.95254,-11.00333,-16.09463,-23.862448,44953.727,12.210951,17.612814,40.101818,45.009346,-11.222383,-16.624329,-23.180744,5032.879,3.299904,2.072428,6.484132,8.963818,-1.142695,-1.833084,-2.835105,5519.272,3.469044,2.168913,6.545889,8.993627,-1.251735,-1.919592,-3.179976,45090.293,12.39149,19.29968,51.949238,61.89498,-11.692516,-18.36888,-25.270414,48479.574,12.573837,21.431026,58.98248,71.50669,-13.067343,-21.845367,-32.189972,4637.408,2.766048,0.845848,1.126262,2.678047,-0.693847,-0.961353,-2.478093,3596.9927,2.475842,0.632959,0.843977,2.268088,-0.493876,-0.711158,-2.162432,48656.06,11.839297,18.82471,41.82757,47.267662,-11.719136,-17.43631,-28.719193,40095.65,11.740909,14.720695,31.429981,35.47708,-9.676218,-13.975761,-23.296251,9274.1045,4.674439,3.596665,10.811779,15.015856,-2.282426,-3.940367,-6.591178,10010.285,4.958107,3.70321,10.614969,14.826118,-2.346804,-3.743321,-6.598533,51889.95,12.115181,23.13739,67.57927,81.77334,-13.59497,-23.074038,-37.616695,46287.33,11.935482,19.444016,54.11418,65.0656,-11.825966,-18.88217,-30.188092
1.0,225.0,6196.2407,3.681313,1.444538,1.861638,2.731605,-1.163533,-1.577396,-2.944067,7467.619,4.529995,1.686258,2.219673,3.171522,-1.351913,-1.804273,-3.28168,41563.523,16.97342,15.85736,34.60578,39.21593,-10.256548,-15.310335,-22.876696,42140.42,16.40041,16.170732,35.58966,40.789127,-10.439793,-15.55801,-21.942204,5377.664,3.266781,2.307785,7.145676,10.145702,-1.269975,-2.071348,-3.214716,5772.357,3.389832,2.311219,6.948109,9.515488,-1.358565,-2.086216,-3.450392,41770.79,14.46988,17.769154,46.723495,60.61944,-10.87445,-17.549404,-22.37516,44838.324,14.477222,19.663786,52.85621,67.715225,-12.107531,-21.204174,-29.636711,4185.9087,2.760366,0.789554,1.054525,2.15288,-0.66971,-0.938509,-2.564825,3514.2632,2.425224,0.657763,0.87248,2.288944,-0.561999,-0.764868,-2.394749,46875.793,19.343597,18.24059,39.571804,43.94548,-11.178765,-16.427303,-27.94459,37535.844,17.277704,13.676771,27.809689,31.185902,-8.964915,-13.054203,-19.603304,9277.053,4.810301,3.582768,11.074698,15.775523,-2.268193,-3.996723,-6.63009,9916.233,5.097787,3.641773,10.580776,14.519109,-2.315479,-3.763772,-5.993315,49117.043,17.269957,21.615396,64.02122,76.886154,-12.791479,-22.850973,-35.067753,43642.05,16.486013,18.152637,51.23267,61.929974,-11.051504,-18.2375,-26.493448
1.0,225.0,6550.0503,3.962714,1.456308,1.870651,2.626173,-1.209198,-1.591127,-2.607604,7552.2163,4.737064,1.670534,2.159208,3.141201,-1.351139,-1.788587,-3.127426,41905.35,17.444752,15.970728,35.078045,39.51886,-10.3187,-15.03401,-23.362003,42634.56,16.926674,16.241287,35.65067,40.083168,-10.499625,-15.553955,-22.14307,5325.7954,3.303905,2.258804,6.977304,9.700491,-1.251778,-1.989099,-2.940111,5725.376,3.436333,2.284439,6.928512,9.651026,-1.343443,-2.017551,-3.428552,41907.414,14.683549,17.810387,46.92948,55.60617,-10.906431,-17.266245,-21.932716,45074.867,14.657277,19.660645,52.67886,62.709118,-12.173789,-20.150843,-28.248602,4090.0205,2.855696,0.76963,1.026469,2.399779,-0.652281,-0.901105,-2.525857,3459.2068,2.530094,0.644209,0.872148,2.073474,-0.541053,-0.787695,-2.254414,47404.105,19.944294,18.24559,39.448048,44.292973,-11.211757,-16.270994,-25.636196,37896.074,17.684671,13.802975,28.201027,31.607693,-9.05106,-13.126016,-20.182816,9246.664,4.852621,3.529988,10.843783,15.170789,-2.237566,-3.89618,-6.187128,9883.476,5.170001,3.614986,10.497095,14.36388,-2.303698,-3.703613,-5.874203,49353.742,17.400778,21.638487,62.987846,76.45121,-12.770116,-22.171972,-31.209593,43883.23,16.696491,18.19275,50.755905,61.01818,-11.094952,-17.987558,-25.819612
1.0,225.0,7808.575,4.11487,1.698677,2.201837,3.074144,-1.323218,-1.693602,-2.753584,9326.6455,4.628942,2.072594,2.695094,3.651603,-1.553985,-2.056879,-3.788345,44977.65,15.257676,17.715303,39.692425,44.692383,-11.04071,-16.317087,-24.470018,45410.85,14.787931,18.118061,41.022987,46.195385,-11.260377,-16.743956,-26.325293,5180.984,3.282778,2.256156,7.07137,9.930445,-1.197651,-1.913454,-3.182002,5666.3584,3.439504,2.306139,6.980146,9.571115,-1.299092,-1.995496,-3.41166,45238.406,13.6821,19.73691,53.313362,63.770718,-11.727181,-18.54157,-24.882645,48474.2,13.819295,21.970972,61.11078,73.40555,-13.074864,-21.967407,-29.35597,4798.201,2.973996,0.885012,1.164379,2.534428,-0.715089,-1.033628,-2.638763,3768.5598,2.626261,0.669219,0.902128,2.487322,-0.521302,-0.734747,-2.070581,49636.902,15.608195,19.739334,44.153698,49.961872,-11.839818,-17.50688,-29.754915,40363.637,15.028481,15.102762,31.822218,35.647007,-9.625082,-14.102364,-21.751787,9364.838,4.760077,3.729944,11.484018,15.893413,-2.292101,-4.050608,-6.011367,10114.206,5.071744,3.796593,10.930723,14.7518,-2.351642,-3.687939,-6.978494,52279.414,14.96909,23.741919,71.10404,86.90318,-13.600742,-23.61659,-35.214993,46700.15,14.343904,19.894278,56.386856,67.766655,-11.798682,-19.232105,-30.227154
1.0,225.0,7931.1567,3.970034,1.722626,2.231424,3.088242,-1.328217,-1.688061,-2.860751,9545.581,4.390064,2.129279,2.770906,3.837284,-1.575183,-2.016873,-3.470068,45660.082,15.31129,17.891562,40.42718,45.67228,-11.261184,-16.853428,-25.857504,46446.31,14.915768,18.286366,41.486473,46.829556,-11.510914,-17.361155,-25.510311,5112.854,3.304542,2.178948,6.815532,9.369465,-1.174318,-1.887277,-3.114959,5622.2637,3.464957,2.263236,6.913966,9.413761,-1.286415,-2.010958,-3.250682,46110.125,13.732153,19.909771,54.56807,64.69513,-11.966406,-19.537285,-28.438908,49781.637,13.939726,22.062492,61.63904,73.883095,-13.400478,-23.104303,-30.130339,4823.807,2.883129,0.891689,1.187676,2.520686,-0.716053,-1.040956,-2.585242,3746.6406,2.538673,0.665294,0.919088,2.138428,-0.511832,-0.727835,-2.499709,50557.355,15.628954,19.815296,44.281013,49.90182,-12.042411,-18.072643,-28.483568,41208.05,15.046694,15.284244,32.57879,36.827232,-9.848433,-14.419507,-20.99909,9374.642,4.802705,3.660894,11.243452,15.948929,-2.306018,-4.09024,-6.249176,10137.094,5.131462,3.762879,11.024728,14.785942,-2.365772,-3.822903,-6.868423,53558.82,15.031698,23.909151,71.70269,87.63912,-13.939102,-24.372993,-37.239254,47577.98,14.310013,20.128696,57.560932,69.3743,-12.096408,-19.826296,-31.121890
1.0,225.0,7123.224,3.722389,1.559547,2.012952,3.011751,-1.245179,-1.584513,-2.7409,8990.511,4.235198,1.956148,2.557705,3.570219,-1.487115,-1.916851,-3.83044,42459.43,11.695963,16.551682,37.356003,42.655396,-10.72883,-15.686801,-24.666533,43333.715,11.398125,17.005156,38.61206,43.564777,-10.958048,-16.149685,-24.26827,5004.3823,3.237002,2.047468,6.400317,8.688071,-1.155533,-1.774847,-3.328734,5430.11,3.39177,2.144924,6.466723,9.01398,-1.259982,-1.854864,-3.177473,43274.805,11.672824,18.643827,49.71235,58.41019,-11.445773,-17.959389,-24.36539,47029.516,11.905807,20.742132,56.678413,67.71607,-12.795313,-21.28319,-30.647696,4527.696,2.757301,0.823744,1.062732,2.277832,-0.670325,-0.972036,-2.514437,3542.1125,2.482152,0.622089,0.830092,2.023696,-0.485396,-0.700627,-2.114899,46394.457,10.851304,17.98384,39.70762,44.602463,-11.354165,-16.54734,-26.790869,38355.953,10.663803,14.103758,30.041645,34.876076,-9.453822,-13.899899,-22.446653,9205.828,4.552379,3.566947,10.752283,14.738015,-2.287967,-3.997577,-6.569553,9890.286,4.826402,3.67795,10.462178,14.102343,-2.359727,-3.76852,-6.104213,49756.82,11.247199,22.143234,64.36354,77.366066,-13.182961,-22.37641,-33.391518,44202.44,11.081801,18.65334,51.418373,61.735947,-11.421046,-18.50575,-29.008181
1.0,225.0,6487.8696,3.828616,1.376623,1.762375,2.657148,-1.178661,-1.527328,-2.715132,7796.7007,4.436766,1.664533,2.158562,3.057911,-1.351057,-1.762975,-3.160713,39504.035,10.560662,14.980182,33.293037,37.71663,-9.891188,-14.338858,-21.783897,40115.938,10.166629,15.251641,33.945484,38.419987,-10.051178,-14.704175,-22.16541,4962.772,3.304685,1.962797,5.962447,8.196662,-1.112239,-1.773137,-3.548126,5368.9956,3.453501,2.037325,6.092291,8.704675,-1.217071,-1.843004,-3.177556,40095.934,10.981173,16.80993,43.889046,51.50376,-10.457849,-16.617033,-21.834345,43274.934,11.060017,18.56557,49.202023,58.55681,-11.570054,-19.193043,-27.619587,4065.4932,2.706682,0.740856,0.997444,2.240017,-0.640336,-0.909464,-2.356898,3327.3965,2.444803,0.592959,0.791745,1.965133,-0.502926,-0.714016,-2.087703,44008.25,9.993939,16.665165,35.836926,40.090725,-10.670466,-15.567403,-24.691555,35803.312,9.614788,12.924882,27.173473,31.04864,-8.802807,-12.70809,-19.762907,8726.24,4.473871,3.261049,9.599574,13.069642,-2.099925,-3.591938,-5.681679,9300.245,4.706138,3.35909,9.492065,12.884736,-2.18328,-3.473801,-6.269655,46910.45,10.524383,20.36828,57.39715,68.856125,-12.196544,-20.517483,-32.779064,41517.51,10.494921,17.15125,46.45441,55.213547,-10.663658,-17.160467,-27.285518
2.0,250.0,160385.73,8.741198,43.80888,60.401405,72.40038,-29.623571,-42.13996,-173.74533,153877.83,7.362634,44.34044,65.02229,77.95265,-28.783266,-45.036835,-184.47278,34755.098,6.116424,8.386721,12.491908,14.607097,-6.987839,-10.293145,-23.989397,34372.492,5.953747,8.230086,13.066604,14.999306,-6.837625,-10.269324,-21.120266,5877.146,2.596881,2.178001,5.893425,8.071348,-1.292029,-2.161783,-4.38072,5587.811,2.487197,2.004751,5.278543,7.006445,-1.157288,-1.847835,-4.093647,41489.473,6.023164,11.410526,19.635626,22.371529,-9.311533,-14.529119,-28.156273,43782.066,5.962616,12.207708,22.513458,25.956127,-9.968697,-16.16867,-29.17599,108459.68,6.960919,29.340284,39.769386,54.29023,-18.634901,-25.695084,-103.52455,88311.48,6.733348,21.969528,28.683811,40.441135,-14.749175,-20.63714,-81.82377,38943.707,6.589938,9.853881,13.381909,17.356106,-8.283676,-12.246583,-28.821985,32225.746,6.280538,7.517904,10.13941,13.117522,-6.445036,-9.551435,-22.388588,8710.561,2.976841,2.95877,8.495577,11.462435,-1.880716,-3.25405,-6.767657,8850.949,2.979133,2.824504,7.546869,10.627942,-1.777576,-2.805502,-6.236998,49114.383,6.635511,14.214435,23.522034,26.840609,-12.017799,-19.843473,-34.966724,42652.816,6.356502,12.251379,19.801683,23.211243,-10.189956,-16.746834,-32.521398
2.0,250.0,55270.387,7.831258,16.472195,24.730875,27.274965,-9.614112,-13.01182,-28.485062,57941.113,6.88191,19.091766,31.160578,35.527447,-10.268702,-13.761452,-39.270863,29480.203,5.123085,7.867221,9.650241,14.557003,-5.029036,-7.325405,-16.95878,31708.725,5.251064,8.390785,10.315838,13.730828,-5.238187,-7.630255,-15.900941,4888.4683,2.559349,1.850674,3.784293,5.19343,-1.055275,-1.643212,-3.235911,4940.007,2.543006,1.826532,3.605706,4.810386,-1.033749,-1.541853,-3.378371,29329.01,4.734904,9.623063,12.773893,14.95993,-5.9303,-8.835803,-15.325608,32636.184,4.839599,10.683827,14.195185,16.118166,-6.618583,-10.020588,-19.34932,37994.656,5.526942,10.490684,14.854955,18.184713,-6.147696,-8.024479,-19.40399,34240.43,5.436849,8.426189,11.366262,14.922919,-5.203272,-6.933358,-20.380337,23125.328,4.71402,6.864397,8.631554,11.925209,-4.533556,-6.591461,-14.140618,23164.105,4.8868,6.117686,7.575696,11.308206,-4.18087,-6.01541,-12.901963,7701.161,3.110786,2.751657,5.761535,8.120942,-1.600705,-2.532899,-5.10146,8519.092,3.285118,2.865648,5.288164,7.308404,-1.698238,-2.488078,-5.832946,27583.762,4.763892,9.506864,14.1147,16.412285,-6.251434,-9.998925,-17.194626,23839.62,4.574488,8.278239,12.180396,14.272698,-5.297761,-8.156835,-15.839577
2.0,250.0,32986.41,6.957742,9.906578,15.041813,16.258049,-5.486529,-7.187883,-14.202598,35696.37,6.571681,12.096896,20.108252,22.28366,-6.018908,-7.785674,-15.330568,24723.584,4.586261,7.055343,9.058414,11.859639,-3.810821,-5.613072,-11.177323,26919.646,4.72937,7.677808,9.941681,12.994847,-4.035912,-5.956517,-13.392635,4305.8745,2.449541,1.766458,3.47416,4.592914,-0.891895,-1.51797,-3.048989,4414.274,2.451461,1.754682,3.316617,4.369866,-0.878664,-1.442735,-2.835234,23075.615,4.090983,8.1236,11.381597,13.664751,-4.288372,-6.810637,-12.135958,26017.705,4.201562,9.068726,12.539673,14.845939,-4.780534,-7.975061,-14.360677,23048.467,4.961627,6.329648,9.14622,10.923588,-3.451864,-4.573756,-15.316623,21932.31,4.950576,5.352519,7.310016,9.086605,-3.043228,-4.160332,-10.817027,18076.201,4.129046,5.545918,7.375269,9.854586,-3.339728,-5.1134,-10.221262,18574.428,4.299649,5.16373,6.585948,10.057868,-3.108648,-4.546477,-10.50727,6975.3643,3.044236,2.672869,5.039938,6.463404,-1.394883,-2.271587,-4.564018,7791.6245,3.228801,2.787443,4.760604,6.083197,-1.488653,-2.440615,-4.751674,20516.498,4.026642,7.43259,10.622186,12.93645,-4.411684,-7.171894,-13.143289,17738.256,3.889383,6.491366,9.249399,11.682059,-3.759015,-5.983896,-10.256731
2.0,250.0,27969.916,6.640124,8.397848,12.800092,13.943057,-4.536956,-5.845185,-12.885532,30615.65,6.48001,10.406784,17.228792,18.835697,-5.04614,-6.582649,-12.670087,23579.002,4.458279,6.908287,9.072016,11.961224,-3.620265,-5.288955,-12.613217,25805.988,4.609212,7.559295,9.989614,13.273444,-3.797151,-5.574204,-11.402339,4173.3364,2.436276,1.690266,3.442017,4.567354,-0.861015,-1.387523,-2.78378,4302.661,2.449261,1.686419,3.261395,4.38377,-0.862115,-1.311213,-3.031994,21685.113,3.968691,7.677538,10.987547,12.315332,-3.980975,-6.043944,-10.434708,24550.006,4.089801,8.617662,12.453869,15.301416,-4.479038,-7.032165,-12.904011,19599.37,4.805853,5.400425,7.765092,9.039511,-2.839276,-3.736861,-8.819601,19049.893,4.824246,4.654267,6.300883,7.678441,-2.545802,-3.342327,-8.01778,16838.01,3.976022,5.260444,7.075074,9.535797,-3.098058,-4.496182,-9.233735,17489.777,4.162677,4.973182,6.519937,9.817595,-2.920362,-4.261415,-8.501852,6805.1284,3.035174,2.585021,4.967445,6.233187,-1.360147,-2.164589,-4.361379,7652.612,3.245988,2.718612,4.713238,5.900381,-1.469861,-2.255942,-4.538062,18802.082,3.849759,6.836664,9.85809,11.57346,-4.017003,-6.375866,-11.819803,16241.803,3.719221,5.980612,8.685034,10.807375,-3.416418,-5.221105,-9.673136
2.0,250.0,25291.75,6.468381,7.52805,11.506412,12.756333,-4.055243,-5.111952,-9.666781,27825.271,6.464782,9.416579,15.584969,16.88262,-4.518767,-5.74301,-10.704364,23114.922,4.323252,6.902091,9.180013,11.345996,-3.407784,-4.880717,-10.371149,25378.303,4.476375,7.553555,9.984074,12.770681,-3.584351,-5.211041,-11.759578,4107.0596,2.404543,1.697561,3.536291,4.526411,-0.823726,-1.370418,-2.561018,4243.99,2.417451,1.706642,3.36349,4.242902,-0.825521,-1.300702,-2.699986,20938.154,3.825086,7.608072,11.06676,12.978687,-3.719993,-5.695849,-10.125223,23753.455,3.953505,8.527897,12.51127,14.299315,-4.138363,-6.619394,-13.772935,17677.332,4.724253,4.842662,7.016805,8.513956,-2.532758,-3.246431,-6.872069,17345.742,4.734876,4.224084,5.718956,7.113266,-2.285023,-2.989164,-7.445218,16319.722,3.852101,5.131161,7.039034,8.954394,-2.919416,-4.228904,-8.252738,16976.125,4.016145,4.917645,6.424305,9.11617,-2.759836,-4.033523,-8.194792,6780.6094,3.021004,2.619008,5.134956,6.503242,-1.313718,-2.145836,-4.170592,7615.6445,3.221383,2.765731,4.933878,6.612186,-1.433913,-2.266618,-4.42556,17998.066,3.712378,6.636996,9.8081,11.789385,-3.764269,-5.979588,-11.143319,15572.886,3.589362,5.824907,8.591389,10.795717,-3.239279,-4.966893,-10.361690
2.0,250.0,23548.21,6.255121,7.054996,10.794562,12.038653,-3.723304,-4.66688,-8.757674,25966.436,6.351632,8.863131,14.646924,16.045313,-4.180767,-5.354628,-10.088915,22367.203,4.392646,6.726339,8.992185,11.223134,-3.307935,-4.94888,-9.438113,24563.139,4.544081,7.396778,9.968402,12.245986,-3.502878,-5.19066,-10.267004,3970.6785,2.406959,1.62271,3.433852,4.304029,-0.808741,-1.279018,-2.222269,4088.361,2.417594,1.62465,3.26322,4.548824,-0.81005,-1.28156,-2.410607,20069.994,3.831725,7.342135,10.703758,12.292129,-3.564573,-5.406751,-10.410476,22756.799,3.950762,8.309254,12.155897,14.64758,-3.993672,-6.346761,-11.170714,16484.504,4.626316,4.506491,6.482622,7.639138,-2.314464,-3.001811,-6.606872,16342.618,4.644868,3.95901,5.405166,6.635021,-2.117171,-2.885036,-7.106449,15713.126,3.888495,4.973147,6.796531,8.8676,-2.819222,-4.084728,-8.929083,16454.377,4.092609,4.769968,6.367115,9.358445,-2.666462,-3.854691,-8.523768,6555.304,3.025768,2.506507,5.00933,6.766853,-1.301346,-2.08875,-5.392608,7380.314,3.222189,2.645857,4.770589,6.313457,-1.390357,-2.152046,-4.695179,17181.71,3.708939,6.358739,9.359733,11.529247,-3.602278,-5.72788,-9.443366,14867.76,3.583788,5.548108,8.207112,10.367285,-3.078054,-4.763364,-8.853966
2.0,250.0,22327.953,6.166101,6.662672,10.089392,11.02255,-3.524171,-4.444165,-8.095201,24739.062,6.334015,8.413938,13.867068,15.137441,-3.957858,-5.047054,-10.314293,22150.967,4.346179,6.695545,9.043409,11.05245,-3.271769,-4.614237,-9.370169,24436.904,4.521361,7.384901,10.027846,11.932811,-3.511645,-4.95141,-10.282919,3963.6003,2.417461,1.615231,3.4431,4.38118,-0.796471,-1.207029,-2.717614,4071.042,2.421962,1.622669,3.333781,4.023336,-0.794736,-1.219617,-2.47816,19840.73,3.806709,7.231158,10.727728,12.448024,-3.48864,-5.123503,-9.186186,22580.076,3.949454,8.178492,12.144694,14.481713,-3.988181,-5.596517,-9.873535,15685.645,4.588084,4.282626,6.11528,7.63399,-2.191382,-2.853741,-6.084608,15607.19,4.620315,3.795264,5.084997,6.426605,-2.011008,-2.63817,-7.00375,15525.865,3.856311,4.925321,6.803946,8.67248,-2.788073,-3.966912,-8.132821,16242.072,4.049858,4.744214,6.363899,8.623626,-2.626083,-3.807747,-8.487131,6535.4644,3.028744,2.508047,5.038588,6.379935,-1.289066,-1.981462,-3.907994,7380.2676,3.238106,2.654791,4.844125,6.312576,-1.388713,-2.049409,-4.450875,16873.395,3.668549,6.230602,9.197225,11.02866,-3.496838,-5.432837,-10.130123,14554.209,3.530896,5.451571,8.168139,9.775355,-2.9818,-4.583373,-8.219477
2.0,250.0,21087.338,6.091078,6.221995,9.426199,10.499549,-3.281233,-4.223254,-8.01137,23375.893,6.34558,7.877075,12.915081,14.227686,-3.699618,-4.737385,-9.171338,21889.594,4.225714,6.798315,9.260062,11.781762,-3.280772,-4.797614,-9.310175,24158.66,4.383572,7.481729,10.173763,12.378269,-3.47404,-5.067143,-10.802279,3895.4072,2.368199,1.607591,3.524839,4.328886,-0.804951,-1.318331,-2.780721,4025.751,2.38937,1.616871,3.367277,4.288102,-0.808568,-1.303311,-2.347702,19491.053,3.708552,7.271902,10.776249,12.461167,-3.474016,-5.436738,-9.029043,22168.355,3.840997,8.210818,12.339529,14.264848,-3.94658,-6.234548,-11.6804,14695.487,4.535666,3.978041,5.705078,6.883858,-2.025693,-2.632304,-6.143486,14809.031,4.61211,3.542473,4.825005,5.960022,-1.861131,-2.405257,-6.388792,15204.619,3.742243,4.887745,6.804667,8.432965,-2.758668,-4.054646,-9.227134,15921.432,3.933686,4.740352,6.468787,8.948463,-2.610363,-3.770805,-7.626726,6549.01,3.018306,2.517157,5.100523,6.52649,-1.307015,-2.130209,-3.77559,7363.622,3.220444,2.668939,4.884881,6.380287,-1.415593,-2.202082,-4.703079,16336.744,3.54505,6.13618,9.2167,10.657887,-3.463199,-5.401389,-11.461906,14191.349,3.444373,5.373986,8.021176,9.5374,-2.959081,-4.506146,-8.089159
2.0,250.0,20326.678,6.029485,5.985941,9.024086,9.850098,-3.162372,-4.01907,-7.728792,22628.807,6.352357,7.575206,12.358235,13.41396,-3.567272,-4.664195,-9.947457,21741.81,4.137852,6.740862,9.219952,11.106669,-3.232293,-4.685379,-10.083413,24038.863,4.298615,7.440576,10.144294,11.914968,-3.41289,-4.928889,-10.518511,3871.5732,2.341922,1.62533,3.552998,4.333105,-0.786114,-1.278048,-2.811436,4008.1465,2.368807,1.6304,3.397898,4.41674,-0.796181,-1.220155,-2.429143,19213.924,3.622326,7.175878,10.764592,11.909585,-3.38981,-5.226684,-8.339398,21880.324,3.74383,8.091319,12.141963,13.843362,-3.810943,-5.923169,-10.344175,14183.668,4.515362,3.827399,5.439263,6.541919,-1.946609,-2.49893,-5.260952,14235.908,4.529712,3.42671,4.649589,5.830799,-1.799143,-2.420306,-5.888142,14995.528,3.660117,4.829082,6.715601,8.48356,-2.713301,-3.920722,-8.062907,15744.523,3.837806,4.714547,6.38733,8.375251,-2.572764,-3.702623,-7.463162,6498.9165,2.972037,2.549407,5.193497,7.067004,-1.280436,-2.062149,-4.229063,7350.872,3.18115,2.683377,5.08995,6.491854,-1.398235,-2.145081,-4.096401,16036.006,3.464664,6.028263,9.105628,10.934194,-3.362305,-5.3199,-9.554829,13950.859,3.367274,5.281006,8.015643,9.631657,-2.889377,-4.458442,-7.637937
2.0,250.0,19655.047,5.978352,5.694942,8.435972,9.332228,-3.050631,-3.850105,-6.635353,21951.137,6.385987,7.200734,11.429284,12.466866,-3.447202,-4.43412,-8.884227,21527.266,4.094368,6.658036,9.143773,11.204001,-3.165931,-4.577424,-10.683791,23774.207,4.249047,7.356694,10.170877,11.567573,-3.335717,-4.707596,-10.045789,3847.8582,2.333078,1.560528,3.315173,4.327121,-0.770312,-1.277825,-2.613995,3985.096,2.358032,1.564976,3.206561,4.006907,-0.77798,-1.208097,-2.326191,18944.418,3.57505,7.015182,10.51446,12.045947,-3.312225,-4.98806,-8.125876,21662.604,3.702061,7.925696,12.028362,13.573514,-3.729319,-5.695833,-10.849234,13665.777,4.494616,3.639332,5.12175,6.711055,-1.886074,-2.507305,-5.76143,13763.655,4.525037,3.278622,4.415361,5.462516,-1.731264,-2.255979,-6.261553,14806.805,3.622193,4.754282,6.597289,8.014935,-2.645733,-3.770173,-8.189036,15584.004,3.80231,4.646765,6.303623,8.91996,-2.528411,-3.669448,-7.851685,6460.39,2.958636,2.459189,4.85749,6.468633,-1.261834,-2.051032,-4.032252,7340.103,3.175512,2.609368,4.788836,6.218761,-1.383191,-2.147291,-4.561642,15802.646,3.419713,5.847668,8.632197,10.530331,-3.268821,-5.148977,-8.823333,13719.614,3.324789,5.129368,7.704914,9.234065,-2.817714,-4.38283,-7.583670
2.0,250.0,22855.037,5.439335,7.036119,10.869669,12.065496,-3.522155,-4.504416,-8.287378,24814.71,5.357825,8.652312,14.418831,15.931523,-3.888773,-5.182296,-9.566662,22560.01,4.080645,6.892938,9.258369,11.619643,-3.409979,-4.749014,-12.404947,24841.799,4.22218,7.551002,10.224088,13.130611,-3.581838,-4.988368,-9.748587,3953.4617,2.332255,1.618257,3.444936,4.294906,-0.824324,-1.377061,-2.373853,4034.8198,2.343395,1.619195,3.317642,4.312888,-0.828066,-1.273846,-2.683881,20079.26,3.553618,7.413476,11.054321,12.562877,-3.649145,-5.549292,-9.107408,22876.506,3.668563,8.333056,12.510832,14.976175,-4.077541,-6.336651,-11.030667,15240.218,3.763336,4.26227,6.226534,7.501751,-2.164715,-2.787991,-6.165937,15490.268,3.866293,3.835366,5.283962,6.834846,-2.019673,-2.85256,-6.127285,15766.699,3.518646,5.031021,6.876105,8.797173,-2.906406,-4.067541,-8.029109,16527.941,3.739406,4.857807,6.474405,8.420711,-2.761465,-3.965733,-8.566648,6575.65,2.924285,2.513392,5.04627,6.347046,-1.320636,-2.10449,-4.711901,7423.017,3.117072,2.682008,4.893011,6.331647,-1.470953,-2.147633,-3.9936,17013.092,3.359782,6.329687,9.311387,11.585407,-3.591136,-5.810609,-9.785911,14703.56,3.245603,5.559641,8.355931,10.050365,-3.098199,-4.818145,-8.404330
2.0,250.0,24935.582,5.716391,7.766605,12.20607,13.173961,-4.007801,-5.067025,-9.557127,26964.111,5.580239,9.501068,16.05024,17.505543,-4.411916,-5.69432,-10.552846,23328.527,4.223669,7.194003,9.643737,11.961109,-3.500384,-5.000899,-10.010202,25627.16,4.348802,7.856159,10.694858,13.844401,-3.656853,-5.261335,-10.382302,4046.0671,2.360574,1.692406,3.68322,4.528705,-0.811099,-1.303564,-2.269464,4116.8047,2.376741,1.686596,3.523459,4.299456,-0.799133,-1.279447,-2.240611,20996.055,3.700564,7.791348,11.543708,13.028025,-3.737548,-5.795999,-9.689702,23730.014,3.79473,8.749456,12.9096,14.827225,-4.148468,-6.641458,-11.825482,16416.057,3.926754,4.640814,6.805711,7.86974,-2.400145,-3.153969,-6.44747,16472.018,4.014217,4.126638,5.7434,6.970713,-2.228814,-2.919178,-6.552965,16548.479,3.675753,5.307163,7.252777,9.419649,-2.989847,-4.239388,-8.44501,17103.357,3.886472,5.091486,6.713058,8.362641,-2.825951,-4.07909,-7.531532,6733.19,2.980053,2.60101,5.311098,6.842777,-1.292957,-2.090296,-4.273706,7555.6333,3.183084,2.758779,5.199721,6.772062,-1.424096,-2.235841,-4.37691,18111.164,3.539301,6.723587,10.07559,11.897805,-3.774173,-6.046905,-10.39921,15655.943,3.417433,5.927993,9.083175,10.420787,-3.251172,-5.06127,-8.540317
2.0,250.0,18285.42,5.060211,5.445305,8.36213,9.1949,-2.761566,-3.502259,-7.03194,20156.666,5.234273,6.850134,11.33952,12.385689,-3.106205,-4.036966,-7.763061,21397.271,3.925184,6.795867,9.479126,11.751315,-3.18068,-4.801114,-9.034751,23749.678,4.084606,7.512903,10.401982,13.191317,-3.369042,-4.927267,-10.737786,3823.895,2.305884,1.60218,3.581853,4.405265,-0.786392,-1.262477,-2.634131,3895.2803,2.310955,1.593757,3.409785,4.279949,-0.783147,-1.174601,-2.289292,18583.586,3.397234,7.047851,10.971403,12.525472,-3.27613,-4.886163,-9.654794,21337.611,3.545313,7.933569,12.384313,13.947881,-3.711855,-5.681123,-9.679123,12174.949,3.51798,3.350512,4.880908,5.997283,-1.685591,-2.205479,-5.268195,12601.138,3.680708,3.053087,4.196749,5.575242,-1.577533,-2.07202,-5.276924,14482.007,3.373362,4.721633,6.556409,8.290155,-2.633106,-3.80777,-7.713274,15297.489,3.579006,4.648343,6.335994,8.250558,-2.512843,-3.568284,-7.243275,6416.9707,2.922754,2.503986,5.135009,6.757985,-1.275444,-2.012807,-3.737077,7263.302,3.118972,2.65995,5.070714,6.175195,-1.399101,-2.133123,-5.07428,15234.202,3.17395,5.700256,8.855125,11.163072,-3.19282,-4.912162,-9.341602,13184.651,3.063993,5.019841,7.802908,9.568607,-2.734764,-4.087785,-7.412312
2.0,250.0,17699.127,4.987973,5.181282,7.851578,8.794061,-2.670764,-3.453014,-6.742269,19452.953,5.161334,6.510203,10.669665,11.784765,-3.00495,-3.991058,-7.609034,21162.773,3.954469,6.725247,9.345006,11.525607,-3.076879,-4.374419,-11.949562,23493.984,4.106925,7.454283,10.342192,12.55524,-3.219109,-4.67821,-11.022134,3756.8394,2.297532,1.574205,3.483988,4.318276,-0.749276,-1.22885,-2.313266,3853.879,2.31747,1.575238,3.32337,4.082133,-0.76055,-1.154358,-2.243053,18318.773,3.41019,6.924699,10.703175,12.172541,-3.151131,-4.701038,-7.811194,20877.28,3.530121,7.832811,11.978919,13.8903,-3.495777,-5.448224,-11.276554,11714.919,3.460015,3.180848,4.605264,5.840376,-1.623579,-2.128165,-4.917505,12221.484,3.622054,2.926304,4.035995,5.386374,-1.536476,-2.037444,-4.917352,14253.918,3.370875,4.655315,6.519141,8.180198,-2.542983,-3.700221,-7.1285,15073.27,3.599736,4.582094,6.279042,8.646378,-2.441984,-3.583581,-7.118264,6300.4165,2.915648,2.454097,5.055328,6.603989,-1.220923,-2.000203,-4.493025,7171.1016,3.119383,2.627524,4.989063,6.80968,-1.367796,-2.056802,-4.830157,14860.656,3.159527,5.565366,8.428009,10.32033,-3.025864,-4.814858,-8.963594,12928.279,3.064514,4.902518,7.557863,9.295482,-2.651069,-4.024441,-7.527944
2.0,250.0,17110.467,4.956467,5.050018,7.673498,8.559094,-2.567919,-3.385029,-6.10843,18892.852,5.166204,6.327098,10.243388,11.245011,-2.886891,-3.780968,-7.021653,20943.232,3.800504,6.662005,9.292064,11.232856,-3.072902,-4.281939,-8.463317,23301.08,3.953396,7.380681,10.282333,12.642685,-3.249815,-4.45728,-10.131945,3730.309,2.255087,1.541977,3.478394,4.541319,-0.750021,-1.150129,-2.27193,3819.5505,2.273004,1.544853,3.299295,4.289811,-0.754016,-1.133385,-2.247213,18048.084,3.28864,6.834367,10.557203,12.370972,-3.105409,-4.597573,-6.988579,20657.451,3.407973,7.696222,11.98105,13.608383,-3.496044,-5.185292,-9.552265,11341.099,3.439025,3.088973,4.449583,5.73777,-1.555691,-2.079068,-4.947829,11891.868,3.626147,2.852832,3.917577,5.109149,-1.478014,-1.921753,-4.284541,13998.566,3.236196,4.57515,6.377402,8.62552,-2.530732,-3.607834,-7.779423,14892.453,3.453837,4.540703,6.266887,8.507274,-2.421487,-3.405958,-7.341082,6286.3643,2.84913,2.416939,5.078231,6.599445,-1.222248,-1.861158,-4.506646,7162.239,3.053115,2.587623,4.953077,6.310255,-1.362043,-1.988621,-4.203859,14543.139,3.033587,5.419568,8.313618,9.951948,-2.989546,-4.52535,-9.523676,12688.83,2.958747,4.787405,7.399379,8.845037,-2.598529,-3.907378,-7.164571
2.0,250.0,16426.902,4.840083,4.842434,7.378898,8.075953,-2.475094,-3.173671,-5.734216,18152.672,5.068049,6.109278,9.971007,11.184202,-2.801122,-3.651644,-7.667934,20653.715,3.91956,6.58515,9.297471,11.233007,-2.931486,-4.148392,-7.879193,23018.822,4.093031,7.282618,10.335697,12.285958,-3.113457,-4.489785,-9.541822,3700.9026,2.286499,1.521669,3.519198,4.265519,-0.745529,-1.21948,-2.291872,3780.194,2.300852,1.531717,3.332715,4.27425,-0.742744,-1.164603,-2.338424,17754.053,3.362246,6.749919,10.472594,12.159037,-2.999789,-4.509638,-7.378473,20249.127,3.487951,7.623687,11.952364,13.60462,-3.346603,-5.306899,-8.919792,10895.738,3.371286,2.962816,4.308418,5.447289,-1.509774,-2.017653,-4.629544,11423.774,3.539695,2.746423,3.819475,5.065756,-1.425114,-1.849015,-4.918251,13766.222,3.321173,4.481695,6.313108,8.027522,-2.455934,-3.596679,-7.619511,14706.863,3.561216,4.483195,6.306155,8.074219,-2.342664,-3.389154,-8.267943,6207.5103,2.891861,2.382738,5.084427,6.480472,-1.209315,-1.994345,-3.60554,7076.878,3.106938,2.580722,4.978367,6.188026,-1.341945,-2.085705,-4.243956,14249.495,3.09418,5.338946,8.184747,10.311482,-2.921331,-4.65026,-7.823486,12398.534,2.999498,4.697781,7.329166,9.471308,-2.536928,-3.917158,-6.741190
2.0,250.0,16508.31,4.894055,4.82849,7.271145,8.213274,-2.472575,-3.161517,-5.53932,18217.49,5.113571,6.062361,9.777332,10.644037,-2.782415,-3.582134,-6.199538,20719.404,3.820827,6.68835,9.328959,11.24462,-2.999871,-4.303698,-9.606073,23070.42,3.981741,7.384285,10.335316,12.339671,-3.175549,-4.596877,-9.192937,3676.1572,2.242587,1.541072,3.443906,4.427493,-0.760382,-1.233191,-2.289559,3746.0674,2.253796,1.538888,3.343923,4.295075,-0.74496,-1.20231,-2.383836,17740.186,3.272902,6.794594,10.631647,12.213896,-3.043637,-4.554404,-7.246003,20259.002,3.391109,7.653987,12.056919,13.75261,-3.425158,-5.426583,-9.042066,10920.897,3.392615,2.958075,4.269384,5.603497,-1.505744,-2.011246,-4.758162,11488.508,3.565388,2.75932,3.85359,5.19173,-1.433996,-1.860727,-4.425297,13804.462,3.24349,4.537755,6.347258,8.613086,-2.478658,-3.581286,-6.425802,14702.44,3.469043,4.552918,6.291419,8.261956,-2.382034,-3.4388,-7.745004,6215.245,2.843073,2.410941,5.050978,6.333145,-1.238314,-2.033073,-3.743642,7074.3423,3.040717,2.593591,4.997934,6.200048,-1.347874,-2.074167,-4.159838,14215.365,3.015391,5.352359,8.275363,9.752442,-2.96562,-4.656817,-9.483223,12410.896,2.931341,4.7192,7.385769,8.732943,-2.557759,-3.913842,-6.994839
2.0,250.0,16162.319,4.830904,4.748188,7.244409,8.308737,-2.419114,-3.16608,-5.360826,17845.25,5.071439,5.963529,9.659662,10.664949,-2.726911,-3.619407,-7.221195,20740.809,3.853094,6.659085,9.324985,10.942864,-3.021071,-4.375884,-9.111093,23093.254,4.011493,7.415325,10.393371,12.270689,-3.194079,-4.524886,-9.44292,3699.5552,2.256991,1.5349,3.487559,4.52861,-0.748066,-1.223584,-2.958586,3793.566,2.277312,1.540272,3.299124,4.120383,-0.750063,-1.160902,-2.254526,17710.625,3.28871,6.773036,10.735134,12.827907,-3.040595,-4.606256,-7.267617,20282.787,3.415995,7.638426,12.204904,13.672858,-3.43173,-5.375859,-9.138436,10639.002,3.341113,2.896761,4.212213,5.401321,-1.468316,-1.994394,-4.515797,11230.348,3.522512,2.707297,3.726133,5.319308,-1.387551,-1.839181,-4.732465,13773.922,3.257787,4.521775,6.371516,7.957701,-2.468561,-3.509698,-6.777791,14711.943,3.493809,4.527732,6.227184,7.953277,-2.373137,-3.433351,-7.811769,6204.7397,2.853369,2.41216,5.118816,6.446708,-1.215078,-2.016376,-3.722178,7118.162,3.062655,2.607582,4.947902,6.222193,-1.364147,-2.011507,-3.816906,14181.564,3.030549,5.326318,8.343396,9.841468,-2.894778,-4.591806,-7.576171,12324.968,2.935896,4.69151,7.368823,9.067656,-2.514017,-3.879371,-6.632740
2.0,250.0,15876.063,4.807744,4.637212,7.043818,7.970872,-2.368496,-3.046146,-5.967594,17572.984,5.064043,5.842921,9.481689,10.680555,-2.685574,-3.474275,-6.244076,20486.758,3.773954,6.579021,9.351954,11.300646,-2.996299,-4.13709,-7.575987,22817.916,3.943257,7.303887,10.327205,12.227272,-3.164358,-4.381493,-8.558457,3632.752,2.234522,1.537693,3.453378,4.504348,-0.725349,-1.201488,-2.308963,3726.8005,2.249758,1.538835,3.302955,4.332204,-0.72921,-1.14335,-2.161766,17439.02,3.235646,6.712311,10.644561,12.511217,-2.952343,-4.426678,-7.067979,19940.678,3.371353,7.565025,12.244777,13.957495,-3.299204,-5.099077,-8.859794,10405.885,3.310413,2.824298,4.069027,5.354349,-1.428206,-1.871853,-4.486806,10960.666,3.501472,2.629037,3.629186,4.938008,-1.347805,-1.770464,-4.916307,13544.48,3.191239,4.436293,6.260373,8.310053,-2.425052,-3.44137,-7.679849,14437.999,3.418907,4.438779,6.141389,7.958903,-2.321685,-3.292557,-6.457611,6123.053,2.830713,2.422668,5.056592,6.668642,-1.175977,-1.883104,-4.224069,7042.9966,3.042268,2.600723,4.944869,6.507821,-1.330433,-2.020506,-3.875128,13875.941,2.973088,5.252414,8.169421,9.780331,-2.833533,-4.447979,-7.568619,12126.231,2.891563,4.646027,7.301265,9.027033,-2.464311,-3.764517,-6.876123
2.0,250.0,15749.193,4.756672,4.617123,7.032199,7.966945,-2.375941,-3.117685,-5.476978,17381.814,4.995409,5.797279,9.380314,10.536604,-2.675668,-3.520658,-6.625351,20621.752,3.874703,6.640447,9.388741,11.647938,-2.891494,-4.007001,-8.155963,22973.412,4.037881,7.389382,10.412485,12.114627,-3.090914,-4.491328,-8.340447,3684.1416,2.263669,1.532787,3.476125,4.424375,-0.725836,-1.128599,-2.317986,3749.3926,2.275933,1.534316,3.386282,4.231022,-0.716694,-1.132623,-2.295189,17550.576,3.298882,6.771296,10.664408,12.428564,-2.89745,-4.364343,-7.148162,20075.486,3.424177,7.635559,12.153724,13.76535,-3.272877,-4.922495,-9.752249,10314.556,3.27454,2.81243,4.057985,5.033395,-1.428481,-1.901682,-4.690381,10942.926,3.45983,2.636198,3.657797,4.759905,-1.358492,-1.918676,-4.875561,13688.698,3.280499,4.479313,6.379775,8.050033,-2.389417,-3.439052,-6.88339,14604.461,3.517644,4.490376,6.225151,8.233616,-2.258436,-3.213269,-6.239108,6173.3,2.868986,2.398932,5.116514,6.436866,-1.180692,-1.852027,-3.394584,7063.511,3.085788,2.584288,5.01358,7.10158,-1.303548,-1.954576,-3.83267,14002.44,3.031661,5.280464,8.200095,9.653394,-2.792631,-4.359959,-8.181769,12203.038,2.947361,4.673191,7.283277,9.078975,-2.423786,-3.758691,-6.580180
3.0,250.0,74764.31,19.769253,22.212626,33.1307,36.244205,-15.401122,-21.254654,-50.087776,76226.52,18.458256,24.454618,39.315075,42.9952,-15.544689,-21.566542,-46.121223,25677.893,8.571999,7.485161,12.322089,13.581657,-5.698625,-8.345639,-16.355757,25468.295,8.232384,7.39623,12.471944,13.754489,-5.631032,-8.398406,-13.1143,5648.366,3.065417,2.265701,5.976491,7.573544,-1.328428,-2.262486,-3.643726,5508.4893,2.970695,2.168106,5.695673,7.340743,-1.25511,-2.075571,-3.603598,30520.938,8.224699,10.26942,18.664898,20.583893,-7.49686,-12.005255,-16.91344,32200.03,8.086691,10.984145,20.527985,22.680878,-8.079663,-12.813826,-19.394714,58506.652,12.590619,16.655115,23.580383,26.950415,-10.389084,-13.732441,-31.804441,48910.316,11.19456,12.660263,17.259722,19.78502,-7.992081,-10.520335,-24.333776,31618.729,10.177927,8.92584,13.2092,14.85379,-6.840955,-9.907886,-19.427109,24759.896,8.991553,6.866868,10.193939,11.497149,-5.345206,-7.865563,-15.156893,7882.3364,3.603396,2.982722,8.11689,10.812191,-1.779966,-3.305951,-5.140604,7969.302,3.636928,2.936772,7.714778,9.868539,-1.708904,-2.850838,-5.096535,40000.523,10.356645,12.687399,21.066278,23.610472,-9.920643,-16.107054,-27.674526,34800.95,9.658944,11.286506,19.038641,21.06097,-8.465181,-13.828969,-21.275655
3.0,250.0,76329.7,20.753721,23.084084,34.58557,37.021255,-15.69606,-20.922512,-49.81578,77972.38,19.764212,25.56977,41.620533,45.590893,-15.912912,-21.571838,-47.017395,27516.992,9.173302,8.077614,13.543425,14.822629,-6.028116,-8.882336,-14.79957,27179.043,8.846279,7.975767,13.787356,15.346699,-5.974665,-8.767566,-14.761985,6415.211,3.291802,2.547602,6.837861,8.901628,-1.502439,-2.549378,-3.956183,5949.4805,3.09737,2.325486,6.154114,7.862829,-1.327032,-2.12148,-3.678529,32609.81,8.86798,11.049009,20.448198,22.694939,-7.877628,-12.317736,-18.29669,34340.047,8.765977,11.870544,22.776356,25.40491,-8.547848,-14.170424,-21.961887,60115.33,13.884844,17.395315,24.805975,27.697931,-10.711048,-14.151641,-33.71992,50000.6,12.376276,13.110922,17.864323,20.159779,-8.1811,-10.69251,-25.153778,33399.133,10.985905,9.538659,14.672072,16.935068,-7.134224,-10.265604,-19.38228,25960.709,9.634134,7.216726,10.95079,12.44963,-5.484485,-7.840508,-14.429539,8276.548,3.744103,3.152742,8.855581,11.586882,-1.851223,-3.252175,-6.109287,8390.81,3.775132,3.088968,8.214389,10.592136,-1.754776,-2.88866,-5.153468,41720.79,11.043346,13.481371,23.384024,25.625399,-10.228181,-16.870024,-28.38024,36528.145,10.319956,12.022686,20.892307,23.003418,-8.73597,-14.275753,-22.417302
3.0,250.0,76794.02,20.935163,23.025377,34.57102,36.54981,-15.688668,-21.746925,-44.83042,78530.195,19.843683,25.593788,41.825928,44.0053,-15.969862,-22.221424,-46.38489,27011.66,9.09928,8.002463,13.240133,14.446717,-5.89176,-8.693881,-13.792877,26627.338,8.774829,7.890007,13.551887,14.952242,-5.844614,-8.601408,-13.586071,6251.9663,3.255349,2.534495,6.752101,8.481679,-1.477485,-2.462272,-3.833191,5783.7725,3.054857,2.287812,6.015847,8.067899,-1.293936,-2.05166,-3.465161,31984.225,8.728572,10.942585,20.188269,22.116203,-7.711279,-12.099434,-18.081985,33578.574,8.568829,11.772883,22.649956,25.004375,-8.407186,-13.875855,-20.76289,60777.316,14.003303,17.357,24.853466,28.683243,-10.725131,-14.029831,-30.364103,50365.434,12.526387,12.987898,17.710838,20.197748,-8.181162,-10.719158,-24.779354,32852.008,10.918353,9.51493,14.479042,16.125605,-7.036357,-10.411569,-20.80359,25497.285,9.54327,7.150602,10.753894,12.172581,-5.363309,-7.686351,-18.234959,8007.1533,3.702521,3.105941,8.625075,11.058955,-1.806218,-3.153431,-5.764908,8091.145,3.703108,3.022145,7.97675,9.904942,-1.699079,-2.739454,-5.029187,41090.477,10.886178,13.431985,23.255344,25.420816,-10.079178,-16.56907,-26.450802,36008.42,10.179963,11.92176,20.53977,22.400417,-8.570295,-13.899558,-24.060153
3.0,250.0,77375.99,19.965658,23.094265,34.760117,37.859287,-15.82993,-21.687212,-49.635597,78816.32,18.622526,25.4736,41.492977,44.746243,-16.039389,-21.985184,-53.385937,27847.344,8.959682,8.198814,13.40454,15.161455,-6.160888,-8.893795,-16.376598,27372.543,8.618466,8.088272,13.666421,15.000891,-6.103363,-8.957577,-15.043312,6174.3965,3.198019,2.472607,6.619295,8.768188,-1.483893,-2.445972,-3.836717,5795.1826,3.026469,2.280875,5.989589,7.540799,-1.324898,-2.060384,-3.929434,32845.81,8.493854,11.266214,20.430653,22.225693,-8.043549,-12.376297,-18.468336,34635.59,8.378703,12.106785,22.792442,25.156797,-8.825189,-14.21614,-20.981918,60848.785,12.91661,17.318354,24.757154,28.124361,-10.768038,-14.157312,-32.44341,50409.258,11.502308,13.011062,17.80986,20.559393,-8.283345,-10.741253,-25.679605,34116.137,10.653869,9.79871,14.736274,16.526705,-7.432086,-10.897109,-19.48652,26553.117,9.382736,7.433625,11.019704,12.842065,-5.698552,-8.257055,-17.287066,8087.8193,3.638908,3.09998,8.614511,11.244205,-1.847852,-3.229934,-5.767422,8196.464,3.667583,3.047527,8.036308,10.571203,-1.74714,-2.747563,-5.679727,42470.844,10.522155,13.848816,23.217253,25.342329,-10.581302,-16.732016,-31.527374,37180.016,9.834697,12.284277,20.814709,22.798733,-8.970701,-14.024139,-21.643472
3.0,250.0,77950.586,20.978567,23.385365,35.434467,38.835728,-15.902558,-21.685747,-43.49471,78923.19,19.809446,25.72831,42.181732,45.190315,-16.03153,-22.462496,-45.911247,27902.139,9.309938,8.323731,13.852313,15.123134,-6.048002,-8.904884,-13.010059,27605.254,8.949672,8.18577,13.962232,15.26732,-5.972619,-8.91806,-13.858569,6372.867,3.285157,2.555485,6.831982,8.551323,-1.471331,-2.523586,-4.384269,5896.69,3.08625,2.327517,6.223245,8.195974,-1.29525,-2.097437,-3.638117,33035.25,8.863935,11.385041,20.980776,23.314697,-7.873656,-12.513868,-17.72792,34820.5,8.73588,12.20311,23.193146,25.700464,-8.510681,-14.265428,-23.397615,60912.53,13.99517,17.42889,25.155106,28.581734,-10.770268,-14.223527,-36.25788,50768.84,12.398252,13.157393,18.103693,20.745028,-8.311939,-10.967887,-26.220938,34106.41,11.053108,9.887,14.933369,17.528028,-7.220643,-10.586308,-21.447796,26254.742,9.681769,7.454256,11.195286,13.029516,-5.52325,-7.801474,-15.259991,8163.379,3.713027,3.143842,8.759455,11.776392,-1.789254,-3.262575,-5.990161,8261.024,3.753034,3.097573,8.2826,10.521496,-1.709091,-2.84332,-5.310938,42314.977,10.921871,13.938526,23.91745,26.180666,-10.190927,-17.135147,-29.310823,36971.68,10.245343,12.374323,21.235685,23.309904,-8.711462,-14.104736,-22.070043
3.0,250.0,77938.94,20.77732,23.532387,35.599957,38.39787,-15.903613,-21.822397,-51.225143,79260.41,19.687574,26.025932,42.80507,45.9958,-16.122047,-22.296877,-54.47754,28138.441,9.421052,8.391783,13.921294,15.254918,-6.123045,-9.090292,-17.138027,27746.762,9.056768,8.288445,14.204264,15.889555,-6.054285,-8.904009,-14.513224,6416.8105,3.315037,2.592535,6.996982,8.69624,-1.488474,-2.597197,-4.144458,5928.1035,3.103737,2.34129,6.218034,7.888218,-1.301615,-2.118435,-3.583488,33288.555,8.954653,11.491244,21.19373,23.34709,-7.952031,-12.423793,-21.412893,34896.312,8.81556,12.360921,23.703703,26.143501,-8.632582,-14.10661,-20.74986,61148.223,13.974384,17.619501,25.383451,28.751066,-10.87813,-14.538674,-36.570587,50842.766,12.444533,13.233262,18.222713,20.875694,-8.293979,-10.879051,-26.220636,34228.707,11.258814,9.980874,15.221146,16.980345,-7.317312,-10.725651,-22.489912,26446.752,9.790149,7.46681,11.29527,13.135016,-5.588283,-8.096083,-14.96407,8182.6816,3.751089,3.176622,8.882622,11.308873,-1.81596,-3.249173,-5.542365,8280.727,3.775099,3.101747,8.26267,10.676225,-1.706693,-2.817046,-5.168779,42362.37,11.094476,14.054476,24.2305,27.685461,-10.295203,-17.434044,-28.937181,37204.37,10.351196,12.474747,21.497482,23.789738,-8.784578,-14.355065,-23.878418
3.0,250.0,76989.05,18.395033,22.882235,34.237167,37.440437,-15.718055,-21.261621,-43.66408,78154.68,16.653856,25.153416,40.761524,44.105865,-15.865803,-21.750687,-44.038418,26056.531,6.714669,8.099136,14.157647,15.671782,-5.924795,-8.809257,-14.734759,25719.955,6.415842,8.091362,14.581288,16.28095,-5.87806,-8.950224,-14.365949,5989.902,3.150092,2.413246,6.437749,8.221658,-1.429901,-2.341225,-4.048354,5577.869,2.979448,2.213738,5.841258,7.482521,-1.267394,-2.037467,-3.600602,31331.434,6.912925,10.883378,20.647915,22.739445,-7.822431,-12.440419,-18.461287,32833.914,6.709635,11.69847,22.927263,25.730267,-8.455001,-14.296892,-21.386442,60096.59,12.645187,16.940918,24.038586,26.831614,-10.644869,-13.874969,-35.563896,49722.258,11.296344,12.695587,17.24028,19.93598,-8.150782,-10.747888,-26.434525,32701.822,8.389269,9.82859,15.465179,17.497965,-7.17459,-10.725299,-20.550816,25673.71,7.303856,7.527522,11.680156,13.74107,-5.560209,-8.17739,-15.459154,7950.0913,3.596794,3.070438,8.54233,11.142385,-1.822672,-3.092421,-5.197712,8035.395,3.606896,3.030052,8.104412,10.513793,-1.727617,-2.787706,-5.790047,41017.32,8.711995,13.536674,23.743214,25.992987,-10.340822,-16.861122,-27.081762,36109.227,8.294262,12.152891,21.410877,23.299147,-8.885465,-13.857861,-22.852991
3.0,250.0,76354.484,17.45297,23.135292,34.75571,37.38933,-15.701632,-21.12113,-40.50997,77806.56,15.723983,25.33261,41.376865,44.74598,-15.843511,-21.70337,-46.054024,25848.285,6.732542,7.968325,13.972616,15.939835,-5.889629,-8.609351,-13.759319,25556.87,6.425476,7.93068,14.324654,15.828981,-5.814266,-9.015327,-14.321784,6180.5283,3.232999,2.453787,6.480935,8.352901,-1.440404,-2.400846,-3.988956,5696.3945,3.041615,2.243935,5.895761,7.452352,-1.27409,-1.990747,-3.357913,30883.533,6.933967,10.647502,19.990524,22.295607,-7.741838,-12.24757,-19.35007,32547.686,6.781924,11.394814,22.150496,24.740574,-8.314048,-13.728733,-21.81614,59640.23,12.439424,17.023321,24.330042,26.838348,-10.671782,-14.089709,-32.59928,49427.31,11.12681,12.822995,17.476854,19.843107,-8.159227,-10.78604,-22.317974,31790.414,8.536359,9.395448,14.828301,16.656633,-6.938421,-10.149117,-18.231031,24955.365,7.388793,7.228324,11.32923,12.762005,-5.422892,-7.862893,-13.528324,8054.476,3.685185,3.062838,8.481674,11.107556,-1.806756,-3.148539,-6.147369,8150.9473,3.704932,3.030809,8.067294,10.891948,-1.724507,-2.876956,-5.232574,39994.914,8.81439,12.991719,22.662249,25.227991,-10.111789,-16.424034,-26.225817,35119.383,8.405011,11.726642,20.578062,22.810507,-8.694113,-13.716644,-26.461084
3.0,250.0,77292.234,21.573029,23.324314,35.28304,38.001392,-15.785247,-21.042227,-44.603497,78338.34,20.735806,25.54875,41.64903,44.786667,-15.806404,-21.634344,-44.013844,26012.06,6.87496,8.076825,14.498034,16.173315,-5.827958,-8.701558,-13.548031,25801.822,6.566506,8.02767,14.612961,15.932164,-5.757043,-8.393872,-13.726923,6196.441,3.26999,2.457483,6.560193,8.327297,-1.419901,-2.327101,-4.221125,5692.108,3.064841,2.265348,6.107336,7.832978,-1.262648,-1.976994,-3.234149,31093.508,7.077844,10.719358,20.44591,22.652525,-7.731576,-12.080007,-16.610786,32683.475,6.908896,11.406049,22.368362,24.787413,-8.29801,-13.377355,-20.10787,60154.72,14.931131,17.154705,24.41707,27.406424,-10.644919,-13.846349,-28.901148,50293.26,13.060537,13.026376,17.871864,19.95982,-8.252168,-10.806805,-23.20023,32107.46,8.840696,9.506111,15.041339,16.823982,-6.862428,-10.204855,-19.349821,25183.873,7.599989,7.33782,11.634408,13.744281,-5.379061,-7.773362,-13.425615,8085.2515,3.758856,3.071055,8.563217,11.286897,-1.778832,-3.175431,-5.439016,8190.644,3.783693,3.068328,8.377142,11.040464,-1.71529,-2.781122,-5.132615,40187.312,9.093648,13.010958,23.020876,25.912725,-10.06248,-16.067137,-26.268942,35230.535,8.653506,11.789235,20.923065,23.26833,-8.633953,-13.44741,-22.006267
3.0,250.0,78056.36,22.09681,23.626583,35.54139,38.40697,-15.860531,-21.129522,-47.143143,79651.33,21.38487,25.951054,42.59896,45.839935,-15.973442,-21.517557,-44.52129,26528.584,6.881181,8.189891,14.59793,15.994936,-6.013862,-8.72356,-14.976771,26189.062,6.56884,8.18214,14.963267,16.592274,-5.945498,-8.844453,-13.392783,6248.4673,3.275839,2.485102,7.109517,11.51794,-1.442147,-2.564645,-4.270433,5750.17,3.073933,2.265853,6.489847,10.746119,-1.267997,-2.151324,-3.560632,31638.637,7.103731,10.800595,20.603312,27.116182,-7.860716,-12.614075,-17.425173,33173.863,6.953069,11.572123,22.780731,33.177204,-8.478574,-14.183492,-22.106745,60951.773,15.126633,17.566807,24.896526,29.427216,-10.730454,-14.058953,-31.414087,50538.484,13.405159,13.211598,18.1597,21.362982,-8.216914,-10.815646,-23.155415,32620.951,8.82448,9.713253,15.405976,17.518631,-7.104898,-10.455805,-18.411295,25689.033,7.628313,7.430187,11.688623,13.671244,-5.561634,-7.922619,-13.273959,8108.6357,3.744875,3.10916,9.064821,13.352778,-1.804429,-3.34661,-5.807494,8259.865,3.767853,3.070633,8.85801,11.083953,-1.725116,-2.992754,-5.821923,40745.17,9.103248,13.172881,23.38429,32.502754,-10.276825,-17.149544,-30.605705,35847.82,8.669063,11.863186,21.207447,29.46958,-8.803892,-14.429656,-25.799345
3.0,250.0,77994.46,21.962212,23.426365,35.51004,38.66959,-15.892474,-21.85367,-45.081722,79545.43,21.251558,25.989225,42.819378,45.883656,-16.094074,-22.134554,-44.63923,25931.295,6.67131,8.06492,14.275778,16.049816,-5.877845,-8.457185,-14.717953,25554.732,6.359448,8.028673,14.646714,16.252901,-5.811643,-8.463564,-15.558534,6165.435,3.257541,2.449525,6.585546,8.519355,-1.417659,-2.37273,-3.972,5676.75,3.056898,2.235996,5.991074,7.981198,-1.246812,-1.99677,-3.739198,31043.576,6.977241,10.651653,20.163727,22.456753,-7.744614,-12.221847,-19.168983,32450.348,6.807998,11.414373,22.300331,25.022306,-8.394127,-13.656388,-20.255142,61248.547,15.136334,17.456463,25.04359,28.043163,-10.846092,-14.29323,-33.958534,50688.24,13.317763,13.074291,18.120777,20.895561,-8.258562,-10.930857,-23.18981,31765.598,8.462188,9.518229,15.096907,16.705223,-6.955711,-10.129568,-18.98662,25038.594,7.36897,7.282993,11.412694,13.20289,-5.431053,-7.620663,-14.861214,7996.589,3.715476,3.053909,8.608871,11.043695,-1.758416,-3.045715,-5.44286,8145.5776,3.736597,3.025869,8.169305,10.549349,-1.692862,-2.754895,-5.204156,39865.5,8.878091,12.987952,22.864994,25.610947,-10.07523,-16.918095,-29.444132,35091.75,8.444628,11.682765,20.738314,23.064285,-8.600519,-13.739315,-22.937309
3.0,250.0,76941.164,21.841833,23.33269,35.27361,37.73331,-15.72367,-20.889542,-40.873116,78662.055,21.11872,25.668215,41.777508,44.799038,-15.851778,-21.920635,-40.40129,26766.068,6.967321,8.238034,14.575376,16.334717,-6.047665,-8.882279,-13.734841,26552.723,6.66098,8.193323,14.824022,16.076395,-5.977527,-8.869123,-12.534761,6228.0225,3.218586,2.464664,6.604888,8.378837,-1.442517,-2.412906,-3.78802,5759.115,3.036804,2.281938,6.152684,7.945242,-1.28462,-2.126862,-3.359375,31970.006,7.134292,10.930755,20.778004,23.098011,-7.946595,-12.655343,-18.068665,33580.496,6.947316,11.608292,22.760397,25.668655,-8.568042,-14.402769,-20.044544,59873.22,14.630888,17.072838,24.451723,27.377983,-10.574846,-13.755846,-28.358437,49709.816,12.976863,12.905969,17.70211,20.16631,-8.127179,-10.692669,-24.22837,33339.66,8.855746,9.809441,15.441727,17.173382,-7.200578,-10.651112,-17.99594,26120.572,7.688174,7.536664,11.781617,13.333056,-5.628503,-8.242006,-15.115162,8208.353,3.686998,3.114171,8.773978,11.468293,-1.842836,-3.1577,-5.352083,8329.727,3.712181,3.103179,8.5039,11.003226,-1.758055,-2.939931,-4.822664,41587.88,9.061007,13.371173,23.484077,26.006353,-10.43805,-17.347858,-25.879292,36413.336,8.654983,12.037817,21.349728,23.5095,-8.945976,-14.36209,-23.544280
3.0,250.0,77085.62,22.172104,23.270996,35.049835,37.34774,-15.77294,-20.951857,-38.033882,78859.13,21.469591,25.773178,42.17017,44.909946,-15.926215,-21.411055,-44.575893,26724.123,6.866854,8.251306,14.655985,16.717674,-5.948712,-8.657812,-13.842644,26354.29,6.527957,8.212957,14.989737,16.894161,-5.876222,-8.726828,-13.465185,6278.461,3.256687,2.494284,6.673794,8.303083,-1.416627,-2.461949,-3.737265,5780.3906,3.061479,2.285944,6.125767,7.745628,-1.252509,-2.046591,-3.373965,31768.992,7.067616,10.910301,20.742615,22.756853,-7.809414,-12.311597,-18.737923,33394.727,6.896919,11.621481,22.798111,25.45303,-8.344998,-13.838223,-19.558859,60485.95,15.32562,17.231932,24.417574,27.73185,-10.73056,-14.238999,-27.880175,50082.09,13.505842,12.966223,17.842422,20.355513,-8.193273,-10.776622,-22.6886,32786.875,8.77319,9.751002,15.484786,17.312433,-7.028041,-10.316715,-17.775536,25815.277,7.605744,7.470279,11.745857,13.346091,-5.488559,-7.757551,-12.272212,8176.9365,3.726511,3.120408,8.702901,11.966899,-1.772601,-3.259777,-5.242714,8306.261,3.744662,3.103211,8.440396,11.231892,-1.709103,-2.920454,-4.776649,40937.664,9.02656,13.250188,23.472006,26.478342,-10.112494,-16.986797,-24.25453,35905.484,8.605883,11.969547,21.279581,23.85871,-8.72547,-14.331086,-20.794462
3.0,250.0,77360.41,22.282969,23.61682,35.794518,39.042683,-15.786443,-21.308992,-39.889015,78968.71,21.559654,26.044247,42.94101,45.94767,-15.938232,-21.804087,-43.170715,26849.092,6.826123,8.303383,14.848175,16.506935,-6.160063,-8.823637,-14.182872,26528.145,6.503156,8.263058,15.131031,17.176153,-6.095692,-8.95938,-13.082347,6338.695,3.267922,2.518824,6.71087,8.603619,-1.47309,-2.478879,-4.098908,5823.2144,3.065927,2.299134,6.222049,7.871673,-1.30219,-2.035522,-3.504257,32043.344,7.081314,10.988687,20.925604,23.261778,-8.059003,-12.700144,-18.461607,33630.99,6.909835,11.717311,22.994228,26.138666,-8.713883,-14.093008,-22.728027,60694.938,15.219391,17.474434,24.945187,27.689793,-10.72585,-14.196861,-30.559765,50330.46,13.359965,13.248076,18.153687,20.92287,-8.215878,-10.811466,-24.397701,32942.438,8.67883,9.769468,15.578463,17.757256,-7.266235,-10.35338,-17.7655,25813.502,7.529298,7.476622,11.887938,13.685001,-5.657009,-7.95943,-14.752895,8225.841,3.724052,3.137251,8.790326,11.702719,-1.832077,-3.311055,-6.386632,8390.676,3.771544,3.124591,8.464599,10.840113,-1.775691,-2.885735,-5.237679,41126.14,9.037168,13.32097,23.644274,26.245625,-10.434979,-17.060146,-25.99435,36031.324,8.585973,12.004281,21.389639,24.110407,-8.915619,-14.222302,-21.328019
3.0,250.0,77500.3,22.430128,23.407215,35.69163,38.01431,-15.892451,-21.526367,-40.039757,79330.375,21.7835,26.035,43.24088,47.206696,-15.980597,-22.029518,-43.125206,26498.062,6.84905,8.266781,14.573521,16.131208,-5.990315,-8.620323,-13.153486,26175.635,6.537353,8.234436,14.988441,16.778557,-5.918478,-8.68368,-13.18428,6226.089,3.259414,2.481691,6.699495,8.414821,-1.434819,-2.35463,-3.977752,5726.018,3.059302,2.271614,6.123723,7.847068,-1.266675,-1.943628,-3.533968,31469.906,7.081739,10.937757,20.626589,22.66129,-7.833975,-12.136187,-17.381403,32959.312,6.911635,11.71248,22.689978,25.800852,-8.470234,-13.727892,-23.240835,60753.605,15.276318,17.445635,25.119549,28.205128,-10.766108,-14.448479,-31.262028,50324.316,13.547316,13.092742,18.059427,20.702505,-8.244523,-10.750828,-22.435396,32475.682,8.757373,9.757775,15.49366,17.583952,-7.09267,-10.297993,-18.278494,25538.32,7.59209,7.463168,11.694321,13.669883,-5.524317,-7.902417,-13.688261,8086.402,3.732799,3.091123,8.751021,12.543073,-1.791823,-3.138,-5.715328,8238.607,3.744557,3.083964,8.393555,10.806276,-1.71703,-2.730752,-5.765719,40448.207,9.076621,13.289486,23.235401,26.40954,-10.194889,-16.48973,-26.554026,35581.414,8.622353,11.951786,21.12555,23.215927,-8.698964,-13.601937,-22.370155
3.0,250.0,77309.67,22.607552,23.40969,35.772892,38.76337,-15.707905,-20.818884,-38.436863,79117.766,21.952278,26.096773,43.197712,46.855415,-15.899785,-21.3269,-38.669037,27878.498,7.019055,8.620783,15.195397,17.367006,-6.272347,-9.039298,-14.33297,27490.861,6.685984,8.583341,15.722673,17.854767,-6.243989,-9.048654,-13.529226,6439.869,3.302584,2.558826,6.889313,8.892846,-1.484341,-2.493229,-3.743425,5936.4575,3.106102,2.330739,6.256514,8.200244,-1.297993,-2.066646,-3.877919,32959.477,7.226884,11.3714,21.397577,23.63436,-8.17179,-12.58536,-17.472277,34486.906,7.062376,12.163772,23.62659,26.53351,-8.856814,-13.966483,-19.631527,60515.09,15.400919,17.338858,25.057089,28.47484,-10.685343,-13.92181,-28.625145,50055.992,13.713131,12.991424,17.903273,20.277195,-8.153726,-10.785413,-20.387688,34073.223,8.964609,10.196493,16.233768,18.69306,-7.44224,-10.683122,-18.283377,26725.9,7.748716,7.772554,12.150811,14.159872,-5.755163,-8.190402,-13.638861,8359.825,3.776789,3.177724,8.998366,11.98792,-1.859169,-3.24987,-5.455284,8503.835,3.786507,3.160304,8.643643,10.882775,-1.774468,-2.856598,-5.444749,42132.957,9.192171,13.824932,24.411184,27.279259,-10.613567,-16.876463,-26.89639,37072.805,8.742167,12.39619,21.963858,24.71296,-9.050693,-14.263414,-23.984240
3.0,200.0,69430.14,17.458094,19.27794,27.86756,32.196423,-14.50362,-19.479954,-37.308247,70306.21,15.084955,21.229088,32.711533,36.12599,-14.686306,-20.105299,-43.724712,25139.943,6.805056,7.611831,12.719814,14.904327,-5.555347,-7.955355,-13.430452,25128.572,6.606519,7.648579,13.14982,15.125526,-5.550181,-8.073292,-13.351077,5792.6997,3.159713,2.328407,6.072243,7.91959,-1.346539,-2.218834,-3.9467,5324.9814,2.974912,2.121176,5.591269,7.093325,-1.175312,-1.901728,-3.807768,30923.912,7.110637,10.615746,19.476036,21.678745,-7.362111,-11.408174,-16.543194,32969.24,7.112794,11.443529,21.762032,24.967201,-8.055081,-13.066343,-21.447,55348.215,10.842742,14.950353,20.700117,24.465336,-10.011855,-13.420018,-28.635212,45065.65,9.962489,10.941454,14.651367,18.352432,-7.53532,-10.067618,-20.90689,30107.293,7.38337,8.701263,13.111069,15.162239,-6.517641,-9.492822,-16.817802,23769.896,6.939293,6.711015,10.11357,12.030161,-5.05707,-7.113889,-13.437432,7597.1255,3.376954,2.96669,8.008429,10.433046,-1.715197,-3.006524,-5.477345,7774.6304,3.402362,2.95844,7.63682,9.836984,-1.635846,-2.660856,-5.067653,38539.066,8.003762,12.289533,20.66005,23.081102,-9.272361,-14.678154,-24.194206,33465.75,7.592209,10.94649,18.677925,21.44787,-7.86842,-12.30654,-21.346520
3.0,200.0,71321.05,18.98808,20.47719,29.920815,32.437027,-14.492929,-19.452114,-42.034573,73310.945,17.528555,23.008875,36.916054,40.78514,-14.792253,-20.681292,-43.748245,23728.305,6.83773,7.257164,12.389252,14.004948,-5.078175,-7.264985,-13.064846,23579.111,6.617319,7.322657,13.035181,14.894867,-5.09458,-7.440487,-12.849239,5812.817,3.169542,2.361146,6.24678,8.020542,-1.320793,-2.157877,-3.844508,5343.8555,2.974797,2.123558,5.488883,7.244079,-1.145534,-1.722981,-3.259858,28932.365,7.359338,9.958823,18.446632,20.172127,-6.648562,-9.840914,-15.787171,30576.11,7.347126,10.807936,20.877144,23.783215,-7.369725,-11.757241,-16.406996,56689.8,11.703988,15.691635,22.175247,25.73822,-10.096097,-13.644048,-34.370483,46468.027,10.404063,11.638376,15.651658,18.23229,-7.669383,-10.058823,-28.850712,28351.514,7.234499,8.318428,13.061994,15.563624,-6.053112,-8.615124,-17.264648,22371.232,6.831966,6.388174,9.874084,12.09885,-4.647535,-6.505886,-11.902856,7360.689,3.416093,2.89237,7.912979,11.417517,-1.611877,-2.840268,-5.550697,7525.4873,3.435522,2.842677,7.307044,10.538239,-1.528185,-2.435957,-5.362218,35866.49,7.878456,11.764428,20.435795,23.249987,-8.543463,-13.388553,-22.194805,31499.152,7.61894,10.461875,18.276003,20.709806,-7.200018,-10.915406,-18.457865
3.0,200.0,72460.914,16.456604,21.17769,31.707731,34.41591,-15.028379,-20.617605,-41.710472,73507.57,14.466505,23.35311,37.74563,42.917038,-15.161284,-21.03649,-48.78167,23654.377,8.016905,7.074282,11.913856,13.622111,-5.049258,-7.230633,-12.343373,23589.758,7.743296,7.021512,12.14672,13.460387,-5.020457,-7.411093,-12.618532,5649.3164,2.970637,2.325554,6.193956,8.254991,-1.32668,-2.251883,-4.027309,5181.278,2.787665,2.114924,5.549955,7.210173,-1.165279,-1.918031,-3.677541,28418.793,7.566228,9.93036,18.502893,20.46865,-6.655931,-10.204317,-17.172743,30027.883,7.463159,10.711078,20.677553,23.979975,-7.253837,-11.301835,-17.949352,57650.395,11.316139,16.044743,23.007572,26.7587,-10.447888,-13.900273,-30.623194,48164.848,10.646387,12.192096,16.713814,19.451887,-8.082499,-10.939483,-26.699272,28601.611,9.397978,8.358299,12.866147,15.223663,-5.971455,-8.653088,-15.941255,22261.732,8.249135,6.364146,9.788103,11.208926,-4.64054,-6.456965,-12.620543,7235.8613,3.332307,2.844197,7.887044,10.445572,-1.611175,-2.975749,-5.868215,7381.9546,3.371274,2.819196,7.420605,9.734963,-1.55002,-2.628299,-5.445476,35771.043,9.205305,11.963429,20.647024,23.49313,-8.452914,-13.621199,-24.866884,31255.764,8.621872,10.637761,18.506184,20.967539,-7.20627,-11.600891,-22.381127
3.0,200.0,71471.25,18.483757,20.799105,30.690771,33.80676,-14.412882,-19.202032,-44.721607,72983.49,17.39824,23.044624,36.65775,39.468212,-14.574548,-20.033043,-45.58025,22115.37,6.15346,6.722056,11.847696,14.061287,-4.91758,-7.211148,-12.515117,22006.926,5.974946,6.744133,12.293245,14.227727,-4.8585,-7.190935,-12.644859,5642.856,3.174887,2.195554,5.713412,7.476271,-1.287611,-2.170456,-4.111758,5175.9346,2.980713,2.006363,5.217845,6.696619,-1.140853,-1.832994,-3.597208,27231.514,6.76072,9.261667,17.589943,19.78432,-6.512309,-10.183482,-14.886127,28877.12,6.761909,9.973548,19.463453,21.95344,-7.067254,-11.531909,-18.70102,57120.168,11.31366,16.086363,22.790688,26.577696,-10.117134,-13.776171,-33.47511,47351.375,9.927249,12.131776,16.562267,19.728136,-7.877675,-10.682169,-25.455769,26057.518,6.051846,7.626133,12.40469,14.910292,-5.737169,-8.377163,-15.295971,20621.178,5.655619,5.968457,9.665965,11.975336,-4.517539,-6.673458,-12.34407,7095.6465,3.36792,2.695896,7.423901,10.10967,-1.582457,-2.735261,-4.617739,7212.7397,3.393802,2.689929,7.07951,9.319499,-1.531238,-2.572141,-5.295213,33757.99,6.850173,10.931584,19.413353,22.537844,-8.258456,-13.186278,-23.334879,29534.332,6.764687,9.7695,17.470524,19.992096,-7.042327,-11.101176,-23.135451
3.0,200.0,71077.5,17.747826,20.75522,30.70979,33.981876,-14.687414,-19.683304,-39.364723,72177.5,15.850354,22.890465,36.26537,39.914986,-14.786989,-20.425503,-43.663883,24554.34,6.833679,7.642518,13.33919,15.087083,-5.446203,-8.094732,-14.349717,24425.355,6.598906,7.67786,13.749644,15.594283,-5.386583,-7.958622,-12.862714,5808.193,3.20559,2.372113,6.264145,7.933878,-1.351257,-2.228485,-4.522251,5347.793,3.015822,2.164719,5.691795,7.219382,-1.19297,-1.893474,-3.503468,30451.016,7.354569,10.655634,20.164623,22.491915,-7.298042,-11.488285,-17.382347,32176.924,7.310237,11.538431,22.475428,25.894665,-7.923362,-13.206922,-19.4614,56440.727,10.833358,15.66623,22.244516,26.064455,-10.177285,-13.565257,-29.682692,46203.008,9.454095,11.633317,15.89282,19.175383,-7.77252,-10.329981,-24.65708,28967.506,7.147223,8.616576,13.55264,16.745293,-6.296096,-9.38563,-19.766464,22975.283,6.826329,6.70688,10.570282,12.772789,-4.939897,-7.115659,-13.829962,7446.4917,3.438268,2.959098,8.158529,10.717124,-1.67493,-2.921401,-5.249226,7627.641,3.479762,2.930292,7.768041,10.179709,-1.619284,-2.606797,-5.391173,37536.387,7.839029,12.476712,21.941208,25.118147,-9.127034,-14.723549,-26.302717,32825.188,7.6153,11.072558,19.588701,21.977531,-7.78808,-12.207041,-25.718535
3.0,200.0,72050.35,19.922413,21.06095,31.071203,34.173878,-14.914961,-20.24109,-45.619827,73770.68,17.89709,23.450457,37.787018,41.14092,-15.183681,-20.581135,-44.205044,24203.885,8.076908,7.211502,12.338027,14.180717,-5.188257,-7.510733,-12.492291,23982.084,7.843837,7.20597,12.706799,14.010079,-5.173275,-7.535282,-12.509676,5632.73,3.163444,2.301545,6.223702,7.984603,-1.316453,-2.220153,-3.740191,5176.718,2.951527,2.07494,5.520136,7.454926,-1.15473,-1.847352,-3.478832,29605.992,7.882432,10.244182,19.296522,21.425919,-6.972684,-10.849952,-16.360022,31311.588,7.846456,11.07808,21.654043,24.212921,-7.63222,-12.475406,-18.71477,58030.703,12.567972,16.182186,22.84991,25.664557,-10.410633,-14.338856,-32.031895,47723.777,11.649433,12.02489,16.285986,19.902193,-7.915106,-10.645152,-26.386988,28862.828,9.10908,8.40613,13.17172,15.70189,-6.084427,-8.847175,-15.389612,22844.373,8.221545,6.468647,10.069564,11.484134,-4.727829,-6.833316,-13.068642,7226.1177,3.493183,2.841033,7.87597,10.75797,-1.614889,-2.873369,-6.342974,7417.06,3.528507,2.801302,7.434811,9.781706,-1.551644,-2.456913,-4.913681,37044.76,9.274,12.204726,21.474707,24.507944,-8.826252,-14.198687,-24.05506,32361.66,8.709008,10.891423,19.11278,22.298853,-7.487133,-11.916457,-22.274613
3.0,200.0,71508.516,19.410488,20.991941,31.191158,33.935734,-14.596341,-20.401276,-42.10797,73234.6,17.368273,23.502235,38.204796,41.659683,-14.962659,-20.962341,-51.88517,23929.648,7.583941,7.312777,12.690273,14.65873,-5.160429,-7.504778,-13.114759,23802.117,7.365689,7.308004,13.148156,14.469683,-5.168104,-7.634321,-11.920329,5754.663,3.122897,2.374,6.434238,8.008439,-1.35,-2.289259,-4.282965,5292.41,2.91819,2.144698,5.675009,7.53911,-1.176507,-1.861967,-3.31153,29507.934,7.682914,10.359995,19.561737,22.050814,-6.934591,-10.592929,-17.561672,31022.877,7.603123,11.198842,21.963545,24.565994,-7.585956,-12.215334,-20.502665,57646.41,12.541112,16.124537,22.853369,27.506025,-10.308654,-13.69224,-34.606552,47467.72,11.714272,11.944694,16.20125,20.050673,-7.854004,-10.397954,-24.679428,28241.781,8.381533,8.418648,13.373969,15.427271,-6.028212,-8.746594,-16.157068,22282.246,7.718457,6.435016,10.207961,12.240924,-4.673445,-6.621691,-13.749623,7333.0767,3.41625,2.923496,8.198153,10.974767,-1.648063,-2.92513,-5.548911,7549.978,3.461858,2.89393,7.637968,9.905313,-1.584197,-2.548484,-5.35126,36191.746,8.800407,12.170173,21.578354,24.764421,-8.665979,-14.137861,-25.27918,31802.596,8.332204,10.845736,19.210302,21.518106,-7.383984,-11.724815,-20.432381
3.0,200.0,71514.76,18.527622,20.989386,31.008947,34.21397,-14.695278,-20.161348,-49.178005,72560.555,16.277912,23.191593,36.975204,40.74827,-14.888761,-20.633923,-40.392506,24510.14,7.30882,7.465825,12.891937,14.779122,-5.25223,-7.673412,-14.168365,24398.344,7.093405,7.458936,13.290041,14.998382,-5.232973,-7.626246,-13.804602,5742.64,3.199103,2.343144,6.244523,8.103954,-1.320104,-2.21119,-3.74462,5275.2197,3.003792,2.130391,5.641424,7.194376,-1.149091,-1.863992,-3.79865,30243.361,7.541933,10.5146,19.7717,22.217367,-7.0333,-10.905832,-18.017712,32082.328,7.503243,11.352734,22.191107,24.5482,-7.683601,-12.187991,-22.261541,56857.582,11.530609,15.89504,22.46975,26.753805,-10.232801,-13.890028,-33.431206,46504.97,10.458759,11.703514,15.784889,19.114494,-7.716305,-10.575006,-25.472977,28976.174,7.878858,8.521398,13.416329,16.19507,-6.107768,-8.950164,-16.233564,23089.984,7.407202,6.600665,10.297959,11.858315,-4.765241,-7.016596,-12.136754,7368.8765,3.460907,2.912076,8.032085,11.229069,-1.639894,-2.8465,-6.000709,7540.4707,3.494807,2.87791,7.581267,9.961751,-1.559887,-2.5426,-5.089023,37650.9,8.480759,12.349917,21.629917,24.060286,-8.8648,-14.094615,-24.850006,32774.47,8.057512,10.983881,19.360332,21.605764,-7.539564,-11.818182,-22.515513
3.0,200.0,72218.75,20.522264,20.96519,30.958754,33.569153,-14.533035,-20.265417,-38.360165,73463.81,18.460526,23.393503,38.02949,41.247047,-14.812092,-20.419666,-41.550644,24478.936,8.058369,7.252542,12.320933,13.976959,-5.208576,-7.562579,-12.848997,24326.248,7.833368,7.226683,12.77714,14.249082,-5.214281,-7.920779,-13.379466,5701.9956,3.13945,2.314081,6.191546,8.155836,-1.326799,-2.264544,-4.384114,5230.0654,2.938012,2.091476,5.517702,7.137206,-1.155475,-1.776574,-3.838475,29909.473,7.881927,10.318235,19.204523,21.428455,-6.983389,-10.620792,-16.147371,31681.49,7.828825,11.112199,21.47529,23.760729,-7.671562,-12.134378,-19.519917,57445.785,13.003934,15.922769,22.416964,25.765278,-10.194064,-13.517544,-32.71143,47430.38,12.175909,11.816262,15.90749,18.992989,-7.709874,-10.273077,-23.97064,29213.9,9.09163,8.443639,13.141014,16.086267,-6.125156,-8.784945,-16.500542,23058.396,8.239423,6.463319,10.015939,11.737175,-4.761366,-6.702001,-13.246923,7299.9087,3.457914,2.841335,7.841472,11.019093,-1.612112,-2.882818,-5.833069,7514.7476,3.509392,2.828815,7.402017,9.521423,-1.558816,-2.450465,-4.709382,37470.273,9.260973,12.215268,21.151121,23.74261,-8.822646,-14.147431,-27.45679,32604.19,8.690824,10.904298,19.000895,21.15825,-7.490756,-11.541184,-22.356919
3.0,200.0,70182.22,14.687639,20.314545,29.661385,32.633507,-14.296286,-19.775803,-43.490334,70757.74,12.969022,22.201944,34.922153,38.848503,-14.44872,-20.453966,-46.08486,23510.266,5.694829,7.324519,12.874194,14.640071,-5.312414,-7.686078,-14.811146,23305.672,5.508851,7.372384,13.432231,14.922887,-5.300269,-7.738166,-14.386576,5673.646,3.193079,2.258477,5.844707,7.566664,-1.307015,-2.159821,-3.733554,5211.04,3.001678,2.059106,5.313346,7.079946,-1.148285,-1.859183,-3.85425,29495.406,6.494997,10.156262,19.07148,21.175936,-7.109784,-10.881314,-16.367908,31048.27,6.451377,10.965362,21.394045,23.93479,-7.842572,-12.581555,-20.943672,55306.055,9.374555,15.298661,21.725788,25.747808,-9.92014,-13.396389,-34.635803,45386.875,8.254299,11.323523,15.242782,18.887463,-7.614496,-10.118794,-26.487448,27465.54,5.728784,8.100467,13.043557,15.261561,-6.185236,-8.971012,-17.8682,21761.066,5.326811,6.38119,10.244539,12.323079,-4.879945,-6.957502,-14.027291,7207.9956,3.333192,2.802329,7.597712,10.451417,-1.626549,-2.764492,-5.790367,7411.7656,3.369122,2.797287,7.196407,10.008079,-1.56668,-2.455209,-5.16867,36159.336,6.619691,11.759751,20.779194,24.474747,-8.976529,-13.98102,-25.097923,31695.215,6.534515,10.480344,18.478376,21.196545,-7.580444,-11.600897,-21.049675
3.0,200.0,72612.484,18.527945,21.280003,31.405827,34.44352,-14.825369,-20.33086,-51.154213,73264.65,16.235712,23.38306,37.516388,42.136757,-14.819764,-20.894371,-49.231056,24174.36,7.274977,7.407714,12.894688,14.553184,-5.149729,-7.681771,-15.137014,24077.324,7.049338,7.403214,13.166568,15.298256,-5.11313,-7.483955,-12.049594,5807.254,3.163872,2.374318,6.293096,8.736393,-1.31343,-2.246503,-4.225061,5306.2617,2.964336,2.153398,5.667059,7.253304,-1.156051,-1.863305,-3.82977,29718.293,7.499547,10.403693,19.476458,21.941252,-6.872909,-10.749495,-17.066988,31498.6,7.461633,11.21628,21.752525,24.519579,-7.500207,-12.352196,-19.210585,57618.598,11.716689,16.13161,22.752714,26.770494,-10.295479,-14.074984,-38.20733,47627.11,10.768797,12.01554,16.329754,20.226372,-7.941166,-10.995816,-28.814295,28572.041,7.863524,8.420556,13.276794,15.432119,-5.963562,-8.933429,-18.262424,22544.47,7.381041,6.500868,10.210685,11.821096,-4.661899,-6.749434,-13.692008,7400.735,3.428134,2.921204,8.039293,10.765077,-1.611886,-2.919512,-5.933666,7547.6367,3.463103,2.891659,7.567672,10.413613,-1.553727,-2.66405,-5.759939,36716.402,8.406569,12.156316,21.217146,24.0543,-8.583274,-14.151124,-25.383667,32014.783,8.022485,10.864322,19.076126,21.85099,-7.337008,-11.657798,-21.478944
3.0,200.0,70270.57,16.18877,20.415504,29.564186,34.153954,-14.168625,-19.756666,-44.906002,71300.29,14.683815,22.47679,35.46674,39.12238,-14.436223,-19.798384,-43.98499,23301.428,5.775827,7.226842,12.719943,14.544235,-5.216521,-7.588034,-13.689508,23151.596,5.621175,7.317252,13.454898,15.604698,-5.205978,-7.529426,-13.452579,5687.6455,3.255522,2.261436,5.862335,7.827127,-1.289189,-2.15485,-4.14144,5231.0723,3.052396,2.049496,5.280343,7.375348,-1.133305,-1.748789,-3.771206,29322.209,6.625429,10.00382,18.860298,21.400976,-7.008961,-10.519749,-16.064104,30942.709,6.61089,10.835388,21.240187,23.88723,-7.636608,-12.132105,-21.230623,55457.195,10.077215,15.512496,21.82602,25.607159,-9.962141,-13.449541,-33.94335,45483.78,8.879459,11.481508,15.396624,18.876583,-7.561276,-10.109475,-25.011574,27306.764,5.820872,8.013788,13.044364,15.422891,-6.064423,-8.785449,-17.459175,21699.889,5.409045,6.265157,10.117426,12.282677,-4.765847,-7.094846,-13.678085,7210.376,3.409743,2.807841,7.663866,10.254555,-1.60488,-2.834633,-5.57258,7405.2573,3.418612,2.780862,7.173265,9.445838,-1.539054,-2.53864,-7.30172,35919.945,6.743545,11.602354,20.640907,23.385311,-8.770914,-13.765921,-25.414724,31454.877,6.656606,10.315151,18.405617,21.668806,-7.464574,-11.361092,-21.922410
3.0,200.0,72025.31,19.276714,21.099817,31.17562,34.173958,-14.63254,-20.35015,-50.58333,73236.2,17.328777,23.354328,37.667503,42.38956,-14.823,-20.665312,-46.029606,23741.658,7.294051,7.291042,12.724933,14.450199,-5.096091,-7.468245,-15.138531,23624.56,7.063719,7.31102,13.184715,14.748189,-5.069506,-7.408324,-14.193361,5803.262,3.138335,2.38749,6.421219,8.357033,-1.345634,-2.251452,-4.051544,5323.9434,2.941349,2.166166,5.726064,7.67671,-1.173761,-1.877631,-4.105834,29362.0,7.572556,10.224685,19.357977,21.602213,-6.889579,-10.439036,-17.902754,30957.893,7.499392,11.025991,21.55849,24.366325,-7.502235,-12.002279,-21.970469,57332.5,12.23452,15.997941,22.518576,26.916077,-10.21019,-14.02488,-37.6275,47548.535,11.294507,11.939646,16.181665,21.204388,-7.789761,-10.512724,-26.7862,28092.637,7.941113,8.317149,13.210948,15.3122,-5.901125,-8.696728,-18.602884,22102.254,7.442524,6.392868,10.158822,12.268162,-4.595477,-6.704964,-12.9569,7349.817,3.406612,2.930612,8.107838,10.904898,-1.63057,-2.881041,-5.910961,7522.541,3.444266,2.904498,7.722553,10.486964,-1.567902,-2.522311,-5.849313,35994.293,8.480177,11.923177,21.027899,23.965206,-8.55564,-13.370635,-23.16989,31528.623,8.097527,10.649994,18.854391,21.141006,-7.294721,-11.29653,-20.840270
3.0,200.0,71044.81,17.658344,20.723772,30.240181,33.447884,-14.367921,-19.852934,-40.885414,71905.97,15.828455,22.839088,36.17123,39.972557,-14.529587,-20.10775,-48.210285,23704.37,6.729204,7.244997,12.551725,13.982625,-5.188219,-7.579917,-14.108815,23612.025,6.533458,7.297999,13.1217,14.89755,-5.158215,-7.786146,-14.248549,5706.0483,3.254144,2.283665,6.051201,7.759761,-1.299429,-2.160958,-4.014888,5234.722,3.043953,2.072086,5.40398,7.369723,-1.133512,-1.811112,-3.579258,29376.395,7.261106,10.055629,18.846813,21.150188,-6.900339,-10.76064,-17.906935,31154.998,7.293481,10.875885,21.174286,23.308912,-7.519636,-12.569149,-19.888685,56661.344,10.769145,15.823423,22.386185,26.044113,-10.143611,-13.634561,-44.772697,46349.73,9.391546,11.721263,16.04877,20.498302,-7.757756,-10.485657,-25.078753,27944.043,6.999746,8.157346,13.01581,15.217727,-6.034732,-8.797791,-17.527048,22243.248,6.611379,6.349268,10.040313,11.840952,-4.717511,-6.921054,-14.396703,7250.495,3.477239,2.820235,7.759901,10.80427,-1.599054,-2.855796,-6.105372,7391.8477,3.475845,2.792189,7.24985,9.764777,-1.535363,-2.520649,-6.208761,36193.42,7.710587,11.715227,20.704065,23.208317,-8.659217,-14.056586,-27.639505,31788.572,7.475567,10.453353,18.41607,21.139282,-7.403946,-11.396904,-20.312478
3.0,200.0,72773.24,20.792894,21.615564,32.54334,36.643726,-14.781773,-20.312525,-46.06406,74841.51,19.973055,24.317587,39.905663,43.20741,-15.09024,-21.202017,-47.090614,22894.295,8.605235,6.699811,11.454059,13.550212,-4.822344,-6.874416,-12.601116,22649.598,8.280871,6.679996,11.955844,13.92058,-4.824615,-7.240511,-12.681477,5636.468,3.097778,2.281511,6.231267,8.23431,-1.317795,-2.259858,-4.069,5186.151,2.895668,2.050854,5.478687,7.383364,-1.14913,-1.85177,-3.514395,27812.123,8.206962,9.492854,17.896774,20.044132,-6.425977,-10.089252,-15.228713,29232.709,8.099931,10.200301,20.045973,22.79525,-7.094362,-11.496885,-17.675367,59156.086,13.980877,16.824009,24.278559,28.55253,-10.492597,-14.40328,-33.94777,49298.688,12.984809,12.632135,17.616615,21.781221,-8.086931,-11.149014,-28.43554,27418.11,10.228406,7.920403,12.297721,14.483756,-5.718757,-8.340753,-17.842743,21502.86,8.917044,6.02874,9.328804,11.141572,-4.402828,-6.354634,-12.450546,7125.8115,3.501882,2.767285,7.887207,10.758422,-1.582996,-2.828809,-6.118234,7330.559,3.55302,2.733846,7.291661,9.512727,-1.501474,-2.499047,-6.72273,34692.383,10.092643,11.27567,19.80541,22.572084,-8.166728,-13.373624,-24.427097,30376.44,9.400294,10.10425,17.766048,20.129183,-6.90803,-11.277679,-20.142255
3.0,200.0,71894.29,21.76213,21.248251,31.726294,35.20603,-14.555393,-19.950602,-45.601204,73583.33,20.61476,23.667439,38.713524,42.58211,-14.774016,-20.965485,-45.285675,22949.844,8.479301,6.737888,11.520071,13.317284,-4.811688,-6.962048,-13.094529,22823.848,8.216343,6.695108,11.768105,13.256807,-4.793554,-7.001502,-12.542557,5608.91,3.108653,2.27668,6.127012,8.270533,-1.296011,-2.20637,-4.021579,5133.7603,2.900477,2.063816,5.500554,7.049255,-1.131908,-1.860361,-3.644619,27787.902,8.047898,9.512269,17.980766,20.174145,-6.429423,-9.953368,-15.851183,29323.46,7.943406,10.237926,20.066015,22.592297,-7.035143,-11.327794,-18.535406,57796.86,14.261758,16.273518,23.322605,28.497654,-10.217188,-13.824438,-37.810467,48362.383,13.263289,12.360141,16.828976,20.227465,-7.95962,-10.668995,-25.824684,27568.762,10.04678,7.921517,12.107997,14.117268,-5.675071,-8.277884,-17.454271,21593.934,8.789101,6.042605,9.249432,11.060122,-4.389067,-6.171032,-14.240467,7108.121,3.488155,2.767625,7.678339,10.327428,-1.556083,-2.789952,-6.229292,7279.158,3.541798,2.752629,7.278013,10.137577,-1.494295,-2.418832,-5.001604,34822.98,9.840728,11.316702,19.66601,22.290869,-8.118617,-13.015554,-23.601954,30386.338,9.196466,10.132252,17.742819,20.588766,-6.902293,-10.807632,-21.518342
3.0,200.0,71710.984,19.63528,21.124937,31.202951,34.2075,-14.631475,-20.01798,-43.965157,72740.945,17.642015,23.455605,37.868153,42.000767,-14.856549,-21.436066,-48.059624,24441.617,7.711387,7.3377,12.770887,14.870717,-5.199923,-7.518427,-15.176228,24346.693,7.474568,7.328402,13.167228,14.682267,-5.205624,-7.653628,-13.786246,5753.031,3.15712,2.350362,6.32099,8.264198,-1.334409,-2.292051,-4.000962,5270.701,2.9544,2.125572,5.641904,7.733832,-1.151947,-1.832537,-3.535982,30077.502,7.757941,10.396313,19.694822,22.581917,-6.961323,-10.765836,-18.507318,31813.768,7.72857,11.155483,21.967558,24.495153,-7.652248,-12.536546,-20.268562,57191.355,12.561463,16.085339,22.702875,28.754198,-10.250795,-13.944594,-34.64611,47278.863,11.710931,11.958987,16.190763,20.63448,-7.785272,-10.429862,-26.938137,29001.87,8.511001,8.480907,13.465376,15.949581,-6.083277,-9.209742,-20.346924,22866.492,7.86233,6.469977,10.207513,12.006891,-4.714588,-6.827128,-14.314705,7325.664,3.462952,2.888011,8.003962,10.786333,-1.62656,-2.814096,-6.069487,7547.5015,3.501243,2.858568,7.554238,10.343514,-1.548272,-2.574925,-6.091464,37193.105,8.893376,12.174102,21.552298,24.43346,-8.785043,-14.36529,-25.444323,32474.004,8.401632,10.90072,19.327944,21.334974,-7.468513,-11.706853,-21.291629
3.0,200.0,71693.55,19.154617,21.174938,31.464193,34.93467,-14.843333,-20.736551,-42.86127,72946.945,17.166859,23.352201,37.309505,41.557766,-15.037997,-21.518847,-54.724213,24475.775,7.735883,7.391832,12.848563,14.591751,-5.274784,-7.433465,-15.091237,24413.482,7.501383,7.386773,13.314718,15.097605,-5.230988,-7.59569,-13.899144,5698.14,3.185094,2.328015,6.301916,8.761075,-1.308787,-2.222632,-4.731905,5219.785,2.974741,2.106159,5.701451,7.675336,-1.153656,-1.848343,-3.724041,30184.777,7.777903,10.463975,19.883041,22.43917,-7.105108,-10.798996,-19.657953,31866.7,7.699666,11.25287,22.261784,24.819921,-7.732122,-12.251163,-21.177011,57454.453,12.282202,16.047031,22.632416,26.393217,-10.367787,-14.051163,-38.401024,47255.57,11.192655,11.932683,16.27256,19.50895,-7.857074,-10.885375,-28.830412,28986.191,8.488128,8.559095,13.519232,15.969567,-6.148054,-9.003695,-21.108519,22921.625,7.88246,6.580853,10.388989,12.526717,-4.806187,-6.834812,-13.59357,7276.1025,3.490847,2.873122,8.006515,10.926158,-1.602031,-2.842055,-5.644651,7484.3047,3.526519,2.851033,7.582901,9.769556,-1.555979,-2.504694,-5.824819,37460.062,8.939342,12.337782,21.888346,25.403292,-8.892609,-14.481281,-29.759321,32764.889,8.461055,11.02016,19.571932,22.109642,-7.572453,-12.128695,-20.861945
3.0,200.0,70683.79,16.80538,20.583607,30.503801,33.233025,-14.421463,-20.116196,-47.115906,71330.4,15.202532,22.732147,36.17629,41.170982,-14.518357,-20.228815,-52.209827,22638.006,6.385957,6.944663,12.065684,13.93063,-4.918923,-7.110214,-14.008139,22759.402,6.233526,6.995727,12.601941,14.367743,-4.941223,-7.406762,-12.655725,5706.722,3.240142,2.270823,5.977368,7.895289,-1.285631,-2.187013,-4.454947,5224.4233,3.038705,2.07047,5.408389,7.530429,-1.12291,-1.804214,-3.419859,28168.43,6.984806,9.682241,18.068644,21.102575,-6.57461,-10.054367,-16.976358,29933.127,7.015658,10.488458,20.159803,23.038391,-7.233926,-11.623662,-20.34435,55841.47,10.21442,15.650475,22.286608,26.875313,-10.122806,-13.659954,-33.19974,45857.55,8.850191,11.650714,16.094818,20.258312,-7.763007,-10.941593,-32.26127,26541.877,6.483608,7.720588,12.27889,14.716672,-5.733869,-8.406417,-19.242199,21165.2,6.16409,6.067166,9.530554,11.388082,-4.506481,-6.401546,-13.644729,7184.186,3.415164,2.807683,7.612476,9.967813,-1.577376,-2.707791,-5.756769,7400.519,3.471928,2.783887,7.292105,9.513177,-1.515031,-2.464757,-6.139474,34513.83,7.18082,11.209228,19.700861,22.569122,-8.264391,-13.267917,-25.536812,30228.615,7.040412,9.996968,17.554272,19.662748,-7.028745,-10.841055,-21.627141
3.0,200.0,70150.7,16.749727,20.233252,29.534538,31.948702,-14.031752,-20.04397,-45.253933,70932.24,15.613588,22.343267,35.59003,39.03264,-14.142437,-20.106783,-46.04503,20739.771,5.385124,6.424839,11.384164,13.114898,-4.625896,-6.670023,-12.992851,20625.64,5.196026,6.497306,11.837974,13.5555,-4.5988,-6.698743,-13.259535,5406.1416,3.149322,2.119913,5.418746,7.004077,-1.205582,-2.028057,-4.229953,4957.738,2.974251,1.932537,4.928183,6.956187,-1.059274,-1.696603,-3.802389,25995.428,6.27095,8.787433,16.654137,19.125977,-6.101498,-9.407882,-16.63235,27457.234,6.228998,9.477656,18.537212,20.811954,-6.680064,-10.579722,-21.384043,55899.047,10.431252,15.658804,22.21042,27.82111,-9.862685,-13.406213,-40.177265,46503.633,9.129451,11.86198,16.167854,18.93554,-7.677012,-10.709021,-32.02767,24366.197,5.418675,7.094682,11.501536,13.984591,-5.393203,-7.705435,-16.873287,19289.646,5.028089,5.599018,9.088205,11.259498,-4.262585,-6.070347,-12.747341,6739.524,3.293699,2.580874,6.940023,9.527671,-1.461696,-2.515178,-5.587506,6894.7417,3.316365,2.585369,6.629704,8.487378,-1.419913,-2.248624,-5.62117,32105.727,6.331305,10.237178,18.270393,20.718988,-7.724656,-12.303306,-23.95535,27958.512,6.26918,9.150972,16.252249,18.866516,-6.574071,-10.27866,-18.813409
3.0,200.0,68510.836,18.6003,19.581854,28.489738,32.366257,-14.125637,-19.83304,-47.873524,69705.4,16.238024,21.70524,34.021538,37.92095,-14.384193,-20.322975,-51.328194,23798.416,6.923252,7.360402,12.570313,14.392635,-5.238025,-7.76569,-15.203623,23779.264,6.72163,7.379122,13.052843,14.783928,-5.204436,-7.838102,-14.304021,5431.945,3.13873,2.221104,5.942418,7.850226,-1.252303,-2.139255,-4.05543,5119.8677,2.987931,2.05243,5.412644,7.034034,-1.136554,-1.796912,-4.036424,29537.53,7.286031,10.330131,19.212757,21.197412,-7.024394,-11.005882,-19.605005,31267.455,7.23475,11.128925,21.494442,24.105223,-7.612343,-12.377039,-20.44914,55070.91,11.345405,15.180246,21.244371,26.297207,-10.008251,-13.545271,-34.553078,45080.023,10.443121,11.206905,14.919332,18.236902,-7.535645,-10.431945,-26.844671,28262.365,7.477947,8.345434,12.982643,15.09031,-6.100377,-9.047468,-18.62823,22440.97,7.068276,6.48646,10.053417,12.327553,-4.784504,-6.980693,-14.856226,7277.556,3.423954,2.884485,7.949272,10.337368,-1.622087,-2.940831,-5.961699,7499.8745,3.458426,2.873137,7.5328,9.96258,-1.586111,-2.638518,-5.848608,36544.77,8.125257,12.015352,20.789764,23.358122,-8.777124,-14.302384,-27.424074,32040.38,7.79678,10.746075,18.649534,21.99448,-7.498634,-11.85037,-25.304845
3.0,200.0,70912.82,18.903748,20.961021,31.090185,34.60493,-14.455137,-19.825602,-41.612312,72445.16,17.480392,23.315428,37.49607,40.37886,-14.686656,-20.673552,-46.978386,22317.37,6.734214,6.988425,12.40479,14.937589,-4.981447,-7.307233,-13.55644,22225.006,6.501377,7.017747,12.874062,14.602935,-4.950281,-7.422351,-15.279641,5592.2285,3.099498,2.312476,6.198836,8.058477,-1.327558,-2.252867,-4.458276,5137.676,2.917556,2.104025,5.611561,7.668921,-1.174401,-1.865066,-3.907503,27347.592,7.239422,9.62906,18.370852,20.782719,-6.575017,-10.237709,-18.00579,28840.361,7.164383,10.340459,20.549599,23.167261,-7.201113,-11.791494,-20.121796,57254.387,11.765628,16.199991,23.243933,26.690413,-10.218213,-13.751729,-37.23441,47568.082,10.40917,12.198997,16.59666,20.367601,-7.908654,-10.697946,-27.447355,26329.762,7.081674,7.88715,12.73401,14.804139,-5.794653,-8.585182,-17.834087,20757.04,6.760318,6.090298,9.817385,11.729189,-4.501342,-6.510785,-14.253561,7006.5347,3.32643,2.824568,7.908785,11.143385,-1.612049,-2.875706,-6.193495,7202.1597,3.379831,2.810836,7.488817,9.628107,-1.553439,-2.509704,-5.083893,33550.547,7.726354,11.184501,20.124565,22.708048,-8.274043,-13.846478,-26.427362,29603.014,7.555285,10.047372,18.107847,20.804337,-7.049724,-11.130865,-20.743559
3.0,200.0,71241.96,20.366793,21.371674,32.335842,35.32642,-14.594783,-20.510317,-40.958164,73277.6,19.341751,24.102352,39.842278,43.494415,-15.045519,-20.841547,-48.848186,22501.752,8.418386,6.597558,11.307799,13.300365,-4.770949,-7.020346,-12.613813,22342.783,8.179015,6.56997,11.747312,13.358341,-4.788721,-7.131226,-14.440087,5595.566,3.099105,2.246982,6.117036,7.988026,-1.32497,-2.339209,-4.497193,5141.5015,2.901864,2.017628,5.397607,7.321867,-1.144641,-1.908355,-3.810277,27325.975,8.070672,9.378086,17.633888,20.235323,-6.35908,-10.284015,-16.159576,28791.98,7.974742,10.117545,19.823557,22.443165,-7.007426,-11.732092,-20.25597,58108.797,13.581808,16.664095,24.205538,28.678705,-10.437027,-14.32306,-39.575333,48330.703,12.673897,12.517997,17.33805,20.82648,-8.006656,-11.122608,-26.146727,26967.9,10.065174,7.791557,12.122797,14.296911,-5.658469,-8.381858,-16.908222,21120.305,8.776193,5.930318,9.109888,10.835617,-4.341427,-6.37215,-15.525747,7072.505,3.499411,2.725947,7.642796,10.692155,-1.579772,-2.861221,-6.402433,7224.6494,3.514246,2.696486,7.141344,9.287284,-1.503655,-2.55248,-6.444802,34113.707,9.959202,11.194806,19.672552,22.457712,-8.106052,-13.570134,-25.050236,29934.479,9.287062,9.989562,17.519623,19.928608,-6.872078,-10.976932,-24.239086
3.0,200.0,70294.36,18.586613,20.627981,30.462044,34.620285,-14.36196,-20.019419,-55.470074,72069.195,17.682648,23.120712,37.23526,41.601574,-14.586611,-20.669764,-49.226727,21355.268,6.157384,6.566106,11.719968,13.472623,-4.656081,-7.024595,-14.812511,21165.146,5.983603,6.618336,12.232873,14.418036,-4.632399,-6.854734,-12.781517,5508.972,3.189095,2.192146,5.796093,7.907609,-1.235915,-2.145897,-4.433922,5049.556,2.982973,1.980229,5.160707,7.442775,-1.089051,-1.749685,-3.692271,26302.213,6.758089,9.04393,17.269714,19.421635,-6.158557,-9.768353,-16.693039,27709.754,6.768788,9.773625,19.363316,21.963507,-6.662589,-10.919811,-18.730055,57191.582,11.527609,16.271961,23.377628,28.119154,-10.276164,-14.085662,-43.42056,47286.87,10.110714,12.189513,16.900185,20.959654,-7.947226,-11.228093,-33.315437,24799.697,6.044814,7.401861,12.275906,15.474316,-5.434853,-7.960651,-18.766361,19704.188,5.642491,5.757516,9.48978,11.713753,-4.254424,-6.184464,-15.216076,6842.9707,3.356583,2.660547,7.360423,11.453443,-1.50631,-2.737889,-6.495548,7007.899,3.386142,2.629044,6.861141,10.154324,-1.441675,-2.387416,-6.291157,32107.145,6.854832,10.605177,19.276255,22.238562,-7.746796,-12.723777,-25.96926,28377.748,6.753153,9.478712,17.036762,19.789562,-6.667827,-10.803547,-21.540036
3.0,200.0,69559.875,17.505579,20.41932,30.035772,34.626045,-14.22662,-20.867792,-46.946033,70655.266,15.657149,22.714264,36.0403,39.606102,-14.507797,-20.621304,-47.38311,23895.434,6.702478,7.505788,13.171901,15.744308,-5.213647,-8.000929,-14.080253,23800.057,6.489729,7.536916,13.708642,15.947815,-5.211403,-7.692911,-15.017344,5686.453,3.162773,2.355215,6.26823,8.604663,-1.312323,-2.178155,-4.798299,5216.6616,2.970842,2.122941,5.589899,7.789939,-1.144173,-1.812219,-3.972455,29631.34,7.206091,10.478176,19.748774,22.222532,-6.979488,-11.310164,-19.873272,31348.57,7.174259,11.316164,22.225239,25.876156,-7.583274,-12.44614,-22.454987,55316.6,10.739748,15.503834,22.007723,28.443686,-10.091062,-13.938831,-38.816753,45560.344,9.506766,11.442524,15.488724,19.482595,-7.66251,-11.028655,-33.19442,28133.877,7.063694,8.371003,13.483796,16.489073,-6.071931,-8.969296,-23.310408,22256.555,6.707528,6.513076,10.404108,12.746981,-4.72202,-7.04741,-14.989478,7202.0127,3.376528,2.898683,8.018975,11.18899,-1.608613,-2.921419,-6.444334,7387.087,3.400037,2.881722,7.633913,10.190723,-1.545954,-2.519619,-6.492527,36353.363,7.722919,12.15553,21.584087,25.409506,-8.699155,-14.259649,-28.416958,31841.148,7.485321,10.850242,19.415789,22.056414,-7.419212,-11.987362,-23.360775
3.0,200.0,71223.18,20.202368,20.965202,31.072416,34.210136,-14.650977,-20.038757,-46.157623,72233.35,18.130596,23.253878,37.38456,41.931824,-14.81131,-21.211569,-47.832935,23955.799,8.02121,7.2081,12.468326,14.743439,-5.116759,-7.662351,-15.844512,23894.781,7.804506,7.189034,12.783125,14.626212,-5.094082,-7.676485,-14.908816,5601.856,3.142642,2.29537,6.309157,8.301909,-1.304834,-2.342084,-4.93075,5127.5503,2.939274,2.084201,5.59912,8.414067,-1.144268,-1.905972,-3.904419,29308.277,7.825365,10.236147,19.450775,22.51196,-6.88653,-10.946711,-20.053972,31043.969,7.730301,10.992979,21.642874,24.721277,-7.550807,-12.497233,-24.001091,57218.32,12.896157,15.976464,22.743498,26.588428,-10.284507,-14.212043,-43.517406,47298.18,11.963023,11.956188,16.262913,20.138538,-7.871303,-11.041044,-30.017048,28573.709,9.01235,8.348583,13.093699,16.378498,-5.992792,-8.990511,-22.307713,22531.264,8.171075,6.451896,10.093432,12.733564,-4.662856,-7.019421,-14.901004,7111.3784,3.449703,2.817194,7.999635,11.892199,-1.598536,-2.920153,-6.350195,7325.0825,3.507381,2.821101,7.611307,10.211825,-1.540637,-2.645172,-6.115117,36638.29,9.130452,12.08138,21.312468,24.224417,-8.734004,-14.525686,-29.278933,31992.145,8.617412,10.795807,19.113861,22.4624,-7.404445,-12.065585,-24.100466
3.0,200.0,71198.164,19.947851,22.705154,34.320366,37.34522,-14.471074,-21.137308,-61.683174,72482.03,18.109375,24.295296,38.051212,43.2935,-14.637661,-22.144402,-54.063217,23833.553,7.628482,7.674943,12.945771,14.959951,-5.220454,-7.719161,-16.37407,23779.688,7.329487,7.581327,13.189107,15.063913,-5.192376,-7.652168,-15.996551,5744.248,3.109224,2.38168,6.386997,8.689128,-1.367149,-2.272063,-4.836171,5270.4473,2.921842,2.173718,5.893922,8.007869,-1.210823,-1.910923,-3.990219,29325.895,7.683074,10.55803,19.827314,22.578873,-7.034213,-11.04272,-17.991121,30940.72,7.561054,11.201739,22.006023,26.677391,-7.632493,-12.477043,-24.025799,56943.15,12.969964,17.579489,27.593775,82.26532,-10.194054,-14.026366,-46.761555,47471.785,12.067312,13.503402,20.484457,62.29235,-7.891393,-11.14115,-36.81802,28237.734,8.372679,9.078011,13.770224,40.037056,-6.021801,-9.162982,-21.860111,22078.186,7.737603,6.990227,10.56701,30.820095,-4.70217,-6.998216,-15.484884,7283.9067,3.39263,2.91603,8.278579,12.357042,-1.66104,-3.012785,-7.111985,7459.058,3.449719,2.937465,7.979525,11.761095,-1.620278,-2.792002,-6.509894,36160.594,8.783739,12.370623,21.541986,24.826405,-8.693837,-14.31623,-28.717558,31429.568,8.335271,11.030431,19.33686,22.991926,-7.475918,-12.057924,-26.747228
3.0,200.0,72364.25,17.526587,21.379084,31.57826,36.883816,-14.888241,-21.3971,-53.55463,73098.86,15.259578,23.552666,38.02675,43.286613,-15.117375,-21.71239,-65.58184,24074.736,7.331976,7.352146,12.712607,14.966507,-5.152862,-7.620592,-17.036827,23971.57,7.149314,7.366484,13.273311,15.756777,-5.161132,-7.70806,-18.357784,5677.9463,3.199782,2.345453,6.366047,8.941745,-1.314387,-2.417756,-5.58234,5241.296,3.017105,2.107103,5.584806,8.350796,-1.141594,-1.904356,-4.2934,29761.668,7.557498,10.413029,19.511953,22.311934,-6.945339,-11.173723,-20.526632,31321.613,7.533333,11.205531,22.000238,25.984962,-7.630904,-12.614298,-25.5954,57749.914,11.243766,16.285925,23.30634,29.490479,-10.572281,-14.966345,-52.335106,47318.31,10.240567,11.97256,16.427965,22.029236,-7.992811,-11.165355,-34.919056,28291.896,7.95332,8.374983,13.397425,16.765095,-6.033329,-9.079605,-23.180075,22556.184,7.456048,6.474484,10.162901,13.436306,-4.704682,-7.133421,-18.335663,7220.9536,3.458458,2.887293,8.072224,11.957766,-1.610874,-3.156388,-8.488341,7445.11,3.482719,2.854898,7.474972,10.991512,-1.535554,-2.746054,-7.418729,36416.805,8.466692,12.124507,21.620283,25.821072,-8.685947,-14.611097,-32.060513,32081.777,8.047842,10.85212,19.033848,23.427258,-7.424177,-12.214744,-28.204515
3.0,200.0,71642.24,20.790457,21.047676,31.404959,35.596703,-14.617603,-20.923912,-59.82566,72426.75,18.68115,23.32527,37.917805,43.504875,-14.750396,-21.48812,-58.869644,23663.402,8.010502,7.155005,12.392756,14.820966,-5.059991,-7.680539,-19.283741,23521.502,7.738628,7.101474,12.65098,14.74817,-5.032283,-7.582068,-15.100733,5625.637,3.132268,2.319866,6.258344,8.866819,-1.308831,-2.309389,-5.442012,5133.685,2.923952,2.105899,5.668055,8.190683,-1.150292,-1.873394,-4.325908,28958.07,7.845139,10.17183,19.285257,22.183645,-6.815763,-10.679594,-19.406017,30704.324,7.760072,10.944527,21.337685,25.13979,-7.453399,-12.079824,-23.521774,57332.49,13.365235,15.956132,22.733044,30.601265,-10.296233,-14.761196,-44.947514,47435.41,12.474777,11.92557,16.255562,21.902288,-7.865859,-11.230305,-31.668991,28204.283,9.004604,8.260917,12.992438,16.797785,-5.901967,-9.224643,-24.918932,22063.727,8.119407,6.343085,9.965493,12.660478,-4.562995,-7.037672,-16.424429,7084.6133,3.42304,2.835617,7.953401,11.915197,-1.592516,-2.835614,-7.994531,7291.4253,3.476935,2.837708,7.61922,10.857965,-1.536283,-2.606932,-7.802804,35993.72,9.157428,11.966691,21.008451,24.929434,-8.583734,-14.307909,-29.43446,31359.023,8.651883,10.679637,18.866056,22.129398,-7.28067,-11.762243,-27.051752
3.0,200.0,68590.0,14.999096,20.091543,29.683298,34.58892,-14.094265,-20.701221,-64.3273,69161.37,13.412803,21.840776,34.313885,41.04354,-14.095579,-20.387644,-68.34762,22963.318,5.609861,7.311215,12.990015,15.69453,-5.186825,-7.889269,-15.702056,22922.91,5.439944,7.322072,13.243212,15.858392,-5.137425,-7.624092,-16.077581,5668.757,3.17793,2.250862,5.879934,8.441217,-1.294165,-2.272309,-4.610906,5197.08,2.989593,2.063839,5.41141,7.542573,-1.151811,-1.909522,-5.417109,29068.84,6.456448,10.110741,19.191677,21.779257,-6.963538,-11.040171,-20.418295,30800.828,6.41479,10.940535,21.3661,25.138063,-7.5153,-12.517264,-30.558851,54431.33,9.714266,15.020431,21.691187,29.400625,-9.893757,-14.2691,-39.25109,44754.87,8.505948,11.19839,15.393398,22.236576,-7.611188,-11.356604,-39.040844,26754.643,5.615431,8.014505,12.957229,17.430414,-5.910011,-8.989723,-22.412779,21222.465,5.277617,6.314718,10.336856,14.627116,-4.701325,-7.15833,-17.34471,7148.274,3.314696,2.787799,7.592037,11.835676,-1.609702,-2.905888,-7.957805,7320.887,3.348279,2.808021,7.395053,10.473265,-1.560677,-2.769743,-7.205426,35406.33,6.515086,11.68883,20.829716,25.14622,-8.680101,-14.259894,-35.20657,31016.447,6.483527,10.39879,18.653486,23.570107,-7.412841,-12.104628,-29.556714
4.0,200.0,125633.43,8.692031,30.478859,39.882862,46.746597,-21.816738,-30.075193,-94.97031,116827.5,7.237314,29.233953,41.85885,48.394306,-20.32791,-29.34091,-98.18939,27677.277,5.489717,6.082123,8.699979,10.383136,-5.301952,-7.707273,-14.108087,28032.88,5.330919,6.049291,9.152898,10.676128,-5.254996,-7.563066,-13.97941,4933.768,2.652833,1.639432,4.026177,5.296794,-0.974446,-1.558329,-3.103034,4789.106,2.552451,1.553773,3.762319,5.308631,-0.901493,-1.41083,-2.911937,33379.367,5.692246,8.03574,13.008642,14.779195,-7.021441,-10.882318,-20.709982,35047.312,5.700218,8.544718,14.931151,17.427256,-7.407116,-12.092392,-21.023792,85100.875,6.823478,20.912918,26.928667,35.09221,-13.830906,-19.31749,-57.738415,70123.47,6.722677,16.018267,20.027662,25.00998,-11.245846,-16.308968,-45.688107,30188.969,5.653534,7.065663,9.023916,11.204326,-6.289033,-9.053574,-17.434807,25953.002,5.369332,5.558864,7.029271,9.299168,-5.122965,-7.142716,-14.342958,7731.396,3.022887,2.426968,6.33647,9.183818,-1.500069,-2.586728,-5.14399,8028.014,3.044518,2.338363,5.750589,7.52148,-1.492693,-2.319424,-5.47231,37547.72,6.126582,9.556039,14.57093,17.066235,-8.682294,-14.444424,-24.675358,33772.617,5.894902,8.565236,12.679513,14.693796,-7.671796,-12.359933,-21.718007
4.0,200.0,114206.37,7.316122,27.233324,37.54318,43.212887,-19.928068,-27.450823,-82.495834,107286.8,6.280697,26.891607,41.047188,46.114098,-18.757826,-25.71668,-82.884636,21087.793,4.239996,5.066119,8.608678,10.719664,-4.099524,-6.032322,-11.458325,21142.23,4.136085,5.107319,9.153843,10.8177,-4.045572,-5.706626,-11.160252,4541.362,2.412851,1.658637,4.450626,5.863172,-0.912661,-1.485025,-2.651648,4321.6826,2.324758,1.529328,4.003289,5.344213,-0.814942,-1.257512,-3.140498,25986.96,4.594868,6.95738,12.973331,14.900684,-5.416747,-8.081837,-13.349701,27085.06,4.578257,7.47089,14.877283,17.394556,-5.716418,-9.19529,-16.153664,81105.305,6.048975,19.611584,25.961302,33.12353,-13.203836,-18.136496,-64.66974,65746.625,5.790368,14.908669,19.11086,25.167505,-10.560293,-14.223874,-44.33647,23742.955,4.385436,5.870198,8.786137,10.812332,-4.883623,-6.903583,-12.745863,19412.467,4.013481,4.506717,6.887651,8.638425,-3.832833,-5.340377,-11.739731,6655.9355,2.703292,2.254875,6.43605,8.987627,-1.307573,-2.241324,-4.588082,6874.09,2.731515,2.151814,5.699497,7.838222,-1.257586,-1.968536,-4.048402,29567.166,4.771207,8.143466,15.045106,17.530466,-6.828536,-11.082397,-21.15548,26634.46,4.663577,7.243389,12.819365,15.925471,-5.950647,-9.289615,-15.743011
4.0,200.0,147279.23,7.80667,35.236774,45.978977,61.29652,-25.519089,-35.648895,-155.70294,136580.94,6.593398,33.552547,47.506668,54.914783,-23.861326,-35.999348,-140.8752,25536.457,5.100128,6.268028,9.984139,11.743727,-5.150262,-7.574914,-13.937643,25185.459,4.910448,6.173726,10.400058,12.062332,-5.037348,-7.375399,-12.591228,5381.506,2.503339,1.926504,5.1206,6.788999,-1.110387,-1.762522,-3.52276,4982.0117,2.368003,1.752948,4.575156,6.082732,-0.9711,-1.504325,-3.501904,30999.52,5.064278,8.558705,15.645627,18.091204,-6.92215,-10.854209,-16.755013,32045.818,5.008281,9.073994,17.772581,20.58461,-7.212713,-12.30578,-20.088614,103157.54,6.302005,24.91211,32.316906,46.361015,-16.763206,-23.39357,-76.93755,84309.34,6.136645,19.19022,24.646793,33.194443,-13.465245,-19.020353,-70.15415,30960.453,5.740365,7.633584,10.566316,12.632162,-6.416215,-9.293369,-17.780611,24450.527,5.352723,5.78629,7.983686,9.798465,-4.906245,-7.171272,-13.766475,7582.0522,2.756322,2.524412,7.137973,10.154429,-1.542069,-2.495611,-5.641246,7682.754,2.758237,2.403936,6.371313,8.815881,-1.465005,-2.317293,-5.648995,38697.03,5.832243,10.673081,18.493355,22.631195,-9.333589,-14.925776,-25.378616,34194.06,5.576952,9.35625,15.860517,18.60844,-8.016382,-12.179104,-25.683526
4.0,200.0,148164.64,7.27537,35.100037,45.794136,54.374657,-25.454948,-37.013927,-144.6827,137670.8,6.297751,33.67863,47.702335,55.95645,-23.715565,-34.695503,-118.459015,25284.25,4.605689,6.191818,9.689907,11.363533,-5.332236,-7.39513,-14.261487,24738.727,4.41968,6.104079,10.17008,11.880623,-5.232841,-7.162826,-13.825198,5532.632,2.622813,1.858798,4.745513,6.227799,-1.136939,-1.807484,-3.733622,5098.0195,2.474376,1.679573,4.213671,5.639536,-1.002796,-1.570613,-3.081552,31340.715,4.882558,8.522926,14.938523,16.962309,-7.206839,-10.73111,-18.155087,32341.932,4.843845,8.963883,16.863817,19.344202,-7.633763,-11.538168,-19.337774,103827.94,5.993932,25.020859,32.317764,46.879745,-16.620695,-23.436771,-90.46492,84222.85,5.81652,19.217876,24.034252,33.52864,-13.271419,-17.888012,-57.597134,30819.787,4.89763,7.422003,10.347477,12.584646,-6.674091,-9.577071,-18.246176,23980.715,4.500148,5.684213,7.85413,10.202781,-5.130768,-7.077581,-13.549592,7601.2764,2.814559,2.423622,6.669969,8.823845,-1.542889,-2.6497,-5.647898,7594.88,2.778059,2.297582,5.872077,7.801065,-1.473065,-2.343714,-5.393715,40029.8,5.416269,10.638814,17.820246,21.201803,-9.812405,-15.340536,-25.124847,34816.594,5.201726,9.247015,15.0699,18.030607,-8.240383,-12.91318,-23.028702
4.0,200.0,157363.7,7.074733,37.842587,49.73503,61.45812,-27.109955,-40.807785,-159.16057,143894.8,6.111781,35.72663,50.663227,59.83881,-25.034597,-34.686485,-138.27974,28768.809,4.904717,7.116868,10.690603,12.596865,-5.995615,-8.075335,-14.546513,28257.86,4.723301,6.961354,11.261496,13.193799,-5.875435,-8.144115,-16.56767,5777.4346,2.634156,1.970469,5.020166,6.743849,-1.203606,-1.865098,-3.462579,5266.6655,2.465232,1.768783,4.442513,5.980245,-1.041272,-1.593438,-3.416347,35936.24,5.111567,9.869813,16.783154,19.13149,-8.200284,-12.383164,-18.487387,37304.746,5.093131,10.341452,19.06749,22.019777,-8.725779,-13.537483,-22.230492,105900.18,5.865602,26.030758,33.458427,45.17195,-17.092783,-23.80962,-96.64998,85835.31,5.739331,19.692753,24.72703,36.368683,-13.682691,-18.900465,-67.22249,35127.734,5.41992,8.487103,11.226706,13.423373,-7.424913,-10.584346,-19.67195,27266.91,4.986778,6.486203,8.599443,10.852833,-5.656081,-7.844443,-17.208399,8064.722,2.829288,2.599143,7.189322,9.558216,-1.655722,-2.638154,-5.448488,8085.6064,2.78586,2.472764,6.307676,8.798059,-1.569929,-2.355042,-5.25039,45657.08,5.842881,12.20228,19.540314,23.377373,-11.023765,-17.430159,-35.445065,39640.566,5.53539,10.578073,16.610538,19.27575,-9.235757,-14.237513,-26.427012
4.0,200.0,160589.05,7.26269,39.121796,51.174404,61.078342,-28.13607,-39.401608,-151.15099,147032.56,6.235563,36.751347,52.230778,64.53376,-25.728544,-36.68109,-124.94162,28768.953,5.294916,7.042712,10.662323,12.536265,-5.866827,-8.007108,-14.110173,28137.176,5.085544,6.870959,10.979115,13.019708,-5.749418,-8.149587,-15.163553,5698.704,2.603625,1.972182,5.133978,6.84863,-1.18709,-1.8301,-3.267623,5238.9834,2.449634,1.771738,4.59432,6.540992,-1.040215,-1.546218,-3.502492,35309.72,5.233627,9.700985,16.979485,19.16496,-7.990698,-11.768614,-19.966524,36446.242,5.167192,10.149547,19.22889,22.655819,-8.408909,-12.624502,-21.192764,108195.16,6.009021,26.504286,34.5625,42.099167,-17.565233,-24.590816,-81.13416,87470.305,5.931545,20.165407,25.466967,35.986866,-14.054586,-19.333838,-72.713066,35447.41,5.913737,8.52826,11.440182,13.601019,-7.335662,-10.144747,-20.121447,27589.578,5.479816,6.506123,8.727738,10.529146,-5.585719,-7.70816,-15.960413,7881.94,2.798976,2.581943,7.205511,10.047785,-1.622485,-2.614269,-5.215275,7967.642,2.7872,2.45128,6.436998,8.988093,-1.552175,-2.448551,-6.280206,45604.516,6.074173,12.200813,20.373335,25.651014,-10.889793,-16.776735,-31.498936,39562.457,5.750074,10.574315,17.134987,20.706652,-9.138155,-13.808144,-27.473159
4.0,200.0,158315.2,7.22291,37.819347,48.58409,62.96965,-27.50202,-40.64358,-169.1587,144411.62,6.185555,35.675667,50.220013,58.045174,-25.299217,-36.708664,-136.39638,28622.08,5.088545,7.062478,10.856156,13.165506,-5.86487,-8.247402,-16.695312,28035.742,4.909794,6.923998,11.356664,12.88507,-5.76021,-8.024814,-15.59089,5828.4624,2.556218,2.047611,5.359893,6.838457,-1.230939,-1.918311,-3.366173,5343.709,2.399183,1.824291,4.626063,6.471652,-1.069766,-1.618507,-3.186874,35575.977,5.118837,9.81866,17.207336,19.54284,-8.06861,-12.172146,-21.219316,36518.953,5.045273,10.290284,19.654772,23.220606,-8.546532,-13.183145,-22.841446,108015.75,5.974045,26.246368,34.332195,50.52575,-17.469072,-24.064095,-99.43921,88225.65,5.917825,20.092676,25.425453,32.692398,-14.031855,-19.242764,-69.64341,34846.16,5.66765,8.497159,11.638292,14.195315,-7.293373,-10.382766,-21.72444,27047.166,5.270509,6.445236,8.717155,10.627171,-5.517921,-7.615051,-16.55569,8043.232,2.751408,2.683841,7.483982,9.951469,-1.682648,-2.741542,-5.202464,8108.296,2.726859,2.525985,6.445169,8.740118,-1.582172,-2.396974,-5.784153,45029.51,5.906338,12.193248,20.61485,24.647799,-10.909304,-17.245543,-31.848225,39137.855,5.596673,10.57184,17.23722,20.1664,-9.098315,-13.963193,-24.433642
4.0,200.0,161862.69,7.044297,39.584568,51.86146,65.59468,-28.1081,-41.01874,-164.29929,148554.0,6.093799,37.2515,53.06606,65.687256,-25.71503,-37.819077,-171.40611,29702.201,5.171699,7.220537,10.772055,12.63173,-6.156571,-8.778855,-17.820826,29080.938,4.976401,7.080244,11.137707,13.347418,-5.990979,-8.363947,-17.77603,5906.534,2.654305,1.979612,5.092946,6.513147,-1.224246,-1.935407,-4.11474,5384.0083,2.483193,1.778595,4.47349,6.110633,-1.076695,-1.597768,-3.363198,36868.812,5.23153,10.014195,17.121365,19.655367,-8.424101,-12.776926,-24.078327,38317.918,5.202104,10.528445,19.18747,22.260439,-8.835693,-13.893122,-22.62077,108904.53,5.875556,26.66447,34.676067,45.02945,-17.59983,-24.717148,-91.40038,88624.87,5.833151,20.32252,25.959759,35.87687,-14.122706,-19.3197,-64.59443,36370.293,5.732224,8.711369,11.476026,14.722949,-7.624486,-10.826882,-21.450645,28292.129,5.331522,6.629337,8.688057,10.696357,-5.832964,-8.059128,-16.339266,8172.893,2.84166,2.60332,7.044264,9.901137,-1.67585,-2.736776,-5.530474,8182.8193,2.800084,2.46896,6.297574,8.649541,-1.620427,-2.433883,-5.940859,47586.465,6.066316,12.581915,20.018663,23.491922,-11.37457,-18.015139,-40.143967,41007.4,5.731844,10.834236,17.108833,19.766537,-9.554974,-14.75359,-27.607863
4.0,200.0,162666.67,7.324803,39.36839,51.07797,66.5276,-28.066227,-39.699142,-177.00162,148401.05,6.245723,37.155106,52.28482,66.46115,-25.786007,-37.775154,-141.43808,29131.873,5.279058,7.084545,10.685235,12.428446,-6.03231,-8.520529,-14.691589,28546.305,5.086775,6.941414,11.001583,13.421823,-5.914833,-8.352837,-14.834255,5861.607,2.592396,1.987224,5.172904,6.657992,-1.253132,-1.980034,-3.709606,5361.379,2.435982,1.786802,4.562187,6.152769,-1.080591,-1.63765,-3.852838,35984.918,5.227473,9.849722,17.140509,19.413887,-8.255051,-12.569321,-23.759481,37120.14,5.145832,10.353835,19.326216,21.942625,-8.789667,-13.905188,-25.370316,109984.16,6.03496,26.74479,35.13254,47.81653,-17.654524,-24.785791,-88.62642,89356.42,5.962185,20.466885,26.391682,39.232388,-14.101284,-19.123743,-79.18058,35832.99,5.86741,8.609616,11.405027,14.020837,-7.560087,-10.731063,-20.98639,27828.988,5.471601,6.500606,8.607687,10.534767,-5.742726,-8.06596,-16.4338,8001.124,2.78217,2.583296,7.071521,10.3667,-1.691161,-2.743401,-5.473167,8025.3823,2.748973,2.468827,6.352919,8.399927,-1.596266,-2.487034,-6.179785,46510.277,6.047229,12.350063,20.193298,24.905767,-11.324027,-17.782291,-31.174946,40247.457,5.749662,10.672812,17.192034,19.613829,-9.411217,-14.414226,-25.845899
4.0,200.0,158815.39,6.941725,38.2798,50.55499,63.693348,-27.218006,-37.789913,-134.67184,145910.64,6.053827,36.278458,51.20061,61.53678,-25.116318,-34.91558,-133.44785,28939.666,4.589835,7.160227,10.773727,12.765882,-6.189026,-8.62188,-15.485505,28218.586,4.409049,7.021149,11.287221,13.085831,-6.068765,-8.432829,-16.299685,5941.1035,2.702199,1.956985,4.913651,6.427256,-1.238291,-1.944126,-3.876858,5415.6606,2.527959,1.741738,4.329962,5.603631,-1.064875,-1.562817,-3.476733,36469.703,4.954287,9.938773,16.60048,18.934975,-8.435231,-12.617233,-23.071323,37907.473,4.940233,10.473852,19.134804,22.740435,-9.040837,-14.10681,-23.484438,107499.016,5.78043,26.042345,34.088924,48.049774,-17.170296,-24.44687,-82.42797,86876.6,5.635269,19.950205,25.006279,33.888268,-13.726619,-18.767488,-65.188675,35218.703,4.953298,8.501217,11.405594,14.192651,-7.690048,-11.054115,-20.886286,27302.926,4.515023,6.514662,8.668466,10.563998,-5.863436,-8.063007,-15.579455,8174.408,2.86215,2.56248,6.928228,9.382512,-1.689605,-2.67548,-5.212462,8157.1504,2.802893,2.428571,6.021233,8.238076,-1.589902,-2.330341,-5.470386,47095.812,5.591202,12.358724,19.674215,23.166445,-11.544358,-17.876598,-35.1274,40330.105,5.313679,10.633267,16.617064,19.706078,-9.547098,-14.599116,-25.087517
4.0,200.0,161989.58,7.136911,39.246284,51.168938,61.092228,-28.048538,-42.415295,-178.63045,148112.58,6.151968,36.93826,51.873413,63.775017,-25.697496,-38.33285,-163.90619,29319.393,5.107465,7.187153,10.725876,12.632501,-6.122695,-8.515742,-16.215378,28608.477,4.894878,7.037034,11.007445,13.213227,-5.951569,-8.510038,-14.716583,5974.0693,2.615185,2.019013,5.133139,6.970958,-1.270894,-1.933476,-4.053156,5480.5312,2.468257,1.820602,4.571369,5.886339,-1.112766,-1.612255,-3.418298,36652.438,5.208622,9.912948,17.006735,19.448112,-8.454137,-12.480504,-21.079145,37780.035,5.126125,10.464287,19.21503,21.696695,-8.95485,-13.645195,-22.385756,109201.42,5.91123,26.6706,34.59867,46.93096,-17.609716,-24.385633,-96.20737,88881.89,5.856156,20.433214,25.725376,35.866188,-14.142992,-19.298918,-63.080677,35924.508,5.633248,8.675944,11.379658,14.061,-7.582203,-10.653636,-23.05254,27830.297,5.269822,6.603374,8.695885,10.865636,-5.750559,-8.102711,-16.613825,8159.708,2.793505,2.616589,7.067093,9.494265,-1.713569,-2.803242,-6.248884,8169.9985,2.764459,2.491832,6.33999,8.611511,-1.627035,-2.468719,-5.328267,47143.81,5.98464,12.496267,19.858517,23.279686,-11.431746,-17.788343,-34.904602,40552.977,5.682472,10.715642,16.90911,20.637728,-9.508164,-14.434228,-24.460861
4.0,200.0,159691.38,6.98874,38.249943,50.622276,69.46995,-27.620813,-41.076138,-183.46774,146293.81,6.075735,36.44647,51.36404,60.646797,-25.168365,-40.049118,-166.96678,28954.379,4.63716,7.114235,10.641813,12.79465,-6.166312,-8.538726,-16.245626,28288.662,4.454094,6.956833,11.136917,13.283877,-6.02627,-8.401706,-17.203074,5999.5815,2.730241,1.943875,4.871415,6.230687,-1.238146,-1.893748,-3.790664,5462.6323,2.551256,1.736028,4.270454,5.689661,-1.076679,-1.565827,-3.334729,36521.562,5.004325,9.802392,16.441334,18.93054,-8.407336,-12.294329,-21.184168,37958.367,4.982185,10.284097,18.674175,21.587063,-9.000105,-13.49074,-25.114277,106889.766,5.758786,26.13598,33.775375,46.960545,-17.183422,-24.408043,-90.61519,86973.47,5.659106,19.913527,25.08448,38.12359,-13.714832,-18.33362,-60.103867,35395.98,4.986197,8.452683,11.307682,14.397635,-7.686112,-10.737932,-19.636099,27419.582,4.545491,6.499324,8.700487,10.617532,-5.887144,-8.063121,-16.713318,8186.7983,2.883425,2.536896,6.74648,9.21675,-1.675629,-2.605527,-5.76699,8183.8223,2.831774,2.399106,5.936833,8.935013,-1.59029,-2.407393,-5.279507,47113.723,5.607626,12.247859,19.6165,22.522245,-11.428811,-17.735704,-34.35288,40425.75,5.346799,10.548276,16.434738,20.075954,-9.512578,-14.154619,-26.668131
4.0,200.0,162991.75,7.183455,39.38395,51.744774,66.304825,-28.302572,-43.212013,-178.58176,148957.78,6.169043,37.276295,52.671154,63.78375,-26.01733,-38.53061,-140.85884,29342.938,5.081974,7.209958,11.021999,13.403928,-6.133845,-8.628639,-15.51452,28894.863,4.900204,7.072288,11.23233,12.910438,-5.994551,-8.482841,-15.698546,6125.262,2.607746,2.054332,5.37269,7.131089,-1.280992,-2.007051,-3.586933,5573.979,2.447785,1.845611,4.750585,6.094782,-1.118319,-1.671468,-3.444068,36641.207,5.177993,9.973821,17.41097,19.720999,-8.342223,-12.562483,-20.372658,38185.098,5.134615,10.524168,19.540352,22.16978,-8.874793,-13.704191,-24.607286,109801.4,5.926203,27.001211,35.198666,51.16105,-17.692122,-24.471903,-97.186264,89987.5,5.88616,20.741934,26.098774,38.61792,-14.289843,-19.107813,-72.40076,36109.426,5.63252,8.671691,11.510677,13.816215,-7.591113,-10.900305,-24.281342,27895.502,5.276329,6.596152,8.789878,10.765575,-5.805644,-8.240822,-14.962863,8266.615,2.780632,2.650333,7.385439,10.085033,-1.715823,-2.760417,-5.578423,8285.355,2.755748,2.531746,6.619065,8.854226,-1.622133,-2.469357,-5.436541,47368.934,5.989553,12.491014,20.354893,24.241484,-11.268631,-17.766706,-35.57312,40467.594,5.654304,10.717457,17.423542,21.07954,-9.407599,-14.205745,-26.272839
4.0,200.0,162373.84,7.091836,39.58173,51.979458,67.45666,-27.986574,-39.65857,-156.40991,147935.78,6.094336,37.442673,52.91485,64.39765,-25.721392,-37.216354,-130.57521,29868.89,5.028458,7.241601,10.520982,13.187346,-6.284152,-8.686035,-17.585157,29387.678,4.856275,7.127514,10.899334,13.029623,-6.107111,-8.323088,-15.769949,6043.9854,2.702363,1.993878,4.935918,6.52236,-1.250767,-1.895951,-4.163419,5495.68,2.534205,1.794266,4.365327,5.683249,-1.093069,-1.573675,-3.477956,37230.812,5.237182,9.999961,16.588903,19.069069,-8.48719,-12.266969,-21.199125,38776.406,5.208784,10.531206,18.81148,21.814165,-9.005199,-13.536561,-24.487234,108074.984,5.799071,26.688412,34.754704,50.544037,-17.399965,-24.58685,-88.43074,87937.07,5.715791,20.408155,25.646212,38.668697,-13.996429,-19.423079,-67.56692,36865.47,5.518541,8.682348,11.27127,14.179148,-7.817189,-11.004266,-21.34706,28516.87,5.104862,6.626841,8.69188,11.415086,-5.978572,-8.188286,-16.297682,8207.673,2.871882,2.578724,6.780649,9.133733,-1.675421,-2.688418,-5.389098,8212.295,2.831296,2.485683,6.085615,8.056675,-1.609986,-2.303489,-5.107778,48364.3,5.971481,12.456316,19.539803,23.138248,-11.533815,-17.762445,-30.564613,41444.49,5.664315,10.738118,16.471855,19.839853,-9.558988,-14.36743,-25.966564
4.0,200.0,162562.23,7.742887,39.36343,51.46117,67.27783,-28.260277,-41.13528,-145.6385,149138.52,6.514807,37.545944,52.596138,62.367474,-26.28575,-39.56101,-167.33566,28444.754,5.351628,6.774879,10.393973,12.248389,-5.923842,-8.440165,-18.690369,27840.3,5.160785,6.614128,10.828458,12.762115,-5.777316,-8.195355,-14.60487,6067.43,2.570854,2.037187,5.388064,7.142527,-1.317084,-2.081135,-3.753015,5558.1143,2.421895,1.818519,4.64315,6.110661,-1.152649,-1.694066,-3.184504,35171.324,5.277573,9.341805,16.578741,18.483585,-8.130108,-12.13321,-18.545748,36272.14,5.208241,9.779204,18.927849,22.292059,-8.65315,-13.85797,-20.9356,111286.97,6.168846,27.603228,35.83261,47.106655,-18.088474,-25.965025,-80.6083,90893.28,6.051826,21.072453,26.605667,37.5312,-14.578007,-20.064745,-70.12526,34970.36,5.985982,8.290773,11.376032,14.409862,-7.369372,-10.51152,-20.330395,27023.984,5.548687,6.282629,8.429189,11.548636,-5.591236,-7.936562,-16.097027,8040.876,2.759247,2.594019,7.256462,9.853495,-1.720348,-2.757283,-5.468153,8105.3794,2.741448,2.451445,6.456801,8.7809,-1.633325,-2.558016,-4.910626,45162.934,6.106771,11.696241,20.212357,24.220251,-11.009875,-17.381138,-31.301682,39084.57,5.774491,10.158847,17.053518,19.761623,-9.187212,-14.002154,-25.648636
4.0,200.0,158755.6,7.812251,38.781937,50.65814,62.56088,-28.042162,-40.389355,-146.19212,146923.47,6.571594,37.43857,52.531418,65.62872,-26.128828,-37.22424,-142.1784,29810.248,5.28844,7.299675,11.103887,13.696954,-6.055938,-8.542811,-14.940395,29140.967,5.114604,7.125522,11.552873,13.244503,-5.931766,-8.544908,-15.911714,6097.514,2.549009,2.096849,5.497289,7.187943,-1.292677,-2.122573,-4.189133,5580.598,2.403899,1.893124,4.9362,6.578556,-1.129449,-1.765039,-4.020372,36328.934,5.192271,10.029115,18.046127,20.7905,-8.206415,-12.745981,-20.633347,38002.45,5.095567,10.636468,20.443443,23.597107,-8.766091,-14.478487,-25.396885,109183.35,6.280803,26.988596,35.15957,50.262016,-17.956306,-25.556204,-81.71063,88520.555,6.183669,20.44388,25.83306,38.31474,-14.299959,-19.849138,-77.97317,36387.668,5.899494,8.778578,12.007128,14.660649,-7.515225,-10.851399,-23.210583,28037.629,5.449729,6.668751,8.955817,11.422844,-5.662388,-7.921893,-19.042416,8179.8857,2.727454,2.685466,7.455116,10.22561,-1.70851,-2.914183,-5.48753,8228.621,2.715887,2.572855,6.834913,9.338845,-1.620463,-2.553163,-5.92964,47219.27,5.945035,12.629646,21.499899,25.517708,-11.174761,-18.317997,-38.198654,40225.527,5.645574,10.81738,18.29817,22.203611,-9.302029,-15.041509,-25.132219
4.0,200.0,163271.47,7.307387,40.54001,53.503498,67.0577,-28.698202,-44.719715,-181.52147,149914.45,6.250614,38.502415,55.390877,66.41946,-26.671658,-38.694912,-168.70215,31865.201,5.119514,7.876798,11.950497,14.096029,-6.673527,-9.487955,-17.817387,31186.469,4.958088,7.698241,12.454926,14.62265,-6.492065,-9.187031,-15.926579,6239.6396,2.590474,2.137616,5.638083,7.36972,-1.33993,-2.049711,-3.935463,5689.7324,2.428268,1.909183,4.98641,6.887001,-1.157616,-1.745189,-3.608302,39466.375,5.150651,10.820954,19.18251,22.336636,-9.044551,-13.640196,-25.558662,41247.42,5.081201,11.539109,21.907106,25.647186,-9.741671,-15.098272,-26.798346,109802.76,6.000114,27.386665,35.766453,58.23677,-17.951847,-25.776663,-105.332985,89037.57,5.973636,20.522415,26.039705,35.446598,-14.269941,-20.22418,-66.81743,38567.574,5.640667,9.391791,12.881416,14.958659,-8.187907,-11.656682,-26.073797,29743.94,5.247086,7.107065,9.551593,12.149994,-6.17074,-8.606521,-16.919638,8475.21,2.74983,2.778763,7.821555,10.63723,-1.789143,-2.898821,-6.046871,8551.619,2.736775,2.642044,7.006253,9.217286,-1.690888,-2.552652,-5.34983,50782.445,5.870018,13.612907,23.097399,27.591663,-12.120785,-19.136068,-35.280052,43327.363,5.569491,11.571387,19.56466,22.860025,-10.105042,-15.879886,-29.976685
4.0,200.0,166339.64,7.292965,41.436413,54.90701,69.96843,-29.563251,-43.85757,-180.30943,152372.53,6.248913,39.181126,56.539722,65.37985,-26.945236,-39.845676,-186.11034,32035.227,5.133554,8.024891,12.081346,13.617216,-6.647143,-9.594426,-18.663853,31371.396,4.949887,7.830354,12.486613,14.260389,-6.487344,-9.269867,-18.49191,6193.527,2.60454,2.115518,5.545332,7.259374,-1.316546,-2.05443,-4.200186,5660.1016,2.447636,1.907991,4.972944,6.433979,-1.15355,-1.754933,-3.644428,39599.254,5.153247,11.093075,19.373075,22.021383,-9.08917,-13.646334,-21.095257,41421.945,5.072137,11.834157,22.049234,26.055271,-9.653314,-15.131064,-25.449072,110615.81,5.960097,27.456436,36.16999,49.572998,-18.168388,-24.932013,-95.981186,89526.12,5.931891,20.705664,26.180107,37.061073,-14.497864,-19.851765,-79.333145,39057.285,5.658133,9.561827,12.8406,16.417456,-8.168829,-11.783193,-24.173416,30147.672,5.272768,7.273673,9.676702,12.37591,-6.189918,-8.575417,-17.515457,8447.631,2.767854,2.765937,7.691162,10.558485,-1.766912,-2.88265,-5.98103,8488.16,2.742808,2.653395,6.992873,9.181324,-1.690804,-2.785853,-5.452778,51443.72,5.891514,13.990036,23.580585,27.67713,-12.345584,-19.596037,-39.957718,43830.535,5.602725,11.933665,19.747784,22.879843,-10.27365,-15.862937,-31.917337
4.0,200.0,161053.7,7.240872,39.87059,52.55404,64.36339,-28.218452,-41.423237,-157.1433,147849.81,6.228883,37.601982,53.94113,62.520775,-26.021278,-37.381077,-177.15329,30201.338,4.768869,7.456678,11.111646,12.972946,-6.38919,-9.054019,-17.641758,29589.281,4.596314,7.348856,11.605647,13.641885,-6.231856,-8.949556,-16.588476,6182.7163,2.62243,2.063595,5.227486,6.769563,-1.323473,-2.043618,-4.05282,5644.3413,2.47035,1.847852,4.701249,6.114625,-1.157361,-1.717123,-3.669804,37575.63,4.980485,10.330607,17.545118,20.125406,-8.726535,-13.016873,-23.380564,39453.03,4.911034,11.083928,19.8384,22.615953,-9.337131,-14.817497,-25.934618,107729.84,5.903491,26.848034,35.300198,47.113083,-17.627218,-24.149836,-92.587395,87574.34,5.829858,20.383795,25.676008,39.149673,-14.025593,-18.838682,-64.51791,36349.113,5.133593,8.77048,11.69528,14.448449,-7.774953,-11.121369,-21.614586,28420.752,4.769454,6.71823,8.880797,11.247954,-5.993493,-8.597714,-17.394318,8420.778,2.776337,2.67174,7.358868,10.188182,-1.774509,-2.811299,-5.889456,8388.673,2.732861,2.567095,6.577919,8.524916,-1.698759,-2.529539,-5.246973,48174.816,5.526693,12.809925,20.504639,24.762527,-11.783552,-17.986063,-38.077602,41258.367,5.315155,10.917273,17.406519,20.292454,-9.751897,-14.551835,-26.699527
4.0,200.0,156338.89,7.223033,38.565815,50.96803,62.563293,-27.327572,-40.34499,-149.2618,144880.1,6.27056,36.700024,51.531796,60.335804,-25.267118,-36.788002,-138.47203,28186.81,4.511914,6.88572,10.827739,12.818715,-5.991133,-8.321962,-16.191776,27546.904,4.318736,6.768967,11.09589,13.020378,-5.819593,-8.202142,-16.655554,6070.018,2.677202,1.941148,4.88978,6.652063,-1.245988,-1.872914,-3.697271,5542.5996,2.521934,1.762079,4.486992,6.152628,-1.092131,-1.613788,-3.608326,35199.418,4.902925,9.389836,16.672745,18.779696,-8.081828,-12.052481,-18.886003,36953.926,4.834869,10.001364,18.62558,21.400837,-8.60969,-13.09107,-24.017378,106534.67,5.905102,26.175331,34.166355,47.63864,-17.320974,-24.77684,-99.08822,86679.88,5.761535,20.002024,25.402943,35.500355,-13.995812,-19.767975,-80.07449,34362.46,4.820584,8.130895,11.183063,13.405147,-7.343053,-10.564564,-21.007305,26443.875,4.399028,6.230887,8.916188,10.905421,-5.635933,-7.966036,-16.53858,8115.179,2.805512,2.496001,6.750807,9.175987,-1.650519,-2.652343,-5.834191,8054.924,2.770339,2.406142,6.245942,8.816569,-1.57297,-2.583854,-5.913002,45962.625,5.40665,11.779933,19.587467,24.671547,-10.934351,-17.186455,-30.485777,38904.773,5.191171,10.063463,16.685394,19.759531,-9.074194,-13.903253,-24.569532
4.0,175.0,161340.98,8.158873,37.97481,47.881382,64.65332,-28.110344,-40.235165,-156.3769,149490.97,6.923856,35.763973,47.51519,54.541027,-25.840569,-38.37537,-154.48146,24968.713,4.869653,5.780737,8.197964,9.867188,-4.941013,-7.045786,-14.822999,24591.682,4.691005,5.741133,8.510359,10.025209,-4.8621,-6.953481,-14.559536,5825.7124,2.732042,1.735835,4.259973,5.75266,-1.158617,-1.793462,-3.682988,5437.842,2.603394,1.610529,3.993267,5.413374,-1.033152,-1.569699,-3.433864,32346.879,5.114592,8.131727,13.718388,15.831948,-6.942236,-10.4426,-18.788979,34084.65,5.018427,8.663141,15.706467,18.56572,-7.46557,-11.423689,-23.122368,105955.79,6.606322,24.809582,31.048103,48.296234,-16.927608,-23.984047,-92.73702,84899.445,6.553676,18.637932,22.957996,35.91411,-13.498147,-18.147892,-86.2822,33356.707,5.50306,7.549698,9.232652,11.903943,-6.724464,-9.698121,-19.913082,26348.04,5.092914,5.949997,7.342524,9.38312,-5.24178,-7.459058,-15.010437,7950.594,2.86336,2.321743,6.201952,8.849936,-1.541907,-2.487167,-5.32916,7988.1543,2.843404,2.277337,5.654275,7.523641,-1.476701,-2.397369,-5.180138,44285.855,5.912356,10.754199,16.057901,19.220179,-9.939534,-15.217529,-27.54274,37996.414,5.636378,9.301241,13.762353,16.485138,-8.373895,-12.999017,-22.922662
4.0,175.0,151751.02,6.896093,36.02998,47.451294,60.30114,-26.526033,-39.010143,-184.95337,141488.14,5.977767,34.676758,49.815304,60.87025,-24.823483,-35.99945,-157.31558,26221.715,4.527625,6.169503,9.611611,11.595075,-5.298759,-7.43954,-15.554308,25528.338,4.364548,6.074766,10.148326,12.204396,-5.194459,-7.472961,-14.445756,5803.595,2.5358,1.897157,4.895622,6.389846,-1.202753,-1.845697,-3.706391,5365.831,2.41094,1.70293,4.243046,5.569293,-1.052473,-1.516797,-3.515286,32946.887,4.754786,8.530606,15.403299,18.161695,-7.226627,-10.506942,-17.70904,34719.113,4.724197,9.152631,17.848886,20.280016,-7.789857,-12.218443,-21.50842,102800.04,5.661057,24.484194,31.639942,42.27321,-16.74492,-24.610748,-83.15572,82793.34,5.546745,18.480967,23.144096,36.400417,-13.312184,-18.460115,-72.92719,32850.02,4.980839,7.545949,10.65667,13.175506,-6.784021,-9.742091,-21.673307,25609.645,4.692341,5.804305,7.927061,9.904428,-5.135917,-7.207388,-13.777508,7786.0327,2.664573,2.461157,6.687776,8.96655,-1.584791,-2.443638,-5.357032,7815.834,2.632598,2.3327,5.918641,8.581867,-1.507912,-2.206902,-5.038921,43194.523,5.378058,10.715098,18.597982,22.828894,-9.973554,-15.035306,-30.190763,36993.613,5.115815,9.294942,15.574136,18.342262,-8.313014,-12.371268,-23.378793
4.0,175.0,153656.28,7.251522,36.81194,48.37253,58.944183,-26.898157,-38.68829,-153.82634,142772.7,6.160242,35.596848,50.968185,59.606144,-25.06842,-36.150192,-169.60634,26526.703,4.891137,6.191364,9.910474,11.984893,-5.209767,-7.320759,-15.956876,26001.387,4.75817,6.064318,10.233717,11.880804,-5.108171,-7.212782,-13.812934,5735.495,2.46562,1.908143,5.015757,6.782699,-1.189673,-1.879417,-4.33351,5274.3755,2.335605,1.728705,4.461727,5.901586,-1.04158,-1.619954,-3.33208,32874.82,4.857549,8.55757,16.12329,18.193033,-7.140785,-10.931418,-18.770432,34535.78,4.798971,9.146495,18.362532,21.417593,-7.652781,-12.408348,-28.850674,103614.72,5.844395,24.907045,31.753569,43.913525,-16.874245,-24.462399,-77.8615,83593.73,5.719975,18.720919,23.400246,38.34722,-13.432156,-18.92305,-73.26584,33363.37,5.490189,7.649073,10.892812,13.35595,-6.643342,-9.330486,-20.910963,25639.973,5.078158,5.831165,8.180511,9.86558,-5.002164,-7.022993,-15.836143,7686.507,2.618787,2.478357,6.94977,9.472852,-1.565779,-2.618587,-5.532065,7735.903,2.608,2.357251,6.305472,9.151894,-1.481553,-2.378506,-4.883014,43156.918,5.53435,10.881866,19.612894,24.131165,-9.817824,-15.858482,-25.569876,36894.19,5.256664,9.365753,16.574732,19.95522,-8.219157,-12.882425,-24.275447
4.0,175.0,151545.03,6.919524,35.873734,46.790997,59.85137,-26.137299,-38.085968,-171.07268,140692.84,5.966541,34.54662,49.397892,57.40885,-24.380123,-35.47655,-154.36404,25609.236,4.40198,6.003092,9.533543,12.021287,-5.231135,-7.29987,-14.054951,25092.885,4.273341,5.927246,10.056637,11.654345,-5.091632,-7.285934,-14.592567,5704.011,2.578703,1.828979,4.682434,6.052213,-1.141962,-1.762672,-3.825296,5227.451,2.43337,1.642578,4.124222,5.244929,-1.010782,-1.477499,-3.248349,32199.059,4.683263,8.255657,15.217906,17.104525,-7.082307,-10.309157,-18.702763,33771.04,4.651189,8.841948,17.467756,20.116407,-7.601124,-11.452621,-22.675457,101611.305,5.604014,24.161589,31.10651,41.40568,-16.51726,-23.54607,-103.0379,81873.33,5.465912,18.2604,22.600903,37.024837,-13.141158,-18.19787,-66.64816,31688.87,4.676979,7.262545,10.472452,14.189224,-6.586456,-9.269027,-19.397533,24709.389,4.368529,5.56587,7.881319,10.10377,-5.084211,-7.001193,-15.368985,7618.1006,2.695564,2.367246,6.460546,9.619908,-1.506991,-2.450423,-5.908307,7638.1313,2.66069,2.246597,5.755527,7.654328,-1.442636,-2.276295,-5.768325,41676.676,5.104923,10.368234,18.274227,21.928045,-9.630477,-14.821778,-29.336565,35769.76,4.902499,8.942237,15.357255,18.08439,-8.051215,-12.158253,-25.412781
4.0,175.0,157614.38,6.784513,37.902096,51.238914,65.43716,-27.392702,-39.87768,-181.57452,145250.95,5.863578,35.961327,52.092743,65.15995,-25.257797,-36.47794,-181.33522,28669.508,4.541368,6.871823,10.860074,13.183232,-5.876061,-8.15602,-16.24854,28026.264,4.390266,6.734777,11.178771,13.656175,-5.72293,-8.054687,-15.702114,5855.8403,2.541295,1.958428,5.042133,6.579082,-1.208972,-1.871999,-4.839209,5346.6484,2.39382,1.762257,4.558728,6.284115,-1.067956,-1.582093,-3.841552,36103.66,4.743463,9.519454,17.667704,20.017067,-8.02855,-11.817494,-19.882742,37846.05,4.683235,10.140349,19.96428,23.634756,-8.557113,-12.984639,-22.752934,103427.61,5.535704,24.790014,31.87652,45.053356,-16.778658,-24.244389,-103.75919,83273.07,5.419143,18.762579,23.225746,34.186783,-13.374053,-18.303318,-72.38465,35515.355,5.001471,8.288864,11.491011,14.708394,-7.302457,-10.398868,-21.128288,27524.127,4.689315,6.322285,8.706698,10.891673,-5.575293,-7.713683,-17.18601,7930.8022,2.653292,2.569086,7.022031,9.490106,-1.622685,-2.682965,-6.74649,7984.4497,2.628651,2.462025,6.395387,8.653108,-1.554225,-2.385553,-5.492196,47030.918,5.367378,11.776239,20.579008,24.7052,-10.847313,-16.736778,-35.187294,39856.887,5.086592,10.17001,17.317965,20.340223,-9.042759,-13.860203,-26.780526
4.0,175.0,160924.67,6.971292,38.949028,51.63889,64.84976,-27.941202,-39.507587,-246.54906,148035.2,5.958523,37.02834,54.436096,65.50908,-25.88042,-38.08462,-153.10068,28508.398,4.859331,6.710962,10.401156,13.013892,-5.716621,-8.014697,-14.365585,27843.096,4.720671,6.562188,10.833042,13.301264,-5.562853,-7.904486,-16.836363,5737.0596,2.515465,1.880967,4.8823,6.293158,-1.184406,-1.835351,-3.726687,5259.647,2.369248,1.694706,4.347357,5.848824,-1.040636,-1.542975,-3.630027,35459.04,4.848969,9.339312,16.909784,19.98823,-7.815988,-11.724618,-19.629875,37271.547,4.804383,9.979681,19.246962,22.053015,-8.328543,-12.807149,-23.677013,105569.85,5.673154,25.145046,32.930073,45.724335,-17.073261,-23.697845,-86.94305,84629.984,5.606087,18.921703,23.627867,32.332623,-13.525987,-19.732336,-69.80986,35343.12,5.370032,8.167256,11.336284,14.23114,-7.181496,-10.252089,-23.506845,27542.643,5.020578,6.261204,8.504457,10.722452,-5.486987,-7.7457,-15.950467,7789.0996,2.65034,2.459673,6.841262,9.139295,-1.57249,-2.541248,-5.091707,7858.7334,2.627485,2.358715,6.19348,8.80924,-1.509282,-2.277829,-5.229407,46449.555,5.507901,11.804844,20.271523,24.681837,-10.59641,-15.875445,-34.836514,39577.363,5.229305,10.119443,17.191154,21.170298,-8.863518,-13.3754,-25.014733
4.0,175.0,157105.39,6.868096,37.93914,50.630116,63.679234,-27.637629,-39.43306,-158.5077,146143.94,5.939359,36.40768,53.682728,64.0073,-25.580418,-36.89198,-140.95435,28466.75,4.704857,6.789537,10.748122,12.709213,-5.73819,-8.25488,-15.301849,27812.904,4.561315,6.630921,11.191934,13.880926,-5.617091,-7.912525,-14.037731,5888.2974,2.476697,1.97523,5.146909,6.857696,-1.231356,-1.908043,-3.984177,5401.048,2.339904,1.781725,4.561927,6.124055,-1.077911,-1.674476,-4.437455,35695.402,4.774415,9.463062,17.426428,20.022955,-7.915577,-11.695372,-21.810514,37372.91,4.709656,10.08788,19.848816,23.42368,-8.465829,-12.997808,-25.599474,103758.2,5.648346,24.776539,32.07119,43.648933,-16.833277,-24.401693,-93.091705,83890.27,5.597489,18.603632,23.478752,33.701244,-13.307172,-19.348255,-68.17796,35004.88,5.184425,8.17875,11.60572,13.875722,-7.16581,-10.221762,-22.824541,27062.55,4.862917,6.24982,8.637686,10.939106,-5.425648,-7.864567,-16.62391,7942.289,2.605684,2.581249,7.176592,10.046475,-1.632929,-2.676606,-6.434162,8045.388,2.598167,2.458928,6.419356,9.007108,-1.550094,-2.442912,-6.370981,45858.58,5.398107,11.682197,20.762272,25.798006,-10.550983,-16.76352,-29.544413,39236.855,5.137011,10.108597,17.540136,20.975037,-8.834124,-13.43139,-28.748914
4.0,175.0,160259.6,6.803397,39.07994,52.127117,64.35145,-28.039753,-40.31364,-162.50812,147702.45,5.865038,37.05246,54.565968,68.965675,-25.79836,-37.99232,-160.47363,28866.56,4.672858,6.911322,10.826203,13.347725,-5.754927,-8.042917,-15.939663,28279.145,4.533418,6.75456,11.351214,13.468274,-5.644895,-7.995636,-14.919495,5829.142,2.534643,1.955682,5.058813,6.741518,-1.192712,-1.856167,-3.619787,5306.5776,2.383149,1.757552,4.502407,6.126344,-1.032426,-1.591869,-3.738411,36089.77,4.770155,9.578851,17.640724,20.441015,-7.86543,-11.616473,-19.255775,38034.87,4.730161,10.218279,20.006811,23.143263,-8.428179,-13.024185,-24.65217,105042.19,5.62422,24.926785,32.401993,46.82086,-16.981764,-25.703053,-84.97341,83830.52,5.5285,18.855507,23.277845,29.924093,-13.475848,-18.576197,-67.75484,35561.742,5.130958,8.257201,11.604215,14.782023,-7.198319,-10.372445,-23.608418,27815.389,4.833943,6.349734,8.802661,10.866797,-5.465152,-7.550074,-17.20624,7938.064,2.663442,2.56894,7.003355,9.862109,-1.598579,-2.68156,-6.11652,7946.3706,2.626874,2.452888,6.356272,8.794842,-1.508583,-2.413875,-5.52672,46908.504,5.397376,11.874526,20.728762,24.895082,-10.699485,-16.803295,-29.932568,40074.793,5.147375,10.241473,17.550003,21.168701,-8.876543,-13.771889,-26.768542
4.0,175.0,160611.94,6.918976,39.199745,53.134357,64.800865,-27.93761,-40.1582,-164.66476,148500.08,5.95559,37.499577,55.36537,65.838135,-25.818886,-38.519714,-169.47823,28829.295,4.880748,6.819323,10.717914,12.864336,-5.860748,-8.244503,-16.40562,28182.273,4.721482,6.647628,10.929186,13.027264,-5.687896,-8.058077,-16.160175,5852.097,2.508744,1.942812,5.053654,6.835999,-1.226925,-1.961393,-3.864018,5344.3345,2.365005,1.754206,4.55076,6.405341,-1.082333,-1.646661,-3.916101,35802.188,4.878115,9.455548,17.387985,19.817007,-8.031205,-12.25939,-21.93879,37633.508,4.815902,10.052153,19.70672,22.656462,-8.583835,-13.49249,-23.091549,105017.28,5.694367,25.160704,32.34571,45.543728,-16.97653,-24.054012,-85.61365,84468.484,5.614039,18.86134,23.708744,34.996056,-13.484329,-18.177687,-64.6077,35515.414,5.355931,8.230003,11.445323,14.030657,-7.254167,-10.372363,-24.162039,27481.646,5.030399,6.301777,8.676156,11.205275,-5.509521,-8.004868,-17.670942,7883.031,2.640773,2.521672,6.915229,9.565643,-1.62471,-2.654419,-5.873009,7947.215,2.631861,2.422703,6.344296,8.835705,-1.561935,-2.393757,-5.839548,46472.95,5.501369,11.834716,20.61222,24.099478,-10.773634,-16.932789,-29.92996,39616.504,5.248692,10.169472,17.481884,20.670052,-8.999139,-13.727608,-27.419773
4.0,175.0,156909.34,6.688712,37.84765,50.44503,61.38246,-27.138723,-39.74768,-145.04721,144727.19,5.81545,36.014057,52.8167,66.93864,-25.017815,-37.877174,-154.08301,28797.293,4.29823,6.819688,10.828309,13.460912,-5.848129,-8.065473,-15.911263,28017.334,4.142481,6.68095,11.32637,14.160215,-5.679671,-8.095267,-17.886267,5945.936,2.600037,1.906326,4.805813,6.302661,-1.185234,-1.90022,-4.349482,5418.98,2.445342,1.723496,4.338607,5.545744,-1.032606,-1.57393,-3.094569,36478.23,4.635495,9.460569,17.260387,20.836052,-7.984043,-12.018309,-19.749878,38453.5,4.606183,10.0915,19.465282,23.237963,-8.511314,-13.070958,-22.508024,101656.83,5.467299,24.310593,31.22374,41.679726,-16.563135,-23.808786,-83.51829,81501.11,5.325108,18.359737,22.792444,33.79179,-13.065713,-19.025036,-76.328896,35163.92,4.596739,8.056034,11.336603,14.34801,-7.227592,-10.515819,-25.342775,27189.059,4.229094,6.205359,8.827513,11.409256,-5.508049,-7.599951,-17.010487,8047.139,2.695115,2.493824,6.630071,9.328633,-1.593376,-2.632351,-5.434043,8094.81,2.665119,2.404819,6.109062,8.838329,-1.519411,-2.419467,-5.892143,47161.17,5.102919,11.610312,20.077843,24.729626,-10.748839,-17.353598,-34.028156,40005.348,4.892621,10.007112,17.151442,20.388407,-8.939928,-13.897209,-25.309415
4.0,175.0,160669.14,6.7969,39.277946,53.043785,65.2428,-27.902836,-39.791363,-140.19307,147618.38,5.858023,37.2188,55.229214,67.2228,-25.859001,-39.614647,-184.96191,28651.863,4.654221,6.832151,10.745163,13.188806,-5.838329,-8.148293,-17.22017,27990.484,4.499887,6.679204,11.089094,13.250528,-5.633991,-7.842516,-16.220034,5887.351,2.508064,1.976846,5.006,6.755487,-1.219481,-1.98332,-4.55412,5385.2104,2.370256,1.7675,4.549818,6.11684,-1.073484,-1.631465,-3.694993,35922.727,4.779938,9.480973,17.333187,20.078583,-7.98717,-11.731078,-21.660503,37510.1,4.706344,10.107169,19.666597,23.234804,-8.462785,-13.312404,-25.088919,103331.58,5.572675,24.81611,32.227497,45.79341,-16.937166,-25.797232,-100.16282,83895.984,5.543059,18.722843,23.75642,36.148758,-13.484853,-18.584787,-75.28736,35131.81,5.099496,8.141955,11.427925,14.289534,-7.137652,-10.088838,-24.4213,27163.479,4.789164,6.221722,8.682387,11.284568,-5.457332,-7.631494,-16.522697,7921.319,2.627505,2.556699,7.015083,9.829819,-1.607205,-2.649651,-5.948417,8001.718,2.615322,2.458237,6.319676,9.101688,-1.553545,-2.493714,-6.043623,46274.55,5.388554,11.70669,20.231762,25.3466,-10.563779,-16.8206,-33.062912,39331.9,5.115008,10.089499,17.266743,20.62426,-8.884096,-13.571345,-31.987598
4.0,175.0,157828.05,6.707245,38.583694,51.345886,66.39154,-26.873371,-39.164814,-179.29599,145876.84,5.840637,36.724407,53.624664,64.09265,-25.07487,-37.60239,-155.62245,28094.16,4.260084,6.649344,10.810365,12.479566,-5.814432,-8.023355,-14.86023,27435.963,4.124691,6.554251,11.222132,13.15283,-5.664475,-7.83015,-14.789898,5857.7407,2.587533,1.906418,4.785169,6.379897,-1.192229,-1.811609,-4.190953,5328.9746,2.429182,1.709197,4.283198,6.045911,-1.036011,-1.608308,-3.7789,35455.88,4.572234,9.194853,17.00308,19.422497,-7.909009,-11.692578,-20.310455,37331.305,4.544324,9.879034,19.384342,22.120413,-8.528236,-12.951629,-24.344147,102625.195,5.519897,24.401554,30.987139,41.752907,-16.45062,-23.293182,-82.13452,81905.51,5.366591,18.401234,22.901075,34.343258,-13.048142,-18.083431,-58.02754,34138.625,4.538563,7.852526,11.367922,14.59517,-7.170301,-10.204127,-22.13677,26599.305,4.200998,6.026783,8.783054,10.819913,-5.48457,-7.791785,-16.464712,7885.498,2.68243,2.484361,6.589754,9.185575,-1.594734,-2.555062,-6.099971,7930.6284,2.643104,2.38117,6.011413,8.248317,-1.517921,-2.309157,-5.130091,45765.098,5.038889,11.326968,19.871792,23.791607,-10.649183,-16.763847,-33.533276,39065.85,4.836764,9.767932,16.95779,21.303862,-8.837605,-13.468589,-26.184308
4.0,175.0,161041.16,6.780755,40.065285,55.36455,70.177734,-28.10447,-45.036465,-226.26874,148240.56,5.848709,38.13655,57.440403,67.38519,-26.197857,-39.90727,-163.71297,27442.752,4.582252,6.532609,10.697971,12.946758,-5.677528,-7.777799,-15.803403,26799.12,4.417247,6.395304,10.916823,13.125384,-5.501944,-7.547171,-16.253471,5874.5425,2.496208,1.957537,5.126771,6.595679,-1.227161,-1.886037,-3.975713,5382.844,2.364823,1.771664,4.691803,6.429619,-1.085442,-1.634471,-3.455586,34514.203,4.735676,9.075056,17.327942,20.189056,-7.755064,-11.596326,-20.0923,36261.875,4.65939,9.697633,19.296968,23.68514,-8.289063,-12.973502,-23.753448,103818.79,5.588963,25.247503,33.284477,50.8468,-16.951283,-26.523712,-101.489845,84340.68,5.549549,19.078365,23.919971,33.703144,-13.50261,-19.20814,-71.048004,33380.02,4.993335,7.76121,11.157747,13.275369,-6.927881,-9.695184,-21.608864,25843.094,4.722489,5.936811,8.516386,11.137837,-5.290124,-7.31312,-15.783908,7854.609,2.616546,2.53472,7.113533,9.572714,-1.606984,-2.646179,-6.61166,7901.837,2.608951,2.43235,6.591893,9.177134,-1.55215,-2.427544,-5.583055,44451.88,5.319931,11.240904,20.26698,23.68834,-10.254352,-16.26625,-30.84083,37798.094,5.077263,9.641741,17.32152,21.153585,-8.622896,-13.302663,-26.622827
4.0,175.0,159724.5,6.765224,39.376717,53.65951,65.092445,-27.643064,-41.749527,-152.64342,147408.75,5.845193,37.51722,56.29791,71.12236,-25.552477,-38.901176,-158.52998,27957.645,4.535901,6.685209,10.546443,12.637628,-5.698246,-7.991834,-15.615697,27277.621,4.374987,6.559228,10.924012,12.717223,-5.565761,-7.99887,-14.068276,5791.651,2.561606,1.912484,4.877884,6.314094,-1.187833,-1.972369,-3.940736,5276.8906,2.413352,1.719701,4.446333,6.011323,-1.037618,-1.593137,-3.630102,35030.473,4.73854,9.233287,16.889704,19.623255,-7.774524,-11.767535,-25.596445,37004.594,4.694441,9.933634,19.136871,22.15522,-8.283459,-13.051245,-25.243883,103636.95,5.568659,24.682589,31.877146,42.98696,-16.631844,-23.847326,-96.769966,82856.51,5.437928,18.577639,23.76896,35.439495,-13.206523,-18.580853,-75.08114,34086.96,4.903303,7.92366,11.145708,13.715811,-7.044014,-10.269234,-21.599846,26375.906,4.583753,6.070239,8.522857,10.272414,-5.339159,-7.94991,-16.495173,7781.2974,2.676851,2.483242,6.781025,9.747578,-1.56851,-2.611459,-5.897755,7815.328,2.652068,2.376264,6.172037,8.30597,-1.512139,-2.426938,-4.915818,45288.08,5.269888,11.481055,19.919073,23.353422,-10.407545,-16.762272,-36.699574,38612.383,5.048951,9.802126,16.80683,20.79822,-8.706225,-13.633454,-27.113251
4.0,175.0,161106.52,7.120419,40.21006,54.873814,66.44409,-28.448116,-42.50475,-163.29802,149833.81,6.088547,38.417614,57.94326,68.15752,-26.299328,-40.31847,-176.55551,26933.693,4.895284,6.370871,10.433716,12.592747,-5.394181,-7.752191,-15.967354,26366.127,4.734311,6.230004,10.614136,12.449545,-5.269483,-7.465574,-14.238423,5770.68,2.445814,1.978378,5.237417,6.996747,-1.208594,-1.890049,-3.461521,5294.653,2.311319,1.786676,4.727793,6.450048,-1.07056,-1.663679,-3.544465,33254.895,4.832766,8.856486,16.8252,19.490807,-7.353842,-11.054001,-19.03542,34702.72,4.750206,9.435363,19.104097,22.64062,-7.879554,-12.386207,-21.69219,105032.445,5.843962,25.23821,32.92539,42.704727,-17.138008,-24.98777,-83.71641,84761.85,5.721737,19.164885,23.975859,34.419266,-13.659845,-19.296469,-59.90537,33059.465,5.405419,7.738187,11.134968,14.355259,-6.697299,-9.513043,-18.881079,25432.533,5.032686,5.841754,8.279676,10.103099,-5.067257,-6.992645,-15.997043,7666.0415,2.600119,2.527782,7.099587,9.849987,-1.563321,-2.488771,-5.334064,7734.3125,2.595325,2.414494,6.485266,9.342447,-1.506194,-2.343846,-5.480565,42993.676,5.46164,11.041868,20.33498,24.508324,-9.83063,-15.657557,-35.15284,36721.004,5.191749,9.508801,17.271702,20.44015,-8.231145,-12.746679,-26.077209
4.0,175.0,164078.14,7.039715,40.518204,55.52902,68.46906,-28.58435,-41.79046,-204.04547,151767.78,6.040061,38.569317,57.33025,71.08391,-26.270435,-43.00338,-156.77904,26803.482,4.942373,6.307454,10.16177,12.107086,-5.386369,-7.604144,-16.061966,26273.451,4.774562,6.143629,10.154015,12.179516,-5.210019,-7.321451,-12.917919,5763.8105,2.476181,1.916986,4.995079,6.520488,-1.194694,-1.825124,-3.984838,5261.3154,2.343368,1.766537,4.616281,6.15552,-1.056611,-1.593398,-3.74838,33031.875,4.870903,8.661368,16.57357,19.118319,-7.336187,-10.84343,-18.86463,34861.04,4.80708,9.195471,18.391298,21.646784,-7.818568,-11.75594,-20.678234,106293.8,5.819832,25.142836,32.563328,44.098354,-17.054049,-24.314047,-86.888275,84917.555,5.668377,19.079866,24.255411,35.78801,-13.650844,-19.062408,-82.439255,33225.445,5.474306,7.668301,10.646414,13.133447,-6.672407,-9.598126,-20.12092,25437.248,5.087856,5.83996,8.173085,10.379924,-5.061917,-7.316503,-16.120665,7633.834,2.623987,2.454713,6.804816,9.408083,-1.561604,-2.581325,-5.50916,7652.97,2.615334,2.386686,6.339266,8.677172,-1.487397,-2.318831,-5.235039,43337.156,5.53523,10.859577,19.511915,23.480629,-9.941602,-15.119315,-28.902508,36607.316,5.251858,9.334744,16.782942,20.778954,-8.230929,-12.694272,-23.425995
4.0,175.0,165477.92,6.818812,41.825268,57.435307,69.30813,-29.183205,-44.481216,-188.49155,152263.03,5.863118,39.62332,59.78257,72.051414,-27.017853,-39.627857,-189.6853,28677.969,4.726666,6.84354,11.110743,13.725597,-5.825066,-8.151291,-15.641641,28093.752,4.579019,6.692955,11.420794,13.862152,-5.670562,-7.827796,-16.34236,5882.49,2.488401,1.990408,5.240437,7.045318,-1.225417,-1.933224,-4.150265,5379.0576,2.349849,1.813271,4.867649,6.308205,-1.075028,-1.691555,-3.424696,35781.066,4.776086,9.505586,18.198702,20.891539,-7.935137,-12.389349,-21.89179,37536.758,4.694998,10.088749,20.438444,23.538187,-8.517169,-13.044008,-25.567516,105787.195,5.612505,25.597458,33.52261,46.07137,-17.306774,-24.946268,-93.12566,85244.945,5.568474,19.273438,24.472017,35.217445,-13.711259,-19.102064,-68.666,34985.47,5.163215,8.181053,11.724409,15.12247,-7.171399,-9.993483,-20.43292,26989.178,4.853738,6.214784,9.055189,11.524947,-5.421852,-7.56481,-15.733207,7890.145,2.616078,2.592902,7.227258,9.794746,-1.600149,-2.712778,-6.050711,7956.018,2.610708,2.501609,6.705238,9.133278,-1.550585,-2.451929,-5.666811,46175.09,5.373989,11.758021,21.55865,26.098753,-10.531284,-16.844818,-29.725065,39477.164,5.149082,10.101036,18.44274,21.282434,-8.823783,-13.872536,-26.604124
4.0,175.0,167331.42,6.829388,42.04406,58.901962,74.460686,-29.415178,-45.05406,-186.14272,154155.81,5.882162,39.82571,60.83364,73.73239,-27.30503,-40.028404,-207.41196,28862.99,4.741531,6.844063,11.019374,13.517204,-5.751521,-8.431272,-15.273891,28274.672,4.588532,6.719913,11.326804,13.493742,-5.618545,-7.856061,-14.933185,5826.3364,2.508313,1.953791,5.110944,6.668261,-1.195521,-1.848303,-3.91747,5321.31,2.365381,1.758951,4.63357,6.114519,-1.045024,-1.53387,-3.436063,36137.117,4.79186,9.584168,18.04254,20.733768,-7.921434,-11.737742,-20.971169,37799.844,4.707595,10.255736,20.394003,23.467216,-8.39106,-13.322082,-26.865282,106031.125,5.596496,25.780003,33.475784,49.958332,-17.33259,-24.573978,-82.93539,85294.68,5.56263,19.253826,24.344904,34.05102,-13.710995,-19.10913,-64.71887,35168.95,5.158238,8.171272,11.789198,14.738741,-7.075811,-10.212158,-21.321363,27143.908,4.847826,6.221904,8.84782,10.87396,-5.369948,-7.721571,-15.511492,7839.028,2.636834,2.538044,7.118866,9.751567,-1.589101,-2.508061,-5.229682,7902.429,2.620149,2.440363,6.542453,8.939943,-1.521275,-2.356541,-5.333723,46492.848,5.372636,11.829629,21.307304,27.37325,-10.576486,-16.152458,-37.18027,39731.816,5.137939,10.199246,18.117613,22.375221,-8.85587,-13.367087,-23.891756
4.0,175.0,163053.4,6.730164,40.56082,55.860924,71.6892,-28.24262,-44.29628,-168.02318,150494.14,5.831811,38.52413,57.925533,67.33965,-26.021292,-38.32944,-178.98286,27245.918,4.49541,6.489321,10.36292,12.480409,-5.598869,-7.841627,-15.045752,26744.285,4.349359,6.382652,10.825354,12.726145,-5.480621,-7.567388,-14.157792,5815.352,2.553483,1.923134,5.052905,6.511263,-1.197869,-1.925325,-4.038577,5326.786,2.418306,1.736525,4.491598,6.078248,-1.05839,-1.581059,-3.482595,34313.64,4.718087,9.01311,16.62116,19.217117,-7.66346,-11.512098,-19.242598,35920.258,4.649306,9.618726,18.840254,21.639248,-8.196131,-12.657831,-23.798567,103627.64,5.506181,25.016006,32.31061,43.73021,-16.815233,-23.680826,-95.35935,83433.12,5.421911,18.716549,23.73351,36.659477,-13.337441,-18.551502,-67.038,32932.344,4.803297,7.629143,10.847939,14.328762,-6.860282,-9.760021,-19.906986,25694.33,4.512159,5.88958,8.255557,10.1839,-5.247774,-7.397706,-14.628969,7816.693,2.677407,2.492313,6.954127,9.359365,-1.586159,-2.640519,-5.813354,7851.643,2.648397,2.396726,6.285457,8.706001,-1.529696,-2.362272,-5.478885,43742.453,5.166564,10.931258,19.537445,23.300503,-10.132723,-16.060287,-32.11092,37374.547,4.967706,9.459917,16.704391,19.556211,-8.48352,-13.004514,-26.963220
4.0,175.0,160257.3,6.80283,39.257706,53.565357,68.30561,-27.650616,-42.229427,-166.43561,148712.69,5.91201,37.701138,55.635708,68.07847,-25.772552,-38.33552,-159.08777,25582.668,4.191236,6.111883,10.012331,11.976776,-5.278579,-7.675099,-15.581691,25036.006,4.043705,6.044985,10.255073,12.206065,-5.157877,-7.231453,-16.689104,5734.07,2.589277,1.834633,4.603338,6.259526,-1.140555,-1.793526,-3.813024,5241.33,2.444971,1.666615,4.255851,5.696393,-1.006547,-1.512372,-3.318741,32345.36,4.578515,8.451004,15.667007,17.705374,-7.197083,-10.353153,-19.15733,33887.8,4.515081,8.961867,17.66422,20.386751,-7.671994,-12.063069,-20.808903,103540.39,5.569302,24.615526,31.750748,48.761066,-16.713089,-24.013645,-118.91204,82657.37,5.399405,18.45068,23.150173,32.57107,-13.264043,-18.044163,-65.14461,31244.154,4.455331,7.193437,10.383324,12.854301,-6.550206,-9.367217,-19.591372,24179.072,4.106888,5.52833,8.079794,10.116774,-5.009417,-7.081737,-14.860418,7553.296,2.682421,2.357804,6.314835,9.367985,-1.485964,-2.375687,-4.80956,7578.9233,2.658553,2.26264,6.014888,7.922701,-1.433287,-2.164549,-5.557938,41786.97,4.962964,10.30629,18.38396,22.485878,-9.640005,-14.59395,-30.379095,35704.215,4.802753,8.962773,15.646096,18.585785,-8.06399,-12.05684,-26.780409
4.0,500.0,299337.84,171.97638,87.65866,161.85548,181.96147,-52.312576,-123.19846,-818.9668,279534.25,146.0728,89.57675,190.61037,219.34412,-47.150635,-103.6718,-782.8864,67158.31,24.720156,17.619295,34.321754,42.85116,-15.72761,-24.89716,-64.69072,65395.055,23.075779,17.524275,37.059566,47.527275,-15.128906,-24.70661,-62.724716,8134.0073,6.03372,3.528723,11.83721,17.576714,-1.676831,-2.820516,-6.146706,8938.432,6.205415,3.443124,11.90629,18.25615,-1.721331,-2.755865,-6.199048,82323.6,29.361202,26.329666,54.240955,63.712727,-20.953201,-36.671753,-79.58094,86587.81,28.751837,28.790167,61.971638,72.7967,-22.437141,-39.222466,-89.323074,196343.66,87.07326,57.794056,97.3472,113.25683,-30.288681,-57.94323,-446.53952,160687.34,74.43022,41.932137,64.295296,78.06766,-24.83924,-42.963837,-270.36798,87508.15,29.862875,22.964954,39.89798,49.569332,-21.110516,-34.071663,-109.401474,69589.555,28.652737,17.04859,27.62391,34.40794,-16.166636,-25.243486,-65.82374,15957.164,8.658656,6.267699,21.353668,31.951145,-3.371355,-6.090868,-13.023319,16257.941,8.600103,5.99773,20.191387,30.705542,-3.256999,-5.490595,-13.436503,113301.914,37.339943,35.723377,73.1275,85.20703,-31.385868,-58.169514,-183.72124,96706.79,34.689644,29.987589,61.27451,73.63406,-26.038725,-45.281166,-136.971984
4.0,500.0,277411.94,13.817999,89.307526,142.23021,214.93002,-52.23408,-111.27653,-828.5119,254218.83,11.094875,83.79351,139.0218,188.28928,-46.942066,-96.6784,-750.35345,62382.723,10.352334,17.737827,25.568592,33.24332,-15.370689,-24.258432,-65.621284,60229.723,9.682615,17.407885,24.84082,31.961054,-14.810203,-23.760618,-61.678707,6973.6577,3.601283,2.705974,6.36148,8.452187,-1.656825,-2.815057,-5.630575,7816.758,3.686919,2.82175,6.772792,9.135886,-1.742939,-2.779892,-6.750642,76551.65,10.638409,25.31705,39.820625,49.95366,-20.887026,-35.1158,-98.09535,80212.09,10.381351,27.17991,43.544083,54.361835,-22.1556,-38.542904,-89.0993,175782.73,10.621876,53.770206,80.19399,115.31101,-30.178387,-63.963852,-443.3595,144640.7,10.771571,40.778786,58.004517,100.109985,-24.795149,-45.996246,-348.9421,81304.14,12.066136,22.661144,31.83208,47.882935,-20.704283,-33.034275,-111.02606,63885.125,11.019405,17.200428,23.609035,34.46116,-15.880025,-24.79225,-77.393166,13905.331,4.501493,4.968167,11.823335,15.420396,-3.34343,-6.184718,-14.918243,14188.622,4.478329,4.801979,11.100101,15.331148,-3.220761,-5.327387,-14.165271,105747.26,13.118644,34.05504,52.57701,67.24357,-30.637571,-56.832264,-165.68233,90328.64,12.328113,28.681839,44.9795,59.760185,-25.517178,-44.7892,-116.561233
4.0,500.0,264844.1,13.717723,87.28247,136.27116,198.64664,-50.825176,-109.733604,-967.234,244893.0,11.044947,82.83665,134.43297,175.0475,-45.80577,-110.3101,-741.0789,58325.926,9.703346,17.913704,25.285412,34.03402,-14.228398,-23.183762,-63.55529,56950.473,9.206018,17.553066,25.063843,35.826584,-13.822095,-22.791216,-57.46943,6679.572,3.506493,2.658357,6.276939,8.512649,-1.577469,-2.663458,-6.281384,7636.8784,3.601995,2.828816,6.604733,9.057807,-1.695216,-2.774234,-6.857751,72252.06,9.948389,25.327421,39.819523,49.0076,-19.343342,-33.267475,-85.60955,76054.17,9.783936,27.194645,43.7941,54.638695,-20.882538,-37.179314,-110.66635,169885.42,10.579433,52.81154,80.569435,148.15675,-29.716013,-51.886585,-412.59506,140877.67,10.862879,39.761448,57.049095,78.63583,-24.232727,-42.083603,-269.7347,75775.63,11.418784,23.005684,31.81205,46.666084,-19.11018,-31.962296,-103.36276,59792.66,10.359611,17.364857,23.663776,35.04644,-14.602763,-23.810305,-70.76267,13354.972,4.377481,4.940847,11.658146,16.949133,-3.208754,-5.814818,-13.486322,13618.473,4.325916,4.75659,10.771911,14.282502,-3.028648,-4.988375,-14.635485,99103.58,12.407164,33.91085,52.76738,73.302666,-28.369518,-51.21986,-162.02046,84441.2,11.5195,28.585695,44.349255,60.396782,-23.598326,-44.606926,-125.700452
4.0,175.0,158360.95,8.922108,39.40345,53.217617,71.86872,-28.330688,-50.782898,-276.84024,148832.25,7.338064,38.32449,55.227863,84.86917,-26.800144,-46.133865,-261.7984,25894.13,4.989866,6.14454,8.907579,11.63808,-5.280069,-7.797332,-20.457312,25614.383,4.798423,6.097771,9.305202,12.245232,-5.189614,-7.749199,-20.640902,3907.1108,2.490434,1.225322,3.100051,5.208863,-0.802382,-1.372881,-4.242298,4460.5474,2.546066,1.387075,3.476347,5.480909,-0.877726,-1.396065,-4.043241,33167.164,5.209193,8.722722,14.263547,17.321692,-7.294753,-11.797068,-29.181292,35171.11,5.180367,9.290846,16.363808,19.252304,-7.934078,-12.799292,-31.377901,102300.125,6.92513,24.489857,32.382706,67.84865,-16.80988,-29.260092,-162.403,80435.58,6.789011,17.674675,22.611914,42.937817,-13.145819,-21.38567,-106.24476,31258.486,5.423668,7.12245,9.247078,12.566867,-6.438886,-9.577333,-29.97804,24702.072,4.98203,5.689815,7.44072,11.197944,-5.056149,-7.568275,-22.63945,7310.232,2.881779,2.242264,6.074714,9.336928,-1.490894,-2.624228,-7.392163,7493.627,2.88004,2.223633,5.710196,8.937302,-1.445257,-2.474552,-7.343611,41199.83,5.88538,10.197599,15.88015,21.260433,-9.447075,-16.138706,-46.275337,35824.617,5.59173,8.992364,13.88101,19.14216,-8.004793,-12.692473,-35.483597
4.0,175.0,161050.56,7.061539,42.55166,63.222515,82.51028,-28.9167,-52.976093,-344.95285,150370.25,6.048084,41.347828,67.07857,87.2517,-26.812628,-48.588837,-283.73166,24670.01,4.549454,6.324114,10.499514,14.310852,-5.075441,-8.127126,-22.61266,24230.13,4.373425,6.267477,11.150134,14.206057,-4.987888,-7.539006,-18.862656,5370.8677,2.503265,1.944317,5.242104,7.687765,-1.130306,-1.925032,-4.801596,4985.3013,2.369932,1.787429,4.811731,7.616178,-1.00756,-1.655872,-4.584995,31100.63,4.752292,8.932943,16.886917,20.446419,-6.960572,-11.217259,-23.759354,32825.844,4.717346,9.617429,19.274603,24.216578,-7.43078,-12.34298,-27.187357,104792.88,5.820179,26.166677,35.73613,51.157322,-17.229221,-27.373182,-159.52164,84425.984,5.690713,19.572147,26.111937,42.23001,-13.718274,-22.21588,-116.05781,30109.586,4.940802,7.347399,11.1292,15.984076,-6.230077,-9.655711,-26.095137,23275.414,4.631461,5.682021,8.566704,12.209445,-4.75011,-7.440387,-20.822779,7264.0874,2.645412,2.560955,7.450102,10.881837,-1.498885,-2.6468,-8.939328,7330.482,2.622521,2.476475,6.890096,10.290708,-1.45779,-2.45547,-8.140897,39358.387,5.301308,10.690055,19.821978,25.396996,-9.14605,-15.018448,-45.72059,33968.984,5.076083,9.291421,17.033913,22.222387,-7.691878,-12.391839,-32.514192
4.0,175.0,167634.7,7.140033,44.13886,65.451584,82.31153,-30.060299,-51.575775,-311.11627,155669.17,6.05205,42.83753,69.349144,88.32384,-27.831692,-51.346725,-308.897,25222.697,5.025592,6.218111,10.420098,13.096129,-5.035793,-7.790685,-20.009466,24795.586,4.857286,6.096534,10.817762,14.138292,-4.945356,-7.869781,-21.059507,5543.8076,2.484721,1.974426,5.438824,7.260559,-1.169342,-1.975132,-5.32466,5142.177,2.354338,1.801844,4.994492,7.467825,-1.038333,-1.759991,-4.805561,31482.834,4.930602,8.857186,17.176022,20.670795,-6.982021,-11.219067,-24.982695,32981.67,4.865779,9.489712,19.424906,24.522282,-7.435998,-12.590658,-29.75396,107390.766,5.855186,27.103416,37.22911,59.461895,-17.978909,-30.504019,-178.43758,86718.6,5.74573,20.345186,27.323236,52.79055,-14.258132,-23.25009,-107.00099,30838.148,5.55424,7.387513,11.183217,14.628171,-6.23124,-9.655643,-33.048313,23747.064,5.136158,5.641287,8.355555,11.404174,-4.726391,-7.391399,-21.169743,7317.5186,2.621128,2.555749,7.451189,11.721441,-1.53839,-2.72364,-7.857205,7434.4175,2.621285,2.462524,7.0049,10.728025,-1.479883,-2.538695,-7.800533,40052.69,5.596651,10.71432,20.477135,25.818214,-9.272156,-15.839165,-40.661537,34286.613,5.289124,9.335065,17.475872,22.444342,-7.763025,-12.985909,-32.539208
4.0,175.0,162086.11,6.958985,42.856598,63.068108,83.19499,-28.856407,-51.70657,-317.59598,149927.9,5.97896,40.78909,64.599724,82.43408,-26.501509,-47.95057,-319.70096,23677.072,4.383308,5.881249,10.221858,13.255033,-4.914014,-7.489314,-22.326418,23503.42,4.230959,5.823787,10.267624,13.813629,-4.835308,-7.25776,-19.219109,5507.1494,2.569862,1.848897,4.979061,6.936524,-1.130942,-1.890418,-5.481176,5048.267,2.426947,1.722723,4.719954,6.83315,-1.00529,-1.74882,-4.556683,30069.303,4.659224,8.263934,16.164518,19.87409,-6.816173,-10.951264,-26.974255,31854.514,4.624602,8.806073,17.899843,21.68696,-7.20457,-11.862951,-30.56702,104598.87,5.684223,26.00628,36.110622,54.55982,-17.215626,-28.823383,-147.36748,84892.48,5.535584,19.749796,26.381912,44.570602,-13.853132,-22.979122,-128.80194,28742.826,4.545053,6.870248,10.626718,15.224759,-6.05255,-9.429256,-28.34986,22202.98,4.325933,5.339256,8.357989,12.007072,-4.632473,-7.074019,-22.774649,7223.62,2.658515,2.39557,6.823013,10.985545,-1.480474,-2.53188,-6.632114,7265.548,2.65029,2.354405,6.517556,10.347982,-1.422262,-2.535725,-7.517676,38336.81,4.985119,9.943799,19.334492,26.269466,-8.892354,-15.265049,-44.197475,32669.918,4.824225,8.644148,16.52098,20.846582,-7.470454,-12.443427,-32.945379
4.0,175.0,164875.8,6.896124,43.44869,64.068214,83.75941,-29.29725,-53.524776,-334.19458,153306.4,5.945208,41.96236,67.50893,90.24502,-27.452215,-48.94629,-317.7424,26316.16,4.543867,6.664433,11.226223,14.457965,-5.349914,-8.059769,-22.077784,25868.385,4.378532,6.533512,11.516214,14.450535,-5.228253,-8.034885,-22.9328,5580.783,2.536633,1.986278,5.34401,8.329905,-1.157643,-1.887045,-5.539383,5166.6455,2.413523,1.810105,4.908415,7.232673,-1.014734,-1.728829,-5.016002,33431.0,4.743815,9.394579,18.140827,21.798574,-7.360226,-11.371526,-26.833652,34926.863,4.662482,10.030685,20.548271,24.59012,-7.842942,-13.167476,-32.903297,104329.23,5.597766,26.114992,36.509094,56.975723,-17.25222,-29.41637,-177.96626,84075.77,5.496139,19.508673,26.218903,44.66945,-13.7617,-23.524818,-114.46377,31967.363,4.904297,7.723832,11.608113,15.442909,-6.562075,-10.083331,-31.118895,24715.46,4.640174,5.96932,8.906236,12.330037,-5.008927,-7.489254,-21.559076,7466.896,2.658627,2.592753,7.531494,12.200706,-1.537646,-2.785222,-7.738217,7605.7456,2.653274,2.5015,6.875834,10.670466,-1.472225,-2.518127,-9.005185,42388.4,5.274033,11.264234,21.230228,28.04875,-9.685037,-16.537952,-46.357895,36329.48,5.042453,9.814193,17.729961,24.092237,-8.153154,-13.221643,-34.836581
4.0,175.0,167089.19,6.941743,44.761936,66.707115,82.10441,-30.015701,-51.79835,-310.0365,156153.94,5.962643,43.37811,70.57436,90.841354,-27.795855,-52.08062,-316.51172,26078.76,4.923241,6.506543,10.994115,14.458283,-5.362501,-8.272571,-20.387,25443.498,4.726957,6.379531,11.310334,14.618887,-5.207079,-7.886373,-23.830967,5522.871,2.527039,2.006516,5.404462,7.819649,-1.190051,-2.003668,-4.976404,5104.979,2.385928,1.829852,5.022179,7.43266,-1.061253,-1.67793,-5.232733,32485.484,4.866989,9.236072,18.169592,21.819695,-7.390559,-11.682975,-25.721626,34013.33,4.793637,9.878574,20.58687,25.025122,-7.910655,-13.094995,-26.737759,107045.055,5.698671,27.030958,37.496483,68.48673,-17.81864,-28.750032,-161.3945,86263.72,5.681291,20.052546,26.958946,43.861908,-14.128851,-24.446352,-119.73959,31451.781,5.334588,7.635862,11.685121,15.703261,-6.492921,-10.289322,-31.371212,24410.182,4.990207,5.895847,8.916611,12.151272,-4.985028,-7.503573,-20.47052,7382.3857,2.667478,2.594782,7.621444,11.507797,-1.550612,-2.661649,-8.063536,7472.603,2.64959,2.518069,6.934354,10.406322,-1.513026,-2.526818,-8.210937,41567.316,5.513181,11.15991,21.474302,26.694963,-9.680218,-16.709066,-43.87262,35521.94,5.206865,9.753024,18.199453,24.93839,-8.160062,-13.571836,-34.404886
4.0,175.0,167071.98,6.908698,44.42767,66.97235,86.58192,-29.502188,-53.06412,-313.922,153923.86,5.867869,43.162678,71.9306,90.12823,-27.624641,-49.051613,-291.39243,26164.902,4.739809,6.570942,11.18648,15.355395,-5.337056,-8.010105,-22.295752,25672.076,4.586399,6.449266,11.627201,14.599567,-5.224908,-8.123719,-23.272402,5703.282,2.497595,2.065573,5.670238,8.010795,-1.22631,-2.122792,-5.267193,5216.7256,2.348423,1.861479,5.045651,7.034143,-1.074551,-1.870661,-5.088106,32928.68,4.778569,9.373944,18.431032,21.82611,-7.386387,-11.761405,-28.010206,34486.92,4.719846,10.04742,20.930159,24.653242,-7.920422,-13.06343,-29.890701,105380.63,5.607168,26.917583,37.125942,57.478527,-17.628239,-28.561584,-158.8142,86027.51,5.625295,20.087885,27.292866,49.276062,-13.95476,-23.198587,-131.22255,31626.791,5.174392,7.662078,11.851375,15.857765,-6.511321,-9.740183,-32.522858,24323.824,4.841044,5.853247,8.873273,12.17567,-4.936289,-7.898759,-20.7341,7561.583,2.62889,2.658766,7.802577,13.418058,-1.608564,-3.018999,-8.010575,7634.292,2.598477,2.549426,7.143429,10.173884,-1.530053,-2.600408,-8.032502,41438.7,5.375148,11.225266,21.92404,28.823841,-9.706302,-16.836,-44.059605,35597.5,5.106521,9.737951,18.468878,23.635721,-8.10794,-13.656903,-37.966640
4.0,175.0,169616.66,6.832961,45.50584,68.20419,85.69808,-29.997568,-51.740105,-311.67014,157512.06,5.867822,44.049484,73.160164,94.638565,-27.92538,-52.827652,-374.21017,27081.723,4.728582,6.874103,11.777904,14.864626,-5.600567,-8.444883,-22.256697,26447.344,4.54805,6.744753,11.945353,15.293427,-5.500724,-8.125574,-21.783384,5681.1777,2.535997,2.076306,5.541832,7.612694,-1.224908,-2.093275,-5.049245,5213.674,2.394929,1.88342,5.079487,7.599585,-1.073824,-1.721967,-5.079861,34138.582,4.818064,9.791195,19.083385,22.326662,-7.735082,-12.360526,-29.698229,35871.754,4.76034,10.512942,21.589474,25.915184,-8.291821,-13.317901,-34.44554,107558.45,5.598224,27.241594,38.5555,60.893784,-17.750586,-30.503477,-181.5598,86676.26,5.58093,20.300756,27.181751,43.11042,-13.975637,-22.932404,-140.34795,32435.578,5.092777,8.055922,12.126928,16.196178,-6.829896,-10.296036,-33.49992,25244.357,4.805197,6.174268,9.362415,13.572267,-5.199032,-7.655943,-24.444332,7572.074,2.660945,2.692914,7.68721,11.427385,-1.608712,-2.81108,-8.28313,7722.6406,2.656105,2.603107,7.323161,10.724221,-1.54728,-2.605634,-7.246052,43421.887,5.418617,11.782106,22.537289,30.217352,-10.09908,-16.628439,-41.530094,37313.055,5.16874,10.218695,19.065384,24.759874,-8.521806,-14.058507,-40.342418
4.0,175.0,171123.73,6.80009,45.061512,67.01958,86.137436,-30.034744,-50.8044,-292.24844,158175.03,5.811833,43.873714,71.374916,87.241135,-28.043928,-49.42184,-321.04343,26708.816,4.943345,6.47589,10.575834,13.042671,-5.437403,-7.990496,-20.733742,26219.957,4.802291,6.337893,11.097019,13.639333,-5.277537,-7.87152,-19.89941,5676.282,2.540264,2.005899,5.399978,7.311572,-1.194208,-1.944903,-5.25188,5199.44,2.389522,1.783195,4.721728,6.659958,-1.047382,-1.705872,-4.691117,33681.094,4.924812,9.173045,17.45232,20.811493,-7.438882,-11.479599,-24.704433,35168.92,4.880248,9.804989,20.09872,24.639978,-7.989436,-12.863958,-27.28409,109334.43,5.610226,27.443478,37.83533,63.823486,-17.814516,-30.818869,-170.79875,88003.695,5.598751,20.281965,26.856825,39.723015,-13.993078,-23.958797,-108.09857,32400.217,5.423473,7.677318,11.646196,15.277571,-6.684129,-10.270876,-26.828192,25152.994,5.056117,5.87069,8.464,11.087313,-5.069382,-7.442025,-19.251974,7489.371,2.67608,2.556886,7.340253,10.748864,-1.544097,-2.644033,-6.796499,7618.419,2.648186,2.432362,6.593496,9.994603,-1.48582,-2.510346,-7.590442,42387.234,5.558006,11.108381,20.729053,25.401596,-9.840438,-16.358046,-41.82012,36587.137,5.254246,9.64822,17.482367,21.397583,-8.268896,-13.501386,-42.172925
4.0,175.0,167845.53,6.714475,43.59115,64.05401,84.1804,-29.073484,-51.400036,-301.74503,156079.86,5.812249,42.368183,68.46384,85.700714,-27.071508,-48.01934,-287.56998,26265.7,4.270399,6.530359,10.991768,13.434609,-5.557976,-8.203609,-20.72969,25652.217,4.122722,6.461877,11.65225,14.456234,-5.430061,-7.967625,-18.399233,5684.4673,2.603799,1.953138,5.166579,7.029349,-1.188129,-1.915048,-5.063411,5187.7803,2.449343,1.740769,4.510499,6.538166,-1.038954,-1.635534,-5.094306,33554.504,4.59857,9.188109,17.472353,20.674698,-7.722239,-11.578942,-25.381989,35003.133,4.546882,9.896605,20.141294,24.366905,-8.241811,-13.078099,-29.110071,106694.766,5.470195,26.82171,36.651985,57.90972,-17.46967,-29.07148,-147.56668,86113.266,5.400008,19.963146,26.471058,41.377872,-13.733229,-20.840446,-112.29593,31393.982,4.510879,7.513853,11.725466,15.482033,-6.751478,-9.952322,-26.981215,24335.123,4.17302,5.81976,8.908099,12.597973,-5.2002,-7.814566,-22.372065,7495.3574,2.689761,2.521856,7.104532,11.202582,-1.551856,-2.621441,-7.848095,7609.262,2.652418,2.413057,6.461587,9.731351,-1.503191,-2.434004,-7.165091,41983.11,4.978972,11.101498,20.691956,27.876087,-10.041281,-15.947387,-37.722042,36318.55,4.812636,9.596569,17.393532,22.359327,-8.384531,-13.448198,-34.980702
4.0,200.0,177945.9,7.30123,47.631294,69.14091,86.36305,-31.529905,-61.08458,-364.677,165689.98,6.255404,46.59915,74.271675,92.946526,-29.29418,-55.86697,-375.56363,27149.643,4.817281,6.840654,10.898756,13.786773,-5.695026,-8.285766,-20.466812,26542.979,4.641257,6.747448,11.64218,13.953363,-5.568356,-8.186503,-18.485209,6054.0557,2.717319,2.073179,5.517648,7.470944,-1.262535,-2.07104,-4.967727,5547.747,2.553815,1.844202,4.821262,7.212266,-1.096688,-1.753629,-4.352621,34178.215,5.096347,9.565553,17.140656,20.13786,-7.759141,-12.059693,-25.818281,35703.375,5.05565,10.237932,19.912376,23.04148,-8.265003,-13.391123,-31.118698,114137.21,5.889699,29.717607,40.659004,61.767136,-18.978786,-31.868261,-190.47195,92644.75,5.840576,22.169266,29.368916,47.22462,-15.1588,-24.859161,-107.235985,32950.887,5.09145,8.090896,11.904433,15.031256,-7.022146,-10.819527,-26.136503,25477.514,4.760282,6.165098,8.798512,10.954675,-5.339495,-7.855962,-21.13747,7887.9443,2.828027,2.63423,7.622421,11.58449,-1.641929,-2.765391,-7.050367,7942.8887,2.791063,2.514274,6.557141,10.571333,-1.56916,-2.516419,-6.458245,43195.465,5.526295,11.702099,21.342556,25.665184,-10.390958,-16.911802,-41.356495,37380.773,5.312803,10.134273,17.66967,21.902184,-8.663724,-14.017597,-36.416599
4.0,200.0,179928.25,7.265034,49.025425,72.07558,104.477806,-32.15424,-59.324577,-426.87366,167673.02,6.213218,47.531788,75.60502,98.89934,-29.917187,-58.257683,-353.66757,28106.135,4.916202,7.158591,11.273953,13.533016,-5.957231,-8.807224,-25.570951,27512.729,4.739711,7.084123,12.031389,15.566842,-5.84048,-8.527783,-21.364218,6108.304,2.637787,2.151073,5.847364,8.041074,-1.325288,-2.264637,-6.095485,5586.3896,2.49036,1.901594,5.083187,7.982826,-1.154787,-1.732779,-4.918173,35475.594,5.148297,10.053254,18.13272,21.68987,-8.182737,-12.608293,-30.297398,37098.3,5.084314,10.790084,20.800426,25.676313,-8.855173,-13.740204,-30.09893,116160.89,5.917967,30.193295,41.818745,65.97502,-19.287786,-32.150375,-170.76816,94540.45,5.916122,22.43748,30.323536,55.262363,-15.280546,-24.375637,-130.1109,34162.973,5.377884,8.495094,12.274247,17.188305,-7.414029,-11.069502,-29.364756,26424.895,5.047853,6.461195,8.984104,11.826059,-5.562777,-8.340052,-22.24767,7992.1987,2.781537,2.72604,7.873401,11.62516,-1.721312,-2.98856,-8.407229,8102.747,2.752571,2.590283,7.030564,9.843466,-1.630653,-2.703452,-7.700632,45155.15,5.791826,12.323602,21.666237,27.284536,-10.873808,-17.732023,-48.816498,38650.33,5.464242,10.610437,18.249212,23.58995,-9.07902,-14.866409,-35.727161
4.0,200.0,186339.56,7.361028,50.83641,74.19539,99.01522,-33.642445,-59.104927,-340.3501,175476.48,6.327477,49.402905,80.17745,101.22898,-31.394308,-57.339527,-391.84183,28537.947,5.454051,7.069545,11.078129,13.759633,-5.86888,-8.616892,-21.417532,27759.783,5.252626,6.942756,11.77277,14.924458,-5.770354,-8.484604,-20.34674,6120.5786,2.604816,2.182736,5.929661,8.319577,-1.330052,-2.192115,-5.490248,5594.5635,2.445151,1.942619,5.117861,7.599392,-1.164843,-1.847631,-5.24792,35396.246,5.308042,10.004428,18.320065,22.213259,-8.134584,-12.84147,-33.131763,36879.82,5.243051,10.73467,21.07933,24.981262,-8.674495,-14.098503,-32.000164,118965.21,5.991701,31.18721,42.94284,61.06361,-19.983574,-32.915646,-203.93132,97082.36,6.013702,23.326286,30.95487,44.559036,-15.878705,-27.579794,-172.43304,34696.906,6.093386,8.506906,12.288173,15.305708,-7.292518,-11.167571,-38.557568,26755.502,5.576658,6.423973,9.031201,12.894185,-5.483959,-8.182482,-21.742416,8010.884,2.768685,2.74504,8.000044,12.213177,-1.713282,-3.171235,-8.537481,8064.8516,2.729881,2.625788,7.155898,10.828489,-1.638918,-2.70871,-7.414127,45070.87,6.089372,12.403897,22.379045,28.901653,-10.770759,-18.06517,-55.6696,38684.055,5.705723,10.719817,18.67505,23.70173,-9.059452,-14.748694,-37.029298
4.0,200.0,183167.64,7.360501,49.325832,71.793655,92.64581,-32.13111,-58.445827,-365.08377,168302.81,6.241747,47.5497,76.240265,92.93476,-30.151234,-51.046844,-446.87778,27382.879,4.765768,6.884214,11.193337,14.073088,-5.861884,-8.809488,-23.301382,26798.115,4.596544,6.782891,11.712734,14.705694,-5.742908,-8.729394,-21.536196,6066.377,2.684475,2.076844,5.600874,7.609361,-1.310783,-2.188982,-6.265675,5554.4966,2.534502,1.852445,4.911713,7.175806,-1.143853,-1.859456,-4.562944,34521.832,5.046831,9.577781,17.497602,20.667774,-8.071161,-13.077743,-26.127733,36038.55,4.98009,10.214208,20.100773,24.014982,-8.653488,-14.327553,-31.232107,116877.86,5.914091,30.429367,42.19255,64.03246,-19.239714,-33.023106,-198.5275,94941.08,5.87333,22.74635,30.9791,41.267532,-15.460117,-24.173485,-126.96169,33174.168,5.030171,8.112704,12.125894,17.616755,-7.192549,-11.223256,-27.756828,25681.037,4.682512,6.224678,8.984171,12.111398,-5.48838,-8.305062,-23.718649,7888.595,2.79925,2.63634,7.482889,11.392974,-1.704206,-2.975562,-7.214039,8028.1265,2.787776,2.5216,6.782099,10.085484,-1.629162,-2.736383,-8.532685,43495.832,5.459699,11.716682,21.477013,26.149822,-10.749451,-18.761929,-43.263203,37715.754,5.277527,10.154953,18.032223,22.658531,-8.942651,-14.748226,-36.111915
4.0,200.0,183279.23,7.114082,50.233166,74.19677,100.659134,-33.37693,-61.04036,-408.27173,171869.72,6.156346,49.31764,79.19146,102.02584,-30.907473,-58.12123,-399.85046,30640.422,5.017197,7.908695,12.454615,15.181382,-6.493471,-9.748924,-29.444534,29927.932,4.826061,7.77828,13.117293,15.632476,-6.361828,-9.490246,-22.809578,6226.248,2.681976,2.247748,6.042522,8.394289,-1.348036,-2.103819,-5.346958,5700.222,2.523728,1.986904,5.239554,7.63573,-1.165959,-1.783983,-4.634567,38822.984,5.202588,11.21452,20.07444,23.476845,-9.010434,-14.128429,-30.661741,40456.69,5.147281,11.997847,23.353151,28.054108,-9.728911,-15.807471,-36.047806,116955.55,5.820371,30.518246,42.707493,82.22526,-19.60316,-33.5717,-197.69775,95033.66,5.813551,22.803286,30.310705,47.001553,-15.430868,-24.627647,-148.54677,36959.2,5.448891,9.310329,13.349568,16.679976,-8.050595,-12.114546,-31.240091,28863.24,5.110549,7.094666,10.128775,13.585835,-6.094367,-8.962367,-27.020615,8239.065,2.80766,2.887394,8.221715,11.880637,-1.765046,-3.004326,-7.862006,8470.195,2.799217,2.762207,7.341688,10.953794,-1.692532,-2.691732,-7.619077,49205.164,5.856229,13.598831,24.109337,29.95222,-11.906547,-20.852839,-53.135017,42349.582,5.565848,11.826538,20.17419,25.47806,-9.919125,-16.431864,-44.001792
4.0,200.0,189447.64,7.19544,52.34293,77.049065,100.86653,-34.04864,-63.377846,-369.51645,174861.22,6.151733,50.36376,81.09564,102.558105,-31.501867,-60.20374,-378.94266,30112.457,5.391857,7.479678,11.741723,14.433766,-6.281318,-9.646867,-21.945658,29538.795,5.224318,7.329405,12.378691,15.050508,-6.167845,-9.155928,-21.411547,6167.4243,2.678808,2.156446,5.782674,7.919558,-1.32552,-2.20798,-4.887972,5617.3794,2.510379,1.908757,5.085016,7.123359,-1.149818,-1.838915,-4.344306,37814.86,5.34011,10.55434,19.3276,23.388319,-8.677907,-13.647529,-31.146921,39709.754,5.293819,11.337429,22.04783,25.968693,-9.38428,-14.887121,-36.135574,120554.72,5.909054,31.4036,43.511883,69.28207,-19.933172,-32.65875,-186.17519,97287.22,5.943165,23.229145,30.951883,45.702972,-15.910608,-25.336048,-128.63885,36775.78,5.966939,8.979797,12.873958,15.827581,-7.799373,-12.174561,-34.69033,28484.496,5.521271,6.83038,9.644152,12.914641,-5.906205,-8.804057,-22.748058,8099.641,2.813208,2.755523,7.922559,11.351648,-1.733026,-3.049574,-7.616591,8260.141,2.799183,2.621588,7.092411,10.170187,-1.664098,-2.707111,-7.709207,48575.9,6.112356,13.131979,23.2284,28.301317,-11.638582,-19.501328,-52.423145,41662.406,5.761107,11.269411,19.751104,24.761131,-9.698295,-15.490252,-38.520019
4.0,200.0,187654.06,7.154009,50.948868,75.895195,98.000656,-33.457745,-58.986435,-358.9454,172748.03,6.096546,49.497414,79.74733,100.821465,-31.179071,-55.47082,-341.8147,30004.926,5.191419,7.618586,12.119486,14.752158,-6.401279,-9.63623,-25.726444,29344.71,5.004447,7.483462,12.644023,15.714612,-6.246631,-9.463697,-19.472986,6268.2725,2.619965,2.232598,6.133978,8.301083,-1.397721,-2.224065,-5.170377,5737.703,2.467483,1.979646,5.317633,7.801133,-1.205403,-1.91251,-5.253812,37966.938,5.227967,10.818549,19.729256,22.722517,-8.899231,-14.585803,-31.09816,39728.33,5.170858,11.535814,22.535448,26.66084,-9.574657,-15.8017,-33.063454,118873.92,5.845211,31.126461,43.562786,61.615437,-19.742884,-33.75224,-190.85562,96287.06,5.845096,23.213894,30.844542,48.812157,-15.582623,-26.39829,-139.79361,36088.91,5.674208,9.056653,13.208237,16.859192,-7.811843,-12.004737,-33.297924,28040.61,5.326501,6.868906,9.596812,12.756725,-5.930776,-8.769536,-24.379452,8275.008,2.770305,2.842923,8.254688,11.975178,-1.810783,-3.09855,-8.129939,8371.695,2.736159,2.709018,7.402302,11.738686,-1.730954,-2.737062,-9.377818,47836.812,5.926874,13.167978,23.664925,29.414097,-11.731628,-19.340572,-53.05383,41131.906,5.607716,11.383459,20.038483,25.205502,-9.771845,-15.593602,-40.927918
4.0,200.0,189922.94,7.150163,51.40676,76.44801,101.08555,-34.096306,-61.1137,-420.84506,175299.17,6.124538,49.969963,80.933914,102.06016,-31.542822,-57.143322,-343.7343,30416.166,5.168419,7.745771,12.175151,14.972413,-6.345052,-9.519154,-23.038841,29806.994,4.998499,7.612097,12.690723,15.830824,-6.191024,-9.213917,-23.009527,6215.967,2.683921,2.228925,5.914335,8.277594,-1.338224,-2.199753,-5.678235,5638.647,2.511363,1.969288,5.177025,7.352977,-1.155003,-1.865287,-4.777659,38472.33,5.243334,10.999619,19.874416,22.85294,-8.791749,-13.66259,-29.203297,40295.586,5.187643,11.770969,22.866758,26.493086,-9.3849,-15.09751,-35.89068,120627.875,5.887575,31.046415,43.32708,77.56525,-19.904776,-33.878048,-195.91684,96357.77,5.853262,23.098425,30.407202,52.21551,-15.833209,-26.538939,-141.815,36867.24,5.65412,9.170141,13.02883,16.63476,-7.793698,-11.771806,-35.724216,28783.135,5.299654,7.027411,9.836086,13.715223,-5.941397,-8.737057,-25.744728,8228.168,2.814042,2.843808,8.063869,11.42514,-1.745171,-3.037078,-7.658875,8361.976,2.785962,2.726035,7.265149,10.018763,-1.680214,-2.821065,-7.198547,48975.49,5.956894,13.455054,23.676521,28.321737,-11.731928,-19.300358,-47.065002,42081.734,5.642344,11.649387,19.874712,24.174805,-9.750387,-16.236042,-43.954350
4.0,200.0,189506.52,7.209321,51.82115,76.706345,88.52168,-34.00581,-62.744026,-349.22952,175910.38,6.175448,50.118374,80.98633,100.39577,-31.487701,-56.195705,-329.84854,30075.193,5.335589,7.467478,11.77672,14.306343,-6.256192,-9.172792,-19.694506,29407.533,5.154749,7.327868,12.25196,15.078345,-6.114325,-9.207783,-23.88032,6170.343,2.639817,2.1851,5.886033,7.945703,-1.340654,-2.163278,-5.003332,5607.3994,2.472298,1.932907,5.168658,7.306156,-1.151217,-1.810049,-4.803094,37955.797,5.314893,10.607829,19.191442,22.36592,-8.647248,-13.949014,-29.227016,39619.3,5.245116,11.374271,21.94008,26.39558,-9.288167,-15.32498,-38.396675,121019.69,5.934622,31.388844,43.50902,69.40091,-19.839466,-31.365696,-185.24074,97353.4,5.910578,23.167631,30.804,48.458473,-15.719524,-25.825563,-120.63781,36370.562,5.846002,8.904287,12.81421,15.649412,-7.768588,-12.275147,-34.936184,28190.787,5.43251,6.79018,9.417444,12.62512,-5.860966,-9.072869,-21.475924,8130.908,2.787716,2.760688,7.964511,11.473508,-1.746294,-3.046615,-8.223149,8292.882,2.771471,2.653288,7.174449,10.093354,-1.659659,-2.706775,-8.468165,48259.55,6.038858,13.11528,23.030165,28.16885,-11.547623,-19.661936,-46.795647,41431.65,5.699885,11.284865,19.68542,24.375769,-9.66401,-15.434757,-35.464569
4.0,200.0,185347.62,7.119934,49.71064,73.29615,104.21547,-32.73696,-57.88205,-331.59586,171888.77,6.136605,48.119038,75.69926,92.513756,-30.460768,-53.872665,-390.2066,29619.244,4.59027,7.503726,11.832818,15.112483,-6.392762,-9.493611,-21.076954,28932.693,4.433247,7.393192,12.578537,15.158814,-6.230659,-9.303762,-22.613564,6194.026,2.712466,2.116613,5.626923,7.605616,-1.318718,-2.194662,-5.213345,5605.6953,2.538491,1.87992,4.878354,7.114534,-1.134962,-1.742156,-5.193445,37681.496,4.940542,10.607466,18.922142,23.5373,-8.803385,-13.610333,-30.113186,39531.742,4.893405,11.313852,21.816528,26.101814,-9.43744,-14.862894,-34.757145,118477.48,5.818742,30.237627,41.914818,60.92806,-19.261387,-34.4123,-173.64885,94533.86,5.699397,22.515615,29.656393,46.4388,-15.307972,-23.970325,-120.36253,35763.777,4.91817,8.751006,12.914319,16.715525,-7.868637,-11.985945,-30.929539,27601.828,4.498744,6.765427,9.624836,12.921943,-6.065101,-8.827199,-24.23781,8177.455,2.816879,2.713397,7.594788,10.833691,-1.724519,-2.939872,-7.909294,8288.926,2.773681,2.589193,6.873493,10.17688,-1.649142,-2.642773,-7.643362,48283.535,5.459209,12.970649,22.618797,27.444494,-11.777691,-19.373274,-45.67971,41204.094,5.218951,11.152616,18.97625,24.362593,-9.792228,-15.640033,-35.187188
