100.0,93.11,51.546,137.353,92.779,58.39,134.63,142.025,131.622,131.735
100.1,93.044,51.652,137.319,92.779,58.39,134.63,142.025,131.66,131.772
100.2,93.177,51.44,137.319,92.779,58.39,134.63,141.994,131.622,131.772
100.3,93.044,51.652,137.421,92.779,58.291,134.63,142.056,131.66,131.772
100.4,93.044,51.652,137.319,92.779,58.39,134.594,142.087,131.547,131.772
100.5,93.044,51.652,137.319,92.846,58.291,134.63,142.025,131.622,131.735
100.6,93.044,51.652,137.285,92.779,58.39,134.666,142.025,131.622,131.81
100.7,92.978,51.546,137.319,92.713,58.291,134.63,141.994,131.66,131.697
100.8,93.044,51.546,137.285,92.779,58.39,134.63,142.025,131.622,131.772
100.9,93.044,51.652,137.285,92.846,58.291,134.666,142.025,131.584,131.735
101.0,93.044,51.652,137.353,92.779,58.291,134.63,142.056,131.584,131.772
101.1,92.978,51.652,137.319,92.912,58.291,134.63,142.025,131.66,131.772
101.2,93.044,51.652,137.319,92.846,58.291,134.63,142.025,131.622,131.772
101.3,93.044,51.758,137.285,92.779,58.291,134.63,141.994,131.66,131.735
101.4,92.912,51.546,137.319,92.713,58.291,134.594,142.056,131.622,131.772
101.5,92.978,51.652,137.319,92.846,58.192,134.666,141.994,131.622,131.735
101.6,93.044,51.546,137.285,92.846,58.291,134.63,141.994,131.622,131.848
101.7,92.978,51.652,137.387,92.779,58.192,134.63,142.025,131.622,131.735
101.8,93.044,51.652,137.319,92.713,58.291,134.63,142.025,131.66,131.772
101.9,93.044,51.546,137.319,92.779,58.39,134.63,142.056,131.622,131.772
102.0,93.044,51.546,137.353,92.779,58.39,134.63,142.025,131.622,131.735
102.1,92.978,51.652,137.319,92.779,58.291,134.666,142.025,131.584,131.772
102.2,93.044,51.546,137.319,92.779,58.291,134.594,142.056,131.66,131.772
102.3,92.978,51.335,137.319,92.779,58.39,134.63,142.056,131.622,131.772
102.4,93.044,51.652,137.319,92.779,58.291,134.63,142.025,131.622,131.735
102.5,92.978,51.652,137.353,92.713,58.39,134.594,142.025,131.584,131.772
102.6,92.978,51.546,137.319,92.713,58.488,134.63,142.025,131.584,131.697
102.7,93.044,51.546,137.353,92.779,58.291,134.63,142.025,131.622,131.735
102.8,93.044,51.44,137.319,92.646,58.291,134.594,142.056,131.697,131.772
102.9,92.978,51.546,137.319,92.779,58.093,134.63,142.025,131.697,131.772
103.0,92.912,51.546,137.353,92.713,58.291,134.63,142.025,131.622,131.735
103.1,93.044,51.546,137.285,92.779,58.291,134.666,142.025,131.622,131.772
103.2,93.044,51.546,137.319,92.779,58.291,134.666,141.994,131.622,131.735
103.3,92.912,51.546,137.387,92.779,58.39,134.63,142.025,131.66,131.772
103.4,92.978,51.652,137.319,92.713,58.291,134.63,141.994,131.622,131.772
103.5,93.11,51.652,137.285,92.646,58.291,134.63,142.056,131.622,131.772
103.6,93.044,51.546,137.353,92.779,58.291,134.702,142.025,131.622,131.735
103.7,92.978,51.652,137.353,92.779,58.39,134.666,141.994,131.584,131.772
103.8,93.11,51.652,137.285,92.713,58.291,134.63,142.025,131.547,131.735
103.9,92.978,51.546,137.319,92.779,58.39,134.63,142.025,131.66,131.772
104.0,93.044,51.652,137.319,92.779,58.39,134.63,142.087,131.622,131.772
104.1,92.978,51.652,137.319,92.779,58.39,134.63,142.025,131.66,131.697
104.2,93.044,51.652,137.319,92.713,58.291,134.594,142.025,131.622,131.772
104.3,92.978,51.652,137.319,92.846,58.291,134.594,142.025,131.622,131.772
104.4,93.044,51.546,137.353,92.779,58.291,134.63,142.087,131.66,131.772
104.5,92.978,51.652,137.285,92.779,58.291,134.63,142.119,131.622,131.735
104.6,93.044,51.652,137.319,92.779,58.291,134.666,141.994,131.584,131.772
104.7,92.978,51.652,137.387,92.779,58.291,134.594,142.087,131.584,131.81
104.8,93.044,51.546,137.353,92.713,58.291,134.63,142.025,131.584,131.735
104.9,93.044,51.546,137.285,92.713,58.291,134.63,142.056,131.622,131.772
105.0,92.978,51.546,137.319,92.779,58.39,134.594,141.994,131.622,131.772
105.1,93.044,51.546,137.353,92.846,58.291,134.666,142.025,131.584,131.735
105.2,92.978,51.652,137.319,92.713,58.192,134.63,142.056,131.584,131.735
105.3,92.912,51.546,137.285,92.779,58.39,134.666,141.994,131.66,131.772
105.4,93.044,51.652,137.353,92.779,58.39,134.666,141.994,131.697,131.735
105.5,92.978,51.546,137.251,92.912,58.291,134.63,142.025,131.584,131.735
105.6,92.978,51.546,137.319,92.779,58.39,134.63,142.025,131.66,131.735
105.7,93.044,51.546,137.387,92.779,58.192,134.594,142.056,131.622,131.735
105.8,92.978,51.44,137.285,92.779,58.291,134.666,142.087,131.622,131.735
105.9,92.978,51.652,137.319,92.912,58.192,134.63,142.025,131.622,131.772
106.0,93.044,51.546,137.319,92.846,58.291,134.63,142.025,131.66,131.772
106.1,92.912,51.652,137.319,92.846,58.291,134.666,142.025,131.622,131.735
106.2,92.978,51.652,137.353,92.779,58.291,134.63,141.962,131.622,131.81
106.3,93.044,51.546,137.353,92.846,58.39,134.666,141.994,131.66,131.772
106.4,93.044,51.652,137.319,92.846,58.192,134.63,141.994,131.622,131.735
106.5,92.978,51.44,137.319,92.779,58.291,134.63,142.025,131.622,131.772
106.6,93.044,51.546,137.319,92.713,58.291,134.63,142.025,131.622,131.772
106.7,92.978,51.546,137.319,92.779,58.291,134.594,141.994,131.622,131.735
106.8,93.11,51.546,137.319,92.779,58.291,134.63,141.994,131.697,131.772
106.9,92.978,51.652,137.319,92.713,58.291,134.63,141.994,131.622,131.772
107.0,93.044,51.44,137.353,92.779,58.291,134.666,142.025,131.66,131.81
107.1,92.978,51.652,137.353,92.713,58.39,134.666,142.056,131.622,131.735
107.2,93.044,51.546,137.319,92.779,58.291,134.63,142.025,131.622,131.735
107.3,93.044,51.546,137.353,92.779,58.291,134.63,142.056,131.622,131.848
107.4,92.978,51.546,137.319,92.713,58.291,134.63,142.025,131.622,131.697
107.5,93.11,51.546,137.319,92.58,58.39,134.594,142.056,131.66,131.772
107.6,92.978,51.652,137.319,92.713,58.192,134.63,142.025,131.622,131.735
107.7,93.044,51.546,137.319,92.58,58.291,134.63,142.025,131.584,131.772
107.8,92.978,51.546,137.285,92.646,58.291,134.63,142.056,131.584,131.772
107.9,93.044,51.652,137.421,92.779,58.291,134.63,142.025,131.622,131.735
108.0,93.044,51.546,137.251,92.713,58.39,134.63,142.025,131.622,131.81
108.1,92.978,51.758,137.353,92.779,58.39,134.666,142.056,131.547,131.772
108.2,93.044,51.652,137.353,92.779,58.39,134.63,142.056,131.622,131.772
108.3,92.978,51.758,137.285,92.713,58.192,134.63,141.994,131.66,131.735
108.4,93.044,51.546,137.319,92.779,58.291,134.594,142.087,131.622,131.772
108.5,93.044,51.546,137.421,92.779,58.291,134.702,142.025,131.622,131.697
108.6,93.11,51.546,137.285,92.779,58.488,134.63,142.087,131.584,131.735
108.7,92.978,51.652,137.319,92.713,58.39,134.666,142.025,131.622,131.772
108.8,93.044,51.652,137.353,92.779,58.39,134.63,141.994,131.584,131.735
108.9,92.978,51.546,137.353,92.779,58.291,134.702,141.994,131.622,131.735
109.0,92.978,51.546,137.285,92.779,58.291,134.63,142.119,131.622,131.772
109.1,93.044,51.546,137.319,92.713,58.291,134.63,142.056,131.622,131.735
109.2,93.044,51.652,137.353,92.779,58.291,134.594,142.025,131.622,131.772
109.3,92.912,51.546,137.319,92.713,58.39,134.594,141.994,131.622,131.772
109.4,92.978,51.546,137.353,92.779,58.39,134.594,142.056,131.584,131.735
109.5,92.912,51.652,137.353,92.779,58.39,134.63,142.025,131.622,131.697
109.6,92.978,51.652,137.353,92.713,58.291,134.63,142.025,131.622,131.735
109.7,93.044,51.546,137.319,92.713,58.39,134.666,142.025,131.622,131.81
109.8,93.044,51.546,137.319,92.779,58.291,134.702,142.056,131.622,131.735
109.9,92.978,51.546,137.319,92.779,58.39,134.63,141.994,131.622,131.697
110.0,93.044,51.546,137.319,92.779,58.488,134.666,142.025,131.584,131.735
110.1,92.912,51.652,137.319,92.779,58.291,134.63,142.025,131.66,131.735
110.2,93.044,51.652,137.285,92.846,58.39,134.63,142.025,131.622,131.772
110.3,92.978,51.546,137.319,92.779,58.291,134.63,142.025,131.622,131.772
110.4,92.978,51.546,137.285,92.646,58.39,134.63,142.056,131.584,131.735
110.5,93.11,51.652,137.285,92.779,58.291,134.63,142.056,131.697,131.772
110.6,92.978,51.546,137.319,92.779,58.192,134.63,142.025,131.622,131.697
110.7,93.044,51.758,137.285,92.779,58.39,134.63,142.056,131.622,131.81
110.8,92.978,51.652,137.319,92.779,58.291,134.63,141.994,131.584,131.772
110.9,92.978,51.652,137.353,92.779,58.291,134.63,142.056,131.66,131.772
111.0,92.978,51.44,137.319,92.713,58.291,134.559,142.056,131.66,131.697
111.1,93.044,51.652,137.387,92.779,58.39,134.63,142.025,131.622,131.735
111.2,93.11,51.652,137.421,92.846,58.291,134.63,142.056,131.697,131.848
111.3,93.044,51.546,137.319,92.58,58.291,134.63,141.899,131.622,131.735
111.4,92.912,51.652,137.319,92.779,58.291,134.666,142.056,131.584,131.735
111.5,92.912,51.652,137.319,92.713,58.291,134.666,142.056,131.697,131.772
111.6,92.978,51.546,137.387,92.713,58.291,134.63,142.056,131.66,131.735
111.7,92.978,51.546,137.319,92.713,58.291,134.63,142.056,131.622,131.735
111.8,92.978,51.652,137.285,92.846,58.39,134.63,142.056,131.547,131.772
111.9,93.044,51.546,137.319,92.779,58.291,134.594,142.056,131.622,131.772
112.0,92.978,51.44,137.387,92.779,58.192,134.63,141.994,131.66,131.848
112.1,92.978,51.652,137.319,92.779,58.291,134.666,142.056,131.622,131.735
112.2,92.978,51.652,137.387,92.779,58.291,134.594,141.994,131.622,131.848
112.3,92.978,51.546,137.319,92.779,58.291,134.63,141.994,131.622,131.772
112.4,92.978,51.546,137.319,92.713,58.291,134.594,142.087,131.66,131.772
112.5,93.11,51.758,137.285,92.713,58.291,134.63,142.087,131.622,131.81
112.6,92.978,51.546,137.319,92.713,58.291,134.594,142.056,131.622,131.735
112.7,92.978,51.546,137.285,92.713,58.39,134.594,142.056,131.622,131.772
112.8,92.978,51.652,137.319,92.713,58.39,134.594,142.025,131.66,131.772
112.9,92.978,51.546,137.319,92.713,58.291,134.63,142.025,131.622,131.772
113.0,92.978,51.652,137.319,92.779,58.291,134.594,142.025,131.622,131.772
113.1,92.978,51.546,137.319,92.713,58.587,134.594,142.025,131.66,131.81
113.2,92.978,51.546,137.319,92.779,58.291,134.63,142.025,131.622,131.735
113.3,92.978,51.546,137.319,92.779,58.39,134.63,142.025,131.622,131.735
113.4,92.912,51.546,137.319,92.779,58.39,134.594,141.994,131.622,131.772
113.5,92.978,51.546,137.319,92.713,58.39,134.594,142.025,131.622,131.697
113.6,92.912,51.652,137.319,92.646,58.291,134.594,142.087,131.584,131.735
113.7,92.978,51.652,137.421,92.779,58.39,134.63,142.025,131.584,131.735
113.8,93.044,51.546,137.353,92.713,58.291,134.63,141.962,131.622,131.697
113.9,92.978,51.652,137.319,92.646,58.291,134.63,142.087,131.584,131.735
114.0,92.912,51.546,137.319,92.713,58.291,134.63,142.025,131.622,131.772
114.1,93.044,51.546,137.319,92.779,58.39,134.594,141.994,131.622,131.772
114.2,92.912,51.44,137.285,92.713,58.291,134.63,142.025,131.622,131.772
114.3,92.978,51.44,137.319,92.713,58.39,134.63,142.025,131.584,131.81
114.4,92.912,51.546,137.319,92.779,58.291,134.63,142.025,131.66,131.772
114.5,92.978,51.44,137.285,92.779,58.39,134.63,142.025,131.622,131.697
114.6,92.978,51.546,137.285,92.779,58.291,134.63,142.025,131.584,131.735
114.7,92.978,51.546,137.319,92.646,58.39,134.63,142.087,131.584,131.772
114.8,93.11,51.652,137.353,92.713,58.192,134.63,142.056,131.622,131.772
114.9,92.978,51.652,137.319,92.713,58.39,134.63,141.994,131.622,131.735
115.0,92.978,51.546,137.319,92.779,58.291,134.702,142.025,131.66,131.735
115.1,92.846,51.546,137.319,92.713,58.39,134.63,142.025,131.66,131.81
115.2,92.978,51.546,137.285,92.646,58.291,134.63,142.087,131.66,131.772
115.3,92.978,51.546,137.353,92.779,58.291,134.559,142.056,131.622,131.772
115.4,93.044,51.652,137.285,92.713,58.291,134.594,142.056,131.735,131.772
115.5,92.912,51.546,137.319,92.646,58.291,134.63,142.025,131.66,131.772
115.6,93.11,51.652,137.319,92.713,58.291,134.63,142.025,131.622,131.697
115.7,92.978,51.546,137.285,92.713,58.291,134.594,142.025,131.622,131.772
115.8,92.912,51.546,137.285,92.713,58.291,134.666,141.994,131.697,131.735
115.9,92.912,51.652,137.319,92.713,58.291,134.63,142.056,131.622,131.772
116.0,92.978,51.546,137.353,92.713,58.291,134.666,142.025,131.66,131.735
116.1,92.978,51.546,137.285,92.779,58.291,134.594,142.056,131.622,131.735
116.2,92.978,51.758,137.353,92.713,58.291,134.594,142.025,131.622,131.735
116.3,92.978,51.546,137.285,92.779,58.291,134.63,141.994,131.622,131.735
116.4,92.978,51.546,137.319,92.713,58.291,134.594,142.025,131.622,131.735
116.5,92.912,51.546,137.285,92.713,58.291,134.559,142.025,131.622,131.772
116.6,92.978,51.44,137.319,92.713,58.39,134.594,142.119,131.622,131.772
116.7,92.978,51.546,137.319,92.713,58.291,134.666,142.056,131.622,131.735
116.8,93.044,51.546,137.387,92.779,58.291,134.594,142.056,131.66,131.735
116.9,92.978,51.546,137.285,92.713,58.39,134.594,141.994,131.66,131.735
117.0,92.978,51.652,137.285,92.779,58.291,134.63,142.025,131.584,131.735
117.1,92.912,51.546,137.353,92.779,58.39,134.63,142.056,131.622,131.735
117.2,92.978,51.546,137.285,92.713,58.192,134.702,141.994,131.622,131.772
117.3,92.912,51.546,137.353,92.779,58.291,134.63,142.087,131.584,131.772
117.4,92.912,51.652,137.421,92.713,58.192,134.594,141.994,131.584,131.735
117.5,92.912,51.652,137.285,92.713,58.291,134.63,142.056,131.622,131.735
117.6,92.912,51.546,137.251,92.713,58.291,134.666,142.025,131.66,131.735
117.7,92.978,51.546,137.353,92.713,58.291,134.666,142.056,131.622,131.772
117.8,92.978,51.546,137.319,92.713,58.39,134.63,142.025,131.584,131.735
117.9,92.912,51.546,137.319,92.713,58.291,134.63,142.025,131.584,131.735
118.0,92.978,51.546,137.285,92.713,58.291,134.666,141.994,131.584,131.772
118.1,92.912,51.546,137.285,92.779,58.291,134.63,142.025,131.66,131.772
118.2,92.912,51.652,137.285,92.646,58.291,134.63,141.962,131.622,131.735
118.3,92.978,51.546,137.285,92.713,58.291,134.737,142.025,131.66,131.735
118.4,92.978,51.546,137.319,92.779,58.192,134.594,141.994,131.66,131.697
118.5,92.978,51.546,137.285,92.779,58.291,134.63,142.056,131.622,131.772
118.6,92.912,51.652,137.319,92.713,58.39,134.63,142.056,131.584,131.735
118.7,92.912,51.546,137.285,92.779,58.291,134.63,141.994,131.66,131.772
118.8,92.912,51.44,137.285,92.713,58.291,134.559,142.025,131.584,131.735
118.9,92.978,51.546,137.148,92.779,58.192,134.594,142.025,131.622,131.735
119.0,92.978,51.546,137.319,92.779,58.488,134.63,141.994,131.622,131.772
119.1,93.044,51.44,137.353,92.713,58.291,134.63,142.025,131.66,131.772
119.2,92.978,51.44,137.319,92.713,58.291,134.63,142.056,131.66,131.772
119.3,92.912,51.546,137.353,92.713,58.291,134.63,142.025,131.547,131.735
119.4,92.912,51.758,137.285,92.713,58.192,134.63,141.994,131.584,131.772
119.5,93.044,51.652,137.285,92.713,58.291,134.63,142.056,131.622,131.772
119.6,92.978,51.546,137.319,92.713,58.291,134.594,142.056,131.584,131.772
119.7,92.978,51.546,137.387,92.713,58.291,134.63,142.087,131.622,131.772
119.8,92.978,51.546,137.319,92.713,58.291,134.63,142.025,131.584,131.81
119.9,92.912,51.652,137.319,92.846,58.192,134.594,141.994,131.547,131.735
120.0,92.912,51.546,137.319,92.58,58.587,134.63,142.025,131.547,131.735
120.1,92.912,51.546,137.319,92.713,58.39,134.63,142.025,131.584,131.735
120.2,92.978,51.546,137.319,92.713,58.39,134.594,142.025,131.584,131.772
120.3,92.912,51.546,137.319,92.713,58.39,134.594,142.056,131.509,131.735
120.4,92.978,51.652,137.353,92.713,58.39,134.666,141.994,131.622,131.848
120.5,92.912,51.652,137.319,92.646,58.192,134.594,141.994,131.622,131.735
120.6,92.912,51.652,137.319,92.713,58.39,134.63,142.056,131.584,131.81
120.7,92.978,51.44,137.319,92.779,58.291,134.594,141.994,131.622,131.735
120.8,92.978,51.652,137.319,92.713,58.291,134.63,142.056,131.622,131.735
120.9,92.978,51.652,137.319,92.713,58.291,134.63,141.962,131.622,131.772
121.0,92.912,51.335,137.319,92.713,58.291,134.594,142.025,131.584,131.735
121.1,92.978,51.546,137.285,92.779,58.291,134.666,142.025,131.622,131.735
121.2,93.044,51.546,137.285,92.58,58.291,134.63,142.025,131.584,131.735
121.3,92.978,51.546,137.285,92.713,58.291,134.63,141.994,131.584,131.735
121.4,92.978,51.652,137.285,92.713,58.291,134.594,142.025,131.622,131.772
121.5,92.912,51.546,137.319,92.713,58.488,134.666,141.994,131.622,131.772
121.6,92.978,51.546,137.251,92.779,58.192,134.702,142.025,131.622,131.772
121.7,92.912,51.546,137.285,92.779,58.291,134.594,141.994,131.66,131.66
121.8,92.912,51.546,137.251,92.779,58.192,134.594,141.994,131.66,131.735
121.9,92.978,51.546,137.285,92.646,58.39,134.63,142.119,131.622,131.735
122.0,92.912,51.546,137.353,92.646,58.39,134.63,141.994,131.622,131.772
122.1,92.978,51.546,137.319,92.646,58.291,134.63,142.056,131.622,131.81
122.2,92.912,51.44,137.353,92.713,58.291,134.63,142.025,131.547,131.735
122.3,92.978,51.546,137.319,92.646,58.291,134.594,142.056,131.622,131.735
122.4,93.044,51.546,137.319,92.779,58.291,134.594,141.962,131.66,131.772
122.5,92.912,51.546,137.285,92.713,58.291,134.666,142.025,131.622,131.735
122.6,92.912,51.546,137.353,92.779,58.291,134.594,142.056,131.584,131.81
122.7,92.912,51.546,137.285,92.646,58.291,134.63,142.025,131.622,131.772
122.8,92.912,51.44,137.285,92.713,58.39,134.63,142.025,131.622,131.772
122.9,92.978,51.546,137.353,92.646,58.291,134.63,142.056,131.622,131.772
123.0,92.912,51.546,137.285,92.646,58.291,134.63,142.025,131.622,131.772
123.1,92.912,51.546,137.319,92.779,58.291,134.63,141.994,131.622,131.735
123.2,92.912,51.546,137.353,92.646,58.291,134.666,142.025,131.622,131.735
123.3,92.912,51.546,137.319,92.713,58.39,134.737,142.025,131.622,131.772
123.4,92.912,51.546,137.319,92.646,58.291,134.666,142.025,131.66,131.697
123.5,93.044,51.546,137.319,92.713,58.39,134.63,142.056,131.66,131.81
123.6,92.912,51.546,137.285,92.713,58.291,134.63,142.056,131.622,131.772
123.7,92.978,51.546,137.319,92.713,58.291,134.594,142.087,131.66,131.772
123.8,92.779,51.652,137.216,92.713,58.291,134.63,142.087,131.622,131.735
123.9,92.912,51.652,137.319,92.58,58.291,134.63,142.025,131.622,131.735
124.0,92.912,51.546,137.353,92.713,58.192,134.63,142.056,131.622,131.697
124.1,92.846,51.652,137.285,92.713,58.192,134.594,142.025,131.66,131.772
124.2,92.978,51.546,137.319,92.713,58.39,134.63,142.025,131.622,131.735
124.3,92.978,51.546,137.285,92.779,58.291,134.666,142.056,131.697,131.735
124.4,92.912,51.652,137.387,92.646,58.291,134.63,141.994,131.622,131.735
124.5,92.978,51.546,137.285,92.713,58.192,134.63,142.025,131.622,131.735
124.6,92.912,51.44,137.353,92.846,58.291,134.63,142.025,131.584,131.772
124.7,92.978,51.546,137.285,92.646,58.291,134.63,142.025,131.622,131.735
124.8,92.846,51.652,137.353,92.713,58.291,134.63,141.962,131.622,131.735
124.9,92.846,51.44,137.319,92.713,58.291,134.594,142.025,131.584,131.735
125.0,92.978,51.546,137.285,92.646,58.291,134.63,142.087,131.547,131.772
125.1,92.912,51.546,137.353,92.713,58.291,134.63,142.056,131.622,131.772
125.2,92.978,51.652,137.387,92.646,58.291,134.63,142.025,131.622,131.697
125.3,93.044,51.652,137.319,92.646,58.291,134.594,142.087,131.584,131.81
125.4,92.912,51.546,137.285,92.713,58.192,134.63,142.025,131.547,131.735
125.5,92.912,51.546,137.387,92.713,58.291,134.702,142.025,131.622,131.735
125.6,92.912,51.546,137.353,92.779,58.291,134.63,142.025,131.66,131.735
125.7,92.912,51.546,137.319,92.713,58.291,134.63,142.056,131.622,131.735
125.8,92.912,51.44,137.421,92.58,58.39,134.63,142.025,131.622,131.735
125.9,92.846,51.546,137.319,92.779,58.291,134.594,142.025,131.622,131.735
126.0,92.912,51.546,137.387,92.646,58.488,134.63,141.994,131.622,131.772
126.1,92.978,51.44,137.285,92.713,58.39,134.594,142.056,131.584,131.772
126.2,92.978,51.546,137.319,92.646,58.291,134.63,142.056,131.622,131.735
126.3,92.912,51.546,137.285,92.58,58.291,134.666,142.025,131.622,131.697
126.4,92.912,51.652,137.319,92.713,58.291,134.594,142.025,131.66,131.735
126.5,92.912,51.546,137.319,92.646,58.291,134.63,142.025,131.584,131.735
126.6,92.912,51.44,137.285,92.779,58.291,134.63,142.056,131.622,131.735
126.7,92.912,51.546,137.285,92.713,58.39,134.63,141.994,131.622,131.772
126.8,92.912,51.546,137.285,92.713,58.39,134.666,141.994,131.622,131.772
126.9,92.912,51.546,137.285,92.646,58.291,134.666,142.025,131.584,131.735
127.0,92.912,51.546,137.353,92.58,58.291,134.594,142.025,131.622,131.735
127.1,92.912,51.546,137.353,92.646,58.39,134.63,142.025,131.622,131.772
127.2,92.912,51.44,137.285,92.713,58.291,134.594,142.025,131.66,131.735
127.3,92.912,51.546,137.285,92.713,58.39,134.666,142.025,131.622,131.735
127.4,92.978,51.652,137.319,92.713,58.39,134.666,141.994,131.697,131.735
127.5,92.846,51.546,137.285,92.713,58.39,134.63,142.025,131.66,131.772
127.6,92.912,51.44,137.285,92.713,58.291,134.63,141.994,131.584,131.772
127.7,92.978,51.758,137.319,92.646,58.192,134.63,142.056,131.622,131.735
127.8,92.912,51.546,137.251,92.713,58.39,134.666,142.025,131.622,131.735
127.9,92.978,51.546,137.251,92.779,58.192,134.594,142.025,131.622,131.772
128.0,92.912,51.546,137.353,92.713,58.39,134.594,142.025,131.622,131.735
128.1,92.912,51.546,137.285,92.646,58.39,134.737,141.994,131.622,131.735
128.2,92.912,51.546,137.285,92.713,58.488,134.63,142.056,131.622,131.735
128.3,92.912,51.652,137.387,92.646,58.291,134.594,142.025,131.584,131.735
128.4,92.912,51.652,137.353,92.846,58.291,134.63,142.056,131.622,131.848
128.5,92.912,51.546,137.319,92.713,58.488,134.594,142.025,131.622,131.735
128.6,93.044,51.652,137.319,92.713,58.291,134.594,142.025,131.622,131.772
128.7,92.978,51.546,137.251,92.646,58.192,134.666,142.025,131.584,131.735
128.8,92.912,51.546,137.353,92.779,58.39,134.559,142.025,131.584,131.735
128.9,92.912,51.546,137.319,92.713,58.291,134.594,142.056,131.66,131.735
129.0,92.912,51.546,137.285,92.58,58.291,134.594,142.025,131.622,131.735
129.1,92.978,51.546,137.319,92.713,58.291,134.63,142.025,131.622,131.772
129.2,92.978,51.652,137.319,92.713,58.291,134.63,142.056,131.66,131.735
129.3,92.912,51.546,137.285,92.713,58.291,134.594,142.025,131.622,131.772
129.4,92.978,51.652,137.353,92.713,58.291,134.559,141.994,131.697,131.735
129.5,92.912,51.546,137.285,92.779,58.39,134.666,142.056,131.622,131.885
129.6,92.912,51.652,137.285,92.58,58.291,134.559,142.056,131.622,131.735
129.7,92.912,51.652,137.319,92.779,58.39,134.63,142.056,131.622,131.772
129.8,92.846,51.652,137.319,92.646,58.39,134.702,142.056,131.584,131.81
129.9,92.846,51.546,137.285,92.646,58.291,134.63,142.025,131.622,131.735
130.0,92.912,51.546,137.353,92.646,58.291,134.702,141.994,131.584,131.735
130.1,92.912,51.546,137.319,92.58,58.291,134.63,142.087,131.66,131.697
130.2,92.978,51.546,137.285,92.646,58.39,134.666,142.025,131.622,131.772
130.3,92.912,51.44,137.285,92.646,58.291,134.63,142.056,131.584,131.735
130.4,92.912,51.652,137.387,92.779,58.39,134.594,142.025,131.584,131.735
130.5,92.978,51.546,137.353,92.846,58.291,134.594,141.994,131.622,131.735
130.6,92.912,51.546,137.319,92.713,58.291,134.594,142.025,131.622,131.735
130.7,93.044,51.546,137.319,92.646,58.291,134.63,142.056,131.584,131.735
130.8,92.978,51.546,137.285,92.646,58.39,134.63,142.025,131.66,131.735
130.9,92.912,51.546,137.319,92.779,58.291,134.702,142.025,131.622,131.772
131.0,92.978,51.546,137.285,92.646,58.488,134.594,142.025,131.584,131.735
131.1,92.912,51.652,137.285,92.779,58.291,134.594,142.025,131.584,131.735
131.2,92.912,51.546,137.285,92.713,58.39,134.63,141.994,131.622,131.848
131.3,92.912,51.652,137.353,92.646,58.291,134.63,141.994,131.622,131.735
131.4,92.912,51.652,137.285,92.713,58.291,134.594,142.056,131.584,131.735
131.5,92.978,51.546,137.285,92.713,58.291,134.666,142.025,131.622,131.772
131.6,92.912,51.546,137.319,92.779,58.39,134.63,142.025,131.622,131.735
131.7,92.846,51.546,137.319,92.713,58.291,134.63,141.994,131.584,131.735
131.8,92.912,51.546,137.319,92.713,58.39,134.559,142.025,131.547,131.735
131.9,92.912,51.44,137.285,92.646,58.291,134.63,142.025,131.622,131.735
132.0,92.912,51.652,137.285,92.646,58.488,134.63,141.994,131.622,131.772
132.1,92.912,51.546,137.285,92.646,58.291,134.63,142.087,131.584,131.772
132.2,92.912,51.546,137.285,92.646,58.291,134.666,142.056,131.584,131.735
132.3,93.044,51.652,137.285,92.646,58.291,134.594,142.025,131.622,131.772
132.4,92.846,51.652,137.319,92.713,58.291,134.63,142.025,131.622,131.735
132.5,92.912,51.652,137.285,92.713,58.39,134.63,142.025,131.622,131.735
132.6,92.912,51.546,137.387,92.713,58.39,134.63,142.025,131.622,131.772
132.7,92.912,51.652,137.319,92.646,58.291,134.63,142.025,131.622,131.735
132.8,92.912,51.652,137.319,92.646,58.39,134.594,141.962,131.584,131.772
132.9,92.912,51.546,137.251,92.646,58.39,134.702,142.025,131.622,131.81
133.0,92.912,51.652,137.285,92.58,58.291,134.594,142.056,131.66,131.735
133.1,92.912,51.652,137.319,92.646,58.39,134.63,142.056,131.584,131.697
133.2,92.912,51.652,137.285,92.713,58.39,134.63,141.994,131.622,131.772
133.3,92.912,51.546,137.285,92.713,58.291,134.63,142.056,131.584,131.848
133.4,92.912,51.652,137.285,92.646,58.39,134.666,142.025,131.622,131.735
133.5,92.912,51.546,137.285,92.646,58.192,134.63,141.931,131.584,131.735
133.6,92.912,51.546,137.285,92.58,58.39,134.63,141.994,131.622,131.772
133.7,92.912,51.652,137.319,92.713,58.291,134.63,142.087,131.697,131.735
133.8,93.044,51.652,137.251,92.713,58.291,134.666,142.025,131.622,131.772
133.9,92.912,51.546,137.285,92.646,58.39,134.63,142.025,131.622,131.697
134.0,92.912,51.652,137.319,92.646,58.291,134.666,141.994,131.697,131.81
134.1,92.978,51.652,137.353,92.646,58.39,134.63,142.025,131.622,131.735
134.2,92.912,51.652,137.319,92.779,58.39,134.594,141.994,131.622,131.772
134.3,92.978,51.652,137.148,92.713,58.39,134.63,142.025,131.584,131.772
134.4,92.912,51.652,137.353,92.646,58.39,134.63,142.056,131.622,131.772
134.5,92.912,51.546,137.319,92.713,58.39,134.63,142.025,131.622,131.772
134.6,92.846,51.652,137.353,92.646,58.39,134.63,142.056,131.584,131.735
134.7,92.912,51.652,137.285,92.779,58.39,134.63,142.025,131.622,131.772
134.8,92.978,51.652,137.353,92.646,58.291,134.63,142.025,131.622,131.697
134.9,92.912,51.546,137.387,92.646,58.39,134.594,141.994,131.622,131.735
135.0,92.978,51.652,137.319,92.646,58.39,134.594,142.025,131.622,131.735
135.1,92.846,51.652,137.285,92.646,58.39,134.594,142.056,131.584,131.772
135.2,92.912,51.546,137.285,92.646,58.291,134.63,142.025,131.622,131.735
135.3,92.912,51.546,137.353,92.779,58.291,134.63,142.025,131.584,131.697
135.4,92.912,51.546,137.285,92.646,58.39,134.594,142.025,131.584,131.772
135.5,92.912,51.546,137.353,92.646,58.291,134.594,142.056,131.584,131.735
135.6,92.912,51.652,137.353,92.646,58.192,134.63,141.994,131.622,131.772
135.7,92.912,51.546,137.353,92.646,58.39,134.63,142.056,131.622,131.772
135.8,92.846,51.652,137.285,92.713,58.39,134.666,142.025,131.622,131.772
135.9,92.846,51.652,137.319,92.646,58.39,134.594,142.056,131.622,131.735
136.0,92.912,51.652,137.319,92.646,58.39,134.63,142.025,131.622,131.735
136.1,92.912,51.546,137.285,92.646,58.291,134.559,142.025,131.697,131.772
136.2,92.912,51.652,137.285,92.646,58.291,134.594,142.056,131.697,131.66
136.3,92.912,51.546,137.285,92.646,58.291,134.666,142.025,131.622,131.772
136.4,92.912,51.652,137.353,92.646,58.291,134.63,142.056,131.622,131.697
136.5,92.846,51.652,137.319,92.646,58.291,134.666,142.025,131.622,131.772
136.6,92.912,51.546,137.319,92.58,58.39,134.594,142.025,131.547,131.772
136.7,92.779,51.546,137.319,92.58,58.291,134.63,142.025,131.584,131.772
136.8,92.912,51.652,137.319,92.713,58.39,134.63,142.056,131.509,131.697
136.9,92.846,51.652,137.319,92.646,58.39,134.594,141.994,131.622,131.772
137.0,92.912,51.652,137.251,92.646,58.39,134.63,142.056,131.584,131.772
137.1,92.912,51.652,137.285,92.646,58.291,134.63,141.994,131.66,131.735
137.2,92.912,51.652,137.319,92.58,58.291,134.594,142.025,131.622,131.697
137.3,92.912,51.44,137.251,92.713,58.39,134.666,141.994,131.622,131.735
137.4,92.846,51.652,137.285,92.713,58.291,134.63,142.025,131.66,131.622
137.5,92.912,51.758,137.251,92.58,58.39,134.594,142.087,131.584,131.735
137.6,92.912,51.546,137.251,92.713,58.39,134.666,142.056,131.622,131.735
137.7,92.912,51.652,137.353,92.646,58.291,134.594,142.025,131.622,131.81
137.8,92.912,51.546,137.421,92.713,58.291,134.559,141.994,131.622,131.735
137.9,92.779,51.546,137.285,92.646,58.291,134.63,142.025,131.584,131.735
138.0,92.912,51.546,137.251,92.646,58.192,134.594,142.025,131.66,131.735
138.1,92.846,51.758,137.319,92.846,58.39,134.666,142.025,131.66,131.697
138.2,92.846,51.652,137.319,92.513,58.291,134.594,142.056,131.66,131.735
138.3,92.846,51.546,137.285,92.646,58.39,134.594,141.994,131.697,131.697
138.4,92.846,51.652,137.285,92.58,58.291,134.63,142.025,131.584,131.735
138.5,92.846,51.652,137.319,92.713,58.39,134.63,142.087,131.547,131.772
138.6,92.846,51.546,137.353,92.58,58.39,134.594,142.025,131.622,131.735
138.7,92.846,51.652,137.285,92.58,58.291,134.63,142.025,131.622,131.735
138.8,92.912,51.652,137.319,92.646,58.291,134.559,141.994,131.66,131.772
138.9,92.978,51.546,137.285,92.779,58.291,134.594,142.025,131.584,131.735
139.0,92.846,51.652,137.285,92.713,58.291,134.594,141.994,131.66,131.735
139.1,92.912,51.652,137.285,92.646,58.291,134.594,142.056,131.622,131.735
139.2,92.846,51.546,137.319,92.646,58.39,134.594,142.025,131.622,131.735
139.3,92.978,51.546,137.319,92.646,58.291,134.702,142.025,131.622,131.735
139.4,92.978,51.546,137.319,92.646,58.291,134.666,141.994,131.622,131.772
139.5,92.846,51.652,137.285,92.646,58.291,134.594,141.994,131.622,131.735
139.6,92.846,51.546,137.285,92.646,58.39,134.594,141.962,131.584,131.735
139.7,92.912,51.546,137.319,92.646,58.39,134.594,141.994,131.66,131.772
139.8,92.912,51.652,137.319,92.646,58.39,134.63,142.025,131.622,131.81
139.9,92.846,51.546,137.285,92.513,58.291,134.594,142.056,131.66,131.735
140.0,92.846,51.652,137.285,92.646,58.39,134.63,142.025,131.584,131.735
140.1,92.846,51.546,137.353,92.646,58.39,134.63,141.994,131.547,131.735
140.2,92.912,51.546,137.285,92.646,58.291,134.63,141.994,131.584,131.772
140.3,92.912,51.652,137.319,92.58,58.291,134.63,142.025,131.622,131.735
140.4,92.846,51.546,137.285,92.646,58.291,134.594,142.056,131.622,131.735
140.5,92.912,51.652,137.319,92.713,58.39,134.594,141.994,131.622,131.697
140.6,92.912,51.652,137.319,92.58,58.488,134.63,142.056,131.622,131.81
140.7,92.912,51.652,137.319,92.646,58.39,134.594,141.994,131.622,131.772
140.8,92.846,51.652,137.319,92.713,58.39,134.63,142.025,131.697,131.735
140.9,92.912,51.546,137.319,92.646,58.39,134.63,142.056,131.622,131.735
141.0,92.846,51.546,137.285,92.713,58.291,134.666,142.056,131.66,131.735
141.1,92.846,51.546,137.319,92.646,58.291,134.63,142.056,131.622,131.735
141.2,92.912,51.652,137.319,92.58,58.291,134.63,142.025,131.622,131.735
141.3,92.846,51.652,137.285,92.713,58.291,134.63,142.056,131.622,131.735
141.4,92.912,51.652,137.353,92.646,58.291,134.594,142.025,131.622,131.697
141.5,92.912,51.652,137.285,92.646,58.39,134.594,142.056,131.622,131.735
141.6,92.912,51.652,137.319,92.713,58.39,134.63,142.025,131.622,131.735
141.7,92.912,51.652,137.285,92.58,58.39,134.594,142.056,131.584,131.735
141.8,92.846,51.652,137.319,92.646,58.291,134.594,142.025,131.622,131.772
141.9,92.912,51.652,137.285,92.646,58.291,134.702,142.025,131.66,131.735
142.0,92.912,51.546,137.319,92.646,58.291,134.594,142.025,131.584,131.735
142.1,93.044,51.652,137.353,92.58,58.39,134.63,142.025,131.622,131.697
142.2,92.846,51.652,137.319,92.513,58.587,134.666,142.025,131.66,131.735
142.3,92.912,51.44,137.285,92.713,58.291,134.594,142.119,131.66,131.735
142.4,92.912,51.652,137.251,92.646,58.291,134.63,142.025,131.735,131.735
142.5,92.912,51.652,137.319,92.58,58.39,134.63,142.025,131.622,131.772
142.6,92.912,51.652,137.285,92.58,58.291,134.63,142.056,131.622,131.772
142.7,92.713,51.44,137.285,92.646,58.291,134.63,142.025,131.584,131.848
142.8,92.912,51.546,137.387,92.646,58.39,134.594,142.056,131.622,131.772
142.9,92.779,51.546,137.319,92.646,58.291,134.594,142.056,131.622,131.735
143.0,92.846,51.652,137.285,92.713,58.39,134.594,141.994,131.584,131.772
143.1,92.912,51.546,137.319,92.779,58.39,134.63,142.025,131.622,131.735
143.2,92.846,51.652,137.319,92.646,58.291,134.594,142.025,131.622,131.735
143.3,92.912,51.652,137.285,92.646,58.39,134.666,141.962,131.622,131.81
143.4,92.846,51.652,137.285,92.646,58.291,134.594,141.962,131.622,131.772
143.5,92.846,51.652,137.319,92.646,58.39,134.63,142.056,131.622,131.772
143.6,92.846,51.758,137.353,92.646,58.39,134.63,142.025,131.66,131.735
143.7,92.846,51.546,137.319,92.58,58.39,134.63,141.994,131.584,131.772
143.8,92.912,51.546,137.319,92.713,58.291,134.63,142.025,131.66,131.735
143.9,92.912,51.758,137.353,92.646,58.291,134.63,141.994,131.584,131.735
144.0,92.912,51.652,137.285,92.646,58.39,134.63,142.025,131.622,131.735
144.1,92.912,51.546,137.353,92.646,58.291,134.63,142.025,131.66,131.772
144.2,92.846,51.546,137.319,92.646,58.488,134.594,141.994,131.584,131.81
144.3,92.978,51.652,137.285,92.713,58.39,134.63,142.025,131.622,131.81
144.4,92.846,51.758,137.319,92.713,58.39,134.666,141.994,131.66,131.772
144.5,92.846,51.652,137.319,92.646,58.291,134.63,142.025,131.66,131.772
144.6,92.912,51.652,137.319,92.846,58.39,134.702,142.087,131.697,131.81
144.7,92.779,51.652,137.319,92.646,58.39,134.666,141.994,131.622,131.772
144.8,92.912,51.652,137.319,92.646,58.488,134.63,141.994,131.66,131.735
144.9,92.912,51.652,137.285,92.58,58.39,134.594,142.025,131.584,131.735
145.0,92.846,51.546,137.353,92.713,58.39,134.63,142.025,131.622,131.735
145.1,92.846,51.758,137.421,92.646,58.39,134.63,142.025,131.622,131.735
145.2,92.846,51.652,137.285,92.646,58.291,134.666,142.025,131.622,131.772
145.3,92.912,51.546,137.319,92.646,58.291,134.594,141.994,131.584,131.772
145.4,92.846,51.652,137.285,92.646,58.291,134.63,142.025,131.622,131.697
145.5,92.846,51.758,137.319,92.58,58.39,134.594,142.025,131.622,131.735
145.6,92.912,51.652,137.319,92.713,58.39,134.63,142.056,131.622,131.735
145.7,92.846,51.652,137.319,92.646,58.39,134.594,142.056,131.66,131.772
145.8,93.044,51.652,137.319,92.646,58.291,134.63,141.994,131.622,131.735
145.9,92.846,51.652,137.319,92.58,58.291,134.594,142.025,131.622,131.735
146.0,92.846,51.546,137.285,92.646,58.39,134.63,141.994,131.66,131.735
146.1,92.846,51.652,137.319,92.58,58.39,134.666,142.025,131.622,131.81
146.2,92.912,51.652,137.285,92.646,58.39,134.63,142.025,131.622,131.772
146.3,92.846,51.652,137.353,92.646,58.192,134.63,141.994,131.622,131.735
146.4,92.912,51.652,137.285,92.646,58.291,134.594,141.994,131.584,131.81
146.5,92.846,51.652,137.387,92.646,58.291,134.737,142.025,131.66,131.772
146.6,92.779,51.546,137.319,92.646,58.39,134.63,142.087,131.697,131.735
146.7,92.846,51.652,137.319,92.646,58.39,134.63,142.025,131.584,131.735
146.8,92.779,51.546,137.285,92.513,58.39,134.594,142.025,131.584,131.772
146.9,92.912,51.546,137.319,92.646,58.39,134.63,142.025,131.584,131.697
147.0,92.846,51.652,137.319,92.646,58.39,134.63,142.087,131.622,131.772
147.1,92.912,51.758,137.285,92.646,58.291,134.63,142.025,131.622,131.735
147.2,92.846,51.652,137.285,92.646,58.39,134.63,142.087,131.584,131.772
147.3,92.912,51.652,137.285,92.58,58.39,134.594,142.087,131.622,131.735
147.4,92.912,51.546,137.319,92.646,58.488,134.63,141.994,131.622,131.81
147.5,92.779,51.652,137.319,92.646,58.39,134.63,142.025,131.622,131.772
147.6,92.779,51.652,137.319,92.646,58.291,134.63,142.025,131.622,131.772
147.7,92.779,51.546,137.285,92.58,58.39,134.594,141.994,131.584,131.772
147.8,92.846,51.652,137.285,92.713,58.39,134.594,142.025,131.622,131.697
147.9,92.912,51.546,137.285,92.58,58.39,134.594,142.056,131.622,131.772
148.0,92.846,51.652,137.319,92.646,58.488,134.594,142.087,131.584,131.772
148.1,92.846,51.652,137.353,92.58,58.39,134.63,142.025,131.622,131.735
148.2,92.912,51.652,137.285,92.58,58.291,134.594,142.056,131.66,131.772
148.3,92.912,51.546,137.285,92.646,58.291,134.63,142.087,131.622,131.735
148.4,92.846,51.652,137.285,92.58,58.39,134.594,142.025,131.622,131.735
148.5,92.912,51.546,137.251,92.713,58.39,134.594,141.962,131.622,131.772
148.6,92.846,51.546,137.319,92.646,58.291,134.666,141.994,131.584,131.81
148.7,92.846,51.652,137.285,92.646,58.291,134.63,142.056,131.547,131.772
148.8,92.779,51.652,137.285,92.713,58.39,134.594,141.994,131.547,131.697
148.9,92.846,51.652,137.251,92.58,58.488,134.63,142.025,131.584,131.772
149.0,92.978,51.652,137.319,92.58,58.39,134.63,142.056,131.584,131.772
149.1,92.846,51.652,137.285,92.646,58.39,134.594,142.025,131.622,131.735
149.2,92.846,51.546,137.285,92.58,58.39,134.594,142.056,131.509,131.772
149.3,92.978,51.652,137.353,92.713,58.291,134.63,142.025,131.622,131.735
149.4,92.846,51.44,137.285,92.646,58.192,134.666,142.056,131.622,131.772
149.5,92.779,51.652,137.319,92.646,58.488,134.63,141.994,131.622,131.772
149.6,92.912,51.652,137.353,92.58,58.39,134.63,141.994,131.622,131.772
149.7,92.846,51.652,137.319,92.58,58.39,134.594,142.056,131.584,131.735
149.8,92.846,51.652,137.319,92.58,58.192,134.666,142.025,131.547,131.81
149.9,92.846,51.652,137.285,92.58,58.291,134.63,141.994,131.622,131.735
150.0,92.846,51.546,137.319,92.646,58.488,134.63,142.087,131.584,131.735
150.1,92.779,51.652,137.319,92.646,58.291,134.666,141.994,131.622,131.735
150.2,92.846,51.652,137.319,92.58,58.488,134.594,142.025,131.584,131.735
150.3,92.846,51.652,137.285,92.58,58.39,134.63,142.025,131.584,131.772
150.4,92.846,51.652,137.319,92.646,58.291,134.594,142.025,131.622,131.772
150.5,92.912,51.546,137.353,92.646,58.39,134.594,141.962,131.622,131.735
150.6,92.779,51.758,137.319,92.58,58.39,134.63,141.994,131.584,131.735
150.7,92.846,51.546,137.251,92.646,58.291,134.63,142.025,131.66,131.735
150.8,92.912,51.546,137.353,92.58,58.39,134.559,141.994,131.697,131.735
150.9,92.912,51.546,137.353,92.58,58.39,134.63,142.025,131.622,131.735
151.0,92.912,51.652,137.319,92.58,58.39,134.63,142.119,131.584,131.772
151.1,92.779,51.652,137.353,92.646,58.291,134.594,142.056,131.584,131.735
151.2,92.912,51.546,137.285,92.58,58.39,134.594,141.994,131.66,131.772
151.3,92.779,51.652,137.319,92.713,58.291,134.63,141.994,131.584,131.697
151.4,92.779,51.546,137.285,92.646,58.39,134.63,142.056,131.547,131.735
151.5,92.846,51.652,137.319,92.646,58.39,134.63,142.025,131.622,131.772
151.6,92.846,51.652,137.285,92.646,58.291,134.594,141.994,131.622,131.735
151.7,92.846,51.652,137.353,92.713,58.39,134.594,141.962,131.584,131.772
151.8,92.846,51.652,137.285,92.646,58.39,134.666,142.056,131.584,131.735
151.9,92.846,51.652,137.353,92.646,58.39,134.666,142.025,131.622,131.772
152.0,92.846,51.652,137.319,92.58,58.39,134.63,142.087,131.584,131.697
152.1,92.846,51.652,137.251,92.58,58.39,134.63,141.994,131.584,131.735
152.2,92.846,51.652,137.387,92.58,58.39,134.63,141.994,131.547,131.697
152.3,92.713,51.652,137.285,92.646,58.39,134.63,141.962,131.584,131.735
152.4,92.912,51.546,137.251,92.646,58.39,134.594,142.025,131.622,131.772
152.5,92.912,51.652,137.319,92.646,58.39,134.594,142.056,131.584,131.735
152.6,92.846,51.652,137.319,92.646,58.39,134.666,142.025,131.622,131.697
152.7,92.846,51.652,137.251,92.58,58.39,134.594,142.025,131.584,131.772
152.8,92.846,51.652,137.251,92.447,58.488,134.666,142.025,131.547,131.735
152.9,92.779,51.44,137.285,92.646,58.39,134.63,142.025,131.584,131.772
153.0,92.912,51.758,137.353,92.513,58.39,134.666,142.025,131.622,131.772
153.1,92.846,51.546,137.319,92.58,58.291,134.594,141.994,131.584,131.735
153.2,92.846,51.546,137.285,92.779,58.39,134.594,142.025,131.66,131.772
153.3,92.846,51.652,137.285,92.646,58.291,134.63,141.994,131.66,131.735
153.4,92.646,51.546,137.319,92.58,58.291,134.63,142.025,131.66,131.772
153.5,92.912,51.546,137.319,92.58,58.39,134.63,141.994,131.584,131.735
153.6,92.779,51.652,137.285,92.646,58.39,134.63,141.994,131.622,131.697
153.7,92.846,51.546,137.353,92.646,58.39,134.594,141.994,131.622,131.81
153.8,92.846,51.652,137.319,92.58,58.39,134.63,142.025,131.622,131.697
153.9,92.912,51.652,137.285,92.58,58.39,134.594,142.056,131.622,131.735
154.0,92.779,51.546,137.285,92.58,58.291,134.63,141.994,131.622,131.735
154.1,92.846,51.652,137.285,92.513,58.39,134.666,142.087,131.622,131.772
154.2,92.912,51.546,137.251,92.646,58.39,134.63,142.056,131.584,131.735
154.3,92.912,51.652,137.285,92.58,58.291,134.594,141.994,131.622,131.772
154.4,92.912,51.652,137.285,92.58,58.39,134.594,141.994,131.584,131.772
154.5,92.846,51.546,137.285,92.646,58.39,134.594,141.994,131.66,131.735
154.6,92.779,51.546,137.319,92.58,58.291,134.594,142.056,131.584,131.772
154.7,92.846,51.546,137.285,92.58,58.39,134.63,142.025,131.622,131.772
154.8,92.846,51.652,137.285,92.646,58.291,134.63,142.025,131.547,131.735
154.9,92.846,51.44,137.285,92.58,58.291,134.63,142.025,131.584,131.697
155.0,92.846,51.546,137.285,92.58,58.488,134.594,142.025,131.622,131.735
155.1,92.779,51.546,137.285,92.58,58.39,134.63,142.025,131.622,131.772
155.2,92.912,51.546,137.285,92.58,58.488,134.63,142.056,131.622,131.735
155.3,92.846,51.652,137.319,92.58,58.291,134.63,141.994,131.622,131.81
155.4,92.779,51.546,137.285,92.58,58.39,134.594,142.025,131.584,131.735
155.5,92.912,51.652,137.285,92.58,58.39,134.63,141.994,131.66,131.772
155.6,92.912,51.546,137.353,92.58,58.291,134.594,142.025,131.584,131.697
155.7,92.779,51.652,137.285,92.646,58.39,134.594,141.994,131.622,131.772
155.8,92.912,51.652,137.251,92.58,58.291,134.63,141.994,131.66,131.735
155.9,92.779,51.652,137.285,92.646,58.39,134.594,141.994,131.584,131.697
156.0,92.846,51.546,137.285,92.58,58.291,134.594,142.025,131.584,131.772
156.1,92.846,51.546,137.285,92.513,58.291,134.594,142.025,131.584,131.735
156.2,92.779,51.652,137.319,92.58,58.39,134.594,141.994,131.584,131.697
156.3,92.846,51.652,137.285,92.58,58.291,134.63,142.025,131.584,131.735
156.4,92.846,51.652,137.353,92.58,58.291,134.63,141.994,131.66,131.735
156.5,92.846,51.652,137.285,92.646,58.488,134.559,142.025,131.622,131.772
156.6,92.846,51.546,137.319,92.646,58.39,134.594,142.025,131.66,131.697
156.7,92.912,51.652,137.319,92.646,58.291,134.594,141.994,131.584,131.735
156.8,92.846,51.546,137.353,92.58,58.39,134.594,142.025,131.66,131.735
156.9,92.779,51.546,137.285,92.58,58.291,134.594,142.025,131.697,131.772
157.0,92.779,51.546,137.353,92.713,58.291,134.63,142.025,131.622,131.848
157.1,92.779,51.546,137.285,92.646,58.291,134.559,141.994,131.622,131.735
157.2,92.779,51.652,137.251,92.646,58.39,134.63,142.056,131.622,131.697
157.3,92.779,51.546,137.353,92.58,58.39,134.63,141.994,131.584,131.735
157.4,92.846,51.652,137.319,92.513,58.291,134.63,141.994,131.66,131.772
157.5,92.846,51.652,137.251,92.58,58.291,134.594,142.025,131.622,131.735
157.6,92.846,51.652,137.353,92.58,58.291,134.63,141.994,131.584,131.697
157.7,92.846,51.546,137.319,92.58,58.39,134.63,142.025,131.622,131.735
157.8,92.779,51.652,137.353,92.58,58.39,134.523,141.994,131.735,131.772
157.9,92.779,51.758,137.353,92.513,58.39,134.63,142.025,131.622,131.735
158.0,92.713,51.652,137.285,92.646,58.39,134.63,142.025,131.622,131.735
158.1,92.779,51.546,137.285,92.58,58.291,134.666,141.994,131.584,131.772
158.2,92.912,51.546,137.285,92.58,58.291,134.63,142.087,131.622,131.772
158.3,92.846,51.652,137.319,92.58,58.291,134.63,142.087,131.622,131.697
158.4,92.846,51.758,137.319,92.58,58.39,134.737,142.025,131.622,131.772
158.5,92.912,51.652,137.285,92.58,58.39,134.63,141.962,131.584,131.735
158.6,92.846,51.546,137.421,92.513,58.39,134.63,142.056,131.547,131.735
158.7,92.912,51.652,137.319,92.646,58.39,134.594,142.025,131.584,131.772
158.8,92.779,51.652,137.285,92.58,58.291,134.594,142.056,131.622,131.735
158.9,92.846,51.652,137.285,92.646,58.291,134.63,141.994,131.622,131.772
159.0,92.779,51.44,137.319,92.58,58.291,134.594,141.994,131.584,131.735
159.1,92.779,51.652,137.251,92.58,58.291,134.594,142.025,131.772,131.735
159.2,92.779,51.546,137.285,92.646,58.39,134.63,141.962,131.622,131.735
159.3,92.779,51.652,137.285,92.58,58.291,134.63,141.994,131.584,131.735
159.4,92.846,51.546,137.319,92.646,58.39,134.666,142.025,131.66,131.735
159.5,92.779,51.652,137.251,92.58,58.488,134.63,142.025,131.622,131.697
159.6,92.846,51.758,137.285,92.58,58.39,134.63,142.056,131.622,131.772
159.7,92.846,51.652,137.285,92.58,58.39,134.63,142.056,131.584,131.697
159.8,92.779,51.546,137.319,92.58,58.291,134.63,141.994,131.622,131.772
159.9,92.779,51.652,137.285,92.646,58.39,134.63,142.025,131.622,131.735
160.0,92.846,51.546,137.319,92.58,58.39,134.594,142.025,131.622,131.772
160.1,92.779,51.652,137.285,92.58,58.291,134.559,142.056,131.584,131.772
160.2,92.846,51.652,137.285,92.58,58.39,134.63,142.087,131.584,131.772
160.3,92.846,51.546,137.319,92.58,58.291,134.594,141.994,131.622,131.697
160.4,92.779,51.546,137.285,92.58,58.39,134.666,142.025,131.66,131.735
160.5,92.846,51.546,137.319,92.58,58.39,134.594,141.994,131.622,131.772
160.6,92.846,51.652,137.319,92.58,58.488,134.63,142.025,131.509,131.772
160.7,92.779,51.546,137.319,92.58,58.291,134.594,141.994,131.622,131.697
160.8,92.846,51.546,137.285,92.58,58.39,134.594,142.056,131.622,131.697
160.9,92.779,51.652,137.251,92.513,58.291,134.63,142.056,131.584,131.735
161.0,92.779,51.652,137.285,92.646,58.291,134.594,141.994,131.622,131.772
161.1,92.779,51.44,137.285,92.58,58.39,134.63,141.994,131.622,131.735
161.2,92.846,51.546,137.319,92.58,58.291,134.63,142.15,131.622,131.772
161.3,92.846,51.652,137.285,92.513,58.39,134.63,142.056,131.697,131.772
161.4,92.779,51.652,137.285,92.58,58.291,134.63,142.025,131.584,131.772
161.5,92.779,51.652,137.353,92.713,58.39,134.63,142.087,131.622,131.772
161.6,92.779,51.652,137.251,92.646,58.39,134.63,142.056,131.584,131.735
161.7,92.846,51.652,137.319,92.713,58.291,134.594,142.025,131.622,131.735
161.8,92.779,51.546,137.285,92.646,58.39,134.63,142.025,131.509,131.81
161.9,92.846,51.652,137.251,92.58,58.291,134.594,141.994,131.622,131.735
162.0,92.779,51.652,137.285,92.646,58.291,134.63,142.025,131.622,131.81
162.1,92.846,51.652,137.353,92.58,58.291,134.594,142.025,131.584,131.697
162.2,92.846,51.546,137.319,92.513,58.291,134.594,142.025,131.622,131.735
162.3,92.779,51.652,137.285,92.58,58.291,134.594,142.056,131.622,131.772
162.4,92.846,51.652,137.216,92.513,58.39,134.63,142.025,131.584,131.735
162.5,92.846,51.546,137.319,92.58,58.39,134.63,142.056,131.622,131.697
162.6,92.779,51.652,137.251,92.58,58.39,134.63,141.994,131.66,131.772
162.7,92.846,51.652,137.319,92.513,58.291,134.702,142.025,131.584,131.735
162.8,92.846,51.652,137.319,92.58,58.291,134.594,142.025,131.584,131.697
162.9,92.846,51.652,137.251,92.513,58.39,134.594,142.025,131.622,131.735
163.0,92.846,51.652,137.319,92.58,58.291,134.594,142.025,131.584,131.697
163.1,93.11,51.546,137.285,92.58,58.192,134.594,142.056,131.66,131.697
163.2,92.779,51.546,137.285,92.58,58.39,134.594,142.025,131.584,131.697
163.3,92.846,51.546,137.319,92.58,58.39,134.594,142.056,131.584,131.735
163.4,92.713,51.546,137.285,92.58,58.192,134.63,142.087,131.66,131.772
163.5,92.779,51.546,137.251,92.513,58.39,134.559,142.025,131.584,131.735
163.6,92.779,51.546,137.285,92.513,58.291,134.63,142.025,131.584,131.697
163.7,92.912,51.546,137.353,92.513,58.291,134.594,142.056,131.584,131.697
163.8,92.779,51.652,137.353,92.58,58.39,134.63,141.994,131.622,131.772
163.9,92.779,51.652,137.353,92.513,58.39,134.63,141.994,131.66,131.735
164.0,92.779,51.652,137.285,92.58,58.291,134.63,142.025,131.584,131.735
164.1,92.779,51.546,137.285,92.58,58.291,134.594,142.025,131.584,131.772
164.2,92.779,51.546,137.319,92.58,58.291,134.702,141.994,131.66,131.735
164.3,92.912,51.652,137.319,92.58,58.291,134.63,142.025,131.584,131.697
164.4,92.779,51.546,137.285,92.58,58.39,134.594,142.025,131.584,131.772
164.5,92.779,51.546,137.251,92.513,58.291,134.559,142.025,131.584,131.735
164.6,92.713,51.546,137.285,92.58,58.291,134.594,141.994,131.622,131.735
164.7,92.846,51.546,137.319,92.58,58.39,134.594,141.994,131.547,131.735
164.8,92.912,51.546,137.285,92.447,58.291,134.63,141.994,131.584,131.697
164.9,92.779,51.652,137.353,92.58,58.488,134.63,142.056,131.622,131.697
165.0,92.779,51.652,137.319,92.58,58.291,134.63,142.056,131.66,131.66
165.1,92.912,51.546,137.285,92.58,58.39,134.63,141.994,131.584,131.697
165.2,92.779,51.652,137.285,92.58,58.488,134.63,142.025,131.547,131.735
165.3,92.779,51.546,137.319,92.58,58.39,134.594,141.994,131.547,131.735
165.4,92.779,51.652,137.285,92.58,58.39,134.63,141.994,131.584,131.697
165.5,92.779,51.546,137.285,92.58,58.39,134.594,142.087,131.584,131.735
165.6,92.779,51.652,137.319,92.58,58.291,134.523,142.056,131.66,131.772
165.7,92.779,51.652,137.285,92.58,58.291,134.594,141.994,131.584,131.697
165.8,92.779,51.652,137.251,92.58,58.291,134.594,141.994,131.622,131.772
165.9,92.779,51.652,137.285,92.58,58.291,134.559,142.056,131.622,131.772
166.0,92.846,51.546,137.285,92.646,58.291,134.666,142.025,131.584,131.735
166.1,92.779,51.546,137.285,92.513,58.488,134.594,141.994,131.547,131.697
166.2,92.779,51.546,137.319,92.58,58.39,134.594,141.994,131.584,131.735
166.3,92.912,51.652,137.285,92.58,58.39,134.63,142.087,131.622,131.772
166.4,92.779,51.652,137.285,92.646,58.39,134.594,141.994,131.622,131.735
166.5,92.846,51.652,137.319,92.513,58.39,134.594,142.056,131.66,131.735
166.6,92.846,51.546,137.251,92.447,58.39,134.451,141.994,131.622,131.81
166.7,92.779,51.652,137.285,92.646,58.291,134.559,142.056,131.622,131.848
166.8,92.779,51.546,137.285,92.646,58.291,134.63,142.025,131.584,131.697
166.9,92.713,51.546,137.319,92.58,58.39,134.63,142.025,131.622,131.697
167.0,92.846,51.546,137.285,92.58,58.291,134.63,142.025,131.584,131.697
167.1,92.779,51.546,137.285,92.58,58.291,134.63,141.994,131.584,131.772
167.2,92.779,51.546,137.285,92.646,58.39,134.594,142.025,131.622,131.735
167.3,92.846,51.652,137.319,92.513,58.39,134.63,141.994,131.584,131.772
167.4,92.779,51.652,137.285,92.513,58.39,134.594,142.025,131.584,131.697
167.5,92.779,51.546,137.319,92.58,58.291,134.594,142.087,131.584,131.772
167.6,92.713,51.546,137.319,92.646,58.39,134.594,142.025,131.622,131.735
167.7,92.846,51.652,137.251,92.58,58.291,134.594,141.931,131.66,131.735
167.8,92.779,51.546,137.251,92.513,58.291,134.63,142.056,131.584,131.772
167.9,92.846,51.546,137.353,92.58,58.39,134.63,141.994,131.622,131.735
168.0,92.846,51.546,137.285,92.513,58.291,134.594,142.025,131.584,131.697
168.1,92.779,51.546,137.285,92.513,58.291,134.63,142.025,131.584,131.735
168.2,92.846,51.546,137.319,92.58,58.488,134.666,142.025,131.584,131.735
168.3,92.713,51.652,137.285,92.513,58.39,134.594,142.025,131.584,131.735
168.4,92.846,51.652,137.285,92.646,58.39,134.594,141.962,131.584,131.81
168.5,92.779,51.546,137.319,92.58,58.192,134.63,142.025,131.622,131.735
168.6,92.646,51.546,137.319,92.58,58.291,134.594,142.025,131.547,131.735
168.7,92.846,51.652,137.353,92.513,58.39,134.63,142.025,131.584,131.735
168.8,92.846,51.546,137.285,92.58,58.291,134.594,141.994,131.547,131.735
168.9,92.779,51.546,137.285,92.447,58.39,134.594,142.025,131.584,131.735
169.0,92.912,51.546,137.251,92.513,58.39,134.594,141.994,131.584,131.772
169.1,92.779,51.652,137.285,92.58,58.39,134.594,142.025,131.622,131.735
169.2,92.912,51.652,137.285,92.58,58.291,134.559,142.056,131.66,131.697
169.3,92.779,51.546,137.285,92.513,58.39,134.594,142.025,131.66,131.735
169.4,92.713,51.44,137.319,92.513,58.291,134.63,141.994,131.622,131.697
169.5,92.713,51.546,137.251,92.513,58.39,134.63,142.025,131.584,131.66
169.6,92.779,51.652,137.285,92.513,58.291,134.594,141.994,131.584,131.697
169.7,92.846,51.652,137.285,92.58,58.291,134.594,141.994,131.622,131.697
169.8,92.846,51.546,137.251,92.58,58.39,134.594,142.056,131.622,131.697
169.9,92.713,51.546,137.285,92.513,58.291,134.594,141.994,131.584,131.735
170.0,92.713,51.546,137.319,92.58,58.291,134.594,142.025,131.622,131.735
170.1,92.779,51.652,137.285,92.447,58.192,134.594,141.994,131.584,131.697
170.2,92.846,51.652,137.285,92.646,58.39,134.63,142.025,131.584,131.735
170.3,92.846,51.546,137.319,92.58,58.192,134.487,142.025,131.66,131.772
170.4,92.779,51.546,137.251,92.513,58.39,134.594,141.994,131.584,131.735
170.5,92.779,51.652,137.251,92.58,58.39,134.666,141.962,131.622,131.735
170.6,92.846,51.652,137.285,92.58,58.291,134.63,142.056,131.584,131.772
170.7,92.713,51.652,137.319,92.58,58.39,134.63,142.025,131.622,131.772
170.8,92.779,51.546,137.285,92.58,58.39,134.594,142.025,131.622,131.81
170.9,92.779,51.652,137.285,92.513,58.291,134.63,142.056,131.622,131.697
171.0,92.713,51.652,137.319,92.58,58.39,134.702,141.994,131.66,131.697
171.1,92.846,51.652,137.319,92.646,58.291,134.559,142.025,131.622,131.772
171.2,92.779,51.652,137.251,92.58,58.291,134.594,141.994,131.622,131.735
171.3,92.779,51.652,137.285,92.447,58.39,134.594,141.994,131.584,131.697
171.4,92.846,51.652,137.285,92.58,58.39,134.63,142.025,131.622,131.735
171.5,92.779,51.546,137.285,92.58,58.291,134.594,142.025,131.622,131.697
171.6,92.846,51.652,137.353,92.513,58.39,134.594,142.025,131.584,131.735
171.7,92.713,51.652,137.285,92.58,58.39,134.666,142.025,131.584,131.735
171.8,92.713,51.546,137.285,92.58,58.39,134.594,142.056,131.622,131.735
171.9,92.713,51.546,137.285,92.58,58.291,134.559,142.025,131.584,131.735
172.0,92.846,51.546,137.285,92.513,58.39,134.63,141.994,131.584,131.735
172.1,92.779,51.546,137.285,92.513,58.39,134.63,142.025,131.584,131.735
172.2,92.846,51.758,137.319,92.58,58.291,134.594,142.056,131.66,131.735
172.3,92.779,51.546,137.319,92.513,58.39,134.594,142.025,131.584,131.772
172.4,92.846,51.546,137.285,92.58,58.39,134.594,141.994,131.622,131.735
172.5,92.779,51.652,137.285,92.513,58.39,134.594,142.056,131.622,131.735
172.6,92.846,51.546,137.319,92.513,58.291,134.63,142.025,131.584,131.735
172.7,92.779,51.546,137.285,92.58,58.291,134.594,141.994,131.584,131.772
172.8,92.779,51.652,137.319,92.513,58.39,134.63,141.994,131.622,131.735
172.9,92.779,51.652,137.251,92.513,58.39,134.594,142.056,131.584,131.735
173.0,92.779,51.546,137.285,92.58,58.291,134.594,142.056,131.584,131.697
173.1,92.713,51.546,137.285,92.513,58.291,134.63,141.994,131.584,131.735
173.2,92.846,51.652,137.285,92.58,58.39,134.63,142.025,131.584,131.697
173.3,92.713,51.652,137.285,92.513,58.291,134.63,141.994,131.622,131.697
173.4,92.846,51.652,137.251,92.513,58.291,134.63,142.025,131.622,131.735
173.5,92.846,51.546,137.285,92.58,58.39,134.63,142.056,131.622,131.735
173.6,92.779,51.546,137.285,92.58,58.192,134.594,142.025,131.622,131.772
173.7,92.846,51.546,137.285,92.58,58.291,134.63,141.994,131.66,131.735
173.8,92.779,51.652,137.353,92.513,58.488,134.594,141.994,131.584,131.772
173.9,92.779,51.546,137.285,92.646,58.39,134.63,142.025,131.584,131.697
174.0,92.713,51.652,137.285,92.513,58.39,134.666,142.087,131.547,131.81
174.1,92.713,51.546,137.285,92.513,58.39,134.594,142.025,131.584,131.697
174.2,92.846,51.652,137.285,92.58,58.291,134.666,141.994,131.622,131.735
174.3,92.779,51.652,137.285,92.58,58.39,134.63,141.994,131.622,131.735
174.4,92.779,51.652,137.285,92.646,58.39,134.594,142.025,131.622,131.697
174.5,92.846,51.546,137.285,92.513,58.39,134.594,142.025,131.547,131.735
174.6,92.779,51.546,137.319,92.58,58.39,134.63,142.025,131.622,131.735
174.7,92.779,51.546,137.285,92.513,58.39,134.666,142.025,131.584,131.697
174.8,92.713,51.546,137.319,92.58,58.291,134.594,142.025,131.622,131.81
174.9,92.713,51.758,137.387,92.58,58.291,134.666,141.994,131.622,131.697
175.0,92.713,51.546,137.285,92.513,58.291,134.594,141.994,131.622,131.735
175.1,92.779,51.546,137.285,92.58,58.39,134.594,141.994,131.66,131.697
175.2,92.779,51.758,137.285,92.513,58.291,134.63,142.025,131.622,131.697
175.3,92.779,51.546,137.285,92.513,58.192,134.594,141.994,131.584,131.735
175.4,92.779,51.652,137.353,92.58,58.39,134.63,141.962,131.622,131.735
175.5,92.846,51.546,137.319,92.58,58.488,134.594,141.899,131.622,131.735
175.6,92.779,51.546,137.285,92.58,58.39,134.63,142.025,131.584,131.772
175.7,92.779,51.546,137.421,92.513,58.291,134.63,141.994,131.547,131.735
175.8,92.646,51.546,137.285,92.58,58.488,134.594,142.056,131.622,131.735
175.9,92.713,51.546,137.319,92.58,58.39,134.63,142.025,131.622,131.735
176.0,92.779,51.546,137.251,92.58,58.291,134.63,142.056,131.622,131.697
176.1,92.846,51.546,137.319,92.58,58.39,134.63,142.056,131.697,131.735
176.2,92.779,51.652,137.285,92.513,58.39,134.63,142.025,131.622,131.697
176.3,92.713,51.546,137.285,92.58,58.39,134.63,142.087,131.622,131.848
176.4,92.713,51.546,137.251,92.513,58.39,134.63,142.025,131.584,131.735
176.5,92.779,51.652,137.285,92.58,58.291,134.594,142.025,131.584,131.735
176.6,92.779,51.652,137.319,92.513,58.291,134.63,141.994,131.584,131.772
176.7,92.779,51.652,137.251,92.447,58.291,134.63,142.025,131.584,131.772
176.8,92.846,51.546,137.285,92.513,58.291,134.63,142.056,131.584,131.735
176.9,92.779,51.652,137.387,92.646,58.39,134.63,142.025,131.547,131.735
177.0,92.846,51.652,137.285,92.513,58.39,134.594,142.056,131.584,131.697
177.1,92.713,51.652,137.319,92.58,58.39,134.594,141.994,131.622,131.772
177.2,92.779,51.652,137.285,92.646,58.291,134.666,142.025,131.584,131.772
177.3,92.713,51.546,137.285,92.513,58.291,134.594,142.025,131.584,131.735
177.4,92.846,51.652,137.251,92.513,58.39,134.594,142.025,131.547,131.697
177.5,92.779,51.546,137.285,92.646,58.39,134.594,141.994,131.622,131.697
177.6,92.779,51.758,137.319,92.513,58.488,134.594,142.025,131.622,131.735
177.7,92.779,51.546,137.353,92.58,58.488,134.594,141.994,131.547,131.772
177.8,92.912,51.758,137.319,92.513,58.291,134.594,142.025,131.622,131.735
177.9,92.779,51.546,137.216,92.58,58.291,134.63,141.962,131.66,131.772
178.0,92.779,51.652,137.251,92.513,58.291,134.594,142.025,131.697,131.735
178.1,92.846,51.546,137.319,92.513,58.093,134.594,142.025,131.622,131.772
178.2,92.846,51.546,137.285,92.58,58.39,134.594,141.994,131.622,131.735
178.3,92.912,51.652,137.353,92.58,58.39,134.63,142.025,131.622,131.697
178.4,92.846,51.652,137.285,92.447,58.39,134.594,141.994,131.584,131.772
178.5,92.713,51.546,137.285,92.513,58.488,134.594,141.994,131.622,131.772
178.6,92.779,51.44,137.319,92.513,58.39,134.594,141.994,131.66,131.735
178.7,92.779,51.652,137.353,92.58,58.39,134.594,142.025,131.584,131.772
178.8,92.779,51.546,137.285,92.513,58.488,134.594,141.994,131.509,131.735
178.9,92.912,51.652,137.285,92.513,58.291,134.594,141.994,131.622,131.697
179.0,92.779,51.652,137.353,92.58,58.39,134.594,141.962,131.584,131.697
179.1,92.713,51.546,137.285,92.513,58.39,134.63,141.994,131.622,131.772
179.2,92.846,51.546,137.285,92.513,58.39,134.594,142.025,131.697,131.66
179.3,92.779,51.44,137.285,92.513,58.39,134.666,141.994,131.622,131.81
179.4,92.713,51.652,137.285,92.513,58.39,134.594,142.056,131.584,131.697
179.5,92.713,51.652,137.319,92.513,58.488,134.666,141.994,131.584,131.735
179.6,92.779,51.652,137.285,92.513,58.291,134.594,141.994,131.622,131.772
179.7,92.779,51.652,137.285,92.58,58.291,134.523,142.025,131.584,131.772
179.8,92.779,51.546,137.216,92.513,58.192,134.737,142.025,131.622,131.697
179.9,92.646,51.652,137.251,92.513,58.39,134.594,142.056,131.66,131.697
180.0,92.713,51.546,137.285,92.513,58.291,134.63,142.056,131.66,131.735
180.1,92.779,51.546,137.319,92.58,58.39,134.63,141.994,131.584,131.735
180.2,92.846,51.758,137.251,92.513,58.291,134.594,142.087,131.584,131.772
180.3,92.779,51.546,137.285,92.58,58.39,134.63,141.994,131.622,131.772
180.4,92.713,51.546,137.319,92.513,58.39,134.594,142.025,131.584,131.697
180.5,92.646,51.652,137.319,92.58,58.39,134.63,142.056,131.622,131.735
180.6,92.713,51.652,137.285,92.58,58.39,134.63,141.994,131.622,131.81
180.7,92.713,51.652,137.285,92.513,58.291,134.594,142.025,131.584,131.622
180.8,92.779,51.652,137.216,92.646,58.291,134.594,141.994,131.584,131.735
180.9,92.779,51.652,137.285,92.513,58.39,134.63,142.087,131.622,131.772
181.0,92.779,51.652,137.319,92.58,58.291,134.63,142.025,131.584,131.735
181.1,92.713,51.546,137.285,92.513,58.39,134.666,141.994,131.584,131.735
181.2,92.713,51.652,137.353,92.513,58.39,134.666,142.025,131.622,131.735
181.3,92.713,51.546,137.319,92.58,58.39,134.63,142.025,131.584,131.735
181.4,92.779,51.546,137.251,92.513,58.39,134.594,142.025,131.584,131.735
181.5,92.779,51.652,137.319,92.58,58.192,134.594,142.025,131.584,131.772
181.6,92.779,51.652,137.285,92.513,58.39,134.63,142.025,131.622,131.772
181.7,92.779,51.652,137.216,92.58,58.291,134.594,141.994,131.584,131.735
181.8,92.779,51.652,137.285,92.58,58.39,134.63,142.025,131.584,131.735
181.9,92.846,51.652,137.285,92.513,58.488,134.63,142.025,131.547,131.735
182.0,92.713,51.652,137.353,92.447,58.39,134.594,142.087,131.584,131.697
182.1,92.779,51.652,137.285,92.513,58.39,134.63,142.056,131.509,131.697
182.2,92.779,51.652,137.353,92.58,58.488,134.63,141.994,131.547,131.735
182.3,92.713,51.758,137.216,92.447,58.291,134.594,142.025,131.584,131.772
182.4,92.846,51.652,137.285,92.58,58.488,134.559,142.119,131.622,131.735
182.5,92.713,51.546,137.285,92.513,58.39,134.594,142.025,131.622,131.697
182.6,92.713,51.546,137.285,92.58,58.488,134.594,142.025,131.66,131.735
182.7,92.713,51.652,137.285,92.513,58.39,134.63,141.994,131.584,131.622
182.8,92.713,51.546,137.285,92.513,58.39,134.594,142.025,131.66,131.772
182.9,92.779,51.652,137.251,92.58,58.587,134.594,141.994,131.584,131.735
183.0,92.713,51.652,137.251,92.513,58.39,134.594,142.056,131.584,131.772
183.1,92.846,51.652,137.353,92.513,58.291,134.594,142.025,131.622,131.772
183.2,92.779,51.652,137.285,92.447,58.192,134.594,142.025,131.584,131.735
183.3,92.779,51.652,137.319,92.513,58.39,134.63,141.994,131.584,131.735
183.4,92.779,51.546,137.285,92.58,58.39,134.594,142.056,131.584,131.735
183.5,92.779,51.652,137.285,92.58,58.587,134.559,142.025,131.584,131.81
183.6,92.713,51.652,137.319,92.513,58.39,134.594,142.025,131.509,131.772
183.7,92.713,51.652,137.251,92.513,58.488,134.594,142.056,131.66,131.735
183.8,92.779,51.652,137.251,92.58,58.39,134.594,142.025,131.584,131.697
183.9,92.779,51.652,137.285,92.58,58.39,134.702,141.994,131.584,131.772
184.0,92.846,51.652,137.285,92.513,58.488,134.594,142.056,131.584,131.772
184.1,92.779,51.652,137.285,92.58,58.39,134.63,142.025,131.622,131.697
184.2,92.713,51.652,137.319,92.58,58.39,134.63,141.962,131.622,131.735
184.3,92.779,51.652,137.285,92.58,58.291,134.63,142.056,131.622,131.81
184.4,92.846,51.546,137.285,92.58,58.39,134.63,141.994,131.584,131.81
184.5,92.779,51.546,137.285,92.513,58.39,134.63,141.994,131.622,131.735
184.6,92.58,51.546,137.285,92.513,58.39,134.594,142.025,131.622,131.735
184.7,92.779,51.652,137.285,92.447,58.488,134.63,142.025,131.584,131.772
184.8,92.646,51.652,137.285,92.513,58.39,134.559,141.994,131.66,131.772
184.9,92.779,51.652,137.285,92.447,58.39,134.63,141.931,131.622,131.772
185.0,92.779,51.652,137.353,92.447,58.39,134.63,142.087,131.584,131.735
185.1,92.713,51.546,137.319,92.513,58.291,134.63,141.994,131.584,131.772
185.2,92.779,51.652,137.285,92.58,58.291,134.63,142.025,131.584,131.735
185.3,92.779,51.546,137.353,92.513,58.39,134.666,142.025,131.66,131.81
185.4,92.779,51.652,137.319,92.58,58.39,134.594,141.994,131.622,131.735
185.5,92.713,51.546,137.251,92.513,58.291,134.594,142.056,131.584,131.697
185.6,92.779,51.652,137.421,92.513,58.291,134.594,142.025,131.622,131.735
185.7,92.846,51.652,137.285,92.58,58.39,134.594,141.994,131.622,131.772
185.8,92.779,51.652,137.319,92.447,58.488,134.594,141.994,131.622,131.735
185.9,92.779,51.652,137.285,92.513,58.39,134.594,142.025,131.584,131.81
186.0,92.713,51.652,137.251,92.513,58.39,134.594,142.056,131.509,131.735
186.1,92.846,51.652,137.319,92.513,58.291,134.594,141.994,131.547,131.735
186.2,92.779,51.652,137.285,92.513,58.39,134.594,142.025,131.622,131.735
186.3,92.713,51.546,137.285,92.513,58.291,134.594,142.025,131.622,131.697
186.4,92.779,51.546,137.251,92.513,58.39,134.559,141.994,131.622,131.772
186.5,92.713,51.546,137.285,92.447,58.39,134.63,142.025,131.584,131.772
186.6,92.713,51.546,137.285,92.513,58.39,134.63,142.025,131.584,131.697
186.7,92.779,51.758,137.251,92.513,58.291,134.594,142.056,131.622,131.697
186.8,92.713,51.546,137.285,92.58,58.39,134.63,142.025,131.584,131.735
186.9,92.779,51.546,137.319,92.513,58.291,134.594,142.056,131.622,131.735
187.0,92.779,51.652,137.319,92.513,58.291,134.594,141.962,131.584,131.697
187.1,92.846,51.546,137.285,92.58,58.39,134.63,142.056,131.622,131.735
187.2,92.713,51.546,137.319,92.513,58.39,134.63,141.994,131.584,131.772
187.3,92.779,51.652,137.285,92.58,58.39,134.594,142.025,131.622,131.772
187.4,92.779,51.652,137.319,92.513,58.291,134.666,141.994,131.66,131.697
187.5,92.646,51.546,137.353,92.513,58.39,134.63,141.994,131.547,131.735
187.6,92.646,51.546,137.285,92.58,58.488,134.594,142.056,131.622,131.697
187.7,92.779,51.652,137.285,92.58,58.291,134.63,141.994,131.584,131.735
187.8,92.713,51.758,137.285,92.513,58.39,134.594,141.994,131.584,131.697
187.9,92.779,51.652,137.319,92.447,58.39,134.594,142.025,131.66,131.735
188.0,92.779,51.758,137.251,92.58,58.39,134.63,142.056,131.622,131.735
188.1,92.779,51.652,137.285,92.513,58.39,134.594,142.025,131.622,131.735
188.2,92.713,51.652,137.353,92.513,58.39,134.702,142.025,131.622,131.735
188.3,92.713,51.652,137.387,92.513,58.291,134.666,142.025,131.622,131.735
188.4,92.713,51.546,137.251,92.513,58.488,134.594,142.025,131.584,131.772
188.5,92.779,51.546,137.285,92.513,58.39,134.63,142.025,131.584,131.735
188.6,92.713,51.546,137.285,92.513,58.39,134.594,141.994,131.584,131.697
188.7,92.713,51.546,137.216,92.513,58.39,134.594,141.962,131.622,131.735
188.8,92.779,51.758,137.387,92.447,58.39,134.63,142.025,131.547,131.735
188.9,92.713,51.652,137.285,92.38,58.39,134.63,142.025,131.622,131.697
189.0,92.713,51.546,137.319,92.513,58.291,134.594,141.994,131.584,131.697
189.1,92.713,51.652,137.285,92.447,58.39,134.63,141.994,131.584,131.735
189.2,92.713,51.652,137.285,92.447,58.488,134.594,141.994,131.547,131.772
189.3,92.713,51.652,137.285,92.58,58.39,134.594,142.025,131.622,131.735
189.4,92.779,51.652,137.319,92.513,58.39,134.63,141.994,131.622,131.772
189.5,92.646,51.546,137.285,92.447,58.488,134.63,142.025,131.584,131.697
189.6,92.713,51.652,137.285,92.58,58.39,134.594,141.994,131.622,131.735
189.7,92.779,51.652,137.285,92.513,58.39,134.594,142.056,131.622,131.66
189.8,92.713,51.546,137.251,92.447,58.39,134.63,142.025,131.584,131.735
189.9,92.713,51.652,137.285,92.513,58.39,134.594,141.994,131.622,131.772
190.0,92.713,51.652,137.319,92.513,58.39,134.594,141.994,131.584,131.772
190.1,92.779,51.758,137.285,92.513,58.39,134.63,141.994,131.584,131.735
190.2,92.58,51.652,137.285,92.513,58.39,134.63,142.025,131.584,131.735
190.3,92.713,51.546,137.285,92.58,58.291,134.63,141.994,131.584,131.697
190.4,92.779,51.652,137.285,92.513,58.39,134.63,141.994,131.584,131.735
190.5,92.779,51.652,137.285,92.513,58.291,134.63,141.994,131.66,131.697
190.6,92.713,51.546,137.285,92.447,58.291,134.594,141.994,131.66,131.735
190.7,92.779,51.652,137.285,92.646,58.39,134.63,142.025,131.584,131.735
190.8,92.646,51.652,137.285,92.447,58.39,134.666,142.025,131.547,131.735
190.9,92.713,51.652,137.285,92.513,58.39,134.702,142.056,131.622,131.735
191.0,92.779,51.652,137.319,92.513,58.587,134.63,141.994,131.622,131.697
191.1,92.779,51.652,137.285,92.447,58.39,134.63,142.025,131.66,131.772
191.2,92.646,51.652,137.285,92.513,58.39,134.63,141.994,131.622,131.697
191.3,92.713,51.652,137.285,92.513,58.291,134.63,142.025,131.622,131.697
191.4,92.646,51.652,137.353,92.646,58.39,134.594,141.994,131.622,131.697
191.5,92.646,51.652,137.285,92.513,58.39,134.594,141.994,131.622,131.697
191.6,92.779,51.652,137.285,92.513,58.488,134.559,141.994,131.584,131.735
191.7,92.713,51.652,137.319,92.58,58.39,134.63,142.056,131.584,131.735
191.8,92.713,51.546,137.285,92.513,58.291,134.559,141.994,131.584,131.81
191.9,92.779,51.652,137.319,92.513,58.291,134.666,142.025,131.622,131.735
192.0,92.646,51.652,137.285,92.447,58.291,134.594,141.994,131.66,131.697
192.1,92.713,51.546,137.285,92.513,58.488,134.63,141.994,131.584,131.772
192.2,92.713,51.652,137.353,92.58,58.39,134.594,142.025,131.547,131.735
192.3,92.779,51.652,137.319,92.513,58.39,134.594,141.994,131.547,131.772
192.4,92.779,51.652,137.285,92.513,58.291,134.594,141.994,131.622,131.772
192.5,92.779,51.652,137.319,92.513,58.39,134.63,142.087,131.584,131.697
192.6,92.779,51.652,137.353,92.513,58.291,134.594,141.994,131.584,131.735
192.7,92.779,51.652,137.285,92.58,58.488,134.594,142.056,131.622,131.735
192.8,92.713,51.546,137.285,92.447,58.39,134.594,141.994,131.584,131.697
192.9,92.779,51.652,137.319,92.447,58.488,134.594,141.994,131.584,131.735
193.0,92.779,51.758,137.285,92.447,58.39,134.63,141.994,131.622,131.697
193.1,92.713,51.546,137.285,92.447,58.39,134.63,142.025,131.584,131.772
193.2,92.646,51.758,137.319,92.447,58.39,134.63,142.025,131.622,131.735
193.3,92.846,51.546,137.319,92.447,58.39,134.594,141.962,131.509,131.697
193.4,92.713,51.546,137.285,92.513,58.488,134.594,141.994,131.584,131.697
193.5,92.779,51.758,137.285,92.513,58.39,134.666,142.056,131.584,131.772
193.6,92.779,51.758,137.251,92.513,58.488,134.594,142.025,131.584,131.735
193.7,92.713,51.652,137.251,92.447,58.39,134.594,142.025,131.622,131.772
193.8,92.713,51.652,137.285,92.513,58.39,134.594,142.025,131.622,131.697
193.9,92.713,51.546,137.251,92.447,58.39,134.594,141.994,131.584,131.735
194.0,92.779,51.546,137.353,92.513,58.39,134.666,141.994,131.66,131.772
194.1,92.779,51.652,137.353,92.447,58.291,134.559,142.056,131.584,131.735
194.2,92.713,51.546,137.251,92.513,58.39,134.594,142.056,131.584,131.735
194.3,92.646,51.652,137.251,92.447,58.39,134.594,142.025,131.584,131.772
194.4,92.58,51.546,137.353,92.447,58.291,134.63,142.056,131.622,131.66
194.5,92.713,51.546,137.319,92.513,58.192,134.594,142.025,131.584,131.735
194.6,92.713,51.546,137.319,92.513,58.39,134.559,141.994,131.622,131.735
194.7,92.713,51.546,137.285,92.513,58.291,134.594,141.962,131.584,131.66
194.8,92.713,51.546,137.216,92.513,58.39,134.594,142.025,131.622,131.735
194.9,92.846,51.652,137.319,92.447,58.39,134.594,142.056,131.622,131.735
195.0,92.646,51.546,137.285,92.447,58.39,134.594,142.056,131.584,131.772
195.1,92.779,51.546,137.251,92.38,58.39,134.594,142.087,131.547,131.697
195.2,92.646,51.546,137.319,92.447,58.39,134.63,142.025,131.66,131.772
195.3,92.713,51.546,137.285,92.447,58.39,134.594,142.025,131.584,131.735
195.4,92.713,51.546,137.319,92.513,58.488,134.594,142.056,131.584,131.772
195.5,92.713,51.652,137.251,92.513,58.39,134.666,141.994,131.584,131.735
195.6,92.779,51.652,137.285,92.447,58.39,134.487,142.025,131.584,131.735
195.7,92.713,51.546,137.251,92.447,58.39,134.666,142.025,131.584,131.697
195.8,92.646,51.652,137.251,92.447,58.291,134.594,142.025,131.584,131.66
195.9,92.779,51.546,137.387,92.513,58.488,134.594,141.994,131.547,131.772
196.0,92.779,51.652,137.251,92.447,58.39,134.594,141.994,131.584,131.697
196.1,92.646,51.546,137.251,92.513,58.39,134.63,141.994,131.584,131.697
196.2,92.713,51.546,137.251,92.513,58.39,134.594,141.994,131.66,131.772
196.3,92.779,51.652,137.285,92.513,58.39,134.594,141.994,131.622,131.66
196.4,92.646,51.546,137.285,92.447,58.291,134.594,142.119,131.66,131.735
196.5,92.713,51.652,137.285,92.447,58.39,134.594,141.994,131.584,131.772
196.6,92.646,51.546,137.285,92.513,58.39,134.594,141.994,131.584,131.697
196.7,92.58,51.546,137.251,92.58,58.291,134.63,142.025,131.584,131.735
196.8,92.713,51.652,137.319,92.513,58.39,134.594,141.994,131.584,131.697
196.9,92.713,51.546,137.148,92.447,58.39,134.666,141.962,131.622,131.772
197.0,92.646,51.652,137.251,92.447,58.39,134.594,141.994,131.547,131.735
197.1,92.846,51.652,137.285,92.447,58.291,134.666,141.994,131.622,131.735
197.2,92.713,51.546,137.251,92.447,58.39,134.559,142.056,131.584,131.81
197.3,92.646,51.652,137.251,92.447,58.291,134.594,142.025,131.622,131.735
197.4,92.713,51.546,137.387,92.38,58.291,134.63,142.025,131.584,131.697
197.5,92.646,51.546,137.285,92.513,58.39,134.594,142.025,131.584,131.735
197.6,92.713,51.546,137.319,92.513,58.291,134.594,142.025,131.697,131.66
197.7,92.846,51.652,137.285,92.447,58.39,134.559,141.994,131.584,131.697
197.8,92.713,51.652,137.285,92.513,58.291,134.666,142.056,131.622,131.772
197.9,92.713,51.546,137.251,92.447,58.39,134.63,141.994,131.584,131.697
198.0,92.713,51.652,137.285,92.513,58.488,134.666,142.025,131.584,131.735
198.1,92.713,51.546,137.285,92.513,58.488,134.594,142.025,131.66,131.735
198.2,92.779,51.652,137.285,92.447,58.39,134.63,141.994,131.584,131.697
198.3,92.713,51.652,137.251,92.447,58.291,134.63,142.025,131.622,131.622
198.4,92.646,51.652,137.285,92.38,58.39,134.594,141.994,131.584,131.735
198.5,92.713,51.546,137.285,92.313,58.39,134.594,141.994,131.584,131.848
198.6,92.646,51.652,137.285,92.513,58.39,134.594,142.025,131.622,131.735
198.7,92.779,51.652,137.285,92.447,58.39,134.594,142.056,131.622,131.735
198.8,92.646,51.652,137.251,92.447,58.39,134.559,142.056,131.584,131.735
198.9,92.713,51.652,137.285,92.447,58.39,134.487,142.056,131.622,131.772
199.0,92.646,51.546,137.285,92.447,58.39,134.63,141.994,131.66,131.697
199.1,92.646,51.546,137.251,92.447,58.39,134.594,142.025,131.584,131.848
199.2,92.713,51.652,137.251,92.513,58.192,134.594,142.025,131.547,131.772
199.3,92.646,51.758,137.251,92.447,58.39,134.594,141.994,131.697,131.735
199.4,92.713,51.652,137.319,92.513,58.39,134.594,141.994,131.584,131.735
199.5,92.713,51.546,137.319,92.513,58.39,134.594,142.056,131.622,131.772
199.6,92.713,51.652,137.251,92.447,58.39,134.666,141.994,131.584,131.735
199.7,92.713,51.652,137.319,92.447,58.291,134.559,141.994,131.66,131.772
199.8,92.713,51.652,137.285,92.447,58.39,134.559,141.962,131.622,131.735
199.9,92.713,51.652,137.285,92.513,58.39,134.594,142.056,131.584,131.735
200.0,92.646,51.652,137.285,92.513,58.39,134.594,141.994,131.584,131.772
200.1,92.713,51.652,137.285,92.513,58.39,134.63,141.994,131.66,131.697
200.2,92.713,51.546,137.285,92.513,58.488,134.63,142.056,131.584,131.66
200.3,92.646,51.652,137.285,92.447,58.291,134.594,141.962,131.622,131.735
200.4,92.646,51.652,137.285,92.513,58.39,134.594,141.931,131.584,131.772
200.5,92.713,51.652,137.285,92.447,58.291,134.594,142.025,131.584,131.697
200.6,92.779,51.652,137.319,92.513,58.39,134.63,142.025,131.622,131.697
200.7,92.646,51.546,137.319,92.513,58.291,134.63,141.994,131.622,131.735
200.8,92.646,51.546,137.319,92.447,58.39,134.594,141.994,131.584,131.697
200.9,92.713,51.546,137.285,92.447,58.39,134.594,142.025,131.584,131.735
201.0,92.58,51.546,137.319,92.513,58.39,134.594,141.994,131.622,131.735
201.1,92.713,51.652,137.319,92.513,58.488,134.594,142.025,131.584,131.735
201.2,92.646,51.546,137.251,92.447,58.39,134.594,142.025,131.66,131.772
201.3,92.713,51.652,137.319,92.447,58.39,134.702,142.025,131.584,131.772
201.4,92.779,51.758,137.216,92.513,58.291,134.594,142.056,131.622,131.735
201.5,92.646,51.546,137.319,92.447,58.39,134.63,142.056,131.622,131.735
201.6,92.779,51.652,137.319,92.447,58.39,134.63,142.025,131.622,131.697
201.7,92.646,51.652,137.251,92.447,58.192,134.594,141.994,131.622,131.735
201.8,92.713,51.546,137.353,92.447,58.39,134.594,141.994,131.622,131.735
201.9,92.713,51.758,137.285,92.313,58.488,134.594,141.962,131.584,131.735
202.0,92.646,51.546,137.251,92.447,58.39,134.594,141.994,131.547,131.735
202.1,92.646,51.652,137.251,92.447,58.488,134.594,141.994,131.584,131.772
202.2,92.646,51.652,137.285,92.513,58.39,134.594,142.056,131.509,131.697
202.3,92.713,51.652,137.285,92.58,58.39,134.594,141.962,131.622,131.735
202.4,92.713,51.546,137.285,92.447,58.291,134.666,142.056,131.584,131.772
202.5,92.713,51.546,137.285,92.38,58.291,134.594,142.056,131.622,131.735
202.6,92.646,51.652,137.353,92.58,58.291,134.63,142.025,131.622,131.735
202.7,92.713,51.652,137.285,92.513,58.488,134.594,141.994,131.622,131.697
202.8,92.646,51.652,137.285,92.447,58.291,134.594,141.994,131.547,131.697
202.9,92.713,51.652,137.319,92.513,58.39,134.594,142.025,131.622,131.697
203.0,92.646,51.652,137.285,92.447,58.39,134.666,141.994,131.622,131.697
203.1,92.713,51.652,137.319,92.447,58.39,134.666,142.056,131.622,131.735
203.2,92.646,51.652,137.285,92.447,58.39,134.559,142.025,131.547,131.697
203.3,92.646,51.652,137.353,92.513,58.39,134.594,141.994,131.622,131.735
203.4,92.713,51.652,137.285,92.513,58.291,134.666,141.994,131.622,131.697
203.5,92.713,51.652,137.353,92.447,58.39,134.594,141.994,131.622,131.735
203.6,92.646,51.652,137.285,92.447,58.39,134.594,142.025,131.584,131.735
203.7,92.713,51.863,137.387,92.447,58.488,134.594,142.025,131.622,131.697
203.8,92.646,51.546,137.319,92.447,58.39,134.594,141.931,131.547,131.772
203.9,92.713,51.652,137.251,92.447,58.39,134.594,141.994,131.584,131.697
204.0,92.713,51.652,137.387,92.447,58.39,134.594,141.962,131.584,131.772
204.1,92.58,51.652,137.285,92.447,58.39,134.594,142.025,131.622,131.735
204.2,92.713,51.652,137.285,92.447,58.39,134.63,142.056,131.622,131.697
204.3,92.713,51.546,137.285,92.513,58.39,134.594,142.025,131.584,131.697
204.4,92.58,51.546,137.251,92.447,58.488,134.594,141.994,131.622,131.735
204.5,92.646,51.652,137.251,92.513,58.39,134.594,141.962,131.66,131.697
204.6,92.713,51.546,137.285,92.513,58.39,134.63,141.994,131.584,131.81
204.7,92.646,51.546,137.285,92.447,58.291,134.63,142.025,131.622,131.772
204.8,92.646,51.652,137.251,92.447,58.291,134.63,142.025,131.584,131.735
204.9,92.713,51.652,137.285,92.447,58.39,134.63,141.931,131.584,131.772
205.0,92.713,51.652,137.285,92.447,58.39,134.559,141.994,131.584,131.735
205.1,92.713,51.546,137.319,92.513,58.39,134.594,141.994,131.584,131.735
205.2,92.713,51.652,137.319,92.447,58.39,134.63,142.025,131.622,131.772
205.3,92.846,51.652,137.251,92.447,58.39,134.594,142.025,131.622,131.735
205.4,92.646,51.652,137.251,92.513,58.488,134.594,141.994,131.622,131.735
205.5,92.646,51.652,137.251,92.447,58.291,134.594,142.056,131.622,131.735
205.6,92.646,51.652,137.251,92.447,58.39,134.594,141.994,131.584,131.697
205.7,92.646,51.652,137.251,92.447,58.39,134.63,141.994,131.471,131.697
205.8,92.713,51.758,137.285,92.447,58.39,134.559,142.025,131.584,131.697
205.9,92.713,51.652,137.285,92.447,58.39,134.594,141.994,131.622,131.697
206.0,92.646,51.546,137.285,92.513,58.39,134.594,142.025,131.622,131.735
206.1,92.713,51.652,137.285,92.447,58.291,134.594,142.025,131.622,131.697
206.2,92.646,51.546,137.285,92.447,58.39,134.559,142.056,131.622,131.735
206.3,92.713,51.652,137.251,92.513,58.39,134.594,142.056,131.622,131.772
206.4,92.713,51.546,137.285,92.447,58.488,134.594,141.962,131.547,131.735
206.5,92.646,51.652,137.285,92.447,58.488,134.559,142.025,131.584,131.772
206.6,92.646,51.652,137.251,92.447,58.39,134.63,142.025,131.584,131.697
206.7,92.58,51.652,137.285,92.447,58.39,134.594,142.025,131.697,131.697
206.8,92.713,51.546,137.285,92.447,58.39,134.594,142.056,131.622,131.735
206.9,92.646,51.546,137.285,92.447,58.39,134.594,142.025,131.622,131.735
207.0,92.713,51.546,137.251,92.447,58.39,134.702,142.056,131.584,131.735
207.1,92.646,51.44,137.319,92.38,58.39,134.702,141.994,131.584,131.735
207.2,92.713,51.546,137.285,92.513,58.39,134.594,141.994,131.584,131.697
207.3,92.58,51.652,137.285,92.513,58.39,134.594,141.994,131.547,131.735
207.4,92.646,51.44,137.251,92.447,58.39,134.594,142.025,131.584,131.735
207.5,92.912,51.44,137.251,92.447,58.488,134.63,142.056,131.547,131.772
207.6,92.646,51.546,137.285,92.38,58.488,134.559,142.119,131.584,131.697
207.7,92.713,51.652,137.182,92.513,58.291,134.666,142.025,131.584,131.697
207.8,92.646,51.652,137.251,92.38,58.39,134.63,141.994,131.584,131.697
207.9,92.779,51.652,137.251,92.447,58.39,134.594,142.025,131.584,131.697
208.0,92.58,51.652,137.285,92.513,58.291,134.594,142.025,131.584,131.772
208.1,92.646,51.546,137.319,92.447,58.488,134.594,141.994,131.584,131.697
208.2,92.713,51.652,137.353,92.513,58.39,134.594,142.056,131.622,131.697
208.3,92.713,51.546,137.285,92.513,58.39,134.594,142.025,131.622,131.697
208.4,92.713,51.546,137.285,92.447,58.39,134.559,141.994,131.584,131.697
208.5,92.58,51.546,137.285,92.513,58.39,134.594,141.994,131.547,131.735
208.6,92.713,51.546,137.285,92.447,58.39,134.63,141.994,131.66,131.697
208.7,92.713,51.652,137.319,92.447,58.291,134.63,142.025,131.622,131.735
208.8,92.646,51.546,137.285,92.513,58.39,134.594,141.994,131.547,131.735
208.9,92.713,51.546,137.285,92.447,58.39,134.594,142.025,131.622,131.735
209.0,92.646,51.652,137.251,92.513,58.39,134.594,141.994,131.584,131.735
209.1,92.646,51.546,137.285,92.447,58.39,134.63,142.025,131.547,131.735
209.2,92.713,51.652,137.319,92.38,58.488,134.559,142.025,131.622,131.735
209.3,92.646,51.546,137.319,92.447,58.39,134.594,141.994,131.584,131.697
209.4,92.646,51.546,137.285,92.38,58.39,134.594,141.994,131.584,131.735
209.5,92.646,51.546,137.251,92.447,58.291,134.594,141.994,131.622,131.735
209.6,92.713,51.652,137.319,92.447,58.39,134.594,142.056,131.547,131.697
209.7,92.713,51.546,137.285,92.447,58.39,134.63,141.994,131.584,131.735
209.8,92.713,51.546,137.285,92.447,58.39,134.594,141.994,131.584,131.735
209.9,92.646,51.546,137.285,92.447,58.39,134.63,141.994,131.547,131.697
210.0,92.646,51.546,137.251,92.447,58.39,134.63,141.994,131.584,131.735
210.1,92.646,51.44,137.285,92.447,58.39,134.63,141.994,131.622,131.772
210.2,92.58,51.546,137.216,92.38,58.291,134.63,142.025,131.622,131.772
210.3,92.646,51.546,137.319,92.447,58.291,134.63,142.025,131.584,131.735
210.4,92.646,51.546,137.285,92.38,58.39,134.594,142.056,131.622,131.735
210.5,92.646,51.652,137.285,92.513,58.291,134.559,142.056,131.584,131.735
210.6,92.646,51.546,137.251,92.447,58.39,134.63,141.994,131.66,131.697
210.7,92.646,51.652,137.319,92.513,58.39,134.594,142.025,131.584,131.848
210.8,92.713,51.652,137.285,92.513,58.39,134.523,141.994,131.772,131.772
210.9,92.646,51.546,137.285,92.447,58.291,134.63,141.962,131.584,131.697
211.0,92.646,51.652,137.251,92.38,58.39,134.594,142.025,131.584,131.772
211.1,92.713,51.546,137.251,92.447,58.39,134.594,141.962,131.622,131.735
211.2,92.646,51.546,137.251,92.447,58.291,134.63,141.994,131.622,131.772
211.3,92.713,51.335,137.251,92.447,58.39,134.594,142.056,131.584,131.81
211.4,92.713,51.546,137.285,92.447,58.488,134.63,142.119,131.622,131.697
211.5,92.713,51.652,137.285,92.38,58.291,134.594,142.025,131.622,131.697
211.6,92.58,51.44,137.251,92.513,58.488,134.63,141.962,131.584,131.735
211.7,92.646,51.546,137.251,92.38,58.39,134.559,142.025,131.584,131.697
211.8,92.646,51.652,137.285,92.38,58.291,134.559,141.994,131.622,131.697
211.9,92.58,51.546,137.251,92.447,58.39,134.594,141.994,131.584,131.697
212.0,92.58,51.546,137.216,92.447,58.192,134.594,141.994,131.66,131.697
212.1,92.58,51.652,137.251,92.447,58.291,134.594,142.119,131.622,131.735
212.2,92.713,51.546,137.285,92.447,58.488,134.594,142.056,131.622,131.735
212.3,92.713,51.652,137.285,92.38,58.291,134.594,142.025,131.584,131.772
212.4,92.713,51.546,137.251,92.447,58.39,134.63,141.994,131.509,131.735
212.5,92.646,51.652,137.251,92.513,58.39,134.666,142.025,131.584,131.584
212.6,92.646,51.546,137.285,92.447,58.39,134.559,142.025,131.584,131.697
212.7,92.646,51.652,137.285,92.38,58.39,134.594,142.025,131.584,131.697
212.8,92.646,51.546,137.285,92.38,58.39,134.594,141.994,131.584,131.697
212.9,92.58,51.546,137.285,92.38,58.39,134.594,141.994,131.584,131.697
213.0,92.58,51.546,137.353,92.38,58.39,134.594,142.025,131.584,131.697
213.1,92.58,51.546,137.285,92.38,58.39,134.594,142.056,131.584,131.735
213.2,92.646,51.652,137.251,92.38,58.39,134.594,142.025,131.622,131.697
213.3,92.646,51.546,137.353,92.447,58.291,134.594,141.994,131.547,131.735
213.4,92.646,51.546,137.285,92.447,58.291,134.594,141.962,131.584,131.697
213.5,92.58,51.546,137.251,92.447,58.39,134.594,141.962,131.584,131.697
213.6,92.646,51.652,137.285,92.38,58.488,134.559,142.056,131.547,131.735
213.7,92.779,51.652,137.285,92.447,58.39,134.594,142.056,131.622,131.735
213.8,92.58,51.652,137.251,92.447,58.39,134.594,141.994,131.622,131.772
213.9,92.646,51.546,137.285,92.447,58.291,134.594,142.056,131.584,131.697
214.0,92.646,51.546,137.251,92.38,58.291,134.594,142.025,131.584,131.81
214.1,92.58,51.546,137.285,92.38,58.39,134.594,141.994,131.622,131.697
214.2,92.646,51.546,137.251,92.447,58.39,134.594,141.962,131.622,131.697
214.3,92.713,51.652,137.251,92.447,58.291,134.559,142.056,131.584,131.66
214.4,92.58,51.546,137.285,92.313,58.39,134.594,141.994,131.547,131.66
214.5,92.646,51.652,137.285,92.513,58.39,134.63,142.025,131.622,131.735
214.6,92.58,51.652,137.285,92.447,58.39,134.559,142.025,131.584,131.772
214.7,92.58,51.44,137.251,92.447,58.39,134.594,141.962,131.547,131.697
214.8,92.646,51.652,137.251,92.38,58.291,134.63,141.994,131.547,131.81
214.9,92.713,51.652,137.285,92.447,58.39,134.594,142.025,131.584,131.697
215.0,92.58,51.546,137.251,92.38,58.39,134.594,142.025,131.509,131.697
215.1,92.646,51.652,137.251,92.38,58.39,134.559,142.025,131.622,131.735
215.2,92.646,51.546,137.251,92.447,58.39,134.559,142.025,131.584,131.735
215.3,92.646,51.652,137.251,92.38,58.39,134.594,142.025,131.584,131.697
215.4,92.646,51.546,137.285,92.447,58.488,134.594,142.025,131.547,131.772
215.5,92.58,51.546,137.251,92.447,58.39,134.594,141.994,131.622,131.697
215.6,92.713,51.652,137.285,92.38,58.488,134.594,142.025,131.584,131.772
215.7,92.646,51.546,137.353,92.38,58.291,134.666,141.994,131.584,131.697
215.8,92.646,51.546,137.319,92.447,58.488,134.63,142.087,131.584,131.735
215.9,92.646,51.546,137.285,92.38,58.488,134.594,141.899,131.584,131.697
216.0,92.646,51.652,137.319,92.38,58.291,134.594,141.962,131.622,131.735
216.1,92.58,51.546,137.251,92.513,58.39,134.594,141.994,131.547,131.697
216.2,92.713,51.652,137.251,92.38,58.39,134.594,141.994,131.584,131.66
216.3,92.713,51.652,137.285,92.447,58.39,134.594,141.994,131.547,131.772
216.4,92.713,51.546,137.285,92.447,58.39,134.594,142.025,131.584,131.735
216.5,92.513,51.546,137.251,92.313,58.39,134.63,142.056,131.584,131.848
216.6,92.646,51.546,137.251,92.38,58.291,134.594,141.994,131.622,131.697
216.7,92.646,51.546,137.285,92.38,58.39,134.594,141.994,131.584,131.735
216.8,92.646,51.546,137.353,92.447,58.39,134.594,142.025,131.584,131.697
216.9,92.646,51.652,137.285,92.447,58.39,134.594,142.025,131.584,131.697
217.0,92.58,51.546,137.285,92.513,58.291,134.594,141.994,131.622,131.735
217.1,92.646,51.652,137.353,92.38,58.39,134.594,141.994,131.622,131.735
217.2,92.646,51.546,137.285,92.38,58.39,134.594,142.025,131.584,131.697
217.3,92.713,51.652,137.319,92.38,58.39,134.594,142.025,131.509,131.66
217.4,92.713,51.546,137.251,92.38,58.39,134.594,141.962,131.584,131.697
217.5,92.58,51.546,137.285,92.38,58.39,134.559,141.994,131.584,131.735
217.6,92.58,51.652,137.285,92.447,58.488,134.594,141.994,131.622,131.697
217.7,92.646,51.652,137.251,92.447,58.291,134.594,141.994,131.584,131.735
217.8,92.513,51.44,137.285,92.38,58.39,134.594,142.056,131.471,131.697
217.9,92.646,51.546,137.319,92.447,58.39,134.594,142.025,131.584,131.735
218.0,92.646,51.546,137.251,92.38,58.587,134.63,142.056,131.66,131.66
218.1,92.646,51.652,137.285,92.38,58.39,134.594,142.025,131.622,131.735
218.2,92.646,51.546,137.285,92.447,58.39,134.594,142.025,131.584,131.735
218.3,92.646,51.546,137.319,92.38,58.488,134.594,141.994,131.584,131.66
218.4,92.58,51.546,137.216,92.38,58.488,134.594,141.994,131.547,131.735
218.5,92.58,51.546,137.285,92.447,58.39,134.594,142.025,131.547,131.735
218.6,92.646,51.546,137.285,92.513,58.291,134.594,141.962,131.622,131.735
218.7,92.58,51.652,137.285,92.38,58.39,134.594,141.994,131.622,131.697
218.8,92.58,51.546,137.285,92.38,58.291,134.666,141.994,131.622,131.735
218.9,92.646,51.546,137.251,92.38,58.39,134.594,141.994,131.584,131.735
219.0,92.646,51.546,137.251,92.38,58.291,134.594,141.994,131.547,131.697
219.1,92.646,51.546,137.251,92.313,58.39,134.559,141.931,131.584,131.772
219.2,92.646,51.758,137.285,92.38,58.39,134.559,141.962,131.622,131.735
219.3,92.646,51.652,137.319,92.38,58.39,134.559,141.994,131.622,131.697
219.4,92.58,51.652,137.319,92.38,58.587,134.594,141.994,131.584,131.735
219.5,92.646,51.652,137.251,92.447,58.39,134.594,142.025,131.584,131.772
219.6,92.646,51.44,137.319,92.38,58.39,134.666,142.025,131.584,131.66
219.7,92.646,51.546,137.251,92.38,58.39,134.559,141.962,131.584,131.735
219.8,92.713,51.652,137.251,92.447,58.39,134.594,142.025,131.547,131.697
219.9,92.58,51.546,137.216,92.38,58.587,134.594,141.994,131.584,131.735
220.0,92.646,51.652,137.285,92.38,58.39,134.63,141.994,131.622,131.735
220.1,92.646,51.652,137.251,92.38,58.291,134.594,141.994,131.584,131.697
220.2,92.646,51.758,137.251,92.447,58.39,134.594,142.025,131.622,131.697
220.3,92.513,51.652,137.353,92.447,58.39,134.594,141.994,131.547,131.697
220.4,92.58,51.546,137.251,92.513,58.39,134.63,141.994,131.584,131.697
220.5,92.58,51.546,137.251,92.313,58.39,134.63,141.994,131.584,131.697
220.6,92.646,51.652,137.216,92.38,58.39,134.594,142.025,131.584,131.772
220.7,92.58,51.652,137.251,92.513,58.39,134.63,142.025,131.547,131.772
220.8,92.779,51.758,137.285,92.38,58.39,134.594,142.025,131.584,131.697
220.9,92.58,51.546,137.353,92.447,58.39,134.594,141.994,131.66,131.735
221.0,92.646,51.652,137.285,92.38,58.488,134.594,141.994,131.584,131.697
221.1,92.58,51.652,137.251,92.513,58.39,134.63,141.994,131.584,131.697
221.2,92.58,51.546,137.251,92.38,58.488,134.63,142.025,131.547,131.735
221.3,92.646,51.546,137.285,92.38,58.291,134.594,141.994,131.584,131.772
221.4,92.58,51.652,137.285,92.447,58.488,134.63,142.025,131.547,131.697
221.5,92.779,51.652,137.251,92.38,58.291,134.559,142.025,131.66,131.697
221.6,92.58,51.652,137.285,92.38,58.39,134.594,142.025,131.547,131.735
221.7,92.58,51.546,137.285,92.38,58.39,134.594,142.025,131.584,131.735
221.8,92.646,51.652,137.285,92.313,58.39,134.594,142.025,131.584,131.697
221.9,92.646,51.546,137.285,92.58,58.39,134.594,142.056,131.622,131.772
222.0,92.646,51.546,137.251,92.38,58.39,134.594,142.181,131.584,131.81
222.1,92.646,51.758,137.319,92.38,58.39,134.559,141.994,131.584,131.772
222.2,92.646,51.652,137.319,92.38,58.39,134.523,142.025,131.584,131.584
222.3,92.646,51.652,137.251,92.38,58.291,134.594,142.025,131.622,131.66
222.4,92.58,51.546,137.285,92.38,58.488,134.594,142.025,131.584,131.697
222.5,92.646,51.652,137.319,92.38,58.39,134.594,141.994,131.509,131.697
222.6,92.646,51.652,137.285,92.38,58.39,134.594,142.025,131.584,131.697
222.7,92.646,51.652,137.319,92.38,58.39,134.63,142.056,131.584,131.697
222.8,92.646,51.546,137.319,92.38,58.39,134.594,141.994,131.584,131.697
222.9,92.58,51.652,137.285,92.447,58.39,134.63,141.994,131.584,131.735
223.0,92.646,51.546,137.319,92.313,58.39,134.594,142.025,131.622,131.735
223.1,92.58,51.652,137.285,92.38,58.39,134.594,141.994,131.622,131.697
223.2,92.58,51.546,137.353,92.38,58.488,134.63,141.962,131.509,131.735
223.3,92.58,51.652,137.319,92.38,58.39,134.63,141.994,131.547,131.81
223.4,92.646,51.652,137.285,92.38,58.39,134.523,141.931,131.547,131.697
223.5,92.713,51.652,137.251,92.38,58.488,134.594,142.025,131.584,131.697
223.6,92.646,51.652,137.251,92.38,58.39,134.63,142.056,131.584,131.697
223.7,92.58,51.652,137.319,92.447,58.39,134.63,141.994,131.584,131.622
223.8,92.646,51.546,137.285,92.447,58.488,134.559,141.994,131.584,131.697
223.9,92.58,51.546,137.216,92.38,58.291,134.702,141.962,131.584,131.622
224.0,92.58,51.546,137.285,92.447,58.39,134.63,142.025,131.584,131.735
224.1,92.646,51.546,137.216,92.38,58.587,134.63,142.056,131.584,131.772
224.2,92.58,51.652,137.353,92.38,58.39,134.594,142.025,131.584,131.697
224.3,92.646,51.546,137.251,92.38,58.39,134.63,142.025,131.584,131.735
224.4,92.58,51.652,137.251,92.38,58.39,134.594,141.994,131.622,131.697
224.5,92.646,51.546,137.285,92.313,58.39,134.559,142.056,131.622,131.735
224.6,92.58,51.652,137.285,92.38,58.488,134.594,141.994,131.622,131.772
224.7,92.646,51.652,137.251,92.513,58.39,134.559,142.025,131.584,131.772
224.8,92.646,51.652,137.285,92.447,58.39,134.594,141.994,131.547,131.735
224.9,92.58,51.652,137.319,92.38,58.39,134.594,142.087,131.584,131.735
225.0,92.646,51.652,137.285,92.38,58.488,134.594,142.025,131.622,131.697
225.1,92.646,51.546,137.319,92.513,58.488,134.559,141.994,131.584,131.697
225.2,92.58,51.652,137.216,92.447,58.488,134.594,141.994,131.584,131.697
225.3,92.646,51.546,137.285,92.447,58.488,134.594,142.056,131.547,131.735
225.4,92.58,51.652,137.285,92.38,58.39,134.666,142.025,131.584,131.772
225.5,92.58,51.546,137.319,92.313,58.39,134.594,142.025,131.509,131.735
225.6,92.646,51.546,137.319,92.38,58.192,134.594,141.994,131.584,131.697
225.7,92.713,51.546,137.285,92.38,58.488,134.594,142.025,131.622,131.66
225.8,92.646,51.652,137.251,92.447,58.291,134.594,142.056,131.584,131.697
225.9,92.713,51.546,137.285,92.38,58.39,134.63,141.994,131.584,131.697
226.0,92.713,51.652,137.285,92.38,58.39,134.594,142.025,131.584,131.697
226.1,92.58,51.652,137.285,92.447,58.291,134.594,141.994,131.584,131.735
226.2,92.646,51.546,137.285,92.38,58.39,134.559,141.994,131.584,131.697
226.3,92.58,51.652,137.285,92.38,58.488,134.63,142.025,131.547,131.697
226.4,92.646,51.546,137.285,92.447,58.39,134.594,142.025,131.584,131.735
226.5,92.646,51.652,137.285,92.38,58.39,134.63,141.994,131.584,131.697
226.6,92.58,51.652,137.285,92.38,58.39,134.594,142.025,131.584,131.697
226.7,92.646,51.546,137.251,92.38,58.39,134.594,142.025,131.584,131.584
226.8,92.646,51.44,137.251,92.38,58.39,134.594,141.994,131.584,131.697
226.9,92.58,51.546,137.285,92.38,58.39,134.594,141.994,131.584,131.66
227.0,92.646,51.652,137.319,92.38,58.39,134.559,141.994,131.584,131.735
227.1,92.646,51.546,137.285,92.38,58.39,134.559,141.962,131.547,131.735
227.2,92.58,51.652,137.182,92.38,58.39,134.63,141.962,131.622,131.772
227.3,92.646,51.652,137.319,92.38,58.39,134.594,141.994,131.584,131.697
227.4,92.58,51.546,137.319,92.38,58.488,134.559,142.025,131.584,131.735
227.5,92.58,51.652,137.285,92.38,58.39,134.594,142.025,131.509,131.697
227.6,92.58,51.652,137.285,92.38,58.39,134.594,141.994,131.66,131.697
227.7,92.58,51.652,137.285,92.38,58.39,134.594,142.056,131.547,131.697
227.8,92.58,51.652,137.251,92.447,58.39,134.666,142.025,131.584,131.697
227.9,92.713,51.652,137.285,92.513,58.39,134.63,141.962,131.584,131.697
228.0,92.58,51.652,137.285,92.447,58.488,134.594,142.056,131.584,131.735
228.1,92.58,51.652,137.251,92.447,58.39,134.594,141.994,131.622,131.697
228.2,92.58,51.652,137.285,92.313,58.39,134.559,142.025,131.584,131.697
228.3,92.58,51.652,137.182,92.447,58.39,134.594,141.994,131.584,131.81
228.4,92.646,51.652,137.251,92.447,58.39,134.63,141.994,131.66,131.735
228.5,92.447,51.652,137.353,92.38,58.39,134.594,141.994,131.584,131.735
228.6,92.646,51.546,137.285,92.38,58.291,134.594,141.994,131.622,131.697
228.7,92.58,51.546,137.216,92.38,58.488,134.559,142.025,131.584,131.735
228.8,92.646,51.546,137.285,92.38,58.39,134.63,142.056,131.584,131.772
228.9,92.58,51.652,137.285,92.38,58.488,134.594,141.994,131.584,131.697
229.0,92.58,51.652,137.251,92.38,58.488,134.594,141.994,131.584,131.772
229.1,92.58,51.546,137.216,92.447,58.39,134.63,142.025,131.622,131.735
229.2,92.513,51.546,137.285,92.38,58.39,134.594,142.025,131.547,131.735
229.3,92.513,51.652,137.319,92.513,58.39,134.594,142.025,131.547,131.735
229.4,92.646,51.652,137.319,92.38,58.488,134.559,142.025,131.584,131.697
229.5,92.58,51.652,137.285,92.38,58.488,134.594,142.025,131.584,131.735
229.6,92.58,51.652,137.353,92.38,58.291,134.594,142.025,131.584,131.697
229.7,92.713,51.652,137.251,92.313,58.488,134.594,142.056,131.622,131.735
229.8,92.58,51.546,137.285,92.38,58.39,134.559,142.025,131.584,131.66
229.9,92.646,51.652,137.285,92.313,58.39,134.594,142.025,131.584,131.697
230.0,92.646,51.652,137.319,92.38,58.39,134.594,141.994,131.547,131.697
230.1,92.58,51.652,137.285,92.38,58.39,134.594,141.994,131.622,131.697
230.2,92.58,51.546,137.319,92.313,58.39,134.666,142.025,131.584,131.735
230.3,92.646,51.652,137.251,92.313,58.488,134.63,142.025,131.584,131.697
230.4,92.58,51.652,137.285,92.38,58.488,134.594,142.025,131.584,131.772
230.5,92.646,51.758,137.285,92.38,58.39,134.559,141.994,131.584,131.735
230.6,92.58,51.546,137.285,92.313,58.39,134.559,142.025,131.697,131.81
230.7,92.58,51.652,137.251,92.313,58.39,134.63,141.994,131.622,131.735
230.8,92.646,51.652,137.251,92.38,58.39,134.594,142.056,131.584,131.772
230.9,92.513,51.546,137.353,92.38,58.488,134.63,141.994,131.66,131.81
231.0,92.58,51.546,137.285,92.38,58.488,134.666,141.994,131.584,131.735
231.1,92.646,51.546,137.319,92.38,58.488,134.594,141.994,131.547,131.772
231.2,92.779,51.758,137.285,92.38,58.39,134.63,142.056,131.622,131.772
231.3,92.58,51.652,137.251,92.38,58.488,134.63,142.025,131.622,131.772
231.4,92.58,51.652,137.251,92.38,58.488,134.559,142.025,131.622,131.735
231.5,92.646,51.652,137.353,92.38,58.39,134.63,141.994,131.622,131.697
231.6,92.646,51.652,137.251,92.38,58.39,134.63,141.994,131.584,131.735
231.7,92.646,51.546,137.353,92.38,58.39,134.666,141.994,131.584,131.772
231.8,92.58,51.546,137.216,92.447,58.291,134.594,141.994,131.584,131.735
231.9,92.58,51.758,137.285,92.447,58.39,134.559,142.025,131.66,131.735
232.0,92.646,51.652,137.251,92.38,58.488,134.63,141.994,131.584,131.735
232.1,92.58,51.652,137.285,92.38,58.39,134.63,141.994,131.584,131.697
232.2,92.58,51.652,137.285,92.313,58.39,134.594,142.025,131.584,131.697
232.3,92.58,51.652,137.285,92.38,58.39,134.594,142.025,131.584,131.735
232.4,92.58,51.652,137.285,92.38,58.39,134.594,142.025,131.584,131.735
232.5,92.58,51.652,137.285,92.38,58.39,134.63,142.025,131.584,131.848
232.6,92.58,51.758,137.319,92.313,58.39,134.594,141.994,131.622,131.697
232.7,92.646,51.652,137.251,92.313,58.39,134.594,142.056,131.584,131.697
232.8,92.646,51.652,137.285,92.313,58.39,134.594,142.056,131.584,131.735
232.9,92.58,51.758,137.251,92.38,58.39,134.63,141.994,131.622,131.697
233.0,92.513,51.652,137.319,92.38,58.488,134.63,141.994,131.622,131.772
233.1,92.513,51.652,137.216,92.447,58.39,134.594,142.025,131.622,131.66
233.2,92.58,51.652,137.251,92.313,58.39,134.594,141.994,131.547,131.735
233.3,92.58,51.652,137.251,92.38,58.39,134.559,142.025,131.584,131.735
233.4,92.513,51.546,137.285,92.38,58.39,134.63,141.962,131.547,131.697
233.5,92.58,51.546,137.285,92.38,58.587,134.63,142.025,131.622,131.772
233.6,92.58,51.546,137.251,92.313,58.488,134.63,142.025,131.622,131.735
233.7,92.58,51.652,137.319,92.38,58.39,134.63,141.994,131.584,131.735
233.8,92.58,51.758,137.216,92.38,58.488,134.594,142.025,131.584,131.697
233.9,92.58,51.44,137.216,92.313,58.488,134.594,142.025,131.622,131.735
234.0,92.513,51.758,137.251,92.38,58.39,134.666,141.994,131.547,131.735
234.1,92.58,51.546,137.251,92.38,58.488,134.594,142.025,131.697,131.735
234.2,92.513,51.652,137.285,92.447,58.39,134.594,141.994,131.547,131.697
234.3,92.646,51.652,137.285,92.38,58.488,134.594,142.025,131.584,131.697
234.4,92.58,51.652,137.285,92.38,58.291,134.594,142.025,131.584,131.697
234.5,92.58,51.652,137.285,92.313,58.488,134.594,141.962,131.584,131.697
234.6,92.58,51.546,137.285,92.313,58.39,134.594,141.931,131.66,131.66
234.7,92.58,51.652,137.319,92.38,58.39,134.594,142.056,131.584,131.735
234.8,92.58,51.652,137.285,92.38,58.39,134.594,141.994,131.584,131.697
234.9,92.58,51.758,137.319,92.313,58.39,134.63,142.025,131.584,131.697
235.0,92.58,51.758,137.285,92.38,58.39,134.594,142.025,131.622,131.772
235.1,92.646,51.652,137.251,92.38,58.488,134.594,142.025,131.622,131.697
235.2,92.58,51.863,137.285,92.38,58.39,134.594,142.025,131.584,131.772
235.3,92.58,51.652,137.251,92.38,58.39,134.559,141.994,131.584,131.81
235.4,92.58,51.546,137.285,92.38,58.39,134.63,142.056,131.584,131.697
235.5,92.58,51.652,137.353,92.38,58.39,134.702,141.994,131.622,131.772
235.6,92.646,51.546,137.285,92.38,58.291,134.63,142.025,131.547,131.772
235.7,92.58,51.758,137.216,92.38,58.39,134.594,141.994,131.622,131.772
235.8,92.646,51.546,137.251,92.38,58.587,134.594,142.025,131.584,131.772
235.9,92.58,51.546,137.285,92.38,58.39,134.559,142.056,131.584,131.735
236.0,92.58,51.652,137.285,92.313,58.488,134.559,141.994,131.584,131.735
236.1,92.58,51.652,137.285,92.38,58.39,134.559,141.994,131.584,131.772
236.2,92.646,51.546,137.285,92.513,58.39,134.594,141.994,131.622,131.697
236.3,92.646,51.546,137.285,92.313,58.39,134.63,142.025,131.622,131.735
236.4,92.713,51.652,137.285,92.313,58.39,134.594,142.025,131.547,131.735
236.5,92.513,51.546,137.251,92.313,58.39,134.63,141.994,131.584,131.735
236.6,92.646,51.652,137.319,92.38,58.39,134.63,141.994,131.584,131.697
236.7,92.646,51.546,137.285,92.38,58.39,134.594,142.025,131.584,131.735
236.8,92.58,51.758,137.251,92.38,58.488,134.594,142.056,131.584,131.735
236.9,92.513,51.652,137.319,92.38,58.488,134.594,141.994,131.584,131.735
237.0,92.58,51.758,137.319,92.313,58.488,134.594,141.994,131.584,131.735
237.1,92.58,51.546,137.285,92.38,58.39,134.594,142.025,131.584,131.66
237.2,92.58,51.652,137.251,92.38,58.39,134.594,141.994,131.622,131.697
237.3,92.58,51.758,137.251,92.313,58.39,134.63,141.994,131.584,131.622
237.4,92.58,51.546,137.285,92.38,58.39,134.594,141.994,131.622,131.735
237.5,92.58,51.546,137.319,92.38,58.488,134.594,142.025,131.622,131.735
237.6,92.513,51.652,137.319,92.38,58.488,134.594,141.994,131.547,131.697
237.7,92.646,51.652,137.285,92.38,58.488,134.63,142.119,131.584,131.697
237.8,92.58,51.652,137.285,92.38,58.587,134.594,142.025,131.584,131.697
237.9,92.513,51.652,137.251,92.38,58.39,134.594,141.994,131.509,131.735
238.0,92.58,51.758,137.285,92.38,58.192,134.594,141.994,131.584,131.735
238.1,92.58,51.652,137.285,92.313,58.39,134.594,142.119,131.584,131.697
238.2,92.646,51.546,137.251,92.246,58.39,134.559,141.994,131.66,131.697
238.3,92.513,51.652,137.251,92.313,58.587,134.63,141.994,131.584,131.66
238.4,92.58,51.652,137.251,92.313,58.488,134.594,141.994,131.471,131.66
238.5,92.58,51.546,137.285,92.38,58.488,134.594,142.025,131.547,131.697
238.6,92.58,51.758,137.353,92.38,58.39,134.594,141.994,131.584,131.697
238.7,92.58,51.546,137.251,92.313,58.39,134.594,141.931,131.547,131.697
238.8,92.58,51.44,137.285,92.313,58.39,134.594,142.025,131.584,131.66
238.9,92.58,51.546,137.251,92.38,58.39,134.666,142.025,131.584,131.735
239.0,92.58,51.652,137.251,92.246,58.488,134.594,142.025,131.547,131.697
239.1,92.513,51.652,137.251,92.313,58.39,134.594,142.025,131.584,131.697
239.2,92.58,51.652,137.319,92.447,58.39,134.594,141.994,131.584,131.735
239.3,92.58,51.652,137.251,92.313,58.587,134.63,141.962,131.622,131.697
239.4,92.58,51.652,137.251,92.313,58.39,134.559,142.025,131.547,131.772
239.5,92.447,51.652,137.319,92.38,58.291,134.594,141.994,131.547,131.697
239.6,92.58,51.652,137.285,92.313,58.39,134.594,142.025,131.622,131.697
239.7,92.513,51.652,137.251,92.38,58.39,134.594,141.994,131.584,131.697
239.8,92.58,51.546,137.251,92.38,58.488,134.559,141.994,131.622,131.697
239.9,92.58,51.652,137.285,92.313,58.39,134.63,142.025,131.584,131.697
240.0,92.513,51.758,137.285,92.313,58.39,134.594,141.962,131.547,131.66
240.1,92.513,51.652,137.251,92.313,58.39,134.594,142.087,131.584,131.697
240.2,92.646,51.652,137.251,92.38,58.488,134.63,142.025,131.584,131.66
240.3,92.58,51.652,137.285,92.447,58.39,134.594,142.056,131.622,131.697
240.4,92.646,51.652,137.319,92.313,58.39,134.63,141.994,131.584,131.697
240.5,92.513,51.546,137.251,92.447,58.488,134.63,141.994,131.584,131.735
240.6,92.58,51.546,137.216,92.38,58.39,134.594,142.025,131.547,131.735
240.7,92.646,51.546,137.216,92.38,58.39,134.594,142.025,131.622,131.735
240.8,92.58,51.758,137.251,92.246,58.291,134.63,141.994,131.584,131.697
240.9,92.646,51.546,137.285,92.313,58.488,134.594,141.994,131.584,131.697
241.0,92.58,51.652,137.251,92.447,58.39,134.63,141.962,131.584,131.697
241.1,92.58,51.546,137.251,92.38,58.587,134.594,142.025,131.584,131.81
241.2,92.58,51.652,137.285,92.38,58.39,134.63,142.025,131.584,131.735
241.3,92.58,51.546,137.319,92.38,58.39,134.63,141.994,131.622,131.772
241.4,92.513,51.652,137.251,92.38,58.39,134.63,141.994,131.584,131.735
241.5,92.513,51.546,137.251,92.38,58.39,134.63,141.962,131.622,131.66
241.6,92.58,51.546,137.285,92.38,58.587,134.594,141.962,131.547,131.697
241.7,92.58,51.44,137.285,92.313,58.291,134.594,141.994,131.584,131.697
241.8,92.513,51.652,137.285,92.38,58.39,134.594,141.962,131.584,131.735
241.9,92.58,51.652,137.251,92.313,58.39,134.63,142.025,131.584,131.697
242.0,92.58,51.652,137.251,92.38,58.39,134.559,141.994,131.622,131.697
242.1,92.58,51.652,137.251,92.38,58.291,134.559,141.994,131.622,131.697
242.2,92.646,51.758,137.251,92.313,58.39,134.594,141.994,131.584,131.697
242.3,92.513,51.546,137.285,92.313,58.39,134.594,142.025,131.547,131.735
242.4,92.513,51.546,137.251,92.38,58.39,134.559,142.025,131.584,131.735
242.5,92.58,51.652,137.285,92.38,58.39,134.487,141.994,131.547,131.735
242.6,92.58,51.652,137.216,92.313,58.39,134.63,141.994,131.584,131.735
242.7,92.58,51.652,137.285,92.313,58.192,134.594,142.025,131.547,131.697
242.8,92.513,51.652,137.285,92.313,58.39,134.594,142.025,131.622,131.735
242.9,92.58,51.652,137.251,92.313,58.291,134.559,141.994,131.547,131.697
243.0,92.58,51.652,137.285,92.313,58.39,134.594,141.994,131.584,131.697
243.1,92.58,51.546,137.216,92.313,58.39,134.594,142.056,131.547,131.697
243.2,92.58,51.652,137.285,92.38,58.488,134.594,141.994,131.584,131.772
243.3,92.513,51.652,137.251,92.246,58.39,134.594,141.994,131.622,131.697
243.4,92.58,51.546,137.216,92.313,58.39,134.63,141.994,131.547,131.697
243.5,92.58,51.44,137.216,92.38,58.39,134.63,141.994,131.66,131.697
243.6,92.646,51.546,137.285,92.38,58.488,134.594,141.994,131.584,131.735
243.7,92.58,51.44,137.285,92.313,58.39,134.63,142.025,131.547,131.697
243.8,92.58,51.652,137.216,92.179,58.39,134.559,141.994,131.584,131.735
243.9,92.447,51.546,137.285,92.313,58.488,134.594,142.087,131.622,131.697
244.0,92.58,51.652,137.251,92.38,58.39,134.63,142.087,131.584,131.697
244.1,92.513,51.652,137.353,92.313,58.39,134.63,141.994,131.584,131.772
244.2,92.58,51.546,137.285,92.313,58.39,134.594,141.994,131.584,131.697
244.3,92.58,51.546,137.251,92.313,58.39,134.63,141.962,131.622,131.735
244.4,92.513,51.652,137.216,92.313,58.39,134.63,141.994,131.584,131.772
244.5,92.58,51.652,137.285,92.38,58.488,134.594,141.994,131.584,131.697
244.6,92.58,51.546,137.251,92.38,58.39,134.63,142.056,131.547,131.735
244.7,92.58,51.652,137.251,92.313,58.488,134.666,141.994,131.584,131.81
244.8,92.646,51.546,137.285,92.313,58.39,134.63,142.087,131.584,131.697
244.9,92.58,51.652,137.285,92.313,58.39,134.594,141.994,131.584,131.735
245.0,92.58,51.652,137.285,92.38,58.488,134.594,142.025,131.622,131.697
245.1,92.58,51.44,137.251,92.313,58.39,134.63,142.025,131.547,131.735
245.2,92.58,51.44,137.285,92.313,58.39,134.594,141.931,131.584,131.697
245.3,92.646,51.652,137.285,92.313,58.291,134.594,141.962,131.509,131.697
245.4,92.58,51.546,137.421,92.38,58.291,134.594,141.994,131.584,131.735
245.5,92.513,51.546,137.251,92.38,58.39,134.63,142.025,131.584,131.772
245.6,92.513,51.652,137.182,92.38,58.39,134.594,142.025,131.584,131.735
245.7,92.513,51.652,137.251,92.313,58.488,134.594,141.994,131.547,131.735
245.8,92.513,51.652,137.251,92.313,58.39,134.594,142.025,131.509,131.735
245.9,92.646,51.546,137.285,92.313,58.587,134.594,141.899,131.547,131.697
246.0,92.58,51.652,137.319,92.313,58.291,134.594,141.994,131.584,131.697
246.1,92.58,51.652,137.285,92.313,58.39,134.63,141.994,131.584,131.697
246.2,92.646,51.652,137.285,92.38,58.39,134.594,141.962,131.547,131.697
246.3,92.513,51.652,137.251,92.38,58.488,134.594,141.994,131.584,131.772
246.4,92.58,51.652,137.285,92.313,58.39,134.594,142.025,131.622,131.697
246.5,92.513,51.652,137.251,92.313,58.291,134.559,141.931,131.697,131.697
246.6,92.513,51.44,137.285,92.313,58.488,134.63,141.994,131.547,131.735
246.7,92.513,51.546,137.285,92.313,58.39,134.594,141.994,131.547,131.81
246.8,92.513,51.652,137.285,92.313,58.291,134.594,141.994,131.547,131.697
246.9,92.58,51.652,137.251,92.313,58.39,134.523,141.994,131.584,131.772
247.0,92.513,51.652,137.285,92.313,58.39,134.594,142.087,131.622,131.735
247.1,92.58,51.652,137.285,92.313,58.291,134.594,141.994,131.622,131.66
247.2,92.513,51.546,137.251,92.313,58.39,134.594,141.931,131.584,131.697
247.3,92.58,51.652,137.285,92.313,58.39,134.63,141.962,131.547,131.848
247.4,92.58,51.546,137.319,92.313,58.39,134.594,141.962,131.547,131.735
247.5,92.58,51.652,137.285,92.313,58.291,134.594,141.962,131.584,131.697
247.6,92.513,51.652,137.353,92.313,58.39,134.702,141.994,131.584,131.697
247.7,92.447,51.546,137.285,92.38,58.39,134.559,142.025,131.584,131.697
247.8,92.58,51.652,137.251,92.313,58.39,134.594,141.994,131.547,131.735
247.9,92.513,51.652,137.421,92.179,58.39,134.63,141.994,131.622,131.697
248.0,92.513,51.546,137.285,92.313,58.488,134.559,142.056,131.584,131.66
248.1,92.58,51.546,137.251,92.38,58.39,134.594,141.994,131.66,131.735
248.2,92.58,51.652,137.387,92.313,58.39,134.594,142.025,131.547,131.697
248.3,92.513,51.652,137.251,92.313,58.291,134.594,142.056,131.547,131.697
248.4,92.58,51.652,137.285,92.313,58.39,134.594,142.087,131.547,131.735
248.5,92.646,51.546,137.251,92.313,58.39,134.594,141.994,131.584,131.735
248.6,92.58,51.652,137.216,92.313,58.488,134.594,142.025,131.622,131.735
248.7,92.58,51.652,137.319,92.246,58.39,134.594,142.025,131.584,131.697
248.8,92.646,51.546,137.251,92.246,58.39,134.559,142.025,131.584,131.697
248.9,92.58,51.546,137.251,92.38,58.39,134.559,142.025,131.584,131.735
249.0,92.513,51.758,137.319,92.246,58.488,134.594,141.994,131.622,131.735
249.1,92.447,51.652,137.285,92.313,58.39,134.594,142.056,131.547,131.735
249.2,92.646,51.652,137.251,92.313,58.291,134.559,142.025,131.622,131.697
249.3,92.513,51.546,137.251,92.246,58.291,134.559,141.962,131.584,131.735
249.4,92.513,51.546,137.216,92.313,58.488,134.559,141.994,131.584,131.697
249.5,92.447,51.758,137.251,92.313,58.39,134.63,141.994,131.584,131.735
249.6,92.58,51.546,137.251,92.246,58.488,134.523,141.994,131.547,131.697
249.7,92.646,51.546,137.353,92.313,58.291,134.594,142.025,131.584,131.697
249.8,92.513,51.546,137.251,92.313,58.39,134.594,141.962,131.547,131.735
249.9,92.58,51.546,137.251,92.246,58.291,134.594,141.994,131.584,131.735
250.0,92.58,51.546,137.285,92.313,58.39,134.594,142.025,131.584,131.697
250.1,92.513,51.863,137.285,92.313,58.39,134.559,141.994,131.547,131.697
250.2,92.513,51.652,137.285,92.38,58.488,134.63,142.025,131.622,131.697
250.3,92.58,51.546,137.319,92.447,58.291,134.559,142.056,131.622,131.81
250.4,92.58,51.546,137.285,92.313,58.39,134.594,142.025,131.584,131.697
250.5,92.513,51.652,137.353,92.313,58.39,134.594,142.056,131.584,131.697
250.6,92.58,51.652,137.251,92.246,58.39,134.63,142.025,131.547,131.697
250.7,92.58,51.652,137.285,92.38,58.587,134.594,141.931,131.622,131.735
250.8,92.513,51.546,137.285,92.313,58.291,134.666,142.025,131.622,131.697
250.9,92.58,51.546,137.251,92.38,58.291,134.63,142.025,131.584,131.697
251.0,92.58,51.546,137.285,92.38,58.39,134.63,141.994,131.584,131.66
251.1,92.58,51.44,137.285,92.313,58.39,134.666,141.994,131.547,131.735
251.2,92.646,51.652,137.319,92.313,58.39,134.594,141.962,131.584,131.697
251.3,92.58,51.652,137.216,92.313,58.488,134.523,141.931,131.584,131.735
251.4,92.58,51.652,137.319,92.313,58.39,134.559,142.025,131.622,131.735
251.5,92.58,51.546,137.251,92.313,58.39,134.594,142.025,131.547,131.697
251.6,92.513,51.652,137.251,92.246,58.488,134.594,142.025,131.622,131.697
251.7,92.58,51.652,137.285,92.313,58.39,134.63,142.025,131.584,131.697
251.8,92.58,51.652,137.285,92.313,58.39,134.63,142.025,131.547,131.735
251.9,92.513,51.758,137.285,92.313,58.39,134.594,142.025,131.584,131.735
252.0,92.58,51.652,137.285,92.313,58.488,134.594,142.025,131.584,131.697
252.1,92.513,51.652,137.285,92.313,58.488,134.666,142.025,131.547,131.697
252.2,92.58,51.758,137.216,92.313,58.39,134.594,142.056,131.584,131.772
252.3,92.58,51.546,137.285,92.313,58.39,134.594,142.025,131.622,131.697
252.4,92.513,51.652,137.251,92.246,58.39,134.63,142.119,131.584,131.697
252.5,92.513,51.546,137.251,92.38,58.488,134.594,141.962,131.547,131.697
252.6,92.58,51.652,137.251,92.313,58.291,134.594,142.056,131.584,131.697
252.7,92.513,51.652,137.285,92.313,58.39,134.594,142.056,131.584,131.735
252.8,92.513,51.546,137.285,92.38,58.39,134.63,141.994,131.584,131.735
252.9,92.513,51.652,137.319,92.246,58.488,134.594,141.994,131.622,131.735
253.0,92.58,51.546,137.216,92.447,58.39,134.63,142.119,131.622,131.735
253.1,92.58,51.652,137.251,92.313,58.39,134.594,142.056,131.584,131.697
253.2,92.447,51.652,137.216,92.313,58.39,134.63,141.994,131.584,131.697
253.3,92.58,51.652,137.251,92.313,58.39,134.594,142.025,131.584,131.697
253.4,92.646,51.652,137.285,92.38,58.488,134.594,142.056,131.547,131.735
253.5,92.513,51.652,137.319,92.313,58.291,134.63,142.025,131.584,131.697
253.6,92.58,51.652,137.251,92.513,58.488,134.594,141.994,131.584,131.697
253.7,92.58,51.758,137.251,92.313,58.39,134.594,141.994,131.584,131.697
253.8,92.58,51.546,137.251,92.38,58.488,134.594,141.994,131.584,131.697
253.9,92.58,51.652,137.285,92.246,58.39,134.666,142.025,131.622,131.735
254.0,92.447,51.758,137.319,92.313,58.39,134.594,141.994,131.584,131.66
254.1,92.58,51.652,137.285,92.38,58.291,134.594,141.994,131.547,131.697
254.2,92.513,51.652,137.285,92.246,58.39,134.594,142.025,131.584,131.735
254.3,92.58,51.546,137.319,92.313,58.39,134.594,141.994,131.584,131.772
254.4,92.513,51.652,137.285,92.313,58.39,134.559,141.994,131.584,131.697
254.5,92.58,51.652,137.285,92.38,58.39,134.594,142.025,131.547,131.66
254.6,92.513,51.546,137.251,92.313,58.39,134.63,141.994,131.584,131.735
254.7,92.58,51.652,137.251,92.38,58.587,134.666,142.025,131.547,131.772
254.8,92.58,51.546,137.251,92.313,58.39,134.666,142.025,131.584,131.66
254.9,92.513,51.652,137.285,92.313,58.39,134.559,141.994,131.622,131.66
255.0,92.513,51.652,137.285,92.313,58.291,134.559,141.994,131.584,131.735
255.1,92.513,51.652,137.285,92.313,58.291,134.559,142.025,131.622,131.697
255.2,92.58,51.652,137.251,92.38,58.39,134.594,141.994,131.622,131.735
255.3,92.58,51.652,137.285,92.313,58.39,134.594,141.994,131.584,131.735
255.4,92.58,51.652,137.251,92.313,58.39,134.702,141.994,131.622,131.735
255.5,92.513,51.546,137.285,92.313,58.39,134.594,141.994,131.622,131.697
255.6,92.447,51.652,137.285,92.313,58.39,134.559,142.025,131.547,131.697
255.7,92.447,51.652,137.285,92.313,58.488,134.594,142.025,131.547,131.697
255.8,92.513,51.546,137.285,92.313,58.39,134.594,141.962,131.584,131.697
255.9,92.58,51.546,137.353,92.313,58.39,134.559,141.994,131.584,131.697
256.0,92.58,51.652,137.319,92.38,58.39,134.559,142.025,131.584,131.735
256.1,92.58,51.652,137.251,92.447,58.39,134.594,141.994,131.547,131.697
256.2,92.513,51.546,137.251,92.313,58.488,134.559,142.025,131.584,131.697
256.3,92.513,51.652,137.319,92.38,58.39,134.63,142.087,131.584,131.697
256.4,92.513,51.652,137.251,92.313,58.488,134.559,142.025,131.584,131.735
256.5,92.513,51.652,137.251,92.246,58.39,134.559,142.025,131.622,131.697
256.6,92.513,51.546,137.251,92.179,58.291,134.559,141.994,131.547,131.697
256.7,92.513,51.546,137.285,92.38,58.291,134.63,142.025,131.584,131.697
256.8,92.513,51.546,137.251,92.246,58.39,134.559,141.994,131.547,131.66
256.9,92.447,51.652,137.319,92.246,58.488,134.559,142.025,131.584,131.772
257.0,92.513,51.652,137.251,92.313,58.488,134.594,141.994,131.547,131.697
257.1,92.447,51.652,137.285,92.246,58.291,134.559,141.994,131.584,131.697
257.2,92.513,51.546,137.285,92.313,58.488,134.63,142.025,131.547,131.697
257.3,92.513,51.44,137.251,92.246,58.39,134.702,141.994,131.584,131.772
257.4,92.447,51.652,137.285,92.246,58.39,134.63,142.056,131.547,131.697
257.5,92.58,51.758,137.319,92.313,58.291,134.63,141.962,131.584,131.697
257.6,92.513,51.546,137.251,92.246,58.587,134.594,142.025,131.509,131.697
257.7,92.58,51.546,137.285,92.246,58.192,134.594,142.025,131.547,131.66
257.8,92.58,51.652,137.285,92.313,58.39,134.63,142.025,131.622,131.697
257.9,92.513,51.652,137.285,92.313,58.39,134.63,141.994,131.584,131.772
258.0,92.513,51.652,137.285,92.313,58.39,134.594,141.994,131.547,131.735
258.1,92.447,51.652,137.285,92.313,58.39,134.559,141.962,131.547,131.697
258.2,92.447,51.652,137.285,92.246,58.39,134.594,142.025,131.547,131.735
258.3,92.447,51.652,137.251,92.313,58.39,134.594,141.962,131.622,131.697
258.4,92.58,51.546,137.285,92.313,58.39,134.559,142.025,131.622,131.772
258.5,92.646,51.652,137.285,92.246,58.39,134.559,141.994,131.584,131.697
258.6,92.513,51.652,137.285,92.313,58.39,134.559,141.994,131.622,131.66
258.7,92.513,51.652,137.251,92.313,58.39,134.559,142.056,131.547,131.735
258.8,92.513,51.546,137.251,92.246,58.39,134.666,141.994,131.547,131.697
258.9,92.179,51.546,137.285,92.179,58.488,134.559,142.056,131.66,131.697
259.0,92.513,51.652,137.319,92.246,58.488,134.594,141.962,131.547,131.735
259.1,92.513,51.652,137.285,92.313,58.39,134.523,141.994,131.584,131.697
259.2,92.513,51.652,137.285,92.246,58.39,134.594,141.994,131.584,131.697
259.3,92.447,51.652,137.251,92.313,58.39,134.559,141.994,131.584,131.697
259.4,92.58,51.546,137.216,92.246,58.488,134.594,142.025,131.584,131.697
259.5,92.58,51.546,137.251,92.313,58.39,134.559,141.962,131.584,131.735
259.6,92.447,51.652,137.285,92.313,58.39,134.63,141.994,131.584,131.735
259.7,92.58,51.546,137.319,92.246,58.39,134.559,142.025,131.547,131.735
259.8,92.513,51.652,137.216,92.313,58.39,134.666,141.994,131.547,131.735
259.9,92.58,51.652,137.285,92.313,58.39,134.594,142.056,131.622,131.772
260.0,92.447,51.652,137.251,92.246,58.488,134.559,142.025,131.584,131.697
260.1,92.447,51.546,137.319,92.313,58.39,134.594,141.994,131.584,131.697
260.2,92.447,51.546,137.285,92.246,58.39,134.523,141.962,131.584,131.735
260.3,92.447,51.546,137.285,92.246,58.39,134.594,141.994,131.547,131.697
260.4,92.58,51.44,137.251,92.246,58.39,134.594,142.025,131.584,131.697
260.5,92.513,51.546,137.285,92.246,58.39,134.559,141.931,131.584,131.697
260.6,92.513,51.652,137.285,92.179,58.39,134.594,141.994,131.584,131.735
260.7,92.513,51.652,137.251,92.313,58.39,134.594,141.994,131.622,131.772
260.8,92.513,51.546,137.285,92.179,58.39,134.559,142.025,131.66,131.735
260.9,92.513,51.758,137.285,92.313,58.39,134.63,141.994,131.584,131.697
261.0,92.447,51.44,137.387,92.179,58.488,134.594,141.994,131.584,131.697
261.1,92.513,51.546,137.251,92.246,58.291,134.594,141.994,131.547,131.697
261.2,92.513,51.546,137.251,92.313,58.488,134.594,142.025,131.584,131.697
261.3,92.513,51.546,137.251,92.38,58.488,134.594,141.994,131.547,131.697
261.4,92.58,51.546,137.182,92.246,58.488,134.594,142.025,131.584,131.735
261.5,92.513,51.546,137.319,92.179,58.291,134.594,141.994,131.622,131.697
261.6,92.58,51.652,137.251,92.313,58.488,134.594,141.994,131.547,131.735
261.7,92.513,51.652,137.216,92.313,58.39,134.559,141.994,131.584,131.66
261.8,92.447,51.758,137.285,92.313,58.291,134.594,141.994,131.622,131.735
261.9,92.513,51.652,137.251,92.313,58.488,134.594,141.962,131.547,131.697
262.0,92.513,51.546,137.251,92.313,58.39,134.559,142.025,131.547,131.81
262.1,92.58,51.546,137.285,92.246,58.488,134.594,141.962,131.547,131.735
262.2,92.447,51.652,137.251,92.246,58.488,134.559,142.056,131.622,131.697
262.3,92.513,51.652,137.216,92.246,58.488,134.594,142.025,131.584,131.772
262.4,92.513,51.546,137.319,92.313,58.39,134.559,141.994,131.622,131.81
262.5,92.513,51.546,137.285,92.313,58.39,134.666,141.994,131.547,131.697
262.6,92.58,51.758,137.285,92.246,58.488,134.594,141.994,131.584,131.772
262.7,92.58,51.652,137.285,92.313,58.291,134.594,141.962,131.584,131.772
262.8,92.58,51.652,137.319,92.246,58.488,134.63,142.056,131.622,131.697
262.9,92.513,51.546,137.285,92.313,58.488,134.63,141.994,131.584,131.66
263.0,92.513,51.546,137.251,92.313,58.39,134.63,141.994,131.622,131.81
263.1,92.447,51.652,137.251,92.38,58.587,134.559,142.025,131.622,131.697
263.2,92.513,51.652,137.216,92.246,58.39,134.594,141.994,131.584,131.697
263.3,92.447,51.652,137.353,92.246,58.39,134.594,141.962,131.547,131.697
263.4,92.447,51.652,137.285,92.313,58.488,134.737,141.994,131.622,131.697
263.5,92.447,51.652,137.251,92.313,58.39,134.594,142.056,131.622,131.735
263.6,92.447,51.546,137.285,92.179,58.39,134.559,142.025,131.584,131.697
263.7,92.513,51.652,137.285,92.246,58.39,134.594,141.962,131.584,131.697
263.8,92.447,51.652,137.319,92.246,58.39,134.666,142.056,131.547,131.81
263.9,92.513,51.652,137.251,92.179,58.488,134.594,141.994,131.66,131.772
264.0,92.513,51.758,137.387,92.246,58.39,134.63,142.025,131.584,131.697
264.1,92.58,51.652,137.285,92.246,58.39,134.63,142.087,131.584,131.772
264.2,92.513,51.652,137.285,92.246,58.39,134.559,141.994,131.547,131.697
264.3,92.447,51.546,137.251,92.313,58.39,134.594,141.994,131.622,131.697
264.4,92.58,51.652,137.285,92.246,58.39,134.594,141.994,131.584,131.772
264.5,92.447,51.652,137.251,92.246,58.488,134.63,142.025,131.584,131.697
264.6,92.513,51.652,137.285,92.246,58.587,134.559,141.994,131.584,131.735
264.7,92.646,51.758,137.319,92.246,58.488,134.559,141.994,131.547,131.772
264.8,92.447,51.652,137.285,92.246,58.39,134.63,142.025,131.547,131.66
264.9,92.513,51.652,137.285,92.246,58.39,134.63,142.025,131.622,131.697
265.0,92.513,51.652,137.251,92.246,58.488,134.594,142.056,131.584,131.735
265.1,92.513,51.652,137.285,92.313,58.488,134.594,142.025,131.584,131.697
265.2,92.447,51.652,137.251,92.313,58.39,134.63,141.994,131.584,131.735
265.3,92.513,51.652,137.319,92.246,58.39,134.63,141.994,131.547,131.772
265.4,92.447,51.546,137.285,92.313,58.488,134.594,142.119,131.547,131.697
265.5,92.447,51.546,137.285,92.246,58.488,134.594,141.994,131.547,131.735
265.6,92.513,51.652,137.251,92.313,58.39,134.666,142.025,131.622,131.697
265.7,92.513,51.546,137.285,92.246,58.39,134.559,141.994,131.584,131.735
265.8,92.513,51.758,137.285,92.313,58.39,134.559,141.994,131.547,131.735
265.9,92.447,51.652,137.285,92.246,58.39,134.559,142.056,131.584,131.735
266.0,92.447,51.44,137.251,92.313,58.39,134.594,141.994,131.622,131.697
266.1,92.58,51.652,137.285,92.313,58.587,134.594,142.056,131.622,131.772
266.2,92.513,51.758,137.251,92.246,58.39,134.63,141.994,131.547,131.697
266.3,92.513,51.652,137.285,92.246,58.39,134.559,141.994,131.584,131.735
266.4,92.513,51.652,137.251,92.313,58.488,134.594,142.025,131.547,131.697
266.5,92.513,51.652,137.251,92.246,58.488,134.594,141.994,131.584,131.697
266.6,92.447,51.652,137.251,92.313,58.39,134.666,141.994,131.622,131.735
266.7,92.513,51.546,137.285,92.313,58.488,134.63,141.994,131.584,131.735
266.8,92.513,51.652,137.251,92.246,58.488,134.594,141.994,131.622,131.81
266.9,92.513,51.546,137.285,92.313,58.39,134.594,141.962,131.584,131.735
267.0,92.513,51.546,137.285,92.313,58.488,134.63,141.994,131.584,131.697
267.1,92.513,51.546,137.216,92.313,58.39,134.559,141.994,131.547,131.772
267.2,92.447,51.652,137.216,92.313,58.39,134.737,141.962,131.547,131.622
267.3,92.513,51.652,137.285,92.246,58.488,134.63,142.025,131.584,131.697
267.4,92.513,51.652,137.216,92.246,58.39,134.594,142.087,131.622,131.697
267.5,92.513,51.546,137.251,92.313,58.39,134.666,142.056,131.547,131.735
267.6,92.513,51.652,137.319,92.246,58.488,134.559,141.994,131.584,131.697
267.7,92.447,51.652,137.251,92.246,58.39,134.594,141.994,131.66,131.735
267.8,92.58,51.652,137.251,92.246,58.488,134.594,142.025,131.584,131.697
267.9,92.447,51.652,137.251,92.246,58.39,134.559,142.025,131.584,131.697
268.0,92.447,51.652,137.319,92.313,58.488,134.594,141.994,131.622,131.697
268.1,92.447,51.652,137.216,92.246,58.488,134.666,142.025,131.584,131.697
268.2,92.58,51.652,137.285,92.246,58.488,134.63,141.994,131.547,131.735
268.3,92.513,51.546,137.285,92.38,58.39,134.559,142.025,131.547,131.697
268.4,92.513,51.652,137.285,92.313,58.39,134.63,141.994,131.584,131.622
268.5,92.513,51.652,137.216,92.179,58.39,134.594,142.056,131.584,131.735
268.6,92.646,51.652,137.251,92.246,58.39,134.594,141.962,131.547,131.697
268.7,92.447,51.546,137.285,92.313,58.488,134.594,141.994,131.584,131.697
268.8,92.513,51.652,137.285,92.246,58.39,134.594,141.994,131.584,131.697
268.9,92.447,51.652,137.285,92.246,58.39,134.487,141.994,131.584,131.697
269.0,92.513,51.546,137.285,92.179,58.488,134.594,142.025,131.547,131.697
269.1,92.447,51.758,137.251,92.313,58.488,134.594,142.025,131.584,131.697
269.2,92.447,51.652,137.285,92.246,58.39,134.594,142.056,131.622,131.697
269.3,92.513,51.652,137.08,92.313,58.39,134.559,141.994,131.547,131.697
269.4,92.513,51.652,137.319,92.179,58.488,134.594,141.994,131.584,131.697
269.5,92.646,51.652,137.285,92.246,58.39,134.63,141.994,131.622,131.66
269.6,92.513,51.546,137.251,92.313,58.39,134.559,141.994,131.584,131.697
269.7,92.58,51.652,137.319,92.246,58.488,134.594,141.994,131.622,131.697
269.8,92.513,51.652,137.251,92.246,58.39,134.63,142.025,131.584,131.697
269.9,92.447,51.652,137.319,92.313,58.488,134.559,141.994,131.584,131.697
270.0,92.513,51.652,137.251,92.313,58.488,134.594,142.025,131.584,131.697
270.1,92.513,51.758,137.285,92.246,58.39,134.594,141.962,131.584,131.735
270.2,92.447,51.652,137.319,92.246,58.39,134.63,141.994,131.622,131.697
270.3,92.447,51.652,137.251,92.246,58.488,134.594,142.025,131.66,131.697
270.4,92.513,51.652,137.285,92.313,58.39,134.559,141.994,131.547,131.735
270.5,92.513,51.758,137.216,92.246,58.587,134.594,142.025,131.547,131.735
270.6,92.447,51.652,137.285,92.313,58.488,134.594,141.994,131.622,131.772
270.7,92.513,51.652,137.285,92.313,58.587,134.523,141.994,131.547,131.697
270.8,92.513,51.652,137.319,92.38,58.488,134.559,141.994,131.584,131.735
270.9,92.513,51.652,137.216,92.246,58.488,134.594,142.056,131.509,131.66
271.0,92.447,51.652,137.285,92.246,58.488,134.594,141.994,131.584,131.735
271.1,92.447,51.652,137.285,92.246,58.39,134.594,142.025,131.471,131.735
271.2,92.513,51.652,137.319,92.246,58.39,134.594,142.056,131.584,131.772
271.3,92.513,51.652,137.251,92.246,58.488,134.559,141.994,131.622,131.697
271.4,92.447,51.546,137.285,92.246,58.39,134.559,141.994,131.547,131.697
271.5,92.513,51.758,137.251,92.246,58.39,134.559,141.994,131.584,131.622
271.6,92.513,51.652,137.251,92.179,58.488,134.594,142.025,131.547,131.697
271.7,92.447,51.652,137.251,92.179,58.488,134.594,141.994,131.547,131.697
271.8,92.447,51.652,137.251,92.313,58.39,134.559,141.994,131.584,131.772
271.9,92.447,51.758,137.319,92.246,58.488,134.594,141.994,131.584,131.697
272.0,92.447,51.652,137.251,92.179,58.488,134.594,141.994,131.584,131.697
272.1,92.447,51.758,137.285,92.313,58.488,134.594,141.994,131.622,131.772
272.2,92.38,51.652,137.251,92.246,58.488,134.559,141.962,131.622,131.697
272.3,92.447,51.546,137.251,92.246,58.488,134.594,142.025,131.584,131.735
272.4,92.58,51.758,137.148,92.246,58.39,134.594,142.025,131.547,131.735
272.5,92.58,51.546,137.285,92.246,58.488,134.594,141.994,131.584,131.697
272.6,92.447,51.758,137.251,92.246,58.291,134.63,142.087,131.584,131.697
272.7,92.513,51.652,137.285,92.313,58.39,134.594,142.025,131.584,131.584
272.8,92.447,51.652,137.251,92.179,58.39,134.594,141.962,131.547,131.697
272.9,92.513,51.652,137.285,92.246,58.488,134.63,142.025,131.584,131.735
273.0,92.447,51.44,137.319,92.246,58.488,134.559,141.994,131.584,131.697
273.1,92.447,51.546,137.216,92.313,58.39,134.594,141.994,131.622,131.697
273.2,92.513,51.652,137.285,92.179,58.39,134.594,142.025,131.547,131.697
273.3,92.513,51.652,137.319,92.246,58.39,134.594,141.994,131.584,131.697
273.4,92.447,51.546,137.251,92.179,58.488,134.594,141.994,131.547,131.735
273.5,92.447,51.652,137.251,92.246,58.488,134.594,141.994,131.584,131.735
273.6,92.447,51.546,137.216,92.179,58.39,134.594,141.994,131.584,131.697
273.7,92.38,51.652,137.251,92.313,58.39,134.594,141.994,131.547,131.697
273.8,92.513,51.546,137.251,92.246,58.488,134.594,141.994,131.547,131.66
273.9,92.447,51.652,137.285,92.246,58.488,134.594,141.994,131.547,131.66
274.0,92.513,51.652,137.251,92.246,58.39,134.559,142.025,131.471,131.697
274.1,92.447,51.652,137.251,92.246,58.488,134.594,142.025,131.584,131.697
274.2,92.38,51.652,137.285,92.246,58.488,134.594,141.994,131.547,131.735
274.3,92.447,51.652,137.251,92.313,58.39,134.559,141.994,131.547,131.735
274.4,92.513,51.652,137.285,92.179,58.39,134.63,141.994,131.584,131.66
274.5,92.58,51.652,137.285,92.246,58.488,134.594,141.962,131.547,131.735
274.6,92.513,51.546,137.251,92.313,58.291,134.594,141.994,131.547,131.697
274.7,92.447,51.652,137.319,92.246,58.488,134.63,141.994,131.622,131.697
274.8,92.513,51.652,137.251,92.38,58.39,134.559,141.994,131.584,131.735
274.9,92.513,51.652,137.251,92.313,58.39,134.594,141.994,131.547,131.735
275.0,92.513,51.652,137.251,92.246,58.488,134.63,142.025,131.547,131.697
275.1,92.447,51.758,137.319,92.246,58.488,134.559,142.025,131.547,131.66
275.2,92.447,51.652,137.251,92.313,58.488,134.594,142.025,131.584,131.697
275.3,92.513,51.652,137.319,92.246,58.291,134.594,142.056,131.622,131.66
275.4,92.447,51.652,137.251,92.246,58.39,134.594,142.025,131.547,131.697
275.5,92.513,51.546,137.285,92.246,58.488,134.594,141.994,131.547,131.66
275.6,92.447,51.652,137.285,92.179,58.39,134.63,141.994,131.547,131.697
275.7,92.447,51.758,137.216,92.246,58.488,134.63,141.931,131.547,131.697
275.8,92.447,51.652,137.216,92.179,58.488,134.559,141.994,131.584,131.697
275.9,92.447,51.546,137.251,92.246,58.39,134.594,142.056,131.622,131.66
276.0,92.513,51.758,137.285,92.246,58.39,134.559,141.994,131.584,131.697
276.1,92.38,51.758,137.285,92.313,58.39,134.594,141.962,131.584,131.772
276.2,92.513,51.546,137.216,92.179,58.39,134.594,141.994,131.622,131.697
276.3,92.447,51.758,137.251,92.246,58.488,134.666,141.994,131.547,131.697
276.4,92.447,51.652,137.251,92.313,58.488,134.594,141.994,131.547,131.697
276.5,92.447,51.652,137.251,92.246,58.39,134.559,142.025,131.584,131.735
276.6,92.513,51.546,137.251,92.246,58.587,134.594,141.994,131.584,131.697
276.7,92.513,51.652,137.251,92.246,58.39,134.63,141.994,131.622,131.735
276.8,92.513,51.652,137.285,92.246,58.39,134.594,142.056,131.622,131.66
276.9,92.513,51.652,137.216,92.313,58.488,134.63,142.025,131.584,131.697
277.0,92.513,51.652,137.251,92.246,58.488,134.594,141.962,131.622,131.735
277.1,92.513,51.652,137.251,92.246,58.587,134.594,142.056,131.622,131.735
277.2,92.447,51.652,137.353,92.313,58.587,134.594,142.025,131.622,131.735
277.3,92.38,51.652,137.353,92.112,58.488,134.594,141.994,131.584,131.697
277.4,92.447,51.546,137.216,92.246,58.587,134.594,142.025,131.584,131.735
277.5,92.38,51.652,137.285,92.246,58.488,134.594,141.994,131.584,131.735
277.6,92.447,51.652,137.319,92.246,58.488,134.63,142.025,131.584,131.697
277.7,92.38,51.652,137.251,92.246,58.39,134.594,141.994,131.622,131.697
277.8,92.447,51.652,137.251,92.246,58.488,134.63,141.994,131.584,131.735
277.9,92.447,51.758,137.353,92.179,58.39,134.594,141.994,131.622,131.697
278.0,92.447,51.652,137.216,92.246,58.488,134.559,142.025,131.622,131.697
278.1,92.38,51.652,137.216,92.246,58.587,134.63,142.025,131.509,131.697
278.2,92.447,51.652,137.285,92.246,58.39,134.594,141.962,131.547,131.66
278.3,92.447,51.652,137.285,92.313,58.488,134.594,142.056,131.584,131.697
278.4,92.447,51.652,137.251,92.246,58.39,134.594,142.119,131.622,131.697
278.5,92.447,51.546,137.251,92.179,58.39,134.63,141.962,131.622,131.772
278.6,92.447,51.652,137.216,92.112,58.39,134.702,142.025,131.547,131.735
278.7,92.447,51.758,137.285,92.246,58.39,134.594,141.994,131.584,131.697
278.8,92.447,51.652,137.251,92.179,58.488,134.559,141.931,131.584,131.697
278.9,92.447,51.652,137.319,92.246,58.488,134.559,141.994,131.622,131.697
279.0,92.513,51.652,137.285,92.246,58.488,134.594,141.994,131.547,131.735
279.1,92.447,51.652,137.285,92.246,58.488,134.63,142.025,131.622,131.772
279.2,92.447,51.652,137.285,92.246,58.587,134.594,141.962,131.584,131.735
279.3,92.513,51.758,137.285,92.246,58.39,134.63,141.994,131.584,131.697
279.4,92.513,51.652,137.216,92.246,58.39,134.594,142.025,131.584,131.697
279.5,92.513,51.652,137.285,92.179,58.39,134.594,141.994,131.547,131.697
279.6,92.447,51.546,137.251,92.246,58.488,134.559,141.962,131.584,131.735
279.7,92.38,51.652,137.285,92.246,58.39,134.594,142.025,131.697,131.697
279.8,92.513,51.758,137.251,92.246,58.488,134.63,142.025,131.584,131.81
279.9,92.513,51.758,137.251,92.179,58.488,134.559,142.025,131.547,131.735
280.0,92.447,51.652,137.251,92.246,58.488,134.594,141.962,131.547,131.697
280.1,92.513,51.652,137.285,92.313,58.39,134.594,141.994,131.584,131.697
280.2,92.447,51.652,137.251,92.246,58.39,134.594,141.994,131.509,131.697
280.3,92.38,51.652,137.251,92.246,58.488,134.63,141.994,131.584,131.735
280.4,92.513,51.758,137.251,92.38,58.488,134.63,141.994,131.547,131.697
280.5,92.447,51.758,137.285,92.179,58.488,134.559,142.025,131.584,131.697
280.6,92.447,51.652,137.285,92.246,58.39,134.63,141.994,131.547,131.735
280.7,92.38,51.546,137.251,92.246,58.488,134.559,141.994,131.584,131.735
280.8,92.447,51.652,137.251,92.246,58.39,134.594,142.025,131.584,131.735
280.9,92.646,51.546,137.319,92.246,58.39,134.594,142.025,131.509,131.772
281.0,92.513,51.546,137.251,92.246,58.39,134.594,141.994,131.547,131.735
281.1,92.447,51.652,137.216,92.246,58.39,134.594,141.994,131.584,131.697
281.2,92.447,51.652,137.182,92.246,58.488,134.559,141.994,131.547,131.735
281.3,92.447,51.652,137.251,92.246,58.587,134.63,142.025,131.547,131.66
281.4,92.513,51.758,137.285,92.246,58.488,134.594,141.994,131.584,131.66
281.5,92.513,51.652,137.251,92.246,58.488,134.594,141.994,131.584,131.772
281.6,92.447,51.546,137.251,92.179,58.39,134.594,141.994,131.547,131.772
281.7,92.447,51.652,137.251,92.179,58.488,134.594,142.025,131.547,131.66
281.8,92.447,51.44,137.251,92.179,58.488,134.559,141.994,131.584,131.735
281.9,92.447,51.546,137.251,92.179,58.39,134.63,141.994,131.622,131.697
282.0,92.513,51.652,137.285,92.246,58.488,134.594,141.994,131.547,131.697
282.1,92.447,51.652,137.251,92.38,58.39,134.63,141.962,131.471,131.697
282.2,92.447,51.652,137.251,92.179,58.39,134.559,142.025,131.547,131.697
282.3,92.447,51.652,137.285,92.246,58.39,134.63,141.994,131.547,131.697
282.4,92.447,51.652,137.285,92.246,58.39,134.594,142.025,131.584,131.697
282.5,92.38,51.652,137.285,92.179,58.39,134.594,141.994,131.584,131.697
282.6,92.447,51.652,137.251,92.313,58.488,134.63,141.994,131.584,131.697
282.7,92.447,51.652,137.285,92.179,58.39,134.63,142.025,131.584,131.697
282.8,92.447,51.652,137.216,92.179,58.488,134.594,142.025,131.547,131.697
282.9,92.513,51.652,137.251,92.246,58.39,134.594,142.056,131.584,131.697
283.0,92.447,51.652,137.285,92.313,58.39,134.594,142.025,131.584,131.772
283.1,92.447,51.652,137.251,92.246,58.488,134.594,141.994,131.547,131.697
283.2,92.447,51.652,137.285,92.179,58.587,134.594,142.025,131.622,131.735
283.3,92.38,51.546,137.251,92.313,58.488,134.594,141.994,131.622,131.697
283.4,92.38,51.652,137.319,92.246,58.488,134.594,142.025,131.584,131.735
283.5,92.447,51.652,137.251,92.246,58.39,134.63,141.994,131.547,131.735
283.6,92.447,51.652,137.285,92.246,58.39,134.594,142.025,131.509,131.697
283.7,92.447,51.652,137.319,92.246,58.39,134.594,141.994,131.622,131.697
283.8,92.447,51.546,137.353,92.112,58.488,134.559,141.994,131.547,131.735
283.9,92.447,51.546,137.216,92.179,58.488,134.594,142.025,131.547,131.697
284.0,92.38,51.652,137.285,92.246,58.39,134.594,142.119,131.584,131.697
284.1,92.447,51.652,137.285,92.179,58.488,134.559,141.994,131.584,131.697
284.2,92.447,51.652,137.251,92.179,58.488,134.63,141.994,131.584,131.697
284.3,92.38,51.652,137.251,92.246,58.488,134.666,142.056,131.547,131.735
284.4,92.447,51.758,137.216,92.246,58.39,134.63,141.994,131.547,131.697
284.5,92.447,51.652,137.285,92.179,58.488,134.594,141.994,131.547,131.772
284.6,92.38,51.652,137.285,92.246,58.488,134.63,141.994,131.547,131.697
284.7,92.447,51.652,137.319,92.179,58.39,134.594,141.962,131.547,131.735
284.8,92.58,51.758,137.251,92.179,58.39,134.594,141.994,131.547,131.697
284.9,92.58,51.652,137.251,92.246,58.488,134.594,141.994,131.509,131.697
285.0,92.447,51.652,137.319,92.246,58.488,134.63,141.962,131.622,131.735
285.1,92.513,51.546,137.285,92.246,58.488,134.594,142.025,131.584,131.697
285.2,92.447,51.652,137.251,92.179,58.488,134.594,142.056,131.584,131.772
285.3,92.513,51.652,137.285,92.246,58.39,134.594,142.025,131.622,131.66
285.4,92.447,51.652,137.353,92.179,58.39,134.594,141.994,131.547,131.66
285.5,92.38,51.652,137.251,92.246,58.488,134.594,141.962,131.584,131.66
285.6,92.38,51.652,137.251,92.246,58.488,134.594,141.962,131.622,131.697
285.7,92.447,51.546,137.319,92.179,58.488,134.559,141.962,131.622,131.66
285.8,92.447,51.652,137.251,92.246,58.39,134.63,141.994,131.509,131.697
285.9,92.513,51.652,137.251,92.246,58.39,134.594,141.994,131.622,131.735
286.0,92.447,51.652,137.251,92.179,58.488,134.594,142.025,131.584,131.697
286.1,92.447,51.758,137.251,92.246,58.488,134.63,141.994,131.584,131.772
286.2,92.447,51.652,137.251,92.179,58.39,134.63,141.994,131.622,131.697
286.3,92.447,51.758,137.216,92.246,58.488,134.594,142.025,131.622,131.66
286.4,92.513,51.652,137.251,92.246,58.39,134.63,141.994,131.622,131.697
286.5,92.447,51.652,137.285,92.246,58.39,134.63,141.994,131.622,131.697
286.6,92.447,51.652,137.285,92.179,58.587,134.63,141.994,131.622,131.697
286.7,92.447,51.652,137.285,92.179,58.488,134.594,142.025,131.547,131.697
286.8,92.447,51.652,137.182,92.246,58.39,134.594,141.962,131.584,131.697
286.9,92.447,51.652,137.251,92.246,58.39,134.594,141.994,131.547,131.66
287.0,92.38,51.652,137.285,92.246,58.488,134.559,141.994,131.547,131.66
287.1,92.38,51.652,137.285,92.179,58.488,134.63,141.994,131.584,131.735
287.2,92.38,51.652,137.251,92.179,58.39,134.594,141.994,131.66,131.697
287.3,92.38,51.758,137.251,92.246,58.39,134.594,141.994,131.622,131.697
287.4,92.513,51.652,137.182,92.179,58.488,134.63,142.025,131.547,131.735
287.5,92.513,51.652,137.251,92.112,58.488,134.594,142.056,131.547,131.697
287.6,92.447,51.758,137.251,92.313,58.488,134.559,141.994,131.547,131.735
287.7,92.38,51.652,137.285,92.246,58.39,134.594,141.994,131.547,131.66
287.8,92.38,51.652,137.182,92.179,58.39,134.666,141.994,131.584,131.584
287.9,92.38,51.652,137.285,92.246,58.488,134.594,142.025,131.622,131.735
288.0,92.38,51.652,137.285,92.246,58.488,134.559,142.056,131.509,131.697
288.1,92.447,51.546,137.251,92.179,58.488,134.594,142.025,131.584,131.697
288.2,92.447,51.546,137.251,92.179,58.39,134.559,141.994,131.547,131.697
288.3,92.447,51.652,137.285,92.179,58.488,134.594,141.962,131.471,131.735
288.4,92.447,51.652,137.285,92.179,58.39,134.63,142.025,131.66,131.697
288.5,92.513,51.758,137.285,92.246,58.39,134.63,141.994,131.584,131.697
288.6,92.447,51.546,137.251,92.179,58.39,134.559,141.994,131.584,131.697
288.7,92.38,51.652,137.251,92.246,58.488,134.559,141.962,131.584,131.697
288.8,92.447,51.652,137.251,92.179,58.39,134.594,141.994,131.584,131.697
288.9,92.447,51.652,137.251,92.179,58.291,134.594,141.962,131.547,131.697
289.0,92.38,51.652,137.251,92.179,58.488,134.559,141.962,131.66,131.735
289.1,92.447,51.546,137.285,92.246,58.488,134.594,142.025,131.584,131.735
289.2,92.38,51.652,137.285,92.246,58.39,134.594,141.994,131.547,131.697
289.3,92.38,51.546,137.251,92.179,58.39,134.63,141.931,131.547,131.697
289.4,92.447,51.652,137.251,92.246,58.291,134.594,141.994,131.584,131.66
289.5,92.447,51.758,137.216,92.246,58.39,134.594,142.056,131.584,131.772
289.6,92.447,51.652,137.251,92.246,58.488,134.594,141.994,131.547,131.66
289.7,92.447,51.652,137.216,92.246,58.587,134.594,142.025,131.509,131.697
289.8,92.38,51.652,137.285,92.246,58.39,134.63,141.962,131.584,131.697
289.9,92.447,51.652,137.216,92.179,58.39,134.63,142.025,131.547,131.735
290.0,92.38,51.652,137.285,92.246,58.39,134.666,141.994,131.547,131.622
290.1,92.447,51.652,137.216,92.246,58.488,134.63,142.025,131.584,131.66
290.2,92.38,51.652,137.285,92.179,58.488,134.594,141.994,131.622,131.697
290.3,92.447,51.652,137.251,92.246,58.291,134.594,142.025,131.584,131.735
290.4,92.447,51.652,137.285,92.246,58.39,134.594,141.994,131.547,131.735
290.5,92.513,51.652,137.216,92.179,58.488,134.559,141.962,131.584,131.697
290.6,92.447,51.652,137.251,92.179,58.488,134.487,141.994,131.622,131.697
290.7,92.447,51.652,137.251,92.246,58.488,134.559,141.994,131.584,131.735
290.8,92.38,51.652,137.285,92.179,58.39,134.559,141.962,131.547,131.772
290.9,92.38,51.652,137.216,92.246,58.39,134.594,142.056,131.622,131.772
291.0,92.447,51.652,137.251,92.246,58.39,134.594,141.994,131.584,131.772
291.1,92.447,51.546,137.216,92.112,58.488,134.559,142.025,131.584,131.697
291.2,92.447,51.652,137.216,92.179,58.39,134.63,141.962,131.584,131.697
291.3,92.447,51.652,137.251,92.179,58.488,134.594,141.994,131.547,131.697
291.4,92.38,51.652,137.251,92.313,58.39,134.559,141.994,131.622,131.697
291.5,92.38,51.652,137.285,92.112,58.39,134.594,142.087,131.584,131.66
291.6,92.513,51.652,137.251,92.179,58.39,134.594,141.994,131.584,131.697
291.7,92.38,51.652,137.285,92.246,58.39,134.559,141.994,131.547,131.697
291.8,92.447,51.546,137.251,92.112,58.39,134.559,142.056,131.509,131.772
291.9,92.447,51.652,137.251,92.179,58.39,134.594,141.994,131.584,131.697
292.0,92.513,51.652,137.251,92.246,58.488,134.594,141.994,131.547,131.735
292.1,92.38,51.652,137.251,92.313,58.488,134.594,141.994,131.547,131.697
292.2,92.38,51.652,137.216,92.179,58.39,134.63,141.994,131.584,131.697
292.3,92.38,51.652,137.285,92.179,58.39,134.594,141.962,131.622,131.697
292.4,92.38,51.546,137.216,92.246,58.39,134.594,141.994,131.584,131.697
292.5,92.38,51.652,137.251,92.179,58.488,134.594,141.994,131.584,131.735
292.6,92.38,51.652,137.251,92.179,58.488,134.594,142.025,131.622,131.772
292.7,92.447,51.546,137.251,92.179,58.39,134.594,142.056,131.584,131.697
292.8,92.38,51.652,137.148,92.112,58.39,134.594,141.962,131.547,131.697
292.9,92.447,51.652,137.285,92.179,58.39,134.594,141.994,131.547,131.697
293.0,92.447,51.652,137.251,92.246,58.488,134.666,142.056,131.547,131.735
293.1,92.38,51.652,137.285,92.246,58.39,134.594,141.994,131.584,131.697
293.2,92.447,51.546,137.216,92.179,58.488,134.594,142.025,131.547,131.697
293.3,92.447,51.652,137.251,92.179,58.39,134.702,141.994,131.509,131.697
293.4,92.447,51.546,137.251,92.179,58.39,134.594,142.025,131.584,131.697
293.5,92.313,51.758,137.285,92.246,58.39,134.594,142.025,131.547,131.772
293.6,92.38,51.652,137.251,92.179,58.488,134.594,141.994,131.584,131.735
293.7,92.38,51.652,137.251,92.179,58.488,134.559,142.025,131.547,131.697
293.8,92.38,51.546,137.251,92.246,58.39,134.594,142.025,131.547,131.735
293.9,92.447,51.652,137.251,92.179,58.39,134.594,141.994,131.584,131.697
294.0,92.447,51.652,137.216,92.179,58.39,134.594,141.994,131.584,131.697
294.1,92.447,51.652,137.251,92.179,58.488,134.594,141.994,131.584,131.697
294.2,92.38,51.652,137.251,92.179,58.488,134.594,142.025,131.547,131.697
294.3,92.38,51.652,137.251,92.179,58.39,134.594,142.025,131.584,131.772
294.4,92.38,51.652,137.285,92.246,58.488,134.559,141.962,131.584,131.66
294.5,92.38,51.546,137.251,92.179,58.488,134.559,141.994,131.584,131.697
294.6,92.447,51.652,137.251,92.179,58.587,134.559,142.025,131.547,131.772
294.7,92.447,51.546,137.251,92.179,58.488,134.559,142.056,131.622,131.66
294.8,92.38,51.652,137.251,92.179,58.488,134.594,142.025,131.584,131.697
294.9,92.38,51.652,137.251,92.246,58.587,134.594,141.994,131.584,131.66
295.0,92.38,51.546,137.285,92.179,58.39,134.594,142.056,131.622,131.697
295.1,92.447,51.652,137.285,92.246,58.39,134.559,142.025,131.584,131.697
295.2,92.513,51.652,137.285,92.179,58.39,134.559,141.994,131.622,131.697
295.3,92.447,51.652,137.251,92.179,58.39,134.594,141.994,131.547,131.81
295.4,92.38,51.546,137.251,92.112,58.488,134.63,141.994,131.547,131.697
295.5,92.447,51.652,137.319,92.179,58.39,134.594,141.994,131.547,131.81
295.6,92.38,51.546,137.251,92.179,58.488,134.559,142.025,131.547,131.697
295.7,92.447,51.652,137.251,92.246,58.39,134.559,141.994,131.547,131.697
295.8,92.38,51.652,137.285,92.179,58.39,134.63,141.962,131.547,131.735
295.9,92.38,51.652,137.216,92.179,58.488,134.559,142.087,131.584,131.697
296.0,92.38,51.652,137.251,92.179,58.291,134.559,141.994,131.547,131.697
296.1,92.447,51.546,137.251,92.112,58.39,134.559,142.025,131.584,131.735
296.2,92.513,51.652,137.285,92.179,58.488,134.523,141.962,131.584,131.697
296.3,92.38,51.652,137.216,92.179,58.488,134.594,141.994,131.584,131.697
296.4,92.447,51.652,137.251,92.179,58.39,134.559,141.994,131.547,131.735
296.5,92.38,51.652,137.251,92.179,58.488,134.594,141.994,131.547,131.697
296.6,92.38,51.758,137.216,92.179,58.39,134.594,142.025,131.547,131.697
296.7,92.38,51.546,137.285,92.179,58.488,134.594,141.994,131.622,131.735
296.8,92.313,51.652,137.251,92.246,58.488,134.63,141.994,131.547,131.697
296.9,92.447,51.546,137.251,92.179,58.39,134.594,141.962,131.584,131.697
297.0,92.38,51.758,137.353,92.313,58.39,134.63,142.087,131.584,131.735
297.1,92.38,51.652,137.251,92.246,58.291,134.63,141.994,131.622,131.735
297.2,92.38,51.652,137.251,92.179,58.488,134.594,142.056,131.584,131.697
297.3,92.513,51.652,137.216,92.179,58.291,134.63,141.994,131.584,131.772
297.4,92.38,51.546,137.251,92.179,58.39,134.559,142.025,131.547,131.735
297.5,92.513,51.546,137.251,92.313,58.39,134.594,141.994,131.509,131.735
297.6,92.513,51.652,137.285,92.179,58.488,134.559,141.994,131.547,131.697
297.7,92.447,51.652,137.251,92.179,58.488,134.559,141.994,131.547,131.735
297.8,92.447,51.652,137.216,92.313,58.39,134.594,141.994,131.547,131.697
297.9,92.38,51.652,137.285,92.313,58.39,134.594,141.994,131.584,131.697
298.0,92.38,51.758,137.251,92.179,58.39,134.594,141.994,131.584,131.697
298.1,92.513,51.652,137.216,92.246,58.488,134.594,141.994,131.622,131.735
298.2,92.38,51.652,137.285,92.179,58.39,134.594,141.994,131.547,131.66
298.3,92.447,51.546,137.251,92.179,58.488,134.594,142.056,131.547,131.697
298.4,92.447,51.546,137.285,92.179,58.39,134.594,141.994,131.584,131.622
298.5,92.38,51.652,137.216,92.179,58.587,134.594,141.994,131.547,131.697
298.6,92.38,51.758,137.285,92.179,58.39,134.559,141.994,131.622,131.697
298.7,92.38,51.758,137.251,92.179,58.39,134.63,141.994,131.584,131.735
298.8,92.447,51.652,137.251,92.246,58.488,134.559,141.962,131.584,131.772
298.9,92.38,51.652,137.251,92.179,58.488,134.594,141.994,131.547,131.735
299.0,92.38,51.758,137.251,92.179,58.488,134.559,141.994,131.622,131.735
299.1,92.38,51.652,137.285,92.179,58.488,134.594,141.962,131.547,131.697
299.2,92.447,51.652,137.216,92.179,58.488,134.63,141.994,131.622,131.697
299.3,92.38,51.652,137.285,92.246,58.587,134.594,142.025,131.509,131.697
299.4,92.447,51.652,137.251,92.179,58.488,134.594,142.025,131.584,131.697
299.5,92.38,51.652,137.285,92.179,58.488,134.63,141.994,131.622,131.735
299.6,92.447,51.652,137.251,92.112,58.488,134.559,142.025,131.584,131.697
299.7,92.447,51.652,137.285,92.179,58.39,134.559,142.056,131.547,131.697
299.8,92.38,51.652,137.251,92.179,58.488,134.63,141.994,131.584,131.66
299.9,92.38,51.652,137.285,92.179,58.39,134.594,141.994,131.584,131.735
300.0,92.38,51.758,137.182,92.112,58.39,134.63,142.025,131.547,131.697
300.1,92.447,51.652,137.251,92.179,58.488,134.594,142.025,131.584,131.697
300.2,92.38,51.652,137.251,92.179,58.488,134.594,141.962,131.584,131.697
300.3,92.38,51.758,137.251,92.179,58.587,134.559,141.994,131.547,131.66
300.4,92.38,51.652,137.216,92.179,58.488,134.63,141.994,131.622,131.697
300.5,92.447,51.652,137.182,92.179,58.39,134.702,141.994,131.584,131.66
300.6,92.38,51.652,137.251,92.179,58.488,134.594,141.994,131.547,131.66
300.7,92.38,51.546,137.251,92.112,58.39,134.63,141.962,131.547,131.772
300.8,92.38,51.652,137.319,92.179,58.39,134.63,142.025,131.584,131.697
300.9,92.38,51.652,137.285,92.112,58.39,134.594,142.025,131.622,131.735
301.0,92.447,51.652,137.251,92.112,58.488,134.63,141.994,131.584,131.735
301.1,92.447,51.652,137.319,92.112,58.291,134.559,141.994,131.547,131.697
301.2,92.38,51.652,137.216,92.179,58.488,134.63,141.931,131.584,131.66
301.3,92.38,51.758,137.285,92.246,58.39,134.594,142.025,131.584,131.697
301.4,92.38,51.652,137.216,92.246,58.39,134.594,141.994,131.547,131.735
301.5,92.38,51.652,137.216,92.179,58.39,134.559,141.994,131.547,131.697
301.6,92.447,51.652,137.216,92.112,58.39,134.594,141.962,131.584,131.66
301.7,92.38,51.652,137.251,92.179,58.39,134.559,142.087,131.547,131.66
301.8,92.38,51.546,137.285,92.246,58.39,134.63,141.962,131.547,131.772
301.9,92.38,51.652,137.216,92.179,58.39,134.559,142.056,131.584,131.697
302.0,92.38,51.652,137.251,92.179,58.39,134.63,141.962,131.547,131.735
302.1,92.38,51.546,137.216,92.112,58.39,134.559,142.025,131.622,131.697
302.2,92.38,51.652,137.216,92.179,58.39,134.63,141.994,131.547,131.66
302.3,92.38,51.652,137.251,92.179,58.39,134.63,141.994,131.471,131.735
302.4,92.38,51.758,137.251,92.112,58.39,134.63,142.025,131.547,131.66
302.5,92.513,51.652,137.251,92.179,58.488,134.594,142.025,131.584,131.622
302.6,92.513,51.652,137.251,92.179,58.488,134.594,142.025,131.622,131.735
302.7,92.38,51.652,137.216,92.179,58.39,134.594,142.025,131.584,131.66
302.8,92.38,51.546,137.251,92.179,58.488,134.63,141.994,131.547,131.697
302.9,92.447,51.652,137.251,92.112,58.488,134.594,141.994,131.622,131.697
303.0,92.447,51.652,137.216,92.179,58.39,134.594,141.994,131.584,131.697
303.1,92.38,51.652,137.216,92.179,58.488,134.559,141.994,131.584,131.772
303.2,92.38,51.546,137.216,92.179,58.488,134.559,142.056,131.547,131.697
303.3,92.38,51.546,137.251,92.112,58.488,134.594,142.025,131.584,131.66
303.4,92.38,51.652,137.285,92.246,58.488,134.594,141.994,131.547,131.622
303.5,92.38,51.652,137.251,92.045,58.587,134.594,142.025,131.471,131.697
303.6,92.38,51.652,137.319,92.179,58.488,134.559,142.025,131.584,131.66
303.7,92.513,51.652,137.285,92.179,58.39,134.594,142.025,131.509,131.735
303.8,92.38,51.652,137.216,92.246,58.39,134.594,142.025,131.547,131.697
303.9,92.447,51.652,137.285,92.179,58.39,134.63,141.994,131.584,131.697
304.0,92.38,51.652,137.251,92.179,58.488,134.487,141.994,131.547,131.772
304.1,92.447,51.652,137.251,92.112,58.39,134.594,141.994,131.622,131.66
304.2,92.447,51.652,137.251,92.179,58.39,134.63,141.994,131.584,131.697
304.3,92.38,51.652,137.319,92.179,58.488,134.559,141.994,131.547,131.697
304.4,92.38,51.652,137.216,92.179,58.39,134.594,141.994,131.622,131.697
304.5,92.38,51.546,137.285,92.112,58.488,134.559,141.994,131.547,131.697
304.6,92.38,51.546,137.285,92.179,58.39,134.594,141.994,131.584,131.697
304.7,92.38,51.652,137.216,92.179,58.39,134.594,142.025,131.547,131.697
304.8,92.447,51.652,137.251,92.045,58.488,134.559,141.962,131.547,131.697
304.9,92.313,51.652,137.319,92.179,58.488,134.559,141.994,131.547,131.697
305.0,92.38,51.758,137.285,92.246,58.488,134.63,142.025,131.584,131.697
305.1,92.447,51.652,137.251,92.179,58.587,134.63,141.994,131.584,131.697
305.2,92.38,51.758,137.216,92.179,58.192,134.559,141.994,131.471,131.772
305.3,92.447,51.652,137.251,92.179,58.39,134.559,142.025,131.584,131.697
305.4,92.313,51.652,137.251,92.179,58.488,134.559,141.962,131.584,131.697
305.5,92.313,51.652,137.251,92.112,58.39,134.594,141.994,131.547,131.697
305.6,92.313,51.546,137.251,92.179,58.39,134.559,142.056,131.547,131.735
305.7,92.38,51.652,137.251,92.112,58.488,134.487,141.994,131.584,131.735
305.8,92.447,51.758,137.251,92.179,58.488,134.559,142.025,131.622,131.66
305.9,92.38,51.652,137.216,92.179,58.488,134.559,142.025,131.547,131.697
306.0,92.38,51.652,137.216,92.246,58.39,134.559,141.994,131.66,131.697
306.1,92.38,51.652,137.251,92.112,58.488,134.559,141.962,131.584,131.81
306.2,92.38,51.652,137.251,92.179,58.39,134.594,141.994,131.584,131.66
306.3,92.313,51.652,137.251,92.179,58.488,134.594,142.025,131.584,131.697
306.4,92.38,51.652,137.216,92.179,58.488,134.594,141.994,131.584,131.772
306.5,92.313,51.758,137.285,92.313,58.488,134.559,142.025,131.584,131.697
306.6,92.447,51.652,137.251,92.179,58.39,134.594,141.994,131.584,131.735
306.7,92.38,51.652,137.251,92.045,58.587,134.63,141.994,131.584,131.735
306.8,92.447,51.652,137.285,92.179,58.587,134.594,141.994,131.584,131.697
306.9,92.38,51.652,137.251,92.179,58.39,134.63,141.994,131.547,131.66
307.0,92.38,51.758,137.251,92.179,58.291,134.63,141.994,131.584,131.622
307.1,92.38,51.652,137.251,92.112,58.488,134.594,142.025,131.547,131.735
307.2,92.38,51.652,137.216,92.045,58.488,134.594,141.994,131.547,131.697
307.3,92.38,51.652,137.251,92.179,58.488,134.559,141.962,131.584,131.697
307.4,92.38,51.652,137.251,92.179,58.587,134.63,141.994,131.547,131.697
307.5,92.38,51.652,137.285,92.179,58.39,134.559,141.994,131.547,131.697
307.6,92.313,51.652,137.216,92.179,58.39,134.594,142.056,131.584,131.697
307.7,92.38,51.652,137.285,92.179,58.587,134.559,141.994,131.584,131.697
307.8,92.38,51.652,137.251,92.112,58.587,134.594,141.994,131.584,131.697
307.9,92.38,51.652,137.285,92.179,58.39,134.594,141.994,131.547,131.735
308.0,92.38,51.652,137.319,92.179,58.39,134.594,141.994,131.622,131.697
308.1,92.447,51.652,137.251,92.179,58.488,134.559,141.994,131.584,131.622
308.2,92.447,51.758,137.251,92.179,58.291,134.594,141.994,131.547,131.697
308.3,92.38,51.652,137.285,92.179,58.39,134.559,141.994,131.584,131.697
308.4,92.38,51.652,137.251,92.179,58.488,134.594,142.025,131.547,131.772
308.5,92.313,51.652,137.251,92.179,58.39,134.594,141.994,131.584,131.81
308.6,92.38,51.652,137.251,92.112,58.587,134.594,141.994,131.584,131.697
308.7,92.38,51.758,137.353,92.112,58.39,134.594,141.994,131.547,131.697
308.8,92.38,51.652,137.285,92.179,58.488,134.559,141.994,131.622,131.66
308.9,92.38,51.652,137.319,92.112,58.488,134.594,142.025,131.584,131.697
309.0,92.38,51.652,137.216,92.179,58.39,134.666,141.994,131.547,131.735
309.1,92.38,51.652,137.251,92.112,58.488,134.594,142.025,131.622,131.66
309.2,92.38,51.652,137.285,92.112,58.587,134.559,141.994,131.547,131.697
309.3,92.38,51.652,137.216,92.179,58.488,134.63,141.994,131.584,131.735
309.4,92.38,51.652,137.251,92.179,58.39,134.666,141.994,131.509,131.697
309.5,92.38,51.652,137.251,92.179,58.39,134.594,141.994,131.547,131.735
309.6,92.38,51.652,137.251,92.179,58.39,134.559,141.994,131.622,131.697
309.7,92.38,51.652,137.251,92.179,58.488,134.594,141.962,131.547,131.697
309.8,92.447,51.652,137.216,92.179,58.488,134.559,141.931,131.584,131.697
309.9,92.38,51.652,137.251,92.179,58.488,134.594,141.868,131.547,131.697
310.0,92.313,51.546,137.251,92.112,58.587,134.63,141.962,131.584,131.697
310.1,92.313,51.652,137.251,92.179,58.39,134.559,141.994,131.584,131.735
310.2,92.38,51.652,137.251,92.246,58.39,134.594,141.994,131.584,131.735
310.3,92.447,51.652,137.251,92.179,58.587,134.594,142.056,131.547,131.735
310.4,92.447,51.652,137.251,92.112,58.39,134.594,142.025,131.622,131.66
310.5,92.313,51.652,137.251,92.112,58.488,134.594,141.962,131.547,131.735
310.6,92.447,51.652,137.251,92.112,58.39,134.559,141.994,131.547,131.697
310.7,92.313,51.546,137.251,92.179,58.488,134.559,141.994,131.547,131.697
310.8,92.38,51.652,137.285,92.112,58.39,134.594,141.962,131.584,131.697
310.9,92.38,51.652,137.353,92.112,58.39,134.594,142.025,131.584,131.735
311.0,92.38,51.652,137.251,92.246,58.488,134.594,142.056,131.547,131.772
311.1,92.38,51.758,137.319,92.112,58.488,134.594,141.994,131.622,131.697
311.2,92.38,51.652,137.216,92.112,58.488,134.702,141.994,131.584,131.622
311.3,92.38,51.652,137.216,92.179,58.488,134.594,142.025,131.584,131.697
311.4,92.313,51.652,137.353,92.112,58.587,134.559,141.994,131.584,131.697
311.5,92.38,51.652,137.216,92.179,58.488,134.559,142.025,131.547,131.697
311.6,92.313,51.652,137.216,92.179,58.587,134.594,141.962,131.584,131.735
311.7,92.38,51.652,137.216,92.179,58.39,134.594,141.994,131.584,131.697
311.8,92.313,51.758,137.319,92.179,58.488,134.559,142.056,131.547,131.735
311.9,92.313,51.652,137.216,92.179,58.39,134.594,141.962,131.584,131.735
312.0,92.313,51.546,137.285,92.112,58.39,134.594,141.994,131.547,131.697
312.1,92.38,51.652,137.251,92.112,58.39,134.594,142.056,131.547,131.66
312.2,92.447,51.652,137.285,92.179,58.587,134.594,141.994,131.584,131.66
312.3,92.38,51.652,137.216,92.112,58.488,134.594,142.025,131.584,131.697
312.4,92.38,51.652,137.251,92.246,58.488,134.594,142.025,131.584,131.735
312.5,92.38,51.652,137.251,92.112,58.587,134.594,141.994,131.622,131.735
312.6,92.313,51.652,137.251,92.112,58.488,134.559,141.962,131.547,131.66
312.7,92.38,51.546,137.285,92.179,58.488,134.559,142.025,131.547,131.697
312.8,92.313,51.652,137.251,92.179,58.488,134.594,141.994,131.584,131.697
312.9,92.38,51.652,137.216,92.112,58.488,134.594,142.025,131.697,131.697
313.0,92.447,51.546,137.285,92.112,58.488,134.63,141.994,131.584,131.697
313.1,92.313,51.652,137.251,92.112,58.488,134.559,142.056,131.584,131.697
313.2,92.313,51.652,137.285,92.179,58.488,134.559,141.994,131.622,131.697
313.3,92.313,51.652,137.251,92.179,58.587,134.559,141.994,131.622,131.697
313.4,92.38,51.546,137.216,92.112,58.488,134.523,141.899,131.584,131.697
313.5,92.38,51.652,137.216,92.179,58.39,134.594,141.931,131.547,131.81
313.6,92.447,51.758,137.251,92.112,58.39,134.559,142.025,131.584,131.697
313.7,92.447,51.652,137.251,92.112,58.587,134.594,141.994,131.584,131.735
313.8,92.38,51.758,137.216,92.179,58.488,134.702,141.994,131.584,131.66
313.9,92.447,51.758,137.216,92.112,58.39,134.594,142.056,131.622,131.697
314.0,92.38,51.652,137.353,92.179,58.488,134.594,142.025,131.547,131.66
314.1,92.313,51.652,137.251,92.179,58.488,134.702,141.994,131.622,131.735
314.2,92.38,51.652,137.216,92.112,58.39,134.559,141.994,131.509,131.697
314.3,92.38,51.652,137.251,92.045,58.39,134.559,142.025,131.66,131.697
314.4,92.313,51.758,137.353,92.112,58.39,134.559,142.056,131.547,131.697
314.5,92.313,51.758,137.216,92.179,58.488,134.559,141.962,131.584,131.772
314.6,92.38,51.758,137.216,92.179,58.488,134.594,142.025,131.622,131.697
314.7,92.38,51.652,137.216,92.179,58.39,134.559,141.962,131.584,131.697
314.8,92.38,51.652,137.216,92.179,58.587,134.559,141.931,131.547,131.697
314.9,92.38,51.758,137.216,92.112,58.39,134.594,141.962,131.547,131.735
315.0,92.313,51.758,137.251,92.112,58.488,134.594,141.994,131.584,131.697
315.1,92.38,51.758,137.251,92.112,58.488,134.594,141.962,131.547,131.697
315.2,92.38,51.652,137.285,92.179,58.39,134.559,141.994,131.584,131.772
315.3,92.38,51.758,137.285,92.112,58.488,134.594,141.994,131.547,131.697
315.4,92.38,51.546,137.285,92.112,58.488,134.559,141.994,131.547,131.66
315.5,92.313,51.652,137.251,92.246,58.39,134.594,142.025,131.547,131.735
315.6,92.313,51.652,137.182,92.112,58.488,134.559,141.994,131.584,131.735
315.7,92.447,51.652,137.216,92.179,58.39,134.559,141.994,131.547,131.735
315.8,92.38,51.652,137.251,92.179,58.488,134.594,141.994,131.584,131.697
315.9,92.38,51.652,137.251,92.112,58.587,134.559,141.994,131.547,131.772
316.0,92.38,51.758,137.216,92.112,58.39,134.594,141.994,131.547,131.697
316.1,92.313,51.652,137.251,92.045,58.39,134.559,141.994,131.584,131.735
316.2,92.313,51.546,137.216,92.112,58.488,134.594,141.994,131.547,131.697
316.3,92.447,51.652,137.251,92.112,58.587,134.594,141.962,131.547,131.66
316.4,92.313,51.652,137.285,92.179,58.587,134.594,141.994,131.547,131.697
316.5,92.38,51.652,137.285,92.179,58.39,134.594,142.025,131.584,131.735
316.6,92.38,51.652,137.216,92.179,58.488,134.559,142.025,131.547,131.735
316.7,92.313,51.652,137.216,92.112,58.488,134.559,142.056,131.547,131.735
316.8,92.38,51.652,137.285,92.179,58.488,134.594,142.025,131.622,131.697
316.9,92.38,51.652,137.251,92.179,58.39,134.594,142.025,131.547,131.697
317.0,92.313,51.652,137.285,92.179,58.39,134.594,141.994,131.471,131.735
317.1,92.38,51.652,137.216,92.112,58.488,134.594,142.056,131.622,131.622
317.2,92.38,51.652,137.285,92.112,58.39,134.594,141.994,131.547,131.697
317.3,92.38,51.652,137.251,92.179,58.39,134.559,141.994,131.584,131.584
317.4,92.38,51.652,137.251,92.112,58.39,134.594,142.025,131.584,131.697
317.5,92.38,51.652,137.251,92.112,58.488,134.594,142.025,131.622,131.697
317.6,92.313,51.758,137.353,92.179,58.488,134.559,141.962,131.584,131.697
317.7,92.38,51.652,137.251,92.112,58.488,134.487,141.994,131.584,131.735
317.8,92.313,51.758,137.251,92.045,58.488,134.594,141.994,131.547,131.622
317.9,92.313,51.652,137.251,92.112,58.488,134.594,141.994,131.584,131.66
318.0,92.447,51.652,137.285,92.112,58.488,134.594,141.962,131.547,131.697
318.1,92.38,51.652,137.216,92.112,58.587,134.594,141.994,131.547,131.735
318.2,92.38,51.758,137.251,92.112,58.587,134.63,141.994,131.584,131.697
318.3,92.38,51.652,137.216,92.112,58.488,134.594,141.994,131.584,131.735
318.4,92.38,51.652,137.216,92.179,58.587,134.702,141.994,131.396,131.735
318.5,92.447,51.652,137.285,92.179,58.488,134.594,142.025,131.547,131.697
318.6,92.38,51.758,137.251,92.112,58.39,134.594,142.025,131.622,131.735
318.7,92.313,51.652,137.251,92.045,58.488,134.594,142.056,131.547,131.735
318.8,92.38,51.758,137.251,92.045,58.488,134.594,142.056,131.547,131.697
318.9,92.313,51.758,137.251,92.112,58.39,134.559,141.994,131.547,131.697
319.0,92.38,51.758,137.285,92.112,58.488,134.594,141.962,131.584,131.66
319.1,92.38,51.758,137.216,92.246,58.291,134.594,142.025,131.547,131.735
319.2,92.38,51.758,137.251,92.179,58.488,134.594,141.994,131.584,131.697
319.3,92.313,51.758,137.216,92.179,58.39,134.594,141.994,131.471,131.697
319.4,92.313,51.652,137.285,92.179,58.488,134.559,142.025,131.584,131.66
319.5,92.313,51.652,137.251,92.112,58.488,134.559,141.962,131.509,131.66
319.6,92.313,51.652,137.216,92.112,58.587,134.594,142.025,131.547,131.697
319.7,92.38,51.652,137.319,92.179,58.488,134.594,141.931,131.547,131.697
319.8,92.38,51.652,137.251,92.179,58.488,134.63,142.056,131.584,131.66
319.9,92.313,51.652,137.216,92.112,58.488,134.559,142.025,131.547,131.697
320.0,92.38,51.652,137.285,92.246,58.488,134.594,141.994,131.509,131.697
320.1,92.447,51.652,137.251,92.112,58.587,134.559,141.994,131.622,131.66
320.2,92.313,51.758,137.251,92.179,58.39,134.559,141.994,131.584,131.735
320.3,92.313,51.758,137.216,92.112,58.488,134.594,142.087,131.547,131.66
320.4,92.313,51.863,137.251,92.112,58.291,134.559,141.899,131.547,131.66
320.5,92.313,51.652,137.251,92.112,58.39,134.594,141.994,131.547,131.697
320.6,92.313,51.652,137.251,92.112,58.39,134.559,141.994,131.547,131.66
320.7,92.38,51.652,137.251,92.112,58.488,134.594,142.025,131.547,131.697
320.8,92.313,51.652,137.251,92.112,58.39,134.63,141.994,131.547,131.697
320.9,92.313,51.652,137.251,92.179,58.488,134.594,142.025,131.584,131.584
321.0,92.313,51.758,137.251,92.112,58.488,134.594,142.056,131.509,131.735
321.1,92.313,51.652,137.251,92.045,58.488,134.594,141.994,131.547,131.697
321.2,92.38,51.758,137.216,92.045,58.488,134.594,141.994,131.584,131.697
321.3,92.246,51.652,137.319,92.045,58.39,134.594,141.994,131.471,131.735
321.4,92.313,51.652,137.251,92.112,58.488,134.559,141.994,131.622,131.697
321.5,92.38,51.758,137.216,92.112,58.587,134.594,141.994,131.509,131.66
321.6,92.313,51.652,137.216,92.179,58.488,134.559,142.025,131.584,131.697
321.7,92.313,51.758,137.251,92.179,58.39,134.559,142.025,131.584,131.697
321.8,92.313,51.652,137.251,92.179,58.488,134.594,142.025,131.584,131.622
321.9,92.38,51.652,137.251,92.112,58.488,134.594,141.962,131.622,131.735
322.0,92.38,51.758,137.285,92.045,58.488,134.559,141.994,131.547,131.697
322.1,92.38,51.758,137.251,92.179,58.488,134.594,142.025,131.584,131.66
322.2,92.38,51.758,137.216,92.045,58.39,134.594,141.962,131.584,131.697
322.3,92.313,51.652,137.251,92.246,58.39,134.594,141.962,131.547,131.66
322.4,92.38,51.652,137.251,92.112,58.39,134.594,141.994,131.584,131.66
322.5,92.38,51.652,137.251,92.112,58.488,134.559,142.025,131.584,131.735
322.6,92.313,51.652,137.216,92.179,58.488,134.559,141.962,131.584,131.697
322.7,92.246,51.758,137.285,92.179,58.488,134.594,141.931,131.584,131.66
322.8,92.313,51.758,137.182,92.112,58.488,134.594,141.994,131.584,131.697
322.9,92.313,51.652,137.251,92.112,58.488,134.559,141.994,131.547,131.697
323.0,92.313,51.652,137.182,92.112,58.39,134.559,141.899,131.547,131.697
323.1,92.38,51.758,137.251,92.112,58.488,134.594,141.994,131.547,131.66
323.2,92.313,51.652,137.285,92.112,58.39,134.594,142.025,131.547,131.81
323.3,92.447,51.546,137.285,92.112,58.488,134.594,141.994,131.547,131.735
323.4,92.246,51.758,137.251,92.112,58.291,134.559,141.994,131.584,131.697
323.5,92.447,51.652,137.216,92.112,58.488,134.559,141.962,131.547,131.697
323.6,92.313,51.652,137.251,92.045,58.587,134.594,141.994,131.584,131.697
323.7,92.313,51.758,137.182,92.112,58.39,134.559,141.962,131.584,131.697
323.8,92.38,51.652,137.216,92.112,58.488,134.559,141.994,131.547,131.697
323.9,92.313,51.652,137.285,92.112,58.39,134.594,141.994,131.547,131.697
324.0,92.38,51.652,137.285,92.112,58.488,134.594,141.994,131.547,131.66
324.1,92.313,51.652,137.216,92.179,58.488,134.63,141.931,131.547,131.735
324.2,92.38,51.652,137.216,92.045,58.488,134.594,141.962,131.547,131.697
324.3,92.38,51.652,137.251,92.112,58.488,134.594,141.994,131.547,131.66
324.4,92.38,51.758,137.251,92.112,58.488,134.594,141.994,131.547,131.772
324.5,92.38,51.652,137.216,92.112,58.488,134.594,142.056,131.509,131.697
324.6,92.38,51.652,137.285,92.112,58.488,134.559,141.994,131.471,131.66
324.7,92.313,51.652,137.319,92.112,58.488,134.594,141.994,131.622,131.697
324.8,92.38,51.652,137.251,92.045,58.488,134.594,141.962,131.509,131.697
324.9,92.313,51.652,137.285,92.112,58.488,134.594,142.025,131.547,131.772
325.0,92.447,51.652,137.216,92.112,58.488,134.594,141.994,131.547,131.697
325.1,92.38,51.652,137.285,92.112,58.488,134.559,141.994,131.66,131.772
325.2,92.313,51.546,137.285,92.179,58.488,134.594,141.962,131.547,131.697
325.3,92.313,51.652,137.216,92.045,58.39,134.63,141.994,131.584,131.735
325.4,92.313,51.758,137.285,92.112,58.39,134.559,141.962,131.547,131.66
325.5,92.38,51.652,137.251,92.045,58.39,134.594,142.025,131.584,131.697
325.6,92.313,51.652,137.251,92.112,58.291,134.559,141.994,131.584,131.66
325.7,92.38,51.652,137.251,92.179,58.488,134.666,142.056,131.584,131.735
325.8,92.313,51.652,137.251,92.179,58.488,134.594,141.994,131.547,131.735
325.9,92.313,51.758,137.251,92.179,58.488,134.594,142.025,131.547,131.697
326.0,92.313,51.652,137.216,92.045,58.488,134.559,141.962,131.547,131.697
326.1,92.313,51.652,137.216,92.112,58.39,134.523,142.025,131.547,131.735
326.2,92.313,51.652,137.285,92.112,58.488,134.559,141.962,131.584,131.697
326.3,92.447,51.652,137.251,92.112,58.39,134.594,142.025,131.584,131.697
326.4,92.313,51.758,137.319,92.045,58.39,134.594,141.962,131.584,131.697
326.5,92.313,51.652,137.251,92.112,58.587,134.594,141.994,131.584,131.735
326.6,92.313,51.652,137.353,92.112,58.39,134.594,141.994,131.584,131.697
326.7,92.313,51.652,137.251,91.978,58.488,134.594,141.994,131.584,131.622
326.8,92.313,51.652,137.285,92.112,58.39,134.594,141.994,131.547,131.697
326.9,92.313,51.758,137.251,92.112,58.488,134.594,141.994,131.547,131.697
327.0,92.313,51.652,137.251,92.112,58.488,134.594,141.994,131.584,131.735
327.1,92.179,51.758,137.251,92.112,58.488,134.594,141.962,131.547,131.81
327.2,92.313,51.652,137.251,92.112,58.587,134.594,142.025,131.584,131.66
327.3,92.313,51.652,137.251,92.112,58.488,134.559,142.025,131.547,131.697
327.4,92.313,51.652,137.251,92.112,58.488,134.594,141.994,131.584,131.66
327.5,92.38,51.758,137.285,92.112,58.488,134.559,141.994,131.547,131.697
327.6,92.246,51.546,137.216,92.112,58.488,134.559,142.056,131.547,131.66
327.7,92.246,51.652,137.285,92.045,58.488,134.559,141.994,131.509,131.697
327.8,92.38,51.758,137.251,92.112,58.488,134.594,142.056,131.547,131.697
327.9,92.38,51.652,137.216,92.112,58.39,134.594,142.025,131.547,131.66
328.0,92.313,51.758,137.216,92.112,58.39,134.594,141.994,131.547,131.697
328.1,92.313,51.758,137.216,92.112,58.488,134.594,141.994,131.584,131.66
328.2,92.313,51.758,137.216,92.112,58.488,134.559,141.994,131.547,131.697
328.3,92.313,51.758,137.216,92.112,58.488,134.559,142.025,131.584,131.697
328.4,92.246,51.758,137.251,92.179,58.39,134.594,142.025,131.547,131.772
328.5,92.313,51.758,137.251,92.045,58.587,134.594,141.994,131.547,131.735
328.6,92.246,51.652,137.216,92.045,58.587,134.594,142.025,131.471,131.697
328.7,92.313,51.863,137.216,92.179,58.488,134.559,141.994,131.547,131.697
328.8,92.38,51.758,137.251,92.179,58.587,134.594,141.994,131.584,131.697
328.9,92.313,51.652,137.285,92.112,58.587,134.594,141.962,131.584,131.697
329.0,92.313,51.652,137.216,92.112,58.488,134.594,142.025,131.547,131.772
329.1,92.38,51.758,137.216,92.112,58.587,134.559,141.994,131.584,131.697
329.2,92.246,51.758,137.251,92.112,58.39,134.63,142.056,131.547,131.697
329.3,92.313,51.652,137.251,92.179,58.488,134.594,141.994,131.547,131.66
329.4,92.313,51.863,137.285,92.246,58.488,134.594,142.025,131.622,131.697
329.5,92.313,51.758,137.216,92.045,58.488,134.559,141.994,131.584,131.735
329.6,92.246,51.758,137.251,92.045,58.488,134.559,141.962,131.584,131.66
329.7,92.313,51.758,137.251,92.112,58.488,134.559,141.994,131.584,131.66
329.8,92.246,51.863,137.251,92.112,58.488,134.559,142.025,131.547,131.697
329.9,92.313,51.758,137.251,92.112,58.587,134.559,141.994,131.622,131.697
330.0,92.246,51.969,137.251,92.112,58.488,134.594,141.994,131.584,131.697
330.1,92.246,51.758,137.216,92.112,58.488,134.559,141.994,131.547,131.697
330.2,92.313,51.758,137.216,92.112,58.587,134.559,141.994,131.622,131.66
330.3,92.313,51.863,137.216,92.112,58.488,134.63,142.056,131.547,131.697
330.4,92.246,51.758,137.251,92.179,58.488,134.559,142.025,131.584,131.697
330.5,92.313,51.863,137.216,92.112,58.39,134.594,141.962,131.584,131.697
330.6,92.313,51.758,137.251,92.112,58.488,134.523,141.962,131.509,131.622
330.7,92.246,51.863,137.216,92.045,58.488,134.594,141.931,131.584,131.697
330.8,92.246,51.863,137.216,92.045,58.488,134.594,142.025,131.547,131.697
330.9,92.246,51.863,137.216,92.112,58.488,134.559,142.025,131.584,131.697
331.0,92.179,51.863,137.216,92.045,58.39,134.559,141.994,131.584,131.735
331.1,92.246,51.863,137.216,92.045,58.488,134.559,142.025,131.509,131.697
331.2,92.246,51.863,137.251,92.112,58.39,134.559,141.994,131.547,131.697
331.3,92.246,51.863,137.216,92.112,58.39,134.594,142.025,131.547,131.697
331.4,92.246,51.758,137.216,92.045,58.488,134.559,141.994,131.547,131.66
331.5,92.246,51.863,137.251,91.978,58.587,134.559,141.962,131.547,131.697
331.6,92.246,51.863,137.216,92.179,58.488,134.559,141.962,131.547,131.697
331.7,92.246,51.863,137.216,92.179,58.488,134.559,142.056,131.509,131.66
331.8,92.246,51.969,137.216,92.112,58.488,134.63,141.994,131.547,131.697
331.9,92.313,51.863,137.251,92.045,58.587,134.594,142.025,131.584,131.697
332.0,92.313,51.758,137.251,92.112,58.587,134.559,142.056,131.509,131.66
332.1,92.313,51.863,137.251,92.112,58.587,134.559,142.087,131.509,131.697
332.2,92.179,51.969,137.319,92.045,58.488,134.594,141.994,131.547,131.735
332.3,92.246,51.863,137.216,92.179,58.488,134.594,141.994,131.584,131.66
332.4,92.246,51.969,137.251,92.045,58.488,134.594,142.025,131.584,131.697
332.5,92.112,51.863,137.148,92.112,58.488,134.559,141.994,131.547,131.66
332.6,92.246,51.863,137.216,92.045,58.587,134.559,141.994,131.584,131.697
332.7,92.179,51.969,137.251,92.112,58.291,134.594,141.994,131.547,131.697
332.8,92.246,51.969,137.285,92.179,58.488,134.594,141.994,131.547,131.66
332.9,92.179,51.969,137.251,92.045,58.488,134.559,142.025,131.547,131.66
333.0,92.179,51.863,137.251,92.045,58.39,134.559,142.025,131.584,131.622
333.1,92.179,51.969,137.216,92.045,58.587,134.559,142.025,131.547,131.66
333.2,92.112,51.863,137.216,92.112,58.488,134.559,141.994,131.471,131.697
333.3,92.112,51.969,137.251,92.045,58.488,134.594,141.994,131.584,131.66
333.4,92.246,52.074,137.216,92.179,58.488,134.559,141.962,131.509,131.697
333.5,92.246,52.074,137.216,92.045,58.587,134.594,141.962,131.547,131.81
333.6,92.313,52.074,137.251,92.045,58.488,134.559,141.994,131.547,131.622
333.7,92.179,52.074,137.216,92.112,58.488,134.559,142.025,131.584,131.66
333.8,92.179,51.969,137.251,92.045,58.587,134.559,142.025,131.622,131.697
333.9,92.179,51.969,137.251,92.112,58.488,134.594,142.025,131.547,131.697
334.0,92.179,51.969,137.353,92.045,58.488,134.594,142.025,131.547,131.697
334.1,92.179,52.074,137.182,92.112,58.587,134.559,141.994,131.547,131.66
334.2,92.246,52.074,137.285,92.112,58.587,134.594,141.994,131.547,131.697
334.3,92.246,51.969,137.285,91.978,58.488,134.594,141.962,131.547,131.697
334.4,92.179,52.074,137.216,91.911,58.587,134.594,142.025,131.471,131.697
334.5,92.112,51.969,137.216,92.045,58.685,134.559,141.994,131.547,131.697
334.6,92.179,52.074,137.251,92.112,58.39,134.559,141.962,131.584,131.697
334.7,92.112,51.969,137.251,92.112,58.488,134.594,141.994,131.547,131.66
334.8,92.179,52.074,137.251,92.045,58.587,134.594,141.994,131.584,131.584
334.9,92.246,52.179,137.285,92.045,58.587,134.63,142.025,131.584,131.697
335.0,92.179,51.969,137.251,92.045,58.488,134.559,142.087,131.547,131.66
335.1,92.112,52.179,137.216,92.045,58.587,134.559,142.056,131.547,131.66
335.2,92.179,52.074,137.251,92.045,58.488,134.559,142.025,131.622,131.697
335.3,92.179,52.074,137.251,92.045,58.587,134.559,141.994,131.547,131.66
335.4,92.179,52.074,137.251,92.045,58.488,134.559,141.994,131.547,131.66
335.5,92.179,52.074,137.216,92.112,58.488,134.594,142.025,131.584,131.697
335.6,92.179,52.074,137.216,92.179,58.587,134.63,142.025,131.547,131.697
335.7,92.246,52.074,137.216,91.978,58.488,134.594,142.056,131.547,131.66
335.8,92.112,52.074,137.251,92.045,58.685,134.559,142.025,131.547,131.735
335.9,92.112,52.179,137.216,92.045,58.488,134.559,141.994,131.547,131.66
336.0,92.179,52.074,137.216,92.112,58.488,134.594,141.931,131.547,131.697
336.1,92.179,52.179,137.216,91.978,58.488,134.594,141.994,131.584,131.697
336.2,92.179,52.179,137.216,92.045,58.587,134.559,141.962,131.547,131.66
336.3,92.179,52.179,137.216,91.978,58.587,134.594,141.962,131.547,131.66
336.4,92.112,52.284,137.216,92.045,58.488,134.594,141.994,131.584,131.66
336.5,92.179,52.074,137.251,91.978,58.587,134.559,142.025,131.547,131.66
336.6,92.112,52.179,137.216,92.045,58.488,134.63,141.962,131.584,131.697
336.7,92.179,52.284,137.251,91.978,58.587,134.594,142.025,131.547,131.66
336.8,92.112,52.179,137.285,92.045,58.685,134.594,141.994,131.509,131.697
336.9,92.112,52.179,137.216,92.045,58.488,134.559,142.025,131.547,131.66
337.0,92.179,52.284,137.182,91.978,58.685,134.63,141.994,131.509,131.735
337.1,92.112,52.179,137.182,91.844,58.685,134.559,141.962,131.509,131.66
337.2,92.179,52.284,137.216,91.978,58.39,134.594,142.025,131.509,131.66
337.3,92.179,52.179,137.216,91.911,58.587,134.594,141.994,131.584,131.66
337.4,92.179,52.284,137.216,91.978,58.587,134.559,142.025,131.66,131.697
337.5,92.112,52.284,137.285,92.112,58.587,134.559,141.994,131.584,131.66
337.6,91.978,52.179,137.216,91.978,58.587,134.559,141.994,131.584,131.735
337.7,92.179,52.284,137.216,91.911,58.488,134.559,141.994,131.547,131.697
337.8,92.112,52.284,137.216,92.045,58.488,134.559,141.962,131.547,131.697
337.9,92.112,52.284,137.216,91.978,58.587,134.594,142.056,131.547,131.66
338.0,92.112,52.284,137.216,92.045,58.587,134.559,141.994,131.584,131.66
338.1,92.179,52.389,137.148,91.978,58.587,134.594,141.994,131.584,131.735
338.2,92.045,52.284,137.353,91.978,58.587,134.63,142.025,131.547,131.697
338.3,92.112,52.389,137.251,91.978,58.587,134.559,141.962,131.584,131.697
338.4,92.179,52.389,137.251,91.911,58.685,134.559,141.994,131.584,131.66
338.5,92.045,52.389,137.216,91.911,58.587,134.559,141.994,131.584,131.697
338.6,92.112,52.284,137.251,92.045,58.587,134.594,141.962,131.584,131.697
338.7,92.179,52.284,137.216,92.045,58.587,134.63,141.962,131.547,131.697
338.8,92.179,52.284,137.182,91.911,58.685,134.594,141.994,131.584,131.66
338.9,92.112,52.389,137.182,92.045,58.587,134.594,141.994,131.547,131.622
339.0,92.112,52.389,137.251,92.045,58.587,134.594,141.994,131.547,131.697
339.1,92.045,52.284,137.216,91.911,58.587,134.559,141.962,131.547,131.697
339.2,92.179,52.179,137.216,91.978,58.587,134.594,141.994,131.584,131.697
339.3,92.179,52.389,137.251,91.911,58.587,134.523,141.994,131.547,131.772
339.4,92.112,52.389,137.216,91.978,58.685,134.559,141.994,131.509,131.584
339.5,92.179,52.389,137.216,91.978,58.587,134.559,141.994,131.547,131.697
339.6,92.179,52.389,137.216,91.911,58.587,134.594,141.994,131.547,131.697
339.7,92.179,52.389,137.251,91.911,58.587,134.63,142.119,131.547,131.66
339.8,92.179,52.389,137.216,91.978,58.685,134.559,141.994,131.584,131.66
339.9,92.112,52.389,137.216,91.911,58.587,134.63,142.056,131.584,131.697
340.0,92.179,52.389,137.251,91.978,58.587,134.559,141.962,131.547,131.735
340.1,92.112,52.284,137.216,91.978,58.587,134.559,141.899,131.547,131.66
340.2,91.978,52.389,137.216,91.978,58.587,134.559,141.994,131.547,131.66
340.3,92.179,52.389,137.216,91.978,58.587,134.559,141.962,131.622,131.697
340.4,92.179,52.389,137.251,91.911,58.685,134.559,141.962,131.509,131.697
340.5,92.179,52.389,137.216,91.911,58.587,134.594,141.994,131.584,131.697
340.6,92.179,52.389,137.216,91.978,58.587,134.594,141.962,131.547,131.697
340.7,92.112,52.494,137.251,91.911,58.685,134.594,141.994,131.584,131.697
340.8,92.112,52.389,137.216,91.978,58.685,134.559,142.025,131.547,131.697
340.9,92.179,52.494,137.216,92.045,58.783,134.559,141.994,131.547,131.697
341.0,92.179,52.494,137.285,91.978,58.685,134.523,141.962,131.584,131.772
341.1,92.112,52.494,137.216,91.978,58.685,134.559,142.025,131.584,131.697
341.2,92.179,52.389,137.251,91.911,58.685,134.559,141.962,131.509,131.66
341.3,92.179,52.389,137.216,91.911,58.587,134.559,142.025,131.547,131.66
341.4,92.112,52.494,137.251,91.978,58.685,134.559,141.962,131.509,131.66
341.5,92.112,52.389,137.216,91.911,58.783,134.523,142.025,131.584,131.697
341.6,92.112,52.389,137.216,92.045,58.587,134.523,141.994,131.547,131.735
341.7,92.112,52.494,137.251,91.911,58.685,134.559,141.994,131.547,131.66
341.8,92.112,52.284,137.251,91.978,58.685,134.594,141.962,131.509,131.66
341.9,92.112,52.599,137.216,91.911,58.685,134.559,141.962,131.547,131.66
342.0,92.179,52.494,137.182,91.978,58.685,134.559,142.087,131.547,131.697
342.1,92.045,52.494,137.251,91.911,58.685,134.559,141.994,131.547,131.697
342.2,92.112,52.389,137.216,92.045,58.685,134.559,141.994,131.584,131.735
342.3,92.179,52.494,137.216,91.911,58.783,134.559,141.994,131.584,131.66
342.4,92.112,52.599,137.251,91.978,58.685,134.559,141.994,131.547,131.697
342.5,92.179,52.494,137.216,91.978,58.685,134.559,141.994,131.584,131.697
342.6,92.112,52.599,137.182,91.911,58.685,134.559,141.962,131.547,131.66
342.7,92.246,52.494,137.251,91.911,58.685,134.559,142.056,131.547,131.697
342.8,92.179,52.494,137.216,91.911,58.783,134.559,141.899,131.509,131.697
342.9,92.112,52.599,137.182,92.045,58.685,134.594,142.025,131.584,131.697
343.0,92.112,52.599,137.148,91.844,58.783,134.594,142.025,131.584,131.697
343.1,92.112,52.703,137.285,91.978,58.783,134.63,141.994,131.547,131.66
343.2,92.179,52.599,137.182,91.911,58.685,134.559,141.994,131.547,131.697
343.3,92.179,52.494,137.216,91.978,58.783,134.559,141.837,131.547,131.697
343.4,92.112,52.494,137.216,91.911,58.685,134.559,141.931,131.547,131.697
343.5,92.179,52.599,137.251,91.911,58.685,134.559,141.994,131.509,131.66
343.6,92.179,52.599,137.216,91.844,58.783,134.594,142.025,131.584,131.697
343.7,92.246,52.494,137.251,91.978,58.685,134.451,141.962,131.584,131.735
343.8,92.045,52.494,137.216,91.911,58.685,134.559,141.931,131.547,131.848
343.9,92.045,52.599,137.216,91.911,58.685,134.559,142.025,131.547,131.697
344.0,92.179,52.599,137.216,91.911,58.783,134.559,141.962,131.547,131.697
344.1,92.112,52.599,137.216,91.844,58.783,134.559,141.994,131.547,131.66
344.2,92.179,52.494,137.251,91.978,58.783,134.559,141.994,131.509,131.66
344.3,92.112,52.599,137.216,91.911,58.783,134.559,141.962,131.547,131.735
344.4,92.246,52.599,137.216,91.911,58.783,134.559,141.994,131.584,131.697
344.5,92.246,52.599,137.216,91.978,58.783,134.523,141.931,131.509,131.735
344.6,92.179,52.599,137.182,91.911,58.783,134.594,141.962,131.547,131.697
344.7,92.179,52.703,137.251,91.911,58.783,134.559,141.962,131.547,131.66
344.8,92.313,52.599,137.216,91.911,58.881,134.523,141.994,131.547,131.66
344.9,92.179,52.703,137.182,91.978,58.881,134.559,141.962,131.471,131.697
345.0,92.179,52.599,137.216,91.911,58.979,134.559,142.025,131.584,131.66
345.1,92.179,52.703,137.251,91.911,58.881,134.559,141.994,131.584,131.66
345.2,92.112,52.599,137.251,91.911,58.881,134.559,141.994,131.547,131.772
345.3,92.045,52.599,137.182,91.978,58.783,134.559,141.994,131.547,131.66
345.4,92.179,52.599,137.216,91.978,58.881,134.559,141.962,131.547,131.697
345.5,92.179,52.703,137.216,91.978,58.783,134.559,141.931,131.547,131.66
345.6,92.179,52.599,137.216,91.911,58.783,134.559,141.994,131.622,131.66
345.7,92.246,52.599,137.182,91.911,58.783,134.594,141.994,131.547,131.772
345.8,92.179,52.599,137.216,91.844,58.979,134.559,141.994,131.547,131.66
345.9,92.179,52.703,137.251,91.978,58.783,134.559,142.025,131.547,131.66
346.0,92.112,52.599,137.216,91.911,58.783,134.594,141.994,131.547,131.697
346.1,92.179,52.703,137.216,91.978,58.881,134.523,142.025,131.547,131.697
346.2,92.179,52.703,137.251,91.978,58.881,134.559,141.962,131.509,131.697
346.3,92.179,52.703,137.182,91.911,58.783,134.523,141.994,131.547,131.697
346.4,92.179,52.703,137.285,91.911,58.783,134.559,141.962,131.547,131.772
346.5,92.179,52.703,137.216,91.978,58.783,134.559,141.994,131.584,131.66
346.6,92.179,52.703,137.216,91.978,58.881,134.559,142.056,131.547,131.697
346.7,92.246,52.703,137.216,91.978,58.783,134.559,141.994,131.584,131.66
346.8,92.246,52.808,137.251,91.911,58.881,134.594,141.994,131.547,131.81
346.9,92.179,52.703,137.216,91.911,58.881,134.594,141.962,131.584,131.697
347.0,92.179,52.703,137.216,91.911,58.783,134.559,142.025,131.547,131.66
347.1,92.246,52.808,137.216,91.911,58.783,134.559,141.994,131.547,131.697
347.2,92.179,52.808,137.251,91.911,59.077,134.559,142.025,131.547,131.697
347.3,92.246,52.703,137.216,91.978,58.783,134.63,141.962,131.547,131.66
347.4,92.179,52.703,137.285,91.911,58.783,134.559,141.962,131.509,131.66
347.5,92.179,52.808,137.285,91.911,58.979,134.594,141.962,131.547,131.735
347.6,92.313,52.808,137.216,91.911,58.881,134.559,141.962,131.547,131.697
347.7,92.313,52.808,137.251,91.911,58.979,134.594,142.025,131.509,131.697
347.8,92.313,52.703,137.148,91.978,58.881,134.559,141.994,131.584,131.697
347.9,92.179,52.703,137.251,91.978,58.881,134.559,141.962,131.547,131.697
348.0,92.112,52.703,137.216,91.911,58.979,134.559,142.025,131.509,131.735
348.1,92.313,52.808,137.216,91.978,58.881,134.559,141.962,131.547,131.66
348.2,92.246,52.808,137.216,91.911,58.979,134.559,141.962,131.584,131.697
348.3,92.246,52.912,137.148,91.978,58.881,134.594,141.994,131.584,131.66
348.4,92.313,52.703,137.285,91.911,58.979,134.523,141.962,131.547,131.697
348.5,92.313,52.912,137.182,91.911,58.881,134.559,142.025,131.547,131.772
348.6,92.246,52.808,137.216,91.911,58.979,134.594,141.994,131.584,131.697
348.7,92.38,52.808,137.216,91.911,58.979,134.559,141.962,131.509,131.697
348.8,92.246,52.703,137.182,92.045,58.979,134.523,141.962,131.584,131.697
348.9,92.179,52.912,137.216,91.978,58.979,134.559,141.962,131.547,131.697
349.0,92.112,52.808,137.285,91.911,58.979,134.523,141.994,131.509,131.735
349.1,92.313,52.808,137.251,91.978,58.979,134.559,141.962,131.547,131.697
349.2,92.313,52.703,137.182,91.978,58.881,134.63,141.962,131.509,131.697
349.3,92.246,52.912,137.216,91.911,58.979,134.559,141.962,131.509,131.66
349.4,92.246,52.808,137.182,91.978,58.979,134.594,141.962,131.547,131.697
349.5,92.246,52.808,137.216,92.045,58.979,134.523,141.994,131.509,131.735
349.6,92.313,52.912,137.216,91.844,58.979,134.559,141.994,131.584,131.735
349.7,92.313,52.912,137.216,91.911,58.979,134.559,141.962,131.547,131.735
349.8,92.246,52.912,137.216,91.978,58.979,134.559,142.025,131.509,131.697
349.9,92.313,52.912,137.216,91.978,59.175,134.594,141.994,131.584,131.66
350.0,92.38,52.808,137.216,91.911,58.979,134.63,141.962,131.547,131.697
350.1,92.313,52.912,137.216,91.911,59.077,134.594,142.025,131.547,131.697
350.2,92.246,52.808,137.216,91.978,58.979,134.559,141.994,131.622,131.697
350.3,92.246,52.912,137.216,91.978,59.077,134.559,141.994,131.396,131.697
350.4,92.246,52.912,137.216,91.911,59.077,134.523,141.994,131.584,131.697
350.5,92.179,52.808,137.251,91.844,58.979,134.559,142.025,131.509,131.622
350.6,92.246,52.912,137.216,91.978,58.979,134.559,141.962,131.547,131.697
350.7,92.313,53.016,137.251,92.045,58.979,134.559,142.056,131.547,131.697
350.8,92.313,52.912,137.216,91.978,58.979,134.559,141.962,131.622,131.66
350.9,92.313,52.703,137.216,91.911,59.077,134.523,141.994,131.509,131.697
351.0,92.38,52.703,137.251,91.911,59.077,134.63,141.962,131.584,131.772
351.1,92.313,52.808,137.182,91.911,59.077,134.523,141.994,131.547,131.697
351.2,92.38,52.912,137.216,91.978,59.077,134.559,142.056,131.547,131.66
351.3,92.313,52.912,137.148,91.911,58.881,134.559,141.962,131.509,131.66
351.4,92.313,52.808,137.216,91.978,58.881,134.523,141.994,131.584,131.66
351.5,92.246,52.912,137.182,91.978,59.077,134.559,141.962,131.547,131.697
351.6,92.38,52.912,137.216,91.978,59.077,134.594,142.056,131.509,131.735
351.7,92.313,52.912,137.216,91.978,59.175,134.523,141.994,131.547,131.697
351.8,92.313,53.016,137.216,91.978,59.175,134.559,141.931,131.547,131.697
351.9,92.313,53.016,137.251,91.978,59.175,134.559,142.025,131.509,131.66
352.0,92.313,52.912,137.216,91.978,59.175,134.559,141.962,131.547,131.66
352.1,92.38,53.016,137.216,91.978,59.077,134.559,141.962,131.509,131.547
352.2,92.38,53.016,137.182,91.911,59.175,134.523,142.056,131.547,131.735
352.3,92.38,52.912,137.182,91.911,59.077,134.594,141.962,131.547,131.622
352.4,92.447,52.912,137.216,91.911,59.077,134.594,141.962,131.547,131.66
352.5,92.313,52.808,137.216,92.045,59.077,134.594,141.994,131.547,131.66
352.6,92.38,53.016,137.251,91.911,59.175,134.559,141.994,131.509,131.697
352.7,92.38,52.912,137.216,91.978,59.273,134.559,141.962,131.584,131.735
352.8,92.313,53.016,137.216,91.978,59.371,134.594,141.962,131.584,131.697
352.9,92.38,53.016,137.182,91.911,59.273,134.559,141.994,131.547,131.735
353.0,92.313,53.121,137.182,92.045,59.273,134.594,141.994,131.547,131.622
353.1,92.313,53.016,137.216,91.978,59.175,134.594,142.025,131.584,131.697
353.2,92.447,53.016,137.216,91.978,59.175,134.594,141.994,131.584,131.697
353.3,92.38,53.121,137.182,91.978,59.175,134.559,141.994,131.622,131.66
353.4,92.447,53.016,137.251,91.978,59.175,134.559,141.962,131.622,131.697
353.5,92.313,53.121,137.216,91.978,59.077,134.559,141.962,131.547,131.697
353.6,92.38,53.121,137.182,92.045,59.371,134.559,141.994,131.509,131.697
353.7,92.38,53.016,137.216,92.045,59.175,134.559,141.994,131.471,131.66
353.8,92.38,53.016,137.251,91.978,59.175,134.594,141.994,131.547,131.66
353.9,92.38,53.121,137.182,91.978,59.175,134.594,142.025,131.547,131.735
354.0,92.447,53.121,137.216,91.844,59.371,134.559,142.056,131.509,131.697
354.1,92.447,53.121,137.216,91.978,59.175,134.559,142.025,131.622,131.697
354.2,92.38,53.121,137.182,92.045,59.175,134.487,141.994,131.547,131.772
354.3,92.38,53.016,137.182,92.112,59.273,134.559,141.962,131.547,131.697
354.4,92.447,53.016,137.216,91.978,59.273,134.559,141.962,131.509,131.735
354.5,92.447,53.121,137.114,92.045,59.273,134.594,141.931,131.509,131.772
354.6,92.447,53.016,137.251,92.045,59.273,134.523,141.994,131.584,131.66
354.7,92.447,53.225,137.216,92.045,59.273,134.559,141.994,131.547,131.697
354.8,92.513,53.121,137.182,91.978,59.273,134.559,141.962,131.622,131.66
354.9,92.447,53.121,137.216,92.112,59.273,134.594,141.994,131.547,131.66
355.0,92.513,53.225,137.182,92.045,59.273,134.594,141.994,131.584,131.697
355.1,92.447,53.121,137.182,91.978,59.371,134.559,141.994,131.547,131.697
355.2,92.447,53.121,137.148,91.911,59.273,134.559,141.962,131.584,131.697
355.3,92.513,53.121,137.216,92.045,59.273,134.559,141.994,131.547,131.697
355.4,92.58,53.225,137.148,92.045,59.273,134.594,141.962,131.584,131.697
355.5,92.447,53.121,137.216,92.045,59.273,134.594,141.962,131.547,131.697
355.6,92.513,53.121,137.148,92.112,59.371,134.63,141.994,131.547,131.772
355.7,92.513,53.121,137.182,92.045,59.273,134.594,141.994,131.547,131.697
355.8,92.38,53.225,137.251,92.112,59.468,134.523,141.994,131.584,131.697
355.9,92.513,53.121,137.182,92.112,59.371,134.559,141.962,131.584,131.848
356.0,92.447,53.121,137.216,92.045,59.371,134.559,141.994,131.547,131.735
356.1,92.513,53.121,137.251,92.045,59.273,134.594,141.962,131.547,131.697
356.2,92.447,53.225,137.216,92.112,59.273,134.63,141.962,131.547,131.772
356.3,92.513,53.121,137.216,92.112,59.468,134.63,141.994,131.584,131.697
356.4,92.58,53.225,137.182,92.112,59.273,134.559,142.025,131.584,131.772
356.5,92.646,53.225,137.251,92.045,59.371,134.594,141.962,131.547,131.697
356.6,92.58,53.225,137.182,92.179,59.468,134.63,142.025,131.547,131.697
356.7,92.447,53.225,137.182,92.112,59.371,134.559,141.962,131.584,131.772
356.8,92.513,53.121,137.251,92.112,59.371,134.559,141.994,131.547,131.66
356.9,92.513,53.225,137.216,92.112,59.468,134.594,141.994,131.547,131.735
357.0,92.58,53.225,137.216,92.045,59.566,134.63,141.994,131.584,131.697
357.1,92.513,53.225,137.182,92.112,59.566,134.63,141.994,131.622,131.735
357.2,92.513,53.225,137.216,92.179,59.371,134.594,141.994,131.584,131.697
357.3,92.513,53.329,137.182,92.112,59.371,134.559,141.994,131.471,131.735
357.4,92.513,53.329,137.216,92.045,59.371,134.594,142.025,131.547,131.735
357.5,92.513,53.329,137.182,92.112,59.468,134.594,141.994,131.697,131.697
357.6,92.58,53.329,137.216,92.179,59.468,134.594,141.994,131.584,131.735
357.7,92.58,53.329,137.216,92.112,59.371,134.63,141.994,131.584,131.697
357.8,92.513,53.121,137.251,92.112,59.468,134.559,141.962,131.584,131.697
357.9,92.58,53.225,137.251,92.112,59.371,134.559,141.962,131.547,131.697
358.0,92.513,53.225,137.216,92.246,59.468,134.559,141.962,131.584,131.697
358.1,92.513,53.329,137.216,92.112,59.468,134.594,141.931,131.547,131.697
358.2,92.58,53.329,137.251,92.179,59.468,134.594,141.994,131.584,131.697
358.3,92.513,53.225,137.148,92.179,59.468,134.559,141.994,131.622,131.735
358.4,92.58,53.329,137.216,92.112,59.468,134.559,142.056,131.547,131.735
358.5,92.58,53.329,137.216,92.179,59.663,134.559,141.931,131.584,131.735
358.6,92.646,53.225,137.216,92.179,59.468,134.559,141.868,131.584,131.735
358.7,92.58,53.329,137.182,92.179,59.566,134.594,141.994,131.584,131.697
358.8,92.58,53.329,137.182,92.179,59.566,134.594,141.962,131.622,131.735
358.9,92.58,53.329,137.251,92.045,59.468,134.594,142.025,131.547,131.697
359.0,92.646,53.329,137.182,92.179,59.566,134.63,141.994,131.622,131.697
359.1,92.58,53.432,137.216,92.179,59.566,134.594,141.994,131.622,131.735
359.2,92.58,53.432,137.182,92.179,59.566,134.594,142.025,131.584,131.735
359.3,92.646,53.329,137.182,92.179,59.566,134.559,141.994,131.584,131.697
359.4,92.646,53.329,137.182,92.313,59.566,134.559,141.994,131.584,131.697
359.5,92.646,53.432,137.216,92.179,59.468,134.594,142.025,131.584,131.697
359.6,92.58,53.432,137.182,92.246,59.468,134.594,141.962,131.622,131.772
359.7,92.646,53.432,137.216,92.246,59.566,134.594,141.994,131.584,131.735
359.8,92.646,53.329,137.216,92.246,59.566,134.594,141.962,131.584,131.772
359.9,92.646,53.432,137.148,92.179,59.566,134.594,141.994,131.584,131.735
360.0,92.646,53.432,137.182,92.246,59.566,134.594,142.025,131.622,131.735
360.1,92.646,53.536,137.216,92.246,59.663,134.594,142.025,131.622,131.697
360.2,92.646,53.329,137.148,92.246,59.566,134.594,141.994,131.584,131.772
360.3,92.646,53.432,137.216,92.246,59.566,134.63,142.025,131.622,131.697
360.4,92.713,53.432,137.148,92.179,59.566,134.666,142.119,131.66,131.735
360.5,92.713,53.432,137.216,92.313,59.663,134.594,141.962,131.584,131.735
360.6,92.779,53.432,137.216,92.246,59.663,134.844,141.994,131.66,131.735
360.7,92.713,53.432,137.216,92.246,59.76,134.559,141.994,131.584,131.772
360.8,92.713,53.432,137.182,92.38,59.663,134.594,141.994,131.622,131.697
360.9,92.646,53.432,137.148,92.246,59.566,134.594,141.962,131.622,131.735
361.0,92.58,53.432,137.182,92.179,59.663,134.594,141.994,131.584,131.735
361.1,92.646,53.432,137.182,92.179,59.663,134.559,142.025,131.547,131.735
361.2,92.646,53.536,137.148,92.246,59.663,134.594,142.056,131.622,131.697
361.3,92.779,53.432,137.216,92.246,59.566,134.594,141.962,131.622,131.772
361.4,92.646,53.536,137.148,92.313,59.566,134.523,141.994,131.584,131.735
361.5,92.779,53.536,137.182,92.246,59.566,134.559,142.025,131.622,131.735
361.6,92.713,53.329,137.182,92.246,59.663,134.559,141.962,131.622,131.772
361.7,92.713,53.329,137.182,92.38,59.566,134.63,141.962,131.584,131.772
361.8,92.779,53.536,137.182,92.313,59.663,134.594,142.025,131.622,131.772
361.9,92.779,53.536,137.182,92.246,59.566,134.559,141.962,131.622,131.697
362.0,92.713,53.432,137.148,92.179,59.663,134.594,141.994,131.584,131.735
362.1,92.846,53.432,137.182,92.246,59.566,134.559,142.025,131.697,131.735
362.2,92.713,53.329,137.182,92.246,59.663,134.63,141.962,131.584,131.735
362.3,92.713,53.536,137.182,92.246,59.76,134.594,141.994,131.584,131.772
362.4,92.713,53.432,137.148,92.313,59.663,134.63,141.994,131.584,131.735
362.5,92.646,53.536,137.148,92.313,59.857,134.594,142.056,131.622,131.772
362.6,92.779,53.536,137.148,92.313,59.663,134.594,141.994,131.622,131.735
362.7,92.779,53.536,137.148,92.313,59.663,134.559,141.994,131.697,131.697
362.8,92.713,53.432,137.182,92.313,59.76,134.63,141.931,131.584,131.735
362.9,92.779,53.536,137.148,92.313,59.663,134.594,142.056,131.622,131.772
363.0,92.846,53.64,137.251,92.313,59.76,134.63,141.994,131.66,131.772
363.1,92.846,53.536,137.182,92.313,59.76,134.594,141.994,131.622,131.772
363.2,92.779,53.64,137.148,92.447,59.663,134.63,141.962,131.622,131.735
363.3,92.779,53.536,137.148,92.313,59.76,134.559,142.025,131.697,131.735
363.4,92.779,53.64,137.148,92.447,59.663,134.63,141.994,131.622,131.772
363.5,92.779,53.64,137.148,92.313,59.857,134.594,142.025,131.622,131.81
363.6,92.713,53.432,137.182,92.313,59.76,134.594,141.994,131.622,131.735
363.7,92.779,53.743,137.216,92.313,59.663,134.63,141.962,131.584,131.81
363.8,92.779,53.64,137.182,92.38,59.76,134.594,141.994,131.622,131.772
363.9,92.912,53.743,137.216,92.38,59.76,134.63,141.962,131.622,131.66
364.0,92.779,53.64,137.148,92.38,59.955,134.594,141.994,131.66,131.735
364.1,92.779,53.64,137.182,92.38,59.857,134.594,141.962,131.66,131.735
364.2,92.779,53.64,137.182,92.38,59.76,134.63,142.025,131.622,131.772
364.3,92.846,53.64,137.182,92.38,59.955,134.594,141.962,131.622,131.81
364.4,92.846,53.536,137.216,92.447,59.76,134.63,141.994,131.66,131.735
364.5,92.779,53.536,137.148,92.313,60.052,134.594,141.994,131.584,131.772
364.6,92.912,53.64,137.182,92.38,59.857,134.594,141.962,131.66,131.735
364.7,92.779,53.64,137.148,92.447,59.76,134.594,141.994,131.697,131.81
364.8,92.846,53.743,137.148,92.38,59.857,134.559,141.994,131.622,131.772
364.9,92.846,53.64,137.182,92.38,59.857,134.594,141.962,131.66,131.772
365.0,92.713,53.743,137.148,92.447,59.857,134.63,141.994,131.66,131.772
365.1,92.846,53.743,137.216,92.38,59.857,134.63,141.994,131.697,131.772
365.2,92.846,53.743,137.148,92.38,59.857,134.594,141.994,131.66,131.772
365.3,92.846,53.64,137.148,92.447,59.857,134.594,142.025,131.66,131.772
365.4,92.846,53.743,137.045,92.447,59.955,134.63,141.994,131.66,131.81
365.5,92.846,53.743,137.216,92.447,59.857,134.594,142.025,131.622,131.772
365.6,92.912,53.64,137.148,92.38,59.857,134.594,141.962,131.66,131.772
365.7,92.846,53.743,137.182,92.447,59.857,134.63,141.994,131.66,131.848
365.8,92.779,53.743,137.182,92.513,59.857,134.594,141.994,131.697,131.772
365.9,92.779,53.847,137.182,92.513,59.76,134.63,142.119,131.66,131.772
366.0,92.912,53.743,137.182,92.513,59.857,134.594,141.994,131.66,131.772
366.1,92.846,53.743,137.182,92.447,59.857,134.63,142.025,131.66,131.81
366.2,92.846,53.64,137.182,92.447,59.955,134.63,141.994,131.735,131.772
366.3,92.846,53.743,137.216,92.513,59.955,134.594,142.025,131.697,131.81
366.4,92.912,53.743,137.182,92.447,59.955,134.63,142.087,131.66,131.772
366.5,92.846,53.847,137.148,92.447,59.955,134.63,141.994,131.66,131.697
366.6,92.912,53.743,137.182,92.38,59.955,134.666,141.994,131.66,131.772
366.7,92.912,53.847,137.216,92.447,59.955,134.666,141.994,131.735,131.772
366.8,92.846,53.743,137.148,92.513,59.857,134.594,141.994,131.697,131.81
366.9,92.912,53.847,137.182,92.447,59.857,134.594,141.994,131.66,131.772
367.0,92.846,53.847,137.114,92.646,59.955,134.63,142.025,131.622,131.772
367.1,92.912,53.743,137.148,92.447,59.955,134.63,142.025,131.697,131.772
367.2,92.978,53.743,137.182,92.513,60.052,134.594,141.994,131.66,131.81
367.3,92.912,53.743,137.148,92.513,59.955,134.63,141.994,131.697,131.772
367.4,92.978,53.847,137.216,92.513,59.857,134.702,141.994,131.66,131.885
367.5,92.912,53.743,137.182,92.447,60.052,134.594,141.994,131.66,131.81
367.6,93.11,53.64,137.182,92.513,60.148,134.594,142.025,131.697,131.735
367.7,92.912,53.743,137.148,92.513,59.955,134.63,142.025,131.697,131.772
367.8,92.912,53.743,137.148,92.513,59.955,134.63,142.056,131.735,131.735
367.9,92.978,53.743,137.148,92.513,60.052,134.63,141.994,131.66,131.772
368.0,92.912,53.847,137.148,92.513,59.857,134.594,142.025,131.697,131.81
368.1,92.912,53.743,137.148,92.58,59.955,134.63,142.025,131.697,131.848
368.2,92.912,53.847,137.148,92.513,60.052,134.63,141.994,131.66,131.848
368.3,92.912,53.847,137.148,92.513,59.955,134.559,141.994,131.697,131.772
368.4,92.978,53.847,137.216,92.58,60.148,134.63,142.025,131.735,131.81
368.5,92.978,53.95,137.182,92.58,60.052,134.594,141.994,131.697,131.81
368.6,93.044,53.847,137.182,92.513,60.052,134.666,141.994,131.697,131.848
368.7,93.044,53.743,137.182,92.513,59.955,134.63,142.056,131.697,131.772
368.8,92.978,53.95,137.114,92.513,60.052,134.63,141.994,131.735,131.848
368.9,92.912,54.053,137.182,92.58,59.955,134.666,142.025,131.735,131.81
369.0,93.044,53.847,137.182,92.58,60.052,134.594,141.994,131.697,131.81
369.1,92.978,53.847,137.182,92.646,60.052,134.63,142.025,131.697,131.81
369.2,92.978,53.847,137.148,92.513,60.148,134.63,142.025,131.735,131.81
369.3,92.978,53.95,137.182,92.58,60.052,134.594,141.994,131.735,131.848
369.4,93.044,53.847,137.114,92.58,60.148,134.594,142.025,131.735,131.81
369.5,92.978,53.847,137.148,92.58,60.052,134.63,141.899,131.697,131.81
369.6,93.044,53.847,137.148,92.58,60.148,134.666,142.025,131.735,131.848
369.7,92.978,53.95,137.216,92.58,59.955,134.63,141.994,131.735,131.81
369.8,92.978,53.95,137.114,92.646,60.052,134.63,142.025,131.735,131.848
369.9,93.11,53.95,137.114,92.58,60.052,134.63,142.025,131.772,131.81
370.0,92.978,53.95,137.216,92.646,60.052,134.63,141.994,131.735,131.81
370.1,93.044,54.053,137.148,92.646,60.052,134.63,142.025,131.735,131.922
370.2,93.11,53.847,137.148,92.646,60.148,134.63,141.931,131.697,131.885
370.3,93.044,53.847,137.114,92.58,60.052,134.63,141.994,131.735,131.848
370.4,93.11,53.95,137.148,92.58,60.148,134.63,142.025,131.772,131.885
370.5,93.044,53.95,137.114,92.646,60.052,134.666,141.994,131.772,131.772
370.6,93.044,53.95,137.182,92.646,60.245,134.63,141.994,131.772,131.848
370.7,93.044,53.847,137.148,92.713,60.148,134.63,141.994,131.735,131.922
370.8,92.978,53.95,137.182,92.58,59.955,134.63,141.994,131.81,131.81
370.9,93.044,53.95,137.114,92.646,60.148,134.666,141.994,131.81,131.848
371.0,93.044,53.95,137.216,92.646,60.245,134.63,141.962,131.735,131.848
371.1,93.044,53.95,137.182,92.646,60.148,134.63,141.962,131.735,131.885
371.2,92.978,53.95,137.114,92.646,60.148,134.63,141.962,131.735,131.848
371.3,93.044,54.053,137.114,92.646,60.052,134.63,141.962,131.772,131.81
371.4,93.044,53.95,137.114,92.713,60.148,134.63,142.025,131.697,131.81
371.5,93.11,54.053,137.148,92.646,60.245,134.63,141.994,131.735,131.922
371.6,93.11,54.053,137.148,92.646,60.148,134.666,142.025,131.735,131.848
371.7,93.044,53.95,137.114,92.646,60.148,134.666,142.056,131.772,131.885
371.8,93.044,53.847,137.148,92.646,60.148,134.666,142.025,131.735,131.848
371.9,93.11,54.053,137.114,92.646,60.245,134.63,141.994,131.772,131.96
372.0,93.11,54.053,137.182,92.646,60.342,134.666,142.025,131.81,131.885
372.1,92.978,54.053,137.114,92.646,60.342,134.63,142.056,131.772,131.885
372.2,93.11,53.95,137.114,92.779,60.148,134.63,141.994,131.772,131.848
372.3,93.11,54.053,137.114,92.713,60.342,134.702,142.025,131.772,131.885
372.4,93.11,54.053,137.148,92.713,60.245,134.63,141.994,131.772,131.885
372.5,93.11,54.053,137.182,92.646,60.148,134.63,142.025,131.885,131.922
372.6,93.177,54.053,137.114,92.713,60.245,134.63,142.025,131.772,131.885
372.7,93.11,54.053,137.148,92.713,60.245,134.666,141.994,131.772,131.96
372.8,93.11,54.156,137.148,92.713,60.148,134.594,142.025,131.772,131.848
372.9,93.243,54.053,137.148,92.779,60.148,134.666,141.994,131.848,131.848
373.0,93.11,54.053,137.08,92.713,60.245,134.737,141.994,131.772,131.96
373.1,93.11,54.053,137.182,92.646,60.342,134.63,142.025,131.81,131.848
373.2,93.177,54.156,137.182,92.779,60.245,134.666,141.994,131.772,131.885
373.3,93.044,54.156,137.182,92.779,60.245,134.666,141.994,131.848,131.885
373.4,93.243,54.053,137.114,92.646,60.245,134.666,141.994,131.848,131.848
373.5,93.177,54.156,137.148,92.779,60.245,134.63,141.994,131.81,131.922
373.6,93.177,54.053,137.182,92.646,60.342,134.702,141.994,131.81,131.922
373.7,93.11,54.156,137.148,92.779,60.245,134.666,141.994,131.81,131.848
373.8,93.177,54.156,137.114,92.713,60.342,134.666,142.056,131.772,131.885
373.9,93.11,54.156,137.251,92.713,60.342,134.666,141.994,131.848,131.922
374.0,93.177,54.259,137.148,92.713,60.245,134.63,142.087,131.772,131.885
374.1,93.177,54.259,137.114,92.779,60.535,134.63,142.025,131.772,131.848
374.2,93.11,54.156,137.148,92.713,60.245,134.666,142.025,131.772,131.885
374.3,93.11,54.156,137.08,92.779,60.342,134.702,142.025,131.848,131.922
374.4,93.177,54.156,137.148,92.713,60.342,134.666,141.994,131.848,131.885
374.5,93.177,54.156,137.114,92.713,60.245,134.666,142.025,131.81,131.848
374.6,93.177,54.156,137.148,92.779,60.245,134.702,142.025,131.81,131.885
374.7,93.243,54.156,137.114,92.779,60.342,134.666,141.962,131.81,131.922
374.8,93.11,54.156,137.148,92.779,60.245,134.702,142.025,131.81,131.885
374.9,93.177,54.156,137.148,92.912,60.342,134.702,141.994,131.81,131.96
375.0,93.11,54.156,137.182,92.646,60.438,134.702,141.994,131.81,131.885
375.1,93.243,54.362,137.148,92.713,60.342,134.666,141.994,131.772,131.96
375.2,93.177,54.259,137.114,92.912,60.342,134.666,142.025,131.848,131.922
375.3,93.309,54.156,137.114,92.779,60.342,134.666,142.025,131.81,131.997
375.4,93.243,54.362,137.114,92.779,60.342,134.666,141.962,131.848,131.96
375.5,93.243,54.156,137.148,92.846,60.245,134.666,141.931,131.81,131.885
375.6,93.177,54.156,137.148,92.779,60.342,134.666,141.994,131.81,131.848
375.7,93.309,54.156,137.114,92.779,60.438,134.702,142.025,131.922,131.922
375.8,93.177,54.259,137.148,92.779,60.438,134.666,142.025,131.848,131.922
375.9,93.177,54.156,137.114,92.846,60.438,134.666,142.025,131.848,131.922
376.0,93.243,54.156,137.114,92.779,60.438,134.702,142.025,131.848,131.922
376.1,93.309,54.259,137.148,92.846,60.438,134.666,142.025,131.848,131.922
376.2,93.374,54.259,137.148,92.846,60.342,134.666,141.994,131.885,131.96
376.3,93.177,54.259,137.114,92.779,60.438,134.666,142.025,131.885,131.922
376.4,93.243,54.259,137.182,92.846,60.438,134.666,142.025,131.848,131.922
376.5,93.309,54.362,137.148,92.846,60.342,134.666,141.994,131.848,131.885
376.6,93.243,54.362,137.08,92.912,60.438,134.702,141.994,131.81,131.922
376.7,93.309,54.362,137.148,92.912,60.438,134.666,141.994,131.848,131.997
376.8,93.177,54.259,137.148,93.044,60.342,134.666,141.994,131.885,131.885
376.9,93.243,54.259,137.148,92.846,60.438,134.702,141.994,131.848,131.96
377.0,93.177,54.362,137.114,92.846,60.438,134.702,142.025,131.848,131.96
377.1,93.243,54.259,137.148,92.846,60.438,134.666,141.994,131.848,131.96
377.2,93.243,54.362,137.114,92.846,60.535,134.702,141.994,131.848,131.922
377.3,93.243,54.259,137.08,92.912,60.438,134.702,142.025,131.885,131.922
377.4,93.374,54.362,137.148,92.912,60.438,134.702,141.994,131.848,131.997
377.5,93.243,54.259,137.148,92.846,60.535,134.666,141.994,131.885,131.885
377.6,93.243,54.259,137.148,92.846,60.438,134.666,141.962,131.848,131.96
377.7,93.243,54.259,137.148,92.846,60.342,134.702,142.025,131.772,131.96
377.8,93.309,54.362,137.114,92.846,60.342,134.702,141.931,131.848,131.96
377.9,93.309,54.465,137.114,92.912,60.438,134.63,142.025,131.885,132.035
378.0,93.309,54.362,137.08,92.912,60.535,134.737,141.994,131.848,131.997
378.1,93.309,54.465,137.114,92.846,60.535,134.737,141.994,131.922,131.997
378.2,93.309,54.362,137.114,92.912,60.535,134.702,142.025,131.885,131.96
378.3,93.309,54.259,137.114,92.912,60.438,134.702,141.994,131.922,131.96
378.4,93.374,54.362,137.148,92.978,60.535,134.702,141.962,131.885,131.96
378.5,93.309,54.362,137.114,92.912,60.438,134.666,142.025,131.922,131.997
378.6,93.374,54.465,137.216,92.912,60.535,134.666,142.025,131.885,131.997
378.7,93.374,54.362,137.114,92.912,60.631,134.702,142.025,131.885,131.997
378.8,93.243,54.362,137.114,92.912,60.438,134.702,141.994,131.848,131.96
378.9,93.309,54.362,137.114,92.912,60.535,134.666,141.994,131.885,131.997
379.0,93.309,54.362,137.114,92.912,60.631,134.702,141.962,131.885,131.96
379.1,93.309,54.362,137.148,92.978,60.535,134.702,141.962,131.922,131.997
379.2,93.374,54.465,137.114,92.846,60.631,134.702,142.025,131.885,131.997
379.3,93.44,54.465,137.08,92.912,60.535,134.737,142.056,131.885,131.997
379.4,93.309,54.362,137.08,92.978,60.535,134.666,142.025,131.922,131.997
379.5,93.44,54.362,137.148,93.044,60.535,134.737,142.025,131.922,131.96
379.6,93.243,54.465,137.148,93.044,60.535,134.666,141.994,131.922,131.997
379.7,93.309,54.465,137.08,92.978,60.535,134.737,141.931,131.885,131.997
379.8,93.309,54.362,137.08,92.978,60.535,134.737,142.025,131.885,131.997
379.9,93.309,54.465,137.08,92.912,60.631,134.737,142.025,131.922,131.997
380.0,93.44,54.362,137.148,92.912,60.535,134.737,141.994,131.885,131.96
380.1,93.374,54.567,137.148,92.978,60.535,134.737,141.994,131.997,131.997
380.2,93.374,54.362,137.08,92.912,60.727,134.702,142.025,131.922,131.997
380.3,93.374,54.465,137.114,92.978,60.631,134.702,141.994,131.922,131.96
380.4,93.309,54.259,137.08,92.978,60.727,134.702,141.994,131.922,131.96
380.5,93.309,54.465,137.114,92.978,60.631,134.702,142.025,131.922,132.072
380.6,93.374,54.567,137.114,93.044,60.535,134.702,141.994,132.035,131.997
380.7,93.374,54.465,137.114,92.978,60.535,134.737,142.056,131.922,131.997
380.8,93.374,54.567,137.148,92.978,60.727,134.737,142.025,131.96,132.035
380.9,93.374,54.465,137.114,92.978,60.631,134.702,142.025,131.997,132.035
381.0,93.374,54.465,137.114,92.978,60.727,134.702,142.025,131.885,132.035
381.1,93.309,54.465,137.045,93.044,60.727,134.737,141.994,131.922,132.035
381.2,93.374,54.567,137.08,93.044,60.631,134.666,141.994,131.922,131.997
381.3,93.44,54.567,137.148,93.044,60.631,134.737,141.962,131.96,131.997
381.4,93.374,54.567,137.114,93.11,60.727,134.773,141.962,131.96,131.96
381.5,93.44,54.465,137.045,92.912,60.631,134.737,142.025,131.997,132.035
381.6,93.374,54.465,137.148,93.044,60.727,134.702,142.056,131.96,132.072
381.7,93.44,54.567,137.114,93.044,60.631,134.702,142.025,131.96,131.997
381.8,93.44,54.362,137.148,92.978,60.727,134.844,141.994,131.997,132.109
381.9,93.44,54.567,137.08,92.912,60.727,134.737,142.087,131.96,132.035
382.0,93.44,54.67,137.08,92.912,60.727,134.737,142.025,131.96,132.072
382.1,93.374,54.67,137.182,93.044,60.631,134.737,142.025,131.997,132.072
382.2,93.374,54.67,137.114,93.11,60.727,134.702,141.994,131.997,131.997
382.3,93.374,54.567,137.08,93.044,60.631,134.737,142.056,132.035,132.035
382.4,93.44,54.567,137.114,93.044,60.727,134.737,142.087,131.997,132.035
382.5,93.506,54.567,137.114,93.044,60.727,134.702,142.025,131.997,132.035
382.6,93.506,54.67,137.08,92.978,60.727,134.702,142.025,132.035,132.035
382.7,93.44,54.567,137.114,92.978,60.631,134.844,141.962,131.81,132.072
382.8,93.374,54.567,137.08,93.044,60.631,134.737,142.025,131.997,132.035
382.9,93.44,54.567,137.114,93.11,60.824,134.702,141.962,131.997,132.035
383.0,93.44,54.567,137.114,93.11,60.631,134.809,142.025,131.997,132.035
383.1,93.374,54.567,137.114,93.044,60.727,134.773,141.994,131.997,132.072
383.2,93.44,54.67,137.08,93.11,60.727,134.737,142.025,131.997,131.96
383.3,93.44,54.67,137.114,93.044,60.727,134.737,142.056,131.997,132.109
383.4,93.506,54.67,137.08,93.044,60.727,134.737,141.994,132.072,132.072
383.5,93.44,54.67,137.114,93.11,60.631,134.773,142.025,131.997,132.072
383.6,93.44,54.67,137.114,93.11,60.824,134.737,141.994,131.96,132.072
383.7,93.44,54.567,137.114,93.11,60.727,134.702,142.025,132.072,132.072
383.8,93.572,54.67,137.114,93.044,60.824,134.737,142.025,131.96,132.035
383.9,93.44,54.772,137.148,93.11,60.631,134.702,141.994,132.072,132.072
384.0,93.506,54.567,137.08,93.11,60.92,134.773,142.056,132.035,131.997
384.1,93.44,54.67,137.148,93.11,60.727,134.773,141.994,131.997,132.147
384.2,93.506,54.67,137.148,93.11,60.727,134.809,142.025,132.035,132.072
384.3,93.506,54.67,137.08,93.177,60.824,134.737,142.056,131.997,132.072
384.4,93.506,54.67,137.08,93.11,60.824,134.737,142.025,132.035,132.147
384.5,93.506,54.67,137.114,93.11,60.824,134.702,142.025,131.997,132.109
384.6,93.44,54.67,137.182,93.11,60.92,134.737,142.025,131.96,132.072
384.7,93.506,54.67,137.114,93.044,60.824,134.737,141.994,131.997,132.109
384.8,93.44,54.67,137.08,93.177,60.727,134.773,141.962,132.072,132.072
384.9,93.506,54.67,137.114,93.11,60.727,134.737,142.056,132.072,132.072
385.0,93.506,54.772,137.114,93.177,60.92,134.773,142.025,132.035,132.072
385.1,93.506,54.772,137.114,93.11,60.727,134.773,141.994,132.072,131.997
385.2,93.506,54.67,137.114,92.912,60.824,134.773,142.025,132.072,132.072
385.3,93.572,54.67,137.114,93.11,60.727,134.737,142.025,132.035,132.072
385.4,93.506,54.772,137.08,93.243,60.92,134.773,142.056,132.072,132.109
385.5,93.506,54.772,137.045,93.243,60.824,134.737,142.025,132.035,132.109
385.6,93.506,54.772,137.114,93.11,60.824,134.844,142.025,132.147,132.035
385.7,93.572,54.772,137.148,93.177,60.824,134.773,141.994,132.072,132.147
385.8,93.506,54.875,137.08,93.243,60.824,134.773,142.056,132.072,132.109
385.9,93.506,54.875,137.148,93.177,60.92,134.773,141.994,132.072,132.109
386.0,93.506,54.875,137.114,93.177,60.824,134.773,142.025,132.072,132.072
386.1,93.506,54.772,137.045,93.177,60.824,134.809,142.025,132.072,132.072
386.2,93.638,54.772,137.08,93.177,60.92,134.737,142.025,132.072,132.109
386.3,93.572,54.772,137.114,93.177,60.824,134.773,142.087,132.072,132.072
386.4,93.506,54.772,137.08,93.243,60.92,134.773,142.025,132.109,132.072
386.5,93.638,54.772,137.114,93.243,61.016,134.737,141.994,132.072,132.147
386.6,93.572,54.772,137.114,93.11,60.824,134.809,142.087,132.072,132.109
386.7,93.506,54.772,137.08,93.243,60.92,134.809,141.994,132.109,132.072
386.8,93.572,54.875,137.114,93.309,60.92,134.737,142.025,132.109,132.147
386.9,93.572,54.875,137.114,93.243,60.92,134.773,142.056,132.072,132.147
387.0,93.638,54.772,137.08,93.177,60.92,134.773,142.025,132.109,132.072
387.1,93.572,54.772,137.114,93.177,60.824,134.809,142.025,132.072,132.184
387.2,93.572,54.772,137.045,93.243,61.016,134.773,142.025,132.072,132.109
387.3,93.638,54.772,137.114,93.177,60.92,134.773,142.025,132.147,132.184
387.4,93.572,54.772,137.148,93.177,60.92,134.809,142.025,132.109,132.109
387.5,93.572,54.772,137.114,93.309,60.92,134.773,142.025,132.109,132.109
387.6,93.506,54.875,137.08,93.243,60.92,134.773,142.025,132.109,132.147
387.7,93.572,54.772,137.08,93.177,61.016,134.737,142.025,132.109,132.109
387.8,93.638,54.772,137.08,93.243,60.92,134.773,141.994,132.072,132.147
387.9,93.572,54.977,137.08,93.177,60.92,134.809,142.025,132.072,132.109
388.0,93.506,54.875,137.114,93.309,60.824,134.773,141.994,132.109,132.147
388.1,93.638,54.875,137.114,93.243,61.016,134.773,141.994,132.221,132.109
388.2,93.703,54.875,137.08,93.243,61.016,134.773,142.056,132.072,132.109
388.3,93.506,54.875,137.08,93.243,61.016,134.773,142.025,132.147,132.147
388.4,93.572,54.875,137.08,93.243,60.92,134.773,142.025,132.184,132.147
388.5,93.572,54.875,137.08,93.243,60.824,134.773,141.994,132.109,132.147
388.6,93.638,54.875,137.08,93.243,61.016,134.773,142.025,132.109,132.184
388.7,93.572,54.875,137.114,93.243,60.92,134.773,142.025,132.109,132.221
388.8,93.638,54.875,137.114,93.177,60.92,134.809,142.056,132.109,132.147
388.9,93.572,54.875,137.045,93.243,61.016,134.773,141.994,132.109,132.184
389.0,93.638,54.875,137.045,93.243,61.016,134.773,141.994,132.109,132.221
389.1,93.638,54.875,137.114,93.243,61.016,134.809,141.994,132.109,132.147
389.2,93.572,54.977,137.148,93.243,61.112,134.809,141.994,132.184,132.184
389.3,93.638,54.977,137.114,93.243,61.016,134.773,141.994,132.109,132.147
389.4,93.638,54.977,137.08,93.374,60.92,134.773,141.994,132.109,132.147
389.5,93.703,54.977,137.114,93.309,61.016,134.809,141.994,132.109,132.147
389.6,93.638,54.875,137.08,93.309,61.016,134.773,141.994,132.184,132.147
389.7,93.638,54.977,137.08,93.243,61.016,134.809,141.994,132.221,132.184
389.8,93.703,54.977,137.08,93.243,60.92,134.773,141.994,132.147,132.147
389.9,93.703,54.875,137.114,93.309,60.92,134.809,142.056,132.147,132.184
390.0,93.703,54.875,137.045,93.374,61.016,134.773,141.994,132.184,132.184
390.1,93.572,54.875,137.08,93.243,60.92,134.844,142.056,132.184,132.147
390.2,93.703,55.079,137.114,93.309,61.112,134.844,142.056,132.109,132.184
390.3,93.703,54.977,137.08,93.374,60.92,134.809,141.994,132.147,132.147
390.4,93.703,54.977,137.08,93.309,61.016,134.773,141.994,132.184,132.296
390.5,93.638,55.079,137.148,93.309,61.016,134.809,142.025,132.109,132.184
390.6,93.769,54.875,137.08,93.309,60.92,134.737,142.087,132.184,132.147
390.7,93.638,54.977,137.114,93.374,61.016,134.773,142.056,132.147,132.184
390.8,93.638,54.977,137.08,93.309,60.92,134.773,142.056,132.147,132.221
390.9,93.769,54.977,137.08,93.374,61.112,134.844,141.994,132.147,132.296
391.0,93.703,54.977,137.114,93.374,61.016,134.809,141.994,132.147,132.221
391.1,93.638,54.977,137.08,93.309,61.112,134.773,141.962,132.184,132.072
391.2,93.638,54.977,137.045,93.309,61.112,134.809,141.994,132.184,132.184
391.3,93.638,55.079,137.08,93.309,61.016,134.844,141.994,132.184,132.221
391.4,93.703,54.977,137.08,93.374,61.112,134.809,141.994,132.184,132.259
391.5,93.638,54.977,137.08,93.374,61.112,134.809,142.025,132.147,132.184
391.6,93.769,55.079,137.114,93.374,61.207,134.809,141.994,132.184,132.221
391.7,93.703,55.079,137.114,93.309,61.112,134.809,141.962,132.221,132.221
391.8,93.703,55.079,137.114,93.44,61.112,134.809,142.025,132.184,132.184
391.9,93.769,55.079,137.114,93.44,61.112,134.809,142.056,132.184,132.221
392.0,93.703,55.079,137.045,93.309,61.112,134.809,141.931,132.147,132.259
392.1,93.769,55.079,137.114,93.374,61.112,134.809,141.994,132.221,132.296
392.2,93.703,55.079,137.045,93.374,61.207,134.844,142.056,132.147,132.259
392.3,93.703,55.079,137.08,93.309,61.112,134.809,141.994,132.184,132.221
392.4,93.769,55.079,137.148,93.374,61.207,134.809,141.994,132.184,132.184
392.5,93.703,55.181,137.114,93.374,61.112,134.809,141.994,132.221,132.221
392.6,93.769,55.079,137.08,93.374,61.207,134.809,141.931,132.147,132.221
392.7,93.703,55.079,137.08,93.44,61.207,134.809,141.962,132.184,132.333
392.8,93.769,55.283,137.114,93.309,61.303,134.809,142.025,132.221,132.221
392.9,93.769,55.079,137.045,93.374,61.207,134.809,141.994,132.184,132.221
393.0,93.834,55.079,137.08,93.44,61.207,134.809,141.994,132.221,132.259
393.1,93.703,55.079,137.08,93.374,61.112,134.773,142.025,132.221,132.259
393.2,93.703,55.079,137.08,93.374,61.112,134.809,141.994,132.221,132.221
393.3,93.769,55.181,137.08,93.374,61.112,134.809,141.994,132.221,132.221
393.4,93.638,55.079,137.08,93.374,61.303,134.809,141.994,132.184,132.296
393.5,93.703,55.079,137.114,93.374,61.207,134.844,142.025,132.221,132.259
393.6,93.769,55.283,137.08,93.44,61.303,134.773,142.025,132.184,132.259
393.7,93.834,55.181,137.08,93.374,61.112,134.844,142.056,132.333,132.259
393.8,93.769,55.181,137.08,93.374,61.207,134.844,141.994,132.221,132.259
393.9,93.9,55.181,137.045,93.374,61.207,134.88,142.025,132.184,132.259
394.0,93.834,55.181,137.08,93.572,61.207,134.915,142.025,132.221,132.259
394.1,93.769,55.181,137.011,93.44,61.399,134.844,142.056,132.221,132.221
394.2,93.769,55.181,137.114,93.44,61.303,134.844,141.994,132.221,132.184
394.3,93.769,55.181,137.08,93.506,61.207,134.844,142.025,132.221,132.259
394.4,93.769,55.181,137.08,93.374,61.207,134.809,142.025,132.221,132.259
394.5,93.834,55.181,137.08,93.506,61.303,134.844,141.994,132.259,132.221
394.6,93.703,55.181,137.08,93.506,61.207,134.844,141.962,132.259,132.259
394.7,93.834,55.181,137.08,93.374,61.207,134.844,142.087,132.221,132.296
394.8,93.769,55.283,137.08,93.44,61.207,134.844,141.994,132.221,132.259
394.9,93.834,55.181,137.08,93.44,61.303,134.844,142.087,132.221,132.259
395.0,93.769,55.181,137.08,93.506,61.399,134.844,141.994,132.259,132.221
395.1,93.834,55.181,137.08,93.506,61.303,134.844,141.962,132.259,132.259
395.2,93.834,55.181,137.114,93.44,61.207,134.809,141.962,132.259,132.259
395.3,93.834,55.283,137.045,93.506,61.303,134.809,141.899,132.296,132.296
395.4,93.834,55.283,137.182,93.44,61.112,134.844,142.056,132.296,132.259
395.5,93.769,55.283,137.045,93.44,61.303,134.844,142.025,132.259,132.259
395.6,93.834,55.283,137.114,93.506,61.303,134.844,142.025,132.296,132.259
395.7,93.834,55.283,137.045,93.44,61.207,134.844,142.025,132.259,132.296
395.8,93.9,55.181,137.045,93.506,61.399,134.844,141.994,132.259,132.296
395.9,93.834,55.283,137.045,93.506,61.303,134.809,142.025,132.259,132.259
396.0,93.965,55.181,137.08,93.44,61.303,134.809,142.056,132.296,132.259
396.1,93.638,55.283,137.08,93.44,61.303,134.88,142.025,132.259,132.444
396.2,93.9,55.385,137.045,93.506,61.399,134.844,141.994,132.259,132.221
396.3,93.834,55.283,137.08,93.506,61.303,134.844,141.994,132.259,132.333
396.4,93.769,55.283,137.011,93.506,61.303,134.844,141.994,132.259,132.296
396.5,93.965,55.283,137.045,93.506,61.494,134.844,141.994,132.259,132.296
396.6,93.834,55.181,137.045,93.44,61.303,134.809,142.025,132.296,132.296
396.7,93.9,55.385,137.08,93.506,61.303,134.844,141.994,132.37,132.296
396.8,93.9,55.283,137.045,93.572,61.399,134.844,142.056,132.296,132.296
396.9,93.9,55.181,137.114,93.506,61.399,134.809,141.994,132.259,132.296
397.0,93.834,55.283,137.08,93.572,61.303,134.88,142.025,132.333,132.296
397.1,93.9,55.385,137.08,93.506,61.399,134.844,141.994,132.259,132.333
397.2,93.9,55.486,137.08,93.506,61.399,134.88,142.056,132.296,132.37
397.3,93.9,55.385,137.114,93.572,61.399,134.88,141.994,132.296,132.333
397.4,93.9,55.385,137.045,93.44,61.399,134.88,142.056,132.296,132.296
397.5,93.834,55.385,137.045,93.506,61.399,134.88,141.994,132.333,132.296
397.6,93.9,55.385,137.08,93.506,61.399,134.844,141.994,132.221,132.333
397.7,93.9,55.385,137.045,93.572,61.399,134.844,141.994,132.296,132.333
397.8,93.965,55.486,137.045,93.572,61.399,134.88,142.025,132.333,132.333
397.9,93.965,55.385,137.114,93.572,61.494,134.844,142.025,132.444,132.296
398.0,93.965,55.385,137.08,93.572,61.399,134.88,142.056,132.333,132.333
398.1,93.965,55.486,137.045,93.572,61.399,134.88,141.994,132.37,132.333
398.2,93.965,55.486,137.08,93.506,61.494,134.844,141.994,132.333,132.296
398.3,93.965,55.486,137.045,93.572,61.494,134.88,142.025,132.37,132.333
398.4,93.965,55.486,137.114,93.572,61.399,134.88,141.994,132.333,132.407
398.5,93.9,55.486,137.08,93.572,61.494,134.844,141.994,132.37,132.333
398.6,93.9,55.385,137.045,93.506,61.399,134.88,142.087,132.296,132.333
398.7,93.9,55.486,137.045,93.572,61.494,134.844,142.025,132.296,132.333
398.8,93.9,55.588,137.045,93.572,61.494,134.844,141.994,132.37,132.37
398.9,93.9,55.385,137.045,93.638,61.494,134.88,141.962,132.333,132.37
399.0,93.9,55.588,137.045,93.506,61.399,134.88,141.994,132.333,132.37
399.1,93.965,55.385,137.045,93.638,61.494,134.844,142.025,132.37,132.333
399.2,93.834,55.486,137.011,93.638,61.494,134.88,142.025,132.37,132.333
399.3,93.9,55.486,137.045,93.638,61.59,134.88,142.087,132.37,132.333
399.4,93.965,55.385,137.011,93.638,61.494,134.844,141.994,132.37,132.37
399.5,94.031,55.486,137.08,93.572,61.494,134.915,141.994,132.37,132.407
399.6,94.031,55.588,136.943,93.638,61.59,134.844,142.025,132.37,132.37
399.7,93.965,55.486,137.08,93.572,61.494,134.737,141.994,132.37,132.37
399.8,93.965,55.486,137.114,93.638,61.494,134.844,142.025,132.37,132.37
399.9,93.965,55.588,137.045,93.572,61.59,134.88,142.025,132.37,132.333
400.0,93.965,55.486,137.114,93.638,61.494,134.844,142.056,132.37,132.333
400.1,93.965,55.486,137.011,93.638,61.59,134.915,141.994,132.37,132.407
400.2,93.965,55.588,137.045,93.572,61.399,134.88,141.994,132.37,132.37
400.3,93.965,55.588,137.08,93.638,61.494,134.88,142.025,132.37,132.407
400.4,93.965,55.588,136.977,93.572,61.59,134.915,142.056,132.37,132.444
400.5,93.965,55.486,137.08,93.638,61.494,134.88,142.056,132.37,132.407
400.6,93.965,55.588,137.011,93.638,61.685,134.915,141.994,132.37,132.407
400.7,94.031,55.588,137.08,93.638,61.59,134.88,141.994,132.37,132.407
400.8,94.031,55.486,137.011,93.638,61.59,134.88,142.056,132.37,132.37
400.9,94.096,55.689,137.045,93.703,61.494,134.88,141.994,132.37,132.407
401.0,94.096,55.588,137.08,93.769,61.59,134.915,142.056,132.407,132.333
401.1,94.031,55.689,137.045,93.638,61.685,134.915,141.994,132.407,132.482
401.2,94.031,55.588,137.045,93.638,61.685,134.88,141.994,132.333,132.444
401.3,94.031,55.689,137.045,93.703,61.494,134.915,142.025,132.407,132.407
401.4,93.965,55.588,137.045,93.769,61.494,134.88,141.994,132.37,132.407
401.5,94.031,55.689,137.045,93.769,61.59,134.915,142.025,132.37,132.407
401.6,94.031,55.588,137.011,93.703,61.59,134.88,141.994,132.407,132.296
401.7,94.031,55.689,137.045,93.638,61.59,134.88,142.025,132.444,132.333
401.8,94.096,55.689,137.011,93.703,61.59,134.915,141.994,132.444,132.444
401.9,94.031,55.689,137.045,93.703,61.59,134.915,141.994,132.482,132.407
402.0,94.031,55.689,137.045,93.703,61.59,134.844,142.025,132.444,132.444
402.1,94.031,55.689,137.08,93.638,61.685,134.987,141.994,132.444,132.407
402.2,94.031,55.689,137.045,93.703,61.494,134.88,141.994,132.407,132.407
402.3,94.096,55.689,137.08,93.703,61.685,134.915,141.994,132.407,132.444
402.4,94.096,55.689,137.045,93.703,61.685,134.88,141.994,132.407,132.444
402.5,94.031,55.689,137.114,93.703,61.685,134.88,142.025,132.407,132.444
402.6,94.161,55.588,137.045,93.703,61.78,134.88,142.025,132.444,132.407
402.7,94.031,55.689,137.045,93.703,61.59,134.915,142.025,132.444,132.444
402.8,94.096,55.791,137.045,93.703,61.685,134.88,142.056,132.482,132.407
402.9,94.031,55.689,137.114,93.703,61.59,134.915,141.994,132.407,132.482
403.0,94.031,55.689,137.045,93.769,61.685,134.915,141.994,132.444,132.407
403.1,94.096,55.689,137.045,93.703,61.685,134.915,141.994,132.444,132.444
403.2,94.031,55.791,137.114,93.769,61.685,134.951,142.025,132.482,132.482
403.3,94.161,55.689,137.045,93.638,61.685,134.915,142.025,132.444,132.482
403.4,94.096,55.791,137.045,93.769,61.685,134.915,141.994,132.444,132.444
403.5,94.031,55.689,137.011,93.834,61.685,134.915,141.994,132.444,132.444
403.6,94.031,55.791,137.011,93.769,61.685,134.987,141.994,132.444,132.519
403.7,94.096,55.689,137.08,93.769,61.685,134.987,141.994,132.444,132.444
403.8,94.096,55.689,137.08,93.834,61.399,134.915,141.994,132.444,132.482
403.9,94.096,55.791,137.08,93.769,61.875,134.915,141.994,132.482,132.482
404.0,94.096,55.791,137.011,93.638,61.685,134.915,142.025,132.482,132.482
404.1,94.096,55.791,137.08,93.769,61.685,134.915,142.025,132.482,132.444
404.2,94.096,55.791,137.08,93.769,61.78,134.987,142.025,132.519,132.444
404.3,94.161,55.791,137.08,93.769,61.78,134.951,141.994,132.519,132.444
404.4,94.096,55.791,137.045,93.769,61.78,134.915,141.994,132.444,132.482
404.5,94.096,55.791,137.011,93.703,61.78,134.951,142.025,132.444,132.482
404.6,94.096,55.791,137.011,93.769,61.685,134.915,142.056,132.482,132.482
404.7,94.161,55.993,137.114,93.834,61.78,134.951,142.025,132.444,132.482
404.8,94.161,55.791,137.011,93.769,61.78,134.915,142.025,132.444,132.482
404.9,94.096,55.791,137.045,93.769,61.685,134.951,141.994,132.482,132.482
405.0,94.161,55.892,137.011,93.703,61.78,134.951,141.931,132.444,132.482
405.1,94.096,55.791,137.011,93.834,61.685,134.987,141.994,132.482,132.444
405.2,94.161,55.892,137.011,93.769,61.78,134.915,142.025,132.593,132.482
405.3,94.161,55.892,137.045,93.769,61.78,134.951,142.025,132.482,132.593
405.4,94.161,55.892,137.045,93.769,61.875,134.915,141.994,132.482,132.519
405.5,94.096,55.892,137.011,93.834,61.685,134.951,142.025,132.519,132.482
405.6,94.226,55.791,136.977,93.834,61.78,134.915,142.056,132.519,132.444
405.7,94.226,55.791,137.011,93.834,61.685,134.987,141.994,132.482,132.482
405.8,94.096,55.892,137.08,93.834,61.78,134.915,142.025,132.519,132.444
405.9,94.161,55.892,137.045,93.834,61.78,134.88,141.994,132.519,132.482
406.0,94.226,55.892,137.08,93.769,61.78,134.951,142.025,132.482,132.482
406.1,94.226,55.892,137.045,93.834,61.875,134.915,141.994,132.482,132.519
406.2,94.226,55.892,137.011,93.965,61.875,134.951,141.962,132.519,132.556
406.3,94.161,55.892,137.011,93.769,61.875,134.915,142.056,132.444,132.519
406.4,94.226,55.993,137.08,93.834,61.78,134.915,142.025,132.519,132.556
406.5,94.161,55.993,137.08,93.9,61.875,135.022,141.994,132.519,132.482
406.6,94.226,55.892,137.011,93.834,61.875,134.951,142.025,132.519,132.519
406.7,94.226,55.993,137.045,93.9,61.875,134.915,142.025,132.519,132.519
406.8,94.161,55.993,137.08,93.834,61.875,135.093,142.056,132.519,132.556
406.9,94.226,55.993,137.08,93.834,61.97,134.951,141.994,132.519,132.593
407.0,94.292,55.892,137.08,93.9,61.78,134.951,141.994,132.556,132.556
407.1,94.161,55.993,137.08,93.834,62.065,134.951,142.025,132.556,132.556
407.2,94.292,55.993,136.977,93.9,61.875,135.022,142.056,132.556,132.556
407.3,94.161,55.993,137.045,93.9,61.875,134.951,142.025,132.556,132.519
407.4,94.226,55.993,137.011,93.9,61.875,134.987,141.962,132.519,132.556
407.5,94.292,55.993,137.011,93.834,61.875,134.987,142.025,132.556,132.519
407.6,94.226,56.094,137.011,93.9,61.97,134.915,142.087,132.556,132.519
407.7,94.226,55.892,137.011,93.834,61.97,134.915,141.994,132.519,132.556
407.8,94.226,56.094,137.114,93.965,61.97,134.951,141.994,132.556,132.519
407.9,94.226,55.993,137.045,93.965,61.875,134.987,142.025,132.519,132.593
408.0,94.226,55.993,137.011,93.834,61.875,134.987,141.994,132.519,132.556
408.1,94.292,55.993,137.011,93.9,61.875,134.951,141.931,132.519,132.519
408.2,94.226,55.993,137.011,93.834,61.875,134.951,142.025,132.519,132.519
408.3,94.292,55.993,137.011,93.9,61.875,134.951,141.994,132.556,132.519
408.4,94.226,55.993,137.045,93.9,61.97,134.951,141.962,132.519,132.556
408.5,94.226,55.993,136.977,93.9,62.065,134.951,141.994,132.556,132.556
408.6,94.292,55.993,137.011,93.834,61.875,134.951,142.025,132.593,132.63
408.7,94.226,56.094,137.011,93.834,62.065,134.951,142.025,132.556,132.63
408.8,94.226,55.993,137.045,93.9,61.875,134.951,141.994,132.556,132.519
408.9,94.226,55.993,137.045,93.9,62.065,134.951,141.994,132.519,132.556
409.0,94.292,56.195,137.08,93.9,61.97,134.951,141.962,132.556,132.556
409.1,94.292,56.094,137.045,93.9,61.97,134.951,142.025,132.63,132.556
409.2,94.292,55.993,137.045,93.9,62.065,134.951,142.025,132.593,132.556
409.3,94.226,55.993,137.011,93.9,61.97,134.915,142.087,132.556,132.593
409.4,94.357,55.993,137.011,93.965,61.97,134.915,141.994,132.593,132.63
409.5,94.357,56.094,137.045,93.9,62.065,134.951,141.994,132.593,132.593
409.6,94.292,55.993,136.977,93.965,62.065,134.915,141.994,132.519,132.556
409.7,94.357,56.094,137.011,93.9,61.97,134.951,141.994,132.556,132.63
409.8,94.292,55.892,137.045,93.9,61.97,134.951,141.994,132.556,132.556
409.9,94.292,56.094,137.011,93.965,62.065,134.987,141.994,132.519,132.556
410.0,94.292,56.094,136.977,93.965,61.97,135.022,141.994,132.519,132.593
410.1,94.292,56.195,137.011,93.965,62.065,134.951,142.025,132.556,132.63
410.2,94.357,56.195,137.011,93.9,61.97,135.022,141.994,132.63,132.593
410.3,94.292,55.993,137.045,93.965,61.97,134.987,141.962,132.593,132.63
410.4,94.292,56.195,137.08,93.965,62.065,134.987,142.056,132.593,132.63
410.5,94.292,56.094,137.045,93.965,62.065,134.951,141.994,132.593,132.556
410.6,94.357,56.195,137.011,93.965,62.065,134.987,141.962,132.593,132.593
410.7,94.226,56.296,137.011,93.965,62.065,134.951,142.025,132.667,132.593
410.8,94.292,56.195,137.011,94.031,62.065,135.022,141.994,132.593,132.704
410.9,94.292,56.195,137.011,93.965,62.065,134.987,141.994,132.593,132.593
411.0,94.357,56.195,137.011,93.965,62.16,134.987,141.962,132.593,132.593
411.1,94.357,56.195,136.943,93.9,62.065,135.129,141.931,132.593,132.593
411.2,94.357,56.195,137.011,94.031,62.065,134.987,142.025,132.593,132.667
411.3,94.357,56.094,137.011,93.965,62.065,134.987,141.994,132.593,132.593
411.4,94.292,56.195,137.011,93.965,62.16,134.987,142.056,132.593,132.593
411.5,94.357,56.195,136.977,93.965,62.16,134.987,141.994,132.593,132.593
411.6,94.292,56.195,137.011,93.965,62.065,134.987,142.056,132.704,132.63
411.7,94.357,56.397,136.943,93.965,62.16,134.987,141.994,132.63,132.593
411.8,94.357,56.296,137.011,94.031,62.16,134.915,141.994,132.593,132.593
411.9,94.422,56.296,137.011,94.031,62.16,135.022,141.962,132.63,132.63
412.0,94.357,56.296,137.011,93.965,62.16,134.987,141.994,132.667,132.63
412.1,94.357,56.296,137.011,93.965,62.16,134.987,141.962,132.63,132.519
412.2,94.422,56.296,137.011,93.965,62.16,134.951,141.994,132.667,132.63
412.3,94.422,56.195,137.011,94.161,62.065,134.987,141.994,132.593,132.63
412.4,94.422,56.296,136.977,94.031,62.255,134.987,142.025,132.593,132.593
412.5,94.422,56.296,137.08,93.965,62.16,134.987,141.994,132.704,132.556
412.6,94.357,56.296,136.977,94.031,62.16,134.987,141.994,132.63,132.704
412.7,94.422,56.296,136.977,93.965,62.255,134.951,142.025,132.63,132.667
412.8,94.487,56.296,137.045,94.031,62.255,134.987,141.994,132.63,132.593
412.9,94.487,56.296,136.839,94.031,62.16,134.987,142.025,132.667,132.63
413.0,94.422,56.296,137.011,94.031,62.255,135.022,141.994,132.63,132.593
413.1,94.422,56.296,137.045,94.096,62.255,134.987,141.994,132.704,132.63
413.2,94.552,56.296,137.011,93.965,62.16,134.987,141.994,132.63,132.556
413.3,94.422,56.296,137.011,94.096,62.16,134.987,141.962,132.63,132.63
413.4,94.422,56.195,137.08,94.031,62.349,134.987,141.994,132.667,132.667
413.5,94.422,56.296,136.977,94.031,62.16,134.987,141.994,132.667,132.704
413.6,94.422,56.397,137.011,94.031,62.255,135.022,142.025,132.667,132.704
413.7,94.422,56.296,137.045,94.031,62.255,134.987,141.994,132.63,132.741
413.8,94.422,56.296,136.977,94.096,62.255,134.987,141.994,132.667,132.63
413.9,94.357,56.397,136.977,94.031,62.16,134.987,141.994,132.63,132.667
414.0,94.422,56.397,137.011,94.031,62.255,135.022,141.962,132.63,132.667
414.1,94.422,56.397,136.943,94.031,62.255,134.987,141.962,132.704,132.667
414.2,94.422,56.397,137.011,94.031,62.16,135.022,141.994,132.667,132.667
414.3,94.422,56.497,137.011,94.031,62.349,134.987,141.962,132.667,132.63
414.4,94.487,56.397,137.011,94.031,62.255,134.987,141.994,132.63,132.63
414.5,94.487,56.397,136.908,94.096,62.255,135.022,142.025,132.704,132.741
414.6,94.487,56.397,137.011,94.292,62.349,134.987,142.025,132.741,132.704
414.7,94.422,56.397,136.977,94.096,62.255,134.915,141.994,132.63,132.814
414.8,94.487,56.397,136.977,94.031,62.255,134.987,142.056,132.63,132.667
414.9,94.487,56.497,137.045,94.031,62.255,135.058,141.994,132.667,132.667
415.0,94.552,56.397,137.011,94.096,62.255,135.058,142.025,132.704,132.704
415.1,94.422,56.397,136.943,94.161,62.255,135.022,142.025,132.741,132.667
415.2,94.487,56.397,136.943,94.161,62.255,134.987,141.962,132.741,132.667
415.3,94.487,56.497,137.011,94.096,62.255,135.022,142.025,132.667,132.667
415.4,94.487,56.497,136.943,94.096,62.255,135.022,142.087,132.741,132.741
415.5,94.552,56.497,137.011,94.161,62.444,134.987,141.962,132.704,132.704
415.6,94.487,56.497,137.011,94.096,62.255,134.987,141.994,132.704,132.704
415.7,94.487,56.598,137.011,94.161,62.255,135.022,141.994,132.741,132.704
415.8,94.487,56.397,137.011,94.161,62.349,134.987,142.119,132.704,132.704
415.9,94.552,56.497,136.977,94.096,62.349,135.022,142.025,132.704,132.704
416.0,94.617,56.598,136.943,94.096,62.255,134.987,142.025,132.704,132.704
416.1,94.487,56.397,136.977,94.096,62.349,135.022,141.994,132.741,132.667
416.2,94.552,56.497,136.943,94.161,62.349,134.987,142.025,132.741,132.741
416.3,94.552,56.497,137.011,94.161,62.349,135.058,142.025,132.667,132.667
416.4,94.552,56.497,136.977,94.226,62.349,134.987,141.994,132.704,132.704
416.5,94.552,56.497,137.011,94.161,62.349,135.022,141.994,132.741,132.704
416.6,94.617,56.497,137.011,94.096,62.349,135.022,141.962,132.704,132.704
416.7,94.552,56.598,137.045,94.161,62.349,135.022,141.962,132.704,132.814
416.8,94.552,56.497,136.943,94.161,62.255,134.987,141.994,132.667,132.741
416.9,94.552,56.598,137.011,94.161,62.444,135.022,142.025,132.778,132.63
417.0,94.617,56.497,136.977,94.161,62.444,135.058,141.962,132.778,132.778
417.1,94.552,56.497,136.977,94.096,62.444,135.022,142.025,132.778,132.741
417.2,94.681,56.598,137.011,94.161,62.444,135.022,141.994,132.704,132.704
417.3,94.617,56.497,137.011,94.161,62.444,135.022,141.994,132.704,132.704
417.4,94.552,56.598,136.977,94.161,62.444,135.022,141.962,132.741,132.667
417.5,94.552,56.497,136.943,94.161,62.444,134.987,142.056,132.63,132.741
417.6,94.552,56.598,136.977,94.161,62.349,135.058,142.025,132.741,132.778
417.7,94.552,56.598,137.011,94.161,62.444,135.022,141.994,132.778,132.741
417.8,94.552,56.497,136.977,94.161,62.255,135.093,141.994,132.704,132.778
417.9,94.552,56.598,137.011,94.226,62.444,135.058,142.056,132.778,132.814
418.0,94.617,56.598,137.011,94.096,62.349,135.058,141.994,132.741,132.741
418.1,94.552,56.598,136.977,94.161,62.538,135.022,141.994,132.704,132.741
418.2,94.617,56.598,136.977,94.161,62.349,135.022,141.994,132.741,132.741
418.3,94.552,56.497,136.977,94.161,62.444,135.022,142.025,132.778,132.778
418.4,94.617,56.598,136.943,94.161,62.444,135.022,141.994,132.741,132.741
418.5,94.552,56.598,136.943,94.226,62.444,135.022,141.994,132.778,132.667
418.6,94.552,56.598,137.011,94.226,62.349,135.058,141.994,132.778,132.741
418.7,94.681,56.598,136.943,94.161,62.444,135.058,141.994,132.814,132.778
418.8,94.617,56.799,137.011,94.226,62.444,135.022,141.962,132.814,132.741
418.9,94.617,56.598,137.011,94.226,62.349,135.022,141.994,132.741,132.778
419.0,94.617,56.598,137.011,94.226,62.444,135.129,141.962,132.814,132.778
419.1,94.552,56.698,136.977,94.226,62.538,135.022,142.025,132.814,132.778
419.2,94.681,56.598,136.943,94.096,62.444,135.093,141.994,132.741,132.778
419.3,94.617,56.698,136.977,94.226,62.538,135.022,141.962,132.778,132.814
419.4,94.617,56.698,137.045,94.292,62.444,135.022,141.994,132.814,132.704
419.5,94.681,56.698,136.908,94.226,62.444,135.022,141.931,132.778,132.741
419.6,94.681,56.799,136.977,94.226,62.444,135.058,142.025,132.814,132.778
419.7,94.617,56.598,137.045,94.226,62.538,134.951,141.994,132.814,132.778
419.8,94.552,56.698,136.977,94.292,62.444,135.022,142.025,132.778,132.741
419.9,94.681,56.598,136.977,94.161,62.633,135.058,142.025,132.778,132.741
420.0,94.617,56.799,137.08,94.096,62.444,135.058,141.994,132.778,132.814
420.1,94.746,56.799,137.011,94.292,62.444,135.022,141.994,132.814,132.778
420.2,94.681,56.698,136.977,94.226,62.538,135.058,142.119,132.814,132.778
420.3,94.617,56.799,136.977,94.226,62.538,135.058,142.025,132.778,132.778
420.4,94.617,56.799,136.943,94.292,62.633,135.022,141.962,132.778,132.778
420.5,94.681,56.899,137.011,94.292,62.538,135.093,141.962,132.851,132.814
420.6,94.681,56.799,136.977,94.292,62.633,135.022,141.994,132.778,132.814
420.7,94.746,56.698,136.977,94.226,62.538,135.058,142.025,132.814,132.778
420.8,94.617,56.698,136.943,94.226,62.633,135.022,141.994,132.851,132.814
420.9,94.681,56.698,137.011,94.096,62.538,135.058,141.994,132.851,132.814
421.0,94.746,56.799,136.977,94.226,62.633,135.058,141.994,132.778,132.814
421.1,94.681,56.899,136.977,94.292,62.633,135.058,141.994,132.814,132.814
421.2,94.681,56.799,136.977,94.292,62.633,135.093,141.994,132.814,132.851
421.3,94.746,56.899,137.011,94.292,62.633,134.987,142.025,132.778,132.814
421.4,94.746,56.799,136.977,94.292,62.538,135.058,142.025,132.778,132.814
421.5,94.681,56.799,136.977,94.292,62.633,135.058,141.962,132.741,132.888
421.6,94.681,56.799,136.943,94.292,62.538,135.022,142.025,132.814,132.814
421.7,94.681,56.899,136.977,94.292,62.538,135.093,142.025,132.888,132.814
421.8,94.746,56.799,136.977,94.292,62.633,135.058,141.994,132.851,132.851
421.9,94.746,56.799,137.011,94.357,62.633,135.093,142.025,132.851,132.888
422.0,94.681,56.799,136.977,94.357,62.727,135.129,141.994,132.851,132.814
422.1,94.552,56.899,136.977,94.292,62.633,135.022,141.994,132.851,132.814
422.2,94.746,56.899,136.943,94.226,62.538,135.022,141.994,132.851,132.814
422.3,94.811,56.899,136.943,94.292,62.633,134.987,141.994,132.851,132.778
422.4,94.681,56.799,136.977,94.292,62.727,135.022,142.025,132.851,132.778
422.5,94.876,56.899,136.943,94.357,62.633,135.164,141.994,132.778,132.851
422.6,94.746,56.899,137.011,94.357,62.727,135.058,141.962,132.851,132.851
422.7,94.746,56.799,136.943,94.357,62.633,135.022,142.025,132.851,132.888
422.8,94.746,56.899,136.977,94.357,62.633,135.058,142.025,132.851,132.814
422.9,94.746,56.899,136.977,94.357,62.727,135.058,141.994,132.888,132.888
423.0,94.681,56.999,136.977,94.357,62.633,135.058,141.962,132.888,132.851
423.1,94.811,56.799,136.943,94.292,62.633,135.058,142.025,132.851,132.851
423.2,94.811,56.899,137.011,94.292,62.633,135.093,141.994,132.888,132.814
423.3,94.811,56.899,136.977,94.292,62.727,135.093,141.931,132.851,132.851
423.4,94.811,56.999,136.943,94.422,62.633,135.093,141.962,132.851,132.888
423.5,94.746,56.999,136.943,94.357,62.727,135.058,141.994,132.851,132.851
423.6,94.746,56.899,136.977,94.357,62.633,135.058,141.994,132.851,132.814
423.7,94.811,56.999,137.011,94.292,62.727,135.093,141.994,132.851,132.888
423.8,94.746,56.899,136.943,94.226,62.727,135.093,141.994,132.888,132.888
423.9,94.811,56.999,137.011,94.357,62.633,135.093,141.994,132.925,132.814
424.0,94.94,56.999,137.011,94.357,62.633,135.093,141.931,132.925,132.851
424.1,94.811,56.999,136.977,94.422,62.821,135.058,141.994,132.888,132.814
424.2,94.876,56.999,136.908,94.357,62.821,135.058,141.962,132.888,132.851
424.3,94.746,56.999,136.943,94.357,62.821,135.093,142.025,132.888,132.851
424.4,94.746,56.999,137.011,94.357,62.821,135.058,141.994,132.925,132.925
424.5,94.811,56.799,136.977,94.357,62.727,135.164,141.994,132.851,132.888
424.6,94.876,56.999,136.977,94.357,62.727,135.093,141.994,132.888,132.925
424.7,94.746,57.099,136.943,94.357,62.821,135.058,142.025,132.888,132.851
424.8,94.811,56.999,136.943,94.357,62.727,135.093,141.962,132.851,132.851
424.9,94.876,56.999,136.943,94.357,62.727,135.058,141.994,132.888,132.925
425.0,94.811,56.999,136.943,94.422,62.727,135.093,141.994,132.888,132.888
425.1,94.876,56.999,136.943,94.357,62.821,135.058,141.994,132.925,132.888
425.2,94.811,57.099,136.874,94.422,62.821,135.093,141.994,132.888,132.888
425.3,94.811,56.999,136.977,94.422,62.821,135.058,142.025,132.962,132.851
425.4,94.876,57.099,137.011,94.422,62.727,135.058,141.962,132.888,132.851
425.5,94.811,57.099,136.943,94.422,62.727,135.093,141.994,132.925,132.888
425.6,94.811,56.899,136.977,94.422,62.915,135.093,141.962,132.888,132.888
425.7,94.876,56.999,137.045,94.422,62.821,135.093,141.994,132.925,132.851
425.8,94.811,56.999,136.908,94.422,62.821,135.093,141.994,132.888,132.925
425.9,94.876,57.099,136.943,94.487,62.821,135.129,142.025,132.925,132.962
426.0,94.811,57.099,136.977,94.422,62.915,135.058,141.994,132.925,132.888
426.1,94.876,57.099,136.908,94.422,62.821,135.129,141.994,132.925,132.888
426.2,94.876,56.999,136.943,94.422,62.915,135.058,141.994,132.925,132.888
426.3,94.876,57.199,136.943,94.422,62.821,135.093,141.994,132.962,132.888
426.4,94.94,57.199,136.943,94.422,62.821,135.093,141.994,132.888,132.962
426.5,94.811,57.099,136.943,94.422,62.821,135.093,141.994,132.888,132.962
426.6,94.876,57.099,136.977,94.422,62.821,135.093,142.025,132.888,132.925
426.7,94.94,57.099,136.977,94.487,62.821,135.199,141.994,132.962,132.925
426.8,94.876,57.199,136.977,94.422,62.821,135.093,141.994,132.888,132.925
426.9,94.876,57.099,136.977,94.422,62.915,135.093,141.994,132.888,132.925
427.0,94.876,57.099,136.977,94.552,62.915,135.058,141.962,132.925,132.888
427.1,94.876,57.199,136.943,94.487,62.915,135.093,141.994,132.962,132.962
427.2,94.94,57.199,136.943,94.487,62.821,135.058,141.994,132.925,132.925
427.3,95.069,57.199,136.943,94.487,62.821,135.129,142.119,133.035,132.999
427.4,94.876,57.199,137.045,94.487,62.821,135.093,141.994,132.962,132.925
427.5,94.876,57.199,136.943,94.422,62.915,135.058,141.994,132.962,132.962
427.6,94.94,57.099,136.977,94.487,62.915,135.093,142.056,132.962,132.925
427.7,95.005,57.199,137.011,94.487,62.915,135.058,141.962,132.925,132.888
427.8,94.876,57.199,136.943,94.487,62.915,135.058,142.025,132.962,132.925
427.9,95.005,57.299,136.943,94.487,63.009,135.129,141.962,132.962,132.962
428.0,95.005,57.199,136.977,94.487,63.009,135.093,142.025,132.962,132.962
428.1,94.94,57.199,136.977,94.422,62.915,135.058,141.994,132.888,132.962
428.2,94.876,57.299,136.977,94.422,62.915,135.129,141.994,132.962,132.888
428.3,94.94,57.299,137.045,94.487,62.915,135.093,141.962,132.962,132.888
428.4,95.005,57.199,136.977,94.487,62.915,135.093,142.025,132.962,132.962
428.5,95.005,57.299,136.943,94.487,62.915,135.129,142.025,132.999,132.925
428.6,95.005,57.299,136.943,94.487,62.915,135.093,141.994,132.962,132.962
428.7,94.94,57.199,137.011,94.487,63.009,135.058,142.025,132.962,132.962
428.8,94.94,57.199,136.977,94.552,63.009,135.093,141.994,132.962,132.962
428.9,94.94,57.199,136.943,94.487,62.915,135.093,141.962,132.962,132.962
429.0,95.005,57.199,136.977,94.487,63.103,135.058,141.994,132.962,132.962
429.1,95.005,57.299,137.011,94.487,62.915,135.093,142.025,132.925,132.999
429.2,95.005,57.299,136.943,94.552,62.915,135.093,141.899,132.962,132.999
429.3,95.005,57.199,136.943,94.552,62.915,135.093,141.994,132.925,132.925
429.4,94.94,57.199,136.943,94.487,63.009,135.093,141.962,132.999,132.962
429.5,95.005,57.299,136.943,94.487,63.009,135.093,141.962,132.962,132.925
429.6,95.069,57.299,136.977,94.487,63.009,135.129,141.962,132.962,132.925
429.7,95.005,57.299,136.943,94.552,63.009,135.164,141.962,133.035,132.962
429.8,95.069,57.299,136.943,94.487,63.103,135.058,141.899,133.035,132.925
429.9,94.94,57.299,136.977,94.552,62.821,135.093,141.962,132.962,132.962
430.0,94.94,57.299,136.943,94.552,63.009,135.093,141.962,132.962,132.962
430.1,95.005,57.299,136.977,94.487,63.009,135.129,141.962,132.925,132.925
430.2,95.005,57.199,136.943,94.487,63.103,135.058,141.994,132.999,132.925
430.3,95.005,57.299,136.943,94.487,62.915,135.093,142.025,132.999,132.925
430.4,95.005,57.299,136.943,94.552,63.103,135.093,141.994,132.962,132.999
430.5,94.94,57.299,136.977,94.552,63.009,135.093,142.025,132.962,132.962
430.6,95.005,57.299,136.943,94.487,63.103,135.093,141.962,133.035,132.962
430.7,95.069,57.398,136.943,94.552,63.009,135.129,141.994,132.999,133.035
430.8,95.005,57.398,136.943,94.617,63.009,135.058,141.994,133.035,133.035
430.9,95.005,57.299,136.943,94.552,63.103,135.093,141.962,132.999,132.962
431.0,94.876,57.398,136.943,94.617,63.103,135.093,141.994,133.035,133.035
431.1,95.005,57.398,136.977,94.552,63.009,135.129,141.994,133.035,132.999
431.2,95.069,57.299,136.943,94.617,63.009,135.093,141.994,132.962,132.999
431.3,95.005,57.299,136.943,94.552,63.009,135.093,142.025,132.999,132.999
431.4,95.005,57.398,136.943,94.681,63.103,135.164,141.962,132.999,132.962
431.5,95.069,57.398,136.943,94.552,63.009,135.093,141.994,133.035,132.999
431.6,95.069,57.398,136.943,94.552,63.103,135.129,142.056,133.035,133.035
431.7,95.069,57.398,136.943,94.617,63.103,135.058,141.994,133.035,132.999
431.8,95.069,57.398,136.977,94.552,62.915,135.129,141.962,133.035,132.999
431.9,95.069,57.398,136.908,94.617,62.915,135.093,141.994,133.072,133.035
432.0,94.94,57.398,137.114,94.552,63.103,135.129,141.994,133.072,132.962
432.1,95.134,57.398,136.977,94.617,63.103,135.058,141.962,133.035,133.035
432.2,95.069,57.498,136.908,94.552,63.103,135.093,141.931,132.851,132.999
432.3,95.134,57.398,136.908,94.552,63.103,135.129,141.962,133.035,133.035
432.4,95.069,57.398,136.943,94.552,63.103,135.129,141.899,133.035,132.999
432.5,95.069,57.398,136.977,94.617,63.103,135.093,141.962,133.035,133.035
432.6,95.005,57.498,136.943,94.617,63.197,135.129,141.994,132.999,132.999
432.7,95.069,57.498,136.977,94.552,63.103,135.129,141.994,133.035,132.999
432.8,95.069,57.498,136.943,94.617,63.103,135.164,141.994,133.035,133.035
432.9,95.069,57.398,136.908,94.617,63.29,135.093,141.994,133.072,133.109
433.0,95.069,57.498,136.874,94.617,63.103,135.093,141.994,133.072,132.999
433.1,95.069,57.398,136.943,94.617,63.197,135.129,141.962,133.035,132.999
433.2,95.069,57.498,136.977,94.681,63.197,135.129,141.994,133.035,133.035
433.3,95.134,57.398,136.977,94.617,63.103,135.129,142.025,133.035,133.035
433.4,95.134,57.398,136.943,94.617,63.103,135.129,142.025,133.035,133.072
433.5,95.198,57.498,136.908,94.617,63.103,135.129,141.931,133.072,133.072
433.6,95.134,57.498,136.943,94.681,63.197,135.129,141.962,133.035,133.035
433.7,95.134,57.398,136.943,94.681,63.197,135.164,141.994,133.146,133.072
433.8,95.134,57.498,136.943,94.617,63.103,135.093,141.994,133.035,132.999
433.9,95.069,57.597,136.908,94.681,63.103,135.129,141.962,133.072,133.035
434.0,95.134,57.398,136.943,94.617,63.197,135.129,141.994,133.035,133.072
434.1,95.134,57.597,136.908,94.617,63.197,135.129,142.025,133.035,133.035
434.2,95.198,57.597,136.943,94.617,63.103,135.129,141.994,133.035,133.035
434.3,95.134,57.398,136.908,94.617,63.197,135.093,141.962,132.999,133.035
434.4,95.198,57.498,136.943,94.681,63.009,135.093,141.962,133.035,132.999
434.5,95.134,57.597,136.943,94.681,63.197,135.129,141.962,133.109,132.962
434.6,95.134,57.597,136.908,94.681,63.29,135.129,141.994,133.072,132.999
434.7,95.134,57.597,136.977,94.746,63.197,135.129,141.962,133.072,133.072
434.8,95.262,57.498,136.943,94.681,63.29,135.129,141.931,133.109,133.072
434.9,95.134,57.597,136.943,94.617,63.197,135.164,141.962,133.109,133.109
435.0,95.262,57.597,136.874,94.681,63.197,135.164,141.994,133.035,133.109
435.1,95.198,57.597,136.977,94.746,63.29,135.093,141.962,133.146,133.072
435.2,95.198,57.597,136.908,94.681,63.197,135.129,142.025,133.072,133.109
435.3,95.198,57.597,137.011,94.746,63.29,135.129,141.994,133.072,133.035
435.4,95.134,57.597,136.943,94.681,63.29,135.129,141.994,133.109,133.146
435.5,95.262,57.597,136.908,94.746,63.29,135.129,141.994,133.146,133.035
435.6,95.134,57.597,136.943,94.746,63.29,135.129,141.962,133.146,133.035
435.7,95.198,57.697,136.943,94.811,63.29,135.164,142.056,133.072,133.072
435.8,95.198,57.498,136.943,94.681,63.29,135.129,141.994,133.072,133.109
435.9,95.198,57.697,136.908,94.681,63.29,135.164,141.994,133.109,133.109
436.0,95.198,57.697,136.908,94.681,63.29,135.129,141.962,133.109,133.109
436.1,95.198,57.597,136.943,94.746,63.29,135.129,141.899,133.109,133.219
436.2,95.262,57.697,136.943,94.681,63.29,135.093,141.962,133.146,133.109
436.3,95.327,57.597,136.908,94.681,63.29,135.129,141.994,133.072,133.109
436.4,95.198,57.697,136.943,94.746,63.29,135.199,141.962,133.109,133.109
436.5,95.198,57.597,136.908,94.681,63.384,135.129,142.025,133.146,133.109
436.6,95.134,57.697,136.943,94.681,63.384,135.164,141.994,133.109,133.109
436.7,95.327,57.697,136.908,94.876,63.29,135.164,141.962,133.109,133.146
436.8,95.262,57.697,136.943,94.746,63.384,135.129,141.994,133.109,133.109
436.9,95.262,57.697,136.943,94.746,63.29,135.129,141.994,133.109,133.072
437.0,95.198,57.597,136.943,94.746,63.477,135.164,141.962,133.146,133.109
437.1,95.327,57.697,136.908,94.746,63.384,135.129,141.994,133.219,133.109
437.2,95.262,57.697,136.874,94.746,63.29,135.093,141.994,133.146,133.146
437.3,95.262,57.796,136.908,94.681,63.477,135.129,141.962,133.035,133.182
437.4,95.262,57.697,136.874,94.746,63.384,135.164,141.994,133.146,133.146
437.5,95.262,57.895,136.908,94.746,63.384,135.164,141.962,133.146,133.182
437.6,95.327,57.597,136.943,94.746,63.384,135.129,141.994,133.182,133.109
437.7,95.198,57.697,136.908,94.746,63.384,135.129,141.962,133.035,133.072
437.8,95.262,57.697,136.908,94.681,63.384,135.129,141.994,133.146,133.109
437.9,95.262,57.697,136.908,94.746,63.571,135.199,141.868,133.182,133.109
438.0,95.262,57.796,136.874,94.746,63.477,135.129,141.962,133.146,133.146
438.1,95.262,57.697,136.908,94.681,63.477,135.129,141.805,133.109,133.109
438.2,95.262,57.796,136.908,94.746,63.477,135.129,142.087,133.109,133.109
438.3,95.198,57.697,136.908,94.746,63.384,135.129,141.962,133.146,133.182
438.4,95.327,57.796,136.977,94.876,63.384,135.093,141.962,133.255,133.182
438.5,95.391,57.697,136.908,94.746,63.477,135.129,141.994,133.146,133.146
438.6,95.198,57.796,136.943,94.746,63.29,135.164,141.994,133.219,133.109
438.7,95.327,57.796,136.908,94.746,63.477,135.129,141.962,133.109,133.255
438.8,95.327,57.796,136.943,94.811,63.571,135.164,141.994,133.219,133.072
438.9,95.327,57.796,136.908,94.681,63.29,135.129,141.994,133.146,133.109
439.0,95.327,57.796,136.908,94.811,63.477,135.129,141.962,133.146,133.109
439.1,95.262,57.796,136.943,94.811,63.384,135.164,141.994,133.182,133.146
439.2,95.262,57.796,136.943,94.811,63.477,135.164,141.994,133.182,133.182
439.3,95.327,57.796,136.908,94.811,63.384,135.164,141.994,133.146,133.182
439.4,95.391,57.697,136.943,94.876,63.477,135.164,141.962,133.182,133.182
439.5,95.327,57.796,136.908,94.746,63.477,135.199,141.994,133.146,133.182
439.6,95.327,57.796,136.908,94.876,63.477,135.129,141.994,133.255,133.146
439.7,95.327,57.796,136.943,94.811,63.664,135.129,141.962,133.182,133.182
439.8,95.262,57.796,136.943,94.811,63.571,135.199,141.962,133.146,133.146
439.9,95.327,57.796,136.943,94.811,63.477,135.199,141.994,133.182,133.109
440.0,95.327,57.895,136.874,94.746,63.477,135.199,141.962,133.146,133.146
440.1,95.391,57.994,136.943,94.811,63.477,135.129,141.962,133.182,133.182
440.2,95.391,57.994,136.908,94.876,63.477,135.129,141.994,133.219,133.146
440.3,95.327,57.895,136.977,94.811,63.384,135.164,141.962,133.182,133.146
440.4,95.391,57.895,136.977,94.876,63.571,135.164,141.994,133.182,133.146
440.5,95.327,57.895,136.874,94.811,63.477,135.164,141.931,133.146,133.219
440.6,95.327,57.796,136.908,94.811,63.477,135.199,141.962,133.182,133.146
440.7,95.391,57.796,136.908,94.876,63.477,135.129,141.962,133.182,133.182
440.8,95.391,57.895,136.874,94.811,63.664,135.164,141.962,133.182,133.182
440.9,95.391,57.796,136.943,94.811,63.571,135.164,141.994,133.182,133.146
441.0,95.391,57.895,136.943,94.811,63.571,135.164,141.994,133.182,133.146
441.1,95.327,57.895,136.908,94.811,63.477,135.129,141.962,133.182,133.146
441.2,95.391,57.895,136.874,94.876,63.571,135.093,141.994,133.292,133.182
441.3,95.455,57.994,136.943,94.876,63.571,135.235,141.962,133.255,133.182
441.4,95.327,57.895,136.908,94.876,63.664,135.164,141.962,133.182,133.182
441.5,95.391,57.994,136.874,94.811,63.571,135.129,141.994,133.255,133.219
441.6,95.391,57.895,136.908,94.876,63.571,135.164,141.962,133.219,133.146
441.7,95.391,57.994,136.908,94.876,63.571,135.164,141.994,133.219,133.219
441.8,95.455,57.895,136.874,94.876,63.664,135.164,141.994,133.182,133.219
441.9,95.391,57.895,136.943,94.94,63.571,135.199,142.056,133.292,133.182
442.0,95.455,57.895,136.874,95.005,63.571,135.164,141.994,133.255,133.255
442.1,95.455,57.994,136.908,94.876,63.571,135.164,141.962,133.182,133.182
442.2,95.391,58.093,136.874,94.94,63.664,135.164,141.962,133.182,133.146
442.3,95.455,57.994,136.908,95.005,63.664,135.129,141.962,133.255,133.146
442.4,95.391,57.895,136.908,95.005,63.664,135.164,141.994,133.219,133.182
442.5,95.391,57.895,136.874,94.94,63.664,135.164,141.994,133.182,133.219
442.6,95.455,57.994,136.908,94.876,63.664,135.199,141.962,133.255,133.219
442.7,95.391,57.994,136.943,95.134,63.571,135.164,141.962,133.219,133.182
442.8,95.455,57.994,136.908,94.876,63.757,135.164,142.025,133.255,133.182
442.9,95.455,57.895,136.908,94.94,63.664,135.164,141.994,133.219,133.255
443.0,95.647,57.994,136.874,94.876,63.664,135.199,141.994,133.219,133.146
443.1,95.519,57.994,136.874,94.876,63.664,135.164,141.994,133.219,133.292
443.2,95.455,57.994,136.908,94.94,63.664,135.164,142.025,133.255,133.219
443.3,95.455,57.994,136.943,94.876,63.664,135.164,141.962,133.219,133.219
443.4,95.455,57.994,136.943,94.94,63.664,135.199,141.994,133.329,133.255
443.5,95.391,58.093,136.874,94.94,63.664,135.129,141.994,133.219,133.182
443.6,95.391,58.093,136.908,94.876,63.664,135.199,141.962,133.219,133.182
443.7,95.519,58.093,136.943,94.94,63.664,135.129,141.962,133.255,133.219
443.8,95.519,57.994,136.943,94.876,63.664,135.199,141.962,133.255,133.219
443.9,95.455,58.192,136.943,94.876,63.664,135.129,141.994,133.255,133.255
444.0,95.455,58.093,136.874,94.94,63.757,135.164,141.994,133.255,133.219
444.1,95.391,57.994,136.874,94.94,63.664,135.164,141.962,133.219,133.219
444.2,95.455,58.093,136.943,94.876,63.757,135.27,141.962,133.255,133.255
444.3,95.391,58.093,136.943,94.94,63.664,135.129,141.994,133.255,133.219
444.4,95.455,58.093,136.908,94.876,63.757,135.199,141.994,133.255,133.255
444.5,95.519,58.093,136.874,95.005,63.664,135.27,141.962,133.255,133.219
444.6,95.519,58.093,136.874,94.94,63.757,135.164,141.962,133.329,133.219
444.7,95.519,58.192,136.908,94.94,63.757,135.235,141.962,133.255,133.255
444.8,95.519,58.093,136.874,95.069,63.757,135.164,142.025,133.255,133.219
444.9,95.583,58.093,136.908,94.876,63.664,135.199,141.994,133.292,133.182
445.0,95.455,58.192,136.874,94.876,63.664,135.164,141.994,133.292,133.219
445.1,95.519,57.994,136.874,95.005,63.757,135.164,141.994,133.255,133.219
445.2,95.519,58.093,136.839,94.94,63.664,135.164,141.962,133.255,133.255
445.3,95.647,58.093,136.874,94.94,63.664,135.164,141.994,133.255,133.255
445.4,95.519,58.093,136.908,95.005,63.664,135.129,141.994,133.292,133.255
445.5,95.519,58.093,136.908,95.069,63.757,135.199,141.962,133.255,133.255
445.6,95.455,58.192,136.874,94.94,63.757,135.199,141.994,133.329,133.255
445.7,95.519,58.192,136.874,94.94,63.664,135.164,141.962,133.292,133.255
445.8,95.519,58.192,136.908,95.134,63.757,135.164,141.994,133.292,133.182
445.9,95.583,58.093,136.874,95.005,63.757,135.199,141.962,133.255,133.292
446.0,95.583,58.093,136.874,95.005,63.85,135.199,141.994,133.255,133.255
446.1,95.711,58.093,136.908,94.94,63.757,135.164,142.025,133.255,133.329
446.2,95.583,58.093,136.908,95.005,63.757,135.164,141.962,133.292,133.292
446.3,95.519,58.291,136.839,94.94,63.757,135.199,141.962,133.365,133.219
446.4,95.519,58.192,136.908,94.94,63.664,135.199,141.962,133.292,133.219
446.5,95.583,58.192,136.943,95.005,63.944,135.164,141.994,133.255,133.292
446.6,95.519,58.192,136.908,94.94,63.757,135.164,142.087,133.329,133.255
446.7,95.519,58.291,136.839,95.005,63.757,135.199,141.962,133.255,133.292
446.8,95.519,58.291,136.908,95.005,63.85,135.199,141.994,133.292,133.329
446.9,95.519,58.192,136.943,95.005,63.85,135.164,141.962,133.292,133.329
447.0,95.583,58.192,136.908,95.005,63.85,135.164,141.962,133.329,133.255
447.1,95.583,58.192,136.874,95.069,63.944,135.199,141.994,133.255,133.255
447.2,95.583,58.39,136.943,95.005,63.757,135.199,141.994,133.255,133.292
447.3,95.583,58.291,136.874,95.069,63.85,135.199,141.962,133.292,133.329
447.4,95.583,58.192,136.874,95.069,63.944,135.235,141.994,133.255,133.292
447.5,95.583,58.291,136.874,95.005,63.85,135.164,141.962,133.292,133.292
447.6,95.455,58.291,136.943,95.005,63.757,135.164,141.994,133.292,133.255
447.7,95.583,58.192,136.874,95.069,63.944,135.199,142.056,133.329,133.255
447.8,95.583,58.291,136.874,95.005,63.85,135.164,141.962,133.292,133.292
447.9,95.583,58.192,136.839,95.069,63.85,135.199,141.994,133.292,133.292
448.0,95.583,58.291,136.874,95.069,63.85,135.199,141.962,133.329,133.255
448.1,95.647,58.192,136.908,95.005,63.85,135.235,141.931,133.365,133.402
448.2,95.647,58.291,136.874,95.069,63.944,135.164,141.962,133.292,133.292
448.3,95.583,58.291,136.874,95.134,63.85,135.164,141.962,133.329,133.365
448.4,95.583,58.291,136.908,95.005,63.664,135.27,141.962,133.329,133.255
448.5,95.647,58.39,136.943,95.069,63.85,135.164,142.025,133.329,133.292
448.6,95.647,58.291,136.874,95.005,63.85,135.164,141.962,133.329,133.255
448.7,95.647,58.39,136.874,95.069,63.944,135.199,142.056,133.365,133.292
448.8,95.583,58.291,136.977,95.069,63.85,135.199,141.962,133.329,133.329
448.9,95.647,58.291,136.874,95.069,63.85,135.164,141.962,133.255,133.329
449.0,95.647,58.39,136.908,95.069,63.944,135.164,141.994,133.329,133.292
449.1,95.647,58.291,136.874,95.134,63.944,135.199,141.994,133.329,133.329
449.2,95.583,58.39,136.874,95.069,63.944,135.164,141.962,133.329,133.292
449.3,95.711,58.291,136.874,95.069,63.944,135.199,141.994,133.329,133.255
449.4,95.711,58.488,136.874,95.069,63.944,135.235,141.994,133.329,133.255
449.5,95.647,58.488,136.943,95.069,63.944,135.199,141.994,133.402,133.329
449.6,95.647,58.291,136.908,95.069,63.944,135.164,141.931,133.329,133.292
449.7,95.711,58.39,136.908,95.069,64.036,135.199,141.962,133.329,133.365
449.8,95.711,58.39,136.874,95.069,63.85,135.199,141.962,133.365,133.365
449.9,95.647,58.488,136.874,95.134,63.85,135.199,141.962,133.365,133.292
450.0,95.647,58.39,136.908,95.198,63.944,135.199,141.931,133.365,133.329
450.1,95.647,58.291,136.874,95.134,63.944,135.199,141.962,133.329,133.329
450.2,95.711,58.39,136.943,95.134,63.944,135.199,141.962,133.329,133.329
450.3,95.647,58.39,136.874,95.069,64.036,135.199,141.962,133.365,133.329
450.4,95.711,58.39,136.908,95.005,63.85,135.164,141.962,133.329,133.365
450.5,95.647,58.39,136.839,95.134,63.944,135.199,141.962,133.402,133.292
450.6,95.711,58.488,136.874,95.069,64.036,135.199,141.962,133.365,133.329
450.7,95.711,58.488,136.839,95.069,63.944,135.235,141.962,133.402,133.329
450.8,95.647,58.39,136.839,95.069,63.944,135.199,142.025,133.438,133.255
450.9,95.775,58.39,136.874,95.134,63.85,135.199,141.962,133.365,133.329
451.0,95.711,58.39,136.908,95.069,64.036,135.235,141.931,133.365,133.402
451.1,95.775,58.488,136.943,95.198,64.036,135.199,141.962,133.365,133.329
451.2,95.775,58.488,136.908,95.134,64.036,135.129,141.994,133.329,133.365
451.3,95.775,58.488,136.874,95.198,64.036,135.199,141.962,133.402,133.329
451.4,95.775,58.488,136.874,95.198,64.036,135.235,141.962,133.365,133.329
451.5,95.775,58.39,136.908,95.134,64.036,135.164,141.962,133.365,133.402
451.6,95.775,58.488,136.943,95.134,64.036,135.164,141.962,133.365,133.365
451.7,95.839,58.488,136.839,95.134,64.036,135.199,141.994,133.365,133.365
451.8,95.711,58.587,136.874,95.134,64.036,135.199,142.025,133.402,133.329
451.9,95.839,58.587,136.874,95.134,64.036,135.199,141.994,133.365,133.329
452.0,95.775,58.587,136.943,95.069,64.036,135.199,141.931,133.365,133.365
452.1,95.711,58.488,136.908,95.134,64.129,135.199,141.962,133.402,133.365
452.2,95.775,58.488,136.908,95.198,64.036,135.129,141.962,133.438,133.402
452.3,95.775,58.488,136.943,95.134,64.036,135.199,141.962,133.365,133.402
452.4,95.775,58.488,136.839,95.134,64.036,135.235,141.962,133.402,133.255
452.5,95.775,58.39,136.908,95.134,64.129,135.199,141.931,133.402,133.365
452.6,95.839,58.488,136.874,95.134,64.036,135.199,141.931,133.365,133.475
452.7,95.775,58.685,136.874,95.198,64.129,135.199,141.931,133.402,133.365
452.8,95.839,58.685,136.839,95.134,64.036,135.164,141.994,133.438,133.438
452.9,95.839,58.39,136.908,95.262,64.129,135.199,141.931,133.402,133.402
453.0,95.903,58.685,136.874,95.134,64.036,135.235,142.056,133.402,133.365
453.1,95.839,58.587,136.874,95.198,64.036,135.199,141.962,133.402,133.402
453.2,95.775,58.783,136.874,95.198,64.036,135.199,141.962,133.402,133.402
453.3,95.775,58.587,136.908,95.198,64.222,135.199,141.994,133.402,133.402
453.4,95.903,58.587,136.874,95.262,64.315,135.199,141.994,133.402,133.365
453.5,95.839,58.587,136.874,95.198,64.036,135.199,141.994,133.365,133.365
453.6,95.839,58.488,136.771,95.134,64.129,135.27,141.994,133.402,133.438
453.7,95.839,58.587,136.943,95.198,64.129,135.199,141.962,133.402,133.402
453.8,95.775,58.587,136.908,95.198,64.129,135.199,141.931,133.402,133.365
453.9,95.775,58.488,136.839,95.198,64.129,135.199,141.962,133.402,133.402
454.0,95.839,58.587,136.874,95.262,64.129,135.164,141.962,133.329,133.402
454.1,95.903,58.685,136.874,95.198,64.129,135.199,141.962,133.402,133.438
454.2,95.903,58.587,136.908,95.198,64.129,135.199,141.994,133.438,133.475
454.3,95.839,58.685,136.874,95.198,64.222,135.199,141.962,133.438,133.402
454.4,95.839,58.587,136.874,95.198,64.129,135.199,141.962,133.402,133.402
454.5,95.903,58.783,136.908,95.198,64.129,135.199,141.962,133.475,133.402
454.6,95.775,58.685,136.908,95.198,64.129,135.199,141.931,133.438,133.365
454.7,95.839,58.587,136.874,95.262,64.222,135.235,141.962,133.438,133.402
454.8,95.839,58.685,136.874,95.198,64.222,135.199,141.962,133.438,133.402
454.9,95.903,58.685,136.874,95.262,64.222,135.235,141.962,133.438,133.402
455.0,95.839,58.685,136.943,95.327,64.129,135.235,141.962,133.438,133.511
455.1,95.775,58.783,136.908,95.198,64.129,135.235,141.994,133.475,133.438
455.2,95.839,58.685,136.874,95.262,64.129,135.199,141.994,133.548,133.402
455.3,95.903,58.685,136.908,95.262,64.222,135.199,141.931,133.438,133.402
455.4,95.839,58.685,136.839,95.198,64.222,135.199,142.025,133.438,133.438
455.5,95.839,58.685,136.908,95.198,64.222,135.164,141.962,133.438,133.438
455.6,95.903,58.783,136.874,95.327,64.222,135.199,141.962,133.438,133.402
455.7,95.839,58.783,136.908,95.262,64.222,135.199,141.962,133.475,133.438
455.8,95.903,58.783,136.839,95.262,64.222,135.27,141.962,133.438,133.438
455.9,95.903,58.685,136.874,95.262,64.222,135.235,141.994,133.511,133.438
456.0,95.967,58.685,136.908,95.327,64.222,135.27,141.962,133.438,133.402
456.1,95.903,58.685,136.874,95.327,64.315,135.164,141.962,133.402,133.511
456.2,95.903,58.685,136.839,95.262,64.222,135.199,142.025,133.438,133.402
456.3,95.903,58.783,136.908,95.327,64.315,135.199,141.962,133.438,133.438
456.4,95.903,58.979,136.839,95.262,64.315,135.235,141.962,133.511,133.438
456.5,95.903,58.783,136.839,95.327,64.315,135.235,142.025,133.438,133.475
456.6,95.903,58.881,136.874,95.198,64.315,135.199,142.025,133.438,133.402
456.7,95.903,58.783,136.943,95.262,64.315,135.199,141.962,133.475,133.438
456.8,95.903,58.881,136.874,95.327,64.407,135.199,141.899,133.475,133.438
456.9,95.839,58.783,136.874,95.262,64.315,135.235,141.994,133.475,133.438
457.0,95.903,58.685,136.839,95.262,64.5,135.199,141.962,133.438,133.475
457.1,95.903,58.881,136.839,95.327,64.315,135.199,141.962,133.438,133.475
457.2,95.967,58.783,136.908,95.391,64.222,135.129,141.962,133.475,133.438
457.3,95.967,58.783,136.874,95.327,64.315,135.199,141.931,133.475,133.475
457.4,95.967,58.783,136.874,95.262,64.315,135.199,141.962,133.511,133.438
457.5,95.903,58.783,136.839,95.198,64.315,135.199,141.994,133.475,133.475
457.6,95.903,58.881,136.839,95.262,64.315,135.27,141.962,133.511,133.475
457.7,95.967,58.881,136.839,95.327,64.315,135.235,141.962,133.475,133.511
457.8,95.903,58.783,136.874,95.391,64.315,135.164,141.994,133.548,133.438
457.9,95.967,58.783,136.874,95.391,64.407,135.199,141.962,133.475,133.475
458.0,96.03,58.881,136.874,95.391,64.407,135.199,141.931,133.475,133.475
458.1,95.967,58.979,136.839,95.262,64.315,135.199,141.962,133.548,133.475
458.2,95.903,58.881,136.874,95.262,64.315,135.235,141.994,133.511,133.511
458.3,96.094,58.783,136.874,95.262,64.315,135.199,141.931,133.548,133.475
458.4,95.967,58.881,136.874,95.327,64.315,135.164,141.962,133.475,133.475
458.5,96.03,58.881,136.874,95.327,64.407,135.199,141.962,133.511,133.438
458.6,95.903,58.881,136.874,95.391,64.407,135.199,141.962,133.548,133.548
458.7,96.03,58.881,136.874,95.391,64.315,135.199,141.931,133.511,133.511
458.8,95.967,58.881,136.874,95.327,64.315,135.235,141.962,133.548,133.511
458.9,95.903,58.979,136.908,95.327,64.5,135.199,141.994,133.438,133.438
459.0,95.967,59.077,136.874,95.327,64.315,135.235,141.931,133.548,133.475
459.1,95.967,58.979,136.908,95.262,64.407,135.235,141.962,133.511,133.475
459.2,96.03,58.881,136.874,95.327,64.315,135.199,141.962,133.511,133.548
459.3,96.03,58.881,136.908,95.391,64.407,135.27,141.962,133.511,133.475
459.4,96.03,58.979,136.839,95.327,64.407,135.199,141.962,133.511,133.475
459.5,96.03,58.979,136.874,95.327,64.407,135.235,141.962,133.511,133.475
459.6,95.903,58.881,136.874,95.327,64.5,135.199,141.931,133.475,133.548
459.7,96.03,58.881,136.908,95.327,64.315,135.199,141.931,133.511,133.548
459.8,96.03,58.881,136.874,95.391,64.407,135.235,141.931,133.475,133.475
459.9,96.03,58.979,136.874,95.391,64.407,135.199,141.994,133.511,133.475
460.0,96.03,58.979,136.839,95.327,64.315,135.27,141.962,133.548,133.584
460.1,96.03,58.979,136.874,95.327,64.407,135.199,141.962,133.548,133.475
460.2,96.03,59.077,136.874,95.327,64.5,135.235,141.931,133.511,133.475
460.3,96.094,58.979,136.874,95.391,64.5,135.235,141.962,133.584,133.548
460.4,96.03,58.979,136.874,95.391,64.407,135.235,141.931,133.511,133.511
460.5,96.094,58.979,136.908,95.391,64.5,135.235,141.962,133.584,133.475
460.6,96.03,59.077,136.839,95.391,64.407,135.235,141.899,133.548,133.511
460.7,96.03,58.979,136.839,95.391,64.5,135.199,141.962,133.548,133.548
460.8,96.03,59.077,136.839,95.391,64.407,135.199,141.962,133.548,133.511
460.9,96.03,58.979,136.874,95.391,64.407,135.199,141.868,133.548,133.511
461.0,96.03,58.979,136.874,95.391,64.407,135.199,141.962,133.584,133.584
461.1,96.03,58.979,136.839,95.455,64.5,135.235,141.962,133.548,133.548
461.2,96.03,58.979,136.874,95.327,64.5,135.235,141.962,133.548,133.548
461.3,96.03,59.077,136.874,95.391,64.5,135.305,141.994,133.548,133.475
461.4,96.03,59.077,136.874,95.391,64.407,135.199,141.994,133.548,133.548
461.5,96.03,59.077,136.839,95.391,64.5,135.27,141.962,133.548,133.548
461.6,96.094,59.175,136.839,95.391,64.5,135.235,141.994,133.511,133.511
461.7,96.094,59.077,136.874,95.455,64.5,135.235,141.931,133.548,133.548
461.8,96.094,58.979,136.874,95.391,64.5,135.235,141.931,133.584,133.511
461.9,96.094,59.175,136.805,95.455,64.5,135.235,141.931,133.584,133.511
462.0,96.03,59.077,136.908,95.455,64.5,135.235,142.025,133.548,133.511
462.1,96.094,59.077,136.839,95.519,64.5,135.235,141.931,133.584,133.548
462.2,96.158,59.077,136.874,95.391,64.592,135.235,141.962,133.548,133.475
462.3,96.094,58.979,136.874,95.391,64.5,135.199,141.931,133.548,133.548
462.4,96.158,59.077,136.874,95.519,64.592,135.235,141.962,133.548,133.548
462.5,96.094,59.077,136.839,95.455,64.592,135.27,141.962,133.548,133.548
462.6,96.094,59.077,136.874,95.455,64.592,135.235,141.994,133.584,133.511
462.7,96.158,59.077,136.839,95.455,64.592,135.235,141.962,133.584,133.511
462.8,96.158,59.175,136.839,95.391,64.592,135.199,141.994,133.548,133.548
462.9,96.094,59.175,136.667,95.455,64.592,135.235,141.931,133.584,133.548
463.0,96.158,58.979,136.839,95.391,64.592,135.199,141.962,133.657,133.548
463.1,96.158,59.077,136.839,95.455,64.592,135.27,142.119,133.548,133.548
463.2,96.094,59.077,136.874,95.519,64.5,135.235,141.931,133.584,133.548
463.3,96.158,59.077,136.908,95.519,64.684,135.235,141.931,133.584,133.62
463.4,96.285,59.273,136.874,95.455,64.5,135.235,142.025,133.548,133.584
463.5,96.158,59.273,136.805,95.455,64.684,135.235,142.025,133.62,133.584
463.6,96.158,59.175,136.839,95.455,64.684,135.27,141.962,133.548,133.548
463.7,96.158,59.077,136.874,95.455,64.684,135.235,141.994,133.584,133.548
463.8,96.158,59.175,136.839,95.455,64.592,135.235,141.962,133.584,133.548
463.9,96.221,59.273,136.839,95.519,64.592,135.199,141.931,133.584,133.584
464.0,96.094,59.273,136.874,95.455,64.684,135.199,141.931,133.62,133.548
464.1,96.221,59.175,136.839,95.455,64.592,135.199,141.994,133.62,133.548
464.2,96.221,59.273,136.805,95.519,64.684,135.235,141.931,133.475,133.62
464.3,96.158,59.175,136.874,95.583,64.684,135.235,141.994,133.584,133.548
464.4,96.221,59.273,136.839,95.519,64.684,135.235,141.962,133.584,133.584
464.5,96.158,59.175,136.805,95.519,64.684,135.199,141.962,133.584,133.729
464.6,96.158,59.175,136.874,95.519,64.684,135.235,141.931,133.511,133.584
464.7,96.094,59.175,136.874,95.455,64.592,135.27,141.994,133.584,133.584
464.8,96.221,59.273,136.805,95.583,64.684,135.164,141.962,133.584,133.62
464.9,96.221,59.175,136.839,95.519,64.592,135.235,141.962,133.584,133.62
465.0,96.221,59.175,136.839,95.583,64.592,135.129,141.962,133.62,133.584
465.1,96.221,59.273,136.839,95.583,64.684,135.27,141.931,133.657,133.657
465.2,96.094,59.273,136.874,95.519,64.684,135.235,141.962,133.584,133.62
465.3,96.221,59.175,136.874,95.519,64.684,135.235,141.962,133.657,133.584
465.4,96.158,59.273,136.874,95.583,64.684,135.235,141.962,133.62,133.584
465.5,96.221,59.273,136.839,95.519,64.684,135.235,141.931,133.62,133.548
465.6,96.221,59.371,136.839,95.583,64.777,135.235,141.899,133.62,133.548
465.7,96.221,59.273,136.908,95.519,64.777,135.235,141.962,133.584,133.584
465.8,96.158,59.273,136.874,95.519,64.777,135.235,141.994,133.62,133.584
465.9,96.348,59.371,136.839,95.455,64.777,135.235,142.025,133.62,133.62
466.0,96.221,59.371,136.839,95.583,64.684,135.235,141.931,133.584,133.584
466.1,96.221,59.273,136.874,95.519,64.869,135.27,141.962,133.62,133.548
466.2,96.221,59.273,136.805,95.519,64.684,135.27,141.931,133.657,133.548
466.3,96.221,59.371,136.805,95.583,64.777,135.27,141.931,133.584,133.62
466.4,96.348,59.273,136.874,95.583,64.869,135.199,141.931,133.62,133.584
466.5,96.285,59.273,136.874,95.583,64.777,135.235,141.962,133.657,133.657
466.6,96.348,59.371,136.805,95.583,64.869,135.199,141.931,133.62,133.62
466.7,96.348,59.371,136.839,95.583,64.777,135.235,141.962,133.584,133.62
466.8,96.285,59.371,136.839,95.647,64.777,135.235,141.994,133.729,133.62
466.9,96.411,59.371,136.839,95.647,64.777,135.235,141.962,133.657,133.62
467.0,96.348,59.371,136.805,95.519,64.777,135.27,141.962,133.62,133.693
467.1,96.221,59.371,136.839,95.519,64.777,135.235,141.994,133.62,133.62
467.2,96.285,59.371,136.839,95.583,64.869,135.199,141.931,133.657,133.657
467.3,96.285,59.371,136.805,95.519,64.777,135.27,141.962,133.693,133.693
467.4,96.285,59.371,136.839,95.583,64.777,135.235,141.931,133.657,133.62
467.5,96.285,59.566,136.874,95.583,64.869,135.27,141.899,133.62,133.62
467.6,96.285,59.273,136.839,95.583,64.777,135.27,141.931,133.657,133.62
467.7,96.285,59.371,136.839,95.647,64.869,135.199,141.962,133.657,133.62
467.8,96.348,59.371,136.805,95.583,64.777,135.235,141.962,133.657,133.62
467.9,96.285,59.468,136.839,95.583,64.777,135.235,141.931,133.657,133.62
468.0,96.348,59.371,136.805,95.455,64.961,135.235,142.025,133.657,133.693
468.1,96.348,59.468,136.874,95.583,64.777,135.235,141.962,133.693,133.62
468.2,96.411,59.371,136.839,95.583,64.869,135.235,141.962,133.657,133.657
468.3,96.285,59.371,136.771,95.583,64.777,135.235,141.994,133.657,133.657
468.4,96.285,59.468,136.839,95.647,64.777,135.199,141.994,133.657,133.62
468.5,96.348,59.566,136.805,95.583,64.961,135.27,141.931,133.766,133.62
468.6,96.348,59.468,136.805,95.647,64.869,135.27,141.962,133.657,133.657
468.7,96.348,59.468,136.771,95.711,64.961,135.27,141.962,133.693,133.657
468.8,96.348,59.273,136.839,95.583,64.869,135.27,141.962,133.62,133.62
468.9,96.348,59.468,136.874,95.647,64.869,135.27,141.994,133.657,133.657
469.0,96.411,59.566,136.839,95.519,64.961,135.235,141.931,133.693,133.657
469.1,96.411,59.468,136.805,95.583,64.869,135.27,141.994,133.693,133.693
469.2,96.285,59.468,136.839,95.711,64.869,135.27,141.931,133.693,133.693
469.3,96.411,59.566,136.839,95.711,64.869,135.235,141.931,133.729,133.62
469.4,96.411,59.566,136.839,95.583,64.869,135.235,141.962,133.693,133.62
469.5,96.411,59.468,136.805,95.711,64.961,135.27,141.962,133.693,133.657
469.6,96.348,59.566,136.805,95.711,64.777,135.27,141.962,133.729,133.693
469.7,96.411,59.468,136.805,95.583,64.961,135.235,141.962,133.657,133.693
469.8,96.285,59.468,136.805,95.455,64.869,135.235,141.931,133.693,133.657
469.9,96.348,59.566,136.839,95.647,64.869,135.27,141.962,133.729,133.729
470.0,96.348,59.566,136.839,95.647,64.961,135.305,141.962,133.729,133.693
470.1,96.348,59.566,136.839,95.711,65.053,135.27,141.962,133.693,133.693
470.2,96.411,59.468,136.874,95.711,64.961,135.27,141.962,133.693,133.729
470.3,96.475,59.566,136.839,95.647,64.961,135.235,141.994,133.657,133.693
470.4,96.411,59.468,136.805,95.647,64.961,135.27,141.962,133.729,133.657
470.5,96.411,59.566,136.805,95.711,64.961,135.27,141.994,133.693,133.62
470.6,96.411,59.566,136.839,95.647,64.961,135.27,141.962,133.693,133.729
470.7,96.475,59.663,136.839,95.711,65.053,135.235,141.962,133.693,133.693
470.8,96.475,59.76,136.771,95.711,64.961,135.27,141.931,133.693,133.729
470.9,96.411,59.663,136.839,95.711,64.869,135.27,141.899,133.729,133.693
471.0,96.411,59.566,136.839,95.647,64.961,135.235,141.962,133.657,133.693
471.1,96.348,59.566,136.874,95.647,65.053,135.235,141.931,133.693,133.693
471.2,96.348,59.663,136.805,95.711,64.961,135.27,141.931,133.838,133.693
471.3,96.475,59.566,136.839,95.647,64.961,135.27,141.931,133.693,133.693
471.4,96.348,59.566,137.011,95.647,64.961,135.235,141.931,133.729,133.693
471.5,96.411,59.663,136.805,95.711,65.144,135.27,141.994,133.729,133.693
471.6,96.475,59.76,136.874,95.711,65.053,135.235,141.931,133.693,133.657
471.7,96.411,59.566,136.839,95.711,65.053,135.235,141.931,133.693,133.729
471.8,96.411,59.566,136.839,95.775,64.961,135.305,141.994,133.729,133.766
471.9,96.475,59.663,136.805,95.711,65.053,135.27,141.962,133.729,133.729
472.0,96.411,59.663,136.805,95.711,64.961,135.27,141.962,133.729,133.693
472.1,96.411,59.663,136.839,95.711,65.053,135.27,141.962,133.693,133.729
472.2,96.538,59.663,136.839,95.775,65.053,135.235,141.931,133.766,133.693
472.3,96.411,59.663,136.805,95.647,65.053,135.341,141.962,133.766,133.62
472.4,96.475,59.663,136.839,95.775,65.053,135.27,141.962,133.729,133.693
472.5,96.411,59.663,136.805,95.711,65.053,135.27,141.931,133.802,133.693
472.6,96.475,59.663,136.874,95.711,65.053,135.27,141.931,133.729,133.693
472.7,96.475,59.76,136.805,95.711,64.961,135.27,141.931,133.729,133.729
472.8,96.411,59.663,136.736,95.711,65.053,135.27,141.962,133.693,133.693
472.9,96.538,59.663,136.839,95.775,65.053,135.235,141.931,133.766,133.693
473.0,96.475,59.76,136.839,95.711,65.053,135.27,141.962,133.729,133.693
473.1,96.475,59.76,136.805,95.711,64.869,135.27,141.931,133.766,133.729
473.2,96.475,59.857,136.805,95.711,65.053,135.27,141.931,133.729,133.657
473.3,96.475,59.76,136.805,95.711,65.144,135.27,141.962,133.729,133.729
473.4,96.475,59.76,136.805,95.775,65.053,135.305,141.931,133.729,133.693
473.5,96.538,59.76,136.839,95.775,65.053,135.305,141.931,133.729,133.766
473.6,96.475,59.663,136.839,95.775,65.053,135.27,141.931,133.766,133.729
473.7,96.475,59.857,136.839,95.775,65.053,135.27,141.962,133.766,133.693
473.8,96.475,59.76,136.839,95.775,65.144,135.27,141.962,133.693,133.729
473.9,96.475,59.76,136.908,95.711,65.053,135.305,141.931,133.766,133.729
474.0,96.538,59.76,136.839,95.775,65.144,135.27,141.962,133.838,133.729
474.1,96.538,59.76,136.805,95.711,65.053,135.27,141.962,133.766,133.729
474.2,96.538,59.663,136.874,95.775,65.053,135.376,141.931,133.729,133.729
474.3,96.538,59.76,136.839,95.839,65.144,135.27,141.994,133.766,133.766
474.4,96.664,59.76,136.839,95.647,65.144,135.305,141.962,133.729,133.729
474.5,96.475,59.857,136.805,95.711,65.053,135.27,141.931,133.766,133.729
474.6,96.475,59.76,136.805,95.839,65.144,135.27,141.899,133.766,133.693
474.7,96.475,59.857,136.874,95.711,65.144,135.27,141.931,133.766,133.766
474.8,96.601,59.76,136.839,95.775,65.236,135.305,141.962,133.766,133.766
474.9,96.538,59.76,136.736,95.839,65.144,135.27,141.931,133.766,133.729
475.0,96.475,59.76,136.874,95.839,65.053,135.27,141.931,133.766,133.729
475.1,96.475,59.857,136.839,95.775,65.144,135.235,141.962,133.766,133.766
475.2,96.538,59.76,136.805,95.775,65.144,135.305,141.962,133.766,133.766
475.3,96.538,59.76,136.839,95.903,65.236,135.27,141.931,133.729,133.729
475.4,96.601,59.857,136.839,95.775,65.144,135.27,141.962,133.766,133.729
475.5,96.538,59.857,136.839,95.839,65.236,135.235,141.931,133.729,133.729
475.6,96.664,59.857,136.839,95.775,65.144,135.27,141.931,133.766,133.729
475.7,96.664,59.857,136.771,95.775,65.144,135.305,141.962,133.802,133.766
475.8,96.538,59.857,136.771,95.775,65.144,135.27,141.931,133.766,133.766
475.9,96.601,59.857,136.771,95.775,65.144,135.27,141.899,133.766,133.766
476.0,96.601,59.857,136.805,95.839,65.236,135.27,141.962,133.766,133.766
476.1,96.664,59.857,136.771,95.839,65.144,135.305,141.962,133.802,133.766
476.2,96.601,59.857,136.805,95.903,65.236,135.27,141.962,133.766,133.729
476.3,96.601,59.955,136.874,95.903,65.236,135.305,141.962,133.766,133.766
476.4,96.538,59.955,136.805,95.839,65.144,135.27,141.962,133.838,133.766
476.5,96.601,59.857,136.839,95.839,65.236,135.305,141.931,133.766,133.766
476.6,96.601,59.76,136.839,95.775,65.236,135.305,141.962,133.802,133.766
476.7,96.601,59.857,136.839,95.839,65.144,135.27,141.962,133.766,133.766
476.8,96.601,59.857,136.839,95.775,65.236,135.27,141.931,133.802,133.766
476.9,96.601,59.857,136.839,95.839,65.236,135.27,141.962,133.766,133.766
477.0,96.601,59.857,136.771,95.903,65.236,135.27,141.931,133.766,133.766
477.1,96.601,59.857,136.805,95.903,65.236,135.27,141.962,133.766,133.766
477.2,96.601,59.857,136.805,95.839,65.236,135.305,141.931,133.802,133.874
477.3,96.664,59.857,136.874,95.839,65.236,135.341,141.931,133.802,133.838
477.4,96.601,59.955,136.805,95.839,65.236,135.305,141.962,133.766,133.911
477.5,96.664,59.857,136.805,95.903,65.236,135.235,141.994,133.802,133.802
477.6,96.664,59.857,136.805,95.839,65.236,135.235,141.931,133.838,133.802
477.7,96.601,59.955,136.805,95.839,65.328,135.27,141.899,133.766,133.766
477.8,96.664,59.955,136.839,95.839,65.328,135.27,141.962,133.802,133.838
477.9,96.601,59.955,136.805,95.775,65.236,135.27,141.994,133.802,133.802
478.0,96.664,59.857,136.839,95.839,65.236,135.27,141.931,133.802,133.802
478.1,96.601,59.955,136.839,95.903,65.419,135.341,141.931,133.838,133.802
478.2,96.601,59.955,136.771,95.903,65.328,135.341,141.994,133.802,133.802
478.3,96.664,59.955,136.874,95.903,65.236,135.305,141.962,133.802,133.802
478.4,96.791,59.955,136.805,95.903,65.328,135.376,141.962,133.802,133.802
478.5,96.601,59.955,136.805,95.903,65.328,135.305,141.931,133.838,133.802
478.6,96.664,59.955,136.805,95.839,65.328,135.235,141.931,133.766,133.766
478.7,96.664,59.955,136.805,95.903,65.419,135.27,141.962,133.874,133.838
478.8,96.664,60.052,136.805,95.967,65.419,135.305,141.994,133.802,133.874
478.9,96.601,59.955,136.839,95.839,65.328,135.341,141.931,133.838,133.802
479.0,96.728,59.955,136.805,95.839,65.328,135.235,142.025,133.838,133.802
479.1,96.538,59.955,136.805,95.839,65.328,135.305,141.931,133.838,133.766
479.2,96.664,60.052,136.805,95.903,65.328,135.27,141.899,133.802,133.802
479.3,96.664,60.052,136.805,95.839,65.236,135.27,141.962,133.874,133.802
479.4,96.791,60.052,136.771,95.903,65.236,135.305,141.931,133.802,133.838
479.5,96.728,59.857,136.805,95.967,65.236,135.27,141.994,133.838,133.802
479.6,96.728,59.955,136.805,95.903,65.419,135.235,141.994,133.838,133.802
479.7,96.664,60.052,136.805,95.967,65.328,135.27,141.931,133.874,133.911
479.8,96.664,59.955,136.839,95.903,65.419,135.27,141.931,133.838,133.802
479.9,96.728,59.955,136.771,95.839,65.328,135.27,141.962,133.874,133.802
480.0,96.791,59.955,136.805,95.903,65.328,135.27,141.899,133.838,133.802
480.1,96.728,60.052,136.805,95.839,65.419,135.305,141.931,133.838,133.838
480.2,96.728,60.148,136.805,95.903,65.328,135.27,141.868,133.838,133.838
480.3,96.728,60.148,136.874,95.839,65.419,135.235,141.931,133.838,133.802
480.4,96.728,59.955,136.771,95.839,65.511,135.27,141.931,133.838,133.802
480.5,96.791,60.052,136.805,95.903,65.328,135.27,141.931,133.874,133.838
480.6,96.728,60.052,136.805,95.903,65.419,135.305,141.931,133.874,133.838
480.7,96.791,60.052,136.805,96.03,65.419,135.27,141.962,133.874,133.838
480.8,96.728,60.052,136.771,95.903,65.511,135.27,141.931,133.838,133.802
480.9,96.728,60.148,136.805,95.967,65.419,135.305,141.931,133.838,133.838
481.0,96.728,60.148,136.839,96.03,65.419,135.27,141.931,133.874,133.802
481.1,96.791,60.148,136.805,96.03,65.511,135.305,141.994,133.838,133.838
481.2,96.791,60.148,136.805,95.967,65.511,135.305,141.931,133.802,133.911
481.3,96.854,60.052,136.805,95.967,65.419,135.27,141.962,133.838,133.729
481.4,96.728,60.148,136.805,95.967,65.419,135.27,142.025,133.874,133.838
481.5,96.791,60.148,136.805,95.903,65.419,135.27,141.962,133.838,133.838
481.6,96.791,60.052,136.771,95.967,65.419,135.341,141.931,133.874,133.838
481.7,96.854,60.148,136.805,96.03,65.419,135.341,141.931,133.874,133.911
481.8,96.791,60.148,136.805,96.03,65.419,135.305,141.899,133.911,133.766
481.9,96.791,60.148,136.771,96.03,65.511,135.27,141.931,133.838,133.802
482.0,96.791,60.148,136.839,95.967,65.419,135.305,141.962,133.911,133.802
482.1,96.854,60.148,136.805,95.967,65.419,135.305,141.962,133.874,133.838
482.2,96.728,60.148,136.771,96.03,65.511,135.305,141.931,133.874,133.874
482.3,96.791,60.148,136.839,95.967,65.511,135.305,141.931,133.911,133.838
482.4,96.791,60.245,136.771,95.967,65.236,135.305,141.899,133.947,133.838
482.5,96.791,60.342,136.771,96.03,65.511,135.305,142.025,133.874,133.874
482.6,96.854,60.148,136.771,96.03,65.602,135.27,141.931,133.911,133.874
482.7,96.791,60.245,136.805,96.03,65.602,135.305,141.931,133.729,133.911
482.8,96.791,60.245,136.736,96.03,65.511,135.235,141.931,133.911,133.911
482.9,96.917,60.245,136.805,96.03,65.602,135.341,141.931,133.911,133.947
483.0,96.791,60.148,136.771,95.967,65.419,135.27,141.931,133.911,133.874
483.1,96.854,60.148,136.771,96.094,65.511,135.27,141.962,133.911,133.874
483.2,96.791,60.245,136.805,95.967,65.511,135.27,141.899,133.874,133.874
483.3,96.917,60.245,136.771,95.967,65.602,135.305,141.931,133.983,133.911
483.4,96.98,60.245,136.805,95.967,65.511,135.27,141.962,133.911,133.911
483.5,96.854,60.245,136.771,96.03,65.419,135.27,141.931,133.911,133.874
483.6,96.917,60.342,136.771,95.967,65.602,135.235,141.931,133.947,133.947
483.7,96.791,60.245,136.839,96.158,65.694,135.27,141.962,133.911,133.911
483.8,96.917,60.342,136.874,96.03,65.602,135.27,141.931,133.911,133.874
483.9,96.854,60.245,136.805,96.094,65.419,135.305,141.931,133.947,133.838
484.0,96.854,60.245,136.736,95.967,65.694,135.305,141.931,133.947,133.947
484.1,96.917,60.342,136.805,96.03,65.602,135.27,141.931,133.911,133.874
484.2,96.854,60.245,136.805,95.967,65.602,135.27,141.931,133.911,133.874
484.3,96.917,60.245,136.771,96.03,65.602,135.305,141.931,134.019,133.911
484.4,96.854,60.245,136.805,96.094,65.511,135.305,141.931,133.947,133.911
484.5,96.791,60.342,136.805,96.094,65.602,135.27,141.931,133.947,133.874
484.6,96.98,60.342,136.771,96.158,65.694,135.27,141.899,133.911,133.911
484.7,96.917,60.342,136.805,95.967,65.694,135.27,141.962,133.911,133.911
484.8,96.917,60.438,136.805,96.03,65.602,135.305,141.994,133.874,133.911
484.9,96.98,60.245,136.771,96.094,65.602,135.341,141.931,133.911,133.947
485.0,96.854,60.342,136.805,96.03,65.602,135.305,141.962,133.911,133.911
485.1,96.854,60.245,136.771,96.03,65.694,135.305,141.962,134.019,133.911
485.2,96.854,60.245,136.702,96.03,65.694,135.27,141.931,133.983,133.911
485.3,96.917,60.342,136.805,96.094,65.602,135.305,141.931,133.983,133.838
485.4,96.917,60.438,136.839,96.03,65.602,135.305,142.025,133.911,133.911
485.5,96.917,60.438,136.771,96.158,65.694,135.27,141.962,133.874,133.911
485.6,96.917,60.438,136.771,96.158,65.602,135.27,141.931,133.911,133.874
485.7,96.917,60.342,136.771,96.158,65.602,135.305,141.994,133.947,133.947
485.8,96.917,60.245,136.805,96.094,65.602,135.27,141.931,133.911,133.911
485.9,96.98,60.342,136.736,96.094,65.694,135.27,141.931,133.983,133.947
486.0,96.917,60.342,136.839,96.094,65.694,135.235,141.931,133.947,133.874
486.1,96.854,60.342,136.702,96.03,65.694,135.341,141.931,133.947,133.911
486.2,96.98,60.342,136.771,96.094,65.694,135.305,141.931,133.911,133.947
486.3,96.98,60.342,136.874,96.158,65.694,135.341,141.931,133.947,133.947
486.4,96.917,60.438,136.771,96.094,65.694,135.27,141.962,133.947,133.947
486.5,96.917,60.438,136.771,96.158,65.694,135.305,141.899,133.947,133.947
486.6,96.98,60.535,136.771,96.094,65.602,135.305,141.962,133.947,133.983
486.7,96.98,60.535,136.839,96.094,65.694,135.305,141.899,133.947,133.911
486.8,96.917,60.535,136.771,96.158,65.694,135.341,141.994,133.947,134.019
486.9,96.98,60.535,136.771,96.094,65.785,135.27,141.931,133.983,133.983
487.0,96.98,60.438,136.805,96.158,65.876,135.305,141.931,133.947,133.947
487.1,97.042,60.438,136.805,96.03,65.694,135.27,142.025,133.947,133.911
487.2,96.917,60.535,136.771,96.094,65.785,135.27,141.962,133.947,133.947
487.3,96.98,60.438,136.805,96.158,65.785,135.305,141.994,133.983,133.874
487.4,96.98,60.535,136.771,96.158,65.785,135.305,141.868,133.947,133.983
487.5,96.917,60.535,136.771,96.221,65.876,135.27,141.962,133.947,133.947
487.6,96.98,60.438,136.805,96.158,65.602,135.27,141.931,133.947,133.911
487.7,97.042,60.535,136.805,96.158,65.694,135.27,141.931,134.019,133.947
487.8,97.042,60.535,136.771,96.094,65.694,135.27,141.931,134.019,133.983
487.9,96.917,60.535,136.805,96.158,65.694,135.305,141.931,133.911,133.983
488.0,96.98,60.535,136.771,96.158,65.694,135.27,141.899,133.947,133.947
488.1,96.98,60.438,136.805,96.094,65.694,135.27,141.931,133.983,133.947
488.2,96.917,60.631,136.771,96.158,65.602,135.27,141.931,133.983,133.947
488.3,97.105,60.535,136.805,96.158,65.785,135.27,141.931,133.983,133.983
488.4,96.98,60.535,136.771,96.158,65.694,135.341,141.931,134.019,133.983
488.5,97.042,60.535,136.771,96.221,65.694,135.27,141.899,133.983,133.983
488.6,96.98,60.535,136.771,96.158,65.694,135.305,141.962,133.983,134.019
488.7,97.042,60.535,136.771,96.03,65.785,135.305,141.805,133.983,133.983
488.8,97.042,60.535,136.771,96.158,65.785,135.305,141.962,134.019,133.983
488.9,97.042,60.438,136.805,96.158,65.876,135.305,141.931,133.947,133.947
489.0,97.042,60.535,136.736,96.221,65.876,135.341,141.931,133.983,133.947
489.1,97.042,60.535,136.805,96.158,65.876,135.27,141.931,133.983,133.983
489.2,97.105,60.535,136.805,95.967,65.785,135.341,141.994,133.983,133.911
489.3,97.105,60.631,136.839,96.221,65.876,135.305,141.931,133.983,133.947
489.4,97.105,60.631,136.771,96.158,65.876,135.27,142.025,134.019,133.983
489.5,97.042,60.631,136.771,96.221,65.876,135.27,141.931,134.019,134.019
489.6,97.042,60.535,136.771,96.221,65.876,135.305,141.931,134.055,133.911
489.7,97.105,60.631,136.839,96.285,65.876,135.376,141.931,133.983,133.983
489.8,97.105,60.631,136.839,96.221,65.876,135.341,141.931,133.983,133.947
489.9,97.105,60.535,136.771,96.285,65.785,135.305,141.931,134.019,133.983
490.0,97.168,60.727,136.771,96.285,65.785,135.305,141.931,134.019,133.983
490.1,97.105,60.631,136.771,96.285,65.785,135.305,141.962,134.019,134.019
490.2,97.042,60.631,136.805,96.221,65.876,135.305,141.962,133.983,133.983
490.3,97.105,60.727,136.805,96.285,65.876,135.27,141.931,134.019,133.983
490.4,97.042,60.631,136.736,96.221,65.876,135.305,141.931,134.055,133.983
490.5,97.168,60.631,136.771,96.285,65.967,135.305,141.931,134.019,134.019
490.6,97.105,60.631,136.771,96.221,65.876,135.27,141.899,134.055,133.983
490.7,97.168,60.631,136.771,96.221,65.876,135.305,141.899,133.983,133.983
490.8,97.042,60.727,136.771,96.221,65.876,135.305,141.868,134.019,133.983
490.9,97.168,60.631,136.736,96.221,65.876,135.305,141.931,133.983,134.019
491.0,97.042,60.727,136.771,96.285,65.967,135.305,141.931,134.019,133.983
491.1,97.168,60.727,136.736,96.221,65.876,135.305,141.931,133.983,133.983
491.2,97.105,60.631,136.771,96.285,65.967,135.305,141.994,134.019,133.947
491.3,97.105,60.631,136.805,96.285,66.058,135.305,141.931,134.019,133.983
491.4,97.105,60.727,136.771,96.221,65.876,135.27,141.962,134.019,133.983
491.5,97.105,60.727,136.736,96.285,65.967,135.305,141.931,134.055,133.947
491.6,97.105,60.727,136.702,96.285,65.967,135.341,141.931,134.019,134.019
491.7,97.168,60.535,136.736,96.221,65.967,135.411,141.868,134.019,134.019
491.8,97.105,60.727,136.805,96.285,65.876,135.305,141.962,134.019,133.983
491.9,97.105,60.631,136.736,96.221,65.967,135.305,141.962,134.055,133.983
492.0,97.231,60.727,136.771,96.285,65.967,135.305,141.899,134.019,133.983
492.1,97.168,60.727,136.771,96.285,65.967,135.341,141.931,134.019,133.983
492.2,97.168,60.727,136.839,96.285,65.876,135.341,141.931,134.019,134.019
492.3,97.105,60.727,136.805,96.285,66.058,135.341,141.962,134.091,134.019
492.4,97.105,60.824,136.805,96.285,66.058,135.341,141.899,133.983,134.055
492.5,97.105,60.824,136.771,96.285,66.058,135.341,141.931,134.019,133.983
492.6,97.168,60.824,136.771,96.285,66.058,135.305,141.931,134.019,134.055
492.7,97.168,60.824,136.771,96.285,65.967,135.305,141.899,134.055,134.055
492.8,97.231,60.92,136.805,96.285,65.967,135.305,141.899,134.019,134.019
492.9,97.168,60.824,136.771,96.348,65.967,135.305,141.899,134.055,134.055
493.0,97.168,60.824,136.736,96.348,66.149,135.305,141.931,134.055,134.019
493.1,97.231,60.824,136.771,96.285,66.058,135.305,141.931,134.164,134.019
493.2,97.168,60.727,136.771,96.285,66.058,135.341,141.931,134.164,134.019
493.3,97.105,60.824,136.702,96.348,66.058,135.341,141.962,134.055,134.055
493.4,97.105,60.824,136.771,96.285,66.058,135.305,141.931,134.055,134.055
493.5,97.231,60.824,136.805,96.348,66.058,135.27,141.899,134.055,134.019
493.6,97.231,60.727,136.771,96.411,65.967,135.27,141.931,134.019,134.055
493.7,97.231,60.824,136.805,96.348,66.149,135.305,141.931,134.019,134.055
493.8,97.168,60.824,136.805,96.285,66.149,135.305,141.962,134.091,133.983
493.9,97.231,60.824,136.702,96.411,66.058,135.305,141.931,134.055,134.055
494.0,97.168,60.92,136.736,96.348,66.058,135.305,141.899,134.055,134.019
494.1,97.231,61.016,136.736,96.285,66.058,135.341,141.899,134.055,134.019
494.2,97.231,60.824,136.771,96.411,65.967,135.305,141.899,134.055,134.019
494.3,97.231,60.824,136.736,96.348,65.967,135.27,141.931,134.127,133.983
494.4,97.168,61.016,136.771,96.348,66.149,135.235,141.931,134.055,134.091
494.5,97.231,60.92,136.736,96.411,66.058,135.341,141.931,134.055,134.164
494.6,97.231,60.824,136.771,96.348,66.058,135.305,141.931,134.055,134.055
494.7,97.231,60.824,136.736,96.475,65.967,135.341,141.962,134.091,134.019
494.8,97.231,60.824,136.667,96.348,66.149,135.305,141.899,134.055,134.055
494.9,97.231,60.92,136.874,96.348,65.967,135.27,141.899,134.091,134.019
495.0,97.168,60.824,136.736,96.285,66.149,135.27,141.962,134.091,134.055
495.1,97.231,60.92,136.736,96.285,66.149,135.27,141.931,134.055,134.019
495.2,97.168,60.92,136.771,96.285,66.149,135.27,141.962,134.164,134.019
495.3,97.231,60.92,136.805,96.348,66.058,135.341,141.931,134.164,134.091
495.4,97.293,60.92,136.736,96.348,66.149,135.305,141.931,134.091,134.055
495.5,97.168,60.824,136.771,96.348,66.149,135.341,141.931,134.055,134.091
495.6,97.293,60.92,136.736,96.411,66.149,135.27,141.962,134.055,134.055
495.7,97.231,60.824,136.771,96.348,66.149,135.305,142.025,134.091,134.127
495.8,97.231,60.92,136.805,96.475,66.149,135.305,141.931,134.091,134.055
495.9,97.356,61.016,136.736,96.348,66.239,135.305,141.931,134.055,134.055
496.0,97.231,61.016,136.771,96.348,66.149,135.341,141.931,134.055,134.091
496.1,97.293,60.92,136.771,96.411,66.149,135.305,141.931,134.055,134.055
496.2,97.231,61.016,136.771,96.411,66.239,135.341,141.931,134.091,134.127
496.3,97.356,60.92,136.736,96.411,66.149,135.341,141.931,134.091,134.055
496.4,97.168,60.92,136.805,96.411,66.149,135.305,141.962,134.127,134.127
496.5,97.293,60.92,136.805,96.411,66.149,135.305,141.868,134.091,134.091
496.6,97.293,61.016,136.736,96.411,66.149,135.305,141.931,134.164,134.091
496.7,97.419,61.016,136.736,96.348,66.149,135.27,141.931,134.127,134.091
496.8,97.356,61.016,136.736,96.411,66.149,135.305,141.931,134.164,134.055
496.9,97.356,61.016,136.736,96.348,66.239,135.27,141.931,134.127,134.055
497.0,97.293,61.016,136.805,96.411,66.33,135.305,141.899,134.091,134.127
497.1,97.293,60.92,136.771,96.348,66.33,135.305,141.962,134.091,134.091
497.2,97.293,60.92,136.736,96.475,66.33,135.27,141.899,134.091,134.055
497.3,97.293,60.92,136.736,96.411,66.33,135.305,141.931,134.091,134.091
497.4,97.356,61.112,136.736,96.348,66.149,135.305,141.962,134.127,134.091
497.5,97.356,60.92,136.771,96.475,66.421,135.305,141.962,134.055,134.091
497.6,97.419,61.016,136.771,96.411,66.239,135.305,141.899,134.091,134.091
497.7,97.293,61.016,136.736,96.411,66.239,135.27,141.868,134.091,134.091
497.8,97.293,61.112,136.736,96.411,65.967,135.305,141.931,134.2,134.091
497.9,97.231,60.92,136.736,96.475,66.239,135.341,141.931,134.127,134.2
498.0,97.419,61.016,136.736,96.475,66.239,135.305,141.931,134.127,134.091
498.1,97.356,61.112,136.736,96.411,66.149,135.27,141.962,134.127,134.091
498.2,97.231,61.016,136.771,96.475,66.149,135.341,141.931,134.091,134.127
498.3,97.356,61.112,136.771,96.475,66.33,135.305,141.931,134.127,134.091
498.4,97.356,61.016,136.736,96.475,66.239,135.305,141.931,134.091,134.164
498.5,97.293,60.92,136.771,96.475,66.239,135.235,141.931,134.127,134.091
498.6,97.293,61.016,136.771,96.475,66.239,135.305,141.899,134.091,134.127
498.7,97.356,60.92,136.736,96.475,66.239,135.27,141.899,134.127,134.091
498.8,97.356,61.112,136.736,96.411,66.239,135.27,141.962,134.127,134.091
498.9,97.481,61.112,136.667,96.411,66.33,135.341,141.931,134.127,134.127
499.0,97.356,61.112,136.771,96.475,66.33,135.27,141.899,134.164,134.127
499.1,97.356,61.016,136.771,96.538,66.33,135.305,141.931,134.127,134.091
499.2,97.356,61.112,136.736,96.475,66.149,135.305,141.962,134.2,134.127
499.3,97.356,61.112,136.736,96.538,66.239,135.305,141.931,134.127,134.091
499.4,97.356,61.016,136.771,96.475,66.33,135.305,141.868,134.164,134.164
499.5,97.419,61.112,136.839,96.475,66.239,135.27,141.962,134.019,134.091
499.6,97.481,61.112,136.736,96.538,66.33,135.27,141.868,134.127,134.164
499.7,97.419,61.207,136.736,96.601,66.239,135.341,141.899,134.127,134.127
499.8,97.356,61.207,136.702,96.538,66.421,135.305,141.899,134.127,134.127
499.9,97.481,61.207,136.667,96.475,66.33,135.341,141.899,134.164,134.127
500.0,97.419,61.112,136.805,96.475,66.33,135.341,141.899,134.2,134.091
500.1,97.481,61.207,136.736,96.475,66.239,135.305,141.931,134.2,134.164
500.2,97.419,61.207,136.771,96.538,66.33,135.341,141.931,134.164,134.127
500.3,97.419,61.112,136.805,96.411,66.33,135.341,141.931,134.164,134.127
500.4,97.481,61.207,136.702,96.475,66.421,135.305,141.899,134.164,134.127
500.5,97.419,61.207,136.736,96.475,66.33,135.341,141.931,134.127,134.091
500.6,97.419,61.112,136.736,96.475,66.33,135.305,141.931,134.164,134.127
500.7,97.543,61.112,136.805,96.411,66.33,135.305,141.899,134.127,134.127
500.8,97.419,61.207,136.736,96.475,66.33,135.305,141.931,134.2,134.127
500.9,97.481,61.207,136.771,96.538,66.421,135.376,141.899,134.2,134.127
501.0,97.481,61.207,136.805,96.538,66.421,135.341,141.899,134.164,134.127
501.1,97.481,61.112,136.736,96.475,66.421,135.27,141.931,134.164,134.2
501.2,97.481,61.207,136.736,96.538,66.511,135.341,141.931,134.164,134.164
501.3,97.481,61.207,136.702,96.538,66.33,135.27,141.899,134.164,134.164
501.4,97.481,61.207,136.736,96.475,66.421,135.27,141.994,134.2,134.091
501.5,97.481,61.303,136.736,96.538,66.601,135.305,141.899,134.272,134.127
501.6,97.481,61.303,136.805,96.538,66.421,135.305,141.899,134.164,134.164
501.7,97.481,61.207,136.736,96.538,66.511,135.305,141.931,134.164,134.127
501.8,97.481,61.207,136.736,96.538,66.511,135.27,141.899,134.164,134.127
501.9,97.419,61.207,136.771,96.538,66.511,135.305,141.931,134.127,134.164
502.0,97.481,61.303,136.736,96.601,66.421,135.199,141.931,134.164,134.2
502.1,97.543,61.303,136.771,96.601,66.421,135.305,141.931,134.2,134.164
502.2,97.481,61.303,136.771,96.601,66.511,135.341,141.931,134.164,134.164
502.3,97.481,61.399,136.702,96.475,66.421,135.305,141.994,134.2,134.164
502.4,97.543,61.303,136.736,96.601,66.421,135.27,141.931,134.2,134.127
502.5,97.481,61.207,136.702,96.538,66.511,135.341,141.899,134.2,134.2
502.6,97.543,61.303,136.736,96.664,66.421,135.305,141.931,134.2,134.055
502.7,97.543,61.207,136.736,96.601,66.511,135.305,141.962,134.2,134.164
502.8,97.543,61.303,136.805,96.538,66.511,135.305,141.899,134.236,134.091
502.9,97.481,61.399,136.771,96.664,66.511,135.27,141.931,134.2,134.164
503.0,97.606,61.303,136.805,96.538,66.421,135.305,141.899,134.2,134.127
503.1,97.481,61.399,136.736,96.601,66.511,135.305,141.931,134.236,134.272
503.2,97.543,61.399,136.771,96.475,66.421,135.341,141.899,134.2,134.164
503.3,97.606,61.303,136.771,96.601,66.511,135.305,141.868,134.236,134.2
503.4,97.543,61.399,136.736,96.601,66.511,135.341,141.962,134.2,134.164
503.5,97.606,61.303,136.736,96.538,66.511,135.341,141.931,134.272,134.164
503.6,97.543,61.399,136.805,96.538,66.511,135.305,141.931,134.2,134.2
503.7,97.481,61.399,136.736,96.601,66.601,135.341,141.931,134.236,134.2
503.8,97.481,61.399,136.736,96.601,66.511,135.305,141.931,134.2,134.164
503.9,97.731,61.303,136.736,96.601,66.511,135.341,141.899,134.2,134.2
504.0,97.606,61.303,136.805,96.601,66.511,135.341,141.931,134.236,134.2
504.1,97.481,61.399,136.736,96.601,66.511,135.341,141.962,134.2,134.272
504.2,97.543,61.399,136.736,96.601,66.511,135.341,141.931,134.2,134.2
504.3,97.606,61.399,136.702,96.601,66.511,135.376,141.931,134.272,134.236
504.4,97.606,61.399,136.736,96.664,66.511,135.305,141.931,134.236,134.2
504.5,97.543,61.399,136.736,96.601,66.511,135.305,141.899,134.2,134.2
504.6,97.543,61.399,136.771,96.601,66.511,135.305,141.899,134.164,134.164
504.7,97.543,61.494,136.702,96.601,66.601,135.305,141.899,134.2,134.236
504.8,97.606,61.399,136.736,96.601,66.601,135.341,141.899,134.308,134.2
504.9,97.606,61.399,136.771,96.664,66.601,135.27,141.931,134.2,134.236
505.0,97.668,61.303,136.908,96.601,66.511,135.27,141.931,134.236,134.2
505.1,97.606,61.494,136.702,96.601,66.601,135.305,141.931,134.164,134.164
505.2,97.606,61.494,136.702,96.601,66.692,135.305,141.931,134.236,134.164
505.3,97.606,61.494,136.736,96.601,66.511,135.305,141.899,134.236,134.164
505.4,97.606,61.399,136.805,96.601,66.692,135.305,141.899,134.164,134.2
505.5,97.543,61.399,136.771,96.601,66.601,135.376,141.931,134.2,134.2
505.6,97.668,61.399,136.736,96.728,66.601,135.305,141.899,134.272,134.236
505.7,97.668,61.399,136.702,96.664,66.511,135.305,141.931,134.236,134.2
505.8,97.606,61.494,136.736,96.664,66.692,135.27,141.931,134.2,134.236
505.9,97.606,61.399,136.736,96.601,66.601,135.305,141.931,134.2,134.164
506.0,97.606,61.494,136.736,96.664,66.692,135.305,141.994,134.236,134.164
506.1,97.668,61.59,136.736,96.664,66.692,135.341,141.931,134.2,134.272
506.2,97.606,61.59,136.702,96.728,66.601,135.305,141.962,134.272,134.236
506.3,97.668,61.399,136.736,96.664,66.601,135.27,141.962,134.2,134.2
506.4,97.668,61.399,136.702,96.664,66.601,135.305,141.931,134.272,134.236
506.5,97.668,61.494,136.736,96.664,66.692,135.305,141.931,134.236,134.236
506.6,97.606,61.399,136.771,96.664,66.601,135.305,141.931,134.2,134.2
506.7,97.731,61.59,136.736,96.601,66.601,135.305,141.962,134.236,134.2
506.8,97.731,61.78,136.736,96.601,66.692,135.305,141.931,134.272,134.236
506.9,97.668,61.59,136.736,96.664,66.601,135.305,141.868,134.236,134.236
507.0,97.731,61.494,136.771,96.664,66.692,135.341,141.994,134.272,134.2
507.1,97.668,61.59,136.839,96.728,66.692,135.341,141.931,134.272,134.2
507.2,97.606,61.494,136.667,96.728,66.692,135.305,141.931,134.272,134.2
507.3,97.793,61.494,136.805,96.664,66.692,135.27,141.962,134.272,134.272
507.4,97.606,61.59,136.805,96.664,66.872,135.305,141.899,134.236,134.236
507.5,97.731,61.59,136.736,96.728,66.692,135.305,141.931,134.272,134.272
507.6,97.731,61.494,136.736,96.728,66.692,135.305,141.837,134.272,134.272
507.7,97.668,61.494,136.736,96.538,66.692,135.305,141.899,134.308,134.236
507.8,97.731,61.494,136.736,96.728,66.692,135.305,141.868,134.272,134.272
507.9,97.731,61.59,136.736,96.791,66.782,135.341,141.931,134.272,134.236
508.0,97.731,61.59,136.736,96.601,66.872,135.341,141.962,134.272,134.272
508.1,97.731,61.59,136.771,96.664,66.692,135.341,141.931,134.272,134.272
508.2,97.731,61.59,136.736,96.791,66.782,135.305,141.899,134.308,134.236
508.3,97.668,61.59,136.736,96.728,66.782,135.376,141.899,134.308,134.272
508.4,97.731,61.685,136.702,96.664,66.782,135.305,141.868,134.308,134.308
508.5,97.793,61.494,136.702,96.664,66.782,135.341,141.931,134.272,134.236
508.6,97.606,61.59,136.736,96.728,66.692,135.341,141.868,134.272,134.236
508.7,97.793,61.685,136.702,96.728,66.692,135.305,141.931,134.236,134.272
508.8,97.731,61.59,136.736,96.664,66.692,135.305,141.931,134.308,134.236
508.9,97.793,61.685,136.805,96.791,66.692,135.305,141.962,134.308,134.308
509.0,97.793,61.59,136.736,96.791,66.782,135.341,141.931,134.343,134.236
509.1,97.731,61.78,136.736,96.728,66.782,135.305,141.899,134.236,134.308
509.2,97.793,61.78,136.702,96.728,66.872,135.305,141.931,134.308,134.272
509.3,97.731,61.78,136.805,96.791,66.782,135.376,141.899,134.236,134.272
509.4,97.793,61.685,136.736,96.791,66.782,135.27,141.931,134.308,134.272
509.5,97.731,61.685,136.736,96.728,66.782,135.305,141.931,134.308,134.236
509.6,97.793,61.78,136.702,96.728,66.782,135.341,141.899,134.272,134.343
509.7,97.793,61.685,136.736,96.854,66.782,135.305,141.931,134.308,134.343
509.8,97.855,61.685,136.736,96.917,66.872,135.305,141.931,134.343,134.236
509.9,97.731,61.685,136.702,96.728,66.872,135.305,141.931,134.272,134.308
510.0,97.731,61.685,136.702,96.854,66.782,135.305,141.899,134.272,134.308
510.1,97.793,61.685,136.736,96.917,66.782,135.341,141.868,134.308,134.308
510.2,97.731,61.78,136.736,96.791,66.872,135.305,141.899,134.272,134.272
510.3,97.855,61.78,136.805,96.728,66.872,135.341,141.931,134.343,134.272
510.4,97.793,61.685,136.736,96.854,66.872,135.305,141.962,134.379,134.272
510.5,97.793,61.685,136.736,96.728,66.782,135.341,141.931,134.343,134.308
510.6,97.793,61.78,136.702,96.791,66.782,135.341,141.931,134.415,134.343
510.7,97.793,61.59,136.736,96.728,66.872,135.341,141.962,134.272,134.308
510.8,97.793,61.78,136.736,96.791,66.872,135.305,141.994,134.308,134.272
510.9,97.793,61.78,136.736,96.854,66.962,135.305,141.899,134.308,134.272
511.0,97.855,61.685,136.736,96.728,66.872,135.341,141.962,134.272,134.272
511.1,97.793,61.78,136.736,96.854,66.872,135.376,141.931,134.343,134.308
511.2,97.793,61.875,136.702,96.791,66.872,135.341,141.962,134.308,134.308
511.3,97.855,61.78,136.702,96.854,66.872,135.305,141.931,134.343,134.272
511.4,97.855,61.78,136.771,96.854,66.872,135.305,141.899,134.308,134.236
511.5,97.855,61.78,136.702,96.854,66.872,135.341,141.868,134.308,134.343
511.6,97.855,61.78,136.736,96.791,66.872,135.305,141.899,134.308,134.343
511.7,97.793,61.875,136.805,96.791,66.872,135.305,141.931,134.308,134.272
511.8,97.855,61.78,136.702,96.854,66.872,135.341,141.962,134.308,134.272
511.9,97.855,61.78,136.771,96.854,66.962,135.341,141.899,134.308,134.272
512.0,97.855,61.875,136.805,96.854,66.962,135.305,141.931,134.343,134.308
512.1,97.793,61.78,136.702,96.791,66.962,135.376,141.899,134.343,134.272
512.2,97.855,61.78,136.736,96.791,66.872,135.305,141.931,134.343,134.308
512.3,97.855,61.78,136.702,96.791,66.962,135.341,141.899,134.308,134.308
512.4,97.917,61.875,136.771,96.854,66.962,135.341,141.931,134.379,134.308
512.5,97.855,61.78,136.702,96.791,67.052,135.305,141.899,134.308,134.272
512.6,97.917,61.97,136.736,96.791,66.962,135.341,141.931,134.415,134.272
512.7,97.855,61.875,136.805,96.854,67.052,135.341,141.931,134.308,134.308
512.8,97.855,61.78,136.667,96.98,66.962,135.305,141.899,134.343,134.272
512.9,97.855,61.875,136.736,96.854,66.962,135.376,141.931,134.343,134.343
513.0,97.793,61.875,136.736,96.854,66.962,135.305,141.931,134.308,134.308
513.1,97.917,61.875,136.702,96.854,66.872,135.376,141.931,134.308,134.343
513.2,97.855,61.875,136.736,96.854,66.962,135.341,141.899,134.379,134.272
513.3,97.855,61.875,136.771,96.98,67.052,135.305,141.962,134.343,134.415
513.4,97.855,61.875,136.702,96.854,67.052,135.305,142.056,134.343,134.343
513.5,97.917,61.97,136.736,96.854,66.962,135.341,141.868,134.308,134.343
513.6,97.979,61.875,136.736,96.917,67.052,135.305,141.899,134.343,134.379
513.7,97.917,61.875,136.702,96.854,67.052,135.341,142.025,134.379,134.415
513.8,97.917,61.97,136.736,96.854,66.962,135.27,141.931,134.343,134.343
513.9,97.855,61.875,136.736,96.98,67.052,135.341,141.868,134.308,134.343
514.0,97.917,61.875,136.736,96.854,67.052,135.305,141.962,134.343,134.343
514.1,97.855,61.875,136.736,96.854,67.052,135.341,141.931,134.343,134.272
514.2,97.979,61.875,136.771,96.917,67.052,135.341,141.931,134.379,134.343
514.3,97.917,61.97,136.736,97.042,66.962,135.411,141.994,134.343,134.343
514.4,97.917,61.97,136.702,96.854,67.142,135.341,141.899,134.379,134.308
514.5,97.979,61.97,136.736,96.917,67.052,135.305,141.899,134.379,134.343
514.6,97.917,61.875,136.702,96.98,66.962,135.305,141.931,134.379,134.415
514.7,97.917,61.97,136.736,96.917,67.142,135.27,141.994,134.379,134.379
514.8,97.979,61.97,136.736,96.917,67.052,135.305,141.931,134.343,134.308
514.9,97.855,61.97,136.702,96.854,67.052,135.341,141.931,134.379,134.343
515.0,97.979,61.97,136.598,96.917,67.052,135.341,141.931,134.343,134.343
515.1,97.917,61.97,136.702,96.917,67.052,135.305,141.931,134.379,134.343
515.2,97.979,61.97,136.736,96.917,67.052,135.305,141.931,134.379,134.343
515.3,97.979,61.97,136.702,96.854,67.052,135.341,141.931,134.379,134.343
515.4,97.979,61.97,136.702,96.98,67.052,135.341,141.931,134.379,134.343
515.5,97.917,61.97,136.736,96.98,67.142,135.305,141.931,134.343,134.343
515.6,97.979,61.97,136.702,96.917,67.052,135.305,141.899,134.379,134.379
515.7,98.041,62.065,136.736,96.98,67.142,135.341,141.962,134.379,134.343
515.8,97.979,61.97,136.736,96.98,67.142,135.341,141.962,134.415,134.379
515.9,97.979,61.97,136.736,96.917,67.052,135.305,141.962,134.415,134.308
516.0,98.041,61.97,136.667,96.917,67.142,135.341,141.962,134.379,134.343
516.1,97.979,62.065,136.736,96.98,67.052,135.341,141.931,134.343,134.343
516.2,97.979,61.97,136.702,96.98,67.052,135.341,141.868,134.379,134.379
516.3,98.041,61.97,136.702,96.98,67.052,135.341,141.899,134.451,134.379
516.4,97.979,62.065,136.702,96.854,67.052,135.341,141.994,134.379,134.343
516.5,98.041,61.97,136.633,96.98,67.232,135.376,141.931,134.379,134.379
516.6,98.041,62.065,136.702,96.98,67.142,135.341,141.994,134.379,134.343
516.7,98.165,62.065,136.702,96.98,67.142,135.341,141.899,134.415,134.415
516.8,98.041,62.065,136.667,96.917,67.142,135.341,141.931,134.308,134.379
516.9,98.041,62.065,136.702,96.98,67.142,135.341,141.962,134.379,134.379
517.0,98.165,62.065,136.736,96.98,67.142,135.376,141.868,134.379,134.343
517.1,98.041,62.065,136.736,96.98,67.052,135.376,141.962,134.343,134.379
517.2,98.041,62.065,136.702,96.98,67.232,135.305,141.962,134.379,134.379
517.3,98.103,62.16,136.736,96.98,67.142,135.305,141.899,134.415,134.343
517.4,98.041,62.16,136.702,96.98,67.142,135.305,141.931,134.379,134.343
517.5,98.103,62.16,136.702,96.98,67.232,135.305,141.962,134.308,134.343
517.6,98.103,62.065,136.736,97.042,67.232,135.376,141.962,134.451,134.415
517.7,98.041,62.16,136.736,96.98,67.142,135.341,141.931,134.379,134.379
517.8,98.103,62.065,136.736,97.042,67.142,135.305,141.931,134.415,134.379
517.9,98.041,62.065,136.702,97.042,67.232,135.376,141.931,134.415,134.415
518.0,98.041,62.16,136.736,97.105,67.142,135.305,141.931,134.415,134.272
518.1,98.041,62.16,136.702,96.854,67.142,135.341,141.868,134.379,134.451
518.2,98.041,62.16,136.702,97.042,67.232,135.341,141.899,134.451,134.379
518.3,98.041,62.16,136.702,97.042,67.232,135.341,141.899,134.379,134.415
518.4,98.103,62.255,136.736,97.042,67.232,135.341,141.899,134.415,134.415
518.5,98.165,62.255,136.702,97.042,67.232,135.341,141.962,134.415,134.415
518.6,98.165,62.16,136.736,96.98,67.142,135.305,141.899,134.415,134.415
518.7,98.103,62.16,136.702,96.98,67.232,135.341,141.931,134.451,134.379
518.8,98.103,62.065,136.667,97.105,67.232,135.341,141.931,134.451,134.379
518.9,98.103,62.255,136.702,96.98,67.232,135.341,141.931,134.415,134.379
519.0,98.103,62.255,136.736,97.042,67.232,135.341,141.899,134.415,134.379
519.1,98.165,62.255,136.736,97.042,67.232,135.305,141.899,134.379,134.415
519.2,98.103,62.255,136.736,96.98,67.232,135.341,141.899,134.415,134.379
519.3,98.165,62.255,136.702,97.042,67.232,135.341,141.931,134.415,134.415
519.4,98.165,62.255,136.667,97.042,67.411,135.341,141.899,134.451,134.451
519.5,98.227,62.255,136.667,97.105,67.321,135.341,141.868,134.451,134.415
519.6,98.227,62.255,136.736,97.105,67.232,135.341,141.899,134.451,134.451
519.7,98.165,62.255,136.667,97.042,67.321,135.305,141.899,134.415,134.415
519.8,98.103,62.255,136.667,97.105,67.232,135.341,141.931,134.487,134.379
519.9,97.979,62.255,136.598,97.042,67.232,135.341,141.899,134.415,134.415
520.0,98.227,62.255,136.736,97.042,67.321,135.341,141.899,134.451,134.415
520.1,98.165,62.255,136.702,97.105,67.232,135.305,141.868,134.487,134.451
520.2,98.227,62.255,136.702,97.042,67.411,135.341,141.931,134.487,134.451
520.3,98.165,62.255,136.702,97.042,67.411,135.341,141.931,134.451,134.379
520.4,98.165,62.16,136.702,97.105,67.321,135.341,141.931,134.451,134.415
520.5,98.227,62.349,136.667,97.042,67.321,135.305,141.899,134.451,134.415
520.6,98.165,62.255,136.736,97.105,67.232,135.341,141.899,134.487,134.415
520.7,98.165,62.349,136.736,97.042,67.411,135.305,141.868,134.415,134.415
520.8,98.165,62.349,136.702,97.105,67.411,135.341,141.931,134.451,134.487
520.9,98.165,62.349,136.771,97.105,67.321,135.341,141.899,134.415,134.451
521.0,98.227,62.444,136.702,97.105,67.321,135.341,141.899,134.487,134.415
521.1,98.165,62.349,136.702,97.042,67.411,135.376,141.931,134.415,134.451
521.2,98.227,62.444,136.736,97.105,67.321,135.341,141.931,134.523,134.451
521.3,98.227,62.349,136.702,97.168,67.411,135.305,141.899,134.487,134.415
521.4,98.227,62.349,136.702,97.105,67.5,135.305,141.899,134.379,134.415
521.5,98.165,62.349,136.736,97.105,67.411,135.305,141.931,134.487,134.415
521.6,98.165,62.349,136.736,97.168,67.411,135.341,141.899,134.451,134.415
521.7,98.227,62.255,136.633,97.105,67.411,135.27,141.931,134.451,134.451
521.8,98.227,62.349,136.702,97.105,67.5,135.341,141.899,134.487,134.487
521.9,98.289,62.349,136.667,97.042,67.411,135.305,141.868,134.451,134.415
522.0,98.227,62.255,136.736,97.168,67.411,135.341,141.899,134.415,134.451
522.1,98.227,62.349,136.736,97.105,67.411,135.305,141.899,134.487,134.451
522.2,98.227,62.444,136.702,97.168,67.411,135.341,141.899,134.487,134.415
522.3,98.227,62.444,136.667,97.231,67.411,135.341,141.868,134.559,134.415
522.4,98.289,62.349,136.736,97.168,67.5,135.341,141.962,134.451,134.451
522.5,98.289,62.444,136.702,97.105,67.411,135.305,141.899,134.487,134.415
522.6,98.289,62.444,136.702,97.231,67.411,135.376,141.931,134.523,134.487
522.7,98.227,62.538,136.736,97.168,67.411,135.376,141.899,134.487,134.487
522.8,98.289,62.349,136.702,97.168,67.59,135.341,141.899,134.415,134.487
522.9,98.413,62.349,136.771,97.168,67.411,135.376,141.899,134.451,134.487
523.0,98.289,62.444,136.702,97.168,67.59,135.341,141.868,134.487,134.487
523.1,98.351,62.444,136.702,97.231,67.5,135.305,141.931,134.487,134.451
523.2,98.289,62.444,136.702,97.168,67.5,135.341,141.931,134.487,134.451
523.3,98.289,62.444,136.702,97.231,67.5,135.376,141.837,134.487,134.451
523.4,98.289,62.538,136.667,97.231,67.5,135.305,141.931,134.487,134.523
523.5,98.351,62.444,136.702,97.168,67.5,135.341,141.899,134.523,134.487
523.6,98.289,62.444,136.702,97.231,67.5,135.376,141.899,134.523,134.523
523.7,98.351,62.538,136.736,97.231,67.59,135.305,141.931,134.487,134.487
523.8,98.351,62.633,136.702,97.231,67.5,135.341,141.899,134.487,134.487
523.9,98.227,62.538,136.736,97.168,67.5,135.341,141.899,134.451,134.487
524.0,98.413,62.538,136.702,97.168,67.59,135.341,141.931,134.487,134.487
524.1,98.227,62.633,136.702,97.105,67.679,135.305,141.899,134.523,134.451
524.2,98.413,62.538,136.702,97.231,67.59,135.341,141.899,134.487,134.415
524.3,98.351,62.444,136.667,97.231,67.5,135.341,141.899,134.487,134.487
524.4,98.351,62.633,136.805,97.168,67.411,135.341,141.931,134.487,134.487
524.5,98.351,62.538,136.736,97.168,67.59,135.341,141.899,134.487,134.559
524.6,98.351,62.633,136.667,97.231,67.679,135.341,141.931,134.523,134.487
524.7,98.351,62.538,136.702,97.231,67.59,135.341,141.899,134.487,134.523
524.8,98.474,62.633,136.702,97.168,67.679,135.341,141.931,134.523,134.523
524.9,98.413,62.538,136.702,97.231,67.59,135.341,141.962,134.487,134.523
525.0,98.413,62.633,136.702,97.231,67.59,135.341,141.931,134.559,134.487
525.1,98.351,62.538,136.702,97.293,67.59,135.376,141.899,134.487,134.523
525.2,98.413,62.633,136.702,97.231,67.59,135.341,141.899,134.523,134.487
525.3,98.351,62.633,136.702,97.231,67.679,135.341,141.899,134.487,134.523
525.4,98.413,62.538,136.667,97.293,67.59,135.341,141.899,134.559,134.487
525.5,98.413,62.538,136.736,97.293,67.679,135.376,141.899,134.63,134.451
525.6,98.351,62.633,136.702,97.419,67.59,135.341,141.931,134.559,134.487
525.7,98.413,62.633,136.736,97.293,67.679,135.341,141.899,134.559,134.487
525.8,98.351,62.633,136.736,97.293,67.59,135.341,141.931,134.559,134.487
525.9,98.413,62.633,136.667,97.231,67.679,135.305,141.899,134.487,134.487
526.0,98.597,62.633,136.702,97.231,67.679,135.341,141.931,134.523,134.487
526.1,98.474,62.633,136.702,97.293,67.679,135.341,141.899,134.523,134.559
526.2,98.413,62.633,136.702,97.231,67.59,135.341,141.868,134.523,134.523
526.3,98.413,62.727,136.702,97.293,67.679,135.341,141.931,134.487,134.487
526.4,98.351,62.633,136.702,97.293,67.679,135.341,141.931,134.559,134.523
526.5,98.351,62.821,136.667,97.293,67.679,135.305,141.899,134.559,134.594
526.6,98.413,62.727,136.736,97.293,67.679,135.341,141.899,134.523,134.523
526.7,98.474,62.727,136.702,97.293,67.768,135.341,141.962,134.487,134.487
526.8,98.474,62.727,136.702,97.293,67.768,135.411,141.868,134.559,134.523
526.9,98.413,62.727,136.667,97.356,67.679,135.376,141.868,134.559,134.523
527.0,98.474,62.727,136.702,97.293,67.768,135.341,141.931,134.559,134.559
527.1,98.413,62.727,136.667,97.293,67.768,135.411,141.931,134.559,134.523
527.2,98.474,62.538,136.667,97.419,67.679,135.411,141.931,134.559,134.594
527.3,98.474,62.821,136.702,97.293,67.679,135.341,141.931,134.523,134.523
527.4,98.413,62.633,136.736,97.293,67.679,135.376,141.899,134.559,134.487
527.5,98.413,62.633,136.667,97.293,67.679,135.341,141.899,134.594,134.594
527.6,98.474,62.727,136.667,97.293,67.768,135.341,141.962,134.559,134.487
527.7,98.413,62.821,136.702,97.293,67.679,135.341,141.931,134.63,134.487
527.8,98.474,62.727,136.702,97.293,67.679,135.341,141.931,134.594,134.559
527.9,98.536,62.727,136.702,97.293,67.679,135.341,141.931,134.594,134.559
528.0,98.474,62.821,136.702,97.356,67.768,135.341,141.868,134.559,134.487
528.1,98.536,62.727,136.702,97.293,67.768,135.341,141.805,134.594,134.559
528.2,98.474,62.727,136.702,97.356,67.768,135.341,141.899,134.559,134.523
528.3,98.413,62.821,136.771,97.293,67.768,135.341,141.931,134.559,134.523
528.4,98.536,62.633,136.702,97.293,67.858,135.341,141.931,134.559,134.523
528.5,98.474,62.727,136.736,97.293,67.768,135.341,141.931,134.594,134.523
528.6,98.474,62.821,136.702,97.293,67.768,135.411,141.899,134.559,134.594
528.7,98.536,62.821,136.702,97.356,67.768,135.305,141.899,134.594,134.523
528.8,98.474,62.821,136.702,97.356,67.858,135.305,141.962,134.559,134.594
528.9,98.474,62.821,136.667,97.356,67.947,135.376,141.899,134.594,134.559
529.0,98.536,62.727,136.667,97.356,67.768,135.341,141.931,134.594,134.559
529.1,98.536,62.727,136.667,97.419,67.679,135.341,142.056,134.594,134.594
529.2,98.474,62.821,136.667,97.356,67.768,135.341,141.931,134.666,134.594
529.3,98.536,62.821,136.702,97.293,67.947,135.341,141.931,134.559,134.523
529.4,98.536,62.821,136.702,97.419,67.858,135.341,141.899,134.594,134.523
529.5,98.413,62.821,136.702,97.356,67.858,135.305,141.868,134.63,134.559
529.6,98.536,62.821,136.667,97.419,67.768,135.341,141.868,134.559,134.559
529.7,98.536,62.915,136.667,97.356,67.858,135.341,141.899,134.594,134.559
529.8,98.597,62.821,136.667,97.419,67.858,135.305,141.899,134.559,134.559
529.9,98.597,62.821,136.702,97.481,67.858,135.341,141.899,134.559,134.523
530.0,98.536,62.821,136.702,97.356,67.858,135.411,141.899,134.594,134.594
530.1,98.536,62.915,136.736,97.419,67.947,135.341,141.868,134.594,134.523
530.2,98.474,62.821,136.702,97.419,67.858,135.341,141.931,134.594,134.559
530.3,98.536,62.821,136.667,97.419,67.858,135.341,141.931,134.594,134.559
530.4,98.659,62.915,136.702,97.419,67.858,135.341,141.962,134.594,134.559
530.5,98.597,62.915,136.736,97.419,67.858,135.341,141.899,134.594,134.594
530.6,98.597,62.821,136.598,97.356,67.768,135.341,141.868,134.594,134.594
530.7,98.536,62.821,136.667,97.356,67.858,135.341,141.899,134.594,134.523
530.8,98.536,62.915,136.667,97.419,67.768,135.341,141.931,134.63,134.63
530.9,98.474,62.821,136.702,97.419,67.947,135.341,141.899,134.559,134.594
531.0,98.597,62.821,136.667,97.419,67.858,135.411,141.899,134.594,134.559
531.1,98.597,62.915,136.667,97.356,67.858,135.376,141.899,134.559,134.594
531.2,98.536,62.915,136.667,97.419,67.947,135.341,141.931,134.594,134.594
531.3,98.597,62.915,136.633,97.419,67.858,135.341,141.994,134.63,134.559
531.4,98.597,62.915,136.667,97.419,67.947,135.341,141.868,134.63,134.559
531.5,98.597,62.915,136.702,97.481,67.858,135.341,141.868,134.594,134.559
531.6,98.474,62.821,136.702,97.419,67.858,135.341,141.931,134.594,134.594
531.7,98.536,62.915,136.667,97.419,67.858,135.341,141.899,134.594,134.451
531.8,98.597,62.915,136.702,97.481,67.947,135.305,141.899,134.63,134.594
531.9,98.659,62.915,136.667,97.419,67.768,135.341,141.931,134.63,134.594
532.0,98.597,62.915,136.702,97.419,67.947,135.376,141.899,134.666,134.594
532.1,98.659,62.915,136.667,97.419,67.947,135.341,141.931,134.63,134.559
532.2,98.597,62.915,136.633,97.481,67.947,135.341,141.931,134.63,134.594
532.3,98.659,63.009,136.667,97.356,67.947,135.411,141.931,134.63,134.559
532.4,98.659,63.009,136.736,97.419,67.947,135.305,141.931,134.63,134.666
532.5,98.597,62.915,136.667,97.481,67.858,135.341,141.868,134.63,134.63
532.6,98.659,63.009,136.667,97.419,67.947,135.341,141.899,134.594,134.594
532.7,98.597,63.009,136.736,97.481,67.947,135.341,141.931,134.63,134.559
532.8,98.597,62.915,136.564,97.543,67.947,135.341,141.899,134.63,134.594
532.9,98.659,63.009,136.702,97.419,67.947,135.341,141.899,134.594,134.559
533.0,98.721,63.009,136.667,97.481,67.947,135.341,141.899,134.63,134.594
533.1,98.659,63.009,136.667,97.481,68.036,135.341,141.899,134.63,134.594
533.2,98.659,63.009,136.667,97.481,67.858,135.376,141.899,134.63,134.702
533.3,98.659,62.915,136.667,97.481,67.947,135.376,141.899,134.594,134.63
533.4,98.659,63.009,136.667,97.481,67.947,135.305,141.899,134.666,134.666
533.5,98.659,63.009,136.702,97.481,67.858,135.27,141.899,134.594,134.594
533.6,98.659,63.009,136.667,97.419,68.125,135.341,141.962,134.559,134.594
533.7,98.659,63.009,136.736,97.481,67.947,135.376,141.931,134.63,134.594
533.8,98.721,63.009,136.633,97.543,67.947,135.305,141.868,134.63,134.63
533.9,98.721,63.009,136.667,97.481,68.036,135.305,141.899,134.63,134.594
534.0,98.659,63.103,136.702,97.543,67.947,135.341,141.931,134.63,134.63
534.1,98.659,63.009,136.667,97.543,67.947,135.27,141.931,134.63,134.666
534.2,98.597,63.009,136.667,97.543,68.036,135.376,141.899,134.594,134.559
534.3,98.659,63.103,136.667,97.543,68.036,135.341,141.899,134.63,134.559
534.4,98.659,63.103,136.667,97.481,68.036,135.305,141.868,134.63,134.594
534.5,98.659,63.009,136.702,97.481,67.947,135.341,141.931,134.63,134.559
534.6,98.782,63.103,136.702,97.481,68.036,135.341,141.931,134.666,134.594
534.7,98.659,63.103,136.667,97.606,68.125,135.341,141.931,134.63,134.594
534.8,98.597,63.103,136.736,97.606,68.036,135.341,141.899,134.63,134.63
534.9,98.782,63.103,136.667,97.606,68.036,135.341,141.931,134.702,134.594
535.0,98.721,63.197,136.702,97.606,68.125,135.341,141.931,134.63,134.594
535.1,98.659,63.103,136.633,97.481,68.036,135.376,141.868,134.666,134.594
535.2,98.782,63.103,136.667,97.419,68.125,135.341,141.899,134.666,134.63
535.3,98.782,63.103,136.736,97.481,68.125,135.341,141.899,134.666,134.63
535.4,98.659,63.197,136.736,97.481,68.125,135.341,141.868,134.559,134.594
535.5,98.659,63.197,136.702,97.543,68.125,135.341,141.868,134.63,134.594
535.6,98.721,63.197,136.633,97.543,68.036,135.341,141.931,134.666,134.63
535.7,98.721,63.29,136.667,97.419,68.036,135.411,141.899,134.63,134.63
535.8,98.721,63.197,136.702,97.543,68.125,135.341,141.931,134.63,134.63
535.9,98.782,63.197,136.633,97.606,68.125,135.341,141.931,134.666,134.666
536.0,98.721,63.197,136.702,97.543,68.125,135.341,141.931,134.702,134.63
536.1,98.721,63.103,136.702,97.606,68.036,135.341,141.868,134.666,134.63
536.2,98.721,63.197,136.667,97.543,68.213,135.341,141.868,134.737,134.63
536.3,98.843,63.197,136.702,97.543,68.125,135.341,141.899,134.63,134.63
536.4,98.721,63.197,136.736,97.606,68.125,135.341,141.899,134.702,134.63
536.5,98.721,63.197,136.667,97.543,68.036,135.341,141.868,134.666,134.63
536.6,98.721,63.103,136.702,97.668,68.036,135.341,141.868,134.702,134.63
536.7,98.843,63.197,136.633,97.543,68.213,135.341,141.899,134.844,134.594
536.8,98.782,63.103,136.702,97.606,68.125,135.341,141.899,134.666,134.63
536.9,98.782,63.29,136.667,97.606,68.125,135.305,141.931,134.594,134.666
537.0,98.843,63.29,136.667,97.543,67.947,135.341,141.899,134.666,134.594
537.1,98.782,63.197,136.667,97.606,68.213,135.411,141.774,134.88,134.63
537.2,98.782,63.009,136.667,97.606,68.125,135.341,141.899,134.666,134.666
537.3,98.782,63.197,136.702,97.543,68.213,135.341,141.899,134.844,134.666
537.4,98.721,63.197,136.598,97.543,68.213,135.376,141.899,134.773,134.63
537.5,98.782,63.197,136.633,97.606,68.213,135.376,141.899,134.773,134.63
537.6,98.721,63.197,136.667,97.543,68.125,135.305,141.931,134.666,134.702
537.7,98.782,63.197,136.736,97.543,68.213,135.305,141.868,134.88,134.737
537.8,98.782,63.197,136.633,97.606,68.125,135.376,141.931,134.809,134.702
537.9,98.843,63.197,136.667,97.606,68.125,135.341,141.931,134.702,134.666
538.0,98.843,63.197,136.667,97.731,68.125,135.305,141.931,134.666,134.666
538.1,98.782,63.197,136.805,97.606,68.213,135.341,141.868,134.88,134.666
538.2,98.782,63.29,136.667,97.606,68.125,135.341,141.899,134.666,134.666
538.3,98.843,63.384,136.702,97.606,68.302,135.341,141.931,134.809,134.63
538.4,98.843,63.29,136.667,97.606,68.302,135.376,141.899,134.737,134.702
538.5,98.843,63.29,136.667,97.606,68.213,135.341,141.931,134.809,134.666
538.6,98.782,63.29,136.667,97.606,68.213,135.341,141.899,134.844,134.63
538.7,98.843,63.197,136.633,97.606,68.302,135.341,141.899,134.844,134.702
538.8,98.843,63.29,136.667,97.668,68.213,135.376,141.899,134.809,134.666
538.9,98.905,63.29,136.702,97.606,68.302,135.305,141.899,134.844,134.702
539.0,98.843,63.29,136.633,97.668,68.302,135.341,141.899,134.809,134.666
539.1,98.843,63.384,136.771,97.606,68.302,135.376,141.899,134.844,134.666
539.2,98.966,63.29,136.667,97.668,68.302,135.341,141.899,134.809,134.666
539.3,98.843,63.29,136.667,97.606,68.213,135.341,141.899,134.844,134.666
539.4,98.843,63.384,136.667,97.731,68.302,135.376,141.805,134.809,134.666
539.5,98.843,63.29,136.702,97.668,68.213,135.341,141.962,134.844,134.702
539.6,98.843,63.29,136.667,97.606,68.302,135.341,141.868,134.844,134.737
539.7,98.721,63.29,136.667,97.606,68.391,135.341,141.962,134.809,134.844
539.8,98.843,63.29,136.633,97.668,68.302,135.341,141.899,134.844,134.702
539.9,98.966,63.384,136.667,97.731,68.213,135.341,141.931,134.844,134.737
540.0,98.843,63.29,136.633,97.731,68.302,135.341,141.899,134.809,134.702
540.1,98.905,63.384,136.633,97.668,68.391,135.376,141.899,134.844,134.702
540.2,98.905,63.29,136.633,97.668,68.213,135.341,141.899,134.809,134.737
540.3,98.905,63.477,136.667,97.668,68.302,135.341,141.837,134.844,134.702
540.4,98.905,63.384,136.702,97.668,68.302,135.376,141.899,134.809,134.702
540.5,98.905,63.384,136.667,97.668,68.302,135.305,141.899,134.88,134.702
540.6,98.905,63.384,136.667,97.668,68.302,135.411,141.931,134.88,134.702
540.7,98.905,63.477,136.633,97.668,68.302,135.376,141.899,134.844,134.702
540.8,98.966,63.384,136.667,97.543,68.391,135.341,141.899,134.844,134.702
540.9,98.966,63.384,136.667,97.731,68.302,135.341,141.899,134.773,134.702
541.0,98.966,63.384,136.702,97.731,68.391,135.27,141.899,134.88,134.702
541.1,98.905,63.384,136.667,97.731,68.302,135.341,141.868,134.844,134.737
541.2,98.966,63.477,136.667,97.731,68.479,135.341,141.899,134.844,134.702
541.3,98.905,63.477,136.771,97.793,68.391,135.341,141.899,134.915,134.666
541.4,98.966,63.384,136.633,97.606,68.302,135.341,141.868,134.88,134.702
541.5,98.966,63.477,136.667,97.731,68.479,135.341,141.868,134.844,134.702
541.6,98.966,63.477,136.667,97.668,68.391,135.411,141.899,134.844,134.773
541.7,98.966,63.477,136.667,97.793,68.391,135.341,141.868,134.88,134.666
541.8,98.905,63.477,136.667,97.731,68.391,135.341,141.868,134.915,134.702
541.9,98.966,63.477,136.667,97.668,68.391,135.341,141.899,134.809,134.702
542.0,98.905,63.571,136.702,97.793,68.391,135.341,141.899,134.915,134.666
542.1,98.905,63.477,136.702,97.731,68.302,135.341,141.899,134.844,134.702
542.2,98.966,63.477,136.667,97.731,68.391,135.376,141.931,134.88,134.809
542.3,98.966,63.477,136.667,97.668,68.391,135.341,141.899,134.844,134.702
542.4,98.966,63.477,136.667,97.731,68.391,135.341,141.837,134.88,134.702
542.5,98.966,63.477,136.702,97.731,68.391,135.341,141.899,134.915,134.702
542.6,99.027,63.477,136.667,97.668,68.391,135.305,141.899,134.915,134.737
542.7,99.027,63.477,136.667,97.731,68.302,135.447,141.868,134.844,134.737
542.8,98.905,63.571,136.667,97.793,68.568,135.341,141.931,134.915,134.63
542.9,98.966,63.477,136.667,97.793,68.302,135.341,141.931,134.88,134.702
543.0,99.027,63.477,136.633,97.855,68.391,135.341,141.931,134.844,134.737
543.1,99.027,63.571,136.805,97.793,68.391,135.341,141.868,134.88,134.737
543.2,98.966,63.571,136.702,97.731,68.656,135.341,141.931,134.88,134.737
543.3,98.966,63.477,136.736,97.793,68.479,135.482,141.868,134.915,134.702
543.4,98.966,63.477,136.702,97.793,68.479,135.341,141.931,134.844,134.737
543.5,99.027,63.477,136.598,97.731,68.479,135.27,141.868,134.88,134.773
543.6,98.966,63.571,136.667,97.793,68.479,135.341,141.931,134.915,134.702
543.7,99.088,63.477,136.667,97.793,68.479,135.341,141.899,134.844,134.737
543.8,99.027,63.664,136.667,97.731,68.479,135.341,141.994,134.915,134.702
543.9,98.966,63.477,136.667,97.793,68.479,135.341,141.899,134.987,134.737
544.0,98.966,63.664,136.702,97.793,68.479,135.341,141.899,134.809,134.702
544.1,99.027,63.664,136.667,97.731,68.479,135.376,141.931,134.951,134.702
544.2,99.088,63.664,136.702,97.793,68.479,135.376,141.899,134.88,134.702
544.3,99.027,63.664,136.736,97.793,68.479,135.341,141.899,134.88,134.737
544.4,99.088,63.571,136.667,97.855,68.479,135.341,141.899,134.915,134.737
544.5,99.027,63.571,136.667,97.917,68.479,135.447,141.899,134.915,134.773
544.6,99.027,63.664,136.667,97.793,68.656,135.482,141.899,134.88,134.844
544.7,99.027,63.664,136.667,97.855,68.479,135.411,141.899,134.88,134.773
544.8,99.027,63.664,136.667,97.793,68.568,135.341,141.899,134.915,134.737
544.9,99.027,63.664,136.667,97.793,68.568,135.341,141.868,134.915,134.773
545.0,99.088,63.664,136.667,97.793,68.656,135.305,141.899,134.88,134.773
545.1,98.905,63.571,136.736,97.793,68.479,135.341,141.931,134.844,134.773
545.2,99.027,63.664,136.667,97.793,68.479,135.341,141.899,134.915,134.773
545.3,99.027,63.571,136.633,97.793,68.568,135.376,141.868,134.88,134.737
545.4,99.027,63.571,136.633,97.855,68.656,135.411,141.899,134.915,134.773
545.5,99.027,63.664,136.667,97.793,68.656,135.305,141.868,134.88,134.737
545.6,99.15,63.664,136.667,97.793,68.568,135.341,142.025,134.88,134.773
545.7,99.088,63.85,136.633,97.793,68.479,135.341,141.899,134.88,134.773
545.8,99.088,63.664,136.667,97.855,68.568,135.341,141.899,134.88,134.773
545.9,99.088,63.664,136.702,97.793,68.656,135.341,141.899,134.915,134.773
546.0,99.088,63.757,136.736,97.855,68.568,135.341,141.899,134.88,134.773
546.1,99.15,63.664,136.702,97.979,68.568,135.411,141.899,134.987,134.88
546.2,99.088,63.664,136.667,97.793,68.568,135.341,141.899,134.987,134.773
546.3,99.027,63.757,136.702,97.731,68.568,135.341,141.868,134.88,134.737
546.4,99.088,63.757,136.667,97.855,68.568,135.341,141.868,134.915,134.773
546.5,99.088,63.571,136.667,97.855,68.744,135.341,141.868,134.915,134.737
546.6,99.027,63.757,136.633,97.855,68.568,135.376,141.899,134.88,134.773
546.7,99.088,63.757,136.667,97.793,68.568,135.376,141.868,134.915,134.809
546.8,99.088,63.757,136.633,97.917,68.568,135.341,141.868,134.915,134.773
546.9,99.088,63.664,136.667,97.793,68.568,135.341,141.899,134.951,134.737
547.0,99.088,63.757,136.702,97.793,68.568,135.341,141.868,134.915,134.844
547.1,99.15,63.664,136.736,97.917,68.568,135.341,141.868,134.951,134.809
547.2,99.088,63.757,136.667,97.855,68.568,135.341,141.931,134.915,134.773
547.3,99.088,63.85,136.667,97.855,68.568,135.341,141.805,134.915,134.773
547.4,99.211,63.757,136.667,97.855,68.656,135.341,141.931,134.915,134.773
547.5,99.088,63.944,136.667,97.855,68.656,135.376,141.899,134.951,134.773
547.6,99.211,63.664,136.633,97.855,68.656,135.341,141.868,134.915,134.773
547.7,99.088,63.85,136.667,97.917,68.656,135.376,141.899,134.915,134.809
547.8,99.211,63.757,136.633,97.917,68.479,135.376,141.899,134.951,134.737
547.9,99.15,63.944,136.667,97.917,68.568,135.305,141.931,134.987,134.773
548.0,99.15,63.85,136.702,97.917,68.744,135.376,141.899,134.915,134.809
548.1,99.211,63.944,136.736,97.855,68.656,135.411,141.868,134.915,134.773
548.2,99.211,63.757,136.667,97.917,68.656,135.341,141.899,134.951,134.809
548.3,99.211,63.757,136.667,97.979,68.656,135.305,141.837,134.951,134.809
548.4,99.211,63.757,136.633,97.917,68.656,135.341,141.962,134.915,134.773
548.5,99.211,63.757,136.667,97.917,68.656,135.376,141.899,134.915,134.809
548.6,99.211,63.944,136.667,97.855,68.744,135.341,141.899,134.951,134.809
548.7,99.15,63.757,136.771,97.979,68.656,135.376,141.899,134.987,134.666
548.8,99.15,63.85,136.667,97.917,68.656,135.411,141.868,134.951,134.702
548.9,99.15,63.85,136.667,97.917,68.656,135.305,141.931,134.987,134.773
549.0,99.088,63.85,136.667,97.917,68.656,135.376,141.868,134.987,134.809
549.1,99.15,63.944,136.598,97.979,68.744,135.376,141.868,134.915,134.773
549.2,99.211,63.757,136.633,97.917,68.656,135.376,141.868,134.951,134.809
549.3,99.272,63.944,136.702,97.855,68.744,135.341,141.899,134.951,134.844
549.4,99.211,63.944,136.667,97.917,68.833,135.341,141.962,134.951,134.809
549.5,99.211,63.85,136.633,97.855,68.744,135.341,141.837,134.951,134.809
549.6,99.211,63.85,136.529,97.917,68.656,135.376,141.868,134.915,134.773
549.7,99.272,63.85,136.702,97.917,68.744,135.376,141.868,134.915,134.809
549.8,99.272,63.757,136.633,97.855,68.656,135.341,141.899,134.987,134.809
549.9,99.211,63.85,136.702,97.979,68.744,135.341,141.899,134.987,134.773
550.0,99.211,63.944,136.633,97.855,68.744,135.341,141.899,134.88,134.809
550.1,99.211,63.944,136.633,97.979,68.656,135.341,141.868,134.951,134.809
550.2,99.211,63.85,136.702,97.855,68.744,135.341,141.899,134.951,134.773
550.3,99.211,63.85,136.667,97.917,68.833,135.341,141.868,134.987,134.773
550.4,99.211,63.944,136.667,97.979,68.744,135.341,141.837,134.915,134.809
550.5,99.211,63.85,136.702,97.917,68.744,135.376,141.931,134.951,134.844
550.6,99.211,63.85,136.667,97.979,68.744,135.341,141.868,134.951,134.809
550.7,99.272,63.85,136.667,98.041,68.833,135.376,141.899,134.987,134.809
550.8,99.211,63.944,136.667,97.917,68.744,135.376,141.868,135.022,134.844
550.9,99.15,63.944,136.667,97.855,68.656,135.341,141.868,134.987,134.809
551.0,99.211,63.85,136.667,97.917,68.833,135.411,141.868,134.951,134.809
551.1,99.15,63.944,136.702,97.917,68.833,135.341,141.899,134.987,134.809
551.2,99.272,63.944,136.633,97.917,68.833,135.376,141.899,134.951,134.773
551.3,99.272,63.944,136.667,97.979,68.833,135.376,141.899,134.88,134.773
551.4,99.272,63.944,136.667,97.917,68.833,135.341,141.931,135.022,134.773
551.5,99.272,63.944,136.667,97.979,68.833,135.341,141.899,134.951,134.773
551.6,99.272,63.944,136.633,98.041,68.833,135.341,141.868,134.915,134.809
551.7,99.333,64.036,136.633,97.979,68.833,135.376,141.868,134.951,134.809
551.8,99.272,63.944,136.633,97.979,68.921,135.376,141.899,134.951,134.809
551.9,99.211,63.944,136.633,97.979,68.833,135.341,141.899,134.987,134.844
552.0,99.211,64.036,136.667,97.979,68.833,135.341,141.931,134.915,134.809
552.1,99.272,64.036,136.598,97.979,68.833,135.411,141.899,134.987,134.844
552.2,99.272,63.944,136.633,97.979,68.656,135.341,141.868,135.022,134.844
552.3,99.272,64.036,136.667,98.041,68.833,135.341,141.868,134.987,134.809
552.4,99.333,63.944,136.633,97.855,68.833,135.341,141.931,135.022,134.809
552.5,99.272,64.036,136.667,98.041,68.921,135.341,141.837,134.951,134.844
552.6,99.333,64.036,136.667,97.979,68.833,135.341,141.837,134.88,134.844
552.7,99.333,64.129,136.564,98.041,68.744,135.376,141.962,135.022,134.809
552.8,99.333,63.944,136.633,98.041,68.921,135.411,141.868,134.987,134.88
552.9,99.333,63.944,136.633,97.979,68.921,135.341,141.899,135.022,134.844
553.0,99.272,64.036,136.633,97.917,68.833,135.376,141.899,134.987,134.915
553.1,99.272,64.036,136.667,97.979,68.921,135.341,141.868,134.987,134.844
553.2,99.333,64.129,136.667,98.041,68.921,135.411,141.899,135.022,134.88
553.3,99.333,64.036,136.667,98.041,69.097,135.341,141.899,135.022,134.844
553.4,99.333,64.036,136.598,98.103,68.921,135.411,141.899,134.951,134.844
553.5,99.455,64.129,136.667,98.041,68.921,135.341,141.931,135.022,134.88
553.6,99.333,64.036,136.598,98.041,69.009,135.411,141.868,134.987,134.844
553.7,99.333,64.129,136.633,98.041,68.921,135.376,141.899,135.022,134.88
553.8,99.333,64.129,136.667,98.103,68.744,135.341,141.868,134.987,134.844
553.9,99.211,64.036,136.667,98.041,68.833,135.341,141.899,135.022,134.809
554.0,99.333,64.036,136.633,98.041,69.009,135.376,141.868,134.987,134.88
554.1,99.333,64.036,136.702,98.041,69.009,135.376,141.899,135.022,134.844
554.2,99.394,64.129,136.702,98.041,68.833,135.411,141.868,135.022,134.951
554.3,99.333,64.129,136.633,98.041,69.009,135.341,141.711,134.987,134.844
554.4,99.394,64.222,136.667,98.041,69.009,135.341,141.931,135.022,134.809
554.5,99.394,64.129,136.667,98.103,69.009,135.376,141.868,135.022,134.844
554.6,99.272,64.129,136.633,97.979,69.009,135.447,141.899,134.987,134.915
554.7,99.394,64.129,136.736,98.103,68.921,135.376,141.868,134.987,134.88
554.8,99.333,64.222,136.667,97.917,69.009,135.341,141.868,135.093,134.915
554.9,99.333,64.129,136.667,98.041,69.009,135.341,141.899,134.987,134.915
555.0,99.394,64.129,136.633,98.103,69.097,135.376,141.899,134.987,134.88
555.1,99.394,64.129,136.633,98.103,68.921,135.341,141.868,135.022,134.844
555.2,99.394,64.129,136.667,98.103,69.009,135.341,141.899,135.058,134.809
555.3,99.455,64.129,136.667,98.103,69.009,135.376,141.868,135.058,134.844
555.4,99.455,64.036,136.633,98.103,69.009,135.341,141.899,135.022,134.915
555.5,99.515,64.129,136.667,98.041,69.009,135.376,141.899,135.022,134.88
555.6,99.455,64.129,136.667,98.103,69.097,135.376,141.899,135.022,134.88
555.7,99.455,64.222,136.633,98.103,69.097,135.341,141.868,135.022,134.88
555.8,99.515,64.222,136.633,98.103,69.009,135.341,141.962,135.022,134.951
555.9,99.455,64.222,136.598,98.103,69.009,135.376,141.899,135.022,134.88
556.0,99.455,64.129,136.736,98.103,69.009,135.411,141.868,135.022,134.88
556.1,99.394,64.129,136.667,98.103,69.009,135.341,141.899,135.022,134.88
556.2,99.455,64.129,136.667,98.103,69.097,135.447,141.899,135.022,134.88
556.3,99.455,64.222,136.633,98.103,69.097,135.341,141.931,135.058,134.844
556.4,99.515,64.222,136.667,98.165,69.097,135.376,141.868,135.093,134.88
556.5,99.455,64.129,136.633,98.103,69.185,135.305,141.931,134.987,134.915
556.6,99.455,64.315,136.736,98.103,69.009,135.376,141.931,134.987,134.88
556.7,99.455,64.315,136.633,98.103,69.009,135.341,141.868,135.022,134.88
556.8,99.455,64.315,136.702,98.103,69.185,135.411,141.899,135.093,134.915
556.9,99.455,64.222,136.702,98.103,69.009,135.376,141.899,135.022,135.022
557.0,99.515,64.315,136.598,98.041,69.009,135.411,141.899,135.093,134.88
557.1,99.576,64.222,136.667,98.165,69.097,135.376,141.899,135.058,134.88
557.2,99.394,64.315,136.667,98.165,69.097,135.341,141.868,135.058,134.88
557.3,99.455,64.315,136.633,98.103,69.097,135.411,141.899,135.022,134.915
557.4,99.515,64.315,136.633,98.103,69.097,135.376,141.837,135.022,134.951
557.5,99.455,64.315,136.633,98.103,69.097,135.341,141.868,134.987,134.915
557.6,99.394,64.315,136.702,98.165,69.097,135.341,141.837,135.058,134.915
557.7,99.515,64.315,136.667,98.165,69.097,135.376,141.931,135.058,134.915
557.8,99.576,64.315,136.702,98.165,69.097,135.341,141.868,135.058,134.844
557.9,99.515,64.407,136.633,98.103,69.185,135.376,141.837,135.093,134.915
558.0,99.515,64.315,136.667,98.165,69.009,135.341,141.868,135.058,134.88
558.1,99.455,64.315,136.667,98.165,69.009,135.341,141.899,135.058,134.88
558.2,99.455,64.407,136.598,98.165,69.097,135.341,141.899,134.987,134.915
558.3,99.455,64.315,136.598,98.041,69.097,135.341,141.899,135.058,134.88
558.4,99.515,64.315,136.667,98.165,69.272,135.411,141.899,135.022,134.915
558.5,99.455,64.315,136.633,98.165,69.272,135.341,141.899,135.058,134.915
558.6,99.515,64.407,136.633,98.103,69.272,135.376,141.899,135.022,134.951
558.7,99.455,64.407,136.633,98.103,69.185,135.341,141.994,135.058,134.915
558.8,99.455,64.315,136.702,98.165,69.185,135.411,141.899,135.093,134.915
558.9,99.576,64.407,136.702,98.289,69.097,135.411,141.837,135.058,134.987
559.0,99.515,64.315,136.633,98.227,69.185,135.447,141.899,135.129,134.915
559.1,99.455,64.407,136.667,98.165,69.185,135.411,141.899,135.022,134.915
559.2,99.455,64.407,136.667,98.289,69.185,135.341,141.868,135.058,134.915
559.3,99.515,64.315,136.633,98.165,69.185,135.376,141.899,135.058,134.915
559.4,99.515,64.407,136.633,98.289,69.185,135.411,141.868,135.058,134.915
559.5,99.515,64.407,136.667,98.227,69.185,135.341,141.899,135.093,134.915
559.6,99.515,64.315,136.736,98.165,69.185,135.411,141.931,135.058,134.987
559.7,99.576,64.315,136.633,98.227,69.185,135.376,141.899,135.093,134.951
559.8,99.576,64.407,136.598,98.165,69.272,135.376,141.899,135.093,134.987
559.9,99.576,64.5,136.633,98.165,69.272,135.376,141.899,135.129,134.951
560.0,99.576,64.684,136.667,98.165,69.272,135.411,141.868,135.093,134.915
560.1,99.515,64.407,136.702,98.227,69.272,135.411,141.868,135.093,135.022
560.2,99.576,64.315,136.633,98.165,69.185,135.411,141.868,135.058,134.951
560.3,99.637,64.5,136.667,98.289,69.185,135.341,141.868,135.058,134.915
560.4,99.515,64.315,136.598,98.351,69.272,135.447,141.837,135.093,134.987
560.5,99.515,64.407,136.667,98.227,69.185,135.376,141.899,135.093,134.987
560.6,99.637,64.407,136.667,98.351,69.185,135.341,141.931,135.022,134.915
560.7,99.637,64.407,136.736,98.289,69.185,135.376,141.931,135.058,134.951
560.8,99.576,64.407,136.667,98.227,69.185,135.376,141.899,135.093,134.915
560.9,99.637,64.407,136.598,98.227,69.272,135.482,141.899,135.093,134.915
561.0,99.758,64.407,136.633,98.227,69.36,135.341,141.931,135.093,134.915
561.1,99.576,64.5,136.667,98.227,69.272,135.376,141.868,135.129,134.915
561.2,99.637,64.407,136.667,98.289,69.272,135.411,141.805,135.058,134.951
561.3,99.576,64.5,136.736,98.351,69.272,135.341,141.868,135.093,134.915
561.4,99.576,64.5,136.667,98.351,69.272,135.376,141.868,135.093,134.951
561.5,99.637,64.5,136.633,98.289,69.272,135.376,141.931,135.058,134.915
561.6,99.576,64.5,136.633,98.227,69.272,135.341,141.899,135.129,134.915
561.7,99.515,64.5,136.667,98.289,69.272,135.305,141.899,135.058,134.951
561.8,99.698,64.407,136.667,98.227,69.272,135.376,141.868,135.093,134.915
561.9,99.637,64.5,136.633,98.289,69.36,135.376,141.868,135.093,134.951
562.0,99.637,64.5,136.633,98.351,69.272,135.447,141.868,135.093,134.951
562.1,99.637,64.5,136.667,98.289,69.36,135.341,141.899,135.058,134.915
562.2,99.637,64.5,136.633,98.227,69.36,135.341,141.899,135.093,134.987
562.3,99.698,64.592,136.633,98.289,69.272,135.376,141.868,135.093,134.987
562.4,99.637,64.684,136.633,98.227,69.36,135.341,141.899,135.093,134.915
562.5,99.637,64.592,136.667,98.289,69.36,135.341,141.899,135.093,134.915
562.6,99.698,64.5,136.736,98.289,69.36,135.376,141.899,135.093,134.987
562.7,99.637,64.407,136.598,98.289,69.36,135.341,141.899,135.129,134.915
562.8,99.637,64.5,136.633,98.289,69.272,135.341,141.868,135.129,134.951
562.9,99.637,64.5,136.598,98.227,69.36,135.376,141.868,135.093,134.951
563.0,99.637,64.684,136.633,98.289,69.36,135.376,141.868,135.093,134.951
563.1,99.637,64.5,136.667,98.289,69.448,135.376,141.899,135.093,134.951
563.2,99.637,64.592,136.667,98.289,69.448,135.341,141.868,135.093,134.951
563.3,99.698,64.592,136.633,98.227,69.36,135.341,141.899,135.058,134.951
563.4,99.637,64.5,136.633,98.227,69.448,135.376,141.931,135.129,134.951
563.5,99.698,64.592,136.667,98.351,69.535,135.341,141.899,135.058,134.987
563.6,99.637,64.592,136.633,98.351,69.448,135.411,141.899,135.093,134.951
563.7,99.637,64.592,136.633,98.289,69.36,135.376,141.868,135.093,134.987
563.8,99.698,64.5,136.633,98.227,69.535,135.341,141.899,135.093,134.951
563.9,99.637,64.592,136.633,98.351,69.448,135.376,141.899,134.987,135.022
564.0,99.819,64.592,136.633,98.289,69.36,135.447,141.837,135.093,134.987
564.1,99.698,64.592,136.667,98.351,69.36,135.376,141.931,135.129,134.951
564.2,99.698,64.684,136.667,98.351,69.36,135.376,141.899,135.093,134.915
564.3,99.698,64.592,136.633,98.351,69.36,135.376,141.868,135.093,134.987
564.4,99.698,64.592,136.667,98.351,69.36,135.411,141.868,135.093,134.951
564.5,99.758,64.684,136.598,98.289,69.448,135.376,141.962,135.129,134.951
564.6,99.758,64.592,136.667,98.289,69.448,135.411,141.837,135.129,134.951
564.7,99.758,64.592,136.667,98.413,69.36,135.376,141.899,135.129,134.987
564.8,99.758,64.592,136.598,98.351,69.448,135.376,141.899,135.093,134.987
564.9,99.698,64.684,136.667,98.351,69.36,135.305,141.837,135.129,135.022
565.0,99.637,64.777,136.702,98.351,69.36,135.376,141.899,135.129,134.951
565.1,99.758,64.592,136.633,98.351,69.448,135.411,141.868,135.129,134.951
565.2,99.698,64.684,136.633,98.351,69.535,135.341,141.962,135.129,134.987
565.3,99.758,64.592,136.633,98.351,69.448,135.376,141.899,135.129,134.951
565.4,99.758,64.592,136.633,98.351,69.448,135.341,141.931,135.093,134.951
565.5,99.698,64.592,136.598,98.351,69.448,135.376,141.868,135.129,134.915
565.6,99.758,64.684,136.633,98.351,69.448,135.341,141.899,135.022,134.987
565.7,99.758,64.684,136.633,98.351,69.448,135.341,141.868,135.129,134.951
565.8,99.758,64.777,136.598,98.413,69.448,135.341,141.899,135.093,134.987
565.9,99.698,64.684,136.598,98.413,69.535,135.376,141.899,135.129,135.058
566.0,99.698,64.684,136.702,98.413,69.535,135.376,141.868,135.129,134.915
566.1,99.758,64.684,136.633,98.351,69.448,135.341,141.868,135.129,135.022
566.2,99.758,64.777,136.598,98.351,69.448,135.411,141.868,135.164,134.915
566.3,99.88,64.869,136.667,98.351,69.448,135.376,141.899,135.129,134.987
566.4,99.758,64.684,136.667,98.474,69.535,135.376,141.868,135.129,135.022
566.5,99.698,64.684,136.598,98.413,69.535,135.376,141.868,135.129,134.951
566.6,99.758,64.684,136.633,98.351,69.448,135.341,141.899,135.129,135.022
566.7,99.819,64.777,136.667,98.351,69.535,135.376,141.931,135.129,134.915
566.8,99.758,64.777,136.702,98.413,69.535,135.376,141.899,135.022,135.058
566.9,99.819,64.684,136.633,98.413,69.535,135.376,141.899,135.129,134.987
567.0,99.758,64.777,136.633,98.351,69.448,135.341,141.899,135.129,135.022
567.1,99.758,64.777,136.667,98.351,69.535,135.341,141.899,135.164,134.987
567.2,99.758,64.777,136.702,98.413,69.623,135.341,141.868,135.129,134.987
567.3,99.819,64.777,136.633,98.413,69.623,135.341,141.868,135.164,134.987
567.4,99.819,64.684,136.633,98.413,69.448,135.376,141.899,135.164,134.987
567.5,99.819,64.777,136.667,98.351,69.623,135.447,141.931,135.164,135.093
567.6,99.819,64.777,136.598,98.413,69.623,135.341,141.868,135.164,134.987
567.7,99.758,64.777,136.633,98.413,69.535,135.341,141.899,135.093,134.987
567.8,99.88,64.869,136.633,98.413,69.535,135.376,141.868,135.164,134.951
567.9,99.819,64.777,136.633,98.474,69.535,135.341,141.868,135.164,134.987
568.0,99.819,64.869,136.667,98.351,69.623,135.376,141.868,135.093,135.022
568.1,99.758,64.777,136.564,98.474,69.535,135.341,141.931,135.164,135.022
568.2,99.88,64.777,136.633,98.474,69.535,135.27,141.899,135.164,135.058
568.3,99.819,64.777,136.633,98.474,69.535,135.376,141.931,135.164,135.022
568.4,99.698,64.777,136.633,98.474,69.623,135.376,141.868,135.235,135.058
568.5,99.819,64.777,136.598,98.474,69.623,135.376,141.899,135.164,134.987
568.6,99.819,64.777,136.667,98.474,69.535,135.376,141.899,135.164,135.022
568.7,99.94,64.869,136.564,98.474,69.535,135.341,141.868,135.164,134.987
568.8,99.819,64.684,136.736,98.413,69.535,135.341,141.868,135.164,134.987
568.9,99.819,64.777,136.633,98.289,69.623,135.376,141.931,135.199,134.987
569.0,99.88,64.869,136.633,98.474,69.623,135.376,141.868,135.199,135.058
569.1,99.88,64.777,136.633,98.413,69.623,135.341,141.931,135.129,135.022
569.2,99.819,64.961,136.667,98.474,69.623,135.376,141.868,135.164,135.022
569.3,99.88,64.777,136.633,98.474,69.623,135.376,141.899,135.164,134.987
569.4,99.758,64.869,136.633,98.474,69.623,135.376,141.899,135.199,135.022
569.5,99.94,64.869,136.598,98.474,69.535,135.411,141.868,135.199,135.058
569.6,99.94,64.777,136.633,98.474,69.623,135.376,141.931,135.199,135.022
569.7,99.94,64.961,136.667,98.474,69.535,135.341,141.899,135.164,135.022
569.8,99.88,64.869,136.633,98.474,69.797,135.376,141.931,135.199,135.022
569.9,99.94,64.961,136.667,98.474,69.623,135.411,141.868,135.199,135.058
570.0,99.88,65.053,136.667,98.536,69.623,135.376,141.868,135.199,135.093
570.1,99.819,64.869,136.633,98.474,69.797,135.376,141.868,135.199,135.022
570.2,99.819,64.869,136.667,98.474,69.623,135.376,141.868,135.164,135.022
570.3,99.88,65.053,136.633,98.536,69.71,135.411,141.931,135.164,135.022
570.4,99.94,64.869,136.702,98.474,69.623,135.376,141.931,135.164,135.022
570.5,99.88,64.869,136.667,98.474,69.71,135.376,141.868,135.164,134.987
570.6,100.0,64.869,136.633,98.536,69.71,135.411,141.837,135.164,135.022
570.7,99.94,64.961,136.598,98.474,69.71,135.411,141.931,135.164,135.022
570.8,99.819,64.961,136.667,98.536,69.623,135.376,141.868,135.199,135.022
570.9,99.94,64.961,136.633,98.474,69.623,135.341,141.899,135.164,135.022
571.0,99.88,64.869,136.598,98.474,69.71,135.376,141.868,135.164,134.987
571.1,99.94,65.053,136.667,98.474,69.535,135.376,141.899,135.164,135.093
571.2,99.94,64.869,136.633,98.474,69.71,135.341,141.837,135.164,135.022
571.3,99.94,65.053,136.598,98.536,69.71,135.376,141.899,135.199,135.058
571.4,99.94,65.053,136.633,98.474,69.623,135.376,141.837,135.199,135.022
571.5,99.94,64.961,136.598,98.536,69.797,135.341,141.868,135.129,135.022
571.6,99.94,64.961,136.667,98.536,69.797,135.376,141.868,135.129,135.058
571.7,99.94,64.684,136.598,98.536,69.71,135.341,141.899,135.164,135.022
571.8,100.0,64.961,136.598,98.597,69.71,135.341,141.868,135.199,135.022
571.9,99.94,64.777,136.667,98.474,69.623,135.411,141.868,135.199,135.058
572.0,99.94,64.961,136.598,98.536,69.71,135.411,141.868,135.235,135.058
572.1,99.94,64.961,136.598,98.474,69.797,135.376,141.899,135.093,135.058
572.2,99.94,64.961,136.633,98.351,69.797,135.341,141.931,135.199,135.058
572.3,100.0,64.961,136.633,98.536,69.71,135.341,141.899,135.235,135.058
572.4,99.94,64.961,136.633,98.597,69.797,135.447,141.868,135.164,135.058
572.5,99.94,64.961,136.598,98.536,69.797,135.341,141.931,135.199,135.058
572.6,100.0,65.053,136.633,98.536,69.797,135.341,141.899,135.164,135.022
572.7,100.0,64.961,136.633,98.536,69.71,135.341,141.868,135.199,135.093
572.8,100.0,65.053,136.494,98.536,69.797,135.411,141.868,135.235,135.129
572.9,99.94,65.053,136.667,98.597,69.71,135.482,141.868,135.235,135.058
573.0,100.0,64.961,136.633,98.597,69.797,135.341,141.899,135.235,135.058
573.1,100.0,65.053,136.633,98.536,69.797,135.341,141.868,135.235,135.093
573.2,100.0,65.053,136.633,98.536,69.797,135.341,141.931,135.199,135.129
573.3,100.0,65.053,136.564,98.659,69.797,135.341,141.899,135.199,135.058
573.4,100.0,65.053,136.633,98.474,69.71,135.376,141.837,135.199,135.058
573.5,100.061,65.053,136.633,98.536,69.797,135.376,141.868,135.235,135.093
573.6,100.061,65.236,136.633,98.536,69.797,135.376,141.868,135.199,135.093
573.7,100.061,65.053,136.702,98.659,69.797,135.411,141.868,135.235,135.058
573.8,100.0,65.053,136.667,98.659,69.884,135.376,141.868,135.235,135.058
573.9,100.061,64.961,136.633,98.597,69.797,135.411,141.868,135.199,135.093
574.0,100.061,65.144,136.667,98.597,69.797,135.447,141.868,135.235,134.987
574.1,100.0,65.144,136.633,98.597,69.797,135.376,141.774,135.199,135.093
574.2,100.0,65.144,136.633,98.536,69.797,135.411,141.868,135.199,135.058
574.3,99.94,65.053,136.633,98.597,69.71,135.341,141.868,135.199,135.058
574.4,100.061,65.144,136.598,98.782,69.884,135.411,141.899,135.235,135.058
574.5,100.121,65.144,136.633,98.597,69.797,135.376,141.899,135.27,135.093
574.6,100.061,65.144,136.667,98.597,69.797,135.447,141.868,135.235,135.093
574.7,100.0,65.144,136.667,98.597,69.71,135.411,141.837,135.199,135.164
574.8,100.061,65.144,136.598,98.597,69.797,135.376,141.868,135.235,135.129
574.9,100.121,65.144,136.598,98.536,69.971,135.341,141.868,135.199,135.093
575.0,100.061,65.144,136.633,98.597,69.884,135.341,141.868,135.235,135.129
575.1,100.121,65.053,136.598,98.536,69.797,135.376,141.868,135.164,135.058
575.2,100.121,65.053,136.598,98.597,70.058,135.447,141.899,135.235,135.093
575.3,100.061,65.144,136.633,98.597,69.971,135.376,141.899,135.235,135.129
575.4,100.121,65.144,136.633,98.597,69.971,135.341,141.868,135.27,135.093
575.5,100.061,65.144,136.667,98.721,69.797,135.376,141.899,135.27,135.129
575.6,100.061,65.144,136.633,98.597,69.884,135.447,141.899,135.235,135.022
575.7,100.121,65.144,136.598,98.597,69.884,135.341,141.899,135.27,135.093
575.8,100.061,65.236,136.667,98.782,69.884,135.341,141.868,135.305,135.058
575.9,100.121,65.144,136.633,98.659,69.971,135.376,141.899,135.305,135.093
576.0,100.121,65.144,136.598,98.659,69.884,135.411,141.899,135.27,135.093
576.1,100.121,65.144,136.633,98.659,69.971,135.411,141.868,135.199,135.093
576.2,100.061,65.144,136.667,98.659,69.884,135.376,141.899,135.199,135.129
576.3,100.061,65.236,136.702,98.721,69.971,135.376,141.868,135.27,135.093
576.4,100.121,65.328,136.702,98.659,69.884,135.411,141.931,135.164,135.058
576.5,100.121,65.236,136.598,98.659,69.971,135.341,141.837,135.235,135.129
576.6,100.061,65.236,136.529,98.597,69.971,135.411,141.931,135.235,135.093
576.7,100.182,65.236,136.633,98.659,69.971,135.341,141.837,135.27,135.093
576.8,100.121,65.236,136.598,98.721,69.971,135.376,141.868,135.235,135.093
576.9,100.182,65.328,136.702,98.721,69.971,135.411,141.931,135.27,135.129
577.0,100.121,65.144,136.702,98.721,69.884,135.376,141.868,135.27,135.093
577.1,100.121,65.328,136.598,98.721,70.058,135.376,141.868,135.27,135.093
577.2,100.061,65.328,136.633,98.782,70.058,135.376,141.899,135.27,135.093
577.3,100.121,65.328,136.633,98.721,69.971,135.341,141.962,135.305,135.093
577.4,100.182,65.328,136.598,98.659,70.058,135.376,141.837,135.199,135.093
577.5,100.182,65.328,136.564,98.659,70.058,135.341,141.899,135.27,135.093
577.6,100.121,65.236,136.633,98.721,70.058,135.447,141.868,135.235,135.093
577.7,100.182,65.328,136.564,98.721,70.058,135.376,141.899,135.27,135.093
577.8,100.182,65.236,136.564,98.721,70.058,135.341,141.868,135.27,135.093
577.9,100.121,65.328,136.598,98.721,70.058,135.376,141.868,135.27,135.129
578.0,100.121,65.328,136.633,98.721,70.058,135.376,141.868,135.305,135.129
578.1,100.182,65.236,136.633,98.659,69.971,135.341,141.868,135.235,135.199
578.2,100.242,65.328,136.633,98.659,70.058,135.376,141.931,135.27,135.164
578.3,100.182,65.328,136.633,98.721,69.971,135.341,141.868,135.341,135.164
578.4,100.182,65.328,136.667,98.721,70.058,135.341,141.868,135.27,135.129
578.5,100.362,65.328,136.702,98.721,70.058,135.376,141.868,135.235,135.164
578.6,100.182,65.328,136.633,98.659,70.058,135.447,141.868,135.305,135.129
578.7,100.182,65.236,136.667,98.782,70.058,135.376,141.837,135.27,135.129
578.8,100.182,65.419,136.633,98.721,70.058,135.376,141.899,135.305,135.129
578.9,100.182,65.419,136.598,98.721,70.058,135.376,141.868,135.27,135.093
579.0,100.242,65.328,136.633,98.782,70.058,135.376,141.868,135.305,135.093
579.1,100.242,65.419,136.667,98.721,70.058,135.376,141.931,135.27,135.129
579.2,100.182,65.328,136.598,98.721,70.058,135.376,141.899,135.27,135.164
579.3,100.302,65.419,136.598,98.721,70.058,135.341,141.868,135.305,135.129
579.4,100.302,65.419,136.633,98.782,70.145,135.376,141.868,135.305,135.093
579.5,100.242,65.419,136.598,98.721,70.232,135.341,141.868,135.27,135.164
579.6,100.182,65.328,136.633,98.905,70.058,135.376,141.899,135.27,135.129
579.7,100.242,65.419,136.598,98.905,70.145,135.341,141.837,135.27,135.129
579.8,100.182,65.328,136.633,98.721,70.145,135.376,141.899,135.27,135.164
579.9,100.302,65.328,136.598,98.782,70.058,135.447,141.868,135.27,135.129
580.0,100.182,65.419,136.633,98.782,70.058,135.341,141.899,135.27,135.129
580.1,100.242,65.328,136.598,98.721,70.319,135.341,141.931,135.27,135.129
580.2,100.242,65.419,136.633,98.782,70.145,135.376,141.931,135.27,135.164
580.3,100.242,65.419,136.667,98.782,70.145,135.376,141.868,135.305,135.093
580.4,100.182,65.419,136.667,98.721,70.145,135.376,141.899,135.27,135.129
580.5,100.242,65.328,136.667,98.721,70.145,135.411,141.868,135.27,135.093
580.6,100.242,65.511,136.598,98.782,70.145,135.341,141.837,135.305,135.129
580.7,100.302,65.511,136.598,98.782,70.058,135.376,141.899,135.305,135.164
580.8,100.362,65.511,136.598,98.782,70.058,135.341,141.868,135.305,135.129
580.9,100.242,65.419,136.633,98.782,70.145,135.411,141.931,135.305,135.129
581.0,100.182,65.511,136.633,98.843,70.145,135.411,141.899,135.305,135.129
581.1,100.242,65.419,136.598,98.843,70.232,135.341,141.868,135.305,135.164
581.2,100.242,65.511,136.598,98.782,70.232,135.376,141.962,135.27,135.164
581.3,100.242,65.511,136.633,98.782,70.232,135.376,141.868,135.27,135.129
581.4,100.302,65.419,136.667,98.843,70.145,135.376,141.868,135.341,135.129
581.5,100.302,65.511,136.702,98.782,70.145,135.376,141.899,135.27,135.129
581.6,100.362,65.419,136.598,98.782,70.232,135.376,141.868,135.27,135.129
581.7,100.302,65.419,136.598,98.843,70.145,135.411,141.962,135.341,135.129
581.8,100.242,65.511,136.633,98.782,70.232,135.376,141.962,135.305,135.199
581.9,100.302,65.511,136.564,98.843,70.319,135.411,141.899,135.305,135.164
582.0,100.302,65.511,136.564,98.843,70.232,135.341,141.868,135.305,135.164
582.1,100.302,65.511,136.633,98.843,70.058,135.376,141.899,135.341,135.164
582.2,100.302,65.511,136.598,98.905,70.232,135.341,141.899,135.305,135.164
582.3,100.302,65.511,136.633,98.843,70.232,135.341,141.899,135.305,135.129
582.4,100.422,65.419,136.633,98.843,70.232,135.376,141.899,135.199,135.129
582.5,100.422,65.511,136.633,98.843,70.319,135.411,141.868,135.27,135.093
582.6,100.362,65.511,136.633,98.843,70.232,135.341,141.868,135.305,135.164
582.7,100.362,65.511,136.667,98.843,70.319,135.411,141.899,135.305,135.129
582.8,100.362,65.511,136.633,98.843,70.319,135.376,141.868,135.305,135.199
582.9,100.242,65.694,136.667,98.782,70.232,135.341,141.868,135.341,135.129
583.0,100.302,65.511,136.598,98.843,70.232,135.411,141.899,135.341,135.199
583.1,100.362,65.602,136.633,98.905,70.319,135.341,141.899,135.341,135.164
583.2,100.362,65.602,136.598,98.843,70.232,135.376,141.868,135.341,135.129
583.3,100.362,65.511,136.633,98.905,70.319,135.376,141.899,135.305,135.164
583.4,100.482,65.511,136.564,98.905,70.319,135.341,141.868,135.27,135.129
583.5,100.362,65.694,136.598,98.905,70.406,135.376,141.837,135.305,135.129
583.6,100.362,65.602,136.598,98.905,70.406,135.376,141.899,135.341,135.164
583.7,100.422,65.602,136.598,98.905,70.232,135.411,141.931,135.341,135.199
583.8,100.362,65.602,136.598,98.905,70.406,135.411,141.899,135.305,135.27
583.9,100.362,65.602,136.598,98.905,70.232,135.411,141.899,135.341,135.129
584.0,100.422,65.694,136.598,98.905,70.406,135.376,141.868,135.341,135.164
584.1,100.422,65.602,136.598,98.905,70.319,135.376,141.868,135.341,135.199
584.2,100.422,65.694,136.598,98.905,70.319,135.376,141.899,135.305,135.199
584.3,100.362,65.602,136.598,98.966,70.232,135.341,141.899,135.341,135.164
584.4,100.422,65.694,136.633,98.966,70.319,135.341,141.899,135.27,135.199
584.5,100.422,65.785,136.598,98.966,70.406,135.376,141.931,135.27,135.164
584.6,100.422,65.694,136.667,98.905,70.406,135.376,141.899,135.341,135.199
584.7,100.362,65.694,136.598,98.966,70.406,135.341,141.868,135.341,135.27
584.8,100.422,65.602,136.598,98.905,70.319,135.376,141.899,135.341,135.235
584.9,100.422,65.785,136.667,98.966,70.319,135.376,141.899,135.341,135.164
585.0,100.482,65.694,136.598,98.905,70.406,135.341,141.899,135.341,135.129
585.1,100.422,65.602,136.736,98.905,70.319,135.341,141.868,135.341,135.199
585.2,100.362,65.694,136.633,98.905,70.406,135.376,141.868,135.305,135.199
585.3,100.422,65.694,136.598,98.843,70.319,135.411,141.868,135.376,135.164
585.4,100.422,65.694,136.633,98.966,70.406,135.341,141.931,135.376,135.164
585.5,100.482,65.694,136.598,98.966,70.406,135.376,141.868,135.341,135.199
585.6,100.422,65.785,136.598,98.966,70.406,135.376,141.868,135.341,135.199
585.7,100.422,65.694,136.667,98.905,70.406,135.376,141.868,135.341,135.199
585.8,100.302,65.602,136.564,98.905,70.492,135.411,141.899,135.341,135.129
585.9,100.422,65.785,136.667,98.966,70.406,135.376,141.899,135.341,135.129
586.0,100.422,65.694,136.598,98.905,70.406,135.376,141.899,135.341,135.199
586.1,100.482,65.785,136.598,98.966,70.492,135.411,141.868,135.376,135.199
586.2,100.422,65.694,136.598,98.966,70.406,135.376,141.868,135.341,135.164
586.3,100.422,65.694,136.667,98.966,70.406,135.341,141.837,135.341,135.199
586.4,100.542,65.694,136.633,99.027,70.492,135.376,141.868,135.341,135.199
586.5,100.482,65.785,136.633,98.966,70.406,135.376,141.899,135.341,135.199
586.6,100.482,65.785,136.598,98.966,70.406,135.376,141.868,135.376,135.235
586.7,100.422,65.876,136.633,98.966,70.406,135.376,141.868,135.376,135.199
586.8,100.602,65.694,136.633,98.966,70.406,135.376,141.868,135.341,135.199
586.9,100.602,65.876,136.598,98.905,70.406,135.376,141.899,135.411,135.199
587.0,100.542,65.785,136.633,99.027,70.406,135.376,141.868,135.341,135.199
587.1,100.482,65.694,136.633,98.966,70.406,135.376,141.868,135.341,135.164
587.2,100.482,65.876,136.598,98.966,70.406,135.411,141.742,135.376,135.235
587.3,100.482,65.785,136.598,98.966,70.492,135.341,141.868,135.376,135.199
587.4,100.482,65.785,136.598,99.027,70.406,135.341,141.868,135.376,135.199
587.5,100.482,65.785,136.598,98.966,70.406,135.376,141.899,135.341,135.235
587.6,100.482,65.785,136.564,99.027,70.406,135.411,141.805,135.341,135.199
587.7,100.482,65.785,136.633,99.027,70.492,135.376,141.931,135.27,135.235
587.8,100.482,65.785,136.633,98.782,70.406,135.376,141.837,135.341,135.305
587.9,100.542,65.785,136.598,99.027,70.492,135.305,141.899,135.341,135.27
588.0,100.542,65.785,136.598,99.027,70.406,135.376,141.899,135.376,135.199
588.1,100.542,65.785,136.529,99.027,70.406,135.341,141.868,135.341,135.235
588.2,100.482,65.785,136.598,98.966,70.492,135.341,141.868,135.411,135.235
588.3,100.542,65.785,136.633,99.027,70.492,135.341,141.931,135.341,135.305
588.4,100.542,65.876,136.633,99.088,70.492,135.411,141.868,135.341,135.235
588.5,100.482,65.876,136.598,99.027,70.319,135.376,141.899,135.341,135.199
588.6,100.542,65.876,136.633,99.027,70.492,135.376,141.899,135.341,135.27
588.7,100.542,65.785,136.667,99.027,70.406,135.376,141.868,135.411,135.305
588.8,100.542,65.785,136.702,99.027,70.406,135.447,141.899,135.376,135.235
588.9,100.482,65.876,136.633,99.088,70.492,135.376,141.899,135.376,135.199
589.0,100.602,65.785,136.633,99.027,70.492,135.376,141.868,135.482,135.199
589.1,100.542,65.785,136.564,98.966,70.492,135.341,141.868,135.341,135.199
589.2,100.482,65.785,136.702,99.088,70.579,135.376,141.899,135.376,135.235
589.3,100.602,65.876,136.598,99.027,70.579,135.376,141.899,135.411,135.199
589.4,100.542,65.785,136.598,99.027,70.492,135.376,141.868,135.411,135.235
589.5,100.482,65.876,136.564,99.027,70.579,135.376,141.931,135.341,135.199
589.6,100.482,65.876,136.598,99.088,70.579,135.376,141.837,135.341,135.235
589.7,100.662,65.785,136.598,99.027,70.579,135.376,141.837,135.376,135.27
589.8,100.602,65.876,136.598,99.027,70.579,135.376,141.899,135.376,135.235
589.9,100.542,65.876,136.598,99.088,70.492,135.376,141.868,135.447,135.27
590.0,100.542,65.967,136.564,99.088,70.579,135.341,141.931,135.482,135.27
590.1,100.542,65.876,136.598,99.027,70.579,135.376,141.931,135.411,135.199
590.2,100.662,65.967,136.598,99.15,70.579,135.411,141.931,135.411,135.199
590.3,100.542,65.876,136.633,99.027,70.492,135.411,141.868,135.376,135.199
590.4,100.602,65.967,136.598,99.027,70.579,135.411,141.899,135.411,135.235
590.5,100.542,65.967,136.633,99.088,70.492,135.376,141.868,135.411,135.199
590.6,100.662,65.967,136.598,99.027,70.579,135.376,141.868,135.447,135.27
590.7,100.602,65.967,136.564,99.088,70.665,135.376,141.868,135.411,135.235
590.8,100.602,65.967,136.598,99.027,70.665,135.341,141.931,135.411,135.235
590.9,100.542,65.967,136.598,99.088,70.579,135.376,141.899,135.411,135.235
591.0,100.662,66.058,136.598,99.088,70.665,135.411,141.868,135.482,135.235
591.1,100.602,65.967,136.564,99.088,70.665,135.411,141.899,135.411,135.235
591.2,100.602,65.876,136.633,99.088,70.579,135.341,141.837,135.376,135.27
591.3,100.482,65.967,136.598,99.027,70.579,135.341,141.899,135.411,135.27
591.4,100.602,65.967,136.529,99.088,70.579,135.376,141.899,135.411,135.305
591.5,100.602,65.967,136.564,99.088,70.579,135.376,141.837,135.411,135.27
591.6,100.662,66.058,136.564,99.088,70.579,135.376,141.899,135.411,135.27
591.7,100.662,66.058,136.564,99.15,70.665,135.376,141.868,135.411,135.235
591.8,100.662,65.967,136.598,99.088,70.752,135.482,141.899,135.341,135.305
591.9,100.662,65.967,136.564,99.15,70.665,135.376,141.868,135.411,135.27
592.0,100.662,65.967,136.633,99.15,70.579,135.376,141.868,135.447,135.235
592.1,100.602,65.967,136.598,99.088,70.752,135.376,141.868,135.376,135.305
592.2,100.602,66.058,136.598,99.211,70.579,135.376,141.805,135.517,135.235
592.3,100.602,66.058,136.633,99.088,70.665,135.341,141.868,135.411,135.27
592.4,100.662,66.058,136.633,99.15,70.579,135.376,141.899,135.411,135.27
592.5,100.662,65.967,136.598,99.088,70.579,135.305,141.868,135.376,135.199
592.6,100.722,66.058,136.598,99.15,70.752,135.411,141.868,135.447,135.27
592.7,100.662,65.967,136.598,99.088,70.665,135.341,141.868,135.376,135.27
592.8,100.662,66.058,136.633,99.15,70.665,135.447,141.868,135.411,135.341
592.9,100.722,66.058,136.564,99.15,70.752,135.411,141.899,135.376,135.27
593.0,100.662,66.058,136.564,99.15,70.752,135.376,141.931,135.376,135.27
593.1,100.662,65.967,136.598,99.088,70.665,135.376,141.868,135.376,135.235
593.2,100.662,66.149,136.598,99.15,70.665,135.376,141.868,135.447,135.235
593.3,100.662,66.058,136.564,99.15,70.752,135.376,141.931,135.447,135.27
593.4,100.662,66.149,136.598,99.15,70.665,135.376,141.899,135.447,135.235
593.5,100.662,66.149,136.633,99.088,70.665,135.376,141.868,135.376,135.27
593.6,100.722,65.967,136.667,99.15,70.665,135.376,141.868,135.411,135.235
593.7,100.602,66.149,136.598,99.15,70.752,135.447,141.931,135.447,135.27
593.8,100.722,66.058,136.564,99.15,70.665,135.447,141.931,135.447,135.305
593.9,100.722,66.058,136.633,99.027,70.665,135.305,141.899,135.411,135.27
594.0,100.782,65.967,136.633,99.15,70.752,135.376,141.837,135.447,135.305
594.1,100.602,66.149,136.564,99.15,70.752,135.447,141.931,135.411,135.341
594.2,100.662,66.149,136.598,99.272,70.665,135.376,141.899,135.447,135.27
594.3,100.722,66.058,136.598,99.15,70.838,135.376,141.899,135.411,135.305
594.4,100.782,66.058,136.667,99.15,70.752,135.411,141.868,135.482,135.27
594.5,100.722,66.149,136.598,99.15,70.752,135.376,141.868,135.411,135.27
594.6,100.662,66.058,136.598,99.211,70.752,135.376,141.868,135.447,135.199
594.7,100.662,66.149,136.667,99.211,70.838,135.376,141.931,135.482,135.305
594.8,100.782,66.239,136.564,99.211,70.838,135.411,141.868,135.411,135.235
594.9,100.722,66.149,136.598,99.211,70.752,135.341,141.868,135.411,135.305
595.0,100.722,66.239,136.564,99.15,70.838,135.376,141.931,135.482,135.27
595.1,100.782,66.149,136.633,99.211,70.838,135.411,141.868,135.517,135.27
595.2,100.782,66.149,136.598,99.211,70.752,135.376,141.837,135.411,135.305
595.3,100.782,66.239,136.633,99.15,70.838,135.341,141.931,135.411,135.305
595.4,100.782,66.149,136.633,99.211,70.665,135.411,141.837,135.447,135.27
595.5,100.782,66.239,136.667,99.15,70.838,135.447,141.868,135.376,135.305
595.6,100.722,66.239,136.598,99.211,70.752,135.376,141.899,135.411,135.305
595.7,100.722,66.149,136.598,99.211,70.924,135.376,141.868,135.447,135.341
595.8,100.722,66.239,136.633,99.211,70.752,135.376,141.899,135.447,135.27
595.9,100.782,66.058,136.598,99.272,70.924,135.376,141.868,135.411,135.305
596.0,100.782,66.149,136.564,99.211,70.838,135.376,142.025,135.517,135.27
596.1,100.782,66.239,136.633,99.211,70.838,135.341,141.868,135.411,135.305
596.2,100.782,66.239,136.598,99.272,70.838,135.411,141.931,135.482,135.376
596.3,100.782,66.149,136.564,99.211,70.838,135.411,141.899,135.552,135.305
596.4,100.782,66.149,136.633,99.333,70.838,135.341,141.899,135.482,135.27
596.5,100.782,66.149,136.529,99.211,70.838,135.411,141.868,135.517,135.235
596.6,100.722,66.149,136.564,99.211,70.838,135.411,141.868,135.482,135.27
596.7,100.961,66.239,136.598,99.211,70.838,135.411,141.868,135.447,135.305
596.8,100.842,66.239,136.633,99.211,70.838,135.341,141.899,135.552,135.341
596.9,100.782,66.239,136.598,99.211,70.838,135.376,141.805,135.447,135.305
597.0,100.842,66.239,136.598,99.211,70.924,135.411,141.837,135.447,135.305
597.1,100.782,66.239,136.633,99.211,70.838,135.376,141.899,135.447,135.305
597.2,100.782,66.421,136.598,99.211,70.838,135.376,141.868,135.482,135.27
597.3,100.902,66.239,136.564,99.211,70.924,135.376,141.868,135.447,135.305
597.4,100.782,66.239,136.633,99.211,70.838,135.376,141.868,135.447,135.305
597.5,100.782,66.239,136.598,99.272,70.838,135.341,141.899,135.447,135.411
597.6,100.782,66.149,136.598,99.272,71.01,135.376,141.805,135.447,135.341
597.7,100.782,66.239,136.598,99.333,70.924,135.411,141.899,135.482,135.341
597.8,100.842,66.421,136.598,99.211,70.838,135.411,141.931,135.517,135.305
597.9,100.782,66.239,136.564,99.272,70.924,135.411,141.868,135.447,135.305
598.0,100.902,66.33,136.598,99.211,70.924,135.341,141.962,135.482,135.27
598.1,100.902,66.33,136.702,99.211,70.838,135.376,141.899,135.447,135.341
598.2,100.902,66.33,136.564,99.272,70.924,135.341,141.868,135.482,135.27
598.3,100.842,66.33,136.598,99.333,70.924,135.376,141.868,135.482,135.411
598.4,100.902,66.33,136.702,99.394,70.838,135.411,141.868,135.447,135.305
598.5,100.782,66.239,136.598,99.333,71.01,135.376,141.899,135.447,135.305
598.6,100.961,66.239,136.598,99.394,71.01,135.341,141.837,135.447,135.341
598.7,100.842,66.33,136.633,99.272,70.924,135.376,141.868,135.517,135.341
598.8,100.902,66.511,136.598,99.333,70.924,135.411,141.899,135.447,135.341
598.9,100.782,66.33,136.598,99.272,70.924,135.411,141.899,135.447,135.235
599.0,101.021,66.421,136.598,99.272,71.01,135.411,141.931,135.482,135.305
599.1,100.961,66.33,136.598,99.333,71.01,135.376,141.837,135.447,135.341
599.2,100.902,66.421,136.598,99.333,71.01,135.411,141.899,135.482,135.305
599.3,100.902,66.33,136.564,99.333,70.924,135.376,141.868,135.482,135.376
599.4,101.021,66.33,136.564,99.15,71.01,135.376,141.868,135.482,135.305
599.5,100.842,66.421,136.633,99.333,71.096,135.411,141.868,135.482,135.305
599.6,100.961,66.511,136.633,99.272,71.01,135.376,141.868,135.482,135.341
599.7,100.842,66.421,136.633,99.272,70.924,135.411,141.868,135.482,135.341
599.8,101.021,66.421,136.564,99.272,70.924,135.411,141.899,135.482,135.376
599.9,100.842,66.33,136.598,99.394,70.924,135.376,141.868,135.482,135.376
600.0,100.961,66.421,136.702,99.272,71.01,135.376,141.837,135.447,135.341
600.1,100.902,66.421,136.598,99.394,71.182,135.376,141.899,135.482,135.305
600.2,100.902,66.421,136.598,99.333,70.838,135.376,141.899,135.482,135.376
600.3,100.842,66.511,136.598,99.333,70.924,135.411,141.868,135.482,135.341
600.4,100.902,66.511,136.598,99.333,71.096,135.411,141.931,135.482,135.376
600.5,100.961,66.511,136.564,99.333,71.01,135.376,141.868,135.482,135.305
600.6,100.961,66.421,136.598,99.333,71.182,135.376,141.868,135.411,135.341
600.7,100.961,66.421,136.598,99.333,71.182,135.376,141.868,135.482,135.305
600.8,100.961,66.421,136.598,99.333,71.096,135.341,141.899,135.482,135.341
600.9,100.902,66.421,136.598,99.455,71.01,135.376,141.868,135.517,135.376
601.0,100.902,66.421,136.598,99.333,71.01,135.411,141.899,135.482,135.341
601.1,100.842,66.421,136.598,99.333,71.096,135.447,141.868,135.482,135.341
601.2,100.902,66.421,136.564,99.394,71.01,135.411,141.868,135.517,135.447
601.3,100.961,66.511,136.598,99.394,71.01,135.376,141.868,135.411,135.341
601.4,100.961,66.601,136.598,99.394,71.01,135.376,141.899,135.482,135.341
601.5,100.961,66.421,136.598,99.333,71.096,135.376,141.931,135.552,135.341
601.6,100.902,66.511,136.598,99.333,71.01,135.376,141.837,135.482,135.341
601.7,101.021,66.511,136.598,99.394,71.096,135.376,141.899,135.482,135.341
601.8,101.021,66.511,136.667,99.333,71.096,135.341,141.868,135.482,135.447
601.9,100.961,66.601,136.633,99.394,71.096,135.376,141.899,135.482,135.341
602.0,100.961,66.33,136.667,99.637,71.096,135.305,141.868,135.447,135.341
602.1,100.902,66.421,136.633,99.394,71.01,135.376,141.742,135.482,135.341
602.2,100.961,66.601,136.598,99.455,71.096,135.305,141.868,135.517,135.411
602.3,100.902,66.601,136.598,99.394,71.096,135.376,141.931,135.482,135.305
602.4,101.021,66.511,136.529,99.394,70.838,135.376,141.868,135.482,135.341
602.5,100.902,66.511,136.633,99.455,71.096,135.411,141.899,135.517,135.341
602.6,101.021,66.511,136.633,99.394,71.182,135.376,141.899,135.552,135.411
602.7,100.961,66.511,136.564,99.333,71.096,135.411,141.899,135.517,135.341
602.8,100.961,66.601,136.633,99.333,71.096,135.376,141.868,135.482,135.341
602.9,101.08,66.511,136.564,99.394,71.182,135.376,141.899,135.482,135.341
603.0,101.021,66.601,136.494,99.394,71.182,135.411,141.868,135.482,135.341
603.1,101.08,66.601,136.598,99.455,71.096,135.376,141.837,135.552,135.411
603.2,101.021,66.601,136.633,99.333,71.182,135.376,141.899,135.552,135.341
603.3,100.961,66.601,136.598,99.394,71.182,135.411,141.931,135.482,135.376
603.4,101.021,66.601,136.598,99.455,71.182,135.376,141.805,135.517,135.376
603.5,101.021,66.692,136.633,99.394,71.268,135.411,141.868,135.517,135.376
603.6,101.08,66.601,136.667,99.394,71.01,135.411,141.868,135.482,135.341
603.7,101.021,66.421,136.598,99.394,71.182,135.411,141.837,135.517,135.376
603.8,101.08,66.692,136.598,99.333,71.182,135.447,141.868,135.552,135.411
603.9,101.021,66.601,136.598,99.455,71.182,135.411,141.868,135.517,135.411
604.0,101.021,66.692,136.598,99.455,71.182,135.411,141.868,135.587,135.376
604.1,101.021,66.692,136.598,99.455,71.268,135.411,141.837,135.552,135.411
604.2,101.08,66.601,136.598,99.455,71.01,135.376,141.837,135.517,135.376
604.3,101.021,66.601,136.633,99.394,71.182,135.376,141.931,135.482,135.341
604.4,101.08,66.601,136.598,99.455,71.182,135.376,141.899,135.517,135.305
604.5,101.021,66.601,136.598,99.455,71.268,135.447,141.899,135.482,135.376
604.6,101.021,66.601,136.598,99.394,71.182,135.376,141.868,135.517,135.341
604.7,101.08,66.601,136.633,99.455,71.182,135.376,141.868,135.552,135.376
604.8,101.08,66.692,136.564,99.394,71.182,135.376,141.931,135.552,135.376
604.9,101.08,66.601,136.598,99.515,71.182,135.341,141.899,135.517,135.411
605.0,101.08,66.692,136.598,99.455,71.096,135.305,141.868,135.623,135.341
605.1,101.08,66.692,136.598,99.455,71.096,135.447,141.899,135.587,135.411
605.2,101.08,66.692,136.564,99.455,71.268,135.376,141.868,135.552,135.376
605.3,101.08,66.692,136.633,99.515,71.182,135.376,141.868,135.552,135.376
605.4,101.08,66.601,136.598,99.455,71.268,135.376,141.868,135.482,135.376
605.5,101.021,66.872,136.633,99.455,71.268,135.411,141.931,135.447,135.411
605.6,101.14,66.692,136.702,99.455,71.182,135.376,141.899,135.447,135.341
605.7,101.08,66.692,136.598,99.455,71.182,135.376,141.899,135.587,135.447
605.8,101.08,66.692,136.633,99.515,71.182,135.27,141.868,135.587,135.376
605.9,101.021,66.601,136.529,99.455,71.268,135.411,141.868,135.552,135.411
606.0,101.08,66.692,136.598,99.455,71.182,135.376,141.899,135.552,135.305
606.1,101.08,66.782,136.702,99.455,71.268,135.376,141.962,135.552,135.376
606.2,101.14,66.692,136.633,99.515,71.354,135.376,141.899,135.552,135.376
606.3,101.08,66.692,136.598,99.576,71.268,135.482,141.899,135.552,135.411
606.4,101.021,66.692,136.564,99.515,71.268,135.447,141.899,135.517,135.376
606.5,101.08,66.872,136.598,99.515,71.268,135.411,141.868,135.552,135.411
606.6,101.08,66.782,136.598,99.455,71.268,135.305,141.868,135.587,135.411
606.7,101.08,66.782,136.598,99.637,71.268,135.411,141.868,135.587,135.482
606.8,101.2,66.692,136.598,99.515,71.268,135.447,141.868,135.552,135.411
606.9,101.14,66.782,136.667,99.455,71.268,135.447,141.899,135.623,135.376
607.0,101.14,66.782,136.633,99.515,71.268,135.447,141.899,135.552,135.411
607.1,101.2,66.872,136.564,99.515,71.268,135.411,141.899,135.552,135.411
607.2,101.14,66.782,136.564,99.515,71.354,135.376,141.868,135.552,135.411
607.3,101.08,66.692,136.633,99.515,71.354,135.376,141.899,135.552,135.376
607.4,101.021,66.782,136.598,99.515,71.268,135.376,141.837,135.552,135.376
607.5,101.14,66.872,136.598,99.515,71.354,135.411,141.899,135.552,135.447
607.6,101.2,66.692,136.598,99.515,71.354,135.411,141.899,135.552,135.376
607.7,101.08,66.782,136.667,99.515,71.354,135.376,141.899,135.552,135.376
607.8,101.14,66.782,136.598,99.576,71.354,135.411,141.899,135.552,135.376
607.9,101.2,66.782,136.598,99.455,71.354,135.341,141.868,135.552,135.411
608.0,101.08,66.872,136.633,99.515,71.354,135.411,141.868,135.552,135.376
608.1,101.14,66.782,136.598,99.515,71.354,135.411,141.868,135.552,135.411
608.2,101.2,66.872,136.667,99.515,71.439,135.411,141.899,135.587,135.411
608.3,101.14,66.782,136.633,99.576,71.268,135.376,141.868,135.552,135.411
608.4,101.2,66.782,136.598,99.515,71.268,135.411,141.962,135.552,135.376
608.5,101.021,66.782,136.564,99.576,71.354,135.411,141.931,135.623,135.447
608.6,101.259,66.872,136.598,99.576,71.354,135.411,141.868,135.552,135.411
608.7,101.2,66.872,136.564,99.515,71.354,135.447,141.899,135.552,135.447
608.8,101.14,66.872,136.598,99.515,71.354,135.376,141.868,135.587,135.411
608.9,101.08,66.962,136.667,99.637,71.439,135.376,141.868,135.552,135.376
609.0,101.14,66.872,136.598,99.576,71.525,135.411,141.899,135.587,135.447
609.1,101.08,66.872,136.633,99.515,71.439,135.376,141.868,135.552,135.411
609.2,101.2,66.872,136.633,99.576,71.439,135.411,141.899,135.552,135.411
609.3,101.2,66.962,136.633,99.576,71.439,135.411,141.868,135.517,135.447
609.4,101.2,66.872,136.564,99.576,71.439,135.376,141.899,135.552,135.447
609.5,101.2,66.962,136.598,99.576,71.525,135.411,141.899,135.552,135.376
609.6,101.2,66.872,136.598,99.576,71.439,135.411,141.899,135.552,135.447
609.7,101.14,66.962,136.598,99.576,71.439,135.411,141.899,135.587,135.411
609.8,101.2,66.872,136.598,99.576,71.439,135.376,141.931,135.552,135.447
609.9,101.259,67.232,136.598,99.576,71.525,135.376,141.899,135.552,135.517
610.0,101.2,67.052,136.564,99.576,71.439,135.341,141.837,135.587,135.482
610.1,101.259,66.962,136.598,99.576,71.439,135.411,141.868,135.587,135.447
610.2,101.2,66.962,136.564,99.637,71.439,135.376,141.899,135.587,135.411
610.3,101.259,66.962,136.633,99.698,71.525,135.482,141.837,135.552,135.517
610.4,101.318,67.052,136.564,99.576,71.525,135.482,141.868,135.552,135.411
610.5,101.259,66.962,136.564,99.515,71.525,135.376,141.774,135.587,135.376
610.6,101.2,66.962,136.598,99.637,71.525,135.376,141.868,135.552,135.447
610.7,101.259,67.052,136.598,99.576,71.439,135.411,141.868,135.587,135.411
610.8,101.2,66.872,136.598,99.576,71.525,135.411,141.931,135.552,135.447
610.9,101.259,67.052,136.598,99.576,71.439,135.447,141.899,135.623,135.447
611.0,101.318,66.962,136.598,99.637,71.525,135.411,141.868,135.587,135.447
611.1,101.318,66.962,136.598,99.637,71.525,135.376,141.868,135.552,135.447
611.2,101.318,67.052,136.667,99.637,71.525,135.411,141.899,135.587,135.482
611.3,101.318,66.962,136.633,99.698,71.439,135.411,141.899,135.587,135.411
611.4,101.318,67.052,136.598,99.637,71.525,135.376,141.868,135.587,135.482
611.5,101.259,66.962,136.598,99.637,71.525,135.376,141.837,135.517,135.447
611.6,101.378,66.962,136.598,99.637,71.525,135.411,141.868,135.587,135.411
611.7,101.259,66.962,136.598,99.637,71.61,135.411,141.868,135.623,135.482
611.8,101.378,67.052,136.667,99.576,71.525,135.447,141.837,135.623,135.447
611.9,101.318,67.052,136.598,99.637,71.525,135.376,141.868,135.693,135.447
612.0,101.318,67.052,136.633,99.698,71.439,135.411,141.868,135.587,135.411
612.1,101.318,67.052,136.598,99.515,71.61,135.376,141.899,135.587,135.411
612.2,101.259,67.052,136.598,99.637,71.525,135.376,141.868,135.623,135.482
612.3,101.259,66.962,136.564,99.637,71.61,135.376,141.868,135.623,135.447
612.4,101.318,67.232,136.598,99.698,71.61,135.447,141.899,135.587,135.482
612.5,101.259,67.142,136.598,99.637,71.61,135.411,141.868,135.623,135.447
612.6,101.318,67.052,136.598,99.698,71.61,135.411,141.931,135.658,135.411
612.7,101.259,67.052,136.633,99.637,71.525,135.376,141.868,135.552,135.482
612.8,101.259,67.052,136.598,99.698,71.61,135.411,141.868,135.623,135.482
612.9,101.318,67.052,136.564,99.698,71.696,135.341,141.899,135.587,135.447
613.0,101.318,67.052,136.598,99.637,71.525,135.411,141.899,135.623,135.552
613.1,101.318,67.052,136.633,99.819,71.61,135.376,141.868,135.623,135.517
613.2,101.318,67.052,136.598,99.637,71.696,135.447,141.868,135.587,135.447
613.3,101.318,67.142,136.598,99.88,71.696,135.376,141.837,135.587,135.447
613.4,101.378,67.052,136.598,99.698,71.781,135.376,141.868,135.623,135.447
613.5,101.378,67.232,136.564,99.698,71.696,135.411,141.899,135.623,135.482
613.6,101.378,67.142,136.598,99.698,71.61,135.411,141.899,135.587,135.447
613.7,101.378,67.052,136.598,99.698,71.696,135.376,141.931,135.587,135.482
613.8,101.378,66.962,136.598,99.698,71.696,135.447,141.868,135.587,135.447
613.9,101.318,67.142,136.598,99.698,71.696,135.411,141.868,135.623,135.482
614.0,101.318,67.052,136.598,99.758,71.61,135.411,141.837,135.623,135.482
614.1,101.378,67.142,136.598,99.698,71.61,135.341,141.899,135.587,135.482
614.2,101.318,67.142,136.598,99.698,71.696,135.411,141.962,135.623,135.447
614.3,101.378,67.052,136.633,99.698,71.61,135.376,141.868,135.623,135.447
614.4,101.378,67.142,136.564,99.698,71.61,135.411,141.868,135.658,135.482
614.5,101.318,67.142,136.598,99.758,71.61,135.341,141.868,135.587,135.447
614.6,101.378,67.142,136.598,99.698,71.696,135.376,141.899,135.587,135.447
614.7,101.437,67.142,136.598,99.698,71.61,135.411,141.931,135.623,135.447
614.8,101.496,67.232,136.564,99.698,71.61,135.376,141.899,135.552,135.482
614.9,101.437,67.232,136.598,99.698,71.696,135.376,141.931,135.693,135.482
615.0,101.378,67.142,136.564,99.698,71.781,135.341,141.899,135.587,135.447
615.1,101.437,67.232,136.702,99.758,71.61,135.411,141.837,135.623,135.447
615.2,101.378,67.142,136.564,99.758,71.696,135.411,141.868,135.693,135.482
615.3,101.437,67.052,136.633,99.698,71.696,135.376,141.899,135.552,135.482
615.4,101.378,67.142,136.598,99.698,71.696,135.447,141.899,135.623,135.482
615.5,101.378,67.142,136.598,99.758,71.781,135.376,141.899,135.623,135.447
615.6,101.378,67.232,136.598,99.698,71.61,135.411,141.962,135.623,135.552
615.7,101.437,67.232,136.529,99.698,71.61,135.376,141.868,135.623,135.552
615.8,101.378,67.232,136.564,99.819,71.61,135.376,141.868,135.623,135.517
615.9,101.556,67.232,136.633,99.758,71.696,135.411,141.837,135.623,135.482
616.0,101.378,67.321,136.598,99.758,71.696,135.376,141.868,135.587,135.517
616.1,101.556,67.232,136.598,99.758,71.696,135.376,141.899,135.623,135.482
616.2,101.437,67.232,136.529,99.758,71.696,135.447,141.868,135.623,135.482
616.3,101.437,67.232,136.667,99.758,71.696,135.447,141.868,135.587,135.517
616.4,101.437,67.232,136.598,99.819,71.781,135.411,141.899,135.623,135.482
616.5,101.437,67.232,136.633,99.758,71.696,135.411,141.868,135.623,135.447
616.6,101.437,67.321,136.598,99.819,71.781,135.411,141.837,135.658,135.482
616.7,101.437,67.232,136.598,99.758,71.696,135.411,141.868,135.623,135.482
616.8,101.496,67.232,136.564,99.819,71.781,135.411,141.868,135.623,135.517
616.9,101.437,67.321,136.667,99.758,71.696,135.411,141.899,135.693,135.447
617.0,101.496,67.232,136.564,99.758,71.696,135.376,141.868,135.658,135.482
617.1,101.496,67.232,136.702,99.758,71.781,135.411,141.868,135.623,135.482
617.2,101.496,67.232,136.633,99.758,71.781,135.411,141.868,135.623,135.482
617.3,101.437,67.411,136.598,99.758,71.61,135.411,141.868,135.587,135.482
617.4,101.437,67.232,136.633,99.88,71.781,135.411,141.837,135.623,135.482
617.5,101.496,67.321,136.529,99.758,71.867,135.411,141.899,135.587,135.517
617.6,101.496,67.232,136.598,99.758,71.867,135.411,141.931,135.552,135.482
617.7,101.556,67.321,136.529,99.758,71.781,135.411,141.868,135.623,135.517
617.8,101.437,67.321,136.633,99.698,71.781,135.376,141.868,135.763,135.482
617.9,101.437,67.411,136.598,99.819,71.781,135.411,141.931,135.623,135.482
618.0,101.437,67.321,136.564,99.819,71.781,135.447,141.931,135.623,135.552
618.1,101.556,67.232,136.598,99.819,71.781,135.376,141.899,135.658,135.517
618.2,101.496,67.142,136.598,99.819,71.696,135.341,141.899,135.623,135.587
618.3,101.496,67.411,136.598,99.819,71.867,135.411,141.931,135.623,135.482
618.4,101.496,67.321,136.598,99.819,71.867,135.447,141.899,135.658,135.517
618.5,101.496,67.321,136.598,99.819,71.781,135.411,141.868,135.693,135.517
618.6,101.556,67.321,136.598,99.88,71.867,135.376,141.868,135.623,135.482
618.7,101.556,67.321,136.598,99.819,71.696,135.411,141.868,135.658,135.552
618.8,101.496,67.321,136.598,99.94,71.867,135.376,141.868,135.693,135.447
618.9,101.556,67.321,136.633,99.88,71.61,135.376,141.899,135.693,135.482
619.0,101.556,67.411,136.598,99.758,71.867,135.447,141.868,135.658,135.517
619.1,101.556,67.321,136.598,99.88,71.781,135.411,141.899,135.658,135.482
619.2,101.556,67.411,136.633,99.819,71.781,135.376,141.931,135.658,135.482
619.3,101.615,67.321,136.598,99.819,71.867,135.411,141.931,135.658,135.482
619.4,101.496,67.411,136.598,99.88,71.867,135.411,141.899,135.693,135.482
619.5,101.556,67.411,136.564,99.819,71.867,135.411,141.868,135.552,135.587
619.6,101.556,67.411,136.633,99.94,71.952,135.447,141.899,135.693,135.482
619.7,101.556,67.411,136.633,99.819,71.781,135.376,141.868,135.693,135.517
619.8,101.496,67.411,136.598,99.819,71.952,135.411,141.994,135.623,135.517
619.9,101.496,67.411,136.598,99.819,71.867,135.376,141.899,135.658,135.482
620.0,101.556,67.321,136.598,99.94,71.867,135.411,141.774,135.658,135.517
620.1,101.556,67.59,136.633,99.819,71.867,135.447,141.868,135.728,135.517
620.2,101.615,67.411,136.633,99.819,71.781,135.411,141.899,135.658,135.517
620.3,101.615,67.411,136.633,99.88,71.952,135.376,141.868,135.658,135.552
620.4,101.556,67.321,136.667,99.88,71.952,135.411,141.837,135.658,135.482
620.5,101.615,67.321,136.564,99.94,71.867,135.411,141.868,135.693,135.482
620.6,101.556,67.411,136.598,99.94,71.867,135.411,141.899,135.623,135.517
620.7,101.556,67.411,136.633,99.819,71.952,135.376,141.931,135.658,135.552
620.8,101.615,67.59,136.598,99.88,71.867,135.411,141.899,135.693,135.482
620.9,101.615,67.411,136.564,99.88,71.952,135.447,141.931,135.693,135.552
621.0,101.615,67.411,136.598,99.88,71.867,135.376,141.868,135.658,135.587
621.1,101.615,67.411,136.598,99.88,71.867,135.411,141.899,135.658,135.552
621.2,101.615,67.411,136.598,99.88,71.867,135.411,141.868,135.798,135.552
621.3,101.615,67.411,136.633,99.819,72.037,135.411,141.837,135.658,135.552
621.4,101.615,67.321,136.598,99.88,71.867,135.411,141.868,135.658,135.517
621.5,101.615,67.5,136.564,99.88,71.952,135.376,141.868,135.658,135.552
621.6,101.615,67.411,136.598,99.88,71.867,135.376,141.868,135.658,135.552
621.7,101.556,67.411,136.564,99.88,71.867,135.411,141.899,135.587,135.517
621.8,101.615,67.5,136.598,99.94,71.867,135.411,141.899,135.658,135.552
621.9,101.556,67.5,136.564,99.88,71.952,135.376,141.899,135.623,135.552
622.0,101.615,67.321,136.633,100.0,72.037,135.411,141.899,135.693,135.482
622.1,101.615,67.411,136.564,99.94,71.952,135.411,141.868,135.693,135.447
622.2,101.437,67.5,136.564,99.94,71.952,135.376,141.868,135.763,135.552
622.3,101.615,67.411,136.633,99.88,71.952,135.376,141.899,135.658,135.623
622.4,101.615,67.5,136.564,99.88,71.952,135.305,141.868,135.693,135.482
622.5,101.615,67.5,136.564,99.94,71.867,135.376,141.931,135.693,135.552
622.6,101.615,67.59,136.564,99.819,71.952,135.376,141.868,135.693,135.517
622.7,101.733,67.5,136.564,99.94,71.952,135.482,141.868,135.693,135.552
622.8,101.615,67.5,136.564,99.94,71.952,135.411,141.899,135.623,135.517
622.9,101.674,67.5,136.598,99.94,72.037,135.411,141.962,135.658,135.517
623.0,101.674,67.679,136.598,99.94,71.952,135.376,141.868,135.658,135.517
623.1,101.674,67.59,136.564,99.94,72.037,135.411,141.774,135.658,135.552
623.2,101.733,67.5,136.564,99.94,72.037,135.411,141.899,135.658,135.552
623.3,101.733,67.5,136.667,99.94,71.867,135.376,141.899,135.658,135.552
623.4,101.615,67.59,136.633,99.819,72.037,135.376,141.837,135.693,135.517
623.5,101.615,67.59,136.564,100.0,71.952,135.411,141.868,135.693,135.552
623.6,101.615,67.59,136.598,99.94,72.037,135.447,141.868,135.693,135.552
623.7,101.615,67.59,136.667,99.94,71.952,135.411,141.868,135.693,135.552
623.8,101.733,67.59,136.598,100.0,71.952,135.376,141.868,135.693,135.517
623.9,101.674,67.5,136.564,99.88,71.952,135.411,141.899,135.693,135.552
624.0,101.792,67.59,136.598,100.0,71.952,135.411,141.931,135.693,135.552
624.1,101.615,67.59,136.633,100.0,72.037,135.376,141.868,135.658,135.517
624.2,101.674,67.59,136.598,99.94,71.952,135.411,141.868,135.693,135.517
624.3,101.733,67.5,136.564,99.94,72.037,135.411,141.868,135.693,135.552
624.4,101.674,67.59,136.598,100.0,72.037,135.411,141.899,135.728,135.517
624.5,101.674,67.59,136.598,99.88,71.952,135.411,141.868,135.693,135.517
624.6,101.674,67.59,136.529,100.0,72.037,135.411,141.868,135.693,135.552
624.7,101.615,67.59,136.598,99.94,72.122,135.376,141.899,135.693,135.587
624.8,101.674,67.679,136.598,100.0,72.037,135.411,141.868,135.693,135.552
624.9,101.674,67.679,136.564,100.0,72.122,135.376,141.931,135.623,135.517
625.0,101.733,67.679,136.564,100.061,72.037,135.411,141.868,135.693,135.552
625.1,101.733,67.59,136.598,100.0,72.037,135.376,141.837,135.763,135.552
625.2,101.674,67.59,136.564,100.0,72.122,135.411,141.868,135.693,135.552
625.3,101.674,67.59,136.598,100.0,72.122,135.376,141.899,135.728,135.587
625.4,101.674,67.679,136.598,99.94,72.122,135.376,141.837,135.693,135.517
625.5,101.733,67.59,136.564,100.0,72.122,135.376,141.868,135.763,135.587
625.6,101.733,67.679,136.564,99.94,72.037,135.447,141.899,135.728,135.552
625.7,101.792,67.679,136.598,99.88,72.122,135.411,141.805,135.693,135.552
625.8,101.733,67.59,136.564,100.0,72.122,135.376,141.899,135.763,135.552
625.9,101.851,67.679,136.598,100.0,72.037,135.376,141.868,135.728,135.587
626.0,101.733,67.768,136.598,100.0,72.122,135.482,141.868,135.728,135.517
626.1,101.851,67.679,136.564,100.0,72.207,135.411,141.868,135.728,135.552
626.2,101.733,67.679,136.598,99.94,72.122,135.376,141.899,135.763,135.587
626.3,101.792,67.5,136.633,100.061,72.207,135.376,141.868,135.693,135.552
626.4,101.792,67.679,136.598,100.0,72.122,135.411,141.899,135.728,135.552
626.5,101.733,67.679,136.598,100.061,72.207,135.482,141.868,135.693,135.658
626.6,101.733,67.679,136.564,100.061,72.207,135.411,141.868,135.728,135.587
626.7,101.792,67.679,136.633,100.0,72.122,135.447,141.899,135.728,135.552
626.8,101.733,67.679,136.598,100.061,72.122,135.411,141.899,135.693,135.587
626.9,101.792,67.679,136.564,100.061,72.037,135.447,141.868,135.693,135.552
627.0,101.851,67.679,136.564,100.121,72.037,135.376,141.962,135.693,135.587
627.1,101.792,67.768,136.598,100.0,72.122,135.411,141.962,135.693,135.552
627.2,101.733,67.679,136.598,100.121,72.207,135.411,141.899,135.693,135.587
627.3,101.792,67.679,136.564,100.061,72.207,135.517,141.899,135.728,135.623
627.4,101.733,67.768,136.564,100.121,72.207,135.411,141.837,135.728,135.587
627.5,101.792,67.768,136.529,100.121,72.207,135.411,141.837,135.728,135.552
627.6,101.733,67.679,136.598,100.061,72.122,135.411,141.931,135.693,135.587
627.7,101.792,67.768,136.598,100.0,72.122,135.376,141.868,135.763,135.552
627.8,101.792,67.768,136.564,100.061,72.122,135.411,141.899,135.693,135.587
627.9,101.733,67.768,136.598,100.121,72.122,135.411,141.868,135.693,135.552
628.0,101.851,67.679,136.564,100.0,72.292,135.517,141.805,135.833,135.587
628.1,101.851,67.768,136.598,99.94,72.122,135.376,141.868,135.763,135.552
628.2,101.733,67.768,136.598,100.121,72.122,135.411,141.899,135.728,135.552
628.3,101.792,67.768,136.598,100.061,72.207,135.447,141.868,135.693,135.623
628.4,101.733,67.679,136.598,100.061,72.122,135.411,141.868,135.728,135.587
628.5,101.792,67.768,136.633,100.061,72.122,135.411,141.868,135.728,135.552
628.6,101.792,67.768,136.529,100.0,72.122,135.411,141.899,135.763,135.552
628.7,101.851,67.768,136.598,100.061,72.292,135.447,141.868,135.763,135.623
628.8,101.792,67.768,136.633,100.061,72.207,135.411,141.899,135.728,135.587
628.9,101.91,67.768,136.633,100.061,72.292,135.411,141.868,135.693,135.552
629.0,101.792,67.768,136.598,100.0,72.292,135.376,141.868,135.728,135.587
629.1,101.91,67.768,136.598,100.061,72.207,135.411,141.899,135.728,135.587
629.2,101.91,67.768,136.598,100.061,72.207,135.482,141.868,135.763,135.587
629.3,101.91,67.768,136.633,100.121,72.207,135.411,141.868,135.763,135.552
629.4,101.91,67.858,136.598,100.061,72.207,135.411,141.837,135.728,135.587
629.5,101.851,67.858,136.633,100.061,72.207,135.411,141.868,135.763,135.517
629.6,101.851,67.768,136.598,100.121,72.207,135.411,141.868,135.763,135.587
629.7,101.91,67.858,136.598,100.121,72.292,135.447,141.837,135.763,135.587
629.8,101.851,67.858,136.598,100.121,72.207,135.411,141.868,135.728,135.623
629.9,101.792,67.858,136.667,100.061,72.376,135.411,141.837,135.763,135.552
630.0,101.91,67.858,136.564,100.182,72.292,135.376,141.899,135.763,135.623
630.1,101.91,67.858,136.598,100.121,72.207,135.411,141.837,135.728,135.587
630.2,101.851,67.947,136.564,100.182,72.292,135.411,141.868,135.833,135.587
630.3,101.851,67.858,136.598,100.302,72.292,135.411,141.868,135.763,135.587
630.4,101.91,67.858,136.598,100.061,72.461,135.411,141.868,135.763,135.623
630.5,101.851,67.858,136.564,100.121,72.292,135.411,141.868,135.763,135.587
630.6,101.851,67.947,136.564,100.121,72.292,135.447,141.868,135.728,135.658
630.7,101.91,67.858,136.598,100.121,72.461,135.376,141.868,135.798,135.552
630.8,101.851,67.858,136.598,100.121,72.376,135.447,141.868,135.728,135.552
630.9,101.851,67.858,136.564,100.182,72.292,135.411,141.868,135.728,135.587
631.0,101.851,67.947,136.529,100.182,72.461,135.411,141.774,135.728,135.658
631.1,101.851,67.947,136.564,100.121,72.292,135.411,141.899,135.763,135.587
631.2,101.91,67.947,136.598,100.121,72.376,135.411,141.931,135.798,135.623
631.3,101.91,68.036,136.564,100.182,72.292,135.411,141.868,135.868,135.623
631.4,101.851,67.947,136.598,100.121,72.292,135.411,141.868,135.763,135.587
631.5,101.91,67.947,136.598,100.182,72.376,135.411,141.931,135.763,135.658
631.6,101.91,67.947,136.529,100.182,72.546,135.411,141.868,135.798,135.587
631.7,101.91,67.858,136.598,100.182,72.376,135.411,141.899,135.763,135.587
631.8,101.91,67.947,136.598,100.182,72.376,135.411,141.868,135.728,135.623
631.9,101.91,68.036,136.564,100.242,72.292,135.447,141.899,135.763,135.587
632.0,101.91,67.947,136.667,100.182,72.292,135.376,141.868,135.763,135.623
632.1,101.969,68.036,136.564,100.182,72.461,135.411,141.899,135.763,135.623
632.2,101.91,67.947,136.564,100.121,72.292,135.411,141.899,135.728,135.623
632.3,101.969,67.947,136.598,100.182,72.376,135.411,141.868,135.763,135.623
632.4,101.91,68.036,136.564,100.182,72.376,135.447,141.868,135.728,135.658
632.5,101.969,67.947,136.598,100.242,72.376,135.411,141.868,135.833,135.623
632.6,101.91,68.125,136.564,100.182,72.376,135.411,141.931,135.763,135.623
632.7,101.969,68.036,136.598,100.302,72.376,135.447,141.899,135.763,135.693
632.8,102.028,67.947,136.564,100.182,72.461,135.411,141.868,135.763,135.623
632.9,101.969,67.947,136.598,100.242,72.376,135.411,141.868,135.763,135.623
633.0,102.028,68.036,136.633,100.302,72.376,135.411,141.837,135.763,135.587
633.1,101.91,68.036,136.633,100.182,72.376,135.411,141.868,135.763,135.623
633.2,101.969,68.036,136.564,100.182,72.546,135.411,141.868,135.763,135.658
633.3,102.086,68.036,136.564,100.182,72.376,135.482,141.837,135.763,135.517
633.4,102.028,68.036,136.598,100.182,72.546,135.411,141.899,135.763,135.623
633.5,101.91,68.036,136.564,100.182,72.461,135.376,141.899,135.763,135.623
633.6,101.969,68.213,136.598,100.182,72.715,135.447,141.899,135.763,135.623
633.7,101.91,68.125,136.633,100.182,72.376,135.411,141.868,135.763,135.587
633.8,101.969,68.036,136.564,100.242,72.376,135.411,141.899,135.763,135.658
633.9,101.969,68.036,136.598,100.242,72.546,135.411,141.899,135.763,135.552
634.0,102.028,68.125,136.598,100.182,72.461,135.411,141.868,135.763,135.658
634.1,101.969,68.125,136.564,100.121,72.546,135.411,141.962,135.798,135.587
634.2,102.028,68.125,136.598,100.302,72.461,135.411,141.931,135.833,135.623
634.3,101.969,68.036,136.598,100.242,72.461,135.376,141.931,135.868,135.587
634.4,102.086,68.125,136.564,100.242,72.461,135.411,141.868,135.798,135.658
634.5,101.969,68.125,136.598,100.242,72.376,135.447,141.899,135.798,135.658
634.6,101.969,68.125,136.564,100.242,72.461,135.411,141.899,135.763,135.623
634.7,101.969,68.125,136.564,100.302,72.376,135.447,141.931,135.798,135.693
634.8,101.91,68.036,136.529,100.302,72.461,135.411,141.899,135.763,135.693
634.9,102.028,68.125,136.564,100.242,72.461,135.411,141.899,135.763,135.623
635.0,102.028,68.125,136.564,100.242,72.546,135.411,141.899,135.798,135.587
635.1,102.086,68.125,136.598,100.242,72.546,135.411,141.868,135.798,135.623
635.2,102.028,68.125,136.564,100.242,72.546,135.376,141.868,135.798,135.728
635.3,101.969,68.125,136.598,100.302,72.461,135.411,141.899,135.798,135.623
635.4,102.086,68.125,136.598,100.302,72.461,135.411,141.931,135.798,135.623
635.5,102.086,68.036,136.633,100.302,72.546,135.552,141.868,135.763,135.623
635.6,102.028,68.125,136.598,100.302,72.546,135.376,141.868,135.833,135.623
635.7,102.028,68.125,136.667,100.302,72.461,135.411,141.868,135.763,135.623
635.8,102.028,68.213,136.564,100.302,72.799,135.411,141.805,135.833,135.693
635.9,102.028,68.213,136.702,100.302,72.715,135.411,141.868,135.868,135.623
636.0,102.028,68.125,136.564,100.302,72.546,135.411,141.868,135.798,135.623
636.1,102.086,68.125,136.564,100.302,72.546,135.447,141.868,135.833,135.658
636.2,102.028,68.125,136.564,100.302,72.546,135.411,141.899,135.833,135.623
636.3,102.028,68.213,136.598,100.362,72.883,135.411,141.994,135.798,135.623
636.4,102.086,68.213,136.633,100.302,72.799,135.447,141.899,135.833,135.623
636.5,101.969,68.125,136.598,100.362,72.546,135.411,141.931,135.763,135.658
636.6,102.086,68.213,136.633,100.302,72.883,135.411,141.931,135.798,135.658
636.7,102.086,68.302,136.633,100.242,72.883,135.482,141.868,135.798,135.623
636.8,102.145,68.213,136.598,100.302,72.883,135.411,141.868,135.763,135.623
636.9,102.086,68.213,136.564,100.362,72.968,135.411,141.868,135.798,135.658
637.0,102.145,68.302,136.598,100.302,72.883,135.447,141.868,135.833,135.658
637.1,102.086,68.213,136.633,100.302,72.883,135.411,141.931,135.833,135.623
637.2,102.086,68.302,136.564,100.302,72.883,135.447,141.868,135.798,135.658
637.3,102.145,68.213,136.598,100.302,73.052,135.411,141.868,135.833,135.623
637.4,102.145,68.213,136.598,100.302,72.883,135.411,141.868,135.833,135.693
637.5,102.086,68.302,136.598,100.242,72.799,135.447,141.899,135.798,135.587
637.6,102.028,68.213,136.598,100.362,72.968,135.411,141.899,135.868,135.623
637.7,102.028,68.302,136.598,100.302,72.968,135.411,141.868,135.798,135.658
637.8,102.086,68.391,136.598,100.362,72.968,135.411,141.837,135.903,135.658
637.9,102.086,68.213,136.564,100.362,72.883,135.411,141.868,135.833,135.623
638.0,102.145,68.125,136.564,100.362,72.63,135.411,141.868,135.833,135.658
638.1,102.086,68.302,136.564,100.302,72.883,135.411,141.868,135.833,135.693
638.2,102.145,68.302,136.598,100.302,72.968,135.376,141.868,135.798,135.623
638.3,102.086,68.302,136.564,100.362,72.883,135.376,141.899,135.798,135.693
638.4,102.145,68.302,136.598,100.362,72.883,135.411,141.899,135.798,135.693
638.5,102.086,68.302,136.598,100.422,72.968,135.376,141.868,135.798,135.658
638.6,102.086,68.302,136.564,100.362,72.968,135.411,141.899,135.833,135.693
638.7,102.204,68.302,136.494,100.362,72.968,135.411,141.899,135.798,135.693
638.8,102.145,68.302,136.564,100.362,72.968,135.376,141.899,135.798,135.763
638.9,102.145,68.302,136.598,100.362,72.968,135.376,141.899,135.833,135.693
639.0,102.145,68.391,136.598,100.302,73.052,135.411,141.994,135.798,135.658
639.1,102.086,68.302,136.633,100.362,72.968,135.411,141.899,135.833,135.658
639.2,102.145,68.302,136.529,100.422,73.052,135.447,141.899,135.833,135.728
639.3,102.204,68.391,136.529,100.422,72.968,135.411,141.931,135.798,135.658
639.4,102.204,68.213,136.702,100.422,72.968,135.447,141.899,135.798,135.658
639.5,102.204,68.391,136.564,100.422,72.968,135.411,141.868,135.798,135.693
639.6,102.204,68.391,136.598,100.422,72.968,135.411,141.931,135.798,135.693
639.7,102.145,68.302,136.564,100.362,72.968,135.341,141.931,135.798,135.728
639.8,102.145,68.302,136.598,100.422,73.052,135.411,141.868,135.833,135.658
639.9,102.145,68.391,136.564,100.422,72.968,135.376,141.899,135.798,135.728
640.0,102.204,68.302,136.633,100.422,73.052,135.447,141.868,135.763,135.693
640.1,102.204,68.391,136.598,100.422,72.968,135.411,141.868,135.833,135.693
640.2,102.086,68.391,136.564,100.422,73.052,135.376,141.868,135.833,135.693
640.3,102.262,68.302,136.633,100.362,73.052,135.447,141.899,135.833,135.693
640.4,102.321,68.391,136.598,100.422,73.052,135.411,141.899,135.763,135.658
640.5,102.204,68.391,136.564,100.422,72.968,135.411,141.899,135.833,135.587
640.6,102.262,68.391,136.564,100.422,73.052,135.447,141.868,135.833,135.728
640.7,102.086,68.302,136.598,100.422,73.052,135.411,141.837,135.833,135.728
640.8,102.204,68.391,136.564,100.422,73.052,135.411,141.868,135.868,135.728
640.9,102.262,68.391,136.564,100.362,73.052,135.376,141.868,135.868,135.693
641.0,102.145,68.391,136.598,100.422,73.052,135.447,141.899,135.833,135.728
641.1,102.204,68.213,136.598,100.422,73.052,135.411,141.868,135.868,135.728
641.2,102.204,68.391,136.633,100.422,73.136,135.376,141.868,135.833,135.693
641.3,102.262,68.479,136.667,100.482,73.052,135.411,141.868,135.868,135.693
641.4,102.321,68.479,136.598,100.422,73.052,135.411,141.868,135.798,135.693
641.5,102.204,68.479,136.667,100.422,72.968,135.411,141.899,135.833,135.693
641.6,102.204,68.479,136.564,100.422,73.052,135.411,141.899,135.868,135.728
641.7,102.204,68.391,136.598,100.422,73.136,135.411,141.931,135.868,135.728
641.8,102.204,68.479,136.633,100.482,73.136,135.411,141.899,135.833,135.763
641.9,102.262,68.479,136.702,100.422,73.052,135.411,141.868,135.833,135.693
642.0,102.262,68.391,136.598,100.422,73.136,135.376,141.868,135.833,135.658
642.1,102.204,68.391,136.564,100.482,73.136,135.447,141.899,135.833,135.693
642.2,102.262,68.479,136.598,100.482,73.136,135.411,141.868,135.833,135.763
642.3,102.204,68.568,136.564,100.482,73.052,135.411,141.899,135.868,135.693
642.4,102.262,68.479,136.598,100.482,73.304,135.411,141.899,135.868,135.658
642.5,102.204,68.479,136.564,100.362,73.136,135.376,141.899,135.833,135.693
642.6,102.262,68.479,136.598,100.542,73.136,135.447,141.899,135.833,135.693
642.7,102.321,68.391,136.564,100.422,73.22,135.411,141.899,135.833,135.728
642.8,102.262,68.568,136.702,100.482,73.136,135.411,141.899,135.868,135.693
642.9,102.321,68.479,136.564,100.482,73.136,135.411,141.899,135.833,135.658
643.0,102.321,68.568,136.598,100.422,73.136,135.482,141.899,135.868,135.693
643.1,102.262,68.479,136.564,100.542,73.22,135.411,141.899,135.833,135.728
643.2,102.262,68.656,136.633,100.482,73.136,135.411,141.868,135.868,135.693
643.3,102.321,68.479,136.598,100.482,73.136,135.411,141.868,135.833,135.833
643.4,102.321,68.568,136.564,100.542,73.136,135.376,141.931,135.833,135.693
643.5,102.321,68.568,136.598,100.482,73.22,135.517,141.868,135.903,135.728
643.6,102.321,68.568,136.564,100.542,73.304,135.447,141.868,135.903,135.693
643.7,102.321,68.568,136.633,100.482,73.22,135.447,141.931,135.868,135.693
643.8,102.321,68.479,136.598,100.482,73.304,135.411,141.837,135.833,135.728
643.9,102.321,68.568,136.529,100.482,73.22,135.411,141.868,135.868,135.728
644.0,102.262,68.656,136.564,100.482,73.22,135.411,141.868,135.833,135.728
644.1,102.262,68.568,136.633,100.482,73.388,135.411,141.868,135.868,135.728
644.2,102.262,68.568,136.564,100.482,73.22,135.447,141.868,135.903,135.693
644.3,102.321,68.568,136.633,100.542,73.304,135.376,141.868,135.903,135.763
644.4,102.262,68.568,136.564,100.602,73.304,135.447,141.931,135.868,135.693
644.5,102.38,68.568,136.598,100.362,73.22,135.411,141.837,135.868,135.728
644.6,102.321,68.568,136.564,100.482,73.22,135.447,141.899,135.973,135.728
644.7,102.38,68.656,136.529,100.542,73.22,135.411,141.899,135.868,135.763
644.8,102.262,68.568,136.598,100.542,73.22,135.447,141.899,135.868,135.798
644.9,102.321,68.744,136.598,100.542,73.304,135.447,141.962,135.868,135.763
645.0,102.262,68.568,136.598,100.542,73.304,135.411,141.899,135.833,135.728
645.1,102.438,68.656,136.529,100.482,73.304,135.482,141.899,135.868,135.693
645.2,102.321,68.568,136.564,100.482,73.22,135.411,141.899,135.868,135.728
645.3,102.321,68.656,136.633,100.542,73.304,135.447,141.868,135.903,135.728
645.4,102.321,68.656,136.598,100.542,73.304,135.411,141.899,135.868,135.693
645.5,102.321,68.656,136.598,100.602,73.304,135.411,141.805,135.868,135.798
645.6,102.321,68.656,136.564,100.542,73.304,135.411,141.899,135.868,135.728
645.7,102.38,68.656,136.598,100.542,73.304,135.447,141.899,135.833,135.693
645.8,102.38,68.656,136.598,100.482,73.304,135.376,141.931,135.903,135.728
645.9,102.38,68.568,136.564,100.542,73.388,135.411,141.899,135.903,135.728
646.0,102.38,68.744,136.633,100.542,73.304,135.447,141.899,135.833,135.728
646.1,102.38,68.656,136.667,100.482,73.304,135.411,141.868,135.868,135.728
646.2,102.438,68.656,136.564,100.542,73.304,135.411,141.868,135.868,135.693
646.3,102.321,68.744,136.633,100.482,73.304,135.411,141.837,135.903,135.728
646.4,102.38,68.656,136.633,100.602,73.304,135.376,141.868,135.868,135.728
646.5,102.497,68.656,136.598,100.602,73.388,135.411,141.868,135.868,135.728
646.6,102.262,68.833,136.598,100.542,73.388,135.447,141.931,135.833,135.763
646.7,102.321,68.656,136.564,100.542,73.304,135.447,141.931,135.833,135.728
646.8,102.438,68.744,136.598,100.662,73.388,135.411,141.868,135.903,135.658
646.9,102.38,68.744,136.564,100.602,73.388,135.447,141.868,135.938,135.763
647.0,102.38,68.744,136.564,100.542,73.304,135.411,141.931,135.903,135.763
647.1,102.438,68.656,136.529,100.602,73.471,135.447,141.868,135.973,135.763
647.2,102.38,68.656,136.667,100.602,73.304,135.411,141.899,135.903,135.728
647.3,102.38,68.744,136.633,100.662,73.304,135.411,141.899,135.903,135.728
647.4,102.438,68.744,136.598,100.662,73.388,135.411,141.899,135.868,135.693
647.5,102.38,68.656,136.598,100.542,73.388,135.447,141.931,135.868,135.763
647.6,102.38,68.744,136.564,100.542,73.388,135.482,141.899,135.868,135.763
647.7,102.38,68.656,136.564,100.602,73.304,135.411,141.868,135.903,135.798
647.8,102.38,68.744,136.564,100.542,73.471,135.411,141.837,135.903,135.728
647.9,102.438,68.744,136.598,100.602,73.304,135.411,141.899,135.903,135.728
648.0,102.438,68.833,136.598,100.662,73.388,135.411,141.899,135.903,135.728
648.1,102.38,68.744,136.529,100.662,73.388,135.341,141.899,135.868,135.728
648.2,102.38,68.744,136.564,100.602,73.304,135.447,141.868,135.903,135.763
648.3,102.438,68.744,136.598,100.602,73.388,135.411,141.899,135.903,135.763
648.4,102.497,68.744,136.598,100.662,73.388,135.517,141.899,135.903,135.798
648.5,102.438,68.744,136.529,100.602,73.471,135.447,141.899,135.868,135.798
648.6,102.38,68.744,136.598,100.662,73.471,135.411,141.962,135.903,135.763
648.7,102.497,68.833,136.564,100.662,73.388,135.447,141.868,135.903,135.833
648.8,102.438,68.833,136.564,100.662,73.388,135.411,141.931,135.938,135.728
648.9,102.497,68.744,136.598,100.602,73.388,135.411,141.931,135.903,135.763
649.0,102.438,68.744,136.598,100.602,73.388,135.447,141.899,135.903,135.693
649.1,102.555,68.833,136.564,100.542,73.471,135.447,141.994,135.938,135.798
649.2,102.497,68.833,136.667,100.722,73.388,135.447,141.899,135.903,135.763
649.3,102.497,68.744,136.598,100.602,73.388,135.376,141.868,135.903,135.728
649.4,102.497,68.744,136.633,100.722,73.388,135.482,141.899,135.868,135.763
649.5,102.438,68.833,136.564,100.602,73.471,135.447,141.868,135.903,135.798
649.6,102.555,68.921,136.598,100.602,73.471,135.447,141.868,135.903,135.763
649.7,102.497,68.744,136.598,100.662,73.471,135.411,141.962,135.833,135.763
649.8,102.497,68.833,136.598,100.602,73.471,135.411,141.868,135.903,135.763
649.9,102.438,68.833,136.564,100.602,73.471,135.447,141.868,135.903,135.798
650.0,102.497,68.833,136.633,100.662,73.471,135.411,141.868,135.938,135.798
650.1,102.555,68.833,136.564,100.782,73.471,135.411,141.868,135.938,135.728
650.2,102.497,68.833,136.598,100.662,73.555,135.447,141.931,135.868,135.798
650.3,102.438,68.921,136.598,100.662,73.471,135.411,141.868,135.938,135.728
650.4,102.555,68.833,136.564,100.662,73.555,135.447,141.868,135.938,135.728
650.5,102.613,68.921,136.564,100.662,73.555,135.376,141.899,135.903,135.763
650.6,102.497,68.833,136.598,100.662,73.555,135.447,141.868,135.938,135.763
650.7,102.497,68.833,136.598,100.662,73.555,135.447,141.868,135.868,135.798
650.8,102.497,68.833,136.598,100.722,73.471,135.447,141.868,135.938,135.798
650.9,102.497,69.009,136.598,100.602,73.388,135.447,142.025,135.973,135.833
651.0,102.555,68.921,136.564,100.662,73.555,135.411,141.899,135.903,135.763
651.1,102.555,68.921,136.598,100.662,73.471,135.376,141.868,135.833,135.763
651.2,102.555,68.921,136.564,100.662,73.555,135.411,141.899,135.903,135.798
651.3,102.555,68.921,136.598,100.722,73.471,135.447,141.899,135.903,135.763
651.4,102.497,68.921,136.564,100.782,73.471,135.411,141.868,135.973,135.798
651.5,102.555,69.009,136.667,100.662,73.555,135.482,141.931,135.903,135.833
651.6,102.555,68.921,136.564,100.722,73.471,135.411,141.868,135.938,135.763
651.7,102.497,69.009,136.564,100.722,73.471,135.411,141.899,135.938,135.763
651.8,102.555,68.921,136.564,100.722,73.555,135.376,141.931,135.938,135.798
651.9,102.497,68.921,136.598,100.722,73.555,135.447,141.899,135.938,135.763
652.0,102.555,68.921,136.667,100.722,73.555,135.411,141.899,135.903,135.763
652.1,102.555,68.921,136.598,100.722,73.471,135.411,141.899,135.938,135.798
652.2,102.555,69.009,136.598,100.722,73.639,135.411,141.868,135.938,135.763
652.3,102.555,68.921,136.598,100.722,73.555,135.411,141.868,135.903,135.763
652.4,102.555,69.097,136.598,100.722,73.555,135.447,141.931,135.903,135.798
652.5,102.497,69.009,136.598,100.722,73.555,135.411,141.837,135.938,135.763
652.6,102.555,69.009,136.633,100.782,73.555,135.411,141.899,135.973,135.798
652.7,102.555,68.921,136.564,100.722,73.555,135.411,141.868,135.938,135.798
652.8,102.555,69.009,136.598,100.722,73.388,135.411,141.899,135.973,135.763
652.9,102.497,69.097,136.598,100.722,73.639,135.411,141.868,135.938,135.763
653.0,102.555,69.009,136.564,100.782,73.555,135.411,141.899,135.973,135.798
653.1,102.555,69.009,136.564,100.662,73.639,135.447,141.868,135.868,135.798
653.2,102.613,69.009,136.564,100.782,73.639,135.411,141.899,135.938,135.798
653.3,102.555,69.097,136.46,100.782,73.555,135.411,141.899,135.973,135.763
653.4,102.613,69.009,136.529,100.782,73.555,135.376,141.868,135.938,135.833
653.5,102.613,69.009,136.564,100.722,73.639,135.411,141.899,135.903,135.763
653.6,102.672,69.009,136.633,100.782,73.639,135.411,141.899,136.008,135.798
653.7,102.613,69.009,136.598,100.722,73.722,135.411,141.899,135.938,135.798
653.8,102.555,69.009,136.598,100.782,73.722,135.411,141.868,135.938,135.763
653.9,102.613,69.009,136.598,100.722,73.722,135.447,141.899,135.938,135.798
654.0,102.613,69.009,136.564,100.722,73.639,135.482,141.868,135.938,135.728
654.1,102.555,69.097,136.598,100.722,73.639,135.411,141.962,135.938,135.798
654.2,102.613,68.921,136.564,100.782,73.639,135.411,141.868,135.973,135.763
654.3,102.613,69.009,136.529,100.842,73.639,135.447,141.899,135.868,135.798
654.4,102.613,68.921,136.529,100.782,73.639,135.376,141.931,135.938,135.798
654.5,102.613,69.097,136.598,100.782,73.639,135.411,141.868,135.903,135.833
654.6,102.613,69.097,136.598,100.842,73.555,135.411,141.868,135.938,135.763
654.7,102.672,69.097,136.564,100.782,73.639,135.447,141.931,135.903,135.798
654.8,102.672,69.097,136.494,100.782,73.639,135.411,141.899,135.938,135.798
654.9,102.672,68.921,136.598,100.722,73.639,135.411,141.899,136.008,135.833
655.0,102.613,69.097,136.667,100.782,73.555,135.447,141.868,135.938,135.763
655.1,102.672,69.009,136.598,100.782,73.722,135.447,141.899,135.938,135.833
655.2,102.672,69.097,136.564,100.722,73.722,135.411,141.931,135.973,135.798
655.3,102.613,69.097,136.598,100.782,73.639,135.376,141.931,135.938,135.798
655.4,102.672,69.097,136.564,100.782,73.639,135.376,141.868,135.938,135.833
655.5,102.672,69.097,136.564,100.782,73.722,135.482,141.868,135.973,135.728
655.6,102.672,69.009,136.598,100.782,73.639,135.447,141.931,135.903,135.763
655.7,102.613,69.009,136.598,100.842,73.806,135.411,141.837,136.008,135.833
655.8,102.672,69.097,136.529,100.902,73.722,135.411,141.868,135.973,135.833
655.9,102.672,69.097,136.564,100.782,73.722,135.447,141.931,135.973,135.763
656.0,102.613,69.185,136.633,100.782,73.722,135.411,141.899,135.903,135.798
656.1,102.672,69.185,136.598,100.782,73.722,135.305,141.868,135.973,135.798
656.2,102.613,69.097,136.564,100.782,73.639,135.411,141.962,135.833,135.798
656.3,102.672,69.009,136.598,100.782,73.722,135.411,141.868,135.973,135.798
656.4,102.672,69.185,136.564,100.842,73.722,135.447,141.868,135.903,135.763
656.5,102.672,69.185,136.564,100.842,73.722,135.411,141.868,135.973,135.798
656.6,102.672,69.097,136.564,100.782,73.722,135.447,141.931,135.938,135.833
656.7,102.73,69.185,136.564,100.902,73.722,135.411,141.899,135.973,135.868
656.8,102.73,69.185,136.598,100.782,73.722,135.411,141.868,135.938,135.833
656.9,102.672,69.185,136.598,100.722,73.806,135.411,141.899,135.903,135.798
657.0,102.672,69.185,136.598,100.842,73.806,135.447,141.868,135.973,135.833
657.1,102.788,69.185,136.598,100.842,73.722,135.447,141.962,135.973,135.798
657.2,102.73,69.272,136.598,100.842,73.806,135.447,141.899,135.973,135.833
657.3,102.672,69.272,136.564,100.782,73.722,135.341,141.931,135.973,135.833
657.4,102.73,69.272,136.633,100.842,73.722,135.447,141.931,136.008,135.833
657.5,102.788,69.185,136.598,100.902,73.722,135.447,141.899,135.973,135.833
657.6,102.73,69.36,136.598,100.842,73.639,135.447,141.868,136.043,135.763
657.7,102.73,69.185,136.564,100.902,73.806,135.447,141.931,135.973,135.833
657.8,102.788,69.272,136.633,100.902,73.722,135.376,141.931,135.973,135.833
657.9,102.788,69.185,136.564,100.782,73.806,135.447,141.899,135.973,135.833
658.0,102.788,69.185,136.633,100.842,73.806,135.411,141.931,135.938,135.833
658.1,102.788,69.272,136.564,100.902,73.889,135.411,141.899,135.973,135.833
658.2,102.672,69.185,136.598,100.842,73.722,135.411,141.899,135.973,135.798
658.3,102.73,69.272,136.564,100.842,73.806,135.447,141.868,136.043,135.868
658.4,102.73,69.185,136.598,100.782,73.806,135.411,141.899,135.973,135.833
658.5,102.73,69.185,136.598,100.902,73.806,135.411,141.962,136.043,135.833
658.6,102.788,69.272,136.564,100.842,73.889,135.482,141.931,136.008,135.833
658.7,102.73,69.185,136.564,100.902,73.806,135.411,141.899,135.973,135.833
658.8,102.788,69.185,136.564,100.902,73.722,135.411,141.868,135.938,135.798
658.9,102.846,69.36,136.633,100.902,73.889,135.411,141.899,135.973,135.798
659.0,102.788,69.272,136.598,100.902,73.806,135.411,141.899,136.008,135.903
659.1,102.788,69.272,136.598,101.021,73.889,135.447,141.868,136.008,135.798
659.2,102.788,69.272,136.633,100.902,73.806,135.447,141.899,136.008,135.868
659.3,102.73,69.36,136.633,100.842,73.806,135.482,141.931,136.008,135.833
659.4,102.73,69.272,136.564,100.902,73.806,135.411,141.868,135.938,135.833
659.5,102.788,69.185,136.564,100.902,73.806,135.447,141.899,135.973,135.833
659.6,102.788,69.272,136.598,100.902,73.806,135.411,141.899,135.973,135.833
659.7,102.846,69.36,136.564,100.902,73.889,135.447,141.899,136.008,135.868
659.8,102.788,69.36,136.633,100.961,73.889,135.482,141.899,135.973,135.868
659.9,102.846,69.36,136.564,100.961,73.806,135.447,141.899,135.973,135.868
660.0,102.788,69.36,136.598,100.902,73.889,135.376,141.868,136.078,135.833
660.1,102.788,69.36,136.598,100.961,73.889,135.447,141.931,136.043,135.798
660.2,102.788,69.36,136.667,100.961,73.722,135.482,141.868,136.008,135.938
660.3,102.904,69.272,136.564,100.902,73.889,135.411,141.931,136.008,135.833
660.4,102.788,69.272,136.598,100.961,73.889,135.447,141.931,135.973,135.903
660.5,102.846,69.36,136.598,100.961,73.806,135.341,141.868,136.008,135.868
660.6,102.846,69.36,136.564,100.961,73.889,135.482,141.899,135.973,135.868
660.7,102.846,69.272,136.598,100.902,73.889,135.411,141.899,135.973,135.973
660.8,102.846,69.36,136.598,100.961,73.806,135.411,141.774,136.043,135.868
660.9,102.846,69.272,136.564,100.961,73.889,135.482,141.899,136.008,135.938
661.0,102.846,69.36,136.529,100.961,73.889,135.447,141.899,135.973,135.868
661.1,102.904,69.36,136.598,100.961,73.889,135.447,141.899,135.973,135.833
661.2,102.788,69.448,136.564,100.961,73.889,135.411,141.931,136.008,135.833
661.3,102.846,69.36,136.598,100.902,73.972,135.411,141.868,136.078,135.868
661.4,102.788,69.448,136.598,100.961,73.889,135.517,141.899,136.008,135.833
661.5,102.846,69.36,136.598,100.961,73.972,135.482,141.994,136.008,135.833
661.6,102.904,69.36,136.564,100.961,73.972,135.411,141.899,136.008,135.833
661.7,102.788,69.36,136.598,100.961,73.972,135.447,141.899,136.043,135.833
661.8,102.788,69.36,136.598,101.021,73.889,135.411,141.899,135.973,135.833
661.9,102.904,69.36,136.529,100.902,73.972,135.447,141.868,136.008,135.833
662.0,102.963,69.448,136.564,100.902,73.889,135.447,141.899,136.008,135.903
662.1,102.904,69.448,136.564,100.902,73.972,135.411,141.868,135.973,135.903
662.2,102.846,69.448,136.598,100.961,73.972,135.447,141.868,136.008,135.868
662.3,102.846,69.448,136.633,101.08,73.889,135.482,141.899,136.008,135.868
662.4,102.904,69.448,136.598,100.961,73.972,135.447,141.837,136.008,135.833
662.5,102.846,69.448,136.564,100.961,74.055,135.447,141.899,136.008,135.868
662.6,102.846,69.448,136.633,100.961,73.972,135.411,141.868,136.043,135.868
662.7,102.846,69.36,136.598,100.902,74.055,135.411,141.899,136.008,135.868
662.8,102.788,69.36,136.598,100.961,73.972,135.447,141.899,136.008,135.868
662.9,102.904,69.36,136.564,100.842,73.889,135.447,141.899,136.043,135.833
663.0,102.904,69.535,136.598,101.021,73.972,135.447,141.899,136.008,135.868
663.1,102.904,69.448,136.564,100.961,74.055,135.411,141.931,136.008,135.833
663.2,102.904,69.448,136.633,101.021,73.972,135.482,141.868,135.973,135.833
663.3,102.904,69.36,136.598,100.961,73.972,135.447,141.868,136.008,135.868
663.4,102.846,69.535,136.598,101.021,74.055,135.447,141.868,135.938,135.903
663.5,102.788,69.448,136.633,101.021,73.972,135.411,141.899,136.043,135.903
663.6,102.963,69.36,136.529,101.021,73.972,135.447,141.899,136.043,135.903
663.7,103.021,69.448,136.564,101.021,74.055,135.411,141.931,136.008,135.903
663.8,102.904,69.535,136.598,100.961,74.055,135.447,141.837,136.043,135.973
663.9,103.021,69.448,136.633,101.021,74.055,135.411,141.868,135.973,135.868
664.0,102.904,69.448,136.598,101.14,74.055,135.447,141.899,136.043,135.868
664.1,102.904,69.535,136.598,101.021,73.972,135.447,141.868,136.043,135.868
664.2,102.904,69.535,136.598,101.08,73.972,135.376,141.899,136.078,135.903
664.3,102.846,69.535,136.598,101.021,74.055,135.411,141.899,136.008,135.868
664.4,102.963,69.535,136.598,100.961,74.055,135.411,141.868,136.008,135.868
664.5,102.904,69.448,136.598,101.021,74.055,135.447,141.899,136.008,135.938
664.6,102.904,69.535,136.564,101.08,73.972,135.447,141.868,136.008,135.903
664.7,102.904,69.535,136.564,101.08,74.055,135.447,141.899,136.008,135.868
664.8,102.963,69.448,136.598,101.021,73.972,135.447,141.868,136.008,135.868
664.9,102.963,69.448,136.598,101.08,73.972,135.447,141.931,136.043,135.868
665.0,102.963,69.71,136.598,101.021,74.138,135.411,141.899,136.043,135.868
665.1,102.904,69.535,136.529,100.961,74.138,135.411,141.931,136.008,135.903
665.2,103.079,69.535,136.598,101.08,74.055,135.411,141.931,136.043,135.903
665.3,103.021,69.623,136.529,101.08,74.138,135.411,141.899,136.008,135.868
665.4,103.021,69.623,136.598,101.08,74.138,135.447,141.962,136.043,135.903
665.5,103.021,69.448,136.529,101.021,74.055,135.447,141.868,136.043,135.903
665.6,102.963,69.623,136.598,101.08,74.138,135.411,141.868,136.043,135.868
665.7,102.963,69.623,136.598,101.08,74.055,135.411,141.899,136.043,135.903
665.8,102.963,69.535,136.598,101.08,74.055,135.411,141.899,136.008,135.868
665.9,103.021,69.535,136.564,100.961,74.055,135.482,141.837,136.043,135.903
666.0,102.963,69.623,136.598,101.08,74.138,135.447,141.868,136.043,135.868
666.1,102.846,69.623,136.598,101.08,74.055,135.447,141.899,136.043,136.008
666.2,102.963,69.535,136.564,101.14,74.138,135.447,141.899,136.043,135.868
666.3,102.963,69.623,136.598,101.08,74.138,135.341,141.962,136.008,135.868
666.4,102.963,69.623,136.564,101.08,74.138,135.447,141.868,136.008,135.903
666.5,103.021,69.623,136.598,101.08,74.221,135.447,141.899,136.043,135.938
666.6,103.079,69.623,136.598,101.021,74.138,135.411,141.931,136.043,135.938
666.7,103.137,69.623,136.598,101.14,74.138,135.411,141.868,136.008,135.868
666.8,103.021,69.71,136.598,101.08,74.138,135.447,141.899,136.008,135.868
666.9,103.021,69.623,136.633,101.08,74.138,135.482,141.899,136.078,135.938
667.0,102.963,69.623,136.46,101.14,74.138,135.411,141.899,136.008,135.868
667.1,103.021,69.623,136.564,101.08,74.221,135.447,141.837,136.043,135.868
667.2,102.963,69.71,136.46,101.14,74.138,135.447,141.931,136.043,135.868
667.3,103.021,69.797,136.598,101.14,74.138,135.447,141.962,136.078,135.868
667.4,103.021,69.623,136.598,101.14,74.138,135.447,141.931,136.043,135.938
667.5,103.079,69.71,136.564,101.08,74.221,135.447,141.931,136.112,135.868
667.6,103.021,69.71,136.564,101.08,74.138,135.482,141.868,136.043,135.938
667.7,103.021,69.71,136.564,101.08,74.221,135.447,141.899,136.043,135.903
667.8,103.079,69.71,136.598,101.14,74.304,135.411,141.931,136.008,135.868
667.9,103.021,69.623,136.598,101.14,74.138,135.411,141.931,136.112,135.903
668.0,103.079,69.71,136.598,101.14,74.138,135.447,141.868,136.043,135.868
668.1,102.963,69.71,136.598,101.2,74.138,135.376,141.868,136.112,136.008
668.2,103.079,69.797,136.529,101.14,74.304,135.447,141.899,135.938,135.938
668.3,103.079,69.71,136.598,101.14,74.304,135.447,141.868,136.078,135.903
668.4,103.079,69.884,136.564,101.14,74.221,135.482,141.994,136.078,135.868
668.5,103.021,69.71,136.529,101.08,74.138,135.447,141.899,136.043,135.973
668.6,103.137,69.71,136.564,101.2,74.221,135.447,141.868,136.043,135.903
668.7,103.079,69.71,136.598,101.14,74.221,135.411,141.931,135.973,136.008
668.8,103.079,69.71,136.598,101.14,74.304,135.447,141.899,136.008,135.938
668.9,103.079,69.71,136.598,101.08,74.304,135.447,141.868,136.078,135.903
669.0,103.079,69.797,136.564,101.14,74.221,135.482,141.899,136.078,135.938
669.1,103.195,69.71,136.564,101.2,74.304,135.341,141.962,136.078,135.973
669.2,103.079,69.797,136.529,101.14,74.304,135.447,141.962,136.078,135.903
669.3,103.137,69.797,136.529,101.2,74.221,135.517,141.899,136.078,135.938
669.4,103.079,69.797,136.598,101.2,74.304,135.482,141.868,136.078,135.938
669.5,103.137,69.71,136.702,101.2,74.221,135.411,141.931,136.043,135.903
669.6,103.079,69.797,136.598,101.14,74.304,135.447,141.931,136.043,135.903
669.7,103.137,69.71,136.598,101.2,74.221,135.447,141.899,136.078,135.903
669.8,103.079,69.71,136.598,101.2,74.304,135.482,141.931,136.078,135.903
669.9,103.137,69.71,136.564,101.2,74.387,135.411,141.899,136.043,135.938
670.0,103.079,69.71,136.598,101.14,74.304,135.447,141.899,136.043,135.938
670.1,103.021,69.797,136.598,101.2,74.304,135.447,141.868,136.043,135.903
670.2,103.137,69.797,136.564,101.2,74.304,135.447,141.899,136.078,135.938
670.3,103.137,69.797,136.598,101.2,74.304,135.411,141.899,136.043,135.903
670.4,103.137,69.797,136.667,101.14,74.304,135.411,141.899,136.078,135.833
670.5,103.079,69.797,136.598,101.2,74.304,135.411,141.899,136.043,135.903
670.6,103.195,69.797,136.564,101.2,74.304,135.447,141.899,136.078,135.903
670.7,103.137,69.797,136.598,101.259,74.304,135.411,141.899,136.043,135.973
670.8,103.137,69.797,136.598,101.2,74.304,135.411,141.931,136.112,135.903
670.9,103.021,69.797,136.598,101.2,74.387,135.411,141.962,136.112,135.938
671.0,103.137,69.971,136.564,101.2,74.387,135.447,141.837,136.112,135.903
671.1,103.079,69.884,136.598,101.259,74.221,135.447,141.899,136.078,135.903
671.2,103.137,69.797,136.598,101.2,74.221,135.447,141.899,136.043,135.973
671.3,103.137,69.884,136.564,101.2,74.387,135.447,141.899,136.078,135.938
671.4,103.195,69.884,136.633,101.2,74.387,135.411,141.931,136.078,135.938
671.5,103.137,69.797,136.564,101.2,74.304,135.411,141.868,136.043,135.903
671.6,103.195,69.884,136.598,101.259,74.304,135.447,141.899,136.043,135.903
671.7,103.137,69.797,136.564,101.2,74.47,135.447,141.899,136.078,135.973
671.8,103.195,69.884,136.598,101.2,74.387,135.482,141.899,136.112,135.973
671.9,103.137,69.971,136.564,101.259,74.387,135.447,141.931,136.008,135.973
672.0,103.195,69.884,136.598,101.2,74.387,135.411,141.899,136.078,135.938
672.1,103.195,69.884,136.598,101.259,74.304,135.447,141.899,136.043,135.903
672.2,103.137,69.971,136.598,101.259,74.387,135.411,141.899,136.078,135.903
672.3,103.195,69.884,136.598,101.259,74.387,135.447,141.962,136.112,135.868
672.4,103.195,69.884,136.598,101.259,74.304,135.447,141.837,136.078,135.938
672.5,103.195,69.971,136.598,101.2,74.387,135.447,141.899,136.112,135.973
672.6,103.195,69.884,136.598,101.2,74.47,135.482,141.899,136.147,135.903
672.7,103.137,69.884,136.564,101.259,74.387,135.447,141.899,136.078,135.938
672.8,103.137,69.884,136.529,101.259,74.387,135.517,141.868,136.078,135.903
672.9,103.195,69.71,136.633,101.259,74.387,135.376,141.899,136.078,135.938
673.0,103.252,69.971,136.633,101.318,74.387,135.447,141.899,136.043,135.903
673.1,103.195,69.884,136.564,101.2,74.47,135.411,141.931,136.078,135.938
673.2,103.252,69.971,136.529,101.259,74.387,135.447,141.899,136.078,135.938
673.3,103.195,69.971,136.598,101.318,74.47,135.447,141.868,136.078,135.973
673.4,103.252,69.884,136.564,101.318,74.553,135.447,141.931,136.078,135.973
673.5,103.252,69.971,136.564,101.378,74.304,135.447,141.837,136.112,135.938
673.6,103.252,69.971,136.598,101.259,74.387,135.447,141.868,136.078,135.938
673.7,103.31,69.884,136.564,101.259,74.47,135.447,141.931,136.147,135.973
673.8,103.195,70.058,136.598,101.259,74.47,135.447,141.899,136.147,135.938
673.9,103.252,69.971,136.564,101.259,74.387,135.447,141.868,136.078,135.938
674.0,103.195,70.058,136.564,101.259,74.387,135.482,141.899,136.078,135.938
674.1,103.252,70.058,136.564,101.318,74.387,135.482,141.931,136.112,135.938
674.2,103.195,69.971,136.598,101.378,74.47,135.447,141.931,136.112,135.938
674.3,103.252,70.058,136.598,101.318,74.47,135.411,141.868,136.112,135.973
674.4,103.252,69.971,136.598,101.318,74.553,135.411,141.899,136.112,136.008
674.5,103.195,69.971,136.633,101.318,74.47,135.447,141.837,136.078,135.973
674.6,103.252,69.971,136.598,101.318,74.553,135.447,141.868,136.078,135.973
674.7,103.252,69.971,136.598,101.259,74.387,135.482,141.899,136.112,135.973
674.8,103.252,69.971,136.564,101.318,74.387,135.447,141.931,136.147,135.973
674.9,103.195,69.971,136.598,101.318,74.553,135.447,141.899,136.078,135.903
675.0,103.252,70.058,136.598,101.318,74.47,135.482,141.868,136.078,135.973
675.1,103.31,69.971,136.598,101.378,74.387,135.447,141.868,136.147,135.938
675.2,103.252,70.058,136.667,101.318,74.387,135.411,141.868,136.112,135.938
675.3,103.31,69.971,136.564,101.259,74.47,135.447,141.899,136.112,136.008
675.4,103.31,70.058,136.633,101.318,74.553,135.447,141.899,136.078,135.973
675.5,103.252,70.058,136.598,101.318,74.635,135.447,141.899,136.112,135.973
675.6,103.252,70.058,136.633,101.318,74.387,135.447,141.899,136.112,135.938
675.7,103.31,69.971,136.598,101.378,74.553,135.447,141.899,136.078,136.008
675.8,103.31,70.058,136.598,101.318,74.47,135.447,141.899,136.078,135.938
675.9,103.252,70.058,136.598,101.437,74.553,135.482,141.899,136.043,135.973
676.0,103.31,70.058,136.633,101.318,74.47,135.447,141.899,136.112,135.973
676.1,103.31,70.058,136.598,101.378,74.304,135.482,141.899,136.078,135.973
676.2,103.31,70.058,136.564,101.378,74.553,135.482,141.899,136.112,135.938
676.3,103.31,70.058,136.564,101.437,74.553,135.411,141.899,136.112,135.973
676.4,103.368,70.058,136.564,101.318,74.635,135.447,141.899,136.112,136.008
676.5,103.31,70.145,136.598,101.378,74.553,135.447,141.805,136.112,135.973
676.6,103.368,70.058,136.564,101.318,74.47,135.482,141.899,136.112,135.938
676.7,103.252,70.058,136.633,101.437,74.553,135.411,141.868,136.147,136.043
676.8,103.368,70.058,136.598,101.378,74.553,135.411,141.899,136.147,135.973
676.9,103.31,70.145,136.598,101.378,74.553,135.447,141.868,136.147,135.973
677.0,103.368,70.058,136.598,101.378,74.635,135.447,141.931,136.147,136.043
677.1,103.31,70.145,136.598,101.437,74.553,135.447,141.899,136.112,135.938
677.2,103.31,70.145,136.598,101.318,74.553,135.482,141.899,136.078,136.008
677.3,103.252,70.145,136.598,101.496,74.635,135.447,141.837,136.112,135.938
677.4,103.31,70.058,136.564,101.378,74.635,135.447,141.994,136.112,136.008
677.5,103.368,70.058,136.529,101.378,74.635,135.447,141.899,136.147,135.973
677.6,103.31,70.145,136.598,101.437,74.718,135.447,141.899,136.112,135.938
677.7,103.31,70.058,136.564,101.378,74.635,135.447,141.899,136.112,136.008
677.8,103.368,70.145,136.564,101.378,74.553,135.447,141.868,136.147,136.008
677.9,103.368,70.232,136.598,101.437,74.635,135.447,141.899,136.078,136.008
678.0,103.368,70.145,136.633,101.378,74.635,135.447,141.899,136.078,135.973
678.1,103.368,70.145,136.598,101.378,74.718,135.447,141.899,136.147,135.973
678.2,103.368,70.232,136.564,101.378,74.635,135.482,141.899,136.112,135.973
678.3,103.426,70.145,136.564,101.378,74.635,135.447,141.899,136.078,135.973
678.4,103.368,70.145,136.598,101.378,74.635,135.447,141.899,136.147,135.973
678.5,103.31,70.145,136.633,101.378,74.553,135.447,141.868,136.112,136.008
678.6,103.426,70.058,136.564,101.378,74.718,135.482,141.899,136.112,135.973
678.7,103.368,70.232,136.598,101.437,74.718,135.411,141.868,136.182,136.008
678.8,103.368,70.145,136.598,101.437,74.635,135.552,141.962,136.147,135.938
678.9,103.368,70.145,136.564,101.437,74.635,135.447,141.899,136.112,135.973
679.0,103.426,70.145,136.633,101.496,74.635,135.482,141.899,136.112,135.973
679.1,103.368,70.406,136.598,101.437,74.553,135.447,141.899,136.112,136.043
679.2,103.426,70.232,136.598,101.437,74.635,135.447,141.962,136.112,135.973
679.3,103.426,70.232,136.564,101.437,74.718,135.447,141.931,136.112,135.973
679.4,103.426,70.232,136.529,101.437,74.718,135.517,141.899,136.217,135.973
679.5,103.368,70.232,136.598,101.378,74.635,135.517,141.962,136.147,136.008
679.6,103.426,70.232,136.564,101.437,74.635,135.482,141.899,136.182,136.043
679.7,103.426,70.232,136.598,101.496,74.883,135.447,141.899,136.112,135.973
679.8,103.368,70.232,136.633,101.556,74.718,135.482,141.962,136.147,136.078
679.9,103.426,70.232,136.564,101.437,74.553,135.376,141.899,136.112,136.008
680.0,103.426,70.319,136.598,101.437,74.718,135.447,141.868,136.182,136.008
680.1,103.426,70.319,136.598,101.437,74.635,135.447,141.899,136.182,135.973
680.2,103.426,70.232,136.598,101.496,74.718,135.411,141.899,136.147,135.973
680.3,103.483,70.319,136.564,101.437,74.718,135.482,141.868,136.147,136.043
680.4,103.426,70.319,136.598,101.496,74.718,135.447,141.899,136.182,136.078
680.5,103.426,70.319,136.564,101.496,74.718,135.447,141.868,136.112,135.973
680.6,103.483,70.232,136.564,101.496,74.718,135.447,141.962,136.147,136.008
680.7,103.483,70.319,136.564,101.496,74.883,135.482,141.868,136.182,136.043
680.8,103.426,70.232,136.564,101.496,74.8,135.447,141.931,136.147,135.973
680.9,103.426,70.319,136.598,101.496,74.635,135.447,141.899,136.112,135.938
681.0,103.426,70.319,136.598,101.556,74.718,135.447,141.837,136.147,136.043
681.1,103.483,70.319,136.529,101.437,74.718,135.447,141.868,136.112,135.973
681.2,103.483,70.319,136.564,101.437,74.718,135.482,141.899,136.147,136.008
681.3,103.426,70.406,136.702,101.556,74.8,135.447,141.899,136.147,136.008
681.4,103.483,70.319,136.598,101.437,74.718,135.447,141.899,136.182,136.008
681.5,103.599,70.319,136.598,101.318,74.718,135.482,141.931,136.147,136.078
681.6,103.483,70.232,136.598,101.496,74.8,135.447,141.931,136.182,136.008
681.7,103.483,70.319,136.564,101.556,74.8,135.447,141.962,136.147,136.008
681.8,103.483,70.319,136.598,101.496,74.718,135.447,141.931,136.217,136.008
681.9,103.31,70.319,136.564,101.496,74.883,135.447,141.931,136.112,136.008
682.0,103.483,70.406,136.598,101.615,74.718,135.447,141.899,136.182,136.008
682.1,103.483,70.406,136.564,101.437,74.718,135.447,141.962,136.182,136.008
682.2,103.483,70.406,136.598,101.496,74.8,135.447,141.899,136.147,136.043
682.3,103.426,70.319,136.564,101.615,74.8,135.447,141.868,136.182,136.008
682.4,103.483,70.406,136.598,101.496,74.8,135.447,141.931,136.147,136.078
682.5,103.483,70.145,136.598,101.496,74.8,135.447,141.899,136.182,135.973
682.6,103.483,70.319,136.564,101.496,74.8,135.482,141.868,136.147,136.043
682.7,103.426,70.319,136.598,101.556,74.8,135.517,141.899,136.147,136.043
682.8,103.541,70.319,136.598,101.496,74.718,135.341,141.931,136.147,136.008
682.9,103.483,70.492,136.598,101.556,74.8,135.411,141.868,136.147,136.008
683.0,103.599,70.406,136.667,101.556,74.8,135.482,141.899,136.147,136.043
683.1,103.599,70.319,136.598,101.556,74.8,135.482,141.931,136.147,136.043
683.2,103.541,70.492,136.598,101.496,74.8,135.482,141.931,136.182,135.938
683.3,103.483,70.406,136.46,101.496,74.8,135.482,141.899,136.147,136.008
683.4,103.541,70.406,136.633,101.496,74.883,135.447,141.931,136.147,135.973
683.5,103.541,70.406,136.633,101.615,74.883,135.447,141.837,136.147,136.008
683.6,103.483,70.579,136.598,101.615,74.8,135.447,141.899,136.147,136.043
683.7,103.483,70.319,136.598,101.556,74.883,135.411,141.899,136.147,136.008
683.8,103.541,70.406,136.633,101.556,74.8,135.447,141.868,136.217,136.043
683.9,103.541,70.406,136.598,101.556,74.883,135.482,141.899,136.217,136.008
684.0,103.483,70.406,136.598,101.615,74.965,135.482,141.899,136.147,136.008
684.1,103.541,70.406,136.633,101.556,74.8,135.482,141.931,136.112,136.043
684.2,103.541,70.406,136.598,101.556,74.8,135.447,141.899,136.147,136.008
684.3,103.541,70.492,136.564,101.792,74.883,135.482,141.994,136.182,136.078
684.4,103.541,70.492,136.564,101.556,74.883,135.482,141.868,136.182,136.008
684.5,103.483,70.492,136.598,101.556,74.8,135.447,141.899,136.182,136.008
684.6,103.541,70.492,136.529,101.496,74.965,135.447,141.868,136.182,136.008
684.7,103.541,70.406,136.564,101.556,74.883,135.447,141.899,136.182,136.008
684.8,103.541,70.406,136.598,101.496,74.8,135.482,141.899,136.182,136.078
684.9,103.599,70.492,136.598,101.674,74.8,135.447,141.931,136.182,135.973
685.0,103.541,70.406,136.598,101.615,74.883,135.447,141.899,136.182,136.008
685.1,103.541,70.406,136.598,101.615,74.883,135.447,141.899,136.182,136.008
685.2,103.483,70.406,136.564,101.615,74.8,135.517,141.899,136.182,135.903
685.3,103.541,70.579,136.667,101.556,74.8,135.447,141.931,136.147,136.078
685.4,103.599,70.579,136.564,101.615,74.883,135.482,141.899,136.217,136.043
685.5,103.599,70.492,136.598,101.615,74.883,135.447,141.931,136.147,136.043
685.6,103.599,70.492,136.598,101.674,74.883,135.482,141.868,136.182,136.078
685.7,103.541,70.579,136.598,101.496,74.965,135.482,141.899,136.182,136.008
685.8,103.599,70.492,136.598,101.674,74.965,135.447,141.899,136.182,136.043
685.9,103.599,70.492,136.564,101.615,74.965,135.482,141.899,136.182,136.078
686.0,103.599,70.579,136.598,101.674,74.965,135.447,141.931,136.147,136.078
686.1,103.599,70.579,136.633,101.674,75.047,135.447,141.899,136.217,136.008
686.2,103.599,70.492,136.633,101.615,74.883,135.447,141.899,136.182,136.008
686.3,103.483,70.406,136.598,101.556,74.965,135.482,141.931,136.182,136.043
686.4,103.541,70.579,136.598,101.556,74.965,135.447,141.899,136.252,135.973
686.5,103.714,70.492,136.598,101.674,74.965,135.517,141.899,136.147,136.043
686.6,103.656,70.579,136.598,101.615,74.965,135.447,141.899,136.182,136.043
686.7,103.656,70.492,136.598,101.674,75.047,135.447,141.899,136.217,136.043
686.8,103.656,70.579,136.598,101.674,74.965,135.482,141.899,136.182,136.112
686.9,103.714,70.579,136.633,101.615,75.13,135.447,141.899,136.147,136.043
687.0,103.656,70.579,136.633,101.615,75.047,135.447,141.931,136.217,136.078
687.1,103.656,70.492,136.564,101.615,74.965,135.447,141.899,136.182,136.078
687.2,103.714,70.579,136.598,101.674,74.965,135.447,141.899,136.252,136.043
687.3,103.656,70.579,136.598,101.674,74.965,135.447,141.899,136.182,136.043
687.4,103.656,70.579,136.564,101.615,74.965,135.482,141.931,136.217,136.078
687.5,103.714,70.579,136.564,101.674,75.047,135.447,141.899,136.286,136.043
687.6,103.656,70.579,136.598,101.674,75.047,135.447,141.931,136.217,136.078
687.7,103.656,70.579,136.633,101.556,74.883,135.447,141.962,136.147,136.008
687.8,103.656,70.665,136.564,101.615,75.047,135.447,141.868,136.182,136.043
687.9,103.656,70.579,136.598,101.674,74.965,135.447,141.899,136.147,136.078
688.0,103.656,70.665,136.598,101.674,75.047,135.447,141.899,136.217,136.078
688.1,103.656,70.579,136.598,101.674,74.965,135.482,141.931,136.252,136.078
688.2,103.599,70.665,136.598,101.615,74.965,135.411,141.931,136.217,136.043
688.3,103.599,70.579,136.564,101.674,75.047,135.482,141.899,136.217,135.973
688.4,103.656,70.579,136.598,101.674,74.965,135.482,141.899,136.182,136.078
688.5,103.599,70.579,136.564,101.674,75.047,135.447,141.899,136.252,136.078
688.6,103.656,70.752,136.564,101.674,75.047,135.447,141.899,136.182,136.043
688.7,103.599,70.665,136.633,101.674,75.047,135.447,141.899,136.182,136.078
688.8,103.656,70.665,136.598,101.615,74.965,135.482,141.994,136.217,136.043
688.9,103.714,70.579,136.598,101.615,74.965,135.482,141.931,136.182,136.043
689.0,103.656,70.665,136.598,101.615,75.047,135.482,141.899,136.252,136.043
689.1,103.771,70.665,136.564,101.674,75.047,135.447,141.868,136.182,136.043
689.2,103.771,70.752,136.598,101.733,75.047,135.447,141.899,136.147,136.078
689.3,103.656,70.665,136.564,101.615,75.13,135.482,141.931,136.217,135.973
689.4,103.771,70.752,136.564,101.733,75.047,135.447,141.868,136.217,136.112
689.5,103.714,70.752,136.564,101.674,75.047,135.447,141.931,136.147,136.043
689.6,103.714,70.665,136.598,101.674,74.883,135.447,141.899,136.217,136.043
689.7,103.771,70.665,136.564,101.674,75.047,135.376,141.899,136.252,136.043
689.8,103.714,70.752,136.598,101.792,75.047,135.482,141.899,136.182,136.078
689.9,103.599,70.665,136.598,101.733,75.13,135.447,141.899,136.217,135.973
690.0,103.771,70.752,136.598,101.674,75.13,135.447,141.837,136.182,136.008
690.1,103.714,70.665,136.564,101.674,75.212,135.447,141.931,136.182,136.043
690.2,103.714,70.752,136.598,101.733,75.13,135.411,141.931,136.217,136.078
690.3,103.886,70.752,136.667,101.674,75.13,135.482,141.868,136.217,136.078
690.4,103.599,70.752,136.598,101.674,75.13,135.447,141.931,136.217,136.043
690.5,103.771,70.752,136.633,101.733,75.13,135.447,141.899,136.321,136.078
690.6,103.714,70.665,136.598,101.733,75.047,135.447,141.899,136.217,136.043
690.7,103.714,70.752,136.598,101.733,75.047,135.447,141.899,136.217,136.043
690.8,103.771,70.579,136.564,101.733,75.13,135.482,141.931,136.182,136.078
690.9,103.771,70.752,136.494,101.733,75.13,135.482,141.931,136.252,136.112
691.0,103.771,70.752,136.633,101.615,75.13,135.482,141.899,136.217,136.043
691.1,103.771,70.752,136.598,101.674,75.212,135.447,141.931,136.217,136.112
691.2,103.771,70.838,136.564,101.733,75.212,135.447,141.931,136.252,136.043
691.3,103.771,70.665,136.598,101.733,75.13,135.482,141.962,136.217,136.078
691.4,103.599,70.752,136.564,101.674,75.13,135.447,141.962,136.252,136.043
691.5,103.714,70.752,136.598,101.674,75.13,135.447,141.931,136.182,136.078
691.6,103.771,70.752,136.598,101.733,75.13,135.447,141.899,136.217,136.043
691.7,103.771,70.752,136.598,101.792,75.13,135.482,141.899,136.217,136.078
691.8,103.714,70.752,136.564,101.674,75.13,135.447,141.899,136.182,136.008
691.9,103.829,70.838,136.598,101.851,75.212,135.447,141.994,136.112,136.078
692.0,103.771,70.752,136.564,101.733,75.212,135.447,141.899,136.182,136.078
692.1,103.771,70.924,136.667,101.733,75.212,135.447,141.931,136.182,136.112
692.2,103.771,70.838,136.598,101.733,75.047,135.482,141.899,136.217,136.043
692.3,103.771,70.838,136.598,101.792,75.212,135.447,141.962,136.182,136.078
692.4,103.829,70.838,136.667,101.792,75.13,135.482,141.899,136.217,136.078
692.5,103.771,70.752,136.598,101.851,75.212,135.447,141.931,136.182,136.078
692.6,103.714,70.838,136.598,101.792,75.212,135.447,141.899,136.217,136.112
692.7,103.714,70.924,136.667,101.851,75.13,135.447,141.899,136.252,136.078
692.8,103.829,70.924,136.598,101.792,75.212,135.482,141.899,136.252,136.147
692.9,103.829,70.924,136.667,101.733,75.212,135.482,141.868,136.252,136.078
693.0,103.829,70.924,136.564,101.792,75.212,135.447,141.931,136.252,136.112
693.1,103.886,70.838,136.633,101.792,75.212,135.482,141.899,136.182,136.078
693.2,103.886,70.838,136.598,101.851,75.13,135.411,141.931,136.217,136.078
693.3,103.771,70.924,136.598,101.851,75.294,135.482,141.962,136.252,136.008
693.4,103.829,70.924,136.598,101.792,75.212,135.482,141.899,136.252,136.147
693.5,103.829,71.01,136.598,101.792,75.212,135.447,141.962,136.182,136.112
693.6,103.771,70.838,136.529,101.851,75.294,135.447,141.931,136.252,136.078
693.7,103.771,71.01,136.598,101.792,75.294,135.447,141.899,136.217,136.078
693.8,103.886,70.838,136.667,101.792,75.376,135.482,141.868,136.252,136.112
693.9,103.829,70.924,136.564,101.792,75.212,135.482,141.931,136.252,136.078
694.0,103.771,70.924,136.598,101.792,75.294,135.447,141.931,136.286,136.147
694.1,103.886,70.924,136.598,101.851,75.212,135.482,141.931,136.286,136.078
694.2,103.829,70.924,136.564,101.733,75.294,135.482,141.931,136.286,136.112
694.3,103.829,71.01,136.564,101.733,75.376,135.447,141.868,136.286,136.112
694.4,103.829,71.01,136.529,101.792,75.294,135.482,141.962,136.217,136.078
694.5,103.829,70.924,136.564,101.851,75.212,135.447,141.899,136.217,136.147
694.6,103.829,71.01,136.598,101.792,75.294,135.482,141.899,136.217,136.112
694.7,103.829,70.924,136.633,101.851,75.294,135.447,141.931,136.286,136.217
694.8,103.886,70.924,136.598,101.851,75.294,135.411,141.899,136.217,136.147
694.9,103.886,70.924,136.633,101.792,75.376,135.482,141.899,136.182,136.112
695.0,103.829,70.924,136.564,101.851,75.294,135.517,141.868,136.286,136.112
695.1,103.829,71.01,136.598,101.733,75.376,135.447,141.931,136.252,136.078
695.2,103.886,70.924,136.633,101.91,75.294,135.482,141.805,136.252,136.112
695.3,103.886,71.096,136.564,101.851,75.376,135.482,141.899,136.252,136.112
695.4,103.886,71.01,136.564,101.851,75.376,135.482,141.931,136.252,136.078
695.5,103.886,71.096,136.598,101.851,75.212,135.447,141.931,136.252,136.112
695.6,103.886,71.01,136.633,101.91,75.13,135.447,141.931,136.286,136.217
695.7,103.886,71.182,136.633,101.851,75.294,135.482,141.931,136.252,136.112
695.8,103.829,71.01,136.702,101.733,75.376,135.482,141.899,136.252,136.112
695.9,103.886,70.924,136.598,101.851,75.376,135.447,141.868,136.286,136.112
696.0,103.886,70.924,136.598,101.851,75.376,135.447,141.899,136.182,136.078
696.1,103.886,71.01,136.633,101.851,75.376,135.517,141.899,136.217,136.078
696.2,103.829,71.01,136.564,101.969,75.376,135.517,141.868,136.286,136.182
696.3,103.886,71.01,136.564,101.851,75.458,135.411,141.962,136.286,136.147
696.4,103.943,70.924,136.598,101.851,75.376,135.482,141.899,136.252,136.078
696.5,103.943,71.01,136.564,101.851,75.376,135.482,141.899,136.252,136.112
696.6,103.886,71.01,136.598,101.91,75.376,135.517,141.899,136.286,136.147
696.7,103.943,71.096,136.633,101.91,75.376,135.447,141.899,136.356,136.112
696.8,103.886,71.096,136.598,101.91,75.376,135.482,141.962,136.252,136.112
696.9,103.886,70.924,136.633,101.969,75.458,135.447,141.931,136.252,136.112
697.0,103.886,71.01,136.598,101.91,75.376,135.447,141.931,136.217,136.112
697.1,103.943,71.01,136.633,101.851,75.458,135.447,141.931,136.252,136.112
697.2,103.943,71.182,136.598,101.851,75.458,135.447,141.899,136.286,136.112
697.3,103.943,71.096,136.598,101.969,75.376,135.447,141.899,136.217,136.112
697.4,103.943,71.01,136.667,101.969,75.539,135.482,141.931,136.217,136.112
697.5,103.943,71.01,136.598,101.91,75.458,135.552,141.899,136.217,136.043
697.6,103.943,71.096,136.598,101.969,75.376,135.517,141.899,136.286,136.182
697.7,103.943,71.096,136.667,101.91,75.376,135.482,141.994,136.252,136.078
697.8,104.0,71.096,136.633,101.91,75.621,135.447,141.931,136.286,136.112
697.9,103.943,71.096,136.598,101.969,75.458,135.447,141.899,136.252,136.147
698.0,103.943,71.096,136.598,101.91,75.458,135.447,141.931,136.39,136.147
698.1,103.943,71.182,136.667,101.91,75.539,135.517,141.868,136.252,136.112
698.2,103.943,71.096,136.667,101.91,75.458,135.552,141.899,136.286,136.147
698.3,104.058,71.182,136.598,101.91,75.458,135.447,141.899,136.321,136.112
698.4,104.0,71.096,136.598,101.969,75.539,135.447,141.899,136.286,136.147
698.5,104.0,71.182,136.598,102.086,75.458,135.482,141.899,136.252,136.182
698.6,103.943,71.182,136.598,101.969,75.458,135.447,141.931,136.321,136.112
698.7,104.0,71.182,136.564,101.91,75.539,135.517,141.899,136.252,136.112
698.8,104.0,71.182,136.667,101.91,75.539,135.447,141.931,136.286,136.147
698.9,104.058,71.182,136.598,101.91,75.539,135.552,141.899,136.286,136.112
699.0,104.0,71.096,136.598,101.969,75.621,135.482,141.899,136.286,136.112
699.1,104.0,71.268,136.633,101.91,75.621,135.482,141.899,136.252,136.147
699.2,104.058,71.182,136.598,101.969,75.539,135.517,141.899,136.252,136.147
699.3,104.058,71.182,136.633,101.969,75.458,135.482,141.899,136.286,136.147
699.4,104.0,71.268,136.564,102.028,75.539,135.482,141.931,136.252,136.147
699.5,104.0,71.096,136.598,101.969,75.539,135.482,141.899,136.286,136.112
699.6,103.943,71.268,136.598,101.969,75.539,135.447,141.931,136.217,136.147
699.7,104.058,71.439,136.598,101.969,75.458,135.482,141.899,136.252,136.147
699.8,104.0,71.182,136.633,101.91,75.621,135.482,141.899,136.286,136.112
699.9,104.058,71.182,136.598,101.969,75.458,135.482,141.868,136.252,136.147
700.0,104.0,71.268,136.598,101.91,75.458,135.482,141.899,136.321,136.112
700.1,104.058,71.268,136.598,101.969,75.539,135.482,141.899,136.286,136.147
700.2,104.0,71.182,136.598,101.91,75.539,135.482,142.025,136.252,136.252
700.3,104.058,71.182,136.633,101.969,75.539,135.411,141.931,136.252,136.112
700.4,104.0,71.182,136.633,101.969,75.539,135.587,141.899,136.286,136.147
700.5,104.0,71.268,136.598,102.028,75.539,135.482,141.899,136.286,136.182
700.6,104.0,71.268,136.598,101.969,75.539,135.482,141.899,136.286,136.147
700.7,104.058,71.182,136.633,101.969,75.539,135.552,141.899,136.252,136.147
700.8,104.058,71.268,136.598,101.969,75.539,135.447,141.931,136.286,136.147
700.9,104.115,71.268,136.667,102.028,75.539,135.447,141.931,136.321,136.147
701.0,104.058,71.182,136.598,101.969,75.621,135.447,141.899,136.321,136.112
701.1,104.058,71.268,136.598,101.969,75.621,135.482,141.931,136.286,136.112
701.2,104.058,71.268,136.564,102.028,75.539,135.482,141.868,136.286,136.147
701.3,104.0,71.354,136.667,102.028,75.621,135.482,141.899,136.217,136.182
701.4,104.058,71.268,136.598,102.028,75.539,135.447,141.931,136.286,136.147
701.5,104.058,71.439,136.598,102.028,75.621,135.411,141.899,136.286,136.112
701.6,104.058,71.354,136.598,102.028,75.621,135.482,141.899,136.286,136.182
701.7,104.058,71.354,136.598,102.028,75.621,135.552,141.899,136.286,136.147
701.8,104.115,71.268,136.667,102.086,75.539,135.482,141.931,136.252,136.112
701.9,104.058,71.354,136.598,102.028,75.539,135.482,141.899,136.252,136.182
702.0,104.115,71.268,136.564,102.086,75.621,135.447,141.899,136.286,136.147
702.1,104.058,71.354,136.564,102.028,75.621,135.447,141.899,136.286,136.112
702.2,104.115,71.268,136.564,102.086,75.703,135.447,141.868,136.321,136.147
702.3,104.115,71.354,136.598,102.086,75.703,135.447,141.962,136.252,136.147
702.4,104.115,71.182,136.667,102.028,75.539,135.447,141.899,136.286,136.112
702.5,104.172,71.439,136.633,102.086,75.621,135.482,141.931,136.321,136.147
702.6,104.115,71.354,136.598,102.028,75.703,135.482,141.899,136.286,136.182
702.7,104.0,71.354,136.598,102.086,75.703,135.447,141.962,136.286,136.112
702.8,104.115,71.354,136.564,102.028,75.621,135.482,141.899,136.286,136.147
702.9,104.115,71.354,136.598,102.028,75.621,135.517,141.868,136.286,136.043
703.0,104.058,71.354,136.564,102.086,75.703,135.482,141.899,136.286,136.112
703.1,104.115,71.354,136.598,102.086,75.703,135.447,141.899,136.286,136.182
703.2,104.172,71.354,136.598,102.028,75.703,135.482,141.931,136.356,136.182
703.3,104.058,71.354,136.564,102.086,75.703,135.447,141.899,136.286,136.147
703.4,104.172,71.354,136.598,102.028,75.621,135.482,141.994,136.286,136.147
703.5,104.058,71.354,136.598,102.028,75.703,135.447,141.931,136.321,136.182
703.6,104.115,71.439,136.564,102.086,75.621,135.517,141.931,136.356,136.147
703.7,104.058,71.354,136.598,102.086,75.784,135.482,141.899,136.321,136.217
703.8,104.115,71.354,136.598,102.086,75.703,135.447,141.899,136.321,136.182
703.9,104.115,71.268,136.598,102.086,75.621,135.517,141.899,136.286,136.182
704.0,104.115,71.354,136.598,102.086,75.703,135.447,141.931,136.321,136.182
704.1,104.058,71.354,136.633,102.086,75.703,135.482,141.899,136.286,136.147
704.2,104.172,71.439,136.564,102.086,75.703,135.482,141.899,136.286,136.147
704.3,104.115,71.354,136.598,102.086,75.703,135.482,141.931,136.321,136.112
704.4,104.172,71.439,136.667,102.086,75.784,135.447,141.994,136.286,136.147
704.5,104.115,71.439,136.564,102.086,75.621,135.447,141.931,136.252,136.182
704.6,104.229,71.439,136.564,102.145,75.703,135.482,141.868,136.252,136.147
704.7,104.172,71.354,136.633,102.086,75.703,135.447,141.899,136.286,136.147
704.8,104.172,71.354,136.633,102.086,75.784,135.482,141.931,136.321,136.182
704.9,104.172,71.439,136.598,102.145,75.703,135.447,141.899,136.321,136.217
705.0,104.172,71.439,136.598,102.145,75.866,135.447,141.962,136.286,136.147
705.1,104.115,71.439,136.633,102.086,75.784,135.482,141.931,136.356,136.182
705.2,104.286,71.525,136.598,102.145,75.784,135.341,141.931,136.286,136.182
705.3,104.115,71.525,136.598,102.145,75.703,135.482,141.899,136.321,136.112
705.4,104.229,71.439,136.598,102.086,75.621,135.482,141.899,136.321,136.182
705.5,104.229,71.439,136.667,102.145,75.784,135.447,141.931,136.321,136.217
705.6,104.172,71.439,136.633,102.086,75.784,135.517,141.931,136.286,136.147
705.7,104.172,71.525,136.46,102.086,75.866,135.482,141.899,136.356,136.217
705.8,104.172,71.439,136.598,102.145,75.784,135.482,141.962,136.321,136.112
705.9,104.172,71.525,136.598,102.145,75.784,135.447,141.899,136.321,136.182
706.0,104.229,71.525,136.598,102.145,75.784,135.482,141.931,136.321,136.147
706.1,104.229,71.61,136.598,102.145,75.784,135.482,141.962,136.356,136.112
706.2,104.229,71.525,136.598,102.321,75.784,135.482,141.931,136.356,136.252
706.3,104.115,71.525,136.633,102.145,75.784,135.517,141.931,136.321,136.182
706.4,104.229,71.525,136.564,102.145,75.784,135.482,141.931,136.321,136.182
706.5,104.172,71.439,136.598,102.145,75.784,135.447,141.899,136.321,136.112
706.6,104.286,71.525,136.564,102.145,75.784,135.447,141.931,136.356,136.182
706.7,104.286,71.525,136.598,102.145,75.784,135.447,141.868,136.321,136.217
706.8,104.229,71.61,136.598,102.204,75.784,135.482,141.868,136.321,136.147
706.9,104.229,71.439,136.667,102.086,75.784,135.447,141.899,136.321,136.182
707.0,104.229,71.61,136.564,102.145,75.784,135.447,141.899,136.321,136.182
707.1,104.229,71.525,136.598,102.086,75.784,135.482,141.994,136.321,136.182
707.2,104.172,71.61,136.598,102.145,75.866,135.482,141.899,136.356,136.147
707.3,104.343,71.525,136.564,102.145,75.866,135.482,141.868,136.321,136.147
707.4,104.229,71.525,136.633,102.145,75.866,135.517,141.931,136.39,136.217
707.5,104.229,71.61,136.598,102.145,75.784,135.517,141.868,136.321,136.182
707.6,104.172,71.61,136.598,102.204,75.866,135.482,141.931,136.286,136.147
707.7,104.343,71.61,136.598,102.145,75.866,135.447,141.931,136.286,136.217
707.8,104.229,71.61,136.633,102.204,75.947,135.482,141.899,136.321,136.217
707.9,104.229,71.525,136.633,102.086,75.784,135.482,141.899,136.321,136.147
708.0,104.343,71.61,136.633,102.145,75.784,135.482,141.868,136.286,136.182
708.1,104.286,71.61,136.598,102.145,75.784,135.447,141.899,136.321,136.182
708.2,104.286,71.61,136.598,102.204,75.947,135.482,141.931,136.321,136.147
708.3,104.229,71.61,136.598,102.145,75.866,135.447,141.931,136.286,136.147
708.4,104.286,71.696,136.633,102.204,75.866,135.482,141.962,136.252,136.182
708.5,104.229,71.525,136.598,102.204,75.784,135.482,141.899,136.321,136.182
708.6,104.286,71.61,136.598,102.204,75.866,135.482,141.899,136.321,136.217
708.7,104.286,71.525,136.598,102.204,75.866,135.447,141.962,136.356,136.217
708.8,104.229,71.61,136.667,102.145,75.866,135.482,141.899,136.321,136.252
708.9,104.229,71.61,136.564,102.204,75.866,135.482,141.962,136.286,136.182
709.0,104.286,71.61,136.564,102.262,75.947,135.482,141.931,136.321,136.182
709.1,104.286,71.61,136.564,102.204,75.703,135.447,141.931,136.321,136.182
709.2,104.229,71.525,136.598,102.204,75.866,135.482,141.899,136.356,136.182
709.3,104.229,71.525,136.529,102.262,75.866,135.482,141.899,136.356,136.217
709.4,104.229,71.696,136.598,102.204,75.866,135.482,141.899,136.321,136.217
709.5,104.286,71.61,136.633,102.204,75.947,135.411,141.931,136.321,136.286
709.6,104.343,71.696,136.633,102.262,75.947,135.376,141.931,136.321,136.147
709.7,104.343,71.354,136.598,102.204,75.866,135.552,141.962,136.321,136.217
709.8,104.286,71.696,136.598,102.204,75.947,135.447,141.931,136.356,136.217
709.9,104.229,71.696,136.564,102.204,75.866,135.482,141.899,136.321,136.182
710.0,104.286,71.696,136.564,102.204,75.947,135.447,141.899,136.356,136.217
710.1,104.229,71.61,136.529,102.204,75.947,135.517,141.899,136.321,136.182
710.2,104.343,71.696,136.598,102.321,75.866,135.447,141.899,136.321,136.217
710.3,104.286,71.696,136.633,102.204,75.947,135.447,141.931,136.321,136.217
710.4,104.229,71.61,136.667,102.262,75.947,135.447,141.899,136.356,136.217
710.5,104.571,71.696,136.598,102.204,75.866,135.447,141.899,136.39,136.217
710.6,104.343,71.696,136.736,102.262,75.947,135.447,141.868,136.356,136.182
710.7,104.343,71.696,136.598,102.204,75.947,135.447,141.931,136.39,136.252
710.8,104.343,71.696,136.598,102.262,76.029,135.482,141.962,136.356,136.147
710.9,104.343,71.696,136.598,102.145,75.866,135.482,141.899,136.321,136.147
711.0,104.4,71.696,136.564,102.262,76.029,135.482,141.994,136.39,136.182
711.1,104.343,71.61,136.633,102.262,76.029,135.482,141.868,136.356,136.217
711.2,104.343,71.696,136.598,102.204,75.947,135.482,141.931,136.356,136.217
711.3,104.286,71.696,136.633,102.262,75.947,135.447,141.899,136.356,136.182
711.4,104.229,71.696,136.633,102.204,75.866,135.482,141.899,136.321,136.217
711.5,104.343,71.696,136.564,102.204,76.029,135.447,141.899,136.321,136.217
711.6,104.286,71.61,136.598,102.321,76.029,135.447,141.962,136.39,136.252
711.7,104.343,71.781,136.598,102.262,76.029,135.411,141.931,136.39,136.252
711.8,104.4,71.696,136.598,102.262,75.947,135.447,141.899,136.39,136.252
711.9,104.343,71.781,136.598,102.204,76.029,135.482,141.899,136.356,136.147
712.0,104.343,71.781,136.598,102.321,76.029,135.447,141.899,136.356,136.252
712.1,104.343,71.781,136.564,102.262,75.947,135.447,141.899,136.321,136.217
712.2,104.4,71.781,136.633,102.262,76.029,135.482,141.899,136.39,136.182
712.3,104.4,71.781,136.633,102.204,75.947,135.482,141.962,136.425,136.252
712.4,104.457,71.867,136.633,102.204,76.029,135.447,141.931,136.356,136.252
712.5,104.343,71.781,136.598,102.262,76.029,135.447,141.931,136.356,136.217
712.6,104.4,71.781,136.667,102.321,75.947,135.517,141.899,136.321,136.217
712.7,104.4,71.781,136.598,102.38,75.947,135.517,141.899,136.39,136.286
712.8,104.4,71.781,136.598,102.262,76.029,135.482,141.962,136.39,136.217
712.9,104.4,71.867,136.667,102.38,76.029,135.482,141.931,136.356,136.321
713.0,104.4,71.781,136.564,102.262,76.029,135.447,141.931,136.321,136.217
713.1,104.4,71.781,136.598,102.321,76.029,135.482,141.962,136.39,136.217
713.2,104.4,71.781,136.633,102.321,76.029,135.482,141.899,136.356,136.217
713.3,104.514,71.781,136.598,102.262,76.029,135.517,141.899,136.39,136.217
713.4,104.4,71.696,136.598,102.321,76.11,135.482,141.931,136.356,136.217
713.5,104.571,71.781,136.598,102.321,76.11,135.482,141.931,136.321,136.217
713.6,104.457,71.781,136.633,102.38,76.029,135.517,141.931,136.39,136.356
713.7,104.457,71.696,136.598,102.321,76.029,135.517,141.962,136.356,136.252
713.8,104.457,71.781,136.598,102.321,75.947,135.482,141.931,136.39,136.217
713.9,104.571,72.122,136.702,102.38,76.11,135.482,141.962,136.39,136.286
714.0,104.571,71.781,136.598,102.321,75.947,135.482,141.931,136.425,136.217
714.1,104.514,71.696,136.598,102.321,76.029,135.482,141.899,136.39,136.217
714.2,104.514,71.696,136.667,102.438,76.11,135.447,141.868,136.39,136.252
714.3,104.628,71.696,136.633,102.321,76.029,135.482,141.931,136.39,136.286
714.4,104.628,71.61,136.598,102.38,76.029,135.517,141.931,136.39,136.286
714.5,104.684,71.61,136.598,102.38,76.029,135.482,141.931,136.39,136.252
714.6,104.684,71.61,136.736,102.38,76.029,135.482,141.899,136.356,136.217
714.7,104.741,71.61,136.633,102.438,76.272,135.552,141.899,136.356,136.286
714.8,104.684,71.525,136.771,102.438,76.029,135.517,141.962,136.39,136.252
714.9,104.798,71.61,136.667,102.321,76.11,135.482,141.868,136.529,136.286
715.0,104.911,71.525,136.598,102.497,75.947,135.552,141.931,136.39,136.217
715.1,104.684,71.439,136.633,102.497,76.029,135.482,141.962,136.39,136.321
715.2,104.911,71.439,136.633,102.555,76.029,135.482,141.931,136.425,136.286
715.3,104.854,71.439,136.667,102.555,75.947,135.482,141.899,136.39,136.286
715.4,104.911,71.354,136.633,102.438,75.947,135.482,141.931,136.425,136.356
715.5,104.798,71.354,136.667,102.555,76.029,135.482,141.899,136.356,136.39
715.6,104.967,71.354,136.633,102.613,75.866,135.517,141.931,136.39,136.321
715.7,105.024,71.268,136.736,102.73,75.947,135.623,141.899,136.39,136.286
715.8,105.024,71.182,136.702,102.613,75.866,135.517,141.868,136.425,136.286
715.9,105.08,71.182,136.702,102.672,75.703,135.552,141.931,136.356,136.286
716.0,105.137,71.182,136.667,102.672,75.784,135.552,141.931,136.39,136.286
716.1,105.137,71.01,136.702,102.672,75.784,135.552,141.899,136.39,136.286
716.2,105.193,71.096,136.702,102.73,75.621,135.482,141.962,136.46,136.252
716.3,105.249,70.924,136.702,102.73,75.621,135.517,141.931,136.425,136.39
716.4,105.249,70.838,136.702,102.788,75.539,135.517,141.899,136.46,136.286
716.5,105.306,71.01,136.771,102.73,75.621,135.552,141.899,136.46,136.286
716.6,105.249,70.838,136.702,102.846,75.621,135.552,141.994,136.494,136.252
716.7,105.362,70.752,136.667,102.846,75.703,135.517,142.025,136.39,136.356
716.8,105.249,70.665,136.702,103.079,75.458,135.517,141.962,136.39,136.286
716.9,105.474,70.579,136.702,102.963,75.458,135.552,141.962,136.46,136.252
717.0,105.53,70.406,136.771,103.079,75.376,135.552,141.962,136.39,136.286
717.1,105.53,70.319,136.736,103.021,75.294,135.552,141.931,136.494,136.286
717.2,105.53,70.406,136.771,103.195,75.212,135.552,141.931,136.46,136.252
717.3,105.586,70.319,136.702,103.079,75.294,135.587,141.962,136.39,136.252
717.4,105.642,70.319,136.805,103.195,75.294,135.587,141.962,136.39,136.217
717.5,105.698,70.145,136.771,103.195,75.212,135.552,141.994,136.39,136.252
717.6,105.698,69.971,136.771,103.252,75.047,135.623,141.994,136.46,136.252
717.7,105.754,69.884,136.771,103.368,74.965,135.587,141.994,136.425,136.217
717.8,105.81,69.797,136.771,103.31,74.965,135.552,141.962,136.39,136.217
717.9,105.81,69.797,136.805,103.368,74.965,135.587,141.962,136.356,136.286
718.0,105.81,69.36,136.736,103.368,74.965,135.623,142.025,136.356,136.182
718.1,105.866,69.623,136.771,103.368,74.883,135.587,142.056,136.39,136.217
718.2,105.866,69.623,136.736,103.426,74.883,135.623,141.962,136.39,136.252
718.3,105.922,69.535,136.771,103.426,74.718,135.623,141.931,136.356,136.217
718.4,105.922,69.623,136.805,103.541,74.8,135.623,141.994,136.39,136.252
718.5,106.033,69.448,136.805,103.483,74.718,135.587,141.994,136.321,136.217
718.6,105.922,69.448,136.771,103.483,74.8,135.623,141.994,136.356,136.217
718.7,105.977,69.448,136.839,103.541,74.635,135.623,141.994,136.356,136.182
718.8,106.089,69.272,136.805,103.599,74.635,135.587,141.931,136.356,136.217
718.9,106.144,69.097,136.874,103.656,74.387,135.587,142.056,136.286,136.182
719.0,106.089,69.185,136.805,103.656,74.387,135.623,142.025,136.321,136.182
719.1,106.089,69.097,136.805,103.771,74.47,135.623,141.931,136.356,136.147
719.2,106.144,69.009,136.805,103.714,74.304,135.623,141.994,136.286,136.147
719.3,106.2,68.921,136.771,103.771,74.221,135.623,141.962,136.321,136.112
719.4,106.311,68.744,136.839,103.714,74.138,135.658,141.962,136.286,136.182
719.5,106.255,68.744,136.839,103.771,74.138,135.552,141.962,136.286,136.147
719.6,106.255,68.656,136.839,103.771,74.138,135.658,142.025,136.286,136.147
719.7,106.422,68.391,136.874,104.0,73.806,135.623,141.994,136.252,136.112
719.8,106.477,68.391,136.908,103.943,73.889,135.658,141.994,136.252,136.112
719.9,106.366,68.302,136.839,103.943,73.806,135.658,141.994,136.286,136.078
720.0,106.366,68.391,136.874,103.943,73.806,135.693,142.025,136.252,136.043
720.1,106.477,68.213,136.839,104.0,73.722,135.658,141.994,136.286,136.112
720.2,106.532,68.125,136.943,104.0,73.304,135.658,141.931,136.252,136.078
720.3,106.422,68.213,136.874,104.0,73.639,135.658,141.994,136.217,136.078
720.4,106.532,68.125,136.839,103.943,73.22,135.693,141.994,136.252,136.078
720.5,106.532,68.036,136.874,104.058,73.136,135.658,142.025,136.217,136.043
720.6,106.532,68.125,136.874,104.058,73.22,135.623,141.994,136.182,136.043
720.7,106.532,67.947,136.908,104.115,73.052,135.623,141.994,136.217,136.043
720.8,106.588,67.768,136.908,104.115,73.136,135.658,141.994,136.182,136.008
720.9,106.532,67.768,136.874,104.115,72.883,135.658,142.025,136.182,136.008
721.0,106.532,67.768,136.874,104.286,73.052,135.658,142.087,136.147,136.008
721.1,106.588,67.679,136.874,104.172,72.968,135.658,141.994,136.147,135.903
721.2,106.532,67.59,136.908,104.229,72.799,135.693,142.025,136.112,135.973
721.3,106.698,67.321,136.977,104.286,72.715,135.658,141.994,136.112,135.903
721.4,106.698,67.411,136.874,104.286,72.715,135.658,142.056,136.112,135.938
721.5,106.698,67.232,136.943,104.286,72.63,135.693,141.962,136.078,135.938
721.6,106.753,67.232,136.943,104.286,72.546,135.693,142.056,136.112,135.833
721.7,106.698,67.232,136.943,104.286,72.461,135.658,142.025,136.078,135.903
721.8,106.698,67.142,136.874,104.343,72.461,135.693,142.025,136.078,135.903
721.9,106.698,67.052,136.908,104.343,72.546,135.728,142.025,136.147,135.903
722.0,106.753,67.052,136.908,104.4,72.376,135.658,141.994,136.078,135.868
722.1,106.753,67.052,136.943,104.4,72.376,135.623,142.025,136.112,135.833
722.2,106.753,66.872,136.874,104.4,72.292,135.728,141.994,136.043,135.868
722.3,106.753,66.872,136.943,104.4,72.292,135.693,141.994,136.043,135.868
722.4,106.808,66.872,136.977,104.4,72.292,135.728,141.994,136.008,135.868
722.5,106.808,66.872,136.908,104.457,72.207,135.658,142.056,136.043,135.833
722.6,106.863,66.692,137.011,104.4,72.122,135.693,142.056,136.008,135.798
722.7,106.863,66.692,136.943,104.457,72.122,135.693,142.025,136.008,135.798
722.8,106.863,66.601,136.908,104.4,71.952,135.658,141.994,136.008,135.833
722.9,106.863,66.421,136.943,104.457,71.867,135.693,142.025,136.008,135.833
723.0,106.863,66.421,136.943,104.571,71.952,135.658,142.087,135.973,135.833
723.1,106.863,66.239,136.977,104.514,71.952,135.658,141.962,135.903,135.798
723.2,106.698,66.33,136.908,104.457,71.781,135.658,142.025,135.973,135.798
723.3,106.918,66.239,136.839,104.457,71.781,135.623,141.994,135.973,135.763
723.4,106.863,66.239,136.977,104.457,71.781,135.658,142.025,135.903,135.763
723.5,106.918,66.149,136.977,104.628,71.696,135.693,142.025,135.903,135.763
723.6,106.973,66.149,136.977,104.457,71.61,135.658,142.025,135.868,135.728
723.7,106.918,66.058,136.943,104.514,71.61,135.693,141.962,135.903,135.763
723.8,106.918,66.058,136.977,104.571,71.61,135.693,142.025,135.938,135.728
723.9,106.863,65.967,136.977,104.514,71.525,135.658,142.025,135.903,135.763
724.0,106.918,65.876,136.943,104.514,71.525,135.728,142.025,135.868,135.693
724.1,106.918,65.785,136.977,104.628,71.354,135.693,141.994,135.868,135.658
724.2,106.918,65.694,136.943,104.571,71.354,135.728,142.056,135.868,135.658
724.3,106.973,66.511,137.011,104.514,71.354,135.658,142.025,135.903,135.658
724.4,106.973,65.694,137.08,104.571,71.268,135.693,142.025,135.833,135.658
724.5,106.918,65.602,136.977,104.514,71.182,135.693,142.025,135.868,135.623
724.6,106.973,65.511,137.045,104.571,71.268,135.693,142.056,135.833,135.623
724.7,106.973,65.419,136.977,104.628,70.838,135.693,142.056,135.833,135.623
724.8,106.918,65.419,137.011,104.684,71.096,135.693,142.025,135.833,135.587
724.9,106.918,65.419,136.977,104.628,71.096,135.693,142.056,135.763,135.587
725.0,107.028,65.328,137.011,104.628,71.096,135.658,142.025,135.798,135.587
725.1,106.973,65.236,137.011,104.684,71.01,135.728,142.056,135.763,135.552
725.2,106.973,65.144,136.977,104.628,70.924,135.693,141.994,135.763,135.587
725.3,106.973,65.144,137.045,104.628,70.924,135.728,142.025,135.763,135.552
725.4,106.973,65.144,136.977,104.684,70.924,135.693,141.962,135.728,135.552
725.5,107.028,64.961,137.011,104.628,70.752,135.693,142.025,135.693,135.411
725.6,106.973,64.961,137.045,104.684,70.752,135.693,142.056,135.658,135.587
725.7,106.973,64.961,137.045,104.628,70.752,135.693,142.056,135.763,135.517
725.8,107.028,64.961,137.011,104.571,70.665,135.693,142.056,135.693,135.517
725.9,106.973,64.777,137.045,104.628,70.665,135.658,142.056,135.693,135.517
726.0,106.973,64.869,137.045,104.684,70.579,135.658,142.056,135.728,135.517
726.1,106.973,64.777,137.011,104.628,70.838,135.658,142.025,135.693,135.447
726.2,106.973,64.777,137.045,104.628,70.579,135.693,142.025,135.693,135.341
726.3,106.973,64.777,137.011,104.628,70.492,135.728,142.056,135.658,135.482
726.4,106.973,64.684,137.045,104.684,70.406,135.658,142.119,135.658,135.447
726.5,106.973,64.684,137.045,104.684,70.406,135.658,142.025,135.623,135.447
726.6,106.973,64.684,136.977,104.684,70.406,135.693,141.994,135.587,135.447
726.7,106.918,64.5,137.08,104.684,70.319,135.658,142.056,135.587,135.376
726.8,107.083,64.407,137.08,104.684,70.232,135.658,142.056,135.587,135.411
726.9,106.973,64.315,137.045,104.628,70.319,135.693,142.025,135.587,135.411
727.0,107.028,64.407,137.011,104.628,70.232,135.693,142.025,135.552,135.27
727.1,106.918,64.129,137.011,104.628,70.232,135.658,142.087,135.552,135.376
727.2,106.973,64.222,137.08,104.684,70.232,135.658,142.056,135.587,135.376
727.3,106.918,64.222,137.045,104.741,70.058,135.693,142.025,135.552,135.341
727.4,106.973,64.129,137.045,104.628,70.145,135.658,141.994,135.587,135.341
727.5,106.973,64.222,137.114,104.628,70.058,135.693,142.025,135.517,135.376
727.6,106.973,64.036,137.08,104.628,69.971,135.693,141.994,135.482,135.305
727.7,107.083,64.036,137.045,104.684,70.058,135.658,142.025,135.517,135.341
727.8,106.918,64.777,137.08,104.628,69.884,135.658,142.025,135.552,135.305
727.9,106.918,64.036,137.08,104.571,69.971,135.623,141.994,135.517,135.305
728.0,106.863,63.85,137.08,104.628,69.884,135.658,142.025,135.517,135.235
728.1,106.918,63.85,137.08,104.628,69.71,135.623,142.056,135.482,135.27
728.2,107.028,63.85,137.045,104.628,69.797,135.658,142.056,135.447,135.305
728.3,106.918,63.757,137.08,104.628,69.797,135.693,142.025,135.447,135.305
728.4,106.918,63.757,137.08,104.571,69.71,135.623,142.025,135.447,135.235
728.5,106.918,63.664,137.045,104.628,69.71,135.658,142.087,135.447,135.164
728.6,106.918,63.664,137.08,104.571,69.623,135.658,142.025,135.411,135.27
728.7,106.863,63.664,137.011,104.628,69.623,135.693,141.962,135.411,135.129
728.8,106.863,63.477,137.08,104.628,69.623,135.623,141.994,135.411,135.27
728.9,106.808,63.571,137.08,104.628,69.535,135.658,142.025,135.411,135.305
729.0,106.863,63.384,137.114,104.628,69.535,135.623,142.056,135.341,135.235
729.1,106.863,63.477,137.114,104.684,69.535,135.623,141.994,135.376,135.235
729.2,106.863,63.384,137.08,104.628,69.448,135.623,141.994,135.411,135.27
729.3,106.863,63.384,137.08,104.571,69.448,135.658,142.056,135.411,135.129
729.4,106.863,63.384,137.08,104.571,69.36,135.623,142.087,135.341,135.199
729.5,107.466,63.384,137.08,104.628,69.448,135.658,142.025,135.376,135.199
729.6,106.808,63.384,137.08,104.571,69.36,135.623,142.025,135.341,135.164
729.7,106.863,63.384,137.08,104.571,69.36,135.658,142.056,135.341,135.164
729.8,106.808,63.29,137.148,104.628,69.535,135.728,142.025,135.305,135.164
729.9,106.808,63.29,137.08,104.457,69.36,135.623,142.056,135.341,135.129
730.0,106.808,63.29,137.045,104.628,69.36,135.658,142.056,135.305,135.164
730.1,106.477,63.197,137.045,104.571,69.272,135.623,142.056,135.27,135.129
730.2,106.753,63.103,137.08,104.514,69.272,135.658,142.056,135.305,135.129
730.3,106.863,63.103,136.874,104.457,69.185,135.623,142.025,135.305,135.058
730.4,106.753,63.009,137.114,104.343,69.097,135.587,142.056,135.305,135.058
730.5,106.753,62.915,137.08,104.514,69.185,135.623,141.994,135.27,135.093
730.6,106.808,62.915,137.182,104.457,69.097,135.623,142.025,135.235,135.058
730.7,106.698,62.915,137.114,104.457,69.009,135.623,142.025,135.235,135.058
730.8,106.753,62.915,136.977,104.514,69.009,135.623,142.056,135.199,135.058
730.9,106.588,62.821,137.114,104.4,69.009,135.623,142.056,135.27,135.058
731.0,106.698,62.821,137.148,104.457,69.009,135.552,142.056,135.235,135.058
731.1,106.698,62.727,137.148,104.4,69.009,135.587,142.056,135.199,135.022
731.2,106.698,62.821,137.114,104.571,69.009,135.623,142.056,135.199,134.987
731.3,106.698,62.821,137.387,104.457,68.833,135.587,142.056,135.199,135.058
731.4,106.643,62.727,137.114,104.457,69.009,135.587,142.056,135.199,135.022
731.5,106.643,62.727,137.114,104.457,68.921,135.623,142.025,135.235,135.022
731.6,106.588,62.633,137.114,104.457,68.921,135.623,141.962,135.164,134.987
731.7,106.588,62.633,137.148,104.4,68.744,135.658,142.025,135.164,134.987
731.8,106.588,62.538,137.148,104.4,68.744,135.623,142.087,135.199,134.987
731.9,106.588,62.444,137.114,104.286,68.744,135.587,142.119,135.129,134.987
732.0,106.532,62.444,137.148,104.4,68.744,135.587,142.056,135.129,134.951
732.1,106.588,62.538,137.148,104.4,68.656,135.623,142.056,135.093,134.951
732.2,106.532,62.538,137.148,104.4,68.656,135.623,142.025,135.093,134.951
732.3,106.532,62.444,137.148,104.343,68.656,135.623,142.056,135.129,134.915
732.4,106.532,62.349,137.148,104.343,68.568,135.658,142.025,135.093,134.951
732.5,106.477,62.444,137.114,104.343,68.656,135.552,142.056,135.093,134.951
732.6,106.532,62.349,137.148,104.343,68.568,135.623,141.994,135.129,134.88
732.7,106.532,62.444,137.182,104.343,68.744,135.552,142.025,135.093,134.915
732.8,106.532,62.349,137.148,104.343,68.568,135.587,142.056,135.058,134.88
732.9,106.588,62.255,137.148,104.286,68.479,135.623,142.025,135.058,134.915
733.0,106.477,62.255,137.114,104.343,68.568,135.587,142.025,135.129,134.88
733.1,106.532,62.255,137.114,104.343,68.391,135.587,142.056,135.058,134.951
733.2,106.477,62.255,137.148,104.286,68.479,135.623,142.025,135.058,134.844
733.3,106.477,62.255,137.182,104.286,68.391,135.623,142.025,135.058,134.987
733.4,106.422,62.255,137.148,104.286,68.479,135.623,142.025,134.987,134.844
733.5,106.366,62.16,137.148,104.229,68.391,135.587,142.087,135.058,134.844
733.6,106.422,62.349,137.216,104.229,68.302,135.623,142.056,135.022,134.844
733.7,106.422,62.065,137.148,104.286,68.479,135.552,142.056,135.058,134.844
733.8,106.366,61.97,137.148,104.229,68.213,135.552,142.056,134.987,134.809
733.9,106.311,61.875,137.114,104.286,68.125,135.552,142.056,134.88,134.844
734.0,106.311,61.875,137.114,104.286,68.125,135.552,142.056,134.844,134.844
734.1,106.366,61.875,137.148,104.172,68.125,135.552,142.087,134.951,134.844
734.2,106.255,61.78,137.114,104.172,68.391,135.552,142.056,134.951,134.809
734.3,106.422,61.875,137.114,104.172,68.125,135.693,142.056,134.844,134.773
734.4,106.311,61.78,137.182,104.229,68.213,135.552,142.119,134.951,134.844
734.5,106.311,61.78,137.148,104.058,68.036,135.587,142.056,134.951,134.737
734.6,106.366,61.78,137.182,104.172,68.036,135.552,142.056,134.844,134.737
734.7,106.255,61.78,137.182,104.229,68.125,135.552,142.119,134.844,134.737
734.8,106.255,61.685,137.148,104.172,68.125,135.552,142.025,134.773,134.737
734.9,106.255,61.685,137.182,104.172,68.036,135.552,142.025,134.809,134.737
735.0,106.311,61.685,137.148,104.229,67.947,135.552,142.025,134.666,134.737
735.1,106.2,61.59,137.182,104.115,67.947,135.623,142.025,134.773,134.737
735.2,106.2,61.685,137.114,104.115,67.947,135.552,142.056,134.773,134.702
735.3,106.255,61.494,137.216,104.172,67.947,135.623,142.025,134.773,134.737
735.4,106.255,61.59,137.182,104.058,67.947,135.517,142.056,134.809,134.702
735.5,106.144,61.59,137.182,104.058,67.947,135.587,142.025,134.737,134.737
735.6,106.144,61.59,137.148,104.058,67.858,135.517,142.056,134.702,134.702
735.7,106.2,61.494,137.216,103.886,67.858,135.587,142.056,134.702,134.773
735.8,106.089,61.59,137.148,104.058,67.858,135.517,142.056,134.737,134.737
735.9,106.089,61.494,137.251,104.058,67.858,135.552,142.056,134.702,134.702
736.0,106.144,61.494,137.182,104.0,67.858,135.517,142.025,134.702,134.773
736.1,106.089,61.399,137.182,104.0,67.768,135.552,142.056,134.702,134.666
736.2,106.2,61.494,137.182,104.0,67.679,135.552,141.994,134.666,134.594
736.3,106.033,61.303,137.251,104.0,67.768,135.552,142.025,134.702,134.666
736.4,106.033,61.399,137.216,104.0,67.679,135.482,142.056,134.702,134.594
736.5,106.033,61.303,137.182,104.0,67.768,135.517,141.994,134.63,134.63
736.6,106.033,61.399,137.182,103.886,67.768,135.517,142.087,134.702,134.594
736.7,106.033,61.399,137.148,104.058,67.679,135.482,142.056,134.702,134.63
736.8,105.977,61.303,137.148,103.943,67.679,135.517,142.025,134.63,134.63
736.9,105.977,61.303,137.216,103.943,67.768,135.482,142.025,134.63,134.559
737.0,105.922,61.112,137.182,103.943,67.59,135.482,142.025,134.594,134.559
737.1,105.922,61.112,137.216,103.886,67.5,135.517,142.056,134.63,134.559
737.2,105.866,61.207,137.182,103.886,67.5,135.552,142.025,134.594,134.666
737.3,105.81,61.207,137.251,103.943,67.59,135.482,142.025,134.594,134.559
737.4,105.922,61.016,137.182,103.829,67.411,135.517,142.087,134.63,134.523
737.5,105.866,61.207,137.182,103.829,67.411,135.447,141.994,134.594,134.559
737.6,105.922,61.112,137.251,103.829,67.411,135.552,142.056,134.63,134.63
737.7,105.866,61.016,137.182,103.829,67.411,135.517,142.056,134.559,134.559
737.8,105.866,61.112,137.182,103.829,67.411,135.623,142.025,134.594,134.523
737.9,105.866,61.112,137.182,103.829,67.411,135.447,142.056,134.594,134.523
738.0,105.866,61.016,137.182,103.886,67.411,135.482,142.025,134.559,134.559
738.1,105.866,61.016,137.216,103.829,67.411,135.482,142.056,134.594,134.523
738.2,105.81,61.016,137.285,103.771,67.321,135.587,142.056,134.559,134.523
738.3,105.81,60.92,137.216,103.829,67.411,135.482,142.056,134.523,134.487
738.4,105.698,61.016,137.182,103.771,67.321,135.482,142.056,134.559,134.487
738.5,105.754,60.92,137.216,103.771,67.321,135.482,142.119,134.559,134.487
738.6,105.698,60.92,137.148,103.714,67.232,135.447,142.025,134.487,134.487
738.7,105.698,60.727,137.216,103.656,67.321,135.482,142.119,134.523,134.487
738.8,105.81,60.824,137.216,103.829,67.232,135.517,142.025,134.487,134.451
738.9,105.642,60.824,137.182,103.771,67.232,135.482,142.025,134.523,134.487
739.0,105.642,60.824,137.216,103.656,67.232,135.447,142.056,134.487,134.523
739.1,105.642,60.727,137.216,103.656,67.232,135.517,142.025,134.451,134.559
739.2,105.586,60.727,137.216,103.599,67.142,135.447,141.994,134.451,134.415
739.3,105.642,60.824,137.182,103.599,67.232,135.411,141.994,134.415,134.415
739.4,105.698,60.727,137.182,103.599,67.232,135.447,142.025,134.415,134.415
739.5,105.53,60.631,137.216,103.771,67.142,135.482,142.025,134.451,134.415
739.6,105.642,60.92,137.216,103.599,67.142,135.482,142.025,134.451,134.451
739.7,105.642,60.631,137.251,103.599,67.142,135.447,142.025,134.451,134.379
739.8,105.642,60.631,137.216,103.541,67.052,135.411,142.025,134.415,134.379
739.9,105.474,60.727,137.251,103.541,67.052,135.447,142.025,134.379,134.415
740.0,105.474,60.631,137.216,103.599,67.142,135.447,142.056,134.415,134.379
740.1,105.53,60.727,137.216,103.541,66.962,135.447,142.15,134.379,134.379
740.2,105.474,60.631,137.251,103.541,66.962,135.482,142.025,134.415,134.415
740.3,105.418,60.535,137.148,103.483,66.962,135.411,142.025,134.415,134.379
740.4,105.418,60.631,137.216,103.483,66.962,135.376,142.025,134.343,134.343
740.5,105.474,60.438,137.251,103.483,66.962,135.447,142.025,134.379,134.343
740.6,105.418,60.535,137.251,103.541,66.872,135.482,142.025,134.343,134.379
740.7,105.418,60.535,137.319,103.426,66.872,135.447,142.025,134.343,134.343
740.8,105.306,60.342,137.216,103.368,66.782,135.411,142.025,134.308,134.343
740.9,105.306,60.438,137.216,103.368,66.872,135.411,142.025,134.343,134.308
741.0,105.362,60.342,137.319,103.426,66.962,135.411,142.025,134.343,134.343
741.1,105.362,60.342,137.216,103.426,66.782,135.411,142.056,134.343,134.343
741.2,105.362,60.438,137.251,103.368,66.872,135.411,142.025,134.343,134.308
741.3,105.306,60.438,137.251,103.368,66.782,135.411,142.025,134.343,134.343
741.4,105.249,60.342,137.216,103.426,66.782,135.411,142.025,134.343,134.308
741.5,105.306,60.342,137.251,103.368,66.692,135.411,142.025,134.343,134.343
741.6,105.249,60.438,137.216,103.31,66.692,135.376,142.056,134.308,134.272
741.7,105.249,60.245,137.251,103.31,66.872,135.411,142.056,134.308,134.308
741.8,105.249,60.342,137.182,103.31,66.782,135.164,142.025,134.343,134.272
741.9,105.193,60.245,137.251,103.368,66.692,135.376,142.025,134.308,134.2
742.0,105.193,60.245,137.319,103.31,66.692,135.411,142.056,134.272,134.272
742.1,105.193,60.245,137.251,103.252,66.692,135.411,142.087,134.272,134.272
742.2,105.306,60.245,137.251,103.31,66.692,135.447,142.025,134.308,134.236
742.3,105.193,60.245,137.251,103.252,66.692,135.376,142.056,134.308,134.308
742.4,105.193,60.342,137.148,103.31,66.692,135.411,142.025,134.308,134.272
742.5,105.137,60.245,137.216,103.252,66.692,135.341,142.056,134.236,134.236
742.6,105.08,60.245,137.319,103.252,66.601,135.411,142.056,134.272,134.236
742.7,105.137,60.245,137.251,103.368,66.601,135.447,142.025,134.236,134.236
742.8,105.137,60.245,137.216,103.252,66.601,135.411,142.056,134.272,134.2
742.9,105.137,60.245,137.251,103.252,66.692,135.376,142.025,134.272,134.272
743.0,105.137,60.245,137.285,103.195,66.601,135.376,142.025,134.236,134.272
743.1,105.08,60.148,137.216,103.31,66.511,135.411,142.025,134.236,134.236
743.2,105.08,60.245,137.251,103.252,66.601,135.411,142.025,134.272,134.236
743.3,105.08,60.148,137.216,103.195,66.511,135.376,142.025,134.236,134.2
743.4,104.967,60.245,137.182,103.195,66.601,135.411,141.994,134.164,134.236
743.5,104.967,60.148,137.285,103.137,66.511,135.376,141.994,134.164,134.2
743.6,104.911,60.148,137.285,103.31,66.601,135.376,142.025,134.2,134.2
743.7,105.024,60.148,137.251,103.195,66.511,135.411,142.056,134.164,134.236
743.8,104.911,60.148,137.216,103.137,66.421,135.376,142.056,134.2,134.164
743.9,104.967,60.148,137.285,103.137,66.421,135.341,142.025,134.164,134.2
744.0,104.911,60.052,137.353,103.021,66.511,135.376,142.025,134.127,134.164
744.1,104.854,60.052,137.251,103.079,66.511,135.411,142.025,134.164,134.164
744.2,104.911,60.052,137.285,103.079,66.421,135.376,142.025,134.127,134.127
744.3,104.911,59.955,137.285,103.021,66.511,135.341,142.056,134.164,134.127
744.4,104.854,60.052,137.285,103.079,66.421,135.341,142.056,134.164,134.164
744.5,104.911,59.955,137.285,103.079,66.421,135.341,142.025,134.164,134.164
744.6,104.798,59.955,137.251,103.021,66.421,135.341,142.025,134.055,134.2
744.7,104.854,59.955,137.285,103.021,66.421,135.341,141.994,134.2,134.164
744.8,104.911,60.052,137.251,103.021,66.421,135.341,142.025,134.091,134.164
744.9,104.798,59.955,137.251,103.021,66.33,135.341,142.087,134.127,134.127
745.0,104.798,59.955,137.353,103.021,66.33,135.341,142.056,134.127,134.127
745.1,104.854,59.857,137.285,102.904,66.058,135.341,142.025,134.091,134.127
745.2,104.798,59.955,137.285,102.963,66.149,135.341,142.056,134.127,134.127
745.3,104.741,59.955,137.216,102.963,66.239,135.411,142.087,134.164,134.127
745.4,104.741,59.857,137.251,102.846,66.149,135.341,142.056,134.127,134.091
745.5,104.684,59.857,137.285,102.904,66.239,135.341,142.056,134.091,134.164
745.6,104.684,59.857,137.285,102.904,66.239,135.305,141.994,134.091,134.091
745.7,104.684,59.76,137.251,102.904,66.239,135.341,142.056,134.127,134.091
745.8,104.684,59.955,137.285,102.846,66.239,135.305,142.056,134.091,134.091
745.9,104.741,59.76,137.285,102.846,66.33,135.341,142.056,134.055,134.091
746.0,104.628,59.857,137.285,102.846,66.239,135.341,142.025,134.091,134.055
746.1,104.684,59.663,137.251,102.846,66.239,135.341,142.025,134.055,134.127
746.2,104.684,59.76,137.251,102.846,66.239,135.305,142.025,134.055,134.019
746.3,104.628,59.76,137.285,102.788,66.149,135.305,141.962,134.055,134.019
746.4,104.628,59.76,137.285,102.846,66.149,135.305,142.056,134.091,134.055
746.5,104.628,59.76,137.353,102.788,66.149,135.305,141.994,134.019,134.055
746.6,104.628,59.663,137.251,102.788,66.149,135.305,142.025,133.983,134.055
746.7,104.571,59.76,137.319,102.788,66.149,135.27,142.025,134.091,134.091
746.8,104.684,59.663,137.285,102.788,66.058,135.305,142.025,134.055,134.091
746.9,104.514,59.663,137.285,102.904,66.058,135.305,142.025,134.091,134.091
747.0,104.684,59.663,137.319,102.788,66.058,135.305,142.056,134.055,134.091
747.1,104.571,58.783,137.285,102.672,66.149,135.305,142.025,134.055,134.055
747.2,104.571,59.663,137.353,102.73,66.058,135.341,142.056,134.019,134.055
747.3,104.514,59.663,137.216,102.73,66.058,135.341,142.025,134.019,134.127
747.4,104.514,59.566,137.251,102.73,66.149,135.27,142.056,134.055,134.019
747.5,104.571,59.76,137.319,102.73,66.058,135.305,142.025,134.091,134.019
747.6,104.514,59.566,137.285,102.613,65.967,135.341,142.025,134.055,134.019
747.7,104.457,59.566,137.285,102.672,65.967,135.341,141.994,133.983,134.019
747.8,104.457,59.468,137.285,102.613,65.967,135.341,142.056,133.983,133.983
747.9,104.457,59.566,137.285,102.672,65.967,135.27,142.025,133.983,134.091
748.0,104.343,59.566,137.285,102.555,65.967,135.305,141.994,134.019,133.983
748.1,104.343,59.566,137.251,102.672,65.876,135.305,141.994,134.019,134.019
748.2,104.286,59.566,137.285,102.672,65.876,135.27,142.025,133.983,133.983
748.3,104.4,59.468,137.251,102.613,65.967,135.27,141.994,133.983,134.091
748.4,104.286,59.468,137.285,102.613,65.967,135.27,142.087,133.947,133.983
748.5,104.286,59.468,137.285,102.613,65.967,135.27,141.899,134.019,133.983
748.6,104.343,59.468,137.251,102.555,65.876,135.27,142.025,133.947,134.019
748.7,104.343,59.371,137.251,102.613,65.967,135.305,142.056,133.983,133.983
748.8,104.343,59.468,137.285,102.555,65.876,135.305,142.025,134.019,133.911
748.9,104.286,59.468,137.285,102.555,65.967,135.093,142.025,133.947,134.019
749.0,104.286,59.468,137.251,102.613,65.876,135.27,142.025,133.947,133.947
749.1,104.286,59.468,137.251,102.555,65.876,135.27,142.056,133.983,133.983
749.2,104.229,59.468,137.285,102.555,65.785,135.27,142.025,133.947,134.019
749.3,104.229,59.468,137.319,102.555,65.785,135.27,142.056,133.947,133.983
749.4,104.229,59.468,137.285,102.613,65.876,135.27,142.056,134.019,133.983
749.5,104.229,59.468,136.356,102.497,65.876,135.27,142.025,133.983,133.947
749.6,104.286,59.371,137.285,102.438,65.876,135.27,142.087,133.947,134.019
749.7,104.172,59.371,137.285,102.497,65.785,135.305,142.025,133.947,133.947
749.8,104.229,59.371,137.285,102.497,65.876,135.27,142.056,133.947,133.947
749.9,104.229,59.468,137.285,102.555,65.876,135.305,141.994,133.947,133.947
750.0,104.172,59.371,137.285,102.438,65.785,135.27,142.087,133.911,133.911
750.1,104.172,59.273,137.251,102.555,65.785,135.27,142.056,133.911,133.947
750.2,104.115,59.371,137.285,102.438,65.694,135.235,142.025,133.947,133.983
750.3,104.115,59.371,137.251,102.555,65.785,135.235,142.025,133.911,133.947
750.4,104.115,59.273,137.353,102.497,65.785,135.27,142.025,133.911,133.874
750.5,104.115,59.273,137.285,102.438,65.785,135.235,142.025,133.838,133.947
750.6,104.172,59.371,137.285,102.438,65.785,135.235,142.025,133.874,133.911
750.7,104.172,59.273,137.387,102.38,65.785,135.27,142.025,133.947,133.911
750.8,104.115,59.273,137.285,102.38,65.694,135.235,142.025,133.874,133.983
750.9,104.229,59.273,137.319,102.38,65.785,135.235,142.056,133.874,133.874
751.0,104.058,59.273,137.285,102.38,65.694,135.235,142.025,133.911,133.911
751.1,104.115,59.273,137.285,102.438,65.694,135.27,142.087,133.874,133.911
751.2,104.058,59.273,137.285,102.38,65.602,135.235,142.025,133.874,133.838
751.3,104.058,59.371,137.387,102.38,65.694,135.235,142.025,133.838,133.874
751.4,103.943,59.273,137.285,102.321,65.511,135.235,142.119,133.947,133.911
751.5,104.058,59.175,137.285,102.321,65.602,135.199,142.056,133.802,133.874
751.6,103.943,59.175,137.285,102.38,65.694,135.093,142.025,133.874,133.874
751.7,103.943,59.077,137.319,102.321,65.694,135.164,142.025,133.947,133.911
751.8,103.943,59.175,137.319,102.262,65.602,135.27,141.994,133.874,133.874
751.9,103.943,59.175,137.319,102.321,65.511,135.199,142.025,133.802,133.911
752.0,103.943,59.175,137.319,102.262,65.602,135.199,142.056,133.802,133.874
752.1,103.886,57.597,137.387,102.262,65.694,135.27,141.994,133.911,133.838
752.2,103.829,59.175,137.319,102.262,65.602,135.199,142.025,133.802,133.874
752.3,103.829,59.175,137.251,102.204,65.511,135.199,142.025,133.911,133.874
752.4,103.829,59.077,137.285,102.145,65.602,135.27,142.025,133.838,134.091
752.5,103.829,59.077,137.421,102.145,65.511,135.199,141.994,133.693,133.947
752.6,103.829,58.979,137.285,102.145,65.602,135.199,142.025,133.802,133.838
752.7,103.829,59.175,137.319,102.145,65.511,135.235,141.994,133.838,133.838
752.8,103.829,59.175,137.319,102.145,65.419,135.199,142.025,133.802,133.911
752.9,103.829,59.077,137.319,102.145,65.602,135.235,142.025,133.802,133.838
753.0,103.771,59.077,137.319,102.086,65.511,135.199,141.994,133.766,133.838
753.1,103.771,59.077,137.285,102.204,65.419,135.199,142.025,133.802,133.838
753.2,103.771,59.077,137.285,102.086,65.419,135.199,141.994,133.802,133.802
753.3,103.829,58.979,137.285,102.145,65.419,135.164,142.025,133.766,133.838
753.4,103.771,59.175,137.353,102.145,65.419,135.164,142.025,133.874,133.838
753.5,103.714,59.077,137.319,102.086,65.419,135.235,142.025,133.802,133.911
753.6,103.714,59.077,137.319,102.086,65.328,135.27,142.056,133.766,133.802
753.7,103.714,59.077,137.353,102.086,65.328,135.199,142.056,133.766,133.802
753.8,103.714,58.979,137.319,102.086,65.328,135.164,142.025,133.802,133.766
753.9,103.656,58.979,137.319,102.086,65.236,135.199,142.025,133.766,133.766
754.0,103.599,58.488,137.285,102.086,65.328,135.164,142.087,133.766,133.766
754.1,103.599,58.881,137.319,101.969,65.236,135.164,141.962,133.766,133.802
754.2,103.599,58.881,137.421,101.969,65.328,135.199,142.056,133.766,133.802
754.3,103.599,58.979,137.319,102.028,65.328,135.199,142.056,133.729,133.802
754.4,103.656,58.881,137.285,102.028,65.236,135.164,142.056,133.766,133.802
754.5,103.599,58.979,137.285,101.969,65.328,135.164,142.025,133.729,133.802
754.6,103.541,58.881,137.353,101.969,65.328,135.199,142.056,133.693,133.766
754.7,103.541,58.881,137.319,101.969,65.236,135.164,141.994,133.729,133.766
754.8,103.483,58.979,137.353,102.028,65.236,135.199,142.056,133.729,133.766
754.9,103.541,58.881,137.319,101.91,65.236,135.199,142.056,133.766,133.766
755.0,103.483,58.881,137.421,101.91,65.236,135.199,142.025,133.693,133.766
755.1,103.541,58.881,137.353,101.969,65.236,135.164,141.994,133.729,133.766
755.2,103.483,58.881,137.387,101.91,65.236,135.164,142.025,133.766,133.766
755.3,103.426,58.881,137.319,101.91,65.236,135.164,142.087,133.729,133.802
755.4,103.426,58.979,137.387,101.969,65.144,135.199,142.056,133.693,133.729
755.5,103.483,58.881,137.319,101.969,65.236,135.199,141.994,133.657,133.729
755.6,103.483,58.783,137.353,101.91,65.236,135.199,142.025,133.693,133.766
755.7,103.426,58.881,137.387,101.733,65.328,135.164,142.025,133.693,133.729
755.8,103.368,58.881,137.353,101.851,65.236,135.164,142.025,133.693,133.766
755.9,103.368,58.783,137.251,101.792,65.144,135.164,142.025,133.729,133.693
756.0,103.426,58.783,137.319,101.792,65.144,135.199,142.025,133.693,133.729
756.1,103.368,58.783,137.353,101.792,65.144,135.129,142.025,133.729,133.766
756.2,103.426,58.783,137.319,101.792,65.144,135.164,141.994,133.729,133.729
756.3,103.368,58.783,137.319,101.851,65.053,135.164,141.994,133.657,133.693
756.4,103.31,58.685,137.353,101.792,65.236,135.093,142.025,133.657,133.729
756.5,103.31,58.783,137.421,101.792,65.053,135.164,142.025,133.657,133.729
756.6,103.31,58.685,137.319,101.792,65.236,135.164,142.025,133.657,133.693
756.7,103.426,58.783,137.353,101.792,65.144,135.129,142.025,133.657,133.729
756.8,103.426,58.783,137.353,101.792,65.053,135.129,141.994,133.729,133.729
756.9,103.31,58.783,137.353,101.792,65.053,135.129,142.025,133.657,133.693
757.0,103.252,58.783,137.319,101.733,65.053,135.129,141.994,133.693,133.693
757.1,103.252,58.783,137.285,101.733,65.053,135.129,142.056,133.693,133.693
757.2,103.252,58.685,137.319,101.733,65.053,135.129,141.962,133.693,133.693
757.3,103.195,58.685,137.353,101.733,64.961,135.093,142.025,133.657,133.729
757.4,103.195,58.587,137.319,101.733,65.053,135.129,142.025,133.62,133.62
757.5,103.252,58.685,137.353,101.674,64.961,135.093,142.025,133.584,133.693
757.6,103.195,58.685,137.353,101.674,65.053,135.129,142.087,133.62,133.62
757.7,103.195,58.587,137.285,101.615,64.961,135.129,142.025,133.584,133.657
757.8,103.195,58.685,137.353,101.615,64.961,135.129,142.025,133.548,133.657
757.9,103.137,58.685,137.353,101.615,64.869,135.129,142.087,133.62,133.62
758.0,103.137,58.587,137.353,101.615,64.869,135.129,142.056,133.62,133.657
758.1,102.963,58.685,137.319,101.615,64.869,135.199,141.994,133.62,133.657
758.2,103.079,58.587,137.353,101.674,64.869,135.129,141.994,133.657,133.657
758.3,103.137,58.685,137.285,101.615,64.777,135.093,142.025,133.62,133.584
758.4,103.079,58.685,137.251,101.556,64.961,135.129,142.087,133.62,133.693
758.5,103.137,58.685,137.387,101.556,64.961,135.164,142.056,133.584,133.693
758.6,103.079,58.488,137.319,101.674,64.961,135.093,142.025,133.584,133.657
758.7,103.137,58.587,137.353,101.556,64.961,135.093,141.994,133.584,133.657
758.8,103.079,58.685,137.319,101.556,64.869,135.093,142.025,133.584,133.693
758.9,103.079,58.587,137.353,101.556,64.961,135.129,141.994,133.62,133.62
759.0,103.079,58.587,137.353,101.496,64.869,135.129,142.025,133.584,133.62
759.1,103.137,58.587,137.319,101.496,64.869,135.058,142.025,133.62,133.62
759.2,103.021,58.587,137.319,101.496,64.777,135.093,141.994,133.584,133.62
759.3,103.021,58.488,137.353,101.496,64.777,135.199,141.994,133.584,133.511
759.4,103.021,58.488,137.353,101.496,64.869,135.093,141.994,133.511,133.62
759.5,102.963,58.587,137.285,101.496,64.777,135.058,142.025,133.584,133.62
759.6,102.963,58.488,137.387,101.496,64.869,135.129,141.994,133.584,133.62
759.7,102.963,58.488,137.353,101.437,64.777,135.093,141.994,133.548,133.584
759.8,102.963,58.587,137.319,101.437,64.684,135.093,142.056,133.548,133.548
759.9,102.846,58.39,137.353,101.437,64.777,135.058,142.025,133.548,133.548
760.0,102.904,58.488,137.319,101.378,64.684,135.058,141.931,133.511,133.62
760.1,102.846,58.587,137.353,101.437,64.777,135.129,142.056,133.511,133.657
760.2,102.846,58.39,137.387,101.378,64.684,135.093,142.056,133.475,133.548
760.3,102.846,58.39,137.353,101.378,64.869,135.164,142.056,133.584,133.548
760.4,102.963,58.39,137.353,101.318,64.684,135.058,141.994,133.548,133.584
760.5,102.846,58.39,137.353,101.318,64.684,135.093,141.994,133.548,133.548
760.6,102.846,58.39,137.353,101.437,64.777,135.058,141.994,133.475,133.548
760.7,102.846,58.39,137.319,101.318,64.684,135.058,142.056,133.511,133.548
760.8,102.788,58.291,137.387,101.318,64.684,135.058,142.025,133.548,133.584
760.9,102.788,58.291,137.353,101.437,64.592,135.093,142.025,133.511,133.548
761.0,102.788,58.39,137.285,101.318,64.684,135.022,141.994,133.475,133.548
761.1,102.73,58.39,137.353,101.259,64.592,135.058,142.025,133.511,133.511
761.2,102.788,58.291,137.387,101.2,64.5,135.058,142.119,133.475,133.548
761.3,102.788,58.39,137.353,101.318,64.684,135.093,142.025,133.511,133.511
761.4,102.672,58.192,137.387,101.318,64.592,135.058,142.025,133.511,133.548
761.5,102.672,58.39,137.319,101.259,64.592,135.022,142.025,133.511,133.657
761.6,102.672,58.291,137.319,101.318,64.684,135.058,142.056,133.438,133.548
761.7,102.73,58.39,137.353,101.259,64.684,135.058,142.056,133.475,133.511
761.8,102.672,58.39,137.387,101.259,64.592,135.058,142.025,133.475,133.548
761.9,102.73,58.291,137.387,101.318,64.592,135.058,142.056,133.511,133.548
762.0,102.672,58.291,137.387,101.259,64.592,135.058,142.025,133.475,133.511
762.1,102.613,58.39,137.455,101.2,64.5,135.058,142.056,133.365,133.584
762.2,102.788,58.291,137.353,101.2,64.592,135.022,142.056,133.475,133.475
762.3,102.613,58.291,137.353,101.2,64.684,135.058,141.962,133.511,133.511
762.4,102.672,58.192,137.387,101.2,64.592,135.022,142.025,133.475,133.548
762.5,102.555,58.192,137.387,101.2,64.5,135.022,141.994,133.475,133.475
762.6,102.613,58.192,137.353,101.14,64.592,135.022,142.025,133.475,133.511
762.7,102.555,58.291,137.319,101.021,64.5,135.058,142.025,133.475,133.548
762.8,102.497,58.192,137.353,101.2,64.592,135.022,142.025,133.438,133.511
762.9,102.555,58.192,137.421,101.2,64.592,135.022,141.994,133.438,133.511
763.0,102.555,58.192,137.387,101.14,64.407,135.022,142.056,133.475,133.511
763.1,102.555,58.39,137.353,101.14,64.5,135.058,141.994,133.475,133.511
763.2,102.497,58.192,137.387,101.14,64.407,135.022,141.994,133.438,133.511
763.3,102.555,57.994,137.387,101.14,64.5,135.093,142.087,133.438,133.511
763.4,102.497,58.192,137.353,101.08,64.5,135.022,142.056,133.475,133.511
763.5,102.613,58.192,137.353,101.14,64.407,135.058,142.025,133.475,133.511
763.6,102.497,58.291,137.353,100.902,64.5,135.093,142.025,133.475,133.475
763.7,102.497,58.192,137.319,101.08,64.407,135.022,141.962,133.475,133.475
763.8,102.438,58.093,137.353,101.14,64.407,135.058,142.025,133.475,133.511
763.9,102.497,58.192,137.387,101.021,64.407,134.987,141.994,133.511,133.475
764.0,102.38,58.192,137.319,101.021,64.407,135.022,142.056,133.475,133.511
764.1,102.497,58.093,137.319,101.021,64.315,135.022,141.994,133.402,133.511
764.2,102.438,58.291,137.353,101.021,64.407,134.987,142.025,133.402,133.438
764.3,102.438,58.093,137.387,100.961,64.315,135.093,142.025,133.402,133.438
764.4,102.438,58.192,137.353,101.021,64.407,135.022,142.025,133.438,133.511
764.5,102.438,58.093,137.353,101.021,64.315,135.058,142.025,133.438,133.438
764.6,102.438,58.192,137.353,100.961,64.407,135.022,142.056,133.438,133.402
764.7,102.38,58.192,137.455,100.961,64.407,135.022,141.994,133.402,133.475
764.8,102.38,58.093,137.387,100.961,64.222,134.987,142.025,133.402,133.475
764.9,102.38,58.093,137.353,101.021,64.407,134.951,142.056,133.365,133.475
765.0,102.38,58.093,137.353,100.961,64.315,135.022,141.994,133.438,133.438
765.1,102.321,58.093,137.387,101.021,64.315,135.022,142.025,133.438,133.438
765.2,102.321,58.093,137.387,100.961,64.222,134.987,141.994,133.438,133.438
765.3,102.321,58.192,137.353,100.961,64.315,135.058,142.056,133.402,133.475
765.4,102.262,57.994,137.353,100.902,64.315,134.987,142.025,133.438,133.438
765.5,102.321,58.192,137.353,100.961,64.315,134.987,142.056,133.402,133.438
765.6,102.321,58.093,137.455,100.961,64.315,135.022,141.994,133.402,133.402
765.7,102.262,58.093,137.011,100.961,64.315,135.022,142.025,133.402,133.475
765.8,102.321,58.093,137.353,100.902,64.315,135.093,142.087,133.402,133.438
765.9,102.262,58.093,137.353,101.021,64.315,135.058,141.931,133.365,133.402
766.0,102.204,57.994,137.319,100.842,64.315,134.987,142.025,133.329,133.438
766.1,102.262,57.994,137.421,101.08,64.315,135.022,142.025,133.402,133.402
766.2,102.086,57.994,137.353,100.961,64.315,134.987,142.056,133.329,133.402
766.3,102.262,58.093,137.387,100.782,64.222,134.987,142.025,133.365,133.402
766.4,102.204,57.895,137.353,100.842,64.222,134.987,142.025,133.402,133.402
766.5,102.204,57.895,137.353,100.902,64.315,135.022,142.025,133.402,133.402
766.6,102.145,57.994,137.387,100.782,64.222,134.987,142.025,133.365,133.402
766.7,102.145,57.994,137.387,100.782,64.222,134.987,141.994,133.365,133.475
766.8,102.145,57.895,137.319,100.782,64.036,134.987,142.025,133.365,133.475
766.9,102.086,57.994,137.421,100.782,64.129,134.987,141.962,133.329,133.511
767.0,102.086,57.994,137.353,100.722,64.222,134.987,142.025,133.329,133.402
767.1,102.145,57.895,137.353,100.722,64.222,134.987,141.994,133.402,133.402
767.2,102.028,57.796,137.421,100.782,64.129,134.987,142.025,133.329,133.402
767.3,102.086,57.895,137.353,100.782,64.129,135.022,142.025,133.365,133.402
767.4,102.145,57.994,137.353,100.782,64.222,134.987,141.994,133.402,133.402
767.5,102.145,57.895,137.421,100.662,64.222,134.987,142.025,133.329,133.402
767.6,102.086,57.994,137.387,100.662,64.222,134.951,142.025,133.329,133.402
767.7,102.086,57.994,137.421,100.662,64.129,134.987,142.025,133.365,133.365
767.8,102.028,57.895,137.387,100.722,64.036,135.022,142.025,133.365,133.438
767.9,102.086,57.796,137.387,100.722,64.129,134.987,142.025,133.329,133.365
768.0,102.028,57.895,137.387,100.722,64.036,134.987,142.056,133.329,133.475
768.1,102.028,57.895,137.387,100.782,64.129,134.987,142.025,133.329,133.402
768.2,102.028,57.895,137.353,100.662,64.129,134.987,142.025,133.292,133.402
768.3,102.028,57.895,137.353,100.722,64.129,134.951,141.994,133.329,133.402
768.4,102.028,57.796,137.353,100.662,64.036,134.951,141.994,133.329,133.365
768.5,102.028,57.796,137.353,100.662,64.129,135.093,141.994,133.365,133.402
768.6,101.969,57.796,137.353,100.662,64.129,134.987,142.087,133.292,133.365
768.7,101.91,57.796,137.387,100.662,64.036,134.951,142.025,133.329,133.365
768.8,101.91,57.796,137.421,100.662,64.129,134.987,142.025,133.329,133.365
768.9,101.91,57.895,137.421,100.722,64.036,134.987,142.087,133.329,133.365
769.0,102.028,57.796,137.387,100.662,64.129,134.951,142.025,133.329,133.365
769.1,102.028,57.697,137.421,100.662,64.036,135.058,141.994,133.255,133.402
769.2,101.969,57.796,137.387,100.722,64.036,134.951,142.025,133.329,133.365
769.3,101.91,57.796,137.387,100.662,64.036,134.951,141.931,133.292,133.402
769.4,102.028,57.796,137.353,100.662,64.036,135.022,142.056,133.255,133.329
769.5,101.851,57.895,137.353,100.602,63.944,134.951,141.994,133.329,133.365
769.6,101.91,57.895,137.455,100.662,64.036,134.915,142.025,133.292,133.365
769.7,101.969,57.796,137.455,100.602,64.036,134.987,142.056,133.292,133.329
769.8,101.91,57.796,137.387,100.602,63.944,134.951,142.087,133.329,133.329
769.9,101.851,57.895,137.387,100.662,63.944,134.951,141.994,133.292,133.329
770.0,101.969,57.697,137.387,100.542,64.036,134.915,142.056,133.329,133.329
770.1,101.91,57.796,137.387,100.662,63.944,134.951,142.025,133.329,133.292
770.2,101.851,57.796,137.353,100.542,64.036,134.951,142.025,133.255,133.365
770.3,101.851,57.697,137.421,100.542,63.944,134.915,141.994,133.255,133.255
770.4,101.91,57.697,137.387,100.602,63.944,134.915,142.025,133.292,133.292
770.5,101.792,57.697,137.421,100.542,63.944,134.951,142.056,133.292,133.329
770.6,101.851,57.597,137.353,100.482,63.944,134.915,142.025,133.255,133.365
770.7,101.792,57.697,137.455,100.542,63.944,134.88,142.025,133.255,133.365
770.8,101.792,57.796,137.523,100.482,63.944,134.987,142.056,133.219,133.329
770.9,101.851,57.796,137.387,100.482,63.944,134.915,141.994,133.292,133.329
771.0,101.851,57.697,137.387,100.542,64.036,134.951,142.15,133.255,133.329
771.1,101.792,57.597,137.387,100.602,63.944,134.951,141.994,133.255,133.329
771.2,101.733,57.697,137.353,100.482,64.036,134.951,141.994,133.255,133.292
771.3,101.733,57.796,137.421,100.482,63.85,134.951,142.025,133.292,133.292
771.4,101.674,57.597,137.387,100.422,63.85,134.88,141.931,133.219,133.255
771.5,101.733,57.697,137.387,100.422,63.944,134.915,142.056,133.255,133.255
771.6,101.733,57.597,137.353,100.362,63.85,134.951,142.056,133.219,133.329
771.7,101.792,57.597,137.387,100.482,63.85,134.915,142.056,133.255,133.329
771.8,101.674,57.597,137.421,100.422,63.944,134.951,142.025,133.219,133.329
771.9,101.674,57.697,137.387,100.422,63.85,134.951,142.025,133.292,133.292
772.0,101.674,57.597,137.319,100.482,63.85,134.915,141.994,133.255,133.292
772.1,101.733,57.597,137.387,100.422,63.85,134.915,142.025,133.219,133.292
772.2,101.674,57.597,137.387,100.422,63.85,134.951,141.994,133.255,133.329
772.3,101.674,57.597,137.421,100.422,63.757,134.951,142.025,133.255,133.292
772.4,101.615,57.597,137.353,100.422,63.757,134.915,142.025,133.219,133.292
772.5,101.674,57.796,137.421,100.362,63.757,134.951,141.994,133.292,133.255
772.6,101.674,57.597,137.421,100.362,63.757,134.915,142.025,133.182,133.255
772.7,101.615,57.498,137.387,100.482,63.757,134.915,142.025,133.219,133.292
772.8,101.615,57.597,137.387,100.422,63.944,134.915,141.994,133.219,133.292
772.9,101.615,57.398,137.353,100.302,63.757,134.987,142.056,133.219,133.292
773.0,101.556,57.498,137.421,100.362,63.757,134.88,141.994,133.255,133.255
773.1,101.556,57.498,137.353,100.362,63.757,134.951,142.025,133.219,133.292
773.2,101.615,57.597,137.353,100.362,63.757,134.915,141.994,133.219,133.255
773.3,101.496,57.498,137.455,100.482,63.664,134.951,141.994,133.146,133.292
773.4,101.496,57.597,137.353,100.362,63.757,134.951,142.025,133.329,133.255
773.5,101.496,57.597,137.353,100.362,63.757,134.915,142.025,133.219,133.329
773.6,101.496,57.498,137.319,100.362,63.664,134.951,142.025,133.255,133.255
773.7,101.496,57.498,137.387,100.302,63.757,134.88,142.056,133.182,133.219
773.8,101.556,57.498,137.387,100.302,63.664,134.88,142.056,133.219,133.255
773.9,101.556,57.398,137.387,100.302,63.757,134.915,141.994,133.182,133.255
774.0,101.496,57.498,137.353,100.302,63.757,134.915,142.025,133.329,133.329
774.1,101.496,57.597,137.421,100.302,63.664,134.915,141.899,133.146,133.255
774.2,101.496,57.498,137.387,100.302,63.757,134.915,141.994,133.182,133.255
774.3,101.496,57.498,137.387,99.515,63.757,134.88,142.025,133.182,133.292
774.4,101.556,57.498,137.353,100.242,63.664,134.844,141.994,133.182,133.255
774.5,101.496,57.398,137.387,100.182,63.85,134.915,141.994,133.219,133.255
774.6,101.437,57.398,137.387,100.242,63.664,134.88,142.025,133.146,133.255
774.7,101.496,57.498,137.387,100.182,63.664,134.88,142.056,133.182,133.255
774.8,101.437,57.498,137.353,100.242,63.571,134.915,142.025,133.146,133.255
774.9,101.496,57.498,137.421,100.182,63.664,134.951,142.025,133.109,133.292
775.0,101.378,57.498,137.421,100.242,63.757,134.88,141.994,133.255,133.255
775.1,101.496,57.498,137.421,100.242,63.571,134.88,141.994,133.182,133.255
775.2,101.437,57.398,137.353,100.242,63.664,134.915,142.056,133.182,133.255
775.3,101.378,57.398,137.455,100.182,63.571,134.88,142.087,133.182,133.255
775.4,101.437,57.498,137.353,100.182,63.757,134.88,142.025,133.146,133.219
775.5,101.378,57.498,137.387,100.121,63.571,134.915,142.025,133.219,133.182
775.6,101.378,57.398,137.353,100.182,63.664,134.915,141.994,133.219,133.255
775.7,101.378,57.498,137.387,100.182,63.757,134.915,142.025,133.146,133.219
775.8,101.318,57.498,137.353,100.182,63.664,134.88,141.994,133.182,133.219
775.9,101.437,57.398,137.421,100.182,63.571,134.915,141.994,133.182,133.219
776.0,101.318,57.398,137.387,100.302,63.571,134.88,142.025,133.182,133.219
776.1,101.378,57.398,137.421,100.182,63.571,134.951,141.899,133.146,133.219
776.2,101.496,57.398,137.387,100.182,63.571,134.915,141.994,133.146,133.219
776.3,101.318,57.498,137.421,100.121,63.664,134.88,142.025,133.146,133.219
776.4,101.378,57.398,137.387,100.121,63.571,134.915,142.025,133.146,133.292
776.5,101.378,57.498,137.387,100.121,63.571,134.915,141.994,133.182,133.219
776.6,101.496,57.398,137.421,100.121,63.571,134.915,141.994,133.146,133.292
776.7,101.318,57.398,137.421,100.121,63.571,134.951,141.962,133.146,133.219
776.8,101.378,57.299,137.421,100.121,63.664,134.88,142.025,133.109,133.219
776.9,101.318,57.299,137.285,100.182,63.571,134.915,141.994,133.146,133.219
777.0,101.259,57.398,137.353,100.182,63.571,134.844,142.056,133.182,133.182
777.1,101.318,57.299,137.387,100.121,63.477,134.88,142.056,133.109,133.255
777.2,101.259,57.498,137.387,100.121,63.477,134.915,141.994,133.109,133.219
777.3,101.318,57.398,137.421,100.061,63.477,134.915,142.025,133.146,133.219
777.4,101.259,57.398,137.387,100.121,63.571,134.844,142.056,133.146,133.182
777.5,101.318,57.299,137.387,100.061,63.571,134.915,142.025,133.109,133.182
777.6,101.318,57.398,137.421,100.061,63.571,134.88,142.056,133.146,133.219
777.7,101.2,57.398,137.387,100.121,63.477,134.88,141.994,133.146,133.146
777.8,101.2,57.398,137.387,100.0,63.571,134.88,142.056,133.146,133.182
777.9,101.2,57.398,137.353,100.061,63.477,134.844,142.025,133.146,133.219
778.0,101.2,57.299,137.387,100.121,63.571,134.88,142.056,133.109,133.255
778.1,101.14,57.398,137.387,100.061,63.477,134.88,141.994,133.146,133.255
778.2,101.2,57.299,137.625,100.0,63.477,134.88,142.056,133.219,133.146
778.3,101.2,57.299,137.387,100.0,63.384,134.809,142.056,133.146,133.219
778.4,101.2,57.299,137.387,100.061,63.571,134.88,141.962,133.146,133.182
778.5,101.14,57.299,137.387,100.0,63.477,134.88,142.025,133.146,133.182
778.6,101.14,57.199,137.421,100.0,63.477,134.844,141.994,133.109,133.182
778.7,101.14,57.299,137.387,100.0,63.477,134.844,142.025,133.072,133.182
778.8,101.2,57.299,137.421,99.88,63.477,134.844,142.025,133.072,133.182
778.9,101.14,57.299,137.387,100.0,63.384,134.88,141.931,133.146,133.182
779.0,101.14,57.299,137.421,100.061,63.477,134.88,141.994,133.109,133.182
779.1,101.14,57.199,137.421,100.0,63.384,134.844,141.994,133.109,133.182
779.2,101.2,57.099,137.353,99.94,63.29,134.844,142.025,133.072,133.182
779.3,101.2,57.299,137.421,100.0,63.384,134.844,142.056,133.072,133.146
779.4,101.021,57.299,137.387,99.94,63.477,134.844,142.087,133.072,133.219
779.5,101.08,57.199,137.387,99.94,63.477,134.844,142.025,133.035,133.146
779.6,101.14,57.299,137.387,100.0,63.477,134.844,142.087,133.109,133.219
779.7,101.08,57.299,137.421,99.94,63.29,134.88,141.962,132.925,133.146
779.8,101.08,57.199,137.353,99.94,63.384,134.844,142.056,133.109,133.182
779.9,101.08,57.199,137.387,99.94,63.477,134.88,141.994,133.109,133.146
780.0,101.08,57.199,137.421,100.0,63.384,134.88,141.994,133.072,133.182
780.1,101.08,57.199,137.421,99.94,63.384,134.88,142.025,133.109,133.109
780.2,101.08,57.299,137.387,99.94,63.384,134.844,142.119,133.109,133.146
780.3,101.021,57.199,137.421,99.94,63.384,134.844,142.056,133.109,133.219
780.4,100.961,57.199,137.421,99.94,63.384,134.844,141.962,133.072,133.255
780.5,101.021,57.199,137.421,100.0,63.384,134.844,141.994,133.072,133.146
780.6,101.021,57.199,137.353,99.88,63.29,134.88,141.994,133.072,133.146
780.7,101.021,57.199,137.353,99.819,63.477,134.844,141.994,133.035,133.109
780.8,101.08,57.099,137.387,99.88,63.29,134.88,142.025,133.072,133.109
780.9,100.961,57.199,137.455,99.94,63.384,134.88,141.994,133.109,133.182
781.0,101.021,57.199,137.421,99.88,63.384,134.844,142.025,133.109,133.182
781.1,101.08,57.199,137.421,99.88,63.29,134.844,141.994,133.072,133.146
781.2,101.021,57.199,137.421,99.88,63.29,134.88,142.025,133.035,133.109
781.3,101.021,57.199,137.387,99.819,63.197,134.844,141.805,132.999,133.146
781.4,101.14,56.999,137.353,99.819,63.29,134.844,142.056,133.035,133.072
781.5,100.961,57.099,137.455,99.819,63.197,134.844,141.994,133.035,133.146
781.6,100.902,57.099,137.455,99.88,63.197,134.844,141.994,133.035,133.072
781.7,100.902,57.099,137.387,99.819,63.29,134.844,142.025,133.072,133.146
781.8,100.902,56.999,137.421,99.819,63.384,134.844,142.025,133.035,133.146
781.9,100.902,57.099,137.421,99.819,63.29,134.773,142.025,133.035,133.146
782.0,100.842,57.199,137.387,99.819,63.197,134.773,142.025,132.962,133.109
782.1,100.902,57.099,137.421,99.637,63.29,134.88,141.962,133.035,133.182
782.2,100.902,57.199,137.421,99.758,63.29,134.844,141.994,133.072,133.182
782.3,100.902,57.099,137.387,99.819,63.197,134.88,142.056,133.072,133.182
782.4,100.961,57.099,137.387,99.758,63.29,134.844,142.025,133.072,133.182
782.5,100.842,57.099,137.353,99.758,63.29,134.844,142.025,133.035,133.109
782.6,100.842,57.099,137.421,99.758,63.29,134.844,142.025,133.072,133.146
782.7,100.842,57.099,137.387,99.698,63.197,134.88,142.087,133.072,133.182
782.8,100.842,56.899,137.421,99.819,63.197,134.844,141.994,133.035,133.109
782.9,100.842,57.099,137.353,99.758,63.197,134.809,142.025,132.999,133.109
783.0,100.842,57.099,137.421,99.698,63.197,134.844,142.025,133.072,133.146
783.1,100.782,57.099,137.421,99.698,63.197,134.809,141.994,132.999,133.072
783.2,100.782,56.999,137.455,99.758,63.197,134.844,142.025,133.035,133.109
783.3,100.842,57.099,137.421,99.819,63.197,134.844,142.025,133.072,133.072
783.4,100.782,56.999,137.523,99.758,63.197,134.773,141.994,133.035,133.146
783.5,100.782,56.999,137.455,99.758,63.29,134.844,142.025,133.109,133.035
783.6,100.782,57.099,137.421,99.758,63.477,134.809,142.087,132.962,133.146
783.7,100.782,56.999,137.421,99.576,63.197,134.844,142.025,133.035,133.109
783.8,100.782,56.899,137.489,99.698,63.103,134.844,142.056,132.999,133.072
783.9,100.722,56.899,137.387,99.698,63.103,134.809,141.994,132.999,133.072
784.0,100.722,56.899,137.421,100.242,63.103,134.88,142.025,132.999,133.146
784.1,100.722,56.899,137.421,99.637,63.103,134.844,142.025,132.999,133.072
784.2,100.722,56.899,137.387,99.637,63.103,134.844,142.025,132.999,133.109
784.3,100.722,56.999,137.421,99.576,63.103,134.844,142.025,133.035,133.072
784.4,100.662,56.799,137.421,99.576,62.915,134.809,142.025,132.999,133.072
784.5,100.662,56.899,137.387,99.455,63.009,134.809,141.994,133.035,133.072
784.6,100.782,56.999,137.421,99.637,63.103,134.844,142.056,133.035,133.072
784.7,100.662,56.999,137.387,99.576,63.009,134.809,141.994,132.999,133.109
784.8,100.602,56.899,137.421,99.637,63.009,134.844,141.994,133.035,133.072
784.9,100.662,57.099,137.387,99.637,63.009,134.88,142.025,132.962,133.109
785.0,100.542,56.899,137.353,99.576,63.009,134.844,142.056,132.962,133.072
785.1,100.662,56.999,137.421,99.637,63.103,134.809,141.994,132.999,133.072
785.2,100.662,56.899,137.387,99.515,63.103,134.809,142.056,132.962,133.072
785.3,100.662,56.999,137.455,99.515,63.009,134.844,142.025,133.072,133.035
785.4,100.602,56.799,137.421,99.576,63.009,134.844,142.025,132.999,133.035
785.5,100.662,56.899,137.353,99.576,63.009,134.809,142.025,132.962,133.072
785.6,100.662,56.899,137.421,99.576,63.009,134.88,141.994,132.962,133.109
785.7,100.542,56.899,137.387,99.576,63.197,134.809,141.994,132.999,133.072
785.8,100.602,56.899,137.421,99.637,63.009,134.844,141.994,132.962,133.146
785.9,100.542,56.899,137.421,99.515,63.103,134.809,142.025,132.962,133.109
786.0,100.662,56.899,137.285,99.515,62.915,134.809,141.994,133.072,133.072
786.1,100.542,56.899,137.489,99.515,63.009,134.809,142.025,132.999,133.035
786.2,100.602,56.899,137.489,99.455,63.009,134.809,142.025,132.999,133.035
786.3,100.602,56.899,137.421,99.515,63.009,134.844,141.994,132.999,133.182
786.4,100.602,56.799,137.455,99.515,63.009,134.773,142.056,132.962,133.035
786.5,100.542,56.799,137.489,99.576,63.009,134.809,142.056,132.962,132.999
786.6,100.542,56.899,137.421,99.515,62.915,134.809,142.025,132.962,133.035
786.7,100.542,56.799,137.353,99.515,62.915,134.88,141.994,132.999,133.035
786.8,100.602,56.899,137.421,99.515,63.009,134.809,142.087,132.962,133.035
786.9,100.542,56.799,137.387,99.515,63.009,134.844,141.994,132.962,133.035
787.0,100.542,57.199,137.387,99.455,62.915,134.809,142.025,132.999,133.035
787.1,100.482,56.799,137.421,99.455,62.915,134.773,141.994,132.999,133.035
787.2,100.542,56.799,137.455,99.515,62.915,134.809,142.025,132.999,133.182
787.3,100.542,56.799,137.421,99.455,63.103,134.88,141.994,132.962,133.035
787.4,100.482,56.698,137.353,99.576,63.009,134.844,142.056,132.962,133.035
787.5,100.602,56.799,137.455,99.576,63.009,134.809,142.056,132.962,133.035
787.6,100.482,56.799,137.489,99.515,62.915,134.88,142.025,132.962,133.035
787.7,100.482,56.899,137.387,99.455,62.915,134.844,141.994,132.962,133.035
787.8,100.362,56.799,137.421,99.455,63.009,134.773,141.962,132.925,133.072
787.9,100.542,56.899,137.421,99.272,62.821,134.844,142.025,132.962,132.999
788.0,100.542,56.799,137.421,99.394,62.915,134.809,141.994,132.962,133.072
788.1,100.242,56.799,137.387,99.455,62.915,134.809,142.025,132.962,133.035
788.2,100.482,56.899,137.421,99.455,62.915,134.773,142.087,132.962,133.035
788.3,100.482,56.698,137.387,99.394,62.915,134.844,142.025,132.962,133.035
788.4,100.422,56.598,137.421,99.394,62.915,134.809,141.994,132.962,133.035
788.5,100.482,56.799,137.387,99.455,62.821,134.809,141.994,132.962,133.035
788.6,100.422,56.698,137.421,99.394,62.915,134.773,142.025,132.888,132.999
788.7,100.422,56.698,137.794,99.394,62.915,134.773,142.025,132.925,132.999
788.8,100.422,56.799,137.761,99.333,62.821,134.809,141.994,132.925,133.035
788.9,100.422,56.698,137.455,99.394,62.821,134.773,142.025,132.999,133.035
789.0,100.542,56.698,137.387,99.394,62.727,134.809,141.994,132.999,133.035
789.1,100.482,56.799,137.421,99.394,62.821,134.773,142.025,132.925,133.035
789.2,100.362,56.698,137.387,99.394,63.009,134.773,141.994,132.962,133.072
789.3,100.482,56.698,137.421,99.333,62.821,134.773,141.994,132.925,132.999
789.4,100.362,56.698,137.387,99.394,62.915,134.773,141.962,132.925,133.035
789.5,100.362,56.799,137.387,99.394,62.915,134.773,141.994,132.814,133.035
789.6,100.422,56.698,137.421,99.333,62.915,134.773,142.025,132.925,133.035
789.7,100.422,56.799,137.421,99.333,62.821,134.773,142.056,132.999,132.962
789.8,100.422,56.698,137.421,99.333,62.821,134.773,142.025,132.925,132.999
789.9,100.302,56.799,137.455,99.333,62.727,134.809,141.994,132.925,132.999
790.0,100.362,56.799,137.421,99.333,62.821,134.773,141.994,132.962,132.999
790.1,100.302,56.698,137.421,99.394,62.821,134.773,142.087,132.925,132.999
790.2,100.362,56.698,137.353,99.394,62.727,134.773,141.994,132.888,133.035
790.3,100.362,56.698,137.387,99.333,62.821,134.844,142.025,133.035,132.999
790.4,100.302,56.698,137.387,99.333,62.821,134.809,141.994,132.962,132.962
790.5,100.362,56.598,137.421,99.333,62.821,134.88,141.994,132.888,133.035
790.6,100.302,56.598,137.387,99.515,62.727,134.809,142.025,132.888,133.109
790.7,100.302,56.598,137.455,99.272,62.821,134.844,142.025,132.925,132.999
790.8,100.362,56.698,137.421,99.333,62.821,134.737,141.994,132.888,133.146
790.9,100.242,56.598,137.421,99.272,62.727,134.809,142.025,132.888,133.035
791.0,100.302,56.698,137.421,99.333,62.821,134.773,142.025,132.999,132.999
791.1,100.302,56.698,137.421,99.272,62.727,134.809,141.994,132.888,132.999
791.2,100.302,56.598,137.421,99.333,62.821,134.737,141.994,132.962,132.962
791.3,100.242,56.698,137.387,99.272,62.727,134.773,142.056,132.925,133.035
791.4,100.242,56.598,137.455,99.211,62.821,134.737,142.025,132.925,132.999
791.5,100.302,56.698,137.421,99.211,62.727,134.809,142.087,132.888,132.962
791.6,100.242,56.598,137.421,99.333,62.727,134.88,142.025,132.888,132.888
791.7,100.242,56.899,137.421,99.272,62.727,134.773,142.025,132.925,132.999
791.8,100.362,56.698,137.421,99.272,62.727,134.737,142.056,132.962,132.999
791.9,100.242,56.598,137.421,99.211,62.727,134.809,142.025,132.888,132.962
792.0,100.242,56.598,137.387,99.272,62.727,134.773,142.056,132.925,132.962
792.1,100.302,56.598,137.455,99.272,62.633,134.737,142.056,132.888,132.999
792.2,100.242,56.598,137.387,99.272,62.915,134.773,142.025,132.925,132.999
792.3,100.242,56.598,137.421,99.15,62.727,134.844,141.994,132.888,132.999
792.4,100.182,56.397,137.421,99.211,62.727,134.773,141.962,132.888,132.999
792.5,100.182,56.698,137.421,99.211,62.633,134.773,142.025,132.888,132.962
792.6,100.121,56.598,137.455,99.272,62.727,134.773,142.025,132.962,132.962
792.7,100.302,56.598,137.319,99.211,62.727,134.737,142.056,132.888,132.962
792.8,100.182,56.598,137.387,99.211,62.727,134.773,142.056,132.851,132.962
792.9,100.242,56.598,137.421,99.211,62.727,134.809,142.025,132.962,132.962
793.0,100.182,56.598,137.421,99.272,62.633,134.773,141.994,132.888,132.999
793.1,100.182,56.497,137.421,99.272,62.633,134.773,141.994,132.888,132.999
793.2,100.182,56.698,137.387,99.15,62.633,134.773,142.056,132.851,132.962
793.3,100.182,56.497,137.387,99.15,62.727,134.773,142.025,132.888,132.999
793.4,100.182,56.598,137.455,99.15,62.633,134.737,142.025,132.888,132.962
793.5,100.242,56.598,137.421,99.211,62.633,134.809,142.025,132.851,132.999
793.6,100.242,56.598,137.455,99.272,62.633,134.737,141.994,132.888,132.925
793.7,100.182,56.497,137.421,99.211,62.444,134.737,142.025,132.814,132.999
793.8,100.121,56.598,137.421,99.15,62.633,134.773,142.025,132.888,132.962
793.9,100.182,56.598,137.455,99.272,62.538,134.88,141.994,132.888,132.962
794.0,100.121,56.397,137.421,99.15,62.727,134.737,141.994,132.888,132.962
794.1,100.121,56.497,137.455,99.15,62.727,134.773,142.025,132.851,132.999
794.2,100.121,56.598,137.455,99.15,62.633,134.773,142.025,132.888,132.925
794.3,100.121,56.497,137.421,99.15,62.538,134.737,141.994,132.851,132.962
794.4,100.121,56.497,137.421,99.15,62.538,134.737,142.025,132.851,132.962
794.5,100.061,56.497,137.421,99.088,62.727,134.773,142.025,132.851,132.925
794.6,100.121,56.497,137.455,99.15,62.538,134.773,141.994,132.888,132.962
794.7,100.061,56.397,137.421,99.15,62.633,134.737,142.025,132.851,132.962
794.8,100.061,56.497,137.421,99.15,62.538,134.809,141.994,132.888,132.962
794.9,100.061,56.497,137.421,99.088,62.633,134.773,141.962,132.851,132.962
795.0,100.061,56.598,137.421,99.15,62.538,134.737,142.056,132.851,132.999
795.1,100.061,56.397,137.421,99.15,62.727,134.809,142.025,132.888,132.925
795.2,100.121,56.497,137.387,99.15,62.633,134.737,142.025,132.851,132.888
795.3,100.061,56.497,137.421,99.088,62.538,134.773,142.056,132.888,132.925
795.4,100.061,56.397,137.421,99.088,62.538,134.737,141.994,132.814,132.925
795.5,100.0,56.397,137.387,99.088,62.633,134.809,141.994,132.814,132.962
795.6,100.0,56.397,137.421,99.088,62.538,134.844,141.994,132.851,132.962
795.7,100.0,56.497,137.421,99.088,62.538,134.809,142.025,132.814,132.962
795.8,100.0,56.598,137.489,99.088,62.538,134.737,142.025,132.851,132.999
795.9,100.061,56.397,137.421,99.027,62.538,134.773,142.087,132.814,132.925
796.0,100.0,56.296,137.421,99.088,62.538,134.737,141.994,132.851,132.962
796.1,100.0,56.497,137.421,99.027,62.538,134.773,141.899,132.851,132.962
796.2,100.121,56.397,137.421,99.088,62.538,134.737,142.025,132.888,132.925
796.3,100.0,56.497,137.489,99.088,62.444,134.809,141.994,132.851,132.962
796.4,100.0,56.497,137.387,99.15,62.633,134.737,141.994,132.851,132.962
796.5,100.0,56.497,137.421,99.027,62.538,134.737,141.994,132.888,132.925
796.6,100.0,56.397,137.455,99.088,62.538,134.737,141.994,132.851,132.925
796.7,100.0,56.397,137.489,99.027,62.633,134.737,141.994,132.851,132.925
796.8,100.0,56.397,137.387,99.088,62.538,134.773,142.025,132.778,132.925
796.9,100.0,56.397,137.421,98.966,62.633,134.737,142.025,132.814,132.962
797.0,100.0,56.397,137.455,99.027,62.538,134.737,141.994,132.851,132.962
797.1,100.061,56.497,137.421,99.088,62.538,134.702,142.025,132.814,132.925
797.2,99.94,56.397,137.387,99.088,62.633,134.773,142.025,132.741,132.962
797.3,100.0,56.497,137.489,98.966,62.538,134.737,142.025,132.851,132.925
797.4,99.94,56.497,137.421,99.027,62.538,134.702,141.994,132.851,132.925
797.5,100.0,56.397,137.523,99.027,62.633,134.737,141.994,132.814,132.925
797.6,99.94,56.397,137.421,98.966,62.444,134.737,142.087,132.851,132.888
797.7,99.94,56.497,137.387,99.088,62.538,134.737,142.025,132.814,132.925
797.8,99.88,56.497,137.387,99.027,62.538,134.737,142.056,132.741,132.925
797.9,99.94,56.397,137.455,98.966,62.444,134.737,141.994,132.888,132.888
798.0,99.88,56.397,137.387,99.027,62.444,134.737,141.994,132.814,132.888
798.1,99.88,56.497,137.455,99.088,62.538,134.737,142.056,132.814,132.925
798.2,99.94,56.397,137.489,98.905,62.255,134.737,141.994,132.851,132.888
798.3,100.061,56.296,137.489,98.966,62.444,134.737,141.994,132.851,132.814
798.4,99.94,56.397,137.421,98.966,62.444,134.844,141.994,132.814,132.925
798.5,99.88,56.397,137.421,99.027,62.444,134.737,141.994,132.814,132.888
798.6,100.0,56.397,137.489,98.966,62.444,134.702,141.994,132.851,132.888
798.7,99.88,56.497,137.421,99.027,62.255,134.702,141.994,132.814,132.962
798.8,99.88,56.497,137.421,99.027,62.444,134.702,142.087,132.704,132.925
798.9,99.88,56.296,137.489,98.966,62.538,134.702,142.087,132.814,132.888
799.0,99.88,56.397,137.489,98.905,62.349,134.773,142.025,132.814,132.888
799.1,99.819,56.397,137.421,98.966,62.255,134.702,142.119,132.814,132.888
799.2,99.88,56.397,137.455,98.905,62.349,134.737,142.15,132.814,132.888
799.3,99.88,56.296,137.421,98.966,62.444,134.737,141.994,132.814,132.851
799.4,99.819,56.397,137.421,98.966,62.444,134.737,141.994,132.741,132.888
799.5,99.819,56.296,137.455,98.905,62.444,134.737,142.025,132.851,132.888
799.6,99.819,56.296,137.455,98.843,62.444,134.63,142.025,132.778,132.888
799.7,99.94,56.296,137.421,98.966,62.349,134.737,142.025,132.778,132.888
799.8,99.819,56.397,137.421,98.843,62.444,134.702,141.962,132.778,132.925
799.9,99.819,56.296,137.421,98.905,62.349,134.702,142.056,132.814,132.888
800.0,99.758,56.296,137.285,98.905,62.444,134.737,141.994,132.814,132.888
800.1,99.758,56.296,137.421,98.905,62.444,134.702,142.087,132.814,132.888
800.2,99.758,56.296,137.455,98.905,62.349,134.737,142.025,132.778,132.925
800.3,99.819,56.397,137.387,98.843,62.255,134.737,142.025,132.778,132.925
800.4,99.819,56.296,137.421,98.843,62.349,134.702,141.994,132.814,132.888
800.5,99.758,56.296,137.421,98.905,62.349,134.702,141.994,132.814,132.888
800.6,99.758,56.195,137.421,98.905,62.255,134.737,141.994,132.778,132.888
800.7,99.758,56.195,137.489,98.905,62.255,134.737,141.994,132.741,132.888
800.8,99.698,56.296,137.421,98.966,62.349,134.737,142.025,132.814,132.851
800.9,99.637,56.296,137.387,98.843,62.349,134.702,142.025,132.778,132.814
801.0,99.758,56.195,137.387,98.905,62.255,134.737,141.994,132.778,132.888
801.1,99.758,56.296,137.353,98.843,62.255,134.737,142.087,132.704,132.888
801.2,99.758,56.195,137.353,98.843,62.255,134.666,141.962,132.778,132.851
801.3,99.758,56.296,137.421,98.782,62.255,134.737,141.994,132.741,132.851
801.4,99.758,56.195,137.421,98.782,62.255,134.702,142.056,132.778,132.888
801.5,99.698,56.195,137.421,98.843,62.255,134.702,142.025,132.814,132.814
801.6,99.758,56.296,137.387,98.782,62.255,134.666,142.056,132.778,132.851
801.7,99.698,56.195,137.455,98.782,62.255,134.702,141.994,132.741,132.851
801.8,99.637,56.296,137.353,98.782,62.255,134.737,142.025,132.778,132.888
801.9,99.698,56.195,137.489,98.905,62.16,134.737,142.025,132.814,132.851
802.0,99.637,56.195,137.421,98.782,62.16,134.737,141.994,132.741,132.888
802.1,99.637,56.296,137.421,98.782,62.255,134.702,141.994,132.778,132.888
802.2,99.515,56.195,137.421,98.843,62.16,134.702,141.994,132.778,132.851
802.3,99.637,56.195,137.489,98.843,62.065,134.702,141.994,132.778,132.851
802.4,99.819,56.195,137.421,98.782,62.255,134.737,142.025,132.814,132.851
802.5,99.698,56.195,137.421,98.659,62.255,134.702,142.025,132.704,132.888
802.6,99.637,56.195,137.421,98.782,62.255,134.702,142.056,132.741,132.888
802.7,99.698,56.296,137.455,98.782,62.255,134.702,142.087,132.778,132.851
802.8,99.698,56.296,137.421,98.721,62.255,134.702,141.994,132.778,132.962
802.9,99.698,56.195,137.455,98.843,62.16,134.702,142.025,132.778,132.888
803.0,99.637,56.296,137.455,98.782,62.255,134.737,141.994,132.778,132.851
803.1,99.576,56.195,137.387,98.782,62.255,134.773,142.025,132.778,132.814
803.2,99.637,56.094,137.421,98.721,62.16,134.702,142.087,132.741,132.851
803.3,99.576,56.094,137.455,98.721,62.255,134.702,142.025,132.741,132.888
803.4,99.637,56.195,137.455,98.721,62.255,134.702,142.025,132.741,132.851
803.5,99.637,56.195,137.455,98.659,62.16,134.702,141.931,132.851,132.851
803.6,99.576,56.195,137.421,98.782,62.255,134.737,141.994,132.741,132.851
803.7,99.576,56.195,137.421,98.782,62.16,134.702,142.056,132.741,132.814
803.8,99.698,56.094,137.421,98.721,62.16,134.702,142.056,132.741,132.851
803.9,99.576,56.195,137.421,98.721,62.065,134.737,141.994,132.741,132.851
804.0,99.515,56.094,137.421,98.782,62.16,134.737,142.056,132.704,132.851
804.1,99.515,56.094,137.455,98.721,62.16,134.702,141.994,132.741,132.814
804.2,99.576,56.094,137.455,98.782,62.065,134.702,142.025,132.741,132.778
804.3,99.515,55.993,137.421,98.782,62.065,134.666,142.025,132.778,132.851
804.4,99.455,56.094,137.421,98.721,62.16,134.702,141.994,132.741,132.851
804.5,99.515,56.094,137.421,98.721,62.255,134.702,142.025,132.704,132.851
804.6,99.515,56.195,137.421,98.721,62.065,134.702,141.994,132.741,132.814
804.7,99.515,56.195,137.455,98.721,62.16,134.702,142.025,132.741,132.814
804.8,99.576,56.094,137.421,98.721,62.16,134.702,141.994,132.741,132.851
804.9,99.455,56.094,137.421,98.721,62.065,134.702,141.994,132.741,132.814
805.0,99.576,55.993,137.421,98.659,62.16,134.702,142.056,132.741,132.851
805.1,99.637,55.993,137.387,98.721,62.16,134.666,141.962,132.741,132.814
805.2,99.455,55.993,137.421,98.659,62.16,134.702,142.056,132.741,132.778
805.3,99.455,56.094,137.455,98.659,62.065,134.702,141.994,132.704,132.851
805.4,99.455,56.195,137.421,98.659,62.16,134.737,142.025,132.704,132.814
805.5,99.394,56.094,137.387,98.659,62.065,134.737,142.025,132.704,132.814
805.6,99.455,55.993,137.489,98.721,62.16,134.702,141.962,132.704,132.778
805.7,99.576,55.993,137.455,98.782,62.16,134.809,141.994,132.704,132.814
805.8,99.515,55.993,137.455,98.659,62.065,134.737,142.025,132.704,132.814
805.9,99.515,56.094,137.455,98.659,62.065,134.702,141.899,132.704,132.814
806.0,99.455,55.993,137.421,98.597,62.16,134.702,142.025,132.741,132.851
806.1,99.455,55.993,137.489,98.659,62.065,134.666,142.025,132.704,132.851
806.2,99.455,56.094,137.421,98.597,62.065,134.737,141.962,132.704,132.851
806.3,99.515,56.094,137.421,98.659,62.16,134.702,141.994,132.704,132.814
806.4,99.455,56.094,137.489,98.597,62.065,134.702,141.994,132.741,132.814
806.5,99.455,55.993,137.421,98.659,62.065,134.702,141.994,132.814,132.814
806.6,99.515,55.993,137.421,98.536,62.065,134.702,141.994,132.704,132.814
806.7,99.576,55.993,137.421,98.597,62.065,134.702,141.994,132.741,132.778
806.8,99.455,55.993,137.387,98.597,62.065,134.702,141.994,132.704,132.814
806.9,99.394,56.094,137.455,98.597,62.16,134.702,141.994,132.704,132.814
807.0,99.394,55.993,137.421,98.597,61.97,134.737,141.994,132.778,132.778
807.1,99.394,56.094,137.387,98.597,62.16,134.737,142.025,132.741,132.851
807.2,99.394,55.993,137.455,98.659,61.97,134.702,142.087,132.704,132.851
807.3,99.455,55.892,137.421,98.536,62.065,134.737,142.025,132.778,132.741
807.4,99.455,55.892,137.421,98.597,62.065,134.702,142.025,132.704,132.814
807.5,99.394,55.993,137.387,98.659,61.97,134.702,141.994,132.704,132.814
807.6,99.455,55.993,137.455,98.597,61.875,134.666,142.025,132.704,132.814
807.7,99.333,55.993,137.421,98.536,61.97,134.666,141.994,132.704,132.814
807.8,99.394,55.892,137.421,98.659,61.97,134.702,142.025,132.741,132.814
807.9,99.394,55.892,137.489,98.597,62.065,134.737,141.994,132.667,132.814
808.0,99.333,55.993,137.489,98.597,61.875,134.702,141.994,132.667,132.888
808.1,99.394,55.993,137.421,98.597,61.97,134.702,142.087,132.704,132.851
808.2,99.394,55.993,137.455,98.597,61.97,134.666,141.994,132.667,132.778
808.3,99.394,55.892,137.455,98.659,61.97,134.702,141.994,132.741,132.778
808.4,99.333,56.094,137.489,98.536,61.97,134.737,142.025,132.704,132.778
808.5,99.333,55.993,137.421,98.597,61.97,134.702,141.994,132.704,132.814
808.6,99.333,55.791,137.489,98.597,62.065,134.666,141.994,132.741,132.778
808.7,99.333,55.993,137.455,98.536,62.065,134.737,141.962,132.667,132.814
808.8,99.333,55.993,137.421,98.536,61.97,134.666,142.025,132.704,132.925
808.9,99.272,55.993,137.387,98.597,61.875,134.737,142.025,132.704,132.814
809.0,99.333,55.892,137.489,98.536,61.875,134.809,141.994,132.704,132.778
809.1,99.394,55.892,137.387,98.536,61.97,134.773,142.025,132.704,132.814
809.2,99.333,55.892,137.421,98.536,61.875,134.702,142.056,132.667,132.814
809.3,99.394,55.892,137.455,98.536,61.97,134.666,142.025,132.741,132.778
809.4,99.394,55.791,137.421,98.536,61.875,134.702,141.994,132.667,132.778
809.5,99.272,55.791,137.489,98.659,61.97,134.702,142.119,132.667,132.778
809.6,99.333,55.993,137.421,98.536,61.78,134.737,141.994,132.667,132.851
809.7,99.272,55.993,137.455,98.474,61.875,134.666,142.087,132.704,132.851
809.8,99.15,55.892,137.421,98.474,61.78,134.666,142.025,132.741,132.778
809.9,99.272,55.892,137.421,98.536,61.97,134.702,142.056,132.63,132.778
810.0,99.272,55.791,137.455,98.597,61.97,134.702,141.994,132.667,132.778
810.1,99.333,55.791,137.455,98.536,61.875,134.666,142.025,132.667,132.741
810.2,99.333,55.892,137.421,98.536,61.875,134.773,142.025,132.667,132.814
810.3,99.272,55.892,137.489,98.597,61.875,134.666,141.994,132.667,132.814
810.4,99.272,55.791,137.455,98.474,61.875,134.666,141.994,132.667,132.778
810.5,99.333,55.892,137.421,98.474,61.875,134.63,142.087,132.667,132.741
810.6,99.333,55.892,137.523,98.474,61.875,134.666,141.994,132.667,132.778
810.7,99.211,55.993,137.421,98.474,61.875,134.666,141.994,132.741,132.741
810.8,99.333,55.791,137.387,98.413,61.78,134.666,141.962,132.667,132.778
810.9,99.272,55.791,137.421,98.413,61.78,134.666,142.025,132.667,132.778
811.0,99.272,55.892,137.523,98.474,61.97,134.702,142.025,132.667,132.814
811.1,99.15,55.892,137.421,98.413,61.78,134.666,142.025,132.741,132.741
811.2,99.211,55.791,137.455,98.413,61.875,134.666,142.056,132.63,132.962
811.3,99.272,55.892,137.421,98.474,61.78,134.702,142.025,132.667,132.741
811.4,99.272,55.892,137.489,98.413,61.875,134.702,142.025,132.704,132.778
811.5,99.211,55.791,137.489,98.413,61.685,134.63,142.056,132.667,132.778
811.6,99.15,55.791,137.421,98.351,61.875,134.702,141.994,132.63,132.741
811.7,99.088,55.791,137.421,98.413,61.875,134.666,141.994,132.63,132.778
811.8,99.211,55.791,137.455,98.413,61.78,134.666,142.025,132.593,132.778
811.9,99.15,55.892,137.489,98.536,61.685,134.666,141.994,132.63,132.851
812.0,99.211,55.791,137.421,98.413,61.78,134.702,142.056,132.667,132.778
812.1,99.15,55.791,137.421,98.413,61.78,134.666,142.025,132.667,132.778
812.2,99.211,55.791,137.421,98.351,61.78,134.702,142.025,132.63,132.778
812.3,99.088,55.791,137.421,98.413,61.78,134.63,141.962,132.667,132.778
812.4,99.15,55.689,137.455,98.351,61.78,134.666,142.025,132.667,132.814
812.5,99.211,55.791,137.421,98.351,61.78,134.702,142.025,132.63,132.851
812.6,99.15,55.791,137.421,98.351,61.685,134.594,142.025,132.63,132.778
812.7,99.272,55.689,137.353,98.413,61.59,134.773,141.994,132.63,132.741
812.8,99.211,54.465,137.455,98.413,61.78,134.63,142.056,132.63,132.741
812.9,99.15,55.689,137.421,98.413,61.685,134.737,142.025,132.63,132.741
813.0,99.272,55.791,137.489,98.289,61.78,134.63,141.994,132.667,132.741
813.1,99.15,55.689,137.421,98.351,61.78,134.702,142.025,132.593,132.741
813.2,99.15,55.689,137.455,98.413,61.78,134.666,141.994,132.593,132.741
813.3,98.597,55.689,137.421,98.351,61.685,134.666,141.962,132.63,132.741
813.4,99.15,55.689,137.421,98.351,61.875,134.666,142.056,132.63,132.741
813.5,99.15,55.689,137.489,98.351,61.685,134.666,141.962,132.593,132.741
813.6,99.088,55.791,137.421,98.351,61.78,134.666,142.025,132.667,132.741
813.7,99.15,55.689,137.455,98.289,61.78,134.773,142.119,132.667,132.778
813.8,99.088,55.791,137.421,98.351,61.685,134.737,141.994,132.63,132.667
813.9,99.15,55.588,137.421,98.351,61.78,134.702,142.025,132.63,132.778
814.0,99.15,55.588,137.421,98.351,61.685,134.88,141.994,132.63,132.667
814.1,99.027,55.689,137.421,98.289,61.685,134.666,142.056,132.63,132.741
814.2,99.027,55.689,137.421,98.289,61.685,134.666,142.025,132.63,132.778
814.3,99.027,55.689,137.591,98.351,61.59,134.666,142.056,132.63,132.741
814.4,99.027,55.588,137.421,98.289,61.59,134.63,142.056,132.667,132.741
814.5,99.027,55.588,137.421,98.351,61.685,134.666,141.994,132.593,132.778
814.6,99.088,55.791,137.421,98.289,61.685,134.666,142.025,132.593,132.704
814.7,100.242,55.588,137.387,98.351,61.685,134.702,142.025,132.704,132.741
814.8,99.088,55.791,137.421,98.289,61.685,134.666,141.994,132.593,132.741
814.9,99.027,55.588,137.421,98.289,61.59,134.666,141.962,132.667,132.741
815.0,99.027,55.689,137.421,98.289,61.685,134.666,142.025,132.593,132.778
815.1,99.027,55.486,137.421,98.289,61.685,134.63,142.056,132.63,132.741
815.2,99.027,55.588,137.455,98.351,61.685,134.702,141.994,132.593,132.704
815.3,99.027,55.689,137.421,98.289,61.59,134.702,142.025,132.667,132.741
815.4,99.027,55.689,137.455,98.351,61.685,134.666,142.025,132.593,132.704
815.5,99.027,55.689,137.455,98.289,61.685,134.666,142.025,132.593,132.741
815.6,99.027,55.791,137.489,98.289,61.59,134.702,141.994,132.593,132.704
815.7,99.088,55.791,137.421,98.351,61.685,134.666,141.994,132.63,132.704
815.8,99.027,55.588,137.455,98.227,61.59,134.666,142.056,132.593,132.704
815.9,98.905,55.689,137.455,98.289,61.59,134.702,141.994,132.63,132.704
816.0,98.966,55.689,137.489,98.289,61.59,134.666,142.025,132.593,132.704
816.1,99.027,55.689,137.421,98.289,61.494,134.666,141.994,132.556,132.704
816.2,98.966,55.385,137.523,98.351,61.59,134.63,142.025,132.593,132.704
816.3,99.027,55.588,137.421,98.351,61.494,134.63,142.119,132.593,132.593
816.4,99.027,55.689,137.455,98.165,61.59,134.63,142.025,132.593,132.741
816.5,99.027,55.689,137.455,98.165,61.59,134.63,142.056,132.556,132.704
816.6,98.966,55.588,137.489,98.289,61.59,134.63,142.025,132.63,132.704
816.7,98.966,55.588,137.489,98.227,61.59,134.666,141.931,132.593,132.667
816.8,98.905,55.689,137.421,98.289,61.59,134.666,142.025,132.593,132.704
816.9,99.088,55.588,137.421,98.289,61.494,134.63,142.025,132.63,132.667
817.0,98.966,55.689,137.489,98.289,61.494,134.702,142.025,132.667,132.741
817.1,98.966,55.588,137.455,98.289,61.59,134.666,141.994,132.667,132.704
817.2,99.027,55.486,137.455,98.227,61.59,134.666,142.025,132.593,132.741
817.3,99.027,55.588,137.421,98.227,61.59,134.702,142.025,132.593,132.667
817.4,98.905,55.588,137.455,98.227,61.59,134.666,141.994,132.63,132.667
817.5,98.905,55.588,137.421,98.227,61.59,134.666,141.994,132.593,132.704
817.6,98.905,55.588,137.455,98.227,61.59,134.63,142.025,132.63,132.667
817.7,98.905,55.486,137.455,98.165,61.494,134.63,141.994,132.556,132.704
817.8,98.905,55.588,137.489,98.165,61.59,134.702,142.025,132.63,132.704
817.9,98.843,55.385,137.421,98.227,61.399,134.63,142.025,132.593,132.667
818.0,98.905,55.486,137.421,98.103,61.59,134.666,142.025,132.556,132.704
818.1,98.966,55.486,137.455,98.165,61.494,134.666,142.025,132.667,132.741
818.2,98.966,55.588,137.489,98.227,61.494,134.63,141.994,132.593,132.667
818.3,98.843,55.486,137.455,98.103,61.59,134.666,141.994,132.593,132.814
818.4,98.905,55.486,137.455,98.227,61.399,134.63,141.994,132.593,132.704
818.5,98.843,55.486,137.455,98.227,61.303,134.63,142.025,132.593,132.63
818.6,98.905,55.486,137.421,98.227,61.494,134.702,142.056,132.593,132.741
818.7,98.905,55.486,137.421,98.165,61.399,134.63,141.994,132.593,132.704
818.8,98.905,55.486,137.455,98.103,61.494,134.63,142.025,132.556,132.778
818.9,98.966,55.486,137.455,98.227,61.494,134.63,141.994,132.519,132.704
819.0,98.905,55.486,137.489,98.165,61.494,134.63,142.025,132.593,132.667
819.1,98.843,55.486,137.455,98.227,61.494,134.702,141.994,132.556,132.667
819.2,98.905,55.486,137.455,98.103,61.494,134.63,141.994,132.593,132.667
819.3,98.843,55.486,137.455,98.041,61.399,134.63,141.962,132.63,132.667
819.4,98.905,55.385,137.489,98.165,61.399,134.63,142.025,132.593,132.667
819.5,98.782,55.486,137.455,98.165,61.399,134.63,141.994,132.556,132.741
819.6,98.905,55.486,137.455,98.103,61.399,134.63,142.025,132.63,132.667
819.7,98.843,55.385,137.455,98.227,61.399,134.63,141.994,132.593,132.704
819.8,98.843,55.486,137.421,98.165,61.494,134.666,142.025,132.593,132.593
819.9,98.843,55.486,137.455,98.165,61.494,134.666,141.994,132.519,132.667
820.0,98.843,55.385,137.421,98.103,61.399,134.737,141.994,132.556,132.667
820.1,98.843,55.486,137.421,98.165,61.399,134.63,142.056,132.556,132.667
820.2,98.905,55.486,137.489,98.227,61.399,134.63,142.025,132.556,132.704
820.3,98.843,55.283,137.455,98.103,61.399,134.63,142.025,132.556,132.704
820.4,98.843,55.385,137.421,98.165,61.399,134.63,142.025,132.556,132.704
820.5,98.843,55.283,137.455,98.103,61.399,134.666,142.025,132.556,132.704
820.6,98.782,55.385,137.489,98.165,61.399,134.702,142.025,132.556,132.704
820.7,98.782,55.385,137.387,98.227,61.399,134.63,141.994,132.556,132.667
820.8,98.782,55.385,137.523,98.165,61.399,134.702,142.056,132.593,132.667
820.9,99.088,55.486,137.421,98.041,61.399,134.63,142.025,132.593,132.63
821.0,98.721,55.486,137.421,98.165,61.494,134.63,142.056,132.519,132.667
821.1,98.843,55.181,137.455,98.165,61.399,134.63,141.994,132.593,132.741
821.2,98.782,55.486,137.455,98.103,61.399,134.63,142.025,132.593,132.667
821.3,98.782,55.385,137.455,98.103,61.399,134.666,141.962,132.593,132.667
821.4,98.782,55.385,137.421,98.165,61.303,134.63,141.994,132.556,132.667
821.5,98.782,55.385,137.455,98.041,61.399,134.63,142.025,132.556,132.741
821.6,98.782,55.385,137.421,98.103,61.399,134.702,141.994,132.593,132.704
821.7,98.721,55.486,137.455,98.041,61.303,134.63,142.056,132.519,132.667
821.8,98.782,55.385,137.455,98.103,61.494,134.666,142.025,132.556,132.667
821.9,98.597,55.385,137.455,98.103,61.303,134.63,142.056,132.556,132.63
822.0,98.905,55.385,137.455,98.041,61.399,134.63,142.025,132.556,132.667
822.1,98.782,55.385,137.421,97.979,61.399,134.702,142.025,132.556,132.63
822.2,98.843,55.283,137.489,98.103,61.399,134.666,142.025,132.519,132.704
822.3,98.721,55.385,137.421,98.103,61.494,134.63,142.025,132.593,132.704
822.4,98.721,55.385,137.455,97.855,61.207,134.594,142.056,132.556,132.667
822.5,98.721,55.283,137.421,98.041,61.207,134.63,141.994,132.556,132.63
822.6,98.721,55.486,137.421,98.103,61.494,134.702,142.056,132.519,132.63
822.7,98.659,55.283,137.455,98.041,61.303,134.63,142.025,132.519,132.667
822.8,98.659,55.181,137.489,98.041,61.399,134.63,141.994,132.556,132.63
822.9,98.782,55.385,137.421,98.041,61.303,134.63,142.025,132.482,132.667
823.0,98.782,55.283,137.489,98.041,61.399,134.594,142.025,132.593,132.667
823.1,98.721,55.283,137.387,98.165,61.207,134.63,142.025,132.556,132.704
823.2,98.721,55.283,137.455,98.041,61.207,134.63,142.025,132.593,132.667
823.3,98.721,55.283,137.455,98.103,61.303,134.63,141.994,132.556,132.667
823.4,98.659,55.385,137.421,98.165,61.207,134.666,142.025,132.556,132.704
823.5,98.721,55.283,137.489,98.165,61.303,134.702,142.025,132.556,132.778
823.6,98.782,55.283,137.455,98.041,61.303,134.63,142.025,132.556,132.667
823.7,98.659,55.283,137.557,98.103,61.303,134.63,141.994,132.519,132.741
823.8,98.659,55.283,137.421,98.041,61.303,134.666,141.994,132.593,132.63
823.9,98.721,55.283,137.455,98.041,61.303,134.594,142.087,132.556,132.667
824.0,98.782,55.283,137.421,98.041,61.207,134.63,141.962,132.556,132.667
824.1,98.597,55.283,137.489,97.979,61.303,134.594,142.056,132.556,132.667
824.2,98.659,55.385,137.489,98.103,61.303,134.666,142.056,132.556,132.667
824.3,98.659,55.283,137.455,98.103,61.207,134.63,142.025,132.519,132.741
824.4,98.659,55.181,137.455,97.979,61.303,134.63,141.994,132.593,132.63
824.5,98.659,55.283,137.455,98.041,61.207,134.63,141.868,132.556,132.63
824.6,98.721,55.283,137.455,98.041,61.207,134.63,142.025,132.556,132.63
824.7,98.659,55.283,137.421,97.979,61.303,134.63,142.025,132.593,132.667
824.8,98.721,55.283,137.455,98.041,61.207,134.63,142.025,132.593,132.667
824.9,98.782,55.283,137.455,98.041,61.303,134.63,141.994,132.482,132.667
825.0,98.721,55.283,137.489,98.041,61.207,134.63,142.087,132.519,132.63
825.1,98.659,55.283,137.455,97.917,61.207,134.666,141.994,132.519,132.667
825.2,98.597,55.283,137.421,97.979,61.207,134.63,142.025,132.519,132.63
825.3,98.597,55.283,137.489,98.041,61.112,134.63,142.025,132.519,132.63
825.4,98.597,55.181,137.455,98.041,61.303,134.63,142.056,132.519,132.63
825.5,98.659,55.385,137.455,97.979,61.207,134.594,142.025,132.519,132.63
825.6,99.027,55.283,137.421,97.979,61.303,134.63,142.025,132.519,132.593
825.7,98.597,55.181,137.489,97.979,61.303,134.63,141.962,132.519,132.63
825.8,98.659,55.283,137.455,98.041,61.303,134.63,141.994,132.556,132.63
825.9,98.659,55.283,137.455,97.979,61.207,134.63,142.025,132.482,132.593
826.0,98.659,55.079,137.489,98.041,61.112,134.594,142.025,132.556,132.593
826.1,98.659,55.181,137.489,97.917,61.112,134.594,142.025,132.556,132.63
826.2,98.597,55.079,137.455,97.979,61.207,134.63,142.025,132.519,132.63
826.3,98.597,55.283,137.489,97.979,61.207,134.666,142.025,132.519,132.63
826.4,98.597,55.283,137.387,97.917,61.207,134.666,141.994,132.519,132.63
826.5,98.597,55.283,137.387,97.917,61.207,134.594,142.025,132.519,132.63
826.6,98.721,55.181,137.489,97.917,61.207,134.63,142.056,132.519,132.63
826.7,98.597,55.283,137.421,98.041,61.207,134.63,142.025,132.482,132.593
826.8,98.536,55.283,137.489,97.979,61.207,134.63,142.056,132.519,132.63
826.9,98.536,55.181,137.489,97.917,61.207,134.594,141.994,132.482,132.63
827.0,98.597,55.181,137.387,97.917,61.207,134.63,142.056,132.519,132.667
827.1,98.536,55.181,137.455,97.917,61.112,134.594,141.994,132.519,132.667
827.2,98.536,55.181,137.489,97.855,61.016,134.63,142.025,132.519,132.593
827.3,98.597,55.079,137.421,97.979,61.207,134.63,142.056,132.556,132.63
827.4,98.536,55.181,137.455,97.979,61.207,134.63,141.931,132.519,132.63
827.5,98.597,55.079,137.455,97.917,61.207,134.594,142.056,132.519,132.63
827.6,98.536,55.181,137.489,98.041,61.207,134.594,142.025,132.482,132.593
827.7,98.536,55.181,137.421,97.855,61.112,134.63,142.056,132.519,132.593
827.8,98.597,55.181,137.455,97.979,61.303,134.63,142.025,132.482,132.63
827.9,98.536,55.181,137.455,97.917,61.112,134.63,142.025,132.482,132.63
828.0,98.597,55.181,137.489,97.917,61.112,134.594,141.962,132.519,132.63
828.1,98.536,55.181,137.421,97.979,61.016,134.63,142.025,132.519,132.63
828.2,98.536,55.181,137.455,97.917,61.112,134.63,142.056,132.519,132.556
828.3,98.597,55.181,137.421,97.979,61.112,134.63,142.025,132.519,132.63
828.4,98.659,55.181,137.421,97.917,61.112,134.594,141.994,132.519,132.593
828.5,98.474,55.181,137.455,97.917,61.112,134.594,142.025,132.519,132.63
828.6,98.474,55.181,137.489,97.917,61.112,134.63,141.994,132.519,132.593
828.7,98.536,55.079,137.455,97.917,61.112,134.523,142.056,132.482,132.667
828.8,98.782,55.079,137.421,97.855,61.112,134.63,142.025,132.519,132.593
828.9,98.474,55.181,137.455,97.917,61.016,134.63,142.025,132.519,132.667
829.0,98.536,55.181,137.421,97.917,61.112,134.63,142.056,132.519,132.519
829.1,98.474,55.181,137.557,97.917,60.92,134.594,142.025,132.519,132.593
829.2,98.413,55.181,137.455,97.855,61.112,134.594,141.994,132.482,132.593
829.3,98.474,55.079,137.489,97.855,61.112,134.594,141.994,132.519,132.593
829.4,98.536,55.181,137.421,97.917,61.016,134.594,142.025,132.519,132.593
829.5,98.474,55.181,137.489,97.917,61.112,134.523,142.056,132.482,132.63
829.6,98.536,55.181,137.455,97.917,61.207,134.63,142.025,132.482,132.63
829.7,98.474,55.079,137.455,97.855,61.016,134.63,141.994,132.482,132.593
829.8,98.351,54.977,137.455,97.855,61.016,134.63,142.056,132.482,132.556
829.9,98.536,55.181,137.489,97.793,61.112,134.63,142.025,132.519,132.556
830.0,98.474,55.079,137.455,97.917,61.016,134.594,142.056,132.444,132.593
830.1,98.536,55.079,137.455,97.793,61.112,134.63,142.025,132.444,132.556
830.2,98.474,55.079,137.455,97.855,61.112,134.63,141.994,132.482,132.556
830.3,98.474,55.079,137.455,97.979,60.92,134.594,142.025,132.482,132.63
830.4,98.413,55.079,137.455,97.855,61.016,134.666,142.025,132.482,132.593
830.5,98.474,55.079,137.455,97.855,61.112,134.666,141.994,132.519,132.593
830.6,98.474,55.181,137.489,97.855,61.016,134.451,142.025,132.519,132.593
830.7,98.474,55.079,137.523,97.917,61.016,134.63,142.056,132.482,132.593
830.8,98.474,55.079,137.523,97.855,60.824,134.594,142.025,132.519,132.593
830.9,98.413,55.079,137.489,97.855,61.016,134.594,142.025,132.482,132.593
831.0,98.474,54.977,137.387,97.855,61.016,134.63,141.994,132.444,132.556
831.1,98.413,55.079,137.489,97.793,60.92,134.594,142.056,132.482,132.556
831.2,98.474,54.977,137.455,97.793,61.016,134.63,142.025,132.482,132.593
831.3,98.413,55.079,137.489,97.855,61.016,134.594,142.056,132.519,132.556
831.4,98.474,54.977,137.455,97.855,61.016,134.63,142.025,132.444,132.593
831.5,98.289,54.977,137.455,97.855,61.016,134.594,142.025,132.519,132.593
831.6,98.474,55.079,137.455,97.793,61.016,134.559,142.087,132.444,132.63
831.7,98.474,55.181,137.489,97.793,60.92,134.63,142.025,132.482,132.519
831.8,98.351,54.977,137.489,97.855,61.016,134.63,142.025,132.444,132.593
831.9,98.413,54.977,137.455,97.793,61.016,134.594,142.056,132.482,132.593
832.0,98.413,54.977,137.489,97.855,60.92,134.594,142.025,132.407,132.556
832.1,98.413,54.875,137.455,97.793,61.016,134.594,142.025,132.482,132.593
832.2,98.474,54.977,137.421,97.793,60.824,134.63,141.994,132.482,132.63
832.3,98.413,54.977,137.421,97.855,61.016,134.594,141.994,132.444,132.556
832.4,98.351,54.977,137.455,97.793,60.92,134.487,142.025,132.519,132.593
832.5,98.413,54.977,137.489,97.917,60.92,134.594,142.056,132.444,132.593
832.6,98.351,54.977,137.489,97.793,61.016,134.594,142.025,132.444,132.556
832.7,98.351,54.977,137.489,97.731,60.92,134.63,141.994,132.519,132.593
832.8,98.413,54.977,137.421,97.793,60.92,134.594,142.025,132.444,132.556
832.9,98.351,54.977,137.421,97.793,60.824,134.594,141.994,132.444,132.556
833.0,98.413,54.875,137.489,97.731,60.92,134.594,142.056,132.444,132.556
833.1,98.165,54.977,137.489,97.793,60.92,134.594,142.056,132.556,132.593
833.2,98.413,54.875,137.489,97.731,60.92,134.63,142.087,132.444,132.556
833.3,98.413,54.977,137.421,97.793,60.92,134.63,142.025,132.482,132.593
833.4,98.289,55.079,137.455,97.793,60.92,134.63,141.994,132.444,132.593
833.5,98.351,54.875,137.489,97.606,60.92,134.594,141.994,132.444,132.556
833.6,98.289,54.977,137.489,97.731,60.92,134.559,142.087,132.519,132.556
833.7,98.289,54.772,137.421,97.793,60.92,134.594,141.994,132.482,132.593
833.8,98.351,54.977,137.455,97.793,60.824,134.63,142.025,132.482,132.593
833.9,98.351,54.977,137.421,97.668,60.824,134.666,142.056,132.407,132.556
834.0,98.351,54.875,137.455,97.731,60.92,134.594,142.056,132.482,132.63
834.1,98.413,54.977,137.489,97.731,60.824,134.63,142.056,132.519,132.519
834.2,98.227,54.875,137.421,97.668,60.92,134.594,142.025,132.444,132.593
834.3,98.289,54.875,137.489,97.793,61.016,134.594,142.025,132.444,132.556
834.4,98.289,54.875,137.523,97.668,60.92,134.594,141.994,132.444,132.519
834.5,98.289,54.977,137.455,97.731,60.824,134.63,141.994,132.482,132.63
834.6,98.289,54.977,137.455,97.793,60.824,134.702,142.025,132.444,132.556
834.7,98.289,54.977,137.489,97.668,60.92,134.594,142.025,132.407,132.556
834.8,98.165,54.875,137.421,97.668,60.824,134.63,142.087,132.444,132.593
834.9,98.351,54.875,137.421,97.731,60.824,134.63,141.994,132.519,132.593
835.0,98.227,54.875,137.455,97.731,60.824,134.594,142.056,132.407,132.482
835.1,98.289,54.875,137.455,97.793,60.824,134.594,142.025,132.444,132.556
835.2,98.351,54.977,137.489,97.668,60.824,134.63,142.056,132.407,132.519
835.3,98.289,54.875,137.489,97.731,60.92,134.594,142.025,132.444,132.556
835.4,98.289,54.875,137.455,97.668,60.92,134.63,142.025,132.444,132.63
835.5,98.289,54.875,137.455,97.793,60.92,134.594,142.056,132.444,132.519
835.6,98.227,54.875,137.455,97.731,60.824,134.594,142.056,132.444,132.593
835.7,98.227,54.875,137.489,97.731,60.824,134.594,142.087,132.444,132.556
835.8,98.227,54.977,137.489,97.731,60.824,134.63,141.994,132.444,132.556
835.9,98.227,54.875,137.489,97.793,60.92,134.63,142.025,132.444,132.593
836.0,98.227,54.772,137.489,97.731,60.824,134.63,141.994,132.444,132.63
836.1,98.289,54.875,137.489,97.793,60.824,134.594,142.025,132.37,132.556
836.2,98.289,54.875,137.489,97.731,60.824,134.594,142.056,132.519,132.556
836.3,98.227,54.875,137.455,97.668,60.824,134.63,142.025,132.444,132.556
836.4,98.165,54.977,137.455,97.731,60.824,134.594,142.025,132.444,132.556
836.5,98.227,54.875,137.557,97.543,60.727,134.594,142.025,132.556,132.519
836.6,98.289,54.875,137.523,97.731,60.824,134.63,142.025,132.482,132.556
836.7,98.227,54.977,137.455,97.731,60.727,134.63,142.056,132.444,132.667
836.8,98.227,54.977,137.489,97.731,60.824,134.63,142.056,132.444,132.556
836.9,98.289,54.875,137.455,97.731,60.824,134.63,141.994,132.444,132.519
837.0,98.227,54.772,137.455,97.668,60.727,134.63,142.025,132.444,132.519
837.1,98.289,54.875,137.489,97.668,60.727,134.63,142.056,132.444,132.667
837.2,98.227,54.977,137.455,97.668,60.824,134.594,142.056,132.444,132.593
837.3,98.289,54.875,137.489,97.668,60.824,134.594,142.056,132.407,132.667
837.4,98.227,54.875,137.489,97.668,60.824,134.666,142.025,132.444,132.519
837.5,98.227,54.875,137.455,97.668,60.727,134.63,142.056,132.407,132.519
837.6,98.289,54.977,137.591,97.668,60.727,134.594,142.025,132.444,132.519
837.7,98.165,54.875,137.489,97.668,60.824,134.666,141.994,132.444,132.556
837.8,98.227,54.875,137.489,97.606,60.727,134.63,142.025,132.482,132.519
837.9,98.289,54.772,137.523,97.606,60.727,134.594,142.056,132.444,132.519
838.0,98.227,54.977,137.455,97.668,60.824,134.63,141.994,132.444,132.519
838.1,98.165,54.772,137.591,97.606,60.727,134.63,142.025,132.407,132.556
838.2,98.227,54.772,137.489,97.606,60.824,134.63,142.087,132.407,132.556
838.3,98.165,54.875,137.489,97.606,60.824,134.594,142.025,132.444,132.593
838.4,98.165,54.772,137.489,97.731,60.727,134.594,142.056,132.444,132.519
838.5,98.227,54.772,137.455,97.606,60.824,134.594,142.056,132.407,132.519
838.6,98.227,54.875,137.455,97.668,60.92,134.594,142.056,132.444,132.519
838.7,98.227,54.875,137.455,97.606,60.727,134.594,142.025,132.37,132.519
838.8,98.165,54.772,137.523,97.855,60.727,134.594,141.994,132.444,132.556
838.9,98.227,54.875,137.455,97.668,60.727,134.63,142.056,132.407,132.519
839.0,98.227,54.772,137.489,97.606,60.727,134.559,142.025,132.444,132.556
839.1,98.165,54.772,137.455,97.606,60.727,134.559,142.025,132.407,132.556
839.2,98.227,54.875,137.489,97.606,60.824,134.594,142.025,132.444,132.519
839.3,98.165,54.772,137.455,97.606,60.727,134.594,142.025,132.444,132.482
839.4,98.165,54.772,137.489,97.668,60.824,134.594,141.994,132.407,132.519
839.5,98.165,54.67,137.489,97.606,60.824,134.594,141.994,132.407,132.519
839.6,98.165,54.772,137.489,97.668,60.727,134.594,141.994,132.407,132.519
839.7,97.979,54.772,137.489,97.668,60.727,134.559,142.056,132.444,132.593
839.8,98.165,54.772,137.455,97.606,60.727,134.594,142.087,132.407,132.556
839.9,98.103,54.67,137.489,97.668,60.631,134.702,141.994,132.407,132.556
840.0,98.165,54.772,137.421,97.668,60.727,134.559,142.025,132.407,132.63
840.1,98.103,54.772,137.421,97.543,60.824,134.594,142.025,132.37,132.519
840.2,98.165,54.67,137.489,97.606,60.824,134.594,141.931,132.444,132.519
840.3,98.165,54.772,137.455,97.606,60.727,134.63,141.994,132.444,132.593
840.4,98.103,54.67,137.557,97.606,60.824,134.63,142.025,132.407,132.593
840.5,98.103,54.772,137.523,97.543,60.631,134.559,142.025,132.407,132.593
840.6,98.165,54.772,137.523,97.606,60.631,134.594,142.025,132.407,132.519
840.7,98.165,54.772,137.489,97.606,60.824,134.594,142.025,132.37,132.519
840.8,98.165,54.67,137.455,97.606,60.727,134.594,141.994,132.37,132.519
840.9,98.103,54.67,137.489,97.606,60.727,134.594,142.025,132.444,132.482
841.0,98.227,54.772,137.489,97.606,60.727,134.594,141.994,132.407,132.556
841.1,98.103,54.67,137.489,97.606,60.727,134.559,141.899,132.407,132.593
841.2,98.103,54.772,137.489,97.668,60.631,134.594,142.025,132.407,132.482
841.3,98.103,54.67,137.489,97.606,60.631,134.594,142.025,132.407,132.556
841.4,98.165,54.67,137.489,97.606,60.727,134.63,141.994,132.407,132.482
841.5,98.041,54.67,137.455,97.606,60.727,134.594,141.994,132.37,132.482
841.6,98.103,54.67,137.455,97.543,60.631,134.559,142.025,132.407,132.519
841.7,98.103,54.875,137.489,97.606,60.631,134.594,142.025,132.37,132.519
841.8,98.103,54.875,137.489,97.543,60.535,134.594,142.025,132.407,132.519
841.9,98.041,54.772,137.421,97.606,60.631,134.594,142.025,132.37,132.519
842.0,98.103,54.772,137.455,97.543,60.631,134.594,142.056,132.407,132.519
842.1,98.103,54.67,137.489,97.606,60.824,134.594,142.025,132.37,132.556
842.2,98.041,54.772,137.523,97.543,60.535,134.594,142.119,132.37,132.519
842.3,98.041,54.67,137.455,97.543,60.535,134.594,142.056,132.37,132.519
842.4,98.103,54.67,137.489,97.543,60.631,134.63,142.025,132.37,132.556
842.5,98.041,54.67,137.489,97.543,60.535,134.594,141.994,132.407,132.556
842.6,98.041,54.67,137.489,97.606,60.631,134.594,142.025,132.444,132.482
842.7,98.103,54.567,137.455,97.606,60.631,134.594,142.025,132.407,132.519
842.8,98.041,54.67,137.489,97.543,60.631,134.559,142.025,132.333,132.482
842.9,98.041,54.67,137.489,97.606,60.631,134.63,142.025,132.37,132.519
843.0,98.103,54.67,137.523,97.543,60.535,134.63,142.025,132.407,132.556
843.1,98.041,54.67,137.489,97.481,60.727,134.594,142.056,132.407,132.482
843.2,98.041,54.67,137.489,97.606,60.631,134.594,142.025,132.37,132.519
843.3,97.979,54.567,137.489,97.543,60.535,134.559,142.056,132.407,132.556
843.4,98.041,54.67,137.489,97.606,60.535,134.594,142.056,132.444,132.482
843.5,98.041,54.67,137.455,97.543,60.631,134.594,142.087,132.407,132.593
843.6,98.041,54.67,137.557,97.543,60.631,134.594,142.056,132.444,132.482
843.7,97.979,54.567,137.489,97.606,60.535,134.559,142.056,132.407,132.593
843.8,98.041,54.67,137.455,97.543,60.535,134.559,141.994,132.37,132.482
843.9,98.041,54.67,137.489,97.419,60.631,134.559,142.087,132.37,132.482
844.0,98.041,54.67,137.489,97.481,60.535,134.594,142.025,132.407,132.482
844.1,98.041,54.67,137.455,97.543,60.631,134.594,142.025,132.407,132.519
844.2,98.041,54.67,137.421,97.543,60.631,134.594,141.994,132.482,132.444
844.3,98.041,54.772,137.523,97.543,60.535,134.594,142.025,132.37,132.444
844.4,97.979,54.567,137.455,97.606,60.535,134.523,142.025,132.407,132.407
844.5,98.041,54.67,137.557,97.668,60.631,134.559,142.025,132.444,132.556
844.6,97.979,54.567,137.489,97.481,60.535,134.594,142.025,132.37,132.519
844.7,98.041,54.67,137.489,97.543,60.535,134.594,142.056,132.407,132.482
844.8,97.979,54.567,137.523,97.543,60.535,134.594,141.994,132.37,132.519
844.9,98.041,54.67,137.489,97.481,60.535,134.594,141.994,132.37,132.482
845.0,97.979,54.567,137.489,97.543,60.535,134.63,142.025,132.37,132.556
845.1,97.979,54.67,137.455,97.481,60.535,134.594,142.025,132.407,132.556
845.2,98.041,54.567,137.489,97.543,60.631,134.559,142.056,132.37,132.444
845.3,97.979,54.67,137.387,97.543,60.535,134.594,142.025,132.37,132.482
845.4,97.979,54.567,137.489,97.543,60.438,134.594,142.025,132.333,132.482
845.5,97.979,55.181,137.421,97.481,60.438,134.559,142.056,132.37,132.482
845.6,97.917,54.67,137.489,97.668,60.438,134.594,142.056,132.37,132.482
845.7,97.979,54.567,137.421,97.481,60.535,134.523,142.056,132.37,132.482
845.8,98.041,54.567,137.455,97.419,60.535,134.559,142.056,132.333,132.482
845.9,98.041,54.567,137.489,97.481,60.631,134.594,142.056,132.444,132.482
846.0,97.979,54.465,137.455,97.481,60.342,134.559,142.056,132.37,132.444
846.1,98.041,54.567,137.557,97.419,60.438,134.63,141.962,132.296,132.482
846.2,98.103,54.465,137.489,97.481,60.535,134.594,141.994,132.37,132.519
846.3,97.917,54.67,137.489,97.481,60.438,134.594,142.025,132.37,132.556
846.4,97.979,54.567,137.489,97.543,60.535,134.594,142.056,132.407,132.444
846.5,98.041,54.67,137.455,97.481,60.438,134.523,142.025,132.37,132.519
846.6,97.917,54.67,137.489,97.543,60.535,134.559,142.025,132.37,132.482
846.7,98.289,54.567,137.489,97.481,60.535,134.594,142.056,132.296,132.482
846.8,97.917,54.567,137.455,97.543,60.438,134.594,142.025,132.37,132.482
846.9,97.979,54.567,137.489,97.543,60.342,134.559,142.025,132.37,132.482
847.0,97.917,54.567,137.489,97.481,60.438,134.666,142.025,132.407,132.444
847.1,97.917,54.567,137.455,97.543,60.535,134.594,142.056,132.37,132.333
847.2,97.979,54.67,137.489,97.293,60.535,134.594,141.994,132.407,132.482
847.3,97.917,54.567,137.489,97.481,60.535,134.559,142.025,132.37,132.482
847.4,97.979,54.67,137.523,97.481,60.438,134.594,142.056,132.333,132.519
847.5,97.917,54.567,137.455,97.481,60.535,134.559,142.087,132.37,132.444
847.6,97.979,54.567,137.557,97.481,60.438,134.594,142.025,132.333,132.519
847.7,97.917,54.67,137.489,97.419,60.438,134.487,142.025,132.407,132.444
847.8,97.917,54.567,137.489,97.543,60.438,134.523,142.056,132.333,132.519
847.9,98.413,54.567,137.455,97.481,60.342,134.594,141.994,132.333,132.519
848.0,97.917,54.567,137.523,97.543,60.438,134.63,142.056,132.333,132.482
848.1,97.917,54.465,137.455,97.543,60.438,134.559,142.025,132.37,132.482
848.2,97.917,54.567,137.455,97.543,60.342,134.559,142.025,132.37,132.556
848.3,97.917,54.567,137.421,97.481,60.535,134.594,142.025,132.333,132.444
848.4,97.979,54.567,137.523,97.481,60.438,134.559,142.025,132.407,132.482
848.5,97.979,54.465,137.489,97.481,60.438,134.594,142.087,132.333,132.482
848.6,97.979,54.465,137.489,97.481,60.438,134.63,142.025,132.37,132.482
848.7,97.979,54.465,137.489,97.543,60.535,134.594,142.025,132.333,132.482
848.8,97.979,54.465,137.523,97.419,60.438,134.594,142.025,132.333,132.444
848.9,97.855,54.362,137.421,97.481,60.438,134.594,141.931,132.37,132.482
849.0,97.917,54.465,137.455,97.419,60.342,134.559,142.025,132.333,132.444
849.1,97.917,54.67,137.455,97.419,60.342,134.594,142.025,132.37,132.482
849.2,97.917,54.465,137.489,97.419,60.438,134.559,142.056,132.37,132.444
849.3,97.855,54.465,137.489,97.419,60.438,134.63,142.119,132.333,132.593
849.4,97.855,54.465,137.455,97.356,60.438,134.594,141.994,132.333,132.482
849.5,97.917,54.465,137.489,97.419,60.438,134.63,142.025,132.333,132.444
849.6,97.855,54.465,137.489,97.481,60.535,134.594,142.025,132.37,132.444
849.7,97.855,54.465,137.489,97.419,60.342,134.594,142.056,132.333,132.482
849.8,97.917,54.465,137.455,97.481,60.438,134.63,141.994,132.37,132.556
849.9,97.917,54.465,137.523,97.419,60.438,134.594,142.025,132.37,132.482
850.0,97.793,54.362,137.421,97.293,60.342,134.559,142.056,132.333,132.407
850.1,97.917,54.362,137.489,97.419,60.342,134.594,142.025,132.296,132.519
850.2,97.731,54.465,137.455,97.419,60.535,134.559,141.994,132.37,132.482
850.3,97.917,54.465,137.455,97.356,60.438,134.63,141.962,132.37,132.444
850.4,97.855,54.259,137.523,97.419,60.342,134.594,142.025,132.333,132.444
850.5,97.917,54.567,137.523,97.419,60.438,134.559,142.056,132.296,132.519
850.6,97.855,54.465,137.455,97.419,60.438,134.559,142.056,132.333,132.444
850.7,97.855,54.465,137.455,97.419,60.342,134.523,142.025,132.37,132.556
850.8,97.855,54.875,137.489,97.419,60.438,134.559,141.994,132.333,132.482
850.9,97.917,54.465,137.489,97.419,60.342,134.559,142.025,132.333,132.444
851.0,97.855,54.465,137.489,97.419,60.438,134.63,142.056,132.37,132.482
851.1,97.917,54.362,137.455,97.481,60.342,134.559,142.025,132.333,132.444
851.2,97.855,54.567,137.455,97.419,60.342,134.523,141.994,132.333,132.444
851.3,97.855,54.465,137.455,97.481,60.438,134.559,142.119,132.333,132.444
851.4,97.855,54.362,137.455,97.419,60.342,134.559,142.056,132.333,132.444
851.5,97.793,54.465,137.489,97.481,60.438,134.594,142.025,132.37,132.482
851.6,97.793,54.465,137.455,97.419,60.342,134.559,142.025,132.296,132.444
851.7,97.917,54.362,137.523,97.419,60.342,134.559,142.025,132.519,132.482
851.8,97.855,54.465,137.523,97.419,60.245,134.523,141.994,132.333,132.444
851.9,97.855,54.362,137.523,97.293,60.342,134.523,142.025,132.37,132.444
852.0,97.793,54.465,137.489,97.419,60.342,134.559,142.025,132.333,132.444
852.1,97.855,54.465,137.421,97.481,60.342,134.559,142.056,132.333,132.482
852.2,97.855,54.362,137.455,97.356,60.342,134.559,142.056,132.333,132.482
852.3,97.855,54.362,137.489,97.419,60.342,134.559,142.056,132.333,132.444
852.4,97.855,54.362,137.455,97.419,60.245,134.559,142.056,132.37,132.444
852.5,97.855,54.362,137.489,97.419,60.342,134.559,141.994,132.333,132.407
852.6,97.855,54.362,137.489,97.481,60.342,134.523,142.056,132.333,132.444
852.7,97.793,54.465,137.489,97.356,60.245,134.559,142.025,132.37,132.444
852.8,97.793,54.567,137.557,97.356,60.342,134.559,142.025,132.296,132.482
852.9,97.855,54.362,137.489,97.356,60.342,134.594,142.087,132.296,132.444
853.0,97.917,54.362,137.489,97.419,60.245,134.559,142.025,132.333,132.519
853.1,97.917,54.362,137.489,97.419,60.342,134.559,142.087,132.296,132.407
853.2,97.855,54.362,137.455,97.356,60.342,134.559,142.025,132.296,132.482
853.3,97.917,54.259,137.455,97.356,60.342,134.63,142.087,132.333,132.482
853.4,97.855,54.362,137.489,97.356,60.342,134.594,142.025,132.37,132.407
853.5,97.793,54.362,137.455,97.356,60.245,134.559,141.994,132.296,132.444
853.6,97.793,54.362,137.489,97.356,60.245,134.559,142.025,132.296,132.444
853.7,97.855,54.465,137.489,97.356,60.342,134.559,141.994,132.296,132.482
853.8,97.793,54.362,137.489,97.356,60.245,134.559,142.025,132.37,132.407
853.9,97.793,54.259,137.455,97.356,60.342,134.594,142.056,132.333,132.407
854.0,97.731,54.362,137.455,97.419,60.245,134.594,141.962,132.333,132.519
854.1,97.731,54.259,137.489,97.356,60.342,134.559,142.025,132.296,132.37
854.2,97.793,54.362,137.489,97.419,60.245,134.559,142.056,132.259,132.37
854.3,97.855,54.362,137.455,97.419,60.342,134.594,141.994,132.333,132.482
854.4,97.917,54.362,137.455,97.356,60.342,134.559,142.025,132.333,132.482
854.5,97.793,54.259,137.489,97.356,60.148,134.63,142.087,132.333,132.444
854.6,97.855,54.362,137.489,97.356,60.245,134.559,142.025,132.333,132.444
854.7,97.855,54.362,137.455,97.293,60.245,134.559,142.025,132.296,132.482
854.8,97.979,54.362,137.489,97.419,60.245,134.594,141.994,132.296,132.482
854.9,97.793,54.259,137.523,97.293,60.342,134.559,142.025,132.296,132.407
855.0,98.041,54.362,137.489,97.356,60.342,134.559,142.025,132.296,132.444
855.1,97.793,54.259,137.455,97.356,60.245,134.594,141.994,132.296,132.444
855.2,97.793,54.362,137.421,97.419,60.245,134.559,142.025,132.296,132.37
855.3,97.793,54.362,137.489,97.293,60.342,134.559,142.025,132.296,132.444
855.4,97.731,54.465,137.489,97.419,60.245,134.594,142.025,132.296,132.407
855.5,97.793,54.362,137.489,97.356,60.245,134.594,142.15,132.296,132.444
855.6,97.731,54.362,137.489,97.356,60.245,134.523,142.025,132.444,132.444
855.7,97.793,54.362,137.489,97.419,60.245,134.594,141.994,132.333,132.407
855.8,97.793,54.362,137.523,97.356,59.955,134.63,142.056,132.296,132.407
855.9,97.731,54.259,137.489,97.293,60.342,134.559,142.025,132.296,132.482
856.0,97.731,54.362,137.489,97.419,60.245,134.594,142.087,132.296,132.444
856.1,97.731,54.362,137.523,97.293,60.245,134.523,142.025,132.333,132.444
856.2,97.731,54.259,137.489,97.293,60.148,134.559,142.056,132.296,132.407
856.3,97.793,54.465,137.455,97.293,60.245,134.559,142.087,132.333,132.444
856.4,97.668,54.259,137.455,97.419,60.245,134.559,142.025,132.296,132.444
856.5,97.793,54.259,137.489,97.356,60.245,134.523,142.056,132.296,132.407
856.6,97.793,54.362,137.489,97.293,60.245,134.559,142.025,132.333,132.407
856.7,97.793,54.259,137.489,97.419,60.342,134.559,141.994,132.296,132.407
856.8,97.793,54.362,137.455,97.356,60.245,134.594,142.056,132.37,132.407
856.9,97.731,54.259,137.489,97.293,60.148,134.559,142.025,132.333,132.482
857.0,97.731,54.362,137.489,97.293,60.148,134.559,142.087,132.296,132.444
857.1,97.793,54.259,137.455,97.293,60.148,134.559,142.025,132.37,132.407
857.2,97.793,54.362,137.455,97.293,60.148,134.63,141.994,132.296,132.444
857.3,97.731,54.259,137.455,97.356,60.148,134.559,142.025,132.333,132.407
857.4,97.668,54.362,137.557,97.293,60.052,134.559,142.056,132.296,132.444
857.5,97.668,54.259,137.489,97.356,60.342,134.594,141.994,132.296,132.444
857.6,97.731,54.259,137.455,97.419,60.342,134.594,142.025,132.333,132.444
857.7,97.793,54.259,137.489,97.356,60.245,134.523,142.025,132.333,132.407
857.8,97.731,54.362,137.455,97.293,60.148,134.63,142.025,132.333,132.482
857.9,97.731,54.259,137.489,97.293,60.148,134.559,142.025,132.184,132.482
858.0,97.731,54.362,137.489,97.293,60.148,134.559,142.025,132.296,132.407
858.1,97.668,54.259,137.489,97.293,60.148,134.559,142.056,132.333,132.407
858.2,97.668,54.259,137.489,97.293,60.148,134.559,142.025,132.37,132.407
858.3,97.731,54.156,137.455,97.231,60.148,134.594,142.025,132.296,132.444
858.4,97.731,54.362,137.489,97.293,60.148,134.594,141.994,132.296,132.333
858.5,97.668,54.259,137.489,97.356,60.148,134.559,142.025,132.296,132.37
858.6,97.668,54.259,137.455,97.293,60.245,134.523,142.056,132.333,132.407
858.7,97.668,54.259,137.489,97.356,60.148,134.594,142.056,132.296,132.444
858.8,97.731,54.362,137.489,97.293,60.148,134.559,142.025,132.296,132.407
858.9,97.731,54.259,137.489,97.293,59.955,134.523,141.994,132.296,132.37
859.0,97.731,54.156,137.489,97.231,60.148,134.559,142.056,132.296,132.519
859.1,97.731,54.259,137.489,97.293,60.052,134.559,142.056,132.296,132.407
859.2,97.668,54.259,137.489,97.293,60.148,134.594,142.056,132.296,132.444
859.3,97.668,54.362,137.489,97.231,60.148,134.63,142.025,132.37,132.407
859.4,97.731,54.156,137.693,97.293,60.245,134.559,142.025,132.296,132.37
859.5,97.668,54.259,137.489,97.231,60.052,134.559,142.119,132.296,132.444
859.6,97.668,54.156,137.523,97.293,60.052,134.559,142.025,132.259,132.407
859.7,97.668,54.259,137.489,97.231,60.245,134.523,142.025,132.296,132.407
859.8,97.668,54.259,137.455,97.231,60.148,134.559,142.056,132.296,132.37
859.9,97.731,54.156,137.523,97.293,60.148,134.594,142.025,132.296,132.444
860.0,97.668,54.362,137.557,97.231,60.148,134.559,142.025,132.296,132.407
860.1,97.668,54.156,137.489,97.231,60.245,134.559,142.025,132.259,132.444
860.2,97.668,54.156,137.489,97.231,60.148,134.559,142.025,132.296,132.37
860.3,97.668,54.362,137.489,97.231,60.148,134.559,142.025,132.296,132.37
860.4,97.668,54.259,137.523,97.293,60.148,134.559,142.056,132.259,132.296
860.5,97.668,54.156,137.489,97.231,60.148,134.594,142.056,132.259,132.482
860.6,97.543,54.259,137.489,97.231,60.052,134.594,142.025,132.333,132.37
860.7,97.668,54.156,137.557,97.231,60.052,134.559,142.025,132.296,132.407
860.8,97.668,54.156,137.421,97.231,60.148,134.559,142.056,132.259,132.37
860.9,97.668,53.95,137.523,97.231,60.148,134.559,142.025,132.259,132.407
861.0,97.668,54.156,137.489,97.356,60.148,134.594,142.056,132.221,132.407
861.1,97.731,54.156,137.421,97.105,60.148,134.559,142.025,132.259,132.407
861.2,97.668,54.156,137.523,97.293,60.148,134.559,142.025,132.296,132.407
861.3,97.606,54.156,137.455,97.356,60.052,134.594,142.025,132.296,132.407
861.4,97.606,54.156,137.489,97.168,60.052,134.523,142.025,132.259,132.444
861.5,97.668,54.156,137.455,97.293,60.052,134.559,142.025,132.259,132.407
861.6,97.731,54.156,137.523,97.231,60.052,134.523,142.056,132.296,132.37
861.7,97.731,54.053,137.455,97.231,60.052,134.523,142.056,132.296,132.407
861.8,97.543,54.156,137.421,97.231,60.052,134.559,141.994,132.296,132.407
861.9,97.606,54.156,137.455,97.105,60.052,134.594,141.994,132.296,132.444
862.0,97.668,54.053,137.489,97.356,60.052,134.523,142.025,132.296,132.333
862.1,97.668,54.156,137.455,97.168,60.148,134.559,142.025,132.259,132.407
862.2,97.606,54.156,137.455,97.231,60.148,134.594,141.994,132.221,132.407
862.3,97.731,54.156,137.489,97.231,60.148,134.594,141.994,132.259,132.444
862.4,97.543,54.156,137.489,97.231,60.052,134.487,142.056,132.296,132.407
862.5,97.668,54.156,137.455,97.231,60.052,134.559,141.994,132.259,132.37
862.6,97.543,54.156,137.489,97.168,60.052,134.523,142.056,132.296,132.519
862.7,97.543,54.053,137.557,97.293,60.052,134.773,142.025,132.259,132.444
862.8,97.606,54.053,137.523,97.231,60.052,134.594,142.025,132.259,132.407
862.9,97.606,53.95,137.489,97.168,59.955,134.559,142.056,132.259,132.407
863.0,97.606,54.053,137.523,97.231,60.052,134.523,141.994,132.259,132.37
863.1,97.606,54.156,137.455,97.168,59.955,134.559,142.056,132.259,132.407
863.2,97.606,54.156,137.489,97.231,60.052,134.523,141.994,132.296,132.407
863.3,97.606,54.156,137.489,97.231,59.857,134.559,142.056,132.259,132.407
863.4,97.606,54.053,137.523,97.168,60.052,134.523,142.056,132.221,132.407
863.5,97.543,54.156,137.455,97.168,59.955,134.559,142.025,132.296,132.444
863.6,97.668,54.053,137.455,97.231,59.955,134.559,142.025,132.259,132.37
863.7,97.606,54.053,137.455,97.231,60.148,134.523,142.025,132.221,132.407
863.8,97.606,54.053,137.489,97.168,60.245,134.559,142.056,132.184,132.407
863.9,97.543,54.156,137.455,97.231,59.955,134.559,142.025,132.296,132.407
864.0,97.543,54.053,137.455,97.168,60.052,134.523,142.025,132.296,132.333
864.1,97.543,53.95,137.489,97.168,59.955,134.2,142.025,132.259,132.37
864.2,97.543,54.156,137.489,97.168,59.955,134.559,142.025,132.259,132.407
864.3,97.606,54.156,137.489,97.168,60.052,134.559,142.056,132.296,132.407
864.4,97.543,54.053,137.489,97.168,59.955,134.559,142.056,132.37,132.333
864.5,97.668,54.053,137.489,97.168,59.955,134.559,142.056,132.259,132.407
864.6,97.543,54.053,137.455,97.231,60.052,134.594,142.025,132.259,132.407
864.7,97.606,54.053,137.455,97.168,59.955,134.523,142.025,132.259,132.333
864.8,96.728,54.053,137.489,97.168,59.955,134.559,142.025,132.296,132.37
864.9,97.668,54.053,137.455,97.168,59.955,134.523,142.056,132.259,132.407
865.0,97.543,54.053,137.489,97.168,59.955,134.559,142.056,132.221,132.37
865.1,97.543,53.95,137.557,97.168,60.148,134.523,142.025,132.221,132.37
865.2,97.606,54.053,137.489,97.231,59.955,134.594,142.025,132.259,132.482
865.3,97.543,54.053,137.489,97.293,59.955,134.594,142.056,132.259,132.37
865.4,97.543,54.053,137.455,97.231,59.955,134.559,142.025,132.259,132.407
865.5,97.606,54.053,137.489,97.168,60.052,134.559,142.056,132.221,132.407
865.6,97.481,54.156,137.489,97.168,59.955,134.559,142.025,132.259,132.444
865.7,97.543,54.053,137.523,97.105,59.955,134.559,142.119,132.37,132.37
865.8,97.481,54.053,137.421,97.168,59.955,134.559,142.056,132.259,132.37
865.9,97.668,54.053,137.455,97.168,59.857,134.594,142.025,132.37,132.407
866.0,97.543,54.053,137.489,97.168,59.955,134.594,142.119,132.37,132.407
866.1,97.543,54.053,137.455,97.168,59.857,134.63,141.994,132.259,132.407
866.2,97.481,54.053,137.489,97.105,59.857,134.594,142.056,132.221,132.407
866.3,97.543,54.053,137.523,97.105,60.052,134.559,142.056,132.296,132.407
866.4,97.543,54.156,137.455,97.105,59.955,134.559,142.087,132.296,132.407
866.5,97.606,54.053,137.489,97.105,59.955,134.559,142.025,132.296,132.444
866.6,97.543,54.156,137.489,97.105,59.955,134.559,142.056,132.333,132.37
866.7,97.668,54.053,137.455,97.168,59.955,134.523,142.056,132.221,132.407
866.8,97.543,54.053,137.489,97.168,60.052,134.523,142.087,132.296,132.444
866.9,97.543,54.053,137.455,97.105,59.955,134.559,142.025,132.259,132.37
867.0,97.481,54.053,137.489,97.168,59.955,134.523,142.025,132.259,132.407
867.1,97.481,54.053,137.489,97.105,59.955,134.594,142.056,132.296,132.37
867.2,97.481,54.053,137.489,97.105,59.857,134.559,142.025,132.259,132.333
867.3,97.606,53.95,137.489,97.168,59.955,134.559,142.025,132.259,132.333
867.4,97.668,54.053,137.489,97.105,59.857,134.666,142.056,132.221,132.407
867.5,97.481,53.95,137.353,97.168,60.052,134.559,142.025,132.221,132.37
867.6,97.543,54.053,137.489,97.168,59.955,134.559,142.025,132.221,132.37
867.7,97.543,54.053,137.489,97.105,59.955,134.523,142.056,132.259,132.37
867.8,97.543,53.95,137.489,97.168,59.955,134.594,142.056,132.221,132.407
867.9,97.481,54.053,137.489,97.168,59.955,134.559,142.025,132.259,132.37
868.0,97.481,54.053,137.489,97.105,59.955,134.559,142.025,132.259,132.37
868.1,97.543,54.053,137.489,97.168,59.955,134.559,142.056,132.407,132.407
868.2,97.481,53.95,137.523,97.293,59.857,134.559,142.087,132.259,132.37
868.3,97.481,54.053,137.455,97.105,59.955,134.559,141.994,132.221,132.37
868.4,97.543,54.053,137.421,97.168,59.857,134.523,142.056,132.259,132.37
868.5,97.481,54.053,137.455,97.168,59.955,134.559,141.994,132.259,132.37
868.6,97.481,54.053,137.557,97.168,59.955,134.594,142.087,132.259,132.333
868.7,97.481,53.95,137.523,97.168,59.857,134.559,142.025,132.259,132.482
868.8,97.481,53.95,137.489,97.105,59.857,134.559,142.056,132.221,132.444
868.9,97.481,53.95,137.455,97.105,59.955,134.559,142.025,132.333,132.37
869.0,97.481,53.95,137.489,97.105,59.857,134.523,142.056,132.296,132.37
869.1,97.481,53.95,137.489,97.168,59.857,134.559,142.056,132.296,132.519
869.2,97.481,53.95,137.489,97.105,59.857,134.559,142.025,132.259,132.37
869.3,97.481,53.95,137.455,97.168,59.955,134.559,141.931,132.259,132.37
869.4,97.481,53.95,137.523,97.105,59.857,134.523,142.056,132.221,132.333
869.5,97.481,53.847,137.625,97.105,59.76,134.523,141.994,132.221,132.37
869.6,97.419,54.053,137.455,97.105,59.76,134.559,142.056,132.221,132.37
869.7,97.543,53.95,137.455,97.105,59.857,134.559,142.056,132.259,132.37
869.8,97.419,53.95,137.489,97.168,59.857,134.559,142.056,132.37,132.407
869.9,97.481,53.95,137.489,97.105,59.76,134.559,142.056,132.259,132.296
870.0,97.419,53.95,137.625,97.042,59.857,134.559,142.025,132.221,132.37
870.1,97.419,53.95,137.489,97.168,59.955,134.523,142.056,132.259,132.37
870.2,97.481,53.95,137.557,97.105,59.857,134.559,142.025,132.221,132.37
870.3,97.481,53.95,137.489,97.105,59.857,134.559,142.025,132.259,132.333
870.4,97.481,53.95,137.489,97.105,59.76,134.559,142.025,132.259,132.37
870.5,97.481,53.95,137.523,97.105,59.76,134.559,142.025,132.221,132.37
870.6,97.419,53.95,137.455,97.168,59.857,134.559,142.025,132.259,132.37
870.7,97.481,53.95,137.523,97.105,59.857,134.523,142.056,132.221,132.37
870.8,97.419,53.95,137.421,97.105,59.857,134.594,142.056,132.184,132.333
870.9,97.356,53.847,137.489,97.168,59.76,134.594,142.025,132.259,132.37
871.0,97.543,53.847,137.523,97.105,59.857,134.559,142.025,132.259,132.296
871.1,97.356,53.95,137.489,97.042,59.76,134.523,142.056,132.259,132.333
871.2,97.481,53.847,137.489,97.042,59.857,134.559,142.025,132.259,132.37
871.3,97.419,53.847,137.523,97.105,59.857,134.594,142.025,132.184,132.407
871.4,97.419,53.847,137.489,97.105,59.857,134.559,142.025,132.221,132.444
871.5,97.419,53.95,137.489,97.105,59.76,134.63,142.025,132.296,132.333
871.6,97.543,53.847,137.489,97.105,59.76,134.559,142.025,132.259,132.407
871.7,97.419,53.847,137.489,97.105,59.76,134.559,142.056,132.221,132.37
871.8,97.419,53.95,137.523,97.105,59.857,134.594,142.025,132.221,132.37
871.9,97.419,53.847,137.523,97.042,59.857,134.523,142.056,132.221,132.407
872.0,97.419,53.847,137.489,97.105,59.76,134.559,142.056,132.221,132.37
872.1,97.419,53.95,137.421,96.854,59.76,134.594,142.025,132.221,132.296
872.2,97.419,53.847,137.489,97.105,59.76,134.594,142.056,132.259,132.296
872.3,97.419,53.95,137.489,97.168,59.857,134.594,142.056,132.221,132.37
872.4,97.419,53.95,137.489,97.105,59.857,134.559,142.025,132.147,132.333
872.5,97.419,53.847,137.455,97.105,59.76,134.487,142.087,132.221,132.407
872.6,97.481,53.847,137.489,97.042,59.663,134.559,142.025,132.221,132.37
872.7,97.419,53.95,137.489,97.105,59.857,134.559,142.025,132.259,132.333
872.8,97.419,53.847,137.523,97.105,59.857,134.559,142.056,132.259,132.407
872.9,97.419,53.95,137.489,97.042,59.857,134.523,142.025,132.221,132.407
873.0,97.481,53.847,137.421,97.105,59.857,134.63,142.025,132.221,132.333
873.1,97.356,53.847,137.455,97.042,59.76,134.523,142.025,132.221,132.333
873.2,97.356,53.847,137.455,97.042,59.955,134.559,142.025,132.184,132.333
873.3,97.419,53.847,137.523,97.042,59.857,134.559,142.056,132.259,132.37
873.4,97.481,53.847,137.455,97.105,59.663,134.559,142.025,132.259,132.37
873.5,97.419,53.847,137.455,97.042,59.76,134.594,141.994,132.296,132.37
873.6,97.419,53.95,137.455,97.042,59.955,134.559,142.025,132.221,132.37
873.7,97.419,53.847,137.489,97.105,59.76,134.594,142.056,132.184,132.333
873.8,97.419,53.95,137.523,97.042,59.663,134.63,142.025,132.259,132.37
873.9,97.356,53.847,137.455,97.105,59.76,134.523,142.119,132.221,132.37
874.0,97.293,53.95,137.591,97.042,59.76,134.559,142.025,132.221,132.333
874.1,97.419,53.847,137.489,97.042,59.663,134.523,142.025,132.147,132.37
874.2,97.356,53.847,137.489,97.042,59.857,134.559,142.025,132.259,132.333
874.3,97.419,53.95,137.489,97.042,59.76,134.559,142.056,132.259,132.333
874.4,97.419,53.743,137.455,97.042,59.76,134.523,141.994,132.259,132.37
874.5,97.419,53.847,137.489,97.105,59.76,134.523,142.056,132.221,132.37
874.6,97.419,53.95,137.489,97.042,59.76,134.523,142.025,132.259,132.407
874.7,97.419,53.847,137.455,97.042,59.857,134.523,142.056,132.221,132.333
874.8,97.356,53.847,137.489,97.042,59.76,134.559,142.056,132.184,132.333
874.9,97.356,53.847,137.489,96.98,59.76,134.523,142.056,132.221,132.37
875.0,97.419,53.95,137.523,96.98,59.76,134.559,142.056,132.259,132.296
875.1,97.356,53.847,137.489,96.98,59.76,134.559,142.056,132.221,132.37
875.2,97.293,53.95,137.489,97.042,59.857,134.594,141.994,132.259,132.37
875.3,97.419,53.847,137.489,97.042,59.663,134.559,142.056,132.221,132.37
875.4,97.356,53.95,137.489,97.042,59.566,134.559,142.056,132.221,132.333
875.5,97.481,53.847,137.489,96.98,59.663,134.523,142.056,132.259,132.296
875.6,97.419,53.743,137.523,97.042,59.76,134.559,142.025,132.184,132.333
875.7,97.419,53.847,137.523,96.98,59.76,134.559,142.056,132.221,132.333
875.8,97.293,53.743,137.455,96.917,59.76,134.559,142.025,132.184,132.296
875.9,97.293,53.847,137.523,96.98,59.76,134.523,142.056,132.147,132.333
876.0,97.356,53.64,137.489,97.042,59.76,134.523,142.025,132.221,132.37
876.1,97.356,53.847,137.489,97.042,59.76,134.559,142.056,132.221,132.296
876.2,97.356,53.743,137.557,96.98,59.663,134.559,142.056,132.221,132.37
876.3,97.419,53.847,137.455,97.042,59.663,134.559,141.994,132.221,132.333
876.4,97.419,53.743,137.489,96.98,59.663,134.523,142.056,132.184,132.333
876.5,97.293,53.847,137.489,96.854,59.76,134.523,142.025,132.221,132.333
876.6,97.356,53.743,137.455,96.917,59.566,134.559,141.962,132.221,132.333
876.7,97.356,53.847,137.523,96.98,59.663,134.559,142.056,132.221,132.333
876.8,97.356,53.743,137.489,96.98,59.663,134.559,142.025,132.184,132.37
876.9,97.356,53.743,137.489,97.042,59.663,134.451,142.025,132.221,132.407
877.0,97.231,53.743,137.489,97.042,59.76,134.559,141.994,132.221,132.37
877.1,97.419,53.847,137.489,97.105,59.663,134.559,142.025,132.221,132.37
877.2,97.293,53.743,137.557,96.98,59.663,134.594,142.056,132.221,132.296
877.3,97.356,53.95,137.489,97.042,59.663,134.559,141.962,132.221,132.296
877.4,97.293,53.95,137.557,97.042,59.663,134.559,142.056,132.259,132.37
877.5,97.356,53.743,137.489,97.042,59.663,134.523,142.056,132.259,132.333
877.6,97.293,53.743,137.489,97.042,59.76,134.523,142.056,132.221,132.296
877.7,97.356,53.743,137.455,97.105,59.76,134.523,142.056,132.221,132.333
877.8,97.356,53.743,137.557,96.917,59.76,134.523,141.994,132.221,132.37
877.9,97.356,53.743,137.489,97.042,59.663,134.63,142.025,132.221,132.259
878.0,97.168,53.743,137.489,97.042,59.663,134.523,142.025,132.184,132.333
878.1,97.293,53.64,137.455,97.042,59.76,134.523,141.931,132.221,132.296
878.2,97.419,53.743,137.523,97.042,59.76,134.523,142.025,132.221,132.333
878.3,97.356,53.95,137.489,96.98,59.663,134.523,141.994,132.221,132.296
878.4,97.356,53.743,137.523,96.98,59.566,134.559,142.056,132.333,132.333
878.5,97.293,53.743,137.489,96.917,59.663,134.523,142.056,132.221,132.333
878.6,97.293,53.743,137.489,97.042,59.566,134.523,142.056,132.184,132.333
878.7,97.293,53.64,137.523,97.042,59.76,134.559,142.056,132.259,132.333
878.8,97.293,53.743,137.489,97.042,59.663,134.523,142.025,132.221,132.37
878.9,97.356,53.64,137.455,96.98,59.566,134.487,142.056,132.221,132.37
879.0,97.293,53.847,137.523,97.042,59.566,134.523,142.056,132.259,132.407
879.1,97.168,53.743,137.489,96.98,59.663,134.559,142.056,132.221,132.333
879.2,97.356,53.743,137.523,97.042,59.566,134.594,142.056,132.147,132.333
879.3,97.293,53.743,137.489,96.98,59.566,134.559,142.025,132.221,132.333
879.4,97.419,53.743,137.489,96.854,59.468,134.63,142.025,132.184,132.296
879.5,97.231,53.743,137.489,97.042,59.663,134.559,142.025,132.221,132.296
879.6,97.293,53.743,137.489,97.042,59.76,134.523,142.025,132.184,132.296
879.7,97.231,53.847,137.489,96.98,59.663,134.559,142.025,132.184,132.333
879.8,97.356,53.64,137.455,96.98,59.566,134.559,142.056,132.221,132.37
879.9,97.356,53.64,137.523,96.98,59.663,134.559,142.087,132.184,132.296
880.0,97.293,53.64,137.455,96.917,59.663,134.523,142.056,132.184,132.37
880.1,97.293,53.743,137.489,96.98,59.468,134.559,142.025,132.221,132.296
880.2,97.293,53.64,137.489,96.917,59.566,134.559,142.025,132.221,132.333
880.3,97.293,53.743,137.523,96.98,59.76,134.523,142.025,132.147,132.37
880.4,97.293,53.743,137.489,97.042,59.663,134.559,142.025,132.184,132.333
880.5,97.293,53.64,137.455,96.917,59.566,134.523,142.025,132.259,132.333
880.6,97.293,53.64,137.489,96.98,59.663,134.63,142.025,132.259,132.333
880.7,97.293,53.743,137.557,96.98,59.566,134.63,142.025,132.184,132.333
880.8,97.293,53.743,137.489,97.168,59.566,134.63,142.056,132.221,132.259
880.9,97.293,53.743,137.523,96.98,59.468,134.594,142.025,132.221,132.296
881.0,97.293,53.743,137.557,96.98,59.566,134.523,142.056,132.147,132.333
881.1,97.419,53.743,137.489,96.98,59.663,134.559,141.994,132.184,132.333
881.2,97.293,53.64,137.489,96.98,59.566,134.523,142.056,132.184,132.296
881.3,97.293,53.64,137.489,96.98,59.663,134.559,141.994,132.184,132.333
881.4,97.481,53.743,137.489,96.917,59.663,134.559,142.025,132.184,132.37
881.5,97.293,53.743,137.557,96.98,59.566,134.523,142.056,132.221,132.37
881.6,97.231,53.743,137.455,96.98,59.566,134.523,142.056,132.221,132.333
881.7,97.293,53.536,137.489,96.917,59.566,134.559,142.056,132.184,132.333
881.8,97.231,53.847,137.523,96.98,59.566,134.523,142.025,132.221,132.296
881.9,97.293,53.536,137.455,96.98,59.566,134.523,141.994,132.184,132.333
882.0,97.231,53.743,137.523,96.98,59.663,134.523,142.056,132.184,132.296
882.1,97.293,53.64,136.874,96.98,59.566,134.523,142.025,132.259,132.296
882.2,97.293,53.64,137.353,97.042,59.566,134.594,141.994,132.221,132.296
882.3,97.231,53.743,137.455,96.917,59.76,134.523,142.025,132.184,132.296
882.4,97.231,53.64,137.489,96.98,59.566,134.559,142.025,132.147,132.296
882.5,97.419,53.64,137.489,97.042,59.566,134.523,142.087,132.221,132.333
882.6,97.293,53.743,137.489,96.98,59.566,134.523,142.056,132.221,132.37
882.7,97.231,53.64,137.489,96.98,59.468,134.523,141.994,132.221,132.333
882.8,97.356,53.64,137.489,96.917,59.468,134.523,142.119,132.221,132.296
882.9,97.231,53.536,137.489,96.98,59.566,134.559,142.056,132.221,132.296
883.0,97.231,53.64,137.455,96.98,59.566,134.523,142.056,132.221,132.296
883.1,97.168,53.536,137.455,96.917,59.566,134.487,141.994,132.221,132.259
883.2,97.231,53.743,137.489,96.98,59.566,134.559,142.025,132.184,132.296
883.3,97.231,53.64,137.489,96.98,59.566,134.559,142.056,132.184,132.296
883.4,97.231,53.64,137.489,97.042,59.566,134.559,141.994,132.221,132.37
883.5,97.293,53.64,137.489,96.917,59.566,134.523,142.087,132.184,132.333
883.6,97.293,53.536,137.455,97.105,59.468,134.559,142.025,132.221,132.333
883.7,97.231,53.64,137.489,96.917,59.566,134.523,141.994,132.184,132.333
883.8,97.231,53.64,137.523,96.98,59.566,134.559,142.025,132.147,132.296
883.9,97.231,53.64,137.387,97.042,59.468,134.487,141.962,132.184,132.259
884.0,97.231,53.64,137.489,96.917,59.566,134.523,142.056,132.184,132.296
884.1,97.231,53.64,137.489,96.98,59.468,134.559,142.056,132.221,132.333
884.2,97.293,53.536,137.489,96.917,59.468,134.559,142.056,132.184,132.333
884.3,97.231,53.432,137.523,96.98,59.566,134.523,142.025,132.221,132.296
884.4,97.231,53.64,137.455,96.917,59.468,134.559,142.025,132.184,132.221
884.5,97.293,53.536,137.489,96.98,59.468,134.523,142.025,132.184,132.333
884.6,97.168,53.64,137.489,96.854,59.468,134.559,142.025,132.184,132.333
884.7,97.231,53.743,137.455,96.917,59.468,134.559,142.025,132.184,132.333
884.8,97.231,53.64,137.455,96.854,59.857,134.559,142.056,132.184,132.37
884.9,97.168,53.536,137.489,96.917,59.566,134.559,142.025,132.221,132.333
885.0,97.231,53.64,137.489,96.917,59.566,134.523,142.056,132.109,132.333
885.1,97.168,53.64,137.455,96.917,59.468,134.523,142.087,132.184,132.333
885.2,97.231,53.64,137.455,96.917,59.663,134.594,142.025,132.221,132.37
885.3,97.168,53.536,137.523,96.917,59.468,134.559,142.056,132.184,132.296
885.4,97.168,53.536,137.489,96.917,59.468,134.523,142.025,132.221,132.259
885.5,97.168,53.536,137.557,96.917,59.468,134.594,142.056,132.296,132.221
885.6,97.168,53.536,137.523,96.98,59.468,134.523,142.056,132.147,132.296
885.7,97.231,53.536,137.455,96.917,59.468,134.559,142.056,132.184,132.333
885.8,97.231,53.536,137.421,96.917,59.468,134.594,142.025,132.147,132.333
885.9,97.231,53.536,137.489,96.854,59.371,134.523,142.056,132.147,132.296
886.0,97.231,53.536,137.489,96.917,59.371,134.487,142.056,132.109,132.333
886.1,97.231,53.536,137.455,96.917,59.468,134.523,142.025,132.221,132.333
886.2,97.168,53.432,137.523,96.854,59.371,134.559,142.056,132.221,132.333
886.3,97.105,53.432,137.489,96.854,59.468,134.559,142.025,132.184,132.296
886.4,97.168,53.536,137.489,96.854,59.371,134.523,142.025,131.997,132.296
886.5,97.231,53.432,137.353,96.917,59.371,134.523,142.056,132.147,132.296
886.6,97.231,53.432,137.489,96.917,59.468,134.559,141.994,132.184,132.296
886.7,97.231,53.536,137.557,96.917,59.468,134.523,142.056,132.184,132.259
886.8,97.168,53.536,137.523,96.917,59.371,134.559,142.025,132.221,132.296
886.9,97.231,53.536,137.455,96.854,59.468,134.594,142.056,132.184,132.333
887.0,97.105,53.432,137.523,96.854,59.566,134.523,142.025,132.184,132.296
887.1,97.168,53.536,137.523,96.854,59.371,134.559,142.056,132.184,132.333
887.2,97.168,53.432,137.523,96.854,59.566,134.523,142.056,132.221,132.296
887.3,97.168,53.536,137.523,96.791,59.273,134.523,141.994,132.147,132.296
887.4,97.105,53.536,137.489,96.791,59.371,134.487,142.056,132.147,132.259
887.5,97.168,53.536,137.489,96.854,59.273,134.523,142.025,132.147,132.296
887.6,97.105,53.432,137.489,96.854,59.371,134.559,142.056,132.147,132.259
887.7,97.042,53.329,137.489,96.854,59.371,134.523,142.056,132.109,132.296
887.8,97.105,53.432,137.489,96.854,59.371,134.559,142.056,132.147,132.296
887.9,97.105,53.432,137.489,96.854,59.371,134.559,142.087,132.221,132.221
888.0,97.105,53.432,137.489,96.917,59.371,134.523,142.056,132.109,132.296
888.1,97.168,53.536,137.523,96.98,59.371,134.559,141.994,132.184,132.184
888.2,97.168,53.432,137.523,96.917,59.371,134.523,142.056,132.109,132.259
888.3,97.105,53.329,137.489,96.854,59.371,134.523,142.056,132.147,132.259
888.4,97.168,53.432,137.489,96.917,59.468,134.523,142.025,132.147,132.296
888.5,97.168,53.432,137.489,96.791,59.371,134.523,142.087,132.147,132.259
888.6,97.231,53.536,137.489,96.791,59.371,134.523,142.056,132.147,132.259
888.7,97.105,53.432,137.455,96.854,59.371,134.523,141.994,132.147,132.259
888.8,97.168,53.536,137.489,96.917,59.175,134.523,141.994,132.184,132.259
888.9,97.168,53.536,137.455,96.791,59.371,134.559,142.056,132.147,132.259
889.0,97.231,53.432,137.523,96.854,59.371,134.559,142.025,132.147,132.259
889.1,97.168,53.432,137.455,96.791,59.273,134.523,142.056,132.109,132.296
889.2,97.168,53.432,137.489,96.854,59.468,134.523,142.056,132.147,132.296
889.3,97.168,53.432,137.489,96.98,59.468,134.559,142.087,132.184,132.221
889.4,97.042,53.64,137.523,96.917,59.273,134.523,142.025,132.184,132.259
889.5,97.105,53.432,137.489,96.854,59.468,134.523,142.087,132.184,132.259
889.6,97.105,53.536,137.489,96.917,59.371,134.523,142.056,132.147,132.259
889.7,97.105,53.432,137.523,96.854,59.273,134.523,142.025,132.147,132.37
889.8,97.231,53.432,137.455,96.854,59.371,134.559,142.056,132.147,132.296
889.9,97.105,53.432,137.523,96.854,59.371,134.559,142.025,132.147,132.296
890.0,97.231,53.432,137.523,96.854,59.371,134.559,142.025,132.147,132.296
890.1,97.105,53.432,137.455,96.854,59.371,134.523,142.119,132.184,132.296
890.2,96.917,53.225,137.557,96.791,59.273,134.523,142.025,132.184,132.296
890.3,97.105,53.432,137.489,96.854,59.371,134.559,141.994,132.184,132.296
890.4,97.168,53.432,137.523,96.854,59.371,134.559,142.087,132.147,132.296
890.5,96.98,53.432,137.523,96.854,59.371,134.487,142.025,132.221,132.296
890.6,97.105,53.329,137.489,96.854,59.371,134.523,142.025,132.109,132.259
890.7,97.042,53.432,137.455,96.917,59.371,134.487,142.025,132.147,132.259
890.8,97.105,53.432,137.455,96.791,59.273,134.559,142.056,132.109,132.296
890.9,97.105,53.432,137.557,96.98,59.468,134.523,142.056,132.147,132.259
891.0,97.105,53.432,137.455,96.791,59.371,134.523,142.025,132.184,132.296
891.1,97.105,53.432,137.557,96.854,59.468,134.415,142.025,132.184,132.333
891.2,97.105,53.432,137.489,96.854,59.371,134.523,141.994,132.184,132.296
891.3,97.042,53.536,137.523,96.791,59.371,134.523,142.025,132.147,132.259
891.4,97.105,53.536,137.557,96.791,59.371,134.523,142.025,132.147,132.259
891.5,97.105,53.432,137.455,96.854,59.371,134.559,142.087,132.259,132.259
891.6,97.105,53.432,137.489,96.728,59.371,134.559,142.087,132.147,132.296
891.7,97.042,53.432,137.523,96.791,59.371,134.523,142.056,132.109,132.296
891.8,97.168,53.432,137.489,96.791,59.371,134.559,141.994,132.109,132.407
891.9,97.042,53.329,137.455,96.791,59.468,134.523,142.025,132.184,132.37
892.0,97.042,53.432,137.489,96.791,59.273,134.559,142.056,132.184,132.296
892.1,97.105,53.536,137.489,96.791,59.371,134.559,142.025,132.147,132.296
892.2,97.105,53.432,137.489,96.791,59.273,134.523,142.056,132.147,132.259
892.3,97.105,53.329,137.455,96.728,59.273,134.523,142.025,132.259,132.296
892.4,97.042,53.329,137.489,96.854,59.273,134.559,141.994,132.221,132.296
892.5,97.105,53.432,137.557,96.917,59.371,134.487,142.056,132.147,132.259
892.6,97.042,53.432,137.455,96.854,59.371,134.559,142.025,132.109,132.221
892.7,97.105,53.432,137.489,96.791,59.273,134.523,142.087,132.221,132.296
892.8,97.042,53.432,137.489,96.791,59.371,134.559,142.025,132.184,132.296
892.9,97.105,53.432,137.489,96.854,59.371,134.523,142.056,132.259,132.296
893.0,97.168,53.329,137.557,96.791,59.371,134.559,142.056,132.147,132.259
893.1,97.042,53.432,137.489,96.917,59.273,134.523,142.025,132.184,132.259
893.2,97.105,53.432,137.523,96.791,59.468,134.559,142.025,132.221,132.296
893.3,97.105,53.432,137.489,96.854,59.175,134.63,142.025,132.147,132.259
893.4,97.042,53.432,137.489,96.854,59.273,134.523,142.025,132.147,132.407
893.5,97.042,53.432,137.489,96.791,59.273,134.559,142.025,132.184,132.296
893.6,97.105,53.432,137.489,96.917,59.175,134.559,142.056,132.147,132.259
893.7,97.105,53.432,137.489,96.791,59.273,134.523,142.056,132.184,132.296
893.8,97.042,53.432,137.591,96.791,59.175,134.523,142.056,132.109,132.259
893.9,97.168,53.329,137.489,96.854,59.371,134.523,142.087,132.109,132.296
894.0,97.042,53.432,137.523,96.791,59.371,134.63,142.368,132.184,132.296
894.1,97.105,53.329,137.489,96.791,59.371,134.559,142.056,132.147,132.333
894.2,97.042,53.329,137.523,96.854,59.273,134.308,142.056,132.147,132.296
894.3,97.042,53.432,137.625,96.854,59.273,134.559,142.025,132.147,132.259
894.4,97.042,53.329,137.523,96.791,59.273,134.523,142.025,132.109,132.259
894.5,97.105,53.329,137.421,96.854,59.273,134.594,142.025,132.147,132.259
894.6,97.105,53.329,137.523,96.791,59.273,134.523,142.056,132.109,132.296
894.7,97.105,53.432,137.489,96.791,59.273,134.523,142.056,132.147,132.259
894.8,96.98,53.329,137.557,96.854,59.273,134.523,142.025,132.109,132.259
894.9,97.105,53.329,137.489,96.791,59.371,134.523,142.025,132.109,132.296
895.0,97.042,53.432,137.489,96.791,59.175,134.523,142.025,132.147,132.296
895.1,97.042,53.536,137.523,96.98,59.273,134.559,142.025,132.184,132.259
895.2,97.042,53.329,137.489,96.791,59.175,134.559,142.025,132.109,132.296
895.3,97.042,53.329,137.455,96.728,59.371,134.559,142.056,132.109,132.259
895.4,97.042,53.329,137.353,96.728,59.273,134.523,142.056,132.147,132.296
895.5,97.042,53.329,137.523,96.791,59.273,134.559,142.025,132.109,132.221
895.6,96.98,53.225,137.489,96.854,59.273,134.559,142.056,132.147,132.296
895.7,97.042,53.329,137.557,96.791,59.371,134.559,142.056,132.147,132.296
895.8,97.042,53.329,137.489,96.791,59.371,134.559,142.025,132.147,132.259
895.9,96.98,53.432,137.489,96.791,59.175,134.487,142.025,132.072,132.259
896.0,97.042,53.329,137.489,96.917,59.371,134.487,142.025,132.147,132.296
896.1,97.042,53.329,137.489,96.791,59.273,134.523,142.056,132.147,132.221
896.2,96.98,53.536,137.489,96.791,59.371,134.523,142.056,132.184,132.296
896.3,97.042,53.329,137.387,96.791,59.273,134.559,142.056,132.109,132.259
896.4,97.042,53.329,137.489,96.791,59.371,134.523,142.025,132.109,132.221
896.5,97.042,53.225,137.523,96.791,59.273,134.523,142.056,132.259,132.221
896.6,97.042,53.329,137.523,96.791,58.881,134.523,142.087,132.147,132.259
896.7,96.98,53.432,137.523,96.791,59.175,134.523,142.056,132.147,132.221
896.8,97.042,53.329,137.455,97.042,59.175,134.559,142.056,131.997,132.259
896.9,97.042,53.329,137.523,96.791,59.273,134.487,142.025,132.147,132.407
897.0,96.98,53.329,137.523,96.791,59.273,134.487,142.025,132.147,132.147
897.1,97.105,53.329,137.489,96.791,59.273,134.702,142.056,132.184,132.259
897.2,97.042,53.329,137.523,96.791,59.273,134.523,142.025,132.072,132.259
897.3,97.042,53.329,137.455,96.791,59.273,134.487,142.056,132.072,132.259
897.4,96.98,53.329,137.523,96.728,59.273,134.559,142.056,132.109,132.259
897.5,96.98,53.329,137.591,96.791,59.175,134.523,142.056,132.147,132.259
897.6,97.042,53.329,137.489,96.791,59.175,134.523,142.025,132.072,132.296
897.7,96.98,53.432,137.557,96.791,59.077,134.523,142.056,132.147,132.259
897.8,96.98,53.225,137.557,96.791,59.175,134.523,142.056,132.147,132.184
897.9,97.042,53.329,137.489,96.917,59.175,134.523,142.025,132.147,132.296
898.0,96.98,53.329,137.489,96.728,59.175,134.523,142.025,132.109,132.259
898.1,96.98,53.329,137.489,96.854,59.175,134.523,142.025,132.147,132.221
898.2,97.105,53.329,137.455,96.728,59.175,134.487,142.025,132.147,132.296
898.3,97.042,53.225,137.557,96.728,59.077,134.523,142.056,132.147,132.259
898.4,97.042,53.329,137.523,96.791,59.175,134.559,141.994,132.109,132.296
898.5,96.98,53.329,137.489,96.791,59.175,134.523,142.119,132.072,132.221
898.6,96.98,53.225,137.523,96.791,59.175,134.523,142.056,132.109,132.259
898.7,96.98,53.432,137.523,96.791,59.077,134.523,141.994,132.147,132.259
898.8,96.98,53.225,137.489,96.791,59.175,134.559,142.025,132.184,132.184
898.9,97.231,53.225,137.523,96.791,59.175,134.523,142.056,132.109,132.259
899.0,96.98,53.225,137.523,96.728,59.273,134.523,142.056,132.109,132.259
899.1,97.042,53.225,137.489,96.728,59.175,134.523,142.025,132.184,132.259
899.2,96.98,53.225,137.557,96.728,59.175,134.523,142.056,132.147,132.259
899.3,97.105,53.225,137.523,96.791,59.273,134.523,141.994,132.109,132.259
899.4,96.98,53.329,137.489,96.728,59.077,134.523,142.025,132.109,132.333
899.5,97.042,53.121,137.489,96.791,59.077,134.559,141.994,132.109,132.259
899.6,96.98,53.225,137.489,96.728,59.273,134.523,142.025,132.109,132.333
899.7,97.042,53.329,137.489,96.728,59.175,134.559,142.056,132.147,132.296
899.8,97.042,53.225,137.489,96.791,59.273,134.523,141.994,132.109,132.259
899.9,97.042,53.225,137.489,96.728,59.175,134.523,142.056,132.109,132.296
900.0,96.98,53.329,137.489,96.728,59.175,134.523,142.056,132.072,132.221
900.1,96.917,53.329,137.489,96.728,59.077,134.487,141.994,132.147,132.221
900.2,96.98,53.225,137.489,96.791,59.077,134.523,141.994,132.109,132.37
900.3,96.917,53.225,137.489,96.728,59.175,134.487,142.056,132.035,132.296
900.4,96.98,53.225,137.557,96.601,59.077,134.523,141.994,132.109,132.333
900.5,96.98,53.225,137.489,96.791,59.175,134.559,142.056,132.109,132.221
900.6,97.042,53.121,137.489,96.728,59.175,134.523,142.087,132.147,132.259
900.7,96.98,53.225,137.523,96.791,59.175,134.451,142.056,132.184,132.296
900.8,96.98,53.225,137.455,96.791,59.077,134.487,142.056,132.109,132.259
900.9,97.042,53.329,137.489,96.791,59.077,134.559,142.056,132.072,132.259
901.0,96.98,53.225,137.489,96.791,59.077,134.559,142.025,132.109,132.259
901.1,96.98,53.743,137.489,96.728,59.077,134.523,142.025,132.072,132.221
901.2,96.98,53.329,137.455,96.728,59.175,134.523,141.962,132.072,132.221
901.3,96.917,53.225,137.489,96.728,59.077,134.523,142.025,132.147,132.221
901.4,96.98,53.225,137.523,96.664,59.175,134.523,142.056,132.109,132.296
901.5,96.98,53.121,137.523,96.791,59.077,134.523,141.994,132.072,132.221
901.6,96.98,53.225,137.591,96.728,59.175,134.63,142.025,132.147,132.259
901.7,96.98,53.016,137.557,96.728,59.175,134.523,141.994,132.147,132.221
901.8,96.917,53.225,137.591,96.664,59.175,134.559,142.056,132.109,132.221
901.9,96.98,53.121,137.489,96.854,59.175,134.487,142.212,132.109,132.221
902.0,96.917,53.225,137.523,96.791,59.273,134.523,142.025,132.035,132.259
902.1,97.042,53.225,137.489,96.854,59.077,134.559,142.025,132.072,132.221
902.2,96.917,53.225,137.523,96.601,59.077,134.523,142.025,132.147,132.221
902.3,96.917,53.225,137.489,96.791,59.273,134.487,142.056,132.147,132.221
902.4,96.917,53.225,137.557,96.728,59.077,134.559,141.994,132.109,132.221
902.5,96.98,53.225,137.489,96.791,59.175,134.523,142.025,132.109,132.259
902.6,96.917,53.225,137.489,96.728,59.175,134.559,142.025,132.147,132.259
902.7,96.98,53.225,137.489,96.601,59.077,134.523,141.899,132.109,132.259
902.8,96.98,53.329,137.557,96.728,59.175,134.559,142.025,132.147,132.221
902.9,96.98,53.225,137.489,96.728,59.077,134.559,142.056,132.109,132.259
903.0,96.917,53.225,137.489,96.664,59.077,134.487,142.056,132.109,132.296
903.1,96.854,53.121,137.523,96.791,59.175,134.523,142.056,132.109,132.259
903.2,96.917,53.225,137.523,96.728,59.175,134.523,142.025,132.147,132.296
903.3,96.917,53.225,137.489,96.601,59.077,134.523,142.025,132.109,132.221
903.4,96.98,53.225,137.489,96.728,59.077,134.523,141.931,132.147,132.259
903.5,96.917,53.121,137.523,96.728,59.175,134.559,141.994,132.072,132.221
903.6,96.98,53.121,137.489,96.728,59.077,134.523,142.056,132.109,132.221
903.7,96.917,53.121,137.489,96.728,59.077,134.523,142.087,132.109,132.259
903.8,96.98,53.225,137.489,96.728,59.077,134.487,142.056,132.072,132.221
903.9,96.854,53.121,137.455,96.728,59.175,134.559,142.087,131.997,132.259
904.0,96.98,53.121,137.523,96.664,59.077,134.523,142.025,132.072,132.259
904.1,96.98,53.121,137.421,96.728,59.175,134.559,142.025,132.109,132.259
904.2,96.98,53.121,137.489,96.791,59.077,134.559,142.025,132.072,132.259
904.3,96.917,53.225,137.523,96.728,59.175,134.559,142.025,132.147,132.147
904.4,96.917,53.121,137.489,96.728,59.077,134.523,142.056,132.109,132.221
904.5,96.917,53.225,137.523,96.791,58.979,134.487,142.025,132.184,132.296
904.6,96.98,53.121,137.557,96.728,59.273,134.523,141.994,132.072,132.221
904.7,96.917,53.121,137.489,96.664,59.077,134.523,142.056,132.109,132.221
904.8,96.854,53.121,137.523,96.728,59.077,134.523,142.025,132.109,132.221
904.9,96.98,53.225,137.489,96.728,59.077,134.523,142.056,132.109,132.259
905.0,96.917,53.329,137.455,96.728,59.077,134.523,142.056,132.072,132.259
905.1,97.042,53.225,137.523,96.664,59.077,134.523,142.025,132.072,132.221
905.2,96.917,53.225,137.489,96.728,58.979,134.523,142.025,132.072,132.221
905.3,96.917,53.225,137.557,96.664,58.979,134.487,142.025,132.072,132.296
905.4,96.917,53.121,137.523,96.664,58.979,134.594,142.056,132.035,132.259
905.5,96.854,53.016,137.489,96.664,59.077,134.559,142.025,132.147,132.259
905.6,96.854,53.121,137.489,96.728,59.077,134.559,142.025,132.109,132.221
905.7,96.854,53.329,137.489,96.664,59.077,134.487,142.087,132.109,132.259
905.8,96.98,53.121,137.523,96.728,59.077,134.523,142.025,132.109,132.221
905.9,96.917,53.016,137.489,96.664,59.077,134.559,141.994,132.072,132.296
906.0,96.854,53.016,137.489,96.728,58.979,134.559,142.087,132.109,132.221
906.1,96.917,53.225,137.489,96.791,59.077,134.523,142.056,132.072,132.184
906.2,96.917,53.121,137.557,96.728,59.077,134.559,142.025,132.184,132.221
906.3,96.917,53.121,137.523,96.728,59.077,134.594,142.056,132.147,132.221
906.4,96.917,53.121,137.523,96.728,59.077,134.559,142.056,132.072,132.184
906.5,96.854,53.121,137.489,96.664,59.077,134.559,142.056,132.147,132.221
906.6,96.917,53.121,137.489,96.728,59.077,134.523,142.025,132.109,132.259
906.7,96.917,53.121,137.489,96.728,59.077,134.523,141.994,132.109,132.221
906.8,96.917,53.121,137.523,96.791,59.175,134.523,142.025,132.109,132.259
906.9,96.917,53.121,137.455,96.664,59.175,134.523,142.056,132.072,132.259
907.0,96.917,53.121,137.489,96.728,59.077,134.523,141.994,132.109,132.259
907.1,96.854,53.121,137.523,96.854,58.979,134.523,142.056,132.109,132.221
907.2,96.917,53.225,137.489,96.728,59.077,134.559,142.056,132.147,132.221
907.3,96.917,53.121,137.523,96.728,59.175,134.523,142.056,132.072,132.221
907.4,96.854,53.225,137.489,96.601,58.979,134.523,142.025,132.072,132.259
907.5,96.917,53.016,137.489,96.854,59.077,134.523,142.056,132.109,132.221
907.6,96.917,53.121,137.489,96.664,58.881,134.523,142.025,132.072,132.221
907.7,96.917,53.016,137.523,96.728,58.979,134.559,141.994,132.109,132.221
907.8,96.917,53.121,137.489,96.664,58.979,134.559,142.056,132.147,132.259
907.9,96.854,53.121,137.523,96.664,58.881,134.559,142.056,132.147,132.147
908.0,96.917,53.121,137.489,96.601,58.979,134.559,142.056,132.072,132.296
908.1,96.854,53.016,137.557,96.664,59.175,134.594,142.056,132.109,132.259
908.2,96.98,53.121,137.557,96.728,58.979,134.523,142.056,132.109,132.259
908.3,96.98,53.121,137.489,96.664,58.979,134.523,142.056,132.147,132.221
908.4,96.854,53.121,137.523,96.664,58.979,134.594,142.056,132.147,132.221
908.5,96.854,53.016,137.489,96.664,59.077,134.523,142.025,132.035,132.296
908.6,96.917,53.016,137.421,96.601,58.979,134.559,141.994,132.072,132.147
908.7,96.854,53.016,137.455,96.664,58.979,134.559,142.056,132.109,132.221
908.8,96.917,53.016,137.489,96.538,58.979,134.559,142.025,132.184,132.259
908.9,96.917,53.016,137.489,96.791,58.979,134.594,142.025,132.072,132.221
909.0,96.917,53.016,137.557,96.664,58.979,134.594,142.056,132.109,132.147
909.1,96.98,53.016,137.489,96.664,58.979,134.523,142.056,132.072,132.147
909.2,96.917,53.121,137.489,96.601,58.979,134.523,142.056,132.072,132.221
909.3,96.917,53.121,137.557,96.728,58.979,134.559,142.025,132.109,132.221
909.4,96.854,53.016,137.489,96.664,58.979,134.559,142.025,132.072,132.221
909.5,96.854,53.016,137.523,96.664,59.077,134.523,142.087,132.109,132.221
909.6,96.854,53.121,137.489,96.728,58.881,134.559,142.056,132.072,132.221
909.7,96.854,52.912,137.489,96.664,58.881,134.523,142.119,132.109,132.221
909.8,96.854,53.121,137.489,96.664,58.881,134.559,142.056,132.109,132.221
909.9,96.791,53.016,137.523,96.664,58.979,134.487,142.056,132.109,132.184
910.0,96.854,53.016,137.523,96.664,58.979,134.523,142.056,132.109,132.184
910.1,96.791,53.016,137.489,96.728,59.077,134.523,142.025,132.109,132.184
910.2,96.791,53.016,137.523,96.664,58.979,134.559,142.087,132.072,132.184
910.3,96.791,53.016,137.523,96.728,58.979,134.523,141.994,132.109,132.184
910.4,96.728,53.016,137.489,96.664,58.979,134.523,142.119,132.109,132.184
910.5,96.854,53.121,137.523,96.664,58.979,134.487,142.056,132.072,132.221
910.6,96.854,53.016,137.523,96.601,58.881,134.487,142.025,132.072,132.221
910.7,96.917,53.121,137.421,96.664,58.881,134.523,142.087,132.109,132.184
910.8,96.98,53.016,137.455,96.601,58.881,134.523,142.087,132.109,132.221
910.9,96.791,52.912,137.557,96.601,58.881,134.523,142.056,132.072,132.259
911.0,96.917,52.912,137.523,96.601,58.979,134.523,142.119,132.072,132.221
911.1,96.854,53.016,137.523,96.664,58.881,134.523,142.056,132.072,132.259
911.2,96.854,53.016,137.523,96.538,58.979,134.523,142.119,132.072,132.184
911.3,96.791,53.016,137.455,96.791,58.881,134.523,142.025,132.109,132.221
911.4,96.791,52.912,137.523,96.791,58.881,134.487,142.087,132.072,132.184
911.5,96.791,53.016,137.489,96.601,58.881,134.523,141.994,132.072,132.221
911.6,96.854,52.912,137.523,96.601,58.979,134.523,142.025,132.072,132.221
911.7,96.854,52.912,137.489,96.601,58.783,134.523,142.056,132.072,132.221
911.8,96.791,52.912,137.523,96.664,58.881,134.523,141.962,132.072,132.221
911.9,96.854,52.912,137.489,96.601,58.979,134.523,142.025,132.109,132.221
912.0,96.854,53.016,137.421,96.664,58.881,134.523,142.056,132.072,132.259
912.1,96.728,52.912,137.489,96.664,58.979,134.523,142.056,132.147,132.221
912.2,96.854,52.912,137.523,96.601,58.881,134.523,142.056,131.997,132.221
912.3,96.791,53.121,137.523,96.601,58.783,134.559,142.025,132.109,132.259
912.4,96.791,52.912,137.523,96.664,58.881,134.559,142.056,132.109,132.184
912.5,96.854,52.912,137.523,96.601,58.881,134.523,142.025,132.109,132.184
912.6,96.854,52.912,137.489,96.601,58.881,134.523,142.087,132.109,132.221
912.7,96.854,52.912,137.489,96.601,58.881,134.559,142.056,132.109,132.221
912.8,96.791,52.912,137.489,96.601,58.979,134.523,142.056,132.072,132.221
912.9,96.791,53.016,137.523,96.601,58.881,134.523,142.025,132.072,132.184
913.0,96.854,53.016,137.523,96.601,58.881,134.559,142.056,132.072,132.184
913.1,96.854,53.016,137.489,96.601,58.881,134.523,142.119,132.035,132.221
913.2,96.791,53.016,137.489,96.664,58.979,134.523,142.056,132.072,132.184
913.3,96.791,52.912,137.557,96.601,58.881,134.559,142.056,132.072,132.184
913.4,96.791,52.912,137.489,96.601,58.881,134.523,142.087,132.072,132.184
913.5,96.791,52.912,137.523,96.601,58.881,134.559,142.087,132.109,132.184
913.6,96.791,52.912,137.523,96.601,58.783,134.559,142.056,132.035,132.184
913.7,96.791,52.912,137.421,96.728,58.881,134.523,142.025,132.072,132.184
913.8,96.664,52.912,137.489,96.601,58.881,134.523,142.056,132.072,132.221
913.9,96.791,53.016,137.455,96.728,58.881,134.559,142.087,132.109,132.259
914.0,96.854,52.912,137.489,96.601,58.881,134.523,142.025,132.072,132.259
914.1,96.791,52.912,137.591,96.664,58.881,134.523,142.119,132.035,132.221
914.2,96.854,52.912,137.489,96.601,58.881,134.523,142.056,132.072,132.221
914.3,96.728,52.912,137.387,96.601,58.783,134.523,142.056,132.035,132.184
914.4,96.791,52.912,137.489,96.601,58.881,134.487,142.025,132.072,132.147
914.5,96.854,52.912,137.489,96.664,58.783,134.523,142.056,132.109,132.221
914.6,96.854,52.912,137.523,96.664,58.979,134.523,142.025,132.072,132.221
914.7,96.791,52.912,137.489,96.601,58.881,134.523,142.056,132.072,132.147
914.8,96.791,53.016,137.557,96.538,58.881,134.523,142.025,132.072,132.184
914.9,96.664,52.808,137.523,96.538,58.783,134.559,142.087,132.035,132.259
915.0,96.917,52.912,137.489,96.538,58.881,134.523,142.056,132.072,132.259
915.1,96.854,52.912,137.523,96.601,58.881,134.523,142.056,132.147,132.221
915.2,96.791,52.912,137.489,96.601,58.783,134.523,142.025,132.109,132.259
915.3,96.791,52.912,137.489,96.601,58.881,134.523,142.056,132.072,132.259
915.4,96.728,52.808,137.625,96.601,58.881,134.559,142.025,132.109,132.184
915.5,96.791,53.016,137.523,96.601,58.881,134.487,142.056,132.072,132.221
915.6,96.854,52.912,137.523,96.601,58.881,134.523,142.025,132.072,132.221
915.7,96.728,52.912,137.489,96.601,58.979,134.559,142.056,132.072,132.221
915.8,96.791,52.808,137.489,96.601,58.685,134.559,142.056,132.072,132.147
915.9,96.728,52.912,137.489,96.538,58.783,134.487,142.025,132.147,132.184
916.0,96.791,52.912,137.455,96.538,58.881,134.559,142.087,132.109,132.147
916.1,96.791,52.912,137.489,96.601,58.881,134.559,142.025,132.072,132.221
916.2,96.791,52.912,137.489,96.538,58.881,134.523,142.056,132.109,132.184
916.3,96.728,52.808,137.489,96.538,58.783,134.523,142.025,132.072,132.221
916.4,96.728,52.912,137.523,96.538,58.783,134.487,142.087,132.072,132.184
916.5,96.728,52.912,137.557,96.728,58.783,134.523,141.994,131.997,132.184
916.6,96.728,52.912,137.523,96.538,58.881,134.559,142.087,132.035,132.221
916.7,96.728,52.808,137.489,96.601,58.783,134.523,142.087,132.072,132.221
916.8,96.728,52.912,137.557,96.601,58.783,134.559,141.994,132.072,132.333
916.9,96.791,52.808,137.489,96.601,58.881,134.523,142.056,132.109,132.259
917.0,96.791,52.808,137.489,96.538,58.783,134.523,142.119,132.035,132.221
917.1,96.791,52.808,137.489,96.601,58.783,134.487,142.056,132.072,132.147
917.2,96.791,52.912,137.523,96.601,58.881,134.523,142.087,132.072,132.184
917.3,96.728,52.912,137.523,96.538,58.783,134.559,141.962,132.109,132.221
917.4,96.728,52.912,137.489,96.601,58.783,134.523,142.025,132.072,132.333
917.5,96.791,52.912,137.489,96.601,58.783,134.523,142.056,132.147,132.259
917.6,96.728,52.912,137.523,96.601,58.685,134.487,142.087,132.109,132.147
917.7,96.791,52.808,137.523,96.538,58.783,134.523,142.025,132.035,132.184
917.8,96.854,52.808,137.489,96.538,58.881,134.559,142.056,132.072,132.221
917.9,96.728,52.912,137.489,96.538,58.783,134.523,142.056,132.072,132.221
918.0,96.728,52.808,137.489,96.538,58.783,134.559,141.994,132.035,132.221
918.1,96.791,52.808,137.489,96.538,58.685,134.559,141.994,132.072,132.221
918.2,96.791,52.808,137.489,96.601,58.685,134.523,142.025,132.072,132.221
918.3,96.728,52.808,137.523,96.601,58.783,134.523,142.119,132.109,132.147
918.4,96.664,52.912,137.489,96.538,58.685,134.559,142.056,132.072,132.147
918.5,96.728,52.912,137.557,96.538,58.783,134.487,142.056,132.072,132.221
918.6,96.728,52.808,137.523,96.475,58.783,134.559,142.087,132.109,132.184
918.7,96.728,52.912,137.523,96.538,58.783,134.523,142.087,132.072,132.184
918.8,96.728,52.912,137.523,96.538,58.685,134.559,142.087,132.109,132.221
918.9,96.791,52.912,137.489,96.538,58.783,134.559,142.087,132.109,132.221
919.0,96.791,52.808,137.489,96.664,58.685,134.523,142.056,132.072,132.221
919.1,96.728,52.912,137.489,96.601,58.783,134.523,142.087,132.072,132.184
919.2,96.728,52.808,137.557,96.538,58.685,134.487,142.056,132.072,132.184
919.3,96.664,52.808,137.489,96.538,58.783,134.523,142.056,132.035,132.221
919.4,96.728,52.912,137.557,96.538,58.783,134.523,142.056,132.072,132.184
919.5,96.664,52.912,137.557,96.538,58.783,134.523,142.087,132.072,132.184
919.6,96.728,52.703,137.523,96.538,58.685,134.523,142.025,132.072,132.184
919.7,96.728,52.808,137.523,96.475,58.685,134.523,142.025,132.072,132.184
919.8,96.664,52.703,137.387,96.538,58.685,134.523,142.119,132.072,132.259
919.9,96.791,52.703,137.455,96.475,58.783,134.559,142.025,132.072,132.221
920.0,96.664,52.808,137.523,96.601,58.685,134.523,142.056,132.035,132.147
920.1,96.728,52.703,137.489,96.538,58.685,134.523,142.056,132.072,132.221
920.2,96.728,52.808,137.489,96.475,58.685,134.523,142.025,132.072,132.259
920.3,96.728,52.912,137.523,96.538,58.685,134.523,142.025,132.072,132.184
920.4,96.728,52.808,137.489,96.538,58.685,134.559,142.119,132.109,132.221
920.5,96.664,52.808,137.489,96.538,58.685,134.487,142.056,132.072,132.259
920.6,96.728,52.808,137.489,96.475,58.685,134.523,142.056,132.035,132.221
920.7,96.664,52.808,137.557,96.601,58.685,134.487,142.087,132.072,132.296
920.8,96.664,52.808,137.489,96.475,58.685,134.523,142.056,132.109,132.184
920.9,96.728,52.808,137.455,96.601,58.685,134.487,142.056,132.035,132.184
921.0,96.664,52.808,137.489,96.538,58.685,134.487,142.056,132.072,132.184
921.1,96.728,52.808,137.557,96.538,58.685,134.523,142.025,132.072,132.184
921.2,96.728,52.912,137.489,96.538,58.685,134.559,142.119,132.035,132.184
921.3,96.728,52.703,137.523,96.601,58.587,134.487,141.994,132.109,132.221
921.4,96.664,52.808,137.523,96.538,58.685,134.487,142.056,132.072,132.184
921.5,96.728,52.808,137.489,96.475,58.685,134.487,142.087,132.035,132.184
921.6,96.728,52.808,137.523,96.475,58.685,134.487,142.056,132.072,132.109
921.7,96.664,52.808,137.523,96.538,58.783,134.559,142.087,132.109,132.184
921.8,96.664,52.808,137.523,96.411,58.685,134.559,142.056,132.035,132.184
921.9,96.664,52.808,137.455,96.538,58.685,134.559,142.056,132.072,132.147
922.0,96.664,52.703,137.455,96.601,58.685,134.523,142.056,132.072,132.147
922.1,96.664,52.912,137.523,96.538,58.685,134.559,142.056,132.072,132.184
922.2,96.601,52.808,137.489,96.475,58.783,134.379,142.025,132.072,132.221
922.3,96.664,52.912,137.557,96.475,58.685,134.559,142.087,132.072,132.259
922.4,96.728,52.703,137.557,96.538,58.685,134.523,142.056,132.109,132.184
922.5,96.664,52.703,137.489,96.601,58.685,134.487,142.025,132.072,132.147
922.6,96.664,52.808,137.489,96.538,58.783,134.559,142.119,131.997,132.221
922.7,96.664,52.599,137.557,96.538,58.587,134.523,142.119,132.035,132.221
922.8,96.664,52.599,137.523,96.538,58.685,134.559,141.994,132.072,132.221
922.9,96.601,52.703,137.557,96.475,58.587,134.487,142.056,132.035,132.221
923.0,96.601,52.808,137.489,96.475,58.587,134.523,142.056,132.035,132.221
923.1,96.664,52.703,137.489,96.475,58.587,134.523,142.056,132.072,132.259
923.2,96.664,52.703,137.523,96.475,58.685,134.559,142.056,132.035,132.184
923.3,96.601,52.703,137.523,96.475,58.587,134.559,142.025,132.109,132.184
923.4,96.664,52.703,137.489,96.538,58.587,134.523,142.056,132.072,132.184
923.5,96.664,52.703,137.523,96.475,58.685,134.523,142.025,132.035,132.184
923.6,96.791,52.703,137.489,96.475,58.587,134.487,142.056,132.035,132.147
923.7,96.791,52.703,137.455,96.475,58.685,134.523,142.087,132.035,132.184
923.8,96.728,52.703,137.489,96.475,58.587,134.559,142.056,132.035,132.147
923.9,96.664,52.703,137.489,96.475,58.587,134.523,142.087,132.072,132.221
924.0,96.664,52.703,137.489,96.411,58.587,134.523,142.056,132.035,132.184
924.1,96.601,52.703,137.489,96.475,58.587,134.523,142.025,132.109,132.184
924.2,96.601,52.808,137.489,96.475,58.685,134.523,142.056,132.072,132.147
924.3,96.664,52.703,137.455,96.475,58.685,134.523,142.056,132.072,132.184
924.4,96.664,52.808,137.523,96.475,58.587,134.487,142.087,132.109,132.184
924.5,96.664,52.703,137.489,96.475,58.587,134.523,142.056,132.035,132.147
924.6,96.728,52.703,137.489,96.475,58.587,134.559,142.056,132.072,132.221
924.7,96.601,52.703,137.523,96.475,58.488,134.487,142.056,132.072,132.147
924.8,96.601,52.703,137.455,96.538,58.685,134.559,142.056,132.035,132.147
924.9,96.728,52.703,137.489,96.538,58.587,134.487,142.025,132.072,132.184
925.0,96.664,52.703,137.523,96.475,58.685,134.487,142.056,132.035,132.184
925.1,96.664,52.808,137.523,96.475,58.587,134.523,142.056,132.035,132.259
925.2,96.601,52.703,137.455,96.475,58.587,134.523,142.056,132.072,132.147
925.3,96.601,52.808,137.489,96.538,58.587,134.523,141.994,132.035,132.147
925.4,96.664,52.703,137.523,96.475,58.685,134.523,142.025,132.072,132.259
925.5,96.664,52.808,137.557,96.475,58.685,134.523,142.056,131.997,132.221
925.6,96.538,52.808,137.523,96.538,58.587,134.523,142.056,132.072,132.147
925.7,96.728,52.703,137.489,96.475,58.587,134.487,142.056,132.109,132.147
925.8,96.601,52.808,137.489,96.475,58.685,134.487,141.994,132.072,132.221
925.9,96.664,52.703,137.455,96.538,58.587,134.523,142.087,132.072,132.184
926.0,96.664,52.703,137.489,96.475,58.685,134.487,142.056,132.035,132.184
926.1,96.664,52.703,137.489,96.475,58.587,134.559,142.025,132.072,132.184
926.2,96.664,52.703,137.489,96.411,58.587,134.523,142.087,132.035,132.221
926.3,96.601,52.703,137.489,96.475,58.587,134.523,142.087,132.035,132.147
926.4,96.601,52.703,137.591,96.538,58.488,134.559,142.056,132.072,132.184
926.5,96.601,52.599,137.489,96.475,58.587,134.523,142.056,132.072,132.184
926.6,96.728,52.808,137.489,96.411,58.587,134.559,142.056,132.109,132.184
926.7,96.601,52.703,137.489,96.411,58.488,134.487,142.056,132.035,132.184
926.8,96.664,52.703,137.489,96.411,58.587,134.523,142.056,131.997,132.221
926.9,96.664,52.703,137.523,96.538,58.587,134.559,142.056,132.072,132.147
927.0,96.664,52.599,137.523,96.411,58.587,134.523,142.087,131.997,132.147
927.1,96.664,52.703,137.489,96.411,58.587,134.487,142.056,132.109,132.184
927.2,96.664,52.599,137.489,96.475,58.587,134.523,142.087,132.072,132.147
927.3,96.601,52.703,137.455,96.348,58.488,134.487,142.056,132.072,132.147
927.4,96.728,52.703,137.523,96.475,58.587,134.523,142.087,132.035,132.147
927.5,96.664,52.703,137.523,96.475,58.587,134.559,142.087,132.035,132.184
927.6,96.601,52.599,137.523,96.411,58.587,134.559,142.087,132.035,132.221
927.7,96.601,52.703,137.523,96.475,58.488,134.559,142.056,132.035,132.221
927.8,96.664,52.703,137.489,96.538,58.488,134.523,142.025,132.035,132.184
927.9,96.601,52.599,137.523,96.411,58.587,134.523,142.087,132.072,132.184
928.0,96.538,52.703,137.489,96.475,58.587,134.523,142.025,132.072,132.147
928.1,96.601,52.599,137.523,96.475,58.39,134.523,142.056,132.035,132.147
928.2,96.538,52.703,137.557,96.411,58.488,134.523,142.056,132.072,132.184
928.3,96.538,52.703,137.455,96.411,58.587,134.523,142.056,132.035,132.221
928.4,96.601,52.703,137.489,96.475,58.587,134.523,142.056,132.035,132.184
928.5,96.601,52.703,137.523,96.475,58.488,134.523,142.087,132.072,132.147
928.6,96.601,52.599,137.489,96.348,58.587,134.523,142.056,132.035,132.221
928.7,96.664,52.703,137.489,96.475,58.587,134.487,142.056,132.072,132.184
928.8,96.601,52.703,137.489,96.475,58.488,134.559,142.056,132.072,132.184
928.9,96.601,52.599,137.489,96.411,58.488,134.487,142.025,132.109,132.184
929.0,96.601,52.703,137.489,96.411,58.488,134.523,142.056,132.035,132.184
929.1,96.538,52.599,137.523,96.411,58.587,134.523,142.056,131.997,132.147
929.2,96.601,52.599,137.489,96.475,58.488,134.487,142.087,132.072,132.184
929.3,96.601,52.703,137.489,96.411,58.488,134.487,142.056,132.072,132.259
929.4,96.601,52.599,137.523,96.411,58.488,134.487,141.931,132.072,132.184
929.5,96.601,52.599,137.489,96.475,58.488,134.523,142.025,132.035,132.184
929.6,96.601,52.599,137.489,96.411,58.488,134.523,142.056,132.035,132.147
929.7,96.601,52.599,137.489,96.475,58.488,134.523,142.087,132.072,132.221
929.8,96.601,52.599,137.489,96.221,58.488,134.523,142.056,132.035,132.184
929.9,96.538,52.599,137.489,96.475,58.488,134.487,142.056,132.072,132.147
930.0,96.601,52.599,137.387,96.411,58.39,134.523,142.056,132.035,132.147
930.1,96.601,52.703,137.489,96.411,58.587,134.487,142.056,132.035,132.184
930.2,96.538,52.703,137.489,96.475,58.488,134.487,142.087,132.072,132.184
930.3,96.601,52.599,137.489,96.411,58.488,134.487,142.15,132.035,132.184
930.4,96.411,52.494,137.523,96.411,58.488,134.487,142.087,132.035,132.147
930.5,96.538,52.703,137.489,96.348,58.488,134.487,142.025,132.109,132.221
930.6,96.601,52.703,137.523,96.411,58.39,134.523,142.056,132.072,132.072
930.7,96.664,52.599,137.421,96.348,58.39,134.523,142.087,132.035,132.184
930.8,96.601,52.599,137.489,96.348,58.488,134.594,142.087,132.072,132.147
930.9,96.475,52.599,137.523,96.348,58.39,134.487,142.025,132.072,132.221
931.0,96.601,52.599,137.489,96.475,58.291,134.487,142.056,132.035,132.184
931.1,96.601,52.599,137.455,96.411,58.488,134.523,142.056,131.997,132.184
931.2,96.538,52.599,137.489,96.411,58.488,134.523,142.056,132.072,132.147
931.3,96.601,52.703,137.523,96.348,58.488,134.523,142.056,132.109,132.184
931.4,96.538,52.703,137.523,96.348,58.488,134.523,142.056,132.072,132.184
931.5,96.538,52.599,137.523,96.348,58.488,134.594,142.056,132.035,132.147
931.6,96.601,52.599,137.557,96.411,58.39,134.523,142.056,132.072,132.184
931.7,96.601,52.599,137.319,96.411,58.39,134.523,142.056,132.072,132.147
931.8,96.475,52.599,137.489,96.411,58.488,134.559,142.056,132.035,132.221
931.9,96.601,52.703,137.523,96.348,58.488,134.559,142.15,132.035,132.184
932.0,96.538,52.599,137.489,96.348,58.488,134.523,142.087,132.035,132.184
932.1,96.601,52.599,137.489,96.348,58.488,134.523,142.087,132.035,132.184
932.2,96.538,52.494,137.523,96.411,58.291,134.523,142.056,131.997,132.147
932.3,96.538,52.599,137.557,96.348,58.488,134.559,142.056,132.072,132.147
932.4,96.538,52.599,137.489,96.411,58.488,134.523,142.056,132.035,132.147
932.5,96.601,52.599,137.523,96.348,58.587,134.487,142.056,132.035,132.147
932.6,96.475,52.599,137.523,96.348,58.39,134.523,142.087,132.072,132.184
932.7,96.538,52.703,137.523,96.411,58.488,134.559,142.056,132.035,132.184
932.8,96.475,52.599,137.489,96.285,58.488,134.523,142.025,132.035,132.147
932.9,96.475,52.599,137.523,96.348,58.488,134.487,142.025,132.035,132.184
933.0,96.538,52.599,137.489,96.285,58.39,134.523,142.056,132.072,132.221
933.1,96.538,52.599,137.523,96.348,58.39,134.487,142.025,132.035,132.147
933.2,96.601,52.599,137.489,96.348,58.39,134.523,142.056,132.035,132.109
933.3,96.538,52.494,137.489,96.348,58.39,134.594,142.056,132.035,132.147
933.4,96.601,52.494,137.557,96.411,58.488,134.559,142.087,132.035,132.035
933.5,96.538,52.599,137.489,96.475,58.587,134.487,142.119,132.035,132.147
933.6,96.538,52.599,137.455,96.348,58.488,134.523,141.994,132.035,132.147
933.7,96.538,52.808,137.421,96.411,58.488,134.559,142.056,132.072,132.184
933.8,96.538,52.599,137.489,96.475,58.488,134.487,142.056,132.072,132.184
933.9,96.538,52.494,137.557,96.348,58.291,134.487,142.056,132.035,132.184
934.0,96.411,52.599,137.489,96.411,58.39,134.559,142.056,132.035,132.147
934.1,96.475,52.599,137.455,96.348,58.39,134.523,142.025,132.109,132.221
934.2,96.475,52.494,137.489,96.348,58.488,134.523,142.056,132.035,132.109
934.3,96.475,52.494,137.489,96.285,58.291,134.523,142.056,132.035,132.147
934.4,96.475,52.599,137.489,96.348,58.39,134.487,142.056,132.035,132.109
934.5,96.538,52.599,137.489,96.348,58.488,134.523,142.056,132.072,132.147
934.6,96.538,52.494,137.523,96.411,58.39,134.523,142.056,132.035,132.147
934.7,96.664,52.599,137.489,96.348,58.488,134.487,142.025,132.035,132.147
934.8,96.538,52.599,137.489,96.285,58.39,134.523,142.056,132.072,132.147
934.9,96.538,52.599,137.489,96.348,58.488,134.559,142.056,132.035,132.147
935.0,96.601,52.599,137.489,96.348,58.39,134.559,142.087,132.072,132.147
935.1,96.538,52.494,137.523,96.348,58.39,134.559,142.056,132.035,132.296
935.2,96.475,52.494,137.489,96.348,58.488,134.487,142.056,132.035,132.184
935.3,96.475,52.599,137.489,96.348,58.39,134.559,142.056,132.035,132.147
935.4,96.601,52.599,137.523,96.285,58.291,134.559,142.025,132.072,132.221
935.5,96.538,52.599,137.489,96.348,58.291,134.523,142.056,132.072,132.109
935.6,96.538,52.599,137.523,96.348,58.39,134.523,142.056,131.997,132.221
935.7,96.475,52.599,137.489,96.348,58.39,134.523,142.056,132.072,132.184
935.8,96.538,52.494,137.557,96.348,58.39,134.523,142.056,132.035,132.147
935.9,96.475,52.599,137.489,96.348,58.39,134.559,142.056,131.997,132.147
936.0,96.475,52.599,137.523,96.285,58.291,134.523,142.056,132.035,132.184
936.1,96.538,52.494,137.523,96.411,58.488,134.559,142.025,131.997,132.147
936.2,96.475,52.494,137.523,96.348,58.488,134.523,142.056,132.035,132.147
936.3,96.538,52.599,137.489,96.411,58.39,134.523,142.025,132.035,132.147
936.4,96.538,52.599,137.557,96.348,58.39,134.523,142.025,132.035,132.147
936.5,96.538,52.599,137.489,96.285,58.488,134.487,142.056,132.035,132.184
936.6,96.475,52.599,137.489,96.285,58.39,134.523,142.087,132.072,132.147
936.7,96.538,52.599,137.489,96.285,58.488,134.523,142.119,131.997,132.147
936.8,96.538,52.599,137.489,96.348,58.488,134.559,142.087,132.035,132.184
936.9,96.475,52.599,137.557,96.285,58.39,134.594,142.056,132.035,132.147
937.0,96.538,52.494,137.523,96.348,58.39,134.487,142.056,132.035,132.147
937.1,96.538,52.599,137.489,96.348,58.488,134.559,142.056,131.997,132.147
937.2,96.475,52.599,137.523,96.348,58.39,134.523,142.056,132.035,132.147
937.3,96.538,52.599,137.557,96.348,58.39,134.523,142.087,132.072,132.147
937.4,96.475,52.599,137.523,96.348,58.291,134.523,142.056,132.109,132.184
937.5,96.538,52.599,137.523,96.348,58.488,134.559,142.087,132.035,132.184
937.6,96.411,52.599,137.489,96.348,58.39,134.487,142.119,132.072,132.147
937.7,96.538,52.494,137.489,96.348,58.39,134.523,142.087,132.035,132.147
937.8,96.475,52.494,137.489,96.285,58.488,134.523,142.056,132.072,132.184
937.9,96.538,52.599,137.523,96.348,58.488,134.523,142.025,132.072,132.184
938.0,96.601,52.599,137.455,96.285,58.39,134.523,142.025,132.035,132.109
938.1,96.411,52.494,137.489,96.348,58.587,134.487,142.025,132.072,132.147
938.2,96.475,52.494,137.489,96.348,58.488,134.594,142.119,131.997,132.184
938.3,96.411,52.599,137.489,96.348,58.488,134.523,142.087,131.997,132.109
938.4,96.411,52.494,137.489,96.285,58.291,134.487,141.962,132.035,132.184
938.5,96.538,52.494,137.523,96.285,58.39,134.523,142.025,132.072,132.109
938.6,96.475,52.599,137.489,96.348,58.39,134.523,142.025,132.035,132.147
938.7,96.538,52.389,137.489,96.285,58.488,134.523,142.087,132.035,132.184
938.8,96.538,52.599,137.523,96.285,58.39,134.559,142.056,132.072,132.147
938.9,96.601,52.599,137.523,96.411,58.291,134.451,142.056,132.035,132.184
939.0,96.475,52.599,137.523,96.285,58.39,134.523,142.119,132.035,132.147
939.1,96.475,52.494,137.523,96.411,58.291,134.487,142.087,131.997,132.147
939.2,96.538,52.494,137.489,96.285,58.39,134.523,142.056,131.997,132.109
939.3,96.475,52.599,137.489,96.221,58.39,134.487,142.025,131.997,132.184
939.4,96.664,52.389,137.455,96.411,58.39,134.594,142.056,131.997,132.147
939.5,96.538,52.389,137.523,96.221,58.291,134.487,142.087,132.035,132.147
939.6,96.475,52.599,137.489,96.285,58.291,134.559,142.056,132.072,132.184
939.7,96.538,52.494,137.489,96.411,58.39,134.523,142.056,132.035,132.109
939.8,96.411,52.494,137.523,96.285,58.488,134.487,142.056,132.072,132.221
939.9,96.475,52.599,137.557,96.221,58.291,134.559,142.025,132.035,132.147
940.0,96.475,52.494,137.523,96.221,58.39,134.523,142.087,132.072,132.147
940.1,96.475,52.703,137.489,96.285,58.39,134.523,142.056,132.035,132.147
940.2,96.538,52.494,137.489,96.285,58.39,134.487,142.056,132.072,132.184
940.3,96.475,52.599,137.523,96.285,58.291,134.523,142.056,131.997,132.184
940.4,96.538,52.494,137.489,96.285,58.291,134.523,141.994,132.072,132.184
940.5,96.538,52.494,137.523,96.285,58.291,134.523,142.087,132.072,132.147
940.6,96.475,52.389,137.489,96.285,58.39,134.487,142.056,132.035,132.147
940.7,96.475,52.494,137.489,96.348,58.291,134.559,142.087,132.035,132.259
940.8,96.475,52.494,137.557,96.285,58.39,134.559,142.056,132.072,132.184
940.9,96.475,52.599,137.489,96.348,58.39,134.523,142.056,132.072,132.147
941.0,96.475,52.599,137.489,96.221,58.39,134.559,142.056,132.035,132.184
941.1,96.475,52.389,137.489,96.285,58.39,134.523,142.119,132.035,132.184
941.2,96.475,52.494,137.455,96.221,58.39,134.523,142.087,131.997,132.147
941.3,96.411,52.494,137.523,96.285,58.39,134.523,142.025,132.072,132.109
941.4,96.411,52.494,137.489,96.221,58.39,134.523,142.087,132.184,132.072
941.5,96.538,52.494,137.489,96.221,58.39,134.523,141.994,132.035,132.147
941.6,96.411,52.494,137.523,96.285,58.39,134.523,142.056,132.035,132.147
941.7,96.475,52.389,137.489,96.285,58.291,134.487,142.025,132.147,132.109
941.8,96.475,52.494,137.557,96.285,58.39,134.559,142.056,132.147,132.184
941.9,96.475,52.599,137.489,96.221,58.291,134.487,142.025,131.997,132.147
942.0,96.475,52.599,137.489,96.285,58.291,134.487,142.087,131.997,132.109
942.1,96.475,52.494,137.523,96.285,58.291,134.523,142.056,132.035,132.147
942.2,96.411,52.494,137.523,96.348,58.39,134.523,142.056,132.035,132.109
942.3,96.411,52.599,137.489,96.348,58.39,134.523,142.025,132.072,132.147
942.4,96.475,52.494,137.523,96.221,58.291,134.523,142.087,131.997,132.147
942.5,96.411,52.494,137.489,96.221,58.291,134.523,142.087,132.035,132.147
942.6,96.475,52.494,137.489,96.285,58.291,134.559,142.056,131.997,132.147
942.7,96.411,52.389,137.489,96.285,58.39,134.559,142.056,131.997,132.109
942.8,96.411,52.599,137.523,96.285,58.291,134.523,142.056,132.035,132.221
942.9,96.475,52.494,137.421,96.285,58.291,134.523,142.025,132.072,132.109
943.0,96.475,52.494,137.523,96.221,58.291,134.487,142.119,132.035,132.147
943.1,96.475,52.389,137.489,96.221,58.39,134.523,142.056,131.997,132.147
943.2,96.411,52.389,137.523,96.221,58.291,134.523,141.994,132.035,132.109
943.3,96.475,52.494,137.489,96.221,58.291,134.523,142.119,132.035,132.147
943.4,96.411,52.494,137.489,96.285,58.192,134.523,142.056,132.035,132.184
943.5,96.475,52.494,137.523,96.221,58.39,134.487,142.056,132.035,132.147
943.6,96.475,52.599,137.421,96.285,58.291,134.523,142.056,131.997,132.147
943.7,96.411,52.494,137.557,96.158,58.291,134.594,142.119,132.072,132.147
943.8,96.411,52.494,137.523,96.285,58.291,134.487,142.087,131.997,132.109
943.9,96.475,52.494,137.523,96.221,58.291,134.523,142.056,131.997,132.109
944.0,96.348,52.389,137.455,96.348,58.291,134.487,142.087,131.997,132.109
944.1,96.538,52.389,137.523,96.221,58.291,134.487,142.056,132.072,132.072
944.2,96.411,52.494,137.489,96.285,58.291,134.523,142.056,131.997,132.147
944.3,96.475,52.494,137.489,96.221,58.192,134.487,142.025,132.035,132.147
944.4,96.411,52.494,137.523,96.221,58.192,134.487,142.087,132.035,132.184
944.5,96.475,52.389,137.489,96.221,58.39,134.487,142.087,131.885,132.147
944.6,96.411,52.494,137.523,96.221,58.39,134.523,142.056,131.997,132.109
944.7,96.475,52.389,137.455,96.221,58.291,134.523,142.056,131.997,132.147
944.8,96.411,52.494,137.523,96.285,58.291,134.523,142.087,132.072,132.147
944.9,96.475,52.494,137.489,96.221,58.192,134.523,142.025,132.035,132.147
945.0,96.475,52.389,137.455,96.221,58.39,134.523,142.025,131.96,132.147
945.1,96.411,52.494,137.455,96.285,58.192,134.523,142.087,132.035,132.035
945.2,96.411,52.494,137.489,96.285,58.291,134.487,142.087,132.072,132.147
945.3,96.348,52.389,137.489,96.158,58.291,134.523,142.056,132.072,132.184
945.4,96.475,52.389,137.523,96.221,58.39,134.559,142.056,131.997,132.147
945.5,96.411,52.494,137.489,96.221,58.192,134.523,142.087,131.997,132.147
945.6,96.411,52.389,137.591,96.221,58.291,134.451,142.056,132.072,132.184
945.7,96.475,52.494,137.455,96.221,58.192,134.523,142.056,132.035,132.147
945.8,96.411,52.284,137.523,96.158,58.093,134.487,142.056,131.997,132.072
945.9,96.411,52.389,137.489,96.221,58.192,134.523,142.087,132.035,132.147
946.0,96.348,52.389,137.523,96.221,58.291,134.559,142.056,132.035,132.147
946.1,96.475,52.389,137.455,96.221,58.291,134.559,142.056,131.997,132.147
946.2,96.411,52.599,137.557,96.158,58.192,134.487,142.056,132.035,132.184
946.3,96.411,52.494,137.489,96.221,58.291,134.523,142.087,131.96,132.184
946.4,96.475,52.389,137.489,96.158,58.192,134.487,142.056,132.035,132.184
946.5,96.411,52.389,137.523,96.158,58.291,134.559,142.087,132.035,132.147
946.6,96.411,52.389,137.489,96.221,58.291,134.523,142.025,132.072,132.147
946.7,96.411,52.389,137.489,96.221,58.192,134.487,142.087,131.997,132.147
946.8,96.475,52.389,137.489,96.221,58.291,134.487,142.025,132.035,132.109
946.9,96.475,52.389,137.523,96.285,58.192,134.559,142.087,131.997,132.147
947.0,96.475,52.389,137.455,96.221,58.192,134.523,142.087,132.035,132.184
947.1,96.411,52.389,137.489,96.221,58.192,134.487,142.056,131.997,132.147
947.2,96.348,52.284,137.489,96.221,58.192,134.523,142.087,132.035,132.147
947.3,96.411,52.494,137.523,96.285,58.192,134.523,142.056,132.035,132.109
947.4,96.411,52.389,137.421,96.221,58.192,134.487,142.056,131.997,132.147
947.5,96.411,52.494,137.489,96.221,58.192,134.523,142.025,131.997,132.147
947.6,96.411,52.389,137.489,96.221,58.291,134.487,142.056,131.997,132.147
947.7,96.475,52.389,137.523,96.285,58.192,134.487,142.056,132.035,132.109
947.8,96.411,52.284,137.489,96.221,58.192,134.523,142.087,131.997,132.147
947.9,96.475,52.599,137.489,96.158,58.192,134.523,142.025,131.96,132.147
948.0,96.348,52.494,137.523,96.221,58.192,134.559,142.056,132.035,132.109
948.1,96.348,52.389,137.523,96.221,58.192,134.487,142.056,131.997,132.184
948.2,96.411,52.284,137.523,96.221,58.192,134.523,142.056,131.997,132.147
948.3,96.411,52.389,137.489,96.158,58.093,134.523,142.056,131.997,132.109
948.4,96.411,52.389,137.523,96.158,58.192,134.523,142.056,132.072,132.184
948.5,96.348,52.389,137.523,96.221,58.192,134.559,142.087,131.997,132.109
948.6,96.411,52.389,137.557,96.094,58.291,134.559,142.025,131.997,132.147
948.7,96.348,52.389,137.489,96.158,58.291,134.523,142.056,132.035,132.184
948.8,96.348,52.389,137.455,96.158,58.192,134.487,142.119,131.997,132.147
948.9,96.411,52.494,137.489,96.158,58.192,134.523,142.087,132.072,132.147
949.0,96.411,52.703,137.523,96.285,58.192,134.523,142.056,131.96,132.147
949.1,96.411,52.389,137.455,96.158,58.192,134.559,142.056,132.109,132.184
949.2,96.475,52.284,137.489,96.158,58.192,134.523,142.056,132.072,132.109
949.3,96.411,52.284,137.489,96.158,58.192,134.523,142.087,132.035,132.147
949.4,96.411,52.179,137.523,96.158,58.192,134.487,142.056,131.997,132.147
949.5,96.348,52.389,137.489,96.221,58.192,134.487,142.087,132.035,132.147
949.6,96.348,52.389,137.557,96.158,58.192,134.487,142.056,132.035,132.109
949.7,96.411,52.389,137.455,96.221,58.192,134.487,142.056,132.035,132.147
949.8,96.348,52.389,137.489,96.158,58.192,134.487,142.119,132.035,132.147
949.9,96.285,52.494,137.489,96.221,58.093,134.523,142.056,131.997,132.184
950.0,96.411,52.389,137.489,96.094,58.192,134.63,142.056,131.997,132.109
950.1,96.348,52.284,137.489,96.158,58.291,134.523,142.119,132.072,132.147
950.2,96.348,52.389,137.489,96.221,58.291,134.559,142.025,132.035,132.184
950.3,96.411,52.284,137.489,96.221,58.291,134.523,141.994,132.035,132.147
950.4,96.348,52.494,137.489,96.094,58.192,134.487,142.087,132.035,132.109
950.5,96.348,52.284,137.489,96.221,58.192,134.523,142.056,132.035,132.147
950.6,96.348,52.389,137.489,96.158,57.994,134.487,142.119,132.035,132.109
950.7,96.348,52.284,137.557,96.158,58.192,134.523,142.087,132.035,132.109
950.8,96.348,52.389,137.489,96.221,58.192,134.559,142.056,131.997,132.147
950.9,96.348,52.284,137.523,96.158,58.291,134.523,142.087,131.997,132.147
951.0,96.411,52.389,137.489,96.158,58.093,134.487,142.056,132.035,132.147
951.1,96.411,52.389,137.489,96.158,58.093,134.523,142.087,132.035,132.147
951.2,96.348,52.284,137.489,96.221,58.192,134.487,142.056,132.072,132.109
951.3,96.348,52.494,137.489,96.158,58.192,134.487,142.056,132.035,132.147
951.4,96.348,52.389,137.489,96.158,58.192,134.523,142.025,131.997,132.109
951.5,96.348,52.494,137.489,96.221,58.093,134.523,142.119,131.997,132.147
951.6,96.348,52.284,137.455,96.158,58.192,134.523,142.025,132.035,132.147
951.7,96.348,52.284,137.489,96.221,58.093,134.487,142.056,132.035,132.147
951.8,96.348,52.389,137.557,96.094,58.192,134.559,142.056,132.035,132.147
951.9,96.348,52.284,137.489,96.158,58.093,134.523,142.056,132.035,132.147
952.0,96.348,52.494,137.523,96.094,58.192,134.523,142.087,132.035,132.109
952.1,96.348,52.494,137.489,96.158,58.192,134.487,142.056,131.96,132.147
952.2,96.348,52.284,137.523,96.094,58.192,134.523,142.087,131.997,132.109
952.3,96.348,52.389,137.489,96.158,58.093,134.523,142.087,132.035,132.072
952.4,96.348,52.284,137.455,96.158,58.192,134.523,142.056,132.035,132.147
952.5,96.348,52.389,137.489,96.158,58.093,134.523,142.025,132.035,132.109
952.6,96.348,52.284,137.489,96.221,58.192,134.487,142.056,131.997,132.184
952.7,96.348,52.179,137.489,96.03,58.291,134.523,142.087,131.997,132.109
952.8,96.285,52.389,137.489,96.158,58.093,134.523,142.056,132.035,132.147
952.9,96.348,52.284,137.489,96.094,58.093,134.523,142.087,131.997,132.147
953.0,96.348,52.284,137.489,96.094,58.192,134.523,142.15,132.072,132.147
953.1,96.348,52.389,137.489,96.094,58.192,134.523,142.087,131.997,132.109
953.2,96.285,52.284,137.489,96.094,58.291,134.523,142.056,131.997,132.109
953.3,96.285,52.284,137.523,96.158,58.192,134.487,142.056,131.997,132.147
953.4,96.285,52.389,137.489,96.158,58.093,134.451,142.087,131.997,132.184
953.5,96.348,52.284,137.523,96.094,57.994,134.559,142.087,132.035,132.072
953.6,96.348,52.389,137.523,96.094,58.192,134.487,142.087,131.997,132.147
953.7,96.348,52.284,137.523,96.094,58.093,134.523,142.056,131.997,132.109
953.8,96.348,52.284,137.489,96.158,58.093,134.523,142.056,131.997,132.072
953.9,96.221,52.284,137.455,96.158,58.192,134.451,142.119,131.96,132.259
954.0,96.348,52.284,137.489,96.158,58.093,134.523,142.087,131.997,132.147
954.1,96.348,52.179,137.455,96.094,58.093,134.523,142.087,132.072,132.109
954.2,96.348,52.389,137.455,96.158,58.192,134.523,142.087,132.035,132.147
954.3,96.348,52.389,137.455,96.094,58.192,134.559,142.056,131.997,132.147
954.4,96.285,52.284,137.557,96.158,58.192,134.523,142.056,132.035,132.109
954.5,96.285,52.284,137.455,96.158,57.994,134.487,142.056,132.035,132.109
954.6,96.348,52.389,137.489,96.158,58.192,134.487,142.056,131.997,132.184
954.7,96.348,52.284,137.489,96.03,58.192,134.523,142.056,131.997,132.109
954.8,96.348,52.284,137.523,96.158,58.093,134.487,142.056,132.035,132.147
954.9,96.285,52.284,137.523,96.158,58.192,134.487,142.056,131.997,132.147
955.0,96.348,52.389,137.489,96.158,57.994,134.523,142.056,132.035,132.109
955.1,96.348,52.494,137.489,96.094,58.192,134.523,142.056,132.035,132.147
955.2,96.221,52.284,137.489,96.094,58.192,134.523,142.056,132.035,132.109
955.3,96.285,52.284,137.523,96.158,58.093,134.487,142.119,131.997,132.109
955.4,96.285,52.389,137.489,96.094,58.093,134.523,142.087,132.035,132.147
955.5,96.221,52.284,137.489,96.094,57.994,134.523,142.025,131.997,132.109
955.6,96.348,52.284,137.557,96.158,58.192,134.523,142.025,131.997,132.109
955.7,96.285,52.284,137.489,96.094,58.192,134.523,142.087,131.997,132.109
955.8,96.348,52.284,137.489,96.094,58.192,134.523,142.056,131.997,132.147
955.9,96.348,52.389,137.625,96.158,58.093,134.523,142.056,131.997,132.109
956.0,96.285,52.284,137.489,96.094,57.994,134.487,142.087,132.035,132.109
956.1,96.285,52.389,137.523,96.158,57.994,134.594,142.056,131.96,132.147
956.2,96.094,52.389,137.489,96.03,58.093,134.559,142.087,132.035,132.147
956.3,96.348,52.284,137.523,96.094,58.093,134.487,142.056,131.997,132.147
956.4,96.285,52.284,137.489,96.03,58.093,134.487,142.056,131.997,132.147
956.5,96.348,52.284,137.455,96.094,58.192,134.487,142.056,131.96,132.184
956.6,96.221,52.179,137.489,96.094,57.895,134.523,142.056,131.96,132.072
956.7,96.285,52.284,137.489,96.094,58.093,134.523,142.056,131.997,132.109
956.8,96.285,52.389,137.489,96.094,58.093,134.487,142.087,131.997,132.184
956.9,96.348,52.284,137.523,95.967,58.093,134.523,142.025,132.072,132.109
957.0,96.348,52.284,137.489,96.094,57.994,134.487,142.087,131.997,132.072
957.1,96.221,52.284,137.523,96.094,58.093,134.523,142.119,132.035,132.072
957.2,96.285,52.284,137.489,96.094,58.093,134.451,142.087,131.997,132.184
957.3,96.221,52.284,137.489,96.094,58.093,134.523,142.087,132.072,132.109
957.4,96.285,52.284,137.557,96.094,58.192,134.487,142.087,132.035,132.109
957.5,96.285,52.179,137.455,96.03,57.994,134.594,142.15,131.997,132.147
957.6,96.348,52.284,137.387,96.094,58.093,134.523,142.056,131.997,132.147
957.7,96.285,52.179,137.489,96.03,58.093,134.559,142.056,132.035,132.184
957.8,96.285,52.284,137.523,96.03,58.093,134.487,142.15,131.997,132.109
957.9,96.285,52.284,137.489,96.03,58.093,134.559,142.056,131.997,132.147
958.0,96.285,52.389,137.557,96.03,58.093,134.523,142.087,132.035,132.184
958.1,96.221,52.389,137.557,96.094,58.093,134.559,142.056,132.035,132.072
958.2,96.348,52.284,137.489,96.03,58.192,134.487,142.025,132.035,132.109
958.3,96.348,52.284,137.523,95.967,58.093,134.63,142.087,132.035,132.072
958.4,96.348,52.284,137.489,96.094,58.093,134.523,141.962,131.997,132.109
958.5,96.285,52.284,137.523,96.03,58.093,134.487,142.087,131.997,132.109
958.6,96.285,52.284,137.489,96.03,58.093,134.487,142.119,131.997,132.147
958.7,96.158,52.284,137.455,96.094,58.093,134.487,142.087,131.96,132.109
958.8,96.221,52.284,137.591,96.03,58.093,134.523,142.087,131.997,132.109
958.9,96.285,52.284,137.489,96.03,58.093,134.487,142.056,132.035,132.147
959.0,96.221,52.284,137.489,96.03,58.093,134.487,142.056,131.997,132.109
959.1,96.285,52.179,137.421,96.03,57.994,134.559,142.056,131.997,132.109
959.2,96.221,52.284,137.489,96.158,58.192,134.487,142.025,131.997,132.109
959.3,96.221,52.389,137.489,96.03,58.192,134.487,142.087,132.035,132.109
959.4,96.221,52.389,137.489,96.158,58.093,134.523,142.056,131.997,132.109
959.5,96.221,52.284,137.523,96.03,58.093,134.487,142.087,131.96,132.072
959.6,96.221,52.179,137.455,96.094,58.093,134.523,142.056,132.035,132.109
959.7,96.411,52.179,137.455,96.03,57.994,134.523,142.025,131.997,132.109
959.8,96.348,52.284,137.523,96.03,58.093,134.487,142.056,131.997,132.109
959.9,96.285,52.179,137.489,96.094,57.994,134.523,142.056,131.997,132.072
960.0,96.348,52.284,137.455,96.03,57.994,134.523,142.025,131.997,132.109
960.1,96.285,52.284,137.523,96.03,57.994,134.523,142.056,131.997,132.184
960.2,96.221,52.284,137.489,96.03,57.895,134.487,142.087,132.072,132.072
960.3,96.285,52.284,137.523,96.094,58.093,134.523,142.087,131.997,132.147
960.4,96.285,52.284,137.489,95.967,57.994,134.487,142.025,131.997,132.072
960.5,96.348,52.284,137.557,96.03,57.994,134.523,142.025,131.96,132.147
960.6,96.221,52.284,137.455,96.03,57.994,134.487,142.056,131.997,132.147
960.7,96.285,52.284,137.455,96.03,57.994,134.523,142.056,131.997,132.109
960.8,96.285,52.284,137.455,96.094,58.093,134.523,142.056,131.997,132.147
960.9,96.285,52.284,137.455,95.967,57.994,134.523,142.056,131.997,132.147
961.0,96.221,52.284,137.455,96.094,57.994,134.559,142.087,132.035,132.147
961.1,96.221,52.284,137.489,95.967,57.895,134.523,142.056,132.072,132.147
961.2,96.285,52.284,137.523,96.03,57.994,134.523,142.056,131.997,132.221
961.3,96.285,52.284,137.523,96.03,58.093,134.523,142.056,132.035,132.147
961.4,96.348,52.284,137.489,95.967,58.093,134.487,142.025,131.997,132.109
961.5,96.221,52.284,137.421,96.03,58.093,134.559,142.056,131.997,132.109
961.6,96.221,52.284,137.455,95.967,58.093,134.523,142.087,131.997,132.184
961.7,96.285,52.179,137.523,96.094,57.994,134.523,142.087,131.997,132.147
961.8,96.221,52.284,137.489,96.03,57.994,134.487,142.087,131.997,132.109
961.9,96.221,52.284,137.489,96.03,57.994,134.523,142.056,131.997,132.109
962.0,96.221,52.284,137.523,96.03,58.093,134.523,142.056,132.035,132.147
962.1,96.158,52.179,137.489,96.03,57.994,134.559,142.056,132.035,132.147
962.2,96.285,52.179,137.489,95.967,57.994,134.487,142.056,131.997,132.109
962.3,96.221,52.284,137.489,96.03,57.994,134.523,141.994,132.035,132.147
962.4,96.285,52.284,137.421,95.967,58.093,134.559,142.056,131.997,132.072
962.5,96.221,52.179,137.489,96.03,57.994,134.487,142.087,131.997,132.109
962.6,96.285,52.284,137.523,96.03,58.093,134.451,142.025,131.997,132.072
962.7,96.221,52.284,137.625,96.03,57.895,134.487,142.056,131.997,132.072
962.8,96.221,52.179,137.557,96.03,57.994,134.559,142.056,131.96,132.109
962.9,96.221,52.284,137.455,95.967,57.994,134.487,142.056,131.997,132.109
963.0,96.221,52.284,137.489,96.03,57.994,134.523,142.087,132.035,132.184
963.1,96.221,52.284,137.489,96.03,57.895,134.523,142.087,131.848,132.072
963.2,96.158,52.284,137.421,96.03,58.093,134.487,142.119,132.035,132.109
963.3,96.221,52.284,137.489,96.03,58.093,134.559,142.056,131.997,132.147
963.4,96.285,51.969,137.523,95.967,57.994,134.559,142.056,131.997,132.109
963.5,96.221,52.074,137.455,96.094,57.994,134.487,142.056,131.997,132.147
963.6,96.158,52.284,137.489,96.03,57.994,134.487,142.056,131.997,132.109
963.7,96.221,52.179,137.455,95.967,57.994,134.523,142.025,131.96,132.109
963.8,96.221,52.284,137.489,96.094,57.895,134.487,142.025,131.96,132.147
963.9,96.285,52.179,137.489,95.967,57.994,134.559,142.087,132.035,132.109
964.0,96.221,52.284,137.489,95.967,57.994,134.487,142.056,131.997,132.072
964.1,96.221,52.179,137.489,95.967,58.093,134.523,142.087,131.997,132.147
964.2,96.221,52.179,137.489,96.094,57.994,134.523,142.056,131.96,132.109
964.3,96.221,52.284,137.489,95.967,57.994,134.487,142.056,131.997,132.109
964.4,96.221,52.179,137.489,95.967,57.994,134.523,142.087,131.997,132.147
964.5,96.221,52.179,137.455,96.03,57.994,134.487,142.119,132.035,132.109
964.6,96.221,52.179,137.489,95.967,57.994,134.487,142.056,131.96,132.147
964.7,96.285,52.179,137.489,96.03,57.994,134.523,142.087,132.109,132.109
964.8,96.221,52.284,137.523,96.03,57.994,134.487,142.087,132.035,132.109
964.9,96.221,52.179,137.489,95.967,57.895,134.523,142.056,131.997,132.109
965.0,96.221,52.284,137.455,95.967,57.994,134.487,142.056,131.997,132.147
965.1,96.221,52.284,137.523,95.967,57.994,134.559,142.056,131.997,132.109
965.2,96.221,52.179,137.489,95.967,57.994,134.487,142.056,131.997,132.109
965.3,96.221,52.179,137.489,95.967,57.994,134.487,142.056,132.035,132.109
965.4,96.158,52.179,137.489,95.967,57.994,134.523,142.056,131.997,132.184
965.5,96.221,52.284,137.455,95.967,57.994,134.487,142.119,131.885,132.109
965.6,96.221,52.179,137.489,95.903,57.796,134.559,142.056,131.997,132.072
965.7,96.158,52.179,137.489,95.967,58.093,134.523,142.025,132.035,132.109
965.8,96.158,52.179,137.489,96.03,57.895,134.523,142.119,131.997,132.147
965.9,96.221,52.179,137.489,95.967,57.994,134.523,142.056,131.997,132.109
966.0,96.221,52.284,137.557,95.967,57.994,134.559,142.056,131.997,132.109
966.1,96.158,52.179,137.591,95.967,58.093,134.523,142.025,131.96,132.147
966.2,96.285,52.284,137.523,95.967,57.895,134.523,142.056,131.997,132.109
966.3,96.221,52.284,137.523,96.03,57.994,134.523,142.119,131.997,132.109
966.4,96.221,52.284,137.489,95.967,58.093,134.559,142.087,132.035,132.147
966.5,96.094,52.284,137.489,95.967,58.093,134.487,142.087,131.997,132.109
966.6,96.221,52.179,137.489,95.967,57.994,134.487,142.025,132.035,132.221
966.7,96.221,52.179,137.489,95.967,57.994,134.523,142.087,131.997,132.072
966.8,96.285,52.074,137.489,96.03,57.994,134.487,141.994,132.035,132.072
966.9,96.221,52.179,137.489,95.903,57.994,134.487,142.025,131.997,132.072
967.0,96.221,52.179,137.455,95.967,57.994,134.523,142.056,131.997,132.109
967.1,96.158,52.179,137.489,95.903,57.994,134.523,142.056,131.997,132.109
967.2,96.158,52.284,137.523,95.903,57.895,134.523,142.087,131.922,132.109
967.3,96.221,52.179,137.489,95.967,57.994,134.487,142.087,131.96,132.072
967.4,96.158,52.284,137.455,95.967,57.895,134.487,142.087,131.997,132.072
967.5,96.285,52.179,137.523,95.967,57.895,134.523,142.056,131.96,132.147
967.6,96.221,52.179,137.489,95.967,57.994,134.487,142.056,131.997,132.109
967.7,96.221,52.179,137.489,96.03,57.994,134.523,142.087,131.922,132.109
967.8,96.221,52.179,137.455,95.967,57.994,134.487,142.087,131.997,132.109
967.9,96.221,52.179,137.489,95.967,57.994,134.559,142.056,131.997,132.147
968.0,96.03,52.179,137.489,95.967,57.895,134.523,142.119,131.997,132.109
968.1,96.221,52.284,137.523,95.967,57.895,134.523,142.056,131.997,132.072
968.2,96.221,52.074,137.489,95.967,57.994,134.487,142.056,131.997,132.072
968.3,96.221,52.179,137.489,95.967,58.093,134.487,141.931,131.997,132.109
968.4,96.158,52.179,137.523,95.903,57.895,134.523,142.056,131.96,132.109
968.5,96.221,52.284,137.455,95.903,57.895,134.487,142.056,131.96,132.147
968.6,96.158,52.179,137.489,95.903,57.895,134.451,142.056,131.997,132.147
968.7,96.221,52.179,137.489,95.967,58.093,134.487,142.087,132.035,132.109
968.8,96.221,52.284,137.523,95.903,57.994,134.523,142.056,131.96,132.109
968.9,96.158,52.179,137.489,95.839,57.895,134.487,142.025,131.96,132.109
969.0,96.158,52.179,137.489,95.967,57.895,134.666,142.056,131.997,132.109
969.1,96.158,52.179,137.455,95.967,58.093,134.487,142.056,131.997,132.109
969.2,96.285,52.179,137.455,95.967,57.994,134.523,142.056,131.997,132.072
969.3,96.158,52.179,137.489,95.967,57.895,134.523,142.087,131.997,132.109
969.4,96.158,52.284,137.489,95.967,57.895,134.523,142.087,131.997,132.072
969.5,96.221,52.284,137.489,95.967,57.994,134.487,142.087,132.035,132.072
969.6,96.221,52.179,137.659,95.839,57.994,134.523,142.025,131.997,132.147
969.7,96.221,52.179,137.523,95.967,57.994,134.487,142.056,131.997,132.109
969.8,96.158,52.284,137.421,95.967,57.994,134.487,142.087,131.997,132.147
969.9,96.221,52.179,137.455,95.903,57.994,134.523,142.056,131.96,132.109
970.0,96.158,52.179,137.489,95.903,57.994,134.594,142.056,132.035,132.109
970.1,96.158,52.179,137.489,95.903,57.994,134.523,142.056,131.96,132.109
970.2,96.221,52.179,137.489,95.903,57.994,134.559,142.056,131.96,132.147
970.3,96.158,52.284,137.489,95.903,57.994,134.487,142.025,131.997,132.072
970.4,96.094,52.179,137.489,95.967,57.994,134.523,142.056,131.997,132.109
970.5,96.221,52.179,137.489,95.839,57.796,134.487,142.056,132.035,132.109
970.6,96.158,52.284,137.489,95.967,57.994,134.487,142.056,131.96,132.109
970.7,96.221,52.074,137.489,95.967,57.895,134.487,142.119,131.997,132.109
970.8,96.158,52.179,137.489,96.03,57.895,134.523,142.025,131.997,132.072
970.9,96.094,52.074,137.455,95.903,57.994,134.487,142.087,132.035,132.072
971.0,96.158,52.284,137.455,95.967,58.093,134.487,142.056,131.96,132.147
971.1,96.158,52.284,137.523,95.903,57.994,134.523,142.056,131.96,132.109
971.2,96.158,52.284,137.421,95.903,57.994,134.559,142.087,131.997,132.147
971.3,96.094,52.284,137.489,95.967,57.994,134.487,142.056,132.035,132.109
971.4,96.221,52.284,137.455,95.903,57.994,134.487,142.025,131.997,132.109
971.5,96.158,52.284,137.455,95.903,57.994,134.487,142.119,131.997,132.109
971.6,96.158,52.284,137.489,95.967,57.994,134.523,142.056,132.035,132.109
971.7,96.221,52.284,137.455,95.903,58.093,134.523,142.056,132.035,132.072
971.8,96.094,52.179,137.489,96.03,57.994,134.559,142.087,131.997,131.997
971.9,96.158,52.179,137.489,95.903,57.994,134.559,142.087,132.035,132.109
972.0,96.158,52.179,137.489,95.839,57.895,134.559,142.025,131.96,132.109
972.1,96.094,52.179,137.489,95.967,57.994,134.523,142.025,131.997,132.147
972.2,96.094,52.179,137.523,95.903,58.093,134.523,142.025,131.997,132.109
972.3,96.094,52.179,137.489,95.839,57.994,134.523,142.056,131.997,132.109
972.4,96.158,52.179,137.455,95.903,57.994,134.523,142.056,131.997,132.109
972.5,96.158,52.179,137.455,95.903,57.895,134.523,142.056,131.96,132.147
972.6,96.094,52.284,137.421,95.967,57.994,134.523,142.056,132.035,132.072
972.7,96.094,52.284,137.557,95.903,58.093,134.523,142.087,132.035,132.109
972.8,96.094,52.179,137.523,95.967,57.895,134.487,142.056,131.96,132.109
972.9,96.158,52.179,137.489,96.03,57.994,134.487,142.056,131.997,132.072
973.0,96.158,52.179,137.523,95.903,57.895,134.487,142.056,131.96,132.072
973.1,96.158,52.284,137.523,95.967,57.994,134.559,142.056,131.997,132.109
973.2,96.094,52.179,137.489,95.903,58.093,134.523,142.119,131.96,132.184
973.3,96.094,52.284,137.455,95.967,57.994,134.523,142.025,131.997,132.109
973.4,96.094,52.389,137.523,96.03,57.994,134.523,142.087,131.96,132.109
973.5,96.158,52.179,137.489,95.903,57.994,134.523,142.056,131.997,132.109
973.6,96.094,52.284,137.489,95.903,57.895,134.559,142.056,132.184,132.072
973.7,96.158,52.179,137.489,95.839,58.093,134.523,142.056,131.96,132.109
973.8,96.158,52.179,137.489,95.967,58.093,134.523,142.056,131.96,132.109
973.9,96.094,52.284,137.489,95.903,57.895,134.487,142.025,131.96,132.109
974.0,96.03,52.179,137.489,95.967,58.093,134.523,142.025,131.96,132.109
974.1,96.158,52.284,137.421,95.903,57.994,134.559,142.056,132.035,132.072
974.2,96.094,52.179,137.421,95.967,57.994,134.523,142.056,131.922,132.109
974.3,96.03,52.284,137.353,95.839,57.994,134.559,142.025,131.997,132.109
974.4,96.094,52.179,137.489,95.903,57.994,134.487,142.056,131.997,132.147
974.5,96.094,52.284,137.455,95.967,57.994,134.487,142.056,131.997,132.147
974.6,96.094,52.179,137.455,95.903,57.895,134.559,142.056,131.997,132.109
974.7,95.967,52.284,137.489,95.903,57.895,134.523,142.087,131.997,132.109
974.8,96.094,52.389,137.557,95.839,57.994,134.594,142.119,132.035,132.184
974.9,96.158,52.284,137.455,95.903,57.895,134.523,142.087,131.96,132.147
975.0,96.094,52.284,137.421,95.967,57.895,134.487,142.056,131.997,132.147
975.1,96.03,52.284,137.421,95.839,57.895,134.487,142.025,131.997,132.147
975.2,96.094,52.284,137.489,95.903,57.994,134.523,142.087,132.072,132.109
975.3,96.03,52.284,137.489,95.903,57.895,134.559,142.056,131.96,132.109
975.4,96.03,52.284,137.455,95.839,57.994,134.487,142.087,131.997,132.072
975.5,95.967,52.284,137.489,95.903,57.895,134.487,142.025,131.96,132.072
975.6,96.094,52.389,137.455,95.839,57.895,134.523,142.087,131.997,132.109
975.7,96.03,52.389,137.455,95.839,57.895,134.487,142.056,131.997,132.147
975.8,96.03,52.284,137.489,95.903,57.994,134.487,142.056,131.997,132.072
975.9,95.967,52.389,137.455,95.839,57.994,134.487,142.056,131.997,132.072
976.0,95.967,52.389,137.455,95.839,57.994,134.523,142.087,131.997,132.072
976.1,96.03,52.284,137.455,95.775,58.093,134.487,142.087,131.96,132.109
976.2,95.967,52.389,137.489,95.839,57.895,134.523,142.087,131.997,132.072
976.3,96.03,52.284,137.421,95.839,57.895,134.487,142.025,131.96,132.072
976.4,95.967,52.389,137.421,95.839,57.895,134.487,142.056,131.997,132.147
976.5,95.967,52.389,137.455,95.839,57.994,134.451,142.056,131.96,132.072
976.6,95.967,52.284,137.421,95.839,57.895,134.559,142.025,131.997,132.072
976.7,96.03,52.284,137.489,95.839,57.994,134.487,142.087,132.035,132.072
976.8,95.967,52.284,137.455,95.839,57.994,134.523,142.056,131.96,132.109
976.9,95.967,52.284,137.455,95.903,57.994,134.487,142.056,131.96,132.072
977.0,95.967,52.389,137.489,95.839,57.895,134.487,142.056,131.997,132.072
977.1,95.967,52.284,137.489,95.967,57.994,134.487,142.087,131.997,132.072
977.2,95.967,52.389,137.455,95.839,57.994,134.523,142.056,131.96,131.997
977.3,96.158,52.284,137.489,95.903,57.796,134.487,142.087,132.072,132.072
977.4,95.903,52.389,137.489,95.839,58.093,134.487,142.056,131.96,132.072
977.5,95.903,52.494,137.489,95.839,57.895,134.487,142.056,131.96,132.109
977.6,96.03,52.389,137.489,95.839,57.895,134.487,142.056,131.96,132.072
977.7,95.967,52.494,137.455,95.839,57.994,134.487,142.15,131.997,132.072
977.8,95.903,52.389,137.489,95.839,57.994,134.487,142.025,132.035,132.072
977.9,95.903,52.389,137.489,95.775,57.895,134.487,142.087,131.997,132.072
978.0,95.967,52.494,137.421,95.839,57.895,134.451,142.119,131.96,132.109
978.1,95.903,52.389,137.455,95.839,57.895,134.487,142.056,131.96,132.072
978.2,95.903,52.494,137.523,95.775,57.994,134.523,142.087,131.997,132.072
978.3,95.839,52.389,137.489,95.775,57.994,134.487,142.087,131.96,132.109
978.4,95.903,52.389,137.489,95.839,57.895,134.487,142.087,131.997,132.109
978.5,95.775,52.389,137.489,95.839,57.895,134.523,142.056,131.997,132.109
978.6,95.839,52.494,137.455,95.839,57.994,134.523,142.056,131.997,132.072
978.7,95.839,52.494,137.421,95.839,57.895,134.523,142.056,131.96,132.109
978.8,95.903,52.494,137.421,95.775,57.895,134.487,142.056,131.922,132.109
978.9,96.03,52.494,137.489,95.839,57.994,134.487,142.025,131.96,132.072
979.0,95.839,52.284,137.387,95.775,57.895,134.523,142.025,131.922,132.072
979.1,95.839,52.389,137.489,95.775,57.895,134.487,142.087,131.96,132.109
979.2,95.967,52.599,137.455,95.839,57.895,134.487,142.087,131.997,132.072
979.3,95.839,52.389,137.455,95.775,57.895,134.487,142.087,131.997,132.072
979.4,95.903,52.494,137.455,95.775,57.895,134.523,142.087,131.96,132.072
979.5,95.903,52.494,137.421,95.775,57.895,134.523,142.056,131.96,132.109
979.6,95.903,52.703,137.455,95.903,57.796,134.487,142.056,131.997,132.072
979.7,95.839,52.494,137.455,95.775,57.994,134.487,142.056,132.035,132.072
979.8,95.839,52.494,137.489,95.775,57.994,134.523,142.056,131.997,132.109
979.9,95.839,52.494,137.455,95.775,57.895,134.487,142.119,132.035,132.072
980.0,95.903,52.494,137.455,95.775,57.994,134.487,142.025,131.997,132.147
980.1,95.775,52.494,137.455,95.775,57.994,134.523,142.056,131.922,132.072
980.2,95.839,52.599,137.455,95.839,57.895,134.487,142.056,131.96,131.997
980.3,95.839,52.599,137.455,95.775,57.895,134.523,142.087,131.997,132.072
980.4,95.839,52.599,137.455,95.839,57.895,134.487,142.056,131.96,132.109
980.5,95.839,52.494,137.387,95.775,57.895,134.451,142.087,131.922,132.147
980.6,95.839,52.599,137.421,95.775,57.895,134.523,142.056,131.997,132.147
980.7,95.775,52.599,137.455,95.711,57.994,134.523,142.056,131.997,132.147
980.8,95.775,52.599,137.489,95.775,57.895,134.523,142.119,131.96,132.072
980.9,95.903,52.494,137.489,95.711,57.796,134.487,142.119,131.96,132.072
981.0,95.839,52.703,137.489,95.711,57.994,134.523,142.056,131.997,132.035
981.1,95.775,52.599,137.455,95.775,57.994,134.487,142.056,131.96,132.109
981.2,95.839,52.599,137.421,95.775,57.994,134.559,142.056,132.072,132.072
981.3,95.711,52.599,137.489,95.775,57.994,134.487,142.056,131.997,132.072
981.4,95.775,52.494,137.455,95.711,57.895,134.487,142.025,131.96,132.109
981.5,95.839,52.599,137.489,95.775,57.994,134.523,142.087,131.997,132.072
981.6,95.839,52.599,137.455,95.711,57.994,134.487,142.087,131.96,132.109
981.7,95.839,52.599,137.455,95.711,57.994,134.487,142.056,131.922,132.072
981.8,95.903,52.599,137.489,95.711,57.994,134.487,142.087,131.997,132.035
981.9,95.775,52.599,137.421,95.711,57.994,134.487,142.025,131.96,132.072
982.0,95.775,52.494,137.421,95.775,57.994,134.487,142.119,131.96,132.072
982.1,95.839,52.599,137.455,95.711,57.994,134.487,142.056,131.96,132.072
982.2,95.775,52.599,137.455,95.711,57.895,134.487,142.056,131.96,132.072
982.3,95.775,52.599,137.421,95.711,57.994,134.523,142.025,131.96,132.072
982.4,95.711,52.808,137.455,95.711,57.994,134.487,142.119,131.96,132.221
982.5,95.775,52.599,137.455,95.775,57.994,134.487,142.087,131.997,132.109
982.6,95.775,52.703,137.421,95.711,57.994,134.487,142.056,131.96,132.109
982.7,95.775,52.599,137.421,95.711,58.093,134.523,142.056,131.997,132.072
982.8,95.839,52.703,137.421,95.711,57.994,134.559,142.056,131.96,132.109
982.9,95.711,52.703,137.455,95.711,57.994,134.487,142.056,131.997,132.072
983.0,95.711,52.703,137.421,95.711,57.994,134.487,142.087,131.96,132.072
983.1,95.711,52.703,137.421,95.711,57.994,134.487,142.087,131.997,132.072
983.2,95.711,52.703,137.455,95.647,57.994,134.594,142.056,131.96,132.109
983.3,95.775,52.808,137.523,95.647,57.994,134.523,142.087,131.922,132.109
983.4,95.775,52.703,137.489,95.711,58.093,134.487,142.087,131.997,132.072
983.5,95.839,52.703,137.421,95.647,57.994,134.487,142.056,131.997,132.147
983.6,95.711,52.703,137.455,95.647,58.093,134.487,142.087,132.035,132.184
983.7,95.711,52.703,137.421,95.711,57.994,134.487,142.025,131.997,132.147
983.8,95.711,52.808,137.421,95.711,57.994,134.487,142.056,131.997,132.072
983.9,95.711,52.808,137.421,95.647,58.093,134.523,142.056,131.96,132.109
984.0,95.711,52.912,137.455,95.839,57.994,134.487,142.025,131.997,132.072
984.1,95.775,52.808,137.421,95.647,58.192,134.487,142.025,131.997,132.109
984.2,95.775,52.703,137.455,95.711,57.994,134.559,142.056,131.885,132.147
984.3,95.775,52.808,137.455,95.647,58.093,134.487,142.056,132.035,132.072
984.4,95.711,52.912,137.489,95.711,57.994,134.487,142.025,131.997,132.072
984.5,95.711,52.703,137.455,95.583,58.093,134.487,142.087,131.997,132.035
984.6,95.711,52.703,137.455,95.647,58.093,134.451,142.056,131.96,132.072
984.7,95.711,52.703,137.421,95.647,57.994,134.487,142.087,132.072,132.072
984.8,95.711,52.808,137.455,95.583,58.093,134.487,142.087,131.997,132.072
984.9,95.711,52.703,137.421,95.583,57.994,134.487,142.056,131.96,132.072
985.0,95.775,52.808,137.421,95.711,58.093,134.487,142.056,131.997,132.072
985.1,95.711,52.808,137.455,95.583,57.994,134.487,141.962,131.96,132.072
985.2,95.647,52.808,137.455,95.647,57.994,134.487,142.056,131.96,132.072
985.3,95.711,52.912,137.455,95.583,58.093,134.451,142.056,131.96,132.072
985.4,95.711,52.703,137.387,95.711,58.093,134.559,142.056,131.96,132.109
985.5,95.775,52.808,137.455,95.711,58.093,134.559,142.025,131.96,132.109
985.6,95.711,52.912,137.489,95.583,57.895,134.487,142.056,131.997,132.072
985.7,95.583,52.808,137.421,95.647,58.192,134.451,142.119,131.96,132.072
985.8,95.711,52.912,137.421,95.711,58.093,134.487,142.056,131.997,132.072
985.9,95.775,52.808,137.455,95.647,57.994,134.487,142.119,131.997,132.072
986.0,95.711,52.912,137.557,95.583,57.994,134.523,142.056,131.96,132.072
986.1,95.647,52.808,137.421,95.647,58.093,134.487,142.056,131.997,132.072
986.2,95.647,52.912,137.489,95.583,58.093,134.523,142.056,131.848,132.109
986.3,95.647,52.912,137.421,95.583,58.093,134.523,142.056,131.96,132.072
986.4,95.647,52.912,137.489,95.583,58.093,134.487,142.056,131.96,132.147
986.5,95.711,52.912,137.421,95.711,58.093,134.487,142.056,131.96,132.072
986.6,95.647,52.912,137.455,95.583,58.093,134.487,142.056,131.96,132.072
986.7,95.711,52.912,137.421,95.647,57.994,134.487,142.056,131.96,132.072
986.8,95.711,52.912,137.489,95.583,57.994,134.523,142.056,131.997,132.072
986.9,95.775,52.912,137.387,95.583,58.093,134.487,142.056,131.922,132.072
987.0,95.711,52.912,137.455,95.711,58.093,134.487,142.025,131.96,132.072
987.1,95.775,52.808,137.421,95.583,58.093,134.487,142.056,131.922,132.072
987.2,95.647,53.016,137.489,95.647,58.093,134.523,142.056,131.96,132.109
987.3,95.711,53.016,137.421,95.583,57.994,134.487,142.056,131.96,132.072
987.4,95.647,52.912,137.489,95.583,58.093,134.523,142.056,131.96,132.072
987.5,95.647,52.912,137.421,95.583,58.093,134.487,142.119,131.922,132.035
987.6,95.647,52.912,137.455,95.583,58.093,134.487,142.087,131.922,132.072
987.7,95.711,53.016,137.421,95.583,58.093,134.523,142.056,131.96,132.109
987.8,95.711,53.121,137.421,95.519,58.093,134.487,142.056,131.96,132.072
987.9,95.583,53.016,137.455,95.583,58.192,134.487,142.025,131.96,132.035
988.0,95.711,53.016,137.421,95.519,58.192,134.523,142.056,131.96,132.109
988.1,95.647,53.016,137.421,95.519,58.093,134.487,142.087,131.96,132.072
988.2,95.647,53.016,137.421,95.583,58.192,134.487,142.025,131.96,132.109
988.3,95.711,53.016,137.421,95.583,58.093,134.487,142.087,132.072,132.072
988.4,95.647,52.912,137.421,95.583,58.093,134.487,142.119,132.035,131.997
988.5,95.647,53.016,137.421,95.583,58.291,134.487,142.056,131.96,132.072
988.6,95.775,53.016,137.421,95.519,58.093,134.451,142.087,131.96,132.072
988.7,95.647,52.912,137.421,95.583,58.192,134.487,142.056,131.997,132.109
988.8,95.711,52.912,137.489,95.519,58.093,134.523,142.025,132.072,132.072
988.9,95.711,53.016,137.353,95.519,58.192,134.487,142.056,131.96,132.072
989.0,95.583,52.808,137.421,95.519,58.093,134.523,142.056,131.96,132.109
989.1,95.583,53.016,137.421,95.583,58.192,134.487,141.994,131.922,132.109
989.2,95.775,53.121,137.421,95.519,58.093,134.487,142.087,131.997,132.109
989.3,95.647,52.912,137.353,95.519,58.192,134.487,142.056,131.96,132.109
989.4,95.583,53.016,137.421,95.583,58.093,134.523,142.056,131.96,132.147
989.5,95.711,52.912,137.455,95.519,58.192,134.415,142.087,131.96,132.072
989.6,95.711,53.121,137.455,95.519,58.093,134.487,142.087,131.997,132.109
989.7,95.647,53.016,137.421,95.519,58.192,134.487,142.056,131.997,132.072
989.8,95.647,53.016,137.421,95.519,58.192,134.523,142.056,131.997,132.072
989.9,95.647,53.016,137.387,95.455,58.192,134.487,142.056,131.96,132.035
990.0,95.583,53.016,137.421,95.519,58.093,134.487,141.994,131.96,132.109
990.1,95.647,53.016,137.421,95.519,58.192,134.559,142.056,131.997,132.072
990.2,95.711,53.016,137.421,95.519,58.192,134.487,142.056,131.922,132.072
990.3,95.775,53.016,137.421,95.519,58.192,134.451,142.056,131.922,132.072
990.4,95.519,53.016,137.455,95.519,58.192,134.487,142.056,131.96,132.072
990.5,95.647,53.016,137.421,95.583,58.192,134.523,142.087,131.96,132.109
990.6,95.647,53.121,137.421,95.519,58.192,134.487,142.087,131.96,132.072
990.7,95.711,53.121,137.489,95.519,58.192,134.487,142.056,131.96,131.997
990.8,95.647,53.016,137.421,95.391,58.192,134.487,142.025,131.96,132.072
990.9,95.711,53.016,137.421,95.583,58.192,134.487,142.056,131.96,132.072
991.0,95.711,53.016,137.421,95.519,58.192,134.487,142.056,131.96,132.109
991.1,95.711,53.121,137.489,95.519,58.192,134.487,142.056,131.96,132.072
991.2,95.647,53.121,137.455,95.455,58.093,134.487,142.056,131.96,132.109
991.3,95.647,53.121,137.421,95.583,57.994,134.487,142.025,131.96,132.072
991.4,95.711,53.121,137.421,95.391,58.291,134.451,142.056,131.922,132.072
991.5,95.711,53.016,137.387,95.455,58.39,134.451,142.056,131.96,132.147
991.6,95.711,53.121,137.455,95.455,58.291,134.487,142.056,131.96,132.035
991.7,95.711,53.225,137.421,95.455,58.291,134.523,142.025,131.997,132.072
991.8,95.711,53.225,137.421,95.455,58.192,134.487,142.087,131.96,132.072
991.9,95.711,53.121,137.455,95.455,58.291,134.487,142.056,131.96,132.072
992.0,95.711,53.121,137.489,95.455,58.291,134.487,142.056,131.96,132.072
992.1,95.711,53.225,137.387,95.519,58.291,134.523,142.025,131.96,132.072
992.2,95.711,53.121,137.421,95.455,58.192,134.487,141.994,131.997,132.072
992.3,95.647,53.225,137.387,95.455,58.39,134.487,142.025,131.922,132.072
992.4,95.711,53.121,137.421,95.519,58.192,134.451,142.025,131.997,132.035
992.5,95.775,53.121,137.455,95.519,58.291,134.487,142.025,131.922,132.072
992.6,95.583,53.225,137.455,95.455,58.291,134.523,141.868,132.035,132.147
992.7,95.711,53.225,137.421,95.519,58.291,134.487,142.025,132.035,132.109
992.8,95.647,53.225,137.421,95.391,58.291,134.487,142.056,131.96,132.109
992.9,95.711,53.016,137.421,95.455,58.291,134.487,142.056,132.035,132.035
993.0,95.711,53.121,137.387,95.391,58.291,134.523,142.056,131.848,132.035
993.1,95.775,53.121,137.387,95.455,58.192,134.559,141.962,131.922,132.109
993.2,95.711,53.225,137.455,95.455,58.488,134.451,142.025,131.997,132.072
993.3,95.775,53.121,137.387,95.455,58.291,134.487,142.087,131.96,132.072
993.4,95.711,53.225,137.421,95.519,58.291,134.451,141.994,131.96,132.109
993.5,95.711,53.121,137.455,95.519,58.488,134.487,142.087,131.96,132.072
993.6,95.711,53.329,137.387,95.583,58.291,134.559,141.931,131.96,132.109
993.7,95.839,53.225,137.387,95.391,58.291,134.487,142.087,132.072,132.147
993.8,95.711,53.329,137.455,95.455,58.39,134.594,142.025,131.96,132.072
993.9,95.775,53.225,137.421,95.455,58.291,134.523,142.119,131.922,132.109
994.0,95.711,53.225,137.421,95.455,58.39,134.523,142.025,131.997,132.109
994.1,95.647,53.329,137.421,95.519,58.291,134.523,141.994,131.997,132.147
994.2,95.647,53.225,137.387,95.455,58.39,134.523,142.056,131.997,132.072
994.3,95.711,53.225,137.523,95.455,58.291,134.487,142.119,131.922,132.072
994.4,95.711,53.225,137.421,95.455,58.39,134.487,141.931,131.997,132.109
994.5,95.711,53.225,137.421,95.455,58.39,134.487,142.056,131.885,132.072
994.6,95.775,53.329,137.421,95.455,58.39,134.487,142.056,131.96,132.072
994.7,95.711,53.225,137.489,95.455,58.39,134.523,142.056,131.96,132.109
994.8,95.839,53.225,137.421,95.519,58.291,134.487,142.025,131.922,132.072
994.9,95.647,53.121,137.387,95.455,58.39,134.487,142.056,131.922,132.072
995.0,95.839,53.225,137.353,95.391,58.39,134.523,142.087,131.96,132.109
995.1,95.711,53.225,137.421,95.455,58.291,134.451,142.087,131.96,132.109
995.2,95.775,53.121,137.421,95.391,58.39,134.487,142.056,131.96,132.072
995.3,95.711,53.329,137.387,95.519,58.39,134.487,142.025,131.922,132.147
995.4,95.775,53.432,137.455,95.391,58.39,134.487,142.025,131.922,132.072
995.5,95.775,53.225,137.455,95.391,58.39,134.451,142.025,131.922,132.072
995.6,95.711,53.225,137.455,95.455,58.39,134.523,142.025,131.96,132.109
995.7,95.775,53.225,137.421,95.455,58.291,134.451,142.056,131.997,132.072
995.8,95.903,53.225,137.455,95.455,58.39,134.523,142.056,131.997,132.072
995.9,95.711,53.225,137.387,95.455,58.488,134.487,142.056,131.96,132.072
996.0,95.711,53.329,137.421,95.519,58.39,134.487,142.056,131.922,132.072
996.1,95.711,53.329,137.421,95.455,58.488,134.487,142.056,131.96,132.035
996.2,95.711,53.329,137.387,95.455,58.39,134.487,142.025,131.96,132.072
996.3,95.711,53.432,137.387,95.391,58.291,134.487,142.025,131.96,132.109
996.4,95.711,53.121,137.421,95.391,58.488,134.487,142.056,131.96,132.109
996.5,95.775,53.225,137.421,95.455,58.488,134.487,142.025,131.922,132.035
996.6,95.839,53.225,137.455,95.455,58.39,134.487,142.025,131.96,132.072
996.7,95.711,53.225,137.421,95.391,58.488,134.487,142.025,131.997,132.072
996.8,95.839,53.432,137.353,95.519,58.39,134.487,142.087,131.922,132.147
996.9,95.711,53.329,137.387,95.455,58.39,134.451,141.994,131.997,132.072
997.0,95.711,53.329,137.353,95.455,58.39,134.487,142.056,131.922,132.109
997.1,95.775,53.329,137.455,95.455,58.488,134.559,142.056,131.997,132.109
997.2,95.775,53.329,137.421,95.391,58.39,134.559,142.025,131.922,132.072
997.3,95.775,53.329,137.421,95.391,58.39,134.559,142.056,131.96,132.035
997.4,95.839,53.329,137.421,95.455,58.488,134.451,142.056,131.922,132.109
997.5,95.711,53.432,137.421,95.455,58.488,134.523,142.087,131.96,132.109
997.6,95.775,53.432,137.353,95.455,58.093,134.451,142.056,131.997,132.109
997.7,95.775,53.329,137.387,95.455,58.488,134.523,142.056,131.96,132.109
997.8,95.839,53.329,137.455,95.391,58.39,134.487,142.056,131.96,132.072
997.9,95.839,53.329,137.421,95.455,58.587,134.451,142.025,131.922,132.109
998.0,95.711,53.329,137.421,95.455,58.488,134.487,142.025,131.922,132.072
998.1,95.775,53.329,137.387,95.455,58.587,134.487,142.087,131.96,132.072
998.2,95.711,53.432,137.421,95.391,58.488,134.487,141.994,131.922,132.072
998.3,95.775,53.432,137.353,95.391,58.39,134.487,142.025,131.96,132.072
998.4,95.775,53.432,137.387,95.455,58.488,134.487,142.025,131.96,132.072
998.5,95.775,53.536,137.421,95.391,58.587,134.523,142.025,131.922,132.109
998.6,95.775,53.329,137.421,95.455,58.39,134.487,142.056,131.922,132.072
998.7,95.775,53.329,137.421,95.455,58.488,134.487,142.025,131.922,132.109
998.8,95.775,53.329,137.387,95.391,58.488,134.487,142.056,131.96,132.072
998.9,95.839,53.432,137.421,95.327,58.488,134.487,142.025,131.96,132.072
999.0,95.839,53.329,137.387,95.455,58.488,134.487,142.056,131.885,132.072
999.1,95.967,53.329,137.421,95.455,58.685,134.487,142.025,131.997,131.997
999.2,95.839,53.432,137.387,95.455,58.488,134.487,142.056,131.96,132.147
999.3,95.839,53.329,137.387,95.455,58.587,134.487,142.087,131.922,132.072
999.4,95.839,53.432,137.387,95.519,58.488,134.487,142.056,131.922,132.072
999.5,95.839,53.432,137.455,95.455,58.587,134.523,142.056,131.96,132.109
999.6,95.839,53.432,137.387,95.455,58.39,134.487,142.056,131.96,132.035
999.7,95.775,53.536,137.387,95.455,58.587,134.487,141.962,131.922,132.072
999.8,95.839,53.432,137.387,95.455,58.488,134.487,142.025,131.997,132.072
999.9,95.775,53.432,137.387,95.519,58.488,134.451,142.025,131.922,132.109
