650.0,98.351,88.552,138.333,99.576,92.846,134.773,142.087,132.962,132.741
650.1,98.351,88.552,138.4,99.637,92.713,134.809,142.15,132.851,132.778
650.2,98.227,88.482,138.333,99.576,92.713,134.809,142.119,132.888,132.888
650.3,98.474,88.482,138.266,99.637,92.713,134.809,142.119,132.888,132.778
650.4,98.351,88.412,138.366,99.576,92.713,134.809,142.056,132.888,132.778
650.5,98.351,88.552,138.299,99.637,92.713,134.809,142.087,132.925,132.741
650.6,98.413,88.482,138.299,99.576,92.646,134.809,142.119,132.888,132.741
650.7,98.351,88.482,138.299,99.637,92.713,134.773,142.087,132.925,132.741
650.8,98.413,88.482,138.299,99.637,92.646,134.773,142.087,132.925,132.704
650.9,98.413,88.552,138.299,99.576,92.58,134.809,142.119,132.962,132.778
651.0,98.351,88.482,138.266,99.515,92.646,134.773,142.087,132.925,132.741
651.1,98.413,88.412,138.366,99.576,92.713,134.773,142.119,132.851,132.704
651.2,98.351,88.482,138.333,99.576,92.646,134.809,142.087,132.888,132.778
651.3,98.289,88.482,138.333,99.515,92.646,134.809,142.119,132.888,132.741
651.4,98.227,88.482,138.299,99.576,92.713,134.773,142.087,132.851,132.778
651.5,98.289,88.412,138.333,99.637,92.713,134.773,142.087,132.888,132.741
651.6,98.351,88.482,138.266,99.576,92.646,134.809,142.087,132.925,132.741
651.7,98.351,88.342,138.299,99.576,92.646,134.773,142.119,132.888,132.741
651.8,98.351,88.412,138.299,99.576,92.513,134.809,142.15,132.925,132.741
651.9,98.351,88.412,138.299,99.576,92.513,134.773,142.056,132.888,132.741
652.0,98.351,88.412,138.266,99.576,92.58,134.773,142.056,132.888,132.741
652.1,98.413,88.342,138.299,99.576,92.58,134.809,142.056,132.888,132.741
652.2,98.413,88.201,138.299,99.698,92.447,134.773,142.087,132.925,132.741
652.3,98.351,88.272,138.266,99.576,92.513,134.844,142.056,132.925,132.778
652.4,98.289,88.272,138.333,99.576,92.447,134.773,142.087,132.888,132.741
652.5,98.351,88.201,138.299,99.576,92.513,134.809,142.087,132.925,132.741
652.6,98.351,88.201,138.333,99.576,92.447,134.773,142.056,132.925,132.814
652.7,98.351,88.272,138.333,99.576,92.513,134.809,142.087,132.888,132.814
652.8,98.351,88.201,138.333,99.576,92.513,134.809,142.087,132.925,132.667
652.9,98.351,88.201,138.333,99.576,92.513,134.844,142.119,132.925,132.741
653.0,98.351,88.201,138.299,99.576,92.38,134.773,142.087,132.888,132.814
653.1,98.474,88.272,138.299,99.637,92.513,134.809,142.119,132.888,132.704
653.2,98.351,88.201,138.333,99.576,92.38,134.844,142.087,132.888,132.741
653.3,98.351,88.201,138.299,99.576,92.447,134.809,142.025,132.925,132.741
653.4,98.351,88.201,138.333,99.576,92.38,134.773,142.087,132.925,132.741
653.5,98.351,88.201,138.4,99.576,92.38,134.773,142.087,132.888,132.778
653.6,98.289,88.201,138.299,99.576,92.38,134.809,142.119,132.888,132.741
653.7,98.351,88.201,138.366,99.576,92.246,134.809,142.087,132.962,132.741
653.8,98.351,88.201,138.333,99.576,92.38,134.809,142.119,132.888,132.741
653.9,98.289,88.201,138.299,99.637,92.38,134.809,142.056,132.962,132.814
654.0,98.474,88.131,138.333,99.576,92.38,134.844,142.119,133.035,132.741
654.1,98.351,88.131,138.266,99.576,92.38,134.737,142.087,132.925,132.778
654.2,98.413,88.131,138.299,99.576,92.38,134.809,142.087,132.962,132.778
654.3,98.289,88.201,138.299,99.576,92.313,134.809,142.15,132.925,132.741
654.4,98.351,88.061,138.299,99.576,92.313,134.809,142.056,132.888,132.556
654.5,98.413,88.061,138.333,99.576,92.313,134.809,142.087,132.925,132.741
654.6,98.289,88.061,138.299,99.576,92.313,134.809,142.119,132.925,132.704
654.7,98.289,88.061,138.299,99.515,92.313,134.773,142.087,132.925,132.704
654.8,98.351,87.99,138.299,99.515,92.313,134.773,142.087,132.925,132.741
654.9,98.289,87.99,138.299,99.637,92.246,134.773,142.087,132.925,132.741
655.0,98.289,88.061,138.299,99.637,92.313,134.773,142.087,132.925,132.778
655.1,98.413,88.131,138.333,99.576,92.447,134.809,142.087,132.888,132.778
655.2,98.351,88.061,138.333,99.576,92.246,134.809,142.119,132.851,132.741
655.3,98.413,87.99,138.299,99.576,92.38,134.809,142.119,132.925,132.704
655.4,98.351,88.061,138.299,99.515,92.246,134.809,142.087,132.888,132.814
655.5,98.351,88.061,138.333,99.576,92.179,134.809,142.056,132.888,132.778
655.6,98.289,87.99,138.299,99.576,92.179,134.773,142.087,132.888,132.704
655.7,98.351,88.061,138.333,99.576,92.246,134.809,142.087,132.925,132.704
655.8,98.289,88.061,138.299,99.576,92.179,134.809,142.056,132.925,132.741
655.9,98.413,88.061,138.299,99.515,92.179,134.773,142.15,132.925,132.741
656.0,98.351,87.99,138.333,99.576,92.179,134.844,142.087,132.962,132.741
656.1,98.413,87.99,138.299,99.515,92.112,134.809,142.087,132.888,132.741
656.2,98.413,88.061,138.299,99.515,92.313,134.773,142.087,132.888,132.814
656.3,98.413,87.92,138.299,99.637,92.246,134.773,142.087,132.888,132.741
656.4,98.351,87.99,138.266,99.576,92.112,134.773,142.087,132.925,132.741
656.5,98.413,87.99,138.299,99.515,92.179,134.809,142.056,132.925,132.704
656.6,98.351,88.061,138.299,99.576,92.179,134.809,142.056,132.925,132.741
656.7,98.351,87.99,138.366,99.515,92.179,134.809,142.119,132.888,132.741
656.8,98.351,87.99,138.299,99.576,92.179,134.844,142.056,132.925,132.741
656.9,98.413,87.99,138.333,99.515,92.179,134.809,142.119,132.888,132.704
657.0,98.351,87.99,138.299,99.515,92.112,134.809,142.056,132.888,132.741
657.1,98.413,87.92,138.299,99.576,92.179,134.809,142.087,132.962,132.741
657.2,98.413,87.99,138.333,99.515,92.112,134.773,142.087,132.962,132.704
657.3,98.351,87.99,138.299,99.576,92.112,134.844,142.119,132.888,132.704
657.4,98.413,87.92,138.266,99.576,92.112,134.809,142.087,132.925,132.741
657.5,98.413,87.92,138.4,99.576,92.246,134.773,142.087,132.925,132.741
657.6,98.413,87.92,138.299,99.515,92.112,134.773,142.119,132.888,132.741
657.7,98.413,87.92,138.299,99.576,92.112,134.773,142.056,132.925,132.741
657.8,98.474,87.99,138.299,99.515,92.045,134.773,142.087,132.888,132.741
657.9,98.474,87.92,138.333,99.576,92.112,134.809,142.119,132.999,132.741
658.0,98.351,87.92,138.333,99.576,92.045,134.773,142.119,132.888,132.704
658.1,98.474,87.92,138.333,99.637,92.045,134.809,142.119,132.888,132.741
658.2,98.474,87.92,138.299,99.515,92.045,134.773,142.087,132.925,132.778
658.3,98.536,87.99,138.299,99.576,92.112,134.844,142.056,132.888,132.741
658.4,98.413,87.92,138.333,99.576,92.112,134.809,142.056,132.925,132.704
658.5,98.474,87.92,138.299,99.576,92.112,134.844,142.056,132.925,132.741
658.6,98.474,87.92,138.266,99.515,92.045,134.844,142.087,132.888,132.778
658.7,98.413,87.99,138.366,99.515,92.112,134.88,142.087,132.888,132.778
658.8,98.536,87.92,138.366,99.515,92.112,134.809,142.119,132.888,132.704
658.9,98.536,87.99,138.366,99.576,92.045,134.809,142.087,132.925,132.704
659.0,98.474,87.92,138.299,99.515,92.045,134.773,142.056,132.888,132.704
659.1,98.536,87.99,138.299,99.515,92.045,134.88,142.056,132.888,132.741
659.2,98.474,87.99,138.366,99.455,92.045,134.809,142.056,132.888,132.741
659.3,98.536,87.99,138.333,99.576,91.911,134.88,142.119,132.962,132.704
659.4,98.536,87.849,138.299,99.576,92.045,134.809,142.087,132.888,132.778
659.5,98.474,88.061,138.366,99.515,92.045,134.773,142.087,132.851,132.778
659.6,98.536,88.131,138.333,99.576,92.045,134.773,142.056,132.925,132.741
659.7,98.536,87.92,138.333,99.515,91.978,134.844,142.15,132.888,132.778
659.8,98.597,87.92,138.366,99.515,92.045,134.844,142.244,132.888,132.741
659.9,98.721,87.99,138.333,99.515,91.978,134.809,142.056,132.925,132.741
660.0,98.659,87.99,138.333,99.515,91.978,134.809,142.056,132.888,132.741
660.1,98.659,87.99,138.299,99.576,92.045,134.844,142.119,132.925,132.741
660.2,98.597,87.99,138.333,99.515,92.045,134.809,142.087,132.925,132.741
660.3,98.659,87.99,138.333,99.515,92.045,134.809,142.087,132.925,132.741
660.4,98.659,87.99,138.299,99.576,91.978,134.773,142.119,132.925,132.741
660.5,98.721,87.99,138.333,99.515,91.978,134.773,142.119,132.888,132.741
660.6,98.721,87.92,138.333,99.576,92.045,134.844,142.087,132.888,132.667
660.7,98.782,87.99,138.333,99.576,91.978,134.844,142.087,132.888,132.704
660.8,98.782,88.061,138.333,99.515,91.911,134.809,142.087,132.888,132.741
660.9,98.782,87.99,138.333,99.455,91.911,134.809,142.119,132.888,132.814
661.0,98.782,87.99,138.4,99.515,91.978,134.809,142.087,132.888,132.778
661.1,98.843,87.99,138.333,99.515,91.978,134.773,142.087,132.888,132.741
661.2,98.843,88.061,138.333,99.515,91.911,134.809,142.056,132.888,132.778
661.3,98.905,88.061,138.333,99.637,91.911,134.702,142.025,132.888,132.778
661.4,98.905,88.061,138.333,99.576,91.911,134.809,142.119,132.851,132.741
661.5,99.027,88.061,138.333,99.515,91.978,134.844,142.087,132.888,132.741
661.6,98.905,87.99,138.333,99.576,91.911,134.809,142.087,132.925,132.704
661.7,98.966,88.131,138.333,99.515,91.911,134.773,142.119,132.962,132.704
661.8,98.966,87.99,138.333,99.515,91.844,134.809,142.119,132.888,132.704
661.9,98.966,88.061,138.4,99.576,91.911,134.773,142.087,132.925,132.741
662.0,99.027,88.061,138.366,99.515,91.978,134.773,142.087,132.888,132.741
662.1,99.027,88.061,138.366,99.515,91.978,134.773,142.025,132.925,132.741
662.2,99.088,88.061,138.366,99.576,91.911,134.737,142.087,132.888,132.741
662.3,99.027,88.061,138.333,99.515,91.911,134.773,142.087,132.888,132.741
662.4,99.088,88.061,138.366,99.576,91.911,134.773,142.15,132.888,132.741
662.5,99.15,88.201,138.366,99.576,91.844,134.809,142.119,132.888,132.741
662.6,99.15,88.061,138.366,99.455,91.844,134.809,142.15,132.925,132.704
662.7,99.211,88.131,138.333,99.515,91.911,134.773,142.056,132.925,132.704
662.8,99.211,88.201,138.433,99.515,91.911,134.88,142.087,132.962,132.704
662.9,99.272,88.131,138.333,99.455,91.911,134.809,142.087,132.888,132.741
663.0,99.333,88.131,138.366,99.515,91.911,134.773,142.056,132.925,132.704
663.1,99.394,88.061,138.366,99.515,91.911,134.773,142.087,132.888,132.704
663.2,99.394,88.131,138.4,99.576,91.777,134.809,142.15,132.888,132.704
663.3,99.455,88.061,138.333,99.576,91.911,134.809,142.087,132.925,132.741
663.4,99.515,88.131,138.333,99.576,91.844,134.809,142.087,132.888,132.741
663.5,99.515,88.131,138.366,99.576,91.911,134.773,142.056,132.888,132.704
663.6,99.576,88.131,138.333,99.637,91.911,134.844,142.119,132.888,132.778
663.7,99.637,88.131,138.366,99.515,91.911,134.809,142.181,132.925,132.704
663.8,99.637,88.201,138.366,99.576,91.911,134.809,142.087,132.925,132.741
663.9,99.758,88.131,138.366,99.576,91.844,134.809,142.056,132.888,132.704
664.0,99.758,88.201,138.366,99.576,91.844,134.773,142.119,132.888,132.704
664.1,99.88,88.131,138.433,99.576,91.911,134.844,142.087,132.888,132.741
664.2,99.88,88.201,138.366,99.515,91.911,134.809,142.087,132.925,132.778
664.3,99.819,88.201,138.366,99.576,91.911,134.773,142.087,132.925,132.704
664.4,99.819,88.131,138.433,99.698,91.911,134.773,142.119,132.888,132.704
664.5,99.88,88.201,138.366,99.637,91.844,134.773,142.087,132.888,132.704
664.6,99.88,88.201,138.366,99.576,91.911,134.773,142.056,132.888,132.741
664.7,99.94,88.272,138.433,99.576,91.911,134.809,142.087,132.888,132.741
664.8,99.94,88.201,138.366,99.576,91.911,134.773,142.087,132.925,132.778
664.9,100.061,88.272,138.366,99.576,91.911,134.809,142.056,132.888,132.667
665.0,100.061,88.412,138.4,99.576,91.911,134.809,142.087,132.888,132.667
665.1,100.121,88.272,138.433,99.637,91.911,134.844,142.087,132.888,132.704
665.2,100.182,88.272,138.366,99.637,91.911,134.809,142.087,132.888,132.704
665.3,100.242,88.272,138.433,99.637,92.045,134.809,142.087,132.888,132.741
665.4,100.302,88.272,138.4,99.637,91.911,134.773,142.056,132.851,132.778
665.5,100.362,88.342,138.433,99.637,91.978,134.809,142.087,132.888,132.704
665.6,100.362,88.412,138.333,99.698,91.978,134.773,142.119,132.888,132.778
665.7,100.482,88.342,138.433,99.637,91.978,134.773,142.025,132.851,132.704
665.8,100.542,88.272,138.4,99.698,91.978,134.809,142.087,132.888,132.741
665.9,100.542,88.412,138.4,99.698,91.978,134.809,142.119,132.888,132.741
666.0,100.542,88.412,138.433,99.758,91.978,134.809,142.119,132.925,132.704
666.1,100.602,88.342,138.433,99.758,92.045,134.809,142.087,132.925,132.741
666.2,100.662,88.412,138.433,99.758,91.978,134.809,142.15,132.888,132.741
666.3,100.602,88.412,138.4,99.758,91.978,134.809,142.087,132.888,132.741
666.4,100.542,88.342,138.433,99.758,91.978,134.844,142.056,132.888,132.851
666.5,100.722,88.342,138.467,99.698,91.978,134.809,142.087,132.925,132.704
666.6,100.782,88.412,138.366,99.758,91.978,134.773,142.087,132.888,132.704
666.7,100.842,88.412,138.433,99.758,91.978,134.809,142.087,132.925,132.704
666.8,100.842,88.482,138.433,99.758,91.978,134.844,142.087,132.888,132.704
666.9,100.902,88.482,138.433,99.758,91.978,134.809,142.087,132.888,132.704
667.0,100.961,88.482,138.4,99.758,91.978,134.844,142.087,132.925,132.704
667.1,100.902,88.482,138.467,99.758,91.978,134.809,142.087,132.888,132.741
667.2,101.021,88.482,138.467,99.819,92.045,134.809,142.119,132.888,132.704
667.3,101.08,88.552,138.467,99.819,92.045,134.809,142.087,132.925,132.741
667.4,101.14,88.482,138.467,99.819,92.045,134.809,142.025,132.925,132.704
667.5,101.2,88.622,138.4,99.758,92.045,134.773,142.15,132.888,132.667
667.6,101.2,88.482,138.433,99.819,92.112,134.773,142.119,132.925,132.704
667.7,101.259,88.552,138.467,99.94,92.112,134.844,142.087,132.888,132.704
667.8,101.437,88.552,138.433,100.0,92.045,134.809,142.087,132.888,132.814
667.9,101.437,88.412,138.433,99.88,92.179,134.809,142.087,132.851,132.741
668.0,101.496,88.762,138.467,99.88,92.112,134.737,142.087,132.888,132.704
668.1,101.496,88.552,138.467,99.94,92.045,134.809,142.087,132.925,132.704
668.2,101.496,88.552,138.467,100.061,92.045,134.809,142.119,132.888,132.778
668.3,101.556,88.622,138.533,99.94,92.045,134.809,142.119,132.851,132.741
668.4,101.556,88.622,138.433,100.0,92.179,134.844,142.056,132.888,132.741
668.5,101.615,88.622,138.467,100.0,92.179,134.809,142.119,132.888,132.704
668.6,101.733,88.622,138.433,99.94,92.179,134.809,142.119,132.851,132.704
668.7,101.733,88.622,138.433,100.0,92.313,134.844,142.087,132.778,132.704
668.8,101.792,88.692,138.467,100.061,92.179,134.809,142.087,132.888,132.704
668.9,101.792,88.622,138.467,100.061,92.246,134.844,142.087,132.888,132.741
669.0,101.851,88.552,138.433,100.0,92.246,134.773,142.119,132.778,132.814
669.1,101.969,88.692,138.5,100.061,92.179,134.809,142.087,132.888,132.704
669.2,101.969,88.762,138.467,100.121,92.246,134.809,142.087,132.888,132.704
669.3,102.028,88.692,138.433,100.061,92.246,134.773,142.119,132.888,132.704
669.4,102.086,88.692,138.433,100.121,92.246,134.737,142.119,132.888,132.704
669.5,102.145,88.692,138.467,100.061,92.313,134.773,142.087,132.851,132.704
669.6,102.262,88.692,138.467,100.182,92.313,134.773,142.119,132.925,132.741
669.7,102.204,88.762,138.467,100.182,92.38,134.737,142.087,132.888,132.778
669.8,102.204,88.762,138.533,100.182,92.246,134.773,142.119,132.888,132.704
669.9,102.321,88.762,138.467,100.242,92.38,134.809,142.056,132.851,132.741
670.0,102.438,88.832,138.467,100.242,92.38,134.773,142.056,132.851,132.704
670.1,102.555,88.832,138.5,100.242,92.38,134.809,142.056,132.962,132.778
670.2,102.555,88.832,138.5,100.302,92.38,134.809,142.087,132.925,132.741
670.3,102.672,88.832,138.533,100.302,92.38,134.809,142.087,132.888,132.704
670.4,102.73,88.832,138.467,100.422,92.447,134.88,142.087,132.888,132.741
670.5,102.73,88.901,138.467,100.302,92.38,134.737,142.15,132.851,132.741
670.6,102.73,88.901,138.467,100.362,92.513,134.773,142.087,132.888,132.741
670.7,102.846,88.971,138.5,100.422,92.513,134.844,142.087,132.851,132.704
670.8,102.846,88.901,138.467,100.482,92.513,134.809,142.087,132.851,132.741
670.9,102.904,88.901,138.5,100.482,92.513,134.809,142.056,132.888,132.704
671.0,103.021,89.041,138.533,100.422,92.447,134.809,142.119,132.888,132.741
671.1,103.021,89.041,138.5,100.602,92.513,134.773,141.994,132.888,132.741
671.2,103.021,88.901,138.533,100.482,92.58,134.809,142.087,132.925,132.704
671.3,103.079,88.901,138.467,100.422,92.58,134.809,142.087,132.925,132.741
671.4,103.195,88.901,138.5,100.422,92.58,134.809,142.119,132.888,132.704
671.5,103.252,88.971,138.5,100.542,92.58,134.773,142.056,132.925,132.704
671.6,103.252,89.11,138.533,100.602,92.646,134.809,142.056,132.888,132.741
671.7,103.31,89.041,138.533,100.542,92.58,134.809,142.087,132.888,132.704
671.8,103.368,89.041,138.567,100.602,92.58,134.809,142.025,132.888,132.741
671.9,103.426,89.041,138.567,100.662,92.713,134.809,142.087,132.851,132.741
672.0,103.541,89.041,138.533,100.662,92.713,134.844,142.087,132.888,132.704
672.1,103.656,89.041,138.567,100.722,92.779,134.809,142.087,132.888,132.741
672.2,103.656,89.041,138.5,100.842,92.779,134.844,142.087,132.888,132.741
672.3,103.829,89.11,138.533,100.842,92.779,134.737,142.056,132.888,132.63
672.4,103.829,89.18,138.567,100.662,92.846,134.844,142.15,132.925,132.741
672.5,103.886,89.11,138.533,100.842,92.912,134.844,142.056,132.851,132.778
672.6,103.943,89.11,138.5,100.961,92.912,134.773,142.087,132.888,132.704
672.7,104.058,89.18,138.533,100.961,92.912,134.809,142.087,132.925,132.704
672.8,104.172,89.18,138.533,100.961,92.912,134.809,142.087,132.925,132.704
672.9,104.0,89.18,138.5,101.021,92.978,134.88,142.087,132.888,132.741
673.0,104.172,89.18,138.533,101.021,92.978,134.844,142.056,132.962,132.704
673.1,104.229,89.249,138.533,101.14,92.912,134.844,142.087,132.888,132.778
673.2,104.343,89.18,138.567,101.14,93.044,134.809,142.119,132.925,132.704
673.3,104.343,89.249,138.567,101.14,93.044,134.809,142.087,132.851,132.741
673.4,104.4,89.249,138.533,101.14,93.11,134.809,142.119,132.888,132.741
673.5,104.457,89.319,138.567,101.2,93.11,134.773,142.025,132.925,132.741
673.6,104.628,89.319,138.567,101.2,93.177,134.809,142.119,132.888,132.741
673.7,104.571,89.319,138.6,101.318,93.177,134.844,142.056,132.888,132.741
673.8,104.684,89.319,138.567,101.318,93.177,134.809,142.087,132.925,132.741
673.9,104.741,89.319,138.533,101.378,93.243,134.809,142.087,132.888,132.741
674.0,104.798,89.319,138.567,101.378,93.309,134.773,142.087,132.888,132.704
674.1,104.741,89.457,138.667,101.378,93.309,134.809,142.056,132.888,132.778
674.2,104.854,89.388,138.567,101.437,93.309,134.773,142.087,132.888,132.741
674.3,104.854,89.388,138.567,101.437,93.309,134.809,142.087,132.888,132.741
674.4,105.024,89.457,138.733,101.496,93.309,134.844,142.119,132.851,132.704
674.5,105.024,89.388,138.633,101.556,93.374,134.844,142.087,132.888,132.704
674.6,105.024,89.388,138.5,101.556,93.309,134.809,142.087,132.888,132.704
674.7,105.08,89.457,138.567,101.556,93.374,134.844,142.056,132.925,132.741
674.8,105.306,89.388,138.6,101.733,93.506,134.809,142.056,132.925,132.778
674.9,105.362,89.457,138.633,101.733,93.572,134.809,142.119,132.888,132.741
675.0,105.53,89.596,138.633,101.733,93.572,134.844,142.056,132.888,132.741
675.1,105.53,89.457,138.633,101.851,93.638,134.809,142.056,132.851,132.704
675.2,105.642,89.526,138.6,101.91,93.638,134.844,142.087,132.925,132.704
675.3,105.642,89.734,138.567,101.91,93.703,134.844,142.087,132.851,132.741
675.4,105.754,89.596,138.6,102.028,93.834,134.809,142.15,132.888,132.741
675.5,105.754,89.665,138.6,102.028,93.769,134.844,142.056,132.925,132.741
675.6,105.754,89.596,138.633,102.028,93.769,134.809,142.087,132.888,132.778
675.7,105.866,89.596,138.633,102.086,93.703,134.809,142.119,132.851,132.704
675.8,105.922,89.665,138.6,102.028,93.9,134.809,142.119,132.888,132.814
675.9,105.977,89.665,138.6,102.145,93.769,134.844,142.056,132.888,132.814
676.0,106.089,89.665,138.6,102.204,93.834,134.844,142.087,132.962,132.778
676.1,106.033,89.596,138.6,102.204,93.9,134.88,142.119,132.925,132.778
676.2,106.089,89.734,138.667,102.262,93.9,134.844,142.119,132.888,132.704
676.3,106.089,89.665,138.567,102.262,93.965,134.844,142.056,132.888,132.741
676.4,106.2,89.665,138.633,102.262,94.031,134.844,142.087,132.851,132.778
676.5,106.2,89.734,138.633,102.321,93.965,134.809,142.056,132.851,132.741
676.6,106.255,89.734,138.6,102.38,94.031,134.809,142.087,132.888,132.741
676.7,106.366,89.734,138.7,102.438,94.096,134.809,142.15,132.851,132.704
676.8,106.366,89.803,138.633,102.497,94.096,134.844,142.087,132.925,132.741
676.9,106.477,89.871,138.633,102.497,94.161,134.844,142.087,132.888,132.741
677.0,106.532,89.871,138.633,102.613,94.161,134.844,142.087,132.888,132.741
677.1,106.588,89.871,138.633,102.613,94.226,134.844,142.087,132.888,132.741
677.2,106.643,89.803,138.667,102.672,94.292,134.915,142.056,132.888,132.741
677.3,106.698,89.94,138.633,102.672,94.292,134.88,142.15,132.925,132.741
677.4,106.808,89.871,138.633,102.788,94.292,134.844,142.087,132.888,132.741
677.5,106.863,89.94,138.633,102.846,94.357,134.88,142.087,132.888,132.741
677.6,106.973,89.94,138.6,102.846,94.422,134.844,142.119,132.925,132.704
677.7,106.918,89.94,138.7,102.904,94.292,134.844,142.056,132.925,132.741
677.8,106.918,89.871,138.633,102.904,94.487,134.88,142.119,132.925,132.778
677.9,107.083,89.94,138.633,102.963,94.487,134.809,142.087,132.888,132.778
678.0,107.083,89.871,138.633,103.021,94.487,134.809,142.056,132.925,132.704
678.1,107.083,90.009,138.667,103.021,94.552,134.809,142.087,132.778,132.778
678.2,107.193,90.078,138.667,103.079,94.552,134.809,142.119,132.925,132.778
678.3,107.193,90.009,138.6,103.137,94.617,134.844,142.056,132.925,132.741
678.4,107.302,90.078,138.7,103.079,94.617,134.844,142.087,132.888,132.778
678.5,107.247,90.146,138.633,103.195,94.617,134.844,142.119,132.925,132.778
678.6,107.302,90.078,138.633,103.195,94.681,134.844,142.087,132.925,132.741
678.7,107.357,90.009,138.667,103.252,94.681,134.844,142.056,132.925,132.704
678.8,107.521,90.215,138.7,103.31,94.746,134.844,142.087,132.962,132.778
678.9,107.521,90.009,138.667,103.426,94.811,134.88,142.087,132.925,132.778
679.0,107.575,90.146,138.6,103.541,94.876,134.844,142.087,132.925,132.704
679.1,107.738,90.078,138.7,103.541,95.069,134.773,142.087,132.925,132.778
679.2,107.793,90.215,138.667,103.599,94.94,134.844,142.119,132.962,132.741
679.3,107.847,90.215,138.7,103.599,94.876,134.809,142.087,132.925,132.778
679.4,107.847,90.215,138.667,103.714,95.069,134.915,142.056,132.925,132.741
679.5,107.955,90.352,138.667,103.771,95.069,134.809,142.119,132.962,132.778
679.6,107.901,90.215,138.667,103.829,95.198,134.844,142.087,133.035,132.741
679.7,107.955,90.215,138.667,103.771,95.198,134.844,142.119,132.888,132.741
679.8,108.064,90.352,138.667,103.829,95.198,134.844,142.087,132.925,132.814
679.9,108.01,90.284,138.667,103.943,95.198,134.844,142.087,132.925,132.778
680.0,108.118,90.352,138.667,104.0,95.262,134.88,142.056,132.925,132.778
680.1,108.172,90.352,138.667,104.0,95.327,134.844,142.056,132.925,132.741
680.2,108.28,90.352,138.667,104.058,95.327,134.844,142.087,132.888,132.778
680.3,108.226,90.421,138.7,104.115,95.391,134.88,142.087,132.925,132.704
680.4,108.28,90.352,138.633,104.172,95.455,134.844,142.119,132.925,132.814
680.5,108.388,90.489,138.733,104.229,95.519,134.951,142.087,132.925,132.778
680.6,108.388,90.421,138.733,104.229,95.455,134.844,142.056,132.925,132.851
680.7,108.495,90.421,138.7,104.286,95.583,134.809,142.056,132.925,132.778
680.8,108.603,90.489,138.7,104.4,95.583,134.809,142.056,132.925,132.778
680.9,108.657,90.557,138.733,104.4,95.711,134.88,142.087,132.925,132.778
681.0,108.657,90.557,138.667,104.457,95.647,134.844,142.087,132.962,132.778
681.1,108.764,90.557,138.7,104.571,95.647,134.88,142.119,132.925,132.851
681.2,108.871,90.421,138.7,104.628,95.775,134.951,142.087,132.925,132.851
681.3,108.871,90.626,138.7,104.684,95.775,134.844,142.056,132.962,132.778
681.4,108.871,90.557,138.767,104.684,96.03,134.844,142.087,132.962,132.888
681.5,109.031,90.626,138.633,104.798,95.903,134.88,142.087,132.925,132.814
681.6,108.924,90.626,138.667,104.741,95.967,134.88,142.087,132.888,132.778
681.7,109.031,90.694,138.733,104.854,96.094,134.88,142.056,132.925,132.851
681.8,109.031,90.626,138.8,104.854,96.158,134.951,142.087,132.962,132.851
681.9,109.138,90.626,138.733,104.911,96.03,134.915,142.119,132.962,132.778
682.0,109.138,90.626,138.7,104.911,96.094,134.88,142.087,132.962,132.814
682.1,109.191,90.694,138.7,104.967,96.221,134.88,142.056,132.999,132.778
682.2,109.191,90.694,138.733,105.08,96.158,134.88,142.056,132.925,132.814
682.3,109.298,90.762,138.733,105.08,96.221,134.88,142.087,132.962,132.814
682.4,109.138,90.762,138.667,105.08,96.285,134.844,142.087,132.962,132.851
682.5,109.404,90.762,138.7,105.193,96.285,134.915,142.087,132.962,132.814
682.6,109.244,90.762,138.7,105.193,96.221,134.88,142.087,132.962,132.962
682.7,109.457,90.83,138.733,105.193,96.285,134.88,142.056,132.999,132.851
682.8,109.404,90.83,138.7,105.362,96.411,134.88,142.056,132.999,132.851
682.9,109.51,90.83,138.733,105.306,96.348,134.88,142.087,133.035,132.814
683.0,109.51,90.898,138.7,105.362,96.411,134.88,142.056,132.962,132.814
683.1,109.563,90.83,138.767,105.474,96.411,134.951,142.087,132.962,132.778
683.2,109.669,90.898,138.733,105.418,96.601,134.915,142.087,132.999,132.851
683.3,109.669,90.898,138.733,105.586,96.538,134.88,142.119,132.962,132.888
683.4,109.88,90.966,138.733,105.698,96.791,134.88,142.15,132.962,132.814
683.5,109.933,90.966,138.733,105.81,96.791,134.88,142.056,132.999,132.851
683.6,109.985,90.966,138.733,105.866,96.854,134.915,142.212,133.035,132.814
683.7,110.038,91.169,138.733,105.866,96.854,134.915,142.119,132.962,132.851
683.8,109.985,91.034,138.7,106.033,96.98,134.915,142.087,132.962,132.888
683.9,110.038,91.102,138.733,105.922,96.917,134.88,142.119,132.999,132.851
684.0,110.196,91.102,138.7,106.033,96.98,134.88,142.119,133.035,132.851
684.1,110.196,91.102,138.7,106.255,97.042,134.88,142.087,132.999,132.814
684.2,110.196,91.102,138.767,106.089,97.105,134.915,142.087,132.962,132.851
684.3,110.248,91.102,138.767,106.144,97.168,134.88,142.087,132.962,132.925
684.4,110.248,91.169,138.767,106.2,97.042,134.915,142.119,133.072,132.814
684.5,110.301,91.169,138.7,106.311,97.356,134.915,142.119,132.925,132.814
684.6,110.405,91.169,138.7,106.311,97.231,134.915,142.119,132.999,132.888
684.7,110.458,91.169,138.767,106.366,97.293,134.915,142.087,133.072,132.888
684.8,110.458,91.237,138.8,106.366,97.356,134.915,142.087,133.035,132.851
684.9,110.458,91.237,138.767,106.422,97.419,134.915,142.087,133.072,132.814
685.0,110.51,91.169,138.767,106.477,97.356,134.915,142.119,132.962,132.925
685.1,110.51,91.237,138.733,106.477,97.419,134.915,142.119,132.999,132.851
685.2,110.615,91.237,138.733,106.588,97.419,134.88,142.087,133.035,132.814
685.3,110.562,91.102,138.733,106.588,97.481,134.88,142.087,133.072,132.851
685.4,110.667,91.237,138.733,106.643,97.543,134.88,142.119,132.999,132.888
685.5,110.667,91.305,138.767,106.643,97.606,134.915,142.119,133.035,132.888
685.6,110.823,91.372,138.733,106.753,97.668,134.915,142.087,133.035,132.888
685.7,110.823,91.305,138.733,106.753,97.543,134.88,142.087,132.999,132.851
685.8,110.875,91.44,138.767,107.028,97.793,134.915,142.087,133.072,132.925
685.9,110.875,91.44,138.767,106.973,97.793,134.915,142.15,133.035,132.888
686.0,111.031,91.44,138.767,107.028,97.917,134.88,142.119,133.035,132.888
686.1,111.083,91.44,138.767,107.083,97.979,134.88,142.087,133.035,132.925
686.2,111.083,91.508,138.8,107.083,98.041,134.844,142.181,133.035,132.888
686.3,111.083,91.508,138.733,107.193,98.041,134.951,142.087,133.072,132.888
686.4,111.134,91.508,138.733,107.193,98.041,134.951,142.056,133.072,132.888
686.5,111.031,91.575,138.767,107.193,98.103,134.915,142.119,133.035,132.851
686.6,111.186,91.508,138.767,107.302,98.041,134.951,142.119,133.072,132.925
686.7,111.238,91.508,138.767,107.302,98.165,134.951,142.087,133.109,132.925
686.8,111.186,91.642,138.767,107.357,98.227,134.915,142.087,133.072,132.888
686.9,111.29,91.575,138.733,107.357,98.227,134.88,142.087,133.035,132.888
687.0,111.29,91.642,138.767,107.357,98.227,134.915,142.087,132.999,132.925
687.1,111.341,91.575,138.8,107.521,98.351,134.987,142.087,133.035,132.925
687.2,111.444,91.642,138.8,107.521,98.351,134.951,142.087,133.109,132.925
687.3,111.496,91.642,138.8,107.575,98.474,134.915,142.119,133.146,132.962
687.4,111.599,91.642,138.767,107.63,98.474,134.915,142.056,133.072,132.925
687.5,111.599,91.71,138.767,107.738,98.536,134.951,142.119,133.109,132.999
687.6,111.702,91.777,138.8,107.793,98.659,134.915,142.087,133.072,132.925
687.7,111.65,91.71,138.8,107.793,98.659,134.915,142.087,133.109,132.888
687.8,111.753,91.777,138.733,107.847,98.782,134.951,142.119,133.072,132.925
687.9,111.702,91.844,138.833,107.955,98.782,134.915,142.087,133.035,132.925
688.0,111.753,91.844,138.767,108.01,98.721,134.951,142.087,133.109,132.925
688.1,111.907,91.844,138.8,108.118,98.843,134.915,142.087,133.072,132.925
688.2,111.856,91.911,138.767,108.118,98.966,134.951,142.119,133.072,132.925
688.3,112.009,91.978,138.767,108.226,98.843,134.915,142.087,133.072,132.999
688.4,112.009,91.978,138.8,108.28,99.027,134.951,142.119,133.146,132.962
688.5,112.009,91.844,138.767,108.334,99.088,134.915,142.087,133.109,132.962
688.6,112.112,91.978,138.8,108.442,99.15,134.915,142.087,133.182,132.962
688.7,112.061,91.978,138.8,108.388,99.15,134.915,142.119,133.109,132.962
688.8,112.163,91.978,138.8,108.495,99.211,134.915,142.087,133.109,132.962
688.9,112.163,92.045,138.8,108.495,99.333,134.915,142.119,133.109,132.999
689.0,112.214,92.112,138.833,108.657,99.333,134.915,142.119,133.109,133.035
689.1,112.316,92.179,138.833,108.549,99.455,135.022,142.087,133.182,132.999
689.2,112.316,92.179,138.8,108.71,99.515,134.951,142.087,133.182,132.962
689.3,112.366,92.179,138.8,108.71,99.515,134.951,142.087,133.182,132.999
689.4,112.417,92.112,138.899,108.817,99.576,135.058,142.087,133.182,132.999
689.5,112.417,92.179,138.8,108.764,99.637,135.022,142.087,133.146,133.035
689.6,112.519,92.246,138.8,108.871,99.637,134.951,142.119,133.146,132.999
689.7,112.519,92.246,138.866,108.924,99.819,134.915,142.056,133.182,132.999
689.8,112.468,92.246,138.767,109.031,99.758,134.987,142.15,133.182,132.999
689.9,112.519,92.246,138.8,109.031,99.758,134.951,142.181,133.182,133.035
690.0,112.62,92.246,138.833,109.031,99.819,134.951,142.025,133.182,133.035
690.1,112.671,92.313,138.8,109.138,99.88,134.987,142.15,133.219,132.999
690.2,112.62,92.313,138.866,109.138,99.94,134.915,142.119,133.146,132.999
690.3,112.722,92.313,138.833,109.191,99.94,134.951,142.087,133.182,132.999
690.4,112.722,92.313,138.833,109.298,99.94,134.987,142.15,133.255,133.072
690.5,112.772,92.38,138.8,109.404,100.121,134.951,142.056,133.219,133.035
690.6,112.823,92.38,138.866,109.404,100.121,134.915,142.087,133.219,132.999
690.7,112.823,92.447,138.8,109.404,100.182,134.987,142.119,133.255,133.072
690.8,112.873,92.58,138.833,109.51,100.302,134.987,142.087,133.182,133.035
690.9,112.974,92.513,138.833,109.563,100.362,134.88,142.087,133.219,133.072
691.0,112.974,92.513,138.767,109.563,100.362,134.987,142.087,133.292,132.999
691.1,112.974,92.513,138.833,109.616,100.422,134.987,142.119,133.255,133.072
691.2,112.974,92.58,138.833,109.616,100.422,134.987,142.056,133.219,133.035
691.3,113.025,92.58,138.767,109.722,100.482,134.987,142.119,133.255,133.072
691.4,113.075,92.646,138.767,109.722,100.482,134.951,142.087,133.219,133.072
691.5,113.176,92.58,138.866,109.775,100.602,135.022,142.119,133.219,133.072
691.6,113.125,92.646,138.866,109.775,100.542,134.987,142.056,133.255,132.999
691.7,113.125,92.646,138.8,109.827,100.662,134.987,142.119,133.255,133.035
691.8,113.276,92.646,138.833,109.827,100.662,134.987,142.119,133.292,133.035
691.9,113.226,92.713,138.866,109.88,100.662,134.987,142.087,133.219,133.072
692.0,113.226,92.713,138.833,109.933,100.722,134.987,142.119,133.255,133.035
692.1,113.226,92.713,138.8,109.933,100.782,134.987,142.119,133.255,133.035
692.2,113.326,92.779,138.833,110.038,100.902,134.987,142.119,133.329,133.072
692.3,113.276,92.779,138.833,110.038,100.842,134.987,142.087,133.292,133.109
692.4,113.377,92.846,138.833,110.091,100.902,134.987,142.087,133.292,133.109
692.5,113.326,92.846,138.866,110.143,100.961,134.987,142.119,133.292,133.072
692.6,113.377,92.846,138.8,110.196,101.021,134.987,142.056,133.255,133.072
692.7,113.427,92.846,138.833,110.196,101.021,135.022,142.119,133.292,133.109
692.8,113.577,92.912,138.899,110.248,101.08,134.987,142.119,133.292,133.109
692.9,113.577,92.978,138.833,110.301,101.14,134.987,142.181,133.329,133.109
693.0,113.577,92.846,138.866,110.301,101.2,134.987,142.087,133.292,133.072
693.1,113.577,92.912,138.833,110.405,101.2,134.987,142.087,133.329,133.109
693.2,113.577,92.912,138.833,110.458,101.318,134.987,142.087,133.292,133.109
693.3,113.627,93.044,138.833,110.458,101.378,134.987,142.087,133.329,133.146
693.4,113.677,92.978,138.8,110.562,101.318,134.951,142.119,133.329,132.999
693.5,113.677,93.044,138.8,110.562,101.378,135.022,142.087,133.365,133.146
693.6,113.677,92.978,138.866,110.615,101.437,134.987,142.056,133.329,133.109
693.7,113.826,93.044,138.866,110.667,101.437,134.987,142.087,133.365,133.109
693.8,113.777,93.11,138.833,110.667,101.496,134.987,142.119,133.329,133.109
693.9,113.777,93.044,138.8,110.719,101.615,135.058,142.119,133.329,133.109
694.0,113.826,93.11,138.833,110.719,101.615,134.88,142.087,133.365,133.182
694.1,113.826,93.044,138.833,110.771,101.674,134.987,142.087,133.365,133.109
694.2,113.876,93.11,138.833,110.875,101.615,135.022,142.087,133.329,133.109
694.3,113.926,93.044,138.833,110.927,101.792,134.951,142.119,133.365,133.109
694.4,113.976,93.309,138.733,110.979,101.851,135.058,142.119,133.402,133.146
694.5,113.976,93.309,138.899,111.083,101.969,134.987,142.087,133.402,133.146
694.6,114.075,93.243,138.833,111.134,101.969,134.987,142.119,133.438,133.182
694.7,114.075,93.309,138.833,111.134,102.028,135.022,142.119,133.402,133.146
694.8,114.174,93.243,138.833,111.186,102.086,135.022,142.119,133.402,133.182
694.9,114.174,93.374,138.767,111.186,102.086,135.022,142.087,133.365,133.182
695.0,114.174,93.374,138.866,111.134,102.145,135.093,142.15,133.402,133.182
695.1,114.174,93.374,138.833,111.29,102.262,135.022,142.119,133.402,133.182
695.2,114.323,93.374,138.866,111.29,102.321,135.022,142.087,133.402,133.219
695.3,114.224,93.374,138.899,111.341,102.321,135.058,142.087,133.438,133.219
695.4,114.273,93.506,138.866,111.341,102.321,135.022,142.087,133.402,133.219
695.5,114.273,93.572,138.866,111.444,102.321,135.058,142.119,133.402,133.182
695.6,114.421,93.44,138.966,111.444,102.38,135.022,142.087,133.475,133.255
695.7,114.372,93.506,138.899,111.496,102.262,135.058,142.15,133.402,133.182
695.8,114.421,93.572,138.899,111.496,102.38,135.058,142.119,133.402,133.219
695.9,114.421,93.572,138.833,111.65,102.555,135.058,142.087,133.438,133.255
696.0,114.372,93.572,138.833,111.65,102.613,135.022,142.087,133.438,133.182
696.1,114.421,93.638,138.899,111.65,102.613,135.022,142.119,133.475,133.182
696.2,114.52,93.638,138.833,111.753,102.613,135.058,142.181,133.475,133.255
696.3,114.569,93.638,138.866,111.702,102.672,135.058,142.119,133.475,133.255
696.4,114.52,93.638,138.899,111.753,102.788,135.058,142.119,133.475,133.255
696.5,114.569,93.638,138.899,111.753,102.73,135.022,142.119,133.511,133.255
696.6,114.569,93.703,138.866,111.805,102.904,135.093,142.119,133.475,133.255
696.7,114.619,93.703,138.866,111.856,102.846,135.022,142.119,133.475,133.146
696.8,114.619,93.703,138.866,111.856,102.963,135.022,142.119,133.475,133.255
696.9,114.668,93.769,138.866,111.958,103.021,135.022,142.119,133.511,133.219
697.0,114.766,93.834,138.866,112.009,103.079,135.022,142.15,133.548,133.255
697.1,114.766,93.9,138.866,112.061,103.195,134.951,142.119,133.475,133.255
697.2,114.766,93.9,138.866,112.163,103.195,135.022,142.119,133.548,133.255
697.3,114.815,93.9,138.899,112.163,103.195,135.058,142.087,133.584,133.255
697.4,114.815,94.031,138.833,112.214,103.31,135.058,142.087,133.548,133.292
697.5,114.864,93.9,138.866,112.163,103.368,135.058,142.056,133.511,133.146
697.6,114.864,93.965,138.899,112.265,103.368,135.058,142.119,133.548,133.329
697.7,114.913,93.965,138.899,112.265,103.426,135.022,142.119,133.511,133.292
697.8,114.913,94.031,138.833,112.265,103.483,135.164,142.087,133.511,133.329
697.9,114.962,93.965,138.899,112.316,103.483,135.058,142.15,133.438,133.329
698.0,114.962,94.031,138.866,112.417,103.483,135.058,142.119,133.475,133.329
698.1,114.962,94.031,138.899,112.417,103.541,135.129,142.119,133.548,133.292
698.2,115.011,94.096,138.866,112.417,103.656,135.058,142.119,133.657,133.402
698.3,115.06,94.096,138.866,112.468,103.714,135.058,142.15,133.548,133.255
698.4,115.109,94.096,138.899,112.62,103.714,135.058,142.181,133.548,133.292
698.5,115.158,94.161,138.866,112.519,103.771,135.093,142.119,133.548,133.329
698.6,115.158,94.161,138.899,112.57,103.829,135.093,142.119,133.584,133.292
698.7,115.256,94.292,138.999,112.722,103.886,135.093,142.181,133.584,133.329
698.8,115.207,94.357,138.899,112.823,103.886,135.058,142.087,133.584,133.402
698.9,115.207,94.292,138.899,112.772,104.0,135.058,142.181,133.584,133.402
699.0,115.353,94.292,138.866,112.823,104.058,135.058,142.119,133.657,133.329
699.1,115.304,94.292,138.866,112.873,104.058,135.058,142.119,133.584,133.438
699.2,115.353,94.226,138.866,112.823,104.115,135.093,142.119,133.657,133.365
699.3,115.402,94.292,138.899,112.974,104.172,135.164,142.119,133.62,133.402
699.4,115.353,94.357,138.866,112.974,104.229,135.093,142.119,133.62,133.365
699.5,115.402,94.422,138.899,112.974,104.229,135.058,142.087,133.657,133.365
699.6,115.402,94.422,138.932,113.075,104.4,135.093,142.119,133.62,133.365
699.7,115.45,94.422,138.932,113.025,104.4,135.093,142.087,133.62,133.365
699.8,115.45,94.552,138.899,113.075,104.4,135.093,142.087,133.729,133.475
699.9,115.45,94.487,138.833,113.125,104.457,135.093,142.119,133.657,133.402
700.0,115.548,94.552,138.899,113.125,104.514,135.022,142.15,133.62,133.402
700.1,115.499,94.487,138.899,113.125,104.628,135.058,142.15,133.657,133.402
700.2,115.596,94.552,138.899,113.276,104.684,135.093,142.15,133.693,133.402
700.3,115.548,94.617,138.899,113.276,104.741,135.058,142.119,133.657,133.402
700.4,115.596,94.681,138.866,113.276,104.741,135.058,142.119,133.693,133.438
700.5,115.645,94.617,138.866,113.276,104.741,135.058,142.119,133.693,133.475
700.6,115.645,94.681,138.899,113.326,104.854,135.093,142.119,133.729,133.438
700.7,115.645,94.746,138.899,113.427,104.741,135.093,142.119,133.693,133.402
700.8,115.693,94.681,138.899,113.427,105.024,135.129,142.181,133.693,133.438
700.9,115.742,94.811,138.866,113.477,104.967,135.129,142.119,133.693,133.438
701.0,115.742,94.811,138.899,113.577,105.08,135.129,142.119,133.693,133.475
701.1,115.742,94.746,138.899,113.577,105.137,135.129,142.119,133.657,133.402
701.2,115.742,94.811,138.899,113.527,105.024,135.129,142.087,133.693,133.511
701.3,115.79,94.876,138.966,113.577,105.137,135.164,142.119,133.729,133.548
701.4,115.838,94.94,138.966,113.677,105.193,135.129,142.181,133.729,133.475
701.5,115.887,94.811,138.932,113.727,105.249,135.093,142.119,133.729,133.475
701.6,115.887,94.94,138.899,113.727,105.249,135.093,142.15,133.766,133.475
701.7,115.935,94.94,138.932,113.727,105.249,135.093,142.119,133.766,133.511
701.8,115.887,94.94,138.932,113.777,105.306,135.058,142.119,133.766,133.548
701.9,115.983,95.005,138.899,113.777,105.418,135.093,142.087,133.766,133.511
702.0,115.983,94.94,138.932,113.826,105.418,135.093,142.15,133.766,133.511
702.1,115.983,95.069,138.899,113.876,105.474,135.093,142.15,133.802,133.475
702.2,115.983,95.005,138.866,113.926,105.53,135.058,142.119,133.802,133.584
702.3,116.031,95.005,138.899,113.876,105.474,135.129,142.056,133.802,133.548
702.4,116.031,95.134,138.966,113.926,105.53,135.093,142.087,133.766,133.475
702.5,116.031,95.069,138.899,114.025,105.642,135.129,142.119,133.838,133.475
702.6,116.08,95.134,138.932,114.075,105.642,135.093,142.119,133.874,133.511
702.7,116.176,95.198,138.899,113.976,105.698,135.093,142.15,133.766,133.62
702.8,116.128,95.134,138.899,113.926,105.698,135.129,142.15,133.874,133.511
702.9,116.176,95.198,138.932,114.075,105.754,135.093,142.119,133.838,133.548
703.0,116.176,95.198,138.866,114.125,105.866,135.129,142.087,133.838,133.548
703.1,116.176,95.262,138.966,114.125,105.81,135.129,142.15,133.838,133.548
703.2,116.176,95.198,138.899,114.125,105.922,135.129,142.15,133.874,133.548
703.3,116.224,95.262,138.932,114.174,105.866,135.129,142.119,133.838,133.511
703.4,116.272,95.262,138.899,114.174,105.977,135.129,142.119,133.838,133.62
703.5,116.32,95.327,138.8,114.273,106.089,135.129,142.119,133.838,133.548
703.6,116.464,95.327,138.932,114.372,106.2,135.129,142.119,133.838,133.548
703.7,116.32,95.455,138.932,114.372,106.2,135.129,142.119,133.874,133.584
703.8,116.416,95.455,138.932,114.273,106.311,135.129,142.119,133.874,133.548
703.9,116.368,95.455,138.932,114.471,106.255,135.164,142.15,133.838,133.584
704.0,116.368,95.519,138.932,114.471,106.255,135.129,142.119,133.838,133.584
704.1,116.416,95.583,139.032,114.471,106.422,135.164,142.119,133.911,133.548
704.2,116.368,95.583,138.899,114.52,106.422,135.129,142.119,133.874,133.657
704.3,116.512,95.583,138.899,114.52,106.422,135.164,142.087,133.911,133.657
704.4,116.512,95.583,138.932,114.569,106.477,135.129,142.119,133.947,133.657
704.5,116.464,95.583,138.932,114.569,106.532,135.129,142.15,133.911,133.584
704.6,116.464,95.583,138.899,114.619,106.532,135.129,142.087,133.874,133.62
704.7,116.464,95.583,138.899,114.619,106.643,135.129,142.119,133.911,133.62
704.8,116.512,95.583,138.932,114.668,106.643,135.129,142.119,133.838,133.62
704.9,116.56,95.647,138.899,114.717,106.643,135.164,142.119,133.911,133.62
705.0,116.607,95.711,138.932,114.717,106.698,135.199,142.119,133.911,133.657
705.1,116.607,95.775,138.932,114.766,106.698,135.164,142.119,133.947,133.657
705.2,116.655,95.775,138.966,114.766,106.918,135.164,142.15,133.947,133.693
705.3,116.703,95.775,138.932,114.815,106.863,135.199,142.15,133.947,133.657
705.4,116.703,95.775,138.966,114.766,106.863,135.164,142.056,134.019,133.657
705.5,116.655,95.839,138.966,114.864,107.028,135.164,142.119,133.874,133.657
705.6,116.703,95.839,138.966,114.913,106.973,135.199,142.119,133.983,133.693
705.7,116.703,95.903,138.932,114.962,107.083,135.199,142.119,133.983,133.657
705.8,116.798,95.967,138.932,115.011,107.083,135.164,142.181,134.019,133.657
705.9,116.751,95.903,138.966,114.962,107.138,135.164,142.119,134.019,133.729
706.0,116.751,95.967,138.932,115.011,107.138,135.164,142.119,133.983,133.657
706.1,116.798,95.903,138.899,114.962,107.083,135.199,142.119,133.947,133.693
706.2,116.798,95.967,138.999,115.011,107.247,135.164,142.15,133.983,133.693
706.3,116.894,96.03,138.932,115.06,107.247,135.129,142.056,133.983,133.693
706.4,116.846,95.967,138.966,115.109,107.247,135.164,142.119,133.983,133.693
706.5,116.846,96.094,138.932,115.207,107.302,135.164,142.15,134.019,133.693
706.6,116.941,96.094,138.966,115.207,107.63,135.164,142.181,134.019,133.693
706.7,116.941,96.158,138.899,115.256,107.466,135.164,142.15,133.983,133.729
706.8,116.941,96.094,138.932,115.256,107.521,135.199,142.087,134.019,133.729
706.9,116.941,96.285,138.899,115.304,107.575,135.199,142.15,134.055,133.729
707.0,117.084,96.221,138.966,115.304,107.684,135.164,142.15,134.019,133.729
707.1,117.036,96.348,138.966,115.353,107.738,135.164,142.087,134.091,133.693
707.2,116.989,96.285,138.899,115.45,107.793,135.164,142.119,134.055,133.729
707.3,117.131,96.411,138.899,115.45,107.847,135.164,142.15,134.055,133.766
707.4,117.084,96.348,138.932,115.499,107.847,135.129,142.025,134.127,133.802
707.5,117.084,96.348,138.899,115.499,107.955,135.199,142.119,134.091,133.766
707.6,117.131,96.411,138.932,115.548,108.01,135.199,142.119,134.055,133.729
707.7,117.226,96.538,138.966,115.645,108.172,135.199,142.119,134.091,133.802
707.8,117.179,96.411,138.899,115.645,108.172,135.164,142.119,134.091,133.766
707.9,117.321,96.601,138.999,115.645,108.172,135.164,142.119,134.091,133.838
708.0,117.226,96.538,138.899,115.693,108.28,135.199,142.15,134.055,133.802
708.1,117.273,96.538,138.932,115.742,108.334,135.199,142.119,134.127,133.802
708.2,117.273,96.728,138.999,115.742,108.334,135.199,142.15,134.164,133.802
708.3,117.321,96.664,138.767,115.693,108.28,135.199,142.119,134.164,133.838
708.4,117.273,96.664,138.932,115.79,108.388,135.199,142.119,134.127,133.838
708.5,117.321,96.728,138.966,115.79,108.388,135.199,142.15,134.164,133.802
708.6,117.368,96.664,138.966,115.887,108.442,135.199,142.119,134.164,133.838
708.7,117.321,96.728,138.932,115.838,108.495,135.199,142.181,134.164,133.838
708.8,117.368,96.728,138.932,115.935,108.549,135.235,142.119,134.127,133.838
708.9,117.368,96.791,138.966,115.887,108.549,135.199,142.15,134.127,133.838
709.0,117.415,96.791,138.966,115.935,108.657,135.199,142.15,134.164,133.874
709.1,117.462,96.791,138.999,115.935,108.71,135.199,142.181,134.2,133.874
709.2,117.415,96.917,138.932,115.983,108.603,135.199,142.119,134.2,133.874
709.3,117.462,96.854,138.966,116.031,108.817,135.199,142.119,134.164,133.838
709.4,117.415,96.98,138.966,116.031,108.817,135.235,142.181,134.2,133.838
709.5,117.509,96.98,138.966,116.031,108.817,135.27,142.119,134.236,133.911
709.6,117.557,96.98,138.932,116.128,108.871,135.199,142.181,134.2,133.838
709.7,117.557,97.042,138.999,116.128,108.978,135.27,142.181,134.2,133.911
709.8,117.509,97.042,138.966,116.176,109.085,135.199,142.15,134.127,133.911
709.9,117.651,97.105,138.966,116.272,109.138,135.235,142.15,134.2,133.911
710.0,117.651,96.98,138.966,116.224,109.191,135.235,142.15,134.236,133.874
710.1,117.651,97.168,138.999,116.32,109.244,135.235,142.15,134.164,133.911
710.2,117.651,97.231,138.999,116.224,109.351,135.235,142.181,134.2,133.911
710.3,117.698,97.293,138.932,116.32,109.404,135.27,142.15,134.272,133.947
710.4,117.745,97.293,138.966,116.32,109.404,135.199,142.119,134.236,133.983
710.5,117.698,97.231,138.999,116.368,109.51,135.341,142.15,134.272,133.983
710.6,117.698,97.293,138.966,116.416,109.457,135.235,142.15,134.272,133.947
710.7,117.745,97.293,138.966,116.464,109.404,135.235,142.119,134.343,133.947
710.8,117.792,97.356,138.966,116.416,109.51,135.235,142.119,134.272,133.911
710.9,117.792,97.419,138.966,116.464,109.563,135.27,142.119,134.272,133.911
711.0,117.839,97.419,138.966,116.464,109.616,135.235,142.244,134.308,133.947
711.1,117.839,97.419,138.999,116.512,109.669,135.235,142.15,134.308,133.983
711.2,117.839,97.481,138.966,116.512,109.669,135.199,142.15,134.308,133.983
711.3,117.979,97.543,138.932,116.56,109.722,135.27,142.15,134.236,133.983
711.4,117.839,97.481,138.966,116.56,109.775,135.27,142.15,134.308,133.983
711.5,117.886,97.668,138.999,116.607,109.827,135.199,142.15,134.308,133.983
711.6,117.886,97.543,138.932,116.655,109.775,135.199,142.119,134.379,134.019
711.7,117.979,97.606,138.966,116.607,109.933,135.235,142.15,134.343,133.983
711.8,117.932,97.606,138.966,116.655,109.88,135.27,142.181,134.308,133.983
711.9,117.979,97.731,138.966,116.655,109.933,135.199,142.119,134.308,134.019
712.0,117.979,97.668,138.932,116.703,110.038,135.235,142.15,134.343,133.983
712.1,117.979,97.731,138.966,116.751,110.091,135.235,142.119,134.415,134.019
712.2,118.026,97.793,138.999,116.751,110.143,135.27,142.119,134.343,134.019
712.3,118.073,97.731,138.966,116.751,110.143,135.235,142.119,134.343,134.019
712.4,117.979,97.731,138.966,116.798,110.091,135.235,142.15,134.343,133.983
712.5,118.026,97.793,138.966,116.798,110.196,135.27,142.119,134.308,134.055
712.6,118.073,97.855,138.932,116.798,110.301,135.235,142.15,134.379,134.091
712.7,118.12,97.855,138.999,116.941,110.353,135.235,142.119,134.343,134.091
712.8,118.12,97.979,138.966,116.894,110.405,135.235,142.15,134.272,134.019
712.9,118.12,97.979,138.966,116.941,110.51,135.305,142.181,134.379,134.019
713.0,118.166,97.979,138.966,116.989,110.458,135.27,142.181,134.379,134.019
713.1,118.166,97.917,138.966,117.036,110.51,135.27,142.119,134.379,134.055
713.2,118.166,98.041,138.966,116.989,110.615,135.235,142.15,134.451,134.091
713.3,118.26,98.041,138.966,117.084,110.51,135.27,142.087,134.451,134.127
713.4,118.213,98.103,138.966,117.036,110.667,135.27,142.15,134.415,134.055
713.5,118.166,98.103,138.966,117.036,110.615,135.27,142.181,134.415,134.091
713.6,118.213,98.103,139.032,117.036,110.615,135.27,142.119,134.487,134.091
713.7,118.26,98.165,138.966,117.084,110.719,135.27,142.119,134.451,134.091
713.8,118.26,98.165,138.966,117.084,110.771,135.27,142.15,134.415,134.091
713.9,118.26,98.165,139.065,117.131,110.771,135.235,142.119,134.451,134.164
714.0,118.306,98.227,138.966,117.131,110.823,135.305,142.15,134.415,134.055
714.1,118.306,98.289,138.966,117.179,110.875,135.305,142.181,134.415,134.091
714.2,118.306,98.289,139.032,117.273,110.927,135.27,142.15,134.415,134.091
714.3,118.306,98.289,138.966,117.226,110.979,135.27,142.119,134.451,134.091
714.4,118.399,98.351,138.932,117.273,111.031,135.305,142.15,134.451,134.164
714.5,118.306,98.597,139.032,117.321,111.134,135.305,142.15,134.487,134.127
714.6,118.399,98.413,138.999,117.321,111.238,135.27,142.15,134.451,134.164
714.7,118.446,98.413,138.999,117.321,111.238,135.27,142.056,134.487,134.164
714.8,118.492,98.536,138.932,117.368,111.29,135.235,142.181,134.487,134.127
714.9,118.446,98.536,138.999,117.462,111.29,135.305,142.181,134.523,134.127
715.0,118.446,98.536,138.966,117.415,111.341,135.27,142.15,134.523,134.164
715.1,118.446,98.536,138.999,117.415,111.341,135.27,142.181,134.451,134.127
715.2,118.446,98.597,138.966,117.462,111.444,135.27,142.15,134.487,134.127
715.3,118.492,98.597,138.999,117.462,111.496,135.341,142.119,134.523,134.164
715.4,118.492,98.597,138.966,117.462,111.444,135.305,142.119,134.487,134.164
715.5,118.539,98.659,138.999,117.462,111.496,135.305,142.181,134.451,134.164
715.6,118.539,98.659,138.999,117.509,111.599,135.27,142.181,134.487,134.164
715.7,118.539,98.721,139.032,117.509,111.599,135.305,142.15,134.523,134.2
715.8,118.585,98.721,138.999,117.557,111.599,135.341,142.119,134.487,134.236
715.9,118.539,98.782,138.999,117.604,111.702,135.305,142.15,134.523,134.164
716.0,118.631,98.843,138.966,117.604,111.753,135.305,142.025,134.523,134.2
716.1,118.678,98.905,138.999,117.651,111.805,135.305,142.15,134.594,134.2
716.2,118.631,98.905,138.999,117.698,111.907,135.305,142.212,134.559,134.2
716.3,118.678,98.966,139.032,117.698,111.907,135.305,142.181,134.559,134.236
716.4,118.77,98.966,138.966,117.839,111.958,135.305,142.181,134.559,134.164
716.5,118.724,99.027,138.932,117.745,112.061,135.341,142.119,134.559,134.236
716.6,118.724,99.027,138.966,117.792,112.112,135.376,142.15,134.559,134.2
716.7,118.678,99.027,138.866,117.792,112.112,135.305,142.181,134.559,134.272
716.8,118.77,99.027,139.032,117.839,112.163,135.341,142.15,134.559,134.236
716.9,118.724,99.088,138.866,117.792,112.112,135.341,142.15,134.594,134.272
717.0,118.77,99.211,138.966,117.792,112.214,135.305,142.15,134.594,134.236
717.1,118.817,99.15,139.032,117.886,112.214,135.341,142.15,134.594,134.308
717.2,118.817,99.088,138.999,117.886,112.214,135.341,142.087,134.594,134.272
717.3,118.863,99.211,138.966,117.886,112.265,135.341,142.181,134.594,134.272
717.4,118.863,99.211,138.966,117.886,112.265,135.341,142.15,134.559,134.272
717.5,118.817,99.272,138.966,117.932,112.316,135.341,142.181,134.666,134.272
717.6,118.817,99.333,138.999,117.979,112.417,135.305,142.119,134.594,134.272
717.7,118.863,99.272,138.966,118.026,112.417,135.341,142.15,134.63,134.272
717.8,118.863,99.333,139.032,117.979,112.519,135.341,142.181,134.63,134.272
717.9,118.863,99.333,138.999,117.932,112.417,135.305,142.15,134.666,134.272
718.0,118.863,99.394,138.999,118.073,112.62,135.376,142.15,134.559,134.343
718.1,118.909,99.394,138.966,118.073,112.671,135.199,142.15,134.666,134.308
718.2,118.955,99.515,139.065,118.073,112.671,135.376,142.181,134.63,134.272
718.3,118.955,99.515,138.999,118.073,112.722,135.341,142.119,134.63,134.379
718.4,118.955,99.455,139.032,118.12,112.722,135.305,142.15,134.63,134.308
718.5,119.001,99.515,138.999,118.12,112.873,135.376,142.15,134.63,134.308
718.6,119.001,99.637,139.032,118.166,112.924,135.341,142.15,134.594,134.343
718.7,119.047,99.758,139.032,118.213,112.924,135.341,142.181,134.702,134.343
718.8,119.047,99.698,138.966,118.213,113.025,135.341,142.181,134.666,134.308
718.9,119.047,99.698,139.032,118.26,112.974,135.341,142.119,134.666,134.343
719.0,119.093,99.758,138.999,118.306,113.125,135.341,142.15,134.737,134.343
719.1,119.139,99.819,138.999,118.353,113.125,135.341,142.15,134.702,134.379
719.2,119.093,99.758,138.999,118.306,113.176,135.376,142.15,134.702,134.343
719.3,119.093,99.819,138.966,118.26,113.176,135.376,142.15,134.737,134.379
719.4,119.185,99.88,138.999,118.306,113.226,135.411,142.244,134.737,134.379
719.5,119.139,99.88,138.999,118.353,113.377,135.341,142.15,134.737,134.379
719.6,119.185,99.94,138.932,118.353,113.326,135.376,142.15,134.737,134.415
719.7,119.139,100.0,139.065,118.353,113.326,135.341,142.181,134.737,134.343
719.8,119.185,100.061,138.999,118.399,113.427,135.376,142.15,134.702,134.379
719.9,119.277,100.0,138.999,118.399,113.377,135.341,142.306,134.737,134.415
720.0,119.185,100.061,139.032,118.446,113.477,135.376,142.15,134.737,134.379
720.1,119.231,100.061,139.065,118.492,113.577,135.411,142.181,134.737,134.415
720.2,119.277,100.061,139.032,118.399,113.577,135.341,142.15,134.773,134.451
720.3,119.231,100.182,138.999,118.585,113.627,135.411,142.119,134.773,134.379
720.4,119.323,100.182,139.065,118.631,113.677,135.376,142.15,134.737,134.415
720.5,119.277,100.182,138.999,118.539,113.727,135.341,142.119,134.737,134.415
720.6,119.323,100.302,139.032,118.585,113.777,135.376,142.119,134.702,134.451
720.7,119.323,100.242,139.032,118.631,113.727,135.376,142.119,134.773,134.451
720.8,119.323,100.362,139.032,118.585,113.826,135.341,142.181,134.773,134.415
720.9,119.323,100.362,139.032,118.678,113.876,135.376,142.119,134.737,134.415
721.0,119.369,100.362,138.999,118.678,113.876,135.341,142.15,134.773,134.523
721.1,119.369,100.422,139.032,118.678,113.876,135.341,142.181,134.809,134.415
721.2,119.415,100.422,138.999,118.678,113.926,135.376,142.15,134.702,134.451
721.3,119.369,100.542,139.032,118.724,114.025,135.376,142.181,134.809,134.451
721.4,119.415,100.482,138.999,118.678,114.075,135.376,142.119,134.844,134.487
721.5,119.415,100.542,138.999,118.724,114.125,135.411,142.181,134.773,134.451
721.6,119.461,100.542,139.032,118.724,114.075,135.376,142.15,134.773,134.487
721.7,119.415,100.542,139.032,118.77,114.174,135.376,142.181,134.844,134.487
721.8,119.461,100.602,138.999,118.77,114.174,135.376,142.15,134.88,134.487
721.9,119.506,100.662,138.999,118.817,114.174,135.411,142.181,134.844,134.487
722.0,119.506,100.602,138.999,118.817,114.323,135.376,142.181,134.773,134.487
722.1,119.506,100.662,139.065,118.909,114.372,135.411,142.119,134.809,134.451
722.2,119.643,100.782,139.032,118.863,114.421,135.376,142.181,134.773,134.559
722.3,119.552,100.842,138.999,118.863,114.372,135.376,142.244,134.844,134.594
722.4,119.598,100.782,139.032,118.909,114.471,135.411,142.15,134.844,134.523
722.5,119.552,100.902,139.065,118.909,114.569,135.341,142.15,134.844,134.523
722.6,119.598,100.782,139.065,119.001,114.569,135.376,142.119,134.773,134.523
722.7,119.598,100.842,139.032,118.955,114.668,135.411,142.15,134.88,134.523
722.8,119.552,101.08,138.932,119.001,114.619,135.411,142.15,134.844,134.523
722.9,119.598,100.961,139.065,118.955,114.668,135.411,142.181,134.88,134.559
723.0,119.643,101.021,139.032,119.001,114.766,135.411,142.15,134.844,134.594
723.1,119.643,101.14,139.032,119.001,114.815,135.411,142.181,134.915,134.559
723.2,119.643,101.021,139.032,119.047,114.913,135.447,142.15,134.88,134.559
723.3,119.689,101.2,139.065,119.139,115.011,135.447,142.181,134.88,134.559
723.4,119.689,101.259,139.098,119.231,114.962,135.482,142.181,134.88,134.594
723.5,119.78,101.259,138.966,119.231,115.06,135.482,142.212,134.915,134.63
723.6,119.78,101.378,138.999,119.277,115.109,135.411,142.15,134.915,134.559
723.7,119.78,101.318,138.999,119.231,115.158,135.411,142.15,134.951,134.594
723.8,119.826,101.378,139.032,119.185,115.207,135.376,142.181,134.915,134.666
723.9,119.871,101.378,139.032,119.231,115.207,135.411,142.15,134.915,134.63
724.0,119.78,101.437,138.999,119.231,115.256,135.447,142.181,134.88,134.559
724.1,119.871,101.496,139.032,119.231,115.256,135.411,142.181,134.915,134.63
724.2,119.871,101.437,139.032,119.277,115.402,135.447,142.15,134.915,134.594
724.3,119.78,101.496,139.032,119.277,115.402,135.411,142.181,134.915,134.63
724.4,119.917,101.496,139.032,119.323,115.402,135.411,142.15,134.88,134.594
724.5,119.826,101.496,138.999,119.323,115.45,135.411,142.181,134.915,134.63
724.6,119.871,101.496,139.032,119.323,115.45,135.447,142.15,134.987,134.63
724.7,119.871,101.615,139.032,119.369,115.596,135.411,142.15,134.951,134.594
724.8,119.962,101.674,139.065,119.323,115.548,135.411,142.212,134.915,134.63
724.9,119.917,101.674,139.032,119.369,115.596,135.411,142.181,134.987,134.594
725.0,119.962,101.674,139.032,119.415,115.693,135.482,142.181,134.951,134.702
725.1,120.007,101.792,139.032,119.461,115.693,135.447,142.119,134.987,134.666
725.2,119.962,101.792,139.065,119.415,115.79,135.447,142.15,134.987,134.63
725.3,119.962,101.851,138.999,119.461,115.887,135.447,142.181,134.987,134.702
725.4,119.962,101.851,139.032,119.506,115.838,135.447,142.181,134.915,134.666
725.5,120.007,101.851,139.032,119.461,115.935,135.482,142.212,134.915,134.702
725.6,119.962,101.91,139.032,119.506,115.935,135.411,142.181,135.058,134.666
725.7,120.053,101.969,139.032,119.552,115.935,135.447,142.119,135.022,134.666
725.8,120.007,101.969,139.032,119.506,115.935,135.411,142.181,135.058,134.666
725.9,120.144,102.086,139.032,119.552,116.031,135.447,142.212,135.022,134.702
726.0,120.098,102.028,138.999,119.643,116.08,135.482,142.181,134.987,134.702
726.1,120.053,102.086,138.999,119.552,115.983,135.411,142.15,135.022,134.702
726.2,120.098,102.086,139.065,119.643,116.031,135.447,142.087,134.987,134.702
726.3,120.053,102.145,139.098,119.598,116.176,135.517,142.15,135.022,134.702
726.4,120.098,102.145,138.999,119.598,116.176,135.517,142.181,135.022,134.809
726.5,120.098,102.204,138.999,119.689,116.176,135.447,142.212,134.987,134.773
726.6,120.189,102.204,139.065,119.643,116.224,135.447,142.181,135.058,134.702
726.7,120.098,102.262,139.032,119.689,116.272,135.517,142.15,135.058,134.773
726.8,120.189,102.321,139.032,119.735,116.368,135.447,142.212,135.058,134.737
726.9,120.144,102.321,138.966,119.689,116.368,135.482,142.181,135.058,134.702
727.0,120.098,102.38,138.999,119.78,116.416,135.447,142.181,135.093,134.773
727.1,120.189,102.38,139.065,119.78,116.464,135.447,142.15,135.058,134.737
727.2,120.189,102.438,139.032,119.78,116.464,135.482,142.181,135.093,134.737
727.3,120.234,102.438,139.065,119.826,116.512,135.482,142.181,135.058,134.737
727.4,120.234,102.497,139.065,119.78,116.56,135.482,142.181,135.058,134.737
727.5,120.189,102.497,139.032,119.78,116.56,135.482,142.181,135.058,134.773
727.6,120.234,102.555,139.065,119.78,116.703,135.447,142.244,135.058,134.773
727.7,120.279,102.613,139.032,119.78,116.751,135.447,142.181,135.093,134.773
727.8,120.324,102.613,139.032,119.78,116.751,135.482,142.244,135.058,134.773
727.9,120.279,102.672,139.032,119.871,116.846,135.411,142.212,135.093,134.737
728.0,120.37,102.73,139.032,119.871,116.798,135.447,142.181,135.129,134.809
728.1,120.324,102.73,139.065,119.871,116.894,135.482,142.181,135.129,134.809
728.2,120.324,102.73,139.032,119.871,116.941,135.482,142.181,135.093,134.773
728.3,120.37,102.788,139.065,120.007,116.941,135.447,142.15,135.093,134.809
728.4,120.37,102.846,139.065,119.917,117.036,135.482,142.087,135.129,134.773
728.5,120.37,102.846,139.065,119.962,116.941,135.482,142.212,135.093,134.809
728.6,120.415,102.904,139.032,120.007,117.036,135.482,142.181,135.093,134.773
728.7,120.37,102.846,139.032,119.962,117.084,135.482,142.15,135.164,134.809
728.8,120.415,102.904,139.032,119.962,117.084,135.517,142.212,135.129,134.809
728.9,120.415,102.963,139.065,120.007,117.084,135.482,142.181,135.129,134.809
729.0,120.415,102.963,139.032,119.962,117.179,135.482,142.15,135.129,134.88
729.1,120.415,102.963,139.032,120.053,117.179,135.517,142.244,135.129,134.844
729.2,120.46,103.079,139.098,120.098,117.226,135.482,142.181,135.129,134.809
729.3,120.46,103.079,139.032,120.098,117.273,135.482,142.212,135.129,134.773
729.4,120.415,103.079,139.032,120.098,117.321,135.482,142.181,135.164,134.844
729.5,120.46,103.079,139.032,120.144,117.321,135.517,142.244,135.164,134.844
729.6,120.505,103.195,139.032,120.098,117.415,135.517,142.212,135.129,134.88
729.7,120.505,103.252,139.065,120.189,117.462,135.482,142.181,135.164,134.88
729.8,120.505,103.31,138.999,120.234,117.509,135.517,142.119,135.164,134.844
729.9,120.64,103.31,139.098,120.189,117.557,135.517,142.181,135.164,134.88
730.0,120.55,103.368,139.032,120.189,117.604,135.482,142.181,135.093,134.844
730.1,120.55,103.368,139.065,120.234,117.651,135.517,142.212,135.164,134.88
730.2,120.64,103.368,139.065,120.189,117.651,135.482,142.212,135.164,134.88
730.3,120.595,103.31,138.999,120.234,117.651,135.517,142.181,135.199,134.915
730.4,120.595,103.368,139.065,120.189,117.651,135.482,142.181,135.235,134.88
730.5,120.64,103.483,139.098,120.324,117.792,135.587,142.181,135.199,134.88
730.6,120.595,103.541,139.098,120.189,117.745,135.587,142.181,135.199,134.88
730.7,120.64,103.541,139.032,120.324,117.839,135.517,142.212,135.199,134.915
730.8,120.64,103.541,139.032,120.279,117.839,135.517,142.15,135.235,135.022
730.9,120.595,103.599,139.032,120.279,117.839,135.482,142.181,135.199,134.88
731.0,120.64,103.656,139.065,120.37,117.886,135.552,142.181,135.199,134.915
731.1,120.73,103.656,139.032,120.324,117.932,135.482,142.181,135.235,134.915
731.2,120.64,103.714,138.999,120.324,117.979,135.482,142.15,135.199,134.951
731.3,120.685,103.829,138.999,120.324,118.026,135.517,142.181,135.235,134.88
731.4,120.73,103.771,139.065,120.37,118.026,135.482,142.212,135.235,134.951
731.5,120.64,103.829,139.065,120.415,118.12,135.552,142.181,135.305,134.915
731.6,120.73,103.829,139.065,120.415,118.166,135.517,142.181,135.235,134.915
731.7,120.73,103.829,139.098,120.46,118.166,135.517,142.244,135.235,134.951
731.8,120.73,103.829,139.032,120.46,118.26,135.517,142.119,135.235,134.987
731.9,120.73,103.943,139.065,120.415,118.26,135.517,142.275,135.27,134.987
732.0,120.775,103.886,138.999,120.46,118.306,135.517,142.212,135.199,134.951
732.1,120.685,104.0,139.098,120.505,118.306,135.587,142.181,135.235,134.951
732.2,120.864,104.0,139.065,120.505,118.399,135.552,142.181,135.235,134.951
732.3,120.819,104.058,139.098,120.55,118.446,135.517,142.181,135.235,134.987
732.4,120.954,104.058,139.098,120.505,118.353,135.623,142.181,135.235,134.951
732.5,120.775,104.058,138.999,120.55,118.492,135.517,142.181,135.27,134.951
732.6,120.819,104.172,139.032,120.55,118.492,135.517,142.181,135.199,134.987
732.7,120.819,104.115,139.098,120.55,118.539,135.517,142.181,135.27,134.951
732.8,120.819,104.172,139.065,120.505,118.585,135.552,142.181,135.27,134.951
732.9,120.819,104.172,139.098,120.55,118.492,135.552,142.212,135.27,134.987
733.0,120.954,104.343,139.032,120.595,118.585,135.587,142.212,135.27,134.915
733.1,120.864,104.286,138.866,120.595,118.631,135.517,142.15,135.305,135.022
733.2,120.864,104.286,139.032,120.64,118.631,135.517,142.15,135.27,134.987
733.3,120.909,104.343,139.065,120.64,118.77,135.552,142.212,135.305,134.987
733.4,120.909,104.457,139.065,120.64,118.724,135.447,142.244,135.341,135.058
733.5,120.864,104.4,139.065,120.685,118.77,135.623,142.212,135.341,135.022
733.6,120.998,104.457,139.065,120.64,118.77,135.552,142.181,135.27,135.022
733.7,120.909,104.457,139.065,120.685,118.909,135.552,142.181,135.305,135.058
733.8,120.954,104.628,139.098,120.685,118.909,135.587,142.181,135.305,135.022
733.9,120.909,104.514,139.032,120.685,118.863,135.517,142.181,135.341,135.022
734.0,120.954,104.571,139.098,120.864,118.955,135.552,142.181,135.341,135.058
734.1,120.998,104.571,139.065,120.685,119.001,135.552,142.181,135.27,135.022
734.2,120.954,104.628,139.065,120.73,119.001,135.587,142.212,135.305,135.058
734.3,120.954,104.684,139.065,120.73,119.139,135.587,142.15,135.235,135.022
734.4,120.998,104.684,139.098,120.73,119.093,135.552,142.212,135.305,135.093
734.5,121.043,104.741,139.032,120.819,119.139,135.552,142.212,135.341,135.022
734.6,121.043,104.741,139.032,120.819,119.093,135.552,142.15,135.341,135.022
734.7,120.998,104.854,139.131,120.775,119.231,135.552,142.212,135.341,135.022
734.8,121.043,104.741,139.098,120.775,119.185,135.552,142.181,135.305,135.058
734.9,121.088,104.798,139.032,120.819,119.231,135.552,142.212,135.341,135.093
735.0,120.998,104.798,139.098,120.819,119.231,135.552,142.212,135.341,135.022
735.1,121.132,104.854,139.065,120.819,119.323,135.587,142.181,135.341,135.058
735.2,121.043,104.967,139.032,120.909,119.277,135.552,142.212,135.305,135.058
735.3,121.132,104.911,139.032,120.73,119.369,135.587,142.244,135.411,135.093
735.4,121.088,104.911,139.098,120.864,119.369,135.587,142.181,135.376,135.058
735.5,121.088,105.024,139.098,120.909,119.415,135.587,142.212,135.341,135.058
735.6,121.132,105.024,139.098,120.909,119.323,135.552,142.181,135.376,135.093
735.7,121.177,105.137,139.098,120.998,119.506,135.587,142.181,135.411,135.129
735.8,121.088,105.137,139.164,120.864,119.552,135.587,142.212,135.341,135.093
735.9,121.132,105.137,139.032,120.954,119.643,135.658,142.181,135.376,135.093
736.0,121.177,105.249,139.032,120.954,119.689,135.623,142.181,135.27,135.093
736.1,121.132,105.306,139.065,121.043,119.735,135.587,142.181,135.376,135.129
736.2,121.132,105.249,139.098,120.998,119.78,135.587,142.212,135.376,135.129
736.3,121.132,105.362,139.098,120.998,119.78,135.587,142.181,135.411,135.093
736.4,121.177,105.362,139.098,120.998,119.826,135.587,142.212,135.376,135.129
736.5,121.222,105.474,139.065,121.043,119.826,135.587,142.15,135.411,135.129
736.6,121.222,105.474,139.065,121.043,119.917,135.623,142.212,135.411,135.129
736.7,121.222,105.418,139.098,121.088,119.826,135.587,142.212,135.376,135.129
736.8,121.311,105.362,139.098,121.088,119.871,135.587,142.244,135.411,135.129
736.9,121.177,105.474,139.065,120.998,119.917,135.552,142.181,135.411,135.129
737.0,121.266,105.53,139.098,121.132,119.962,135.623,142.212,135.447,135.129
737.1,121.266,105.53,139.065,121.132,119.962,135.552,142.181,135.411,135.164
737.2,121.355,105.586,139.065,121.088,120.007,135.587,142.212,135.341,135.093
737.3,121.311,105.642,139.032,121.088,120.053,135.623,142.181,135.411,135.199
737.4,121.177,105.754,139.065,121.088,120.053,135.587,142.244,135.447,135.129
737.5,121.355,105.754,139.032,121.177,120.144,135.623,142.212,135.447,135.164
737.6,121.311,105.754,139.032,121.132,120.189,135.623,142.181,135.482,135.164
737.7,121.311,105.698,139.098,121.222,120.324,135.623,142.181,135.517,135.129
737.8,121.355,105.866,139.032,121.222,120.37,135.623,142.181,135.447,135.199
737.9,121.355,105.81,139.065,121.177,120.279,135.623,142.212,135.482,135.164
738.0,121.399,105.922,139.098,121.222,120.279,135.623,142.212,135.447,135.199
738.1,121.355,105.922,139.098,121.222,120.415,135.587,142.212,135.447,135.235
738.2,121.355,105.922,139.032,121.177,120.37,135.623,142.212,135.482,135.199
738.3,121.399,105.977,139.098,121.266,120.324,135.623,142.119,135.517,135.199
738.4,121.399,105.977,139.065,121.266,120.46,135.623,142.212,135.482,135.199
738.5,121.399,106.033,139.065,121.311,120.505,135.623,142.181,135.482,135.235
738.6,121.444,106.033,139.098,121.311,120.55,135.587,142.212,135.447,135.199
738.7,121.444,106.033,139.098,121.311,120.55,135.623,142.212,135.447,135.199
738.8,121.488,106.144,139.131,121.355,120.55,135.623,142.181,135.482,135.199
738.9,121.488,106.033,139.065,121.311,120.595,135.623,142.212,135.517,135.27
739.0,121.488,106.144,139.098,121.355,120.64,135.623,142.244,135.447,135.235
739.1,121.444,106.366,139.131,121.311,120.64,135.658,142.212,135.482,135.199
739.2,121.488,106.2,139.098,121.311,120.64,135.623,142.212,135.447,135.235
739.3,121.488,106.422,139.131,121.399,120.73,135.587,142.212,135.482,135.235
739.4,121.488,106.311,139.065,121.399,120.775,135.623,142.181,135.552,135.199
739.5,121.533,106.311,139.065,121.399,120.775,135.623,142.181,135.517,135.235
739.6,121.533,106.422,139.065,121.399,120.819,135.623,142.212,135.517,135.235
739.7,121.577,106.366,139.098,121.399,120.864,135.623,142.212,135.482,135.199
739.8,121.533,106.422,139.032,121.444,121.043,135.623,142.244,135.552,135.27
739.9,121.577,106.477,139.065,121.444,120.954,135.623,142.244,135.587,135.27
740.0,121.621,106.532,139.098,121.488,120.954,135.693,142.212,135.552,135.235
740.1,121.621,106.532,139.098,121.488,121.043,135.623,142.15,135.517,135.27
740.2,121.577,106.643,139.098,121.533,121.088,135.658,142.212,135.517,135.235
740.3,121.621,106.698,139.065,121.577,121.088,135.623,142.212,135.552,135.305
740.4,121.621,106.643,139.098,121.533,121.177,135.623,142.181,135.552,135.27
740.5,121.71,106.753,139.065,121.577,121.132,135.623,142.337,135.517,135.305
740.6,121.621,106.698,139.065,121.577,121.222,135.623,142.212,135.623,135.27
740.7,121.621,106.753,139.065,121.577,121.222,135.587,142.244,135.517,135.27
740.8,121.665,106.808,139.131,121.533,121.266,135.693,142.181,135.517,135.27
740.9,121.665,106.863,139.098,121.577,121.266,135.658,142.212,135.552,135.305
741.0,121.665,106.863,139.065,121.577,121.399,135.693,142.212,135.552,135.27
741.1,121.665,106.808,139.098,121.577,121.355,135.658,142.181,135.552,135.305
741.2,121.798,106.918,139.098,121.665,121.399,135.658,142.212,135.587,135.305
741.3,121.754,106.973,139.065,121.71,121.533,135.658,142.212,135.552,135.305
741.4,121.754,106.973,139.164,121.621,121.488,135.623,142.181,135.623,135.305
741.5,121.754,106.973,139.098,121.621,121.444,135.623,142.212,135.587,135.305
741.6,121.798,107.138,139.098,121.621,121.533,135.658,142.181,135.587,135.376
741.7,121.798,107.138,139.098,121.754,121.621,135.658,142.181,135.587,135.305
741.8,121.798,107.138,139.065,121.665,121.621,135.658,142.181,135.623,135.305
741.9,121.798,107.193,139.098,121.665,121.621,135.658,142.181,135.587,135.27
742.0,121.754,107.247,139.065,121.754,121.71,135.623,142.212,135.587,135.305
742.1,121.842,107.247,139.131,121.71,121.71,135.623,142.212,135.587,135.341
742.2,121.754,107.302,139.098,121.71,121.754,135.693,142.181,135.587,135.376
742.3,121.754,107.357,139.065,121.754,121.798,135.658,142.181,135.587,135.341
742.4,121.798,107.357,139.098,121.754,121.842,135.658,142.212,135.623,135.341
742.5,121.798,107.411,139.131,121.798,121.842,135.693,142.244,135.623,135.376
742.6,121.798,107.466,139.065,121.754,121.842,135.693,142.212,135.587,135.376
742.7,121.886,107.466,138.999,121.886,121.974,135.693,142.212,135.623,135.341
742.8,121.886,107.521,139.131,121.798,122.062,135.658,142.181,135.623,135.411
742.9,121.886,107.575,139.098,121.842,122.062,135.658,142.244,135.517,135.376
743.0,121.886,107.63,139.098,121.842,122.106,135.658,142.212,135.623,135.376
743.1,121.93,107.738,139.098,121.842,122.106,135.658,142.181,135.658,135.376
743.2,121.886,107.63,139.098,121.93,122.194,135.728,142.212,135.693,135.376
743.3,121.886,107.684,139.098,121.93,122.15,135.693,142.244,135.658,135.376
743.4,121.886,107.738,139.098,121.93,122.194,135.658,142.212,135.658,135.341
743.5,121.93,107.793,139.065,121.93,122.282,135.693,142.181,135.658,135.376
743.6,121.974,107.738,139.098,121.974,122.238,135.693,142.15,135.658,135.376
743.7,121.974,107.901,139.098,121.886,122.326,135.658,142.15,135.693,135.411
743.8,121.974,107.847,139.098,121.974,122.326,135.693,142.181,135.693,135.411
743.9,121.974,107.901,139.164,121.93,122.369,135.728,142.212,135.693,135.411
744.0,121.974,107.901,139.098,121.93,122.369,135.693,142.181,135.658,135.411
744.1,121.974,107.955,139.098,121.93,122.413,135.693,142.212,135.658,135.447
744.2,122.062,107.955,139.131,122.018,122.457,135.693,142.212,135.658,135.376
744.3,122.018,108.01,139.098,121.974,122.457,135.728,142.212,135.658,135.411
744.4,122.062,108.064,139.131,122.062,122.457,135.693,142.181,135.658,135.482
744.5,122.018,108.118,139.065,122.062,122.5,135.693,142.181,135.693,135.447
744.6,122.106,108.172,139.065,122.018,122.588,135.728,142.212,135.658,135.447
744.7,122.062,108.28,139.098,122.062,122.675,135.693,142.181,135.693,135.482
744.8,122.062,108.28,139.23,122.018,122.718,135.763,142.212,135.763,135.482
744.9,122.106,108.28,139.164,122.062,122.718,135.728,142.244,135.693,135.517
745.0,122.15,108.334,139.131,122.106,122.805,135.728,142.181,135.693,135.447
745.1,122.106,108.388,139.098,122.106,122.762,135.693,142.244,135.693,135.447
745.2,122.106,108.388,139.098,122.106,122.805,135.658,142.181,135.658,135.482
745.3,122.15,108.495,139.098,122.15,122.892,135.763,142.275,135.693,135.482
745.4,122.15,108.603,139.131,122.15,122.805,135.693,142.212,135.763,135.482
745.5,122.15,108.603,139.164,122.282,122.849,135.693,142.212,135.763,135.482
745.6,122.238,108.549,139.098,122.15,123.022,135.693,142.181,135.728,135.482
745.7,122.15,108.657,139.131,122.15,122.936,135.728,142.181,135.728,135.482
745.8,122.194,108.657,139.131,122.194,122.979,135.728,142.244,135.728,135.447
745.9,122.15,108.71,139.131,122.238,123.066,135.728,142.181,135.763,135.517
746.0,122.194,108.71,139.098,122.194,123.066,135.728,142.212,135.728,135.482
746.1,122.194,108.71,139.164,122.238,123.109,135.728,142.212,135.728,135.623
746.2,122.238,108.71,139.131,122.238,123.152,135.728,142.212,135.728,135.482
746.3,122.238,108.764,139.065,122.194,123.152,135.728,142.244,135.728,135.552
746.4,122.238,108.871,139.098,122.238,123.195,135.693,142.244,135.798,135.552
746.5,122.238,108.817,139.164,122.326,123.282,135.728,142.275,135.763,135.482
746.6,122.282,109.031,139.065,122.238,123.282,135.728,142.244,135.728,135.482
746.7,122.282,108.817,139.065,122.238,123.238,135.728,142.212,135.763,135.552
746.8,122.282,108.871,139.131,122.282,123.238,135.728,142.212,135.763,135.552
746.9,122.238,108.871,139.164,122.282,123.325,135.728,142.244,135.763,135.482
747.0,122.282,108.978,139.098,122.369,123.325,135.728,142.212,135.763,135.658
747.1,122.282,108.978,139.098,122.282,123.497,135.728,142.119,135.798,135.552
747.2,122.326,109.085,139.098,122.369,123.411,135.728,142.275,135.798,135.517
747.3,122.326,109.138,139.164,122.326,123.454,135.798,142.212,135.763,135.552
747.4,122.369,109.191,139.098,122.369,123.583,135.728,142.212,135.868,135.517
747.5,122.326,109.138,139.098,122.369,123.583,135.728,142.212,135.763,135.552
747.6,122.369,109.191,139.131,122.326,123.497,135.728,142.212,135.763,135.552
747.7,122.282,109.244,139.065,122.369,123.54,135.833,142.181,135.833,135.623
747.8,122.369,109.244,139.098,122.369,123.669,135.728,142.181,135.798,135.517
747.9,122.413,109.298,139.098,122.369,123.583,135.728,142.244,135.798,135.587
748.0,122.369,109.298,139.131,122.413,123.626,135.798,142.306,135.763,135.658
748.1,122.413,109.351,139.131,122.413,123.669,135.728,142.212,135.833,135.517
748.2,122.326,109.404,139.131,122.457,123.711,135.763,142.212,135.763,135.552
748.3,122.5,109.457,139.131,122.413,123.711,135.728,142.181,135.798,135.587
748.4,122.413,109.457,139.098,122.413,123.797,135.728,142.244,135.798,135.623
748.5,122.369,109.404,139.197,122.544,123.754,135.763,142.212,135.833,135.587
748.6,122.457,109.404,139.098,122.5,123.797,135.658,142.275,135.798,135.482
748.7,122.413,109.51,139.098,122.544,123.84,135.728,142.212,135.798,135.623
748.8,122.457,109.616,139.098,122.457,123.883,135.763,142.275,135.833,135.623
748.9,122.5,109.669,139.164,122.413,123.883,135.763,142.212,135.833,135.587
749.0,122.5,109.669,139.131,122.5,123.968,135.728,142.212,135.833,135.587
749.1,122.5,109.722,139.098,122.588,124.096,135.728,142.275,135.798,135.623
749.2,122.457,109.775,139.098,122.544,124.011,135.763,142.212,135.833,135.587
749.3,122.544,109.88,139.131,122.544,124.138,135.728,142.212,135.833,135.658
749.4,122.544,109.88,139.065,122.457,124.181,135.833,142.212,135.868,135.623
749.5,122.631,109.933,139.131,122.588,124.223,135.728,142.275,135.833,135.623
749.6,122.588,109.985,139.098,122.588,124.308,135.763,142.212,135.833,135.658
749.7,122.588,109.933,139.098,122.631,124.223,135.763,142.181,135.903,135.623
749.8,122.588,110.038,139.098,122.631,124.393,135.763,142.212,135.833,135.623
749.9,122.544,109.985,139.131,122.588,124.266,135.763,142.244,135.833,135.658
750.0,122.588,110.038,139.131,122.675,124.308,135.763,142.212,135.833,135.587
750.1,122.544,110.091,139.098,122.588,124.351,135.763,142.212,135.868,135.658
750.2,122.631,110.143,139.131,122.631,124.436,135.763,142.15,135.868,135.658
750.3,122.631,110.143,139.098,122.631,124.393,135.763,142.212,135.763,135.623
750.4,122.588,110.196,139.098,122.675,124.351,135.763,142.212,135.903,135.623
750.5,122.631,110.143,139.098,122.631,124.351,135.763,142.212,135.868,135.623
750.6,122.631,110.196,139.065,122.675,124.436,135.763,142.212,135.868,135.658
750.7,122.631,110.248,139.131,122.675,124.478,135.728,142.244,135.833,135.658
750.8,122.675,110.248,139.164,122.718,124.52,135.763,142.275,135.903,135.623
750.9,122.675,110.248,139.131,122.675,124.478,135.763,142.244,135.833,135.623
751.0,122.675,110.301,139.098,122.718,124.605,135.798,142.212,135.903,135.658
751.1,122.675,110.301,139.131,122.675,124.436,135.763,142.181,135.903,135.658
751.2,122.675,110.405,139.131,122.675,124.647,135.658,142.212,135.833,135.658
751.3,122.588,110.405,139.098,122.718,124.605,135.763,142.244,135.903,135.693
751.4,122.675,110.458,139.131,122.631,124.647,135.763,142.212,135.973,135.658
751.5,122.675,110.51,139.098,122.762,124.689,135.833,142.212,135.938,135.693
751.6,122.718,110.51,139.131,122.805,124.731,135.763,142.244,135.903,135.693
751.7,122.718,110.562,139.131,122.805,124.731,135.763,142.212,135.903,135.658
751.8,122.762,110.615,139.131,122.805,124.816,135.763,142.244,135.868,135.658
751.9,122.718,110.615,139.131,122.762,124.816,135.798,142.244,135.903,135.693
752.0,122.762,110.615,139.164,122.849,124.9,135.728,142.212,135.903,135.693
752.1,122.805,110.719,139.098,122.805,124.9,135.763,142.181,135.903,135.763
752.2,122.718,110.771,139.131,122.849,124.942,135.868,142.212,135.938,135.728
752.3,122.675,110.719,139.131,122.805,124.858,135.798,142.181,135.938,135.693
752.4,122.762,110.719,139.164,122.805,124.984,135.763,142.244,135.938,135.693
752.5,122.805,110.771,139.164,122.718,124.984,135.763,142.212,135.938,135.728
752.6,122.762,110.823,139.098,122.892,124.984,135.798,142.212,135.938,135.728
752.7,122.805,110.927,139.098,122.892,124.984,135.763,142.212,135.938,135.728
752.8,122.849,111.031,139.098,122.892,125.11,135.798,142.212,135.903,135.728
752.9,122.805,110.979,139.098,122.892,125.151,135.798,142.212,135.938,135.728
753.0,122.805,110.979,139.098,122.892,125.11,135.798,142.212,135.938,135.763
753.1,122.892,111.031,139.197,122.936,125.193,135.798,142.181,135.973,135.798
753.2,122.936,111.083,139.197,122.936,125.193,135.763,142.212,135.973,135.728
753.3,122.892,111.134,139.131,122.936,125.319,135.798,142.212,135.973,135.763
753.4,122.892,111.134,139.131,122.936,125.277,135.868,142.244,135.973,135.798
753.5,122.849,111.186,139.164,123.066,125.235,135.798,142.212,135.973,135.833
753.6,122.849,111.186,139.131,122.979,125.319,135.763,142.212,135.973,135.798
753.7,122.936,111.186,139.197,122.979,125.319,135.798,142.212,135.973,135.763
753.8,122.936,111.29,139.131,122.936,125.319,135.763,142.244,136.008,135.763
753.9,122.979,111.29,139.098,122.979,125.36,135.763,142.244,135.938,135.763
754.0,122.892,111.29,139.23,122.979,125.319,135.798,142.244,135.973,135.833
754.1,122.936,111.29,139.098,123.066,125.402,135.798,142.244,136.008,135.763
754.2,122.936,111.29,139.164,122.979,125.402,135.798,142.244,135.973,135.763
754.3,122.936,111.29,139.164,122.979,125.485,135.798,142.181,136.008,135.763
754.4,122.979,111.341,139.131,123.022,125.485,135.868,142.244,135.973,135.798
754.5,122.979,111.393,139.131,123.022,125.527,135.833,142.244,136.043,135.763
754.6,122.979,111.496,139.131,123.022,125.485,135.798,142.275,136.008,135.763
754.7,122.892,111.548,139.131,123.066,125.569,135.798,142.275,136.043,135.763
754.8,123.022,111.702,139.131,123.066,125.652,135.798,142.244,136.008,135.798
754.9,123.022,111.599,139.164,123.109,125.569,135.798,142.337,136.008,135.798
755.0,122.936,111.65,139.131,123.152,125.61,135.833,142.244,136.008,135.763
755.1,122.979,111.599,139.131,123.066,125.652,135.833,142.244,136.008,135.798
755.2,122.979,111.753,139.164,123.152,125.693,135.798,142.244,136.043,135.763
755.3,123.022,111.702,139.131,123.109,125.693,135.798,142.181,136.008,135.798
755.4,123.066,111.753,139.131,123.109,125.776,135.833,142.244,136.043,135.798
755.5,123.022,111.805,139.131,123.152,125.776,135.798,142.244,136.008,135.833
755.6,123.109,111.856,139.131,123.152,125.776,135.798,142.212,136.008,135.798
755.7,123.066,111.856,139.131,123.152,125.859,135.833,142.244,136.008,135.868
755.8,123.109,111.907,139.131,123.238,125.942,135.833,142.212,136.008,135.833
755.9,123.066,111.907,139.131,123.152,125.942,135.833,142.212,136.043,135.833
756.0,123.066,112.009,139.131,123.282,125.942,135.833,142.244,136.008,135.868
756.1,123.109,112.061,139.131,123.195,125.983,135.833,142.212,136.078,135.798
756.2,123.109,112.061,139.131,123.238,126.024,135.798,142.275,135.938,135.868
756.3,123.109,112.061,139.131,123.238,126.107,135.868,142.212,136.043,135.868
756.4,123.109,112.061,139.131,123.238,126.107,135.833,142.212,136.043,135.833
756.5,123.195,112.163,139.197,123.238,126.148,135.833,142.212,136.008,135.798
756.6,123.152,112.163,139.131,123.282,126.107,135.833,142.212,136.078,135.868
756.7,123.152,112.163,139.164,123.282,126.148,135.833,142.275,136.043,135.833
756.8,123.238,112.214,139.131,123.238,126.148,135.833,142.212,136.043,135.903
756.9,123.109,112.366,139.164,123.282,126.189,135.833,142.244,136.112,135.833
757.0,123.195,112.316,139.131,123.325,126.231,135.868,142.212,136.078,135.868
757.1,123.238,112.366,139.164,123.282,126.231,135.868,142.244,136.078,135.903
757.2,123.195,112.366,139.164,123.325,126.272,135.903,142.212,136.112,135.868
757.3,123.195,112.468,139.131,123.325,126.313,135.868,142.244,136.043,135.868
757.4,123.195,112.417,139.164,123.368,126.354,135.833,142.212,136.112,135.868
757.5,123.195,112.468,139.131,123.325,126.354,135.833,142.244,136.112,135.833
757.6,123.195,112.468,139.131,123.282,126.272,135.868,142.244,136.078,135.868
757.7,123.195,112.519,139.164,123.325,126.395,135.868,142.244,136.147,135.903
757.8,123.195,112.57,139.131,123.368,126.436,135.833,142.244,136.078,135.903
757.9,123.282,112.671,139.098,123.368,126.518,135.833,142.275,136.112,135.903
758.0,123.238,112.62,139.164,123.411,126.559,135.903,142.212,136.182,135.868
758.1,123.282,112.62,139.164,123.325,126.477,135.833,142.244,136.043,135.868
758.2,123.238,112.722,139.131,123.454,126.6,135.833,142.212,136.112,135.938
758.3,123.282,112.772,139.032,123.411,126.559,135.833,142.212,136.078,135.903
758.4,123.282,112.772,139.164,123.411,126.6,135.833,142.275,136.112,135.798
758.5,123.325,112.823,139.131,123.411,126.641,135.868,142.306,136.147,135.973
758.6,123.325,112.823,139.164,123.411,126.641,135.833,142.212,136.078,135.903
758.7,123.368,112.823,139.131,123.411,126.641,135.833,142.275,136.112,135.938
758.8,123.325,112.873,139.164,123.497,126.641,135.868,142.337,136.112,135.973
758.9,123.368,112.873,139.164,123.497,126.845,135.868,142.244,136.112,135.938
759.0,123.368,112.924,139.131,123.454,126.763,135.868,142.275,136.112,135.973
759.1,123.325,112.873,139.131,123.497,126.763,135.833,142.244,136.112,135.833
759.2,123.325,112.974,139.098,123.497,126.763,135.833,142.212,136.182,135.973
759.3,123.411,113.025,139.131,123.54,126.804,135.833,142.306,136.147,135.903
759.4,123.368,113.025,139.164,123.454,126.804,135.868,142.212,136.112,135.938
759.5,123.368,113.025,139.164,123.497,126.804,135.868,142.275,136.147,135.973
759.6,123.282,113.075,139.131,123.497,126.845,135.868,142.275,136.112,135.938
759.7,123.325,113.125,139.164,123.497,126.926,135.833,142.244,136.112,135.903
759.8,123.368,113.125,139.164,123.583,126.926,135.798,142.212,136.217,135.973
759.9,123.411,113.176,139.131,123.54,126.967,135.868,142.306,136.078,135.938
760.0,123.411,113.226,139.131,123.583,126.926,135.868,142.244,136.147,135.973
760.1,123.454,113.226,139.164,123.497,127.007,135.868,142.244,136.147,135.973
760.2,123.454,113.226,139.164,123.54,127.048,135.973,142.244,136.182,136.008
760.3,123.497,113.377,139.098,123.497,127.089,135.903,142.244,136.112,135.973
760.4,123.454,113.326,139.164,123.583,127.007,135.868,142.119,136.147,135.938
760.5,123.411,113.377,139.164,123.583,126.926,135.868,142.275,136.182,136.008
760.6,123.497,113.427,139.131,123.583,127.089,135.903,142.212,136.217,136.008
760.7,123.497,113.477,139.164,123.626,127.17,135.868,142.15,136.182,135.973
760.8,123.497,113.527,139.131,123.583,127.251,135.868,142.181,136.182,135.973
760.9,123.497,113.577,139.164,123.583,127.21,135.868,142.275,136.182,136.008
761.0,123.454,113.477,139.164,123.669,127.251,135.903,142.181,136.217,136.043
761.1,123.497,113.627,139.131,123.626,127.251,135.903,142.275,136.182,136.043
761.2,123.497,113.627,139.131,123.626,127.21,135.868,142.275,136.147,136.008
761.3,123.54,113.577,139.164,123.669,127.251,135.833,142.212,136.112,135.973
761.4,123.583,113.677,139.164,123.669,127.332,135.868,142.244,136.182,136.008
761.5,123.583,113.627,139.131,123.669,127.332,135.868,142.181,136.147,136.008
761.6,123.583,113.677,139.197,123.711,127.332,135.868,142.244,136.182,135.973
761.7,123.54,113.727,139.164,123.711,127.372,135.903,142.181,136.147,136.008
761.8,123.54,113.727,139.164,123.711,127.372,135.903,142.244,136.182,136.008
761.9,123.583,113.777,139.164,123.711,127.493,135.938,142.212,136.182,136.008
762.0,123.583,113.876,139.197,123.669,127.453,135.938,142.275,136.217,136.112
762.1,123.626,113.876,139.164,123.669,127.493,135.903,142.212,136.182,136.008
762.2,123.669,113.926,139.164,123.797,127.533,135.938,142.244,136.252,135.973
762.3,123.626,113.926,139.164,123.797,127.614,135.868,142.306,136.217,136.043
762.4,123.626,113.976,139.131,123.797,127.574,135.903,142.275,136.252,136.043
762.5,123.669,114.025,139.164,123.797,127.574,135.868,142.244,136.182,136.008
762.6,123.669,114.025,139.197,123.797,127.574,135.868,142.244,136.217,136.043
762.7,123.626,114.025,139.098,123.797,127.614,135.868,142.244,136.252,136.043
762.8,123.626,114.125,139.131,123.754,127.614,135.903,142.212,136.217,136.008
762.9,123.669,114.174,139.131,123.754,127.654,135.903,142.275,136.252,136.078
763.0,123.669,114.174,139.23,123.797,127.654,135.903,142.244,136.286,136.008
763.1,123.669,114.125,139.131,123.797,127.694,135.903,142.181,136.286,136.043
763.2,123.754,114.125,139.164,123.84,127.734,135.903,142.244,136.217,136.043
763.3,123.711,114.174,139.164,123.883,127.734,135.903,142.244,136.252,136.043
763.4,123.669,114.224,139.164,123.84,127.815,135.903,142.244,136.217,136.078
763.5,123.669,114.323,139.131,123.84,127.775,135.903,142.244,136.252,136.112
763.6,123.797,114.323,139.197,123.84,127.855,135.868,142.244,136.252,136.147
763.7,123.754,114.372,139.164,123.84,127.855,135.903,142.212,136.217,136.043
763.8,123.797,114.421,139.197,123.883,127.975,135.868,142.212,136.252,136.043
763.9,123.711,114.471,139.197,123.883,127.895,135.973,142.244,136.286,136.078
764.0,123.84,114.471,139.164,123.883,127.935,135.938,142.212,136.252,136.112
764.1,123.754,114.471,139.197,123.925,128.015,135.903,142.244,136.252,136.078
764.2,123.754,114.52,139.23,123.925,128.015,135.903,142.275,136.286,136.078
764.3,123.754,114.471,139.197,123.925,127.975,135.938,142.275,136.286,136.112
764.4,123.84,114.52,139.164,123.883,128.015,135.903,142.275,136.217,136.078
764.5,123.754,114.619,139.23,123.883,128.015,135.903,142.212,136.252,136.147
764.6,123.754,114.668,139.164,123.968,128.055,135.868,142.275,136.252,136.043
764.7,123.797,114.619,139.131,123.925,128.055,135.903,142.212,136.286,136.043
764.8,123.797,114.619,139.197,123.925,128.095,135.903,142.212,136.286,136.112
764.9,123.797,114.619,139.197,124.011,128.095,136.008,142.275,136.252,136.078
765.0,123.797,114.668,139.164,123.968,128.095,135.903,142.212,136.286,136.112
765.1,123.797,114.766,139.164,123.968,128.175,135.938,142.212,136.286,136.078
765.2,123.797,114.766,139.197,124.011,128.175,135.938,142.275,136.252,136.078
765.3,123.883,114.815,139.164,124.011,128.214,135.938,142.244,136.321,136.112
765.4,123.883,114.717,139.164,124.011,128.254,135.903,142.244,136.286,136.112
765.5,123.84,114.864,139.164,124.011,128.254,135.868,142.244,136.286,136.112
765.6,123.84,114.913,139.164,124.011,128.254,135.973,142.212,136.286,136.008
765.7,123.883,114.864,139.131,124.011,128.294,135.973,142.244,136.286,136.147
765.8,123.925,114.913,139.164,124.011,128.334,135.903,142.275,136.252,136.112
765.9,123.925,114.962,139.164,124.011,128.254,135.938,142.244,136.321,136.078
766.0,123.84,115.06,139.098,124.011,128.334,135.938,142.275,136.321,136.147
766.1,123.797,115.011,139.164,124.011,128.374,135.938,142.244,136.425,136.043
766.2,123.883,115.06,139.197,124.053,128.374,135.903,142.306,136.321,136.112
766.3,123.925,115.158,139.131,124.011,128.453,135.903,142.244,136.321,136.078
766.4,123.925,115.109,139.164,124.053,128.413,135.938,142.212,136.321,136.147
766.5,123.925,115.256,139.164,124.096,128.453,135.973,142.244,136.321,136.182
766.6,123.925,115.158,139.164,124.053,128.413,135.973,142.244,136.321,136.112
766.7,123.968,115.158,139.131,124.053,128.493,135.938,142.275,136.321,136.112
766.8,123.925,115.207,139.164,124.053,128.532,135.903,142.275,136.356,136.078
766.9,123.925,115.256,139.197,124.011,128.572,135.938,142.275,136.286,136.147
767.0,124.011,115.256,139.164,124.138,128.572,135.938,142.244,136.321,136.112
767.1,123.925,115.402,139.296,124.096,128.612,135.938,142.244,136.321,136.147
767.2,123.968,115.402,139.197,124.181,128.572,135.938,142.244,136.425,136.182
767.3,123.968,115.353,139.197,124.181,128.691,135.938,142.244,136.321,136.182
767.4,124.011,115.45,139.164,124.138,128.73,135.903,142.244,136.356,136.147
767.5,124.011,115.45,139.197,124.138,128.691,135.973,142.244,136.321,136.147
767.6,124.011,115.45,139.197,124.138,128.73,135.938,142.275,136.356,136.182
767.7,123.968,115.499,139.164,124.181,128.73,135.938,142.275,136.321,136.147
767.8,123.883,115.548,139.164,124.138,128.73,135.938,142.244,136.321,136.182
767.9,124.011,115.548,139.164,124.181,128.849,135.938,142.244,136.356,136.147
768.0,124.053,115.596,139.164,124.181,128.77,135.938,142.15,136.39,136.182
768.1,124.053,115.645,139.164,124.223,128.849,135.973,142.306,136.39,136.182
768.2,124.096,115.645,139.197,124.308,128.967,135.938,142.275,136.356,136.147
768.3,124.011,115.693,139.197,124.223,128.888,135.903,142.275,136.356,136.217
768.4,124.096,115.79,139.197,124.223,128.888,135.938,142.212,136.425,136.182
768.5,124.096,115.79,139.164,124.223,128.927,135.938,142.275,136.356,136.217
768.6,124.053,115.742,139.23,124.223,128.888,135.938,142.244,136.39,136.182
768.7,124.053,115.79,139.164,124.223,128.888,136.008,142.275,136.425,136.217
768.8,124.053,115.742,139.164,124.223,128.888,135.973,142.244,136.425,136.182
768.9,124.096,115.838,139.23,124.266,128.967,136.008,142.244,136.356,136.217
769.0,124.096,115.935,139.164,124.266,129.006,135.938,142.275,136.356,136.217
769.1,124.096,115.887,139.164,124.266,129.006,135.973,142.275,136.425,136.217
769.2,124.138,115.887,139.164,124.266,129.045,135.938,142.306,136.39,136.217
769.3,124.138,115.983,139.197,124.266,129.124,135.973,142.275,136.39,136.252
769.4,124.181,115.983,139.23,124.308,129.085,135.938,142.275,136.39,136.217
769.5,124.181,115.983,139.164,124.266,129.085,135.938,142.275,136.39,136.217
769.6,124.181,116.031,139.164,124.308,129.045,135.973,142.212,136.39,136.182
769.7,124.181,115.983,139.164,124.266,129.163,135.938,142.244,136.46,136.252
769.8,124.138,116.08,139.23,124.351,129.124,135.973,142.244,136.39,136.147
769.9,124.181,116.128,139.164,124.478,129.202,135.903,142.306,136.46,136.286
770.0,124.138,116.128,139.23,124.308,129.202,135.973,142.244,136.39,136.217
770.1,124.181,116.224,139.23,124.308,129.241,135.973,142.244,136.425,136.321
770.2,124.223,116.224,139.197,124.266,129.241,135.938,142.244,136.425,136.252
770.3,124.223,116.224,139.164,124.393,129.32,136.008,142.275,136.46,136.252
770.4,124.223,116.32,139.197,124.308,129.241,135.938,142.244,136.425,136.252
770.5,124.266,116.272,139.164,124.393,129.32,135.973,142.244,136.39,136.217
770.6,124.266,116.32,139.164,124.393,129.359,136.043,142.275,136.39,136.252
770.7,124.266,116.368,139.164,124.351,129.359,135.973,142.244,136.46,136.252
770.8,124.266,116.368,139.164,124.436,129.398,135.973,142.244,136.425,136.252
770.9,124.223,116.512,139.164,124.393,129.398,135.938,142.275,136.425,136.286
771.0,124.266,116.464,139.131,124.436,129.398,135.973,142.212,136.425,136.286
771.1,124.266,116.416,139.197,124.351,129.476,135.973,142.212,136.425,136.217
771.2,124.266,116.464,139.197,124.308,129.437,136.008,142.244,136.46,136.286
771.3,124.308,116.512,139.263,124.436,129.515,135.973,142.275,136.425,136.252
771.4,124.308,116.512,139.164,124.478,129.554,135.973,142.275,136.46,136.286
771.5,124.308,116.56,139.197,124.478,129.515,135.973,142.244,136.46,136.286
771.6,124.266,116.607,139.197,124.436,129.515,135.973,142.212,136.46,136.252
771.7,124.351,116.751,139.164,124.436,129.593,135.973,142.244,136.46,136.286
771.8,124.308,116.655,139.197,124.478,129.632,135.973,142.275,136.46,136.286
771.9,124.266,116.751,139.164,124.478,129.632,135.973,142.244,136.425,136.252
772.0,124.351,116.703,139.197,124.478,129.632,136.008,142.244,136.46,136.182
772.1,124.351,116.751,139.164,124.52,129.671,135.938,142.275,136.46,136.321
772.2,124.351,116.846,139.164,124.478,129.671,136.008,142.212,136.46,136.286
772.3,124.351,116.894,139.197,124.478,129.71,135.973,142.244,136.529,136.252
772.4,124.393,116.846,139.197,124.52,129.749,136.008,142.306,136.46,136.321
772.5,124.351,116.846,139.23,124.52,129.71,135.973,142.275,136.425,136.252
772.6,124.308,116.941,139.23,124.52,129.787,135.973,142.275,136.494,136.286
772.7,124.436,116.894,139.197,124.562,129.749,135.973,142.244,136.46,136.286
772.8,124.393,116.941,139.164,124.52,129.787,135.973,142.275,136.46,136.321
772.9,124.351,116.894,139.263,124.52,129.749,135.938,142.244,136.494,136.252
773.0,124.436,116.989,139.164,124.52,129.826,135.973,142.244,136.494,136.321
773.1,124.393,116.941,139.197,124.562,129.826,136.008,142.244,136.494,136.356
773.2,124.393,116.989,139.23,124.562,129.865,135.973,142.306,136.529,136.356
773.3,124.351,117.036,139.197,124.562,129.865,136.008,142.275,136.46,136.321
773.4,124.436,117.084,139.197,124.605,129.904,135.938,142.181,136.46,136.356
773.5,124.436,117.084,139.23,124.562,129.904,135.973,142.275,136.494,136.286
773.6,124.436,117.084,139.296,124.562,129.904,135.973,142.244,136.46,136.321
773.7,124.478,117.084,139.197,124.605,129.904,135.973,142.244,136.494,136.286
773.8,124.436,117.179,139.197,124.689,129.981,135.973,142.306,136.425,136.321
773.9,124.478,117.179,139.197,124.605,130.02,136.043,142.244,136.529,136.321
774.0,124.478,117.273,139.164,124.689,130.02,135.973,142.275,136.494,136.321
774.1,124.478,117.273,139.164,124.647,130.02,136.008,142.275,136.46,136.321
774.2,124.478,117.273,139.164,124.647,130.097,135.868,142.275,136.529,136.321
774.3,124.478,117.321,139.197,124.731,130.097,136.008,142.244,136.529,136.321
774.4,124.52,117.368,139.164,124.605,130.058,136.008,142.275,136.46,136.356
774.5,124.478,117.321,139.263,124.647,130.097,136.008,142.244,136.529,136.286
774.6,124.52,117.368,139.197,124.647,130.097,136.008,142.244,136.564,136.321
774.7,124.52,117.415,139.164,124.689,130.136,135.938,142.306,136.46,136.356
774.8,124.52,117.462,139.23,124.689,130.174,135.973,142.244,136.529,136.356
774.9,124.52,117.462,139.197,124.647,130.213,135.973,142.306,136.529,136.321
775.0,124.562,117.651,139.197,124.689,130.213,135.973,142.306,136.494,136.39
775.1,124.562,117.509,139.23,124.689,130.251,136.008,142.306,136.529,136.356
775.2,124.562,117.557,139.197,124.731,130.251,136.008,142.275,136.529,136.356
775.3,124.605,117.604,139.197,124.647,130.251,135.973,142.275,136.564,136.39
775.4,124.562,117.651,139.197,124.731,130.29,136.008,142.275,136.564,136.356
775.5,124.605,117.651,139.197,124.731,130.367,136.008,142.244,136.564,136.39
775.6,124.562,117.792,139.197,124.731,130.367,136.043,142.306,136.494,136.39
775.7,124.52,117.792,139.131,124.731,130.405,136.008,142.306,136.494,136.356
775.8,124.52,117.839,139.197,124.773,130.444,135.973,142.212,136.598,136.39
775.9,124.647,117.792,139.23,124.731,130.405,136.008,142.337,136.564,136.39
776.0,124.689,117.886,139.23,124.773,130.444,136.008,142.244,136.529,136.425
776.1,124.605,117.932,139.23,124.816,130.559,136.008,142.275,136.564,136.39
776.2,124.605,117.979,139.164,124.773,130.559,136.078,142.275,136.564,136.39
776.3,124.647,117.886,139.131,124.816,130.52,136.008,142.181,136.564,136.39
776.4,124.647,117.979,139.197,124.816,130.482,136.217,142.275,136.598,136.425
776.5,124.689,118.026,139.23,124.816,130.559,136.008,142.306,136.564,136.39
776.6,124.647,118.073,139.197,124.816,130.559,136.008,142.244,136.598,136.39
776.7,124.605,118.026,139.197,124.816,130.597,136.008,142.244,136.633,136.425
776.8,124.689,118.073,139.263,124.773,130.635,136.008,142.368,136.564,136.39
776.9,124.689,118.073,139.23,124.816,130.597,136.043,142.275,136.564,136.46
777.0,124.731,118.12,139.197,124.816,130.635,136.008,142.244,136.564,136.39
777.1,124.689,118.166,139.164,124.9,130.635,135.973,142.275,136.564,136.321
777.2,124.731,118.213,139.197,124.9,130.712,136.008,142.244,136.564,136.425
777.3,124.647,118.306,139.23,124.9,130.712,136.043,142.275,136.598,136.425
777.4,124.731,118.26,139.23,124.984,130.75,136.043,142.244,136.633,136.529
777.5,124.731,118.26,139.197,124.816,130.712,136.078,142.244,136.633,136.46
777.6,124.858,118.306,139.197,124.9,130.75,136.008,142.275,136.598,136.46
777.7,124.773,118.353,139.197,124.9,130.788,136.008,142.275,136.598,136.46
777.8,124.816,118.353,139.197,124.9,130.903,136.008,142.244,136.633,136.425
777.9,124.731,118.353,139.23,124.942,130.864,136.008,142.275,136.633,136.39
778.0,124.9,118.446,139.263,124.942,130.788,136.008,142.244,136.598,136.425
778.1,124.731,118.446,139.197,124.942,130.826,136.043,142.275,136.598,136.46
778.2,124.773,118.539,139.263,124.9,130.864,136.043,142.244,136.564,136.46
778.3,124.816,118.399,139.164,124.858,130.864,136.043,142.275,136.598,136.46
778.4,124.773,118.492,139.263,124.942,130.864,136.043,142.244,136.667,136.564
778.5,124.816,118.492,139.197,124.858,130.903,135.973,142.306,136.667,136.425
778.6,124.816,118.539,139.197,124.942,130.941,136.008,142.306,136.633,136.46
778.7,124.816,118.492,139.23,124.942,130.941,136.147,142.244,136.598,136.425
778.8,124.816,118.585,139.263,124.942,130.941,136.008,142.244,136.633,136.46
778.9,124.816,118.631,139.197,124.984,131.017,136.008,142.306,136.598,136.46
779.0,124.816,118.678,139.197,125.068,131.093,136.043,142.306,136.633,136.529
779.1,124.816,118.724,139.164,124.9,130.979,136.008,142.337,136.702,136.494
779.2,124.816,118.724,139.197,124.984,131.055,136.008,142.337,136.667,136.494
779.3,124.816,118.724,139.197,125.026,131.131,136.043,142.212,136.598,136.494
779.4,124.9,118.77,139.197,124.984,131.093,136.008,142.275,136.633,136.494
779.5,124.9,118.817,139.197,125.068,131.093,136.078,142.275,136.736,136.494
779.6,124.9,118.817,139.296,125.026,131.169,136.043,142.275,136.736,136.46
779.7,124.858,118.909,139.23,125.026,131.169,136.043,142.275,136.667,136.494
779.8,124.9,118.909,139.164,125.026,131.169,136.043,142.368,136.633,136.494
779.9,124.9,118.909,139.263,125.026,131.169,136.008,142.275,136.633,136.494
780.0,124.942,118.955,139.164,125.11,131.207,136.043,142.244,136.633,136.494
780.1,124.942,118.955,139.197,125.026,131.207,136.043,142.244,136.702,136.494
780.2,124.984,118.955,139.197,125.026,131.207,136.043,142.306,136.633,136.529
780.3,124.9,119.047,139.197,125.151,131.207,136.043,142.275,136.633,136.494
780.4,124.942,119.047,139.23,125.026,131.245,136.112,142.244,136.702,136.494
780.5,124.984,119.047,139.23,125.068,131.282,136.043,142.275,136.633,136.529
780.6,124.9,119.185,139.23,125.068,131.282,136.043,142.275,136.667,136.494
780.7,125.068,119.139,139.23,125.068,131.32,136.043,142.275,136.667,136.564
780.8,124.942,119.185,139.23,125.11,131.358,136.043,142.337,136.667,136.494
780.9,125.026,119.231,139.23,125.11,131.396,136.078,142.244,136.667,136.529
781.0,124.942,119.277,139.23,125.151,131.434,136.078,142.244,136.736,136.529
781.1,125.026,119.277,139.197,125.11,131.434,136.043,142.244,136.633,136.529
781.2,124.984,119.185,139.197,125.068,131.471,136.043,142.306,136.667,136.529
781.3,125.026,119.323,139.23,125.151,131.471,136.043,142.306,136.633,136.529
781.4,125.068,119.369,139.23,125.151,131.509,136.078,142.244,136.702,136.46
781.5,125.068,119.415,139.23,125.151,131.509,136.043,142.275,136.702,136.529
781.6,125.026,119.369,139.23,125.151,131.509,136.043,142.275,136.736,136.529
781.7,125.068,119.461,139.23,125.151,131.622,136.043,142.275,136.633,136.529
781.8,125.068,119.415,139.164,125.193,131.622,136.043,142.275,136.702,136.494
781.9,125.068,119.506,139.23,125.235,131.547,135.973,142.275,136.702,136.598
782.0,125.026,119.506,139.197,125.151,131.547,136.078,142.244,136.667,136.529
782.1,125.068,119.598,139.197,125.193,131.66,136.043,142.306,136.702,136.564
782.2,125.11,119.506,139.164,125.151,131.622,136.078,142.275,136.702,136.564
782.3,125.11,119.552,139.23,125.193,131.584,136.008,142.275,136.702,136.564
782.4,125.068,119.598,139.197,125.235,131.697,136.043,142.337,136.702,136.598
782.5,125.068,119.552,139.263,125.235,131.697,136.078,142.306,136.736,136.564
782.6,125.11,119.643,139.23,125.235,131.66,136.112,142.306,136.736,136.564
782.7,125.151,119.689,139.263,125.277,131.735,136.078,142.275,136.736,136.529
782.8,125.11,119.78,139.23,125.319,131.735,136.078,142.275,136.736,136.598
782.9,125.11,119.826,139.23,125.277,131.735,136.078,142.337,136.702,136.564
783.0,125.151,119.78,139.197,125.235,131.772,136.112,142.244,136.702,136.494
783.1,125.151,119.78,139.197,125.235,131.772,136.043,142.275,136.702,136.564
783.2,125.11,119.78,139.23,125.235,131.772,136.043,142.306,136.736,136.529
783.3,125.151,119.78,139.23,125.235,131.772,136.043,142.275,136.771,136.564
783.4,125.151,119.826,139.23,125.235,131.81,136.078,142.275,136.702,136.564
783.5,125.193,119.917,139.23,125.319,131.81,136.043,142.306,136.736,136.598
783.6,125.193,119.826,139.296,125.319,131.848,136.008,142.275,136.702,136.598
783.7,125.151,119.917,139.23,125.277,131.81,136.043,142.275,136.736,136.598
783.8,125.235,119.871,139.197,125.319,131.922,136.078,142.212,136.736,136.598
783.9,125.026,119.962,139.23,125.277,131.848,136.078,142.306,136.736,136.598
784.0,125.235,119.962,139.23,125.277,131.922,136.078,142.306,136.736,136.598
784.1,125.193,119.962,139.197,125.277,131.922,136.043,142.244,136.702,136.598
784.2,125.193,120.007,139.197,125.319,131.885,136.043,142.306,136.736,136.598
784.3,125.235,120.053,139.23,125.319,131.997,136.147,142.306,136.805,136.598
784.4,125.235,120.098,139.296,125.36,131.96,136.078,142.306,136.771,136.598
784.5,125.193,120.189,139.23,125.36,131.885,136.078,142.306,136.771,136.598
784.6,125.193,120.144,139.197,125.36,131.96,136.112,142.244,136.736,136.633
784.7,125.151,120.189,139.197,125.36,131.997,136.043,142.306,136.736,136.633
784.8,125.235,120.189,139.197,125.402,132.072,136.043,142.306,136.805,136.598
784.9,125.277,120.189,139.197,125.36,132.035,136.043,142.368,136.736,136.633
785.0,125.151,120.234,139.23,125.402,132.072,136.078,142.306,136.667,136.598
785.1,125.235,120.234,139.197,125.402,132.109,136.078,142.306,136.771,136.633
785.2,125.277,120.234,139.23,125.402,132.147,136.112,142.275,136.805,136.564
785.3,125.277,120.279,139.197,125.36,132.147,136.112,142.275,136.771,136.633
785.4,125.277,120.279,139.23,125.36,132.109,136.078,142.275,136.839,136.633
785.5,125.277,120.37,139.263,125.485,132.109,136.078,142.244,136.771,136.633
785.6,125.277,120.324,139.23,125.36,132.184,136.078,142.275,136.771,136.633
785.7,125.235,120.324,139.197,125.36,132.147,136.043,142.275,136.805,136.633
785.8,125.319,120.415,139.23,125.444,132.184,136.078,142.306,136.736,136.633
785.9,125.319,120.37,139.197,125.402,132.184,136.078,142.244,136.805,136.633
786.0,125.319,120.415,139.23,125.444,132.221,136.043,142.275,136.771,136.633
786.1,125.277,120.46,139.23,125.485,132.259,136.078,142.306,136.736,136.633
786.2,125.319,120.55,139.296,125.444,132.259,136.078,142.275,136.771,136.633
786.3,125.319,120.55,139.197,125.402,132.259,136.078,142.275,136.805,136.633
786.4,125.36,120.595,139.23,125.444,132.259,136.078,142.244,136.771,136.633
786.5,125.319,120.64,139.263,125.485,132.296,136.078,142.306,136.805,136.633
786.6,125.36,120.775,139.23,125.485,132.37,136.078,142.306,136.805,136.667
786.7,125.36,120.73,139.23,125.402,132.444,136.043,142.306,136.839,136.667
786.8,125.36,120.685,139.197,125.485,132.37,136.078,142.306,136.805,136.633
786.9,125.402,120.73,139.197,125.485,132.407,136.112,142.275,136.771,136.702
787.0,125.402,120.775,139.263,125.527,132.444,136.078,142.275,136.805,136.667
787.1,125.36,120.73,139.197,125.485,132.519,136.043,142.306,136.805,136.667
787.2,125.36,120.775,139.23,125.527,132.482,136.078,142.275,136.805,136.667
787.3,125.36,120.775,139.23,125.527,132.407,136.112,142.368,136.908,136.667
787.4,125.36,120.819,139.164,125.527,132.482,136.078,142.306,136.839,136.702
787.5,125.444,120.819,139.197,125.485,132.444,136.078,142.306,136.805,136.667
787.6,125.444,120.864,139.23,125.527,132.407,136.078,142.244,136.805,136.667
787.7,125.402,120.819,139.23,125.527,132.519,136.043,142.306,136.805,136.667
787.8,125.36,120.954,139.23,125.527,132.519,136.112,142.275,136.839,136.667
787.9,125.402,120.998,139.23,125.485,132.593,136.112,142.275,136.874,136.667
788.0,125.402,120.954,139.23,125.61,132.519,136.112,142.275,136.839,136.667
788.1,125.485,120.998,139.23,125.569,132.593,136.112,142.244,136.874,136.702
788.2,125.527,121.088,139.263,125.61,132.667,136.112,142.306,136.839,136.702
788.3,125.527,121.132,139.197,125.693,132.667,136.147,142.275,136.771,136.736
788.4,125.485,121.088,139.23,125.61,132.63,136.078,142.244,136.839,136.702
788.5,125.569,121.132,139.263,125.652,132.667,136.112,142.306,136.805,136.667
788.6,125.485,121.132,139.197,125.61,132.667,136.112,142.212,136.874,136.736
788.7,125.527,121.177,139.263,125.569,132.704,136.112,142.275,136.805,136.736
788.8,125.485,121.177,139.164,125.652,132.704,136.078,142.275,136.839,136.702
788.9,125.527,121.222,139.23,125.569,132.704,136.078,142.244,136.839,136.667
789.0,125.527,121.222,139.197,125.652,132.704,136.112,142.337,136.839,136.771
789.1,125.485,121.222,139.23,125.652,132.704,136.147,142.306,136.874,136.771
789.2,125.61,121.311,139.197,125.652,132.741,136.112,142.306,136.839,136.702
789.3,125.527,121.177,139.263,125.61,132.814,136.078,142.244,136.839,136.736
789.4,125.527,121.266,139.23,125.61,132.741,136.112,142.244,136.839,136.702
789.5,125.527,121.311,139.296,125.652,132.814,136.112,142.275,136.874,136.736
789.6,125.527,121.311,139.263,125.652,132.814,136.078,142.275,136.874,136.736
789.7,125.527,121.355,139.329,125.652,132.814,136.112,142.275,136.874,136.736
789.8,125.527,121.355,139.23,125.693,132.851,136.112,142.275,136.874,136.736
789.9,125.569,121.399,139.23,125.693,132.814,136.078,142.306,136.908,136.771
790.0,125.61,121.444,139.197,125.693,132.851,136.078,142.244,136.874,136.736
790.1,125.527,121.399,139.263,125.61,132.851,136.008,142.306,136.839,136.771
790.2,125.61,121.488,139.296,125.693,132.888,136.112,142.275,136.874,136.736
790.3,125.61,121.488,139.263,125.652,132.851,136.112,142.306,136.874,136.736
790.4,125.61,121.488,139.23,125.693,132.888,136.078,142.275,136.874,136.702
790.5,125.61,121.533,139.197,125.735,132.888,136.112,142.275,136.839,136.736
790.6,125.61,121.621,139.263,125.735,132.999,136.112,142.275,136.874,136.633
790.7,125.693,121.621,139.23,125.61,132.999,136.112,142.275,136.839,136.736
790.8,125.652,121.621,139.23,125.693,132.999,136.112,142.306,136.908,136.771
790.9,125.569,121.665,139.296,125.776,132.999,136.112,142.275,136.908,136.736
791.0,125.61,121.71,139.197,125.693,133.035,136.112,142.244,136.839,136.702
791.1,125.652,121.665,139.23,125.693,132.999,136.147,142.244,136.874,136.805
791.2,125.652,121.665,139.263,125.735,133.035,136.078,142.275,136.908,136.771
791.3,125.652,121.71,139.23,125.735,133.035,136.112,142.275,136.839,136.736
791.4,125.693,121.754,139.23,125.776,133.109,136.147,142.306,136.874,136.839
791.5,125.693,121.842,139.23,125.776,133.109,136.112,142.306,136.943,136.805
791.6,125.652,121.798,139.263,125.735,133.109,136.147,142.275,136.908,136.736
791.7,125.693,121.886,139.23,125.776,133.109,136.147,142.306,136.943,136.771
791.8,125.693,121.842,139.23,125.776,133.109,136.112,142.275,136.908,136.805
791.9,125.61,121.842,139.197,125.776,133.109,136.147,142.306,136.874,136.771
792.0,125.693,121.886,139.263,125.776,133.182,136.112,142.275,136.908,136.771
792.1,125.652,121.886,139.197,125.735,133.182,136.147,142.15,136.908,136.805
792.2,125.735,121.93,139.23,125.776,133.182,136.147,142.337,136.874,136.736
792.3,125.776,121.93,139.23,125.818,133.182,136.147,142.275,136.874,136.805
792.4,125.652,121.93,139.263,125.818,133.182,136.078,142.306,136.943,136.805
792.5,125.776,121.93,139.23,125.818,133.219,136.112,142.306,136.977,136.805
792.6,125.776,121.974,139.263,125.735,133.219,136.112,142.275,136.908,136.771
792.7,125.735,122.062,139.197,125.859,133.255,136.147,142.275,136.908,136.805
792.8,125.776,122.018,139.263,125.942,133.255,136.147,142.306,136.908,136.771
792.9,125.735,122.018,139.23,125.859,133.146,136.112,142.275,136.943,136.805
793.0,125.776,122.194,139.23,125.859,133.329,136.147,142.275,136.943,136.805
793.1,125.776,122.194,139.23,125.859,133.292,136.112,142.337,136.908,136.805
793.2,125.735,122.194,139.23,125.859,133.329,136.112,142.275,136.977,136.805
793.3,125.776,122.238,139.263,125.859,133.475,136.112,142.306,136.943,136.839
793.4,125.776,122.282,139.23,125.901,133.402,136.182,142.306,136.943,136.805
793.5,125.818,122.238,139.23,125.942,133.402,136.147,142.306,136.908,136.805
793.6,125.818,122.326,139.23,125.859,133.402,136.147,142.275,136.908,136.805
793.7,125.818,122.369,139.263,126.066,133.402,136.147,142.244,136.977,136.874
793.8,125.818,122.369,139.23,125.859,133.438,136.112,142.275,136.943,136.839
793.9,125.735,122.369,139.23,125.942,133.438,136.147,142.275,137.045,136.874
794.0,125.818,122.326,139.263,125.942,133.438,136.112,142.275,136.943,136.874
794.1,125.818,122.369,139.263,125.859,133.475,136.147,142.244,136.977,136.839
794.2,125.859,122.369,139.263,125.942,133.511,136.147,142.275,136.977,136.839
794.3,125.818,122.457,139.263,125.901,133.511,136.147,142.275,136.943,136.839
794.4,125.859,122.544,139.263,125.942,133.511,136.112,142.212,136.943,136.805
794.5,125.859,122.544,139.263,125.942,133.548,136.147,142.244,136.908,136.839
794.6,125.859,122.675,139.23,125.983,133.548,136.112,142.275,137.011,136.839
794.7,125.859,122.544,139.23,125.942,133.584,136.147,142.275,136.977,136.839
794.8,125.901,122.544,139.263,125.983,133.584,136.147,142.306,136.943,136.839
794.9,125.859,122.544,139.23,125.983,133.693,136.147,142.306,136.943,136.839
795.0,125.901,122.631,139.23,125.942,133.62,136.147,142.306,136.977,136.908
795.1,125.859,122.631,139.263,125.983,133.729,136.112,142.337,137.011,136.874
795.2,125.901,122.718,139.23,126.024,133.657,136.147,142.244,137.045,136.839
795.3,125.901,122.718,139.197,125.983,133.657,136.182,142.275,137.011,136.839
795.4,125.901,122.762,139.23,125.983,133.657,136.112,142.275,136.977,136.839
795.5,125.901,122.762,139.263,125.983,133.802,136.112,142.306,136.977,136.839
795.6,125.983,122.762,139.23,125.983,133.729,136.147,142.306,137.011,136.874
795.7,125.942,122.805,139.23,126.107,133.693,136.182,142.306,137.011,136.908
795.8,125.942,122.892,139.263,126.066,133.729,136.182,142.306,137.011,136.839
795.9,125.983,122.805,139.23,126.024,133.729,136.147,142.306,137.045,136.874
796.0,125.983,122.892,139.23,126.066,133.766,136.147,142.275,137.011,136.874
796.1,125.942,122.892,139.23,126.148,133.766,136.182,142.306,137.011,136.874
796.2,125.983,122.892,139.23,126.024,133.874,136.182,142.337,136.977,136.874
796.3,125.942,122.936,139.23,126.066,133.766,136.147,142.275,137.011,136.908
796.4,126.024,122.979,139.23,126.024,133.838,136.147,142.181,137.011,136.874
796.5,125.983,122.979,139.263,126.066,133.911,136.147,142.275,136.977,136.874
796.6,125.983,122.979,139.263,126.066,133.838,136.112,142.306,137.045,136.805
796.7,125.942,123.022,139.263,126.066,133.838,136.182,142.306,136.977,136.874
796.8,126.024,123.022,139.263,126.107,133.911,136.182,142.275,137.045,136.839
796.9,125.983,123.066,139.263,126.107,133.838,136.147,142.275,137.011,136.908
797.0,125.942,123.109,139.263,126.107,133.911,136.147,142.244,137.011,136.908
797.1,126.024,123.066,139.263,126.066,133.947,136.147,142.368,137.011,136.908
797.2,126.024,123.066,139.329,126.066,133.983,136.147,142.275,137.011,136.874
797.3,126.024,123.152,139.23,126.148,133.947,136.147,142.275,137.045,136.874
797.4,126.024,123.109,139.263,126.107,133.947,136.182,142.275,137.011,136.908
797.5,126.066,123.238,139.23,126.107,134.019,136.147,142.306,137.08,136.839
797.6,126.107,123.282,139.296,126.066,134.019,136.147,142.275,137.011,136.908
797.7,126.066,123.282,139.23,126.107,134.019,136.147,142.244,137.045,136.908
797.8,126.107,123.282,139.23,126.066,134.055,136.147,142.306,137.011,136.874
797.9,126.066,123.282,139.197,126.148,134.019,136.147,142.306,137.045,136.908
798.0,126.189,123.325,139.23,126.148,134.055,136.147,142.337,137.011,136.874
798.1,126.148,123.325,139.23,126.107,134.019,136.182,142.275,137.011,136.943
798.2,126.066,123.368,139.23,126.148,134.091,136.147,142.275,137.045,136.908
798.3,126.148,123.411,139.263,126.189,134.091,136.147,142.306,137.045,136.943
798.4,126.107,123.411,139.23,126.107,134.127,136.147,142.275,137.045,136.943
798.5,126.148,123.411,139.296,126.148,134.091,136.252,142.275,137.08,136.943
798.6,126.107,123.454,139.23,126.148,134.127,136.147,142.337,136.977,136.908
798.7,126.107,123.368,139.296,126.148,134.164,136.112,142.306,137.045,136.908
798.8,126.107,123.497,139.23,126.189,134.164,136.217,142.275,137.08,136.977
798.9,126.148,123.497,139.23,126.231,134.127,136.112,142.275,137.08,136.943
799.0,126.107,123.497,139.263,126.231,134.164,136.217,142.306,137.045,136.943
799.1,126.107,123.54,139.329,126.189,134.127,136.182,142.244,137.045,136.908
799.2,126.148,123.497,139.23,126.189,134.236,136.182,142.275,137.08,136.908
799.3,126.231,123.583,139.263,126.313,134.236,136.147,142.275,137.045,136.943
799.4,126.148,123.497,139.263,126.189,134.236,136.147,142.337,137.08,136.943
799.5,126.148,123.583,139.23,126.107,134.2,136.182,142.275,137.114,136.943
799.6,126.189,123.583,139.329,126.231,134.236,136.147,142.306,137.011,136.943
799.7,126.272,123.626,139.263,126.189,134.272,136.182,142.306,137.08,136.977
799.8,126.189,123.754,139.263,126.272,134.308,136.147,142.337,137.148,136.943
799.9,126.148,123.711,139.263,126.272,134.379,136.182,142.275,137.08,136.943
800.0,126.231,123.754,139.23,126.231,134.272,136.182,142.181,137.08,136.943
800.1,126.189,123.711,139.197,126.272,134.308,136.182,142.306,137.045,136.943
800.2,126.354,123.797,139.23,126.272,134.272,136.182,142.337,137.045,137.011
800.3,126.272,123.84,139.23,126.272,134.379,136.182,142.244,137.148,136.977
800.4,126.313,123.84,139.263,126.272,134.379,136.182,142.306,137.045,136.977
800.5,126.189,123.84,139.263,126.313,134.451,136.182,142.306,137.114,137.011
800.6,126.272,123.883,139.263,126.272,134.415,136.182,142.275,137.08,136.977
800.7,126.313,124.011,139.296,126.272,134.415,136.217,142.306,137.114,136.977
800.8,126.272,123.925,139.263,126.354,134.487,136.182,142.306,137.114,136.977
800.9,126.313,123.968,139.23,126.313,134.487,136.182,142.275,137.045,136.943
801.0,126.272,124.011,139.296,126.272,134.415,136.182,142.275,137.148,136.977
801.1,126.231,124.011,139.263,126.313,134.451,136.182,142.337,137.114,137.011
801.2,126.313,124.011,139.263,126.313,134.487,136.182,142.275,137.148,136.977
801.3,126.313,124.096,139.23,126.313,134.487,136.182,142.337,137.08,137.011
801.4,126.272,124.011,139.23,126.272,134.487,136.217,142.275,137.08,137.045
801.5,126.272,124.053,139.263,126.354,134.487,136.147,142.306,137.114,136.977
801.6,126.272,124.096,139.263,126.354,134.559,136.182,142.306,137.08,137.011
801.7,126.313,124.096,139.23,126.354,134.523,136.217,142.306,137.114,136.943
801.8,126.313,124.181,139.296,126.354,134.559,136.147,142.244,137.114,137.011
801.9,126.354,124.181,139.263,126.354,134.559,136.182,142.275,137.114,136.977
802.0,126.313,124.223,139.296,126.395,134.63,136.217,142.306,137.148,136.977
802.1,126.313,124.223,139.296,126.436,134.63,136.182,142.306,137.114,137.148
802.2,126.313,124.223,139.263,126.518,134.594,136.182,142.306,137.08,137.011
802.3,126.313,124.266,139.263,126.395,134.666,136.217,142.275,137.114,137.08
802.4,126.354,124.266,139.263,126.395,134.666,136.182,142.306,137.148,137.045
802.5,126.354,124.266,139.263,126.395,134.594,136.182,142.306,137.114,137.045
802.6,126.354,124.308,139.263,126.436,134.702,136.112,142.306,137.148,137.045
802.7,126.354,124.308,139.23,126.395,134.737,136.182,142.181,137.148,137.045
802.8,126.395,124.393,139.329,126.395,134.666,136.286,142.337,137.08,137.011
802.9,126.395,124.393,139.263,126.395,134.666,136.252,142.275,137.114,137.045
803.0,126.436,124.351,139.296,126.477,134.737,136.182,142.306,137.114,137.011
803.1,126.354,124.393,139.23,126.477,134.702,136.182,142.275,137.148,137.011
803.2,126.395,124.478,139.23,126.436,134.773,136.182,142.244,137.148,137.011
803.3,126.436,124.436,139.296,126.477,134.773,136.182,142.306,137.114,137.045
803.4,126.395,124.478,139.263,126.395,134.737,136.182,142.337,137.148,137.011
803.5,126.354,124.478,139.23,126.395,134.773,136.252,142.306,137.182,137.08
803.6,126.436,124.605,139.296,126.436,134.809,136.182,142.368,137.182,137.045
803.7,126.395,124.562,139.263,126.477,134.809,136.217,142.275,137.114,136.943
803.8,126.436,124.562,139.23,126.518,134.809,136.217,142.275,137.148,136.943
803.9,126.436,124.647,139.263,126.6,134.915,136.217,142.275,137.148,137.045
804.0,126.436,124.647,139.23,126.518,134.844,136.217,142.244,137.182,137.114
804.1,126.395,124.689,139.23,126.559,134.915,136.182,142.244,137.148,137.011
804.2,126.477,124.773,139.296,126.518,134.915,136.217,142.275,137.148,137.045
804.3,126.477,124.689,139.296,126.477,134.88,136.217,142.275,137.182,137.045
804.4,126.559,124.731,139.263,126.477,134.915,136.217,142.306,137.216,137.08
804.5,126.477,124.731,139.263,126.559,134.88,136.252,142.275,137.148,137.08
804.6,126.518,124.773,139.23,126.518,134.915,136.217,142.275,137.148,137.114
804.7,126.477,124.689,139.263,126.518,134.951,136.217,142.306,137.148,137.114
804.8,126.436,124.773,139.263,126.518,134.951,136.182,142.306,137.182,137.011
804.9,126.518,124.858,139.263,126.559,134.915,136.217,142.337,137.114,137.08
805.0,126.477,124.858,139.263,126.559,135.022,136.217,142.275,137.148,137.08
805.1,126.477,124.816,139.263,126.518,134.951,136.286,142.306,137.182,137.08
805.2,126.477,124.816,139.23,126.477,135.058,136.182,142.306,137.182,137.08
805.3,126.518,124.9,139.263,126.518,134.987,136.182,142.275,137.182,137.08
805.4,126.518,124.9,139.23,126.559,134.951,136.147,142.306,137.114,137.08
805.5,126.559,124.942,139.23,126.559,135.022,136.217,142.368,137.182,137.011
805.6,126.559,124.9,139.362,126.559,134.987,136.217,142.306,137.182,137.08
805.7,126.518,124.858,139.263,126.518,135.093,136.252,142.306,137.182,137.08
805.8,126.518,124.942,139.263,126.559,135.058,136.217,142.306,137.216,137.114
805.9,126.518,125.026,139.296,126.6,135.058,136.252,142.337,137.216,137.08
806.0,126.559,124.9,139.23,126.6,135.129,136.217,142.306,137.182,137.08
806.1,126.559,125.026,139.263,126.6,135.058,136.252,142.337,137.216,137.045
806.2,126.559,125.068,139.263,126.6,135.093,136.217,142.244,137.251,137.08
806.3,126.559,125.068,139.263,126.559,135.093,136.217,142.337,137.285,137.011
806.4,126.559,125.068,139.263,126.559,135.129,136.182,142.306,137.182,137.114
806.5,126.559,125.068,139.296,126.6,135.199,136.217,142.306,137.182,137.114
806.6,126.641,125.11,139.296,126.641,135.129,136.182,142.337,137.182,137.114
806.7,126.6,125.151,139.23,126.559,135.164,136.217,142.275,137.182,137.148
806.8,126.6,125.193,139.263,126.641,135.199,136.252,142.275,137.216,137.114
806.9,126.559,125.193,139.23,126.6,135.164,136.182,142.275,137.216,137.114
807.0,126.641,125.193,139.197,126.682,135.129,136.39,142.275,137.182,137.114
807.1,126.559,125.193,139.263,126.682,135.164,136.252,142.337,137.216,137.08
807.2,126.6,125.277,139.296,126.722,135.27,136.217,142.306,137.251,137.114
807.3,126.641,125.235,139.263,126.682,135.199,136.252,142.244,137.251,137.114
807.4,126.641,125.277,139.296,126.641,135.235,136.217,142.306,137.251,137.114
807.5,126.6,125.319,139.296,126.641,135.305,136.217,142.306,137.216,137.114
807.6,126.6,125.36,139.23,126.682,135.305,136.217,142.244,137.216,137.114
807.7,126.682,125.319,139.263,126.682,135.27,136.217,142.306,137.319,137.114
807.8,126.641,125.36,139.296,126.641,135.305,136.252,142.368,137.216,137.114
807.9,126.6,125.36,139.296,126.682,135.305,136.217,142.275,137.216,137.114
808.0,126.641,125.444,139.263,126.682,135.341,136.252,142.337,137.251,137.114
808.1,126.641,125.485,139.263,126.682,135.27,136.182,142.275,137.251,137.114
808.2,126.682,125.444,139.263,126.722,135.341,136.252,142.306,137.285,137.114
808.3,126.682,125.527,139.263,126.763,135.376,136.252,142.306,137.251,137.182
808.4,126.722,125.527,139.263,126.722,135.341,136.217,142.275,137.251,137.114
808.5,126.682,125.569,139.263,126.682,135.341,136.252,142.275,137.251,137.148
808.6,126.682,125.485,139.296,126.722,135.341,136.217,142.306,137.251,137.148
808.7,126.682,125.527,139.296,126.722,135.305,136.252,142.275,137.285,137.148
808.8,126.559,125.569,139.296,126.763,135.447,136.252,142.275,137.285,137.216
808.9,126.722,125.61,139.263,126.722,135.447,136.252,142.306,137.251,137.148
809.0,126.722,125.61,139.296,126.722,135.411,136.217,142.275,137.216,137.114
809.1,126.722,125.61,139.296,126.763,135.482,136.252,142.275,137.285,137.148
809.2,126.804,125.652,139.263,126.722,135.447,136.286,142.306,137.251,137.182
809.3,126.763,125.652,139.263,126.763,135.482,136.252,142.337,137.148,137.148
809.4,126.682,125.652,139.23,126.763,135.517,136.217,142.306,137.285,137.148
809.5,126.763,125.693,139.263,126.763,135.552,136.252,142.275,137.285,137.148
809.6,126.763,125.735,139.296,126.763,135.517,136.286,142.275,137.251,137.216
809.7,126.722,125.693,139.263,126.763,135.482,136.252,142.275,137.319,137.148
809.8,126.763,125.735,139.263,126.804,135.552,136.252,142.275,137.285,137.182
809.9,126.804,125.776,139.296,126.763,135.552,136.217,142.306,137.285,137.182
810.0,126.763,125.818,139.263,126.804,135.587,136.252,142.275,137.285,137.182
810.1,126.763,125.901,139.329,126.763,135.623,136.252,142.337,137.251,137.148
810.2,126.845,125.859,139.263,126.804,135.552,136.252,142.306,137.387,137.251
810.3,126.763,125.983,139.263,126.804,135.587,136.252,142.306,137.285,137.182
810.4,126.804,125.942,139.263,126.845,135.587,136.217,142.306,137.319,137.182
810.5,126.845,125.901,139.296,126.763,135.623,136.286,142.275,137.285,137.182
810.6,126.845,125.983,139.296,126.804,135.623,136.217,142.244,137.319,137.114
810.7,126.763,125.942,139.263,126.845,135.587,136.217,142.275,137.285,137.285
810.8,126.763,125.942,139.329,126.845,135.587,136.252,142.306,137.285,137.216
810.9,126.845,125.942,139.329,126.804,135.658,136.321,142.306,137.285,137.182
811.0,126.804,125.942,139.296,126.804,135.658,136.252,142.275,137.285,137.182
811.1,126.804,125.983,139.23,126.845,135.658,136.252,142.306,137.319,137.182
811.2,126.845,125.983,139.329,126.845,135.693,136.321,142.244,137.319,137.182
811.3,126.845,126.024,139.23,126.845,135.693,136.252,142.306,137.353,137.182
811.4,126.845,126.024,139.296,126.885,135.728,136.252,142.275,137.285,137.216
811.5,126.845,126.066,139.296,126.845,135.693,136.252,142.275,137.353,137.182
811.6,126.845,126.066,139.296,126.845,135.728,136.321,142.306,137.251,137.216
811.7,126.845,126.107,139.296,126.885,135.763,136.252,142.275,137.353,137.182
811.8,126.926,126.107,139.263,126.967,135.728,136.217,142.306,137.319,137.182
811.9,126.885,126.189,139.296,126.845,135.763,136.252,142.306,137.319,137.285
812.0,126.885,126.189,139.263,126.926,135.798,136.217,142.306,137.353,137.216
812.1,126.885,126.189,139.263,126.967,135.833,136.286,142.275,137.353,137.216
812.2,127.007,126.231,139.329,126.926,135.903,136.252,142.306,137.319,137.251
812.3,126.967,126.272,139.329,126.926,135.798,136.252,142.306,137.353,137.285
812.4,126.926,126.395,139.296,126.926,135.833,136.252,142.306,137.319,137.216
812.5,126.926,126.354,139.296,126.926,135.833,136.217,142.306,137.319,137.216
812.6,126.926,126.354,139.263,126.967,135.973,136.252,142.337,137.353,137.216
812.7,126.967,126.395,139.362,126.926,135.973,136.252,142.306,137.319,137.216
812.8,126.885,126.354,139.329,126.967,135.903,136.252,142.337,137.319,137.216
812.9,126.967,126.395,139.263,127.048,135.903,136.252,142.306,137.353,137.285
813.0,126.967,126.436,139.296,126.926,135.938,136.252,142.275,137.353,137.319
813.1,126.967,126.436,139.263,126.926,135.973,136.286,142.306,137.285,137.285
813.2,126.926,126.436,139.263,126.967,135.938,136.217,142.306,137.353,137.216
813.3,126.967,126.436,139.263,127.089,135.938,136.252,142.306,137.353,137.216
813.4,127.048,126.559,139.296,126.967,135.973,136.252,142.337,137.353,137.216
813.5,126.967,126.518,139.296,126.967,136.008,136.286,142.337,137.353,137.182
813.6,126.967,126.559,139.296,126.967,135.973,136.286,142.306,137.387,137.216
813.7,126.967,126.559,139.263,127.007,136.008,136.286,142.275,137.319,137.216
813.8,127.007,126.6,139.23,127.048,136.008,136.252,142.337,137.353,137.251
813.9,127.007,126.6,139.263,127.007,136.008,136.252,142.337,137.387,137.319
814.0,126.967,126.6,139.296,127.048,136.043,136.252,142.275,137.353,137.251
814.1,127.007,126.682,139.296,126.926,136.078,136.252,142.306,137.387,137.251
814.2,127.007,126.722,139.362,127.007,136.078,136.252,142.306,137.353,137.251
814.3,126.926,126.682,139.296,127.089,136.078,136.252,142.275,137.353,137.285
814.4,127.048,126.722,139.263,127.007,136.078,136.286,142.275,137.353,137.285
814.5,127.048,126.722,139.296,127.048,136.008,136.321,142.275,137.387,137.251
814.6,127.048,126.763,139.263,127.089,136.112,136.286,142.275,137.387,137.319
814.7,127.089,126.763,139.296,127.048,136.112,136.286,142.275,137.387,137.285
814.8,127.007,126.845,139.296,126.967,136.147,136.286,142.337,137.387,137.251
814.9,127.007,126.845,139.263,127.089,136.147,136.286,142.275,137.387,137.285
815.0,127.048,126.845,139.296,127.089,136.182,136.286,142.244,137.387,137.285
815.1,127.089,126.926,139.296,127.089,136.112,136.252,142.337,137.455,137.251
815.2,127.048,126.845,139.296,127.048,136.182,136.252,142.306,137.387,137.251
815.3,127.048,126.885,139.296,127.048,136.217,136.286,142.306,137.387,137.319
815.4,127.089,126.967,139.296,127.089,136.182,136.286,142.306,137.387,137.319
815.5,127.089,126.926,139.263,127.129,136.182,136.252,142.181,137.387,137.285
815.6,127.048,126.926,139.296,127.089,136.182,136.252,142.275,137.387,137.353
815.7,127.089,126.967,139.296,127.129,136.252,136.321,142.306,137.421,137.285
815.8,127.089,126.926,139.263,127.089,136.182,136.286,142.306,137.387,137.285
815.9,127.129,126.926,139.296,127.129,136.286,136.286,142.306,137.387,137.285
816.0,127.048,127.007,139.263,127.007,136.217,136.286,142.306,137.421,137.285
816.1,127.048,126.967,139.263,127.089,136.217,136.286,142.212,137.421,137.285
816.2,127.089,127.048,139.296,127.089,136.286,136.252,142.306,137.421,137.353
816.3,127.089,127.048,139.23,127.17,136.252,136.252,142.306,137.387,137.353
816.4,127.129,127.089,139.296,127.089,136.321,136.252,142.306,137.421,137.353
816.5,127.089,127.089,139.23,127.17,136.321,136.321,142.244,137.387,137.285
816.6,127.17,127.17,139.263,127.129,136.321,136.286,142.306,137.421,137.285
816.7,127.129,127.089,139.263,127.17,136.286,136.286,142.306,137.387,137.353
816.8,127.17,127.21,139.197,127.17,136.39,136.286,142.244,137.421,137.319
816.9,127.089,127.21,139.296,127.17,136.356,136.286,142.306,137.455,137.353
817.0,127.17,127.17,139.329,127.291,136.356,136.252,142.275,137.421,137.387
817.1,127.129,127.17,139.296,127.17,136.321,136.321,142.275,137.387,137.285
817.2,127.089,127.21,139.263,127.129,136.39,136.321,142.337,137.455,137.285
817.3,127.129,127.291,139.296,127.21,136.39,136.252,142.306,137.523,137.353
817.4,127.21,127.251,139.296,127.17,136.425,136.286,142.337,137.455,137.319
817.5,127.17,127.251,139.362,127.17,136.39,136.321,142.337,137.421,137.353
817.6,127.21,127.251,139.23,127.21,136.425,136.286,142.275,137.421,137.319
817.7,127.17,127.251,139.263,127.17,136.356,136.286,142.306,137.455,137.319
817.8,127.291,127.291,139.296,127.21,136.46,136.286,142.306,137.455,137.285
817.9,127.21,127.412,139.296,127.21,136.425,136.321,142.306,137.421,137.353
818.0,127.21,127.412,139.296,127.21,136.46,136.252,142.337,137.421,137.319
818.1,127.251,127.372,139.296,127.17,136.46,136.252,142.368,137.455,137.319
818.2,127.21,127.412,139.329,127.21,136.564,136.321,142.337,137.455,137.353
818.3,127.21,127.453,139.296,127.21,136.494,136.321,142.275,137.455,137.353
818.4,127.21,127.453,139.296,127.21,136.494,136.286,142.275,137.455,137.353
818.5,127.291,127.453,139.296,127.251,136.529,136.286,142.275,137.455,137.353
818.6,127.251,127.533,139.329,127.291,136.529,136.321,142.275,137.489,137.353
818.7,127.21,127.493,139.296,127.251,136.529,136.286,142.337,137.455,137.353
818.8,127.291,127.533,139.296,127.251,136.598,136.321,142.306,137.489,137.353
818.9,127.251,127.574,139.296,127.251,136.667,136.356,142.306,137.455,137.353
819.0,127.21,127.574,139.296,127.251,136.598,136.321,142.306,137.455,137.319
819.1,127.291,127.574,139.329,127.332,136.633,136.321,142.275,137.455,137.421
819.2,127.251,127.574,139.296,127.291,136.667,136.286,142.306,137.455,137.353
819.3,127.251,127.654,139.296,127.372,136.564,136.321,142.399,137.455,137.387
819.4,127.291,127.734,139.263,127.251,136.633,136.321,142.306,137.489,137.353
819.5,127.251,127.694,139.263,127.332,136.667,136.286,142.306,137.455,137.387
819.6,127.372,127.694,139.329,127.332,136.702,136.286,142.337,137.455,137.353
819.7,127.251,127.694,139.329,127.291,136.667,136.286,142.306,137.489,137.455
819.8,127.291,127.694,139.296,127.291,136.702,136.286,142.275,137.455,137.353
819.9,127.291,127.734,139.329,127.332,136.667,136.321,142.337,137.455,137.387
820.0,127.291,127.775,139.296,127.332,136.702,136.39,142.275,137.489,137.387
820.1,127.332,127.775,139.296,127.332,136.702,136.321,142.306,137.489,137.421
820.2,127.291,127.775,139.296,127.332,136.736,136.321,142.275,137.455,137.353
820.3,127.251,127.815,139.263,127.372,136.702,136.321,142.306,137.523,137.421
820.4,127.291,127.895,139.329,127.332,136.667,136.252,142.306,137.489,137.353
820.5,127.291,127.815,139.263,127.332,136.736,136.321,142.368,137.353,137.387
820.6,127.332,127.895,139.263,127.332,136.771,136.286,142.306,137.455,137.421
820.7,127.372,127.855,139.296,127.372,136.702,136.286,142.306,137.523,137.353
820.8,127.332,127.855,139.296,127.332,136.736,136.286,142.306,137.489,137.353
820.9,127.332,127.855,139.263,127.372,136.839,136.321,142.306,137.489,137.353
821.0,127.332,127.935,139.329,127.412,136.771,136.286,142.306,137.455,137.421
821.1,127.332,127.935,139.296,127.372,136.771,136.321,142.275,137.489,137.387
821.2,127.372,127.975,139.296,127.372,136.839,136.356,142.244,137.455,137.387
821.3,127.372,127.935,139.296,127.372,136.805,136.321,142.275,137.455,137.387
821.4,127.372,127.975,139.296,127.332,136.805,136.217,142.275,137.489,137.421
821.5,127.453,127.975,139.329,127.412,136.839,136.356,142.306,137.591,137.421
821.6,127.291,128.015,139.296,127.291,136.839,136.321,142.306,137.523,137.421
821.7,127.412,128.055,139.296,127.453,136.839,136.321,142.244,137.523,137.421
821.8,127.372,128.095,139.197,127.412,136.874,136.321,142.306,137.489,137.421
821.9,127.453,128.095,139.263,127.453,136.805,136.39,142.337,137.523,137.489
822.0,127.412,128.135,139.296,127.372,136.908,136.321,142.306,137.455,137.455
822.1,127.332,128.095,139.263,127.372,136.874,136.321,142.306,137.523,137.421
822.2,127.412,128.135,139.296,127.453,136.874,136.321,142.306,137.557,137.421
822.3,127.453,128.135,139.296,127.453,136.874,136.321,142.306,137.523,137.421
822.4,127.453,128.175,139.296,127.372,136.943,136.321,142.306,137.523,137.353
822.5,127.453,128.135,139.263,127.453,136.943,136.321,142.368,137.489,137.387
822.6,127.412,128.214,139.296,127.412,136.943,136.321,142.306,137.557,137.421
822.7,127.412,128.254,139.296,127.453,137.045,136.321,142.306,137.523,137.421
822.8,127.453,128.254,139.296,127.493,136.943,136.321,142.306,137.523,137.523
822.9,127.412,128.294,139.296,127.533,137.011,136.321,142.275,137.591,137.489
823.0,127.453,128.254,139.296,127.453,136.977,136.321,142.306,137.523,137.421
823.1,127.453,128.334,139.263,127.493,137.011,136.356,142.306,137.523,137.489
823.2,127.493,128.294,139.263,127.493,137.011,136.356,142.337,137.523,137.455
823.3,127.493,128.374,139.329,127.453,137.045,136.321,142.212,137.557,137.421
823.4,127.453,128.413,139.296,127.493,137.08,136.321,142.306,137.557,137.455
823.5,127.533,128.413,139.296,127.533,137.045,136.321,142.306,137.557,137.387
823.6,127.453,128.453,139.296,127.493,137.045,136.321,142.306,137.557,137.421
823.7,127.533,128.532,139.296,127.493,137.08,136.321,142.306,137.489,137.523
823.8,127.533,128.453,139.263,127.533,137.114,136.321,142.306,137.523,137.455
823.9,127.533,128.532,139.296,127.533,137.08,136.356,142.337,137.557,137.523
824.0,127.533,128.532,139.296,127.533,137.114,136.356,142.306,137.591,137.489
824.1,127.493,128.493,139.296,127.493,137.08,136.356,142.275,137.557,137.489
824.2,127.493,128.493,139.263,127.574,137.114,136.356,142.368,137.557,137.455
824.3,127.533,128.532,139.296,127.533,137.114,136.321,142.306,137.523,137.455
824.4,127.412,128.572,139.329,127.533,137.114,136.356,142.275,137.591,137.455
824.5,127.493,128.532,139.296,127.574,137.182,136.39,142.306,137.557,137.523
824.6,127.533,128.572,139.296,127.533,137.148,136.356,142.337,137.557,137.455
824.7,127.533,128.572,139.329,127.533,137.182,136.321,142.337,137.591,137.489
824.8,127.533,128.651,139.296,127.533,137.148,136.356,142.306,137.557,137.455
824.9,127.533,128.651,139.329,127.574,137.148,136.321,142.275,137.557,137.455
825.0,127.533,128.691,139.329,127.574,137.182,136.321,142.306,137.591,137.557
825.1,127.574,128.651,139.296,127.614,137.182,136.321,142.337,137.591,137.489
825.2,127.533,128.73,139.296,127.614,137.182,136.321,142.337,137.557,137.489
825.3,127.574,128.691,139.329,127.614,137.216,136.321,142.337,137.591,137.489
825.4,127.614,128.691,139.296,127.574,137.216,136.356,142.337,137.591,137.489
825.5,127.574,128.73,139.263,127.614,137.251,136.425,142.306,137.557,137.489
825.6,127.574,128.73,139.329,127.614,137.319,136.356,142.306,137.625,137.523
825.7,127.614,128.73,139.296,127.614,137.251,136.356,142.306,137.591,137.489
825.8,127.574,128.77,139.263,127.654,137.251,136.321,142.306,137.557,137.455
825.9,127.574,128.809,139.296,127.614,137.285,136.321,142.337,137.591,137.523
826.0,127.533,128.849,139.362,127.654,137.251,136.356,142.337,137.591,137.523
826.1,127.654,128.809,139.296,127.614,137.285,136.321,142.306,137.591,137.523
826.2,127.574,128.849,139.329,127.614,137.285,136.356,142.275,137.659,137.557
826.3,127.614,128.77,139.296,127.614,137.285,136.356,142.306,137.557,137.489
826.4,127.694,128.888,139.296,127.614,137.285,136.356,142.337,137.625,137.489
826.5,127.614,128.888,139.427,127.574,137.285,136.321,142.306,137.591,137.523
826.6,127.614,128.888,139.296,127.654,137.319,136.356,142.306,137.591,137.489
826.7,127.574,128.888,139.329,127.654,137.353,136.356,142.275,137.591,137.523
826.8,127.614,128.888,139.296,127.614,137.387,136.356,142.275,137.591,137.489
826.9,127.694,128.927,139.263,127.654,137.353,136.321,142.368,137.625,137.489
827.0,127.533,128.967,139.329,127.694,137.387,136.321,142.368,137.557,137.523
827.1,127.654,128.967,139.329,127.614,137.353,136.321,142.306,137.591,137.557
827.2,127.694,128.967,139.296,127.614,137.353,136.321,142.275,137.659,137.523
827.3,127.734,129.006,139.329,127.654,137.421,136.356,142.306,137.557,137.523
827.4,127.614,129.006,139.329,127.654,137.455,136.321,142.306,137.591,137.557
827.5,127.654,129.045,139.329,127.734,137.387,136.356,142.337,137.625,137.523
827.6,127.654,129.045,139.263,127.734,137.421,136.356,142.275,137.625,137.557
827.7,127.614,129.045,139.329,127.654,137.387,136.356,142.337,137.625,137.557
827.8,127.614,129.085,139.329,127.694,137.455,136.39,142.337,137.591,137.557
827.9,127.654,129.045,139.362,127.734,137.455,136.321,142.275,137.591,137.489
828.0,127.694,129.085,139.329,127.654,137.455,136.356,142.306,137.625,137.523
828.1,127.694,129.085,139.329,127.654,137.455,136.356,142.368,137.625,137.557
828.2,127.694,129.124,139.362,127.734,137.455,136.356,142.337,137.625,137.523
828.3,127.614,129.124,139.296,127.694,137.489,136.39,142.306,137.659,137.557
828.4,127.694,129.124,139.362,127.734,137.523,136.321,142.337,137.659,137.523
828.5,127.694,129.163,139.362,127.694,137.489,136.356,142.275,137.625,137.591
828.6,127.694,129.085,139.329,127.694,137.523,136.356,142.337,137.659,137.557
828.7,127.694,129.241,139.296,127.734,137.523,136.321,142.337,137.557,137.523
828.8,127.734,129.241,139.296,127.775,137.523,136.39,142.275,137.625,137.523
828.9,127.734,129.202,139.329,127.734,137.489,136.39,142.275,137.625,137.625
829.0,127.694,129.202,139.329,127.775,137.523,136.356,142.306,137.625,137.557
829.1,127.734,129.281,139.263,127.734,137.557,136.356,142.306,137.625,137.557
829.2,127.694,129.281,139.296,127.815,137.557,136.425,142.306,137.727,137.489
829.3,127.734,129.32,139.296,127.775,137.557,136.39,142.306,137.625,137.557
829.4,127.734,129.32,139.296,127.775,137.523,136.356,142.212,137.659,137.557
829.5,127.775,129.32,139.329,127.775,137.557,136.356,142.306,137.659,137.591
829.6,127.734,129.32,139.263,127.734,137.557,136.39,142.306,137.659,137.625
829.7,127.694,129.32,139.329,127.734,137.557,136.39,142.337,137.659,137.523
829.8,127.815,129.359,139.296,127.775,137.625,136.356,142.306,137.659,137.557
829.9,127.734,129.398,139.329,127.775,137.591,136.356,142.368,137.625,137.557
830.0,127.734,129.398,139.329,127.775,137.659,136.356,142.306,137.659,137.557
830.1,127.734,129.398,139.329,127.775,137.625,136.321,142.337,137.659,137.591
830.2,127.734,129.437,139.362,127.815,137.625,136.356,142.306,137.659,137.557
830.3,127.734,129.437,139.329,127.775,137.591,136.356,142.306,137.693,137.591
830.4,127.815,129.437,139.394,127.734,137.625,136.356,142.337,137.625,137.591
830.5,127.734,129.476,139.263,127.895,137.591,136.39,142.275,137.659,137.591
830.6,127.775,129.476,139.296,127.815,137.659,136.39,142.306,137.659,137.591
830.7,127.734,129.476,139.296,127.855,137.659,136.356,142.368,137.693,137.523
830.8,127.734,129.515,139.296,127.815,137.693,136.39,142.337,137.591,137.557
830.9,127.775,129.554,139.329,127.855,137.693,136.356,142.275,137.659,137.557
831.0,127.815,129.554,139.263,127.775,137.693,136.39,142.368,137.659,137.591
831.1,127.734,129.593,139.394,127.855,137.693,136.356,142.337,137.625,137.591
831.2,127.855,129.671,139.329,127.815,137.828,136.425,142.337,137.693,137.659
831.3,127.734,129.515,139.362,127.815,137.727,136.39,142.337,137.727,137.625
831.4,127.775,129.632,139.296,127.855,137.727,136.39,142.275,137.659,137.591
831.5,127.855,129.593,139.329,127.855,137.761,136.39,142.306,137.727,137.625
831.6,127.855,129.71,139.329,127.895,137.761,136.356,142.306,137.693,137.557
831.7,127.815,129.71,139.362,127.855,137.794,136.39,142.337,137.727,137.625
831.8,127.775,129.71,139.329,127.855,137.727,136.39,142.337,137.693,137.557
831.9,127.815,129.671,139.296,127.935,137.693,136.39,142.306,137.693,137.591
832.0,127.815,129.671,139.296,127.895,137.761,136.39,142.306,137.693,137.591
832.1,127.775,129.71,139.296,127.895,137.794,136.321,142.306,137.693,137.591
832.2,127.815,129.749,139.329,127.935,137.794,136.39,142.306,137.659,137.625
832.3,127.855,129.787,139.362,127.895,137.761,136.356,142.337,137.693,137.625
832.4,127.855,129.865,139.263,127.935,137.896,136.39,142.306,137.659,137.591
832.5,127.815,129.826,139.329,127.895,137.794,136.39,142.306,137.693,137.693
832.6,127.855,129.826,139.329,127.935,137.828,136.39,142.306,137.659,137.523
832.7,127.815,129.826,139.296,127.935,137.828,136.39,142.337,137.727,137.625
832.8,127.855,129.865,139.296,127.935,137.862,136.39,142.337,137.828,137.625
832.9,127.975,129.904,139.296,127.935,137.896,136.425,142.306,137.693,137.659
833.0,127.855,129.904,139.329,127.935,137.862,136.39,142.368,137.727,137.659
833.1,127.895,129.981,139.362,127.935,137.896,136.425,142.368,137.659,137.625
833.2,127.935,129.904,139.329,127.975,137.929,136.39,142.275,137.693,137.659
833.3,127.895,129.942,139.362,127.975,137.896,136.39,142.275,137.727,137.761
833.4,127.975,129.942,139.296,127.935,137.896,136.39,142.306,137.693,137.625
833.5,127.895,129.942,139.296,127.895,137.896,136.39,142.337,137.693,137.659
833.6,127.855,129.981,139.329,128.015,137.896,136.39,142.337,137.693,137.625
833.7,127.895,129.942,139.296,127.935,138.031,136.39,142.275,137.761,137.625
833.8,127.935,129.942,139.296,127.935,137.929,136.356,142.275,137.727,137.659
833.9,127.895,130.02,139.329,128.055,137.963,136.39,142.306,137.693,137.659
834.0,127.975,130.02,139.362,127.975,137.963,136.39,142.337,137.727,137.659
834.1,127.855,130.058,139.329,128.015,138.064,136.39,142.337,137.727,137.659
834.2,127.935,130.058,139.329,127.975,137.963,136.39,142.275,137.693,137.659
834.3,127.935,130.097,139.362,128.015,138.031,136.425,142.337,137.727,137.625
834.4,127.935,130.136,139.362,128.015,137.997,136.39,142.337,137.693,137.659
834.5,127.935,130.136,139.394,127.975,137.997,136.39,142.306,137.727,137.659
834.6,127.935,130.136,139.296,128.015,138.031,136.39,142.275,137.761,137.659
834.7,127.975,130.136,139.329,128.095,137.997,136.356,142.337,137.727,137.625
834.8,127.935,130.136,139.296,128.015,138.064,136.39,142.244,137.727,137.659
834.9,127.935,130.213,139.329,128.015,137.997,136.39,142.337,137.761,137.659
835.0,127.975,130.174,139.329,128.095,138.031,136.39,142.337,137.727,137.659
835.1,127.935,130.174,139.362,128.015,138.064,136.39,142.275,137.761,137.693
835.2,127.975,130.174,139.329,128.015,138.064,136.356,142.337,137.693,137.659
835.3,127.975,130.213,139.329,128.095,138.031,136.46,142.306,137.727,137.693
835.4,127.975,130.251,139.362,127.975,138.098,136.39,142.337,137.727,137.659
835.5,127.975,130.251,139.296,128.015,138.132,136.39,142.244,137.727,137.625
835.6,127.975,130.29,139.329,128.095,138.132,136.46,142.306,137.761,137.659
835.7,127.975,130.29,139.296,128.095,138.132,136.39,142.337,137.761,137.659
835.8,127.975,130.328,139.23,128.095,138.098,136.39,142.306,137.761,137.693
835.9,128.015,130.29,139.296,128.055,138.064,136.39,142.306,137.761,137.693
836.0,128.015,130.367,139.329,128.055,138.165,136.39,142.306,137.761,137.659
836.1,127.935,130.367,139.329,128.055,138.132,136.39,142.337,137.761,137.727
836.2,127.975,130.444,139.329,128.055,138.165,136.39,142.368,137.761,137.693
836.3,128.095,130.405,139.394,128.135,138.232,136.425,142.306,137.761,137.625
836.4,127.975,130.444,139.362,128.095,138.098,136.39,142.306,137.727,137.693
836.5,127.975,130.444,139.362,128.135,138.165,136.39,142.337,137.828,137.693
836.6,128.015,130.482,139.329,128.055,138.165,136.494,142.337,137.761,137.693
836.7,128.015,130.444,139.296,128.135,138.199,136.39,142.306,137.761,137.693
836.8,127.975,130.444,139.329,128.095,138.199,136.425,142.306,137.794,137.693
836.9,128.055,130.444,139.329,128.135,138.199,136.39,142.306,137.761,137.693
837.0,128.015,130.52,139.362,128.135,138.199,136.425,142.306,137.794,137.693
837.1,127.975,130.482,139.362,128.135,138.199,136.39,142.306,137.761,137.693
837.2,128.095,130.52,139.394,128.135,138.232,136.39,142.306,137.794,137.659
837.3,128.055,130.52,139.296,128.095,138.199,136.39,142.306,137.761,137.727
837.4,128.055,130.482,139.362,128.135,138.266,136.425,142.337,137.794,137.727
837.5,128.055,130.559,139.329,128.175,138.199,136.39,142.306,137.794,137.625
837.6,128.095,130.559,139.329,128.135,138.232,136.39,142.337,137.794,137.727
837.7,128.055,130.559,139.362,128.135,138.232,136.39,142.306,137.794,137.693
837.8,128.015,130.597,139.263,128.135,138.266,136.39,142.275,137.828,137.693
837.9,128.015,130.635,139.329,128.135,138.266,136.425,142.337,137.794,137.727
838.0,128.055,130.674,139.329,128.214,138.333,136.39,142.275,137.794,137.659
838.1,128.055,130.674,139.296,128.175,138.299,136.39,142.275,137.794,137.761
838.2,128.055,130.712,139.329,128.175,138.299,136.39,142.244,137.761,137.693
838.3,128.055,130.712,139.329,128.135,138.333,136.425,142.337,137.794,137.693
838.4,128.135,130.75,139.329,128.095,138.4,136.425,142.43,137.794,137.727
838.5,128.095,130.75,139.329,128.175,138.366,136.39,142.306,137.794,137.693
838.6,128.135,130.712,139.296,128.214,138.4,136.425,142.337,137.794,137.693
838.7,128.055,130.788,139.296,128.214,138.366,136.356,142.337,137.794,137.727
838.8,128.055,130.75,139.296,128.254,138.366,136.46,142.306,137.828,137.727
838.9,128.095,130.788,139.329,128.214,138.433,136.39,142.368,137.828,137.727
839.0,128.095,130.864,139.394,128.214,138.4,136.425,142.337,137.828,137.727
839.1,128.095,130.826,139.296,128.175,138.4,136.46,142.306,137.794,137.727
839.2,128.135,130.826,139.362,128.214,138.4,136.425,142.306,137.896,137.761
839.3,128.095,130.903,139.296,128.135,138.433,136.425,142.337,137.761,137.761
839.4,128.135,130.826,139.329,128.214,138.4,136.46,142.337,137.896,137.761
839.5,128.135,130.903,139.394,128.254,138.433,136.425,142.337,137.828,137.727
839.6,128.135,130.903,139.296,128.254,138.433,136.425,142.306,137.862,137.761
839.7,128.095,130.941,139.329,128.214,138.433,136.46,142.368,137.828,137.761
839.8,128.135,130.903,139.329,128.254,138.467,136.425,142.337,137.828,137.761
839.9,128.175,130.979,139.394,128.214,138.4,136.39,142.337,137.862,137.727
840.0,128.135,130.979,139.329,128.374,138.433,136.425,142.306,137.862,137.727
840.1,128.175,130.941,139.329,128.254,138.533,136.39,142.306,137.828,137.761
840.2,128.175,130.941,139.329,128.254,138.467,136.46,142.337,137.828,137.761
840.3,128.214,131.017,139.329,128.254,138.567,136.425,142.337,137.794,137.761
840.4,128.135,130.979,139.329,128.294,138.5,136.425,142.337,137.828,137.761
840.5,128.135,130.979,139.329,128.254,138.533,136.425,142.337,137.828,137.727
840.6,128.175,131.055,139.329,128.294,138.5,136.425,142.368,137.896,137.794
840.7,128.135,131.169,139.296,128.294,138.5,136.46,142.337,137.828,137.761
840.8,128.175,131.093,139.296,128.254,138.5,136.425,142.275,137.828,137.761
840.9,128.175,131.245,139.329,128.294,138.533,136.46,142.337,137.896,137.761
841.0,128.214,131.169,139.329,128.294,138.567,136.46,142.306,137.862,137.862
841.1,128.175,131.169,139.362,128.294,138.567,136.46,142.306,137.828,137.794
841.2,128.214,131.169,139.362,128.413,138.667,136.46,142.306,137.828,137.828
841.3,128.214,131.169,139.296,128.334,138.567,136.425,142.306,137.828,137.794
841.4,128.254,131.169,139.263,128.294,138.7,136.425,142.337,137.896,137.794
841.5,128.175,131.245,139.329,128.334,138.567,136.425,142.306,137.862,137.761
841.6,128.214,131.245,139.329,128.334,138.633,136.39,142.337,137.929,137.761
841.7,128.294,131.207,139.296,128.254,138.633,136.425,142.306,137.862,137.828
841.8,128.214,131.245,139.329,128.334,138.6,136.425,142.306,137.862,137.794
841.9,128.175,131.207,139.329,128.374,138.567,136.46,142.399,137.862,137.794
842.0,128.214,131.245,139.362,128.374,138.567,136.46,142.337,137.997,137.794
842.1,128.254,131.245,139.329,128.374,138.633,136.46,142.399,137.896,137.794
842.2,128.254,131.32,139.362,128.374,138.6,136.46,142.306,137.862,137.761
842.3,128.254,131.32,139.362,128.294,138.667,136.425,142.368,137.862,137.794
842.4,128.254,131.282,139.329,128.334,138.633,136.425,142.368,137.862,137.794
842.5,128.254,131.282,139.394,128.453,138.633,136.494,142.306,137.896,137.828
842.6,128.254,131.282,139.329,128.334,138.667,136.425,142.306,137.896,137.794
842.7,128.214,131.358,139.329,128.413,138.667,136.425,142.275,137.862,137.794
842.8,128.294,131.358,139.329,128.413,138.7,136.425,142.337,137.896,137.828
842.9,128.254,131.358,139.329,128.374,138.7,136.425,142.368,137.896,137.828
843.0,128.254,131.396,139.329,128.413,138.7,136.425,142.368,137.896,137.794
843.1,128.334,131.471,139.329,128.374,138.767,136.39,142.337,137.862,137.828
843.2,128.254,131.434,139.362,128.413,138.7,136.425,142.306,137.862,137.794
843.3,128.294,131.434,139.427,128.413,138.767,136.425,142.306,137.896,137.794
843.4,128.214,131.471,139.362,128.374,138.767,136.425,142.306,137.862,137.794
843.5,128.294,131.471,139.329,128.453,138.767,136.46,142.275,137.896,137.828
843.6,128.254,131.396,139.329,128.374,138.8,136.46,142.368,137.896,137.794
843.7,128.254,131.471,139.362,128.453,138.767,136.425,142.337,137.929,137.794
843.8,128.294,131.471,139.329,128.413,138.7,136.39,142.337,137.896,137.896
843.9,128.294,131.509,139.263,128.413,138.767,136.46,142.306,137.828,137.761
844.0,128.294,131.471,139.329,128.413,138.733,136.494,142.306,137.896,137.828
844.1,128.294,131.509,139.362,128.413,138.767,136.494,142.337,137.896,137.828
844.2,128.294,131.509,139.362,128.453,138.899,136.46,142.337,137.862,137.794
844.3,128.334,131.547,139.329,128.453,138.767,136.425,142.337,137.929,137.828
844.4,128.334,131.547,139.362,128.453,138.8,136.425,142.337,137.896,137.794
844.5,128.294,131.622,139.329,128.453,138.833,136.46,142.275,137.929,137.862
844.6,128.294,131.66,139.362,128.453,138.833,136.425,142.306,137.929,137.761
844.7,128.294,131.66,139.329,128.493,138.833,136.425,142.368,137.896,137.929
844.8,128.294,131.66,139.329,128.453,138.833,136.425,142.337,137.828,137.828
844.9,128.334,131.584,139.362,128.453,138.899,136.39,142.337,137.896,137.794
845.0,128.374,131.66,139.329,128.453,138.866,136.494,142.306,137.896,137.828
845.1,128.334,131.697,139.362,128.493,138.833,136.494,142.306,137.896,137.862
845.2,128.374,131.697,139.362,128.493,138.7,136.425,142.275,137.929,137.794
845.3,128.214,131.735,139.329,128.453,138.866,136.46,142.337,137.929,137.828
845.4,128.254,131.735,139.329,128.493,138.866,136.425,142.306,137.929,137.828
845.5,128.294,131.735,139.362,128.413,138.899,136.46,142.306,137.997,137.828
845.6,128.334,131.772,139.362,128.493,138.866,136.46,142.275,137.929,137.896
845.7,128.374,131.735,139.362,128.532,138.966,136.46,142.368,137.929,137.862
845.8,128.374,131.772,139.362,128.532,138.866,136.46,142.368,138.031,137.862
845.9,128.334,131.772,139.362,128.493,138.932,136.425,142.306,137.929,137.896
846.0,128.374,131.81,139.329,128.532,138.932,136.494,142.337,137.929,137.862
846.1,128.453,131.81,139.394,128.493,138.932,136.46,142.306,137.997,137.896
846.2,128.374,131.81,139.329,128.532,138.932,136.425,142.337,137.963,137.794
846.3,128.334,131.81,139.362,128.532,138.966,136.46,142.337,137.929,137.929
846.4,128.374,131.772,139.394,128.532,138.866,136.425,142.399,137.929,137.862
846.5,128.334,131.885,139.296,128.453,138.966,136.46,142.337,137.963,137.862
846.6,128.374,131.848,139.329,128.572,138.932,136.39,142.337,137.963,137.896
846.7,128.374,131.885,139.362,128.532,138.966,136.494,142.337,137.963,137.862
846.8,128.374,131.885,139.329,128.532,138.966,136.46,142.306,137.997,137.896
846.9,128.374,131.922,139.362,128.572,138.899,136.46,142.337,137.963,137.862
847.0,128.413,131.96,139.362,128.532,138.966,136.494,142.306,137.929,137.929
847.1,128.374,131.885,139.394,128.532,138.999,136.425,142.337,137.896,137.862
847.2,128.374,131.96,139.362,128.612,139.032,136.46,142.306,137.963,137.862
847.3,128.413,131.96,139.362,128.612,138.999,136.46,142.337,137.963,137.896
847.4,128.453,131.96,139.427,128.572,139.032,136.46,142.337,137.963,137.963
847.5,128.374,131.997,139.362,128.572,139.032,136.46,142.337,137.929,137.896
847.6,128.413,131.96,139.362,128.612,139.065,136.529,142.306,138.031,137.828
847.7,128.453,131.997,139.329,128.612,138.966,136.46,142.337,137.963,137.963
847.8,128.413,131.997,139.394,128.532,139.065,136.46,142.337,137.963,137.896
847.9,128.413,132.072,139.362,128.612,139.032,136.494,142.368,137.929,137.896
848.0,128.374,132.072,139.362,128.612,139.032,136.46,142.368,137.963,137.896
848.1,128.453,132.072,139.296,128.612,139.032,136.46,142.337,137.963,137.963
848.2,128.413,132.109,139.329,128.651,139.065,136.39,142.337,137.997,137.896
848.3,128.413,132.072,139.362,128.612,139.098,136.494,142.337,137.963,137.896
848.4,128.612,132.109,139.362,128.612,139.065,136.46,142.306,137.929,137.896
848.5,128.413,132.147,139.362,128.651,139.032,136.494,142.337,137.963,137.929
848.6,128.413,132.109,139.362,128.651,139.065,136.46,142.368,137.963,137.929
848.7,128.453,132.221,139.329,128.691,139.065,136.46,142.399,137.963,137.896
848.8,128.413,132.296,139.394,128.651,139.098,136.494,142.337,137.963,137.896
848.9,128.453,132.147,139.329,128.612,139.098,136.46,142.368,137.997,137.929
849.0,128.413,132.184,139.362,128.651,139.065,136.46,142.306,137.997,137.828
849.1,128.413,132.184,139.394,128.691,139.131,136.494,142.337,137.997,137.896
849.2,128.453,132.221,139.362,128.651,139.098,136.494,142.275,137.963,137.896
849.3,128.493,132.296,139.362,128.651,139.164,136.46,142.275,137.997,137.896
849.4,128.413,132.221,139.362,128.651,139.263,136.46,142.275,137.963,137.896
849.5,128.493,132.184,139.362,128.572,139.197,136.46,142.306,137.997,137.929
849.6,128.413,132.221,139.329,128.651,139.164,136.46,142.306,138.064,137.929
849.7,128.493,132.259,139.362,128.612,139.164,136.46,142.368,137.997,137.896
849.8,128.493,132.259,139.394,128.691,139.164,136.46,142.337,138.031,137.929
849.9,128.493,132.221,139.362,128.691,139.164,136.494,142.337,137.997,137.896
850.0,128.453,132.259,139.394,128.691,139.197,136.494,142.275,138.031,137.929
850.1,128.532,132.296,139.362,128.612,139.23,136.46,142.306,137.963,137.896
850.2,128.493,132.296,139.329,128.691,139.164,136.46,142.337,137.997,137.929
850.3,128.532,132.37,139.329,128.691,139.197,136.494,142.306,137.997,137.963
850.4,128.532,132.333,139.427,128.73,139.197,136.529,142.337,138.064,137.929
850.5,128.572,132.37,139.362,128.73,139.23,136.46,142.368,137.997,137.896
850.6,128.532,132.333,139.394,128.691,139.23,136.494,142.337,137.997,137.963
850.7,128.532,132.444,139.362,128.691,139.263,136.494,142.368,137.997,137.963
850.8,128.493,132.37,139.329,128.77,139.23,136.46,142.306,138.031,137.963
850.9,128.532,132.444,139.362,128.73,139.23,136.494,142.368,138.064,137.929
851.0,128.493,132.407,139.394,128.73,139.296,136.494,142.337,138.064,137.896
851.1,128.493,132.519,139.394,128.73,139.263,136.494,142.306,138.031,137.929
851.2,128.493,132.482,139.362,128.77,139.296,136.494,142.368,138.064,137.929
851.3,128.532,132.407,139.427,128.73,139.329,136.494,142.306,137.963,137.929
851.4,128.572,132.482,139.329,128.691,139.296,136.494,142.337,137.997,137.929
851.5,128.532,132.482,139.394,128.77,139.263,136.46,142.306,138.031,137.929
851.6,128.532,132.444,139.362,128.77,139.263,136.46,142.337,138.031,137.929
851.7,128.532,132.444,139.362,128.809,139.296,136.46,142.306,137.997,137.929
851.8,128.532,132.482,139.394,128.73,139.263,136.46,142.337,137.997,137.896
851.9,128.532,132.482,139.362,128.77,139.329,136.494,142.337,138.031,137.929
852.0,128.532,132.519,139.362,128.77,139.296,136.46,142.368,137.997,137.963
852.1,128.612,132.556,139.362,128.73,139.362,136.39,142.337,138.064,137.997
852.2,128.532,132.593,139.362,128.77,139.329,136.494,142.306,138.031,137.963
852.3,128.572,132.556,139.329,128.73,139.296,136.494,142.368,138.031,137.963
852.4,128.572,132.556,139.362,128.73,139.362,136.46,142.275,138.031,137.997
852.5,128.532,132.556,139.427,128.849,139.394,136.529,142.337,138.031,137.963
852.6,128.572,132.593,139.329,128.77,139.329,136.494,142.337,138.031,137.963
852.7,128.532,132.63,139.394,128.77,139.362,136.494,142.306,138.031,137.997
852.8,128.532,132.63,139.394,128.77,139.362,136.494,142.306,137.997,137.997
852.9,128.572,132.704,139.329,128.809,139.362,136.494,142.306,138.064,137.963
853.0,128.612,132.667,139.394,128.809,139.362,136.494,142.337,138.064,137.997
853.1,128.612,132.667,139.362,128.849,139.427,136.529,142.306,138.098,137.929
853.2,128.572,132.667,139.362,128.888,139.362,136.529,142.337,138.064,137.963
853.3,128.572,132.667,139.362,128.849,139.427,136.529,142.337,138.031,137.929
853.4,128.612,132.667,139.394,128.888,139.362,136.494,142.337,138.064,137.963
853.5,128.572,132.667,139.362,128.849,139.394,136.494,142.244,138.064,137.963
853.6,128.612,132.741,139.394,128.849,139.427,136.46,142.306,138.031,137.997
853.7,128.612,132.741,139.394,128.849,139.394,136.494,142.306,138.064,138.031
853.8,128.612,132.741,139.394,128.849,139.427,136.529,142.306,138.064,137.963
853.9,128.612,132.741,139.394,128.849,139.493,136.494,142.337,138.064,137.929
854.0,128.612,132.851,139.394,128.849,139.493,136.494,142.275,138.098,137.997
854.1,128.651,132.778,139.427,128.849,139.46,136.529,142.306,138.064,137.963
854.2,128.572,132.851,139.362,128.888,139.526,136.46,142.337,138.064,137.997
854.3,128.651,132.851,139.329,128.888,139.46,136.494,142.306,138.098,137.997
854.4,128.612,132.888,139.394,128.888,139.394,136.494,142.337,138.064,137.963
854.5,128.691,132.962,139.362,128.849,139.526,136.494,142.306,138.064,138.064
854.6,128.612,132.888,139.329,128.809,139.493,136.46,142.337,138.031,137.997
854.7,128.651,132.851,139.362,128.888,139.493,136.529,142.337,138.098,138.031
854.8,128.612,132.888,139.362,128.927,139.493,136.494,142.337,138.064,138.031
854.9,128.612,132.888,139.394,128.927,139.46,136.564,142.337,138.064,137.997
855.0,128.572,132.962,139.362,128.888,139.526,136.529,142.368,138.064,137.997
855.1,128.612,132.962,139.427,128.888,139.493,136.494,142.306,138.098,137.997
855.2,128.73,132.962,139.362,128.927,139.493,136.564,142.306,138.132,138.064
855.3,128.651,132.962,139.329,128.927,139.558,136.46,142.337,138.064,138.031
855.4,128.651,132.999,139.394,128.927,139.526,136.529,142.337,138.031,138.031
855.5,128.651,132.999,139.362,128.967,139.591,136.564,142.306,138.064,137.997
855.6,128.651,132.962,139.394,128.927,139.591,136.529,142.368,138.064,138.031
855.7,128.691,132.925,139.362,128.927,139.526,136.529,142.337,138.098,138.031
855.8,128.651,132.999,139.394,128.967,139.558,136.494,142.368,138.064,138.064
855.9,128.651,133.035,139.362,128.888,139.558,136.529,142.306,138.098,137.997
856.0,128.691,132.962,139.362,128.967,139.591,136.494,142.337,138.064,138.031
856.1,128.651,133.109,139.362,128.967,139.591,136.46,142.337,138.098,138.031
856.2,128.651,133.035,139.362,128.927,139.558,136.494,142.368,138.098,138.031
856.3,128.691,133.072,139.362,128.927,139.591,136.529,142.337,138.098,138.064
856.4,128.691,133.035,139.362,128.927,139.558,136.494,142.368,138.098,138.031
856.5,128.691,133.072,139.394,129.045,139.591,136.529,142.337,138.098,138.031
856.6,128.73,133.109,139.329,128.927,139.624,136.494,142.306,138.064,138.031
856.7,128.691,133.109,139.394,128.967,139.624,136.494,142.337,138.098,138.031
856.8,128.691,133.072,139.394,128.967,139.755,136.494,142.368,138.098,138.031
856.9,128.651,133.109,139.362,129.006,139.624,136.494,142.368,138.098,137.997
857.0,128.73,133.109,139.362,128.967,139.624,136.564,142.306,138.064,138.064
857.1,128.691,133.146,139.362,129.006,139.591,136.529,142.337,138.098,138.064
857.2,128.691,133.182,139.427,128.967,139.624,136.529,142.368,138.098,138.031
857.3,128.691,133.146,139.362,129.006,139.624,136.494,142.368,138.165,138.031
857.4,128.73,133.146,139.394,129.006,139.657,136.598,142.306,138.199,138.031
857.5,128.691,133.146,139.362,128.967,139.624,136.529,142.337,138.132,138.031
857.6,128.691,133.182,139.362,129.006,139.657,136.564,142.368,138.232,138.064
857.7,128.73,133.255,139.46,129.006,139.689,136.564,142.306,138.098,138.098
857.8,128.73,133.182,139.394,129.085,139.657,136.494,142.337,138.098,138.031
857.9,128.691,133.255,139.362,129.006,139.657,136.529,142.306,138.132,138.064
858.0,128.809,133.255,139.362,129.006,139.689,136.529,142.337,138.132,138.064
858.1,128.691,133.219,139.427,129.006,139.689,136.529,142.337,138.098,138.064
858.2,128.809,133.255,139.362,128.927,139.722,136.529,142.337,138.132,138.064
858.3,128.73,133.255,139.394,129.124,139.722,136.564,142.337,138.132,137.997
858.4,128.691,133.292,139.362,129.085,139.722,136.494,142.337,138.165,138.064
858.5,128.691,133.292,139.394,129.045,139.787,136.564,142.337,138.132,138.132
858.6,128.73,133.292,139.427,129.045,139.722,136.529,142.337,138.132,138.064
858.7,128.77,133.329,139.394,129.085,139.755,136.564,142.337,138.132,138.064
858.8,128.927,133.329,139.362,129.045,139.689,136.529,142.368,138.132,138.098
858.9,128.77,133.292,139.362,129.085,139.755,136.46,142.337,138.165,138.031
859.0,128.809,133.365,139.46,129.045,139.722,136.529,142.337,138.098,138.031
859.1,128.691,133.365,139.394,129.045,139.755,136.529,142.337,138.098,138.031
859.2,128.73,133.365,139.362,129.124,139.755,136.529,142.337,138.132,138.098
859.3,128.73,133.365,139.394,129.045,139.787,136.494,142.337,138.165,138.064
859.4,128.73,133.402,139.394,129.045,139.787,136.529,142.337,138.165,138.132
859.5,128.77,133.402,139.362,129.085,139.787,136.529,142.368,138.199,138.098
859.6,128.849,133.438,139.394,129.085,139.787,136.529,142.368,138.165,138.098
859.7,128.77,133.438,139.362,129.085,139.82,136.633,142.368,138.165,138.064
859.8,128.77,133.402,139.362,129.045,139.853,136.564,142.337,138.064,138.064
859.9,128.849,133.438,139.427,129.124,139.787,136.529,142.368,138.132,138.132
860.0,128.77,133.475,139.46,129.085,139.787,136.529,142.337,138.266,138.064
860.1,128.809,133.475,139.427,129.085,139.787,136.529,142.337,138.132,138.165
860.2,128.73,133.548,139.427,129.163,139.853,136.564,142.337,138.132,138.064
860.3,128.77,133.438,139.362,129.163,139.82,136.529,142.337,138.132,138.098
860.4,128.77,133.511,139.394,129.085,139.787,136.494,142.337,138.132,138.098
860.5,128.77,133.548,139.263,129.124,139.787,136.564,142.275,138.132,138.064
860.6,128.809,133.511,139.427,129.124,139.82,136.633,142.337,138.165,138.132
860.7,128.73,133.511,139.427,129.124,139.853,136.529,142.337,138.232,138.199
860.8,128.77,133.475,139.362,129.085,139.853,136.529,142.368,138.199,138.132
860.9,128.73,133.548,139.394,129.163,139.853,136.529,142.306,138.165,138.098
861.0,128.809,133.548,139.362,129.085,139.82,136.529,142.337,138.165,138.098
861.1,128.77,133.548,139.394,129.163,139.853,136.529,142.337,138.199,138.064
861.2,128.849,133.584,139.329,129.163,139.853,136.529,142.306,138.165,138.098
861.3,128.809,133.584,139.362,129.163,139.918,136.564,142.337,138.165,138.064
861.4,128.77,133.584,139.362,129.163,139.853,136.529,142.399,138.165,138.098
861.5,128.849,133.657,139.362,129.202,139.885,136.598,142.306,138.199,138.132
861.6,128.849,133.62,139.427,129.202,139.885,136.598,142.306,138.165,138.165
861.7,128.849,133.62,139.394,129.124,139.853,136.494,142.337,138.132,138.098
861.8,128.849,133.657,139.394,129.163,139.918,136.494,142.368,138.132,138.132
861.9,128.888,133.657,139.394,129.163,139.918,136.564,142.337,138.199,138.098
862.0,128.809,133.657,139.394,129.085,139.885,136.529,142.43,138.199,138.165
862.1,128.77,133.693,139.362,129.163,139.918,136.667,142.337,138.165,138.165
862.2,128.849,133.657,139.394,129.163,139.918,136.598,142.399,138.199,138.098
862.3,128.809,133.693,139.394,129.163,139.885,136.564,142.337,138.199,138.132
862.4,128.809,133.729,139.329,129.163,139.95,136.598,142.337,138.199,138.132
862.5,128.849,133.693,139.362,129.202,139.918,136.564,142.275,138.165,138.132
862.6,128.809,133.693,139.394,129.163,139.918,136.564,142.306,138.132,138.132
862.7,128.849,133.693,139.394,129.202,139.95,136.564,142.337,138.165,138.132
862.8,128.888,133.766,139.394,129.202,139.95,136.529,142.337,138.232,138.132
862.9,128.809,133.766,139.394,129.163,139.983,136.564,142.275,138.165,138.165
863.0,128.809,133.766,139.394,129.085,139.95,136.564,142.337,138.232,138.165
863.1,128.888,133.802,139.394,129.202,139.983,136.529,142.399,138.165,138.132
863.2,128.849,133.874,139.362,129.202,140.048,136.564,142.368,138.232,138.165
863.3,128.849,133.766,139.427,129.202,139.983,136.529,142.306,138.199,138.165
863.4,128.849,133.802,139.394,129.241,139.95,136.564,142.399,138.199,138.132
863.5,128.849,133.838,139.394,129.241,140.015,136.529,142.212,138.132,138.098
863.6,128.849,133.802,139.46,129.202,139.983,136.564,142.337,138.199,138.165
863.7,128.849,133.838,139.394,129.241,140.048,136.564,142.337,138.199,138.132
863.8,128.927,133.838,139.362,129.241,140.048,136.564,142.337,138.199,138.165
863.9,128.849,133.729,139.427,129.281,140.015,136.564,142.43,138.199,138.132
864.0,128.849,133.874,139.362,129.241,140.015,136.564,142.306,138.199,138.199
864.1,128.849,133.874,139.394,129.241,140.015,136.564,142.337,138.232,138.165
864.2,128.888,133.911,139.362,129.241,139.95,136.564,142.337,138.199,138.132
864.3,128.849,134.055,139.362,129.241,140.048,136.529,142.337,138.232,138.165
864.4,128.888,133.911,139.362,129.241,140.048,136.529,142.306,138.199,138.165
864.5,128.849,133.947,139.394,129.241,140.113,136.633,142.368,138.199,138.165
864.6,128.888,133.983,139.394,129.281,140.048,136.529,142.337,138.165,138.232
864.7,128.849,133.983,139.362,129.32,140.08,136.529,142.337,138.232,138.165
864.8,128.888,134.055,139.394,129.281,140.048,136.564,142.368,138.232,138.165
864.9,128.967,134.019,139.394,129.281,140.08,136.598,142.337,138.232,138.199
865.0,128.888,133.983,139.46,129.241,140.048,136.598,142.337,138.199,138.132
865.1,128.849,133.983,139.362,129.241,140.048,136.564,142.275,138.232,138.165
865.2,128.967,133.983,139.394,129.32,140.113,136.564,142.368,138.232,138.165
865.3,128.927,133.947,139.362,129.32,140.08,136.598,142.275,138.232,138.165
865.4,129.006,133.983,139.394,129.281,140.08,136.529,142.399,138.199,138.165
865.5,128.888,134.091,139.362,129.359,140.113,136.564,142.368,138.232,138.199
865.6,128.927,134.091,139.362,129.32,140.145,136.598,142.368,138.199,138.165
865.7,129.006,134.019,139.394,129.32,140.113,136.598,142.337,138.266,138.165
865.8,128.927,134.091,139.394,129.32,140.113,136.598,142.399,138.266,138.199
865.9,128.967,134.127,139.362,129.398,140.113,136.633,142.337,138.232,138.165
866.0,128.888,134.091,139.362,129.359,140.145,136.667,142.337,138.199,138.199
866.1,128.967,134.127,139.394,129.359,140.113,136.494,142.337,138.232,138.165
866.2,128.888,134.127,139.362,129.281,140.113,136.564,142.368,138.232,138.199
866.3,128.888,134.091,139.427,129.32,140.145,136.598,142.337,138.232,138.165
866.4,128.888,134.091,139.394,129.398,140.177,136.598,142.368,138.199,138.165
866.5,128.967,134.091,139.394,129.359,140.21,136.564,142.337,138.232,138.199
866.6,128.927,134.164,139.427,129.32,140.145,136.598,142.337,138.232,138.199
866.7,128.967,134.127,139.296,129.398,140.145,136.564,142.368,138.266,138.165
866.8,128.967,134.127,139.394,129.32,140.145,136.598,142.337,138.266,138.165
866.9,128.927,134.127,139.394,129.398,140.177,136.529,142.368,138.232,138.232
867.0,128.967,134.164,139.394,129.437,140.275,136.564,142.368,138.266,138.199
867.1,128.927,134.2,139.394,129.398,140.177,136.564,142.368,138.333,138.199
867.2,128.927,134.091,139.394,129.359,140.145,136.598,142.368,138.232,138.165
867.3,128.927,134.164,139.394,129.359,140.177,136.564,142.337,138.232,138.232
867.4,128.967,134.2,139.394,129.32,140.242,136.564,142.368,138.232,138.199
867.5,128.927,134.236,139.394,129.359,140.242,136.598,142.337,138.232,138.165
867.6,128.927,134.236,139.362,129.359,140.21,136.564,142.399,138.299,138.232
867.7,128.927,134.272,139.427,129.359,140.177,136.564,142.337,138.266,138.199
867.8,128.967,134.272,139.394,129.398,140.339,136.564,142.306,138.199,138.199
867.9,128.967,134.272,139.394,129.359,140.21,136.564,142.399,138.232,138.165
868.0,128.967,134.308,139.362,129.437,140.275,136.598,142.337,138.266,138.199
868.1,128.967,134.308,139.362,129.398,140.242,136.598,142.337,138.266,138.199
868.2,128.849,134.308,139.394,129.398,140.307,136.564,142.368,138.266,138.199
868.3,128.927,134.308,139.394,129.398,140.242,136.598,142.306,138.299,138.232
868.4,128.967,134.236,139.362,129.437,140.242,136.598,142.399,138.266,138.199
868.5,128.967,134.308,139.394,129.398,140.242,136.564,142.368,138.266,138.299
868.6,129.006,134.308,139.362,129.32,140.307,136.598,142.337,138.266,138.199
868.7,128.967,134.379,139.362,129.398,140.275,136.598,142.368,138.266,138.266
868.8,129.006,134.379,139.394,129.437,140.275,136.598,142.399,138.266,138.266
868.9,129.006,134.343,139.362,129.476,140.307,136.598,142.337,138.333,138.232
869.0,128.967,134.415,139.394,129.437,140.307,136.564,142.306,138.299,138.199
869.1,128.967,134.379,139.394,129.437,140.307,136.598,142.368,138.299,138.232
869.2,129.006,134.343,139.362,129.437,140.275,136.633,142.337,138.266,138.199
869.3,129.006,134.451,139.394,129.437,140.339,136.564,142.368,138.366,138.232
869.4,128.967,134.451,139.362,129.515,140.307,136.598,142.337,138.299,138.232
869.5,129.006,134.451,139.362,129.437,140.307,136.598,142.337,138.266,138.266
869.6,129.006,134.451,139.427,129.476,140.339,136.598,142.368,138.333,138.266
869.7,129.006,134.451,139.362,129.437,140.307,136.598,142.368,138.299,138.266
869.8,128.967,134.451,139.394,129.476,140.307,136.598,142.368,138.299,138.299
869.9,129.006,134.487,139.362,129.437,140.307,136.598,142.368,138.299,138.232
870.0,129.006,134.559,139.427,129.437,140.339,136.598,142.306,138.333,138.232
870.1,129.006,134.487,139.362,129.437,140.275,136.598,142.337,138.266,138.266
870.2,129.006,134.487,139.394,129.515,140.372,136.633,142.306,138.299,138.232
870.3,129.006,134.415,139.394,129.476,140.372,136.633,142.368,138.266,138.199
870.4,129.085,134.523,139.394,129.515,140.339,136.598,142.337,138.333,138.299
870.5,129.045,134.559,139.394,129.554,140.404,136.598,142.368,138.333,138.232
870.6,129.045,134.63,139.362,129.476,140.307,136.598,142.368,138.299,138.199
870.7,129.006,134.559,139.394,129.515,140.372,136.598,142.368,138.333,138.299
870.8,129.006,134.559,139.362,129.515,140.372,136.598,142.337,138.299,138.232
870.9,129.045,134.666,139.394,129.515,140.436,136.564,142.368,138.333,138.266
871.0,129.006,134.559,139.362,129.515,140.339,136.598,142.306,138.232,138.299
871.1,129.045,134.594,139.394,129.515,140.372,136.598,142.337,138.232,138.266
871.2,129.045,134.487,139.362,129.515,140.372,136.598,142.368,138.299,138.299
871.3,129.006,134.559,139.394,129.593,140.404,136.598,142.306,138.366,138.333
871.4,128.967,134.63,139.362,129.476,140.404,136.667,142.368,138.299,138.232
871.5,129.045,134.63,139.394,129.554,140.404,136.598,142.368,138.299,138.266
871.6,129.045,134.594,139.427,129.515,140.436,136.564,142.368,138.266,138.266
871.7,129.085,134.63,139.46,129.476,140.404,136.633,142.337,138.366,138.299
871.8,129.045,134.63,139.394,129.554,140.436,136.598,142.306,138.299,138.232
871.9,129.006,134.63,139.394,129.515,140.404,136.633,142.337,138.266,138.366
872.0,129.163,134.63,139.394,129.515,140.501,136.633,142.337,138.299,138.266
872.1,129.045,134.666,139.427,129.632,140.468,136.598,142.337,138.366,138.232
872.2,129.045,134.666,139.394,129.593,140.436,136.598,142.337,138.333,138.266
872.3,129.085,134.702,139.394,129.554,140.436,136.633,142.337,138.333,138.299
872.4,129.045,134.702,139.394,129.554,140.468,136.598,142.275,138.299,138.266
872.5,129.124,134.702,139.394,129.632,140.436,136.598,142.306,138.299,138.266
872.6,129.045,134.702,139.427,129.593,140.468,136.598,142.337,138.333,138.232
872.7,129.045,134.702,139.46,129.554,140.501,136.598,142.368,138.366,138.299
872.8,129.045,134.737,139.427,129.593,140.468,136.598,142.368,138.333,138.299
872.9,129.045,134.737,139.427,129.554,140.501,136.598,142.368,138.366,138.266
873.0,129.045,134.737,139.394,129.593,140.501,136.598,142.275,138.333,138.299
873.1,129.045,134.737,139.394,129.593,140.501,136.633,142.337,138.333,138.299
873.2,129.045,134.737,139.394,129.593,140.597,136.633,142.337,138.366,138.333
873.3,129.045,134.773,139.394,129.593,140.533,136.667,142.337,138.299,138.266
873.4,129.085,134.773,139.493,129.593,140.533,136.633,142.337,138.366,138.299
873.5,129.124,134.844,139.427,129.593,140.533,136.598,142.368,138.366,138.266
873.6,129.124,134.844,139.394,129.593,140.533,136.598,142.337,138.366,138.333
873.7,129.124,134.844,139.394,129.632,140.565,136.667,142.337,138.333,138.266
873.8,129.124,134.88,139.427,129.671,140.597,136.598,142.399,138.299,138.299
873.9,129.085,134.844,139.362,129.554,140.533,136.633,142.275,138.366,138.299
874.0,129.124,134.809,139.394,129.593,140.565,136.598,142.368,138.333,138.299
874.1,129.085,134.951,139.394,129.593,140.501,136.633,142.337,138.366,138.299
874.2,129.163,134.88,139.427,129.632,140.565,136.598,142.337,138.333,138.299
874.3,129.124,134.88,139.394,129.671,140.468,136.667,142.368,138.266,138.299
874.4,129.085,134.88,139.394,129.671,140.565,136.633,142.368,138.366,138.333
874.5,129.085,134.915,139.394,129.632,140.533,136.598,142.337,138.366,138.333
874.6,129.085,134.88,139.394,129.632,140.597,136.598,142.43,138.433,138.333
874.7,129.124,134.915,139.362,129.671,140.629,136.633,142.337,138.366,138.299
874.8,129.124,134.915,139.362,129.632,140.533,136.598,142.337,138.366,138.299
874.9,129.124,134.951,139.427,129.671,140.533,136.564,142.337,138.333,138.299
875.0,129.163,134.915,139.394,129.671,140.597,136.598,142.368,138.366,138.333
875.1,129.124,134.915,139.394,129.71,140.597,136.667,142.337,138.366,138.333
875.2,129.124,134.951,139.394,129.632,140.597,136.598,142.399,138.366,138.333
875.3,129.085,134.951,139.394,129.671,140.565,136.598,142.368,138.4,138.333
875.4,129.124,134.951,139.427,129.632,140.597,136.598,142.368,138.366,138.366
875.5,129.085,135.022,139.394,129.71,140.629,136.633,142.275,138.366,138.333
875.6,129.085,134.915,139.394,129.671,140.693,136.633,142.368,138.366,138.333
875.7,129.085,135.022,139.394,129.632,140.597,136.633,142.337,138.366,138.299
875.8,129.085,134.987,139.394,129.671,140.597,136.667,142.337,138.366,138.333
875.9,129.124,135.022,139.427,129.749,140.725,136.633,142.368,138.366,138.299
876.0,129.202,135.058,139.427,129.671,140.661,136.598,142.399,138.366,138.299
876.1,129.124,135.058,139.394,129.71,140.661,136.598,142.337,138.4,138.333
876.2,129.163,135.058,139.362,129.671,140.661,136.633,142.337,138.366,138.366
876.3,129.124,135.058,139.427,129.671,140.661,136.633,142.368,138.366,138.333
876.4,129.124,135.058,139.394,129.71,140.629,136.598,142.368,138.366,138.299
876.5,129.163,135.093,139.329,129.671,140.661,136.633,142.399,138.366,138.333
876.6,129.163,135.058,139.427,129.749,140.661,136.633,142.337,138.333,138.333
876.7,129.085,135.129,139.394,129.71,140.629,136.633,142.368,138.366,138.366
876.8,129.124,135.093,139.427,129.671,140.597,136.702,142.306,138.366,138.333
876.9,129.163,135.093,139.394,129.71,140.661,136.633,142.368,138.4,138.333
877.0,129.124,135.093,139.427,129.71,140.661,136.633,142.337,138.4,138.366
877.1,129.124,135.093,139.427,129.71,140.693,136.633,142.368,138.4,138.333
877.2,129.124,135.129,139.394,129.71,140.629,136.633,142.337,138.433,138.266
877.3,129.085,135.164,139.427,129.71,140.725,136.598,142.368,138.4,138.299
877.4,129.163,135.129,139.394,129.749,140.693,136.598,142.306,138.366,138.333
877.5,129.124,135.199,139.362,129.71,140.758,136.667,142.368,138.4,138.333
877.6,129.163,135.199,139.296,129.787,140.693,136.667,142.337,138.366,138.333
877.7,129.202,135.199,139.46,129.749,140.693,136.633,142.337,138.4,138.366
877.8,129.124,135.164,139.394,129.749,140.693,136.633,142.337,138.4,138.366
877.9,129.202,135.199,139.46,129.749,140.725,136.598,142.462,138.366,138.366
878.0,129.163,135.199,139.427,129.749,140.758,136.598,142.368,138.4,138.333
878.1,129.163,135.235,139.427,129.787,140.693,136.633,142.337,138.4,138.333
878.2,129.163,135.235,139.394,129.749,140.725,136.633,142.337,138.4,138.366
878.3,129.085,135.27,139.493,129.865,140.693,136.667,142.337,138.433,138.333
878.4,129.163,135.199,139.362,129.826,140.758,136.598,142.306,138.4,138.366
878.5,129.124,135.235,139.427,129.787,140.725,136.633,142.368,138.366,138.366
878.6,129.163,135.235,139.427,129.787,140.758,136.633,142.368,138.433,138.366
878.7,129.202,135.235,139.427,129.749,140.758,136.633,142.337,138.467,138.4
878.8,129.202,135.27,139.427,129.787,140.661,136.736,142.368,138.467,138.366
878.9,129.163,135.341,139.46,129.787,140.822,136.633,142.337,138.433,138.366
879.0,129.202,135.27,139.427,129.787,140.758,136.633,142.368,138.4,138.4
879.1,129.163,135.27,139.394,129.749,140.79,136.667,142.368,138.199,138.433
879.2,129.163,135.27,139.427,129.787,140.758,136.667,142.368,138.433,138.366
879.3,129.202,135.341,139.427,129.787,140.758,136.633,142.399,138.4,138.333
879.4,129.085,135.27,139.427,129.787,140.758,136.667,142.399,138.4,138.366
879.5,129.163,135.341,139.394,129.865,140.79,136.667,142.337,138.4,138.333
879.6,129.202,135.341,139.394,129.865,140.822,136.667,142.399,138.433,138.366
879.7,129.202,135.376,139.427,129.865,140.822,136.667,142.368,138.467,138.366
879.8,129.202,135.376,139.394,129.865,140.822,136.667,142.368,138.4,138.366
879.9,129.202,135.341,139.427,129.826,140.822,136.633,142.368,138.433,138.4
880.0,129.202,135.376,139.394,129.826,140.822,136.633,142.337,138.4,138.4
880.1,129.202,135.447,139.427,129.826,140.822,136.633,142.399,138.5,138.333
880.2,129.124,135.376,139.362,129.826,140.854,136.667,142.306,138.4,138.4
880.3,129.202,135.376,139.394,129.826,140.854,136.667,142.399,138.433,138.366
880.4,129.163,135.482,139.427,129.826,140.79,136.667,142.368,138.433,138.299
880.5,129.202,135.411,139.427,129.865,140.822,136.667,142.337,138.467,138.433
880.6,129.241,135.411,139.427,129.826,140.822,136.667,142.306,138.467,138.4
880.7,129.241,135.447,139.46,129.865,140.822,136.633,142.368,138.4,138.366
880.8,129.202,135.411,139.46,129.904,140.854,136.633,142.368,138.5,138.4
880.9,129.163,135.482,139.526,129.826,140.854,136.667,142.337,138.433,138.4
881.0,129.202,135.411,139.46,129.865,140.854,136.771,142.275,138.467,138.4
881.1,129.202,135.447,139.394,129.865,140.886,136.633,142.43,138.4,138.4
881.2,129.281,135.482,139.46,129.865,140.822,136.771,142.368,138.433,138.4
881.3,129.202,135.482,139.394,129.787,140.854,136.667,142.368,138.567,138.366
881.4,129.241,135.552,139.427,129.865,140.854,136.633,142.368,138.433,138.4
881.5,129.202,135.447,139.427,129.942,140.886,136.667,142.399,138.433,138.4
881.6,129.241,135.552,139.526,129.865,140.854,136.667,142.368,138.433,138.433
881.7,129.202,135.552,139.394,129.904,140.918,136.667,142.337,138.467,138.5
881.8,129.241,135.517,139.427,129.904,140.886,136.667,142.306,138.4,138.4
881.9,129.281,135.517,139.427,129.981,140.886,136.633,142.337,138.467,138.366
882.0,129.281,135.552,139.427,129.865,140.886,136.633,142.368,138.467,138.366
882.1,129.241,135.552,139.394,129.942,140.918,136.667,142.337,138.433,138.433
882.2,129.202,135.587,139.427,129.865,140.854,136.633,142.368,138.4,138.433
882.3,129.241,135.552,139.46,129.942,140.918,136.702,142.337,138.467,138.4
882.4,129.202,135.587,139.427,129.942,140.886,136.633,142.337,138.433,138.4
882.5,129.241,135.482,139.427,129.942,140.95,136.633,142.368,138.433,138.4
882.6,129.241,135.552,139.394,129.942,140.95,136.667,142.368,138.4,138.4
882.7,129.241,135.587,139.427,129.904,140.918,136.667,142.337,138.433,138.4
882.8,129.359,135.587,139.46,129.904,140.886,136.667,142.368,138.433,138.433
882.9,129.241,135.552,139.329,129.942,140.95,136.667,142.368,138.433,138.433
883.0,129.241,135.587,139.427,129.942,140.95,136.667,142.368,138.4,138.4
883.1,129.241,135.623,139.394,129.942,140.822,136.633,142.337,138.5,138.433
883.2,129.241,135.587,139.427,129.942,140.95,136.667,142.306,138.467,138.366
883.3,129.281,135.763,139.427,129.942,140.918,136.702,142.337,138.467,138.433
883.4,129.241,135.658,139.427,129.942,140.95,136.633,142.337,138.467,138.4
883.5,129.202,135.623,139.427,129.865,141.045,136.633,142.337,138.467,138.4
883.6,129.32,135.693,139.427,129.942,140.981,136.667,142.399,138.533,138.433
883.7,129.202,135.623,139.427,129.942,140.95,136.667,142.399,138.5,138.4
883.8,129.241,135.693,139.362,129.981,140.981,136.702,142.368,138.433,138.433
883.9,129.202,135.693,139.427,129.981,140.981,136.633,142.368,138.5,138.433
884.0,129.241,135.728,139.427,129.981,141.077,136.702,142.337,138.433,138.4
884.1,129.281,135.763,139.427,129.942,141.013,136.736,142.337,138.5,138.467
884.2,129.241,135.693,139.427,129.942,140.95,136.702,142.337,138.6,138.4
884.3,129.241,135.728,139.394,129.981,140.981,136.667,142.399,138.467,138.433
884.4,129.202,135.798,139.493,129.981,140.981,136.633,142.399,138.5,138.433
884.5,129.281,135.728,139.427,129.981,141.013,136.667,142.306,138.5,138.433
884.6,129.281,135.728,139.427,130.02,140.981,136.667,142.337,138.433,138.433
884.7,129.241,135.728,139.427,130.02,141.013,136.633,142.368,138.467,138.433
884.8,129.281,135.693,139.427,129.981,140.981,136.633,142.337,138.467,138.433
884.9,129.241,135.728,139.427,130.02,140.981,136.633,142.337,138.5,138.467
885.0,129.241,135.728,139.394,129.981,141.077,136.667,142.337,138.467,138.433
885.1,129.241,135.763,139.493,130.02,141.045,136.702,142.368,138.467,138.433
885.2,129.281,135.763,139.394,130.02,140.886,136.771,142.368,138.467,138.433
885.3,129.241,135.763,139.427,130.097,141.045,136.667,142.368,138.5,138.4
885.4,129.241,135.763,139.427,130.02,140.918,136.633,142.368,138.533,138.433
885.5,129.281,135.833,139.362,130.02,141.045,136.771,142.368,138.5,138.433
885.6,129.281,135.833,139.493,130.02,141.013,136.667,142.337,138.467,138.433
885.7,129.281,135.798,139.394,130.02,141.077,136.702,142.368,138.5,138.433
885.8,129.281,135.833,139.394,130.02,141.045,136.667,142.337,138.533,138.433
885.9,129.281,135.728,139.427,130.058,141.077,136.667,142.337,138.5,138.467
886.0,129.32,135.833,139.46,130.02,141.045,136.633,142.306,138.5,138.433
886.1,129.241,135.798,139.46,130.02,141.077,136.667,142.337,138.533,138.433
886.2,129.281,135.833,139.394,130.02,141.045,136.667,142.462,138.5,138.433
886.3,129.281,135.868,139.427,130.02,141.077,136.667,142.368,138.467,138.467
886.4,129.241,135.903,139.46,130.02,141.077,136.667,142.399,138.5,138.5
886.5,129.32,135.868,139.427,130.02,141.077,136.702,142.399,138.533,138.433
886.6,129.359,135.868,139.427,130.02,141.077,136.702,142.368,138.5,138.5
886.7,129.32,135.903,139.427,130.058,141.141,136.702,142.337,138.533,138.467
886.8,129.32,135.903,139.427,130.02,141.077,136.667,142.368,138.5,138.433
886.9,129.32,135.903,139.427,130.02,141.077,136.667,142.368,138.567,138.5
887.0,129.398,135.973,139.427,130.097,141.109,136.667,142.337,138.567,138.467
887.1,129.32,135.973,139.427,130.058,141.109,136.667,142.337,138.5,138.467
887.2,129.32,135.973,139.427,130.02,141.109,136.667,142.368,138.533,138.5
887.3,129.32,135.938,139.427,130.058,141.141,136.771,142.399,138.5,138.5
887.4,129.32,135.938,139.394,130.058,141.077,136.702,142.337,138.567,138.5
887.5,129.359,136.043,139.427,130.097,141.173,136.667,142.368,138.5,138.533
887.6,129.281,135.973,139.427,130.136,141.077,136.667,142.337,138.533,138.467
887.7,129.32,136.008,139.46,130.097,141.109,136.633,142.368,138.5,138.467
887.8,129.32,135.973,139.46,129.942,141.236,136.667,142.337,138.533,138.467
887.9,129.32,136.008,139.427,130.02,141.045,136.667,142.306,138.533,138.467
888.0,129.359,136.008,139.394,130.058,141.141,136.667,142.399,138.533,138.533
888.1,129.359,136.043,139.427,130.058,141.173,136.736,142.399,138.5,138.5
888.2,129.359,136.043,139.493,130.136,141.173,136.702,142.399,138.533,138.467
888.3,129.32,135.973,139.427,130.097,141.173,136.736,142.337,138.5,138.533
888.4,129.32,136.043,139.46,130.174,141.204,136.736,142.337,138.533,138.6
888.5,129.398,136.008,139.46,130.097,141.173,136.667,142.368,138.533,138.5
888.6,129.32,136.182,139.493,130.136,141.173,136.736,142.368,138.533,138.5
888.7,129.359,136.078,139.427,130.174,141.173,136.667,142.337,138.5,138.467
888.8,129.359,136.078,139.46,130.136,141.141,136.702,142.399,138.533,138.5
888.9,129.32,136.043,139.46,130.136,141.173,136.667,142.368,138.533,138.467
889.0,129.359,136.078,139.394,130.097,141.204,136.771,142.337,138.533,138.5
889.1,129.32,136.078,139.427,130.174,141.173,136.667,142.43,138.5,138.5
889.2,129.359,136.112,139.427,130.097,141.236,136.736,142.337,138.533,138.5
889.3,129.32,136.112,139.427,130.174,141.204,136.702,142.337,138.533,138.5
889.4,129.359,136.112,139.526,130.136,141.3,136.667,142.368,138.533,138.533
889.5,129.359,136.147,139.46,130.136,141.173,136.702,142.368,138.567,138.5
889.6,129.359,136.182,139.493,130.136,141.268,136.702,142.368,138.567,138.5
889.7,129.32,136.182,139.46,130.058,141.204,136.667,142.368,138.533,138.5
889.8,129.398,136.147,139.427,130.174,141.268,136.702,142.368,138.567,138.5
889.9,129.359,136.147,139.427,130.136,141.236,136.702,142.337,138.533,138.5
890.0,129.359,136.147,139.46,130.251,141.204,136.667,142.337,138.533,138.5
890.1,129.32,136.182,139.427,130.213,141.268,136.702,142.368,138.567,138.467
890.2,129.32,136.217,139.493,130.174,141.173,136.633,142.368,138.567,138.5
890.3,129.32,136.182,139.427,130.174,141.3,136.667,142.368,138.567,138.5
890.4,129.359,136.217,139.427,130.136,141.268,136.667,142.368,138.567,138.5
890.5,129.398,136.182,139.46,130.174,141.236,136.736,142.399,138.567,138.467
890.6,129.398,136.182,139.46,130.213,141.236,136.771,142.368,138.567,138.567
890.7,129.359,136.182,139.427,130.174,141.268,136.702,142.337,138.533,138.5
890.8,129.32,136.182,139.427,130.213,141.204,136.667,142.368,138.533,138.533
890.9,129.398,136.182,139.427,130.251,141.204,136.667,142.368,138.567,138.467
891.0,129.437,136.252,139.427,130.174,141.268,136.702,142.368,138.633,138.5
891.1,129.32,136.252,139.427,130.213,141.236,136.736,142.337,138.567,138.5
891.2,129.359,136.252,139.46,130.213,141.268,136.702,142.368,138.6,138.5
891.3,129.359,136.321,139.46,130.213,141.268,136.736,142.337,138.633,138.5
891.4,129.359,136.321,139.427,130.213,141.3,136.702,142.337,138.567,138.533
891.5,129.359,136.252,139.46,130.213,141.3,136.702,142.399,138.533,138.5
891.6,129.359,136.286,139.493,130.174,141.268,136.702,142.368,138.567,138.533
891.7,129.359,136.286,139.493,130.213,141.3,136.702,142.368,138.567,138.533
891.8,129.437,136.321,139.46,130.251,141.268,136.702,142.368,138.533,138.567
891.9,129.359,136.252,139.46,130.174,141.363,136.702,142.337,138.567,138.533
892.0,129.398,136.286,139.427,130.29,141.3,136.736,142.368,138.6,138.5
892.1,129.359,136.321,139.46,130.328,141.3,136.667,142.368,138.6,138.533
892.2,129.398,136.286,139.427,130.251,141.331,136.736,142.399,138.567,138.533
892.3,129.398,136.321,139.427,130.328,141.331,136.702,142.399,138.533,138.533
892.4,129.437,136.321,139.46,130.213,141.3,136.702,142.368,138.567,138.533
892.5,129.359,136.321,139.46,130.213,141.331,136.736,142.306,138.6,138.567
892.6,129.437,136.321,139.427,130.251,141.331,136.736,142.368,138.6,138.567
892.7,129.437,136.356,139.558,130.251,141.363,136.667,142.368,138.533,138.533
892.8,129.398,136.356,139.46,130.29,141.363,136.736,142.337,138.567,138.533
892.9,129.398,136.425,139.362,130.251,141.331,136.702,142.368,138.633,138.567
893.0,129.398,136.39,139.427,130.213,141.331,136.667,142.368,138.6,138.533
893.1,129.398,136.425,139.46,130.251,141.363,136.702,142.368,138.567,138.533
893.2,129.398,136.425,139.46,130.251,141.331,136.702,142.399,138.6,138.533
893.3,129.398,136.425,139.46,130.251,141.363,136.702,142.337,138.567,138.567
893.4,129.437,136.39,139.427,130.29,141.331,136.598,142.368,138.633,138.5
893.5,129.32,136.425,139.493,130.29,141.363,136.736,142.368,138.6,138.533
893.6,129.398,136.425,139.394,130.29,141.331,136.771,142.368,138.567,138.567
893.7,129.398,136.425,139.427,130.251,141.331,136.736,142.368,138.6,138.6
893.8,129.398,136.39,139.427,130.29,141.363,136.667,142.368,138.633,138.5
893.9,129.515,136.494,139.46,130.251,141.395,136.702,142.368,138.667,138.567
894.0,129.398,136.529,139.427,130.328,141.395,136.667,142.399,138.633,138.6
894.1,129.437,136.46,139.394,130.29,141.331,136.633,142.368,138.633,138.567
894.2,129.398,136.46,139.46,130.251,141.363,136.702,142.368,138.6,138.533
894.3,129.398,136.46,139.427,130.367,141.395,136.702,142.337,138.633,138.567
894.4,129.476,136.494,139.493,130.328,141.395,136.736,142.368,138.633,138.567
894.5,129.437,136.494,139.427,130.251,141.427,136.771,142.368,138.6,138.633
894.6,129.437,136.494,139.46,130.251,141.363,136.736,142.399,138.633,138.567
894.7,129.437,136.46,139.427,130.367,141.395,136.702,142.368,138.6,138.567
894.8,129.359,136.529,139.427,130.444,141.363,136.736,142.368,138.567,138.533
894.9,129.398,136.529,139.493,130.328,141.395,136.736,142.368,138.6,138.6
895.0,129.437,136.529,139.493,130.251,141.458,136.702,142.337,138.633,138.567
895.1,129.398,136.529,139.427,130.328,141.427,136.702,142.337,138.667,138.567
895.2,129.437,136.598,139.46,130.328,141.395,136.771,142.368,138.6,138.567
895.3,129.398,136.529,139.427,130.29,141.427,136.702,142.399,138.633,138.567
895.4,129.398,136.494,139.427,130.367,141.458,136.736,142.43,138.6,138.533
895.5,129.437,136.598,139.493,130.29,141.458,136.736,142.399,138.6,138.567
895.6,129.437,136.564,139.46,130.405,141.395,136.702,142.368,138.633,138.567
895.7,129.398,136.564,139.493,130.328,141.49,136.702,142.368,138.633,138.567
895.8,129.476,136.564,139.493,130.328,141.395,136.736,142.368,138.633,138.633
895.9,129.437,136.598,139.427,130.367,141.49,136.702,142.368,138.633,138.567
896.0,129.437,136.633,139.46,130.367,141.458,136.771,142.368,138.633,138.6
896.1,129.476,136.564,139.427,130.405,141.458,136.736,142.399,138.667,138.533
896.2,129.437,136.529,139.493,130.367,141.427,136.736,142.399,138.6,138.567
896.3,129.437,136.598,139.427,130.367,141.49,136.736,142.399,138.633,138.567
896.4,129.437,136.702,139.493,130.367,141.458,136.736,142.368,138.633,138.567
896.5,129.437,136.667,139.394,130.405,141.458,136.736,142.399,138.6,138.667
896.6,129.437,136.633,139.46,130.367,141.49,136.736,142.368,138.633,138.6
896.7,129.437,136.633,139.46,130.405,141.458,136.736,142.399,138.633,138.6
896.8,129.476,136.667,139.427,130.405,141.49,136.702,142.337,138.633,138.6
896.9,129.437,136.667,139.427,130.405,141.49,136.736,142.399,138.633,138.6
897.0,129.476,136.667,139.493,130.405,141.49,136.736,142.399,138.667,138.6
897.1,129.515,136.702,139.526,130.367,141.49,136.805,142.337,138.633,138.567
897.2,129.476,136.702,139.46,130.405,141.521,136.805,142.368,138.633,138.633
897.3,129.437,136.702,139.427,130.367,141.49,136.736,142.43,138.633,138.633
897.4,129.437,136.771,139.427,130.367,141.553,136.702,142.368,138.6,138.6
897.5,129.476,136.702,139.427,130.405,141.521,136.736,142.399,138.633,138.633
897.6,129.437,136.702,139.394,130.405,141.49,136.771,142.368,138.667,138.6
897.7,129.476,136.702,139.46,130.405,141.49,136.805,142.368,138.633,138.567
897.8,129.437,136.702,139.427,130.328,141.521,136.633,142.399,138.633,138.6
897.9,129.515,136.702,139.46,130.444,141.521,136.736,142.244,138.633,138.633
898.0,129.476,136.736,139.427,130.405,141.553,136.736,142.337,138.667,138.6
898.1,129.476,136.736,139.493,130.444,141.553,136.736,142.368,138.667,138.667
898.2,129.476,136.805,139.526,130.405,141.521,136.702,142.337,138.633,138.633
898.3,129.554,136.771,139.493,130.405,141.553,136.736,142.368,138.667,138.6
898.4,129.398,136.771,139.427,130.444,141.521,136.736,142.399,138.667,138.7
898.5,129.515,136.771,139.46,130.52,141.521,136.736,142.368,138.7,138.6
898.6,129.476,136.736,139.46,130.405,141.553,136.736,142.368,138.667,138.6
898.7,129.476,136.805,139.46,130.52,141.553,136.736,142.399,138.667,138.633
898.8,129.476,136.805,139.394,130.405,141.553,136.771,142.399,138.633,138.633
898.9,129.476,136.805,139.46,130.444,141.616,136.702,142.368,138.633,138.633
899.0,129.554,136.839,139.46,130.405,141.49,136.736,142.399,138.667,138.633
899.1,129.476,136.874,139.427,130.444,141.553,136.736,142.337,138.667,138.6
899.2,129.554,136.805,139.493,130.405,141.585,136.736,142.368,138.667,138.633
899.3,129.515,136.839,139.427,130.482,141.585,136.736,142.399,138.7,138.633
899.4,129.515,136.839,139.46,130.405,141.585,136.702,142.399,138.667,138.6
899.5,129.437,136.839,139.427,130.444,141.648,136.736,142.399,138.6,138.667
899.6,129.476,136.839,139.427,130.444,141.616,136.736,142.368,138.667,138.7
899.7,129.515,136.908,139.46,130.482,141.585,136.736,142.368,138.667,138.6
899.8,129.515,136.874,139.493,130.444,141.616,136.736,142.43,138.7,138.7
899.9,129.476,136.908,139.427,130.405,141.585,136.771,142.337,138.733,138.667
900.0,129.515,136.943,139.493,130.482,141.616,136.736,142.399,138.667,138.667
900.1,129.476,136.874,139.46,130.444,141.711,136.736,142.368,138.667,138.633
900.2,129.476,136.908,139.46,130.444,141.616,136.736,142.399,138.667,138.633
900.3,129.437,136.874,139.493,130.444,141.616,136.736,142.399,138.667,138.633
900.4,129.515,136.874,139.493,130.482,141.616,136.736,142.399,138.7,138.6
900.5,129.476,136.908,139.493,130.482,141.616,136.736,142.368,138.7,138.667
900.6,129.476,136.908,139.46,130.482,141.648,136.736,142.368,138.7,138.6
900.7,129.437,136.874,139.46,130.482,141.616,136.805,142.399,138.6,138.667
900.8,129.437,136.943,139.427,130.52,141.648,136.771,142.43,138.767,138.6
900.9,129.515,136.908,139.493,130.482,141.616,136.771,142.399,138.7,138.633
901.0,129.554,136.943,139.493,130.52,141.616,136.702,142.368,138.7,138.7
901.1,129.515,136.943,139.46,130.52,141.679,136.805,142.337,138.7,138.667
901.2,129.476,136.874,139.46,130.52,141.679,136.805,142.368,138.633,138.633
901.3,129.515,136.943,139.493,130.482,141.585,136.736,142.368,138.7,138.667
901.4,129.476,136.977,139.46,130.559,141.648,136.667,142.368,138.7,138.733
901.5,129.515,136.943,139.493,130.52,141.742,136.736,142.275,138.7,138.667
901.6,129.515,136.977,139.493,130.559,141.679,136.702,142.368,138.7,138.633
901.7,129.515,136.977,139.427,130.52,141.679,136.702,142.399,138.733,138.667
901.8,129.515,136.977,139.427,130.559,141.648,136.771,142.399,138.7,138.633
901.9,129.554,136.977,139.493,130.52,141.648,136.736,142.462,138.667,138.667
902.0,129.515,137.011,139.493,130.559,141.679,136.736,142.337,138.667,138.667
902.1,129.554,137.045,139.427,130.482,141.711,136.702,142.368,138.667,138.667
902.2,129.437,137.011,139.46,130.597,141.679,136.771,142.337,138.667,138.733
902.3,129.554,137.011,139.46,130.52,141.679,136.771,142.368,138.7,138.667
902.4,129.515,137.08,139.46,130.52,141.648,136.736,142.368,138.7,138.667
902.5,129.515,137.011,139.46,130.559,141.679,136.771,142.337,138.667,138.7
902.6,129.554,137.08,139.427,130.559,141.679,136.771,142.368,138.7,138.633
902.7,129.554,137.011,139.46,130.559,141.679,136.736,142.399,138.7,138.733
902.8,129.593,137.08,139.493,130.559,141.679,136.771,142.399,138.667,138.667
902.9,129.593,137.045,139.493,130.559,141.742,136.702,142.337,138.7,138.667
903.0,129.554,137.08,139.46,130.559,141.679,136.736,142.368,138.667,138.633
903.1,129.554,137.148,139.394,130.559,141.679,136.805,142.368,138.667,138.7
903.2,129.554,137.114,139.493,130.559,141.742,136.736,142.368,138.667,138.7
903.3,129.515,137.08,139.46,130.52,141.679,136.771,142.43,138.733,138.633
903.4,129.554,137.08,139.493,130.597,141.711,136.736,142.337,138.7,138.7
903.5,129.515,137.148,139.46,130.559,141.742,136.771,142.368,138.667,138.7
903.6,129.515,137.114,139.46,130.559,141.742,136.771,142.399,138.7,138.7
903.7,129.554,137.114,139.493,130.597,141.774,136.771,142.399,138.667,138.7
903.8,129.476,137.148,139.46,130.597,141.679,136.771,142.368,138.767,138.7
903.9,129.476,137.114,139.46,130.597,141.711,136.702,142.368,138.7,138.667
904.0,129.554,137.148,139.427,130.597,141.742,136.771,142.43,138.7,138.667
904.1,129.554,137.182,139.46,130.597,141.742,136.839,142.368,138.733,138.7
904.2,129.515,137.114,139.526,130.559,141.742,136.771,142.399,138.767,138.6
904.3,129.515,137.114,139.46,130.597,141.742,136.736,142.399,138.733,138.6
904.4,129.515,137.182,139.493,130.597,141.742,136.736,142.368,138.7,138.7
904.5,129.593,137.182,139.46,130.597,141.742,136.771,142.368,138.733,138.7
904.6,129.515,137.182,139.46,130.635,141.742,136.771,142.368,138.7,138.733
904.7,129.554,137.148,139.526,130.597,141.742,136.771,142.368,138.767,138.7
904.8,129.593,137.182,139.493,130.597,141.742,136.736,142.43,138.7,138.7
904.9,129.554,137.182,139.46,130.635,141.742,136.771,142.399,138.733,138.7
905.0,129.515,137.182,139.493,130.597,141.711,136.805,142.368,138.7,138.667
905.1,129.437,137.216,139.526,130.559,141.742,136.805,142.399,138.7,138.667
905.2,129.554,137.285,139.493,130.674,141.742,136.736,142.399,138.733,138.7
905.3,129.515,137.216,139.46,130.712,141.805,136.771,142.368,138.767,138.7
905.4,129.515,137.216,139.46,130.597,141.805,136.771,142.399,138.767,138.667
905.5,129.515,137.285,139.526,130.635,141.805,136.805,142.368,138.767,138.667
905.6,129.593,137.251,139.493,130.635,141.837,136.805,142.337,138.733,138.7
905.7,129.554,137.251,139.526,130.635,141.837,136.839,142.368,138.767,138.7
905.8,129.632,137.251,139.493,130.674,141.774,136.805,142.462,138.8,138.667
905.9,129.593,137.251,139.46,130.635,141.805,136.771,142.368,138.767,138.667
906.0,129.554,137.285,139.427,130.674,141.774,136.805,142.368,138.733,138.7
906.1,129.554,137.319,139.493,130.674,141.805,136.771,142.368,138.733,138.733
906.2,129.593,137.319,139.493,130.674,141.805,136.805,142.337,138.733,138.7
906.3,129.593,137.319,139.558,130.674,141.805,136.805,142.43,138.667,138.7
906.4,129.593,137.285,139.526,130.674,141.805,136.771,142.368,138.767,138.733
906.5,129.515,137.285,139.362,130.635,141.774,136.771,142.399,138.8,138.7
906.6,129.554,137.285,139.493,130.712,141.868,136.771,142.368,138.767,138.667
906.7,129.554,137.285,139.46,130.75,141.837,136.771,142.368,138.733,138.733
906.8,129.554,137.319,139.46,130.674,141.868,136.771,142.275,138.733,138.733
906.9,129.632,137.319,139.493,130.674,141.805,136.805,142.43,138.733,138.733
907.0,129.554,137.387,139.46,130.674,141.774,136.736,142.399,138.767,138.733
907.1,129.593,137.251,139.427,130.712,141.837,136.943,142.399,138.733,138.733
907.2,129.71,137.387,139.46,130.674,141.805,136.771,142.399,138.767,138.733
907.3,129.671,137.387,139.46,130.674,141.868,136.771,142.368,138.767,138.733
907.4,129.632,137.387,139.526,130.674,141.868,136.839,142.368,138.8,138.7
907.5,129.554,137.455,139.493,130.75,141.868,136.771,142.399,138.733,138.733
907.6,129.593,137.387,139.46,130.635,141.837,136.736,142.368,138.767,138.733
907.7,129.593,137.421,139.427,130.674,141.868,136.771,142.43,138.8,138.733
907.8,129.554,137.387,139.493,130.712,141.931,136.771,142.368,138.767,138.8
907.9,129.632,137.353,139.526,130.712,141.899,136.805,142.337,138.7,138.767
908.0,129.632,137.319,139.493,130.75,141.931,136.771,142.399,138.767,138.7
908.1,129.671,137.387,139.46,130.712,141.868,136.805,142.368,138.767,138.733
908.2,129.593,137.387,139.493,130.674,141.868,136.771,142.368,138.767,138.733
908.3,129.593,137.421,139.526,130.712,141.868,136.771,142.368,138.767,138.7
908.4,129.632,137.387,139.46,130.712,141.868,136.805,142.368,138.733,138.733
908.5,129.554,137.421,139.46,130.712,141.868,136.771,142.368,138.767,138.767
908.6,129.554,137.421,139.46,130.75,141.899,136.771,142.368,138.8,138.733
908.7,129.593,137.455,139.493,130.75,141.868,136.805,142.399,138.7,138.7
908.8,129.632,137.455,139.427,130.712,141.931,136.805,142.368,138.8,138.767
908.9,129.593,137.455,139.493,130.75,141.899,136.805,142.368,138.767,138.733
909.0,129.554,137.421,139.46,130.75,141.899,136.839,142.462,138.767,138.733
909.1,129.632,137.421,139.493,130.75,141.931,136.805,142.368,138.8,138.733
909.2,129.593,137.523,139.493,130.826,141.868,136.805,142.43,138.8,138.733
909.3,129.593,137.455,139.427,130.788,141.962,136.771,142.306,138.767,138.733
909.4,129.632,137.455,139.493,130.75,141.899,136.771,142.399,138.767,138.767
909.5,129.593,137.489,139.526,130.788,141.899,136.771,142.368,138.767,138.7
909.6,129.554,137.489,139.493,130.788,141.899,136.771,142.368,138.8,138.733
909.7,129.593,137.489,139.46,130.788,141.931,136.805,142.399,138.767,138.767
909.8,129.632,137.421,139.493,130.712,141.931,136.805,142.368,138.733,138.733
909.9,129.671,137.489,139.427,130.826,141.868,136.805,142.368,138.833,138.733
910.0,129.632,137.523,139.493,130.826,141.931,136.771,142.399,138.8,138.767
910.1,129.632,137.489,139.493,130.788,141.994,136.805,142.368,138.767,138.767
910.2,129.593,137.557,139.493,130.75,141.962,136.771,142.399,138.767,138.7
910.3,129.593,137.557,139.493,130.788,141.994,136.805,142.399,138.8,138.733
910.4,129.632,137.557,139.427,130.788,141.962,136.805,142.399,138.767,138.733
910.5,129.632,137.557,139.493,130.788,141.962,136.771,142.368,138.767,138.767
910.6,129.593,137.557,139.493,130.75,141.962,136.771,142.399,138.767,138.767
910.7,129.671,137.557,139.493,130.788,141.994,136.771,142.368,138.767,138.767
910.8,129.632,137.523,139.46,130.75,141.962,136.839,142.399,138.8,138.667
910.9,129.632,137.557,139.493,130.75,141.931,136.736,142.368,138.8,138.767
911.0,129.593,137.523,139.46,130.826,141.962,136.736,142.399,138.8,138.767
911.1,129.632,137.625,139.493,130.788,141.994,136.771,142.368,138.8,138.8
911.2,129.632,137.625,139.46,130.788,141.962,136.805,142.399,138.733,138.733
911.3,129.632,137.523,139.526,130.788,141.994,136.805,142.399,138.866,138.8
911.4,129.554,137.591,139.46,130.826,141.994,136.771,142.399,138.866,138.8
911.5,129.671,137.591,139.427,130.903,141.962,136.771,142.368,138.8,138.733
911.6,129.71,137.591,139.493,130.826,142.025,136.805,142.399,138.767,138.767
911.7,129.671,137.557,139.46,130.788,141.994,136.874,142.337,138.767,138.8
911.8,129.632,137.591,139.46,130.826,141.962,136.736,142.368,138.8,138.733
911.9,129.671,137.659,139.493,130.826,141.994,136.805,142.43,138.7,138.767
912.0,129.632,137.693,139.46,130.903,142.087,136.805,142.399,138.767,138.833
912.1,129.632,137.693,139.46,130.788,141.994,136.805,142.368,138.8,138.767
912.2,129.632,137.659,139.46,130.826,142.025,136.805,142.43,138.8,138.767
912.3,129.632,137.659,139.558,130.826,142.056,136.805,142.43,138.833,138.8
912.4,129.671,137.659,139.493,130.826,141.994,136.805,142.399,138.833,138.733
912.5,129.632,137.659,139.46,130.864,142.025,136.805,142.368,138.8,138.767
912.6,129.671,137.659,139.46,130.864,142.119,136.805,142.399,138.8,138.767
912.7,129.632,137.591,139.493,130.826,142.025,136.805,142.368,138.8,138.767
912.8,129.671,137.625,139.46,130.903,141.994,136.771,142.399,138.8,138.8
912.9,129.671,137.693,139.493,130.826,142.056,136.805,142.399,138.767,138.8
913.0,129.671,137.693,139.526,130.864,142.025,136.874,142.368,138.7,138.767
913.1,129.671,137.659,139.46,130.864,141.962,136.805,142.368,138.833,138.767
913.2,129.632,137.727,139.46,130.864,142.025,136.839,142.43,138.833,138.8
913.3,129.632,137.659,139.493,130.864,141.994,136.771,142.368,138.833,138.8
913.4,129.671,137.693,139.526,130.941,142.056,136.771,142.368,138.866,138.8
913.5,129.671,137.693,139.493,130.75,142.087,136.805,142.337,138.866,138.8
913.6,129.632,137.761,139.46,130.903,142.087,136.805,142.368,138.833,138.767
913.7,129.593,137.727,139.526,130.903,142.056,136.805,142.368,138.833,138.8
913.8,129.593,137.727,139.493,130.941,142.056,136.805,142.368,138.833,138.767
913.9,129.671,137.794,139.493,130.864,142.056,136.839,142.43,138.833,138.8
914.0,129.71,137.761,139.526,130.864,141.994,136.908,142.43,138.8,138.833
914.1,129.632,137.761,139.493,130.941,142.087,136.805,142.43,138.833,138.833
914.2,129.71,137.761,139.46,130.903,142.056,136.839,142.399,138.833,138.833
914.3,129.632,137.727,139.526,130.788,142.087,136.805,142.368,138.833,138.8
914.4,129.671,137.794,139.493,130.903,142.087,136.805,142.399,138.833,138.833
914.5,129.71,137.794,139.493,130.903,142.056,136.805,142.43,138.833,138.833
914.6,129.71,137.794,139.46,130.864,142.087,136.805,142.43,138.833,138.833
914.7,129.671,137.761,139.493,130.903,142.056,136.839,142.368,138.833,138.767
914.8,129.71,137.828,139.46,130.903,142.056,136.805,142.368,138.833,138.833
914.9,129.749,137.794,139.493,130.903,142.087,136.874,142.368,138.833,138.833
915.0,129.671,137.761,139.558,130.979,142.056,136.805,142.337,138.866,138.866
915.1,129.71,137.828,139.46,130.903,142.119,136.805,142.368,138.833,138.8
915.2,129.671,137.828,139.493,130.903,142.119,136.805,142.368,138.833,138.833
915.3,129.632,137.828,139.493,130.903,142.15,136.805,142.368,138.866,138.833
915.4,129.71,137.862,139.558,130.903,142.119,136.839,142.399,138.833,138.8
915.5,129.671,137.862,139.46,130.941,142.119,136.805,142.43,138.866,138.899
915.6,129.71,137.828,139.493,130.979,142.087,136.805,142.368,138.833,138.833
915.7,129.671,137.828,139.526,130.941,142.087,136.839,142.368,138.833,138.866
915.8,129.632,137.828,139.493,130.979,142.119,136.805,142.368,138.899,138.8
915.9,129.749,137.794,139.526,130.903,142.119,136.839,142.399,138.866,138.833
916.0,129.71,137.896,139.493,130.941,142.087,136.771,142.399,138.866,138.8
916.1,129.71,137.963,139.46,130.979,142.119,136.839,142.399,138.866,138.833
916.2,129.671,137.929,139.493,131.017,142.119,136.805,142.368,138.899,138.8
916.3,129.787,137.929,139.46,130.979,142.119,136.874,142.399,138.866,138.833
916.4,129.671,137.896,139.493,130.979,142.119,136.839,142.368,138.866,138.8
916.5,129.71,137.896,139.493,130.979,142.15,136.839,142.368,138.866,138.866
916.6,129.826,137.896,139.46,131.017,142.15,136.908,142.399,138.866,138.833
916.7,129.71,137.929,139.493,130.979,142.119,136.805,142.43,138.899,138.866
916.8,129.71,137.963,139.46,130.979,142.15,136.805,142.368,138.866,138.833
916.9,129.749,137.963,139.526,130.979,142.15,136.805,142.43,138.866,138.833
917.0,129.671,137.997,139.46,131.017,142.181,136.805,142.368,138.899,138.833
917.1,129.671,137.929,139.493,130.979,142.15,136.805,142.399,138.866,138.833
917.2,129.71,137.929,139.46,130.979,142.119,136.839,142.337,138.866,138.833
917.3,129.671,138.064,139.493,131.017,142.15,136.805,142.399,138.866,138.866
917.4,129.71,137.963,139.493,131.017,142.181,136.805,142.368,138.866,138.833
917.5,129.671,137.963,139.46,130.979,142.244,136.805,142.43,138.833,138.866
917.6,129.749,137.963,139.558,131.017,142.244,136.839,142.368,138.866,138.833
917.7,129.71,137.997,139.46,131.017,142.181,136.805,142.399,138.866,138.833
917.8,129.71,137.963,139.493,130.979,142.119,136.839,142.462,138.8,138.833
917.9,129.71,137.963,139.46,131.017,142.244,136.805,142.368,138.866,138.866
918.0,129.749,137.997,139.46,131.017,142.181,136.805,142.368,138.899,138.866
918.1,129.749,138.031,139.526,131.017,142.212,136.839,142.43,138.899,138.833
918.2,129.71,138.031,139.493,131.017,142.212,136.839,142.368,138.899,138.899
918.3,129.71,138.031,139.493,131.017,142.244,136.874,142.399,138.866,138.899
918.4,129.71,138.064,139.427,131.093,142.212,136.839,142.399,138.866,138.866
918.5,129.749,138.031,139.526,131.093,142.181,136.839,142.399,138.899,138.866
918.6,129.749,138.031,139.493,131.017,142.181,136.805,142.399,138.833,138.866
918.7,129.71,138.064,139.558,131.055,142.212,136.805,142.399,138.866,138.866
918.8,129.71,138.031,139.493,131.055,142.181,136.839,142.399,138.899,138.866
918.9,129.749,138.031,139.526,131.055,142.244,136.839,142.399,138.866,138.833
919.0,129.749,138.031,139.46,130.979,142.212,136.839,142.43,138.932,138.899
919.1,129.671,137.997,139.493,131.131,142.212,136.805,142.368,138.866,138.866
919.2,129.71,138.098,139.526,131.017,142.181,136.874,142.399,138.866,138.833
919.3,129.749,138.064,139.493,131.055,142.244,136.839,142.399,138.866,138.866
919.4,129.749,138.064,139.526,131.093,142.212,136.839,142.399,138.899,138.866
919.5,129.749,138.031,139.427,131.017,142.244,136.839,142.399,138.866,138.866
919.6,129.787,138.064,139.493,131.055,142.181,136.805,142.399,138.966,138.833
919.7,129.749,138.064,139.493,131.055,142.244,136.805,142.43,138.866,138.899
919.8,129.749,138.064,139.526,131.055,142.306,136.839,142.368,138.866,138.866
919.9,129.749,138.098,139.526,131.017,142.244,136.874,142.43,138.899,138.833
920.0,129.71,138.064,139.493,131.093,142.337,136.839,142.399,138.932,138.866
920.1,129.787,138.098,139.493,131.055,142.244,136.839,142.43,138.866,138.833
920.2,129.749,138.098,139.493,131.055,142.244,136.839,142.368,138.932,138.899
920.3,129.749,138.098,139.493,131.131,142.244,136.839,142.399,138.866,138.833
920.4,129.749,138.132,139.493,130.941,142.368,136.839,142.462,138.866,138.866
920.5,129.749,138.132,139.493,131.055,142.244,136.839,142.399,138.932,138.899
920.6,129.749,138.132,139.493,131.055,142.275,136.805,142.43,138.932,138.866
920.7,129.787,138.132,139.46,131.093,142.275,136.874,142.399,138.966,138.866
920.8,129.749,138.132,139.526,131.131,142.212,136.805,142.399,138.899,138.866
920.9,129.787,138.132,139.493,131.093,142.337,136.839,142.368,138.932,138.866
921.0,129.749,138.132,139.493,131.093,142.275,136.943,142.399,138.966,138.866
921.1,129.749,138.199,139.526,131.093,142.306,136.839,142.399,138.899,138.932
921.2,129.787,138.165,139.46,131.055,142.337,136.805,142.399,138.932,138.899
921.3,129.71,138.199,139.493,131.169,142.275,136.839,142.368,138.932,138.866
921.4,129.787,138.199,139.493,131.017,142.337,136.839,142.368,138.966,138.866
921.5,129.787,138.199,139.493,131.055,142.306,136.839,142.43,138.932,138.899
921.6,129.749,138.199,139.46,131.131,142.306,136.874,142.43,138.899,138.899
921.7,129.787,138.199,139.493,131.093,142.337,136.839,142.462,138.932,138.866
921.8,129.71,138.199,139.526,131.093,142.337,136.839,142.43,138.932,138.866
921.9,129.71,138.165,139.526,131.131,142.306,136.805,142.399,138.899,138.866
922.0,129.787,138.232,139.493,131.169,142.368,136.874,142.399,138.932,138.866
922.1,129.71,138.199,139.493,131.131,142.306,136.839,142.43,138.966,138.899
922.2,129.71,138.232,139.493,131.131,142.337,136.908,142.399,138.866,138.866
922.3,129.749,138.266,139.493,131.131,142.368,136.874,142.399,138.899,138.833
922.4,129.787,138.299,139.526,131.169,142.337,136.874,142.462,138.932,138.899
922.5,129.787,138.232,139.493,131.093,142.337,136.839,142.43,138.966,138.899
922.6,129.749,138.232,139.493,131.093,142.306,136.839,142.43,138.966,138.899
922.7,129.749,138.232,139.493,131.131,142.337,136.874,142.368,138.899,139.065
922.8,129.787,138.199,139.493,131.131,142.306,136.874,142.399,138.932,138.899
922.9,129.826,138.266,139.493,131.093,142.337,136.839,142.399,138.932,138.932
923.0,129.749,138.299,139.493,131.169,142.306,136.805,142.43,138.932,138.932
923.1,129.749,138.266,139.493,131.207,142.306,136.839,142.399,138.932,138.899
923.2,129.787,138.333,139.493,131.169,142.306,136.839,142.399,138.899,138.932
923.3,129.749,138.266,139.526,131.131,142.306,136.874,142.399,138.966,138.966
923.4,129.749,138.299,139.493,131.131,142.306,136.839,142.399,138.932,138.899
923.5,129.749,138.299,139.526,131.131,142.337,136.839,142.43,138.932,138.899
923.6,129.749,138.299,139.493,131.169,142.368,136.805,142.43,138.966,138.866
923.7,129.749,138.299,139.493,131.207,142.306,136.839,142.368,138.966,138.899
923.8,129.787,138.333,139.46,131.169,142.399,136.874,142.399,138.932,138.899
923.9,129.787,138.4,139.493,131.169,142.368,136.839,142.399,138.932,138.932
924.0,129.787,138.299,139.493,131.169,142.337,136.839,142.399,138.999,138.932
924.1,129.749,138.299,139.526,131.207,142.399,136.874,142.43,138.932,138.899
924.2,129.826,138.299,139.493,131.169,142.462,136.839,142.43,138.966,138.899
924.3,129.749,138.333,139.493,131.207,142.368,136.839,142.399,138.999,138.932
924.4,129.749,138.333,139.526,131.207,142.399,136.839,142.399,138.966,138.899
924.5,129.749,138.333,139.591,131.207,142.275,136.943,142.399,138.966,138.932
924.6,129.787,138.333,139.493,131.169,142.399,136.874,142.43,138.932,138.932
924.7,129.787,138.4,139.526,131.245,142.368,136.839,142.399,138.966,138.899
924.8,129.787,138.333,139.558,131.207,142.399,136.874,142.368,138.932,138.932
924.9,129.749,138.333,139.493,131.245,142.43,136.874,142.399,138.966,138.932
925.0,129.787,138.366,139.526,131.245,142.43,136.839,142.399,138.999,138.966
925.1,129.749,138.366,139.493,131.207,142.399,136.839,142.368,138.966,138.899
925.2,129.749,138.5,139.46,131.169,142.43,136.874,142.399,138.966,138.899
925.3,129.826,138.366,139.526,131.245,142.493,136.839,142.399,138.999,138.899
925.4,129.826,138.467,139.558,131.207,142.399,136.874,142.368,138.999,138.899
925.5,129.787,138.366,139.46,131.207,142.43,136.805,142.399,138.966,138.899
925.6,129.787,138.4,139.526,131.207,142.43,136.839,142.399,138.966,138.932
925.7,129.787,138.433,139.558,131.207,142.524,136.874,142.399,138.966,138.932
925.8,129.942,138.4,139.493,131.207,142.43,136.874,142.43,138.899,138.899
925.9,129.787,138.467,139.493,131.207,142.43,136.839,142.43,138.966,138.932
926.0,129.865,138.433,139.493,131.282,142.43,136.943,142.368,138.966,138.932
926.1,129.71,138.433,139.526,131.245,142.43,136.874,142.368,139.032,138.999
926.2,129.826,138.4,139.493,131.245,142.43,136.839,142.399,138.966,138.932
926.3,129.787,138.433,139.493,131.245,142.462,136.943,142.368,139.032,138.932
926.4,129.865,138.4,139.526,131.282,142.43,136.839,142.399,138.966,138.966
926.5,129.787,138.467,139.46,131.245,142.462,136.839,142.399,138.932,138.966
926.6,129.904,138.5,139.493,131.207,142.43,136.839,142.43,138.966,138.899
926.7,129.826,138.467,139.493,131.245,142.43,136.874,142.399,138.966,138.932
926.8,129.865,138.433,139.526,131.282,142.493,136.908,142.368,138.966,138.932
926.9,129.865,138.5,139.526,131.245,142.493,136.839,142.399,138.966,138.966
927.0,129.865,138.5,139.526,131.245,142.493,136.874,142.399,138.966,138.966
927.1,129.865,138.433,139.493,131.207,142.462,136.805,142.399,138.932,138.966
927.2,129.865,138.567,139.526,131.282,142.493,136.874,142.399,138.966,138.966
927.3,129.904,138.467,139.493,131.282,142.462,136.839,142.399,138.966,138.999
927.4,129.787,138.5,139.493,131.245,142.462,136.874,142.399,138.999,138.999
927.5,129.826,138.467,139.526,131.32,142.493,136.874,142.43,138.999,138.932
927.6,129.826,138.5,139.558,131.245,142.493,136.874,142.368,138.966,138.932
927.7,129.826,138.5,139.526,131.245,142.462,136.874,142.43,138.999,138.932
927.8,129.787,138.5,139.493,131.282,142.524,136.874,142.399,138.999,138.932
927.9,129.826,138.5,139.558,131.282,142.493,136.874,142.368,138.999,138.932
928.0,129.826,138.5,139.493,131.282,142.462,136.943,142.399,138.966,138.999
928.1,129.826,138.533,139.526,131.282,142.493,136.874,142.399,138.999,138.966
928.2,129.826,138.6,139.558,131.245,142.493,136.874,142.399,138.999,138.999
928.3,129.904,138.533,139.493,131.358,142.524,136.874,142.43,138.932,138.932
928.4,129.826,138.567,139.526,131.131,142.586,136.874,142.43,138.932,138.932
928.5,129.904,138.5,139.526,131.282,142.524,136.908,142.493,139.032,138.966
928.6,129.826,138.533,139.493,131.434,142.524,136.908,142.399,138.932,139.032
928.7,129.826,138.533,139.526,131.245,142.524,136.908,142.43,138.999,138.999
928.8,129.826,138.567,139.526,131.282,142.493,136.874,142.399,138.966,138.966
928.9,129.865,138.567,139.493,131.245,142.462,136.874,142.399,138.999,138.932
929.0,129.865,138.567,139.493,131.282,142.524,136.908,142.399,138.999,138.999
929.1,129.865,138.533,139.624,131.358,142.524,136.874,142.399,138.966,138.966
929.2,129.865,138.6,139.591,131.32,142.493,136.874,142.399,138.999,138.966
929.3,129.826,138.6,139.427,131.32,142.555,136.943,142.43,138.966,138.966
929.4,129.865,138.6,139.591,131.282,142.555,136.874,142.43,138.999,138.966
929.5,129.826,138.567,139.526,131.282,142.493,136.874,142.399,138.999,138.966
929.6,129.826,138.5,139.526,131.32,142.524,136.943,142.399,139.032,139.065
929.7,129.826,138.6,139.46,131.282,142.524,136.874,142.399,139.032,138.932
929.8,129.865,138.6,139.526,131.282,142.555,136.874,142.368,139.032,138.966
929.9,129.826,138.567,139.493,131.32,142.555,136.874,142.462,138.999,138.966
930.0,129.865,138.6,139.493,131.32,142.555,136.874,142.399,138.999,138.966
930.1,129.865,138.6,139.526,131.32,142.586,136.874,142.399,138.999,138.932
930.2,129.865,138.633,139.493,131.358,142.555,136.874,142.337,139.032,138.966
930.3,129.865,138.667,139.526,131.32,142.524,136.874,142.43,139.032,138.999
930.4,129.826,138.667,139.526,131.358,142.555,136.874,142.43,138.966,138.966
930.5,129.942,138.6,139.493,131.32,142.524,136.874,142.43,139.065,138.966
930.6,129.865,138.667,139.526,131.358,142.555,136.874,142.399,138.999,138.966
930.7,129.904,138.667,139.493,131.434,142.555,136.839,142.493,138.999,138.999
930.8,129.865,138.667,139.526,131.282,142.555,136.874,142.399,138.999,138.966
930.9,129.865,138.633,139.493,131.396,142.555,136.874,142.399,139.032,139.032
931.0,129.904,138.567,139.526,131.32,142.586,136.874,142.43,139.032,138.966
931.1,129.942,138.667,139.493,131.358,142.586,136.874,142.399,139.065,138.932
931.2,129.904,138.7,139.558,131.396,142.555,136.874,142.399,139.032,138.999
931.3,129.826,138.667,139.558,131.358,142.555,136.874,142.399,138.966,138.966
931.4,129.865,138.667,139.526,131.358,142.555,136.874,142.399,139.032,138.999
931.5,129.942,138.667,139.493,131.396,142.586,136.874,142.368,139.098,138.999
931.6,129.865,138.667,139.526,131.358,142.586,136.874,142.462,139.032,139.032
931.7,129.865,138.733,139.493,131.358,142.555,136.874,142.368,138.999,138.999
931.8,129.904,138.667,139.526,131.358,142.617,136.874,142.399,139.032,138.999
931.9,129.865,138.7,139.493,131.396,142.586,136.874,142.399,139.032,139.032
932.0,129.865,138.733,139.526,131.358,142.586,136.874,142.399,138.999,138.966
932.1,129.904,138.767,139.526,131.434,142.586,136.874,142.399,139.032,138.966
932.2,129.826,138.667,139.493,131.358,142.586,136.908,142.399,138.999,138.999
932.3,129.865,138.667,139.526,131.358,142.555,136.874,142.462,139.065,138.966
932.4,129.904,138.733,139.526,131.396,142.648,136.908,142.43,139.065,139.032
932.5,129.865,138.733,139.526,131.396,142.586,136.874,142.43,138.999,138.999
932.6,129.904,138.767,139.558,131.396,142.679,136.908,142.43,138.999,139.032
932.7,129.865,138.667,139.526,131.396,142.617,136.874,142.399,139.065,139.032
932.8,129.865,138.733,139.493,131.434,142.586,136.874,142.43,138.966,138.966
932.9,129.865,138.733,139.526,131.396,142.617,136.874,142.43,139.032,139.032
933.0,129.904,138.767,139.526,131.396,142.617,136.874,142.43,139.032,139.131
933.1,129.942,138.767,139.526,131.434,142.617,137.011,142.43,139.098,138.999
933.2,129.904,138.767,139.526,131.434,142.617,136.874,142.493,139.065,138.999
933.3,129.865,138.767,139.526,131.471,142.586,136.874,142.399,139.032,139.098
933.4,129.904,138.767,139.526,131.396,142.617,136.874,142.43,139.032,138.999
933.5,129.865,138.8,139.493,131.471,142.617,136.874,142.399,139.032,138.999
933.6,129.865,138.8,139.526,131.358,142.679,136.874,142.43,139.032,138.999
933.7,129.865,138.8,139.526,131.471,142.586,136.908,142.43,139.065,138.999
933.8,129.865,138.8,139.526,131.471,142.679,136.908,142.399,139.032,139.032
933.9,129.942,138.767,139.526,131.358,142.648,136.908,142.43,139.098,139.065
934.0,129.904,138.833,139.526,131.434,142.679,136.874,142.43,139.065,138.999
934.1,129.942,138.833,139.591,131.434,142.648,136.943,142.43,139.098,138.999
934.2,129.981,138.833,139.526,131.434,142.679,136.908,142.43,139.032,139.032
934.3,129.942,138.833,139.526,131.471,142.648,136.908,142.462,139.032,139.032
934.4,129.942,138.833,139.526,131.547,142.648,136.908,142.399,139.032,139.032
934.5,129.942,138.8,139.526,131.471,142.648,136.874,142.399,139.032,139.032
934.6,129.942,138.833,139.493,131.584,142.648,136.874,142.43,139.065,138.999
934.7,129.826,138.833,139.427,131.547,142.679,136.943,142.462,139.065,138.932
934.8,129.942,138.833,139.558,131.434,142.648,136.874,142.43,139.065,139.032
934.9,130.02,138.899,139.526,131.434,142.679,136.908,142.43,139.065,139.032
935.0,129.904,138.833,139.493,131.434,142.679,136.908,142.462,139.098,139.032
935.1,129.981,138.866,139.558,131.471,142.709,136.908,142.399,139.032,139.032
935.2,129.942,138.899,139.526,131.471,142.648,136.908,142.43,139.032,139.065
935.3,129.865,138.833,139.558,131.434,142.679,136.874,142.399,139.065,139.065
935.4,129.942,138.866,139.558,131.547,142.709,136.943,142.399,139.065,139.032
935.5,129.981,138.899,139.526,131.434,142.679,136.874,142.43,139.032,139.065
935.6,129.904,138.966,139.526,131.471,142.679,136.908,142.399,139.065,139.032
935.7,129.942,138.932,139.493,131.471,142.771,136.874,142.43,139.098,139.032
935.8,129.942,138.932,139.526,131.471,142.679,136.874,142.493,139.131,139.032
935.9,129.904,138.932,139.526,131.509,142.709,136.943,142.399,139.065,139.032
936.0,129.942,138.932,139.558,131.547,142.709,136.908,142.399,139.032,139.032
936.1,129.942,138.833,139.526,131.434,142.74,136.908,142.399,139.065,139.032
936.2,129.904,138.899,139.558,131.471,142.679,136.943,142.43,139.065,139.032
936.3,129.904,138.932,139.427,131.396,142.771,136.874,142.43,139.032,139.065
936.4,129.981,138.899,139.526,131.471,142.709,136.908,142.399,139.032,139.032
936.5,129.942,138.899,139.526,131.471,142.709,136.874,142.399,139.065,139.065
936.6,129.904,138.966,139.526,131.509,142.617,136.943,142.43,139.164,139.032
936.7,129.904,138.932,139.558,131.509,142.709,136.943,142.399,139.065,139.032
936.8,130.02,138.899,139.526,131.547,142.709,136.874,142.493,138.999,139.032
936.9,129.904,139.032,139.526,131.471,142.74,136.908,142.399,139.065,139.065
937.0,129.904,138.966,139.526,131.471,142.709,136.908,142.462,139.098,138.999
937.1,129.942,139.032,139.526,131.547,142.709,136.874,142.462,139.098,139.065
937.2,129.865,138.866,139.558,131.547,142.709,136.874,142.399,139.098,139.065
937.3,129.942,138.999,139.493,131.509,142.709,136.874,142.43,139.065,139.032
937.4,130.02,138.966,139.558,131.547,142.74,136.943,142.43,139.098,139.065
937.5,129.942,138.999,139.558,131.509,142.74,136.943,142.43,139.032,139.032
937.6,129.942,138.999,139.493,131.547,142.771,136.943,142.399,139.032,139.065
937.7,129.942,138.999,139.493,131.584,142.709,136.977,142.399,139.065,139.065
937.8,129.904,138.999,139.526,131.547,142.74,136.943,142.399,139.098,139.065
937.9,129.942,139.032,139.526,131.509,142.74,136.943,142.399,139.065,138.966
938.0,129.942,138.999,139.46,131.622,142.74,136.874,142.493,139.065,139.032
938.1,129.981,138.966,139.526,131.509,142.771,136.908,142.462,139.065,139.032
938.2,129.942,138.966,139.526,131.547,142.709,136.943,142.43,139.098,139.032
938.3,129.981,139.032,139.558,131.509,142.74,136.874,142.43,139.098,139.065
938.4,130.02,138.999,139.558,131.547,142.74,136.943,142.462,139.065,139.065
938.5,129.904,138.999,139.526,131.547,142.74,136.943,142.399,139.098,139.032
938.6,130.02,138.999,139.526,131.509,142.74,136.908,142.43,139.098,139.164
938.7,130.02,139.032,139.558,131.584,142.802,136.908,142.43,139.065,139.032
938.8,129.981,139.032,139.493,131.509,142.771,136.908,142.493,139.098,139.065
938.9,129.942,139.032,139.591,131.547,142.771,136.908,142.399,139.098,139.032
939.0,129.942,139.032,139.493,131.584,142.709,136.943,142.43,139.065,139.065
939.1,129.981,139.032,139.526,131.584,142.802,136.908,142.368,139.098,139.065
939.2,130.02,138.999,139.493,131.547,142.74,136.977,142.399,139.098,139.131
939.3,129.981,139.098,139.526,131.622,142.802,136.943,142.43,139.164,139.065
939.4,129.942,139.032,139.493,131.584,142.74,136.943,142.462,139.098,139.065
939.5,129.981,139.032,139.657,131.584,142.771,136.874,142.43,139.098,139.065
939.6,129.942,139.098,139.558,131.584,142.648,136.908,142.462,139.098,139.032
939.7,130.058,139.098,139.558,131.584,142.833,136.908,142.399,139.131,139.032
939.8,129.942,139.065,139.689,131.547,142.802,136.943,142.43,139.131,139.065
939.9,129.942,139.098,139.493,131.547,142.771,136.943,142.462,139.098,139.065
940.0,129.942,139.065,139.526,131.584,142.771,136.908,142.43,139.098,139.065
940.1,129.981,139.131,139.558,131.547,142.802,136.908,142.399,139.098,139.098
940.2,129.981,139.131,139.558,131.622,142.771,136.908,142.43,139.098,139.065
940.3,130.02,139.098,139.591,131.547,142.771,136.908,142.43,139.032,139.065
940.4,130.02,139.164,139.526,131.584,142.802,136.943,142.399,139.131,139.065
940.5,129.981,139.098,139.526,131.584,142.802,136.977,142.43,139.131,139.098
940.6,129.981,139.131,139.46,131.584,142.709,136.874,142.43,139.098,139.098
940.7,129.981,139.098,139.526,131.584,142.802,136.908,142.399,139.098,139.098
940.8,129.981,139.131,139.46,131.584,142.833,136.908,142.399,139.065,139.131
940.9,129.981,139.098,139.624,131.584,142.833,136.908,142.43,139.098,139.164
941.0,129.981,139.131,139.558,131.584,142.802,136.943,142.43,139.098,139.065
941.1,130.058,139.164,139.558,131.584,142.833,136.943,142.399,139.098,139.131
941.2,130.02,139.164,139.591,131.622,142.771,136.943,142.43,139.164,139.098
941.3,130.02,139.296,139.558,131.584,142.802,136.943,142.43,139.098,139.131
941.4,129.981,139.131,139.526,131.584,142.802,136.908,142.399,139.098,139.098
941.5,130.02,139.164,139.526,131.66,142.802,136.943,142.43,139.164,139.065
941.6,130.02,139.131,139.526,131.584,142.833,136.908,142.43,139.131,139.065
941.7,129.942,139.197,139.493,131.66,142.833,137.011,142.43,139.131,139.197
941.8,130.02,139.164,139.526,131.622,142.833,136.908,142.462,139.131,139.164
941.9,129.981,139.197,139.591,131.622,142.956,136.874,142.43,139.131,139.098
942.0,130.058,139.23,139.526,131.66,142.864,136.908,142.43,139.098,139.098
942.1,129.981,139.197,139.624,131.622,142.833,136.943,142.399,139.098,139.065
942.2,129.981,139.131,139.624,131.622,142.771,136.977,142.43,139.098,139.098
942.3,130.058,139.164,139.624,131.66,142.833,136.908,142.43,139.164,139.098
942.4,129.981,139.164,139.558,131.66,142.864,136.943,142.43,139.164,139.131
942.5,130.02,139.197,139.657,131.622,142.864,136.977,142.43,139.131,139.098
942.6,129.981,139.164,139.526,131.622,142.833,136.943,142.399,139.098,139.098
942.7,129.942,139.263,139.526,131.66,142.864,136.943,142.399,139.131,139.197
942.8,129.981,139.197,139.558,131.697,142.864,136.908,142.399,139.098,139.098
942.9,129.981,139.263,139.558,131.697,142.864,136.908,142.462,139.164,139.098
943.0,130.02,139.197,139.526,131.66,142.833,136.977,142.43,139.131,139.098
943.1,129.981,139.296,139.526,131.66,142.864,136.943,142.368,139.164,139.098
943.2,130.058,139.263,139.558,131.66,142.864,136.908,142.399,139.131,139.131
943.3,130.02,139.164,139.526,131.697,142.864,137.08,142.43,139.098,139.131
943.4,129.981,139.329,139.591,131.622,142.925,136.908,142.462,139.131,139.098
943.5,130.058,139.263,139.558,131.66,142.925,136.943,142.43,139.131,139.131
943.6,130.058,139.296,139.624,131.66,142.864,136.977,142.399,139.098,139.131
943.7,130.097,139.263,139.558,131.66,142.895,136.943,142.43,139.098,139.164
943.8,130.02,139.329,139.526,131.735,142.895,136.977,142.43,139.131,139.164
943.9,130.058,139.263,139.558,131.735,142.864,136.908,142.399,139.164,139.131
944.0,130.02,139.296,139.558,131.66,142.864,136.908,142.493,139.131,139.131
944.1,129.981,139.263,139.558,131.697,142.956,136.943,142.399,139.131,139.098
944.2,130.058,139.296,139.558,131.66,142.895,136.908,142.43,139.164,139.131
944.3,130.058,139.296,139.493,131.66,142.956,136.943,142.43,139.131,139.131
944.4,130.02,139.329,139.558,131.66,142.833,136.977,142.524,139.197,139.164
944.5,130.058,139.296,139.526,131.697,142.895,136.943,142.43,139.197,139.131
944.6,130.02,139.296,139.558,131.697,142.956,136.943,142.43,139.131,139.131
944.7,130.02,139.296,139.558,131.697,142.956,136.943,142.43,139.131,139.164
944.8,130.097,139.296,139.558,131.66,142.956,136.977,142.43,139.164,139.131
944.9,129.942,139.329,139.558,131.697,142.895,136.943,142.462,139.164,139.131
945.0,129.981,139.296,139.558,131.735,142.895,136.943,142.43,139.164,139.164
945.1,130.058,139.329,139.526,131.697,142.925,136.908,142.43,139.131,139.098
945.2,130.02,139.329,139.493,131.697,142.925,136.943,142.43,139.164,139.098
945.3,130.02,139.329,139.526,131.697,142.925,136.943,142.43,139.065,139.164
945.4,130.02,139.329,139.591,131.697,142.925,136.874,142.399,139.164,139.131
945.5,130.02,139.329,139.558,131.735,142.925,136.943,142.399,139.197,139.131
945.6,130.058,139.329,139.591,131.735,142.895,136.908,142.43,139.164,139.23
945.7,130.02,139.329,139.526,131.772,142.925,136.943,142.43,139.164,139.098
945.8,130.058,139.23,139.591,131.772,142.925,137.011,142.43,139.131,139.131
945.9,129.981,139.296,139.558,131.772,142.925,136.943,142.399,139.164,139.131
946.0,130.02,139.362,139.558,131.735,142.925,136.908,142.43,139.164,139.164
946.1,130.02,139.362,139.526,131.735,142.925,136.943,142.462,139.131,139.098
946.2,130.02,139.427,139.526,131.697,142.925,136.943,142.399,139.131,139.131
946.3,129.942,139.362,139.526,131.697,142.925,136.943,142.462,139.197,139.164
946.4,130.058,139.362,139.558,131.697,142.925,136.943,142.462,139.164,139.131
946.5,130.058,139.394,139.558,131.735,142.956,136.943,142.43,139.164,139.131
946.6,130.058,139.427,139.493,131.735,142.956,136.943,142.462,139.197,139.164
946.7,130.02,139.362,139.558,131.772,142.956,136.977,142.43,139.098,139.131
946.8,130.02,139.427,139.558,131.735,142.925,136.977,142.43,139.131,139.164
946.9,129.981,139.362,139.558,131.772,142.925,136.943,142.43,139.164,139.131
947.0,130.058,139.394,139.526,131.735,142.956,136.943,142.43,139.197,139.131
947.1,130.02,139.394,139.558,131.772,142.925,136.943,142.399,139.164,139.131
947.2,130.02,139.394,139.558,131.772,142.987,136.943,142.43,139.164,139.164
947.3,130.097,139.427,139.558,131.848,143.018,136.977,142.43,139.164,139.164
947.4,130.136,139.394,139.526,131.772,142.956,136.943,142.43,139.164,139.197
947.5,130.02,139.394,139.558,131.81,143.018,137.011,142.43,139.23,139.197
947.6,130.02,139.46,139.624,131.772,142.956,136.943,142.462,139.197,139.164
947.7,130.058,139.493,139.526,131.772,142.925,136.943,142.43,139.23,139.164
947.8,130.058,139.46,139.558,131.81,142.833,136.943,142.43,139.197,139.164
947.9,129.942,139.394,139.558,131.772,142.987,136.943,142.43,139.23,139.164
948.0,130.097,139.493,139.591,131.81,142.956,136.943,142.43,139.164,139.164
948.1,130.097,139.46,139.526,131.772,142.956,136.943,142.368,139.263,139.164
948.2,130.058,139.427,139.558,131.735,142.987,136.943,142.43,139.23,139.23
948.3,130.02,139.427,139.591,131.772,142.956,136.943,142.368,139.197,139.164
948.4,130.058,139.46,139.526,131.81,142.987,136.943,142.43,139.23,139.131
948.5,130.097,139.46,139.591,131.81,142.987,136.943,142.43,139.197,139.131
948.6,130.058,139.46,139.558,131.772,142.956,136.908,142.43,139.263,139.164
948.7,130.058,139.46,139.558,131.772,143.018,136.943,142.43,139.23,139.164
948.8,130.02,139.46,139.526,131.772,142.987,137.011,142.43,139.131,139.263
948.9,130.097,139.427,139.558,131.848,143.018,136.943,142.43,139.164,139.164
949.0,130.097,139.493,139.558,131.848,142.925,136.874,142.493,139.23,139.23
949.1,130.02,139.46,139.558,131.81,143.048,136.943,142.462,139.164,139.197
949.2,130.097,139.493,139.526,131.81,142.987,136.977,142.43,139.23,139.164
949.3,130.097,139.493,139.558,131.848,142.956,136.977,142.462,139.164,139.164
949.4,130.097,139.46,139.624,131.81,142.987,136.943,142.462,139.164,139.131
949.5,130.097,139.493,139.591,131.848,142.987,136.977,142.43,139.23,139.197
949.6,130.097,139.558,139.591,131.848,143.048,136.943,142.43,139.23,139.23
949.7,130.097,139.493,139.558,131.848,143.079,136.943,142.462,139.197,139.164
949.8,130.097,139.493,139.591,131.81,142.987,137.045,142.43,139.23,139.197
949.9,130.097,139.296,139.558,131.848,143.018,136.977,142.43,139.23,139.197
950.0,130.097,139.591,139.558,131.772,143.018,136.977,142.43,139.164,139.197
950.1,130.097,139.591,139.526,131.848,143.048,136.977,142.43,139.197,139.197
950.2,130.058,139.558,139.558,131.848,142.987,136.943,142.43,139.197,139.197
950.3,130.02,139.493,139.558,131.81,142.987,136.943,142.462,139.164,139.197
950.4,130.058,139.558,139.526,131.848,143.018,137.011,142.462,139.197,139.197
950.5,130.097,139.558,139.558,131.848,143.048,137.011,142.462,139.197,139.197
950.6,130.097,139.558,139.558,131.848,143.048,136.977,142.43,139.197,139.164
950.7,130.097,139.558,139.526,131.848,143.048,136.977,142.337,139.263,139.263
950.8,130.058,139.558,139.558,131.848,143.079,136.943,142.43,139.197,139.164
950.9,130.097,139.591,139.558,131.848,143.048,136.977,142.462,139.23,139.197
951.0,130.097,139.558,139.558,131.848,143.018,136.977,142.462,139.296,139.197
951.1,130.136,139.624,139.558,131.848,143.048,136.977,142.43,139.263,139.197
951.2,130.136,139.591,139.558,131.848,143.018,136.943,142.399,139.197,139.23
951.3,130.097,139.526,139.558,131.848,143.048,136.943,142.43,139.23,139.164
951.4,130.097,139.591,139.394,131.885,143.079,137.011,142.462,139.197,139.197
951.5,130.058,139.624,139.526,131.922,143.048,136.977,142.462,139.197,139.197
951.6,130.097,139.591,139.558,131.885,143.048,136.943,142.43,139.197,139.23
951.7,130.136,139.657,139.591,131.885,143.079,136.977,142.399,139.23,139.23
951.8,130.097,139.624,139.558,131.885,143.048,136.977,142.493,139.23,139.263
951.9,130.213,139.591,139.624,131.885,143.079,137.011,142.43,139.197,139.164
952.0,130.097,139.657,139.591,131.885,143.048,136.977,142.399,139.263,139.197
952.1,130.136,139.624,139.526,131.848,143.11,136.977,142.43,139.23,139.197
952.2,130.136,139.591,139.526,131.848,143.048,136.977,142.555,139.23,139.23
952.3,130.136,139.624,139.591,131.885,143.11,136.977,142.43,139.296,139.23
952.4,130.136,139.657,139.624,131.848,143.079,137.011,142.368,139.23,139.23
952.5,130.097,139.624,139.558,131.885,143.079,137.011,142.43,139.263,139.23
952.6,130.136,139.624,139.591,131.96,143.11,136.977,142.399,139.23,139.197
952.7,130.097,139.657,139.558,131.885,143.11,137.011,142.43,139.263,139.197
952.8,130.097,139.624,139.591,131.885,143.11,136.977,142.462,139.23,139.23
952.9,130.136,139.689,139.558,131.885,143.079,136.977,142.43,139.23,139.23
953.0,130.136,139.624,139.591,131.885,143.079,137.011,142.43,139.263,139.263
953.1,130.136,139.689,139.558,131.922,143.11,136.943,142.43,139.197,139.23
953.2,130.136,139.624,139.526,131.885,143.11,137.045,142.462,139.263,139.329
953.3,130.136,139.624,139.591,131.885,143.079,136.943,142.493,139.23,139.23
953.4,130.136,139.722,139.591,131.922,143.11,137.011,142.43,139.23,139.23
953.5,130.136,139.657,139.558,131.885,143.11,136.977,142.462,139.23,139.098
953.6,130.174,139.689,139.558,131.96,143.079,136.908,142.399,139.263,139.296
953.7,130.136,139.657,139.526,131.922,143.11,137.011,142.43,139.23,139.263
953.8,130.136,139.689,139.624,131.922,143.11,136.977,142.462,139.263,139.197
953.9,130.174,139.689,139.526,131.885,143.079,136.977,142.43,139.23,139.23
954.0,130.136,139.689,139.624,131.922,142.987,136.977,142.399,139.263,139.23
954.1,129.942,139.689,139.558,131.922,143.171,136.977,142.399,139.23,139.197
954.2,130.136,139.689,139.591,131.922,143.11,136.943,142.462,139.197,139.23
954.3,130.136,139.722,139.591,131.922,143.141,136.943,142.43,139.296,139.23
954.4,130.174,139.689,139.558,131.848,143.141,136.977,142.43,139.098,139.263
954.5,130.097,139.657,139.624,131.922,143.11,136.977,142.43,139.263,139.296
954.6,130.174,139.755,139.558,132.035,143.141,136.977,142.43,139.23,139.263
954.7,130.136,139.722,139.558,131.997,143.141,137.011,142.43,139.263,139.263
954.8,130.174,139.755,139.558,131.96,143.11,136.977,142.524,139.263,139.263
954.9,130.136,139.722,139.591,131.922,143.171,136.977,142.43,139.23,139.263
955.0,130.097,139.755,139.558,131.922,143.11,136.977,142.43,139.263,139.23
955.1,130.136,139.722,139.591,131.96,143.141,136.977,142.399,139.23,139.197
955.2,130.213,139.722,139.558,131.922,143.171,136.977,142.43,139.197,139.23
955.3,130.136,139.755,139.591,131.96,143.141,136.977,142.43,139.23,139.263
955.4,130.213,139.755,139.591,131.997,143.141,136.977,142.399,139.164,139.23
955.5,130.136,139.755,139.558,131.922,143.141,136.977,142.43,139.23,139.296
955.6,130.174,139.755,139.526,131.96,143.171,136.977,142.43,139.263,139.263
955.7,130.097,139.755,139.558,131.96,143.141,137.011,142.462,139.263,139.263
955.8,130.174,139.787,139.624,131.922,143.141,136.977,142.399,139.263,139.23
955.9,130.174,139.755,139.591,131.96,143.171,136.977,142.43,139.23,139.197
956.0,130.136,139.755,139.558,131.997,143.171,136.943,142.462,139.263,139.263
956.1,130.174,139.755,139.624,132.035,143.171,137.011,142.493,139.197,139.23
956.2,130.174,139.787,139.558,131.96,143.141,136.977,142.399,139.296,139.23
956.3,130.174,139.787,139.591,131.885,143.202,136.977,142.43,139.263,139.263
956.4,130.174,139.82,139.558,131.96,143.141,136.977,142.43,139.23,139.296
956.5,130.136,139.755,139.558,131.96,143.171,136.977,142.462,139.197,139.263
956.6,130.213,139.787,139.558,131.997,143.294,137.011,142.43,139.296,139.197
956.7,130.136,139.755,139.591,131.997,143.171,137.011,142.462,139.197,139.329
956.8,130.097,139.755,139.591,131.997,143.202,136.977,142.462,139.263,139.23
956.9,130.174,139.755,139.558,132.035,143.141,137.011,142.43,139.263,139.23
957.0,130.174,139.82,139.558,131.997,143.202,136.977,142.462,139.296,139.362
957.1,130.136,139.82,139.591,131.997,143.171,137.011,142.43,139.263,139.23
957.2,130.174,139.82,139.526,131.96,143.171,136.977,142.462,139.329,139.23
957.3,130.174,139.787,139.558,132.035,143.141,136.977,142.43,139.263,139.296
957.4,130.174,139.82,139.591,131.997,143.171,137.045,142.493,139.296,139.23
957.5,130.174,139.918,139.558,131.997,143.202,137.011,142.43,139.296,139.263
957.6,130.213,139.82,139.558,131.997,143.233,136.977,142.43,139.263,139.296
957.7,130.174,139.82,139.591,131.96,143.202,136.977,142.43,139.329,139.263
957.8,130.213,139.885,139.591,132.035,143.233,137.011,142.43,139.263,139.263
957.9,130.213,139.885,139.558,132.035,143.233,136.943,142.43,139.329,139.329
958.0,130.174,139.853,139.558,131.997,143.171,137.011,142.493,139.23,139.263
958.1,130.174,139.853,139.558,131.997,143.202,137.011,142.462,139.263,139.296
958.2,130.174,139.885,139.657,131.997,143.233,137.08,142.43,139.296,139.263
958.3,130.136,139.82,139.558,132.072,143.263,136.977,142.43,139.263,139.263
958.4,130.29,139.853,139.558,132.035,143.202,137.011,142.462,139.263,139.263
958.5,130.174,139.853,139.591,132.035,143.202,136.977,142.43,139.296,139.263
958.6,130.136,139.885,139.526,132.035,143.202,137.011,142.43,139.263,139.263
958.7,130.213,139.885,139.591,132.109,143.171,137.011,142.43,139.263,139.23
958.8,130.136,139.885,139.526,132.072,143.233,137.011,142.43,139.263,139.296
958.9,130.251,139.82,139.558,131.997,143.233,136.943,142.43,139.296,139.296
959.0,130.213,139.885,139.558,132.035,143.263,137.045,142.43,139.296,139.263
959.1,130.174,139.885,139.591,132.035,143.202,137.011,142.399,139.296,139.296
959.2,130.29,139.918,139.591,132.072,143.233,136.977,142.462,139.296,139.263
959.3,130.251,139.95,139.591,132.072,143.202,137.011,142.43,139.263,139.329
959.4,130.136,139.918,139.558,132.035,143.233,136.977,142.462,139.263,139.329
959.5,130.213,140.015,139.657,132.035,143.263,136.977,142.43,139.329,139.263
959.6,130.174,139.95,139.591,131.997,143.233,137.011,142.493,139.329,139.263
959.7,130.213,139.885,139.558,132.072,143.263,136.977,142.493,139.296,139.296
959.8,130.174,139.885,139.591,132.035,143.202,137.011,142.43,139.296,139.296
959.9,130.251,139.918,139.558,132.072,143.324,137.011,142.43,139.296,139.329
960.0,130.213,140.048,139.591,132.072,143.263,137.011,142.43,139.263,139.296
960.1,130.174,139.95,139.591,132.184,143.233,137.011,142.493,139.329,139.394
960.2,130.251,139.95,139.624,132.035,143.233,137.011,142.462,139.296,139.296
960.3,130.213,139.918,139.591,132.072,143.263,137.045,142.43,139.296,139.296
960.4,130.29,139.95,139.657,131.997,143.263,136.977,142.462,139.329,139.263
960.5,130.213,139.983,139.591,132.109,143.263,137.011,142.43,139.329,139.263
960.6,130.251,139.95,139.558,131.997,143.263,137.011,142.43,139.296,139.263
960.7,130.213,139.983,139.591,132.109,143.294,137.045,142.43,139.296,139.23
960.8,130.29,139.983,139.591,132.109,143.294,137.011,142.462,139.362,139.263
960.9,130.213,139.983,139.591,132.184,143.263,136.977,142.399,139.296,139.263
961.0,130.251,140.015,139.591,132.072,143.263,137.045,142.462,139.296,139.329
961.1,130.251,140.015,139.558,132.035,143.263,136.943,142.462,139.329,139.296
961.2,130.213,139.95,139.624,132.072,143.233,137.011,142.43,139.296,139.263
961.3,130.251,139.983,139.591,132.035,143.324,137.011,142.524,139.296,139.263
961.4,130.213,139.983,139.558,132.072,143.294,137.011,142.462,139.329,139.296
961.5,130.213,140.015,139.624,132.147,143.324,136.977,142.493,139.296,139.263
961.6,130.251,139.983,139.558,132.147,143.233,137.114,142.43,139.296,139.296
961.7,130.251,140.048,139.624,132.147,143.263,137.011,142.43,139.329,139.362
961.8,130.251,140.015,139.558,132.147,143.324,137.011,142.43,139.394,139.329
961.9,130.251,140.015,139.591,132.109,143.294,137.011,142.524,139.362,139.362
962.0,130.251,140.015,139.591,132.147,143.324,137.011,142.399,139.296,139.296
962.1,130.213,140.015,139.591,132.109,143.294,137.011,142.462,139.296,139.296
962.2,130.213,140.015,139.558,132.147,143.263,137.011,142.462,139.296,139.263
962.3,130.213,139.983,139.558,132.147,143.294,137.011,142.399,139.329,139.263
962.4,130.251,140.015,139.591,132.109,143.263,137.011,142.462,139.362,139.263
962.5,130.251,140.048,139.591,132.184,143.294,137.011,142.462,139.296,139.296
962.6,130.251,140.015,139.558,132.072,143.355,137.045,142.43,139.329,139.296
962.7,130.251,140.048,139.558,132.147,143.294,137.011,142.43,139.329,139.329
962.8,130.213,140.048,139.591,132.184,143.263,137.011,142.462,139.329,139.329
962.9,130.213,140.08,139.558,132.184,143.324,137.011,142.493,139.362,139.296
963.0,130.174,140.015,139.657,132.147,143.324,137.011,142.493,139.296,139.329
963.1,130.251,140.048,139.624,132.072,143.324,137.011,142.462,139.329,139.296
963.2,130.251,140.048,139.624,132.072,143.355,137.011,142.43,139.329,139.296
963.3,130.251,140.015,139.624,132.147,143.294,137.011,142.43,139.362,139.263
963.4,130.251,140.048,139.558,132.147,143.294,137.045,142.524,139.329,139.329
963.5,130.251,140.08,139.591,132.109,143.294,137.045,142.493,139.263,139.329
963.6,130.213,140.08,139.591,132.221,143.294,137.011,142.493,139.296,139.362
963.7,130.251,140.048,139.657,132.109,143.385,137.045,142.462,139.296,139.329
963.8,130.251,140.113,139.558,132.109,143.385,137.011,142.493,139.329,139.296
963.9,130.29,140.08,139.558,132.221,143.324,137.011,142.43,139.362,139.296
964.0,130.251,140.08,139.624,132.184,143.324,136.977,142.493,139.296,139.394
964.1,130.251,140.113,139.591,132.109,143.416,137.011,142.493,139.362,139.329
964.2,130.251,140.08,139.591,132.184,143.355,137.011,142.462,139.296,139.329
964.3,130.251,140.08,139.558,131.997,143.385,137.045,142.462,139.329,139.329
964.4,130.251,140.015,139.624,132.184,143.324,137.011,142.43,139.329,139.296
964.5,130.251,140.08,139.591,132.147,143.355,137.011,142.462,139.362,139.394
964.6,130.251,140.08,139.591,132.184,143.324,137.08,142.462,139.394,139.329
964.7,130.328,140.113,139.591,132.109,143.294,137.011,142.43,139.329,139.329
964.8,130.251,140.145,139.624,132.147,143.324,137.045,142.462,139.362,139.362
964.9,130.251,140.08,139.558,132.259,143.324,137.011,142.43,139.362,139.362
965.0,130.251,140.177,139.591,132.147,143.385,137.045,142.43,139.296,139.329
965.1,130.251,140.113,139.591,132.221,143.355,137.011,142.462,139.362,139.329
965.2,130.29,140.145,139.558,132.221,143.355,137.011,142.493,139.329,139.329
965.3,130.328,140.145,139.591,132.184,143.385,137.011,142.43,139.329,139.329
965.4,130.251,140.145,139.558,132.147,143.385,137.011,142.462,139.362,139.362
965.5,130.328,140.145,139.591,132.259,143.385,137.011,142.43,139.329,139.263
965.6,130.29,140.177,139.624,132.184,143.324,137.045,142.43,139.362,139.362
965.7,130.367,140.145,139.591,132.147,143.355,137.08,142.462,139.362,139.394
965.8,130.29,140.177,139.657,132.221,143.385,137.011,142.462,139.362,139.362
965.9,130.29,140.113,139.591,132.221,143.355,137.045,142.43,139.329,139.329
966.0,130.251,140.145,139.526,132.221,143.355,137.011,142.462,139.362,139.296
966.1,130.251,140.113,139.591,132.147,143.355,137.08,142.43,139.362,139.329
966.2,130.29,140.145,139.591,132.221,143.355,137.011,142.493,139.362,139.329
966.3,130.29,140.145,139.624,132.221,143.355,137.011,142.462,139.362,139.362
966.4,130.251,140.177,139.591,132.184,143.385,137.011,142.462,139.362,139.362
966.5,130.251,140.177,139.591,132.184,143.416,137.011,142.462,139.329,139.329
966.6,130.251,140.145,139.624,132.221,143.385,137.011,142.462,139.362,139.329
966.7,130.213,140.242,139.591,132.221,143.355,137.08,142.399,139.394,139.329
966.8,130.367,140.145,139.591,132.221,143.385,137.045,142.493,139.362,139.362
966.9,130.328,140.21,139.624,132.221,143.385,137.045,142.462,139.362,139.296
967.0,130.251,140.177,139.624,132.221,143.385,137.045,142.462,139.362,139.329
967.1,130.29,140.177,139.558,132.221,143.416,137.045,142.462,139.394,139.329
967.2,130.29,140.177,139.624,132.221,143.416,137.011,142.368,139.329,139.526
967.3,130.328,140.275,139.591,132.259,143.446,137.045,142.462,139.362,139.329
967.4,130.29,140.21,139.591,132.259,143.385,137.011,142.43,139.329,139.362
967.5,130.29,140.21,139.657,132.259,143.416,137.011,142.43,139.362,139.362
967.6,130.367,140.242,139.558,132.259,143.416,137.011,142.43,139.362,139.362
967.7,130.328,140.242,139.657,132.259,143.446,137.045,142.462,139.329,139.46
967.8,130.29,140.242,139.624,132.221,143.416,137.08,142.462,139.362,139.362
967.9,130.29,140.242,139.591,132.221,143.507,137.011,142.462,139.362,139.362
968.0,130.29,140.21,139.591,132.221,143.446,137.011,142.462,139.394,139.329
968.1,130.29,140.242,139.558,132.221,143.416,137.011,142.43,139.394,139.362
968.2,130.29,140.242,139.591,132.37,143.446,137.011,142.493,139.394,139.394
968.3,130.328,140.275,139.591,132.259,143.446,137.045,142.43,139.394,139.329
968.4,130.328,140.275,139.624,132.296,143.446,137.011,142.462,139.362,139.362
968.5,130.29,140.242,139.689,132.259,143.446,137.011,142.399,139.362,139.362
968.6,130.29,140.275,139.624,132.259,143.446,137.045,142.43,139.362,139.362
968.7,130.29,140.242,139.558,132.221,143.416,137.045,142.462,139.394,139.46
968.8,130.29,140.242,139.689,132.296,143.477,137.045,142.462,139.362,139.362
968.9,130.328,140.275,139.624,132.259,143.416,137.08,142.493,139.394,139.427
969.0,130.328,140.275,139.624,132.259,143.446,137.011,142.399,139.362,139.329
969.1,130.29,140.21,139.591,132.259,143.446,137.045,142.462,139.362,139.394
969.2,130.328,140.242,139.624,132.333,143.416,137.045,142.399,139.394,139.362
969.3,130.328,140.275,139.624,132.333,143.416,137.08,142.462,139.362,139.362
969.4,130.405,140.275,139.624,132.259,143.416,137.011,142.462,139.362,139.362
969.5,130.328,140.307,139.657,132.296,143.416,136.943,142.462,139.394,139.362
969.6,130.29,140.242,139.558,132.296,143.446,137.011,142.462,139.394,139.394
969.7,130.367,140.307,139.591,132.333,143.446,137.148,142.43,139.394,139.394
969.8,130.328,140.307,139.558,132.259,143.416,137.045,142.462,139.362,139.394
969.9,130.367,140.307,139.624,132.259,143.477,137.045,142.493,139.362,139.362
970.0,130.367,140.275,139.558,132.333,143.446,137.011,142.462,139.394,139.394
970.1,130.328,140.307,139.591,132.333,143.477,137.045,142.462,139.394,139.362
970.2,130.328,140.339,139.657,132.296,143.416,137.045,142.462,139.362,139.394
970.3,130.328,140.339,139.624,132.259,143.416,137.045,142.493,139.394,139.394
970.4,130.367,140.307,139.591,132.333,143.477,137.011,142.462,139.362,139.394
970.5,130.328,140.339,139.624,132.296,143.446,137.045,142.493,139.362,139.394
970.6,130.328,140.339,139.591,132.259,143.446,137.011,142.462,139.362,139.394
970.7,130.328,140.307,139.624,132.259,143.477,137.045,142.493,139.427,139.362
970.8,130.405,140.372,139.558,132.37,143.416,137.08,142.555,139.394,139.362
970.9,130.328,140.307,139.624,132.333,143.446,137.011,142.43,139.394,139.394
971.0,130.328,140.339,139.526,132.37,143.477,137.045,142.462,139.296,139.362
971.1,130.367,140.339,139.624,132.333,143.477,137.045,142.462,139.427,139.362
971.2,130.367,140.339,139.624,132.333,143.538,137.045,142.462,139.362,139.394
971.3,130.29,140.307,139.624,132.333,143.477,137.045,142.462,139.394,139.427
971.4,130.328,140.339,139.591,132.333,143.416,137.08,142.43,139.394,139.394
971.5,130.367,140.404,139.591,132.296,143.477,137.114,142.462,139.427,139.362
971.6,130.367,140.372,139.493,132.333,143.477,137.045,142.462,139.394,139.394
971.7,130.405,140.307,139.624,132.37,143.477,137.08,142.43,139.493,139.362
971.8,130.328,140.339,139.558,132.296,143.538,137.011,142.43,139.394,139.394
971.9,130.367,140.307,139.657,132.37,143.416,137.045,142.462,139.362,139.394
972.0,130.328,140.339,139.657,132.296,143.477,137.08,142.524,139.427,139.394
972.1,130.367,140.372,139.624,132.333,143.477,137.045,142.43,139.394,139.362
972.2,130.328,140.372,139.624,132.333,143.507,137.045,142.462,139.427,139.362
972.3,130.367,140.372,139.624,132.333,143.446,137.08,142.462,139.394,139.394
972.4,130.367,140.372,139.624,132.333,143.477,137.045,142.493,139.394,139.362
972.5,130.328,140.372,139.558,132.333,143.507,137.011,142.524,139.394,139.362
972.6,130.367,140.404,139.558,132.37,143.477,137.08,142.524,139.362,139.394
972.7,130.444,140.404,139.624,132.37,143.477,137.045,142.493,139.427,139.394
972.8,130.367,140.436,139.689,132.37,143.507,137.045,142.462,139.296,139.394
972.9,130.328,140.404,139.624,132.333,143.477,137.08,142.462,139.427,139.427
973.0,130.444,140.372,139.624,132.37,143.477,137.045,142.43,139.394,139.394
973.1,130.367,140.372,139.591,132.407,143.477,137.045,142.493,139.427,139.427
973.2,130.367,140.404,139.591,132.333,143.446,137.045,142.462,139.394,139.394
973.3,130.328,140.436,139.558,132.444,143.507,137.08,142.462,139.394,139.394
973.4,130.367,140.404,139.624,132.37,143.507,137.011,142.493,139.362,139.362
973.5,130.405,140.436,139.591,132.407,143.568,137.045,142.462,139.329,139.394
973.6,130.405,140.404,139.624,132.333,143.568,137.011,142.462,139.46,139.394
973.7,130.405,140.404,139.558,132.37,143.538,137.08,142.43,139.362,139.362
973.8,130.367,140.404,139.624,132.37,143.568,137.011,142.43,139.394,139.394
973.9,130.405,140.404,139.624,132.37,143.507,137.045,142.43,139.46,139.394
974.0,130.367,140.372,139.624,132.407,143.538,137.08,142.462,139.427,139.362
974.1,130.328,140.404,139.624,132.407,143.538,137.045,142.399,139.427,139.394
974.2,130.405,140.404,139.624,132.37,143.538,137.08,142.493,139.558,139.394
974.3,130.367,140.468,139.657,132.407,143.538,137.08,142.524,139.394,139.394
974.4,130.367,140.436,139.689,132.407,143.538,137.045,142.493,139.394,139.394
974.5,130.405,140.436,139.624,132.37,143.507,137.045,142.493,139.427,139.558
974.6,130.367,140.468,139.624,132.37,143.538,137.045,142.493,139.427,139.427
974.7,130.444,140.468,139.624,132.407,143.538,137.045,142.493,139.427,139.427
974.8,130.367,140.404,139.657,132.37,143.538,137.045,142.493,139.394,139.394
974.9,130.405,140.436,139.624,132.37,143.538,137.011,142.462,139.394,139.394
975.0,130.367,140.468,139.591,132.296,143.507,137.011,142.43,139.394,139.427
975.1,130.367,140.436,139.624,132.37,143.538,137.045,142.462,139.427,139.427
975.2,130.444,140.501,139.591,132.37,143.568,137.08,142.493,139.394,139.394
975.3,130.328,140.468,139.657,132.37,143.568,137.045,142.368,139.427,139.493
975.4,130.482,140.468,139.624,132.407,143.568,137.045,142.493,139.329,139.362
975.5,130.405,140.468,139.657,132.444,143.446,137.045,142.462,139.427,139.427
975.6,130.367,140.468,139.657,132.407,143.538,137.08,142.43,139.394,139.46
975.7,130.405,140.468,139.624,132.407,143.568,137.08,142.462,139.427,139.427
975.8,130.405,140.468,139.722,132.407,143.599,137.045,142.493,139.394,139.427
975.9,130.405,140.436,139.591,132.407,143.538,137.08,142.462,139.46,139.362
976.0,130.405,140.468,139.624,132.444,143.568,137.045,142.462,139.46,139.427
976.1,130.444,140.533,139.657,132.407,143.507,137.045,142.462,139.46,139.427
976.2,130.444,140.501,139.624,132.407,143.568,137.011,142.493,139.526,139.427
976.3,130.405,140.533,139.591,132.407,143.568,137.045,142.462,139.46,139.427
976.4,130.367,140.501,139.624,132.407,143.599,137.114,142.462,139.427,139.46
976.5,130.405,140.533,139.624,132.444,143.629,137.08,142.462,139.427,139.427
976.6,130.405,140.501,139.558,132.444,143.568,137.08,142.462,139.427,139.46
976.7,130.405,140.468,139.624,132.444,143.568,137.045,142.43,139.427,139.427
976.8,130.405,140.533,139.624,132.407,143.568,137.08,142.462,139.427,139.493
976.9,130.405,140.565,139.657,132.444,143.599,137.08,142.493,139.427,139.46
977.0,130.405,140.533,139.591,132.444,143.599,137.011,142.524,139.46,139.46
977.1,130.444,140.533,139.624,132.444,143.538,137.045,142.524,139.427,139.493
977.2,130.405,140.533,139.591,132.407,143.629,137.08,142.524,139.427,139.427
977.3,130.405,140.533,139.624,132.444,143.69,137.045,142.462,139.493,139.394
977.4,130.405,140.501,139.624,132.444,143.568,137.08,142.493,139.427,139.394
977.5,130.444,140.501,139.624,132.444,143.629,137.08,142.493,139.394,139.427
977.6,130.444,140.533,139.624,132.444,143.599,137.045,142.493,139.427,139.46
977.7,130.405,140.565,139.657,132.482,143.538,137.08,142.462,139.427,139.427
977.8,130.405,140.565,139.722,132.407,143.538,137.08,142.462,139.46,139.427
977.9,130.444,140.565,139.624,132.444,143.599,137.08,142.462,139.46,139.427
978.0,130.444,140.533,139.657,132.444,143.659,137.08,142.493,139.46,139.46
978.1,130.444,140.565,139.624,132.482,143.599,137.08,142.493,139.46,139.46
978.2,130.444,140.565,139.689,132.519,143.599,137.08,142.524,139.427,139.394
978.3,130.444,140.565,139.689,132.444,143.629,137.08,142.462,139.46,139.46
978.4,130.482,140.565,139.657,132.556,143.599,137.08,142.462,139.46,139.427
978.5,130.444,140.565,139.657,132.482,143.629,137.08,142.493,139.46,139.427
978.6,130.444,140.597,139.591,132.444,143.629,137.045,142.524,139.46,139.427
978.7,130.52,140.597,139.624,132.519,143.629,137.148,142.43,139.46,139.46
978.8,130.405,140.629,139.689,132.444,143.629,137.08,142.493,139.427,139.493
978.9,130.405,140.597,139.624,132.444,143.568,137.08,142.493,139.394,139.427
979.0,130.444,140.565,139.591,132.444,143.659,137.045,142.462,139.46,139.427
979.1,130.444,140.597,139.624,132.519,143.599,137.08,142.493,139.427,139.46
979.2,130.444,140.597,139.689,132.482,143.599,137.148,142.462,139.493,139.46
979.3,130.405,140.597,139.624,132.444,143.659,137.08,142.493,139.46,139.427
979.4,130.444,140.597,139.657,132.482,143.599,137.08,142.524,139.493,139.46
979.5,130.444,140.629,139.624,132.444,143.629,137.08,142.493,139.526,139.427
979.6,130.444,140.597,139.624,132.519,143.659,137.08,142.399,139.427,139.427
979.7,130.444,140.597,139.624,132.519,143.629,137.045,142.462,139.46,139.493
979.8,130.444,140.597,139.624,132.482,143.69,137.08,142.493,139.493,139.394
979.9,130.444,140.597,139.558,132.407,143.629,137.114,142.43,139.427,139.46
980.0,130.444,140.629,139.624,132.444,143.659,137.045,142.462,139.493,139.46
980.1,130.559,140.597,139.624,132.482,143.629,137.011,142.493,139.493,139.46
980.2,130.52,140.629,139.591,132.444,143.659,137.114,142.462,139.526,139.427
980.3,130.482,140.661,139.624,132.519,143.629,137.045,142.493,139.493,139.427
980.4,130.444,140.629,139.624,132.519,143.659,137.011,142.524,139.46,139.526
980.5,130.444,140.629,139.624,132.482,143.629,137.08,142.462,139.46,139.427
980.6,130.482,140.725,139.558,132.519,143.629,137.08,142.493,139.427,139.526
980.7,130.444,140.661,139.624,132.482,143.659,137.045,142.462,139.46,139.46
980.8,130.444,140.661,139.624,132.519,143.629,137.08,142.493,139.493,139.46
980.9,130.482,140.661,139.657,132.519,143.69,137.08,142.524,139.493,139.493
981.0,130.482,140.661,139.624,132.482,143.629,137.114,142.524,139.493,139.46
981.1,130.559,140.629,139.689,132.444,143.69,137.08,142.462,139.657,139.46
981.2,130.482,140.661,139.657,132.556,143.69,137.08,142.493,139.526,139.46
981.3,130.482,140.661,139.657,132.519,143.659,137.011,142.462,139.493,139.493
981.4,130.52,140.661,139.657,132.519,143.69,137.148,142.462,139.493,139.394
981.5,130.444,140.661,139.624,132.593,143.69,137.08,142.462,139.493,139.46
981.6,130.482,140.629,139.689,132.556,143.659,137.114,142.462,139.46,139.46
981.7,130.444,140.661,139.624,132.593,143.659,137.08,142.555,139.493,139.427
981.8,130.52,140.693,139.657,132.519,143.659,137.08,142.493,139.46,139.526
981.9,130.444,140.725,139.624,132.593,143.659,137.08,142.43,139.427,139.427
982.0,130.52,140.661,139.624,132.556,143.69,137.045,142.524,139.493,139.46
982.1,130.52,140.693,139.657,132.519,143.659,137.08,142.462,139.46,139.526
982.2,130.52,140.725,139.657,132.519,143.659,137.08,142.555,139.46,139.46
982.3,130.482,140.693,139.657,132.556,143.69,137.08,142.462,139.46,139.493
982.4,130.52,140.693,139.624,132.593,143.69,137.08,142.462,139.46,139.427
982.5,130.482,140.693,139.657,132.593,143.69,137.08,142.43,139.493,139.493
982.6,130.444,140.758,139.591,132.667,143.72,137.114,142.462,139.493,139.46
982.7,130.482,140.693,139.657,132.556,143.69,137.114,142.493,139.46,139.493
982.8,130.482,140.725,139.624,132.556,143.599,137.045,142.462,139.493,139.493
982.9,130.52,140.758,139.624,132.593,143.599,137.114,142.462,139.493,139.493
983.0,130.52,140.725,139.689,132.519,143.69,137.08,142.493,139.526,139.526
983.1,130.482,140.725,139.755,132.444,143.72,137.08,142.462,139.493,139.493
983.2,130.52,140.693,139.624,132.593,143.72,137.08,142.524,139.493,139.493
983.3,130.482,140.725,139.624,132.593,143.69,137.08,142.462,139.493,139.558
983.4,130.482,140.79,139.657,132.593,143.659,137.08,142.462,139.558,139.46
983.5,130.52,140.725,139.624,132.593,143.72,137.08,142.462,139.493,139.526
983.6,130.559,140.693,139.657,132.593,143.811,137.08,142.462,139.493,139.493
983.7,130.559,140.758,139.624,132.556,143.69,137.08,142.493,139.526,139.493
983.8,130.559,140.79,139.624,132.593,143.69,137.114,142.462,139.591,139.526
983.9,130.482,140.79,139.657,132.63,143.72,137.08,142.493,139.493,139.493
984.0,130.482,140.725,139.624,132.593,143.72,137.114,142.493,139.526,139.493
984.1,130.559,140.79,139.689,132.593,143.659,137.08,142.462,139.493,139.493
984.2,130.559,140.79,139.657,132.556,143.72,137.114,142.462,139.493,139.493
984.3,130.52,140.758,139.657,132.667,143.69,137.045,142.462,139.526,139.591
984.4,130.559,140.758,139.657,132.63,143.72,137.182,142.493,139.526,139.493
984.5,130.52,140.886,139.657,132.593,143.72,137.045,142.493,139.526,139.493
984.6,130.52,140.758,139.624,132.556,143.72,137.114,142.462,139.493,139.526
984.7,130.52,140.758,139.657,132.593,143.751,137.08,142.493,139.493,139.526
984.8,130.482,140.79,139.657,132.593,143.69,137.114,142.524,139.493,139.526
984.9,130.482,140.79,139.624,132.63,143.72,137.08,142.462,139.493,139.526
985.0,130.559,140.79,139.624,132.63,143.72,137.08,142.555,139.526,139.558
985.1,130.52,140.79,139.689,132.667,143.872,137.114,142.493,139.493,139.526
985.2,130.559,140.822,139.657,132.593,143.72,137.114,142.462,139.493,139.526
985.3,130.52,140.79,139.624,132.593,143.751,137.114,142.524,139.493,139.526
985.4,130.52,140.758,139.689,132.63,143.72,137.148,142.493,139.493,139.526
985.5,130.482,140.886,139.624,132.63,143.72,137.08,142.555,139.526,139.526
985.6,130.597,140.79,139.689,132.63,143.781,137.114,142.462,139.493,139.493
985.7,130.482,140.822,139.624,132.63,143.72,137.114,142.555,139.493,139.558
985.8,130.482,140.79,139.657,132.63,143.751,137.114,142.555,139.493,139.526
985.9,130.559,140.822,139.624,132.704,143.69,137.114,142.524,139.558,139.493
986.0,130.559,140.79,139.689,132.63,143.72,137.114,142.493,139.526,139.493
986.1,130.559,140.822,139.689,132.593,143.72,137.148,142.462,139.493,139.46
986.2,130.559,140.79,139.657,132.63,143.72,137.08,142.524,139.558,139.493
986.3,130.597,140.822,139.657,132.704,143.781,137.114,142.462,139.526,139.526
986.4,130.52,140.854,139.657,132.63,143.781,137.148,142.462,139.526,139.526
986.5,130.482,140.822,139.657,132.63,143.72,137.011,142.493,139.558,139.558
986.6,130.559,140.822,139.624,132.667,143.781,137.08,142.493,139.526,139.526
986.7,130.559,140.886,139.689,132.593,143.72,137.114,142.493,139.526,139.526
986.8,130.52,140.79,139.657,132.63,143.781,137.114,142.493,139.526,139.526
986.9,130.559,140.886,139.624,132.63,143.72,137.114,142.493,139.493,139.493
987.0,130.559,140.854,139.493,132.63,143.781,137.148,142.462,139.493,139.526
987.1,130.559,140.918,139.657,132.63,143.781,137.114,142.462,139.526,139.526
987.2,130.597,140.822,139.624,132.667,143.781,137.08,142.493,139.558,139.493
987.3,130.52,140.854,139.624,132.63,143.811,137.114,142.462,139.526,139.493
987.4,130.597,140.854,139.624,132.593,143.781,137.08,142.493,139.526,139.558
987.5,130.52,140.886,139.657,132.63,143.781,137.114,142.524,139.591,139.526
987.6,130.597,140.918,139.624,132.667,143.781,137.114,142.524,139.558,139.526
987.7,130.52,140.854,139.657,132.667,143.902,137.114,142.524,139.526,139.558
987.8,130.559,140.854,139.657,132.593,143.72,137.114,142.555,139.624,139.558
987.9,130.559,140.918,139.689,132.741,143.811,137.114,142.524,139.591,139.493
988.0,130.597,140.854,139.624,132.63,143.751,137.148,142.462,139.558,139.558
988.1,130.559,140.854,139.657,132.63,143.811,137.08,142.493,139.526,139.526
988.2,130.52,140.886,139.624,132.704,143.781,137.114,142.493,139.526,139.558
988.3,130.559,140.918,139.657,132.667,143.781,137.114,142.462,139.526,139.526
988.4,130.559,140.854,139.624,132.667,143.781,137.148,142.493,139.526,139.558
988.5,130.559,140.886,139.689,132.667,143.781,137.08,142.493,139.558,139.493
988.6,130.597,140.918,139.657,132.704,143.781,137.148,142.493,139.526,139.558
988.7,130.597,140.886,139.624,132.667,143.751,137.08,142.493,139.526,139.493
988.8,130.597,140.725,139.624,132.667,143.811,137.114,142.462,139.558,139.526
988.9,130.559,140.886,139.657,132.667,143.811,137.114,142.462,139.46,139.526
989.0,130.597,140.918,139.657,132.667,143.811,137.08,142.493,139.526,139.526
989.1,130.597,140.886,139.624,132.704,143.811,137.114,142.493,139.558,139.558
989.2,130.597,140.854,139.657,132.667,143.659,137.114,142.493,139.526,139.526
989.3,130.559,140.918,139.624,132.741,143.811,137.114,142.493,139.591,139.558
989.4,130.635,140.95,139.657,132.704,143.811,137.148,142.524,139.526,139.526
989.5,130.559,140.95,139.689,132.704,143.751,137.182,142.524,139.526,139.558
989.6,130.559,140.918,139.624,132.704,143.841,137.114,142.493,139.526,139.558
989.7,130.635,140.886,139.657,132.704,143.811,137.114,142.493,139.558,139.591
989.8,130.635,140.918,139.657,132.704,143.811,137.114,142.524,139.591,139.526
989.9,130.597,140.918,139.657,132.667,143.811,137.148,142.462,139.558,139.558
990.0,130.559,140.95,139.657,132.667,143.872,137.114,142.493,139.526,139.526
990.1,130.559,140.95,139.657,132.667,143.811,137.114,142.493,139.526,139.558
990.2,130.559,140.981,139.624,132.741,143.781,137.114,142.493,139.558,139.493
990.3,130.597,141.045,139.657,132.704,143.841,137.114,142.493,139.558,139.558
990.4,130.635,140.981,139.624,132.741,143.811,137.114,142.524,139.591,139.558
990.5,130.635,140.95,139.657,132.741,143.841,137.148,142.493,139.558,139.558
990.6,130.559,140.95,139.689,132.741,143.811,137.182,142.462,139.558,139.526
990.7,130.635,140.95,139.657,132.778,143.841,137.114,142.493,139.558,139.558
990.8,130.559,140.981,139.657,132.704,143.811,137.114,142.524,139.558,139.558
990.9,130.559,140.981,139.624,132.741,143.811,137.114,142.493,139.558,139.624
991.0,130.482,140.918,139.722,132.741,143.811,137.182,142.493,139.526,139.624
991.1,130.635,140.95,139.657,132.741,143.811,137.114,142.462,139.526,139.526
991.2,130.559,140.95,139.657,132.704,143.811,137.114,142.493,139.526,139.526
991.3,130.597,140.981,139.657,132.704,143.872,137.148,142.493,139.591,139.558
991.4,130.635,140.95,139.624,132.741,143.841,137.148,142.493,139.558,139.558
991.5,130.635,140.981,139.657,132.778,143.811,137.148,142.493,139.558,139.624
991.6,130.597,140.981,139.657,132.741,143.902,137.08,142.524,139.558,139.591
991.7,130.635,140.95,139.689,132.741,143.841,137.114,142.462,139.591,139.558
991.8,130.635,140.981,139.624,132.741,143.841,137.114,142.524,139.624,139.493
991.9,130.635,140.981,139.657,132.704,143.841,137.08,142.493,139.558,139.558
992.0,130.597,140.981,139.689,132.704,143.841,137.114,142.493,139.558,139.591
992.1,130.597,140.886,139.657,132.778,143.872,137.114,142.524,139.558,139.558
992.2,130.635,140.981,139.657,132.741,143.841,137.08,142.462,139.558,139.526
992.3,130.635,140.981,139.689,132.778,143.811,137.08,142.493,139.558,139.558
992.4,130.559,141.013,139.722,132.814,143.841,137.148,142.493,139.526,139.558
992.5,130.635,141.013,139.689,132.778,143.781,137.148,142.524,139.624,139.558
992.6,130.674,141.013,139.657,132.778,143.872,137.114,142.524,139.591,139.591
992.7,130.674,141.045,139.657,132.778,143.841,137.114,142.524,139.591,139.591
992.8,130.635,140.981,139.624,132.778,143.841,137.148,142.462,139.558,139.558
992.9,130.635,140.981,139.657,132.778,143.841,137.114,142.524,139.558,139.558
993.0,130.635,141.013,139.657,132.778,143.872,137.114,142.462,139.591,139.558
993.1,130.674,141.013,139.624,132.778,143.872,137.216,142.493,139.558,139.526
993.2,130.674,140.981,139.657,132.778,143.841,137.182,142.462,139.558,139.591
993.3,130.635,141.045,139.689,132.814,143.841,137.114,142.524,139.558,139.591
993.4,130.635,141.077,139.657,132.778,143.902,137.182,142.493,139.558,139.558
993.5,130.635,141.045,139.657,132.741,143.872,137.148,142.493,139.591,139.558
993.6,130.635,141.013,139.657,132.814,143.932,137.148,142.524,139.558,139.558
993.7,130.674,141.077,139.755,132.778,143.872,137.148,142.555,139.591,139.558
993.8,130.635,141.045,139.657,132.851,143.872,137.114,142.524,139.591,139.591
993.9,130.635,141.045,139.657,132.778,143.902,137.148,142.493,139.558,139.591
994.0,130.635,141.013,139.657,132.814,143.841,137.148,142.493,139.558,139.558
994.1,130.597,141.077,139.657,132.851,143.872,137.114,142.493,139.591,139.591
994.2,130.674,141.045,139.689,132.741,143.902,137.148,142.493,139.624,139.558
994.3,130.635,141.045,139.657,132.778,143.872,137.148,142.524,139.591,139.591
994.4,130.674,141.045,139.689,132.814,143.932,137.114,142.493,139.558,139.591
994.5,130.597,141.077,139.591,132.888,143.902,137.148,142.493,139.591,139.558
994.6,130.712,141.045,139.722,132.814,143.962,137.114,142.43,139.591,139.624
994.7,130.597,141.077,139.657,132.814,143.932,137.114,142.524,139.558,139.624
994.8,130.712,141.077,139.689,132.814,143.902,137.114,142.462,139.591,139.624
994.9,130.635,141.077,139.624,132.851,143.932,137.114,142.493,139.624,139.591
995.0,130.597,141.045,139.657,132.814,143.932,137.114,142.493,139.591,139.624
995.1,130.635,141.141,139.689,132.814,143.872,137.182,142.462,139.591,139.558
995.2,130.635,141.109,139.657,132.814,143.872,137.114,142.462,139.624,139.558
995.3,130.712,141.077,139.689,132.778,143.902,137.148,142.493,139.591,139.558
995.4,130.674,141.109,139.689,132.814,143.872,137.148,142.493,139.558,139.591
995.5,130.674,141.109,139.657,132.778,143.902,137.182,142.493,139.558,139.624
995.6,130.674,141.109,139.722,132.814,143.872,137.148,142.462,139.591,139.657
995.7,130.635,141.045,139.657,132.814,143.962,137.114,142.493,139.591,139.624
995.8,130.674,141.109,139.657,132.778,143.902,137.114,142.493,139.558,139.624
995.9,130.635,141.109,139.657,132.778,143.902,137.148,142.524,139.624,139.624
996.0,130.635,141.109,139.689,132.814,143.902,137.148,142.493,139.558,139.558
996.1,130.674,141.109,139.657,132.851,143.902,137.148,142.493,139.558,139.624
996.2,130.674,141.077,139.657,132.814,143.902,137.114,142.555,139.591,139.591
996.3,130.75,141.141,139.657,132.814,143.932,137.08,142.524,139.624,139.624
996.4,130.635,141.109,139.657,132.888,143.932,137.114,142.524,139.558,139.591
996.5,130.635,141.077,139.689,132.851,143.902,137.182,142.493,139.591,139.624
996.6,130.635,141.109,139.657,132.778,143.932,137.148,142.524,139.624,139.591
996.7,130.674,141.109,139.787,132.851,143.872,137.114,142.493,139.624,139.558
996.8,130.674,141.173,139.657,132.851,143.932,137.148,142.462,139.591,139.591
996.9,130.712,141.173,139.689,132.851,143.902,137.114,142.493,139.591,139.558
997.0,130.674,141.141,139.657,132.851,143.932,137.148,142.524,139.558,139.591
997.1,130.674,141.109,139.689,132.851,143.902,137.148,142.555,139.624,139.591
997.2,130.674,141.109,139.689,132.888,143.932,137.114,142.493,139.558,139.591
997.3,130.712,141.109,139.591,132.814,143.932,137.251,142.462,139.591,139.591
997.4,130.635,141.109,139.657,132.888,143.932,137.148,142.493,139.657,139.558
997.5,130.635,141.141,139.657,132.814,143.932,137.148,142.586,139.624,139.558
997.6,130.674,141.173,139.657,132.814,143.932,137.148,142.493,139.558,139.591
997.7,130.712,141.141,139.722,132.851,143.902,137.114,142.524,139.624,139.591
997.8,130.674,141.204,139.558,132.888,143.932,137.148,142.462,139.624,139.591
997.9,130.712,141.141,139.657,132.851,143.962,137.011,142.493,139.591,139.558
998.0,130.712,141.141,139.624,132.851,143.962,137.182,142.493,139.657,139.624
998.1,130.712,141.141,139.657,132.851,143.932,137.148,142.555,139.624,139.624
998.2,130.674,141.141,139.722,132.888,143.962,137.114,142.493,139.591,139.591
998.3,130.674,141.173,139.689,132.851,143.932,137.216,142.555,139.624,139.591
998.4,130.712,141.141,139.689,132.888,143.993,137.114,142.493,139.624,139.558
998.5,130.712,141.173,139.624,132.925,143.902,137.148,142.524,139.624,139.624
998.6,130.788,141.141,139.689,132.888,143.932,137.114,142.555,139.689,139.558
998.7,130.597,141.204,139.657,132.999,143.962,137.148,142.524,139.558,139.624
998.8,130.674,141.173,139.689,132.888,143.932,137.148,142.524,139.624,139.591
998.9,130.712,141.141,139.657,132.925,143.962,137.182,142.524,139.689,139.591
999.0,130.712,141.236,139.657,132.851,143.962,137.148,142.524,139.624,139.689
999.1,130.712,141.173,139.689,132.888,143.993,137.148,142.524,139.624,139.591
999.2,130.712,141.141,139.689,132.888,143.993,137.148,142.524,139.591,139.591
999.3,130.712,141.204,139.689,132.888,143.932,137.114,142.524,139.624,139.657
999.4,130.674,141.173,139.755,132.925,143.962,137.182,142.524,139.624,139.657
999.5,130.75,141.204,139.689,132.962,143.993,137.182,142.524,139.624,139.624
999.6,130.635,141.204,139.722,132.888,143.932,137.114,142.462,139.591,139.624
999.7,130.674,141.173,139.689,132.925,143.962,137.114,142.493,139.624,139.591
999.8,130.712,141.204,139.624,132.888,143.962,137.182,142.493,139.624,139.657
999.9,130.75,141.204,139.657,132.962,143.962,137.216,142.524,139.624,139.591
1000.0,130.75,141.236,139.657,132.962,143.932,137.148,142.586,139.657,139.526
1000.1,130.674,141.236,139.657,132.888,143.962,137.148,142.493,139.591,139.657
1000.2,130.75,141.236,139.657,132.888,143.962,137.148,142.524,139.624,139.657
1000.3,130.712,141.268,139.657,132.888,143.993,137.148,142.493,139.689,139.591
1000.4,130.712,141.236,139.689,132.925,143.962,137.148,142.555,139.624,139.689
1000.5,130.75,141.204,139.689,132.888,143.993,137.148,142.524,139.657,139.624
1000.6,130.75,141.173,139.722,132.925,143.993,137.148,142.493,139.624,139.624
1000.7,130.712,141.236,139.689,132.925,143.962,137.148,142.555,139.624,139.624
1000.8,130.75,141.236,139.689,132.962,143.993,137.148,142.493,139.624,139.624
1000.9,130.75,141.173,139.657,132.925,143.962,137.182,142.524,139.624,139.722
1001.0,130.674,141.236,139.689,132.925,143.993,137.114,142.493,139.624,139.657
1001.1,130.712,141.204,139.722,132.925,144.113,137.148,142.524,139.624,139.591
1001.2,130.712,141.268,139.755,132.925,143.993,137.148,142.524,139.624,139.624
1001.3,130.75,141.236,139.624,132.962,144.023,137.148,142.493,139.591,139.591
1001.4,130.826,141.204,139.657,132.925,144.023,137.148,142.617,139.657,139.624
1001.5,130.788,141.204,139.657,132.962,143.993,137.148,142.524,139.624,139.689
1001.6,130.75,141.204,139.722,132.962,144.023,137.148,142.493,139.657,139.624
1001.7,130.788,141.236,139.689,132.888,143.993,137.182,142.524,139.624,139.591
1001.8,130.75,141.268,139.755,132.962,143.993,137.216,142.524,139.591,139.624
1001.9,130.75,141.204,139.689,132.999,143.993,137.148,142.524,139.591,139.624
1002.0,130.712,141.204,139.82,132.925,143.993,137.114,142.493,139.624,139.657
1002.1,130.826,141.268,139.689,132.962,144.083,137.182,142.524,139.624,139.624
1002.2,130.75,141.236,139.657,132.925,144.053,137.148,142.524,139.657,139.657
1002.3,130.712,141.236,139.657,132.925,144.023,137.148,142.524,139.624,139.657
1002.4,130.674,141.268,139.689,132.962,143.993,137.148,142.555,139.624,139.624
1002.5,130.75,141.268,139.722,132.999,143.993,137.148,142.524,139.624,139.657
1002.6,130.712,141.268,139.722,132.925,144.053,137.148,142.524,139.657,139.657
1002.7,130.864,141.331,139.755,132.925,143.932,137.148,142.524,139.689,139.591
1002.8,130.788,141.268,139.689,132.925,143.993,137.148,142.555,139.624,139.624
1002.9,130.75,141.3,139.624,132.999,143.993,137.216,142.524,139.624,139.624
1003.0,130.75,141.268,139.689,132.925,143.962,137.148,142.493,139.624,139.624
1003.1,130.826,141.236,139.722,132.925,144.023,137.182,142.524,139.624,139.657
1003.2,130.75,141.3,139.755,132.962,144.023,137.182,142.524,139.657,139.657
1003.3,130.712,141.268,139.689,132.962,144.083,137.148,142.524,139.657,139.689
1003.4,130.788,141.3,139.689,132.962,144.023,137.182,142.493,139.657,139.657
1003.5,130.712,141.3,139.689,132.962,144.023,137.182,142.493,139.657,139.624
1003.6,130.826,141.3,139.722,132.925,144.023,137.182,142.648,139.657,139.722
1003.7,130.75,141.3,139.689,132.962,143.962,137.148,142.524,139.591,139.624
1003.8,130.75,141.3,139.689,132.999,144.023,137.182,142.493,139.624,139.689
1003.9,130.788,141.268,139.657,132.962,144.113,137.182,142.524,139.624,139.657
1004.0,130.712,141.3,139.722,132.962,144.053,137.148,142.493,139.624,139.657
1004.1,130.75,141.268,139.689,132.999,144.053,137.148,142.524,139.657,139.657
1004.2,130.826,141.3,139.657,132.999,144.053,137.148,142.493,139.624,139.657
1004.3,130.75,141.331,139.689,132.999,144.023,137.148,142.524,139.657,139.657
1004.4,130.788,141.331,139.657,132.925,144.053,137.148,142.524,139.657,139.657
1004.5,130.826,141.331,139.689,132.999,144.083,137.148,142.524,139.624,139.624
1004.6,130.788,141.331,139.657,132.962,144.023,137.148,142.555,139.657,139.657
1004.7,130.788,141.3,139.657,133.035,144.083,137.182,142.524,139.657,139.624
1004.8,130.75,141.331,139.689,132.962,144.023,137.148,142.524,139.624,139.657
1004.9,130.788,141.331,139.689,132.999,144.023,137.148,142.524,139.657,139.657
1005.0,130.788,141.331,139.657,133.035,144.083,137.182,142.493,139.689,139.657
1005.1,130.941,141.3,139.689,132.999,144.083,137.182,142.524,139.657,139.624
1005.2,130.788,141.331,139.787,132.999,144.023,137.148,142.555,139.657,139.624
1005.3,130.788,141.331,139.689,132.999,144.053,137.148,142.555,139.689,139.657
1005.4,130.788,141.3,139.657,132.999,143.962,137.148,142.493,139.689,139.657
1005.5,130.788,141.331,139.689,132.999,144.053,137.182,142.524,139.657,139.657
1005.6,130.788,141.395,139.722,133.035,144.083,137.148,142.524,139.624,139.657
1005.7,130.788,141.331,139.657,133.035,144.143,137.148,142.493,139.657,139.657
1005.8,130.864,141.395,139.689,132.999,144.053,137.182,142.524,139.689,139.657
1005.9,130.788,141.363,139.689,132.962,144.053,137.148,142.524,139.558,139.689
1006.0,130.75,141.331,139.722,132.999,144.053,137.182,142.493,139.624,139.657
1006.1,130.788,141.331,139.657,132.999,144.083,137.182,142.648,139.657,139.689
1006.2,130.788,141.395,139.689,132.999,144.053,137.148,142.524,139.657,139.689
1006.3,130.826,141.363,139.689,133.072,144.053,137.148,142.555,139.657,139.722
1006.4,130.826,141.395,139.689,133.035,144.113,137.216,142.524,139.657,139.657
1006.5,130.75,141.363,139.722,132.999,144.083,137.182,142.586,139.657,139.657
1006.6,130.788,141.331,139.722,133.035,144.113,137.148,142.524,139.657,139.689
1006.7,130.788,141.331,139.689,133.035,144.053,137.182,142.493,139.657,139.657
1006.8,130.788,141.331,139.624,133.035,144.083,137.148,142.524,139.689,139.657
1006.9,130.826,141.395,139.722,132.999,144.113,137.182,142.524,139.624,139.657
1007.0,130.788,141.363,139.755,133.035,144.143,137.182,142.524,139.689,139.657
1007.1,130.826,141.363,139.689,133.035,143.993,137.182,142.493,139.657,139.657
1007.2,130.826,141.331,139.689,133.035,144.083,137.182,142.524,139.657,139.722
1007.3,130.788,141.395,139.722,132.999,144.083,137.148,142.555,139.689,139.689
1007.4,130.826,141.395,139.722,132.962,144.023,137.148,142.493,139.657,139.689
1007.5,130.864,141.363,139.689,133.035,144.083,137.182,142.524,139.657,139.657
1007.6,130.826,141.427,139.755,133.035,144.023,137.182,142.586,139.657,139.657
1007.7,130.826,141.3,139.689,133.035,144.023,137.182,142.493,139.657,139.657
1007.8,130.826,141.395,139.657,133.072,144.053,137.216,142.555,139.657,139.689
1007.9,130.788,141.363,139.689,132.888,144.143,137.182,142.493,139.657,139.657
1008.0,130.903,141.363,139.689,132.925,144.083,137.216,142.524,139.624,139.722
1008.1,130.788,141.395,139.722,132.999,144.173,137.148,142.524,139.624,139.689
1008.2,130.826,141.427,139.689,133.035,144.083,137.148,142.555,139.689,139.689
1008.3,130.826,141.427,139.689,133.072,144.083,137.148,142.524,139.657,139.657
1008.4,130.826,141.458,139.689,133.072,144.053,137.182,142.524,139.657,139.689
1008.5,130.864,141.395,139.689,133.035,144.053,137.182,142.493,139.689,139.689
1008.6,130.826,141.427,139.689,133.035,144.083,137.182,142.524,139.689,139.722
1008.7,130.826,141.427,139.722,133.035,144.173,137.182,142.555,139.722,139.689
1008.8,130.864,141.427,139.689,133.072,144.083,137.182,142.493,139.689,139.657
1008.9,130.788,141.49,139.722,133.109,144.113,137.182,142.524,139.689,139.657
1009.0,130.826,141.427,139.689,133.035,144.113,137.182,142.462,139.755,139.657
1009.1,130.826,141.395,139.657,132.962,144.083,137.182,142.524,139.689,139.689
1009.2,130.864,141.427,139.689,133.035,144.143,137.182,142.493,139.689,139.689
1009.3,130.826,141.458,139.722,132.999,144.113,137.182,142.555,139.657,139.689
1009.4,130.864,141.395,139.689,133.072,144.113,137.148,142.524,139.657,139.722
1009.5,130.826,141.427,139.689,133.072,144.113,137.148,142.555,139.689,139.657
1009.6,130.864,141.427,139.689,133.109,144.113,137.182,142.524,139.689,139.657
1009.7,130.826,141.458,139.722,133.072,144.113,137.216,142.524,139.689,139.657
1009.8,130.826,141.458,139.689,133.072,144.143,137.182,142.555,139.722,139.689
1009.9,130.826,141.427,139.722,133.109,144.083,137.182,142.493,139.689,139.82
1010.0,130.864,141.458,139.689,133.146,144.173,137.182,142.493,139.657,139.657
1010.1,130.826,141.49,139.722,133.072,144.143,137.216,142.555,139.689,139.689
1010.2,130.826,141.458,139.722,133.109,144.143,137.182,142.524,139.722,139.755
1010.3,130.903,141.363,139.689,133.109,144.113,137.285,142.524,139.689,139.657
1010.4,130.788,141.458,139.722,133.072,144.113,137.148,142.524,139.689,139.689
1010.5,130.979,141.521,139.689,133.109,144.053,137.182,142.524,139.755,139.657
1010.6,130.826,141.49,139.689,133.109,144.143,137.182,142.493,139.722,139.689
1010.7,130.903,141.458,139.689,133.072,144.143,137.216,142.586,139.689,139.755
1010.8,130.826,141.49,139.657,133.109,144.113,137.216,142.524,139.722,139.722
1010.9,130.864,141.458,139.689,133.109,144.113,137.148,142.524,139.689,139.657
1011.0,130.864,141.49,139.722,133.146,144.113,137.216,142.524,139.689,139.689
1011.1,130.864,141.521,139.722,133.109,144.173,137.182,142.493,139.722,139.689
1011.2,130.864,141.49,139.722,133.109,144.143,137.148,142.524,139.755,139.689
1011.3,130.864,141.49,139.722,133.109,144.143,137.216,142.493,139.722,139.722
1011.4,130.864,141.49,139.689,133.109,144.113,137.148,142.555,139.689,139.755
1011.5,130.864,141.49,139.657,133.146,144.143,137.182,142.493,139.689,139.689
1011.6,130.864,141.49,139.689,133.072,144.143,137.182,142.524,139.722,139.722
1011.7,130.903,141.521,139.755,133.109,144.143,137.182,142.555,139.689,139.657
1011.8,130.864,141.49,139.689,133.072,144.143,137.216,142.524,139.755,139.689
1011.9,130.864,141.521,139.755,133.219,144.083,137.182,142.524,139.689,139.689
1012.0,130.864,141.521,139.689,133.146,144.203,137.182,142.524,139.722,139.689
1012.1,130.826,141.49,139.787,133.109,144.113,137.182,142.524,139.722,139.689
1012.2,130.903,141.49,139.722,133.109,144.143,137.148,142.493,139.689,139.722
1012.3,130.903,141.521,139.689,133.109,144.173,137.148,142.617,139.657,139.755
1012.4,130.864,141.521,139.787,133.072,144.143,137.148,142.493,139.689,139.689
1012.5,130.864,141.521,139.722,133.182,144.143,137.182,142.524,139.689,139.689
1012.6,130.903,141.49,139.689,133.109,144.173,137.182,142.524,139.689,139.689
1012.7,130.864,141.521,139.722,133.109,144.173,137.216,142.524,139.722,139.755
1012.8,130.864,141.521,139.689,133.109,144.173,137.182,142.43,139.722,139.689
1012.9,130.903,141.553,139.689,133.146,144.113,137.182,142.555,139.689,139.689
1013.0,130.864,141.521,139.722,133.146,144.203,137.182,142.555,139.689,139.689
1013.1,130.903,141.553,139.689,133.109,144.173,137.216,142.524,139.722,139.689
1013.2,130.903,141.553,139.689,133.146,144.203,137.216,142.555,139.689,139.755
1013.3,130.903,141.521,139.689,133.182,144.143,137.148,142.555,139.722,139.755
1013.4,130.941,141.521,139.722,133.146,144.203,137.182,142.524,139.689,139.722
1013.5,130.941,141.49,139.689,133.146,144.203,137.216,142.524,139.689,139.755
1013.6,130.864,141.585,139.657,133.182,144.173,137.148,142.524,139.722,139.722
1013.7,130.864,141.585,139.689,133.146,144.203,137.182,142.524,139.755,139.722
1013.8,130.864,141.521,139.755,133.146,144.143,137.216,142.493,139.722,139.722
1013.9,130.788,141.521,139.722,133.146,144.203,137.182,142.555,139.722,139.689
1014.0,130.941,141.521,139.755,133.146,144.143,137.216,142.524,139.722,139.722
1014.1,130.903,141.553,139.689,133.146,144.263,137.251,142.524,139.755,139.657
1014.2,130.903,141.585,139.689,133.219,144.173,137.216,142.524,139.722,139.722
1014.3,130.941,141.521,139.689,133.182,144.143,137.251,142.555,139.722,139.657
1014.4,130.864,141.553,139.755,133.219,144.143,137.216,142.524,139.755,139.722
1014.5,130.903,141.553,139.689,133.182,144.203,137.216,142.524,139.722,139.722
1014.6,130.903,141.521,139.755,133.182,144.173,137.182,142.555,139.755,139.722
1014.7,130.941,141.553,139.722,133.182,144.173,137.182,142.524,139.722,139.722
1014.8,130.864,141.553,139.755,133.182,144.173,137.216,142.524,139.722,139.722
1014.9,130.941,141.521,139.755,133.182,144.173,137.182,142.555,139.722,139.722
1015.0,130.903,141.553,139.689,133.182,144.173,137.182,142.493,139.689,139.722
1015.1,131.017,141.585,139.722,133.182,144.143,137.216,142.524,139.722,139.755
1015.2,130.979,141.585,139.722,133.146,144.173,137.182,142.555,139.689,139.689
1015.3,130.903,141.585,139.722,133.255,144.113,137.216,142.524,139.689,139.689
1015.4,130.903,141.585,139.689,133.182,144.173,137.182,142.524,139.722,139.722
1015.5,130.903,141.553,139.755,133.182,144.233,137.216,142.555,139.722,139.755
1015.6,130.941,141.553,139.722,133.146,144.203,137.182,142.586,139.722,139.722
1015.7,130.941,141.553,139.722,133.182,144.173,137.182,142.524,139.722,139.722
1015.8,130.979,141.616,139.722,133.146,144.233,137.251,142.555,139.722,139.82
1015.9,130.941,141.585,139.689,133.219,144.233,137.182,142.555,139.722,139.755
1016.0,130.941,141.585,139.755,133.182,144.053,137.216,142.555,139.722,139.722
1016.1,130.941,141.616,139.722,133.219,144.173,137.216,142.524,139.722,139.689
1016.2,130.941,141.585,139.722,133.255,144.173,137.182,142.555,139.755,139.755
1016.3,130.941,141.553,139.722,133.182,144.203,137.216,142.524,139.755,139.689
1016.4,130.979,141.585,139.722,133.182,144.203,137.182,142.555,139.755,139.722
1016.5,130.941,141.616,139.722,133.182,144.233,137.182,142.555,139.657,139.722
1016.6,130.941,141.616,139.722,133.219,144.203,137.148,142.493,139.755,139.722
1016.7,130.941,141.616,139.787,133.182,144.203,137.182,142.555,139.657,139.689
1016.8,131.055,141.616,139.722,133.219,144.203,137.216,142.586,139.722,139.755
1016.9,130.941,141.616,139.689,133.182,144.173,137.182,142.555,139.722,139.722
1017.0,130.941,141.616,139.755,133.182,144.203,137.182,142.555,139.755,139.755
1017.1,130.979,141.585,139.722,133.182,144.233,137.216,142.555,139.722,139.755
1017.2,130.979,141.616,139.755,133.255,144.263,137.216,142.555,139.755,139.722
1017.3,130.941,141.616,139.722,133.146,144.203,137.216,142.555,139.689,139.689
1017.4,130.941,141.616,139.722,133.182,144.233,137.251,142.555,139.689,139.755
1017.5,130.979,141.616,139.689,133.219,144.263,137.216,142.524,139.722,139.787
1017.6,130.941,141.616,139.787,133.219,144.203,137.251,142.555,139.755,139.755
1017.7,130.941,141.616,139.722,133.292,144.263,137.182,142.524,139.755,139.755
1017.8,131.017,141.648,139.689,133.219,144.263,137.216,142.555,139.755,139.755
1017.9,131.017,141.585,139.689,133.255,144.233,137.216,142.462,139.755,139.722
1018.0,130.941,141.616,139.722,133.182,144.233,137.216,142.524,139.787,139.722
1018.1,130.941,141.648,139.755,133.219,144.263,137.216,142.524,139.755,139.755
1018.2,130.979,141.648,139.755,133.219,144.233,137.216,142.524,139.722,139.722
1018.3,130.903,141.648,139.755,133.255,144.263,137.216,142.493,139.755,139.885
1018.4,130.941,141.648,139.689,133.219,144.263,137.216,142.555,139.755,139.722
1018.5,130.941,141.648,139.722,133.255,144.233,137.251,142.524,139.787,139.755
1018.6,131.017,141.616,139.755,133.182,144.233,137.353,142.462,139.787,139.722
1018.7,130.941,141.648,139.722,133.219,144.263,137.216,142.524,139.755,139.755
1018.8,130.979,141.679,139.755,133.219,144.233,137.216,142.524,139.755,139.755
1018.9,131.017,141.616,139.722,133.182,144.203,137.216,142.493,139.722,139.755
1019.0,130.979,141.679,139.722,133.219,144.143,137.216,142.586,139.755,139.722
1019.1,130.979,141.648,139.722,133.255,144.324,137.216,142.617,139.755,139.755
1019.2,130.941,141.679,139.853,133.182,144.233,137.216,142.524,139.755,139.722
1019.3,130.979,141.648,139.722,133.255,144.263,137.182,142.586,139.722,139.755
1019.4,130.979,141.711,139.722,133.255,144.263,137.182,142.524,139.787,139.689
1019.5,130.941,141.679,139.787,133.255,144.294,137.216,142.555,139.755,139.755
1019.6,130.941,141.679,139.722,133.146,144.294,137.251,142.555,139.755,139.755
1019.7,130.979,141.679,139.657,133.255,144.233,137.216,142.586,139.755,139.787
1019.8,130.979,141.648,139.755,133.255,144.233,137.216,142.524,139.787,139.787
1019.9,131.017,141.648,139.722,133.255,144.354,137.216,142.524,139.82,139.755
1020.0,130.941,141.616,139.722,133.329,144.263,137.216,142.555,139.755,139.787
1020.1,130.979,141.679,139.755,133.255,144.263,137.216,142.524,139.755,139.755
1020.2,131.017,141.742,139.82,133.255,144.233,137.216,142.555,139.755,139.787
1020.3,131.131,141.711,139.722,133.255,144.294,137.216,142.555,139.755,139.787
1020.4,131.017,141.648,139.787,133.255,144.263,137.182,142.555,139.755,139.82
1020.5,130.979,141.711,139.722,133.255,144.233,137.251,142.586,139.787,139.787
1020.6,131.017,141.679,139.722,133.219,144.263,137.216,142.524,139.853,139.787
1020.7,131.017,141.711,139.689,133.255,144.294,137.285,142.555,139.787,139.82
1020.8,131.055,141.679,139.722,133.219,144.203,137.216,142.555,139.787,139.787
1020.9,131.017,141.679,139.722,133.255,144.263,137.216,142.555,139.787,139.755
1021.0,131.017,141.679,139.722,133.219,144.324,137.216,142.524,139.787,139.787
1021.1,131.055,141.711,139.82,133.292,144.263,137.216,142.586,139.755,139.787
1021.2,130.979,141.742,139.689,133.292,144.263,137.216,142.555,139.787,139.787
1021.3,131.017,141.679,139.755,133.292,144.263,137.251,142.524,139.82,139.755
1021.4,131.017,141.742,139.722,133.292,144.294,137.216,142.586,139.755,139.755
1021.5,131.017,141.711,139.787,133.292,144.203,137.216,142.493,139.787,139.755
1021.6,131.017,141.711,139.722,133.292,144.324,137.216,142.555,139.755,139.755
1021.7,131.017,141.711,139.689,133.329,144.294,137.216,142.462,139.787,139.787
1021.8,131.055,141.679,139.722,133.329,144.294,137.216,142.555,139.787,139.787
1021.9,131.017,141.742,139.755,133.292,144.233,137.216,142.524,139.787,139.787
1022.0,131.017,141.774,139.755,133.292,144.263,137.216,142.524,139.787,139.787
1022.1,131.093,141.711,139.755,133.365,144.294,137.216,142.586,139.82,139.755
1022.2,131.131,141.742,139.722,133.292,144.263,137.251,142.555,139.787,139.853
1022.3,130.979,141.774,139.722,133.292,144.324,137.251,142.555,139.82,139.787
1022.4,131.017,141.742,139.722,133.365,144.294,137.251,142.586,139.722,139.787
1022.5,131.055,141.711,139.755,133.329,144.294,137.216,142.524,139.755,139.755
1022.6,131.055,141.711,139.755,133.292,144.294,137.216,142.524,139.787,139.722
1022.7,131.017,141.742,139.624,133.329,144.294,137.216,142.555,139.787,139.755
1022.8,131.055,141.711,139.755,133.329,144.324,137.216,142.555,139.787,139.755
1022.9,131.017,141.742,139.722,133.292,144.294,137.216,142.524,139.787,139.787
1023.0,131.017,141.711,139.755,133.292,144.294,137.216,142.586,139.755,139.82
1023.1,131.055,141.774,139.82,133.329,144.324,137.216,142.524,139.787,139.755
1023.2,131.055,141.774,139.722,133.292,144.324,137.216,142.555,139.787,139.787
1023.3,131.055,141.774,139.755,133.365,144.324,137.182,142.524,139.755,139.787
1023.4,131.093,141.742,139.787,133.329,144.294,137.319,142.617,139.82,139.787
1023.5,131.017,141.805,139.755,133.475,144.294,137.216,142.555,139.82,139.755
1023.6,131.017,141.742,139.722,133.329,144.294,137.216,142.524,139.787,139.787
1023.7,131.093,141.805,139.755,133.292,144.324,137.216,142.586,139.82,139.787
1023.8,131.093,141.774,139.689,133.365,144.294,137.251,142.524,139.82,139.82
1023.9,131.093,141.774,139.722,133.292,144.294,137.216,142.586,139.82,139.787
1024.0,131.131,141.742,139.755,133.329,144.324,137.251,142.555,139.82,139.755
1024.1,131.093,141.774,139.755,133.365,144.383,137.216,142.524,139.82,139.82
1024.2,131.055,141.742,139.755,133.402,144.324,137.182,142.586,139.787,139.787
1024.3,131.055,141.742,139.722,133.365,144.294,137.216,142.555,139.787,139.787
1024.4,131.055,141.805,139.657,133.329,144.354,137.216,142.555,139.82,139.82
1024.5,131.055,141.742,139.722,133.292,144.324,137.216,142.555,139.787,139.787
1024.6,131.131,141.805,139.787,133.365,144.294,137.251,142.555,139.787,139.82
1024.7,131.055,141.837,139.755,133.329,144.354,137.216,142.524,139.787,139.787
1024.8,131.055,141.805,139.722,133.365,144.354,137.251,142.524,139.787,139.853
1024.9,131.017,141.805,139.722,133.292,144.294,137.251,142.555,139.82,139.722
1025.0,131.055,141.805,139.755,133.329,144.324,137.285,142.555,139.787,139.82
1025.1,131.017,141.774,139.722,133.365,144.324,137.216,142.555,139.787,139.787
1025.2,131.093,141.805,139.787,133.365,144.294,137.216,142.555,139.82,139.787
1025.3,131.017,141.805,139.787,133.329,144.354,137.251,142.555,139.82,139.787
1025.4,131.055,141.837,139.657,133.365,144.354,137.251,142.555,139.787,139.82
1025.5,131.055,141.774,139.755,133.365,144.324,137.251,142.555,139.853,139.82
1025.6,131.017,141.805,139.722,133.329,144.324,137.216,142.555,139.853,139.787
1025.7,131.055,141.805,139.755,133.365,144.324,137.251,142.524,139.787,139.787
1025.8,131.131,141.805,139.755,133.365,144.354,137.216,142.555,139.787,139.787
1025.9,131.017,141.805,139.787,133.365,144.354,137.251,142.555,139.82,139.787
1026.0,131.017,141.805,139.755,133.365,144.324,137.216,142.555,139.82,139.787
1026.1,131.055,141.805,139.657,133.365,144.354,137.251,142.555,139.82,139.82
1026.2,131.093,141.837,139.787,133.365,144.354,137.251,142.524,139.787,139.82
1026.3,131.055,141.774,139.722,133.365,144.294,137.216,142.555,139.787,139.82
1026.4,131.055,141.868,139.722,133.329,144.354,137.251,142.617,139.82,139.82
1026.5,131.017,141.837,139.787,133.365,144.354,137.251,142.586,139.787,139.787
1026.6,131.055,141.742,139.853,133.402,144.354,137.216,142.586,139.787,139.787
1026.7,131.169,141.774,139.689,133.365,144.413,137.251,142.555,139.82,139.853
1026.8,131.055,141.837,139.755,133.365,144.354,137.285,142.555,139.82,139.787
1026.9,131.055,141.868,139.755,133.402,144.383,137.216,142.555,139.82,139.787
1027.0,131.093,141.868,139.755,133.402,144.324,137.251,142.586,139.787,139.82
1027.1,131.093,141.868,139.755,133.365,144.324,137.216,142.586,139.82,139.787
1027.2,131.131,141.805,139.755,133.402,144.413,137.251,142.524,139.82,139.787
1027.3,131.055,141.837,139.755,133.365,144.354,137.251,142.555,139.82,139.787
1027.4,131.131,141.837,139.755,133.475,144.354,137.216,142.555,139.787,139.82
1027.5,131.055,141.837,139.755,133.365,144.324,137.285,142.555,139.885,139.82
1027.6,131.093,141.837,139.722,133.438,144.354,137.251,142.586,139.787,139.722
1027.7,131.093,141.837,139.787,133.402,144.383,137.251,142.586,139.885,139.787
1027.8,131.093,141.868,139.722,133.402,144.383,137.216,142.555,139.755,139.853
1027.9,131.093,141.837,139.82,133.402,144.354,137.216,142.555,139.82,139.918
1028.0,131.055,141.868,139.722,133.402,144.413,137.216,142.586,139.82,139.853
1028.1,131.131,141.868,139.755,133.438,144.354,137.216,142.617,139.82,139.82
1028.2,131.093,141.868,139.722,133.402,144.354,137.216,142.555,139.82,139.787
1028.3,131.093,141.868,139.755,133.365,144.294,137.251,142.555,139.787,139.82
1028.4,131.131,141.868,139.722,133.402,144.383,137.182,142.555,139.885,139.82
1028.5,131.093,141.837,139.755,133.438,144.354,137.251,142.555,139.82,139.918
1028.6,131.093,141.837,139.722,133.402,144.443,137.216,142.555,139.853,139.82
1028.7,131.131,141.899,139.755,133.475,144.354,137.251,142.555,139.82,139.82
1028.8,131.131,141.868,139.755,133.402,144.354,137.251,142.586,139.82,139.82
1028.9,131.169,141.868,139.722,133.438,144.383,137.216,142.586,139.787,139.853
1029.0,131.131,141.868,139.755,133.402,144.383,137.251,142.586,139.853,139.885
1029.1,131.093,141.899,139.755,133.365,144.413,137.216,142.586,139.787,139.82
1029.2,131.131,141.868,139.82,133.438,144.383,137.251,142.617,139.787,139.82
1029.3,131.093,141.868,139.722,133.402,144.354,137.285,142.555,139.82,139.787
1029.4,131.093,141.931,139.755,133.438,144.383,137.251,142.555,139.853,139.82
1029.5,131.131,141.868,139.755,133.438,144.413,137.216,142.524,139.82,139.82
1029.6,131.131,141.931,139.755,133.365,144.383,137.251,142.617,139.885,139.82
1029.7,131.169,141.868,139.755,133.402,144.383,137.216,142.555,139.82,139.82
1029.8,131.131,141.868,139.722,133.475,144.383,137.251,142.555,139.82,139.82
1029.9,131.131,141.899,139.689,133.438,144.443,137.251,142.555,139.82,139.82
1030.0,131.131,141.899,139.787,133.438,144.383,137.216,142.586,139.853,139.853
1030.1,131.169,141.899,139.787,133.511,144.413,137.285,142.555,139.82,139.82
1030.2,131.093,141.868,139.755,133.365,144.383,137.251,142.555,139.885,139.82
1030.3,131.207,141.899,139.755,133.402,144.383,137.319,142.555,139.82,139.82
1030.4,131.131,141.899,139.755,133.438,144.354,137.251,142.524,139.82,139.853
1030.5,131.169,141.868,139.755,133.548,144.413,137.251,142.555,139.82,139.755
1030.6,131.131,141.931,139.787,133.438,144.413,137.285,142.586,139.82,139.885
1030.7,131.169,141.899,139.755,133.438,144.443,137.285,142.555,139.82,139.787
1030.8,131.245,141.868,139.82,133.438,144.413,137.285,142.555,139.853,139.82
1030.9,131.131,141.868,139.755,133.475,144.443,137.251,142.555,139.82,139.82
1031.0,131.169,141.962,139.755,133.438,144.443,137.216,142.617,139.82,139.853
1031.1,131.131,141.899,139.755,133.402,144.443,137.251,142.586,139.82,139.82
1031.2,131.131,141.899,139.787,133.438,144.413,137.387,142.555,139.885,139.82
1031.3,131.131,141.931,139.787,133.438,144.383,137.285,142.586,139.853,139.82
1031.4,131.093,141.868,139.755,133.438,144.443,137.285,142.524,139.82,139.82
1031.5,131.131,141.962,139.722,133.548,144.443,137.251,142.555,139.853,139.853
1031.6,131.093,141.931,139.722,133.438,144.413,137.285,142.586,139.82,139.853
1031.7,131.169,141.931,139.787,133.475,144.413,137.319,142.555,139.82,139.853
1031.8,131.169,141.962,139.722,133.438,144.413,137.251,142.524,139.853,139.82
1031.9,131.131,141.899,139.755,133.475,144.413,137.251,142.586,139.82,139.918
1032.0,131.169,141.931,139.755,133.438,144.413,137.251,142.586,139.82,139.853
1032.1,131.131,141.962,139.787,133.438,144.443,137.251,142.555,139.853,139.82
1032.2,131.207,141.899,139.755,133.475,144.473,137.285,142.555,139.82,139.82
1032.3,131.131,141.962,139.755,133.475,144.413,137.216,142.524,139.82,139.853
1032.4,131.093,141.994,139.755,133.475,144.443,137.251,142.555,139.853,139.853
1032.5,131.093,141.837,139.853,133.511,144.443,137.216,142.555,139.853,139.82
1032.6,131.169,141.931,139.755,133.438,144.413,137.216,142.555,139.853,139.82
1032.7,131.169,141.962,139.722,133.402,144.443,137.251,142.555,139.82,139.853
1032.8,131.169,141.962,139.755,133.475,144.443,137.251,142.586,139.885,139.853
1032.9,131.207,141.931,139.755,133.475,144.413,137.251,142.555,139.82,139.885
1033.0,131.131,141.899,139.755,133.511,144.443,137.251,142.555,139.853,139.853
1033.1,131.131,141.962,139.755,133.475,144.413,137.251,142.555,139.853,139.853
1033.2,131.169,141.931,139.787,133.475,144.413,137.251,142.555,139.82,139.82
1033.3,131.131,141.931,139.755,133.475,144.473,137.251,142.524,139.885,139.853
1033.4,131.169,141.962,139.755,133.475,144.443,137.285,142.617,139.82,139.885
1033.5,131.169,141.994,139.755,133.475,144.443,137.251,142.555,139.853,139.82
1033.6,131.207,141.962,139.755,133.438,144.354,137.251,142.555,139.853,139.853
1033.7,131.169,141.962,139.755,133.548,144.413,137.251,142.586,139.918,139.853
1033.8,131.169,141.931,139.755,133.475,144.443,137.285,142.586,139.853,139.885
1033.9,131.169,141.962,139.722,133.511,144.383,137.285,142.586,139.82,139.853
1034.0,131.169,141.962,139.755,133.475,144.413,137.216,142.586,139.853,139.885
1034.1,131.169,141.962,139.722,133.548,144.443,137.285,142.555,139.853,139.885
1034.2,131.169,141.962,139.722,133.475,144.383,137.285,142.586,139.853,139.885
1034.3,131.169,141.994,139.755,133.475,144.413,137.251,142.586,139.853,139.885
1034.4,131.207,141.994,139.755,133.511,144.413,137.182,142.617,139.885,139.885
1034.5,131.207,142.056,139.755,133.548,144.383,137.251,142.555,139.853,139.853
1034.6,131.207,141.962,139.755,133.511,144.443,137.251,142.648,139.885,139.853
1034.7,131.207,142.025,139.755,133.511,144.443,137.285,142.586,139.853,139.853
1034.8,131.282,141.994,139.755,133.402,144.413,137.285,142.524,139.82,139.82
1034.9,131.207,141.994,139.755,133.548,144.473,137.285,142.648,139.853,139.853
1035.0,131.207,141.994,139.787,133.511,144.473,137.251,142.586,139.82,139.82
1035.1,131.169,142.025,139.82,133.511,144.473,137.285,142.617,139.853,139.82
1035.2,131.169,141.994,139.722,133.548,144.473,137.285,142.617,139.853,139.885
1035.3,131.169,141.962,139.787,133.511,144.443,137.319,142.43,139.95,139.885
1035.4,131.169,141.962,139.755,133.475,144.473,137.251,142.617,139.853,139.853
1035.5,131.207,141.994,139.755,133.548,144.443,137.285,142.555,139.853,139.885
1035.6,131.207,141.994,139.755,133.475,144.503,137.285,142.555,139.853,139.82
1035.7,131.169,141.994,139.853,133.548,144.473,137.285,142.586,139.885,139.82
1035.8,131.245,142.025,139.787,133.402,144.473,137.285,142.524,139.885,139.853
1035.9,131.207,141.994,139.755,133.548,144.503,137.285,142.617,139.82,139.853
1036.0,131.169,142.025,139.82,133.548,144.473,137.216,142.617,139.885,139.853
1036.1,131.207,142.056,139.755,133.511,144.473,137.285,142.617,139.885,139.885
1036.2,131.207,142.025,139.787,133.475,144.413,137.285,142.586,139.885,139.853
1036.3,131.207,141.994,139.82,133.511,144.503,137.319,142.555,139.853,139.885
1036.4,131.245,142.087,139.787,133.548,144.473,137.285,142.586,139.885,139.853
1036.5,131.207,142.119,139.787,133.62,144.443,137.285,142.617,139.885,139.853
1036.6,131.207,142.025,139.755,133.511,144.503,137.319,142.586,139.853,139.885
1036.7,131.207,141.994,139.755,133.511,144.443,137.216,142.555,139.885,139.885
1036.8,131.207,142.025,139.787,133.548,144.443,137.251,142.586,139.755,139.787
1036.9,131.245,141.994,139.82,133.511,144.473,137.285,142.586,139.885,139.853
1037.0,131.282,142.025,139.755,133.548,144.473,137.285,142.679,139.95,139.918
1037.1,131.245,142.025,139.722,133.584,144.503,137.251,142.586,139.918,139.918
1037.2,131.207,142.025,139.82,133.548,144.473,137.285,142.555,139.853,139.853
1037.3,131.245,142.025,139.755,133.548,144.473,137.319,142.586,139.885,139.853
1037.4,131.32,142.025,139.787,133.62,144.503,137.285,142.555,139.983,139.918
1037.5,131.245,142.056,139.755,133.584,144.503,137.285,142.617,139.853,139.885
1037.6,131.245,142.056,139.755,133.548,144.443,137.285,142.555,139.885,139.95
1037.7,131.207,142.025,139.787,133.548,144.473,137.251,142.586,139.885,139.885
1037.8,131.282,142.119,139.787,133.548,144.443,137.251,142.586,139.853,139.853
1037.9,131.282,142.056,139.787,133.548,144.503,137.353,142.586,139.885,139.853
1038.0,131.32,142.056,139.787,133.548,144.473,137.285,142.586,139.885,139.983
1038.1,131.358,142.025,139.82,133.584,144.473,137.251,142.617,139.853,139.885
1038.2,131.358,142.056,139.787,133.584,144.473,137.285,142.555,139.885,139.853
1038.3,131.282,142.056,139.82,133.657,144.503,137.285,142.586,139.853,139.853
1038.4,131.358,141.962,139.787,133.62,144.473,137.285,142.617,139.853,139.853
1038.5,131.32,142.056,139.787,133.511,144.443,137.285,142.555,139.853,139.82
1038.6,131.32,142.025,139.787,133.62,144.533,137.285,142.555,139.853,139.82
1038.7,131.32,141.994,139.787,133.62,144.473,137.285,142.586,139.853,139.853
1038.8,131.32,141.962,139.82,133.584,144.503,137.285,142.586,139.82,139.787
1038.9,131.245,142.056,139.787,133.62,144.563,137.285,142.586,139.787,139.82
1039.0,131.32,142.025,139.787,133.584,144.473,137.387,142.586,139.82,139.82
1039.1,131.32,142.025,139.82,133.584,144.473,137.285,142.617,139.787,139.787
1039.2,131.282,141.994,139.82,133.548,144.503,137.285,142.586,139.82,139.82
1039.3,131.358,141.931,139.82,133.62,144.473,137.285,142.586,139.82,139.755
1039.4,131.32,141.994,139.787,133.584,144.443,137.251,142.617,139.82,139.755
1039.5,131.32,141.994,139.755,133.584,144.473,137.285,142.586,139.787,139.722
1039.6,131.358,141.962,139.82,133.584,144.473,137.353,142.586,139.787,139.82
1039.7,131.32,141.962,139.82,133.548,144.533,137.319,142.586,139.82,139.755
1039.8,131.32,141.994,139.82,133.657,144.443,137.285,142.586,139.755,139.689
1039.9,131.282,141.931,139.787,133.548,144.473,137.285,142.586,139.787,139.689
1040.0,131.282,141.931,139.82,133.584,144.443,137.319,142.586,139.755,139.657
1040.1,131.282,141.899,139.787,133.511,144.443,137.285,142.555,139.755,139.624
1040.2,131.282,141.899,139.853,133.511,144.383,137.285,142.617,139.722,139.624
1040.3,131.32,141.899,139.82,133.548,144.413,137.319,142.586,139.689,139.591
1040.4,131.207,141.899,139.787,133.511,144.383,137.285,142.617,139.657,139.591
1040.5,131.245,141.899,139.82,133.548,144.443,137.285,142.586,139.657,139.558
1040.6,131.245,141.868,139.82,133.511,144.383,137.285,142.586,139.624,139.591
1040.7,131.207,141.868,139.755,133.548,144.354,137.182,142.586,139.624,139.624
1040.8,131.245,141.868,139.82,133.475,144.383,137.285,142.586,139.624,139.558
1040.9,131.245,141.837,139.787,133.511,144.354,137.353,142.586,139.624,139.558
1041.0,131.207,141.868,139.82,133.475,144.263,137.216,142.586,139.591,139.526
1041.1,131.282,141.837,139.787,133.438,144.383,137.285,142.617,139.591,139.493
1041.2,131.169,141.805,139.787,133.475,144.354,137.251,142.679,139.558,139.493
1041.3,131.169,141.805,139.82,133.511,144.354,137.251,142.617,139.558,139.46
1041.4,131.169,141.805,139.853,133.475,144.324,137.251,142.555,139.558,139.46
1041.5,131.169,141.805,139.918,133.438,144.294,137.251,142.586,139.526,139.46
1041.6,131.131,141.774,139.82,133.402,144.324,137.251,142.617,139.493,139.394
1041.7,131.093,141.805,139.82,133.438,144.324,137.251,142.617,139.493,139.394
1041.8,131.055,141.742,139.755,133.475,144.263,137.216,142.617,139.493,139.394
1041.9,131.093,141.774,139.885,133.365,144.294,137.251,142.617,139.427,139.394
1042.0,131.055,141.742,139.82,133.402,144.294,137.251,142.617,139.46,139.362
1042.1,131.017,141.805,139.722,133.329,144.233,137.251,142.617,139.394,139.362
1042.2,131.093,141.711,139.787,133.292,144.233,137.251,142.648,139.362,139.329
1042.3,130.903,141.679,139.885,133.402,144.263,137.216,142.586,139.394,139.263
1042.4,130.979,141.648,139.853,133.255,144.173,137.216,142.617,139.296,139.23
1042.5,130.903,141.648,139.885,133.292,144.233,137.216,142.586,139.263,139.197
1042.6,130.903,141.742,139.82,133.255,144.203,137.216,142.586,139.263,139.197
1042.7,130.826,141.616,139.82,133.182,144.143,137.216,142.617,139.23,139.23
1042.8,130.826,141.616,139.755,133.182,144.113,137.216,142.617,139.23,139.164
1042.9,130.788,141.616,139.82,133.182,144.143,137.216,142.617,139.23,139.131
1043.0,130.75,141.585,139.853,133.109,144.083,137.114,142.586,139.164,139.164
1043.1,130.788,141.553,139.82,133.146,144.203,137.182,142.617,139.131,139.098
1043.2,130.674,141.521,139.885,133.109,144.143,137.148,142.586,139.098,139.032
1043.3,130.712,141.49,139.82,133.146,144.083,137.251,142.555,139.131,139.098
1043.4,130.674,141.521,139.787,133.072,144.023,137.148,142.617,139.098,139.032
1043.5,130.597,141.49,139.82,133.035,144.083,137.148,142.679,139.098,138.999
1043.6,130.597,141.49,139.82,132.999,144.083,137.251,142.586,139.098,138.999
1043.7,130.559,141.458,139.787,132.999,144.083,137.148,142.586,138.966,138.966
1043.8,130.52,141.395,139.82,132.814,144.023,137.148,142.586,139.032,138.966
1043.9,130.559,141.458,139.885,132.962,143.902,137.148,142.586,138.966,138.999
1044.0,130.52,141.458,139.82,132.888,144.023,137.148,142.617,138.999,138.866
1044.1,130.52,141.427,139.82,132.888,144.023,137.216,142.555,138.999,138.932
1044.2,130.52,141.395,139.787,132.888,143.902,137.114,142.586,138.966,138.899
1044.3,130.444,141.395,139.787,132.851,143.993,137.114,142.617,138.866,138.899
1044.4,130.405,141.331,139.787,132.888,143.962,137.08,142.586,138.932,138.833
1044.5,130.328,141.363,139.82,132.778,143.962,137.08,142.617,138.866,138.833
1044.6,130.29,141.3,139.82,132.667,143.902,137.08,142.586,138.866,138.866
1044.7,130.251,141.3,139.853,132.63,143.902,137.148,142.586,138.8,138.733
1044.8,130.136,141.331,139.755,132.63,143.872,137.08,142.617,138.7,138.733
1044.9,130.174,141.268,139.853,132.593,143.872,137.045,142.709,138.733,138.7
1045.0,130.097,141.236,139.787,132.593,143.811,137.148,142.586,138.733,138.7
1045.1,130.097,141.204,139.755,132.519,143.811,137.08,142.586,138.7,138.633
1045.2,130.058,141.204,139.885,132.482,143.811,137.08,142.555,138.667,138.667
1045.3,130.02,141.109,139.82,132.482,143.781,137.114,142.586,138.633,138.7
1045.4,129.981,141.141,139.853,132.444,143.781,137.045,142.555,138.7,138.6
1045.5,129.981,141.109,139.787,132.37,143.751,137.045,142.493,138.633,138.567
1045.6,129.904,141.141,139.918,132.37,143.751,137.045,142.586,138.7,138.6
1045.7,129.865,141.109,139.755,132.333,143.72,137.011,142.555,138.567,138.533
1045.8,129.826,141.077,139.755,132.333,143.69,137.045,142.586,138.567,138.567
1045.9,129.826,141.109,139.787,132.259,143.659,137.011,142.524,138.567,138.467
1046.0,129.787,141.013,139.755,132.333,143.659,137.045,142.555,138.533,138.433
1046.1,129.71,141.077,139.787,132.259,143.659,137.011,142.586,138.5,138.5
1046.2,129.71,141.045,139.787,132.184,143.659,136.977,142.586,138.5,138.467
1046.3,129.632,141.013,139.755,132.184,143.69,136.943,142.462,138.5,138.5
1046.4,129.632,141.013,139.755,132.147,143.629,136.977,142.586,138.467,138.6
1046.5,129.515,140.918,139.82,132.035,143.599,136.943,142.586,138.4,138.433
1046.6,129.437,140.886,139.722,131.96,143.507,136.943,142.586,138.366,138.299
1046.7,129.359,140.886,139.755,131.922,143.507,136.943,142.555,138.299,138.333
1046.8,129.241,140.854,139.689,131.848,143.446,136.943,142.555,138.299,138.333
1046.9,129.241,140.822,139.755,131.848,143.477,136.977,142.617,138.366,138.299
1047.0,129.202,140.854,139.755,131.772,143.446,136.943,142.524,138.266,138.266
1047.1,129.124,140.758,139.689,131.697,143.416,136.908,142.586,138.232,138.232
1047.2,129.045,140.758,139.755,131.66,143.416,136.908,142.586,138.199,138.266
1047.3,129.006,140.725,139.755,131.622,143.385,136.908,142.555,138.165,138.199
1047.4,129.045,140.725,139.722,131.622,143.385,136.874,142.555,138.199,138.165
1047.5,128.927,140.725,139.722,131.584,143.324,136.874,142.586,138.199,138.132
1047.6,128.927,140.661,139.689,131.547,143.324,136.874,142.586,138.132,138.165
1047.7,128.849,140.661,139.755,131.622,143.355,136.839,142.524,138.165,138.132
1047.8,128.849,140.565,139.755,131.434,143.294,136.874,142.524,138.098,138.064
1047.9,128.73,140.629,139.722,131.547,143.263,136.839,142.555,138.098,138.098
1048.0,128.691,140.597,139.689,131.396,143.355,136.839,142.586,138.098,138.132
1048.1,128.691,140.565,139.722,131.358,143.294,136.805,142.493,138.031,138.031
1048.2,128.691,140.533,139.689,131.358,143.202,136.805,142.524,137.997,138.031
1048.3,128.532,140.501,139.722,131.169,143.233,136.805,142.524,137.963,137.963
1048.4,128.532,140.501,139.689,131.282,143.233,136.839,142.493,137.997,137.929
1048.5,128.453,140.468,139.755,131.169,143.171,136.771,142.462,137.963,137.963
1048.6,128.413,140.468,139.722,131.131,143.141,136.805,142.555,137.963,137.963
1048.7,128.374,140.436,139.689,131.093,143.11,136.805,142.555,137.896,137.963
1048.8,128.374,140.436,139.755,131.131,143.141,136.771,142.555,137.929,137.929
1048.9,128.254,140.404,139.657,131.055,143.079,136.771,142.524,137.929,137.929
1049.0,128.254,140.372,139.722,131.017,143.11,136.771,142.555,137.896,137.862
1049.1,128.214,140.339,139.657,130.979,143.048,136.771,142.524,137.896,137.828
1049.2,128.175,140.339,139.689,130.979,143.079,136.702,142.524,137.862,137.963
1049.3,128.095,140.307,139.689,130.864,143.048,136.771,142.555,137.828,137.862
1049.4,128.055,140.307,139.722,130.903,142.987,136.805,142.555,137.828,137.794
1049.5,128.015,140.307,139.657,130.864,142.987,136.736,142.524,137.794,137.828
1049.6,127.975,140.242,139.755,130.788,142.956,136.736,142.493,137.794,137.761
1049.7,127.935,140.177,139.689,130.75,143.048,136.736,142.493,137.794,137.761
1049.8,127.935,140.21,139.722,130.712,142.864,136.839,142.43,137.727,137.761
1049.9,127.775,140.177,139.657,130.674,142.895,136.736,142.524,137.828,137.761
1050.0,127.815,140.275,139.624,130.559,142.956,136.736,142.493,137.794,137.761
1050.1,127.815,140.113,139.689,130.597,142.895,136.702,142.493,137.727,137.727
1050.2,127.734,140.113,139.657,130.635,142.833,136.736,142.493,137.693,137.727
1050.3,127.614,140.145,139.722,130.52,142.833,136.736,142.555,137.761,137.693
1050.4,127.574,140.145,139.526,130.597,142.833,136.667,142.524,137.693,137.693
1050.5,127.533,140.015,139.624,130.482,142.833,136.702,142.617,137.625,137.727
1050.6,127.453,140.08,139.526,130.444,142.771,136.667,142.524,137.625,137.625
1050.7,127.453,140.048,139.624,130.328,142.802,136.667,142.493,137.591,137.625
1050.8,127.453,140.048,139.624,130.367,142.771,136.702,142.493,137.625,137.625
1050.9,127.412,139.983,139.591,130.29,142.74,136.667,142.462,137.591,137.591
1051.0,127.372,139.95,139.624,130.251,142.74,136.667,142.493,137.557,137.591
1051.1,127.332,139.95,139.591,130.213,142.648,136.633,142.493,137.557,137.557
1051.2,127.21,139.95,139.657,130.213,142.709,136.494,142.493,137.557,137.557
1051.3,127.17,139.885,139.591,130.174,142.679,136.633,142.493,137.523,137.523
1051.4,127.089,139.885,139.657,130.097,142.648,136.667,142.493,137.523,137.523
1051.5,127.007,139.853,139.657,130.058,142.617,136.633,142.462,137.489,137.523
1051.6,127.007,139.82,139.657,129.981,142.617,136.667,142.493,137.489,137.489
1051.7,126.926,139.787,139.624,130.058,142.617,136.598,142.493,137.523,137.489
1051.8,126.885,139.853,139.624,129.904,142.555,136.598,142.462,137.455,137.421
1051.9,126.845,139.787,139.624,129.904,142.555,136.598,142.462,137.523,137.421
1052.0,126.722,139.722,139.591,129.787,142.493,136.564,142.524,137.421,137.421
1052.1,126.6,139.657,139.657,129.749,142.524,136.564,142.524,137.387,137.353
1052.2,126.6,139.657,139.591,129.671,142.462,136.529,142.493,137.387,137.353
1052.3,126.477,139.591,139.591,129.593,142.399,136.529,142.462,137.353,137.353
1052.4,126.395,139.526,139.558,129.476,142.306,136.529,142.462,137.285,137.319
1052.5,126.313,139.526,139.591,129.476,142.337,136.529,142.462,137.319,137.285
1052.6,126.272,139.493,139.558,129.398,142.399,136.494,142.493,137.319,137.285
1052.7,126.148,139.427,139.558,129.32,142.306,136.529,142.462,137.251,137.251
1052.8,126.107,139.427,139.558,129.241,142.212,136.529,142.462,137.148,137.216
1052.9,126.024,139.394,139.526,129.124,142.212,136.494,142.43,137.148,137.216
1053.0,125.942,139.329,139.558,129.085,142.15,136.425,142.43,137.182,137.148
1053.1,125.818,139.131,139.558,129.045,142.119,136.494,142.462,137.216,137.216
1053.2,125.776,139.263,139.526,129.006,142.119,136.494,142.493,137.182,137.045
1053.3,125.776,139.296,139.558,129.006,142.056,136.46,142.462,137.148,137.148
1053.4,125.776,139.23,139.526,128.888,142.087,136.46,142.462,137.08,137.148
1053.5,125.693,139.23,139.558,128.849,142.119,136.39,142.368,137.148,137.08
1053.6,125.61,139.23,139.46,128.849,142.025,136.425,142.43,137.148,137.148
1053.7,125.61,139.131,139.526,128.809,141.962,136.529,142.43,137.114,137.148
1053.8,125.527,139.164,139.493,128.612,141.962,136.46,142.462,137.08,137.08
1053.9,125.485,139.197,139.558,128.77,141.931,136.46,142.43,137.148,137.08
1054.0,125.444,139.065,139.493,128.691,141.994,136.39,142.399,137.114,137.011
1054.1,125.36,139.065,139.526,128.612,141.931,136.425,142.43,137.045,137.011
1054.2,125.319,139.065,139.493,128.651,141.931,136.356,142.524,137.045,137.011
1054.3,125.277,139.032,139.526,128.493,141.899,136.39,142.43,137.045,137.045
1054.4,125.277,139.032,139.558,128.493,141.868,136.425,142.493,137.045,137.011
1054.5,125.193,138.932,139.493,128.453,141.868,136.46,142.399,137.011,137.011
1054.6,125.193,138.999,139.493,128.413,141.837,136.425,142.368,137.011,136.977
1054.7,125.11,138.966,139.493,128.374,141.805,136.425,142.43,137.011,136.977
1054.8,125.026,138.899,139.493,128.413,141.805,136.321,142.43,137.045,137.011
1054.9,125.026,138.833,139.493,128.294,141.774,136.39,142.493,136.977,136.943
1055.0,125.026,138.866,139.493,128.294,141.774,136.356,142.43,136.977,136.874
1055.1,124.984,138.767,139.493,128.214,141.711,136.321,142.462,136.943,136.943
1055.2,124.942,138.8,139.493,128.214,141.742,136.356,142.462,136.943,136.977
1055.3,124.858,138.7,139.46,128.135,141.774,136.321,142.399,136.943,136.908
1055.4,124.773,138.767,139.558,128.095,141.648,136.321,142.399,136.908,136.874
1055.5,124.731,138.733,139.493,128.015,141.648,136.356,142.399,136.943,136.874
1055.6,124.689,138.667,139.427,127.935,141.648,136.356,142.43,136.874,136.874
1055.7,124.647,138.667,139.558,127.895,141.616,136.356,142.399,136.908,136.839
1055.8,124.647,138.633,139.46,127.855,141.553,136.321,142.43,136.908,136.874
1055.9,124.562,138.633,139.493,127.815,141.553,136.321,142.368,136.839,136.874
1056.0,124.562,138.567,139.427,127.694,141.521,136.286,142.43,136.874,136.839
1056.1,124.478,138.567,139.46,127.815,141.49,136.286,142.399,136.736,136.839
1056.2,124.393,138.5,139.46,127.654,141.553,136.286,142.43,136.839,136.839
1056.3,124.393,138.533,139.46,127.694,141.427,136.286,142.43,136.736,136.805
1056.4,124.351,138.533,139.427,127.614,141.49,136.286,142.368,136.805,136.771
1056.5,124.393,138.467,139.46,127.574,141.458,136.252,142.43,136.771,136.771
1056.6,124.266,138.433,139.427,127.533,141.427,136.321,142.43,136.839,136.771
1056.7,124.181,138.4,139.394,127.412,141.363,136.217,142.43,136.771,136.736
1056.8,124.138,138.366,139.427,127.453,141.363,136.286,142.368,136.736,136.736
1056.9,124.138,138.333,139.427,127.412,141.3,136.252,142.399,136.736,136.736
1057.0,124.011,138.299,139.46,127.291,141.331,136.217,142.337,136.736,136.702
1057.1,123.925,138.266,139.526,127.17,141.204,136.252,142.43,136.667,136.702
1057.2,123.84,138.232,139.427,127.048,141.204,136.217,142.399,136.667,136.667
1057.3,123.754,138.165,139.427,127.007,141.173,136.252,142.399,136.702,136.598
1057.4,123.711,138.098,139.362,126.967,141.173,136.217,142.462,136.667,136.633
1057.5,123.669,138.132,139.427,126.967,141.077,136.286,142.368,136.633,136.598
1057.6,123.626,138.064,139.427,126.885,141.173,136.182,142.337,136.667,136.564
1057.7,123.583,138.098,139.427,126.845,141.077,136.182,142.368,136.633,136.598
1057.8,123.583,138.031,139.394,126.845,141.077,136.182,142.368,136.633,136.564
1057.9,123.54,138.064,139.394,126.804,141.013,136.147,142.43,136.564,136.564
1058.0,123.325,137.963,139.394,126.722,141.109,136.182,142.337,136.598,136.564
1058.1,123.497,137.929,139.362,126.682,140.981,136.182,142.399,136.598,136.529
1058.2,123.411,137.896,139.427,126.6,140.95,136.182,142.337,136.564,136.494
1058.3,123.411,137.929,139.362,126.641,140.95,136.182,142.368,136.564,136.564
1058.4,123.282,137.862,139.427,126.559,140.886,136.147,142.399,136.529,136.494
1058.5,123.238,137.862,139.362,126.559,140.918,136.182,142.368,136.564,136.529
1058.6,123.282,137.828,139.394,126.477,140.886,136.147,142.275,136.564,136.494
1058.7,123.109,137.727,139.362,126.354,140.854,136.147,142.399,136.46,136.46
1058.8,123.066,137.761,139.394,126.272,140.854,136.112,142.337,136.494,136.529
1058.9,122.979,137.727,139.394,126.189,140.725,136.147,142.368,136.564,136.667
1059.0,122.979,137.659,139.362,126.148,140.725,136.112,142.337,136.46,136.425
1059.1,122.805,137.625,139.329,126.148,140.725,136.112,142.368,136.494,136.494
1059.2,122.762,137.557,139.362,126.024,140.693,136.112,142.43,136.494,136.494
1059.3,122.762,137.557,139.362,126.066,140.629,136.112,142.368,136.46,136.425
1059.4,122.718,137.489,139.329,125.942,140.629,136.043,142.368,136.425,136.356
1059.5,122.718,137.489,139.329,125.901,140.661,136.078,142.368,136.39,136.39
1059.6,122.675,137.489,139.362,125.859,140.597,136.078,142.337,136.425,136.425
1059.7,122.588,137.523,139.296,125.818,140.597,136.078,142.337,136.425,136.356
1059.8,122.588,137.421,139.329,125.776,140.629,136.078,142.337,136.425,136.321
1059.9,122.544,137.421,139.362,125.735,140.501,136.078,142.368,136.425,136.39
1060.0,122.544,137.353,139.23,125.735,140.501,136.043,142.337,136.39,136.321
1060.1,122.544,137.353,139.362,125.61,140.501,136.043,142.337,136.356,136.321
1060.2,122.413,137.319,139.197,125.652,140.501,136.078,142.368,136.356,136.286
1060.3,122.413,137.285,139.329,125.569,140.436,136.078,142.337,136.321,136.321
1060.4,122.369,137.353,139.296,125.527,140.436,136.043,142.368,136.356,136.321
1060.5,122.282,137.387,139.296,125.485,140.404,136.078,142.337,136.321,136.286
1060.6,122.238,137.182,139.296,125.36,140.404,136.008,142.368,136.321,136.252
1060.7,122.194,137.182,139.296,125.319,140.339,136.043,142.368,136.356,136.286
1060.8,122.15,137.182,139.329,125.277,140.307,136.008,142.368,136.321,136.286
1060.9,122.106,137.08,139.296,125.193,140.275,136.008,142.306,136.286,136.252
1061.0,122.062,137.08,139.296,125.151,140.242,136.008,142.337,136.286,136.217
1061.1,122.018,137.045,139.23,125.151,140.21,136.043,142.337,136.286,136.217
1061.2,121.974,137.011,139.23,125.11,140.145,136.008,142.368,136.252,136.217
1061.3,121.842,136.908,139.23,124.984,140.113,135.973,142.337,136.252,136.112
1061.4,121.798,136.977,139.263,124.9,140.08,135.973,142.337,136.217,136.182
1061.5,121.842,136.908,139.263,124.9,140.08,136.008,142.337,136.217,136.217
1061.6,121.754,136.839,139.23,124.816,140.08,135.973,142.306,136.217,136.147
1061.7,121.665,136.805,139.263,124.731,140.015,135.938,142.337,136.147,136.147
1061.8,121.665,136.805,139.23,124.605,140.015,135.973,142.337,136.147,136.112
1061.9,121.577,136.805,139.263,124.731,139.95,135.973,142.337,136.217,136.182
1062.0,121.488,136.736,139.23,124.562,139.918,135.938,142.306,136.182,136.112
1062.1,121.488,136.667,139.263,124.52,139.885,136.008,142.306,136.147,136.112
1062.2,121.399,136.702,139.23,124.478,139.918,135.973,142.275,136.182,136.112
1062.3,121.355,136.702,139.263,124.478,139.755,136.008,142.337,136.147,136.147
1062.4,121.355,136.598,139.197,124.436,139.853,136.008,142.306,136.147,136.112
1062.5,121.266,136.564,139.329,124.393,139.82,135.938,142.337,136.112,136.078
1062.6,121.266,136.598,139.23,124.351,139.82,135.903,142.306,136.147,136.043
1062.7,121.222,136.529,139.23,124.223,139.82,135.938,142.306,136.078,136.078
1062.8,121.222,136.564,139.263,124.308,139.787,135.903,142.306,136.078,136.078
1062.9,121.132,136.529,139.23,124.181,139.755,135.903,142.275,136.112,136.043
1063.0,121.088,136.46,139.23,124.096,139.689,135.903,142.306,136.078,136.043
1063.1,120.998,136.425,139.23,124.053,139.657,135.903,142.306,136.078,136.008
1063.2,120.998,136.39,139.23,124.053,139.624,135.833,142.306,136.078,136.008
1063.3,120.954,136.39,139.197,124.011,139.624,135.903,142.337,136.078,136.078
1063.4,120.998,136.39,139.197,123.925,139.624,135.903,142.306,136.112,136.008
1063.5,120.909,136.217,139.197,123.883,139.558,135.903,142.244,136.043,136.008
1063.6,120.819,136.286,139.164,123.754,139.558,135.868,142.337,136.043,135.973
1063.7,120.819,136.252,139.164,123.754,139.526,135.868,142.337,136.043,136.008
1063.8,120.73,136.182,139.197,123.711,139.46,135.868,142.275,136.008,135.973
1063.9,120.685,136.252,139.164,123.711,139.427,135.868,142.337,136.043,135.938
1064.0,120.685,136.147,139.164,123.626,139.46,135.833,142.337,136.043,135.973
1064.1,120.595,136.043,139.23,123.583,139.427,135.868,142.275,136.008,135.938
1064.2,120.595,136.078,139.164,123.583,139.427,135.868,142.306,136.008,135.938
1064.3,120.46,136.008,139.197,123.454,139.427,135.833,142.306,135.938,135.938
1064.4,120.46,135.973,139.164,123.454,139.296,135.868,142.275,136.008,135.938
1064.5,120.46,135.833,139.131,123.368,139.263,135.833,142.275,135.938,135.938
1064.6,120.37,135.973,139.164,123.325,139.329,135.798,142.306,135.973,135.903
1064.7,120.37,135.903,139.164,123.282,139.197,135.833,142.275,135.973,135.938
1064.8,120.37,135.868,139.131,123.282,139.23,135.728,142.244,135.938,135.903
1064.9,120.279,135.833,139.164,123.195,139.197,135.693,142.306,135.868,135.868
1065.0,120.234,135.833,139.131,123.109,139.164,135.798,142.306,135.938,135.868
1065.1,120.098,135.763,139.131,122.979,139.065,135.728,142.275,135.903,135.903
1065.2,120.053,135.693,139.131,122.979,139.131,135.798,142.275,135.868,135.903
1065.3,120.053,135.658,139.098,122.892,139.032,135.798,142.244,135.903,135.833
1065.4,119.962,135.658,139.164,122.849,138.999,135.798,142.275,135.903,135.833
1065.5,119.917,135.728,139.131,122.805,138.999,135.798,142.212,135.938,135.763
1065.6,119.917,135.587,139.131,122.805,138.966,135.763,142.212,135.833,135.798
1065.7,119.871,135.587,139.197,122.805,138.966,135.798,142.306,135.868,135.763
1065.8,119.871,135.517,139.131,122.675,138.932,135.868,142.275,135.903,135.728
1065.9,119.78,135.517,139.131,122.762,138.932,135.763,142.275,135.903,135.798
1066.0,119.78,135.517,139.098,122.631,138.899,135.763,142.244,135.833,135.763
1066.1,119.735,135.447,139.098,122.588,138.866,135.728,142.275,135.833,135.833
1066.2,119.689,135.447,139.065,122.588,138.833,135.763,142.244,135.833,135.763
1066.3,119.689,135.447,139.131,122.5,138.833,135.728,142.244,135.938,135.833
1066.4,119.643,135.376,139.098,122.457,138.767,135.763,142.212,135.868,135.763
1066.5,119.689,135.411,139.098,122.457,138.767,135.728,142.275,135.833,135.798
1066.6,119.506,135.305,139.098,122.457,138.767,135.728,142.306,135.798,135.763
1066.7,119.461,135.341,139.098,122.282,138.733,135.728,142.306,135.868,135.728
1066.8,119.415,135.27,139.098,122.282,138.667,135.728,142.244,135.763,135.728
1066.9,119.369,135.199,138.999,122.194,138.7,135.763,142.244,135.833,135.728
1067.0,119.231,135.164,139.098,122.194,138.633,135.728,142.212,135.763,135.833
1067.1,119.277,135.129,139.065,122.15,138.567,135.693,142.275,135.798,135.763
1067.2,119.277,135.129,139.098,122.062,138.567,135.728,142.275,135.763,135.658
1067.3,119.277,135.129,139.065,122.018,138.567,135.728,142.244,135.728,135.763
1067.4,119.185,135.058,139.098,121.974,138.533,135.728,142.244,135.728,135.728
1067.5,119.231,135.022,139.065,122.018,138.467,135.763,142.275,135.763,135.728
1067.6,119.185,134.987,139.098,121.93,138.467,135.693,142.275,135.728,135.728
1067.7,119.139,135.022,139.032,121.974,138.5,135.728,142.212,135.763,135.693
1067.8,119.185,134.951,139.065,121.886,138.5,135.728,142.275,135.728,135.658
1067.9,119.001,134.951,139.065,121.842,138.433,135.693,142.244,135.693,135.728
1068.0,118.955,134.951,139.032,121.798,138.433,135.693,142.244,135.728,135.693
1068.1,119.001,134.987,139.098,121.754,138.433,135.693,142.275,135.798,135.658
1068.2,118.955,134.88,139.032,121.71,138.333,135.693,142.212,135.763,135.658
1068.3,119.001,134.844,139.065,121.621,138.366,135.658,142.244,135.693,135.693
1068.4,118.863,134.915,139.098,121.665,138.299,135.693,142.244,135.763,135.658
1068.5,118.955,134.773,139.032,121.665,138.266,135.623,142.244,135.763,135.623
1068.6,118.863,134.773,139.098,121.533,138.232,135.658,142.244,135.693,135.623
1068.7,118.817,134.88,139.098,121.533,138.266,135.693,142.244,135.623,135.623
1068.8,118.77,134.702,139.098,121.488,138.266,135.658,142.244,135.693,135.587
1068.9,118.678,134.702,139.032,121.533,138.199,135.623,142.275,135.693,135.587
1069.0,118.724,134.809,139.032,121.399,138.199,135.623,142.244,135.658,135.623
1069.1,118.678,134.666,139.032,121.444,138.165,135.658,142.244,135.658,135.623
1069.2,118.631,134.559,139.032,121.355,138.165,135.658,142.244,135.693,135.587
1069.3,118.631,134.63,139.065,121.355,138.132,135.658,142.244,135.658,135.623
1069.4,118.585,134.63,139.032,121.266,138.132,135.658,142.244,135.587,135.658
1069.5,118.539,134.523,138.999,121.266,138.064,135.623,142.244,135.693,135.552
1069.6,118.492,134.523,139.065,121.177,138.031,135.658,142.244,135.623,135.552
1069.7,118.399,134.415,139.032,121.043,137.997,135.623,142.244,135.623,135.517
1069.8,118.353,134.379,139.065,120.998,137.963,135.623,142.212,135.693,135.552
1069.9,118.26,134.415,138.966,120.954,137.963,135.658,142.212,135.623,135.517
1070.0,118.306,134.343,139.032,120.954,137.896,135.623,142.244,135.623,135.552
1070.1,118.26,134.308,138.999,120.864,137.862,135.658,142.244,135.587,135.517
1070.2,118.26,134.272,138.999,120.909,137.896,135.658,142.244,135.623,135.552
1070.3,118.26,134.272,139.032,120.864,137.828,135.623,142.212,135.587,135.517
1070.4,118.166,134.164,138.966,120.819,137.794,135.658,142.181,135.587,135.552
1070.5,118.166,134.2,138.999,120.775,137.828,135.587,142.212,135.587,135.552
1070.6,118.12,134.2,138.966,120.73,137.761,135.728,142.181,135.552,135.482
1070.7,118.026,134.127,138.999,120.819,137.727,135.623,142.212,135.587,135.447
1070.8,118.026,134.127,138.999,120.775,137.727,135.587,142.244,135.587,135.517
1070.9,118.073,134.164,138.966,120.595,137.693,135.482,142.212,135.517,135.482
1071.0,118.026,134.164,138.999,120.595,137.693,135.552,142.212,135.552,135.482
1071.1,117.932,134.055,139.032,120.55,137.659,135.623,142.244,135.623,135.552
1071.2,117.886,134.055,139.098,120.55,137.659,135.623,142.212,135.482,135.482
1071.3,117.886,134.019,138.966,120.505,137.625,135.587,142.212,135.552,135.447
1071.4,117.745,133.947,138.999,120.415,137.557,135.587,142.212,135.482,135.411
1071.5,117.745,133.911,138.932,120.37,137.557,135.587,142.212,135.517,135.411
1071.6,117.745,133.874,138.999,120.324,137.523,135.552,142.212,135.482,135.482
1071.7,117.698,133.983,138.932,120.37,137.489,135.587,142.212,135.517,135.623
1071.8,117.698,133.802,138.899,120.189,137.489,135.587,142.244,135.517,135.447
1071.9,117.604,133.729,138.966,120.189,137.421,135.552,142.212,135.517,135.411
1072.0,117.509,133.729,138.966,120.144,137.387,135.552,142.306,135.411,135.411
1072.1,117.557,133.729,138.932,120.098,137.387,135.552,142.181,135.482,135.411
1072.2,117.462,133.729,138.966,120.053,137.387,135.552,142.181,135.447,135.411
1072.3,117.462,133.657,138.999,120.053,137.353,135.552,142.212,135.482,135.411
1072.4,117.415,133.693,138.932,119.962,137.285,135.517,142.212,135.482,135.376
1072.5,117.368,133.62,138.932,119.962,137.285,135.552,142.244,135.482,135.447
1072.6,117.368,133.584,138.866,119.871,137.251,135.517,142.244,135.482,135.376
1072.7,117.368,133.584,138.999,119.962,137.251,135.517,142.15,135.447,135.376
1072.8,117.273,133.511,138.932,119.871,137.216,135.552,142.244,135.447,135.411
1072.9,117.273,133.548,138.966,119.871,137.216,135.517,142.181,135.447,135.376
1073.0,117.226,133.475,138.999,119.826,137.216,135.482,142.181,135.376,135.341
1073.1,117.226,133.438,138.932,119.78,137.148,135.517,142.212,135.482,135.411
1073.2,117.179,133.511,138.932,119.78,137.148,135.587,142.181,135.447,135.341
1073.3,117.131,133.402,138.966,119.689,137.08,135.482,142.181,135.447,135.341
1073.4,117.084,133.365,138.932,119.598,137.08,135.482,142.212,135.411,135.341
1073.5,116.989,133.365,138.966,119.643,136.943,135.517,142.212,135.411,135.341
1073.6,117.036,133.292,138.966,119.552,137.011,135.517,142.181,135.376,135.341
1073.7,116.989,133.255,138.966,119.552,136.943,135.517,142.181,135.376,135.305
1073.8,116.989,133.255,138.899,119.506,136.943,135.482,142.212,135.411,135.305
1073.9,116.989,133.255,138.932,119.415,136.874,135.411,142.244,135.341,135.341
1074.0,116.941,133.219,138.932,119.461,136.908,135.411,142.212,135.376,135.341
1074.1,116.846,133.146,138.966,119.369,136.839,135.517,142.181,135.411,135.341
1074.2,116.894,133.182,138.966,119.369,136.943,135.482,142.212,135.376,135.341
1074.3,116.894,133.146,138.966,119.323,136.908,135.587,142.212,135.341,135.305
1074.4,116.798,133.072,138.932,119.323,136.839,135.482,142.181,135.411,135.376
1074.5,116.703,133.072,138.966,119.231,136.771,135.482,142.212,135.341,135.305
1074.6,116.798,132.999,138.966,119.231,136.771,135.482,142.212,135.411,135.27
1074.7,116.703,133.072,138.966,119.231,136.736,135.482,142.212,135.376,135.341
1074.8,116.655,132.962,138.932,119.047,136.736,135.517,142.212,135.376,135.27
1074.9,116.56,132.925,138.866,119.093,136.667,135.482,142.212,135.376,135.27
1075.0,116.56,132.888,138.899,119.047,136.667,135.447,142.244,135.341,135.305
1075.1,116.512,132.888,138.899,119.047,136.633,135.447,142.181,135.376,135.27
1075.2,116.56,132.851,138.899,119.001,136.598,135.482,142.181,135.341,135.235
1075.3,116.512,132.888,138.966,119.001,136.564,135.482,142.212,135.305,135.235
1075.4,116.416,132.778,138.899,118.909,136.529,135.447,142.181,135.305,135.199
1075.5,116.368,132.704,138.899,118.817,136.494,135.447,142.15,135.341,135.235
1075.6,116.416,132.741,138.866,118.863,136.494,135.447,142.181,135.305,135.235
1075.7,116.272,132.704,138.899,118.817,136.356,135.447,142.181,135.305,135.235
1075.8,116.368,132.63,138.899,118.724,136.46,135.447,142.181,135.305,135.235
1075.9,116.224,132.593,138.899,118.631,136.356,135.447,142.181,135.305,135.235
1076.0,116.224,132.556,138.833,118.631,136.321,135.305,142.212,135.27,135.235
1076.1,116.08,132.519,138.866,118.585,136.286,135.411,142.181,135.235,135.235
1076.2,116.08,132.519,138.899,118.539,136.286,135.411,142.15,135.27,135.164
1076.3,116.128,132.519,138.833,118.539,136.286,135.447,142.181,135.235,135.199
1076.4,116.176,132.444,138.899,118.492,136.286,135.411,142.181,135.235,135.164
1076.5,115.983,132.444,138.833,118.446,136.321,135.447,142.15,135.27,135.235
1076.6,116.031,132.407,138.866,118.446,136.112,135.411,142.181,135.27,135.164
1076.7,116.031,132.333,138.899,118.446,136.182,135.447,142.181,135.341,135.199
1076.8,115.887,132.704,138.866,118.353,136.217,135.447,142.181,135.164,135.199
1076.9,115.983,132.333,138.866,118.353,136.147,135.411,142.212,135.235,135.164
1077.0,115.887,132.333,138.899,118.306,136.147,135.411,142.15,135.27,135.129
1077.1,115.79,132.296,138.899,118.353,136.112,135.411,142.181,135.235,135.164
1077.2,115.935,132.259,138.833,118.26,136.112,135.447,142.15,135.235,135.199
1077.3,115.887,132.259,138.833,118.213,136.043,135.411,142.244,135.235,135.164
1077.4,115.887,132.221,138.866,118.213,136.078,135.376,142.15,135.199,135.164
1077.5,115.79,132.184,138.866,118.166,136.043,135.411,142.181,135.235,135.199
1077.6,115.742,132.072,138.833,118.213,135.973,135.411,142.181,135.199,135.093
1077.7,115.596,132.072,138.833,118.026,135.938,135.376,142.15,135.27,135.129
1077.8,115.645,132.109,138.866,118.166,135.903,135.411,142.15,135.235,135.129
1077.9,116.176,132.035,138.866,117.979,135.868,135.376,142.181,135.164,135.129
1078.0,115.499,131.96,138.8,117.932,135.868,135.411,142.181,135.199,135.058
1078.1,115.693,131.922,138.866,117.886,135.833,135.411,142.181,135.199,135.093
1078.2,115.548,131.885,138.833,117.886,135.798,135.376,142.181,135.199,135.093
1078.3,115.45,131.848,138.833,117.886,135.763,135.376,142.15,135.164,135.093
1078.4,115.402,131.848,138.8,117.792,135.728,135.341,142.15,135.199,135.164
1078.5,115.256,131.81,138.833,117.745,135.728,135.376,142.119,135.164,135.058
1078.6,115.402,131.848,138.833,117.792,135.693,135.411,142.15,135.129,135.093
1078.7,115.45,131.772,138.833,117.698,135.658,135.341,142.119,135.164,135.093
1078.8,115.353,131.81,138.8,117.651,135.623,135.411,142.212,135.164,135.164
1078.9,115.256,131.735,138.833,117.557,135.658,135.376,142.15,135.164,135.093
1079.0,115.304,131.697,138.8,117.651,135.623,135.376,142.15,135.164,135.058
1079.1,115.256,131.735,138.833,117.509,135.658,135.376,142.056,135.129,135.058
1079.2,115.207,131.66,138.833,117.509,135.552,135.447,142.181,135.129,135.093
1079.3,115.158,131.697,138.899,117.557,135.623,135.376,142.119,135.199,135.093
1079.4,115.207,131.622,138.8,117.557,135.552,135.376,142.15,135.129,135.093
1079.5,115.109,131.584,138.833,117.415,135.482,135.341,142.119,135.129,135.058
1079.6,115.109,131.509,138.833,117.415,135.447,135.376,142.181,135.129,135.022
1079.7,115.06,131.547,138.833,117.368,135.411,135.341,142.181,135.093,135.022
1079.8,115.06,131.471,138.833,117.321,135.376,135.305,142.15,135.164,135.058
1079.9,115.011,131.471,138.8,117.226,135.411,135.341,142.119,135.093,135.058
1080.0,114.913,131.396,138.833,117.226,135.305,135.305,142.244,135.022,135.022
1080.1,114.864,131.396,138.8,117.179,135.305,135.305,142.212,135.093,135.022
1080.2,114.864,131.358,138.733,117.131,135.235,135.341,142.15,135.093,135.022
1080.3,114.913,131.32,138.8,117.084,135.235,135.341,142.181,135.058,135.022
1080.4,114.717,131.282,138.8,117.084,135.199,135.341,142.15,135.093,135.022
1080.5,114.815,131.245,138.8,116.989,135.129,135.305,142.15,135.093,135.022
1080.6,114.766,131.207,138.8,117.036,135.093,135.411,142.181,135.022,135.022
1080.7,114.668,131.207,138.633,116.941,135.164,135.341,142.119,135.093,135.022
1080.8,114.668,131.169,138.8,116.941,135.164,135.341,142.119,135.058,134.987
1080.9,114.619,131.093,138.7,116.941,135.093,135.341,142.15,135.022,135.058
1081.0,114.619,131.131,138.767,116.846,135.022,135.305,142.15,135.093,135.022
1081.1,114.619,131.093,138.8,116.894,135.022,135.305,142.244,135.058,134.987
1081.2,114.619,131.169,138.767,116.846,134.951,135.27,142.119,135.093,135.058
1081.3,114.52,131.055,138.767,116.798,134.987,135.341,142.181,135.058,134.987
1081.4,114.569,131.055,138.7,116.798,134.951,135.305,142.181,135.058,134.951
1081.5,114.52,130.979,138.8,116.703,134.915,135.305,142.181,135.058,134.951
1081.6,114.471,130.979,138.767,116.798,135.022,135.305,142.119,135.093,134.951
1081.7,114.471,130.941,138.767,116.798,134.915,135.305,142.15,135.022,134.951
1081.8,114.471,130.941,138.8,116.607,134.88,135.305,142.119,134.987,134.951
1081.9,114.372,130.864,138.767,116.703,134.844,135.305,142.181,135.093,134.987
1082.0,114.372,130.864,138.767,116.607,134.809,135.27,142.119,135.022,134.987
1082.1,114.323,130.826,138.733,116.56,134.844,135.305,142.181,135.022,134.951
1082.2,114.372,130.788,138.767,116.56,134.773,135.341,142.15,135.058,134.951
1082.3,114.273,130.75,138.767,116.464,134.702,135.305,142.119,134.987,134.951
1082.4,114.273,130.75,138.733,116.512,134.702,135.27,142.15,134.987,134.915
1082.5,114.174,130.674,138.767,116.368,134.702,135.27,142.119,134.987,134.987
1082.6,114.125,130.635,138.767,116.368,134.559,135.305,142.087,135.022,134.88
1082.7,114.075,130.597,138.8,116.272,134.594,135.27,142.119,135.022,134.915
1082.8,114.075,130.52,138.767,116.32,134.487,135.27,142.119,135.022,134.915
1082.9,114.075,130.482,138.767,116.272,134.523,135.27,142.119,134.987,134.88
1083.0,113.976,130.52,138.7,116.224,134.487,135.305,142.119,134.951,134.915
1083.1,113.976,130.405,138.733,116.224,134.523,135.235,142.181,134.951,134.844
1083.2,113.976,130.482,138.733,116.176,134.451,135.27,142.087,135.058,134.915
1083.3,113.926,130.405,138.833,116.128,134.415,135.27,142.15,135.022,134.915
1083.4,113.876,130.367,138.733,116.128,134.415,135.27,142.087,134.951,134.88
1083.5,113.976,130.405,138.767,116.08,134.415,135.27,142.119,134.951,134.915
1083.6,113.926,130.328,138.767,116.08,134.379,135.199,142.087,134.951,134.844
1083.7,113.826,130.328,138.733,116.031,134.308,135.235,142.119,134.951,134.88
1083.8,113.826,130.29,138.767,116.031,134.308,135.235,142.119,134.987,134.915
1083.9,113.677,130.251,138.767,115.887,134.272,135.235,142.087,134.915,134.88
1084.0,113.777,130.174,138.733,115.983,134.272,135.27,142.119,134.915,134.809
1084.1,113.627,130.174,138.733,115.887,134.236,135.376,142.15,134.915,134.844
1084.2,113.727,130.136,138.767,115.838,134.127,135.235,142.15,134.915,134.88
1084.3,113.627,130.097,138.7,115.887,134.127,135.27,142.181,134.951,134.88
1084.4,113.577,130.058,138.7,115.742,134.127,135.235,142.15,134.88,134.844
1084.5,113.627,130.02,138.733,115.742,134.091,135.235,142.15,134.915,134.88
1084.6,113.527,129.942,138.7,115.693,133.947,135.235,142.119,134.915,134.844
1084.7,113.577,129.942,138.733,115.596,134.055,135.27,142.119,134.915,134.844
1084.8,113.477,129.981,138.866,115.548,133.983,135.27,142.119,134.915,134.844
1084.9,113.477,129.981,138.7,115.596,134.055,135.27,142.119,134.915,134.844
1085.0,113.427,129.865,138.733,115.596,133.983,135.235,142.15,134.915,134.88
1085.1,113.427,129.942,138.767,115.548,133.947,135.235,142.119,134.951,134.844
1085.2,113.377,129.826,138.7,115.548,133.911,135.235,142.119,134.88,134.844
1085.3,113.427,129.787,138.733,115.499,133.947,135.235,142.025,134.951,134.773
1085.4,113.276,129.787,138.7,115.499,133.874,135.199,142.15,134.915,134.844
1085.5,113.326,129.787,138.7,115.548,133.874,135.199,142.119,134.915,134.844
1085.6,113.326,129.71,138.7,115.499,133.838,135.235,142.119,134.915,134.844
1085.7,113.276,129.71,138.7,115.45,133.802,135.235,142.119,134.88,134.809
1085.8,113.226,129.671,138.7,115.353,133.766,135.235,142.15,134.951,134.844
1085.9,113.226,129.632,138.7,115.353,133.729,135.199,142.181,134.88,134.915
1086.0,113.125,129.632,138.733,115.304,133.693,135.199,142.087,134.844,134.773
1086.1,113.125,129.593,138.7,115.256,133.657,135.235,142.119,134.844,134.809
1086.2,113.125,129.554,138.7,115.207,133.584,135.305,142.181,134.844,134.773
1086.3,113.075,129.476,138.7,115.158,133.62,135.199,142.119,134.88,134.809
1086.4,113.075,129.437,138.733,115.207,133.584,135.199,142.15,134.88,134.809
1086.5,112.974,129.398,138.7,115.109,133.511,135.164,142.119,134.88,134.809
1086.6,112.974,129.437,138.7,115.109,133.511,135.199,142.15,134.88,134.737
1086.7,113.025,129.32,138.667,115.011,133.475,135.199,142.15,134.737,134.773
1086.8,112.924,129.359,138.767,115.011,133.438,135.164,142.087,134.844,134.702
1086.9,113.025,129.359,138.733,115.011,133.438,135.27,142.087,135.022,134.773
1087.0,112.873,129.281,138.7,115.011,133.438,135.199,142.181,134.844,134.773
1087.1,112.974,129.281,138.7,115.06,133.438,135.199,142.119,134.809,134.773
1087.2,112.823,129.241,138.7,114.962,133.402,135.305,142.15,134.844,134.773
1087.3,112.823,129.241,138.7,115.011,133.365,135.199,142.087,134.844,134.773
1087.4,112.823,129.202,138.667,114.913,133.365,135.199,142.056,134.809,134.773
1087.5,112.873,129.241,138.7,114.913,133.329,135.199,142.056,134.844,134.773
1087.6,112.722,129.241,138.7,114.913,133.255,135.235,142.212,134.809,134.88
1087.7,112.722,129.085,138.7,114.815,133.255,135.164,142.15,134.844,134.737
1087.8,112.57,129.085,138.7,114.766,133.219,135.235,142.119,134.809,134.844
1087.9,112.62,129.045,138.667,114.668,133.219,135.235,142.087,134.809,134.737
1088.0,112.671,129.006,138.667,114.668,133.182,135.199,142.119,134.809,134.737
1088.1,112.62,129.045,138.633,114.717,133.146,135.199,142.087,134.773,134.737
1088.2,112.519,128.927,138.7,114.619,133.146,135.129,142.087,134.737,134.737
1088.3,112.57,128.849,138.667,114.619,133.035,135.199,142.119,134.773,134.702
1088.4,113.326,128.809,138.667,114.619,133.072,135.164,142.087,134.809,134.702
1088.5,112.519,128.849,138.667,114.569,132.999,135.199,142.119,134.809,134.773
1088.6,112.468,128.809,138.7,114.52,133.072,135.164,142.119,134.809,134.737
1088.7,112.366,128.77,138.733,114.52,132.962,135.199,142.119,134.773,134.737
1088.8,112.417,128.849,138.533,114.471,132.999,135.235,142.087,134.773,134.737
1088.9,112.417,128.73,138.7,114.471,132.925,135.164,142.15,134.773,134.702
1089.0,112.366,128.73,138.633,114.471,132.925,135.164,142.087,134.809,134.702
1089.1,112.366,128.691,138.633,114.471,132.999,135.199,142.119,134.773,134.702
1089.2,112.265,128.691,138.7,114.372,132.925,135.164,142.087,134.737,134.666
1089.3,112.316,128.612,138.667,114.323,132.814,135.199,142.119,134.773,134.666
1089.4,112.265,128.612,138.7,114.273,132.814,135.164,142.119,134.737,134.63
1089.5,112.214,128.532,138.7,114.224,132.741,135.164,142.087,134.737,134.666
1089.6,112.163,128.453,138.633,114.174,132.556,135.129,142.087,134.844,134.666
1089.7,112.112,128.453,138.633,114.174,132.667,135.164,142.119,134.737,134.63
1089.8,112.061,128.413,138.667,114.125,132.593,135.129,142.119,134.737,134.666
1089.9,112.112,128.374,138.7,114.075,132.63,135.164,142.087,134.702,134.666
1090.0,112.009,128.374,138.633,114.075,132.593,135.164,142.056,134.737,134.63
1090.1,112.009,128.294,138.7,114.125,132.593,135.129,142.119,134.737,134.63
1090.2,112.009,128.334,138.633,114.025,132.519,135.129,142.15,134.773,134.594
1090.3,112.009,128.294,138.633,114.025,132.519,135.199,142.119,134.737,134.63
1090.4,111.958,128.135,138.6,113.976,132.482,135.129,142.119,134.737,134.666
1090.5,111.958,128.214,138.633,114.025,132.482,135.129,142.119,134.702,134.63
1090.6,111.958,128.214,138.633,113.976,132.444,135.129,142.119,134.666,134.63
1090.7,111.856,128.214,138.633,113.976,132.444,135.129,142.087,134.737,134.63
1090.8,111.907,128.214,138.6,113.926,132.37,135.058,142.119,134.737,134.702
1090.9,111.907,128.175,138.633,113.876,132.37,135.129,142.119,134.666,134.63
1091.0,111.907,128.095,138.567,113.876,132.221,135.093,142.087,134.702,134.63
1091.1,111.805,128.135,138.633,113.876,132.37,135.022,142.087,134.737,134.63
1091.2,111.856,128.095,138.633,113.826,132.296,135.164,142.056,134.737,134.702
1091.3,111.753,128.015,138.633,113.777,132.259,135.164,142.119,134.702,134.594
1091.4,111.753,128.015,138.633,113.777,132.221,135.093,142.119,134.737,134.666
1091.5,111.805,128.015,138.633,113.777,132.259,135.129,142.087,134.559,134.666
1091.6,111.805,127.975,138.633,113.777,132.147,135.129,142.15,134.737,134.63
1091.7,111.805,127.895,138.633,113.727,132.184,135.129,142.119,134.702,134.666
1091.8,111.599,127.855,138.633,113.677,132.184,135.093,142.119,134.702,134.559
1091.9,111.65,127.855,138.6,113.577,132.072,135.129,142.087,134.666,134.559
1092.0,111.599,127.815,138.633,113.577,132.109,135.129,142.119,134.666,134.63
1092.1,111.599,127.775,138.6,113.527,132.072,135.129,142.087,134.666,134.594
1092.2,111.548,127.775,138.633,113.527,131.922,135.129,142.087,134.666,134.594
1092.3,111.548,127.734,138.7,113.577,132.072,135.093,142.119,134.666,134.594
1092.4,111.548,127.694,138.633,113.527,131.96,135.164,142.087,134.702,134.559
1092.5,111.548,127.734,138.567,113.527,131.96,135.164,142.119,134.702,134.63
1092.6,111.548,127.654,138.633,113.477,131.922,135.093,142.056,134.63,134.523
1092.7,111.496,127.694,138.633,113.477,131.922,135.129,142.087,134.63,134.594
1092.8,111.496,127.694,138.6,113.427,131.848,135.093,142.087,134.702,134.594
1092.9,111.393,127.815,138.633,113.427,131.772,135.093,142.087,134.666,134.559
1093.0,111.393,127.614,138.633,113.377,131.885,135.093,142.087,134.666,134.666
1093.1,111.393,127.533,138.633,113.377,131.848,135.093,142.087,134.63,134.594
1093.2,111.341,127.493,138.633,113.326,131.697,135.093,142.087,134.63,134.559
1093.3,111.29,127.332,138.633,113.276,131.735,135.164,142.087,134.63,134.559
1093.4,111.238,127.412,138.6,113.226,131.66,135.129,142.087,134.63,134.559
1093.5,111.186,127.372,138.7,113.176,131.584,135.129,142.087,134.666,134.559
1093.6,110.667,127.332,138.567,113.176,131.622,135.093,142.087,134.63,134.523
1093.7,111.186,127.332,138.567,113.125,131.471,135.093,142.087,134.666,134.559
1093.8,111.134,127.291,138.633,113.125,131.584,135.093,142.119,134.63,134.523
1093.9,111.083,127.251,138.633,113.176,131.547,135.058,142.087,134.63,134.559
1094.0,111.083,127.21,138.567,113.075,131.584,135.093,142.15,134.523,134.594
1094.1,111.134,127.21,138.567,113.075,131.547,135.058,142.087,134.559,134.559
1094.2,111.083,127.21,138.567,113.075,131.509,135.058,142.087,134.63,134.523
1094.3,111.031,127.21,138.633,113.075,131.434,135.093,142.119,134.63,134.559
1094.4,111.031,127.129,138.567,113.025,131.471,135.093,142.087,134.594,134.523
1094.5,111.031,127.17,138.567,113.025,131.471,135.093,142.087,134.594,134.523
1094.6,111.031,127.129,138.633,113.025,131.434,135.129,142.087,134.63,134.559
1094.7,111.031,127.089,138.633,112.974,131.358,135.129,142.087,134.63,134.523
1094.8,110.927,126.885,138.5,112.924,131.396,135.129,142.087,134.559,134.594
1094.9,110.927,127.048,138.633,112.823,131.282,135.093,142.15,134.559,134.523
1095.0,110.875,127.007,138.633,112.873,131.434,135.093,141.994,134.594,134.523
1095.1,110.927,126.967,138.667,112.823,131.32,135.129,142.056,134.594,134.559
1095.2,110.875,126.926,138.633,112.823,131.282,135.022,142.025,134.594,134.487
1095.3,110.771,126.885,138.567,112.772,131.207,135.093,142.087,134.594,134.559
1095.4,110.823,126.845,138.567,112.671,131.169,135.093,142.119,134.594,134.523
1095.5,110.771,126.804,138.533,112.772,131.093,135.093,142.087,134.63,134.487
1095.6,110.771,126.804,138.6,112.671,131.093,135.093,142.087,134.559,134.487
1095.7,110.719,126.763,138.567,112.671,131.055,135.093,142.087,134.559,134.487
1095.8,110.771,126.682,138.6,112.671,131.055,135.058,142.087,134.594,134.487
1095.9,110.719,126.722,138.567,112.671,131.093,135.058,142.056,134.594,134.487
1096.0,110.719,126.763,138.567,112.62,131.017,135.129,142.056,134.559,134.487
1096.1,110.667,126.641,138.567,112.62,130.979,135.058,142.087,134.523,134.487
1096.2,110.667,126.682,138.567,112.62,131.017,135.058,142.087,134.559,134.487
1096.3,110.719,126.641,138.6,112.57,131.017,135.058,142.056,134.559,134.559
1096.4,110.719,126.641,138.567,112.57,131.055,135.093,142.056,134.523,134.487
1096.5,110.667,126.6,138.567,112.519,130.903,135.093,142.119,134.559,134.487
1096.6,110.615,126.518,138.567,112.468,130.864,135.058,142.087,134.559,134.451
1096.7,110.458,126.477,138.6,112.468,130.903,135.022,142.056,134.559,134.523
1096.8,110.458,126.395,138.567,112.468,130.788,135.058,142.056,134.559,134.487
1096.9,110.51,126.395,138.6,112.417,130.75,135.093,142.056,134.559,134.487
1097.0,110.405,126.354,138.6,112.366,130.712,135.129,142.056,134.559,134.487
1097.1,110.301,126.272,138.567,112.316,130.635,135.058,142.087,134.487,134.487
1097.2,110.458,126.272,138.533,112.417,130.674,135.058,142.087,134.523,134.559
1097.3,110.405,126.272,138.567,112.316,130.597,135.058,142.056,134.559,134.415
1097.4,110.353,126.231,138.533,112.265,130.712,135.058,142.056,134.523,134.523
1097.5,110.301,126.231,138.533,112.214,130.597,135.093,142.056,134.523,134.523
1097.6,110.353,126.272,138.567,112.366,130.597,135.022,142.056,134.523,134.451
1097.7,110.248,126.148,138.6,112.214,130.52,135.058,142.056,134.523,134.487
1097.8,110.248,126.148,138.6,112.214,130.559,135.093,142.056,134.559,134.451
1097.9,110.248,126.148,138.533,112.316,130.52,135.093,142.087,134.487,134.523
1098.0,110.248,126.107,138.6,112.163,130.52,135.093,142.056,134.594,134.487
1098.1,110.248,126.107,138.633,112.163,130.405,134.987,142.056,134.523,134.451
1098.2,110.196,126.066,138.6,112.163,130.482,135.022,142.087,134.559,134.451
1098.3,110.248,126.024,138.567,112.061,130.444,135.058,142.056,134.487,134.451
1098.4,110.143,126.066,138.567,112.061,130.444,135.058,141.994,134.523,134.451
1098.5,110.143,126.024,138.567,112.061,130.367,135.058,142.056,134.559,134.415
1098.6,110.143,125.983,138.533,112.009,130.29,135.022,142.056,134.523,134.451
1098.7,109.985,125.942,138.533,112.009,130.29,135.022,142.087,134.523,134.451
1098.8,110.038,125.942,138.567,111.958,130.251,135.022,142.056,134.487,134.451
1098.9,110.091,125.859,138.567,111.958,130.251,135.022,142.087,134.487,134.415
1099.0,110.038,125.859,138.5,111.907,130.251,135.058,142.087,134.487,134.415
1099.1,110.038,125.776,138.567,111.856,130.213,135.058,142.087,134.451,134.415
1099.2,109.933,125.859,138.6,111.958,130.174,135.022,142.056,134.487,134.415
1099.3,109.933,125.735,138.533,111.856,130.136,135.058,142.087,134.487,134.415
1099.4,109.985,125.735,138.366,111.856,130.136,135.058,142.056,134.523,134.415
1099.5,109.933,125.693,138.5,111.856,130.136,135.022,142.056,134.487,134.415
1099.6,109.985,125.693,138.567,111.805,130.097,135.058,142.056,134.523,134.308
1099.7,109.933,125.693,138.467,111.805,130.097,134.987,142.056,134.487,134.415
1099.8,109.88,125.859,138.567,111.753,130.058,135.022,142.056,134.451,134.415
1099.9,109.88,125.61,138.6,111.702,130.058,135.058,142.056,134.487,134.415
1100.0,109.88,125.652,138.533,111.753,130.097,135.093,142.087,134.451,134.415
1100.1,109.88,125.61,138.567,111.702,130.02,135.058,142.056,134.451,134.379
1100.2,109.827,125.527,138.533,111.702,129.942,135.058,142.087,134.451,134.415
1100.3,109.775,125.485,138.533,111.599,129.904,135.022,142.15,134.451,134.379
1100.4,109.722,125.485,138.5,111.702,129.904,135.022,142.087,134.415,134.379
1100.5,109.669,125.36,138.567,111.599,129.865,135.022,142.056,134.415,134.343
1100.6,109.669,125.36,138.5,111.548,129.826,135.022,142.119,134.451,134.415
1100.7,109.669,125.36,138.5,111.548,129.749,135.093,142.056,134.487,134.343
1100.8,109.669,125.235,138.6,111.496,129.749,135.022,142.056,134.415,134.379
1100.9,109.616,125.235,138.533,111.548,129.942,135.022,142.056,134.415,134.343
1101.0,109.616,125.277,138.567,111.444,129.632,135.022,142.087,134.379,134.379
1101.1,109.51,125.151,138.567,111.393,129.671,134.987,142.056,134.379,134.343
1101.2,109.563,125.151,138.5,111.393,129.554,134.987,142.056,134.415,134.415
1101.3,109.51,125.151,138.567,111.496,129.554,134.987,142.025,134.451,134.343
1101.4,109.51,125.068,138.5,111.341,129.554,135.022,142.056,134.487,134.343
1101.5,109.51,125.068,138.5,111.393,129.593,134.987,142.056,134.415,134.308
1101.6,109.457,125.068,138.533,111.393,129.515,135.022,142.056,134.451,134.272
1101.7,109.457,125.026,138.633,111.341,129.476,134.987,142.119,134.487,134.308
1101.8,109.404,125.026,138.533,111.238,129.437,134.987,142.056,134.415,134.379
1101.9,109.404,124.984,138.5,111.238,129.437,135.022,142.087,134.379,134.379
1102.0,109.404,124.984,138.5,111.238,129.437,134.987,142.087,134.415,134.343
1102.1,109.351,124.942,138.5,111.238,129.398,135.022,142.056,134.415,134.379
1102.2,109.351,124.858,138.533,111.186,129.202,134.987,142.056,134.415,134.343
1102.3,109.298,124.9,138.533,111.186,129.359,135.022,142.087,134.379,134.379
1102.4,109.351,124.858,138.5,111.083,129.281,134.987,142.087,134.415,134.343
1102.5,109.298,124.816,138.5,111.134,129.281,135.022,142.056,134.379,134.343
1102.6,109.191,124.773,138.533,111.083,129.202,134.987,142.056,134.308,134.343
1102.7,109.191,124.773,138.467,111.031,129.163,135.022,142.056,134.415,134.343
1102.8,109.191,124.731,138.5,111.031,129.124,135.022,142.056,134.379,134.343
1102.9,109.191,124.647,138.467,111.031,129.163,134.987,142.025,134.343,134.308
1103.0,109.191,124.689,138.533,110.979,129.085,134.987,142.087,134.415,134.415
1103.1,109.138,124.647,138.5,111.031,129.045,135.022,142.087,134.379,134.272
1103.2,109.138,124.605,138.533,110.979,129.006,135.022,141.994,134.415,134.308
1103.3,109.138,124.647,138.6,111.031,129.006,135.022,142.056,134.379,134.308
1103.4,109.191,124.562,138.5,110.979,129.006,134.987,142.15,134.379,134.343
1103.5,109.085,124.52,138.467,110.927,128.967,134.987,142.025,134.343,134.343
1103.6,109.085,124.52,138.6,110.927,128.967,135.022,142.056,134.343,134.272
1103.7,109.031,124.478,138.533,110.875,128.927,134.987,142.056,134.415,134.343
1103.8,108.924,124.436,138.433,110.875,128.888,134.987,142.056,134.343,134.308
1103.9,109.031,124.52,138.6,110.823,128.888,135.022,142.056,134.451,134.379
1104.0,109.085,124.393,138.533,110.875,128.888,134.951,142.025,134.379,134.308
1104.1,108.978,124.351,138.533,110.771,128.849,134.987,142.056,134.379,134.308
1104.2,108.924,124.605,138.467,110.823,128.77,134.987,142.087,134.343,134.308
1104.3,108.978,124.266,138.567,110.719,128.73,134.951,142.087,134.415,134.272
1104.4,108.871,124.223,138.5,110.719,128.691,134.987,141.994,134.343,134.2
1104.5,108.764,124.308,138.533,110.719,128.651,134.951,142.025,134.343,134.272
1104.6,108.924,124.223,138.533,110.667,128.77,134.987,142.025,134.343,134.308
1104.7,108.924,124.138,138.5,110.667,128.651,134.951,142.056,134.343,134.308
1104.8,108.817,124.181,138.533,110.667,128.612,134.987,142.056,134.415,134.272
1104.9,108.817,124.266,138.5,110.667,128.691,134.987,142.056,134.343,134.272
1105.0,108.764,124.138,138.467,110.615,128.612,134.987,142.056,134.343,134.272
1105.1,108.817,124.181,138.533,110.562,128.651,134.951,142.056,134.379,134.308
1105.2,108.764,124.053,138.5,110.615,128.612,134.951,141.994,134.343,134.308
1105.3,108.764,124.096,138.5,110.562,128.612,134.987,142.056,134.343,134.343
1105.4,108.71,124.096,138.467,110.562,128.493,134.987,142.119,134.343,134.272
1105.5,108.764,124.053,138.467,110.458,128.493,134.987,142.119,134.236,134.272
1105.6,108.71,124.096,138.5,110.562,128.493,134.951,142.056,134.379,134.272
1105.7,108.71,123.883,138.467,110.51,128.413,134.987,142.056,134.343,134.272
1105.8,108.764,123.968,138.5,110.51,128.493,134.987,142.056,134.308,134.272
1105.9,108.657,123.883,138.5,110.51,128.453,134.987,142.056,134.308,134.272
1106.0,108.657,123.883,138.5,110.51,128.374,134.987,142.025,134.343,134.272
1106.1,108.549,123.84,138.467,110.458,128.374,134.987,142.025,134.308,134.236
1106.2,108.549,123.84,138.567,110.405,128.294,134.987,142.025,134.343,134.379
1106.3,108.549,123.883,138.533,110.405,128.294,134.987,142.025,134.308,134.272
1106.4,108.549,123.84,138.433,110.405,128.254,134.987,142.087,134.343,134.236
1106.5,108.549,123.754,138.5,110.353,128.214,134.951,142.056,134.308,134.272
1106.6,108.549,123.711,138.467,110.301,128.214,135.058,142.087,134.308,134.308
1106.7,108.549,123.711,138.467,110.353,128.254,134.951,142.119,134.308,134.272
1106.8,108.495,123.669,138.467,110.353,128.214,134.951,142.087,134.308,134.343
1106.9,108.495,123.711,138.467,110.248,128.175,134.951,141.994,134.272,134.272
1107.0,108.495,123.626,138.433,110.353,128.135,134.987,142.087,134.308,134.272
1107.1,108.549,123.583,138.467,110.196,128.135,135.022,142.025,134.236,134.272
1107.2,108.442,123.669,138.433,110.353,128.055,134.987,142.025,134.308,134.236
1107.3,108.442,123.583,138.5,110.301,128.015,134.987,142.056,134.308,134.272
1107.4,108.442,123.497,138.567,110.196,127.975,134.951,142.025,134.272,134.236
1107.5,108.334,123.583,138.467,110.143,127.975,134.951,142.056,134.272,134.236
1107.6,108.388,123.497,138.5,110.091,127.975,134.915,142.025,134.308,134.236
1107.7,108.28,123.411,138.467,110.143,127.935,134.987,142.056,134.272,134.236
1107.8,108.334,123.454,138.5,110.143,127.975,134.987,142.056,134.272,134.236
1107.9,108.334,123.411,138.467,110.038,127.855,134.987,142.056,134.308,134.236
1108.0,108.28,123.282,138.433,110.091,127.815,135.022,142.119,134.308,134.308
1108.1,108.226,123.368,138.5,110.091,127.775,134.915,142.087,134.272,134.2
1108.2,108.226,123.325,138.467,109.985,127.815,134.915,142.025,134.272,134.2
1108.3,108.172,123.282,138.433,109.985,127.775,134.987,142.025,134.272,134.127
1108.4,108.334,123.195,138.467,110.038,127.734,134.951,142.025,134.272,134.236
1108.5,108.226,123.238,138.5,109.985,127.734,134.951,142.025,134.236,134.236
1108.6,108.172,123.195,138.467,110.091,127.694,134.951,142.025,134.272,134.2
1108.7,108.172,123.238,138.433,109.985,127.734,134.951,142.056,134.272,134.2
1108.8,108.226,123.368,138.467,109.933,127.694,134.987,142.056,134.272,134.2
1108.9,108.118,123.152,138.533,109.933,127.694,134.915,142.056,134.308,134.272
1109.0,108.118,123.109,138.433,109.933,127.574,134.987,142.056,134.236,134.236
1109.1,108.118,123.152,138.467,109.88,127.574,134.951,142.025,134.272,134.236
1109.2,108.118,123.066,138.433,109.933,127.533,134.915,142.025,134.272,134.2
1109.3,108.118,123.022,138.467,109.827,127.574,134.915,142.056,134.236,134.2
1109.4,108.118,122.979,138.467,109.827,127.574,134.915,142.025,134.308,134.2
1109.5,108.01,122.936,138.467,109.827,127.453,134.951,142.025,134.308,134.2
1109.6,107.955,122.979,138.5,109.827,127.453,134.951,142.025,134.236,134.2
1109.7,108.01,122.936,138.433,109.775,127.453,134.951,142.025,134.236,134.2
1109.8,108.01,122.892,138.467,109.722,127.493,134.915,142.087,134.272,134.164
1109.9,107.955,122.849,138.5,109.722,127.412,134.951,142.056,134.2,134.272
1110.0,107.955,122.849,138.433,109.722,127.412,134.951,142.056,134.236,134.164
1110.1,107.955,122.762,138.433,109.669,127.291,134.915,142.025,134.2,134.164
1110.2,107.955,122.805,138.467,109.669,127.291,134.951,142.056,134.236,134.451
1110.3,107.901,122.762,138.433,109.669,127.291,134.915,142.056,134.236,134.164
1110.4,107.847,122.718,138.4,109.616,127.251,134.915,142.087,134.236,134.2
1110.5,107.847,122.675,138.433,109.669,127.17,134.951,142.025,134.236,134.127
1110.6,107.793,122.675,138.433,109.616,127.21,134.951,142.056,134.2,134.2
1110.7,107.847,122.631,138.5,109.616,127.17,134.951,142.056,134.236,134.164
1110.8,107.793,122.588,138.467,109.563,127.129,134.915,142.025,134.2,134.2
1110.9,107.793,122.588,138.433,109.563,127.048,134.951,142.056,134.164,134.127
1111.0,107.738,122.631,138.4,109.563,127.089,134.915,142.056,134.2,134.164
1111.1,107.793,122.544,138.467,109.616,127.089,134.915,141.994,134.2,134.164
1111.2,107.793,122.544,138.433,109.404,127.089,134.915,142.087,134.164,134.127
1111.3,107.793,122.544,138.433,109.51,126.967,134.915,142.025,134.2,134.127
1111.4,107.738,122.5,138.4,109.563,127.007,134.844,142.056,134.2,134.2
1111.5,107.738,122.5,138.4,109.51,127.007,134.915,142.025,134.2,134.164
1111.6,107.63,122.457,138.5,109.457,126.967,134.951,142.025,134.2,134.2
1111.7,107.63,122.413,138.467,109.457,126.967,134.915,142.056,134.236,134.127
1111.8,107.63,122.413,138.433,109.563,126.926,134.915,142.025,134.236,134.164
1111.9,107.63,122.413,138.433,109.404,126.926,134.915,141.994,134.236,134.127
1112.0,107.63,122.369,138.433,109.351,126.885,134.951,142.025,134.2,134.127
1112.1,107.575,122.238,138.4,109.351,126.885,134.915,142.025,134.2,134.164
1112.2,107.521,122.282,138.467,109.351,126.804,134.915,142.025,134.2,134.127
1112.3,107.575,122.282,138.433,109.351,126.763,134.915,141.994,134.2,134.164
1112.4,107.521,122.194,138.467,109.298,126.722,134.915,142.056,134.2,134.127
1112.5,107.521,122.106,138.433,109.244,126.682,134.88,142.056,134.2,134.127
1112.6,107.521,122.018,138.433,109.191,126.641,134.915,142.056,134.164,134.091
1112.7,107.411,122.062,138.4,109.085,126.6,134.915,142.025,134.2,134.127
1112.8,107.466,122.062,138.433,109.191,126.6,134.915,141.962,134.164,134.127
1112.9,107.411,122.018,138.467,109.191,126.477,134.88,142.025,134.164,134.091
1113.0,107.411,122.062,138.4,109.191,126.477,134.915,142.056,134.164,134.127
1113.1,107.466,121.974,138.4,109.085,126.436,134.915,142.056,134.164,134.164
1113.2,107.411,121.93,138.4,109.138,126.477,134.88,142.025,134.127,134.127
1113.3,107.357,121.93,138.633,109.085,126.477,134.915,142.025,134.2,134.091
1113.4,107.357,121.93,138.4,109.138,126.477,134.809,142.025,134.164,134.091
1113.5,107.357,121.886,138.467,109.138,126.436,134.844,141.994,134.164,134.091
1113.6,107.357,121.886,138.467,109.031,126.395,134.88,142.056,134.091,134.091
1113.7,107.357,121.71,138.433,109.138,126.354,134.88,142.025,134.164,134.091
1113.8,107.302,121.71,138.433,109.031,126.354,134.951,142.025,134.2,134.127
1113.9,107.302,121.798,138.433,109.031,126.313,134.915,142.025,134.2,134.091
1114.0,107.302,121.798,138.433,109.085,126.272,134.915,142.025,134.2,134.2
1114.1,107.302,121.754,138.433,108.978,126.313,134.915,142.025,134.164,134.091
1114.2,107.247,121.754,138.467,109.138,126.189,134.915,142.056,134.2,134.091
1114.3,107.247,121.71,138.4,108.978,126.272,134.88,142.025,134.2,134.127
1114.4,107.302,121.621,138.4,108.978,126.231,134.915,141.994,134.127,134.091
1114.5,107.193,121.621,138.232,108.924,126.148,134.915,141.994,134.127,134.091
1114.6,107.302,121.577,138.433,108.924,126.107,134.88,142.056,134.091,134.127
1114.7,107.138,121.577,138.4,108.978,126.066,134.88,141.994,134.164,134.055
1114.8,107.138,121.577,138.433,108.871,126.107,134.915,142.025,134.127,134.127
1114.9,107.083,121.444,138.433,108.871,126.066,134.915,142.056,134.055,134.055
1115.0,107.083,121.488,138.433,108.924,126.024,134.88,142.025,134.127,134.091
1115.1,107.083,121.488,138.4,108.871,125.983,134.915,142.025,134.164,134.055
1115.2,107.028,121.399,138.4,108.871,125.942,134.915,141.994,134.164,134.055
1115.3,107.083,121.444,138.433,108.871,126.024,134.88,142.056,134.164,134.091
1115.4,107.138,121.399,138.433,108.764,125.942,134.88,142.025,134.2,134.055
1115.5,107.028,121.399,138.4,108.817,126.066,134.915,141.994,134.164,134.164
1115.6,107.028,121.355,138.4,108.764,125.942,134.88,142.056,134.127,134.127
1115.7,107.028,121.355,138.366,108.764,125.901,134.915,142.025,134.164,134.091
1115.8,107.028,121.311,138.4,108.764,125.859,134.915,141.994,134.127,134.055
1115.9,106.918,121.266,138.4,108.71,125.776,134.88,142.056,134.091,134.091
1116.0,106.973,121.311,138.4,108.71,125.818,134.844,141.994,134.127,134.091
1116.1,106.918,121.132,138.433,108.71,125.693,134.88,142.025,134.127,134.055
1116.2,106.918,121.132,138.4,108.657,125.693,134.88,142.025,134.127,134.055
1116.3,106.918,121.132,138.433,108.603,125.61,134.88,142.025,134.091,134.055
1116.4,106.918,121.088,138.4,108.603,125.61,134.88,142.025,134.091,134.055
1116.5,106.863,121.088,138.4,108.603,125.61,134.88,141.994,134.055,134.019
1116.6,106.918,121.043,138.366,108.603,125.569,134.88,141.994,134.091,134.055
1116.7,106.698,121.043,138.467,108.603,125.61,134.915,141.994,134.091,134.019
1116.8,106.808,120.998,138.433,108.603,125.569,134.88,142.025,134.127,134.055
1116.9,106.863,120.998,138.433,108.549,125.527,134.88,142.025,134.055,134.055
1117.0,106.808,120.909,138.366,108.549,125.485,134.915,142.056,134.055,134.091
1117.1,106.698,120.954,138.433,108.603,125.485,134.915,142.025,134.091,134.019
1117.2,106.643,120.909,138.5,108.549,125.444,134.809,142.025,134.055,134.055
1117.3,106.698,120.909,138.366,108.549,125.444,134.88,142.056,134.091,134.055
1117.4,106.808,120.819,138.433,108.442,125.569,134.844,142.056,134.055,134.055
1117.5,106.698,120.864,138.4,108.495,125.402,134.88,141.994,134.127,134.019
1117.6,106.698,120.864,138.4,108.495,125.402,134.915,142.119,134.055,134.019
1117.7,106.698,120.775,138.433,108.388,125.235,134.88,142.025,134.127,134.019
1117.8,106.698,120.819,138.4,108.388,125.277,134.88,142.025,134.091,134.019
1117.9,106.753,120.685,138.4,108.442,125.235,134.88,142.025,134.091,133.983
1118.0,106.643,120.685,138.333,108.442,125.193,134.915,142.025,134.091,133.983
1118.1,106.643,120.64,138.433,108.388,125.193,134.915,142.025,134.091,134.055
1118.2,106.643,120.685,138.333,108.334,125.193,134.88,142.025,134.019,134.055
1118.3,106.588,120.595,138.4,108.334,125.235,134.844,141.994,134.055,134.019
1118.4,106.366,120.505,138.366,108.388,125.11,134.88,142.025,134.019,133.947
1118.5,106.477,120.595,138.4,108.28,125.068,134.88,142.056,134.2,133.983
1118.6,106.588,120.46,138.366,108.28,125.068,134.844,142.025,134.127,134.019
1118.7,106.477,120.505,138.4,108.388,125.11,134.915,141.994,134.091,134.055
1118.8,106.532,120.46,138.4,108.334,125.026,134.844,142.025,134.091,134.019
1118.9,106.477,120.505,138.4,108.28,125.026,134.915,141.994,134.055,134.019
1119.0,106.477,120.505,138.4,108.172,124.942,134.88,142.056,134.055,134.019
1119.1,106.422,120.415,138.4,108.226,124.984,134.809,142.025,134.055,134.091
1119.2,106.477,120.37,138.333,108.226,124.942,134.88,141.994,134.055,134.019
1119.3,106.477,120.234,138.4,108.226,124.984,134.915,142.025,134.091,134.019
1119.4,106.422,120.324,138.366,108.226,124.858,134.88,142.025,134.055,134.019
1119.5,106.422,120.324,138.4,108.226,124.9,134.844,142.025,134.091,134.055
1119.6,106.422,120.279,138.4,108.172,124.9,134.88,141.994,134.091,133.983
1119.7,106.422,120.234,138.366,108.172,124.816,134.844,141.994,134.055,133.947
1119.8,106.366,120.189,138.366,108.118,124.773,134.987,142.087,134.055,134.055
1119.9,106.422,120.189,138.4,108.064,124.731,134.844,142.056,134.091,134.055
1120.0,106.311,120.189,138.4,108.064,124.647,134.844,141.994,134.091,133.983
1120.1,106.311,120.144,138.366,108.064,124.689,134.88,142.056,134.055,133.983
1120.2,106.311,120.053,138.333,108.064,124.647,134.844,141.994,134.019,133.983
1120.3,106.366,120.098,138.366,108.064,124.605,134.809,142.025,134.055,133.983
1120.4,106.311,120.007,138.4,107.955,124.689,134.915,141.994,134.055,134.019
1120.5,106.311,120.007,138.433,107.955,124.605,134.88,142.056,134.019,133.983
1120.6,106.255,120.053,138.366,108.01,124.562,134.88,142.025,134.019,134.019
1120.7,106.2,119.962,138.4,107.955,124.562,134.915,141.994,134.055,134.019
1120.8,106.255,119.962,138.366,108.01,124.52,134.88,142.025,134.055,133.983
1120.9,106.2,119.917,138.366,107.901,124.478,134.844,142.056,133.983,133.983
1121.0,106.2,119.871,138.333,107.955,124.478,134.88,141.994,134.091,134.019
1121.1,106.2,119.871,138.4,107.901,124.478,134.844,142.025,134.019,133.983
1121.2,106.255,119.826,138.4,107.955,124.436,134.844,142.025,134.091,133.983
1121.3,106.144,119.78,138.4,107.847,124.351,134.88,142.025,134.055,133.983
1121.4,106.144,119.78,138.333,107.847,124.308,134.844,141.994,134.019,134.019
1121.5,106.089,119.735,138.333,107.847,124.308,134.844,142.025,134.019,133.983
1121.6,106.089,119.78,138.4,107.847,124.308,134.88,142.025,134.019,134.055
1121.7,106.089,119.689,138.4,107.847,124.266,134.844,142.025,133.947,133.947
1121.8,106.033,119.598,138.366,107.793,124.223,134.88,142.025,134.019,133.983
1121.9,106.033,119.598,138.433,107.738,124.138,134.88,141.994,134.019,133.983
1122.0,105.977,119.415,138.4,107.738,124.096,134.844,141.962,133.983,133.947
1122.1,106.033,119.506,138.366,107.684,124.053,134.844,142.056,134.019,133.911
1122.2,105.977,119.552,138.366,107.684,124.011,134.844,142.056,133.983,133.911
1122.3,106.033,119.506,138.4,107.793,124.053,134.844,142.056,134.055,133.911
1122.4,105.866,119.415,138.299,107.684,124.011,134.951,141.994,133.983,134.019
1122.5,105.977,119.415,138.366,107.63,124.011,134.844,142.025,133.983,133.947
1122.6,105.922,119.369,138.199,107.684,123.925,134.844,142.025,134.019,133.947
1122.7,105.922,119.415,138.266,107.575,123.925,134.88,142.025,134.019,134.019
1122.8,105.922,119.323,138.4,107.575,123.925,134.88,142.025,133.983,133.947
1122.9,105.81,119.369,138.366,107.575,123.883,134.844,142.025,133.983,133.947
1123.0,105.922,119.231,138.366,107.521,123.84,134.809,141.994,134.019,133.947
1123.1,105.81,119.231,138.366,107.575,123.754,134.844,141.994,133.983,133.911
1123.2,105.866,119.185,138.333,107.575,123.84,134.88,141.962,133.983,133.947
1123.3,105.754,119.185,138.366,107.521,123.754,134.844,141.994,133.983,133.911
1123.4,105.81,119.139,138.366,107.521,123.711,134.88,141.962,134.127,133.947
1123.5,105.81,119.185,138.366,107.521,123.754,134.844,141.962,133.983,133.983
1123.6,105.81,119.047,138.366,107.466,123.626,134.809,141.994,133.947,133.911
1123.7,105.754,119.139,138.333,107.466,123.626,134.809,142.025,134.019,133.947
1123.8,105.586,119.047,138.366,107.466,123.583,134.844,142.025,133.947,134.091
1123.9,105.698,119.001,138.366,107.466,123.54,134.844,141.994,134.019,133.911
1124.0,105.698,119.001,138.333,107.466,123.497,134.809,141.994,133.983,133.947
1124.1,105.642,118.955,138.333,107.357,123.497,134.844,142.025,133.983,133.911
1124.2,105.642,119.001,138.4,107.357,123.497,134.88,141.962,134.019,133.911
1124.3,105.642,118.863,138.366,107.411,123.497,134.844,141.994,133.947,133.911
1124.4,105.586,118.863,138.366,107.357,123.411,134.844,141.994,133.947,133.911
1124.5,105.698,118.817,138.366,107.302,123.411,134.809,142.025,133.947,133.947
1124.6,105.698,118.909,138.333,107.302,123.411,134.809,142.056,133.947,133.874
1124.7,105.642,118.817,138.366,107.302,123.454,134.844,141.994,133.983,133.911
1124.8,105.53,118.817,138.299,107.302,123.325,134.809,141.994,134.019,133.911
1124.9,105.586,118.77,138.299,107.247,123.282,134.809,142.025,133.947,133.911
1125.0,105.586,118.77,138.366,107.302,123.238,134.809,142.025,133.911,133.874
1125.1,105.53,118.77,138.4,107.247,123.282,134.844,141.994,133.947,133.874
1125.2,105.474,118.631,138.333,107.247,123.195,134.844,142.056,133.947,133.911
1125.3,105.53,118.631,138.333,107.193,123.152,134.809,142.025,133.983,133.947
1125.4,105.474,118.631,138.333,107.193,123.152,134.844,142.025,133.947,133.983
1125.5,105.418,118.631,138.366,107.247,123.238,134.844,141.994,133.947,133.983
1125.6,105.474,118.539,138.366,107.193,123.152,134.844,142.056,133.911,133.911
1125.7,105.418,118.585,138.4,106.973,123.066,134.844,142.025,133.947,133.911
1125.8,105.418,118.539,138.333,107.138,123.066,134.809,141.994,133.911,133.874
1125.9,105.418,118.539,138.333,107.138,123.022,134.844,141.994,133.947,133.911
1126.0,105.418,118.492,138.333,107.138,123.109,134.844,142.025,133.947,133.874
1126.1,105.474,118.492,138.333,107.083,123.022,134.844,142.025,133.947,133.911
1126.2,105.362,118.492,138.366,107.138,122.936,134.809,142.025,133.947,133.947
1126.3,105.362,118.399,138.333,107.138,122.979,134.809,142.025,133.983,133.874
1126.4,105.362,118.399,138.333,107.083,122.979,134.809,142.025,133.947,133.911
1126.5,105.362,118.353,138.366,107.028,122.936,134.844,142.025,133.947,133.874
1126.6,105.306,118.353,138.366,107.083,122.892,134.809,141.994,133.911,133.838
1126.7,105.362,118.26,138.366,107.083,122.892,134.809,141.994,133.911,133.911
1126.8,105.306,118.26,138.366,107.028,122.892,134.809,142.056,133.947,133.874
1126.9,105.306,118.306,138.366,106.973,122.805,134.844,142.056,133.911,133.874
1127.0,105.362,118.26,138.366,107.028,122.718,134.844,142.025,133.911,133.838
1127.1,105.306,118.213,138.333,106.973,122.675,134.702,141.994,133.911,133.838
1127.2,105.249,118.12,138.333,106.973,122.675,134.844,141.994,133.911,133.874
1127.3,105.193,118.12,138.333,106.973,122.631,134.809,142.056,133.911,133.838
1127.4,105.193,118.12,138.299,106.918,122.588,134.773,142.025,133.911,133.874
1127.5,105.193,118.073,138.333,106.918,122.631,134.809,141.962,133.911,133.838
1127.6,105.193,118.026,138.4,106.918,122.544,134.809,141.994,133.911,133.838
1127.7,105.137,118.026,138.299,106.863,122.544,134.809,142.025,133.911,133.874
1127.8,105.193,117.979,138.333,106.918,122.588,134.809,141.994,133.911,133.838
1127.9,105.137,117.979,138.366,106.863,122.544,134.844,141.994,133.874,133.838
1128.0,105.193,117.932,138.333,106.808,122.5,134.844,142.025,133.911,133.802
1128.1,105.193,118.026,138.299,106.808,122.457,134.809,142.025,133.874,133.838
1128.2,105.08,117.979,138.333,106.863,122.413,134.809,141.962,133.911,133.838
1128.3,105.137,117.886,138.366,106.863,122.5,134.844,141.962,133.874,133.874
1128.4,105.08,117.886,138.366,106.863,122.413,134.809,141.994,133.911,133.838
1128.5,105.08,117.839,138.299,106.753,122.369,134.88,142.025,133.911,133.838
1128.6,105.08,117.886,138.366,106.863,122.413,134.809,142.025,133.838,133.838
1128.7,105.08,117.792,138.366,106.808,122.5,134.844,141.994,133.911,133.911
1128.8,105.08,117.839,138.366,106.753,122.282,134.844,141.931,133.911,133.838
1128.9,105.249,117.651,138.333,106.753,122.282,134.844,141.994,133.911,133.802
1129.0,105.024,117.698,138.333,106.753,122.238,134.844,141.994,133.911,133.802
1129.1,104.967,117.651,138.299,106.753,122.238,134.88,142.056,133.874,133.729
1129.2,105.024,117.604,138.333,106.698,122.238,134.809,141.994,133.874,133.838
1129.3,105.024,117.651,138.366,106.698,122.15,134.844,142.087,133.911,133.802
1129.4,105.024,117.651,138.333,106.698,122.15,134.809,141.994,133.874,133.838
1129.5,104.911,117.557,138.4,106.698,122.15,134.88,141.994,133.947,133.802
1129.6,104.911,117.509,138.299,106.698,122.062,134.844,141.994,133.911,133.693
1129.7,104.967,117.462,138.333,106.643,122.018,134.773,142.025,133.838,133.911
1129.8,104.967,117.462,138.366,106.643,122.062,134.809,141.994,133.911,133.838
1129.9,104.911,117.462,138.299,106.643,121.974,134.773,141.994,133.874,133.838
1130.0,104.911,117.415,138.366,106.643,121.974,134.809,141.994,133.874,133.838
1130.1,104.854,117.462,138.333,106.643,121.974,134.809,142.025,133.874,133.838
1130.2,104.967,117.368,138.333,106.588,121.93,134.809,141.994,133.911,133.838
1130.3,104.854,117.415,138.299,106.643,121.93,134.809,142.056,133.874,133.838
1130.4,104.911,117.368,138.333,106.588,121.798,134.809,141.994,133.874,133.802
1130.5,104.798,117.368,138.333,106.588,121.886,134.809,141.994,133.874,133.838
1130.6,104.854,117.321,138.366,106.588,121.886,134.809,141.994,133.874,133.802
1130.7,104.854,117.273,138.299,106.588,121.798,134.702,142.025,133.911,133.838
1130.8,104.741,117.321,138.299,106.532,121.886,134.809,142.056,133.838,133.838
1130.9,104.798,117.179,138.299,106.588,121.754,134.844,142.025,133.911,133.838
1131.0,104.798,117.226,138.333,106.532,121.798,134.809,141.994,133.802,133.802
1131.1,104.798,117.273,138.366,106.477,121.798,134.809,142.025,133.838,133.766
1131.2,104.798,117.226,138.333,106.532,121.754,134.88,141.994,133.874,133.802
1131.3,104.741,117.179,138.299,106.532,121.71,134.809,141.994,133.802,133.802
1131.4,104.741,117.179,138.333,106.477,121.754,134.809,142.056,133.911,133.766
1131.5,104.798,117.179,138.366,106.422,121.621,134.809,141.962,133.838,133.802
1131.6,104.741,117.131,138.165,106.532,121.665,134.844,141.994,133.874,133.766
1131.7,104.798,117.131,138.299,106.477,121.621,134.773,142.056,133.874,133.766
1131.8,104.628,117.084,138.299,106.477,121.621,134.773,141.962,133.874,133.838
1131.9,104.741,117.084,138.299,106.477,121.577,134.844,141.962,133.874,133.838
1132.0,104.684,117.131,138.299,106.477,121.577,134.809,141.962,133.838,133.766
1132.1,104.798,117.036,138.366,106.422,121.577,134.773,141.994,133.874,133.802
1132.2,104.684,116.989,138.199,106.366,121.488,134.773,141.994,133.838,133.802
1132.3,104.741,116.989,138.333,106.422,121.533,134.844,141.994,133.802,133.802
1132.4,104.628,116.941,138.299,106.422,121.577,134.737,141.994,133.838,133.766
1132.5,104.684,116.894,138.299,106.366,121.399,134.844,141.994,133.838,133.766
1132.6,104.628,116.894,138.333,106.366,121.444,134.809,142.025,133.838,133.766
1132.7,104.571,116.894,138.4,106.311,121.355,134.809,142.025,133.911,133.802
1132.8,104.571,116.751,138.333,106.311,121.355,134.809,142.025,133.874,133.802
1132.9,104.571,116.751,138.299,106.311,121.266,134.773,141.994,133.838,133.802
1133.0,104.571,116.751,138.333,106.255,121.311,134.809,141.994,133.838,133.766
1133.1,104.514,116.751,138.299,106.255,121.311,134.773,141.994,133.802,133.802
1133.2,104.628,116.798,138.366,106.144,121.177,134.844,141.931,133.838,133.766
1133.3,104.514,116.751,138.299,106.2,121.222,134.809,142.056,133.838,133.766
1133.4,104.514,116.607,138.333,106.2,121.266,134.809,141.994,133.874,133.874
1133.5,104.514,116.703,138.266,106.2,121.222,134.809,141.994,133.766,133.766
1133.6,104.457,116.56,138.333,106.2,121.132,134.773,141.994,133.838,133.802
1133.7,104.457,116.56,138.299,106.2,121.132,134.773,142.087,133.838,133.766
1133.8,104.457,116.56,138.299,106.2,121.088,134.809,142.025,133.802,133.802
1133.9,104.457,116.464,138.333,106.144,121.132,134.809,141.994,133.838,133.802
1134.0,104.798,116.464,138.299,106.144,121.043,134.809,141.994,133.838,133.766
1134.1,104.4,116.464,138.299,106.2,121.132,134.809,141.994,133.802,133.766
1134.2,104.457,116.464,138.299,106.2,120.998,134.809,141.994,133.838,133.802
1134.3,104.457,116.464,138.299,106.255,120.954,134.809,141.994,133.838,133.766
1134.4,104.343,116.416,138.299,106.144,120.954,134.773,142.025,133.802,133.729
1134.5,104.4,116.464,138.333,106.144,120.909,134.844,141.994,133.874,133.766
1134.6,104.4,116.416,138.299,106.089,120.954,134.809,142.056,133.802,133.766
1134.7,104.343,116.368,138.333,106.144,120.864,134.773,141.994,133.838,133.766
1134.8,104.457,116.32,138.299,106.144,120.909,134.915,142.025,133.802,133.766
1134.9,104.286,116.272,138.299,106.033,120.775,134.773,141.994,133.802,133.838
1135.0,104.286,116.224,138.299,106.033,120.775,134.773,142.025,133.838,133.729
1135.1,104.286,116.176,138.299,106.033,120.685,134.773,142.025,133.802,133.766
1135.2,104.286,116.176,138.366,105.977,120.64,134.809,141.994,133.838,133.766
1135.3,104.172,116.176,138.299,106.033,120.64,134.773,142.056,133.802,133.729
1135.4,104.229,116.128,138.299,106.033,120.64,134.773,141.962,133.802,133.729
1135.5,104.343,116.08,138.266,105.922,120.64,134.915,142.025,133.802,133.766
1135.6,104.229,116.08,138.333,105.922,120.595,134.773,141.994,133.802,133.766
1135.7,104.229,116.031,138.333,105.977,120.64,134.737,141.962,133.766,133.729
1135.8,104.229,116.031,138.333,105.922,120.595,134.773,142.025,133.766,133.729
1135.9,104.286,116.031,138.299,105.922,120.595,134.773,141.994,133.766,133.729
1136.0,104.286,116.031,138.366,105.977,120.46,134.773,141.994,133.766,133.729
1136.1,104.286,115.983,138.299,105.866,120.505,134.844,141.962,133.802,133.729
1136.2,104.172,115.935,138.333,105.866,120.46,134.773,141.962,133.838,133.729
1136.3,104.058,115.935,138.299,105.922,120.505,134.773,141.994,133.766,133.838
1136.4,104.172,115.887,138.299,105.866,120.46,134.809,141.994,133.802,133.657
1136.5,104.286,115.935,138.299,105.866,120.415,134.737,142.025,133.802,133.729
1136.6,104.172,115.838,138.299,105.866,120.415,134.773,141.994,133.766,133.729
1136.7,104.115,115.742,138.299,105.866,120.37,134.773,141.899,133.766,133.802
1136.8,104.229,115.79,138.333,105.754,120.279,134.809,141.962,133.766,133.693
1136.9,104.115,115.742,138.266,105.866,120.279,134.773,141.994,133.802,133.802
1137.0,104.115,115.79,138.299,105.81,120.234,134.773,142.025,133.838,133.729
1137.1,104.172,115.693,138.232,105.81,120.234,134.773,142.025,133.838,133.766
1137.2,104.115,115.79,138.165,105.81,120.279,134.844,141.994,133.802,133.693
1137.3,104.058,115.645,138.232,105.754,120.189,134.773,141.994,133.766,133.693
1137.4,104.058,115.596,138.266,105.81,120.189,134.737,141.994,133.766,133.693
1137.5,104.058,115.645,138.299,105.698,120.144,134.773,142.056,133.802,133.766
1137.6,104.058,115.548,138.299,105.754,120.144,134.773,141.994,133.766,133.729
1137.7,104.058,115.548,138.299,105.754,120.144,134.809,142.025,133.766,133.729
1137.8,104.0,115.548,138.299,105.754,120.098,134.844,142.025,133.766,133.693
1137.9,104.058,115.645,138.266,105.754,120.098,134.773,142.056,133.802,133.729
1138.0,104.0,115.548,138.299,105.698,120.098,134.809,142.025,133.766,133.584
1138.1,103.943,115.499,138.299,105.698,120.007,134.773,141.962,133.766,133.657
1138.2,103.943,115.45,138.266,105.698,119.917,134.773,141.994,133.802,133.729
1138.3,103.943,115.45,138.266,105.642,119.962,134.773,141.962,133.802,133.657
1138.4,103.943,115.353,138.266,105.642,119.871,134.809,142.025,133.802,133.657
1138.5,103.886,115.353,138.299,105.642,119.871,134.773,142.025,133.766,133.693
1138.6,104.0,115.256,138.266,105.642,119.826,134.773,142.025,133.802,133.693
1138.7,103.943,115.304,138.299,105.586,119.735,134.773,141.962,133.729,133.693
1138.8,103.886,115.256,138.266,105.586,119.826,134.773,141.994,133.766,133.584
1138.9,103.829,115.207,138.333,105.53,119.826,134.737,142.025,133.729,133.693
1139.0,103.886,115.256,138.299,105.586,119.735,134.773,142.056,133.766,133.729
1139.1,103.829,115.207,138.299,105.53,119.735,134.773,141.931,133.729,133.693
1139.2,103.886,115.207,138.199,105.586,119.735,134.666,141.994,133.729,133.693
1139.3,103.829,115.256,138.266,105.586,119.689,134.773,141.994,133.766,133.693
1139.4,103.829,115.158,138.299,105.53,119.643,134.737,142.056,133.766,133.693
1139.5,103.771,115.109,138.299,105.53,119.552,134.773,141.962,133.766,133.657
1139.6,103.829,115.109,138.299,105.53,119.643,134.773,141.962,133.766,133.657
1139.7,103.829,115.06,138.366,105.474,119.552,134.773,141.994,133.802,133.693
1139.8,103.771,115.109,138.266,105.53,119.598,134.809,141.962,133.766,133.693
1139.9,103.771,115.06,138.299,105.53,119.506,134.773,141.994,133.766,133.766
1140.0,103.771,115.011,138.299,105.53,119.506,134.844,141.994,133.766,133.729
1140.1,103.771,114.962,138.266,105.53,119.461,134.773,141.994,133.766,133.657
1140.2,103.714,114.962,138.299,105.418,119.461,134.773,141.962,133.766,133.729
1140.3,103.656,114.864,138.266,105.418,119.415,134.737,141.994,133.729,133.729
1140.4,103.599,114.815,138.299,105.418,119.323,134.773,141.931,133.729,133.657
1140.5,103.714,114.766,138.266,105.474,119.323,134.773,141.994,133.729,133.693
1140.6,103.714,114.864,138.299,105.362,119.323,134.809,141.994,133.729,133.693
1140.7,103.943,114.815,138.299,105.362,119.323,134.88,141.962,133.729,133.693
1140.8,103.771,114.815,138.266,105.418,119.323,134.773,142.025,133.729,133.693
1140.9,103.656,114.864,138.299,105.362,119.231,134.773,141.994,133.729,133.693
1141.0,103.656,114.766,138.299,105.418,119.185,134.737,141.994,133.766,133.62
1141.1,103.656,114.766,138.266,105.362,119.185,134.737,141.994,133.729,133.657
1141.2,103.599,114.766,138.299,105.306,119.231,134.773,141.962,133.693,133.657
1141.3,103.599,114.717,138.266,105.193,119.231,134.737,141.962,133.693,133.693
1141.4,103.599,114.717,138.333,105.306,119.231,134.773,142.025,133.729,133.693
1141.5,103.599,114.619,138.266,105.362,119.047,134.737,142.025,133.729,133.62
1141.6,103.656,114.619,138.333,105.306,119.047,134.809,141.994,133.729,133.62
1141.7,103.541,114.569,138.232,105.306,119.047,134.773,141.994,133.802,133.693
1141.8,103.599,114.569,138.299,105.362,119.001,134.773,141.994,133.729,133.657
1141.9,103.483,114.569,138.299,105.249,119.001,134.773,142.025,133.766,133.693
1142.0,103.541,114.569,138.266,105.249,118.955,134.773,141.994,133.802,133.657
1142.1,103.541,114.471,138.266,105.306,119.047,134.737,141.994,133.693,133.693
1142.2,103.483,114.471,138.299,105.249,118.955,134.737,141.962,133.729,133.62
1142.3,103.541,114.471,138.299,105.306,118.955,134.773,141.962,133.729,133.657
1142.4,103.483,114.372,138.299,105.249,118.955,134.737,141.994,133.693,133.657
1142.5,103.541,114.421,138.299,105.249,118.909,134.773,141.994,133.693,133.693
1142.6,103.541,114.421,138.299,105.193,118.863,134.773,141.994,133.729,133.62
1142.7,103.483,114.323,138.299,105.193,118.863,134.773,142.056,133.693,133.657
1142.8,103.483,114.471,138.266,105.137,118.863,134.773,141.994,133.729,133.657
1142.9,103.483,114.323,138.299,105.193,118.817,134.773,142.056,133.729,133.693
1143.0,103.483,114.372,138.299,105.193,118.77,134.737,141.994,133.693,133.657
1143.1,103.483,114.471,138.266,105.137,118.77,134.702,141.994,133.729,133.62
1143.2,103.426,114.323,138.232,105.193,118.77,134.844,141.994,133.693,133.729
1143.3,103.426,114.273,138.266,105.137,118.724,134.737,141.962,133.693,133.657
1143.4,103.483,114.224,138.266,105.137,118.817,134.737,141.899,133.693,133.657
1143.5,103.483,114.174,138.232,105.137,118.678,134.737,141.962,133.693,133.657
1143.6,103.368,114.174,138.266,105.137,118.817,134.737,142.025,133.693,133.693
1143.7,103.426,114.125,138.266,105.08,118.631,134.773,142.056,133.729,133.62
1143.8,103.426,114.075,138.299,104.967,118.585,134.773,141.994,133.693,133.657
1143.9,103.426,114.025,138.232,105.137,118.539,134.773,141.962,133.729,133.62
1144.0,103.368,114.075,138.266,105.08,118.585,134.773,141.994,133.693,133.62
1144.1,103.368,114.025,138.199,105.024,118.446,134.773,142.025,133.729,133.693
1144.2,103.31,114.025,138.299,105.08,118.446,134.773,141.994,133.729,133.62
1144.3,103.426,114.025,138.266,105.024,118.446,134.737,142.025,133.693,133.693
1144.4,103.368,113.876,138.266,104.967,118.353,134.809,141.994,133.693,133.62
1144.5,103.31,113.876,138.299,105.024,118.399,134.773,141.994,133.657,133.62
1144.6,103.31,113.876,138.266,105.024,118.399,134.773,141.994,133.657,133.657
1144.7,103.31,113.926,138.366,105.024,118.306,134.702,141.994,133.693,133.657
1144.8,103.31,113.876,138.266,105.024,118.399,134.773,141.994,133.693,133.62
1144.9,103.31,113.826,138.299,105.08,118.26,134.773,141.994,133.657,133.62
1145.0,103.252,113.777,138.299,104.967,118.213,134.809,141.994,133.693,133.657
1145.1,103.252,113.826,138.299,104.911,118.306,134.773,142.025,133.693,133.62
1145.2,103.252,113.826,138.299,104.967,118.166,134.773,141.994,133.693,133.62
1145.3,103.368,113.727,138.333,104.911,118.166,134.737,141.994,133.693,133.584
1145.4,103.195,113.627,138.299,104.911,118.166,134.702,141.994,133.657,133.584
1145.5,103.137,113.627,138.266,104.854,118.12,134.737,141.962,133.62,133.62
1145.6,103.195,113.527,138.266,104.911,118.166,134.737,141.962,133.62,133.62
1145.7,103.252,113.527,138.299,104.911,118.026,134.773,141.962,133.693,133.62
1145.8,103.137,113.577,138.232,104.854,118.026,134.737,142.056,133.657,133.62
1145.9,103.195,113.477,138.299,104.798,118.073,134.702,141.994,133.584,133.584
1146.0,103.137,113.527,138.333,104.854,117.979,134.737,141.994,133.693,133.584
1146.1,103.137,113.477,138.266,104.798,117.932,134.737,141.994,133.802,133.584
1146.2,103.079,113.427,138.266,104.854,117.886,134.773,141.994,133.657,133.584
1146.3,103.079,113.477,138.266,104.798,117.932,134.737,141.931,133.657,133.657
1146.4,103.079,113.377,138.366,104.798,117.886,134.737,141.994,133.657,133.584
1146.5,103.079,113.377,138.266,104.798,117.886,134.737,141.994,133.657,133.584
1146.6,103.079,113.377,138.266,104.798,117.792,134.737,141.962,133.657,133.657
1146.7,103.079,113.326,138.266,104.798,117.839,134.702,141.994,133.729,133.729
1146.8,103.079,113.377,138.266,104.798,117.839,134.737,142.025,133.62,133.548
1146.9,103.079,113.276,138.266,104.798,117.745,134.702,141.994,133.693,133.584
1147.0,103.021,113.226,138.299,104.741,117.745,134.737,142.025,133.657,133.548
1147.1,103.079,113.176,138.266,104.798,117.698,134.63,142.025,133.693,133.584
1147.2,103.021,113.226,138.232,104.741,117.698,134.737,141.962,133.657,133.511
1147.3,103.021,113.226,138.266,104.911,117.651,134.737,142.025,133.657,133.584
1147.4,103.021,113.176,138.199,104.741,117.604,134.737,141.931,133.62,133.584
1147.5,102.963,113.176,138.199,104.684,117.604,134.737,141.994,133.693,133.657
1147.6,102.963,113.176,138.199,104.741,117.604,134.773,141.994,133.62,133.584
1147.7,102.963,113.125,138.266,104.628,117.557,134.63,141.994,133.657,133.584
1147.8,103.021,113.125,138.266,104.684,117.509,134.809,141.962,133.62,133.657
1147.9,102.963,113.125,138.232,104.628,117.557,134.773,141.962,133.657,133.584
1148.0,103.021,113.125,138.199,104.684,117.509,134.737,141.962,133.657,133.584
1148.1,102.904,113.025,138.266,104.628,117.509,134.773,141.994,133.62,133.548
1148.2,103.021,112.974,138.266,104.628,117.509,134.737,141.962,133.657,133.548
1148.3,102.963,113.075,138.199,104.741,117.415,134.737,141.962,133.62,133.584
1148.4,102.904,113.025,138.232,104.741,117.462,134.773,142.025,133.657,133.584
1148.5,102.904,112.974,138.232,104.628,117.368,134.737,142.025,133.62,133.548
1148.6,102.846,113.025,138.266,104.628,117.415,134.773,142.025,133.62,133.584
1148.7,102.846,112.974,138.232,104.628,117.368,134.737,142.056,133.657,133.62
1148.8,102.963,112.924,138.232,104.571,117.321,134.737,141.994,133.62,133.584
1148.9,102.904,112.873,138.366,104.628,117.321,134.809,141.994,133.693,133.584
1149.0,102.963,112.823,138.266,104.571,117.321,134.737,141.994,133.657,133.548
1149.1,102.846,112.823,138.232,104.514,117.226,134.737,141.962,133.657,133.548
1149.2,102.904,112.772,138.266,104.571,117.226,134.737,141.962,133.584,133.548
1149.3,102.846,112.772,138.299,104.514,117.179,134.773,141.994,133.62,133.62
1149.4,102.846,112.722,138.266,104.571,117.179,134.702,142.025,133.548,133.584
1149.5,102.846,112.722,138.232,104.514,117.179,134.737,141.994,133.548,133.548
1149.6,102.672,112.62,138.232,104.514,117.084,134.737,141.994,133.62,133.584
1149.7,102.788,112.671,138.299,104.571,117.131,134.737,141.994,133.62,133.548
1149.8,102.846,112.722,138.232,104.514,117.084,134.737,142.025,133.657,133.511
1149.9,102.73,112.671,138.232,104.514,117.131,134.702,141.962,133.62,133.62
1150.0,102.846,112.62,138.232,104.571,117.036,134.737,142.025,133.62,133.548
1150.1,102.788,112.62,138.232,104.514,117.036,134.737,142.056,133.62,133.548
1150.2,102.846,112.62,138.266,104.514,117.036,134.702,141.962,133.62,133.584
1150.3,102.788,112.62,138.199,104.628,116.989,134.773,141.994,133.584,133.62
1150.4,102.788,112.57,138.266,104.457,116.989,134.702,142.025,133.657,133.584
1150.5,102.788,112.519,138.299,104.4,116.941,134.702,141.994,133.584,133.584
1150.6,102.672,112.57,138.232,104.457,116.941,134.737,141.994,133.657,133.548
1150.7,102.788,112.468,138.299,104.4,116.894,134.737,142.087,133.62,133.548
1150.8,102.73,112.417,138.299,104.4,116.894,134.737,141.962,133.62,133.511
1150.9,102.672,112.417,138.266,104.4,116.894,134.809,141.899,133.62,133.548
1151.0,102.672,112.417,138.232,104.514,116.941,134.737,142.025,133.693,133.511
1151.1,102.73,112.366,138.232,104.4,116.798,134.773,141.994,133.62,133.548
1151.2,102.613,112.417,138.299,104.4,116.751,134.702,141.962,133.657,133.548
1151.3,102.613,112.366,138.266,104.4,116.798,134.844,141.962,133.62,133.548
1151.4,102.672,112.265,138.232,104.343,116.703,134.773,141.994,133.62,133.584
1151.5,102.73,112.316,138.232,104.343,116.703,134.702,141.962,133.62,133.548
1151.6,102.672,112.163,138.266,104.286,116.655,134.737,141.994,133.584,133.548
1151.7,102.613,112.214,138.366,104.343,116.607,134.737,142.025,133.584,133.548
1151.8,102.613,112.214,138.232,104.343,116.655,134.702,142.025,133.62,133.548
1151.9,102.555,112.163,138.266,104.286,116.607,134.702,141.994,133.584,133.511
1152.0,102.555,112.214,138.4,104.286,116.56,134.737,141.994,133.62,133.511
1152.1,102.672,112.163,138.266,104.343,116.512,134.737,141.994,133.62,133.511
1152.2,102.613,112.163,138.266,104.286,116.56,134.773,141.994,133.584,133.62
1152.3,102.613,112.112,138.266,104.229,116.512,134.773,141.962,133.584,133.548
1152.4,102.672,112.112,138.266,104.4,116.464,134.773,142.025,133.62,133.548
1152.5,102.555,112.112,138.232,104.343,116.464,134.737,141.962,133.657,133.584
1152.6,102.555,112.061,138.266,104.286,116.464,134.737,141.994,133.62,133.475
1152.7,102.555,112.112,138.232,104.229,116.464,134.737,142.056,133.657,133.548
1152.8,102.613,112.009,138.266,104.286,116.464,134.773,141.994,133.62,133.511
1152.9,102.497,112.009,138.299,104.229,116.368,134.737,141.962,133.62,133.548
1153.0,102.497,112.061,138.266,104.229,116.368,134.702,141.962,133.62,133.548
1153.1,102.555,111.958,138.299,104.229,116.416,134.702,141.994,133.62,133.511
1153.2,102.497,111.958,138.266,104.229,116.368,134.702,141.994,133.584,133.584
1153.3,102.555,111.907,138.232,104.172,116.32,134.737,141.962,133.584,133.511
1153.4,102.497,111.856,138.299,104.0,116.368,134.702,141.962,133.62,133.475
1153.5,102.497,111.805,138.266,104.115,116.176,134.737,141.962,133.62,133.511
1153.6,102.438,111.65,138.232,104.115,116.272,134.737,141.994,133.548,133.511
1153.7,102.438,111.238,138.199,104.172,116.176,134.737,141.994,133.548,133.511
1153.8,102.497,111.753,138.232,104.115,116.08,134.702,141.962,133.548,133.548
1153.9,102.438,111.702,138.232,104.229,116.128,134.737,141.994,133.584,133.548
1154.0,102.438,111.702,138.266,104.115,116.128,134.737,141.962,133.584,133.475
1154.1,102.438,111.702,138.232,104.115,116.128,134.737,141.962,133.548,133.475
1154.2,102.321,111.702,138.232,104.115,116.031,134.773,141.994,133.548,133.511
1154.3,102.438,111.702,138.299,104.058,116.08,134.737,141.962,133.548,133.548
1154.4,102.38,111.65,138.232,104.115,116.031,134.737,141.931,133.548,133.511
1154.5,102.438,111.65,138.232,104.172,115.935,134.737,141.962,133.548,133.511
1154.6,102.38,111.548,138.299,104.115,115.935,134.737,141.962,133.475,133.548
1154.7,102.438,111.496,138.232,104.058,115.887,134.773,141.962,133.584,133.438
1154.8,102.38,111.496,138.266,104.115,115.838,134.702,141.962,133.584,133.475
1154.9,102.321,111.496,138.199,104.0,115.838,134.737,142.025,133.548,133.475
1155.0,102.321,111.444,138.232,104.058,115.742,134.737,142.025,133.475,133.511
1155.1,102.262,111.444,138.299,104.0,115.742,134.737,141.994,133.548,133.511
1155.2,102.321,111.341,138.232,104.0,115.742,134.702,142.025,133.584,133.402
1155.3,102.38,111.341,138.232,104.0,115.645,134.737,142.025,133.62,133.475
1155.4,102.262,111.341,138.266,104.058,115.742,134.702,141.994,133.548,133.475
1155.5,102.321,111.29,138.232,104.0,115.693,134.702,141.931,133.548,133.511
1155.6,102.321,111.341,138.199,104.058,115.742,134.737,142.087,133.548,133.475
1155.7,102.321,111.238,138.266,104.0,115.596,134.737,141.962,133.548,133.475
1155.8,102.262,111.341,138.098,104.0,115.645,134.737,141.994,133.548,133.475
1155.9,102.262,111.238,138.232,104.0,115.645,134.809,141.931,133.62,133.475
1156.0,102.262,111.238,138.232,103.943,115.596,134.773,141.994,133.548,133.511
1156.1,102.262,111.238,138.232,103.943,115.548,134.702,141.994,133.548,133.475
1156.2,102.321,111.186,138.232,103.886,115.548,134.702,141.994,133.548,133.511
1156.3,102.204,111.083,138.232,103.943,115.499,134.702,141.962,133.584,133.402
1156.4,102.145,111.083,138.299,103.943,115.499,134.737,141.994,133.548,133.475
1156.5,102.204,111.031,138.232,103.886,115.402,134.737,141.962,133.584,133.438
1156.6,102.204,111.083,138.232,103.886,115.402,134.702,141.962,133.511,133.475
1156.7,102.145,111.083,138.232,103.886,115.353,134.773,141.994,133.548,133.511
1156.8,102.204,110.979,138.567,103.886,115.353,134.702,141.962,133.475,133.438
1156.9,102.204,110.979,138.299,103.943,115.207,134.737,141.962,133.62,133.475
1157.0,102.262,110.979,138.232,103.829,115.353,134.702,141.994,133.548,133.511
1157.1,102.204,110.979,138.266,103.829,115.304,134.737,141.994,133.548,133.475
1157.2,102.204,110.979,138.299,103.829,115.304,134.702,141.994,133.548,133.475
1157.3,102.145,110.927,138.232,103.886,115.353,134.702,141.962,133.511,133.438
1157.4,102.145,110.875,138.199,103.771,115.256,134.702,141.994,133.511,133.438
1157.5,102.963,110.875,138.232,103.886,115.304,134.702,142.056,133.475,133.475
1157.6,102.086,110.875,138.232,103.829,115.207,134.702,141.994,133.584,133.438
1157.7,102.086,110.927,138.232,103.886,115.207,134.737,141.962,133.548,133.475
1157.8,102.204,110.875,138.232,103.771,115.158,134.737,141.994,133.548,133.475
1157.9,102.145,110.771,138.232,103.771,115.207,134.702,141.962,133.511,133.438
1158.0,102.028,110.823,138.299,103.829,115.207,134.702,141.962,133.548,133.438
1158.1,102.086,110.771,138.232,103.943,115.109,134.737,141.994,133.548,133.402
1158.2,102.086,110.771,138.232,103.829,114.962,134.737,141.994,133.548,133.475
1158.3,102.086,110.615,138.199,103.771,115.109,134.737,141.962,133.511,133.548
1158.4,102.086,110.719,138.299,103.714,115.109,134.737,141.962,133.548,133.438
1158.5,102.086,110.719,138.232,103.771,115.011,134.702,141.994,133.548,133.402
1158.6,102.086,110.667,138.232,103.771,115.011,134.702,141.962,133.548,133.475
1158.7,102.028,110.719,138.232,103.714,115.011,134.702,141.994,133.548,133.438
1158.8,102.086,110.615,138.232,103.771,114.864,134.737,141.962,133.511,133.402
1158.9,102.086,110.562,138.199,103.714,114.913,134.702,141.962,133.475,133.438
1159.0,102.028,110.562,138.232,103.714,114.913,134.809,141.962,133.511,133.438
1159.1,102.028,110.562,138.266,103.714,114.913,134.702,141.962,133.584,133.438
1159.2,101.969,110.562,138.433,103.714,114.864,134.737,141.962,133.475,133.438
1159.3,102.086,110.458,138.199,103.714,114.815,134.702,141.868,133.548,133.402
1159.4,101.969,110.51,138.199,103.714,114.815,134.702,141.994,133.511,133.438
1159.5,101.969,110.51,138.266,103.714,114.913,134.702,141.994,133.475,133.511
1159.6,101.969,110.458,138.266,103.656,114.766,134.702,142.025,133.511,133.475
1159.7,101.969,110.458,138.165,103.599,114.766,134.737,141.931,133.657,133.438
1159.8,101.969,110.405,138.299,103.656,114.766,134.773,141.994,133.584,133.438
1159.9,101.969,110.458,138.232,103.714,114.717,134.737,142.025,133.548,133.402
1160.0,101.969,110.405,138.232,103.714,114.717,134.702,141.994,133.548,133.475
1160.1,101.91,110.301,138.232,103.714,114.619,134.702,141.962,133.511,133.438
1160.2,101.969,110.301,138.232,103.599,114.668,134.702,141.962,133.511,133.438
1160.3,101.969,110.301,138.232,103.656,114.569,134.702,141.899,133.475,133.438
1160.4,101.91,110.248,138.232,103.599,114.52,134.702,141.962,133.475,133.62
1160.5,101.91,110.248,138.232,103.656,114.619,134.702,141.962,133.511,133.402
1160.6,101.851,110.196,138.232,103.599,114.569,134.702,141.962,133.475,133.475
1160.7,101.851,110.248,138.232,103.599,114.471,134.702,141.962,133.475,133.438
1160.8,101.91,110.196,138.232,103.599,114.52,134.737,141.962,133.548,133.475
1160.9,101.91,110.143,138.199,103.541,114.52,134.737,141.962,133.511,133.438
1161.0,101.851,110.143,138.232,103.541,114.421,134.702,141.994,133.475,133.438
1161.1,101.792,110.196,138.232,103.656,114.52,134.702,141.962,133.548,133.438
1161.2,101.851,110.248,138.299,103.599,114.421,134.737,141.962,133.511,133.438
1161.3,101.91,110.091,138.232,103.541,114.421,134.737,141.994,133.475,133.402
1161.4,101.969,110.091,138.199,103.541,114.372,134.63,142.025,133.511,133.438
1161.5,101.792,110.038,138.299,103.483,114.372,134.737,141.962,133.475,133.438
1161.6,101.851,109.985,138.266,103.483,114.323,134.702,141.994,133.438,133.402
1161.7,101.851,110.091,138.232,103.599,114.372,134.702,141.962,133.475,133.438
1161.8,101.851,109.985,138.266,103.599,114.323,134.702,142.025,133.475,133.438
1161.9,101.792,110.038,138.199,103.483,114.224,134.737,141.994,133.511,133.438
1162.0,101.851,110.091,138.232,103.541,114.224,134.702,141.994,133.475,133.438
1162.1,101.792,109.933,138.266,103.483,114.273,134.702,141.994,133.511,133.402
1162.2,101.851,109.933,138.232,103.656,114.224,134.702,141.962,133.548,133.438
1162.3,101.792,109.933,138.232,103.483,114.224,134.702,141.994,133.475,133.402
1162.4,101.792,109.827,138.232,103.483,114.273,134.702,142.025,133.511,133.402
1162.5,101.733,109.88,138.165,103.483,114.174,134.702,141.962,133.511,133.511
1162.6,101.851,109.827,138.232,103.483,114.125,134.666,141.962,133.475,133.438
1162.7,101.733,109.933,138.199,103.483,114.174,134.702,142.025,133.475,133.438
1162.8,101.733,109.669,138.266,103.426,114.025,134.666,141.962,133.475,133.402
1162.9,101.733,109.722,138.232,103.483,114.025,134.702,141.994,133.548,133.438
1163.0,101.792,109.722,138.232,103.426,114.025,134.702,142.025,133.548,133.402
1163.1,101.792,109.669,138.232,103.368,113.976,134.702,142.025,133.511,133.402
1163.2,101.733,109.669,138.232,103.426,113.926,134.702,142.025,133.475,133.402
1163.3,101.674,109.616,138.266,103.426,113.876,134.737,142.025,133.475,133.402
1163.4,101.674,109.616,138.165,103.426,113.876,134.773,141.994,133.475,133.402
1163.5,101.674,109.616,138.199,103.368,113.876,134.666,141.931,133.475,133.402
1163.6,101.733,109.563,138.232,103.368,113.777,134.702,141.962,133.475,133.402
1163.7,101.674,109.616,138.266,103.31,113.826,134.737,141.962,133.438,133.438
1163.8,101.615,109.563,138.232,103.426,113.826,134.702,141.994,133.475,133.402
1163.9,101.615,109.457,138.232,103.368,113.777,134.702,141.994,133.511,133.402
1164.0,101.674,109.51,138.232,103.426,113.826,134.702,141.931,133.511,133.438
1164.1,101.674,109.51,138.232,103.368,113.677,134.737,142.056,133.475,133.402
1164.2,101.674,109.457,138.232,103.368,113.777,134.737,141.962,133.475,133.438
1164.3,101.615,109.457,138.366,103.368,113.777,134.773,142.025,133.475,133.402
1164.4,101.615,109.457,138.232,103.31,113.677,134.702,142.025,133.475,133.402
1164.5,101.615,109.351,138.232,103.426,113.627,134.702,141.962,133.475,133.402
1164.6,101.674,109.298,137.997,103.31,113.627,134.702,141.994,133.475,133.402
1164.7,101.615,109.298,138.232,103.31,113.627,134.702,141.994,133.402,133.365
1164.8,101.674,109.298,138.199,103.252,113.677,134.737,141.962,133.438,133.402
1164.9,101.615,109.244,138.199,103.31,113.527,134.702,142.025,133.475,133.475
1165.0,101.496,109.298,138.232,103.31,113.577,134.737,141.994,133.475,133.365
1165.1,101.615,109.244,138.299,103.252,113.477,134.737,141.994,133.475,133.402
1165.2,101.615,109.351,138.232,103.252,113.527,134.702,141.994,133.475,133.402
1165.3,101.556,109.298,138.199,103.252,113.427,134.773,141.962,133.475,133.329
1165.4,101.615,109.138,138.232,103.195,113.477,134.666,141.994,133.475,133.365
1165.5,101.556,109.138,138.199,103.252,113.477,134.737,141.962,133.475,133.365
1165.6,101.615,109.138,138.232,103.252,113.477,134.666,141.994,133.438,133.402
1165.7,101.496,109.191,138.199,103.252,113.377,134.702,141.962,133.438,133.402
1165.8,101.496,109.138,137.929,103.252,113.527,134.702,141.994,133.438,133.402
1165.9,101.496,109.085,138.199,103.252,113.427,134.737,141.868,133.511,133.402
1166.0,101.556,109.031,138.199,103.252,113.377,134.773,141.962,133.475,133.475
1166.1,101.496,109.085,138.232,103.195,113.276,134.702,141.962,133.475,133.402
1166.2,101.496,109.031,138.199,103.195,113.377,134.666,141.994,133.475,133.365
1166.3,101.496,108.978,138.199,103.021,113.276,134.702,141.962,133.438,133.438
1166.4,101.496,108.978,138.232,103.195,113.125,134.702,142.025,133.438,133.365
1166.5,101.496,108.978,138.199,103.31,113.226,134.702,141.994,133.475,133.438
1166.6,101.437,108.924,138.232,103.252,113.226,134.702,142.025,133.402,133.365
1166.7,101.496,108.924,138.232,103.195,113.176,134.702,141.962,133.402,133.402
1166.8,101.496,108.871,138.232,103.195,113.125,134.702,141.994,133.475,133.329
1166.9,101.437,108.817,138.232,102.963,113.125,134.702,141.994,133.438,133.365
1167.0,101.259,108.871,138.165,103.137,113.075,134.702,141.962,133.438,133.365
1167.1,101.2,108.817,138.199,103.137,113.075,134.702,141.962,133.438,133.438
1167.2,101.437,108.657,138.366,103.137,113.075,134.737,141.962,133.438,133.365
1167.3,101.378,108.817,138.232,103.195,112.974,134.702,141.994,133.438,133.365
1167.4,101.437,108.764,138.199,103.079,113.075,134.702,141.931,133.475,133.365
1167.5,101.437,108.71,138.199,103.079,112.974,134.702,141.962,133.438,133.365
1167.6,101.437,108.657,138.232,103.079,113.025,134.666,141.899,133.438,133.365
1167.7,101.437,108.71,138.266,103.079,112.974,134.702,141.994,133.475,133.365
1167.8,101.437,108.71,138.232,103.137,112.974,134.702,141.962,133.475,133.365
1167.9,101.378,108.71,138.232,103.079,112.924,134.666,141.962,133.475,133.402
1168.0,101.318,108.657,138.199,103.195,112.924,134.702,141.994,133.402,133.402
1168.1,101.259,108.657,138.232,103.079,112.924,134.666,141.962,133.438,133.365
1168.2,101.318,108.657,138.266,103.137,112.873,134.737,141.962,133.438,133.365
1168.3,101.378,108.603,138.232,103.021,112.57,134.702,141.962,133.438,133.365
1168.4,101.378,108.603,138.199,103.021,112.823,134.737,141.994,133.438,133.365
1168.5,101.378,108.549,138.266,102.904,112.823,134.666,141.994,133.511,133.365
1168.6,101.378,108.495,138.199,103.021,112.772,134.702,141.962,133.402,133.365
1168.7,101.318,108.442,138.199,103.021,112.772,134.702,141.962,133.438,133.329
1168.8,101.318,108.495,138.232,103.021,112.722,134.702,141.994,133.438,133.402
1168.9,101.378,108.442,138.199,103.021,112.671,134.702,141.994,133.402,133.365
1169.0,101.259,108.442,138.266,103.021,112.671,134.702,141.931,133.438,133.402
1169.1,101.318,108.442,138.199,103.021,112.671,134.737,141.931,133.475,133.365
1169.2,101.318,108.388,138.199,102.904,112.671,134.702,142.025,133.438,133.365
1169.3,101.378,108.388,138.266,102.963,112.62,134.702,141.962,133.475,133.365
1169.4,101.259,108.334,138.199,103.021,112.62,134.702,141.962,133.438,133.365
1169.5,101.259,108.442,138.232,103.021,112.62,134.737,141.994,133.475,133.402
1169.6,101.2,108.334,138.199,103.021,112.468,134.702,141.994,133.475,133.365
1169.7,101.378,108.28,138.199,102.963,112.519,134.702,141.962,133.438,133.365
1169.8,101.259,108.334,138.232,103.021,112.519,134.702,141.994,133.475,133.365
1169.9,101.318,108.28,138.199,103.021,112.519,134.666,141.962,133.438,133.329
1170.0,101.318,108.226,138.199,102.904,112.468,134.666,141.962,133.438,133.365
1170.1,101.2,108.226,138.199,102.963,112.519,134.666,141.994,133.438,133.365
1170.2,101.259,108.226,138.232,103.021,112.468,134.702,141.899,133.438,133.365
1170.3,101.259,108.226,138.199,103.021,112.519,134.702,141.931,133.438,133.329
1170.4,101.2,108.226,138.199,102.904,112.519,134.702,141.962,133.438,133.329
1170.5,101.259,108.226,138.266,102.846,112.316,134.702,141.994,133.475,133.329
1170.6,101.259,108.172,138.232,103.137,112.316,134.702,141.962,133.438,133.329
1170.7,101.259,108.118,138.199,102.904,112.519,134.737,141.994,133.475,133.329
1170.8,101.2,108.118,138.199,102.904,112.366,134.702,141.994,133.402,133.365
1170.9,101.259,108.118,138.232,102.963,112.519,134.702,141.962,133.475,133.329
1171.0,101.14,108.064,138.199,102.904,112.316,134.702,141.962,133.402,133.329
1171.1,101.2,107.955,138.232,102.904,112.214,134.702,141.994,133.438,133.365
1171.2,101.2,108.01,138.232,102.846,112.214,134.702,141.994,133.402,133.365
1171.3,101.2,107.955,138.199,102.846,112.265,134.702,142.025,133.402,133.365
1171.4,101.2,107.955,138.199,102.904,112.163,134.702,141.994,133.402,133.402
1171.5,101.259,107.575,138.199,102.788,112.265,134.702,141.994,133.438,133.329
1171.6,101.2,107.847,138.232,102.904,112.112,134.737,141.962,133.402,133.292
1171.7,101.14,107.847,138.199,102.846,112.163,134.702,141.868,133.402,133.365
1171.8,101.14,107.793,138.199,102.846,112.061,134.773,141.994,133.329,133.365
1171.9,101.14,107.793,138.165,102.904,112.009,134.702,141.931,133.438,133.329
1172.0,101.08,107.847,138.199,102.846,112.009,134.702,141.994,133.402,133.365
1172.1,101.14,107.793,138.232,102.846,112.009,134.702,141.994,133.402,133.329
1172.2,101.08,107.738,138.232,102.788,112.009,134.702,141.962,133.402,133.365
1172.3,101.08,107.793,138.232,102.846,112.009,134.702,141.962,133.402,133.329
1172.4,101.14,107.684,138.199,102.846,111.958,134.702,141.994,133.438,133.329
1172.5,101.14,107.684,138.199,102.846,111.958,134.702,141.962,133.475,133.402
1172.6,101.08,107.63,138.232,102.904,111.907,134.702,141.994,133.475,133.329
1172.7,101.14,107.738,138.266,102.788,111.907,134.702,141.994,133.402,133.329
1172.8,101.08,107.684,138.199,102.904,111.856,134.666,141.994,133.402,133.329
1172.9,101.08,107.684,138.199,102.788,111.907,134.666,141.931,133.402,133.365
1173.0,101.08,107.738,138.165,102.846,111.856,134.702,141.962,133.402,133.292
1173.1,100.961,107.63,138.232,102.73,111.856,134.666,141.994,133.438,133.329
1173.2,101.2,107.63,138.199,102.788,111.805,134.702,141.962,133.402,133.329
1173.3,101.08,107.575,138.232,102.788,111.753,134.702,141.994,133.402,133.329
1173.4,101.021,107.521,138.165,102.846,111.702,134.666,141.962,133.402,133.292
1173.5,101.08,107.575,138.199,102.73,111.702,134.809,141.962,133.402,133.329
1173.6,100.961,107.521,138.199,102.788,111.753,134.702,141.994,133.438,133.402
1173.7,101.08,107.521,138.199,102.672,111.753,134.702,141.962,133.438,133.329
1173.8,101.08,107.466,138.266,102.788,111.65,134.666,142.025,133.402,133.365
1173.9,101.08,107.466,138.199,102.73,111.702,134.666,141.962,133.402,133.365
1174.0,101.021,107.411,138.199,102.73,111.65,134.702,141.962,133.365,133.292
1174.1,101.021,107.411,138.199,102.73,111.599,134.702,141.962,133.438,133.292
1174.2,101.021,107.357,138.299,102.73,111.65,134.666,141.962,133.402,133.329
1174.3,100.961,107.357,138.266,102.788,111.599,134.666,141.962,133.402,133.292
1174.4,101.021,107.357,138.199,102.73,111.496,134.702,141.994,133.402,133.292
1174.5,101.021,107.193,138.199,102.672,111.548,134.702,141.994,133.402,133.292
1174.6,100.902,107.302,138.165,102.672,111.496,134.702,141.994,133.402,133.365
1174.7,100.961,107.357,138.232,102.672,111.548,134.702,142.025,133.329,133.329
1174.8,100.961,107.247,138.199,102.672,111.65,134.702,142.056,133.365,133.329
1174.9,101.021,107.247,138.199,102.788,111.548,134.809,141.994,133.365,133.365
1175.0,101.021,107.302,138.199,102.672,111.444,134.702,141.994,133.438,133.329
1175.1,100.961,107.247,138.199,102.672,111.444,134.702,141.962,133.402,133.329
1175.2,100.961,107.247,138.199,102.672,111.444,134.702,141.994,133.365,133.329
1175.3,100.961,107.193,138.132,102.672,111.444,134.702,141.962,133.365,133.402
1175.4,100.722,107.138,138.232,102.613,111.341,134.737,141.994,133.365,133.292
1175.5,100.902,107.193,138.232,102.613,111.393,134.702,141.931,133.402,133.292
1175.6,100.902,107.193,138.199,102.672,111.341,134.702,141.994,133.402,133.329
1175.7,100.902,107.138,138.132,102.613,111.29,134.63,141.994,133.402,133.402
1175.8,100.902,106.918,138.199,102.672,111.29,134.737,141.962,133.402,133.329
1175.9,100.902,107.028,138.199,102.672,111.238,134.702,142.025,133.402,133.292
1176.0,100.902,107.028,138.266,102.613,111.186,134.737,141.962,133.402,133.329
1176.1,100.902,106.973,138.199,102.672,111.134,134.702,141.962,133.402,133.292
1176.2,100.902,106.973,138.232,102.613,111.238,134.666,141.994,133.365,133.292
1176.3,100.782,106.918,138.165,102.672,111.134,134.666,141.994,133.365,133.292
1176.4,100.902,106.918,138.232,102.438,111.134,134.702,141.994,133.402,133.329
1176.5,100.842,106.808,138.232,102.555,111.083,134.737,141.931,133.329,133.292
1176.6,100.902,106.918,138.199,102.613,111.083,134.702,141.962,133.402,133.292
1176.7,100.782,106.863,138.199,102.555,111.031,134.702,141.962,133.365,133.292
1176.8,100.782,106.753,138.232,102.497,110.979,134.702,141.962,133.365,133.292
1176.9,100.842,106.863,139.131,102.555,111.031,134.702,141.994,133.365,133.329
1177.0,100.842,106.753,138.199,102.497,110.979,134.702,142.025,133.402,133.292
1177.1,100.842,106.808,138.232,102.497,110.927,134.666,141.994,133.402,133.292
1177.2,100.782,106.753,138.199,102.38,110.875,134.666,141.994,133.365,133.292
1177.3,100.782,106.698,138.232,102.555,110.823,134.666,141.962,133.365,133.292
1177.4,100.842,106.643,138.165,102.555,110.927,134.737,141.962,133.365,133.292
1177.5,100.782,106.643,138.199,102.497,110.875,134.666,141.962,133.402,133.292
1177.6,100.722,106.643,138.199,102.497,110.875,134.666,141.994,133.329,133.292
1177.7,100.782,106.698,138.232,102.497,110.719,134.702,141.994,133.402,133.255
1177.8,100.722,106.588,138.232,102.497,110.719,134.666,141.962,133.329,133.292
1177.9,100.902,106.643,138.199,102.497,110.771,134.702,142.025,133.365,133.292
1178.0,100.722,106.532,138.199,102.497,110.719,134.702,141.931,133.329,133.255
1178.1,100.782,106.532,138.199,102.438,110.771,134.666,141.962,133.365,133.292
1178.2,100.722,106.477,138.232,102.438,110.719,134.702,141.962,133.365,133.255
1178.3,100.722,106.477,138.199,102.38,110.771,134.666,141.994,133.329,133.365
1178.4,100.782,106.422,138.199,102.555,110.615,134.702,141.962,133.365,133.329
1178.5,100.722,106.477,138.232,102.555,110.667,134.702,141.962,133.438,133.292
1178.6,100.722,106.422,138.199,102.438,110.667,134.702,141.962,133.365,133.329
1178.7,100.722,106.422,138.232,102.497,110.562,134.702,141.962,133.365,133.255
1178.8,100.662,106.366,138.266,102.262,110.562,134.702,141.962,133.329,133.365
1178.9,100.782,106.422,138.199,102.438,110.667,134.666,141.962,133.402,133.292
1179.0,100.722,106.311,138.199,102.438,110.51,134.666,141.994,133.365,133.292
1179.1,100.722,106.366,138.199,102.438,110.51,134.702,141.962,133.365,133.292
1179.2,100.722,106.366,138.199,102.38,110.51,134.702,141.931,133.402,133.292
1179.3,100.662,106.311,138.199,102.438,110.51,134.666,141.962,133.329,133.292
1179.4,100.662,106.311,138.199,102.497,110.458,134.702,141.994,133.365,133.255
1179.5,100.662,106.311,138.266,102.438,110.405,134.666,141.962,133.365,133.329
1179.6,100.662,106.311,137.625,102.38,110.458,134.702,141.962,133.329,133.292
1179.7,100.662,106.255,138.199,102.38,110.51,134.666,142.056,133.365,133.292
1179.8,100.602,106.2,138.299,102.438,110.353,134.702,141.962,133.402,133.292
1179.9,100.662,106.2,138.199,102.38,110.353,134.702,141.962,133.365,133.329
1180.0,100.722,106.2,138.199,102.38,110.353,134.666,141.962,133.365,133.292
1180.1,100.662,106.144,138.199,102.321,110.353,134.702,141.931,133.402,133.255
1180.2,100.662,106.144,138.132,102.321,110.353,134.702,141.962,133.329,133.255
1180.3,100.602,106.144,138.165,102.38,110.405,134.737,141.994,133.329,133.255
1180.4,100.602,106.089,138.199,102.38,110.301,134.666,141.962,133.438,133.255
1180.5,100.602,106.089,138.199,102.321,110.196,134.702,141.994,133.329,133.255
1180.6,100.602,106.033,138.199,102.38,110.143,134.702,141.962,133.365,133.255
1180.7,100.602,105.977,138.165,102.438,110.143,134.666,141.994,133.438,133.255
1180.8,100.602,106.033,138.266,102.321,110.143,134.666,141.994,133.402,133.292
1180.9,100.602,106.033,138.199,102.321,110.143,134.702,141.962,133.402,133.292
1181.0,100.662,106.033,138.199,102.321,110.091,134.702,141.994,133.329,133.255
1181.1,100.602,105.922,138.199,102.321,110.143,134.702,142.025,133.365,133.255
1181.2,100.602,105.922,138.199,102.38,110.091,134.702,141.994,133.365,133.292
1181.3,100.722,105.922,138.232,102.321,110.091,134.666,141.994,133.329,133.255
1181.4,100.542,105.922,138.165,102.262,110.038,134.702,141.994,133.365,133.292
1181.5,100.602,105.866,138.165,102.321,110.091,134.702,141.962,133.329,133.292
1181.6,100.061,105.866,138.199,102.262,110.038,134.666,141.962,133.329,133.255
1181.7,100.602,105.866,138.232,102.262,110.038,134.666,141.962,133.329,133.255
1181.8,100.662,105.866,138.199,102.262,109.985,134.737,141.994,133.292,133.292
1181.9,100.482,105.81,138.199,102.262,109.985,134.702,141.962,133.329,133.255
1182.0,100.542,105.81,138.232,102.204,109.933,134.702,141.962,133.329,133.219
1182.1,100.602,105.754,138.232,102.262,109.933,134.666,141.994,133.365,133.255
1182.2,100.602,105.754,138.232,102.321,109.933,134.666,141.994,133.329,133.329
1182.3,100.542,105.698,138.232,102.262,109.88,134.666,141.994,133.402,133.255
1182.4,100.602,105.698,138.165,102.262,109.775,134.702,142.025,133.329,133.255
1182.5,100.542,105.754,138.266,102.262,109.722,134.666,141.931,133.329,133.292
1182.6,100.482,105.81,138.199,102.204,109.827,134.702,141.962,133.329,133.255
1182.7,100.482,105.698,138.199,102.204,109.775,134.702,141.962,133.292,133.292
1182.8,100.602,105.642,138.232,102.321,109.775,134.666,141.994,133.329,133.292
1182.9,100.482,105.642,138.199,102.204,109.775,134.666,141.994,133.329,133.255
1183.0,100.482,105.642,138.199,102.262,109.827,134.702,141.962,133.365,133.182
1183.1,100.482,105.586,138.165,102.262,109.775,134.702,142.025,133.292,133.146
1183.2,100.482,105.586,138.132,102.204,109.722,134.702,141.994,133.329,133.292
1183.3,100.482,105.642,138.232,102.204,109.775,134.666,141.962,133.329,133.219
1183.4,100.482,105.586,138.199,102.262,109.775,134.702,141.962,133.329,133.255
1183.5,100.482,105.586,138.199,102.204,109.616,134.702,141.994,133.329,133.182
1183.6,100.422,105.53,138.199,102.204,109.563,134.666,141.994,133.292,133.255
1183.7,100.482,105.362,138.199,102.262,109.563,134.702,141.994,133.329,133.219
1183.8,100.422,105.418,138.165,102.204,109.457,134.702,141.994,133.292,133.219
1183.9,100.482,105.418,138.232,102.204,109.563,134.666,141.962,133.329,133.255
1184.0,100.422,105.474,138.4,102.204,109.563,134.666,141.962,133.255,133.219
1184.1,100.422,105.418,138.266,102.145,109.51,134.702,142.025,133.292,133.255
1184.2,100.422,105.362,138.199,102.145,109.51,134.666,141.994,133.329,133.255
1184.3,100.482,105.362,138.266,102.086,109.51,134.666,141.962,133.292,133.219
1184.4,100.422,105.306,138.199,102.204,109.457,134.63,141.994,133.292,133.255
1184.5,100.482,105.306,138.199,102.145,109.457,134.702,141.931,133.329,133.219
1184.6,100.482,105.306,138.266,102.145,109.457,134.702,142.025,133.329,133.255
1184.7,100.362,105.306,138.165,102.145,109.457,134.63,141.931,133.292,133.182
1184.8,100.362,105.249,138.199,102.672,109.404,134.702,141.962,133.292,133.255
1184.9,100.362,105.249,138.132,102.145,109.351,134.702,141.962,133.329,133.219
1185.0,100.482,105.137,138.232,102.086,109.351,134.666,142.025,133.329,133.219
1185.1,100.422,105.137,138.199,102.086,109.298,134.702,141.962,133.292,133.329
1185.2,100.362,105.137,138.199,102.086,109.244,134.666,141.994,133.329,133.182
1185.3,100.362,105.137,138.165,102.086,109.244,134.702,141.962,133.292,133.219
1185.4,100.362,105.08,138.132,102.145,109.298,134.702,141.994,133.329,133.219
1185.5,100.422,105.08,138.199,102.086,109.191,134.773,141.994,133.329,133.182
1185.6,100.362,105.08,138.132,102.086,109.191,134.702,142.056,133.365,133.255
1185.7,100.362,105.08,138.165,102.086,109.138,134.63,141.994,133.329,133.219
1185.8,100.362,105.024,138.199,102.086,109.085,134.702,141.994,133.329,133.255
1185.9,100.422,105.024,138.199,102.086,109.085,134.63,141.994,133.329,133.219
1186.0,100.302,104.911,138.199,102.086,109.138,134.666,141.994,133.329,133.219
1186.1,100.242,104.967,138.232,102.086,109.191,134.702,141.962,133.292,133.219
1186.2,100.302,104.967,138.199,102.028,108.978,134.702,141.962,133.292,133.219
1186.3,100.422,105.024,138.199,102.086,109.138,134.702,141.994,133.292,133.182
1186.4,100.362,104.911,138.165,101.91,108.978,134.702,141.994,133.292,133.255
1186.5,100.302,104.911,138.165,102.028,109.031,134.666,141.994,133.329,133.255
1186.6,100.302,104.911,138.232,102.028,109.031,134.666,142.056,133.329,133.255
1186.7,100.302,104.911,138.199,101.969,109.031,134.666,141.994,133.292,133.255
1186.8,100.302,104.854,138.199,102.145,108.978,134.666,141.994,133.329,133.219
1186.9,100.242,104.798,138.165,102.028,108.924,134.666,141.994,133.329,133.219
1187.0,100.362,104.798,138.199,102.145,108.924,134.666,141.962,133.329,133.219
1187.1,100.242,104.798,138.165,102.028,108.924,134.702,141.962,133.438,133.255
1187.2,100.242,104.741,138.232,102.028,108.871,134.702,141.962,133.292,133.219
1187.3,100.362,104.741,138.165,101.969,108.924,134.666,141.962,133.219,133.182
1187.4,100.362,104.741,138.199,101.969,108.817,134.666,141.962,133.255,133.219
1187.5,100.242,104.741,138.165,101.969,108.817,134.666,142.025,133.329,133.255
1187.6,100.242,104.741,138.199,101.91,108.817,134.666,141.994,133.255,133.182
1187.7,100.302,104.684,138.232,101.969,108.764,134.666,141.962,133.329,133.219
1187.8,100.182,104.571,138.199,102.028,108.71,134.702,141.931,133.329,133.219
1187.9,100.242,104.628,138.165,101.969,108.71,134.702,141.994,133.255,133.219
1188.0,100.242,104.571,138.199,101.969,108.71,134.666,142.025,133.292,133.219
1188.1,100.182,104.571,138.165,101.91,108.657,134.666,141.994,133.255,133.219
1188.2,100.242,104.571,138.199,101.91,108.657,134.666,142.087,133.329,133.219
1188.3,100.302,104.514,138.199,101.91,108.603,134.666,141.962,133.255,133.182
1188.4,100.242,104.457,138.165,101.969,108.549,134.702,141.994,133.292,133.219
1188.5,100.542,104.457,138.199,102.028,108.603,134.666,141.962,133.255,133.182
1188.6,100.242,104.4,138.165,101.91,108.603,134.666,141.931,133.292,133.255
1188.7,100.121,104.4,138.199,101.91,108.495,134.737,141.962,133.292,133.182
1188.8,100.182,104.343,138.199,101.91,108.442,134.702,142.025,133.255,133.219
1188.9,100.121,104.286,138.165,101.969,108.442,134.702,141.962,133.292,133.219
1189.0,100.121,104.286,138.232,101.91,108.388,134.666,141.994,133.329,133.219
1189.1,100.182,104.286,138.165,101.969,108.388,134.666,141.994,133.255,133.182
1189.2,100.182,104.343,138.199,101.91,108.334,134.666,141.962,133.292,133.182
1189.3,100.182,104.286,138.165,101.91,108.388,134.737,141.931,133.329,133.219
1189.4,100.182,104.229,138.165,101.969,108.226,134.702,141.962,133.292,133.146
1189.5,100.121,104.172,138.266,101.851,108.28,134.666,141.994,133.255,133.182
1189.6,100.182,104.172,138.165,101.91,108.28,134.773,141.962,133.292,133.219
1189.7,100.121,104.172,138.165,101.851,108.172,134.666,141.962,133.329,133.255
1189.8,100.242,104.115,138.165,101.733,108.226,134.702,141.994,133.292,133.219
1189.9,100.121,104.115,138.199,101.851,108.172,134.702,142.087,133.292,133.182
1190.0,100.061,104.0,138.165,101.91,108.118,134.63,141.962,133.255,133.219
1190.1,100.061,103.943,138.199,101.792,108.118,134.666,141.962,133.292,133.219
1190.2,100.061,104.0,138.199,101.733,108.064,134.666,141.994,133.329,133.182
1190.3,100.061,103.943,138.232,101.792,108.064,134.666,141.962,133.292,133.182
1190.4,100.061,104.0,138.199,101.792,108.064,134.666,141.962,133.219,133.182
1190.5,100.061,103.886,138.199,101.792,108.064,134.666,141.931,133.255,133.182
1190.6,100.121,103.943,138.165,101.792,108.064,134.666,141.994,133.292,133.182
1190.7,99.94,103.886,138.165,101.733,107.955,134.737,142.025,133.255,133.219
1190.8,100.0,103.886,138.165,101.733,107.955,134.702,141.931,133.255,133.182
1190.9,100.061,103.829,138.266,101.851,107.955,134.666,141.994,133.219,133.182
1191.0,99.94,103.829,138.165,101.733,107.847,134.63,141.994,133.255,133.182
1191.1,100.0,103.886,138.098,101.792,107.901,134.702,141.962,133.292,133.146
1191.2,100.061,103.829,138.098,101.733,107.901,134.737,141.962,133.255,133.182
1191.3,99.94,103.829,138.199,101.733,107.793,134.666,141.994,133.255,133.182
1191.4,100.121,103.714,138.199,101.615,107.847,134.666,141.994,133.219,133.146
1191.5,99.94,103.771,138.199,101.733,107.847,134.666,141.962,133.255,133.182
1191.6,100.061,103.714,138.199,101.733,107.847,134.702,141.962,133.255,133.182
1191.7,100.0,103.714,138.165,101.733,107.738,134.666,141.994,133.182,133.182
1191.8,100.0,103.656,138.199,101.792,107.738,134.702,142.025,133.292,133.219
1191.9,100.0,103.656,138.232,101.733,107.738,134.702,141.962,133.255,133.146
1192.0,100.0,103.656,138.232,101.674,107.684,134.666,141.962,133.255,133.255
1192.1,100.0,103.599,138.199,101.733,107.684,134.702,141.994,133.219,133.182
1192.2,99.94,103.599,138.165,101.733,107.63,134.702,141.994,133.255,133.219
1192.3,99.88,103.541,138.165,101.674,107.63,134.702,141.962,133.219,133.182
1192.4,99.88,103.541,138.199,101.674,107.63,134.63,141.994,133.255,133.146
1192.5,100.0,103.483,138.199,101.615,107.63,134.702,141.994,133.255,133.182
1192.6,99.94,103.426,138.165,101.674,107.521,134.702,141.994,133.219,133.146
1192.7,100.0,103.541,138.199,101.556,107.521,134.666,141.962,133.292,133.146
1192.8,100.0,103.541,138.232,101.674,107.466,134.702,141.931,133.219,133.219
1192.9,99.94,103.483,138.199,101.615,107.575,134.666,141.962,133.255,133.182
1193.0,99.94,103.426,138.199,101.615,107.521,134.737,141.994,133.255,133.182
1193.1,100.0,103.483,138.199,101.615,107.466,134.702,141.962,133.255,133.219
1193.2,99.88,103.426,138.199,101.615,107.466,134.666,141.962,133.255,133.146
1193.3,99.88,103.426,138.232,101.615,107.466,134.666,141.994,133.219,133.146
1193.4,99.88,103.426,138.232,101.615,107.411,134.666,141.962,133.182,133.146
1193.5,99.88,103.368,138.232,101.674,107.302,134.702,141.962,133.292,133.182
1193.6,99.88,103.252,138.199,101.674,107.411,134.666,141.994,133.182,133.182
1193.7,99.94,103.31,138.299,101.496,107.357,134.666,141.994,133.255,133.146
1193.8,99.819,103.252,138.232,101.615,107.302,134.702,141.962,133.292,133.182
1193.9,99.88,103.31,138.232,101.674,107.411,134.666,141.994,133.255,133.146
1194.0,99.88,103.31,138.199,101.615,107.302,134.666,141.994,133.255,133.182
1194.1,99.819,103.252,138.232,101.615,107.357,134.666,141.962,133.182,133.146
1194.2,99.88,103.31,138.165,101.615,107.302,134.702,141.962,133.255,133.182
1194.3,99.88,103.195,138.165,101.615,107.247,134.594,141.994,133.219,133.182
1194.4,99.88,103.137,138.165,101.674,107.302,134.666,141.962,133.219,133.146
1194.5,99.88,103.137,138.232,101.615,107.247,134.702,141.962,133.219,133.182
1194.6,99.88,103.195,138.199,101.615,107.193,134.666,141.962,133.219,133.182
1194.7,99.819,102.963,138.199,101.615,107.193,134.773,141.962,133.219,133.146
1194.8,99.88,103.137,138.165,101.615,107.193,134.666,141.962,133.219,133.146
1194.9,99.819,103.079,138.199,101.615,107.138,134.594,141.994,133.182,133.109
1195.0,99.88,103.079,138.232,101.615,107.083,134.666,141.994,133.255,133.292
1195.1,99.819,103.079,138.165,101.556,107.193,134.666,141.962,133.255,133.182
1195.2,99.819,103.195,138.232,101.615,107.083,134.666,141.994,133.255,133.146
1195.3,99.819,103.021,138.199,101.615,107.083,134.63,142.025,133.219,133.182
1195.4,99.819,103.021,138.232,101.615,107.083,134.666,141.962,133.255,133.146
1195.5,99.758,102.963,138.232,101.556,107.083,134.702,141.994,133.255,133.146
1195.6,99.819,102.963,138.232,101.556,107.028,134.737,141.962,133.219,133.255
1195.7,99.819,102.963,138.232,101.615,107.028,134.702,141.962,133.219,133.146
1195.8,99.819,102.963,138.232,101.615,107.138,134.666,141.931,133.255,133.146
1195.9,99.819,102.963,138.165,101.615,106.973,134.702,141.962,133.219,133.182
1196.0,99.88,102.963,138.199,101.556,106.973,134.666,142.025,133.329,133.255
1196.1,99.819,102.963,138.165,101.496,107.083,134.666,142.025,133.219,133.182
1196.2,99.819,102.904,138.199,101.556,106.918,134.773,141.962,133.219,133.182
1196.3,99.819,102.846,138.232,101.556,106.918,134.702,141.962,133.219,133.109
1196.4,99.819,102.788,138.165,101.496,106.918,134.666,142.056,133.255,133.146
1196.5,99.698,102.788,138.199,101.556,106.863,134.702,141.962,133.182,133.146
1196.6,99.758,102.672,138.199,101.496,106.808,134.666,142.056,133.255,133.219
1196.7,99.698,102.73,138.232,101.615,106.808,134.63,141.994,133.182,133.146
1196.8,99.758,102.672,138.199,101.496,106.808,134.63,141.994,133.219,133.182
1196.9,99.819,102.73,138.199,101.496,106.808,134.666,141.994,133.219,133.146
1197.0,99.758,102.788,138.232,101.496,106.753,134.666,141.994,133.292,133.146
1197.1,99.758,102.672,138.199,101.496,106.808,134.702,141.994,133.219,133.146
1197.2,99.758,102.73,138.199,101.437,106.753,134.666,141.962,133.182,133.146
1197.3,99.819,102.613,138.165,101.556,106.698,134.666,141.962,133.219,133.072
1197.4,99.698,102.672,138.199,101.437,106.588,134.666,141.962,133.182,133.182
1197.5,99.698,102.497,138.199,101.496,106.643,134.702,141.962,133.219,133.146
1197.6,99.698,102.613,138.199,101.437,106.588,134.63,141.994,133.219,133.072
1197.7,99.637,102.555,138.199,101.496,106.477,134.666,141.994,133.255,133.146
1197.8,99.819,102.555,138.165,101.437,106.588,134.737,141.962,133.182,133.182
1197.9,99.698,102.438,138.199,101.437,106.532,134.666,141.994,133.182,133.146
1198.0,99.698,102.438,138.232,101.496,106.532,134.666,141.994,133.292,133.109
1198.1,99.698,102.438,138.232,101.437,106.477,134.666,141.962,133.255,133.109
1198.2,99.698,102.438,138.165,101.378,106.588,134.666,141.962,133.219,133.146
1198.3,99.637,102.38,138.165,101.437,106.477,134.666,141.962,133.219,133.109
1198.4,99.698,102.38,138.165,101.437,106.477,134.666,141.962,133.182,133.109
1198.5,99.758,102.438,138.199,101.437,106.477,134.702,141.994,133.182,133.146
1198.6,99.698,102.38,138.165,101.496,106.366,134.63,141.994,133.219,133.146
1198.7,99.698,102.38,138.232,101.437,106.366,134.594,141.962,133.255,133.109
1198.8,99.637,102.38,138.199,101.437,106.366,134.702,141.994,133.292,133.182
1198.9,99.698,102.262,138.199,101.378,106.311,134.666,142.025,133.182,133.146
1199.0,99.637,102.321,138.199,101.378,106.366,134.666,141.994,133.219,133.146
1199.1,99.637,102.262,138.199,101.378,106.311,134.702,141.994,133.219,133.109
1199.2,99.576,102.262,138.165,101.437,106.311,134.666,142.056,133.255,133.035
1199.3,99.637,102.262,138.199,101.378,106.311,134.666,141.962,133.182,133.146
1199.4,99.576,102.262,138.232,101.318,106.2,134.666,141.962,133.182,133.109
1199.5,99.637,102.321,138.165,101.378,106.255,134.63,141.962,133.219,133.182
1199.6,99.637,102.204,138.232,101.378,106.2,134.666,141.931,133.219,133.109
1199.7,99.515,102.145,138.165,101.318,106.255,134.666,141.994,133.182,133.146
1199.8,99.576,102.145,138.165,101.318,106.2,134.666,142.056,133.182,133.109
1199.9,99.637,102.145,138.232,101.378,106.089,134.666,141.962,133.219,133.219
1200.0,99.637,102.028,138.232,101.318,106.089,134.666,141.994,133.182,133.109
1200.1,99.515,102.028,138.165,101.378,106.033,134.666,141.962,133.255,133.146
1200.2,99.637,102.086,138.165,101.378,106.089,134.63,141.994,133.182,133.072
1200.3,99.576,102.028,138.165,101.318,106.089,134.702,141.994,133.182,133.109
1200.4,99.515,101.969,138.132,101.318,105.977,134.63,141.994,133.255,133.146
1200.5,99.576,101.969,138.199,101.318,106.089,134.666,141.994,133.182,133.109
1200.6,99.576,101.969,138.199,101.318,106.033,134.702,141.962,133.146,133.109
1200.7,99.576,101.969,138.098,101.378,105.922,134.702,141.962,133.182,133.146
1200.8,99.576,101.969,138.132,101.378,106.033,134.702,141.994,133.182,133.109
1200.9,99.576,101.91,138.165,101.318,105.922,134.63,141.962,133.182,133.146
1201.0,99.576,101.969,138.165,101.318,105.922,134.666,141.994,133.182,133.109
1201.1,99.515,101.792,138.199,101.318,105.977,134.666,141.994,133.219,133.109
1201.2,99.576,101.851,138.165,101.318,105.866,134.666,141.962,133.182,133.109
1201.3,99.637,101.91,138.299,101.08,105.866,134.63,141.931,133.182,133.109
1201.4,99.637,101.733,138.165,101.259,105.81,134.666,141.962,133.219,133.072
1201.5,99.576,101.733,138.199,101.259,105.81,134.63,141.962,133.182,133.146
1201.6,99.576,101.733,138.165,101.318,105.754,134.666,142.025,133.219,133.072
1201.7,99.576,101.733,138.199,101.318,105.81,134.666,141.931,133.146,133.109
1201.8,99.515,101.792,138.232,101.318,105.81,134.666,141.962,133.255,133.146
1201.9,99.515,101.733,138.199,101.2,105.698,134.63,141.962,133.219,133.035
1202.0,99.515,102.145,138.165,101.259,105.754,134.702,141.837,133.182,133.109
1202.1,99.455,101.733,138.199,101.259,105.754,134.63,141.962,133.219,133.035
1202.2,99.515,101.733,138.165,101.259,105.754,134.773,141.962,133.182,133.109
1202.3,99.515,101.674,138.165,101.318,105.698,134.63,141.962,133.182,133.035
1202.4,99.515,101.674,138.199,101.259,105.642,134.63,142.025,133.219,133.035
1202.5,99.455,101.615,138.299,101.259,105.586,134.666,141.962,133.219,133.146
1202.6,99.455,101.556,138.199,101.2,105.642,134.666,141.994,133.219,133.109
1202.7,99.455,101.615,138.199,101.259,105.642,134.666,141.994,133.182,133.109
1202.8,99.515,101.496,138.232,101.259,105.53,134.559,141.962,133.182,133.109
1202.9,99.455,101.496,138.199,101.318,105.53,134.63,142.025,133.146,133.146
1203.0,99.515,101.556,138.232,101.2,105.53,134.666,141.962,133.182,133.182
1203.1,99.455,101.496,138.165,101.259,105.53,134.666,141.994,133.219,133.109
1203.2,99.455,101.556,138.165,101.259,105.53,134.702,141.994,133.182,133.072
1203.3,99.455,101.615,138.165,101.2,105.474,134.666,141.994,133.219,133.109
1203.4,99.455,101.437,138.165,101.259,105.53,134.63,142.025,133.182,133.109
1203.5,99.515,101.437,138.165,101.2,105.418,134.737,142.025,133.182,133.109
1203.6,99.455,101.437,138.199,101.2,105.474,134.63,141.962,133.182,133.109
1203.7,99.455,101.378,138.199,101.2,105.474,134.63,141.994,133.182,133.072
1203.8,99.455,101.378,138.132,101.259,105.418,134.666,141.994,133.182,133.109
1203.9,99.394,101.378,138.165,101.2,105.362,134.63,141.962,133.182,133.146
1204.0,99.455,101.378,138.165,101.14,105.362,134.666,141.962,133.182,133.146
1204.1,99.455,101.318,138.199,101.14,105.362,134.666,141.962,133.219,133.109
1204.2,99.455,101.318,138.266,101.14,105.306,134.702,142.025,133.146,133.072
1204.3,99.455,101.259,138.165,101.14,105.306,134.666,141.994,133.182,133.109
1204.4,99.455,101.259,138.199,101.2,105.306,134.702,141.962,133.219,133.109
1204.5,99.455,101.259,138.199,101.14,105.306,134.666,141.962,133.146,133.109
1204.6,99.455,101.14,138.199,101.14,105.193,134.63,141.962,133.182,133.035
1204.7,99.455,101.14,138.165,101.2,105.08,134.666,141.962,133.182,133.072
1204.8,99.455,101.14,138.232,101.14,105.249,134.63,141.931,133.182,133.109
1204.9,99.394,101.14,138.232,101.14,105.024,134.666,141.962,133.182,133.109
1205.0,99.515,101.14,138.165,101.14,105.137,134.737,141.962,133.146,133.109
1205.1,99.455,101.08,138.199,101.14,105.137,134.63,141.994,133.182,133.072
1205.2,99.394,101.08,138.165,101.14,105.137,134.666,141.931,133.182,133.109
1205.3,99.394,101.08,138.199,101.2,105.024,134.666,141.962,133.146,133.072
1205.4,99.394,101.14,138.165,101.14,105.137,134.63,142.025,133.219,133.072
1205.5,99.394,101.021,138.165,101.14,105.024,134.666,141.994,133.182,133.072
1205.6,99.515,101.08,138.165,101.14,105.024,134.666,141.962,133.146,133.072
1205.7,99.272,101.021,138.199,101.14,104.967,134.702,141.931,133.219,133.109
1205.8,99.333,100.961,138.199,101.08,105.024,134.666,141.994,133.146,133.109
1205.9,99.394,101.021,138.232,101.14,104.967,134.666,141.962,133.146,133.072
1206.0,99.394,100.961,138.199,101.14,104.911,134.702,141.962,133.146,133.146
1206.1,99.333,100.961,138.232,101.08,105.024,134.63,141.994,133.146,133.109
1206.2,99.333,100.902,138.165,101.08,104.854,134.666,141.962,133.146,133.109
1206.3,99.333,100.961,138.199,101.14,104.854,134.666,141.962,133.146,133.109
1206.4,99.333,100.902,138.199,101.2,104.967,134.63,141.962,133.109,133.072
1206.5,99.455,100.902,138.199,101.08,104.854,134.63,141.962,133.182,133.109
1206.6,99.333,100.782,138.232,101.08,104.854,134.666,141.994,133.146,133.109
1206.7,99.394,100.782,138.199,100.961,104.798,134.666,141.931,133.146,133.072
1206.8,99.394,100.782,138.199,101.021,104.798,134.63,141.994,133.255,133.072
1206.9,99.272,100.722,138.199,101.021,104.684,134.666,142.025,133.146,133.109
1207.0,99.272,100.662,138.199,101.08,104.684,134.63,141.962,133.109,133.146
1207.1,99.333,100.602,138.199,101.08,104.628,134.666,141.931,133.146,133.035
1207.2,99.272,100.722,138.165,101.021,104.628,134.666,141.931,133.109,133.035
1207.3,99.272,100.662,138.232,101.08,104.628,134.63,141.994,133.146,133.072
1207.4,99.211,100.542,138.232,101.08,104.628,134.666,141.962,133.146,133.035
1207.5,99.211,100.602,138.165,100.961,104.628,134.666,141.962,133.182,133.109
1207.6,99.333,100.602,138.165,101.021,104.571,134.63,142.025,133.146,133.109
1207.7,99.272,100.542,138.199,101.021,104.571,134.702,141.962,133.146,133.035
1207.8,99.272,100.482,138.165,101.021,104.571,134.666,141.962,133.146,133.035
1207.9,99.272,100.482,138.165,101.021,104.514,134.666,141.962,133.146,133.072
1208.0,99.211,100.602,138.165,101.021,104.457,134.666,141.962,133.182,133.109
1208.1,99.272,100.482,138.165,101.021,104.457,134.666,141.962,133.182,133.072
1208.2,99.211,100.482,138.165,101.021,104.457,134.702,142.025,133.182,133.072
1208.3,99.211,100.422,138.165,101.021,104.457,134.666,141.994,133.109,133.072
1208.4,99.272,100.482,138.199,100.961,104.4,134.737,141.962,133.109,133.109
1208.5,99.211,100.422,138.165,101.021,104.4,134.666,141.962,133.182,133.072
1208.6,99.211,100.362,138.165,100.961,104.343,134.666,142.025,133.146,133.072
1208.7,99.333,100.362,138.199,100.961,104.4,134.63,141.962,133.072,133.035
1208.8,99.088,100.362,138.199,100.902,104.286,134.63,141.994,133.146,132.999
1208.9,99.272,100.362,138.199,100.961,104.229,134.666,141.994,133.109,133.035
1209.0,99.272,100.302,138.165,100.961,104.343,134.63,142.025,133.109,133.035
1209.1,99.211,100.242,138.165,101.021,104.229,134.666,141.994,133.109,133.035
1209.2,99.15,100.362,138.165,100.902,104.172,134.63,141.962,133.109,133.035
1209.3,99.211,100.242,138.165,101.021,104.229,134.702,141.994,133.146,133.109
1209.4,99.211,100.242,138.199,100.961,104.172,134.702,141.962,133.109,133.035
1209.5,99.211,100.242,138.199,100.961,104.172,134.666,141.962,133.146,133.035
1209.6,99.211,100.482,138.165,100.902,104.172,134.666,141.994,133.109,133.035
1209.7,99.15,100.121,137.929,100.961,104.172,134.666,141.962,133.146,133.035
1209.8,99.211,100.0,138.199,100.902,104.115,134.666,141.931,133.109,133.035
1209.9,99.15,100.121,138.199,100.961,104.058,134.63,141.994,133.109,133.035
1210.0,99.211,100.182,138.199,100.961,104.172,134.737,142.025,133.146,133.109
1210.1,99.088,100.121,138.199,100.961,104.0,134.63,141.994,133.109,133.072
1210.2,99.15,100.0,138.132,100.961,103.943,134.702,141.962,133.109,133.035
1210.3,99.15,100.0,138.199,100.902,103.943,134.63,141.994,133.072,133.035
1210.4,99.211,100.0,138.165,100.902,103.943,134.666,141.931,133.109,132.999
1210.5,99.15,100.0,138.199,100.961,104.0,134.666,141.994,133.109,133.035
1210.6,99.15,100.061,138.165,100.902,103.943,134.63,141.962,133.109,133.035
1210.7,99.15,100.0,138.199,100.961,103.886,134.666,141.994,133.146,133.035
1210.8,99.088,100.0,138.165,100.902,103.886,134.666,141.994,133.146,133.072
1210.9,99.088,99.94,138.199,100.961,104.0,134.666,141.994,133.146,133.035
1211.0,99.15,99.94,138.165,100.902,103.886,134.63,141.931,133.109,133.035
1211.1,99.15,99.88,138.165,100.961,103.829,134.666,141.994,133.146,133.035
1211.2,99.758,99.94,138.165,100.902,103.886,134.594,141.994,133.146,133.072
1211.3,99.088,99.88,138.199,100.842,103.829,134.63,141.962,133.146,133.072
1211.4,99.211,99.819,138.199,100.902,103.829,134.63,141.962,133.146,133.035
1211.5,99.15,99.819,138.199,100.961,103.829,134.666,141.994,133.109,132.999
1211.6,99.15,99.819,138.165,100.902,103.771,134.702,141.962,133.146,133.109
1211.7,99.088,99.698,138.199,100.842,103.656,134.666,141.962,133.109,132.999
1211.8,98.966,99.758,138.064,100.961,103.714,134.666,142.056,133.035,133.035
1211.9,99.027,99.819,138.199,100.902,103.771,134.666,141.994,133.109,132.999
1212.0,99.088,99.698,138.165,100.782,103.714,134.666,141.962,133.146,133.035
1212.1,99.15,99.758,138.199,100.902,103.714,134.63,141.931,133.146,133.035
1212.2,99.027,99.698,138.165,100.782,103.656,134.666,141.994,133.109,133.035
1212.3,99.15,99.515,138.199,100.902,103.656,134.737,141.994,133.109,133.072
1212.4,99.088,99.698,138.165,100.902,103.599,134.666,141.994,133.109,133.072
1212.5,99.088,99.698,138.132,100.842,103.541,134.63,141.994,133.219,133.035
1212.6,99.15,99.637,138.199,100.842,103.541,134.666,141.962,133.146,133.035
1212.7,99.211,99.576,138.232,100.782,103.541,134.666,142.025,133.072,133.072
1212.8,99.027,99.576,138.165,100.782,103.541,134.666,141.994,133.109,133.035
1212.9,99.088,99.758,138.165,100.842,103.426,134.702,141.994,133.109,133.035
1213.0,99.027,99.576,138.232,100.782,103.541,134.63,141.994,133.109,133.035
1213.1,99.027,99.698,138.132,100.842,103.483,134.666,141.962,133.109,132.999
1213.2,98.966,99.455,138.165,100.722,103.541,134.63,141.994,133.109,133.035
1213.3,99.027,99.576,138.132,100.782,103.368,134.63,141.994,133.072,133.035
1213.4,99.027,99.394,138.199,100.782,103.368,134.666,141.931,133.182,132.999
1213.5,99.027,99.394,138.165,100.782,103.368,134.63,141.994,133.182,133.072
1213.6,98.966,99.394,138.165,100.782,103.368,134.63,141.994,133.146,133.035
1213.7,98.966,99.455,138.199,100.782,103.426,134.63,141.994,133.072,132.999
1213.8,99.027,99.455,138.199,100.842,103.31,134.63,141.962,133.182,132.999
1213.9,98.966,99.394,138.165,100.842,103.368,134.666,141.962,133.109,133.072
1214.0,98.966,99.333,138.232,100.782,103.252,134.666,141.962,133.146,133.035
1214.1,98.966,99.333,138.199,100.782,103.252,134.63,141.994,133.109,132.999
1214.2,99.027,99.394,138.199,100.842,103.252,134.63,141.994,133.146,132.999
1214.3,98.966,99.272,138.165,100.782,103.195,134.63,141.994,133.072,133.146
1214.4,98.966,99.333,138.232,100.782,103.252,134.702,141.931,133.072,132.999
1214.5,98.966,99.272,138.165,100.662,103.252,134.666,141.994,133.072,133.035
1214.6,98.966,99.333,138.199,100.722,103.195,134.666,141.962,133.146,133.072
1214.7,98.966,99.272,138.165,100.722,103.195,134.63,142.025,133.109,133.035
1214.8,98.966,99.211,138.232,100.782,103.137,134.63,141.994,133.109,132.999
1214.9,99.027,99.211,138.132,100.722,103.252,134.737,141.962,133.182,133.035
1215.0,98.966,99.211,138.165,100.722,103.137,134.63,141.994,133.146,132.999
1215.1,98.966,99.15,138.199,100.722,102.963,134.63,141.962,133.146,133.035
1215.2,98.905,99.15,138.232,100.782,103.137,134.666,141.899,133.109,132.999
1215.3,98.905,99.15,138.165,100.782,103.079,134.63,141.899,133.146,133.035
1215.4,98.966,99.15,138.199,100.782,103.079,134.666,141.994,133.109,132.962
1215.5,99.027,99.027,138.165,100.662,103.021,134.594,142.025,133.109,133.072
1215.6,98.966,98.966,138.165,100.782,103.079,134.63,141.962,133.109,133.035
1215.7,98.966,99.088,138.165,100.662,103.079,134.666,142.087,133.109,133.035
1215.8,98.905,99.088,138.165,100.722,102.963,134.63,141.962,133.109,133.035
1215.9,99.027,99.027,138.199,101.91,103.021,134.63,142.025,133.072,133.035
1216.0,98.905,99.088,138.199,100.722,102.963,134.666,141.962,133.072,132.999
1216.1,98.966,99.088,138.199,100.662,102.963,134.666,142.056,133.146,133.035
1216.2,98.905,98.905,138.199,100.722,102.904,134.702,141.962,133.146,133.072
1216.3,98.905,98.966,138.165,100.722,102.904,134.63,141.994,133.146,132.999
1216.4,98.905,99.027,138.199,100.722,102.904,134.666,141.994,133.146,132.999
1216.5,98.966,98.905,138.4,100.662,102.788,134.666,141.994,133.146,133.035
1216.6,98.905,98.905,138.165,100.722,102.904,134.666,141.994,133.109,133.072
1216.7,98.905,98.843,138.199,100.662,102.788,134.63,141.994,133.072,133.072
1216.8,98.905,98.966,138.232,100.662,102.788,134.63,141.962,133.109,132.999
1216.9,98.905,98.905,138.165,100.662,102.846,134.63,141.962,133.072,133.035
1217.0,98.905,98.905,138.199,100.662,102.788,134.63,141.931,133.072,132.999
1217.1,98.905,98.905,138.199,100.662,102.788,134.666,141.994,133.109,132.999
1217.2,98.905,98.843,138.165,100.722,102.846,134.63,141.962,133.035,132.962
1217.3,98.843,98.843,138.165,100.722,102.672,134.702,141.994,133.072,132.999
1217.4,98.843,98.782,138.199,100.722,102.613,134.594,141.962,133.109,132.962
1217.5,98.843,98.782,138.165,100.662,102.73,134.63,141.962,133.109,133.035
1217.6,98.843,98.721,138.165,100.662,102.672,134.63,141.962,133.035,133.072
1217.7,98.905,98.721,138.165,100.662,102.672,134.63,141.994,133.072,132.962
1217.8,98.905,98.782,138.165,100.722,102.613,134.666,141.994,133.109,132.925
1217.9,98.843,98.721,138.165,100.662,102.438,134.63,141.931,133.072,132.962
1218.0,98.905,98.659,138.199,100.602,102.613,134.63,141.962,133.035,132.999
1218.1,98.843,98.659,138.266,100.602,102.497,134.63,141.994,133.072,132.999
1218.2,98.843,98.536,138.132,100.662,102.497,134.666,141.931,133.109,132.999
1218.3,98.905,98.597,138.199,100.602,102.555,134.63,141.962,133.035,133.072
1218.4,98.843,98.536,138.199,100.722,102.555,134.63,141.962,133.109,132.999
1218.5,98.843,98.536,138.232,100.602,102.497,134.666,141.962,133.072,133.035
1218.6,98.843,98.536,138.199,100.602,102.497,134.666,142.025,133.109,132.962
1218.7,98.843,98.474,138.232,100.602,102.438,134.702,141.994,133.035,132.999
1218.8,98.843,98.536,138.165,100.602,102.438,134.666,141.962,133.109,132.999
1218.9,98.843,98.474,138.165,100.602,102.38,134.666,141.994,133.109,132.999
1219.0,98.782,98.474,138.199,100.662,102.38,134.666,141.994,133.035,132.999
1219.1,98.843,98.474,138.165,100.602,102.321,134.666,141.931,133.072,132.999
1219.2,98.843,98.351,138.232,100.542,102.321,134.63,141.931,133.072,133.035
1219.3,98.782,98.413,138.232,100.602,102.321,134.666,141.994,133.109,132.999
1219.4,98.782,98.351,138.199,100.542,102.262,134.63,142.025,133.072,132.999
1219.5,98.721,98.351,138.165,100.662,102.321,134.63,141.962,133.035,132.999
1219.6,98.905,98.351,138.266,100.662,102.204,134.63,141.994,133.109,132.999
1219.7,98.843,98.289,138.165,100.662,102.262,134.666,141.994,133.072,132.999
1219.8,98.782,98.351,138.199,100.602,102.204,134.702,141.994,133.072,133.035
1219.9,98.782,98.289,138.165,100.482,102.204,134.666,141.994,133.072,133.035
1220.0,98.721,98.289,138.232,100.602,102.204,134.666,141.994,133.035,132.962
1220.1,98.782,98.289,138.232,100.542,102.204,134.63,142.025,133.072,132.999
1220.2,98.843,98.351,138.232,100.482,102.086,134.666,141.962,133.109,132.999
1220.3,98.843,98.227,138.199,100.542,102.204,134.63,141.994,133.035,132.925
1220.4,98.905,98.227,138.232,100.542,102.204,134.666,141.962,133.109,132.999
1220.5,98.782,98.227,138.165,100.542,102.086,134.666,141.994,133.109,132.962
1220.6,98.782,98.103,138.199,100.542,102.086,134.702,141.994,133.072,132.999
1220.7,98.843,98.165,138.165,100.542,102.028,134.666,141.994,133.072,132.999
1220.8,98.782,98.165,138.199,100.482,102.028,134.63,142.025,133.035,133.072
1220.9,98.843,98.165,138.165,100.542,101.969,134.63,141.962,133.072,132.999
1221.0,98.782,98.103,138.266,100.542,101.969,134.63,141.962,133.109,132.962
1221.1,98.782,98.103,138.199,100.542,101.969,134.666,141.962,133.072,132.999
1221.2,98.721,98.103,138.266,100.482,102.028,134.63,141.962,133.072,132.999
1221.3,98.721,97.979,138.199,100.482,102.028,134.63,141.962,133.109,132.999
1221.4,98.721,98.041,138.165,100.542,102.028,134.666,141.994,132.999,132.925
1221.5,98.659,97.979,138.199,100.482,101.792,134.63,142.025,133.146,132.962
1221.6,98.782,98.041,138.165,100.662,101.91,134.666,142.025,133.035,132.962
1221.7,98.721,97.979,138.165,100.542,101.969,134.63,141.931,133.035,132.999
1221.8,98.782,97.979,138.165,100.542,101.851,134.666,141.962,133.035,132.962
1221.9,98.659,97.917,138.199,100.542,101.851,134.63,142.025,133.035,132.962
1222.0,98.721,97.855,138.165,100.482,101.792,134.666,141.994,132.962,133.035
1222.1,98.905,97.917,138.266,100.482,101.91,134.702,142.025,133.072,133.072
1222.2,98.721,97.917,138.199,100.542,101.851,134.63,141.962,133.035,132.962
1222.3,98.721,97.917,138.165,100.542,101.792,134.666,141.931,133.109,132.962
1222.4,98.721,97.855,138.199,100.422,101.733,134.63,141.962,133.072,132.962
1222.5,98.721,97.979,138.199,100.482,101.733,134.666,142.025,133.072,132.999
1222.6,98.659,97.793,138.199,100.542,101.674,134.63,141.899,133.072,132.962
1222.7,98.721,97.793,138.165,100.482,101.733,134.666,142.025,133.109,132.925
1222.8,98.597,97.793,138.165,100.482,101.733,134.63,141.962,133.072,133.072
1222.9,98.721,97.793,138.132,100.482,101.733,134.702,141.994,133.035,132.999
1223.0,98.721,97.731,138.199,100.482,101.674,134.63,141.994,133.109,132.925
1223.1,98.659,97.731,138.132,100.482,101.615,134.63,141.994,132.888,132.962
1223.2,98.659,97.668,138.165,100.422,101.674,134.63,141.962,133.035,132.962
1223.3,98.659,97.731,138.165,100.482,101.615,134.594,142.056,132.888,133.035
1223.4,98.659,97.668,138.199,100.422,101.556,134.63,141.962,133.035,132.925
1223.5,98.659,97.606,138.165,100.422,101.556,134.702,141.962,133.072,132.962
1223.6,98.721,97.606,138.165,100.422,101.615,134.666,142.056,133.072,132.999
1223.7,98.659,97.481,138.165,100.422,101.496,134.63,141.962,133.035,132.962
1223.8,98.659,97.606,138.165,100.482,101.496,134.666,142.119,133.035,132.962
1223.9,98.721,97.606,138.199,100.482,101.496,134.63,141.962,133.109,133.035
1224.0,98.659,97.606,138.199,100.362,101.496,134.666,141.994,133.035,132.962
1224.1,98.659,97.481,138.165,100.422,101.437,134.666,141.994,133.072,132.999
1224.2,98.659,97.543,138.165,100.482,101.496,134.63,141.994,133.072,132.962
1224.3,98.597,97.481,138.199,100.482,101.437,134.666,141.962,133.109,133.035
1224.4,98.721,97.606,138.232,100.422,101.378,134.666,141.962,133.109,132.962
1224.5,98.659,97.543,138.199,100.422,101.259,134.63,141.994,133.035,132.962
1224.6,98.659,97.543,138.165,100.422,101.378,134.63,141.962,133.035,132.999
1224.7,98.659,97.419,138.165,100.422,101.378,134.666,141.962,133.035,132.962
1224.8,98.659,97.419,138.165,100.422,101.437,134.63,141.994,133.035,132.999
1224.9,98.597,97.481,138.132,100.422,101.259,134.63,142.087,133.035,132.962
1225.0,98.597,97.419,138.199,100.422,101.318,134.63,141.962,133.035,132.962
1225.1,98.659,97.356,138.165,100.362,101.378,134.666,141.962,133.072,132.962
1225.2,98.659,97.356,138.199,100.422,101.259,134.63,141.962,133.035,132.962
1225.3,98.597,97.419,138.165,100.482,101.259,134.63,141.962,133.035,132.962
1225.4,98.659,97.293,138.199,100.362,101.259,134.63,141.994,132.999,132.999
1225.5,98.659,97.293,138.165,100.422,101.259,134.702,141.931,133.072,132.962
1225.6,98.659,97.293,138.165,100.422,101.318,134.63,141.994,133.109,132.999
1225.7,98.597,97.231,138.199,100.422,101.2,134.666,141.994,133.035,132.999
1225.8,98.536,97.231,138.199,100.422,101.14,134.63,141.994,133.035,132.925
1225.9,98.597,97.293,138.132,100.422,101.14,134.63,141.962,132.999,132.962
1226.0,98.597,97.231,138.165,100.362,101.14,134.702,141.962,133.035,132.925
1226.1,98.597,97.293,138.165,100.422,101.14,134.63,141.994,133.072,132.962
1226.2,98.597,97.293,138.199,100.362,101.14,134.63,141.994,133.035,133.035
1226.3,98.659,97.231,138.199,100.422,101.08,134.666,141.962,133.072,132.962
1226.4,98.659,97.168,138.199,100.422,101.08,134.666,141.994,133.035,132.962
1226.5,98.597,97.105,138.199,100.422,101.08,134.737,141.994,133.035,132.999
1226.6,98.536,97.168,138.165,100.422,101.08,134.63,141.962,133.109,132.999
1226.7,98.536,97.231,138.165,100.422,101.08,134.63,142.025,132.999,132.962
1226.8,98.597,97.105,138.165,100.422,101.08,134.666,141.994,133.035,132.962
1226.9,98.597,97.105,138.199,100.362,101.021,134.666,141.994,133.035,132.999
1227.0,98.597,97.105,138.165,100.422,101.14,134.63,141.962,133.035,132.962
1227.1,98.597,97.042,138.199,100.362,100.961,134.63,141.962,133.072,132.999
1227.2,98.474,97.042,138.165,100.362,100.961,134.63,142.056,132.999,132.962
1227.3,98.597,97.042,138.165,100.302,100.961,134.63,142.056,133.146,132.962
1227.4,98.597,97.042,138.199,100.362,100.961,134.63,141.962,133.035,132.962
1227.5,98.536,96.98,138.199,100.362,100.961,134.63,141.962,132.999,132.962
1227.6,98.536,97.042,138.165,100.362,100.961,134.63,142.025,133.035,132.925
1227.7,98.536,97.042,138.299,100.362,100.902,134.702,141.962,133.035,132.962
1227.8,98.536,96.98,138.199,100.422,100.842,134.666,141.994,133.035,132.962
1227.9,98.536,96.917,138.199,100.362,100.902,134.666,141.962,133.035,132.962
1228.0,98.536,96.98,138.165,100.302,100.842,134.666,141.868,132.999,132.999
1228.1,98.597,96.98,138.232,100.302,100.782,134.666,141.994,133.035,133.072
1228.2,98.536,96.98,138.165,100.362,100.782,134.63,141.994,132.999,132.925
1228.3,98.536,96.854,138.165,100.302,100.782,134.63,141.994,133.035,132.962
1228.4,98.536,96.854,138.199,100.302,100.722,134.63,141.962,133.035,132.925
1228.5,98.474,96.854,138.199,100.362,100.782,134.666,141.994,133.035,132.962
1228.6,98.413,96.854,138.165,100.302,100.782,134.63,141.994,133.072,133.035
1228.7,98.597,96.98,138.232,100.362,100.722,134.666,142.025,133.035,132.962
1228.8,98.536,96.791,138.199,100.302,100.662,134.63,141.994,132.999,132.962
1228.9,98.536,96.728,138.199,100.302,100.662,134.737,141.962,133.072,132.962
1229.0,98.536,96.791,138.199,100.302,100.662,134.666,141.994,132.999,132.962
1229.1,98.474,96.728,138.199,100.302,100.722,134.63,141.994,133.035,132.999
1229.2,98.536,96.664,138.199,100.362,100.602,134.594,141.994,133.035,132.999
1229.3,98.413,96.728,138.199,100.302,100.542,134.63,141.931,133.035,132.962
1229.4,98.474,96.791,138.132,100.362,100.662,134.63,141.994,132.999,132.962
1229.5,98.413,96.601,138.165,100.302,100.602,134.702,142.025,133.072,132.888
1229.6,98.536,96.728,138.199,100.302,100.542,134.702,141.994,132.999,132.962
1229.7,98.536,96.664,138.199,100.302,100.542,134.666,142.025,133.035,132.925
1229.8,98.536,96.601,138.199,100.302,100.602,134.63,141.994,133.035,132.888
1229.9,98.474,96.601,138.199,100.302,100.542,134.702,141.962,133.035,132.962
1230.0,98.474,96.538,138.199,100.242,100.482,134.666,141.962,132.999,132.962
1230.1,98.474,96.538,138.199,100.242,100.482,134.666,141.962,133.035,132.925
1230.2,98.536,96.601,138.165,100.362,100.482,134.666,142.025,132.999,132.925
1230.3,98.474,96.538,138.232,100.422,100.362,134.666,141.962,133.035,132.925
1230.4,98.474,96.601,138.165,100.302,100.422,134.666,141.994,133.035,132.925
1230.5,98.474,96.475,138.232,100.302,100.362,134.666,142.025,133.109,132.962
1230.6,98.536,96.475,138.199,100.362,100.362,134.63,141.994,132.999,132.962
1230.7,98.474,96.475,138.199,100.242,100.422,134.63,141.962,133.109,132.962
1230.8,98.536,96.475,138.132,100.242,100.362,134.63,141.994,133.035,132.962
1230.9,98.413,96.475,138.165,100.302,100.362,134.559,141.994,133.035,133.035
1231.0,98.474,96.411,138.199,100.182,100.362,134.666,141.994,132.999,132.962
1231.1,98.474,96.475,138.266,100.302,100.302,134.63,141.994,133.035,132.925
1231.2,98.413,96.475,138.199,100.242,100.302,134.666,141.994,133.035,132.888
1231.3,98.413,96.411,138.199,100.242,100.362,134.63,142.087,133.035,132.925
1231.4,98.474,96.348,138.232,100.242,100.242,134.63,141.994,133.035,132.925
1231.5,98.474,96.285,138.199,100.242,100.302,134.63,141.994,133.035,132.962
1231.6,98.474,96.285,138.165,100.182,100.242,134.594,141.994,132.999,132.962
1231.7,98.413,96.348,138.199,100.242,100.242,134.63,141.931,133.035,132.962
1231.8,98.474,96.285,138.199,100.242,100.121,134.63,141.994,133.035,132.925
1231.9,98.413,96.348,138.232,100.242,100.182,134.63,141.962,133.072,132.925
1232.0,98.413,96.285,138.165,100.302,100.182,134.63,141.962,133.035,132.925
1232.1,98.474,96.221,138.199,100.242,100.182,134.63,141.994,132.999,132.925
1232.2,98.474,96.285,138.165,100.121,100.121,134.702,142.025,133.072,132.962
1232.3,98.474,96.221,138.232,100.242,100.0,134.63,141.994,132.999,132.925
1232.4,98.413,96.158,138.165,100.242,100.121,134.63,141.962,133.035,132.962
1232.5,98.413,96.158,138.199,100.182,100.061,134.666,141.994,132.962,132.925
1232.6,98.474,96.158,138.199,100.242,100.121,134.63,141.994,133.035,132.888
1232.7,98.351,96.158,138.199,100.182,100.061,134.594,141.994,133.035,132.962
1232.8,98.413,96.158,138.165,100.242,100.061,134.63,141.994,133.035,132.925
1232.9,98.351,96.221,138.232,100.242,100.0,134.702,141.994,132.999,132.925
1233.0,98.536,96.158,138.165,100.182,100.0,134.666,142.025,133.072,132.925
1233.1,98.289,96.158,138.232,100.182,99.94,134.666,141.962,132.999,132.925
1233.2,98.413,96.094,138.199,100.182,99.88,134.63,141.994,133.035,132.888
1233.3,98.413,96.03,138.199,100.242,99.88,134.666,141.962,133.035,132.962
1233.4,98.413,96.03,138.165,100.242,99.88,134.594,141.962,132.999,132.888
1233.5,98.413,96.03,138.199,100.182,99.94,134.63,141.962,133.035,132.999
1233.6,98.351,96.03,138.165,100.182,99.94,134.63,141.994,133.035,132.888
1233.7,98.413,95.967,138.165,100.121,99.88,134.666,141.994,132.962,132.925
1233.8,98.351,95.967,138.232,100.0,99.94,134.63,141.962,133.072,132.925
1233.9,98.351,96.03,138.165,100.182,99.94,134.63,142.025,132.999,132.925
1234.0,98.413,95.967,138.165,100.121,99.819,134.63,142.056,132.999,132.925
1234.1,98.351,95.903,138.199,100.242,99.819,134.666,141.994,132.999,132.962
1234.2,98.413,95.903,138.266,100.182,99.819,134.63,142.025,133.035,132.925
1234.3,98.413,95.903,138.165,100.182,99.758,134.63,141.962,133.035,132.851
1234.4,98.351,95.903,138.199,100.182,99.819,134.737,141.994,133.035,132.999
1234.5,98.413,95.903,138.165,100.182,99.758,134.666,141.962,132.925,132.962
1234.6,98.413,95.839,138.199,100.182,99.758,134.63,141.994,132.999,132.962
1234.7,98.351,95.967,138.266,100.121,99.758,134.666,141.962,132.999,132.925
1234.8,98.289,95.967,138.199,100.182,99.637,134.666,141.962,132.999,132.888
1234.9,98.351,95.967,138.266,100.182,99.698,134.63,141.962,132.999,132.925
1235.0,98.413,95.839,138.199,100.121,99.698,134.666,141.994,133.035,132.888
1235.1,98.413,95.839,138.232,100.182,99.698,134.702,142.056,132.999,132.851
1235.2,98.413,95.839,138.199,100.182,99.758,134.666,142.025,133.035,132.888
1235.3,98.289,95.775,138.199,100.182,99.698,134.63,141.868,132.962,132.888
1235.4,98.289,95.775,138.232,100.061,99.576,134.63,141.962,132.999,132.962
1235.5,98.351,95.775,138.165,100.182,99.637,134.63,142.025,133.035,132.925
1235.6,98.351,95.775,138.232,100.121,99.576,134.63,141.962,132.999,132.925
1235.7,98.351,95.775,138.165,100.121,99.576,134.63,141.962,132.999,132.925
1235.8,98.227,95.711,138.165,100.121,99.515,134.666,141.994,133.035,132.888
1235.9,98.351,95.647,138.165,100.121,99.576,134.63,141.931,133.072,132.925
1236.0,98.289,95.711,138.165,100.182,99.455,134.63,141.962,132.999,132.888
1236.1,98.351,95.711,138.165,100.121,99.576,134.63,141.994,133.035,132.962
1236.2,98.351,95.711,138.165,100.121,99.455,134.666,141.994,133.072,132.999
1236.3,98.351,95.583,138.199,100.182,99.394,134.702,141.994,132.999,132.962
1236.4,98.351,95.583,138.199,100.121,99.394,134.63,141.931,133.035,132.888
1236.5,98.289,95.519,138.165,100.121,99.455,134.666,141.994,132.999,132.925
1236.6,98.227,95.519,138.165,100.121,99.394,134.63,142.025,132.962,132.962
1236.7,98.413,95.583,138.232,100.061,99.211,134.63,141.994,133.035,132.888
1236.8,98.351,95.519,138.165,100.061,99.394,134.666,142.025,132.962,132.925
1236.9,98.289,95.519,138.232,100.121,99.333,134.666,141.962,133.035,132.925
1237.0,98.413,95.583,138.165,100.121,99.272,134.63,141.994,133.035,132.888
1237.1,98.351,95.519,138.333,100.0,99.333,134.63,141.962,133.035,132.888
1237.2,98.289,95.455,138.165,100.121,99.272,134.666,141.994,132.999,132.888
1237.3,98.351,95.455,138.232,100.061,99.394,134.666,142.025,133.035,132.925
1237.4,98.351,95.455,138.199,100.121,99.272,134.63,142.025,132.999,132.888
1237.5,98.351,95.455,138.199,100.121,99.333,134.63,141.994,133.035,132.888
1237.6,98.289,95.391,138.199,100.0,99.333,134.63,141.994,132.999,132.925
1237.7,98.289,95.519,138.232,100.121,99.211,134.63,141.994,133.035,132.888
1237.8,98.351,95.327,138.165,100.061,99.211,134.63,141.962,133.072,132.888
1237.9,98.289,95.391,138.199,100.061,99.211,134.666,142.056,133.072,132.962
1238.0,98.227,95.327,138.199,100.061,99.333,134.666,141.962,132.999,132.888
1238.1,98.289,95.327,138.165,100.061,99.15,134.666,141.962,133.035,132.888
1238.2,98.289,95.327,138.199,100.0,99.15,134.63,141.994,133.035,132.888
1238.3,98.289,95.327,138.165,100.061,99.15,134.63,141.994,133.035,132.888
1238.4,98.289,95.327,138.199,100.061,99.15,134.702,141.994,133.035,132.925
1238.5,98.351,95.262,138.232,100.061,99.088,134.63,142.025,133.035,132.888
1238.6,98.227,95.262,138.132,100.121,99.088,134.63,141.962,132.999,132.888
1238.7,98.289,95.262,138.232,100.061,99.088,134.594,141.994,133.035,132.925
1238.8,98.289,95.198,138.199,100.061,99.027,134.666,142.025,133.035,132.888
1238.9,98.351,95.262,138.165,100.061,99.088,134.666,141.994,132.999,132.888
1239.0,98.289,95.198,138.132,100.061,98.843,134.63,141.994,132.999,132.925
1239.1,98.289,95.262,138.165,100.061,98.966,134.63,141.994,132.999,132.925
1239.2,98.289,95.134,138.165,100.121,98.966,134.666,142.025,133.035,132.888
1239.3,98.289,95.198,138.199,100.0,98.966,134.666,142.056,133.035,132.888
1239.4,98.351,95.134,138.299,100.0,98.966,134.666,141.994,132.999,132.888
1239.5,98.351,95.134,138.199,100.0,98.905,134.737,141.994,132.999,132.999
1239.6,98.103,95.005,138.199,100.061,98.843,134.666,141.994,133.035,132.888
1239.7,98.165,95.069,138.199,100.061,98.843,134.666,141.994,133.035,132.888
1239.8,98.227,95.005,138.199,100.0,98.843,134.63,141.994,132.999,132.925
1239.9,98.289,95.005,138.165,100.0,98.843,134.63,141.994,133.035,132.888
1240.0,98.227,95.069,138.132,100.0,98.843,134.737,141.962,132.999,132.814
1240.1,98.289,94.94,138.132,100.0,98.843,134.666,141.962,132.999,132.925
1240.2,98.227,95.005,138.232,100.061,98.843,134.666,141.994,132.962,132.925
1240.3,98.227,95.005,138.165,100.121,98.782,134.666,141.994,132.999,132.888
1240.4,98.289,95.005,138.098,100.0,98.782,134.559,141.994,133.035,132.888
1240.5,98.227,95.005,138.199,100.0,98.782,134.63,141.994,132.999,132.925
1240.6,98.227,94.876,138.165,100.0,98.843,134.63,142.025,133.035,132.925
1240.7,98.227,94.94,138.199,100.061,98.721,134.63,141.994,132.999,132.888
1240.8,98.227,94.94,138.165,100.0,98.597,134.666,142.025,132.999,132.888
1240.9,98.227,94.94,138.165,100.0,98.721,134.666,141.994,133.035,132.888
1241.0,98.289,94.876,138.165,100.0,98.659,134.666,141.994,132.999,132.888
1241.1,98.227,94.876,138.165,100.061,98.659,134.666,142.025,132.999,132.925
1241.2,98.227,94.876,138.199,99.94,98.659,134.702,141.994,133.035,132.888
1241.3,98.289,94.811,138.199,100.0,98.597,134.63,142.025,132.962,132.888
1241.4,98.227,94.811,138.232,99.94,98.536,134.666,141.994,133.072,132.925
1241.5,98.351,94.811,138.165,99.94,98.597,134.702,141.994,132.999,132.888
1241.6,98.227,94.811,138.232,100.0,98.474,134.63,141.994,133.035,132.925
1241.7,98.289,94.811,138.199,99.94,98.536,134.666,142.025,133.035,132.851
1241.8,98.227,94.746,138.199,99.94,98.536,134.63,141.962,132.999,132.888
1241.9,98.289,94.746,138.199,100.061,98.474,134.63,141.962,133.035,132.888
1242.0,98.227,94.746,138.232,99.88,98.474,134.666,141.994,133.035,132.888
1242.1,98.227,94.746,138.199,100.0,98.536,134.63,141.994,133.035,132.888
1242.2,98.289,94.681,138.165,99.94,98.351,134.666,141.931,132.999,132.888
1242.3,98.227,94.746,138.165,99.94,98.474,134.63,141.994,132.999,132.888
1242.4,98.227,94.681,138.165,100.0,98.474,134.702,142.025,132.999,132.925
1242.5,98.227,94.681,138.199,99.94,98.413,134.666,141.994,132.999,132.925
1242.6,98.165,94.617,138.165,100.0,98.536,134.666,141.994,132.999,132.888
1242.7,98.165,94.681,138.165,99.94,98.413,134.666,141.994,132.999,132.888
1242.8,98.227,94.746,138.165,99.94,98.413,134.63,142.056,132.999,132.888
1242.9,98.227,94.617,138.232,99.94,98.351,134.63,142.056,133.035,132.851
1243.0,98.227,94.681,138.199,99.94,98.413,134.702,141.994,132.999,132.888
1243.1,98.227,94.552,138.132,99.94,98.413,134.702,142.025,132.999,132.925
1243.2,98.289,94.617,138.199,99.94,98.413,134.702,142.056,133.072,132.888
1243.3,98.227,94.617,138.199,99.94,98.351,134.666,141.962,133.035,132.888
1243.4,98.165,94.552,138.165,99.94,98.351,134.666,142.025,132.999,132.888
1243.5,98.289,94.552,138.232,100.0,98.351,134.666,141.994,132.962,132.888
1243.6,98.227,94.617,138.232,100.0,98.289,134.702,141.994,132.962,132.888
1243.7,98.289,94.552,138.199,99.94,98.289,134.63,141.994,133.035,132.851
1243.8,98.289,94.487,138.165,99.94,98.289,134.666,141.994,132.999,132.925
1243.9,98.227,94.487,138.199,99.94,98.289,134.702,142.025,132.962,132.888
1244.0,98.289,94.552,138.232,99.94,98.289,134.666,142.025,132.999,133.072
1244.1,98.227,94.487,138.232,99.88,98.227,134.666,142.025,132.999,132.851
1244.2,98.227,94.422,138.232,100.0,98.227,134.773,141.962,132.999,132.888
1244.3,98.227,94.487,138.199,99.88,98.227,134.63,142.025,133.035,132.851
1244.4,98.227,94.552,138.232,99.94,98.227,134.63,141.994,132.999,132.888
1244.5,98.227,94.487,138.232,100.0,98.227,134.702,141.994,132.999,132.888
1244.6,98.227,94.422,138.199,99.94,98.289,134.773,142.025,132.999,132.851
1244.7,98.227,94.422,138.199,99.94,98.165,134.666,141.962,133.035,132.888
1244.8,98.165,94.422,138.165,99.94,98.165,134.666,142.025,133.035,132.851
1244.9,98.103,94.487,138.165,99.94,98.165,134.63,141.994,132.962,132.888
1245.0,98.227,94.357,138.199,99.88,98.103,134.63,141.994,132.999,132.925
1245.1,98.165,94.422,138.299,99.758,98.041,134.63,141.994,133.035,132.851
1245.2,98.227,94.357,138.199,99.94,98.103,134.666,141.994,132.962,132.888
1245.3,98.227,94.292,138.199,99.94,98.041,134.63,141.994,132.999,132.888
1245.4,98.165,94.292,138.232,99.88,98.165,134.63,141.962,132.999,132.851
1245.5,98.165,94.292,138.199,99.88,98.041,134.666,141.994,132.999,132.851
1245.6,98.165,94.292,138.165,99.88,98.165,134.666,141.994,133.072,132.925
1245.7,98.165,94.292,138.165,99.88,98.103,134.63,141.994,132.999,132.888
1245.8,98.165,94.292,138.199,99.88,98.103,134.63,142.025,132.999,132.851
1245.9,98.165,94.422,138.199,99.88,97.979,134.666,142.025,132.999,132.888
1246.0,98.165,94.226,138.165,99.88,97.979,134.666,142.025,133.072,132.888
1246.1,98.165,94.226,138.165,99.88,97.979,134.666,142.025,132.999,132.851
1246.2,98.165,94.226,138.199,99.88,97.979,134.702,142.025,133.035,132.851
1246.3,98.165,94.226,138.165,99.88,97.979,134.63,141.994,132.999,132.851
1246.4,98.103,94.226,138.199,99.88,97.979,134.63,142.056,132.999,132.851
1246.5,98.227,94.226,138.199,99.819,98.103,134.666,142.056,132.962,132.888
1246.6,98.227,94.161,138.199,99.88,97.979,134.63,141.994,132.999,132.851
1246.7,98.165,94.161,138.165,99.88,97.917,134.666,141.994,132.999,132.925
1246.8,98.165,94.226,138.165,99.88,97.917,134.666,142.025,133.035,132.851
1246.9,98.227,94.161,138.165,99.88,97.855,134.702,141.962,132.999,132.888
1247.0,98.165,94.161,138.199,99.819,97.855,134.666,142.025,132.999,132.851
1247.1,98.227,94.161,138.199,99.88,97.855,134.63,141.994,133.035,132.851
1247.2,98.165,94.161,138.199,99.88,97.855,134.702,141.994,133.035,132.962
1247.3,98.103,94.096,138.165,99.94,97.855,134.63,142.056,132.999,132.888
1247.4,98.165,93.965,138.199,99.88,97.855,134.702,142.025,132.999,132.888
1247.5,98.165,94.226,138.199,99.819,97.793,134.737,142.025,132.999,132.851
1247.6,98.165,94.096,138.165,99.94,97.793,134.666,141.994,133.035,132.888
1247.7,98.165,94.096,138.232,99.819,97.731,134.702,142.025,132.999,132.851
1247.8,98.227,94.096,138.199,99.819,97.606,134.666,142.025,133.035,132.888
1247.9,98.165,94.096,138.199,99.819,97.731,134.666,142.025,132.999,132.888
1248.0,98.165,93.9,138.232,99.819,97.731,134.702,142.056,133.035,132.925
1248.1,98.165,93.965,138.165,99.819,97.668,134.666,141.994,132.888,132.888
1248.2,98.165,93.965,138.199,99.88,97.731,134.594,141.994,132.999,132.888
1248.3,98.227,93.9,138.165,99.819,97.731,134.63,141.994,132.999,132.925
1248.4,98.165,93.965,138.199,99.819,97.731,134.702,141.994,132.999,132.851
1248.5,98.227,93.965,138.199,99.819,97.731,134.63,141.994,132.999,132.925
1248.6,98.165,93.965,138.199,99.819,97.731,134.666,142.025,132.999,132.851
1248.7,98.227,93.965,138.199,99.819,97.668,134.594,141.994,132.999,132.888
1248.8,98.227,93.965,138.232,99.819,97.606,134.702,141.994,133.035,132.851
1248.9,98.165,93.9,138.165,99.88,97.668,134.666,142.025,132.962,132.888
1249.0,98.165,93.834,138.199,99.819,97.668,134.702,142.025,132.999,132.851
1249.1,98.103,93.834,138.199,99.819,97.606,134.666,141.994,132.999,132.851
1249.2,98.165,93.769,138.165,99.94,97.543,134.702,142.025,132.999,132.851
1249.3,98.165,93.769,138.199,99.819,97.481,134.666,141.994,132.999,132.925
1249.4,98.165,93.769,138.165,99.819,97.543,134.666,142.025,132.999,132.888
1249.5,98.227,93.703,138.199,99.819,97.543,134.666,142.025,132.999,132.851
1249.6,98.165,93.703,138.132,99.819,97.419,134.63,141.994,132.999,132.851
1249.7,98.165,93.769,138.165,99.758,97.481,134.63,142.025,132.999,132.851
1249.8,98.227,93.769,138.199,99.819,97.356,134.702,141.994,132.999,132.888
1249.9,98.165,93.703,138.199,99.758,97.419,134.63,142.025,132.999,132.851
1250.0,98.165,93.638,138.199,99.819,97.481,134.666,142.025,132.999,132.814
1250.1,98.165,93.703,138.199,99.88,97.419,134.666,142.056,132.999,132.778
1250.2,98.103,93.638,138.165,99.819,97.419,134.666,142.025,133.035,132.888
1250.3,98.165,93.703,138.199,99.758,97.356,134.666,142.025,132.999,132.851
1250.4,98.165,93.638,138.232,99.758,97.293,134.666,142.025,133.035,132.888
1250.5,98.103,93.638,138.199,99.819,97.293,134.666,142.056,132.999,132.851
1250.6,98.165,93.638,138.199,99.819,97.168,134.666,141.994,132.999,132.888
1250.7,98.103,93.638,138.232,99.819,97.293,134.737,142.056,132.999,132.925
1250.8,98.103,93.572,138.165,99.88,97.293,134.702,141.962,132.999,132.888
1250.9,98.165,93.572,138.165,99.758,97.293,134.63,142.056,132.999,132.851
1251.0,98.103,93.506,138.165,99.758,97.231,134.666,142.056,132.962,132.925
1251.1,98.165,93.572,138.199,99.758,97.293,134.702,142.025,133.035,132.888
1251.2,98.103,93.572,138.299,99.758,97.231,134.737,142.025,132.999,132.851
1251.3,98.165,93.506,138.165,99.758,97.231,134.702,142.025,133.035,132.851
1251.4,98.165,93.572,138.165,99.819,97.231,134.737,142.025,132.999,132.851
1251.5,98.103,93.506,138.165,99.758,97.168,134.63,142.025,132.999,132.888
1251.6,98.165,93.374,138.165,99.758,97.105,134.666,142.025,132.999,132.888
1251.7,98.165,93.44,138.199,99.758,97.105,134.702,142.025,132.999,132.851
1251.8,98.165,93.374,138.165,99.758,97.105,134.63,141.994,132.962,132.814
1251.9,98.227,93.374,138.165,99.819,97.105,134.702,141.994,132.999,132.851
1252.0,98.103,93.44,138.199,99.698,97.042,134.63,142.025,132.999,132.851
1252.1,98.227,93.309,138.199,99.698,97.042,134.63,142.025,132.962,132.851
1252.2,98.165,93.309,138.199,99.758,97.042,134.666,142.025,132.999,132.888
1252.3,98.227,93.309,138.165,99.758,96.98,134.702,142.025,132.962,132.888
1252.4,98.041,93.309,138.165,99.698,97.042,134.63,141.994,132.999,132.925
1252.5,98.103,93.177,138.232,99.758,96.917,134.666,142.025,132.962,132.925
1252.6,98.041,93.309,138.165,99.698,96.98,134.63,142.025,132.925,132.888
1252.7,98.227,93.243,138.232,99.758,96.98,134.666,142.025,132.962,132.851
1252.8,98.103,93.243,138.232,99.698,96.917,134.666,141.994,133.072,132.851
1252.9,98.103,93.177,138.232,99.758,96.98,134.666,142.15,132.999,132.851
1253.0,98.103,93.243,138.199,99.758,96.917,134.666,141.994,132.999,132.888
1253.1,98.165,93.177,138.199,99.698,96.917,134.702,141.994,132.999,132.888
1253.2,98.165,93.177,138.232,99.698,96.917,134.666,141.994,132.999,132.851
1253.3,98.103,93.11,138.199,99.698,96.98,134.666,142.025,132.999,132.888
1253.4,98.165,93.177,138.165,99.698,96.854,134.666,141.994,132.962,132.888
1253.5,98.103,93.177,138.199,99.758,96.854,134.63,142.056,132.962,132.851
1253.6,98.103,93.11,138.132,99.758,96.854,134.666,142.025,132.962,132.851
1253.7,98.041,93.243,138.132,99.698,96.791,134.702,142.025,132.925,132.888
1253.8,98.165,93.11,138.232,99.88,96.791,134.666,142.056,132.962,132.814
1253.9,98.165,93.11,138.132,99.698,96.98,134.737,142.025,132.999,132.851
1254.0,98.165,93.11,138.232,99.698,96.791,134.702,142.025,132.999,132.814
1254.1,98.041,93.11,138.199,99.758,96.791,134.63,141.994,132.999,132.851
1254.2,98.103,93.11,138.199,99.698,96.728,134.666,142.056,132.999,132.851
1254.3,98.103,93.11,138.199,99.758,96.728,134.666,141.994,132.962,132.851
1254.4,98.165,93.044,138.165,99.698,96.728,134.666,142.025,132.999,132.851
1254.5,98.165,93.044,138.165,99.758,96.728,134.63,141.994,132.962,132.851
1254.6,98.103,93.044,138.165,99.698,96.601,134.63,142.056,132.999,132.851
1254.7,98.165,93.11,138.199,99.698,96.791,134.702,142.025,132.999,132.925
1254.8,98.103,93.044,138.199,99.698,96.664,134.737,142.025,132.962,132.851
1254.9,98.165,92.978,138.199,99.698,96.728,134.63,141.994,132.999,132.851
1255.0,98.103,93.044,138.199,99.758,96.664,134.63,142.025,132.999,132.814
1255.1,98.165,92.978,138.165,99.758,96.601,134.63,142.025,132.999,132.888
1255.2,98.165,92.978,138.199,99.698,96.664,134.702,142.056,132.999,132.851
1255.3,98.103,92.978,138.232,99.698,96.728,134.63,142.056,133.035,132.888
1255.4,98.103,92.912,138.165,99.637,96.664,134.63,141.994,132.962,132.851
1255.5,98.165,92.912,138.232,99.698,96.538,134.63,142.056,133.035,132.851
1255.6,98.103,92.978,138.199,99.637,96.601,134.63,142.056,132.925,132.851
1255.7,98.165,92.912,138.165,99.698,96.601,134.63,142.025,132.999,132.814
1255.8,98.165,92.912,138.266,99.637,96.601,134.63,142.056,132.999,132.851
1255.9,98.165,92.846,138.199,99.698,96.601,134.63,142.025,133.035,132.851
1256.0,98.103,92.846,138.165,99.698,96.538,134.63,142.056,132.999,132.814
1256.1,98.103,92.912,138.165,99.698,96.601,134.666,142.087,132.888,132.888
1256.2,98.103,92.779,138.232,99.698,96.538,134.63,142.025,132.999,132.814
1256.3,98.041,92.846,138.199,99.698,96.538,134.702,142.119,132.925,132.851
1256.4,98.041,92.846,138.199,99.698,96.475,134.666,142.056,132.999,132.851
1256.5,98.103,92.713,138.165,99.698,96.475,134.666,142.056,132.925,132.814
1256.6,98.165,92.779,138.199,99.698,96.411,134.666,142.025,132.962,132.814
1256.7,98.103,92.713,138.232,99.637,96.475,134.702,142.025,133.035,132.814
1256.8,98.103,92.779,138.199,99.698,96.411,134.666,142.025,132.999,132.851
1256.9,98.165,92.779,138.165,99.637,96.411,134.63,142.025,132.962,132.851
1257.0,98.227,92.646,138.165,99.698,96.475,134.666,142.025,132.999,132.778
1257.1,98.103,92.713,138.199,99.637,96.348,134.63,141.994,132.925,132.888
1257.2,98.165,92.713,138.199,99.637,96.411,134.63,142.025,132.962,132.851
1257.3,98.103,92.779,138.165,99.637,96.285,134.63,142.025,132.962,132.888
1257.4,98.165,92.646,138.199,99.698,96.348,134.666,142.087,132.851,132.851
1257.5,98.041,92.58,138.232,99.637,96.348,134.63,142.056,132.925,132.814
1257.6,98.041,92.646,138.199,99.637,96.285,134.702,142.025,132.925,132.851
1257.7,98.103,92.646,138.165,99.637,96.285,134.702,142.056,132.962,132.851
1257.8,98.041,92.646,138.199,99.698,96.348,134.63,142.025,132.999,132.851
1257.9,98.103,92.58,138.199,99.515,96.221,134.666,141.994,133.035,132.888
1258.0,98.041,92.58,138.165,99.698,96.285,134.666,141.994,132.999,132.888
1258.1,98.103,92.513,138.165,99.698,96.221,134.63,142.025,132.962,132.925
1258.2,98.103,92.513,138.199,99.637,96.221,134.702,142.025,132.962,132.851
1258.3,98.041,92.58,138.199,99.698,96.158,134.63,142.056,132.999,132.814
1258.4,98.103,92.513,138.165,99.637,96.03,134.63,142.025,132.999,132.814
1258.5,98.041,92.447,138.165,99.637,96.221,134.666,142.025,132.962,132.814
1258.6,98.103,92.513,138.199,99.576,96.158,134.63,141.994,132.962,132.814
1258.7,98.041,92.447,138.232,99.698,96.158,134.63,141.994,132.999,132.814
1258.8,98.103,92.447,138.165,99.758,96.221,134.666,142.056,132.962,132.814
1258.9,98.103,92.246,138.165,99.576,96.158,134.666,142.025,132.925,132.814
1259.0,98.041,92.447,138.199,99.637,96.094,134.594,141.994,132.999,132.888
1259.1,98.103,92.447,138.199,99.637,96.158,134.63,141.994,133.035,132.814
1259.2,98.103,92.447,138.165,99.576,96.094,134.63,142.025,132.962,132.851
1259.3,98.041,92.447,138.199,99.637,96.158,134.666,142.025,132.962,132.814
1259.4,98.103,92.447,138.165,99.637,96.094,134.702,142.056,132.962,132.851
1259.5,98.103,92.447,138.199,99.637,96.221,134.666,141.994,132.962,132.814
1259.6,98.103,92.38,138.165,99.637,96.221,134.666,142.025,132.962,132.851
1259.7,98.041,92.38,138.132,99.637,96.03,134.63,142.025,132.925,132.851
1259.8,98.103,92.38,138.199,99.576,96.03,134.666,141.994,132.962,132.814
1259.9,98.103,92.313,138.165,99.637,96.094,134.702,142.025,133.109,132.814
1260.0,98.041,92.38,138.199,99.576,96.03,134.666,142.025,133.035,132.814
1260.1,98.103,92.313,138.165,99.698,96.03,134.666,141.962,132.962,132.778
1260.2,98.103,92.313,138.199,99.637,95.967,134.666,141.994,132.925,132.814
1260.3,98.103,92.179,138.165,99.637,95.967,134.702,141.994,132.999,132.888
1260.4,98.103,92.246,138.199,99.637,95.967,134.63,142.056,132.999,132.814
1260.5,98.165,92.246,138.165,99.576,95.903,134.63,141.994,132.999,132.814
1260.6,98.103,92.313,138.165,99.576,95.903,134.666,142.025,132.962,132.814
1260.7,98.041,92.246,138.165,99.576,95.967,134.63,142.056,132.999,132.888
1260.8,98.041,92.246,138.199,99.576,95.839,134.666,142.025,132.999,132.814
1260.9,98.165,92.179,138.232,99.637,95.839,134.666,142.025,132.962,132.814
1261.0,98.103,92.179,138.199,99.576,95.839,134.63,142.025,132.999,132.814
1261.1,98.103,92.179,138.165,99.576,95.775,134.666,141.994,132.962,132.778
1261.2,98.103,92.246,138.098,99.576,95.711,134.63,141.994,132.999,132.778
1261.3,98.103,92.045,138.199,99.576,95.711,134.63,142.025,132.962,132.814
1261.4,98.041,92.112,138.199,99.698,95.775,134.702,142.025,132.962,132.814
1261.5,98.041,92.045,138.165,99.576,95.775,134.666,142.025,132.962,132.814
1261.6,98.103,92.045,138.132,99.758,95.711,134.702,142.056,132.962,132.814
1261.7,98.041,92.045,138.165,99.576,95.711,134.666,142.025,133.035,132.778
1261.8,98.103,92.045,138.199,99.637,95.647,134.63,141.994,132.925,132.741
1261.9,98.041,92.045,138.165,99.576,95.711,134.666,142.025,132.962,132.814
1262.0,98.041,91.978,138.199,99.515,95.711,134.666,142.025,132.999,132.851
1262.1,98.041,92.045,138.165,99.576,95.647,134.666,141.994,132.962,132.814
1262.2,98.165,91.978,138.165,99.515,95.647,134.63,142.025,133.035,132.741
1262.3,98.103,91.911,138.165,99.637,95.647,134.666,142.025,132.962,132.851
1262.4,98.165,91.978,138.199,99.576,95.583,134.666,142.087,132.925,132.814
1262.5,98.041,92.045,138.199,99.576,95.583,134.63,142.087,132.962,132.888
1262.6,98.103,91.911,138.199,99.576,95.711,134.702,142.025,132.962,132.851
1262.7,98.103,91.911,138.132,99.576,95.583,134.702,142.025,132.925,132.814
1262.8,98.041,91.911,138.232,99.515,95.583,134.702,142.025,132.999,132.851
1262.9,98.103,91.844,138.199,99.515,95.519,134.63,142.056,132.962,132.814
1263.0,98.103,91.911,138.165,99.576,95.455,134.63,142.056,132.999,132.814
1263.1,98.103,91.844,138.199,99.576,95.519,134.666,141.994,132.962,132.778
1263.2,98.103,91.844,138.199,99.515,95.519,134.63,142.025,132.962,132.778
1263.3,98.041,91.777,138.165,99.515,95.583,134.666,142.056,132.925,132.814
1263.4,97.979,91.844,138.199,99.576,95.519,134.666,142.056,132.962,132.814
1263.5,98.041,91.777,138.165,99.576,95.519,134.63,142.025,132.888,132.888
1263.6,98.041,91.777,138.199,99.515,95.455,134.666,142.025,132.962,132.814
1263.7,98.041,91.844,138.165,99.515,95.519,134.63,142.056,132.962,132.814
1263.8,98.041,91.844,138.199,99.576,95.455,134.63,142.087,132.962,132.814
1263.9,98.041,91.844,138.132,99.576,95.455,134.666,142.025,132.925,132.667
1264.0,98.103,91.844,138.199,99.515,95.455,134.63,142.056,132.962,132.814
1264.1,98.103,91.71,138.165,99.515,95.455,134.666,142.025,132.999,132.778
1264.2,98.041,91.71,138.199,99.515,95.391,134.666,141.994,132.925,132.778
1264.3,98.041,91.71,138.199,99.576,95.519,134.666,142.056,132.962,132.814
1264.4,98.041,91.642,138.232,99.576,95.455,134.666,141.994,132.962,132.778
1264.5,98.041,91.71,138.199,99.698,95.455,134.702,142.056,132.962,132.741
1264.6,98.041,91.642,138.199,99.515,95.327,134.63,141.994,132.888,132.814
1264.7,98.041,91.777,138.199,99.576,95.391,134.702,142.025,132.999,132.814
1264.8,98.041,91.71,138.132,99.515,95.327,134.666,142.056,132.962,132.851
1264.9,98.041,91.642,138.098,99.576,95.327,134.702,142.025,132.925,132.814
1265.0,98.041,91.71,138.232,99.576,95.327,134.666,141.994,132.962,132.814
1265.1,98.041,91.71,138.199,99.455,95.327,134.666,142.087,132.962,132.888
1265.2,98.103,91.575,138.165,99.515,95.262,134.702,142.025,132.925,132.778
1265.3,98.041,91.575,138.165,99.515,95.262,134.702,142.056,132.962,132.814
1265.4,98.041,91.575,138.165,99.515,95.262,134.63,142.056,132.962,132.814
1265.5,98.165,91.575,138.165,99.455,95.327,134.63,142.025,132.962,132.814
1265.6,98.041,91.575,138.165,99.515,95.262,134.666,142.056,132.962,132.814
1265.7,98.103,91.575,138.165,99.455,95.198,134.702,142.087,132.962,132.851
1265.8,98.041,91.508,138.165,99.515,95.198,134.666,141.994,132.999,132.814
1265.9,98.041,91.575,138.165,99.515,95.198,134.666,142.087,132.999,132.778
1266.0,98.041,91.508,138.165,99.515,95.198,134.63,141.994,132.925,132.814
1266.1,98.041,91.44,138.165,99.455,95.005,134.63,142.025,132.962,132.814
1266.2,98.103,91.44,138.165,99.515,95.134,134.666,142.056,132.925,132.814
1266.3,98.041,91.508,138.165,99.455,95.198,134.737,142.025,132.962,132.851
1266.4,98.041,91.44,138.232,99.576,95.069,134.666,142.056,133.035,132.851
1266.5,98.041,91.44,138.199,99.576,95.198,134.666,142.056,132.925,132.851
1266.6,98.103,91.44,138.199,99.576,95.069,134.737,142.025,132.962,132.814
1266.7,98.041,91.44,138.199,99.515,95.134,134.666,142.056,132.925,132.814
1266.8,98.041,91.372,138.199,99.455,95.069,134.63,142.056,132.962,132.778
1266.9,98.041,91.44,138.199,99.515,95.134,134.666,142.056,132.888,132.778
1267.0,98.103,91.372,138.165,99.515,95.069,134.63,142.056,132.962,132.851
1267.1,98.041,91.372,138.199,99.515,95.069,134.63,141.994,132.888,132.778
1267.2,98.103,91.372,138.199,99.515,95.069,134.63,141.994,132.962,132.741
1267.3,98.041,91.372,138.199,99.515,95.005,134.666,142.025,132.999,132.778
1267.4,98.041,91.305,138.165,99.515,95.069,134.666,142.087,132.962,132.814
1267.5,97.979,91.305,138.199,99.515,95.069,134.702,141.994,132.925,132.814
1267.6,97.979,91.305,138.165,99.455,95.005,134.666,142.025,132.925,132.814
1267.7,97.979,91.237,138.165,99.515,95.005,134.702,142.025,132.925,132.814
1267.8,97.979,91.305,138.098,99.455,94.94,134.63,142.025,132.925,132.814
1267.9,98.041,91.372,138.199,99.515,95.005,134.666,141.994,132.962,132.814
1268.0,97.979,91.237,138.199,99.515,95.005,134.63,142.025,132.962,132.814
1268.1,98.041,91.305,138.199,99.455,95.005,134.63,142.025,132.962,132.778
1268.2,98.103,91.305,138.199,99.455,94.94,134.63,141.994,132.962,132.778
1268.3,97.979,91.237,138.232,99.455,94.94,134.63,142.025,132.962,132.741
1268.4,98.041,91.237,138.165,99.515,94.94,134.702,142.025,132.962,132.778
1268.5,98.165,91.305,138.165,99.455,94.876,134.666,142.025,133.035,132.778
1268.6,97.979,91.237,138.199,99.455,94.94,134.702,142.025,132.925,132.814
1268.7,98.041,91.237,138.165,99.455,94.94,134.63,142.025,132.962,132.814
1268.8,97.979,91.305,138.232,99.394,94.876,134.63,142.025,132.962,132.814
1268.9,97.979,91.237,138.199,99.455,94.876,134.666,142.025,132.962,132.814
1269.0,97.979,91.102,138.098,99.515,94.811,134.63,142.056,132.962,132.778
1269.1,98.103,91.169,138.165,99.455,94.811,134.666,141.994,132.962,132.778
1269.2,97.979,91.102,138.199,99.455,94.94,134.63,142.025,132.925,132.814
1269.3,97.979,91.169,138.165,99.455,94.876,134.63,142.025,132.925,132.741
1269.4,98.041,91.102,138.199,99.515,94.746,134.666,142.087,132.962,132.778
1269.5,98.041,91.169,138.266,99.455,94.811,134.63,142.025,132.962,132.778
1269.6,98.041,91.102,138.165,99.515,94.811,134.63,142.056,132.962,132.814
1269.7,97.979,91.102,138.199,99.576,94.746,134.666,142.025,132.962,132.778
1269.8,98.041,91.034,138.165,99.515,94.681,134.702,142.025,132.925,132.888
1269.9,98.103,91.034,138.165,99.455,94.746,134.666,142.025,132.999,132.814
1270.0,97.979,91.034,138.232,99.455,94.681,134.63,142.025,132.925,132.778
1270.1,98.041,91.034,138.266,99.455,94.681,134.63,142.056,132.962,132.851
1270.2,97.979,90.966,138.199,99.455,94.681,134.702,142.056,132.962,132.778
1270.3,98.041,90.966,138.232,99.515,94.746,134.666,141.994,132.925,132.814
1270.4,98.041,90.898,138.165,99.394,94.617,134.702,142.025,132.925,132.814
1270.5,98.041,90.898,138.165,99.515,94.681,134.666,142.025,132.925,132.814
1270.6,98.041,90.898,138.165,99.455,94.617,134.666,142.056,132.925,132.778
1270.7,97.979,90.966,138.232,99.455,94.552,134.63,142.025,132.925,132.778
1270.8,98.041,90.966,138.199,99.455,94.422,134.63,142.025,132.999,132.778
1270.9,97.979,90.966,138.165,99.515,94.617,134.63,142.087,132.888,132.814
1271.0,98.103,90.898,138.199,99.455,94.552,134.666,142.056,132.925,132.778
1271.1,98.041,90.83,138.199,99.455,94.552,134.702,142.025,132.925,132.778
1271.2,97.979,90.83,138.132,99.455,94.617,134.702,142.025,132.962,132.778
1271.3,98.041,90.83,138.232,99.394,94.552,134.702,142.025,132.962,132.778
1271.4,98.041,90.898,138.199,99.455,94.552,134.666,141.994,132.814,132.851
1271.5,97.979,90.898,138.199,99.455,94.487,134.666,142.025,132.962,132.778
1271.6,97.979,90.762,138.165,99.394,94.487,134.666,142.056,132.925,132.851
1271.7,98.041,90.762,138.232,99.455,94.487,134.666,142.025,132.962,132.778
1271.8,98.041,90.762,138.165,99.455,94.487,134.666,142.056,132.962,132.778
1271.9,97.979,90.762,138.165,99.455,94.487,134.63,142.056,132.925,132.778
1272.0,98.041,90.762,138.165,99.515,94.487,134.666,142.056,132.962,132.778
1272.1,97.979,90.762,138.064,99.394,94.487,134.666,141.994,132.962,132.814
1272.2,97.979,90.762,138.165,99.455,94.422,134.63,142.056,132.888,132.778
1272.3,98.041,90.694,138.199,99.455,94.292,134.666,142.087,132.925,132.778
1272.4,98.103,90.694,138.165,99.394,94.357,134.63,142.025,132.925,132.814
1272.5,97.979,90.694,138.098,99.455,94.357,134.666,142.025,132.962,132.814
1272.6,98.041,90.626,138.165,99.394,94.357,134.666,142.056,133.035,132.778
1272.7,98.041,90.626,138.165,99.455,94.357,134.63,142.056,132.925,132.778
1272.8,97.979,90.626,138.165,99.455,94.292,134.63,142.087,132.925,132.741
1272.9,98.041,90.694,138.199,99.394,94.422,134.63,141.899,132.925,132.778
1273.0,98.041,90.626,138.165,99.333,94.422,134.702,142.025,132.925,132.778
1273.1,97.979,90.626,138.165,99.455,94.357,134.666,141.994,132.888,132.778
1273.2,98.041,90.626,138.199,99.394,94.357,134.666,142.056,132.925,132.778
1273.3,98.103,90.557,138.165,99.455,94.292,134.702,142.056,132.962,132.741
1273.4,97.979,90.626,138.232,99.394,94.226,134.666,142.025,132.962,132.778
1273.5,97.979,90.557,138.165,99.394,94.226,134.666,142.025,132.962,132.741
1273.6,97.979,90.626,138.165,99.394,94.226,134.666,142.087,132.999,132.778
1273.7,98.041,90.489,138.165,99.333,94.226,134.666,142.056,132.925,132.778
1273.8,97.979,90.626,138.232,99.394,94.161,134.666,141.994,132.925,132.778
1273.9,97.979,90.489,138.165,99.455,94.226,134.666,142.056,132.962,132.741
1274.0,97.979,90.557,138.199,99.455,94.161,134.666,142.087,132.888,132.741
1274.1,98.041,90.489,138.199,99.455,94.161,134.63,141.994,132.814,132.778
1274.2,97.979,90.489,138.165,99.455,94.161,134.63,142.087,132.925,132.778
1274.3,98.041,90.352,138.165,99.455,94.161,134.666,142.025,132.962,132.778
1274.4,98.041,90.421,138.132,99.394,94.161,134.666,142.056,132.851,132.778
1274.5,98.041,90.421,138.199,99.455,94.161,134.666,142.056,132.962,132.741
1274.6,98.041,90.421,138.199,99.394,94.096,134.63,142.056,132.962,132.814
1274.7,97.979,90.352,138.165,99.394,94.096,134.63,142.025,132.925,132.741
1274.8,98.103,90.352,138.199,99.394,94.096,134.702,142.025,132.888,132.851
1274.9,97.917,90.421,138.266,99.394,94.031,134.63,142.056,132.962,132.814
1275.0,98.041,90.421,138.199,99.333,94.096,134.666,142.025,132.925,132.814
1275.1,97.979,90.352,138.199,99.394,94.096,134.63,142.025,132.962,132.778
1275.2,97.855,90.352,138.199,99.394,94.096,134.63,141.994,132.925,132.778
1275.3,98.041,90.352,138.199,99.394,94.031,134.666,141.994,132.925,132.778
1275.4,97.917,90.352,138.098,99.394,93.965,134.666,142.056,132.925,132.778
1275.5,97.979,90.352,138.165,99.394,94.031,134.702,142.025,132.925,132.814
1275.6,98.041,90.284,138.165,99.455,94.031,134.63,142.056,132.962,132.778
1275.7,98.041,90.284,138.199,99.333,94.031,134.702,142.056,132.925,132.778
1275.8,97.979,90.284,138.165,99.333,93.965,134.666,142.025,132.962,132.814
1275.9,97.979,90.284,138.199,99.455,94.031,134.666,141.994,132.888,132.778
1276.0,97.979,90.284,138.199,99.394,94.031,134.666,142.025,132.925,132.778
1276.1,98.041,90.352,138.199,99.333,93.965,134.63,142.056,132.925,132.741
1276.2,97.979,90.215,138.165,99.394,93.965,134.702,141.994,132.962,132.778
1276.3,98.041,90.215,138.199,99.333,94.031,134.63,142.056,132.925,132.778
1276.4,97.917,90.284,138.199,99.394,94.031,134.63,142.056,132.962,132.778
1276.5,97.979,90.215,138.199,99.333,93.965,134.63,142.056,132.999,132.741
1276.6,97.979,90.215,138.165,99.394,93.9,134.666,142.025,132.962,132.814
1276.7,97.979,90.146,138.165,99.394,93.9,134.63,142.056,132.962,132.778
1276.8,97.979,90.146,138.232,99.394,93.834,134.666,141.994,132.925,132.814
1276.9,97.917,90.146,138.165,99.394,93.9,134.63,142.056,132.962,132.741
1277.0,97.979,90.146,138.165,99.394,93.834,134.666,142.056,133.035,132.778
1277.1,97.917,90.009,138.232,99.333,93.9,134.666,142.056,132.962,132.778
1277.2,97.979,90.215,138.232,99.333,93.834,134.702,142.025,132.925,132.814
1277.3,98.041,90.146,138.165,99.394,93.9,134.666,142.025,132.962,132.778
1277.4,98.041,90.146,138.165,99.394,93.769,134.63,142.056,132.925,132.741
1277.5,97.979,90.078,138.199,99.333,93.769,134.702,142.025,132.925,132.778
1277.6,98.041,90.009,138.199,99.394,93.834,134.666,142.087,132.925,132.778
1277.7,98.041,90.009,138.299,99.394,93.703,134.63,142.056,132.925,132.778
1277.8,97.979,90.009,138.199,99.333,93.834,134.666,142.056,132.962,132.814
1277.9,98.041,90.009,138.199,99.394,93.703,134.702,141.994,132.962,132.778
1278.0,97.917,90.078,138.165,99.394,93.769,134.63,142.025,132.962,132.704
1278.1,97.979,90.009,138.132,99.394,93.769,134.666,142.056,132.962,132.778
1278.2,97.979,90.009,138.165,99.333,93.769,134.63,142.025,132.888,132.778
1278.3,98.041,90.009,138.199,99.394,93.703,134.666,142.056,132.925,132.778
1278.4,98.041,90.009,138.232,99.333,93.703,134.666,141.994,132.925,132.741
1278.5,97.979,90.009,138.165,99.333,93.572,134.63,142.025,132.962,132.741
1278.6,98.041,89.94,138.165,99.394,93.703,134.702,142.056,132.925,132.778
1278.7,98.041,89.94,138.098,99.394,93.572,134.63,142.025,132.962,132.741
1278.8,97.979,89.94,138.199,99.394,93.703,134.63,142.087,132.925,132.741
1278.9,97.979,89.94,138.165,99.333,93.638,134.702,142.087,132.925,132.778
1279.0,97.917,89.94,138.232,99.333,93.638,134.702,142.025,132.925,132.778
1279.1,97.979,89.94,138.199,99.333,93.638,134.594,142.025,132.925,132.778
1279.2,97.979,89.871,138.199,99.333,93.638,134.666,142.025,132.962,132.778
1279.3,97.979,89.871,138.232,99.394,93.572,134.666,142.025,132.925,132.741
1279.4,97.979,89.94,138.165,99.333,93.638,134.63,142.025,132.925,132.778
1279.5,97.917,89.94,138.199,99.333,93.572,134.666,142.025,132.925,132.778
1279.6,97.979,89.871,138.199,99.394,93.572,134.666,142.056,132.962,132.778
1279.7,97.917,89.734,138.165,99.394,93.638,134.666,142.056,132.925,132.704
1279.8,97.979,89.871,138.165,99.333,93.572,134.702,142.025,132.962,132.778
1279.9,98.041,89.665,138.199,99.333,93.572,134.666,142.025,132.925,132.778
1280.0,97.917,89.734,138.165,99.394,93.506,134.702,142.056,132.925,132.778
1280.1,97.979,89.803,138.165,99.333,93.506,134.666,142.025,132.925,132.778
1280.2,97.979,89.734,138.199,99.333,93.506,134.702,142.025,132.888,132.741
1280.3,97.979,89.734,138.199,99.333,93.506,134.63,142.056,132.925,132.741
1280.4,97.979,89.803,138.132,99.333,93.506,134.666,142.025,132.925,132.741
1280.5,97.979,89.734,138.199,99.394,93.44,134.666,142.025,132.925,132.741
1280.6,97.979,89.734,138.165,99.272,93.44,134.63,142.025,132.999,132.778
1280.7,98.041,89.734,138.266,99.272,93.44,134.63,142.056,132.925,132.704
1280.8,97.979,89.734,138.165,99.333,93.506,134.63,142.087,132.814,132.778
1280.9,97.855,89.665,138.199,99.333,93.44,134.666,142.087,132.925,132.778
1281.0,97.979,89.665,138.232,99.333,93.44,134.63,142.025,132.925,132.778
1281.1,97.979,89.734,138.098,99.333,93.44,134.63,142.025,132.925,132.814
1281.2,97.917,89.665,138.165,99.333,93.374,134.63,142.056,132.851,132.741
1281.3,97.979,89.734,138.232,99.394,93.44,134.666,142.056,132.925,132.741
1281.4,97.979,89.665,138.199,99.272,93.243,134.63,141.994,132.925,132.741
1281.5,97.917,89.665,138.199,99.272,93.44,134.666,142.056,132.925,132.778
1281.6,97.979,89.596,138.165,99.333,93.374,134.63,142.025,132.925,132.741
1281.7,97.979,89.596,138.199,99.333,93.374,134.702,142.056,132.999,132.741
1281.8,97.979,89.596,138.165,99.333,93.374,134.666,142.025,132.888,132.778
1281.9,97.979,89.665,138.199,99.333,93.374,134.666,142.056,132.888,132.778
1282.0,97.979,89.596,138.165,99.333,93.309,134.63,142.025,132.962,132.778
1282.1,97.979,89.596,138.165,99.333,93.309,134.666,142.025,132.925,132.741
1282.2,97.979,89.526,138.165,99.394,93.309,134.63,142.056,132.962,132.741
1282.3,97.979,89.526,138.199,99.333,93.374,134.666,142.025,132.925,132.778
1282.4,97.979,89.526,138.132,99.394,93.309,134.702,142.056,132.925,132.778
1282.5,97.979,89.526,138.232,99.394,93.309,134.666,142.025,132.925,132.741
1282.6,98.041,89.526,138.165,99.333,93.243,134.666,142.087,132.962,132.778
1282.7,97.979,89.526,138.232,99.272,93.309,134.666,142.025,132.925,132.814
1282.8,97.917,89.526,138.165,99.394,93.243,134.666,142.025,132.925,132.778
1282.9,98.041,89.388,138.232,99.272,93.177,134.666,141.962,132.925,132.814
1283.0,97.979,89.457,138.232,99.272,93.177,134.666,142.025,132.925,132.778
1283.1,98.041,89.526,138.232,99.333,93.243,134.702,141.962,132.962,132.741
1283.2,97.917,89.457,138.165,99.333,93.177,134.63,142.087,132.888,132.741
1283.3,97.979,89.388,138.199,99.333,93.243,134.737,141.962,132.925,132.741
1283.4,97.979,89.388,138.199,99.394,93.11,134.666,142.056,132.925,132.741
1283.5,97.979,89.388,138.165,99.333,93.11,134.63,142.087,132.888,132.814
1283.6,97.979,89.388,138.199,99.272,93.177,134.702,142.025,132.925,132.741
1283.7,97.979,89.249,138.199,99.333,93.177,134.666,142.025,132.925,132.704
1283.8,97.979,89.457,138.132,99.272,93.11,134.702,142.056,132.888,132.778
1283.9,97.979,89.388,138.199,99.333,92.978,134.63,142.056,132.888,132.778
1284.0,97.917,89.319,138.165,99.333,93.11,134.702,142.056,132.999,132.778
1284.1,97.979,89.319,138.165,99.333,93.11,134.63,142.025,132.962,132.814
1284.2,97.917,89.249,138.165,99.333,93.044,134.666,142.025,132.962,132.778
1284.3,98.041,89.249,138.165,99.333,93.11,134.63,142.056,132.888,132.741
1284.4,97.917,89.249,138.165,99.272,93.11,134.702,142.181,132.999,132.704
1284.5,97.855,89.319,138.165,99.333,92.978,134.666,142.056,132.925,132.741
1284.6,97.979,89.249,138.165,99.394,93.044,134.666,142.025,132.925,132.778
1284.7,97.917,89.319,138.199,99.272,92.978,134.666,142.181,132.999,132.814
1284.8,97.917,89.388,138.165,99.272,93.044,134.666,142.025,132.888,132.814
1284.9,98.041,89.249,138.232,99.333,93.11,134.63,142.087,132.925,132.741
1285.0,97.979,89.319,138.165,99.394,93.044,134.666,142.056,132.962,132.741
1285.1,97.979,89.319,138.199,99.272,92.912,134.702,142.056,132.925,132.741
1285.2,97.917,89.18,138.199,99.333,93.044,134.63,142.087,132.999,132.778
1285.3,97.979,89.249,138.199,99.394,93.044,134.666,141.994,132.888,132.778
1285.4,97.979,89.249,138.165,99.272,93.11,134.666,142.025,132.888,132.741
1285.5,98.041,89.249,138.232,99.272,92.978,134.63,142.056,132.925,132.704
1285.6,97.979,89.18,138.199,99.333,93.044,134.666,142.056,132.925,132.704
1285.7,97.979,89.18,138.199,99.272,92.978,134.666,142.025,132.925,132.704
1285.8,97.917,89.18,138.232,99.333,92.978,134.666,142.025,132.925,132.741
1285.9,97.979,89.18,138.199,99.272,92.912,134.63,142.056,132.888,132.741
1286.0,97.917,89.249,138.165,99.272,92.912,134.63,141.962,132.925,132.741
1286.1,97.979,89.041,138.165,99.272,92.912,134.63,142.056,132.925,132.741
1286.2,97.917,89.11,138.165,99.272,92.846,134.666,142.056,132.925,132.704
1286.3,97.979,89.18,138.199,99.333,93.044,134.63,142.025,132.925,132.741
1286.4,97.979,89.18,138.232,99.272,92.912,134.63,142.056,132.962,132.741
1286.5,97.979,89.18,138.098,99.272,92.846,134.702,142.025,132.962,132.778
1286.6,97.979,89.041,138.199,99.333,92.912,134.666,142.056,132.888,132.741
1286.7,97.917,89.041,138.199,99.333,92.846,134.666,142.056,132.925,132.704
1286.8,97.979,89.11,138.165,99.272,92.846,134.63,142.056,132.925,132.741
1286.9,97.917,89.11,138.199,99.272,92.846,134.666,141.994,132.888,132.778
1287.0,97.979,89.11,138.232,99.333,92.846,134.702,141.994,132.925,132.778
1287.1,97.979,89.11,138.232,99.272,92.779,134.63,142.025,132.925,132.814
1287.2,97.979,89.041,138.199,99.211,92.779,134.666,142.056,132.888,132.741
1287.3,97.917,89.041,138.232,99.272,92.779,134.666,142.025,132.925,132.741
1287.4,97.917,89.041,138.165,99.272,92.779,134.63,141.994,132.925,132.741
1287.5,97.979,89.041,138.199,99.272,92.713,134.63,142.025,132.925,132.704
1287.6,97.855,89.041,138.165,99.272,92.779,134.63,142.087,132.925,132.741
1287.7,97.979,89.041,138.199,99.272,92.779,134.702,142.025,132.925,132.778
1287.8,97.917,88.971,138.199,99.211,92.779,134.666,142.087,132.925,132.741
1287.9,97.917,88.971,138.165,99.272,92.713,134.63,142.025,132.925,132.741
1288.0,97.917,88.971,138.199,99.211,92.713,134.63,142.025,132.925,132.704
1288.1,97.917,88.971,138.165,99.272,92.779,134.63,142.087,132.888,132.741
1288.2,97.917,88.971,138.199,99.272,92.646,134.666,142.056,132.925,132.741
1288.3,97.917,88.901,138.165,99.272,92.713,134.63,141.994,132.962,132.741
1288.4,97.917,88.971,138.199,99.272,92.646,134.737,142.025,132.888,132.741
1288.5,98.041,88.971,138.165,99.272,92.646,134.666,142.025,132.962,132.741
1288.6,97.917,88.832,138.199,99.272,92.713,134.666,142.087,132.925,132.741
1288.7,97.917,88.901,138.199,99.272,92.646,134.63,142.025,132.999,132.741
1288.8,97.979,88.832,138.165,99.272,92.646,134.666,142.025,132.925,132.778
1288.9,97.917,88.901,138.165,99.211,92.646,134.63,142.025,132.888,132.704
1289.0,97.917,88.832,138.232,99.272,92.713,134.666,142.025,132.851,132.741
1289.1,97.917,88.762,138.165,99.272,92.646,134.666,142.025,132.888,132.778
1289.2,97.917,88.832,138.165,99.333,92.713,134.63,142.025,132.925,132.704
1289.3,97.917,88.832,138.165,99.333,92.646,134.702,142.025,132.925,132.778
1289.4,97.917,88.832,138.165,99.211,92.646,134.63,142.056,132.888,132.778
1289.5,97.917,88.832,138.266,99.211,92.646,134.702,141.994,132.925,132.704
1289.6,97.917,88.832,138.199,99.211,92.58,134.666,141.994,132.925,132.741
1289.7,97.917,88.762,138.232,99.211,92.58,134.666,142.025,132.962,132.704
1289.8,97.917,88.762,138.165,99.211,92.58,134.666,142.056,132.851,132.741
1289.9,97.917,88.762,138.165,99.211,92.58,134.737,142.056,132.925,132.741
1290.0,97.917,88.762,138.199,99.211,92.58,134.666,142.025,132.888,132.741
1290.1,97.917,88.762,138.199,99.211,92.447,134.666,142.025,132.888,132.704
1290.2,97.917,88.762,138.132,99.211,92.513,134.666,142.025,132.925,132.704
1290.3,97.917,88.692,138.199,99.272,92.447,134.63,142.025,132.962,132.778
1290.4,97.917,88.762,138.199,99.211,92.447,134.63,142.087,132.888,132.741
1290.5,97.917,88.762,138.165,99.211,92.38,134.63,142.056,132.962,132.741
1290.6,97.855,88.622,138.132,99.211,92.447,134.666,142.119,132.888,132.778
1290.7,97.979,88.692,138.165,99.272,92.447,134.702,142.025,132.925,132.741
1290.8,97.855,88.622,138.232,99.211,92.58,134.63,142.025,132.925,132.778
1290.9,97.979,88.622,138.165,99.272,92.447,134.737,142.025,132.888,132.741
1291.0,97.855,88.622,138.165,99.272,92.447,134.666,142.056,132.925,132.741
1291.1,97.917,88.622,138.199,99.211,92.447,134.63,142.025,132.888,132.778
1291.2,97.917,88.692,138.199,99.211,92.447,134.63,142.056,132.925,132.741
1291.3,97.917,88.622,138.165,99.211,92.313,134.666,142.056,132.888,132.741
1291.4,97.855,88.622,138.199,99.272,92.38,134.63,142.025,132.888,132.704
1291.5,97.979,88.622,138.232,99.272,92.447,134.702,142.056,132.925,132.741
1291.6,97.917,88.622,138.165,99.211,92.513,134.666,142.056,132.925,132.704
1291.7,97.793,88.552,138.165,99.211,92.447,134.666,141.994,132.925,132.741
1291.8,97.917,88.552,138.199,99.211,92.38,134.63,142.025,132.888,132.778
1291.9,97.917,88.622,138.165,99.15,92.38,134.63,142.087,132.925,132.778
1292.0,97.917,88.622,138.165,99.211,92.313,134.666,142.056,132.888,132.741
1292.1,97.979,88.552,138.165,99.272,92.313,134.63,141.994,132.888,132.704
1292.2,97.855,88.552,138.199,99.211,92.313,134.666,141.994,132.851,132.741
1292.3,97.855,88.552,138.165,99.15,92.313,134.63,142.025,132.888,132.778
1292.4,97.917,88.552,138.199,99.211,92.313,134.63,142.056,132.925,132.741
1292.5,97.917,88.482,138.199,99.272,92.313,134.702,142.056,132.925,132.741
1292.6,98.041,88.482,138.199,99.211,92.246,134.63,142.025,132.925,132.667
1292.7,97.917,88.482,138.199,99.272,92.179,134.63,142.025,132.888,132.741
1292.8,97.979,88.482,138.232,99.211,92.313,134.666,142.025,132.925,132.704
1292.9,97.917,88.482,138.232,99.15,92.313,134.63,142.025,132.851,132.741
1293.0,97.917,88.412,138.232,99.272,92.246,134.666,142.056,132.888,132.741
1293.1,97.917,88.482,138.199,99.211,92.179,134.666,142.056,132.962,132.741
1293.2,97.917,88.412,138.165,99.15,92.313,134.666,142.025,132.888,132.741
1293.3,97.917,88.412,138.199,99.211,92.246,134.666,142.025,132.888,132.741
1293.4,97.979,88.482,138.199,99.272,92.246,134.702,142.056,132.888,132.741
1293.5,97.979,88.412,138.199,99.211,92.246,134.63,141.994,132.925,132.704
1293.6,97.855,88.482,138.165,99.211,92.246,134.666,142.025,132.888,132.741
1293.7,97.917,88.412,138.165,99.333,92.246,134.702,141.994,132.851,132.778
1293.8,97.979,88.412,138.165,99.15,92.246,134.63,142.025,132.925,132.704
1293.9,97.979,88.412,138.165,99.15,92.246,134.63,141.994,132.888,132.741
1294.0,97.917,88.342,138.165,99.211,92.179,134.63,142.025,132.925,132.704
1294.1,97.917,88.412,138.232,99.211,92.246,134.63,142.025,132.888,132.704
1294.2,97.917,88.482,138.165,99.211,92.179,134.594,142.056,132.888,132.741
1294.3,97.917,88.482,138.199,99.211,92.179,134.666,141.994,132.888,132.704
1294.4,97.917,88.412,138.199,99.211,92.179,134.63,142.025,132.925,132.741
1294.5,97.855,88.412,138.165,99.211,92.179,134.666,142.025,132.888,132.704
1294.6,97.979,88.412,138.165,99.211,92.179,134.666,142.025,132.925,132.704
1294.7,97.917,88.412,138.165,99.211,92.112,134.666,142.056,132.925,132.667
1294.8,97.979,88.342,138.199,99.211,92.179,134.666,142.025,132.888,132.667
1294.9,97.917,88.342,138.199,99.211,92.112,134.666,142.025,132.888,132.741
1295.0,97.979,88.412,138.132,99.211,92.112,134.63,142.056,132.888,132.704
1295.1,98.041,88.272,138.165,99.211,92.112,134.594,142.119,132.925,132.741
1295.2,97.979,88.342,138.165,99.15,92.112,134.63,142.056,132.925,132.741
1295.3,97.979,88.342,138.199,99.272,92.112,134.666,142.025,132.925,132.741
1295.4,97.979,88.342,138.232,99.211,92.112,134.666,142.025,132.925,132.704
1295.5,97.979,88.342,138.199,99.211,92.112,134.63,142.056,132.888,132.704
1295.6,97.979,88.412,138.165,99.211,92.045,134.702,142.025,132.851,132.741
1295.7,97.979,88.272,138.199,99.15,92.112,134.63,142.056,132.888,132.704
1295.8,97.979,88.412,138.165,99.211,92.112,134.666,142.025,132.925,132.704
1295.9,97.979,88.272,138.199,99.272,92.045,134.63,142.056,132.888,132.667
1296.0,97.917,88.342,138.165,99.333,92.112,134.702,142.056,132.888,132.704
1296.1,98.041,88.342,138.199,99.211,92.045,134.63,142.056,132.925,132.704
1296.2,97.917,88.342,138.165,99.394,92.112,134.666,141.994,132.888,132.704
1296.3,98.165,88.272,138.232,99.211,92.179,134.666,141.994,132.888,132.704
1296.4,98.041,88.272,138.199,99.272,92.045,134.63,142.056,132.888,132.704
1296.5,98.041,88.412,138.232,99.15,92.045,134.666,142.056,132.925,132.704
1296.6,98.103,88.342,138.165,99.15,92.045,134.666,142.056,132.888,132.704
1296.7,98.103,88.342,138.232,99.211,92.112,134.666,142.056,132.888,132.704
1296.8,98.103,88.272,138.232,99.272,91.978,134.63,142.056,132.888,132.704
1296.9,98.041,88.272,138.199,99.211,92.112,134.666,142.025,132.888,132.741
1297.0,98.165,88.272,138.232,99.272,92.045,134.63,142.056,132.888,132.704
1297.1,98.103,88.272,138.165,99.15,91.978,134.666,142.087,132.999,132.704
1297.2,98.103,88.272,138.199,99.211,92.045,134.666,142.025,132.888,132.704
1297.3,98.165,88.272,138.165,99.15,91.978,134.666,142.025,132.888,132.741
1297.4,98.227,88.272,138.232,99.211,91.978,134.63,142.087,132.925,132.704
1297.5,98.165,88.342,138.199,99.211,91.844,134.594,142.025,132.888,132.704
1297.6,98.227,88.342,138.199,99.211,92.045,134.702,142.056,132.925,132.704
1297.7,98.227,88.342,138.199,99.15,91.911,134.594,142.056,132.888,132.741
1297.8,98.289,88.272,138.232,99.15,91.978,134.666,142.025,132.888,132.741
1297.9,98.227,88.272,138.232,99.211,91.978,134.63,142.087,132.925,132.741
1298.0,98.289,88.342,138.165,99.15,91.911,134.737,142.056,132.925,132.814
1298.1,98.289,88.342,138.199,99.272,91.978,134.63,142.025,132.888,132.741
1298.2,98.289,88.201,138.232,99.15,91.978,134.63,142.087,132.888,132.704
1298.3,98.413,88.272,138.266,99.211,91.978,134.702,142.025,132.962,132.704
1298.4,98.289,88.342,138.199,99.211,91.978,134.666,142.056,132.888,132.778
1298.5,98.351,88.342,138.199,99.15,91.911,134.773,142.056,132.925,132.741
1298.6,98.413,88.342,138.199,99.15,91.911,134.666,141.994,132.888,132.667
1298.7,98.413,88.342,138.199,99.15,91.911,134.737,142.056,132.888,132.704
1298.8,98.474,88.272,138.232,99.15,91.978,134.666,142.056,132.888,132.741
1298.9,98.474,88.272,138.266,99.211,91.911,134.63,142.025,132.925,132.704
1299.0,98.474,88.272,138.232,99.15,91.978,134.63,142.025,132.888,132.704
1299.1,98.536,88.272,138.232,99.211,91.911,134.666,142.025,132.851,132.704
1299.2,98.536,88.272,138.199,99.211,91.978,134.63,142.025,132.962,132.704
1299.3,98.474,88.342,138.199,99.15,91.911,134.702,142.025,132.925,132.741
1299.4,98.597,88.342,138.165,99.15,91.978,134.666,142.056,132.888,132.741
1299.5,98.536,88.272,138.199,99.211,91.911,134.63,142.056,132.925,132.704
1299.6,98.597,88.342,138.266,99.211,91.911,134.702,141.994,132.925,132.741
1299.7,98.659,88.342,138.199,99.211,91.911,134.63,142.056,132.925,132.741
1299.8,98.659,88.412,138.199,99.15,91.978,134.702,142.056,132.888,132.778
1299.9,98.721,88.342,138.199,99.15,91.844,134.666,142.087,132.925,132.778
