1410.0,101.615,85.339,138.733,100.961,90.694,134.915,142.181,132.072,131.922
1410.1,101.615,85.266,138.767,100.961,90.694,134.951,142.15,132.072,131.922
1410.2,101.615,85.484,138.767,100.961,90.762,134.915,142.15,131.96,131.922
1410.3,101.792,85.412,138.767,100.961,90.83,134.987,142.181,132.072,131.922
1410.4,101.733,85.339,138.8,100.961,90.694,134.915,142.212,132.072,131.922
1410.5,101.792,85.484,138.767,101.08,90.762,134.951,142.181,132.035,131.96
1410.6,101.792,85.412,138.767,100.961,90.762,134.987,142.119,131.997,131.885
1410.7,101.792,85.412,138.8,101.021,90.762,134.987,142.15,132.072,131.922
1410.8,101.851,85.412,138.833,101.021,90.762,134.951,142.244,132.072,131.885
1410.9,101.91,85.412,138.767,101.08,90.83,134.915,142.181,132.035,131.922
1411.0,101.851,85.412,138.767,101.08,90.83,134.915,142.15,132.072,131.848
1411.1,101.969,85.484,138.8,101.08,90.762,134.951,142.15,132.035,131.922
1411.2,102.028,85.484,138.767,101.08,90.83,134.915,142.15,132.035,131.885
1411.3,101.969,85.412,138.767,101.021,90.83,134.915,142.15,132.072,131.922
1411.4,102.028,85.339,138.7,101.14,90.762,134.915,142.212,132.035,131.922
1411.5,102.145,85.557,138.767,101.08,90.83,134.915,142.181,132.035,131.885
1411.6,102.145,85.484,138.767,101.08,90.83,134.951,142.244,132.035,131.848
1411.7,102.145,85.412,138.767,101.08,90.762,134.915,142.15,132.072,131.885
1411.8,102.262,85.412,138.833,101.08,90.898,134.951,142.181,132.035,131.922
1411.9,102.204,85.484,138.8,101.14,90.898,134.915,142.15,132.072,131.885
1412.0,102.262,85.484,138.733,101.08,90.83,134.915,142.15,132.035,131.885
1412.1,102.262,85.339,138.899,101.14,90.898,134.915,142.15,132.035,131.922
1412.2,102.321,85.484,138.866,101.2,90.898,134.915,142.15,132.035,131.922
1412.3,102.321,85.484,138.833,101.2,90.898,134.951,142.119,132.072,131.922
1412.4,102.438,85.557,138.767,101.14,90.966,134.951,142.15,132.035,131.922
1412.5,102.497,85.557,138.8,101.2,90.83,134.915,142.15,132.109,131.922
1412.6,102.438,85.557,138.8,101.2,90.83,134.951,142.119,132.072,131.922
1412.7,102.555,85.557,138.8,101.259,90.898,134.951,142.15,132.072,131.885
1412.8,102.613,85.557,138.833,101.2,90.966,134.915,142.181,132.035,131.96
1412.9,102.672,85.557,138.833,101.14,90.966,134.951,142.181,132.035,131.885
1413.0,102.73,85.63,138.833,101.08,90.898,134.987,142.119,131.96,131.885
1413.1,102.613,85.557,138.833,101.259,90.966,134.951,142.119,132.035,131.96
1413.2,102.788,85.557,138.866,101.2,90.966,134.915,142.119,132.035,131.885
1413.3,102.73,85.63,138.8,101.259,90.966,134.951,142.119,132.035,131.885
1413.4,102.73,85.63,138.899,101.259,90.966,134.951,142.119,132.109,131.96
1413.5,102.846,85.63,138.833,101.378,91.034,134.951,142.212,132.072,131.96
1413.6,102.788,85.63,138.866,101.2,90.966,134.951,142.119,132.035,131.885
1413.7,102.904,85.63,138.866,101.318,91.034,134.951,142.119,132.035,131.848
1413.8,102.904,85.63,138.899,101.318,91.034,134.951,142.212,132.035,131.96
1413.9,102.963,85.63,138.899,101.318,91.169,135.058,142.181,131.997,131.922
1414.0,102.963,85.557,138.866,101.318,91.034,134.951,142.119,132.072,131.922
1414.1,103.021,85.63,138.866,101.318,91.102,135.093,142.087,132.035,131.922
1414.2,103.079,85.702,138.899,101.318,91.102,134.951,142.15,132.035,131.885
1414.3,103.137,85.557,138.899,101.437,91.102,134.915,142.087,132.035,131.96
1414.4,103.195,85.775,138.866,101.378,91.034,134.951,142.15,132.035,131.922
1414.5,103.31,85.702,138.899,101.318,91.169,134.915,142.087,131.997,131.922
1414.6,103.252,85.775,138.899,101.496,91.169,134.915,142.119,132.035,131.885
1414.7,103.368,85.847,138.932,101.496,91.169,134.951,142.15,132.035,131.885
1414.8,103.426,85.702,138.899,101.496,91.169,134.915,142.15,132.035,131.96
1414.9,103.483,85.847,138.932,101.615,91.169,134.951,142.15,132.072,131.96
1415.0,103.483,85.775,138.899,101.496,91.305,134.915,142.15,132.072,131.885
1415.1,103.541,85.775,138.899,101.556,91.237,134.951,142.119,132.035,131.922
1415.2,103.541,85.847,138.932,101.615,91.44,134.951,142.15,132.072,131.922
1415.3,103.599,85.847,138.899,101.556,91.305,134.951,142.15,132.035,131.922
1415.4,103.771,85.919,138.899,101.615,91.372,134.987,142.119,132.035,131.922
1415.5,103.599,85.775,138.866,101.556,91.305,134.951,142.181,132.109,131.922
1415.6,103.714,85.919,138.966,101.615,91.372,134.951,142.15,132.035,131.885
1415.7,103.714,85.847,138.899,101.615,91.372,134.951,142.15,132.072,131.96
1415.8,103.771,85.919,138.966,101.674,91.372,134.987,142.212,132.035,131.997
1415.9,103.829,85.992,138.932,101.674,91.372,135.058,142.15,132.035,131.922
1416.0,103.829,85.919,138.932,101.733,91.372,134.915,142.212,132.147,131.885
1416.1,103.886,85.992,138.966,101.792,91.508,134.951,142.119,132.072,131.922
1416.2,104.0,85.992,138.932,101.733,91.44,134.987,142.15,132.072,132.035
1416.3,104.115,85.992,138.899,101.792,91.44,135.058,142.119,132.072,131.997
1416.4,104.172,86.064,138.932,101.792,91.508,134.951,142.15,131.997,131.96
1416.5,104.286,85.992,139.032,101.792,91.44,134.951,142.15,132.035,131.885
1416.6,104.172,86.064,138.932,101.851,91.508,134.951,142.119,132.035,131.96
1416.7,104.229,85.992,139.032,101.851,91.508,134.987,142.15,132.072,131.922
1416.8,104.229,86.064,138.966,101.851,91.575,134.951,142.15,132.109,131.96
1416.9,104.286,86.064,138.966,101.792,91.508,134.987,142.244,132.035,131.922
1417.0,104.286,85.992,138.966,101.91,91.575,134.951,142.15,132.109,131.922
1417.1,104.343,86.064,138.966,101.91,91.642,135.022,142.15,132.035,131.96
1417.2,104.457,86.064,139.032,101.969,91.575,134.987,142.119,132.109,131.922
1417.3,104.457,86.064,138.999,101.91,91.575,134.951,142.181,132.072,131.922
1417.4,104.457,86.064,138.966,101.969,91.642,135.058,142.181,132.035,131.997
1417.5,104.571,86.208,138.999,102.086,91.71,134.951,142.15,132.072,131.997
1417.6,104.571,86.136,138.999,101.91,91.642,135.022,142.181,132.109,131.848
1417.7,104.684,86.136,138.999,102.028,91.642,134.987,142.119,131.997,131.922
1417.8,104.798,86.208,138.999,102.086,91.777,134.951,142.15,132.072,131.922
1417.9,104.741,86.208,138.966,102.204,91.777,134.987,142.15,132.072,131.922
1418.0,104.798,86.208,139.032,102.204,91.844,134.987,142.119,131.997,131.922
1418.1,104.854,86.208,138.966,102.145,91.844,134.987,142.119,132.072,131.997
1418.2,104.911,86.28,139.032,102.262,91.844,134.987,142.15,131.997,131.997
1418.3,104.967,86.28,139.032,102.262,91.911,134.987,142.15,132.147,131.885
1418.4,105.024,86.28,138.999,102.262,92.045,134.987,142.15,132.072,131.96
1418.5,105.08,86.28,139.032,102.262,91.978,134.987,142.15,132.035,131.96
1418.6,105.137,86.28,139.065,102.321,91.978,135.093,142.15,132.035,131.922
1418.7,105.08,86.28,139.065,102.321,91.978,134.987,142.15,132.072,131.922
1418.8,105.137,86.28,138.999,102.321,91.978,134.987,142.15,132.072,131.922
1418.9,105.193,86.352,138.999,102.38,92.045,134.987,142.15,131.96,131.96
1419.0,105.193,86.352,139.098,102.321,91.978,135.022,142.119,132.072,131.96
1419.1,105.249,86.352,139.065,102.438,92.045,134.987,142.119,132.109,131.96
1419.2,105.249,86.352,138.999,102.38,92.112,134.987,142.119,132.072,131.96
1419.3,105.418,86.352,139.065,102.497,92.112,134.915,142.181,132.035,131.997
1419.4,105.418,86.496,139.032,102.555,92.179,134.987,142.119,132.109,131.922
1419.5,105.362,86.28,139.032,102.555,92.246,134.987,142.15,132.035,131.922
1419.6,105.474,86.496,139.098,102.613,92.246,134.987,142.15,132.072,131.997
1419.7,105.586,86.568,139.032,102.613,92.246,134.987,142.15,132.035,132.035
1419.8,105.642,86.424,139.098,102.672,92.246,134.987,142.15,132.035,131.922
1419.9,105.642,86.496,139.065,102.672,92.313,135.058,142.15,132.109,131.922
1420.0,105.698,86.496,139.065,102.672,92.313,135.058,142.15,132.072,131.997
1420.1,105.754,86.568,139.065,102.672,92.38,134.987,142.119,132.072,132.035
1420.2,105.754,86.568,139.131,102.672,92.38,135.093,142.181,132.072,131.997
1420.3,105.81,86.424,139.065,102.73,92.447,135.022,142.15,132.109,131.922
1420.4,105.866,86.496,139.098,102.788,92.447,135.022,142.119,132.072,131.997
1420.5,105.866,86.568,139.065,102.788,92.447,135.022,142.15,132.072,131.96
1420.6,105.922,86.639,139.098,102.904,92.447,135.058,142.181,132.072,131.922
1420.7,105.866,86.568,139.098,102.846,92.447,134.987,142.15,132.035,131.96
1420.8,105.977,86.568,139.065,102.904,92.513,135.022,142.181,132.035,131.997
1420.9,106.089,86.568,139.065,102.904,92.447,134.987,142.181,132.035,131.997
1421.0,106.089,86.639,139.098,102.904,92.513,135.022,142.056,132.035,131.96
1421.1,106.033,86.639,139.098,102.963,92.58,135.022,142.181,132.035,131.997
1421.2,106.2,86.639,139.098,103.079,92.646,134.987,142.15,132.072,131.922
1421.3,106.144,86.639,139.098,102.963,92.646,134.987,142.181,132.072,131.96
1421.4,106.255,86.639,139.098,103.021,92.713,134.987,142.056,132.035,131.96
1421.5,106.255,86.711,139.098,103.079,92.713,135.058,142.15,132.072,131.96
1421.6,106.311,86.639,139.131,103.079,92.779,134.987,142.212,132.072,131.997
1421.7,106.366,86.783,139.098,103.079,92.779,134.987,142.15,132.035,131.997
1421.8,106.366,86.711,139.065,103.195,92.846,134.987,142.181,132.109,131.96
1421.9,106.422,86.783,139.065,103.252,92.846,135.058,142.15,132.072,131.96
1422.0,106.477,86.783,139.098,103.252,92.978,135.022,142.119,132.072,131.997
1422.1,106.532,86.783,139.098,103.252,92.912,135.022,142.15,132.072,131.997
1422.2,106.588,86.854,139.131,103.31,92.912,135.022,142.15,132.109,131.922
1422.3,106.698,86.854,139.098,103.31,92.978,135.022,142.181,132.035,132.035
1422.4,106.643,86.783,139.098,103.368,92.978,134.987,142.181,132.109,131.922
1422.5,106.643,86.854,139.164,103.368,92.978,135.058,142.181,132.035,132.072
1422.6,106.753,86.854,139.131,103.368,93.044,135.022,142.275,132.072,131.997
1422.7,106.808,86.926,139.131,103.426,93.177,135.058,142.15,132.072,131.96
1422.8,106.753,86.854,139.131,103.426,93.11,135.058,142.119,132.109,132.072
1422.9,106.863,86.854,139.164,103.483,93.11,135.058,142.244,132.072,131.96
1423.0,106.808,86.926,139.131,103.426,93.243,135.022,142.15,132.072,132.035
1423.1,106.863,86.997,139.131,103.541,93.177,135.058,142.15,132.072,132.035
1423.2,107.083,86.997,139.23,103.599,93.243,134.987,142.15,132.147,132.035
1423.3,107.028,86.997,139.131,103.714,93.243,135.093,142.15,132.072,132.072
1423.4,107.083,86.926,139.098,103.599,93.44,135.022,142.181,132.109,131.997
1423.5,107.138,86.997,139.197,103.656,93.309,135.022,142.15,132.072,131.997
1423.6,107.083,86.997,139.23,103.771,93.44,135.058,142.15,132.109,131.997
1423.7,107.193,87.068,139.164,103.714,93.44,134.987,142.119,132.184,132.035
1423.8,107.193,87.068,139.164,103.829,93.44,135.058,142.181,132.109,131.997
1423.9,107.247,87.14,139.131,103.829,93.506,134.987,142.119,132.109,132.072
1424.0,107.357,87.14,139.164,103.886,93.506,135.058,142.212,132.072,131.997
1424.1,107.357,87.14,139.164,103.943,93.572,135.093,142.15,132.147,132.035
1424.2,107.466,87.211,139.131,103.943,93.572,135.058,142.181,132.109,131.997
1424.3,107.466,87.14,139.164,104.0,93.572,135.022,142.15,132.147,132.035
1424.4,107.521,87.211,139.164,104.0,93.638,135.058,142.15,132.147,131.96
1424.5,107.466,87.211,139.197,104.115,93.769,135.058,142.15,132.109,131.997
1424.6,107.575,87.282,139.164,104.058,93.769,135.058,142.181,132.109,132.035
1424.7,107.684,87.211,139.164,104.172,93.769,135.058,142.119,132.109,132.109
1424.8,107.684,87.353,139.164,104.172,93.834,135.058,142.15,132.147,131.997
1424.9,107.793,87.282,139.197,104.172,93.9,135.022,142.181,132.147,132.035
1425.0,107.793,87.14,139.197,104.172,93.9,135.022,142.181,132.147,132.072
1425.1,107.684,87.211,139.164,104.286,93.965,135.058,142.119,132.072,132.072
1425.2,107.847,87.353,139.23,104.343,93.965,134.987,142.244,132.147,132.035
1425.3,107.847,87.282,139.164,104.229,94.031,135.129,142.15,132.109,132.072
1425.4,107.901,87.353,139.23,104.343,94.031,135.093,142.212,132.147,131.997
1425.5,107.901,87.282,139.197,104.4,94.031,135.058,142.15,132.147,132.035
1425.6,107.955,87.353,139.164,104.457,94.031,135.093,142.15,132.109,132.035
1425.7,108.064,87.282,139.197,104.4,94.096,135.058,142.181,132.072,132.035
1425.8,107.901,87.353,139.197,104.514,94.096,135.093,142.212,132.109,132.035
1425.9,108.064,87.424,139.197,104.514,94.161,135.093,142.181,132.147,132.035
1426.0,108.172,87.424,139.197,104.628,94.161,135.093,142.087,132.147,132.035
1426.1,108.226,87.424,139.164,104.684,94.292,135.093,142.181,132.109,132.109
1426.2,108.226,87.424,139.197,104.684,94.357,135.093,142.15,132.147,132.035
1426.3,108.226,87.495,139.23,104.684,94.357,135.058,142.181,132.109,132.035
1426.4,108.28,87.495,139.197,104.741,94.357,135.093,142.119,132.109,132.259
1426.5,108.334,87.495,139.197,104.854,94.487,135.058,142.181,132.109,132.109
1426.6,108.388,87.495,139.23,104.798,94.422,135.129,142.181,132.109,132.072
1426.7,108.28,87.566,139.197,104.854,94.552,135.129,142.181,132.184,132.072
1426.8,108.388,87.566,139.23,104.911,94.552,135.093,142.181,132.109,132.072
1426.9,108.442,87.566,139.197,104.854,94.552,135.093,142.181,132.147,132.072
1427.0,108.495,87.566,139.23,104.911,94.552,135.093,142.181,132.221,131.997
1427.1,108.495,87.566,139.164,104.967,94.681,135.129,142.181,132.184,132.072
1427.2,108.549,87.566,139.197,105.024,94.681,135.093,142.181,132.109,132.072
1427.3,108.549,87.637,139.23,105.08,94.681,135.093,142.181,132.147,132.109
1427.4,108.603,87.637,139.23,105.08,94.746,135.129,142.15,132.147,132.072
1427.5,108.764,87.708,139.296,105.137,94.811,135.129,142.212,132.221,132.109
1427.6,108.71,87.708,139.197,105.193,94.94,135.129,142.181,132.147,132.072
1427.7,108.764,87.778,139.263,105.249,94.94,135.093,142.181,132.221,132.072
1427.8,108.817,87.778,139.23,105.306,94.94,135.129,142.181,132.184,132.109
1427.9,108.924,87.778,139.23,105.418,94.94,135.093,142.212,132.147,132.109
1428.0,108.871,87.708,139.23,105.362,95.005,135.093,142.181,132.221,132.109
1428.1,108.924,87.778,139.263,105.362,95.069,135.129,142.181,132.184,132.109
1428.2,108.978,87.849,139.197,105.418,95.134,135.164,142.15,132.184,132.221
1428.3,108.978,87.778,139.23,105.362,95.134,135.129,142.181,132.221,132.072
1428.4,109.031,87.849,139.23,105.474,95.134,135.129,142.181,132.147,132.109
1428.5,109.138,87.92,139.23,105.53,95.262,135.164,142.181,132.221,132.109
1428.6,109.138,87.92,139.197,105.586,95.327,135.093,142.181,132.221,132.147
1428.7,109.138,87.92,139.23,105.586,95.262,135.129,142.15,132.184,132.147
1428.8,109.138,87.99,139.362,105.586,95.262,135.129,142.212,132.184,132.109
1428.9,109.191,87.99,139.263,105.642,95.391,135.129,142.244,132.184,132.109
1429.0,109.191,87.92,139.23,105.642,95.391,135.164,142.181,132.184,132.147
1429.1,109.244,87.99,139.23,105.698,95.455,135.129,142.212,132.221,132.109
1429.2,109.298,87.99,139.263,105.754,95.519,135.129,142.119,132.221,132.109
1429.3,109.404,87.92,139.263,105.866,95.519,135.129,142.181,132.259,132.147
1429.4,109.298,87.99,139.23,105.922,95.519,135.199,142.181,132.259,132.147
1429.5,109.351,88.061,139.23,105.977,95.583,135.164,142.181,132.221,132.184
1429.6,109.457,87.99,139.23,105.922,95.711,135.164,142.15,132.221,132.109
1429.7,109.457,88.061,139.23,105.977,95.711,135.164,142.15,132.221,132.109
1429.8,109.51,88.201,139.329,105.977,95.775,135.164,142.181,132.221,132.184
1429.9,109.563,88.272,139.263,106.033,95.903,135.164,142.212,132.221,132.184
1430.0,109.616,88.131,139.263,106.089,95.839,135.199,142.181,132.221,132.184
1430.1,109.669,88.201,139.296,106.089,95.839,135.235,142.181,132.221,132.184
1430.2,109.669,88.201,139.296,106.144,95.967,135.199,142.15,132.259,132.184
1430.3,109.669,88.201,139.23,106.2,95.903,135.199,142.181,132.221,132.147
1430.4,109.722,88.272,139.296,106.2,96.03,135.164,142.181,132.259,132.184
1430.5,109.722,88.201,139.296,106.311,95.903,135.164,142.15,132.259,132.184
1430.6,109.722,88.201,139.263,106.311,96.03,135.235,142.212,132.184,132.184
1430.7,109.775,88.272,139.263,106.311,96.094,135.199,142.275,132.259,132.184
1430.8,109.775,88.342,139.296,106.311,96.158,135.129,142.212,132.259,132.221
1430.9,109.827,88.272,139.329,106.366,96.158,135.164,142.15,132.259,132.184
1431.0,109.827,88.342,139.263,106.311,96.158,135.129,142.244,132.259,132.184
1431.1,109.88,88.412,139.296,106.422,96.221,135.235,142.181,132.221,132.072
1431.2,109.985,88.272,139.296,106.422,96.221,135.235,142.181,132.221,132.184
1431.3,109.985,88.342,139.263,106.532,96.285,135.164,142.181,132.259,132.221
1431.4,110.038,88.342,139.263,106.588,96.348,135.164,142.181,132.296,132.184
1431.5,110.091,88.412,139.263,106.698,96.475,135.199,142.181,132.259,132.147
1431.6,110.091,88.552,139.296,106.698,96.538,135.164,142.181,132.296,132.221
1431.7,110.196,88.482,139.296,106.698,96.411,135.199,142.056,132.296,132.184
1431.8,110.248,88.482,139.263,106.753,96.538,135.058,142.181,132.259,132.184
1431.9,110.248,88.552,139.263,106.808,96.601,135.199,142.181,132.296,132.184
1432.0,110.248,88.552,139.329,106.863,96.601,135.164,142.212,132.333,132.184
1432.1,110.248,88.552,139.296,106.863,96.728,135.199,142.181,132.296,132.221
1432.2,110.301,88.622,139.329,106.698,96.728,135.199,142.212,132.221,132.221
1432.3,110.301,88.622,139.296,106.918,96.791,135.27,142.087,132.296,132.221
1432.4,110.196,88.622,139.329,106.973,96.791,135.199,142.212,132.296,132.184
1432.5,110.353,88.622,139.296,106.973,96.854,135.199,142.181,132.221,132.259
1432.6,110.405,88.692,139.329,106.973,96.854,135.164,142.212,132.37,132.221
1432.7,110.405,88.622,139.329,107.083,96.917,135.199,142.15,132.296,132.221
1432.8,110.353,88.622,139.362,107.028,96.917,135.199,142.181,132.444,132.259
1432.9,110.458,88.692,139.362,106.918,96.917,135.199,142.181,132.333,132.259
1433.0,110.51,88.692,139.296,107.193,96.98,135.199,142.119,132.333,132.221
1433.1,110.51,88.692,139.296,107.083,97.042,135.235,142.181,132.333,132.221
1433.2,110.562,88.762,139.329,107.138,97.042,135.199,142.212,132.37,132.259
1433.3,110.615,88.762,139.296,107.247,97.105,135.235,142.119,132.333,132.296
1433.4,110.562,88.762,139.362,107.193,97.105,135.235,142.15,132.333,132.37
1433.5,110.562,88.762,139.296,107.302,97.168,135.235,142.181,132.333,132.259
1433.6,110.615,88.762,139.329,107.247,97.168,135.199,142.181,132.333,132.221
1433.7,110.667,88.832,139.362,107.302,97.231,135.27,142.181,132.333,132.37
1433.8,110.719,88.692,139.329,107.466,97.356,135.27,142.212,132.333,132.259
1433.9,110.719,88.901,139.362,107.575,97.419,135.199,142.212,132.37,132.37
1434.0,110.927,88.971,139.362,107.575,97.543,135.199,142.244,132.296,132.259
1434.1,110.927,88.971,139.362,107.63,97.543,135.199,142.181,132.444,132.259
1434.2,110.927,88.971,139.329,107.63,97.731,135.27,142.212,132.407,132.296
1434.3,110.927,89.041,139.296,107.575,97.606,135.235,142.181,132.37,132.333
1434.4,110.979,88.971,139.329,107.738,97.731,135.305,142.275,132.444,132.296
1434.5,110.979,88.971,139.362,107.738,97.668,135.199,142.181,132.407,132.296
1434.6,111.031,89.041,139.329,107.847,97.731,135.235,142.181,132.407,132.37
1434.7,110.979,89.041,139.362,107.847,97.855,135.27,142.212,132.37,132.37
1434.8,111.083,89.249,139.263,107.847,97.855,135.27,142.181,132.37,132.296
1434.9,111.083,89.11,139.362,107.847,97.855,135.27,142.212,132.519,132.296
1435.0,111.083,89.11,139.427,108.01,97.855,135.27,142.212,132.444,132.37
1435.1,111.134,89.11,139.296,107.901,97.979,135.305,142.244,132.444,132.296
1435.2,111.186,89.11,139.362,107.955,97.979,135.235,142.181,132.444,132.296
1435.3,111.134,89.18,139.329,107.955,98.103,135.27,142.181,132.407,132.333
1435.4,111.186,89.18,139.329,107.955,98.227,135.27,142.212,132.407,132.296
1435.5,111.238,89.18,139.329,108.064,98.103,135.305,142.15,132.407,132.296
1435.6,111.186,89.249,139.329,108.118,98.103,135.27,142.212,132.444,132.37
1435.7,111.29,89.249,139.329,108.118,98.165,135.341,142.181,132.444,132.407
1435.8,111.29,89.249,139.362,108.064,98.227,135.305,142.244,132.482,132.37
1435.9,111.341,89.249,139.362,108.226,98.227,135.27,142.275,132.556,132.296
1436.0,111.341,89.249,139.329,108.226,98.289,135.27,142.212,132.444,132.333
1436.1,111.393,89.249,139.296,108.28,98.351,135.341,142.212,132.482,132.444
1436.2,111.496,89.388,139.329,108.334,98.474,135.305,142.181,132.444,132.333
1436.3,111.548,89.388,139.296,108.442,98.474,135.411,142.212,132.444,132.444
1436.4,111.599,89.388,139.329,108.549,98.597,135.305,142.212,132.519,132.407
1436.5,111.702,89.526,139.394,108.495,98.659,135.305,142.244,132.482,132.407
1436.6,111.65,89.457,139.362,108.549,98.721,135.27,142.181,132.519,132.333
1436.7,111.702,89.526,139.362,108.603,98.782,135.305,142.181,132.482,132.407
1436.8,111.753,89.526,139.362,108.603,98.782,135.305,142.212,132.519,132.37
1436.9,111.753,89.596,139.362,108.603,98.905,135.305,142.212,132.519,132.407
1437.0,111.753,89.596,139.427,108.764,98.905,135.341,142.181,132.482,132.407
1437.1,111.702,89.596,139.394,108.657,98.966,135.305,142.244,132.519,132.407
1437.2,111.753,89.596,139.362,108.764,98.905,135.341,142.244,132.519,132.482
1437.3,111.805,89.596,139.394,108.764,98.966,135.305,142.181,132.519,132.407
1437.4,111.856,89.665,139.394,108.71,99.027,135.305,142.212,132.556,132.407
1437.5,111.856,89.596,139.362,108.817,99.088,135.341,142.181,132.593,132.407
1437.6,111.907,89.665,139.362,108.71,99.027,135.27,142.244,132.556,132.407
1437.7,111.856,89.734,139.394,108.871,99.15,135.341,142.244,132.519,132.444
1437.8,111.958,89.734,139.394,109.031,99.272,135.341,142.181,132.593,132.444
1437.9,112.009,89.803,139.362,109.031,99.272,135.341,142.181,132.593,132.482
1438.0,112.061,89.734,139.362,109.031,99.333,135.341,142.181,132.519,132.444
1438.1,112.009,89.734,139.394,109.031,99.394,135.341,142.212,132.593,132.444
1438.2,112.112,89.871,139.362,109.138,99.394,135.341,142.275,132.556,132.482
1438.3,112.112,89.871,139.362,109.085,99.394,135.305,142.15,132.556,132.444
1438.4,112.214,89.803,139.394,109.138,99.515,135.341,142.212,132.556,132.444
1438.5,112.163,89.871,139.394,109.085,99.455,135.376,142.181,132.556,132.444
1438.6,112.163,89.871,139.362,109.191,99.576,135.341,142.212,132.556,132.444
1438.7,112.112,89.803,139.394,109.191,99.637,135.341,142.244,132.556,132.519
1438.8,112.163,89.94,139.427,109.244,99.698,135.341,142.181,132.593,132.482
1438.9,112.214,89.94,139.427,109.298,99.576,135.376,142.244,132.593,132.482
1439.0,112.214,89.94,139.362,109.351,99.758,135.341,142.181,132.593,132.444
1439.1,112.265,89.94,139.394,109.298,99.698,135.341,142.244,132.482,132.482
1439.2,112.265,90.078,139.427,109.298,99.758,135.341,142.119,132.704,132.482
1439.3,112.316,90.009,139.362,109.351,99.758,135.411,142.212,132.593,132.482
1439.4,112.265,90.078,139.394,109.404,99.819,135.341,142.212,132.593,132.556
1439.5,112.316,90.078,139.46,109.404,99.88,135.411,142.212,132.593,132.482
1439.6,112.366,90.078,139.362,109.457,99.88,135.27,142.15,132.63,132.519
1439.7,112.366,90.009,139.394,109.457,99.94,135.305,142.212,132.593,132.482
1439.8,112.366,90.146,139.394,109.616,100.0,135.411,142.212,132.593,132.482
1439.9,112.417,90.215,139.394,109.563,100.061,135.376,142.212,132.667,132.556
1440.0,112.468,90.215,139.427,109.616,100.121,135.341,142.306,132.63,132.556
1440.1,112.468,90.215,139.394,109.669,100.061,135.341,142.181,132.63,132.519
1440.2,112.468,90.284,139.427,109.669,100.182,135.482,142.181,132.63,132.519
1440.3,112.519,90.284,139.46,109.669,100.302,135.411,142.212,132.63,132.556
1440.4,112.57,90.284,139.394,109.827,100.302,135.341,142.181,132.704,132.519
1440.5,112.57,90.284,139.394,109.775,100.362,135.411,142.212,132.667,132.519
1440.6,112.722,90.352,139.394,109.88,100.362,135.376,142.275,132.667,132.556
1440.7,112.62,90.352,139.394,109.827,100.542,135.376,142.244,132.704,132.556
1440.8,112.671,90.421,139.427,109.933,100.482,135.376,142.212,132.667,132.519
1440.9,112.671,90.352,139.394,109.933,100.482,135.411,142.244,132.667,132.593
1441.0,112.671,90.421,139.46,109.88,100.542,135.411,142.212,132.63,132.593
1441.1,112.722,90.421,139.427,109.933,100.542,135.376,142.212,132.741,132.556
1441.2,112.722,90.421,139.362,109.933,100.602,135.411,142.212,132.704,132.556
1441.3,112.772,90.352,139.394,110.038,100.662,135.411,142.212,132.778,132.593
1441.4,112.772,90.489,139.427,110.038,100.722,135.411,142.244,132.741,132.593
1441.5,112.772,90.557,139.427,110.143,100.722,135.411,142.212,132.741,132.63
1441.6,112.823,90.557,139.394,110.143,100.782,135.411,142.244,132.741,132.593
1441.7,112.823,90.626,139.394,110.248,100.782,135.411,142.212,132.667,132.556
1441.8,112.873,90.626,139.427,110.248,101.021,135.411,142.275,132.704,132.593
1441.9,113.025,90.626,139.394,110.301,101.08,135.411,142.244,132.667,132.63
1442.0,112.974,90.626,139.427,110.353,101.14,135.411,142.244,132.741,132.63
1442.1,112.974,90.762,139.394,110.353,101.14,135.447,142.181,132.778,132.63
1442.2,112.974,90.626,139.46,110.353,101.14,135.447,142.244,132.778,132.593
1442.3,113.025,90.694,139.394,110.405,101.2,135.447,142.244,132.851,132.593
1442.4,113.125,90.762,139.394,110.353,101.2,135.447,142.244,132.814,132.63
1442.5,113.075,90.762,139.427,110.51,101.318,135.447,142.244,132.778,132.63
1442.6,113.125,90.83,139.427,110.51,101.259,135.411,142.275,132.778,132.667
1442.7,113.075,90.762,139.46,110.51,101.378,135.447,142.244,132.814,132.667
1442.8,113.176,90.898,139.493,110.51,101.318,135.447,142.275,132.814,132.667
1442.9,113.125,90.898,139.427,110.562,101.437,135.552,142.244,132.778,132.704
1443.0,113.176,90.966,139.493,110.562,101.437,135.447,142.212,132.814,132.704
1443.1,113.176,90.83,139.427,110.615,101.496,135.447,142.212,132.814,132.63
1443.2,113.176,90.966,139.427,110.615,101.496,135.447,142.212,132.814,132.667
1443.3,113.276,90.966,139.46,110.771,101.615,135.447,142.212,132.851,132.667
1443.4,113.226,90.966,139.526,110.719,101.615,135.447,142.212,132.851,132.667
1443.5,113.326,91.034,139.427,110.719,101.674,135.517,142.244,132.814,132.667
1443.6,113.377,91.034,139.493,110.771,101.733,135.482,142.244,132.851,132.667
1443.7,113.377,91.102,139.427,110.823,101.792,135.447,142.212,132.851,132.667
1443.8,113.326,91.034,139.427,110.823,101.733,135.447,142.244,132.814,132.704
1443.9,113.427,91.102,139.493,110.875,101.91,135.517,142.244,132.851,132.704
1444.0,113.427,91.102,139.394,110.927,101.969,135.587,142.306,132.888,132.667
1444.1,113.427,91.169,139.427,110.979,101.969,135.482,142.244,132.888,132.741
1444.2,113.427,91.169,139.427,110.979,102.086,135.447,142.244,132.851,132.667
1444.3,113.427,91.169,139.46,110.979,102.028,135.447,142.244,132.888,132.667
1444.4,113.477,91.169,139.427,110.823,102.086,135.482,142.244,132.888,132.741
1444.5,113.477,91.237,139.493,111.031,102.086,135.482,142.212,132.888,132.741
1444.6,113.527,91.237,139.329,111.031,102.204,135.447,142.244,132.888,132.778
1444.7,113.627,91.237,139.46,111.083,102.145,135.517,142.306,132.888,132.704
1444.8,113.577,91.237,139.427,111.134,102.321,135.482,142.275,132.888,132.704
1444.9,113.527,91.237,139.46,111.134,102.262,135.482,142.244,132.925,132.667
1445.0,113.527,91.305,139.394,111.186,102.262,135.482,142.244,132.925,132.741
1445.1,113.577,91.305,139.493,111.134,102.321,135.482,142.306,132.925,132.741
1445.2,113.627,91.305,139.46,111.238,102.38,135.482,142.275,132.888,132.741
1445.3,113.627,91.372,139.46,111.186,102.38,135.482,142.244,132.888,132.778
1445.4,113.677,91.372,139.493,111.186,102.438,135.482,142.244,132.925,132.741
1445.5,113.677,91.44,139.526,111.238,102.497,135.482,142.244,132.999,132.741
1445.6,113.677,91.44,139.46,111.29,102.497,135.482,142.244,132.925,132.778
1445.7,113.727,91.372,139.46,111.29,102.555,135.552,142.244,132.962,132.778
1445.8,113.627,91.44,139.46,111.444,102.613,135.482,142.244,132.999,132.778
1445.9,113.777,91.508,139.46,111.341,102.73,135.482,142.212,132.962,132.814
1446.0,113.826,91.575,139.394,111.393,102.73,135.517,142.275,132.999,132.778
1446.1,113.826,91.575,139.46,111.444,102.788,135.482,142.244,132.925,132.814
1446.2,113.826,91.508,139.427,111.496,102.788,135.517,142.244,132.962,132.778
1446.3,113.826,91.508,139.427,111.548,102.788,135.552,142.306,132.962,132.778
1446.4,113.876,91.642,139.46,111.548,102.904,135.517,142.181,132.999,132.851
1446.5,113.876,91.642,139.427,111.548,103.021,135.517,142.275,132.925,132.778
1446.6,113.976,91.642,139.493,111.65,103.021,135.517,142.306,132.962,132.814
1446.7,113.976,91.777,139.427,111.702,103.137,135.552,142.275,132.999,132.851
1446.8,113.976,91.71,139.493,111.702,103.137,135.552,142.244,133.035,132.888
1446.9,114.025,91.844,139.46,111.753,103.137,135.447,142.275,132.999,132.778
1447.0,113.976,91.844,139.526,111.753,103.195,135.517,142.275,133.035,132.851
1447.1,114.025,91.777,139.493,111.753,103.252,135.552,142.275,133.035,132.851
1447.2,114.025,91.844,139.427,111.805,103.31,135.552,142.337,133.035,132.851
1447.3,114.075,91.911,139.493,111.856,103.368,135.517,142.244,133.072,132.851
1447.4,114.174,91.911,139.493,111.856,103.483,135.517,142.244,133.072,132.888
1447.5,114.174,91.978,139.493,111.958,103.541,135.517,142.275,133.035,132.925
1447.6,114.125,92.045,139.46,112.009,103.541,135.552,142.244,133.072,132.888
1447.7,114.224,91.978,139.493,112.061,103.541,135.552,142.212,133.072,132.851
1447.8,114.174,92.045,139.46,112.009,103.599,135.552,142.306,133.182,132.925
1447.9,114.174,92.112,139.493,112.009,103.656,135.552,142.275,133.109,132.888
1448.0,114.174,92.045,139.493,112.009,103.656,135.552,142.244,133.072,132.888
1448.1,114.224,92.045,139.493,112.061,103.714,135.552,142.244,133.072,132.888
1448.2,114.273,92.112,139.46,112.163,103.771,135.658,142.306,133.109,132.888
1448.3,114.224,92.112,139.526,112.112,103.771,135.552,142.306,133.109,132.888
1448.4,114.323,92.179,139.493,112.112,103.829,135.587,142.244,133.109,132.962
1448.5,114.323,92.246,139.46,112.214,103.886,135.623,142.244,133.109,132.925
1448.6,114.273,92.179,139.46,112.316,104.0,135.623,142.275,133.109,132.888
1448.7,114.323,92.313,139.46,112.265,104.0,135.693,142.275,133.109,132.925
1448.8,114.471,92.313,139.493,112.265,104.058,135.552,142.306,133.182,132.925
1448.9,114.372,92.38,139.493,112.366,104.172,135.552,142.244,133.146,132.925
1449.0,114.471,92.38,139.526,112.366,104.172,135.587,142.275,133.219,132.925
1449.1,114.471,92.313,139.493,112.316,104.286,135.587,142.275,133.182,132.925
1449.2,114.471,92.38,139.493,112.468,104.286,135.623,142.306,133.146,132.962
1449.3,114.372,92.447,139.493,112.417,104.4,135.587,142.337,133.146,132.962
1449.4,114.52,92.447,139.493,112.57,104.4,135.587,142.275,133.146,132.962
1449.5,114.52,92.513,139.493,112.468,104.457,135.552,142.306,133.255,132.962
1449.6,114.619,92.58,139.493,112.57,104.514,135.623,142.275,133.182,132.999
1449.7,114.619,92.447,139.493,112.57,104.571,135.623,142.244,133.219,133.109
1449.8,114.569,92.58,139.46,112.62,104.684,135.658,142.306,133.219,132.999
1449.9,114.668,92.58,139.493,112.62,104.684,135.623,142.275,133.219,132.999
1450.0,114.766,92.646,139.493,112.57,104.741,135.623,142.275,133.219,132.999
1450.1,114.668,92.646,139.493,112.722,104.798,135.552,142.306,133.255,133.035
1450.2,114.668,92.779,139.526,112.772,104.798,135.587,142.306,133.219,132.999
1450.3,114.668,92.846,139.493,112.722,104.854,135.658,142.275,133.292,133.035
1450.4,114.766,92.779,139.526,112.823,104.967,135.658,142.306,133.255,133.035
1450.5,114.766,92.779,139.46,112.823,105.024,135.587,142.306,133.255,132.999
1450.6,114.766,92.846,139.526,112.924,105.08,135.693,142.275,133.255,133.072
1450.7,114.815,92.912,139.493,112.873,105.137,135.658,142.275,133.329,133.035
1450.8,114.864,92.912,139.526,112.974,105.193,135.658,142.306,133.292,133.109
1450.9,114.815,92.912,139.558,112.974,105.249,135.623,142.275,133.182,133.072
1451.0,114.864,93.044,139.493,112.974,105.306,135.658,142.275,133.292,133.072
1451.1,114.913,92.978,139.493,113.025,105.362,135.623,142.368,133.329,133.072
1451.2,114.913,93.044,139.526,113.025,105.418,135.658,142.306,133.292,133.072
1451.3,114.962,93.044,139.657,113.125,105.418,135.623,142.306,133.365,133.072
1451.4,114.864,93.11,139.526,113.125,105.474,135.623,142.275,133.365,133.109
1451.5,114.962,93.11,139.493,113.075,105.53,135.658,142.306,133.329,133.146
1451.6,115.011,93.11,139.526,113.125,105.53,135.658,142.275,133.365,133.146
1451.7,115.011,93.177,139.493,113.176,105.586,135.658,142.275,133.365,133.182
1451.8,115.011,93.177,139.493,113.176,105.53,135.658,142.119,133.329,133.072
1451.9,115.109,93.177,139.526,113.176,105.642,135.658,142.337,133.329,133.109
1452.0,115.011,93.177,139.46,113.226,105.754,135.693,142.275,133.365,133.146
1452.1,115.109,93.243,139.493,113.276,105.754,135.623,142.306,133.329,132.999
1452.2,115.109,93.309,139.526,113.276,105.81,135.658,142.337,133.438,133.146
1452.3,115.06,93.309,139.558,113.276,105.977,135.658,142.181,133.365,133.146
1452.4,115.158,93.309,139.591,113.326,105.866,135.693,142.275,133.402,133.146
1452.5,115.158,93.309,139.493,113.326,106.089,135.658,142.275,133.402,133.182
1452.6,115.109,93.374,139.493,113.477,105.977,135.693,142.306,133.365,133.146
1452.7,115.207,93.44,139.526,113.427,106.089,135.693,142.306,133.438,133.182
1452.8,115.207,93.506,139.591,113.377,106.089,135.728,142.275,133.402,133.146
1452.9,115.256,93.506,139.493,113.527,106.144,135.728,142.275,133.438,133.219
1453.0,115.256,93.506,139.493,113.477,106.2,135.728,142.306,133.402,133.219
1453.1,115.207,93.572,139.493,113.527,106.255,135.693,142.306,133.402,133.219
1453.2,115.304,93.638,139.558,113.527,106.311,135.693,142.306,133.438,133.219
1453.3,115.353,93.638,139.526,113.627,106.366,135.658,142.337,133.438,133.219
1453.4,115.353,93.638,139.493,113.677,106.422,135.763,142.337,133.511,133.219
1453.5,115.353,93.703,139.526,113.627,106.532,135.658,142.306,133.475,133.219
1453.6,115.353,93.703,139.493,113.677,106.532,135.693,142.306,133.475,133.219
1453.7,115.402,93.9,139.526,113.677,106.588,135.763,142.275,133.475,133.219
1453.8,115.353,93.769,139.493,113.727,106.588,135.693,142.306,133.475,133.219
1453.9,115.45,93.769,139.591,113.777,106.643,135.728,142.306,133.475,133.219
1454.0,115.353,93.834,139.526,113.727,106.698,135.693,142.337,133.475,133.219
1454.1,115.45,93.834,139.493,113.777,106.753,135.728,142.306,133.475,133.255
1454.2,115.45,93.9,139.526,113.777,106.753,135.728,142.306,133.511,133.255
1454.3,115.45,93.834,139.46,113.777,106.863,135.763,142.368,133.475,133.292
1454.4,115.548,93.9,139.558,113.876,106.863,135.728,142.462,133.511,133.292
1454.5,115.499,93.9,139.526,113.876,106.973,135.728,142.306,133.511,133.292
1454.6,115.548,93.965,139.526,113.876,106.863,135.728,142.306,133.584,133.255
1454.7,115.499,93.965,139.558,113.876,107.028,135.693,142.368,133.511,133.365
1454.8,115.499,94.031,139.558,113.976,107.028,135.728,142.306,133.548,133.219
1454.9,115.596,94.096,139.558,113.926,106.973,135.693,142.337,133.511,133.255
1455.0,115.596,94.096,139.526,113.876,107.138,135.728,142.306,133.548,133.292
1455.1,115.548,94.031,139.558,113.976,107.138,135.763,142.306,133.548,133.292
1455.2,115.693,94.226,139.558,113.976,107.247,135.693,142.306,133.548,133.292
1455.3,115.645,94.161,139.558,114.125,107.302,135.728,142.306,133.657,133.292
1455.4,115.645,94.226,139.526,114.075,107.357,135.728,142.306,133.548,133.292
1455.5,115.693,94.226,139.558,114.174,107.411,135.728,142.337,133.584,133.292
1455.6,115.693,94.292,139.526,114.125,107.357,135.728,142.306,133.584,133.292
1455.7,115.693,94.422,139.493,114.174,107.466,135.728,142.306,133.584,133.292
1455.8,115.693,94.226,139.526,114.174,107.466,135.798,142.306,133.584,133.438
1455.9,115.742,94.292,139.558,114.174,107.521,135.798,142.306,133.584,133.365
1456.0,115.742,94.226,139.591,114.224,107.63,135.728,142.306,133.584,133.329
1456.1,115.79,94.487,139.558,114.224,107.63,135.763,142.306,133.62,133.365
1456.2,115.79,94.422,139.526,114.273,107.575,135.763,142.306,133.584,133.402
1456.3,115.742,94.487,139.526,114.273,107.738,135.763,142.306,133.693,133.365
1456.4,115.79,94.422,139.526,114.273,107.521,135.763,142.306,133.584,133.329
1456.5,115.838,94.487,139.558,114.372,107.738,135.763,142.337,133.62,133.365
1456.6,115.838,94.552,139.558,114.323,107.63,135.728,142.337,133.693,133.365
1456.7,115.79,94.487,139.558,114.323,107.847,135.728,142.337,133.584,133.365
1456.8,115.887,94.487,139.526,114.372,107.847,135.728,142.275,133.693,133.329
1456.9,115.887,94.552,139.526,114.421,107.901,135.798,142.306,133.693,133.402
1457.0,115.887,94.552,139.558,114.372,107.901,135.763,142.306,133.511,133.402
1457.1,115.935,94.552,139.526,114.421,107.955,135.693,142.368,133.657,133.402
1457.2,115.838,94.681,139.558,114.421,108.01,135.798,142.306,133.657,133.438
1457.3,115.935,94.681,139.493,114.471,108.064,135.798,142.306,133.62,133.365
1457.4,115.935,94.681,139.558,114.471,108.064,135.798,142.337,133.657,133.402
1457.5,115.983,94.681,139.493,114.421,108.172,135.763,142.399,133.729,133.402
1457.6,115.983,94.746,139.526,114.471,108.118,135.798,142.212,133.693,133.438
1457.7,115.887,94.811,139.526,114.569,108.226,135.763,142.337,133.693,133.438
1457.8,115.983,94.94,139.526,114.569,108.334,135.833,142.306,133.693,133.438
1457.9,115.983,94.811,139.526,114.619,108.28,135.763,142.306,133.729,133.475
1458.0,116.031,94.876,139.558,114.569,108.388,135.693,142.275,133.693,133.511
1458.1,115.983,94.94,139.558,114.569,108.334,135.798,142.337,133.693,133.402
1458.2,116.031,94.746,139.526,114.619,108.442,135.798,142.337,133.693,133.475
1458.3,116.128,94.94,139.558,114.668,108.495,135.798,142.337,133.729,133.475
1458.4,116.176,95.069,139.558,114.668,108.495,135.763,142.337,133.766,133.438
1458.5,116.128,95.069,139.526,114.815,108.603,135.798,142.368,133.729,133.438
1458.6,116.128,95.005,139.558,114.668,108.549,135.833,142.337,133.802,133.438
1458.7,116.128,95.134,139.591,114.766,108.603,135.833,142.337,133.766,133.475
1458.8,116.128,95.069,139.558,114.766,108.71,135.798,142.306,133.657,133.475
1458.9,116.128,95.134,139.526,114.766,108.71,135.833,142.212,133.693,133.475
1459.0,116.176,95.069,139.558,114.815,108.817,135.833,142.337,133.766,133.475
1459.1,116.176,95.134,139.558,114.815,108.817,135.868,142.337,133.802,133.511
1459.2,116.224,95.134,139.558,114.864,108.924,135.973,142.337,133.766,133.511
1459.3,116.32,95.327,139.558,114.913,108.871,135.763,142.337,133.838,133.584
1459.4,116.224,95.327,139.558,114.913,108.924,135.903,142.368,133.838,133.548
1459.5,116.32,95.327,139.657,114.962,109.031,135.798,142.337,133.838,133.511
1459.6,116.272,95.391,139.591,115.011,109.031,135.868,142.337,133.766,133.511
1459.7,116.272,95.391,139.558,115.011,109.138,135.833,142.368,133.766,133.584
1459.8,116.368,95.455,139.558,114.962,109.138,135.938,142.337,133.802,133.511
1459.9,116.368,95.391,139.591,114.962,109.191,135.868,142.337,133.802,133.584
1460.0,116.32,95.583,139.526,115.06,109.244,135.833,142.368,133.874,133.548
1460.1,116.368,95.519,139.558,115.256,109.244,135.903,142.337,133.838,133.548
1460.2,116.32,95.647,139.558,115.06,109.298,135.833,142.337,133.838,133.548
1460.3,116.416,95.583,139.624,115.109,109.298,135.833,142.368,133.838,133.548
1460.4,116.416,95.583,139.558,115.109,109.457,135.833,142.399,133.838,133.548
1460.5,116.416,95.583,139.558,115.158,109.404,135.868,142.368,133.838,133.62
1460.6,116.416,95.647,139.558,115.158,109.457,135.833,142.368,133.874,133.62
1460.7,116.416,95.647,139.591,115.158,109.457,135.833,142.337,133.838,133.584
1460.8,116.464,95.711,139.558,115.158,109.51,135.833,142.368,133.874,133.584
1460.9,116.512,95.711,139.558,115.158,109.563,135.833,142.368,133.802,133.584
1461.0,116.464,95.711,139.558,115.207,109.669,135.868,142.368,133.947,133.584
1461.1,116.56,95.711,139.591,115.256,109.616,135.833,142.368,133.874,133.62
1461.2,116.464,95.775,139.558,115.256,109.669,135.938,142.368,133.911,133.584
1461.3,116.512,95.839,139.591,115.207,109.669,135.903,142.337,133.874,133.584
1461.4,116.512,95.839,139.558,115.304,109.669,135.868,142.337,133.874,133.62
1461.5,116.512,95.839,139.591,115.304,109.775,135.868,142.306,133.874,133.584
1461.6,116.56,95.839,139.526,115.353,109.88,135.868,142.337,133.874,133.62
1461.7,116.607,95.967,139.591,115.304,109.88,135.868,142.493,133.874,133.62
1461.8,116.607,95.967,139.591,115.353,110.038,135.868,142.337,133.911,133.657
1461.9,116.56,96.03,139.624,115.45,109.985,135.868,142.368,133.911,133.62
1462.0,116.655,96.094,139.591,115.402,110.038,135.868,142.337,133.983,133.62
1462.1,116.607,96.094,139.624,115.45,110.091,135.903,142.368,133.911,133.693
1462.2,116.655,96.094,139.591,115.548,110.091,135.903,142.337,133.947,133.657
1462.3,116.655,96.094,139.558,115.45,110.196,135.868,142.399,133.874,133.657
1462.4,116.703,96.158,139.591,115.499,110.196,135.903,142.368,133.911,133.693
1462.5,116.655,96.158,139.624,115.45,110.248,135.903,142.337,133.983,133.693
1462.6,116.703,96.221,139.558,115.499,110.248,135.973,142.43,133.983,133.693
1462.7,116.798,96.158,139.624,115.499,110.353,135.973,142.399,133.947,133.693
1462.8,116.703,96.221,139.558,115.548,110.353,135.903,142.337,133.947,133.766
1462.9,116.751,96.285,139.591,115.596,110.458,135.903,142.337,133.983,133.693
1463.0,116.798,96.411,139.624,115.596,110.405,135.973,142.368,134.019,133.693
1463.1,116.798,96.348,139.624,115.645,110.458,135.903,142.337,133.947,133.802
1463.2,116.751,96.348,139.591,115.645,110.562,135.973,142.368,133.983,133.729
1463.3,116.798,96.411,139.624,115.742,110.562,135.938,142.337,133.947,133.693
1463.4,116.846,96.348,139.558,115.645,110.615,135.903,142.399,133.983,133.657
1463.5,116.846,96.538,139.558,115.693,110.667,135.868,142.368,134.019,133.693
1463.6,116.846,96.475,139.624,115.742,110.771,136.008,142.399,133.947,133.766
1463.7,116.941,96.601,139.591,115.742,110.771,135.938,142.399,133.983,133.693
1463.8,116.894,96.538,139.591,115.79,110.771,135.903,142.306,133.983,133.729
1463.9,116.941,96.538,139.591,115.693,110.667,135.903,142.337,133.983,133.729
1464.0,116.846,96.601,139.591,115.742,110.875,135.903,142.368,134.019,133.766
1464.1,116.846,96.601,139.689,115.79,110.927,135.903,142.368,133.983,133.766
1464.2,116.989,96.728,139.558,115.79,110.875,135.903,142.399,134.019,133.729
1464.3,116.894,96.728,139.591,115.838,110.927,135.903,142.368,134.055,133.729
1464.4,116.941,96.728,139.624,115.887,111.031,135.938,142.337,134.019,133.766
1464.5,116.941,96.728,139.591,115.79,111.031,135.903,142.368,134.055,133.729
1464.6,116.941,96.728,139.591,115.838,111.083,135.938,142.368,134.019,133.729
1464.7,116.941,96.791,139.591,115.79,111.134,135.868,142.399,134.019,133.729
1464.8,116.941,96.791,139.558,115.935,111.134,135.903,142.368,133.983,133.766
1464.9,116.941,96.791,139.624,115.935,111.186,135.973,142.399,134.055,133.766
1465.0,116.989,96.854,139.624,115.935,111.186,135.973,142.368,134.091,133.766
1465.1,116.989,96.854,139.689,115.935,111.29,135.973,142.337,134.055,133.802
1465.2,117.036,96.917,139.591,116.031,111.29,135.938,142.368,134.091,133.729
1465.3,117.036,96.98,139.591,116.031,111.393,136.008,142.399,134.091,133.838
1465.4,117.084,97.168,139.624,116.031,111.444,135.938,142.368,134.055,133.802
1465.5,117.036,97.042,139.624,116.08,111.548,135.938,142.43,134.127,133.838
1465.6,117.179,97.042,139.591,116.031,111.65,136.043,142.43,134.091,133.802
1465.7,117.084,97.231,139.624,116.08,111.65,135.973,142.368,134.127,133.838
1465.8,117.084,97.105,139.624,116.128,111.599,135.973,142.399,134.127,133.874
1465.9,117.131,97.231,139.591,116.176,111.702,135.973,142.275,134.127,133.838
1466.0,117.131,97.168,139.657,116.128,111.702,135.973,142.368,134.2,133.838
1466.1,117.131,97.231,139.657,116.176,111.702,135.938,142.368,134.164,133.874
1466.2,117.179,97.293,139.624,116.128,111.805,135.973,142.306,134.164,133.838
1466.3,117.273,97.293,139.624,116.176,111.856,135.973,142.337,134.127,133.838
1466.4,117.179,97.419,139.624,116.176,111.907,135.973,142.368,134.127,133.838
1466.5,117.226,97.293,139.624,116.176,111.907,135.973,142.368,134.272,133.838
1466.6,117.273,97.356,139.657,116.176,111.907,135.973,142.43,134.127,133.874
1466.7,117.273,97.419,139.526,116.272,111.958,135.973,142.368,134.127,133.874
1466.8,117.321,97.356,139.624,116.272,112.061,135.973,142.368,134.2,133.874
1466.9,117.273,97.543,139.657,116.272,112.009,135.938,142.368,134.164,133.838
1467.0,117.226,97.543,139.657,116.224,112.009,135.938,142.43,134.2,133.874
1467.1,117.321,97.481,139.624,116.368,112.061,135.973,142.368,134.164,133.983
1467.2,117.273,97.543,139.591,116.32,112.112,135.973,142.399,134.164,133.874
1467.3,117.273,97.606,139.624,116.368,112.112,135.973,142.399,134.2,133.947
1467.4,117.321,97.668,139.657,116.368,112.163,135.973,142.368,134.2,133.911
1467.5,117.321,97.731,139.624,116.368,112.265,135.973,142.399,134.164,133.911
1467.6,117.368,97.606,139.624,116.464,112.265,135.973,142.399,134.2,133.947
1467.7,117.368,97.731,139.624,116.416,112.316,136.008,142.43,134.2,133.947
1467.8,117.368,97.793,139.657,116.416,112.417,136.008,142.399,134.2,133.911
1467.9,117.368,97.793,139.624,116.416,112.468,136.008,142.368,134.236,133.911
1468.0,117.415,97.793,139.624,116.416,112.468,136.008,142.399,134.236,134.019
1468.1,117.415,97.855,139.657,116.512,112.519,135.973,142.399,134.343,133.983
1468.2,117.415,97.855,139.624,116.512,112.57,136.112,142.399,134.272,133.911
1468.3,117.415,98.041,139.657,116.512,112.57,136.043,142.399,134.236,133.911
1468.4,117.462,97.917,139.657,116.56,112.62,136.008,142.43,134.236,133.911
1468.5,117.462,97.917,139.624,116.56,112.671,135.973,142.337,134.236,133.947
1468.6,117.462,97.979,139.624,116.512,112.671,136.043,142.399,134.2,133.983
1468.7,117.462,98.041,139.591,116.56,112.722,136.008,142.399,134.236,133.947
1468.8,117.462,98.041,139.624,116.607,112.671,136.008,142.399,134.236,133.947
1468.9,117.462,98.041,139.657,116.607,112.823,136.008,142.399,134.272,133.947
1469.0,117.509,98.041,139.624,116.607,112.823,135.973,142.43,134.308,133.874
1469.1,117.509,98.103,139.591,116.655,112.873,136.008,142.462,134.236,134.019
1469.2,117.557,98.103,139.689,116.655,112.823,136.008,142.462,134.272,133.983
1469.3,117.557,98.165,139.657,116.703,112.873,136.008,142.399,134.272,133.947
1469.4,117.557,98.165,139.689,116.655,112.974,136.043,142.368,134.2,134.019
1469.5,117.604,98.351,139.624,116.751,113.025,136.008,142.43,134.272,134.055
1469.6,117.651,98.413,139.624,116.751,113.075,136.008,142.399,134.272,134.019
1469.7,117.557,98.351,139.624,116.703,113.176,136.008,142.43,134.308,133.874
1469.8,117.604,98.351,139.624,116.798,113.176,136.043,142.399,134.308,134.055
1469.9,117.651,98.413,139.624,116.703,113.276,136.043,142.368,134.343,134.055
1470.0,117.792,98.413,139.624,116.846,113.226,136.043,142.399,134.308,134.019
1470.1,117.651,98.413,139.657,116.846,113.276,136.043,142.43,134.379,134.055
1470.2,117.651,98.474,139.624,116.798,113.326,136.043,142.399,134.379,134.055
1470.3,117.698,98.474,139.624,116.846,113.326,136.078,142.399,134.343,134.019
1470.4,117.698,98.536,139.624,116.846,113.377,136.043,142.368,134.308,134.055
1470.5,117.651,98.536,139.624,116.846,113.427,136.008,142.43,134.343,134.019
1470.6,117.745,98.536,139.591,116.846,113.427,136.043,142.368,134.379,134.055
1470.7,117.745,98.597,139.624,116.894,113.427,136.078,142.399,134.343,134.091
1470.8,117.839,98.659,139.624,116.894,113.477,136.043,142.43,134.379,134.055
1470.9,117.698,98.721,139.657,116.894,113.477,136.043,142.399,134.379,134.055
1471.0,117.792,98.721,139.657,116.846,113.527,136.008,142.43,134.379,134.055
1471.1,117.745,98.659,139.591,116.894,113.577,136.043,142.43,134.415,134.055
1471.2,117.792,98.721,139.689,116.894,113.477,136.078,142.43,134.343,134.019
1471.3,117.839,98.782,139.624,116.894,113.727,136.112,142.43,134.343,134.127
1471.4,117.792,98.843,139.657,117.036,113.727,136.043,142.399,134.343,134.164
1471.5,117.792,98.843,139.657,116.989,113.876,136.008,142.462,134.451,134.127
1471.6,117.792,98.843,139.624,116.989,113.777,136.043,142.43,134.379,134.091
1471.7,117.792,98.966,139.657,117.084,113.876,136.078,142.43,134.415,134.091
1471.8,117.886,98.905,139.657,117.036,113.976,136.078,142.43,134.415,134.127
1471.9,117.932,99.027,139.657,117.084,114.025,136.043,142.399,134.379,134.2
1472.0,117.932,99.088,139.657,117.084,114.075,136.008,142.43,134.451,134.164
1472.1,117.932,99.088,139.657,117.084,114.025,136.078,142.399,134.451,134.091
1472.2,117.932,99.088,139.657,117.131,114.125,136.043,142.43,134.451,134.127
1472.3,117.932,99.211,139.591,117.179,114.125,136.043,142.399,134.415,134.091
1472.4,117.932,99.211,139.689,117.131,114.224,136.043,142.462,134.415,134.127
1472.5,117.979,99.211,139.657,117.131,114.273,136.078,142.43,134.415,134.2
1472.6,117.979,99.272,139.657,117.273,114.471,136.078,142.399,134.451,134.2
1472.7,117.979,99.333,139.624,117.226,114.372,136.078,142.399,134.415,134.164
1472.8,117.979,99.394,139.624,117.226,114.421,136.112,142.43,134.451,134.2
1472.9,118.026,99.455,139.624,117.321,114.52,136.078,142.43,134.415,134.2
1473.0,118.213,99.394,139.657,117.321,114.52,136.043,142.43,134.451,134.2
1473.1,118.026,99.394,139.624,117.273,114.619,136.112,142.43,134.487,134.164
1473.2,118.026,99.515,139.624,117.273,114.569,136.147,142.399,134.451,134.236
1473.3,118.073,99.515,139.657,117.273,114.668,136.043,142.43,134.451,134.236
1473.4,118.073,99.576,139.722,117.321,114.619,136.043,142.462,134.487,134.2
1473.5,118.166,99.576,139.657,117.415,114.619,136.043,142.43,134.487,134.2
1473.6,118.166,99.698,139.657,117.368,114.668,136.147,142.399,134.523,134.308
1473.7,118.073,99.637,139.657,117.368,114.717,136.112,142.43,134.487,134.236
1473.8,118.166,99.698,139.657,117.368,114.766,136.078,142.462,134.559,134.2
1473.9,118.166,99.698,139.657,117.368,114.864,136.112,142.399,134.487,134.236
1474.0,118.166,99.758,139.657,117.415,114.864,136.112,142.43,134.523,134.2
1474.1,118.213,99.88,139.657,117.462,115.011,136.147,142.43,134.487,134.272
1474.2,118.213,99.94,139.689,117.462,114.962,136.112,142.462,134.594,134.236
1474.3,118.26,99.88,139.624,117.509,115.109,136.112,142.399,134.523,134.272
1474.4,118.166,99.94,139.657,117.509,115.109,136.112,142.462,134.559,134.272
1474.5,118.213,100.0,139.657,117.509,115.109,136.147,142.43,134.523,134.272
1474.6,118.213,100.0,139.689,117.557,115.207,136.112,142.43,134.523,134.272
1474.7,118.306,100.061,139.689,117.557,115.207,136.112,142.462,134.594,134.272
1474.8,118.26,100.061,139.689,117.651,115.256,136.112,142.493,134.594,134.236
1474.9,118.26,100.121,139.657,117.604,115.353,136.112,142.43,134.523,134.343
1475.0,118.353,100.121,139.657,117.651,115.304,136.112,142.462,134.666,134.308
1475.1,118.306,100.121,139.689,117.557,115.45,136.112,142.462,134.523,134.308
1475.2,118.306,100.182,139.657,117.557,115.353,136.078,142.43,134.523,134.308
1475.3,118.353,100.242,139.722,117.604,115.45,136.112,142.43,134.523,134.272
1475.4,118.353,100.182,139.689,117.698,115.402,136.112,142.43,134.594,134.308
1475.5,118.353,100.182,139.689,117.604,115.596,136.112,142.43,134.523,134.272
1475.6,118.353,100.242,139.689,117.651,115.548,136.147,142.43,134.559,134.343
1475.7,118.446,100.242,139.624,117.604,115.596,136.112,142.43,134.559,134.308
1475.8,118.353,100.302,139.689,117.698,115.548,136.147,142.462,134.594,134.308
1475.9,118.353,100.422,139.657,117.745,115.645,136.147,142.43,134.594,134.272
1476.0,118.399,100.362,139.624,117.698,115.645,136.147,142.43,134.594,134.343
1476.1,118.446,100.482,139.624,117.745,115.742,136.182,142.462,134.594,134.343
1476.2,118.399,100.482,139.689,117.792,115.693,136.043,142.524,134.594,134.308
1476.3,118.446,100.482,139.657,117.745,115.742,136.147,142.43,134.594,134.343
1476.4,118.446,100.542,139.722,117.839,115.838,136.182,142.43,134.63,134.343
1476.5,118.446,100.542,139.689,117.839,115.887,136.147,142.43,134.559,134.343
1476.6,118.492,100.722,139.689,117.839,115.935,136.112,142.462,134.63,134.379
1476.7,118.446,100.662,139.657,117.839,116.031,136.147,142.555,134.63,134.343
1476.8,118.539,100.602,139.657,117.839,115.983,136.147,142.462,134.666,134.379
1476.9,118.492,100.722,139.755,117.839,116.128,136.147,142.462,134.63,134.308
1477.0,118.539,100.722,139.657,117.839,116.031,136.217,142.43,134.63,134.343
1477.1,118.585,100.782,139.722,117.932,116.031,136.078,142.43,134.666,134.379
1477.2,118.539,100.842,139.689,117.932,116.128,136.182,142.462,134.63,134.379
1477.3,118.631,100.842,139.689,117.979,116.224,136.147,142.493,134.666,134.379
1477.4,118.539,100.902,139.689,117.886,116.176,136.112,142.43,134.594,134.379
1477.5,118.539,100.902,139.624,117.979,116.224,136.217,142.43,134.666,134.379
1477.6,118.585,100.842,139.689,118.026,116.224,136.217,142.462,134.63,134.379
1477.7,118.585,100.902,139.722,117.979,116.224,136.182,142.43,134.63,134.415
1477.8,118.585,100.902,139.689,117.979,116.32,136.147,142.43,134.666,134.379
1477.9,118.585,100.961,139.689,117.979,116.272,136.182,142.399,134.702,134.379
1478.0,118.585,100.961,139.689,118.026,116.368,136.147,142.43,134.63,134.415
1478.1,118.585,101.021,139.689,117.979,116.368,136.217,142.43,134.666,134.379
1478.2,118.585,101.08,139.689,117.979,116.416,136.182,142.368,134.702,134.415
1478.3,118.631,101.08,139.722,117.979,116.464,136.217,142.493,134.702,134.451
1478.4,118.678,101.14,139.624,118.073,116.464,136.217,142.462,134.773,134.487
1478.5,118.678,101.021,139.689,118.073,116.464,136.217,142.43,134.666,134.415
1478.6,118.585,101.14,139.689,118.073,116.368,136.182,142.524,134.702,134.415
1478.7,118.678,101.2,139.689,118.073,116.512,136.217,142.493,134.702,134.451
1478.8,118.678,101.2,139.689,118.073,116.607,136.147,142.462,134.666,134.415
1478.9,118.678,101.259,139.657,118.073,116.607,136.252,142.462,134.702,134.451
1479.0,118.724,101.318,139.624,118.12,116.751,136.182,142.462,134.702,134.451
1479.1,118.678,101.378,139.689,118.166,116.751,136.182,142.43,134.737,134.451
1479.2,118.724,101.378,139.689,118.166,116.751,136.182,142.462,134.737,134.415
1479.3,118.724,101.437,139.689,118.166,116.846,136.147,142.462,134.737,134.523
1479.4,118.678,101.437,139.689,118.213,116.846,136.182,142.43,134.702,134.487
1479.5,118.77,101.496,139.722,118.26,116.894,136.182,142.462,134.773,134.487
1479.6,118.77,101.496,139.689,118.213,116.989,136.182,142.462,134.809,134.487
1479.7,118.817,101.556,139.689,118.213,116.894,136.182,142.555,134.773,134.487
1479.8,118.77,101.556,139.755,118.26,116.989,136.147,142.462,134.809,134.487
1479.9,118.77,101.556,139.722,118.306,116.989,136.182,142.43,134.773,134.487
1480.0,118.817,101.615,139.689,118.353,117.036,136.182,142.43,134.737,134.487
1480.1,118.817,101.674,139.722,118.213,117.084,136.182,142.462,134.773,134.523
1480.2,118.817,101.733,139.722,118.306,117.131,136.217,142.462,134.773,134.487
1480.3,118.817,101.91,139.755,118.26,117.226,136.182,142.462,134.809,134.523
1480.4,118.77,101.792,139.624,118.306,117.273,136.252,142.493,134.809,134.523
1480.5,118.863,101.91,139.722,118.399,117.321,136.182,142.462,134.773,134.523
1480.6,118.909,101.851,139.689,118.353,117.321,136.217,142.43,134.773,134.559
1480.7,118.909,101.91,139.689,118.353,117.321,136.182,142.462,134.844,134.559
1480.8,118.909,101.969,139.689,118.353,117.415,136.182,142.462,134.773,134.523
1480.9,118.909,101.969,139.755,118.399,117.462,136.217,142.462,134.88,134.523
1481.0,118.909,102.028,139.657,118.399,117.509,136.217,142.462,134.809,134.559
1481.1,118.909,102.028,139.689,118.446,117.509,136.217,142.462,134.773,134.523
1481.2,118.909,102.028,139.722,118.399,117.509,136.217,142.524,134.809,134.559
1481.3,118.909,102.086,139.755,118.399,117.604,136.217,142.462,134.809,134.523
1481.4,118.909,102.145,139.689,118.492,117.604,136.217,142.43,134.844,134.523
1481.5,118.909,102.204,139.689,118.492,117.604,136.252,142.493,134.809,134.594
1481.6,118.955,102.262,139.722,118.446,117.651,136.252,142.493,134.844,134.559
1481.7,119.047,102.262,139.689,118.585,117.604,136.217,142.586,134.844,134.559
1481.8,119.093,102.262,139.722,118.492,117.698,136.182,142.493,134.809,134.559
1481.9,119.001,102.321,139.689,118.539,117.745,136.182,142.462,134.915,134.594
1482.0,119.001,102.262,139.722,118.539,117.745,136.286,142.462,134.844,134.594
1482.1,119.047,102.321,139.689,118.492,117.792,136.252,142.493,134.809,134.63
1482.2,119.001,102.321,139.689,118.631,117.839,136.252,142.462,134.844,134.63
1482.3,119.001,102.321,139.722,118.678,117.932,136.217,142.462,134.844,134.559
1482.4,119.047,102.438,139.657,118.539,117.886,136.252,142.524,134.88,134.594
1482.5,119.185,102.38,139.689,118.492,117.979,136.252,142.462,134.88,134.594
1482.6,119.047,102.613,139.722,118.539,118.026,136.252,142.462,134.88,134.559
1482.7,119.185,102.555,139.755,118.585,118.026,136.252,142.493,134.915,134.594
1482.8,119.139,102.497,139.689,118.585,118.026,136.217,142.524,134.88,134.63
1482.9,119.093,102.613,139.722,118.631,117.979,136.217,142.462,134.844,134.594
1483.0,119.093,102.497,139.787,118.631,118.12,136.252,142.555,134.844,134.594
1483.1,119.047,102.555,139.689,118.585,118.073,136.252,142.462,134.844,134.63
1483.2,119.093,102.613,139.689,118.631,118.12,136.286,142.462,134.88,134.63
1483.3,119.093,102.672,139.689,118.631,118.166,136.252,142.493,134.88,134.63
1483.4,119.139,102.73,139.689,118.724,118.213,136.252,142.493,134.915,134.523
1483.5,119.139,102.73,139.755,118.724,118.306,136.252,142.462,134.88,134.666
1483.6,119.139,102.788,139.689,118.724,118.306,136.217,142.462,134.88,134.702
1483.7,119.185,102.846,139.722,118.724,118.399,136.286,142.493,134.915,134.594
1483.8,119.277,102.846,139.722,118.678,118.399,136.252,142.524,134.915,134.666
1483.9,119.231,102.963,139.689,118.678,118.353,136.252,142.524,134.844,134.63
1484.0,119.185,102.963,139.722,118.77,118.353,136.252,142.493,134.915,134.63
1484.1,119.185,103.021,139.689,118.77,118.446,136.252,142.399,134.915,134.63
1484.2,119.185,102.963,139.689,118.77,118.492,136.252,142.524,134.88,134.666
1484.3,119.185,103.021,139.755,118.817,118.539,136.252,142.493,134.915,134.666
1484.4,119.231,103.079,139.722,118.817,118.585,136.252,142.493,134.951,134.702
1484.5,119.323,103.079,139.722,118.863,118.631,136.252,142.462,134.951,134.666
1484.6,119.231,103.137,139.722,118.817,118.585,136.252,142.493,134.951,134.702
1484.7,119.231,103.079,139.787,118.817,118.724,136.286,142.43,134.951,134.702
1484.8,119.277,103.079,139.787,118.77,118.631,136.286,142.524,134.951,134.702
1484.9,119.277,103.137,139.689,118.863,118.724,136.252,142.493,134.88,134.702
1485.0,119.277,103.137,139.755,118.863,118.724,136.217,142.493,134.951,134.666
1485.1,119.323,103.195,139.755,118.863,118.724,136.252,142.524,134.987,134.702
1485.2,119.415,103.252,139.689,118.909,118.817,136.286,142.493,135.058,134.702
1485.3,119.323,103.31,139.755,118.863,118.77,136.286,142.493,134.915,134.702
1485.4,119.277,103.31,139.722,118.909,118.817,136.252,142.524,134.951,134.666
1485.5,119.323,103.31,139.722,118.955,118.909,136.252,142.493,134.951,134.702
1485.6,119.323,103.368,139.689,118.955,118.909,136.252,142.493,134.951,134.702
1485.7,119.369,103.426,139.722,118.955,119.001,136.286,142.493,134.987,134.737
1485.8,119.369,103.541,139.722,119.001,119.001,136.356,142.524,134.987,134.737
1485.9,119.369,103.541,139.722,118.909,119.001,136.286,142.524,134.915,134.702
1486.0,119.369,103.541,139.787,119.047,119.231,136.252,142.524,134.987,134.737
1486.1,119.369,103.599,139.722,119.001,119.139,136.252,142.524,134.987,134.737
1486.2,119.461,103.656,139.755,119.001,119.139,136.46,142.493,134.987,134.809
1486.3,119.506,103.656,139.755,119.001,119.231,136.286,142.493,135.022,134.773
1486.4,119.323,103.714,139.82,119.001,119.231,136.286,142.493,134.987,134.773
1486.5,119.461,103.771,139.755,119.047,119.139,136.286,142.493,135.022,134.773
1486.6,119.552,103.714,139.787,119.001,119.323,136.286,142.493,135.022,134.737
1486.7,119.461,103.771,139.689,119.093,119.323,136.252,142.493,134.987,134.737
1486.8,119.506,103.829,139.755,119.093,119.369,136.356,142.493,135.022,134.809
1486.9,119.415,103.829,139.787,119.047,119.323,136.286,142.462,135.058,134.809
1487.0,119.461,103.886,139.755,119.093,119.461,136.286,142.524,135.058,134.702
1487.1,119.461,103.829,139.755,119.093,119.461,136.286,142.493,135.058,134.737
1487.2,119.461,103.943,139.722,119.047,119.461,136.252,142.524,135.022,134.737
1487.3,119.506,103.886,139.722,119.093,119.461,136.286,142.524,135.129,134.773
1487.4,119.461,103.943,139.722,119.139,119.552,136.321,142.493,134.987,134.809
1487.5,119.506,104.0,139.755,119.093,119.643,136.286,142.462,135.058,134.773
1487.6,119.552,104.058,139.755,119.185,119.598,136.286,142.493,135.058,134.773
1487.7,119.552,104.058,139.755,119.185,119.735,136.286,142.493,135.022,134.809
1487.8,119.598,104.058,139.82,119.185,119.689,136.286,142.493,135.093,134.809
1487.9,119.552,104.172,139.787,119.185,119.689,136.321,142.586,135.022,134.809
1488.0,119.598,104.229,139.82,119.185,119.735,136.321,142.493,135.058,134.809
1488.1,119.552,104.286,139.755,119.185,119.78,136.321,142.555,135.058,134.809
1488.2,119.643,104.286,139.755,119.277,119.871,136.286,142.555,135.093,134.809
1488.3,119.598,104.286,139.787,119.323,119.871,136.286,142.493,135.058,134.809
1488.4,119.689,104.286,139.722,119.139,119.962,136.321,142.524,135.058,134.809
1488.5,119.552,104.286,139.755,119.231,119.871,136.321,142.368,135.058,134.88
1488.6,119.643,104.4,139.722,119.323,119.917,136.252,142.586,135.058,134.915
1488.7,119.643,104.4,139.755,119.277,119.871,136.39,142.524,135.129,134.844
1488.8,119.643,104.4,139.722,119.323,119.871,136.321,142.462,135.093,134.844
1488.9,119.689,104.457,139.722,119.323,120.007,136.217,142.555,135.093,134.844
1489.0,119.689,104.514,139.755,119.369,119.962,136.356,142.493,135.129,134.915
1489.1,119.461,104.514,139.787,119.369,120.098,136.321,142.493,135.093,134.809
1489.2,119.643,104.571,139.722,119.323,120.053,136.39,142.493,135.129,134.88
1489.3,119.689,104.628,139.722,119.323,120.144,136.321,142.524,135.129,134.809
1489.4,119.689,104.628,139.755,119.369,120.189,136.321,142.555,135.129,134.88
1489.5,119.689,104.628,139.82,119.369,120.189,136.321,142.524,135.199,135.093
1489.6,119.78,104.684,139.755,119.369,120.189,136.39,142.493,135.093,134.915
1489.7,119.689,104.628,139.787,119.369,120.234,136.321,142.555,135.129,134.88
1489.8,119.78,104.798,139.755,119.415,120.324,136.356,142.524,135.129,134.88
1489.9,119.735,104.798,139.755,119.415,120.279,136.356,142.493,135.129,134.88
1490.0,119.78,104.854,139.755,119.369,120.324,136.321,142.493,135.164,134.88
1490.1,119.78,104.911,139.722,119.461,120.37,136.286,142.493,135.164,134.88
1490.2,119.78,104.911,139.755,119.506,120.415,136.321,142.524,135.164,134.915
1490.3,119.826,104.967,139.787,119.461,120.55,136.39,142.524,135.199,134.915
1490.4,119.826,104.854,139.787,119.461,120.505,136.356,142.462,135.129,134.915
1490.5,119.871,104.967,139.787,119.506,120.415,136.356,142.524,135.199,134.951
1490.6,119.78,105.024,139.787,119.415,120.55,136.321,142.555,135.199,134.915
1490.7,119.871,105.08,139.918,119.506,120.595,136.39,142.524,135.129,134.915
1490.8,119.871,105.137,139.755,119.552,120.685,136.252,142.524,135.093,134.951
1490.9,119.871,105.08,139.755,119.552,120.685,136.356,142.524,135.129,134.951
1491.0,119.826,105.137,139.82,119.506,120.685,136.39,142.524,135.164,134.88
1491.1,119.871,105.249,139.755,119.506,120.685,136.356,142.524,135.199,134.951
1491.2,119.826,105.193,139.787,119.552,120.685,136.494,142.493,135.164,134.951
1491.3,119.826,105.193,139.787,119.552,120.73,136.356,142.524,135.164,134.951
1491.4,119.871,105.306,139.755,119.552,120.685,136.356,142.493,135.199,134.915
1491.5,119.917,105.249,139.722,119.552,120.775,136.39,142.555,135.164,134.951
1491.6,119.917,105.362,139.787,119.643,120.819,136.39,142.555,135.199,134.951
1491.7,119.917,105.418,139.787,119.689,120.909,136.356,142.493,135.199,134.987
1491.8,119.917,105.418,139.82,119.643,120.909,136.356,142.493,135.199,135.022
1491.9,119.962,105.418,139.755,119.643,120.954,136.39,142.555,135.199,134.915
1492.0,119.917,105.53,139.755,119.643,120.998,136.321,142.524,135.235,134.987
1492.1,119.962,105.698,139.82,119.689,121.088,136.39,142.524,135.235,134.987
1492.2,120.007,105.586,139.787,119.689,121.088,136.39,142.493,135.199,134.951
1492.3,120.007,105.586,139.82,119.735,121.222,136.39,142.524,135.235,134.987
1492.4,119.962,105.81,139.82,119.689,121.132,136.39,142.524,135.27,134.987
1492.5,119.962,105.642,139.755,119.689,121.177,136.39,142.555,135.199,134.987
1492.6,120.053,105.698,139.755,119.735,121.222,136.39,142.524,135.199,134.951
1492.7,120.007,105.642,139.755,119.78,121.177,136.39,142.524,135.27,134.987
1492.8,120.007,105.754,139.82,119.689,121.266,136.356,142.555,135.235,134.987
1492.9,120.053,105.754,139.82,119.689,121.222,136.39,142.555,135.27,134.951
1493.0,119.917,105.81,139.722,119.735,121.399,136.39,142.586,135.27,134.987
1493.1,120.144,105.81,139.787,119.735,121.355,136.494,142.555,135.235,135.022
1493.2,120.007,105.866,139.787,119.735,121.399,136.39,142.524,135.305,134.987
1493.3,120.098,105.81,139.787,119.78,121.355,136.356,142.524,135.199,135.022
1493.4,120.098,105.866,139.787,119.735,121.266,136.425,142.493,135.27,135.022
1493.5,120.007,105.866,139.787,119.826,121.355,136.425,142.648,135.235,135.022
1493.6,120.053,105.922,139.787,119.78,121.399,136.356,142.524,135.305,135.022
1493.7,120.098,105.977,139.885,119.826,121.444,136.356,142.524,135.27,134.987
1493.8,120.053,105.977,139.755,119.826,121.488,136.39,142.617,135.27,135.093
1493.9,120.098,106.089,139.787,119.78,121.488,136.39,142.555,135.27,135.022
1494.0,120.098,106.089,139.787,119.826,121.577,136.39,142.555,135.235,135.022
1494.1,120.189,106.144,139.82,119.871,121.577,136.425,142.555,135.305,135.058
1494.2,120.144,106.2,139.755,119.871,121.665,136.321,142.493,135.305,135.022
1494.3,120.189,106.144,139.755,119.871,121.621,136.39,142.586,135.341,135.022
1494.4,120.144,106.2,139.755,119.871,121.665,136.39,142.555,135.199,135.058
1494.5,120.144,106.2,139.787,119.917,121.665,136.425,142.555,135.27,135.058
1494.6,120.144,106.255,139.787,119.962,121.754,136.46,142.555,135.305,135.058
1494.7,120.234,106.255,139.787,119.962,121.754,136.39,142.524,135.27,135.058
1494.8,120.144,106.311,139.787,119.917,121.798,136.39,142.524,135.305,135.058
1494.9,120.144,106.422,139.82,119.962,121.754,136.39,142.555,135.341,135.058
1495.0,120.144,106.422,139.787,119.917,121.842,136.39,142.524,135.27,135.058
1495.1,120.234,106.366,139.787,119.962,121.842,136.356,142.617,135.305,135.058
1495.2,120.234,106.477,139.82,119.962,121.93,136.39,142.493,135.305,135.093
1495.3,120.234,106.477,139.787,120.007,122.018,136.39,142.524,135.305,135.058
1495.4,120.234,106.588,139.787,119.962,121.974,136.425,142.617,135.341,135.093
1495.5,120.324,106.643,139.82,120.007,122.062,136.39,142.617,135.341,135.129
1495.6,120.234,106.643,139.82,120.007,122.106,136.39,142.555,135.27,135.093
1495.7,120.098,106.753,139.787,120.007,122.106,136.425,142.524,135.411,135.058
1495.8,120.279,106.698,139.787,119.962,122.062,136.39,142.555,135.305,135.093
1495.9,120.144,106.808,139.722,120.053,122.15,136.46,142.802,135.305,135.129
1496.0,120.279,106.753,139.755,120.053,122.238,136.39,142.524,135.305,135.093
1496.1,120.324,106.753,139.787,120.053,122.194,136.39,142.586,135.376,135.093
1496.2,120.279,106.698,139.853,120.098,122.282,136.46,142.555,135.376,135.164
1496.3,120.324,106.863,139.787,120.098,122.238,136.425,142.586,135.341,135.164
1496.4,120.37,106.863,139.787,120.053,122.326,136.425,142.493,135.341,135.129
1496.5,120.37,106.918,139.82,120.098,122.326,136.39,142.555,135.411,135.129
1496.6,120.324,106.973,139.82,120.144,122.369,136.425,142.524,135.376,135.129
1496.7,120.37,106.973,139.787,120.189,122.369,136.46,142.555,135.341,135.164
1496.8,120.37,106.973,139.853,120.144,122.326,136.425,142.493,135.341,135.129
1496.9,120.324,107.028,139.82,120.144,122.413,136.46,142.555,135.411,135.058
1497.0,120.37,107.083,139.82,120.144,122.457,136.39,142.524,135.376,135.164
1497.1,120.37,107.083,139.787,120.144,122.5,136.39,142.586,135.341,135.164
1497.2,120.46,107.083,139.82,120.144,122.5,136.425,142.555,135.411,135.164
1497.3,120.37,107.193,139.82,120.144,122.5,136.425,142.493,135.411,135.129
1497.4,120.37,107.138,139.853,120.144,122.588,136.39,142.524,135.411,135.199
1497.5,120.415,107.193,139.787,120.144,122.544,136.39,142.555,135.411,135.164
1497.6,120.46,107.247,139.787,120.189,122.631,136.46,142.555,135.411,135.199
1497.7,120.415,107.247,139.82,120.234,122.762,136.425,142.555,135.411,135.199
1497.8,120.415,107.302,139.82,120.234,122.718,136.425,142.555,135.411,135.199
1497.9,120.415,107.357,139.82,120.234,122.718,136.39,142.586,135.341,135.164
1498.0,120.415,107.357,139.853,120.234,122.805,136.46,142.586,135.411,135.164
1498.1,120.46,107.411,139.82,120.144,122.762,136.425,142.555,135.411,135.164
1498.2,120.505,107.466,139.82,120.234,122.805,136.425,142.493,135.341,135.164
1498.3,120.505,107.521,139.82,120.324,122.892,136.425,142.555,135.447,135.235
1498.4,120.55,107.521,139.82,120.279,122.849,136.425,142.555,135.447,135.164
1498.5,120.505,107.466,139.82,120.324,122.849,136.529,142.555,135.411,135.235
1498.6,120.64,107.521,139.82,120.324,122.936,136.46,142.586,135.447,135.235
1498.7,120.55,107.684,139.787,120.279,122.892,136.39,142.555,135.411,135.27
1498.8,120.55,107.684,139.82,120.279,122.936,136.39,142.586,135.482,135.199
1498.9,120.55,107.63,139.82,120.324,122.936,136.46,142.555,135.411,135.199
1499.0,120.55,107.684,139.82,120.324,122.936,136.425,142.555,135.447,135.164
1499.1,120.595,107.63,139.82,120.279,123.066,136.494,142.555,135.411,135.235
1499.2,120.55,107.684,139.82,120.37,123.152,136.494,142.586,135.447,135.199
1499.3,120.55,107.738,139.787,120.415,123.066,136.425,142.555,135.447,135.199
1499.4,120.505,107.793,139.82,120.324,123.109,136.425,142.586,135.411,135.199
1499.5,120.55,107.847,139.787,120.415,123.109,136.425,142.586,135.482,135.27
1499.6,120.595,107.901,139.82,120.505,123.152,136.494,142.617,135.447,135.235
1499.7,120.595,107.901,139.787,120.415,123.195,136.425,142.524,135.411,135.235
1499.8,120.64,107.901,139.82,120.415,123.238,136.425,142.555,135.482,135.235
1499.9,120.595,107.955,139.787,120.415,123.238,136.46,142.586,135.552,135.235
1500.0,120.64,107.955,139.885,120.37,123.238,136.46,142.617,135.447,135.235
1500.1,120.64,107.901,139.82,120.415,123.282,136.46,142.586,135.447,135.235
1500.2,120.775,108.01,139.885,120.46,123.282,136.529,142.586,135.482,135.199
1500.3,120.64,108.064,139.787,120.415,123.325,136.46,142.555,135.482,135.305
1500.4,120.64,108.118,139.82,120.46,123.368,136.46,142.524,135.482,135.27
1500.5,120.595,108.064,139.82,120.505,123.325,136.46,142.586,135.482,135.341
1500.6,120.64,108.118,139.82,120.46,123.411,136.46,142.555,135.482,135.27
1500.7,120.64,108.226,139.787,120.505,123.454,136.46,142.555,135.517,135.27
1500.8,120.685,108.172,139.82,120.505,123.454,136.46,142.555,135.482,135.305
1500.9,120.685,108.28,139.787,120.505,123.497,136.46,142.555,135.517,135.27
1501.0,120.73,108.388,139.82,120.505,123.497,136.46,142.617,135.517,135.27
1501.1,120.685,108.226,139.885,120.505,123.583,136.494,142.586,135.447,135.341
1501.2,120.73,108.334,139.82,120.505,123.54,136.46,142.679,135.552,135.27
1501.3,120.73,108.388,139.82,120.55,123.626,136.46,142.617,135.517,135.305
1501.4,120.73,108.388,139.722,120.55,123.626,136.494,142.555,135.482,135.341
1501.5,120.775,108.549,139.787,120.55,123.754,136.46,142.524,135.517,135.305
1501.6,120.819,108.495,139.82,120.595,123.754,136.494,142.617,135.552,135.164
1501.7,120.73,108.495,139.787,120.595,123.754,136.494,142.555,135.552,135.305
1501.8,120.819,108.603,139.853,120.505,123.754,136.494,142.555,135.552,135.305
1501.9,120.775,108.603,139.853,120.64,123.583,136.494,142.679,135.517,135.376
1502.0,120.775,108.657,139.82,120.685,123.84,136.494,142.586,135.552,135.341
1502.1,120.775,108.603,139.82,120.64,123.84,136.356,142.617,135.552,135.305
1502.2,120.775,108.71,139.82,120.64,123.883,136.494,142.617,135.552,135.341
1502.3,120.775,108.764,139.885,120.73,123.968,136.494,142.555,135.517,135.305
1502.4,120.819,108.71,139.853,120.64,123.925,136.529,142.555,135.552,135.341
1502.5,120.909,108.764,139.885,120.64,123.968,136.494,142.617,135.552,135.376
1502.6,120.864,108.871,139.853,120.685,124.011,136.529,142.617,135.587,135.376
1502.7,120.864,108.764,139.853,120.64,123.925,136.494,142.586,135.552,135.305
1502.8,120.864,108.817,139.82,120.73,124.011,136.529,142.617,135.623,135.376
1502.9,120.864,108.924,139.853,120.685,124.053,136.564,142.617,135.552,135.341
1503.0,120.819,108.871,139.82,120.685,124.053,136.46,142.586,135.411,135.341
1503.1,120.864,108.924,139.853,120.685,124.181,136.494,142.586,135.517,135.411
1503.2,120.909,108.978,139.853,120.685,124.138,136.494,142.493,135.552,135.411
1503.3,120.864,109.031,139.853,120.73,124.138,136.46,142.586,135.552,135.447
1503.4,120.909,109.085,139.853,120.685,124.223,136.494,142.586,135.587,135.341
1503.5,120.909,109.031,139.885,120.73,124.223,136.494,142.555,135.587,135.376
1503.6,120.909,109.031,139.885,120.73,124.223,136.46,142.617,135.587,135.376
1503.7,120.954,109.191,139.853,120.775,124.266,136.494,142.617,135.587,135.411
1503.8,120.909,109.244,139.885,120.775,124.308,136.46,142.586,135.623,135.376
1503.9,120.909,109.244,139.853,120.775,124.351,136.494,142.555,135.587,135.376
1504.0,120.954,109.244,139.853,120.864,124.308,136.494,142.586,135.552,135.411
1504.1,120.954,109.298,139.853,120.819,124.436,136.529,142.555,135.587,135.447
1504.2,120.998,109.351,139.82,120.819,124.351,136.46,142.617,135.587,135.376
1504.3,120.998,109.404,139.853,120.864,124.436,136.529,142.617,135.587,135.411
1504.4,120.998,109.298,139.885,120.909,124.478,136.494,142.586,135.658,135.411
1504.5,121.043,109.404,139.853,120.819,124.436,136.529,142.617,135.623,135.376
1504.6,120.998,109.404,139.885,120.819,124.647,136.494,142.617,135.623,135.376
1504.7,120.998,109.457,139.853,120.819,124.52,136.598,142.586,135.623,135.411
1504.8,121.043,109.457,139.885,120.819,124.562,136.494,142.648,135.658,135.447
1504.9,120.998,109.51,139.82,120.864,124.562,136.564,142.586,135.623,135.376
1505.0,121.043,109.563,139.82,120.864,124.647,136.529,142.679,135.587,135.411
1505.1,121.222,109.563,139.853,120.909,124.605,136.494,142.555,135.587,135.411
1505.2,121.088,109.616,139.853,120.954,124.689,136.564,142.648,135.587,135.376
1505.3,121.088,109.722,139.853,120.909,124.731,136.529,142.617,135.623,135.411
1505.4,121.088,109.933,139.853,120.954,124.731,136.564,142.648,135.693,135.411
1505.5,121.132,109.775,139.885,120.998,124.773,136.529,142.617,135.658,135.411
1505.6,121.132,109.775,139.82,120.954,124.816,136.564,142.586,135.728,135.447
1505.7,121.088,109.827,139.853,120.909,124.858,136.529,142.586,135.623,135.447
1505.8,121.177,109.88,139.853,120.998,124.858,136.529,142.617,135.587,135.447
1505.9,121.132,109.827,139.885,120.998,124.9,136.529,142.617,135.693,135.447
1506.0,121.132,109.88,139.82,120.998,124.9,136.529,142.617,135.658,135.482
1506.1,121.222,109.933,139.885,120.954,124.858,136.529,142.586,135.693,135.411
1506.2,121.088,110.038,139.885,120.954,124.942,136.529,142.586,135.693,135.447
1506.3,121.177,109.985,139.853,120.954,124.984,136.529,142.586,135.623,135.447
1506.4,121.177,110.038,139.95,120.998,124.942,136.494,142.617,135.623,135.482
1506.5,121.132,109.985,139.885,121.043,124.984,136.529,142.586,135.693,135.482
1506.6,121.132,109.985,139.885,120.998,125.026,136.529,142.617,135.693,135.447
1506.7,121.177,110.143,139.885,120.998,124.984,136.529,142.617,135.728,135.447
1506.8,121.177,110.038,139.853,121.043,125.151,136.529,142.586,135.693,135.482
1506.9,121.132,110.143,139.885,121.043,125.151,136.529,142.586,135.658,135.482
1507.0,121.222,110.248,139.853,120.998,125.11,136.529,142.586,135.693,135.517
1507.1,121.222,110.248,139.853,121.088,125.068,136.529,142.586,135.658,135.482
1507.2,121.222,110.248,139.885,121.177,125.235,136.564,142.586,135.693,135.482
1507.3,121.222,110.248,139.885,121.132,125.277,136.633,142.586,135.693,135.482
1507.4,121.177,110.248,139.885,121.132,125.235,136.529,142.586,135.728,135.517
1507.5,121.222,110.353,139.787,121.132,125.277,136.529,142.617,135.728,135.482
1507.6,121.266,110.405,139.885,121.132,125.277,136.564,142.617,135.728,135.517
1507.7,121.222,110.405,139.853,121.132,125.277,136.529,142.679,135.728,135.517
1507.8,121.222,110.405,139.885,121.088,125.36,136.564,142.617,135.728,135.482
1507.9,121.222,110.405,139.918,121.177,125.36,136.598,142.586,135.693,135.517
1508.0,121.266,110.458,139.853,121.177,125.36,136.529,142.617,135.693,135.517
1508.1,121.222,110.51,139.885,121.132,125.36,136.529,142.586,135.693,135.552
1508.2,121.311,110.562,139.82,121.132,125.402,136.633,142.586,135.693,135.552
1508.3,121.222,110.615,139.885,121.222,125.444,136.598,142.617,135.693,135.517
1508.4,121.355,110.562,139.885,121.177,125.485,136.598,142.617,135.728,135.517
1508.5,121.311,110.667,139.853,121.043,125.402,136.598,142.617,135.728,135.552
1508.6,121.266,110.615,139.918,121.222,125.527,136.564,142.617,135.728,135.517
1508.7,121.311,110.719,139.95,121.222,125.569,136.564,142.586,135.728,135.552
1508.8,121.355,110.771,139.918,121.177,125.569,136.598,142.617,135.763,135.623
1508.9,121.399,110.719,139.853,121.222,125.61,136.564,142.586,135.728,135.552
1509.0,121.355,110.771,139.885,121.177,125.61,136.564,142.617,135.763,135.552
1509.1,121.355,110.823,139.885,121.222,125.693,136.529,142.617,135.798,135.552
1509.2,121.444,110.823,139.853,121.222,125.693,136.598,142.648,135.798,135.587
1509.3,121.355,111.031,139.885,121.266,125.693,136.564,142.586,135.763,135.517
1509.4,121.355,110.979,139.918,121.266,125.776,136.564,142.617,135.728,135.552
1509.5,121.399,111.134,139.918,121.266,125.818,136.598,142.617,135.798,135.587
1509.6,121.266,110.979,139.885,121.266,125.776,136.598,142.586,135.728,135.552
1509.7,121.399,111.031,139.885,121.266,125.901,136.564,142.586,135.763,135.587
1509.8,121.399,111.083,139.885,121.311,125.859,136.667,142.586,135.763,135.587
1509.9,121.399,111.134,139.885,121.311,125.901,136.564,142.586,135.728,135.552
1510.0,121.444,111.186,139.853,121.311,125.901,136.564,142.617,135.798,135.623
1510.1,121.399,110.979,139.983,121.311,125.901,136.564,142.617,135.763,135.658
1510.2,121.444,111.134,139.918,121.311,125.942,136.564,142.679,135.763,135.552
1510.3,121.488,111.29,139.853,121.311,125.983,136.564,142.586,135.798,135.693
1510.4,121.444,111.186,139.885,121.222,125.983,136.529,142.617,135.763,135.587
1510.5,121.488,111.238,139.885,121.355,125.983,136.598,142.617,135.798,135.587
1510.6,121.444,111.238,139.885,121.399,125.983,136.564,142.586,135.763,135.587
1510.7,121.488,111.29,139.885,121.355,126.066,136.564,142.586,135.763,135.623
1510.8,121.488,111.393,139.885,121.399,126.066,136.598,142.617,135.763,135.623
1510.9,121.444,111.393,139.918,121.399,126.066,136.598,142.617,135.763,135.587
1511.0,121.488,111.393,139.885,121.399,126.107,136.598,142.648,135.868,135.623
1511.1,121.444,111.444,139.885,121.444,126.148,136.564,142.679,135.833,135.587
1511.2,121.533,111.548,139.853,121.399,126.148,136.598,142.679,135.868,135.623
1511.3,121.533,111.393,139.853,121.399,126.148,136.633,142.617,135.798,135.623
1511.4,121.533,111.548,139.885,121.399,126.231,136.598,142.617,135.798,135.658
1511.5,121.533,111.496,139.918,121.444,126.148,136.564,142.617,135.798,135.623
1511.6,121.577,111.548,139.885,121.444,126.313,136.564,142.617,135.833,135.623
1511.7,121.577,111.599,139.885,121.488,126.272,136.598,142.648,135.833,135.658
1511.8,121.577,111.65,139.918,121.444,126.313,136.598,142.617,135.833,135.658
1511.9,121.577,111.753,139.95,121.444,126.354,136.667,142.648,135.763,135.623
1512.0,121.621,111.753,139.885,121.533,126.395,136.564,142.679,135.798,135.623
1512.1,121.577,111.702,139.918,121.533,126.477,136.598,142.648,135.903,135.623
1512.2,121.577,111.805,139.918,121.488,126.354,136.564,142.648,135.833,135.728
1512.3,121.577,111.805,139.885,121.533,126.436,136.598,142.586,135.833,135.763
1512.4,121.621,111.805,139.885,121.488,126.477,136.598,142.648,135.868,135.658
1512.5,121.621,111.856,139.95,121.665,126.436,136.598,142.586,135.868,135.693
1512.6,121.577,111.856,139.885,121.488,126.518,136.598,142.617,135.868,135.693
1512.7,121.577,111.907,139.885,121.488,126.477,136.598,142.679,135.903,135.623
1512.8,121.621,112.009,139.918,121.533,126.518,136.564,142.617,135.833,135.658
1512.9,121.665,111.907,139.918,121.533,126.518,136.598,142.586,135.903,135.658
1513.0,121.621,111.958,139.885,121.533,126.6,136.598,142.648,135.868,135.693
1513.1,121.621,112.009,139.885,121.533,126.559,136.633,142.617,135.903,135.693
1513.2,121.621,112.009,139.885,121.621,126.682,136.633,142.617,135.868,135.693
1513.3,121.665,112.061,139.885,121.577,126.641,136.598,142.648,135.868,135.658
1513.4,121.665,112.163,139.853,121.665,126.6,136.598,142.709,135.868,135.728
1513.5,121.71,112.163,139.853,121.577,126.682,136.598,142.617,135.868,135.623
1513.6,121.665,112.112,139.918,121.665,126.641,136.598,142.648,135.903,135.658
1513.7,121.798,112.163,139.918,121.577,126.722,136.633,142.617,135.868,135.693
1513.8,121.754,112.214,139.918,121.71,126.804,136.667,142.617,135.833,135.693
1513.9,121.754,112.265,139.95,121.621,126.885,136.633,142.617,135.868,135.693
1514.0,121.71,112.265,139.918,121.754,126.804,136.598,142.617,135.868,135.693
1514.1,121.71,112.366,139.918,121.665,126.845,136.633,142.617,135.868,135.728
1514.2,121.798,112.265,139.918,121.621,126.885,136.633,142.617,135.903,135.623
1514.3,121.754,112.366,139.885,121.621,126.885,136.598,142.617,135.868,135.763
1514.4,121.754,112.366,139.918,121.621,126.885,136.598,142.617,135.973,135.693
1514.5,121.754,112.366,139.918,121.577,126.885,136.633,142.617,135.903,135.763
1514.6,121.754,112.519,139.885,121.621,126.845,136.598,142.617,135.868,135.658
1514.7,121.754,112.417,139.885,121.665,126.926,136.598,142.617,135.903,135.693
1514.8,121.754,112.468,139.918,121.71,126.926,136.598,142.648,135.903,135.693
1514.9,121.71,112.519,139.885,121.71,127.007,136.633,142.617,135.903,135.728
1515.0,121.886,112.62,139.885,121.71,126.926,136.667,142.617,135.938,135.763
1515.1,121.798,112.62,139.885,121.665,126.926,136.598,142.648,135.903,135.728
1515.2,121.754,112.57,139.885,121.665,127.048,136.633,142.617,135.833,135.728
1515.3,121.798,112.57,139.82,121.621,127.048,136.667,142.586,135.868,135.728
1515.4,121.798,112.671,139.95,121.754,127.089,136.598,142.617,135.973,135.728
1515.5,121.842,112.722,139.983,121.71,127.129,136.633,142.648,135.903,135.763
1515.6,121.842,112.772,139.918,121.798,127.129,136.633,142.617,135.973,135.763
1515.7,121.842,112.772,139.918,121.754,127.17,136.667,142.648,135.938,135.763
1515.8,121.798,112.772,139.95,121.754,127.17,136.598,142.586,135.938,135.763
1515.9,121.798,112.873,139.918,121.754,127.251,136.633,142.679,135.938,135.798
1516.0,121.886,112.873,139.853,121.798,127.17,136.633,142.617,135.938,135.798
1516.1,121.842,112.873,139.82,121.754,127.251,136.667,142.648,135.938,135.763
1516.2,121.842,112.823,139.918,121.798,127.251,136.633,142.617,135.938,135.763
1516.3,121.886,112.924,139.95,121.798,127.291,136.598,142.648,135.973,135.798
1516.4,121.93,112.924,139.983,121.754,127.372,136.633,142.679,136.008,135.763
1516.5,121.886,112.974,139.885,121.754,127.332,136.598,142.617,135.973,135.763
1516.6,121.886,112.974,139.918,121.798,127.332,136.633,142.648,135.903,135.763
1516.7,121.93,112.974,139.95,121.842,127.372,136.633,142.648,135.973,135.763
1516.8,121.93,113.025,139.918,121.798,127.372,136.633,142.617,135.973,135.763
1516.9,121.886,113.025,139.918,121.798,127.412,136.633,142.679,135.938,135.798
1517.0,121.886,113.075,139.885,121.842,127.412,136.633,142.617,135.903,135.763
1517.1,121.93,113.125,140.015,121.842,127.412,136.667,142.617,135.973,135.833
1517.2,121.93,113.125,139.95,121.798,127.372,136.667,142.679,135.938,135.798
1517.3,121.93,113.125,139.918,121.842,127.493,136.633,142.679,136.078,135.798
1517.4,121.93,113.226,139.918,121.842,127.493,136.633,142.956,135.973,135.798
1517.5,121.93,113.176,139.918,121.842,127.493,136.667,142.648,135.973,135.868
1517.6,121.842,113.276,139.95,121.974,127.493,136.702,142.617,135.973,135.798
1517.7,121.93,113.326,139.95,121.93,127.574,136.667,142.679,135.973,135.798
1517.8,121.974,113.276,139.95,121.93,127.614,136.667,142.617,136.043,135.833
1517.9,121.842,113.276,139.983,121.842,127.614,136.633,142.648,135.973,135.798
1518.0,122.018,113.377,140.015,121.93,127.654,136.667,142.648,136.008,135.798
1518.1,121.974,113.377,139.918,121.974,127.654,136.667,142.648,136.043,135.833
1518.2,121.974,113.477,139.885,121.974,127.694,136.667,142.648,136.043,135.798
1518.3,122.018,113.477,139.918,121.93,127.734,136.736,142.648,135.973,135.833
1518.4,121.974,113.577,139.918,122.062,127.734,136.667,142.617,135.973,135.868
1518.5,121.974,113.527,139.95,121.974,127.775,136.667,142.648,135.973,135.833
1518.6,122.062,113.627,139.918,121.93,127.775,136.633,142.648,136.008,135.798
1518.7,122.018,113.627,139.918,121.974,127.815,136.702,142.679,136.043,135.903
1518.8,122.018,113.577,139.918,121.974,127.895,136.667,142.771,136.008,135.833
1518.9,122.062,113.577,139.918,121.974,127.775,136.633,142.617,136.008,135.903
1519.0,122.018,113.677,139.983,122.018,127.855,136.702,142.648,136.043,135.868
1519.1,122.062,113.677,139.853,121.974,127.855,136.667,142.648,136.008,135.833
1519.2,122.018,113.677,139.95,121.974,127.855,136.702,142.617,136.008,135.833
1519.3,122.106,113.677,139.95,122.062,127.855,136.667,142.648,136.008,135.903
1519.4,122.062,113.677,139.983,122.106,127.855,136.633,142.617,136.043,135.833
1519.5,122.018,113.826,139.95,122.018,127.855,136.702,142.586,136.008,135.868
1519.6,122.062,113.727,139.983,122.018,127.935,136.702,142.617,136.078,135.903
1519.7,122.106,113.826,139.918,122.106,127.895,136.702,142.679,135.973,135.903
1519.8,122.106,113.777,139.918,122.018,127.935,136.667,142.648,136.008,135.833
1519.9,122.106,113.826,139.95,122.018,127.975,136.702,142.617,136.078,135.833
1520.0,122.106,113.826,139.95,122.018,128.055,136.667,142.586,136.008,135.868
1520.1,122.106,113.876,139.918,122.018,128.055,136.667,142.648,136.043,135.833
1520.2,122.194,113.926,139.983,122.106,128.015,136.736,142.617,136.147,135.868
1520.3,122.15,113.976,139.885,122.018,128.095,136.667,142.679,136.043,135.903
1520.4,122.106,113.976,139.95,122.062,128.095,136.667,142.679,136.043,135.868
1520.5,122.106,113.976,139.95,122.062,128.095,136.667,142.617,136.043,135.903
1520.6,122.062,114.025,139.95,122.15,128.095,136.702,142.648,136.078,135.903
1520.7,122.106,114.025,139.95,122.062,128.135,136.667,142.648,136.078,135.868
1520.8,122.106,114.125,139.918,122.062,128.135,136.667,142.679,136.078,135.903
1520.9,122.15,114.075,139.95,122.15,128.214,136.667,142.679,136.008,135.868
1521.0,122.15,114.174,139.885,122.106,128.214,136.598,142.648,136.078,135.903
1521.1,122.15,114.174,139.918,122.15,128.175,136.667,142.648,136.078,135.903
1521.2,122.106,114.174,139.983,122.106,128.254,136.667,142.586,136.078,135.903
1521.3,122.194,114.323,139.95,122.15,128.254,136.667,142.648,136.078,135.903
1521.4,122.238,114.421,139.983,122.15,128.214,136.702,142.648,136.147,135.938
1521.5,122.238,114.174,139.95,122.194,128.214,136.667,142.709,136.078,135.973
1521.6,122.194,114.323,139.95,122.106,128.254,136.736,142.679,136.078,135.938
1521.7,122.15,114.273,139.918,122.194,128.294,136.702,142.648,136.147,135.903
1521.8,122.238,114.075,139.983,122.15,128.294,136.702,142.648,136.043,135.903
1521.9,122.194,114.372,139.95,122.15,128.334,136.667,142.617,136.112,135.903
1522.0,122.238,114.372,139.983,122.15,128.374,136.702,142.648,136.078,135.938
1522.1,122.238,114.372,139.918,122.238,128.334,136.839,142.617,136.112,135.938
1522.2,122.238,114.421,139.95,122.194,128.334,136.736,142.617,136.078,135.938
1522.3,122.194,114.471,139.95,122.194,128.413,136.736,142.709,136.112,135.903
1522.4,122.194,114.52,139.95,122.282,128.413,136.702,142.648,136.078,135.973
1522.5,122.238,114.52,140.015,122.238,128.453,136.702,142.679,136.112,135.938
1522.6,122.282,114.52,139.983,122.238,128.493,136.667,142.709,136.043,135.903
1522.7,122.282,114.52,139.95,122.238,128.493,136.702,142.679,136.112,135.938
1522.8,122.282,114.471,140.048,122.282,128.572,136.702,142.617,136.112,135.938
1522.9,122.282,114.569,139.95,122.238,128.493,136.702,142.617,136.112,135.938
1523.0,122.238,114.619,139.95,122.326,128.572,136.702,142.648,136.112,135.938
1523.1,122.238,114.619,139.95,122.238,128.532,136.736,142.617,136.112,135.973
1523.2,122.326,114.619,139.885,122.282,128.532,136.736,142.709,136.078,136.008
1523.3,122.282,114.717,139.95,122.326,128.572,136.771,142.679,136.147,135.938
1523.4,122.326,114.717,139.95,122.282,128.572,136.702,142.648,136.112,136.043
1523.5,122.326,114.717,139.95,122.282,128.651,136.702,142.679,136.008,136.008
1523.6,122.326,114.717,140.015,122.238,128.651,136.702,142.709,136.043,135.938
1523.7,122.369,114.766,139.95,122.238,128.691,136.702,142.617,136.147,135.938
1523.8,122.326,114.766,139.983,122.326,128.691,136.702,142.648,136.182,135.938
1523.9,122.369,114.864,139.95,122.238,128.651,136.667,142.679,136.112,135.973
1524.0,122.326,114.864,140.015,122.238,128.691,136.736,142.617,136.182,135.938
1524.1,122.413,114.815,139.95,122.238,128.809,136.702,142.679,136.147,135.973
1524.2,122.326,114.913,139.983,122.194,128.691,136.702,142.586,136.182,135.973
1524.3,122.369,114.864,139.95,122.326,128.77,136.702,142.648,136.078,136.008
1524.4,122.369,114.962,139.983,122.326,128.77,136.702,142.679,136.147,136.043
1524.5,122.457,115.011,139.95,122.326,128.809,136.598,142.679,136.147,136.008
1524.6,122.326,115.06,139.983,122.369,128.809,136.736,142.648,136.147,135.973
1524.7,122.413,115.06,139.95,122.282,128.888,136.736,142.617,136.182,136.008
1524.8,122.413,115.158,139.983,122.369,128.888,136.736,142.679,136.182,136.043
1524.9,122.413,115.109,139.95,122.369,128.927,136.702,142.679,136.147,136.008
1525.0,122.413,115.158,139.95,122.369,128.927,136.702,142.679,136.182,135.973
1525.1,122.413,115.158,139.983,122.413,128.888,136.771,142.617,136.182,136.043
1525.2,122.413,115.158,139.95,122.369,128.967,136.702,142.679,136.217,136.008
1525.3,122.457,115.256,139.95,122.369,128.967,136.736,142.679,136.286,136.043
1525.4,122.5,115.256,139.95,122.413,129.006,136.736,142.679,136.182,136.043
1525.5,122.413,115.256,139.918,122.413,129.006,136.736,142.679,136.182,136.008
1525.6,122.457,115.304,139.95,122.457,129.006,136.771,142.648,136.182,136.008
1525.7,122.544,115.256,139.983,122.457,129.045,136.771,142.648,136.217,136.078
1525.8,122.457,115.304,140.048,122.413,129.045,136.736,142.679,136.217,136.008
1525.9,122.457,115.304,139.983,122.5,129.045,136.736,142.74,136.217,136.008
1526.0,122.457,115.402,139.95,122.457,129.085,136.736,142.709,136.217,135.973
1526.1,122.5,115.402,139.95,122.457,129.202,136.771,142.648,136.182,136.043
1526.2,122.457,115.402,139.983,122.457,129.085,136.771,142.648,136.182,136.008
1526.3,122.457,115.499,139.95,122.369,129.124,136.736,142.679,136.182,136.043
1526.4,122.5,115.45,139.983,122.326,129.124,136.736,142.679,136.182,136.008
1526.5,122.413,115.45,139.983,122.544,129.163,136.736,142.679,136.182,136.043
1526.6,122.5,115.499,139.983,122.544,129.163,136.736,142.679,136.182,136.008
1526.7,122.5,115.596,139.95,122.5,129.163,136.736,142.648,136.182,136.043
1526.8,122.5,115.548,139.983,122.457,129.163,136.736,142.617,136.252,136.043
1526.9,122.457,115.548,139.983,122.544,129.202,136.702,142.648,136.182,136.078
1527.0,122.544,115.548,139.983,122.5,129.202,136.736,142.679,136.182,136.008
1527.1,122.588,115.596,139.95,122.544,129.281,136.702,142.679,136.217,136.008
1527.2,122.544,115.645,139.983,122.457,129.32,136.771,142.679,136.217,136.043
1527.3,122.544,115.645,139.983,122.544,129.281,136.771,142.709,136.252,136.078
1527.4,122.544,115.645,139.983,122.5,129.281,136.736,142.679,136.217,136.043
1527.5,122.588,115.742,139.95,122.5,129.359,136.805,142.679,136.252,136.112
1527.6,122.544,115.742,139.95,122.544,129.359,136.736,142.648,136.182,136.043
1527.7,122.544,115.79,140.015,122.544,129.359,136.805,142.648,136.252,136.043
1527.8,122.544,115.79,139.918,122.5,129.437,136.736,142.648,136.252,136.112
1527.9,122.588,115.838,140.015,122.544,129.437,136.736,142.771,136.252,136.182
1528.0,122.588,115.887,140.015,122.544,129.437,136.771,142.648,136.286,136.112
1528.1,122.631,115.935,139.983,122.588,129.476,136.771,142.648,136.252,136.043
1528.2,122.631,115.887,140.015,122.544,129.515,136.771,142.679,136.217,136.078
1528.3,122.588,115.887,140.015,122.588,129.476,136.771,142.679,136.217,136.078
1528.4,122.588,115.935,139.983,122.544,129.476,136.874,142.709,136.217,136.078
1528.5,122.631,115.983,140.015,122.588,129.554,136.771,142.679,136.252,136.147
1528.6,122.718,116.031,140.015,122.588,129.554,136.702,142.679,136.252,136.112
1528.7,122.588,116.031,140.015,122.631,129.515,136.771,142.617,136.252,136.078
1528.8,122.631,116.031,139.983,122.588,129.554,136.771,142.648,136.286,136.112
1528.9,122.675,116.031,139.95,122.588,129.593,136.736,142.617,136.217,136.112
1529.0,122.631,116.08,139.983,122.675,129.632,136.771,142.679,136.252,136.078
1529.1,122.675,116.08,139.95,122.631,129.593,136.771,142.679,136.217,136.078
1529.2,122.631,116.128,139.983,122.675,129.632,136.771,142.709,136.252,136.112
1529.3,122.631,116.176,139.983,122.631,129.671,136.736,142.648,136.252,136.182
1529.4,122.718,116.224,139.983,122.675,129.71,136.736,142.648,136.286,136.078
1529.5,122.675,116.272,139.95,122.631,129.71,136.736,142.679,136.286,136.112
1529.6,122.718,116.32,139.983,122.631,129.749,136.771,142.709,136.321,136.078
1529.7,122.588,116.272,139.983,122.631,129.749,136.771,142.648,136.286,136.147
1529.8,122.718,116.368,139.983,122.718,129.749,136.736,142.74,136.286,136.078
1529.9,122.675,116.416,139.983,122.675,129.826,136.805,142.679,136.252,136.112
1530.0,122.718,116.416,139.983,122.675,129.826,136.805,142.679,136.321,136.147
1530.1,122.718,116.416,139.983,122.675,129.865,136.771,142.802,136.286,136.147
1530.2,122.762,116.512,140.015,122.718,129.865,136.805,142.679,136.321,136.147
1530.3,122.762,116.56,140.015,122.805,129.981,136.771,142.679,136.286,136.147
1530.4,122.718,116.607,140.015,122.762,129.981,136.771,142.648,136.321,136.112
1530.5,122.762,116.655,140.048,122.805,129.904,136.564,142.648,136.39,136.078
1530.6,122.805,116.655,140.015,122.805,129.942,136.805,142.709,136.321,136.182
1530.7,122.762,116.607,140.015,122.762,129.981,136.771,142.679,136.286,136.147
1530.8,122.805,116.655,139.983,122.805,130.058,136.805,142.771,136.321,136.147
1530.9,122.849,116.751,139.983,122.805,130.058,136.771,142.679,136.321,136.252
1531.0,122.805,116.751,140.015,122.805,130.058,136.839,142.648,136.321,136.147
1531.1,122.805,116.751,140.015,122.805,130.136,136.805,142.679,136.356,136.112
1531.2,122.805,116.798,139.983,122.805,130.097,136.771,142.709,136.217,136.182
1531.3,122.849,116.798,139.983,122.762,130.097,136.805,142.709,136.252,136.217
1531.4,122.849,116.894,140.015,122.805,130.174,136.805,142.679,136.321,136.147
1531.5,122.849,116.894,140.015,122.892,130.213,136.839,142.679,136.321,136.182
1531.6,122.849,116.798,140.015,122.849,130.174,136.839,142.679,136.39,136.182
1531.7,122.805,116.989,139.983,122.892,130.213,136.805,142.679,136.356,136.182
1531.8,122.849,116.989,140.015,122.892,130.251,136.805,142.648,136.356,136.182
1531.9,122.936,117.036,140.015,122.892,130.29,136.805,142.74,136.356,136.217
1532.0,122.892,117.131,139.983,122.849,130.29,136.805,142.709,136.321,136.182
1532.1,122.936,117.084,140.015,122.849,130.328,136.839,142.709,136.356,136.147
1532.2,122.892,117.131,140.015,122.849,130.367,136.805,142.74,136.356,136.217
1532.3,122.936,117.179,140.015,122.892,130.328,136.805,142.679,136.356,136.286
1532.4,122.892,117.179,140.015,122.892,130.405,136.839,142.709,136.356,136.217
1532.5,122.849,117.226,140.015,122.892,130.367,136.805,142.709,136.356,136.252
1532.6,122.936,117.179,139.983,122.892,130.367,136.874,142.679,136.39,136.321
1532.7,122.892,117.226,140.015,122.936,130.367,136.805,142.771,136.39,136.217
1532.8,122.936,117.273,139.983,123.022,130.367,136.839,142.679,136.39,136.217
1532.9,122.979,117.273,140.048,122.849,130.405,136.908,142.74,136.39,136.252
1533.0,122.892,117.226,139.983,122.936,130.405,136.805,142.679,136.356,136.217
1533.1,122.979,117.321,140.015,122.936,130.482,136.805,142.709,136.39,136.217
1533.2,122.979,117.368,140.015,122.936,130.444,136.805,142.679,136.425,136.217
1533.3,122.936,117.368,140.015,122.979,130.444,136.805,142.709,136.39,136.217
1533.4,122.936,117.321,140.015,122.849,130.482,136.805,142.648,136.425,136.252
1533.5,122.936,117.415,139.983,123.022,130.559,136.805,142.679,136.356,136.286
1533.6,122.979,117.415,139.983,122.979,130.52,136.805,142.709,136.356,136.217
1533.7,122.979,117.415,140.015,122.979,130.52,136.839,142.679,136.39,136.252
1533.8,122.936,117.509,140.015,122.979,130.559,136.805,142.679,136.356,136.252
1533.9,123.066,117.557,139.983,122.936,130.559,136.839,142.679,136.356,136.252
1534.0,123.022,117.557,139.983,123.022,130.597,136.874,142.679,136.39,136.286
1534.1,122.979,117.557,139.983,122.979,130.635,136.805,142.709,136.39,136.252
1534.2,123.066,117.604,140.015,122.936,130.635,136.805,142.679,136.39,136.217
1534.3,122.979,117.651,140.048,122.979,130.635,136.771,142.709,136.39,136.286
1534.4,123.022,117.651,140.048,123.022,130.674,136.839,142.679,136.39,136.252
1534.5,123.066,117.651,140.015,123.022,130.597,136.805,142.709,136.39,136.286
1534.6,123.022,117.745,140.048,123.022,130.674,136.839,142.679,136.39,136.252
1534.7,123.066,117.698,139.853,123.066,130.635,136.805,142.679,136.425,136.252
1534.8,123.066,117.792,140.015,123.022,130.712,136.839,142.679,136.46,136.217
1534.9,123.109,117.698,140.08,123.022,130.75,136.805,142.679,136.46,136.252
1535.0,122.979,117.792,140.015,123.066,130.75,136.805,142.709,136.39,136.252
1535.1,123.066,117.839,140.048,123.109,130.788,136.874,142.679,136.46,136.286
1535.2,123.066,117.886,140.015,123.066,130.712,136.805,142.709,136.425,136.286
1535.3,123.152,117.886,140.015,123.066,130.826,136.805,142.74,136.356,136.286
1535.4,123.109,117.886,140.015,123.066,130.788,136.839,142.709,136.425,136.252
1535.5,123.109,117.886,140.08,123.066,130.826,136.839,142.679,136.425,136.321
1535.6,123.022,117.886,140.048,123.066,130.864,136.874,142.709,136.425,136.356
1535.7,123.109,117.886,139.983,123.152,130.864,136.874,142.679,136.39,136.286
1535.8,123.066,117.932,140.015,123.066,130.75,136.839,142.679,136.425,136.286
1535.9,123.109,117.839,140.015,123.152,130.864,136.839,142.74,136.425,136.286
1536.0,123.066,117.979,140.048,123.109,130.903,136.805,142.679,136.425,136.321
1536.1,123.109,118.026,139.983,123.195,130.864,136.839,142.679,136.46,136.182
1536.2,123.109,118.026,140.015,123.066,130.941,136.839,142.679,136.425,136.321
1536.3,123.152,118.12,140.08,123.152,130.903,136.874,142.555,136.425,136.252
1536.4,123.109,118.12,140.048,123.152,131.017,136.839,142.709,136.494,136.286
1536.5,123.109,118.213,140.048,123.109,131.017,136.908,142.648,136.46,136.286
1536.6,123.152,118.213,140.048,123.152,131.055,136.839,142.771,136.46,136.321
1536.7,123.195,118.213,140.015,123.195,131.017,136.908,142.709,136.425,136.321
1536.8,123.152,118.26,140.015,123.195,131.055,136.839,142.709,136.425,136.286
1536.9,123.152,118.306,140.08,123.195,131.093,136.874,142.709,136.46,136.286
1537.0,123.238,118.306,140.015,123.195,131.093,136.839,142.709,136.46,136.39
1537.1,123.109,118.306,140.015,123.238,131.131,136.874,142.709,136.425,136.286
1537.2,123.282,118.353,140.048,123.195,131.093,136.874,142.709,136.46,136.252
1537.3,123.238,118.399,140.015,123.152,131.131,136.839,142.709,136.494,136.356
1537.4,123.195,118.399,140.015,123.238,131.131,136.943,142.771,136.564,136.39
1537.5,123.195,118.399,140.08,123.195,131.131,136.839,142.709,136.494,136.321
1537.6,123.195,118.399,140.048,123.238,131.169,136.874,142.709,136.494,136.321
1537.7,123.152,118.399,140.048,123.282,131.207,136.874,142.709,136.46,136.321
1537.8,123.195,118.446,140.048,123.195,131.207,136.839,142.709,136.46,136.356
1537.9,123.282,118.446,140.048,123.282,131.207,136.839,142.709,136.46,136.321
1538.0,123.195,118.539,140.048,123.195,131.245,136.839,142.74,136.46,136.46
1538.1,123.238,118.539,140.048,123.282,131.282,136.874,142.709,136.494,136.321
1538.2,123.238,118.539,140.08,123.238,131.207,136.908,142.709,136.425,136.356
1538.3,123.282,118.631,140.015,123.238,131.32,136.908,142.648,136.529,136.356
1538.4,123.282,118.585,140.048,123.238,131.282,136.839,142.679,136.494,136.356
1538.5,123.282,118.678,140.048,123.152,131.282,136.839,142.648,136.494,136.321
1538.6,123.238,118.631,140.048,123.282,131.358,136.874,142.709,136.529,136.321
1538.7,123.282,118.724,140.015,123.238,131.396,136.839,142.709,136.46,136.356
1538.8,123.282,118.77,140.015,123.282,131.471,136.943,142.679,136.529,136.356
1538.9,123.282,118.817,140.048,123.325,131.471,136.805,142.679,136.529,136.39
1539.0,123.282,118.817,140.015,123.282,131.396,136.874,142.555,136.494,136.356
1539.1,123.282,118.863,140.048,123.282,131.396,136.839,142.709,136.529,136.356
1539.2,123.282,118.817,140.048,123.325,131.434,136.874,142.709,136.46,136.356
1539.3,123.282,118.817,140.015,123.282,131.434,136.839,142.74,136.633,136.39
1539.4,123.282,118.863,140.08,123.497,131.509,136.874,142.679,136.564,136.321
1539.5,123.325,118.817,140.015,123.368,131.509,136.874,142.709,136.598,136.356
1539.6,123.282,118.863,140.08,123.325,131.471,136.908,142.709,136.529,136.39
1539.7,123.325,118.863,140.015,123.325,131.509,136.874,142.709,136.529,136.39
1539.8,123.325,118.955,140.048,123.282,131.622,136.874,142.617,136.529,136.39
1539.9,123.282,118.955,140.015,123.411,131.509,136.874,142.679,136.494,136.39
1540.0,123.325,119.001,140.048,123.411,131.584,136.839,142.709,136.529,136.356
1540.1,123.325,118.955,140.08,123.325,131.509,136.874,142.709,136.529,136.356
1540.2,123.325,119.093,140.08,123.411,131.622,136.874,142.74,136.494,136.425
1540.3,123.325,119.001,140.048,123.325,131.584,136.839,142.648,136.564,136.356
1540.4,123.325,119.047,140.08,123.368,131.622,136.874,142.709,136.529,136.425
1540.5,123.411,119.093,140.048,123.411,131.622,136.874,142.771,136.564,136.39
1540.6,123.411,119.093,140.08,123.411,131.66,136.908,142.709,136.529,136.425
1540.7,123.368,119.139,140.015,123.368,131.66,136.874,142.802,136.529,136.425
1540.8,123.368,119.185,140.08,123.368,131.697,136.943,142.709,136.529,136.425
1540.9,123.368,119.139,139.983,123.411,131.66,136.874,142.648,136.564,136.425
1541.0,123.325,119.185,140.113,123.454,131.735,136.874,142.709,136.564,136.39
1541.1,123.325,119.277,140.015,123.454,131.697,136.874,142.74,136.598,136.39
1541.2,123.411,119.231,140.048,123.411,131.735,136.874,142.709,136.529,136.46
1541.3,123.411,119.231,140.08,123.411,131.735,136.874,142.709,136.564,136.46
1541.4,123.411,119.277,140.08,123.411,131.772,136.908,142.709,136.564,136.425
1541.5,123.411,119.369,140.048,123.454,131.772,136.874,142.74,136.529,136.425
1541.6,123.411,119.369,140.08,123.454,131.848,136.874,142.648,136.564,136.425
1541.7,123.411,119.369,140.08,123.454,131.772,136.943,142.74,136.598,136.494
1541.8,123.454,119.415,140.08,123.497,131.772,136.874,142.771,136.598,136.425
1541.9,123.454,119.369,140.048,123.454,131.81,136.874,142.74,136.564,136.425
1542.0,123.411,119.369,140.08,123.454,131.848,136.908,142.709,136.564,136.425
1542.1,123.454,119.461,140.08,123.454,131.848,136.908,142.74,136.598,136.46
1542.2,123.454,119.461,140.08,123.454,131.848,136.943,142.771,136.598,136.46
1542.3,123.497,119.461,140.08,123.454,131.848,136.874,142.709,136.564,136.46
1542.4,123.454,119.506,140.048,123.497,131.922,136.908,142.709,136.529,136.46
1542.5,123.454,119.552,140.145,123.497,131.922,136.874,142.679,136.564,136.425
1542.6,123.454,119.506,140.08,123.497,131.922,136.908,142.679,136.598,136.425
1542.7,123.54,119.552,140.08,123.497,131.885,136.874,142.709,136.564,136.46
1542.8,123.497,119.643,140.048,123.497,131.997,136.874,142.679,136.598,136.46
1542.9,123.626,119.598,140.048,123.497,131.997,136.874,142.679,136.598,136.494
1543.0,123.497,119.598,140.113,123.497,131.96,136.908,142.709,136.633,136.494
1543.1,123.497,119.643,140.048,123.497,131.997,136.874,142.709,136.598,136.46
1543.2,123.454,119.689,140.048,123.497,131.997,136.874,142.709,136.598,136.425
1543.3,123.583,119.78,140.08,123.54,132.072,136.908,142.709,136.598,136.494
1543.4,123.54,119.78,140.113,123.54,131.997,137.08,142.709,136.633,136.494
1543.5,123.54,119.78,140.048,123.54,132.035,136.908,142.709,136.598,136.494
1543.6,123.54,119.826,140.08,123.583,132.109,136.908,142.709,136.598,136.494
1543.7,123.497,119.78,140.08,123.54,132.072,136.874,142.74,136.598,136.494
1543.8,123.583,119.871,140.08,123.54,132.035,136.943,142.709,136.702,136.46
1543.9,123.54,119.871,140.145,123.54,132.109,136.943,142.709,136.667,136.529
1544.0,123.583,119.826,140.08,123.626,132.109,136.874,142.709,136.633,136.46
1544.1,123.54,119.917,140.08,123.626,132.184,136.908,142.709,136.598,136.46
1544.2,123.583,119.962,140.08,123.626,132.147,136.874,142.679,136.598,136.529
1544.3,123.626,119.962,140.08,123.669,132.147,136.908,142.709,136.667,136.529
1544.4,123.583,119.962,140.08,123.669,132.147,136.908,142.74,136.667,136.529
1544.5,123.626,119.917,140.08,123.583,132.184,136.977,142.709,136.633,136.46
1544.6,123.54,120.098,140.145,123.583,132.184,136.943,142.74,136.633,136.494
1544.7,123.669,120.007,140.08,123.626,132.221,136.874,142.709,136.633,136.494
1544.8,123.583,119.917,140.145,123.583,132.221,136.908,142.709,136.633,136.529
1544.9,123.583,120.098,140.08,123.669,132.259,136.874,142.709,136.633,136.529
1545.0,123.583,120.053,140.08,123.626,132.259,136.943,142.709,136.667,136.564
1545.1,123.669,120.098,140.08,123.626,132.221,137.011,142.74,136.667,136.529
1545.2,123.626,120.144,140.048,123.669,132.259,136.908,142.709,136.667,136.529
1545.3,123.669,120.144,140.145,123.626,132.296,137.045,142.74,136.667,136.529
1545.4,123.626,120.189,140.08,123.754,132.296,136.977,142.74,136.633,136.564
1545.5,123.711,120.189,140.08,123.711,132.37,136.908,142.648,136.633,136.529
1545.6,123.626,120.234,140.08,123.669,132.333,136.874,142.709,136.633,136.494
1545.7,123.583,120.279,140.08,123.711,132.407,136.908,142.771,136.633,136.529
1545.8,123.711,120.324,140.08,123.711,132.407,136.943,142.709,136.667,136.564
1545.9,123.626,120.279,140.113,123.669,132.333,136.908,142.709,136.667,136.598
1546.0,123.626,120.324,140.048,123.711,132.444,136.908,142.709,136.667,136.529
1546.1,123.669,120.324,140.08,123.711,132.444,136.977,142.74,136.633,136.529
1546.2,123.669,120.37,140.048,123.84,132.407,136.908,142.74,136.702,136.564
1546.3,123.669,120.46,140.113,123.754,132.407,136.908,142.74,136.702,136.564
1546.4,123.669,120.46,140.048,123.669,132.407,136.943,142.709,136.667,136.598
1546.5,123.711,120.415,140.113,123.754,132.482,136.874,142.771,136.667,136.564
1546.6,123.669,120.415,140.08,123.669,132.482,136.943,142.709,136.667,136.529
1546.7,123.669,120.37,140.113,123.754,132.519,136.908,142.74,136.667,136.494
1546.8,123.711,120.505,140.08,123.711,132.556,136.908,142.709,136.702,136.529
1546.9,123.669,120.595,140.08,123.797,132.519,136.977,142.679,136.736,136.529
1547.0,123.711,120.505,140.08,123.754,132.519,136.943,142.709,136.702,136.529
1547.1,123.754,120.505,140.08,123.754,132.63,136.943,142.709,136.702,136.529
1547.2,123.711,120.64,140.113,123.797,132.519,136.943,142.74,136.702,136.529
1547.3,123.711,120.775,140.08,123.797,132.63,136.943,142.802,136.667,136.598
1547.4,123.754,120.64,140.113,123.711,132.593,136.943,142.709,136.667,136.564
1547.5,123.754,120.64,140.113,123.797,132.593,136.943,142.802,136.736,136.598
1547.6,123.797,120.685,140.08,123.84,132.63,136.977,142.74,136.702,136.564
1547.7,123.754,120.73,140.048,123.797,132.63,136.908,142.771,136.667,136.564
1547.8,123.711,120.73,140.113,123.84,132.667,136.943,142.74,136.771,136.564
1547.9,123.711,120.775,140.113,123.797,132.704,136.943,142.709,136.702,136.529
1548.0,123.754,120.73,140.08,123.84,132.778,136.977,142.74,136.667,136.633
1548.1,123.754,120.819,140.145,123.797,132.741,136.943,142.74,136.736,136.598
1548.2,123.84,120.864,140.145,123.84,132.704,136.943,142.709,136.736,136.564
1548.3,123.754,120.819,140.08,123.883,132.704,136.943,142.709,136.702,136.564
1548.4,123.84,120.819,140.113,123.797,132.704,136.943,142.74,136.702,136.564
1548.5,123.754,120.864,140.145,123.84,132.741,136.977,142.74,136.736,136.564
1548.6,123.797,120.864,140.177,123.883,132.778,136.943,142.74,136.736,136.564
1548.7,123.84,120.819,140.08,123.84,132.778,136.874,142.709,136.702,136.564
1548.8,123.84,120.954,139.983,123.84,132.778,136.943,142.74,136.736,136.633
1548.9,123.84,120.954,140.08,123.84,132.814,136.943,142.802,136.702,136.598
1549.0,123.797,120.909,140.113,123.84,132.814,136.943,142.709,136.736,136.633
1549.1,123.797,120.909,140.08,123.883,132.814,136.977,142.709,136.736,136.598
1549.2,123.797,121.088,140.08,123.883,132.851,136.943,142.74,136.736,136.598
1549.3,123.925,121.043,140.08,123.84,132.814,136.977,142.74,136.736,136.667
1549.4,123.84,121.043,140.08,123.883,132.814,136.943,142.74,136.771,136.633
1549.5,123.711,121.088,140.08,123.925,132.925,136.943,142.709,136.771,136.564
1549.6,123.797,121.043,140.113,123.883,132.851,136.943,142.771,136.736,136.633
1549.7,123.84,121.088,140.08,123.925,132.925,136.943,142.802,136.736,136.564
1549.8,123.883,121.132,140.113,123.925,132.962,137.011,142.74,136.771,136.633
1549.9,123.925,121.177,140.08,123.925,132.962,136.977,142.709,136.702,136.667
1550.0,123.797,121.222,140.08,124.053,132.962,136.943,142.74,136.805,136.633
1550.1,123.883,121.222,140.08,123.968,132.999,136.977,142.709,136.771,136.598
1550.2,123.883,121.222,140.08,123.968,132.962,136.943,142.74,136.702,136.598
1550.3,123.925,121.266,140.113,123.968,132.999,137.011,142.709,136.736,136.667
1550.4,123.883,121.266,140.113,123.925,132.999,137.08,142.771,136.736,136.633
1550.5,123.968,121.355,140.177,123.968,133.035,137.011,142.74,136.805,136.633
1550.6,123.925,121.355,140.145,124.011,132.999,136.943,142.74,136.771,136.598
1550.7,123.883,121.355,140.113,123.925,133.035,136.943,142.771,136.736,136.598
1550.8,123.883,121.399,140.08,123.968,132.999,136.977,142.709,136.771,136.633
1550.9,123.883,121.399,140.21,123.925,133.109,136.977,142.709,136.771,136.598
1551.0,123.925,121.488,140.113,123.968,133.182,136.977,142.74,136.771,136.564
1551.1,123.925,121.533,140.113,124.011,133.146,136.977,142.709,136.805,136.633
1551.2,123.968,121.533,140.177,123.925,133.109,136.977,142.74,136.771,136.633
1551.3,123.925,121.577,140.145,124.011,133.146,136.943,142.802,136.736,136.598
1551.4,124.011,121.577,140.113,124.011,133.255,136.977,142.74,136.839,136.667
1551.5,123.968,121.577,140.145,124.011,133.219,136.943,142.709,136.771,136.667
1551.6,123.968,121.577,140.113,124.053,133.255,137.011,142.74,136.771,136.702
1551.7,123.925,121.621,140.113,124.096,133.219,136.977,142.74,136.771,136.667
1551.8,123.968,121.621,140.145,124.053,133.255,137.011,142.709,136.805,136.771
1551.9,124.053,121.71,140.08,124.011,133.255,137.011,142.74,136.874,136.667
1552.0,124.011,121.754,140.113,124.053,133.292,136.977,142.771,136.908,136.736
1552.1,124.053,121.71,140.145,124.053,133.292,136.977,142.771,136.771,136.702
1552.2,123.968,121.886,140.177,124.096,133.292,136.977,142.74,136.839,136.667
1552.3,124.011,121.798,140.08,124.011,133.255,137.011,142.709,136.839,136.702
1552.4,124.011,121.842,140.177,124.053,133.292,136.977,142.74,136.805,136.771
1552.5,124.011,121.754,140.177,124.138,133.329,137.045,142.74,136.805,136.771
1552.6,124.053,121.842,140.113,124.096,133.329,136.977,142.771,136.839,136.702
1552.7,124.053,121.842,140.113,124.096,133.475,136.977,142.771,136.805,136.702
1552.8,123.968,121.886,140.145,124.096,133.402,137.011,142.74,136.839,136.702
1552.9,123.968,121.93,140.113,124.138,133.365,136.977,142.802,136.839,136.702
1553.0,124.011,121.842,140.113,124.053,133.365,137.011,142.74,136.839,136.736
1553.1,124.053,121.886,140.113,124.053,133.475,137.011,142.74,136.839,136.736
1553.2,124.053,121.886,140.113,124.096,133.438,136.977,142.771,136.874,136.702
1553.3,124.053,121.93,140.113,124.138,133.475,137.011,142.771,136.839,136.736
1553.4,124.053,122.062,140.113,124.138,133.475,136.977,142.802,136.839,136.736
1553.5,124.096,122.018,140.145,124.138,133.475,137.011,142.74,136.874,136.736
1553.6,124.096,122.15,140.145,124.138,133.475,137.011,142.74,136.839,136.702
1553.7,124.096,122.062,140.145,124.096,133.475,137.045,142.709,136.839,136.598
1553.8,124.138,122.018,140.08,124.181,133.511,136.977,142.771,136.805,136.702
1553.9,124.138,122.194,140.113,124.138,133.548,136.977,142.74,136.874,136.736
1554.0,124.096,122.15,140.113,124.181,133.584,136.977,142.771,136.839,136.702
1554.1,124.053,122.194,140.177,124.223,133.584,137.011,142.74,136.839,136.702
1554.2,124.138,122.15,140.145,124.138,133.548,136.977,142.802,136.874,136.702
1554.3,124.138,122.282,140.015,124.181,133.62,137.08,142.771,136.874,136.736
1554.4,124.096,122.326,140.177,124.181,133.62,137.011,142.709,136.908,136.702
1554.5,124.138,122.194,140.145,124.223,133.62,137.045,142.74,136.908,136.702
1554.6,124.138,122.282,140.145,124.266,133.62,137.011,142.771,136.874,136.805
1554.7,124.138,122.326,140.242,124.223,133.62,137.011,142.771,136.839,136.771
1554.8,124.181,122.369,140.113,124.223,133.657,137.011,142.771,136.874,136.771
1554.9,124.223,122.369,140.145,124.181,133.657,137.011,142.709,136.839,136.771
1555.0,124.138,122.413,140.145,124.223,133.693,137.011,142.709,136.874,136.736
1555.1,124.181,122.457,140.145,124.181,133.729,137.08,142.74,136.874,136.736
1555.2,124.181,122.457,140.177,124.266,133.729,136.977,142.771,136.874,136.736
1555.3,124.181,122.544,140.145,124.223,133.729,137.011,142.802,136.874,136.736
1555.4,124.138,122.457,140.08,124.266,133.729,137.011,142.771,136.874,136.633
1555.5,124.223,122.5,140.145,124.223,133.729,136.943,142.74,136.874,136.771
1555.6,124.181,122.5,140.177,124.266,133.766,137.08,142.709,136.805,136.736
1555.7,124.181,122.5,140.145,124.266,133.729,137.011,142.74,136.874,136.771
1555.8,124.223,122.544,140.177,124.266,133.766,137.045,142.771,136.874,136.805
1555.9,124.223,122.588,140.145,124.266,133.766,137.114,142.74,136.874,136.805
1556.0,124.223,122.588,140.145,124.308,133.802,137.011,142.771,136.908,136.771
1556.1,124.266,122.631,140.113,124.308,133.874,137.011,142.74,136.943,136.805
1556.2,124.266,122.631,140.145,124.308,133.838,137.011,142.771,136.943,136.839
1556.3,124.181,122.631,140.145,124.308,133.911,137.011,142.802,136.908,136.805
1556.4,124.181,122.718,140.08,124.308,133.838,137.045,142.771,136.908,136.771
1556.5,124.181,122.718,140.145,124.308,133.874,137.08,142.74,136.908,136.771
1556.6,124.266,122.805,140.145,124.308,133.874,137.045,142.771,136.908,136.771
1556.7,124.393,122.762,140.145,124.308,133.947,137.045,142.74,136.908,136.771
1556.8,124.181,122.718,140.113,124.351,133.947,137.011,142.864,136.908,136.805
1556.9,124.223,122.762,140.145,124.351,133.947,137.045,142.802,136.908,136.839
1557.0,124.308,122.805,140.113,124.351,133.947,137.011,142.833,136.908,136.805
1557.1,124.223,122.849,140.145,124.351,133.947,137.045,142.802,136.943,136.805
1557.2,124.266,122.849,140.177,124.393,133.911,137.045,142.74,136.943,136.805
1557.3,124.223,122.849,140.08,124.393,133.947,137.011,142.74,136.908,136.771
1557.4,124.223,122.849,140.145,124.351,134.019,137.045,142.771,136.943,136.839
1557.5,124.351,122.849,140.177,124.351,134.019,137.114,142.771,136.908,136.805
1557.6,124.308,122.892,140.145,124.351,133.983,137.011,142.74,137.011,136.943
1557.7,124.308,122.892,140.145,124.393,134.019,137.045,142.864,136.943,136.805
1557.8,124.308,122.936,140.145,124.436,134.127,137.011,142.771,136.908,136.805
1557.9,124.266,122.936,140.145,124.393,134.091,137.045,142.74,136.908,136.839
1558.0,124.308,122.979,140.177,124.393,134.055,137.08,142.771,136.908,136.839
1558.1,124.266,123.109,140.145,124.393,134.055,137.045,142.74,136.977,136.839
1558.2,124.351,123.022,140.145,124.436,134.091,137.045,142.74,136.943,136.805
1558.3,124.308,123.109,140.21,124.393,134.164,137.045,142.74,136.943,136.839
1558.4,124.351,123.195,140.145,124.436,134.2,137.045,142.74,136.874,136.839
1558.5,124.351,123.066,140.145,124.478,134.164,137.08,142.771,136.943,136.839
1558.6,124.351,123.152,140.177,124.436,134.127,137.08,142.74,137.045,136.839
1558.7,124.351,123.195,140.242,124.436,134.164,137.045,142.74,136.943,136.839
1558.8,124.308,123.195,140.177,124.436,134.164,137.011,142.771,136.977,136.874
1558.9,124.308,123.238,140.145,124.436,134.127,137.011,142.74,137.045,136.839
1559.0,124.351,123.282,140.145,124.478,134.236,137.045,142.771,136.874,136.874
1559.1,124.393,123.282,140.177,124.436,134.236,137.045,142.74,137.045,136.805
1559.2,124.436,123.325,140.21,124.478,134.236,137.045,142.771,136.977,136.874
1559.3,124.351,123.325,140.177,124.478,134.236,137.045,142.771,137.08,136.771
1559.4,124.436,123.325,140.177,124.478,134.236,137.08,142.771,136.943,136.874
1559.5,124.436,123.368,140.145,124.52,134.308,137.045,142.74,136.943,136.874
1559.6,124.436,123.368,140.177,124.52,134.272,137.08,142.771,136.977,136.874
1559.7,124.393,123.411,140.177,124.52,134.308,137.08,142.709,136.977,136.874
1559.8,124.436,123.454,140.145,124.52,134.308,137.045,142.802,136.943,136.874
1559.9,124.436,123.454,140.21,124.52,134.308,137.08,142.771,136.977,136.874
1560.0,124.436,123.454,140.113,124.478,134.308,137.148,142.709,136.943,136.874
1560.1,124.393,123.454,140.177,124.562,134.343,137.08,142.802,137.011,136.874
1560.2,124.436,123.497,140.177,124.478,134.236,137.045,142.74,137.011,136.874
1560.3,124.351,123.497,140.21,124.52,134.415,137.045,142.802,136.943,136.874
1560.4,124.436,123.583,140.145,124.52,134.415,137.08,142.771,136.977,136.874
1560.5,124.478,123.454,140.145,124.562,134.343,137.045,142.74,137.011,136.839
1560.6,124.436,123.583,140.177,124.562,134.451,137.08,142.74,137.011,136.874
1560.7,124.436,123.626,140.177,124.562,134.415,137.08,142.771,137.011,136.874
1560.8,124.478,123.583,140.177,124.52,134.415,137.045,142.74,137.011,136.943
1560.9,124.478,123.626,140.145,124.562,134.451,137.08,142.771,137.011,136.908
1561.0,124.478,123.626,140.145,124.562,134.451,137.045,142.771,137.011,136.874
1561.1,124.478,123.626,140.145,124.562,134.451,137.08,142.833,137.011,136.908
1561.2,124.478,123.711,140.177,124.562,134.487,137.08,142.802,137.011,136.874
1561.3,124.562,123.711,140.177,124.562,134.523,137.08,142.74,136.977,136.908
1561.4,124.478,123.754,140.177,124.605,134.523,137.08,142.802,137.011,136.943
1561.5,124.52,123.754,140.145,124.647,134.523,137.08,142.74,137.045,136.977
1561.6,124.562,123.797,140.177,124.647,134.415,137.045,142.802,137.011,136.908
1561.7,124.393,123.797,140.21,124.605,134.559,137.045,142.771,137.08,136.977
1561.8,124.52,123.883,140.177,124.52,134.594,137.08,142.802,137.011,136.874
1561.9,124.52,123.883,140.145,124.647,134.559,137.08,142.771,137.011,136.908
1562.0,124.562,123.84,140.21,124.605,134.594,137.045,142.802,136.977,136.908
1562.1,124.52,123.883,140.21,124.647,134.415,137.08,142.802,137.045,136.874
1562.2,124.52,123.883,140.177,124.647,134.559,137.114,142.74,136.943,136.908
1562.3,124.562,123.968,140.145,124.647,134.63,137.08,142.771,137.011,136.943
1562.4,124.605,123.968,140.177,124.647,134.63,137.08,142.771,137.045,136.943
1562.5,124.605,123.968,140.177,124.647,134.63,137.08,142.771,137.011,136.943
1562.6,124.562,124.011,140.21,124.689,134.63,137.08,142.74,137.011,136.908
1562.7,124.605,123.968,140.177,124.689,134.666,137.045,142.771,137.011,136.943
1562.8,124.562,124.096,140.177,124.647,134.702,137.011,142.771,137.011,136.908
1562.9,124.605,124.053,140.177,124.689,134.702,137.08,142.771,137.045,137.011
1563.0,124.562,124.096,140.21,124.689,134.737,137.114,142.771,137.148,136.908
1563.1,124.605,124.138,140.21,124.689,134.702,137.114,142.771,137.08,136.943
1563.2,124.562,124.138,140.113,124.731,134.737,137.114,142.802,137.045,136.943
1563.3,124.605,124.181,140.177,124.689,134.737,137.08,142.771,137.08,136.943
1563.4,124.605,124.181,140.177,124.647,134.737,137.08,142.833,137.08,136.943
1563.5,124.605,124.181,140.177,124.731,134.915,137.114,142.74,137.08,136.943
1563.6,124.689,124.181,140.145,124.773,134.773,137.08,142.771,137.08,136.977
1563.7,124.605,124.223,140.242,124.773,134.809,137.08,142.771,137.011,136.943
1563.8,124.647,124.308,140.177,124.689,134.809,137.114,142.802,137.114,136.943
1563.9,124.647,124.223,140.145,124.689,134.809,137.114,142.802,137.08,137.011
1564.0,124.605,124.181,140.177,124.731,134.809,137.08,142.74,137.08,136.943
1564.1,124.731,124.308,140.177,124.647,134.844,137.08,142.74,137.045,136.977
1564.2,124.647,124.308,140.177,124.689,134.844,137.114,142.771,137.045,136.943
1564.3,124.605,124.266,140.177,124.689,134.844,137.114,142.74,137.045,136.977
1564.4,124.647,124.308,140.177,124.689,134.844,137.08,142.74,137.08,136.977
1564.5,124.689,124.351,140.339,124.731,134.844,137.114,142.771,137.08,136.977
1564.6,124.647,124.308,140.177,124.731,134.844,137.114,142.833,137.08,137.045
1564.7,124.647,124.478,140.145,124.773,134.844,137.08,142.864,137.045,137.08
1564.8,124.647,124.351,140.21,124.773,134.844,137.08,142.771,137.08,136.943
1564.9,124.647,124.351,140.275,124.731,134.88,137.114,142.74,137.114,136.908
1565.0,124.647,124.436,140.242,124.773,134.951,137.148,142.802,137.114,137.011
1565.1,124.647,124.436,140.145,124.773,134.915,137.148,142.771,137.08,136.977
1565.2,124.647,124.478,140.242,124.858,134.844,137.182,142.771,137.114,137.011
1565.3,124.647,124.478,140.21,124.816,134.951,137.114,142.771,137.08,137.011
1565.4,124.731,124.436,140.177,124.816,134.987,137.114,142.802,137.08,137.011
1565.5,124.689,124.605,140.21,124.816,134.987,137.114,142.771,137.114,136.977
1565.6,124.731,124.605,140.177,124.816,134.951,137.114,142.771,137.08,136.977
1565.7,124.689,124.605,140.21,124.816,135.093,137.148,142.771,137.148,137.011
1565.8,124.605,124.605,140.21,124.816,134.987,137.114,142.864,137.148,136.977
1565.9,124.731,124.689,140.177,124.858,135.022,137.148,142.771,137.08,137.08
1566.0,124.731,124.647,140.21,124.858,135.058,137.114,142.771,137.114,137.011
1566.1,124.731,124.731,140.21,124.816,135.058,137.114,142.802,137.182,137.011
1566.2,124.731,124.731,140.21,124.858,135.093,137.148,142.771,137.148,137.011
1566.3,124.816,124.731,140.177,124.858,135.058,137.148,142.771,137.114,137.011
1566.4,124.731,124.773,140.21,124.816,135.093,137.08,142.771,137.045,136.977
1566.5,124.773,124.731,140.177,124.858,135.129,137.148,142.74,137.114,136.977
1566.6,124.647,124.773,140.242,124.858,135.093,137.114,142.771,137.114,136.977
1566.7,124.773,124.816,140.177,124.942,135.058,137.08,142.802,137.114,137.011
1566.8,124.731,124.816,140.21,124.858,135.129,137.114,142.864,137.114,137.045
1566.9,124.773,124.9,140.21,124.9,135.129,137.114,142.802,137.148,137.011
1567.0,124.773,124.858,140.177,124.9,135.164,137.148,142.833,137.114,137.045
1567.1,124.858,124.9,140.177,124.773,135.164,137.114,142.802,137.114,137.011
1567.2,124.731,124.9,140.21,124.858,135.164,137.114,142.802,137.148,137.045
1567.3,124.773,124.942,140.21,124.858,135.235,137.114,142.74,137.114,137.045
1567.4,124.816,124.942,140.21,124.9,135.199,137.114,142.74,137.114,137.114
1567.5,124.816,124.984,140.145,124.984,135.164,137.148,142.74,137.148,137.045
1567.6,124.816,124.984,140.21,124.9,135.235,137.148,142.771,137.114,137.045
1567.7,124.773,125.026,140.307,124.816,135.235,137.148,142.802,137.148,137.08
1567.8,124.858,124.984,140.177,124.942,135.235,137.182,142.74,137.182,137.045
1567.9,124.816,125.068,140.21,124.9,135.27,137.114,142.833,137.182,137.045
1568.0,124.816,125.151,140.21,124.984,135.27,137.114,142.802,137.148,137.114
1568.1,124.816,125.151,140.21,124.942,135.341,137.148,142.833,137.148,137.08
1568.2,124.816,125.068,140.242,124.9,135.305,137.148,142.802,137.148,137.045
1568.3,124.858,125.193,140.242,124.942,135.27,137.148,142.802,137.182,137.08
1568.4,124.816,125.11,140.21,124.942,135.305,137.114,142.802,137.182,137.114
1568.5,124.773,125.151,140.242,124.9,135.341,137.148,142.802,137.148,137.08
1568.6,124.9,125.068,140.21,124.984,135.27,137.148,142.802,137.182,137.08
1568.7,124.816,125.193,140.21,124.858,135.341,137.114,142.802,137.251,137.08
1568.8,124.858,125.193,140.242,124.942,135.305,137.148,142.74,137.148,137.08
1568.9,124.858,125.235,140.21,125.026,135.341,137.148,142.771,137.148,137.045
1569.0,124.858,125.277,140.242,124.984,135.411,137.148,142.802,137.08,137.045
1569.1,124.942,125.277,140.21,124.984,135.341,137.148,142.833,137.216,137.114
1569.2,124.858,125.277,140.177,125.026,135.482,137.148,142.771,137.148,137.08
1569.3,124.9,125.277,140.339,124.942,135.447,137.148,142.833,137.182,137.114
1569.4,124.816,125.277,140.242,125.026,135.411,137.114,142.771,137.182,137.08
1569.5,124.858,125.319,140.21,125.026,135.411,137.148,142.802,137.216,137.08
1569.6,124.858,125.319,140.21,125.068,135.411,137.148,142.771,137.251,137.08
1569.7,124.858,125.402,140.21,124.984,135.447,137.148,142.802,137.182,137.08
1569.8,124.858,125.319,140.21,125.068,135.552,137.148,142.802,137.216,137.08
1569.9,124.9,125.402,140.307,125.026,135.376,137.148,142.833,137.216,137.08
1570.0,124.942,125.402,140.242,125.11,135.411,137.182,142.771,137.182,137.08
1570.1,124.942,125.402,140.242,125.026,135.552,137.148,142.802,137.216,137.08
1570.2,124.942,125.402,140.275,125.026,135.482,137.148,142.802,137.182,137.114
1570.3,124.984,125.402,140.242,125.026,135.447,137.114,142.802,137.216,137.08
1570.4,124.9,125.444,140.242,125.026,135.517,137.148,142.802,137.182,137.148
1570.5,124.984,125.402,140.242,125.068,135.517,137.216,142.771,137.182,137.08
1570.6,124.942,125.444,140.21,125.026,135.411,137.148,142.771,137.216,137.114
1570.7,124.942,125.444,140.242,125.11,135.517,137.182,142.802,137.216,137.08
1570.8,124.942,125.527,140.242,125.11,135.517,137.148,142.771,137.216,137.114
1570.9,124.942,125.527,140.21,125.068,135.517,137.148,142.833,137.182,137.148
1571.0,124.942,125.527,140.275,125.11,135.658,137.251,142.802,137.216,137.148
1571.1,124.984,125.527,140.242,125.068,135.587,137.148,142.802,137.182,137.114
1571.2,124.984,125.569,140.21,125.026,135.587,137.148,142.833,137.182,137.148
1571.3,125.026,125.693,140.242,125.11,135.587,137.216,142.802,137.216,137.114
1571.4,124.984,125.652,140.242,125.11,135.658,137.182,142.833,137.216,137.114
1571.5,124.984,125.693,140.307,125.068,135.552,137.182,142.802,137.216,137.114
1571.6,124.984,125.652,140.21,125.11,135.587,137.182,142.802,137.216,137.114
1571.7,124.984,125.693,140.21,125.151,135.587,137.148,142.802,137.285,137.08
1571.8,125.026,125.693,140.242,125.11,135.658,137.182,142.802,137.319,137.148
1571.9,125.068,125.693,140.242,125.151,135.623,137.182,142.833,137.216,137.148
1572.0,124.984,125.818,140.21,125.151,135.693,137.182,142.802,137.251,137.148
1572.1,124.942,125.818,140.275,125.193,135.728,137.216,142.771,137.251,137.216
1572.2,125.026,125.859,140.242,125.151,135.693,137.216,142.833,137.216,137.148
1572.3,124.942,125.776,140.242,125.193,135.658,137.148,142.833,137.216,137.114
1572.4,125.151,125.818,140.21,125.193,135.693,137.182,142.802,137.216,137.148
1572.5,125.068,125.859,140.242,125.151,135.763,137.148,142.771,137.251,137.148
1572.6,124.984,125.859,140.21,125.235,135.728,137.182,142.802,137.251,137.148
1572.7,125.026,125.859,140.242,125.151,135.728,137.148,142.802,137.251,137.148
1572.8,125.026,125.942,140.242,125.151,135.798,137.216,142.802,137.251,137.148
1572.9,125.026,125.901,140.242,125.235,135.798,137.182,142.833,137.251,137.148
1573.0,125.026,125.942,140.242,125.151,135.763,137.182,142.802,137.285,137.182
1573.1,125.026,125.942,140.145,125.193,135.763,137.182,142.802,137.285,137.114
1573.2,125.068,125.983,140.242,125.193,135.798,137.216,142.771,137.251,137.148
1573.3,125.026,125.983,140.242,125.193,135.798,137.148,142.802,137.251,137.114
1573.4,125.026,125.983,140.242,125.235,135.798,137.216,142.771,137.251,137.182
1573.5,125.151,126.066,140.242,125.235,135.903,137.114,142.925,137.216,137.182
1573.6,125.11,126.066,140.242,125.235,135.798,137.182,142.833,137.285,137.182
1573.7,125.026,126.024,140.242,125.235,135.833,137.216,142.802,137.285,137.182
1573.8,125.11,126.066,140.242,125.11,135.833,137.182,142.771,137.251,137.216
1573.9,125.068,126.107,140.242,125.193,135.833,137.148,142.802,137.216,137.148
1574.0,125.151,126.148,140.275,125.193,135.868,137.182,142.802,137.251,137.148
1574.1,125.068,126.148,140.275,125.193,135.903,137.251,142.802,137.285,137.182
1574.2,125.068,126.148,140.275,125.277,135.868,137.182,142.802,137.251,137.08
1574.3,125.151,126.189,140.21,125.235,135.903,137.182,142.802,137.285,137.182
1574.4,125.11,126.231,140.275,125.235,135.938,137.182,142.833,137.285,137.216
1574.5,125.068,126.189,140.242,125.277,135.903,137.182,142.802,137.285,137.148
1574.6,125.151,126.189,140.275,125.277,135.903,137.182,142.833,137.319,137.251
1574.7,125.068,126.189,140.242,125.277,135.938,137.114,142.802,137.251,137.216
1574.8,125.151,126.231,140.242,125.277,135.973,137.148,142.802,137.319,137.216
1574.9,125.151,126.272,140.275,125.319,135.973,137.182,142.802,137.319,137.182
1575.0,125.151,126.272,140.21,125.319,135.973,137.216,142.802,137.319,137.216
1575.1,125.11,126.272,140.275,125.235,136.043,137.182,142.802,137.251,137.216
1575.2,125.151,126.313,140.275,125.277,136.008,137.216,142.864,137.251,137.216
1575.3,125.151,126.313,140.242,125.319,135.973,137.182,142.833,137.319,137.182
1575.4,125.151,126.354,140.242,125.277,135.973,137.251,142.833,137.319,137.182
1575.5,125.193,126.436,140.275,125.319,135.973,137.216,142.833,137.251,137.216
1575.6,125.193,126.313,140.275,125.319,136.078,137.216,142.833,137.251,137.148
1575.7,125.11,126.395,140.275,125.319,136.008,137.216,142.771,137.319,137.182
1575.8,125.151,126.354,140.275,125.319,136.008,137.216,142.833,137.319,137.182
1575.9,125.151,126.395,140.242,125.277,136.043,137.216,142.802,137.387,137.216
1576.0,125.151,126.436,140.275,125.319,136.043,137.182,142.709,137.285,137.216
1576.1,125.151,126.559,140.275,125.319,136.043,137.216,142.833,137.319,137.251
1576.2,125.193,126.477,140.275,125.36,136.078,137.216,142.802,137.319,137.353
1576.3,125.193,126.518,140.242,125.319,136.078,137.216,142.864,137.285,137.216
1576.4,125.151,126.518,140.242,125.235,136.043,137.251,142.802,137.285,137.216
1576.5,125.193,126.518,140.307,125.319,136.008,137.251,142.833,137.319,137.251
1576.6,125.277,126.6,140.275,125.36,136.112,137.182,142.802,137.387,137.216
1576.7,125.11,126.518,140.242,125.402,136.112,137.251,142.833,137.387,137.285
1576.8,125.151,126.559,140.275,125.36,136.182,137.182,142.833,137.353,137.285
1576.9,125.193,126.6,140.307,125.319,136.147,137.216,142.802,137.387,137.216
1577.0,125.193,126.6,140.242,125.402,136.147,137.216,142.802,137.353,137.216
1577.1,125.235,126.641,140.275,125.36,136.147,137.216,142.833,137.319,137.251
1577.2,125.193,126.6,140.275,125.36,136.147,137.216,142.802,137.353,137.216
1577.3,125.235,126.641,140.242,125.36,136.147,137.285,142.925,137.353,137.216
1577.4,125.193,126.641,140.275,125.319,136.217,137.216,142.833,137.319,137.251
1577.5,125.277,126.682,140.242,125.319,136.147,137.182,142.802,137.387,137.251
1577.6,125.235,126.559,140.275,125.402,136.217,137.182,142.802,137.353,137.251
1577.7,125.235,126.682,140.242,125.444,136.182,137.251,142.802,137.319,137.216
1577.8,125.235,126.722,140.275,125.402,136.182,137.216,142.864,137.319,137.319
1577.9,125.235,126.722,140.275,125.527,136.182,137.216,142.771,137.387,137.251
1578.0,125.235,126.722,140.275,125.402,136.321,137.182,142.833,137.319,137.251
1578.1,125.235,126.722,140.242,125.402,136.217,137.182,142.833,137.421,137.251
1578.2,125.235,126.763,140.275,125.444,136.217,137.216,142.802,137.353,137.251
1578.3,125.235,126.763,140.242,125.485,136.321,137.182,142.833,137.353,137.285
1578.4,125.277,126.804,140.307,125.485,136.217,137.216,142.802,137.353,137.285
1578.5,125.235,126.845,140.275,125.444,136.286,137.216,142.802,137.421,137.216
1578.6,125.235,126.845,140.275,125.527,136.286,137.251,142.802,137.353,137.285
1578.7,125.319,126.845,140.307,125.444,136.321,137.216,142.802,137.353,137.251
1578.8,125.235,126.926,140.275,125.444,136.356,137.216,142.833,137.353,137.353
1578.9,125.235,126.885,140.242,125.444,136.286,137.216,142.833,137.387,137.285
1579.0,125.277,126.885,140.275,125.444,136.321,137.216,142.833,137.319,137.216
1579.1,125.277,126.926,140.275,125.485,136.39,137.216,142.802,137.353,137.285
1579.2,125.36,126.926,140.339,125.444,136.425,137.216,142.74,137.387,137.319
1579.3,125.319,126.967,140.275,125.527,136.356,137.182,142.833,137.353,137.216
1579.4,125.319,126.967,140.307,125.485,136.356,137.216,142.833,137.421,137.319
1579.5,125.319,127.007,140.242,125.444,136.39,137.216,142.895,137.387,137.285
1579.6,125.319,126.967,140.307,125.485,136.39,137.251,142.833,137.353,137.285
1579.7,125.277,126.967,140.275,125.485,136.39,137.216,142.802,137.387,137.285
1579.8,125.319,127.048,140.372,125.444,136.356,137.251,142.833,137.387,137.251
1579.9,125.36,127.007,140.275,125.485,136.39,137.216,142.895,137.387,137.285
1580.0,125.319,127.048,140.275,125.485,136.46,137.251,142.833,137.353,137.353
1580.1,125.36,127.007,140.275,125.61,136.39,137.251,142.802,137.353,137.285
1580.2,125.319,127.048,140.242,125.485,136.39,137.251,142.833,137.387,137.319
1580.3,125.277,127.129,140.275,125.569,136.39,137.216,142.833,137.387,137.319
1580.4,125.319,127.089,140.307,125.485,136.425,137.216,142.802,137.387,137.216
1580.5,125.444,127.129,140.275,125.527,136.46,137.285,142.833,137.353,137.319
1580.6,125.319,127.089,140.242,125.527,136.494,137.251,142.802,137.319,137.285
1580.7,125.36,127.048,140.275,125.527,136.46,137.251,142.833,137.455,137.319
1580.8,125.319,127.17,140.275,125.527,136.494,137.285,142.802,137.421,137.353
1580.9,125.319,127.21,140.275,125.527,136.46,137.251,142.864,137.353,137.285
1581.0,125.36,127.21,140.275,125.569,136.494,137.251,142.802,137.387,137.285
1581.1,125.36,127.21,140.242,125.485,136.529,137.251,142.864,137.455,137.285
1581.2,125.36,127.251,140.275,125.569,136.494,137.251,142.802,137.387,137.319
1581.3,125.402,127.251,140.242,125.527,136.529,137.216,142.802,137.387,137.319
1581.4,125.36,127.251,140.275,125.527,136.494,137.216,142.833,137.421,137.489
1581.5,125.319,127.251,140.242,125.527,136.564,137.251,142.833,137.421,137.319
1581.6,125.402,127.291,140.275,125.569,136.529,137.045,142.709,137.455,137.319
1581.7,125.36,127.291,140.275,125.569,136.494,137.387,142.833,137.421,137.319
1581.8,125.36,127.332,140.275,125.569,136.529,137.216,142.833,137.421,137.285
1581.9,125.36,127.332,140.275,125.652,136.529,137.251,142.802,137.421,137.387
1582.0,125.402,127.332,140.275,125.527,136.564,137.251,142.833,137.387,137.353
1582.1,125.402,127.332,140.339,125.569,136.529,137.251,142.802,137.421,137.285
1582.2,125.402,127.372,140.339,125.527,136.564,137.251,142.833,137.489,137.285
1582.3,125.444,127.372,140.275,125.569,136.529,137.285,142.771,137.455,137.319
1582.4,125.444,127.372,140.404,125.569,136.564,137.285,142.833,137.455,137.421
1582.5,125.402,127.412,140.307,125.61,136.529,137.319,142.833,137.387,137.319
1582.6,125.444,127.372,140.372,125.569,136.564,137.285,142.864,137.421,137.319
1582.7,125.444,127.453,140.307,125.61,136.633,137.319,142.802,137.387,137.353
1582.8,125.444,127.412,140.307,125.61,136.598,137.285,142.833,137.421,137.319
1582.9,125.402,127.453,140.275,125.61,136.633,137.319,142.802,137.421,137.285
1583.0,125.444,127.453,140.275,125.61,136.633,137.251,142.864,137.455,137.387
1583.1,125.485,127.533,140.307,125.61,136.667,137.251,142.864,137.455,137.319
1583.2,125.444,127.493,140.275,125.652,136.633,137.216,142.833,137.455,137.387
1583.3,125.485,127.533,140.339,125.61,136.598,137.251,142.895,137.421,137.353
1583.4,125.485,127.493,140.275,125.652,136.667,137.285,142.833,137.455,137.387
1583.5,125.444,127.533,140.307,125.652,136.667,137.319,142.802,137.455,137.387
1583.6,125.444,127.574,140.242,125.652,136.667,137.285,142.833,137.489,137.353
1583.7,125.444,127.614,140.307,125.652,136.667,137.251,142.833,137.455,137.353
1583.8,125.485,127.614,140.275,125.652,136.702,137.251,142.833,137.489,137.353
1583.9,125.444,127.574,140.275,125.652,136.736,137.285,142.833,137.489,137.353
1584.0,125.485,127.654,140.275,125.693,136.702,137.251,142.802,137.421,137.353
1584.1,125.527,127.574,140.307,125.652,136.736,137.251,142.833,137.455,137.353
1584.2,125.485,127.614,140.275,125.652,136.736,137.353,142.864,137.557,137.319
1584.3,125.485,127.574,140.307,125.735,136.736,137.285,142.833,137.557,137.353
1584.4,125.527,127.654,140.275,125.652,136.702,137.251,142.833,137.489,137.387
1584.5,125.485,127.694,140.339,125.693,136.702,137.251,142.802,137.455,137.319
1584.6,125.485,127.734,140.275,125.693,136.839,137.285,142.833,137.455,137.387
1584.7,125.527,127.815,140.339,125.652,136.736,137.285,142.833,137.421,137.387
1584.8,125.485,127.775,140.275,125.735,136.771,137.251,142.802,137.455,137.421
1584.9,125.527,127.654,140.275,125.693,136.805,137.216,142.802,137.489,137.421
1585.0,125.569,127.775,140.339,125.735,136.805,137.285,142.864,137.353,137.353
1585.1,125.527,127.815,140.21,125.735,136.839,137.285,142.833,137.489,137.387
1585.2,125.527,127.775,140.307,125.776,136.874,137.251,142.771,137.489,137.353
1585.3,125.569,127.815,140.275,125.693,136.839,137.319,142.833,137.489,137.421
1585.4,125.527,127.935,140.307,125.735,136.874,137.285,142.864,137.455,137.489
1585.5,125.485,127.855,140.307,125.776,136.805,137.251,142.895,137.489,137.387
1585.6,125.527,127.895,140.307,125.735,136.874,137.285,142.925,137.387,137.421
1585.7,125.527,127.855,140.275,125.693,136.874,137.285,142.833,137.523,137.387
1585.8,125.527,127.895,140.275,125.776,136.839,137.285,142.833,137.455,137.387
1585.9,125.61,127.895,140.307,125.735,136.805,137.285,142.956,137.455,137.455
1586.0,125.527,127.895,140.307,125.735,136.908,137.285,142.833,137.489,137.387
1586.1,125.569,127.895,140.275,125.818,136.908,137.285,142.833,137.489,137.387
1586.2,125.485,127.895,140.307,125.735,137.011,137.285,142.802,137.421,137.319
1586.3,125.527,127.975,140.307,125.818,136.874,137.285,142.802,137.489,137.387
1586.4,125.61,127.975,140.307,125.735,136.908,137.285,142.864,137.489,137.387
1586.5,125.527,127.975,140.275,125.776,136.977,137.285,142.802,137.489,137.387
1586.6,125.527,127.975,140.307,125.776,136.977,137.285,142.802,137.421,137.387
1586.7,125.61,128.015,140.275,125.776,136.874,137.285,142.833,137.489,137.421
1586.8,125.485,128.015,140.372,125.776,136.977,137.285,142.833,137.557,137.455
1586.9,125.527,128.015,140.275,125.776,136.943,137.319,142.864,137.489,137.455
1587.0,125.569,128.015,140.372,125.776,136.977,137.285,142.833,137.489,137.387
1587.1,125.569,128.095,140.307,125.735,136.943,137.285,142.864,137.489,137.421
1587.2,125.527,128.095,140.307,125.776,136.977,137.319,142.833,137.489,137.421
1587.3,125.652,128.095,140.275,125.776,137.011,137.285,142.895,137.523,137.421
1587.4,125.61,128.095,140.307,125.776,136.977,137.251,142.833,137.489,137.421
1587.5,125.652,128.175,140.339,125.859,137.011,137.285,142.833,137.523,137.421
1587.6,125.61,128.135,140.307,125.818,137.011,137.285,142.833,137.523,137.455
1587.7,125.569,128.214,140.339,125.776,137.011,137.319,142.833,137.523,137.455
1587.8,125.652,128.214,140.307,125.776,137.011,137.285,142.895,137.557,137.387
1587.9,125.652,128.175,140.275,125.776,137.011,137.285,142.833,137.523,137.489
1588.0,125.652,128.254,140.307,125.818,137.045,137.285,142.833,137.489,137.421
1588.1,125.61,128.254,140.372,125.859,137.045,137.319,142.833,137.523,137.455
1588.2,125.527,128.254,140.307,125.818,137.045,137.285,142.833,137.523,137.421
1588.3,125.652,128.175,140.307,125.818,137.08,137.319,142.833,137.523,137.421
1588.4,125.652,128.254,140.339,125.776,137.08,137.319,142.895,137.523,137.455
1588.5,125.693,128.254,140.307,125.818,137.114,137.319,142.802,137.557,137.455
1588.6,125.652,128.254,140.307,125.776,137.08,137.319,142.833,137.523,137.489
1588.7,125.652,128.294,140.307,125.859,137.08,137.319,142.864,137.523,137.489
1588.8,125.61,128.294,140.339,125.818,137.08,137.319,142.802,137.523,137.455
1588.9,125.527,128.294,140.307,125.859,137.045,137.285,142.833,137.523,137.455
1589.0,125.652,128.294,140.339,125.859,137.08,137.353,142.833,137.591,137.421
1589.1,125.693,128.413,140.339,125.776,137.114,137.251,142.864,137.557,137.421
1589.2,125.693,128.453,140.436,125.859,137.08,137.285,142.864,137.523,137.455
1589.3,125.693,128.374,140.404,125.859,137.148,137.285,142.74,137.523,137.353
1589.4,125.693,128.453,140.339,125.901,137.216,137.319,142.833,137.557,137.455
1589.5,125.61,128.413,140.307,125.901,137.216,137.285,142.864,137.455,137.455
1589.6,125.693,128.453,140.339,125.901,137.148,137.353,142.925,137.557,137.523
1589.7,125.652,128.413,140.372,125.859,137.216,137.319,142.833,137.557,137.523
1589.8,125.693,128.493,140.307,125.859,137.182,137.353,142.895,137.659,137.489
1589.9,125.693,128.493,140.307,125.901,137.182,137.319,142.833,137.557,137.489
1590.0,125.693,128.493,140.339,125.901,137.216,137.387,142.833,137.557,137.489
1590.1,125.735,128.572,140.307,125.901,137.216,137.353,142.864,137.557,137.455
1590.2,125.693,128.532,140.372,125.942,137.216,137.285,142.833,137.557,137.455
1590.3,125.652,128.532,140.339,125.942,137.182,137.319,142.895,137.557,137.523
1590.4,125.735,128.532,140.339,125.942,137.216,137.285,142.833,137.557,137.489
1590.5,125.735,128.532,140.339,125.901,137.285,137.319,142.864,137.557,137.455
1590.6,125.735,128.532,140.307,125.901,137.251,137.353,142.833,137.625,137.489
1590.7,125.693,128.612,140.339,125.983,137.251,137.319,142.864,137.557,137.489
1590.8,125.735,128.691,140.307,125.942,137.319,137.455,142.864,137.625,137.489
1590.9,125.735,128.572,140.339,125.942,137.251,137.319,142.833,137.557,137.489
1591.0,125.693,128.572,140.339,125.983,137.251,137.353,142.833,137.591,137.591
1591.1,125.652,128.691,140.307,125.942,137.251,137.285,142.895,137.625,137.455
1591.2,125.693,128.612,140.339,125.942,137.285,137.387,142.864,137.557,137.455
1591.3,125.735,128.691,140.339,125.983,137.285,137.319,142.864,137.591,137.489
1591.4,125.735,128.651,140.307,125.983,137.285,137.285,142.864,137.557,137.523
1591.5,125.776,128.651,140.307,125.983,137.285,137.319,142.895,137.591,137.489
1591.6,125.818,128.691,140.339,125.983,137.353,137.353,142.895,137.625,137.523
1591.7,125.735,128.691,140.307,126.024,137.353,137.319,142.833,137.591,137.489
1591.8,125.776,128.77,140.307,125.983,137.319,137.319,142.864,137.591,137.489
1591.9,125.776,128.691,140.307,126.066,137.353,137.319,142.925,137.591,137.489
1592.0,125.735,128.809,140.372,125.983,137.353,137.319,142.802,137.591,137.523
1592.1,125.776,128.849,140.307,126.024,137.353,137.353,142.864,137.625,137.523
1592.2,125.735,128.77,140.339,125.983,137.353,137.319,142.833,137.557,137.523
1592.3,125.776,128.77,140.372,126.024,137.421,137.387,142.864,137.625,137.489
1592.4,125.776,128.849,140.339,126.024,137.489,137.285,142.833,137.591,137.489
1592.5,125.776,128.849,140.339,126.024,137.421,137.353,142.833,137.591,137.557
1592.6,125.776,128.888,140.339,126.066,137.387,137.319,142.833,137.625,137.557
1592.7,125.776,128.888,140.242,126.024,137.421,137.319,142.864,137.591,137.523
1592.8,125.818,128.888,140.339,126.024,137.421,137.319,142.864,137.557,137.523
1592.9,125.776,128.888,140.307,126.066,137.489,137.353,142.864,137.591,137.523
1593.0,125.776,128.888,140.339,126.024,137.421,137.353,142.833,137.591,137.489
1593.1,125.776,128.888,140.339,126.024,137.421,137.387,142.864,137.659,137.489
1593.2,125.776,129.006,140.339,126.024,137.421,137.421,142.833,137.591,137.523
1593.3,125.818,128.927,140.242,126.024,137.421,137.421,142.833,137.625,137.557
1593.4,125.776,129.006,140.339,126.066,137.455,137.353,142.895,137.591,137.523
1593.5,125.776,128.888,140.339,126.024,137.421,137.353,142.895,137.693,137.557
1593.6,125.776,128.967,140.307,126.107,137.455,137.319,142.895,137.591,137.523
1593.7,125.818,129.045,140.339,126.066,137.489,137.353,142.895,137.625,137.557
1593.8,125.818,129.045,140.307,126.107,137.489,137.285,142.864,137.659,137.557
1593.9,125.818,129.045,140.339,126.107,137.489,137.353,142.864,137.625,137.523
1594.0,125.859,128.967,140.339,126.066,137.489,137.387,142.833,137.625,137.557
1594.1,125.776,129.045,140.339,126.107,137.489,137.353,142.802,137.625,137.557
1594.2,125.818,129.006,140.307,126.066,137.557,137.353,142.895,137.625,137.591
1594.3,125.859,129.085,140.307,126.107,137.523,137.353,142.833,137.625,137.557
1594.4,125.735,129.124,140.372,126.107,137.489,137.285,142.864,137.625,137.523
1594.5,125.859,129.085,140.404,126.066,137.523,137.285,142.864,137.625,137.557
1594.6,125.859,129.124,140.339,126.107,137.557,137.353,142.864,137.727,137.625
1594.7,125.859,129.124,140.275,126.107,137.455,137.285,142.864,137.625,137.557
1594.8,125.942,129.124,140.339,126.107,137.557,137.353,142.802,137.659,137.557
1594.9,125.859,129.124,140.372,126.148,137.557,137.353,142.833,137.659,137.557
1595.0,125.901,129.124,140.307,126.148,137.489,137.319,142.833,137.591,137.557
1595.1,125.901,129.202,140.339,126.189,137.557,137.353,142.833,137.659,137.557
1595.2,125.942,129.281,140.307,125.983,137.591,137.353,142.864,137.591,137.591
1595.3,125.901,129.202,140.436,126.148,137.591,137.387,142.833,137.659,137.557
1595.4,125.901,129.241,140.307,126.148,137.625,137.353,142.895,137.659,137.557
1595.5,125.818,129.281,140.307,126.107,137.591,137.353,142.895,137.659,137.557
1595.6,125.942,129.281,140.372,126.189,137.659,137.353,142.833,137.659,137.523
1595.7,125.901,129.281,140.404,126.148,137.659,137.387,142.864,137.625,137.557
1595.8,125.859,129.281,140.372,126.148,137.659,137.353,142.802,137.659,137.557
1595.9,125.942,129.32,140.339,126.148,137.659,137.421,142.864,137.659,137.591
1596.0,125.859,129.281,140.339,126.189,137.625,137.353,142.864,137.659,137.591
1596.1,125.901,129.32,140.339,126.231,137.693,137.353,142.833,137.693,137.557
1596.2,125.901,129.32,140.372,126.148,137.591,137.353,142.864,137.625,137.557
1596.3,125.776,129.281,140.372,126.148,137.693,137.353,142.864,137.693,137.557
1596.4,125.942,129.359,140.372,126.189,137.659,137.353,142.833,137.659,137.591
1596.5,125.942,129.359,140.339,126.148,137.693,137.353,142.864,137.625,137.557
1596.6,125.942,129.359,140.339,126.148,137.625,137.387,142.956,137.659,137.591
1596.7,125.942,129.32,140.339,126.148,137.693,137.387,142.864,137.693,137.625
1596.8,125.901,129.437,140.372,126.231,137.659,137.353,142.864,137.659,137.625
1596.9,125.942,129.359,140.307,126.231,137.693,137.353,142.864,137.693,137.557
1597.0,125.942,129.359,140.339,126.189,137.659,137.353,142.864,137.693,137.625
1597.1,125.983,129.515,140.339,126.148,137.727,137.421,142.833,137.761,137.625
1597.2,125.942,129.437,140.275,126.189,137.727,137.353,142.864,137.659,137.591
1597.3,126.024,129.437,140.372,126.189,137.761,137.353,142.864,137.659,137.557
1597.4,126.024,129.476,140.339,126.189,137.727,137.353,142.864,137.693,137.625
1597.5,125.983,129.437,140.404,126.231,137.727,137.387,142.956,137.659,137.625
1597.6,125.942,129.554,140.404,126.272,137.761,137.387,142.833,137.693,137.591
1597.7,125.942,129.593,140.372,126.313,137.761,137.387,142.864,137.693,137.625
1597.8,125.983,129.593,140.372,126.272,137.761,137.353,142.895,137.693,137.625
1597.9,126.024,129.593,140.372,126.313,137.761,137.421,142.833,137.761,137.625
1598.0,125.983,129.515,140.372,126.231,137.794,137.387,142.864,137.794,137.591
1598.1,125.983,129.593,140.339,126.231,137.761,137.421,142.864,137.693,137.625
1598.2,125.983,129.554,140.372,126.189,137.794,137.421,142.864,137.659,137.625
1598.3,126.024,129.632,140.372,126.272,137.896,137.387,142.864,137.761,137.625
1598.4,125.983,129.593,140.339,126.272,137.828,137.353,142.833,137.693,137.591
1598.5,125.942,129.632,140.339,126.189,137.727,137.387,142.895,137.693,137.693
1598.6,125.983,129.671,140.372,126.272,137.794,137.387,142.833,137.693,137.625
1598.7,126.024,129.671,140.339,126.231,137.794,137.387,142.864,137.693,137.659
1598.8,126.024,129.632,140.339,126.272,137.794,137.387,142.864,137.693,137.625
1598.9,125.983,129.671,140.372,126.354,137.794,137.421,142.833,137.693,137.693
1599.0,125.983,129.671,140.372,126.231,137.828,137.319,142.864,137.727,137.659
1599.1,125.983,129.749,140.307,126.313,137.828,137.387,142.833,137.727,137.625
1599.2,126.066,129.671,140.372,126.272,137.862,137.387,142.864,137.693,137.625
1599.3,126.024,129.71,140.372,126.354,137.862,137.285,142.864,137.727,137.693
1599.4,126.066,129.671,140.339,126.313,137.761,137.387,142.864,137.727,137.625
1599.5,126.024,129.749,140.339,126.313,137.794,137.387,142.864,137.761,137.591
1599.6,126.148,129.787,140.307,126.272,137.896,137.421,142.864,137.727,137.659
1599.7,126.024,129.787,140.404,126.313,137.896,137.421,142.864,137.761,137.625
1599.8,126.024,129.787,140.372,126.272,137.929,137.387,142.864,137.557,137.591
1599.9,126.066,129.826,140.501,126.313,137.929,137.421,142.895,137.761,137.693
1600.0,126.066,129.826,140.372,126.313,137.929,137.387,142.895,137.727,137.625
1600.1,126.024,129.826,140.307,126.313,137.997,137.421,142.864,137.693,137.693
1600.2,126.024,129.826,140.372,126.272,137.963,137.387,142.864,137.693,137.489
1600.3,126.066,129.865,140.436,126.313,137.929,137.421,142.895,137.693,137.625
1600.4,126.066,129.904,140.372,126.313,137.929,137.421,142.833,137.727,137.591
1600.5,126.066,129.904,140.372,126.354,137.997,137.353,142.864,137.693,137.659
1600.6,126.066,129.787,140.404,126.354,137.997,137.421,142.864,137.727,137.659
1600.7,126.024,129.904,140.404,126.313,137.997,137.387,142.864,137.794,137.659
1600.8,126.066,129.904,140.339,126.313,137.963,137.387,142.864,137.761,137.659
1600.9,126.066,129.904,140.372,126.354,138.031,137.387,142.864,137.727,137.693
1601.0,126.024,129.942,140.404,126.436,137.997,137.421,142.864,137.761,137.659
1601.1,126.066,129.904,140.339,126.354,137.997,137.421,142.833,137.761,137.625
1601.2,126.066,129.981,140.372,126.395,137.963,137.387,142.864,137.794,137.625
1601.3,126.107,129.904,140.436,126.354,137.997,137.387,142.864,137.727,137.659
1601.4,126.107,129.981,140.339,126.313,137.997,137.387,142.833,137.727,137.659
1601.5,126.107,129.981,140.372,126.354,137.997,137.387,142.895,137.761,137.659
1601.6,126.066,129.942,140.404,126.436,137.997,137.421,142.864,137.727,137.693
1601.7,126.107,129.981,140.404,126.395,137.929,137.353,142.833,137.761,137.761
1601.8,126.066,130.058,140.339,126.354,137.997,137.455,142.895,137.727,137.659
1601.9,126.107,130.02,140.404,126.395,137.997,137.489,142.864,137.761,137.693
1602.0,126.107,130.02,140.372,126.354,137.997,137.387,142.864,137.727,137.693
1602.1,126.066,130.02,140.372,126.354,138.064,137.387,142.895,137.693,137.693
1602.2,126.024,130.097,140.372,126.313,138.064,137.387,142.864,137.761,137.693
1602.3,126.148,130.058,140.372,126.354,138.064,137.387,142.864,137.794,137.727
1602.4,126.107,130.097,140.372,126.436,138.064,137.421,142.864,137.761,137.693
1602.5,126.107,130.058,140.372,126.354,138.098,137.421,142.895,137.727,137.693
1602.6,126.148,130.058,140.372,126.395,138.064,137.421,142.864,137.761,137.659
1602.7,126.148,130.174,140.404,126.477,138.098,137.353,142.864,137.761,137.693
1602.8,126.066,130.097,140.404,126.436,138.098,137.387,142.895,137.761,137.693
1602.9,126.189,130.136,140.372,126.436,138.098,137.387,142.833,137.794,137.693
1603.0,126.107,130.174,140.404,126.436,138.098,137.387,142.864,137.761,137.727
1603.1,126.107,130.174,140.436,126.477,138.132,137.387,142.956,137.794,137.659
1603.2,126.107,130.328,140.339,126.477,138.132,137.421,142.864,137.828,137.693
1603.3,126.148,130.174,140.372,126.477,138.165,137.421,142.864,137.828,137.693
1603.4,126.107,130.174,140.372,126.436,138.064,137.421,142.833,137.794,137.659
1603.5,126.107,130.174,140.404,126.436,138.098,137.353,142.864,137.761,137.727
1603.6,126.148,130.213,140.468,126.436,138.165,137.455,142.864,137.761,137.693
1603.7,126.107,130.251,140.339,126.477,138.132,137.421,142.956,137.727,137.761
1603.8,126.189,130.29,140.404,126.436,138.132,137.421,142.864,137.794,137.727
1603.9,126.189,130.213,140.372,126.477,138.132,137.421,142.895,137.828,137.727
1604.0,126.148,130.251,140.372,126.395,138.132,137.421,142.925,137.794,137.693
1604.1,126.189,130.29,140.404,126.395,138.165,137.455,142.895,137.828,137.693
1604.2,126.148,130.29,140.339,126.477,138.165,137.455,142.864,137.828,137.693
1604.3,126.189,130.251,140.404,126.477,138.132,137.421,142.925,137.794,137.761
1604.4,126.107,130.328,140.404,126.518,138.199,137.421,142.956,137.828,137.693
1604.5,126.148,130.328,140.404,126.477,138.199,137.421,142.895,137.794,137.693
1604.6,126.231,130.367,140.404,126.436,138.199,137.421,142.925,137.794,137.828
1604.7,126.189,130.405,140.372,126.477,138.266,137.455,142.833,137.794,137.761
1604.8,126.189,130.328,140.404,126.518,138.232,137.387,142.864,137.794,137.727
1604.9,126.189,130.367,140.372,126.477,138.266,137.455,142.895,137.761,137.693
1605.0,126.189,130.367,140.339,126.477,138.199,137.421,142.895,137.761,137.727
1605.1,126.189,130.367,140.339,126.477,138.266,137.421,142.895,137.761,137.727
1605.2,126.107,130.444,140.404,126.559,138.232,137.455,142.864,137.828,137.761
1605.3,126.313,130.444,140.468,126.477,138.232,137.421,142.864,137.828,137.761
1605.4,126.231,130.482,140.372,126.518,138.266,137.489,142.895,137.828,137.727
1605.5,126.231,130.444,140.372,126.518,138.232,137.455,142.925,137.794,137.727
1605.6,126.189,130.444,140.436,126.518,138.266,137.455,142.925,137.794,137.693
1605.7,126.231,130.482,140.501,126.559,138.266,137.489,142.864,137.862,137.727
1605.8,126.272,130.482,140.468,126.559,138.266,137.421,142.864,137.828,137.761
1605.9,126.189,130.482,140.404,126.518,138.366,137.421,142.864,137.794,137.693
1606.0,126.272,130.52,140.404,126.559,138.299,137.387,142.895,137.828,137.727
1606.1,126.313,130.482,140.404,126.518,138.333,137.421,142.833,137.862,137.727
1606.2,126.231,130.482,140.404,126.518,138.333,137.421,142.864,137.828,137.727
1606.3,126.231,130.559,140.404,126.559,138.232,137.387,142.895,137.828,137.727
1606.4,126.231,130.559,140.404,126.559,138.4,137.421,142.864,137.828,137.761
1606.5,126.189,130.52,140.404,126.559,138.333,137.421,142.895,137.862,137.727
1606.6,126.272,130.559,140.404,126.559,138.333,137.489,142.864,137.828,137.727
1606.7,126.272,130.559,140.404,126.559,138.299,137.319,142.864,137.862,137.727
1606.8,126.189,130.597,140.372,126.6,138.366,137.455,142.895,137.828,137.828
1606.9,126.272,130.597,140.339,126.559,138.4,137.421,143.018,137.862,137.794
1607.0,126.272,130.597,140.404,126.641,138.366,137.421,142.864,137.828,137.727
1607.1,126.231,130.635,140.372,126.559,138.333,137.455,142.895,137.828,137.761
1607.2,126.272,130.635,140.404,126.6,138.366,137.421,142.895,137.828,137.794
1607.3,126.272,130.559,140.339,126.559,138.4,137.489,142.895,137.862,137.828
1607.4,126.231,130.674,140.404,126.6,138.4,137.421,142.895,137.896,137.761
1607.5,126.189,130.635,140.372,126.6,138.4,137.489,142.895,137.862,137.761
1607.6,126.313,130.674,140.404,126.6,138.4,137.421,142.895,137.862,137.761
1607.7,126.231,130.674,140.404,126.6,138.4,137.421,142.895,137.828,137.794
1607.8,126.272,130.712,140.404,126.641,138.366,137.489,142.895,137.828,137.761
1607.9,126.272,130.674,140.372,126.6,138.232,137.421,142.864,137.828,137.794
1608.0,126.313,130.712,140.404,126.6,138.4,137.489,142.864,137.862,137.693
1608.1,126.231,130.712,140.372,126.6,138.333,137.421,142.895,137.896,137.727
1608.2,126.354,130.75,140.404,126.641,138.366,137.421,142.956,137.896,137.794
1608.3,126.272,130.75,140.372,126.6,138.4,137.421,142.895,137.828,137.761
1608.4,126.313,130.712,140.404,126.641,138.467,137.489,142.895,137.862,137.794
1608.5,126.272,130.75,140.404,126.641,138.4,137.353,142.864,137.828,137.794
1608.6,126.354,130.788,140.372,126.6,138.5,137.489,142.833,137.862,137.794
1608.7,126.313,130.788,140.404,126.6,138.433,137.455,142.895,137.896,137.761
1608.8,126.272,130.788,140.436,126.6,138.433,137.489,142.895,137.862,137.794
1608.9,126.313,130.788,140.372,126.641,138.467,137.455,142.895,137.896,137.794
1609.0,126.354,130.826,140.372,126.559,138.5,137.421,142.864,137.862,137.794
1609.1,126.313,130.903,140.436,126.682,138.467,137.455,142.895,137.896,137.794
1609.2,126.313,130.864,140.404,126.641,138.567,137.455,142.895,137.862,137.794
1609.3,126.313,130.979,140.404,126.682,138.433,137.455,142.864,137.896,137.794
1609.4,126.354,130.903,140.436,126.682,138.5,137.455,142.895,137.862,137.896
1609.5,126.313,130.903,140.372,126.722,138.5,137.489,142.925,137.896,137.761
1609.6,126.395,130.941,140.404,126.641,138.533,137.455,142.864,137.862,137.828
1609.7,126.395,130.979,140.404,126.641,138.433,137.455,142.895,137.862,137.828
1609.8,126.354,130.903,140.404,126.682,138.533,137.455,142.833,137.862,137.794
1609.9,126.354,130.941,140.436,126.682,138.533,137.455,142.895,137.896,137.794
1610.0,126.354,130.941,140.404,126.682,138.567,137.455,142.864,137.862,137.862
1610.1,126.395,130.979,140.436,126.722,138.567,137.489,142.895,137.896,137.794
1610.2,126.395,131.017,140.501,126.722,138.533,137.455,142.895,137.929,137.794
1610.3,126.354,130.979,140.404,126.682,138.567,137.455,142.895,137.896,137.828
1610.4,126.354,131.017,140.372,126.763,138.567,137.387,142.864,137.896,137.828
1610.5,126.518,131.017,140.372,126.682,138.567,137.455,142.864,137.896,137.862
1610.6,126.354,131.055,140.436,126.682,138.5,137.489,142.925,137.896,137.828
1610.7,126.354,131.055,140.468,126.722,138.6,137.455,142.895,137.929,137.929
1610.8,126.395,131.055,140.468,126.682,138.633,137.455,142.925,137.896,137.862
1610.9,126.395,131.093,140.436,126.763,138.567,137.489,142.895,137.896,137.828
1611.0,126.436,131.093,140.436,126.682,138.633,137.455,142.956,137.896,137.828
1611.1,126.395,131.093,140.436,126.722,138.633,137.523,142.895,137.929,137.963
1611.2,126.354,131.093,140.404,126.804,138.6,137.489,142.925,137.896,137.828
1611.3,126.395,131.169,140.468,126.845,138.6,137.489,142.833,137.929,137.862
1611.4,126.436,131.169,140.404,126.722,138.633,137.421,142.895,137.929,137.862
1611.5,126.354,131.093,140.404,126.722,138.6,137.489,142.895,137.929,137.862
1611.6,126.354,131.169,140.372,126.763,138.8,137.489,142.864,137.896,137.828
1611.7,126.395,131.131,140.404,126.722,138.667,137.455,142.895,137.929,137.828
1611.8,126.395,131.169,140.404,126.722,138.667,137.455,142.925,137.997,137.896
1611.9,126.436,131.207,140.404,126.763,138.633,137.489,142.895,137.929,137.828
1612.0,126.395,131.131,140.436,126.804,138.667,137.455,142.864,137.896,137.862
1612.1,126.395,131.169,140.436,126.804,138.733,137.455,142.895,137.929,137.828
1612.2,126.436,131.245,140.501,126.763,138.667,137.455,142.987,137.929,137.862
1612.3,126.436,131.169,140.436,126.763,138.6,137.489,142.925,137.896,137.828
1612.4,126.436,131.207,140.436,126.763,138.7,137.489,142.864,137.896,137.828
1612.5,126.436,131.282,140.501,126.722,138.7,137.523,142.895,137.963,137.794
1612.6,126.395,131.245,140.404,126.763,138.667,137.455,142.895,137.929,137.828
1612.7,126.436,131.245,140.436,126.804,138.733,137.489,142.895,137.963,137.862
1612.8,126.395,131.282,140.468,126.885,138.7,137.557,142.895,137.963,137.828
1612.9,126.395,131.282,140.404,126.804,138.733,137.489,142.895,137.929,137.862
1613.0,126.395,131.32,140.436,126.804,138.733,137.489,142.925,137.929,137.929
1613.1,126.436,131.282,140.436,126.804,138.733,137.489,142.925,137.929,137.828
1613.2,126.477,131.32,140.468,126.804,138.733,137.489,142.925,137.929,137.862
1613.3,126.518,131.32,140.404,126.804,138.7,137.489,142.895,137.963,137.896
1613.4,126.436,131.32,140.436,126.804,138.733,137.489,142.895,137.929,137.862
1613.5,126.518,131.32,140.501,126.804,138.767,137.455,142.925,137.929,137.862
1613.6,126.436,131.358,140.404,126.804,138.733,137.489,142.895,137.929,137.828
1613.7,126.518,131.282,140.372,126.763,138.767,137.523,142.895,137.963,137.896
1613.8,126.477,131.358,140.436,126.845,138.667,137.489,142.895,137.929,137.862
1613.9,126.395,131.396,140.436,126.763,138.767,137.455,142.895,137.929,137.794
1614.0,126.436,131.396,140.468,126.804,138.8,137.557,142.895,137.929,137.862
1614.1,126.477,131.396,140.404,126.845,138.8,137.489,142.864,137.963,137.862
1614.2,126.477,131.358,140.436,126.804,138.733,137.489,142.895,137.929,137.862
1614.3,126.477,131.396,140.468,126.804,138.767,137.489,142.895,137.929,137.862
1614.4,126.477,131.358,140.436,126.845,138.866,137.489,142.864,137.963,137.896
1614.5,126.436,131.396,140.436,126.845,138.767,137.489,142.895,137.929,137.896
1614.6,126.436,131.396,140.404,126.885,138.767,137.455,142.895,137.963,137.896
1614.7,126.477,131.396,140.436,126.885,138.833,137.557,142.895,137.963,137.929
1614.8,126.436,131.396,140.468,126.845,138.8,137.489,142.864,137.929,137.896
1614.9,126.477,131.471,140.436,126.845,138.8,137.489,142.895,137.929,137.896
1615.0,126.518,131.509,140.436,126.845,138.833,137.523,142.925,137.963,137.896
1615.1,126.477,131.471,140.501,126.885,138.833,137.489,142.895,137.963,137.862
1615.2,126.477,131.471,140.468,126.845,138.833,137.557,142.956,137.963,137.896
1615.3,126.518,131.509,140.404,126.845,138.833,137.557,142.864,137.963,137.862
1615.4,126.477,131.396,140.372,126.885,138.833,137.523,142.895,137.963,137.929
1615.5,126.518,131.471,140.436,126.926,138.866,137.489,142.925,137.963,137.761
1615.6,126.477,131.434,140.436,126.885,138.833,137.523,142.895,138.031,137.929
1615.7,126.477,131.584,140.436,126.885,138.833,137.591,142.895,137.929,137.963
1615.8,126.477,131.547,140.501,126.926,138.833,137.523,142.895,137.997,137.862
1615.9,126.518,131.547,140.404,126.885,138.866,137.489,142.956,137.929,137.929
1616.0,126.518,131.622,140.436,126.885,138.833,137.489,142.895,137.963,137.929
1616.1,126.477,131.547,140.533,126.885,138.866,137.523,142.895,137.997,137.896
1616.2,126.477,131.584,140.436,126.885,138.866,137.489,142.895,137.997,137.963
1616.3,126.518,131.622,140.404,126.885,138.899,137.523,142.925,137.997,137.929
1616.4,126.559,131.622,140.436,126.804,138.866,137.455,142.895,137.997,137.929
1616.5,126.477,131.584,140.436,126.926,138.866,137.455,142.864,137.997,137.896
1616.6,126.518,131.584,140.468,126.885,138.899,137.523,142.925,137.997,137.929
1616.7,126.559,131.66,140.501,126.926,138.899,137.523,142.895,137.963,137.896
1616.8,126.477,131.584,140.404,126.845,138.899,137.489,142.771,137.997,137.896
1616.9,126.559,131.622,140.565,126.885,138.966,137.523,142.956,138.031,137.997
1617.0,126.436,131.66,140.468,126.926,138.932,137.523,142.925,137.997,137.963
1617.1,126.559,131.622,140.468,126.885,138.899,137.557,143.048,137.997,137.929
1617.2,126.518,131.66,140.436,126.926,138.932,137.489,142.925,137.963,137.929
1617.3,126.559,131.697,140.404,126.967,139.098,137.489,142.895,137.963,137.929
1617.4,126.559,131.697,140.533,126.926,138.932,137.523,142.925,138.031,137.896
1617.5,126.518,131.697,140.436,126.967,138.966,137.489,142.895,137.997,137.997
1617.6,126.559,131.697,140.436,126.885,138.932,137.489,142.864,137.929,137.929
1617.7,126.477,131.81,140.468,126.967,138.966,137.523,142.895,137.963,137.929
1617.8,126.6,131.697,140.436,126.926,138.932,137.489,142.895,138.031,137.929
1617.9,126.559,131.697,140.404,126.926,138.932,137.523,142.925,138.031,137.929
1618.0,126.559,131.735,140.436,126.967,138.866,137.489,142.895,137.997,137.929
1618.1,126.559,131.772,140.404,126.845,138.966,137.523,142.895,137.963,137.963
1618.2,126.559,131.772,140.468,126.967,138.966,137.489,142.925,138.031,137.929
1618.3,126.518,131.772,140.404,126.967,139.032,137.523,142.925,137.997,137.929
1618.4,126.559,131.735,140.468,126.967,138.966,137.455,142.895,137.997,137.963
1618.5,126.559,131.81,140.436,126.967,139.065,137.489,143.018,138.031,137.896
1618.6,126.6,131.772,140.436,126.967,138.966,137.523,142.925,138.098,137.963
1618.7,126.559,131.81,140.436,126.926,138.999,137.557,142.925,137.963,137.929
1618.8,126.6,131.772,140.436,126.967,138.966,137.489,142.925,137.997,137.896
1618.9,126.6,131.81,140.404,127.007,139.065,137.489,142.895,137.997,137.963
1619.0,126.6,131.922,140.404,127.129,139.032,137.557,142.895,137.997,137.896
1619.1,126.559,131.81,140.468,127.048,139.098,137.557,142.925,137.997,138.098
1619.2,126.559,131.848,140.468,127.048,138.999,137.489,142.956,137.997,138.031
1619.3,126.6,131.848,140.468,127.007,139.065,137.591,142.895,137.997,137.963
1619.4,126.641,131.848,140.501,127.007,138.999,137.523,142.895,137.997,137.929
1619.5,126.6,131.885,140.468,127.007,139.032,137.557,142.925,137.997,137.963
1619.6,126.559,131.922,140.468,127.007,139.065,137.523,142.895,138.031,137.997
1619.7,126.6,131.96,140.468,127.007,139.032,137.557,142.925,138.098,137.963
1619.8,126.641,131.997,140.436,127.048,139.065,137.523,142.956,138.031,137.963
1619.9,126.6,131.997,140.436,127.007,139.032,137.489,142.925,138.064,137.929
1620.0,126.6,131.96,140.436,127.048,139.065,137.523,142.864,138.064,137.963
1620.1,126.641,131.96,140.468,127.007,139.065,137.557,142.925,138.031,137.997
1620.2,126.6,131.997,140.468,127.048,139.065,137.557,142.895,138.031,137.929
1620.3,126.641,131.997,140.468,127.089,139.098,137.557,142.925,137.997,137.963
1620.4,126.641,132.035,140.372,127.048,139.098,137.557,142.895,137.963,137.963
1620.5,126.559,131.997,140.468,126.967,139.131,137.557,142.864,138.031,137.963
1620.6,126.6,132.072,140.468,127.048,139.098,137.557,142.956,138.031,137.963
1620.7,126.641,132.072,140.501,127.048,139.131,137.557,142.895,138.064,137.862
1620.8,126.641,132.035,140.436,127.089,139.164,137.523,142.925,138.031,137.963
1620.9,126.682,132.072,140.436,127.007,139.098,137.557,142.925,138.064,137.862
1621.0,126.6,132.072,140.436,127.007,139.098,137.523,142.895,138.031,137.997
1621.1,126.641,132.035,140.565,127.048,139.164,137.489,142.925,138.064,137.929
1621.2,126.641,132.072,140.436,127.048,139.164,137.557,142.895,138.064,137.963
1621.3,126.641,132.072,140.468,127.089,139.131,137.523,142.987,138.064,137.997
1621.4,126.641,132.072,140.501,127.089,139.23,137.523,142.925,138.031,137.997
1621.5,126.641,132.109,140.468,127.089,139.197,137.523,142.895,138.064,137.963
1621.6,126.641,132.109,140.436,127.048,139.131,137.523,142.895,138.064,137.963
1621.7,126.641,132.109,140.468,127.089,139.098,137.523,142.925,138.098,137.997
1621.8,126.682,132.147,140.501,127.007,139.098,137.557,142.925,138.031,137.963
1621.9,126.682,132.184,140.404,127.129,139.197,137.557,142.956,138.064,138.031
1622.0,126.682,132.184,140.468,127.129,139.131,137.591,142.925,138.098,138.031
1622.1,126.641,132.221,140.501,127.048,139.164,137.625,142.925,138.031,137.997
1622.2,126.641,132.147,140.436,127.089,139.197,137.523,142.925,137.963,137.997
1622.3,126.641,132.333,140.436,127.089,139.131,137.557,142.802,138.064,138.031
1622.4,126.682,132.147,140.436,127.129,139.197,137.523,142.925,137.997,137.997
1622.5,126.682,132.184,140.468,127.089,139.164,137.523,142.925,138.064,138.031
1622.6,126.641,132.221,140.436,127.129,139.164,137.557,142.925,138.132,137.997
1622.7,126.682,132.184,140.468,127.089,139.23,137.557,142.895,138.031,137.997
1622.8,126.682,132.221,140.436,127.129,139.197,137.557,142.895,138.064,137.997
1622.9,126.682,132.259,140.436,127.129,139.23,137.557,142.925,138.031,138.031
1623.0,126.722,132.259,140.501,127.129,139.197,137.489,142.895,138.098,138.031
1623.1,126.722,132.296,140.436,127.089,139.23,137.557,142.925,138.098,138.031
1623.2,126.722,132.296,140.436,127.129,139.23,137.591,142.895,138.064,137.963
1623.3,126.722,132.296,140.436,127.129,139.23,137.523,142.925,138.064,137.997
1623.4,126.682,132.296,140.501,127.17,139.197,137.591,142.925,138.098,137.997
1623.5,126.722,132.296,140.468,127.17,139.296,137.557,142.895,138.132,138.098
1623.6,126.722,132.333,140.501,127.129,139.296,137.557,142.864,138.098,138.031
1623.7,126.682,132.333,140.533,127.129,139.263,137.523,142.925,138.098,137.997
1623.8,126.722,132.37,140.468,127.17,139.263,137.557,142.864,138.098,137.997
1623.9,126.722,132.333,140.565,127.048,139.263,137.591,142.925,138.098,137.997
1624.0,126.763,132.333,140.501,127.17,139.296,137.557,142.895,138.098,138.064
1624.1,126.722,132.333,140.533,127.21,139.263,137.523,142.925,138.132,138.031
1624.2,126.722,132.333,140.468,127.129,139.263,137.523,142.925,138.132,138.031
1624.3,126.763,132.333,140.468,127.17,139.296,137.557,142.925,138.098,138.031
1624.4,126.722,132.333,140.533,127.129,139.296,137.625,142.864,138.232,138.064
1624.5,126.682,132.407,140.565,127.17,139.263,137.591,142.925,138.098,138.031
1624.6,126.722,132.519,140.468,127.129,139.329,137.557,142.895,138.064,138.031
1624.7,126.763,132.444,140.501,127.17,139.329,137.523,142.987,138.098,138.031
1624.8,126.722,132.407,140.501,127.21,139.329,137.557,142.895,138.132,138.031
1624.9,126.763,132.37,140.436,127.048,139.329,137.591,142.925,138.098,138.064
1625.0,126.641,132.407,140.468,127.21,139.296,137.523,142.925,138.132,138.031
1625.1,126.763,132.482,140.501,127.251,139.493,137.557,142.864,138.098,138.064
1625.2,126.722,132.444,140.468,127.251,139.296,137.557,142.925,138.098,138.031
1625.3,126.804,132.407,140.501,127.17,139.362,137.523,142.925,138.064,138.064
1625.4,126.763,132.519,140.468,127.21,139.329,137.557,142.925,138.132,138.031
1625.5,126.804,132.482,140.468,127.17,139.329,137.557,142.895,138.132,138.098
1625.6,126.763,132.444,140.436,127.17,139.362,137.557,142.925,138.165,138.064
1625.7,126.804,132.556,140.533,127.17,139.362,137.557,142.956,138.132,138.031
1625.8,126.845,132.519,140.468,127.21,139.362,137.557,142.925,138.132,138.132
1625.9,126.845,132.519,140.468,127.21,139.394,137.591,142.956,138.098,138.064
1626.0,126.763,132.556,140.404,127.21,139.394,137.557,142.956,138.098,138.064
1626.1,126.845,132.593,140.468,127.21,139.362,137.489,142.956,138.132,138.064
1626.2,126.763,132.519,140.501,127.291,139.394,137.557,142.895,138.132,138.064
1626.3,126.763,132.556,140.468,127.251,139.362,137.557,142.895,138.132,138.031
1626.4,126.804,132.556,140.468,127.251,139.394,137.591,142.895,138.132,138.031
1626.5,126.804,132.556,140.501,127.251,139.427,137.557,142.925,138.098,138.064
1626.6,126.804,132.593,140.501,127.251,139.394,137.625,142.895,138.132,138.031
1626.7,126.763,132.593,140.501,127.291,139.427,137.557,142.925,138.098,138.064
1626.8,126.763,132.63,140.533,127.251,139.46,137.659,143.018,138.098,138.064
1626.9,126.885,132.593,140.468,127.291,139.427,137.591,142.925,138.132,137.997
1627.0,126.804,132.63,140.468,127.291,139.427,137.557,142.925,138.132,138.064
1627.1,126.763,132.593,140.468,127.251,139.427,137.557,142.925,138.165,138.064
1627.2,126.845,132.593,140.468,127.251,139.493,137.557,142.925,138.165,138.098
1627.3,126.845,132.63,140.501,127.291,139.46,137.557,142.925,138.132,138.064
1627.4,126.845,132.667,140.501,127.251,139.427,137.591,142.925,138.165,138.098
1627.5,126.804,132.667,140.404,127.251,139.427,137.557,142.925,138.165,138.098
1627.6,126.804,132.667,140.468,127.251,139.493,137.557,142.956,138.132,138.098
1627.7,126.804,132.704,140.436,127.291,139.493,137.591,142.925,138.165,138.098
1627.8,126.804,132.741,140.501,127.21,139.46,137.625,142.925,138.098,138.064
1627.9,126.804,132.741,140.501,127.332,139.526,137.659,142.925,138.165,138.098
1628.0,126.804,132.704,140.501,127.291,139.46,137.557,142.956,138.132,138.098
1628.1,126.804,132.704,140.501,127.332,139.558,137.557,142.956,138.132,138.064
1628.2,126.804,132.741,140.404,127.372,139.46,137.591,142.956,138.165,138.098
1628.3,126.804,132.704,140.501,127.291,139.46,137.591,142.925,138.165,138.031
1628.4,126.804,132.704,140.468,127.332,139.493,137.625,142.925,138.132,138.098
1628.5,126.804,132.814,140.468,127.332,139.493,137.557,143.048,138.165,138.098
1628.6,126.845,132.704,140.501,127.372,139.526,137.557,142.925,138.165,138.098
1628.7,126.845,132.741,140.468,127.372,139.493,137.557,142.925,138.199,138.132
1628.8,126.845,132.741,140.436,127.332,139.493,137.557,142.925,138.199,138.132
1628.9,126.804,132.778,140.533,127.332,139.493,137.591,142.895,138.165,138.132
1629.0,126.885,132.814,140.501,127.372,139.558,137.625,142.925,138.165,138.098
1629.1,126.845,132.778,140.501,127.291,139.526,137.625,142.925,138.199,138.165
1629.2,126.845,132.888,140.501,127.332,139.558,137.659,142.864,138.165,138.098
1629.3,126.885,132.778,140.468,127.332,139.526,137.625,142.956,138.165,138.165
1629.4,126.885,132.851,140.533,127.493,139.558,137.591,142.925,138.199,138.098
1629.5,126.885,132.814,140.533,127.291,139.526,137.625,142.895,138.132,138.132
1629.6,126.967,132.851,140.501,127.332,139.624,137.557,142.925,138.199,138.132
1629.7,126.885,132.851,140.565,127.291,139.526,137.591,142.895,138.199,138.132
1629.8,126.885,132.925,140.436,127.412,139.526,137.591,142.956,138.199,138.132
1629.9,126.845,132.962,140.501,127.372,139.558,137.625,142.956,138.199,138.299
1630.0,126.885,132.925,140.533,127.372,139.591,137.625,142.895,138.064,138.232
1630.1,126.845,132.925,140.501,127.332,139.624,137.625,142.956,138.199,138.098
1630.2,126.885,132.925,140.501,127.372,139.558,137.591,142.987,138.199,138.165
1630.3,126.845,132.925,140.468,127.372,139.624,137.591,142.925,138.199,138.132
1630.4,126.926,132.925,140.501,127.372,139.624,137.591,142.925,138.165,138.132
1630.5,126.885,132.925,140.533,127.412,139.624,137.659,142.925,138.199,138.132
1630.6,126.926,132.925,140.533,127.412,139.591,137.591,142.956,138.199,138.132
1630.7,126.885,132.925,140.533,127.372,139.657,137.591,142.895,138.199,138.098
1630.8,126.885,132.999,140.533,127.412,139.591,137.591,142.895,138.199,138.098
1630.9,126.926,132.999,140.501,127.453,139.624,137.591,142.956,138.266,138.064
1631.0,126.885,132.962,140.501,127.372,139.624,137.625,142.925,138.199,138.165
1631.1,126.967,132.999,140.501,127.412,139.657,137.557,142.925,138.132,138.199
1631.2,126.885,133.035,140.501,127.412,139.591,137.591,142.925,138.165,138.165
1631.3,126.885,133.035,140.501,127.412,139.657,137.591,142.925,138.232,138.165
1631.4,126.885,133.035,140.533,127.412,139.624,137.625,142.956,138.199,138.132
1631.5,126.885,133.035,140.501,127.453,139.624,137.591,142.925,138.199,138.132
1631.6,126.885,133.035,140.533,127.412,139.689,137.591,142.864,138.232,138.165
1631.7,126.885,133.035,140.565,127.412,139.657,137.625,142.987,138.199,138.165
1631.8,126.926,133.035,140.533,127.412,139.657,137.591,142.956,138.199,138.165
1631.9,126.926,133.109,140.501,127.412,139.689,137.591,142.956,138.199,138.165
1632.0,126.926,133.109,140.501,127.412,139.689,137.625,142.925,138.199,138.132
1632.1,126.926,133.109,140.533,127.453,139.689,137.693,142.925,138.266,138.132
1632.2,126.885,133.146,140.629,127.453,139.689,137.625,142.925,138.266,138.165
1632.3,126.885,133.146,140.533,127.412,139.657,137.591,142.925,138.199,138.165
1632.4,126.926,133.146,140.501,127.453,139.722,137.625,142.956,138.199,138.098
1632.5,126.926,133.182,140.501,127.453,139.722,137.625,142.956,138.199,138.132
1632.6,126.967,133.146,140.501,127.493,139.722,137.625,142.987,138.199,138.199
1632.7,126.967,133.035,140.533,127.533,139.689,137.591,142.925,138.232,138.165
1632.8,126.926,133.146,140.533,127.453,139.689,137.625,142.925,138.232,138.232
1632.9,126.967,133.146,140.501,127.493,139.722,137.625,142.956,138.199,138.165
1633.0,126.926,133.182,140.533,127.453,139.755,137.659,142.956,138.199,138.199
1633.1,126.926,133.182,140.533,127.453,139.722,137.659,142.956,138.232,138.232
1633.2,127.007,133.182,140.501,127.453,139.755,137.625,142.956,138.232,138.199
1633.3,127.007,133.182,140.501,127.453,139.787,137.625,142.925,138.232,138.165
1633.4,126.926,133.219,140.533,127.453,139.787,137.625,142.925,138.199,138.199
1633.5,126.926,133.219,140.533,127.453,139.722,137.659,142.925,138.232,138.199
1633.6,126.926,133.255,140.533,127.493,139.722,137.625,142.925,138.232,138.165
1633.7,126.926,133.219,140.404,127.493,139.787,137.625,142.925,138.232,138.199
1633.8,126.967,133.329,140.533,127.493,139.755,137.659,142.956,138.199,138.199
1633.9,126.967,133.255,140.533,127.533,139.722,137.591,142.895,138.232,138.232
1634.0,126.967,133.255,140.533,127.493,139.755,137.659,142.956,138.266,138.199
1634.1,126.967,133.292,140.533,127.574,139.787,137.625,142.925,138.232,138.232
1634.2,126.967,133.255,140.501,127.493,139.722,137.625,142.925,138.266,138.199
1634.3,127.007,133.255,140.533,127.574,139.787,137.625,142.956,138.266,138.199
1634.4,127.007,133.219,140.533,127.533,139.853,137.659,142.925,138.232,138.199
1634.5,127.007,133.292,140.629,127.493,139.82,137.625,142.956,138.266,138.199
1634.6,127.007,133.329,140.501,127.574,139.853,137.625,142.956,138.232,138.266
1634.7,126.967,133.329,140.533,127.493,139.853,137.625,142.956,138.165,138.165
1634.8,127.048,133.329,140.533,127.493,139.787,137.591,142.956,138.299,138.165
1634.9,127.007,133.329,140.533,127.493,139.853,137.625,142.956,138.266,138.199
1635.0,126.967,133.365,140.533,127.533,139.82,137.625,142.956,138.299,138.199
1635.1,127.007,133.365,140.533,127.533,139.82,137.625,142.925,138.232,138.232
1635.2,127.007,133.365,140.533,127.533,139.82,137.625,142.987,138.232,138.232
1635.3,127.007,133.438,140.533,127.574,139.82,137.625,142.925,138.266,138.199
1635.4,127.048,133.365,140.533,127.493,139.853,137.625,142.987,138.299,138.199
1635.5,127.048,133.402,140.533,127.574,139.82,137.659,142.895,138.299,138.199
1635.6,127.048,133.438,140.533,127.574,139.82,137.557,142.987,138.266,138.232
1635.7,127.048,133.438,140.533,127.614,139.853,137.659,142.925,138.232,138.199
1635.8,127.007,133.438,140.533,127.574,139.82,137.625,142.956,138.266,138.232
1635.9,127.007,133.475,140.565,127.614,139.853,137.659,142.925,138.232,138.199
1636.0,127.007,133.438,140.533,127.614,139.885,137.625,142.895,138.266,138.199
1636.1,127.048,133.475,140.533,127.574,139.853,137.625,142.956,138.299,138.266
1636.2,127.007,133.438,140.501,127.574,139.885,137.659,142.956,138.299,138.232
1636.3,127.048,133.438,140.533,127.574,139.853,137.557,142.925,138.299,138.232
1636.4,127.048,133.438,140.533,127.493,139.853,137.659,142.987,138.299,138.333
1636.5,127.048,133.475,140.533,127.574,139.853,137.625,142.925,138.266,138.232
1636.6,127.007,133.475,140.533,127.614,139.853,137.625,142.987,138.299,138.266
1636.7,127.007,133.475,140.533,127.574,139.918,137.625,142.956,138.299,138.165
1636.8,127.048,133.438,140.533,127.574,139.885,137.659,142.956,138.266,138.232
1636.9,127.089,133.511,140.533,127.614,139.983,137.659,142.925,138.232,138.232
1637.0,127.007,133.511,140.533,127.614,139.95,137.659,142.925,138.299,138.232
1637.1,127.089,133.475,140.533,127.574,139.95,137.659,142.925,138.199,138.232
1637.2,127.129,133.511,140.533,127.614,139.95,137.659,142.925,138.333,138.232
1637.3,127.048,133.62,140.629,127.614,139.82,137.659,142.956,138.299,138.232
1637.4,127.048,133.584,140.565,127.654,139.885,137.659,142.956,138.266,138.232
1637.5,127.007,133.548,140.533,127.614,139.918,137.659,142.956,138.299,138.232
1637.6,127.089,133.62,140.501,127.654,139.95,137.625,142.987,138.333,138.232
1637.7,127.129,133.548,140.501,127.614,139.95,137.659,142.956,138.266,138.266
1637.8,127.048,133.62,140.597,127.654,139.983,137.625,142.925,138.299,138.4
1637.9,127.089,133.62,140.565,127.614,139.918,137.659,142.987,138.299,138.232
1638.0,127.048,133.548,140.565,127.614,140.015,137.659,143.048,138.333,138.199
1638.1,127.048,133.584,140.565,127.654,139.95,137.659,142.956,138.299,138.266
1638.2,127.089,133.657,140.501,127.654,139.983,137.659,142.956,138.299,138.266
1638.3,127.089,133.657,140.565,127.614,140.015,137.659,142.956,138.299,138.232
1638.4,127.089,133.584,140.533,127.654,139.983,137.625,142.925,138.333,138.299
1638.5,127.048,133.657,140.533,127.654,139.983,137.693,142.925,138.299,138.333
1638.6,127.089,133.657,140.533,127.654,139.95,137.727,142.987,138.299,138.232
1638.7,127.089,133.657,140.565,127.614,139.983,137.659,142.925,138.299,138.266
1638.8,127.089,133.657,140.565,127.654,139.983,137.693,143.018,138.333,138.266
1638.9,127.129,133.693,140.565,127.694,139.983,137.659,142.987,138.366,138.232
1639.0,127.048,133.657,140.533,127.694,139.983,137.659,142.925,138.333,138.266
1639.1,127.089,133.657,140.565,127.614,139.983,137.761,142.925,138.366,138.266
1639.2,127.089,133.657,140.597,127.694,140.015,137.693,142.956,138.232,138.333
1639.3,127.048,133.693,140.565,127.614,140.015,137.659,142.987,138.333,138.266
1639.4,127.089,133.693,140.533,127.654,139.983,137.659,142.956,138.366,138.266
1639.5,127.089,133.729,140.565,127.775,140.015,137.693,142.956,138.299,138.266
1639.6,127.089,133.693,140.565,127.654,140.015,137.625,142.956,138.366,138.366
1639.7,127.129,133.766,140.565,127.654,140.015,137.659,142.925,138.333,138.266
1639.8,127.17,133.693,140.533,127.654,140.015,137.659,142.987,138.333,138.266
1639.9,127.089,133.729,140.565,127.654,140.015,137.659,142.925,138.333,138.266
1640.0,127.089,133.802,140.565,127.694,140.048,137.659,142.925,138.299,138.299
1640.1,127.129,133.729,140.565,127.694,140.015,137.659,142.956,138.232,138.299
1640.2,127.089,133.766,140.565,127.694,140.048,137.693,142.925,138.333,138.299
1640.3,127.129,133.802,140.533,127.694,140.08,137.693,142.987,138.299,138.266
1640.4,127.089,133.802,140.565,127.694,139.983,137.659,143.018,138.299,138.266
1640.5,127.089,133.802,140.533,127.694,140.015,137.659,142.925,138.333,138.333
1640.6,127.129,133.766,140.533,127.694,140.015,137.693,142.925,138.333,138.232
1640.7,127.129,133.802,140.565,127.694,140.048,137.693,142.925,138.333,138.266
1640.8,127.129,133.838,140.533,127.694,140.048,137.693,142.956,138.333,138.266
1640.9,127.17,133.838,140.565,127.815,140.08,137.693,142.956,138.333,138.299
1641.0,127.129,133.802,140.533,127.775,140.08,137.659,142.925,138.333,138.299
1641.1,127.089,133.838,140.533,127.694,140.08,137.659,142.925,138.333,138.299
1641.2,127.129,133.874,140.533,127.694,140.08,137.659,142.987,138.333,138.333
1641.3,127.129,133.838,140.565,127.694,140.048,137.659,142.956,138.333,138.266
1641.4,127.17,133.838,140.565,127.734,140.08,137.659,142.956,138.366,138.299
1641.5,127.129,133.874,140.565,127.734,140.08,137.693,142.987,138.366,138.266
1641.6,127.129,133.838,140.533,127.734,140.113,137.659,142.956,138.333,138.333
1641.7,127.21,133.874,140.565,127.734,140.145,137.761,142.987,138.4,138.333
1641.8,127.129,133.874,140.565,127.734,140.113,137.659,142.956,138.333,138.333
1641.9,127.17,133.874,140.533,127.734,140.113,137.693,142.987,138.266,138.333
1642.0,127.129,133.911,140.565,127.694,140.08,137.693,142.956,138.366,138.299
1642.1,127.21,133.911,140.533,127.734,140.113,137.659,142.956,138.333,138.299
1642.2,127.129,133.911,140.533,127.734,140.08,137.693,142.987,138.333,138.299
1642.3,127.21,133.947,140.565,127.815,140.113,137.693,142.956,138.4,138.199
1642.4,127.129,133.874,140.533,127.734,140.145,137.659,142.956,138.333,138.333
1642.5,127.17,133.911,140.565,127.815,140.21,137.693,142.925,138.333,138.299
1642.6,127.17,133.947,140.597,127.734,140.145,137.659,142.956,138.366,138.299
1642.7,127.17,133.911,140.565,127.775,140.113,137.625,142.956,138.366,138.333
1642.8,127.17,133.911,140.501,127.815,140.145,137.693,142.987,138.366,138.299
1642.9,127.21,133.983,140.533,127.775,140.145,137.693,142.925,138.366,138.299
1643.0,127.17,134.091,140.501,127.734,140.113,137.693,142.956,138.433,138.299
1643.1,127.17,133.947,140.565,127.775,140.177,137.659,142.987,138.366,138.333
1643.2,127.129,133.983,140.533,127.775,140.21,137.693,142.956,138.366,138.299
1643.3,127.21,133.983,140.565,127.734,140.177,137.659,142.987,138.333,138.333
1643.4,127.17,133.983,140.533,127.855,140.21,137.693,142.956,138.4,138.299
1643.5,127.21,133.983,140.533,127.775,140.177,137.693,143.048,138.4,138.299
1643.6,127.17,134.055,140.533,127.654,140.177,137.693,142.987,138.333,138.366
1643.7,127.17,134.019,140.468,127.855,140.21,137.693,142.987,138.366,138.333
1643.8,127.21,134.055,140.565,127.815,140.21,137.693,142.987,138.366,138.333
1643.9,127.21,134.055,140.533,127.855,140.177,137.659,142.987,138.366,138.333
1644.0,127.291,134.055,140.565,127.815,140.275,137.693,142.925,138.4,138.299
1644.1,127.251,134.091,140.565,127.855,140.177,137.727,142.987,138.366,138.333
1644.2,127.21,134.091,140.565,127.815,140.21,137.727,143.048,138.366,138.333
1644.3,127.17,134.019,140.533,127.815,140.21,137.693,142.987,138.366,138.366
1644.4,127.21,134.055,140.565,127.855,140.177,137.693,142.925,138.4,138.366
1644.5,127.17,134.055,140.597,127.775,140.177,137.693,142.956,138.433,138.366
1644.6,127.21,134.091,140.565,127.855,140.242,137.693,143.018,138.4,138.366
1644.7,127.21,134.127,140.533,127.855,140.242,137.761,142.987,138.4,138.299
1644.8,127.17,134.055,140.565,127.815,140.242,137.659,142.925,138.4,138.299
1644.9,127.17,134.091,140.597,127.935,140.275,137.659,142.956,138.366,138.333
1645.0,127.17,134.127,140.565,127.855,140.145,137.727,142.956,138.333,138.333
1645.1,127.17,134.127,140.565,127.815,140.339,137.828,142.956,138.4,138.366
1645.2,127.21,134.091,140.533,127.775,140.177,137.693,142.987,138.4,138.366
1645.3,127.332,134.2,140.661,127.855,140.21,137.693,142.987,138.433,138.366
1645.4,127.17,134.164,140.565,127.815,140.242,137.828,142.956,138.4,138.366
1645.5,127.21,134.164,140.597,127.815,140.275,137.727,142.987,138.4,138.366
1645.6,127.17,134.164,140.597,127.815,140.275,137.693,142.987,138.366,138.333
1645.7,127.251,134.164,140.597,127.855,140.275,137.693,142.956,138.467,138.366
1645.8,127.21,134.2,140.565,127.855,140.275,137.693,142.987,138.4,138.333
1645.9,127.251,134.164,140.661,127.815,140.339,137.693,142.987,138.433,138.366
1646.0,127.21,134.236,140.565,127.855,140.275,137.727,142.956,138.4,138.433
1646.1,127.21,134.236,140.597,127.895,140.242,137.693,142.956,138.433,138.4
1646.2,127.21,134.236,140.501,127.895,140.339,137.693,142.987,138.333,138.366
1646.3,127.21,134.308,140.533,127.855,140.275,137.693,142.987,138.433,138.366
1646.4,127.251,134.236,140.597,127.855,140.307,137.693,142.987,138.433,138.4
1646.5,127.21,134.2,140.597,127.855,140.307,137.693,142.956,138.433,138.433
1646.6,127.251,134.2,140.597,127.855,140.275,137.727,142.956,138.4,138.366
1646.7,127.251,134.272,140.597,127.935,140.307,137.693,142.956,138.4,138.333
1646.8,127.251,134.236,140.533,127.895,140.339,137.761,142.987,138.5,138.366
1646.9,127.21,134.2,140.565,127.855,140.339,137.727,142.925,138.4,138.366
1647.0,127.251,134.272,140.597,127.895,140.307,137.693,142.956,138.433,138.366
1647.1,127.251,134.308,140.565,127.895,140.307,137.693,142.987,138.4,138.4
1647.2,127.251,134.272,140.533,127.895,140.307,137.727,142.956,138.433,138.333
1647.3,127.21,134.308,140.597,127.895,140.339,137.693,142.925,138.433,138.333
1647.4,127.291,134.308,140.565,127.895,140.372,137.794,143.018,138.433,138.366
1647.5,127.251,134.272,140.533,127.895,140.242,137.693,143.048,138.433,138.4
1647.6,127.291,134.343,140.533,127.895,140.372,137.727,143.018,138.4,138.333
1647.7,127.251,134.236,140.565,127.935,140.339,137.794,142.925,138.467,138.366
1647.8,127.251,134.308,140.565,127.895,140.339,137.693,142.987,138.433,138.4
1647.9,127.291,134.308,140.533,127.935,140.339,137.659,143.018,138.433,138.433
1648.0,127.291,134.308,140.597,127.935,140.339,137.693,142.956,138.433,138.4
1648.1,127.291,134.343,140.597,127.895,140.339,137.693,142.987,138.4,138.366
1648.2,127.21,134.308,140.597,127.935,140.339,137.727,142.956,138.433,138.366
1648.3,127.251,134.308,140.565,127.855,140.372,137.727,142.987,138.533,138.4
1648.4,127.251,134.343,140.565,127.935,140.404,137.761,142.956,138.433,138.4
1648.5,127.291,134.343,140.533,127.895,140.339,137.761,142.925,138.467,138.4
1648.6,127.251,134.343,140.565,127.935,140.436,137.693,143.018,138.4,138.4
1648.7,127.291,134.308,140.565,127.895,140.372,137.693,142.925,138.299,138.4
1648.8,127.251,134.343,140.436,127.895,140.372,137.693,142.956,138.467,138.4
1648.9,127.332,134.415,140.565,127.935,140.436,137.693,142.925,138.4,138.4
1649.0,127.291,134.343,140.629,127.895,140.339,137.693,142.956,138.433,138.4
1649.1,127.251,134.379,140.565,127.855,140.404,137.727,142.956,138.433,138.4
1649.2,127.251,134.415,140.597,127.895,140.436,137.727,142.987,138.433,138.4
1649.3,127.251,134.415,140.565,127.895,140.404,137.727,142.987,138.467,138.4
1649.4,127.291,134.379,140.597,127.975,140.404,137.761,142.956,138.467,138.433
1649.5,127.251,134.379,140.533,127.935,140.339,137.761,142.956,138.467,138.4
1649.6,127.251,134.415,140.597,127.935,140.242,137.693,142.956,138.467,138.4
1649.7,127.291,134.308,140.565,127.975,140.372,137.727,142.956,138.433,138.4
1649.8,127.291,134.415,140.597,127.935,140.404,137.727,142.987,138.467,138.433
1649.9,127.251,134.379,140.597,128.015,140.436,137.727,142.987,138.467,138.366
1650.0,127.251,134.451,140.565,127.975,140.404,137.761,142.956,138.5,138.433
1650.1,127.291,134.451,140.533,127.975,140.468,137.727,142.956,138.467,138.467
1650.2,127.17,134.415,140.565,128.055,140.404,137.693,142.987,138.467,138.4
1650.3,127.332,134.415,140.565,127.935,140.436,137.727,142.956,138.433,138.4
1650.4,127.291,134.523,140.597,127.975,140.372,137.794,142.956,138.467,138.433
1650.5,127.291,134.415,140.661,127.975,140.468,137.761,142.987,138.5,138.4
1650.6,127.251,134.415,140.629,127.975,140.468,137.761,142.987,138.433,138.433
1650.7,127.332,134.523,140.629,128.015,140.436,137.727,143.018,138.5,138.4
1650.8,127.251,134.523,140.597,128.015,140.436,137.761,143.018,138.433,138.433
1650.9,127.332,134.523,140.597,128.015,140.468,137.761,142.987,138.533,138.467
1651.0,127.291,134.487,140.597,127.975,140.436,137.693,142.987,138.467,138.433
1651.1,127.332,134.523,140.565,128.015,140.468,137.761,143.018,138.467,138.366
1651.2,127.291,134.487,140.597,127.975,140.436,137.761,142.987,138.467,138.467
1651.3,127.332,134.559,140.565,128.015,140.468,137.761,142.956,138.467,138.4
1651.4,127.372,134.523,140.597,128.015,140.468,137.727,142.987,138.5,138.433
1651.5,127.332,134.487,140.565,128.015,140.436,137.794,143.018,138.433,138.433
1651.6,127.291,134.523,140.565,128.015,140.468,137.727,142.895,138.5,138.433
1651.7,127.291,134.559,140.629,128.015,140.468,137.794,142.925,138.433,138.4
1651.8,127.291,134.559,140.533,128.055,140.501,137.693,142.987,138.5,138.433
1651.9,127.332,134.63,140.597,128.135,140.501,137.727,142.956,138.467,138.433
1652.0,127.332,134.594,140.565,128.015,140.501,137.727,142.956,138.5,138.433
1652.1,127.291,134.559,140.597,128.015,140.468,137.727,142.956,138.5,138.433
1652.2,127.291,134.594,140.565,127.975,140.597,137.761,142.956,138.533,138.433
1652.3,127.412,134.559,140.597,128.015,140.436,137.794,142.956,138.5,138.433
1652.4,127.291,134.63,140.565,128.015,140.533,137.727,142.987,138.467,138.433
1652.5,127.332,134.63,140.565,128.015,140.533,137.727,142.987,138.467,138.467
1652.6,127.372,134.63,140.661,128.055,140.565,137.794,142.987,138.533,138.467
1652.7,127.332,134.63,140.565,128.055,140.468,137.794,142.956,138.467,138.433
1652.8,127.493,134.63,140.597,128.055,140.533,137.727,142.987,138.467,138.4
1652.9,127.332,134.702,140.693,128.055,140.501,137.761,142.987,138.467,138.433
1653.0,127.332,134.594,140.565,128.015,140.533,137.761,142.987,138.5,138.467
1653.1,127.332,134.666,140.597,128.055,140.533,137.727,142.987,138.5,138.5
1653.2,127.291,134.63,140.597,128.015,140.501,137.727,142.987,138.467,138.4
1653.3,127.332,134.666,140.468,128.055,140.533,137.761,142.956,138.467,138.433
1653.4,127.372,134.63,140.629,128.135,140.822,137.794,142.987,138.467,138.433
1653.5,127.332,134.702,140.565,128.095,140.501,137.761,142.987,138.5,138.467
1653.6,127.412,134.666,140.565,128.015,140.533,137.761,142.987,138.533,138.467
1653.7,127.372,134.702,140.565,128.095,140.565,137.693,143.018,138.5,138.5
1653.8,127.372,134.702,140.597,128.055,140.533,137.761,142.987,138.5,138.5
1653.9,127.412,134.737,140.661,128.055,140.501,137.761,142.925,138.567,138.433
1654.0,127.372,134.702,140.597,128.055,140.629,137.727,142.987,138.533,138.467
1654.1,127.372,134.702,140.629,128.095,140.597,137.794,142.987,138.533,138.467
1654.2,127.412,134.737,140.565,128.095,140.565,137.761,143.018,138.5,138.467
1654.3,127.332,134.737,140.565,128.095,140.533,137.727,142.956,138.533,138.5
1654.4,127.332,134.773,140.597,128.055,140.533,137.761,142.987,138.5,138.6
1654.5,127.412,134.737,140.597,128.095,140.565,137.794,142.956,138.5,138.467
1654.6,127.412,134.737,140.597,128.055,140.565,137.794,143.048,138.5,138.5
1654.7,127.332,134.737,140.597,128.135,140.629,137.761,142.987,138.5,138.467
1654.8,127.372,134.773,140.629,128.135,140.565,137.761,143.079,138.533,138.467
1654.9,127.372,134.809,140.597,128.095,140.661,137.828,142.987,138.5,138.467
1655.0,127.332,134.773,140.597,128.095,140.629,137.727,142.987,138.533,138.467
1655.1,127.372,134.844,140.597,128.214,140.661,137.727,143.048,138.467,138.467
1655.2,127.291,134.844,140.597,128.135,140.629,137.761,143.018,138.533,138.467
1655.3,127.412,134.809,140.597,128.055,140.629,137.761,143.018,138.5,138.5
1655.4,127.412,134.809,140.597,128.135,140.661,137.761,142.987,138.567,138.5
1655.5,127.412,134.844,140.597,128.135,140.661,137.761,142.987,138.567,138.5
1655.6,127.453,134.809,140.565,128.095,140.629,137.761,142.956,138.5,138.467
1655.7,127.372,134.915,140.565,128.135,140.629,137.693,142.956,138.5,138.467
1655.8,127.412,134.844,140.629,128.175,140.661,137.761,142.987,138.5,138.467
1655.9,127.412,134.844,140.533,128.135,140.629,137.761,142.987,138.533,138.5
1656.0,127.372,134.844,140.629,128.095,140.661,137.727,143.018,138.567,138.467
1656.1,127.372,134.844,140.597,128.214,140.661,137.761,142.987,138.567,138.433
1656.2,127.372,134.915,140.597,128.135,140.629,137.761,142.987,138.533,138.5
1656.3,127.372,134.844,140.661,128.214,140.661,137.761,142.987,138.567,138.5
1656.4,127.412,134.88,140.597,128.175,140.661,137.794,142.987,138.5,138.5
1656.5,127.412,134.88,140.597,128.135,140.661,137.794,143.11,138.533,138.467
1656.6,127.412,134.809,140.597,128.175,140.661,137.761,142.956,138.567,138.433
1656.7,127.453,134.88,140.661,128.135,140.661,137.761,142.956,138.533,138.467
1656.8,127.412,134.844,140.629,128.135,140.661,137.727,143.018,138.567,138.5
1656.9,127.412,134.88,140.597,128.175,140.629,137.693,142.987,138.567,138.533
1657.0,127.412,134.915,140.597,128.135,140.693,137.761,142.987,138.533,138.5
1657.1,127.412,134.88,140.629,128.175,140.725,137.794,142.987,138.567,138.5
1657.2,127.493,134.987,140.725,128.135,140.693,137.761,143.018,138.633,138.5
1657.3,127.412,134.951,140.597,128.175,140.725,137.761,142.987,138.567,138.567
1657.4,127.412,134.915,140.597,128.175,140.661,137.794,142.987,138.533,138.533
1657.5,127.412,134.915,140.597,128.214,140.661,137.761,142.987,138.567,138.567
1657.6,127.412,134.951,140.629,128.214,140.693,137.761,142.987,138.567,138.533
1657.7,127.493,134.951,140.565,128.175,140.725,137.659,143.018,138.567,138.533
1657.8,127.412,134.951,140.597,128.135,140.661,137.794,143.018,138.533,138.5
1657.9,127.453,134.951,140.629,128.214,140.725,137.761,142.987,138.567,138.533
1658.0,127.453,134.987,140.661,128.175,140.629,137.794,142.987,138.567,138.5
1658.1,127.453,134.987,140.597,128.214,140.758,137.794,142.987,138.567,138.533
1658.2,127.493,134.987,140.597,128.214,140.725,137.794,142.987,138.6,138.533
1658.3,127.412,134.987,140.629,128.214,140.725,137.794,143.018,138.533,138.5
1658.4,127.453,135.022,140.565,128.214,140.725,137.761,142.987,138.633,138.567
1658.5,127.453,134.987,140.597,128.175,140.758,137.828,142.987,138.567,138.533
1658.6,127.453,135.022,140.597,128.214,140.758,137.828,142.895,138.633,138.533
1658.7,127.412,135.022,140.629,128.214,140.725,137.794,142.987,138.6,138.5
1658.8,127.453,135.022,140.597,128.214,140.725,137.761,143.018,138.567,138.5
1658.9,127.412,135.022,140.597,128.214,140.79,137.761,142.987,138.567,138.567
1659.0,127.493,135.022,140.629,128.214,140.725,137.761,142.987,138.6,138.533
1659.1,127.453,135.093,140.597,128.214,140.758,137.761,143.018,138.567,138.533
1659.2,127.453,135.058,140.597,128.175,140.79,137.761,142.987,138.5,138.567
1659.3,127.453,135.058,140.661,128.214,140.725,137.828,142.987,138.6,138.567
1659.4,127.493,135.093,140.629,128.214,140.79,137.693,143.048,138.567,138.567
1659.5,127.412,135.022,140.597,128.214,140.725,137.761,143.018,138.6,138.533
1659.6,127.453,135.093,140.629,128.214,140.758,137.761,143.048,138.6,138.533
1659.7,127.453,135.093,140.629,128.254,140.725,137.761,142.987,138.633,138.533
1659.8,127.493,135.058,140.629,128.214,140.822,137.794,142.956,138.567,138.5
1659.9,127.493,135.058,140.629,128.175,140.725,137.761,143.048,138.567,138.567
1660.0,127.493,135.129,140.597,128.254,140.758,137.761,142.987,138.633,138.533
1660.1,127.493,135.093,140.629,128.374,140.758,137.761,143.048,138.6,138.567
1660.2,127.493,135.093,140.597,128.254,140.79,137.896,142.987,138.6,138.567
1660.3,127.412,135.129,140.597,128.214,140.79,137.761,143.018,138.633,138.567
1660.4,127.493,135.129,140.629,128.453,140.758,137.761,142.895,138.6,138.567
1660.5,127.453,135.129,140.597,128.254,140.79,137.794,142.987,138.567,138.533
1660.6,127.493,135.129,140.565,128.254,140.886,137.862,143.018,138.6,138.567
1660.7,127.533,135.164,140.565,128.254,140.79,137.828,143.018,138.633,138.567
1660.8,127.493,135.129,140.597,128.254,140.854,137.794,142.987,138.633,138.533
1660.9,127.654,135.129,140.629,128.254,140.822,137.794,142.987,138.567,138.533
1661.0,127.453,135.164,140.597,128.254,140.822,137.794,142.987,138.6,138.533
1661.1,127.412,135.199,140.597,128.294,140.79,137.794,142.956,138.567,138.633
1661.2,127.453,135.129,140.629,128.294,140.854,137.794,142.925,138.567,138.567
1661.3,127.493,135.199,140.693,128.294,140.79,137.794,143.048,138.633,138.567
1661.4,127.493,135.199,140.597,128.294,140.822,137.794,143.018,138.633,138.567
1661.5,127.493,135.164,140.597,128.254,140.79,137.794,143.018,138.6,138.567
1661.6,127.533,135.199,140.661,128.294,140.854,137.794,142.987,138.6,138.533
1661.7,127.533,135.164,140.565,128.294,140.822,137.828,142.987,138.7,138.6
1661.8,127.493,135.235,140.629,128.254,140.854,137.761,142.987,138.6,138.567
1661.9,127.533,135.199,140.629,128.374,140.886,137.794,143.018,138.6,138.6
1662.0,127.453,135.199,140.693,128.294,140.822,137.828,142.956,138.567,138.567
1662.1,127.493,135.235,140.565,128.294,140.822,137.794,142.956,138.6,138.567
1662.2,127.533,135.235,140.629,128.254,140.918,137.761,142.987,138.567,138.6
1662.3,127.493,135.199,140.661,128.254,140.822,137.761,142.987,138.6,138.567
1662.4,127.493,135.199,140.661,128.334,140.854,137.761,143.018,138.6,138.533
1662.5,127.453,135.235,140.629,128.294,140.854,137.794,142.987,138.667,138.6
1662.6,127.493,135.305,140.661,128.254,140.854,137.794,142.987,138.6,138.567
1662.7,127.493,135.235,140.629,128.334,140.822,137.761,142.987,138.6,138.567
1662.8,127.493,135.27,140.661,128.334,140.822,137.794,143.018,138.6,138.6
1662.9,127.533,135.27,140.661,128.294,140.95,137.761,142.956,138.633,138.567
1663.0,127.493,135.27,140.629,128.294,140.918,137.794,143.018,138.567,138.633
1663.1,127.493,135.27,140.661,128.294,140.886,137.794,142.987,138.6,138.533
1663.2,127.533,135.305,140.597,128.334,140.854,137.761,143.048,138.633,138.567
1663.3,127.453,135.305,140.693,128.254,140.758,137.794,143.018,138.7,138.567
1663.4,127.493,135.27,140.629,128.294,140.886,137.794,142.987,138.633,138.567
1663.5,127.533,135.27,140.629,128.334,140.886,137.794,143.048,138.633,138.6
1663.6,127.533,135.341,140.661,128.374,140.918,137.794,142.987,138.633,138.6
1663.7,127.533,135.305,140.629,128.374,140.886,137.862,143.018,138.633,138.633
1663.8,127.493,135.305,140.629,128.374,140.886,137.828,142.987,138.633,138.533
1663.9,127.493,135.305,140.661,128.374,140.886,137.828,142.956,138.567,138.6
1664.0,127.533,135.341,140.629,128.334,140.918,137.761,143.018,138.633,138.633
1664.1,127.574,135.341,140.661,128.334,140.886,137.659,143.018,138.633,138.6
1664.2,127.493,135.341,140.629,128.334,140.886,137.794,142.987,138.667,138.633
1664.3,127.533,135.341,140.629,128.374,140.918,137.794,143.018,138.633,138.467
1664.4,127.574,135.411,140.693,128.374,140.95,137.794,142.956,138.633,138.567
1664.5,127.614,135.482,140.629,128.294,140.886,137.794,143.018,138.633,138.567
1664.6,127.533,135.341,140.725,128.413,140.822,137.828,143.018,138.667,138.6
1664.7,127.533,135.411,140.629,128.374,140.95,137.794,143.018,138.667,138.6
1664.8,127.533,135.411,140.661,128.453,140.95,137.794,142.987,138.633,138.6
1664.9,127.533,135.376,140.629,128.453,140.981,137.794,142.956,138.667,138.567
1665.0,127.493,135.376,140.693,128.334,140.95,137.794,143.018,138.633,138.633
1665.1,127.533,135.376,140.629,128.374,140.981,137.828,143.048,138.667,138.633
1665.2,127.574,135.411,140.629,128.334,140.95,137.862,143.018,138.633,138.6
1665.3,127.533,135.376,140.629,128.334,140.981,137.828,143.048,138.667,138.667
1665.4,127.493,135.411,140.629,128.413,141.013,137.794,143.018,138.633,138.6
1665.5,127.533,135.411,140.661,128.374,140.918,137.794,143.018,138.667,138.6
1665.6,127.453,135.447,140.629,128.413,140.981,137.828,142.987,138.667,138.667
1665.7,127.614,135.411,140.725,128.374,140.981,137.761,143.11,138.667,138.6
1665.8,127.533,135.411,140.693,128.374,140.95,137.794,142.987,138.633,138.6
1665.9,127.574,135.411,140.693,128.374,140.95,137.828,142.987,138.633,138.6
1666.0,127.533,135.482,140.629,128.374,140.95,137.794,142.987,138.667,138.633
1666.1,127.533,135.447,140.629,128.413,140.981,137.862,142.956,138.667,138.633
1666.2,127.533,135.447,140.629,128.413,140.981,137.929,142.925,138.633,138.6
1666.3,127.574,135.447,140.629,128.374,140.981,137.828,143.048,138.667,138.6
1666.4,127.574,135.482,140.661,128.413,140.981,137.828,143.018,138.667,138.6
1666.5,127.574,135.517,140.629,128.413,141.013,137.828,143.048,138.667,138.6
1666.6,127.533,135.517,140.79,128.334,141.045,137.794,142.956,138.667,138.6
1666.7,127.533,135.517,140.661,128.413,140.981,137.862,142.987,138.667,138.633
1666.8,127.533,135.482,140.597,128.453,141.013,137.862,142.987,138.7,138.633
1666.9,127.574,135.517,140.661,128.413,140.95,137.794,143.048,138.667,138.633
1667.0,127.574,135.517,140.629,128.413,141.077,137.761,143.018,138.667,138.6
1667.1,127.614,135.552,140.693,128.374,140.95,137.828,142.987,138.667,138.633
1667.2,127.574,135.517,140.661,128.453,140.981,137.794,142.987,138.633,138.633
1667.3,127.574,135.517,140.597,128.413,141.013,137.828,143.018,138.667,138.6
1667.4,127.574,135.517,140.661,128.453,140.981,137.828,142.987,138.667,138.633
1667.5,127.614,135.517,140.661,128.453,141.045,137.862,143.018,138.633,138.633
1667.6,127.614,135.552,140.661,128.453,141.013,137.794,142.987,138.667,138.633
1667.7,127.574,135.552,140.661,128.453,141.045,137.794,142.987,138.667,138.6
1667.8,127.694,135.552,140.629,128.453,141.013,137.794,142.987,138.667,138.667
1667.9,127.574,135.587,140.597,128.453,141.045,137.828,143.048,138.667,138.667
1668.0,127.574,135.623,140.629,128.453,141.045,137.828,143.018,138.8,138.667
1668.1,127.574,135.693,140.661,128.453,141.045,137.828,142.987,138.7,138.7
1668.2,127.574,135.587,140.661,128.453,141.045,137.828,143.018,138.7,138.667
1668.3,127.574,135.552,140.629,128.453,141.045,137.828,142.956,138.7,138.667
1668.4,127.614,135.587,140.629,128.453,141.013,137.828,142.987,138.7,138.667
1668.5,127.574,135.623,140.597,128.493,141.045,137.828,143.048,138.7,138.667
1668.6,127.574,135.587,140.629,128.493,141.045,137.862,142.925,138.7,138.567
1668.7,127.574,135.587,140.725,128.453,141.013,137.862,143.018,138.7,138.7
1668.8,127.493,135.623,140.661,128.493,141.077,137.828,143.048,138.733,138.667
1668.9,127.533,135.658,140.661,128.453,141.045,137.828,143.018,138.8,138.7
1669.0,127.614,135.658,140.758,128.413,141.013,137.761,142.987,138.667,138.633
1669.1,127.614,135.693,140.661,128.453,141.045,137.794,142.987,138.667,138.667
1669.2,127.614,135.658,140.661,128.493,141.077,137.828,142.987,138.7,138.7
1669.3,127.654,135.693,140.629,128.572,141.141,137.828,143.018,138.7,138.6
1669.4,127.453,135.587,140.661,128.532,141.045,137.828,143.048,138.7,138.667
1669.5,127.654,135.623,140.661,128.532,141.013,137.828,142.987,138.7,138.667
1669.6,127.614,135.623,140.693,128.493,141.077,137.828,143.048,138.7,138.667
1669.7,127.614,135.693,140.661,128.453,141.077,137.862,143.018,138.733,138.667
1669.8,127.574,135.658,140.661,128.493,141.045,137.828,143.048,138.733,138.667
1669.9,127.654,135.658,140.661,128.532,141.141,137.862,142.987,138.7,138.667
1670.0,127.614,135.658,140.725,128.572,141.109,137.862,142.987,138.733,138.667
1670.1,127.614,135.658,140.661,128.572,141.077,137.828,143.018,138.733,138.667
1670.2,127.614,135.728,140.629,128.532,141.077,137.794,143.018,138.7,138.667
1670.3,127.574,135.693,140.629,128.493,141.141,137.862,143.048,138.7,138.667
1670.4,127.614,135.693,140.693,128.532,141.109,137.896,142.987,138.733,138.667
1670.5,127.654,135.693,140.629,128.572,141.109,137.828,143.018,138.7,138.733
1670.6,127.533,135.798,140.661,128.532,141.109,137.862,142.987,138.7,138.7
1670.7,127.614,135.763,140.693,128.532,141.109,137.862,142.987,138.7,138.7
1670.8,127.654,135.728,140.693,128.532,141.109,137.862,143.018,138.7,138.633
1670.9,127.654,135.763,140.661,128.532,141.173,137.862,143.018,138.733,138.667
1671.0,127.614,135.728,140.693,128.572,141.045,137.794,143.018,138.8,138.7
1671.1,127.614,135.763,140.661,128.532,141.141,137.828,143.079,138.767,138.6
1671.2,127.614,135.728,140.79,128.572,141.173,137.862,142.987,138.733,138.7
1671.3,127.654,135.763,140.661,128.493,141.173,137.862,142.956,138.767,138.7
1671.4,127.654,135.763,140.661,128.532,141.204,137.896,142.987,138.733,138.7
1671.5,127.654,135.763,140.693,128.651,141.141,137.828,142.987,138.733,138.667
1671.6,127.614,135.798,140.693,128.532,141.141,137.794,143.079,138.733,138.667
1671.7,127.614,135.798,140.661,128.572,141.141,137.828,143.048,138.733,138.733
1671.8,127.614,135.798,140.661,128.532,141.173,137.828,143.079,138.6,138.7
1671.9,127.654,135.798,140.693,128.572,141.141,137.862,143.048,138.8,138.7
1672.0,127.614,135.833,140.725,128.572,141.173,137.862,143.048,138.733,138.7
1672.1,127.614,135.903,140.661,128.612,141.173,137.862,143.048,138.7,138.7
1672.2,127.734,135.833,140.661,128.572,141.173,137.896,143.018,138.733,138.733
1672.3,127.654,135.903,140.693,128.651,141.204,137.896,142.925,138.767,138.7
1672.4,127.654,135.833,140.629,128.572,141.045,137.828,143.018,138.733,138.7
1672.5,127.654,135.903,140.693,128.572,141.173,137.896,142.987,138.767,138.667
1672.6,127.654,135.833,140.661,128.532,141.204,137.828,142.925,138.767,138.7
1672.7,127.694,135.903,140.693,128.493,141.204,137.862,143.048,138.767,138.7
1672.8,127.654,135.903,140.725,128.532,141.173,137.862,143.079,138.767,138.767
1672.9,127.694,135.868,140.661,128.572,141.173,137.828,143.048,138.767,138.733
1673.0,127.654,136.008,140.661,128.651,141.204,137.828,143.018,138.767,138.667
1673.1,127.654,135.868,140.693,128.453,141.204,137.896,143.018,138.733,138.767
1673.2,127.654,135.903,140.629,128.612,141.236,137.896,142.987,138.767,138.733
1673.3,127.614,135.868,140.661,128.612,141.236,137.896,143.018,138.7,138.7
1673.4,127.694,135.868,140.693,128.612,141.204,137.896,143.048,138.767,138.7
1673.5,127.694,135.903,140.661,128.612,141.236,137.828,143.048,138.733,138.7
1673.6,127.734,135.903,140.661,128.612,141.109,137.896,142.987,138.667,138.7
1673.7,127.654,135.833,140.661,128.612,141.204,137.862,143.048,138.833,138.733
1673.8,127.614,135.903,140.661,128.612,141.173,137.828,143.018,138.733,138.733
1673.9,127.734,135.868,140.661,128.612,141.236,137.862,142.987,138.767,138.667
1674.0,127.654,135.938,140.725,128.651,141.236,137.862,143.018,138.733,138.7
1674.1,127.614,135.938,140.661,128.612,141.204,137.896,142.987,138.733,138.733
1674.2,127.654,135.938,140.693,128.612,141.236,137.862,142.987,138.767,138.733
1674.3,127.654,135.868,140.693,128.651,141.268,137.896,143.048,138.8,138.7
1674.4,127.694,135.938,140.693,128.572,141.236,137.929,143.018,138.733,138.733
1674.5,127.654,135.903,140.725,128.612,141.236,137.862,142.987,138.767,138.767
1674.6,127.654,135.903,140.661,128.651,141.236,137.828,143.048,138.8,138.733
1674.7,127.694,135.903,140.725,128.651,141.268,137.828,143.141,138.733,138.733
1674.8,127.654,136.043,140.693,128.612,141.331,137.828,143.018,138.8,138.7
1674.9,127.694,135.973,140.661,128.651,141.236,137.896,143.018,138.767,138.733
1675.0,127.694,136.078,140.629,128.651,141.3,137.862,143.018,138.767,138.733
1675.1,127.734,135.973,140.661,128.612,141.236,137.862,143.048,138.767,138.733
1675.2,127.654,135.973,140.693,128.651,141.268,137.862,143.048,138.767,138.733
1675.3,127.734,135.973,140.661,128.809,141.268,137.862,142.987,138.733,138.7
1675.4,127.694,135.973,140.693,128.691,141.395,137.862,143.048,138.767,138.7
1675.5,127.694,135.973,140.661,128.651,141.268,137.896,143.048,138.833,138.767
1675.6,127.694,135.973,140.661,128.612,141.268,137.896,143.018,138.767,138.767
1675.7,127.694,136.008,140.693,128.651,141.268,137.862,143.048,138.8,138.733
1675.8,127.493,136.043,140.725,128.612,141.268,137.896,143.048,138.767,138.733
1675.9,127.654,135.973,140.661,128.651,141.3,137.862,143.048,138.866,138.7
1676.0,127.694,136.008,140.693,128.691,141.268,137.862,143.048,138.767,138.767
1676.1,127.694,136.043,140.693,128.691,141.268,137.862,142.987,138.8,138.733
1676.2,127.694,136.078,140.661,128.691,141.3,137.862,143.048,138.833,138.733
1676.3,127.694,136.008,140.693,128.691,141.268,137.896,143.048,138.767,138.733
1676.4,127.694,136.043,140.693,128.651,141.3,137.896,143.018,138.767,138.767
1676.5,127.815,136.043,140.661,128.651,141.268,137.896,143.018,138.767,138.733
1676.6,127.694,136.043,140.693,128.691,141.331,137.896,143.018,138.8,138.8
1676.7,127.694,136.008,140.693,128.73,141.331,137.828,142.987,138.767,138.733
1676.8,127.694,136.078,140.661,128.691,141.268,137.862,143.079,138.8,138.767
1676.9,127.734,136.043,140.725,128.612,141.3,137.862,142.987,138.833,138.733
1677.0,127.694,136.043,140.693,128.691,141.268,137.862,143.048,138.8,138.767
1677.1,127.694,136.078,140.758,128.691,141.331,137.896,143.048,138.8,138.767
1677.2,127.734,136.078,140.725,128.73,141.331,137.896,143.048,138.8,138.767
1677.3,127.694,136.078,140.693,128.691,141.331,137.862,143.11,138.8,138.733
1677.4,127.694,136.112,140.661,128.73,141.3,137.862,143.079,138.833,138.767
1677.5,127.694,136.078,140.693,128.691,141.331,137.896,143.048,138.767,138.767
1677.6,127.734,136.112,140.693,128.691,141.331,137.896,143.048,138.8,138.767
1677.7,127.775,136.112,140.661,128.73,141.363,137.896,143.018,138.8,138.733
1677.8,127.654,136.147,140.693,128.691,141.395,137.862,143.018,138.733,138.767
1677.9,127.694,136.078,140.661,128.77,141.363,137.862,142.987,138.8,138.767
1678.0,127.734,136.078,140.693,128.691,141.331,137.862,143.048,138.833,138.767
1678.1,127.734,136.112,140.693,128.73,141.395,137.862,143.018,138.8,138.767
1678.2,127.734,136.147,140.725,128.77,141.395,137.896,143.018,138.767,138.767
1678.3,127.855,136.078,140.693,128.691,141.363,137.896,143.018,138.8,138.767
1678.4,127.734,136.147,140.725,128.691,141.363,137.828,143.11,138.833,138.833
1678.5,127.694,136.147,140.661,128.77,141.363,137.963,143.018,138.833,138.767
1678.6,127.694,136.147,140.693,128.73,141.363,137.896,143.048,138.8,138.767
1678.7,127.734,136.182,140.661,128.691,141.3,137.862,143.018,138.833,138.767
1678.8,127.734,136.147,140.693,128.691,141.363,137.896,142.895,138.866,138.767
1678.9,127.734,136.043,140.661,128.73,141.331,137.896,142.987,138.8,138.767
1679.0,127.694,136.182,140.693,128.73,141.363,137.896,143.018,138.833,138.767
1679.1,127.775,136.182,140.758,128.73,141.427,137.862,143.048,138.8,138.8
1679.2,127.734,136.182,140.629,128.73,141.363,137.862,143.048,138.833,138.733
1679.3,127.694,136.217,140.693,128.73,141.363,137.896,143.018,138.8,138.8
1679.4,127.694,136.112,140.693,128.77,141.395,137.896,143.048,138.833,138.8
1679.5,127.775,136.147,140.693,128.691,141.363,137.896,143.018,138.767,138.833
1679.6,127.775,136.217,140.661,128.73,141.395,137.896,143.048,138.833,138.767
1679.7,127.775,136.217,140.661,128.77,141.427,137.963,143.018,138.866,138.866
1679.8,127.815,136.147,140.693,128.77,141.395,137.828,143.018,138.866,138.833
1679.9,127.694,136.217,140.693,128.73,141.395,137.896,143.018,138.8,138.866
1680.0,127.775,136.217,140.661,128.809,141.331,137.963,143.048,138.8,138.767
1680.1,127.734,136.217,140.661,128.77,141.395,137.862,143.018,138.833,138.833
1680.2,127.734,136.217,140.693,128.849,141.395,137.896,143.018,138.8,138.8
1680.3,127.775,136.286,140.661,128.77,141.363,137.896,142.987,138.833,138.767
1680.4,127.775,136.217,140.693,128.809,141.395,137.929,143.048,138.8,138.833
1680.5,127.815,136.217,140.661,128.73,141.395,137.896,143.048,138.866,138.8
1680.6,127.775,136.252,140.725,128.77,141.395,137.929,143.048,138.833,138.833
1680.7,127.775,136.217,140.725,128.77,141.427,137.929,143.018,138.833,138.8
1680.8,127.775,136.217,140.661,128.73,141.427,137.896,143.048,138.866,138.866
1680.9,127.815,136.252,140.661,128.77,141.427,137.896,142.925,138.833,138.767
1681.0,127.775,136.252,140.693,128.849,141.363,137.896,143.048,138.8,138.767
1681.1,127.734,136.252,140.693,128.77,141.395,137.896,143.11,138.833,138.8
1681.2,127.775,136.286,140.79,128.809,141.395,137.896,143.048,138.833,138.8
1681.3,127.734,136.252,140.693,128.73,141.458,137.862,143.048,138.866,138.767
1681.4,127.694,136.286,140.693,128.77,141.395,137.896,143.018,138.833,138.8
1681.5,127.775,136.321,140.693,128.809,141.458,137.896,142.987,138.866,138.866
1681.6,127.775,136.321,140.725,128.888,141.427,137.896,143.048,138.866,138.833
1681.7,127.734,136.286,140.693,128.849,141.49,137.929,143.018,138.833,138.833
1681.8,127.775,136.286,140.725,128.809,141.427,137.896,143.048,138.866,138.8
1681.9,127.775,136.321,140.661,128.809,141.427,137.896,143.018,138.8,138.8
1682.0,127.815,136.321,140.693,128.809,141.458,137.929,143.048,138.866,138.866
1682.1,127.855,136.286,140.693,128.849,141.521,137.896,143.018,138.833,138.8
1682.2,127.734,136.321,140.693,128.77,141.427,137.963,143.079,138.833,138.833
1682.3,127.855,136.286,140.693,128.77,141.458,137.896,143.048,138.866,138.833
1682.4,127.734,136.356,140.693,128.849,141.458,137.896,143.048,138.866,138.833
1682.5,127.855,136.321,140.758,128.809,141.521,137.929,143.079,138.833,138.8
1682.6,127.775,136.321,140.725,128.927,141.521,137.997,143.048,138.833,138.833
1682.7,127.855,136.425,140.661,128.849,141.458,137.963,143.018,138.866,138.767
1682.8,127.815,136.321,140.725,128.849,141.49,137.862,142.987,138.866,138.833
1682.9,127.815,136.356,140.693,128.849,141.395,137.896,143.018,138.899,138.833
1683.0,127.815,136.425,140.693,128.809,141.458,137.929,143.079,138.833,138.667
1683.1,127.775,136.321,140.725,128.77,141.49,137.929,143.018,138.866,138.8
1683.2,127.775,136.321,140.693,128.849,141.521,137.929,143.171,138.833,138.833
1683.3,127.775,136.321,140.693,128.809,141.458,137.896,143.079,138.8,138.866
1683.4,127.815,136.356,140.725,128.849,141.521,137.929,143.141,138.833,138.833
1683.5,127.815,136.46,140.661,128.888,141.49,137.929,143.018,138.833,138.833
1683.6,127.775,136.356,140.725,128.809,141.458,137.963,143.079,138.8,138.833
1683.7,127.775,136.356,140.725,128.888,141.458,137.896,143.048,138.899,138.833
1683.8,127.775,136.39,140.693,128.888,141.458,137.929,143.018,138.866,138.833
1683.9,127.815,136.39,140.725,128.967,141.49,137.963,143.048,138.8,138.866
1684.0,127.815,136.39,140.725,128.849,141.616,137.896,143.048,138.833,138.833
1684.1,127.775,136.39,140.725,128.888,141.49,137.896,142.987,138.899,138.833
1684.2,127.855,136.39,140.725,128.809,141.521,137.896,143.048,138.833,138.833
1684.3,127.815,136.39,140.693,128.927,141.521,137.963,143.048,138.866,138.833
1684.4,127.815,136.46,140.725,128.809,141.521,137.929,143.048,138.899,138.866
1684.5,127.815,136.46,140.725,128.888,141.49,137.929,143.079,138.866,138.833
1684.6,127.775,136.46,140.725,128.888,141.553,137.997,143.048,138.866,138.833
1684.7,127.815,136.425,140.725,128.849,141.49,137.896,143.018,138.899,138.866
1684.8,127.855,136.494,140.725,128.888,141.49,137.929,143.048,138.899,138.833
1684.9,127.815,136.425,140.693,128.888,141.521,137.929,143.048,138.932,138.833
1685.0,127.815,136.494,140.661,128.888,141.553,137.828,143.018,138.866,138.833
1685.1,127.815,136.46,140.693,128.927,141.553,137.963,143.048,138.866,138.8
1685.2,127.815,136.46,140.693,128.888,141.553,137.963,143.048,138.899,138.866
1685.3,127.815,136.425,140.725,128.927,141.553,137.896,142.987,138.899,138.866
1685.4,127.815,136.46,140.693,128.927,141.553,137.963,143.11,138.899,138.833
1685.5,127.855,136.425,140.725,128.888,141.553,137.896,143.079,138.866,138.833
1685.6,127.815,136.425,140.725,128.888,141.553,137.896,143.048,138.899,138.866
1685.7,127.855,136.46,140.79,128.888,141.553,137.828,143.048,138.899,138.833
1685.8,127.855,136.425,140.725,128.888,141.553,137.929,143.048,138.866,138.833
1685.9,127.855,136.425,140.693,128.849,141.521,137.896,143.11,138.866,138.866
1686.0,127.815,136.46,140.725,128.927,141.521,137.929,143.048,138.899,138.866
1686.1,127.815,136.494,140.725,128.888,141.585,137.929,143.048,138.899,138.8
1686.2,127.815,136.494,140.725,128.927,141.553,137.929,143.048,138.866,138.833
1686.3,127.815,136.529,140.725,128.888,141.616,137.929,143.048,138.8,138.833
1686.4,127.815,136.46,140.693,128.888,141.553,137.896,143.018,138.899,138.899
1686.5,127.775,136.494,140.758,128.927,141.553,137.862,143.079,138.833,138.866
1686.6,127.815,136.494,140.725,128.927,141.585,137.929,143.079,138.899,138.833
1686.7,127.895,136.564,140.693,128.888,141.585,137.929,143.048,139.032,138.833
1686.8,127.815,136.46,140.725,128.967,141.585,137.929,142.956,138.866,138.899
1686.9,127.815,136.529,140.693,128.927,141.585,137.929,143.048,138.899,138.8
1687.0,127.815,136.598,140.693,128.967,141.553,137.896,143.079,138.899,138.833
1687.1,127.855,136.633,140.758,128.927,141.553,137.929,143.079,138.932,138.866
1687.2,127.855,136.529,140.693,129.006,141.585,137.963,143.048,138.899,138.899
1687.3,127.815,136.529,140.693,128.927,141.616,137.929,143.079,138.899,138.932
1687.4,127.855,136.564,140.725,128.927,141.585,137.929,143.11,138.866,138.866
1687.5,127.855,136.529,140.725,128.967,141.648,137.929,143.048,138.966,138.866
1687.6,127.855,136.529,140.758,129.006,141.648,137.929,143.048,138.932,138.866
1687.7,127.855,136.598,140.693,128.927,141.616,138.031,143.048,138.899,138.833
1687.8,127.855,136.529,140.725,128.927,141.616,137.963,143.018,138.932,138.966
1687.9,127.935,136.529,140.693,128.967,141.616,137.929,143.018,138.833,138.899
1688.0,127.855,136.564,140.725,128.927,141.553,137.929,143.048,138.899,138.866
1688.1,127.815,136.598,140.758,128.967,141.616,137.997,143.048,138.899,138.866
1688.2,127.895,136.598,140.758,128.967,141.616,137.929,143.018,138.966,138.866
1688.3,127.855,136.598,140.725,129.006,141.648,137.929,143.079,138.899,138.899
1688.4,127.895,136.598,140.79,129.006,141.616,137.896,143.048,138.899,138.899
1688.5,127.895,136.598,140.79,128.967,141.679,137.963,143.018,138.899,138.899
1688.6,127.895,136.598,140.758,128.967,141.616,137.997,143.018,138.932,138.866
1688.7,127.855,136.598,140.693,128.967,141.616,137.963,143.079,138.899,138.866
1688.8,127.855,136.598,140.758,129.006,141.648,137.929,143.048,138.899,138.866
1688.9,127.935,136.667,140.693,129.006,141.616,137.929,143.079,138.899,138.899
1689.0,127.895,136.667,140.693,128.967,141.616,137.997,143.048,138.932,138.932
1689.1,127.855,136.633,140.725,128.888,141.585,137.929,143.048,139.065,138.866
1689.2,127.895,136.667,140.758,129.006,141.742,137.963,143.048,138.932,138.866
1689.3,127.895,136.702,140.725,129.045,141.616,137.896,143.048,138.899,138.932
1689.4,127.935,136.736,140.725,129.006,141.616,137.929,143.048,138.899,138.899
1689.5,127.935,136.702,140.822,129.006,141.679,137.929,143.079,138.899,138.866
1689.6,127.935,136.702,140.725,128.967,141.648,137.963,143.048,138.932,138.899
1689.7,127.815,136.667,140.725,129.006,141.648,137.929,143.079,138.899,138.899
1689.8,127.935,136.667,140.725,129.045,141.648,137.896,143.079,138.966,138.866
1689.9,127.895,136.667,140.758,129.045,141.679,137.929,143.11,138.932,138.899
1690.0,127.895,136.736,140.693,129.045,141.648,137.963,143.048,138.932,138.932
1690.1,127.895,136.667,140.693,128.967,141.648,137.929,143.079,138.932,138.966
1690.2,127.855,136.667,140.725,129.006,141.679,137.929,143.11,138.966,138.899
1690.3,127.895,136.736,140.693,129.006,141.679,137.963,143.048,138.932,138.866
1690.4,127.895,136.667,140.725,129.006,141.774,137.929,143.079,138.932,138.899
1690.5,127.935,136.702,140.725,129.045,141.679,137.929,143.048,138.833,138.899
1690.6,127.895,136.702,140.725,129.045,141.742,137.929,143.048,138.966,138.932
1690.7,127.895,136.702,140.725,129.045,141.711,137.929,143.018,138.966,138.899
1690.8,127.935,136.667,140.725,129.085,141.648,137.997,143.048,138.932,138.899
1690.9,127.855,136.702,140.725,129.006,141.679,137.963,143.079,138.966,138.866
1691.0,127.815,136.736,140.725,129.006,141.711,137.929,143.079,138.932,138.932
1691.1,127.895,136.702,140.822,129.006,141.711,137.963,143.048,138.932,138.899
1691.2,127.895,136.736,140.725,129.085,141.679,137.929,143.048,138.932,138.899
1691.3,127.855,136.736,140.725,129.006,141.742,137.997,143.048,138.999,138.899
1691.4,127.895,136.839,140.79,129.045,141.679,137.963,143.079,138.966,138.932
1691.5,127.895,136.736,140.758,129.124,141.679,137.929,143.048,138.966,138.899
1691.6,127.935,136.736,140.725,129.006,141.711,137.963,143.048,138.999,138.966
1691.7,127.895,136.805,140.725,129.045,141.742,137.963,143.048,138.966,138.932
1691.8,127.975,136.771,140.725,129.045,141.679,137.929,143.018,138.999,138.899
1691.9,127.895,136.805,140.725,129.085,141.711,137.963,143.048,138.966,138.899
1692.0,127.935,136.736,140.725,129.045,141.648,137.929,143.048,138.966,138.899
1692.1,127.935,136.771,140.822,129.045,141.711,137.963,143.048,138.932,138.932
1692.2,127.935,136.771,140.725,129.085,141.679,137.896,143.048,138.999,138.966
1692.3,127.895,136.771,140.758,129.085,141.805,137.929,143.048,138.932,138.966
1692.4,127.895,136.633,140.79,129.045,141.711,137.963,143.079,138.932,138.932
1692.5,127.895,136.771,140.725,129.045,141.711,137.997,143.048,138.999,138.932
1692.6,127.895,136.805,140.725,129.006,141.679,137.963,143.079,138.966,138.932
1692.7,127.895,136.805,140.758,129.085,141.742,137.929,143.079,138.966,138.932
1692.8,127.935,136.805,140.725,129.085,141.774,137.963,143.048,138.999,138.932
1692.9,127.895,136.805,140.758,129.085,141.774,137.997,143.048,138.966,138.899
1693.0,127.895,136.839,140.725,129.085,141.711,137.963,143.048,138.966,138.932
1693.1,127.895,136.771,140.725,129.124,141.774,137.963,143.079,138.966,138.966
1693.2,127.975,136.874,140.79,129.163,141.711,137.963,143.048,138.932,138.932
1693.3,127.935,136.771,140.758,129.085,141.742,137.896,143.11,138.966,138.932
1693.4,127.895,136.874,140.758,129.085,141.837,137.997,143.048,138.966,138.932
1693.5,127.895,136.874,140.758,129.124,141.837,137.963,143.079,138.999,138.932
1693.6,127.935,136.839,140.725,129.085,141.742,137.929,143.079,138.966,138.932
1693.7,127.895,136.839,140.758,129.085,141.774,137.963,142.956,138.966,139.032
1693.8,127.895,136.839,140.693,129.202,141.742,137.997,143.079,138.966,138.999
1693.9,127.855,136.874,140.725,129.085,141.805,137.963,143.079,138.932,138.966
1694.0,127.895,136.908,140.693,129.163,141.774,137.997,143.048,138.999,138.966
1694.1,127.975,136.874,140.758,129.124,141.805,137.963,143.048,138.966,138.932
1694.2,127.935,136.874,140.758,129.124,141.742,137.963,143.079,138.966,138.966
1694.3,127.935,136.908,140.758,129.163,141.774,137.997,143.048,138.999,138.966
1694.4,127.975,136.908,140.758,129.085,141.805,137.963,143.048,139.131,138.966
1694.5,127.895,136.874,140.725,129.163,141.711,137.929,143.079,138.999,138.966
1694.6,127.935,136.874,140.758,129.163,141.805,137.997,143.079,138.966,138.999
1694.7,127.855,136.839,140.725,129.124,141.805,137.963,143.079,138.966,138.999
1694.8,127.975,136.874,140.725,129.124,141.805,137.963,143.11,138.999,138.966
1694.9,127.895,136.943,140.758,129.124,141.805,137.963,143.079,138.966,139.131
1695.0,127.975,136.943,140.725,129.124,141.774,137.963,143.079,138.966,138.999
1695.1,127.935,136.874,140.758,129.163,141.837,137.997,143.11,139.032,138.999
1695.2,127.895,136.908,140.758,129.163,141.837,137.963,143.048,138.966,138.999
1695.3,127.935,136.874,140.79,128.967,141.805,137.997,143.048,138.999,139.032
1695.4,127.895,136.908,140.758,129.124,141.805,137.963,143.048,139.032,138.966
1695.5,127.935,136.908,140.725,129.124,141.774,137.963,143.048,138.999,138.932
1695.6,128.055,136.908,140.758,129.124,141.868,138.031,143.048,139.032,138.966
1695.7,127.975,136.908,140.79,129.202,141.837,137.963,143.048,139.032,138.966
1695.8,127.935,136.977,140.758,129.241,141.868,137.997,143.079,138.999,138.966
1695.9,127.975,136.943,140.758,129.202,141.837,137.963,143.079,139.065,138.966
1696.0,128.015,136.908,140.725,129.163,141.899,138.031,143.079,138.999,138.966
1696.1,127.935,137.011,140.758,129.281,141.805,137.997,143.11,138.999,138.999
1696.2,128.015,136.943,140.758,129.163,141.837,137.963,143.079,139.032,138.999
1696.3,127.975,136.943,140.725,129.202,141.805,137.963,143.079,138.999,138.966
1696.4,127.975,136.977,140.725,129.163,141.837,137.997,143.048,139.032,138.966
1696.5,127.895,136.977,140.725,129.163,141.837,137.963,143.018,139.032,139.032
1696.6,127.935,136.943,140.79,129.124,141.868,138.031,142.987,138.999,138.966
1696.7,127.935,136.943,140.79,129.202,141.837,137.862,143.079,138.999,139.032
1696.8,127.935,137.045,140.725,129.202,141.837,137.997,143.11,138.999,138.999
1696.9,127.975,137.045,140.758,129.202,141.805,137.963,143.018,139.032,138.999
1697.0,128.015,137.011,140.758,129.202,141.837,137.997,143.141,139.098,138.999
1697.1,127.975,136.977,140.758,129.163,141.837,137.963,143.018,138.999,138.999
1697.2,127.975,137.011,140.79,129.163,141.868,137.963,143.048,139.032,138.966
1697.3,127.935,137.011,140.725,129.202,141.837,137.963,143.141,138.999,138.966
1697.4,127.935,137.011,140.758,129.202,141.868,138.031,143.048,139.032,138.999
1697.5,127.935,137.011,140.725,129.241,141.868,137.963,143.048,139.032,138.999
1697.6,127.975,137.045,140.758,129.202,141.805,138.031,143.079,139.032,138.966
1697.7,127.935,137.08,140.758,129.281,141.868,137.997,143.079,139.032,139.032
1697.8,127.935,137.011,140.758,129.202,141.899,137.997,143.048,139.065,138.999
1697.9,127.975,137.011,140.758,129.202,141.837,137.963,143.079,138.999,139.032
1698.0,127.935,137.045,140.79,129.281,141.837,137.963,143.11,139.032,139.065
1698.1,127.975,137.045,140.725,129.202,141.868,137.997,143.079,138.999,138.999
1698.2,127.975,137.08,140.725,129.241,141.899,138.031,143.079,138.999,138.999
1698.3,128.015,137.08,140.758,129.241,141.837,137.997,143.079,139.032,138.999
1698.4,127.975,137.011,140.758,129.241,141.868,137.963,143.079,139.098,138.999
1698.5,128.015,137.08,140.725,129.163,141.868,137.997,143.048,138.999,138.999
1698.6,127.975,137.08,140.79,129.241,141.868,137.997,143.079,139.032,138.966
1698.7,127.935,137.216,140.758,129.241,141.868,138.031,143.079,139.065,139.032
1698.8,127.975,137.045,140.725,129.241,141.899,137.997,143.11,138.966,138.999
1698.9,128.015,137.08,140.79,129.241,141.837,137.963,142.987,139.065,138.999
1699.0,127.975,137.08,140.79,129.202,141.899,137.997,143.079,139.032,139.098
1699.1,127.975,137.08,140.758,129.241,141.962,137.997,143.048,139.065,138.966
1699.2,128.055,137.114,140.758,129.202,141.931,137.963,143.079,139.032,138.999
1699.3,127.975,137.08,140.79,129.202,141.899,137.997,143.079,139.098,139.032
1699.4,128.055,137.08,140.758,129.241,141.899,137.997,143.11,139.032,139.032
1699.5,127.975,137.114,140.79,129.241,141.931,137.963,143.048,139.032,139.065
1699.6,127.975,137.08,140.79,129.241,141.931,137.997,143.079,139.032,139.032
1699.7,127.975,137.114,140.79,129.241,141.899,137.929,143.11,139.032,138.999
1699.8,127.975,137.114,140.79,129.241,141.931,137.963,143.079,139.131,138.999
1699.9,128.055,137.114,140.758,129.241,141.868,137.997,143.048,139.032,139.032
1700.0,127.975,137.148,140.725,129.32,141.931,137.997,143.11,139.032,139.032
1700.1,128.015,137.114,140.758,129.241,141.931,137.997,143.048,139.065,138.999
1700.2,128.015,137.148,140.822,129.241,141.931,138.031,143.079,139.032,138.999
1700.3,127.935,137.148,140.822,129.32,141.931,137.963,143.141,139.032,139.032
1700.4,128.015,137.148,140.79,129.32,141.931,137.997,143.11,139.098,139.032
1700.5,127.975,137.148,140.758,129.281,141.962,137.997,143.079,139.065,138.999
1700.6,128.015,137.182,140.758,129.32,141.931,137.997,143.079,139.098,139.032
1700.7,128.055,137.148,140.79,129.281,141.962,137.997,143.048,139.098,138.999
1700.8,127.935,137.148,140.758,129.241,141.962,137.997,143.018,139.065,139.032
1700.9,128.055,137.148,140.758,129.32,141.962,138.031,143.141,139.065,139.065
1701.0,128.055,137.114,140.79,129.281,141.962,137.997,143.079,139.065,139.032
1701.1,128.055,137.148,140.79,129.241,141.931,137.963,143.141,139.065,139.065
1701.2,128.055,137.182,140.758,129.241,141.962,137.997,143.079,139.098,139.032
1701.3,128.055,137.182,140.79,129.32,141.962,138.031,143.11,139.065,139.065
1701.4,127.975,137.216,140.758,129.241,141.962,138.031,143.079,139.065,139.065
1701.5,127.895,137.148,140.79,129.359,141.962,137.963,143.079,139.131,139.065
1701.6,128.015,137.182,140.822,129.281,142.119,138.031,143.11,139.065,139.032
1701.7,128.055,137.182,140.758,129.32,141.994,138.031,143.048,139.098,138.999
1701.8,128.015,137.216,140.693,129.241,141.994,138.031,143.048,138.999,139.065
1701.9,128.015,137.114,140.822,129.32,141.962,138.098,143.11,139.065,139.098
1702.0,127.935,137.216,140.822,129.281,141.994,137.997,143.079,139.065,139.032
1702.1,128.015,137.216,140.725,129.32,141.962,137.997,143.079,139.065,138.999
1702.2,128.015,137.182,140.79,129.202,141.994,137.963,143.079,139.065,139.032
1702.3,128.015,137.216,140.79,129.359,141.994,138.031,143.048,139.065,139.065
1702.4,128.015,137.216,140.758,129.359,141.931,138.031,143.079,139.098,138.999
1702.5,128.055,137.251,140.854,129.32,141.868,137.997,143.079,139.065,139.032
1702.6,128.015,137.182,140.758,129.32,141.931,137.997,143.048,139.065,139.032
1702.7,128.015,137.251,140.758,129.32,142.025,137.997,143.11,139.065,139.065
1702.8,128.015,137.285,140.758,129.32,141.962,137.997,143.11,139.098,138.999
1702.9,127.975,137.216,140.758,129.32,141.994,138.064,143.079,139.032,139.032
1703.0,128.015,137.251,140.822,129.359,141.962,137.997,143.11,139.065,139.065
1703.1,128.015,137.182,140.79,129.32,141.994,137.997,143.11,139.032,139.032
1703.2,128.015,137.216,140.79,129.281,141.994,137.997,143.048,139.065,139.065
1703.3,128.015,137.251,140.758,129.281,141.994,138.031,143.079,139.098,139.065
1703.4,128.055,137.216,140.79,129.32,142.087,137.963,143.079,139.032,139.131
1703.5,128.015,137.251,140.79,129.359,142.025,137.997,143.11,139.098,139.065
1703.6,128.015,137.251,140.79,129.32,141.994,138.031,143.079,139.098,139.032
1703.7,127.975,137.251,140.758,129.359,141.994,137.997,143.079,139.065,139.032
1703.8,128.015,137.251,140.758,129.359,141.962,138.031,143.171,139.098,139.065
1703.9,128.015,137.285,140.79,129.515,141.994,138.031,143.079,139.098,139.065
1704.0,128.095,137.251,140.79,129.32,142.025,138.031,143.11,139.098,139.131
1704.1,128.055,137.285,140.758,129.32,142.025,137.997,143.11,139.065,139.032
1704.2,127.975,137.216,140.79,129.359,142.025,138.031,143.079,139.065,139.065
1704.3,128.055,137.319,140.79,129.359,141.994,137.963,143.018,139.065,139.032
1704.4,128.015,137.285,140.79,129.359,142.056,137.997,143.079,139.065,139.065
1704.5,128.015,137.319,140.79,129.32,142.025,137.997,143.079,139.065,139.032
1704.6,128.055,137.387,140.79,129.359,142.025,137.997,143.11,139.098,139.065
1704.7,128.055,137.319,140.822,129.359,142.025,138.031,143.079,139.098,139.098
1704.8,128.095,137.319,140.79,129.32,142.025,137.997,143.079,139.098,139.032
1704.9,128.055,137.319,140.822,129.359,141.994,138.064,143.079,139.098,139.065
1705.0,128.015,137.285,140.822,129.398,142.025,138.031,143.079,139.098,139.065
1705.1,128.055,137.285,140.79,129.398,142.056,137.963,143.141,139.098,139.065
1705.2,128.095,137.319,140.79,129.359,142.025,138.031,143.141,139.098,139.098
1705.3,128.055,137.319,140.725,129.32,142.087,137.963,143.048,139.098,139.065
1705.4,128.015,137.319,140.822,129.32,141.994,138.031,143.11,139.098,139.098
1705.5,128.015,137.387,140.79,129.398,142.056,138.031,143.141,139.131,139.065
1705.6,127.975,137.285,140.758,129.437,142.056,138.031,143.11,139.098,139.098
1705.7,128.095,137.319,140.79,129.32,142.087,137.997,143.11,139.098,139.098
1705.8,128.015,137.387,140.725,129.437,141.899,138.031,143.171,139.098,139.098
1705.9,128.055,137.353,140.758,129.437,142.056,138.031,143.141,139.131,139.098
1706.0,128.015,137.387,140.79,129.398,142.056,138.031,143.11,139.164,139.065
1706.1,128.015,137.353,140.758,129.437,142.056,138.031,143.141,139.131,139.098
1706.2,128.055,137.353,140.758,129.359,141.962,138.031,143.11,139.098,139.098
1706.3,128.055,137.421,140.79,129.437,142.025,138.098,143.079,139.098,139.065
1706.4,128.055,137.353,140.758,129.398,142.056,138.031,143.11,139.131,139.032
1706.5,128.015,137.353,140.758,129.398,142.056,138.064,143.11,139.164,139.065
1706.6,128.055,137.421,140.758,129.437,142.056,138.031,143.079,139.131,139.131
1706.7,128.055,137.387,140.822,129.398,142.087,137.997,143.079,139.098,139.131
1706.8,128.055,137.387,140.822,129.437,142.119,138.031,143.11,139.065,139.098
1706.9,128.015,137.421,140.79,129.671,142.056,137.997,143.079,139.065,139.032
1707.0,128.055,137.387,140.79,129.437,142.087,138.031,143.079,139.098,139.098
1707.1,128.095,137.421,140.79,129.398,142.087,137.963,143.11,139.098,139.164
1707.2,128.055,137.387,140.79,129.437,142.087,138.098,143.11,139.098,139.098
1707.3,128.095,137.421,140.758,129.437,142.056,138.031,143.11,139.164,139.098
1707.4,128.055,137.387,140.822,129.32,142.056,138.031,143.11,139.164,139.197
1707.5,128.055,137.387,140.822,129.437,142.087,138.031,143.079,139.098,139.131
1707.6,128.055,137.387,140.822,129.437,142.087,138.031,143.141,139.098,139.065
1707.7,128.055,137.421,140.822,129.398,142.056,137.963,143.079,139.131,139.164
1707.8,128.015,137.455,140.822,129.476,142.087,138.031,143.079,139.131,139.098
1707.9,128.055,137.421,140.79,129.437,142.087,138.031,143.079,139.131,139.065
1708.0,128.015,137.421,140.822,129.398,142.087,138.064,143.11,139.164,139.032
1708.1,128.055,137.421,140.79,129.398,142.087,138.132,143.11,139.098,139.164
1708.2,128.055,137.421,140.79,129.476,142.119,138.031,143.11,139.131,139.098
1708.3,128.055,137.455,140.79,129.476,142.119,138.031,143.048,139.131,139.098
1708.4,128.055,137.421,140.822,129.437,142.087,137.997,143.048,139.131,139.098
1708.5,128.135,137.489,140.822,129.437,142.087,138.064,143.141,139.131,139.032
1708.6,128.095,137.421,140.822,129.437,142.087,138.031,143.079,139.164,139.098
1708.7,128.135,137.455,140.79,129.437,142.15,138.031,143.079,139.131,139.098
1708.8,128.055,137.455,140.758,129.398,142.119,138.031,143.079,139.131,139.098
1708.9,128.055,137.455,140.79,129.437,142.119,138.064,143.079,139.164,139.098
1709.0,128.095,137.421,140.79,129.476,142.119,138.031,142.987,139.296,139.098
1709.1,128.095,137.523,140.854,129.437,142.087,138.031,143.11,139.065,139.131
1709.2,128.055,137.523,140.79,129.476,142.119,138.031,143.079,139.131,139.164
1709.3,128.095,137.421,140.822,129.476,142.15,138.031,143.079,139.164,139.098
1709.4,128.095,137.489,140.822,129.437,142.15,138.064,143.079,139.131,139.131
1709.5,128.135,137.625,140.822,129.476,142.119,138.031,143.141,139.164,139.098
1709.6,128.095,137.455,140.822,129.515,142.15,138.031,143.048,139.131,139.065
1709.7,128.095,137.421,140.822,129.554,142.212,138.098,143.079,139.131,139.098
1709.8,128.095,137.455,140.854,129.476,142.181,138.031,143.11,139.164,139.098
1709.9,128.055,137.489,140.79,129.476,142.181,138.064,143.079,139.164,139.098
1710.0,128.135,137.455,140.822,129.437,142.119,138.031,143.11,139.164,139.131
1710.1,128.095,137.489,140.79,129.554,142.244,138.031,143.11,139.164,139.131
1710.2,128.055,137.489,140.79,129.476,142.15,138.064,143.11,139.164,139.164
1710.3,128.135,137.523,140.79,129.437,142.15,138.031,143.141,139.131,139.131
1710.4,128.095,137.523,140.79,129.476,142.181,138.199,143.079,139.131,139.131
1710.5,128.095,137.489,140.822,129.515,142.056,138.031,143.11,139.098,139.197
1710.6,128.175,137.523,140.918,129.476,142.15,138.064,143.11,139.131,139.098
1710.7,128.095,137.489,140.79,129.476,142.15,138.031,143.079,139.197,139.131
1710.8,128.135,137.523,140.822,129.476,142.181,138.064,143.048,139.131,139.131
1710.9,128.135,137.591,140.79,129.554,142.181,138.031,143.11,139.197,139.131
1711.0,128.095,137.523,140.854,129.476,142.244,138.031,143.11,139.131,139.131
1711.1,128.095,137.523,140.79,129.515,142.15,138.031,143.171,139.197,139.131
1711.2,128.055,137.523,140.79,129.476,142.244,138.064,143.11,139.164,139.197
1711.3,128.055,137.557,140.822,129.515,142.212,138.064,143.11,139.164,139.164
1711.4,128.095,137.557,140.79,129.476,142.181,137.963,143.141,139.197,139.164
1711.5,128.095,137.523,140.822,129.515,142.275,138.064,143.11,139.131,139.131
1711.6,128.095,137.557,140.822,129.515,142.212,138.064,143.11,139.131,139.131
1711.7,128.135,137.557,140.822,129.515,142.275,138.098,143.11,139.131,139.131
1711.8,128.095,137.557,140.79,129.515,142.212,137.997,143.141,139.197,139.131
1711.9,128.095,137.591,140.854,129.515,142.212,138.031,143.079,139.164,139.197
1712.0,128.135,137.591,140.79,129.554,142.181,138.031,143.171,139.197,139.164
1712.1,128.135,137.591,140.854,129.515,142.212,138.064,143.11,139.164,139.131
1712.2,128.135,137.489,140.918,129.515,142.212,138.064,143.11,139.131,139.197
1712.3,128.095,137.625,140.79,129.554,142.181,138.031,143.11,139.164,139.131
1712.4,128.055,137.557,140.79,129.515,142.181,137.997,143.171,139.164,139.263
1712.5,128.135,137.591,140.822,129.554,142.181,138.064,143.141,139.164,139.164
1712.6,128.135,137.557,140.822,129.554,142.244,138.064,143.11,139.164,139.164
1712.7,128.135,137.557,140.822,129.554,142.244,138.064,143.079,139.197,139.164
1712.8,128.055,137.523,140.822,129.554,142.181,138.132,143.171,139.164,139.23
1712.9,128.055,137.557,140.79,129.554,142.244,138.064,143.11,139.197,139.164
1713.0,128.135,137.591,140.758,129.554,142.087,138.132,143.11,139.164,139.131
1713.1,128.095,137.591,140.822,129.593,142.212,138.031,143.11,139.131,139.164
1713.2,128.095,137.591,140.79,129.554,142.212,138.031,143.079,139.131,139.164
1713.3,128.135,137.591,140.854,129.515,142.181,138.064,143.079,139.197,139.164
1713.4,128.135,137.625,140.822,129.554,142.212,138.098,143.11,139.197,139.197
1713.5,128.095,137.591,140.79,129.515,142.212,137.963,143.11,139.197,139.164
1713.6,128.175,137.591,140.822,129.554,142.212,138.064,143.079,139.164,139.197
1713.7,128.135,137.625,140.822,129.671,142.212,138.132,143.079,139.164,139.131
1713.8,128.095,137.591,140.822,129.593,142.244,138.098,143.141,139.197,139.197
1713.9,128.135,137.659,140.79,129.593,142.244,138.064,143.11,139.164,139.164
1714.0,128.135,137.625,140.79,129.593,142.244,138.098,143.048,139.164,139.23
1714.1,128.095,137.625,140.79,129.554,142.212,138.064,143.079,139.197,139.164
1714.2,128.135,137.659,140.822,129.554,142.275,138.064,143.11,139.197,139.164
1714.3,128.055,137.693,140.79,129.671,142.275,138.064,143.079,139.23,139.164
1714.4,128.175,137.625,140.854,129.515,142.275,138.064,143.079,139.197,139.164
1714.5,128.135,137.659,140.79,129.554,142.212,138.064,143.11,139.23,139.197
1714.6,128.175,137.625,140.854,129.593,142.244,138.064,143.141,139.164,139.164
1714.7,128.095,137.625,140.822,129.554,142.275,138.064,143.048,139.197,139.197
1714.8,128.135,137.693,140.79,129.593,142.275,138.064,143.11,139.23,139.164
1714.9,128.135,137.659,140.79,129.632,142.244,138.098,143.079,139.197,139.23
1715.0,128.175,137.693,140.854,129.554,142.275,138.064,143.11,139.164,139.164
1715.1,128.095,137.659,140.822,129.632,142.275,138.064,143.079,139.197,139.164
1715.2,128.135,137.693,140.822,129.593,142.244,138.098,143.11,139.197,139.164
1715.3,128.095,137.659,140.822,129.593,142.244,138.031,143.079,139.197,139.164
1715.4,128.135,137.693,140.822,129.593,142.244,138.098,143.079,139.263,139.164
1715.5,128.135,137.693,140.822,129.632,142.275,138.165,143.11,139.197,139.197
1715.6,128.135,137.693,140.822,129.593,142.275,138.064,143.141,139.197,139.131
1715.7,128.135,137.761,140.79,129.593,142.244,138.098,143.171,139.197,139.23
1715.8,128.175,137.693,140.822,129.593,142.275,138.098,143.11,139.23,139.164
1715.9,128.135,137.693,140.822,129.554,142.244,138.098,143.11,139.23,139.23
1716.0,128.175,137.727,140.758,129.593,142.275,138.064,143.079,139.23,139.23
1716.1,128.175,137.693,140.822,129.632,142.275,137.997,143.141,139.23,139.23
1716.2,128.135,137.693,140.822,129.593,142.244,138.098,143.079,139.263,139.197
1716.3,128.175,137.693,140.822,129.593,142.337,138.098,143.11,139.197,139.263
1716.4,128.175,137.659,140.822,129.593,142.275,138.132,143.11,139.197,139.164
1716.5,128.135,137.727,140.822,129.593,142.275,138.132,143.048,139.23,139.263
1716.6,128.135,137.727,140.822,129.593,142.306,138.064,143.171,139.197,139.23
1716.7,128.135,137.693,140.822,129.554,142.306,138.064,143.171,139.197,139.197
1716.8,128.135,137.727,140.822,129.632,142.275,138.098,143.141,139.23,139.197
1716.9,128.135,137.727,140.886,129.632,142.275,138.132,143.079,139.197,139.197
1717.0,128.175,137.727,140.854,129.632,142.306,138.064,143.11,139.23,139.197
1717.1,128.214,137.761,140.822,129.632,142.399,138.165,143.11,139.197,139.197
1717.2,128.135,137.727,140.854,129.71,142.306,138.098,143.141,139.23,139.23
1717.3,128.175,137.727,140.918,129.593,142.306,138.098,143.079,139.263,139.197
1717.4,128.135,137.794,140.822,129.593,142.337,138.098,143.141,139.23,139.23
1717.5,128.135,137.761,140.822,129.632,142.337,138.098,143.11,139.263,139.197
1717.6,128.214,137.761,140.79,129.632,142.306,138.098,143.11,139.23,139.197
1717.7,128.135,137.761,140.854,129.671,142.306,138.098,143.11,139.23,139.197
1717.8,128.175,137.727,140.79,129.632,142.337,138.098,143.141,139.23,139.263
1717.9,128.175,137.794,140.854,129.593,142.337,138.098,143.11,139.23,139.23
1718.0,128.254,137.761,140.822,129.671,142.399,138.098,143.141,139.197,139.23
1718.1,128.214,137.794,140.822,129.515,142.368,138.098,143.141,139.23,139.23
1718.2,128.135,137.761,140.854,129.632,142.306,138.165,143.11,139.23,139.197
1718.3,128.135,137.794,140.693,129.632,142.337,138.132,143.11,139.263,139.23
1718.4,128.175,137.794,140.854,129.71,142.337,138.098,143.11,139.23,139.197
1718.5,128.175,137.794,140.822,129.71,142.337,138.098,143.079,139.329,139.263
1718.6,128.214,137.761,140.822,129.632,142.306,138.098,143.171,139.23,139.263
1718.7,128.175,137.794,140.822,129.671,142.337,138.098,143.141,139.197,139.164
1718.8,128.214,137.794,140.854,129.71,142.368,138.098,143.202,139.197,139.263
1718.9,128.175,137.761,140.854,129.632,142.337,138.098,143.11,139.23,139.197
1719.0,128.135,137.794,140.822,129.632,142.399,138.064,143.141,139.296,139.23
1719.1,128.135,137.794,140.822,129.671,142.337,138.098,143.11,139.263,139.23
1719.2,128.175,137.794,140.854,129.671,142.337,137.997,143.11,139.263,139.263
1719.3,128.135,137.828,140.854,129.71,142.368,138.098,143.079,139.23,139.197
1719.4,128.175,137.862,140.822,129.671,142.43,138.098,143.141,139.263,139.23
1719.5,128.135,137.828,140.822,129.749,142.368,138.098,143.11,139.23,139.23
1719.6,128.135,137.828,140.854,129.671,142.368,138.064,143.171,139.23,139.197
1719.7,128.254,137.862,140.822,129.671,142.368,138.098,143.141,139.263,139.197
1719.8,128.175,137.862,140.822,129.671,142.337,138.098,143.202,139.23,139.23
1719.9,128.175,137.862,140.854,129.749,142.337,138.064,143.079,139.23,139.263
1720.0,128.175,137.862,140.79,129.671,142.368,138.098,143.048,139.263,139.23
1720.1,128.175,137.828,140.918,129.71,142.399,138.098,143.141,139.23,139.23
1720.2,128.175,137.862,140.854,129.671,142.399,138.098,143.11,139.263,139.23
1720.3,128.214,137.828,140.854,129.671,142.368,138.132,143.171,139.23,139.362
1720.4,128.254,137.828,140.822,129.71,142.368,138.098,143.11,139.23,139.197
1720.5,128.175,137.896,140.822,129.71,142.399,138.165,143.11,139.23,139.263
1720.6,128.214,137.896,140.822,129.749,142.43,138.064,143.141,139.263,139.164
1720.7,128.135,137.862,140.79,129.71,142.368,138.098,143.079,139.296,139.263
1720.8,128.214,137.896,140.822,129.749,142.399,138.098,143.171,139.263,139.23
1720.9,128.175,137.862,140.822,129.749,142.368,138.064,143.141,139.296,139.164
1721.0,128.135,137.862,140.854,129.71,142.368,138.064,143.141,139.23,139.296
1721.1,128.175,137.896,140.822,129.71,142.399,138.064,143.11,139.329,139.263
1721.2,128.175,137.862,140.854,129.71,142.43,138.064,143.11,139.263,139.263
1721.3,128.175,137.828,140.822,129.71,142.368,138.098,143.11,139.296,139.23
1721.4,128.175,137.862,140.822,129.749,142.399,138.098,143.202,139.296,139.296
1721.5,128.214,137.862,140.822,129.787,142.43,138.098,143.048,139.296,139.23
1721.6,128.214,137.896,140.854,129.671,142.43,138.098,143.171,139.263,139.23
1721.7,128.175,137.896,140.886,129.71,142.399,138.098,143.141,139.263,139.23
1721.8,128.254,137.963,140.854,129.749,142.399,138.098,143.11,139.23,139.296
1721.9,128.294,137.896,140.822,129.71,142.368,138.132,143.11,139.263,139.263
1722.0,128.175,137.929,140.822,129.71,142.462,138.098,143.141,139.23,139.263
1722.1,128.175,137.896,140.854,129.632,142.399,138.064,143.11,139.263,139.23
1722.2,128.175,137.896,140.822,129.787,142.399,138.098,143.11,139.23,139.263
1722.3,128.214,137.929,140.822,129.787,142.43,138.098,143.11,139.362,139.263
1722.4,128.214,137.929,140.886,129.71,142.399,138.098,143.11,139.23,139.296
1722.5,128.214,137.929,140.822,129.749,142.524,138.132,143.141,139.263,139.263
1722.6,128.214,137.929,140.854,129.749,142.462,138.132,143.171,139.296,139.263
1722.7,128.175,137.929,140.79,129.749,142.399,138.098,143.141,139.263,139.23
1722.8,128.214,137.929,140.95,129.71,142.399,138.132,143.11,139.263,139.296
1722.9,128.214,137.929,140.822,129.71,142.462,138.098,143.11,139.263,139.296
1723.0,128.254,137.929,140.854,129.71,142.462,138.232,143.11,139.263,139.263
1723.1,128.175,137.929,140.854,129.749,142.399,138.098,143.11,139.197,139.296
1723.2,128.175,137.963,140.854,129.749,142.43,138.098,143.11,139.263,139.263
1723.3,128.214,137.929,140.822,129.787,142.493,138.132,143.141,139.296,139.296
1723.4,128.214,137.929,140.854,129.787,142.43,138.266,143.141,139.263,139.263
1723.5,128.214,137.963,140.822,129.787,142.462,138.132,143.171,139.296,139.263
1723.6,128.214,137.997,140.854,129.749,142.493,138.132,143.141,139.296,139.296
1723.7,128.214,137.963,140.918,129.749,142.399,138.165,143.171,139.296,139.329
1723.8,128.214,137.963,140.854,129.749,142.43,138.098,143.171,139.263,139.263
1723.9,128.254,137.963,140.95,129.787,142.462,138.132,143.141,139.296,139.263
1724.0,128.214,137.963,140.854,129.787,142.462,138.098,143.11,139.23,139.329
1724.1,128.214,137.963,140.854,129.826,142.399,138.098,143.141,139.362,139.263
1724.2,128.254,137.997,140.886,129.787,142.43,138.098,143.141,139.296,139.329
1724.3,128.214,137.963,140.854,129.787,142.493,138.132,143.11,139.296,139.394
1724.4,128.214,137.929,140.854,129.787,142.43,138.064,143.141,139.263,139.296
1724.5,128.254,137.963,140.854,129.787,142.43,138.132,143.171,139.296,139.263
1724.6,128.214,137.963,140.886,129.787,142.43,138.064,143.141,139.329,139.329
1724.7,128.175,137.929,140.886,129.787,142.462,138.132,143.141,139.329,139.263
1724.8,128.214,137.997,140.886,129.826,142.462,138.165,143.171,139.263,139.296
1724.9,128.214,137.963,140.918,129.787,142.43,138.199,143.079,139.329,139.263
1725.0,128.254,138.031,140.822,129.826,142.43,138.098,143.11,139.263,139.329
1725.1,128.254,137.963,140.886,129.787,142.462,138.199,143.11,139.296,139.329
1725.2,128.175,137.997,140.854,129.787,142.586,138.132,143.141,139.296,139.296
1725.3,128.214,138.031,140.854,129.749,142.462,138.098,143.141,139.296,139.329
1725.4,128.254,138.031,140.886,129.787,142.462,138.098,143.11,139.263,139.263
1725.5,128.214,138.031,140.886,129.787,142.43,138.098,143.171,139.296,139.263
1725.6,128.214,137.997,140.854,129.826,142.462,138.098,143.141,139.296,139.296
1725.7,128.214,138.031,140.886,129.787,142.462,138.132,143.11,139.263,139.296
1725.8,128.254,138.031,140.822,129.787,142.524,138.165,143.141,139.329,139.296
1725.9,128.214,138.098,140.854,129.826,142.43,138.132,143.202,139.263,139.296
1726.0,128.254,138.098,140.886,129.787,142.493,138.098,143.11,139.296,139.296
1726.1,128.214,138.031,140.79,129.826,142.493,138.132,143.141,139.296,139.263
1726.2,128.254,137.997,140.822,129.826,142.462,138.132,143.141,139.296,139.329
1726.3,128.254,138.031,140.854,129.942,142.462,138.098,143.141,139.329,139.23
1726.4,128.254,138.031,140.854,129.865,142.462,138.132,143.141,139.329,139.329
1726.5,128.254,137.997,140.854,129.826,142.493,138.165,143.079,139.362,139.296
1726.6,128.214,137.997,140.854,129.826,142.493,138.165,143.11,139.329,139.296
1726.7,128.254,138.031,140.886,129.826,142.555,138.165,143.141,139.329,139.131
1726.8,128.175,138.098,140.854,129.865,142.493,138.165,143.11,139.263,139.296
1726.9,128.254,138.098,140.854,129.865,142.462,138.165,143.11,139.329,139.329
1727.0,128.214,138.031,140.854,129.787,142.524,138.132,143.171,139.296,139.329
1727.1,128.254,138.098,140.854,129.865,142.462,138.199,143.11,139.362,139.263
1727.2,128.254,138.064,140.886,129.787,142.462,138.132,143.11,139.362,139.263
1727.3,128.254,138.064,140.886,129.865,142.586,138.132,143.11,139.329,139.263
1727.4,128.254,138.098,140.854,129.826,142.586,138.165,143.141,139.296,139.329
1727.5,128.214,138.064,140.918,129.865,142.524,138.132,143.11,139.362,139.296
1727.6,128.214,138.132,140.854,129.865,142.617,138.098,143.11,139.263,139.329
1727.7,128.294,138.064,140.854,129.826,142.524,138.132,143.171,139.329,139.296
1727.8,128.254,138.098,140.886,129.865,142.524,138.132,143.141,139.329,139.296
1727.9,128.254,138.098,140.886,129.787,142.462,138.132,143.11,139.296,139.296
1728.0,128.254,138.064,140.854,129.865,142.555,138.132,143.11,139.296,139.296
1728.1,128.294,138.064,140.854,129.826,142.493,138.199,143.141,139.329,139.296
1728.2,128.254,138.165,140.854,129.826,142.524,138.132,143.11,139.329,139.362
1728.3,128.294,138.132,140.886,129.904,142.555,138.132,143.11,139.296,139.329
1728.4,128.214,138.132,140.854,129.865,142.524,138.132,143.079,139.362,139.296
1728.5,128.254,138.165,140.854,129.865,142.555,138.132,143.141,139.329,139.329
1728.6,128.294,138.064,140.854,129.865,142.524,138.098,143.141,139.329,139.329
1728.7,128.294,138.098,140.854,129.904,142.524,138.098,143.11,139.329,139.329
1728.8,128.254,138.132,140.918,129.865,142.555,138.132,143.171,139.362,139.263
1728.9,128.254,138.132,140.854,129.865,142.524,138.165,143.11,139.362,139.296
1729.0,128.175,138.098,140.854,129.904,142.555,138.098,143.079,139.362,139.263
1729.1,128.294,138.098,140.918,129.865,142.524,138.132,143.141,139.362,139.329
1729.2,128.254,138.165,140.886,129.904,142.524,138.132,143.141,139.296,139.329
1729.3,128.254,138.132,140.886,129.904,142.524,138.132,143.11,139.329,139.263
1729.4,128.254,138.098,140.886,129.826,142.524,138.132,143.141,139.329,139.296
1729.5,128.294,138.165,140.886,129.865,142.555,138.165,143.141,139.329,139.296
1729.6,128.254,138.165,140.886,129.942,142.586,138.199,143.171,139.329,139.329
1729.7,128.254,138.132,140.854,129.942,142.617,138.132,143.171,139.362,139.263
1729.8,128.294,138.132,140.886,129.865,142.524,138.165,143.141,139.329,139.329
1729.9,128.294,138.165,140.886,129.942,142.555,138.165,143.141,139.362,139.329
1730.0,128.214,138.165,140.886,129.904,142.586,138.132,143.141,139.362,139.362
1730.1,128.254,138.199,140.854,129.865,142.555,138.132,143.141,139.329,139.329
1730.2,128.294,138.232,140.886,129.865,142.493,138.165,143.11,139.329,139.329
1730.3,128.254,138.199,140.854,129.904,142.586,138.165,143.202,139.329,139.329
1730.4,128.254,138.299,140.854,129.865,142.586,138.132,143.141,139.329,139.394
1730.5,128.294,138.165,141.013,129.904,142.586,138.199,143.141,139.362,139.329
1730.6,128.254,138.165,140.854,129.904,142.586,138.165,143.171,139.329,139.329
1730.7,128.294,138.199,140.886,129.904,142.586,138.132,143.141,139.362,139.362
1730.8,128.294,138.165,140.854,129.904,142.586,138.232,143.11,139.329,139.329
1730.9,128.334,138.199,140.822,129.981,142.555,138.165,143.11,139.362,139.362
1731.0,128.254,138.199,140.854,129.904,142.586,138.199,143.202,139.427,139.362
1731.1,128.254,138.199,140.886,129.904,142.586,138.132,143.171,139.329,139.329
1731.2,128.254,138.165,140.886,129.942,142.586,138.165,143.141,139.296,139.362
1731.3,128.294,138.232,140.854,130.058,142.586,138.132,143.171,139.394,139.362
1731.4,128.294,138.199,140.886,129.904,142.586,138.165,143.141,139.493,139.329
1731.5,128.254,138.165,140.886,129.942,142.617,138.165,143.202,139.394,139.362
1731.6,128.254,138.165,140.854,129.942,142.555,138.165,143.141,139.329,139.362
1731.7,128.294,138.199,140.918,129.942,142.586,138.132,143.141,139.362,139.329
1731.8,128.294,138.165,140.95,129.904,142.617,138.165,143.171,139.362,139.329
1731.9,128.294,138.299,140.854,129.942,142.586,138.199,143.141,139.362,139.362
1732.0,128.334,138.232,140.886,129.904,142.617,138.132,143.233,139.394,139.362
1732.1,128.294,138.232,140.822,129.942,142.617,138.132,143.171,139.362,139.362
1732.2,128.294,138.199,140.918,129.942,142.648,138.132,143.11,139.362,139.362
1732.3,128.294,138.232,140.886,129.942,142.586,138.132,143.141,139.362,139.329
1732.4,128.334,138.232,140.886,129.981,142.648,138.165,143.141,139.362,139.46
1732.5,128.214,138.266,140.854,129.942,142.586,138.165,143.171,139.362,139.362
1732.6,128.254,138.232,140.918,129.942,142.586,138.165,143.11,139.394,139.329
1732.7,128.294,138.232,140.822,129.981,142.617,138.165,143.141,139.362,139.394
1732.8,128.334,138.232,140.918,129.981,142.648,138.165,143.171,139.329,139.394
1732.9,128.254,138.232,140.886,129.942,142.617,138.165,143.202,139.427,139.394
1733.0,128.334,138.299,140.886,129.942,142.617,138.132,143.171,139.394,139.362
1733.1,128.254,138.199,140.886,129.981,142.617,138.165,143.141,139.329,139.329
1733.2,128.294,138.299,140.918,129.942,142.617,138.165,143.141,139.362,139.362
1733.3,128.294,138.232,140.854,129.981,142.617,138.165,143.171,139.329,139.329
1733.4,128.254,138.266,140.886,129.981,142.617,138.199,143.141,139.394,139.394
1733.5,128.334,138.199,140.918,129.942,142.617,138.132,143.171,139.394,139.329
1733.6,128.254,138.266,140.886,129.942,142.617,138.132,143.141,139.362,139.394
1733.7,128.294,138.299,140.886,129.981,142.617,138.132,143.171,139.394,139.427
1733.8,128.294,138.266,140.886,130.058,142.586,138.199,143.171,139.394,139.362
1733.9,128.374,138.299,140.918,129.942,142.617,138.132,143.171,139.394,139.362
1734.0,128.294,138.299,140.854,130.02,142.617,138.165,143.171,139.394,139.362
1734.1,128.374,138.266,140.886,130.058,142.679,138.199,143.141,139.296,139.394
1734.2,128.334,138.266,140.918,129.981,142.679,138.165,143.141,139.362,139.394
1734.3,128.334,138.232,140.886,130.02,142.648,138.165,143.171,139.394,139.362
1734.4,128.334,138.299,140.886,129.942,142.617,138.165,143.141,139.394,139.296
1734.5,128.294,138.4,140.886,129.981,142.586,138.165,143.11,139.394,139.362
1734.6,128.294,138.299,140.918,129.981,142.617,138.199,143.11,139.394,139.362
1734.7,128.334,138.299,140.918,130.058,142.679,138.165,143.141,139.394,139.362
1734.8,128.334,138.333,140.854,130.02,142.648,138.165,143.141,139.394,139.427
1734.9,128.294,138.333,140.918,129.981,142.679,138.165,143.141,139.362,139.362
1735.0,128.334,138.299,140.886,129.981,142.679,138.165,143.141,139.394,139.329
1735.1,128.334,138.333,140.854,130.02,142.648,138.165,143.141,139.362,139.394
1735.2,128.294,138.333,140.918,130.02,142.648,138.165,143.141,139.394,139.362
1735.3,128.334,138.333,140.918,130.136,142.679,138.165,143.11,139.394,139.394
1735.4,128.334,138.333,140.886,130.02,142.679,138.165,143.141,139.427,139.329
1735.5,128.294,138.333,140.886,130.02,142.586,138.199,143.141,139.427,139.362
1735.6,128.294,138.366,140.886,130.02,142.648,138.165,143.171,139.394,139.362
1735.7,128.334,138.333,140.854,130.02,142.679,138.132,143.141,139.394,139.394
1735.8,128.334,138.4,140.918,130.058,142.648,138.199,143.141,139.394,139.427
1735.9,128.294,138.333,140.854,129.981,142.679,138.165,143.11,139.394,139.394
1736.0,128.334,138.4,140.886,130.058,142.679,138.199,143.171,139.394,139.362
1736.1,128.374,138.366,140.918,129.981,142.679,138.165,143.171,139.427,139.394
1736.2,128.334,138.333,140.918,129.981,142.648,138.165,143.141,139.427,139.394
1736.3,128.334,138.366,140.822,130.02,142.74,138.199,143.11,139.362,139.394
1736.4,128.374,138.333,140.886,130.02,142.709,138.165,143.141,139.427,139.394
1736.5,128.294,138.333,140.886,130.02,142.679,138.199,143.141,139.493,139.394
1736.6,128.374,138.366,140.886,130.02,142.709,138.199,143.263,139.427,139.362
1736.7,128.374,138.366,140.918,130.058,142.709,138.165,143.11,139.394,139.394
1736.8,128.374,138.366,140.918,130.058,142.709,138.165,143.11,139.394,139.427
1736.9,128.413,138.4,140.981,130.02,142.709,138.232,143.171,139.394,139.427
1737.0,128.334,138.4,140.918,130.02,142.679,138.232,143.171,139.427,139.362
1737.1,128.214,138.366,140.79,130.02,142.648,138.165,143.202,139.394,139.394
1737.2,128.413,138.299,140.918,130.136,142.679,138.199,143.141,139.427,139.394
1737.3,128.294,138.366,140.886,130.058,142.709,138.132,143.171,139.46,139.46
1737.4,128.334,138.433,140.854,130.058,142.709,138.232,143.171,139.46,139.46
1737.5,128.374,138.333,140.886,130.058,142.679,138.199,143.171,139.394,139.427
1737.6,128.374,138.433,140.918,130.02,142.679,138.199,143.233,139.427,139.427
1737.7,128.334,138.4,140.918,130.174,142.802,138.165,143.171,139.394,139.394
1737.8,128.374,138.4,140.886,130.058,142.709,138.165,143.171,139.427,139.427
1737.9,128.374,138.467,140.854,130.097,142.709,138.199,143.171,139.394,139.427
1738.0,128.374,138.467,140.886,130.058,142.709,138.199,143.171,139.427,139.427
1738.1,128.374,138.4,140.886,130.058,142.709,138.232,143.171,139.427,139.394
1738.2,128.334,138.433,140.918,130.058,142.771,138.165,143.171,139.427,139.493
1738.3,128.334,138.4,140.918,130.097,142.709,138.165,143.171,139.427,139.362
1738.4,128.334,138.433,140.886,130.058,142.709,138.199,143.171,139.46,139.46
1738.5,128.413,138.433,140.918,130.097,142.74,138.165,143.141,139.394,139.427
1738.6,128.334,138.433,140.886,130.097,142.74,138.199,143.141,139.427,139.394
1738.7,128.334,138.366,140.918,130.097,142.709,138.199,143.171,139.394,139.394
1738.8,128.374,138.5,140.886,130.213,142.709,138.165,143.171,139.394,139.493
1738.9,128.374,138.467,140.886,130.097,142.771,138.165,143.141,139.394,139.46
1739.0,128.413,138.4,140.918,130.136,142.709,138.199,143.171,139.394,139.394
1739.1,128.334,138.467,140.95,130.136,142.709,138.165,143.141,139.46,139.46
1739.2,128.334,138.433,140.918,130.097,142.74,138.199,143.141,139.46,139.427
1739.3,128.374,138.433,140.918,130.097,142.74,138.199,143.171,139.46,139.46
1739.4,128.374,138.433,140.886,130.136,142.74,138.199,143.141,139.394,139.427
1739.5,128.374,138.467,140.918,130.136,142.74,138.132,143.171,139.427,139.394
1739.6,128.374,138.5,140.918,130.251,142.771,138.199,143.171,139.427,139.362
1739.7,128.453,138.533,140.886,130.097,142.771,138.165,143.171,139.46,139.394
1739.8,128.334,138.467,140.918,130.097,142.771,138.199,143.141,139.46,139.362
1739.9,128.374,138.433,140.918,130.097,142.802,138.165,143.141,139.427,139.493
1740.0,128.374,138.467,140.918,130.136,142.771,138.165,143.079,139.46,139.427
1740.1,128.374,138.467,140.918,130.136,142.771,138.165,143.202,139.46,139.427
1740.2,128.334,138.467,140.918,130.136,142.802,138.199,143.141,139.46,139.427
1740.3,128.413,138.4,140.95,130.058,142.771,138.165,143.202,139.493,139.427
1740.4,128.334,138.5,140.918,130.097,142.74,138.165,143.171,139.46,139.427
1740.5,128.374,138.5,140.886,130.136,142.74,138.199,143.171,139.493,139.46
1740.6,128.334,138.467,140.981,130.097,142.771,138.232,143.141,139.46,139.296
1740.7,128.374,138.533,140.918,130.136,142.771,138.232,143.171,139.46,139.46
1740.8,128.413,138.467,140.918,130.097,142.802,138.199,143.171,139.526,139.427
1740.9,128.374,138.467,140.918,130.174,142.709,138.199,143.171,139.46,139.46
1741.0,128.334,138.5,140.886,130.213,142.771,138.266,143.202,139.427,139.46
1741.1,128.413,138.433,140.886,130.136,142.802,138.132,143.141,139.427,139.427
1741.2,128.493,138.533,140.918,130.136,142.771,138.232,143.171,139.427,139.427
1741.3,128.374,138.5,140.981,130.136,142.833,138.199,143.171,139.493,139.427
1741.4,128.374,138.467,140.918,130.174,142.74,138.165,143.141,139.427,139.427
1741.5,128.374,138.5,140.918,130.174,142.771,138.199,143.141,139.427,139.427
1741.6,128.532,138.467,140.918,130.136,142.802,138.266,143.171,139.493,139.46
1741.7,128.374,138.467,140.918,130.136,142.771,138.199,143.171,139.493,139.493
1741.8,128.413,138.5,140.918,130.174,142.802,138.266,143.141,139.558,139.493
1741.9,128.413,138.5,140.918,130.174,142.833,138.199,143.141,139.427,139.46
1742.0,128.413,138.5,140.886,130.136,142.833,138.132,143.171,139.493,139.493
1742.1,128.374,138.533,140.95,130.136,142.771,138.199,143.11,139.526,139.427
1742.2,128.413,138.5,140.886,130.136,142.802,138.232,143.171,139.427,139.427
1742.3,128.413,138.567,140.918,130.136,142.802,138.199,143.171,139.427,139.493
1742.4,128.374,138.533,140.981,130.174,142.802,138.199,143.171,139.46,139.427
1742.5,128.374,138.533,140.886,130.174,142.802,138.232,143.171,139.394,139.46
1742.6,128.453,138.567,140.886,130.136,142.802,138.232,143.171,139.493,139.329
1742.7,128.413,138.533,140.918,130.136,142.679,138.199,143.171,139.46,139.46
1742.8,128.374,138.533,140.886,130.174,142.802,138.199,143.171,139.493,139.46
1742.9,128.374,138.533,140.854,130.136,142.802,138.232,143.202,139.493,139.46
1743.0,128.413,138.5,140.886,130.136,142.771,138.199,143.171,139.46,139.427
1743.1,128.374,138.533,140.918,130.174,142.802,138.232,143.171,139.526,139.427
1743.2,128.413,138.567,140.886,130.213,142.802,138.199,143.263,139.493,139.493
1743.3,128.413,138.533,140.918,130.136,142.74,138.199,143.171,139.427,139.46
1743.4,128.374,138.533,140.918,130.174,142.802,138.165,143.171,139.493,139.46
1743.5,128.374,138.567,140.918,130.174,142.833,138.199,143.171,139.493,139.46
1743.6,128.413,138.5,140.854,130.174,142.802,138.132,143.141,139.493,139.46
1743.7,128.413,138.567,140.886,130.251,142.833,138.165,143.141,139.493,139.46
1743.8,128.413,138.567,140.886,130.213,142.833,138.199,143.171,139.46,139.46
1743.9,128.374,138.567,140.981,130.174,142.864,138.199,143.171,139.46,139.493
1744.0,128.413,138.533,140.918,130.174,142.802,138.199,143.202,139.493,139.493
1744.1,128.374,138.567,140.918,130.251,142.864,138.232,143.171,139.427,139.46
1744.2,128.413,138.567,140.918,130.174,142.864,138.199,143.171,139.493,139.46
1744.3,128.453,138.567,140.918,130.174,142.802,138.199,143.171,139.493,139.493
1744.4,128.413,138.533,140.886,130.251,142.833,138.199,143.11,139.493,139.46
1744.5,128.413,138.567,140.918,130.213,142.895,138.199,143.11,139.46,139.46
1744.6,128.413,138.633,140.918,130.174,142.864,138.199,143.141,139.46,139.493
1744.7,128.374,138.567,140.918,130.251,142.833,138.199,143.171,139.427,139.493
1744.8,128.413,138.567,140.854,130.213,142.833,138.199,143.171,139.493,139.46
1744.9,128.453,138.6,140.95,130.251,142.864,138.199,143.233,139.427,139.493
1745.0,128.413,138.567,140.918,130.213,142.833,138.199,143.202,139.526,139.46
1745.1,128.493,138.5,140.918,130.213,142.833,138.199,143.141,139.46,139.46
1745.2,128.413,138.6,140.918,130.213,142.895,138.199,143.171,139.46,139.526
1745.3,128.413,138.6,140.918,130.174,142.864,138.199,143.141,139.526,139.493
1745.4,128.334,138.6,140.95,130.251,142.802,138.199,143.202,139.493,139.526
1745.5,128.374,138.6,140.918,130.213,142.802,138.199,143.171,139.46,139.558
1745.6,128.413,138.6,141.013,130.213,142.864,138.199,143.171,139.427,139.46
1745.7,128.453,138.633,140.918,130.213,142.895,138.232,143.233,139.46,139.493
1745.8,128.413,138.6,140.95,130.213,142.925,138.199,143.202,139.526,139.46
1745.9,128.413,138.633,140.918,130.251,142.833,138.132,143.171,139.526,139.526
1746.0,128.413,138.6,140.918,130.213,142.802,138.266,143.171,139.558,139.493
1746.1,128.413,138.6,140.981,130.251,142.925,138.199,143.233,139.493,139.493
1746.2,128.413,138.633,140.95,130.213,142.864,138.199,143.171,139.493,139.46
1746.3,128.453,138.633,140.918,130.213,142.925,138.199,143.202,139.558,139.493
1746.4,128.413,138.667,140.918,130.213,142.864,138.232,143.171,139.493,139.526
1746.5,128.413,138.6,140.918,130.213,142.864,138.199,143.171,139.558,139.493
1746.6,128.413,138.633,140.758,130.174,142.833,138.232,143.171,139.493,139.526
1746.7,128.413,138.667,140.95,130.251,142.864,138.232,143.202,139.493,139.493
1746.8,128.413,138.633,140.886,130.213,142.864,138.266,143.171,139.493,139.526
1746.9,128.453,138.667,140.95,130.251,142.895,138.232,143.202,139.493,139.493
1747.0,128.413,138.667,140.918,130.251,142.864,138.299,143.141,139.493,139.46
1747.1,128.413,138.6,140.95,130.29,142.864,138.232,143.263,139.427,139.558
1747.2,128.413,138.7,140.95,130.29,142.895,138.232,143.233,139.493,139.526
1747.3,128.413,138.633,140.95,130.251,142.895,138.199,143.171,139.493,139.394
1747.4,128.493,138.633,140.886,130.213,142.864,138.299,143.202,139.493,139.526
1747.5,128.413,138.633,140.95,130.251,142.956,138.266,143.171,139.558,139.493
1747.6,128.453,138.667,140.918,130.29,142.925,138.199,143.141,139.493,139.46
1747.7,128.413,138.667,140.886,130.29,143.018,138.232,143.141,139.493,139.526
1747.8,128.294,138.733,140.918,130.251,142.895,138.165,143.233,139.526,139.46
1747.9,128.453,138.667,140.918,130.251,142.895,138.199,143.294,139.493,139.493
1748.0,128.493,138.667,140.981,130.251,142.895,138.232,143.171,139.526,139.493
1748.1,128.453,138.667,140.95,130.251,142.895,138.232,143.171,139.526,139.558
1748.2,128.413,138.7,140.95,130.251,142.895,138.232,143.171,139.526,139.493
1748.3,128.493,138.7,140.981,130.251,142.925,138.232,143.202,139.493,139.493
1748.4,128.493,138.7,140.918,130.251,142.895,138.199,143.202,139.493,139.558
1748.5,128.413,138.7,140.918,130.328,142.925,138.232,143.141,139.558,139.526
1748.6,128.453,138.7,140.95,130.251,142.895,138.199,143.202,139.526,139.46
1748.7,128.413,138.667,140.918,130.251,142.925,138.232,143.171,139.526,139.558
1748.8,128.413,138.7,140.95,130.251,142.864,138.266,143.171,139.591,139.362
1748.9,128.453,138.667,140.854,130.29,142.895,138.232,143.171,139.526,139.493
1749.0,128.453,138.733,140.981,130.251,142.895,138.266,143.202,139.493,139.493
1749.1,128.493,138.7,140.918,130.29,142.925,138.232,143.171,139.493,139.526
1749.2,128.453,138.6,140.95,130.29,142.864,138.199,143.202,139.526,139.526
1749.3,128.493,138.633,140.918,130.29,142.925,138.232,143.171,139.526,139.526
1749.4,128.413,138.733,140.918,130.328,142.895,138.232,143.141,139.493,139.526
1749.5,128.453,138.7,140.95,130.29,142.925,138.232,143.141,139.493,139.493
1749.6,128.413,138.733,140.918,130.29,142.864,138.232,143.202,139.493,139.526
1749.7,128.493,138.733,140.981,130.29,142.833,138.232,143.202,139.526,139.558
1749.8,128.334,138.7,140.918,130.29,142.925,138.232,143.233,139.493,139.591
1749.9,128.453,138.7,140.981,130.29,142.956,138.266,143.171,139.558,139.526
1750.0,128.453,138.7,140.95,130.251,142.956,138.232,143.202,139.526,139.526
1750.1,128.413,138.667,140.981,130.29,142.864,138.232,143.171,139.526,139.526
1750.2,128.413,138.733,140.95,130.29,142.956,138.232,143.171,139.46,139.526
1750.3,128.413,138.733,140.918,130.328,142.864,138.232,143.171,139.526,139.493
1750.4,128.453,138.733,140.918,130.29,142.925,138.232,143.202,139.558,139.526
1750.5,128.453,138.733,140.918,130.29,142.895,138.232,143.233,139.427,139.558
1750.6,128.453,138.767,140.981,130.213,142.895,138.232,143.171,139.591,139.526
1750.7,128.453,138.767,140.95,130.328,142.895,138.232,143.171,139.558,139.526
1750.8,128.493,138.733,140.918,130.367,142.925,138.266,143.171,139.493,139.526
1750.9,128.453,138.767,140.95,130.29,142.925,138.232,143.202,139.591,139.526
1751.0,128.453,138.767,140.918,130.328,142.925,138.266,143.141,139.526,139.46
1751.1,128.493,138.767,140.95,130.328,142.925,138.266,143.202,139.526,139.558
1751.2,128.493,138.733,140.918,130.29,142.925,138.232,143.171,139.526,139.526
1751.3,128.453,138.8,140.95,130.328,142.956,138.232,143.171,139.558,139.526
1751.4,128.493,138.833,140.918,130.29,142.925,138.232,143.202,139.558,139.526
1751.5,128.493,138.8,140.886,130.29,142.956,138.199,143.171,139.526,139.526
1751.6,128.493,138.733,140.95,130.328,142.987,138.266,143.202,139.591,139.558
1751.7,128.453,138.833,140.981,130.29,142.925,138.232,143.202,139.558,139.493
1751.8,128.453,138.767,140.95,130.328,142.987,138.266,143.141,139.591,139.526
1751.9,128.453,138.767,140.918,130.367,142.956,138.232,143.171,139.558,139.526
1752.0,128.453,138.767,140.918,130.367,142.925,138.232,143.171,139.558,139.526
1752.1,128.493,138.767,140.981,130.328,143.079,138.199,143.171,139.526,139.558
1752.2,128.532,138.8,140.95,130.367,142.956,138.266,143.171,139.558,139.558
1752.3,128.493,138.767,140.95,130.367,142.956,138.266,143.171,139.558,139.526
1752.4,128.493,138.733,140.95,130.328,142.956,138.232,143.171,139.558,139.591
1752.5,128.453,138.767,140.95,130.328,142.925,138.266,143.171,139.558,139.526
1752.6,128.453,138.767,140.918,130.328,142.956,138.232,143.233,139.558,139.558
1752.7,128.493,138.733,140.95,130.367,142.895,138.232,143.141,139.558,139.591
1752.8,128.413,138.8,140.95,130.405,142.987,138.232,143.233,139.558,139.493
1752.9,128.493,138.8,140.981,130.367,142.987,138.232,143.171,139.526,139.558
1753.0,128.532,138.767,140.918,130.328,142.956,138.232,143.202,139.526,139.526
1753.1,128.532,138.8,140.981,130.405,142.987,138.232,143.202,139.591,139.558
1753.2,128.493,138.833,140.918,130.328,142.956,138.232,143.171,139.624,139.526
1753.3,128.453,138.8,140.95,130.444,142.956,138.299,143.171,139.558,139.591
1753.4,128.493,138.8,140.918,130.328,142.956,138.266,143.171,139.493,139.591
1753.5,128.572,138.767,140.95,130.405,142.956,138.232,143.171,139.558,139.493
1753.6,128.493,138.8,140.981,130.367,142.987,138.299,143.202,139.526,139.624
1753.7,128.453,138.833,140.95,130.367,143.048,138.232,143.171,139.558,139.591
1753.8,128.532,138.866,140.981,130.328,142.956,138.232,143.202,139.558,139.558
1753.9,128.493,138.8,140.95,130.328,142.956,138.232,143.171,139.591,139.558
1754.0,128.493,138.866,140.95,130.367,142.956,138.266,143.171,139.558,139.558
1754.1,128.453,138.899,140.981,130.367,142.987,138.232,143.171,139.558,139.722
1754.2,128.493,138.8,140.95,130.367,143.018,138.266,143.171,139.558,139.558
1754.3,128.453,138.833,140.95,130.367,142.956,138.232,143.171,139.591,139.526
1754.4,128.453,138.833,140.95,130.405,143.048,138.232,143.171,139.558,139.591
1754.5,128.532,138.833,140.95,130.328,142.987,138.232,143.171,139.558,139.591
1754.6,128.493,138.866,140.95,130.367,142.987,138.232,143.202,139.493,139.591
1754.7,128.493,138.833,140.95,130.405,142.987,138.232,143.202,139.689,139.558
1754.8,128.532,138.767,140.95,130.444,142.987,138.266,143.171,139.526,139.558
1754.9,128.532,138.866,140.95,130.367,142.987,138.232,143.171,139.526,139.558
1755.0,128.532,138.866,140.95,130.367,143.079,138.266,143.171,139.558,139.526
1755.1,128.572,138.833,140.918,130.367,142.956,138.232,143.171,139.558,139.493
1755.2,128.532,138.8,140.981,130.367,142.987,138.232,143.202,139.591,139.657
1755.3,128.493,138.866,140.918,130.367,143.018,138.232,143.202,139.591,139.558
1755.4,128.453,138.866,140.95,130.444,142.987,138.266,143.202,139.624,139.46
1755.5,128.413,138.833,140.918,130.444,142.987,138.199,143.171,139.558,139.558
1755.6,128.493,138.833,140.95,130.405,142.987,138.299,143.233,139.526,139.558
1755.7,128.493,138.833,140.981,130.405,143.048,138.266,143.171,139.558,139.526
1755.8,128.493,138.899,140.981,130.405,142.987,138.266,143.202,139.591,139.558
1755.9,128.532,138.899,140.918,130.367,143.018,138.266,143.171,139.591,139.558
1756.0,128.493,138.899,140.918,130.405,143.048,138.333,143.171,139.558,139.558
1756.1,128.493,138.833,140.918,130.405,142.864,138.232,143.141,139.558,139.526
1756.2,128.493,138.866,140.918,130.444,143.048,138.232,143.171,139.558,139.493
1756.3,128.532,138.899,140.981,130.405,143.048,138.266,143.171,139.657,139.591
1756.4,128.493,138.866,140.981,130.444,143.018,138.266,143.294,139.558,139.558
1756.5,128.493,138.866,140.95,130.405,143.018,138.232,143.079,139.591,139.558
1756.6,128.532,138.899,140.95,130.482,143.018,138.232,143.202,139.558,139.657
1756.7,128.493,138.833,141.013,130.405,143.018,138.199,143.202,139.591,139.591
1756.8,128.572,138.899,140.95,130.405,142.956,138.266,143.233,139.624,139.558
1756.9,128.493,138.899,140.95,130.405,143.079,138.266,143.171,139.558,139.624
1757.0,128.493,138.899,140.95,130.444,143.079,138.299,143.202,139.591,139.591
1757.1,128.532,138.866,140.95,130.444,143.018,138.232,143.233,139.558,139.591
1757.2,128.532,138.899,140.981,130.482,143.018,138.232,143.202,139.591,139.591
1757.3,128.493,138.899,140.95,130.405,142.987,138.266,143.202,139.558,139.591
1757.4,128.453,138.899,140.95,130.52,143.079,138.266,143.202,139.591,139.591
1757.5,128.493,138.899,140.95,130.444,143.048,138.232,143.202,139.689,139.591
1757.6,128.493,138.899,140.95,130.444,143.018,138.299,143.171,139.624,139.624
1757.7,128.532,138.899,140.981,130.405,143.079,138.266,143.202,139.558,139.558
1757.8,128.532,138.899,140.95,130.444,143.048,138.266,143.202,139.558,139.558
1757.9,128.532,138.833,140.918,130.405,143.048,138.299,143.171,139.591,139.558
1758.0,128.493,138.899,140.95,130.367,143.048,138.232,143.202,139.657,139.558
1758.1,128.532,138.899,140.981,130.482,143.048,138.232,143.233,139.591,139.558
1758.2,128.493,138.932,140.95,130.444,143.079,138.232,143.202,139.526,139.591
1758.3,128.493,138.966,140.95,130.444,143.11,138.299,143.11,139.591,139.558
1758.4,128.532,138.932,140.95,130.444,143.079,138.299,143.202,139.591,139.591
1758.5,128.572,138.899,140.918,130.482,143.048,138.266,143.202,139.558,139.558
1758.6,128.532,138.932,141.045,130.444,143.11,138.433,143.202,139.689,139.558
1758.7,128.572,138.932,140.918,130.444,143.048,138.266,143.233,139.591,139.591
1758.8,128.493,138.932,141.013,130.482,143.079,138.266,143.202,139.624,139.624
1758.9,128.572,138.932,140.95,130.444,143.048,138.299,143.171,139.657,139.689
1759.0,128.612,138.966,140.981,130.444,143.048,138.299,143.202,139.591,139.591
1759.1,128.532,138.999,140.981,130.444,143.048,138.232,143.233,139.624,139.624
1759.2,128.532,138.966,140.981,130.444,143.048,138.299,143.171,139.591,139.624
1759.3,128.532,139.065,141.013,130.482,143.079,138.232,143.202,139.591,139.591
1759.4,128.612,138.932,141.013,130.52,143.079,138.366,143.202,139.591,139.558
1759.5,128.532,138.966,140.918,130.482,143.048,138.299,143.202,139.624,139.591
1759.6,128.532,138.932,140.981,130.635,143.079,138.232,143.233,139.591,139.591
1759.7,128.532,138.932,140.95,130.52,143.079,138.299,143.202,139.624,139.722
1759.8,128.572,138.966,140.981,130.444,143.048,138.266,143.233,139.624,139.657
1759.9,128.572,138.966,140.981,130.559,143.171,138.232,143.202,139.624,139.624
1760.0,128.532,138.966,140.981,130.444,143.079,138.366,143.202,139.624,139.591
1760.1,128.651,138.932,140.981,130.52,143.079,138.266,143.233,139.689,139.657
1760.2,128.612,138.966,140.981,130.559,143.11,138.266,143.202,139.591,139.624
1760.3,128.532,138.966,140.95,130.482,143.048,138.299,143.171,139.624,139.591
1760.4,128.532,138.966,141.013,130.482,143.141,138.333,143.171,139.624,139.624
1760.5,128.532,138.999,140.981,130.52,143.079,138.266,143.171,139.624,139.591
1760.6,128.572,138.966,140.95,130.482,143.048,138.333,143.171,139.591,139.657
1760.7,128.532,138.966,140.981,130.482,143.079,138.333,143.202,139.624,139.558
1760.8,128.572,138.932,140.981,130.52,143.079,138.266,143.202,139.624,139.657
1760.9,128.572,139.032,140.95,130.482,143.079,138.299,143.233,139.624,139.591
1761.0,128.572,139.032,140.95,130.482,143.048,138.266,143.233,139.558,139.657
1761.1,128.612,138.999,140.95,130.482,143.11,138.299,143.171,139.624,139.624
1761.2,128.532,138.999,140.981,130.559,143.048,138.266,143.233,139.624,139.591
1761.3,128.572,138.966,140.981,130.52,143.048,138.299,143.233,139.591,139.624
1761.4,128.532,138.999,141.013,130.559,143.11,138.266,143.202,139.624,139.624
1761.5,128.532,139.032,140.981,130.52,143.079,138.266,143.263,139.526,139.657
1761.6,128.572,138.966,140.981,130.482,143.141,138.266,143.202,139.558,139.591
1761.7,128.572,138.999,140.981,130.482,143.11,138.266,143.171,139.624,139.624
1761.8,128.691,139.032,141.013,130.482,143.079,138.266,143.171,139.591,139.558
1761.9,128.572,138.999,140.981,130.482,143.11,138.266,143.171,139.624,139.624
1762.0,128.532,139.065,140.95,130.52,143.079,138.266,143.141,139.591,139.591
1762.1,128.532,138.999,140.854,130.52,143.079,138.266,143.233,139.657,139.657
1762.2,128.532,138.999,140.981,130.52,143.11,138.266,143.171,139.657,139.591
1762.3,128.612,138.966,140.981,130.482,143.11,138.299,143.202,139.624,139.689
1762.4,128.572,138.999,140.95,130.52,143.11,138.299,143.202,139.657,139.657
1762.5,128.572,138.999,141.045,130.52,143.079,138.266,143.171,139.624,139.657
1762.6,128.572,139.032,140.981,130.52,143.11,138.266,143.263,139.624,139.591
1762.7,128.572,139.032,140.981,130.52,143.079,138.266,143.202,139.624,139.624
1762.8,128.572,139.032,140.95,130.52,143.141,138.266,143.202,139.624,139.657
1762.9,128.532,139.032,140.981,130.482,143.141,138.266,143.202,139.624,139.657
1763.0,128.572,138.999,141.013,130.52,143.11,138.266,143.233,139.624,139.624
1763.1,128.532,139.032,140.981,130.597,143.11,138.299,143.233,139.624,139.624
1763.2,128.572,139.032,140.981,130.597,143.141,138.299,143.233,139.657,139.689
1763.3,128.572,139.032,140.981,130.559,143.141,138.266,143.202,139.624,139.624
1763.4,128.532,138.999,140.981,130.52,143.141,138.299,143.202,139.657,139.624
1763.5,128.572,139.032,141.013,130.52,143.11,138.266,143.202,139.657,139.591
1763.6,128.572,139.032,140.981,130.52,143.11,138.266,143.233,139.624,139.624
1763.7,128.532,139.032,140.981,130.559,143.11,138.266,143.233,139.657,139.689
1763.8,128.572,139.032,140.981,130.52,143.079,138.266,143.202,139.624,139.624
1763.9,128.572,138.932,140.981,130.52,143.171,138.232,143.202,139.624,139.624
1764.0,128.572,139.098,140.981,130.444,143.141,138.232,143.233,139.657,139.657
1764.1,128.612,139.065,141.013,130.597,143.202,138.366,143.202,139.591,139.624
1764.2,128.572,139.032,140.918,130.559,143.11,138.266,143.202,139.624,139.624
1764.3,128.572,139.032,140.95,130.52,143.141,138.299,143.202,139.624,139.624
1764.4,128.572,139.065,141.013,130.559,143.141,138.299,143.171,139.657,139.591
1764.5,128.413,139.065,140.95,130.559,143.141,138.266,143.233,139.657,139.624
1764.6,128.572,139.065,140.981,130.559,143.141,138.266,143.202,139.591,139.624
1764.7,128.612,139.032,140.981,130.559,143.141,138.299,143.141,139.657,139.624
1764.8,128.612,139.065,140.981,130.559,143.171,138.266,143.233,139.657,139.624
1764.9,128.612,139.065,140.981,130.559,143.141,138.266,143.263,139.624,139.591
1765.0,128.532,139.032,140.95,130.52,143.141,138.266,143.202,139.591,139.657
1765.1,128.532,139.065,140.981,130.559,143.171,138.299,143.233,139.657,139.624
1765.2,128.532,139.065,140.981,130.52,143.171,138.266,143.233,139.657,139.624
1765.3,128.532,139.032,140.981,130.597,143.11,138.299,143.202,139.657,139.624
1765.4,128.572,139.098,140.981,130.635,143.141,138.266,143.233,139.657,139.624
1765.5,128.651,138.966,140.981,130.559,143.171,138.333,143.202,139.657,139.657
1765.6,128.532,139.131,140.981,130.597,143.171,138.299,143.202,139.591,139.624
1765.7,128.612,139.065,140.981,130.559,143.171,138.266,143.141,139.657,139.624
1765.8,128.572,139.098,140.981,130.635,143.202,138.299,143.202,139.657,139.657
1765.9,128.572,139.065,140.981,130.559,143.171,138.266,143.141,139.624,139.657
1766.0,128.612,139.098,141.013,130.52,143.141,138.266,143.263,139.657,139.689
1766.1,128.572,139.131,140.981,130.559,143.171,138.299,143.202,139.689,139.755
1766.2,128.612,139.098,140.95,130.482,143.141,138.299,143.202,139.657,139.657
1766.3,128.612,139.032,141.013,130.597,143.141,138.299,143.202,139.657,139.624
1766.4,128.572,139.098,141.013,130.559,143.141,138.299,143.171,139.657,139.624
1766.5,128.572,139.098,141.045,130.597,143.141,138.299,143.202,139.657,139.624
1766.6,128.572,139.098,140.981,130.674,143.171,138.299,143.202,139.624,139.624
1766.7,128.572,139.098,140.981,130.635,143.233,138.299,143.202,139.657,139.657
1766.8,128.493,139.131,140.981,130.559,143.202,138.333,143.263,139.689,139.624
1766.9,128.612,139.098,141.045,130.712,143.171,138.333,143.233,139.689,139.689
1767.0,128.612,139.098,140.981,130.597,143.171,138.232,143.202,139.722,139.624
1767.1,128.572,139.065,140.981,130.597,143.171,138.266,143.233,139.591,139.591
1767.2,128.612,139.131,141.013,130.635,143.171,138.299,143.202,139.722,139.657
1767.3,128.651,139.098,140.981,130.597,143.171,138.299,143.202,139.624,139.657
1767.4,128.572,139.065,140.981,130.597,143.141,138.299,143.202,139.689,139.624
1767.5,128.612,139.197,140.981,130.597,143.202,138.333,143.202,139.689,139.657
1767.6,128.651,139.131,141.013,130.635,143.202,138.333,143.202,139.624,139.657
1767.7,128.572,139.263,140.981,130.597,143.202,138.299,143.233,139.689,139.689
1767.8,128.572,139.098,140.981,130.635,143.171,138.266,143.263,139.689,139.657
1767.9,128.572,139.131,141.013,130.597,143.141,138.266,143.202,139.657,139.657
1768.0,128.612,139.131,140.981,130.597,143.202,138.299,143.202,139.657,139.624
1768.1,128.612,139.131,141.013,130.674,143.202,138.333,143.233,139.624,139.689
1768.2,128.612,139.164,140.981,130.674,143.171,138.299,143.233,139.689,139.689
1768.3,128.651,139.164,141.077,130.597,143.141,138.299,143.202,139.657,139.657
1768.4,128.612,139.131,140.918,130.597,143.171,138.333,143.263,139.657,139.657
1768.5,128.612,139.131,141.045,130.635,143.202,138.299,143.233,139.657,139.657
1768.6,128.612,139.164,141.013,130.635,143.202,138.299,143.202,139.689,139.689
1768.7,128.612,139.131,140.981,130.559,143.141,138.299,143.294,139.689,139.657
1768.8,128.612,139.098,141.013,130.635,143.233,138.299,143.171,139.657,139.657
1768.9,128.572,139.131,141.013,130.674,143.171,138.266,143.171,139.657,139.689
1769.0,128.612,139.131,140.981,130.635,143.202,138.333,143.202,139.689,139.657
1769.1,128.691,139.164,140.981,130.635,143.171,138.299,143.202,139.657,139.689
1769.2,128.612,139.131,140.981,130.635,143.202,138.299,143.202,139.657,139.689
1769.3,128.612,139.23,140.981,130.674,143.171,138.299,143.202,139.689,139.657
1769.4,128.612,139.164,140.95,130.674,143.202,138.299,143.233,139.657,139.657
1769.5,128.651,139.197,141.077,130.635,143.202,138.333,143.202,139.689,139.689
1769.6,128.612,139.164,141.045,130.635,143.202,138.299,143.233,139.689,139.657
1769.7,128.612,139.164,141.013,130.635,143.202,138.299,143.202,139.591,139.722
1769.8,128.612,139.197,140.95,130.674,143.202,138.333,143.233,139.689,139.689
1769.9,128.651,139.197,141.013,130.674,143.202,138.333,143.263,139.657,139.657
1770.0,128.612,139.263,140.981,130.635,143.233,138.299,143.233,139.689,139.689
1770.1,128.691,139.164,141.109,130.635,143.233,138.299,143.202,139.689,139.689
1770.2,128.651,139.197,140.981,130.635,143.233,138.299,143.202,139.689,139.722
1770.3,128.612,139.23,141.013,130.674,143.233,138.333,143.233,139.689,139.689
1770.4,128.651,139.23,140.981,130.674,143.202,138.266,143.263,139.689,139.689
1770.5,128.651,139.164,141.013,130.712,143.233,138.333,143.202,139.689,139.657
1770.6,128.612,139.164,140.981,130.712,143.233,138.333,143.202,139.722,139.591
1770.7,128.651,139.197,140.981,130.559,143.202,138.333,143.233,139.755,139.624
1770.8,128.612,139.197,141.013,130.674,143.202,138.299,143.263,139.722,139.689
1770.9,128.73,139.164,140.981,130.635,143.233,138.266,143.263,139.657,139.689
1771.0,128.612,139.197,140.981,130.674,143.202,138.299,143.233,139.689,139.689
1771.1,128.651,139.197,140.981,130.712,143.263,138.299,143.233,139.657,139.657
1771.2,128.691,139.164,140.981,130.674,143.233,138.299,143.171,139.689,139.689
1771.3,128.73,139.23,141.013,130.75,143.263,138.366,143.233,139.689,139.722
1771.4,128.612,139.164,141.045,130.674,143.171,138.266,143.233,139.657,139.689
1771.5,128.691,139.263,140.95,130.674,143.263,138.299,143.202,139.689,139.722
1771.6,128.612,139.197,140.981,130.712,143.233,138.299,143.202,139.689,139.689
1771.7,128.651,139.263,140.886,130.635,143.233,138.333,143.233,139.722,139.689
1771.8,128.651,139.263,140.981,130.674,143.233,138.299,143.171,139.689,139.689
1771.9,128.651,139.23,140.95,130.674,143.263,138.299,143.202,139.689,139.689
1772.0,128.651,139.23,141.045,130.674,143.263,138.333,143.233,139.689,139.722
1772.1,128.651,139.197,141.045,130.712,143.263,138.333,143.233,139.689,139.722
1772.2,128.612,139.23,140.981,130.674,143.263,138.299,143.171,139.722,139.755
1772.3,128.691,139.23,141.013,130.674,143.233,138.333,143.233,139.657,139.689
1772.4,128.651,139.263,140.981,130.712,143.263,138.299,143.263,139.722,139.722
1772.5,128.691,139.263,141.013,130.712,143.233,138.333,143.202,139.755,139.722
1772.6,128.612,139.263,140.981,130.788,143.233,138.333,143.202,139.722,139.722
1772.7,128.691,139.263,140.981,130.75,143.263,138.333,143.202,139.689,139.755
1772.8,128.691,139.197,141.013,130.712,143.263,138.299,143.263,139.689,139.722
1772.9,128.691,139.23,141.045,130.75,143.263,138.299,143.233,139.722,139.657
1773.0,128.691,139.329,140.981,130.712,143.294,138.333,143.233,139.755,139.722
1773.1,128.651,139.263,140.981,130.75,143.233,138.333,143.233,139.689,139.722
1773.2,128.572,139.263,141.013,130.712,143.263,138.299,143.202,139.755,139.689
1773.3,128.651,139.263,140.981,130.712,143.263,138.366,143.233,139.689,139.689
1773.4,128.691,139.23,141.013,130.712,143.233,138.333,143.202,139.689,139.722
1773.5,128.691,139.296,141.013,130.712,143.263,138.299,143.263,139.755,139.755
1773.6,128.612,139.23,140.981,130.712,143.263,138.299,143.233,139.722,139.722
1773.7,128.612,139.263,141.013,130.712,143.294,138.333,143.233,139.722,139.722
1773.8,128.691,139.329,141.013,130.75,143.294,138.333,143.202,139.657,139.755
1773.9,128.651,139.263,141.013,130.712,143.263,138.299,143.171,139.689,139.787
1774.0,128.532,139.197,141.013,130.712,143.294,138.333,143.233,139.689,139.722
1774.1,128.691,139.329,141.045,130.712,143.324,138.333,143.233,139.755,139.755
1774.2,128.691,139.263,141.013,130.712,143.263,138.299,143.202,139.689,139.689
1774.3,128.651,139.296,140.981,130.75,143.355,138.333,143.233,139.722,139.722
1774.4,128.73,139.263,140.981,130.674,143.294,138.333,143.233,139.755,139.722
1774.5,128.651,139.263,141.045,130.712,143.324,138.299,143.202,139.689,139.722
1774.6,128.651,139.296,141.045,130.712,143.263,138.333,143.202,139.689,139.722
1774.7,128.651,139.263,140.981,130.75,143.294,138.299,143.233,139.755,139.722
1774.8,128.73,139.263,141.045,130.75,143.324,138.333,143.233,139.755,139.755
1774.9,128.651,139.263,141.045,130.788,143.294,138.333,143.233,139.755,139.722
1775.0,128.691,139.296,141.045,130.75,143.324,138.333,143.202,139.755,139.722
1775.1,128.73,139.263,141.013,130.75,143.324,138.333,143.202,139.591,139.755
1775.2,128.651,139.263,141.013,130.712,143.294,138.299,143.202,139.689,139.787
1775.3,128.651,139.263,141.077,130.788,143.294,138.333,143.263,139.755,139.722
1775.4,128.691,139.427,141.013,130.75,143.294,138.333,143.233,139.755,139.722
1775.5,128.691,139.329,141.109,130.788,143.263,138.366,143.233,139.755,139.755
1775.6,128.651,139.296,141.045,130.864,143.294,138.333,143.233,139.689,139.722
1775.7,128.691,139.362,141.013,130.75,143.294,138.333,143.233,139.755,139.722
1775.8,128.73,139.329,141.013,130.75,143.294,138.299,143.233,139.722,139.755
1775.9,128.651,139.263,141.045,130.75,143.294,138.333,143.263,139.722,139.722
1776.0,128.651,139.362,141.013,130.75,143.294,138.299,143.233,139.722,139.722
1776.1,128.73,139.296,140.981,130.712,143.294,138.333,143.233,139.755,139.755
1776.2,128.651,139.329,141.045,130.788,143.324,138.333,143.202,139.787,139.722
1776.3,128.73,139.362,141.045,130.75,143.294,138.299,143.202,139.689,139.722
1776.4,128.691,139.296,141.077,130.75,143.294,138.333,143.233,139.755,139.722
1776.5,128.73,139.362,141.109,130.788,143.324,138.333,143.202,139.722,139.722
1776.6,128.691,139.296,141.013,130.864,143.324,138.333,143.202,139.787,139.755
1776.7,128.73,139.362,141.045,130.75,143.355,138.333,143.233,139.755,139.722
1776.8,128.77,139.329,141.045,130.788,143.294,138.333,143.233,139.755,139.722
1776.9,128.691,139.329,141.013,130.75,143.355,138.366,143.233,139.755,139.755
1777.0,128.691,139.296,141.013,130.788,143.324,138.333,143.233,139.755,139.722
1777.1,128.73,139.296,141.045,130.75,143.324,138.333,143.202,139.755,139.755
1777.2,128.691,139.362,141.013,130.788,143.324,138.4,143.233,139.787,139.722
1777.3,128.691,139.329,141.045,130.75,143.324,138.333,143.233,139.722,139.787
1777.4,128.77,139.329,141.045,130.788,143.324,138.333,143.202,139.787,139.755
1777.5,128.77,139.362,141.013,130.788,143.294,138.333,143.263,139.755,139.722
1777.6,128.691,139.329,141.045,130.826,143.324,138.333,143.171,139.755,139.755
1777.7,128.73,139.362,141.013,130.826,143.324,138.299,143.324,139.787,139.755
1777.8,128.73,139.362,141.045,130.75,143.294,138.333,143.233,139.755,139.722
1777.9,128.73,139.362,141.013,130.75,143.355,138.333,143.263,139.657,139.755
1778.0,128.691,139.362,141.045,130.788,143.416,138.366,143.233,139.755,139.787
1778.1,128.691,139.362,141.013,130.788,143.355,138.366,143.263,139.787,139.755
1778.2,128.651,139.362,141.013,130.826,143.263,138.299,143.202,139.755,139.755
1778.3,128.651,139.362,141.013,130.826,143.385,138.299,143.233,139.755,139.755
1778.4,128.691,139.362,141.045,130.635,143.446,138.333,143.202,139.722,139.722
1778.5,128.691,139.296,141.013,130.826,143.324,138.333,143.171,139.722,139.755
1778.6,128.691,139.329,141.013,130.864,143.324,138.299,143.202,139.722,139.787
1778.7,128.691,139.329,141.045,130.864,143.355,138.299,143.294,139.755,139.787
1778.8,128.73,139.362,140.981,130.788,143.355,138.333,143.233,139.722,139.787
1778.9,128.73,139.362,141.045,130.826,143.324,138.4,143.233,139.787,139.82
1779.0,128.73,139.362,140.981,130.864,143.355,138.333,143.233,139.787,139.722
1779.1,128.73,139.362,141.045,130.826,143.355,138.4,143.233,139.755,139.755
1779.2,128.77,139.362,141.013,130.826,143.324,138.299,143.263,139.755,139.755
1779.3,128.73,139.362,141.013,130.864,143.355,138.366,143.263,139.787,139.657
1779.4,128.651,139.362,141.045,130.903,143.385,138.299,143.202,139.755,139.722
1779.5,128.73,139.394,141.077,130.864,143.324,138.333,143.263,139.755,139.755
1779.6,128.73,139.362,141.013,130.826,143.324,138.366,143.233,139.82,139.787
1779.7,128.691,139.362,141.109,130.826,143.355,138.4,143.233,139.755,139.787
1779.8,128.691,139.394,141.013,130.826,143.385,138.333,143.263,139.689,139.755
1779.9,128.809,139.394,141.045,130.826,143.324,138.333,143.202,139.755,139.755
1780.0,128.73,139.394,141.013,130.979,143.355,138.333,143.294,139.755,139.722
1780.1,128.73,139.427,141.045,130.864,143.385,138.299,143.202,139.787,139.755
1780.2,128.691,139.394,141.077,130.826,143.355,138.299,143.202,139.787,139.755
1780.3,128.809,139.427,141.013,130.826,143.385,138.4,143.233,139.722,139.755
1780.4,128.651,139.394,141.013,130.826,143.416,138.333,143.263,139.722,139.885
1780.5,128.73,139.362,141.045,130.788,143.416,138.333,143.263,139.755,139.82
1780.6,128.73,139.427,141.077,130.826,143.355,138.366,143.233,139.787,139.755
1780.7,128.77,139.362,141.045,130.826,143.385,138.366,143.202,139.755,139.755
1780.8,128.73,139.394,141.013,130.903,143.416,138.333,143.202,139.755,139.722
1780.9,128.691,139.46,141.077,130.864,143.416,138.366,143.233,139.787,139.755
1781.0,128.73,139.394,140.981,130.864,143.355,138.366,143.233,139.82,139.787
1781.1,128.73,139.394,141.045,130.903,143.385,138.333,143.202,139.787,139.787
1781.2,128.73,139.394,141.045,130.864,143.355,138.333,143.233,139.787,139.755
1781.3,128.77,139.394,141.013,130.826,143.294,138.333,143.263,139.787,139.755
1781.4,128.77,139.394,141.013,130.864,143.385,138.366,143.263,139.787,139.755
1781.5,128.73,139.46,141.045,130.864,143.385,138.366,143.233,139.787,139.885
1781.6,128.77,139.427,141.045,130.788,143.385,138.366,143.263,139.787,139.755
1781.7,128.77,139.427,141.077,130.864,143.355,138.333,143.233,139.755,139.755
1781.8,128.77,139.493,141.109,130.941,143.385,138.333,143.263,139.755,139.755
1781.9,128.809,139.427,141.045,130.903,143.355,138.4,143.263,139.755,139.755
1782.0,128.809,139.46,141.045,130.864,143.416,138.4,143.233,139.624,139.755
1782.1,128.809,139.427,141.045,130.864,143.446,138.333,143.263,139.787,139.787
1782.2,128.849,139.493,141.045,130.864,143.324,138.333,143.263,139.755,139.755
1782.3,128.77,139.427,141.109,131.017,143.355,138.333,143.324,139.787,139.82
1782.4,128.809,139.394,141.045,130.864,143.416,138.333,143.294,139.82,139.722
1782.5,128.809,139.427,141.109,130.864,143.355,138.333,143.263,139.787,139.787
1782.6,128.809,139.394,140.95,130.903,143.355,138.366,143.233,139.755,139.689
1782.7,128.927,139.427,141.013,130.864,143.416,138.333,143.233,139.755,139.755
1782.8,128.77,139.493,141.077,130.864,143.416,138.366,143.263,139.722,139.689
1782.9,128.77,139.362,141.045,130.903,143.355,138.366,143.294,139.722,139.755
1783.0,128.809,139.394,141.045,130.864,143.355,138.333,143.294,139.755,139.689
1783.1,128.77,139.493,141.013,130.903,143.385,138.366,143.263,139.722,139.689
1783.2,128.849,139.394,140.981,130.903,143.416,138.366,143.233,139.755,139.689
1783.3,128.849,139.394,141.045,130.864,143.416,138.333,143.294,139.755,139.689
1783.4,128.888,139.362,140.981,130.903,143.355,138.333,143.233,139.722,139.624
1783.5,128.809,139.427,140.981,130.864,143.324,138.433,143.233,139.689,139.657
1783.6,128.73,139.362,141.045,130.903,143.294,138.333,143.233,139.657,139.591
1783.7,128.849,139.394,141.109,130.903,143.294,138.366,143.263,139.689,139.558
1783.8,128.849,139.427,141.013,130.903,143.355,138.333,143.294,139.657,139.591
1783.9,128.77,139.329,141.109,130.903,143.355,138.366,143.233,139.591,139.558
1784.0,128.849,139.362,141.013,130.903,143.355,138.299,143.263,139.624,139.526
1784.1,128.849,139.296,141.109,131.017,143.324,138.333,143.233,139.591,139.493
1784.2,128.77,139.23,141.045,130.941,143.355,138.366,143.324,139.558,139.493
1784.3,128.77,139.296,141.045,130.864,143.294,138.333,143.202,139.558,139.394
1784.4,128.77,139.263,141.013,130.903,143.294,138.333,143.355,139.526,139.427
1784.5,128.888,139.263,141.013,130.864,143.263,138.333,143.263,139.526,139.46
1784.6,128.73,139.197,141.045,130.903,143.263,138.333,143.233,139.493,139.362
1784.7,128.691,139.197,141.045,130.826,143.263,138.333,143.263,139.493,139.362
1784.8,128.691,139.23,141.013,130.788,143.294,138.299,143.233,139.394,139.362
1784.9,128.651,139.164,141.045,130.788,143.233,138.299,143.263,139.46,139.329
1785.0,128.651,139.131,141.013,130.826,143.233,138.299,143.263,139.362,139.296
1785.1,128.612,139.197,141.013,130.788,143.202,138.266,143.233,139.329,139.23
1785.2,128.651,139.098,141.013,130.788,143.171,138.299,143.263,139.329,139.23
1785.3,128.651,139.164,141.045,130.75,143.11,138.266,143.233,139.296,139.164
1785.4,128.612,139.065,141.045,130.788,143.233,138.232,143.233,139.263,139.197
1785.5,128.572,139.131,141.013,130.788,143.141,138.266,143.263,139.329,139.164
1785.6,128.572,139.065,141.013,130.712,143.171,138.299,143.233,139.296,139.131
1785.7,128.493,139.032,141.045,130.712,143.263,138.333,143.263,139.296,139.131
1785.8,128.493,139.098,141.045,130.674,143.171,138.266,143.233,139.197,139.164
1785.9,128.493,139.032,140.95,130.788,143.141,138.266,143.233,139.197,139.098
1786.0,128.493,138.966,141.077,130.635,143.11,138.232,143.233,139.098,139.032
1786.1,128.453,138.899,141.013,130.597,143.079,138.232,143.263,139.098,138.932
1786.2,128.413,138.966,140.981,130.635,143.141,138.266,143.263,139.098,139.032
1786.3,128.374,138.932,141.013,130.559,143.11,138.232,143.233,139.065,138.966
1786.4,128.413,138.932,140.981,130.559,143.048,138.232,143.233,139.032,138.932
1786.5,128.294,138.932,141.013,130.597,143.048,138.165,143.202,139.032,138.899
1786.6,128.334,138.899,140.981,130.52,143.018,138.199,143.202,138.999,138.899
1786.7,128.294,138.899,140.95,130.52,143.048,138.165,143.233,138.999,138.899
1786.8,128.254,138.866,141.045,130.444,143.048,138.165,143.202,138.932,138.833
1786.9,128.254,138.833,141.045,130.482,142.987,138.199,143.202,138.932,138.767
1787.0,128.175,138.8,141.013,130.52,143.018,138.165,143.263,138.932,138.8
1787.1,128.135,138.833,140.981,130.405,142.987,138.165,143.171,138.899,138.767
1787.2,128.135,138.833,140.981,130.367,142.925,138.132,143.263,138.8,138.8
1787.3,128.095,138.733,140.95,130.251,142.925,138.165,143.202,138.767,138.733
1787.4,128.055,138.733,141.013,130.367,142.925,138.132,143.202,138.833,138.733
1787.5,128.055,138.733,140.918,130.328,142.895,138.098,143.171,138.733,138.7
1787.6,128.015,138.7,140.918,130.367,142.956,138.132,143.202,138.733,138.7
1787.7,127.975,138.667,141.045,130.251,142.925,138.132,143.233,138.733,138.667
1787.8,127.975,138.6,140.95,130.251,142.864,138.098,143.171,138.733,138.6
1787.9,127.935,138.633,140.95,130.444,142.925,138.098,143.141,138.667,138.567
1788.0,127.815,138.633,140.95,130.213,142.895,138.064,143.202,138.7,138.6
1788.1,127.855,138.533,140.95,130.213,142.895,138.031,143.141,138.633,138.6
1788.2,127.855,138.6,140.95,130.136,142.802,138.064,143.202,138.667,138.7
1788.3,127.815,138.567,140.918,130.136,142.802,138.064,143.171,138.6,138.567
1788.4,127.775,138.6,140.918,130.174,142.771,138.132,143.202,138.567,138.567
1788.5,127.775,138.5,140.886,130.097,142.74,137.997,143.202,138.533,138.4
1788.6,127.694,138.5,140.95,129.981,142.74,138.064,143.141,138.467,138.533
1788.7,127.614,138.533,140.822,130.02,142.771,138.031,143.171,138.467,138.433
1788.8,127.614,138.467,140.918,129.942,142.709,138.031,143.171,138.5,138.433
1788.9,127.574,138.467,140.886,129.942,142.679,138.031,143.202,138.433,138.4
1789.0,127.614,138.467,140.918,129.942,142.679,137.997,143.171,138.4,138.333
1789.1,127.493,138.4,140.886,129.826,142.709,137.963,143.171,138.4,138.299
1789.2,127.412,138.4,140.918,129.865,142.586,137.997,143.324,138.366,138.266
1789.3,127.412,138.333,140.854,129.787,142.586,137.929,143.171,138.333,138.266
1789.4,127.332,138.4,140.822,129.749,142.586,137.963,143.171,138.266,138.232
1789.5,127.291,138.266,140.854,129.71,142.555,137.929,143.171,138.199,138.199
1789.6,127.251,138.266,140.822,129.632,142.524,137.963,143.141,138.232,138.165
1789.7,127.17,138.232,140.854,129.632,142.493,137.963,143.141,138.232,138.132
1789.8,127.129,138.232,140.822,129.593,142.462,137.862,143.079,138.098,138.098
1789.9,127.089,138.165,140.854,129.593,142.462,137.929,143.171,138.232,138.132
1790.0,127.129,138.132,140.854,129.593,142.462,137.862,143.141,138.132,138.064
1790.1,127.129,138.199,140.886,129.554,142.43,137.896,143.141,138.132,138.132
1790.2,127.007,138.098,140.822,129.437,142.43,137.828,143.141,138.098,138.031
1790.3,127.007,138.132,140.854,129.437,142.43,137.828,143.171,138.031,138.064
1790.4,126.885,138.064,140.822,129.437,142.368,137.828,143.11,138.064,138.064
1790.5,126.845,138.031,140.79,129.359,142.337,137.794,143.141,138.098,137.997
1790.6,126.885,138.031,140.822,129.359,142.337,137.794,143.11,138.031,138.031
1790.7,126.722,137.997,140.822,129.32,142.275,137.794,143.11,137.997,137.929
1790.8,126.763,137.963,140.822,129.202,142.244,137.794,143.11,137.997,137.896
1790.9,126.682,137.929,140.725,129.163,142.306,137.761,143.141,137.896,137.862
1791.0,126.6,137.896,140.79,129.124,142.244,137.727,143.141,137.896,137.761
1791.1,126.559,137.862,140.822,129.124,142.212,137.727,143.11,137.828,137.862
1791.2,126.477,137.896,140.758,129.045,142.181,137.727,143.171,137.794,137.794
1791.3,126.436,137.828,140.79,129.045,142.212,137.693,143.11,137.828,137.727
1791.4,126.395,137.794,140.758,128.967,142.119,137.727,143.171,137.828,137.794
1791.5,126.354,137.761,140.758,128.927,142.056,137.625,143.11,137.794,137.727
1791.6,126.272,137.693,140.725,128.967,142.087,137.693,143.11,137.727,137.693
1791.7,126.148,137.659,140.725,128.73,142.056,137.659,143.048,137.693,137.659
1791.8,126.066,137.591,140.725,128.77,141.994,137.625,143.079,137.693,137.625
1791.9,126.024,137.557,140.661,128.73,141.962,137.625,143.079,137.625,137.625
1792.0,126.107,137.557,140.725,128.651,141.962,137.625,143.141,137.625,137.591
1792.1,125.901,137.523,140.693,128.73,141.931,137.625,143.048,137.591,137.557
1792.2,125.942,137.523,140.693,128.651,141.962,137.591,143.079,137.591,137.591
1792.3,125.818,137.523,140.693,128.572,141.931,137.557,143.11,137.557,137.557
1792.4,125.859,137.489,140.693,128.532,141.899,137.591,143.079,137.557,137.489
1792.5,125.818,137.421,140.693,128.532,141.899,137.591,143.079,137.523,137.455
1792.6,125.776,137.421,140.661,128.453,141.868,137.557,143.079,137.523,137.489
1792.7,125.693,137.455,140.725,128.413,141.805,137.625,143.079,137.523,137.455
1792.8,125.776,137.421,140.693,128.374,141.774,137.523,143.079,137.557,137.387
1792.9,125.61,137.353,140.693,128.294,141.805,137.557,143.11,137.455,137.387
1793.0,125.61,137.353,140.693,128.334,141.774,137.523,143.079,137.421,137.421
1793.1,125.527,137.285,140.661,128.214,141.742,137.489,143.079,137.455,137.421
1793.2,125.444,137.387,140.629,128.214,141.711,137.455,142.956,137.455,137.421
1793.3,125.277,137.216,140.661,128.095,141.648,137.455,143.048,137.353,137.319
1793.4,125.277,137.148,140.629,128.055,141.711,137.557,143.018,137.387,137.319
1793.5,125.235,137.148,140.629,128.015,141.616,137.489,143.079,137.285,137.319
1793.6,125.151,137.148,140.661,127.815,141.679,137.421,143.048,137.319,137.285
1793.7,125.068,137.011,140.597,127.855,141.585,137.387,143.018,137.353,137.285
1793.8,125.026,137.045,140.597,127.895,141.553,137.387,143.018,137.251,137.251
1793.9,124.984,137.045,140.597,127.895,141.49,137.353,143.048,137.285,137.251
1794.0,124.9,136.943,140.597,127.734,141.49,137.387,143.018,137.216,137.148
1794.1,124.816,136.943,140.597,127.694,141.458,137.353,143.018,137.182,137.216
1794.2,124.816,136.943,140.597,127.734,141.458,137.387,143.018,137.182,137.319
1794.3,124.689,136.874,140.533,127.694,141.427,137.353,142.987,137.148,137.148
1794.4,124.731,136.908,140.565,127.614,141.427,137.353,143.018,137.182,137.182
1794.5,124.689,136.805,140.565,127.574,141.395,137.353,143.079,137.114,137.114
1794.6,124.605,136.805,140.565,127.574,141.363,137.353,143.018,137.114,137.114
1794.7,124.52,136.805,140.533,127.533,141.363,137.285,142.987,137.148,137.114
1794.8,124.52,136.771,140.533,127.453,141.3,137.251,143.018,137.114,137.011
1794.9,124.478,136.702,140.533,127.412,141.3,137.319,143.018,137.08,137.08
1795.0,124.478,136.702,140.533,127.453,141.331,137.285,142.895,137.045,137.045
1795.1,124.393,136.702,140.533,127.372,141.3,137.285,142.987,137.011,137.011
1795.2,124.351,136.667,140.501,127.332,141.3,137.285,142.987,137.045,137.045
1795.3,124.308,136.598,140.533,127.332,141.268,137.285,142.987,137.011,136.977
1795.4,124.223,136.564,140.533,127.129,141.173,137.216,142.987,137.011,136.943
1795.5,124.181,136.598,140.533,127.17,141.268,137.251,142.987,137.011,136.943
1795.6,124.181,136.529,140.533,127.17,141.141,137.216,143.048,136.943,136.977
1795.7,124.181,136.46,140.533,127.129,141.141,137.216,142.987,136.943,136.908
1795.8,124.011,136.46,140.533,127.089,141.109,137.216,142.956,136.943,136.943
1795.9,124.011,136.529,140.533,126.967,141.077,137.182,143.018,136.908,136.874
1796.0,123.968,136.39,140.501,126.967,141.077,137.216,142.956,136.908,136.874
1796.1,123.883,136.356,140.501,126.967,141.077,137.216,142.956,136.874,136.839
1796.2,123.754,136.286,140.468,126.763,140.981,137.182,142.925,136.874,136.805
1796.3,123.754,136.252,140.501,126.845,141.013,137.148,142.956,136.839,136.839
1796.4,123.626,136.112,140.436,126.682,140.95,137.148,142.987,136.805,136.771
1796.5,123.54,136.182,140.468,126.641,140.918,137.148,142.925,136.736,136.805
1796.6,123.411,136.043,140.436,126.477,140.822,137.114,142.925,136.736,136.736
1796.7,123.368,136.112,140.404,126.436,140.886,137.148,142.925,136.667,136.702
1796.8,123.282,136.008,140.436,126.395,140.79,137.08,142.956,136.702,136.736
1796.9,123.195,136.043,140.436,126.354,140.758,137.08,142.895,136.667,136.667
1797.0,123.195,135.938,140.436,126.272,140.725,137.08,142.925,136.667,136.667
1797.1,123.066,135.903,140.404,126.189,140.693,137.08,142.895,136.633,136.633
1797.2,123.022,135.833,140.404,126.148,140.597,137.011,142.956,136.598,136.633
1797.3,123.022,135.798,140.372,126.107,140.597,137.045,142.925,136.667,136.564
1797.4,122.936,135.798,140.339,126.107,140.597,137.045,142.925,136.598,136.598
1797.5,122.805,135.763,140.404,126.024,140.565,137.011,142.925,136.598,136.598
1797.6,122.849,135.728,140.372,126.107,140.565,137.045,142.895,136.529,136.564
1797.7,122.805,135.693,140.339,125.901,140.565,137.011,142.895,136.529,136.564
1797.8,122.849,135.693,140.404,125.901,140.565,137.011,142.925,136.564,136.529
1797.9,122.718,135.552,140.372,125.859,140.501,136.977,142.925,136.564,136.494
1798.0,122.675,135.623,140.339,125.859,140.468,136.977,142.925,136.564,136.494
1798.1,122.631,135.587,140.307,125.735,140.501,136.943,142.925,136.529,136.494
1798.2,122.588,135.552,140.372,125.735,140.468,136.943,142.895,136.494,136.46
1798.3,122.544,135.552,140.339,125.693,140.404,137.045,142.895,136.494,136.494
1798.4,122.457,135.482,140.339,125.61,140.372,136.943,142.895,136.46,136.425
1798.5,122.369,135.447,140.307,125.527,140.307,136.943,142.864,136.425,136.39
1798.6,122.282,135.411,140.307,125.444,140.307,136.908,142.833,136.39,136.356
1798.7,122.238,135.305,140.307,125.36,140.275,136.874,142.895,136.425,136.321
1798.8,122.194,135.27,140.307,125.36,140.113,136.874,142.864,136.425,136.321
1798.9,122.15,135.235,140.275,125.319,140.21,136.874,142.864,136.39,136.356
1799.0,122.106,135.235,140.242,125.319,140.177,136.874,142.864,136.321,136.286
1799.1,122.106,135.235,140.275,125.193,140.145,136.839,142.864,136.39,136.321
1799.2,122.018,135.164,140.307,125.193,140.145,136.839,142.864,136.217,136.321
1799.3,122.018,135.164,140.275,125.151,140.113,136.839,142.864,136.321,136.321
1799.4,122.018,135.129,140.275,125.068,140.08,136.908,142.864,136.286,136.356
1799.5,121.886,135.129,140.242,125.068,140.048,136.805,142.864,136.286,136.286
1799.6,121.886,135.022,140.242,124.984,140.08,136.839,142.864,136.286,136.252
1799.7,121.842,135.022,140.242,124.984,140.048,136.839,142.864,136.286,136.252
1799.8,121.71,135.022,140.242,124.942,139.983,136.805,142.864,136.252,136.147
1799.9,121.71,135.058,140.21,124.942,139.95,136.839,142.864,136.252,136.217
1800.0,121.798,135.058,140.275,124.942,139.983,136.839,142.802,136.321,136.252
1800.1,121.71,134.951,140.275,124.816,139.885,136.771,142.864,136.217,136.252
1800.2,121.665,134.915,140.242,124.816,139.95,136.805,142.833,136.252,136.252
1800.3,121.577,134.88,140.177,124.689,139.885,136.771,142.864,136.217,136.182
1800.4,121.488,134.809,140.177,124.647,139.918,136.702,142.833,136.147,136.147
1800.5,121.444,134.773,140.177,124.562,139.787,136.736,142.802,136.147,136.112
1800.6,121.488,134.773,140.145,124.52,139.82,136.771,142.833,136.147,136.147
1800.7,121.266,134.702,140.145,124.478,139.787,136.702,142.864,136.147,136.112
1800.8,121.311,134.702,140.145,124.436,139.755,136.702,142.802,136.112,136.147
1800.9,121.266,134.666,140.145,124.393,139.755,136.736,142.802,136.078,136.112
1801.0,121.222,134.63,140.145,124.351,139.755,136.702,142.802,136.078,136.147
1801.1,121.177,134.63,140.177,124.351,139.689,136.702,142.802,135.973,136.147
1801.2,121.177,134.594,140.145,124.266,139.624,136.667,142.802,136.147,136.078
1801.3,120.909,134.559,140.113,124.223,139.689,136.702,142.802,136.147,136.043
1801.4,121.043,134.523,140.145,124.181,139.624,136.702,142.802,136.078,136.043
1801.5,121.266,134.487,140.113,124.181,139.624,136.702,142.802,136.112,136.043
1801.6,120.909,134.451,140.145,124.096,139.558,136.667,142.833,135.973,136.043
1801.7,120.998,134.379,140.113,124.011,139.558,136.667,142.802,136.043,136.008
1801.8,120.909,134.415,140.113,124.011,139.558,136.702,142.833,136.043,136.043
1801.9,120.864,134.308,140.08,123.968,139.493,136.633,142.771,136.008,136.008
1802.0,120.819,134.343,140.21,123.883,139.493,136.702,142.802,136.078,136.008
1802.1,120.819,134.308,140.113,123.883,139.46,136.667,142.74,136.008,135.938
1802.2,120.819,134.343,140.145,123.84,139.46,136.633,142.833,135.973,135.973
1802.3,120.685,134.272,140.113,123.797,139.394,136.633,142.771,136.008,135.973
1802.4,120.64,134.019,140.08,123.711,139.362,136.598,142.833,135.938,135.938
1802.5,120.595,134.127,140.08,123.669,139.296,136.633,142.74,135.973,135.868
1802.6,120.505,134.127,140.048,123.583,139.362,136.598,142.771,135.938,135.903
1802.7,120.415,134.127,140.113,123.497,139.23,136.564,142.833,135.938,135.868
1802.8,120.415,134.019,140.015,123.454,139.263,136.633,142.771,135.903,135.833
1802.9,120.324,133.983,140.048,123.325,139.164,136.564,142.771,135.868,135.868
1803.0,120.189,133.838,140.048,123.282,139.164,136.564,142.771,135.833,135.798
1803.1,120.234,133.911,140.048,123.109,139.131,136.564,142.771,135.903,135.763
1803.2,120.098,133.838,140.048,123.109,139.098,136.529,142.74,135.798,135.763
1803.3,120.053,133.766,140.015,123.066,139.065,136.494,142.679,135.798,135.798
1803.4,119.962,133.693,140.015,123.066,139.032,136.529,142.709,135.798,135.763
1803.5,119.962,133.693,139.983,123.022,138.999,136.494,142.709,135.798,135.763
1803.6,119.917,133.693,140.015,122.936,138.966,136.46,142.74,135.798,135.763
1803.7,119.871,133.657,139.983,122.849,138.932,136.494,142.709,135.763,135.728
1803.8,119.917,133.62,139.983,122.849,138.932,136.494,142.74,135.728,135.728
1803.9,119.826,133.584,140.015,122.805,138.932,136.46,142.709,135.728,135.728
1804.0,119.735,133.657,139.95,122.762,138.899,136.46,142.74,135.728,135.728
1804.1,119.689,133.548,140.015,122.718,138.833,136.425,142.74,135.728,135.693
1804.2,119.78,133.511,140.015,122.675,138.833,136.46,142.709,135.693,135.693
1804.3,119.689,133.511,139.983,122.631,138.8,136.46,142.679,135.763,135.728
1804.4,119.689,133.475,139.983,122.631,138.767,136.425,142.74,135.728,135.658
1804.5,119.598,133.438,139.95,122.588,138.8,136.46,142.771,135.693,135.693
1804.6,119.506,133.402,139.983,122.5,138.767,136.494,142.74,135.728,135.552
1804.7,119.552,133.475,139.983,122.457,138.7,136.39,142.74,135.728,135.552
1804.8,120.007,133.365,139.95,122.369,138.7,136.39,142.74,135.763,135.693
1804.9,119.369,133.329,139.918,122.369,138.767,136.425,142.709,135.623,135.658
1805.0,119.415,133.329,139.95,122.238,138.633,136.39,142.74,135.623,135.623
1805.1,119.415,133.292,139.95,122.282,138.633,136.425,142.709,135.658,135.587
1805.2,119.369,133.255,139.983,122.282,138.533,136.39,142.833,135.623,135.587
1805.3,119.231,133.255,139.918,122.238,138.567,136.425,142.74,135.623,135.587
1805.4,119.185,133.219,139.885,122.194,138.6,136.425,142.679,135.623,135.587
1805.5,119.277,133.146,139.918,122.106,138.567,136.425,142.709,135.693,135.552
1805.6,119.185,133.109,139.885,122.018,138.533,136.39,142.679,135.623,135.587
1805.7,119.093,133.109,139.885,122.062,138.567,136.39,142.74,135.552,135.552
1805.8,119.047,133.072,139.885,122.018,138.467,136.39,142.679,135.587,135.623
1805.9,119.093,133.035,139.983,121.93,138.433,136.356,142.709,135.623,135.587
1806.0,119.047,133.035,139.853,121.886,138.433,136.356,142.679,135.552,135.552
1806.1,119.001,132.962,139.885,121.842,138.433,136.39,142.74,135.552,135.517
1806.2,118.955,132.851,139.885,121.754,138.333,136.321,142.648,135.587,135.517
1806.3,118.909,132.962,139.82,121.71,138.299,136.39,142.679,135.552,135.552
1806.4,118.863,132.888,139.885,121.71,138.333,136.321,142.679,135.447,135.482
1806.5,118.817,132.851,139.885,121.71,138.266,136.425,142.648,135.552,135.482
1806.6,118.724,132.814,139.853,121.665,138.232,136.321,142.679,135.517,135.482
1806.7,118.77,132.814,139.885,121.665,138.232,136.217,142.648,135.482,135.482
1806.8,118.678,132.814,139.885,121.577,138.199,136.321,142.648,135.552,135.411
1806.9,118.631,132.741,139.885,121.533,138.098,136.356,142.679,135.517,135.482
1807.0,118.492,132.741,139.82,121.488,138.098,136.286,142.709,135.482,135.411
1807.1,118.539,132.63,139.853,121.399,138.132,136.286,142.679,135.517,135.447
1807.2,118.492,132.556,139.82,121.311,138.132,136.321,142.679,135.447,135.411
1807.3,118.446,132.556,139.82,121.266,138.031,136.286,142.709,135.447,135.376
1807.4,118.446,132.556,139.787,121.222,138.064,136.286,142.617,135.411,135.411
1807.5,118.306,132.519,139.853,121.177,137.997,136.286,142.648,135.517,135.376
1807.6,118.353,132.444,139.82,121.132,137.963,136.252,142.648,135.411,135.341
1807.7,118.306,132.407,139.722,121.088,137.929,136.252,142.648,135.376,135.376
1807.8,118.353,132.444,139.82,121.043,137.929,136.252,142.679,135.447,135.341
1807.9,118.26,132.444,139.787,120.954,137.862,136.252,142.648,135.447,135.341
1808.0,118.213,132.221,139.755,120.998,137.828,136.252,142.617,135.376,135.447
1808.1,118.213,132.296,139.82,120.864,137.896,136.252,142.617,135.341,135.341
1808.2,118.166,132.296,139.689,120.909,137.828,136.286,142.648,135.376,135.411
1808.3,118.12,132.259,139.787,120.864,137.761,136.182,142.679,135.341,135.341
1808.4,118.12,132.296,139.755,120.819,137.828,136.217,142.679,135.341,135.376
1808.5,118.12,132.259,139.755,120.864,137.761,136.217,142.617,135.305,135.376
1808.6,117.979,132.184,139.755,120.73,137.727,136.182,142.648,135.376,135.305
1808.7,118.026,132.147,139.755,120.685,137.761,136.217,142.586,135.341,135.341
1808.8,117.932,132.109,139.755,120.64,137.659,136.217,142.648,135.341,135.305
1808.9,117.932,132.072,139.755,120.685,137.625,136.147,142.648,135.27,135.27
1809.0,117.839,132.109,139.722,120.595,137.659,136.217,142.617,135.341,135.235
1809.1,117.839,132.072,139.722,120.64,137.659,136.217,142.617,135.305,135.305
1809.2,117.839,132.147,139.755,120.595,137.659,136.147,142.617,135.27,135.305
1809.3,117.745,131.96,139.689,120.46,137.557,136.217,142.648,135.341,135.235
1809.4,117.698,131.96,139.722,120.46,137.523,136.078,142.617,135.376,135.235
1809.5,117.698,131.96,139.82,120.37,137.489,136.182,142.586,135.305,135.235
1809.6,117.604,131.922,139.722,120.324,137.489,136.182,142.648,135.235,135.27
1809.7,117.698,131.81,139.722,120.234,137.455,136.112,142.617,135.235,135.199
1809.8,117.509,131.81,139.853,120.144,137.421,136.182,142.617,135.199,135.164
1809.9,117.462,131.735,139.722,120.144,137.387,136.112,142.648,135.235,135.199
1810.0,117.415,131.697,139.722,120.144,137.387,136.112,142.617,135.235,135.235
1810.1,117.462,131.66,139.722,120.007,137.319,136.112,142.679,135.27,135.129
1810.2,117.321,131.697,139.657,120.007,137.319,136.078,142.648,135.199,135.164
1810.3,117.321,131.66,139.787,119.962,137.285,136.217,142.586,135.235,135.129
1810.4,117.226,131.547,139.689,119.871,137.216,136.112,142.586,135.235,135.164
1810.5,117.273,131.622,139.689,119.871,137.216,136.112,142.586,135.199,135.164
1810.6,117.179,131.584,139.689,119.826,137.182,136.112,142.586,135.164,135.129
1810.7,117.179,131.547,139.689,119.826,137.216,136.112,142.586,135.199,135.164
1810.8,117.321,131.471,139.657,119.826,137.216,136.182,142.555,135.164,135.129
1810.9,117.131,131.471,139.657,119.78,137.285,136.078,142.617,135.164,135.164
1811.0,117.084,131.396,139.689,119.689,137.08,136.078,142.648,135.199,135.129
1811.1,116.989,131.358,139.657,119.689,137.08,136.078,142.586,135.164,135.058
1811.2,116.989,131.358,139.689,119.643,137.011,136.043,142.586,135.129,135.093
1811.3,116.989,131.32,139.689,119.598,137.011,136.078,142.555,135.27,135.093
1811.4,116.894,131.282,139.624,119.506,137.011,136.078,142.586,135.164,135.058
1811.5,116.941,131.32,139.624,119.598,136.977,136.078,142.555,135.129,135.093
1811.6,116.846,131.207,139.657,119.461,136.943,136.008,142.586,135.093,135.093
1811.7,116.894,131.207,139.657,119.506,136.943,136.043,142.586,135.093,135.058
1811.8,116.798,131.169,139.624,119.369,136.908,136.078,142.555,135.093,135.058
1811.9,116.798,131.169,139.657,119.277,136.874,136.043,142.586,135.164,135.093
1812.0,116.751,131.131,139.689,119.323,136.874,136.008,142.524,135.129,135.093
1812.1,116.751,131.093,139.624,119.277,136.839,136.078,142.586,135.129,135.058
1812.2,116.703,131.093,139.624,119.277,136.839,136.043,142.555,135.058,135.058
1812.3,116.655,131.093,139.591,119.231,136.771,136.043,142.555,135.093,135.022
1812.4,116.655,130.979,139.591,119.185,136.702,136.043,142.555,135.058,135.058
1812.5,116.607,130.979,139.624,119.139,136.702,135.973,142.586,135.093,134.987
1812.6,116.703,130.712,139.591,119.047,136.667,135.973,142.586,135.093,134.987
1812.7,116.464,130.864,139.624,118.955,136.667,136.008,142.679,135.058,135.058
1812.8,116.416,130.826,139.591,118.955,136.598,135.973,142.524,135.022,134.987
1812.9,116.416,130.712,139.591,118.863,136.529,136.008,142.679,134.987,135.058
1813.0,116.368,130.75,139.558,118.863,136.529,136.043,142.555,134.987,134.987
1813.1,116.224,130.712,139.591,118.724,136.494,135.973,142.555,134.987,134.951
1813.2,116.272,130.712,139.624,118.724,136.529,135.973,142.555,134.951,134.951
1813.3,116.224,130.674,139.591,118.77,136.529,135.973,142.524,134.951,134.951
1813.4,116.176,130.635,139.591,118.678,136.529,135.973,142.524,134.915,134.915
1813.5,116.224,130.597,139.591,118.631,136.425,136.008,142.555,134.987,134.951
1813.6,116.128,130.52,139.591,118.631,136.356,135.973,142.555,134.987,134.951
1813.7,116.031,130.52,139.558,118.585,136.356,135.938,142.586,134.951,134.951
1813.8,116.031,130.405,139.558,118.539,136.321,135.973,142.524,134.987,134.915
1813.9,115.935,130.444,139.558,118.446,136.286,135.938,142.524,134.951,134.915
1814.0,115.935,130.367,139.526,118.399,136.252,135.938,142.586,134.88,134.88
1814.1,115.887,130.367,139.558,118.353,136.217,135.938,142.555,134.987,134.915
1814.2,115.887,130.29,139.526,118.353,136.217,135.938,142.524,134.915,134.915
1814.3,115.838,130.328,139.591,118.306,136.217,136.008,142.555,134.951,134.88
1814.4,115.887,130.251,139.526,118.26,136.043,135.903,142.493,134.88,134.844
1814.5,115.742,130.213,139.526,118.26,136.112,135.903,142.524,134.915,134.773
1814.6,115.742,130.213,139.526,118.166,136.112,135.938,142.617,134.915,134.844
1814.7,115.693,130.213,139.526,118.166,136.078,135.903,142.524,134.88,134.88
1814.8,115.693,130.174,139.526,118.166,136.043,135.903,142.586,134.88,134.844
1814.9,115.645,130.097,139.493,118.073,136.008,135.903,142.586,134.88,134.844
1815.0,115.596,130.097,139.526,118.026,135.973,135.903,142.493,134.88,134.844
1815.1,115.645,130.058,139.526,118.073,136.008,135.938,142.524,134.88,134.809
1815.2,115.596,130.097,139.493,117.979,135.938,135.973,142.524,134.809,134.809
1815.3,115.596,129.981,139.46,117.886,135.903,135.868,142.555,134.844,134.773
1815.4,115.548,129.981,139.526,117.932,135.903,135.868,142.524,134.88,134.844
1815.5,115.499,129.981,139.493,117.886,135.868,135.903,142.524,134.844,134.773
1815.6,115.499,129.942,139.493,117.839,135.763,135.868,142.524,134.844,134.773
1815.7,115.45,129.865,139.46,117.792,135.833,135.938,142.524,134.809,134.844
1815.8,115.402,129.865,139.526,117.792,135.833,135.903,142.493,134.88,134.809
1815.9,115.353,129.826,139.493,117.745,135.798,135.868,142.555,134.809,134.773
1816.0,115.353,129.826,139.526,117.745,135.833,135.903,142.524,134.844,134.773
1816.1,115.304,129.787,139.493,117.698,135.728,135.833,142.524,134.844,134.773
1816.2,115.304,129.826,139.46,117.651,135.623,135.868,142.43,134.809,134.844
1816.3,115.256,129.787,139.46,117.604,135.658,135.833,142.524,134.88,134.737
1816.4,115.158,129.632,139.427,117.509,135.658,135.868,142.493,134.809,134.737
1816.5,115.207,129.632,139.493,117.462,135.587,135.833,142.524,134.737,134.737
1816.6,115.109,129.593,139.46,117.509,135.587,135.798,142.524,134.773,134.737
1816.7,115.109,129.554,139.493,117.415,135.517,135.868,142.493,134.809,134.773
1816.8,115.06,129.554,139.427,117.415,135.517,135.833,142.43,134.773,134.666
1816.9,115.011,129.554,139.46,117.273,135.482,135.868,142.524,134.773,134.737
1817.0,114.962,129.359,139.493,117.321,135.447,135.833,142.493,134.737,134.702
1817.1,114.962,129.476,139.427,117.273,135.411,135.868,142.524,134.844,134.773
1817.2,114.864,129.398,139.427,117.226,135.411,135.833,142.493,134.737,134.702
1817.3,114.962,129.398,139.427,117.273,135.27,135.728,142.524,134.773,134.702
1817.4,114.913,129.32,139.558,117.179,135.376,135.798,142.493,134.737,134.702
1817.5,114.864,129.359,139.46,117.179,135.341,135.868,142.462,134.702,134.773
1817.6,114.864,129.32,139.427,117.084,135.341,135.833,142.524,134.737,134.666
1817.7,114.864,129.359,139.394,117.131,135.341,135.868,142.493,134.702,134.702
1817.8,114.766,129.281,139.427,117.131,135.305,135.763,142.462,134.737,134.666
1817.9,114.717,129.281,139.427,117.036,135.27,135.798,142.524,134.737,134.702
1818.0,114.766,129.202,139.394,117.036,135.27,135.798,142.524,134.737,134.666
1818.1,114.668,129.202,139.394,116.989,135.199,135.763,142.462,134.737,134.666
1818.2,114.619,129.163,139.46,116.941,135.199,135.903,142.462,134.702,134.63
1818.3,114.569,129.085,139.427,116.894,135.129,135.798,142.493,134.666,134.666
1818.4,114.668,129.085,139.394,116.846,135.164,135.763,142.43,134.702,134.63
1818.5,114.569,129.045,139.493,116.798,135.093,135.833,142.43,134.702,134.63
1818.6,114.52,129.045,139.362,116.798,135.129,135.833,142.462,134.702,134.702
1818.7,114.471,129.006,139.394,116.798,135.093,135.833,142.462,134.702,134.666
1818.8,114.52,129.006,139.493,116.751,135.022,135.798,142.493,134.63,134.63
1818.9,114.471,129.006,139.394,116.703,135.093,135.798,142.462,134.702,134.666
1819.0,114.421,128.967,139.394,116.703,134.987,135.798,142.462,134.702,134.594
1819.1,114.471,128.927,139.394,116.655,135.022,135.763,142.493,134.666,134.63
1819.2,114.421,128.967,139.427,116.655,134.987,135.763,142.493,134.666,134.594
1819.3,114.273,128.927,139.394,116.607,134.951,135.763,142.462,134.737,134.594
1819.4,114.372,128.849,139.362,116.56,134.915,135.763,142.43,134.666,134.63
1819.5,114.372,128.849,139.394,116.655,134.88,135.798,142.462,134.702,134.63
1819.6,114.421,128.77,139.394,116.56,134.88,135.763,142.462,134.666,134.666
1819.7,114.323,128.809,139.362,116.56,134.915,135.763,142.462,134.666,134.523
1819.8,114.273,128.73,139.394,116.416,134.88,135.728,142.462,134.63,134.666
1819.9,114.174,128.77,139.427,116.464,134.702,135.728,142.462,134.63,134.594
1820.0,114.224,128.612,139.362,116.416,134.773,135.728,142.43,134.63,134.559
1820.1,114.174,128.612,139.394,116.368,134.773,135.728,142.462,134.666,134.594
1820.2,114.125,128.612,139.394,116.368,134.666,135.728,142.462,134.666,134.63
1820.3,114.025,128.532,139.362,116.224,134.737,135.728,142.462,134.63,134.594
1820.4,113.976,128.453,139.362,116.224,134.559,135.728,142.43,134.594,134.559
1820.5,114.025,128.453,139.362,116.176,134.63,135.728,142.462,134.666,134.63
1820.6,113.976,128.493,139.329,116.128,134.63,135.763,142.43,134.594,134.594
1820.7,113.976,128.493,139.362,116.128,134.559,135.693,142.462,134.63,134.523
1820.8,113.926,128.572,139.329,116.128,134.523,135.728,142.493,134.594,134.523
1820.9,113.926,128.453,139.329,116.08,134.451,135.693,142.43,134.559,134.523
1821.0,113.876,128.374,139.362,116.08,134.487,135.728,142.462,134.594,134.559
1821.1,113.876,128.294,139.329,116.08,134.523,135.658,142.493,134.63,134.594
1821.2,113.826,128.334,139.362,116.031,134.451,135.693,142.462,134.594,134.523
1821.3,113.826,128.254,139.329,115.838,134.451,135.728,142.462,134.594,134.63
1821.4,113.777,128.254,139.329,115.935,134.415,135.693,142.399,134.63,134.523
1821.5,113.777,128.214,139.362,115.935,134.379,135.728,142.43,134.523,134.523
1821.6,113.727,128.214,139.329,115.887,134.343,135.728,142.43,134.594,134.523
1821.7,113.727,128.135,139.394,115.887,134.343,135.693,142.43,134.559,134.487
1821.8,113.677,128.135,139.427,115.887,134.308,135.693,142.43,134.523,134.487
1821.9,113.727,128.135,139.263,115.79,134.272,135.693,142.43,134.559,134.451
1822.0,113.677,128.135,139.296,115.742,134.308,135.693,142.43,134.523,134.523
1822.1,113.627,128.055,139.329,115.742,134.2,135.693,142.524,134.487,134.523
1822.2,113.627,128.095,139.296,115.742,134.236,135.693,142.462,134.487,134.523
1822.3,113.577,128.055,139.329,115.499,134.2,135.693,142.462,134.487,134.451
1822.4,113.527,127.975,139.329,115.693,134.164,135.623,142.399,134.523,134.559
1822.5,113.527,127.895,139.296,115.645,134.164,135.693,142.43,134.523,134.451
1822.6,113.427,127.855,139.296,115.645,134.127,135.693,142.43,134.559,134.451
1822.7,113.427,127.895,139.296,115.645,134.091,135.658,142.399,134.559,134.487
1822.8,113.427,127.855,139.296,115.499,134.055,135.693,142.399,134.487,134.451
1822.9,113.427,127.734,139.296,115.499,133.983,135.623,142.462,134.487,134.487
1823.0,113.326,127.734,139.296,115.45,134.019,135.658,142.524,134.415,134.451
1823.1,113.176,127.775,139.296,115.402,133.983,135.658,142.43,134.451,134.415
1823.2,113.326,127.775,139.263,115.304,133.947,135.693,142.462,134.487,134.451
1823.3,113.276,127.734,139.296,115.304,133.947,135.658,142.462,134.523,134.451
1823.4,113.226,127.694,139.296,115.402,133.947,135.623,142.368,134.451,134.415
1823.5,113.276,127.614,139.263,115.353,133.911,135.693,142.43,134.487,134.451
1823.6,113.276,127.614,139.362,115.304,133.838,135.693,142.399,134.451,134.451
1823.7,113.125,127.614,139.263,115.256,133.838,135.658,142.43,134.415,134.487
1823.8,113.125,127.574,139.263,115.256,133.838,135.693,142.399,134.451,134.451
1823.9,113.125,127.614,139.23,115.207,133.802,135.623,142.462,134.487,134.415
1824.0,113.125,127.574,139.329,115.256,133.802,135.623,142.399,134.487,134.379
1824.1,113.075,127.453,139.296,115.207,133.766,135.623,142.43,134.415,134.415
1824.2,113.075,127.412,139.23,115.158,133.729,135.658,142.462,134.487,134.415
1824.3,113.075,127.453,139.23,115.158,133.729,135.623,142.399,134.451,134.415
1824.4,113.075,127.493,139.263,115.109,133.62,135.587,142.43,134.451,134.379
1824.5,113.075,127.453,139.263,115.109,133.693,135.623,142.399,134.415,134.415
1824.6,113.025,127.372,139.362,115.109,133.657,135.623,142.399,134.487,134.415
1824.7,112.974,127.372,139.296,115.06,133.584,135.623,142.43,134.451,134.379
1824.8,112.974,127.412,139.263,115.06,133.62,135.623,142.43,134.343,134.379
1824.9,112.974,127.291,139.23,115.011,133.584,135.623,142.399,134.451,134.415
1825.0,112.873,127.251,139.296,114.962,133.548,135.587,142.368,134.415,134.379
1825.1,112.823,127.251,139.329,115.011,133.548,135.623,142.337,134.415,134.379
1825.2,112.823,127.251,139.197,114.913,133.511,135.552,142.399,134.379,134.379
1825.3,112.823,127.21,139.23,114.864,133.548,135.623,142.399,134.379,134.415
1825.4,112.873,127.17,139.23,114.864,133.438,135.623,142.43,134.379,134.379
1825.5,112.772,127.089,139.23,114.864,133.438,135.587,142.43,134.415,134.415
1825.6,112.772,127.129,139.263,114.815,133.402,135.587,142.43,134.487,134.415
1825.7,112.772,127.007,139.23,114.766,133.402,135.587,142.399,134.379,134.343
1825.8,112.671,127.048,139.23,114.717,133.365,135.587,142.368,134.415,134.379
1825.9,112.671,127.048,139.23,114.717,133.329,135.587,142.368,134.415,134.343
1826.0,112.722,127.007,139.23,114.717,133.329,135.623,142.399,134.415,134.415
1826.1,112.62,127.007,139.23,114.619,133.255,135.623,142.399,134.379,134.308
1826.2,112.671,127.007,139.197,114.717,133.292,135.693,142.43,134.415,134.343
1826.3,112.57,126.926,139.197,114.619,133.219,135.587,142.368,134.379,134.308
1826.4,112.62,126.967,139.23,114.619,133.255,135.623,142.337,134.379,134.379
1826.5,112.519,126.885,139.23,114.569,133.255,135.552,142.399,134.379,134.343
1826.6,112.519,126.845,139.164,114.52,133.182,135.552,142.43,134.379,134.379
1826.7,112.468,126.763,139.23,114.471,133.109,135.587,142.43,134.451,134.343
1826.8,112.468,126.722,139.197,114.471,133.109,135.552,142.399,134.343,134.308
1826.9,112.366,126.722,139.197,114.372,133.072,135.587,142.679,134.343,134.272
1827.0,112.316,126.682,139.164,114.372,133.035,135.552,142.368,134.343,134.272
1827.1,112.366,126.641,139.197,114.421,132.999,135.552,142.462,134.343,134.272
1827.2,112.316,126.6,139.197,114.323,132.962,135.552,142.368,134.343,134.343
1827.3,112.366,126.641,139.164,114.323,132.925,135.587,142.368,134.343,134.272
1827.4,112.163,126.559,139.197,114.273,132.962,135.552,142.399,134.379,134.379
1827.5,112.316,126.6,139.164,114.224,132.888,135.552,142.368,134.343,134.308
1827.6,112.214,126.518,139.263,114.174,132.888,135.587,142.399,134.343,134.2
1827.7,112.265,126.518,139.164,114.224,132.851,135.552,142.119,134.343,134.343
1827.8,112.214,126.477,139.164,114.273,132.925,135.552,142.368,134.308,134.308
1827.9,112.163,126.436,139.164,114.224,132.814,135.552,142.337,134.308,134.272
1828.0,112.163,126.395,139.131,114.125,132.814,135.552,142.368,134.343,134.272
1828.1,112.061,126.436,139.197,114.075,132.778,135.552,142.337,134.308,134.272
1828.2,112.061,126.354,139.164,114.125,132.778,135.552,142.368,134.308,134.272
1828.3,112.163,126.354,139.23,113.976,132.778,135.552,142.368,134.343,134.272
1828.4,112.061,126.395,139.197,114.075,132.778,135.552,142.368,134.308,134.272
1828.5,112.061,126.313,139.164,114.025,132.741,135.552,142.399,134.308,134.272
1828.6,112.009,126.313,139.164,114.025,132.704,135.552,142.337,134.308,134.2
1828.7,112.061,126.189,139.164,113.926,132.704,135.552,142.368,134.343,134.236
1828.8,112.061,126.231,139.164,113.926,132.63,135.552,142.368,134.308,134.272
1828.9,112.009,126.231,139.164,113.976,132.63,135.552,142.43,134.272,134.272
1829.0,111.958,126.189,139.164,113.976,132.63,135.517,142.337,134.272,134.236
1829.1,111.958,126.066,139.131,113.876,132.593,135.517,142.399,134.308,134.236
1829.2,111.907,126.107,139.164,113.826,132.519,135.517,142.337,134.272,134.308
1829.3,111.856,125.983,139.131,113.826,132.444,135.482,142.368,134.272,134.2
1829.4,111.753,126.066,139.164,113.826,132.593,135.517,142.399,134.272,134.2
1829.5,111.805,126.024,139.098,113.777,132.444,135.517,142.462,134.272,134.236
1829.6,111.753,126.024,139.131,113.777,132.444,135.517,142.368,134.308,134.236
1829.7,111.805,125.942,139.098,113.727,132.407,135.517,142.337,134.272,134.2
1829.8,111.753,125.942,139.164,113.727,132.333,135.517,142.399,134.236,134.2
1829.9,111.753,125.942,139.131,113.627,132.37,135.552,142.337,134.272,134.272
1830.0,111.702,125.818,139.098,113.627,132.296,135.517,142.306,134.272,134.164
1830.1,111.702,125.859,139.131,113.627,132.296,135.482,142.399,134.236,134.2
1830.2,111.702,125.818,139.131,113.627,132.333,135.482,142.399,134.308,134.2
1830.3,111.599,125.776,139.131,113.627,132.259,135.482,142.368,134.236,134.308
1830.4,111.65,125.776,139.131,113.627,132.259,135.517,142.368,134.164,134.2
1830.5,111.65,125.776,139.164,113.577,132.184,135.517,142.368,134.2,134.2
1830.6,111.599,125.776,139.131,113.527,132.221,135.482,142.368,134.2,134.2
1830.7,111.548,125.693,139.164,113.577,132.221,135.482,142.337,134.236,134.2
1830.8,111.548,125.652,139.164,113.477,131.96,135.447,142.368,134.2,134.164
1830.9,111.599,125.569,139.131,113.427,132.109,135.411,142.337,134.2,134.164
1831.0,111.496,125.652,139.098,113.477,132.109,135.517,142.337,134.272,134.164
1831.1,111.444,125.61,139.065,113.326,132.035,135.482,142.368,134.236,134.2
1831.2,111.496,125.61,139.131,113.377,132.072,135.482,142.306,134.236,134.2
1831.3,111.496,125.444,139.131,113.326,131.997,135.517,142.368,134.2,134.091
1831.4,111.393,125.527,139.065,113.326,131.96,135.482,142.368,134.2,134.164
1831.5,111.341,125.444,139.098,113.276,131.922,135.517,142.337,134.236,134.164
1831.6,111.29,125.402,139.131,113.226,131.885,135.447,142.399,134.2,134.127
1831.7,111.29,125.36,139.065,113.226,131.885,135.482,142.337,134.127,134.127
1831.8,111.341,125.36,139.131,113.176,131.81,135.517,142.368,134.236,134.127
1831.9,111.29,125.235,139.098,113.176,131.848,135.517,142.306,134.2,134.164
1832.0,111.238,125.277,139.131,113.125,131.772,135.447,142.306,134.308,134.127
1832.1,111.238,125.319,139.131,113.176,131.81,135.482,142.306,134.236,134.127
1832.2,111.186,125.235,139.065,113.125,131.81,135.447,142.368,134.127,134.164
1832.3,111.186,125.235,139.164,113.125,131.848,135.447,142.337,134.127,134.127
1832.4,111.134,125.026,139.098,113.075,131.697,135.447,142.306,134.164,134.127
1832.5,111.186,125.193,139.065,113.075,131.772,135.482,142.399,134.2,134.127
1832.6,111.083,125.151,139.098,112.974,131.697,135.447,142.337,134.164,134.127
1832.7,111.134,125.068,139.065,112.974,131.622,135.482,142.399,134.236,134.127
1832.8,111.134,125.151,139.065,113.025,131.622,135.447,142.368,134.055,134.127
1832.9,111.031,125.068,139.065,112.924,131.622,135.482,142.337,134.127,134.091
1833.0,111.083,125.068,139.098,112.924,131.66,135.517,142.212,134.236,134.055
1833.1,111.031,124.984,139.098,112.974,131.584,135.587,142.306,134.164,134.127
1833.2,111.083,124.984,139.032,112.974,131.509,135.447,142.337,134.127,134.091
1833.3,110.979,124.984,139.098,112.924,131.547,135.482,142.337,134.127,134.2
1833.4,110.927,124.942,139.065,112.873,131.584,135.447,142.306,134.127,134.127
1833.5,110.927,124.942,139.098,112.873,131.471,135.447,142.337,134.164,134.091
1833.6,110.927,124.984,139.098,112.873,131.396,135.447,142.212,134.2,134.055
1833.7,110.927,124.9,139.065,112.823,131.434,135.482,142.337,134.127,134.127
1833.8,110.875,124.858,139.065,112.772,131.434,135.411,142.337,134.127,134.055
1833.9,111.031,124.858,139.098,112.772,131.396,135.447,142.306,134.091,134.055
1834.0,110.927,124.816,139.065,112.772,131.396,135.482,142.399,134.2,134.055
1834.1,110.823,124.858,139.098,112.722,131.358,135.482,142.399,134.127,134.055
1834.2,110.979,124.816,139.032,112.671,131.396,135.447,142.337,134.127,134.127
1834.3,110.823,124.816,139.065,112.722,131.32,135.411,142.337,134.127,134.091
1834.4,110.823,124.689,139.032,112.671,131.32,135.447,142.306,134.164,134.091
1834.5,110.771,124.858,139.032,112.62,131.282,135.447,142.399,134.164,134.055
1834.6,110.927,124.689,139.065,112.62,131.245,135.411,142.337,134.164,134.055
1834.7,110.771,124.689,139.098,112.671,131.32,135.411,142.275,134.164,134.055
1834.8,110.719,124.647,139.065,112.62,131.245,135.411,142.337,134.127,134.091
1834.9,110.667,124.647,139.098,112.57,131.207,135.447,142.306,134.091,134.055
1835.0,110.719,124.605,139.065,112.519,131.169,135.447,142.337,134.091,134.055
1835.1,110.719,124.562,139.032,112.468,131.207,135.411,142.337,134.091,134.091
1835.2,110.719,124.562,138.999,112.519,131.093,135.376,142.337,134.091,134.127
1835.3,110.615,124.52,139.065,112.519,131.093,135.482,142.306,134.055,134.055
1835.4,110.562,124.478,139.032,112.468,131.093,135.411,142.337,134.127,134.019
1835.5,110.562,124.393,139.065,112.417,131.055,135.411,142.306,134.091,134.055
1835.6,110.562,124.478,139.032,112.468,130.979,135.447,142.306,134.055,134.019
1835.7,110.562,124.351,139.032,112.57,130.941,135.411,142.306,134.055,134.019
1835.8,110.562,124.436,139.032,112.417,131.055,135.447,142.306,134.091,134.019
1835.9,110.51,124.351,139.032,112.366,130.864,135.376,142.306,134.055,134.019
1836.0,110.615,124.308,139.065,112.417,130.941,135.411,142.306,134.091,134.019
1836.1,110.458,124.308,139.032,112.366,130.979,135.411,142.368,134.091,134.019
1836.2,110.51,124.308,139.098,112.316,130.941,135.411,142.337,134.055,134.019
1836.3,110.405,124.266,139.032,112.366,130.864,135.376,142.43,134.055,134.019
1836.4,110.458,124.308,139.098,112.265,130.864,135.411,142.275,134.091,133.983
1836.5,110.405,124.223,139.032,112.265,130.864,135.376,142.337,134.055,134.055
1836.6,110.405,124.181,138.999,112.366,130.864,135.482,142.306,134.055,134.019
1836.7,110.405,124.181,139.032,112.265,130.788,135.376,142.368,134.055,134.055
1836.8,110.353,124.138,139.032,112.366,130.788,135.411,142.337,134.055,133.947
1836.9,110.353,124.138,139.032,112.163,130.788,135.411,142.306,134.055,134.019
1837.0,110.353,124.138,139.032,112.214,130.75,135.447,142.306,134.055,133.983
1837.1,110.196,124.053,138.899,112.163,130.635,135.376,142.306,134.055,133.947
1837.2,110.353,124.011,139.032,112.112,130.712,135.447,142.275,134.091,134.055
1837.3,110.248,124.011,139.032,112.061,130.559,135.411,142.337,134.019,133.983
1837.4,110.248,123.925,138.999,112.009,130.597,135.376,142.306,134.055,134.019
1837.5,110.248,123.968,139.098,112.009,130.52,135.376,142.368,134.019,133.983
1837.6,110.143,123.797,139.032,111.856,130.52,135.376,142.337,133.983,133.947
1837.7,110.143,123.84,139.032,111.958,130.52,135.376,142.275,133.983,133.983
1837.8,110.091,123.797,139.032,111.907,130.405,135.376,142.306,133.983,134.019
1837.9,110.038,123.711,139.032,112.009,130.405,135.411,142.306,134.019,134.055
1838.0,110.038,123.711,138.999,111.907,130.367,135.341,142.337,134.019,133.983
1838.1,110.091,123.669,138.966,111.805,130.328,135.376,142.275,134.019,133.983
1838.2,110.038,123.669,138.999,111.753,130.328,135.376,142.306,134.055,133.947
1838.3,110.038,123.626,138.932,111.805,130.29,135.482,142.306,133.983,133.947
1838.4,109.933,123.583,138.999,111.753,130.251,135.341,142.275,134.019,133.911
1838.5,110.038,123.583,138.966,111.65,130.251,135.341,142.275,133.947,133.947
1838.6,109.985,123.583,138.999,111.753,130.213,135.411,142.306,134.019,133.983
1838.7,109.985,123.54,139.032,111.753,130.213,135.376,142.337,134.019,133.947
1838.8,109.933,123.497,138.966,111.753,130.174,135.341,142.244,133.983,133.911
1838.9,109.827,123.497,139.065,111.65,130.136,135.341,142.275,133.983,133.983
1839.0,109.88,123.411,138.966,111.702,130.136,135.376,142.306,133.983,133.911
1839.1,109.827,123.497,138.966,111.702,130.02,135.341,142.306,133.947,134.019
1839.2,109.827,123.411,138.999,111.702,130.174,135.341,142.275,133.983,133.874
1839.3,109.88,123.325,138.966,111.599,130.097,135.341,142.275,133.983,133.947
1839.4,109.827,123.411,138.966,111.599,130.097,135.341,142.244,133.983,133.874
1839.5,109.775,123.325,138.966,111.496,130.058,135.376,142.275,133.947,133.947
1839.6,109.775,123.325,138.999,111.599,130.02,135.411,142.244,134.019,133.947
1839.7,109.827,123.238,138.966,111.496,129.981,135.341,142.244,133.947,133.874
1839.8,109.722,123.282,138.966,111.496,129.942,135.341,142.306,133.983,133.911
1839.9,109.722,123.238,138.966,111.444,129.904,135.376,142.337,133.947,133.874
1840.0,109.669,123.109,139.032,111.444,129.826,135.376,142.275,133.947,133.947
1840.1,109.669,123.152,138.932,111.496,129.826,135.376,142.244,133.947,133.911
1840.2,109.616,123.109,138.966,111.496,129.749,135.376,142.275,133.947,133.911
1840.3,109.669,123.066,138.966,111.444,129.787,135.447,142.244,133.947,133.874
1840.4,109.563,123.066,138.966,111.341,129.749,135.305,142.337,133.911,133.874
1840.5,109.563,123.066,138.932,111.341,129.749,135.341,142.306,133.911,133.911
1840.6,109.563,122.936,138.966,111.393,129.671,135.341,142.275,133.947,133.911
1840.7,109.51,122.979,138.966,111.29,129.632,135.341,142.306,133.947,133.874
1840.8,109.563,122.936,138.966,111.341,129.71,135.411,142.306,133.947,133.874
1840.9,109.51,122.979,138.966,111.238,129.671,135.376,142.275,133.911,133.911
1841.0,109.51,122.936,138.999,111.29,129.749,135.305,142.275,133.947,133.874
1841.1,109.457,122.849,138.966,111.186,129.71,135.341,142.275,133.838,133.874
1841.2,109.51,122.892,138.932,111.238,129.632,135.341,142.275,133.947,133.874
1841.3,109.404,122.849,138.966,111.238,129.632,135.376,142.275,133.947,133.947
1841.4,109.51,122.805,138.966,111.186,129.593,135.341,142.306,133.947,133.874
1841.5,109.457,122.849,138.932,111.186,129.554,135.305,142.306,133.911,133.911
1841.6,109.457,122.805,138.966,111.186,129.554,135.341,142.275,133.983,133.874
1841.7,109.404,122.762,138.966,111.186,129.476,135.341,142.275,133.947,133.838
1841.8,109.404,122.718,138.966,111.134,129.515,135.411,142.244,133.947,133.874
1841.9,109.404,122.762,138.932,111.134,129.476,135.305,142.306,133.947,133.874
1842.0,109.457,122.718,138.932,111.083,129.437,135.305,142.244,133.874,133.911
1842.1,109.404,122.675,139.296,111.083,129.398,135.341,142.275,133.911,133.874
1842.2,109.244,122.544,138.966,110.927,129.32,135.305,142.244,133.874,133.874
1842.3,109.244,122.675,138.966,110.979,129.281,135.341,142.43,133.874,133.838
1842.4,109.244,122.5,138.932,111.031,129.359,135.305,142.244,133.947,133.838
1842.5,109.191,122.457,138.932,110.979,129.241,135.27,142.337,133.911,133.838
1842.6,109.244,122.457,138.932,110.927,129.202,135.305,142.275,133.874,133.838
1842.7,109.191,122.5,138.932,110.979,129.241,135.341,142.275,133.838,133.838
1842.8,109.244,122.457,138.932,111.031,129.281,135.341,142.306,133.911,133.838
1842.9,109.191,122.413,138.899,110.927,129.202,135.305,142.275,133.874,133.874
1843.0,109.138,122.369,138.899,110.927,129.163,135.305,142.275,133.874,133.874
1843.1,109.085,122.326,138.866,110.875,129.281,135.341,142.306,133.874,133.838
1843.2,109.191,122.369,138.899,110.875,129.124,135.305,142.306,133.874,133.838
1843.3,109.085,122.326,138.966,110.823,129.124,135.27,142.275,133.911,133.874
1843.4,109.031,122.326,138.932,110.771,129.045,135.305,142.337,133.983,133.802
1843.5,109.085,122.282,138.932,110.823,129.045,135.341,142.244,133.874,133.802
1843.6,109.031,122.282,139.032,110.823,129.006,135.305,142.306,133.911,133.838
1843.7,108.978,122.194,138.899,110.771,129.006,135.305,142.306,133.911,133.874
1843.8,108.978,122.106,138.932,110.771,128.927,135.27,142.275,133.874,133.838
1843.9,108.924,122.062,138.966,110.667,128.888,135.305,142.244,133.838,133.802
1844.0,108.924,122.062,138.932,110.667,128.888,135.305,142.306,133.874,133.838
1844.1,108.978,122.106,138.932,110.667,128.849,135.27,142.244,133.874,133.802
1844.2,108.871,122.018,138.899,110.615,128.77,135.341,142.244,133.802,133.802
1844.3,108.924,121.93,138.899,110.562,128.77,135.27,142.244,133.729,133.802
1844.4,108.871,122.062,138.932,110.615,128.77,135.235,142.244,133.838,133.802
1844.5,108.924,121.93,138.899,110.615,128.77,135.305,142.244,133.874,133.802
1844.6,108.817,121.93,138.899,110.562,128.73,135.305,142.306,133.874,133.838
1844.7,108.817,121.886,138.899,110.562,128.73,135.27,142.306,133.838,133.874
1844.8,108.71,121.93,138.966,110.562,128.73,135.27,142.212,133.802,133.838
1844.9,108.817,121.842,138.899,110.562,128.651,135.305,142.275,133.874,133.838
1845.0,108.71,121.842,138.966,110.51,128.572,135.305,142.306,133.766,133.802
1845.1,108.764,121.798,138.932,110.51,128.572,135.27,142.244,133.838,133.766
1845.2,108.764,121.754,138.866,110.458,128.572,135.27,142.275,133.838,133.766
1845.3,108.71,121.798,138.866,110.51,128.493,135.27,142.212,133.802,133.802
1845.4,108.657,121.71,138.899,110.458,128.532,135.341,142.306,133.838,133.838
1845.5,108.764,121.665,138.866,110.353,128.493,135.341,142.181,133.766,133.838
1845.6,108.71,121.665,138.966,110.405,128.493,135.27,142.212,133.802,133.766
1845.7,108.657,121.621,138.866,110.353,128.453,135.235,142.244,133.802,133.802
1845.8,108.657,121.621,138.866,110.353,128.413,135.235,142.306,133.838,133.729
1845.9,108.603,121.621,138.899,110.353,128.413,135.235,142.275,133.802,133.766
1846.0,108.603,121.577,138.866,110.248,128.413,135.27,142.275,133.802,133.766
1846.1,108.549,121.488,138.899,110.301,128.334,135.27,142.244,133.802,133.729
1846.2,108.549,121.488,138.8,110.196,128.294,135.27,142.275,133.766,133.729
1846.3,108.549,121.311,138.966,110.301,128.294,135.27,142.275,133.766,133.729
1846.4,108.549,121.444,138.899,110.196,128.254,135.27,142.306,133.766,133.729
1846.5,108.495,121.266,138.866,110.248,128.254,135.27,142.306,133.729,133.766
1846.6,108.549,121.399,138.899,110.196,128.175,135.27,142.244,133.802,133.729
1846.7,108.495,121.444,138.833,110.196,128.254,135.305,142.244,133.766,133.729
1846.8,108.442,121.355,138.899,110.196,128.175,135.305,142.244,133.802,133.729
1846.9,108.549,121.355,138.899,110.196,128.175,135.27,142.244,133.802,133.729
1847.0,108.388,121.311,138.899,110.248,128.095,135.27,142.275,133.802,133.657
1847.1,108.442,121.355,138.899,110.248,128.095,135.235,142.244,133.802,133.766
1847.2,108.495,121.311,138.866,110.143,128.095,135.27,142.244,133.766,133.729
1847.3,108.442,121.311,138.966,110.091,128.095,135.235,142.212,133.802,133.693
1847.4,108.334,121.088,138.866,109.933,127.975,135.235,142.275,133.802,133.729
1847.5,108.334,121.088,138.899,109.985,128.095,135.235,142.244,133.766,133.729
1847.6,108.334,121.043,138.899,109.985,127.935,135.27,142.275,133.766,133.729
1847.7,108.28,121.088,138.866,109.985,127.895,135.235,142.306,133.766,133.729
1847.8,108.334,120.998,138.866,109.985,128.015,135.376,142.181,133.729,133.693
1847.9,108.334,120.998,138.899,109.985,127.815,135.27,142.244,133.766,133.729
1848.0,108.226,120.954,138.866,109.933,127.815,135.27,142.212,133.766,133.693
1848.1,108.226,120.998,138.899,110.038,127.855,135.199,142.181,133.766,133.693
1848.2,108.172,120.954,138.866,110.091,127.775,135.27,142.244,133.729,133.693
1848.3,108.226,120.909,138.866,109.933,127.815,135.235,142.244,133.766,133.729
1848.4,108.226,120.864,138.866,109.88,127.734,135.235,142.244,133.729,133.693
1848.5,108.118,120.909,138.833,109.933,127.775,135.27,142.212,133.802,133.766
1848.6,108.172,120.864,138.866,109.827,127.734,135.305,142.275,133.729,133.729
1848.7,108.118,120.864,138.899,109.88,127.694,135.235,142.275,133.766,133.766
1848.8,108.172,120.819,138.866,109.827,127.734,135.27,142.244,133.766,133.693
1848.9,108.172,120.775,138.833,109.827,127.654,135.27,142.244,133.766,133.693
1849.0,108.118,120.775,138.899,109.775,127.654,135.235,142.212,133.766,133.693
1849.1,108.172,120.73,138.866,109.775,127.614,135.235,142.275,133.693,133.693
1849.2,108.118,120.685,138.833,109.722,127.533,135.235,142.244,133.802,133.729
1849.3,108.064,120.595,138.866,109.722,127.533,135.235,142.181,133.693,133.693
1849.4,108.064,120.64,138.866,109.775,127.493,135.235,142.212,133.729,133.693
1849.5,108.01,120.595,138.833,109.722,127.533,135.235,142.275,133.729,133.62
1849.6,108.064,120.55,138.833,109.722,127.412,135.199,142.212,133.729,133.693
1849.7,108.064,120.505,138.899,109.669,127.412,135.235,142.244,133.693,133.657
1849.8,107.955,120.46,138.833,109.669,127.412,135.27,142.244,133.729,133.657
1849.9,107.955,120.46,138.833,109.563,127.332,135.235,142.212,133.766,133.693
1850.0,107.955,120.46,138.866,109.722,127.412,135.235,142.244,133.657,133.693
1850.1,107.901,120.37,138.866,109.563,127.332,135.235,142.212,133.693,133.657
1850.2,107.955,120.415,138.833,109.616,127.251,135.199,142.275,133.729,133.693
1850.3,107.901,120.37,138.866,109.563,127.251,135.235,142.212,133.729,133.657
1850.4,107.955,120.37,138.833,109.563,127.251,135.199,142.212,133.729,133.657
1850.5,107.847,120.324,138.833,109.616,127.21,135.199,142.275,133.729,133.693
1850.6,107.901,120.324,138.866,109.563,127.251,135.27,142.275,133.657,133.657
1850.7,107.901,120.279,138.866,109.51,127.251,135.199,142.212,133.729,133.693
1850.8,107.847,120.279,138.866,109.563,127.21,135.235,142.244,133.693,133.657
1850.9,107.793,120.324,138.866,109.51,127.21,135.27,142.212,133.729,133.657
1851.0,107.847,120.234,138.833,109.457,127.129,135.199,142.244,133.693,133.693
1851.1,107.793,120.234,138.8,109.457,127.129,135.199,142.212,133.657,133.693
1851.2,107.793,120.189,138.833,109.51,127.089,135.235,142.181,133.766,133.657
1851.3,107.847,120.098,138.899,109.51,127.129,135.199,142.212,133.693,133.657
1851.4,107.738,120.144,138.833,109.457,127.048,135.199,142.244,133.729,133.657
1851.5,107.793,120.144,138.833,109.457,127.048,135.235,142.212,133.766,133.62
1851.6,107.793,120.144,138.8,109.563,127.007,135.199,142.244,133.729,133.693
1851.7,107.738,120.098,138.8,109.404,127.048,135.235,142.212,133.729,133.693
1851.8,107.684,120.053,138.833,109.404,126.967,135.235,142.212,133.729,133.693
1851.9,107.684,120.053,138.8,109.457,126.926,135.235,142.275,133.657,133.657
1852.0,107.684,119.917,138.833,109.457,126.845,135.235,142.306,133.693,133.657
1852.1,107.684,120.007,138.8,109.351,126.885,135.235,142.212,133.693,133.62
1852.2,107.684,119.962,138.833,109.351,126.845,135.235,142.244,133.729,133.62
1852.3,107.575,119.871,138.833,109.298,126.845,135.199,142.244,133.693,133.657
1852.4,107.63,119.826,138.8,109.298,126.804,135.199,142.212,133.657,133.62
1852.5,107.63,119.826,138.833,109.298,126.845,135.27,142.244,133.657,133.62
1852.6,107.63,119.78,138.7,109.298,126.641,135.199,142.244,133.657,133.584
1852.7,107.575,119.826,138.8,109.298,126.682,135.199,142.212,133.693,133.584
1852.8,107.63,119.735,138.833,109.244,126.722,135.199,142.181,133.729,133.62
1852.9,107.684,119.78,138.8,109.191,126.682,135.199,142.275,133.693,133.584
1853.0,107.521,119.735,138.833,109.244,126.682,135.199,142.212,133.62,133.62
1853.1,107.575,119.826,138.833,109.244,126.722,135.199,142.212,133.657,133.657
1853.2,107.521,119.735,138.8,109.138,126.6,135.199,142.212,133.657,133.584
1853.3,107.521,119.643,138.833,109.138,126.6,135.199,142.212,133.657,133.584
1853.4,107.466,119.689,138.8,109.138,126.559,135.199,142.244,133.657,133.584
1853.5,107.521,119.643,138.767,109.191,126.6,135.199,142.181,133.693,133.693
1853.6,106.532,119.598,138.866,109.138,126.559,135.199,142.212,133.62,133.584
1853.7,107.466,119.598,138.767,109.085,126.641,135.235,142.244,133.584,133.657
1853.8,107.466,119.552,138.8,109.138,126.477,135.199,142.181,133.657,133.584
1853.9,107.466,119.552,138.8,109.138,126.477,135.199,142.212,133.657,133.584
1854.0,107.411,119.552,138.833,109.031,126.395,135.199,142.212,133.62,133.584
1854.1,107.411,119.506,138.767,109.031,126.354,135.199,142.244,133.62,133.548
1854.2,107.411,119.461,138.833,109.031,126.354,135.235,142.244,133.693,133.657
1854.3,107.411,119.415,138.833,109.085,126.313,135.164,142.212,133.657,133.584
1854.4,107.302,119.369,138.833,108.978,126.354,135.199,142.212,133.584,133.584
1854.5,107.302,119.369,138.8,108.978,126.272,135.199,142.212,133.62,133.62
1854.6,107.466,119.415,138.833,108.978,126.313,135.164,142.212,133.548,133.584
1854.7,107.357,119.323,138.866,108.924,126.231,135.164,142.212,133.657,133.584
1854.8,107.302,119.323,138.767,108.978,126.231,135.199,142.212,133.62,133.511
1854.9,107.302,119.277,138.8,108.978,126.272,135.199,142.212,133.62,133.548
1855.0,107.302,119.277,138.767,108.924,126.148,135.235,142.212,133.657,133.548
1855.1,107.247,119.185,138.8,108.871,126.189,135.199,142.212,133.62,133.511
1855.2,107.193,119.185,138.866,108.871,126.189,135.199,142.181,133.62,133.584
1855.3,107.302,119.139,138.866,108.817,126.107,135.164,142.212,133.62,133.548
1855.4,107.247,119.185,138.767,108.871,126.107,135.164,142.181,133.584,133.548
1855.5,107.193,119.139,138.833,108.871,126.066,135.235,142.212,133.657,133.62
1855.6,107.193,119.047,138.8,108.764,126.066,135.164,142.212,133.584,133.584
1855.7,107.193,119.093,138.866,108.871,125.983,135.093,142.275,133.62,133.548
1855.8,107.028,119.047,138.7,108.817,125.983,135.164,142.212,133.584,133.548
1855.9,107.193,119.047,138.767,108.817,126.024,135.164,142.244,133.584,133.584
1856.0,107.247,119.047,138.833,108.764,126.024,135.27,142.212,133.62,133.548
1856.1,107.138,119.047,138.8,108.764,126.024,135.164,142.212,133.62,133.548
1856.2,107.138,118.955,138.767,108.764,125.942,135.093,142.15,133.584,133.548
1856.3,107.138,118.955,138.8,108.817,125.942,135.164,142.212,133.584,133.511
1856.4,107.193,118.955,138.833,108.871,125.983,135.164,142.244,133.62,133.548
1856.5,107.138,118.909,138.833,108.71,125.859,135.199,142.212,133.584,133.511
1856.6,107.138,118.909,138.767,108.764,125.859,135.199,142.15,133.62,133.548
1856.7,107.083,118.909,138.8,108.71,125.859,135.129,142.244,133.584,133.475
1856.8,107.083,118.863,138.899,108.549,125.735,135.199,142.212,133.584,133.548
1856.9,107.083,118.817,138.833,108.657,125.735,135.164,142.181,133.584,133.548
1857.0,106.973,118.863,138.8,108.657,125.735,135.199,142.212,133.584,133.584
1857.1,107.028,118.724,138.733,108.657,125.735,135.235,142.181,133.584,133.548
1857.2,106.973,118.678,138.767,108.71,125.735,135.129,142.212,133.584,133.548
1857.3,106.973,118.678,138.733,108.603,125.652,135.164,142.181,133.584,133.548
1857.4,107.028,118.77,138.767,108.549,125.61,135.199,142.087,133.584,133.548
1857.5,106.973,118.585,138.767,108.549,125.61,135.164,142.212,133.584,133.548
1857.6,106.973,118.631,138.767,108.603,125.527,135.199,142.244,133.657,133.548
1857.7,106.918,118.631,138.767,108.603,125.527,135.164,142.15,133.548,133.511
1857.8,106.973,118.539,138.767,108.603,125.527,135.235,142.244,133.584,133.584
1857.9,106.808,118.539,138.833,108.657,125.485,135.164,142.212,133.62,133.511
1858.0,106.918,118.539,138.767,108.495,125.527,135.199,142.181,133.548,133.548
1858.1,106.918,118.492,138.8,108.442,125.485,135.199,142.212,133.657,133.548
1858.2,106.918,118.492,138.833,108.549,125.444,135.129,142.212,133.584,133.511
1858.3,106.918,118.492,138.833,108.549,125.485,135.164,142.244,133.548,133.548
1858.4,106.808,118.446,138.8,108.442,125.402,135.199,142.212,133.548,133.511
1858.5,106.863,118.399,138.8,108.549,125.36,135.164,142.181,133.62,133.511
1858.6,106.863,118.399,138.767,108.442,125.36,135.199,142.212,133.548,133.62
1858.7,106.863,118.353,138.8,108.442,125.319,135.164,142.15,133.511,133.511
1858.8,106.753,118.306,138.767,108.388,125.277,135.164,142.181,133.548,133.548
1858.9,106.753,118.26,138.733,108.388,125.235,135.164,142.181,133.584,133.511
1859.0,106.753,118.166,138.833,108.388,125.193,135.199,142.181,133.548,133.511
1859.1,106.698,118.26,138.767,108.388,125.151,135.164,142.212,133.548,133.511
1859.2,106.698,118.166,138.767,108.388,125.151,135.164,142.212,133.548,133.511
1859.3,106.753,118.12,138.8,108.334,125.151,135.129,142.212,133.511,133.511
1859.4,106.698,118.213,138.767,108.388,125.11,135.129,142.181,133.548,133.511
1859.5,106.698,118.073,138.767,108.334,125.068,135.199,142.212,133.511,133.548
1859.6,106.698,118.073,138.8,108.334,125.068,135.199,142.212,133.62,133.475
1859.7,106.698,118.12,138.833,108.334,125.068,135.129,142.275,133.511,133.511
1859.8,106.643,118.026,138.733,108.334,125.068,135.164,142.212,133.548,133.475
1859.9,106.588,118.026,138.767,108.226,125.068,135.129,142.212,133.511,133.511
1860.0,106.643,118.073,138.767,108.28,124.984,135.164,142.181,133.511,133.548
1860.1,106.588,117.979,138.767,108.28,124.984,135.164,142.212,133.511,133.475
1860.2,106.588,117.932,138.733,108.28,124.984,135.164,142.181,133.548,133.511
1860.3,106.643,117.979,138.733,108.28,124.942,135.164,142.244,133.548,133.511
1860.4,106.588,117.886,138.767,108.226,124.9,135.022,142.181,133.548,133.475
1860.5,106.588,117.886,138.767,108.226,124.858,135.164,142.212,133.548,133.475
1860.6,106.643,117.886,138.833,108.172,124.984,135.164,142.181,133.548,133.475
1860.7,106.532,117.792,138.767,108.226,124.773,135.164,142.181,133.511,133.438
1860.8,106.532,117.792,138.633,108.118,124.773,135.164,142.212,133.511,133.511
1860.9,106.477,117.792,138.767,108.118,124.773,135.129,142.181,133.475,133.475
1861.0,106.588,117.745,138.8,108.172,124.731,135.199,142.181,133.475,133.475
1861.1,106.477,117.698,138.733,108.118,124.647,135.27,142.181,133.548,133.548
1861.2,106.477,117.698,138.767,108.064,124.689,135.129,142.244,133.511,133.475
1861.3,106.477,117.698,138.767,108.172,124.647,135.199,142.212,133.548,133.475
1861.4,106.477,117.651,138.767,108.064,124.605,135.164,142.212,133.475,133.475
1861.5,106.422,117.509,138.767,108.064,124.731,135.164,142.181,133.511,133.475
1861.6,106.477,117.651,138.833,108.064,124.605,135.164,142.15,133.511,133.584
1861.7,106.422,117.604,138.8,108.01,124.562,135.164,142.181,133.584,133.475
1861.8,106.422,117.557,138.733,108.01,124.478,135.129,142.212,133.475,133.475
1861.9,106.422,117.557,138.767,108.01,124.52,135.164,142.181,133.475,133.475
1862.0,106.366,117.509,138.733,108.064,124.52,135.164,142.181,133.475,133.438
1862.1,106.311,117.462,138.767,107.955,124.478,135.129,142.181,133.511,133.438
1862.2,106.366,117.462,138.767,107.955,124.436,135.164,142.212,133.402,133.438
1862.3,106.311,117.415,138.767,107.901,124.393,135.164,142.181,133.475,133.402
1862.4,106.311,117.368,138.733,107.955,124.393,135.129,142.181,133.475,133.475
1862.5,106.366,117.368,138.767,107.955,124.393,135.129,142.212,133.475,133.438
1862.6,106.255,117.273,138.733,107.847,124.351,135.164,142.212,133.475,133.438
1862.7,106.366,117.273,138.733,107.955,124.393,135.164,142.275,133.438,133.438
1862.8,106.255,117.321,138.767,107.793,124.351,135.129,142.244,133.438,133.438
1862.9,106.311,117.273,138.767,107.901,124.351,135.129,142.087,133.475,133.475
1863.0,106.255,117.273,138.7,107.901,124.266,135.129,142.181,133.475,133.438
1863.1,106.255,117.226,138.833,107.901,124.223,135.129,142.15,133.475,133.511
1863.2,106.2,117.179,138.733,107.847,124.223,135.164,142.181,133.548,133.402
1863.3,106.255,117.226,138.733,107.955,124.223,135.164,142.181,133.475,133.475
1863.4,106.255,117.131,138.7,107.684,124.181,135.129,142.181,133.511,133.402
1863.5,106.2,117.131,138.833,107.847,124.138,135.164,142.212,133.511,133.402
1863.6,106.2,117.131,138.733,107.793,124.138,135.129,142.181,133.475,133.438
1863.7,106.2,117.131,138.767,107.793,124.053,135.093,142.212,133.475,133.438
1863.8,106.2,116.989,138.733,107.793,124.096,135.129,142.212,133.475,133.402
1863.9,106.144,116.989,138.7,107.738,124.053,135.164,142.15,133.475,133.475
1864.0,106.089,116.989,138.733,107.738,124.011,135.164,142.181,133.475,133.438
1864.1,106.2,116.941,138.733,107.738,123.968,135.129,142.181,133.511,133.402
1864.2,106.144,116.941,138.733,107.684,123.968,135.305,142.181,133.438,133.402
1864.3,106.089,116.894,138.733,107.684,123.925,135.164,142.181,133.511,133.402
1864.4,106.089,116.846,138.7,107.684,123.925,135.129,142.15,133.511,133.402
1864.5,106.033,116.798,138.767,107.738,123.925,135.129,142.181,133.475,133.402
1864.6,106.089,116.894,138.767,107.63,123.883,135.129,142.212,133.475,133.329
1864.7,106.089,116.798,138.7,107.575,123.797,135.199,142.181,133.548,133.475
1864.8,106.033,116.703,138.733,107.63,123.754,135.129,142.275,133.438,133.475
1864.9,106.033,116.751,138.733,107.63,123.797,135.129,142.181,133.438,133.402
1865.0,106.033,116.655,138.767,107.63,123.754,135.129,142.181,133.402,133.402
1865.1,105.977,116.703,138.733,107.684,123.754,135.093,142.15,133.438,133.438
1865.2,106.033,116.846,138.733,107.575,123.711,135.129,142.181,133.438,133.402
1865.3,105.977,116.655,138.733,107.684,123.711,135.129,142.212,133.438,133.402
1865.4,105.977,116.703,138.733,107.63,123.669,135.129,142.15,133.475,133.402
1865.5,105.977,116.56,138.767,107.575,123.669,135.129,142.181,133.584,133.438
1865.6,105.922,116.655,138.733,107.738,123.583,135.093,142.15,133.475,133.402
1865.7,105.922,116.56,138.733,107.521,123.583,135.129,142.181,133.438,133.402
1865.8,105.977,116.512,138.733,107.575,123.669,135.129,142.181,133.475,133.402
1865.9,105.866,116.512,138.733,107.521,123.368,135.093,142.181,133.402,133.402
1866.0,105.922,116.416,138.733,107.521,123.454,135.164,142.15,133.438,133.365
1866.1,105.866,116.464,138.733,107.521,123.411,135.093,142.119,133.438,133.402
1866.2,105.866,116.512,138.667,107.466,123.411,135.164,142.181,133.438,133.365
1866.3,105.922,116.272,138.7,107.466,123.325,135.129,142.181,133.475,133.365
1866.4,105.866,116.272,138.733,107.466,123.368,135.093,142.212,133.438,133.402
1866.5,105.81,116.32,138.633,107.411,123.368,135.093,142.181,133.402,133.365
1866.6,105.81,116.32,138.7,107.466,123.282,135.058,142.181,133.402,133.402
1866.7,105.81,116.224,138.7,107.466,123.282,135.129,142.181,133.438,133.365
1866.8,105.81,115.935,138.7,107.411,123.195,135.129,142.212,133.438,133.365
1866.9,105.81,116.176,138.7,107.357,123.325,135.129,142.15,133.438,133.402
1867.0,105.698,116.224,138.667,107.247,123.152,135.129,142.181,133.438,133.365
1867.1,105.81,116.128,138.733,107.357,123.195,135.129,142.181,133.475,133.365
1867.2,105.698,116.128,138.7,107.357,123.152,135.093,142.181,133.475,133.329
1867.3,105.698,116.128,138.7,107.302,123.152,135.129,142.181,133.438,133.365
1867.4,105.698,115.983,138.7,107.357,123.066,135.093,142.181,133.438,133.438
1867.5,105.698,115.983,138.7,107.302,123.066,135.129,142.181,133.402,133.365
1867.6,105.642,115.983,138.733,107.302,123.022,135.093,142.275,133.365,133.365
1867.7,105.754,115.983,138.7,107.302,122.979,135.093,142.181,133.402,133.365
1867.8,105.642,115.935,138.667,107.357,122.979,135.129,142.15,133.365,133.329
1867.9,105.698,115.935,138.7,107.247,122.979,135.129,142.181,133.402,133.329
1868.0,105.642,115.887,138.7,107.247,123.022,135.129,142.181,133.402,133.365
1868.1,105.642,115.887,138.7,107.247,122.849,135.093,142.181,133.402,133.365
1868.2,105.642,115.887,138.7,107.357,122.936,135.129,142.181,133.402,133.365
1868.3,105.754,115.742,138.7,107.193,122.892,135.093,142.181,133.438,133.292
1868.4,105.586,115.79,138.767,107.193,122.849,135.093,142.15,133.402,133.402
1868.5,105.586,115.838,138.667,107.193,122.849,135.129,142.212,133.402,133.329
1868.6,105.642,115.645,138.7,107.138,122.718,135.093,142.212,133.438,133.365
1868.7,105.53,115.742,138.733,107.247,122.718,135.129,142.181,133.402,133.329
1868.8,105.53,115.742,138.767,107.193,122.849,135.093,142.15,133.402,133.329
1868.9,105.53,115.645,138.7,107.193,122.718,135.164,142.181,133.402,133.365
1869.0,105.53,115.645,138.7,107.138,122.675,135.058,142.15,133.365,133.365
1869.1,105.53,115.693,138.667,107.193,122.718,135.164,142.181,133.402,133.329
1869.2,105.53,115.596,138.8,107.138,122.675,135.093,142.15,133.402,133.329
1869.3,105.53,115.596,138.733,107.083,122.631,135.093,142.212,133.365,133.365
1869.4,105.53,115.548,138.7,107.138,122.588,135.129,142.181,133.402,133.292
1869.5,105.53,115.596,138.667,107.083,122.718,135.093,142.15,133.365,133.402
1869.6,105.53,115.596,138.567,107.083,122.544,135.058,142.212,133.365,133.329
1869.7,105.474,115.499,138.7,107.083,122.588,135.093,142.181,133.438,133.365
1869.8,105.53,115.596,138.7,107.028,122.5,135.058,142.15,133.402,133.329
1869.9,105.474,115.45,138.667,107.083,122.544,135.093,142.181,133.402,133.329
1870.0,105.53,115.499,138.7,107.083,122.413,135.164,142.15,133.365,133.329
1870.1,105.418,115.45,138.7,107.138,122.5,135.093,142.15,133.365,133.329
1870.2,105.418,115.402,138.667,107.028,122.5,135.093,142.15,133.365,133.329
1870.3,105.418,115.402,138.633,106.973,122.413,135.093,142.181,133.365,133.329
1870.4,105.418,115.45,138.7,107.028,122.457,135.093,142.212,133.365,133.329
1870.5,105.474,115.207,138.633,107.028,122.326,135.093,142.181,133.402,133.329
1870.6,105.418,115.304,138.733,107.028,122.369,135.093,142.15,133.402,133.329
1870.7,105.362,115.207,138.767,107.083,122.369,135.093,142.119,133.365,133.329
1870.8,105.362,115.256,138.733,107.028,122.326,135.129,142.181,133.365,133.329
1870.9,105.362,115.256,138.667,106.973,122.282,135.093,142.15,133.402,133.365
1871.0,105.418,115.158,138.633,107.028,122.282,135.129,142.15,133.365,133.329
1871.1,105.306,115.207,138.667,106.918,122.238,135.093,142.15,133.438,133.329
1871.2,105.306,115.109,138.733,106.863,122.194,135.093,142.15,133.438,133.329
1871.3,105.306,115.011,138.7,106.863,122.106,135.093,142.15,133.365,133.329
1871.4,105.306,115.06,138.733,106.918,122.15,135.129,142.15,133.365,133.329
1871.5,105.306,115.011,138.667,106.863,122.062,135.058,142.181,133.365,133.365
1871.6,105.249,115.011,138.667,106.808,122.062,135.129,142.181,133.329,133.365
1871.7,105.249,114.962,138.733,106.918,122.15,135.093,142.181,133.365,133.292
1871.8,105.08,114.962,138.7,106.863,121.974,135.093,142.181,133.438,133.219
1871.9,105.306,114.962,138.767,106.808,121.974,135.093,142.15,133.402,133.292
1872.0,105.193,114.913,138.667,106.808,121.974,135.058,142.181,133.365,133.292
1872.1,105.137,114.864,138.7,106.808,122.018,135.093,142.15,133.365,133.329
1872.2,105.193,114.864,138.667,106.808,121.93,135.058,142.15,133.329,133.292
1872.3,105.193,114.864,138.667,106.808,121.93,135.093,142.181,133.365,133.292
1872.4,105.08,114.913,138.667,106.753,121.886,135.058,142.15,133.292,133.365
1872.5,105.193,114.815,138.733,106.808,121.842,135.058,142.15,133.329,133.329
1872.6,105.193,114.815,138.667,106.698,121.886,135.058,142.181,133.365,133.255
1872.7,105.193,114.815,138.7,106.753,121.842,135.058,142.181,133.329,133.292
1872.8,105.137,114.766,138.733,106.753,121.798,135.058,142.15,133.365,133.329
1872.9,105.137,114.717,138.7,106.753,121.842,135.129,142.119,133.329,133.292
1873.0,105.193,114.766,138.7,106.753,121.754,135.093,142.181,133.365,133.255
1873.1,105.137,114.668,138.7,106.698,121.886,135.058,142.15,133.292,133.329
1873.2,105.08,114.668,138.633,106.753,121.754,135.129,142.181,133.329,133.329
1873.3,105.08,114.668,138.7,106.698,121.71,135.058,142.181,133.292,133.329
1873.4,105.08,114.668,138.7,106.698,121.71,135.129,142.15,133.329,133.292
1873.5,105.137,114.569,138.667,106.698,121.621,135.093,142.181,133.402,133.329
1873.6,105.024,114.52,138.667,106.698,121.621,135.022,142.15,133.329,133.292
1873.7,105.137,114.421,138.7,106.643,121.577,135.093,142.15,133.329,133.292
1873.8,105.024,114.421,138.667,106.588,121.488,135.093,142.212,133.329,133.292
1873.9,105.024,114.471,138.6,106.588,121.399,135.093,142.15,133.329,133.255
1874.0,104.967,114.372,138.667,106.698,121.399,135.058,142.181,133.329,133.292
1874.1,105.024,114.323,138.7,106.588,121.399,135.058,142.15,133.329,133.255
1874.2,104.967,114.323,138.633,106.477,121.399,135.058,142.181,133.329,133.255
1874.3,104.967,114.372,138.667,106.588,121.399,135.022,142.119,133.329,133.292
1874.4,105.024,114.323,138.7,106.532,121.311,135.093,142.181,133.329,133.255
1874.5,104.854,114.273,138.667,106.643,121.355,135.058,142.119,133.329,133.292
1874.6,104.967,114.323,138.667,106.532,121.311,135.058,142.181,133.292,133.255
1874.7,104.911,114.273,138.633,106.588,121.266,135.058,142.087,133.292,133.329
1874.8,104.967,114.224,138.7,106.532,121.266,135.058,142.15,133.402,133.329
1874.9,104.911,114.323,138.567,106.588,121.311,135.022,142.212,133.402,133.255
1875.0,104.911,114.273,138.633,106.532,121.222,135.058,142.181,133.365,133.255
1875.1,104.911,114.125,138.7,106.477,121.222,135.093,142.181,133.255,133.255
1875.2,104.911,114.174,138.667,106.532,121.177,135.058,142.15,133.329,133.255
1875.3,104.911,114.125,138.667,106.532,121.177,135.093,142.15,133.402,133.255
1875.4,104.911,114.125,138.667,106.477,121.177,135.093,142.181,133.329,133.219
1875.5,104.854,114.075,138.733,106.477,121.132,135.093,142.15,133.329,133.219
1875.6,104.741,114.075,138.667,106.477,121.132,135.058,142.244,133.292,133.255
1875.7,104.854,114.025,138.633,106.422,121.088,135.058,142.181,133.255,133.255
1875.8,104.854,113.976,138.899,106.477,121.043,135.058,142.119,133.329,133.292
1875.9,104.854,113.926,138.667,106.477,121.043,135.129,142.15,133.329,133.292
1876.0,104.741,113.926,138.667,106.532,120.998,135.058,142.119,133.292,133.219
1876.1,104.798,113.926,138.7,106.422,120.864,135.058,142.15,133.329,133.219
1876.2,104.911,113.826,138.7,106.422,120.998,135.058,142.15,133.329,133.182
1876.3,104.741,113.876,138.7,106.311,120.909,135.058,142.244,133.292,133.219
1876.4,104.798,113.876,138.7,106.477,120.864,135.129,142.119,133.292,133.511
1876.5,104.798,113.876,138.667,106.366,120.864,135.093,142.119,133.292,133.255
1876.6,104.798,113.826,138.667,106.366,120.819,135.058,142.15,133.292,133.255
1876.7,104.798,113.777,138.667,106.311,120.819,135.093,141.994,133.329,133.219
1876.8,104.798,113.777,138.667,106.366,120.775,135.058,142.15,133.292,133.255
1876.9,104.854,113.876,138.633,106.422,120.775,135.093,142.119,133.292,133.219
1877.0,104.798,113.727,138.733,106.366,120.819,134.987,142.181,133.292,133.292
1877.1,104.741,113.727,138.7,106.422,120.819,135.058,142.15,133.292,133.219
1877.2,104.741,113.677,138.667,106.366,120.73,135.093,142.181,133.109,133.146
1877.3,104.741,113.727,138.7,106.144,120.819,135.058,142.15,133.329,133.365
1877.4,104.684,113.677,138.667,106.311,120.685,135.058,142.15,133.329,133.292
1877.5,104.741,113.627,138.7,106.366,120.73,135.058,142.15,133.292,133.255
1877.6,104.684,113.677,138.633,106.311,120.64,135.093,142.181,133.255,133.255
1877.7,104.684,113.627,138.633,106.255,120.685,135.022,142.15,133.255,133.255
1877.8,104.684,113.577,138.667,106.311,120.595,135.058,142.15,133.292,133.255
1877.9,104.684,113.527,138.667,106.255,120.46,135.058,142.119,133.255,133.219
1878.0,104.684,113.577,138.633,106.311,120.64,135.093,142.181,133.255,133.219
1878.1,104.684,113.527,138.667,106.532,120.505,135.093,142.119,133.292,133.255
1878.2,104.628,113.477,138.7,106.311,120.55,135.058,142.15,133.255,133.329
1878.3,104.628,113.477,138.667,106.255,120.505,135.058,142.15,133.255,133.255
1878.4,104.628,113.477,138.667,106.311,120.505,135.058,142.119,133.292,133.219
1878.5,104.571,113.377,138.767,106.255,120.46,135.093,142.15,133.292,133.255
1878.6,104.741,113.377,138.667,106.144,120.415,135.058,142.15,133.292,133.255
1878.7,104.628,113.326,138.733,106.2,120.324,135.093,142.15,133.255,133.219
1878.8,104.628,113.326,138.667,106.2,120.415,135.129,142.181,133.255,133.219
1878.9,104.457,113.276,138.667,106.2,120.37,135.058,142.15,133.255,133.255
1879.0,104.571,113.276,138.667,106.089,120.279,135.058,142.181,133.255,133.146
1879.1,104.571,113.326,138.667,106.144,120.279,135.058,142.15,133.292,133.219
1879.2,104.571,113.226,138.667,106.144,120.279,135.058,142.15,133.255,133.255
1879.3,104.628,113.226,138.633,106.144,120.279,135.058,142.119,133.292,133.255
1879.4,104.4,113.176,138.6,106.144,120.189,135.022,142.15,133.219,133.182
1879.5,104.457,113.176,138.633,106.2,120.234,135.058,142.119,133.219,133.146
1879.6,104.514,113.125,138.633,106.2,120.234,135.058,142.181,133.255,133.182
1879.7,104.457,113.125,138.667,106.144,120.234,135.058,142.244,133.255,133.255
1879.8,104.514,113.075,138.633,106.089,120.189,135.058,142.181,133.292,133.219
1879.9,104.457,113.125,138.7,106.033,120.189,135.058,142.181,133.329,133.182
1880.0,104.514,113.075,138.633,106.089,120.144,135.058,142.119,133.255,133.182
1880.1,104.514,113.075,138.7,106.089,120.098,135.058,142.119,133.255,133.219
1880.2,104.457,112.974,138.633,106.089,120.098,135.058,142.181,133.255,133.182
1880.3,104.457,113.025,138.633,106.089,120.053,135.058,142.181,133.255,133.182
1880.4,104.457,112.974,138.667,106.089,120.098,135.058,142.181,133.255,133.219
1880.5,104.457,112.974,138.6,106.089,120.007,135.093,142.181,133.255,133.219
1880.6,104.514,112.974,138.633,106.089,120.053,135.022,142.119,133.219,133.219
1880.7,104.4,112.924,138.633,106.033,119.962,135.093,142.181,133.292,133.182
1880.8,104.4,112.924,138.633,106.089,120.053,135.022,142.119,133.255,133.219
1880.9,104.514,112.873,138.633,106.033,119.962,135.022,142.181,133.292,133.255
1881.0,104.4,112.924,138.7,106.033,120.007,135.058,142.15,133.292,133.182
1881.1,104.4,112.823,138.667,106.033,119.917,135.058,142.119,133.255,133.255
1881.2,104.4,112.823,138.667,106.033,119.917,135.022,142.181,133.255,133.182
1881.3,104.4,112.823,138.733,106.033,119.871,134.987,142.15,133.255,133.219
1881.4,104.4,112.772,138.633,105.977,119.871,135.058,142.119,133.219,133.182
1881.5,104.343,112.722,138.667,106.033,119.826,135.093,142.119,133.219,133.182
1881.6,104.4,112.671,138.6,105.977,119.78,135.093,142.119,133.255,133.182
1881.7,104.343,112.722,138.966,105.977,119.735,134.987,142.181,133.292,133.182
1881.8,104.343,112.671,138.633,106.033,119.78,135.129,142.15,133.219,133.219
1881.9,104.4,112.772,138.667,105.922,119.735,134.951,142.15,133.255,133.219
1882.0,104.343,112.722,138.633,105.977,119.689,135.058,142.119,133.219,133.182
1882.1,104.286,112.62,138.7,105.922,119.735,135.058,142.15,133.219,133.182
1882.2,104.4,112.57,138.6,105.922,119.643,135.058,142.212,133.219,133.182
1882.3,104.343,112.57,138.7,105.977,119.643,135.058,142.15,133.219,133.182
1882.4,104.343,112.57,138.6,105.922,119.643,135.058,142.119,133.255,133.219
1882.5,104.343,112.57,138.7,105.922,119.643,135.058,142.025,133.219,133.255
1882.6,104.286,112.519,138.667,105.977,119.643,135.058,142.15,133.219,133.182
1882.7,104.343,112.519,138.633,105.922,119.598,135.058,142.181,133.182,133.219
1882.8,104.286,112.468,138.7,105.922,119.461,135.022,142.119,133.219,133.219
1882.9,104.229,112.468,138.633,105.922,119.552,135.058,142.181,133.219,133.146
1883.0,104.286,112.468,138.6,105.866,119.506,135.058,142.119,133.255,133.182
1883.1,104.172,112.316,138.633,105.977,119.415,134.987,142.087,133.182,133.146
1883.2,104.286,112.366,138.633,105.866,119.461,135.022,142.119,133.255,133.182
1883.3,104.172,112.265,138.667,105.81,119.323,135.058,142.181,133.219,133.182
1883.4,104.172,112.265,138.633,105.81,119.323,135.058,142.181,133.182,133.146
1883.5,104.172,112.214,138.667,105.81,119.277,135.058,142.15,133.219,133.182
1883.6,104.229,112.163,138.667,105.754,119.323,135.022,142.119,133.219,133.146
1883.7,104.229,112.112,138.633,105.81,119.231,135.058,142.15,133.182,133.072
1883.8,104.172,112.163,138.633,105.81,119.231,135.022,142.212,133.182,133.182
1883.9,104.172,112.112,138.667,105.754,119.231,135.058,142.119,133.182,133.146
1884.0,104.115,112.214,138.6,105.754,119.185,135.058,142.119,133.255,133.182
1884.1,104.172,112.112,138.6,105.754,119.139,135.058,142.181,133.182,133.182
1884.2,104.172,112.112,138.667,105.754,119.139,135.058,142.119,133.255,133.219
1884.3,104.115,112.061,138.667,105.754,119.093,135.058,142.15,133.219,133.182
1884.4,104.115,112.061,138.667,105.81,119.185,135.058,142.212,133.219,133.146
1884.5,104.229,112.009,138.667,105.698,118.955,135.058,142.087,133.219,133.146
1884.6,104.229,112.112,138.7,105.698,118.955,135.058,142.181,133.219,133.182
1884.7,104.058,112.009,138.633,105.754,119.047,135.022,142.119,133.219,133.182
1884.8,104.115,112.009,138.667,105.698,119.001,135.058,142.181,133.182,133.146
1884.9,104.058,111.958,138.633,105.754,118.955,135.058,142.15,133.182,133.109
1885.0,104.058,111.958,138.6,105.698,119.047,135.058,142.15,133.219,133.182
1885.1,104.0,111.856,138.633,105.698,118.909,135.058,142.15,133.182,133.182
1885.2,104.058,111.856,138.633,105.754,118.955,135.058,142.119,133.219,133.146
1885.3,104.058,111.856,138.633,105.698,118.863,135.022,142.15,133.219,133.146
1885.4,104.058,111.856,138.6,105.754,118.909,135.058,142.119,133.182,133.146
1885.5,104.058,111.856,138.633,105.698,118.909,135.058,142.15,133.146,133.146
1885.6,104.0,111.702,138.633,105.698,118.817,135.022,142.087,133.182,133.146
1885.7,104.0,111.753,138.633,105.642,118.817,135.022,142.119,133.146,133.182
1885.8,104.0,111.753,138.7,105.586,118.724,135.058,142.15,133.219,133.109
1885.9,104.0,111.702,138.633,105.586,118.724,135.058,142.119,133.219,133.146
1886.0,103.943,111.65,138.633,105.642,118.724,135.058,142.087,133.182,133.109
1886.1,104.0,111.599,138.633,105.586,118.678,135.058,142.15,133.219,133.146
1886.2,104.0,111.599,138.667,105.698,118.678,135.058,142.119,133.182,133.109
1886.3,104.0,111.65,138.733,105.586,118.631,135.058,142.181,133.182,133.146
1886.4,103.886,111.548,138.633,105.53,118.585,135.022,142.119,133.219,133.146
1886.5,104.058,111.548,138.633,105.586,118.585,135.022,142.119,133.219,133.109
1886.6,103.886,111.444,138.633,105.586,118.539,135.093,142.15,133.219,133.182
1886.7,103.943,111.496,138.6,105.586,118.492,135.058,142.119,133.182,133.146
1886.8,103.886,111.444,138.633,105.474,118.539,135.022,142.056,133.182,133.146
1886.9,103.886,111.341,138.6,105.53,118.446,135.022,142.15,133.219,133.109
1887.0,104.0,111.393,138.633,105.53,118.399,135.022,142.15,133.146,133.109
1887.1,103.886,111.393,138.633,105.53,118.446,135.022,142.119,133.182,133.146
1887.2,103.943,111.393,138.7,105.586,118.399,135.058,142.119,133.219,133.109
1887.3,103.771,111.29,138.633,105.474,118.306,135.022,142.15,133.182,133.255
1887.4,103.886,111.341,138.6,105.474,118.399,135.022,142.119,133.146,133.109
1887.5,104.0,111.238,138.633,105.586,118.399,135.129,142.15,133.182,133.146
1887.6,103.829,111.29,138.667,105.586,118.492,135.022,142.119,133.219,133.146
1887.7,103.829,111.238,138.633,105.586,118.306,135.058,142.119,133.182,133.109
1887.8,103.886,111.29,138.667,105.418,118.306,135.058,142.15,133.219,133.146
1887.9,103.829,111.238,138.667,105.53,118.306,135.022,142.15,133.146,133.109
1888.0,103.771,111.238,138.633,105.474,118.26,134.987,142.119,133.146,133.109
1888.1,103.886,111.238,138.633,105.474,118.26,135.093,142.119,133.219,133.109
1888.2,103.886,111.186,138.633,105.474,118.26,135.022,142.15,133.182,133.072
1888.3,103.886,111.186,138.633,105.418,118.26,135.022,142.087,133.182,133.072
1888.4,103.829,111.134,138.633,105.474,118.166,135.129,142.119,133.219,133.109
1888.5,103.829,111.083,138.6,105.418,118.166,135.022,142.119,133.255,133.109
1888.6,103.829,111.083,138.633,105.474,118.12,135.022,142.119,133.182,133.146
1888.7,103.771,111.031,138.5,105.474,118.12,135.022,142.181,133.182,133.146
1888.8,103.771,111.083,138.6,105.474,118.12,135.022,142.15,133.219,133.109
1888.9,103.771,110.979,138.6,105.418,118.026,135.058,142.181,133.182,133.109
1889.0,103.714,110.927,138.6,105.418,118.073,135.058,142.275,133.255,133.072
1889.1,103.714,110.927,138.633,105.418,118.026,135.058,142.119,133.109,133.146
1889.2,103.771,110.875,138.633,105.362,117.886,135.022,142.15,133.182,133.109
1889.3,103.714,110.927,138.633,105.306,117.932,135.058,142.181,133.182,133.146
1889.4,103.656,110.875,138.6,105.362,117.932,135.058,142.119,133.219,133.109
1889.5,103.714,110.875,138.633,105.474,117.979,135.058,142.181,133.146,133.109
1889.6,103.714,110.875,138.6,105.362,117.886,135.022,142.087,133.219,133.255
1889.7,103.771,110.823,138.633,105.362,117.932,135.058,142.119,133.146,133.146
1889.8,103.714,110.823,138.633,105.362,117.886,135.022,142.15,133.146,133.072
1889.9,103.714,110.771,138.633,105.306,117.839,135.022,142.087,133.182,133.072
1890.0,103.714,110.771,138.667,105.306,117.839,135.058,142.119,133.109,133.146
1890.1,103.714,110.719,138.633,105.418,117.792,135.022,142.15,133.146,133.109
1890.2,103.771,110.719,138.633,105.362,117.792,135.022,142.181,133.146,133.109
1890.3,103.714,110.771,138.633,105.418,117.792,135.058,142.087,133.146,133.072
1890.4,103.656,110.667,138.6,105.306,117.698,135.058,142.15,133.146,133.072
1890.5,103.656,110.719,138.633,105.306,117.698,135.058,142.119,133.146,133.072
1890.6,103.771,110.667,138.633,105.306,117.651,135.022,142.15,133.182,133.109
1890.7,103.656,110.667,138.6,105.249,117.651,135.093,142.119,133.146,133.109
1890.8,103.656,110.615,138.633,105.306,117.651,135.058,142.212,133.182,133.109
1890.9,103.656,110.615,138.567,105.249,117.651,135.022,142.15,133.146,133.109
1891.0,103.656,110.875,138.6,105.306,117.557,135.022,142.119,133.182,133.072
1891.1,103.483,110.562,138.633,105.306,117.651,135.022,142.119,133.146,133.072
1891.2,103.599,110.51,138.633,105.306,117.557,135.058,142.15,133.182,133.072
1891.3,103.656,110.562,138.6,105.306,117.557,135.058,142.119,133.182,133.109
1891.4,103.541,110.562,138.567,105.306,117.557,134.951,142.119,133.146,133.329
1891.5,103.656,110.458,138.633,105.249,117.557,135.058,142.15,133.072,133.072
1891.6,103.599,110.458,138.667,105.249,117.415,135.058,142.119,133.146,133.109
1891.7,103.541,110.458,138.633,105.306,117.509,135.022,142.181,133.109,133.109
1891.8,103.541,110.353,138.6,105.306,117.415,135.058,142.15,133.219,133.109
1891.9,103.599,110.353,138.633,105.193,117.368,134.987,142.119,133.182,133.109
1892.0,103.541,110.405,138.533,105.193,117.321,135.022,142.181,133.146,133.146
1892.1,103.541,110.301,138.567,105.193,117.321,135.022,142.181,133.182,133.109
1892.2,103.599,110.301,138.6,105.249,117.368,135.058,142.181,133.146,133.109
1892.3,103.599,110.248,138.6,105.193,117.273,134.987,142.119,133.146,133.109
1892.4,103.483,110.301,138.633,105.249,117.321,135.058,142.181,133.109,133.109
1892.5,103.483,110.248,138.6,105.249,117.226,135.022,142.181,133.109,133.182
1892.6,103.599,110.196,138.633,105.193,117.273,135.022,142.119,133.219,133.072
1892.7,103.541,110.196,138.667,105.137,117.084,135.022,142.087,133.182,133.072
1892.8,103.541,110.248,138.633,105.249,117.179,135.093,142.119,133.109,133.072
1892.9,103.656,110.143,138.6,105.137,117.226,134.987,142.087,133.109,133.109
1893.0,103.483,110.143,138.567,105.137,117.131,135.093,142.15,133.109,133.109
1893.1,103.483,110.143,138.6,105.193,117.131,135.093,142.119,133.146,133.109
1893.2,103.426,110.091,138.667,105.137,117.179,134.987,142.15,133.035,133.072
1893.3,103.483,110.091,138.667,105.137,117.084,135.058,142.087,133.146,133.072
1893.4,103.483,110.091,138.567,105.193,117.179,135.058,142.15,133.146,133.109
1893.5,103.541,110.038,138.6,105.137,117.036,134.987,142.087,133.109,133.072
1893.6,103.483,109.985,138.633,105.08,116.989,135.022,142.119,133.146,132.999
1893.7,103.483,109.985,138.6,105.08,116.989,135.022,142.15,133.109,133.109
1893.8,103.483,109.985,138.633,105.193,116.941,135.022,142.15,133.109,133.072
1893.9,103.426,109.985,138.6,105.137,116.989,135.058,142.119,133.219,133.072
1894.0,103.426,109.933,138.6,105.024,116.941,135.022,142.15,133.146,133.072
1894.1,103.426,109.827,138.633,105.08,116.894,135.022,142.119,133.146,133.219
1894.2,103.483,109.827,138.633,105.137,116.798,135.058,142.212,133.146,133.146
1894.3,103.426,109.775,138.6,105.137,116.798,135.022,142.15,133.146,133.072
1894.4,103.426,109.775,138.567,105.137,116.846,135.022,142.15,133.146,132.962
1894.5,103.368,109.775,138.6,104.967,116.798,135.022,142.15,133.035,133.109
1894.6,103.368,109.775,138.633,105.024,116.894,134.987,142.087,133.146,133.109
1894.7,103.31,109.722,138.6,104.967,116.703,135.022,142.119,133.146,133.035
1894.8,103.426,109.669,138.6,105.024,116.655,135.022,142.15,133.182,133.109
1894.9,103.426,109.722,138.6,105.08,116.703,135.022,142.119,133.109,133.109
1895.0,103.426,109.669,138.667,105.024,116.655,135.129,142.15,133.109,133.035
1895.1,103.368,109.616,138.567,105.024,116.607,135.058,142.087,133.219,133.072
1895.2,103.368,109.563,138.633,104.967,116.655,135.022,142.119,133.109,133.146
1895.3,103.31,109.563,138.6,104.967,116.607,135.022,142.119,133.109,133.072
1895.4,103.368,109.51,138.567,105.024,116.607,135.058,142.087,133.109,133.109
1895.5,103.195,109.51,138.6,104.967,116.607,135.058,142.087,133.109,133.109
1895.6,103.31,109.51,138.6,104.911,116.56,134.987,142.119,133.146,133.072
1895.7,103.426,109.404,138.6,105.024,116.512,135.058,142.15,133.109,133.035
1895.8,103.31,109.457,138.6,104.967,116.416,135.058,142.119,133.109,133.072
1895.9,103.31,109.404,138.567,104.967,116.464,135.058,142.119,133.146,133.035
1896.0,103.252,109.351,138.6,104.911,116.464,135.022,142.15,133.182,133.109
1896.1,103.368,109.51,138.6,104.911,116.416,134.987,142.181,133.109,133.109
1896.2,103.195,109.351,138.567,104.967,116.368,135.022,142.119,133.109,133.146
1896.3,103.252,109.351,138.633,104.854,116.464,135.058,142.119,133.072,133.035
1896.4,103.195,109.298,138.7,104.911,116.368,135.022,142.119,133.072,133.109
1896.5,103.252,109.351,138.6,104.854,116.368,135.022,142.119,133.109,133.035
1896.6,103.368,109.298,138.6,104.911,116.32,135.022,142.087,133.146,133.035
1896.7,103.195,109.244,138.6,104.911,116.32,135.022,142.119,133.109,133.035
1896.8,103.252,109.298,138.6,104.911,116.272,135.022,142.119,133.109,133.035
1896.9,103.252,109.351,138.6,104.854,116.224,135.022,142.119,133.109,133.109
1897.0,103.252,109.191,138.6,104.911,116.224,135.022,142.119,133.072,133.035
1897.1,103.195,109.085,138.633,104.854,116.272,135.022,142.15,133.072,132.999
1897.2,103.195,109.191,138.633,104.798,116.224,135.022,142.087,133.109,133.072
1897.3,103.195,109.138,138.533,104.911,116.224,135.058,142.119,133.146,132.999
1897.4,103.195,109.138,138.633,104.798,116.176,135.022,142.119,133.072,133.035
1897.5,103.195,109.085,138.567,104.854,116.08,135.022,142.119,133.182,133.035
1897.6,103.195,109.031,138.633,104.911,116.08,135.022,142.119,133.109,133.072
1897.7,103.137,109.031,138.567,104.911,116.08,135.058,142.15,133.182,132.962
1897.8,103.195,109.085,138.633,104.798,116.031,135.022,142.119,133.109,133.035
1897.9,103.195,108.978,138.633,104.854,116.031,134.987,142.119,133.109,133.035
1898.0,103.195,108.978,138.567,104.798,115.887,135.022,142.087,133.035,133.035
1898.1,103.195,108.871,138.6,104.798,115.983,135.058,142.181,133.072,133.072
1898.2,103.195,108.924,138.6,104.798,115.935,134.951,142.212,133.072,133.035
1898.3,103.137,108.764,138.6,104.798,115.887,135.022,142.15,133.109,132.999
1898.4,103.137,108.871,138.567,104.798,115.838,135.022,142.087,133.072,133.035
1898.5,103.137,108.871,138.6,104.741,115.887,135.022,142.15,133.072,133.035
1898.6,103.137,108.817,138.6,104.798,115.838,134.987,142.181,133.035,133.035
1898.7,103.137,108.817,138.633,104.741,115.79,135.058,142.119,133.109,132.962
1898.8,103.137,108.871,138.6,104.741,115.79,135.022,142.119,133.146,133.035
1898.9,103.137,108.817,138.633,104.741,115.79,135.022,142.15,133.072,133.035
1899.0,102.904,108.764,138.6,104.741,115.79,135.058,142.119,133.035,133.035
1899.1,103.137,108.71,138.6,104.741,115.742,134.987,142.119,133.072,133.035
1899.2,103.079,108.657,138.567,104.798,115.742,134.987,142.15,133.109,132.962
1899.3,103.079,108.71,138.6,104.741,115.693,135.022,142.119,132.999,133.035
1899.4,103.021,108.71,138.6,104.741,115.742,135.022,142.119,133.035,132.999
1899.5,103.079,108.657,138.567,104.741,115.645,135.022,142.119,133.072,132.999
1899.6,103.079,108.657,138.633,104.684,115.645,134.987,142.087,133.072,132.999
1899.7,103.079,108.603,138.6,104.741,115.596,135.022,142.119,133.072,132.999
1899.8,103.079,108.603,138.6,104.741,115.548,134.987,142.119,133.109,132.999
1899.9,103.021,108.442,138.633,104.684,115.596,135.022,142.119,133.109,133.035
1900.0,103.021,108.549,138.567,104.628,115.548,134.987,142.087,133.072,132.962
1900.1,103.021,108.495,138.6,104.684,115.548,134.987,142.087,133.072,133.035
1900.2,103.021,108.495,138.6,104.684,115.499,135.022,142.119,133.072,132.999
1900.3,102.963,108.495,138.6,104.684,115.45,134.987,142.119,133.035,133.035
1900.4,102.963,108.334,138.567,104.628,115.402,135.058,142.087,133.035,132.999
1900.5,103.021,108.442,138.6,104.628,115.45,134.987,142.181,133.072,132.999
1900.6,102.846,108.495,138.6,104.628,115.402,134.987,142.119,133.109,132.999
1900.7,103.021,108.388,138.6,104.571,115.402,135.022,142.119,133.109,133.035
1900.8,103.021,108.388,138.567,104.684,115.353,135.022,142.119,133.035,132.999
1900.9,102.963,108.388,138.567,104.628,115.353,135.022,142.15,133.035,132.999
1901.0,102.963,108.28,138.633,104.684,115.353,134.987,142.15,133.035,133.035
1901.1,102.963,108.388,138.6,104.628,115.353,135.022,142.119,133.035,132.999
1901.2,102.846,108.28,138.567,104.628,115.304,135.022,142.181,133.035,132.999
1901.3,102.963,108.28,138.6,104.684,115.207,135.058,142.087,133.035,132.999
1901.4,102.846,108.226,138.6,104.628,115.256,135.022,142.119,132.888,132.999
1901.5,102.963,108.172,138.6,104.571,115.207,135.022,142.119,133.109,132.999
1901.6,102.904,108.172,138.567,104.628,115.158,135.022,142.119,133.109,132.999
1901.7,102.963,108.118,138.6,104.628,115.158,135.022,142.119,133.035,132.999
1901.8,102.904,108.118,138.6,104.628,115.158,135.022,142.119,133.072,132.962
1901.9,102.846,107.684,138.6,104.628,115.109,135.022,142.119,133.072,132.999
1902.0,102.904,108.172,138.633,104.514,115.06,135.022,142.119,133.035,132.962
1902.1,102.846,108.118,138.567,104.514,115.011,134.915,142.087,132.999,132.962
1902.2,102.904,108.064,138.633,104.571,115.011,135.093,142.087,132.999,132.999
1902.3,102.904,108.064,138.567,104.571,114.962,134.987,142.119,133.072,132.999
1902.4,102.904,107.955,138.6,104.571,114.962,135.058,142.119,133.072,133.072
1902.5,102.788,108.01,138.567,104.457,114.962,135.022,142.15,133.072,132.962
1902.6,102.846,108.01,138.6,104.571,115.011,134.951,142.119,133.035,132.962
1902.7,102.904,108.01,138.633,104.628,115.011,135.022,142.087,132.999,132.999
1902.8,102.904,107.901,138.6,104.514,114.864,135.022,142.087,133.072,132.999
1902.9,102.846,107.901,138.533,104.514,114.962,134.987,142.119,133.035,132.999
1903.0,102.904,107.901,138.567,104.571,114.913,135.058,142.087,133.109,132.999
1903.1,102.904,107.901,138.6,104.571,114.864,134.987,142.181,133.072,132.999
1903.2,102.904,107.847,138.567,104.571,114.815,135.022,142.087,133.072,132.962
1903.3,102.904,107.793,138.6,104.571,114.815,135.022,142.119,133.035,132.962
1903.4,102.788,107.793,138.633,104.514,114.815,135.058,142.119,133.035,132.962
1903.5,102.788,107.738,138.567,104.457,114.766,135.093,142.087,133.035,132.999
1903.6,102.788,107.793,138.567,104.514,114.668,135.022,142.087,133.035,132.962
1903.7,102.73,107.738,138.6,104.571,114.766,135.022,142.119,132.962,132.999
1903.8,102.846,107.684,138.6,104.343,114.717,135.022,142.119,132.999,132.999
1903.9,102.904,107.684,138.567,104.457,114.668,134.915,142.119,133.035,132.999
1904.0,102.788,107.738,138.6,104.457,114.668,135.022,142.119,133.072,132.999
1904.1,102.846,107.63,138.6,104.457,114.619,135.058,142.087,133.109,132.999
1904.2,102.73,107.63,138.6,104.457,114.619,134.987,142.15,132.999,132.999
1904.3,102.846,107.63,138.6,104.457,114.668,135.022,142.087,132.999,132.962
1904.4,102.904,107.63,138.6,104.457,114.668,134.987,142.15,132.999,132.999
1904.5,102.788,107.738,138.6,104.457,114.569,135.022,142.15,133.035,132.999
1904.6,102.788,107.575,138.6,104.457,114.471,134.987,142.119,132.999,132.999
1904.7,102.672,107.63,138.6,104.4,114.52,135.022,142.15,133.072,132.962
1904.8,102.73,107.521,138.5,104.457,114.569,134.987,142.15,132.999,133.035
1904.9,102.73,107.521,138.567,104.457,114.471,135.058,142.119,133.072,132.962
1905.0,102.846,107.575,138.6,104.4,114.471,135.022,142.119,133.035,132.888
1905.1,102.73,107.521,138.567,104.4,114.471,135.022,142.119,133.035,132.962
1905.2,102.788,107.521,138.6,104.457,114.471,134.987,142.119,133.035,132.962
1905.3,102.788,107.466,138.567,104.4,114.421,135.022,142.119,132.999,132.962
1905.4,102.73,107.466,138.6,104.457,114.372,134.987,142.119,133.035,132.999
1905.5,102.672,107.411,138.533,104.4,114.52,134.987,142.119,132.999,133.035
1905.6,102.672,107.466,138.567,104.457,114.273,135.022,142.119,132.999,132.962
1905.7,102.73,107.411,138.633,104.4,114.372,135.058,142.119,133.035,132.999
1905.8,102.672,107.357,138.533,104.4,114.421,135.022,142.15,132.962,132.999
1905.9,102.672,107.357,138.567,104.457,114.323,135.022,142.056,133.035,132.962
1906.0,102.788,107.411,138.6,104.343,114.323,134.987,142.119,133.035,132.962
1906.1,102.672,107.302,138.6,104.4,114.273,134.915,142.119,132.962,132.962
1906.2,102.672,107.247,138.633,104.4,114.224,135.022,142.087,133.035,133.035
1906.3,102.672,107.247,138.567,104.4,114.174,135.022,142.119,133.035,133.035
1906.4,102.613,107.193,138.567,104.457,114.224,134.987,142.087,133.035,132.888
1906.5,102.73,107.302,138.6,104.343,114.174,134.987,142.119,132.999,132.962
1906.6,102.672,107.302,138.633,104.343,114.224,135.058,142.181,133.035,132.999
1906.7,102.672,107.028,138.7,104.4,114.075,135.022,142.119,132.999,132.962
1906.8,102.672,107.138,138.533,104.286,114.125,134.987,142.181,132.999,132.962
1906.9,102.672,107.083,138.6,104.343,114.174,134.809,142.181,133.035,133.109
1907.0,102.613,107.083,138.6,104.343,114.075,134.987,142.15,133.035,132.962
1907.1,102.613,107.138,138.667,104.343,113.926,134.987,142.087,133.035,132.962
1907.2,102.613,107.083,138.567,104.286,114.075,135.022,142.087,133.035,132.925
1907.3,102.613,107.028,138.6,104.343,114.075,135.058,142.087,132.999,132.999
1907.4,102.555,107.028,138.6,104.343,114.025,134.987,142.15,133.035,132.888
1907.5,102.555,107.028,138.567,104.286,114.025,135.022,142.181,133.035,132.962
1907.6,102.672,106.973,138.667,104.286,113.926,134.987,142.087,132.962,132.925
1907.7,102.555,106.973,138.633,104.343,113.876,135.022,142.119,132.999,132.925
1907.8,102.672,106.918,138.567,104.286,113.876,134.987,142.119,132.999,132.925
1907.9,102.672,106.918,138.567,104.229,113.876,135.058,142.212,133.035,132.925
1908.0,102.613,106.918,138.6,104.229,113.926,134.987,142.119,132.999,132.888
1908.1,102.555,106.863,138.567,104.286,113.777,134.987,142.119,132.999,132.925
1908.2,102.555,106.863,138.633,104.286,113.777,134.987,142.119,132.999,132.925
1908.3,102.555,106.808,138.567,104.229,113.826,134.987,142.119,133.072,132.925
1908.4,102.613,106.808,138.567,104.229,113.727,134.987,142.181,132.999,132.962
1908.5,102.555,106.753,138.567,104.115,113.777,134.987,142.087,133.035,132.925
1908.6,102.497,106.808,138.533,104.229,113.727,135.022,142.119,132.962,132.925
1908.7,102.438,106.588,138.567,104.286,113.727,135.058,142.119,132.999,132.925
1908.8,102.497,106.643,138.6,103.771,113.677,135.022,142.119,133.109,132.962
1908.9,102.497,106.753,138.533,104.229,113.677,134.951,142.087,132.999,132.999
1909.0,102.613,106.643,138.567,104.172,113.727,135.022,142.119,132.999,132.999
1909.1,102.555,106.643,138.567,104.286,113.677,134.987,142.119,133.035,132.925
1909.2,102.497,106.698,138.567,104.229,113.627,134.987,142.087,132.962,132.962
1909.3,102.497,106.643,138.567,104.229,113.627,134.987,142.15,132.962,132.962
1909.4,103.079,106.698,138.567,104.229,113.577,134.987,142.119,132.999,132.925
1909.5,102.613,106.588,138.567,104.172,113.477,134.951,142.087,132.999,132.888
1909.6,102.555,106.643,138.567,104.172,113.477,135.022,142.119,132.999,132.962
1909.7,102.497,106.588,138.6,104.172,113.527,135.022,142.15,132.962,132.925
1909.8,102.555,106.532,138.567,104.172,113.527,135.058,142.087,132.999,132.962
1909.9,102.497,106.532,138.533,104.172,113.477,134.987,142.119,133.035,132.962
1910.0,102.497,106.532,138.567,104.343,113.577,135.022,142.119,133.035,132.851
1910.1,102.497,106.532,138.6,104.172,113.377,134.987,142.119,133.109,132.925
1910.2,102.497,106.477,138.633,104.172,113.326,135.022,142.119,133.035,132.962
1910.3,102.438,106.422,138.567,104.172,113.377,135.022,142.119,132.999,132.925
1910.4,102.497,106.477,138.567,104.115,113.377,135.022,142.087,132.962,132.888
1910.5,102.613,106.422,138.567,104.115,113.377,135.022,142.119,132.962,132.925
1910.6,102.438,106.366,138.567,104.115,113.276,135.022,142.087,133.035,132.962
1910.7,102.438,106.311,138.6,104.115,113.326,134.987,142.087,132.962,132.962
1910.8,102.497,106.311,138.6,104.172,113.276,134.987,142.119,132.999,132.925
1910.9,102.438,106.311,138.6,104.172,113.226,134.987,142.119,132.999,132.888
1911.0,102.497,106.532,138.567,104.115,113.276,134.987,142.087,132.999,132.925
1911.1,102.438,106.255,138.567,104.172,113.176,135.022,142.087,132.999,132.925
1911.2,102.438,106.255,138.6,104.115,113.176,135.022,142.087,132.962,132.962
1911.3,102.497,106.2,138.567,104.115,113.226,135.058,142.119,132.999,132.888
1911.4,102.438,106.2,138.533,104.058,113.176,135.058,142.087,132.962,132.962
1911.5,102.438,106.255,138.6,104.172,113.125,135.058,142.15,132.962,132.962
1911.6,102.438,106.2,138.533,104.115,113.226,134.987,142.119,132.962,132.925
1911.7,102.497,106.255,138.567,104.058,113.125,134.987,142.15,132.962,132.962
1911.8,102.438,106.144,138.6,104.115,113.025,134.987,142.119,132.962,132.962
1911.9,102.38,106.089,138.567,104.115,112.974,134.987,142.119,132.962,132.925
1912.0,102.38,106.033,138.533,104.058,112.974,134.987,142.087,132.962,132.888
1912.1,102.38,106.089,138.6,104.058,112.974,134.987,142.119,132.962,132.888
1912.2,102.38,106.033,138.6,104.0,113.025,134.987,142.087,132.962,132.962
1912.3,102.38,106.033,138.567,104.172,112.924,134.987,142.119,132.999,132.925
1912.4,102.38,105.977,138.567,104.058,112.924,135.022,142.056,132.999,132.925
1912.5,102.438,105.922,138.567,104.058,112.924,134.987,142.119,132.999,132.925
1912.6,102.38,105.977,138.567,104.115,112.873,134.987,142.087,132.999,132.962
1912.7,102.321,105.977,138.6,104.0,112.873,135.022,142.119,133.035,132.925
1912.8,102.38,105.922,138.633,104.058,112.924,134.987,142.15,132.999,132.888
1912.9,102.38,105.922,138.533,104.115,112.823,134.987,142.119,132.962,132.888
1913.0,102.38,105.866,138.6,104.0,112.823,134.987,142.119,132.962,132.888
1913.1,102.38,105.922,138.567,104.115,112.823,135.058,142.119,132.962,132.925
1913.2,102.321,105.81,138.833,104.0,112.772,134.951,142.119,132.999,132.925
1913.3,102.321,105.922,138.667,104.0,112.772,135.022,142.181,132.962,132.888
1913.4,102.438,105.754,138.567,104.058,112.722,134.987,142.087,132.999,132.925
1913.5,102.497,105.81,138.633,104.058,112.722,134.987,142.119,132.962,132.851
1913.6,102.321,105.866,138.6,104.058,112.722,134.987,142.119,132.925,132.888
1913.7,102.38,105.754,138.567,104.0,112.671,134.987,142.15,132.925,132.888
1913.8,102.262,105.754,138.533,104.0,112.671,134.951,142.119,132.962,132.925
1913.9,102.321,105.754,138.6,103.943,112.62,135.022,142.119,132.962,132.925
1914.0,102.321,105.698,138.567,104.0,112.671,134.987,142.119,132.925,132.888
1914.1,102.262,105.698,138.467,103.886,112.772,134.987,142.15,132.888,132.962
1914.2,102.262,105.642,138.6,104.058,112.671,135.022,142.087,132.962,132.888
1914.3,102.38,105.698,138.6,103.943,112.57,134.987,142.087,132.999,132.888
1914.4,102.262,105.698,138.6,104.0,112.671,135.093,142.119,132.962,132.888
1914.5,102.321,105.642,138.633,103.886,112.519,134.987,142.087,132.999,132.925
1914.6,102.321,105.586,138.6,103.943,112.519,135.022,142.119,132.851,132.888
1914.7,102.321,105.024,138.567,103.943,112.519,135.022,142.087,132.999,132.925
1914.8,102.321,105.586,138.567,104.0,112.417,134.987,142.119,132.962,132.888
1914.9,102.262,105.53,138.6,104.058,112.468,134.987,142.119,132.962,132.888
1915.0,102.262,105.53,138.567,104.0,112.417,134.951,142.087,132.962,132.888
1915.1,102.262,105.53,138.5,103.886,112.417,134.987,142.15,132.962,132.925
1915.2,102.262,105.474,138.633,103.943,112.417,134.987,142.15,132.925,132.888
1915.3,102.262,105.53,138.6,103.943,112.366,134.987,142.15,132.962,132.888
1915.4,102.321,105.362,138.6,103.886,112.366,134.987,142.15,132.962,132.888
1915.5,102.204,105.418,138.6,104.0,112.316,134.809,142.15,132.999,132.888
1915.6,102.262,105.418,138.6,103.943,112.316,134.951,142.119,132.999,132.888
1915.7,102.262,105.362,138.633,104.0,112.265,135.022,142.15,132.999,132.888
1915.8,102.204,105.362,138.567,103.943,112.316,134.987,142.15,132.999,132.888
1915.9,102.321,105.586,138.567,103.943,112.316,134.987,142.15,132.962,132.888
1916.0,102.262,105.306,138.567,103.943,112.214,135.022,142.056,132.962,132.962
1916.1,102.204,105.306,138.567,103.886,112.214,134.987,142.119,132.999,132.888
1916.2,102.204,105.362,138.567,103.886,112.214,135.022,142.15,132.962,132.962
1916.3,102.204,105.306,138.567,103.886,112.163,134.987,142.119,132.925,132.888
1916.4,102.204,105.193,138.6,103.829,112.163,134.987,142.119,132.962,132.888
1916.5,102.204,105.137,138.567,103.943,112.112,134.987,142.119,132.962,132.851
1916.6,102.145,105.193,138.533,103.886,112.061,134.987,142.087,132.999,132.925
1916.7,102.145,105.193,138.567,103.943,112.163,135.022,142.15,132.962,132.925
1916.8,102.262,105.193,138.633,103.886,112.009,134.987,142.119,132.999,132.851
1916.9,102.145,105.137,138.633,103.886,112.009,135.022,142.087,132.925,132.925
1917.0,102.145,105.137,138.567,103.829,111.907,134.987,142.15,132.962,132.888
1917.1,102.204,105.08,138.633,103.943,111.856,134.987,142.087,132.962,132.888
1917.2,102.204,105.024,138.567,103.886,111.907,134.987,142.087,132.925,132.888
1917.3,102.145,105.024,138.567,103.829,111.958,134.987,142.056,132.962,132.888
1917.4,102.086,105.08,138.567,103.829,112.009,134.987,142.119,132.962,132.888
1917.5,102.204,105.024,138.567,103.886,111.907,134.951,142.15,132.962,132.814
1917.6,102.145,105.08,138.6,103.829,111.856,135.022,142.15,132.925,132.925
1917.7,102.145,105.024,138.6,103.943,111.856,135.022,142.087,133.072,132.851
1917.8,101.674,104.967,138.567,103.886,111.805,134.987,142.119,132.925,132.888
1917.9,102.086,104.911,138.633,103.829,111.907,134.987,142.368,132.999,132.925
1918.0,102.086,104.911,138.633,103.943,111.856,135.022,142.087,132.925,132.888
1918.1,102.145,104.911,138.567,103.771,111.753,134.951,142.119,132.962,132.925
1918.2,102.086,104.854,138.533,103.829,111.805,135.058,142.087,132.925,132.888
1918.3,102.145,104.854,138.567,103.829,111.753,135.058,142.119,132.925,132.888
1918.4,102.555,104.798,138.567,103.829,111.753,135.022,142.087,132.962,132.851
1918.5,102.086,104.798,138.567,103.829,111.702,134.987,142.15,132.962,132.888
1918.6,102.028,104.741,138.567,103.829,111.65,134.987,142.087,132.925,132.851
1918.7,102.028,104.741,138.567,103.771,111.65,134.951,142.15,132.962,132.888
1918.8,102.086,104.741,138.633,103.771,111.599,134.915,142.119,132.999,132.851
1918.9,102.028,104.741,138.633,103.771,111.599,134.987,142.119,132.925,132.888
1919.0,102.028,104.684,138.6,103.771,111.599,135.022,142.087,132.962,132.888
1919.1,102.086,104.684,138.6,103.771,111.548,134.987,142.025,132.962,132.888
1919.2,102.086,104.684,138.567,103.886,111.496,134.951,142.119,132.962,132.962
1919.3,102.086,104.741,138.567,103.771,111.496,134.987,142.15,132.999,132.851
1919.4,101.792,104.571,138.533,103.771,111.496,134.987,142.025,132.962,132.888
1919.5,102.086,104.628,138.567,103.771,111.548,135.058,142.119,132.962,132.888
1919.6,102.086,104.628,138.633,103.829,111.393,134.987,142.087,132.962,132.888
1919.7,102.028,104.571,138.6,103.771,111.496,134.987,142.119,132.925,132.925
1919.8,102.086,104.571,138.567,103.771,111.496,134.987,142.119,132.962,132.925
1919.9,102.028,104.457,138.567,103.714,111.393,134.987,142.087,132.888,132.851
1920.0,102.086,104.457,138.567,103.771,111.341,134.987,142.087,132.925,132.851
1920.1,102.028,104.457,138.567,103.714,111.393,134.951,142.15,132.925,132.888
1920.2,102.028,104.457,138.567,103.714,111.341,134.951,142.119,132.851,132.962
1920.3,102.086,104.457,138.6,103.714,111.341,135.022,142.119,132.962,132.851
1920.4,102.028,104.457,138.567,103.714,111.29,135.022,142.119,132.925,132.851
1920.5,102.086,104.4,138.467,103.771,111.29,134.987,142.119,132.888,132.851
1920.6,102.028,104.457,138.533,103.771,111.238,134.987,142.119,132.962,132.851
1920.7,102.028,104.4,138.6,103.714,111.238,135.022,142.119,132.925,132.851
1920.8,102.028,104.343,138.567,103.714,111.186,134.987,142.087,132.925,132.888
1920.9,102.028,104.343,138.533,103.714,111.238,134.987,142.087,132.925,132.888
1921.0,102.028,104.286,138.6,103.771,111.134,134.987,142.087,132.962,132.888
1921.1,101.969,104.286,138.6,103.829,111.238,135.022,142.119,132.925,132.851
1921.2,102.028,104.229,138.633,103.656,111.031,134.951,142.087,132.962,132.851
1921.3,101.969,104.229,138.433,103.656,111.083,135.022,142.087,132.962,132.851
1921.4,101.969,104.172,138.6,103.714,111.083,134.987,142.119,132.925,132.851
1921.5,101.969,104.172,138.533,103.714,111.031,134.987,142.119,132.925,132.851
1921.6,101.969,104.229,138.567,103.771,111.031,135.022,142.15,132.888,132.851
1921.7,101.969,104.115,138.6,103.656,111.031,135.058,142.119,132.925,132.888
1921.8,101.969,104.172,138.633,103.656,111.031,135.022,142.119,132.925,132.851
1921.9,101.969,104.058,138.567,103.656,110.979,135.022,142.119,132.925,132.851
1922.0,101.969,104.058,138.633,103.714,111.083,134.987,142.119,132.962,132.888
1922.1,101.969,104.058,138.6,103.656,110.927,134.987,142.119,132.888,132.888
1922.2,102.028,104.115,138.567,103.714,110.927,135.022,142.119,132.925,132.888
1922.3,101.969,104.0,138.567,103.599,111.031,134.951,142.15,132.888,132.851
1922.4,101.91,104.058,138.6,103.656,110.875,134.987,142.119,132.925,132.888
1922.5,101.91,104.0,138.567,103.599,110.927,134.987,142.119,132.925,132.851
1922.6,101.91,104.0,138.633,103.656,110.771,134.987,142.15,132.888,132.851
1922.7,101.91,103.829,138.533,103.656,110.771,134.987,142.025,132.925,132.851
1922.8,101.851,103.943,138.567,103.599,110.719,135.022,142.15,132.962,132.814
1922.9,101.91,103.886,138.6,103.599,110.771,134.951,142.15,132.888,132.851
1923.0,101.91,103.829,138.567,103.656,110.719,134.987,142.087,132.962,132.851
1923.1,101.91,103.829,138.533,103.599,110.667,134.915,142.087,132.925,132.814
1923.2,101.851,103.771,138.533,103.599,110.667,134.987,142.119,132.962,132.888
1923.3,101.792,103.771,138.6,103.483,110.615,135.022,142.119,132.925,132.851
1923.4,101.851,103.771,138.6,103.714,110.562,134.987,142.119,132.925,132.888
1923.5,101.851,103.714,138.533,103.656,110.51,134.987,142.087,132.999,132.888
1923.6,101.851,103.714,138.633,103.656,110.562,135.022,142.119,132.888,132.888
1923.7,101.91,103.771,138.6,103.656,110.562,135.022,142.15,132.888,132.925
1923.8,101.91,103.656,138.567,103.541,110.562,134.987,142.119,132.888,132.851
1923.9,101.91,103.656,138.533,103.599,110.51,135.022,142.181,132.925,132.888
1924.0,101.969,103.656,138.567,103.541,110.458,135.022,142.119,132.888,132.888
1924.1,101.851,103.599,138.633,103.599,110.51,134.844,142.087,132.888,132.888
1924.2,101.792,103.599,138.567,103.541,110.458,134.987,142.15,132.925,132.851
1924.3,101.851,103.599,138.6,103.599,110.458,134.951,142.119,132.888,132.888
1924.4,101.851,103.541,138.567,103.541,110.458,134.987,142.087,132.925,132.814
1924.5,101.851,103.541,138.533,103.599,110.405,134.987,142.181,132.925,132.851
1924.6,101.91,103.541,138.533,103.541,110.301,134.987,142.119,132.888,132.814
1924.7,101.851,103.541,138.567,103.656,110.405,134.951,142.119,132.888,132.851
1924.8,101.851,103.541,138.567,103.541,110.405,134.987,142.087,132.925,132.851
1924.9,101.851,103.483,138.6,103.599,110.248,135.022,142.087,132.962,132.851
1925.0,101.851,103.483,138.567,103.541,110.301,135.093,142.15,132.851,132.814
1925.1,101.733,103.426,138.6,103.483,110.301,134.987,142.119,132.814,132.814
1925.2,101.792,103.426,138.6,103.541,110.301,134.987,142.087,132.888,132.851
1925.3,101.733,103.483,138.6,103.483,110.248,135.022,142.15,132.851,132.851
1925.4,101.792,103.368,138.533,103.541,110.248,134.951,142.119,132.888,132.814
1925.5,101.733,103.368,138.567,103.483,110.353,134.987,142.087,132.888,132.814
1925.6,101.792,103.31,138.567,103.541,110.248,134.987,142.087,132.925,132.851
1925.7,101.792,103.31,138.567,103.483,110.248,134.987,142.119,132.888,132.851
1925.8,101.792,103.483,138.567,103.541,110.196,134.987,142.087,132.962,132.814
1925.9,101.733,103.252,138.6,103.541,110.091,134.987,142.119,133.035,132.814
1926.0,101.792,103.31,138.567,103.599,110.091,134.987,142.087,132.888,132.814
1926.1,101.733,103.195,138.533,103.541,110.091,134.987,142.181,132.962,132.778
1926.2,101.733,103.252,138.567,103.483,110.038,134.987,142.119,132.962,132.851
1926.3,101.792,103.195,138.567,103.483,110.196,134.951,142.087,132.888,132.851
1926.4,101.674,103.195,138.567,103.483,110.038,135.058,142.087,132.962,132.814
1926.5,101.792,103.195,138.567,103.483,110.038,134.987,142.119,132.925,132.851
1926.6,101.733,103.195,138.567,103.541,110.091,134.987,142.056,132.888,132.814
1926.7,101.674,103.137,138.567,103.483,109.985,134.915,142.119,132.999,132.778
1926.8,101.733,103.079,138.567,103.483,109.933,135.022,142.087,132.888,132.851
1926.9,101.91,103.079,138.567,103.541,109.985,134.987,142.087,132.925,132.814
1927.0,101.733,103.079,138.567,103.483,109.88,135.022,142.056,132.888,132.814
1927.1,101.792,103.137,138.533,103.426,109.88,135.058,142.087,132.888,132.925
1927.2,101.674,102.963,138.567,103.426,109.827,134.987,142.15,132.888,132.814
1927.3,101.733,102.963,138.533,103.483,109.775,134.951,142.056,132.851,132.851
1927.4,101.674,102.963,138.533,103.426,109.827,134.987,142.119,132.851,132.778
1927.5,101.733,102.904,138.533,103.426,109.827,134.987,142.119,132.925,132.851
1927.6,101.733,102.846,138.667,103.483,109.88,135.058,142.119,132.888,132.814
1927.7,101.733,102.963,138.6,103.426,109.722,134.987,142.15,132.925,132.814
1927.8,101.733,102.963,138.567,103.483,109.722,134.987,142.087,132.888,132.814
1927.9,101.851,102.904,138.567,103.426,109.775,134.987,142.119,132.962,132.814
1928.0,101.733,102.904,138.567,103.426,109.669,134.915,142.119,132.851,132.814
1928.1,101.733,102.846,138.567,103.368,109.722,134.951,142.056,132.888,132.814
1928.2,101.674,102.846,138.5,103.483,109.669,135.022,142.119,132.851,132.851
1928.3,101.674,102.846,138.567,103.426,109.669,134.951,142.087,132.888,132.851
1928.4,101.674,102.788,138.533,103.483,109.563,135.058,142.119,132.888,132.814
1928.5,101.674,102.788,138.567,103.426,109.616,134.951,142.119,132.925,132.814
1928.6,101.733,102.788,138.6,103.426,109.563,134.987,142.087,132.851,132.814
1928.7,101.674,102.73,138.567,103.426,109.616,134.987,142.087,132.814,132.778
1928.8,101.674,102.73,138.6,103.368,109.616,134.951,142.119,132.888,132.778
1928.9,101.615,102.672,138.533,103.368,109.563,135.022,142.119,132.888,132.814
1929.0,101.674,102.788,138.533,103.368,109.51,134.951,142.119,132.888,132.778
1929.1,101.674,102.672,138.6,103.368,109.457,134.987,142.119,132.888,132.851
1929.2,101.615,102.555,138.567,103.31,109.351,134.987,142.15,132.888,132.741
1929.3,101.615,102.321,138.567,103.368,109.351,134.987,142.087,132.888,132.814
1929.4,101.674,102.555,138.633,103.368,109.351,134.951,142.15,132.925,132.888
1929.5,101.615,102.613,138.567,103.368,109.351,134.987,142.119,132.888,132.814
1929.6,101.615,102.613,138.567,103.368,109.351,134.951,142.119,132.925,132.778
1929.7,101.615,102.438,138.567,103.368,109.298,134.987,142.087,132.851,132.814
1929.8,101.496,102.497,138.533,103.368,109.244,134.987,142.087,132.778,132.778
1929.9,101.615,102.497,138.567,103.31,109.244,134.951,142.181,132.925,132.778
1930.0,101.615,102.438,138.533,103.31,109.244,134.987,142.119,132.814,132.814
1930.1,101.556,102.38,138.567,103.31,109.191,134.987,142.15,132.888,132.814
1930.2,101.556,102.438,138.567,103.31,109.51,134.987,142.087,132.851,132.814
1930.3,101.615,102.38,138.533,103.368,109.244,134.987,142.087,132.962,132.814
1930.4,101.615,102.321,138.533,103.31,109.191,134.951,142.119,132.888,132.704
1930.5,101.556,102.38,138.533,103.368,109.191,134.951,142.087,132.851,132.741
1930.6,101.615,102.38,138.533,103.31,109.191,134.987,142.087,132.851,132.778
1930.7,101.556,102.262,138.6,103.368,109.138,135.022,142.119,132.814,132.814
1930.8,101.556,102.38,138.5,103.252,109.138,134.987,142.087,132.851,132.778
1930.9,101.496,102.38,138.5,103.31,109.085,135.022,142.087,132.888,132.814
1931.0,101.556,102.321,138.467,103.31,109.031,134.951,142.119,132.851,132.778
1931.1,101.615,102.262,138.6,103.252,109.085,134.987,142.119,132.888,132.814
1931.2,101.556,102.262,138.6,103.31,109.085,135.022,142.087,132.925,132.778
1931.3,101.496,102.204,138.567,103.31,109.138,134.987,142.119,132.888,132.778
1931.4,101.496,102.204,138.567,103.252,108.978,134.951,142.119,132.851,132.778
1931.5,101.556,102.145,138.567,103.31,108.871,134.987,142.119,132.851,132.741
1931.6,101.556,102.028,138.567,103.195,108.871,134.951,142.087,132.888,132.814
1931.7,101.556,102.086,138.567,103.368,108.764,134.987,142.119,132.851,132.741
1931.8,101.496,102.028,138.567,103.31,108.871,134.951,142.087,132.851,132.741
1931.9,101.437,101.969,138.567,103.31,108.817,134.951,142.119,132.851,132.778
1932.0,101.556,102.028,138.567,103.195,108.817,134.951,142.025,132.814,132.741
1932.1,101.496,102.028,138.567,103.252,108.71,134.987,142.15,132.925,132.741
1932.2,101.496,101.969,138.5,103.252,108.764,134.951,142.119,132.851,132.814
1932.3,101.496,101.969,138.533,103.252,108.764,135.022,142.119,132.851,132.814
1932.4,101.496,101.969,138.6,103.252,108.71,134.951,142.087,132.851,132.778
1932.5,101.496,101.969,138.533,103.31,108.71,134.987,142.087,132.814,132.814
1932.6,101.615,101.969,138.533,103.252,108.71,134.987,142.087,132.851,132.741
1932.7,101.496,101.91,138.567,103.195,108.603,134.951,142.119,132.851,132.704
1932.8,101.496,101.851,138.533,103.252,108.603,134.951,142.119,132.851,132.814
1932.9,101.437,101.851,138.533,103.252,108.657,134.987,142.087,132.888,132.741
1933.0,101.437,101.851,138.6,103.195,108.657,134.987,142.087,132.851,132.778
1933.1,101.496,101.851,138.567,103.195,108.603,134.951,142.056,132.851,132.778
1933.2,101.496,101.733,138.533,103.195,108.549,134.951,142.119,132.851,132.814
1933.3,101.496,101.792,138.533,103.252,108.657,134.987,142.119,132.851,132.814
1933.4,101.437,101.733,138.567,103.195,108.495,134.987,142.244,132.851,132.814
1933.5,101.496,101.792,138.5,103.252,108.657,134.987,142.087,132.814,132.778
1933.6,101.437,101.792,138.567,103.252,108.549,134.951,142.119,132.851,132.814
1933.7,101.378,101.792,138.5,103.195,108.495,134.987,142.119,132.814,132.741
1933.8,101.437,101.733,138.533,103.252,108.442,135.022,142.087,132.851,132.741
1933.9,101.437,101.733,138.567,103.195,108.495,134.951,142.119,132.851,132.778
1934.0,101.437,101.674,138.533,103.368,108.388,134.987,142.181,132.814,132.814
1934.1,101.437,101.674,138.533,103.195,108.442,134.951,142.087,132.814,132.741
1934.2,101.437,101.674,138.567,103.195,108.388,134.951,142.087,132.888,132.741
1934.3,101.556,101.615,138.533,103.252,108.603,134.987,142.119,132.778,132.778
1934.4,101.437,101.674,138.533,103.137,108.388,134.951,142.119,132.888,132.741
1934.5,101.378,101.556,138.5,103.252,108.388,134.987,142.056,132.925,132.741
1934.6,101.378,101.496,138.467,103.195,108.334,134.987,142.119,132.814,132.778
1934.7,101.378,101.496,138.567,103.137,108.28,134.951,142.119,132.814,132.778
1934.8,101.437,101.496,138.567,103.137,108.226,134.915,142.087,132.851,132.778
1934.9,101.378,101.496,138.667,103.137,108.226,134.987,142.119,132.851,132.778
1935.0,101.378,101.437,138.5,103.137,108.28,134.987,142.087,132.814,132.741
1935.1,101.437,101.437,138.533,103.137,108.226,134.915,142.087,132.851,132.778
1935.2,101.318,101.378,138.533,103.137,108.226,134.915,142.119,132.814,132.741
1935.3,101.378,101.378,138.567,103.079,108.172,134.951,142.087,132.888,132.814
1935.4,101.378,101.437,138.567,103.137,108.118,134.951,142.087,132.888,132.851
1935.5,101.318,101.437,138.567,103.137,108.118,134.915,142.119,132.851,132.741
1935.6,101.378,101.318,138.533,103.137,108.118,134.915,142.181,132.814,132.778
1935.7,101.378,101.259,138.567,103.079,108.064,134.987,142.119,132.814,132.778
1935.8,101.378,101.259,138.567,103.137,108.01,134.915,142.119,132.814,132.741
1935.9,101.437,101.318,138.5,103.021,108.064,134.987,142.119,132.814,132.778
1936.0,101.437,101.259,138.5,103.079,107.955,134.987,142.119,132.888,132.851
1936.1,101.378,101.259,138.533,103.137,108.01,134.951,142.119,132.814,132.778
1936.2,101.318,101.2,138.567,103.021,107.955,134.951,142.15,132.814,132.704
1936.3,101.318,101.2,138.567,103.137,107.901,134.951,142.087,132.814,132.741
1936.4,101.259,101.318,138.5,103.079,107.955,134.987,142.087,132.814,132.741
1936.5,101.318,101.14,138.567,103.021,107.901,134.951,142.119,132.814,132.741
1936.6,101.378,101.14,138.567,103.021,107.901,134.951,142.181,132.778,132.778
1936.7,101.318,101.14,138.533,103.079,107.901,134.951,142.087,132.851,132.741
1936.8,101.318,101.08,138.533,103.137,107.793,134.915,142.15,132.814,132.741
1936.9,101.437,101.08,138.567,103.079,107.901,134.951,142.087,132.851,132.704
1937.0,101.318,101.08,138.567,103.079,107.847,134.951,142.15,132.814,132.778
1937.1,101.259,101.021,138.533,103.021,107.847,134.951,142.119,132.814,132.741
1937.2,101.318,101.021,138.533,103.021,107.847,134.951,142.119,132.851,132.741
1937.3,101.318,101.021,138.533,103.079,107.738,134.951,142.119,132.814,132.704
1937.4,101.259,100.961,138.567,103.021,107.738,134.987,142.087,132.814,132.704
1937.5,101.318,100.961,138.5,103.079,107.684,134.915,142.119,132.814,132.741
1937.6,101.318,100.961,138.533,103.079,107.793,134.951,142.119,132.851,132.667
1937.7,101.259,100.961,138.567,103.137,107.684,134.951,142.087,132.814,132.741
1937.8,101.259,100.902,138.6,103.021,107.63,134.915,142.087,132.851,132.814
1937.9,101.259,100.782,138.5,103.021,107.63,134.915,142.119,132.814,132.778
1938.0,101.318,101.2,138.533,103.021,107.63,134.951,142.15,132.851,132.741
1938.1,101.259,100.782,138.533,103.021,107.575,134.951,142.119,132.778,132.778
1938.2,101.259,100.842,138.7,103.079,107.63,134.987,142.119,132.888,132.778
1938.3,101.318,100.842,138.533,103.079,107.63,134.915,142.119,132.851,132.741
1938.4,101.318,100.842,138.5,103.079,107.63,135.022,142.15,132.814,132.741
1938.5,101.318,100.782,138.567,103.079,107.521,134.951,142.056,132.851,132.704
1938.6,101.378,100.782,138.633,103.079,107.521,134.987,142.119,132.888,132.704
1938.7,101.259,100.782,138.533,103.021,107.575,134.987,142.119,132.778,132.741
1938.8,101.259,100.782,138.6,103.079,107.466,134.951,142.119,132.814,132.778
1938.9,101.318,100.722,138.533,103.021,107.466,134.951,142.181,132.814,132.778
1939.0,100.242,100.722,138.633,102.904,107.411,134.951,142.119,132.851,132.741
1939.1,101.318,100.602,138.533,102.963,107.466,134.951,142.056,132.814,132.741
1939.2,101.378,100.602,138.567,103.021,107.302,134.951,142.119,132.778,132.704
1939.3,101.259,100.602,138.633,103.021,107.357,134.951,142.087,132.814,132.741
1939.4,101.2,100.542,138.567,102.963,107.357,134.951,142.119,132.851,132.704
1939.5,101.2,100.602,138.533,103.021,107.302,134.844,142.087,132.814,132.704
1939.6,101.259,100.602,138.5,102.963,107.302,134.951,142.15,132.814,132.741
1939.7,101.2,100.542,138.5,102.963,107.247,134.987,142.119,132.851,132.704
1939.8,101.259,100.482,138.533,102.963,107.302,134.951,142.119,132.778,132.741
1939.9,101.14,100.542,138.567,103.021,107.247,134.951,142.087,132.814,132.741
1940.0,101.2,100.542,138.533,102.963,107.193,134.987,142.119,132.814,132.704
1940.1,101.2,100.482,138.533,103.021,107.247,134.987,142.087,132.741,132.704
1940.2,101.259,100.482,138.5,103.021,107.247,134.987,142.119,132.814,132.704
1940.3,101.259,100.422,138.533,103.021,107.193,134.915,142.15,132.778,132.778
1940.4,101.2,100.422,138.6,103.021,107.193,135.022,142.15,132.814,132.741
1940.5,101.2,100.362,138.533,102.963,107.138,134.951,142.119,132.814,132.741
1940.6,101.259,100.422,138.567,102.963,107.138,134.987,142.087,132.851,132.741
1940.7,101.14,100.362,138.433,103.021,107.028,134.951,142.119,132.814,132.741
1940.8,101.2,100.302,138.533,102.963,107.083,134.951,142.119,132.814,132.704
1940.9,101.2,100.242,138.533,102.963,107.138,134.951,142.119,132.851,132.741
1941.0,101.2,100.242,138.567,103.021,107.028,134.951,142.119,132.778,132.778
1941.1,101.2,100.302,138.5,102.963,106.918,134.987,142.119,132.778,132.741
1941.2,101.2,100.182,138.533,102.963,106.918,134.915,142.119,132.888,132.704
1941.3,101.2,100.242,138.567,102.904,106.918,134.915,142.119,132.814,132.741
1941.4,101.14,100.182,138.533,103.021,106.918,134.951,142.087,132.741,132.741
1941.5,101.2,100.121,138.533,102.904,106.973,134.951,142.119,132.814,132.704
1941.6,101.14,100.242,138.5,102.904,106.863,134.987,142.119,132.814,132.704
1941.7,101.2,100.182,138.567,103.021,106.918,135.022,142.119,132.778,132.704
1941.8,101.14,100.061,138.5,102.963,106.808,134.915,142.15,132.741,132.704
1941.9,101.2,100.121,138.533,102.904,106.808,134.88,142.119,132.778,132.741
1942.0,101.14,100.061,138.533,102.904,106.808,134.987,142.119,132.814,132.704
1942.1,101.14,100.0,138.533,102.904,106.753,134.951,142.119,132.741,132.778
1942.2,101.14,100.061,138.533,102.904,106.753,134.88,142.056,132.814,132.704
1942.3,101.08,100.0,138.533,102.846,106.753,134.951,142.181,132.778,132.741
1942.4,101.14,100.061,138.567,102.904,106.643,134.951,142.119,132.814,132.778
1942.5,101.08,99.94,138.533,102.904,106.643,134.951,142.087,132.741,132.667
1942.6,101.14,99.94,138.533,102.963,106.698,134.915,142.15,132.814,132.741
1942.7,101.14,99.94,138.533,102.904,106.643,134.844,142.056,132.851,132.667
1942.8,101.08,99.88,138.5,102.846,106.643,134.915,142.15,132.814,132.667
1942.9,101.021,99.88,138.5,102.904,106.643,134.951,142.056,132.851,132.704
1943.0,101.14,99.94,138.567,102.846,106.588,134.951,142.119,132.814,132.704
1943.1,101.14,99.88,138.533,102.963,106.532,134.987,142.181,132.814,132.667
1943.2,101.14,99.88,138.533,102.904,106.588,134.951,142.15,132.814,132.741
1943.3,101.08,99.819,138.533,102.846,106.532,134.951,142.087,132.741,132.741
1943.4,101.08,99.819,138.567,102.788,106.477,134.951,142.087,132.814,132.778
1943.5,101.08,99.88,138.533,102.904,106.477,134.915,142.119,132.814,132.962
1943.6,101.14,99.758,138.533,102.963,106.422,134.915,142.181,132.814,132.741
1943.7,101.08,99.758,138.567,102.846,106.422,134.915,142.119,132.814,132.778
1943.8,101.14,99.698,138.567,102.846,106.422,134.987,142.119,132.778,132.704
1943.9,101.14,99.758,138.567,102.846,106.422,134.987,142.087,132.851,132.741
1944.0,101.08,99.758,138.567,102.788,106.366,134.951,142.056,132.778,132.778
1944.1,100.961,100.242,138.533,102.904,106.422,134.951,142.119,132.778,132.814
1944.2,101.08,99.698,138.567,102.846,106.366,134.987,142.087,132.851,132.704
1944.3,101.08,99.637,138.567,102.846,106.366,134.951,142.119,132.814,132.704
1944.4,101.08,99.637,138.533,102.846,106.366,134.987,142.087,132.814,132.704
1944.5,101.021,99.698,138.567,102.846,106.311,134.951,142.15,132.778,132.704
1944.6,101.08,99.576,138.533,102.846,106.2,134.987,142.087,132.741,132.741
1944.7,101.08,99.576,138.6,102.846,106.311,134.951,142.119,132.778,132.741
1944.8,101.08,99.576,138.567,102.846,106.311,134.915,142.119,132.778,132.741
1944.9,101.08,99.637,138.533,102.846,106.311,135.022,142.119,132.888,132.704
1945.0,101.08,99.637,138.567,102.963,106.255,134.951,142.056,132.814,132.667
1945.1,101.14,99.515,138.533,102.846,106.2,134.987,142.119,132.851,132.778
1945.2,101.021,99.515,138.567,102.846,106.2,134.951,142.087,132.778,132.667
1945.3,101.021,99.455,138.533,102.846,106.255,134.88,142.119,132.778,132.704
1945.4,100.961,99.455,138.533,102.846,106.144,134.951,142.119,132.741,132.741
1945.5,101.021,99.333,138.533,102.788,106.144,134.951,142.119,132.778,132.667
1945.6,101.14,99.394,138.5,102.846,106.089,135.022,142.087,132.814,132.704
1945.7,101.021,99.394,138.567,102.846,106.089,134.987,142.087,132.778,132.814
1945.8,101.021,99.333,138.6,102.788,106.033,134.915,142.119,132.778,132.741
1945.9,100.961,99.333,138.5,102.73,106.089,134.915,142.181,132.704,132.778
1946.0,100.961,99.333,138.5,102.846,106.033,134.951,142.087,132.814,132.667
1946.1,101.021,99.333,138.533,102.846,105.866,134.951,142.119,132.741,132.667
1946.2,101.08,99.211,138.533,102.846,105.977,134.951,142.212,132.778,132.704
1946.3,100.961,99.272,138.6,102.846,105.977,135.058,142.025,132.778,132.704
1946.4,101.021,99.272,138.533,102.846,106.033,134.951,142.056,132.814,132.704
1946.5,100.961,99.211,138.5,102.788,105.922,134.915,142.15,132.741,132.814
1946.6,100.961,99.211,138.5,102.846,106.089,134.951,142.119,132.814,132.667
1946.7,101.021,99.15,138.5,102.788,105.866,134.987,142.056,132.741,132.667
1946.8,101.021,99.211,138.533,102.73,105.81,134.951,142.119,132.778,132.704
1946.9,100.961,99.088,138.633,102.73,105.866,134.987,142.119,132.778,132.704
1947.0,100.961,99.15,138.6,102.788,105.866,134.915,142.087,132.814,132.667
1947.1,100.961,98.782,138.5,102.788,105.81,134.951,142.087,132.741,132.704
1947.2,100.961,99.088,138.633,102.73,105.754,134.951,142.119,132.778,132.704
1947.3,101.021,99.027,138.567,102.904,105.642,134.987,142.087,132.778,132.704
1947.4,100.902,99.088,138.5,102.788,105.81,134.951,142.087,132.778,132.704
1947.5,101.021,99.027,138.5,102.73,105.698,134.951,142.119,132.814,132.741
1947.6,101.021,98.966,138.5,102.73,105.698,134.987,142.119,132.778,132.593
1947.7,101.14,99.027,138.533,102.788,105.642,134.951,141.931,132.778,132.667
1947.8,100.902,99.027,138.533,102.846,105.698,134.951,142.087,132.778,132.741
1947.9,100.902,98.966,138.533,102.788,105.586,134.951,142.056,132.741,132.704
1948.0,100.902,98.966,138.567,102.788,105.698,134.951,142.119,132.741,132.63
1948.1,101.021,98.966,138.567,102.73,105.586,134.915,142.087,132.814,132.704
1948.2,100.961,98.905,138.533,102.73,105.586,134.951,142.087,132.778,132.704
1948.3,100.902,98.905,138.567,102.73,105.642,134.951,142.087,132.778,132.667
1948.4,100.902,98.905,138.533,102.73,105.642,134.951,142.056,132.814,132.667
1948.5,100.902,98.843,138.533,102.73,105.53,134.951,142.15,132.814,132.704
1948.6,100.902,98.782,138.567,102.788,105.586,134.987,142.15,132.741,132.704
1948.7,101.021,98.843,138.567,102.788,105.474,134.951,142.087,132.741,132.741
1948.8,100.961,98.782,138.567,102.73,105.474,134.915,142.15,132.814,132.593
1948.9,100.961,98.782,138.567,102.73,105.474,134.951,142.087,132.814,132.667
1949.0,101.021,98.782,138.567,102.73,105.418,134.951,142.119,132.778,132.667
1949.1,100.902,98.843,138.533,102.73,105.474,134.951,142.087,132.778,132.704
1949.2,100.961,98.782,138.533,102.73,105.53,134.951,142.056,132.778,132.667
1949.3,100.902,98.721,138.567,102.73,105.474,134.951,142.087,132.741,132.741
1949.4,100.902,98.659,138.567,102.555,105.53,134.915,142.087,132.741,132.667
1949.5,100.902,98.721,138.567,102.73,105.362,134.987,142.119,132.741,132.667
1949.6,100.961,98.721,138.567,102.788,105.362,134.987,142.15,132.741,132.704
1949.7,100.961,98.659,138.567,102.672,105.306,134.987,142.119,132.741,132.667
1949.8,101.021,98.659,138.533,102.788,105.306,134.987,142.087,132.778,132.704
1949.9,100.902,98.597,138.366,102.788,105.249,134.915,142.025,132.741,132.704
1950.0,100.961,98.597,138.533,102.73,105.249,134.915,141.962,132.814,132.704
1950.1,100.722,98.536,138.533,102.73,105.249,134.915,142.119,132.741,132.667
1950.2,100.961,98.536,138.567,102.672,105.193,134.951,142.119,132.778,132.667
1950.3,100.902,98.413,138.6,102.555,105.137,134.915,142.181,132.741,132.667
1950.4,100.902,98.474,138.533,102.672,105.137,134.915,142.087,132.741,132.667
1950.5,100.902,98.413,138.533,102.672,105.08,134.987,142.087,132.778,132.704
1950.6,100.842,98.474,138.633,102.672,105.08,134.915,142.087,132.741,132.704
1950.7,100.842,98.474,138.633,102.73,105.08,134.987,142.119,132.778,132.741
1950.8,100.782,98.474,138.533,102.497,105.024,134.987,142.119,132.778,132.667
1950.9,100.902,98.413,138.533,102.672,105.024,134.951,142.119,132.778,132.704
1951.0,100.842,98.413,138.567,102.672,105.024,134.951,142.087,132.778,132.704
1951.1,100.961,98.351,138.6,102.73,104.967,134.951,142.087,132.778,132.704
1951.2,100.961,98.351,138.533,102.672,105.024,134.951,142.119,132.778,132.667
1951.3,100.842,98.351,138.6,102.555,104.967,134.951,142.087,132.778,132.704
1951.4,100.842,98.289,138.767,102.672,105.024,134.951,142.15,132.741,132.704
1951.5,100.842,98.351,138.533,102.672,105.024,134.88,142.119,132.814,132.704
1951.6,100.842,98.289,138.533,102.672,104.967,134.951,142.087,132.778,132.814
1951.7,100.902,98.289,138.533,102.321,104.854,134.951,142.15,132.778,132.704
1951.8,101.021,98.227,138.567,102.672,104.911,134.915,142.087,132.814,132.667
1951.9,100.902,98.165,138.567,102.613,104.854,134.987,142.087,132.741,132.667
1952.0,100.782,98.165,138.567,102.672,104.854,134.915,142.119,132.778,132.667
1952.1,100.782,98.165,138.5,102.672,104.798,134.951,142.087,132.814,132.704
1952.2,100.902,98.227,138.5,102.672,104.798,134.951,142.087,132.851,132.667
1952.3,100.842,98.103,138.5,102.73,104.741,134.915,142.119,132.741,132.704
1952.4,100.842,98.165,138.567,102.613,104.741,134.987,142.119,132.778,132.741
1952.5,100.842,98.165,138.567,102.672,104.741,134.951,142.087,132.778,132.667
1952.6,100.722,98.041,138.567,102.613,104.741,134.915,142.087,132.667,132.667
1952.7,100.902,98.041,138.567,102.613,104.741,134.951,142.087,132.741,132.667
1952.8,100.782,98.041,138.567,102.613,104.628,134.951,142.119,132.741,132.667
1952.9,100.782,97.979,138.533,102.613,104.628,134.951,142.119,132.741,132.704
1953.0,100.782,97.979,138.567,102.613,104.684,134.915,142.119,132.778,132.704
1953.1,100.782,97.979,138.567,102.73,104.571,134.915,142.056,132.814,132.741
1953.2,100.842,97.979,138.533,102.672,104.628,134.951,142.087,132.778,132.667
1953.3,100.782,97.917,138.533,102.613,104.571,135.022,142.087,132.778,132.667
1953.4,100.782,97.917,138.567,102.613,104.571,134.987,142.087,132.778,132.741
1953.5,100.842,97.917,138.567,102.555,104.571,134.915,142.087,132.778,132.667
1953.6,100.782,97.855,138.533,102.672,104.514,134.987,142.15,132.704,132.741
1953.7,100.842,97.793,138.567,102.613,104.571,134.915,142.15,132.741,132.667
1953.8,100.722,97.855,138.533,102.613,104.571,134.951,142.181,132.778,132.704
1953.9,100.782,97.855,138.533,102.672,104.514,134.915,142.119,132.778,132.667
1954.0,100.782,97.793,138.533,102.555,104.571,134.951,142.119,132.814,132.63
1954.1,100.782,97.731,138.567,102.613,104.4,134.915,142.087,132.778,132.667
1954.2,100.782,97.793,138.533,102.555,104.457,134.951,142.087,132.704,132.704
1954.3,100.782,97.793,138.6,102.672,104.343,134.915,142.119,132.741,132.704
1954.4,100.842,97.731,138.533,102.672,104.4,134.915,142.119,132.778,132.667
1954.5,100.722,97.731,138.533,102.555,104.4,134.951,142.087,132.741,132.667
1954.6,100.722,97.668,138.567,102.555,104.343,134.951,142.056,132.741,132.667
1954.7,100.782,97.731,138.533,102.555,104.343,134.951,141.994,132.741,132.704
1954.8,100.722,97.606,138.533,102.555,104.343,134.951,142.087,132.741,132.667
1954.9,100.782,97.606,138.6,102.613,104.229,134.951,142.119,132.741,132.63
1955.0,100.722,97.668,138.533,102.555,104.229,134.951,142.087,132.741,132.667
1955.1,100.782,97.543,138.533,102.613,104.229,134.951,142.087,132.741,132.667
1955.2,100.722,97.543,138.667,102.613,104.229,134.987,142.119,132.814,132.519
1955.3,100.722,97.543,138.533,102.613,104.172,134.915,142.119,132.778,132.667
1955.4,100.782,97.543,138.533,102.555,104.229,134.915,142.119,132.741,132.667
1955.5,100.722,97.543,138.533,102.613,104.229,134.951,142.119,132.704,132.704
1955.6,100.722,97.481,138.533,102.555,104.172,134.951,142.087,132.667,132.667
1955.7,100.722,97.481,138.567,102.555,104.115,134.915,142.119,132.741,132.667
1955.8,100.782,97.481,138.433,102.555,104.115,134.951,142.087,132.778,132.63
1955.9,100.782,97.481,138.567,102.555,104.115,134.987,142.119,132.741,132.667
1956.0,100.722,97.481,138.6,102.613,104.115,134.951,142.119,132.704,132.63
1956.1,100.782,97.419,138.567,102.555,104.0,134.987,142.056,132.741,132.63
1956.2,100.782,97.356,138.533,102.555,104.058,134.987,142.087,132.778,132.704
1956.3,100.722,97.356,138.533,102.555,104.115,134.915,142.056,132.704,132.704
1956.4,100.722,97.356,138.533,102.555,104.058,134.987,142.119,132.778,132.667
1956.5,100.662,97.356,138.533,102.497,103.829,134.951,142.087,132.741,132.667
1956.6,100.782,97.356,138.567,102.555,103.943,134.987,142.087,132.63,132.778
1956.7,100.722,97.356,138.533,102.497,104.0,134.987,142.087,132.741,132.667
1956.8,100.722,97.293,138.5,102.497,103.886,134.951,142.119,132.778,132.741
1956.9,100.722,97.231,138.6,102.497,103.886,134.951,142.15,132.63,132.667
1957.0,100.722,97.231,138.533,102.497,103.886,134.987,142.087,132.778,132.593
1957.1,100.662,97.231,138.533,102.555,103.714,134.951,142.087,132.704,132.667
1957.2,100.662,97.168,138.567,102.497,103.886,134.915,142.087,132.741,132.63
1957.3,100.662,97.293,138.567,102.555,103.829,134.987,142.087,132.741,132.667
1957.4,100.662,97.231,138.533,102.497,103.886,134.915,142.087,132.741,132.667
1957.5,100.722,97.168,138.567,102.555,103.829,134.88,142.087,132.704,132.63
1957.6,100.782,97.168,138.533,102.497,103.771,134.915,142.087,132.704,132.667
1957.7,100.722,97.105,138.567,102.497,103.771,134.987,142.087,132.704,132.63
1957.8,100.782,97.105,138.533,102.555,103.656,134.915,141.962,132.741,132.63
1957.9,100.722,97.042,138.5,102.497,103.714,134.915,142.087,132.704,132.667
1958.0,100.722,97.105,138.533,102.497,103.656,134.987,142.119,132.778,132.63
1958.1,100.662,97.105,138.533,102.555,103.771,134.951,142.056,132.741,132.63
1958.2,100.662,97.105,138.6,102.497,103.771,134.88,142.087,132.704,132.63
1958.3,100.662,97.042,138.567,102.555,103.656,134.951,142.087,132.667,132.667
1958.4,100.662,96.98,138.6,102.497,103.599,134.915,142.087,132.704,132.63
1958.5,100.722,97.042,138.533,102.497,103.656,134.951,142.087,132.741,132.667
1958.6,100.602,96.791,138.533,102.497,103.599,134.951,142.087,132.741,132.63
1958.7,100.662,96.917,138.567,102.613,103.541,134.915,142.056,132.704,132.593
1958.8,100.662,96.917,138.533,102.438,103.483,134.987,142.15,132.741,132.667
1958.9,100.662,96.854,138.567,102.555,103.483,134.951,142.119,132.741,132.63
1959.0,100.542,96.854,138.467,102.497,103.426,134.951,142.087,132.704,132.63
1959.1,100.662,96.917,138.533,102.438,103.541,134.915,142.119,132.704,132.667
1959.2,100.722,96.791,138.567,102.438,103.426,134.951,142.087,132.741,132.667
1959.3,100.662,96.791,138.6,102.438,103.368,134.951,142.119,132.704,132.778
1959.4,100.662,96.791,138.567,102.497,103.483,134.951,142.119,132.741,132.63
1959.5,100.662,96.791,138.533,102.497,103.368,134.951,142.15,132.741,132.667
1959.6,100.662,96.728,138.567,102.497,103.483,134.951,142.119,132.704,132.667
1959.7,100.662,96.791,138.567,102.438,103.368,134.951,142.119,132.741,132.63
1959.8,100.602,96.728,138.567,102.438,103.426,134.915,142.119,132.741,132.667
1959.9,100.602,96.728,138.533,102.497,103.31,134.951,142.087,132.741,132.667
1960.0,100.482,96.728,138.6,102.438,103.368,134.915,142.15,132.667,132.593
1960.1,100.662,96.728,138.567,102.438,103.31,134.987,142.087,132.814,132.63
1960.2,100.602,96.664,138.6,102.438,103.252,134.951,142.087,132.704,132.741
1960.3,100.602,96.664,138.567,102.38,103.31,134.915,142.087,132.741,132.593
1960.4,100.602,96.664,138.533,102.438,103.252,134.951,142.087,132.741,132.63
1960.5,100.602,96.601,138.533,102.438,103.368,134.915,142.087,132.704,132.704
1960.6,100.602,96.601,138.567,102.438,103.252,134.951,142.087,132.741,132.593
1960.7,100.542,96.664,138.6,102.497,103.195,134.951,142.15,132.778,132.63
1960.8,100.602,96.601,138.533,102.555,103.195,135.093,142.119,132.704,132.593
1960.9,100.602,96.538,138.533,102.438,103.252,134.915,142.087,132.704,132.63
1961.0,100.542,96.538,138.533,102.438,103.137,134.987,142.087,132.741,132.63
1961.1,100.662,96.475,138.567,102.438,103.252,134.951,142.119,132.704,132.63
1961.2,100.542,96.538,138.567,102.438,103.137,134.915,142.087,132.704,132.593
1961.3,100.602,96.538,138.533,102.438,103.137,134.915,142.087,132.704,132.63
1961.4,100.542,96.538,138.533,102.438,103.137,134.951,142.087,132.704,132.63
1961.5,100.542,96.411,138.567,102.38,103.079,134.951,142.119,132.704,132.63
1961.6,100.602,96.411,138.533,102.438,103.021,134.987,142.181,132.704,132.667
1961.7,100.602,96.411,138.533,102.438,103.021,134.951,142.119,132.704,132.593
1961.8,100.542,96.475,138.533,102.38,103.021,134.951,142.056,132.741,132.556
1961.9,100.482,96.285,138.533,102.438,102.963,134.915,142.119,132.704,132.63
1962.0,100.602,96.348,138.567,102.38,103.021,134.915,142.119,132.704,132.63
1962.1,100.482,96.411,138.533,102.438,103.021,134.915,142.056,132.741,132.888
1962.2,100.602,96.348,138.533,102.38,102.963,134.951,142.119,132.667,132.667
1962.3,100.542,96.411,138.567,102.38,102.904,134.844,142.087,132.704,132.63
1962.4,100.602,96.285,138.467,102.438,102.788,135.058,142.119,132.704,132.593
1962.5,100.602,96.348,138.567,102.38,102.904,134.915,142.056,132.741,132.63
1962.6,100.482,96.221,138.5,102.38,102.904,134.915,142.119,132.704,132.63
1962.7,100.602,96.221,138.533,102.38,102.846,134.951,142.181,132.741,132.63
1962.8,100.542,96.221,138.6,102.38,102.846,134.915,142.119,132.704,132.63
1962.9,100.602,96.221,138.5,102.38,102.846,134.915,142.212,132.704,132.593
1963.0,100.602,96.158,138.667,102.38,102.788,134.915,142.119,132.741,132.667
1963.1,100.542,96.158,138.5,102.321,102.846,134.915,142.119,132.704,132.63
1963.2,100.542,96.158,138.533,102.38,102.73,134.951,142.087,132.704,132.667
1963.3,100.542,96.094,138.533,102.38,102.73,134.987,142.119,132.741,132.63
1963.4,100.602,96.094,138.5,102.321,102.788,134.951,142.056,132.741,132.63
1963.5,100.602,96.158,138.533,102.38,102.73,134.951,142.119,132.704,132.519
1963.6,100.482,96.158,138.533,102.321,102.672,134.915,142.15,132.741,132.63
1963.7,100.542,95.967,138.533,102.38,102.672,134.987,142.119,132.741,132.63
1963.8,100.542,96.03,138.533,102.321,102.672,134.915,142.087,132.704,132.63
1963.9,100.542,95.967,138.533,102.38,102.672,134.951,142.056,132.667,132.63
1964.0,100.542,96.094,138.567,102.438,102.555,134.915,142.119,132.667,132.593
1964.1,100.542,96.094,138.467,102.028,102.73,134.951,142.119,132.63,132.593
1964.2,100.542,96.094,138.567,102.38,102.555,134.915,142.087,132.741,132.593
1964.3,100.542,95.967,138.5,102.38,102.497,134.915,142.119,132.704,132.63
1964.4,100.542,95.967,138.6,102.321,102.613,134.951,142.087,132.667,132.593
1964.5,100.542,95.967,138.6,102.38,102.613,134.987,142.087,132.741,132.63
1964.6,100.542,95.839,138.533,102.321,102.555,134.951,142.087,132.704,132.63
1964.7,100.482,95.967,138.6,102.262,102.438,134.915,142.087,132.667,132.63
1964.8,100.542,95.967,138.5,102.38,102.497,134.951,142.087,132.741,132.593
1964.9,100.482,95.903,138.533,102.321,102.497,134.88,142.119,132.704,132.63
1965.0,100.542,95.903,138.533,102.321,102.38,134.951,142.15,132.667,132.593
1965.1,100.542,95.903,138.533,102.321,102.38,134.987,142.15,132.704,132.63
1965.2,100.482,95.775,138.567,102.438,102.38,134.951,142.087,132.704,132.667
1965.3,100.482,95.775,138.533,102.321,102.38,134.951,142.056,132.741,132.63
1965.4,100.422,95.839,138.6,102.321,102.321,134.915,142.119,132.667,132.63
1965.5,100.542,95.775,138.467,102.321,102.38,134.987,142.119,132.704,132.704
1965.6,100.482,95.775,138.533,102.321,102.262,134.915,142.056,132.704,132.63
1965.7,100.422,95.711,138.567,102.321,102.321,134.915,142.15,132.667,132.63
1965.8,100.422,95.839,138.6,102.321,102.262,134.951,142.119,132.704,132.593
1965.9,100.482,95.775,138.5,102.321,102.262,134.915,142.15,132.704,132.667
1966.0,100.482,95.775,138.567,102.262,102.262,134.88,142.087,132.741,132.593
1966.1,100.242,95.647,138.533,102.321,102.262,134.915,142.087,132.741,132.593
1966.2,100.422,95.647,138.533,102.321,102.262,134.915,142.119,132.741,132.593
1966.3,100.542,95.583,138.5,102.321,102.262,135.022,142.087,132.704,132.593
1966.4,100.422,95.583,138.5,102.38,102.204,134.915,142.119,132.704,132.63
1966.5,100.482,95.647,138.5,102.321,102.204,134.951,142.119,132.667,132.593
1966.6,100.482,95.647,138.533,102.262,102.204,134.951,142.056,132.704,132.63
1966.7,100.482,95.583,138.633,102.262,102.204,134.951,142.087,132.704,132.519
1966.8,100.422,95.647,138.567,102.321,102.204,134.915,142.087,132.741,132.593
1966.9,100.482,95.519,138.533,102.262,102.145,134.987,142.119,132.704,132.63
1967.0,100.422,95.519,138.567,102.262,102.086,134.915,142.087,132.704,132.593
1967.1,100.422,95.455,138.5,102.262,102.145,134.987,142.087,132.704,132.667
1967.2,100.482,95.519,138.533,102.262,102.028,134.915,142.087,132.667,132.593
1967.3,100.482,95.519,138.533,102.321,102.028,134.915,142.15,132.667,132.63
1967.4,100.422,95.455,138.533,102.438,101.969,134.915,142.087,132.667,132.63
1967.5,100.482,95.519,138.533,102.262,102.028,134.915,142.087,132.704,132.741
1967.6,100.482,95.391,138.567,102.321,102.028,134.951,142.119,132.667,132.593
1967.7,100.422,95.391,138.5,102.38,101.969,135.022,142.087,132.704,132.63
1967.8,100.422,95.391,138.533,102.321,101.969,134.951,142.087,132.667,132.63
1967.9,100.482,95.327,138.5,102.38,101.969,134.915,142.087,132.704,132.556
1968.0,100.422,95.327,138.533,102.321,101.91,135.022,142.087,132.704,132.63
1968.1,100.602,95.327,138.567,102.262,101.91,134.951,142.15,132.667,132.593
1968.2,100.422,95.391,138.533,102.262,101.91,134.951,142.119,132.667,132.667
1968.3,100.422,95.391,138.567,102.262,101.851,134.987,142.087,132.741,132.593
1968.4,100.422,95.327,138.5,102.262,101.792,134.915,142.119,132.741,132.63
1968.5,100.482,95.262,138.567,102.262,101.851,134.951,142.212,132.704,132.63
1968.6,100.422,95.198,138.533,102.262,101.91,134.951,142.056,132.778,132.593
1968.7,100.422,95.198,138.567,102.262,101.733,134.915,142.119,132.704,132.556
1968.8,98.966,95.198,138.533,102.204,101.851,134.951,142.119,132.704,132.63
1968.9,100.422,95.198,138.533,102.262,101.733,134.915,142.087,132.704,132.593
1969.0,100.422,95.967,138.5,102.321,101.733,134.915,142.119,132.704,132.593
1969.1,100.422,95.198,138.533,102.204,101.733,134.915,142.087,132.667,132.593
1969.2,100.422,95.134,138.533,102.262,101.733,134.987,142.087,132.667,132.593
1969.3,100.422,95.134,138.533,102.262,101.674,134.951,142.087,132.704,132.63
1969.4,100.422,95.134,138.567,102.262,101.674,134.951,142.119,132.704,132.63
1969.5,100.422,95.069,138.533,102.204,101.615,134.915,142.087,132.667,132.556
1969.6,100.362,95.069,138.533,102.204,101.733,134.951,142.087,132.667,132.556
1969.7,100.422,95.069,138.567,102.262,101.615,134.951,142.087,132.704,132.593
1969.8,100.362,95.069,138.567,102.262,101.615,134.915,142.15,132.667,132.593
1969.9,100.362,95.069,138.533,102.262,101.556,134.915,142.056,132.704,132.593
1970.0,100.422,94.94,138.533,102.321,101.556,134.951,142.056,132.704,132.593
1970.1,100.422,95.005,138.533,102.262,101.556,134.915,142.087,132.667,132.63
1970.2,100.422,95.005,138.567,102.204,101.556,134.951,142.087,132.704,132.63
1970.3,100.422,95.069,138.533,102.262,101.496,134.951,142.119,132.704,132.593
1970.4,100.422,94.94,138.533,102.262,101.496,134.987,142.119,132.704,132.593
1970.5,100.422,94.876,138.533,102.262,101.318,134.915,142.119,132.667,132.593
1970.6,100.362,94.94,138.567,102.262,101.496,134.915,142.087,132.704,132.593
1970.7,100.422,94.94,138.567,102.204,101.437,134.915,142.212,132.704,132.593
1970.8,100.422,94.876,138.6,102.204,101.378,134.951,142.119,132.667,132.593
1970.9,100.422,94.811,138.533,102.262,101.378,134.88,142.119,132.704,132.63
1971.0,100.362,94.811,138.567,102.204,101.378,134.915,142.15,132.704,132.556
1971.1,100.362,94.811,138.533,102.321,101.378,134.951,142.087,132.704,132.63
1971.2,100.362,94.811,138.533,102.204,101.378,134.915,142.056,132.667,132.593
1971.3,100.362,94.746,138.567,102.262,101.318,134.951,142.119,132.704,132.556
1971.4,100.362,94.811,138.567,102.204,101.318,134.915,142.15,132.667,132.63
1971.5,100.362,94.746,138.533,102.204,101.318,134.951,142.119,132.667,132.593
1971.6,100.482,94.681,138.533,102.204,101.318,134.951,142.119,132.63,132.556
1971.7,100.422,94.746,138.567,102.262,101.259,134.951,142.087,132.63,132.556
1971.8,100.362,94.746,138.567,102.204,101.259,134.951,142.119,132.704,132.593
1971.9,100.362,94.746,138.5,102.204,101.259,134.951,142.087,132.63,132.667
1972.0,100.422,94.681,138.5,102.262,101.259,134.951,142.087,132.667,132.667
1972.1,100.422,94.681,138.567,102.262,101.259,134.987,142.087,132.667,132.593
1972.2,100.362,94.681,138.533,102.262,101.2,134.915,142.087,132.704,132.667
1972.3,100.422,94.746,138.5,102.204,101.2,134.951,142.087,132.667,132.667
1972.4,100.422,94.552,138.567,102.204,101.14,134.915,142.056,132.667,132.593
1972.5,100.302,94.617,138.567,102.321,101.14,134.987,142.119,132.704,132.63
1972.6,100.362,94.552,138.533,102.204,101.08,134.951,142.087,132.667,132.593
1972.7,100.302,94.552,138.5,102.145,101.08,134.951,142.119,132.778,132.593
1972.8,100.422,94.487,138.5,102.204,101.08,134.951,142.119,132.704,132.63
1972.9,100.362,94.487,138.533,102.204,101.08,134.987,142.119,132.704,132.63
1973.0,100.302,94.552,138.567,102.204,101.14,134.915,142.119,132.667,132.63
1973.1,100.362,94.552,138.533,102.204,101.08,134.915,142.087,132.704,132.593
1973.2,100.362,94.487,138.5,102.028,101.14,134.915,142.119,132.667,132.667
1973.3,100.362,94.487,138.533,102.262,101.08,134.951,142.119,132.63,132.63
1973.4,100.302,94.422,138.567,102.204,100.902,134.987,142.087,132.704,132.556
1973.5,100.362,94.422,138.433,102.262,101.021,134.987,142.119,132.741,132.593
1973.6,100.302,94.487,138.533,102.204,100.961,134.951,142.181,132.593,132.667
1973.7,100.362,94.422,138.533,102.204,100.961,134.951,142.087,132.667,132.593
1973.8,100.302,94.422,138.533,102.204,100.961,135.022,142.087,132.704,132.593
1973.9,100.302,94.422,138.567,102.262,100.902,134.987,142.119,132.667,132.704
1974.0,100.302,94.552,138.533,102.204,100.902,134.987,142.087,132.704,132.556
1974.1,100.302,94.422,138.533,102.204,100.842,134.951,142.119,132.704,132.593
1974.2,100.302,94.292,138.567,102.204,100.842,135.058,142.087,132.667,132.593
1974.3,100.362,94.292,138.533,102.204,100.782,134.951,142.087,132.667,132.593
1974.4,100.362,94.292,138.5,102.145,100.842,134.951,142.087,132.63,132.593
1974.5,100.362,94.226,138.533,102.145,100.782,134.951,142.119,132.63,132.593
1974.6,100.302,94.292,138.533,102.086,100.722,134.951,142.15,132.667,132.593
1974.7,100.302,94.226,138.533,102.204,100.782,134.987,142.15,132.704,132.593
1974.8,100.362,94.292,138.6,102.204,100.722,134.915,142.181,132.667,132.556
1974.9,100.302,94.226,138.567,102.204,100.722,134.951,142.087,132.704,132.593
1975.0,100.302,94.161,138.6,102.204,100.662,134.951,142.087,132.667,132.556
1975.1,100.302,94.226,138.533,102.145,100.662,134.951,142.087,132.704,132.63
1975.2,100.242,94.096,138.6,102.204,100.662,134.987,142.087,132.667,132.593
1975.3,100.362,94.096,138.567,102.204,100.542,134.915,142.15,132.704,132.593
1975.4,100.302,94.161,138.567,102.204,100.542,134.951,142.119,132.704,132.593
1975.5,100.302,94.096,138.5,102.204,100.602,134.951,142.087,132.667,132.593
1975.6,100.302,94.096,138.533,102.262,100.602,134.915,142.087,132.63,132.593
1975.7,100.302,94.096,138.5,102.145,100.542,134.915,142.087,132.667,132.556
1975.8,100.302,94.161,138.533,102.145,100.542,134.951,142.087,132.667,132.593
1975.9,100.422,94.096,138.533,102.145,100.542,134.951,142.087,132.667,132.556
1976.0,100.362,94.031,138.567,102.145,100.602,134.915,142.119,132.667,132.593
1976.1,100.302,94.096,138.533,102.145,100.602,134.951,142.119,132.667,132.593
1976.2,100.362,93.965,138.567,102.145,100.422,134.915,142.119,132.667,132.556
1976.3,100.242,94.031,138.567,102.145,100.482,134.951,142.119,132.667,132.593
1976.4,100.302,93.965,138.567,102.204,100.302,134.951,142.087,132.667,132.593
1976.5,100.302,93.965,138.533,102.145,100.422,134.915,142.15,132.593,132.593
1976.6,100.242,93.965,138.567,102.145,100.422,134.915,142.087,132.667,132.556
1976.7,100.302,93.965,138.567,102.145,100.422,134.915,142.119,132.667,132.556
1976.8,100.302,93.9,138.567,102.204,100.422,134.915,142.119,132.667,132.593
1976.9,100.302,93.9,138.533,102.145,100.362,134.951,142.119,132.667,132.444
1977.0,100.242,93.834,138.5,102.086,100.302,134.951,142.119,132.704,132.519
1977.1,100.302,93.834,138.5,102.086,100.362,134.951,142.119,132.667,132.593
1977.2,100.182,93.834,138.567,102.086,100.362,134.951,142.087,132.667,132.556
1977.3,100.302,93.9,138.567,102.145,100.302,134.809,142.087,132.667,132.593
1977.4,100.302,93.834,138.567,102.145,100.302,134.915,142.087,132.741,132.63
1977.5,100.242,93.769,138.533,102.086,100.302,134.951,142.087,132.667,132.63
1977.6,100.302,93.769,138.567,102.086,100.242,134.951,142.119,132.667,132.593
1977.7,100.302,93.769,138.567,102.145,100.242,134.987,142.119,132.667,132.593
1977.8,100.302,93.769,138.533,102.145,100.242,134.951,142.119,132.667,132.593
1977.9,100.302,93.769,138.533,102.145,100.242,134.915,142.119,132.667,132.444
1978.0,100.242,93.769,138.567,102.086,100.182,134.915,142.119,132.63,132.556
1978.1,100.242,93.703,138.533,102.086,100.242,134.915,142.056,132.667,132.593
1978.2,100.302,93.769,138.5,102.086,100.182,134.915,142.181,132.667,132.593
1978.3,100.242,93.703,138.533,102.086,100.121,134.951,142.119,132.704,132.556
1978.4,100.302,93.638,138.567,102.145,100.121,134.951,142.119,132.667,132.556
1978.5,100.242,93.638,138.5,102.086,100.182,134.951,142.087,132.667,132.556
1978.6,100.242,93.638,138.533,102.145,100.121,134.987,142.119,132.667,132.593
1978.7,100.302,93.506,138.533,102.028,100.0,134.951,142.119,132.741,132.519
1978.8,100.242,93.769,138.533,102.145,100.061,134.951,142.15,132.667,132.593
1978.9,100.242,93.638,138.533,102.086,100.0,134.951,142.119,132.667,132.593
1979.0,100.302,93.506,138.567,102.086,100.0,134.915,142.15,132.704,132.593
1979.1,100.242,93.572,138.567,102.086,100.0,134.987,142.119,132.704,132.667
1979.2,100.302,93.44,138.533,102.086,99.94,135.093,142.119,132.704,132.556
1979.3,100.242,93.506,138.533,102.086,99.94,134.951,142.119,132.667,132.556
1979.4,100.242,93.44,138.533,102.028,99.94,134.915,142.087,132.704,132.556
1979.5,100.302,93.44,138.533,102.086,99.88,134.987,142.119,132.704,132.556
1979.6,100.242,93.572,138.567,102.086,99.88,134.987,142.119,132.704,132.593
1979.7,100.302,93.374,138.567,102.028,99.88,134.951,142.15,132.704,132.593
1979.8,100.242,93.506,138.533,102.086,99.819,134.915,142.087,132.593,132.63
1979.9,100.302,93.374,138.533,102.086,99.758,134.915,142.056,132.704,132.556
1980.0,100.242,93.309,138.6,102.028,99.88,134.915,142.119,132.667,132.593
1980.1,100.182,93.44,138.5,102.028,99.698,134.915,142.15,132.667,132.556
1980.2,100.182,93.309,138.567,102.086,99.758,134.951,142.087,132.704,132.63
1980.3,100.242,93.309,138.5,102.086,99.819,134.951,142.056,132.667,132.593
1980.4,100.182,93.309,138.533,102.028,99.698,134.987,142.119,132.593,132.556
1980.5,100.182,93.243,138.533,102.145,99.698,134.951,142.087,132.667,132.593
1980.6,100.242,93.309,138.5,102.086,99.637,134.915,142.119,132.741,132.556
1980.7,100.242,93.243,138.533,102.086,99.758,134.951,142.087,132.667,132.593
1980.8,100.182,93.243,138.533,102.028,99.576,134.951,142.119,132.63,132.593
1980.9,100.302,93.243,138.567,102.086,99.637,134.951,142.087,132.741,132.63
1981.0,100.242,93.243,138.533,102.028,99.698,134.951,142.087,132.667,132.556
1981.1,100.242,93.243,138.533,102.028,99.637,134.987,142.087,132.63,132.593
1981.2,100.242,93.177,138.567,102.145,99.637,134.915,142.087,132.667,132.63
1981.3,100.182,93.243,138.533,102.028,99.576,134.915,142.119,132.667,132.519
1981.4,100.302,93.177,138.633,102.028,99.576,134.915,142.119,132.741,132.556
1981.5,100.182,93.177,138.533,102.145,99.576,134.951,142.119,132.704,132.556
1981.6,100.242,93.177,138.533,102.086,99.637,134.951,142.119,132.704,132.556
1981.7,100.182,93.177,138.533,102.086,99.576,134.951,142.087,132.667,132.593
1981.8,100.182,93.11,138.533,102.086,99.515,134.88,142.087,132.704,132.667
1981.9,100.182,93.11,138.533,102.028,99.455,134.987,142.15,132.667,132.556
1982.0,100.182,93.11,138.6,102.028,99.515,135.022,142.119,132.667,132.556
1982.1,100.242,93.044,138.633,102.028,99.455,134.915,142.15,132.704,132.519
1982.2,100.242,93.044,138.467,101.91,99.515,134.987,142.119,132.667,132.556
1982.3,100.242,93.044,138.533,101.969,99.455,134.987,142.119,132.593,132.556
1982.4,100.242,92.978,138.533,102.086,99.455,134.951,142.119,132.667,132.519
1982.5,100.242,92.978,138.533,102.028,99.455,134.915,142.181,132.63,132.593
1982.6,100.182,92.978,138.533,102.028,99.272,134.951,142.119,132.667,132.519
1982.7,100.182,93.044,138.567,101.969,99.333,134.951,142.087,132.667,132.519
1982.8,100.182,92.912,138.533,102.028,99.455,134.951,142.181,132.63,132.593
1982.9,100.182,92.978,138.567,102.028,99.394,134.951,142.119,132.667,132.556
1983.0,100.182,92.912,138.567,101.969,99.333,134.951,142.181,132.741,132.556
1983.1,100.302,92.978,138.533,101.969,99.333,134.915,142.15,132.667,132.556
1983.2,100.242,92.846,138.533,102.028,99.272,134.915,142.15,132.667,132.593
1983.3,100.302,92.846,138.533,102.028,99.333,134.951,142.119,132.667,132.556
1983.4,100.182,92.779,138.567,102.028,99.211,134.951,142.15,132.667,132.556
1983.5,100.362,92.846,138.533,101.969,99.333,134.951,142.15,132.704,132.482
1983.6,100.362,92.846,138.6,102.086,99.211,134.951,142.087,132.667,132.556
1983.7,100.242,92.846,138.5,102.028,99.211,134.951,142.119,132.704,132.63
1983.8,100.242,92.779,138.533,102.028,99.211,134.951,142.15,132.63,132.593
1983.9,100.182,92.779,138.567,102.028,99.088,135.022,142.119,132.63,132.556
1984.0,100.242,92.713,138.567,102.028,99.088,134.915,142.119,132.704,132.556
1984.1,100.182,92.846,138.533,101.969,99.088,134.951,142.087,132.667,132.519
1984.2,100.242,92.713,138.567,102.028,99.15,134.951,142.119,132.667,132.519
1984.3,100.242,92.713,138.6,102.028,99.088,134.951,142.119,132.704,132.482
1984.4,100.182,92.646,138.567,101.851,99.088,134.951,142.056,132.667,132.667
1984.5,100.182,92.713,138.6,101.969,98.966,134.987,142.119,132.667,132.593
1984.6,100.242,92.646,138.533,101.91,99.027,134.951,142.119,132.63,132.556
1984.7,100.182,92.646,138.533,102.028,99.088,134.987,142.087,132.63,132.519
1984.8,100.182,92.58,138.567,102.028,99.088,134.987,142.15,132.63,132.593
1984.9,100.182,92.58,138.567,102.028,99.027,134.951,142.15,132.704,132.593
1985.0,100.182,92.58,138.533,102.028,99.027,135.022,142.119,132.667,132.593
1985.1,100.182,92.58,138.5,102.086,98.905,134.951,142.119,132.667,132.556
1985.2,100.182,92.58,138.6,101.969,98.966,134.951,142.119,132.667,132.556
1985.3,100.182,92.58,138.533,101.969,98.905,134.987,142.119,132.667,132.556
1985.4,100.121,92.513,138.633,101.969,98.905,135.022,142.119,132.667,132.556
1985.5,100.182,92.513,138.5,101.969,98.905,134.987,142.119,132.63,132.556
1985.6,100.182,92.513,138.5,101.91,98.905,134.987,142.119,132.63,132.556
1985.7,100.182,92.447,138.533,102.028,98.782,134.987,142.181,132.667,132.556
1985.8,100.242,92.447,138.567,101.969,98.905,134.951,142.181,132.667,132.556
1985.9,100.182,92.447,138.533,101.969,98.782,134.951,142.119,132.667,132.556
1986.0,100.182,92.513,138.633,101.969,98.782,134.951,142.119,132.704,132.556
1986.1,100.242,92.447,138.533,101.91,98.721,134.987,142.15,132.667,132.556
1986.2,100.182,92.447,138.567,101.969,98.782,134.951,142.119,132.667,132.519
1986.3,100.242,92.447,138.533,101.969,98.782,134.951,142.181,132.667,132.593
1986.4,100.121,92.38,138.533,101.969,98.721,134.915,142.15,132.63,132.593
1986.5,100.121,92.38,138.533,101.969,98.782,134.951,142.15,132.667,132.519
1986.6,100.242,92.313,138.567,101.969,98.659,134.987,142.119,132.704,132.63
1986.7,100.182,92.38,138.567,101.969,98.659,134.987,142.119,132.667,132.556
1986.8,100.121,92.246,138.567,101.969,98.721,134.951,142.181,132.667,132.519
1986.9,100.121,92.246,138.567,102.028,98.597,134.915,142.119,132.704,132.556
1987.0,100.182,92.313,138.567,101.91,98.721,134.987,142.087,132.741,132.556
1987.1,100.182,92.38,138.567,101.969,98.597,134.951,142.15,132.667,132.593
1987.2,100.121,92.246,138.533,101.91,98.536,134.951,142.119,132.704,132.519
1987.3,100.121,92.246,138.533,101.969,98.597,134.951,142.119,132.667,132.556
1987.4,100.182,92.313,138.533,101.969,98.597,134.951,142.087,132.63,132.593
1987.5,100.182,92.246,138.6,101.969,98.536,134.951,142.119,132.667,132.519
1987.6,100.242,92.246,138.567,101.91,98.536,134.915,142.119,132.667,132.519
1987.7,100.121,92.246,138.533,101.91,98.536,134.987,142.119,132.667,132.556
1987.8,100.121,92.179,138.533,101.91,98.474,134.951,142.119,132.667,132.556
1987.9,100.242,92.246,138.567,101.91,98.413,134.951,142.119,132.704,132.556
1988.0,100.242,92.179,138.567,101.91,98.474,134.915,142.119,132.667,132.519
1988.1,100.182,92.313,138.5,101.969,98.474,134.951,142.087,132.667,132.556
1988.2,100.182,92.179,138.567,101.969,98.474,134.987,142.119,132.667,132.519
1988.3,100.182,92.179,138.533,102.086,98.474,134.951,142.087,132.63,132.556
1988.4,100.121,92.112,138.5,101.969,98.413,134.951,142.15,132.667,132.519
1988.5,100.242,92.112,138.533,101.91,98.413,134.951,142.15,132.667,132.519
1988.6,100.121,92.112,138.567,101.969,98.413,135.022,142.087,132.667,132.556
1988.7,100.182,92.112,138.567,102.028,98.351,134.915,142.119,132.667,132.519
1988.8,100.182,91.978,138.533,101.851,98.351,134.951,142.119,132.704,132.593
1988.9,100.182,92.045,138.533,101.91,98.351,134.915,142.119,132.667,132.519
1989.0,100.121,92.045,138.567,101.969,98.351,134.915,142.119,132.741,132.556
1989.1,100.121,92.112,138.533,101.969,98.289,134.951,142.119,132.667,132.519
1989.2,100.121,92.045,138.567,101.91,98.289,134.951,142.119,132.667,132.556
1989.3,100.182,92.045,138.5,101.91,98.227,134.951,142.119,132.667,132.519
1989.4,100.121,91.978,138.567,101.969,98.351,134.951,142.056,132.667,132.519
1989.5,100.182,91.911,138.5,101.969,98.227,134.951,142.119,132.704,132.519
1989.6,100.121,91.844,138.533,101.91,98.227,134.951,142.15,132.63,132.519
1989.7,100.061,91.911,138.567,101.91,98.165,134.951,142.15,132.667,132.556
1989.8,100.182,91.844,138.567,101.91,98.227,134.915,142.119,132.704,132.556
1989.9,100.182,91.911,138.533,101.969,98.165,134.951,142.119,132.667,132.63
1990.0,100.121,91.844,138.467,101.91,98.165,134.951,142.119,132.63,132.556
1990.1,100.182,91.844,138.6,101.969,98.165,134.987,142.119,132.667,132.482
1990.2,100.182,91.844,138.567,101.91,98.165,134.987,142.119,132.63,132.556
1990.3,100.182,91.777,138.567,101.91,98.103,134.951,142.119,132.704,132.556
1990.4,100.121,91.844,138.533,101.851,98.103,134.951,142.181,132.63,132.556
1990.5,100.121,91.777,138.567,101.851,98.041,134.915,142.181,132.667,132.593
1990.6,100.182,91.844,138.533,101.91,98.103,134.951,142.212,132.63,132.556
1990.7,100.121,91.71,138.533,102.028,98.041,134.987,142.181,132.667,132.519
1990.8,100.061,91.777,138.533,101.91,98.041,134.915,142.181,132.63,132.556
1990.9,100.182,91.71,138.5,101.851,98.103,134.951,142.181,132.593,132.519
1991.0,100.182,91.777,138.5,101.91,98.041,134.987,142.119,132.741,132.556
1991.1,100.242,91.71,138.567,101.851,97.917,134.987,142.15,132.667,132.556
1991.2,100.182,91.642,138.667,101.792,97.917,134.915,142.119,132.667,132.519
1991.3,100.121,91.642,138.533,101.91,98.041,134.951,142.15,132.667,132.556
1991.4,100.182,91.642,138.533,101.91,97.979,134.987,142.119,132.63,132.556
1991.5,100.182,91.642,138.5,101.851,97.917,134.951,142.15,132.667,132.63
1991.6,100.182,91.71,138.567,101.91,97.917,134.951,142.119,132.667,132.63
1991.7,100.121,91.642,138.533,101.91,97.917,134.951,142.119,132.667,132.556
1991.8,100.182,91.575,138.533,101.91,97.917,134.951,142.15,132.667,132.556
1991.9,100.182,91.642,138.533,101.91,97.979,134.987,142.15,132.667,132.593
1992.0,100.182,91.575,138.5,101.91,97.855,134.915,142.087,132.667,132.556
1992.1,100.182,91.508,138.5,101.91,97.855,134.987,142.15,132.704,132.444
1992.2,100.121,91.575,138.533,101.851,97.855,134.915,142.15,132.593,132.556
1992.3,100.182,91.575,138.533,101.91,97.793,135.022,142.15,132.667,132.593
1992.4,100.121,91.575,138.567,101.851,97.793,135.022,142.181,132.704,132.556
1992.5,100.121,91.575,138.6,101.792,97.731,134.951,142.15,132.667,132.519
1992.6,100.182,91.44,138.5,101.91,97.731,135.058,142.15,132.63,132.556
1992.7,100.121,91.508,138.567,101.851,97.731,134.951,142.15,132.667,132.519
1992.8,100.182,91.44,138.533,101.851,97.668,134.951,142.15,132.667,132.519
1992.9,100.121,91.372,138.567,101.91,97.668,135.022,142.15,132.667,132.63
1993.0,100.121,91.508,138.533,101.851,97.606,134.987,142.181,132.667,132.519
1993.1,100.182,91.372,138.533,101.851,97.668,134.987,142.15,132.667,132.519
1993.2,100.182,91.44,138.567,101.792,97.731,135.058,142.119,132.63,132.519
1993.3,100.061,91.372,138.533,101.851,97.606,134.987,142.212,132.63,132.556
1993.4,100.242,91.44,138.533,101.91,97.668,134.915,142.181,132.63,132.519
1993.5,100.121,91.372,138.5,101.91,97.606,134.951,142.119,132.667,132.519
1993.6,100.121,91.44,138.567,101.851,97.606,134.915,142.119,132.593,132.519
1993.7,100.121,91.305,138.5,101.792,97.606,134.987,142.181,132.593,132.519
1993.8,100.121,91.305,138.567,101.851,97.543,134.951,142.181,132.63,132.519
1993.9,100.121,91.305,138.5,101.851,97.543,134.951,142.119,132.667,132.556
1994.0,100.121,91.305,138.567,101.851,97.481,134.915,142.15,132.667,132.556
1994.1,100.121,91.305,138.567,101.851,97.543,135.022,142.15,132.667,132.519
1994.2,100.182,91.169,138.533,101.91,97.419,134.951,142.15,132.667,132.556
1994.3,100.121,91.237,138.6,101.91,97.481,134.951,142.15,132.63,132.519
1994.4,100.121,91.237,138.567,101.851,97.481,134.88,142.119,132.667,132.519
1994.5,100.182,91.169,138.5,101.851,97.419,134.987,142.15,132.667,132.519
1994.6,100.182,91.102,138.5,101.851,97.419,134.951,142.119,132.667,132.556
1994.7,100.242,91.102,138.6,101.792,97.419,134.951,142.119,132.63,132.519
1994.8,100.061,91.102,138.6,101.91,97.419,134.951,142.119,132.63,132.556
1994.9,100.121,91.102,138.5,101.851,97.293,134.915,142.119,132.667,132.519
1995.0,100.061,91.102,138.533,101.851,97.419,134.951,142.087,132.667,132.519
1995.1,100.121,91.102,138.567,101.851,97.356,134.951,142.119,132.63,132.519
1995.2,100.182,91.102,138.533,101.792,97.293,135.022,142.15,132.63,132.482
1995.3,100.182,90.966,138.533,101.792,97.356,134.915,142.15,132.667,132.519
1995.4,100.121,91.102,138.533,101.792,97.231,134.951,142.119,132.667,132.593
1995.5,100.121,91.034,138.533,101.792,97.293,134.951,142.15,132.667,132.519
1995.6,100.121,91.034,138.567,101.851,97.231,134.915,142.15,132.667,132.519
1995.7,100.121,91.034,138.567,101.851,97.293,134.987,142.181,132.63,132.519
1995.8,100.121,90.966,138.533,101.792,97.293,134.951,142.15,132.63,132.519
1995.9,100.061,91.034,138.567,101.851,97.231,134.915,142.119,132.63,132.519
1996.0,100.121,91.034,138.533,101.851,97.231,134.915,142.15,132.63,132.519
1996.1,100.121,90.898,138.5,101.851,97.231,134.915,142.119,132.667,132.519
1996.2,100.242,91.034,138.533,101.792,97.231,134.809,142.15,132.704,132.556
1996.3,100.121,90.966,138.567,101.792,97.105,134.987,142.119,132.63,132.519
1996.4,100.182,90.966,138.567,101.733,97.042,134.951,142.15,132.63,132.519
1996.5,100.121,90.966,138.533,101.851,97.168,134.987,142.087,132.63,132.519
1996.6,100.182,90.966,138.5,101.733,97.042,134.951,142.15,132.593,132.519
1996.7,100.121,90.83,138.5,101.91,97.105,134.951,142.119,132.667,132.444
1996.8,100.182,90.83,138.533,101.792,97.105,134.951,142.181,132.667,132.556
1996.9,100.182,90.898,138.567,101.91,97.042,135.022,142.119,132.667,132.519
1997.0,100.061,90.898,138.533,101.792,97.105,134.951,142.15,132.63,132.482
1997.1,100.182,90.966,138.567,101.792,97.105,134.951,142.119,132.741,132.593
1997.2,100.121,90.83,138.567,101.733,97.042,134.88,142.15,132.667,132.519
1997.3,100.061,90.83,138.533,101.851,96.98,134.951,142.15,132.63,132.556
1997.4,100.121,90.83,138.5,101.851,97.042,134.951,142.119,132.667,132.482
1997.5,100.121,90.83,138.533,101.674,97.042,134.844,142.15,132.593,132.556
1997.6,100.121,90.83,138.533,101.851,97.042,134.987,142.181,132.63,132.556
1997.7,100.121,90.83,138.567,101.792,97.042,134.987,142.119,132.667,132.556
1997.8,100.061,90.83,138.533,101.851,97.042,134.951,142.119,132.63,132.519
1997.9,100.121,90.762,138.533,101.792,96.98,134.951,142.119,132.667,132.519
1998.0,100.061,90.694,138.567,101.792,96.98,134.951,142.087,132.704,132.556
1998.1,100.061,90.694,138.6,101.792,96.917,134.951,142.087,132.63,132.519
1998.2,100.121,90.694,138.533,101.792,96.854,134.987,142.15,132.63,132.556
1998.3,100.121,90.694,138.533,101.792,96.854,134.951,142.15,132.63,132.593
1998.4,100.121,90.694,138.533,101.792,96.917,134.915,142.15,132.667,132.519
1998.5,100.121,90.694,138.567,101.792,96.854,134.915,142.056,132.667,132.482
1998.6,100.121,90.626,138.5,101.851,96.854,134.987,142.119,132.667,132.482
1998.7,100.121,90.762,138.533,101.733,96.791,134.915,142.15,132.63,132.519
1998.8,100.061,90.694,138.567,101.792,96.791,134.987,142.119,132.63,132.519
1998.9,100.182,90.626,138.533,101.792,96.791,134.915,142.15,132.63,132.519
1999.0,100.121,90.557,138.5,101.792,96.791,134.987,142.181,132.63,132.519
1999.1,100.061,90.557,138.667,101.674,96.728,134.915,142.15,132.63,132.519
1999.2,100.121,90.557,138.533,101.674,96.728,134.915,142.15,132.63,132.519
1999.3,100.121,90.626,138.533,101.792,96.728,134.951,142.119,132.667,132.556
1999.4,100.121,90.626,138.533,101.792,96.664,134.915,142.087,132.63,132.519
1999.5,100.121,90.557,138.533,101.792,96.728,134.951,142.119,132.667,132.519
1999.6,100.121,90.557,138.567,101.733,96.854,134.951,142.15,132.63,132.556
1999.7,100.121,90.626,138.6,101.674,96.664,134.951,142.119,132.63,132.519
1999.8,100.182,90.557,138.533,101.91,96.664,134.915,142.181,132.704,132.556
1999.9,100.121,90.489,138.533,101.792,96.791,134.951,142.15,132.667,132.519
2000.0,100.182,90.489,138.533,101.792,96.664,134.951,142.181,132.667,132.519
2000.1,100.121,90.421,138.567,101.851,96.664,134.915,142.15,132.667,132.519
2000.2,100.182,90.489,138.567,101.733,96.601,134.915,142.15,132.667,132.519
2000.3,100.121,90.489,138.5,101.792,96.664,134.951,142.119,132.593,132.519
2000.4,100.121,90.489,138.533,101.733,96.475,134.951,142.15,132.63,132.519
2000.5,100.121,90.489,138.567,101.792,96.664,134.987,142.119,132.63,132.482
2000.6,100.121,90.489,138.5,101.733,96.601,134.88,142.15,132.667,132.482
2000.7,100.121,90.352,138.5,101.733,96.538,134.951,142.15,132.667,132.519
2000.8,100.121,90.284,138.567,101.733,96.538,134.951,142.15,132.704,132.556
2000.9,100.121,90.284,138.5,101.792,96.538,134.987,142.119,132.667,132.556
2001.0,100.061,90.352,138.6,101.91,96.475,134.951,142.15,132.667,132.482
2001.1,100.061,90.352,138.5,101.733,96.538,134.951,142.15,132.63,132.519
2001.2,100.061,90.284,138.5,101.792,96.475,134.987,142.119,132.667,132.556
2001.3,100.121,90.352,138.533,101.792,96.411,134.951,142.15,132.63,132.519
2001.4,100.121,90.284,138.5,101.792,96.348,135.022,142.119,132.63,132.519
2001.5,100.061,90.352,138.567,101.733,96.475,134.987,142.181,132.704,132.556
2001.6,100.121,90.284,138.533,101.674,96.411,134.951,142.181,132.519,132.519
2001.7,100.121,90.215,138.533,101.792,96.411,134.915,142.181,132.667,132.519
2001.8,100.121,90.284,138.567,101.733,96.411,134.951,142.181,132.556,132.519
2001.9,100.121,90.215,138.5,101.91,96.348,134.987,142.119,132.667,132.519
2002.0,100.121,90.215,138.533,101.733,96.411,134.951,142.15,132.63,132.519
2002.1,100.121,90.215,138.533,101.733,96.411,134.951,142.244,132.63,132.556
2002.2,100.061,90.215,138.533,101.733,96.411,134.951,142.15,132.667,132.519
2002.3,100.121,90.284,138.433,101.792,96.285,134.951,142.119,132.667,132.519
2002.4,100.121,90.215,138.5,101.733,96.285,134.987,142.15,132.704,132.556
2002.5,100.182,90.146,138.633,101.792,96.411,134.951,142.15,132.704,132.519
2002.6,100.061,90.078,138.533,101.733,96.285,134.915,142.119,132.63,132.482
2002.7,100.121,90.078,138.6,101.733,96.285,134.987,142.119,132.667,132.482
2002.8,100.121,90.146,138.5,101.733,96.285,134.951,142.119,132.63,132.519
2002.9,100.182,90.146,138.533,101.674,96.221,134.987,142.119,132.593,132.519
2003.0,100.182,90.146,138.533,101.733,96.285,134.987,142.119,132.63,132.519
2003.1,100.182,90.009,138.5,101.674,96.221,134.951,142.087,132.63,132.593
2003.2,100.121,90.078,138.533,101.674,96.221,134.915,142.181,132.63,132.444
2003.3,100.061,90.009,138.5,101.733,96.221,134.987,142.119,132.667,132.519
2003.4,100.061,90.078,138.5,101.674,96.158,134.915,142.15,132.63,132.482
2003.5,100.061,90.146,138.533,101.733,96.094,134.915,142.025,132.667,132.482
2003.6,100.061,89.94,138.533,101.792,96.158,134.915,142.15,132.667,132.482
2003.7,100.182,90.146,138.533,101.733,96.221,135.022,142.025,132.667,132.556
2003.8,100.061,90.009,138.5,101.792,96.158,134.951,142.15,132.667,132.482
2003.9,100.061,89.94,138.533,101.733,96.158,134.915,142.15,132.667,132.482
2004.0,100.061,90.009,138.567,101.733,96.094,134.951,142.087,132.63,132.482
2004.1,100.121,89.94,138.5,101.556,96.221,134.915,142.181,132.593,132.482
2004.2,100.121,89.94,138.533,101.733,96.094,134.951,142.181,132.63,132.519
2004.3,100.121,90.009,138.533,101.674,96.094,134.915,142.181,132.667,132.519
2004.4,100.121,89.94,138.5,101.792,96.094,134.987,142.119,132.63,132.519
2004.5,100.121,89.94,138.533,101.733,96.03,134.951,142.119,132.63,132.519
2004.6,100.121,89.871,138.533,101.733,96.094,134.951,142.119,132.593,132.519
2004.7,100.061,89.871,138.533,101.674,96.094,134.987,142.119,132.63,132.519
2004.8,100.061,89.94,138.533,101.733,96.03,134.987,142.119,132.667,132.556
2004.9,100.121,89.871,138.533,101.792,96.094,134.951,142.181,132.63,132.519
2005.0,100.061,89.94,138.433,101.733,95.967,134.987,142.119,132.667,132.519
2005.1,100.121,89.871,138.433,101.674,95.967,134.987,142.181,132.63,132.482
2005.2,100.121,89.871,138.5,101.733,96.03,134.951,142.181,132.63,132.519
2005.3,100.121,89.871,138.533,101.792,95.903,134.987,142.244,132.667,132.519
2005.4,100.121,89.871,138.567,101.792,95.967,134.915,142.181,132.667,132.519
2005.5,100.121,89.803,138.6,101.674,95.967,134.987,142.119,132.63,132.519
2005.6,100.121,89.803,138.533,101.674,95.903,134.951,142.15,132.704,132.556
2005.7,100.0,89.734,138.5,101.733,95.967,134.951,142.181,132.63,132.482
2005.8,100.121,89.803,138.533,101.674,95.839,134.915,142.181,132.667,132.519
2005.9,100.121,89.734,138.5,101.792,95.839,134.951,142.119,132.63,132.519
2006.0,100.121,89.803,138.5,101.733,95.903,134.951,142.15,132.63,132.482
2006.1,100.121,89.734,138.567,101.674,95.775,134.915,142.15,132.667,132.519
2006.2,100.121,89.734,138.567,101.615,95.839,134.951,142.181,132.667,132.556
2006.3,100.0,89.734,138.467,101.733,95.839,134.987,142.181,132.63,132.482
2006.4,100.121,89.734,138.533,101.674,95.839,134.88,142.15,132.63,132.556
2006.5,100.121,89.734,138.533,101.792,95.839,134.951,142.15,132.667,132.519
2006.6,100.121,89.665,138.567,101.674,95.775,134.951,142.15,132.63,132.482
2006.7,100.121,89.596,138.533,101.674,95.775,134.915,142.181,132.63,132.482
2006.8,100.0,89.665,138.6,101.733,95.775,134.951,142.119,132.667,132.482
2006.9,100.121,89.665,138.5,101.674,95.775,134.951,142.119,132.63,132.519
2007.0,100.0,89.734,138.5,101.792,95.775,134.951,142.181,132.667,132.482
2007.1,100.0,89.665,138.7,101.674,95.775,134.951,142.15,132.63,132.444
2007.2,100.061,89.596,138.567,101.674,95.711,134.951,142.119,132.667,132.482
2007.3,100.0,89.526,138.5,101.733,95.647,134.987,142.087,132.63,132.482
2007.4,100.061,89.526,138.5,101.674,95.647,134.915,142.15,132.63,132.519
2007.5,100.061,89.526,138.533,101.733,95.711,134.951,142.119,132.63,132.482
2007.6,100.121,89.526,138.533,101.674,95.647,134.951,142.275,132.63,132.519
2007.7,100.061,89.596,138.5,101.674,95.583,134.987,142.119,132.63,132.482
2007.8,100.121,89.596,138.5,101.674,95.647,134.987,142.15,132.667,132.519
2007.9,100.121,89.457,138.533,101.792,95.647,134.951,142.119,132.667,132.519
2008.0,100.061,89.457,138.533,101.674,95.583,134.915,142.212,132.704,132.482
2008.1,100.061,89.526,138.533,101.674,95.583,134.987,142.119,132.63,132.556
2008.2,100.121,89.457,138.567,101.733,95.583,134.915,142.15,132.63,132.482
2008.3,100.061,89.457,138.533,101.792,95.519,134.987,142.15,132.63,132.519
2008.4,100.061,89.457,138.533,101.733,95.583,134.987,142.15,132.667,132.519
2008.5,100.182,89.457,138.5,101.674,95.519,134.987,142.119,132.704,132.519
2008.6,100.061,89.457,138.567,101.733,95.519,134.951,142.119,132.63,132.482
2008.7,100.121,89.388,138.533,101.615,95.519,134.951,142.119,132.63,132.519
2008.8,100.061,89.388,138.5,101.733,95.519,134.951,142.15,132.667,132.519
2008.9,100.061,89.388,138.5,101.733,95.519,134.951,142.15,132.63,132.519
2009.0,100.061,89.526,138.467,101.674,95.583,134.951,142.119,132.704,132.482
2009.1,100.121,89.388,138.533,101.674,95.391,134.951,142.181,132.63,132.482
2009.2,100.061,89.319,138.567,101.674,95.455,134.951,142.119,132.63,132.519
2009.3,100.061,89.388,138.567,101.674,95.391,134.951,142.15,132.667,132.519
2009.4,100.121,89.319,138.533,101.674,95.391,134.951,142.119,132.667,132.482
2009.5,100.061,89.249,138.533,101.674,95.391,134.915,142.212,132.667,132.444
2009.6,99.94,89.319,138.567,101.733,95.391,134.915,142.087,132.63,132.482
2009.7,100.061,89.319,138.533,101.674,95.391,134.951,142.119,132.667,132.482
2009.8,100.061,89.319,138.533,101.674,95.327,134.951,142.15,132.63,132.444
2009.9,100.121,89.249,138.533,101.615,95.262,134.951,142.15,132.63,132.519
2010.0,100.121,89.249,138.533,101.674,95.262,134.915,142.119,132.63,132.519
2010.1,100.061,89.249,138.6,101.792,95.262,134.951,142.15,132.667,132.482
2010.2,100.0,89.18,138.567,101.674,95.262,134.951,142.15,132.593,132.482
2010.3,100.121,89.18,138.567,101.674,95.327,134.951,142.181,132.63,132.519
2010.4,100.061,89.18,138.533,101.674,95.198,134.951,142.119,132.667,132.482
2010.5,100.061,89.18,138.567,101.674,95.327,134.987,142.119,132.63,132.482
2010.6,100.0,89.18,138.5,101.733,95.198,134.987,142.15,132.63,132.556
2010.7,100.061,89.11,138.533,101.674,95.198,134.951,142.15,132.667,132.519
2010.8,100.121,89.11,138.533,101.615,95.134,134.987,142.15,132.667,132.519
2010.9,100.121,89.041,138.5,101.615,95.198,134.915,142.181,132.63,132.519
2011.0,100.061,89.041,138.633,101.615,95.198,134.987,142.15,132.63,132.444
2011.1,100.121,89.18,138.567,101.615,95.069,134.915,142.15,132.63,132.482
2011.2,100.061,89.18,138.533,101.556,95.198,134.915,142.119,132.593,132.482
2011.3,100.061,89.041,138.567,101.674,95.134,134.951,142.15,132.63,132.482
2011.4,100.121,89.11,138.567,101.674,95.134,134.915,142.15,132.593,132.482
2011.5,100.061,89.041,138.533,101.615,95.134,134.951,142.119,132.63,132.519
2011.6,100.061,89.041,138.567,101.674,95.005,134.915,142.15,132.667,132.444
2011.7,100.0,89.041,138.533,101.615,95.134,134.951,142.15,132.667,132.482
2011.8,100.061,88.971,138.567,101.674,95.005,134.951,142.119,132.704,132.519
2011.9,100.121,88.971,138.567,101.615,95.069,134.951,142.181,132.667,132.482
2012.0,100.061,88.971,138.533,101.615,95.005,134.987,142.15,132.63,132.519
2012.1,100.061,88.901,138.533,101.674,95.005,134.915,142.119,132.593,132.482
2012.2,100.061,88.971,138.567,101.615,95.005,134.951,142.15,132.63,132.482
2012.3,100.061,88.971,138.533,101.615,95.005,134.915,142.119,132.593,132.519
2012.4,100.182,88.971,138.567,101.674,95.005,134.951,142.119,132.667,132.482
2012.5,100.061,88.901,138.5,101.615,94.94,134.951,142.119,132.63,132.482
2012.6,100.061,88.901,138.533,101.615,94.94,135.058,142.15,132.667,132.482
2012.7,100.061,89.041,138.533,101.674,94.94,134.915,142.15,132.63,132.519
2012.8,100.121,88.901,138.5,101.674,95.005,135.058,142.087,132.593,132.556
2012.9,100.121,88.832,138.533,101.556,94.94,134.951,142.087,132.63,132.482
2013.0,100.061,88.832,138.533,101.556,94.876,134.987,142.181,132.63,132.482
2013.1,100.061,88.832,138.533,101.615,94.94,135.058,142.15,132.63,132.482
2013.2,100.061,88.832,138.533,101.615,94.94,134.951,142.119,132.593,132.482
2013.3,100.121,88.832,138.567,101.556,95.069,134.915,142.087,132.667,132.519
2013.4,100.061,88.762,138.533,101.615,94.876,134.951,142.119,132.63,132.519
2013.5,100.0,88.762,138.5,101.615,94.876,134.951,142.212,132.667,132.482
2013.6,100.061,88.832,138.567,101.496,94.811,134.88,142.15,132.63,132.482
2013.7,100.061,88.692,138.533,101.615,94.876,134.987,142.181,132.63,132.482
2013.8,100.121,88.762,138.5,101.674,94.94,134.987,142.087,132.667,132.556
2013.9,100.121,88.692,138.5,101.615,94.811,134.951,142.181,132.63,132.482
2014.0,100.061,88.692,138.5,101.615,94.811,134.951,142.119,132.63,132.519
2014.1,100.0,88.762,138.5,101.615,94.746,134.915,142.119,132.593,132.444
2014.2,100.121,88.692,138.567,101.615,94.811,134.951,142.181,132.667,132.482
2014.3,100.061,88.692,138.5,101.556,94.746,134.987,142.119,132.63,132.407
2014.4,100.182,88.762,138.5,101.615,94.746,134.951,142.15,132.593,132.482
2014.5,100.061,88.762,138.5,101.615,94.811,134.987,142.119,132.63,132.482
2014.6,100.061,88.622,138.533,101.733,94.746,134.951,142.15,132.63,132.482
2014.7,100.061,88.692,138.533,101.615,94.746,134.951,142.119,132.667,132.519
2014.8,100.061,88.692,138.5,101.674,94.617,134.987,142.181,132.63,132.482
2014.9,100.061,88.622,138.567,101.615,94.811,134.951,142.15,132.63,132.519
2015.0,100.121,88.622,138.5,101.674,94.681,134.951,142.119,132.593,132.482
2015.1,100.061,88.692,138.5,101.615,94.617,134.987,142.181,132.704,132.482
2015.2,100.061,88.552,138.533,101.615,94.681,134.951,142.181,132.63,132.482
2015.3,100.0,88.692,138.567,101.674,94.681,134.987,142.15,132.704,132.482
2015.4,100.121,88.552,138.533,101.615,94.746,134.951,142.15,132.63,132.482
2015.5,100.061,88.552,138.533,101.615,94.746,134.951,142.181,132.667,132.482
2015.6,100.0,88.552,138.567,101.615,94.617,134.951,142.119,132.63,132.482
2015.7,100.061,88.412,138.533,101.556,94.552,134.951,142.181,132.63,132.482
2015.8,100.061,88.552,138.533,101.615,94.552,134.951,142.212,132.63,132.444
2015.9,100.061,88.552,138.567,101.615,94.552,134.951,142.119,132.593,132.519
2016.0,100.121,88.482,138.533,101.556,94.487,134.951,142.15,132.667,132.482
2016.1,100.121,88.552,138.567,101.615,94.552,134.951,142.15,132.63,132.444
2016.2,100.061,88.552,138.6,101.615,94.487,134.951,142.181,132.667,132.482
2016.3,100.061,88.482,138.533,101.556,94.487,134.951,142.181,132.667,132.519
2016.4,100.061,88.482,138.533,101.615,94.487,134.915,142.15,132.63,132.519
2016.5,100.061,88.482,138.567,101.615,94.487,134.987,142.119,132.63,132.556
2016.6,100.0,88.482,138.567,101.556,94.422,134.915,142.181,132.63,132.482
2016.7,100.061,88.552,138.533,101.615,94.487,134.951,142.15,132.63,132.482
2016.8,100.061,88.412,138.5,101.496,94.487,134.915,142.15,132.667,132.482
2016.9,100.0,88.412,138.5,101.615,94.422,134.987,142.15,132.667,132.519
2017.0,100.061,88.412,138.533,101.556,94.422,134.88,142.15,132.63,132.519
2017.1,100.061,88.272,138.567,101.615,94.357,134.951,142.119,132.593,132.482
2017.2,100.121,88.412,138.533,101.615,94.487,134.951,142.181,132.63,132.482
2017.3,100.061,88.412,138.567,101.615,94.357,134.987,142.15,132.593,132.482
2017.4,100.061,88.342,138.567,101.615,94.357,134.915,142.15,132.593,132.556
2017.5,100.0,88.342,138.533,101.615,94.422,134.915,142.15,132.63,132.444
2017.6,100.061,88.342,138.533,101.615,94.357,134.915,142.119,132.593,132.482
2017.7,100.061,88.342,138.633,101.615,94.292,134.951,142.119,132.63,132.519
2017.8,100.061,88.342,138.5,101.556,94.292,134.951,142.119,132.63,132.482
2017.9,100.061,88.412,138.5,101.496,94.357,134.915,142.15,132.667,132.482
2018.0,100.0,88.272,138.533,101.615,94.292,134.951,142.087,132.704,132.519
2018.1,100.061,88.272,138.6,101.556,94.292,134.987,142.119,132.593,132.444
2018.2,100.061,88.201,138.567,101.556,94.292,134.951,142.15,132.63,132.519
2018.3,99.88,88.272,138.533,101.556,94.292,134.951,142.181,132.63,132.519
2018.4,100.121,88.272,138.533,101.615,94.226,134.951,142.212,132.667,132.444
2018.5,100.0,88.201,138.533,101.556,94.292,134.987,142.181,132.593,132.519
2018.6,100.0,88.201,138.5,101.556,94.226,134.951,142.181,132.667,132.519
2018.7,99.94,88.201,138.533,101.556,94.226,134.915,142.119,132.63,132.556
2018.8,100.121,88.131,138.533,101.556,94.161,134.951,142.15,132.63,132.444
2018.9,100.061,88.131,138.633,101.437,94.161,134.987,142.15,132.593,132.482
2019.0,100.0,88.201,138.5,101.615,94.292,135.093,142.15,132.667,132.444
2019.1,100.061,88.131,138.5,101.615,94.161,134.915,142.181,132.593,132.482
2019.2,99.94,88.131,138.567,101.496,94.161,134.915,142.181,132.556,132.444
2019.3,100.0,88.061,138.567,101.615,94.161,134.951,142.119,132.63,132.519
2019.4,100.0,88.131,138.5,101.615,94.096,134.951,142.119,132.63,132.482
2019.5,100.121,88.201,138.567,101.556,94.096,135.022,142.15,132.63,132.444
2019.6,100.061,88.061,138.567,101.615,94.161,134.987,142.244,132.63,132.482
2019.7,100.061,88.061,138.533,101.556,94.161,134.951,142.15,132.667,132.519
2019.8,100.061,88.061,138.533,101.556,94.096,134.951,142.15,132.63,132.444
2019.9,100.061,87.99,138.533,101.496,94.096,134.951,142.15,132.63,132.482
2020.0,100.061,88.061,138.567,101.674,94.031,134.951,142.181,132.63,132.444
2020.1,100.0,88.061,138.5,101.556,93.965,134.987,142.181,132.593,132.482
2020.2,100.061,87.99,138.533,101.556,94.031,134.951,142.15,132.704,132.519
2020.3,100.061,87.99,138.567,101.556,94.031,134.915,142.119,132.63,132.444
2020.4,100.061,87.99,138.567,101.674,94.031,134.951,142.119,132.63,132.482
2020.5,100.061,87.92,138.533,101.556,93.965,134.915,142.15,132.667,132.482
2020.6,100.061,87.849,138.567,101.556,94.031,134.951,142.15,132.667,132.482
2020.7,100.0,87.99,138.533,101.615,94.031,134.987,142.15,132.593,132.482
2020.8,100.0,87.92,138.5,101.556,93.965,134.951,142.181,132.741,132.519
2020.9,100.061,87.92,138.533,101.556,93.9,134.951,142.119,132.63,132.482
2021.0,100.0,87.99,138.533,101.615,93.9,134.915,142.119,132.63,132.482
2021.1,100.061,87.92,138.5,101.496,93.9,134.951,142.087,132.63,132.444
2021.2,100.061,87.92,138.533,101.556,93.965,134.987,142.119,132.63,132.519
2021.3,100.0,88.061,138.567,101.556,93.9,134.951,142.15,132.63,132.482
2021.4,100.061,87.849,138.567,101.556,93.834,135.022,142.119,132.593,132.482
2021.5,100.061,87.849,138.533,101.556,93.965,134.951,142.119,132.667,132.482
2021.6,100.061,87.849,138.5,101.556,93.965,134.951,142.025,132.63,132.482
2021.7,100.061,87.849,138.533,101.615,93.834,134.951,142.119,132.63,132.519
2021.8,100.061,87.849,138.533,101.496,93.9,134.951,142.181,132.593,132.482
2021.9,100.061,87.849,138.567,101.496,93.834,134.951,142.119,132.63,132.482
2022.0,100.121,87.778,138.533,101.556,93.834,134.951,142.212,132.63,132.482
2022.1,100.0,87.778,138.533,101.496,93.834,134.951,142.15,132.593,132.482
2022.2,100.121,87.849,138.567,101.615,93.769,134.951,142.119,132.593,132.444
2022.3,100.121,87.778,138.533,101.556,93.834,134.987,142.119,132.63,132.519
2022.4,100.0,87.849,138.567,101.556,93.9,134.987,142.15,132.667,132.444
2022.5,100.061,87.708,138.567,101.556,93.769,134.951,142.15,132.667,132.444
2022.6,100.121,87.849,138.5,101.615,93.769,134.951,142.15,132.63,132.482
2022.7,100.061,87.708,138.533,101.496,93.834,134.951,142.119,132.63,132.482
2022.8,100.061,87.778,138.533,101.437,93.769,134.915,142.212,132.593,132.482
2022.9,100.061,87.778,138.5,101.496,93.769,134.915,142.119,132.63,132.482
2023.0,100.061,87.708,138.567,101.556,93.769,134.951,142.15,132.667,132.482
2023.1,100.0,87.708,138.567,101.556,93.638,134.951,142.181,132.667,132.482
2023.2,100.061,87.708,138.533,101.378,93.703,134.987,142.181,132.63,132.444
2023.3,100.061,87.708,138.5,101.556,93.769,134.987,142.119,132.593,132.482
2023.4,100.061,87.637,138.5,101.496,93.703,134.951,142.181,132.63,132.482
2023.5,100.182,87.637,138.533,101.496,93.769,134.951,142.181,132.667,132.407
2023.6,100.061,87.708,138.6,101.496,93.703,134.915,142.15,132.63,132.444
2023.7,100.0,87.637,138.467,101.556,93.638,134.987,142.119,132.63,132.519
2023.8,100.121,87.637,138.567,101.437,93.638,134.951,142.119,132.63,132.482
2023.9,100.061,87.708,138.5,101.496,93.638,134.915,142.15,132.63,132.482
2024.0,100.061,87.637,138.567,101.496,93.638,134.951,142.119,132.63,132.407
2024.1,100.061,87.637,138.533,101.615,93.638,134.987,142.087,132.667,132.482
2024.2,100.0,87.637,138.533,101.556,93.572,135.022,142.15,132.63,132.482
2024.3,100.061,87.566,138.5,101.556,93.572,134.951,142.181,132.63,132.444
2024.4,100.061,87.637,138.533,101.556,93.638,134.951,142.15,132.63,132.519
2024.5,100.061,87.566,138.567,101.556,93.572,134.951,142.119,132.704,132.444
2024.6,100.121,87.566,138.533,101.496,93.506,134.987,142.119,132.63,132.482
2024.7,100.0,87.495,138.567,101.496,93.44,134.987,142.15,132.667,132.444
2024.8,100.0,87.495,138.567,101.556,93.506,134.951,142.15,132.556,132.482
2024.9,100.061,87.566,138.5,101.496,93.506,134.951,142.119,132.63,132.482
2025.0,100.061,87.495,138.533,101.496,93.506,134.951,142.15,132.667,132.482
2025.1,100.061,87.495,138.567,101.556,93.506,134.951,142.181,132.63,132.482
2025.2,100.0,87.566,138.533,101.496,93.44,134.951,142.119,132.593,132.444
2025.3,100.061,87.495,138.5,101.496,93.506,134.915,142.181,132.667,132.444
2025.4,100.061,87.566,138.467,101.496,93.374,134.951,142.119,132.63,132.482
2025.5,100.061,87.566,138.5,101.496,93.506,134.987,142.15,132.63,132.519
2025.6,100.061,87.424,138.5,101.556,93.506,134.987,142.181,132.63,132.482
2025.7,100.061,87.495,138.5,101.496,93.44,134.951,142.212,132.667,132.444
2025.8,100.061,87.424,138.567,101.496,93.572,134.951,142.181,132.63,132.482
2025.9,100.121,87.424,138.533,101.496,93.374,134.951,142.056,132.593,132.444
2026.0,100.061,87.424,138.567,101.556,93.44,134.951,142.15,132.667,132.482
2026.1,100.0,87.353,138.5,101.496,93.374,134.987,142.212,132.63,132.482
2026.2,100.0,87.424,138.567,101.496,93.44,134.915,142.119,132.593,132.444
2026.3,100.121,87.424,138.533,101.556,93.374,134.951,142.212,132.63,132.444
2026.4,100.121,87.424,138.533,101.496,93.374,134.951,142.119,132.667,132.444
2026.5,100.0,87.424,138.533,101.556,93.374,134.951,142.15,132.63,132.444
2026.6,100.061,87.353,138.533,101.496,93.44,134.951,142.181,132.63,132.482
2026.7,100.0,87.282,138.533,101.556,93.374,134.951,142.15,132.63,132.482
2026.8,100.0,87.353,138.533,101.615,93.309,134.951,142.119,132.63,132.482
2026.9,100.061,87.353,138.467,101.556,93.309,134.951,142.119,132.593,132.482
2027.0,100.061,87.424,138.567,101.496,93.374,134.987,142.119,132.667,132.482
2027.1,100.0,87.282,138.533,101.496,93.374,135.022,142.15,132.63,132.482
2027.2,100.0,87.282,138.567,101.496,93.243,134.987,142.15,132.63,132.593
2027.3,100.121,87.353,138.5,101.556,93.243,134.987,142.15,132.593,132.482
2027.4,100.121,87.211,138.533,101.496,93.309,135.022,142.119,132.593,132.482
2027.5,100.0,87.282,138.533,101.556,93.309,134.951,142.15,132.63,132.482
2027.6,100.061,87.282,138.533,101.496,93.243,134.987,142.15,132.63,132.444
2027.7,100.0,87.282,138.533,101.556,93.243,134.951,142.15,132.593,132.444
2027.8,100.061,87.282,138.567,101.496,93.309,134.951,142.181,132.63,132.482
2027.9,100.0,87.211,138.533,101.496,93.243,134.915,142.119,132.63,132.444
2028.0,100.0,87.211,138.533,101.496,93.177,134.951,142.119,132.63,132.482
2028.1,100.061,87.14,138.5,101.437,93.11,134.951,142.119,132.63,132.444
2028.2,100.0,87.211,138.467,101.496,93.11,134.987,142.15,132.63,132.482
2028.3,100.0,87.211,138.567,101.496,93.243,134.951,142.15,132.63,132.519
2028.4,100.0,87.211,138.5,101.496,93.243,134.951,142.119,132.667,132.444
2028.5,100.061,87.353,138.533,101.496,93.11,134.987,142.119,132.593,132.482
2028.6,100.0,87.14,138.533,101.496,93.177,134.915,142.181,132.704,132.444
2028.7,100.121,87.14,138.5,101.615,93.11,134.987,142.181,132.704,132.519
2028.8,100.0,87.14,138.533,101.496,93.177,134.951,142.15,132.593,132.482
2028.9,100.121,87.068,138.533,101.496,93.11,134.951,142.181,132.667,132.482
2029.0,100.061,87.14,138.533,101.496,93.11,134.915,142.15,132.667,132.519
2029.1,100.0,87.14,138.5,101.496,93.11,134.987,142.119,132.593,132.407
2029.2,100.0,87.14,138.567,101.556,93.044,134.951,142.119,132.63,132.482
2029.3,100.061,87.068,138.533,101.496,93.11,134.951,142.056,132.667,132.444
2029.4,100.0,86.997,138.5,101.496,93.044,134.987,142.15,132.519,132.519
2029.5,100.061,87.068,138.567,101.556,93.044,134.951,142.15,132.593,132.482
2029.6,100.061,87.068,138.567,101.437,93.044,134.951,142.15,132.63,132.37
2029.7,100.121,87.068,138.533,101.496,93.044,134.987,142.212,132.63,132.482
2029.8,100.0,87.068,138.533,101.496,92.978,134.987,142.15,132.63,132.519
2029.9,100.0,86.997,138.5,101.496,93.044,134.951,142.119,132.667,132.482
2030.0,100.0,86.997,138.567,101.556,92.912,134.951,142.025,132.63,132.482
2030.1,100.0,86.997,138.5,101.496,92.978,134.987,142.119,132.63,132.482
2030.2,100.061,86.997,138.533,101.437,92.978,134.951,142.181,132.704,132.482
2030.3,100.0,86.926,138.5,101.496,92.779,134.951,142.119,132.63,132.482
2030.4,99.94,86.997,138.567,101.437,93.044,134.915,142.15,132.63,132.482
2030.5,100.061,86.997,138.567,101.496,92.846,134.951,142.181,132.704,132.444
2030.6,99.94,86.926,138.6,101.496,92.912,134.987,142.119,132.593,132.444
2030.7,100.061,86.926,138.533,101.496,92.978,134.987,142.15,132.667,132.444
2030.8,100.0,86.926,138.533,101.437,92.912,134.951,142.119,132.593,132.444
2030.9,100.061,86.926,138.567,101.496,92.846,134.987,142.15,132.593,132.482
2031.0,100.121,86.926,138.567,101.437,92.978,134.915,142.15,132.63,132.519
2031.1,100.0,86.926,138.567,101.437,92.846,134.915,142.119,132.63,132.444
2031.2,100.0,86.926,138.533,101.496,92.846,134.951,142.15,132.63,132.444
2031.3,100.0,86.926,138.533,101.496,92.912,134.987,142.15,132.63,132.482
2031.4,100.0,86.854,138.567,101.496,92.846,134.951,142.181,132.63,132.482
2031.5,100.0,86.926,138.533,101.496,92.846,134.951,142.181,132.63,132.444
2031.6,100.0,86.854,138.5,101.437,92.846,134.915,142.181,132.704,132.482
2031.7,99.94,86.854,138.533,101.496,92.713,134.915,142.15,132.593,132.407
2031.8,100.0,86.854,138.5,101.496,92.779,134.915,142.15,132.667,132.444
2031.9,100.061,86.783,138.5,101.378,92.779,134.951,142.15,132.63,132.444
2032.0,100.061,86.783,138.533,101.496,92.846,134.915,142.119,132.593,132.444
2032.1,100.0,86.783,138.533,101.496,92.779,134.987,142.15,132.63,132.519
2032.2,100.121,86.783,138.533,101.496,92.779,134.951,142.15,132.63,132.482
2032.3,100.061,86.783,138.533,101.437,92.779,134.915,142.181,132.63,132.444
2032.4,100.061,86.711,138.533,101.496,92.713,134.951,142.119,132.593,132.444
2032.5,100.061,86.854,138.5,101.437,92.713,134.951,142.15,132.63,132.593
2032.6,99.94,86.711,138.533,101.378,92.646,134.951,142.15,132.63,132.482
2032.7,99.94,86.783,138.533,101.496,92.779,134.987,142.119,132.667,132.519
2032.8,100.061,86.639,138.567,101.437,92.646,135.022,142.15,132.667,132.482
2032.9,100.0,86.711,138.5,101.556,92.779,134.987,142.15,132.593,132.482
2033.0,100.0,86.711,138.567,101.496,92.646,134.951,142.212,132.63,132.482
2033.1,100.061,86.639,138.5,101.437,92.646,134.915,142.15,132.593,132.37
2033.2,100.0,86.711,138.6,101.437,92.646,134.987,142.119,132.556,132.482
2033.3,100.121,86.711,138.567,101.437,92.646,134.915,142.181,132.593,132.482
2033.4,100.061,86.639,138.533,101.437,92.58,134.951,142.119,132.63,132.519
2033.5,100.061,86.639,138.5,101.437,92.58,134.951,142.119,132.63,132.444
2033.6,100.0,86.568,138.533,101.496,92.646,134.951,142.15,132.63,132.482
2033.7,100.0,86.711,138.5,101.556,92.58,134.951,142.119,132.667,132.444
2033.8,100.0,86.639,138.533,101.437,92.58,134.951,142.087,132.63,132.444
2033.9,100.0,86.639,138.533,101.496,92.513,134.915,142.15,132.593,132.519
2034.0,100.061,86.568,138.533,101.437,92.58,134.951,142.119,132.593,132.444
2034.1,100.0,86.568,138.567,101.496,92.513,134.987,142.181,132.63,132.444
2034.2,100.0,86.568,138.533,101.496,92.513,134.951,142.15,132.63,132.482
2034.3,100.061,86.568,138.5,101.437,92.513,134.951,142.119,132.63,132.519
2034.4,100.0,86.496,138.533,101.437,92.513,134.915,142.087,132.63,132.482
2034.5,100.121,86.568,138.5,101.437,92.447,134.987,142.15,132.593,132.482
2034.6,100.0,86.711,138.533,101.437,92.447,134.951,142.15,132.63,132.407
2034.7,100.0,86.496,138.5,101.437,92.447,134.987,142.181,132.63,132.444
2034.8,99.94,86.496,138.533,101.437,92.447,134.987,142.244,132.667,132.444
2034.9,100.061,86.568,138.567,101.437,92.447,134.951,142.15,132.593,132.482
2035.0,100.0,86.568,138.533,101.437,92.447,134.951,142.087,132.63,132.444
2035.1,100.0,86.424,138.567,101.437,92.38,134.951,142.15,132.593,132.482
2035.2,100.0,86.496,138.567,101.437,92.447,134.987,142.181,132.667,132.444
2035.3,100.061,86.496,138.5,101.496,92.447,134.951,142.119,132.593,132.482
2035.4,100.061,86.496,138.5,101.556,92.38,134.951,142.181,132.63,132.444
2035.5,100.061,86.496,138.5,101.437,92.447,134.987,142.15,132.593,132.444
2035.6,100.0,86.496,138.533,101.496,92.447,134.951,142.212,132.556,132.444
2035.7,99.94,86.568,138.533,101.496,92.38,134.951,142.119,132.63,132.482
2035.8,100.061,86.424,138.533,101.437,92.38,134.915,142.119,132.63,132.444
2035.9,100.061,86.424,138.533,101.437,92.38,134.951,142.15,132.556,132.482
2036.0,100.061,86.424,138.5,101.556,92.313,134.951,142.119,132.63,132.482
2036.1,100.061,86.352,138.567,101.437,92.38,134.951,142.15,132.593,132.444
2036.2,100.0,86.352,138.5,101.437,92.38,134.987,142.119,132.704,132.482
2036.3,100.0,86.424,138.5,101.437,92.246,134.951,142.119,132.63,132.444
2036.4,100.061,86.424,138.567,101.437,92.179,134.951,142.212,132.593,132.444
2036.5,100.182,86.352,138.6,101.378,92.447,134.987,142.119,132.63,132.482
2036.6,100.061,86.28,138.533,101.437,92.313,134.915,142.119,132.63,132.519
2036.7,100.0,86.352,138.5,101.437,92.246,134.915,142.181,132.593,132.519
2036.8,100.0,86.352,138.567,101.437,92.246,134.915,142.181,132.556,132.482
2036.9,100.0,86.352,138.533,101.496,92.313,134.915,142.15,132.63,132.444
2037.0,100.0,86.352,138.5,101.378,92.246,134.951,142.15,132.63,132.407
2037.1,100.0,86.352,138.567,101.259,92.313,134.951,142.119,132.63,132.519
2037.2,100.0,86.28,138.533,101.437,92.246,134.915,142.15,132.63,132.444
2037.3,100.0,86.352,138.533,101.437,92.179,134.951,142.119,132.63,132.482
2037.4,100.061,86.28,138.533,101.378,92.246,134.987,142.15,132.63,132.444
2037.5,100.061,86.28,138.533,101.437,92.246,134.951,142.119,132.593,132.444
2037.6,100.0,86.352,138.5,101.378,92.246,134.951,142.119,132.63,132.444
2037.7,100.061,86.28,138.5,101.437,92.179,135.022,142.119,132.593,132.444
2037.8,100.061,86.28,138.433,101.437,92.246,134.951,142.119,132.63,132.482
2037.9,100.0,86.352,138.533,101.437,92.179,134.915,142.181,132.519,132.444
2038.0,100.061,86.352,138.5,101.496,92.179,134.951,142.15,132.593,132.444
2038.1,100.061,86.28,138.5,101.437,92.179,134.951,142.181,132.593,132.444
2038.2,100.061,86.28,138.533,101.437,92.179,134.915,142.087,132.63,132.444
2038.3,100.0,86.208,138.5,101.437,92.179,134.951,142.15,132.63,132.444
2038.4,100.121,86.28,138.567,101.496,92.112,134.951,142.119,132.63,132.444
2038.5,100.061,86.208,138.567,101.437,92.179,135.022,142.15,132.593,132.444
2038.6,100.0,86.28,138.6,101.496,92.179,134.987,142.181,132.63,132.482
2038.7,100.061,86.28,138.5,101.437,92.179,134.915,142.212,132.63,132.407
2038.8,100.061,86.208,138.567,101.437,92.045,134.951,142.181,132.593,132.444
2038.9,100.061,86.352,138.567,101.437,92.112,134.951,142.119,132.63,132.444
2039.0,100.061,86.352,138.567,101.437,92.112,134.951,142.119,132.667,132.482
2039.1,100.121,86.28,138.5,101.437,92.112,134.987,142.15,132.63,132.556
2039.2,100.061,86.208,138.567,101.496,92.112,134.951,142.181,132.593,132.444
2039.3,100.061,86.28,138.533,101.496,92.112,134.915,142.212,132.63,132.482
2039.4,100.182,86.208,138.533,101.496,92.179,134.951,142.181,132.593,132.444
2039.5,100.121,86.136,138.533,101.496,92.045,135.093,142.15,132.667,132.407
2039.6,100.121,86.28,138.567,101.437,92.112,134.987,142.15,132.593,132.444
2039.7,100.182,86.28,138.567,101.437,92.045,134.951,142.119,132.593,132.444
2039.8,100.121,86.136,138.567,101.437,92.179,134.951,142.15,132.667,132.482
2039.9,100.302,86.208,138.533,101.437,91.978,134.987,142.119,132.63,132.444
2040.0,100.182,86.352,138.567,101.437,91.978,134.951,142.119,132.593,132.482
2040.1,100.182,86.208,138.533,101.496,92.045,134.951,142.181,132.63,132.444
2040.2,100.242,86.208,138.567,101.437,92.112,134.951,142.119,132.667,132.556
2040.3,100.242,86.28,138.567,101.437,91.978,134.987,142.15,132.63,132.482
2040.4,100.242,86.208,138.533,101.437,91.978,134.951,142.119,132.593,132.556
2040.5,100.242,86.208,138.567,101.437,91.978,134.951,142.15,132.63,132.519
2040.6,100.302,86.208,138.6,101.378,91.978,134.951,142.15,132.63,132.444
2040.7,100.242,86.208,138.567,101.496,92.045,134.915,142.087,132.593,132.407
2040.8,100.302,86.136,138.567,101.437,91.978,134.951,142.119,132.667,132.444
2040.9,100.182,86.208,138.567,101.437,91.911,134.987,142.181,132.593,132.407
2041.0,100.362,86.136,138.567,101.496,92.045,134.987,142.119,132.593,132.444
2041.1,100.362,86.208,138.533,101.437,91.978,134.987,142.15,132.63,132.482
2041.2,100.302,86.208,138.567,101.437,91.911,134.915,142.15,132.704,132.482
2041.3,100.422,86.208,138.6,101.437,91.978,134.915,142.15,132.63,132.444
2041.4,100.302,86.136,138.6,101.496,91.911,134.951,142.119,132.593,132.444
2041.5,100.302,86.136,138.533,101.437,91.978,134.951,142.119,132.63,132.444
2041.6,100.422,86.208,138.567,101.437,91.911,135.022,142.119,132.63,132.444
2041.7,100.362,86.208,138.533,101.378,91.911,134.915,142.15,132.63,132.444
2041.8,100.362,86.208,138.533,101.437,91.911,134.915,142.15,132.63,132.482
2041.9,100.422,86.136,138.567,101.378,91.844,134.951,142.15,132.63,132.444
2042.0,100.422,86.136,138.567,101.378,91.911,134.987,142.119,132.63,132.444
2042.1,100.422,86.208,138.567,101.437,91.844,134.915,142.15,132.63,132.519
2042.2,100.422,86.136,138.567,101.437,91.911,134.987,142.119,132.63,132.519
2042.3,100.422,86.208,138.567,101.496,91.844,134.951,142.15,132.63,132.444
2042.4,100.422,86.208,138.6,101.437,91.911,134.951,142.087,132.63,132.444
2042.5,100.542,86.28,138.633,101.437,91.844,134.987,142.15,132.63,132.482
2042.6,100.482,86.136,138.6,101.437,91.911,134.915,142.119,132.63,132.407
2042.7,100.542,86.28,138.533,101.437,91.777,134.951,142.119,132.63,132.482
2042.8,100.602,86.208,138.6,101.378,91.844,134.951,142.15,132.593,132.444
2042.9,100.602,86.208,138.667,101.437,91.777,134.915,142.119,132.593,132.444
2043.0,100.542,86.352,138.6,101.378,91.844,134.951,142.15,132.63,132.482
2043.1,100.602,86.208,138.567,101.378,91.911,134.915,142.181,132.63,132.482
2043.2,100.602,86.208,138.533,101.437,91.911,134.987,142.15,132.63,132.482
2043.3,100.662,86.208,138.6,101.437,91.777,134.987,142.119,132.63,132.333
2043.4,100.662,86.136,138.567,101.496,91.777,134.951,142.15,132.593,132.444
2043.5,100.662,86.208,138.6,101.496,91.844,134.987,142.15,132.519,132.444
2043.6,100.662,86.208,138.6,101.378,91.844,134.951,142.119,132.667,132.444
2043.7,100.662,86.28,138.567,101.378,91.777,134.951,142.15,132.667,132.444
2043.8,100.722,86.208,138.6,101.437,91.844,134.951,142.181,132.593,132.444
2043.9,100.782,86.208,138.633,101.437,91.642,134.915,142.15,132.63,132.444
2044.0,100.722,86.208,138.6,101.378,91.777,134.951,142.15,132.63,132.444
2044.1,100.782,86.208,138.633,101.378,91.777,134.987,142.15,132.593,132.482
2044.2,100.782,86.208,138.6,101.437,91.777,134.951,142.15,132.593,132.444
2044.3,100.902,86.28,138.633,101.496,91.71,134.951,142.15,132.63,132.444
2044.4,100.902,86.352,138.6,101.437,91.844,134.951,142.119,132.63,132.444
2044.5,100.961,86.28,138.6,101.437,91.777,134.987,142.119,132.63,132.519
2044.6,100.961,86.208,138.633,101.437,91.777,134.951,142.119,132.63,132.519
2044.7,100.902,86.28,138.633,101.437,91.777,134.987,142.119,132.667,132.37
2044.8,101.021,86.28,138.667,101.437,91.777,135.022,142.15,132.63,132.444
2044.9,100.961,86.28,138.6,101.437,91.642,134.915,142.15,132.63,132.444
2045.0,100.961,86.208,138.633,101.496,91.71,134.951,142.119,132.63,132.482
2045.1,100.961,86.28,138.633,101.437,91.71,134.987,142.15,132.593,132.444
2045.2,101.08,86.28,138.633,101.437,91.777,134.951,142.119,132.63,132.482
2045.3,101.08,86.28,138.633,101.437,91.71,134.951,142.025,132.593,132.444
2045.4,101.08,86.352,138.633,101.437,91.71,134.951,142.15,132.593,132.482
2045.5,101.14,86.352,138.633,101.496,91.71,134.915,142.15,132.667,132.444
2045.6,101.08,86.352,138.633,101.378,91.642,134.951,142.119,132.63,132.482
2045.7,101.14,86.352,138.667,101.378,91.777,134.951,142.119,132.593,132.444
2045.8,101.2,86.28,138.667,101.496,91.71,134.987,142.181,132.593,132.482
2045.9,101.14,86.28,138.667,101.496,91.777,134.915,142.119,132.63,132.444
2046.0,101.259,86.352,138.7,101.496,91.777,134.915,142.15,132.63,132.519
2046.1,101.259,86.352,138.667,101.496,91.777,134.987,142.119,132.63,132.482
2046.2,101.318,86.352,138.633,101.496,91.777,134.951,142.15,132.593,132.444
2046.3,101.318,86.352,138.633,101.496,91.777,134.951,142.15,132.63,132.444
2046.4,101.259,86.352,138.6,101.496,91.844,134.951,142.119,132.593,132.482
2046.5,101.496,86.352,138.667,101.437,91.777,134.951,142.181,132.593,132.444
2046.6,101.378,86.352,138.633,101.556,91.71,134.987,142.15,132.63,132.556
2046.7,101.437,86.352,138.633,101.496,91.777,135.022,142.15,132.63,132.519
2046.8,101.496,86.424,138.7,101.556,91.777,134.951,142.119,132.63,132.519
2046.9,101.437,86.496,138.667,101.437,91.777,134.987,142.181,132.63,132.444
2047.0,101.496,86.424,138.667,101.496,91.777,134.951,142.025,132.63,132.444
2047.1,101.556,86.424,138.667,101.615,91.71,134.951,142.15,132.63,132.407
2047.2,101.615,86.424,138.667,101.437,91.71,134.951,142.181,132.63,132.444
2047.3,101.615,86.424,138.7,101.496,91.71,134.987,142.15,132.63,132.444
2047.4,101.674,86.424,138.633,101.556,91.777,134.987,142.119,132.593,132.482
2047.5,101.615,86.424,138.633,101.496,91.777,134.915,142.15,132.63,132.444
2047.6,101.674,86.424,138.633,101.556,91.844,134.951,142.119,132.63,132.482
2047.7,101.674,86.496,138.767,101.437,91.71,134.987,142.15,132.63,132.482
2047.8,101.674,86.424,138.667,101.556,91.844,134.951,142.119,132.593,132.444
2047.9,101.792,86.496,138.667,101.496,91.777,134.951,142.15,132.593,132.444
2048.0,101.792,86.496,138.667,101.556,91.777,134.987,142.15,132.63,132.482
2048.1,101.851,86.496,138.7,101.556,91.777,134.951,142.181,132.63,132.407
2048.2,101.91,86.496,138.667,101.496,91.777,134.987,142.119,132.556,132.444
2048.3,101.91,86.496,138.667,101.556,91.777,134.951,142.119,132.63,132.482
2048.4,102.028,86.496,138.7,101.556,91.844,134.88,142.119,132.556,132.482
2048.5,102.086,86.568,138.667,101.615,91.777,134.951,142.119,132.593,132.482
2048.6,102.086,86.496,138.733,101.556,91.844,134.951,142.15,132.593,132.407
2048.7,102.086,86.496,138.7,101.556,91.71,134.915,142.15,132.741,132.482
2048.8,102.086,86.639,138.7,101.615,91.844,134.987,142.119,132.63,132.444
2048.9,102.145,86.568,138.667,101.615,91.777,134.987,142.087,132.667,132.407
2049.0,102.086,86.639,138.667,101.615,91.777,134.951,142.15,132.593,132.482
2049.1,102.145,86.639,138.667,101.615,91.777,134.951,142.15,132.63,132.444
2049.2,102.262,86.639,138.7,101.674,91.777,135.022,142.119,132.63,132.482
2049.3,102.321,86.639,138.7,101.615,91.844,134.915,142.15,132.593,132.444
2049.4,102.262,86.639,138.767,101.674,91.777,134.951,142.087,132.63,132.444
2049.5,102.321,86.639,138.7,101.615,91.844,134.915,142.181,132.63,132.482
2049.6,102.38,86.639,138.7,101.615,91.844,134.915,142.181,132.593,132.593
2049.7,102.38,86.568,138.733,101.674,91.844,134.951,142.119,132.63,132.444
2049.8,102.438,86.639,138.733,101.496,91.911,134.951,142.212,132.593,132.407
2049.9,102.438,86.711,138.7,101.674,91.844,134.951,142.119,132.593,132.482
2050.0,102.438,86.639,138.733,101.674,91.911,134.951,142.212,132.63,132.444
2050.1,102.497,86.639,138.767,101.733,91.844,134.951,142.181,132.63,132.444
2050.2,102.438,86.711,138.7,101.792,91.844,134.951,142.119,132.63,132.482
2050.3,102.555,86.711,138.733,101.733,91.911,134.951,142.15,132.63,132.444
2050.4,102.555,86.711,138.7,101.792,91.777,134.951,142.087,132.667,132.444
2050.5,102.613,86.711,138.833,101.615,91.911,134.987,142.15,132.556,132.444
2050.6,102.73,86.711,138.8,101.674,91.911,134.987,142.181,132.593,132.444
2050.7,102.73,86.783,138.767,101.792,91.911,134.987,142.119,132.63,132.444
2050.8,102.788,86.854,138.767,101.792,91.911,134.951,142.119,132.593,132.444
2050.9,102.788,86.783,138.8,101.792,92.045,134.951,142.15,132.63,132.482
2051.0,102.904,86.711,138.8,101.792,91.978,134.987,142.15,132.63,132.482
2051.1,102.904,86.783,138.833,101.851,91.911,134.951,142.119,132.593,132.407
2051.2,103.021,86.639,138.767,101.851,91.978,134.987,142.181,132.593,132.444
2051.3,102.963,86.783,138.733,101.91,92.112,134.987,142.119,132.593,132.444
2051.4,103.079,86.854,138.767,101.851,91.978,134.987,142.15,132.667,132.444
2051.5,103.021,86.854,138.767,101.851,92.112,134.951,142.119,132.63,132.407
2051.6,103.079,86.926,138.8,101.851,91.978,134.951,142.087,132.593,132.444
2051.7,103.021,86.854,138.733,101.969,92.045,134.987,142.119,132.63,132.519
2051.8,103.195,86.783,138.8,101.851,92.045,134.951,142.212,132.63,132.482
2051.9,103.021,86.854,138.8,101.91,91.978,134.951,142.181,132.63,132.444
2052.0,103.252,86.854,138.767,101.91,92.112,134.987,142.119,132.63,132.482
2052.1,103.252,86.926,138.767,101.91,92.112,134.951,142.087,132.556,132.444
2052.2,103.31,86.854,138.833,101.91,92.112,134.951,142.119,132.556,132.444
2052.3,103.368,86.926,138.767,101.969,92.179,134.987,142.119,132.593,132.444
2052.4,103.426,86.997,138.833,102.028,92.045,134.951,142.119,132.593,132.444
2052.5,103.483,86.926,138.833,101.969,92.112,134.951,142.119,132.63,132.444
2052.6,103.483,86.926,138.767,101.969,92.179,134.987,142.15,132.556,132.407
2052.7,103.541,86.997,138.833,102.028,92.179,134.987,142.119,132.63,132.482
2052.8,103.599,86.997,138.8,102.028,92.246,134.987,142.119,132.556,132.444
2052.9,103.714,87.14,138.833,102.086,92.313,134.951,142.15,132.63,132.444
2053.0,103.656,87.068,138.8,102.086,92.246,134.951,142.181,132.741,132.482
2053.1,103.829,86.997,138.833,102.086,92.246,134.951,142.15,132.667,132.444
2053.2,103.886,86.997,138.833,102.145,92.313,134.951,142.212,132.63,132.444
2053.3,103.886,87.068,138.8,102.086,92.313,134.987,142.119,132.667,132.444
2053.4,103.886,87.14,138.866,102.204,92.313,134.951,142.119,132.593,132.444
2053.5,103.943,86.997,138.833,102.204,92.38,134.951,142.181,132.63,132.444
2053.6,104.0,87.068,138.8,102.262,92.38,134.951,142.15,132.593,132.444
2053.7,103.943,87.14,138.833,102.262,92.38,135.022,142.181,132.593,132.444
2053.8,104.0,87.14,138.833,102.145,92.38,134.987,142.181,132.63,132.444
2053.9,104.115,87.14,138.833,102.204,92.447,134.987,142.119,132.593,132.519
2054.0,104.058,87.068,138.833,102.262,92.38,135.022,142.15,132.593,132.444
2054.1,104.115,87.14,138.767,102.262,92.513,134.987,142.119,132.63,132.482
2054.2,104.229,87.14,138.833,102.262,92.447,134.987,142.15,132.593,132.482
2054.3,104.172,87.14,138.866,102.262,92.513,134.987,142.15,132.63,132.482
2054.4,104.229,87.14,138.8,102.321,92.447,134.987,142.181,132.63,132.519
2054.5,104.343,87.14,138.866,102.321,92.513,134.951,142.181,132.593,132.444
2054.6,104.4,87.211,138.866,102.438,92.513,134.987,142.119,132.63,132.482
2054.7,104.457,87.211,138.833,102.38,92.646,134.987,142.181,132.593,132.444
2054.8,104.4,87.282,138.833,102.497,92.513,134.987,142.119,132.63,132.444
2054.9,104.457,87.282,138.866,102.497,92.447,134.951,142.119,132.63,132.444
2055.0,104.628,87.353,138.899,102.438,92.58,134.987,142.15,132.556,132.444
2055.1,104.514,87.282,138.8,102.497,92.58,134.987,142.119,132.593,132.482
2055.2,104.684,87.282,138.866,102.438,92.646,134.987,142.15,132.556,132.482
2055.3,104.628,87.282,138.899,102.497,92.646,134.987,142.212,132.63,132.444
2055.4,104.684,87.353,138.833,102.555,92.646,134.987,142.119,132.63,132.482
2055.5,104.741,87.282,138.899,102.555,92.713,134.951,142.119,132.593,132.444
2055.6,104.741,87.353,138.899,102.555,92.713,134.987,142.119,132.593,132.482
2055.7,104.798,87.353,138.833,102.555,92.713,135.022,142.119,132.63,132.519
2055.8,104.854,87.353,138.866,102.613,92.779,134.987,142.15,132.593,132.444
2055.9,104.798,87.424,138.899,102.613,92.713,134.987,142.119,132.63,132.482
2056.0,104.911,87.424,138.932,102.613,92.779,134.987,142.087,132.63,132.482
2056.1,105.024,87.424,138.899,102.672,92.779,134.987,142.15,132.593,132.444
2056.2,105.08,87.495,138.899,102.672,92.846,135.022,142.056,132.63,132.444
2056.3,105.08,87.353,138.899,102.73,92.912,135.022,142.15,132.667,132.482
2056.4,105.193,87.424,138.899,102.555,92.846,135.058,142.119,132.593,132.482
2056.5,105.249,87.424,138.866,102.788,92.912,134.987,142.15,132.63,132.482
2056.6,105.306,87.495,138.932,102.904,92.978,134.987,142.119,132.519,132.482
2056.7,105.362,87.495,138.866,102.846,93.044,135.058,142.15,132.556,132.519
2056.8,105.306,87.566,138.932,102.904,93.044,135.022,142.119,132.63,132.444
2056.9,105.474,87.566,138.899,102.904,93.11,135.093,142.119,132.593,132.519
2057.0,105.474,87.495,138.932,102.963,93.11,135.022,142.119,132.63,132.556
2057.1,105.53,87.637,138.833,102.963,93.11,135.058,142.15,132.63,132.519
2057.2,105.53,87.566,138.899,102.963,93.11,135.058,142.119,132.667,132.519
2057.3,105.586,87.637,138.866,102.963,93.177,135.058,142.119,132.63,132.482
2057.4,105.642,87.566,138.999,103.021,93.177,134.951,142.212,132.593,132.444
2057.5,105.698,87.566,138.899,103.021,93.243,135.022,142.119,132.667,132.482
2057.6,105.698,87.637,138.932,103.079,93.177,135.058,142.15,132.63,132.519
2057.7,105.698,87.637,138.899,103.079,93.309,134.987,142.119,132.63,132.444
2057.8,105.754,87.566,138.932,103.079,93.177,134.987,142.087,132.593,132.519
2057.9,105.754,87.708,138.899,103.195,93.243,135.022,142.15,132.63,132.407
2058.0,105.866,87.637,138.932,103.195,93.374,135.058,142.119,132.593,132.482
2058.1,105.922,87.708,139.032,103.195,93.374,135.022,142.15,132.667,132.482
2058.2,105.977,87.708,138.932,103.195,93.374,135.022,142.181,132.593,132.556
2058.3,105.922,87.708,138.866,103.252,93.374,135.022,142.15,132.63,132.482
2058.4,106.144,87.708,138.932,103.31,93.506,135.058,142.15,132.63,132.482
2058.5,106.144,87.778,138.966,103.368,93.506,135.058,142.087,132.63,132.519
2058.6,106.2,87.849,138.932,103.483,93.572,135.022,142.119,132.667,132.519
2058.7,106.255,87.849,138.966,103.483,93.572,135.022,142.119,132.667,132.519
2058.8,106.311,87.849,138.966,103.483,93.638,135.022,142.119,132.667,132.482
2058.9,106.366,87.92,138.966,103.483,93.703,135.058,142.15,132.63,132.519
2059.0,106.422,87.99,138.966,103.541,93.572,135.022,142.15,132.667,132.519
2059.1,106.477,87.92,138.999,103.541,93.703,135.058,142.119,132.667,132.519
2059.2,106.422,87.92,138.932,103.599,93.703,135.058,142.119,132.63,132.593
2059.3,106.477,87.92,138.966,103.541,93.965,135.022,142.15,132.667,132.519
2059.4,106.532,87.92,138.966,103.599,93.834,135.058,142.119,132.667,132.519
2059.5,106.532,87.99,138.966,103.656,93.9,135.022,142.15,132.667,132.556
2059.6,106.477,87.92,138.932,103.714,93.834,135.058,142.15,132.593,132.519
2059.7,106.643,87.92,138.999,103.714,93.965,135.022,142.119,132.667,132.519
2059.8,106.698,87.99,138.932,103.714,93.9,135.022,142.181,132.63,132.519
2059.9,106.698,87.99,138.966,103.714,93.9,135.058,142.15,132.741,132.519
2060.0,106.808,87.99,138.932,103.714,93.9,135.058,142.119,132.667,132.556
2060.1,106.808,87.99,138.966,103.771,94.031,135.058,142.119,132.667,132.519
2060.2,106.753,88.061,138.966,103.829,94.031,135.022,142.15,132.63,132.519
2060.3,106.863,87.99,138.966,103.829,93.965,135.093,142.119,132.63,132.519
2060.4,106.863,88.061,138.999,103.829,94.031,135.093,142.087,132.667,132.556
2060.5,106.863,88.061,138.999,103.886,94.096,135.058,142.181,132.63,132.519
2060.6,106.973,88.131,138.999,103.943,94.096,135.022,142.15,132.667,132.556
2060.7,106.973,88.061,138.966,103.943,94.161,135.058,142.119,132.667,132.482
2060.8,107.083,88.061,138.966,104.0,94.226,135.058,142.181,132.667,132.556
2060.9,107.028,88.131,138.966,104.058,94.161,135.058,142.15,132.667,132.519
2061.0,107.083,88.201,138.999,104.0,94.161,135.022,142.15,132.667,132.556
2061.1,107.193,88.131,138.966,104.058,94.292,135.058,142.15,132.704,132.519
2061.2,107.138,88.131,139.032,104.115,94.292,135.058,142.15,132.667,132.556
2061.3,107.138,88.201,138.999,104.058,94.357,135.058,142.087,132.63,132.519
2061.4,107.193,88.201,139.032,104.172,94.292,135.058,142.119,132.704,132.63
2061.5,107.247,88.201,138.966,104.229,94.357,135.093,142.119,132.667,132.667
2061.6,107.302,88.201,138.999,104.172,94.292,135.058,142.119,132.667,132.556
2061.7,107.302,88.342,139.032,104.229,94.357,135.093,142.15,132.667,132.519
2061.8,107.411,88.201,138.999,104.172,94.422,135.058,142.181,132.704,132.482
2061.9,107.411,88.201,138.999,104.286,94.292,135.093,142.119,132.704,132.519
2062.0,107.357,88.272,138.966,104.229,94.487,135.058,142.15,132.667,132.519
2062.1,107.411,88.342,139.065,104.286,94.487,135.093,142.15,132.667,132.519
2062.2,107.521,88.342,139.032,104.4,94.617,135.129,142.119,132.667,132.556
2062.3,107.575,88.412,139.032,104.4,94.681,135.058,142.119,132.704,132.519
2062.4,107.575,88.412,138.999,104.457,94.681,135.093,142.119,132.667,132.556
2062.5,107.684,88.412,139.032,104.514,94.746,135.022,142.15,132.667,132.556
2062.6,107.738,88.482,139.032,104.514,94.811,135.093,142.119,132.667,132.593
2062.7,107.847,88.342,139.032,104.628,94.811,135.129,142.15,132.667,132.519
2062.8,107.847,88.412,139.032,104.684,94.876,135.093,142.119,132.667,132.556
2062.9,107.955,88.482,139.098,104.741,94.94,135.093,142.087,132.704,132.556
2063.0,108.01,88.552,138.999,104.854,95.005,135.129,142.15,132.741,132.556
2063.1,108.01,88.482,138.999,104.798,95.005,135.093,142.212,132.741,132.593
2063.2,108.172,88.622,139.032,104.798,95.069,135.093,142.181,132.704,132.556
2063.3,108.01,88.552,139.032,104.741,95.069,135.093,142.15,132.667,132.556
2063.4,108.118,88.552,138.999,104.854,95.069,135.093,142.119,132.667,132.556
2063.5,108.118,88.552,138.999,104.854,95.134,135.129,142.119,132.667,132.593
2063.6,108.118,88.622,139.065,104.911,95.069,135.093,142.119,132.704,132.593
2063.7,108.172,88.692,139.032,105.024,95.134,135.093,142.15,132.704,132.556
2063.8,108.172,88.622,138.999,105.024,95.198,135.058,142.119,132.741,132.593
2063.9,108.28,88.622,139.065,105.024,95.327,135.093,142.15,132.704,132.556
2064.0,108.28,88.692,139.065,105.137,95.262,135.199,142.15,132.667,132.593
2064.1,108.334,88.692,139.032,105.024,95.327,135.058,142.15,132.593,132.593
2064.2,108.442,88.762,139.032,105.137,95.391,135.093,142.15,132.704,132.593
2064.3,108.442,88.622,138.999,105.249,95.391,135.058,142.15,132.704,132.593
2064.4,108.495,88.692,139.065,105.249,95.455,135.164,142.119,132.741,132.704
2064.5,108.495,88.692,139.065,105.249,95.519,135.093,142.15,132.667,132.593
2064.6,108.549,88.762,139.065,105.362,95.519,135.129,142.119,132.741,132.593
2064.7,108.603,88.762,139.032,105.306,95.519,135.129,142.119,132.741,132.593
2064.8,108.549,88.901,139.098,105.362,95.647,135.129,142.15,132.704,132.63
2064.9,108.657,88.762,139.098,105.418,95.647,135.093,142.15,132.741,132.63
2065.0,108.71,88.832,139.065,105.362,95.711,135.129,142.15,132.704,132.593
2065.1,108.71,88.832,139.032,105.474,95.647,135.164,142.181,132.778,132.63
2065.2,108.764,88.901,139.032,105.418,95.711,135.129,142.15,132.704,132.63
2065.3,108.817,88.901,139.098,105.53,95.775,135.093,142.181,132.778,132.63
2065.4,108.764,88.832,139.065,105.53,95.903,135.093,142.181,132.741,132.63
2065.5,108.764,88.901,138.999,105.586,95.839,135.129,142.15,132.704,132.593
2065.6,108.817,88.901,139.065,105.642,95.839,135.093,142.119,132.704,132.593
2065.7,108.924,88.971,139.065,105.586,95.903,135.129,142.15,132.704,132.593
2065.8,108.871,88.901,139.065,105.698,96.03,135.093,142.15,132.704,132.63
2065.9,108.924,89.041,139.065,105.698,95.967,135.164,142.15,132.741,132.63
2066.0,108.978,88.971,139.065,105.698,95.967,135.129,142.119,132.741,132.593
2066.1,109.085,89.041,139.065,105.81,96.158,135.129,142.119,132.741,132.667
2066.2,109.085,89.041,139.065,105.81,96.094,135.093,142.15,132.741,132.63
2066.3,109.085,88.971,139.098,105.977,96.03,135.129,142.15,132.741,132.63
2066.4,109.085,89.11,139.065,105.81,96.158,135.164,142.119,132.741,132.63
2066.5,109.138,89.041,139.032,105.922,96.221,135.093,142.212,132.741,132.667
2066.6,109.244,89.11,139.065,105.922,96.158,135.093,142.15,132.778,132.63
2066.7,109.244,89.18,139.098,105.922,96.221,135.129,142.119,132.741,132.63
2066.8,109.191,89.249,139.098,105.922,96.285,135.093,142.212,132.704,132.667
2066.9,109.191,89.11,139.098,106.033,96.285,135.199,142.119,132.741,132.667
2067.0,109.298,89.18,139.131,106.033,96.348,135.164,142.15,132.778,132.63
2067.1,109.351,89.18,139.098,106.033,96.411,135.199,142.181,132.741,132.667
2067.2,109.351,89.18,139.065,106.089,96.411,135.164,142.119,132.741,132.63
2067.3,109.404,89.249,139.065,106.144,96.411,135.164,142.181,132.778,132.704
2067.4,109.351,89.249,139.098,106.2,96.475,135.129,142.119,132.778,132.704
2067.5,109.457,89.249,139.098,106.255,96.538,135.164,142.119,132.851,132.667
2067.6,109.51,89.319,139.098,106.311,96.664,135.129,142.15,132.851,132.667
2067.7,109.457,89.319,139.131,106.255,96.601,135.164,142.119,132.851,132.667
2067.8,109.616,89.457,139.032,106.366,96.664,135.164,142.181,132.778,132.667
2067.9,109.616,89.319,139.098,106.366,96.664,135.199,142.15,132.778,132.667
2068.0,109.563,89.319,139.098,106.422,96.791,135.164,142.15,132.778,132.704
2068.1,109.669,89.319,139.065,106.422,96.791,135.199,142.119,132.814,132.741
2068.2,109.669,89.388,139.098,106.477,96.791,135.199,142.181,132.741,132.704
2068.3,109.669,89.319,139.065,106.477,96.791,135.164,142.15,132.778,132.667
2068.4,109.669,89.388,139.098,106.532,96.854,135.164,142.119,132.814,132.704
2068.5,109.775,89.388,139.065,106.532,96.917,135.164,142.15,132.814,132.63
2068.6,109.827,89.457,139.098,106.532,96.98,135.199,142.119,132.814,132.667
2068.7,109.775,89.388,139.098,106.588,96.854,135.164,142.181,132.778,132.667
2068.8,109.827,89.457,139.098,106.588,96.917,135.235,142.181,132.814,132.667
2068.9,109.933,89.457,139.131,106.588,97.042,135.199,142.15,132.851,132.704
2069.0,109.88,89.457,139.065,106.698,96.98,135.199,142.15,132.814,132.741
2069.1,109.933,89.457,139.098,106.643,97.042,135.164,142.181,132.814,132.667
2069.2,109.933,89.526,139.164,106.753,97.168,135.235,142.15,132.814,132.704
2069.3,110.038,89.526,139.098,106.808,97.231,135.164,142.15,132.778,132.778
2069.4,110.038,89.596,139.032,106.863,97.231,135.235,142.181,132.814,132.704
2069.5,110.143,89.596,139.098,106.973,97.356,135.164,142.181,132.778,132.704
2069.6,110.091,89.596,139.164,106.973,97.356,135.164,142.087,132.851,132.704
2069.7,110.196,89.596,139.098,107.028,97.419,135.164,142.087,132.888,132.704
2069.8,110.196,89.665,139.098,107.028,97.419,135.199,142.181,132.851,132.704
2069.9,110.301,89.596,139.098,107.083,97.543,135.164,142.15,132.851,132.741
2070.0,110.248,89.734,139.131,107.193,97.543,135.164,142.119,132.814,132.741
2070.1,110.301,89.665,139.098,107.083,97.543,135.164,142.15,132.851,132.704
2070.2,110.353,89.665,139.164,107.138,97.606,135.199,142.181,132.851,132.741
2070.3,110.353,89.665,139.164,107.247,97.543,135.199,142.15,132.851,132.741
2070.4,110.353,89.803,139.164,107.193,97.668,135.129,142.119,132.925,132.778
2070.5,110.51,89.734,139.131,107.302,97.668,135.199,142.119,132.851,132.814
2070.6,110.353,89.803,139.131,107.411,97.793,135.164,142.244,132.851,132.778
2070.7,110.458,89.734,139.098,107.357,97.731,135.235,142.15,132.851,132.778
2070.8,110.51,89.871,139.131,107.521,97.979,135.199,142.15,132.888,132.704
2070.9,110.615,89.871,139.131,107.521,97.917,135.164,142.15,132.999,132.778
2071.0,110.667,90.009,139.131,107.521,98.041,135.199,142.181,132.888,132.741
2071.1,110.667,89.94,139.131,107.575,98.103,135.199,142.15,132.962,132.778
2071.2,110.667,90.009,139.131,107.575,98.041,135.199,142.181,132.888,132.741
2071.3,110.719,90.078,139.131,107.63,98.227,135.235,142.15,132.888,132.778
2071.4,110.771,90.009,139.23,107.684,98.227,135.27,142.15,132.888,132.814
2071.5,110.771,90.078,139.131,107.793,98.289,135.164,142.15,132.925,132.741
2071.6,110.823,90.146,139.098,107.793,98.289,135.199,142.15,132.925,132.778
2071.7,110.927,90.078,139.131,107.847,98.351,135.235,142.15,132.888,132.778
2071.8,110.875,90.146,139.131,107.847,98.351,135.235,142.15,132.925,132.741
2071.9,110.979,90.146,139.131,107.955,98.536,135.235,142.119,132.925,132.778
2072.0,110.979,90.146,139.164,107.955,98.536,135.199,142.15,132.925,132.778
2072.1,111.031,90.146,139.131,108.01,98.659,135.27,142.15,132.999,132.814
2072.2,111.083,90.215,139.197,108.118,98.659,135.27,142.15,132.962,132.888
2072.3,111.134,90.215,139.131,108.118,98.782,135.27,142.15,132.962,132.814
2072.4,111.134,90.284,139.164,108.118,98.782,135.199,142.15,132.962,132.814
2072.5,111.186,90.284,139.164,108.172,98.721,135.27,142.15,132.962,132.814
2072.6,111.186,90.284,139.197,108.28,98.782,135.235,142.181,132.999,132.778
2072.7,111.238,90.352,139.131,108.226,98.782,135.27,142.337,132.999,132.851
2072.8,111.186,90.284,139.131,108.28,98.843,135.27,142.15,132.999,132.814
2072.9,111.341,90.284,139.164,108.334,98.966,135.235,142.15,132.999,132.814
2073.0,111.238,90.421,139.164,108.28,98.905,135.27,142.181,132.962,132.814
2073.1,111.341,90.352,139.131,108.334,98.966,135.235,142.087,132.962,132.778
2073.2,111.341,90.421,139.164,108.388,99.15,135.235,142.056,132.999,132.851
2073.3,111.444,90.421,139.23,108.442,99.15,135.27,142.15,132.999,132.851
2073.4,111.393,90.489,139.164,108.549,99.15,135.27,142.15,133.035,132.851
2073.5,111.496,90.489,139.197,108.549,99.272,135.235,142.212,133.072,132.888
2073.6,111.496,90.489,139.164,108.603,99.272,135.27,142.119,132.999,132.888
2073.7,111.496,90.489,139.131,108.603,99.272,135.27,142.181,133.035,132.851
2073.8,111.548,90.557,139.164,108.657,99.333,135.235,142.181,132.999,132.925
2073.9,111.548,90.557,139.164,108.657,99.455,135.27,142.087,132.999,132.851
2074.0,111.65,90.626,139.197,108.71,99.455,135.27,142.181,132.999,132.888
2074.1,111.599,90.626,139.131,108.71,99.394,135.305,142.15,133.035,132.888
2074.2,111.599,90.626,139.197,108.817,99.515,135.235,142.181,132.999,132.741
2074.3,111.702,90.626,139.164,108.764,99.455,135.27,142.212,132.999,132.962
2074.4,111.599,90.694,139.164,108.817,99.515,135.341,142.15,133.072,132.814
2074.5,111.702,90.762,139.131,108.764,99.576,135.305,142.212,132.999,132.888
2074.6,111.753,90.694,139.164,108.817,99.576,135.27,142.15,133.035,132.888
2074.7,111.805,90.694,139.197,108.924,99.637,135.27,142.15,133.035,132.925
2074.8,111.702,90.694,139.164,108.871,99.698,135.305,142.181,133.072,132.925
2074.9,111.805,90.762,139.131,108.978,99.698,135.305,142.15,133.035,132.888
2075.0,111.753,90.694,139.197,109.031,99.819,135.305,142.15,133.035,132.925
2075.1,111.805,90.83,139.164,108.924,99.819,135.305,142.15,133.035,132.888
2075.2,111.856,90.83,139.197,109.031,99.88,135.305,142.181,133.035,132.888
2075.3,111.907,90.83,139.197,109.138,99.94,135.27,142.212,133.035,132.925
2075.4,111.958,90.898,139.197,109.138,99.94,135.305,142.212,133.072,132.925
2075.5,111.907,90.898,139.197,109.244,100.061,135.376,142.181,133.072,132.962
2075.6,112.112,91.034,139.164,109.244,100.182,135.341,142.212,133.072,132.999
2075.7,112.009,90.898,139.164,109.298,100.182,135.341,142.181,133.035,132.962
2075.8,112.061,90.966,139.164,109.298,100.121,135.341,142.244,133.109,132.888
2075.9,112.061,91.034,139.098,109.457,100.182,135.305,142.181,133.109,132.999
2076.0,112.163,90.966,139.23,109.351,100.121,135.27,142.15,133.072,132.999
2076.1,112.214,91.102,139.197,109.351,100.302,135.305,142.181,133.146,132.962
2076.2,112.112,91.102,139.23,109.404,100.302,135.341,142.15,133.109,132.962
2076.3,112.163,91.034,139.23,109.457,100.362,135.341,142.181,133.109,132.925
2076.4,112.112,91.034,139.164,109.457,100.422,135.305,142.181,133.072,132.999
2076.5,112.265,91.102,139.23,109.51,100.422,135.341,142.15,133.109,132.962
2076.6,112.265,91.102,139.164,109.51,100.362,135.305,142.15,133.146,132.962
2076.7,112.316,91.169,139.197,109.563,100.542,135.305,142.15,133.109,132.999
2076.8,112.316,91.102,139.197,109.563,100.542,135.305,142.181,133.182,132.962
2076.9,112.366,91.237,139.197,109.563,100.542,135.341,142.212,133.146,133.035
2077.0,112.316,91.169,139.164,109.563,100.602,135.164,142.15,133.182,132.925
2077.1,112.316,91.169,139.131,109.669,100.662,135.376,142.181,133.146,132.962
2077.2,112.316,91.237,139.164,109.669,100.722,135.305,142.181,133.146,132.962
2077.3,112.366,91.237,139.197,109.669,100.782,135.341,142.119,133.182,132.999
2077.4,112.417,91.237,139.197,109.722,100.842,135.305,142.212,133.182,132.999
2077.5,112.417,91.237,139.197,109.775,100.782,135.376,142.212,133.146,133.035
2077.6,112.468,91.372,139.197,109.827,100.902,135.376,142.181,133.182,132.999
2077.7,112.468,91.372,139.164,109.827,100.842,135.341,142.181,133.219,132.999
2077.8,112.519,91.372,139.23,109.933,101.021,135.305,142.181,133.182,132.999
2077.9,112.62,91.372,139.164,109.985,101.021,135.376,142.181,133.219,133.035
2078.0,112.62,91.44,139.164,109.933,101.08,135.341,142.212,133.182,133.035
2078.1,112.62,91.44,139.23,109.985,101.14,135.341,142.212,133.255,133.035
2078.2,112.671,91.508,139.197,109.985,101.14,135.305,142.181,133.255,133.035
2078.3,112.671,91.508,139.197,110.091,101.259,135.341,142.212,133.219,132.999
2078.4,112.671,91.508,139.197,110.038,101.259,135.376,142.181,133.182,133.035
2078.5,112.671,91.508,139.164,110.143,101.259,135.305,142.15,133.255,133.072
2078.6,112.722,91.508,139.23,110.091,101.259,135.376,142.212,133.219,133.146
2078.7,112.722,91.642,139.197,110.091,101.318,135.341,142.181,133.219,133.109
2078.8,112.62,91.575,139.263,110.196,101.437,135.341,142.181,133.182,133.072
2078.9,112.823,91.575,139.164,110.196,101.496,135.376,142.212,133.292,133.109
2079.0,112.873,91.642,139.164,110.248,101.437,135.341,142.181,133.292,133.072
2079.1,112.823,91.642,139.164,110.301,101.496,135.411,142.181,133.255,133.109
2079.2,112.873,91.71,139.197,110.353,101.615,135.341,142.15,133.292,133.109
2079.3,112.873,91.844,139.197,110.405,101.674,135.411,142.15,133.329,133.109
2079.4,112.974,91.777,139.197,110.458,101.733,135.376,142.181,133.255,133.072
2079.5,112.974,91.777,139.197,110.458,101.792,135.376,142.212,133.255,133.109
2079.6,112.974,91.777,139.197,110.458,101.792,135.341,142.181,133.292,133.109
2079.7,113.025,91.777,139.263,110.562,101.851,135.447,142.337,133.292,133.072
2079.8,113.025,91.777,139.197,110.562,102.086,135.411,142.181,133.292,133.182
2079.9,113.075,91.911,139.197,110.615,101.91,135.376,142.181,133.329,133.109
2080.0,113.025,91.777,139.197,110.615,101.969,135.376,142.212,133.292,133.072
2080.1,113.125,91.978,139.197,110.615,102.028,135.447,142.181,133.292,133.146
2080.2,113.176,91.978,139.23,110.823,102.086,135.447,142.212,133.329,133.146
2080.3,113.176,91.911,139.23,110.719,102.145,135.411,142.306,133.365,133.255
2080.4,113.176,92.045,139.23,110.719,102.086,135.411,142.181,133.329,133.146
2080.5,113.176,92.045,139.23,110.771,102.204,135.411,142.181,133.329,133.146
2080.6,113.226,92.045,139.23,110.771,102.262,135.376,142.212,133.329,133.146
2080.7,113.176,92.045,139.23,110.771,102.262,135.411,142.119,133.329,133.146
2080.8,113.226,92.045,139.197,110.823,102.262,135.411,142.212,133.329,133.146
2080.9,113.276,92.179,139.197,110.875,102.38,135.411,142.119,133.365,133.146
2081.0,113.276,92.112,139.23,110.927,102.438,135.376,142.181,133.365,133.109
2081.1,113.276,92.112,139.197,110.927,102.38,135.411,142.244,133.365,133.146
2081.2,113.326,92.179,139.197,111.031,102.438,135.447,142.212,133.329,133.146
2081.3,113.326,92.179,139.263,111.031,102.497,135.411,142.181,133.402,133.182
2081.4,113.427,92.246,139.197,111.083,102.613,135.447,142.181,133.402,133.182
2081.5,113.377,92.313,139.263,111.134,102.73,135.411,142.181,133.402,133.182
2081.6,113.477,92.313,139.23,111.134,102.788,135.411,142.15,133.365,133.182
2081.7,113.477,92.447,139.098,111.238,102.846,135.447,142.212,133.402,133.182
2081.8,113.577,92.38,139.197,111.238,102.904,135.447,142.275,133.402,133.219
2081.9,113.577,92.447,139.197,111.238,102.963,135.376,142.212,133.438,133.255
2082.0,113.527,92.447,139.197,111.341,103.021,135.447,142.275,133.438,133.219
2082.1,113.577,92.447,139.197,111.341,103.079,135.411,142.181,133.438,133.219
2082.2,113.627,92.513,139.23,111.341,103.137,135.447,142.15,133.475,133.219
2082.3,113.627,92.447,139.263,111.393,103.137,135.447,142.181,133.402,133.219
2082.4,113.727,92.447,139.164,111.548,103.195,135.482,142.244,133.475,133.219
2082.5,113.727,92.447,139.23,111.341,103.252,135.447,142.212,133.438,133.255
2082.6,113.677,92.58,139.263,111.496,103.252,135.447,142.212,133.402,133.219
2082.7,113.727,92.58,139.263,111.548,103.31,135.447,142.181,133.475,133.219
2082.8,113.777,92.58,139.23,111.548,103.368,135.447,142.15,133.438,133.255
2082.9,113.777,92.646,139.263,111.548,103.195,135.411,142.244,133.511,133.255
2083.0,113.777,92.713,139.263,111.548,103.31,135.517,142.15,133.475,133.219
2083.1,113.826,92.646,139.23,111.548,103.483,135.482,142.181,133.511,133.292
2083.2,113.777,92.713,139.131,111.65,103.483,135.482,142.181,133.548,133.329
2083.3,113.826,92.779,139.197,111.702,103.483,135.411,142.275,133.511,133.255
2083.4,113.876,92.779,139.23,111.65,103.541,135.447,142.212,133.511,133.402
2083.5,113.876,92.713,139.197,111.702,103.656,135.447,142.244,133.402,133.292
2083.6,113.876,92.779,139.197,111.753,103.714,135.482,142.181,133.511,133.329
2083.7,113.826,92.779,139.23,111.753,103.656,135.447,142.244,133.511,133.255
2083.8,113.876,92.779,139.23,111.753,103.714,135.447,142.212,133.548,133.292
2083.9,113.976,92.846,139.23,111.856,103.771,135.482,142.212,133.511,133.292
2084.0,113.926,92.846,139.23,111.805,103.771,135.552,142.181,133.584,133.329
2084.1,113.976,92.846,139.197,111.856,103.771,135.482,142.212,133.511,133.329
2084.2,113.976,92.779,139.23,111.856,103.943,135.482,142.212,133.511,133.292
2084.3,114.025,92.978,139.164,111.907,103.943,135.447,142.212,133.548,133.402
2084.4,114.075,93.044,139.197,112.009,104.058,135.517,142.181,133.548,133.329
2084.5,114.075,93.044,139.23,112.009,104.058,135.552,142.212,133.548,133.329
2084.6,114.025,92.978,139.23,112.009,104.229,135.482,142.244,133.548,133.365
2084.7,114.075,93.044,139.23,112.061,104.229,135.482,142.244,133.548,133.329
2084.8,114.174,93.11,139.23,112.163,104.172,135.517,142.212,133.548,133.365
2084.9,114.174,93.11,139.197,112.163,104.229,135.482,142.212,133.584,133.329
2085.0,114.125,93.11,139.23,112.214,104.286,135.482,142.212,133.584,133.329
2085.1,114.174,93.177,139.197,112.163,104.286,135.482,142.244,133.584,133.365
2085.2,114.273,93.177,139.23,112.214,104.343,135.587,142.212,133.548,133.402
2085.3,114.224,93.177,139.296,112.265,104.457,135.517,142.244,133.62,133.365
2085.4,114.224,93.177,139.197,112.214,104.457,135.482,142.15,133.584,133.329
2085.5,114.273,93.243,139.23,112.265,104.514,135.482,142.212,133.584,133.365
2085.6,114.273,93.177,139.296,112.316,104.571,135.623,142.212,133.657,133.402
2085.7,114.323,93.309,139.23,112.316,104.571,135.517,142.244,133.62,133.365
2085.8,114.421,93.243,139.263,112.316,104.628,135.482,142.181,133.62,133.365
2085.9,114.323,93.374,139.296,112.265,104.571,135.517,142.244,133.584,133.402
2086.0,114.323,93.309,139.197,112.316,104.628,135.482,142.212,133.62,133.402
2086.1,114.372,93.44,139.362,112.417,104.741,135.517,142.212,133.657,133.402
2086.2,114.323,93.309,139.23,112.468,104.741,135.517,142.212,133.657,133.402
2086.3,114.372,93.374,139.296,112.468,104.741,135.517,142.212,133.693,133.475
2086.4,114.323,93.506,139.296,112.519,104.854,135.482,142.244,133.657,133.402
2086.5,114.471,93.572,139.263,112.57,104.967,135.482,142.181,133.657,133.438
2086.6,114.471,93.638,139.296,112.62,105.08,135.517,142.244,133.693,133.438
2086.7,114.569,93.572,139.263,112.671,105.137,135.517,142.181,133.693,133.438
2086.8,114.569,93.638,139.23,112.722,105.193,135.517,142.212,133.693,133.475
2086.9,114.619,93.638,139.263,112.722,105.306,135.517,142.212,133.766,133.438
2087.0,114.569,93.638,139.23,112.823,105.306,135.552,142.212,133.729,133.402
2087.1,114.619,93.769,139.263,112.772,105.362,135.517,142.244,133.693,133.475
2087.2,114.668,93.769,139.263,112.823,105.474,135.552,142.244,133.766,133.475
2087.3,114.717,93.769,139.329,112.823,105.418,135.517,142.244,133.693,133.475
2087.4,114.668,93.769,139.23,112.873,105.418,135.552,142.306,133.766,133.548
2087.5,114.668,93.834,139.263,112.873,105.418,135.482,142.212,133.657,133.475
2087.6,114.717,93.834,139.263,112.924,105.53,135.552,142.212,133.766,133.438
2087.7,114.717,93.9,139.23,112.873,105.754,135.552,142.212,133.766,133.475
2087.8,114.717,93.9,139.296,112.974,105.642,135.552,142.212,133.766,133.511
2087.9,114.766,93.965,139.263,112.974,105.754,135.552,142.244,133.729,133.511
2088.0,114.766,93.965,139.263,113.025,105.698,135.517,142.306,133.729,133.511
2088.1,114.766,93.965,139.23,113.075,105.754,135.587,142.212,133.766,133.511
2088.2,114.815,94.031,139.296,113.125,105.81,135.517,142.181,133.802,133.511
2088.3,114.913,94.096,139.23,113.075,105.866,135.587,142.212,133.802,133.511
2088.4,114.913,94.096,139.296,113.125,105.922,135.447,142.181,133.766,133.548
2088.5,114.864,94.161,139.164,113.125,105.922,135.587,142.181,133.766,133.511
2088.6,114.913,94.096,139.23,113.226,106.033,135.552,142.212,133.802,133.438
2088.7,114.962,94.161,139.23,113.075,106.089,135.552,142.244,133.766,133.548
2088.8,114.913,94.161,139.263,113.025,106.089,135.552,142.244,133.766,133.548
2088.9,114.913,94.161,139.296,113.276,106.144,135.587,142.244,133.838,133.548
2089.0,115.011,94.226,139.197,113.276,106.144,135.587,142.306,133.802,133.584
2089.1,114.962,94.226,139.263,113.276,106.2,135.552,142.244,133.802,133.548
2089.2,114.962,94.292,139.263,113.276,106.2,135.552,142.244,133.802,133.548
2089.3,115.011,94.226,139.23,113.326,106.311,135.587,142.212,133.838,133.548
2089.4,115.011,94.292,139.23,113.326,106.366,135.587,142.212,133.802,133.584
2089.5,115.06,94.292,139.23,113.326,106.366,135.587,142.244,133.838,133.548
2089.6,115.109,94.226,139.263,113.427,106.422,135.552,142.337,133.874,133.475
2089.7,115.109,94.357,139.263,113.377,106.422,135.587,142.244,133.911,133.584
2089.8,115.06,94.422,139.197,113.427,106.477,135.623,142.212,133.874,133.584
2089.9,115.06,94.357,139.296,113.477,106.532,135.587,142.306,133.838,133.584
