2300.0,92.045,73.22,136.667,93.9,80.078,132.444,141.013,130.52,130.251
2300.1,92.045,73.22,136.667,93.9,80.156,132.333,141.013,130.482,130.29
2300.2,92.045,73.304,136.702,93.9,80.078,132.482,140.981,130.482,130.251
2300.3,91.978,73.304,136.633,93.9,80.156,132.444,141.013,130.559,130.29
2300.4,91.978,73.304,136.633,93.9,80.0,132.482,141.013,130.52,130.29
2300.5,92.045,73.304,136.633,93.769,80.078,132.444,141.045,130.482,130.251
2300.6,92.045,73.304,136.667,93.834,80.078,132.519,141.013,130.52,130.367
2300.7,92.045,73.304,136.633,93.834,80.156,132.482,141.013,130.52,130.251
2300.8,92.045,73.304,136.598,93.9,80.078,132.444,141.013,130.52,130.251
2300.9,92.045,73.304,136.667,93.769,80.156,132.556,141.013,130.52,130.251
2301.0,92.045,73.22,136.598,93.834,80.078,132.444,141.013,130.482,130.251
2301.1,92.045,73.22,136.702,93.834,80.078,132.407,141.013,130.482,130.251
2301.2,92.045,73.22,136.598,93.769,80.233,132.482,141.013,130.52,130.29
2301.3,92.112,73.304,136.598,93.834,80.0,132.444,141.013,130.482,130.328
2301.4,92.045,73.22,136.633,93.9,80.0,132.444,140.95,130.52,130.29
2301.5,92.045,73.22,136.633,93.834,80.0,132.444,141.045,130.52,130.251
2301.6,92.045,73.22,136.667,93.9,80.078,132.444,141.013,130.482,130.251
2301.7,92.045,73.22,136.667,93.834,80.078,132.444,141.013,130.482,130.251
2301.8,92.045,73.304,136.598,93.9,79.923,132.482,141.013,130.482,130.29
2301.9,92.112,73.22,136.598,93.834,80.0,132.444,141.013,130.482,130.29
2302.0,92.112,73.136,136.598,93.834,80.0,132.407,141.013,130.482,130.328
2302.1,92.045,73.136,136.633,93.834,79.923,132.444,140.95,130.52,130.367
2302.2,92.112,73.304,136.702,93.834,80.0,132.482,140.981,130.52,130.29
2302.3,92.112,73.22,136.633,93.834,80.078,132.444,140.981,130.482,130.29
2302.4,92.045,73.22,136.598,93.9,80.078,132.482,141.013,130.482,130.29
2302.5,92.112,73.22,136.633,93.834,80.0,132.407,141.045,130.559,130.251
2302.6,92.246,73.304,136.667,93.834,79.923,132.482,140.981,130.52,130.213
2302.7,92.112,73.22,136.667,93.834,80.0,132.482,140.981,130.52,130.29
2302.8,92.179,73.22,136.667,93.965,79.923,132.482,141.013,130.482,130.29
2302.9,92.112,73.22,136.667,93.834,79.923,132.519,141.013,130.482,130.29
2303.0,92.112,73.136,136.633,93.769,79.923,132.444,141.013,130.482,130.213
2303.1,92.179,73.052,136.667,93.834,80.078,132.444,141.045,130.482,130.251
2303.2,92.179,73.22,136.633,93.769,79.923,132.444,140.981,130.482,130.29
2303.3,92.246,73.22,136.667,93.834,79.923,132.444,141.013,130.444,130.251
2303.4,92.246,73.136,136.633,93.769,79.923,132.444,140.981,130.52,130.29
2303.5,92.179,73.22,136.667,93.834,79.923,132.444,140.981,130.482,130.251
2303.6,92.179,73.22,136.667,93.834,79.923,132.444,140.981,130.52,130.251
2303.7,92.179,73.304,136.633,93.834,79.845,132.482,141.045,130.559,130.251
2303.8,92.246,73.304,136.736,93.769,79.923,132.519,140.981,130.52,130.251
2303.9,92.179,73.304,136.633,93.834,79.923,132.444,141.045,130.405,130.251
2304.0,92.313,73.304,136.667,93.834,79.845,132.482,141.013,130.482,130.251
2304.1,92.246,73.22,136.667,93.769,79.923,132.444,140.981,130.52,130.29
2304.2,92.246,73.22,136.633,93.834,79.845,132.482,140.981,130.52,130.29
2304.3,92.313,73.22,136.702,93.834,79.845,132.519,140.981,130.482,130.251
2304.4,92.246,73.22,136.598,93.9,79.767,132.444,141.013,130.52,130.29
2304.5,92.246,73.304,136.667,93.834,79.923,132.444,140.981,130.52,130.251
2304.6,92.313,73.304,136.736,93.834,79.845,132.444,141.013,130.482,130.251
2304.7,92.313,73.304,136.702,93.769,79.845,132.444,141.013,130.482,130.251
2304.8,92.38,73.22,136.667,93.834,79.845,132.482,141.013,130.444,130.251
2304.9,92.38,73.22,136.598,93.769,79.845,132.37,140.981,130.52,130.29
2305.0,92.513,73.304,136.633,93.769,79.845,132.444,140.981,130.482,130.29
2305.1,92.447,73.22,136.667,93.769,79.845,132.444,140.981,130.52,130.29
2305.2,92.447,73.22,136.598,93.769,79.845,132.482,141.013,130.482,130.251
2305.3,92.38,73.304,136.667,93.834,79.767,132.407,141.013,130.559,130.251
2305.4,92.513,73.22,136.702,93.769,79.767,132.444,140.981,130.52,130.251
2305.5,92.447,73.304,136.667,93.834,79.923,132.482,141.013,130.52,130.29
2305.6,92.447,73.22,136.667,93.834,79.845,132.519,140.981,130.559,130.29
2305.7,92.513,73.304,136.667,93.769,79.845,132.482,140.981,130.52,130.29
2305.8,92.513,73.304,136.633,93.769,79.845,132.444,141.013,130.482,130.251
2305.9,92.513,73.304,136.667,93.769,79.767,132.482,141.013,130.52,130.251
2306.0,92.447,73.22,136.667,93.834,79.767,132.444,141.013,130.52,130.251
2306.1,92.513,73.304,136.667,93.834,79.767,132.482,141.013,130.482,130.213
2306.2,92.58,73.304,136.667,93.834,79.845,132.482,141.013,130.52,130.251
2306.3,92.58,73.304,136.771,93.703,79.845,132.444,141.045,130.52,130.251
2306.4,92.646,73.304,136.667,93.834,79.845,132.444,141.013,130.482,130.251
2306.5,92.447,73.304,136.667,93.965,79.923,132.444,141.013,130.482,130.29
2306.6,92.58,73.304,136.702,93.769,79.845,132.444,141.013,130.482,130.251
2306.7,92.646,73.304,136.667,93.834,79.767,132.444,141.013,130.482,130.251
2306.8,92.646,73.304,136.702,93.834,79.845,132.444,141.013,130.52,130.29
2306.9,92.713,73.388,136.633,93.834,79.767,132.444,141.013,130.482,130.251
2307.0,92.646,73.304,136.667,93.834,79.767,132.444,141.013,130.482,130.29
2307.1,92.779,73.304,136.702,93.834,79.845,132.444,141.045,130.52,130.251
2307.2,92.713,73.304,136.702,93.834,79.767,132.519,141.013,130.559,130.251
2307.3,92.779,73.304,136.667,93.9,79.767,132.444,141.013,130.482,130.29
2307.4,92.713,73.304,136.667,93.9,79.845,132.444,141.013,130.559,130.251
2307.5,92.779,73.388,136.667,93.9,79.845,132.444,140.981,130.405,130.251
2307.6,92.779,73.304,136.736,93.834,79.767,132.444,140.981,130.52,130.251
2307.7,92.846,73.304,136.633,93.834,79.845,132.444,140.981,130.482,130.29
2307.8,92.846,73.304,136.736,93.834,79.767,132.444,141.013,130.559,130.328
2307.9,92.846,73.304,136.667,93.769,79.767,132.482,141.013,130.52,130.328
2308.0,92.846,73.555,136.667,93.834,79.767,132.444,141.013,130.482,130.213
2308.1,92.912,73.388,136.702,93.769,79.767,132.444,141.013,130.482,130.29
2308.2,92.978,73.304,136.667,93.834,79.845,132.444,140.918,130.482,130.251
2308.3,92.978,73.304,136.702,93.769,79.767,132.482,140.918,130.52,130.136
2308.4,93.11,73.304,136.667,93.834,79.845,132.482,141.045,130.482,130.29
2308.5,92.978,73.388,136.667,93.834,79.767,132.444,141.045,130.559,130.29
2308.6,93.044,73.388,136.667,93.834,79.845,132.556,141.013,130.52,130.251
2308.7,93.11,73.304,136.667,93.769,79.767,132.482,141.013,130.482,130.29
2308.8,93.11,73.471,136.736,93.834,79.845,132.444,141.013,130.482,130.251
2308.9,93.11,73.388,136.702,93.769,79.767,132.482,141.013,130.444,130.251
2309.0,93.177,73.471,136.839,93.9,79.767,132.482,141.045,130.482,130.29
2309.1,93.177,73.471,136.702,93.834,79.845,132.444,140.981,130.52,130.213
2309.2,93.243,73.388,136.736,93.9,80.078,132.519,141.045,130.482,130.251
2309.3,93.243,73.388,136.702,93.834,79.689,132.482,141.013,130.52,130.251
2309.4,93.309,73.471,136.771,93.9,79.767,132.519,141.045,130.52,130.251
2309.5,93.243,73.388,136.633,93.9,79.767,132.444,141.013,130.52,130.29
2309.6,93.309,73.471,136.702,93.9,79.767,132.482,140.95,130.482,130.29
2309.7,93.243,73.471,136.736,93.965,79.767,132.444,141.013,130.52,130.29
2309.8,93.374,73.471,136.667,93.834,79.767,132.444,141.013,130.482,130.251
2309.9,93.374,73.471,136.667,93.834,79.845,132.444,141.013,130.52,130.29
2310.0,93.374,73.555,136.702,93.9,79.767,132.444,140.981,130.52,130.29
2310.1,93.44,73.471,136.598,93.9,79.767,132.444,141.013,130.482,130.251
2310.2,93.374,73.555,136.667,93.9,79.845,132.444,141.045,130.52,130.251
2310.3,93.44,73.555,136.702,93.9,79.767,132.444,141.013,130.482,130.213
2310.4,93.506,73.471,136.667,93.834,79.767,132.444,141.013,130.482,130.251
2310.5,93.506,73.555,136.702,93.9,79.767,132.444,141.013,130.405,130.251
2310.6,93.506,73.555,136.702,93.9,79.767,132.482,140.981,130.52,130.251
2310.7,93.506,73.555,136.736,93.9,79.845,132.444,140.981,130.482,130.251
2310.8,93.572,73.639,136.702,93.9,79.767,132.482,141.045,130.52,130.251
2310.9,93.572,73.471,136.736,93.834,79.767,132.444,141.013,130.52,130.251
2311.0,93.638,73.555,136.736,93.834,79.845,132.482,140.981,130.52,130.251
2311.1,93.638,73.555,136.702,93.965,79.767,132.444,141.013,130.444,130.251
2311.2,93.703,73.639,136.702,93.965,79.689,132.444,141.013,130.52,130.251
2311.3,93.638,73.555,136.736,93.9,79.923,132.444,141.013,130.559,130.251
2311.4,93.703,73.555,136.667,93.965,79.845,132.444,141.045,130.482,130.29
2311.5,93.703,73.639,136.702,93.9,79.767,132.444,141.045,130.482,130.213
2311.6,93.769,73.555,136.702,93.965,79.845,132.37,141.013,130.482,130.29
2311.7,93.703,73.555,136.771,93.965,79.845,132.482,141.013,130.559,130.251
2311.8,93.834,73.639,136.702,93.965,79.767,132.482,141.045,130.559,130.328
2311.9,93.769,73.722,136.736,93.965,79.767,132.444,140.981,130.482,130.213
2312.0,93.834,73.722,136.702,93.965,79.845,132.444,140.981,130.482,130.29
2312.1,93.834,73.639,136.736,93.965,79.845,132.482,140.981,130.52,130.251
2312.2,93.834,73.639,136.702,93.965,79.845,132.444,141.045,130.52,130.29
2312.3,93.9,73.639,136.702,94.031,79.923,132.444,141.045,130.52,130.251
2312.4,93.9,73.555,136.702,94.031,79.923,132.482,141.013,130.52,130.213
2312.5,93.9,73.806,136.736,94.031,79.923,132.444,140.981,130.559,130.251
2312.6,93.965,73.639,136.736,93.965,79.845,132.519,141.013,130.52,130.251
2312.7,93.965,73.722,136.702,94.031,79.923,132.407,140.981,130.444,130.251
2312.8,93.965,73.722,136.736,93.965,79.923,132.482,140.95,130.52,130.213
2312.9,94.031,73.722,136.736,93.965,79.923,132.444,140.981,130.52,130.251
2313.0,94.096,73.639,136.771,94.031,79.923,132.482,141.013,130.444,130.29
2313.1,94.096,73.722,136.771,93.965,79.923,132.519,140.981,130.482,130.29
2313.2,94.096,73.806,136.805,93.965,79.923,132.444,141.013,130.52,130.251
2313.3,94.096,73.722,136.702,93.965,79.923,132.444,140.95,130.482,130.251
2313.4,94.096,73.722,136.736,94.031,79.923,132.444,140.95,130.482,130.29
2313.5,94.161,73.722,136.805,94.031,79.923,132.444,141.045,130.444,130.251
2313.6,94.161,73.722,136.736,93.965,79.923,132.444,141.013,130.52,130.29
2313.7,94.226,73.722,136.633,94.031,79.923,132.444,140.918,130.482,130.251
2313.8,94.226,73.722,136.736,94.096,80.0,132.482,140.918,130.482,130.251
2313.9,94.292,73.806,136.736,94.096,79.923,132.407,141.013,130.52,130.328
2314.0,94.292,73.806,136.771,94.031,80.0,132.444,141.013,130.52,130.251
2314.1,94.357,73.806,136.771,94.096,80.078,132.444,141.045,130.482,130.251
2314.2,94.487,73.889,136.702,94.031,80.0,132.482,141.013,130.482,130.29
2314.3,94.357,73.889,136.736,94.096,80.0,132.444,140.918,130.52,130.251
2314.4,94.422,73.806,136.736,94.031,80.0,132.444,140.981,130.559,130.29
2314.5,94.357,73.806,136.771,94.096,80.078,132.444,140.981,130.559,130.29
2314.6,94.487,73.806,136.702,94.096,80.0,132.444,140.981,130.52,130.29
2314.7,94.422,73.889,136.771,94.161,80.078,132.482,140.981,130.482,130.251
2314.8,94.552,73.889,136.736,94.096,80.078,132.482,141.013,130.52,130.251
2314.9,94.617,73.889,136.771,94.096,80.156,132.482,140.981,130.559,130.328
2315.0,94.617,73.972,136.736,94.096,80.156,132.482,140.981,130.52,130.328
2315.1,94.617,73.889,136.805,94.161,80.0,132.482,140.981,130.52,130.29
2315.2,94.746,73.806,136.771,94.161,80.078,132.482,141.013,130.559,130.251
2315.3,94.617,73.889,136.736,94.096,80.233,132.444,141.013,130.482,130.29
2315.4,94.681,73.889,136.736,94.161,80.0,132.444,141.013,130.482,130.213
2315.5,94.681,73.889,136.736,94.161,80.078,132.444,140.981,130.482,130.251
2315.6,94.746,73.972,136.839,94.161,80.078,132.556,140.981,130.559,130.251
2315.7,94.746,73.889,136.805,94.357,80.156,132.519,141.013,130.559,130.29
2315.8,94.746,73.972,136.805,94.226,80.156,132.482,141.013,130.559,130.251
2315.9,94.811,73.972,136.805,94.161,80.156,132.482,141.013,130.559,130.251
2316.0,94.811,73.972,136.805,94.161,80.078,132.482,141.013,130.52,130.29
2316.1,94.811,73.972,136.736,94.226,80.156,132.482,141.045,130.52,130.251
2316.2,94.811,74.055,136.839,94.292,80.156,132.444,140.918,130.52,130.251
2316.3,94.876,73.972,136.839,94.161,80.156,132.444,141.013,130.52,130.29
2316.4,94.94,74.055,136.736,94.292,80.078,132.482,141.013,130.482,130.251
2316.5,94.94,73.972,136.771,94.357,80.156,132.444,141.013,130.559,130.251
2316.6,95.005,74.055,136.805,94.226,80.156,132.444,141.045,130.52,130.251
2316.7,95.134,73.972,136.805,94.226,80.233,132.482,141.013,130.52,130.29
2316.8,95.069,74.055,136.771,94.226,80.156,132.482,141.045,130.482,130.213
2316.9,95.134,73.972,136.771,94.226,80.233,132.519,141.013,130.559,130.29
2317.0,95.069,74.055,136.771,94.357,80.233,132.482,141.013,130.52,130.174
2317.1,95.134,74.055,136.839,94.292,80.31,132.444,140.981,130.52,130.29
2317.2,95.134,74.055,136.839,94.422,80.233,132.482,141.045,130.52,130.251
2317.3,95.134,73.972,136.736,94.357,80.233,132.482,141.013,130.482,130.251
2317.4,95.134,74.138,136.874,94.357,80.31,132.519,140.981,130.52,130.29
2317.5,95.262,74.055,136.805,94.357,80.233,132.444,141.013,130.597,130.29
2317.6,95.198,74.138,136.702,94.292,80.233,132.482,140.981,130.559,130.213
2317.7,95.198,74.138,136.771,94.357,80.233,132.482,141.013,130.597,130.251
2317.8,95.262,74.055,136.839,94.357,80.233,132.444,141.013,130.482,130.251
2317.9,95.262,74.138,136.805,94.292,80.233,132.444,140.981,130.482,130.251
2318.0,95.262,74.138,136.771,94.422,80.233,132.482,141.013,130.52,130.251
2318.1,95.262,74.055,136.771,94.422,80.388,132.444,140.981,130.52,130.29
2318.2,95.391,74.138,136.771,94.357,80.31,132.482,141.045,130.482,130.29
2318.3,95.391,74.138,136.702,94.422,80.31,132.482,141.013,130.52,130.29
2318.4,95.391,74.138,136.736,94.422,80.31,132.444,141.013,130.52,130.29
2318.5,95.391,74.138,136.805,94.487,80.388,132.444,141.013,130.559,130.29
2318.6,95.455,74.138,136.805,94.487,80.388,132.444,140.981,130.559,130.251
2318.7,95.455,74.138,136.805,94.487,80.388,132.444,141.013,130.482,130.251
2318.8,95.455,74.138,136.805,94.487,80.388,132.519,140.886,130.52,130.29
2318.9,95.455,74.138,136.771,94.552,80.465,132.444,141.045,130.52,130.251
2319.0,95.583,74.304,136.805,94.487,80.388,132.482,141.013,130.52,130.251
2319.1,95.711,74.138,136.771,94.552,80.465,132.482,140.981,130.559,130.174
2319.2,95.583,74.221,136.805,94.552,80.465,132.482,140.981,130.52,130.328
2319.3,95.647,74.221,136.805,94.487,80.465,132.482,141.013,130.52,130.29
2319.4,95.711,74.221,136.805,94.552,80.388,132.482,141.013,130.482,130.251
2319.5,95.647,74.221,136.839,94.552,80.465,132.556,141.045,130.482,130.29
2319.6,95.711,74.221,136.874,94.552,80.542,132.482,141.013,130.405,130.251
2319.7,95.711,74.304,136.874,94.552,80.465,132.556,141.013,130.482,130.29
2319.8,95.711,74.304,136.805,94.617,80.542,132.519,141.013,130.52,130.251
2319.9,95.775,74.304,136.805,94.617,80.465,132.482,140.95,130.482,130.251
2320.0,95.839,74.221,136.839,94.552,80.619,132.482,141.013,130.52,130.29
2320.1,95.775,74.304,136.839,94.552,80.542,132.482,140.981,130.559,130.213
2320.2,95.839,74.304,136.839,94.617,80.542,132.482,141.045,130.52,130.29
2320.3,95.903,74.304,136.839,94.681,80.542,132.444,140.981,130.52,130.251
2320.4,95.967,74.387,136.805,94.746,80.619,132.482,140.981,130.482,130.29
2320.5,96.03,74.304,136.908,94.681,80.619,132.482,140.918,130.482,130.251
2320.6,95.967,74.387,136.805,94.681,80.619,132.482,141.077,130.482,130.251
2320.7,95.967,74.387,136.874,94.811,80.619,132.444,141.013,130.52,130.328
2320.8,96.094,74.47,136.874,94.746,80.619,132.482,140.981,130.482,130.251
2320.9,96.03,74.387,136.839,94.811,80.696,132.407,140.981,130.52,130.251
2321.0,96.094,74.387,136.839,94.746,80.696,132.482,140.981,130.559,130.251
2321.1,96.094,74.47,136.943,94.811,80.696,132.593,141.013,130.482,130.251
2321.2,96.221,74.47,136.839,94.811,80.696,132.482,140.981,130.52,130.328
2321.3,96.285,74.387,136.839,94.811,80.773,132.519,140.981,130.482,130.328
2321.4,96.285,74.47,136.839,94.811,80.773,132.482,140.981,130.52,130.29
2321.5,96.285,74.47,136.874,94.94,80.773,132.444,141.013,130.482,130.251
2321.6,96.348,74.47,136.839,94.811,80.773,132.482,140.981,130.52,130.29
2321.7,96.411,74.47,136.839,94.876,80.85,132.482,141.045,130.559,130.29
2321.8,96.411,74.553,136.943,94.94,80.927,132.482,140.981,130.52,130.251
2321.9,96.475,74.47,136.839,94.94,80.927,132.482,140.981,130.52,130.251
2322.0,96.475,74.47,136.874,94.94,80.85,132.482,140.981,130.482,130.367
2322.1,96.475,74.553,136.839,94.94,80.927,132.482,140.981,130.482,130.29
2322.2,96.538,74.553,136.839,95.069,80.927,132.519,140.981,130.52,130.29
2322.3,96.601,74.635,136.874,95.005,80.927,132.519,141.013,130.482,130.251
2322.4,96.664,74.635,136.874,95.005,81.004,132.482,140.981,130.52,130.328
2322.5,96.728,74.635,136.839,95.069,80.927,132.519,141.045,130.52,130.251
2322.6,96.664,74.635,136.943,95.069,81.004,132.482,141.045,130.482,130.251
2322.7,96.728,74.635,136.839,95.134,81.157,132.444,141.013,130.52,130.29
2322.8,96.728,74.8,136.908,95.134,81.08,132.519,141.013,130.482,130.213
2322.9,96.791,74.635,136.839,95.134,81.08,132.556,141.013,130.52,130.367
2323.0,96.791,74.635,136.874,95.069,81.08,132.482,140.981,130.52,130.328
2323.1,96.854,74.8,136.839,95.198,81.08,132.482,140.981,130.52,130.251
2323.2,96.854,74.8,136.874,95.198,81.157,132.482,141.013,130.482,130.251
2323.3,96.854,74.718,136.874,95.134,81.234,132.519,140.981,130.482,130.251
2323.4,96.917,74.8,136.874,95.198,81.157,132.482,141.013,130.482,130.29
2323.5,96.854,74.635,136.874,95.198,81.08,132.482,141.013,130.597,130.251
2323.6,96.98,74.718,136.874,95.198,81.234,132.519,141.013,130.559,130.29
2323.7,96.98,74.8,136.874,95.262,81.157,132.519,141.013,130.482,130.251
2323.8,96.98,74.8,136.874,95.198,81.234,132.482,141.013,130.597,130.174
2323.9,96.98,74.8,136.908,95.262,81.234,132.482,140.981,130.52,130.251
2324.0,97.042,74.883,136.908,95.391,81.234,132.519,140.95,130.482,130.29
2324.1,97.042,74.8,136.874,95.262,81.31,132.519,141.013,130.482,130.29
2324.2,97.042,74.883,136.908,95.327,81.234,132.482,141.013,130.52,130.251
2324.3,97.105,74.8,136.874,95.327,81.31,132.482,141.045,130.482,130.251
2324.4,97.105,74.8,136.874,95.327,81.31,132.519,141.013,130.52,130.29
2324.5,97.105,74.883,136.908,95.391,81.386,132.482,140.981,130.52,130.251
2324.6,97.168,74.718,136.874,95.327,81.463,132.519,141.013,130.559,130.29
2324.7,97.231,74.883,136.943,95.455,81.386,132.482,140.981,130.559,130.29
2324.8,97.231,74.883,136.874,95.519,81.386,132.519,141.013,130.52,130.251
2324.9,97.293,74.883,136.908,95.519,81.463,132.519,141.013,130.52,130.328
2325.0,97.231,74.965,136.908,95.455,81.539,132.519,140.981,130.52,130.29
2325.1,97.419,74.883,136.908,95.391,81.386,132.519,141.077,130.444,130.29
2325.2,97.419,74.965,136.874,95.583,81.463,132.482,141.013,130.559,130.328
2325.3,97.481,74.965,136.908,95.519,81.539,132.519,141.013,130.559,130.29
2325.4,97.419,74.965,136.908,95.583,81.615,132.519,140.981,130.559,130.29
2325.5,97.481,75.047,136.908,95.647,81.615,132.482,140.981,130.597,130.367
2325.6,97.481,75.047,136.943,95.583,81.615,132.519,141.045,130.52,130.251
2325.7,97.481,75.047,136.943,95.647,81.691,132.519,141.045,130.559,130.251
2325.8,97.543,75.047,136.874,95.647,81.615,132.556,141.013,130.559,130.213
2325.9,97.606,74.965,136.908,95.711,81.691,132.519,140.981,130.482,130.29
2326.0,97.606,75.047,136.908,95.711,81.691,132.519,141.013,130.52,130.29
2326.1,97.606,75.047,136.943,95.711,81.691,132.519,141.013,130.559,130.328
2326.2,97.606,75.13,136.874,95.711,81.767,132.556,141.045,130.52,130.251
2326.3,97.731,75.13,136.943,95.711,81.691,132.482,141.013,130.52,130.29
2326.4,97.731,75.212,136.977,95.839,81.843,132.482,140.981,130.559,130.251
2326.5,97.793,75.294,136.908,95.839,81.919,132.519,141.013,130.559,130.29
2326.6,97.917,75.13,136.908,95.839,81.919,132.482,141.045,130.52,130.328
2326.7,97.855,75.212,136.943,95.839,81.995,132.556,141.013,130.635,130.328
2326.8,97.917,75.212,136.943,95.903,81.995,132.519,141.013,130.52,130.29
2326.9,97.979,75.212,136.943,95.967,82.071,132.519,140.95,130.52,130.29
2327.0,97.979,75.294,136.977,95.967,81.995,132.482,140.95,130.52,130.328
2327.1,97.979,75.294,136.943,95.967,82.071,132.519,140.981,130.559,130.29
2327.2,97.979,75.376,137.011,96.03,82.071,132.519,141.013,130.559,130.29
2327.3,98.103,75.294,136.908,96.03,82.147,132.519,141.013,130.597,130.29
2327.4,98.165,75.458,136.977,96.094,82.222,132.519,140.95,130.559,130.328
2327.5,98.227,75.376,136.943,96.158,82.222,132.519,140.981,130.597,130.328
2327.6,98.227,75.376,136.943,96.221,82.222,132.519,141.045,130.597,130.328
2327.7,98.289,75.376,136.943,96.221,82.373,132.519,140.981,130.559,130.29
2327.8,98.351,75.458,136.874,96.221,82.373,132.519,141.013,130.559,130.29
2327.9,98.289,75.458,136.908,96.158,82.373,132.519,141.013,130.52,130.29
2328.0,98.413,75.539,136.943,96.221,82.298,132.556,140.981,130.52,130.328
2328.1,98.351,75.458,136.977,96.221,82.373,132.519,140.95,130.52,130.328
2328.2,98.413,75.458,136.943,96.285,82.449,132.519,141.013,130.559,130.405
2328.3,98.413,75.458,136.943,96.348,82.449,132.556,141.013,130.52,130.251
2328.4,98.474,75.458,136.977,96.348,82.449,132.482,141.045,130.482,130.328
2328.5,98.413,75.539,137.011,96.348,82.524,132.519,140.981,130.559,130.251
2328.6,98.413,75.539,136.943,96.285,82.524,132.519,140.95,130.52,130.328
2328.7,98.536,75.539,136.977,96.285,82.524,132.556,140.981,130.559,130.328
2328.8,98.536,75.539,136.943,96.411,82.524,132.519,141.013,130.597,130.29
2328.9,98.536,75.621,136.977,96.475,82.449,132.519,141.013,130.52,130.328
2329.0,98.536,75.621,136.943,96.475,82.524,132.519,140.981,130.559,130.328
2329.1,98.597,75.621,136.977,96.411,82.599,132.519,141.013,130.597,130.29
2329.2,98.536,75.539,136.943,96.411,82.599,132.37,141.013,130.559,130.29
2329.3,98.536,75.621,136.977,96.411,82.675,132.519,141.013,130.52,130.29
2329.4,98.597,75.621,136.977,96.475,82.675,132.556,141.013,130.559,130.29
2329.5,98.721,75.539,136.943,96.538,82.675,132.556,141.013,130.559,130.328
2329.6,98.659,75.621,137.011,96.475,82.75,132.519,141.013,130.559,130.29
2329.7,98.659,75.621,136.977,96.538,82.675,132.519,141.045,130.597,130.328
2329.8,98.721,75.539,137.011,96.601,82.9,132.519,141.045,130.597,130.328
2329.9,98.782,75.621,136.977,96.664,82.75,132.556,141.013,130.52,130.328
2330.0,98.782,75.703,137.045,96.664,82.9,132.519,140.981,130.559,130.29
2330.1,98.782,75.703,136.977,96.601,82.75,132.556,141.045,130.559,130.328
2330.2,98.843,75.784,136.943,96.728,82.825,132.519,140.981,130.559,130.328
2330.3,98.905,75.784,137.011,96.728,82.975,132.593,141.013,130.52,130.328
2330.4,98.905,75.703,137.011,96.728,82.975,132.593,141.013,130.597,130.328
2330.5,98.966,75.784,136.977,96.728,83.05,132.556,140.95,130.559,130.328
2330.6,99.027,75.866,136.943,96.791,82.975,132.556,141.045,130.635,130.328
2330.7,99.027,75.866,137.011,96.791,83.05,132.519,140.981,130.482,130.29
2330.8,99.027,75.866,136.977,96.791,83.125,132.407,141.013,130.597,130.367
2330.9,99.027,75.784,137.011,96.791,83.05,132.519,141.013,130.559,130.367
2331.0,99.088,75.784,137.011,96.854,83.05,132.482,141.013,130.559,130.367
2331.1,99.088,75.866,136.977,96.917,83.199,132.519,141.045,130.597,130.29
2331.2,99.088,75.947,136.943,96.854,83.05,132.444,141.045,130.559,130.328
2331.3,99.15,75.947,137.011,96.917,83.274,132.556,141.013,130.52,130.405
2331.4,99.211,75.866,137.011,96.98,83.274,132.556,141.045,130.559,130.367
2331.5,99.088,76.029,137.011,96.917,83.199,132.519,140.981,130.597,130.328
2331.6,99.211,75.866,137.011,96.98,83.274,132.556,141.013,130.597,130.328
2331.7,99.211,75.947,136.977,96.98,83.349,132.593,141.045,130.559,130.328
2331.8,99.272,75.947,137.045,97.042,83.274,132.556,141.045,130.597,130.328
2331.9,99.211,75.947,136.977,96.98,83.423,132.556,141.045,130.559,130.328
2332.0,99.333,76.11,137.08,97.105,83.349,132.556,141.045,130.559,130.328
2332.1,99.394,75.947,137.011,97.168,83.423,132.519,141.013,130.635,130.29
2332.2,99.394,76.029,137.011,97.105,83.423,132.519,140.981,130.559,130.367
2332.3,99.455,76.11,137.011,97.105,83.423,132.519,141.013,130.597,130.328
2332.4,99.333,76.11,137.045,97.293,83.423,132.556,141.013,130.559,130.328
2332.5,99.455,76.11,137.011,97.168,83.498,132.519,141.109,130.597,130.367
2332.6,99.455,76.11,137.045,97.168,83.647,132.556,141.013,130.597,130.328
2332.7,99.515,76.11,137.011,97.231,83.647,132.593,141.077,130.597,130.367
2332.8,99.455,76.191,137.011,97.231,83.572,132.556,141.013,130.597,130.328
2332.9,99.515,76.11,137.08,97.293,83.572,132.704,141.013,130.559,130.328
2333.0,99.455,76.11,137.045,97.231,83.572,132.556,140.981,130.559,130.328
2333.1,99.515,76.191,136.977,97.293,83.647,132.556,141.045,130.559,130.367
2333.2,99.576,76.191,137.011,97.293,83.647,132.556,140.981,130.635,130.367
2333.3,99.576,76.191,137.045,97.293,83.721,132.519,141.013,130.559,130.328
2333.4,99.576,76.191,137.011,97.293,83.721,132.556,141.013,130.559,130.367
2333.5,99.637,76.191,137.114,97.293,83.647,132.556,141.045,130.559,130.328
2333.6,99.637,76.191,137.011,97.356,83.721,132.556,140.981,130.597,130.367
2333.7,99.637,76.353,137.08,97.419,83.869,132.556,141.013,130.597,130.328
2333.8,99.637,76.191,137.011,97.419,83.869,132.593,141.045,130.597,130.405
2333.9,99.637,76.191,137.045,97.419,83.943,132.556,140.981,130.597,130.367
2334.0,99.698,76.272,137.045,97.356,83.869,132.556,141.045,130.597,130.367
2334.1,99.698,76.272,137.045,97.419,83.869,132.556,141.045,130.635,130.367
2334.2,99.698,76.272,137.045,97.481,83.943,132.556,141.045,130.635,130.367
2334.3,99.88,76.353,137.08,97.543,83.943,132.556,140.981,130.597,130.367
2334.4,99.758,76.272,137.011,97.481,84.091,132.519,141.013,130.559,130.405
2334.5,99.758,76.191,137.08,97.543,84.017,132.63,141.013,130.674,130.328
2334.6,99.758,76.353,137.08,97.668,84.017,132.556,141.013,130.674,130.444
2334.7,99.88,76.272,137.045,97.606,84.091,132.519,141.013,130.635,130.367
2334.8,99.819,76.434,137.08,97.543,84.091,132.519,141.013,130.635,130.367
2334.9,99.819,76.353,137.045,97.606,84.313,132.593,140.981,130.597,130.328
2335.0,99.88,76.353,137.045,97.606,84.165,132.593,141.045,130.635,130.367
2335.1,100.061,76.353,137.045,97.668,84.165,132.556,140.981,130.559,130.405
2335.2,99.94,76.434,137.08,97.668,84.239,132.556,140.981,130.635,130.328
2335.3,99.94,76.515,137.08,97.731,84.165,132.556,140.918,130.597,130.367
2335.4,99.88,76.353,137.045,97.793,84.239,132.593,140.981,130.635,130.328
2335.5,99.94,76.434,137.114,97.793,84.239,132.556,141.013,130.597,130.367
2335.6,99.94,76.515,137.114,97.731,84.239,132.556,141.045,130.635,130.367
2335.7,100.0,76.434,137.045,97.793,84.313,132.556,141.077,130.635,130.367
2335.8,100.0,76.434,137.045,97.855,84.313,132.556,141.013,130.674,130.405
2335.9,100.182,76.434,137.08,97.793,84.313,132.519,141.013,130.597,130.405
2336.0,100.121,76.515,137.045,97.917,84.46,132.593,141.045,130.597,130.367
2336.1,100.121,76.515,137.08,97.855,84.46,132.556,141.013,130.635,130.367
2336.2,100.182,76.515,137.114,97.917,84.46,132.556,141.045,130.597,130.328
2336.3,100.182,76.515,137.045,97.917,84.534,132.593,141.077,130.635,130.367
2336.4,100.182,76.596,137.08,97.979,84.534,132.556,140.981,130.712,130.367
2336.5,100.182,76.515,137.08,98.041,84.607,132.593,140.981,130.712,130.367
2336.6,100.302,76.596,137.08,98.103,84.681,132.556,141.013,130.674,130.405
2336.7,100.242,76.596,137.045,98.041,84.681,132.556,140.981,130.635,130.405
2336.8,100.302,76.676,137.045,98.041,84.681,132.556,141.013,130.635,130.367
2336.9,100.302,76.676,137.08,98.041,84.681,132.63,141.013,130.635,130.367
2337.0,100.362,76.596,137.08,98.041,84.754,132.556,141.013,130.597,130.444
2337.1,100.422,76.757,137.08,98.103,84.754,132.593,140.981,130.635,130.367
2337.2,100.362,76.676,137.045,98.103,84.827,132.593,141.045,130.635,130.405
2337.3,100.362,76.757,137.148,98.165,84.827,132.593,141.045,130.712,130.367
2337.4,100.422,76.757,137.08,98.103,84.901,132.593,141.013,130.597,130.367
2337.5,100.422,76.676,137.08,98.165,84.974,132.556,141.013,130.597,130.367
2337.6,100.482,76.676,137.114,98.165,84.901,132.593,141.045,130.635,130.405
2337.7,100.482,76.757,137.08,98.227,84.901,132.593,141.013,130.674,130.405
2337.8,100.482,76.757,137.114,98.227,84.974,132.593,141.013,130.712,130.367
2337.9,100.482,76.757,137.08,98.289,84.974,132.593,141.045,130.674,130.482
2338.0,100.482,76.676,137.114,98.351,84.974,132.556,141.077,130.635,130.367
2338.1,100.542,76.838,137.182,98.289,84.974,132.556,141.013,130.635,130.367
2338.2,100.542,76.918,137.148,98.413,85.193,132.593,141.013,130.635,130.405
2338.3,100.542,76.918,137.08,98.289,85.12,132.556,141.013,130.635,130.405
2338.4,100.602,76.838,137.08,98.474,85.193,132.593,141.013,130.674,130.367
2338.5,100.662,76.918,137.08,98.413,85.193,132.63,141.077,130.635,130.405
2338.6,100.662,76.918,137.08,98.474,85.266,132.63,141.013,130.635,130.405
2338.7,100.662,76.838,137.114,98.474,85.193,132.593,141.045,130.635,130.405
2338.8,100.602,76.918,137.114,98.289,85.339,132.593,141.077,130.712,130.405
2338.9,100.662,76.918,137.08,98.413,85.193,132.63,141.013,130.674,130.444
2339.0,100.662,76.999,137.114,98.536,85.339,132.593,141.013,130.712,130.444
2339.1,100.722,76.918,137.114,98.536,85.266,132.593,141.045,130.635,130.367
2339.2,100.722,76.999,137.08,98.536,85.412,132.556,141.013,130.559,130.367
2339.3,100.722,76.999,137.114,98.536,85.412,132.593,141.045,130.635,130.405
2339.4,100.782,76.999,137.08,98.597,85.412,132.704,141.045,130.712,130.482
2339.5,100.722,76.999,137.114,98.536,85.412,132.593,140.981,130.674,130.405
2339.6,100.842,76.999,137.114,98.597,85.484,132.593,141.013,130.635,130.405
2339.7,100.782,76.999,137.114,98.659,85.412,132.593,141.013,130.712,130.444
2339.8,100.842,76.999,137.148,98.597,85.484,132.593,141.013,130.712,130.482
2339.9,100.842,77.079,137.114,98.659,85.484,132.593,141.045,130.712,130.405
2340.0,100.902,77.079,137.08,98.659,85.557,132.593,141.077,130.712,130.405
2340.1,100.902,77.079,137.08,98.659,85.557,132.556,141.013,130.635,130.444
2340.2,100.902,77.079,137.114,98.721,85.557,132.593,141.013,130.674,130.444
2340.3,100.902,77.079,137.148,98.721,85.775,132.593,140.918,130.674,130.444
2340.4,100.961,77.159,137.045,98.782,85.702,132.593,141.045,130.712,130.405
2340.5,100.902,77.159,137.148,98.721,85.63,132.63,141.013,130.635,130.405
2340.6,100.961,77.159,137.114,98.782,85.702,132.593,141.045,130.712,130.444
2340.7,100.902,77.159,137.114,98.782,85.702,132.63,141.045,130.712,130.482
2340.8,100.961,77.159,137.045,98.782,85.63,132.63,141.045,130.712,130.405
2340.9,101.021,77.159,137.114,98.782,85.775,132.593,141.045,130.674,130.405
2341.0,100.961,77.239,137.148,98.843,85.775,132.593,140.981,130.712,130.405
2341.1,101.021,77.239,137.114,98.905,85.847,132.63,141.045,130.712,130.405
2341.2,101.08,77.239,137.216,98.843,85.775,132.593,141.013,130.635,130.444
2341.3,101.021,77.159,137.114,98.843,85.847,132.63,141.045,130.75,130.405
2341.4,101.08,77.239,137.011,98.905,85.847,132.593,140.981,130.674,130.405
2341.5,101.14,77.239,137.114,98.905,86.064,132.63,141.045,130.712,130.405
2341.6,101.08,77.239,137.114,98.966,85.992,132.556,141.013,130.674,130.444
2341.7,101.2,77.239,137.148,98.966,85.992,132.593,141.013,130.674,130.405
2341.8,101.14,77.32,137.148,99.088,86.064,132.63,141.013,130.712,130.405
2341.9,101.2,77.32,137.114,99.088,85.919,132.667,141.045,130.674,130.444
2342.0,101.2,77.32,137.114,99.027,85.992,132.667,141.013,130.712,130.444
2342.1,101.2,77.4,137.114,99.027,86.136,132.63,140.981,130.75,130.444
2342.2,101.2,77.32,137.148,99.088,86.064,132.704,141.013,130.75,130.444
2342.3,101.259,77.4,137.216,99.15,86.208,132.63,141.045,130.712,130.444
2342.4,101.2,77.4,137.114,99.15,86.208,132.667,141.077,130.788,130.405
2342.5,101.259,77.4,137.148,99.15,86.28,132.63,141.013,130.75,130.482
2342.6,101.318,77.4,137.148,99.211,86.496,132.593,141.045,130.712,130.52
2342.7,101.378,77.48,137.148,99.272,86.352,132.63,141.077,130.788,130.444
2342.8,101.437,77.56,137.114,99.272,86.352,132.63,141.077,130.75,130.482
2342.9,101.496,77.56,137.148,99.333,86.568,132.63,141.045,130.75,130.444
2343.0,101.437,77.56,137.114,99.394,86.496,132.667,141.045,130.75,130.482
2343.1,101.378,77.48,137.114,99.394,86.496,132.593,141.013,130.788,130.482
2343.2,101.496,77.56,137.148,99.394,86.568,132.63,141.045,130.75,130.482
2343.3,101.496,77.56,137.148,99.394,86.568,132.63,141.013,130.712,130.444
2343.4,101.437,77.56,137.148,99.455,86.568,132.63,141.013,130.75,130.482
2343.5,101.496,77.639,137.148,99.394,86.639,132.63,141.045,130.75,130.444
2343.6,101.556,77.639,137.148,99.455,86.711,132.63,141.013,130.75,130.482
2343.7,101.496,77.639,137.148,99.455,86.711,132.63,141.077,130.75,130.482
2343.8,101.615,77.48,137.114,99.515,86.711,132.63,141.013,130.75,130.52
2343.9,101.615,77.56,137.216,99.576,86.711,132.593,141.045,130.788,130.444
2344.0,101.556,77.639,137.182,99.515,86.783,132.63,141.045,130.75,130.444
2344.1,101.615,77.719,137.148,99.576,86.854,132.63,141.045,130.75,130.482
2344.2,101.615,77.719,137.148,99.576,86.854,132.63,141.077,130.75,130.482
2344.3,101.674,77.719,137.114,99.637,86.926,132.667,141.013,130.75,130.52
2344.4,101.674,77.719,137.216,99.637,86.997,132.63,141.045,130.788,130.444
2344.5,101.733,77.719,137.114,99.698,87.068,132.63,141.013,130.788,130.52
2344.6,101.733,77.799,137.148,99.698,87.068,132.667,141.077,130.788,130.482
2344.7,101.674,77.878,137.114,99.698,86.997,132.63,141.045,130.788,130.482
2344.8,101.733,77.799,137.182,99.758,87.14,132.63,141.013,130.788,130.482
2344.9,101.792,77.799,137.148,99.758,87.211,132.63,141.013,130.788,130.444
2345.0,101.733,77.799,137.216,99.758,87.211,132.667,141.045,130.75,130.482
2345.1,101.792,77.878,137.148,99.819,87.14,132.667,141.013,130.788,130.444
2345.2,101.851,77.878,137.148,99.758,87.068,132.593,141.077,130.788,130.52
2345.3,101.792,77.878,137.148,99.819,87.211,132.667,141.013,130.826,130.52
2345.4,101.851,77.878,137.148,99.94,87.211,132.667,141.077,130.788,130.482
2345.5,101.851,77.958,137.216,99.819,87.282,132.63,141.045,130.788,130.482
2345.6,101.851,77.878,137.182,99.88,87.282,132.667,141.109,130.788,130.482
2345.7,101.91,77.878,137.148,99.88,87.282,132.667,141.045,130.788,130.52
2345.8,101.969,77.878,137.114,99.88,87.424,132.667,141.045,130.788,130.52
2345.9,101.91,77.878,137.148,99.94,87.424,132.63,141.013,130.826,130.482
2346.0,101.91,77.958,137.182,99.94,87.424,132.63,141.045,130.788,130.482
2346.1,101.969,78.037,137.182,100.061,87.424,132.667,141.045,130.788,130.52
2346.2,101.969,78.037,137.148,100.0,87.495,132.704,141.013,130.788,130.52
2346.3,102.028,78.037,137.216,100.0,87.353,132.63,141.045,130.826,130.52
2346.4,101.91,78.037,137.148,100.061,87.637,132.63,141.013,130.826,130.52
2346.5,102.086,78.037,137.319,100.061,87.566,132.667,141.013,130.826,130.52
2346.6,102.028,78.037,137.148,100.061,87.566,132.63,141.077,130.826,130.559
2346.7,102.086,78.037,137.148,100.061,87.566,132.667,141.045,130.75,130.52
2346.8,102.028,78.037,137.148,100.121,87.637,132.63,141.077,130.75,130.52
2346.9,102.028,78.117,137.148,100.121,87.637,132.704,141.045,130.788,130.52
2347.0,102.028,78.037,137.182,100.121,87.708,132.667,141.013,130.826,130.52
2347.1,102.028,78.117,137.148,100.121,87.637,132.667,141.077,130.826,130.559
2347.2,102.086,78.196,137.182,100.182,87.708,132.63,141.045,130.826,130.52
2347.3,102.145,78.117,137.148,100.182,87.778,132.667,141.077,130.788,130.559
2347.4,102.145,78.117,137.148,100.242,87.849,132.704,141.013,130.788,130.559
2347.5,102.145,78.117,137.182,100.182,87.778,132.741,141.045,130.788,130.559
2347.6,102.145,78.117,137.216,100.242,87.778,132.667,141.077,130.864,130.559
2347.7,102.145,78.196,137.148,100.302,87.849,132.704,141.045,130.826,130.559
2347.8,102.145,78.196,137.148,100.0,87.92,132.667,141.045,130.864,130.559
2347.9,102.145,78.275,137.216,100.242,87.849,132.667,141.045,130.826,130.559
2348.0,102.204,78.275,137.182,100.242,87.92,132.704,141.013,130.864,130.52
2348.1,102.204,78.275,137.182,100.302,87.92,132.667,141.045,130.864,130.559
2348.2,102.262,78.275,137.216,100.302,87.99,132.667,141.045,130.826,130.559
2348.3,102.262,78.275,137.216,100.302,87.92,132.704,141.077,130.903,130.559
2348.4,102.204,78.275,137.251,100.362,88.061,132.667,141.045,130.788,130.559
2348.5,102.321,78.196,137.148,100.422,88.061,132.704,141.045,130.864,130.674
2348.6,102.262,78.275,137.182,100.362,88.061,132.63,141.013,130.826,130.559
2348.7,102.321,78.196,137.216,100.422,88.131,132.667,141.077,130.826,130.52
2348.8,102.321,78.275,137.148,100.422,88.131,132.667,141.077,130.864,130.559
2348.9,102.38,78.355,137.182,100.482,88.201,132.778,141.045,130.826,130.559
2349.0,102.321,78.355,137.182,100.422,88.272,132.741,141.045,130.826,130.597
2349.1,102.38,78.355,137.182,100.482,88.201,132.667,141.045,130.864,130.597
2349.2,102.438,78.434,137.182,100.482,88.272,132.667,141.045,130.864,130.597
2349.3,102.38,78.355,137.182,100.542,88.482,132.667,141.045,130.903,130.635
2349.4,102.497,78.434,137.251,100.422,88.342,132.667,141.045,130.903,130.559
2349.5,102.438,78.513,137.182,100.602,88.342,132.667,141.045,130.826,130.597
2349.6,102.497,78.513,137.182,100.662,88.482,132.667,141.013,130.903,130.635
2349.7,102.555,78.513,137.182,100.722,88.482,132.667,141.013,130.903,130.635
2349.8,102.497,78.513,137.216,100.782,88.552,132.704,141.013,130.903,130.597
2349.9,102.497,78.513,137.216,100.662,88.482,132.667,141.077,130.903,130.597
2350.0,102.555,78.592,137.182,100.842,88.552,132.704,141.045,130.903,130.597
2350.1,102.555,78.513,137.216,100.782,88.692,132.667,141.077,130.903,130.597
2350.2,102.555,78.592,137.216,100.782,88.692,132.741,141.045,130.903,130.559
2350.3,102.613,78.671,137.251,100.961,88.692,132.704,141.045,130.903,130.559
2350.4,102.672,78.592,137.216,100.842,88.762,132.704,141.045,130.903,130.559
2350.5,102.672,78.592,137.216,100.902,88.832,132.741,141.013,130.903,130.559
2350.6,102.672,78.671,137.182,100.902,88.832,132.741,141.045,130.864,130.597
2350.7,102.672,78.592,137.182,100.902,88.901,132.741,141.045,130.941,130.559
2350.8,102.73,78.828,137.216,100.961,89.041,132.667,141.077,130.941,130.635
2350.9,102.73,78.671,137.182,100.961,89.041,132.704,141.013,130.903,130.597
2351.0,102.788,78.671,137.251,100.961,89.041,132.704,141.141,130.903,130.635
2351.1,102.788,78.749,137.216,101.021,89.11,132.704,141.045,130.903,130.597
2351.2,102.73,78.749,137.182,101.021,89.249,132.704,141.109,130.826,130.597
2351.3,102.788,78.828,137.251,101.021,89.18,132.704,141.045,130.941,130.597
2351.4,102.846,78.907,137.251,101.021,89.18,132.704,141.045,130.903,130.635
2351.5,102.788,78.907,137.216,101.08,89.249,132.704,141.045,130.941,130.597
2351.6,102.788,78.828,137.182,101.08,89.18,132.741,141.013,130.941,130.597
2351.7,102.904,78.907,137.216,101.08,89.249,132.704,141.077,130.903,130.559
2351.8,102.788,78.907,137.182,101.14,89.249,132.667,141.077,130.941,130.712
2351.9,102.846,78.828,137.251,101.2,89.249,132.704,140.981,130.941,130.597
2352.0,102.904,78.828,137.216,101.2,89.319,132.741,141.045,130.941,130.635
2352.1,102.904,78.907,137.216,101.14,89.388,132.704,141.045,130.941,130.597
2352.2,102.904,78.985,137.216,101.259,89.388,132.741,141.045,130.941,130.635
2352.3,102.904,78.907,137.216,101.2,89.388,132.741,141.045,130.941,130.635
2352.4,102.904,78.828,137.285,101.2,89.457,132.704,141.045,130.941,130.635
2352.5,102.963,78.985,137.216,101.2,89.457,132.667,141.045,130.903,130.635
2352.6,102.963,78.985,137.182,101.259,89.526,132.741,141.045,130.941,130.635
2352.7,103.021,78.985,137.251,101.259,89.526,132.704,141.013,130.941,130.635
2352.8,102.963,78.985,137.251,101.259,89.526,132.741,141.045,130.979,130.635
2352.9,102.963,78.985,137.251,101.318,89.596,132.741,141.077,130.941,130.635
2353.0,102.963,78.985,137.251,101.318,89.457,132.704,141.013,130.941,130.674
2353.1,102.963,78.985,137.251,101.318,89.665,132.667,141.045,130.941,130.635
2353.2,103.021,79.064,137.251,101.318,89.665,132.704,141.077,130.979,130.635
2353.3,103.021,79.064,137.216,101.378,89.665,132.704,141.109,130.941,130.635
2353.4,103.079,79.064,137.216,101.378,89.734,132.704,141.013,130.941,130.674
2353.5,103.021,79.064,137.285,101.378,89.665,132.741,141.045,130.941,130.635
2353.6,103.021,79.142,137.319,101.437,89.734,132.63,141.045,131.017,130.674
2353.7,103.079,79.064,137.216,101.378,89.871,132.741,141.013,130.941,130.674
2353.8,103.137,79.142,137.216,101.496,89.94,132.704,141.077,130.979,130.674
2353.9,103.137,79.221,137.182,101.556,89.871,132.741,141.045,130.941,130.635
2354.0,103.195,79.221,137.216,101.556,89.94,132.704,141.077,130.979,130.674
2354.1,103.137,79.221,137.216,101.437,90.078,132.741,141.045,130.979,130.674
2354.2,103.195,79.221,137.251,101.615,90.146,132.741,141.077,130.941,130.674
2354.3,103.195,79.221,137.251,101.615,90.146,132.741,141.077,131.017,130.674
2354.4,103.195,79.221,137.251,101.615,90.078,132.741,140.981,130.979,130.635
2354.5,103.137,79.377,137.285,101.674,90.215,132.778,141.077,130.979,130.75
2354.6,103.252,79.299,137.216,101.615,90.215,132.741,141.045,130.941,130.674
2354.7,103.252,79.299,137.285,101.733,90.352,132.741,141.045,131.017,130.674
2354.8,103.31,79.377,137.285,101.733,90.352,132.741,141.045,130.979,130.674
2354.9,103.31,79.299,137.251,101.792,90.352,132.778,141.045,131.055,130.674
2355.0,103.31,79.377,137.285,101.91,90.352,132.778,141.013,131.017,130.826
2355.1,103.31,79.533,137.216,101.851,90.421,132.778,141.077,131.017,130.674
2355.2,103.368,79.455,137.251,101.91,90.489,132.741,141.013,131.017,130.712
2355.3,103.368,79.455,137.285,101.91,90.557,132.741,141.045,131.093,130.674
2355.4,103.426,79.455,137.285,101.91,90.626,132.741,141.045,131.055,130.712
2355.5,103.368,79.533,137.251,101.969,90.626,132.814,141.109,131.055,130.712
2355.6,103.483,79.533,137.251,101.969,90.762,132.778,141.045,131.017,130.75
2355.7,103.483,79.611,137.285,102.028,90.694,132.778,141.045,131.093,130.712
2355.8,103.426,79.611,137.251,102.028,90.898,132.741,141.013,131.093,130.712
2355.9,103.541,79.611,137.285,102.086,90.83,132.814,141.045,131.055,130.864
2356.0,103.483,79.689,137.251,102.028,90.898,132.778,141.077,131.131,130.712
2356.1,103.541,79.767,137.251,102.145,90.83,132.741,140.918,131.093,130.75
2356.2,103.541,79.689,137.285,102.086,90.898,132.778,141.077,131.055,130.75
2356.3,103.541,79.689,137.251,102.086,91.034,132.778,141.141,131.055,130.712
2356.4,103.541,79.689,137.319,102.145,90.966,132.888,141.045,131.093,130.712
2356.5,103.541,79.767,137.251,102.204,91.034,132.778,141.045,131.169,130.788
2356.6,103.599,79.767,137.285,102.086,90.966,132.851,141.109,131.093,130.788
2356.7,103.599,79.689,137.285,102.204,91.102,132.814,141.013,131.093,130.75
2356.8,103.599,79.767,137.319,102.204,91.169,132.741,141.077,131.055,130.788
2356.9,103.656,79.767,137.251,102.204,91.237,132.778,141.045,131.093,130.788
2357.0,103.771,79.767,137.285,102.204,91.169,132.741,141.077,131.131,130.826
2357.1,103.656,79.845,137.285,102.321,91.237,132.778,141.045,131.093,130.75
2357.2,103.599,79.767,137.251,102.204,91.237,132.778,141.013,131.055,130.75
2357.3,103.656,79.845,137.251,102.262,91.237,132.814,141.109,131.093,130.75
2357.4,103.714,79.845,137.285,102.321,91.237,132.814,141.077,131.131,130.75
2357.5,103.656,79.845,137.285,102.321,91.237,132.814,141.141,131.093,130.75
2357.6,103.714,79.923,137.285,102.321,91.305,132.814,141.045,131.093,130.788
2357.7,103.771,80.0,137.285,102.321,91.44,132.851,141.077,131.093,130.788
2357.8,103.714,80.0,137.285,102.321,91.305,132.778,141.077,131.131,130.788
2357.9,103.829,79.923,137.285,102.38,91.508,132.814,141.077,131.093,130.75
2358.0,103.714,79.923,137.319,102.497,91.44,132.814,141.045,131.131,130.75
2358.1,103.829,80.0,137.251,102.38,91.508,132.778,141.077,131.093,130.788
2358.2,103.829,80.0,137.319,102.438,91.508,132.814,141.077,131.131,130.826
2358.3,103.771,79.923,137.285,102.438,91.44,132.778,141.045,131.093,130.75
2358.4,103.886,80.0,137.251,102.497,91.575,132.888,141.109,131.207,130.75
2358.5,103.829,80.0,137.285,102.497,91.575,132.814,141.045,131.169,130.712
2358.6,103.771,80.078,137.251,102.613,91.642,132.778,141.045,131.131,130.75
2358.7,103.829,80.078,137.285,102.555,91.777,132.851,141.045,131.131,130.788
2358.8,103.886,80.078,137.251,102.613,91.777,132.814,141.045,131.131,130.788
2358.9,103.886,80.0,137.285,102.438,91.911,132.814,141.045,131.093,130.826
2359.0,103.886,80.156,137.285,102.613,91.642,132.778,141.045,131.131,130.788
2359.1,103.886,80.156,137.319,102.555,91.844,132.814,141.077,131.169,130.826
2359.2,103.829,80.156,137.251,102.672,91.844,132.778,141.045,131.131,130.788
2359.3,103.886,80.233,137.353,102.672,91.911,132.778,141.077,131.131,130.826
2359.4,103.943,80.233,137.251,102.613,91.978,132.814,141.109,131.055,130.788
2359.5,104.0,80.233,137.319,102.73,92.045,132.778,141.045,131.169,130.864
2359.6,103.943,80.31,137.216,102.73,92.045,132.814,141.077,131.093,130.788
2359.7,104.115,80.31,137.285,102.73,92.112,132.814,141.109,131.169,130.864
2359.8,103.943,80.233,137.285,102.73,92.045,132.851,141.077,131.169,130.826
2359.9,104.0,80.156,137.421,102.788,92.112,132.888,141.045,131.169,130.826
2360.0,103.943,80.233,137.353,102.788,92.179,132.851,141.045,131.207,130.788
2360.1,104.058,80.31,137.319,102.846,92.246,132.814,141.013,131.169,130.826
2360.2,104.0,80.31,137.285,102.846,92.313,132.814,140.981,131.169,130.864
2360.3,103.943,80.31,137.285,102.846,92.246,132.851,141.045,131.169,130.826
2360.4,104.058,80.31,137.353,102.788,92.246,132.778,141.013,131.207,130.903
2360.5,104.058,80.388,137.353,102.846,92.313,132.814,141.045,131.207,130.826
2360.6,104.115,80.388,137.285,102.846,92.313,132.814,141.045,131.207,130.903
2360.7,104.058,80.388,137.285,102.788,92.313,132.778,141.045,131.169,130.826
2360.8,104.115,80.388,137.319,102.904,92.447,132.888,141.045,131.207,130.826
2360.9,104.115,80.465,137.285,102.963,92.38,132.851,141.077,131.207,130.903
2361.0,104.115,80.388,137.353,102.904,92.447,132.851,141.141,131.131,130.826
2361.1,104.115,80.388,137.319,102.963,92.447,132.851,141.077,131.207,130.826
2361.2,104.115,80.465,137.353,102.963,92.513,132.814,141.045,131.207,130.864
2361.3,104.172,80.542,137.319,103.021,92.513,132.851,141.077,131.207,130.864
2361.4,104.172,80.465,137.353,103.021,92.58,132.851,141.045,131.207,130.826
2361.5,104.172,80.465,137.319,103.021,92.646,132.851,141.013,131.169,130.864
2361.6,104.172,80.542,137.285,103.021,92.713,132.814,141.045,131.207,130.826
2361.7,104.172,80.619,137.285,103.079,92.779,132.851,141.045,131.245,130.864
2361.8,104.229,80.542,137.251,103.079,92.779,132.888,141.077,131.245,130.864
2361.9,104.229,80.542,137.251,103.195,92.713,132.814,141.013,131.207,130.864
2362.0,104.229,80.619,137.353,103.137,92.779,132.851,141.045,131.207,130.864
2362.1,104.229,80.696,137.319,103.079,92.846,132.851,141.045,131.282,130.903
2362.2,104.229,80.619,137.285,103.137,92.779,132.851,141.077,131.282,130.864
2362.3,104.286,80.619,137.285,103.195,92.846,132.851,141.045,131.207,130.864
2362.4,104.286,80.619,137.285,103.195,92.846,132.778,141.077,131.207,130.903
2362.5,104.4,80.696,137.319,103.252,92.912,132.888,141.045,131.245,130.903
2362.6,104.229,80.619,137.319,103.137,92.978,132.814,141.045,131.245,130.864
2362.7,104.286,80.619,137.285,103.252,93.11,132.851,141.077,131.245,130.941
2362.8,104.286,80.696,137.353,103.195,93.044,132.888,141.045,131.245,130.864
2362.9,104.286,80.85,137.285,103.252,92.978,132.814,141.109,131.245,130.864
2363.0,104.286,80.696,137.285,103.252,93.044,132.925,141.077,131.245,130.941
2363.1,104.343,80.619,137.319,103.252,93.044,132.814,141.141,131.245,130.903
2363.2,104.343,80.773,137.319,103.31,93.044,132.851,141.077,131.282,130.903
2363.3,104.343,80.773,137.319,103.31,93.243,132.851,141.109,131.245,130.903
2363.4,104.343,80.696,137.319,103.368,93.11,132.888,141.045,131.245,130.864
2363.5,104.343,80.696,137.285,103.368,93.309,132.851,141.077,131.245,130.941
2363.6,104.4,80.85,137.319,103.368,93.11,132.851,141.109,131.282,130.941
2363.7,104.4,80.85,137.285,103.426,93.177,132.888,141.077,131.207,130.826
2363.8,104.4,80.85,137.319,103.426,93.177,132.851,141.045,131.245,130.941
2363.9,104.4,80.85,137.285,103.426,93.374,132.888,141.077,131.282,130.941
2364.0,104.4,80.927,137.387,103.426,93.374,132.851,141.109,131.32,130.941
2364.1,104.457,80.927,137.353,103.483,93.374,132.962,141.077,131.282,130.941
2364.2,104.457,80.927,137.353,103.483,93.374,132.888,141.013,131.282,130.903
2364.3,104.457,80.927,137.319,103.368,93.44,132.888,141.109,131.245,130.903
2364.4,104.457,80.927,137.285,103.483,93.44,132.888,141.077,131.282,130.941
2364.5,104.457,80.927,137.319,103.541,93.374,132.851,141.109,131.282,130.941
2364.6,104.457,81.004,137.319,103.483,93.506,132.888,141.077,131.32,130.941
2364.7,104.514,81.004,137.319,103.483,93.506,132.851,141.109,131.32,130.941
2364.8,104.514,81.004,137.319,103.541,93.572,132.888,141.077,131.32,130.941
2364.9,104.571,81.004,137.319,103.599,93.572,132.888,141.077,131.32,130.903
2365.0,104.514,81.004,137.319,103.599,93.572,132.851,141.109,131.32,130.941
2365.1,104.571,81.08,137.353,103.599,93.638,132.888,141.077,131.282,130.903
2365.2,104.514,81.004,137.285,103.656,93.638,132.888,141.173,131.282,130.979
2365.3,104.571,81.004,137.319,103.656,93.703,132.851,141.077,131.282,130.903
2365.4,104.571,81.08,137.387,103.599,93.703,132.888,141.077,131.32,130.941
2365.5,104.628,81.08,137.319,103.656,93.703,132.851,141.109,131.32,130.979
2365.6,104.684,81.157,137.319,103.656,93.769,132.888,141.077,131.32,130.979
2365.7,104.571,81.157,137.387,103.656,93.703,132.851,141.045,131.32,130.979
2365.8,104.514,81.157,137.319,103.656,93.834,132.888,141.077,131.396,130.979
2365.9,104.684,81.157,137.353,103.714,93.834,132.888,141.077,131.358,130.979
2366.0,104.684,81.234,137.319,103.714,93.9,132.888,141.045,131.358,130.941
2366.1,104.684,81.31,137.251,103.886,93.965,132.925,141.045,131.245,130.979
2366.2,104.684,81.31,137.319,103.771,94.031,132.888,141.077,131.358,130.941
2366.3,104.741,81.234,137.353,103.771,93.965,132.888,141.077,131.32,131.017
2366.4,104.684,81.31,137.353,103.771,94.096,132.925,141.077,131.32,130.979
2366.5,104.628,81.31,137.319,103.886,94.031,132.851,141.077,131.358,130.979
2366.6,104.684,81.31,137.319,103.886,94.096,132.925,141.013,131.32,131.017
2366.7,104.741,81.386,137.353,103.886,94.096,132.888,141.077,131.32,130.979
2366.8,104.684,81.386,137.353,103.886,94.161,132.888,141.077,131.32,131.055
2366.9,104.684,81.31,137.387,103.886,94.161,132.888,141.045,131.358,130.979
2367.0,104.798,81.31,137.353,103.943,94.161,132.888,141.077,131.358,131.017
2367.1,104.798,81.463,137.387,103.943,94.226,132.925,140.95,131.396,131.017
2367.2,104.798,81.463,137.353,103.943,94.292,132.888,141.077,131.358,131.055
2367.3,104.741,81.463,137.353,103.943,94.292,132.888,141.109,131.358,130.979
2367.4,104.798,81.386,137.353,103.943,94.357,132.888,141.077,131.358,131.055
2367.5,104.798,81.463,137.353,103.886,94.422,132.888,141.077,131.358,131.017
2367.6,104.911,81.539,137.387,104.058,94.487,132.925,141.109,131.358,131.055
2367.7,104.854,81.539,137.353,104.058,94.487,132.925,141.077,131.358,131.055
2367.8,104.911,81.539,137.353,104.058,94.552,132.925,141.045,131.471,130.979
2367.9,104.854,81.691,137.353,104.058,94.617,132.851,141.077,131.396,131.017
2368.0,104.854,81.463,137.353,104.058,94.552,132.888,141.077,131.396,131.055
2368.1,104.911,81.539,137.353,104.058,94.487,132.925,141.109,131.396,131.017
2368.2,104.911,81.615,137.387,104.172,94.681,132.962,141.077,131.396,131.017
2368.3,104.911,81.615,137.353,104.115,94.681,132.888,141.077,131.396,131.017
2368.4,104.967,81.615,137.387,104.172,94.617,132.925,141.077,131.358,131.017
2368.5,104.967,81.691,137.387,104.172,94.681,132.925,141.109,131.396,131.017
2368.6,104.911,81.767,137.353,104.172,94.746,132.925,141.077,131.434,131.055
2368.7,104.967,81.615,137.353,104.172,94.746,132.925,141.077,131.396,131.055
2368.8,104.967,81.615,137.319,104.172,94.746,132.925,141.077,131.396,131.055
2368.9,104.967,81.691,137.353,104.286,94.876,132.962,141.077,131.434,131.017
2369.0,105.024,81.691,137.319,104.229,94.811,132.925,141.077,131.396,131.093
2369.1,104.967,81.767,137.353,104.229,94.811,132.925,141.109,131.396,131.017
2369.2,105.024,81.691,137.353,104.229,94.94,132.925,141.173,131.434,131.055
2369.3,105.024,81.767,137.455,104.286,94.94,132.888,141.077,131.358,131.055
2369.4,105.08,81.767,137.353,104.229,95.005,132.925,141.077,131.471,131.055
2369.5,105.024,81.691,137.353,104.229,95.005,132.925,141.077,131.434,131.055
2369.6,105.08,81.767,137.353,104.286,95.069,132.925,141.077,131.434,131.055
2369.7,105.024,81.843,137.353,104.286,95.005,132.962,141.077,131.471,131.055
2369.8,105.08,81.843,137.353,104.343,95.005,132.925,141.077,131.434,131.055
2369.9,105.08,81.767,137.353,104.4,95.198,132.925,141.077,131.434,131.017
2370.0,105.137,81.843,137.353,104.343,95.198,132.962,141.077,131.471,131.055
2370.1,105.137,81.843,137.353,104.343,95.134,132.925,141.173,131.471,131.093
2370.2,105.137,81.919,137.387,104.4,95.198,132.925,141.077,131.471,131.131
2370.3,105.193,81.919,137.319,104.457,95.327,132.999,141.045,131.434,131.093
2370.4,105.137,81.919,137.387,104.4,95.262,132.962,141.109,131.434,131.131
2370.5,105.08,81.843,137.387,104.457,95.327,132.925,141.077,131.471,131.131
2370.6,105.193,81.995,137.387,104.457,95.327,132.962,141.077,131.471,131.169
2370.7,105.193,82.071,137.421,104.457,95.391,132.962,141.109,131.509,131.093
2370.8,105.193,81.995,137.387,104.457,95.391,132.925,141.077,131.471,131.093
2370.9,105.08,81.995,137.455,104.514,95.455,132.962,141.077,131.471,131.093
2371.0,105.137,81.995,137.353,104.457,95.455,132.962,141.109,131.509,131.093
2371.1,105.249,81.995,137.353,104.571,95.455,132.925,141.109,131.509,131.131
2371.2,105.193,82.071,137.387,104.571,95.519,132.999,141.204,131.547,131.055
2371.3,105.193,82.071,137.353,104.628,95.647,132.962,141.077,131.471,131.131
2371.4,105.249,82.071,137.387,104.684,95.583,132.925,141.109,131.471,131.169
2371.5,105.193,82.071,137.353,104.571,95.711,132.925,141.141,131.471,131.169
2371.6,105.249,82.147,137.387,104.628,95.647,132.962,141.109,131.471,131.131
2371.7,105.193,82.071,137.387,104.628,95.583,132.962,141.077,131.471,131.169
2371.8,105.249,82.071,137.387,104.684,95.775,132.962,141.077,131.471,131.131
2371.9,105.249,82.147,137.353,104.628,95.711,132.999,141.077,131.471,131.131
2372.0,105.249,82.147,137.421,104.628,95.711,132.999,141.077,131.509,131.131
2372.1,105.249,82.147,137.353,104.684,95.775,132.962,141.109,131.509,131.169
2372.2,105.306,82.147,137.387,104.684,95.839,132.999,141.109,131.434,131.093
2372.3,105.306,82.147,137.353,104.741,95.839,133.035,141.109,131.396,131.169
2372.4,105.249,82.298,137.353,104.628,95.775,132.962,141.077,131.509,131.169
2372.5,105.306,82.222,137.353,104.741,95.839,132.962,141.141,131.471,131.131
2372.6,105.306,82.298,137.387,104.798,95.775,132.999,141.077,131.471,131.131
2372.7,105.306,82.222,137.353,104.684,95.839,132.962,141.109,131.509,131.131
2372.8,105.306,82.298,137.387,104.741,95.839,132.962,141.109,131.547,131.131
2372.9,105.362,82.222,137.387,104.741,95.903,132.999,141.045,131.509,131.131
2373.0,105.418,82.298,137.319,104.798,95.967,133.035,141.077,131.509,131.169
2373.1,105.362,82.298,137.319,104.798,95.903,132.888,141.109,131.547,131.207
2373.2,105.418,82.373,137.387,104.798,95.967,132.962,141.077,131.584,131.093
2373.3,105.362,82.373,137.387,104.798,96.03,132.962,141.077,131.547,131.207
2373.4,105.418,82.373,137.387,104.854,96.03,132.962,141.173,131.509,131.169
2373.5,105.362,82.449,137.387,104.798,96.03,132.925,141.045,131.547,131.131
2373.6,105.418,82.449,137.421,104.911,96.094,132.962,141.077,131.547,131.169
2373.7,105.418,82.373,137.353,104.854,96.094,132.999,141.077,131.509,131.131
2373.8,105.418,82.449,137.421,104.967,96.158,132.999,141.077,131.584,131.245
2373.9,105.418,82.373,137.353,104.911,96.158,133.035,141.077,131.509,131.169
2374.0,105.362,82.373,137.387,104.911,96.221,133.035,141.077,131.509,131.169
2374.1,105.474,82.373,137.353,104.967,96.221,132.962,141.077,131.509,131.093
2374.2,105.474,82.449,137.387,104.854,96.221,132.962,141.077,131.547,131.169
2374.3,105.474,82.449,137.285,104.911,96.221,132.962,141.077,131.547,131.169
2374.4,105.474,82.449,137.353,104.967,96.285,132.999,141.109,131.547,131.207
2374.5,105.418,82.449,137.387,104.967,96.348,132.962,141.077,131.547,131.169
2374.6,105.474,82.524,137.421,104.967,96.348,132.962,141.045,131.547,131.169
2374.7,105.474,82.524,137.387,105.024,96.475,132.962,141.077,131.584,131.169
2374.8,105.474,82.524,137.421,105.024,96.411,132.999,141.109,131.584,131.169
2374.9,105.474,82.599,137.353,105.08,96.538,132.999,141.141,131.547,131.207
2375.0,105.53,82.599,137.421,105.024,96.475,132.962,141.077,131.584,131.207
2375.1,105.53,82.675,137.319,105.08,96.538,132.962,141.077,131.547,131.245
2375.2,105.586,82.599,137.387,105.137,96.538,132.999,141.077,131.584,131.169
2375.3,105.53,82.675,137.421,105.137,96.538,132.999,141.077,131.547,131.169
2375.4,105.586,82.675,137.387,105.08,96.664,132.999,141.077,131.584,131.169
2375.5,105.53,82.675,137.421,105.08,96.475,132.999,141.109,131.584,131.207
2375.6,105.642,82.75,137.421,105.08,96.664,132.999,141.077,131.584,131.245
2375.7,105.53,82.75,137.489,105.08,96.664,132.962,141.077,131.584,131.207
2375.8,105.586,82.75,137.387,105.137,96.728,132.999,141.077,131.622,131.245
2375.9,105.586,82.825,137.387,105.137,96.728,132.999,141.045,131.622,131.207
2376.0,105.586,82.825,137.455,105.193,96.791,133.035,141.109,131.584,131.282
2376.1,105.642,82.825,137.387,105.193,96.917,132.999,141.109,131.622,131.245
2376.2,105.586,82.825,137.387,105.249,96.917,132.999,141.109,131.622,131.207
2376.3,105.642,82.825,137.421,105.193,96.917,132.999,141.077,131.584,131.245
2376.4,105.698,82.75,137.421,105.249,97.042,133.035,141.045,131.622,131.245
2376.5,105.642,82.825,137.387,105.249,97.042,133.072,141.173,131.66,131.282
2376.6,105.698,82.975,137.421,105.306,97.042,133.072,141.109,131.584,131.207
2376.7,105.642,82.975,137.387,105.306,97.042,132.999,141.077,131.622,131.245
2376.8,105.642,82.975,137.387,105.306,97.042,133.035,141.045,131.622,131.207
2376.9,105.698,82.9,137.387,105.306,97.042,133.035,141.077,131.697,131.245
2377.0,105.698,83.125,137.421,105.362,97.168,132.999,141.077,131.66,131.245
2377.1,105.698,82.975,137.387,105.306,97.168,133.035,141.077,131.622,131.245
2377.2,105.698,82.975,137.387,105.306,97.168,133.035,141.109,131.584,131.245
2377.3,105.754,82.975,137.421,105.362,97.231,133.035,141.109,131.622,131.32
2377.4,105.698,82.975,137.387,105.418,97.231,132.999,141.109,131.66,131.245
2377.5,105.754,83.05,137.421,105.418,97.231,133.035,141.109,131.622,131.207
2377.6,105.754,83.05,137.421,105.418,97.356,133.035,141.077,131.622,131.245
2377.7,105.754,83.05,137.387,105.418,97.231,133.035,141.109,131.66,131.282
2377.8,105.754,83.05,137.421,105.418,97.356,132.999,141.109,131.622,131.245
2377.9,105.754,83.05,137.387,105.418,97.356,133.035,141.141,131.66,131.245
2378.0,105.754,83.05,137.387,105.474,97.419,133.035,141.109,131.66,131.282
2378.1,105.81,83.125,137.421,105.474,97.419,133.035,141.109,131.622,131.245
2378.2,105.866,83.125,137.421,105.474,97.419,133.035,141.109,131.622,131.282
2378.3,105.81,83.05,137.421,105.53,97.419,133.035,141.077,131.66,131.282
2378.4,105.81,83.125,137.421,105.53,97.481,133.035,141.173,131.66,131.245
2378.5,105.81,83.199,137.387,105.586,97.543,133.035,141.141,131.66,131.282
2378.6,105.866,83.274,137.455,105.53,97.481,133.072,141.077,131.66,131.282
2378.7,105.81,83.199,137.421,105.474,97.606,133.072,141.109,131.66,131.282
2378.8,105.866,83.274,137.387,105.53,97.606,133.072,141.077,131.66,131.282
2378.9,105.81,83.274,137.421,105.586,97.606,133.072,141.109,131.697,131.245
2379.0,105.866,83.274,137.421,105.698,97.606,133.035,141.077,131.66,131.282
2379.1,105.922,83.274,137.421,105.642,97.668,133.072,141.077,131.66,131.32
2379.2,105.81,83.274,137.421,105.586,97.668,133.035,141.109,131.66,131.358
2379.3,105.922,83.274,137.353,105.586,97.731,133.035,141.077,131.66,131.282
2379.4,105.866,83.349,137.421,105.586,97.793,133.035,141.077,131.66,131.282
2379.5,105.922,83.349,137.387,105.586,97.793,133.072,141.109,131.66,131.282
2379.6,105.977,83.423,137.421,105.642,97.793,133.072,141.141,131.697,131.32
2379.7,105.977,83.423,137.387,105.642,97.793,133.035,141.045,131.697,131.32
2379.8,105.922,83.423,137.489,105.698,97.793,133.072,141.077,131.66,131.32
2379.9,105.922,83.349,137.387,105.698,97.917,133.072,141.141,131.735,131.471
2380.0,105.977,83.423,137.421,105.754,97.979,133.035,141.141,131.66,131.358
2380.1,106.033,83.423,137.455,105.698,97.979,133.072,141.109,131.66,131.32
2380.2,105.977,83.423,137.421,105.754,98.041,133.072,141.077,131.735,131.32
2380.3,106.033,83.498,137.387,105.81,98.165,133.109,141.077,131.697,131.32
2380.4,106.033,83.498,137.421,105.866,98.165,133.109,141.109,131.697,131.358
2380.5,105.977,83.572,137.421,105.81,98.227,133.072,141.077,131.66,131.32
2380.6,105.977,83.647,137.421,105.866,98.289,133.072,141.109,131.66,131.32
2380.7,106.089,83.721,137.421,105.81,98.227,133.072,141.077,131.735,131.358
2380.8,106.033,83.647,137.421,105.866,98.289,133.072,141.077,131.735,131.358
2380.9,106.033,83.647,137.421,105.866,98.227,133.072,141.109,131.697,131.32
2381.0,106.089,83.647,137.489,105.977,98.351,133.109,141.109,131.735,131.358
2381.1,106.033,83.721,137.421,105.922,98.289,133.035,141.109,131.772,131.32
2381.2,106.089,83.647,137.353,105.922,98.351,133.072,141.109,131.772,131.396
2381.3,106.033,83.721,137.421,105.866,98.474,133.072,141.141,131.735,131.358
2381.4,106.033,83.721,137.421,105.977,98.474,133.072,141.109,131.735,131.358
2381.5,106.089,83.795,137.455,105.977,98.474,133.109,141.109,131.735,131.358
2381.6,106.089,83.795,137.421,105.977,98.474,133.109,141.141,131.81,131.358
2381.7,106.089,83.795,137.421,106.033,98.536,133.109,141.109,131.81,131.32
2381.8,106.144,83.869,137.387,105.977,98.659,133.109,141.109,131.81,131.32
2381.9,106.144,83.721,137.455,106.033,98.597,133.146,141.141,131.735,131.396
2382.0,106.144,83.795,137.421,106.089,98.659,133.109,141.173,131.81,131.358
2382.1,106.144,83.869,137.489,106.033,98.659,133.109,141.109,131.735,131.396
2382.2,106.144,83.943,137.455,106.089,98.659,133.146,141.109,131.697,131.358
2382.3,106.2,83.869,137.421,106.033,98.721,133.072,141.077,131.772,131.396
2382.4,106.2,83.795,137.387,106.089,98.721,133.072,141.109,131.735,131.434
2382.5,106.2,83.795,137.421,105.922,98.721,133.109,141.109,131.735,131.358
2382.6,106.2,83.943,137.421,106.089,98.782,133.072,141.077,131.772,131.396
2382.7,106.2,83.943,137.455,106.033,98.905,133.072,141.141,131.81,131.396
2382.8,106.255,83.869,137.421,106.089,98.782,133.146,141.077,131.81,131.434
2382.9,106.2,83.943,137.421,106.089,98.782,133.109,141.109,131.772,131.434
2383.0,106.2,83.943,137.387,106.144,98.905,133.182,141.077,131.885,131.434
2383.1,106.2,83.943,137.421,106.089,98.843,133.109,141.109,131.772,131.396
2383.2,106.255,83.943,137.387,106.144,98.905,133.146,141.141,131.772,131.434
2383.3,106.2,84.091,137.421,106.2,98.966,133.146,141.077,131.81,131.396
2383.4,106.2,84.017,137.455,106.2,98.966,133.109,141.077,131.772,131.396
2383.5,106.255,84.091,137.421,106.2,98.966,133.109,141.109,131.772,131.434
2383.6,106.2,84.017,137.455,106.255,99.027,133.109,141.077,131.885,131.434
2383.7,106.311,84.091,137.421,106.2,99.088,133.146,141.109,131.772,131.471
2383.8,106.255,84.239,137.421,106.2,99.088,133.109,141.109,131.81,131.434
2383.9,106.311,84.239,137.455,106.255,99.15,133.109,141.109,131.81,131.434
2384.0,106.255,84.165,137.421,106.255,99.088,133.146,141.077,131.848,131.434
2384.1,106.311,84.165,137.489,106.255,99.211,133.109,141.109,131.735,131.471
2384.2,106.311,84.239,137.455,106.311,99.211,133.146,141.109,131.848,131.434
2384.3,106.366,84.239,137.455,106.366,99.333,133.182,141.077,131.848,131.471
2384.4,106.366,84.239,137.489,106.311,99.272,133.255,141.077,131.885,131.471
2384.5,106.366,84.313,137.455,106.366,99.333,133.109,141.109,131.772,131.434
2384.6,106.366,84.313,137.455,106.366,99.272,133.109,141.077,131.848,131.471
2384.7,106.366,84.313,137.421,106.255,99.455,133.146,141.077,131.848,131.434
2384.8,106.422,84.387,137.489,106.366,99.272,133.182,141.109,131.885,131.471
2384.9,106.366,84.313,137.489,106.422,99.394,133.146,141.109,131.848,131.434
2385.0,106.422,84.387,137.455,106.311,99.455,133.146,141.109,131.848,131.471
2385.1,106.366,84.387,137.455,106.422,99.576,133.182,141.077,131.848,131.509
2385.2,106.477,84.387,137.455,106.422,99.576,133.146,141.141,131.81,131.509
2385.3,106.422,84.46,137.489,106.422,99.515,133.182,141.173,131.885,131.471
2385.4,106.422,84.534,137.523,106.477,99.576,133.182,141.173,131.848,131.471
2385.5,106.422,84.46,137.421,106.477,99.637,133.146,141.141,131.885,131.471
2385.6,106.422,84.46,137.421,106.422,99.637,133.146,141.109,131.848,131.471
2385.7,106.422,84.534,137.421,106.422,99.698,133.146,141.109,131.848,131.509
2385.8,106.422,84.534,137.455,106.532,99.637,133.146,141.109,131.848,131.434
2385.9,106.532,84.46,137.421,106.532,99.758,133.146,141.141,131.848,131.471
2386.0,106.422,84.46,137.455,106.532,99.758,133.182,141.077,131.848,131.471
2386.1,106.477,84.607,137.421,106.477,99.698,133.182,141.141,131.848,131.547
2386.2,106.532,84.534,137.387,106.532,99.819,133.182,141.109,131.848,131.471
2386.3,106.477,84.607,137.455,106.532,99.819,133.182,141.077,131.885,131.471
2386.4,106.588,84.607,137.489,106.588,99.819,133.146,141.077,131.885,131.547
2386.5,106.532,84.607,137.455,106.588,99.88,133.146,141.109,131.885,131.509
2386.6,106.532,84.681,137.455,106.588,99.819,133.146,141.141,131.848,131.471
2386.7,106.532,84.607,137.455,106.643,99.94,133.146,141.109,131.922,131.547
2386.8,106.532,84.607,137.421,106.643,99.94,133.182,141.109,131.885,131.509
2386.9,106.588,84.681,137.455,106.588,99.94,133.182,141.109,131.848,131.509
2387.0,106.588,84.681,137.489,106.643,100.061,133.182,141.109,131.922,131.509
2387.1,106.588,84.754,137.455,106.588,99.94,133.146,141.109,131.885,131.509
2387.2,106.532,84.754,137.455,106.643,100.0,133.146,141.236,131.885,131.509
2387.3,106.532,84.754,137.455,106.698,100.0,133.219,141.109,131.885,131.509
2387.4,106.588,84.681,137.489,106.643,100.061,133.182,141.077,131.922,131.509
2387.5,106.588,84.754,137.489,106.643,100.182,133.182,141.141,131.885,131.509
2387.6,106.643,84.754,137.489,106.698,100.121,133.146,141.109,131.885,131.509
2387.7,106.588,84.827,137.489,106.698,100.182,133.182,141.109,131.922,131.547
2387.8,106.588,84.754,137.489,106.698,100.182,133.146,141.141,131.922,131.471
2387.9,106.643,84.901,137.489,106.753,100.242,133.146,141.109,131.922,131.547
2388.0,106.643,84.901,137.489,106.753,100.242,133.182,141.077,131.922,131.584
2388.1,106.643,84.974,137.455,106.698,100.242,133.182,141.141,131.922,131.509
2388.2,106.643,84.901,137.523,106.808,100.362,133.182,141.077,131.848,131.509
2388.3,106.643,84.901,137.489,106.753,100.422,133.182,141.109,131.922,131.547
2388.4,106.643,85.047,137.489,106.808,100.302,133.146,141.109,131.922,131.547
2388.5,106.643,84.974,137.455,106.863,100.482,133.182,141.109,131.96,131.547
2388.6,106.698,85.047,137.455,106.808,100.542,133.146,141.109,131.885,131.547
2388.7,106.698,85.047,137.455,106.808,100.422,133.182,141.173,131.96,131.547
2388.8,106.698,85.047,137.523,106.918,100.542,133.182,141.109,131.96,131.584
2388.9,106.532,84.974,137.489,106.973,100.602,133.182,141.141,131.96,131.584
2389.0,106.698,85.193,137.455,106.918,100.662,133.182,141.141,131.96,131.584
2389.1,106.808,85.12,137.489,106.918,100.602,133.219,141.109,131.96,131.584
2389.2,106.753,85.12,137.421,106.918,100.722,133.255,141.109,131.96,131.622
2389.3,106.698,85.12,137.489,106.973,100.662,133.182,141.141,131.997,131.584
2389.4,106.808,85.193,137.455,106.918,100.722,133.219,141.204,131.96,131.584
2389.5,106.753,85.266,137.523,106.918,100.842,133.219,141.109,131.96,131.622
2389.6,106.753,85.266,137.455,107.028,100.842,133.219,141.109,131.997,131.622
2389.7,106.808,85.339,137.489,106.973,100.842,133.182,141.109,131.997,131.622
2389.8,106.863,85.266,137.455,107.028,100.902,133.219,141.045,131.96,131.622
2389.9,106.808,85.266,137.489,107.028,100.961,133.182,141.077,131.997,131.622
2390.0,106.808,85.266,137.489,107.083,101.021,133.182,141.109,131.997,131.622
2390.1,106.808,85.339,137.489,107.083,101.021,133.182,141.077,131.997,131.622
2390.2,106.808,85.339,137.489,107.083,100.961,133.219,141.109,131.96,131.584
2390.3,106.808,85.412,137.455,106.973,101.08,133.219,141.109,132.035,131.584
2390.4,106.863,85.412,137.523,107.083,101.08,133.219,141.109,131.96,131.622
2390.5,106.863,85.412,137.489,107.193,101.08,133.182,141.141,132.035,131.66
2390.6,106.863,85.412,137.489,107.083,101.021,133.219,141.141,131.997,131.735
2390.7,106.808,85.484,137.557,107.138,101.259,133.219,141.141,131.96,131.66
2390.8,106.918,85.484,137.489,107.138,101.259,133.182,141.141,132.035,131.584
2390.9,106.863,85.484,137.489,107.138,101.259,133.292,141.109,132.035,131.622
2391.0,106.863,85.484,137.489,107.193,101.2,133.219,141.141,131.997,131.697
2391.1,106.863,85.557,137.523,107.193,101.318,133.219,141.141,132.035,131.66
2391.2,106.918,85.702,137.523,107.138,101.378,133.255,141.109,132.072,131.66
2391.3,106.918,85.557,137.489,107.193,101.318,133.255,141.109,132.035,131.622
2391.4,106.918,85.557,137.557,107.247,101.318,133.219,141.109,131.997,131.622
2391.5,106.918,85.557,137.557,107.193,101.437,133.219,141.141,131.997,131.622
2391.6,106.973,85.63,137.455,107.247,101.437,133.255,141.109,131.997,131.66
2391.7,106.918,85.63,137.523,107.247,101.556,133.255,141.141,132.035,131.697
2391.8,106.973,85.63,137.489,107.193,101.437,133.219,141.141,132.035,131.697
2391.9,106.973,85.63,137.523,107.302,101.496,133.255,141.109,132.035,131.622
2392.0,106.973,85.775,137.523,107.302,101.437,133.255,141.109,132.072,131.697
2392.1,106.973,85.775,137.489,107.302,101.556,133.255,141.173,132.072,131.66
2392.2,106.973,85.702,137.523,107.302,101.674,133.255,141.109,132.035,131.622
2392.3,107.028,85.702,137.455,107.302,101.556,133.255,141.141,132.072,131.697
2392.4,106.973,85.775,137.523,107.302,101.615,133.255,141.141,132.035,131.697
2392.5,107.028,85.775,137.489,107.357,101.615,133.255,141.173,131.997,131.66
2392.6,106.973,85.775,137.523,107.302,101.674,133.219,141.141,132.035,131.66
2392.7,107.028,85.847,137.523,107.357,101.674,133.255,141.077,132.072,131.697
2392.8,107.028,85.847,137.489,107.302,101.733,133.255,141.141,132.072,131.66
2392.9,107.028,85.775,137.455,107.357,101.674,133.255,141.173,132.035,131.66
2393.0,107.028,85.847,137.489,107.357,101.733,133.255,141.173,132.109,131.66
2393.1,107.083,85.919,137.489,107.411,101.792,133.365,141.141,132.035,131.697
2393.2,107.083,85.847,137.523,107.466,101.851,133.182,141.173,132.072,131.772
2393.3,107.083,85.919,137.523,107.466,101.792,133.219,141.109,132.072,131.66
2393.4,107.083,85.847,137.455,107.302,101.91,133.255,141.109,132.072,131.66
2393.5,107.028,85.919,137.489,107.411,101.851,133.255,141.173,131.997,131.697
2393.6,107.028,85.919,137.489,107.411,101.851,133.219,141.141,132.035,131.697
2393.7,107.083,85.992,137.523,107.411,101.851,133.219,141.109,132.072,131.66
2393.8,107.083,85.919,137.489,107.521,101.91,133.292,141.173,132.072,131.697
2393.9,107.083,85.992,137.489,107.466,101.91,133.292,141.141,132.109,131.66
2394.0,107.083,85.992,137.557,107.521,101.851,133.255,141.141,132.147,131.697
2394.1,107.028,85.992,137.489,107.466,101.969,133.182,141.109,132.035,131.735
2394.2,107.138,85.992,137.489,107.521,101.969,133.292,141.141,132.072,131.735
2394.3,107.083,85.992,137.523,107.521,102.028,133.329,141.141,132.109,131.697
2394.4,107.193,86.064,137.455,107.521,102.086,133.255,141.077,132.109,131.772
2394.5,107.138,86.064,137.557,107.466,102.028,133.255,141.173,132.109,131.735
2394.6,107.083,86.064,137.523,107.411,102.086,133.292,141.173,132.109,131.735
2394.7,107.138,86.064,137.489,107.521,102.204,133.255,141.141,132.072,131.697
2394.8,107.193,86.28,137.489,107.575,102.204,133.255,141.109,132.072,131.697
2394.9,107.193,86.136,137.455,107.521,102.262,133.292,141.109,132.072,131.735
2395.0,107.193,86.064,137.489,107.575,102.262,133.255,141.109,132.147,131.772
2395.1,107.138,86.208,137.489,107.575,102.262,133.292,141.141,132.147,131.735
2395.2,107.193,86.208,137.489,107.63,102.38,133.255,141.141,132.072,131.697
2395.3,107.247,86.208,137.489,107.63,102.38,133.255,141.141,132.333,131.697
2395.4,107.193,86.28,137.489,107.575,102.321,133.292,141.109,132.109,131.772
2395.5,107.138,86.28,137.523,107.63,102.321,133.255,141.109,132.109,131.735
2395.6,107.247,86.28,137.591,107.521,102.38,133.292,141.173,132.147,131.772
2395.7,107.247,86.352,137.489,107.684,102.497,133.255,141.173,132.109,131.735
2395.8,107.193,86.352,137.489,107.847,102.497,133.255,141.173,132.109,131.735
2395.9,107.247,86.352,137.523,107.684,102.438,133.292,141.173,132.109,131.735
2396.0,107.247,86.424,137.489,107.684,102.555,133.255,141.141,132.147,131.735
2396.1,107.247,86.352,137.523,107.738,102.613,133.292,141.141,132.147,131.735
2396.2,107.302,86.352,137.489,107.738,102.497,133.292,141.109,132.184,131.772
2396.3,107.302,86.424,137.489,107.738,102.613,133.292,141.109,132.072,131.772
2396.4,107.302,86.424,137.523,107.793,102.672,133.292,141.141,132.072,131.772
2396.5,107.302,86.496,137.523,107.738,102.613,133.292,141.109,132.109,131.772
2396.6,107.357,86.496,137.489,107.738,102.613,133.329,141.141,132.147,131.772
2396.7,107.247,86.496,137.489,107.793,102.73,133.292,141.109,132.109,131.772
2396.8,107.302,86.496,137.523,107.793,102.73,133.329,141.109,132.147,131.772
2396.9,107.302,86.568,137.557,107.738,102.73,133.292,141.141,132.147,131.848
2397.0,107.302,86.496,137.489,107.847,102.846,133.329,141.141,132.147,131.81
2397.1,107.302,86.496,137.489,107.793,102.788,133.292,141.141,132.147,131.772
2397.2,107.302,86.568,137.489,107.793,102.788,133.255,141.173,132.184,131.81
2397.3,107.357,86.639,137.523,107.847,102.846,133.292,141.141,132.184,131.735
2397.4,107.302,86.711,137.591,107.793,102.846,133.329,141.173,132.147,131.772
2397.5,107.302,86.568,137.523,107.793,102.846,133.402,141.109,132.147,131.772
2397.6,107.411,86.639,137.523,107.901,102.904,133.329,141.141,132.109,131.772
2397.7,107.357,86.711,137.523,107.847,102.904,133.292,141.109,132.147,131.772
2397.8,107.357,86.568,137.489,107.847,102.904,133.438,141.141,132.147,131.848
2397.9,107.302,86.568,137.489,107.847,102.904,133.292,141.109,132.147,131.772
2398.0,107.466,86.639,137.523,107.901,103.021,133.292,141.204,132.259,131.885
2398.1,107.466,86.711,137.489,107.901,103.021,133.292,141.141,132.184,131.848
2398.2,107.411,86.711,137.523,107.901,102.963,133.438,141.109,132.184,131.848
2398.3,107.357,86.783,137.489,107.901,103.079,133.292,141.141,132.147,131.81
2398.4,107.411,86.783,137.557,107.955,103.137,133.329,141.173,132.184,131.848
2398.5,107.357,86.783,137.523,107.901,103.079,133.292,141.141,132.184,131.848
2398.6,107.466,86.783,137.523,107.901,103.137,133.292,141.173,132.259,131.848
2398.7,107.411,86.854,137.523,107.955,103.137,133.329,141.141,132.184,131.81
2398.8,107.357,86.783,137.489,107.901,103.137,133.329,141.236,132.184,131.848
2398.9,107.466,86.783,137.523,107.955,103.195,133.329,141.141,132.184,131.848
2399.0,107.411,86.783,137.455,107.955,103.195,133.292,141.109,132.147,131.848
2399.1,107.466,86.926,137.489,107.955,103.252,133.255,141.173,132.259,131.772
2399.2,107.575,86.926,137.489,108.118,103.31,133.329,141.109,132.184,131.848
2399.3,107.521,86.926,137.557,107.955,103.31,133.329,141.109,132.221,131.848
2399.4,107.466,86.926,137.523,107.955,103.368,133.329,141.141,132.184,131.848
2399.5,107.466,86.854,137.557,108.01,103.31,133.329,141.173,132.221,131.81
2399.6,107.521,86.926,137.489,107.955,103.31,133.329,141.141,132.221,131.848
2399.7,107.466,86.926,137.523,108.01,103.31,133.329,141.141,132.184,131.848
2399.8,107.521,86.926,137.557,108.064,103.31,133.255,141.109,132.184,131.848
2399.9,107.466,86.854,137.489,108.064,103.368,133.329,141.141,132.221,131.772
2400.0,107.466,86.997,137.489,108.064,103.483,133.329,141.173,132.221,131.81
2400.1,107.466,86.997,137.489,108.064,103.541,133.329,141.141,132.259,131.885
2400.2,107.466,86.997,137.421,108.064,103.483,133.438,141.141,132.221,131.848
2400.3,107.466,87.068,137.557,108.118,103.483,133.365,141.109,132.296,131.81
2400.4,107.521,86.997,137.523,108.118,103.541,133.365,141.141,132.221,131.848
2400.5,107.63,87.068,137.489,108.118,103.483,133.402,141.173,132.184,131.848
2400.6,107.521,86.997,137.557,108.118,103.541,133.329,141.109,132.221,131.848
2400.7,107.63,87.14,137.591,108.118,103.483,133.329,141.077,132.259,131.81
2400.8,107.575,87.068,137.489,108.118,103.599,133.329,141.173,132.221,131.885
2400.9,107.575,87.068,137.557,108.118,103.541,133.402,141.141,132.184,131.848
2401.0,107.575,87.14,137.591,108.172,103.599,133.365,141.141,132.259,131.922
2401.1,107.575,87.211,137.523,108.172,103.656,133.329,141.141,132.221,131.848
2401.2,107.575,87.14,137.591,108.28,103.599,133.329,141.109,132.259,131.922
2401.3,107.521,87.211,137.523,108.172,103.656,133.329,141.109,132.221,131.848
2401.4,107.575,87.14,137.523,108.172,103.771,133.329,141.141,132.259,131.848
2401.5,107.575,87.211,137.489,108.172,103.714,133.329,141.173,132.221,131.885
2401.6,107.684,87.282,137.557,108.172,103.771,133.329,141.173,132.259,131.922
2401.7,107.575,87.353,137.523,108.226,103.829,133.365,141.109,132.259,131.885
2401.8,107.63,87.282,137.523,108.172,103.886,133.329,141.109,132.296,131.885
2401.9,107.575,87.495,137.523,108.28,103.943,133.329,141.173,132.259,131.922
2402.0,107.63,87.353,137.557,108.226,103.943,133.329,141.141,132.259,131.885
2402.1,107.63,87.495,137.523,108.334,104.0,133.365,141.141,132.259,131.885
2402.2,107.63,87.424,137.523,108.334,104.0,133.365,141.173,132.259,131.922
2402.3,107.63,87.424,137.557,108.226,104.0,133.365,141.141,132.259,131.885
2402.4,107.684,87.495,137.489,108.28,104.058,133.402,141.109,132.259,131.922
2402.5,107.684,87.495,137.523,108.28,104.058,133.402,141.109,132.259,131.922
2402.6,107.738,87.495,137.557,108.334,104.115,133.329,141.173,132.259,131.885
2402.7,107.738,87.495,137.557,108.334,104.115,133.402,141.141,132.296,131.997
2402.8,107.738,87.566,137.557,108.388,104.172,133.365,141.141,132.333,131.922
2402.9,107.738,87.637,137.557,108.388,104.172,133.402,141.173,132.296,131.997
2403.0,107.738,87.566,137.523,108.388,104.229,133.365,141.173,132.296,131.922
2403.1,107.738,87.637,137.489,108.388,104.286,133.402,141.141,132.296,131.96
2403.2,107.738,87.637,137.557,108.442,104.229,133.402,141.141,132.296,131.922
2403.3,107.793,87.637,137.557,108.442,104.4,133.402,141.141,132.296,131.96
2403.4,107.738,87.637,137.523,108.442,104.286,133.402,141.141,132.296,131.96
2403.5,107.847,87.778,137.523,108.442,104.4,133.365,141.173,132.296,131.96
2403.6,107.793,87.708,137.523,108.388,104.286,133.365,141.109,132.296,131.922
2403.7,107.793,87.708,137.557,108.442,104.4,133.402,141.109,132.37,131.96
2403.8,107.793,87.708,137.557,108.442,104.4,133.329,141.173,132.296,131.96
2403.9,107.793,87.708,137.557,108.442,104.4,133.402,141.141,132.296,131.96
2404.0,107.793,87.778,137.659,108.495,104.457,133.475,141.109,132.37,131.922
2404.1,107.793,87.849,137.489,108.495,104.4,133.402,141.141,132.333,131.997
2404.2,107.793,87.778,137.557,108.495,104.4,133.402,141.141,132.296,131.997
2404.3,107.738,87.778,137.557,108.442,104.514,133.365,141.173,132.37,131.96
2404.4,107.793,87.778,137.557,108.495,104.571,133.402,141.173,132.333,131.922
2404.5,107.793,87.849,137.523,108.495,104.571,133.402,141.173,132.296,131.96
2404.6,107.847,87.92,137.591,108.495,104.514,133.402,141.141,132.37,131.997
2404.7,107.793,87.778,137.557,108.549,104.571,133.402,141.109,132.333,131.96
2404.8,107.847,87.849,137.557,108.495,104.684,133.402,141.045,132.37,131.96
2404.9,107.793,87.849,137.489,108.549,104.741,133.402,141.141,132.333,131.997
2405.0,107.901,87.849,137.557,108.549,104.628,133.438,141.141,132.407,131.997
2405.1,107.793,87.92,137.523,108.549,104.628,133.402,141.173,132.37,131.922
2405.2,107.793,87.92,137.557,108.603,104.684,133.402,141.141,132.333,131.997
2405.3,107.793,87.99,137.523,108.549,104.628,133.438,141.173,132.37,131.96
2405.4,107.847,88.061,137.591,108.603,104.684,133.402,141.077,132.37,131.997
2405.5,107.901,87.92,137.557,108.603,104.798,133.402,141.204,132.333,132.035
2405.6,107.847,87.99,137.557,108.657,104.741,133.438,141.141,132.407,131.96
2405.7,107.901,87.92,137.557,108.603,104.798,133.402,141.109,132.333,131.997
2405.8,107.901,87.99,137.557,108.603,104.798,133.402,141.173,132.333,131.96
2405.9,107.901,87.99,137.557,108.657,104.798,133.402,141.173,132.333,132.035
2406.0,107.847,88.061,137.557,108.657,104.854,133.402,141.109,132.37,131.997
2406.1,107.847,88.061,137.523,108.657,104.854,133.402,141.109,132.37,131.96
2406.2,107.955,88.061,137.557,108.657,104.854,133.402,141.109,132.333,132.035
2406.3,107.901,88.201,137.591,108.603,104.854,133.438,141.173,132.37,131.997
2406.4,107.955,88.061,137.557,108.657,104.854,133.402,141.141,132.37,131.96
2406.5,107.955,88.272,137.625,108.657,104.967,133.438,141.173,132.37,131.997
2406.6,107.901,88.131,137.523,108.71,104.967,133.402,141.173,132.37,131.997
2406.7,107.901,88.201,137.557,108.71,105.024,133.402,141.173,132.37,131.96
2406.8,107.955,88.131,137.557,108.657,105.137,133.402,141.045,132.37,131.997
2406.9,107.955,88.201,137.523,108.657,105.024,133.402,141.173,132.37,131.997
2407.0,108.01,88.201,137.523,108.71,105.137,133.438,141.173,132.407,131.997
2407.1,107.955,88.201,137.557,108.764,105.08,133.438,141.204,132.407,132.035
2407.2,107.955,88.272,137.557,108.71,105.137,133.438,141.141,132.407,132.035
2407.3,108.01,88.342,137.625,108.817,105.193,133.402,141.141,132.37,132.035
2407.4,108.118,88.342,137.523,108.71,105.193,133.402,141.204,132.407,132.035
2407.5,108.064,88.482,137.557,108.871,105.193,133.438,141.173,132.407,132.035
2407.6,108.01,88.342,137.557,108.871,105.249,133.402,141.109,132.407,132.035
2407.7,108.01,88.342,137.557,108.817,105.306,133.511,141.173,132.482,132.035
2407.8,108.01,88.412,137.557,108.817,105.249,133.438,141.109,132.37,132.035
2407.9,108.01,88.412,137.557,108.764,105.362,133.475,141.173,132.407,132.035
2408.0,108.01,88.482,137.557,108.871,105.418,133.475,141.173,132.444,132.035
2408.1,108.172,88.482,137.557,108.817,105.362,133.475,141.204,132.407,132.035
2408.2,108.01,88.412,137.625,108.817,105.474,133.438,141.173,132.444,132.072
2408.3,108.064,88.412,137.523,108.871,105.474,133.438,141.141,132.407,132.035
2408.4,108.172,88.482,137.557,108.871,105.474,133.402,141.077,132.444,132.035
2408.5,108.064,88.552,137.557,108.817,105.474,133.438,141.204,132.444,132.072
2408.6,108.118,88.552,137.557,108.871,105.53,133.438,141.173,132.37,132.035
2408.7,108.064,88.622,137.557,108.871,105.53,133.475,141.141,132.482,132.035
2408.8,108.064,88.622,137.523,108.924,105.586,133.438,141.141,132.37,132.035
2408.9,108.064,88.622,137.557,108.871,105.642,133.475,141.173,132.407,132.072
2409.0,108.118,88.622,137.557,108.924,105.698,133.475,141.141,132.444,132.035
2409.1,108.064,88.622,137.557,108.871,105.81,133.438,141.141,132.37,132.072
2409.2,108.118,88.692,137.557,108.924,105.586,133.438,141.173,132.407,132.072
2409.3,108.118,88.762,137.557,108.978,105.698,133.438,141.109,132.407,132.035
2409.4,108.118,88.762,137.625,108.978,105.81,133.438,141.141,132.444,132.072
2409.5,108.172,88.762,137.557,109.031,105.754,133.438,141.141,132.444,132.072
2409.6,108.172,88.832,137.557,109.031,105.754,133.475,141.109,132.444,132.109
2409.7,108.172,88.832,137.557,109.031,105.866,133.438,141.141,132.444,132.072
2409.8,108.172,88.832,137.489,109.138,105.866,133.438,141.141,132.519,132.109
2409.9,108.118,88.901,137.591,109.031,105.866,133.475,141.173,132.407,132.109
2410.0,108.118,88.762,137.557,109.085,105.922,133.438,141.109,132.444,131.997
2410.1,108.172,88.901,137.557,108.978,105.922,133.475,141.109,132.407,132.147
2410.2,108.118,88.971,137.659,109.031,106.033,133.475,141.141,132.444,132.072
2410.3,108.172,88.901,137.591,109.085,105.977,133.475,141.141,132.407,132.072
2410.4,108.226,88.971,137.591,109.085,105.977,133.438,141.141,132.444,132.109
2410.5,108.28,88.971,137.625,109.085,106.033,133.475,141.141,132.444,132.072
2410.6,108.28,89.041,137.591,109.191,106.033,133.475,141.173,132.482,132.072
2410.7,108.226,89.041,137.557,109.031,106.089,133.475,141.109,132.444,132.072
2410.8,108.172,89.041,137.591,109.031,106.033,133.511,141.141,132.482,132.109
2410.9,108.28,88.901,137.557,109.138,106.033,133.475,141.268,132.519,132.072
2411.0,108.226,89.041,137.625,109.138,106.089,133.475,141.204,132.444,132.072
2411.1,108.226,89.11,137.591,109.138,106.089,133.438,141.141,132.37,132.109
2411.2,108.28,89.11,137.625,109.138,106.2,133.511,141.141,132.444,132.109
2411.3,108.28,89.11,137.591,109.085,106.089,133.475,141.173,132.482,132.147
2411.4,108.118,89.041,137.557,109.138,106.144,133.438,141.173,132.444,132.147
2411.5,108.226,89.041,137.591,109.085,106.2,133.438,141.141,132.444,132.109
2411.6,108.334,89.11,137.591,109.138,106.255,133.475,141.141,132.519,132.296
2411.7,108.28,89.11,137.591,109.138,106.366,133.475,141.173,132.482,132.072
2411.8,108.28,89.18,137.557,109.191,106.311,133.511,141.173,132.444,132.147
2411.9,108.172,89.18,137.591,109.244,106.311,133.62,141.141,132.519,132.109
2412.0,108.226,89.18,137.591,109.191,106.422,133.475,141.109,132.519,132.109
2412.1,108.334,89.249,137.659,109.244,106.311,133.475,141.173,132.519,132.147
2412.2,108.28,89.249,137.557,109.138,106.366,133.438,141.173,132.519,132.147
2412.3,108.388,89.249,137.591,109.191,106.422,133.475,141.141,132.519,132.109
2412.4,108.28,89.249,137.557,109.191,106.366,133.475,141.236,132.519,132.109
2412.5,108.334,89.319,137.557,109.191,106.422,133.475,141.141,132.482,132.184
2412.6,108.28,89.319,137.557,109.244,106.532,133.475,141.141,132.593,132.221
2412.7,108.334,89.388,137.591,109.244,106.588,133.475,141.173,132.482,132.184
2412.8,108.388,89.319,137.557,109.244,106.588,133.475,141.173,132.519,132.147
2412.9,108.334,89.388,137.591,109.298,106.588,133.548,141.204,132.519,132.184
2413.0,108.388,89.457,137.523,109.298,106.588,133.438,141.173,132.556,132.184
2413.1,108.334,89.457,137.523,109.298,106.643,133.511,141.173,132.482,132.184
2413.2,108.334,89.526,137.591,109.298,106.643,133.475,141.173,132.519,132.184
2413.3,108.388,89.526,137.557,109.351,106.698,133.511,141.141,132.519,132.147
2413.4,108.388,89.526,137.625,109.351,106.698,133.475,141.173,132.519,132.184
2413.5,108.388,89.457,137.591,109.351,106.753,133.475,141.173,132.519,132.147
2413.6,108.388,89.526,137.557,109.351,106.698,133.511,141.141,132.519,132.184
2413.7,108.388,89.526,137.557,109.298,106.808,133.511,141.173,132.63,132.221
2413.8,108.442,89.526,137.659,109.298,106.808,133.475,141.173,132.519,132.184
2413.9,108.388,89.596,137.591,109.351,106.808,133.511,141.173,132.556,132.184
2414.0,108.388,89.526,137.591,109.457,106.808,133.475,141.173,132.556,132.296
2414.1,108.442,89.526,137.591,109.351,106.863,133.548,141.141,132.556,132.184
2414.2,108.442,89.526,137.591,109.404,106.863,133.511,141.173,132.519,132.184
2414.3,108.442,89.596,137.557,109.457,106.863,133.548,141.141,132.556,132.333
2414.4,108.442,89.665,137.591,109.404,106.918,133.511,141.236,132.482,132.259
2414.5,108.442,89.665,137.557,109.457,106.918,133.475,141.141,132.556,132.221
2414.6,108.388,89.734,137.625,109.457,106.918,133.548,141.173,132.593,132.147
2414.7,108.495,89.734,137.557,109.404,106.863,133.548,141.173,132.593,132.259
2414.8,108.442,89.734,137.591,109.457,106.973,133.475,141.141,132.519,132.221
2414.9,108.495,89.734,137.625,109.457,107.028,133.584,141.141,132.556,132.259
2415.0,108.495,89.734,137.591,109.404,107.028,133.511,141.173,132.556,132.184
2415.1,108.495,89.803,137.693,109.351,107.028,133.475,141.173,132.556,132.221
2415.2,108.495,89.803,137.557,109.457,107.083,133.548,141.109,132.556,132.184
2415.3,108.495,89.803,137.625,109.51,107.083,133.511,141.204,132.444,132.259
2415.4,108.495,89.803,137.659,109.457,106.973,133.548,141.204,132.556,132.221
2415.5,108.495,89.94,137.625,109.51,107.083,133.548,141.204,132.556,132.184
2415.6,108.495,89.871,137.557,109.51,107.138,133.511,141.141,132.593,132.221
2415.7,108.495,89.871,137.591,109.51,107.138,133.548,141.173,132.593,132.259
2415.8,108.549,89.803,137.591,109.457,107.138,133.511,141.173,132.556,132.221
2415.9,108.495,90.009,137.625,109.51,107.193,133.511,141.173,132.519,132.221
2416.0,108.549,89.94,137.591,109.563,107.138,133.548,141.141,132.556,132.221
2416.1,108.603,89.871,137.591,109.51,107.302,133.511,141.173,132.556,132.259
2416.2,108.549,89.94,137.625,109.51,107.247,133.548,141.173,132.593,132.259
2416.3,108.549,89.94,137.591,109.563,107.247,133.548,141.173,132.593,132.221
2416.4,108.549,89.94,137.591,109.563,107.302,133.511,141.173,132.556,132.221
2416.5,108.603,90.009,137.625,109.563,107.411,133.475,141.204,132.593,132.296
2416.6,108.495,89.94,137.557,109.669,107.247,133.548,141.173,132.593,132.221
2416.7,108.603,90.009,137.625,109.51,107.193,133.475,141.109,132.556,132.259
2416.8,108.549,90.009,137.591,109.616,107.357,133.511,141.173,132.593,132.259
2416.9,108.549,90.078,137.557,109.563,107.411,133.548,141.173,132.593,132.221
2417.0,108.549,90.146,137.591,109.616,107.411,133.511,141.141,132.593,132.259
2417.1,108.71,90.146,137.591,109.616,107.411,133.548,141.141,132.63,132.296
2417.2,108.657,90.078,137.591,109.669,107.466,133.511,141.173,132.63,132.259
2417.3,108.603,90.078,137.625,109.563,107.466,133.548,141.173,132.556,132.259
2417.4,108.603,90.146,137.625,109.563,107.521,133.548,141.141,132.593,132.221
2417.5,108.657,90.146,137.557,109.669,107.521,133.548,141.173,132.63,132.184
2417.6,108.603,90.215,137.591,109.616,107.575,133.548,141.236,132.63,132.259
2417.7,108.603,90.215,137.625,109.616,107.63,133.511,141.141,132.593,132.296
2417.8,108.657,90.215,137.625,109.616,107.575,133.511,141.173,132.63,132.259
2417.9,108.603,90.215,137.557,109.669,107.575,133.511,141.204,132.593,132.333
2418.0,108.657,90.284,137.625,109.669,107.63,133.438,141.173,132.593,132.259
2418.1,108.603,90.284,137.591,109.616,107.63,133.511,141.236,132.519,132.259
2418.2,108.764,90.284,137.591,109.722,107.63,133.548,141.204,132.63,132.259
2418.3,108.71,90.284,137.557,109.669,107.684,133.548,141.141,132.593,132.37
2418.4,108.71,90.352,137.591,109.775,107.684,133.548,141.173,132.63,132.296
2418.5,108.657,90.284,137.591,109.722,107.793,133.548,141.173,132.593,132.296
2418.6,108.657,90.352,137.591,109.775,107.738,133.548,141.173,132.63,132.221
2418.7,108.657,90.421,137.659,109.775,107.793,133.584,141.204,132.556,132.296
2418.8,108.71,90.421,137.659,109.722,107.793,133.62,141.173,132.667,132.296
2418.9,108.71,90.421,137.625,109.775,107.793,133.548,141.204,132.593,132.333
2419.0,108.764,90.421,137.591,109.669,107.793,133.584,141.173,132.667,132.259
2419.1,108.764,90.421,137.625,109.775,107.847,133.584,141.173,132.667,132.296
2419.2,108.71,90.421,137.591,109.775,107.847,133.548,141.204,132.593,132.333
2419.3,108.817,90.421,137.591,109.775,107.901,133.548,141.236,132.63,132.259
2419.4,108.764,90.489,137.693,109.775,107.901,133.548,141.236,132.593,132.296
2419.5,108.764,90.421,137.591,109.775,107.955,133.548,141.141,132.63,132.296
2419.6,108.764,90.489,137.591,109.775,107.955,133.584,141.141,132.63,132.333
2419.7,108.764,90.626,137.727,109.827,107.901,133.548,141.204,132.593,132.333
2419.8,108.764,90.557,137.625,109.775,107.955,133.548,141.173,132.63,132.296
2419.9,108.71,90.557,137.625,109.827,107.955,133.548,141.173,132.63,132.296
2420.0,108.764,90.557,137.591,109.827,108.064,133.548,141.141,132.63,132.259
2420.1,108.817,90.557,137.625,109.933,108.01,133.548,141.204,132.667,132.333
2420.2,108.764,90.557,137.591,109.88,108.064,133.584,141.173,132.667,132.333
2420.3,108.817,90.626,137.659,109.88,108.118,133.548,141.173,132.667,132.296
2420.4,108.764,90.762,137.591,109.827,108.118,133.548,141.173,132.667,132.333
2420.5,108.764,90.694,137.591,109.88,108.064,133.548,141.141,132.667,132.333
2420.6,108.817,90.626,137.591,109.88,108.064,133.548,141.173,132.667,132.296
2420.7,108.817,90.557,137.557,109.88,108.172,133.548,141.173,132.667,132.296
2420.8,108.764,90.762,137.591,109.88,108.172,133.548,141.204,132.63,132.296
2420.9,108.817,90.762,137.625,109.827,108.226,133.548,141.173,132.63,132.296
2421.0,108.817,90.694,137.591,109.88,108.28,133.548,141.141,132.667,132.37
2421.1,108.924,90.694,137.591,109.827,108.172,133.584,141.173,132.63,132.296
2421.2,108.817,90.626,137.591,109.933,108.226,133.584,141.141,132.704,132.407
2421.3,108.817,90.762,137.591,109.933,108.226,133.62,141.173,132.667,132.37
2421.4,108.817,90.762,137.625,109.88,108.226,133.584,141.173,132.667,132.296
2421.5,108.871,90.762,137.591,109.933,108.28,133.548,141.204,132.741,132.333
2421.6,108.817,90.762,137.659,109.933,108.334,133.584,141.141,132.704,132.333
2421.7,108.817,90.83,137.591,109.933,108.334,133.584,141.173,132.667,132.407
2421.8,108.924,90.898,137.625,109.985,108.28,133.584,141.3,132.741,132.37
2421.9,108.871,90.83,137.591,109.985,108.495,133.584,141.173,132.667,132.407
2422.0,108.871,90.83,137.591,109.985,108.388,133.548,141.173,132.667,132.407
2422.1,108.871,90.898,137.625,109.985,108.549,133.657,141.204,132.667,132.333
2422.2,108.924,90.898,137.625,109.985,108.388,133.584,141.173,132.667,132.296
2422.3,108.924,90.966,137.625,109.985,108.442,133.584,141.204,132.667,132.37
2422.4,108.978,90.966,137.659,109.985,108.495,133.548,141.173,132.741,132.37
2422.5,108.871,91.034,137.625,110.038,108.495,133.584,141.173,132.704,132.37
2422.6,108.924,90.966,137.625,109.985,108.603,133.548,141.236,132.667,132.37
2422.7,108.871,91.034,137.625,109.985,108.549,133.548,141.173,132.704,132.37
2422.8,108.924,91.034,137.625,110.091,108.495,133.62,141.173,132.667,132.296
2422.9,108.924,91.102,137.625,110.038,108.603,133.584,141.141,132.667,132.407
2423.0,108.871,91.102,137.625,110.038,108.603,133.62,141.173,132.704,132.333
2423.1,108.978,91.169,137.557,110.091,108.657,133.584,141.173,132.741,132.407
2423.2,108.924,91.102,137.625,110.143,108.71,133.584,141.173,132.667,132.37
2423.3,108.978,91.237,137.591,110.091,108.71,133.584,141.109,132.704,132.37
2423.4,108.978,91.237,137.625,110.091,108.71,133.584,141.173,132.704,132.407
2423.5,108.924,91.305,137.625,110.091,108.764,133.62,141.173,132.704,132.37
2423.6,109.031,91.237,137.693,110.091,108.764,133.584,141.173,132.704,132.407
2423.7,108.978,91.237,137.625,110.091,108.817,133.62,141.173,132.704,132.407
2423.8,109.031,91.305,137.591,110.091,108.817,133.657,141.173,132.704,132.407
2423.9,108.978,91.305,137.625,110.091,108.871,133.62,141.204,132.741,132.407
2424.0,108.978,91.305,137.625,110.143,108.924,133.584,141.204,132.741,132.37
2424.1,109.031,91.44,137.625,110.143,108.924,133.584,141.173,132.741,132.444
2424.2,109.031,91.372,137.659,110.143,108.871,133.62,141.141,132.741,132.37
2424.3,109.031,91.305,137.591,110.143,108.978,133.62,141.173,132.778,132.444
2424.4,109.031,91.44,137.625,110.196,109.031,133.693,141.204,132.778,132.37
2424.5,109.085,91.508,137.591,110.196,109.085,133.62,141.173,132.704,132.482
2424.6,109.085,91.575,137.625,110.196,109.085,133.584,141.173,132.741,132.407
2424.7,109.085,91.508,137.659,110.196,109.138,133.584,141.173,132.741,132.407
2424.8,109.031,91.575,137.693,110.196,109.085,133.62,141.173,132.741,132.444
2424.9,109.031,91.575,137.625,110.196,109.191,133.62,141.141,132.778,132.407
2425.0,109.031,91.575,137.625,110.301,109.191,133.62,141.173,132.741,132.37
2425.1,109.085,91.642,137.591,110.248,109.191,133.657,141.204,132.741,132.444
2425.2,109.138,91.642,137.625,110.301,109.298,133.693,141.173,132.741,132.444
2425.3,109.085,91.642,137.625,110.248,109.191,133.62,141.173,132.741,132.482
2425.4,109.138,91.71,137.693,110.248,109.351,133.657,141.141,132.778,132.407
2425.5,109.138,91.71,137.625,110.301,109.138,133.62,141.173,132.778,132.407
2425.6,109.138,91.642,137.659,110.353,109.298,133.657,141.141,132.778,132.482
2425.7,109.138,91.71,137.625,110.353,109.244,133.62,141.204,132.704,132.444
2425.8,109.138,91.777,137.625,110.301,109.298,133.548,141.173,132.741,132.482
2425.9,109.191,91.71,137.625,110.301,109.351,133.657,141.173,132.741,132.444
2426.0,109.191,91.71,137.625,110.301,109.404,133.657,141.173,132.704,132.556
2426.1,109.138,91.777,137.591,110.248,109.351,133.62,141.204,132.778,132.444
2426.2,109.138,91.844,137.625,110.353,109.457,133.62,141.173,132.741,132.444
2426.3,109.191,91.844,137.591,110.301,109.404,133.62,141.173,132.741,132.37
2426.4,109.138,91.777,137.625,110.301,109.457,133.62,141.204,132.814,132.407
2426.5,109.138,91.978,137.659,110.353,109.457,133.62,141.173,132.778,132.444
2426.6,109.138,91.911,137.591,110.353,109.563,133.62,141.141,132.814,132.444
2426.7,109.138,91.844,137.625,110.405,109.51,133.62,141.173,132.778,132.482
2426.8,109.138,91.911,137.625,110.405,109.404,133.657,141.173,132.778,132.444
2426.9,109.191,91.911,137.591,110.353,109.669,133.62,141.173,132.741,132.444
2427.0,109.191,91.978,137.625,110.405,109.616,133.62,141.141,132.741,132.444
2427.1,109.191,91.978,137.625,110.301,109.669,133.62,141.204,132.778,132.482
2427.2,109.244,91.978,137.625,110.405,109.669,133.62,141.204,132.851,132.444
2427.3,109.138,91.978,137.591,110.405,109.722,133.657,141.268,132.778,132.407
2427.4,109.244,92.045,137.625,110.458,109.722,133.657,141.141,132.778,132.444
2427.5,109.244,92.045,137.659,110.405,109.722,133.62,141.173,132.814,132.482
2427.6,109.244,92.112,137.659,110.458,109.775,133.657,141.173,132.778,132.63
2427.7,109.244,92.045,137.625,110.458,109.827,133.62,141.204,132.778,132.519
2427.8,109.298,92.112,137.693,110.458,109.827,133.657,141.173,132.814,132.444
2427.9,109.298,92.179,137.625,110.458,109.88,133.62,141.173,132.814,132.482
2428.0,109.244,92.179,137.625,110.458,109.88,133.657,141.173,132.778,132.519
2428.1,109.351,92.112,137.625,110.562,109.827,133.62,141.204,132.814,132.444
2428.2,109.298,92.179,137.693,110.458,109.827,133.729,141.204,132.851,132.556
2428.3,109.298,92.112,137.591,110.458,109.88,133.657,141.204,132.814,132.482
2428.4,109.298,92.179,137.625,110.51,109.985,133.657,141.173,132.814,132.482
2428.5,109.351,92.246,137.727,110.51,109.985,133.657,141.141,132.814,132.482
2428.6,109.351,92.246,137.659,110.51,109.933,133.693,141.173,132.851,132.519
2428.7,109.351,92.246,137.625,110.562,109.985,133.62,141.204,132.851,132.519
2428.8,109.351,92.313,137.727,110.562,109.933,133.657,141.173,132.814,132.482
2428.9,109.298,92.38,137.659,110.51,109.985,133.693,141.173,132.814,132.519
2429.0,109.298,92.313,137.625,110.615,110.038,133.657,141.173,132.851,132.519
2429.1,109.351,92.447,137.591,110.562,110.038,133.657,141.204,132.814,132.519
2429.2,109.298,92.38,137.659,110.51,110.091,133.657,141.173,132.851,132.482
2429.3,109.298,92.38,137.659,110.562,110.196,133.657,141.141,132.814,132.519
2429.4,109.298,92.38,137.659,110.562,110.143,133.657,141.109,132.814,132.556
2429.5,109.404,92.38,137.625,110.562,110.143,133.729,141.173,132.851,132.519
2429.6,109.298,92.447,137.659,110.667,110.143,133.657,141.204,132.814,132.519
2429.7,109.298,92.447,137.625,110.667,110.196,133.693,141.173,132.814,132.482
2429.8,109.351,92.447,137.659,110.562,110.143,133.657,141.204,132.888,132.593
2429.9,109.351,92.38,137.659,110.562,110.196,133.657,141.204,132.962,132.444
2430.0,109.351,92.447,137.625,110.667,110.196,133.693,141.077,132.814,132.519
2430.1,109.404,92.447,137.659,110.615,110.196,133.657,141.173,132.814,132.556
2430.2,109.404,92.58,137.557,110.615,110.248,133.693,141.173,132.851,132.519
2430.3,109.404,92.38,137.659,110.615,110.248,133.693,141.173,132.851,132.556
2430.4,109.457,92.58,137.625,110.615,110.301,133.693,141.204,132.851,132.519
2430.5,109.404,92.58,137.625,110.667,110.353,133.693,141.204,132.851,132.556
2430.6,109.457,92.646,137.659,110.667,110.143,133.729,141.173,132.888,132.519
2430.7,109.457,92.646,137.625,110.719,110.248,133.693,141.173,132.925,132.556
2430.8,109.404,92.646,137.659,110.667,110.405,133.693,141.173,132.851,132.519
2430.9,109.51,92.646,137.625,110.719,110.458,133.693,141.173,132.778,132.556
2431.0,109.404,92.779,137.659,110.771,110.51,133.657,141.204,132.851,132.556
2431.1,109.457,92.846,137.659,110.719,110.51,133.693,141.204,132.851,132.556
2431.2,109.457,92.779,137.625,110.719,110.562,133.729,141.204,132.851,132.63
2431.3,109.457,92.779,137.727,110.771,110.562,133.657,141.173,132.851,132.556
2431.4,109.457,92.912,137.591,110.823,110.51,133.693,141.173,132.851,132.556
2431.5,109.51,92.779,137.625,110.719,110.562,133.657,141.173,132.888,132.556
2431.6,109.51,92.846,137.693,110.719,110.51,133.693,141.173,132.851,132.593
2431.7,109.563,92.713,137.625,110.771,110.562,133.729,141.141,132.888,132.593
2431.8,109.51,92.846,137.625,110.771,110.667,133.693,141.173,132.925,132.556
2431.9,109.51,92.978,137.659,110.771,110.615,133.693,141.173,132.888,132.556
2432.0,109.51,92.912,137.625,110.771,110.615,133.693,141.173,132.851,132.556
2432.1,109.457,92.912,137.659,110.771,110.562,133.693,141.204,132.888,132.593
2432.2,109.51,92.978,137.659,110.823,110.562,133.693,141.173,132.888,132.556
2432.3,109.563,92.912,137.659,110.823,110.719,133.693,141.236,132.851,132.593
2432.4,109.51,92.978,137.659,110.823,110.719,133.693,141.173,132.851,132.556
2432.5,109.563,93.044,137.659,110.875,110.771,133.693,141.141,132.925,132.593
2432.6,109.563,92.978,137.659,110.823,110.771,133.729,141.173,132.851,132.63
2432.7,109.563,92.912,137.659,110.875,110.771,133.657,141.173,132.925,132.556
2432.8,109.563,93.044,137.659,110.823,110.771,133.693,141.173,132.888,132.593
2432.9,109.669,93.11,137.659,110.875,110.875,133.693,141.204,132.888,132.556
2433.0,109.616,93.11,137.659,110.875,110.979,133.766,141.204,132.888,132.593
2433.1,109.563,93.11,137.625,110.823,110.927,133.729,141.173,132.962,132.593
2433.2,109.616,93.177,137.659,110.875,110.979,133.693,141.173,132.888,132.593
2433.3,109.616,93.177,137.693,110.875,110.979,133.729,141.173,132.925,132.593
2433.4,109.563,93.243,137.659,110.927,110.979,133.729,141.141,132.888,132.63
2433.5,109.616,93.243,137.659,110.875,110.979,133.693,141.173,132.999,132.593
2433.6,109.616,93.243,137.693,110.875,111.031,133.693,141.236,132.925,132.63
2433.7,109.669,93.309,137.659,110.979,111.083,133.693,141.204,132.888,132.63
2433.8,109.563,93.243,137.693,110.979,111.134,133.693,141.204,132.925,132.63
2433.9,109.616,93.243,137.625,110.927,111.083,133.802,141.141,132.962,132.593
2434.0,109.669,93.309,137.659,110.927,111.083,133.693,141.173,132.925,132.63
2434.1,109.616,93.309,137.659,110.979,111.238,133.693,141.109,132.925,132.63
2434.2,109.933,93.374,137.659,110.979,111.083,133.693,141.204,132.851,132.63
2434.3,109.669,93.309,137.693,110.979,111.186,133.729,141.236,132.925,132.63
2434.4,109.669,93.309,137.659,110.979,111.134,133.693,141.173,132.925,132.593
2434.5,109.669,93.44,137.659,110.927,111.238,133.766,141.204,133.035,132.63
2434.6,109.669,93.44,137.693,110.979,111.29,133.766,141.204,132.962,132.593
2434.7,109.722,93.44,137.693,111.083,111.238,133.729,141.236,132.925,132.63
2434.8,109.722,93.44,137.659,111.031,111.238,133.693,141.173,132.925,132.593
2434.9,109.775,93.44,137.659,111.031,111.238,133.693,141.204,132.925,132.667
2435.0,109.722,93.506,137.557,110.979,111.341,133.729,141.173,132.888,132.63
2435.1,109.669,93.572,137.625,111.031,111.393,133.693,141.204,132.925,132.63
2435.2,109.669,93.506,137.693,111.031,111.29,133.766,141.173,132.888,132.63
2435.3,109.775,93.572,137.659,111.031,111.341,133.693,141.173,132.925,132.593
2435.4,109.775,93.44,137.659,111.083,111.238,133.729,141.173,132.999,132.667
2435.5,109.827,93.572,137.659,111.031,111.393,133.62,141.173,132.925,132.63
2435.6,109.722,93.638,137.659,111.083,111.393,133.802,141.141,132.925,132.667
2435.7,109.722,93.638,137.659,111.031,111.444,133.729,141.173,132.888,132.63
2435.8,109.722,93.572,137.659,111.031,111.496,133.766,141.173,132.925,132.667
2435.9,109.722,93.572,137.659,111.083,111.444,133.729,141.204,132.925,132.667
2436.0,109.616,93.638,137.761,111.083,111.444,133.729,141.204,132.962,132.667
2436.1,109.827,93.703,137.659,111.134,111.444,133.729,141.141,132.962,132.667
2436.2,109.775,93.703,137.727,111.083,111.548,133.729,141.204,132.925,132.63
2436.3,109.775,93.703,137.659,111.083,111.496,133.729,141.204,132.999,132.667
2436.4,109.722,93.703,137.693,111.083,111.548,133.729,141.204,132.999,132.63
2436.5,109.775,93.703,137.693,111.083,111.548,133.729,141.236,132.962,132.667
2436.6,109.775,93.638,137.659,111.134,111.548,133.766,141.204,132.962,132.704
2436.7,109.775,93.703,137.659,111.083,111.548,133.729,141.204,132.962,132.704
2436.8,109.775,93.834,137.693,111.083,111.65,133.729,141.173,132.962,132.63
2436.9,109.775,93.769,137.693,111.134,111.548,133.693,141.173,132.999,132.667
2437.0,109.827,93.769,137.659,111.083,111.65,133.766,141.173,132.962,132.667
2437.1,109.775,93.769,137.625,111.186,111.65,133.729,141.204,132.888,132.667
2437.2,109.775,93.834,137.693,111.083,111.548,133.729,141.204,132.962,132.667
2437.3,109.775,93.769,137.727,111.238,111.65,133.802,141.236,132.962,132.667
2437.4,109.827,93.9,137.693,111.186,111.702,133.802,141.173,132.962,132.741
2437.5,109.775,93.834,137.659,111.186,111.702,133.729,141.173,132.962,132.667
2437.6,109.827,93.9,137.625,111.186,111.753,133.766,141.173,132.925,132.63
2437.7,109.88,93.9,137.625,111.186,111.702,133.766,141.173,132.962,132.667
2437.8,109.775,93.9,137.659,111.238,111.753,133.766,141.236,132.999,132.667
2437.9,109.88,93.9,137.693,111.186,111.753,133.729,141.173,132.962,132.741
2438.0,109.827,93.965,137.659,111.186,111.753,133.766,141.109,132.962,132.667
2438.1,109.775,94.031,137.693,111.134,111.753,133.729,141.173,132.999,132.704
2438.2,109.827,93.965,137.625,111.186,111.805,133.766,141.173,132.962,132.704
2438.3,109.88,93.965,137.659,111.186,111.856,133.766,141.173,132.999,132.704
2438.4,109.827,93.965,137.727,111.238,111.856,133.766,141.204,132.888,132.667
2438.5,109.827,94.031,137.693,111.186,111.805,133.766,141.141,132.999,132.667
2438.6,109.88,94.031,137.693,111.238,111.856,133.766,141.236,132.999,132.741
2438.7,109.88,94.031,137.693,111.238,111.856,133.802,141.173,132.999,132.704
2438.8,109.88,94.096,137.727,111.186,111.907,133.729,141.204,132.999,132.704
2438.9,109.775,94.031,137.727,111.238,111.856,133.766,141.204,133.035,132.667
2439.0,109.88,94.096,137.693,111.238,111.958,133.766,141.204,132.999,132.667
2439.1,109.827,94.096,137.659,111.29,111.907,133.729,141.173,132.999,132.63
2439.2,109.88,94.096,137.659,111.238,111.907,133.693,141.173,132.999,132.704
2439.3,109.88,94.161,137.693,111.238,111.958,133.729,141.173,132.999,132.667
2439.4,109.88,94.096,137.693,111.238,112.009,133.729,141.204,132.999,132.704
2439.5,109.88,94.161,137.693,111.238,112.009,133.766,141.236,132.999,132.704
2439.6,109.88,94.226,137.693,111.29,112.009,133.766,141.236,132.962,132.704
2439.7,109.985,94.161,137.659,111.29,112.009,133.766,141.236,133.035,132.704
2439.8,109.933,94.226,137.659,111.29,112.061,133.729,141.204,133.035,132.704
2439.9,109.88,94.161,137.727,111.341,112.112,133.693,141.173,132.962,132.704
2440.0,109.933,94.226,137.693,111.29,112.112,133.766,141.204,132.999,132.704
2440.1,109.933,94.226,137.693,111.341,112.112,133.802,141.173,133.035,132.704
2440.2,109.88,94.357,137.659,111.29,112.163,133.766,141.204,133.035,132.704
2440.3,109.933,94.292,137.659,111.341,112.163,133.766,141.173,132.999,132.741
2440.4,109.88,94.357,137.659,111.29,112.163,133.729,141.204,132.999,132.741
2440.5,109.985,94.357,137.693,111.341,112.214,133.802,141.204,133.072,132.704
2440.6,109.933,94.357,137.659,111.341,112.214,133.766,141.173,133.035,132.741
2440.7,109.985,94.422,137.693,111.341,112.163,133.766,141.204,133.035,132.704
2440.8,109.933,94.487,137.693,111.341,112.214,133.766,141.173,133.035,132.778
2440.9,109.933,94.422,137.794,111.238,112.316,133.766,141.173,132.999,132.741
2441.0,109.985,94.357,137.659,111.341,112.316,133.729,141.268,132.999,132.741
2441.1,110.038,94.487,137.659,111.393,112.265,133.729,141.173,133.035,132.704
2441.2,109.933,94.487,137.727,111.341,112.265,133.766,141.173,133.035,132.741
2441.3,109.985,94.487,137.659,111.444,112.316,133.766,141.173,133.035,132.778
2441.4,109.985,94.487,137.625,111.393,112.316,133.766,141.204,133.035,132.778
2441.5,109.985,94.552,137.693,111.341,112.316,133.766,141.173,133.109,132.741
2441.6,109.985,94.552,137.693,111.393,112.468,133.766,141.204,133.035,132.741
2441.7,110.091,94.552,137.625,111.393,112.417,133.947,141.173,133.072,132.778
2441.8,109.985,94.617,137.693,111.599,112.417,133.802,141.173,133.035,132.741
2441.9,110.038,94.552,137.693,111.393,112.417,133.766,141.173,133.035,132.814
2442.0,110.038,94.617,137.693,111.444,112.519,133.766,141.204,133.072,132.741
2442.1,110.038,94.617,137.625,111.444,112.519,133.802,141.173,133.035,132.741
2442.2,110.038,94.617,137.727,111.393,112.519,133.766,141.173,133.109,132.778
2442.3,110.038,94.681,137.693,111.496,112.519,133.802,141.173,133.035,132.778
2442.4,110.038,94.681,137.693,111.496,112.57,133.766,141.204,133.072,132.741
2442.5,110.091,94.681,137.659,111.496,112.57,133.766,141.173,133.109,132.814
2442.6,110.038,94.746,137.693,111.548,112.57,133.766,141.236,133.072,132.778
2442.7,110.038,94.746,137.693,111.496,112.57,133.802,141.236,133.072,132.778
2442.8,110.091,94.746,137.693,111.496,112.57,133.802,141.173,133.035,132.778
2442.9,110.091,94.811,137.761,111.444,112.57,133.802,141.268,133.035,132.741
2443.0,110.143,94.811,137.659,111.444,112.57,133.802,141.204,133.072,132.814
2443.1,110.143,94.876,137.693,111.548,112.671,133.802,141.204,133.035,132.778
2443.2,110.091,94.746,137.693,111.548,112.671,133.802,141.173,133.072,132.778
2443.3,109.985,94.876,137.625,111.548,112.873,133.802,141.236,133.072,132.778
2443.4,110.143,94.811,137.659,111.599,112.671,133.802,141.204,133.035,132.851
2443.5,110.038,94.876,137.693,111.548,112.722,133.802,141.204,133.109,132.778
2443.6,110.091,94.811,137.693,111.548,112.772,133.802,141.236,133.072,132.814
2443.7,110.143,94.94,137.659,111.496,112.722,133.802,141.173,133.072,132.778
2443.8,110.143,94.876,137.693,111.65,112.722,133.802,141.268,133.035,132.741
2443.9,110.091,94.876,137.693,111.702,112.772,133.766,141.173,133.146,132.778
2444.0,110.143,94.94,137.659,111.548,112.772,133.802,141.204,133.072,132.741
2444.1,110.091,94.94,137.659,111.548,112.823,133.802,141.204,133.072,132.778
2444.2,110.143,94.94,137.693,111.548,112.924,133.802,141.204,133.035,132.814
2444.3,110.143,95.005,137.693,111.65,112.823,133.802,141.173,133.072,132.814
2444.4,110.143,95.005,137.727,111.599,112.974,133.802,141.173,133.035,132.814
2444.5,110.143,95.005,137.659,111.548,112.873,133.766,141.268,133.072,132.778
2444.6,110.196,95.005,137.693,111.599,112.873,133.802,141.173,133.072,132.814
2444.7,110.196,95.005,137.727,111.599,112.873,133.802,141.204,133.109,132.814
2444.8,110.196,95.005,137.727,111.599,112.974,133.802,141.173,133.035,132.778
2444.9,110.248,95.069,137.693,111.599,112.924,133.766,141.204,133.072,132.814
2445.0,110.143,95.005,137.693,111.702,112.924,133.802,141.204,133.109,132.814
2445.1,110.196,95.069,137.693,111.599,112.924,133.802,141.204,133.109,132.814
2445.2,110.143,95.069,137.659,111.599,112.924,133.802,141.141,133.146,132.851
2445.3,110.143,95.069,137.693,111.599,113.025,133.802,141.173,133.146,132.814
2445.4,110.196,95.198,137.693,111.599,113.025,133.802,141.204,133.109,132.814
2445.5,110.196,95.198,137.693,111.65,112.974,133.802,141.173,133.072,132.778
2445.6,110.301,95.134,137.659,111.65,113.025,133.802,141.173,133.109,132.851
2445.7,110.196,95.198,137.659,111.702,113.025,133.802,141.173,133.109,132.814
2445.8,110.248,95.134,137.693,111.702,113.125,133.766,141.268,133.182,132.851
2445.9,110.248,95.134,137.727,111.65,113.075,133.802,141.204,133.072,132.851
2446.0,110.248,95.327,137.693,111.599,113.075,133.838,141.109,133.109,132.814
2446.1,110.248,95.262,137.659,111.65,113.075,133.802,141.141,133.072,132.851
2446.2,110.248,95.198,137.693,111.65,113.075,133.838,141.173,133.109,132.851
2446.3,110.196,95.262,137.693,111.65,113.125,133.766,141.236,133.146,132.814
2446.4,110.248,95.327,137.693,111.65,113.125,133.802,141.204,133.146,132.778
2446.5,110.248,95.262,137.693,111.599,113.226,133.802,141.204,133.072,132.851
2446.6,110.301,95.327,137.693,111.65,113.176,133.838,141.268,133.109,132.888
2446.7,110.196,95.262,137.727,111.702,113.075,133.838,141.204,133.109,132.851
2446.8,110.301,95.327,137.761,111.702,113.176,133.838,141.204,133.109,132.814
2446.9,110.248,95.327,137.659,111.702,113.176,133.838,141.141,133.109,132.814
2447.0,110.248,95.327,137.659,111.753,113.226,133.729,141.236,133.072,132.888
2447.1,110.301,95.391,137.659,111.753,113.226,133.838,141.236,133.109,132.851
2447.2,110.301,95.455,137.727,111.753,113.226,133.802,141.173,133.146,132.851
2447.3,110.248,95.455,137.659,111.702,113.276,133.802,141.236,133.109,132.888
2447.4,110.301,95.391,137.625,111.702,113.276,133.802,141.204,133.146,132.851
2447.5,110.248,95.391,137.761,111.702,113.326,133.838,141.173,133.146,132.851
2447.6,110.248,95.455,137.727,111.856,113.377,133.838,141.204,133.146,132.851
2447.7,110.405,95.519,137.693,111.753,113.377,133.838,141.204,133.182,132.851
2447.8,110.353,95.519,137.761,111.702,113.377,133.802,141.204,133.109,132.888
2447.9,110.301,95.519,137.727,111.753,113.377,133.838,141.204,133.146,132.814
2448.0,110.405,95.519,137.727,111.856,113.427,133.838,141.236,133.146,132.851
2448.1,110.353,95.647,137.794,111.753,113.427,133.838,141.236,133.109,132.851
2448.2,110.353,95.519,137.693,111.805,113.427,133.838,141.173,133.182,132.851
2448.3,110.301,95.519,137.761,111.805,113.427,133.838,141.236,133.109,132.851
2448.4,110.405,95.583,137.693,111.856,113.427,133.838,141.173,133.219,132.814
2448.5,110.353,95.647,137.727,111.856,113.477,133.838,141.173,133.109,132.925
2448.6,110.248,95.647,137.727,111.805,113.477,133.838,141.268,133.109,132.851
2448.7,110.405,95.583,137.727,111.805,113.527,133.874,141.173,133.146,132.888
2448.8,110.353,95.711,137.693,111.805,113.577,133.802,141.204,133.182,132.851
2448.9,110.353,95.711,137.693,111.753,113.527,133.838,141.204,133.146,132.888
2449.0,110.405,95.775,137.761,111.805,113.577,133.838,141.173,133.182,132.851
2449.1,110.301,95.775,137.693,111.856,113.527,133.874,141.173,133.109,132.962
2449.2,110.301,95.711,137.727,111.805,113.677,133.838,141.173,133.109,132.888
2449.3,110.353,95.775,137.727,111.856,113.677,133.838,141.173,133.146,132.888
2449.4,110.301,95.775,137.693,111.805,113.627,133.838,141.204,133.146,132.851
2449.5,110.353,95.775,137.693,111.856,113.627,133.838,141.204,133.146,132.888
2449.6,110.353,95.775,137.659,111.856,113.727,133.838,141.204,133.146,132.925
2449.7,110.353,95.839,137.693,111.856,113.677,133.838,141.236,133.146,132.888
2449.8,110.405,95.775,137.727,111.856,113.627,133.838,141.173,133.182,132.851
2449.9,110.458,95.839,137.693,111.856,113.677,133.838,141.236,133.146,132.888
2450.0,110.405,95.775,137.727,111.907,113.727,133.838,141.204,133.182,132.888
2450.1,110.405,95.903,137.761,111.805,113.727,133.838,141.204,133.146,132.888
2450.2,110.353,95.839,137.693,111.856,113.727,133.802,141.204,133.146,132.888
2450.3,110.405,95.839,137.727,111.958,113.876,133.838,141.204,133.182,132.925
2450.4,110.458,95.839,137.693,111.907,113.777,133.874,141.204,133.146,132.925
2450.5,110.458,95.967,137.693,111.856,113.777,133.838,141.204,133.182,132.888
2450.6,110.458,95.967,137.727,111.958,113.727,133.802,141.204,133.146,132.888
2450.7,110.458,95.967,137.727,111.907,113.826,133.838,141.236,133.146,132.888
2450.8,110.562,96.03,137.693,111.907,113.826,133.874,141.236,133.182,132.925
2450.9,110.458,95.967,137.693,112.009,113.976,133.874,141.268,133.182,132.925
2451.0,110.458,96.03,137.761,111.958,113.876,133.838,141.204,133.255,132.925
2451.1,110.405,96.094,137.693,111.907,113.926,133.838,141.204,133.219,132.888
2451.2,110.405,96.094,137.761,111.958,113.926,133.838,141.204,133.182,132.888
2451.3,110.458,96.094,137.693,112.009,113.976,133.838,141.236,133.219,132.962
2451.4,110.615,96.158,137.727,111.856,114.025,133.874,141.204,133.182,132.925
2451.5,110.562,96.158,137.693,111.958,114.025,133.838,141.204,133.219,132.962
2451.6,110.51,96.158,137.727,112.009,114.025,133.874,141.173,133.182,132.888
2451.7,110.458,96.158,137.761,112.061,114.075,133.874,141.204,133.255,132.962
2451.8,110.562,96.158,137.693,112.009,114.025,133.838,141.204,133.146,132.962
2451.9,110.562,96.221,137.794,112.009,113.976,133.874,141.204,133.219,132.925
2452.0,110.458,96.221,137.794,112.061,114.075,133.874,141.204,133.219,132.888
2452.1,110.51,96.285,137.727,112.009,114.125,133.838,141.173,133.219,132.962
2452.2,110.562,96.285,137.761,112.009,114.174,133.874,141.204,133.182,132.925
2452.3,110.51,96.285,137.727,112.061,114.174,133.874,141.204,133.182,132.925
2452.4,110.458,96.285,137.761,112.061,114.174,133.838,141.236,133.219,132.962
2452.5,110.562,96.285,137.693,112.061,114.224,133.874,141.173,133.182,132.962
2452.6,110.51,96.348,137.693,112.061,114.224,133.838,141.236,133.182,132.925
2452.7,110.615,96.411,137.761,112.061,114.224,133.911,141.204,133.255,132.962
2452.8,110.667,96.411,137.727,112.112,114.323,133.802,141.204,133.219,132.962
2452.9,110.562,96.285,137.761,112.061,114.323,133.947,141.204,133.219,132.962
2453.0,110.562,96.475,137.727,112.112,114.323,133.983,141.173,133.255,132.962
2453.1,110.615,96.411,137.727,112.061,114.273,133.838,141.236,133.182,132.962
2453.2,110.562,96.475,137.727,112.061,114.372,133.874,141.204,133.182,132.925
2453.3,110.562,96.475,137.693,112.061,114.372,133.838,141.268,133.219,132.999
2453.4,110.562,96.475,137.727,112.112,114.372,133.838,141.173,133.146,132.962
2453.5,110.615,96.538,137.761,112.112,114.224,133.874,141.236,133.219,132.925
2453.6,110.562,96.475,137.727,112.009,114.372,133.838,141.236,133.292,132.925
2453.7,110.615,96.475,137.794,112.061,114.323,133.874,141.204,133.219,132.999
2453.8,110.615,96.538,137.693,112.163,114.372,133.874,141.173,133.182,132.962
2453.9,110.562,96.538,137.727,112.061,114.372,133.838,141.204,133.182,132.925
2454.0,110.615,96.538,137.727,112.112,114.421,133.911,141.204,133.292,132.888
2454.1,110.615,96.664,137.727,112.112,114.372,133.838,141.204,133.255,132.999
2454.2,110.615,96.601,137.693,112.163,114.421,133.874,141.204,133.219,132.999
2454.3,110.615,96.601,137.727,112.112,114.471,133.874,141.236,133.219,132.962
2454.4,110.615,96.664,137.761,112.163,114.421,133.874,141.204,133.255,132.962
2454.5,110.667,96.664,137.693,112.214,114.52,133.838,141.236,133.219,132.962
2454.6,110.615,96.601,137.761,112.163,114.471,133.911,141.204,133.255,132.962
2454.7,110.615,96.664,137.761,112.112,114.52,133.874,141.236,133.219,132.962
2454.8,110.667,96.664,137.727,112.214,114.372,133.874,141.204,133.219,132.962
2454.9,110.667,96.728,137.727,112.214,114.421,133.947,141.204,133.255,132.999
2455.0,110.667,96.728,137.659,112.163,114.52,133.874,141.204,133.219,132.999
2455.1,110.615,96.728,137.727,112.214,114.569,133.911,141.236,133.182,132.999
2455.2,110.667,96.791,137.727,112.214,114.569,133.874,141.236,133.255,132.962
2455.3,110.823,96.791,137.761,112.214,114.52,133.874,141.236,133.255,132.999
2455.4,110.719,96.854,137.693,112.214,114.619,133.911,141.204,133.255,132.999
2455.5,110.667,96.854,137.659,112.163,114.569,133.874,141.236,133.219,132.999
2455.6,110.719,96.854,137.727,112.265,114.668,133.874,141.204,133.292,133.035
2455.7,110.771,96.854,137.727,112.214,114.668,133.911,141.173,133.255,132.999
2455.8,110.667,96.854,137.693,112.265,114.717,133.911,141.236,133.255,132.999
2455.9,110.719,96.917,137.761,112.214,114.717,133.838,141.173,133.255,132.999
2456.0,110.667,96.98,137.693,112.214,114.717,133.874,141.204,133.219,132.999
2456.1,110.667,96.917,137.727,112.265,114.766,133.911,141.204,133.255,132.999
2456.2,110.719,96.98,137.761,112.265,114.815,133.874,141.173,133.292,132.999
2456.3,110.719,96.98,137.693,112.214,114.766,133.874,141.204,133.255,132.999
2456.4,110.719,97.042,137.693,112.265,114.766,133.911,141.236,133.255,132.999
2456.5,110.771,97.042,137.727,112.316,114.864,133.874,141.204,133.292,133.035
2456.6,110.719,96.98,137.727,112.316,114.815,133.911,141.236,133.255,132.999
2456.7,110.719,97.042,137.761,112.316,114.864,133.874,141.204,133.292,132.999
2456.8,110.771,96.98,137.693,112.316,114.815,133.838,141.236,133.255,132.999
2456.9,110.771,97.042,137.727,112.316,114.913,133.874,141.204,133.292,133.072
2457.0,110.771,97.042,137.727,112.316,114.864,133.983,141.204,133.255,132.999
2457.1,110.771,97.042,137.727,112.265,114.864,133.911,141.268,133.365,132.999
2457.2,110.823,97.168,137.693,112.316,114.913,133.983,141.236,133.292,132.999
2457.3,110.823,97.105,137.693,112.316,114.962,133.947,141.173,133.255,133.035
2457.4,110.823,97.168,137.794,112.316,115.011,133.911,141.204,133.292,132.999
2457.5,110.771,97.168,137.693,112.366,115.011,133.911,141.204,133.292,133.072
2457.6,110.771,97.168,137.693,112.316,114.913,133.874,141.204,133.329,132.999
2457.7,110.719,97.231,137.794,112.366,115.011,133.911,141.236,133.255,133.035
2457.8,110.823,97.168,137.794,112.366,114.913,133.874,141.204,133.255,132.999
2457.9,110.771,97.168,137.761,112.366,115.06,133.874,141.173,133.292,133.035
2458.0,110.771,97.231,137.761,112.366,115.06,133.911,141.204,133.329,133.035
2458.1,110.875,97.231,137.693,112.366,115.158,133.874,141.204,133.292,133.035
2458.2,110.771,97.231,137.727,112.366,115.06,133.947,141.173,133.255,133.035
2458.3,110.823,97.419,137.727,112.417,115.06,133.911,141.236,133.292,133.035
2458.4,110.771,97.231,137.727,112.366,115.06,133.911,141.236,133.292,133.035
2458.5,110.875,97.293,137.659,112.366,115.109,133.911,141.268,133.292,133.035
2458.6,110.875,97.356,137.727,112.417,115.109,133.802,141.331,133.329,133.035
2458.7,110.875,97.356,137.727,112.468,115.158,133.911,141.173,133.292,132.999
2458.8,110.927,97.356,137.727,112.366,115.207,133.911,141.236,133.329,132.999
2458.9,110.875,97.356,137.727,112.366,115.109,133.911,141.204,133.329,133.072
2459.0,110.875,97.356,137.761,112.366,115.207,133.874,141.236,133.292,133.035
2459.1,110.927,97.419,137.693,112.417,115.256,133.911,141.204,133.219,133.035
2459.2,110.875,97.356,137.727,112.417,115.207,133.983,141.173,133.329,133.109
2459.3,110.875,97.481,137.761,112.366,115.207,133.911,141.204,133.292,133.072
2459.4,110.875,97.419,137.761,112.468,115.256,133.874,141.204,133.329,133.072
2459.5,110.927,97.481,137.727,112.468,115.256,133.911,141.204,133.329,133.035
2459.6,110.927,97.481,137.794,112.468,115.304,133.911,141.173,133.329,132.999
2459.7,110.927,97.356,137.761,112.417,115.256,133.947,141.173,133.292,133.072
2459.8,110.875,97.543,137.761,112.417,115.353,133.911,141.204,133.255,133.072
2459.9,110.875,97.606,137.727,112.417,115.353,133.911,141.173,133.292,133.109
2460.0,110.927,97.606,137.727,112.417,115.304,133.874,141.236,133.255,133.035
2460.1,110.875,97.606,137.761,112.519,115.402,133.874,141.204,133.329,133.035
2460.2,110.927,97.606,137.693,112.468,115.402,133.983,141.173,133.329,133.072
2460.3,110.927,97.606,137.761,112.519,115.45,133.947,141.236,133.329,133.035
2460.4,110.927,97.668,137.727,112.468,115.402,133.911,141.204,133.329,133.035
2460.5,110.927,97.668,137.761,112.519,115.499,133.947,141.236,133.329,133.109
2460.6,110.979,97.731,137.727,112.468,115.499,133.947,141.173,133.329,133.072
2460.7,110.927,97.731,137.727,112.468,115.548,133.911,141.204,133.329,133.072
2460.8,110.979,97.793,137.794,112.57,115.499,133.947,141.204,133.329,133.072
2460.9,110.979,97.731,137.727,112.468,115.548,133.911,141.204,133.365,133.035
2461.0,110.979,97.793,137.659,112.57,115.499,133.911,141.236,133.329,133.072
2461.1,110.927,97.793,137.693,112.519,115.548,133.947,141.204,133.365,133.072
2461.2,111.031,97.793,137.693,112.57,115.548,133.947,141.204,133.329,133.146
2461.3,111.031,97.793,137.761,112.57,115.596,133.947,141.173,133.365,133.072
2461.4,111.031,97.917,137.761,112.62,115.548,133.911,141.204,133.365,133.072
2461.5,111.031,97.917,137.727,112.57,115.693,133.947,141.173,133.402,133.146
2461.6,110.979,97.917,137.693,112.62,115.693,133.947,141.268,133.329,133.109
2461.7,111.031,97.979,137.761,112.57,115.742,133.947,141.236,133.365,133.109
2461.8,111.031,97.917,137.727,112.57,115.645,133.947,141.204,133.255,133.146
2461.9,111.083,97.979,137.761,112.62,115.742,133.983,141.077,133.438,133.109
2462.0,110.979,97.979,137.761,112.57,115.79,133.911,141.204,133.329,133.109
2462.1,111.031,98.041,137.727,112.62,115.79,133.911,141.236,133.365,133.109
2462.2,111.083,98.041,137.727,112.57,115.838,133.911,141.204,133.365,133.182
2462.3,111.031,98.041,137.727,112.62,115.838,133.911,141.204,133.402,133.146
2462.4,111.031,98.041,137.727,112.62,115.838,133.911,141.236,133.365,133.109
2462.5,111.031,98.165,137.761,112.62,115.79,133.947,141.236,133.402,133.109
2462.6,111.083,98.165,137.693,112.62,115.838,133.947,141.204,133.402,133.109
2462.7,111.031,98.103,137.761,112.671,115.838,133.911,141.204,133.402,133.109
2462.8,111.031,98.165,137.727,112.62,115.935,133.947,141.173,133.402,133.109
2462.9,111.083,98.103,137.727,112.671,115.887,133.947,141.236,133.365,133.072
2463.0,111.134,98.165,137.727,112.671,115.935,133.947,141.173,133.365,133.146
2463.1,111.083,98.165,137.761,112.722,115.935,133.947,141.236,133.365,133.146
2463.2,111.083,98.227,137.794,112.671,116.031,133.983,141.236,133.402,133.146
2463.3,111.083,98.227,137.693,112.722,115.935,133.947,141.204,133.365,133.146
2463.4,111.134,98.227,137.761,112.671,116.031,133.911,141.173,133.402,133.146
2463.5,111.083,98.227,137.761,112.671,116.031,134.055,141.173,133.402,133.109
2463.6,111.134,98.289,137.761,112.671,116.031,133.983,141.204,133.402,133.182
2463.7,111.134,98.289,137.761,112.671,116.031,133.947,141.173,133.438,133.109
2463.8,111.134,98.351,137.761,112.722,116.031,133.983,141.236,133.438,133.146
2463.9,111.134,98.289,137.761,112.722,116.08,133.947,141.173,133.365,133.146
2464.0,111.186,98.351,137.761,112.722,116.08,134.019,141.236,133.402,133.146
2464.1,111.134,98.351,137.761,112.722,116.031,133.947,141.236,133.365,133.146
2464.2,111.134,98.351,137.761,112.772,116.128,133.983,141.204,133.402,133.109
2464.3,111.083,98.413,137.727,112.722,116.128,133.947,141.204,133.475,133.182
2464.4,111.134,98.474,137.727,112.722,116.08,133.983,141.204,133.402,133.146
2464.5,111.134,98.413,137.693,112.772,116.176,133.947,141.204,133.402,133.109
2464.6,111.134,98.413,137.693,112.772,116.128,133.983,141.109,133.438,133.182
2464.7,111.238,98.536,137.761,112.722,116.128,133.947,141.204,133.329,133.109
2464.8,111.134,98.474,137.761,112.772,116.224,133.947,141.204,133.402,133.146
2464.9,111.186,98.536,137.761,112.772,116.128,133.947,141.204,133.438,133.146
2465.0,111.186,98.474,137.727,112.772,116.224,134.055,141.204,133.438,133.146
2465.1,111.134,98.597,137.761,112.772,116.272,133.947,141.204,133.402,133.146
2465.2,111.186,98.536,137.727,112.772,116.224,133.983,141.236,133.365,133.182
2465.3,111.186,98.474,137.727,112.772,116.224,133.947,141.204,133.402,133.146
2465.4,111.186,98.474,137.727,112.823,116.272,133.983,141.204,133.402,133.219
2465.5,111.186,98.597,137.761,112.823,116.32,133.983,141.204,133.402,133.182
2465.6,111.186,98.597,137.794,112.823,116.32,133.947,141.204,133.402,133.219
2465.7,111.186,98.597,137.761,112.772,116.32,133.947,141.204,133.438,133.109
2465.8,111.186,98.536,137.761,112.772,116.32,133.983,141.204,133.402,133.146
2465.9,111.134,98.659,137.794,112.772,116.32,133.983,141.204,133.475,133.182
2466.0,111.186,98.659,137.693,112.823,116.368,133.983,141.236,133.402,133.182
2466.1,111.238,98.597,137.794,112.772,116.272,134.019,141.204,133.402,133.182
2466.2,111.186,98.659,137.761,112.873,116.32,133.947,141.204,133.402,133.146
2466.3,111.186,98.597,137.727,112.924,116.32,133.947,141.236,133.438,133.219
2466.4,111.186,98.721,137.761,112.823,116.416,133.983,141.204,133.438,133.146
2466.5,111.29,98.721,137.761,112.873,116.368,133.983,141.236,133.402,133.182
2466.6,111.29,98.659,137.761,112.823,116.416,134.019,141.173,133.438,133.146
2466.7,111.29,98.721,137.761,112.873,116.416,133.983,141.236,133.438,133.146
2466.8,111.238,98.721,137.727,112.873,116.512,133.947,141.236,133.329,133.182
2466.9,111.238,98.782,137.794,112.873,116.464,133.947,141.236,133.438,133.182
2467.0,111.186,98.782,137.761,112.873,116.464,133.947,141.173,133.402,133.255
2467.1,111.238,98.843,137.727,112.873,116.512,133.947,141.204,133.438,133.182
2467.2,111.29,98.843,137.693,112.873,116.512,133.983,141.236,133.365,133.182
2467.3,111.238,98.843,137.794,112.924,116.512,133.983,141.173,133.438,133.146
2467.4,111.29,98.843,137.761,112.873,116.512,134.055,141.204,133.475,133.182
2467.5,111.341,98.721,137.794,113.125,116.56,133.911,141.204,133.438,133.182
2467.6,111.238,98.905,137.727,112.873,116.607,133.983,141.236,133.438,133.182
2467.7,111.238,98.966,137.761,112.974,116.56,133.983,141.204,133.475,133.182
2467.8,111.29,98.966,137.761,112.974,116.607,134.055,141.236,133.475,133.182
2467.9,111.341,98.966,137.794,112.924,116.655,133.874,141.204,133.475,133.182
2468.0,111.29,98.966,137.761,113.025,116.56,133.983,141.236,133.475,133.182
2468.1,111.444,99.333,137.794,112.974,116.941,133.983,141.236,133.511,133.219
2468.2,111.444,99.272,137.727,113.075,117.036,133.983,141.204,133.475,133.255
2468.3,111.393,99.333,137.727,113.075,117.036,133.983,141.204,133.475,133.292
2468.4,111.444,99.333,137.761,113.025,117.084,134.019,141.236,133.511,133.219
2468.5,111.444,99.394,137.794,113.226,117.036,133.947,141.204,133.548,133.292
2468.6,111.444,99.394,137.794,113.075,117.084,134.055,141.204,133.511,133.255
2468.7,111.444,99.455,137.727,113.075,117.084,133.983,141.236,133.548,133.292
2468.8,111.496,99.394,137.794,113.075,117.036,133.983,141.268,133.475,133.255
2468.9,111.496,99.394,137.794,113.125,117.084,133.983,141.204,133.475,133.255
2469.0,111.444,99.394,137.761,113.075,117.084,134.019,141.236,133.475,133.219
2469.1,111.444,99.455,137.761,112.974,117.084,133.983,141.173,133.438,133.255
2469.2,111.548,99.576,137.727,113.125,117.179,134.019,141.173,133.511,133.255
2469.3,111.496,99.576,137.828,113.075,117.179,134.019,141.204,133.475,133.255
2469.4,111.548,99.637,137.761,113.125,117.179,133.983,141.236,133.511,133.292
2469.5,111.496,99.637,137.693,113.025,117.226,133.983,141.236,133.475,133.255
2469.6,111.496,99.576,137.794,113.125,117.273,133.983,141.077,133.475,133.255
2469.7,111.548,99.637,137.727,113.176,117.226,133.983,141.204,133.475,133.292
2469.8,111.548,99.698,137.761,113.176,117.273,133.983,141.173,133.511,133.219
2469.9,111.548,99.698,137.761,113.125,117.321,134.019,141.236,133.584,133.255
2470.0,111.496,99.698,137.761,113.176,117.273,133.983,141.204,133.475,133.255
2470.1,111.548,99.758,137.761,113.176,117.368,133.983,141.204,133.475,133.255
2470.2,111.548,99.698,137.761,113.125,117.273,134.019,141.236,133.548,133.255
2470.3,111.548,99.758,137.727,113.276,117.321,134.019,141.204,133.511,133.255
2470.4,111.548,99.758,137.761,113.176,117.368,133.983,141.204,133.511,133.292
2470.5,111.548,99.819,137.693,113.176,117.273,133.983,141.173,133.475,133.329
2470.6,111.548,99.819,137.727,113.176,117.321,134.019,141.204,133.548,133.255
2470.7,111.548,99.819,137.727,113.226,117.415,133.983,141.236,133.511,133.292
2470.8,111.599,99.819,137.761,113.176,117.415,133.983,141.204,133.511,133.292
2470.9,111.548,99.88,137.761,113.226,117.462,134.019,141.204,133.511,133.292
2471.0,111.548,99.88,137.761,113.176,117.415,134.019,141.204,133.475,133.255
2471.1,111.599,99.88,137.761,113.276,117.462,134.019,141.268,133.511,133.292
2471.2,111.599,99.88,137.794,113.226,117.462,134.019,141.204,133.548,133.182
2471.3,111.599,99.88,137.794,113.226,117.509,134.055,141.204,133.548,133.292
2471.4,111.599,99.88,137.761,113.326,117.509,134.019,141.236,133.548,133.292
2471.5,111.599,99.94,137.794,113.226,117.509,133.983,141.236,133.511,133.292
2471.6,111.599,99.94,137.794,113.226,117.509,134.019,141.204,133.548,133.255
2471.7,111.599,99.88,137.761,113.276,117.462,133.983,141.204,133.548,133.255
2471.8,111.548,100.0,137.828,113.226,117.557,134.019,141.204,133.548,133.255
2471.9,111.599,100.121,137.761,113.276,117.557,133.983,141.236,133.475,133.329
2472.0,111.65,100.0,137.828,113.226,117.557,134.055,141.204,133.548,133.292
2472.1,111.599,100.061,137.761,113.276,117.557,134.019,141.236,133.584,133.292
2472.2,111.65,100.0,137.761,113.326,117.604,134.019,141.204,133.475,133.292
2472.3,111.548,100.0,137.761,113.226,117.604,134.019,141.204,133.511,133.292
2472.4,111.599,100.061,137.761,113.276,117.651,134.019,141.236,133.548,133.255
2472.5,111.65,100.121,137.794,113.276,117.651,134.055,141.204,133.548,133.292
2472.6,111.65,100.061,137.761,113.276,117.651,134.019,141.173,133.548,133.292
2472.7,111.702,100.182,137.761,113.276,117.651,134.019,141.204,133.548,133.292
2472.8,111.599,100.121,137.794,113.276,117.651,133.983,141.204,133.548,133.329
2472.9,111.599,100.182,137.794,113.326,117.651,134.019,141.173,133.548,133.292
2473.0,111.65,100.182,137.794,113.276,117.698,134.055,141.204,133.548,133.329
2473.1,111.599,100.121,137.761,113.377,117.698,134.019,141.236,133.548,133.329
2473.2,111.65,100.182,137.761,113.276,117.651,134.019,141.236,133.511,133.329
2473.3,111.65,100.242,137.761,113.326,117.651,134.091,141.236,133.584,133.329
2473.4,111.65,100.182,137.761,113.276,117.745,134.055,141.204,133.548,133.329
2473.5,111.702,100.242,137.794,113.226,117.745,134.019,141.236,133.511,133.292
2473.6,111.65,100.242,137.761,113.326,117.745,134.019,141.204,133.584,133.292
2473.7,111.65,100.302,137.761,113.326,117.839,134.019,141.173,133.584,133.329
2473.8,111.702,100.242,137.761,113.326,117.792,134.019,141.236,133.548,133.365
2473.9,111.702,100.302,137.761,113.377,117.839,134.055,141.236,133.584,133.329
2474.0,111.753,100.362,137.794,113.326,117.886,134.055,141.204,133.548,133.329
2474.1,111.702,100.302,137.761,113.326,117.839,134.055,141.173,133.548,133.329
2474.2,111.702,100.362,137.761,113.377,117.886,134.055,141.236,133.548,133.329
2474.3,111.702,100.362,137.761,113.427,117.839,134.019,141.173,133.548,133.329
2474.4,111.548,100.362,137.794,113.427,117.886,133.983,141.236,133.548,133.329
2474.5,111.702,100.422,137.794,113.377,117.932,133.983,141.204,133.548,133.329
2474.6,111.702,100.362,137.761,113.477,117.979,134.019,141.268,133.62,133.402
2474.7,111.753,100.422,137.828,113.427,117.979,134.055,141.204,133.548,133.365
2474.8,111.753,100.422,137.761,113.377,117.979,134.019,141.141,133.548,133.329
2474.9,111.753,100.542,137.761,113.377,117.979,134.019,141.204,133.584,133.329
2475.0,111.753,100.482,137.794,113.477,117.932,134.019,141.109,133.584,133.329
2475.1,111.702,100.542,137.761,113.377,117.979,134.055,141.204,133.548,133.329
2475.2,111.753,100.482,137.761,113.427,118.12,134.019,141.204,133.62,133.365
2475.3,111.805,100.542,137.761,113.427,118.026,134.019,141.204,133.584,133.365
2475.4,111.753,100.542,137.727,113.377,118.073,134.055,141.109,133.584,133.365
2475.5,111.753,100.602,137.794,113.377,118.166,134.019,141.204,133.584,133.365
2475.6,111.805,100.602,137.794,113.427,118.12,134.019,141.173,133.62,133.402
2475.7,111.753,100.662,137.794,113.477,118.026,134.019,141.236,133.584,133.402
2475.8,111.753,100.662,137.761,113.427,118.12,134.055,141.204,133.584,133.365
2475.9,111.805,100.602,137.828,113.477,118.166,134.019,141.204,133.62,133.329
2476.0,111.805,100.662,137.761,113.527,118.12,134.019,141.204,133.62,133.402
2476.1,111.805,100.662,137.761,113.427,118.213,134.019,141.236,133.62,133.365
2476.2,111.753,100.662,137.761,113.477,118.166,134.019,141.204,133.584,133.402
2476.3,111.805,100.722,137.794,113.477,118.213,134.019,141.236,133.62,133.365
2476.4,111.805,100.662,137.761,113.627,118.166,134.019,141.204,133.584,133.402
2476.5,111.753,100.722,137.761,113.477,118.26,134.019,141.204,133.548,133.329
2476.6,111.753,100.722,137.761,113.477,118.213,134.055,141.236,133.584,133.329
2476.7,111.856,100.842,137.794,113.477,118.213,134.019,141.204,133.62,133.329
2476.8,111.856,100.722,137.761,113.477,118.213,134.055,141.236,133.584,133.365
2476.9,111.805,100.722,137.794,113.527,118.213,134.019,141.3,133.584,133.365
2477.0,111.856,100.782,137.794,113.477,118.26,134.055,141.236,133.584,133.365
2477.1,111.856,100.782,137.828,113.577,118.26,134.055,141.204,133.657,133.365
2477.2,111.805,100.782,137.761,113.527,118.26,134.055,141.236,133.62,133.365
2477.3,111.856,100.842,137.794,113.527,118.26,134.019,141.204,133.62,133.402
2477.4,111.856,100.842,137.794,113.527,118.26,134.055,141.204,133.584,133.365
2477.5,111.856,100.902,137.761,113.527,118.306,134.019,141.141,133.62,133.402
2477.6,111.856,100.902,137.794,113.477,118.353,134.055,141.204,133.584,133.365
2477.7,111.907,100.961,137.727,113.527,118.399,134.055,141.204,133.62,133.365
2477.8,111.907,101.021,137.794,113.527,118.399,134.019,141.236,133.584,133.402
2477.9,111.958,100.961,137.828,113.527,118.446,134.019,141.236,133.62,133.365
2478.0,111.856,101.021,137.794,113.527,118.492,134.019,141.204,133.62,133.365
2478.1,111.856,101.021,137.761,113.577,118.446,134.055,141.236,133.657,133.402
2478.2,111.907,101.08,137.794,113.527,118.492,134.019,141.236,133.584,133.438
2478.3,111.907,101.08,137.761,113.577,118.446,134.019,141.236,133.657,133.438
2478.4,111.907,101.08,137.794,113.527,118.492,134.127,141.236,133.62,133.365
2478.5,111.907,101.08,137.794,113.577,118.539,134.055,141.236,133.584,133.402
2478.6,111.856,101.2,137.794,113.627,118.492,134.091,141.204,133.657,133.438
2478.7,111.907,101.08,137.828,113.577,118.492,134.055,141.268,133.62,133.402
2478.8,111.907,101.14,137.693,113.627,118.539,134.055,141.236,133.62,133.365
2478.9,111.907,101.14,137.828,113.627,118.585,134.055,141.268,133.548,133.438
2479.0,111.958,101.14,137.794,113.577,118.585,134.055,141.236,133.657,133.402
2479.1,111.805,101.2,137.794,113.577,118.585,134.055,141.236,133.62,133.475
2479.2,111.958,101.2,137.862,113.577,118.585,134.055,141.204,133.657,133.475
2479.3,111.958,101.14,137.794,113.577,118.631,134.019,141.204,133.657,133.475
2479.4,112.009,101.2,137.761,113.677,118.585,134.055,141.204,133.62,133.402
2479.5,111.958,101.2,137.862,113.627,118.631,134.055,141.236,133.657,133.402
2479.6,111.958,101.259,137.794,113.627,118.631,134.055,141.204,133.657,133.438
2479.7,111.856,101.14,137.761,113.677,118.678,134.091,141.204,133.584,133.438
2479.8,111.958,101.318,137.761,113.677,118.678,134.127,141.236,133.657,133.402
2479.9,111.958,101.2,137.794,113.727,118.631,134.055,141.236,133.693,133.402
2480.0,111.958,101.378,137.794,113.677,118.585,134.091,141.236,133.693,133.402
2480.1,111.958,101.259,137.761,113.677,118.724,134.055,141.236,133.584,133.438
2480.2,111.907,101.318,137.761,113.677,118.678,134.055,141.204,133.657,133.255
2480.3,112.009,101.259,137.794,113.677,118.678,134.055,141.204,133.657,133.402
2480.4,112.061,101.378,137.794,113.627,118.724,134.055,141.204,133.657,133.438
2480.5,112.061,101.259,137.761,113.727,118.724,134.055,141.236,133.62,133.438
2480.6,111.958,101.259,137.727,113.627,118.724,134.055,141.236,133.62,133.402
2480.7,112.009,101.378,137.794,113.677,118.77,134.055,141.204,133.657,133.402
2480.8,112.061,101.378,137.794,113.727,118.724,134.091,141.3,133.657,133.402
2480.9,112.061,101.437,137.794,113.727,118.77,134.091,141.173,133.657,133.438
2481.0,112.009,101.437,137.794,113.677,118.817,134.055,141.236,133.657,133.438
2481.1,111.958,101.437,137.761,113.727,118.817,134.055,141.173,133.693,133.402
2481.2,112.009,101.437,137.794,113.777,118.863,134.055,141.268,133.657,133.475
2481.3,112.009,101.437,137.761,113.727,118.817,134.055,141.204,133.657,133.475
2481.4,112.061,101.437,137.761,113.677,118.863,134.055,141.204,133.657,133.438
2481.5,112.009,101.437,137.761,113.677,118.863,134.055,141.236,133.693,133.438
2481.6,112.009,101.496,137.794,113.727,118.909,134.091,141.236,133.657,133.475
2481.7,112.009,101.496,137.896,113.677,118.909,134.091,141.204,133.657,133.438
2481.8,112.061,101.556,137.828,113.727,118.863,134.091,141.204,133.657,133.438
2481.9,111.958,101.496,137.896,113.777,118.955,134.055,141.173,133.657,133.438
2482.0,112.163,101.496,137.828,113.727,118.955,134.127,141.204,133.62,133.438
2482.1,112.061,101.556,137.828,113.777,118.909,134.091,141.173,133.657,133.438
2482.2,111.958,101.556,137.761,113.727,118.955,134.055,141.204,133.657,133.438
2482.3,112.112,101.674,137.828,113.777,118.955,134.055,141.204,133.693,133.475
2482.4,112.061,101.615,137.828,113.727,118.955,134.091,141.236,133.729,133.475
2482.5,112.061,101.615,137.727,113.777,118.909,134.091,141.173,133.729,133.475
2482.6,112.112,101.674,137.828,113.777,119.047,134.055,141.204,133.693,133.511
2482.7,112.009,101.674,137.794,113.826,118.955,134.019,141.236,133.693,133.475
2482.8,112.061,101.674,137.828,113.777,119.001,134.055,141.077,133.693,133.475
2482.9,112.061,101.674,137.761,113.777,119.001,134.091,141.268,133.62,133.438
2483.0,112.061,101.674,137.794,113.727,118.955,134.127,141.236,133.657,133.438
2483.1,112.061,101.733,137.761,113.826,119.093,134.091,141.204,133.693,133.475
2483.2,112.112,101.792,137.794,113.826,119.093,134.055,141.204,133.766,133.475
2483.3,112.163,101.851,137.761,113.826,119.047,134.055,141.204,133.657,133.475
2483.4,112.112,101.733,137.794,113.777,119.093,134.055,141.236,133.693,133.438
2483.5,112.112,101.792,137.794,113.777,119.093,134.164,141.204,133.693,133.548
2483.6,112.112,101.91,137.794,113.777,119.093,134.091,141.236,133.766,133.475
2483.7,112.112,101.851,137.828,113.826,119.047,134.091,141.236,133.693,133.475
2483.8,112.163,101.733,137.794,113.777,119.093,134.091,141.173,133.693,133.475
2483.9,112.112,101.91,137.794,113.777,119.139,134.055,141.427,133.729,133.475
2484.0,112.112,101.91,137.794,113.777,119.185,134.055,141.236,133.693,133.511
2484.1,112.112,101.792,137.761,113.777,119.231,134.055,141.236,133.693,133.475
2484.2,112.163,101.91,137.794,113.826,119.139,134.091,141.236,133.729,133.511
2484.3,112.112,101.91,137.794,113.876,119.185,134.127,141.204,133.729,133.511
2484.4,112.112,101.851,137.828,113.826,119.139,134.055,141.204,133.729,133.438
2484.5,112.163,101.91,137.761,113.826,119.185,134.091,141.236,133.802,133.511
2484.6,112.163,101.91,137.794,113.876,119.139,134.055,141.236,133.693,133.511
2484.7,112.112,101.91,137.828,113.826,119.277,134.055,141.173,133.766,133.475
2484.8,112.163,101.969,137.828,113.876,119.231,134.091,141.204,133.693,133.511
2484.9,112.112,101.91,137.794,113.826,119.277,134.055,141.236,133.766,133.511
2485.0,112.112,102.028,137.828,113.826,119.277,134.091,141.204,133.693,133.475
2485.1,112.112,102.028,137.794,113.876,119.369,134.055,141.204,133.729,133.475
2485.2,112.163,102.028,137.794,113.876,119.277,134.091,141.236,133.693,133.475
2485.3,112.214,102.028,137.828,113.876,119.277,134.127,141.204,133.693,133.475
2485.4,112.163,101.969,137.828,113.876,119.277,134.055,141.173,133.802,133.548
2485.5,112.163,101.969,137.828,113.926,119.323,134.091,141.204,133.693,133.511
2485.6,112.214,102.028,137.761,113.876,119.323,134.091,141.204,133.693,133.475
2485.7,112.214,102.086,137.794,113.876,119.323,134.164,141.268,133.693,133.511
2485.8,112.163,102.086,137.761,113.876,119.323,134.091,141.204,133.802,133.548
2485.9,112.163,102.086,137.794,113.926,119.369,134.091,141.204,133.729,133.475
2486.0,112.214,102.086,137.794,113.926,119.369,134.091,141.268,133.729,133.475
2486.1,112.214,102.086,137.794,113.926,119.369,134.091,141.204,133.693,133.511
2486.2,112.214,102.086,137.794,113.926,119.369,134.091,141.236,133.729,133.475
2486.3,112.163,102.086,137.794,113.876,119.369,134.055,141.204,133.729,133.511
2486.4,112.163,102.086,137.794,113.976,119.461,134.127,141.204,133.729,133.511
2486.5,112.265,102.145,137.794,113.926,119.369,134.091,141.236,133.766,133.548
2486.6,112.214,102.145,137.828,113.926,119.415,134.055,141.236,133.729,133.511
2486.7,112.214,102.145,137.761,113.926,119.415,134.127,141.236,133.766,133.475
2486.8,112.265,102.204,137.828,113.976,119.461,134.055,141.268,133.693,133.511
2486.9,112.316,102.438,137.862,113.976,119.689,134.091,141.268,133.693,133.548
2487.0,112.366,102.497,137.828,114.075,119.689,134.127,141.236,133.766,133.548
2487.1,112.316,102.555,137.794,114.025,119.735,134.127,141.236,133.729,133.548
2487.2,112.417,102.497,137.794,114.075,119.598,134.127,141.236,133.838,133.548
2487.3,112.366,102.555,137.828,114.075,119.735,134.127,141.204,133.802,133.548
2487.4,112.316,102.613,137.828,114.075,119.735,134.091,141.173,133.766,133.548
2487.5,112.316,102.555,137.761,114.075,119.735,134.055,141.204,133.766,133.584
2487.6,112.366,102.672,137.794,114.075,119.826,134.127,141.204,133.766,133.584
2487.7,112.316,102.672,137.828,114.025,119.78,134.091,141.236,133.766,133.548
2487.8,112.417,102.672,137.761,114.075,119.871,134.091,141.173,133.729,133.584
2487.9,112.316,102.672,137.761,114.075,119.78,134.055,141.236,133.802,133.511
2488.0,112.417,102.613,137.794,114.075,119.826,134.164,141.236,133.802,133.511
2488.1,112.316,102.73,137.794,114.125,119.871,134.127,141.204,133.766,133.548
2488.2,112.366,102.672,137.761,114.075,119.871,134.091,141.204,133.729,133.548
2488.3,112.366,102.672,137.794,114.125,119.826,134.055,141.236,133.766,133.548
2488.4,112.366,102.73,137.794,114.025,119.917,134.091,141.236,133.802,133.511
2488.5,112.316,102.788,137.929,114.075,119.871,134.127,141.204,133.729,133.548
2488.6,112.366,102.788,137.794,114.125,119.917,134.127,141.204,133.802,133.548
2488.7,112.468,102.788,137.761,114.125,119.917,134.091,141.268,133.874,133.62
2488.8,112.417,102.73,137.862,114.125,119.871,134.127,141.268,133.766,133.511
2488.9,112.316,102.846,137.794,114.075,119.871,134.127,141.236,133.766,133.62
2489.0,112.366,102.788,137.794,114.125,119.917,134.164,141.268,133.802,133.511
2489.1,112.417,102.788,137.761,114.075,119.962,134.091,141.173,133.766,133.548
2489.2,112.468,102.846,137.794,114.025,119.962,134.164,141.236,133.766,133.657
2489.3,112.417,102.846,137.794,114.174,119.962,134.127,141.236,133.802,133.548
2489.4,112.417,102.846,137.794,114.075,119.962,134.127,141.3,133.766,133.548
2489.5,112.417,102.788,137.828,114.174,119.917,134.091,141.3,133.766,133.548
2489.6,112.366,102.846,137.896,114.125,119.962,134.127,141.268,133.766,133.548
2489.7,112.417,102.846,137.794,114.125,119.962,134.127,141.204,133.766,133.62
2489.8,112.316,102.904,137.794,114.174,119.962,134.091,141.236,133.802,133.766
2489.9,112.417,102.846,137.828,114.025,119.962,134.127,141.204,133.838,133.548
2490.0,112.417,102.904,137.828,114.125,120.053,134.091,141.204,133.766,133.584
2490.1,112.366,102.846,137.794,114.174,120.007,134.091,141.204,133.766,133.584
2490.2,112.468,102.963,137.794,114.174,120.007,134.127,141.204,133.766,133.584
2490.3,112.366,102.788,137.761,114.174,120.053,134.2,141.236,133.766,133.548
2490.4,112.417,102.963,137.794,114.174,120.098,134.127,141.268,133.729,133.548
2490.5,112.417,102.904,137.761,114.125,120.053,134.091,141.236,133.802,133.584
2490.6,112.417,102.963,137.828,114.125,120.053,134.127,141.173,133.802,133.584
2490.7,112.417,102.963,137.828,114.174,120.144,134.127,141.204,133.802,133.584
2490.8,112.417,103.021,137.828,114.174,120.098,134.091,141.204,133.838,133.548
2490.9,112.417,102.963,137.794,114.174,120.098,134.091,141.204,133.802,133.584
2491.0,112.417,102.963,137.896,114.174,120.144,134.127,141.204,133.766,133.584
2491.1,112.468,103.079,137.761,114.174,120.144,134.127,141.204,133.766,133.548
2491.2,112.519,103.021,137.828,114.224,120.234,134.091,141.204,133.802,133.62
2491.3,112.417,103.021,137.794,114.174,120.144,134.127,141.331,133.838,133.584
2491.4,112.519,103.079,137.896,114.174,120.189,134.091,141.173,133.802,133.584
2491.5,112.519,103.137,137.828,114.174,120.144,134.127,141.236,133.802,133.657
2491.6,112.468,103.137,137.794,114.125,120.234,134.343,141.236,133.802,133.62
2491.7,112.468,103.137,137.794,114.273,120.189,134.127,141.204,133.838,133.584
2491.8,112.468,103.195,137.828,114.273,120.234,134.127,141.268,133.766,133.584
2491.9,112.468,103.137,137.794,114.224,120.324,134.091,141.204,133.802,133.584
2492.0,112.519,103.195,137.862,114.174,120.234,134.091,141.236,133.766,133.584
2492.1,112.468,103.252,137.862,114.224,120.234,134.127,141.173,133.802,133.584
2492.2,112.519,103.195,137.794,114.224,120.279,134.127,141.204,133.874,133.584
2492.3,112.57,103.137,137.828,114.273,120.234,134.127,141.236,133.766,133.548
2492.4,112.519,103.195,137.794,114.273,120.279,134.127,141.268,133.802,133.657
2492.5,112.519,103.195,137.828,114.224,120.279,134.127,141.204,133.766,133.62
2492.6,112.519,103.252,137.761,114.174,120.324,134.164,141.236,133.802,133.657
2492.7,112.519,103.252,137.794,114.224,120.279,134.127,141.236,133.802,133.584
2492.8,112.519,103.252,137.828,114.224,120.37,134.091,141.236,133.802,133.62
2492.9,112.57,103.252,137.794,114.273,120.324,134.164,141.204,133.802,133.657
2493.0,112.57,103.368,137.794,114.273,120.37,134.127,141.204,133.802,133.584
2493.1,112.468,103.368,137.794,114.323,120.415,134.127,141.236,133.838,133.729
2493.2,112.519,103.426,137.862,114.224,120.324,134.127,141.204,133.802,133.62
2493.3,112.57,103.368,137.828,114.273,120.37,134.127,141.204,133.802,133.62
2493.4,112.519,103.426,137.794,114.372,120.415,134.127,141.236,133.838,133.62
2493.5,112.57,103.368,137.794,114.273,120.37,134.2,141.204,133.802,133.657
2493.6,112.57,103.426,137.794,114.273,120.415,134.127,141.204,133.802,133.62
2493.7,112.57,103.426,137.828,114.323,120.415,134.127,141.236,133.802,133.62
2493.8,112.519,103.426,137.862,114.323,120.415,134.127,141.3,133.838,133.62
2493.9,112.57,103.483,137.794,114.323,120.46,134.055,141.236,133.802,133.62
2494.0,112.62,103.426,137.828,114.273,120.46,134.127,141.173,133.838,133.657
2494.1,112.57,103.483,137.828,114.323,120.415,134.164,141.204,133.838,133.62
2494.2,112.57,103.483,137.794,114.323,120.505,134.2,141.204,133.838,133.62
2494.3,112.57,103.483,137.828,114.273,120.46,134.127,141.3,133.802,133.657
2494.4,112.671,103.483,137.828,114.224,120.505,134.127,141.204,133.874,133.584
2494.5,112.57,103.483,137.693,114.372,120.505,134.164,141.236,133.838,133.62
2494.6,112.62,103.483,137.761,114.323,120.505,134.164,141.204,133.838,133.657
2494.7,112.57,103.541,137.828,114.372,120.505,134.164,141.236,133.802,133.657
2494.8,112.57,103.483,137.794,114.372,120.55,134.127,141.268,133.874,133.657
2494.9,112.57,103.599,137.862,114.273,120.505,134.127,141.236,133.838,133.62
2495.0,112.62,103.599,137.727,114.323,120.55,134.164,141.204,133.874,133.693
2495.1,112.57,103.541,137.896,114.323,120.685,134.127,141.236,133.874,133.657
2495.2,112.62,103.599,137.794,114.372,120.595,134.164,141.204,133.874,133.657
2495.3,112.62,103.656,137.828,114.372,120.505,134.164,141.204,133.838,133.62
2495.4,112.62,103.599,137.828,114.372,120.55,134.127,141.236,133.838,133.729
2495.5,112.671,103.656,137.828,114.372,120.64,134.127,141.204,133.838,133.62
2495.6,112.62,103.656,137.761,114.372,120.595,134.164,141.204,133.838,133.657
2495.7,112.62,103.656,137.761,114.323,120.64,134.164,141.236,133.766,133.584
2495.8,112.62,103.714,137.828,114.273,120.55,134.127,141.204,133.838,133.657
2495.9,112.57,103.771,137.828,114.372,120.64,134.127,141.268,133.874,133.62
2496.0,112.62,103.656,137.828,114.372,120.64,134.127,141.204,133.874,133.62
2496.1,112.62,103.656,137.828,114.372,120.685,134.164,141.236,133.874,133.657
2496.2,112.671,103.714,137.828,114.52,120.64,134.164,141.236,133.802,133.693
2496.3,112.62,103.714,137.794,114.421,120.685,134.236,141.204,133.838,133.657
2496.4,112.671,103.714,137.794,114.372,120.685,134.127,141.236,133.838,133.657
2496.5,112.62,103.771,137.828,114.372,120.73,134.127,141.204,133.911,133.657
2496.6,112.62,103.771,137.794,114.372,120.64,134.127,141.204,133.838,133.657
2496.7,112.722,103.771,137.828,114.372,120.73,134.127,141.236,133.874,133.62
2496.8,112.722,103.714,137.828,114.421,120.73,134.2,141.236,133.874,133.657
2496.9,112.62,103.771,137.828,114.421,120.775,134.2,141.236,133.947,133.657
2497.0,112.671,103.829,137.828,114.372,120.73,134.164,141.236,133.838,133.693
2497.1,112.671,103.829,137.794,114.471,120.775,134.127,141.204,133.874,133.693
2497.2,112.772,103.771,137.794,114.421,120.775,134.164,141.204,133.874,133.693
2497.3,112.62,103.943,137.896,114.421,120.775,134.2,141.204,133.838,133.693
2497.4,112.671,103.829,137.828,114.421,120.819,134.127,141.268,133.911,133.657
2497.5,112.671,103.886,137.862,114.471,120.909,134.127,141.236,133.947,133.657
2497.6,112.671,103.886,137.794,114.421,120.864,134.127,141.204,133.874,133.657
2497.7,112.671,103.943,137.828,114.421,120.819,134.127,141.204,133.874,133.657
2497.8,112.722,103.943,137.828,114.471,120.864,134.127,141.204,133.911,133.657
2497.9,112.722,103.886,137.794,114.421,120.819,134.2,141.268,133.874,133.693
2498.0,112.772,103.943,137.794,114.421,120.909,134.2,141.236,133.874,133.729
2498.1,112.772,103.943,137.828,114.471,120.864,134.127,141.236,133.838,133.62
2498.2,112.671,104.058,137.828,114.471,120.819,134.164,141.236,133.911,133.657
2498.3,112.722,104.0,137.761,114.471,120.954,134.127,141.204,133.874,133.693
2498.4,112.722,104.0,137.794,114.471,120.864,134.091,141.236,133.874,133.693
2498.5,112.722,104.0,137.828,114.471,120.909,134.164,141.3,133.911,133.693
2498.6,112.772,104.0,137.862,114.52,120.909,134.164,141.3,133.874,133.693
2498.7,112.722,104.058,137.828,114.471,120.909,134.164,141.236,133.911,133.729
2498.8,112.722,104.0,137.794,114.52,120.954,134.164,141.236,133.874,133.729
2498.9,112.722,104.115,137.828,114.471,120.909,134.164,141.204,133.874,133.657
2499.0,112.772,104.058,137.794,114.471,120.954,134.164,141.236,133.874,133.693
2499.1,112.671,104.058,137.862,114.52,120.954,134.164,141.204,133.874,133.693
2499.2,112.772,104.172,137.828,114.52,120.998,134.2,141.236,133.911,133.693
2499.3,112.772,104.058,137.794,114.52,120.954,134.164,141.236,133.947,133.729
2499.4,112.772,104.172,137.794,114.471,121.043,134.164,141.204,133.838,133.693
2499.5,112.772,104.229,137.828,114.471,121.088,134.164,141.236,133.838,133.657
2499.6,112.873,104.115,137.828,114.52,121.043,134.2,141.236,133.911,133.729
2499.7,112.772,104.115,137.828,114.52,121.088,134.164,141.236,133.874,133.657
2499.8,112.772,104.172,137.794,114.52,121.043,134.164,141.204,133.911,133.729
2499.9,112.772,104.229,137.862,114.471,120.998,134.2,141.236,133.947,133.693
2500.0,112.772,104.286,137.761,114.569,121.088,134.164,141.268,133.983,133.657
2500.1,112.772,104.229,137.862,114.471,121.088,134.164,141.204,133.874,133.693
2500.2,112.722,104.229,137.828,114.569,121.088,134.127,141.204,133.911,133.729
2500.3,112.823,104.229,137.862,114.52,121.088,134.236,141.236,133.947,133.693
2500.4,112.772,104.172,137.794,114.52,121.043,134.164,141.236,133.911,133.729
2500.5,112.823,104.343,137.794,114.52,121.088,134.164,141.204,133.874,133.729
2500.6,112.823,104.286,137.828,114.52,121.043,134.236,141.236,133.874,133.729
2500.7,112.823,104.286,137.828,114.52,121.132,134.2,141.236,133.947,133.766
2500.8,112.772,104.229,137.828,114.569,121.132,134.164,141.236,133.874,133.766
2500.9,112.772,104.286,137.794,114.569,121.266,134.164,141.204,133.911,133.729
2501.0,112.772,104.343,137.828,114.52,121.177,134.164,141.204,133.874,133.729
2501.1,112.823,104.343,137.862,114.569,121.177,134.164,141.236,133.911,133.693
2501.2,112.823,104.343,137.862,114.52,121.177,134.164,141.236,133.911,133.693
2501.3,112.823,104.286,137.794,114.619,121.222,134.164,141.268,133.911,133.766
2501.4,112.823,104.4,137.828,114.619,121.222,134.127,141.204,133.911,133.802
2501.5,112.823,104.4,137.828,114.569,121.222,134.164,141.236,133.911,133.693
2501.6,112.873,104.457,137.862,114.569,121.266,134.127,141.236,133.947,133.693
2501.7,112.823,104.4,137.828,114.569,121.222,134.164,141.173,133.947,133.693
2501.8,112.873,104.457,137.828,114.569,121.222,134.2,141.236,133.874,133.729
2501.9,112.873,104.514,137.828,114.569,121.311,134.127,141.204,133.947,133.729
2502.0,112.823,104.457,137.828,114.619,121.177,134.164,141.236,133.947,133.729
2502.1,112.873,104.343,137.862,114.569,121.355,134.164,141.268,133.874,133.729
2502.2,112.823,104.514,137.828,114.569,121.266,134.2,141.236,133.947,133.729
2502.3,112.823,104.457,137.896,114.619,121.311,134.164,141.236,133.947,133.693
2502.4,112.823,104.514,137.794,114.619,121.311,134.2,141.236,133.911,133.766
2502.5,112.823,104.514,137.794,114.668,121.355,134.2,141.236,133.911,133.729
2502.6,112.924,104.514,137.828,114.619,121.355,134.2,141.236,133.947,133.729
2502.7,112.873,104.571,137.896,114.52,121.355,134.236,141.204,133.911,133.729
2502.8,112.873,104.628,137.828,114.619,121.355,134.2,141.236,133.911,133.766
2502.9,112.873,104.628,137.828,114.668,121.399,134.2,141.173,133.911,133.729
2503.0,112.924,104.571,137.862,114.668,121.399,134.091,141.3,133.947,133.729
2503.1,112.823,104.628,137.828,114.668,121.399,134.164,141.268,133.911,133.729
2503.2,112.772,104.628,137.828,114.668,121.399,134.164,141.236,133.911,133.766
2503.3,112.924,104.628,137.828,114.668,121.399,134.2,141.236,133.947,133.766
2503.4,112.924,104.684,137.896,114.619,121.444,134.164,141.204,133.947,133.693
2503.5,112.873,104.741,137.828,114.668,121.444,134.164,141.236,133.947,133.766
2503.6,112.974,104.741,137.828,114.619,121.444,134.2,141.204,133.983,133.729
2503.7,112.924,104.684,137.828,114.668,121.399,134.2,141.204,133.947,133.729
2503.8,112.974,104.741,137.828,114.717,121.533,134.164,141.204,133.874,133.766
2503.9,112.873,104.798,137.862,114.668,121.444,134.2,141.236,133.947,133.729
2504.0,112.924,104.741,137.862,114.668,121.488,134.2,141.236,133.947,133.729
2504.1,112.974,104.798,137.761,114.717,121.488,134.2,141.268,133.947,133.729
2504.2,112.924,104.741,137.929,114.668,121.533,134.2,141.236,133.947,133.729
2504.3,112.974,104.741,137.828,114.717,121.533,134.164,141.268,133.983,133.802
2504.4,112.974,104.798,137.828,114.717,121.577,134.2,141.236,133.947,133.693
2504.5,112.924,104.741,137.862,114.668,121.533,134.2,141.236,133.947,133.766
2504.6,112.974,104.854,137.828,114.717,121.533,134.2,141.236,133.947,133.838
2504.7,112.974,104.798,137.828,114.717,121.577,134.236,141.236,133.911,133.766
2504.8,112.974,104.854,137.828,114.717,121.71,134.272,141.173,133.911,133.766
2504.9,112.974,104.911,137.828,114.766,121.533,134.164,141.204,133.983,133.766
2505.0,112.924,104.854,137.862,114.717,121.533,134.164,141.236,133.983,133.766
2505.1,112.974,104.911,137.862,114.766,121.621,134.2,141.236,133.983,133.729
2505.2,112.974,104.911,137.828,114.766,121.621,134.2,141.236,133.983,133.766
2505.3,113.025,104.967,137.828,114.766,121.71,134.2,141.236,134.019,133.802
2505.4,112.974,104.854,137.862,114.815,121.665,134.2,141.204,133.983,133.729
2505.5,113.025,104.911,137.828,114.766,121.665,134.2,141.204,133.947,133.802
2505.6,113.025,104.967,137.794,114.717,121.71,134.2,141.268,133.947,133.766
2505.7,112.974,104.967,137.794,114.717,121.754,134.164,141.204,133.947,133.838
2505.8,112.974,104.967,137.828,114.766,121.665,134.2,141.236,133.983,133.766
2505.9,113.025,105.024,137.828,114.717,121.665,134.2,141.236,133.983,133.766
2506.0,112.974,105.193,137.896,114.717,121.71,134.272,141.236,133.983,133.766
2506.1,113.025,105.024,137.828,114.766,121.71,134.272,141.204,133.983,133.838
2506.2,113.025,105.024,137.862,114.766,121.842,134.2,141.204,133.983,133.766
2506.3,113.025,105.08,137.828,114.766,121.71,134.2,141.236,133.983,133.766
2506.4,113.075,105.193,137.794,114.766,121.754,134.308,141.236,133.983,133.802
2506.5,113.075,105.08,137.862,114.864,121.754,134.2,141.3,133.983,133.766
2506.6,113.075,105.137,137.828,114.766,121.754,134.2,141.204,133.947,133.766
2506.7,113.075,105.08,137.828,114.766,121.798,134.164,141.141,133.983,133.802
2506.8,113.025,105.193,137.929,114.815,121.754,134.2,141.268,134.019,133.802
2506.9,113.025,105.137,137.828,114.766,121.842,134.164,141.268,134.019,133.802
2507.0,113.025,105.137,137.828,114.815,121.842,134.2,141.204,133.947,133.802
2507.1,113.125,105.193,137.828,114.815,121.842,134.236,141.236,133.983,133.802
2507.2,113.025,105.193,137.828,114.815,121.842,134.2,141.3,133.983,133.802
2507.3,113.025,105.193,137.794,114.815,121.842,134.2,141.3,133.983,133.766
2507.4,113.075,105.193,137.862,114.815,121.842,134.2,141.236,133.947,133.802
2507.5,113.025,105.249,137.862,114.864,121.842,134.236,141.236,133.983,133.802
2507.6,113.075,105.249,137.828,114.864,121.842,134.236,141.236,133.983,133.766
2507.7,113.176,105.249,137.828,114.864,121.886,134.272,141.236,134.019,133.766
2507.8,113.025,105.249,137.828,114.864,121.886,134.2,141.236,134.019,133.802
2507.9,113.176,105.249,137.828,114.864,121.93,134.2,141.236,134.019,133.802
2508.0,113.075,105.306,137.896,114.815,121.886,134.236,141.236,133.983,133.802
2508.1,113.025,105.306,137.828,114.864,121.886,134.164,141.204,133.983,133.802
2508.2,113.125,105.306,137.896,114.864,121.886,134.2,141.268,133.983,133.802
2508.3,113.075,105.306,137.828,114.864,121.93,134.2,141.204,133.947,133.802
2508.4,113.125,105.362,137.896,114.864,121.93,134.236,141.268,134.019,133.911
2508.5,113.176,105.362,137.896,114.864,121.886,134.236,141.236,133.983,133.802
2508.6,113.075,105.362,137.896,114.864,121.974,134.2,141.204,133.983,133.802
2508.7,113.176,105.418,137.896,114.913,122.018,134.236,141.268,133.983,133.802
2508.8,113.075,105.418,137.828,114.815,121.974,134.2,141.236,133.983,133.802
2508.9,113.176,105.418,137.862,114.864,122.062,134.2,141.236,134.019,133.802
2509.0,113.075,105.362,137.828,114.864,122.062,134.2,141.236,134.019,133.802
2509.1,113.075,105.418,137.828,114.864,122.018,134.236,141.268,134.019,133.838
2509.2,113.176,105.418,137.862,114.913,122.018,134.236,141.236,133.983,133.802
2509.3,113.176,105.418,137.828,114.913,122.018,134.2,141.236,134.019,133.838
2509.4,113.125,105.418,137.862,114.913,122.018,134.2,141.236,133.983,133.838
2509.5,113.125,105.53,137.828,114.913,122.062,134.2,141.268,134.019,133.838
2509.6,113.125,105.474,137.862,114.815,122.018,134.2,141.236,133.983,133.802
2509.7,113.125,105.53,137.862,114.864,122.15,134.272,141.204,134.019,133.802
2509.8,113.125,105.53,137.828,114.913,122.062,134.308,141.3,133.983,133.802
2509.9,113.176,105.53,137.828,114.913,122.062,134.2,141.236,134.019,133.802
2510.0,113.125,105.586,137.828,114.913,122.106,134.236,141.204,133.983,133.838
2510.1,113.125,105.586,137.896,114.913,122.106,134.236,141.236,134.019,133.874
2510.2,113.176,105.642,137.828,114.962,122.15,134.2,141.204,134.019,133.947
2510.3,113.176,105.53,137.828,114.962,122.106,134.2,141.268,134.019,133.802
2510.4,113.176,105.586,137.862,114.962,122.194,134.2,141.268,134.019,133.874
2510.5,113.176,105.642,137.828,114.962,122.15,134.272,141.236,134.019,133.838
2510.6,113.176,105.642,137.828,114.913,122.238,134.2,141.3,134.055,133.802
2510.7,113.226,105.642,137.896,114.913,122.238,134.2,141.204,134.055,133.838
2510.8,113.176,105.642,137.896,115.011,122.018,134.236,141.204,134.019,133.802
2510.9,113.125,105.642,137.896,114.962,122.194,134.236,141.204,134.055,133.838
2511.0,113.226,105.698,137.828,114.962,122.106,134.2,141.268,134.055,133.838
2511.1,113.226,105.754,137.963,114.913,122.194,134.236,141.236,133.983,133.802
2511.2,113.276,105.754,137.862,115.011,122.238,134.272,141.204,133.911,133.874
2511.3,113.226,105.698,137.828,114.962,122.238,134.236,141.204,134.019,133.874
2511.4,113.276,105.698,137.896,114.962,122.194,134.236,141.236,134.055,133.874
2511.5,113.226,105.754,137.862,114.962,122.238,134.272,141.236,134.055,133.874
2511.6,113.176,105.754,137.828,115.011,122.194,134.2,141.204,134.055,133.838
2511.7,113.176,105.81,137.862,115.011,122.282,134.2,141.236,134.055,133.802
2511.8,113.226,105.81,137.862,114.962,122.282,134.272,141.236,134.055,133.838
2511.9,113.226,105.754,137.862,115.06,122.326,134.236,141.3,134.055,133.874
2512.0,113.226,105.81,137.828,114.962,122.282,134.2,141.236,134.019,133.838
2512.1,113.226,105.81,137.828,114.962,122.282,134.272,141.204,134.019,133.838
2512.2,113.125,105.866,137.862,115.011,122.238,134.236,141.236,134.055,133.874
2512.3,113.276,105.754,137.828,115.011,122.326,134.272,141.268,134.055,133.838
2512.4,113.226,105.866,137.828,114.962,122.282,134.2,141.141,134.055,133.874
2512.5,113.276,105.866,137.862,115.06,122.326,134.164,141.236,134.091,133.838
2512.6,113.226,105.922,137.862,115.06,122.369,134.2,141.268,134.019,133.802
2512.7,113.326,105.922,137.862,115.011,122.369,134.2,141.236,134.055,133.838
2512.8,113.276,105.922,137.828,115.011,122.282,134.2,141.173,134.055,133.838
2512.9,113.276,105.977,137.862,115.06,122.457,134.236,141.236,134.019,133.874
2513.0,113.276,105.922,137.963,114.962,122.413,134.2,141.236,134.055,133.838
2513.1,113.276,105.977,137.828,115.011,122.544,134.2,141.236,134.055,133.874
2513.2,113.226,106.033,137.862,115.06,122.413,134.2,141.268,134.055,133.838
2513.3,113.276,105.977,137.862,115.06,122.413,134.2,141.173,134.055,133.838
2513.4,113.276,105.977,137.828,115.011,122.5,134.272,141.236,134.055,133.947
2513.5,113.226,105.977,137.828,115.06,122.413,134.2,141.268,134.055,133.838
2513.6,113.276,106.033,137.828,115.06,122.457,134.2,141.3,134.055,133.838
2513.7,113.326,106.033,137.862,115.06,122.5,134.236,141.236,134.055,133.874
2513.8,113.276,106.033,137.862,115.109,122.544,134.236,141.236,134.055,133.874
2513.9,113.276,106.033,137.929,115.06,122.457,134.236,141.204,134.055,133.838
2514.0,113.326,106.089,137.862,115.06,122.544,134.2,141.204,134.055,133.874
2514.1,113.326,106.089,137.862,115.06,122.544,134.236,141.204,134.091,133.874
2514.2,113.276,106.089,137.929,115.109,122.5,134.236,141.204,134.055,133.838
2514.3,113.326,106.089,137.828,115.06,122.544,134.2,141.236,134.055,133.874
2514.4,113.377,106.144,137.896,115.109,122.544,134.236,141.331,134.055,133.911
2514.5,113.326,106.144,137.896,115.109,122.544,134.236,141.204,134.091,133.874
2514.6,113.326,106.2,137.828,115.06,122.588,134.236,141.204,134.055,133.911
2514.7,113.326,106.2,137.862,115.06,122.544,134.2,141.236,134.055,133.947
2514.8,113.326,106.2,137.862,115.109,122.588,134.236,141.236,134.055,133.874
2514.9,113.326,106.2,137.862,115.158,122.588,134.236,141.236,134.055,133.874
2515.0,113.326,106.144,137.828,115.109,122.631,134.2,141.268,134.055,133.874
2515.1,113.326,106.2,137.828,115.207,122.588,134.272,141.268,134.055,133.947
2515.2,113.326,106.144,137.929,115.158,122.588,134.2,141.236,134.091,133.874
2515.3,113.276,106.255,137.828,115.207,122.631,134.2,141.204,134.091,133.874
2515.4,113.326,106.255,137.828,115.158,122.631,134.236,141.236,134.091,133.838
2515.5,113.326,106.255,137.896,115.158,122.675,134.236,141.236,134.019,133.874
2515.6,113.377,106.311,137.896,115.158,122.675,134.2,141.236,134.127,133.911
2515.7,113.377,106.366,137.828,115.158,122.675,134.236,141.236,134.055,133.911
2515.8,113.377,106.366,137.828,115.109,122.675,134.272,141.268,134.127,133.874
2515.9,113.326,106.366,137.896,115.158,122.675,134.236,141.268,134.055,133.874
2516.0,113.377,106.366,137.896,115.158,122.718,134.272,141.3,134.055,133.983
2516.1,113.276,106.311,137.862,115.158,122.675,134.236,141.268,134.055,133.911
2516.2,113.377,106.366,137.862,115.158,122.675,134.308,141.204,134.055,133.802
2516.3,113.377,106.477,137.896,115.158,122.675,134.236,141.331,134.055,133.874
2516.4,113.477,106.422,137.862,115.207,122.718,134.379,141.3,134.055,133.911
2516.5,113.326,106.422,137.896,115.158,122.805,134.236,141.268,134.055,133.874
2516.6,113.377,106.422,137.828,115.207,122.718,134.2,141.236,134.164,133.911
2516.7,113.427,106.422,137.862,115.207,122.762,134.236,141.236,134.091,133.838
2516.8,113.427,106.366,137.862,115.207,122.805,134.236,141.268,134.055,133.874
2516.9,113.377,106.477,137.862,115.207,122.805,134.236,141.236,134.127,133.838
2517.0,113.427,106.422,137.862,115.207,122.849,134.272,141.204,134.091,133.911
2517.1,113.427,106.532,137.929,115.158,122.849,134.272,141.236,134.091,133.947
2517.2,113.527,106.422,137.828,115.207,122.805,134.236,141.268,134.055,133.911
2517.3,113.377,106.532,137.929,115.158,122.936,134.236,141.204,134.055,133.874
2517.4,113.427,106.532,137.896,115.207,122.892,134.236,141.204,134.127,133.911
2517.5,113.477,106.532,137.862,115.207,122.849,134.272,141.236,134.091,133.947
2517.6,113.427,106.588,137.862,115.207,122.849,134.2,141.204,134.091,133.947
2517.7,113.427,106.588,137.828,115.109,122.849,134.272,141.236,134.055,133.911
2517.8,113.477,106.588,137.929,115.207,122.892,134.236,141.236,134.091,133.911
2517.9,113.477,106.643,137.896,115.256,122.936,134.236,141.236,134.164,133.911
2518.0,113.427,106.643,137.896,115.304,122.979,134.236,141.268,134.091,133.947
2518.1,113.477,106.588,137.862,115.207,122.936,134.164,141.236,134.127,133.947
2518.2,113.427,106.643,137.862,115.207,122.892,134.272,141.236,134.091,133.911
2518.3,113.427,106.643,137.862,115.256,122.936,134.272,141.236,134.127,133.947
2518.4,113.427,106.698,137.896,115.304,122.849,134.236,141.236,134.091,133.911
2518.5,113.427,106.643,137.862,115.256,122.936,134.272,141.204,134.127,133.947
2518.6,113.477,106.643,137.896,115.304,122.979,134.236,141.3,134.091,134.019
2518.7,113.477,106.698,137.862,115.207,122.936,134.164,141.268,134.091,133.911
2518.8,113.427,106.588,137.828,115.256,122.979,134.272,141.204,134.127,133.911
2518.9,113.477,106.643,137.862,115.256,123.022,134.236,141.204,134.091,133.911
2519.0,113.477,106.698,137.862,115.256,122.979,134.2,141.268,134.127,133.983
2519.1,113.477,106.753,137.896,115.207,123.022,134.272,141.204,134.127,133.947
2519.2,113.477,106.753,137.963,115.304,123.066,134.236,141.204,134.127,133.947
2519.3,113.477,106.808,137.828,115.402,122.979,134.236,141.236,134.127,133.911
2519.4,113.477,106.808,137.862,115.207,123.066,134.236,141.268,134.127,133.874
2519.5,113.577,106.863,137.828,115.353,123.109,134.236,141.173,134.127,133.947
2519.6,113.527,106.808,137.862,115.256,123.066,134.236,141.173,134.127,133.947
2519.7,113.527,106.863,137.896,115.304,123.066,134.236,141.3,134.127,133.947
2519.8,113.527,106.863,137.963,115.304,123.022,134.272,141.3,134.091,133.947
2519.9,113.527,106.918,137.761,115.256,123.066,134.308,141.204,134.127,133.947
2520.0,113.477,106.863,137.963,115.304,123.066,134.272,141.236,134.127,133.947
2520.1,113.527,106.918,137.896,115.304,123.109,134.272,141.236,134.127,133.911
2520.2,113.477,106.863,137.862,115.304,123.152,134.272,141.236,134.127,133.947
2520.3,113.527,107.028,137.862,115.353,123.152,134.2,141.204,134.127,134.019
2520.4,113.577,106.973,137.929,115.304,123.109,134.308,141.236,134.127,133.983
2520.5,113.527,106.973,137.862,115.353,123.109,134.272,141.236,134.127,133.983
2520.6,113.527,106.918,137.828,115.353,123.152,134.308,141.236,134.164,133.947
2520.7,113.527,106.973,137.828,115.304,123.109,134.236,141.236,134.127,133.947
2520.8,113.577,106.973,137.896,115.353,123.109,134.236,141.236,134.164,133.947
2520.9,113.477,106.973,137.862,115.353,123.195,134.272,141.236,134.164,133.983
2521.0,113.577,106.973,137.896,115.304,123.195,134.236,141.236,134.055,133.911
2521.1,113.527,106.973,137.862,115.353,123.109,134.236,141.236,134.127,133.947
2521.2,113.577,107.138,137.896,115.304,123.152,134.236,141.204,134.164,133.947
2521.3,113.577,106.973,137.997,115.353,123.238,134.236,141.236,134.127,133.911
2521.4,113.527,106.973,137.794,115.353,123.195,134.272,141.236,134.127,133.947
2521.5,113.527,107.028,137.896,115.353,123.325,134.236,141.236,134.164,134.019
2521.6,113.527,107.083,137.862,115.45,123.368,134.308,141.268,134.127,133.983
2521.7,113.577,107.083,137.896,115.353,123.195,134.236,141.204,134.127,133.983
2521.8,113.577,107.083,137.896,115.402,123.238,134.236,141.236,134.236,133.947
2521.9,113.577,107.083,137.862,115.353,123.238,134.272,141.236,134.164,133.947
2522.0,113.577,107.083,137.896,115.353,123.325,134.236,141.204,134.164,133.911
2522.1,113.577,107.083,137.862,115.353,123.238,134.272,141.236,134.127,133.983
2522.2,113.577,107.138,137.896,115.353,123.282,134.164,141.204,134.127,134.019
2522.3,113.577,107.138,137.862,115.304,123.368,134.2,141.236,134.2,133.983
2522.4,113.577,107.193,137.862,115.402,123.282,134.272,141.204,134.164,133.947
2522.5,113.577,107.193,137.896,115.45,123.282,134.272,141.236,134.127,134.019
2522.6,113.527,107.193,137.896,115.402,123.282,134.272,141.204,134.164,133.983
2522.7,113.577,107.193,137.828,115.353,123.325,134.272,141.236,134.2,134.019
2522.8,113.627,107.083,137.929,115.402,123.368,134.236,141.3,134.164,133.983
2522.9,113.627,107.138,137.896,115.353,123.282,134.236,141.236,134.127,133.947
2523.0,113.627,107.302,137.828,115.402,123.282,134.2,141.173,134.164,133.947
2523.1,113.577,107.193,137.862,115.402,123.368,134.272,141.204,134.127,133.983
2523.2,113.627,107.247,137.862,115.45,123.325,134.272,141.236,134.164,133.983
2523.3,113.627,107.247,137.929,115.45,123.368,134.272,141.204,134.164,134.019
2523.4,113.627,107.302,137.862,115.45,123.325,134.272,141.268,134.164,133.983
2523.5,113.627,107.247,137.896,115.45,123.411,134.272,141.268,134.164,133.983
2523.6,113.627,107.302,137.828,115.402,123.411,134.379,141.173,134.127,134.019
2523.7,113.577,107.357,137.862,115.45,123.368,134.272,141.236,134.164,133.983
2523.8,113.627,107.247,137.862,115.402,123.368,134.272,141.236,134.164,133.983
2523.9,113.627,107.357,137.794,115.45,123.454,134.343,141.236,134.2,134.019
2524.0,113.577,107.411,137.896,115.45,123.411,134.272,141.236,134.236,134.055
2524.1,113.677,107.357,137.896,115.402,123.454,134.236,141.236,134.164,134.019
2524.2,113.627,107.411,137.896,115.45,123.497,134.236,141.204,134.164,133.983
2524.3,113.677,107.357,137.896,115.548,123.454,134.272,141.236,134.164,134.019
2524.4,113.627,107.411,137.862,115.45,123.497,134.272,141.236,134.127,133.983
2524.5,113.677,107.521,137.828,115.548,123.454,134.272,141.204,134.164,133.983
2524.6,113.627,107.466,137.929,115.499,123.454,134.272,141.204,134.127,133.983
2524.7,113.627,107.357,137.896,115.45,123.54,134.236,141.204,134.164,134.019
2524.8,113.777,107.411,137.896,115.45,123.497,134.272,141.236,134.164,134.019
2524.9,113.677,107.521,137.896,115.45,123.583,134.272,141.236,134.164,134.019
2525.0,113.627,107.521,137.896,115.499,123.497,134.2,141.268,134.164,134.019
2525.1,113.677,107.521,137.896,115.45,123.583,134.236,141.268,134.164,133.983
2525.2,113.677,107.521,137.896,115.499,123.497,134.308,141.204,134.164,134.019
2525.3,113.727,107.521,137.862,115.499,123.54,134.272,141.268,134.2,134.055
2525.4,113.677,107.521,137.862,115.548,123.626,134.272,141.268,134.2,134.019
2525.5,113.677,107.575,137.896,115.499,123.583,134.272,141.236,134.164,133.983
2525.6,113.677,107.575,137.896,115.45,123.583,134.272,141.204,134.2,134.019
2525.7,113.727,107.575,137.929,115.45,123.669,134.236,141.236,134.164,134.019
2525.8,113.677,107.63,137.862,115.499,123.54,134.272,141.236,134.2,134.019
2525.9,113.777,107.63,137.896,115.499,123.54,134.308,141.236,134.2,134.055
2526.0,113.727,107.684,137.862,115.499,123.626,134.308,141.268,134.2,133.983
2526.1,113.727,107.63,137.862,115.499,123.583,134.272,141.236,134.272,134.055
2526.2,113.727,107.63,137.929,115.548,123.669,134.272,141.204,134.2,134.019
2526.3,113.777,107.575,137.896,115.596,123.669,134.272,141.236,134.2,134.019
2526.4,113.777,107.63,137.862,115.548,123.669,134.308,141.236,134.164,134.019
2526.5,113.677,107.684,137.828,115.548,123.711,134.308,141.236,134.2,134.055
2526.6,113.727,107.684,137.929,115.499,123.669,134.2,141.236,134.2,134.019
2526.7,113.777,107.738,137.896,115.548,123.711,134.272,141.236,134.091,134.055
2526.8,113.777,107.738,137.929,115.548,123.711,134.272,141.204,134.236,134.019
2526.9,113.727,107.847,137.896,115.596,123.754,134.308,141.236,134.236,134.019
2527.0,113.777,107.738,137.896,115.548,123.754,134.308,141.236,134.236,134.055
2527.1,113.727,107.793,137.862,115.548,123.754,134.272,141.236,134.236,134.055
2527.2,113.777,107.793,137.862,115.596,123.797,134.236,141.268,134.164,134.055
2527.3,113.876,107.793,137.896,115.596,123.754,134.308,141.268,134.2,134.091
2527.4,113.777,107.847,137.896,115.596,123.797,134.272,141.236,134.236,134.019
2527.5,113.826,107.793,137.862,115.645,123.797,134.272,141.268,134.236,134.055
2527.6,113.826,107.901,137.997,115.645,123.797,134.272,141.236,134.2,134.019
2527.7,113.777,107.901,137.862,115.596,123.797,134.272,141.236,134.236,134.055
2527.8,113.826,107.901,137.896,115.596,123.797,134.308,141.236,134.2,134.055
2527.9,113.777,107.847,137.862,115.596,123.797,134.272,141.236,134.2,134.019
2528.0,113.777,107.901,137.862,115.596,123.883,134.308,141.236,134.236,134.055
2528.1,113.826,107.901,137.896,115.596,123.883,134.272,141.236,134.236,134.055
2528.2,113.826,107.955,137.896,115.596,123.883,134.272,141.236,134.236,134.019
2528.3,113.826,107.955,137.896,115.645,123.925,134.308,141.236,134.236,134.127
2528.4,113.826,107.955,137.929,115.596,123.883,134.272,141.236,134.236,134.019
2528.5,113.777,108.01,137.929,115.596,123.925,134.308,141.236,134.272,134.019
2528.6,113.777,108.01,137.862,115.645,123.925,134.308,141.236,134.272,134.055
2528.7,113.826,108.01,137.896,115.645,123.925,134.272,141.173,134.236,134.055
2528.8,113.826,108.01,137.896,115.645,123.883,134.272,141.236,134.272,134.019
2528.9,113.826,107.955,137.896,115.645,123.883,134.272,141.236,134.236,134.055
2529.0,113.777,108.064,137.896,115.693,123.925,134.272,141.236,134.2,134.091
2529.1,113.876,108.01,137.929,115.645,123.968,134.272,141.236,134.308,134.055
2529.2,113.826,108.064,137.896,115.645,123.968,134.308,141.204,134.236,134.091
2529.3,113.826,108.064,137.896,115.645,124.011,134.308,141.236,134.308,134.055
2529.4,113.826,108.064,137.896,115.645,123.925,134.272,141.268,134.164,134.091
2529.5,113.826,108.118,137.896,115.645,123.968,134.272,141.236,134.272,134.055
2529.6,113.876,108.118,137.896,115.645,124.181,134.272,141.204,134.236,134.2
2529.7,113.876,108.064,137.862,115.693,123.968,134.272,141.236,134.236,134.127
2529.8,113.826,108.118,137.929,115.742,124.011,134.272,141.268,134.2,134.055
2529.9,113.826,108.172,137.929,115.645,124.096,134.379,141.236,134.272,134.055
2530.0,113.926,108.172,137.896,115.693,124.053,134.343,141.268,134.2,134.091
2530.1,113.826,108.172,137.896,115.742,124.011,134.272,141.236,134.236,134.055
2530.2,113.876,108.172,137.862,115.742,124.096,134.308,141.3,134.236,134.091
2530.3,113.926,108.28,137.929,115.693,124.096,134.308,141.141,134.236,134.091
2530.4,113.876,108.226,137.896,115.742,124.053,134.343,141.268,134.272,134.055
2530.5,113.926,108.226,137.896,115.693,124.138,134.272,141.236,134.236,134.164
2530.6,113.876,108.28,137.929,115.693,124.053,134.272,141.268,134.272,134.055
2530.7,113.876,108.388,137.896,115.693,124.096,134.272,141.236,134.272,134.091
2530.8,113.926,108.28,137.862,115.693,124.138,134.308,141.236,134.236,134.091
2530.9,113.926,108.28,137.896,115.693,124.223,134.308,141.236,134.308,134.055
2531.0,113.926,108.334,137.862,115.693,124.138,134.308,141.204,134.272,134.055
2531.1,113.926,108.334,137.929,115.693,124.181,134.272,141.236,134.2,134.091
2531.2,113.926,108.334,137.929,115.79,124.181,134.272,141.268,134.272,134.091
2531.3,113.926,108.388,137.896,115.742,124.181,134.308,141.268,134.236,134.091
2531.4,113.926,108.334,137.862,115.742,124.223,134.272,141.268,134.236,134.127
2531.5,113.926,108.334,137.896,115.742,124.181,134.308,141.236,134.236,134.127
2531.6,113.976,108.388,137.828,115.742,124.181,134.308,141.204,134.272,134.091
2531.7,113.976,108.388,137.862,115.79,124.181,134.272,141.236,134.164,134.127
2531.8,113.976,108.388,137.896,115.742,124.223,134.272,141.268,134.272,134.127
2531.9,113.926,108.442,137.896,115.742,124.223,134.308,141.236,134.343,134.091
2532.0,113.926,108.442,137.929,115.742,124.308,134.236,141.268,134.343,134.127
2532.1,113.926,108.495,137.896,115.887,124.223,134.308,141.268,134.236,134.127
2532.2,113.926,108.603,137.896,115.742,124.223,134.379,141.268,134.272,134.127
2532.3,114.025,108.495,137.929,115.742,124.266,134.308,141.204,134.272,134.091
2532.4,113.976,108.388,137.929,115.79,124.351,134.308,141.236,134.272,134.127
2532.5,113.976,108.495,137.896,115.79,124.266,134.272,141.204,134.272,134.127
2532.6,113.976,108.549,137.963,115.742,124.308,134.343,141.236,134.272,134.127
2532.7,113.926,108.549,137.896,115.742,124.351,134.308,141.236,134.272,134.055
2532.8,113.976,108.495,137.896,115.79,124.308,134.308,141.236,134.308,134.127
2532.9,113.976,108.442,137.896,115.79,124.266,134.308,141.236,134.343,134.055
2533.0,113.976,108.549,137.862,115.742,124.308,134.308,141.268,134.308,134.127
2533.1,113.976,108.603,137.896,115.838,124.308,134.272,141.268,134.308,134.055
2533.2,113.976,108.603,137.896,115.742,124.351,134.308,141.204,134.272,134.091
2533.3,113.976,108.71,137.896,115.79,124.266,134.272,141.236,134.272,134.164
2533.4,113.976,108.603,137.862,115.838,124.308,134.343,141.3,134.272,134.127
2533.5,114.025,108.603,137.896,115.79,124.308,134.272,141.236,134.308,134.127
2533.6,113.976,108.657,137.896,115.79,124.393,134.308,141.236,134.308,134.127
2533.7,113.976,108.71,137.896,115.79,124.393,134.308,141.236,134.236,134.127
2533.8,114.025,108.657,137.896,115.838,124.393,134.308,141.268,134.236,134.127
2533.9,113.976,108.71,137.896,115.79,124.351,134.308,141.236,134.272,134.127
2534.0,114.025,108.657,137.896,115.79,124.266,134.272,141.236,134.272,134.127
2534.1,114.075,108.657,137.896,115.838,124.436,134.308,141.268,134.343,134.091
2534.2,113.976,108.657,137.896,115.838,124.436,134.272,141.204,134.308,134.127
2534.3,113.976,108.71,137.896,115.79,124.393,134.308,141.204,134.343,134.127
2534.4,114.025,108.657,137.896,115.838,124.393,134.308,141.236,134.308,134.127
2534.5,113.976,108.71,137.896,115.838,124.393,134.308,141.204,134.272,134.2
2534.6,114.025,108.764,137.896,115.838,124.436,134.308,141.204,134.236,134.091
2534.7,114.025,108.764,137.963,115.838,124.393,134.308,141.236,134.272,134.127
2534.8,113.976,108.71,137.896,115.838,124.436,134.308,141.236,134.272,134.127
2534.9,114.075,108.764,137.929,115.887,124.436,134.308,141.236,134.272,134.127
2535.0,114.025,108.871,137.929,115.838,124.478,134.379,141.204,134.308,134.127
2535.1,114.025,108.657,137.929,115.935,124.478,134.308,141.204,134.272,134.2
2535.2,113.976,108.817,137.862,115.838,124.52,134.308,141.204,134.343,134.127
2535.3,114.025,108.817,137.896,115.887,124.562,134.308,141.236,134.308,134.127
2535.4,114.075,108.817,137.963,115.838,124.478,134.272,141.236,134.272,134.2
2535.5,114.075,108.817,137.862,115.838,124.52,134.308,141.236,134.308,134.091
2535.6,114.174,108.871,137.896,115.887,124.562,134.308,141.236,134.272,134.127
2535.7,114.125,108.924,137.896,115.887,124.52,134.343,141.204,134.308,134.164
2535.8,114.075,108.978,137.896,115.983,124.52,134.379,141.3,134.308,134.236
2535.9,114.025,108.924,137.929,115.838,124.52,134.308,141.236,134.272,134.164
2536.0,114.075,108.924,137.929,115.935,124.52,134.343,141.3,134.272,134.164
2536.1,114.025,108.871,137.862,115.935,124.562,134.308,141.268,134.308,134.091
2536.2,114.075,108.924,137.828,115.838,124.52,134.272,141.204,134.308,134.127
2536.3,114.075,108.924,137.896,115.935,124.647,134.308,141.268,134.308,134.127
2536.4,114.025,108.924,137.896,115.887,124.52,134.308,141.236,134.308,134.164
2536.5,114.125,108.978,137.896,115.935,124.562,134.308,141.236,134.308,134.2
2536.6,114.125,108.978,137.929,115.983,124.605,134.308,141.3,134.308,134.127
2536.7,114.075,108.978,137.896,115.887,124.605,134.308,141.236,134.308,134.236
2536.8,114.174,108.871,137.896,115.983,124.605,134.415,141.236,134.308,134.127
2536.9,114.174,109.085,137.896,115.887,124.562,134.308,141.3,134.343,134.164
2537.0,114.075,109.085,137.896,116.031,124.647,134.308,141.268,134.308,134.164
2537.1,114.174,108.978,137.862,115.887,124.647,134.308,141.236,134.308,134.2
2537.2,114.075,109.031,137.896,115.935,124.605,134.379,141.236,134.343,134.164
2537.3,114.125,109.031,137.896,115.887,124.689,134.308,141.236,134.343,134.127
2537.4,114.075,109.031,137.896,115.887,124.605,134.308,141.204,134.308,134.164
2537.5,114.125,109.085,137.828,115.983,124.647,134.343,141.268,134.308,134.127
2537.6,114.075,109.031,137.896,115.838,124.689,134.308,141.204,134.308,134.164
2537.7,114.125,109.031,137.896,115.887,124.689,134.308,141.236,134.343,134.127
2537.8,114.125,109.191,137.929,115.935,124.689,134.308,141.236,134.343,134.127
2537.9,114.125,109.085,137.862,115.935,124.816,134.308,141.236,134.343,134.164
2538.0,114.174,109.085,137.862,115.935,124.731,134.308,141.363,134.308,134.236
2538.1,114.125,109.138,137.896,115.935,124.731,134.308,141.236,134.415,134.2
2538.2,114.125,109.138,137.896,115.983,124.689,134.379,141.268,134.308,134.164
2538.3,114.125,109.138,137.896,115.935,124.773,134.308,141.204,134.308,134.127
2538.4,114.125,109.191,137.896,115.983,124.689,134.343,141.236,134.343,134.164
2538.5,114.125,109.138,137.896,115.983,124.773,134.272,141.236,134.343,134.164
2538.6,114.125,109.138,137.896,115.983,124.773,134.343,141.268,134.308,134.127
2538.7,114.125,109.191,137.997,115.983,124.731,134.308,141.236,134.308,134.164
2538.8,114.174,109.191,137.896,115.983,124.773,134.308,141.204,134.343,134.164
2538.9,114.125,109.191,137.896,115.983,124.731,134.308,141.236,134.308,134.164
2539.0,114.174,109.191,137.896,115.935,124.773,134.308,141.268,134.343,134.236
2539.1,114.174,109.244,137.896,115.983,124.773,134.308,141.236,134.308,134.164
2539.2,114.125,109.244,137.929,115.983,124.773,134.272,141.236,134.343,134.2
2539.3,114.224,109.298,137.896,116.08,124.816,134.308,141.236,134.343,134.2
2539.4,114.075,109.244,137.929,115.983,124.858,134.343,141.3,134.343,134.236
2539.5,114.174,109.351,137.929,115.935,124.816,134.343,141.268,134.308,134.2
2539.6,114.174,109.298,137.896,115.983,124.858,134.308,141.236,134.343,134.127
2539.7,114.174,109.298,137.828,116.031,124.816,134.343,141.268,134.308,134.164
2539.8,114.273,109.351,137.896,116.08,124.9,134.308,141.268,134.308,134.2
2539.9,114.224,109.457,137.896,115.983,124.858,134.308,141.204,134.343,134.236
2540.0,114.174,109.351,137.896,116.031,124.858,134.343,141.268,134.343,134.164
2540.1,114.224,109.404,137.963,115.983,124.858,134.343,141.236,134.343,134.236
2540.2,114.224,109.404,137.929,116.031,124.9,134.343,141.236,134.343,134.2
2540.3,114.224,109.351,137.896,116.08,124.942,134.379,141.236,134.308,134.164
2540.4,114.224,109.457,137.929,115.983,124.858,134.343,141.236,134.343,134.164
2540.5,114.224,109.457,137.896,115.983,124.9,134.308,141.331,134.343,134.2
2540.6,114.224,109.51,137.896,116.031,124.9,134.308,141.268,134.308,134.2
2540.7,114.174,109.51,137.929,116.031,124.942,134.379,141.268,134.379,134.2
2540.8,114.224,109.457,137.929,116.031,124.858,134.308,141.268,134.343,134.2
2540.9,114.224,109.404,137.896,116.08,124.942,134.379,141.236,134.343,134.2
2541.0,114.273,109.404,137.929,116.08,124.942,134.308,141.236,134.415,134.164
2541.1,114.224,109.51,137.929,116.031,124.942,134.308,141.236,134.343,134.2
2541.2,114.224,109.51,137.896,116.08,124.942,134.308,141.204,134.308,134.164
2541.3,114.224,109.51,137.929,116.08,124.984,134.343,141.236,134.308,134.2
2541.4,114.273,109.563,137.896,116.031,124.984,134.343,141.204,134.343,134.2
2541.5,114.224,109.563,137.896,116.08,125.026,134.343,141.236,134.343,134.2
2541.6,114.224,109.616,137.896,116.08,125.068,134.343,141.268,134.379,134.272
2541.7,114.273,109.563,137.929,116.128,125.026,134.379,141.236,134.236,134.236
2541.8,114.224,109.563,137.896,116.08,125.026,134.343,141.268,134.415,134.2
2541.9,114.273,109.616,137.929,116.08,125.026,134.343,141.236,134.379,134.164
2542.0,114.224,109.616,137.929,116.08,124.942,134.343,141.236,134.343,134.272
2542.1,114.224,109.616,137.896,116.08,125.026,134.308,141.268,134.343,134.2
2542.2,114.273,109.616,137.963,116.08,125.026,134.343,141.236,134.308,134.127
2542.3,114.273,109.669,137.896,116.031,124.984,134.308,141.236,134.379,134.2
2542.4,114.224,109.669,137.929,116.08,125.11,134.343,141.3,134.415,134.308
2542.5,114.323,109.669,137.896,116.128,125.068,134.343,141.236,134.415,134.236
2542.6,114.323,109.669,137.896,116.128,125.151,134.379,141.236,134.343,134.164
2542.7,114.273,109.827,137.929,116.08,125.151,134.308,141.268,134.379,134.236
2542.8,114.273,109.775,137.929,116.031,125.11,134.415,141.268,134.379,134.272
2542.9,114.323,109.775,137.929,116.128,125.151,134.343,141.236,134.379,134.236
2543.0,114.273,109.827,137.896,116.176,125.151,134.343,141.236,134.379,134.2
2543.1,114.273,109.775,137.896,116.08,125.151,134.308,141.236,134.379,134.2
2543.2,114.273,109.775,137.963,116.128,125.319,134.308,141.173,134.415,134.2
2543.3,114.323,109.827,137.862,116.128,125.235,134.343,141.173,134.343,134.236
2543.4,114.421,109.827,137.896,116.176,125.193,134.343,141.268,134.343,134.236
2543.5,114.323,109.827,137.963,116.176,125.11,134.451,141.204,134.379,134.236
2543.6,114.323,109.88,137.862,116.128,125.235,134.343,141.236,134.379,134.236
2543.7,114.323,109.827,137.896,116.08,125.193,134.343,141.204,134.487,134.2
2543.8,114.323,109.88,137.997,116.176,125.151,134.343,141.204,134.415,134.272
2543.9,114.372,109.827,137.896,116.176,125.193,134.343,141.236,134.379,134.236
2544.0,114.323,109.827,137.862,116.176,125.235,134.379,141.236,134.487,134.272
2544.1,114.372,109.88,137.929,116.128,125.235,134.308,141.236,134.415,134.236
2544.2,114.323,109.933,137.896,116.224,125.235,134.343,141.236,134.379,134.236
2544.3,114.323,109.933,137.896,116.176,125.319,134.308,141.3,134.415,134.272
2544.4,114.323,109.88,137.896,116.128,125.235,134.343,141.268,134.379,134.236
2544.5,114.323,109.985,137.929,116.176,125.235,134.343,141.204,134.379,134.236
2544.6,114.372,109.933,137.963,116.224,125.277,134.415,141.236,134.415,134.236
2544.7,114.372,109.88,137.929,116.224,125.36,134.308,141.268,134.415,134.2
2544.8,114.372,109.933,137.896,116.224,125.277,134.343,141.204,134.379,134.236
2544.9,114.372,109.985,137.896,116.176,125.319,134.343,141.268,134.415,134.236
2545.0,114.372,110.091,137.929,116.224,125.277,134.379,141.236,134.415,134.272
2545.1,114.323,110.038,137.896,116.176,125.319,134.343,141.236,134.415,134.236
2545.2,114.323,110.143,137.929,116.176,125.36,134.343,141.204,134.379,134.236
2545.3,114.372,110.091,137.929,116.176,125.319,134.343,141.236,134.451,134.236
2545.4,114.421,110.038,137.929,116.224,125.444,134.343,141.268,134.415,134.272
2545.5,114.471,110.038,137.963,116.224,125.36,134.343,141.236,134.415,134.236
2545.6,114.372,110.143,137.896,116.224,125.36,134.379,141.204,134.379,134.272
2545.7,114.421,110.038,137.896,116.368,125.36,134.308,141.236,134.379,134.308
2545.8,114.372,110.038,137.929,116.272,125.402,134.343,141.268,134.451,134.236
2545.9,114.372,110.091,137.929,116.176,125.36,134.308,141.204,134.415,134.236
2546.0,114.372,110.143,137.896,116.176,125.444,134.343,141.236,134.379,134.236
2546.1,114.471,110.038,137.929,116.272,125.402,134.343,141.236,134.451,134.236
2546.2,114.372,110.091,137.929,116.176,125.402,134.379,141.236,134.415,134.236
2546.3,114.372,110.143,137.896,116.272,125.402,134.343,141.236,134.343,134.236
2546.4,114.421,110.091,137.896,116.224,125.485,134.343,141.204,134.343,134.272
2546.5,114.372,110.143,137.929,116.224,125.527,134.343,141.236,134.343,134.272
2546.6,114.421,110.143,137.929,116.272,125.444,134.343,141.236,134.415,134.236
2546.7,114.372,110.196,137.896,116.32,125.444,134.343,141.236,134.415,134.308
2546.8,114.421,110.248,137.929,116.32,125.485,134.343,141.204,134.415,134.343
2546.9,114.471,110.196,137.929,116.272,125.485,134.379,141.236,134.415,134.236
2547.0,114.471,110.196,137.896,116.224,125.444,134.308,141.236,134.415,134.272
2547.1,114.421,110.196,137.929,116.224,125.485,134.308,141.3,134.415,134.272
2547.2,114.421,110.301,137.896,116.272,125.444,134.343,141.236,134.451,134.272
2547.3,114.421,110.248,137.896,116.224,125.444,134.379,141.236,134.415,134.164
2547.4,114.421,110.196,137.862,116.272,125.485,134.379,141.236,134.415,134.272
2547.5,114.471,110.248,137.929,116.272,125.485,134.308,141.236,134.415,134.308
2547.6,114.52,110.248,137.929,116.272,125.485,134.379,141.204,134.415,134.236
2547.7,114.52,110.248,137.896,116.368,125.527,134.2,141.236,134.451,134.236
2547.8,114.421,110.353,137.963,116.32,125.527,134.343,141.268,134.415,134.2
2547.9,114.421,110.301,137.896,116.272,125.527,134.343,141.236,134.415,134.236
2548.0,114.471,110.248,137.896,116.272,125.527,134.343,141.236,134.451,134.308
2548.1,114.52,110.301,137.929,116.272,125.527,134.379,141.236,134.415,134.343
2548.2,114.471,110.353,137.929,116.32,125.527,134.343,141.173,134.308,134.272
2548.3,114.471,110.301,137.896,116.32,125.527,134.343,141.3,134.415,134.236
2548.4,114.471,110.301,137.896,116.368,125.569,134.415,141.236,134.415,134.272
2548.5,114.471,110.405,137.896,116.32,125.527,134.343,141.268,134.451,134.272
2548.6,114.421,110.405,137.896,116.32,125.61,134.415,141.236,134.451,134.308
2548.7,114.471,110.353,137.929,116.272,125.61,134.343,141.236,134.451,134.272
2548.8,114.52,110.353,137.828,116.368,125.527,134.379,141.236,134.415,134.272
2548.9,114.52,110.353,137.929,116.272,125.527,134.343,141.236,134.415,134.272
2549.0,114.52,110.301,137.963,116.272,125.61,134.379,141.236,134.487,134.308
2549.1,114.619,110.405,137.963,116.224,125.652,134.379,141.204,134.415,134.272
2549.2,114.471,110.458,137.929,116.32,125.652,134.343,141.204,134.415,134.272
2549.3,114.52,110.458,137.929,116.32,125.61,134.343,141.268,134.415,134.272
2549.4,114.52,110.51,137.929,116.32,125.569,134.379,141.268,134.451,134.308
2549.5,114.471,110.458,137.896,116.368,125.485,134.415,141.236,134.415,134.308
2549.6,114.52,110.405,137.963,116.32,125.652,134.379,141.236,134.415,134.308
2549.7,114.52,110.458,137.862,116.368,125.652,134.379,141.236,134.487,134.308
2549.8,114.52,110.51,137.896,116.368,125.652,134.343,141.268,134.415,134.308
2549.9,114.52,110.51,137.963,116.368,125.693,134.379,141.236,134.451,134.272
2550.0,114.52,110.562,137.896,116.368,125.652,134.343,141.3,134.487,134.272
2550.1,114.471,110.51,137.929,116.368,125.693,134.343,141.236,134.379,134.308
2550.2,114.569,110.562,137.929,116.368,125.693,134.343,141.236,134.487,134.308
2550.3,114.52,110.562,137.896,116.368,125.693,134.415,141.236,134.523,134.272
2550.4,114.569,110.562,137.896,116.368,125.693,134.379,141.204,134.487,134.2
2550.5,114.52,110.51,137.929,116.368,125.735,134.379,141.236,134.451,134.308
2550.6,114.52,110.458,137.896,116.368,125.693,134.343,141.236,134.415,134.272
2550.7,114.569,110.562,137.896,116.416,125.735,134.343,141.268,134.415,134.308
2550.8,114.569,110.615,137.929,116.416,125.693,134.343,141.204,134.451,134.308
2550.9,114.569,110.615,137.929,116.368,125.735,134.415,141.204,134.415,134.272
2551.0,114.619,110.615,137.896,116.368,125.776,134.343,141.3,134.487,134.343
2551.1,114.569,110.667,137.896,116.368,125.735,134.343,141.236,134.487,134.308
2551.2,114.569,110.615,137.963,116.416,125.776,134.343,141.268,134.451,134.308
2551.3,114.569,110.667,137.896,116.368,125.776,134.379,141.236,134.451,134.379
2551.4,114.619,110.667,137.896,116.368,125.776,134.343,141.236,134.451,134.308
2551.5,114.52,110.615,137.929,116.368,125.818,134.343,141.236,134.451,134.308
2551.6,114.569,110.719,137.929,116.368,125.776,134.379,141.236,134.487,134.308
2551.7,114.619,110.719,137.896,116.368,125.818,134.343,141.268,134.451,134.379
2551.8,114.569,110.615,137.963,116.416,125.983,134.379,141.173,134.451,134.343
2551.9,114.569,110.771,137.896,116.416,125.859,134.343,141.3,134.451,134.272
2552.0,114.569,110.719,137.862,116.368,125.983,134.343,141.236,134.451,134.308
2552.1,114.569,110.771,137.929,116.416,125.818,134.343,141.236,134.487,134.308
2552.2,114.569,110.719,137.963,116.464,125.818,134.379,141.3,134.451,134.308
2552.3,114.619,110.823,137.963,116.464,125.859,134.379,141.236,134.487,134.343
2552.4,114.569,110.823,137.929,116.416,125.859,134.379,141.3,134.451,134.308
2552.5,114.569,110.771,137.963,116.464,125.859,134.343,141.268,134.487,134.308
2552.6,114.619,110.823,137.896,116.464,125.859,134.343,141.236,134.487,134.343
2552.7,114.619,110.823,137.828,116.464,125.859,134.379,141.268,134.451,134.308
2552.8,114.619,110.823,137.929,116.464,125.859,134.343,141.236,134.451,134.379
2552.9,114.569,110.875,137.963,116.464,126.066,134.451,141.236,134.487,134.343
2553.0,114.619,110.875,137.929,116.512,125.901,134.343,141.236,134.487,134.343
2553.1,114.619,110.875,137.929,116.416,125.901,134.343,141.236,134.451,134.343
2553.2,114.668,110.823,137.896,116.368,125.859,134.379,141.204,134.451,134.343
2553.3,114.569,110.875,137.963,116.512,125.901,134.379,141.236,134.451,134.343
2553.4,114.717,110.927,137.896,116.464,125.983,134.379,141.236,134.487,134.379
2553.5,114.619,110.927,137.963,116.464,125.901,134.308,141.236,134.487,134.343
2553.6,114.619,110.927,137.929,116.464,125.983,134.343,141.236,134.487,134.308
2553.7,114.619,110.979,137.896,116.464,126.024,134.343,141.204,134.451,134.379
2553.8,114.619,110.927,137.828,116.512,125.942,134.343,141.268,134.487,134.343
2553.9,114.668,110.875,137.997,116.512,125.983,134.343,141.268,134.487,134.308
2554.0,114.619,110.927,137.929,116.512,125.942,134.343,141.236,134.523,134.343
2554.1,114.668,110.927,137.929,116.464,125.901,134.379,141.204,134.451,134.308
2554.2,114.619,110.979,137.963,116.464,125.942,134.379,141.236,134.487,134.343
2554.3,114.717,111.031,137.929,116.464,125.942,134.343,141.236,134.487,134.343
2554.4,114.668,110.979,137.896,116.512,125.983,134.379,141.236,134.487,134.343
2554.5,114.668,110.979,137.963,116.464,125.983,134.343,141.236,134.487,134.343
2554.6,114.619,111.134,137.963,116.512,125.983,134.415,141.204,134.451,134.343
2554.7,114.619,111.083,137.929,116.512,126.024,134.451,141.236,134.379,134.308
2554.8,114.668,111.031,137.929,116.464,126.066,134.379,141.204,134.451,134.343
2554.9,114.668,111.031,137.963,116.512,126.066,134.379,141.236,134.487,134.379
2555.0,114.668,111.031,137.929,116.512,126.066,134.343,141.236,134.487,134.343
2555.1,114.668,111.083,137.929,116.56,126.107,134.379,141.236,134.487,134.308
2555.2,114.668,111.031,137.896,116.512,126.148,134.343,141.236,134.415,134.343
2555.3,114.668,111.083,137.896,116.512,126.024,134.343,141.236,134.487,134.343
2555.4,114.717,111.083,137.896,116.512,126.066,134.379,141.268,134.487,134.343
2555.5,114.668,111.134,137.896,116.56,126.024,134.415,141.3,134.487,134.343
2555.6,114.668,111.134,137.963,116.56,126.066,134.379,141.3,134.487,134.379
2555.7,114.668,111.083,137.929,116.512,126.107,134.379,141.236,134.523,134.308
2555.8,114.668,111.083,137.929,116.512,126.066,134.379,141.236,134.523,134.379
2555.9,114.668,111.134,137.963,116.512,126.107,134.379,141.236,134.415,134.343
2556.0,114.668,111.134,137.963,116.512,126.107,134.379,141.236,134.487,134.379
2556.1,114.766,111.186,137.929,116.464,126.107,134.379,141.268,134.523,134.343
2556.2,114.668,111.186,137.963,116.56,126.066,134.379,141.173,134.523,134.343
2556.3,114.717,111.186,137.929,116.512,126.148,134.379,141.236,134.523,134.379
2556.4,114.668,111.186,137.929,116.655,126.148,134.379,141.236,134.523,134.272
2556.5,114.717,111.186,137.862,116.512,126.148,134.379,141.236,134.487,134.343
2556.6,114.717,111.238,137.929,116.56,126.148,134.415,141.3,134.487,134.343
2556.7,114.668,111.238,137.963,116.56,126.148,134.343,141.173,134.523,134.379
2556.8,114.668,111.238,137.929,116.607,126.148,134.415,141.236,134.559,134.379
2556.9,114.766,111.29,137.929,116.56,126.189,134.379,141.236,134.523,134.343
2557.0,114.668,111.238,137.963,116.655,126.148,134.415,141.236,134.523,134.343
2557.1,114.766,111.29,137.929,116.56,126.148,134.379,141.236,134.559,134.379
2557.2,114.717,111.29,137.997,116.512,126.189,134.379,141.236,134.487,134.379
2557.3,114.815,111.29,137.896,116.607,126.231,134.343,141.236,134.559,134.379
2557.4,114.717,111.393,137.929,116.607,126.189,134.379,141.236,134.487,134.343
2557.5,114.766,111.341,137.929,116.56,126.231,134.379,141.236,134.487,134.379
2557.6,114.766,111.341,137.896,116.56,126.189,134.379,141.236,134.559,134.343
2557.7,114.717,111.341,137.963,116.464,126.272,134.379,141.236,134.487,134.379
2557.8,114.766,111.393,137.929,116.655,126.231,134.379,141.268,134.523,134.343
2557.9,114.766,111.393,137.963,116.607,126.272,134.415,141.268,134.523,134.379
2558.0,114.815,111.341,137.963,116.607,126.272,134.379,141.268,134.594,134.379
2558.1,114.766,111.393,137.963,116.56,126.148,134.343,141.236,134.559,134.343
2558.2,114.766,111.496,137.929,116.607,126.231,134.487,141.236,134.523,134.379
2558.3,114.864,111.444,137.963,116.655,126.231,134.379,141.3,134.559,134.379
2558.4,114.766,111.393,137.963,116.607,126.354,134.343,141.268,134.559,134.379
2558.5,114.766,111.393,137.929,116.607,126.272,134.343,141.236,134.487,134.379
2558.6,114.766,111.444,137.963,116.607,126.395,134.415,141.204,134.451,134.379
2558.7,114.766,111.548,137.929,116.607,126.272,134.415,141.236,134.523,134.451
2558.8,114.815,111.393,137.929,116.655,126.272,134.379,141.204,134.559,134.379
2558.9,114.766,111.496,137.929,116.607,126.313,134.379,141.3,134.559,134.415
2559.0,114.815,111.496,137.963,116.703,126.313,134.415,141.268,134.523,134.451
2559.1,114.766,111.548,137.929,116.655,126.354,134.379,141.268,134.523,134.415
2559.2,114.815,111.496,137.929,116.607,126.313,134.379,141.236,134.594,134.415
2559.3,114.766,111.548,137.963,116.655,126.354,134.343,141.3,134.63,134.415
2559.4,114.766,111.548,137.929,116.703,126.354,134.379,141.236,134.487,134.451
2559.5,114.815,111.548,137.929,116.607,126.395,134.379,141.268,134.559,134.415
2559.6,114.815,111.548,137.963,116.607,126.354,134.415,141.236,134.523,134.379
2559.7,114.766,111.548,137.896,116.607,126.395,134.415,141.236,134.559,134.379
2559.8,114.815,111.548,137.997,116.655,126.395,134.343,141.236,134.559,134.379
2559.9,114.766,111.599,137.963,116.751,126.354,134.379,141.236,134.559,134.379
2560.0,114.815,111.599,137.963,116.703,126.354,134.379,141.204,134.559,134.379
2560.1,114.815,111.548,137.963,116.607,126.395,134.415,141.204,134.523,134.379
2560.2,114.815,111.702,137.929,116.607,126.436,134.379,141.236,134.594,134.415
2560.3,114.815,111.65,137.929,116.703,126.395,134.451,141.236,134.559,134.415
2560.4,114.766,111.65,137.929,116.703,126.436,134.415,141.236,134.523,134.415
2560.5,114.815,111.599,137.929,116.703,126.395,134.415,141.236,134.559,134.523
2560.6,114.815,111.65,137.963,116.655,126.477,134.415,141.236,134.559,134.415
2560.7,114.815,111.65,137.963,116.655,126.559,134.415,141.204,134.559,134.379
2560.8,114.864,111.65,137.862,116.703,126.436,134.415,141.268,134.559,134.379
2560.9,114.815,111.65,137.963,116.703,126.436,134.379,141.268,134.594,134.415
2561.0,114.766,111.753,137.963,116.751,126.436,134.379,141.236,134.594,134.379
2561.1,114.864,111.702,137.963,116.751,126.518,134.415,141.236,134.559,134.379
2561.2,114.864,111.65,137.963,116.655,126.436,134.379,141.268,134.523,134.451
2561.3,114.864,111.753,137.963,116.655,126.518,134.415,141.3,134.594,134.379
2561.4,114.864,111.753,137.963,116.703,126.436,134.379,141.204,134.594,134.415
2561.5,114.864,111.753,137.929,116.655,126.477,134.379,141.3,134.559,134.415
2561.6,114.864,111.753,137.963,116.703,126.477,134.379,141.268,134.559,134.415
2561.7,114.864,111.753,137.963,116.655,126.518,134.379,141.268,134.559,134.415
2561.8,114.864,111.805,137.929,116.751,126.477,134.451,141.268,134.559,134.415
2561.9,114.864,111.805,137.997,116.703,126.477,134.415,141.236,134.63,134.415
2562.0,114.864,111.805,137.929,116.751,126.477,134.415,141.3,134.523,134.487
2562.1,114.815,111.805,137.963,116.703,126.559,134.487,141.3,134.415,134.415
2562.2,114.864,111.753,137.929,116.703,126.477,134.379,141.236,134.523,134.415
2562.3,114.962,111.805,137.997,116.751,126.6,134.379,141.3,134.487,134.415
2562.4,114.864,111.805,137.929,116.703,126.559,134.415,141.268,134.523,134.415
2562.5,114.913,111.805,137.997,116.751,126.6,134.379,141.268,134.523,134.415
2562.6,114.913,111.805,137.929,116.703,126.518,134.379,141.236,134.523,134.415
2562.7,114.913,111.856,137.929,116.703,126.559,134.415,141.236,134.594,134.415
2562.8,114.864,111.856,137.997,116.751,126.559,134.379,141.268,134.559,134.415
2562.9,114.864,111.856,137.828,116.703,126.559,134.487,141.236,134.594,134.415
2563.0,114.913,111.856,137.929,116.751,126.559,134.415,141.236,134.559,134.415
2563.1,114.913,111.856,137.862,116.751,126.6,134.415,141.236,134.559,134.415
2563.2,114.913,111.907,137.929,116.703,126.518,134.379,141.3,134.559,134.451
2563.3,114.962,111.907,137.997,116.751,126.641,134.415,141.236,134.594,134.415
2563.4,114.864,111.907,137.963,116.751,126.641,134.379,141.236,134.559,134.415
2563.5,114.864,111.958,137.929,116.751,126.6,134.415,141.268,134.594,134.379
2563.6,114.913,111.907,137.963,116.751,126.6,134.379,141.268,134.594,134.451
2563.7,114.864,111.958,137.896,116.798,126.6,134.343,141.3,134.666,134.379
2563.8,114.962,111.907,137.963,116.751,126.6,134.451,141.3,134.559,134.415
2563.9,114.913,111.958,137.963,116.703,126.6,134.379,141.236,134.594,134.415
2564.0,114.962,111.958,137.929,116.751,126.6,134.415,141.3,134.559,134.487
2564.1,114.962,111.958,137.929,116.798,126.6,134.379,141.236,134.63,134.451
2564.2,114.913,111.958,137.963,116.798,126.722,134.379,141.268,134.523,134.415
2564.3,114.864,111.958,137.929,116.846,126.682,134.343,141.268,134.594,134.487
2564.4,114.864,112.009,137.929,116.751,126.682,134.415,141.204,134.559,134.451
2564.5,114.864,111.958,137.929,116.798,126.682,134.379,141.204,134.559,134.415
2564.6,114.913,112.112,137.929,116.798,126.682,134.415,141.268,134.559,134.415
2564.7,114.962,112.061,137.896,116.703,126.641,134.415,141.236,134.559,134.415
2564.8,114.913,111.907,138.031,116.798,126.641,134.415,141.236,134.559,134.451
2564.9,114.913,112.061,137.929,116.798,126.722,134.379,141.268,134.559,134.308
2565.0,114.962,112.009,137.997,116.846,126.763,134.343,141.268,134.594,134.451
2565.1,114.913,112.061,137.963,116.798,126.763,134.415,141.236,134.594,134.451
2565.2,114.913,112.061,138.031,116.894,126.722,134.415,141.236,134.594,134.451
2565.3,114.913,112.061,137.963,116.798,126.722,134.415,141.204,134.594,134.415
2565.4,114.962,112.112,137.963,116.846,126.722,134.487,141.236,134.63,134.451
2565.5,114.962,112.112,137.929,116.846,126.763,134.379,141.268,134.594,134.451
2565.6,114.962,112.112,137.963,116.798,126.722,134.379,141.236,134.594,134.415
2565.7,114.913,112.163,137.997,116.798,126.763,134.415,141.236,134.559,134.415
2565.8,115.011,112.163,137.963,116.846,126.763,134.379,141.236,134.559,134.487
2565.9,114.962,112.112,137.963,116.798,126.722,134.415,141.204,134.594,134.451
2566.0,114.962,112.163,137.963,116.798,126.763,134.379,141.268,134.63,134.451
2566.1,114.962,112.163,137.929,116.798,126.763,134.415,141.236,134.594,134.451
2566.2,115.011,112.163,137.929,116.798,126.804,134.415,141.204,134.594,134.487
2566.3,115.06,112.163,137.997,116.798,126.845,134.415,141.268,134.666,134.451
2566.4,114.962,112.214,137.963,116.798,126.763,134.451,141.236,134.63,134.451
2566.5,115.011,112.214,137.929,116.798,126.804,134.415,141.236,134.594,134.451
2566.6,115.011,112.163,137.929,116.894,126.804,134.415,141.268,134.594,134.415
2566.7,114.962,112.265,137.896,116.798,126.804,134.415,141.268,134.559,134.451
2566.8,114.962,112.265,137.997,116.798,126.845,134.415,141.236,134.594,134.451
2566.9,114.913,112.214,137.963,116.846,126.763,134.415,141.268,134.594,134.451
2567.0,114.962,112.265,137.896,116.941,126.845,134.415,141.236,134.523,134.451
2567.1,114.962,112.214,137.963,116.846,126.845,134.415,141.236,134.594,134.451
2567.2,115.06,112.316,137.963,116.798,126.804,134.415,141.3,134.594,134.451
2567.3,115.011,112.316,137.929,116.894,126.804,134.379,141.268,134.559,134.451
2567.4,115.011,112.265,138.031,116.846,126.804,134.451,141.204,134.666,134.487
2567.5,115.011,112.265,137.929,116.846,126.845,134.487,141.204,134.594,134.451
2567.6,114.962,112.366,137.963,116.798,126.967,134.415,141.236,134.594,134.487
2567.7,115.011,112.366,137.862,116.894,126.885,134.379,141.3,134.594,134.487
2567.8,115.011,112.316,137.929,116.894,126.804,134.451,141.268,134.702,134.487
2567.9,115.06,112.366,137.963,116.846,126.926,134.415,141.236,134.63,134.523
2568.0,115.109,112.316,137.963,116.846,126.926,134.415,141.236,134.63,134.487
2568.1,115.011,112.366,137.963,116.846,126.885,134.415,141.236,134.594,134.451
2568.2,115.011,112.366,137.963,116.846,126.885,134.415,141.268,134.594,134.487
2568.3,115.011,112.366,137.963,116.846,126.885,134.379,141.3,134.63,134.415
2568.4,115.011,112.417,137.997,116.846,126.885,134.451,141.236,134.63,134.487
2568.5,115.011,112.417,137.896,116.941,126.926,134.415,141.236,134.594,134.487
2568.6,115.011,112.417,137.929,116.894,126.967,134.415,141.236,134.594,134.451
2568.7,115.06,112.417,137.929,116.894,126.926,134.487,141.236,134.63,134.451
2568.8,115.06,112.468,137.896,116.894,126.926,134.451,141.3,134.594,134.487
2568.9,115.011,112.417,137.963,116.894,126.967,134.415,141.268,134.63,134.487
2569.0,115.011,112.468,137.896,116.941,126.967,134.451,141.204,134.63,134.487
2569.1,115.109,112.519,137.929,116.941,126.967,134.379,141.268,134.737,134.487
2569.2,115.011,112.417,137.963,116.846,126.967,134.415,141.204,134.594,134.451
2569.3,115.011,112.57,137.929,116.894,126.926,134.451,141.236,134.666,134.451
2569.4,115.06,112.468,137.929,116.894,126.967,134.415,141.268,134.666,134.487
2569.5,115.06,112.468,137.963,116.894,127.048,134.415,141.236,134.666,134.451
2569.6,115.06,112.468,137.929,116.894,126.967,134.415,141.268,134.63,134.487
2569.7,115.06,112.519,137.997,116.941,126.967,134.415,141.236,134.63,134.523
2569.8,115.109,112.519,137.929,116.989,126.967,134.415,141.268,134.666,134.487
2569.9,115.109,112.519,137.929,116.941,127.007,134.415,141.236,134.63,134.487
2570.0,115.109,112.519,137.929,116.894,126.967,134.451,141.204,134.594,134.487
2570.1,115.109,112.519,137.896,116.894,127.007,134.487,141.268,134.63,134.523
2570.2,115.109,112.57,137.963,116.941,127.048,134.415,141.331,134.666,134.451
2570.3,115.06,112.57,137.963,116.941,127.007,134.415,141.204,134.63,134.487
2570.4,115.06,112.57,137.862,116.798,127.007,134.415,141.236,134.63,134.487
2570.5,115.109,112.62,137.963,116.941,127.048,134.415,141.331,134.594,134.523
2570.6,115.109,112.57,137.963,116.989,127.007,134.415,141.236,134.702,134.487
2570.7,115.158,112.62,137.963,116.941,127.089,134.451,141.236,134.63,134.451
2570.8,115.158,112.62,137.929,116.989,127.048,134.415,141.236,134.666,134.523
2570.9,115.158,112.671,137.929,116.989,127.048,134.415,141.3,134.666,134.487
2571.0,115.158,112.62,137.963,116.941,127.007,134.415,141.268,134.63,134.451
2571.1,115.109,112.62,137.929,116.941,127.048,134.487,141.236,134.63,134.379
2571.2,115.207,112.722,137.929,116.941,127.089,134.415,141.236,134.63,134.487
2571.3,115.109,112.671,137.963,116.941,127.129,134.415,141.236,134.63,134.523
2571.4,115.109,112.62,137.963,116.989,127.089,134.272,141.268,134.63,134.487
2571.5,115.109,112.671,137.963,116.941,127.129,134.415,141.268,134.63,134.487
2571.6,115.109,112.671,137.963,116.941,127.089,134.415,141.268,134.63,134.487
2571.7,115.109,112.671,137.929,116.941,127.089,134.487,141.236,134.63,134.523
2571.8,115.109,112.772,137.929,116.989,127.129,134.415,141.236,134.63,134.559
2571.9,115.109,112.671,137.929,116.989,127.17,134.415,141.236,134.63,134.523
2572.0,115.06,112.823,137.929,116.989,127.129,134.415,141.204,134.666,134.487
2572.1,115.158,112.823,138.031,116.941,127.21,134.415,141.236,134.63,134.523
2572.2,115.109,112.772,137.997,116.989,127.089,134.451,141.268,134.666,134.523
2572.3,115.158,112.772,137.929,116.989,127.129,134.415,141.236,134.63,134.559
2572.4,115.158,112.772,137.929,116.989,127.21,134.415,141.268,134.666,134.487
2572.5,115.158,112.772,137.963,116.941,127.17,134.415,141.236,134.666,134.559
2572.6,115.158,112.873,137.929,117.036,127.089,134.379,141.236,134.666,134.523
2572.7,115.109,112.873,137.929,116.989,127.17,134.415,141.3,134.702,134.487
2572.8,115.109,112.772,137.997,117.036,127.21,134.415,141.236,134.666,134.487
2572.9,115.158,112.772,138.031,116.989,127.21,134.451,141.236,134.63,134.523
2573.0,115.109,112.823,137.963,116.989,127.17,134.451,141.204,134.666,134.523
2573.1,115.207,112.873,137.929,116.989,127.21,134.415,141.363,134.666,134.487
2573.2,115.158,112.924,137.929,117.036,127.21,134.451,141.268,134.666,134.523
2573.3,115.158,112.873,137.963,117.084,127.21,134.415,141.268,134.666,134.487
2573.4,115.207,112.823,137.963,116.989,127.17,134.451,141.236,134.63,134.487
2573.5,115.158,112.823,137.997,116.989,127.21,134.415,141.236,134.666,134.523
2573.6,115.158,112.823,137.929,117.036,127.251,134.415,141.236,134.666,134.523
2573.7,115.158,112.873,137.929,117.036,127.251,134.451,141.236,134.63,134.523
2573.8,115.207,112.873,137.997,117.036,127.291,134.415,141.3,134.63,134.523
2573.9,115.207,112.924,137.963,116.989,127.251,134.487,141.331,134.63,134.523
2574.0,115.158,112.924,137.963,116.989,127.251,134.451,141.236,134.666,134.523
2574.1,115.158,112.974,137.997,117.036,127.291,134.415,141.268,134.666,134.523
2574.2,115.207,112.924,137.997,117.036,127.21,134.451,141.236,134.666,134.523
2574.3,115.207,112.974,138.031,116.989,127.291,134.379,141.236,134.666,134.523
2574.4,115.158,112.974,137.929,117.131,127.291,134.415,141.204,134.666,134.487
2574.5,115.158,112.974,137.929,116.989,127.332,134.415,141.204,134.666,134.487
2574.6,115.207,112.974,137.963,116.989,127.291,134.415,141.236,134.666,134.523
2574.7,115.256,112.974,137.929,117.084,127.291,134.415,141.204,134.666,134.523
2574.8,115.207,113.075,137.997,117.084,127.332,134.415,141.268,134.63,134.523
2574.9,115.304,112.974,137.963,116.989,127.291,134.451,141.236,134.666,134.523
2575.0,115.207,113.025,137.963,117.036,127.291,134.415,141.268,134.666,134.487
2575.1,115.207,113.075,137.963,117.084,127.372,134.415,141.236,134.702,134.487
2575.2,115.256,113.025,137.963,116.989,127.332,134.451,141.236,134.702,134.523
2575.3,115.207,113.025,137.929,117.036,127.291,134.451,141.268,134.63,134.559
2575.4,115.207,113.125,137.929,117.036,127.332,134.451,141.236,134.666,134.523
2575.5,115.256,113.125,137.963,117.084,127.412,134.451,141.204,134.666,134.559
2575.6,115.207,113.075,137.929,117.036,127.412,134.523,141.236,134.702,134.559
2575.7,115.207,113.025,137.963,117.131,127.332,134.451,141.268,134.702,134.523
2575.8,115.256,113.075,137.997,117.179,127.372,134.415,141.236,134.702,134.559
2575.9,115.256,113.176,138.031,117.036,127.372,134.451,141.268,134.702,134.559
2576.0,115.304,113.075,137.929,117.084,127.412,134.487,141.236,134.666,134.559
2576.1,115.256,113.176,137.963,117.036,127.412,134.415,141.236,134.666,134.523
2576.2,115.207,113.176,137.963,117.131,127.493,134.451,141.268,134.702,134.559
2576.3,115.256,113.226,137.997,117.084,127.453,134.415,141.3,134.702,134.559
2576.4,115.304,113.226,137.963,117.084,127.453,134.451,141.236,134.666,134.559
2576.5,115.256,113.226,137.963,117.084,127.533,134.415,141.236,134.702,134.559
2576.6,115.304,113.226,137.997,117.131,127.493,134.415,141.268,134.737,134.63
2576.7,115.256,113.226,137.963,117.131,127.412,134.451,141.173,134.702,134.559
2576.8,115.256,113.176,137.963,117.131,127.493,134.415,141.268,134.702,134.559
2576.9,115.256,113.226,138.031,117.179,127.412,134.487,141.236,134.737,134.559
2577.0,115.256,113.226,137.929,117.131,127.453,134.415,141.3,134.702,134.523
2577.1,115.207,113.226,137.963,117.131,127.533,134.415,141.268,134.666,134.594
2577.2,115.256,113.276,137.963,117.131,127.493,134.487,141.236,134.773,134.559
2577.3,115.256,113.226,137.963,117.131,127.453,134.451,141.236,134.702,134.523
2577.4,115.304,113.276,137.963,117.131,127.493,134.415,141.268,134.702,134.594
2577.5,115.304,113.276,137.963,117.131,127.493,134.451,141.268,134.702,134.559
2577.6,115.256,113.326,138.064,117.084,127.533,134.415,141.236,134.702,134.559
2577.7,115.304,113.276,137.963,117.084,127.493,134.415,141.236,134.773,134.559
2577.8,115.304,113.326,137.929,117.084,127.493,134.451,141.268,134.702,134.559
2577.9,115.256,113.276,137.929,117.131,127.493,134.415,141.236,134.702,134.559
2578.0,115.304,113.377,137.929,117.131,127.493,134.451,141.268,134.702,134.559
2578.1,115.304,113.377,138.031,117.226,127.614,134.451,141.268,134.809,134.63
2578.2,115.304,113.377,137.929,117.179,127.493,134.487,141.268,134.702,134.63
2578.3,115.256,113.377,137.997,117.179,127.654,134.451,141.236,134.737,134.594
2578.4,115.304,113.377,137.997,117.179,127.574,134.523,141.236,134.737,134.559
2578.5,115.353,113.377,138.064,117.131,127.533,134.415,141.268,134.702,134.523
2578.6,115.402,113.377,137.997,117.179,127.533,134.451,141.236,134.702,134.559
2578.7,115.304,113.427,137.896,117.179,127.574,134.523,141.268,134.773,134.594
2578.8,115.304,113.377,137.963,117.179,127.533,134.451,141.3,134.737,134.559
2578.9,115.304,113.427,137.963,117.179,127.574,134.451,141.236,134.702,134.594
2579.0,115.304,113.427,137.997,117.179,127.574,134.415,141.204,134.702,134.594
2579.1,115.402,113.427,137.963,117.131,127.574,134.451,141.268,134.702,134.594
2579.2,115.402,113.427,138.031,117.131,127.614,134.559,141.236,134.702,134.559
2579.3,115.353,113.427,137.963,117.179,127.614,134.451,141.3,134.702,134.559
2579.4,115.353,113.427,137.929,117.179,127.614,134.415,141.236,134.702,134.559
2579.5,115.353,113.577,138.064,117.131,127.614,134.487,141.236,134.702,134.594
2579.6,115.353,113.527,137.963,117.179,127.614,134.451,141.268,134.702,134.559
2579.7,115.353,113.527,137.997,117.179,127.654,134.451,141.3,134.737,134.559
2579.8,115.353,113.477,137.929,117.179,127.654,134.451,141.268,134.702,134.559
2579.9,115.45,113.527,137.963,117.179,127.694,134.451,141.236,134.702,134.559
2580.0,115.402,113.527,137.963,117.179,127.654,134.415,141.268,134.702,134.594
2580.1,115.353,113.527,137.997,117.179,127.694,134.487,141.268,134.737,134.63
2580.2,115.45,113.477,138.031,117.179,127.694,134.451,141.236,134.737,134.523
2580.3,115.353,113.527,137.963,117.226,127.654,134.415,141.268,134.737,134.594
2580.4,115.353,113.577,137.997,117.226,127.694,134.451,141.268,134.702,134.63
2580.5,115.353,113.527,137.997,117.179,127.654,134.451,141.236,134.773,134.63
2580.6,115.353,113.577,137.963,117.179,127.694,134.415,141.236,134.737,134.559
2580.7,115.402,113.777,137.963,117.226,127.654,134.487,141.236,134.737,134.594
2580.8,115.353,113.627,137.963,117.226,127.654,134.451,141.236,134.702,134.523
2580.9,115.402,113.627,137.963,117.273,127.694,134.451,141.268,134.702,134.594
2581.0,115.402,113.627,137.997,117.179,127.694,134.451,141.236,134.702,134.666
2581.1,115.353,113.627,137.929,117.226,127.775,134.451,141.268,134.737,134.559
2581.2,115.353,113.627,137.963,117.273,127.694,134.451,141.268,134.737,134.487
2581.3,115.353,113.577,137.963,117.273,127.694,134.487,141.268,134.737,134.63
2581.4,115.402,113.677,137.963,117.179,127.734,134.451,141.236,134.737,134.559
2581.5,115.402,113.677,137.963,117.273,127.775,134.451,141.236,134.737,134.594
2581.6,115.353,113.677,137.929,117.273,127.734,134.379,141.236,134.737,134.594
2581.7,115.45,113.777,137.963,117.273,127.815,134.487,141.236,134.737,134.559
2581.8,115.256,113.777,137.963,117.226,127.775,134.487,141.236,134.737,134.63
2581.9,115.402,113.727,137.929,117.273,127.775,134.451,141.3,134.737,134.63
2582.0,115.45,113.677,137.963,117.321,127.734,134.451,141.268,134.702,134.63
2582.1,115.45,113.677,137.997,117.226,127.775,134.523,141.236,134.702,134.63
2582.2,115.402,113.826,137.997,117.226,127.734,134.451,141.236,134.737,134.594
2582.3,115.402,113.677,138.031,117.321,127.895,134.451,141.236,134.773,134.666
2582.4,115.45,113.727,137.997,117.226,127.855,134.487,141.3,134.773,134.594
2582.5,115.402,113.826,137.929,117.226,127.815,134.451,141.236,134.702,134.594
2582.6,115.402,113.777,137.963,117.273,127.855,134.451,141.204,134.773,134.594
2582.7,115.353,113.777,137.963,117.273,127.815,134.451,141.3,134.737,134.666
2582.8,115.45,113.826,137.896,117.273,127.775,134.415,141.236,134.702,134.63
2582.9,115.45,113.777,137.963,117.273,127.815,134.451,141.204,134.773,134.63
2583.0,115.45,113.826,137.963,117.273,127.815,134.487,141.236,134.809,134.63
2583.1,115.45,113.826,138.064,117.273,127.815,134.487,141.236,134.737,134.63
2583.2,115.548,113.777,137.963,117.273,127.895,134.451,141.236,134.737,134.559
2583.3,115.353,113.826,137.963,117.273,127.855,134.487,141.268,134.702,134.773
2583.4,115.45,113.876,137.997,117.273,127.855,134.415,141.236,134.737,134.594
2583.5,115.402,113.826,137.963,117.321,127.855,134.451,141.268,134.773,134.594
2583.6,115.45,113.876,137.997,117.273,127.935,134.451,141.204,134.809,134.702
2583.7,115.45,113.876,137.963,117.273,127.935,134.487,141.236,134.737,134.63
2583.8,115.548,113.926,137.997,117.273,127.855,134.451,141.3,134.737,134.63
2583.9,115.45,113.926,137.963,117.273,127.895,134.451,141.236,134.773,134.63
2584.0,115.548,113.926,137.929,117.321,127.895,134.415,141.236,134.773,134.63
2584.1,115.45,113.926,137.997,117.321,127.895,134.415,141.236,134.737,134.63
2584.2,115.45,113.926,137.963,117.368,127.975,134.451,141.236,134.773,134.63
2584.3,115.402,113.926,137.963,117.368,127.895,134.487,141.268,134.737,134.63
2584.4,115.499,113.976,137.997,117.321,127.855,134.451,141.173,134.773,134.63
2584.5,115.499,113.976,138.031,117.321,127.895,134.523,141.331,134.773,134.63
2584.6,115.499,113.976,137.963,117.321,128.015,134.451,141.236,134.737,134.666
2584.7,115.45,113.926,137.997,117.273,127.935,134.451,141.236,134.737,134.63
2584.8,115.499,114.025,137.963,117.321,127.975,134.451,141.236,134.773,134.63
2584.9,115.499,114.025,137.963,117.368,127.975,134.451,141.268,134.809,134.594
2585.0,115.499,114.075,137.963,117.368,127.975,134.487,141.236,134.773,134.594
2585.1,115.45,114.075,137.929,117.368,127.975,134.487,141.236,134.809,134.63
2585.2,115.499,114.075,138.031,117.321,127.935,134.451,141.268,134.773,134.63
2585.3,115.499,114.075,137.963,117.368,127.975,134.451,141.236,134.773,134.63
2585.4,115.45,114.025,137.963,117.321,128.055,134.451,141.236,134.809,134.666
2585.5,115.499,114.025,137.997,117.415,127.935,134.451,141.268,134.809,134.63
2585.6,115.548,114.075,137.963,117.368,128.015,134.487,141.3,134.773,134.666
2585.7,115.548,114.125,138.031,117.415,128.015,134.451,141.3,134.809,134.666
2585.8,115.499,114.125,137.963,117.368,127.975,134.451,141.173,134.737,134.63
2585.9,115.499,114.125,137.963,117.368,128.015,134.451,141.236,134.809,134.63
2586.0,115.499,114.125,137.963,117.415,128.095,134.451,141.236,134.773,134.666
2586.1,115.45,114.125,137.963,117.368,128.015,134.559,141.268,134.773,134.666
2586.2,115.596,114.174,137.997,117.462,128.015,134.487,141.268,134.773,134.63
2586.3,115.548,114.174,137.963,117.462,128.055,134.487,141.236,134.773,134.63
2586.4,115.596,114.174,137.929,117.415,128.055,134.487,141.268,134.773,134.666
2586.5,115.548,114.174,137.963,117.415,128.055,134.451,141.236,134.737,134.666
2586.6,115.548,114.224,137.963,117.415,128.095,134.451,141.236,134.773,134.666
2586.7,115.548,114.224,137.896,117.415,128.095,134.487,141.236,134.809,134.666
2586.8,115.45,114.323,137.963,117.368,128.135,134.523,141.268,134.773,134.666
2586.9,115.548,114.224,137.963,117.415,128.095,134.451,141.3,134.773,134.63
2587.0,115.548,114.273,137.963,117.368,128.135,134.451,141.236,134.773,134.63
2587.1,115.45,114.273,137.963,117.368,128.095,134.487,141.3,134.809,134.702
2587.2,115.596,114.273,137.963,117.509,128.095,134.451,141.236,134.773,134.666
2587.3,115.596,114.323,137.963,117.509,128.055,134.487,141.331,134.809,134.737
2587.4,115.645,114.323,137.963,117.415,128.095,134.451,141.236,134.773,134.737
2587.5,115.596,114.273,137.997,117.415,128.135,134.451,141.236,134.773,134.666
2587.6,115.548,114.323,137.929,117.509,128.135,134.451,141.268,134.809,134.666
2587.7,115.548,114.273,137.963,117.415,128.214,134.451,141.236,134.773,134.63
2587.8,115.499,114.323,137.963,117.415,128.175,134.451,141.236,134.773,134.63
2587.9,115.596,114.273,137.963,117.604,128.135,134.451,141.236,134.773,134.666
2588.0,115.548,114.372,137.997,117.462,128.055,134.487,141.236,134.844,134.702
2588.1,115.548,114.323,138.031,117.462,128.135,134.451,141.236,134.809,134.594
2588.2,115.596,114.323,137.862,117.415,128.135,134.487,141.268,134.773,134.666
2588.3,115.596,114.372,137.929,117.509,128.135,134.451,141.268,134.809,134.666
2588.4,115.596,114.372,137.963,117.462,128.175,134.523,141.268,134.809,134.702
2588.5,115.548,114.323,137.963,117.462,128.095,134.487,141.236,134.809,134.702
2588.6,115.596,114.372,137.963,117.462,128.214,134.451,141.236,134.773,134.666
2588.7,115.548,114.421,137.997,117.462,128.214,134.451,141.236,134.809,134.702
2588.8,115.645,114.421,137.997,117.462,128.175,134.559,141.268,134.809,134.737
2588.9,115.596,114.421,138.098,117.462,128.175,134.487,141.236,134.809,134.666
2589.0,115.596,114.421,138.031,117.415,128.214,134.451,141.236,134.773,134.666
2589.1,115.645,114.421,137.963,117.368,128.095,134.487,141.268,134.809,134.666
2589.2,115.693,114.52,137.929,117.462,128.214,134.487,141.236,134.844,134.702
2589.3,115.596,114.471,138.031,117.462,128.254,134.487,141.236,134.809,134.63
2589.4,115.596,114.471,137.963,117.462,128.214,134.487,141.236,134.809,134.63
2589.5,115.693,114.421,137.997,117.462,128.214,134.487,141.268,134.844,134.666
2589.6,115.596,114.471,137.963,117.462,128.175,134.487,141.236,134.809,134.666
2589.7,115.596,114.52,137.963,117.509,128.254,134.487,141.173,134.809,134.666
2589.8,115.645,114.52,137.997,117.462,128.294,134.487,141.236,134.844,134.702
2589.9,115.596,114.569,137.963,117.415,128.214,134.487,141.3,134.844,134.702
2590.0,115.596,114.569,137.929,117.509,128.254,134.487,141.3,134.809,134.63
2590.1,115.596,114.569,137.963,117.462,128.254,134.451,141.204,134.809,134.666
2590.2,115.596,114.569,137.963,117.462,128.334,134.451,141.236,134.844,134.702
2590.3,115.645,114.569,137.997,117.509,128.334,134.487,141.268,134.773,134.702
2590.4,115.693,114.569,137.929,117.462,128.294,134.487,141.3,134.809,134.702
2590.5,115.596,114.569,137.963,117.557,128.334,134.487,141.268,134.844,134.666
2590.6,115.645,114.569,137.963,117.462,128.294,134.487,141.173,134.951,134.702
2590.7,115.596,114.569,138.031,117.557,128.294,134.487,141.236,134.809,134.666
2590.8,115.693,114.569,138.031,117.462,128.294,134.487,141.236,134.809,134.702
2590.9,115.645,114.619,137.997,117.557,128.334,134.487,141.268,134.809,134.702
2591.0,115.645,114.619,137.963,117.509,128.334,134.523,141.268,134.88,134.702
2591.1,115.693,114.668,137.929,117.509,128.334,134.451,141.236,134.809,134.702
2591.2,115.645,114.619,137.997,117.557,128.413,134.451,141.204,134.844,134.666
2591.3,115.645,114.619,137.997,117.509,128.374,134.451,141.268,134.809,134.666
2591.4,115.645,114.668,137.963,117.557,128.374,134.487,141.236,134.844,134.702
2591.5,115.645,114.668,137.997,117.509,128.374,134.487,141.268,134.809,134.702
2591.6,115.693,114.619,137.963,117.509,128.374,134.487,141.3,134.809,134.702
2591.7,115.645,114.668,138.031,117.557,128.374,134.487,141.236,134.809,134.702
2591.8,115.742,114.766,138.064,117.509,128.294,134.487,141.268,134.88,134.702
2591.9,115.693,114.717,138.031,117.509,128.413,134.451,141.3,134.844,134.702
2592.0,115.693,114.815,137.997,117.557,128.374,134.559,141.236,134.844,134.702
2592.1,115.742,114.717,137.997,117.509,128.374,134.487,141.268,134.915,134.702
2592.2,115.693,114.717,137.997,117.509,128.413,134.451,141.268,134.809,134.737
2592.3,115.693,114.717,137.963,117.557,128.374,134.487,141.268,134.809,134.737
2592.4,115.742,114.864,138.031,117.509,128.413,134.523,141.236,134.844,134.702
2592.5,115.693,114.717,137.997,117.509,128.453,134.487,141.236,134.844,134.702
2592.6,115.693,114.717,137.963,117.509,128.493,134.451,141.3,134.844,134.702
2592.7,115.693,114.815,137.929,117.557,128.413,134.487,141.268,134.844,134.702
2592.8,115.742,114.815,137.963,117.557,128.453,134.487,141.268,134.951,134.702
2592.9,115.742,114.815,137.963,117.604,128.374,134.451,141.204,134.88,134.773
2593.0,115.742,114.815,138.031,117.557,128.413,134.487,141.236,134.809,134.737
2593.1,115.693,114.864,137.963,117.509,128.453,134.487,141.268,134.844,134.702
2593.2,115.693,114.815,137.997,117.557,128.493,134.487,141.268,134.88,134.702
2593.3,115.742,114.815,137.997,117.604,128.532,134.487,141.3,134.844,134.702
2593.4,115.693,114.864,137.963,117.557,128.453,134.487,141.236,134.844,134.702
2593.5,115.742,114.864,137.963,117.557,128.453,134.487,141.268,134.844,134.702
2593.6,115.742,114.717,137.963,117.604,128.493,134.487,141.268,134.844,134.809
2593.7,115.693,114.815,137.963,117.557,128.453,134.487,141.268,134.844,134.809
2593.8,115.887,114.913,138.031,117.604,128.532,134.487,141.268,134.809,134.702
2593.9,115.79,114.864,137.963,117.698,128.532,134.487,141.268,134.88,134.702
2594.0,115.79,114.864,137.963,117.604,128.532,134.487,141.268,134.88,134.702
2594.1,115.79,114.913,137.963,117.651,128.572,134.451,141.3,134.844,134.666
2594.2,115.742,114.962,137.997,117.604,128.572,134.523,141.268,134.915,134.702
2594.3,115.742,114.962,138.031,117.698,128.572,134.487,141.268,134.844,134.702
2594.4,115.742,114.962,138.031,117.604,128.532,134.559,141.268,134.88,134.773
2594.5,115.742,114.913,137.963,117.651,128.572,134.487,141.268,134.88,134.737
2594.6,115.742,114.962,137.997,117.604,128.612,134.487,141.268,134.844,134.737
2594.7,115.742,114.962,137.963,117.651,128.532,134.451,141.236,134.88,134.702
2594.8,115.742,115.011,137.997,117.651,128.572,134.487,141.236,134.915,134.773
2594.9,115.79,114.913,137.997,117.604,128.532,134.487,141.3,134.844,134.702
2595.0,115.693,115.011,137.997,117.651,128.572,134.451,141.268,134.915,134.702
2595.1,115.742,115.011,137.997,117.745,128.612,134.523,141.3,134.844,134.702
2595.2,115.79,115.011,137.997,117.651,128.612,134.487,141.268,134.844,134.737
2595.3,115.742,115.06,138.031,117.651,128.572,134.487,141.236,134.88,134.737
2595.4,115.79,115.06,137.963,117.604,128.572,134.487,141.236,134.844,134.737
2595.5,115.79,115.06,137.963,117.557,128.572,134.487,141.236,134.915,134.773
2595.6,115.742,115.109,138.031,117.651,128.612,134.487,141.3,134.88,134.773
2595.7,115.742,115.06,137.997,117.745,128.572,134.523,141.236,134.88,134.737
2595.8,115.79,115.06,137.997,117.651,128.651,134.451,141.268,134.844,134.737
2595.9,115.838,115.06,137.997,117.651,128.612,134.487,141.268,134.844,134.702
2596.0,115.79,115.109,137.997,117.604,128.651,134.523,141.204,134.88,134.773
2596.1,115.838,115.109,138.031,117.651,128.572,134.487,141.3,134.915,134.702
2596.2,115.79,115.109,137.963,117.698,128.612,134.523,141.3,134.844,134.737
2596.3,115.79,115.109,137.997,117.651,128.612,134.487,141.236,134.88,134.737
2596.4,115.79,115.109,137.963,117.651,128.651,134.523,141.268,134.88,134.773
2596.5,115.79,115.158,137.997,117.651,128.691,134.451,141.268,134.844,134.737
2596.6,115.79,115.207,137.997,117.651,128.612,134.523,141.3,134.844,134.773
2596.7,115.79,115.158,137.963,117.651,128.651,134.487,141.236,134.88,134.773
2596.8,115.838,115.207,137.963,117.698,128.612,134.523,141.268,134.844,134.773
2596.9,115.79,115.256,137.997,117.651,128.691,134.487,141.268,134.88,134.737
2597.0,115.79,115.207,137.997,117.651,128.651,134.451,141.236,134.844,134.702
2597.1,115.79,115.158,137.963,117.651,128.691,134.487,141.3,134.88,134.737
2597.2,115.887,115.207,137.997,117.651,128.572,134.487,141.236,134.88,134.737
2597.3,115.838,115.207,137.997,117.698,128.691,134.523,141.236,134.88,134.773
2597.4,115.838,115.256,137.963,117.698,128.691,134.487,141.236,134.844,134.773
2597.5,115.838,115.256,137.963,117.698,128.77,134.487,141.268,134.844,134.809
2597.6,115.838,115.256,137.997,117.745,128.77,134.523,141.268,134.844,134.773
2597.7,115.79,115.256,137.963,117.651,128.612,134.487,141.236,134.88,134.773
2597.8,115.838,115.353,138.098,117.698,128.73,134.487,141.268,134.915,134.737
2597.9,115.79,115.304,138.031,117.651,128.73,134.523,141.3,134.88,134.773
2598.0,115.838,115.304,137.997,117.698,128.77,134.523,141.236,134.915,134.773
2598.1,115.887,115.304,137.997,117.698,128.77,134.487,141.268,134.88,134.773
2598.2,115.838,115.353,137.997,117.698,128.77,134.487,141.3,134.809,134.737
2598.3,115.887,115.304,137.963,117.745,128.73,134.487,141.236,134.915,134.737
2598.4,115.887,115.353,137.963,117.698,128.73,134.451,141.141,134.844,134.773
2598.5,115.838,115.353,137.997,117.745,128.809,134.487,141.236,134.88,134.773
2598.6,115.838,115.353,138.064,117.745,128.888,134.487,141.268,134.915,134.773
2598.7,115.887,115.353,137.997,117.839,128.73,134.559,141.268,134.88,134.737
2598.8,115.838,115.353,137.997,117.839,128.809,134.487,141.204,134.844,134.773
2598.9,115.935,115.353,137.963,117.698,128.809,134.487,141.236,134.88,134.773
2599.0,115.887,115.353,138.031,117.792,128.77,134.523,141.268,134.88,134.773
2599.1,115.79,115.353,137.963,117.698,128.809,134.523,141.268,134.88,134.773
2599.2,115.935,115.402,137.997,117.698,128.809,134.487,141.268,134.951,134.773
2599.3,115.887,115.353,137.997,117.698,128.809,134.559,141.236,134.88,134.809
2599.4,115.887,115.45,137.963,117.745,128.849,134.487,141.3,134.915,134.773
2599.5,115.79,115.45,138.031,117.698,128.849,134.451,141.236,134.88,134.773
2599.6,115.935,115.402,137.963,117.839,128.849,134.487,141.268,134.951,134.773
2599.7,115.838,115.45,137.997,117.745,128.849,134.487,141.268,134.915,134.773
2599.8,115.935,115.402,137.997,117.745,128.888,134.559,141.236,134.88,134.773
2599.9,115.887,115.499,137.997,117.745,128.849,134.523,141.236,134.915,134.809
2600.0,115.887,115.45,137.963,117.792,128.849,134.523,141.236,134.951,134.809
2600.1,115.887,115.45,137.997,117.792,128.849,134.487,141.236,134.915,134.773
2600.2,115.887,115.45,138.031,117.745,128.849,134.487,141.204,134.951,134.773
2600.3,115.887,115.499,137.963,117.745,128.888,134.451,141.236,134.951,134.773
2600.4,115.887,115.499,137.963,117.745,128.888,134.559,141.236,134.88,134.809
2600.5,115.887,115.499,137.997,117.745,128.849,134.487,141.236,134.915,134.773
2600.6,115.935,115.548,138.031,117.745,128.927,134.451,141.268,134.915,134.773
2600.7,115.935,115.499,137.963,117.792,128.967,134.487,141.268,134.88,134.809
2600.8,115.887,115.548,137.997,117.745,128.888,134.487,141.236,134.951,134.844
2600.9,115.887,115.548,137.997,117.745,128.927,134.487,141.268,134.915,134.844
2601.0,115.935,115.548,137.997,117.792,128.927,134.487,141.236,134.915,134.773
2601.1,115.935,115.548,137.963,117.745,128.927,134.487,141.236,134.915,134.844
2601.2,115.935,115.45,138.031,117.745,128.888,134.487,141.236,134.951,134.773
2601.3,115.935,115.596,137.997,117.839,129.006,134.523,141.3,134.915,134.773
2601.4,115.887,115.596,137.997,117.792,128.967,134.523,141.236,134.915,134.773
2601.5,115.935,115.596,137.997,117.932,128.967,134.487,141.236,134.951,134.809
2601.6,116.031,115.596,137.997,117.792,128.927,134.523,141.268,134.915,134.773
2601.7,115.935,115.596,138.031,117.792,129.006,134.487,141.268,134.951,134.773
2601.8,115.935,115.693,137.997,117.839,128.967,134.487,141.3,134.951,134.809
2601.9,116.08,115.645,137.963,117.839,129.006,134.523,141.268,134.915,134.809
2602.0,115.935,115.693,137.963,117.839,128.967,134.487,141.268,134.915,134.773
2602.1,115.887,115.645,137.963,117.839,128.967,134.487,141.268,134.951,134.773
2602.2,115.983,115.693,137.963,117.839,129.006,134.523,141.236,134.951,134.809
2602.3,115.983,115.645,137.997,117.745,129.006,134.487,141.236,134.88,134.809
2602.4,115.935,115.645,137.997,117.839,129.006,134.487,141.236,134.951,134.809
2602.5,115.935,115.645,137.997,117.886,129.085,134.559,141.268,134.915,134.773
2602.6,115.983,115.693,137.997,117.839,129.006,134.487,141.236,134.951,134.737
2602.7,115.935,115.693,138.098,117.839,129.006,134.487,141.236,134.951,134.809
2602.8,115.935,115.742,138.031,117.839,129.085,134.523,141.204,134.951,134.773
2602.9,115.983,115.693,137.963,117.839,129.085,134.523,141.236,134.915,134.809
2603.0,116.031,115.742,138.165,117.932,128.967,134.487,141.268,134.844,134.809
2603.1,116.031,115.693,137.997,117.839,129.045,134.487,141.268,134.915,134.809
2603.2,115.983,115.79,138.031,117.839,129.085,134.523,141.236,134.915,134.809
2603.3,115.983,115.742,137.997,117.839,129.085,134.559,141.204,134.951,134.844
2603.4,115.983,115.742,138.031,117.886,129.045,134.523,141.268,134.951,134.809
2603.5,115.983,115.79,137.997,117.886,129.085,134.487,141.268,134.915,134.809
2603.6,115.983,115.79,137.997,117.932,129.045,134.559,141.236,134.915,134.809
2603.7,116.031,115.838,137.997,117.839,129.045,134.523,141.268,134.88,134.809
2603.8,115.935,115.838,137.963,117.932,129.006,134.523,141.363,134.951,134.88
2603.9,116.031,115.79,137.997,117.839,129.045,134.487,141.268,134.915,134.809
2604.0,115.935,115.79,137.997,117.979,129.124,134.523,141.236,134.88,134.809
2604.1,116.031,115.838,137.997,117.839,129.045,134.487,141.236,134.987,134.773
2604.2,116.031,115.838,137.963,117.932,129.085,134.487,141.3,134.987,134.88
2604.3,116.031,115.79,137.997,117.886,129.163,134.523,141.236,134.951,134.88
2604.4,116.08,115.838,138.064,117.839,128.967,134.487,141.236,134.915,134.809
2604.5,116.08,115.838,137.963,117.839,129.085,134.523,141.268,134.951,134.844
2604.6,116.031,115.838,137.997,117.932,129.163,134.487,141.331,134.915,134.809
2604.7,116.031,115.887,138.031,117.886,129.124,134.523,141.236,134.915,134.844
2604.8,116.031,115.887,137.997,117.979,129.085,134.523,141.3,134.987,134.88
2604.9,116.031,115.887,137.997,117.886,129.202,134.523,141.268,134.915,134.844
2605.0,116.08,115.935,138.031,117.932,129.085,134.523,141.268,134.951,134.809
2605.1,116.031,115.887,137.997,117.932,129.124,134.523,141.268,135.022,134.844
2605.2,116.08,115.838,138.031,117.932,129.124,134.523,141.236,134.951,134.702
2605.3,116.08,115.887,137.963,117.932,129.163,134.523,141.3,134.987,134.773
2605.4,116.031,115.838,137.997,117.932,129.124,134.487,141.236,134.951,134.88
2605.5,116.08,115.935,137.997,117.932,129.163,134.523,141.268,134.987,134.809
2605.6,116.08,115.983,137.997,117.886,129.163,134.523,141.236,134.951,134.915
2605.7,116.08,115.935,137.997,117.886,129.163,134.523,141.236,134.987,134.773
2605.8,116.08,115.887,137.997,117.932,129.163,134.523,141.3,134.951,134.844
2605.9,116.031,115.983,137.963,117.979,129.202,134.487,141.236,134.951,134.88
2606.0,116.031,116.031,137.997,117.932,129.241,134.559,141.268,134.987,134.809
2606.1,116.08,116.031,137.896,117.886,129.202,134.523,141.3,134.951,134.844
2606.2,116.031,115.983,137.997,117.932,129.163,134.559,141.3,134.987,134.88
2606.3,116.08,115.983,137.963,117.886,129.163,134.523,141.236,134.987,134.88
2606.4,116.031,116.031,138.031,117.979,129.241,134.487,141.3,134.951,134.88
2606.5,115.983,116.031,137.963,117.979,129.241,134.523,141.268,134.987,134.844
2606.6,116.128,116.031,137.997,117.932,129.241,134.523,141.268,134.951,134.844
2606.7,116.08,116.031,137.997,117.979,129.202,134.523,141.268,134.951,134.88
2606.8,116.031,116.08,137.963,117.932,129.241,134.523,141.268,134.987,134.809
2606.9,116.128,116.08,137.963,117.932,129.202,134.559,141.204,135.093,134.844
2607.0,116.128,116.031,137.997,117.886,129.202,134.559,141.363,134.951,134.844
2607.1,116.08,116.031,137.997,117.932,129.202,134.523,141.236,134.987,134.844
2607.2,116.08,116.08,137.997,117.979,129.281,134.594,141.236,135.093,134.88
2607.3,116.128,116.08,137.997,117.979,129.241,134.523,141.236,134.987,134.88
2607.4,116.08,116.08,138.031,117.932,129.281,134.523,141.236,134.951,134.844
2607.5,116.08,116.176,137.997,117.979,129.241,134.559,141.236,134.987,134.844
2607.6,116.031,116.08,137.963,118.026,129.281,134.487,141.268,135.022,134.88
2607.7,116.128,116.128,137.997,118.026,129.281,134.523,141.236,134.987,134.844
2607.8,116.08,116.176,138.064,117.979,129.281,134.594,141.236,134.987,134.88
2607.9,116.08,116.128,137.997,118.026,129.32,134.523,141.236,134.987,134.844
2608.0,116.176,116.128,138.031,118.073,129.281,134.523,141.331,135.022,134.88
2608.1,116.224,116.272,138.031,118.026,129.281,134.523,141.236,134.987,134.88
2608.2,116.08,116.176,137.997,117.979,129.281,134.523,141.204,134.951,134.844
2608.3,116.128,116.176,138.031,117.979,129.398,134.523,141.236,134.987,134.915
2608.4,116.224,116.224,137.997,117.979,129.32,134.594,141.268,134.987,134.844
2608.5,116.128,116.176,137.963,118.026,129.281,134.523,141.268,134.987,134.844
2608.6,116.128,116.272,138.031,117.979,129.398,134.559,141.236,135.022,134.915
2608.7,116.128,116.224,137.997,118.026,129.359,134.523,141.3,134.915,134.88
2608.8,116.128,116.176,137.963,117.979,129.359,134.559,141.236,134.951,134.88
2608.9,116.128,116.272,138.031,118.026,129.359,134.559,141.204,135.022,134.844
2609.0,116.128,116.32,138.031,118.026,129.398,134.559,141.268,134.915,134.844
2609.1,116.128,116.272,138.031,118.026,129.359,134.559,141.268,134.987,134.88
2609.2,116.128,116.32,138.031,118.073,129.32,134.523,141.268,134.951,134.88
2609.3,116.128,116.32,138.031,117.979,129.32,134.523,141.236,135.058,134.88
2609.4,116.176,116.272,138.031,118.026,129.476,134.559,141.236,134.987,134.844
2609.5,116.176,116.272,138.064,118.026,129.359,134.415,141.236,134.987,134.88
2609.6,116.176,116.32,137.997,118.026,129.437,134.559,141.268,135.022,134.88
2609.7,116.128,116.368,138.031,118.026,129.437,134.523,141.236,135.022,134.88
2609.8,116.176,116.368,138.098,118.026,129.398,134.523,141.236,134.987,134.88
2609.9,116.176,116.368,137.997,118.073,129.398,134.523,141.268,135.022,134.88
2610.0,116.176,116.368,137.997,118.026,129.437,134.523,141.268,134.987,134.88
2610.1,116.176,116.32,138.031,118.026,129.476,134.523,141.268,135.022,134.88
2610.2,116.128,116.416,138.031,118.026,129.398,134.523,141.268,135.022,134.88
2610.3,116.176,116.416,137.997,118.026,129.437,134.594,141.236,134.987,134.915
2610.4,116.128,116.368,137.997,118.026,129.437,134.523,141.268,135.022,134.844
2610.5,116.128,116.416,138.031,118.026,129.437,134.523,141.236,135.022,134.951
2610.6,116.176,116.416,138.031,118.073,129.476,134.523,141.268,135.022,134.88
2610.7,116.176,116.416,137.963,118.073,129.476,134.559,141.268,135.022,134.88
2610.8,116.176,116.368,138.064,118.026,129.359,134.523,141.236,135.022,134.88
2610.9,116.176,116.416,138.031,118.073,129.476,134.523,141.236,135.022,134.88
2611.0,116.176,116.416,138.031,118.026,129.515,134.523,141.3,134.987,134.88
2611.1,116.272,116.464,138.064,118.026,129.437,134.559,141.204,134.951,134.88
2611.2,116.08,116.512,137.997,118.073,129.437,134.63,141.331,135.022,134.987
2611.3,116.176,116.464,137.997,118.026,129.515,134.523,141.204,135.022,134.844
2611.4,116.176,116.464,138.031,118.12,129.398,134.487,141.268,134.987,134.88
2611.5,116.224,116.464,138.031,118.073,129.476,134.523,141.3,134.987,134.915
2611.6,116.176,116.512,138.031,118.073,129.476,134.523,141.268,135.022,134.88
2611.7,116.176,116.512,138.031,118.073,129.476,134.523,141.236,135.022,134.88
2611.8,116.128,116.512,138.031,118.12,129.515,134.523,141.236,134.987,134.88
2611.9,116.224,116.512,138.064,118.073,129.554,134.523,141.236,135.022,134.88
2612.0,116.224,116.512,137.963,118.073,129.515,134.523,141.236,135.022,134.915
2612.1,116.224,116.512,138.031,118.073,129.554,134.523,141.268,134.951,134.844
2612.2,116.176,116.512,138.031,118.166,129.515,134.559,141.268,134.987,134.915
2612.3,116.272,116.512,138.098,118.12,129.554,134.559,141.236,135.058,134.88
2612.4,116.272,116.512,138.031,118.12,129.515,134.559,141.3,134.987,134.88
2612.5,116.224,116.56,138.031,118.073,129.554,134.559,141.268,134.987,134.88
2612.6,116.224,116.56,137.997,118.073,129.515,134.594,141.236,135.022,134.88
2612.7,116.224,116.512,137.963,118.073,129.515,134.523,141.236,134.987,134.88
2612.8,116.224,116.607,138.031,118.12,129.554,134.594,141.236,135.022,134.915
2612.9,116.272,116.512,137.997,118.12,129.554,134.559,141.268,135.022,134.915
2613.0,116.128,116.607,137.963,118.073,129.554,134.559,141.236,135.022,134.88
2613.1,116.224,116.607,138.031,118.073,129.554,134.523,141.268,135.022,134.915
2613.2,116.272,116.607,138.031,118.12,129.554,134.559,141.236,134.987,134.915
2613.3,116.272,116.655,137.997,118.12,129.554,134.559,141.3,135.058,134.88
2613.4,116.272,116.607,138.064,118.12,129.593,134.523,141.236,135.058,134.915
2613.5,116.224,116.703,138.031,118.12,129.515,134.594,141.3,135.058,134.915
2613.6,116.272,116.703,138.064,118.12,129.593,134.523,141.236,134.987,134.951
2613.7,116.272,116.655,138.031,118.12,129.554,134.559,141.236,134.987,134.915
2613.8,116.272,116.703,138.031,118.213,129.632,134.559,141.268,135.058,134.915
2613.9,116.272,116.703,137.997,118.12,129.593,134.559,141.3,134.987,134.915
2614.0,116.272,116.703,138.031,118.166,129.632,134.559,141.236,135.022,134.951
2614.1,116.32,116.703,138.031,118.12,129.593,134.594,141.204,135.022,134.951
2614.2,116.272,116.703,137.997,118.073,129.593,134.559,141.236,134.987,134.915
2614.3,116.272,116.703,138.064,118.12,129.71,134.559,141.3,134.987,134.915
2614.4,116.224,116.751,138.031,118.166,129.632,134.63,141.268,135.058,134.915
2614.5,116.272,116.751,138.031,118.12,129.632,134.523,141.331,135.022,134.915
2614.6,116.272,116.751,138.031,118.213,129.671,134.559,141.236,135.022,134.915
2614.7,116.32,116.751,138.031,118.166,129.671,134.523,141.3,135.093,134.951
2614.8,116.272,116.751,137.997,118.166,129.71,134.559,141.3,135.022,134.915
2614.9,116.32,116.751,137.997,118.12,129.671,134.666,141.236,135.058,134.915
2615.0,116.32,116.751,138.064,118.12,129.671,134.451,141.268,135.022,134.915
2615.1,116.272,116.798,138.031,118.166,129.671,134.523,141.173,135.058,134.951
2615.2,116.32,116.798,137.997,118.213,129.71,134.594,141.236,135.022,134.915
2615.3,116.32,116.846,138.031,118.213,129.71,134.559,141.3,135.022,134.951
2615.4,116.272,116.798,138.031,118.166,129.671,134.523,141.236,135.129,134.915
2615.5,116.224,116.846,137.929,118.12,129.671,134.523,141.236,135.022,134.915
2615.6,116.32,116.846,138.031,118.213,129.749,134.523,141.236,135.022,134.88
2615.7,116.272,116.846,138.064,118.213,129.71,134.594,141.268,135.058,134.88
2615.8,116.272,116.846,138.064,118.213,129.71,134.559,141.268,135.058,134.915
2615.9,116.32,116.894,137.997,118.166,129.71,134.594,141.268,135.022,134.88
2616.0,116.368,116.846,138.031,118.213,129.71,134.523,141.268,135.129,134.951
2616.1,116.272,116.894,137.997,118.166,129.71,134.523,141.268,135.058,134.951
2616.2,116.32,116.894,137.997,118.213,129.71,134.559,141.3,135.058,134.915
2616.3,116.32,116.846,137.963,118.213,129.671,134.559,141.268,135.022,134.951
2616.4,116.368,116.894,137.997,118.213,129.71,134.559,141.204,135.058,134.915
2616.5,116.368,116.894,138.031,118.166,129.787,134.559,141.3,135.022,134.951
2616.6,116.32,116.894,137.997,118.213,129.749,134.594,141.268,135.058,134.915
2616.7,116.368,116.941,137.997,118.213,129.749,134.594,141.236,135.058,134.951
2616.8,116.32,116.989,138.031,118.213,129.749,134.594,141.268,135.129,134.915
2616.9,116.32,116.941,138.031,118.213,129.71,134.559,141.3,135.058,134.951
2617.0,116.368,116.941,138.031,118.166,129.749,134.594,141.236,135.093,134.951
2617.1,116.32,116.941,137.997,118.26,129.749,134.559,141.363,135.093,134.915
2617.2,116.368,116.941,137.997,118.213,129.749,134.594,141.3,135.058,134.951
2617.3,116.32,116.989,137.997,118.213,129.826,134.559,141.268,135.058,134.951
2617.4,116.368,116.989,138.098,118.26,129.826,134.594,141.268,135.058,134.951
2617.5,116.368,116.941,138.064,118.26,129.826,134.559,141.236,135.058,134.809
2617.6,116.32,116.989,137.997,118.26,129.826,134.594,141.3,135.093,134.951
2617.7,116.32,116.989,138.031,118.26,129.865,134.559,141.268,135.058,134.987
2617.8,116.368,116.989,138.031,118.213,129.826,134.559,141.236,135.058,134.951
2617.9,116.368,117.036,138.031,118.213,129.787,134.559,141.331,135.022,134.987
2618.0,116.32,117.084,137.997,118.306,129.826,134.559,141.268,135.093,134.951
2618.1,116.368,116.989,138.031,118.26,129.787,134.559,141.268,135.058,134.951
2618.2,116.368,116.941,137.997,118.213,129.787,134.594,141.3,134.951,134.987
2618.3,116.416,117.036,138.064,118.213,129.826,134.559,141.236,135.093,134.915
2618.4,116.416,116.989,138.031,118.26,129.826,134.594,141.268,135.058,134.951
2618.5,116.32,117.131,138.031,118.26,129.826,134.559,141.268,135.093,134.951
2618.6,116.368,117.084,137.963,118.26,129.826,134.523,141.268,135.093,134.951
2618.7,116.368,117.036,138.064,118.306,129.826,134.559,141.268,135.093,134.951
2618.8,116.416,117.084,137.997,118.213,129.904,134.559,141.236,135.058,134.915
2618.9,116.32,117.084,137.963,118.26,129.787,134.559,141.268,135.093,134.951
2619.0,116.368,117.131,138.064,118.213,129.865,134.559,141.331,135.093,134.951
2619.1,116.32,117.131,138.064,118.353,129.865,134.559,141.268,135.093,134.915
2619.2,116.368,117.131,138.064,118.26,129.826,134.594,141.236,135.093,134.951
2619.3,116.416,117.131,138.098,118.306,129.826,134.594,141.268,135.093,134.915
2619.4,116.368,117.179,138.031,118.26,129.865,134.559,141.268,135.093,134.951
2619.5,116.368,117.179,138.031,118.26,129.904,134.559,141.204,135.093,134.951
2619.6,116.416,117.179,138.064,118.26,129.904,134.559,141.236,135.058,134.951
2619.7,116.368,117.131,138.031,118.26,129.942,134.523,141.236,135.058,134.987
2619.8,116.416,117.179,138.031,118.26,129.904,134.63,141.236,135.093,134.951
2619.9,116.464,117.179,138.031,118.306,129.904,134.559,141.268,135.093,134.951
2620.0,116.416,117.179,138.064,118.26,129.904,134.63,141.236,135.129,134.915
2620.1,116.464,117.273,138.031,118.306,129.904,134.594,141.268,135.058,134.987
2620.2,116.416,117.179,138.031,118.306,129.981,134.594,141.3,135.058,134.951
2620.3,116.416,117.226,138.031,118.306,129.904,134.594,141.236,135.058,134.951
2620.4,116.416,117.273,138.064,118.353,129.904,134.559,141.236,135.129,134.951
2620.5,116.368,117.226,138.031,118.306,129.981,134.559,141.268,135.058,134.951
2620.6,116.512,117.273,138.031,118.306,130.058,134.559,141.3,135.093,135.022
2620.7,116.368,117.273,138.098,118.306,130.02,134.559,141.236,135.058,134.951
2620.8,116.416,117.321,138.064,118.306,129.826,134.559,141.236,135.093,134.951
2620.9,116.56,117.226,138.031,118.26,129.904,134.559,141.268,135.093,134.987
2621.0,116.464,117.273,138.132,118.306,129.942,134.559,141.268,135.058,134.987
2621.1,116.368,117.273,138.031,118.26,129.981,134.559,141.268,135.058,134.987
2621.2,116.416,117.321,138.031,118.306,129.904,134.559,141.268,135.058,134.987
2621.3,116.416,117.321,138.031,118.306,129.981,134.559,141.236,135.129,134.951
2621.4,116.416,117.321,138.031,118.306,129.981,134.594,141.268,135.093,134.951
2621.5,116.464,117.273,138.031,118.26,129.981,134.559,141.268,135.093,134.987
2621.6,116.416,117.273,138.031,118.353,129.981,134.523,141.3,135.058,134.987
2621.7,116.464,117.273,138.064,118.306,129.942,134.523,141.3,135.093,134.987
2621.8,116.464,117.321,138.031,118.353,130.02,134.559,141.268,135.093,134.915
2621.9,116.464,117.321,138.031,118.353,130.02,134.559,141.236,135.129,134.987
2622.0,116.464,117.321,138.031,118.306,129.981,134.594,141.268,135.093,134.987
2622.1,116.464,117.368,138.031,118.353,130.02,134.523,141.268,135.093,134.987
2622.2,116.464,117.368,137.997,118.353,130.02,134.63,141.3,135.164,134.987
2622.3,116.464,117.462,138.064,118.353,129.981,134.559,141.3,135.164,134.987
2622.4,116.464,117.368,138.031,118.353,130.058,134.559,141.204,135.022,135.093
2622.5,116.464,117.415,138.064,118.306,129.981,134.559,141.268,135.129,135.022
2622.6,116.464,117.368,138.031,118.353,129.981,134.63,141.236,135.093,134.951
2622.7,116.464,117.368,138.064,118.353,130.097,134.666,141.268,135.058,134.987
2622.8,116.464,117.462,137.997,118.306,130.02,134.559,141.268,135.093,134.987
2622.9,116.464,117.509,138.031,118.353,130.02,134.594,141.268,135.093,134.987
2623.0,116.512,117.415,138.031,118.306,130.058,134.559,141.3,135.093,135.022
2623.1,116.416,117.415,138.098,118.306,130.058,134.559,141.3,135.093,134.915
2623.2,116.512,117.462,137.997,118.399,130.097,134.594,141.268,135.093,135.022
2623.3,116.464,117.415,138.098,118.353,130.174,134.559,141.236,135.129,135.058
2623.4,116.512,117.462,138.064,118.353,130.058,134.702,141.236,135.164,135.022
2623.5,116.464,117.462,138.031,118.446,130.097,134.559,141.3,135.129,135.058
2623.6,116.607,117.462,137.997,118.399,130.097,134.594,141.3,135.199,134.987
2623.7,116.512,117.462,138.031,118.353,130.097,134.559,141.268,135.129,134.987
2623.8,116.464,117.509,138.064,118.353,130.097,134.559,141.3,135.129,134.987
2623.9,116.464,117.462,138.031,118.399,130.174,134.594,141.236,135.129,134.987
2624.0,116.512,117.557,138.132,118.399,130.058,134.594,141.331,135.093,134.987
2624.1,116.464,117.557,138.031,118.399,130.097,134.594,141.236,135.129,135.022
2624.2,116.464,117.509,138.031,118.399,130.097,134.559,141.268,135.093,135.022
2624.3,116.464,117.509,138.031,118.353,130.136,134.559,141.268,135.129,134.951
2624.4,116.512,117.557,137.997,118.446,130.097,134.594,141.3,135.199,135.022
2624.5,116.464,117.557,138.031,118.399,130.174,134.63,141.236,135.129,135.022
2624.6,116.464,117.557,137.997,118.399,130.136,134.63,141.173,135.093,134.987
2624.7,116.56,117.557,138.031,118.399,130.136,134.559,141.268,135.093,135.022
2624.8,116.512,117.557,138.064,118.399,130.097,134.559,141.236,135.129,135.022
2624.9,116.512,117.557,138.031,118.399,130.136,134.594,141.236,135.129,134.987
2625.0,116.512,117.557,138.031,118.399,130.213,134.559,141.268,135.164,134.987
2625.1,116.655,117.651,138.031,118.399,130.213,134.594,141.236,135.164,135.022
2625.2,116.512,117.557,138.064,118.353,130.174,134.559,141.236,135.129,135.022
2625.3,116.607,117.604,138.031,118.399,130.097,134.594,141.236,135.129,135.022
2625.4,116.464,117.604,138.064,118.446,130.174,134.559,141.268,135.129,135.022
2625.5,116.56,117.698,138.031,118.399,130.174,134.594,141.236,135.093,135.022
2625.6,116.512,117.604,138.031,118.353,130.136,134.559,141.3,135.129,135.058
2625.7,116.512,117.698,138.031,118.446,130.174,134.523,141.3,135.164,134.987
2625.8,116.56,117.604,138.031,118.446,130.136,134.559,141.395,135.164,135.058
2625.9,116.512,117.651,138.064,118.399,130.213,134.559,141.268,135.093,134.987
2626.0,116.607,117.651,138.064,118.353,130.174,134.594,141.363,135.129,135.022
2626.1,116.512,117.651,138.031,118.446,130.174,134.559,141.268,135.129,134.987
2626.2,116.512,117.698,138.031,118.399,130.174,134.559,141.236,135.093,135.022
2626.3,116.56,117.651,138.031,118.399,130.174,134.63,141.268,135.129,135.022
2626.4,116.56,117.698,138.031,118.492,130.29,134.559,141.268,135.129,135.022
2626.5,116.56,117.651,138.064,118.446,130.174,134.523,141.268,135.164,135.022
2626.6,116.512,117.745,138.031,118.446,130.174,134.559,141.236,135.164,135.022
2626.7,116.512,117.698,137.997,118.399,130.251,134.594,141.236,135.129,134.987
2626.8,116.512,117.698,138.031,118.399,130.213,134.594,141.236,135.164,135.022
2626.9,116.56,117.651,138.031,118.492,130.251,134.63,141.236,135.093,134.987
2627.0,116.56,117.839,138.031,118.492,130.29,134.559,141.268,135.129,135.022
2627.1,116.607,117.698,138.098,118.446,130.29,134.666,141.236,135.164,135.022
2627.2,116.512,117.792,138.031,118.446,130.251,134.594,141.268,135.129,134.987
2627.3,116.56,117.745,138.031,118.492,130.251,134.594,141.236,135.199,135.058
2627.4,116.655,117.745,138.031,118.446,130.251,134.559,141.3,135.129,135.022
2627.5,116.607,117.745,138.064,118.492,130.213,134.559,141.268,135.164,135.022
2627.6,116.56,117.792,138.031,118.492,130.213,134.451,141.268,135.164,135.022
2627.7,116.56,117.792,138.031,118.446,130.328,134.559,141.268,135.129,134.987
2627.8,116.56,117.839,138.031,118.492,130.29,134.594,141.268,135.164,135.022
2627.9,116.607,117.792,138.031,118.446,130.29,134.559,141.331,135.129,134.951
2628.0,116.56,117.745,137.997,118.446,130.251,134.559,141.236,135.164,134.987
2628.1,116.56,117.792,138.031,118.492,130.29,134.559,141.236,135.164,135.022
2628.2,116.56,117.839,137.929,118.492,130.29,134.594,141.236,135.129,135.022
2628.3,116.607,117.839,138.064,118.492,130.251,134.559,141.331,135.093,135.058
2628.4,116.56,117.839,138.031,118.446,130.29,134.594,141.268,135.164,135.058
2628.5,116.56,117.886,138.064,118.492,130.251,134.594,141.3,135.164,135.022
2628.6,116.607,117.839,138.031,118.539,130.328,134.594,141.3,135.129,134.915
2628.7,116.56,117.886,138.031,118.492,130.328,134.559,141.268,135.164,135.058
2628.8,116.607,117.886,137.997,118.446,130.367,134.594,141.236,135.164,135.022
2628.9,116.56,117.886,138.064,118.492,130.367,134.559,141.236,135.164,135.022
2629.0,116.607,117.932,137.997,118.631,130.405,134.594,141.268,135.199,135.022
2629.1,116.607,117.886,138.031,118.446,130.328,134.559,141.268,135.199,135.022
2629.2,116.607,117.886,138.064,118.492,130.367,134.559,141.236,135.129,135.022
2629.3,116.512,117.886,138.031,118.585,130.328,134.594,141.236,135.164,135.022
2629.4,116.655,117.839,138.031,118.492,130.405,134.559,141.236,135.164,135.058
2629.5,116.655,117.886,138.031,118.492,130.367,134.559,141.3,135.129,135.022
2629.6,116.655,117.932,138.031,118.492,130.367,134.559,141.268,135.129,135.022
2629.7,116.655,118.026,138.031,118.492,130.367,134.594,141.236,135.129,135.022
2629.8,116.607,117.932,138.098,118.492,130.29,134.559,141.268,135.164,135.022
2629.9,116.607,117.979,138.031,118.585,130.367,134.559,141.236,135.164,135.022
2630.0,116.655,117.932,138.098,118.492,130.405,134.594,141.236,135.164,135.093
2630.1,116.655,117.979,138.064,118.585,130.367,134.594,141.268,135.164,135.022
2630.2,116.655,118.026,138.031,118.539,130.367,134.594,141.236,135.164,135.093
2630.3,116.655,117.979,138.031,118.492,130.444,134.594,141.236,135.199,135.093
2630.4,116.655,117.932,138.031,118.585,130.367,134.594,141.3,135.164,134.987
2630.5,116.655,118.026,138.064,118.492,130.328,134.559,141.236,135.199,135.022
2630.6,116.703,117.979,138.031,118.585,130.367,134.559,141.3,135.164,135.093
2630.7,116.703,117.932,138.031,118.585,130.367,134.559,141.236,135.164,135.058
2630.8,116.607,118.026,138.031,118.539,130.405,134.594,141.3,135.199,135.058
2630.9,116.655,117.979,138.098,118.539,130.405,134.594,141.3,135.129,135.058
2631.0,116.655,117.979,138.064,118.585,130.444,134.594,141.236,135.129,135.093
2631.1,116.655,118.026,138.098,118.539,130.444,134.559,141.236,135.199,135.058
2631.2,116.703,118.026,138.031,118.539,130.405,134.63,141.268,135.199,135.022
2631.3,116.655,118.12,138.064,118.539,130.405,134.63,141.3,135.164,135.093
2631.4,116.655,118.166,138.031,118.585,130.405,134.594,141.268,135.164,135.058
2631.5,116.703,118.073,138.031,118.539,130.444,134.559,141.204,135.164,135.093
2631.6,116.655,118.12,138.031,118.539,130.52,134.594,141.268,135.199,135.058
2631.7,116.607,118.12,138.064,118.585,130.444,134.594,141.236,135.199,135.058
2631.8,116.703,118.12,138.031,118.539,130.559,134.594,141.268,135.164,135.093
2631.9,116.703,118.073,138.064,118.585,130.52,134.63,141.268,135.164,135.093
2632.0,116.703,118.166,138.031,118.585,130.405,134.63,141.204,135.164,135.058
2632.1,116.655,118.12,138.031,118.539,130.482,134.594,141.331,135.164,135.058
2632.2,116.703,118.12,138.031,118.539,130.405,134.594,141.236,135.164,135.058
2632.3,116.655,118.166,138.031,118.585,130.559,134.594,141.268,135.164,135.093
2632.4,116.655,118.166,138.031,118.539,130.444,134.594,141.236,135.164,135.058
2632.5,116.703,118.166,138.064,118.539,130.444,134.594,141.331,135.199,135.022
2632.6,116.703,118.166,138.031,118.539,130.482,134.594,141.268,135.164,135.093
2632.7,116.703,118.213,138.031,118.631,130.482,134.594,141.268,135.199,135.058
2632.8,116.655,118.166,138.098,118.539,130.482,134.594,141.236,135.164,135.058
2632.9,116.655,118.213,138.031,118.585,130.559,134.559,141.236,135.164,135.093
2633.0,116.703,118.166,138.031,118.631,130.52,134.594,141.236,135.199,135.058
2633.1,116.655,118.213,138.064,118.585,130.482,134.594,141.236,135.164,135.058
2633.2,116.751,118.213,138.132,118.631,130.482,134.594,141.268,135.199,135.058
2633.3,116.798,118.213,138.031,118.585,130.559,134.594,141.268,135.199,135.058
2633.4,116.751,118.213,138.031,118.585,130.52,134.594,141.268,135.164,135.093
2633.5,116.703,118.26,138.064,118.631,130.597,134.594,141.268,135.164,135.093
2633.6,116.703,118.213,138.031,118.631,130.559,134.594,141.236,135.199,135.093
2633.7,116.703,118.306,138.064,118.631,130.559,134.594,141.268,135.164,135.058
2633.8,116.751,118.26,138.064,118.585,130.559,134.594,141.236,135.199,135.093
2633.9,116.798,118.306,138.031,118.585,130.559,134.594,141.236,135.199,135.129
2634.0,116.751,118.26,138.064,118.585,130.52,134.63,141.236,135.164,135.129
2634.1,116.703,118.26,138.064,118.585,130.52,134.63,141.236,135.235,135.093
2634.2,116.703,118.213,138.064,118.585,130.635,134.594,141.268,135.199,135.058
2634.3,116.751,118.26,137.997,118.631,130.52,134.594,141.363,135.199,135.129
2634.4,116.703,118.306,138.064,118.631,130.559,134.594,141.268,135.27,135.093
2634.5,116.703,118.306,138.064,118.631,130.597,134.559,141.268,135.199,135.058
2634.6,116.751,118.26,138.031,118.631,130.559,134.594,141.3,135.27,135.058
2634.7,116.751,118.353,138.064,118.678,130.597,134.594,141.3,135.129,135.093
2634.8,116.751,118.306,138.031,118.724,130.597,134.594,141.268,135.235,135.093
2634.9,116.798,118.399,138.064,118.585,130.597,134.594,141.395,135.199,135.093
2635.0,116.846,118.26,138.031,118.631,130.597,134.594,141.268,135.199,134.987
2635.1,116.703,118.399,138.031,118.678,130.559,134.594,141.236,135.199,135.129
2635.2,116.798,118.353,138.031,118.585,130.635,134.63,141.236,135.199,135.058
2635.3,116.751,118.353,138.098,118.631,130.635,134.63,141.236,135.235,135.093
2635.4,116.751,118.399,138.098,118.631,130.597,134.559,141.3,135.199,135.058
2635.5,116.798,118.353,138.031,118.631,130.635,134.559,141.268,135.235,135.093
2635.6,116.798,118.399,138.098,118.631,130.635,134.523,141.268,135.199,135.164
2635.7,116.751,118.399,137.997,118.631,130.635,134.594,141.3,135.199,135.129
2635.8,116.751,118.353,138.031,118.678,130.674,134.594,141.268,135.164,135.093
2635.9,116.751,118.446,138.031,118.631,130.559,134.666,141.236,135.199,135.129
2636.0,116.798,118.446,138.064,118.631,130.597,134.63,141.268,135.199,135.058
2636.1,116.751,118.492,138.098,118.678,130.597,134.594,141.268,135.199,135.058
2636.2,116.751,118.399,138.031,118.678,130.635,134.594,141.268,135.235,135.058
2636.3,116.751,118.492,138.132,118.631,130.635,134.559,141.268,135.199,135.093
2636.4,116.703,118.446,137.997,118.678,130.674,134.63,141.3,135.235,135.058
2636.5,116.798,118.492,138.064,118.678,130.674,134.594,141.268,135.235,135.129
2636.6,116.798,118.492,137.929,118.724,130.635,134.63,141.3,135.235,135.129
2636.7,116.751,118.492,138.031,118.678,130.674,134.594,141.268,135.235,135.058
2636.8,116.798,118.492,138.098,118.678,130.674,134.594,141.204,135.164,135.093
2636.9,116.751,118.585,138.098,118.724,130.674,134.63,141.3,135.199,135.093
2637.0,116.798,118.492,138.064,118.678,130.712,134.63,141.268,135.235,135.093
2637.1,116.798,118.539,138.064,118.678,130.712,134.63,141.236,135.235,135.093
2637.2,116.798,118.539,138.064,118.631,130.712,134.559,141.268,135.199,135.129
2637.3,116.798,118.585,138.098,118.678,130.712,134.63,141.236,135.27,135.058
2637.4,116.703,118.539,138.031,118.678,130.75,134.63,141.268,135.199,135.129
2637.5,116.798,118.492,138.098,118.678,130.712,134.594,141.236,135.235,135.093
2637.6,116.751,118.539,138.031,118.631,130.674,134.594,141.3,135.235,135.093
2637.7,116.798,118.539,138.098,118.678,130.75,134.594,141.268,135.199,135.093
2637.8,116.798,118.585,138.031,118.678,130.712,134.63,141.3,135.235,135.164
2637.9,116.798,118.631,138.064,118.678,130.635,134.63,141.268,135.27,135.129
2638.0,116.941,118.539,138.064,118.678,130.75,134.594,141.268,135.199,135.093
2638.1,116.798,118.539,138.098,118.678,130.712,134.63,141.268,135.235,135.164
2638.2,116.798,118.539,138.031,118.724,130.75,134.594,141.236,135.199,135.129
2638.3,116.846,118.585,138.031,118.678,130.712,134.594,141.268,135.235,135.129
2638.4,116.798,118.631,138.031,118.724,130.788,134.594,141.204,135.199,135.093
2638.5,116.798,118.585,138.098,118.724,130.788,134.594,141.268,135.164,135.093
2638.6,116.846,118.631,138.064,118.724,130.712,134.666,141.268,135.199,135.093
2638.7,116.846,118.585,138.031,118.724,130.75,134.559,141.331,135.235,135.093
2638.8,116.846,118.585,138.031,118.724,130.75,134.559,141.3,135.199,135.164
2638.9,116.846,118.631,138.031,118.77,130.712,134.666,141.3,135.199,135.093
2639.0,116.846,118.631,138.064,118.77,130.75,134.594,141.268,135.27,135.093
2639.1,116.846,118.631,138.064,118.678,130.826,134.594,141.3,135.199,135.164
2639.2,116.846,118.678,138.098,118.678,130.75,134.594,141.268,135.235,135.129
2639.3,116.894,118.678,138.098,118.77,130.826,134.63,141.236,135.235,135.129
2639.4,116.846,118.678,138.031,118.77,130.788,134.63,141.173,135.235,135.129
2639.5,116.846,118.678,138.064,118.817,130.864,134.594,141.236,135.235,135.093
2639.6,116.846,118.863,138.031,118.77,130.826,134.594,141.268,135.27,135.129
2639.7,116.846,118.631,137.997,118.724,130.788,134.63,141.236,135.235,135.199
2639.8,116.846,118.724,138.064,118.817,130.826,134.594,141.3,135.235,135.093
2639.9,116.846,118.77,138.064,118.724,130.826,134.63,141.236,135.235,135.129
2640.0,116.894,118.724,138.031,118.724,130.788,134.63,141.3,135.199,135.129
2640.1,116.894,118.724,138.098,118.77,130.826,134.594,141.268,135.27,135.129
2640.2,116.846,118.77,138.064,118.724,130.826,134.594,141.268,135.27,135.129
2640.3,116.798,118.678,138.031,118.77,130.826,134.594,141.268,135.235,135.129
2640.4,116.941,118.77,138.031,118.678,130.826,134.63,141.268,135.27,135.199
2640.5,116.894,118.817,138.064,118.724,130.826,134.594,141.268,135.27,135.129
2640.6,116.894,118.77,138.064,118.724,130.864,134.594,141.268,135.235,135.129
2640.7,116.894,118.77,138.031,118.77,130.903,134.594,141.236,135.235,135.093
2640.8,116.894,118.817,137.997,118.77,130.864,134.63,141.268,135.235,135.129
2640.9,116.894,118.77,138.098,118.678,130.826,134.63,141.268,135.27,135.129
2641.0,116.894,118.817,138.031,118.817,130.864,134.594,141.268,135.199,135.129
2641.1,116.894,118.863,138.064,118.77,130.864,134.63,141.236,135.27,135.129
2641.2,116.846,118.817,138.031,118.817,130.903,134.63,141.236,135.199,135.129
2641.3,116.941,118.863,138.064,118.77,130.903,134.63,141.268,135.235,135.129
2641.4,116.941,118.817,138.165,118.77,130.979,134.594,141.268,135.235,135.164
2641.5,116.941,118.817,138.031,118.863,130.864,134.63,141.268,135.27,135.129
2641.6,116.846,118.863,138.064,118.77,130.979,134.63,141.268,135.235,135.164
2641.7,116.894,118.955,138.098,118.77,130.903,134.63,141.268,135.235,135.164
2641.8,116.894,118.909,138.064,118.817,130.903,134.594,141.268,135.27,135.129
2641.9,116.941,118.863,138.064,118.77,130.864,134.63,141.3,135.235,135.129
2642.0,116.894,118.909,138.132,118.817,130.864,134.594,141.236,135.27,135.129
2642.1,116.941,118.817,138.064,118.817,130.903,134.666,141.3,135.27,135.164
2642.2,116.989,118.909,138.064,118.863,130.941,134.594,141.268,135.235,135.199
2642.3,116.941,119.047,138.098,118.817,130.864,134.63,141.236,135.235,135.129
2642.4,116.941,118.909,137.997,118.863,130.941,134.594,141.236,135.27,135.129
2642.5,116.894,118.955,138.098,118.817,130.979,134.63,141.236,135.235,135.164
2642.6,116.989,118.955,138.064,118.817,130.903,134.666,141.268,135.341,135.164
2642.7,116.941,118.955,138.064,118.817,130.941,134.63,141.3,135.27,135.164
2642.8,116.941,118.955,137.997,118.863,130.941,134.63,141.268,135.27,135.164
2642.9,116.894,119.047,138.098,118.863,130.941,134.666,141.268,135.27,135.164
2643.0,116.941,118.955,138.098,118.817,130.979,134.63,141.268,135.27,135.164
2643.1,116.941,119.001,138.098,118.817,130.941,134.63,141.236,135.27,135.129
2643.2,116.941,119.001,138.064,118.863,130.941,134.559,141.236,135.235,135.199
2643.3,116.941,119.001,138.098,118.817,130.941,134.666,141.3,135.27,135.235
2643.4,116.989,119.093,138.031,118.817,130.979,134.63,141.236,135.305,135.164
2643.5,116.941,119.047,138.031,118.817,130.979,134.63,141.268,135.235,135.164
2643.6,116.941,119.047,138.098,118.817,131.017,134.63,141.236,135.27,135.129
2643.7,116.989,119.047,138.031,118.817,130.979,134.666,141.236,135.305,135.164
2643.8,116.989,119.047,138.031,118.817,130.979,134.63,141.3,135.27,135.164
2643.9,116.989,119.047,138.098,118.863,131.017,134.594,141.3,135.235,135.164
2644.0,116.989,119.093,138.064,118.863,131.017,134.594,141.268,135.235,135.199
2644.1,116.989,119.047,138.031,118.77,131.017,134.63,141.268,135.305,135.164
2644.2,116.989,119.093,138.064,118.863,131.055,134.63,141.268,135.235,135.129
2644.3,116.989,119.093,138.064,118.817,131.055,134.63,141.268,135.305,135.164
2644.4,116.989,119.093,137.929,118.817,131.055,134.666,141.236,135.27,135.199
2644.5,116.989,119.093,138.064,118.817,131.017,134.63,141.236,135.305,135.199
2644.6,116.941,119.139,138.064,118.863,131.055,134.594,141.268,135.27,135.164
2644.7,116.989,119.093,138.031,118.863,131.055,134.63,141.236,135.27,135.164
2644.8,116.941,119.139,138.031,118.863,130.979,134.63,141.3,135.305,135.164
2644.9,116.989,119.093,138.031,118.863,131.017,134.63,141.3,135.27,135.199
2645.0,116.989,119.139,138.064,118.909,131.055,134.63,141.268,135.305,135.164
2645.1,116.894,119.093,138.031,119.047,131.055,134.63,141.3,135.27,135.199
2645.2,116.989,119.185,138.064,118.863,131.055,134.63,141.236,135.305,135.235
2645.3,116.989,119.185,138.064,118.955,131.055,134.63,141.236,135.27,135.164
2645.4,117.036,119.185,138.165,118.678,131.093,134.63,141.236,135.27,135.164
2645.5,116.989,119.185,138.031,118.863,131.055,134.594,141.3,135.305,135.164
2645.6,116.989,119.139,138.064,118.863,131.131,134.63,141.236,135.235,135.199
2645.7,116.989,119.185,138.232,118.909,131.055,134.63,141.268,135.27,135.199
2645.8,117.036,119.231,138.031,118.909,131.093,134.63,141.236,135.235,135.129
2645.9,116.989,119.185,138.098,118.955,131.055,134.63,141.268,135.27,135.164
2646.0,116.989,119.185,138.064,118.863,131.017,134.594,141.3,135.235,135.164
2646.1,116.989,119.231,138.064,118.909,131.131,134.63,141.331,135.199,135.199
2646.2,116.989,119.185,138.031,118.863,131.093,134.63,141.268,135.305,135.164
2646.3,117.036,119.139,138.064,118.909,131.093,134.63,141.268,135.27,135.27
2646.4,116.989,119.185,138.098,118.955,131.131,134.63,141.3,135.305,135.199
2646.5,116.989,119.185,138.031,118.955,131.055,134.63,141.268,135.305,135.129
2646.6,117.036,119.277,138.064,118.909,131.093,134.666,141.3,135.27,135.129
2646.7,117.036,119.277,138.064,118.955,131.093,134.63,141.268,135.305,135.199
2646.8,116.989,119.277,138.064,118.909,131.169,134.63,141.268,135.305,135.235
2646.9,117.036,119.277,138.064,118.909,131.131,134.63,141.236,135.27,135.199
2647.0,117.036,119.277,138.098,118.863,131.131,134.63,141.204,135.341,135.164
2647.1,116.989,119.277,138.064,118.955,131.169,134.594,141.3,135.305,135.164
2647.2,117.036,119.323,138.064,119.001,131.093,134.63,141.268,135.305,135.199
2647.3,117.036,119.323,138.098,118.909,131.093,134.63,141.3,135.305,135.199
2647.4,117.036,119.323,138.132,118.909,131.169,134.63,141.236,135.27,135.199
2647.5,117.036,119.323,138.064,118.909,131.131,134.63,141.268,135.27,135.199
2647.6,117.036,119.323,138.031,118.817,131.093,134.63,141.268,135.235,135.199
2647.7,117.036,119.277,138.132,118.909,131.207,134.63,141.3,135.305,135.164
2647.8,116.989,119.323,138.064,118.909,131.169,134.594,141.3,135.27,135.27
2647.9,117.036,119.323,138.064,118.909,131.207,134.63,141.236,135.305,135.199
2648.0,117.084,119.369,138.031,118.909,131.282,134.63,141.268,135.341,135.199
2648.1,117.084,119.369,138.031,118.909,131.207,134.63,141.173,135.305,135.199
2648.2,117.036,119.369,138.098,119.001,131.169,134.594,141.268,135.305,135.199
2648.3,117.036,119.415,138.064,118.955,131.169,134.63,141.268,135.305,135.199
2648.4,117.084,119.369,138.064,118.909,131.207,134.63,141.3,135.305,135.199
2648.5,117.036,119.369,138.064,118.863,131.207,134.702,141.3,135.305,135.199
2648.6,117.036,119.415,138.031,119.001,131.207,134.63,141.268,135.305,135.199
2648.7,117.084,119.415,138.098,119.001,131.169,134.63,141.268,135.305,135.27
2648.8,117.036,119.369,138.132,118.955,131.207,134.63,141.268,135.27,135.235
2648.9,117.084,119.415,138.031,118.955,131.245,134.63,141.268,135.305,135.199
2649.0,117.084,119.369,138.031,119.047,131.207,134.666,141.3,135.235,135.199
2649.1,117.084,119.461,138.064,118.955,131.207,134.63,141.268,135.376,135.199
2649.2,117.084,119.461,138.064,118.955,131.245,134.63,141.268,135.341,135.235
2649.3,117.084,119.461,138.031,119.001,131.207,134.666,141.268,135.27,135.164
2649.4,117.036,119.415,138.031,119.001,131.245,134.63,141.236,135.305,135.27
2649.5,117.036,119.461,138.031,119.001,131.207,134.63,141.236,135.305,135.199
2649.6,117.131,119.506,138.064,118.955,131.282,134.63,141.236,135.305,135.199
2649.7,117.084,119.506,138.098,119.001,131.282,134.63,141.268,135.305,135.199
2649.8,117.084,119.461,138.064,118.955,131.245,134.63,141.268,135.341,135.235
2649.9,117.084,119.461,138.031,118.955,131.245,134.63,141.268,135.341,135.199
2650.0,117.131,119.461,138.132,119.001,131.282,134.63,141.268,135.305,135.235
2650.1,117.131,119.461,138.064,119.047,131.282,134.702,141.268,135.305,135.199
2650.2,117.131,119.506,138.064,118.955,131.207,134.63,141.236,135.305,135.199
2650.3,117.036,119.506,138.064,119.001,131.358,134.63,141.268,135.305,135.27
2650.4,117.084,119.552,138.064,118.955,131.32,134.63,141.236,135.341,135.235
2650.5,117.084,119.506,138.064,118.955,131.358,134.63,141.268,135.305,135.235
2650.6,117.084,119.506,138.064,119.001,131.358,134.63,141.268,135.341,135.235
2650.7,117.084,119.506,138.098,119.001,131.32,134.666,141.268,135.305,135.235
2650.8,117.084,119.369,138.064,119.001,131.358,134.63,141.268,135.305,135.199
2650.9,117.084,119.552,138.064,119.001,131.358,134.63,141.236,135.305,135.235
2651.0,117.131,119.552,138.064,118.955,131.245,134.63,141.236,135.341,135.235
2651.1,117.131,119.552,138.098,119.047,131.358,134.63,141.268,135.27,135.199
2651.2,117.131,119.552,138.064,119.001,131.32,134.63,141.268,135.341,135.199
2651.3,117.179,119.552,138.064,119.001,131.32,134.63,141.3,135.447,135.199
2651.4,117.131,119.598,138.098,119.001,131.358,134.63,141.236,135.305,135.27
2651.5,117.179,119.598,138.064,118.909,131.282,134.594,141.268,135.305,135.235
2651.6,117.131,119.598,138.031,119.001,131.32,134.63,141.268,135.27,135.235
2651.7,117.131,119.598,138.064,119.093,131.32,134.63,141.268,135.305,135.235
2651.8,117.084,119.598,138.064,118.955,131.282,134.63,141.236,135.341,135.199
2651.9,117.131,119.552,138.031,119.001,131.32,134.63,141.268,135.341,135.27
2652.0,117.131,119.598,138.064,119.001,131.358,134.63,141.268,135.27,135.235
2652.1,117.131,119.598,138.098,119.047,131.32,134.666,141.268,135.341,135.235
2652.2,117.179,119.598,138.098,119.001,131.358,134.666,141.3,135.341,135.27
2652.3,117.131,119.689,138.064,119.001,131.358,134.63,141.204,135.341,135.199
2652.4,117.131,119.598,138.064,119.047,131.169,134.63,141.236,135.305,135.235
2652.5,117.131,119.643,138.064,119.047,131.396,134.666,141.331,135.341,135.199
2652.6,117.131,119.689,138.098,119.047,131.32,134.63,141.3,135.411,135.235
2652.7,117.273,119.598,138.031,119.047,131.358,134.666,141.268,135.305,135.27
2652.8,117.226,119.643,138.064,119.047,131.358,134.63,141.3,135.341,135.235
2652.9,117.179,119.689,138.064,119.001,131.358,134.63,141.3,135.341,135.27
2653.0,117.131,119.689,138.031,119.047,131.358,134.666,141.3,135.341,135.235
2653.1,117.273,119.735,138.098,119.047,131.358,134.63,141.268,135.305,135.27
2653.2,117.084,119.689,138.064,119.093,131.396,134.63,141.236,135.341,135.235
2653.3,117.131,119.735,138.064,119.047,131.358,134.63,141.3,135.341,135.235
2653.4,117.179,119.78,138.031,119.001,131.358,134.63,141.236,135.341,135.199
2653.5,117.131,119.735,138.064,119.047,131.358,134.594,141.363,135.341,135.235
2653.6,117.131,119.689,138.098,119.047,131.358,134.63,141.268,135.341,135.235
2653.7,117.131,119.735,138.064,119.047,131.396,134.63,141.268,135.376,135.235
2653.8,117.179,119.735,138.098,119.047,131.396,134.63,141.268,135.411,135.27
2653.9,117.179,119.689,138.098,119.001,131.396,134.63,141.236,135.376,135.235
2654.0,117.179,119.78,138.064,119.047,131.434,134.63,141.268,135.341,135.27
2654.1,117.179,119.78,138.064,119.139,131.434,134.63,141.3,135.305,135.235
2654.2,117.131,119.735,138.064,119.001,131.434,134.63,141.268,135.376,135.235
2654.3,117.179,119.78,138.031,119.047,131.434,134.63,141.236,135.341,135.27
2654.4,117.179,119.78,138.031,119.047,131.396,134.702,141.3,135.341,135.27
2654.5,117.179,119.78,138.064,119.047,131.471,134.63,141.3,135.376,135.27
2654.6,117.179,119.735,138.064,119.001,131.434,134.63,141.268,135.341,135.27
2654.7,117.226,119.78,138.064,119.093,131.434,134.63,141.3,135.376,135.341
2654.8,117.179,119.78,138.064,119.093,131.471,134.63,141.3,135.341,135.235
2654.9,117.179,119.689,138.064,119.093,131.434,134.702,141.268,135.376,135.27
2655.0,117.273,119.826,138.064,119.139,131.471,134.702,141.236,135.341,135.305
2655.1,117.226,119.826,138.064,119.093,131.434,134.63,141.3,135.376,135.235
2655.2,117.226,119.826,138.064,119.093,131.471,134.63,141.3,135.376,135.235
2655.3,117.179,119.826,138.098,119.139,131.471,134.63,141.268,135.411,135.27
2655.4,117.226,119.826,138.064,119.093,131.471,134.666,141.3,135.411,135.27
2655.5,117.273,119.826,138.098,119.093,131.434,134.666,141.268,135.341,135.27
2655.6,117.226,119.826,138.132,119.139,131.471,134.63,141.268,135.341,135.235
2655.7,117.226,119.871,138.132,119.139,131.434,134.63,141.3,135.341,135.235
2655.8,117.226,119.826,138.031,119.093,131.434,134.63,141.236,135.341,135.27
2655.9,117.226,119.826,138.064,119.093,131.509,134.63,141.3,135.341,135.27
2656.0,117.273,119.871,138.098,119.093,131.471,134.666,141.331,135.411,135.27
2656.1,117.226,119.871,138.098,119.093,131.471,134.63,141.3,135.411,135.235
2656.2,117.273,119.917,138.098,119.093,131.509,134.666,141.3,135.411,135.27
2656.3,117.179,119.962,138.064,119.139,131.471,134.63,141.268,135.341,135.27
2656.4,117.273,119.917,138.098,119.185,131.509,134.63,141.236,135.376,135.27
2656.5,117.179,119.871,138.064,119.139,131.584,134.63,141.268,135.376,135.27
2656.6,117.226,119.871,138.064,119.139,131.547,134.666,141.331,135.341,135.235
2656.7,117.226,119.962,138.098,119.047,131.471,134.63,141.268,135.341,135.27
2656.8,117.273,120.007,138.064,119.093,131.509,134.773,141.236,135.376,135.305
2656.9,117.273,119.917,138.064,119.093,131.547,134.666,141.236,135.376,135.27
2657.0,117.273,119.962,138.064,119.139,131.471,134.666,141.268,135.341,135.27
2657.1,117.226,119.917,138.064,119.093,131.547,134.63,141.3,135.376,135.27
2657.2,117.273,119.917,138.064,119.139,131.584,134.63,141.363,135.376,135.27
2657.3,117.273,119.962,138.064,119.139,131.509,134.63,141.3,135.341,135.27
2657.4,117.273,119.962,138.098,119.139,131.509,134.63,141.268,135.376,135.305
2657.5,117.226,120.007,138.064,119.093,131.471,134.63,141.236,135.341,135.235
2657.6,117.273,119.962,138.064,119.139,131.547,134.63,141.236,135.376,135.305
2657.7,117.226,120.007,138.098,119.139,131.509,134.63,141.268,135.411,135.235
2657.8,117.273,119.962,138.064,119.139,131.547,134.63,141.3,135.341,135.27
2657.9,117.273,120.007,138.064,119.139,131.584,134.63,141.268,135.376,135.27
2658.0,117.273,120.007,138.098,119.185,131.547,134.63,141.236,135.411,135.27
2658.1,117.226,120.007,138.098,119.277,131.547,134.773,141.3,135.411,135.27
2658.2,117.226,120.053,138.098,119.139,131.622,134.666,141.3,135.376,135.305
2658.3,117.273,120.053,138.064,119.185,131.622,134.702,141.3,135.341,135.27
2658.4,117.273,120.007,138.064,119.277,131.584,134.63,141.3,135.411,135.27
2658.5,117.273,120.053,138.098,119.185,131.622,134.666,141.268,135.341,135.27
2658.6,117.226,120.098,138.064,119.139,131.622,134.63,141.268,135.341,135.341
2658.7,117.273,120.007,138.165,119.185,131.584,134.63,141.3,135.341,135.305
2658.8,117.273,120.007,138.132,119.185,131.584,134.63,141.236,135.411,135.235
2658.9,117.273,120.053,138.064,119.185,131.622,134.63,141.268,135.376,135.305
2659.0,117.321,120.053,138.064,119.185,131.584,134.63,141.236,135.376,135.27
2659.1,117.273,120.053,138.098,119.185,131.622,134.63,141.268,135.341,135.341
2659.2,117.273,120.053,138.064,119.185,131.622,134.63,141.268,135.341,135.27
2659.3,117.321,120.144,138.132,119.185,131.622,134.666,141.268,135.376,135.305
2659.4,117.321,120.098,138.098,119.139,131.584,134.594,141.236,135.411,135.235
2659.5,117.273,120.098,138.098,119.185,131.66,134.666,141.236,135.411,135.305
2659.6,117.273,120.098,138.064,119.231,131.66,134.702,141.268,135.411,135.341
2659.7,117.321,120.007,138.064,119.185,131.697,134.666,141.3,135.341,135.27
2659.8,117.273,120.189,138.098,119.185,131.622,134.63,141.268,135.411,135.27
2659.9,117.321,120.144,138.064,119.185,131.622,134.63,141.3,135.411,135.27
2660.0,117.321,120.098,138.064,119.185,131.66,134.666,141.268,135.341,135.305
2660.1,117.321,120.144,138.064,119.185,131.622,134.666,141.268,135.411,135.305
2660.2,117.368,120.189,138.098,119.185,131.66,134.666,141.3,135.411,135.27
2660.3,117.273,120.144,138.064,119.139,131.622,134.63,141.236,135.376,135.27
2660.4,117.321,120.234,138.098,119.277,131.622,134.63,141.3,135.376,135.27
2660.5,117.321,120.144,138.064,119.139,131.622,134.666,141.236,135.376,135.305
2660.6,117.321,120.189,138.098,119.139,131.66,134.63,141.204,135.376,135.305
2660.7,117.273,120.144,138.031,119.185,131.66,134.702,141.3,135.411,135.305
2660.8,117.368,120.144,138.098,119.231,131.66,134.63,141.268,135.411,135.27
2660.9,117.273,120.189,138.098,119.231,131.66,134.63,141.3,135.305,135.305
2661.0,117.321,120.189,138.064,119.231,131.697,134.63,141.268,135.341,135.27
2661.1,117.321,120.189,138.098,119.185,131.66,134.63,141.268,135.376,135.27
2661.2,117.321,120.234,138.098,119.231,131.66,134.666,141.268,135.411,135.27
2661.3,117.321,120.234,138.064,119.185,131.697,134.666,141.268,135.447,135.27
2661.4,117.368,120.234,138.098,119.231,131.697,134.666,141.268,135.376,135.27
2661.5,117.321,120.234,138.098,119.185,131.66,134.702,141.236,135.376,135.341
2661.6,117.321,120.234,138.098,119.323,131.697,134.666,141.3,135.447,135.341
2661.7,117.321,120.234,138.064,119.185,131.735,134.666,141.3,135.482,135.27
2661.8,117.321,120.234,138.098,119.231,131.697,134.666,141.268,135.411,135.305
2661.9,117.368,120.279,138.098,119.231,131.697,134.63,141.3,135.447,135.305
2662.0,117.368,120.279,138.098,119.231,131.735,134.702,141.268,135.411,135.376
2662.1,117.321,120.279,138.064,119.185,131.697,134.666,141.173,135.411,135.305
2662.2,117.321,120.234,138.064,119.185,131.735,134.666,141.268,135.411,135.305
2662.3,117.368,120.324,138.098,119.231,131.697,134.63,141.363,135.411,135.341
2662.4,117.368,120.279,138.132,119.231,131.735,134.63,141.268,135.411,135.305
2662.5,117.321,120.324,138.098,119.231,131.697,134.737,141.268,135.411,135.341
2662.6,117.368,120.37,138.098,119.231,131.735,134.63,141.236,135.447,135.341
2662.7,117.321,120.324,138.098,119.231,131.735,134.666,141.236,135.376,135.305
2662.8,117.321,120.279,138.098,119.277,131.697,134.666,141.268,135.411,135.341
2662.9,117.368,120.324,138.064,119.231,131.735,134.666,141.236,135.376,135.305
2663.0,117.368,120.324,138.098,119.277,131.697,134.666,141.3,135.376,135.341
2663.1,117.321,120.324,138.098,119.231,131.772,134.63,141.3,135.411,135.341
2663.2,117.415,120.37,138.165,119.323,131.772,134.666,141.236,135.376,135.305
2663.3,117.415,120.324,138.098,119.231,131.772,134.63,141.3,135.376,135.376
2663.4,117.368,120.279,138.098,119.231,131.81,134.666,141.268,135.411,135.305
2663.5,117.321,120.37,138.232,119.277,131.697,134.666,141.268,135.411,135.305
2663.6,117.415,120.415,138.064,119.185,131.735,134.666,141.3,135.376,135.305
2663.7,117.368,120.415,138.098,119.231,131.772,134.63,141.268,135.411,135.305
2663.8,117.368,120.37,138.098,119.231,131.81,134.63,141.3,135.341,135.341
2663.9,117.368,120.37,138.132,119.231,131.772,134.702,141.268,135.341,135.341
2664.0,117.368,120.37,138.165,119.277,131.772,134.63,141.3,135.411,135.305
2664.1,117.415,120.324,138.064,119.231,131.772,134.666,141.3,135.411,135.305
2664.2,117.368,120.415,138.098,119.277,131.735,134.63,141.268,135.411,135.27
2664.3,117.415,120.37,138.098,119.277,131.772,134.702,141.268,135.411,135.305
2664.4,117.415,120.415,138.064,119.231,131.772,134.666,141.268,135.341,135.341
2664.5,117.368,120.415,138.098,119.231,131.772,134.702,141.268,135.411,135.341
2664.6,117.415,120.415,138.098,119.323,131.772,134.63,141.268,135.447,135.305
2664.7,117.368,120.46,138.098,119.277,131.81,134.666,141.268,135.411,135.341
2664.8,117.368,120.37,138.098,119.277,131.81,134.702,141.268,135.411,135.341
2664.9,117.415,120.415,138.132,119.323,131.848,134.666,141.3,135.411,135.341
2665.0,117.415,120.46,138.098,119.277,131.772,134.702,141.3,135.376,135.341
2665.1,117.415,120.46,138.098,119.323,131.772,134.666,141.3,135.447,135.376
2665.2,117.462,120.46,138.098,119.277,131.81,134.702,141.363,135.447,135.341
2665.3,117.415,120.505,138.064,119.277,131.81,134.666,141.268,135.447,135.341
2665.4,117.462,120.415,138.098,119.323,131.922,134.666,141.3,135.447,135.341
2665.5,117.415,120.55,138.098,119.323,131.81,134.737,141.268,135.411,135.447
2665.6,117.368,120.46,138.098,119.277,131.848,134.666,141.236,135.411,135.305
2665.7,117.415,120.505,138.064,119.323,131.848,134.63,141.331,135.376,135.341
2665.8,117.415,120.46,138.064,119.323,131.848,134.63,141.268,135.447,135.305
2665.9,117.462,120.505,138.098,119.277,131.885,134.63,141.3,135.411,135.27
2666.0,117.368,120.55,138.031,119.323,131.96,134.702,141.268,135.447,135.376
2666.1,117.415,120.55,138.098,119.323,131.885,134.666,141.268,135.447,135.341
2666.2,117.462,120.505,138.064,119.323,131.848,134.666,141.363,135.447,135.341
2666.3,117.415,120.505,138.132,119.323,131.885,134.666,141.173,135.447,135.376
2666.4,117.415,120.505,138.098,119.323,131.848,134.666,141.3,135.482,135.341
2666.5,117.462,120.55,138.132,119.277,131.81,134.666,141.268,135.411,135.341
2666.6,117.509,120.55,138.132,119.323,131.848,134.666,141.236,135.482,135.341
2666.7,117.509,120.505,138.064,119.415,131.848,134.63,141.268,135.411,135.341
2666.8,117.415,120.55,138.064,119.323,131.81,134.666,141.236,135.447,135.341
2666.9,117.415,120.55,138.098,119.323,131.885,134.666,141.268,135.447,135.376
2667.0,117.462,120.595,138.098,119.323,131.885,134.666,141.268,135.411,135.341
2667.1,117.462,120.595,138.064,119.323,131.848,134.666,141.331,135.447,135.341
2667.2,117.415,120.595,138.098,119.461,131.81,134.773,141.268,135.447,135.341
2667.3,117.462,120.595,138.064,119.323,131.885,134.702,141.3,135.447,135.376
2667.4,117.462,120.64,138.064,119.369,131.848,134.702,141.268,135.658,135.305
2667.5,117.415,120.595,138.098,119.369,131.922,134.666,141.236,135.482,135.341
2667.6,117.462,120.55,138.098,119.369,131.922,134.702,141.268,135.482,135.376
2667.7,117.509,120.64,138.165,119.323,131.997,134.702,141.268,135.447,135.411
2667.8,117.509,120.64,138.098,119.369,131.922,134.737,141.268,135.447,135.376
2667.9,117.462,120.685,138.064,119.369,131.885,134.666,141.268,135.447,135.341
2668.0,117.462,120.64,138.064,119.415,131.922,134.666,141.3,135.482,135.341
2668.1,117.462,120.73,138.064,119.369,131.922,134.666,141.268,135.447,135.341
2668.2,117.509,120.595,138.098,119.323,131.922,134.666,141.268,135.447,135.376
2668.3,117.415,120.64,138.064,119.369,132.035,134.702,141.236,135.447,135.341
2668.4,117.509,120.64,138.098,119.323,131.922,134.666,141.268,135.482,135.341
2668.5,117.462,120.64,138.098,119.369,131.922,134.666,141.3,135.517,135.341
2668.6,117.509,120.685,138.098,119.369,131.922,134.666,141.236,135.447,135.305
2668.7,117.462,120.64,138.064,119.369,131.96,134.702,141.331,135.411,135.376
2668.8,117.462,120.685,138.098,119.369,131.96,134.666,141.268,135.447,135.341
2668.9,117.509,120.685,138.098,119.369,131.997,134.666,141.236,135.482,135.341
2669.0,117.557,120.73,138.132,119.369,131.997,134.666,141.268,135.482,135.341
2669.1,117.557,120.775,138.132,119.369,131.96,134.666,141.3,135.447,135.376
2669.2,117.509,120.73,138.098,119.323,131.96,134.666,141.331,135.447,135.341
2669.3,117.462,120.73,138.098,119.415,131.922,134.666,141.3,135.447,135.341
2669.4,117.509,120.685,138.098,119.415,131.96,134.666,141.268,135.447,135.341
2669.5,117.462,120.775,138.031,119.369,131.96,134.666,141.3,135.447,135.341
2669.6,117.509,120.775,138.064,119.369,131.997,134.666,141.268,135.411,135.376
2669.7,117.509,120.819,138.098,119.369,131.96,134.702,141.3,135.482,135.341
2669.8,117.509,120.819,138.098,119.369,131.922,134.702,141.268,135.447,135.341
2669.9,117.509,120.775,138.098,119.369,132.035,134.666,141.268,135.482,135.341
2670.0,117.509,120.819,138.098,119.369,131.997,134.666,141.3,135.447,135.341
2670.1,117.509,120.775,137.997,119.277,132.072,134.63,141.268,135.411,135.376
2670.2,117.462,120.73,138.098,119.415,131.997,134.702,141.268,135.447,135.376
2670.3,117.462,120.819,138.098,119.415,131.997,134.702,141.268,135.482,135.341
2670.4,117.509,120.819,138.064,119.415,132.035,134.63,141.3,135.447,135.341
2670.5,117.509,120.819,138.132,119.415,132.035,134.63,141.268,135.482,135.376
2670.6,117.509,120.819,138.098,119.415,131.997,134.702,141.236,135.447,135.341
2670.7,117.509,120.864,138.098,119.415,132.035,134.666,141.268,135.447,135.376
2670.8,117.509,120.819,138.098,119.415,132.035,134.702,141.268,135.447,135.376
2670.9,117.557,120.819,138.064,119.415,132.035,134.702,141.268,135.447,135.411
2671.0,117.509,120.864,138.064,119.461,131.997,134.702,141.3,135.447,135.376
2671.1,117.509,120.864,138.098,119.415,132.072,134.737,141.268,135.517,135.376
2671.2,117.462,120.909,138.098,119.506,132.035,134.702,141.268,135.482,135.376
2671.3,117.509,120.864,138.064,119.415,132.072,134.666,141.3,135.447,135.376
2671.4,117.509,120.864,138.064,119.415,131.997,134.702,141.268,135.482,135.411
2671.5,117.509,120.909,138.098,119.461,132.072,134.702,141.268,135.552,135.411
2671.6,117.557,120.909,138.098,119.461,132.072,134.63,141.3,135.482,135.376
2671.7,117.557,120.998,138.064,119.415,131.997,134.737,141.268,135.482,135.411
2671.8,117.651,120.864,138.098,119.415,132.072,134.666,141.268,135.482,135.341
2671.9,117.557,120.909,138.098,119.415,132.109,134.702,141.3,135.517,135.411
2672.0,117.557,120.909,138.232,119.415,132.109,134.702,141.3,135.447,135.411
2672.1,117.604,120.909,138.098,119.461,132.109,134.702,141.3,135.482,135.341
2672.2,117.557,120.909,138.098,119.415,132.109,134.666,141.268,135.482,135.376
2672.3,117.557,120.954,138.132,119.415,131.997,134.666,141.3,135.482,135.376
2672.4,117.604,120.819,138.132,119.415,132.109,134.702,141.268,135.517,135.411
2672.5,117.557,120.909,138.098,119.415,132.072,134.702,141.268,135.482,135.376
2672.6,117.604,120.954,138.132,119.461,132.147,134.702,141.3,135.482,135.376
2672.7,117.557,120.954,138.098,119.461,132.072,134.702,141.3,135.552,135.447
2672.8,117.557,120.954,138.098,119.506,132.072,134.702,141.3,135.482,135.376
2672.9,117.557,120.998,138.132,119.415,132.109,134.702,141.173,135.587,135.411
2673.0,117.557,120.954,138.064,119.415,132.184,134.702,141.3,135.552,135.376
2673.1,117.604,120.998,138.098,119.461,132.109,134.63,141.236,135.482,135.376
2673.2,117.557,120.998,138.098,119.461,132.184,134.702,141.3,135.482,135.411
2673.3,117.604,121.043,138.098,119.461,132.109,134.666,141.236,135.517,135.447
2673.4,117.557,120.954,138.064,119.461,132.072,134.702,141.268,135.552,135.376
2673.5,117.557,120.998,138.098,119.461,132.147,134.702,141.331,135.482,135.411
2673.6,117.604,121.088,138.132,119.506,132.109,134.666,141.268,135.482,135.376
2673.7,117.604,121.222,138.098,119.461,132.109,134.702,141.268,135.517,135.376
2673.8,117.604,121.043,138.199,119.461,132.184,134.63,141.3,135.447,135.482
2673.9,117.604,121.043,138.132,119.461,132.147,134.702,141.236,135.482,135.411
2674.0,117.604,121.043,138.098,119.506,132.147,134.666,141.268,135.517,135.411
2674.1,117.604,121.043,138.031,119.506,132.221,134.702,141.3,135.482,135.411
2674.2,117.604,121.043,138.098,119.461,132.221,134.666,141.268,135.447,135.411
2674.3,117.604,121.043,138.098,119.506,132.259,134.666,141.3,135.482,135.411
2674.4,117.604,121.088,138.098,119.552,132.147,134.737,141.268,135.517,135.447
2674.5,117.651,121.132,138.098,119.506,132.184,134.702,141.331,135.482,135.411
2674.6,117.604,121.043,138.098,119.506,132.221,134.702,141.236,135.482,135.411
2674.7,117.604,121.132,138.132,119.461,132.184,134.702,141.268,135.517,135.411
2674.8,117.509,121.177,138.165,119.506,132.184,134.702,141.268,135.552,135.341
2674.9,117.604,121.177,138.098,119.461,132.184,134.702,141.268,135.517,135.447
2675.0,117.651,121.088,138.064,119.506,132.221,134.737,141.268,135.482,135.305
2675.1,117.651,121.132,138.098,119.506,132.221,134.702,141.3,135.517,135.411
2675.2,117.698,121.132,138.098,119.506,132.221,134.666,141.3,135.517,135.376
2675.3,117.698,121.132,138.098,119.506,132.259,134.666,141.268,135.482,135.447
2675.4,117.604,121.132,138.098,119.598,132.184,134.666,141.268,135.517,135.447
2675.5,117.651,121.132,138.064,119.506,132.184,134.702,141.3,135.517,135.376
2675.6,117.651,121.177,138.132,119.506,132.296,134.702,141.268,135.482,135.376
2675.7,117.745,121.088,138.098,119.506,132.184,134.702,141.268,135.517,135.447
2675.8,117.651,121.132,138.132,119.461,132.221,134.702,141.236,135.482,135.411
2675.9,117.651,121.177,138.098,119.598,132.333,134.702,141.3,135.517,135.411
2676.0,117.604,121.132,138.165,119.506,132.221,134.666,141.268,135.482,135.376
2676.1,117.651,121.222,138.098,119.552,132.296,134.702,141.268,135.482,135.411
2676.2,117.651,121.177,138.098,119.552,132.259,134.773,141.3,135.517,135.447
2676.3,117.651,121.311,138.098,119.506,132.221,134.666,141.331,135.552,135.447
2676.4,117.651,121.177,138.098,119.552,132.259,134.702,141.268,135.447,135.411
2676.5,117.651,121.088,138.064,119.506,132.333,134.666,141.268,135.517,135.411
2676.6,117.651,121.222,138.132,119.506,132.259,134.666,141.268,135.482,135.447
2676.7,117.698,121.222,138.132,119.461,132.259,134.666,141.268,135.482,135.411
2676.8,117.651,121.222,138.098,119.552,132.259,134.702,141.3,135.482,135.411
2676.9,117.651,121.222,138.132,119.506,132.333,134.666,141.268,135.411,135.411
2677.0,117.698,121.266,138.165,119.552,132.296,134.666,141.268,135.517,135.411
2677.1,117.651,121.266,138.064,119.506,132.259,134.702,141.236,135.482,135.411
2677.2,117.698,121.266,138.098,119.552,132.259,134.702,141.268,135.517,135.411
2677.3,117.651,121.266,138.132,119.506,132.333,134.702,141.3,135.517,135.447
2677.4,117.651,121.266,138.199,119.552,132.296,134.666,141.331,135.482,135.482
2677.5,117.651,121.222,138.132,119.552,132.259,134.666,141.331,135.517,135.447
2677.6,117.651,121.311,138.064,119.506,132.333,134.702,141.268,135.517,135.447
2677.7,117.651,121.266,138.165,119.552,132.333,134.773,141.268,135.517,135.447
2677.8,117.698,121.266,138.165,119.598,132.296,134.773,141.268,135.552,135.447
2677.9,117.651,121.177,138.132,119.598,132.333,134.63,141.3,135.482,135.447
2678.0,117.745,121.311,138.031,119.552,132.296,134.702,141.236,135.517,135.447
2678.1,117.651,121.266,138.098,119.552,132.296,134.702,141.268,135.552,135.482
2678.2,117.698,121.355,138.098,119.552,132.333,134.737,141.236,135.482,135.411
2678.3,117.651,121.311,138.064,119.552,132.109,134.702,141.268,135.517,135.411
2678.4,117.698,121.311,138.132,119.598,132.333,134.702,141.268,135.587,135.482
2678.5,117.651,121.311,138.098,119.552,132.296,134.702,141.331,135.517,135.411
2678.6,117.698,121.311,138.132,119.552,132.333,134.702,141.268,135.517,135.447
2678.7,117.698,121.355,138.132,119.552,132.333,134.737,141.268,135.552,135.482
2678.8,117.792,121.355,138.132,119.552,132.333,134.737,141.268,135.517,135.411
2678.9,117.698,121.355,138.132,119.643,132.37,134.737,141.3,135.482,135.411
2679.0,117.651,121.355,138.098,119.552,132.37,134.666,141.3,135.517,135.411
2679.1,117.698,121.444,138.132,119.552,132.37,134.737,141.268,135.552,135.411
2679.2,117.698,121.355,138.132,119.643,132.37,134.702,141.3,135.552,135.447
2679.3,117.745,121.355,138.132,119.598,132.333,134.702,141.3,135.517,135.447
2679.4,117.698,121.399,138.098,119.552,132.407,134.702,141.236,135.552,135.376
2679.5,117.651,121.444,138.132,119.735,132.407,134.737,141.3,135.482,135.447
2679.6,117.698,121.399,138.098,119.552,132.333,134.702,141.331,135.517,135.447
2679.7,117.651,121.399,138.098,119.598,132.407,134.702,141.268,135.552,135.447
2679.8,117.792,121.444,138.098,119.598,132.37,134.702,141.331,135.587,135.411
2679.9,117.745,121.399,138.232,119.598,132.407,134.773,141.236,135.552,135.447
2680.0,117.745,121.399,138.098,119.598,132.407,134.702,141.3,135.517,135.447
2680.1,117.698,121.444,138.132,119.598,132.407,134.702,141.236,135.517,135.447
2680.2,117.745,121.444,138.132,119.598,132.407,134.666,141.331,135.482,135.447
2680.3,117.745,121.444,138.132,119.598,132.407,134.702,141.268,135.552,135.447
2680.4,117.698,121.444,138.132,119.643,132.444,134.702,141.268,135.517,135.447
2680.5,117.745,121.488,138.165,119.598,132.444,134.666,141.268,135.552,135.411
2680.6,117.651,121.488,138.098,119.643,132.444,134.702,141.331,135.587,135.447
2680.7,117.839,121.488,138.132,119.689,132.407,134.773,141.3,135.517,135.482
2680.8,117.745,121.488,138.098,119.643,132.407,134.702,141.268,135.693,135.447
2680.9,117.745,121.488,138.064,119.598,132.407,134.773,141.268,135.552,135.447
2681.0,117.792,121.488,138.064,119.643,132.444,134.666,141.268,135.517,135.447
2681.1,117.698,121.488,138.098,119.643,132.407,134.702,141.3,135.517,135.447
2681.2,117.839,121.533,138.132,119.643,132.407,134.666,141.363,135.552,135.447
2681.3,117.745,121.533,138.098,119.643,132.444,134.702,141.331,135.517,135.447
2681.4,117.792,121.533,138.132,119.598,132.444,134.702,141.3,135.587,135.376
2681.5,117.745,121.533,138.098,119.643,132.482,134.702,141.331,135.587,135.447
2681.6,117.745,121.577,138.132,119.643,132.407,134.773,141.268,135.517,135.517
2681.7,117.792,121.577,137.997,119.643,132.444,134.702,141.3,135.517,135.447
2681.8,117.745,121.665,138.132,119.643,132.444,134.737,141.3,135.552,135.447
2681.9,117.792,121.577,138.132,119.643,132.444,134.773,141.3,135.552,135.552
2682.0,117.698,121.577,138.098,119.598,132.444,134.737,141.268,135.552,135.482
2682.1,117.745,121.577,138.232,119.643,132.444,134.809,141.268,135.552,135.482
2682.2,117.792,121.577,138.098,119.643,132.444,134.666,141.268,135.552,135.482
2682.3,117.839,121.577,138.132,119.643,132.482,134.702,141.3,135.552,135.447
2682.4,117.792,121.577,138.098,119.689,132.593,134.809,141.3,135.587,135.376
2682.5,117.839,121.621,138.098,119.689,132.444,134.737,141.363,135.552,135.482
2682.6,117.792,121.577,138.165,119.689,132.519,134.702,141.363,135.587,135.482
2682.7,117.792,121.621,138.165,119.689,132.444,134.702,141.268,135.552,135.411
2682.8,117.745,121.621,138.132,119.598,132.519,134.702,141.3,135.587,135.482
2682.9,117.839,121.665,138.199,119.643,132.482,134.737,141.363,135.552,135.447
2683.0,117.792,121.665,138.098,119.689,132.519,134.702,141.3,135.552,135.482
2683.1,117.792,121.665,138.098,119.689,132.519,134.666,141.268,135.552,135.447
2683.2,117.839,121.665,138.132,119.735,132.482,134.702,141.3,135.552,135.482
2683.3,117.792,121.665,138.132,119.643,132.482,134.702,141.331,135.482,135.447
2683.4,117.792,121.665,138.132,119.689,132.519,134.737,141.268,135.552,135.447
2683.5,117.886,121.665,138.098,119.689,132.556,134.702,141.268,135.587,135.482
2683.6,117.839,121.665,138.098,119.735,132.519,134.702,141.268,135.552,135.482
2683.7,117.792,121.71,138.132,119.689,132.556,134.702,141.3,135.552,135.482
2683.8,117.886,121.754,138.132,119.689,132.519,134.702,141.363,135.587,135.482
2683.9,117.839,121.665,138.132,119.689,132.63,134.702,141.268,135.552,135.482
2684.0,117.839,121.71,138.098,119.689,132.556,134.702,141.268,135.552,135.447
2684.1,117.839,121.71,138.199,119.735,132.519,134.702,141.268,135.587,135.447
2684.2,117.792,121.71,138.165,119.689,132.556,134.702,141.268,135.552,135.482
2684.3,117.839,121.754,138.098,119.735,132.556,134.773,141.331,135.552,135.482
2684.4,117.839,121.71,138.098,119.689,132.556,134.702,141.268,135.587,135.517
2684.5,117.886,121.71,138.132,119.689,132.556,134.702,141.268,135.552,135.482
2684.6,117.839,121.754,138.165,119.689,132.593,134.737,141.3,135.587,135.517
2684.7,117.886,121.798,138.132,119.735,132.593,134.737,141.268,135.587,135.517
2684.8,117.886,121.754,138.165,119.689,132.556,134.702,141.3,135.728,135.482
2684.9,117.886,121.798,138.165,119.689,132.667,134.773,141.3,135.623,135.482
2685.0,117.886,121.754,138.132,119.78,132.63,134.737,141.331,135.587,135.517
2685.1,117.886,121.798,138.165,119.735,132.593,134.666,141.236,135.587,135.517
2685.2,117.886,121.93,138.098,119.735,132.704,134.702,141.268,135.552,135.447
2685.3,117.886,121.93,138.064,119.78,132.667,134.702,141.3,135.587,135.482
2685.4,117.932,121.886,138.132,119.78,132.556,134.702,141.268,135.623,135.517
2685.5,117.932,121.974,138.098,119.78,132.741,134.702,141.3,135.587,135.552
2685.6,117.886,121.93,138.098,119.689,132.667,134.702,141.3,135.587,135.552
2685.7,117.886,121.93,138.098,119.735,132.667,134.702,141.268,135.552,135.517
2685.8,117.886,121.93,138.132,119.78,132.667,134.737,141.3,135.623,135.482
2685.9,117.932,122.018,138.098,119.78,132.667,134.702,141.3,135.587,135.517
2686.0,117.932,121.93,138.132,119.78,132.704,134.737,141.268,135.552,135.517
2686.1,117.886,121.93,138.098,119.78,132.667,134.737,141.268,135.587,135.482
2686.2,117.932,122.018,138.165,119.78,132.741,134.737,141.268,135.552,135.517
2686.3,117.932,121.974,138.132,119.78,132.667,134.702,141.3,135.623,135.517
2686.4,117.932,122.062,138.064,119.871,132.667,134.737,141.3,135.587,135.587
2686.5,117.886,122.018,138.064,119.826,132.704,134.737,141.268,135.587,135.517
2686.6,117.886,122.018,138.165,119.826,132.704,134.737,141.3,135.587,135.587
2686.7,117.932,122.018,138.098,119.826,132.704,134.666,141.268,135.623,135.482
2686.8,117.886,121.974,138.098,119.78,132.741,134.773,141.141,135.623,135.552
2686.9,117.932,122.018,138.132,119.78,132.704,134.737,141.268,135.623,135.517
2687.0,117.886,122.062,138.132,119.78,132.667,134.737,141.236,135.623,135.552
2687.1,117.979,122.018,138.165,119.826,132.704,134.737,141.268,135.552,135.552
2687.2,117.979,122.062,138.165,119.78,132.704,134.737,141.268,135.693,135.482
2687.3,117.932,122.062,138.064,119.826,132.741,134.666,141.331,135.587,135.517
2687.4,117.932,122.062,138.199,119.826,132.778,134.737,141.268,135.623,135.517
2687.5,117.932,122.106,138.132,119.871,132.741,134.702,141.331,135.587,135.517
2687.6,117.979,122.062,138.098,119.826,132.741,134.702,141.268,135.587,135.552
2687.7,117.932,122.106,138.132,119.826,132.741,134.773,141.268,135.623,135.552
2687.8,117.932,122.062,138.098,119.826,132.741,134.737,141.3,135.623,135.517
2687.9,117.932,122.106,138.098,119.78,132.741,134.737,141.3,135.587,135.552
2688.0,117.932,122.106,138.098,119.871,132.851,134.737,141.3,135.623,135.517
2688.1,117.979,122.062,138.132,119.826,132.741,134.737,141.268,135.587,135.517
2688.2,117.932,122.15,138.165,119.826,132.741,134.737,141.268,135.587,135.517
2688.3,117.932,122.194,138.132,119.735,132.778,134.737,141.3,135.658,135.517
2688.4,118.026,122.106,138.098,119.826,132.814,134.737,141.331,135.693,135.517
2688.5,117.979,122.15,138.232,119.871,132.814,134.773,141.331,135.587,135.517
2688.6,117.979,122.106,138.098,119.826,132.778,134.737,141.3,135.587,135.552
2688.7,117.979,122.15,138.098,119.826,132.814,134.737,141.236,135.623,135.517
2688.8,118.026,122.15,138.098,119.826,132.814,134.737,141.3,135.623,135.552
2688.9,117.979,122.15,138.132,119.826,132.851,134.737,141.3,135.587,135.447
2689.0,117.932,122.15,138.165,119.826,132.814,134.737,141.3,135.587,135.517
2689.1,118.026,122.15,138.132,119.871,132.778,134.773,141.3,135.623,135.517
2689.2,117.932,122.194,138.132,119.826,132.814,134.702,141.3,135.623,135.517
2689.3,117.979,122.194,138.165,119.826,132.888,134.737,141.268,135.587,135.517
2689.4,117.932,122.194,138.132,119.826,132.814,134.702,141.3,135.587,135.587
2689.5,118.026,122.15,138.132,119.962,132.778,134.702,141.3,135.623,135.482
2689.6,117.979,122.15,138.098,119.871,132.851,134.737,141.3,135.623,135.517
2689.7,117.979,122.194,138.165,119.826,132.851,134.702,141.3,135.623,135.517
2689.8,117.979,122.194,138.165,119.871,132.888,134.737,141.3,135.587,135.552
2689.9,117.979,122.15,138.132,119.826,132.814,134.702,141.3,135.623,135.517
2690.0,117.979,122.238,138.199,119.871,132.851,134.737,141.268,135.587,135.552
2690.1,117.979,122.194,137.929,119.871,132.814,134.737,141.268,135.658,135.552
2690.2,117.979,122.194,138.132,119.826,132.851,134.737,141.3,135.623,135.552
2690.3,117.979,122.194,138.132,119.871,132.814,134.702,141.268,135.623,135.552
2690.4,117.979,122.194,138.199,119.871,132.814,134.702,141.3,135.658,135.517
2690.5,117.979,122.238,138.132,119.871,132.851,134.737,141.268,135.623,135.552
2690.6,118.026,122.282,138.132,119.871,132.814,134.702,141.331,135.623,135.552
2690.7,118.073,122.282,138.132,119.871,132.778,134.737,141.3,135.658,135.623
2690.8,117.979,122.238,138.132,119.871,132.814,134.666,141.268,135.623,135.552
2690.9,117.979,122.238,138.064,119.917,132.814,134.737,141.268,135.623,135.482
2691.0,117.745,122.238,138.098,119.871,132.888,134.737,141.268,135.587,135.552
2691.1,117.979,122.238,138.165,119.826,132.851,134.737,141.3,135.658,135.552
2691.2,117.979,122.238,138.098,119.917,132.851,134.737,141.3,135.658,135.552
2691.3,118.026,122.282,138.132,119.917,132.851,134.737,141.331,135.623,135.587
2691.4,118.073,122.282,138.165,119.917,132.814,134.702,141.268,135.623,135.517
2691.5,117.979,122.238,138.098,119.871,132.851,134.773,141.268,135.587,135.517
2691.6,118.026,122.282,138.132,119.917,132.814,134.702,141.268,135.623,135.552
2691.7,118.026,122.282,138.165,119.871,132.851,134.773,141.363,135.587,135.517
2691.8,117.979,122.238,138.098,119.917,132.814,134.666,141.268,135.587,135.517
2691.9,117.979,122.238,138.031,119.871,132.814,134.737,141.3,135.587,135.517
2692.0,117.979,122.282,138.132,119.826,132.814,134.702,141.331,135.587,135.517
2692.1,117.932,122.238,138.132,119.917,132.851,134.737,141.3,135.517,135.482
2692.2,117.979,122.282,138.132,119.826,132.851,134.737,141.331,135.587,135.482
2692.3,117.979,122.326,138.132,119.871,132.814,134.702,141.3,135.587,135.517
2692.4,117.979,122.282,138.165,119.871,132.851,134.702,141.3,135.623,135.482
2692.5,117.979,122.282,138.165,119.871,132.851,134.737,141.3,135.552,135.482
2692.6,117.932,122.282,138.098,119.962,132.741,134.809,141.3,135.658,135.552
2692.7,117.932,122.282,138.165,119.871,132.851,134.737,141.236,135.552,135.447
2692.8,117.932,122.238,138.098,119.871,132.814,134.702,141.3,135.552,135.447
2692.9,117.886,122.238,138.165,119.871,132.814,134.737,141.268,135.587,135.482
2693.0,117.932,122.238,138.199,119.871,132.814,134.702,141.3,135.587,135.447
2693.1,117.839,122.238,138.132,119.871,132.814,134.702,141.268,135.552,135.411
2693.2,117.886,122.238,138.132,119.826,132.814,134.702,141.3,135.552,135.411
2693.3,117.886,122.238,138.132,119.871,132.814,134.702,141.268,135.587,135.447
2693.4,117.839,122.238,138.098,119.871,132.778,134.702,141.268,135.623,135.482
2693.5,117.839,122.238,138.165,119.871,132.814,134.737,141.3,135.552,135.447
2693.6,117.792,122.238,137.794,119.917,132.814,134.666,141.268,135.552,135.447
2693.7,117.792,122.194,138.098,119.871,132.741,134.702,141.3,135.552,135.411
2693.8,117.698,122.282,138.132,119.871,132.778,134.737,141.3,135.517,135.411
2693.9,117.745,122.194,138.165,119.826,132.778,134.702,141.236,135.482,135.341
2694.0,117.651,122.194,138.199,119.871,132.704,134.737,141.3,135.482,135.341
2694.1,117.651,122.194,138.132,119.826,132.778,134.702,141.3,135.482,135.341
2694.2,117.651,122.194,138.132,119.871,132.741,134.773,141.268,135.447,135.341
2694.3,117.651,122.106,138.132,119.826,132.704,134.702,141.3,135.482,135.411
2694.4,117.604,122.106,138.132,119.826,132.778,134.666,141.268,135.482,135.376
2694.5,117.557,122.15,138.132,119.735,132.667,134.702,141.3,135.447,135.305
2694.6,117.557,122.106,138.098,119.78,132.704,134.702,141.3,135.447,135.305
2694.7,117.604,122.106,138.132,119.78,132.667,134.702,141.236,135.482,135.341
2694.8,117.557,122.106,138.132,119.78,132.741,134.737,141.268,135.447,135.27
2694.9,117.462,122.106,138.165,119.78,132.667,134.702,141.3,135.341,135.27
2695.0,117.462,122.018,138.064,119.826,132.667,134.702,141.268,135.411,135.235
2695.1,117.368,122.106,138.165,119.735,132.593,134.666,141.268,135.341,135.199
2695.2,117.415,122.062,138.132,119.78,132.593,134.702,141.3,135.341,135.199
2695.3,117.415,122.018,138.132,119.735,132.556,134.702,141.3,135.341,135.235
2695.4,117.321,122.106,138.132,119.735,132.593,134.523,141.268,135.376,135.235
2695.5,117.226,122.018,138.132,119.689,132.556,134.666,141.3,135.376,135.199
2695.6,117.226,121.974,138.098,119.735,132.519,134.666,141.268,135.305,135.199
2695.7,117.179,122.018,138.165,119.689,132.556,134.666,141.3,135.27,135.129
2695.8,117.084,122.018,138.199,119.689,132.482,134.702,141.268,135.305,135.164
2695.9,117.084,121.93,138.165,119.643,132.407,134.666,141.268,135.305,135.129
2696.0,116.989,121.886,138.132,119.598,132.444,134.63,141.236,135.235,135.058
2696.1,116.941,121.93,138.132,119.643,132.407,134.63,141.268,135.235,135.093
2696.2,116.941,121.886,138.132,119.598,132.407,134.666,141.3,135.199,135.129
2696.3,116.941,122.018,138.165,119.689,132.444,134.594,141.3,135.164,135.093
2696.4,116.798,121.842,138.098,119.552,132.37,134.666,141.236,135.164,135.022
2696.5,116.894,121.842,138.098,119.552,132.407,134.63,141.268,135.199,135.058
2696.6,116.846,121.798,138.098,119.552,132.407,134.594,141.268,135.164,135.058
2696.7,116.703,121.842,138.132,119.506,132.37,134.594,141.268,135.129,135.022
2696.8,116.655,121.842,138.132,119.552,132.37,134.63,141.3,135.129,134.987
2696.9,116.703,121.798,138.031,119.506,132.296,134.63,141.268,135.164,135.022
2697.0,116.607,121.754,138.098,119.552,132.296,134.63,141.236,135.129,134.88
2697.1,116.655,121.754,138.064,119.552,132.259,134.63,141.268,135.129,135.058
2697.2,116.512,121.71,138.199,119.415,132.221,134.594,141.268,135.058,134.951
2697.3,116.368,121.665,138.232,119.415,132.184,134.594,141.268,135.058,134.88
2697.4,116.368,121.665,138.165,119.369,132.221,134.63,141.204,135.022,134.915
2697.5,116.32,121.665,138.098,119.415,132.184,134.594,141.331,135.058,134.951
2697.6,116.32,121.665,138.098,119.323,132.147,134.559,141.236,135.022,134.88
2697.7,116.224,121.577,138.132,119.369,132.072,134.559,141.268,135.022,134.844
2697.8,116.128,121.577,138.098,119.369,132.109,134.559,141.3,134.987,134.88
2697.9,116.128,121.577,138.064,119.323,132.147,134.559,141.268,134.987,134.844
2698.0,116.08,121.533,138.098,119.323,132.072,134.559,141.3,134.951,134.773
2698.1,116.031,121.577,138.132,119.231,132.072,134.559,141.268,134.951,134.809
2698.2,115.983,121.577,138.064,119.277,131.997,134.63,141.3,134.951,134.809
2698.3,115.935,121.488,138.098,119.277,131.997,134.559,141.268,134.844,134.809
2698.4,115.935,121.533,138.064,119.277,131.96,134.594,141.268,134.915,134.773
2698.5,115.79,121.488,138.064,119.231,131.922,134.559,141.236,134.88,134.702
2698.6,115.742,121.399,138.132,119.139,131.885,134.523,141.268,134.844,134.702
2698.7,115.693,121.399,137.997,119.139,131.922,134.523,141.3,134.844,134.702
2698.8,115.693,121.311,138.098,119.139,131.848,134.487,141.236,134.844,134.666
2698.9,115.645,121.355,138.098,119.047,131.848,134.487,141.268,134.809,134.666
2699.0,115.645,121.355,138.132,119.047,131.81,134.487,141.236,134.809,134.666
2699.1,115.596,121.311,138.098,119.001,131.81,134.487,141.268,134.737,134.63
2699.2,115.548,121.311,138.098,119.001,131.81,134.487,141.236,134.844,134.63
2699.3,115.499,121.266,138.031,119.047,131.848,134.487,141.236,134.773,134.594
2699.4,115.499,121.222,138.132,118.955,131.772,134.523,141.268,134.773,134.666
2699.5,115.353,121.177,138.064,119.047,131.735,134.487,141.268,134.702,134.559
2699.6,115.402,121.311,138.064,118.955,131.697,134.487,141.3,134.737,134.559
2699.7,115.353,121.222,138.031,118.955,131.66,134.487,141.204,134.666,134.559
2699.8,115.353,121.177,138.031,118.909,131.66,134.451,141.3,134.666,134.666
2699.9,115.207,121.132,138.098,118.955,131.697,134.451,141.268,134.63,134.523
2700.0,115.207,121.132,138.064,118.863,131.66,134.487,141.236,134.666,134.523
2700.1,115.207,121.043,138.064,118.77,131.547,134.451,141.268,134.737,134.451
2700.2,115.158,121.043,138.098,118.817,131.547,134.451,141.3,134.666,134.487
2700.3,115.109,121.043,138.064,118.77,131.547,134.451,141.236,134.63,134.487
2700.4,115.109,120.954,138.098,118.724,131.547,134.451,141.268,134.63,134.487
2700.5,115.06,120.954,138.132,118.724,131.509,134.451,141.236,134.594,134.487
2700.6,115.06,120.998,138.064,118.631,131.547,134.451,141.236,134.594,134.487
2700.7,114.962,120.954,137.929,118.678,131.509,134.451,141.268,134.63,134.415
2700.8,114.962,120.909,138.031,118.678,131.434,134.487,141.268,134.559,134.415
2700.9,114.864,120.864,138.064,118.585,131.434,134.415,141.236,134.487,134.379
2701.0,114.864,120.819,138.064,118.585,131.358,134.415,141.236,134.523,134.451
2701.1,114.815,120.909,138.064,118.492,131.32,134.379,141.268,134.523,134.343
2701.2,114.815,120.819,138.031,118.539,131.358,134.415,141.204,134.523,134.379
2701.3,114.668,120.775,138.031,118.539,131.282,134.415,141.268,134.487,134.343
2701.4,114.619,120.73,138.064,118.446,131.32,134.379,141.236,134.451,134.308
2701.5,114.619,120.73,138.031,118.353,131.245,134.343,141.236,134.487,134.272
2701.6,114.569,120.64,137.963,118.353,131.169,134.451,141.268,134.308,134.343
2701.7,114.421,120.64,138.064,118.306,131.169,134.379,141.236,134.343,134.236
2701.8,114.372,120.505,138.031,118.166,131.055,134.343,141.236,134.379,134.236
2701.9,114.323,120.55,138.031,118.166,131.055,134.379,141.236,134.379,134.2
2702.0,114.273,120.505,138.031,118.166,131.093,134.343,141.236,134.343,134.164
2702.1,114.224,120.46,137.929,118.12,130.979,134.343,141.236,134.308,134.2
2702.2,114.273,120.46,138.031,118.073,130.903,134.343,141.204,134.272,134.127
2702.3,114.075,120.279,138.031,117.979,130.903,134.308,141.236,134.308,134.127
2702.4,114.075,120.324,138.064,117.979,130.864,134.308,141.204,134.379,134.127
2702.5,114.075,120.279,137.997,117.932,130.788,134.343,141.268,134.2,134.055
2702.6,113.976,120.234,137.997,117.886,130.788,134.308,141.236,134.272,134.127
2702.7,113.926,120.189,137.997,117.839,130.712,134.272,141.236,134.2,134.091
2702.8,113.926,120.189,137.997,117.839,130.75,134.272,141.204,134.127,134.055
2702.9,113.876,120.144,137.963,117.792,130.712,134.236,141.236,134.164,134.091
2703.0,113.826,120.098,137.997,117.698,130.674,134.343,141.236,134.164,134.019
2703.1,113.777,120.053,137.963,117.651,130.635,134.308,141.236,134.055,133.983
2703.2,113.727,120.053,137.997,117.651,130.597,134.272,141.236,134.127,134.019
2703.3,113.677,120.053,138.031,117.604,130.597,134.236,141.236,134.055,133.983
2703.4,113.677,119.962,137.963,117.557,130.52,134.272,141.204,134.091,133.983
2703.5,113.577,119.962,137.997,117.604,130.559,134.236,141.204,134.055,133.947
2703.6,113.577,119.962,137.963,117.509,130.482,134.272,141.204,134.055,133.947
2703.7,113.577,119.917,137.997,117.509,130.52,134.236,141.236,134.055,133.947
2703.8,113.527,119.917,137.963,117.557,130.482,134.236,141.204,134.055,133.838
2703.9,113.627,119.871,137.997,117.462,130.482,134.236,141.204,134.019,133.947
2704.0,113.477,119.826,137.963,117.509,130.444,134.236,141.204,134.164,133.911
2704.1,113.427,119.871,137.997,117.368,130.328,134.236,141.204,134.019,133.874
2704.2,113.377,119.78,137.997,117.368,130.328,134.2,141.204,133.983,133.874
2704.3,113.326,119.78,137.963,117.273,130.328,134.2,141.204,134.055,133.874
2704.4,113.276,119.643,137.963,117.226,130.251,134.2,141.204,134.019,133.947
2704.5,113.226,119.643,137.997,117.131,130.213,134.2,141.236,133.947,133.838
2704.6,113.176,119.598,137.963,117.179,130.213,134.091,141.204,133.947,133.838
2704.7,113.125,119.552,137.963,117.084,130.136,134.127,141.204,133.911,133.802
2704.8,113.125,119.689,137.963,116.989,130.136,134.2,141.204,133.911,133.802
2704.9,113.025,119.506,137.963,116.941,130.136,134.164,141.236,133.911,133.766
2705.0,112.974,119.461,137.896,116.941,130.058,134.164,141.204,133.874,133.729
2705.1,112.924,119.461,137.997,116.846,130.02,134.164,141.236,133.874,133.729
2705.2,112.974,119.369,137.896,116.941,130.058,134.164,141.141,133.874,133.693
2705.3,112.873,119.323,137.963,116.798,130.097,134.127,141.204,133.802,133.766
2705.4,112.873,119.323,137.929,116.798,129.942,134.127,141.236,133.838,133.693
2705.5,112.823,119.323,137.929,116.703,129.942,134.127,141.204,133.802,133.693
2705.6,112.823,119.277,137.997,116.607,129.865,134.127,141.236,133.766,133.657
2705.7,112.722,119.231,137.929,116.655,129.826,134.127,141.204,133.802,133.657
2705.8,112.722,119.231,137.896,116.655,129.865,134.091,141.236,133.838,133.584
2705.9,112.671,119.185,137.896,116.56,129.826,134.164,141.236,133.693,133.657
2706.0,112.671,119.093,137.896,116.56,129.826,134.091,141.141,133.766,133.62
2706.1,112.62,119.139,137.929,116.56,129.749,134.164,141.204,133.766,133.657
2706.2,112.57,119.093,137.896,116.416,129.71,134.091,141.204,133.657,133.62
2706.3,112.519,119.093,137.862,116.464,129.671,134.091,141.173,133.766,133.584
2706.4,112.519,119.047,137.896,116.368,129.632,134.091,141.204,133.693,133.584
2706.5,112.519,119.047,137.963,116.368,129.671,134.055,141.204,133.693,133.584
2706.6,112.468,119.047,137.929,116.224,129.632,134.055,141.173,133.729,133.548
2706.7,112.468,118.955,137.929,116.272,129.593,134.127,141.204,133.693,133.584
2706.8,112.366,118.909,137.896,116.32,129.593,134.019,141.236,133.693,133.548
2706.9,112.417,118.863,137.929,116.224,129.593,134.055,141.173,133.657,133.584
2707.0,112.366,118.909,137.929,116.128,129.476,134.055,141.204,133.62,133.511
2707.1,112.316,118.817,137.862,116.176,129.476,134.055,141.173,133.62,133.511
2707.2,112.316,118.817,137.862,116.176,129.476,134.055,141.204,133.62,133.548
2707.3,112.366,118.817,137.828,116.128,129.437,134.091,141.204,133.62,133.511
2707.4,112.265,118.77,137.896,116.08,129.437,134.019,141.204,133.584,133.475
2707.5,112.265,118.77,137.896,116.08,129.437,134.019,141.236,133.62,133.511
2707.6,112.163,118.678,137.929,116.031,129.437,134.055,141.204,133.584,133.475
2707.7,112.163,118.678,137.896,115.983,129.32,134.055,141.173,133.62,133.475
2707.8,112.163,118.77,137.862,115.935,129.32,134.019,141.173,133.584,133.475
2707.9,112.112,118.678,137.862,115.983,129.437,133.983,141.204,133.584,133.438
2708.0,112.009,118.631,137.929,115.838,129.359,134.091,141.173,133.548,133.438
2708.1,112.061,118.585,137.862,115.79,129.241,134.055,141.173,133.548,133.438
2708.2,112.112,118.539,137.929,115.838,129.281,134.019,141.236,133.584,133.511
2708.3,112.009,118.539,137.896,115.742,129.202,133.983,141.173,133.548,133.402
2708.4,111.958,118.492,137.828,115.693,129.163,133.983,141.204,133.511,133.438
2708.5,111.907,118.492,137.828,115.79,129.202,133.983,141.173,133.548,133.402
2708.6,111.958,118.399,137.862,115.693,129.163,134.019,141.173,133.475,133.365
2708.7,111.907,118.399,137.862,115.596,129.045,133.983,141.204,133.511,133.365
2708.8,111.907,118.399,137.828,115.645,129.085,133.983,141.141,133.475,133.365
2708.9,111.753,118.353,137.761,115.548,129.006,133.947,141.236,133.475,133.329
2709.0,111.702,118.306,137.828,115.45,129.006,133.983,141.173,133.475,133.329
2709.1,111.702,118.306,137.896,115.499,128.967,133.983,141.173,133.438,133.402
2709.2,111.702,118.26,137.828,115.45,128.967,134.019,141.173,133.438,133.255
2709.3,111.599,118.213,137.828,115.353,128.888,133.983,141.204,133.402,133.365
2709.4,111.65,118.213,137.828,115.353,128.888,133.983,141.173,133.402,133.292
2709.5,111.548,118.213,137.862,115.256,128.809,133.983,141.204,133.365,133.292
2709.6,111.496,118.166,137.828,115.207,128.77,133.947,141.204,133.402,133.255
2709.7,111.496,118.12,137.794,115.207,128.77,133.983,141.236,133.365,133.255
2709.8,111.444,117.932,137.896,115.207,128.809,133.874,141.173,133.365,133.255
2709.9,111.444,118.026,137.828,115.06,128.691,133.947,141.173,133.329,133.255
2710.0,111.393,117.979,137.828,115.06,128.73,133.911,141.173,133.329,133.255
2710.1,111.393,117.979,137.828,115.06,128.651,133.947,141.173,133.402,133.255
2710.2,111.341,117.932,137.794,115.06,128.612,134.055,141.141,133.365,133.219
2710.3,111.341,117.932,137.761,114.962,128.612,133.947,141.141,133.292,133.255
2710.4,111.238,117.886,137.794,114.913,128.493,133.911,141.204,133.329,133.219
2710.5,111.186,117.886,137.761,114.815,128.532,133.911,141.141,133.292,133.219
2710.6,111.186,117.886,137.761,114.815,128.532,133.911,141.173,133.292,133.219
2710.7,111.186,117.839,137.794,114.864,128.572,133.947,141.141,133.255,133.219
2710.8,111.134,117.839,137.659,114.815,128.453,133.874,141.236,133.292,133.182
2710.9,111.083,117.745,137.794,114.766,128.453,133.874,141.236,133.292,133.146
2711.0,111.083,117.651,137.761,114.717,128.374,133.911,141.173,133.255,133.109
2711.1,110.979,117.745,137.828,114.668,128.334,133.911,141.173,133.219,133.146
2711.2,111.083,117.698,137.862,114.619,128.294,133.874,141.173,133.255,133.035
2711.3,110.979,117.651,137.794,114.569,128.334,133.874,141.173,133.219,133.109
2711.4,110.927,117.557,137.761,114.619,128.294,133.874,141.141,133.182,133.109
2711.5,110.927,117.557,137.794,114.52,128.334,133.874,141.173,133.182,133.109
2711.6,110.927,117.462,137.794,114.421,128.214,133.874,141.141,133.182,133.035
2711.7,110.875,117.509,137.794,114.471,128.254,133.911,141.141,133.182,133.035
2711.8,110.719,117.462,137.761,114.569,128.214,133.838,141.173,133.146,133.072
2711.9,110.771,117.415,137.828,114.372,128.135,133.838,141.141,133.109,133.072
2712.0,110.771,117.415,137.761,114.372,128.135,133.838,141.141,133.146,133.035
2712.1,110.719,117.462,137.794,114.273,128.055,133.838,141.141,133.109,133.072
2712.2,110.667,117.415,137.761,114.224,127.935,133.874,141.173,133.146,133.035
2712.3,110.667,117.368,137.794,114.125,128.055,133.838,141.173,133.182,133.035
2712.4,110.562,117.273,137.761,114.125,128.015,133.802,141.141,133.109,133.035
2712.5,110.562,117.226,137.794,114.174,127.975,133.838,141.109,133.109,132.999
2712.6,110.51,117.179,137.727,114.075,127.975,133.802,141.173,133.035,133.035
2712.7,110.51,117.226,137.794,114.075,127.855,133.802,141.173,133.109,132.962
2712.8,110.458,117.179,137.761,114.075,127.855,133.838,141.173,133.146,132.962
2712.9,110.458,117.131,137.761,114.025,127.895,133.838,141.141,133.035,132.962
2713.0,110.405,117.131,137.727,113.976,127.855,133.802,141.173,133.035,132.999
2713.1,110.405,117.084,137.761,114.025,127.815,133.802,141.141,133.072,132.962
2713.2,110.353,117.084,137.761,113.876,127.815,133.766,141.141,133.072,132.999
2713.3,110.353,116.989,137.727,113.826,127.734,133.766,141.173,133.035,132.925
2713.4,110.301,116.989,137.794,113.777,127.574,133.766,141.141,133.035,132.962
2713.5,110.248,116.941,137.727,113.777,127.654,133.766,141.173,133.035,132.888
2713.6,110.196,116.894,137.794,113.677,127.574,133.802,141.109,133.035,132.962
2713.7,110.143,116.798,137.761,113.677,127.654,133.802,141.109,132.925,132.925
2713.8,110.196,116.798,137.727,113.677,127.574,133.729,141.204,133.035,132.888
2713.9,110.091,116.798,137.693,113.527,127.453,133.766,141.141,132.999,132.888
2714.0,110.091,116.751,137.693,113.527,127.453,133.802,141.109,132.999,132.851
2714.1,110.038,116.703,137.693,113.527,127.453,133.729,141.173,132.999,132.925
2714.2,110.091,116.751,137.591,113.427,127.412,133.729,141.109,132.962,132.814
2714.3,110.038,116.703,137.659,113.477,127.412,133.729,141.109,132.962,132.814
2714.4,110.038,116.703,137.693,113.377,127.453,133.729,141.141,132.925,132.851
2714.5,109.933,116.56,137.693,113.377,127.332,134.127,141.141,132.925,132.888
2714.6,109.88,116.607,137.727,113.326,127.412,133.693,141.077,132.925,132.851
2714.7,109.88,116.56,137.659,113.276,127.291,133.729,141.204,132.925,132.851
2714.8,109.88,116.512,137.693,113.226,127.21,133.729,141.109,132.888,132.778
2714.9,109.88,116.512,137.659,113.226,127.412,133.693,141.173,132.925,132.814
2715.0,109.827,116.464,137.693,113.176,127.21,133.766,141.173,132.888,132.778
2715.1,109.722,116.416,137.693,113.075,127.129,133.729,141.109,132.888,132.778
2715.2,109.669,116.416,137.761,113.075,127.129,133.729,141.109,132.888,132.778
2715.3,109.669,116.368,137.693,113.075,127.089,133.766,141.109,132.851,132.741
2715.4,109.827,116.416,137.693,113.025,127.089,133.693,141.109,132.888,132.741
2715.5,109.563,116.32,137.659,112.974,127.089,133.874,141.173,132.888,132.778
2715.6,109.51,116.272,137.659,112.924,126.967,133.766,141.141,132.851,132.778
2715.7,109.404,116.176,137.693,112.924,126.926,133.729,141.141,132.814,132.704
2715.8,109.51,116.176,137.659,112.873,126.926,133.62,141.173,132.851,132.704
2715.9,109.457,116.128,137.659,112.772,126.926,133.693,141.109,132.814,132.741
2716.0,109.404,116.176,137.693,112.722,126.763,133.729,141.109,132.778,132.741
2716.1,109.351,116.031,137.659,112.722,126.885,133.62,141.141,132.814,132.778
2716.2,109.351,116.031,137.659,112.671,126.845,133.693,141.109,132.814,132.741
2716.3,109.298,116.031,137.625,112.722,126.763,133.657,141.141,132.814,132.667
2716.4,109.351,116.031,137.693,112.62,126.763,133.657,141.109,132.814,132.704
2716.5,109.244,115.983,137.625,112.671,126.682,133.657,141.077,132.778,132.667
2716.6,109.298,115.935,137.625,112.57,126.682,133.657,141.173,132.778,132.667
2716.7,109.244,116.031,137.659,112.519,126.682,133.693,141.141,132.851,132.667
2716.8,109.191,115.935,137.557,112.468,126.641,133.657,141.141,132.778,132.63
2716.9,109.191,115.887,137.659,112.468,126.6,133.62,141.141,132.741,132.63
2717.0,109.138,115.838,137.659,112.417,126.559,133.657,141.236,132.741,132.63
2717.1,109.138,115.887,137.625,112.417,126.518,133.657,141.141,132.741,132.63
2717.2,109.031,115.742,137.625,112.265,126.559,133.657,141.109,132.741,132.63
2717.3,109.085,115.742,137.591,112.265,126.436,133.62,141.109,132.741,132.593
2717.4,109.031,115.742,137.591,112.214,126.436,133.62,141.141,132.741,132.667
2717.5,108.978,115.742,137.625,112.214,126.436,133.62,141.141,132.741,132.593
2717.6,108.978,115.645,137.591,112.214,126.477,133.62,141.109,132.704,132.593
2717.7,108.924,115.645,137.625,112.163,126.354,133.62,141.109,132.704,132.593
2717.8,108.924,115.645,137.557,112.112,126.354,133.62,141.173,132.704,132.63
2717.9,108.871,115.596,137.591,112.061,126.272,133.62,141.109,132.741,132.593
2718.0,108.817,115.45,137.557,112.009,126.272,133.584,141.109,132.741,132.519
2718.1,108.817,115.499,137.659,112.009,126.231,133.548,141.141,132.63,132.556
2718.2,108.817,115.45,137.557,111.958,126.189,133.548,141.109,132.667,132.556
2718.3,108.71,115.402,137.625,112.009,126.148,133.62,141.109,132.667,132.556
2718.4,108.71,115.45,137.693,111.907,126.148,133.62,141.077,132.667,132.556
2718.5,108.657,115.402,137.591,111.958,126.107,133.548,141.077,132.63,132.519
2718.6,108.603,115.256,137.659,111.856,126.024,133.511,141.109,132.667,132.519
2718.7,108.549,115.304,137.625,111.753,126.024,133.584,141.077,132.667,132.519
2718.8,108.603,115.304,137.557,111.753,126.024,133.584,141.077,132.593,132.519
2718.9,108.603,115.304,137.591,111.753,125.942,133.584,141.141,132.667,132.519
2719.0,108.549,115.353,137.591,111.702,125.942,133.584,141.109,132.63,132.556
2719.1,108.495,115.207,137.591,111.702,125.942,133.548,141.109,132.63,132.519
2719.2,108.549,115.207,137.557,111.65,125.859,133.438,141.109,132.593,132.482
2719.3,108.442,115.158,137.557,111.65,125.859,133.548,141.141,132.593,132.482
2719.4,108.442,115.109,137.557,111.599,125.859,133.548,141.045,132.593,132.444
2719.5,108.388,115.109,137.489,111.548,125.776,133.657,141.077,132.593,132.556
2719.6,108.388,115.06,137.557,111.599,125.818,133.584,141.109,132.556,132.519
2719.7,108.334,115.06,137.557,111.444,125.776,133.548,141.109,132.593,132.444
2719.8,108.28,115.011,137.557,111.444,125.735,133.548,141.077,132.556,132.482
2719.9,108.28,115.011,137.557,111.444,125.652,133.584,141.077,132.667,132.519
2720.0,108.28,114.962,137.591,111.393,125.652,133.548,141.077,132.63,132.482
2720.1,108.28,114.962,137.625,111.341,125.652,133.548,141.077,132.556,132.444
2720.2,108.172,114.913,137.523,111.341,125.61,133.511,141.173,132.556,132.444
2720.3,108.172,114.913,137.455,111.29,125.652,133.584,141.045,132.556,132.556
2720.4,108.118,114.864,137.557,111.238,125.61,133.511,141.109,132.556,132.482
2720.5,108.118,114.962,137.557,111.238,125.527,133.548,141.109,132.556,132.407
2720.6,108.064,114.815,137.523,111.186,125.485,133.548,141.077,132.519,132.407
2720.7,108.01,114.766,137.557,111.186,125.485,133.548,141.077,132.482,132.444
2720.8,108.064,114.766,137.489,111.238,125.485,133.511,141.109,132.482,132.444
2720.9,107.955,114.766,137.557,111.134,125.402,133.511,141.141,132.519,132.407
2721.0,107.955,114.717,137.489,111.083,125.402,133.475,141.077,132.519,132.407
2721.1,107.955,114.619,137.523,111.031,125.36,133.438,141.109,132.519,132.444
2721.2,107.955,114.668,137.523,111.083,125.36,133.511,141.109,132.519,132.444
2721.3,107.955,114.619,137.557,111.031,125.319,133.475,141.141,132.482,132.37
2721.4,107.955,114.619,137.693,110.927,125.277,133.511,141.077,132.482,132.407
2721.5,107.901,114.619,137.523,110.927,125.277,133.475,141.109,132.482,132.37
2721.6,107.793,114.471,137.489,110.875,125.277,133.475,141.109,132.482,132.37
2721.7,107.847,114.471,137.557,110.823,125.193,133.584,141.077,132.519,132.333
2721.8,107.793,114.471,137.489,110.875,125.151,133.511,141.077,132.407,132.333
2721.9,107.738,114.323,137.523,110.771,125.151,133.475,141.109,132.444,132.296
2722.0,107.575,114.372,137.523,110.823,125.11,133.511,141.077,132.444,132.37
2722.1,107.738,114.421,137.557,110.719,125.11,133.438,141.077,132.482,132.333
2722.2,107.684,114.372,137.523,110.771,125.11,133.475,141.077,132.444,132.296
2722.3,107.684,114.372,137.557,110.719,125.151,133.475,141.077,132.444,132.37
2722.4,107.63,114.273,137.557,110.667,125.026,133.475,141.045,132.444,132.296
2722.5,107.793,114.323,137.523,110.615,125.026,133.475,141.045,132.482,132.296
2722.6,107.575,114.224,137.523,110.615,124.942,133.438,141.077,132.407,132.407
2722.7,107.575,114.224,137.523,110.615,124.984,133.475,141.077,132.37,132.296
2722.8,107.521,114.224,137.523,110.51,124.9,133.475,141.077,132.444,132.259
2722.9,107.466,114.125,137.421,110.51,124.858,133.548,141.077,132.333,132.37
2723.0,107.411,114.125,137.489,110.405,124.816,133.438,141.077,132.296,132.296
2723.1,107.411,114.125,137.523,110.458,124.731,133.438,141.109,132.444,132.259
2723.2,107.357,114.174,137.557,110.353,124.773,133.475,141.109,132.407,132.296
2723.3,107.466,114.025,137.489,110.353,124.773,133.511,141.173,132.37,132.333
2723.4,107.302,114.025,137.557,110.353,124.773,133.438,141.013,132.37,132.259
2723.5,107.302,114.025,137.489,110.301,124.773,133.438,141.109,132.37,132.259
2723.6,107.302,113.926,137.455,110.405,124.689,133.475,141.077,132.37,132.259
2723.7,106.918,113.926,137.421,110.248,124.647,133.365,141.109,132.37,132.296
2723.8,107.247,113.926,137.489,110.196,124.731,133.438,141.013,132.37,132.221
2723.9,107.302,113.876,137.455,110.196,124.605,133.438,141.045,132.333,132.259
2724.0,107.193,113.826,137.455,110.196,124.562,133.438,141.141,132.407,132.296
2724.1,107.247,113.876,137.523,110.248,124.52,133.402,141.077,132.333,132.221
2724.2,107.138,113.777,137.557,110.091,124.52,133.475,141.077,132.37,132.221
2724.3,107.083,113.826,137.489,110.196,124.478,133.475,141.077,132.37,132.221
2724.4,107.138,113.727,137.455,109.985,124.436,133.475,141.045,132.296,132.259
2724.5,107.083,113.677,137.455,109.985,124.393,133.402,141.077,132.296,132.259
2724.6,107.028,113.677,137.489,109.985,124.351,133.402,141.077,132.296,132.184
2724.7,107.028,113.627,137.421,109.985,124.351,133.402,141.045,132.407,132.184
2724.8,107.028,113.727,137.591,109.985,124.351,133.402,141.141,132.296,132.184
2724.9,106.918,113.627,137.455,109.933,124.308,133.402,141.077,132.296,132.333
2725.0,106.973,113.627,137.421,109.827,124.266,133.438,141.045,132.296,132.184
2725.1,106.973,113.577,137.421,109.827,124.308,133.365,140.981,132.296,132.221
2725.2,106.918,113.577,137.421,109.827,124.266,133.402,141.077,132.259,132.296
2725.3,106.918,113.527,137.489,109.88,124.223,133.402,141.045,132.259,132.296
2725.4,106.863,113.477,137.455,109.775,124.181,133.475,141.077,132.296,132.444
2725.5,106.863,113.377,137.421,109.722,124.138,133.475,141.045,132.296,132.147
2725.6,106.808,113.477,137.387,109.616,124.096,133.329,141.109,132.296,132.109
2725.7,106.973,113.427,137.455,109.775,124.053,133.329,141.045,132.296,132.147
2725.8,106.698,113.377,137.421,109.722,124.053,133.365,141.077,132.259,132.259
2725.9,106.753,113.377,137.489,109.563,124.011,133.365,141.077,132.296,132.147
2726.0,106.698,113.326,137.421,109.616,124.011,133.402,141.045,132.259,132.184
2726.1,106.698,113.377,137.455,109.563,123.968,133.365,141.045,132.221,132.147
2726.2,106.698,113.377,137.421,109.563,124.011,133.402,141.045,132.259,132.147
2726.3,106.643,113.326,137.455,109.51,123.925,133.365,141.013,132.259,132.147
2726.4,106.643,113.226,137.455,109.457,124.011,133.365,141.045,132.221,132.147
2726.5,106.588,113.276,137.421,109.457,123.883,133.365,141.013,132.221,132.147
2726.6,106.532,113.176,137.421,109.404,123.883,133.365,141.077,132.147,132.109
2726.7,106.588,113.176,137.455,109.404,123.84,133.365,141.077,132.221,132.109
2726.8,106.477,113.125,137.421,109.298,123.797,133.329,141.077,132.221,132.147
2726.9,106.532,113.125,137.421,109.351,123.797,133.329,141.077,132.221,132.109
2727.0,106.422,113.075,137.421,109.298,123.711,133.329,141.045,132.259,132.072
2727.1,106.422,112.974,137.489,109.244,123.626,133.329,141.045,132.259,132.184
2727.2,106.366,113.025,137.421,109.191,123.583,133.329,141.013,132.221,132.072
2727.3,106.366,112.924,137.387,109.138,123.583,133.329,141.077,132.184,132.109
2727.4,106.311,112.924,137.387,109.138,123.583,133.329,141.077,132.147,132.072
2727.5,106.311,112.823,137.387,109.031,123.54,133.329,141.077,132.184,132.072
2727.6,106.255,112.772,137.455,109.138,123.497,133.292,141.045,132.184,132.072
2727.7,106.2,112.772,137.421,109.085,123.411,133.292,141.077,132.221,131.997
2727.8,106.2,112.772,137.387,109.031,123.454,133.292,141.045,132.184,132.072
2727.9,106.255,112.823,137.387,108.978,123.454,133.329,141.045,132.147,132.072
2728.0,106.2,112.772,137.387,109.031,123.282,133.255,141.077,132.109,132.221
2728.1,106.2,112.722,137.387,108.978,123.325,133.329,141.109,132.147,132.035
2728.2,106.144,112.671,137.421,108.978,123.368,133.292,141.045,132.109,132.035
2728.3,106.144,112.823,137.387,108.978,123.325,133.292,140.918,132.147,132.072
2728.4,106.144,112.671,137.387,108.924,123.325,133.329,141.013,131.96,132.072
2728.5,106.2,112.722,137.387,108.871,123.282,133.292,141.077,132.109,132.072
2728.6,106.144,112.62,137.387,108.924,123.325,133.255,141.077,132.221,131.997
2728.7,106.089,112.62,137.387,108.871,123.238,133.292,141.077,132.109,132.035
2728.8,106.033,112.519,137.353,108.871,123.238,133.292,141.077,132.109,131.96
2728.9,106.089,112.57,138.064,108.764,123.238,133.255,141.077,132.147,131.997
2729.0,105.977,112.519,137.387,108.817,123.238,133.255,141.013,132.109,131.997
2729.1,105.977,112.519,137.387,108.764,123.152,133.329,141.173,132.109,132.035
2729.2,105.977,112.519,137.353,108.71,123.152,133.292,141.013,132.147,131.997
2729.3,105.977,112.468,137.387,108.71,123.152,133.292,141.045,132.109,132.072
2729.4,105.866,112.417,137.353,108.657,123.066,133.292,141.141,132.109,131.997
2729.5,105.866,112.468,137.387,108.657,123.066,133.255,141.013,132.109,132.035
2729.6,105.81,112.417,137.387,108.657,122.936,133.292,141.077,132.109,131.997
2729.7,105.866,112.316,137.387,108.603,122.979,133.292,141.077,132.072,131.997
2729.8,105.754,112.417,137.353,108.549,122.979,133.329,141.109,132.109,132.035
2729.9,105.81,112.265,137.353,108.549,122.892,133.255,141.077,132.109,132.035
2730.0,105.754,112.265,137.353,108.442,122.892,133.255,141.077,132.147,131.997
2730.1,105.754,112.265,137.353,108.495,122.849,133.219,141.013,132.109,131.96
2730.2,105.698,112.163,137.421,108.442,122.849,133.255,141.013,132.109,131.96
2730.3,105.698,112.163,137.387,108.442,122.762,133.255,141.045,132.109,131.997
2730.4,105.754,112.112,137.353,108.388,122.718,133.292,141.077,132.109,131.96
2730.5,105.642,112.061,137.353,108.442,122.762,133.255,141.013,132.072,131.997
2730.6,105.642,111.958,137.387,108.28,122.718,133.255,141.013,132.035,131.96
2730.7,105.586,112.009,137.353,108.28,122.718,133.255,141.045,132.035,131.997
2730.8,105.586,112.061,137.353,108.28,122.631,133.219,141.077,132.072,132.035
2730.9,105.53,112.009,137.353,108.172,122.631,133.255,141.077,132.035,131.96
2731.0,105.586,112.009,137.319,108.226,122.631,133.255,141.045,131.997,131.922
2731.1,105.53,111.907,137.319,108.172,122.544,133.219,141.045,132.035,131.922
2731.2,105.474,112.061,137.387,108.172,122.588,133.219,141.077,131.96,131.96
2731.3,105.474,111.753,137.319,108.172,122.544,133.255,141.013,132.072,131.922
2731.4,105.418,111.856,137.285,108.118,122.5,133.255,141.109,132.072,131.96
2731.5,105.362,111.805,137.319,108.01,122.413,133.255,141.013,132.072,131.922
2731.6,105.362,111.753,137.319,108.01,122.413,133.182,141.045,132.035,131.922
2731.7,105.249,111.753,137.353,107.847,122.369,133.219,141.045,132.035,131.922
2731.8,105.362,111.753,137.353,107.955,122.369,133.255,141.045,132.035,131.922
2731.9,105.249,111.702,137.353,107.955,122.369,133.182,141.045,131.997,131.922
2732.0,105.249,111.702,137.319,107.901,122.326,133.219,141.045,132.035,131.922
2732.1,105.193,111.599,137.353,107.901,122.282,133.219,141.045,131.997,131.922
2732.2,105.193,111.702,137.387,107.955,122.238,133.219,141.045,131.997,131.885
2732.3,105.137,111.599,137.319,107.847,122.194,133.219,141.077,131.997,131.885
2732.4,105.249,111.599,137.319,107.793,122.238,133.255,141.045,132.035,131.81
2732.5,105.193,111.65,137.319,107.793,122.194,133.219,141.077,131.997,131.922
2732.6,105.193,111.599,137.319,107.738,122.194,133.182,141.013,132.035,131.922
2732.7,105.137,111.548,137.353,107.847,122.15,133.182,141.013,132.035,131.922
2732.8,105.137,111.548,137.285,107.793,122.106,133.182,141.045,131.96,131.922
2732.9,105.137,111.496,137.319,107.684,122.15,133.219,141.077,131.96,131.885
2733.0,105.08,111.496,137.319,107.738,122.106,133.182,141.045,131.997,131.922
2733.1,105.024,111.496,137.387,107.684,122.062,133.219,141.077,131.997,131.885
2733.2,105.08,111.444,137.285,107.738,122.062,133.182,141.013,132.035,131.885
2733.3,105.08,111.393,137.387,107.63,122.018,133.255,141.141,131.997,131.922
2733.4,105.024,111.393,137.285,107.684,121.974,133.255,141.045,131.96,131.922
2733.5,105.024,111.393,137.319,107.63,121.974,133.219,141.013,131.96,131.885
2733.6,104.967,111.341,137.285,107.63,122.106,133.182,141.013,131.997,131.885
2733.7,105.024,111.29,137.353,107.575,121.974,133.255,141.013,131.96,131.885
2733.8,104.911,111.29,137.353,107.575,121.93,133.182,141.077,131.96,131.81
2733.9,104.911,111.238,137.319,107.521,121.886,133.182,140.95,131.96,131.922
2734.0,104.911,111.238,137.251,107.466,121.842,133.182,141.077,131.96,131.81
2734.1,104.854,111.186,137.319,107.466,121.886,133.182,141.045,131.997,131.885
2734.2,104.911,111.134,137.285,107.411,121.71,133.182,141.045,131.96,131.81
2734.3,104.798,111.186,137.285,107.357,121.71,133.182,141.045,131.96,131.848
2734.4,104.741,111.186,137.251,107.357,121.71,133.182,141.045,131.96,131.848
2734.5,104.684,111.031,137.285,107.357,121.665,133.146,141.045,131.96,131.848
2734.6,104.741,111.031,137.285,107.302,121.665,133.182,141.077,132.035,131.848
2734.7,104.684,111.031,137.285,107.302,121.665,133.219,141.045,131.922,131.848
2734.8,104.684,110.927,137.285,107.193,121.621,133.182,141.013,131.922,131.885
2734.9,104.741,110.979,137.285,107.138,121.488,133.182,141.013,131.922,131.81
2735.0,104.628,110.927,137.285,107.193,121.533,133.219,141.077,131.96,131.885
2735.1,104.628,110.927,137.251,107.193,121.488,133.109,141.013,131.96,131.885
2735.2,104.571,110.823,137.251,107.138,121.488,133.146,141.013,131.922,131.81
2735.3,104.457,110.875,137.251,107.083,121.444,133.146,141.045,131.96,131.81
2735.4,104.571,110.823,137.319,107.028,121.399,133.146,141.013,131.885,131.81
2735.5,104.457,110.771,137.251,107.028,121.488,133.182,141.045,131.885,131.772
2735.6,104.457,110.823,137.285,107.083,121.355,133.146,141.013,131.885,131.772
2735.7,104.4,110.667,137.251,106.973,121.222,133.182,140.981,131.885,131.772
2735.8,104.4,110.615,137.251,106.973,121.222,133.146,141.045,131.997,131.81
2735.9,104.4,110.562,137.251,106.863,121.222,133.109,141.013,131.922,131.772
2736.0,104.343,110.615,137.251,106.863,121.132,133.146,141.045,131.81,131.81
2736.1,104.286,110.51,137.216,106.863,121.043,133.109,141.013,131.922,131.81
2736.2,104.4,110.667,137.285,106.863,121.177,133.109,141.013,131.848,131.735
2736.3,104.229,110.458,137.251,106.808,121.043,133.146,141.013,131.922,131.772
2736.4,104.343,110.51,137.251,106.808,121.088,133.109,141.013,131.885,131.772
2736.5,104.229,110.405,137.251,106.698,120.998,133.109,141.045,131.96,131.735
2736.6,104.229,110.405,137.251,106.753,120.998,133.109,141.013,131.922,131.772
2736.7,104.229,110.405,137.285,106.698,120.998,133.109,141.045,131.885,131.697
2736.8,104.172,110.353,137.216,106.698,120.909,133.109,141.013,131.848,131.772
2736.9,104.172,110.353,137.285,106.643,120.909,133.109,141.045,131.848,131.735
2737.0,104.229,110.301,137.251,106.698,120.954,133.109,140.981,131.848,131.735
2737.1,104.115,110.301,137.319,106.643,120.864,133.182,140.981,131.885,131.735
2737.2,104.115,110.301,137.216,106.698,120.864,133.072,141.045,131.81,131.772
2737.3,104.172,110.143,137.285,106.588,120.909,133.182,141.013,131.81,131.735
2737.4,104.115,110.248,137.251,106.588,120.819,133.109,141.013,131.848,131.735
2737.5,104.058,110.143,137.182,106.532,120.73,133.109,140.981,131.848,131.772
2737.6,104.058,110.196,137.216,106.477,120.685,133.109,141.045,131.848,131.697
2737.7,103.943,110.143,137.216,106.532,120.685,133.109,141.013,131.81,131.697
2737.8,103.886,110.143,137.216,106.477,120.685,133.072,141.045,131.885,131.66
2737.9,104.0,110.038,137.285,106.422,120.55,133.146,141.013,131.848,131.735
2738.0,103.943,110.091,137.216,106.477,120.64,133.035,141.013,131.81,131.697
2738.1,103.943,110.038,137.251,106.366,120.595,133.072,141.013,131.848,131.697
2738.2,104.0,109.985,137.251,106.366,120.55,133.146,140.981,131.81,131.772
2738.3,103.886,109.985,137.285,106.311,120.505,133.109,140.981,131.772,131.697
2738.4,103.714,109.985,137.251,106.255,120.46,133.072,141.045,131.81,131.697
2738.5,103.771,109.933,137.251,106.255,120.415,133.072,141.013,131.772,131.697
2738.6,103.771,109.88,137.114,106.311,120.324,133.146,141.013,131.772,131.697
2738.7,103.771,109.88,137.251,106.2,120.37,133.109,141.013,131.81,131.735
2738.8,103.771,109.827,137.182,106.2,120.324,133.072,141.013,131.772,131.697
2738.9,103.771,109.775,137.251,106.089,120.415,133.072,140.981,131.772,131.697
2739.0,103.656,109.827,137.182,106.311,120.37,133.072,141.013,131.735,131.735
2739.1,103.714,109.775,137.251,106.144,120.234,133.072,140.981,131.81,131.66
2739.2,103.714,109.722,137.182,106.144,120.279,133.109,140.981,131.848,131.697
2739.3,103.656,109.722,137.182,106.033,120.189,133.072,141.013,131.772,131.697
2739.4,103.599,109.563,137.251,105.977,120.189,132.999,140.981,131.735,131.735
2739.5,103.599,109.563,137.216,105.977,120.098,133.072,140.981,131.772,131.66
2739.6,103.541,109.563,137.182,106.033,120.144,133.035,141.045,131.772,131.66
2739.7,103.483,109.51,137.216,105.922,119.962,133.072,141.013,131.735,131.66
2739.8,103.483,109.51,137.182,105.922,120.007,133.035,141.013,131.772,131.66
2739.9,103.483,109.404,137.182,105.977,120.053,133.035,140.981,131.772,131.622
2740.0,103.426,109.457,137.216,105.81,120.007,133.035,141.013,131.772,131.66
2740.1,103.426,109.457,137.251,105.866,119.917,133.035,140.981,131.735,131.622
2740.2,103.483,109.351,137.148,105.754,119.917,133.035,141.013,131.772,131.584
2740.3,103.426,109.298,137.148,105.81,119.871,133.035,141.013,131.81,131.66
2740.4,103.426,109.351,137.148,105.81,119.871,133.035,140.95,131.735,131.66
2740.5,103.368,109.298,137.216,105.698,119.826,133.035,141.013,131.735,131.66
2740.6,103.368,109.244,137.182,105.698,119.78,133.035,141.013,131.735,131.622
2740.7,103.31,109.244,137.182,105.698,119.78,132.999,141.013,131.772,131.66
2740.8,103.31,109.244,137.148,105.642,119.643,133.035,140.981,131.735,131.66
2740.9,103.252,109.138,137.148,105.642,119.689,132.999,140.981,131.735,131.622
2741.0,103.252,109.138,137.114,105.586,119.643,133.035,141.013,131.697,131.584
2741.1,103.252,109.138,137.182,105.53,119.552,132.999,141.013,131.735,131.622
2741.2,103.195,109.138,137.216,105.586,119.598,133.035,140.981,131.735,131.622
2741.3,103.195,109.031,137.148,105.53,119.552,132.999,140.981,131.735,131.622
2741.4,103.137,109.031,137.182,105.53,119.552,133.035,140.95,131.772,131.584
2741.5,103.137,109.031,137.216,105.53,119.552,133.109,141.013,131.772,131.622
2741.6,103.137,108.978,137.216,105.474,119.506,133.035,140.981,131.735,131.622
2741.7,103.137,109.031,137.148,105.474,119.643,132.999,141.013,131.697,131.66
2741.8,103.137,108.924,137.216,105.418,119.369,133.035,140.981,131.697,131.584
2741.9,103.079,108.871,137.182,105.362,119.415,133.035,141.013,131.697,131.584
2742.0,103.079,108.924,137.251,105.306,119.369,133.035,140.981,131.697,131.584
2742.1,103.021,108.871,137.148,105.306,119.369,132.999,141.013,131.697,131.584
2742.2,102.963,108.871,137.182,105.418,119.369,133.035,141.045,131.735,131.547
2742.3,103.021,108.817,137.114,105.362,119.277,133.072,141.013,131.697,131.622
2742.4,102.963,108.764,137.148,105.306,119.323,132.999,140.981,131.697,131.622
2742.5,102.963,108.817,137.148,105.306,119.231,132.999,140.981,131.66,131.66
2742.6,103.021,108.71,137.182,105.249,119.231,132.999,141.045,131.697,131.547
2742.7,102.904,108.71,137.114,105.306,119.185,132.999,140.981,131.66,131.584
2742.8,102.904,108.71,137.216,105.193,119.185,133.035,140.981,131.66,131.735
2742.9,102.963,108.71,137.182,105.193,119.139,133.146,141.013,131.697,131.547
2743.0,102.904,108.71,137.182,105.193,119.139,132.962,140.629,131.735,131.584
2743.1,102.846,108.603,137.148,105.193,119.139,132.999,141.013,131.66,131.584
2743.2,102.846,108.549,137.148,105.137,119.047,132.999,140.981,131.697,131.584
2743.3,102.788,108.603,137.148,105.08,119.001,132.999,141.013,131.66,131.547
2743.4,102.73,108.549,137.114,105.08,118.955,133.035,141.013,131.66,131.584
2743.5,102.846,108.495,137.148,105.024,118.955,132.962,140.981,131.66,131.584
2743.6,102.788,108.442,137.148,105.08,118.909,132.999,140.981,131.697,131.509
2743.7,102.672,108.442,137.148,105.024,118.955,132.999,140.981,131.66,131.547
2743.8,102.788,108.442,137.114,105.024,118.909,133.035,140.981,131.66,131.547
2743.9,102.73,108.388,137.114,104.967,118.909,133.035,140.981,131.697,131.584
2744.0,102.672,108.388,137.148,105.08,118.863,132.962,141.013,131.697,131.509
2744.1,102.672,108.388,137.182,104.967,118.817,133.035,140.981,131.66,131.547
2744.2,102.73,108.388,137.114,105.024,118.817,132.962,140.981,131.66,131.584
2744.3,102.613,108.28,137.148,104.854,118.863,132.962,140.981,131.622,131.584
2744.4,102.613,108.28,137.114,104.911,118.724,132.962,141.013,131.66,131.547
2744.5,102.555,108.118,137.148,104.286,118.724,132.962,140.981,131.66,131.547
2744.6,102.555,108.28,137.114,104.854,118.77,132.962,140.95,131.622,131.547
2744.7,102.497,108.226,137.148,104.911,118.724,132.962,141.013,131.622,131.547
2744.8,102.555,108.172,137.114,104.967,118.678,132.962,141.013,131.66,131.547
2744.9,102.613,108.226,137.148,104.854,118.631,133.035,141.077,131.622,131.547
2745.0,102.555,108.118,137.182,104.741,118.585,133.035,141.013,131.66,131.547
2745.1,102.497,108.064,137.114,104.798,118.585,132.999,140.981,131.66,131.547
2745.2,102.555,108.118,137.114,104.798,118.539,132.962,141.013,131.622,131.509
2745.3,102.497,108.064,137.114,104.741,118.539,132.999,140.981,131.66,131.584
2745.4,102.438,108.01,137.114,104.741,118.492,132.962,140.981,131.622,131.509
2745.5,102.438,108.01,137.114,104.684,118.446,132.999,141.013,131.622,131.547
2745.6,102.38,107.955,137.114,104.684,118.446,133.035,140.981,131.622,131.584
2745.7,102.38,108.01,137.148,104.628,118.353,132.962,141.013,131.584,131.471
2745.8,102.438,107.955,137.08,104.628,118.399,132.999,140.981,131.584,131.509
2745.9,102.38,107.901,137.08,104.571,118.353,132.962,141.013,131.622,131.509
2746.0,102.321,107.847,137.114,104.571,118.353,132.999,141.013,131.66,131.471
2746.1,102.321,107.847,137.08,104.571,118.26,132.962,140.981,131.622,131.509
2746.2,102.321,107.793,137.148,104.571,118.26,132.962,140.981,131.584,131.471
2746.3,102.262,107.738,136.805,104.571,118.166,132.962,141.013,131.584,131.471
2746.4,102.204,107.738,137.114,104.457,118.213,132.925,140.981,131.584,131.509
2746.5,102.262,107.738,137.08,104.457,118.166,132.925,141.045,131.622,131.509
2746.6,102.204,107.738,137.114,104.457,118.12,132.925,140.95,131.584,131.509
2746.7,102.204,107.738,137.148,104.4,118.12,132.962,141.013,131.584,131.471
2746.8,102.145,107.63,137.08,104.343,118.12,132.999,141.013,131.584,131.471
2746.9,102.145,107.63,137.08,104.4,118.026,132.925,140.981,131.547,131.509
2747.0,102.145,107.684,137.114,104.286,118.026,132.925,141.045,131.584,131.471
2747.1,102.145,107.521,137.011,104.286,117.979,132.888,140.981,131.547,131.471
2747.2,102.145,107.575,137.08,104.286,117.932,132.999,140.981,131.584,131.396
2747.3,102.086,107.466,137.114,104.286,117.932,132.925,140.95,131.509,131.471
2747.4,101.969,107.521,137.08,104.286,117.886,132.888,140.95,131.584,131.509
2747.5,102.028,107.411,137.114,104.229,117.839,132.925,140.981,131.584,131.471
2747.6,102.028,107.411,137.148,104.229,117.886,132.925,140.981,131.547,131.434
2747.7,101.969,107.357,137.148,104.172,117.745,132.925,140.981,131.547,131.509
2747.8,101.91,107.357,137.148,104.115,117.698,132.925,141.013,131.547,131.396
2747.9,101.969,107.357,137.08,104.115,117.651,132.925,140.918,131.547,131.471
2748.0,101.91,107.302,137.08,104.229,117.745,132.962,140.981,131.547,131.434
2748.1,101.91,107.247,137.08,104.115,117.651,132.888,141.013,131.509,131.434
2748.2,101.91,107.193,137.114,104.115,117.604,132.888,140.981,131.547,131.471
2748.3,101.851,107.247,137.08,104.058,117.651,132.888,140.981,131.547,131.396
2748.4,101.851,107.247,137.08,104.058,117.651,132.999,140.981,131.622,131.471
2748.5,101.851,107.193,137.08,104.0,117.604,132.962,141.013,131.584,131.471
2748.6,101.851,107.193,137.08,103.943,117.462,132.925,140.981,131.509,131.434
2748.7,101.792,107.193,137.011,104.058,117.462,132.962,141.045,131.509,131.434
2748.8,101.792,107.193,137.045,104.0,117.462,132.888,140.981,131.547,131.434
2748.9,101.792,107.138,137.08,103.943,117.509,132.925,140.95,131.584,131.434
2749.0,101.733,107.083,137.08,103.943,117.321,132.888,140.95,131.509,131.396
2749.1,101.733,107.028,137.045,103.886,117.368,132.925,140.95,131.509,131.434
2749.2,101.674,107.028,137.08,103.943,117.368,132.888,140.95,131.509,131.396
2749.3,101.674,107.083,137.08,103.886,117.321,132.925,140.981,131.547,131.509
2749.4,101.674,106.973,137.011,103.943,117.321,132.888,140.981,131.509,131.434
2749.5,101.674,106.973,137.08,103.829,117.273,132.888,140.918,131.509,131.434
2749.6,101.674,106.918,137.08,103.829,117.226,132.925,140.981,131.547,131.396
2749.7,101.674,106.863,137.114,103.886,117.226,132.925,140.981,131.547,131.396
2749.8,101.615,106.918,137.045,103.714,117.179,132.925,140.981,131.471,131.396
2749.9,101.615,106.918,137.045,103.829,117.226,132.925,141.013,131.509,131.434
2750.0,101.615,106.808,137.114,103.771,117.131,132.888,140.981,131.471,131.434
2750.1,101.615,106.808,137.08,103.829,117.179,132.888,140.95,131.509,131.396
2750.2,101.556,106.698,137.011,103.714,117.084,132.888,140.918,131.471,131.396
2750.3,101.556,106.753,137.045,103.714,117.084,132.888,140.918,131.471,131.396
2750.4,101.556,106.698,137.045,103.656,117.131,132.888,140.981,131.509,131.434
2750.5,101.556,106.643,137.011,103.714,117.084,132.925,140.95,131.471,131.471
2750.6,101.496,106.643,137.045,103.656,116.989,132.888,141.013,131.509,131.396
2750.7,101.496,106.588,137.148,103.656,116.941,132.888,140.95,131.471,131.434
2750.8,101.496,106.532,137.045,103.599,116.894,132.888,140.981,131.471,131.434
2750.9,101.496,106.532,137.045,103.541,116.941,132.888,140.981,131.471,131.434
2751.0,101.437,106.532,137.08,103.541,116.894,132.851,140.981,131.471,131.396
2751.1,101.378,106.588,137.08,103.656,116.846,132.888,140.981,131.471,131.396
2751.2,101.378,106.477,137.08,103.541,116.798,132.888,140.95,131.471,131.358
2751.3,101.378,106.477,137.045,103.599,116.846,132.888,140.918,131.471,131.396
2751.4,101.378,106.422,137.045,103.483,116.751,132.851,141.013,131.434,131.396
2751.5,101.615,106.422,137.045,103.483,116.751,132.888,140.95,131.471,131.396
2751.6,101.378,106.422,137.045,103.483,116.751,132.888,140.95,131.471,131.396
2751.7,101.2,106.422,136.977,103.426,116.703,132.925,140.95,131.471,131.396
2751.8,101.318,106.311,137.011,103.426,116.655,132.888,140.981,131.471,131.358
2751.9,101.318,106.366,137.08,103.368,116.655,132.888,140.981,131.471,131.358
2752.0,101.318,106.311,137.045,103.368,116.655,132.851,141.013,131.434,131.358
2752.1,101.2,106.144,137.045,103.368,116.512,132.888,140.918,131.471,131.358
2752.2,101.259,106.255,137.045,103.31,116.56,132.851,140.981,131.471,131.358
2752.3,101.259,106.144,137.045,103.31,116.512,132.888,140.95,131.471,131.358
2752.4,101.14,106.2,137.045,103.31,116.416,132.888,140.981,131.471,131.434
2752.5,101.2,106.255,137.011,103.368,116.464,132.888,140.95,131.434,131.358
2752.6,101.08,106.089,137.045,103.31,116.416,132.851,140.981,131.434,131.358
2752.7,101.14,106.089,137.045,103.252,116.416,132.851,140.95,131.471,131.358
2752.8,101.08,106.2,136.977,103.252,116.416,132.888,141.013,131.434,131.358
2752.9,101.14,106.089,137.045,103.252,116.32,132.851,140.981,131.434,131.358
2753.0,101.14,106.089,137.045,103.368,116.272,132.851,140.95,131.471,131.32
2753.1,101.08,106.033,137.011,103.137,116.32,132.851,140.981,131.434,131.32
2753.2,101.021,105.977,137.011,103.252,116.224,132.851,140.981,131.396,131.358
2753.3,101.021,105.977,137.011,103.195,116.224,132.925,141.013,131.434,131.358
2753.4,101.08,105.866,137.045,103.137,116.176,132.814,140.95,131.434,131.32
2753.5,101.021,105.866,137.011,103.079,116.176,132.925,140.981,131.434,131.32
2753.6,101.021,105.866,137.011,103.079,116.08,132.851,140.981,131.396,131.32
2753.7,100.961,105.754,137.045,103.079,116.128,132.851,140.981,131.434,131.358
2753.8,100.902,105.754,137.011,103.021,116.031,132.814,140.95,131.434,131.396
2753.9,100.961,105.754,137.011,103.021,116.08,132.888,140.981,131.434,131.32
2754.0,100.902,105.698,137.045,103.021,115.983,132.888,140.918,131.434,131.32
2754.1,100.961,105.698,136.977,102.963,115.887,132.851,141.045,131.396,131.282
2754.2,100.842,105.642,136.943,102.904,115.887,132.851,140.95,131.434,131.32
2754.3,100.842,105.642,137.114,102.963,115.887,132.851,140.981,131.434,131.32
2754.4,100.902,105.586,137.011,102.904,115.838,132.851,140.981,131.396,131.32
2754.5,100.842,105.53,137.011,102.904,115.742,132.814,140.981,131.434,131.358
2754.6,100.782,105.586,137.011,102.904,115.887,132.814,140.95,131.396,131.32
2754.7,100.842,105.586,137.011,102.904,115.838,132.851,140.981,131.434,131.358
2754.8,100.842,105.53,137.045,102.904,115.742,132.888,140.95,131.434,131.32
2754.9,100.842,105.53,137.011,102.846,115.742,132.814,140.981,131.434,131.32
2755.0,100.842,105.53,137.011,102.846,115.742,132.778,140.95,131.434,131.358
2755.1,100.782,105.418,137.045,102.788,115.693,132.888,140.981,131.396,131.32
2755.2,100.722,105.418,136.977,102.846,115.645,132.851,140.981,131.434,131.245
2755.3,100.722,105.418,137.011,102.788,115.645,132.851,141.013,131.358,131.245
2755.4,100.722,105.362,136.977,102.73,115.596,132.851,140.95,131.396,131.131
2755.5,100.782,105.362,136.943,102.73,115.596,132.851,140.981,131.358,131.32
2755.6,100.662,105.362,136.977,102.73,115.596,132.888,140.95,131.547,131.396
2755.7,100.662,105.362,137.011,102.73,115.499,132.851,140.981,131.396,131.282
2755.8,100.662,105.306,137.011,102.788,115.548,132.814,140.981,131.358,131.282
2755.9,100.662,105.249,137.011,102.73,115.499,132.778,141.331,131.396,131.282
2756.0,100.542,105.249,136.977,102.73,115.402,132.888,140.981,131.358,131.282
2756.1,100.602,105.193,137.011,102.613,115.45,132.814,140.95,131.396,131.282
2756.2,100.542,105.193,137.011,102.613,115.256,132.851,140.95,131.396,131.282
2756.3,100.662,105.249,137.011,102.555,115.353,132.888,140.918,131.358,131.32
2756.4,100.542,105.08,136.943,102.672,115.353,132.814,140.981,131.358,131.32
2756.5,100.542,105.08,137.011,102.555,115.304,132.851,140.981,131.471,131.282
2756.6,100.482,105.08,136.977,102.555,115.402,132.814,140.95,131.358,131.32
2756.7,100.482,105.137,137.011,102.555,115.304,132.814,140.981,131.358,131.32
2756.8,100.362,105.024,137.045,102.555,115.256,132.814,140.981,131.396,131.282
2756.9,100.422,104.967,137.011,102.497,115.207,132.814,140.981,131.358,131.245
2757.0,100.422,104.911,136.977,102.497,115.109,132.814,140.95,131.358,131.245
2757.1,100.362,104.911,136.977,102.438,115.256,132.814,140.95,131.32,131.245
2757.2,100.542,104.967,137.011,102.38,115.06,132.814,140.854,131.396,131.282
2757.3,100.362,104.854,136.943,102.38,115.011,132.814,140.918,131.358,131.245
2757.4,100.362,104.854,136.908,102.38,114.962,132.814,140.95,131.358,131.32
2757.5,100.422,104.798,136.977,102.262,114.962,132.888,141.013,131.358,131.32
2757.6,100.302,104.741,137.011,102.38,114.815,132.778,140.981,131.358,131.245
2757.7,100.302,104.684,136.943,102.321,114.913,132.814,140.95,131.32,131.207
2757.8,100.302,104.684,136.977,102.262,114.913,132.778,140.918,131.32,131.245
2757.9,100.302,104.684,137.045,102.321,114.913,132.778,140.981,131.358,131.245
2758.0,100.302,104.684,136.977,102.262,114.913,132.778,140.95,131.396,131.245
2758.1,100.302,104.684,136.977,102.262,114.864,132.851,140.981,131.32,131.282
2758.2,100.182,104.628,136.943,102.321,114.864,132.778,140.981,131.358,131.169
2758.3,100.242,104.571,136.977,102.204,114.815,132.778,140.981,131.396,131.245
2758.4,100.302,104.684,137.011,102.262,114.815,132.851,140.95,131.358,131.282
2758.5,100.182,104.571,137.114,102.262,114.766,132.778,140.95,131.358,131.245
2758.6,100.182,104.628,136.977,102.262,114.815,132.778,140.886,131.32,131.245
2758.7,100.242,104.571,136.977,102.321,114.766,132.814,140.95,131.358,131.32
2758.8,100.302,104.628,137.011,102.262,114.766,132.814,140.95,131.358,131.282
2758.9,100.121,104.514,136.977,102.262,114.668,132.851,140.95,131.358,131.207
2759.0,100.182,104.457,136.943,102.145,114.668,132.778,140.95,131.282,131.245
2759.1,100.182,104.4,136.943,102.145,114.619,132.778,140.95,131.547,131.169
2759.2,100.121,104.457,136.977,102.145,114.569,132.778,140.918,131.358,131.245
2759.3,100.121,104.4,136.943,102.086,114.569,132.778,140.95,131.32,131.245
2759.4,100.182,104.4,137.011,102.086,114.569,132.778,140.981,131.32,131.207
2759.5,100.182,104.343,136.977,102.086,114.471,132.741,140.95,131.358,131.32
2759.6,100.121,104.343,137.011,102.086,114.52,132.778,140.918,131.32,131.245
2759.7,100.121,104.286,136.943,102.086,114.471,132.814,141.013,131.358,131.282
2759.8,100.121,104.286,136.943,102.145,114.421,132.741,140.95,131.32,131.245
2759.9,100.121,104.286,136.977,102.086,114.421,132.778,140.981,131.32,131.207
2760.0,100.0,104.343,136.977,102.028,114.421,132.778,141.013,131.282,131.245
2760.1,100.121,104.229,136.943,102.028,114.421,132.814,140.95,131.282,131.245
2760.2,100.061,104.115,136.943,102.028,114.323,132.778,140.918,131.282,131.207
2760.3,100.061,104.229,136.943,102.028,114.273,132.778,140.981,131.358,131.245
2760.4,100.0,104.115,136.977,101.969,114.273,132.778,140.981,131.282,131.207
2760.5,99.94,104.115,136.977,101.969,114.323,132.741,140.95,131.32,131.282
2760.6,99.94,104.229,137.011,101.969,114.224,132.741,140.981,131.396,131.207
2760.7,99.94,104.058,136.943,101.969,114.174,132.778,140.95,131.358,131.169
2760.8,99.819,104.115,136.943,101.91,114.224,132.778,140.95,131.282,131.207
2760.9,100.0,104.058,136.908,101.91,114.174,132.778,140.95,131.32,131.245
2761.0,99.88,104.0,136.943,101.851,114.174,132.741,140.95,131.32,131.207
2761.1,99.94,104.0,136.943,101.91,114.075,132.814,140.886,131.358,131.169
2761.2,99.94,104.058,137.045,101.851,114.075,132.778,140.981,131.32,131.207
2761.3,99.94,103.943,136.977,101.91,113.976,132.778,140.95,131.32,131.207
2761.4,99.88,104.0,136.943,101.851,114.025,132.741,140.95,131.282,131.169
2761.5,99.819,103.886,136.977,101.851,114.025,132.778,140.95,131.282,131.169
2761.6,99.819,103.886,136.943,101.851,114.025,132.741,140.95,131.282,131.282
2761.7,99.819,103.829,136.943,101.851,114.025,132.778,140.918,131.32,131.207
2761.8,99.819,103.829,136.943,101.792,114.025,132.778,140.918,131.32,131.207
2761.9,99.819,103.829,136.908,101.733,113.876,132.741,140.95,131.358,131.207
2762.0,99.758,103.829,136.943,101.792,113.976,132.741,140.981,131.245,131.207
2762.1,99.698,103.829,136.943,101.733,114.025,132.778,140.95,131.32,131.207
2762.2,99.758,103.771,136.977,101.792,113.876,132.741,140.95,131.245,131.169
2762.3,99.698,103.771,136.943,101.733,113.876,132.741,140.918,131.282,131.245
2762.4,99.758,103.714,136.943,101.733,113.826,132.778,140.95,131.282,131.169
2762.5,99.698,103.714,136.908,101.615,113.777,132.778,140.95,131.32,131.282
2762.6,99.819,103.656,136.977,101.615,113.826,132.778,140.95,131.245,131.169
2762.7,99.698,103.656,136.943,101.733,113.727,132.778,140.981,131.358,131.131
2762.8,99.698,103.714,136.908,101.674,113.777,132.741,140.918,131.245,131.169
2762.9,99.698,103.656,136.943,101.674,113.727,132.741,140.95,131.282,131.131
2763.0,99.698,103.599,136.943,101.615,113.677,132.741,140.95,131.282,131.169
2763.1,99.698,103.599,136.943,101.674,113.677,132.778,140.95,131.282,131.169
2763.2,99.637,103.541,136.908,101.556,113.627,132.741,140.981,131.245,131.169
2763.3,99.698,103.541,136.943,101.615,113.627,132.741,140.95,131.245,131.207
2763.4,99.576,103.541,136.874,101.615,113.477,132.741,140.886,131.245,131.169
2763.5,99.637,103.483,136.908,101.556,113.527,132.778,140.95,131.282,131.169
2763.6,99.576,103.483,136.977,101.615,113.577,132.814,140.95,131.282,131.207
2763.7,99.576,103.368,137.011,101.615,113.527,132.778,140.918,131.245,131.169
2763.8,99.515,103.483,136.943,101.615,113.527,132.741,140.918,131.245,131.169
2763.9,99.576,103.368,137.011,101.556,113.477,132.814,140.95,131.282,131.207
2764.0,99.576,103.368,137.08,101.437,113.427,132.741,140.95,131.282,131.169
2764.1,99.576,103.368,136.943,101.496,113.427,132.741,140.981,131.282,131.169
2764.2,99.576,103.368,136.943,101.496,113.427,132.741,140.95,131.282,131.207
2764.3,99.515,103.252,136.943,101.615,113.477,132.741,140.918,131.245,131.169
2764.4,99.394,103.31,136.943,101.437,113.326,132.741,140.95,131.207,131.131
2764.5,99.455,103.252,136.943,101.437,113.326,132.741,140.854,131.282,131.169
2764.6,99.515,103.195,136.943,101.378,113.377,132.741,140.918,131.245,131.169
2764.7,99.455,103.195,136.908,101.378,113.276,132.741,140.981,131.282,131.169
2764.8,99.515,103.252,136.908,101.378,113.226,132.741,140.918,131.245,131.169
2764.9,99.515,103.195,136.943,101.378,113.226,132.741,140.918,131.282,131.131
2765.0,99.394,103.252,136.908,101.496,113.276,132.778,140.95,131.245,131.169
2765.1,99.394,103.079,136.908,101.378,113.276,132.778,140.981,131.245,130.979
2765.2,99.394,103.079,136.874,101.378,113.125,132.704,140.918,131.282,131.169
2765.3,99.333,103.079,136.943,101.437,113.125,132.741,140.918,131.245,131.169
2765.4,99.455,103.195,136.908,101.378,113.176,132.741,140.981,131.207,131.169
2765.5,99.394,103.079,136.943,101.318,113.025,132.741,140.918,131.245,131.169
2765.6,99.394,103.021,136.943,101.318,113.125,132.704,140.918,131.245,131.169
2765.7,99.394,103.021,136.908,101.318,113.075,132.741,140.981,131.282,131.207
2765.8,99.333,102.963,136.943,101.318,113.075,132.741,140.95,131.207,131.131
2765.9,99.333,103.021,136.908,101.259,113.025,132.741,140.95,131.32,131.207
2766.0,99.333,102.963,136.943,101.259,112.974,132.704,140.95,131.245,131.131
2766.1,99.272,102.904,136.943,101.2,112.924,132.741,140.981,131.245,131.093
2766.2,99.333,102.904,136.874,101.259,112.924,132.741,141.013,131.207,131.169
2766.3,99.333,102.846,136.908,101.259,112.873,132.704,140.918,131.282,131.131
2766.4,99.333,102.904,136.943,101.2,112.873,132.704,140.95,131.245,131.131
2766.5,99.272,102.846,136.908,101.14,112.873,132.741,140.981,131.207,131.131
2766.6,99.272,102.788,136.943,101.2,112.873,132.741,140.95,131.245,131.131
2766.7,99.211,102.788,136.977,101.2,112.823,132.741,140.981,131.245,131.131
2766.8,99.211,102.672,136.908,101.2,112.772,132.741,140.95,131.245,131.093
2766.9,99.272,102.672,136.839,101.14,112.772,132.704,140.981,131.245,131.093
2767.0,99.272,102.73,136.874,101.14,112.772,132.741,140.918,131.207,131.169
2767.1,99.211,102.73,136.943,101.2,112.772,132.741,140.95,131.245,131.131
2767.2,99.15,102.672,136.874,101.2,112.671,132.704,140.95,131.207,131.093
2767.3,99.15,102.672,136.943,101.2,112.671,132.704,140.95,131.207,131.093
2767.4,99.272,102.613,136.943,101.08,112.671,132.704,140.981,131.207,131.131
2767.5,99.15,102.613,136.943,101.2,112.62,132.704,140.886,131.207,131.169
2767.6,99.15,102.672,136.839,101.08,112.62,132.741,140.918,131.207,131.169
2767.7,99.15,102.613,136.874,101.14,112.62,132.741,140.95,131.207,131.131
2767.8,99.15,102.555,136.908,101.08,112.519,132.704,140.95,131.245,131.131
2767.9,99.088,102.555,136.943,101.021,112.519,132.704,140.918,131.245,131.093
2768.0,99.088,102.497,136.874,101.021,112.57,132.704,140.918,131.282,131.131
2768.1,99.088,102.497,136.908,101.021,112.57,132.704,140.886,131.245,131.131
2768.2,99.088,102.438,136.908,101.021,112.519,132.704,141.013,131.169,131.131
2768.3,99.088,102.497,136.874,101.021,112.519,132.704,140.981,131.169,131.093
2768.4,99.15,102.438,136.943,100.961,112.468,132.704,140.95,131.207,131.093
2768.5,99.088,102.438,136.874,101.08,112.468,132.741,140.95,131.207,131.131
2768.6,99.027,102.438,136.874,100.961,112.417,132.704,140.95,131.207,131.131
2768.7,99.027,102.438,136.839,100.961,112.366,132.667,140.95,131.169,131.093
2768.8,99.027,102.38,136.874,100.902,112.366,132.704,140.918,131.245,131.131
2768.9,98.966,102.321,136.874,100.961,112.316,132.556,140.886,131.245,131.093
2769.0,99.027,102.38,136.908,100.961,112.265,132.741,140.95,131.207,131.131
2769.1,99.027,102.262,136.874,100.902,112.265,132.704,140.918,131.245,131.093
2769.2,98.905,102.262,136.943,100.961,112.214,132.741,140.95,131.207,131.093
2769.3,98.905,102.204,136.908,100.902,112.265,132.704,140.918,131.207,131.245
2769.4,98.966,102.204,136.874,100.842,112.214,132.741,140.918,131.207,131.131
2769.5,98.905,102.262,136.908,100.902,112.214,132.704,140.95,131.207,131.093
2769.6,99.027,102.204,136.908,100.902,112.163,132.704,140.822,131.169,131.055
2769.7,98.966,102.262,136.943,100.782,112.163,132.704,140.981,131.245,131.093
2769.8,98.966,102.145,136.908,100.902,112.112,132.778,140.918,131.169,131.093
2769.9,98.966,102.028,136.908,100.902,112.061,132.704,140.918,131.169,131.093
2770.0,98.966,102.204,136.977,100.782,111.958,132.704,140.918,131.245,131.093
2770.1,98.843,102.204,136.874,100.842,112.061,132.704,140.918,131.207,131.093
2770.2,98.843,102.028,136.874,100.782,112.112,132.704,140.918,131.207,131.131
2770.3,98.905,102.086,136.908,100.782,112.061,132.704,140.981,131.131,131.055
2770.4,98.782,101.969,136.874,100.782,111.958,132.741,140.918,131.207,131.131
2770.5,98.843,101.969,136.908,100.722,111.958,132.704,140.95,131.207,131.093
2770.6,98.843,102.086,136.908,100.782,111.907,132.741,140.918,131.207,131.055
2770.7,98.782,101.91,136.908,100.722,112.009,132.704,140.918,131.207,131.169
2770.8,98.782,101.91,136.874,100.722,111.805,132.741,140.95,131.169,131.093
2770.9,98.721,101.91,136.908,100.722,111.907,132.704,140.918,131.207,131.055
2771.0,98.843,101.851,136.874,100.662,111.856,132.704,140.918,131.131,131.055
2771.1,98.782,101.91,136.908,100.722,111.907,132.704,140.918,131.169,131.131
2771.2,98.782,101.851,136.908,100.662,111.753,132.667,140.918,131.169,131.055
2771.3,98.721,101.733,136.874,100.662,111.702,132.667,140.918,131.207,131.055
2771.4,98.721,101.792,136.874,100.662,111.805,132.704,140.918,131.245,131.093
2771.5,98.721,101.733,136.908,100.662,111.65,132.741,140.95,131.207,131.093
2771.6,98.659,101.733,136.908,100.602,111.702,132.667,140.981,131.169,131.055
2771.7,98.721,101.733,136.874,100.662,111.702,132.704,140.95,131.169,131.055
2771.8,98.659,101.674,136.874,100.602,111.599,132.704,140.918,131.169,131.093
2771.9,98.597,101.674,136.874,100.602,111.65,132.704,140.95,131.282,131.093
2772.0,98.659,101.674,136.874,100.482,111.65,132.704,140.95,131.169,131.017
2772.1,98.659,101.615,136.874,100.542,111.548,132.704,140.95,131.207,131.093
2772.2,98.659,101.674,136.874,100.542,111.599,132.667,140.918,131.169,131.055
2772.3,98.597,101.674,136.908,100.542,111.496,132.704,140.918,131.169,131.055
2772.4,98.597,101.674,136.874,100.542,111.548,132.704,140.95,131.169,131.055
2772.5,98.597,101.556,136.874,100.542,111.444,132.63,140.95,131.169,131.093
2772.6,98.659,101.556,136.874,100.542,111.548,132.667,140.918,131.169,131.017
2772.7,98.597,101.556,136.874,100.422,111.496,132.704,140.886,131.169,131.093
2772.8,98.597,101.556,136.839,100.482,111.393,132.704,140.981,131.169,131.055
2772.9,98.597,101.556,136.874,100.482,111.444,132.667,140.95,131.169,131.055
2773.0,98.597,101.496,136.874,100.482,111.444,132.704,140.918,131.131,131.055
2773.1,98.597,101.437,136.874,100.482,111.341,132.704,140.95,131.207,131.131
2773.2,98.536,101.437,136.874,100.482,111.238,132.704,140.95,131.207,131.055
2773.3,98.536,101.437,136.908,100.422,111.393,132.741,140.918,131.169,131.055
2773.4,98.597,101.437,136.874,100.422,111.29,132.667,140.95,131.169,131.055
2773.5,98.474,101.437,136.874,100.422,111.29,132.704,140.981,131.169,131.055
2773.6,98.474,101.318,136.874,100.422,111.238,132.704,140.918,131.131,131.055
2773.7,98.536,101.378,136.805,100.422,111.238,132.704,140.918,131.169,131.055
2773.8,98.536,101.378,136.874,100.362,111.186,132.704,140.918,131.207,131.055
2773.9,98.474,101.318,136.874,100.362,111.186,132.667,140.918,131.131,131.017
2774.0,98.474,101.259,136.874,100.362,111.134,132.667,140.95,131.131,131.017
2774.1,98.413,101.2,136.874,100.362,111.083,132.704,140.981,131.207,131.017
2774.2,98.474,101.2,136.805,100.302,111.134,132.667,140.95,131.131,131.017
2774.3,98.474,101.2,136.839,100.302,111.031,132.667,140.918,131.169,131.093
2774.4,98.536,101.14,136.874,100.302,111.083,132.704,140.95,131.131,131.055
2774.5,98.413,101.14,136.874,100.302,111.031,132.704,140.95,131.131,131.093
2774.6,98.474,101.14,136.805,100.302,110.979,132.667,140.918,131.169,131.017
2774.7,98.351,101.08,136.874,100.302,111.031,132.667,140.95,131.093,131.055
2774.8,98.413,101.021,136.874,100.242,110.875,132.667,140.95,131.131,131.017
2774.9,98.413,100.961,136.874,100.302,110.875,132.667,140.918,131.131,131.017
2775.0,98.413,100.961,136.771,100.242,110.875,132.704,140.95,131.131,131.055
2775.1,98.227,101.021,136.908,100.242,110.875,132.667,140.918,131.093,131.017
2775.2,98.351,100.961,136.874,100.242,110.823,132.741,140.918,131.245,131.017
2775.3,98.413,100.902,136.839,100.182,110.771,132.704,140.981,131.131,131.055
2775.4,98.289,100.961,136.839,100.182,110.719,132.667,140.918,131.017,131.017
2775.5,98.351,100.902,136.874,100.182,110.719,132.63,140.918,130.826,131.055
2775.6,98.289,100.961,136.874,100.182,110.771,132.704,140.918,131.131,131.055
2775.7,98.227,100.961,136.839,100.182,110.719,132.667,140.886,131.131,131.017
2775.8,98.351,100.842,136.874,100.182,110.719,132.667,140.918,131.131,131.017
2775.9,98.289,100.842,136.839,100.061,110.667,132.704,140.918,131.131,130.941
2776.0,98.289,100.782,136.839,100.0,110.719,132.704,140.918,131.169,130.941
2776.1,98.227,100.662,136.874,100.121,110.562,132.704,140.918,131.093,131.055
2776.2,98.227,100.722,136.874,100.061,110.562,132.741,140.95,131.093,131.017
2776.3,98.165,100.722,136.874,100.121,110.562,132.667,140.95,131.131,131.017
2776.4,98.165,100.722,136.839,100.061,110.562,132.667,140.918,131.131,131.017
2776.5,98.165,100.662,136.839,100.061,110.51,132.63,140.95,131.131,131.055
2776.6,98.227,100.662,136.839,100.121,110.458,132.704,140.918,131.093,131.017
2776.7,98.165,100.662,136.839,100.061,110.458,132.667,140.918,131.093,131.017
2776.8,98.165,100.602,136.839,100.0,110.458,132.667,140.95,131.169,130.979
2776.9,98.227,100.662,136.839,100.061,110.458,132.667,140.95,131.093,131.017
2777.0,98.165,100.602,136.839,100.0,110.405,132.667,140.918,131.131,131.017
2777.1,98.103,100.422,136.943,100.061,110.405,132.704,140.918,131.093,131.017
2777.2,98.103,100.542,136.839,100.061,110.405,132.704,140.981,131.093,131.017
2777.3,98.165,100.542,136.874,100.061,110.353,132.667,140.95,131.131,131.017
2777.4,98.103,100.542,136.874,100.0,110.405,132.888,140.854,130.903,131.017
2777.5,98.103,100.542,136.943,99.94,110.301,132.704,140.918,131.093,131.017
2777.6,98.041,100.542,136.771,100.0,110.301,132.667,140.918,131.093,130.979
2777.7,98.165,100.422,136.839,99.94,110.248,132.667,140.886,131.131,131.017
2777.8,98.103,100.422,136.943,100.0,110.353,132.63,140.886,131.093,131.055
2777.9,98.041,100.422,136.839,99.94,110.248,132.667,140.95,131.093,130.979
2778.0,98.041,100.482,136.805,99.94,110.196,132.667,140.886,131.055,131.017
2778.1,98.165,100.362,136.839,99.94,110.196,132.667,140.95,131.131,131.017
2778.2,98.103,100.422,136.771,99.94,110.196,132.667,140.95,131.093,130.979
2778.3,98.041,100.362,136.874,99.94,110.143,132.63,140.918,131.131,130.979
2778.4,98.103,100.362,136.839,99.88,110.143,132.667,140.918,131.245,131.017
2778.5,98.041,100.242,136.874,99.94,110.038,132.667,140.918,131.093,130.979
2778.6,97.917,100.302,136.839,99.819,110.038,132.63,140.95,131.093,131.017
2778.7,98.041,100.242,136.874,99.88,110.091,132.741,140.918,131.055,131.017
2778.8,97.979,100.302,136.839,99.88,110.038,132.667,140.918,131.131,131.017
2778.9,97.979,100.182,136.874,99.819,109.985,132.667,140.918,131.055,130.979
2779.0,97.917,100.182,136.805,99.819,109.985,132.667,140.918,131.093,131.017
2779.1,97.979,100.061,136.839,99.819,109.985,132.63,140.95,131.017,131.017
2779.2,97.917,100.121,136.839,99.758,109.88,132.63,140.981,131.093,130.979
2779.3,97.979,100.121,136.839,99.819,109.985,132.704,140.918,131.131,130.941
2779.4,97.979,100.061,136.736,99.88,109.88,132.704,140.95,131.131,131.017
2779.5,97.917,100.061,136.839,99.819,109.827,132.63,140.981,131.055,130.941
2779.6,97.917,100.061,136.943,99.819,109.827,132.704,140.918,131.169,130.979
2779.7,97.979,100.0,136.839,99.758,109.88,132.63,140.918,131.093,130.979
2779.8,97.855,100.121,136.874,99.758,109.722,132.704,140.918,131.093,130.941
2779.9,97.917,100.0,136.839,99.819,109.722,132.667,140.981,131.093,131.017
2780.0,97.917,100.0,136.839,99.698,109.722,132.704,140.981,131.169,131.017
2780.1,97.855,99.88,136.839,99.698,109.669,132.63,140.95,131.093,130.941
2780.2,97.855,99.94,136.839,99.758,109.722,132.704,140.981,131.093,130.979
2780.3,97.793,99.88,136.839,99.698,109.722,132.667,140.886,131.093,130.979
2780.4,97.917,99.94,136.839,99.698,109.669,132.63,140.918,131.055,130.979
2780.5,97.793,99.94,136.874,99.698,109.722,132.667,140.918,131.093,130.979
2780.6,97.855,99.758,136.839,99.698,109.563,132.63,140.95,131.093,130.979
2780.7,97.855,99.88,136.805,99.698,109.616,132.667,140.918,131.245,130.979
2780.8,97.855,99.88,136.874,99.698,109.563,132.667,141.013,131.093,130.979
2780.9,97.793,99.819,136.839,99.637,109.563,132.63,140.981,131.093,130.979
2781.0,97.731,99.758,136.839,99.637,109.563,132.63,141.013,131.055,131.017
2781.1,97.731,99.819,136.839,99.637,109.669,132.63,140.918,131.093,130.979
2781.2,97.793,99.819,136.805,99.637,109.51,132.63,140.918,131.055,131.017
2781.3,97.855,99.758,136.805,99.576,109.51,132.63,140.918,131.055,130.941
2781.4,97.793,99.637,136.839,99.637,109.404,132.667,140.95,131.055,130.941
2781.5,97.731,99.637,136.874,99.576,109.457,132.63,140.918,131.093,130.941
2781.6,97.731,99.698,136.839,99.819,109.351,132.63,140.918,131.055,130.941
2781.7,97.731,99.637,136.839,99.698,109.457,132.63,140.918,131.055,130.979
2781.8,97.668,99.637,136.839,99.576,109.404,132.667,140.918,131.093,130.979
2781.9,97.668,99.576,136.839,99.576,109.298,132.63,140.95,131.055,130.979
2782.0,97.731,99.576,136.839,99.515,109.298,132.63,140.95,131.055,130.941
2782.1,97.668,99.576,136.839,99.515,109.298,132.593,140.918,131.055,130.979
2782.2,97.668,99.576,136.839,99.515,109.244,132.63,140.918,131.055,130.979
2782.3,97.668,99.515,136.805,99.515,109.244,132.667,140.918,131.055,131.017
2782.4,97.668,99.515,136.805,99.515,109.191,132.667,140.95,131.055,130.979
2782.5,97.668,99.455,136.771,99.515,109.191,132.667,140.918,131.055,131.017
2782.6,97.668,99.576,136.805,99.515,109.138,132.667,140.918,131.055,130.941
2782.7,97.543,99.394,136.805,99.637,109.138,132.63,140.918,131.131,130.941
2782.8,97.668,99.394,136.839,99.333,109.085,132.667,141.013,131.017,130.979
2782.9,97.606,99.394,136.771,99.515,109.085,132.63,140.918,131.055,130.941
2783.0,97.606,99.333,136.805,99.515,109.085,132.667,140.918,131.055,130.941
2783.1,97.606,99.333,136.874,99.576,109.085,132.593,140.886,131.093,130.903
2783.2,97.543,99.333,136.805,99.515,109.031,132.63,140.95,131.055,130.941
2783.3,97.668,99.272,136.805,99.515,109.031,132.667,140.95,131.055,130.941
2783.4,97.606,99.272,136.805,99.333,108.978,132.63,140.918,131.055,130.788
2783.5,97.543,99.272,136.805,99.455,108.978,132.63,141.109,131.055,130.941
2783.6,97.606,99.333,136.874,99.394,108.978,132.704,140.918,131.017,130.941
2783.7,97.606,99.272,136.805,99.515,108.871,132.63,141.045,131.093,130.979
2783.8,97.543,99.15,136.805,99.394,108.924,132.63,141.109,131.055,130.941
2783.9,97.543,99.211,136.839,99.394,108.871,132.704,140.95,131.017,130.941
2784.0,97.606,99.15,136.771,99.394,108.871,132.63,140.918,131.055,130.941
2784.1,97.481,99.15,136.839,99.394,108.924,132.63,140.918,131.017,130.941
2784.2,97.481,99.15,136.839,99.394,108.871,132.667,140.918,131.017,130.941
2784.3,97.481,99.088,136.839,99.333,108.871,132.63,140.886,131.055,130.941
2784.4,97.606,99.15,136.839,99.394,108.657,132.63,140.918,131.055,130.979
2784.5,97.543,99.027,136.839,99.333,108.764,132.63,140.918,131.055,130.864
2784.6,97.481,99.027,136.839,99.333,108.71,132.63,140.95,131.093,130.941
2784.7,97.543,99.027,136.839,99.333,108.71,132.667,140.886,131.093,130.941
2784.8,97.481,99.027,136.839,99.333,108.764,132.667,140.918,131.017,130.903
2784.9,97.481,99.027,136.805,99.333,108.657,132.63,140.918,131.055,130.941
2785.0,97.481,99.027,136.805,99.272,108.603,132.593,140.918,131.055,130.903
2785.1,97.419,98.966,136.805,99.272,108.657,132.667,140.918,131.055,130.941
2785.2,97.419,98.905,136.839,99.272,108.657,132.63,140.918,131.017,130.903
2785.3,97.481,98.905,136.805,99.333,108.603,132.63,140.918,131.055,130.903
2785.4,97.419,98.905,136.839,99.272,108.603,132.667,140.95,131.017,130.941
2785.5,97.356,98.843,136.874,99.211,108.549,132.667,140.918,131.017,130.941
2785.6,97.419,98.782,136.805,99.211,108.549,132.667,140.886,131.055,130.903
2785.7,97.356,98.782,136.805,99.211,108.495,132.667,140.918,131.055,130.903
2785.8,97.356,98.843,136.805,99.272,108.442,132.593,140.95,131.017,130.941
2785.9,97.419,98.782,136.839,99.272,108.442,132.63,140.918,131.017,130.941
2786.0,97.356,98.782,136.805,99.211,108.495,132.63,140.918,130.979,130.941
2786.1,97.356,98.721,136.771,99.211,108.388,132.63,140.918,131.017,130.903
2786.2,97.356,98.843,136.771,99.211,108.388,132.63,140.95,131.017,130.903
2786.3,97.168,98.721,136.839,99.15,108.388,132.63,140.918,131.055,131.017
2786.4,97.293,98.721,136.839,99.272,108.334,132.63,140.918,131.055,130.864
2786.5,97.356,98.597,136.839,99.15,108.388,132.593,140.981,131.055,130.941
2786.6,97.293,98.474,136.874,99.15,108.226,132.667,140.918,131.017,130.903
2786.7,97.293,98.597,136.805,99.088,108.172,132.593,140.95,131.017,130.903
2786.8,97.293,98.659,136.805,99.15,108.334,132.63,140.918,131.055,130.903
2786.9,97.293,98.536,136.771,99.088,108.226,132.63,140.95,131.055,130.941
2787.0,97.293,98.536,136.805,99.088,108.172,132.593,140.918,130.979,130.864
2787.1,97.231,98.536,136.805,99.15,108.172,132.667,140.918,131.017,130.903
2787.2,97.231,98.474,136.805,99.088,108.118,132.63,140.918,131.017,130.864
2787.3,97.231,98.536,136.805,99.15,108.118,132.593,140.918,131.055,130.979
2787.4,97.231,98.474,136.771,99.15,108.064,132.593,140.918,131.055,130.941
2787.5,96.601,98.474,136.805,99.027,108.01,132.593,140.918,131.017,130.903
2787.6,97.231,98.474,136.805,99.027,108.064,132.593,140.886,131.017,130.903
2787.7,97.231,98.536,136.805,99.027,108.064,132.63,140.886,131.017,130.903
2787.8,97.168,98.474,136.839,99.027,108.01,132.593,140.918,131.055,130.864
2787.9,97.168,98.413,136.805,99.027,108.01,132.63,140.95,131.017,130.941
2788.0,97.168,98.413,136.771,99.027,108.01,132.593,140.918,131.017,130.941
2788.1,97.168,98.289,136.839,99.027,107.955,132.63,140.918,131.017,130.864
2788.2,97.168,98.351,136.805,99.088,107.955,132.63,140.95,131.017,130.864
2788.3,97.168,98.351,136.805,98.966,107.847,132.667,140.981,131.017,130.941
2788.4,97.105,98.289,136.839,99.027,107.847,132.741,140.886,131.055,130.864
2788.5,97.105,98.289,136.805,98.966,107.793,132.593,140.95,131.093,130.864
2788.6,97.168,98.289,136.839,98.966,107.847,132.593,140.95,131.017,130.903
2788.7,97.105,98.165,136.805,99.027,107.738,132.63,140.886,131.055,130.864
2788.8,97.105,98.165,136.771,98.905,107.684,132.63,140.918,130.979,130.903
2788.9,97.105,98.289,136.771,99.027,107.738,132.593,140.95,130.979,130.864
2789.0,97.042,98.165,136.839,98.905,107.684,132.63,140.822,131.017,130.941
2789.1,97.105,98.165,136.839,98.966,107.684,132.63,140.918,131.017,130.864
2789.2,97.042,98.041,136.771,98.905,107.63,132.63,140.918,130.941,130.903
2789.3,97.042,98.041,136.805,98.905,107.793,132.593,140.95,131.055,130.941
2789.4,97.042,98.041,136.839,99.027,107.63,132.593,140.918,131.017,130.903
2789.5,97.042,98.041,136.771,98.843,107.63,132.593,140.918,130.979,130.903
2789.6,97.042,98.041,136.805,98.843,107.575,132.63,140.95,130.979,130.864
2789.7,97.105,97.979,136.771,98.905,107.521,132.556,140.95,131.055,130.903
2789.8,97.042,97.855,136.874,98.966,107.466,132.593,140.981,131.017,130.903
2789.9,97.042,97.917,136.771,98.843,107.521,132.593,140.918,131.017,130.826
2790.0,96.98,97.917,136.771,98.905,107.411,132.63,140.95,131.017,130.864
2790.1,96.98,97.917,136.736,98.843,107.466,132.63,140.886,131.055,130.903
2790.2,96.98,97.917,136.771,98.843,107.357,132.593,140.918,131.017,130.864
2790.3,96.98,97.855,136.839,98.782,107.411,132.63,140.918,131.017,130.903
2790.4,96.98,97.793,136.839,98.843,107.411,132.593,140.95,131.017,130.864
2790.5,96.917,97.793,136.839,98.782,107.357,132.593,140.918,130.979,130.903
2790.6,96.98,97.855,136.805,98.782,107.302,132.593,140.95,131.169,130.941
2790.7,97.042,97.793,136.839,98.782,107.302,132.63,140.95,130.941,130.903
2790.8,96.917,97.855,136.805,98.721,107.302,132.556,140.854,130.979,130.864
2790.9,96.854,97.668,136.805,98.843,107.302,132.593,140.918,131.017,130.979
2791.0,96.917,97.731,136.805,98.721,107.247,132.593,140.886,131.017,130.864
2791.1,96.854,97.668,136.805,98.782,107.247,132.593,140.918,131.017,130.864
2791.2,96.917,97.731,136.805,98.782,107.193,132.556,140.886,130.979,130.941
2791.3,96.854,97.731,136.702,98.782,107.302,132.593,140.95,130.979,130.864
2791.4,96.854,97.543,136.771,98.721,107.247,132.593,140.822,131.017,130.903
2791.5,96.917,97.731,136.771,98.721,107.193,132.63,140.918,130.979,130.903
2791.6,96.917,97.668,136.736,98.721,107.138,132.667,140.918,130.979,130.941
2791.7,96.917,97.606,136.805,98.721,107.083,132.63,140.918,131.055,130.826
2791.8,96.917,97.481,136.736,98.721,107.193,132.667,140.981,130.941,130.903
2791.9,96.854,97.606,136.805,98.782,107.083,132.593,140.918,130.979,130.864
2792.0,96.917,97.606,136.805,98.659,107.138,132.593,140.918,131.055,130.864
2792.1,96.854,97.543,136.805,98.659,107.028,132.593,140.918,130.903,130.864
2792.2,96.854,97.543,136.805,98.597,107.083,132.63,140.95,130.979,130.864
2792.3,96.854,97.481,136.805,98.721,107.028,132.593,140.918,130.941,130.864
2792.4,96.791,97.481,136.805,98.659,107.083,132.741,140.918,131.017,130.903
2792.5,96.854,97.481,136.805,98.721,107.028,132.593,140.918,130.979,130.826
2792.6,96.791,97.481,136.874,98.721,106.973,132.63,140.95,131.017,130.864
2792.7,96.791,97.481,136.805,98.721,106.973,132.593,140.918,131.017,130.864
2792.8,96.854,97.419,136.805,98.597,106.973,132.593,140.95,130.979,130.903
2792.9,96.791,97.481,136.736,98.721,106.918,132.667,140.918,130.979,130.864
2793.0,96.791,97.419,136.839,98.597,106.808,132.63,140.886,130.979,130.864
2793.1,96.791,97.419,136.771,98.597,106.918,132.593,140.918,130.979,130.864
2793.2,96.791,97.356,136.805,98.597,106.918,132.593,140.918,130.979,130.903
2793.3,96.728,97.356,136.736,98.659,106.863,132.593,140.918,130.941,130.864
2793.4,96.791,97.356,136.771,98.597,106.808,132.593,140.918,131.017,130.864
2793.5,96.791,97.293,136.771,98.597,106.918,132.63,140.918,130.941,130.864
2793.6,96.728,97.293,136.771,98.721,106.753,132.556,140.95,130.979,130.903
2793.7,96.664,97.168,136.805,98.659,106.808,132.593,140.918,130.941,130.864
2793.8,96.664,97.231,136.805,98.597,106.643,132.63,140.886,130.979,130.864
2793.9,96.664,97.105,136.805,98.536,106.588,132.593,140.918,131.017,130.826
2794.0,96.664,97.042,136.771,98.536,106.477,132.519,140.918,130.979,130.864
2794.1,96.601,97.042,136.771,98.536,106.477,132.593,140.981,131.055,130.788
2794.2,96.664,97.042,136.805,98.413,106.532,132.556,140.95,130.979,130.864
2794.3,96.664,96.917,136.805,98.536,106.422,132.593,140.918,130.979,130.826
2794.4,96.601,96.917,136.771,98.474,106.422,132.593,140.886,130.979,130.864
2794.5,96.601,96.917,136.771,98.474,106.311,132.593,140.886,130.864,130.864
2794.6,96.538,96.854,136.805,98.413,106.366,132.556,140.918,130.979,130.864
2794.7,96.601,96.791,136.771,98.474,106.2,132.593,140.95,130.979,130.75
2794.8,96.538,96.728,136.736,98.413,106.2,132.63,140.918,130.941,130.864
2794.9,96.538,96.728,136.736,98.413,106.2,132.593,140.886,130.979,130.826
2795.0,96.411,96.728,136.874,98.413,106.144,132.593,140.886,130.941,130.864
2795.1,96.475,96.664,136.736,98.474,106.144,132.593,140.918,130.941,130.826
2795.2,96.538,96.664,136.805,98.413,106.089,132.593,140.886,130.941,130.826
2795.3,96.475,96.601,136.805,98.289,106.033,132.556,140.95,130.941,130.826
2795.4,96.475,96.664,136.805,98.351,105.977,132.593,140.95,130.864,130.826
2795.5,96.348,96.538,136.736,98.351,105.977,132.593,140.95,130.941,130.788
2795.6,96.475,96.601,136.736,98.289,105.977,132.556,140.981,130.941,130.826
2795.7,96.475,96.475,136.771,98.289,105.977,132.593,140.886,130.941,130.826
2795.8,96.475,96.411,136.805,98.413,105.922,132.556,140.918,130.941,130.826
2795.9,96.411,96.411,136.771,98.536,105.81,132.593,140.918,130.941,130.864
2796.0,96.348,96.348,136.736,98.289,105.754,132.593,141.077,131.017,130.826
2796.1,96.348,96.285,136.771,98.227,105.698,132.593,140.918,130.941,130.826
2796.2,96.348,96.221,136.771,98.227,105.642,132.593,140.918,130.941,130.788
2796.3,96.348,96.411,136.736,98.227,105.698,132.593,140.886,130.941,130.864
2796.4,96.348,96.348,136.771,98.227,105.698,132.556,140.95,130.979,130.826
2796.5,96.348,96.221,136.771,98.227,105.698,132.593,140.918,130.979,130.903
2796.6,96.348,96.158,136.771,98.165,105.642,132.593,140.918,130.941,130.826
2796.7,96.348,96.221,136.771,98.227,105.642,132.556,140.918,130.903,130.826
2796.8,96.348,96.221,136.736,98.165,105.474,132.556,140.95,130.941,130.826
2796.9,96.221,96.094,136.736,98.165,105.53,132.63,140.918,130.941,130.864
2797.0,96.285,96.094,136.736,98.289,105.474,132.556,140.918,130.903,130.788
2797.1,96.221,96.094,136.771,98.165,105.362,132.63,140.918,130.979,130.826
2797.2,96.285,96.03,136.771,98.165,105.362,132.593,140.886,130.941,130.826
2797.3,96.221,95.903,136.839,98.103,105.418,132.556,140.886,130.941,130.788
2797.4,96.285,95.967,136.771,98.103,105.306,132.593,140.918,130.941,130.788
2797.5,96.221,95.967,136.736,98.041,105.362,132.593,140.886,130.941,130.788
2797.6,96.285,95.903,136.839,98.103,105.249,132.556,140.918,130.941,130.864
2797.7,96.158,95.775,136.874,98.041,105.249,132.556,140.918,130.903,130.826
2797.8,96.158,95.775,136.805,98.041,105.137,132.556,140.918,130.941,130.826
2797.9,96.221,95.775,136.805,98.103,105.137,132.593,140.918,130.903,130.788
2798.0,96.158,95.711,136.771,98.041,105.08,132.556,140.886,130.903,130.826
2798.1,96.094,95.647,136.805,98.041,105.08,132.556,140.95,130.941,130.788
2798.2,96.094,95.647,136.771,98.041,104.967,132.556,140.95,130.941,130.788
2798.3,96.094,95.711,136.805,97.979,104.911,132.593,140.95,130.903,130.75
2798.4,96.094,95.583,136.771,98.041,104.967,132.556,140.918,130.941,130.788
2798.5,96.094,95.583,136.736,97.979,104.798,132.556,140.918,130.941,130.788
2798.6,96.158,95.519,136.702,98.103,104.911,132.482,140.918,130.941,130.788
2798.7,96.03,95.519,136.805,97.979,104.798,132.593,140.886,130.903,130.826
2798.8,96.03,95.583,136.771,97.979,104.798,132.556,140.886,130.941,130.788
2798.9,96.158,95.391,136.771,97.979,104.741,132.556,140.918,130.941,130.75
2799.0,96.094,95.455,136.736,97.979,104.741,132.556,140.95,130.979,130.75
2799.1,96.094,95.391,136.771,97.917,104.741,132.556,140.918,130.941,130.788
2799.2,96.03,95.391,136.805,97.917,104.628,132.556,140.886,130.788,130.788
2799.3,95.967,95.327,136.771,97.917,104.741,132.556,140.918,130.903,130.788
2799.4,95.967,95.327,136.736,97.917,104.571,132.519,140.981,130.941,130.826
2799.5,95.967,95.262,136.736,97.855,104.628,132.556,140.918,130.903,130.75
2799.6,95.967,95.262,136.736,97.855,104.457,132.593,140.95,130.941,130.826
2799.7,95.903,95.198,136.736,97.855,104.514,132.593,140.918,130.941,130.674
2799.8,95.967,95.198,136.736,97.917,104.457,132.556,140.918,130.826,130.826
2799.9,95.967,95.069,136.771,97.793,104.514,132.556,140.95,130.826,130.788
2800.0,95.967,95.134,136.805,97.855,104.457,132.556,140.918,130.941,130.788
2800.1,95.903,95.069,136.736,97.731,104.343,132.593,140.918,130.864,130.788
2800.2,95.903,95.134,136.702,97.793,104.4,132.556,140.918,130.864,130.788
2800.3,95.967,95.069,136.736,97.855,104.343,132.556,140.918,130.864,130.788
2800.4,95.903,95.005,136.771,97.793,104.286,132.556,140.95,130.788,130.75
2800.5,95.839,94.876,136.771,97.793,104.229,132.556,140.854,130.903,130.712
2800.6,95.967,95.005,136.736,97.731,104.229,132.556,140.886,130.903,130.75
2800.7,95.839,94.876,136.529,97.793,104.229,132.519,140.95,130.903,130.712
2800.8,95.839,94.876,136.736,97.668,104.115,132.556,140.918,130.941,130.712
2800.9,95.839,94.876,136.736,97.731,104.058,132.556,140.886,130.864,130.712
2801.0,95.839,94.811,136.736,97.793,104.058,132.556,140.981,130.864,130.788
2801.1,95.839,94.811,136.771,97.731,104.0,132.556,140.918,130.903,130.788
2801.2,95.839,94.746,136.736,97.668,104.058,132.556,140.918,130.864,130.75
2801.3,95.839,94.746,136.736,97.793,103.943,132.519,140.918,130.903,130.788
2801.4,95.775,94.681,136.736,97.731,103.943,132.556,140.918,130.864,130.712
2801.5,95.775,94.617,136.771,97.731,103.886,132.556,140.95,130.864,130.826
2801.6,95.775,94.681,136.771,97.668,103.886,132.593,140.918,130.903,130.75
2801.7,95.775,94.617,136.736,97.668,103.829,132.593,140.918,130.826,130.788
2801.8,95.775,94.552,136.736,97.668,103.886,132.556,140.886,130.826,130.788
2801.9,95.775,94.552,136.736,97.606,103.771,132.556,140.918,130.864,130.75
2802.0,95.711,94.422,136.736,97.543,103.829,132.556,140.918,130.903,130.826
2802.1,95.839,94.487,136.805,97.668,103.656,132.556,140.886,130.788,130.75
2802.2,95.711,94.422,136.771,97.606,103.541,132.519,140.918,130.941,130.75
2802.3,95.711,94.292,136.736,97.543,103.541,132.519,140.886,130.864,130.75
2802.4,95.711,94.422,136.771,97.606,103.599,132.556,140.886,130.864,130.75
2802.5,95.711,94.357,136.771,97.731,103.483,132.556,140.95,130.903,130.75
2802.6,95.711,94.292,136.771,97.543,103.426,132.593,140.886,130.903,130.788
2802.7,95.711,94.292,136.736,97.543,103.426,132.519,140.918,130.864,130.788
2802.8,95.647,94.161,136.771,97.543,103.483,132.593,140.918,130.864,130.75
2802.9,95.647,94.226,136.736,97.543,103.368,132.556,140.854,130.826,130.75
2803.0,95.583,94.357,136.736,97.481,103.368,132.519,140.886,130.864,130.712
2803.1,95.583,94.096,136.736,97.543,103.31,132.519,140.886,130.941,130.826
2803.2,95.711,94.161,136.771,97.543,103.252,132.556,140.918,130.864,130.75
2803.3,95.583,94.096,136.736,97.481,103.252,132.556,140.918,130.864,130.75
2803.4,95.583,94.031,136.736,97.481,103.252,132.593,140.95,130.864,130.75
2803.5,95.583,94.031,136.736,97.481,103.195,132.556,140.918,130.826,130.712
2803.6,95.583,94.096,136.771,97.543,103.195,132.556,140.918,130.826,130.75
2803.7,95.647,94.031,136.702,97.481,103.137,132.593,140.918,130.826,130.826
2803.8,95.647,93.965,136.771,97.481,103.079,132.519,140.918,130.826,130.75
2803.9,95.519,93.965,136.771,97.419,103.021,132.519,140.918,130.903,130.75
2804.0,95.519,93.9,136.771,97.419,102.963,132.556,140.918,130.864,130.788
2804.1,95.519,93.769,136.736,97.419,102.963,132.519,140.918,130.864,130.712
2804.2,95.455,93.703,136.736,97.356,102.904,132.556,140.918,130.864,130.674
2804.3,95.583,93.769,136.702,97.356,102.846,132.593,140.918,130.826,130.712
2804.4,95.455,93.703,136.736,97.356,102.846,132.593,140.918,130.826,130.788
2804.5,95.455,93.703,136.771,97.356,102.788,132.519,140.886,130.788,130.75
2804.6,95.391,93.638,136.736,97.293,102.555,132.556,140.981,130.788,130.712
2804.7,95.455,93.572,136.736,97.356,102.672,132.519,140.886,130.864,130.712
2804.8,95.455,93.572,136.736,97.293,102.613,132.556,140.886,130.826,130.75
2804.9,95.391,93.506,136.736,97.293,102.497,132.556,140.854,130.788,130.712
2805.0,95.391,93.44,136.702,97.293,102.672,132.519,140.918,130.826,130.712
2805.1,95.391,93.374,137.148,97.293,102.497,132.556,140.886,130.826,130.788
2805.2,95.327,93.374,136.702,97.356,102.438,132.593,140.918,130.864,130.674
2805.3,95.327,93.506,136.667,97.293,102.497,132.519,140.918,130.903,130.75
2805.4,95.391,93.374,136.736,97.293,102.38,132.593,140.886,130.826,130.75
2805.5,95.327,93.309,136.736,97.168,102.38,132.519,140.854,130.826,130.712
2805.6,95.327,93.243,136.771,97.293,102.321,132.556,140.95,130.826,130.674
2805.7,95.327,93.309,136.667,97.168,102.321,132.519,140.886,130.788,130.712
2805.8,95.327,93.309,136.839,97.231,102.321,132.556,140.918,130.826,130.712
2805.9,95.262,93.243,136.702,97.231,102.321,132.519,140.918,130.864,130.674
2806.0,95.455,93.177,136.736,97.105,102.204,132.519,140.918,130.864,130.712
2806.1,95.327,93.177,136.736,97.231,102.204,132.519,140.981,130.864,130.712
2806.2,95.391,93.11,136.771,97.231,102.145,132.556,140.918,130.788,130.674
2806.3,95.327,93.044,136.736,97.231,102.086,132.482,140.822,130.826,130.788
2806.4,95.262,93.044,136.736,97.168,102.086,132.519,140.95,130.788,130.712
2806.5,95.198,93.044,136.736,97.168,102.086,132.556,140.918,130.788,130.712
2806.6,95.262,92.978,136.702,97.168,102.028,132.593,140.918,130.864,130.75
2806.7,95.839,92.912,136.736,97.168,101.91,132.519,140.886,130.864,130.712
2806.8,95.198,92.912,136.702,97.105,101.969,132.519,140.918,130.788,130.674
2806.9,95.198,92.846,136.702,97.105,101.91,132.556,140.95,130.826,130.674
2807.0,95.262,92.846,136.702,97.105,101.851,132.519,140.918,130.826,130.712
2807.1,95.262,92.779,136.736,97.105,101.851,132.593,140.918,130.826,130.712
2807.2,95.198,92.846,136.736,97.105,101.792,132.519,140.918,130.788,130.674
2807.3,95.198,92.713,136.805,97.168,101.733,132.593,140.918,130.712,130.712
2807.4,95.198,92.779,136.736,97.105,101.851,132.519,140.886,130.788,130.712
2807.5,95.134,92.713,136.702,97.105,101.674,132.519,140.918,130.826,130.674
2807.6,95.134,92.646,136.736,97.042,101.792,132.519,140.886,130.826,130.712
2807.7,95.134,92.646,136.736,97.168,101.615,132.556,140.918,130.826,130.635
2807.8,95.198,92.646,136.736,97.042,101.615,132.556,140.918,130.75,130.674
2807.9,95.134,92.646,136.702,97.042,101.556,132.556,140.95,130.826,130.712
2808.0,95.327,92.513,136.736,97.042,101.556,132.519,140.918,130.826,130.635
2808.1,95.134,92.447,136.702,97.042,101.496,132.519,140.981,130.788,130.712
2808.2,95.069,92.447,136.702,97.042,101.496,132.556,140.886,130.826,130.712
2808.3,95.134,92.447,136.736,96.98,101.437,132.593,140.918,130.826,130.75
2808.4,95.069,92.447,136.805,97.042,101.437,132.556,140.95,130.826,130.712
2808.5,95.134,92.447,136.771,97.042,101.378,132.519,140.918,130.788,130.826
2808.6,95.069,92.38,136.702,96.917,101.378,132.519,140.981,130.826,130.712
2808.7,95.069,92.447,136.702,96.98,101.318,132.519,140.95,130.788,130.674
2808.8,95.069,92.38,136.702,97.042,101.259,132.519,140.918,130.788,130.674
2808.9,95.134,92.313,136.736,96.98,101.259,132.519,140.95,130.788,130.712
2809.0,95.005,92.246,136.736,96.98,101.2,132.519,140.918,130.788,130.674
2809.1,95.005,92.179,136.736,96.98,101.2,132.519,140.918,130.788,130.674
2809.2,94.94,92.246,136.702,96.917,101.14,132.556,140.95,130.788,130.712
2809.3,95.005,92.112,136.702,96.917,101.08,132.482,140.918,130.788,130.712
2809.4,95.005,92.112,136.702,96.917,101.08,132.556,140.95,130.788,130.674
2809.5,95.005,92.112,136.667,96.917,101.021,132.556,140.918,130.826,130.674
2809.6,95.005,92.045,136.736,96.917,101.08,132.519,140.854,130.788,130.674
2809.7,95.005,92.045,136.702,96.917,100.961,132.556,140.95,130.788,130.712
2809.8,94.94,91.978,136.736,96.854,100.902,132.519,140.95,130.75,130.674
2809.9,95.005,91.978,136.736,96.917,101.021,132.519,140.918,130.75,130.674
2810.0,95.005,91.978,136.736,96.917,100.961,132.556,140.886,130.788,130.674
2810.1,94.94,91.911,136.667,96.854,100.902,132.593,140.886,130.75,130.635
2810.2,95.005,91.978,136.702,96.917,100.782,132.519,140.918,130.826,130.674
2810.3,95.005,91.844,136.736,96.854,100.782,132.519,140.854,130.788,130.635
2810.4,94.94,91.911,136.736,96.917,100.722,132.482,140.918,130.75,130.674
2810.5,94.94,91.844,136.667,96.728,100.722,132.519,140.918,130.75,130.75
2810.6,94.876,91.777,136.702,96.854,100.662,132.519,140.886,130.75,130.674
2810.7,94.94,91.777,136.736,96.854,100.662,132.519,140.886,130.788,130.674
2810.8,94.876,91.777,136.702,96.791,100.662,132.519,140.918,130.788,130.674
2810.9,94.94,91.71,136.633,96.854,100.662,132.519,140.886,130.788,130.712
2811.0,94.811,91.642,136.736,96.791,100.602,132.519,140.886,130.75,130.674
2811.1,94.876,91.777,136.702,96.791,100.482,132.519,140.95,130.788,130.635
2811.2,94.811,91.575,136.736,96.791,100.482,132.482,140.918,130.788,130.674
2811.3,94.811,91.575,136.702,96.854,100.422,132.519,140.886,130.826,130.635
2811.4,94.811,91.575,136.667,96.791,100.422,132.519,140.918,130.788,130.674
2811.5,94.811,91.508,136.736,96.728,100.362,132.519,140.918,130.788,130.635
2811.6,94.811,91.508,136.736,96.728,100.422,132.519,140.886,130.75,130.635
2811.7,94.811,91.44,136.702,96.728,100.422,132.593,140.918,130.75,130.674
2811.8,94.746,91.44,136.736,96.728,100.302,132.519,140.918,130.788,130.635
2811.9,94.811,91.372,136.702,96.728,100.302,132.519,140.886,130.75,130.635
2812.0,94.811,91.44,136.771,96.728,100.362,132.519,140.95,130.75,130.635
2812.1,94.811,91.372,136.736,96.728,100.302,132.482,140.918,130.788,130.712
2812.2,94.746,91.237,136.667,96.728,100.182,132.482,140.918,130.788,130.674
2812.3,94.681,91.305,136.736,96.664,100.121,132.519,140.981,130.788,130.674
2812.4,94.746,91.237,136.736,96.664,100.121,132.482,140.854,130.75,130.674
2812.5,94.746,91.237,136.736,96.728,100.121,132.593,140.918,130.75,130.674
2812.6,94.811,91.237,136.702,96.728,100.121,132.482,140.918,130.826,130.635
2812.7,94.681,91.305,136.736,96.728,100.182,132.556,140.918,130.712,130.712
2812.8,94.811,91.169,136.702,96.601,100.121,132.519,140.886,130.75,130.712
2812.9,94.681,91.102,136.702,96.601,100.0,132.519,140.886,130.788,130.635
2813.0,94.746,91.034,136.736,96.664,99.94,132.482,140.95,130.75,130.635
2813.1,94.681,91.034,136.702,96.664,99.94,132.482,140.886,130.75,130.635
2813.2,94.746,91.034,136.702,96.664,99.88,132.482,140.918,130.788,130.674
2813.3,94.617,91.034,136.702,96.601,100.0,132.482,140.918,130.788,130.635
2813.4,94.681,91.034,136.702,96.601,99.88,132.444,140.886,130.75,130.635
2813.5,94.681,90.83,136.702,96.664,99.819,132.519,140.981,130.75,130.635
2813.6,94.681,90.898,136.702,96.601,99.698,132.519,140.886,130.75,130.635
2813.7,94.681,90.83,136.667,96.601,99.698,132.519,140.95,130.788,130.635
2813.8,94.681,90.762,136.736,96.601,99.637,132.482,140.918,130.788,130.674
2813.9,94.552,90.83,136.667,96.538,99.698,132.519,140.918,130.75,130.597
2814.0,94.617,90.694,136.667,96.601,99.698,132.482,140.918,130.712,130.712
2814.1,94.617,90.762,136.667,96.601,99.576,132.519,140.918,130.75,130.635
2814.2,94.617,90.694,136.702,96.475,99.515,132.482,140.95,130.75,130.635
2814.3,94.552,90.694,136.667,96.538,99.637,132.519,140.95,130.75,130.635
2814.4,94.94,90.694,136.736,96.538,99.576,132.482,140.918,130.75,130.635
2814.5,94.552,90.694,136.702,96.538,99.515,132.519,140.918,130.788,130.635
2814.6,94.552,90.626,136.736,96.475,99.394,132.519,140.886,130.712,130.635
2814.7,94.552,90.626,136.667,96.601,99.455,132.482,140.918,130.75,130.674
2814.8,94.487,90.626,136.702,96.538,99.394,132.519,140.886,130.712,130.597
2814.9,94.552,90.489,136.667,96.475,99.272,132.482,140.918,130.75,130.635
2815.0,94.552,90.557,136.702,96.475,99.394,132.519,140.886,130.712,130.635
2815.1,94.617,90.626,136.702,96.538,99.333,132.519,140.95,130.75,130.635
2815.2,94.552,90.489,136.702,96.475,99.333,132.519,140.95,130.674,130.597
2815.3,94.487,90.421,136.736,96.475,99.394,132.519,140.918,130.75,130.674
2815.4,94.617,90.421,136.736,96.475,99.211,132.482,140.886,130.712,130.597
2815.5,94.552,90.352,136.667,96.475,99.211,132.519,140.95,130.788,130.635
2815.6,94.552,90.352,136.736,96.601,99.272,132.519,140.918,130.712,130.597
2815.7,94.552,90.284,136.702,96.475,99.15,132.519,140.918,130.788,130.635
2815.8,94.487,90.421,136.667,96.475,99.027,132.519,140.981,130.712,130.635
2815.9,94.552,90.352,136.702,96.475,99.027,132.482,140.918,130.712,130.635
2816.0,94.487,90.352,136.667,96.411,99.088,132.556,140.918,130.75,130.712
2816.1,94.552,90.284,136.736,96.475,99.027,132.519,140.886,130.75,130.597
2816.2,94.422,90.284,136.667,96.475,99.088,132.519,140.981,130.712,130.674
2816.3,94.487,90.215,136.667,96.475,98.966,132.519,140.981,130.712,130.635
2816.4,94.487,90.146,136.736,96.475,98.905,132.519,140.918,130.712,130.597
2816.5,94.422,90.146,136.736,96.411,98.905,132.482,140.918,130.75,130.635
2816.6,94.422,90.009,136.736,96.411,98.843,132.519,140.918,130.75,130.635
2816.7,94.422,90.078,136.667,96.411,98.843,132.519,140.95,130.75,130.635
2816.8,94.422,90.078,136.702,96.348,98.843,132.556,140.918,130.75,130.635
2816.9,94.422,90.009,136.702,96.285,98.843,132.556,140.95,130.712,130.635
2817.0,94.422,89.94,136.667,96.475,98.782,132.556,140.886,130.75,130.635
2817.1,94.422,90.009,136.633,96.411,98.782,132.482,140.95,130.674,130.597
2817.2,94.422,89.94,136.702,96.411,98.721,132.482,140.918,130.712,130.674
2817.3,94.487,90.009,136.736,96.348,98.659,132.519,140.886,130.597,130.635
2817.4,94.422,89.871,136.667,96.348,98.659,132.519,140.95,130.75,130.635
2817.5,94.422,89.871,136.736,96.348,98.597,132.519,140.918,130.712,130.597
2817.6,94.422,89.871,136.736,96.348,98.597,132.556,140.95,130.75,130.597
2817.7,94.357,89.871,136.633,96.348,98.536,132.519,140.918,130.712,130.597
2817.8,94.357,89.803,136.667,96.411,98.597,132.519,140.918,130.712,130.597
2817.9,94.357,89.734,136.702,96.348,98.474,132.444,140.918,130.674,130.597
2818.0,94.357,89.665,136.702,96.285,98.413,132.519,140.918,130.674,130.597
2818.1,94.357,89.665,136.667,96.285,98.474,132.519,140.886,130.712,130.597
2818.2,94.357,89.734,136.667,96.348,98.289,132.519,140.886,130.712,130.597
2818.3,94.292,89.526,136.736,96.348,98.351,132.519,140.95,130.712,130.597
2818.4,94.292,89.596,136.702,96.348,98.351,132.482,140.886,130.75,130.559
2818.5,94.292,89.526,136.702,96.285,98.289,132.519,140.918,130.712,130.597
2818.6,94.292,89.596,136.702,96.285,98.227,132.482,140.95,130.712,130.559
2818.7,94.226,89.526,136.702,96.285,98.165,132.519,140.918,130.712,130.597
2818.8,94.226,89.457,136.667,96.221,98.289,132.519,140.918,130.712,130.597
2818.9,94.292,89.319,136.667,96.158,98.041,132.519,140.918,130.75,130.559
2819.0,94.292,89.249,136.667,96.221,98.041,132.519,141.013,130.712,130.597
2819.1,94.292,89.388,136.702,96.221,97.979,132.482,140.886,130.712,130.559
2819.2,94.161,89.319,136.702,96.221,97.979,132.519,140.886,130.712,130.597
2819.3,94.226,89.319,136.702,96.158,98.041,132.482,140.822,130.674,130.559
2819.4,94.226,89.319,136.667,96.221,97.917,132.519,140.918,130.674,130.559
2819.5,94.161,89.18,136.702,96.221,97.855,132.519,140.886,130.75,130.559
2819.6,94.161,89.18,136.667,96.158,97.855,132.519,140.918,130.75,130.559
2819.7,94.226,89.11,136.702,96.221,97.793,132.519,140.886,130.674,130.597
2819.8,94.161,89.11,136.702,96.158,97.793,132.519,140.918,130.712,130.635
2819.9,94.031,88.971,136.667,96.158,97.793,132.482,141.013,130.712,130.559
2820.0,94.096,89.041,136.736,96.158,97.668,132.482,140.918,130.674,130.482
2820.1,94.096,89.041,136.771,96.158,97.606,132.556,140.918,130.712,130.559
2820.2,94.161,88.971,136.702,96.03,97.606,132.482,140.886,130.674,130.597
2820.3,94.161,88.971,136.736,96.158,97.606,132.519,140.918,130.712,130.597
2820.4,94.096,88.901,136.667,96.158,97.543,132.519,140.95,130.712,130.597
2820.5,94.096,88.901,136.702,96.094,97.543,132.519,140.918,130.75,130.559
2820.6,94.096,88.901,136.702,96.094,97.481,132.519,140.918,130.712,130.559
2820.7,94.096,88.832,136.633,96.221,97.481,132.519,140.886,130.674,130.597
2820.8,94.096,88.832,136.736,96.094,97.481,132.556,140.918,130.75,130.52
2820.9,94.031,88.762,136.702,96.158,97.419,132.519,140.918,130.712,130.52
2821.0,94.031,88.832,136.736,96.094,97.356,132.482,140.918,130.674,130.52
2821.1,94.031,88.692,136.667,96.094,97.356,132.519,140.918,130.635,130.559
2821.2,94.096,88.762,136.667,95.967,97.293,132.519,140.918,130.75,130.52
2821.3,94.031,88.622,136.702,96.094,97.293,132.482,140.918,130.674,130.559
2821.4,94.031,88.622,136.702,96.03,97.105,132.482,140.918,130.635,130.559
2821.5,94.096,88.622,136.702,96.094,97.105,132.482,140.918,130.674,130.559
2821.6,94.096,88.552,136.702,96.03,97.231,132.482,140.918,130.674,130.559
2821.7,94.031,88.482,136.667,96.158,97.168,132.482,140.95,130.712,130.559
2821.8,93.965,88.552,136.702,96.03,97.168,132.482,140.886,130.712,130.559
2821.9,94.096,88.412,136.667,96.03,97.168,132.519,140.886,130.712,130.559
2822.0,94.031,88.482,136.736,96.03,97.042,132.556,140.95,130.712,130.597
2822.1,94.031,88.342,136.667,96.094,97.042,132.482,140.918,130.712,130.52
2822.2,93.965,88.412,136.702,96.03,96.98,132.482,140.886,130.674,130.559
2822.3,94.031,88.342,136.702,96.03,96.917,132.482,140.918,130.635,130.559
2822.4,94.031,88.342,136.771,96.03,96.98,132.482,140.886,130.597,130.559
2822.5,93.834,88.272,136.702,96.094,96.917,132.482,140.886,130.674,130.559
2822.6,93.965,88.272,136.667,96.03,96.854,132.482,140.886,130.674,130.635
2822.7,93.965,88.201,136.702,96.03,96.854,132.482,140.918,130.674,130.559
2822.8,93.965,88.201,136.702,95.967,96.791,132.482,140.918,130.635,130.559
2822.9,93.9,88.201,136.702,95.967,96.728,132.556,140.918,130.674,130.597
2823.0,93.965,88.131,136.702,95.967,96.854,132.482,140.918,130.674,130.559
2823.1,93.9,88.131,136.702,95.967,96.728,132.482,140.918,130.635,130.597
2823.2,93.965,88.201,136.667,95.967,96.664,132.482,140.918,130.674,130.635
2823.3,93.965,88.131,136.736,95.967,96.601,132.556,140.918,130.712,130.52
2823.4,94.031,88.061,136.702,95.967,96.601,132.482,140.95,130.635,130.559
2823.5,93.9,88.061,136.702,95.903,96.538,132.482,140.918,130.674,130.559
2823.6,93.9,87.99,136.736,95.967,96.601,132.482,140.918,130.674,130.559
2823.7,93.9,88.061,136.771,95.903,96.538,132.482,140.918,130.635,130.559
2823.8,93.965,87.92,136.667,95.775,96.475,132.482,140.981,130.635,130.559
2823.9,94.031,87.92,136.667,95.903,96.538,132.556,140.918,130.674,130.597
2824.0,93.834,87.99,136.702,95.903,96.601,132.482,140.918,130.712,130.52
2824.1,93.9,87.92,136.702,95.903,96.411,132.519,140.886,130.712,130.52
2824.2,93.9,87.849,136.667,95.903,96.475,132.556,140.918,130.674,130.52
2824.3,93.9,87.92,136.667,95.903,96.348,132.519,140.95,130.75,130.597
2824.4,93.9,87.849,136.667,95.903,96.348,132.519,140.918,130.635,130.52
2824.5,93.834,87.708,136.667,95.903,96.285,132.519,140.918,130.635,130.559
2824.6,93.834,87.708,136.702,95.903,96.285,132.482,140.918,130.674,130.559
2824.7,93.834,87.708,136.598,95.903,96.348,132.482,140.95,130.635,130.52
2824.8,93.834,87.637,136.702,95.903,96.158,132.482,140.918,130.712,130.559
2824.9,93.834,87.637,136.633,95.839,96.158,132.519,140.918,130.635,130.559
2825.0,93.9,87.637,136.667,95.903,96.158,132.482,141.013,130.712,130.559
2825.1,93.834,87.566,136.633,95.839,96.158,132.519,140.886,130.674,130.559
2825.2,93.769,87.637,136.702,95.839,96.094,132.519,140.918,130.712,130.559
2825.3,93.834,87.566,136.633,95.775,96.094,132.482,140.95,130.597,130.52
2825.4,93.769,87.566,136.702,95.967,96.03,132.482,140.95,130.674,130.52
2825.5,93.769,87.495,136.667,95.839,96.03,132.482,140.918,130.635,130.52
2825.6,93.703,87.424,136.667,95.839,95.903,132.482,140.95,130.674,130.52
2825.7,93.703,87.424,136.598,95.775,95.839,132.482,140.918,130.674,130.559
2825.8,93.769,87.282,136.633,95.711,95.775,132.444,140.918,130.674,130.559
2825.9,93.703,87.211,136.667,95.775,95.647,132.482,140.95,130.597,130.559
2826.0,93.769,87.211,136.667,95.775,95.775,132.482,140.918,130.635,130.52
2826.1,93.769,87.282,136.667,95.775,95.711,132.519,140.981,130.635,130.52
2826.2,93.703,87.14,136.667,95.775,95.647,132.482,140.918,130.635,130.559
2826.3,93.834,87.211,136.702,95.775,95.647,132.482,140.886,130.635,130.52
2826.4,93.769,87.14,136.667,95.775,95.647,132.444,140.95,130.635,130.52
2826.5,93.703,87.14,136.702,95.775,95.583,132.482,140.918,130.597,130.559
2826.6,93.703,87.14,136.667,95.775,95.583,132.482,140.981,130.559,130.52
2826.7,93.703,87.068,136.667,95.711,95.519,132.482,140.918,130.559,130.482
2826.8,93.638,87.068,136.667,95.711,95.455,132.482,140.95,130.597,130.52
2826.9,93.638,86.926,136.667,95.711,95.455,132.482,140.95,130.674,130.52
2827.0,93.638,86.926,136.702,95.711,95.391,132.482,140.95,130.635,130.52
2827.1,93.638,86.926,136.736,95.711,95.327,132.519,140.918,130.635,130.52
2827.2,93.834,86.926,136.667,95.775,95.391,132.519,140.918,130.635,130.52
2827.3,93.638,86.854,136.702,95.711,95.327,132.482,140.918,130.635,130.52
2827.4,93.638,86.854,136.702,95.711,95.455,132.407,140.95,130.712,130.597
2827.5,93.638,86.783,136.667,95.775,95.327,132.519,140.918,130.635,130.559
2827.6,93.638,86.854,136.702,95.711,95.327,132.444,140.918,130.635,130.52
2827.7,93.638,86.783,136.702,95.839,95.198,132.519,140.95,130.635,130.52
2827.8,93.572,86.854,136.702,95.647,95.198,132.482,140.918,130.674,130.482
2827.9,93.638,86.639,136.633,95.711,95.198,132.63,140.918,130.597,130.482
2828.0,93.572,86.711,136.667,95.647,95.198,132.444,140.918,130.635,130.559
2828.1,93.572,86.639,136.667,95.711,95.069,132.444,140.918,130.635,130.559
2828.2,93.572,86.711,136.667,95.711,95.134,132.482,140.918,130.559,130.52
2828.3,93.572,86.639,136.736,95.647,95.069,132.482,140.918,130.597,130.52
2828.4,93.572,86.568,136.771,95.583,94.94,132.482,140.95,130.635,130.52
2828.5,93.638,86.568,136.702,95.647,95.005,132.482,140.854,130.635,130.482
2828.6,93.572,86.496,136.736,95.647,94.94,132.482,140.918,130.597,130.482
2828.7,93.572,86.496,136.667,95.583,95.005,132.519,140.918,130.635,130.482
2828.8,93.572,86.496,136.702,95.647,94.876,132.482,140.95,130.597,130.482
2828.9,93.572,86.424,136.633,95.647,94.811,132.482,140.95,130.635,130.52
2829.0,93.572,86.352,136.667,95.583,94.811,132.519,140.918,130.635,130.482
2829.1,93.506,86.496,136.633,95.647,94.811,132.444,140.95,130.635,130.52
2829.2,93.572,86.352,136.598,95.583,94.746,132.482,140.918,130.635,130.559
2829.3,93.506,86.28,136.667,95.583,94.746,132.482,140.918,130.635,130.52
2829.4,93.506,86.352,136.667,95.647,94.681,132.519,140.918,130.674,130.52
2829.5,93.506,86.28,136.633,95.583,94.746,132.444,140.918,130.674,130.52
2829.6,93.506,86.28,136.667,95.647,94.681,132.444,140.918,130.635,130.482
2829.7,93.506,86.28,136.736,95.647,94.681,132.444,140.918,130.597,130.52
2829.8,93.44,86.208,136.667,95.647,94.552,132.444,140.854,130.635,130.52
2829.9,93.506,86.28,136.702,95.583,94.617,132.482,140.918,130.597,130.52
2830.0,93.44,86.136,136.736,95.519,94.487,132.482,140.918,130.635,130.482
2830.1,93.44,86.064,136.702,95.583,94.487,132.519,140.918,130.635,130.52
2830.2,93.44,86.064,136.667,95.519,94.422,132.482,140.918,130.635,130.482
2830.3,93.506,86.136,136.702,95.519,94.487,132.519,140.918,130.635,130.482
2830.4,93.44,86.064,136.667,95.647,94.422,132.444,140.918,130.635,130.482
2830.5,93.506,86.064,136.598,95.519,94.422,132.482,140.886,130.635,130.482
2830.6,93.44,85.919,136.702,95.519,94.292,132.519,140.95,130.597,130.482
2830.7,93.44,85.919,136.702,95.583,94.226,132.482,140.886,130.597,130.482
2830.8,93.44,85.919,136.667,95.455,94.292,132.444,140.981,130.597,130.482
2830.9,93.44,85.847,136.667,95.519,94.292,132.519,140.95,130.635,130.597
2831.0,93.374,85.919,136.667,95.519,94.292,132.482,140.918,130.52,130.482
2831.1,93.44,85.919,136.667,95.519,94.161,132.482,140.918,130.597,130.52
2831.2,93.44,85.775,136.702,95.455,94.161,132.444,140.918,130.597,130.559
2831.3,93.44,85.775,136.667,95.583,94.096,132.482,140.918,130.597,130.405
2831.4,93.44,85.702,136.702,95.455,94.096,132.482,140.918,130.597,130.482
2831.5,93.374,85.775,136.667,95.583,94.031,132.482,140.95,130.635,130.482
2831.6,93.44,85.702,136.702,95.519,94.096,132.444,140.918,130.559,130.482
2831.7,93.44,85.702,136.667,95.519,93.965,132.482,140.918,130.635,130.559
2831.8,93.374,85.702,136.702,95.455,93.965,132.482,140.95,130.597,130.597
2831.9,93.374,85.63,136.702,95.391,93.9,132.593,140.95,130.597,130.52
2832.0,93.44,85.557,136.702,95.455,93.9,132.519,140.886,130.559,130.52
2832.1,93.374,85.557,136.667,95.455,93.9,132.482,140.95,130.674,130.482
2832.2,93.44,85.484,136.667,95.455,93.9,132.519,140.95,130.635,130.52
2832.3,93.374,85.557,136.667,95.455,93.834,132.482,140.822,130.75,130.482
2832.4,93.374,85.412,136.667,95.391,93.769,132.444,140.918,130.559,130.444
2832.5,93.374,85.484,136.702,95.455,93.703,132.482,140.918,130.597,130.482
2832.6,93.309,85.412,136.667,95.455,93.834,132.482,140.918,130.597,130.444
2832.7,93.309,85.412,136.702,95.455,93.703,132.444,140.918,130.597,130.482
2832.8,93.309,85.339,136.736,95.391,93.638,132.593,140.918,130.597,130.482
2832.9,93.374,85.266,136.702,95.391,93.572,132.519,140.95,130.559,130.444
2833.0,93.309,85.266,136.667,95.455,93.572,132.556,140.95,130.635,130.52
2833.1,93.309,85.339,136.667,95.391,93.638,132.482,140.95,130.597,130.52
2833.2,93.374,85.266,136.633,95.455,93.506,132.482,140.95,130.635,130.559
2833.3,93.243,85.193,136.667,95.391,93.638,132.482,140.918,130.635,130.559
2833.4,93.309,85.12,136.667,95.455,93.44,132.444,140.886,130.559,130.482
2833.5,93.309,85.193,136.702,95.327,93.44,132.482,140.95,130.597,130.444
2833.6,93.243,85.193,136.702,95.583,93.374,132.519,140.918,130.635,130.482
2833.7,93.177,85.047,136.633,95.391,93.44,132.444,140.918,130.559,130.482
2833.8,93.243,85.12,136.702,95.391,93.374,132.482,140.918,130.559,130.52
2833.9,93.243,85.047,136.667,95.455,93.374,132.519,140.918,130.597,130.482
2834.0,93.243,85.047,136.702,95.455,93.309,132.482,140.918,130.597,130.444
2834.1,93.243,84.974,136.633,95.391,93.243,132.482,140.918,130.597,130.52
2834.2,93.243,84.901,136.667,95.198,93.243,132.444,140.981,130.559,130.482
2834.3,93.243,84.901,136.633,95.327,93.177,132.519,140.918,130.597,130.52
2834.4,93.243,84.901,136.598,95.327,93.177,132.519,140.981,130.635,130.482
2834.5,93.243,84.827,136.667,95.327,93.177,132.519,140.95,130.559,130.482
2834.6,93.243,84.901,136.702,95.391,93.11,132.482,140.918,130.597,130.444
2834.7,93.177,84.827,136.633,95.327,92.978,132.482,140.918,130.635,130.482
2834.8,93.11,84.827,136.667,95.391,93.11,132.444,140.886,130.559,130.482
2834.9,93.177,84.827,136.667,95.455,93.11,132.444,140.95,130.597,130.482
2835.0,93.177,84.754,136.702,95.391,93.11,132.482,140.886,130.597,130.482
2835.1,93.243,84.754,136.702,95.262,93.044,132.482,140.918,130.597,130.482
2835.2,93.177,84.754,136.702,95.327,92.978,132.519,140.95,130.597,130.482
2835.3,93.177,84.681,136.667,95.327,92.912,132.444,140.918,130.597,130.482
2835.4,93.11,84.607,136.667,95.327,92.912,132.482,140.918,130.597,130.444
2835.5,93.243,84.607,136.633,95.262,92.846,132.482,140.95,130.597,130.482
2835.6,93.177,84.607,136.667,95.262,92.912,132.482,140.95,130.559,130.444
2835.7,93.177,84.607,136.702,95.262,92.713,132.482,140.918,130.559,130.444
2835.8,93.177,84.607,136.667,95.262,92.779,132.519,140.918,130.597,130.444
2835.9,93.11,84.534,136.667,95.262,92.779,132.482,140.95,130.559,130.405
2836.0,93.11,84.46,136.702,95.262,92.646,132.482,140.886,130.597,130.482
2836.1,93.11,84.387,136.667,95.262,92.646,132.482,140.918,130.52,130.444
2836.2,93.11,84.313,136.633,95.262,92.58,132.519,140.918,130.559,130.482
2836.3,93.177,84.46,136.633,95.198,92.646,132.482,140.95,130.597,130.482
2836.4,93.243,84.387,136.702,95.198,92.646,132.482,140.918,130.559,130.482
2836.5,93.11,84.387,136.667,95.262,92.58,132.482,140.886,130.635,130.482
2836.6,93.177,84.165,136.667,95.262,92.58,132.519,140.95,130.52,130.482
2836.7,93.11,84.313,136.633,95.262,92.513,132.482,140.95,130.559,130.482
2836.8,93.11,84.313,136.667,95.327,92.58,132.482,140.918,130.559,130.482
2836.9,93.11,84.313,136.667,95.262,92.513,132.444,140.918,130.559,130.482
2837.0,93.11,84.387,136.736,95.198,92.447,132.556,140.918,130.597,130.482
2837.1,93.11,84.239,136.667,95.262,92.447,132.444,140.918,130.597,130.482
2837.2,93.11,84.239,136.667,95.198,92.447,132.482,140.918,130.559,130.444
2837.3,93.11,84.165,136.667,95.198,92.447,132.482,140.95,130.559,130.482
2837.4,93.11,84.165,136.667,95.262,92.58,132.444,140.918,130.559,130.482
2837.5,93.044,84.165,136.633,95.262,92.38,132.482,140.918,130.559,130.444
2837.6,93.11,84.165,136.736,95.262,92.38,132.482,140.918,130.597,130.482
2837.7,93.11,84.091,136.667,95.198,92.313,132.482,140.95,130.635,130.405
2837.8,93.044,84.091,136.771,95.198,92.313,132.482,140.918,130.597,130.482
2837.9,93.044,84.017,136.667,95.134,92.246,132.519,140.95,130.559,130.444
2838.0,93.11,84.091,136.667,95.198,92.313,132.482,140.854,130.559,130.482
2838.1,93.044,84.017,136.667,95.198,92.313,132.482,140.95,130.559,130.444
2838.2,93.044,84.017,136.667,95.198,92.246,132.482,140.95,130.674,130.482
2838.3,93.044,84.091,136.667,95.198,92.246,132.444,140.918,130.597,130.444
2838.4,93.11,84.017,136.702,95.198,92.179,132.556,140.918,130.597,130.52
2838.5,93.044,83.943,136.667,95.262,92.179,132.519,140.918,130.597,130.444
2838.6,92.846,83.943,136.667,95.134,92.179,132.444,140.918,130.559,130.482
2838.7,93.11,83.943,136.702,95.262,92.112,132.444,140.95,130.597,130.482
2838.8,93.044,83.943,136.667,95.262,92.179,132.482,140.918,130.559,130.444
2838.9,93.044,83.869,136.736,95.198,92.045,132.444,140.981,130.559,130.559
2839.0,93.044,83.943,136.702,95.198,92.045,132.482,140.95,130.597,130.444
2839.1,92.978,83.943,136.667,95.262,92.045,132.482,140.918,130.635,130.482
2839.2,93.044,83.869,136.736,95.005,92.179,132.482,140.95,130.559,130.482
2839.3,92.978,83.795,136.667,95.198,91.911,132.482,140.95,130.52,130.444
2839.4,93.044,83.869,136.667,95.198,92.045,132.482,140.918,130.559,130.482
2839.5,92.978,83.869,136.633,95.198,91.911,132.444,140.886,130.559,130.444
2839.6,93.044,83.795,136.633,95.134,91.978,132.482,140.918,130.559,130.444
2839.7,93.044,83.721,136.633,95.198,91.978,132.482,140.886,130.52,130.444
2839.8,93.044,83.795,136.667,95.198,91.911,132.482,140.918,130.559,130.482
2839.9,92.978,83.795,136.667,95.198,91.911,132.444,140.918,130.559,130.444
2840.0,92.978,83.721,136.702,95.198,91.911,132.482,140.95,130.597,130.444
2840.1,92.978,83.721,136.633,95.198,91.911,132.444,140.95,130.597,130.482
2840.2,92.978,83.647,136.667,95.069,91.911,132.444,140.95,130.597,130.444
2840.3,92.978,83.721,136.667,95.198,91.911,132.482,140.918,130.559,130.444
2840.4,92.978,83.647,136.702,95.134,91.844,132.482,140.95,130.674,130.367
2840.5,92.978,83.721,136.667,95.198,91.844,132.444,140.95,130.559,130.482
2840.6,93.044,83.572,136.702,95.134,91.844,132.482,140.981,130.75,130.444
2840.7,92.978,83.572,136.736,95.198,91.844,132.482,140.95,130.559,130.444
2840.8,93.044,83.572,136.633,95.134,91.777,132.482,140.918,130.559,130.482
2840.9,92.978,83.572,136.633,95.134,91.777,132.407,140.981,130.559,130.559
2841.0,92.978,83.647,136.702,95.198,91.777,132.482,140.95,130.559,130.482
2841.1,93.044,83.572,136.667,95.134,91.71,132.519,140.918,130.559,130.444
2841.2,92.978,83.572,136.633,95.069,91.777,132.482,140.95,130.52,130.444
2841.3,93.044,83.498,136.736,95.198,91.71,132.482,140.918,130.559,130.444
2841.4,92.978,83.498,136.736,95.134,91.642,132.482,140.918,130.597,130.482
2841.5,92.846,83.423,136.667,95.134,91.71,132.519,140.918,130.559,130.444
2841.6,92.978,83.498,136.667,95.134,91.71,132.482,140.95,130.52,130.444
2841.7,92.912,83.423,136.667,95.198,91.71,132.444,140.918,130.597,130.635
2841.8,92.978,83.498,136.667,95.069,91.642,132.482,140.918,130.597,130.444
2841.9,92.912,83.423,136.667,95.134,91.642,132.482,140.95,130.559,130.405
2842.0,92.978,83.349,136.564,95.134,91.575,132.482,140.981,130.559,130.444
2842.1,92.978,83.349,136.702,95.198,91.642,132.519,140.981,130.559,130.482
2842.2,92.978,83.423,136.667,95.134,91.575,132.519,140.918,130.559,130.482
2842.3,92.846,83.349,136.702,95.134,91.575,132.482,140.981,130.52,130.444
2842.4,92.978,83.423,136.633,95.069,91.508,132.482,141.013,130.597,130.482
2842.5,92.912,83.349,136.667,95.069,91.642,132.482,140.918,130.559,130.444
2842.6,92.978,83.349,136.667,95.583,91.508,132.444,140.981,130.559,130.482
2842.7,92.978,83.349,136.702,95.134,91.575,132.519,140.918,130.559,130.444
2842.8,92.978,83.274,136.633,95.069,91.508,132.519,140.95,130.559,130.444
2842.9,92.846,83.274,136.633,95.134,91.508,132.482,140.918,130.444,130.444
2843.0,92.912,83.274,136.667,95.069,91.44,132.482,140.886,130.597,130.482
2843.1,92.912,83.274,136.667,95.069,91.44,132.482,140.918,130.559,130.482
2843.2,92.912,83.199,136.667,95.134,91.508,132.482,140.95,130.559,130.482
2843.3,92.978,83.199,136.633,95.198,91.44,132.444,140.918,130.559,130.405
2843.4,92.912,83.274,136.667,95.069,91.44,132.482,140.95,130.559,130.405
2843.5,92.912,83.125,136.46,95.069,91.372,132.482,140.981,130.559,130.405
2843.6,92.978,83.125,136.667,95.069,91.372,132.444,140.918,130.559,130.444
2843.7,92.912,83.125,136.702,95.069,91.372,132.519,140.918,130.559,130.52
2843.8,92.912,83.274,136.667,95.069,91.372,132.444,140.918,130.52,130.444
2843.9,93.11,83.199,136.667,95.069,91.372,132.482,140.854,130.482,130.482
2844.0,92.912,83.199,136.667,95.134,91.305,132.482,140.95,130.559,130.444
2844.1,92.846,83.199,136.633,95.069,91.372,132.444,140.95,130.559,130.482
2844.2,92.978,83.199,136.667,95.069,91.237,132.482,140.918,130.559,130.444
2844.3,92.912,83.05,136.667,95.069,91.169,132.482,140.95,130.597,130.405
2844.4,92.912,83.349,136.667,95.069,91.237,132.482,140.918,130.559,130.367
2844.5,93.044,83.05,136.667,95.069,91.305,132.482,140.981,130.52,130.482
2844.6,92.846,83.125,136.702,95.069,91.237,132.482,140.918,130.674,130.444
2844.7,92.912,83.05,136.667,95.005,91.102,132.444,140.95,130.559,130.444
2844.8,92.912,83.05,136.667,95.069,91.237,132.482,140.918,130.559,130.444
2844.9,92.912,83.05,136.667,95.134,91.237,132.482,140.95,130.559,130.444
2845.0,92.978,83.05,136.667,95.069,91.169,132.444,140.95,130.559,130.405
2845.1,92.846,83.05,136.667,95.005,91.237,132.482,140.918,130.635,130.444
2845.2,92.846,82.975,136.667,95.069,91.169,132.519,140.95,130.635,130.405
2845.3,92.912,82.975,136.667,95.069,91.169,132.482,140.918,130.559,130.444
2845.4,92.912,82.975,136.598,95.005,91.169,132.482,140.886,130.559,130.444
2845.5,92.978,82.975,136.702,95.069,91.034,132.482,140.95,130.559,130.405
2845.6,92.846,82.975,136.667,95.005,91.102,132.482,140.95,130.559,130.405
2845.7,92.846,82.975,136.633,95.069,91.102,132.593,140.918,130.559,130.482
2845.8,92.846,82.975,136.633,95.069,91.102,132.444,140.918,130.52,130.405
2845.9,92.846,82.9,136.633,95.005,91.034,132.482,140.918,130.52,130.444
2846.0,92.846,82.9,136.598,95.005,91.034,132.519,140.95,130.597,130.405
2846.1,92.846,82.9,136.667,95.069,91.169,132.519,140.95,130.597,130.405
2846.2,92.846,82.9,136.702,95.069,91.034,132.482,140.918,130.559,130.444
2846.3,92.846,82.825,136.771,95.069,90.966,132.482,140.95,130.444,130.444
2846.4,92.846,82.975,136.667,95.134,91.034,132.519,140.95,130.597,130.444
2846.5,92.846,82.825,136.702,95.069,90.898,132.444,140.981,130.559,130.405
2846.6,92.846,82.825,136.736,95.069,90.966,132.519,140.918,130.559,130.444
2846.7,92.779,82.9,136.702,95.069,91.034,132.444,140.918,130.559,130.444
2846.8,92.846,82.825,136.667,95.005,90.966,132.482,140.918,130.559,130.444
2846.9,92.846,82.825,136.633,95.069,90.966,132.556,140.886,130.52,130.444
2847.0,92.846,82.825,136.667,95.069,90.898,132.519,140.918,130.559,130.482
2847.1,92.912,82.825,136.633,95.005,90.898,132.482,140.918,130.52,130.444
2847.2,92.846,82.75,136.667,95.005,90.898,132.482,140.95,130.52,130.405
2847.3,92.779,82.75,136.667,95.069,90.898,132.482,140.886,130.559,130.405
2847.4,92.779,82.675,136.667,95.069,90.898,132.482,140.918,130.559,130.444
2847.5,92.846,82.675,136.598,95.005,90.898,132.482,140.918,130.559,130.405
2847.6,92.846,82.675,136.667,94.94,90.83,132.482,140.95,130.559,130.444
2847.7,92.846,82.75,136.667,95.134,90.83,132.482,140.918,130.597,130.444
2847.8,92.846,82.675,136.667,95.005,90.83,132.482,140.918,130.559,130.367
2847.9,92.912,82.675,136.633,95.005,90.83,132.519,140.981,130.559,130.482
2848.0,92.779,82.675,136.667,95.005,90.83,132.482,140.918,130.559,130.444
2848.1,92.779,82.75,136.667,95.069,90.762,132.444,140.918,130.559,130.444
2848.2,92.912,82.599,136.702,95.005,90.83,132.444,140.981,130.559,130.444
2848.3,92.846,82.599,136.702,95.005,90.83,132.482,140.95,130.559,130.444
2848.4,92.912,82.599,136.667,95.134,90.762,132.444,140.918,130.52,130.367
2848.5,92.846,82.675,136.667,95.005,90.762,132.482,140.95,130.52,130.444
2848.6,92.846,82.524,136.667,95.005,90.762,132.482,140.918,130.559,130.405
2848.7,92.846,82.524,136.633,95.069,90.694,132.482,140.95,130.559,130.405
2848.8,92.846,82.524,136.667,94.94,90.694,132.482,140.918,130.559,130.444
2848.9,92.779,82.599,136.667,95.005,90.694,132.482,140.918,130.52,130.444
2849.0,92.779,82.524,136.667,95.005,90.626,132.482,140.918,130.559,130.52
2849.1,92.779,82.449,136.667,95.069,90.626,132.482,140.95,130.482,130.405
2849.2,92.779,82.524,136.736,95.005,90.557,132.519,140.95,130.559,130.405
2849.3,92.779,82.449,136.667,95.005,90.626,132.519,140.95,130.559,130.482
2849.4,92.846,82.524,136.667,94.94,90.626,132.444,140.918,130.559,130.482
2849.5,92.779,82.524,136.633,94.94,90.557,132.482,140.918,130.559,130.405
2849.6,92.779,82.524,136.667,94.94,90.626,132.482,140.981,130.559,130.482
2849.7,92.779,82.524,136.633,95.005,90.557,132.519,140.918,130.52,130.405
2849.8,92.846,82.449,136.633,94.94,90.557,132.482,140.918,130.52,130.405
2849.9,92.779,82.524,136.667,94.94,90.557,132.519,140.95,130.559,130.405
2850.0,92.246,82.449,136.667,95.069,90.489,132.556,140.95,130.482,130.444
2850.1,92.779,82.373,136.667,95.005,90.626,132.482,140.95,130.482,130.405
2850.2,92.779,82.373,136.702,95.005,90.557,132.482,140.95,130.559,130.405
2850.3,92.779,82.298,136.667,95.005,90.489,132.482,140.981,130.52,130.367
2850.4,92.713,82.524,136.667,95.005,90.489,132.482,140.981,130.52,130.444
2850.5,92.779,82.373,136.633,94.94,90.489,132.482,140.918,130.559,130.405
2850.6,92.779,82.373,136.702,94.94,90.421,132.444,140.886,130.559,130.405
2850.7,92.713,82.298,136.667,95.005,90.421,132.482,140.95,130.52,130.405
2850.8,92.779,82.298,136.564,94.94,90.352,132.482,140.95,130.52,130.405
2850.9,92.779,82.222,136.667,94.94,90.421,132.482,140.95,130.52,130.367
2851.0,92.779,82.298,136.667,94.94,90.352,132.482,140.95,130.559,130.405
2851.1,92.779,82.147,136.702,94.94,90.352,132.444,140.918,130.635,130.405
2851.2,92.779,82.298,136.702,94.94,90.284,132.519,140.95,130.559,130.444
2851.3,92.779,82.222,136.633,95.005,90.352,132.519,140.95,130.559,130.444
2851.4,92.779,82.222,136.667,94.94,90.284,132.482,140.918,130.559,130.367
2851.5,92.779,82.222,136.667,94.94,90.284,132.482,140.95,130.52,130.405
2851.6,92.713,82.071,136.633,94.94,90.215,132.444,140.95,130.52,130.405
2851.7,92.713,82.071,136.667,94.94,90.284,132.482,140.918,130.52,130.405
2851.8,92.646,82.222,136.667,94.94,90.284,132.519,140.95,130.559,130.405
2851.9,92.779,82.147,136.667,94.876,90.146,132.482,140.95,130.52,130.444
2852.0,92.846,82.147,136.633,94.876,90.215,132.444,140.981,130.559,130.444
2852.1,92.713,82.071,136.667,94.94,90.215,132.482,140.918,130.52,130.444
2852.2,92.713,82.071,136.667,94.94,90.215,132.482,140.918,130.559,130.367
2852.3,92.646,82.147,136.667,94.94,90.146,132.482,140.95,130.52,130.405
2852.4,92.779,82.147,136.633,94.94,90.146,132.482,141.013,130.52,130.405
2852.5,92.713,82.071,136.667,95.005,90.146,132.519,140.95,130.52,130.405
2852.6,92.713,82.071,136.702,95.005,90.215,132.482,140.95,130.52,130.367
2852.7,92.713,82.071,136.736,94.94,90.146,132.444,140.95,130.559,130.444
2852.8,92.779,82.071,136.633,94.94,90.146,132.482,140.918,130.52,130.405
2852.9,92.646,81.995,136.667,94.94,90.009,132.482,140.918,130.482,130.405
2853.0,92.713,81.995,136.667,94.94,90.146,132.482,140.918,130.52,130.405
2853.1,92.646,81.919,136.667,94.876,90.009,132.482,140.886,130.52,130.405
2853.2,92.646,81.843,136.667,94.94,90.009,132.519,140.95,130.482,130.405
2853.3,92.713,81.843,136.633,94.94,90.078,132.482,140.95,130.482,130.444
2853.4,92.646,81.995,136.667,94.94,90.146,132.482,140.918,130.559,130.405
2853.5,92.646,81.995,136.702,94.876,89.871,132.444,140.95,130.52,130.405
2853.6,92.646,81.843,136.667,94.876,90.009,132.444,140.95,130.52,130.405
2853.7,92.58,81.919,136.667,94.94,90.009,132.482,140.981,130.52,130.444
2853.8,92.713,81.843,136.702,94.94,89.94,132.407,140.918,130.52,130.405
2853.9,92.646,81.767,136.633,94.94,90.009,132.482,140.918,130.52,130.405
2854.0,92.646,81.843,136.667,94.876,89.94,132.482,140.95,130.52,130.405
2854.1,92.646,81.767,136.667,94.876,89.94,132.444,140.95,130.482,130.405
2854.2,92.646,81.843,136.702,94.811,89.871,132.444,140.918,130.52,130.405
2854.3,92.646,81.843,136.598,94.94,89.871,132.482,140.918,130.52,130.405
2854.4,92.646,81.767,136.667,94.876,89.871,132.444,140.918,130.52,130.405
2854.5,92.646,81.767,136.633,94.876,90.009,132.482,140.918,130.482,130.444
2854.6,92.646,81.767,136.667,94.811,89.803,132.482,140.886,130.597,130.405
2854.7,92.646,81.691,136.633,94.811,89.871,132.444,140.981,130.482,130.367
2854.8,92.646,81.767,136.667,94.94,89.871,132.444,140.918,130.482,130.444
2854.9,92.646,81.767,136.702,94.876,89.803,132.482,140.95,130.52,130.405
2855.0,92.646,81.767,136.702,94.876,89.734,132.444,140.918,130.559,130.367
2855.1,92.646,81.691,136.564,94.811,89.871,132.556,140.95,130.482,130.405
2855.2,92.713,81.691,136.702,94.94,89.871,132.482,140.95,130.52,130.405
2855.3,92.713,81.691,136.633,94.876,89.665,132.482,140.886,130.52,130.367
2855.4,92.646,81.691,136.667,94.876,89.803,132.556,141.013,130.52,130.52
2855.5,92.58,81.691,136.702,94.876,89.665,132.482,140.918,130.52,130.405
2855.6,92.646,81.615,136.667,94.94,89.665,132.519,140.981,130.597,130.482
2855.7,92.646,81.615,136.598,94.876,89.734,132.482,140.95,130.52,130.405
2855.8,92.713,81.615,136.667,94.811,89.665,132.482,140.918,130.482,130.405
2855.9,92.58,81.691,136.667,94.94,89.665,132.482,140.886,130.52,130.405
2856.0,93.506,81.615,136.667,94.811,89.665,132.444,140.886,130.52,130.444
2856.1,92.58,81.539,136.667,94.811,89.665,132.482,140.981,130.52,130.405
2856.2,92.646,81.463,136.667,94.876,89.803,132.482,140.918,130.482,130.444
2856.3,92.646,81.539,136.667,94.876,89.596,132.482,140.918,130.52,130.405
2856.4,92.513,81.463,136.633,94.876,89.596,132.444,140.95,130.52,130.444
2856.5,92.646,81.539,136.633,94.876,89.596,132.482,140.854,130.597,130.405
2856.6,92.58,81.539,136.702,94.811,89.596,132.444,141.045,130.482,130.405
2856.7,92.646,81.463,136.667,94.811,89.457,132.444,141.013,130.482,130.367
2856.8,92.58,81.463,136.667,94.876,89.526,132.482,140.918,130.597,130.405
2856.9,92.58,81.463,136.702,94.94,89.457,132.482,140.918,130.482,130.482
2857.0,92.58,81.386,136.667,94.876,89.526,132.444,141.013,130.52,130.367
2857.1,92.58,81.463,136.702,94.811,89.526,132.482,140.95,130.52,130.405
2857.2,92.713,81.386,136.667,94.811,89.457,132.482,140.918,130.52,130.482
2857.3,92.58,81.539,136.667,94.811,89.526,132.444,140.95,130.52,130.405
2857.4,92.58,81.386,136.667,94.811,89.526,132.482,140.95,130.52,130.367
2857.5,92.58,81.386,136.702,94.811,89.526,132.444,140.918,130.52,130.405
2857.6,92.646,81.386,136.702,94.811,89.388,132.482,140.981,130.52,130.405
2857.7,92.58,81.31,136.633,94.811,89.457,132.482,140.95,130.52,130.405
2857.8,92.513,81.31,136.667,94.811,89.388,132.482,140.918,130.52,130.405
2857.9,92.58,81.234,136.702,94.876,89.319,132.482,140.95,130.559,130.444
2858.0,92.58,81.234,136.667,94.811,89.388,132.444,140.95,130.52,130.405
2858.1,92.513,81.31,136.667,94.811,89.388,132.556,140.918,130.482,130.367
2858.2,92.58,81.31,136.667,94.811,89.319,132.444,140.918,130.52,130.405
2858.3,92.58,81.234,136.702,94.811,89.249,132.482,140.918,130.52,130.367
2858.4,92.646,81.234,136.736,94.811,89.319,132.482,140.95,130.52,130.405
2858.5,92.58,81.234,136.667,94.811,89.249,132.519,140.95,130.597,130.405
2858.6,92.58,81.234,136.667,94.811,89.319,132.444,140.95,130.52,130.367
2858.7,92.58,81.234,136.702,94.811,89.249,132.444,141.045,130.559,130.405
2858.8,92.513,81.157,136.667,94.811,89.319,132.482,140.981,130.482,130.367
2858.9,92.58,81.234,136.667,94.746,89.249,132.482,140.981,130.559,130.405
2859.0,92.513,81.157,136.702,94.746,89.18,132.482,140.981,130.52,130.367
2859.1,92.513,81.157,136.667,94.811,89.041,132.519,140.918,130.559,130.405
2859.2,92.58,81.157,136.633,94.746,89.11,132.482,140.981,130.482,130.405
2859.3,92.513,81.157,136.598,94.811,89.11,132.482,140.95,130.52,130.405
2859.4,92.513,81.004,136.667,94.811,89.11,132.482,140.95,130.52,130.367
2859.5,92.447,81.157,136.667,94.811,89.18,132.482,140.95,130.52,130.367
2859.6,92.513,81.157,136.702,94.746,89.18,132.444,140.95,130.52,130.405
2859.7,92.513,81.08,136.667,94.811,89.11,132.444,140.95,130.482,130.405
2859.8,92.58,81.08,136.633,94.681,89.041,132.482,140.95,130.482,130.405
2859.9,92.513,81.08,136.564,94.811,89.11,132.482,140.95,130.482,130.405
2860.0,92.58,81.004,136.598,94.746,89.11,132.556,140.981,130.482,130.405
2860.1,92.58,81.004,136.667,94.681,89.041,132.482,140.95,130.482,130.367
2860.2,92.513,81.004,136.702,94.746,89.11,132.482,140.95,130.482,130.367
2860.3,92.513,81.004,136.667,94.746,89.041,132.482,140.918,130.52,130.405
2860.4,92.513,81.08,136.633,94.746,88.971,132.407,140.918,130.559,130.328
2860.5,92.58,81.004,136.736,94.811,89.041,132.444,140.95,130.482,130.367
2860.6,92.513,80.927,136.667,94.746,88.971,132.444,140.95,130.444,130.405
2860.7,92.513,80.927,136.633,94.746,88.832,132.482,140.95,130.597,130.405
2860.8,92.447,80.927,136.667,94.746,88.901,132.519,140.95,130.482,130.405
2860.9,92.513,80.927,136.667,94.746,88.971,132.444,140.95,130.52,130.405
2861.0,92.513,80.927,136.667,94.746,88.971,132.482,140.95,130.597,130.405
2861.1,92.513,80.927,136.667,94.746,88.901,132.482,140.918,130.405,130.367
2861.2,92.513,80.927,136.633,94.811,88.901,132.482,140.981,130.52,130.444
2861.3,92.447,80.85,136.667,94.681,88.901,132.482,141.013,130.52,130.444
2861.4,92.447,80.773,136.667,94.681,88.832,132.444,140.981,130.52,130.367
2861.5,92.513,80.85,136.702,94.746,88.971,132.407,140.918,130.52,130.405
2861.6,92.513,80.773,136.702,94.746,88.901,132.482,140.95,130.52,130.367
2861.7,92.513,80.773,136.702,94.746,88.832,132.444,140.918,130.482,130.367
2861.8,92.513,80.773,136.702,94.746,88.832,132.519,140.981,130.482,130.405
2861.9,92.447,80.773,136.633,94.811,88.832,132.482,140.918,130.482,130.367
2862.0,92.38,80.85,136.667,94.811,88.762,132.444,140.918,130.52,130.367
2862.1,92.58,80.773,136.702,94.617,88.832,132.482,140.981,130.482,130.367
2862.2,92.447,80.773,136.667,94.746,88.762,132.482,140.918,130.52,130.405
2862.3,92.447,80.773,136.667,94.746,88.762,132.519,140.918,130.52,130.328
2862.4,92.447,80.773,136.667,94.746,88.692,132.444,140.95,130.482,130.367
2862.5,92.447,80.696,136.667,94.746,88.692,132.519,140.95,130.52,130.328
2862.6,92.447,80.696,136.667,94.681,88.762,132.482,140.981,130.52,130.405
2862.7,92.447,80.696,136.667,94.746,88.762,132.444,140.95,130.52,130.367
2862.8,92.447,80.696,136.667,94.746,88.692,132.482,140.95,130.52,130.367
2862.9,92.447,80.696,136.839,94.746,88.692,132.519,140.918,130.482,130.367
2863.0,92.447,80.619,136.633,94.746,88.692,132.482,140.95,130.559,130.405
2863.1,92.447,80.696,136.736,94.746,88.692,132.482,140.95,130.482,130.405
2863.2,92.447,80.696,136.667,94.681,88.552,132.482,140.981,130.405,130.367
2863.3,92.513,80.619,136.702,94.681,88.622,132.519,140.918,130.482,130.405
2863.4,92.447,80.619,136.667,94.617,88.692,132.519,140.854,130.559,130.405
2863.5,92.513,80.619,136.633,94.746,88.692,132.482,140.918,130.482,130.405
2863.6,92.313,80.619,136.633,94.746,88.552,132.482,140.981,130.52,130.405
2863.7,92.447,80.619,136.702,94.811,88.552,132.482,140.95,130.482,130.367
2863.8,92.447,80.619,136.633,94.746,88.482,132.407,140.918,130.52,130.405
2863.9,92.447,80.542,136.667,94.681,88.552,132.482,140.918,130.559,130.29
2864.0,92.447,80.542,136.667,94.681,88.552,132.519,140.918,130.597,130.367
2864.1,92.447,80.542,136.702,94.746,88.622,132.482,140.918,130.482,130.367
2864.2,92.447,80.542,136.736,94.746,88.482,132.519,140.918,130.52,130.52
2864.3,92.38,80.542,136.633,94.811,88.482,132.482,140.95,130.559,130.444
2864.4,92.447,80.388,136.633,94.681,88.552,132.444,140.918,130.482,130.405
2864.5,92.38,80.542,136.667,94.681,88.482,132.444,140.95,130.559,130.367
2864.6,92.38,80.619,136.667,94.746,88.482,132.519,140.95,130.482,130.367
2864.7,92.447,80.465,136.702,94.746,88.412,132.519,140.95,130.52,130.444
2864.8,92.38,80.388,136.667,94.681,88.412,132.444,140.95,130.482,130.405
2864.9,92.38,80.619,136.667,94.617,88.412,132.556,140.95,130.52,130.405
2865.0,92.38,80.388,136.667,94.681,88.342,132.482,140.95,130.482,130.367
2865.1,92.38,80.388,136.667,94.746,88.412,132.519,140.918,130.482,130.367
2865.2,92.38,80.31,136.667,94.681,88.482,132.482,140.918,130.482,130.405
2865.3,92.38,80.388,136.702,94.681,88.412,132.593,140.886,130.52,130.367
2865.4,92.38,80.388,136.667,94.681,88.412,132.444,140.95,130.482,130.405
2865.5,92.313,80.31,136.598,94.681,88.412,132.444,140.95,130.52,130.367
2865.6,92.447,80.388,136.667,94.681,88.272,132.444,140.981,130.482,130.367
2865.7,92.38,80.388,136.736,94.681,88.201,132.444,140.981,130.482,130.367
2865.8,92.313,80.31,136.667,94.617,88.201,132.519,140.918,130.482,130.367
2865.9,92.447,80.31,136.633,94.681,88.272,132.444,140.95,130.482,130.405
2866.0,92.38,80.233,136.702,94.681,88.131,132.444,140.918,130.482,130.367
2866.1,92.38,80.233,136.633,94.746,88.412,132.444,140.95,130.482,130.405
2866.2,92.38,80.233,136.702,94.681,88.201,132.482,140.95,130.482,130.367
2866.3,92.38,80.233,136.736,94.681,88.201,132.482,140.95,130.482,130.367
2866.4,92.313,80.156,136.633,94.681,88.272,132.482,140.95,130.482,130.29
2866.5,92.38,80.233,136.633,94.617,88.131,132.519,140.918,130.52,130.367
2866.6,92.38,80.156,136.667,94.681,88.201,132.444,140.95,130.482,130.367
2866.7,92.38,80.078,136.667,94.746,88.131,132.482,140.95,130.482,130.405
2866.8,92.38,80.156,136.667,94.681,88.201,132.444,140.981,130.482,130.405
2866.9,92.513,80.078,136.667,94.681,88.201,132.482,140.95,130.444,130.328
2867.0,92.447,80.156,136.667,94.681,88.131,132.482,140.918,130.482,130.405
2867.1,92.38,80.078,136.667,94.617,88.131,132.482,140.981,130.482,130.367
2867.2,92.38,80.078,136.633,94.681,88.061,132.556,140.95,130.482,130.367
2867.3,92.313,80.078,136.702,94.746,88.061,132.444,140.981,130.482,130.405
2867.4,92.38,80.0,136.667,94.681,88.061,132.519,140.918,130.52,130.367
2867.5,92.38,80.078,136.667,94.617,88.061,132.482,140.918,130.444,130.367
2867.6,92.447,80.0,136.667,94.681,87.99,132.444,140.918,130.52,130.367
2867.7,92.313,80.078,136.598,94.681,87.99,132.444,140.981,130.482,130.367
2867.8,92.38,80.0,136.667,94.681,87.99,132.482,140.918,130.52,130.367
2867.9,92.38,80.156,136.667,94.681,87.99,132.482,140.981,130.482,130.444
2868.0,92.313,79.845,136.667,94.617,88.061,132.482,140.918,130.482,130.367
2868.1,92.38,79.923,136.667,94.681,87.92,132.519,141.013,130.52,130.444
2868.2,92.313,79.923,136.667,94.617,87.92,132.482,140.981,130.52,130.444
2868.3,92.38,80.0,136.667,94.811,87.849,132.482,140.95,130.52,130.367
2868.4,92.313,80.0,136.702,94.681,88.061,132.482,141.045,130.405,130.328
2868.5,92.313,79.923,136.667,94.617,87.92,132.556,140.95,130.482,130.405
2868.6,92.313,79.923,136.667,94.681,87.849,132.556,140.95,130.482,130.367
2868.7,92.38,79.923,136.667,94.681,87.92,132.444,140.95,130.482,130.405
2868.8,92.313,79.767,136.633,94.681,87.849,132.482,140.95,130.482,130.367
2868.9,92.313,79.845,136.702,94.552,87.778,132.482,140.918,130.482,130.367
2869.0,92.313,79.923,136.667,94.617,87.849,132.482,140.981,130.482,130.328
2869.1,92.313,79.845,136.702,94.681,87.778,132.482,140.918,130.482,130.367
2869.2,92.313,79.845,136.633,94.617,87.849,132.482,140.981,130.482,130.405
2869.3,92.246,79.845,136.702,94.681,87.778,132.444,140.95,130.482,130.367
2869.4,92.313,79.767,136.667,94.617,87.849,132.519,140.981,130.482,130.367
2869.5,92.313,79.845,136.667,94.552,87.778,132.482,140.918,130.482,130.367
2869.6,92.313,79.767,136.667,94.617,87.778,132.444,140.981,130.444,130.367
2869.7,92.313,79.767,136.356,94.617,87.708,132.482,140.95,130.444,130.328
2869.8,92.246,79.767,136.633,94.746,87.708,132.482,140.918,130.52,130.367
2869.9,92.38,79.767,136.702,94.681,87.778,132.519,140.95,130.482,130.405
2870.0,92.38,79.689,136.633,94.552,87.778,132.482,140.918,130.52,130.405
2870.1,92.313,79.767,136.667,94.552,87.637,132.519,140.918,130.482,130.367
2870.2,92.313,80.0,136.667,94.681,87.708,132.519,140.95,130.482,130.367
2870.3,92.38,79.767,136.702,94.617,87.637,132.444,140.918,130.52,130.367
2870.4,92.313,79.689,136.633,94.552,87.708,132.444,140.918,130.482,130.328
2870.5,92.313,79.689,136.702,94.617,87.637,132.482,140.95,130.482,130.405
2870.6,92.313,79.689,136.633,94.681,87.637,132.482,141.013,130.482,130.328
2870.7,92.246,79.689,136.667,94.552,87.637,132.482,140.95,130.52,130.367
2870.8,92.313,80.078,136.702,94.617,87.637,132.444,140.854,130.482,130.367
2870.9,92.246,79.611,136.598,94.617,87.708,132.407,140.95,130.482,130.328
2871.0,92.313,79.611,136.667,94.617,87.566,132.519,140.95,130.482,130.405
2871.1,92.313,79.689,136.667,94.681,87.566,132.444,140.981,130.482,130.367
2871.2,92.246,79.611,136.633,94.617,87.566,132.444,140.918,130.482,130.367
2871.3,92.313,79.611,136.633,94.552,87.495,132.519,140.918,130.482,130.367
2871.4,92.313,79.533,136.702,94.552,87.708,132.482,141.013,130.482,130.328
2871.5,92.246,79.533,136.667,94.617,87.495,132.482,140.95,130.482,130.367
2871.6,92.313,79.533,136.633,94.681,87.566,132.519,140.95,130.444,130.367
2871.7,92.313,79.377,136.667,94.617,87.566,132.444,140.981,130.482,130.367
2871.8,92.313,79.533,136.667,94.552,87.495,132.482,140.95,130.559,130.367
2871.9,92.313,79.533,136.667,94.617,87.495,132.482,140.918,130.52,130.405
2872.0,92.313,79.533,136.702,94.552,87.566,132.63,140.854,130.482,130.367
2872.1,92.38,79.533,136.667,94.617,87.495,132.482,140.981,130.444,130.328
2872.2,92.313,79.455,136.667,94.552,87.424,132.482,140.918,130.482,130.367
2872.3,92.246,79.455,136.667,94.552,87.424,132.444,140.95,130.482,130.367
2872.4,92.246,79.455,136.702,94.617,87.495,132.556,140.918,130.444,130.213
2872.5,92.246,79.377,136.667,94.552,87.424,132.444,140.95,130.482,130.367
2872.6,92.246,79.455,136.667,94.552,87.424,132.482,140.95,130.444,130.328
2872.7,92.246,79.455,136.667,94.552,87.495,132.444,140.918,130.482,130.367
2872.8,92.313,79.455,136.702,94.617,87.424,132.482,140.981,130.444,130.405
2872.9,92.246,79.455,136.667,94.617,87.353,132.519,140.95,130.52,130.405
2873.0,92.313,79.455,136.667,94.617,87.353,132.482,140.95,130.482,130.328
2873.1,92.313,79.377,136.702,94.746,87.211,132.482,140.95,130.482,130.482
2873.2,92.246,79.377,136.667,94.617,87.353,132.482,140.981,130.482,130.367
2873.3,92.246,79.377,136.667,94.681,87.282,132.482,140.918,130.482,130.367
2873.4,92.179,79.455,136.667,94.746,87.211,132.444,140.95,130.559,130.405
2873.5,92.313,79.299,136.633,94.552,87.282,132.444,140.95,130.482,130.328
2873.6,92.246,79.377,136.667,94.681,87.282,132.482,140.95,130.444,130.328
2873.7,92.246,79.299,136.702,94.552,87.282,132.482,140.95,130.482,130.328
2873.8,92.246,79.142,136.633,94.552,87.211,132.444,141.045,130.52,130.444
2873.9,92.246,79.299,136.702,94.552,87.211,132.444,140.918,130.482,130.367
2874.0,92.246,79.299,136.667,94.617,87.211,132.482,140.95,130.559,130.405
2874.1,92.179,79.221,136.702,94.617,87.211,132.444,140.918,130.52,130.29
2874.2,92.246,79.299,136.702,94.552,87.211,132.444,140.822,130.444,130.328
2874.3,92.246,79.299,136.633,94.552,87.211,132.444,140.981,130.444,130.367
2874.4,92.179,79.221,136.633,94.552,87.282,132.482,140.95,130.52,130.367
2874.5,92.179,79.142,136.667,94.552,87.14,132.556,140.95,130.482,130.328
2874.6,92.246,79.221,136.667,94.552,87.068,132.482,140.981,130.482,130.367
2874.7,92.179,79.221,136.598,94.487,87.14,132.482,140.95,130.482,130.367
2874.8,92.246,79.221,136.667,94.487,87.211,132.444,140.95,130.482,130.328
2874.9,92.246,79.142,136.667,94.552,87.068,132.482,140.95,130.444,130.367
2875.0,92.179,79.064,136.702,94.552,87.068,132.482,140.95,130.444,130.328
2875.1,92.179,79.142,136.633,94.552,87.14,132.482,141.013,130.482,130.328
2875.2,92.246,79.142,136.633,94.552,86.997,132.482,141.013,130.52,130.367
2875.3,92.246,79.142,136.702,94.487,87.068,132.519,140.95,130.482,130.328
2875.4,92.246,79.064,136.667,94.552,87.068,132.482,140.95,130.482,130.367
2875.5,92.246,79.142,136.702,94.552,87.068,132.482,140.95,130.482,130.328
2875.6,92.179,79.142,136.667,94.552,86.997,132.519,141.013,130.482,130.328
2875.7,92.112,79.064,136.667,94.552,87.14,132.482,140.95,130.482,130.367
2875.8,92.246,79.142,136.702,94.552,86.997,132.482,141.045,130.482,130.328
2875.9,92.179,79.142,136.633,94.617,86.997,132.444,141.045,130.482,130.405
2876.0,92.179,79.064,136.667,94.552,86.997,132.482,140.95,130.482,130.367
2876.1,92.179,79.142,136.667,94.617,86.997,132.482,140.981,130.444,130.367
2876.2,92.246,78.985,136.633,94.552,86.926,132.482,140.981,130.482,130.405
2876.3,92.179,79.064,136.667,94.617,86.926,132.444,140.95,130.482,130.444
2876.4,92.246,79.064,136.633,94.552,86.997,132.482,140.981,130.52,130.29
2876.5,92.179,78.985,136.667,94.552,86.926,132.482,140.95,130.482,130.328
2876.6,92.179,79.064,136.633,94.552,86.854,132.482,140.95,130.482,130.328
