710.0,90.489,87.211,139.329,89.94,94.94,135.447,143.294,126.395,126.804
710.1,90.557,87.211,139.296,89.94,94.94,135.411,143.355,126.354,126.804
710.2,90.557,87.211,139.329,89.871,95.005,135.411,143.385,126.395,126.804
710.3,90.557,87.211,139.296,89.871,95.005,135.411,143.416,126.354,126.804
710.4,90.489,87.282,139.329,89.871,94.94,135.411,143.385,126.354,126.763
710.5,90.557,87.211,139.296,90.009,94.94,135.447,143.385,126.436,126.763
710.6,90.489,87.211,139.362,89.94,94.94,135.411,143.355,126.395,126.804
710.7,90.557,87.353,139.329,89.871,94.876,135.411,143.385,126.436,126.763
710.8,90.557,87.14,139.329,89.94,95.005,135.411,143.355,126.395,126.804
710.9,90.557,87.211,139.296,89.871,94.876,135.447,143.385,126.395,126.763
711.0,90.626,87.282,139.296,89.94,94.876,135.447,143.355,126.477,126.804
711.1,90.489,87.282,139.296,89.94,94.94,135.376,143.446,126.395,126.845
711.2,90.489,87.211,139.329,89.871,94.94,135.411,143.385,126.395,126.804
711.3,90.489,87.211,139.296,89.871,94.94,135.411,143.355,126.354,126.722
711.4,90.489,87.211,139.296,89.94,94.94,135.411,143.385,126.395,126.763
711.5,90.557,87.211,139.329,89.871,94.876,135.411,143.385,126.395,126.885
711.6,90.557,87.282,139.296,89.94,94.876,135.411,143.355,126.395,126.763
711.7,90.489,87.211,139.329,89.871,94.811,135.411,143.355,126.354,126.763
711.8,90.489,87.211,139.329,90.009,94.876,135.411,143.355,126.395,126.763
711.9,90.626,87.282,139.296,89.734,94.876,135.411,143.324,126.436,126.763
712.0,90.489,87.211,139.296,89.94,94.876,135.411,143.355,126.395,126.763
712.1,90.626,87.282,139.296,89.94,94.876,135.411,143.324,126.354,126.763
712.2,90.557,87.353,139.296,89.94,94.876,135.376,143.355,126.395,126.804
712.3,90.489,87.353,139.329,89.94,94.876,135.411,143.355,126.395,126.763
712.4,90.557,87.424,139.296,89.94,94.876,135.411,143.324,126.354,126.763
712.5,90.626,87.282,139.296,89.94,94.811,135.411,143.355,126.395,126.763
712.6,90.489,87.282,139.296,89.94,94.876,135.341,143.355,126.436,126.682
712.7,90.557,87.353,139.362,89.871,94.811,135.447,143.324,126.313,126.804
712.8,90.626,87.282,139.329,89.871,95.005,135.376,143.355,126.395,126.763
712.9,90.557,87.353,139.329,89.94,94.811,135.411,143.355,126.477,126.763
713.0,90.626,87.353,139.296,89.871,94.876,135.411,143.385,126.395,126.722
713.1,90.557,87.282,139.296,89.94,94.876,135.411,143.385,126.395,126.763
713.2,90.557,87.282,139.329,89.94,94.876,135.447,143.355,126.436,126.763
713.3,90.626,87.282,139.296,90.009,94.876,135.411,143.416,126.436,126.804
713.4,90.626,87.353,139.296,89.94,94.94,135.482,143.355,126.354,126.804
713.5,90.694,87.353,139.23,89.871,94.746,135.447,143.355,126.436,126.804
713.6,90.557,87.282,139.296,90.009,94.746,135.411,143.324,126.395,126.763
713.7,90.626,87.353,139.296,89.94,94.811,135.376,143.324,126.436,126.722
713.8,90.626,87.424,139.329,89.94,94.876,135.411,143.294,126.354,126.763
713.9,90.557,87.282,139.362,89.94,94.811,135.411,143.355,126.395,126.763
714.0,90.626,87.353,139.296,89.94,94.811,135.411,143.324,126.354,126.763
714.1,90.557,87.353,139.296,89.94,94.811,135.376,143.355,126.395,126.804
714.2,90.557,87.353,139.263,89.871,94.811,135.376,143.324,126.395,126.763
714.3,90.626,87.282,139.296,89.94,94.811,135.376,143.355,126.395,126.804
714.4,90.626,87.353,139.362,89.94,94.811,135.341,143.324,126.395,126.804
714.5,90.626,87.424,139.296,90.009,94.811,135.411,143.355,126.395,126.763
714.6,90.557,87.353,139.329,89.94,94.811,135.411,143.355,126.395,126.763
714.7,90.626,87.424,139.296,89.871,94.746,135.376,143.355,126.395,126.804
714.8,90.694,87.353,139.296,89.871,94.811,135.411,143.416,126.395,126.722
714.9,90.694,87.353,139.296,90.009,94.811,135.341,143.416,126.395,126.845
715.0,90.694,87.424,139.329,89.871,94.811,135.376,143.355,126.354,126.804
715.1,90.694,87.424,139.394,89.94,94.811,135.376,143.385,126.395,126.763
715.2,90.694,87.353,139.329,89.871,94.746,135.376,143.294,126.436,126.763
715.3,90.694,87.353,139.296,89.871,94.746,135.376,143.324,126.436,126.804
715.4,90.694,87.424,139.296,89.871,94.746,135.411,143.324,126.436,126.763
715.5,90.626,87.424,139.362,89.94,94.681,135.376,143.324,126.354,126.763
715.6,90.762,87.424,139.296,89.94,94.746,135.376,143.355,126.436,126.763
715.7,90.694,87.424,139.263,90.009,94.746,135.376,143.355,126.395,126.804
715.8,90.626,87.424,139.362,89.94,94.746,135.376,143.385,126.354,126.763
715.9,90.694,87.424,139.329,89.94,94.746,135.376,143.324,126.436,126.804
716.0,90.557,87.353,139.296,90.009,94.746,135.376,143.355,126.395,126.763
716.1,90.762,87.353,139.296,89.94,94.746,135.341,143.294,126.395,126.763
716.2,90.898,87.353,139.329,89.94,94.811,135.376,143.324,126.436,126.722
716.3,90.762,87.424,139.296,89.871,94.681,135.447,143.324,126.354,126.763
716.4,90.83,87.424,139.296,89.871,94.746,135.376,143.355,126.354,126.763
716.5,90.762,87.424,139.296,89.94,94.811,135.376,143.355,126.354,126.804
716.6,90.694,87.495,139.329,89.871,94.746,135.376,143.324,126.272,126.763
716.7,90.626,87.424,139.329,89.94,94.746,135.376,143.324,126.354,126.763
716.8,90.762,87.424,139.329,89.94,94.746,135.341,143.324,126.395,126.763
716.9,90.762,87.424,139.296,89.94,94.746,135.376,143.355,126.354,126.763
717.0,90.762,87.495,139.296,89.94,94.811,135.411,143.324,126.354,126.763
717.1,90.762,87.353,139.329,89.94,94.681,135.376,143.294,126.395,126.763
717.2,90.762,87.424,139.296,89.94,94.746,135.376,143.324,126.395,126.763
717.3,90.762,87.424,139.329,89.94,94.746,135.341,143.263,126.395,126.804
717.4,90.83,87.424,139.329,89.871,94.746,135.376,143.324,126.395,126.804
717.5,90.762,87.495,139.296,89.94,94.746,135.376,143.324,126.395,126.763
717.6,90.762,87.495,139.329,89.94,94.617,135.341,143.355,126.436,126.804
717.7,90.83,87.495,139.296,89.94,94.811,135.341,143.324,126.354,126.845
717.8,90.83,87.495,139.362,90.009,94.746,135.341,143.294,126.395,126.804
717.9,90.762,87.566,139.362,89.94,94.681,135.482,143.324,126.395,126.763
718.0,90.762,87.495,139.296,89.94,94.746,135.341,143.355,126.436,126.763
718.1,90.762,87.637,139.362,89.94,94.746,135.341,143.294,126.436,126.763
718.2,90.898,87.566,139.329,89.871,94.811,135.411,143.355,126.395,126.885
718.3,90.83,87.495,139.296,89.871,94.746,135.376,143.324,126.395,126.763
718.4,90.762,87.495,139.427,89.94,94.746,135.341,143.324,126.354,126.763
718.5,90.898,87.566,139.296,89.871,94.811,135.341,143.385,126.395,126.804
718.6,90.762,87.566,139.296,89.871,94.681,135.411,143.324,126.395,126.804
718.7,90.83,87.637,139.296,89.871,94.811,135.341,143.324,126.395,126.845
718.8,90.898,87.637,139.296,89.871,94.681,135.341,143.385,126.436,126.885
718.9,90.762,87.637,139.296,89.94,94.746,135.376,143.324,126.395,126.926
719.0,90.83,87.566,139.329,89.94,94.746,135.376,143.324,126.395,126.763
719.1,90.83,87.566,139.296,90.009,94.746,135.341,143.324,126.395,126.763
719.2,90.898,87.637,139.296,89.94,94.746,135.341,143.324,126.436,126.763
719.3,90.898,87.566,139.329,89.94,94.746,135.27,143.324,126.436,126.763
719.4,90.83,87.637,139.329,90.009,94.746,135.376,143.324,126.354,126.845
719.5,90.966,87.637,139.296,89.94,94.681,135.376,143.324,126.395,126.804
719.6,90.966,87.566,139.329,89.871,94.681,135.376,143.324,126.436,126.763
719.7,90.898,87.637,139.197,89.94,94.681,135.376,143.294,126.395,126.845
719.8,91.034,87.637,139.362,89.94,94.746,135.341,143.324,126.395,126.804
719.9,90.898,87.708,139.329,89.94,94.681,135.341,143.324,126.436,126.763
720.0,90.966,87.637,139.329,89.94,94.811,135.341,143.355,126.395,126.763
720.1,90.966,87.637,139.394,89.94,94.746,135.341,143.294,126.395,126.763
720.2,90.898,87.708,139.329,89.94,94.617,135.341,143.324,126.395,126.763
720.3,90.966,87.637,139.362,89.94,94.746,135.341,143.294,126.395,126.763
720.4,90.83,87.495,139.329,89.871,94.811,135.341,143.294,126.436,126.763
720.5,90.966,87.637,139.329,89.94,94.681,135.376,143.324,126.354,126.845
720.6,90.966,87.708,139.263,89.871,94.681,135.376,143.294,126.354,126.763
720.7,90.966,87.708,139.296,89.94,94.746,135.341,143.324,126.354,126.845
720.8,90.966,87.708,139.296,89.94,94.746,135.341,143.294,126.395,126.763
720.9,91.034,87.637,139.362,89.94,94.681,135.376,143.294,126.477,126.763
721.0,91.034,87.778,139.362,89.94,94.681,135.376,143.294,126.436,126.804
721.1,90.966,87.708,139.329,90.009,94.746,135.376,143.294,126.395,126.845
721.2,90.966,87.778,139.329,89.871,94.746,135.341,143.233,126.395,126.804
721.3,91.034,87.708,139.329,90.009,94.746,135.341,143.355,126.395,126.845
721.4,91.034,87.778,139.263,89.94,94.681,135.376,143.324,126.395,126.804
721.5,90.966,87.708,139.362,90.009,94.746,135.341,143.294,126.313,126.763
721.6,91.034,87.708,139.329,89.871,94.746,135.341,143.324,126.436,126.763
721.7,91.102,87.778,139.329,90.009,94.681,135.341,143.324,126.436,126.763
721.8,91.102,87.778,139.329,90.009,94.681,135.341,143.324,126.436,126.845
721.9,91.102,87.778,139.362,89.94,94.681,135.305,143.355,126.395,126.722
722.0,90.966,87.778,139.362,89.94,94.746,135.341,143.233,126.395,126.804
722.1,91.169,87.92,139.329,90.009,94.746,135.341,143.294,126.354,126.763
722.2,91.034,87.778,139.329,89.871,94.746,135.305,143.355,126.436,126.804
722.3,91.102,87.849,139.394,89.94,94.746,135.305,143.324,126.395,126.845
722.4,91.102,87.778,139.394,89.94,94.746,135.341,143.263,126.354,126.763
722.5,91.034,87.92,139.329,89.94,94.681,135.305,143.355,126.395,126.804
722.6,91.169,87.849,139.362,89.94,94.681,135.305,143.324,126.354,126.763
722.7,91.169,87.849,139.394,90.009,94.811,135.305,143.324,126.436,126.763
722.8,91.169,87.849,139.362,90.009,94.811,135.341,143.294,126.395,126.722
722.9,91.102,87.849,139.394,90.078,94.681,135.341,143.294,126.354,126.763
723.0,91.237,87.778,139.427,89.94,94.746,135.376,143.324,126.395,126.763
723.1,91.169,87.849,139.394,89.94,94.746,135.341,143.355,126.395,126.763
723.2,91.169,88.061,139.329,90.009,94.681,135.305,143.324,126.395,126.804
723.3,91.169,87.92,139.362,90.009,94.746,135.341,143.324,126.354,126.804
723.4,91.169,87.99,139.427,89.94,94.681,135.341,143.233,126.354,126.804
723.5,91.169,87.92,139.394,90.078,94.746,135.305,143.324,126.436,126.845
723.6,91.237,87.92,139.362,90.009,94.746,135.305,143.446,126.436,126.804
723.7,91.237,87.99,139.329,90.009,94.811,135.341,143.324,126.395,126.804
723.8,91.169,87.99,139.362,90.146,94.681,135.341,143.263,126.436,126.804
723.9,91.237,87.99,139.394,90.009,94.746,135.341,143.294,126.354,126.804
724.0,91.169,87.99,139.362,90.009,94.746,135.341,143.324,126.395,126.845
724.1,91.237,87.99,139.394,90.215,94.681,135.341,143.294,126.436,126.845
724.2,91.237,87.99,139.362,90.009,94.876,135.341,143.294,126.436,126.763
724.3,91.237,87.92,139.362,90.078,94.681,135.305,143.294,126.354,126.722
724.4,91.372,87.99,139.329,90.009,94.811,135.341,143.294,126.354,126.845
724.5,91.305,87.92,139.362,90.078,94.746,135.305,143.324,126.395,126.804
724.6,91.237,87.99,139.329,90.009,94.746,135.341,143.324,126.395,126.804
724.7,91.237,87.99,139.394,90.009,94.746,135.341,143.294,126.436,126.763
724.8,91.237,87.92,139.394,90.009,94.746,135.305,143.294,126.395,126.804
724.9,91.305,88.061,139.329,90.009,94.746,135.341,143.294,126.436,126.804
725.0,91.237,87.99,139.362,90.009,94.746,135.305,143.324,126.354,126.967
725.1,91.237,88.061,139.362,90.009,94.746,135.376,143.294,126.436,126.845
725.2,91.305,88.061,139.362,90.009,94.811,135.305,143.294,126.354,126.804
725.3,91.372,88.061,139.362,90.078,94.746,135.27,143.263,126.436,126.763
725.4,91.305,88.061,139.394,90.078,94.811,135.305,143.263,126.395,126.763
725.5,91.305,88.061,139.394,90.078,94.811,135.341,143.294,126.436,126.763
725.6,91.237,88.131,139.362,90.078,94.811,135.305,143.355,126.436,126.763
725.7,91.305,88.061,139.394,90.009,94.811,135.305,143.385,126.436,126.804
725.8,91.372,88.061,139.427,90.009,94.746,135.305,143.294,126.395,126.763
725.9,91.44,88.061,139.362,90.078,94.746,135.27,143.263,126.436,126.845
726.0,91.305,88.131,139.394,90.009,94.746,135.341,143.355,126.395,126.763
726.1,91.372,88.131,139.394,90.146,94.746,135.376,143.294,126.395,126.804
726.2,91.372,88.131,139.362,90.009,94.811,135.341,143.324,126.436,126.804
726.3,91.305,88.201,139.362,90.078,94.811,135.341,143.385,126.395,126.845
726.4,91.372,88.131,139.427,90.146,94.811,135.341,143.294,126.436,126.763
726.5,91.372,88.131,139.394,90.146,94.746,135.341,143.324,126.395,126.804
726.6,91.372,88.131,139.362,89.94,94.746,135.305,143.355,126.354,126.804
726.7,91.508,88.201,139.427,90.078,94.811,135.305,143.294,126.395,126.804
726.8,91.44,88.201,139.394,90.078,94.876,135.305,143.294,126.477,126.804
726.9,91.372,88.131,139.394,90.009,94.811,135.341,143.263,126.354,126.845
727.0,91.372,88.201,139.394,90.009,94.811,135.341,143.263,126.436,126.804
727.1,91.372,88.272,139.394,90.078,94.617,135.341,143.294,126.477,126.885
727.2,91.508,88.201,139.394,90.078,94.876,135.305,143.294,126.436,126.804
727.3,91.44,88.201,139.427,90.078,94.811,135.341,143.324,126.395,126.804
727.4,91.44,88.201,139.394,90.078,94.811,135.376,143.263,126.477,126.845
727.5,91.44,88.342,139.394,90.146,94.811,135.305,143.324,126.436,126.804
727.6,91.44,88.342,139.394,90.009,94.876,135.305,143.324,126.436,126.804
727.7,91.305,88.272,139.394,90.078,94.811,135.305,143.294,126.436,126.763
727.8,91.44,88.201,139.427,90.078,94.876,135.27,143.355,126.518,126.763
727.9,91.44,88.272,139.394,90.078,94.876,135.341,143.294,126.395,126.804
728.0,91.508,88.342,139.427,90.146,94.876,135.305,143.294,126.477,126.845
728.1,91.508,88.342,139.427,90.146,94.876,135.341,143.263,126.436,126.804
728.2,91.508,88.342,139.362,90.146,94.876,135.341,143.294,126.395,126.804
728.3,91.508,88.272,139.427,90.078,94.94,135.341,143.294,126.436,126.845
728.4,91.508,88.412,139.394,90.146,94.94,135.305,143.324,126.477,126.804
728.5,91.575,88.412,139.493,90.078,94.876,135.305,143.355,126.436,126.885
728.6,91.508,88.412,139.46,90.146,94.811,135.341,143.294,126.477,126.763
728.7,91.508,88.412,139.362,90.146,94.94,135.305,143.355,126.395,126.804
728.8,91.508,88.412,139.46,90.078,94.94,135.376,143.294,126.436,126.845
728.9,91.508,88.412,139.427,90.146,94.876,135.305,143.294,126.477,126.804
729.0,91.508,88.412,139.427,90.078,94.876,135.376,143.324,126.436,126.926
729.1,91.508,88.412,139.46,90.146,95.069,135.305,143.202,126.436,126.845
729.2,91.575,88.482,139.46,90.146,94.94,135.305,143.233,126.395,126.804
729.3,91.508,88.482,139.46,90.146,94.94,135.305,143.294,126.436,126.804
729.4,91.575,88.482,139.427,90.146,94.94,135.341,143.294,126.477,126.845
729.5,91.508,88.412,139.427,90.146,94.94,135.305,143.294,126.436,126.845
729.6,91.575,88.552,139.526,90.146,95.005,135.305,143.263,126.436,126.845
729.7,91.508,88.482,139.46,90.146,95.005,135.305,143.324,126.436,126.845
729.8,91.508,88.482,139.46,90.146,94.94,135.305,143.263,126.436,126.885
729.9,91.642,88.482,139.46,90.284,95.069,135.341,143.324,126.395,126.804
730.0,91.642,88.482,139.46,90.215,94.94,135.305,143.263,126.436,126.845
730.1,91.642,88.622,139.46,90.215,95.005,135.305,143.294,126.436,126.845
730.2,91.575,88.482,139.46,90.284,95.005,135.305,143.294,126.395,126.804
730.3,91.642,88.552,139.427,90.215,95.005,135.341,143.324,126.436,126.804
730.4,91.71,88.622,139.427,90.146,95.005,135.341,143.263,126.436,126.845
730.5,91.777,88.622,139.46,90.146,95.069,135.305,143.233,126.436,126.804
730.6,91.642,88.482,139.427,90.215,95.005,135.27,143.294,126.477,126.845
730.7,91.777,88.622,139.46,90.215,95.069,135.305,143.294,126.518,126.804
730.8,91.777,88.622,139.46,90.215,95.005,135.341,143.294,126.436,126.845
730.9,91.777,88.622,139.493,90.146,95.005,135.27,143.263,126.477,126.804
731.0,91.71,88.622,139.493,90.215,95.134,135.305,143.355,126.436,126.885
731.1,91.642,88.622,139.46,90.215,95.005,135.305,143.263,126.436,126.845
731.2,91.71,88.692,139.526,90.215,95.069,135.305,143.294,126.477,126.804
731.3,91.777,88.692,139.46,90.146,95.005,135.341,143.294,126.477,126.845
731.4,91.777,88.692,139.493,90.215,95.005,135.305,143.294,126.395,126.845
731.5,91.777,88.692,139.493,90.146,95.069,135.305,143.294,126.436,126.845
731.6,91.777,88.692,139.46,90.284,95.069,135.341,143.294,126.436,126.763
731.7,91.911,88.692,139.493,90.215,95.069,135.305,143.294,126.436,126.804
731.8,91.71,88.762,139.46,90.284,95.069,135.341,143.263,126.436,126.763
731.9,91.777,88.762,139.493,90.215,95.134,135.341,143.294,126.436,126.845
732.0,91.777,88.762,139.493,90.215,95.134,135.341,143.233,126.436,126.845
732.1,91.777,88.762,139.526,90.284,95.134,135.305,143.263,126.477,126.804
732.2,91.844,88.762,139.493,90.284,95.198,135.27,143.294,126.477,126.845
732.3,91.844,88.832,139.493,90.352,95.134,135.305,143.294,126.477,126.722
732.4,91.777,88.832,139.526,90.215,95.134,135.27,143.263,126.477,126.885
732.5,91.777,88.832,139.493,90.284,95.198,135.305,143.263,126.477,126.845
732.6,91.844,88.901,139.493,90.284,95.134,135.305,143.263,126.477,126.845
732.7,91.844,88.901,139.526,90.284,95.198,135.305,143.294,126.436,126.845
732.8,91.911,88.901,139.526,90.284,95.069,135.341,143.294,126.518,126.845
732.9,91.844,88.762,139.493,90.284,95.198,135.305,143.263,126.477,126.926
733.0,91.978,88.832,139.558,90.284,95.198,135.305,143.202,126.477,126.804
733.1,91.777,88.901,139.493,90.352,95.198,135.341,143.233,126.477,126.845
733.2,91.844,88.901,139.558,90.215,95.327,135.305,143.263,126.436,126.845
733.3,91.777,88.971,139.526,90.284,95.198,135.341,143.294,126.436,126.885
733.4,91.844,88.971,139.526,90.352,95.134,135.341,143.263,126.477,126.845
733.5,91.71,88.901,139.427,90.284,95.198,135.305,143.263,126.477,126.885
733.6,91.911,89.041,139.526,90.284,95.262,135.305,143.263,126.436,126.845
733.7,91.911,88.901,139.558,90.284,95.262,135.376,143.263,126.477,126.845
733.8,91.911,88.901,139.526,90.284,95.198,135.305,143.263,126.477,126.845
733.9,91.978,88.971,139.558,90.284,95.262,135.341,143.263,126.518,126.845
734.0,91.978,88.971,139.493,90.284,95.262,135.305,143.263,126.436,126.926
734.1,91.911,88.971,139.558,90.284,95.198,135.305,143.263,126.436,126.845
734.2,92.045,89.041,139.526,90.284,95.262,135.305,143.294,126.477,126.845
734.3,92.045,88.901,139.526,90.215,95.262,135.27,143.294,126.477,126.885
734.4,91.978,89.041,139.526,90.352,95.198,135.341,143.233,126.477,126.885
734.5,91.911,89.041,139.558,90.284,95.262,135.341,143.294,126.477,126.885
734.6,91.911,89.041,139.624,90.284,95.262,135.341,143.263,126.395,126.845
734.7,91.911,89.041,139.526,90.352,95.262,135.341,143.294,126.477,126.885
734.8,92.045,89.041,139.558,90.284,95.391,135.305,143.233,126.477,126.845
734.9,91.978,89.041,139.526,90.352,95.455,135.305,143.263,126.477,126.885
735.0,91.978,89.11,139.526,90.284,95.391,135.305,143.294,126.477,126.845
735.1,91.978,89.18,139.558,90.421,95.327,135.305,143.294,126.518,126.885
735.2,91.978,89.041,139.558,90.421,95.455,135.305,143.233,126.518,126.885
735.3,92.045,89.11,139.526,90.352,95.327,135.341,143.294,126.477,126.885
735.4,92.045,89.18,139.558,90.489,95.391,135.305,143.263,126.477,126.885
735.5,92.045,89.11,139.558,90.352,95.455,135.305,143.263,126.477,126.885
735.6,92.112,89.18,139.558,90.352,95.391,135.305,143.263,126.518,126.885
735.7,91.978,89.11,139.558,90.352,95.391,135.341,143.294,126.477,126.885
735.8,91.978,89.18,139.526,90.421,95.455,135.341,143.263,126.518,126.885
735.9,92.045,89.18,139.558,90.421,95.327,135.341,143.233,126.477,126.885
736.0,92.045,89.18,139.591,90.421,95.391,135.305,143.263,126.477,126.926
736.1,92.045,89.249,139.591,90.421,95.391,135.305,143.263,126.477,126.926
736.2,92.045,89.249,139.558,90.352,95.455,135.305,143.294,126.477,126.885
736.3,92.045,89.18,139.558,90.352,95.455,135.341,143.263,126.559,126.885
736.4,92.045,89.18,139.526,90.421,95.391,135.305,143.263,126.477,126.926
736.5,92.112,89.249,139.526,90.352,95.455,135.341,143.263,126.518,126.926
736.6,92.045,89.11,139.558,90.421,95.327,135.235,143.324,126.518,127.007
736.7,92.112,89.249,139.591,90.352,95.455,135.341,143.294,126.477,126.885
736.8,92.112,89.11,139.591,90.421,95.455,135.305,143.233,126.477,126.845
736.9,92.179,89.319,139.558,90.352,95.455,135.305,143.294,126.518,126.885
737.0,92.045,89.319,139.657,90.421,95.455,135.341,143.263,126.518,126.885
737.1,92.112,89.319,139.591,90.489,95.519,135.341,143.294,126.477,126.885
737.2,92.179,89.319,139.657,90.421,95.455,135.305,143.263,126.518,126.926
737.3,92.179,89.319,139.591,90.489,95.391,135.305,143.294,126.518,126.885
737.4,92.179,89.388,139.591,90.421,95.519,135.341,143.263,126.518,126.926
737.5,92.112,89.388,139.657,90.421,95.519,135.341,143.263,126.518,126.926
737.6,92.179,89.457,139.624,90.421,95.455,135.341,143.294,126.477,126.926
737.7,92.179,89.388,139.558,90.421,95.519,135.27,143.324,126.518,126.885
737.8,92.179,89.457,139.624,90.489,95.519,135.341,143.263,126.518,126.926
737.9,92.246,89.526,139.624,90.421,95.519,135.305,143.233,126.518,126.885
738.0,92.179,89.457,139.624,90.489,95.583,135.341,143.294,126.518,126.885
738.1,92.179,89.457,139.558,90.557,95.583,135.27,143.233,126.518,126.885
738.2,92.179,89.388,139.591,90.421,95.583,135.305,143.263,126.518,127.007
738.3,92.179,89.596,139.624,90.421,95.455,135.341,143.355,126.518,126.885
738.4,92.246,89.457,139.591,90.489,95.583,135.305,143.263,126.518,126.885
738.5,92.179,89.526,139.689,90.352,95.647,135.305,143.294,126.518,126.926
738.6,92.246,89.526,139.591,90.489,95.583,135.305,143.294,126.518,126.885
738.7,92.179,89.596,139.624,90.489,95.711,135.376,143.233,126.559,126.967
738.8,92.246,89.526,139.624,90.489,95.647,135.341,143.294,126.559,126.926
738.9,92.313,89.665,139.657,90.557,95.647,135.341,143.294,126.6,126.967
739.0,92.246,89.596,139.624,90.489,95.711,135.341,143.294,126.518,126.885
739.1,92.246,89.596,139.657,90.489,95.711,135.305,143.233,126.436,126.967
739.2,92.246,89.596,139.657,90.489,95.647,135.341,143.263,126.518,126.885
739.3,92.313,89.596,139.591,90.489,95.711,135.341,143.263,126.559,126.967
739.4,92.313,89.596,139.624,90.489,95.775,135.341,143.263,126.518,127.007
739.5,92.246,89.596,139.624,90.557,95.711,135.305,143.263,126.559,126.926
739.6,92.38,89.665,139.624,90.626,95.647,135.305,143.233,126.6,127.048
739.7,92.246,89.665,139.624,90.489,95.775,135.341,143.263,126.641,126.926
739.8,92.38,89.665,139.657,90.557,95.775,135.341,143.324,126.518,126.926
739.9,92.313,89.665,139.657,90.557,95.775,135.305,143.263,126.518,126.926
740.0,92.38,89.734,139.624,90.557,95.775,135.305,143.263,126.559,127.007
740.1,92.38,89.596,139.624,90.557,95.775,135.376,143.263,126.518,126.926
740.2,92.313,89.734,139.624,90.557,95.775,135.341,143.233,126.559,127.007
740.3,92.38,89.734,139.657,90.626,95.839,135.305,143.263,126.6,126.967
740.4,92.38,89.734,139.657,90.557,95.839,135.341,143.233,126.559,126.967
740.5,92.313,89.734,139.657,90.557,95.775,135.341,143.263,126.559,127.007
740.6,92.38,89.734,139.689,90.626,95.775,135.376,143.294,126.559,126.967
740.7,92.38,89.803,139.657,90.626,95.839,135.341,143.294,126.559,126.926
740.8,92.447,89.803,139.657,90.626,95.839,135.376,143.263,126.559,126.967
740.9,92.38,89.871,139.689,90.626,95.839,135.376,143.233,126.6,127.007
741.0,92.447,89.803,139.624,90.557,95.903,135.341,143.263,126.6,126.967
741.1,92.447,89.734,139.722,90.489,95.839,135.341,143.263,126.559,126.967
741.2,92.447,89.871,139.657,90.557,95.967,135.341,143.294,126.641,127.007
741.3,92.447,89.871,139.689,90.557,95.903,135.305,143.294,126.559,126.967
741.4,92.447,89.871,139.689,90.626,95.903,135.341,143.263,126.559,127.007
741.5,92.513,89.871,139.755,90.626,95.839,135.341,143.263,126.6,126.967
741.6,92.447,89.94,139.689,90.626,96.03,135.341,143.233,126.559,126.967
741.7,92.513,89.94,139.722,90.557,95.903,135.341,143.263,126.6,126.967
741.8,92.513,90.009,139.689,90.626,95.903,135.341,143.233,126.559,126.967
741.9,92.513,89.94,139.657,90.694,95.903,135.341,143.324,126.559,126.967
742.0,92.447,89.94,139.689,90.694,95.903,135.341,143.263,126.6,127.007
742.1,92.513,89.94,139.755,90.626,95.967,135.341,143.233,126.6,126.967
742.2,92.447,90.078,139.689,90.626,95.967,135.376,143.294,126.641,126.967
742.3,92.513,90.009,139.755,90.694,96.03,135.376,143.263,126.6,126.967
742.4,92.513,90.009,139.689,90.626,96.03,135.376,143.263,126.641,126.967
742.5,92.513,90.078,139.722,90.694,96.03,135.376,143.294,126.6,127.007
742.6,92.513,90.078,139.755,90.694,95.967,135.341,143.263,126.6,127.048
742.7,92.58,90.146,139.787,90.626,96.03,135.305,143.263,126.6,127.007
742.8,92.513,90.146,139.689,90.762,96.094,135.341,143.355,126.6,127.048
742.9,92.646,90.284,139.722,90.694,95.967,135.305,143.202,126.641,127.048
743.0,92.58,90.146,139.689,90.694,96.094,135.341,143.324,126.559,127.048
743.1,92.58,90.146,139.722,90.762,96.094,135.305,143.294,126.6,127.048
743.2,92.58,90.146,139.755,90.626,96.158,135.341,143.263,126.6,126.967
743.3,92.58,90.215,139.722,90.694,96.03,135.376,143.263,126.6,127.007
743.4,92.58,90.146,139.722,90.626,96.094,135.376,143.263,126.6,127.007
743.5,92.646,90.146,139.755,90.694,96.03,135.341,143.294,126.6,127.007
743.6,92.646,90.215,139.755,90.626,96.221,135.341,143.263,126.682,127.007
743.7,92.58,90.146,139.722,90.694,96.158,135.341,143.324,126.6,127.048
743.8,92.713,90.284,139.787,90.694,96.158,135.376,143.263,126.641,127.007
743.9,92.646,90.215,139.722,90.762,96.158,135.447,143.263,126.6,127.007
744.0,92.646,90.284,139.722,90.694,96.221,135.411,143.263,126.6,127.007
744.1,92.713,90.284,139.722,90.694,96.094,135.341,143.263,126.6,127.007
744.2,92.646,90.284,139.755,90.694,96.221,135.411,143.263,126.641,127.007
744.3,92.713,90.284,139.787,90.762,96.221,135.376,143.233,126.641,127.007
744.4,92.58,90.352,139.755,90.83,96.221,135.341,143.263,126.641,127.007
744.5,92.58,90.421,139.755,90.762,96.285,135.376,143.324,126.6,127.048
744.6,92.646,90.421,139.722,90.762,96.348,135.376,143.324,126.6,127.048
744.7,92.779,90.421,139.755,90.83,96.221,135.376,143.294,126.641,127.089
744.8,92.713,90.489,139.82,90.762,96.285,135.376,143.263,126.722,127.007
744.9,92.713,90.352,139.755,90.83,96.285,135.376,143.294,126.641,127.089
745.0,92.846,90.421,139.755,90.762,96.411,135.376,143.324,126.682,127.048
745.1,92.713,90.626,139.755,90.762,96.411,135.376,143.324,126.722,127.048
745.2,92.779,90.489,139.755,90.762,96.411,135.376,143.263,126.682,127.129
745.3,92.779,90.489,139.787,90.83,96.411,135.341,143.263,126.682,127.048
745.4,92.779,90.557,139.787,90.83,96.411,135.376,143.294,126.641,127.048
745.5,92.846,90.557,139.787,90.898,96.475,135.376,143.294,126.682,127.089
745.6,92.978,90.626,139.755,90.83,96.475,135.411,143.294,126.641,127.089
745.7,92.779,90.489,139.755,90.762,96.475,135.341,143.324,126.682,127.17
745.8,92.846,90.626,139.853,90.83,96.411,135.341,143.294,126.722,127.129
745.9,92.846,90.626,139.787,90.694,96.601,135.376,143.233,126.682,127.048
746.0,92.779,90.626,139.82,90.83,96.475,135.376,143.263,126.682,127.089
746.1,92.846,90.626,139.787,90.83,96.475,135.411,143.324,126.722,127.089
746.2,92.779,90.694,139.755,90.83,96.475,135.411,143.294,126.682,127.089
746.3,92.912,90.626,139.82,90.762,96.538,135.341,143.294,126.722,127.089
746.4,92.846,90.694,139.853,90.83,96.538,135.411,143.294,126.682,127.129
746.5,92.912,90.83,139.787,90.83,96.664,135.341,143.263,126.682,127.129
746.6,92.846,90.694,139.82,90.83,96.601,135.411,143.294,126.722,127.129
746.7,92.846,90.694,139.82,90.83,96.664,135.376,143.263,126.682,127.129
746.8,92.912,90.762,139.82,90.83,96.475,135.341,143.263,126.722,127.048
746.9,92.846,90.762,139.82,90.898,96.601,135.411,143.294,126.682,127.089
747.0,92.912,90.694,139.82,90.898,96.664,135.376,143.294,126.682,127.089
747.1,92.912,90.762,139.885,90.83,96.601,135.376,143.233,126.682,127.089
747.2,92.846,90.762,139.82,90.898,96.664,135.411,143.263,126.682,127.129
747.3,92.912,90.762,139.82,90.83,96.664,135.376,143.263,126.722,127.17
747.4,92.912,90.762,139.853,90.83,96.601,135.482,143.294,126.682,127.089
747.5,92.846,90.762,139.853,90.83,96.664,135.376,143.294,126.722,127.129
747.6,92.978,90.83,139.853,90.898,96.664,135.411,143.263,126.722,127.129
747.7,92.912,90.83,139.82,90.966,96.601,135.411,143.263,126.682,127.089
747.8,92.912,90.83,139.885,90.898,96.728,135.411,143.263,126.722,127.129
747.9,92.912,90.898,139.853,90.83,96.728,135.411,143.294,126.722,127.089
748.0,92.978,90.898,139.853,90.966,96.728,135.411,143.263,126.722,127.089
748.1,92.912,90.898,139.885,90.966,96.728,135.341,143.294,126.682,127.17
748.2,92.978,90.966,139.918,90.83,96.728,135.376,143.263,126.722,127.17
748.3,92.912,90.898,139.885,90.898,96.728,135.376,143.294,126.763,127.129
748.4,92.978,90.966,139.95,90.898,96.854,135.305,143.263,126.722,127.129
748.5,92.978,90.966,139.82,90.966,96.791,135.447,143.263,126.763,127.129
748.6,92.978,90.966,139.853,90.898,96.854,135.411,143.355,126.722,127.129
748.7,93.044,91.102,139.885,90.966,96.854,135.411,143.263,126.722,127.17
748.8,93.044,91.034,139.918,90.966,96.854,135.411,143.233,126.763,127.17
748.9,92.978,91.102,139.918,90.966,96.917,135.341,143.263,126.763,127.17
749.0,93.11,91.034,139.885,90.966,96.854,135.376,143.294,126.763,127.17
749.1,93.11,90.966,139.885,90.966,96.917,135.411,143.294,126.763,127.21
749.2,93.044,91.102,139.95,90.966,96.917,135.376,143.294,126.804,127.17
749.3,92.978,91.169,139.918,90.966,96.98,135.411,143.233,126.763,127.089
749.4,92.978,91.169,139.885,91.034,96.917,135.482,143.263,126.763,127.17
749.5,93.11,91.102,139.918,90.966,96.917,135.411,143.294,126.804,127.17
749.6,93.044,91.169,139.918,90.966,96.98,135.411,143.294,126.763,127.251
749.7,92.978,91.237,139.95,91.169,96.98,135.411,143.294,126.804,127.17
749.8,93.177,91.237,139.918,91.034,97.042,135.376,143.324,126.804,127.17
749.9,93.11,91.305,139.885,91.034,97.042,135.411,143.294,126.885,127.17
750.0,93.044,91.237,139.885,90.966,97.042,135.411,143.263,126.804,127.21
750.1,93.11,91.305,139.918,90.966,97.105,135.411,143.263,126.804,127.251
750.2,93.11,91.237,139.918,90.898,97.105,135.411,143.294,126.763,127.251
750.3,93.177,91.305,139.95,90.966,97.042,135.411,143.294,126.804,127.21
750.4,93.11,91.305,139.95,91.034,97.105,135.411,143.294,126.763,127.17
750.5,93.177,91.372,139.95,91.034,97.105,135.411,143.263,126.845,127.332
750.6,93.11,91.237,139.95,91.034,97.105,135.411,143.294,126.804,127.21
750.7,93.177,91.305,139.918,90.966,97.105,135.482,143.202,126.885,127.129
750.8,93.11,91.372,140.015,90.966,97.105,135.411,143.294,126.804,127.17
750.9,93.177,91.372,139.918,91.169,97.105,135.411,143.263,126.804,127.291
751.0,93.177,91.372,139.918,91.034,97.231,135.447,143.294,126.845,127.251
751.1,93.177,91.372,139.983,91.034,97.105,135.447,143.294,126.845,127.251
751.2,93.177,91.44,139.983,91.034,97.168,135.411,143.263,126.845,127.21
751.3,93.177,91.372,139.95,91.102,97.356,135.411,143.324,126.926,127.21
751.4,93.11,91.44,139.95,91.034,97.231,135.447,143.263,126.845,127.251
751.5,93.177,91.44,139.983,91.169,97.231,135.411,143.294,126.845,127.251
751.6,93.11,91.44,139.95,91.034,97.231,135.482,143.263,126.845,127.21
751.7,93.177,91.508,139.95,91.034,97.293,135.411,143.263,126.845,127.251
751.8,93.243,91.508,140.015,91.169,97.293,135.447,143.294,126.845,127.372
751.9,93.309,91.44,140.015,91.034,97.293,135.447,143.294,126.845,127.21
752.0,93.177,91.71,139.983,91.102,97.356,135.411,143.263,126.845,127.251
752.1,93.177,91.44,139.918,91.102,97.356,135.447,143.263,126.845,127.332
752.2,93.243,91.508,140.015,91.102,97.293,135.482,143.294,126.845,127.251
752.3,93.177,91.642,139.95,91.102,97.293,135.482,143.324,126.885,127.291
752.4,93.177,91.508,139.95,91.169,97.356,135.447,143.263,126.926,127.332
752.5,93.309,91.575,139.95,91.102,97.419,135.447,143.294,126.885,127.251
752.6,93.309,91.642,139.983,91.102,97.356,135.482,143.294,126.885,127.291
752.7,93.243,91.575,139.95,91.169,97.419,135.447,143.294,126.885,127.251
752.8,93.177,91.642,140.015,91.102,97.356,135.411,143.294,126.885,127.251
752.9,93.243,91.642,140.015,91.169,97.481,135.447,143.294,126.885,127.251
753.0,93.243,91.575,139.983,91.169,97.419,135.411,143.263,126.926,127.291
753.1,93.309,91.71,139.95,91.102,97.419,135.411,143.233,126.885,127.291
753.2,93.243,91.642,140.08,91.102,97.481,135.517,143.263,126.845,127.332
753.3,93.309,91.642,139.95,91.169,97.481,135.447,143.263,126.926,127.291
753.4,93.374,91.71,139.983,91.102,97.481,135.447,143.233,126.885,127.291
753.5,93.309,91.71,140.015,91.237,97.481,135.411,143.263,126.845,127.251
753.6,93.11,91.642,139.983,91.102,97.606,135.482,143.355,126.885,127.291
753.7,93.177,91.71,139.983,91.169,97.481,135.482,143.263,126.967,127.291
753.8,93.309,91.71,140.015,91.169,97.543,135.447,143.324,126.885,127.291
753.9,93.374,91.777,140.015,91.169,97.606,135.482,143.263,126.885,127.291
754.0,93.374,91.777,139.983,91.102,97.606,135.482,143.263,126.885,127.332
754.1,93.309,91.844,139.983,91.305,97.543,135.482,143.294,126.926,127.291
754.2,93.243,91.777,140.015,91.169,97.606,135.482,143.294,126.885,127.332
754.3,93.309,91.844,140.015,91.237,97.543,135.447,143.324,126.926,127.332
754.4,93.309,91.777,140.015,91.169,97.543,135.482,143.294,126.926,127.332
754.5,93.44,91.844,140.015,91.102,97.606,135.482,143.263,126.967,127.332
754.6,93.309,91.911,140.048,91.237,97.731,135.517,143.263,126.926,127.332
754.7,93.309,91.911,139.983,91.237,97.606,135.482,143.263,126.926,127.372
754.8,93.44,91.911,140.015,91.169,97.606,135.447,143.294,126.926,127.332
754.9,93.374,91.911,140.015,91.169,97.668,135.482,143.294,126.885,127.332
755.0,93.44,91.911,140.015,91.237,97.668,135.552,143.294,126.967,127.372
755.1,93.374,91.978,140.048,91.237,97.668,135.482,143.294,126.967,127.332
755.2,93.44,92.045,140.015,91.169,97.731,135.447,143.324,126.967,127.291
755.3,93.374,91.978,140.08,91.305,97.855,135.482,143.294,127.007,127.291
755.4,93.44,91.978,140.08,91.237,97.793,135.447,143.294,126.967,127.291
755.5,93.44,91.978,140.048,91.034,97.793,135.482,143.294,126.967,127.453
755.6,93.44,92.045,140.015,91.169,97.793,135.482,143.324,126.967,127.412
755.7,93.44,91.978,140.048,91.237,97.793,135.482,143.294,126.926,127.412
755.8,93.506,92.112,140.048,91.237,97.855,135.482,143.294,126.967,127.372
755.9,93.374,92.045,140.048,91.237,97.855,135.447,143.294,126.967,127.372
756.0,93.374,92.112,140.048,91.237,97.979,135.482,143.233,126.967,127.453
756.1,93.44,92.179,140.113,91.237,97.917,135.482,143.355,126.967,127.372
756.2,93.506,92.045,140.08,91.237,97.917,135.482,143.324,126.967,127.412
756.3,93.506,92.246,140.048,91.237,97.855,135.482,143.294,126.967,127.412
756.4,93.44,92.179,140.08,91.237,97.855,135.482,143.355,127.007,127.412
756.5,93.44,92.179,140.08,91.237,97.979,135.482,143.294,127.007,127.372
756.6,93.506,92.045,140.08,91.305,97.979,135.552,143.294,127.089,127.412
756.7,93.572,92.246,140.145,91.305,97.917,135.482,143.324,126.967,127.372
756.8,93.506,92.246,140.08,91.237,97.917,135.517,143.355,127.007,127.372
756.9,93.506,92.313,140.08,91.305,98.041,135.623,143.294,127.048,127.412
757.0,93.506,92.246,140.048,91.305,97.979,135.482,143.324,127.007,127.412
757.1,93.506,92.313,140.08,91.305,97.979,135.482,143.294,127.048,127.412
757.2,93.506,92.246,140.177,91.305,98.103,135.517,143.263,127.007,127.412
757.3,93.572,92.246,140.08,91.305,98.103,135.517,143.294,127.007,127.412
757.4,93.506,92.313,140.08,91.305,97.979,135.517,143.294,127.048,127.412
757.5,93.572,92.313,140.113,91.305,98.041,135.482,143.263,127.007,127.453
757.6,93.506,92.313,140.145,91.305,98.103,135.482,143.294,127.089,127.372
757.7,93.506,92.313,140.08,91.372,98.103,135.482,143.324,127.089,127.412
757.8,93.572,92.313,140.08,91.305,98.165,135.552,143.263,127.048,127.412
757.9,93.506,92.38,140.145,91.372,98.103,135.482,143.294,127.048,127.453
758.0,93.44,92.447,140.145,91.305,98.103,135.517,143.294,127.048,127.412
758.1,93.506,92.38,140.08,91.372,98.165,135.482,143.294,127.048,127.453
758.2,93.572,92.38,140.145,91.372,98.165,135.517,143.294,127.007,127.453
758.3,93.638,92.447,140.113,91.44,98.227,135.482,143.294,127.089,127.453
758.4,93.572,92.447,140.145,91.44,98.227,135.552,143.294,127.048,127.493
758.5,93.638,92.58,140.145,91.372,98.227,135.517,143.324,127.048,127.412
758.6,93.638,92.513,140.177,91.372,98.289,135.517,143.263,127.048,127.453
758.7,93.638,92.646,140.145,91.372,98.351,135.517,143.355,127.089,127.453
758.8,93.703,92.58,140.242,91.305,98.289,135.552,143.324,127.17,127.533
758.9,93.572,92.58,140.113,91.372,98.289,135.552,143.294,127.17,127.412
759.0,93.703,92.58,140.048,91.44,98.289,135.517,143.294,127.048,127.453
759.1,93.638,92.513,140.145,91.372,98.289,135.482,143.324,127.129,127.453
759.2,93.638,92.58,140.177,91.372,98.227,135.482,143.294,127.089,127.533
759.3,93.638,92.58,140.145,91.372,98.351,135.552,143.324,127.048,127.493
759.4,93.769,92.646,140.177,91.44,98.351,135.517,143.294,127.089,127.493
759.5,93.638,92.646,140.145,91.44,98.351,135.517,143.324,127.089,127.533
759.6,93.703,92.646,140.242,91.372,98.351,135.552,143.294,127.089,127.493
759.7,93.638,92.646,140.177,91.372,98.413,135.552,143.324,127.089,127.493
759.8,93.703,92.646,140.177,91.372,98.413,135.552,143.294,127.089,127.453
759.9,93.703,92.646,140.242,91.372,98.474,135.552,143.355,127.089,127.453
760.0,93.638,92.713,140.177,91.372,98.474,135.517,143.355,127.129,127.453
760.1,93.703,92.713,140.145,91.372,98.413,135.552,143.324,127.17,127.493
760.2,93.703,92.779,140.145,91.372,98.474,135.552,143.385,127.089,127.533
760.3,93.703,92.779,140.177,91.372,98.597,135.552,143.294,127.129,127.533
760.4,93.703,92.713,140.177,91.44,98.536,135.552,143.294,127.129,127.533
760.5,93.703,92.779,140.21,91.372,98.474,135.517,143.324,127.129,127.493
760.6,93.703,92.912,140.177,91.44,98.474,135.587,143.324,127.17,127.574
760.7,93.703,92.779,140.307,91.508,98.597,135.552,143.294,127.17,127.533
760.8,93.703,92.846,140.177,91.372,98.536,135.552,143.355,127.17,127.533
760.9,93.769,92.846,140.145,91.44,98.597,135.552,143.324,127.129,127.493
761.0,93.769,92.713,140.145,91.44,98.597,135.623,143.294,127.129,127.574
761.1,93.703,92.846,140.177,91.44,98.659,135.552,143.355,127.17,127.453
761.2,93.703,92.912,140.21,91.508,98.659,135.587,143.324,127.17,127.574
761.3,93.769,92.978,140.177,91.508,98.597,135.552,143.324,127.17,127.614
761.4,93.769,92.978,140.242,91.44,98.659,135.587,143.294,127.129,127.574
761.5,93.834,92.912,140.242,91.508,98.536,135.552,143.324,127.17,127.533
761.6,93.769,92.978,140.21,91.575,98.721,135.587,143.294,127.17,127.533
761.7,93.834,92.978,140.275,91.44,98.721,135.587,143.324,127.17,127.533
761.8,93.769,93.044,140.275,91.508,98.782,135.587,143.324,127.21,127.574
761.9,93.769,93.044,140.21,91.508,98.721,135.552,143.294,127.17,127.574
762.0,93.769,93.044,140.242,91.44,98.721,135.552,143.324,127.129,127.533
762.1,93.834,93.11,140.177,91.575,98.782,135.552,143.324,127.251,127.654
762.2,93.769,93.044,140.21,91.575,98.782,135.623,143.294,127.21,127.614
762.3,93.769,93.11,140.21,91.508,98.782,135.587,143.324,127.251,127.614
762.4,93.703,93.11,140.242,91.575,98.843,135.587,143.324,127.17,127.574
762.5,93.769,93.11,140.242,91.44,98.843,135.552,143.324,127.21,127.574
762.6,93.834,93.177,140.242,91.508,98.843,135.623,143.324,127.21,127.533
762.7,93.9,93.044,140.275,91.508,98.843,135.552,143.355,127.21,127.614
762.8,93.769,93.177,140.275,91.575,98.905,135.728,143.324,127.251,127.574
762.9,93.9,93.177,140.21,91.508,98.966,135.587,143.324,127.291,127.574
763.0,93.9,93.243,140.275,91.575,98.905,135.587,143.324,127.251,127.614
763.1,93.9,93.309,140.275,91.575,98.966,135.587,143.324,127.251,127.614
763.2,93.9,93.243,140.275,91.508,98.966,135.623,143.324,127.251,127.654
763.3,93.834,93.243,140.275,91.575,98.966,135.623,143.294,127.251,127.654
763.4,93.9,93.243,140.242,91.508,99.027,135.623,143.324,127.251,127.614
763.5,93.9,93.309,140.307,91.575,99.027,135.587,143.324,127.251,127.614
763.6,93.965,93.374,140.275,91.575,98.966,135.587,143.324,127.251,127.614
763.7,93.9,93.374,140.307,91.642,99.027,135.658,143.355,127.291,127.654
763.8,93.9,93.374,140.307,91.575,99.088,135.623,143.355,127.291,127.734
763.9,93.9,93.374,140.275,91.575,99.15,135.623,143.324,127.332,127.654
764.0,93.965,93.374,140.275,91.575,99.088,135.587,143.385,127.291,127.654
764.1,93.965,93.44,140.242,91.575,99.15,135.587,143.355,127.291,127.614
764.2,93.965,93.44,140.275,91.575,99.15,135.693,143.324,127.332,127.694
764.3,93.965,93.44,140.275,91.71,99.211,135.658,143.324,127.291,127.694
764.4,93.965,93.506,140.339,91.575,99.15,135.623,143.385,127.291,127.654
764.5,93.9,93.506,140.307,91.642,99.211,135.658,143.294,127.332,127.694
764.6,94.031,93.506,140.275,91.575,99.333,135.658,143.355,127.332,127.734
764.7,93.965,93.506,140.339,91.575,99.272,135.658,143.416,127.332,127.734
764.8,93.965,93.638,140.307,91.575,99.333,135.587,143.355,127.332,127.694
764.9,93.965,93.638,140.307,91.575,99.333,135.658,143.355,127.332,127.775
765.0,94.031,93.638,140.275,91.642,99.211,135.623,143.355,127.332,127.734
765.1,93.965,93.638,140.307,91.642,99.394,135.623,143.355,127.332,127.694
765.2,94.031,93.769,140.372,91.575,99.333,135.623,143.355,127.372,127.694
765.3,93.965,93.572,140.307,91.71,99.272,135.587,143.355,127.332,127.815
765.4,94.031,93.638,140.339,91.642,99.333,135.658,143.355,127.332,127.734
765.5,94.031,93.638,140.307,91.575,99.333,135.623,143.355,127.412,127.734
765.6,94.031,93.703,140.404,91.71,99.455,135.623,143.355,127.332,127.694
765.7,94.031,93.638,140.307,91.642,99.394,135.623,143.355,127.332,127.734
765.8,94.031,93.703,140.372,91.71,99.455,135.623,143.355,127.453,127.734
765.9,94.031,93.769,140.307,91.642,99.455,135.658,143.324,127.332,127.734
766.0,94.096,93.769,140.339,91.642,99.455,135.658,143.355,127.372,127.734
766.1,94.096,93.703,140.372,91.642,99.455,135.658,143.385,127.412,127.775
766.2,94.096,93.769,140.307,91.642,99.515,135.623,143.324,127.453,127.775
766.3,94.031,93.834,140.307,91.777,99.515,135.658,143.355,127.412,127.775
766.4,94.096,93.769,140.372,91.642,99.637,135.658,143.385,127.412,127.734
766.5,94.096,93.834,140.307,91.642,99.576,135.658,143.355,127.412,127.734
766.6,94.161,93.9,140.339,91.71,99.576,135.658,143.294,127.412,127.815
766.7,94.096,93.834,140.372,91.71,99.515,135.763,143.355,127.453,127.734
766.8,94.031,93.834,140.307,91.642,99.637,135.658,143.355,127.372,127.775
766.9,94.161,93.769,140.372,91.71,99.576,135.658,143.324,127.453,127.775
767.0,94.096,93.9,140.339,91.71,99.698,135.658,143.355,127.372,127.775
767.1,94.161,93.9,140.372,91.777,99.637,135.658,143.385,127.493,127.775
767.2,94.161,93.965,140.339,91.71,99.698,135.658,143.294,127.493,127.815
767.3,94.096,93.965,140.404,91.71,99.698,135.693,143.355,127.372,127.775
767.4,94.161,93.9,140.372,91.71,99.698,135.693,143.355,127.412,127.815
767.5,94.161,93.965,140.372,91.642,99.698,135.658,143.355,127.453,127.855
767.6,94.161,94.031,140.372,91.71,99.698,135.658,143.385,127.453,127.775
767.7,94.161,93.965,140.372,91.777,99.758,135.693,143.355,127.493,127.815
767.8,94.161,93.965,140.436,91.642,99.819,135.693,143.355,127.372,127.815
767.9,94.161,94.096,140.404,91.777,99.758,135.693,143.355,127.493,127.734
768.0,94.161,94.031,140.372,91.777,99.698,135.693,143.324,127.533,127.855
768.1,94.161,94.096,140.404,91.844,99.88,135.693,143.355,127.493,127.855
768.2,94.161,94.096,140.404,91.71,99.94,135.693,143.355,127.453,127.855
768.3,94.226,94.096,140.372,91.642,99.94,135.693,143.385,127.533,127.855
768.4,94.292,94.161,140.372,91.777,99.94,135.693,143.355,127.533,127.895
768.5,94.226,94.226,140.436,91.71,99.94,135.693,143.385,127.493,127.895
768.6,94.226,94.226,140.404,91.777,99.94,135.763,143.355,127.493,127.855
768.7,94.096,94.161,140.436,91.71,99.88,135.693,143.385,127.493,127.975
768.8,94.226,94.292,140.436,91.844,99.94,135.693,143.355,127.493,127.895
768.9,94.226,94.226,140.468,91.777,99.94,135.693,143.416,127.533,127.975
769.0,94.226,94.292,140.436,91.777,100.0,135.728,143.416,127.533,127.895
769.1,94.226,94.422,140.468,91.777,100.0,135.728,143.385,127.574,127.895
769.2,94.292,94.292,140.468,91.71,100.121,135.728,143.324,127.574,127.895
769.3,94.292,94.357,140.436,91.777,100.061,135.728,143.355,127.574,127.895
769.4,94.226,94.292,140.404,91.844,100.121,135.728,143.355,127.574,127.895
769.5,94.422,94.357,140.404,91.844,100.121,135.728,143.385,127.533,127.895
769.6,94.292,94.357,140.436,91.777,100.121,135.728,143.385,127.533,127.935
769.7,94.292,94.357,140.468,91.911,100.121,135.693,143.416,127.574,127.935
769.8,94.226,94.422,140.404,91.844,100.182,135.693,143.355,127.614,127.935
769.9,94.357,94.487,140.436,91.844,100.182,135.728,143.385,127.614,127.975
770.0,94.292,94.422,140.468,91.777,100.182,135.728,143.355,127.614,127.935
770.1,94.357,94.552,140.372,91.844,100.182,135.728,143.385,127.574,127.895
770.2,94.292,94.487,140.436,91.844,100.242,135.798,143.385,127.574,127.935
770.3,94.292,94.487,140.501,91.844,100.182,135.728,143.385,127.574,127.935
770.4,94.357,94.487,140.468,91.911,100.182,135.728,143.355,127.574,127.935
770.5,94.292,94.552,140.468,91.844,100.302,135.728,143.355,127.574,128.015
770.6,94.292,94.487,140.468,91.978,100.182,135.728,143.355,127.574,127.975
770.7,94.487,94.617,140.468,91.844,100.242,135.728,143.385,127.574,127.935
770.8,94.357,94.681,140.501,91.844,100.302,135.763,143.385,127.574,127.975
770.9,94.487,94.552,140.468,91.844,100.422,135.763,143.385,127.614,127.975
771.0,94.422,94.552,140.468,91.911,100.362,135.728,143.385,127.614,128.015
771.1,94.422,94.617,140.468,92.045,100.362,135.763,143.385,127.654,127.935
771.2,94.357,94.681,140.501,91.844,100.422,135.763,143.416,127.614,128.055
771.3,94.357,94.746,140.468,91.911,100.422,135.763,143.385,127.654,128.055
771.4,94.422,94.681,140.501,91.911,100.482,135.763,143.416,127.654,127.975
771.5,94.422,94.681,140.501,91.911,100.422,135.763,143.385,127.654,127.975
771.6,94.422,94.811,140.533,91.911,100.482,135.798,143.355,127.654,127.975
771.7,94.357,94.811,140.468,91.978,100.482,135.798,143.385,127.654,128.015
771.8,94.422,94.876,140.468,91.911,100.482,135.763,143.416,127.694,128.055
771.9,94.422,94.811,140.501,91.911,100.482,135.763,143.355,127.694,128.055
772.0,94.357,94.876,140.533,91.911,100.542,135.763,143.416,127.654,128.095
772.1,94.422,94.746,140.533,91.911,100.662,135.798,143.416,127.614,128.055
772.2,94.422,94.876,140.533,91.911,100.662,135.763,143.416,127.694,128.055
772.3,94.487,94.876,140.565,91.978,100.602,135.833,143.416,127.694,128.055
772.4,94.487,95.005,140.565,91.911,100.662,135.798,143.324,127.734,128.055
772.5,94.422,94.876,140.501,91.978,100.662,135.763,143.416,127.734,128.055
772.6,94.487,94.94,140.501,91.911,100.602,135.798,143.385,127.654,128.015
772.7,94.357,94.94,140.597,91.978,100.722,135.798,143.416,127.734,128.135
772.8,94.487,94.94,140.565,91.978,100.782,135.763,143.385,127.734,128.055
772.9,94.487,95.005,140.533,91.978,100.782,135.798,143.446,127.694,128.095
773.0,94.487,95.069,140.597,92.045,100.722,135.833,143.477,127.775,128.095
773.1,94.487,95.069,140.533,91.978,100.782,135.833,143.385,127.775,128.135
773.2,94.552,95.005,140.565,91.978,100.782,135.798,143.446,127.734,128.095
773.3,94.487,95.005,140.597,91.978,100.842,135.798,143.416,127.815,128.095
773.4,94.617,95.134,140.597,92.045,100.902,135.903,143.416,127.775,128.095
773.5,94.552,95.069,140.565,92.045,100.902,135.833,143.385,127.775,128.095
773.6,94.552,95.134,140.565,92.045,100.961,135.833,143.416,127.815,128.055
773.7,94.422,95.134,140.597,92.045,100.902,135.833,143.416,127.815,128.175
773.8,94.552,95.262,140.565,91.911,100.961,135.833,143.416,127.775,128.135
773.9,94.552,95.327,140.565,91.978,100.961,135.868,143.385,127.775,128.135
774.0,94.617,95.134,140.629,91.978,100.961,135.798,143.446,127.775,128.175
774.1,94.552,95.262,140.533,91.911,101.021,135.868,143.385,127.815,128.135
774.2,94.552,95.198,140.597,92.045,101.08,135.798,143.477,127.775,128.175
774.3,94.487,95.262,140.597,91.978,101.08,135.833,143.416,127.855,128.135
774.4,94.552,95.198,140.565,92.045,101.021,135.868,143.416,127.895,128.175
774.5,94.552,95.327,140.597,92.045,101.08,135.903,143.416,127.855,128.214
774.6,94.617,95.327,140.629,92.045,101.2,135.833,143.416,127.855,128.135
774.7,94.487,95.327,140.597,92.045,101.021,135.833,143.385,127.815,128.135
774.8,94.617,95.391,140.629,92.045,101.08,135.868,143.416,127.855,128.214
774.9,94.681,95.327,140.565,91.978,101.14,135.903,143.446,127.935,128.214
775.0,94.681,95.327,140.629,92.045,101.14,135.833,143.446,127.815,128.214
775.1,94.552,95.391,140.597,92.112,101.14,135.833,143.416,127.855,128.175
775.2,94.617,95.455,140.725,91.978,101.08,135.868,143.477,127.855,128.175
775.3,94.552,95.519,140.565,92.112,101.14,135.868,143.416,127.895,128.214
775.4,94.681,95.455,140.629,92.045,101.259,135.868,143.416,127.855,128.214
775.5,94.617,95.455,140.629,92.112,101.2,135.833,143.416,127.895,128.214
775.6,94.617,95.455,140.597,92.045,101.2,135.903,143.446,127.815,128.214
775.7,94.681,95.455,140.597,92.045,101.259,135.868,143.416,127.855,128.175
775.8,94.681,95.519,140.661,92.112,101.318,135.868,143.446,127.895,128.294
775.9,94.617,95.455,140.597,92.179,101.259,135.868,143.416,127.935,128.214
776.0,94.617,95.583,140.629,92.045,101.378,135.868,143.416,127.895,128.214
776.1,94.681,95.519,140.661,92.045,101.378,135.938,143.355,127.855,128.214
776.2,94.681,95.583,140.597,92.045,101.318,135.868,143.446,127.935,128.294
776.3,94.617,95.647,140.629,92.112,101.378,135.868,143.416,127.895,128.214
776.4,94.681,95.583,140.597,92.112,101.378,135.903,143.385,127.895,128.254
776.5,94.681,95.647,140.661,92.246,101.378,135.868,143.416,127.935,128.294
776.6,94.681,95.647,140.661,92.112,101.496,135.833,143.446,127.895,128.254
776.7,94.746,95.647,140.661,92.112,101.437,135.903,143.355,127.935,128.254
776.8,94.681,95.647,140.629,92.179,101.437,135.903,143.416,127.895,128.214
776.9,94.681,95.647,140.661,92.179,101.437,135.868,143.416,127.935,128.254
777.0,94.681,95.711,140.629,92.112,101.496,135.868,143.385,128.055,128.254
777.1,94.681,95.711,140.597,92.112,101.496,135.868,143.446,127.935,128.254
777.2,94.746,95.711,140.693,92.112,101.556,135.903,143.416,127.935,128.334
777.3,94.746,95.711,140.661,92.112,101.556,135.903,143.477,127.975,128.294
777.4,94.746,95.711,140.693,92.112,101.496,135.938,143.446,127.975,128.254
777.5,94.746,95.775,140.661,92.179,101.556,135.938,143.446,127.975,128.413
777.6,94.746,95.839,140.693,92.112,101.674,135.938,143.416,128.055,128.334
777.7,94.746,95.775,140.661,92.246,101.615,135.903,143.416,127.975,128.334
777.8,94.681,95.839,140.693,92.112,101.615,135.938,143.477,127.975,128.334
777.9,94.681,95.903,140.725,92.179,101.733,135.903,143.416,127.975,128.294
778.0,94.811,95.967,140.758,92.246,101.733,135.973,143.446,128.055,128.374
778.1,94.811,95.903,140.693,92.112,101.733,135.938,143.446,127.975,128.334
778.2,94.811,95.903,140.725,92.179,101.733,135.938,143.446,128.095,128.334
778.3,94.811,95.967,140.693,92.179,101.733,136.008,143.416,127.895,128.413
778.4,94.746,95.967,140.79,92.179,101.733,135.938,143.446,128.015,128.334
778.5,94.811,95.903,140.725,92.179,101.851,135.903,143.477,127.975,128.334
778.6,94.811,96.03,140.758,92.179,101.792,135.973,143.477,128.055,128.334
778.7,94.746,96.03,140.661,92.112,101.792,135.973,143.446,128.055,128.214
778.8,94.811,96.03,140.693,92.179,101.792,135.973,143.477,128.015,128.374
778.9,94.811,96.094,140.725,92.179,101.851,135.973,143.416,128.055,128.294
779.0,94.811,96.094,140.725,92.112,101.851,135.973,143.507,128.055,128.374
779.1,94.811,96.158,140.693,92.313,101.91,135.973,143.477,128.055,128.374
779.2,94.811,96.094,140.693,92.246,101.91,136.008,143.477,128.095,128.413
779.3,94.876,96.094,140.725,92.246,101.969,136.008,143.446,128.135,128.413
779.4,94.876,96.094,140.725,92.246,101.91,135.938,143.446,128.095,128.413
779.5,94.811,96.094,140.725,92.179,102.028,136.008,143.416,128.095,128.413
779.6,94.876,96.158,140.725,92.179,101.969,135.938,143.416,128.055,128.413
779.7,94.876,96.158,140.79,92.313,101.792,135.973,143.477,128.095,128.413
779.8,94.876,96.285,140.758,92.246,101.969,136.008,143.446,128.095,128.493
779.9,94.876,96.221,140.758,92.246,102.028,135.973,143.477,128.095,128.413
780.0,94.811,96.221,140.725,92.179,102.028,136.008,143.446,128.135,128.453
780.1,94.811,96.285,140.693,92.246,102.086,136.043,143.446,128.095,128.413
780.2,94.94,96.348,140.725,92.313,102.086,136.008,143.477,128.095,128.532
780.3,94.811,96.285,140.725,92.246,102.086,135.973,143.477,128.095,128.413
780.4,94.811,96.348,140.822,92.313,102.204,136.008,143.477,128.135,128.453
780.5,94.811,96.411,140.79,92.246,102.086,135.973,143.446,128.214,128.493
780.6,94.876,96.411,140.79,92.246,102.145,136.008,143.416,128.214,128.453
780.7,95.005,96.348,140.758,92.313,102.145,136.008,143.477,128.175,128.453
780.8,95.005,96.348,140.758,92.246,102.204,136.008,143.477,128.095,128.493
780.9,94.876,96.475,140.725,92.246,102.204,135.938,143.477,128.135,128.532
781.0,94.94,96.411,140.758,92.313,102.321,136.043,143.446,128.135,128.532
781.1,94.94,96.475,140.79,92.313,102.321,136.008,143.446,128.135,128.493
781.2,94.876,96.475,140.758,92.179,102.262,136.043,143.507,128.095,128.532
781.3,94.94,96.538,140.79,92.38,102.321,136.043,143.416,128.175,128.493
781.4,94.94,96.538,140.854,92.313,102.38,136.043,143.477,128.214,128.493
781.5,95.005,96.601,140.79,92.313,102.38,136.008,143.538,128.214,128.532
781.6,94.94,96.538,140.79,92.38,102.38,136.147,143.477,128.214,128.532
781.7,94.94,96.601,140.822,92.246,102.38,136.008,143.507,128.214,128.493
781.8,95.005,96.601,140.79,92.447,102.38,136.043,143.507,128.214,128.532
781.9,94.94,96.601,140.79,92.38,102.438,136.008,143.507,128.214,128.572
782.0,94.94,96.664,140.79,92.313,102.438,136.043,143.446,128.254,128.572
782.1,94.94,96.664,140.822,92.313,102.555,136.008,143.477,128.254,128.612
782.2,95.005,96.601,140.822,92.38,102.497,136.112,143.507,128.214,128.532
782.3,94.94,96.601,140.725,92.313,102.497,136.008,143.477,128.254,128.532
782.4,95.005,96.664,140.822,92.38,102.497,136.008,143.446,128.214,128.572
782.5,95.005,96.728,140.822,92.38,102.497,136.043,143.477,128.254,128.572
782.6,95.005,96.664,140.822,92.447,102.555,136.078,143.538,128.254,128.612
782.7,95.005,96.791,140.758,92.38,102.555,136.078,143.477,128.294,128.572
782.8,95.069,96.791,140.822,92.447,102.555,136.043,143.477,128.254,128.612
782.9,95.069,96.791,140.822,92.38,102.613,136.043,143.568,128.294,128.572
783.0,95.198,96.854,140.79,92.38,102.613,136.078,143.507,128.254,128.612
783.1,95.069,96.917,140.854,92.38,102.672,136.078,143.477,128.334,128.572
783.2,95.134,96.917,140.854,92.38,102.613,136.078,143.477,128.254,128.612
783.3,95.069,96.917,140.854,92.447,102.788,136.043,143.507,128.294,128.612
783.4,95.069,96.854,140.854,92.38,102.73,136.078,143.477,128.294,128.612
783.5,95.134,96.854,140.854,92.38,102.672,136.043,143.538,128.254,128.612
783.6,95.005,96.917,140.854,92.447,102.73,136.043,143.507,128.294,128.651
783.7,95.069,96.917,140.822,92.38,102.788,136.112,143.538,128.334,128.651
783.8,95.005,96.98,140.854,92.38,102.73,136.078,143.538,128.294,128.691
783.9,95.069,96.917,140.886,92.38,102.846,136.078,143.507,128.374,128.651
784.0,95.069,96.98,140.918,92.447,102.788,136.078,143.477,128.294,128.612
784.1,95.134,96.98,140.854,92.447,102.846,136.078,143.507,128.334,128.612
784.2,95.069,96.98,140.854,92.447,102.73,136.078,143.507,128.374,128.651
784.3,95.069,97.042,140.854,92.447,102.846,136.112,143.477,128.334,128.691
784.4,95.069,97.042,140.854,92.447,102.904,136.112,143.477,128.413,128.651
784.5,95.134,97.042,140.886,92.447,103.021,136.112,143.507,128.374,128.73
784.6,95.134,97.105,140.854,92.513,102.963,136.147,143.507,128.413,128.572
784.7,95.069,97.231,140.854,92.513,102.963,136.112,143.507,128.413,128.691
784.8,95.134,97.105,140.886,92.447,103.021,136.112,143.477,128.374,128.691
784.9,95.198,97.231,140.918,92.447,103.079,136.112,143.507,128.374,128.73
785.0,95.134,97.231,140.854,92.447,103.021,136.182,143.507,128.413,128.73
785.1,95.134,97.231,140.918,92.38,103.079,136.147,143.507,128.413,128.73
785.2,95.198,97.168,140.854,92.447,103.021,136.008,143.568,128.374,128.73
785.3,95.005,97.231,140.918,92.58,103.021,136.217,143.538,128.453,128.691
785.4,95.134,97.231,140.854,92.447,103.137,136.112,143.538,128.453,128.691
785.5,95.134,97.293,140.886,92.447,103.195,136.182,143.507,128.374,128.73
785.6,95.134,97.293,140.886,92.447,103.137,136.112,143.538,128.453,128.73
785.7,95.134,97.293,140.822,92.513,103.195,136.182,143.538,128.413,128.73
785.8,95.134,97.293,140.918,92.513,102.788,136.182,143.477,128.572,128.77
785.9,95.262,97.293,140.918,92.513,103.252,136.182,143.507,128.453,128.73
786.0,95.262,97.356,140.886,92.513,103.195,136.112,143.538,128.493,128.77
786.1,95.198,97.356,140.886,92.513,103.195,136.078,143.538,128.453,128.849
786.2,95.198,97.481,140.95,92.513,103.252,136.147,143.507,128.453,128.77
786.3,95.198,97.481,140.918,92.513,103.31,136.217,143.507,128.493,128.77
786.4,95.198,97.419,140.918,92.58,103.31,136.147,143.507,128.493,128.809
786.5,95.198,97.481,140.886,92.58,103.31,136.182,143.507,128.453,128.809
786.6,95.134,97.419,140.918,92.513,103.252,136.182,143.538,128.493,128.849
786.7,95.262,97.481,140.918,92.447,103.31,136.147,143.507,128.453,128.77
786.8,95.262,97.481,140.918,92.513,103.31,136.147,143.507,128.493,128.809
786.9,95.198,97.481,140.918,92.513,103.426,136.182,143.507,128.493,128.849
787.0,95.198,97.543,140.918,92.513,103.368,136.182,143.507,128.532,128.849
787.1,95.262,97.481,140.918,92.513,103.541,136.182,143.538,128.493,128.77
787.2,95.391,97.606,140.981,92.58,103.483,136.286,143.538,128.493,128.888
787.3,95.198,97.543,140.918,92.513,103.368,136.217,143.538,128.532,128.849
787.4,95.262,97.481,140.95,92.58,103.426,136.217,143.568,128.532,128.849
787.5,95.262,97.668,140.918,92.447,103.483,136.182,143.507,128.493,128.849
787.6,95.198,97.543,140.918,92.58,103.483,136.182,143.538,128.493,128.849
787.7,95.198,97.481,140.95,92.58,103.483,136.217,143.568,128.532,128.849
787.8,95.262,97.606,140.981,92.513,103.599,136.217,143.507,128.532,128.849
787.9,95.198,97.668,140.95,92.58,103.541,136.217,143.538,128.532,128.888
788.0,95.262,97.855,140.981,92.646,103.599,136.217,143.538,128.532,128.849
788.1,95.262,97.668,140.95,92.513,103.599,136.217,143.599,128.572,128.927
788.2,95.262,97.731,140.95,92.58,103.656,136.321,143.538,128.572,128.888
788.3,95.262,97.731,140.981,92.58,103.599,136.182,143.538,128.572,128.888
788.4,95.327,97.793,140.95,92.646,103.656,136.217,143.538,128.612,128.888
788.5,95.327,97.793,140.981,92.58,103.599,136.217,143.568,128.532,128.888
788.6,95.198,97.731,140.95,92.58,103.656,136.252,143.568,128.532,128.888
788.7,95.327,97.793,140.95,92.58,103.714,136.252,143.568,128.572,128.888
788.8,95.391,97.793,140.981,92.58,103.714,136.252,143.568,128.612,128.888
788.9,95.327,97.793,140.981,92.513,103.829,136.252,143.507,128.572,128.967
789.0,95.262,97.855,140.981,92.646,103.714,136.252,143.538,128.612,128.927
789.1,95.327,97.917,141.013,92.58,103.771,136.252,143.507,128.612,128.927
789.2,95.327,97.917,140.981,92.58,103.829,136.252,143.568,128.651,128.967
789.3,95.327,97.855,140.981,92.779,103.886,136.252,143.599,128.612,128.967
789.4,95.391,97.979,140.981,92.646,103.829,136.252,143.568,128.691,128.927
789.5,95.391,98.041,140.981,92.646,103.943,136.252,143.568,128.612,129.006
789.6,95.327,97.979,141.013,92.58,103.943,136.252,143.599,128.691,128.967
789.7,95.391,97.979,141.077,92.58,103.943,136.252,143.538,128.612,128.967
789.8,95.327,98.041,141.013,92.646,103.943,136.252,143.538,128.691,128.967
789.9,95.391,98.103,140.981,92.646,103.886,136.252,143.446,128.651,128.967
790.0,95.391,98.041,141.013,92.646,104.0,136.252,143.538,128.691,128.967
790.1,95.327,98.103,140.981,92.646,103.886,136.252,143.568,128.691,129.006
790.2,95.391,98.103,141.045,92.58,104.0,136.321,143.599,128.691,129.006
790.3,95.455,98.165,141.013,92.646,104.0,136.286,143.568,128.691,129.006
790.4,95.391,98.165,141.013,92.646,104.0,136.286,143.568,128.691,129.006
790.5,95.391,98.103,141.045,92.646,104.058,136.252,143.599,128.691,128.967
790.6,95.455,98.165,141.045,92.646,104.058,136.252,143.599,128.691,128.967
790.7,95.519,98.103,141.077,92.646,104.058,136.321,143.538,128.691,129.006
790.8,95.391,98.165,141.045,92.713,104.058,136.217,143.568,128.691,129.045
790.9,95.391,98.227,141.013,92.713,104.115,136.286,143.538,128.73,129.045
791.0,95.455,98.227,141.045,92.713,104.172,136.286,143.538,128.73,129.006
791.1,95.455,98.227,141.045,92.646,104.115,136.286,143.599,128.73,129.045
791.2,95.519,98.165,141.045,92.646,104.115,136.286,143.599,128.73,129.085
791.3,95.455,98.227,141.077,92.646,104.172,136.286,143.599,128.77,129.045
791.4,95.455,98.227,141.013,92.713,104.172,136.321,143.568,128.73,129.045
791.5,95.455,98.289,141.045,92.713,104.229,136.286,143.538,128.77,129.045
791.6,95.455,98.351,141.045,92.646,104.229,136.321,143.568,128.77,129.085
791.7,95.455,98.351,141.013,92.646,104.229,136.286,143.659,128.77,129.124
791.8,95.455,98.351,141.045,92.646,104.286,136.286,143.599,128.73,129.045
791.9,95.455,98.413,141.013,92.713,104.343,136.321,143.599,128.77,129.085
792.0,95.519,98.413,141.077,92.713,104.343,136.321,143.568,128.809,129.163
792.1,95.519,98.351,141.045,92.713,104.4,136.321,143.599,128.77,129.085
792.2,95.519,98.351,141.109,92.58,104.4,136.321,143.538,128.77,129.085
792.3,95.455,98.536,141.077,92.713,104.343,136.321,143.599,128.77,129.085
792.4,95.455,98.536,141.077,92.779,104.4,136.321,143.599,128.849,129.124
792.5,95.519,98.474,141.045,92.779,104.514,136.356,143.599,128.77,129.124
792.6,95.455,98.536,141.045,92.779,104.571,136.356,143.568,128.849,129.202
792.7,95.583,98.597,141.077,92.713,104.514,136.356,143.599,128.77,129.124
792.8,95.519,98.597,141.077,92.713,104.457,136.321,143.599,128.849,129.163
792.9,95.519,98.597,141.077,92.713,104.457,136.39,143.599,128.849,129.124
793.0,95.519,98.597,141.077,92.713,104.457,136.356,143.568,128.849,129.163
793.1,95.519,98.597,141.077,92.779,104.571,136.356,143.568,128.888,129.163
793.2,95.583,98.536,141.141,92.779,104.628,136.356,143.599,128.849,129.163
793.3,95.519,98.659,141.045,92.713,104.628,136.46,143.629,128.849,129.202
793.4,95.583,98.597,141.077,92.713,104.571,136.425,143.568,128.927,129.163
793.5,95.583,98.659,141.109,92.779,104.628,136.39,143.568,128.927,129.241
793.6,95.583,98.721,141.045,92.846,104.628,136.356,143.568,128.849,129.163
793.7,95.583,98.782,141.077,92.513,104.628,136.356,143.629,128.849,129.202
793.8,95.583,98.782,141.109,92.779,104.628,136.321,143.568,128.888,129.202
793.9,95.583,98.721,141.109,92.713,104.741,136.356,143.599,128.888,129.163
794.0,95.647,98.721,141.045,92.779,104.684,136.39,143.599,129.006,129.202
794.1,95.647,98.782,141.077,92.779,104.741,136.425,143.568,128.888,129.202
794.2,95.583,98.782,141.077,92.779,104.684,136.356,143.599,128.967,129.202
794.3,95.583,98.782,141.109,92.779,104.741,136.39,143.599,128.927,129.241
794.4,95.583,98.782,141.109,92.846,104.798,136.46,143.599,128.927,129.359
794.5,95.583,98.843,141.013,92.779,104.798,136.46,143.568,128.927,129.241
794.6,95.647,98.843,141.141,92.912,104.798,136.39,143.599,128.888,129.241
794.7,95.647,98.905,141.109,92.846,104.798,136.425,143.659,128.927,129.241
794.8,95.711,98.905,141.141,92.846,104.854,136.494,143.599,128.967,129.281
794.9,95.647,98.905,141.141,92.846,104.911,136.425,143.599,128.927,129.281
795.0,95.647,98.905,141.109,92.846,104.911,136.39,143.69,128.967,129.281
795.1,95.647,98.966,141.141,92.846,104.967,136.39,143.568,128.967,129.241
795.2,95.647,99.027,141.173,92.846,104.967,136.39,143.599,129.006,129.32
795.3,95.711,99.027,141.141,92.912,105.024,136.46,143.629,128.967,129.359
795.4,95.647,99.027,141.141,92.846,105.024,136.425,143.69,128.927,129.281
795.5,95.519,99.027,141.141,92.846,105.08,136.425,143.629,129.006,129.32
795.6,95.647,99.027,141.141,92.846,105.08,136.425,143.629,129.006,129.281
795.7,95.711,99.088,141.109,92.846,105.024,136.425,143.599,129.006,129.32
795.8,95.711,99.088,141.141,92.912,105.08,136.425,143.599,129.006,129.32
795.9,95.775,99.088,141.173,92.846,105.08,136.46,143.629,129.006,129.241
796.0,95.711,99.088,141.109,92.846,105.024,136.46,143.599,129.045,129.32
796.1,95.711,99.088,141.204,92.846,105.193,136.425,143.72,129.045,129.359
796.2,95.775,99.15,141.173,92.912,105.249,136.46,143.629,129.006,129.32
796.3,95.711,99.272,141.204,92.912,105.137,136.494,143.599,129.085,129.359
796.4,95.711,99.15,141.173,92.846,105.193,136.425,143.599,128.967,129.398
796.5,95.711,99.211,141.173,92.912,105.137,136.46,143.599,129.085,129.32
796.6,95.839,99.15,141.173,92.846,105.249,136.46,143.629,129.045,129.359
796.7,95.711,99.211,141.045,92.846,105.193,136.494,143.659,129.045,129.359
796.8,95.775,99.211,141.204,92.978,105.306,136.46,143.659,129.045,129.398
796.9,95.775,99.272,141.204,92.912,105.362,136.46,143.659,129.202,129.359
797.0,95.775,99.272,141.173,92.846,105.193,136.46,143.629,129.124,129.398
797.1,95.775,99.272,141.173,92.912,105.306,136.46,143.69,129.045,129.437
797.2,95.775,99.394,141.173,92.912,105.249,136.46,143.659,129.085,129.359
797.3,95.711,99.394,141.173,92.912,105.306,136.46,143.629,129.045,129.398
797.4,95.775,99.394,141.204,92.912,105.418,136.529,143.629,129.085,129.437
797.5,95.775,99.394,141.236,92.912,105.362,136.494,143.69,129.085,129.437
797.6,95.775,99.394,141.173,92.978,105.306,136.494,143.599,129.045,129.398
797.7,95.775,99.333,141.204,92.978,105.362,136.494,143.659,129.124,129.281
797.8,95.711,99.394,141.109,92.779,105.418,136.529,143.629,129.045,129.398
797.9,95.775,99.394,141.173,92.912,105.418,136.529,143.659,129.163,129.398
798.0,95.839,99.455,141.204,92.912,105.474,136.494,143.629,129.124,129.398
798.1,95.775,99.515,141.173,92.912,105.53,136.529,143.599,129.163,129.437
798.2,95.775,99.455,141.236,92.978,105.474,136.425,143.659,129.124,129.437
798.3,95.903,99.515,141.204,92.912,105.474,136.529,143.659,129.124,129.437
798.4,95.839,99.515,141.173,92.978,105.53,136.529,143.599,129.163,129.437
798.5,95.775,99.515,141.204,93.044,105.586,136.529,143.659,129.202,129.437
798.6,95.839,99.576,141.236,92.978,105.53,136.494,143.69,129.163,129.437
798.7,95.839,99.515,141.204,93.044,105.586,136.529,143.629,129.163,129.476
798.8,95.775,99.698,141.204,93.044,105.642,136.529,143.599,129.202,129.476
798.9,95.903,99.637,141.236,92.912,105.698,136.494,143.659,129.241,129.437
799.0,95.775,99.637,141.3,92.912,105.698,136.564,143.659,129.202,129.476
799.1,95.967,99.698,141.236,92.978,105.698,136.564,143.599,129.163,129.515
799.2,95.839,99.637,141.331,93.044,105.642,136.529,143.599,129.202,129.554
799.3,95.839,99.637,141.236,92.978,105.754,136.564,143.659,129.241,129.437
799.4,95.839,99.758,141.204,93.11,105.754,136.564,143.659,129.163,129.515
799.5,95.839,99.698,141.3,92.978,105.81,136.529,143.659,129.241,129.515
799.6,95.839,99.698,141.236,92.978,105.698,136.529,143.659,129.202,129.515
799.7,95.903,99.819,141.268,93.044,105.866,136.598,143.69,129.241,129.554
799.8,95.967,99.94,141.204,92.978,105.866,136.529,143.69,129.241,129.554
799.9,95.839,99.758,141.236,92.846,105.81,136.564,143.629,129.241,129.515
800.0,95.903,99.88,141.268,93.11,105.922,136.598,143.629,129.241,129.554
800.1,95.903,99.88,141.268,93.044,105.922,136.564,143.659,129.241,129.554
800.2,95.839,99.819,141.3,93.044,105.922,136.598,143.659,129.281,129.632
800.3,95.967,99.819,141.236,92.978,105.922,136.736,143.659,129.281,129.554
800.4,95.903,99.94,141.204,93.044,105.977,136.598,143.69,129.32,129.593
800.5,95.903,99.819,141.268,93.044,105.977,136.564,143.69,129.281,129.593
800.6,96.03,99.94,141.268,93.044,105.977,136.564,143.659,129.32,129.554
800.7,95.903,99.94,141.236,93.044,106.089,136.598,143.659,129.281,129.554
800.8,95.903,99.94,141.268,93.044,105.922,136.598,143.659,129.241,129.593
800.9,95.903,99.88,141.268,93.044,106.033,136.598,143.659,129.281,129.554
801.0,95.903,100.061,141.236,93.044,106.089,136.598,143.659,129.281,129.632
801.1,95.967,100.0,141.236,93.044,106.144,136.633,143.659,129.281,129.671
801.2,95.967,100.061,141.3,93.11,106.089,136.702,143.811,129.359,129.593
801.3,95.839,100.0,141.268,93.11,106.144,136.633,143.69,129.32,129.632
801.4,95.967,100.061,141.268,93.177,106.144,136.633,143.659,129.359,129.671
801.5,95.967,100.121,141.3,93.044,106.144,136.598,143.659,129.359,129.593
801.6,95.967,100.121,141.3,93.044,106.2,136.598,143.72,129.32,129.671
801.7,95.967,100.182,141.3,93.11,106.2,136.598,143.72,129.359,129.593
801.8,95.967,100.121,141.3,93.177,106.144,136.633,143.72,129.359,129.671
801.9,95.967,100.182,141.3,93.044,106.2,136.633,143.659,129.32,129.632
802.0,96.03,100.182,141.331,93.044,106.2,136.633,143.72,129.359,129.632
802.1,95.967,100.121,141.268,93.044,106.366,136.633,143.72,129.32,129.632
802.2,95.967,100.182,141.3,93.044,106.366,136.667,143.69,129.359,129.671
802.3,96.03,100.242,141.331,93.177,106.311,136.633,143.72,129.359,129.787
802.4,96.03,100.182,141.3,93.11,106.366,136.667,143.69,129.398,129.671
802.5,95.967,100.242,141.3,93.11,106.311,136.633,143.72,129.398,129.671
802.6,96.03,100.302,141.3,93.177,106.311,136.667,143.72,129.398,129.671
802.7,96.03,100.242,141.427,93.11,106.366,136.633,143.69,129.437,129.671
802.8,96.03,100.302,141.331,93.11,106.311,136.667,143.72,129.359,129.671
802.9,96.03,100.302,141.3,93.11,106.422,136.702,143.69,129.437,129.787
803.0,96.03,100.362,141.3,93.11,106.366,136.702,143.72,129.437,129.671
803.1,96.03,100.542,141.363,93.11,106.477,136.633,143.659,129.437,129.71
803.2,96.03,100.422,141.3,93.177,106.477,136.633,143.69,129.398,129.749
803.3,96.094,100.422,141.331,93.11,106.477,136.667,143.72,129.476,129.749
803.4,96.03,100.422,141.3,93.177,106.477,136.667,143.69,129.437,129.749
803.5,95.967,100.482,141.363,93.177,106.532,136.667,143.69,129.437,129.71
803.6,95.967,100.482,141.363,93.177,106.588,136.667,143.72,129.437,129.71
803.7,96.03,100.482,141.363,93.11,106.532,136.702,143.811,129.437,129.71
803.8,96.094,100.482,141.331,93.11,106.588,136.702,143.751,129.515,129.749
803.9,96.158,100.482,141.363,93.177,106.643,136.633,143.69,129.437,129.787
804.0,96.03,100.482,141.363,93.177,106.588,136.702,143.72,129.437,129.749
804.1,96.094,100.482,141.3,93.177,106.643,136.667,143.72,129.476,129.787
804.2,96.03,100.482,141.331,93.243,106.643,136.667,143.69,129.515,129.749
804.3,96.158,100.542,141.363,93.243,106.643,136.702,143.72,129.515,129.749
804.4,96.094,100.542,141.363,93.177,106.643,136.736,143.72,129.515,129.787
804.5,96.094,100.602,141.395,93.177,106.753,136.736,143.69,129.476,129.826
804.6,96.094,100.662,141.363,93.11,106.753,136.702,143.751,129.515,129.787
804.7,96.221,100.662,141.395,93.243,106.808,136.736,143.69,129.515,129.826
804.8,96.158,100.662,141.363,93.177,106.753,136.667,143.751,129.515,129.826
804.9,96.094,100.722,141.363,93.243,106.753,136.736,143.751,129.515,129.826
805.0,96.03,100.722,141.331,93.243,106.808,136.702,143.72,129.515,129.826
805.1,96.03,100.722,141.331,93.309,106.753,136.839,143.751,129.515,129.904
805.2,96.221,100.782,141.395,93.177,106.808,136.736,143.72,129.515,129.865
805.3,96.221,100.782,141.395,93.243,106.863,136.736,143.751,129.593,129.826
805.4,96.158,100.782,141.331,93.309,106.863,136.771,143.69,129.554,129.865
805.5,96.094,100.722,141.363,93.177,106.918,136.736,143.751,129.632,129.826
805.6,96.094,100.782,141.363,93.177,106.918,136.736,143.751,129.554,129.865
805.7,96.094,100.782,141.395,93.11,106.918,136.736,143.72,129.554,129.787
805.8,96.158,100.842,141.395,93.243,107.083,136.736,143.751,129.632,129.865
805.9,96.158,100.842,141.395,93.243,107.083,136.771,143.751,129.554,129.865
806.0,96.158,100.842,141.395,93.243,107.028,136.736,143.72,129.554,129.865
806.1,96.221,100.842,141.395,93.177,107.083,136.874,143.751,129.632,129.904
806.2,96.03,100.902,141.363,93.243,107.083,136.771,143.72,129.593,129.865
806.3,96.221,100.961,141.427,93.374,107.028,136.702,143.781,129.632,129.942
806.4,96.158,100.902,141.427,93.243,107.083,136.839,143.751,129.593,129.904
806.5,96.158,101.021,141.395,93.243,107.083,136.771,143.751,129.593,129.904
806.6,96.221,101.021,141.395,93.243,107.083,136.805,143.751,129.671,129.904
806.7,96.221,101.08,141.395,93.243,107.193,136.839,143.751,129.632,129.942
806.8,96.221,101.08,141.427,93.309,107.138,136.805,143.751,129.632,129.942
806.9,96.221,101.08,141.427,93.374,107.193,136.771,143.751,129.671,129.865
807.0,96.221,101.08,141.395,93.243,107.193,136.805,143.72,129.671,129.904
807.1,96.221,101.08,141.427,93.243,107.247,136.874,143.811,129.632,129.942
807.2,96.221,101.08,141.427,93.309,107.247,136.839,143.72,129.71,129.942
807.3,96.221,101.14,141.427,93.309,107.247,136.805,143.751,129.632,129.942
807.4,96.285,101.14,141.363,93.243,107.302,136.805,143.751,129.671,129.904
807.5,96.221,101.14,141.458,93.243,107.302,136.908,143.751,129.71,129.942
807.6,96.221,101.2,141.395,93.309,107.302,136.805,143.751,129.671,130.02
807.7,96.221,101.2,141.395,93.309,107.302,136.805,143.751,129.671,130.02
807.8,96.285,101.2,141.458,93.374,107.411,136.839,143.751,129.671,129.942
807.9,96.158,101.2,141.427,93.309,107.411,136.839,143.781,129.749,129.981
808.0,96.285,101.259,141.49,93.309,107.357,136.805,143.781,129.671,130.02
808.1,96.285,101.2,141.427,93.374,107.411,136.874,143.751,129.671,129.981
808.2,96.285,101.259,141.458,93.243,107.357,136.839,143.72,129.671,129.981
808.3,96.285,101.259,141.458,93.374,107.521,136.839,143.751,129.671,129.981
808.4,96.285,101.378,141.395,93.309,107.466,136.805,143.751,129.749,130.02
808.5,96.285,101.318,141.427,93.374,107.466,136.874,143.811,129.787,130.02
808.6,96.285,101.378,141.395,93.374,107.466,136.564,143.751,129.749,130.058
808.7,96.285,101.378,141.458,93.374,107.411,136.839,143.781,129.71,130.02
808.8,96.348,101.437,141.427,93.374,107.521,136.874,143.781,129.71,130.058
808.9,96.285,101.437,141.49,93.374,107.521,136.874,143.781,129.71,130.058
809.0,96.348,101.556,141.458,93.44,107.684,136.874,143.811,129.787,130.058
809.1,96.285,101.437,141.49,93.374,107.575,136.874,143.751,129.787,130.058
809.2,96.411,101.437,141.49,93.309,107.684,136.874,143.811,129.749,129.981
809.3,96.285,101.556,141.458,93.374,107.63,136.874,143.751,129.826,130.02
809.4,96.411,101.556,141.49,93.374,107.738,136.874,143.751,129.787,130.058
809.5,96.285,101.556,141.49,93.44,107.684,136.874,143.751,129.749,130.058
809.6,96.285,101.556,141.458,93.374,107.738,136.908,143.781,129.71,130.058
809.7,96.285,101.733,141.49,93.374,107.684,136.908,143.69,129.787,130.097
809.8,96.348,101.615,141.49,93.374,107.793,136.943,143.781,129.787,130.058
809.9,96.348,101.556,141.49,93.374,107.684,136.908,143.781,129.826,130.097
810.0,96.348,101.615,141.49,93.374,107.793,136.943,143.781,129.787,130.097
810.1,96.348,101.615,141.49,93.374,107.793,136.908,143.781,129.826,130.058
810.2,96.285,101.674,141.521,93.44,107.847,136.874,143.781,129.826,130.058
810.3,96.475,101.733,141.553,93.243,107.847,136.943,143.811,129.826,130.174
810.4,96.285,101.674,141.521,93.44,107.847,136.908,143.751,129.826,130.097
810.5,96.475,101.733,141.521,93.374,107.847,136.943,143.781,129.865,130.136
810.6,96.348,101.733,141.521,93.374,107.901,136.908,143.781,129.826,130.136
810.7,96.411,101.674,141.585,93.374,107.901,136.943,143.781,129.826,130.097
810.8,96.348,101.792,141.49,93.44,107.901,136.943,143.781,129.865,130.136
810.9,96.348,101.792,141.521,93.44,107.901,136.874,143.811,129.865,130.174
811.0,96.411,101.792,141.49,93.44,107.955,136.943,143.781,129.865,130.174
811.1,96.411,101.792,141.521,93.44,107.955,136.943,143.811,129.865,130.174
811.2,96.475,101.792,141.49,93.44,108.01,136.943,143.811,129.904,130.174
811.3,96.411,101.851,141.49,93.44,107.955,136.943,143.811,129.904,130.136
811.4,96.411,101.792,141.521,93.506,108.064,136.977,143.781,129.904,130.213
811.5,96.411,101.91,141.49,93.44,108.01,136.943,143.781,129.865,130.174
811.6,96.348,101.91,141.49,93.44,108.064,136.943,143.872,129.826,130.251
811.7,96.475,101.91,141.521,93.44,108.118,137.045,143.872,129.826,130.213
811.8,96.411,101.969,141.553,93.44,108.064,137.011,143.811,129.904,130.174
811.9,96.411,101.91,141.521,93.572,108.064,136.977,143.781,129.904,130.213
812.0,96.411,101.91,141.521,93.506,108.172,137.011,143.811,129.904,130.174
812.1,96.411,101.851,141.585,93.506,108.118,136.943,143.811,129.904,130.251
812.2,96.411,101.969,141.585,93.506,108.172,137.011,143.841,129.942,130.213
812.3,96.601,101.969,141.521,93.506,108.172,136.943,143.751,129.904,130.213
812.4,96.475,101.969,141.521,93.506,108.172,136.977,143.69,129.904,130.251
812.5,96.411,102.028,141.553,93.374,108.226,136.977,143.841,129.942,130.174
812.6,96.538,102.028,141.553,93.506,108.172,136.977,143.781,129.904,130.174
812.7,96.475,102.028,141.585,93.44,108.226,137.011,143.781,129.904,130.251
812.8,96.475,102.028,141.585,93.506,108.226,137.011,143.811,129.942,130.251
812.9,96.475,102.145,141.585,93.44,108.28,136.977,143.841,129.942,130.367
813.0,96.411,102.086,141.521,93.506,108.28,137.011,143.811,129.942,130.213
813.1,96.475,102.145,141.553,93.44,108.28,136.977,143.811,129.981,130.213
813.2,96.411,102.145,141.521,93.572,108.388,136.977,143.872,129.981,130.251
813.3,96.538,102.145,141.553,93.572,108.226,137.011,143.811,129.942,130.251
813.4,96.475,102.204,141.521,93.572,108.334,136.977,143.841,129.942,130.29
813.5,96.538,102.145,141.553,93.506,108.388,137.011,143.841,129.981,130.29
813.6,96.475,102.262,141.553,93.506,108.388,137.011,143.811,129.942,130.251
813.7,96.538,102.262,141.553,93.44,108.388,137.011,143.781,129.981,130.251
813.8,96.475,102.204,141.553,93.506,108.495,137.011,143.841,129.981,130.251
813.9,96.475,102.204,141.49,93.506,108.442,137.045,143.841,130.02,130.328
814.0,96.348,102.321,141.616,93.506,108.388,137.045,143.872,129.981,130.251
814.1,96.411,102.262,141.553,93.572,108.495,137.08,143.841,129.981,130.29
814.2,96.538,102.262,141.616,93.506,108.495,137.08,143.841,129.981,130.328
814.3,96.538,102.262,141.585,93.506,108.495,137.045,143.811,130.02,130.251
814.4,96.538,102.38,141.585,93.572,108.603,137.045,143.841,130.02,130.29
814.5,96.538,102.321,141.585,93.572,108.603,137.045,143.841,130.174,130.328
814.6,96.538,102.438,141.585,93.572,108.603,137.011,143.872,130.058,130.29
814.7,96.538,102.438,141.616,93.572,108.603,137.08,143.811,130.02,130.367
814.8,96.475,102.438,141.585,93.572,108.657,137.045,143.811,130.02,130.328
814.9,96.475,102.438,141.585,93.506,108.549,137.045,143.841,130.136,130.367
815.0,96.538,102.438,141.585,93.572,108.71,137.08,143.841,130.058,130.367
815.1,96.538,102.497,141.585,93.638,108.657,137.045,143.841,130.097,130.444
815.2,96.601,102.555,141.585,93.572,108.657,137.08,143.811,130.097,130.328
815.3,96.538,102.438,141.585,93.506,108.657,137.114,143.993,130.097,130.405
815.4,96.538,102.438,141.585,93.572,108.71,137.114,143.841,129.981,130.405
815.5,96.601,102.555,141.679,93.572,108.71,137.08,143.841,130.097,130.367
815.6,96.601,102.497,141.616,93.638,108.764,137.08,143.841,130.097,130.367
815.7,96.664,102.672,141.616,93.572,108.817,137.045,143.811,130.097,130.444
815.8,96.538,102.613,141.585,93.638,108.764,137.08,143.811,130.097,130.328
815.9,96.664,102.555,141.616,93.572,108.871,137.08,143.841,130.136,130.405
816.0,96.538,102.672,141.585,93.572,108.817,137.114,143.902,130.136,130.444
816.1,96.538,102.613,141.616,93.638,108.871,137.114,143.811,130.097,130.444
816.2,96.601,102.613,141.585,93.572,108.71,137.08,143.841,130.136,130.405
816.3,96.664,102.672,141.616,93.638,108.871,137.114,143.841,130.174,130.367
816.4,96.601,102.672,141.553,93.572,108.924,137.114,143.841,130.136,130.444
816.5,96.601,102.672,141.553,93.638,108.871,137.148,143.841,130.136,130.444
816.6,96.664,102.672,141.616,93.572,108.924,137.114,143.872,130.174,130.405
816.7,96.601,102.73,141.616,93.638,108.978,137.114,143.841,130.136,130.405
816.8,96.664,102.73,141.648,93.572,108.978,137.148,143.841,130.058,130.444
816.9,96.664,102.846,141.521,93.638,108.978,137.148,143.872,130.136,130.444
817.0,96.664,102.788,141.648,93.572,108.978,137.148,143.872,130.213,130.482
817.1,96.664,102.73,141.585,93.638,108.978,137.148,143.872,130.174,130.482
817.2,96.664,102.904,141.648,93.572,109.031,137.182,143.841,130.213,130.444
817.3,96.664,102.788,141.616,93.638,109.085,137.114,143.872,130.136,130.52
817.4,96.601,102.963,141.679,93.638,109.138,137.148,143.872,130.213,130.482
817.5,96.601,102.846,141.648,93.638,109.085,137.148,143.872,130.174,130.482
817.6,96.664,102.788,141.616,93.638,109.138,137.182,143.841,130.213,130.444
817.7,96.601,102.904,141.679,93.638,109.244,137.216,143.841,130.213,130.52
817.8,96.664,102.904,141.648,93.703,109.191,137.216,143.872,130.213,130.52
817.9,96.664,102.904,141.648,93.638,109.244,137.148,143.872,130.213,130.52
818.0,96.664,102.904,141.679,93.638,109.191,137.148,143.872,130.213,130.482
818.1,96.664,102.963,141.648,93.638,109.138,137.182,143.872,130.251,130.52
818.2,96.664,103.021,141.648,93.703,109.085,137.182,143.841,130.251,130.52
818.3,96.728,102.963,141.679,93.638,109.244,137.148,143.902,130.251,130.52
818.4,96.664,102.963,141.805,93.506,109.298,137.148,143.872,130.213,130.482
818.5,96.664,103.021,141.648,93.703,109.298,137.148,143.932,130.213,130.559
818.6,96.728,103.079,141.679,93.703,109.298,137.182,143.872,130.251,130.52
818.7,96.728,103.021,141.679,93.638,109.298,137.148,143.902,130.251,130.52
818.8,96.728,103.079,141.679,93.769,109.298,137.216,143.902,130.251,130.52
818.9,96.728,103.137,141.648,93.703,109.298,137.216,143.872,130.251,130.559
819.0,96.728,103.079,141.679,93.769,109.351,137.251,143.932,130.29,130.635
819.1,96.664,103.195,141.616,93.638,109.351,137.216,143.932,130.251,130.559
819.2,96.728,103.137,141.679,93.638,109.457,137.182,143.872,130.328,130.559
819.3,96.791,103.137,141.679,93.703,109.404,137.182,143.902,130.328,130.559
819.4,96.917,103.252,141.648,93.703,109.51,137.251,143.872,130.29,130.559
819.5,96.728,103.195,141.679,93.703,109.51,137.216,143.902,130.29,130.559
819.6,96.728,103.195,141.711,93.703,109.563,137.251,143.902,130.29,130.597
819.7,96.791,103.252,141.742,93.769,109.563,137.251,143.932,130.29,130.597
819.8,96.728,103.252,141.679,93.769,109.616,137.251,143.872,130.367,130.674
819.9,96.791,103.31,141.711,93.769,109.669,137.216,143.902,130.328,130.559
820.0,96.791,103.31,141.679,93.769,109.616,137.216,143.902,130.29,130.75
820.1,96.728,103.368,141.711,93.703,109.616,137.251,143.902,130.328,130.635
820.2,96.791,103.368,141.742,93.769,109.616,137.285,143.872,130.367,130.635
820.3,96.791,103.368,141.679,93.703,109.616,137.251,143.872,130.328,130.674
820.4,96.791,103.31,141.679,93.703,109.669,137.251,143.902,130.328,130.674
820.5,96.728,103.541,141.679,93.769,109.616,137.251,143.872,130.328,130.635
820.6,96.791,103.426,141.648,93.769,109.722,137.353,143.872,130.367,130.674
820.7,96.791,103.426,141.742,93.703,109.669,137.251,143.902,130.405,130.674
820.8,96.854,103.483,141.711,93.769,109.775,137.251,143.872,130.328,130.674
820.9,96.854,103.426,141.711,93.769,109.88,137.251,143.902,130.328,130.674
821.0,96.791,103.541,141.774,93.703,109.827,137.319,143.902,130.367,130.674
821.1,96.854,103.483,141.711,93.769,109.775,137.251,143.902,130.444,130.712
821.2,96.728,103.599,141.742,93.769,109.775,137.285,143.902,130.405,130.674
821.3,96.917,103.656,141.774,93.769,109.827,137.251,143.932,130.367,130.712
821.4,96.791,103.599,141.711,93.769,109.88,137.285,143.932,130.405,130.674
821.5,96.917,103.656,141.774,93.834,109.933,137.319,143.932,130.482,130.712
821.6,96.854,103.656,141.805,93.834,109.985,137.319,143.932,130.482,130.788
821.7,96.854,103.599,141.742,93.769,109.985,137.319,143.932,130.367,130.75
821.8,96.917,103.714,141.805,93.834,109.88,137.285,143.902,130.444,130.712
821.9,96.917,103.656,141.742,93.769,109.985,137.353,143.962,130.482,130.788
822.0,96.854,103.714,141.742,93.769,109.933,137.319,143.932,130.444,130.712
822.1,96.854,103.656,141.742,93.834,110.038,137.319,143.902,130.482,130.674
822.2,96.854,103.714,141.774,93.769,110.038,137.319,143.932,130.444,130.75
822.3,96.854,103.829,141.742,93.769,109.985,137.319,143.932,130.444,130.712
822.4,96.854,103.771,141.742,93.9,109.985,137.353,143.902,130.482,130.712
822.5,96.854,103.714,141.774,93.834,110.143,137.319,143.932,130.405,130.75
822.6,96.854,103.771,141.774,93.834,110.143,137.319,143.932,130.444,130.75
822.7,96.917,103.829,141.742,93.9,110.038,137.319,143.962,130.482,130.75
822.8,96.917,103.829,141.742,93.769,110.143,137.353,143.872,130.444,130.75
822.9,96.917,103.829,141.711,93.9,110.091,137.387,143.872,130.444,130.674
823.0,96.917,103.829,141.774,93.703,110.248,137.353,143.932,130.444,130.75
823.1,96.98,103.943,141.742,93.834,110.301,137.319,143.932,130.444,130.826
823.2,96.98,103.886,141.774,93.834,110.196,137.319,143.962,130.52,130.826
823.3,96.917,103.943,141.868,93.9,110.248,137.319,143.962,130.52,130.788
823.4,96.98,103.943,141.837,93.834,110.248,137.353,143.902,130.559,130.826
823.5,96.98,103.943,141.774,93.834,110.196,137.387,143.932,130.597,130.788
823.6,96.917,104.0,141.742,93.834,110.196,137.387,143.962,130.52,130.788
823.7,96.917,104.058,141.805,93.834,110.301,137.353,143.902,130.482,130.826
823.8,96.917,104.0,141.742,93.834,110.301,137.353,143.932,130.52,130.826
823.9,97.042,104.058,141.774,93.834,110.301,137.353,143.872,130.52,130.826
824.0,96.98,104.058,141.742,93.9,110.353,137.387,143.932,130.52,130.826
824.1,96.917,104.058,141.774,93.834,110.301,137.353,143.962,130.52,130.826
824.2,96.98,104.058,141.742,93.965,110.353,137.319,143.962,130.597,130.864
824.3,96.98,104.115,141.774,93.834,110.458,137.421,143.962,130.52,130.826
824.4,96.98,104.058,141.742,93.834,110.405,137.387,143.932,130.559,130.826
824.5,96.98,104.115,141.837,93.9,110.405,137.387,143.962,130.559,130.826
824.6,97.105,104.172,141.774,93.965,110.458,137.387,143.962,130.559,130.864
824.7,96.98,104.115,141.774,93.9,110.458,137.387,143.962,130.559,130.864
824.8,96.98,104.172,141.805,93.834,110.458,137.387,143.962,130.597,130.864
824.9,96.98,104.172,141.837,93.9,110.458,137.387,143.962,130.559,130.864
825.0,97.042,104.229,141.899,93.965,110.51,137.421,143.962,130.559,130.864
825.1,97.042,104.286,141.805,93.9,110.51,137.387,143.932,130.635,130.903
825.2,97.042,104.229,141.774,93.9,110.51,137.387,143.962,130.597,130.903
825.3,96.98,104.229,141.774,93.9,110.458,137.421,143.962,130.559,130.903
825.4,96.98,104.229,141.742,93.9,110.562,137.387,143.962,130.597,130.864
825.5,97.042,104.229,141.805,93.965,110.667,137.455,143.962,130.597,130.903
825.6,97.042,104.286,141.837,93.9,110.51,137.421,143.962,130.635,130.864
825.7,97.042,104.286,141.805,93.9,110.615,137.421,143.932,130.559,130.903
825.8,97.042,104.343,141.837,94.031,110.667,137.421,143.993,130.597,130.941
825.9,97.105,104.286,141.774,93.965,110.615,137.489,143.962,130.635,130.941
826.0,97.105,104.343,141.805,93.9,110.667,137.421,143.932,130.635,130.903
826.1,97.042,104.4,141.805,93.965,110.615,137.421,143.932,130.674,130.903
826.2,97.105,104.4,141.774,94.031,110.667,137.455,143.962,130.674,130.903
826.3,96.98,104.457,141.805,93.965,110.771,137.455,143.962,130.635,131.017
826.4,97.105,104.457,141.837,93.965,110.667,137.455,143.962,130.674,130.979
826.5,97.042,104.571,141.805,93.965,110.771,137.455,143.993,130.674,130.941
826.6,97.168,104.4,141.899,93.965,110.771,137.455,143.962,130.635,130.941
826.7,97.042,104.571,141.868,93.9,110.823,137.489,143.962,130.712,130.979
826.8,97.042,104.514,141.868,93.9,110.771,137.489,143.962,130.674,130.941
826.9,97.105,104.571,141.837,93.9,110.927,137.489,143.993,130.712,130.979
827.0,97.168,104.514,141.837,93.965,110.823,137.455,144.053,130.712,130.979
827.1,97.105,104.514,141.868,93.965,110.927,137.455,143.993,130.674,131.017
827.2,97.042,104.571,141.868,94.031,110.875,137.489,144.023,130.635,130.979
827.3,97.105,104.628,141.837,94.031,111.031,137.489,144.023,130.674,130.979
827.4,97.105,104.628,141.837,93.965,110.927,137.523,143.932,130.674,131.017
827.5,97.105,104.628,141.899,93.965,110.927,137.523,143.962,130.712,131.017
827.6,97.105,104.684,141.868,94.031,111.031,137.489,144.023,130.712,130.979
827.7,97.105,104.628,141.837,93.965,111.083,137.489,143.993,130.75,130.979
827.8,97.168,104.684,141.868,93.965,110.979,137.421,143.993,130.712,131.055
827.9,97.168,104.684,141.868,93.965,110.979,137.523,143.993,130.75,131.017
828.0,97.042,104.684,141.868,94.031,111.031,137.557,143.993,130.75,130.979
828.1,97.168,104.684,141.868,93.965,111.083,137.489,143.993,130.712,131.055
828.2,97.168,104.741,141.868,94.031,111.083,137.455,144.023,130.712,131.017
828.3,97.105,104.798,141.868,94.031,111.083,137.557,143.993,130.75,131.017
828.4,97.105,104.741,141.899,94.096,111.134,137.523,143.993,130.674,131.055
828.5,97.105,104.798,141.868,93.9,111.134,137.523,144.023,130.712,131.055
828.6,97.168,104.854,141.868,93.965,111.134,137.557,144.053,130.75,131.017
828.7,97.168,104.798,141.868,93.965,111.083,137.489,143.962,130.75,131.055
828.8,97.105,104.854,141.805,94.031,111.186,137.523,143.993,130.75,131.055
828.9,97.168,104.911,141.868,94.031,111.186,137.523,143.962,130.712,131.055
829.0,97.168,104.854,141.868,94.031,111.186,137.557,143.993,130.788,131.055
829.1,97.168,104.854,141.899,94.031,111.186,137.557,143.993,130.712,131.093
829.2,97.105,104.854,141.837,94.031,111.238,137.557,143.962,130.75,131.093
829.3,97.168,104.854,141.899,94.096,111.238,137.557,143.993,130.75,131.093
829.4,97.168,104.854,141.868,94.096,111.341,137.523,143.993,130.788,131.093
829.5,97.168,104.911,141.931,94.096,111.238,137.523,143.962,130.826,131.093
829.6,97.231,104.967,141.868,94.031,111.238,137.557,143.993,130.826,131.093
829.7,97.231,104.911,141.931,94.096,111.341,137.557,144.023,130.826,131.093
829.8,97.105,104.967,141.899,94.031,111.29,137.523,143.993,130.788,131.093
829.9,97.293,105.024,141.899,94.031,111.29,137.557,144.023,130.826,131.093
830.0,97.168,104.967,141.837,94.161,111.29,137.557,143.993,130.864,131.131
830.1,97.231,104.967,141.899,94.161,111.393,137.557,144.023,130.788,131.169
830.2,97.231,104.967,141.899,94.031,111.393,137.557,144.023,130.826,131.055
830.3,97.231,105.024,141.837,94.096,111.341,137.591,144.113,130.826,131.169
830.4,97.168,105.137,141.868,94.031,111.444,137.557,144.023,130.864,131.169
830.5,97.231,105.08,141.899,94.096,111.496,137.557,144.083,130.864,131.169
830.6,97.231,105.137,142.025,94.031,111.393,137.591,144.023,130.826,131.169
830.7,97.231,105.193,141.868,94.096,111.548,137.591,144.023,130.826,131.207
830.8,97.231,105.137,141.931,94.161,111.548,137.591,144.023,130.864,131.169
830.9,97.231,105.249,141.931,94.096,111.599,137.591,144.023,130.864,131.131
831.0,97.231,105.249,141.868,94.031,111.599,137.591,144.053,130.788,131.207
831.1,97.293,105.249,141.931,94.031,111.599,137.625,144.053,130.864,131.169
831.2,97.293,105.249,141.962,94.096,111.599,137.591,144.023,130.864,131.169
831.3,97.293,105.306,141.868,94.096,111.65,137.625,144.023,130.941,131.169
831.4,97.168,105.249,141.931,94.161,111.65,137.659,144.053,130.903,131.131
831.5,97.231,105.306,141.962,94.096,111.65,137.659,144.053,130.903,131.169
831.6,97.419,105.306,141.931,94.096,111.702,137.659,144.023,130.864,131.207
831.7,97.293,105.362,141.931,94.161,111.65,137.693,144.023,130.903,131.207
831.8,97.293,105.362,141.931,94.096,111.702,137.659,144.053,130.903,131.169
831.9,97.293,105.362,141.994,94.096,111.702,137.625,144.023,130.903,131.245
832.0,97.293,105.418,141.931,94.161,111.805,137.625,144.053,130.979,131.207
832.1,97.231,105.474,141.931,94.096,111.805,137.659,144.023,130.941,131.207
832.2,97.293,105.418,141.931,94.096,111.805,137.659,144.053,130.941,131.245
832.3,97.293,105.474,141.931,94.161,111.856,137.693,144.053,130.941,131.282
832.4,97.293,105.418,141.899,94.161,111.856,137.625,144.053,130.941,131.32
832.5,97.293,105.53,141.962,94.226,111.958,137.659,144.083,130.941,131.245
832.6,97.356,105.53,141.962,94.161,111.958,137.659,144.083,130.941,131.245
832.7,97.356,105.642,141.931,94.161,111.958,137.693,144.053,131.017,131.282
832.8,97.293,105.586,141.931,94.161,112.061,137.693,144.023,130.979,131.282
832.9,97.293,105.586,141.962,94.096,112.009,137.693,144.143,130.941,131.32
833.0,97.356,105.586,141.962,94.161,112.009,137.693,144.023,130.941,131.282
833.1,97.356,105.586,141.962,94.226,111.958,137.693,144.053,131.017,131.245
833.2,97.419,105.642,141.994,94.161,111.958,137.693,144.023,130.979,131.282
833.3,97.419,105.642,141.931,94.226,112.112,137.727,144.053,131.017,131.282
833.4,97.356,105.698,141.994,94.161,112.061,137.727,144.053,131.017,131.282
833.5,97.356,105.642,141.931,94.161,112.061,137.693,144.173,131.017,131.32
833.6,97.419,105.642,141.962,94.161,112.214,137.659,144.023,131.017,131.32
833.7,97.293,105.642,141.962,94.161,112.112,137.693,144.113,130.979,131.282
833.8,97.356,105.754,141.994,94.161,112.163,137.727,144.053,131.017,131.396
833.9,97.419,105.754,141.994,94.226,112.112,137.727,144.023,130.941,131.32
834.0,97.419,105.81,141.994,94.161,112.214,137.727,144.083,131.055,131.32
834.1,97.419,105.81,141.994,94.226,112.265,137.761,144.083,131.055,131.396
834.2,97.419,105.977,141.962,94.226,112.214,137.761,144.083,131.055,131.396
834.3,97.419,105.866,141.962,94.292,112.214,137.761,144.023,131.055,131.32
834.4,97.419,105.81,141.994,94.292,112.316,137.727,144.083,131.131,131.358
834.5,97.481,105.866,141.962,94.226,112.265,137.794,144.023,131.055,131.358
834.6,97.419,105.866,141.994,94.226,112.366,137.761,144.083,131.055,131.434
834.7,97.356,105.922,141.962,94.292,112.316,137.761,144.083,131.093,131.396
834.8,97.481,105.977,141.994,94.292,112.316,137.761,144.083,131.093,131.358
834.9,97.419,105.977,141.931,94.292,112.316,137.828,144.143,131.093,131.358
835.0,97.543,105.977,141.994,94.226,112.366,137.761,144.053,131.055,131.396
835.1,97.419,105.977,142.025,94.226,112.366,137.761,144.083,131.131,131.396
835.2,97.481,106.033,141.994,94.161,112.417,137.794,144.053,131.055,131.434
835.3,97.419,106.033,142.056,94.292,112.417,137.761,144.053,131.055,131.471
835.4,97.481,106.033,142.087,94.292,112.468,137.693,144.083,131.169,131.471
835.5,97.543,106.033,141.994,94.226,112.468,137.794,144.143,131.169,131.396
835.6,97.481,106.033,142.025,94.357,112.468,137.794,144.053,131.169,131.396
835.7,97.543,106.089,142.025,94.161,112.366,137.794,144.113,131.093,131.434
835.8,97.481,106.089,141.994,94.226,112.519,137.794,144.143,131.093,131.396
835.9,97.481,106.144,142.025,94.292,112.62,137.794,144.083,131.131,131.434
836.0,97.481,106.2,142.056,94.292,112.519,137.761,144.113,131.169,131.434
836.1,97.481,106.144,142.025,94.226,112.62,137.794,144.023,131.207,131.434
836.2,97.481,106.144,141.994,94.161,112.62,137.828,144.083,131.169,131.434
836.3,97.481,106.2,141.994,94.357,112.62,137.828,144.083,131.245,131.396
836.4,97.481,106.255,141.994,94.357,112.62,137.828,144.113,131.169,131.434
836.5,97.481,106.2,142.056,94.292,112.62,137.828,144.143,131.169,131.471
836.6,97.481,106.255,142.15,94.292,112.722,137.828,144.113,131.169,131.471
836.7,97.543,106.255,141.994,94.292,112.671,137.896,144.173,131.093,131.471
836.8,97.543,106.422,142.056,94.292,112.772,137.828,144.113,131.207,131.509
836.9,97.606,106.311,142.056,94.357,112.722,137.828,144.143,131.207,131.509
837.0,97.481,106.255,142.056,94.292,112.722,137.828,144.053,131.245,131.471
837.1,97.419,106.366,142.025,94.292,112.722,137.828,144.023,131.169,131.471
837.2,97.481,106.366,142.056,94.292,112.772,137.896,144.083,131.207,131.509
837.3,97.481,106.366,142.087,94.422,112.772,137.896,144.083,131.207,131.471
837.4,97.543,106.366,142.087,94.422,112.873,137.794,144.143,131.207,131.509
837.5,97.543,106.477,142.025,94.292,112.873,137.896,144.083,131.169,131.471
837.6,97.543,106.366,142.056,94.292,112.823,137.862,144.113,131.207,131.584
837.7,97.543,106.422,142.087,94.422,112.873,137.828,144.113,131.207,131.509
837.8,97.481,106.422,142.087,94.357,112.873,137.862,144.053,131.207,131.471
837.9,97.543,106.366,142.025,94.292,112.873,137.896,144.143,131.207,131.547
838.0,97.543,106.477,142.056,94.292,112.974,137.896,144.173,131.245,131.509
838.1,97.543,106.477,142.056,94.422,112.974,137.862,144.113,131.245,131.584
838.2,97.606,106.477,142.056,94.357,112.924,137.862,144.113,131.245,131.547
838.3,97.543,106.532,142.056,94.357,112.924,137.862,144.113,131.32,131.584
838.4,97.606,106.532,142.087,94.357,112.974,137.896,144.053,131.207,131.584
838.5,97.543,106.588,142.087,94.292,113.025,137.862,144.143,131.245,131.547
838.6,97.543,106.643,142.056,94.357,113.025,137.896,144.113,131.282,131.547
838.7,97.606,106.643,142.056,94.422,113.075,137.896,144.143,131.245,131.584
838.8,97.543,106.698,142.056,94.357,113.125,137.929,144.143,131.282,131.547
838.9,97.543,106.643,142.087,94.487,113.125,137.929,144.143,131.358,131.622
839.0,97.606,106.698,142.119,94.422,113.125,137.896,144.113,131.32,131.622
839.1,97.668,106.753,142.056,94.357,113.176,137.828,144.113,131.32,131.622
839.2,97.606,106.698,142.087,94.422,113.176,137.929,144.113,131.32,131.584
839.3,97.606,106.753,142.056,94.422,113.176,137.963,144.143,131.358,131.622
839.4,97.668,106.808,142.056,94.487,113.226,137.929,144.173,131.32,131.622
839.5,97.606,106.863,142.087,94.422,113.226,137.929,144.143,131.358,131.66
839.6,97.668,106.863,142.087,94.422,113.276,137.963,144.203,131.32,131.622
839.7,97.668,106.808,142.025,94.487,113.326,137.997,144.143,131.358,131.697
839.8,97.668,106.863,142.119,94.422,113.276,137.929,144.143,131.32,131.66
839.9,97.606,106.808,142.087,94.357,113.226,137.963,144.203,131.358,131.622
840.0,97.668,106.863,142.056,94.422,113.276,137.963,144.113,131.358,131.622
840.1,97.731,106.863,142.119,94.422,113.377,137.963,144.113,131.32,131.622
840.2,97.606,106.918,142.087,94.487,113.326,137.963,144.143,131.358,131.66
840.3,97.606,106.863,142.087,94.487,113.326,137.929,144.143,131.396,131.547
840.4,97.668,106.918,142.087,94.487,113.326,137.997,144.083,131.358,131.697
840.5,97.668,106.918,142.119,94.487,113.377,137.963,144.083,131.358,131.66
840.6,97.668,106.918,142.119,94.422,113.427,137.997,144.143,131.358,131.697
840.7,97.731,106.918,142.087,94.487,113.377,137.896,144.143,131.396,131.66
840.8,97.668,106.973,142.119,94.487,113.477,137.997,144.203,131.358,131.697
840.9,97.731,106.973,142.056,94.422,113.477,137.963,144.203,131.396,131.697
841.0,97.668,107.028,142.119,94.487,113.527,137.997,144.113,131.358,131.66
841.1,97.668,107.028,142.119,94.552,113.427,137.997,144.113,131.358,131.735
841.2,97.793,106.973,142.087,94.422,113.527,138.132,144.143,131.396,131.697
841.3,97.606,107.028,142.119,94.422,113.477,137.997,144.113,131.396,131.697
841.4,97.668,107.193,142.087,94.487,113.527,137.997,144.203,131.434,131.735
841.5,97.668,107.083,142.15,94.422,113.527,137.997,144.173,131.396,131.66
841.6,97.668,107.138,142.119,94.487,113.577,138.031,144.113,131.358,131.697
841.7,97.668,107.083,142.119,94.422,113.527,138.031,144.113,131.396,131.735
841.8,97.793,107.138,142.119,94.552,113.627,138.064,144.173,131.434,131.697
841.9,97.793,107.138,142.087,94.487,113.577,137.997,144.143,131.471,131.735
842.0,97.668,107.193,142.15,94.487,113.677,138.031,144.143,131.396,131.772
842.1,97.606,107.193,142.119,94.487,113.677,137.997,144.173,131.396,131.735
842.2,97.793,107.193,142.15,94.487,113.677,138.031,144.173,131.471,131.735
842.3,97.731,107.193,142.15,94.487,113.727,138.031,144.143,131.471,131.735
842.4,97.793,107.247,142.119,94.552,113.727,138.031,144.173,131.396,131.735
842.5,97.668,107.247,142.119,94.552,113.777,138.064,144.143,131.471,131.81
842.6,97.793,107.302,142.15,94.487,113.777,138.031,144.173,131.471,131.772
842.7,97.793,107.357,142.119,94.422,113.727,138.031,144.173,131.509,131.772
842.8,97.731,107.357,142.15,94.617,113.727,138.064,144.143,131.547,131.735
842.9,97.793,107.357,142.15,94.487,113.876,138.031,144.173,131.434,131.772
843.0,97.793,107.302,142.15,94.487,113.777,138.064,144.203,131.471,131.81
843.1,97.793,107.357,142.15,94.487,113.876,138.064,144.203,131.471,131.772
843.2,97.731,107.357,142.15,94.487,113.876,138.064,144.173,131.509,131.772
843.3,97.855,107.411,142.15,94.487,113.876,138.031,144.233,131.509,131.81
843.4,97.917,107.411,142.181,94.552,113.926,138.064,144.173,131.509,131.81
843.5,97.793,107.411,142.244,94.552,113.826,138.064,144.173,131.471,131.772
843.6,97.793,107.411,142.212,94.487,113.926,138.064,144.143,131.471,131.81
843.7,97.793,107.466,142.15,94.552,113.926,138.098,144.173,131.509,131.81
843.8,97.793,107.466,142.15,94.487,113.926,138.098,144.173,131.509,131.848
843.9,97.793,107.466,142.181,94.487,113.876,138.098,144.203,131.509,131.81
844.0,97.793,107.466,142.15,94.487,113.926,138.098,144.203,131.584,131.81
844.1,97.793,107.466,142.181,94.617,113.926,138.098,144.233,131.509,131.885
844.2,97.855,107.466,142.181,94.552,113.976,138.098,144.233,131.547,131.772
844.3,97.855,107.466,142.181,94.552,114.025,138.132,144.173,131.471,131.848
844.4,97.793,107.575,142.181,94.552,114.025,138.098,144.294,131.547,131.81
844.5,97.793,107.575,142.181,94.552,114.125,138.064,144.203,131.547,131.81
844.6,97.855,107.575,142.15,94.617,114.075,138.132,144.173,131.509,131.848
844.7,97.793,107.684,142.15,94.552,114.025,138.132,144.173,131.584,131.848
844.8,97.793,107.575,142.212,94.617,114.125,138.098,144.143,131.584,131.885
844.9,97.855,107.63,142.212,94.552,114.125,138.098,144.173,131.509,131.848
845.0,97.855,107.684,142.181,94.552,114.075,138.132,144.233,131.584,131.848
845.1,97.855,107.684,142.181,94.487,114.174,138.199,144.203,131.547,131.81
845.2,97.793,107.738,142.212,94.552,114.125,138.098,144.173,131.547,131.922
845.3,97.793,107.684,142.181,94.681,114.224,138.132,144.173,131.622,131.848
845.4,97.917,107.684,142.212,94.552,114.075,138.199,144.203,131.584,131.848
845.5,97.731,107.738,142.212,94.617,114.174,138.165,144.173,131.547,131.885
845.6,97.793,107.738,142.212,94.681,114.224,138.132,144.203,131.584,131.922
845.7,97.793,107.738,142.212,94.552,114.273,138.132,144.203,131.547,131.885
845.8,97.855,107.738,142.212,94.681,114.224,138.165,144.233,131.584,131.96
845.9,97.793,107.793,142.275,94.681,114.323,138.098,144.173,131.584,131.885
846.0,97.917,107.793,142.244,94.681,114.174,138.165,144.203,131.584,131.885
846.1,97.855,107.901,142.212,94.617,114.323,138.199,144.203,131.622,131.885
846.2,97.917,107.793,142.212,94.617,114.273,138.165,144.203,131.66,131.922
846.3,97.855,107.793,142.212,94.617,114.323,138.132,144.203,131.584,131.922
846.4,97.855,107.847,142.181,94.681,114.372,138.199,144.173,131.547,131.922
846.5,97.917,107.847,142.212,94.681,114.323,138.132,144.203,131.622,131.922
846.6,97.855,107.901,142.244,94.617,114.273,138.165,144.173,131.622,131.922
846.7,97.855,107.955,142.181,94.617,114.421,138.199,144.233,131.584,131.922
846.8,97.917,107.955,142.212,94.617,114.421,138.165,144.233,131.584,131.922
846.9,97.979,108.01,142.244,94.617,114.471,138.232,144.203,131.622,131.922
847.0,97.855,107.901,142.244,94.681,114.421,138.199,144.203,131.622,131.922
847.1,97.855,108.01,142.275,94.617,114.471,138.232,144.173,131.622,131.96
847.2,97.917,108.064,142.244,94.681,114.471,138.165,144.203,131.66,131.96
847.3,97.979,108.064,142.212,94.617,114.471,138.132,144.203,131.622,131.997
847.4,97.979,108.064,142.244,94.746,114.471,138.199,144.203,131.66,131.922
847.5,97.855,108.01,142.212,94.681,114.569,138.199,144.173,131.584,132.035
847.6,97.917,108.118,142.244,94.681,114.52,138.232,144.233,131.66,131.96
847.7,97.979,108.118,142.275,94.552,114.471,138.199,144.233,131.66,131.997
847.8,97.917,108.064,142.212,94.681,114.569,138.232,144.233,131.697,131.997
847.9,97.979,108.118,142.275,94.746,114.668,138.232,144.233,131.697,131.96
848.0,97.979,108.118,142.119,94.681,114.569,138.232,144.263,131.66,131.96
848.1,97.917,108.118,142.244,94.681,114.668,138.232,144.233,131.697,131.997
848.2,97.855,108.28,142.244,94.681,114.619,138.199,144.233,131.697,131.96
848.3,97.979,108.118,142.212,94.681,114.668,138.232,144.233,131.697,131.96
848.4,97.917,108.172,142.244,94.746,114.668,138.232,144.233,131.697,131.96
848.5,97.979,108.226,142.212,94.681,114.717,138.232,144.263,131.697,132.035
848.6,97.979,108.226,142.244,94.746,114.717,138.232,144.233,131.697,131.997
848.7,97.979,108.226,142.244,94.681,114.766,138.232,144.263,131.697,131.997
848.8,97.917,108.172,142.244,94.681,114.766,138.232,144.233,131.772,132.035
848.9,97.979,108.28,142.244,94.746,114.766,138.299,144.233,131.735,131.997
849.0,97.979,108.28,142.306,94.681,114.717,138.232,144.263,131.697,131.997
849.1,97.979,108.226,142.275,94.811,114.766,138.266,144.233,131.735,132.035
849.2,98.041,108.28,142.275,94.746,114.766,138.232,144.233,131.772,131.997
849.3,98.041,108.334,142.244,94.811,114.815,138.232,144.233,131.735,131.997
849.4,97.979,108.388,142.244,94.681,114.815,138.232,144.294,131.735,132.072
849.5,98.041,108.442,142.244,94.681,114.864,138.266,144.233,131.735,132.072
849.6,97.979,108.388,142.306,94.811,114.864,138.266,144.233,131.735,132.072
849.7,98.041,108.388,142.306,94.681,114.913,138.232,144.263,131.772,132.035
849.8,98.103,108.442,142.212,94.811,114.766,138.266,144.263,131.772,132.035
849.9,97.979,108.388,142.244,94.746,114.913,138.266,144.294,131.81,132.109
850.0,97.979,108.442,142.275,94.746,115.011,138.266,144.263,131.772,132.072
850.1,98.041,108.442,142.212,94.746,114.962,138.333,144.203,131.81,132.072
850.2,98.041,108.388,142.244,94.746,114.913,138.299,144.233,131.772,132.072
850.3,98.041,108.442,142.306,94.746,114.962,138.333,144.263,131.772,132.109
850.4,98.041,108.549,142.244,94.681,115.109,138.266,144.263,131.772,132.072
850.5,97.979,108.442,142.306,94.746,114.913,138.333,144.233,131.772,132.072
850.6,98.041,108.549,142.244,94.681,115.011,138.333,144.263,131.772,132.147
850.7,98.041,108.549,142.275,94.746,115.011,138.299,144.294,131.81,132.072
850.8,97.979,108.495,142.306,94.681,115.06,138.299,144.203,131.772,132.147
850.9,98.103,108.549,142.275,94.876,115.109,138.299,144.294,131.735,132.109
851.0,98.041,108.603,142.275,94.811,115.109,138.266,144.294,131.848,132.072
851.1,98.041,108.603,142.275,94.811,115.158,138.4,144.294,131.772,132.221
851.2,98.103,108.603,142.275,94.876,115.109,138.366,144.233,131.81,132.147
851.3,98.103,108.657,142.306,94.811,115.158,138.333,144.233,131.848,132.147
851.4,98.103,108.657,142.275,94.811,115.158,138.333,144.263,131.848,132.109
851.5,98.041,108.764,142.275,94.811,115.207,138.299,144.263,131.848,132.147
851.6,98.103,108.657,142.306,94.746,115.207,138.333,144.294,131.848,132.109
851.7,98.103,108.764,142.306,94.811,115.256,138.4,144.294,131.885,132.147
851.8,98.041,108.71,142.306,94.746,115.304,138.333,144.354,131.848,132.147
851.9,98.165,108.764,142.275,94.876,115.304,138.333,144.294,131.885,132.147
852.0,98.103,108.764,142.337,94.681,115.304,138.366,144.294,131.848,132.184
852.1,98.165,108.817,142.306,94.811,115.256,138.333,144.263,131.848,132.147
852.2,98.165,108.764,142.337,94.876,115.304,138.366,144.263,131.885,132.184
852.3,98.103,108.817,142.337,94.811,115.304,138.4,144.263,131.848,132.184
852.4,98.165,108.817,142.306,94.876,115.353,138.333,144.294,131.922,132.184
852.5,98.041,108.871,142.306,94.811,115.353,138.366,144.294,131.885,132.109
852.6,98.103,108.817,142.275,94.811,115.402,138.366,144.233,131.922,132.221
852.7,98.165,108.871,142.337,94.811,115.402,138.4,144.294,131.848,132.184
852.8,98.103,108.924,142.337,94.811,115.499,138.4,144.294,131.885,132.259
852.9,98.165,108.978,142.337,94.876,115.45,138.366,144.294,131.885,132.259
853.0,98.227,108.924,142.306,94.876,115.548,138.366,144.294,131.922,132.221
853.1,98.165,108.924,142.337,94.811,115.45,138.4,144.294,131.885,132.221
853.2,98.165,108.978,142.368,94.811,115.45,138.4,144.294,131.885,132.296
853.3,98.165,108.978,142.368,94.681,115.45,138.366,144.294,131.922,132.221
853.4,98.103,109.031,142.337,94.811,115.499,138.4,144.294,131.922,132.259
853.5,98.165,109.031,142.337,94.876,115.596,138.4,144.294,131.922,132.221
853.6,98.165,109.031,142.368,94.681,115.596,138.4,144.324,131.922,132.259
853.7,98.165,109.031,142.337,94.811,115.548,138.4,144.294,131.997,132.221
853.8,98.103,109.031,142.337,94.876,115.548,138.433,144.324,131.922,132.259
853.9,98.041,109.031,142.306,94.811,115.596,138.433,144.324,131.885,132.184
854.0,98.165,109.085,142.306,94.876,115.596,138.4,144.294,131.922,132.37
854.1,98.165,109.031,142.368,94.876,115.548,138.4,144.294,131.96,132.259
854.2,98.103,109.031,142.306,94.876,115.645,138.4,144.354,131.96,132.296
854.3,98.165,109.085,142.306,94.811,115.645,138.433,144.294,131.922,132.296
854.4,98.227,109.085,142.368,94.876,115.645,138.433,144.324,131.922,132.259
854.5,98.227,109.191,142.368,94.876,115.693,138.433,144.383,131.96,132.259
854.6,98.289,109.138,142.337,94.94,115.645,138.433,144.294,131.997,132.296
854.7,98.165,109.085,142.368,94.94,115.645,138.433,144.294,131.96,132.296
854.8,98.227,109.244,142.337,94.876,115.645,138.433,144.324,131.922,132.296
854.9,98.227,109.191,142.368,94.876,115.693,138.433,144.324,131.96,132.296
855.0,98.165,109.191,142.399,95.005,115.693,138.467,144.294,131.997,132.37
855.1,98.227,109.404,142.337,94.94,115.838,138.5,144.354,131.997,132.296
855.2,98.227,109.191,142.368,94.876,115.742,138.433,144.294,131.96,132.296
855.3,98.165,109.244,142.368,94.876,115.742,138.433,144.294,131.96,132.296
855.4,98.165,109.244,142.337,94.876,115.79,138.533,144.324,132.072,132.296
855.5,98.227,109.244,142.368,94.94,115.79,138.5,144.294,131.997,132.333
855.6,98.289,109.298,142.399,94.811,115.838,138.433,144.294,131.997,132.296
855.7,98.227,109.298,142.337,94.94,115.838,138.5,144.294,132.072,132.296
855.8,98.227,109.351,142.368,95.005,115.887,138.5,144.324,131.96,132.333
855.9,98.289,109.457,142.337,94.876,115.838,138.467,144.294,131.997,132.333
856.0,98.227,109.298,142.368,94.94,115.935,138.467,144.294,131.997,132.333
856.1,98.227,109.51,142.368,94.94,115.887,138.433,144.294,132.035,132.333
856.2,98.289,109.404,142.368,94.94,115.935,138.467,144.324,131.96,132.333
856.3,98.289,109.404,142.43,94.94,115.935,138.567,144.324,132.035,132.407
856.4,98.227,109.404,142.43,94.876,115.935,138.467,144.324,132.035,132.296
856.5,98.289,109.457,142.368,94.94,115.983,138.5,144.354,132.072,132.333
856.6,98.227,109.457,142.399,94.876,116.031,138.467,144.383,132.035,132.37
856.7,98.289,109.51,142.43,94.94,115.983,138.533,144.324,132.072,132.407
856.8,98.289,109.51,142.368,94.94,115.983,138.5,144.324,132.035,132.37
856.9,98.289,109.457,142.368,95.069,116.031,138.5,144.324,132.072,132.37
857.0,98.289,109.51,142.399,94.94,116.128,138.533,144.354,132.072,132.407
857.1,98.289,109.563,142.399,94.94,116.031,138.5,144.294,132.072,132.407
857.2,98.351,109.51,142.368,95.005,116.128,138.567,144.324,132.072,132.444
857.3,98.413,109.616,142.399,94.94,116.08,138.467,144.354,132.072,132.407
857.4,98.289,109.616,142.43,95.005,116.176,138.567,144.324,132.072,132.37
857.5,98.351,109.616,142.399,94.94,116.08,138.5,144.324,132.072,132.37
857.6,98.351,109.616,142.368,95.005,116.176,138.567,144.324,132.072,132.444
857.7,98.289,109.669,142.399,95.005,116.128,138.567,144.354,132.072,132.407
857.8,98.227,109.616,142.399,95.134,116.176,138.5,144.294,132.072,132.407
857.9,98.289,109.669,142.399,94.94,116.176,138.533,144.324,132.109,132.407
858.0,98.289,109.669,142.368,95.069,116.224,138.567,144.383,132.109,132.407
858.1,98.289,109.722,142.462,95.005,116.176,138.533,144.354,132.109,132.444
858.2,98.227,109.669,142.399,95.005,116.224,138.567,144.383,132.147,132.444
858.3,98.351,109.722,142.43,95.005,116.224,138.533,144.324,132.147,132.407
858.4,98.351,109.775,142.399,95.005,116.272,138.533,144.383,132.109,132.407
858.5,98.351,109.722,142.399,94.94,116.224,138.567,144.354,132.072,132.407
858.6,98.289,109.775,142.43,94.94,116.272,138.5,144.173,132.147,132.482
858.7,98.351,109.722,142.462,95.069,116.224,138.667,144.354,132.109,132.407
858.8,98.351,109.775,142.399,95.005,116.272,138.6,144.324,132.147,132.407
858.9,98.351,109.775,142.399,95.134,116.224,138.567,144.354,132.109,132.407
859.0,98.351,109.827,142.43,95.005,116.416,138.567,144.354,132.147,132.407
859.1,98.351,109.775,142.43,95.005,116.32,138.567,144.383,132.072,132.444
859.2,98.351,109.827,142.337,95.005,116.368,138.6,144.294,132.072,132.444
859.3,98.351,109.827,142.43,95.069,116.32,138.6,144.354,132.147,132.482
859.4,98.351,109.827,142.399,95.005,116.368,138.567,144.413,132.147,132.444
859.5,98.351,109.827,142.462,95.069,116.464,138.567,144.354,132.147,132.444
859.6,98.413,109.88,142.399,95.134,116.464,138.567,144.324,132.221,132.444
859.7,98.413,109.827,142.399,95.005,116.464,138.567,144.354,132.109,132.482
859.8,98.413,109.933,142.43,95.005,116.464,138.6,144.354,132.147,132.519
859.9,98.351,109.88,142.43,95.005,116.464,138.6,144.413,132.147,132.519
860.0,98.351,109.88,142.493,95.069,116.464,138.6,144.354,132.147,132.482
860.1,98.351,109.88,142.399,95.069,116.464,138.6,144.354,132.147,132.444
860.2,98.413,109.985,142.43,95.005,116.512,138.567,144.294,132.147,132.482
860.3,98.413,109.933,142.43,95.069,116.464,138.6,144.354,132.147,132.482
860.4,98.351,109.933,142.462,95.069,116.512,138.633,144.354,132.147,132.519
860.5,98.413,110.038,142.43,95.069,116.512,138.7,144.354,132.184,132.556
860.6,98.413,110.038,142.524,95.069,116.607,138.567,144.383,132.221,132.556
860.7,98.474,109.985,142.368,95.069,116.512,138.6,144.354,132.184,132.519
860.8,98.351,110.038,142.493,95.134,116.751,138.733,144.354,132.221,132.556
860.9,98.351,110.091,142.399,95.134,116.655,138.6,144.354,132.184,132.482
861.0,98.536,110.091,142.43,95.069,116.655,138.6,144.233,132.221,132.556
861.1,98.413,110.091,142.462,95.069,116.655,138.633,144.383,132.221,132.519
861.2,98.474,110.091,142.43,95.005,116.607,138.633,144.354,132.221,132.556
861.3,98.413,110.143,142.493,95.134,116.655,138.633,144.354,132.221,132.519
861.4,98.474,110.196,142.399,95.005,116.703,138.633,144.413,132.184,132.519
861.5,98.474,110.196,142.493,95.134,116.751,138.7,144.473,132.296,132.667
861.6,98.474,110.196,142.43,95.069,116.751,138.633,144.383,132.221,132.556
861.7,98.474,110.196,142.43,95.198,116.751,138.767,144.383,132.259,132.593
861.8,98.474,110.248,142.462,95.134,116.798,138.667,144.383,132.296,132.556
861.9,98.474,110.248,142.462,95.134,116.751,138.667,144.383,132.221,132.556
862.0,98.536,110.196,142.43,95.198,116.751,138.633,144.354,132.259,132.519
862.1,98.413,110.301,142.43,95.134,116.751,138.633,144.383,132.259,132.556
862.2,98.474,110.301,142.43,95.069,116.798,138.7,144.383,132.221,132.63
862.3,98.474,110.301,142.337,95.134,116.798,138.667,144.413,132.259,132.556
862.4,98.413,110.248,142.462,95.069,116.894,138.667,144.354,132.296,132.593
862.5,98.474,110.405,142.493,95.134,116.798,138.7,144.354,132.296,132.593
862.6,98.474,110.353,142.493,95.198,116.894,138.7,144.413,132.221,132.593
862.7,98.536,110.405,142.462,95.134,116.894,138.7,144.383,132.296,132.593
862.8,98.536,110.353,142.399,95.134,116.894,138.7,144.383,132.259,132.593
862.9,98.536,110.353,142.462,95.198,116.894,138.633,144.383,132.259,132.667
863.0,98.474,110.405,142.493,95.069,116.894,138.667,144.383,132.296,132.593
863.1,98.536,110.405,142.462,95.134,116.989,138.633,144.383,132.259,132.593
863.2,98.536,110.405,142.399,95.198,117.036,138.7,144.383,132.259,132.63
863.3,98.474,110.51,142.524,95.069,116.989,138.7,144.383,132.259,132.593
863.4,98.536,110.405,142.493,95.198,116.941,138.667,144.443,132.259,132.63
863.5,98.597,110.405,142.493,95.134,116.989,138.7,144.383,132.333,132.63
863.6,98.597,110.51,142.555,95.134,117.036,138.567,144.383,132.333,132.63
863.7,98.536,110.51,142.462,95.134,116.989,138.767,144.383,132.407,132.556
863.8,98.536,110.458,142.462,95.134,117.036,138.7,144.354,132.296,132.63
863.9,98.536,110.51,142.493,95.134,117.084,138.733,144.413,132.333,132.667
864.0,98.536,110.51,142.555,95.198,117.131,138.7,144.413,132.333,132.63
864.1,98.474,110.562,142.524,95.198,117.131,138.733,144.383,132.259,132.63
864.2,98.536,110.405,142.555,95.198,117.084,138.7,144.383,132.333,132.667
864.3,98.536,110.615,142.493,95.134,117.084,138.733,144.443,132.37,132.667
864.4,98.536,110.562,142.524,95.262,117.131,138.733,144.383,132.333,132.667
864.5,98.597,110.615,142.524,95.198,117.084,138.8,144.383,132.37,132.667
864.6,98.536,110.667,142.555,95.134,117.131,138.767,144.413,132.333,132.704
864.7,98.597,110.667,142.493,95.198,117.179,138.7,144.383,132.37,132.667
864.8,98.597,110.615,142.493,95.134,117.084,138.733,144.443,132.37,132.667
864.9,98.536,110.667,142.524,95.134,117.179,138.733,144.383,132.333,132.667
865.0,98.536,110.667,142.493,95.198,117.179,138.733,144.413,132.37,132.704
865.1,98.536,110.719,142.524,95.198,117.273,138.767,144.413,132.407,132.704
865.2,98.597,110.719,142.524,95.198,117.273,138.633,144.383,132.333,132.667
865.3,98.536,110.719,142.493,95.198,117.226,138.8,144.413,132.407,132.704
865.4,98.597,110.719,142.493,95.262,117.273,138.767,144.383,132.333,132.704
865.5,98.597,110.771,142.524,95.198,117.226,138.733,144.443,132.37,132.741
865.6,98.597,110.771,142.493,95.262,117.368,138.733,144.443,132.444,132.704
865.7,98.474,110.771,142.524,95.262,117.321,138.767,144.413,132.37,132.778
865.8,98.597,110.875,142.524,95.198,117.321,138.767,144.413,132.407,132.741
865.9,98.474,110.823,142.555,95.198,117.321,138.767,144.383,132.37,132.704
866.0,98.597,110.771,142.555,95.198,117.368,138.833,144.413,132.407,132.741
866.1,98.597,110.875,142.524,95.262,117.415,138.8,144.413,132.407,132.741
866.2,98.659,111.083,142.524,95.262,117.415,138.8,144.413,132.407,132.741
866.3,98.659,110.979,142.555,95.134,117.415,138.8,144.443,132.407,132.704
866.4,98.597,110.927,142.524,95.262,117.557,138.833,144.413,132.407,132.741
866.5,98.597,111.031,142.586,95.262,117.462,138.8,144.413,132.482,132.741
866.6,98.597,110.979,142.524,95.262,117.509,138.8,144.413,132.444,132.741
866.7,98.659,110.979,142.524,95.262,117.557,138.8,144.443,132.407,132.741
866.8,98.659,110.979,142.555,95.327,117.557,138.8,144.443,132.444,132.814
866.9,98.597,110.979,142.524,95.262,117.604,138.833,144.413,132.444,132.778
867.0,98.597,111.083,142.555,95.262,117.557,138.833,144.443,132.519,132.778
867.1,98.659,111.031,142.524,95.262,117.604,138.833,144.503,132.444,132.851
867.2,98.721,111.134,142.555,95.262,117.604,138.8,144.443,132.444,132.778
867.3,98.659,111.083,142.555,95.327,117.557,138.833,144.443,132.444,132.704
867.4,98.659,111.083,142.555,95.262,117.651,138.866,144.413,132.444,132.778
867.5,98.659,111.083,142.555,95.391,117.557,138.866,144.413,132.444,132.741
867.6,98.659,111.186,142.555,95.262,117.651,138.833,144.413,132.519,132.778
867.7,98.659,111.186,142.586,95.262,117.698,138.833,144.503,132.482,132.814
867.8,98.659,111.186,142.555,95.262,117.651,138.833,144.443,132.444,132.814
867.9,98.721,111.29,142.586,95.327,117.698,138.833,144.473,132.482,132.778
868.0,98.659,111.186,142.555,95.327,117.839,138.833,144.443,132.519,132.814
868.1,98.721,111.186,142.524,95.327,117.745,138.866,144.443,132.519,132.851
868.2,98.597,111.186,142.524,95.391,117.792,138.866,144.473,132.482,132.814
868.3,98.782,111.238,142.555,95.327,117.745,138.932,144.413,132.482,132.814
868.4,98.782,111.29,142.586,95.391,117.839,138.833,144.443,132.482,132.814
868.5,98.721,111.238,142.555,95.327,117.792,138.866,144.563,132.556,132.814
868.6,98.843,111.341,142.555,95.327,117.839,138.833,144.443,132.519,132.851
868.7,98.721,111.29,142.524,95.327,117.839,138.866,144.443,132.556,132.814
868.8,98.782,111.29,142.617,95.327,117.792,138.866,144.413,132.519,132.851
868.9,98.721,111.341,142.555,95.327,117.839,138.899,144.413,132.556,132.888
869.0,98.721,111.341,142.555,95.262,117.839,138.899,144.443,132.556,132.888
869.1,98.721,111.29,142.493,95.391,117.932,138.899,144.443,132.556,132.851
869.2,98.721,111.341,142.493,95.327,117.886,138.866,144.443,132.593,132.851
869.3,98.721,111.393,142.586,95.391,117.839,138.899,144.413,132.556,132.851
869.4,98.905,111.393,142.586,95.391,117.886,138.866,144.413,132.556,132.814
869.5,98.659,111.393,142.555,95.455,117.979,138.866,144.443,132.444,132.814
869.6,98.782,111.393,142.617,95.327,117.932,138.899,144.443,132.556,132.851
869.7,98.721,111.393,142.617,95.391,117.979,138.866,144.443,132.519,132.888
869.8,98.782,111.393,142.555,95.327,118.073,138.899,144.473,132.519,132.888
869.9,98.782,111.393,142.586,95.327,117.979,138.866,144.473,132.482,132.888
870.0,98.782,111.444,142.586,95.327,117.979,138.899,144.473,132.482,132.851
870.1,98.782,111.496,142.586,95.391,118.026,138.932,144.443,132.593,132.888
870.2,98.782,111.548,142.617,95.262,117.979,138.899,144.413,132.556,132.888
870.3,98.782,111.496,142.586,95.455,118.073,138.899,144.473,132.556,132.925
870.4,98.782,111.444,142.586,95.391,118.026,138.899,144.473,132.556,132.888
870.5,98.721,111.496,142.586,95.327,118.073,138.899,144.473,132.556,132.999
870.6,98.782,111.496,142.555,95.391,118.073,138.966,144.443,132.556,132.925
870.7,98.782,111.496,142.617,95.262,118.026,138.899,144.324,132.63,132.888
870.8,98.782,111.548,142.586,95.391,118.12,138.899,144.473,132.593,132.888
870.9,98.782,111.548,142.617,95.455,118.12,138.899,144.443,132.593,132.888
871.0,98.782,111.599,142.617,95.327,118.166,138.899,144.473,132.593,132.962
871.1,98.782,111.65,142.586,95.455,118.166,138.932,144.503,132.63,132.888
871.2,98.843,111.599,142.555,95.391,118.26,138.932,144.443,132.556,132.962
871.3,98.782,111.65,142.586,95.327,118.166,138.899,144.533,132.63,132.888
871.4,98.782,111.599,142.709,95.391,118.213,138.932,144.473,132.593,132.962
871.5,98.843,111.65,142.586,95.455,118.166,138.932,144.473,132.593,132.925
871.6,98.782,111.702,142.617,95.455,118.26,138.899,144.443,132.63,132.962
871.7,98.782,111.702,142.617,95.391,118.12,138.932,144.503,132.704,132.925
871.8,98.843,111.65,142.586,95.391,118.26,138.932,144.443,132.63,132.962
871.9,98.782,111.753,142.617,95.519,118.213,138.932,144.503,132.593,132.925
872.0,98.782,111.702,142.679,95.327,118.353,138.932,144.473,132.63,132.925
872.1,98.782,111.856,142.648,95.519,118.26,138.966,144.503,132.593,132.962
872.2,98.782,111.702,142.586,95.327,118.26,138.966,144.503,132.593,133.035
872.3,98.782,111.753,142.679,95.327,118.26,138.899,144.533,132.63,132.962
872.4,98.843,111.702,142.679,95.455,118.446,138.966,144.533,132.63,132.962
872.5,98.843,111.805,142.586,95.519,118.306,138.966,144.383,132.63,132.999
872.6,98.843,111.805,142.679,95.391,118.306,138.966,144.473,132.63,132.962
872.7,98.843,111.805,142.679,95.455,118.446,138.932,144.473,132.63,132.999
872.8,98.843,111.805,142.617,95.519,118.306,139.032,144.533,132.667,132.925
872.9,98.782,111.805,142.617,95.391,118.353,138.999,144.473,132.667,132.962
873.0,98.905,111.856,142.617,95.455,118.353,139.032,144.383,132.667,132.962
873.1,98.843,111.805,142.617,95.455,118.399,138.966,144.503,132.704,132.999
873.2,98.843,111.907,142.586,95.455,118.446,139.032,144.443,132.667,132.999
873.3,98.843,111.907,142.617,95.455,118.353,138.966,144.473,132.667,132.999
873.4,98.782,111.907,142.586,95.519,118.353,138.999,144.503,132.667,132.999
873.5,98.782,111.907,142.617,95.455,118.492,138.999,144.503,132.667,132.925
873.6,98.843,111.958,142.648,95.455,118.399,138.999,144.503,132.704,132.962
873.7,98.843,111.958,142.648,95.583,118.446,138.966,144.533,132.704,133.035
873.8,98.843,112.009,142.679,95.455,118.539,139.164,144.473,132.704,132.999
873.9,98.905,112.009,142.648,95.455,118.539,138.966,144.533,132.667,133.035
874.0,98.966,112.009,142.617,95.455,118.492,138.999,144.503,132.63,132.999
874.1,98.905,112.009,142.617,95.391,118.631,138.999,144.503,132.704,133.035
874.2,98.843,111.958,142.679,95.519,118.539,139.032,144.473,132.741,133.035
874.3,98.905,112.163,142.617,95.455,118.539,138.999,144.473,132.704,132.962
874.4,98.843,112.112,142.648,95.455,118.585,138.999,144.563,132.667,133.035
874.5,98.966,112.061,142.74,95.455,118.631,138.999,144.473,132.741,132.999
874.6,98.966,112.061,142.648,95.519,118.631,139.065,144.503,132.704,132.999
874.7,98.966,112.112,142.617,95.583,118.631,139.032,144.503,132.704,133.109
874.8,98.966,112.061,142.679,95.455,118.585,138.999,144.503,132.741,133.035
874.9,98.905,112.061,142.679,95.455,118.678,138.999,144.503,132.741,133.035
875.0,98.905,112.163,142.648,95.455,118.631,139.032,144.533,132.741,133.146
875.1,98.905,112.163,142.679,95.455,118.724,139.032,144.533,132.741,133.072
875.2,98.966,112.214,142.648,95.519,118.724,139.065,144.503,132.667,133.072
875.3,98.905,112.163,142.648,95.519,118.678,139.098,144.503,132.741,133.072
875.4,99.027,112.214,142.679,95.455,118.724,139.032,144.533,132.741,133.035
875.5,98.905,112.316,142.648,95.519,118.724,139.098,144.473,132.778,133.072
875.6,98.966,112.214,142.648,95.519,118.77,139.032,144.533,132.778,133.072
875.7,98.966,112.214,142.679,95.519,118.77,139.098,144.503,132.667,133.072
875.8,98.966,112.214,142.648,95.647,118.77,139.032,144.503,132.778,133.072
875.9,98.966,112.265,142.617,95.519,118.724,139.032,144.503,132.741,133.072
876.0,98.966,112.265,142.679,95.583,118.863,139.032,144.473,132.741,133.109
876.1,98.966,112.265,142.617,95.583,118.77,139.098,144.503,132.778,133.035
876.2,98.966,112.265,142.679,95.583,118.817,139.098,144.563,132.778,133.146
876.3,98.905,112.316,142.679,95.583,118.817,139.032,144.503,132.778,133.146
876.4,98.966,112.366,142.648,95.583,118.909,139.098,144.503,132.778,133.109
876.5,98.966,112.316,142.709,95.583,118.817,139.032,144.533,132.814,133.109
876.6,98.966,112.417,142.679,95.583,118.863,139.098,144.533,132.778,133.109
876.7,98.966,112.316,142.586,95.583,118.863,138.999,144.503,132.814,133.109
876.8,99.027,112.417,142.709,95.647,118.909,139.098,144.503,132.814,133.182
876.9,98.966,112.417,142.679,95.583,118.909,139.098,144.533,132.814,133.109
877.0,98.966,112.417,142.709,95.583,118.909,139.065,144.503,132.851,133.072
877.1,99.027,112.316,142.679,95.519,118.909,139.065,144.533,132.814,133.035
877.2,98.966,112.468,142.679,95.519,118.955,139.098,144.473,132.814,133.109
877.3,98.966,112.468,142.648,95.583,118.955,139.098,144.593,132.741,133.109
877.4,98.905,112.417,142.709,95.583,118.955,139.065,144.533,132.778,133.109
877.5,98.843,112.417,142.679,95.519,118.955,139.098,144.503,132.778,133.109
877.6,99.027,112.519,142.709,95.519,118.955,139.098,144.593,132.778,133.109
877.7,99.088,112.417,142.648,95.519,118.955,139.065,144.563,132.814,133.146
877.8,98.966,112.468,142.679,95.583,119.001,139.065,144.503,132.778,133.109
877.9,99.088,112.519,142.679,95.519,119.001,139.098,144.533,132.778,133.109
878.0,98.966,112.519,142.679,95.583,119.001,139.131,144.473,132.851,133.146
878.1,99.027,112.519,142.771,95.647,119.093,139.098,144.533,132.814,133.182
878.2,98.966,112.57,142.679,95.583,119.047,139.098,144.563,132.851,133.182
878.3,99.027,112.519,142.648,95.583,119.001,139.131,144.443,132.814,133.146
878.4,99.027,112.62,142.709,95.519,119.093,139.098,144.533,132.814,133.182
878.5,99.027,112.57,142.679,95.583,119.047,139.098,144.533,132.851,133.146
878.6,99.027,112.62,142.709,95.583,119.139,139.098,144.533,132.814,133.219
878.7,98.966,112.57,142.679,95.583,119.093,139.131,144.533,132.851,133.146
878.8,99.027,112.62,142.679,95.647,119.093,139.131,144.503,132.851,133.109
878.9,99.027,112.722,142.679,95.583,119.185,139.131,144.593,132.851,133.182
879.0,99.027,112.671,142.709,95.519,119.323,139.131,144.533,132.851,133.255
879.1,99.027,112.62,142.679,95.583,119.185,139.131,144.563,132.851,133.255
879.2,99.027,112.671,142.709,95.583,119.185,139.164,144.533,132.888,133.146
879.3,99.027,112.722,142.709,95.647,119.231,139.164,144.593,132.851,133.255
879.4,99.088,112.722,142.74,95.583,119.231,139.131,144.503,132.888,133.182
879.5,99.088,112.772,142.679,95.583,119.231,139.131,144.593,132.888,133.255
879.6,99.088,112.722,142.74,95.647,119.231,139.164,144.563,132.888,133.182
879.7,99.088,112.722,142.74,95.647,119.277,139.164,144.533,132.888,133.182
879.8,99.088,112.772,142.709,95.647,119.231,139.164,144.563,132.851,133.182
879.9,99.027,112.924,142.771,95.647,119.323,139.164,144.623,132.888,133.182
880.0,99.088,112.772,142.679,95.711,119.277,139.164,144.503,132.888,133.182
880.1,99.088,112.823,142.709,95.647,119.277,139.131,144.563,132.888,133.219
880.2,99.027,112.823,142.74,95.647,119.369,139.197,144.533,132.925,133.219
880.3,99.088,112.772,142.709,95.647,119.323,139.164,144.563,132.925,133.219
880.4,99.088,112.873,142.679,95.647,119.369,139.131,144.533,132.925,133.255
880.5,99.088,112.823,142.709,95.711,119.323,139.164,144.533,132.888,133.329
880.6,99.027,112.873,142.679,95.647,119.369,139.197,144.563,132.925,133.219
880.7,99.15,112.873,142.771,95.711,119.415,139.164,144.593,132.925,133.255
880.8,99.027,112.873,142.771,95.711,119.461,139.164,144.533,132.925,133.219
880.9,99.15,112.924,142.802,95.647,119.415,139.23,144.563,132.925,133.292
881.0,99.088,112.924,142.679,95.711,119.461,139.164,144.533,132.925,133.255
881.1,99.088,112.974,142.74,95.711,119.415,139.197,144.563,132.925,133.329
881.2,99.088,112.924,142.74,95.647,119.461,139.197,144.563,132.888,133.255
881.3,99.15,112.974,142.709,95.647,119.461,139.197,144.593,132.925,133.255
881.4,99.211,112.974,142.771,95.647,119.415,139.197,144.563,132.925,133.255
881.5,99.15,112.974,142.74,95.711,119.506,139.23,144.533,132.925,133.255
881.6,99.088,113.025,142.74,95.647,119.506,139.23,144.503,132.925,133.329
881.7,99.15,112.974,142.74,95.647,119.598,139.197,144.533,132.925,133.255
881.8,99.088,113.075,142.74,95.647,119.506,139.197,144.563,132.962,133.292
881.9,99.088,113.075,142.74,95.711,119.506,139.23,144.623,132.962,133.255
882.0,99.211,113.075,142.709,95.711,119.552,139.23,144.563,132.962,133.292
882.1,99.15,113.075,142.709,95.647,119.598,139.23,144.533,132.925,133.329
882.2,99.15,113.025,142.802,95.647,119.598,139.197,144.593,132.962,133.292
882.3,99.088,113.075,142.74,95.711,119.598,139.197,144.563,132.925,133.255
882.4,99.211,113.075,142.74,95.711,119.552,139.23,144.563,132.962,133.292
882.5,99.027,113.075,142.74,95.775,119.552,139.197,144.593,132.962,133.292
882.6,99.15,113.075,142.74,95.711,119.598,139.23,144.533,132.925,133.292
882.7,99.333,113.075,142.74,95.711,119.689,139.197,144.563,132.999,133.219
882.8,99.15,113.176,142.74,95.711,119.598,139.23,144.593,132.999,133.329
882.9,99.15,113.075,142.74,95.711,119.598,139.263,144.593,132.962,133.329
883.0,99.15,113.125,142.74,95.711,119.643,139.23,144.533,132.962,133.329
883.1,99.15,113.125,142.802,95.711,119.643,139.23,144.563,132.999,133.329
883.2,99.15,113.176,142.74,95.711,119.552,139.263,144.533,132.999,133.292
883.3,99.088,113.226,142.74,95.711,119.735,139.23,144.563,132.999,133.329
883.4,99.15,113.226,142.74,95.711,119.643,139.23,144.563,132.999,133.292
883.5,99.15,113.226,142.74,95.775,119.689,139.23,144.593,132.962,133.329
883.6,99.211,113.226,142.771,95.711,119.735,139.23,144.623,132.999,133.329
883.7,99.211,113.276,142.74,95.775,119.78,139.263,144.593,132.999,133.292
883.8,99.15,113.226,142.802,95.775,119.735,139.197,144.593,132.999,133.292
883.9,99.15,113.226,142.771,95.583,119.78,139.263,144.533,133.035,133.292
884.0,99.211,113.276,142.74,95.711,119.871,139.296,144.593,133.035,133.402
884.1,99.211,113.226,142.74,95.711,119.735,139.23,144.593,132.999,133.329
884.2,99.211,113.276,142.771,95.839,119.78,139.263,144.593,133.035,133.329
884.3,99.15,113.276,142.74,95.711,119.78,139.263,144.593,133.072,133.329
884.4,99.211,113.276,142.802,95.775,119.78,139.296,144.563,132.999,133.329
884.5,99.211,113.326,142.802,95.711,119.735,139.23,144.563,133.072,133.365
884.6,99.211,113.377,142.802,95.775,119.871,139.296,144.593,133.035,133.365
884.7,99.211,113.377,142.771,95.775,119.826,139.296,144.593,133.035,133.329
884.8,99.333,113.326,142.833,95.775,119.826,139.263,144.593,132.999,133.402
884.9,99.211,113.377,142.802,95.839,119.871,139.263,144.593,133.035,133.365
885.0,99.211,113.477,142.802,95.711,119.871,139.296,144.593,133.035,133.329
885.1,99.211,113.377,142.74,95.711,119.917,139.263,144.652,132.999,133.402
885.2,99.272,113.326,142.771,95.775,119.917,139.296,144.623,133.035,133.402
885.3,99.15,113.427,142.925,95.775,119.871,139.23,144.563,133.035,133.365
885.4,99.272,113.427,142.74,95.839,119.871,139.296,144.563,133.035,133.365
885.5,99.333,113.427,142.802,95.775,119.962,139.296,144.593,132.999,133.329
885.6,99.211,113.427,142.74,95.775,120.053,139.263,144.593,133.072,133.438
885.7,99.211,113.477,142.771,95.775,119.962,139.296,144.593,133.035,133.365
885.8,99.272,113.477,142.771,95.775,119.962,139.329,144.533,133.035,133.402
885.9,99.211,113.527,142.74,95.775,119.962,139.329,144.593,133.035,133.365
886.0,99.272,113.527,142.771,95.775,119.962,139.296,144.593,133.072,133.475
886.1,99.211,113.477,142.74,95.647,120.007,139.329,144.623,133.035,133.402
886.2,99.272,113.527,142.771,95.839,120.053,139.329,144.593,133.072,133.402
886.3,99.333,113.577,142.74,95.839,120.053,139.296,144.593,133.072,133.402
886.4,99.211,113.577,142.802,95.839,120.053,139.329,144.623,133.072,133.438
886.5,99.272,113.577,142.802,95.775,120.053,139.329,144.593,133.035,133.402
886.6,99.333,113.577,142.833,95.839,120.144,139.329,144.593,133.072,133.438
886.7,99.272,113.577,142.802,95.839,120.098,139.296,144.593,133.035,133.438
886.8,99.394,113.577,142.802,95.903,120.098,139.329,144.593,133.072,133.365
886.9,99.211,113.627,142.771,95.839,120.189,139.329,144.623,133.109,133.475
887.0,99.333,113.677,142.833,95.903,120.144,139.296,144.563,133.109,133.438
887.1,99.272,113.677,142.833,95.839,120.098,139.329,144.593,133.072,133.402
887.2,99.272,113.677,142.802,95.775,120.189,139.329,144.652,133.109,133.475
887.3,99.272,113.727,142.833,95.775,120.189,139.362,144.593,133.109,133.475
887.4,99.272,113.677,142.802,95.775,120.234,139.296,144.593,133.072,133.475
887.5,99.333,113.677,142.802,95.839,120.234,139.329,144.593,133.072,133.438
887.6,99.333,113.727,142.833,95.839,120.279,139.362,144.682,133.146,133.511
887.7,99.272,113.677,142.833,95.775,120.234,139.296,144.593,133.146,133.511
887.8,99.272,113.727,142.771,95.839,120.324,139.362,144.563,133.072,133.438
887.9,99.333,113.777,142.833,95.903,120.234,139.329,144.652,133.146,133.438
888.0,99.394,113.826,142.802,95.839,120.234,139.362,144.623,133.109,133.438
888.1,99.272,113.777,142.802,95.967,120.234,139.394,144.593,133.146,133.511
888.2,99.333,113.777,142.833,95.839,120.415,139.362,144.563,133.182,133.475
888.3,99.394,113.876,142.802,95.839,120.279,139.362,144.623,133.146,133.475
888.4,99.333,113.777,142.802,95.839,120.234,139.362,144.652,133.255,133.402
888.5,99.272,113.777,142.802,95.839,120.279,139.362,144.623,133.146,133.511
888.6,99.272,113.826,142.802,95.839,120.324,139.362,144.652,133.146,133.475
888.7,99.333,113.876,142.802,95.839,120.324,139.362,144.623,133.109,133.475
888.8,99.333,113.826,142.802,95.839,120.37,139.362,144.623,133.182,133.475
888.9,99.333,113.926,142.709,95.839,120.324,139.394,144.623,133.146,133.475
889.0,99.333,113.876,142.802,95.839,120.279,139.329,144.652,133.035,133.475
889.1,99.333,113.926,142.802,95.839,120.37,139.362,144.623,133.146,133.511
889.2,99.394,113.926,142.833,95.903,120.46,139.362,144.623,133.182,133.475
889.3,99.333,113.976,142.802,95.839,120.46,139.394,144.623,133.146,133.475
889.4,99.394,113.926,142.802,95.903,120.415,139.394,144.623,133.182,133.511
889.5,99.394,113.976,142.864,95.903,120.505,139.394,144.623,133.182,133.511
889.6,99.394,114.025,142.864,95.903,120.505,139.394,144.623,133.182,133.548
889.7,99.455,114.075,142.833,95.967,120.595,139.394,144.623,133.182,133.511
889.8,99.455,114.075,142.802,95.903,120.505,139.394,144.623,133.219,133.584
889.9,99.394,114.075,142.833,95.967,120.64,139.427,144.593,133.182,133.548
890.0,99.394,114.075,142.833,95.967,120.55,139.394,144.623,133.219,133.548
890.1,99.455,114.075,142.802,95.839,120.55,139.427,144.682,133.182,133.548
890.2,99.394,114.075,142.802,95.967,120.505,139.427,144.623,133.219,133.548
890.3,99.272,114.075,142.895,95.903,120.505,139.394,144.623,133.182,133.548
890.4,99.394,114.025,142.833,95.967,120.55,139.427,144.623,133.182,133.548
890.5,99.394,114.125,142.802,95.775,120.595,139.427,144.623,133.182,133.548
890.6,99.394,114.125,142.802,95.903,120.595,139.427,144.533,133.182,133.548
890.7,99.394,114.075,142.864,95.903,120.73,139.427,144.652,133.255,133.511
890.8,99.394,114.273,142.802,95.967,120.595,139.427,144.593,133.219,133.584
890.9,99.455,114.224,142.895,95.839,120.64,139.46,144.623,133.219,133.548
891.0,99.394,114.174,142.833,95.903,120.64,139.427,144.682,133.219,133.62
891.1,99.455,114.224,142.833,95.903,120.64,139.427,144.652,133.255,133.62
891.2,99.394,114.273,142.833,95.903,120.685,139.427,144.682,133.219,133.584
891.3,99.455,114.174,142.802,95.903,120.595,139.493,144.652,133.255,133.584
891.4,99.394,114.224,142.833,95.967,120.775,139.46,144.623,133.255,133.657
891.5,99.455,114.224,142.864,95.967,120.775,139.394,144.652,133.219,133.584
891.6,99.455,114.224,142.833,95.967,120.775,139.427,144.652,133.219,133.584
891.7,99.455,114.273,142.833,95.967,120.73,139.427,144.682,133.255,133.584
891.8,99.515,114.323,142.833,95.967,120.775,139.46,144.652,133.255,133.584
891.9,99.455,114.273,142.864,95.967,120.819,139.427,144.652,133.292,133.584
892.0,99.455,114.273,142.895,95.967,120.64,139.493,144.652,133.292,133.584
892.1,99.455,114.323,142.895,95.967,120.775,139.46,144.652,133.292,133.584
892.2,99.394,114.323,142.895,95.903,120.819,139.46,144.652,133.292,133.584
892.3,99.576,114.323,142.864,95.903,120.819,139.46,144.682,133.329,133.584
892.4,99.455,114.323,142.864,96.03,120.864,139.493,144.652,133.292,133.584
892.5,99.576,114.372,142.833,96.03,120.864,139.46,144.652,133.292,133.62
892.6,99.455,114.421,142.833,95.967,120.864,139.46,144.712,133.292,133.511
892.7,99.515,114.372,142.864,95.967,120.775,139.526,144.652,133.292,133.62
892.8,99.455,114.372,142.864,95.967,120.819,139.526,144.652,133.255,133.62
892.9,99.455,114.323,142.895,96.03,120.864,139.46,144.652,133.292,133.729
893.0,99.455,114.421,142.864,95.967,120.819,139.46,144.652,133.292,133.584
893.1,99.455,114.421,142.864,96.03,120.909,139.46,144.593,133.292,133.584
893.2,99.455,114.421,142.864,96.03,120.909,139.493,144.652,133.329,133.584
893.3,99.455,114.421,142.925,95.967,120.954,139.493,144.682,133.292,133.62
893.4,99.455,114.471,142.895,95.967,120.998,139.493,144.652,133.292,133.584
893.5,99.576,114.471,142.895,95.967,120.954,139.46,144.712,133.292,133.62
893.6,99.455,114.471,142.925,95.967,120.954,139.493,144.623,133.292,133.62
893.7,99.515,114.471,142.864,95.967,120.998,139.526,144.652,133.329,133.657
893.8,99.515,114.52,142.864,96.03,120.954,139.526,144.682,133.402,133.657
893.9,99.515,114.569,142.864,95.967,120.998,139.526,144.652,133.329,133.693
894.0,99.455,114.569,142.925,96.03,120.998,139.526,144.652,133.329,133.693
894.1,99.515,114.569,142.864,95.967,121.088,139.526,144.652,133.292,133.62
894.2,99.515,114.569,142.895,96.03,121.132,139.526,144.682,133.292,133.657
894.3,99.637,114.619,142.864,96.03,121.088,139.526,144.593,133.329,133.693
894.4,99.515,114.668,142.895,96.03,121.132,139.558,144.682,133.329,133.657
894.5,99.515,114.619,142.895,96.03,121.132,139.493,144.712,133.329,133.729
894.6,99.515,114.668,142.864,96.03,121.132,139.526,144.682,133.329,133.693
894.7,99.576,114.717,142.925,96.03,121.177,139.558,144.682,133.329,133.693
894.8,99.515,114.717,142.925,96.03,121.222,139.558,144.652,133.255,133.693
894.9,99.576,114.717,142.925,96.03,121.177,139.526,144.682,133.365,133.693
895.0,99.576,114.766,142.895,96.094,121.177,139.493,144.682,133.365,133.766
895.1,99.576,114.717,142.895,96.03,121.266,139.526,144.682,133.365,133.693
895.2,99.515,114.766,142.925,95.903,121.222,139.526,144.652,133.402,133.802
895.3,99.455,114.766,142.956,96.094,121.222,139.591,144.652,133.475,133.729
895.4,99.637,114.766,142.895,96.094,121.222,139.558,144.712,133.402,133.657
895.5,99.637,114.766,142.987,96.03,121.266,139.526,144.712,133.365,133.693
895.6,99.576,114.815,142.895,96.094,121.311,139.558,144.682,133.329,133.729
895.7,99.637,114.864,142.864,96.094,121.311,139.558,144.682,133.402,133.729
895.8,99.576,114.913,142.925,96.03,121.355,139.558,144.712,133.365,133.729
895.9,99.576,114.913,142.925,96.094,121.311,139.558,144.682,133.402,133.729
896.0,99.637,114.864,142.925,96.03,121.355,139.558,144.682,133.402,133.729
896.1,99.637,114.913,142.925,96.094,121.355,139.624,144.712,133.365,133.729
896.2,99.637,114.913,142.956,96.094,121.355,139.558,144.652,133.402,133.802
896.3,99.576,114.913,142.925,96.094,121.399,139.624,144.682,133.402,133.802
896.4,99.637,114.962,142.895,96.158,121.399,139.591,144.682,133.402,133.766
896.5,99.637,114.962,142.925,95.967,121.355,139.591,144.742,133.548,133.729
896.6,99.576,115.011,142.987,96.094,121.399,139.624,144.712,133.402,133.729
896.7,99.637,115.011,142.895,96.03,121.444,139.591,144.682,133.438,133.874
896.8,99.637,114.962,142.925,96.094,121.444,139.591,144.712,133.402,133.766
896.9,99.637,115.06,142.895,96.094,121.533,139.591,144.712,133.438,133.729
897.0,99.576,115.06,142.895,96.158,121.488,139.624,144.712,133.438,133.766
897.1,99.698,114.962,142.895,96.158,121.444,139.591,144.652,133.402,133.766
897.2,99.698,115.109,142.925,96.094,121.488,139.591,144.682,133.438,133.766
897.3,99.698,115.011,142.925,96.094,121.444,139.624,144.652,133.438,133.766
897.4,99.637,115.06,142.925,96.158,121.533,139.624,144.682,133.438,133.766
897.5,99.637,115.06,142.987,96.03,121.488,139.591,144.682,133.475,133.802
897.6,99.637,115.06,142.956,96.158,121.533,139.624,144.682,133.438,133.766
897.7,99.637,115.109,142.925,96.094,121.488,139.591,144.682,133.402,133.802
897.8,99.698,115.158,142.956,96.03,121.488,139.624,144.682,133.438,133.802
897.9,99.698,115.06,142.925,96.158,121.533,139.591,144.712,133.402,133.802
898.0,99.637,115.158,142.925,96.158,121.399,139.624,144.712,133.402,133.802
898.1,99.637,115.109,142.895,96.158,121.621,139.624,144.652,133.475,133.802
898.2,99.698,115.109,142.925,96.158,121.577,139.591,144.682,133.475,133.802
898.3,99.576,115.109,142.925,96.158,121.621,139.689,144.712,133.475,133.802
898.4,99.698,115.158,142.925,96.094,121.621,139.591,144.652,133.475,133.838
898.5,99.698,115.158,142.925,96.158,121.577,139.624,144.682,133.475,133.802
898.6,99.698,115.207,142.925,96.094,121.621,139.624,144.712,133.438,133.838
898.7,99.637,115.207,142.925,96.03,121.665,139.689,144.652,133.584,133.874
898.8,99.698,115.207,142.925,96.158,121.621,139.624,144.831,133.438,133.874
898.9,99.698,115.256,142.895,96.158,121.665,139.689,144.712,133.475,133.802
899.0,99.576,115.207,142.956,96.158,121.71,139.657,144.712,133.511,133.802
899.1,99.637,115.256,142.956,96.221,121.71,139.689,144.712,133.511,133.838
899.2,99.698,115.304,142.925,96.221,121.754,139.624,144.712,133.475,133.802
899.3,99.698,115.256,142.987,96.221,121.71,139.624,144.742,133.475,133.838
899.4,99.698,115.256,142.956,96.158,121.71,139.526,144.712,133.475,133.838
899.5,99.698,115.304,142.956,96.158,121.71,139.624,144.772,133.475,133.802
899.6,99.758,115.304,142.925,96.158,121.71,139.657,144.682,133.475,133.802
899.7,99.758,115.304,142.925,96.158,121.71,139.657,144.623,133.511,133.838
899.8,99.698,115.304,142.956,96.221,121.754,139.624,144.742,133.438,133.838
899.9,99.698,115.304,142.925,96.158,121.754,139.657,144.742,133.511,133.838
900.0,99.698,115.353,142.833,96.158,121.842,139.657,144.712,133.511,133.874
900.1,99.698,115.353,142.925,96.285,121.842,139.657,144.712,133.475,133.838
900.2,99.698,115.402,142.956,96.285,121.798,139.657,144.712,133.511,133.802
900.3,99.698,115.353,142.956,96.158,121.798,139.689,144.712,133.548,133.802
900.4,99.698,115.402,142.956,96.221,121.798,139.657,144.712,133.475,133.838
900.5,99.637,115.402,142.956,96.221,121.842,139.657,144.682,133.548,133.874
900.6,99.758,115.402,142.987,96.221,121.842,139.657,144.682,133.511,133.874
900.7,99.758,115.45,142.925,96.221,121.842,139.657,144.682,133.548,133.874
900.8,99.758,115.402,142.956,96.221,121.886,139.657,144.712,133.548,133.874
900.9,99.698,115.45,142.925,96.158,121.93,139.689,144.712,133.548,133.874
901.0,99.758,115.45,142.956,96.221,121.842,139.657,144.742,133.511,133.874
901.1,99.758,115.45,142.987,96.221,121.842,139.689,144.682,133.548,133.838
901.2,99.819,115.499,142.956,96.221,121.93,139.689,144.742,133.511,133.874
901.3,99.758,115.499,142.956,96.221,121.886,139.689,144.712,133.584,133.874
901.4,99.758,115.499,142.956,96.221,121.93,139.689,144.801,133.511,133.874
901.5,99.758,115.45,142.987,96.221,122.018,139.689,144.742,133.548,133.874
901.6,99.758,115.499,142.987,96.221,121.93,139.722,144.742,133.584,133.874
901.7,99.758,115.45,142.956,96.158,121.93,139.689,144.772,133.548,133.874
901.8,99.698,115.548,142.956,96.285,121.93,139.689,144.712,133.548,133.874
901.9,99.819,115.548,142.956,96.158,121.93,139.657,144.712,133.584,133.911
902.0,99.758,115.596,142.987,96.285,121.974,139.689,144.742,133.548,133.911
902.1,99.758,115.548,142.956,96.221,122.018,139.689,144.712,133.657,133.947
902.2,99.698,115.548,142.987,96.221,121.974,139.689,144.772,133.548,133.874
902.3,99.819,115.548,142.956,96.285,121.974,139.755,144.682,133.548,133.911
902.4,99.758,115.596,142.987,96.221,122.018,139.689,144.712,133.584,133.874
902.5,99.758,115.645,142.987,96.221,122.018,139.689,144.742,133.584,133.874
902.6,99.758,115.596,142.956,96.285,122.106,139.722,144.712,133.548,133.911
902.7,99.819,115.693,142.987,96.285,122.062,139.722,144.712,133.584,133.983
902.8,99.88,115.596,142.987,96.285,122.106,139.689,144.772,133.548,133.911
902.9,99.819,115.645,142.956,96.221,122.062,139.722,144.712,133.548,133.911
903.0,99.819,115.693,142.987,96.221,122.106,139.689,144.742,133.548,133.947
903.1,99.758,115.645,142.956,96.221,122.062,139.722,144.712,133.548,133.911
903.2,99.88,115.693,142.987,96.285,122.106,139.722,144.712,133.584,133.947
903.3,99.758,115.645,142.987,96.285,122.15,139.787,144.742,133.62,133.911
903.4,99.819,115.693,142.956,96.348,122.062,139.722,144.772,133.584,133.947
903.5,99.819,115.596,142.956,96.285,122.062,139.755,144.742,133.584,133.874
903.6,99.88,115.693,142.987,96.158,122.106,139.755,144.742,133.548,133.983
903.7,99.819,115.79,142.987,96.285,122.15,139.722,144.712,133.657,133.911
903.8,99.758,115.79,142.956,96.285,122.15,139.689,144.742,133.62,134.019
903.9,99.88,115.79,142.987,96.221,122.238,139.722,144.772,133.584,133.947
904.0,99.88,115.79,142.987,96.348,122.194,139.755,144.801,133.62,133.983
904.1,99.819,115.79,142.987,96.221,122.15,139.755,144.742,133.62,133.947
904.2,99.819,115.742,142.956,96.221,122.194,139.722,144.742,133.62,133.983
904.3,99.819,115.742,142.956,96.285,122.238,139.755,144.742,133.62,133.983
904.4,99.88,115.838,142.987,96.285,122.238,139.689,144.742,133.584,133.947
904.5,99.758,115.79,142.987,96.285,122.194,139.722,144.772,133.62,133.947
904.6,99.758,115.887,143.018,96.348,122.238,139.787,144.742,133.62,133.947
904.7,99.88,115.79,142.987,96.348,122.282,139.755,144.742,133.62,133.947
904.8,99.819,115.887,142.987,96.348,122.194,139.755,144.742,133.62,133.983
904.9,99.819,115.887,143.018,96.348,122.282,139.755,144.712,133.584,133.947
905.0,99.88,115.838,142.987,96.348,122.282,139.755,144.772,133.657,133.983
905.1,99.819,115.935,142.987,96.285,122.282,139.755,144.742,133.657,133.947
905.2,99.88,115.887,143.018,96.348,122.326,139.755,144.742,133.657,133.983
905.3,99.758,115.935,143.018,96.285,122.282,139.755,144.742,133.62,133.947
905.4,99.88,115.935,143.018,96.348,122.326,139.755,144.772,133.62,133.947
905.5,99.88,115.887,142.987,96.348,122.326,139.755,144.742,133.584,134.019
905.6,99.88,115.983,142.925,96.348,122.326,139.755,144.742,133.62,133.983
905.7,99.88,115.935,143.018,96.348,122.369,139.755,144.772,133.657,133.983
905.8,99.819,115.935,143.048,96.285,122.326,139.755,144.742,133.657,133.983
905.9,99.94,115.983,143.018,96.348,122.369,139.787,144.742,133.657,133.983
906.0,99.819,115.935,143.048,96.285,122.326,139.755,144.742,133.693,134.019
906.1,99.94,116.031,142.987,96.285,122.413,139.82,144.772,133.693,133.983
906.2,99.88,115.983,143.048,96.285,122.457,139.787,144.712,133.62,133.983
906.3,99.819,116.08,142.987,96.348,122.369,139.787,144.742,133.657,134.055
906.4,99.94,115.983,143.018,96.348,122.369,139.787,144.742,133.693,134.055
906.5,100.0,116.08,143.079,96.348,122.5,139.787,144.801,133.693,134.055
906.6,99.88,116.031,143.018,96.285,122.369,139.82,144.742,133.693,134.055
906.7,99.88,116.031,143.048,96.285,122.413,139.853,144.742,133.693,134.019
906.8,99.94,116.08,143.018,96.285,122.5,139.787,144.742,133.657,134.055
906.9,99.88,116.128,143.018,96.285,122.5,139.787,144.772,133.584,133.983
907.0,99.819,116.08,143.018,96.348,122.5,139.787,144.801,133.693,134.055
907.1,99.88,116.128,143.048,96.348,122.5,139.787,144.742,133.657,134.055
907.2,99.94,116.128,142.987,96.348,122.5,139.82,144.772,133.693,133.983
907.3,99.94,116.128,143.018,96.348,122.544,139.787,144.772,133.693,134.019
907.4,99.88,116.176,143.048,96.411,122.588,139.82,144.742,133.729,134.055
907.5,99.88,116.224,142.987,96.348,122.588,139.853,144.772,133.693,134.055
907.6,99.94,116.224,143.018,96.285,122.588,139.82,144.742,133.729,134.055
907.7,100.0,116.224,143.018,96.348,122.631,139.787,144.831,133.729,134.055
907.8,99.94,116.272,143.048,96.475,122.631,139.82,144.742,133.729,134.055
907.9,99.94,116.224,143.079,96.348,122.588,139.82,144.742,133.729,134.019
908.0,99.94,116.272,143.018,96.411,122.588,139.82,144.742,133.693,134.055
908.1,99.94,116.272,143.079,96.411,122.718,139.82,144.831,133.729,134.091
908.2,99.94,116.32,143.018,96.475,122.675,139.787,144.801,133.802,134.091
908.3,100.0,116.32,143.141,96.411,122.675,139.82,144.801,133.693,134.127
908.4,99.94,116.32,143.018,96.475,122.675,139.853,144.772,133.766,134.091
908.5,99.94,116.368,143.018,96.411,122.718,139.82,144.772,133.766,134.091
908.6,99.94,116.368,143.048,96.411,122.762,139.853,144.772,133.766,134.055
908.7,99.94,116.368,143.048,96.348,122.718,139.787,144.772,133.729,134.091
908.8,100.0,116.368,143.048,96.411,122.805,139.853,144.742,133.729,134.164
908.9,99.94,116.416,143.048,96.475,122.762,139.853,144.742,133.766,134.091
909.0,99.94,116.368,143.048,96.411,122.762,139.885,144.861,133.729,134.091
909.1,99.88,116.464,143.079,96.411,122.762,139.82,144.861,133.729,134.127
909.2,99.94,116.416,143.018,96.411,122.805,139.853,144.772,133.729,134.127
909.3,100.0,116.416,143.048,96.475,122.849,139.853,144.831,133.802,134.127
909.4,100.061,116.56,143.11,96.475,122.805,139.918,144.772,133.729,134.127
909.5,100.061,116.464,143.018,96.475,122.805,139.885,144.801,133.766,134.127
909.6,100.0,116.416,143.048,96.411,122.849,139.885,144.742,133.802,134.091
909.7,100.061,116.464,143.048,96.411,122.805,139.885,144.742,133.766,134.127
909.8,99.94,116.512,143.079,96.475,122.849,139.853,144.801,133.766,134.127
909.9,99.94,116.512,143.018,96.475,122.805,139.853,144.742,133.766,134.164
910.0,100.0,116.464,143.079,96.475,122.805,139.853,144.831,133.766,134.091
910.1,100.0,116.464,143.048,96.538,122.849,139.853,144.772,133.729,134.2
910.2,100.0,116.512,143.048,96.475,122.892,139.885,144.742,133.802,134.127
910.3,100.0,116.607,143.079,96.475,122.892,139.885,144.772,133.802,134.164
910.4,99.94,116.512,143.048,96.475,122.936,139.95,144.772,133.838,134.127
910.5,100.0,116.56,143.048,96.475,122.936,139.853,144.801,133.766,134.164
910.6,100.0,116.512,143.048,96.475,122.892,139.885,144.772,133.802,134.127
910.7,100.0,116.56,143.079,96.475,123.022,139.918,144.801,133.766,134.2
910.8,100.0,116.607,143.079,96.411,122.936,139.885,144.742,133.729,134.127
910.9,99.94,116.464,143.018,96.475,122.892,139.918,144.772,133.802,134.164
911.0,100.0,116.607,143.048,96.411,122.936,139.853,144.772,133.838,134.2
911.1,100.0,116.56,143.018,96.475,122.936,139.95,144.831,133.838,134.2
911.2,100.061,116.655,143.048,96.411,122.979,139.853,144.831,133.766,134.164
911.3,100.0,116.607,143.079,96.475,122.979,139.885,144.772,133.838,134.091
911.4,100.0,116.607,143.048,96.411,123.022,139.885,144.772,133.766,134.164
911.5,100.0,116.655,143.048,96.475,122.936,139.885,144.801,133.838,134.2
911.6,100.061,116.655,143.048,96.475,123.066,139.853,144.742,133.802,134.164
911.7,100.061,116.655,143.018,96.475,123.022,139.918,144.772,133.766,134.127
911.8,100.061,116.703,143.079,96.475,122.936,139.95,144.801,133.838,134.164
911.9,99.94,116.703,143.048,96.475,123.022,139.885,144.801,133.838,134.2
912.0,100.0,116.703,143.11,96.538,123.066,139.918,144.772,133.802,134.164
912.1,100.061,116.751,143.048,96.475,123.022,139.885,144.772,133.802,134.164
912.2,100.061,116.703,143.079,96.538,123.109,139.885,144.772,133.802,134.164
912.3,100.121,116.751,143.079,96.411,123.109,139.918,144.801,133.802,134.2
912.4,100.061,116.751,143.048,96.475,123.066,139.885,144.801,133.802,134.2
912.5,100.061,116.751,143.018,96.475,123.109,139.95,144.801,133.838,134.2
912.6,100.061,116.798,143.048,96.538,123.109,139.885,144.831,133.838,134.2
912.7,100.121,116.751,143.11,96.538,122.936,139.918,144.772,133.802,134.2
912.8,100.061,116.798,143.079,96.538,123.109,139.918,144.801,133.874,134.2
912.9,100.182,116.798,143.11,96.411,123.152,139.918,144.801,133.838,134.2
913.0,100.121,116.798,143.079,96.411,123.152,139.95,144.801,133.874,134.2
913.1,100.0,116.846,143.079,96.538,123.238,139.95,144.772,133.874,134.164
913.2,100.121,116.846,143.079,96.475,123.195,139.918,144.801,133.838,134.2
913.3,100.0,116.894,143.11,96.538,123.238,139.885,144.772,133.874,134.2
913.4,100.061,116.894,143.11,96.538,123.152,139.918,144.801,133.838,134.308
913.5,100.061,116.894,143.079,96.538,123.238,139.885,144.801,133.874,134.236
913.6,99.94,116.894,143.079,96.538,123.238,139.885,144.772,133.911,134.272
913.7,100.121,116.894,143.079,96.538,123.282,139.95,144.772,133.874,134.236
913.8,100.061,116.894,143.079,96.538,123.238,140.08,144.772,133.874,134.236
913.9,100.061,116.941,143.079,96.538,123.282,140.015,144.831,133.911,134.2
914.0,100.242,116.941,143.079,96.538,123.282,139.95,144.831,133.874,134.2
914.1,100.121,116.941,143.079,96.538,123.282,139.983,144.831,133.911,134.272
914.2,100.121,116.989,143.079,96.538,123.325,139.95,144.801,133.911,134.308
914.3,100.121,116.989,143.233,96.475,123.325,139.95,144.772,133.874,134.236
914.4,100.121,116.989,143.11,96.538,123.325,140.015,144.861,133.983,134.272
914.5,100.121,117.036,143.171,96.601,123.325,139.95,144.801,133.911,134.236
914.6,100.121,116.989,143.141,96.538,123.454,140.015,144.772,133.874,134.236
914.7,100.182,117.084,143.11,96.664,123.368,139.983,144.772,133.874,134.236
914.8,100.121,116.989,143.048,96.601,123.411,139.983,144.831,133.874,134.236
914.9,100.121,116.989,143.11,96.538,123.325,139.983,144.801,133.983,134.272
915.0,100.121,117.036,143.079,96.601,123.368,139.983,144.772,133.911,134.343
915.1,100.121,117.084,143.141,96.538,123.411,139.918,144.801,133.874,134.272
915.2,100.061,117.084,143.11,96.601,123.411,140.015,144.831,133.911,134.272
915.3,100.182,117.131,143.079,96.601,123.454,139.983,144.861,133.947,134.272
915.4,100.121,117.084,143.048,96.538,123.411,139.983,144.831,133.874,134.272
915.5,100.182,117.084,143.171,96.664,123.454,139.983,144.831,133.947,134.272
915.6,100.182,117.036,143.11,96.601,123.411,139.918,144.831,133.911,134.272
915.7,100.121,117.131,143.141,96.601,123.411,139.983,144.831,133.911,134.308
915.8,100.242,117.179,143.11,96.601,123.454,139.95,144.772,133.911,134.236
915.9,100.061,117.321,143.141,96.538,123.497,139.983,144.801,133.911,134.272
916.0,100.242,117.179,143.11,96.664,123.454,139.95,144.801,133.947,134.308
916.1,100.182,117.131,143.171,96.601,123.454,139.983,144.831,133.983,134.272
916.2,100.182,117.179,143.11,96.601,123.54,139.983,144.801,133.983,134.308
916.3,100.182,117.179,143.11,96.601,123.497,139.983,144.801,133.911,134.308
916.4,100.121,117.179,143.079,96.664,123.583,140.015,144.861,133.983,134.308
916.5,100.182,117.273,143.079,96.601,123.54,140.015,144.801,133.947,134.343
916.6,100.121,117.226,143.11,96.601,123.626,139.983,144.861,133.947,134.308
916.7,100.182,117.226,143.11,96.664,123.54,139.983,144.831,134.019,134.308
916.8,100.182,117.226,143.079,96.664,123.583,140.015,144.89,133.983,134.272
916.9,100.182,117.226,143.11,96.601,123.583,139.983,144.861,133.983,134.272
917.0,100.242,117.273,143.171,96.664,123.583,140.015,144.801,133.874,134.272
917.1,100.182,117.273,143.141,96.664,123.626,140.015,144.831,133.983,134.343
917.2,100.242,117.273,143.141,96.601,123.583,140.015,144.861,133.947,134.343
917.3,100.182,117.321,143.141,96.728,123.583,140.08,144.92,133.947,134.343
917.4,100.182,117.321,143.171,96.601,123.626,140.015,144.831,134.019,134.343
917.5,100.242,117.368,143.048,96.728,123.626,140.015,144.861,133.983,134.308
917.6,100.182,117.321,143.11,96.664,123.626,140.015,144.801,133.947,134.308
917.7,100.302,117.321,143.171,96.664,123.626,140.048,144.831,133.983,134.343
917.8,100.182,117.321,143.171,96.664,123.669,140.015,144.801,133.947,134.308
917.9,100.242,117.273,143.11,96.601,123.626,140.015,144.801,134.019,134.343
918.0,100.182,117.321,143.141,96.664,123.669,140.015,144.831,133.983,134.343
918.1,100.302,117.321,143.171,96.601,123.626,140.048,144.831,133.947,134.343
918.2,100.182,117.368,143.202,96.664,123.669,140.015,144.831,133.983,134.308
918.3,100.242,117.368,143.048,96.664,123.669,140.08,144.89,134.091,134.415
918.4,100.182,117.368,143.11,96.664,123.626,140.015,144.801,133.947,134.343
918.5,100.242,117.368,143.11,96.664,123.669,140.015,144.831,134.019,134.343
918.6,100.242,117.415,143.11,96.601,123.626,140.015,144.831,133.983,134.343
918.7,100.242,117.415,143.171,96.664,123.754,140.015,144.831,133.983,134.308
918.8,100.302,117.368,143.11,96.664,123.754,140.048,144.801,133.983,134.308
918.9,100.242,117.368,143.141,96.601,123.626,140.048,144.772,133.983,134.343
919.0,100.182,117.509,143.141,96.728,123.711,140.015,144.861,134.019,134.343
919.1,100.242,117.415,143.171,96.664,123.711,140.113,144.801,134.019,134.343
919.2,100.302,117.462,143.11,96.601,123.754,140.048,144.861,134.019,134.308
919.3,100.242,117.509,143.141,96.664,123.754,140.048,144.861,134.019,134.343
919.4,100.242,117.462,143.171,96.728,123.754,140.015,144.831,134.019,134.379
919.5,100.242,117.509,143.171,96.728,123.754,140.048,144.801,133.983,134.343
919.6,100.242,117.509,143.202,96.538,123.754,140.048,144.831,134.019,134.415
919.7,100.302,117.462,143.233,96.664,123.797,140.08,144.861,133.983,134.379
919.8,100.242,117.462,143.141,96.791,123.797,140.08,144.831,134.019,134.343
919.9,100.302,117.557,143.171,96.728,123.754,139.983,144.861,134.019,134.415
920.0,100.242,117.509,143.171,96.664,123.84,140.048,144.861,134.019,134.379
920.1,100.302,117.557,143.141,96.728,123.84,140.08,144.861,134.055,134.415
920.2,100.302,117.604,143.171,96.728,123.883,140.048,144.831,134.019,134.379
920.3,100.242,117.557,143.11,96.664,123.883,140.08,144.861,134.055,134.379
920.4,100.302,117.604,143.141,96.728,123.84,140.08,144.861,134.055,134.379
920.5,100.302,117.698,143.171,96.728,123.883,140.08,144.801,134.127,134.415
920.6,100.302,117.509,143.141,96.728,123.883,140.113,144.831,134.019,134.379
920.7,100.302,117.604,143.171,96.728,123.84,140.08,144.92,134.055,134.379
920.8,100.302,117.604,143.171,96.664,124.011,140.08,144.861,134.055,134.379
920.9,100.302,117.604,143.141,96.664,123.925,140.145,144.742,134.055,134.415
921.0,100.302,117.698,143.202,96.791,123.883,140.048,144.861,134.055,134.415
921.1,100.362,117.651,143.171,96.728,123.925,140.08,144.831,134.091,134.415
921.2,100.242,117.698,143.233,96.728,123.968,140.08,144.831,134.127,134.379
921.3,100.362,117.698,143.171,96.728,123.968,140.08,144.831,134.055,134.487
921.4,100.242,117.698,143.202,96.728,123.925,140.113,144.861,134.055,134.415
921.5,100.302,117.745,143.171,96.664,124.011,140.08,144.831,134.055,134.451
921.6,100.302,117.698,143.202,96.728,123.968,140.08,144.861,134.055,134.451
921.7,100.362,117.792,143.171,96.728,123.968,140.08,144.89,134.019,134.451
921.8,100.362,117.745,143.171,96.728,123.968,140.113,144.861,134.091,134.487
921.9,100.362,117.745,143.141,96.664,124.011,140.08,144.861,134.055,134.415
922.0,100.362,117.792,143.171,96.728,124.011,140.113,144.861,134.164,134.451
922.1,100.362,117.792,143.171,96.728,124.011,140.08,144.801,134.091,134.451
922.2,100.362,117.745,143.171,96.728,124.011,140.113,144.861,134.055,134.415
922.3,100.362,117.745,143.171,96.601,124.053,140.08,144.861,134.055,134.415
922.4,100.362,117.932,143.171,96.728,124.138,140.08,144.831,134.091,134.415
922.5,100.302,117.792,143.202,96.728,124.096,140.113,144.89,134.091,134.451
922.6,100.482,117.839,143.171,96.791,124.096,140.113,144.861,134.127,134.415
922.7,100.362,117.792,143.171,96.728,124.138,140.113,144.861,134.091,134.451
922.8,100.362,117.839,143.171,96.728,124.096,140.145,144.861,134.091,134.487
922.9,100.422,117.886,143.233,96.791,124.096,140.113,144.831,134.164,134.379
923.0,100.422,117.839,143.202,96.728,124.096,140.08,144.861,134.164,134.451
923.1,100.362,117.839,143.141,96.791,124.096,140.113,144.831,134.127,134.487
923.2,100.422,117.839,143.171,96.728,124.181,140.113,144.861,134.091,134.415
923.3,100.422,117.886,143.171,96.728,124.138,140.145,144.861,134.091,134.415
923.4,100.362,117.932,143.171,96.728,124.096,140.113,144.92,134.127,134.415
923.5,100.362,117.932,143.171,96.791,124.181,140.048,144.831,134.055,134.451
923.6,100.362,117.979,143.171,96.728,124.181,140.113,144.89,134.055,134.487
923.7,100.362,117.932,143.202,96.854,124.223,140.145,144.861,134.127,134.451
923.8,100.302,117.886,143.233,96.791,124.181,140.177,144.89,134.127,134.451
923.9,100.482,117.979,143.171,96.728,124.181,140.21,144.831,134.127,134.487
924.0,100.362,117.932,143.202,96.791,124.223,140.08,144.89,134.127,134.451
924.1,100.362,117.932,143.202,96.791,124.266,140.08,144.861,134.019,134.451
924.2,100.302,118.026,143.233,96.728,124.181,140.113,144.89,134.127,134.451
924.3,100.362,117.979,143.171,96.791,124.223,140.113,144.831,134.091,134.559
924.4,100.422,118.026,143.233,96.791,124.266,140.177,144.831,134.055,134.559
924.5,100.362,118.026,143.202,96.728,124.266,140.145,144.801,134.127,134.451
924.6,100.422,117.979,143.263,96.791,124.223,140.145,144.831,134.164,134.523
924.7,100.362,117.979,143.171,96.791,124.223,140.145,144.89,134.236,134.487
924.8,100.362,117.932,143.171,96.728,124.223,140.145,144.861,134.127,134.487
924.9,100.362,117.839,143.141,96.791,124.308,140.21,144.831,134.2,134.523
925.0,100.422,118.026,143.202,96.791,124.266,140.113,144.861,134.164,134.379
925.1,100.422,118.026,143.171,96.791,124.308,140.177,144.89,134.127,134.487
925.2,100.422,118.026,143.171,96.791,124.266,140.145,144.89,134.127,134.523
925.3,100.362,118.073,143.202,96.728,124.266,140.08,144.89,134.164,134.523
925.4,100.422,118.073,143.233,96.854,124.266,140.145,144.861,134.164,134.487
925.5,100.422,117.979,143.171,96.791,124.308,140.145,144.772,134.164,134.523
925.6,100.422,118.12,143.202,96.854,124.308,140.015,144.861,134.164,134.523
925.7,100.302,118.073,143.233,96.791,124.351,140.145,144.861,134.2,134.523
925.8,100.482,118.073,143.202,96.791,124.351,140.177,144.861,134.2,134.523
925.9,100.362,118.073,143.171,96.791,124.351,140.145,144.861,134.164,134.487
926.0,100.362,118.073,143.202,96.791,124.351,140.145,144.979,134.164,134.487
926.1,100.422,118.12,143.233,96.791,124.351,140.145,144.831,134.164,134.487
926.2,100.422,118.026,143.233,96.854,124.351,140.145,144.92,134.2,134.523
926.3,100.422,118.073,143.202,96.854,124.393,140.145,144.861,134.127,134.559
926.4,100.482,118.166,143.233,96.791,124.351,140.177,144.861,134.164,134.559
926.5,100.422,118.213,143.233,96.791,124.393,140.145,144.861,134.164,134.487
926.6,100.422,118.166,143.263,96.791,124.393,140.177,144.861,134.164,134.559
926.7,100.362,118.213,143.263,96.854,124.393,140.145,144.92,134.164,134.487
926.8,100.482,118.166,143.202,96.854,124.436,140.145,144.89,134.164,134.451
926.9,100.422,118.353,143.233,96.791,124.436,140.242,144.861,134.2,134.559
927.0,100.422,118.213,143.202,96.854,124.52,140.177,144.831,134.164,134.523
927.1,100.482,118.26,143.263,96.854,124.436,140.177,144.861,134.2,134.559
927.2,100.482,118.26,143.233,96.917,124.436,140.177,144.861,134.2,134.559
927.3,100.482,118.166,143.171,96.854,124.436,140.21,144.89,134.164,134.487
927.4,100.482,118.12,143.202,96.854,124.478,140.177,144.861,134.127,134.523
927.5,100.422,118.26,143.233,96.854,124.478,140.21,144.861,134.2,134.559
927.6,100.482,118.26,143.294,96.854,124.52,140.177,144.861,134.236,134.559
927.7,100.482,118.26,143.294,96.854,124.478,140.21,144.89,134.2,134.559
927.8,100.422,118.26,143.233,96.854,124.478,140.145,144.861,134.2,134.487
927.9,100.482,118.306,143.202,96.98,124.52,140.21,144.861,134.2,134.559
928.0,100.482,118.353,143.233,96.854,124.52,140.177,144.861,134.2,134.559
928.1,100.482,118.306,143.202,97.042,124.52,140.275,144.861,134.2,134.523
928.2,100.482,118.26,143.202,96.854,124.52,140.275,144.89,134.236,134.594
928.3,100.482,118.306,143.202,96.854,124.605,140.21,144.861,134.164,134.594
928.4,100.482,118.353,143.233,96.854,124.605,140.242,144.89,134.2,134.559
928.5,100.482,118.306,143.202,96.854,124.562,140.21,144.89,134.236,134.559
928.6,100.482,118.399,143.263,96.917,124.562,140.242,144.861,134.2,134.559
928.7,100.542,118.446,143.202,96.854,124.647,140.242,144.861,134.272,134.63
928.8,100.542,118.446,143.263,96.917,124.605,140.21,144.89,134.272,134.559
928.9,100.482,118.446,143.233,96.854,124.605,140.21,144.92,134.2,134.559
929.0,100.482,118.399,143.233,96.917,124.605,140.242,144.89,134.236,134.63
929.1,100.482,118.446,143.263,96.854,124.647,140.21,144.89,134.236,134.63
929.2,100.542,118.492,143.202,96.854,124.647,140.21,144.92,134.236,134.559
929.3,100.542,118.446,143.233,96.854,124.773,140.177,144.92,134.2,134.63
929.4,100.542,118.399,143.294,96.917,124.689,140.242,144.89,134.272,134.594
929.5,100.602,118.446,143.202,96.917,124.689,140.242,144.89,134.236,134.63
929.6,100.662,118.492,143.263,96.854,124.689,140.242,144.89,134.272,134.63
929.7,100.542,118.446,143.202,96.917,124.689,140.21,144.92,134.308,134.594
929.8,100.542,118.539,143.294,96.98,124.731,140.21,144.89,134.272,134.594
929.9,100.542,118.492,143.233,96.917,124.773,140.242,144.89,134.236,134.594
930.0,100.542,118.492,143.202,96.854,124.731,140.242,144.89,134.236,134.594
930.1,100.542,118.492,143.233,96.917,124.731,140.177,144.92,134.236,134.666
930.2,100.542,118.539,143.233,96.917,124.689,140.242,144.92,134.236,134.594
930.3,100.602,118.585,143.294,96.917,124.773,140.242,144.89,134.236,134.63
930.4,100.542,118.539,143.233,96.917,124.773,140.242,144.89,134.272,134.594
930.5,100.542,118.585,143.263,96.917,124.731,140.242,144.92,134.236,134.594
930.6,100.542,118.539,143.263,96.917,124.773,140.242,144.89,134.272,134.594
930.7,100.542,118.539,143.233,96.854,124.731,140.242,144.92,134.272,134.63
930.8,100.542,118.631,143.233,97.042,124.773,140.242,144.861,134.272,134.666
930.9,100.542,118.585,143.263,96.917,124.816,140.275,144.92,134.236,134.63
931.0,100.482,118.585,143.202,97.042,124.816,140.242,144.92,134.2,134.63
931.1,100.542,118.631,143.263,96.854,124.858,140.242,144.89,134.272,134.63
931.2,100.602,118.631,143.263,96.917,124.731,140.242,144.92,134.272,134.63
931.3,100.542,118.631,143.233,96.917,124.9,140.307,144.89,134.272,134.702
931.4,100.542,118.585,143.263,96.917,124.858,140.307,144.89,134.272,134.63
931.5,100.662,118.631,143.263,96.98,124.858,140.242,144.89,134.272,134.63
931.6,100.662,118.724,143.263,96.917,124.9,140.242,144.92,134.2,134.63
931.7,100.602,118.631,143.263,96.917,124.942,140.242,144.95,134.272,134.702
931.8,100.542,118.631,143.202,96.98,124.858,140.307,144.89,134.272,134.666
931.9,100.602,118.724,143.233,96.98,124.858,140.275,144.861,134.272,134.666
932.0,100.602,118.724,143.263,96.98,124.9,140.275,144.92,134.272,134.666
932.1,100.602,118.724,143.263,96.98,124.942,140.275,144.92,134.272,134.666
932.2,100.662,118.678,143.233,97.105,124.9,140.275,144.92,134.343,134.594
932.3,100.602,118.724,143.294,96.98,124.942,140.275,144.92,134.343,134.702
932.4,100.542,118.724,143.263,96.98,124.984,140.275,144.92,134.308,134.666
932.5,100.602,118.77,143.294,96.917,124.984,140.275,144.979,134.343,134.666
932.6,100.722,118.817,143.294,96.98,124.9,140.275,144.861,134.343,134.702
932.7,100.662,118.817,143.294,96.98,124.984,140.275,144.92,134.308,134.666
932.8,100.662,118.863,143.263,96.98,125.026,140.275,144.89,134.308,134.702
932.9,100.662,118.817,143.263,97.042,124.984,140.307,144.89,134.343,134.737
933.0,100.602,118.909,143.263,96.98,124.984,140.275,144.89,134.343,134.666
933.1,100.602,118.863,143.294,96.98,125.068,140.372,144.89,134.343,134.702
933.2,100.662,118.863,143.294,96.98,125.026,140.307,144.92,134.343,134.702
933.3,100.722,118.863,143.294,97.042,125.068,140.275,144.92,134.379,134.666
933.4,100.662,118.909,143.263,97.042,125.026,140.339,144.92,134.343,134.737
933.5,100.722,118.863,143.294,97.042,125.026,140.307,144.861,134.308,134.737
933.6,100.662,118.909,143.355,96.98,125.026,140.339,144.89,134.343,134.702
933.7,100.722,118.909,143.263,96.98,125.11,140.307,144.95,134.308,134.702
933.8,100.662,118.955,143.263,97.042,125.11,140.307,144.92,134.379,134.702
933.9,100.542,118.955,143.202,97.042,125.068,140.275,144.89,134.343,134.702
934.0,100.662,118.955,143.263,97.105,125.151,140.307,144.92,134.343,134.666
934.1,100.662,119.001,143.324,97.042,125.151,140.339,144.92,134.343,134.702
934.2,100.722,119.001,143.294,97.105,125.193,140.275,144.89,134.343,134.737
934.3,100.782,119.047,143.324,97.042,125.151,140.307,144.92,134.343,134.773
934.4,100.722,119.139,143.263,97.042,125.193,140.372,144.95,134.379,134.737
934.5,100.722,119.047,143.294,97.042,125.277,140.339,144.92,134.343,134.737
934.6,100.602,119.047,143.294,97.042,125.235,140.307,144.89,134.343,134.809
934.7,100.722,119.001,143.294,97.042,125.193,140.307,144.95,134.415,134.702
934.8,100.662,118.955,143.294,96.98,125.277,140.307,144.92,134.379,134.737
934.9,100.722,119.093,143.294,97.042,125.235,140.372,144.92,134.379,134.737
935.0,100.662,119.139,143.324,97.042,125.277,140.372,144.95,134.451,134.702
935.1,100.722,119.047,143.324,97.042,125.235,140.372,144.92,134.379,134.809
935.2,100.662,119.139,143.324,97.042,125.235,140.372,144.92,134.451,134.809
935.3,100.722,119.093,143.294,97.168,125.235,140.307,144.92,134.308,134.737
935.4,100.722,119.093,143.355,97.042,125.277,140.372,144.92,134.415,134.773
935.5,100.722,119.139,143.324,97.042,125.277,140.339,144.92,134.415,134.737
935.6,100.722,119.139,143.294,97.042,125.319,140.339,144.89,134.451,134.737
935.7,100.722,119.139,143.294,97.168,125.402,140.339,144.95,134.379,134.773
935.8,100.662,119.185,143.294,97.168,125.277,140.372,144.95,134.415,134.737
935.9,100.782,119.185,143.324,97.105,125.319,140.275,144.92,134.487,134.737
936.0,100.722,119.185,143.263,97.042,125.36,140.339,144.92,134.379,134.737
936.1,100.722,119.139,143.294,97.042,125.319,140.339,144.95,134.415,134.737
936.2,100.722,119.185,143.294,97.042,125.402,140.372,144.95,134.415,134.737
936.3,100.782,119.139,143.324,97.042,125.36,140.372,144.92,134.379,134.809
936.4,100.722,119.231,143.202,97.105,125.277,140.339,144.979,134.415,134.773
936.5,100.722,119.185,143.324,97.105,125.36,140.404,144.979,134.379,134.773
936.6,100.722,119.231,143.294,97.042,125.319,140.339,144.95,134.379,134.773
936.7,100.722,119.231,143.324,97.105,125.36,140.404,144.979,134.415,134.773
936.8,100.722,119.231,143.324,97.105,125.36,140.372,144.831,134.415,134.737
936.9,100.722,119.231,143.355,97.105,125.36,140.372,144.92,134.451,134.773
937.0,100.662,119.231,143.324,97.168,125.402,140.339,144.95,134.451,134.737
937.1,100.722,119.231,143.294,97.168,125.402,140.307,144.95,134.415,134.702
937.2,100.662,119.231,143.324,97.105,125.444,140.339,144.92,134.415,134.737
937.3,100.722,119.277,143.355,97.042,125.444,140.372,144.95,134.379,134.809
937.4,100.782,119.323,143.324,97.105,125.444,140.404,144.92,134.415,134.773
937.5,100.782,119.277,143.385,97.105,125.444,140.404,144.92,134.451,134.844
937.6,100.722,119.277,143.294,97.042,125.444,140.372,144.92,134.415,134.773
937.7,100.722,119.323,143.294,97.105,125.444,140.372,144.979,134.415,134.773
937.8,100.722,119.369,143.324,97.105,125.444,140.339,144.979,134.487,134.773
937.9,100.662,119.323,143.355,97.105,125.485,140.372,144.95,134.451,134.809
938.0,100.782,119.323,143.324,97.105,125.527,140.339,144.95,134.451,134.809
938.1,100.782,119.323,143.324,97.105,125.485,140.339,144.979,134.451,134.844
938.2,100.782,119.369,143.324,97.168,125.527,140.404,144.95,134.487,134.809
938.3,100.782,119.369,143.324,97.168,125.527,140.372,144.95,134.451,134.809
938.4,100.782,119.415,143.294,97.105,125.527,140.404,144.92,134.415,134.809
938.5,100.782,119.415,143.324,97.105,125.527,140.372,144.92,134.451,134.809
938.6,100.782,119.415,143.294,97.105,125.527,140.372,144.979,134.487,134.844
938.7,100.842,119.506,143.294,97.231,125.527,140.404,144.979,134.451,134.809
938.8,100.842,119.506,143.294,97.168,125.569,140.372,144.95,134.451,134.844
938.9,100.782,119.415,143.294,97.168,125.61,140.404,144.95,134.451,134.844
939.0,100.782,119.415,143.294,97.105,125.61,140.372,144.95,134.487,134.809
939.1,100.722,119.415,143.355,97.168,125.652,140.404,144.95,134.487,134.88
939.2,100.782,119.506,143.324,97.168,125.61,140.404,144.95,134.487,134.915
939.3,100.782,119.506,143.324,97.168,125.569,140.436,144.95,134.487,134.809
939.4,100.902,119.461,143.324,97.168,125.61,140.404,144.95,134.451,134.809
939.5,100.722,119.461,143.324,97.168,125.61,140.404,144.92,134.487,134.844
939.6,100.782,119.506,143.355,97.231,125.693,140.404,144.95,134.487,134.844
939.7,100.842,119.506,143.324,97.105,125.652,140.468,144.95,134.523,134.88
939.8,100.782,119.506,143.355,97.231,125.652,140.436,144.979,134.487,134.844
939.9,100.782,119.506,143.355,97.168,125.652,140.404,144.95,134.451,134.844
940.0,100.782,119.552,143.355,97.231,125.61,140.372,144.95,134.487,134.915
940.1,100.782,119.506,143.324,97.231,125.735,140.404,144.95,134.487,134.951
940.2,100.782,119.506,143.324,97.168,125.652,140.404,144.95,134.487,134.844
940.3,100.842,119.506,143.355,97.105,125.652,140.436,144.95,134.451,134.844
940.4,100.902,119.598,143.324,97.168,125.61,140.404,144.979,134.451,134.844
940.5,100.842,119.598,143.324,97.168,125.652,140.404,144.92,134.487,134.844
940.6,100.842,119.552,143.324,97.231,125.693,140.436,144.95,134.487,134.88
940.7,100.842,119.552,143.355,97.168,125.693,140.404,144.92,134.523,134.809
940.8,100.902,119.598,143.385,97.168,125.735,140.404,144.95,134.487,134.844
940.9,100.842,119.552,143.324,97.105,125.693,140.404,144.95,134.451,134.844
941.0,100.842,119.552,143.294,97.231,125.693,140.404,144.92,134.487,134.844
941.1,100.902,119.643,143.355,97.105,125.693,140.404,144.95,134.451,134.844
941.2,100.842,119.78,143.385,97.168,125.693,140.404,144.95,134.523,134.844
941.3,100.842,119.643,143.324,97.168,125.735,140.468,145.039,134.487,134.88
941.4,100.782,119.598,143.355,97.231,125.735,140.468,144.979,134.451,134.915
941.5,100.842,119.598,143.355,97.168,125.735,140.404,144.861,134.487,134.88
941.6,100.842,119.689,143.385,97.231,125.776,140.404,144.95,134.523,134.844
941.7,100.842,119.643,143.324,97.168,125.818,140.404,144.979,134.523,134.88
941.8,100.782,119.598,143.355,97.168,125.735,140.436,144.95,134.487,134.88
941.9,100.902,119.643,143.324,97.105,125.776,140.436,144.92,134.523,134.88
942.0,100.842,119.643,143.355,97.168,125.776,140.404,144.92,134.523,134.915
942.1,100.902,119.689,143.324,97.293,125.776,140.436,144.979,134.559,134.844
942.2,100.902,119.826,143.355,97.168,125.818,140.404,144.979,134.523,134.915
942.3,100.842,119.735,143.324,97.293,125.818,140.468,145.068,134.487,134.88
942.4,100.902,119.735,143.294,97.168,125.859,140.468,144.979,134.523,134.88
942.5,100.902,119.735,143.355,97.231,125.818,140.436,144.95,134.559,134.88
942.6,100.902,119.735,143.355,97.231,125.859,140.468,144.95,134.559,134.915
942.7,100.961,119.78,143.355,97.231,125.901,140.436,144.95,134.523,134.88
942.8,100.842,119.78,143.324,97.231,125.859,140.468,144.95,134.523,134.915
942.9,100.902,119.78,143.385,97.231,125.859,140.501,144.95,134.523,134.915
943.0,100.961,119.871,143.324,97.168,125.859,140.468,144.92,134.594,134.915
943.1,100.902,119.871,143.416,97.231,125.901,140.436,144.979,134.523,134.88
943.2,100.902,119.78,143.355,97.231,125.901,140.436,145.009,134.559,134.88
943.3,100.902,119.871,143.355,97.231,125.942,140.468,144.979,134.523,134.88
943.4,101.021,119.917,143.355,97.231,125.859,140.468,144.95,134.594,134.915
943.5,100.961,119.871,143.355,97.231,125.942,140.468,144.979,134.523,134.915
943.6,100.902,119.871,143.355,97.293,125.901,140.468,144.95,134.594,134.915
943.7,100.902,119.871,143.355,97.168,125.983,140.533,144.979,134.523,134.951
943.8,100.961,119.917,143.385,97.231,125.942,140.501,144.979,134.487,134.987
943.9,100.961,119.962,143.385,97.231,125.942,140.436,144.979,134.523,134.987
944.0,100.961,119.917,143.385,97.293,125.983,140.404,144.95,134.559,134.987
944.1,101.021,119.917,143.416,97.231,125.983,140.565,145.009,134.594,134.915
944.2,101.021,119.917,143.385,97.231,125.901,140.501,144.979,134.594,134.915
944.3,100.961,119.962,143.355,97.293,126.024,140.468,144.95,134.559,134.951
944.4,100.961,120.007,143.355,97.231,126.066,140.501,145.009,134.594,134.915
944.5,100.961,119.917,143.355,97.293,126.024,140.597,144.89,134.63,134.915
944.6,100.961,120.053,143.385,97.293,126.024,140.468,144.95,134.63,134.951
944.7,100.961,120.007,143.355,97.168,126.066,140.501,144.95,134.63,134.951
944.8,100.961,120.007,143.355,97.231,126.024,140.501,144.979,134.594,134.915
944.9,100.961,120.007,143.355,97.231,126.148,140.468,144.89,134.594,134.951
945.0,100.961,120.053,143.355,97.231,126.066,140.501,144.979,134.594,134.951
945.1,100.961,120.053,143.416,97.293,126.107,140.533,144.95,134.594,134.951
945.2,101.021,120.007,143.446,97.293,126.066,140.501,145.009,134.63,134.987
945.3,101.021,120.053,143.385,97.231,126.066,140.533,144.979,134.594,134.951
945.4,100.961,120.053,143.355,97.293,126.107,140.501,144.979,134.559,134.987
945.5,100.961,120.098,143.416,97.105,126.107,140.468,145.009,134.594,134.987
945.6,100.961,120.053,143.416,97.231,126.066,140.501,144.979,134.594,134.951
945.7,101.021,120.053,143.355,97.293,126.148,140.533,144.979,134.702,134.987
945.8,100.961,120.007,143.416,97.293,126.107,140.501,145.009,134.63,134.88
945.9,100.961,120.098,143.385,97.356,126.148,140.501,145.009,134.594,134.951
946.0,100.902,120.098,143.416,97.419,126.148,140.501,145.009,134.63,134.951
946.1,101.021,120.098,143.416,97.356,126.189,140.533,144.979,134.63,134.987
946.2,101.021,120.144,143.416,97.293,126.189,140.533,145.009,134.666,134.951
946.3,101.021,120.098,143.355,97.356,126.231,140.533,145.068,134.702,134.987
946.4,101.14,120.189,143.416,97.293,126.107,140.533,144.95,134.63,134.951
946.5,100.961,120.098,143.416,97.293,126.189,140.533,145.009,134.63,135.022
946.6,101.021,120.279,143.355,97.293,126.189,140.533,144.979,134.702,134.987
946.7,100.961,120.189,143.385,97.356,126.231,140.501,144.95,134.63,134.987
946.8,100.961,120.189,143.385,97.293,126.148,140.533,145.009,134.594,134.987
946.9,100.961,120.144,143.385,97.293,126.231,140.533,144.95,134.63,134.987
947.0,101.021,120.324,143.416,97.293,126.272,140.533,144.979,134.594,134.987
947.1,100.961,120.189,143.385,97.293,126.231,140.565,144.979,134.63,134.987
947.2,101.021,120.234,143.355,97.356,126.231,140.533,145.039,134.666,134.987
947.3,101.021,120.189,143.416,97.356,126.272,140.533,145.068,134.702,135.022
947.4,101.021,120.234,143.385,97.356,126.313,140.565,145.009,134.666,135.022
947.5,101.021,120.234,143.385,97.293,126.354,140.533,145.009,134.63,134.987
947.6,100.961,120.279,143.385,97.293,126.231,140.533,144.979,134.773,135.022
947.7,100.961,120.279,143.416,97.419,126.354,140.533,145.009,134.63,135.022
947.8,101.021,120.279,143.416,97.419,126.313,140.565,145.009,134.666,135.058
947.9,100.961,120.234,143.416,97.356,126.272,140.565,145.009,134.666,135.022
948.0,100.961,120.234,143.416,97.356,126.313,140.533,144.979,134.666,135.022
948.1,101.08,120.279,143.416,97.293,126.313,140.533,144.979,134.666,135.022
948.2,101.021,120.279,143.385,97.356,126.354,140.533,145.039,134.702,135.058
948.3,101.08,120.279,143.385,97.356,126.395,140.565,144.979,134.666,135.022
948.4,101.14,120.324,143.416,97.356,126.354,140.565,144.979,134.666,135.058
948.5,101.021,120.37,143.416,97.356,126.395,140.565,144.979,134.63,135.022
948.6,101.08,120.37,143.416,97.356,126.395,140.533,145.009,134.702,135.058
948.7,101.021,120.37,143.416,97.356,126.354,140.597,145.039,134.702,135.058
948.8,101.08,120.37,143.446,97.419,126.354,140.533,145.009,134.702,135.022
948.9,101.021,120.415,143.385,97.419,126.395,140.468,145.039,134.666,135.022
949.0,100.961,120.415,143.416,97.356,126.436,140.565,144.979,134.702,135.022
949.1,101.08,120.505,143.416,97.356,126.436,140.565,145.009,134.702,135.058
949.2,101.08,120.415,143.416,97.419,126.436,140.533,144.979,134.702,135.058
949.3,101.08,120.46,143.324,97.419,126.436,140.597,145.068,134.702,135.058
949.4,101.021,120.415,143.416,97.356,126.477,140.565,145.039,134.666,135.058
949.5,101.08,120.505,143.416,97.356,126.436,140.565,145.039,134.666,135.058
949.6,101.08,120.46,143.416,97.293,126.436,140.565,145.068,134.702,135.058
949.7,101.08,120.505,143.446,97.419,126.477,140.597,145.009,134.702,135.058
949.8,101.08,120.415,143.446,97.419,126.518,140.597,144.979,134.702,135.058
949.9,101.08,120.505,143.416,97.419,126.477,140.565,145.009,134.737,135.058
950.0,101.08,120.46,143.385,97.419,126.436,140.597,145.009,134.702,135.093
950.1,101.08,120.324,143.416,97.419,126.436,140.597,145.009,134.702,135.058
950.2,101.021,120.46,143.385,97.356,126.559,140.565,145.009,134.666,135.058
950.3,101.08,120.505,143.446,97.356,126.477,140.597,145.009,134.737,135.058
950.4,101.08,120.505,143.416,97.419,126.518,140.565,145.039,134.702,135.093
950.5,101.08,120.55,143.477,97.356,126.395,140.565,144.979,134.737,135.058
950.6,101.14,120.505,143.416,97.419,126.518,140.597,145.009,134.737,135.058
950.7,101.08,120.55,143.477,97.419,126.518,140.597,144.979,134.702,135.093
950.8,101.08,120.595,143.416,97.543,126.518,140.565,144.979,134.737,135.058
950.9,101.14,120.595,143.416,97.419,126.6,140.597,144.979,134.737,135.058
951.0,101.14,120.595,143.477,97.356,126.518,140.597,145.009,134.773,135.093
951.1,101.14,120.595,143.446,97.419,126.641,140.533,145.009,134.702,135.093
951.2,101.14,120.64,143.446,97.419,126.6,140.565,145.009,134.773,135.058
951.3,101.14,120.55,143.446,97.419,126.6,140.597,145.009,134.773,135.164
951.4,101.2,120.64,143.416,97.481,126.641,140.597,144.979,134.702,135.093
951.5,101.14,120.64,143.355,97.419,126.6,140.597,145.039,134.702,135.093
951.6,101.08,120.595,143.446,97.481,126.641,140.565,145.039,134.737,135.058
951.7,101.14,120.64,143.477,97.419,126.6,140.597,145.039,134.737,135.058
951.8,101.14,120.64,143.446,97.419,126.641,140.565,145.039,134.702,135.093
951.9,101.14,120.685,143.416,97.419,126.641,140.629,145.009,134.773,135.093
952.0,101.14,120.64,143.446,97.481,126.641,140.597,145.009,134.737,135.093
952.1,101.08,120.73,143.446,97.543,126.682,140.597,145.009,134.737,135.129
952.2,101.14,120.685,143.446,97.543,126.682,140.597,144.979,134.737,135.093
952.3,101.14,120.73,143.416,97.481,126.641,140.597,145.009,134.737,135.093
952.4,101.14,120.73,143.416,97.543,126.682,140.629,145.039,134.737,135.129
952.5,101.318,120.73,143.477,97.481,126.682,140.629,145.009,134.737,135.164
952.6,101.14,120.73,143.477,97.419,126.641,140.597,145.009,134.737,135.129
952.7,101.14,120.685,143.538,97.481,126.682,140.597,145.009,134.737,135.058
952.8,101.2,120.73,143.416,97.481,126.763,140.597,145.009,134.773,135.164
952.9,101.14,120.775,143.446,97.543,126.722,140.629,144.979,134.773,135.129
953.0,101.08,120.775,143.538,97.419,126.6,140.597,145.039,134.737,135.199
953.1,101.2,120.775,143.446,97.481,126.682,140.597,145.009,134.773,135.129
953.2,101.14,120.775,143.416,97.481,126.804,140.629,145.098,134.773,135.129
953.3,101.14,120.775,143.446,97.419,126.763,140.629,145.039,134.809,135.164
953.4,101.021,120.73,143.446,97.481,126.804,140.597,145.009,134.773,135.164
953.5,101.14,120.775,143.446,97.481,126.763,140.597,145.009,134.773,135.129
953.6,101.2,120.73,143.416,97.481,126.804,140.661,145.068,134.773,135.129
953.7,101.2,120.775,143.416,97.481,126.763,140.597,145.039,134.737,135.164
953.8,101.2,120.819,143.446,97.481,126.804,140.629,144.979,134.844,135.129
953.9,101.318,120.864,143.446,97.481,126.804,140.629,145.039,134.737,135.129
954.0,101.2,120.819,143.416,97.481,126.845,140.629,145.009,134.773,135.129
954.1,101.2,120.775,143.416,97.419,126.804,140.597,145.068,134.809,135.129
954.2,101.259,120.819,143.416,97.419,126.804,140.661,145.039,134.844,135.164
954.3,101.2,120.954,143.477,97.481,126.885,140.597,145.039,134.809,135.129
954.4,101.14,120.864,143.416,97.481,126.804,140.661,145.009,134.773,135.164
954.5,101.2,120.864,143.446,97.481,126.845,140.597,145.009,134.773,135.164
954.6,101.2,120.864,143.446,97.481,126.885,140.693,145.009,134.88,135.199
954.7,101.2,120.909,143.446,97.543,126.845,140.661,145.039,134.809,135.129
954.8,101.2,120.954,143.446,97.481,126.845,140.629,145.039,134.809,135.129
954.9,101.2,120.954,143.477,97.481,126.885,140.629,145.039,134.809,135.164
955.0,101.2,120.909,143.477,97.481,126.885,140.661,145.068,134.844,135.164
955.1,101.2,120.954,143.446,97.481,126.926,140.693,145.039,134.809,135.164
955.2,101.2,120.909,143.446,97.481,126.845,140.661,145.009,134.809,135.164
955.3,101.14,120.909,143.446,97.543,126.885,140.597,145.039,134.773,135.199
955.4,101.2,120.909,143.446,97.481,126.926,140.629,145.039,134.809,135.093
955.5,101.259,120.998,143.446,97.606,126.926,140.661,145.039,134.773,135.164
955.6,101.2,120.998,143.446,97.543,126.926,140.693,144.979,134.737,135.199
955.7,101.2,120.954,143.477,97.543,126.926,140.661,145.068,134.844,135.199
955.8,101.259,120.954,143.446,97.543,126.926,140.693,145.039,134.844,135.129
955.9,101.2,120.998,143.446,97.481,126.926,140.629,144.979,134.844,135.164
956.0,101.2,120.998,143.446,97.543,126.967,140.661,145.009,134.844,135.199
956.1,101.259,120.954,143.477,97.543,126.804,140.661,145.039,134.844,135.199
956.2,101.318,121.043,143.416,97.481,126.967,140.725,144.95,134.844,135.164
956.3,101.259,120.998,143.477,97.606,126.967,140.661,145.039,134.88,135.199
956.4,101.318,120.954,143.477,97.481,126.967,140.661,145.098,134.844,135.164
956.5,101.259,121.043,143.446,97.543,126.967,140.661,145.039,134.809,135.164
956.6,101.259,120.998,143.446,97.606,127.007,140.693,145.009,134.844,135.164
956.7,101.259,120.998,143.446,97.481,126.967,140.661,145.039,134.844,135.199
956.8,101.14,121.043,143.477,97.543,127.089,140.597,145.039,134.809,135.199
956.9,101.318,121.043,143.477,97.543,127.007,140.661,145.098,134.915,135.199
957.0,101.259,121.043,143.446,97.543,127.007,140.661,145.039,134.88,135.235
957.1,101.318,121.043,143.477,97.543,127.007,140.693,145.068,134.88,135.199
957.2,101.318,121.088,143.477,97.543,127.007,140.629,145.039,134.844,135.235
957.3,101.318,121.043,143.477,97.606,127.007,140.661,145.039,134.88,135.199
957.4,101.259,121.088,143.416,97.481,127.048,140.661,145.039,134.88,135.199
957.5,101.259,121.088,143.446,97.543,127.007,140.725,145.039,134.951,135.235
957.6,101.259,121.132,143.477,97.543,127.048,140.693,145.009,134.844,135.199
957.7,101.259,121.132,143.477,97.543,127.048,140.693,145.039,134.844,135.199
957.8,101.14,121.177,143.416,97.543,127.048,140.693,145.098,134.844,135.235
957.9,101.318,121.132,143.446,97.606,127.048,140.693,145.039,134.88,135.235
958.0,101.318,121.177,143.477,97.668,127.048,140.693,145.039,134.844,135.235
958.1,101.2,121.132,143.477,97.543,127.048,140.693,145.009,134.88,135.411
958.2,101.318,121.132,143.477,97.543,127.048,140.693,145.039,134.88,135.27
958.3,101.259,121.177,143.477,97.543,127.089,140.661,145.039,134.844,135.199
958.4,101.259,121.177,143.477,97.543,127.17,140.661,145.039,134.88,135.27
958.5,101.259,121.177,143.477,97.543,127.129,140.661,145.039,134.844,135.199
958.6,101.259,121.177,143.477,97.543,127.089,140.693,145.039,134.844,135.199
958.7,101.259,121.177,143.507,97.606,127.048,140.693,145.068,134.88,135.235
958.8,101.259,121.177,143.477,97.543,127.129,140.693,145.039,134.88,135.235
958.9,101.259,121.177,143.416,97.668,127.17,140.693,145.039,134.88,135.235
959.0,101.318,121.177,143.507,97.606,127.17,140.725,145.039,134.915,135.27
959.1,101.259,121.222,143.507,97.543,127.089,140.79,145.039,134.88,135.27
959.2,101.378,121.266,143.507,97.606,127.17,140.661,145.039,134.88,135.235
959.3,101.259,121.266,143.507,97.543,127.291,140.661,145.068,134.88,135.305
959.4,101.318,121.266,143.446,97.481,127.17,140.725,145.039,134.88,135.305
959.5,101.318,121.311,143.507,97.793,127.17,140.693,145.039,134.915,135.341
959.6,101.318,121.311,143.477,97.606,127.17,140.725,145.009,134.915,135.27
959.7,101.378,121.311,143.477,97.543,127.21,140.693,145.068,134.915,135.235
959.8,101.259,121.311,143.507,97.606,127.21,140.725,145.039,134.88,135.27
959.9,101.318,121.311,143.477,97.606,127.291,140.693,145.039,134.951,135.235
960.0,101.378,121.266,143.477,97.606,127.251,140.693,145.009,134.844,135.199
960.1,101.318,121.311,143.477,97.606,127.291,140.693,145.039,134.915,135.235
960.2,101.437,121.355,143.568,97.606,127.21,140.725,145.039,134.915,135.235
960.3,101.259,121.355,143.538,97.606,127.251,140.693,145.039,134.915,135.164
960.4,101.378,121.399,143.477,97.606,127.251,140.693,145.039,134.915,135.27
960.5,101.318,121.311,143.507,97.668,127.291,140.725,145.068,134.88,135.27
960.6,101.378,121.355,143.538,97.543,127.21,140.725,145.068,134.915,135.27
960.7,101.378,121.399,143.507,97.543,127.291,140.725,145.039,134.951,135.27
960.8,101.378,121.355,143.477,97.606,127.291,140.693,145.039,134.951,135.341
960.9,101.378,121.399,143.477,97.543,127.291,140.725,145.039,134.88,135.27
961.0,101.318,121.355,143.507,97.606,127.332,140.758,145.039,134.951,135.305
961.1,101.378,121.399,143.477,97.606,127.291,140.725,145.039,134.915,135.27
961.2,101.259,121.399,143.507,97.606,127.332,140.725,145.157,134.915,135.27
961.3,101.378,121.311,143.507,97.668,127.291,140.693,145.039,134.915,135.235
961.4,101.378,121.444,143.507,97.606,127.332,140.725,145.039,134.951,135.305
961.5,101.318,121.399,143.507,97.606,127.332,140.693,145.009,134.915,135.305
961.6,101.378,121.444,143.507,97.606,127.372,140.693,145.127,134.915,135.305
961.7,101.259,121.399,143.599,97.606,127.332,140.725,145.039,134.915,135.27
961.8,101.437,121.488,143.538,97.606,127.412,140.725,145.068,134.951,135.27
961.9,101.378,121.577,143.507,97.606,127.412,140.725,145.068,134.915,135.305
962.0,101.378,121.444,143.477,97.668,127.332,140.758,145.039,134.915,135.341
962.1,101.318,121.577,143.568,97.793,127.372,140.79,145.098,134.951,135.27
962.2,101.378,121.488,143.507,97.668,127.372,140.693,145.068,134.987,135.341
962.3,101.378,121.444,143.599,97.731,127.453,140.725,145.068,134.987,135.305
962.4,101.318,121.533,143.477,97.606,127.412,140.758,145.039,134.915,135.305
962.5,101.496,121.533,143.538,97.668,127.493,140.725,145.068,134.987,135.341
962.6,101.318,121.533,143.477,97.543,127.412,140.758,145.068,134.951,135.341
962.7,101.437,121.577,143.507,97.668,127.412,140.758,145.098,134.951,135.341
962.8,101.318,121.577,143.538,97.668,127.412,140.79,145.068,134.951,135.305
962.9,101.437,121.621,143.507,97.731,127.412,140.758,145.009,134.951,135.447
963.0,101.437,121.621,143.507,97.668,127.453,140.79,145.127,134.951,135.341
963.1,101.378,121.577,143.507,97.606,127.533,140.79,144.979,134.987,135.27
963.2,101.437,121.665,143.507,97.668,127.493,140.725,145.098,134.915,135.341
963.3,101.496,121.621,143.507,97.731,127.493,140.79,145.068,134.987,135.341
963.4,101.378,121.621,143.538,97.668,127.493,140.758,145.068,134.951,135.341
963.5,101.496,121.665,143.538,97.668,127.533,140.79,145.039,135.022,135.305
963.6,101.318,121.621,143.538,97.606,127.453,140.758,145.068,134.987,135.305
963.7,101.378,121.621,143.507,97.793,127.493,140.79,145.039,134.987,135.341
963.8,101.437,121.621,143.538,97.668,127.493,140.758,145.039,134.951,135.305
963.9,101.437,121.621,143.538,97.731,127.533,140.725,145.068,134.951,135.376
964.0,101.496,121.621,143.538,97.668,127.493,140.758,145.157,134.987,135.341
964.1,101.437,121.665,143.538,97.668,127.533,140.758,145.068,134.987,135.447
964.2,101.437,121.621,143.538,97.668,127.533,140.758,145.068,135.022,135.341
964.3,101.496,121.71,143.507,97.606,127.574,140.758,145.157,135.022,135.376
964.4,101.378,121.665,143.507,97.731,127.533,140.79,145.009,135.022,135.447
964.5,101.437,121.621,143.507,97.731,127.614,140.822,145.157,135.022,135.305
964.6,101.437,121.665,143.507,97.793,127.574,140.79,145.068,134.987,135.376
964.7,101.437,121.71,143.507,97.731,127.574,140.822,145.068,134.987,135.447
964.8,101.378,121.754,143.629,97.731,127.533,140.758,145.068,135.022,135.376
964.9,101.378,121.621,143.538,97.731,127.654,140.725,145.009,134.987,135.376
965.0,101.437,121.754,143.507,97.731,127.574,140.79,145.068,134.987,135.341
965.1,101.496,121.71,143.599,97.668,127.574,140.79,145.068,134.987,135.341
965.2,101.615,121.71,143.538,97.731,127.574,140.758,145.068,134.987,135.376
965.3,101.437,121.754,143.568,97.731,127.574,140.854,145.039,135.022,135.376
965.4,101.437,121.71,143.568,97.731,127.614,140.79,145.039,135.093,135.376
965.5,101.437,121.754,143.538,97.793,127.614,140.79,145.157,134.987,135.376
965.6,101.318,121.754,143.507,97.731,127.694,140.79,145.098,134.987,135.376
965.7,101.437,121.842,143.507,97.793,127.614,140.822,145.068,135.093,135.376
965.8,101.556,121.754,143.568,97.793,127.654,140.822,145.068,134.987,135.305
965.9,101.437,121.842,143.599,97.793,127.654,140.758,145.127,134.987,135.376
966.0,101.496,121.886,143.538,97.793,127.654,140.822,145.098,134.987,135.376
966.1,101.496,121.798,143.599,97.855,127.654,140.854,145.068,134.987,135.411
966.2,101.496,121.842,143.538,97.731,127.654,140.822,145.068,135.058,135.447
966.3,101.437,121.842,143.538,97.793,127.654,140.854,145.068,134.987,135.376
966.4,101.437,121.842,143.538,97.731,127.775,140.79,145.039,135.022,135.411
966.5,101.437,121.93,143.568,97.793,127.694,140.854,145.068,134.987,135.447
966.6,101.437,121.842,143.538,97.793,127.694,140.822,145.098,135.058,135.341
966.7,101.437,121.842,143.568,97.731,127.694,140.822,145.098,135.058,135.411
966.8,101.437,121.842,143.507,97.793,127.694,140.822,145.068,135.022,135.411
966.9,101.437,121.886,143.568,97.793,127.694,140.822,145.068,134.987,135.376
967.0,101.556,121.842,143.538,97.731,127.775,140.822,145.098,135.093,135.411
967.1,101.437,121.842,143.568,97.731,127.775,140.79,145.098,135.058,135.376
967.2,101.437,121.842,143.538,97.731,127.734,140.79,145.157,135.022,135.411
967.3,101.496,121.974,143.538,97.793,127.694,140.822,145.068,135.058,135.411
967.4,101.496,121.886,143.568,97.793,127.734,140.822,145.068,134.987,135.411
967.5,101.496,121.798,143.538,97.731,127.775,140.79,145.068,135.058,135.376
967.6,101.496,121.93,143.568,97.731,127.654,140.758,145.068,134.987,135.411
967.7,101.437,121.93,143.416,97.917,127.734,140.822,145.098,135.093,135.411
967.8,101.496,121.93,143.507,97.731,127.734,140.79,145.098,134.987,135.411
967.9,101.556,121.974,143.538,97.793,127.775,140.822,145.098,135.058,135.411
968.0,101.496,121.93,143.568,97.855,127.775,140.822,145.068,135.093,135.447
968.1,101.556,121.886,143.69,97.731,127.775,140.822,145.098,135.022,135.411
968.2,101.556,121.974,143.599,97.793,127.815,140.822,145.068,135.058,135.411
968.3,101.496,121.93,143.538,97.793,127.775,140.758,145.068,135.058,135.482
968.4,101.556,121.974,143.538,97.793,127.775,140.854,145.098,135.022,135.341
968.5,101.496,121.974,143.538,97.793,127.815,140.822,145.068,135.129,135.447
968.6,101.496,121.974,143.599,97.793,127.815,140.79,145.068,135.058,135.411
968.7,101.496,122.018,143.538,97.793,127.775,140.822,145.127,135.058,135.376
968.8,101.556,121.974,143.568,97.793,127.775,140.822,145.068,135.129,135.341
968.9,101.496,122.018,143.538,97.731,127.855,140.822,145.098,135.058,135.411
969.0,101.556,122.018,143.538,97.668,127.855,140.822,145.127,135.093,135.411
969.1,101.496,122.018,143.538,97.731,127.855,140.79,145.098,135.129,135.447
969.2,101.556,122.018,143.599,97.855,127.815,140.822,145.068,135.093,135.411
969.3,101.556,121.974,143.507,97.793,127.734,140.822,145.068,135.058,135.411
969.4,101.496,122.106,143.568,97.793,127.895,140.854,145.098,135.093,135.482
969.5,101.556,122.106,143.507,97.668,127.895,140.79,145.068,135.093,135.482
969.6,101.556,122.15,143.599,97.793,127.935,140.822,145.039,135.058,135.447
969.7,101.556,122.106,143.568,97.855,127.895,140.822,145.127,135.093,135.411
969.8,101.615,122.062,143.538,97.793,127.895,140.854,145.127,135.093,135.411
969.9,101.496,122.018,143.568,97.855,127.895,140.854,145.068,135.058,135.482
970.0,101.496,122.062,143.599,97.793,127.935,140.886,145.039,135.129,135.411
970.1,101.556,122.106,143.538,97.793,127.935,140.822,145.068,135.093,135.482
970.2,101.615,122.062,143.538,97.855,127.975,140.854,145.098,135.093,135.482
970.3,101.556,122.15,143.568,97.855,127.935,140.854,145.098,135.129,135.447
970.4,101.556,122.106,143.599,97.793,127.935,140.854,145.127,135.058,135.482
970.5,101.437,122.106,143.568,97.793,127.935,140.79,145.098,135.093,135.482
970.6,101.615,122.106,143.538,97.855,127.975,140.822,145.127,135.129,135.482
970.7,101.615,122.106,143.507,97.731,127.935,140.822,145.098,135.093,135.411
970.8,101.556,122.106,143.599,97.793,127.935,140.854,145.098,135.093,135.482
970.9,101.556,122.194,143.568,97.855,127.935,140.886,145.098,135.093,135.482
971.0,101.556,122.15,143.568,97.855,127.975,140.854,145.068,135.093,135.482
971.1,101.556,122.194,143.507,97.855,127.935,140.822,145.098,135.093,135.552
971.2,101.556,122.282,143.568,97.917,128.015,140.822,145.068,135.058,135.517
971.3,101.556,122.194,143.568,97.793,127.975,140.886,145.098,135.093,135.482
971.4,101.615,122.238,143.538,97.855,127.975,140.854,145.098,135.129,135.411
971.5,101.615,122.194,143.568,97.917,128.095,140.854,145.068,135.093,135.482
971.6,101.556,122.194,143.599,97.855,128.055,140.854,145.098,135.129,135.447
971.7,101.615,122.238,143.568,97.855,128.055,140.854,145.127,135.129,135.482
971.8,101.615,122.238,143.568,97.793,128.055,140.854,145.068,135.093,135.482
971.9,101.556,122.238,143.477,97.855,128.055,140.918,145.098,135.093,135.517
972.0,101.615,122.238,143.568,97.855,128.095,140.854,145.127,135.129,135.447
972.1,101.615,122.238,143.599,97.793,128.095,140.854,145.098,135.129,135.447
972.2,101.615,122.282,143.629,97.793,128.095,140.886,145.098,135.093,135.482
972.3,101.674,122.282,143.599,97.917,128.095,140.854,145.127,135.129,135.482
972.4,101.615,122.282,143.599,97.855,128.095,140.854,145.098,135.058,135.482
972.5,101.556,122.326,143.599,97.793,128.095,140.886,145.127,135.129,135.482
972.6,101.674,122.369,143.599,97.917,128.095,140.918,145.098,135.129,135.552
972.7,101.615,122.369,143.599,97.855,128.135,140.918,145.098,135.129,135.517
972.8,101.733,122.457,143.568,97.917,128.175,140.886,145.186,135.129,135.552
972.9,101.615,122.326,143.599,97.917,128.135,140.854,145.127,135.164,135.482
973.0,101.674,122.369,143.599,97.917,128.095,140.886,145.157,135.199,135.517
973.1,101.615,122.326,143.446,97.855,128.175,140.886,145.068,135.164,135.552
973.2,101.674,122.326,143.599,97.917,128.175,140.854,145.127,135.164,135.482
973.3,101.674,122.369,143.568,97.917,128.175,140.918,145.098,135.199,135.482
973.4,101.674,122.457,143.599,97.917,128.175,140.918,145.127,135.129,135.411
973.5,101.674,122.413,143.599,97.917,128.135,140.886,145.098,135.164,135.517
973.6,101.674,122.457,143.599,97.855,128.135,140.95,145.127,135.199,135.517
973.7,101.615,122.413,143.599,97.917,128.175,140.886,145.098,135.164,135.552
973.8,101.674,122.413,143.629,97.917,128.254,140.886,145.098,135.164,135.517
973.9,101.556,122.5,143.538,98.041,128.214,140.918,145.098,135.129,135.517
974.0,101.615,122.413,143.599,97.917,128.214,140.95,145.127,135.199,135.552
974.1,101.733,122.457,143.599,97.917,128.214,140.918,145.068,135.199,135.552
974.2,101.733,122.5,143.659,97.917,128.214,140.886,145.098,135.199,135.552
974.3,101.674,122.413,143.69,97.917,128.254,140.918,145.098,135.199,135.517
974.4,101.615,122.457,143.568,97.855,128.254,140.886,145.098,135.164,135.587
974.5,101.615,122.544,143.599,97.917,128.254,140.981,145.098,135.199,135.587
974.6,101.674,122.5,143.599,97.917,128.254,140.95,145.098,135.164,135.587
974.7,101.733,122.5,143.599,97.917,128.254,140.918,145.098,135.164,135.587
974.8,101.674,122.544,143.568,97.979,128.254,140.918,145.127,135.164,135.587
974.9,101.674,122.5,143.629,97.917,128.294,140.918,145.098,135.235,135.517
975.0,101.674,122.631,143.599,97.917,128.214,140.918,145.098,135.164,135.552
975.1,101.733,122.544,143.568,97.979,128.334,140.918,145.098,135.27,135.587
975.2,101.733,122.544,143.629,97.917,128.254,140.918,145.127,135.164,135.517
975.3,101.674,122.544,143.599,97.917,128.294,140.981,145.098,135.199,135.517
975.4,101.674,122.544,143.69,97.917,128.294,140.918,145.157,135.199,135.587
975.5,101.674,122.588,143.599,97.917,128.294,140.918,145.098,135.164,135.552
975.6,101.733,122.544,143.599,97.917,128.294,140.886,145.098,135.129,135.552
975.7,101.733,122.588,143.538,97.855,128.334,140.918,145.127,135.199,135.552
975.8,101.733,122.544,143.599,97.917,128.334,140.886,145.127,135.164,135.587
975.9,101.674,122.631,143.599,97.917,128.374,140.95,145.127,135.27,135.587
976.0,101.733,122.588,143.629,97.979,128.294,140.918,145.127,135.235,135.658
976.1,101.674,122.718,143.599,97.917,128.334,140.918,145.127,135.199,135.587
976.2,101.674,122.631,143.659,97.917,128.413,140.918,145.157,135.235,135.552
976.3,101.733,122.631,143.599,97.917,128.413,140.918,145.157,135.235,135.552
976.4,101.733,122.675,143.568,97.979,128.374,140.981,145.127,135.199,135.587
976.5,101.733,122.588,143.629,97.979,128.493,140.918,145.039,135.235,135.552
976.6,101.733,122.631,143.568,98.041,128.374,140.918,145.127,135.235,135.623
976.7,101.733,122.631,143.599,97.979,128.532,140.918,145.127,135.235,135.623
976.8,101.792,122.631,143.629,97.979,128.374,140.918,145.098,135.199,135.587
976.9,101.792,122.675,143.599,97.979,128.413,140.95,145.127,135.199,135.587
977.0,101.792,122.631,143.629,97.979,128.453,140.918,145.068,135.199,135.623
977.1,101.733,122.675,143.629,98.041,128.413,140.95,145.127,135.27,135.587
977.2,101.733,122.675,143.599,97.917,128.374,140.95,145.098,135.199,135.587
977.3,101.733,122.675,143.599,97.979,128.453,140.95,145.098,135.199,135.623
977.4,101.792,122.718,143.568,97.979,128.413,140.95,145.098,135.199,135.587
977.5,101.733,122.718,143.629,97.979,128.532,140.981,145.157,135.235,135.587
977.6,101.733,122.718,143.659,97.979,128.453,140.886,145.098,135.235,135.623
977.7,101.733,122.805,143.599,97.979,128.453,140.95,145.127,135.235,135.658
977.8,101.733,122.762,143.599,98.041,128.493,140.981,145.127,135.235,135.623
977.9,101.851,122.762,143.629,97.979,128.532,140.95,145.127,135.199,135.587
978.0,101.733,122.762,143.629,97.917,128.493,140.918,145.098,135.305,135.623
978.1,101.674,122.762,143.599,98.165,128.493,140.918,145.157,135.27,135.587
978.2,101.792,122.762,143.629,97.979,128.532,140.918,145.098,135.27,135.623
978.3,101.792,122.805,143.629,97.979,128.532,140.95,145.127,135.235,135.623
978.4,101.792,122.805,143.659,98.041,128.532,141.013,145.127,135.27,135.587
978.5,101.792,122.805,143.599,97.979,128.493,140.981,145.157,135.235,135.587
978.6,101.792,122.805,143.629,98.041,128.532,141.013,145.127,135.27,135.623
978.7,101.733,122.892,143.629,97.979,128.453,140.95,145.157,135.27,135.552
978.8,101.733,122.805,143.629,97.979,128.493,140.95,145.127,135.305,135.623
978.9,101.792,122.849,143.629,98.041,128.532,141.013,145.127,135.235,135.623
979.0,101.792,122.849,143.659,98.103,128.532,140.95,145.098,135.305,135.623
979.1,101.733,122.936,143.629,98.041,128.532,140.95,145.216,135.305,135.658
979.2,101.792,122.892,143.599,98.041,128.572,140.95,145.127,135.235,135.623
979.3,101.792,122.849,143.659,98.103,128.532,140.981,145.127,135.235,135.623
979.4,101.792,122.849,143.659,98.103,128.612,140.95,145.157,135.235,135.623
979.5,101.733,122.849,143.659,98.041,128.572,140.95,145.157,135.305,135.623
979.6,101.733,122.849,143.599,98.041,128.572,140.981,145.127,135.235,135.623
979.7,101.792,122.849,143.659,98.041,128.651,140.981,145.186,135.341,135.658
979.8,101.733,122.892,143.69,98.041,128.572,140.95,145.127,135.27,135.658
979.9,101.792,122.936,143.629,98.103,128.572,140.981,145.157,135.305,135.623
980.0,101.792,122.892,143.659,98.041,128.612,140.981,145.127,135.305,135.623
980.1,101.792,122.936,143.629,98.103,128.572,140.981,145.157,135.235,135.658
980.2,101.792,122.936,143.659,98.041,128.612,141.045,145.127,135.305,135.693
980.3,101.792,122.936,143.659,98.041,128.651,140.981,145.127,135.27,135.517
980.4,101.851,122.892,143.69,98.041,128.691,140.981,145.098,135.305,135.693
980.5,101.792,122.936,143.629,98.103,128.612,140.981,145.127,135.27,135.658
980.6,101.792,123.022,143.629,98.103,128.73,141.013,145.068,135.305,135.658
980.7,101.733,122.936,143.659,98.103,128.691,140.981,145.157,135.27,135.658
980.8,101.851,122.979,143.629,98.041,128.691,140.95,145.157,135.305,135.728
980.9,101.851,122.979,143.629,98.041,128.691,140.95,145.157,135.305,135.693
981.0,101.792,122.979,143.659,98.165,128.572,140.95,145.127,135.305,135.623
981.1,101.792,123.022,143.659,98.103,128.73,140.981,145.127,135.27,135.587
981.2,101.792,122.979,143.629,97.855,128.691,140.981,145.127,135.305,135.658
981.3,101.851,122.979,143.629,98.041,128.691,141.013,145.127,135.305,135.693
981.4,101.792,123.022,143.659,98.041,128.691,141.045,145.127,135.27,135.693
981.5,101.792,123.066,143.629,98.103,128.691,140.981,145.127,135.235,135.658
981.6,101.851,123.066,143.629,97.979,128.651,140.981,145.157,135.376,135.623
981.7,101.851,123.022,143.629,98.041,128.651,140.981,145.127,135.27,135.658
981.8,101.851,123.066,143.659,98.041,128.691,140.981,145.127,135.27,135.658
981.9,101.851,123.022,143.629,98.041,128.73,140.981,145.127,135.305,135.658
982.0,101.792,123.066,143.659,98.103,128.691,140.981,145.157,135.341,135.798
982.1,101.792,123.066,143.659,98.103,128.691,140.95,145.127,135.27,135.658
982.2,101.91,123.066,143.659,98.103,128.73,140.981,145.157,135.305,135.658
982.3,101.851,123.066,143.629,98.041,128.73,141.013,145.157,135.305,135.658
982.4,101.851,123.109,143.69,98.103,128.73,140.981,145.098,135.305,135.693
982.5,101.851,123.152,143.629,98.103,128.73,140.981,145.127,135.305,135.658
982.6,101.851,123.066,143.659,98.041,128.77,141.045,145.157,135.27,135.693
982.7,101.851,122.979,143.659,98.165,128.73,141.013,145.098,135.235,135.693
982.8,101.91,123.109,143.69,98.041,128.77,141.013,145.157,135.305,135.693
982.9,101.851,123.109,143.659,98.103,128.77,141.013,145.186,135.305,135.728
983.0,101.851,123.152,143.629,98.103,128.77,141.013,145.157,135.341,135.693
983.1,101.91,123.109,143.629,98.041,128.809,141.045,145.157,135.411,135.728
983.2,101.851,123.109,143.629,98.103,128.73,140.981,145.157,135.305,135.658
983.3,101.851,123.109,143.659,98.165,128.73,141.013,145.127,135.305,135.658
983.4,101.851,123.152,143.659,98.103,128.809,141.013,145.157,135.341,135.728
983.5,101.91,123.022,143.659,98.041,128.809,140.981,145.157,135.341,135.693
983.6,101.851,123.152,143.659,98.165,128.849,141.077,145.157,135.305,135.693
983.7,101.851,123.195,143.659,98.103,128.77,141.045,145.127,135.305,135.728
983.8,101.91,123.195,143.69,98.103,128.809,140.981,145.157,135.341,135.658
983.9,101.91,123.238,143.629,98.103,128.927,140.981,145.157,135.341,135.728
984.0,101.91,123.195,143.72,98.165,128.849,141.045,145.186,135.341,135.833
984.1,101.969,123.195,143.69,98.165,128.849,141.013,145.186,135.341,135.693
984.2,101.851,123.152,143.629,98.103,128.927,141.045,145.127,135.411,135.763
984.3,101.91,123.195,143.659,98.165,128.888,141.045,145.127,135.341,135.763
984.4,101.91,123.282,143.659,98.165,128.888,140.981,145.216,135.376,135.693
984.5,101.91,123.238,143.659,98.103,128.888,141.013,145.186,135.376,135.728
984.6,101.969,123.195,143.659,98.165,128.849,141.045,145.186,135.376,135.728
984.7,101.91,123.238,143.659,98.165,128.888,141.013,145.127,135.341,135.728
984.8,101.969,123.238,143.659,98.103,128.849,141.013,145.157,135.376,135.728
984.9,101.91,123.282,143.69,98.103,128.888,141.045,145.157,135.376,135.798
985.0,101.91,123.282,143.629,98.103,128.927,141.045,145.127,135.376,135.728
985.1,102.321,123.238,143.69,98.165,128.77,141.045,145.127,135.341,135.728
985.2,101.851,123.238,143.69,98.103,128.967,141.045,145.098,135.341,135.728
985.3,101.91,123.282,143.69,98.165,128.927,141.109,145.157,135.341,135.763
985.4,101.91,123.238,143.69,98.165,128.967,141.045,145.216,135.341,135.728
985.5,101.969,123.282,143.659,98.103,128.927,141.045,145.157,135.376,135.763
985.6,101.91,123.325,143.69,98.289,128.927,140.981,145.157,135.411,135.728
985.7,101.91,123.368,143.72,98.103,128.927,141.045,145.157,135.411,135.728
985.8,101.969,123.325,143.69,98.103,128.967,141.045,145.157,135.376,135.728
985.9,101.969,123.368,143.659,98.165,128.927,141.045,145.157,135.376,135.763
986.0,102.028,123.368,143.659,98.165,129.006,141.013,145.216,135.376,135.728
986.1,101.91,123.325,143.659,98.103,128.967,141.013,145.157,135.341,135.763
986.2,101.969,123.282,143.659,98.165,128.967,141.045,145.157,135.411,135.728
986.3,101.969,123.368,143.69,98.165,128.967,141.045,145.186,135.447,135.763
986.4,102.028,123.411,143.69,98.165,129.006,141.045,145.127,135.341,135.763
986.5,101.969,123.454,143.72,98.227,129.045,141.045,145.157,135.411,135.728
986.6,101.91,123.368,143.72,98.165,129.006,141.045,145.157,135.411,135.763
986.7,101.969,123.411,143.659,98.103,129.006,141.013,145.186,135.376,135.693
986.8,101.969,123.411,143.69,98.165,128.967,141.077,145.157,135.482,135.763
986.9,101.91,123.368,143.69,98.165,129.085,141.077,145.157,135.411,135.763
987.0,101.851,123.368,143.659,98.165,129.045,141.045,145.157,135.376,135.693
987.1,101.91,123.411,143.69,98.103,129.045,141.109,145.157,135.341,135.728
987.2,101.91,123.368,143.659,98.227,129.045,140.981,145.157,135.411,135.763
987.3,102.028,123.411,143.69,98.165,129.085,141.045,145.186,135.447,135.763
987.4,101.969,123.454,143.69,98.227,129.085,141.045,145.186,135.411,135.833
987.5,101.969,123.454,143.69,98.165,129.045,140.981,145.157,135.517,135.763
987.6,101.969,123.454,143.659,98.227,129.085,141.045,145.157,135.447,135.693
987.7,101.969,123.411,143.751,98.165,129.045,141.077,145.127,135.376,135.763
987.8,101.969,123.497,143.659,98.165,129.124,141.077,145.157,135.411,135.798
987.9,102.028,123.454,143.69,98.227,129.045,141.045,145.157,135.411,135.798
988.0,101.969,123.454,143.659,98.227,129.124,141.109,145.186,135.482,135.798
988.1,102.028,123.454,143.659,98.227,129.124,141.045,145.186,135.376,135.798
988.2,101.969,123.497,143.659,98.227,129.085,141.045,145.157,135.411,135.833
988.3,101.969,123.54,143.72,98.165,129.202,141.077,145.127,135.411,135.763
988.4,102.086,123.497,143.72,98.227,129.124,141.077,145.157,135.411,135.763
988.5,101.969,123.454,143.69,98.165,129.124,141.077,145.157,135.411,135.798
988.6,101.91,123.497,143.69,98.227,129.124,141.077,145.186,135.447,135.798
988.7,102.028,123.54,143.659,98.227,129.163,141.141,145.186,135.411,135.798
988.8,101.969,123.583,143.659,98.227,129.202,141.109,145.157,135.447,135.798
988.9,101.969,123.583,143.629,98.227,129.32,141.077,145.186,135.447,135.833
989.0,102.086,123.583,143.69,98.227,129.241,141.077,145.216,135.411,135.798
989.1,102.028,123.54,143.72,98.227,129.163,141.109,145.186,135.411,135.798
989.2,102.028,123.626,143.69,98.227,129.163,141.045,145.186,135.517,135.798
989.3,102.028,123.626,143.72,98.227,129.202,141.109,145.157,135.447,135.798
989.4,102.145,123.626,143.69,98.227,129.281,141.141,145.157,135.447,135.833
989.5,102.028,123.497,143.72,98.227,129.163,141.077,145.157,135.447,135.868
989.6,102.086,123.583,143.751,98.227,129.241,141.077,145.157,135.447,135.833
989.7,102.028,123.583,143.69,98.289,129.202,141.141,145.216,135.447,135.903
989.8,102.086,123.626,143.69,98.289,129.202,141.077,145.186,135.482,135.833
989.9,102.028,123.626,143.659,98.227,129.241,141.109,145.157,135.411,135.798
990.0,102.028,123.626,143.72,98.227,129.241,141.077,145.186,135.447,135.833
990.1,102.086,123.626,143.72,98.227,129.281,141.077,145.157,135.447,135.833
990.2,102.086,123.669,143.72,98.227,129.241,141.109,145.157,135.447,135.798
990.3,102.086,123.711,143.69,98.227,129.32,141.109,145.186,135.411,135.798
990.4,102.028,123.669,143.72,98.227,129.241,141.077,145.186,135.482,135.833
990.5,102.086,123.669,143.69,98.289,129.241,141.077,145.068,135.482,135.833
990.6,102.086,123.711,143.69,98.289,129.281,141.077,145.157,135.482,135.868
990.7,102.028,123.711,143.72,98.289,129.241,141.077,145.127,135.447,135.798
990.8,102.086,123.711,143.659,98.227,129.32,141.109,145.186,135.447,135.868
990.9,102.028,123.711,143.69,98.227,129.281,141.045,145.157,135.447,135.833
991.0,102.028,123.754,143.72,98.227,129.241,141.109,145.304,135.447,135.903
991.1,102.086,123.711,143.72,98.227,129.32,141.173,145.186,135.482,135.833
991.2,102.086,123.711,143.751,98.227,129.359,141.077,145.157,135.517,135.798
991.3,102.028,123.797,143.72,98.351,129.359,141.109,145.245,135.482,135.833
991.4,102.086,123.797,143.69,98.289,129.32,141.109,145.245,135.482,135.903
991.5,102.028,123.711,143.72,98.351,129.398,141.109,145.157,135.447,135.833
991.6,102.145,123.711,143.72,98.289,129.32,141.077,145.186,135.482,135.763
991.7,102.028,123.797,143.69,98.289,129.359,141.109,145.127,135.517,135.833
991.8,102.086,123.754,143.69,98.165,129.359,141.077,145.186,135.482,135.903
991.9,102.145,123.754,143.72,98.289,129.359,141.109,145.157,135.482,135.903
992.0,102.028,123.754,143.841,98.289,129.359,141.109,145.186,135.482,135.833
992.1,102.028,123.84,143.69,98.351,129.398,141.109,145.127,135.482,135.833
992.2,102.028,123.797,143.659,98.289,129.359,141.109,145.245,135.482,135.833
992.3,102.086,123.754,143.69,98.289,129.398,141.109,145.186,135.447,135.868
992.4,102.145,123.797,143.72,98.227,129.398,141.141,145.157,135.482,135.903
992.5,102.086,123.84,143.69,98.351,129.398,141.109,145.157,135.552,135.833
992.6,102.086,123.84,143.751,98.289,129.398,141.141,145.157,135.482,135.833
992.7,102.086,123.883,143.72,98.351,129.398,141.109,145.216,135.482,135.868
992.8,102.204,123.797,143.69,98.351,129.398,141.109,145.186,135.552,135.868
992.9,102.145,123.925,143.72,98.289,129.437,141.077,145.186,135.517,135.938
993.0,102.086,123.883,143.751,98.289,129.437,141.141,145.186,135.552,135.833
993.1,102.145,123.84,143.72,98.289,129.476,141.045,145.186,135.587,135.868
993.2,102.086,123.84,143.72,98.474,129.476,141.173,145.157,135.517,135.868
993.3,102.204,123.84,143.72,98.289,129.398,141.109,145.245,135.517,135.903
993.4,102.086,123.883,143.69,98.413,129.476,141.141,145.216,135.587,135.903
993.5,102.145,123.925,143.72,98.289,129.515,141.141,145.186,135.482,135.903
993.6,102.086,123.883,143.72,98.289,129.398,141.077,145.157,135.517,135.938
993.7,102.086,123.797,143.72,98.289,129.437,141.109,145.245,135.517,135.868
993.8,102.086,123.968,143.659,98.289,129.476,141.141,145.157,135.517,135.903
993.9,102.204,123.883,143.751,98.289,129.437,141.141,145.098,135.517,135.868
994.0,102.086,123.968,143.72,98.289,129.437,141.077,145.216,135.517,135.868
994.1,102.145,123.925,143.751,98.351,129.476,141.109,145.186,135.552,135.833
994.2,102.145,123.925,143.72,98.351,129.476,141.173,145.216,135.517,135.903
994.3,102.204,123.925,143.72,98.227,129.437,141.141,145.186,135.517,135.868
994.4,102.204,124.011,143.781,98.351,129.515,141.141,145.216,135.517,135.903
994.5,102.145,124.011,143.72,98.351,129.476,141.173,145.186,135.517,135.903
994.6,102.086,123.968,143.72,98.351,129.476,141.141,145.216,135.517,135.903
994.7,102.145,124.053,143.72,98.351,129.554,141.141,145.275,135.517,135.868
994.8,102.145,123.968,143.72,98.351,129.515,141.236,145.157,135.587,135.938
994.9,102.086,123.968,143.72,98.413,129.554,141.109,145.275,135.517,135.868
995.0,102.204,124.053,143.751,98.413,129.515,141.173,145.216,135.552,135.938
995.1,102.145,124.096,143.751,98.351,129.554,141.109,145.186,135.623,135.903
995.2,102.145,124.011,143.781,98.351,129.554,141.173,145.157,135.552,135.973
995.3,102.262,124.011,143.751,98.413,129.554,141.204,145.186,135.517,135.938
995.4,102.145,124.053,143.69,98.351,129.554,141.141,145.216,135.658,135.973
995.5,102.145,124.011,143.751,98.351,129.554,141.141,145.186,135.587,135.938
995.6,102.086,124.053,143.781,98.289,129.554,141.173,145.216,135.552,135.903
995.7,102.145,124.011,143.72,98.413,129.554,141.173,145.216,135.552,135.938
995.8,102.145,124.096,143.751,98.413,129.593,141.268,145.216,135.587,135.903
995.9,102.145,124.053,143.72,98.413,129.632,141.141,145.275,135.552,135.903
996.0,102.145,124.053,143.72,98.351,129.593,141.141,145.157,135.552,135.938
996.1,102.145,124.053,143.72,98.474,129.671,141.173,145.186,135.587,135.903
996.2,102.145,124.053,143.751,98.413,129.632,141.204,145.216,135.552,135.973
996.3,102.145,124.096,143.72,98.351,129.632,141.109,145.186,135.552,136.043
996.4,102.262,124.096,143.811,98.474,129.632,141.173,145.245,135.552,135.903
996.5,102.204,124.053,143.751,98.351,129.632,141.173,145.186,135.552,135.973
996.6,102.145,124.096,143.72,98.351,129.593,141.173,145.245,135.552,135.903
996.7,102.204,124.138,143.751,98.413,129.632,141.173,145.186,135.623,135.903
996.8,102.145,124.053,143.751,98.413,129.632,141.204,145.186,135.552,135.938
996.9,102.145,124.138,143.781,98.351,129.632,141.173,145.216,135.552,135.938
997.0,102.204,124.138,143.751,98.413,129.632,141.173,145.216,135.587,135.973
997.1,102.204,124.096,143.72,98.413,129.671,141.173,145.245,135.587,135.938
997.2,102.204,124.138,143.751,98.413,129.71,141.141,145.216,135.587,135.938
997.3,102.321,124.138,143.72,98.413,129.71,141.173,145.157,135.552,135.903
997.4,102.145,124.138,143.751,98.413,129.71,141.141,145.186,135.587,135.903
997.5,102.145,124.138,143.751,98.351,129.671,141.173,145.157,135.587,136.008
997.6,102.086,124.138,143.751,98.351,129.671,141.173,145.186,135.587,136.043
997.7,102.262,124.266,143.751,98.351,129.749,141.204,145.157,135.587,135.973
997.8,102.204,124.181,143.781,98.413,129.671,141.173,145.216,135.623,135.868
997.9,102.262,124.138,143.72,98.351,129.71,141.173,145.216,135.552,135.973
998.0,102.262,124.181,143.72,98.413,129.671,141.173,145.216,135.587,135.973
998.1,102.145,124.223,143.72,98.413,129.671,141.173,145.216,135.587,135.938
998.2,102.204,124.223,143.72,98.474,129.71,141.236,145.245,135.552,135.973
998.3,102.204,124.223,143.72,98.351,129.787,141.141,145.157,135.552,136.008
998.4,102.204,124.181,143.72,98.474,129.749,141.204,145.186,135.587,135.938
998.5,102.204,124.223,143.72,98.413,129.71,141.173,145.216,135.552,135.938
998.6,102.204,124.181,143.751,98.413,129.71,141.173,145.216,135.587,135.973
998.7,102.262,124.223,143.781,98.413,129.749,141.173,145.245,135.552,135.938
998.8,102.262,124.266,143.72,98.413,129.71,141.268,145.245,135.587,136.008
998.9,102.204,124.266,143.751,98.413,129.826,141.173,145.216,135.587,136.008
999.0,102.262,124.266,143.751,98.474,129.826,141.141,145.245,135.587,136.008
999.1,102.145,124.266,143.72,98.474,129.787,141.204,145.216,135.587,135.973
999.2,102.204,124.308,143.72,98.413,129.865,141.268,145.186,135.587,136.008
999.3,102.145,124.266,143.781,98.474,129.749,141.141,145.245,135.587,135.938
999.4,102.262,124.266,143.811,98.474,129.632,141.173,145.186,135.552,135.973
999.5,102.262,124.308,143.781,98.474,129.749,141.173,145.275,135.623,135.973
999.6,102.262,124.266,143.841,98.413,129.787,141.204,145.245,135.658,135.903
999.7,102.262,124.266,143.751,98.413,129.787,141.204,145.186,135.623,136.008
999.8,102.262,124.351,143.751,98.474,129.787,141.204,145.216,135.587,136.008
999.9,102.262,124.308,143.781,98.474,129.787,141.204,145.216,135.623,136.008
1000.0,102.262,124.308,143.751,98.474,129.826,141.204,145.186,135.658,136.008
1000.1,102.321,124.393,143.751,98.474,129.787,141.204,145.216,135.623,135.973
1000.2,102.262,124.266,143.781,98.413,129.826,141.173,145.275,135.693,136.043
1000.3,102.262,124.266,143.811,98.474,129.826,141.236,145.216,135.587,135.973
1000.4,102.321,124.308,143.72,98.413,129.865,141.331,145.216,135.587,136.008
1000.5,102.262,124.393,143.781,98.474,129.826,141.204,145.186,135.587,136.043
1000.6,102.262,124.351,143.781,98.413,129.826,141.204,145.186,135.623,136.008
1000.7,102.321,124.351,143.781,98.474,129.865,141.236,145.245,135.587,136.008
1000.8,102.321,124.393,143.841,98.413,129.904,141.204,145.216,135.587,136.008
1000.9,102.321,124.351,143.872,98.474,129.865,141.236,145.245,135.623,135.973
1001.0,102.262,124.351,143.72,98.536,129.904,141.204,145.275,135.587,135.973
1001.1,102.262,124.351,143.751,98.413,129.904,141.204,145.216,135.623,136.008
1001.2,102.262,124.351,143.781,98.536,129.865,141.204,145.304,135.623,135.973
1001.3,102.262,124.351,143.751,98.474,129.904,141.204,145.216,135.658,136.008
1001.4,102.262,124.393,143.781,98.536,129.904,141.204,145.216,135.623,136.078
1001.5,102.204,124.393,143.781,98.536,129.865,141.173,145.186,135.623,136.147
1001.6,102.321,124.478,143.781,98.413,129.865,141.204,145.216,135.623,135.973
1001.7,102.262,124.393,143.781,98.536,129.904,141.204,145.186,135.623,135.973
1001.8,102.321,124.393,143.781,98.474,129.904,141.204,145.186,135.623,136.008
1001.9,102.321,124.436,143.781,98.474,129.942,141.236,145.216,135.623,136.043
1002.0,102.321,124.436,143.781,98.536,129.904,141.204,145.245,135.623,136.008
1002.1,102.321,124.478,143.751,98.474,129.942,141.268,145.216,135.623,136.008
1002.2,102.262,124.436,143.781,98.536,129.904,141.204,145.216,135.623,136.043
1002.3,102.321,124.478,143.781,98.474,129.904,141.3,145.216,135.658,136.043
1002.4,102.38,124.436,143.872,98.474,129.942,141.268,145.245,135.693,136.043
1002.5,102.321,124.52,143.781,98.474,129.942,141.268,145.275,135.693,136.008
1002.6,102.321,124.562,143.781,98.474,129.942,141.236,145.186,135.693,136.008
1002.7,102.321,124.52,143.781,98.474,129.942,141.268,145.216,135.623,136.043
1002.8,102.321,124.478,143.781,98.474,129.942,141.236,145.245,135.658,136.078
1002.9,102.321,124.393,143.811,98.536,129.904,141.268,145.186,135.658,135.973
1003.0,102.321,124.478,143.781,98.474,129.981,141.236,145.186,135.623,136.043
1003.1,102.321,124.52,143.72,98.536,129.981,141.268,145.186,135.693,136.112
1003.2,102.262,124.647,143.781,98.474,130.02,141.173,145.216,135.623,136.008
1003.3,102.321,124.52,143.811,98.474,129.981,141.236,145.245,135.658,136.078
1003.4,102.262,124.52,143.781,98.659,130.02,141.236,145.304,135.658,136.043
1003.5,102.321,124.478,143.781,98.536,129.981,141.236,145.245,135.728,136.008
1003.6,102.262,124.52,143.781,98.536,129.981,141.236,145.216,135.728,136.112
1003.7,102.262,124.52,143.781,98.536,129.865,141.268,145.245,135.728,136.043
1003.8,102.321,124.605,143.811,98.536,130.02,141.236,145.245,135.623,135.973
1003.9,102.321,124.52,143.811,98.536,129.981,141.268,145.216,135.658,136.078
1004.0,102.321,124.562,143.781,98.536,130.02,141.236,145.216,135.658,136.078
1004.1,102.321,124.605,143.781,98.474,130.02,141.204,145.216,135.658,136.043
1004.2,102.321,124.562,143.872,98.536,130.02,141.268,145.216,135.693,136.078
1004.3,102.321,124.562,143.781,98.536,130.02,141.236,145.304,135.693,136.078
1004.4,102.321,124.52,143.781,98.536,130.097,141.236,145.216,135.693,136.043
1004.5,102.438,124.647,143.781,98.474,130.02,141.236,145.275,135.693,136.078
1004.6,102.38,124.605,143.72,98.597,130.058,141.173,145.245,135.658,136.112
1004.7,102.38,124.647,143.781,98.597,130.02,141.268,145.245,135.763,136.078
1004.8,102.38,124.689,143.841,98.536,130.058,141.204,145.216,135.728,136.112
1004.9,102.321,124.647,143.841,98.597,130.097,141.236,145.216,135.693,136.043
1005.0,102.38,124.605,143.781,98.597,130.058,141.3,145.216,135.693,136.078
1005.1,102.38,124.689,143.781,98.536,130.058,141.236,145.245,135.693,136.078
1005.2,102.321,124.647,143.811,98.536,130.136,141.236,145.216,135.693,136.078
1005.3,102.38,124.647,143.841,98.536,130.058,141.236,145.245,135.693,136.043
1005.4,102.38,124.647,143.781,98.536,130.058,141.268,145.275,135.728,136.043
1005.5,102.38,124.689,143.811,98.597,130.097,141.268,145.275,135.693,136.078
1005.6,102.204,124.689,143.811,98.597,130.097,141.268,145.216,135.693,136.112
1005.7,102.438,124.647,143.781,98.536,130.136,141.3,145.186,135.693,136.078
1005.8,102.38,124.647,143.811,98.659,130.136,141.268,145.275,135.693,136.078
1005.9,102.38,124.647,143.841,98.536,130.136,141.331,145.245,135.728,136.043
1006.0,102.38,124.731,143.811,98.597,130.058,141.268,145.216,135.693,136.043
1006.1,102.38,124.731,143.751,98.597,130.136,141.3,145.245,135.693,136.078
1006.2,102.321,124.689,143.811,98.597,130.136,141.331,145.245,135.728,136.112
1006.3,102.262,124.689,143.781,98.536,130.097,141.268,145.216,135.693,136.078
1006.4,102.321,124.689,143.811,98.597,130.097,141.268,145.275,135.728,136.112
1006.5,102.38,124.773,143.781,98.536,130.136,141.268,145.216,135.728,136.078
1006.6,102.38,124.731,143.902,98.597,130.136,141.268,145.216,135.763,136.078
1006.7,102.438,124.773,143.811,98.597,130.174,141.236,145.245,135.693,136.112
1006.8,102.38,124.773,143.811,98.597,130.213,141.236,145.245,135.728,136.078
1006.9,102.438,124.816,143.811,98.597,130.174,141.236,145.216,135.693,136.043
1007.0,102.438,124.731,143.811,98.597,130.136,141.3,145.245,135.728,136.147
1007.1,102.321,124.773,143.781,98.597,130.136,141.268,145.245,135.763,136.182
1007.2,102.38,124.773,143.781,98.597,130.174,141.268,145.216,135.728,136.078
1007.3,102.321,124.773,143.841,98.597,130.213,141.3,145.127,135.833,136.078
1007.4,102.38,124.731,143.781,98.597,130.174,141.3,145.216,135.728,136.078
1007.5,102.497,124.773,143.841,98.597,130.213,141.268,145.216,135.728,136.078
1007.6,102.438,124.773,143.811,98.597,130.213,141.363,145.245,135.763,136.043
1007.7,102.438,124.773,143.811,98.597,130.251,141.268,145.216,135.798,136.112
1007.8,102.38,124.816,143.781,98.597,130.251,141.236,145.216,135.728,136.043
1007.9,102.497,124.858,143.841,98.659,130.251,141.268,145.304,135.763,136.078
1008.0,102.38,124.9,143.781,98.597,130.251,141.268,145.186,135.728,136.112
1008.1,102.438,124.773,143.811,98.597,130.213,141.3,145.245,135.763,136.182
1008.2,102.38,124.858,143.781,98.597,130.29,141.268,145.334,135.763,136.147
1008.3,102.38,124.816,143.781,98.659,130.251,141.268,145.245,135.763,136.217
1008.4,102.438,124.9,143.811,98.659,130.213,141.268,145.216,135.763,136.112
1008.5,102.438,124.858,143.781,98.597,130.328,141.268,145.245,135.763,136.112
1008.6,102.438,124.9,143.841,98.597,130.251,141.331,145.245,135.763,136.147
1008.7,102.438,124.858,143.781,98.597,130.328,141.268,145.216,135.763,136.112
1008.8,102.555,124.9,143.872,98.597,130.328,141.268,145.245,135.728,136.112
1008.9,102.497,124.858,143.841,98.597,130.367,141.268,145.245,135.798,136.112
1009.0,102.438,124.942,143.811,98.597,130.328,141.3,145.245,135.728,136.078
1009.1,102.438,124.9,143.841,98.659,130.328,141.268,145.275,135.728,136.147
1009.2,102.438,124.942,143.902,98.597,130.328,141.331,145.304,135.728,136.112
1009.3,102.438,124.858,143.811,98.597,130.328,141.3,145.245,135.763,136.182
1009.4,102.438,124.984,143.841,98.597,130.367,141.3,145.245,135.728,136.147
1009.5,102.438,124.942,143.872,98.659,130.328,141.3,145.304,135.728,136.112
1009.6,102.438,124.942,143.841,98.659,130.328,141.268,145.245,135.763,136.112
1009.7,102.438,124.942,143.811,98.597,130.328,141.3,145.186,135.763,136.112
1009.8,102.497,124.984,143.841,98.597,130.367,141.3,145.245,135.763,136.182
1009.9,102.555,124.9,143.781,98.659,130.29,141.331,145.245,135.798,136.112
1010.0,102.38,124.984,143.811,98.782,130.328,141.3,145.245,135.763,136.147
1010.1,102.555,125.026,143.781,98.597,130.328,141.331,145.245,135.763,136.147
1010.2,102.497,124.984,143.811,98.659,130.405,141.3,145.245,135.763,136.112
1010.3,102.438,124.942,143.811,98.659,130.328,141.268,145.275,135.763,136.147
1010.4,102.438,124.984,143.811,98.597,130.328,141.3,145.216,135.763,136.182
1010.5,102.497,124.9,143.841,98.659,130.367,141.3,145.245,135.763,136.147
1010.6,102.438,124.984,143.811,98.659,130.405,141.3,145.245,135.798,136.182
1010.7,102.497,124.984,143.811,98.721,130.405,141.363,145.245,135.798,136.147
1010.8,102.497,125.026,143.811,98.659,130.405,141.331,145.245,135.763,136.147
1010.9,102.497,124.984,143.811,98.721,130.29,141.331,145.275,135.798,136.147
1011.0,102.555,124.984,143.781,98.659,130.405,141.363,145.275,135.763,136.147
1011.1,102.497,125.026,143.841,98.659,130.405,141.331,145.245,135.763,136.217
1011.2,102.497,125.026,143.841,98.721,130.482,141.331,145.304,135.798,136.182
1011.3,102.497,125.068,143.872,98.597,130.367,141.268,145.245,135.763,136.182
1011.4,102.438,125.026,143.811,98.721,130.405,141.331,145.245,135.833,136.043
1011.5,102.497,125.026,143.841,98.721,130.367,141.3,145.304,135.763,136.112
1011.6,102.497,125.026,143.841,98.721,130.482,141.331,145.245,135.798,136.182
1011.7,102.438,125.068,143.811,98.659,130.444,141.363,145.245,135.763,136.147
1011.8,102.555,125.11,143.841,98.659,130.444,141.363,145.245,135.763,136.182
1011.9,102.438,125.068,143.872,98.659,130.444,141.268,145.275,135.763,136.217
1012.0,102.555,125.026,143.811,98.721,130.444,141.331,145.275,135.833,136.147
1012.1,102.555,125.068,143.841,98.659,130.367,141.395,145.245,135.763,136.147
1012.2,102.497,125.026,143.841,98.659,130.444,141.331,145.245,135.798,136.217
1012.3,102.497,125.068,143.841,98.721,130.482,141.331,145.216,135.833,136.182
1012.4,102.497,125.11,143.811,98.721,130.482,141.363,145.245,135.763,136.182
1012.5,102.555,125.068,143.841,98.721,130.482,141.331,145.275,135.798,136.112
1012.6,102.497,125.068,143.841,98.721,130.52,141.3,145.275,135.798,136.147
1012.7,102.497,125.151,143.841,98.659,130.482,141.3,145.245,135.833,136.147
1012.8,102.438,125.193,143.841,98.721,130.482,141.331,145.216,135.833,136.182
1012.9,102.497,125.151,143.932,98.659,130.444,141.331,145.275,135.798,136.147
1013.0,102.497,125.11,143.872,98.721,130.482,141.331,145.245,135.763,136.147
1013.1,102.555,125.151,143.841,98.721,130.482,141.395,145.245,135.798,136.182
1013.2,102.555,125.193,143.841,98.721,130.482,141.331,145.245,135.833,136.217
1013.3,102.555,125.151,143.841,98.782,130.52,141.331,145.275,135.833,136.182
1013.4,102.497,125.151,143.841,98.721,130.52,141.363,145.216,135.868,136.182
1013.5,102.497,125.151,143.811,98.659,130.52,141.331,145.216,135.833,136.217
1013.6,102.497,125.151,143.841,98.782,130.559,141.363,145.216,135.833,136.147
1013.7,102.555,125.151,143.841,98.721,130.482,141.331,145.245,135.833,136.182
1013.8,102.497,125.151,143.811,98.721,130.482,141.363,145.245,135.833,136.182
1013.9,102.555,125.151,143.841,98.721,130.52,141.331,145.216,135.833,136.217
1014.0,102.497,125.151,143.841,98.721,130.559,141.331,145.334,135.798,136.286
1014.1,102.497,125.151,143.872,98.782,130.52,141.331,145.275,135.798,136.182
1014.2,102.555,125.193,143.872,98.782,130.597,141.331,145.275,135.833,136.217
1014.3,102.497,125.235,143.841,98.721,130.482,141.331,145.275,135.763,136.182
1014.4,102.555,125.193,143.841,98.721,130.635,141.363,145.216,135.833,136.182
1014.5,102.555,125.151,143.781,98.721,130.597,141.331,145.245,135.798,136.217
1014.6,102.497,125.193,143.902,98.721,130.559,141.427,145.275,135.833,136.252
1014.7,102.613,125.235,143.841,98.721,130.52,141.363,145.275,135.833,136.182
1014.8,102.555,125.277,143.841,98.782,130.559,141.331,145.186,135.833,136.217
1014.9,102.555,125.235,143.993,98.659,130.559,141.363,145.275,135.833,136.252
1015.0,102.555,125.277,143.841,98.782,130.597,141.331,145.304,135.868,136.217
1015.1,102.555,125.235,143.841,98.782,130.635,141.363,145.245,135.868,136.217
1015.2,102.613,125.277,143.902,98.721,130.635,141.363,145.275,135.833,136.252
1015.3,102.613,125.277,143.841,98.721,130.597,141.331,145.275,135.868,136.182
1015.4,102.555,125.319,143.841,98.782,130.712,141.331,145.275,135.833,136.217
1015.5,102.497,125.235,143.872,98.782,130.559,141.331,145.245,135.938,136.217
1015.6,102.555,125.277,143.872,98.782,130.635,141.427,145.245,135.903,136.321
1015.7,102.613,125.277,143.781,98.782,130.635,141.3,145.216,135.868,136.217
1015.8,102.555,125.277,143.841,98.843,130.635,141.331,145.275,135.833,136.252
1015.9,102.613,125.319,143.872,98.721,130.635,141.395,145.245,135.868,136.182
1016.0,102.555,125.319,143.811,98.782,130.674,141.363,145.245,135.868,136.252
1016.1,102.613,125.319,143.872,98.721,130.597,141.363,145.275,135.833,136.252
1016.2,102.555,125.277,143.841,98.782,130.635,141.395,145.245,135.833,136.286
1016.3,102.672,125.319,143.872,98.782,130.674,141.363,145.334,135.868,136.252
1016.4,102.613,125.36,143.872,98.782,130.674,141.331,145.275,135.833,136.252
1016.5,102.555,125.319,143.841,98.843,130.674,141.363,145.245,135.903,136.217
1016.6,102.613,125.36,143.841,98.782,130.712,141.363,145.275,135.868,136.217
1016.7,102.555,125.36,143.841,98.843,130.712,141.427,145.245,135.868,136.252
1016.8,102.613,125.36,143.872,98.843,130.635,141.3,145.245,135.903,136.252
1016.9,102.613,125.402,143.872,98.721,130.674,141.395,145.245,135.903,136.252
1017.0,102.613,125.36,143.841,98.782,130.674,141.363,145.304,135.868,136.252
1017.1,102.555,125.444,143.841,98.782,130.635,141.363,145.245,135.868,136.217
1017.2,102.613,125.444,143.902,98.721,130.712,141.363,145.216,135.868,136.252
1017.3,102.672,125.36,143.841,98.782,130.597,141.363,145.245,135.868,136.217
1017.4,102.613,125.402,143.841,98.782,130.674,141.395,145.245,135.868,136.252
1017.5,102.555,125.36,143.841,98.782,130.712,141.363,145.216,135.728,136.252
1017.6,102.672,125.402,143.841,98.782,130.712,141.331,145.245,135.903,136.286
1017.7,102.555,125.36,143.841,98.721,130.712,141.395,145.245,135.868,136.252
1017.8,102.613,125.402,143.841,98.843,130.75,141.363,145.275,135.903,136.252
1017.9,102.613,125.444,143.902,98.721,130.75,141.363,145.275,135.868,136.252
1018.0,102.613,125.444,143.902,98.782,130.75,141.395,145.245,135.938,136.252
1018.1,102.613,125.444,143.872,98.782,130.75,141.363,145.275,135.868,136.286
1018.2,102.613,125.402,143.872,98.782,130.788,141.363,145.275,135.868,136.286
1018.3,102.555,125.485,143.902,98.782,130.788,141.427,145.275,135.938,136.252
1018.4,102.672,125.444,143.841,98.782,130.75,141.363,145.245,135.868,136.217
1018.5,102.613,125.444,143.872,98.721,130.712,141.363,145.275,135.868,136.286
1018.6,102.613,125.569,143.902,98.843,130.712,141.363,145.275,135.903,136.252
1018.7,102.672,125.485,143.841,98.782,130.788,141.395,145.304,135.903,136.321
1018.8,102.73,125.527,143.841,98.782,130.75,141.363,145.275,135.938,136.286
1018.9,102.672,125.444,143.932,98.843,130.826,141.427,145.275,135.903,136.252
1019.0,102.672,125.485,143.932,98.843,130.75,141.395,145.245,135.903,136.286
1019.1,102.613,125.444,143.902,98.843,130.864,141.395,145.275,135.833,136.286
1019.2,102.613,125.485,143.932,98.782,130.712,141.427,145.245,135.903,136.286
1019.3,102.613,125.527,143.872,98.843,130.826,141.363,145.245,135.833,136.252
1019.4,102.672,125.485,143.902,98.843,130.788,141.458,145.275,135.903,136.286
1019.5,102.555,125.485,143.841,98.782,130.864,141.395,145.275,135.973,136.286
1019.6,102.613,125.527,143.872,98.843,130.788,141.395,145.304,135.903,136.217
1019.7,102.613,125.485,143.872,98.782,130.826,141.363,145.304,135.903,136.286
1019.8,102.672,125.527,143.902,98.843,130.864,141.458,145.275,135.938,136.217
1019.9,102.672,125.444,143.872,98.782,130.826,141.363,145.275,135.903,136.286
1020.0,102.672,125.61,143.872,98.905,130.788,141.458,145.245,135.903,136.286
1020.1,102.672,125.527,143.902,98.905,130.864,141.395,145.245,135.903,136.321
1020.2,102.672,125.61,143.902,98.905,130.788,141.395,145.245,135.903,136.252
1020.3,102.672,125.569,143.902,98.782,130.826,141.395,145.275,135.903,136.356
1020.4,102.672,125.527,143.872,98.843,130.864,141.427,145.334,135.903,136.286
1020.5,102.672,125.652,143.932,98.782,130.826,141.427,145.275,135.938,136.321
1020.6,102.672,125.527,143.932,98.905,130.941,141.363,145.363,135.938,136.286
1020.7,102.613,125.61,143.902,98.905,130.864,141.427,145.304,136.008,136.286
1020.8,102.73,125.652,143.872,98.905,130.864,141.427,145.304,135.938,136.286
1020.9,102.73,125.652,143.872,98.843,130.864,141.49,145.275,135.938,136.321
1021.0,102.672,125.61,143.932,98.843,130.903,141.427,145.245,135.903,136.286
1021.1,102.672,125.652,143.872,98.843,130.903,141.427,145.275,135.833,136.252
1021.2,102.73,125.652,143.902,98.905,130.903,141.363,145.275,135.903,136.286
1021.3,102.73,125.652,143.872,98.905,130.864,141.395,145.275,135.938,136.286
1021.4,102.672,125.61,143.872,98.905,130.941,141.427,145.275,135.938,136.321
1021.5,102.788,125.61,143.872,98.843,130.864,141.427,145.275,135.938,136.356
1021.6,102.672,125.652,143.902,98.843,130.864,141.395,145.216,135.938,136.39
1021.7,102.73,125.61,143.872,98.966,130.903,141.395,145.392,135.938,136.286
1021.8,102.672,125.652,143.841,98.843,130.903,141.427,145.304,135.938,136.321
1021.9,102.672,125.652,143.872,98.905,130.941,141.427,145.304,135.938,136.321
1022.0,102.73,125.652,143.902,98.782,130.903,141.395,145.275,135.938,136.321
1022.1,102.672,125.652,143.872,98.905,130.941,141.427,145.304,135.938,136.321
1022.2,102.73,125.652,143.932,98.843,130.979,141.427,145.275,135.973,136.286
1022.3,102.846,125.652,143.902,98.843,130.941,141.427,145.275,135.973,136.356
1022.4,102.672,125.735,143.902,98.905,130.941,141.427,145.275,135.938,136.286
1022.5,102.73,125.693,143.902,98.905,130.941,141.427,145.275,135.938,136.39
1022.6,102.73,125.693,143.932,98.905,130.979,141.427,145.275,135.973,136.321
1022.7,102.73,125.735,143.902,98.905,131.017,141.427,145.275,135.938,136.356
1022.8,102.73,125.735,143.902,98.905,130.941,141.427,145.304,135.973,136.356
1022.9,102.73,125.693,143.781,98.905,130.941,141.427,145.275,135.973,136.321
1023.0,102.73,125.735,143.872,98.843,130.941,141.427,145.245,135.938,136.356
1023.1,102.788,125.735,143.902,98.905,131.017,141.427,145.275,136.008,136.356
1023.2,102.73,125.693,143.902,98.905,130.979,141.49,145.304,135.973,136.321
1023.3,102.73,125.818,143.902,98.905,130.979,141.458,145.304,135.938,136.356
1023.4,102.73,125.776,143.902,98.843,130.979,141.395,145.275,135.973,136.356
1023.5,102.73,125.735,143.872,98.843,131.017,141.427,145.275,135.938,136.321
1023.6,102.73,125.735,143.872,98.843,131.017,141.427,145.304,135.973,136.321
1023.7,102.788,125.818,143.902,98.843,131.017,141.427,145.334,135.938,136.321
1023.8,102.73,125.776,143.902,98.843,131.055,141.427,145.304,135.938,136.321
1023.9,102.788,125.776,143.932,98.905,131.017,141.427,145.304,135.973,136.321
1024.0,102.672,125.776,143.902,98.905,131.055,141.427,145.275,135.973,136.356
1024.1,102.788,125.776,143.902,98.843,130.979,141.49,145.275,135.973,136.39
1024.2,102.672,125.776,143.962,98.905,131.017,141.427,145.275,135.973,136.39
1024.3,102.788,125.776,143.872,98.905,131.017,141.427,145.275,135.973,136.356
1024.4,102.788,125.776,143.902,98.905,131.017,141.427,145.275,135.973,136.39
1024.5,102.73,125.818,143.902,98.905,131.055,141.395,145.334,135.973,136.39
1024.6,102.73,125.818,143.962,98.966,131.017,141.427,145.275,136.008,136.321
1024.7,102.788,125.859,143.872,98.905,131.055,141.458,145.304,136.008,136.286
1024.8,102.788,125.693,143.962,98.905,131.093,141.49,145.275,136.008,136.39
1024.9,102.73,125.818,143.932,98.905,131.055,141.49,145.245,136.008,136.39
1025.0,102.788,125.735,143.932,99.15,131.093,141.427,145.304,135.938,136.356
1025.1,102.73,125.859,143.932,98.966,131.093,141.427,145.275,136.008,136.39
1025.2,102.788,125.818,143.932,98.905,131.093,141.427,145.245,136.008,136.321
1025.3,102.788,125.859,143.902,98.905,130.941,141.458,145.245,135.973,136.321
1025.4,102.73,125.901,143.902,98.966,131.055,141.427,145.275,135.973,136.39
1025.5,102.788,125.818,143.902,98.905,131.093,141.427,145.334,136.008,136.356
1025.6,102.788,125.859,143.902,98.905,131.055,141.458,145.275,136.008,136.356
1025.7,102.73,125.901,143.872,99.027,131.093,141.427,145.245,136.008,136.39
1025.8,102.788,125.942,143.902,98.966,131.093,141.458,145.275,135.973,136.321
1025.9,102.846,125.942,143.902,98.905,131.093,141.427,145.304,136.008,136.39
1026.0,102.788,125.901,143.872,98.905,131.093,141.458,145.275,136.008,136.39
1026.1,102.73,125.859,143.902,98.905,131.131,141.427,145.304,136.008,136.39
1026.2,102.846,125.942,143.932,98.905,131.131,141.427,145.304,135.938,136.39
1026.3,102.788,125.901,143.902,99.027,131.093,141.427,145.304,136.043,136.39
1026.4,102.846,125.942,143.932,98.966,131.131,141.427,145.334,136.043,136.39
1026.5,102.904,125.901,143.872,98.966,131.131,141.458,145.216,136.008,136.39
1026.6,102.846,125.901,143.932,98.782,131.169,141.427,145.334,135.973,136.356
1026.7,102.788,125.942,143.902,98.905,131.093,141.49,145.275,136.008,136.598
1026.8,102.788,125.942,143.902,98.966,131.169,141.49,145.304,135.973,136.39
1026.9,102.788,125.983,143.872,98.966,131.131,141.458,145.275,136.008,136.494
1027.0,102.788,125.942,143.932,98.966,131.169,141.427,145.334,136.043,136.39
1027.1,102.846,126.066,143.902,98.905,131.169,141.458,145.363,136.043,136.356
1027.2,102.846,125.983,143.932,98.966,131.093,141.521,145.304,136.043,136.46
1027.3,102.846,126.024,143.962,98.966,131.169,141.458,145.304,136.078,136.39
1027.4,102.788,125.983,143.902,98.966,131.131,141.427,145.275,136.043,136.39
1027.5,102.846,125.942,143.902,98.843,131.169,141.458,145.127,136.043,136.39
1027.6,102.846,125.983,143.872,98.966,131.169,141.49,145.275,135.973,136.39
1027.7,102.846,126.024,143.932,98.966,131.169,141.427,145.304,136.008,136.39
1027.8,102.788,125.983,143.932,98.966,131.169,141.427,145.334,136.008,136.356
1027.9,102.788,125.983,143.872,98.966,131.169,141.49,145.304,136.008,136.425
1028.0,102.904,126.024,143.872,99.027,131.207,141.458,145.275,136.008,136.39
1028.1,102.846,125.983,143.902,98.966,131.207,141.458,145.334,136.008,136.39
1028.2,102.788,125.983,143.902,98.966,131.169,141.49,145.245,136.043,136.39
1028.3,103.021,126.024,143.902,98.966,131.207,141.458,145.304,135.973,136.39
1028.4,102.846,125.983,143.932,99.027,131.282,141.49,145.304,136.078,136.425
1028.5,102.788,126.024,143.902,98.966,131.245,141.49,145.334,136.043,136.425
1028.6,102.788,126.024,143.902,99.088,131.207,141.49,145.275,136.043,136.39
1028.7,102.846,126.107,143.932,98.905,131.282,141.458,145.334,136.043,136.39
1028.8,102.788,126.107,143.932,98.966,131.245,141.49,145.363,136.008,136.39
1028.9,102.846,126.148,143.962,98.966,131.245,141.458,145.275,136.043,136.425
1029.0,102.788,126.107,143.902,98.966,131.245,141.49,145.275,136.008,136.39
1029.1,102.846,126.066,143.902,99.027,131.282,141.458,145.275,136.008,136.39
1029.2,102.846,126.066,143.902,99.027,131.245,141.458,145.216,136.043,136.425
1029.3,102.846,126.107,143.993,98.966,131.282,141.458,145.334,136.043,136.425
1029.4,102.846,126.066,143.872,99.027,131.396,141.49,145.275,136.043,136.425
1029.5,102.846,126.189,143.841,99.027,131.245,141.49,145.334,136.112,136.39
1029.6,102.904,126.148,143.932,99.027,131.282,141.49,145.275,136.043,136.46
1029.7,102.904,126.148,143.932,99.027,131.245,141.458,145.304,136.043,136.39
1029.8,102.846,126.107,143.902,99.027,131.282,141.521,145.304,136.078,136.425
1029.9,102.846,126.107,143.993,99.027,131.282,141.49,145.334,136.043,136.321
1030.0,102.904,126.148,143.962,99.027,131.32,141.49,145.304,136.078,136.425
1030.1,102.904,126.189,143.902,99.088,131.32,141.521,145.275,136.043,136.425
1030.2,102.904,126.148,143.902,99.027,131.32,141.49,145.304,136.078,136.46
1030.3,102.846,126.189,143.902,98.966,131.32,141.49,145.304,136.043,136.46
1030.4,102.904,126.189,143.962,99.027,131.32,141.49,145.275,136.078,136.494
1030.5,102.963,126.189,143.962,99.027,131.32,141.521,145.334,136.078,136.46
1030.6,102.846,126.107,143.962,98.966,131.358,141.49,145.304,136.112,136.46
1030.7,103.021,126.107,143.932,99.027,131.358,141.49,145.275,136.112,136.39
1030.8,102.904,126.107,143.902,99.027,131.358,141.49,145.334,136.078,136.425
1030.9,102.963,126.231,143.932,99.027,131.358,141.49,145.304,136.112,136.46
1031.0,102.963,126.189,143.962,99.088,131.396,141.521,145.334,135.973,136.46
1031.1,102.904,126.189,143.993,99.027,131.434,141.49,145.304,136.008,136.425
1031.2,102.846,126.189,143.902,99.088,131.358,141.458,145.304,136.043,136.425
1031.3,102.963,126.231,143.932,99.027,131.358,141.49,145.334,136.112,136.425
1031.4,102.904,126.272,143.902,99.088,131.396,141.49,145.334,136.112,136.425
1031.5,102.963,126.272,143.932,99.027,131.434,141.49,145.334,136.112,136.46
1031.6,102.904,126.313,143.932,99.027,131.434,141.521,145.275,136.078,136.46
1031.7,102.904,126.272,143.932,99.088,131.396,141.49,145.334,136.078,136.494
1031.8,102.904,126.272,143.962,99.027,131.396,141.521,145.334,136.112,136.39
1031.9,102.904,126.231,143.962,99.088,131.434,141.49,145.334,136.078,136.494
1032.0,102.963,126.272,143.932,99.15,131.396,141.521,145.304,136.078,136.529
1032.1,102.904,126.313,143.932,99.15,131.434,141.521,145.334,136.112,136.494
1032.2,102.904,126.313,143.962,99.088,131.434,141.521,145.363,136.043,136.494
1032.3,102.963,126.272,143.932,99.027,131.434,141.49,145.304,136.112,136.425
1032.4,102.904,126.272,143.962,99.088,131.434,141.49,145.275,136.112,136.529
1032.5,102.963,126.313,143.962,99.088,131.471,141.521,145.304,136.112,136.529
1032.6,102.963,126.313,144.023,99.027,131.547,141.553,145.334,136.182,136.46
1032.7,102.904,126.354,143.962,99.027,131.471,141.553,145.392,136.252,136.46
1032.8,102.963,126.313,143.932,99.088,131.509,141.521,145.216,136.112,136.529
1032.9,102.904,126.354,143.962,99.088,131.471,141.521,145.334,136.112,136.46
1033.0,102.963,126.436,143.962,99.15,131.471,141.521,145.363,136.112,136.425
1033.1,103.021,126.313,143.962,99.027,131.471,141.521,145.334,136.112,136.494
1033.2,102.963,126.313,143.932,99.088,131.471,141.521,145.304,136.078,136.46
1033.3,102.904,126.313,143.902,99.088,131.471,141.521,145.275,136.078,136.494
1033.4,102.904,126.313,143.962,99.15,131.509,141.521,145.304,136.112,136.46
1033.5,102.963,126.354,143.962,99.027,131.509,141.553,145.304,136.112,136.494
1033.6,103.021,126.313,143.993,99.15,131.471,141.585,145.334,136.182,136.494
1033.7,102.963,126.395,143.962,99.088,131.509,141.553,145.304,136.112,136.494
1033.8,102.963,126.354,143.962,99.088,131.471,141.521,145.304,136.112,136.529
1033.9,102.963,126.354,143.962,99.211,131.547,141.553,145.334,136.147,136.494
1034.0,103.021,126.313,143.932,99.027,131.509,141.521,145.334,136.147,136.529
1034.1,102.963,126.436,144.023,99.088,131.471,141.49,145.334,136.147,136.529
1034.2,102.963,126.354,143.962,99.15,131.509,141.521,145.304,136.147,136.425
1034.3,103.021,126.354,143.962,99.088,131.584,141.553,145.334,136.147,136.494
1034.4,102.963,126.436,143.932,99.088,131.547,141.521,145.304,136.112,136.529
1034.5,102.904,126.354,143.962,99.088,131.509,141.521,145.334,136.147,136.46
1034.6,103.021,126.354,143.962,99.088,131.547,141.553,145.304,136.147,136.494
1034.7,102.963,126.477,143.932,99.15,131.547,141.553,145.334,136.147,136.494
1034.8,103.079,126.395,143.993,99.088,131.509,141.521,145.334,136.112,136.46
1034.9,102.963,126.395,143.962,99.088,131.547,141.521,145.392,136.217,136.494
1035.0,103.021,126.436,143.962,99.088,131.509,141.553,145.451,136.147,136.494
1035.1,102.963,126.436,143.932,99.088,131.547,141.553,145.304,136.112,136.494
1035.2,103.021,126.436,143.962,99.088,131.622,141.521,145.334,136.147,136.494
1035.3,103.079,126.477,143.962,99.088,131.547,141.521,145.334,136.112,136.494
1035.4,102.963,126.436,143.993,99.15,131.547,141.427,145.334,136.147,136.494
1035.5,102.963,126.436,143.932,99.15,131.547,141.553,145.334,136.147,136.494
1035.6,102.963,126.477,143.993,99.088,131.547,141.553,145.304,136.147,136.494
1035.7,102.963,126.559,143.962,99.15,131.622,141.521,145.216,136.182,136.529
1035.8,103.079,126.477,143.932,99.211,131.66,141.521,145.334,136.112,136.494
1035.9,102.904,126.436,143.993,99.15,131.622,141.553,145.304,136.182,136.494
1036.0,103.079,126.477,143.962,99.15,131.584,141.521,145.304,136.182,136.529
1036.1,102.963,126.518,143.932,99.15,131.622,141.553,145.334,136.147,136.529
1036.2,103.079,126.477,143.993,99.088,131.622,141.553,145.334,136.112,136.494
1036.3,103.021,126.477,143.962,99.15,131.622,141.585,145.334,136.043,136.564
1036.4,103.021,126.477,143.962,99.15,131.622,141.521,145.304,136.147,136.529
1036.5,103.021,126.518,144.023,99.211,131.547,141.585,145.304,136.182,136.529
1036.6,103.021,126.518,143.872,99.15,131.622,141.553,145.304,136.147,136.529
1036.7,103.021,126.518,143.932,99.088,131.584,141.553,145.392,136.112,136.564
1036.8,103.021,126.518,143.962,99.088,131.622,141.521,145.304,136.147,136.494
1036.9,102.963,126.477,143.962,99.15,131.622,141.585,145.245,136.147,136.564
1037.0,103.021,126.477,143.993,99.15,131.66,141.521,145.334,136.182,136.494
1037.1,102.963,126.518,143.993,99.15,131.66,141.585,145.334,136.112,136.529
1037.2,102.963,126.559,144.023,99.15,131.66,141.521,145.275,136.147,136.529
1037.3,102.963,126.518,143.962,99.211,131.622,141.553,145.304,136.182,136.529
1037.4,103.079,126.518,143.962,99.211,131.622,141.553,145.334,136.147,136.529
1037.5,102.963,126.559,143.902,99.211,131.66,141.553,145.334,136.147,136.46
1037.6,103.021,126.559,144.083,99.15,131.66,141.553,145.363,136.147,136.529
1037.7,103.021,126.477,143.962,99.211,131.622,141.553,145.334,136.182,136.46
1037.8,103.021,126.559,143.962,99.088,131.66,141.553,145.334,136.252,136.564
1037.9,103.079,126.6,144.053,99.15,131.66,141.553,145.334,136.147,136.564
1038.0,103.021,126.559,144.023,99.211,131.66,141.553,145.334,136.147,136.529
1038.1,103.137,126.559,143.962,99.15,131.66,141.585,145.304,136.147,136.598
1038.2,103.079,126.6,143.993,99.15,131.697,141.553,145.334,136.182,136.529
1038.3,103.021,126.6,143.932,99.211,131.735,141.553,145.334,136.182,136.529
1038.4,103.079,126.518,143.962,99.211,131.735,141.553,145.304,136.112,136.633
1038.5,103.079,126.559,143.993,99.088,131.697,141.553,145.334,136.147,136.564
1038.6,103.021,126.559,143.993,99.15,131.697,141.553,145.334,136.182,136.529
1038.7,103.021,126.641,143.993,99.272,131.697,141.553,145.334,136.217,136.529
1038.8,103.021,126.6,143.962,99.211,131.735,141.521,145.392,136.217,136.564
1038.9,103.137,126.641,143.962,99.211,131.735,141.585,145.304,136.252,136.564
1039.0,103.079,126.641,143.962,99.15,131.735,141.585,145.275,136.147,136.598
1039.1,103.021,126.6,144.143,99.088,131.697,141.553,145.334,136.182,136.529
1039.2,103.021,126.682,143.993,99.211,131.772,141.553,145.334,136.217,136.529
1039.3,103.021,126.641,143.962,99.211,131.735,141.585,145.334,136.182,136.598
1039.4,103.079,126.641,144.023,99.211,131.697,141.553,145.304,136.078,136.702
1039.5,103.021,126.722,143.993,99.272,131.735,141.553,145.334,136.182,136.564
1039.6,103.079,126.682,143.932,99.088,131.772,141.585,145.334,136.182,136.529
1039.7,103.079,126.682,143.993,99.15,131.81,141.553,145.304,136.182,136.564
1039.8,103.137,126.641,143.962,99.211,131.772,141.585,145.363,136.147,136.598
1039.9,103.079,126.682,143.993,99.211,131.772,141.648,145.334,136.182,136.633
1040.0,102.963,126.682,143.993,99.333,131.735,141.585,145.363,136.182,136.529
1040.1,103.021,126.682,143.993,99.15,131.772,141.585,145.363,136.147,136.564
1040.2,103.021,126.722,143.993,99.211,131.66,141.679,145.334,136.252,136.598
1040.3,103.021,126.722,143.993,99.211,131.735,141.553,145.275,136.182,136.598
1040.4,103.137,126.722,143.962,99.272,131.772,141.553,145.334,136.217,136.564
1040.5,103.021,126.722,143.962,99.211,131.772,141.616,145.304,136.252,136.598
1040.6,103.079,126.682,144.023,99.211,131.772,141.585,145.363,136.182,136.564
1040.7,103.137,126.682,143.962,99.15,131.772,141.616,145.334,136.147,136.529
1040.8,103.079,126.722,143.962,99.272,131.772,141.585,145.363,136.252,136.529
1040.9,103.079,126.763,144.023,99.333,131.772,141.585,145.334,136.217,136.564
1041.0,103.079,126.682,143.962,99.272,131.772,141.585,145.334,136.217,136.564
1041.1,103.021,126.763,143.962,99.211,131.772,141.585,145.334,136.217,136.633
1041.2,103.079,126.763,143.993,99.333,131.848,141.585,145.304,136.217,136.598
1041.3,103.137,126.722,143.962,99.272,131.772,141.648,145.304,136.182,136.598
1041.4,103.079,126.722,144.023,99.211,131.81,141.585,145.392,136.182,136.633
1041.5,103.079,126.763,144.023,99.211,131.81,141.585,145.363,136.217,136.598
1041.6,103.137,126.763,143.962,99.272,131.81,141.553,145.334,136.217,136.598
1041.7,103.137,126.722,143.962,99.211,131.81,141.553,145.334,136.182,136.564
1041.8,103.137,126.763,143.962,99.15,131.81,141.616,145.334,136.217,136.598
1041.9,103.137,126.763,143.993,99.211,131.81,141.585,145.451,136.217,136.598
1042.0,103.079,126.763,143.962,99.272,131.848,141.585,145.363,136.147,136.598
1042.1,103.079,126.763,143.993,99.211,131.81,141.616,145.334,136.182,136.564
1042.2,103.137,126.804,144.053,99.211,131.848,141.648,145.304,136.217,136.598
1042.3,103.137,126.763,143.993,99.272,131.81,141.585,145.363,136.286,136.564
1042.4,103.137,126.804,143.872,99.211,131.81,141.585,145.304,136.217,136.598
1042.5,103.079,126.845,143.993,99.211,131.885,141.616,145.334,136.217,136.598
1042.6,103.137,126.763,144.023,99.15,131.885,141.616,145.334,136.252,136.598
1042.7,103.137,126.804,143.993,99.333,131.81,141.585,145.363,136.182,136.598
1042.8,103.195,126.804,143.993,99.333,131.885,141.585,145.363,136.217,136.598
1042.9,103.079,126.763,144.023,99.211,131.81,141.585,145.334,136.217,136.633
1043.0,103.137,126.804,144.023,99.272,131.885,141.553,145.392,136.252,136.598
1043.1,103.195,126.804,144.023,99.272,131.772,141.585,145.363,136.217,136.564
1043.2,103.137,126.804,144.083,99.272,131.885,141.585,145.334,136.252,136.667
1043.3,103.137,126.804,143.993,99.394,131.848,141.585,145.363,136.252,136.598
1043.4,103.195,126.845,144.023,99.272,131.848,141.585,145.304,136.252,136.598
1043.5,103.252,126.804,144.023,99.272,131.885,141.616,145.363,136.252,136.529
1043.6,103.137,126.885,143.962,99.211,131.885,141.648,145.363,136.252,136.633
1043.7,103.195,126.845,144.023,99.272,131.922,141.585,145.363,136.286,136.598
1043.8,103.137,126.885,143.993,99.211,131.848,141.585,145.304,136.286,136.633
1043.9,103.137,126.885,144.023,99.272,131.885,141.616,145.334,136.217,136.598
1044.0,103.137,126.845,143.993,99.272,131.922,141.616,145.334,136.217,136.598
1044.1,103.137,126.885,143.962,99.272,131.885,141.616,145.334,136.217,136.702
1044.2,103.137,126.885,143.993,99.211,131.885,141.648,145.334,136.252,136.633
1044.3,103.137,126.885,144.023,99.333,131.922,141.616,145.334,136.286,136.494
1044.4,103.137,126.885,144.023,99.272,131.922,141.585,145.334,136.252,136.633
1044.5,103.137,126.885,144.023,99.333,131.922,141.585,145.363,136.252,136.598
1044.6,103.137,126.845,143.932,99.272,131.885,141.616,145.363,136.252,136.529
1044.7,103.137,126.926,143.993,99.272,131.96,141.585,145.363,136.252,136.564
1044.8,103.195,126.885,144.023,99.272,131.922,141.585,145.392,136.217,136.633
1044.9,103.137,126.967,143.993,99.333,131.885,141.616,145.363,136.252,136.633
1045.0,103.195,126.926,143.993,99.272,131.922,141.616,145.275,136.252,136.633
1045.1,103.137,126.926,143.962,99.272,131.922,141.616,145.334,136.252,136.667
1045.2,103.195,126.926,144.023,99.272,131.922,141.585,145.363,136.252,136.633
1045.3,103.195,126.967,143.993,99.333,131.997,141.616,145.334,136.286,136.633
1045.4,103.137,126.926,144.083,99.272,132.035,141.648,145.334,136.252,136.633
1045.5,103.079,126.926,144.053,99.333,131.922,141.585,145.334,136.252,136.598
1045.6,103.252,126.926,143.993,99.333,131.997,141.616,145.363,136.252,136.633
1045.7,103.195,126.967,144.023,99.394,131.96,141.648,145.363,136.252,136.598
1045.8,103.195,126.967,144.023,99.333,131.96,141.616,145.363,136.252,136.633
1045.9,103.079,126.967,143.993,99.333,131.96,141.616,145.334,136.217,136.598
1046.0,103.252,126.967,143.993,99.272,131.96,141.616,145.304,136.286,136.598
1046.1,103.195,127.048,143.993,99.15,131.997,141.616,145.392,136.286,136.633
1046.2,103.195,127.007,144.023,99.333,131.997,141.616,145.363,136.286,136.667
1046.3,103.195,127.007,144.023,99.333,131.997,141.648,145.334,136.286,136.702
1046.4,103.252,126.926,143.993,99.394,131.997,141.616,145.334,136.321,136.598
1046.5,103.079,126.967,143.962,99.333,131.997,141.585,145.363,136.252,136.633
1046.6,103.195,127.089,144.023,99.272,131.997,141.616,145.334,136.286,136.667
1046.7,103.252,126.967,144.053,99.272,132.035,141.616,145.363,136.286,136.633
1046.8,103.195,127.007,144.023,99.394,132.072,141.616,145.334,136.286,136.633
1046.9,103.195,127.007,144.023,99.333,131.997,141.679,145.363,136.286,136.667
1047.0,103.195,126.967,143.993,99.333,131.997,141.616,145.363,136.252,136.667
1047.1,103.195,126.926,144.023,99.272,132.035,141.648,145.304,136.286,136.702
1047.2,103.31,127.089,143.993,99.272,131.997,141.616,145.392,136.252,136.667
1047.3,103.195,127.089,143.993,99.272,132.035,141.616,145.334,136.286,136.633
1047.4,103.195,127.048,144.113,99.272,132.035,141.616,145.363,136.217,136.633
1047.5,103.195,127.089,144.053,99.272,131.96,141.616,145.392,136.252,136.667
1047.6,103.252,127.007,144.053,99.333,132.035,141.648,145.334,136.321,136.598
1047.7,103.252,127.007,144.023,99.333,132.035,141.679,145.334,136.252,136.633
1047.8,103.195,127.089,143.993,99.333,132.035,141.616,145.363,136.252,136.633
1047.9,103.195,127.007,144.053,99.333,132.109,141.648,145.334,136.321,136.702
1048.0,103.195,127.048,143.993,99.333,132.035,141.585,145.363,136.286,136.633
1048.1,103.252,127.089,144.023,99.333,132.109,141.616,145.334,136.286,136.667
1048.2,103.252,127.17,144.023,99.333,132.072,141.585,145.334,136.286,136.667
1048.3,103.252,127.048,144.023,99.272,132.035,141.616,145.422,136.252,136.702
1048.4,103.252,127.089,143.993,99.455,132.072,141.648,145.363,136.321,136.667
1048.5,103.252,127.089,144.053,99.394,132.147,141.648,145.363,136.321,136.667
1048.6,103.252,127.089,144.053,99.394,132.072,141.616,145.363,136.356,136.667
1048.7,103.252,127.129,144.053,99.394,132.072,141.648,145.363,136.286,136.633
1048.8,103.31,127.089,143.993,99.333,132.109,141.648,145.363,136.321,136.702
1048.9,103.252,127.129,143.993,99.394,132.072,141.679,145.363,136.321,136.736
1049.0,103.195,127.21,144.083,99.394,132.109,141.616,145.363,136.321,136.667
1049.1,103.252,127.17,144.053,99.333,132.109,141.648,145.392,136.286,136.633
1049.2,103.252,127.089,144.023,99.333,132.072,141.616,145.334,136.286,136.702
1049.3,103.195,127.129,144.053,99.333,132.109,141.616,145.363,136.321,136.667
1049.4,103.252,127.17,143.962,99.394,132.147,141.616,145.363,136.321,136.633
1049.5,103.252,127.291,143.993,99.272,132.109,141.679,145.392,136.321,136.633
1049.6,103.252,127.129,144.053,99.333,132.109,141.616,145.392,136.286,136.667
1049.7,103.31,127.129,144.023,99.272,132.184,141.648,145.334,136.321,136.633
1049.8,103.31,127.17,143.993,99.333,132.147,141.648,145.392,136.356,136.702
1049.9,103.252,127.17,144.023,99.394,132.147,141.679,145.392,136.286,136.702
1050.0,103.252,127.17,144.023,99.455,132.109,141.648,145.334,136.286,136.667
1050.1,103.137,127.17,144.023,99.333,132.109,141.648,145.363,136.286,136.667
1050.2,103.252,127.129,143.993,99.394,132.109,141.616,145.363,136.286,136.736
1050.3,103.252,127.17,144.053,99.394,132.184,141.616,145.363,136.286,136.667
1050.4,103.31,127.17,144.053,99.394,132.147,141.648,145.363,136.321,136.667
1050.5,103.31,127.251,144.023,99.333,132.147,141.648,145.363,136.286,136.702
1050.6,103.368,127.17,144.053,99.272,132.184,141.648,145.334,136.252,136.736
1050.7,103.31,127.21,144.053,99.272,132.147,141.648,145.363,136.321,136.702
1050.8,103.368,127.17,143.993,99.333,132.221,141.648,145.363,136.321,136.667
1050.9,103.31,127.21,144.053,99.394,132.184,141.711,145.363,136.356,136.667
1051.0,103.252,127.251,144.023,99.394,132.109,141.679,145.392,136.321,136.667
1051.1,103.252,127.251,144.023,99.394,132.109,141.648,145.334,136.321,136.667
1051.2,103.31,127.17,144.023,99.515,132.184,141.679,145.392,136.356,136.667
1051.3,103.252,127.17,144.023,99.272,132.184,141.711,145.334,136.321,136.702
1051.4,103.252,127.251,143.932,99.394,132.184,141.679,145.363,136.321,136.702
1051.5,103.252,127.251,144.053,99.394,132.184,141.679,145.363,136.286,136.702
1051.6,103.252,127.251,144.023,99.455,132.221,141.616,145.363,136.321,136.702
1051.7,103.31,127.21,144.053,99.394,132.184,141.648,145.334,136.356,136.702
1051.8,103.426,127.17,143.932,99.394,132.221,141.679,145.363,136.321,136.736
1051.9,103.31,127.251,144.023,99.394,132.221,141.679,145.363,136.321,136.702
1052.0,103.368,127.291,144.053,99.394,132.259,141.616,145.363,136.321,136.702
1052.1,103.252,127.251,144.053,99.394,132.221,141.648,145.363,136.286,136.702
1052.2,103.31,127.291,144.083,99.333,132.147,141.648,145.422,136.321,136.702
1052.3,103.252,127.251,144.053,99.394,132.221,141.648,145.392,136.252,136.702
1052.4,103.252,127.17,144.023,99.455,132.221,141.648,145.392,136.321,136.702
1052.5,103.31,127.291,144.023,99.394,132.259,141.648,145.363,136.321,136.667
1052.6,103.31,127.291,144.053,99.455,132.221,141.679,145.363,136.356,136.771
1052.7,103.31,127.291,143.993,99.394,132.221,141.616,145.392,136.321,136.702
1052.8,103.31,127.251,144.023,99.394,132.221,141.679,145.334,136.356,136.702
1052.9,103.368,127.291,144.023,99.333,132.296,141.679,145.363,136.286,136.736
1053.0,103.252,127.21,144.053,99.394,132.259,141.616,145.392,136.39,136.702
1053.1,103.31,127.291,144.023,99.394,132.259,141.679,145.392,136.39,136.702
1053.2,103.31,127.332,144.083,99.394,132.221,141.711,145.392,136.356,136.702
1053.3,103.31,127.372,144.053,99.455,132.221,141.679,145.334,136.39,136.702
1053.4,103.252,127.332,144.053,99.394,132.259,141.679,145.334,136.356,136.702
1053.5,103.31,127.291,144.053,99.394,132.221,141.648,145.363,136.425,136.736
1053.6,103.31,127.332,144.023,99.394,132.259,141.711,145.392,136.39,136.702
1053.7,103.426,127.332,144.083,99.455,132.333,141.679,145.392,136.39,136.736
1053.8,103.31,127.332,144.023,99.515,132.333,141.648,145.392,136.39,136.736
1053.9,103.31,127.332,144.023,99.455,132.259,141.679,145.363,136.39,136.736
1054.0,103.31,127.372,144.023,99.455,132.221,141.679,145.392,136.356,136.736
1054.1,103.31,127.332,144.083,99.394,132.259,141.679,145.363,136.321,136.736
1054.2,103.31,127.372,144.053,99.455,132.444,141.679,145.392,136.39,136.771
1054.3,103.31,127.332,144.053,99.394,132.296,141.679,145.422,136.39,136.736
1054.4,103.31,127.412,144.023,99.455,132.333,141.679,145.363,136.39,136.736
1054.5,103.483,127.372,144.053,99.455,132.333,141.679,145.392,136.356,136.736
1054.6,103.31,127.372,144.053,99.455,132.296,141.711,145.363,136.39,136.702
1054.7,103.31,127.412,144.023,99.455,132.333,141.679,145.363,136.356,136.736
1054.8,103.368,127.412,144.053,99.515,132.333,141.711,145.363,136.39,136.771
1054.9,103.31,127.412,144.053,99.515,132.296,141.679,145.363,136.39,136.771
1055.0,103.368,127.372,144.053,99.515,132.333,141.711,145.451,136.425,136.839
1055.1,103.368,127.412,144.053,99.455,132.333,141.711,145.363,136.39,136.771
1055.2,103.368,127.412,144.053,99.515,132.333,141.679,145.422,136.321,136.736
1055.3,103.426,127.453,144.053,99.455,132.37,141.679,145.363,136.39,136.736
1055.4,103.368,127.453,144.053,99.394,132.37,141.679,145.392,136.39,136.736
1055.5,103.31,127.412,144.053,99.576,132.333,141.742,145.334,136.425,136.771
1055.6,103.368,127.453,144.023,99.515,132.333,141.711,145.392,136.39,136.771
1055.7,103.31,127.412,144.023,99.515,132.333,141.711,145.392,136.356,136.736
1055.8,103.31,127.372,144.053,99.515,132.37,141.711,145.392,136.356,136.771
1055.9,103.252,127.412,144.083,99.455,132.333,141.711,145.392,136.39,136.771
1056.0,103.368,127.453,144.053,99.515,132.37,141.679,145.334,136.39,136.736
1056.1,103.368,127.453,144.053,99.515,132.333,141.679,145.422,136.39,136.771
1056.2,103.31,127.453,144.053,99.455,132.333,141.711,145.363,136.425,136.667
1056.3,103.426,127.453,144.053,99.455,132.407,141.679,145.363,136.425,136.771
1056.4,103.426,127.453,144.053,99.515,132.37,141.711,145.451,136.39,136.805
1056.5,103.541,127.493,144.083,99.394,132.37,141.742,145.392,136.39,136.839
1056.6,103.426,127.493,144.083,99.515,132.37,141.648,145.363,136.39,136.771
1056.7,103.368,127.412,144.053,99.394,132.444,141.711,145.392,136.39,136.736
1056.8,103.368,127.493,144.023,99.455,132.482,141.679,145.363,136.39,136.839
1056.9,103.368,127.493,144.023,99.394,132.519,141.679,145.422,136.321,136.736
1057.0,103.426,127.493,144.083,99.515,132.407,141.742,145.334,136.39,136.736
1057.1,103.368,127.493,144.083,99.515,132.333,141.679,145.392,136.425,136.771
1057.2,103.426,127.533,144.053,99.515,132.482,141.711,145.392,136.39,136.736
1057.3,103.368,127.493,144.083,99.515,132.407,141.742,145.363,136.39,136.736
1057.4,103.368,127.574,144.053,99.394,132.444,141.711,145.363,136.494,136.805
1057.5,103.426,127.533,144.083,99.515,132.407,141.711,145.451,136.39,136.771
1057.6,103.368,127.493,144.083,99.515,132.407,141.711,145.392,136.39,136.771
1057.7,103.368,127.493,144.053,99.455,132.407,141.679,145.363,136.425,136.771
1057.8,103.368,127.533,144.083,99.515,132.407,141.711,145.392,136.39,136.771
1057.9,103.426,127.533,144.083,99.455,132.407,141.679,145.392,136.39,136.771
1058.0,103.368,127.533,144.083,99.515,132.444,141.711,145.363,136.321,136.771
1058.1,103.368,127.574,144.053,99.455,132.407,141.711,145.392,136.39,136.805
1058.2,103.368,127.533,144.083,99.515,132.444,141.711,145.334,136.39,136.771
1058.3,103.426,127.574,144.083,99.515,132.482,141.742,145.363,136.39,136.771
1058.4,103.368,127.574,144.083,99.515,132.407,141.742,145.363,136.39,136.771
1058.5,103.368,127.574,144.053,99.515,132.519,141.742,145.363,136.425,136.736
1058.6,103.426,127.574,144.083,99.576,132.482,141.711,145.334,136.425,136.736
1058.7,103.368,127.574,144.053,99.515,132.482,141.742,145.363,136.39,136.771
1058.8,103.426,127.614,144.023,99.576,132.444,141.742,145.422,136.356,136.805
1058.9,103.426,127.614,144.083,99.515,132.519,141.742,145.392,136.425,136.874
1059.0,103.426,127.614,144.083,99.515,132.444,141.742,145.363,136.39,136.908
1059.1,103.426,127.614,144.053,99.455,132.482,141.742,145.363,136.425,136.805
1059.2,103.426,127.574,144.083,99.455,132.444,141.711,145.451,136.425,136.805
1059.3,103.368,127.574,144.023,99.455,132.519,141.742,145.392,136.46,136.667
1059.4,103.426,127.574,144.083,99.515,132.482,141.711,145.392,136.46,136.805
1059.5,103.426,127.493,144.053,99.576,132.482,141.742,145.392,136.425,136.771
1059.6,103.426,127.654,144.083,99.576,132.519,141.711,145.392,136.425,136.771
1059.7,103.426,127.614,144.083,99.455,132.556,141.774,145.422,136.39,136.805
1059.8,103.426,127.533,144.053,99.515,132.519,141.742,145.363,136.39,136.839
1059.9,103.426,127.614,144.083,99.515,132.482,141.711,145.363,136.46,136.771
1060.0,103.426,127.694,144.083,99.515,132.519,141.742,145.422,136.425,136.805
1060.1,103.426,127.654,144.053,99.576,132.593,141.742,145.363,136.46,136.805
1060.2,103.483,127.614,144.053,99.515,132.556,141.711,145.451,136.425,136.839
1060.3,103.426,127.734,144.113,99.576,132.556,141.742,145.392,136.46,136.805
1060.4,103.426,127.654,144.083,99.576,132.593,141.742,145.392,136.425,136.805
1060.5,103.483,127.654,144.083,99.576,132.556,141.742,145.422,136.425,136.839
1060.6,103.483,127.694,144.173,99.515,132.593,141.774,145.392,136.529,136.839
1060.7,103.483,127.694,144.083,99.637,132.519,141.742,145.363,136.46,136.805
1060.8,103.483,127.694,144.083,99.515,132.667,141.742,145.392,136.46,136.805
1060.9,103.426,127.734,144.023,99.515,132.556,141.774,145.392,136.46,136.839
1061.0,103.541,127.694,144.083,99.515,132.704,141.742,145.363,136.494,136.805
1061.1,103.426,127.694,144.113,99.515,132.482,141.742,145.392,136.425,136.839
1061.2,103.483,127.694,144.083,99.576,132.593,141.742,145.334,136.46,136.771
1061.3,103.483,127.775,144.113,99.576,132.593,141.742,145.363,136.46,136.839
1061.4,103.714,127.734,144.053,99.515,132.63,141.742,145.392,136.46,136.839
1061.5,103.426,127.694,144.053,99.576,132.556,141.742,145.392,136.46,136.839
1061.6,103.483,127.775,144.083,99.515,132.593,141.774,145.422,136.46,136.874
1061.7,103.541,127.654,144.083,99.515,132.593,141.805,145.451,136.46,136.839
1061.8,103.483,127.775,144.053,99.576,132.593,141.742,145.363,136.425,136.874
1061.9,103.483,127.734,144.083,99.637,132.667,141.711,145.392,136.46,136.805
1062.0,103.541,127.694,144.083,99.576,132.593,141.742,145.392,136.46,136.839
1062.1,103.483,127.734,144.053,99.576,132.63,141.742,145.392,136.46,136.908
1062.2,103.483,127.734,144.083,99.576,132.63,141.742,145.392,136.46,136.839
1062.3,103.483,127.734,144.083,99.576,132.667,141.711,145.304,136.425,136.839
1062.4,103.426,127.734,144.113,99.637,132.593,141.742,145.392,136.46,136.839
1062.5,103.483,127.694,144.053,99.576,132.593,141.742,145.392,136.494,136.874
1062.6,103.483,127.815,144.083,99.576,132.593,141.774,145.392,136.425,136.839
1062.7,103.541,127.815,144.143,99.515,132.63,141.742,145.392,136.425,136.839
1062.8,103.483,127.775,144.143,99.576,132.593,141.774,145.363,136.46,136.839
1062.9,103.541,127.815,144.083,99.637,132.667,141.742,145.392,136.494,136.839
1063.0,103.483,127.855,144.113,99.515,132.667,141.742,145.363,136.46,136.874
1063.1,103.541,127.855,144.113,99.576,132.667,141.774,145.392,136.529,136.839
1063.2,103.483,127.815,144.083,99.576,132.593,141.711,145.392,136.46,136.839
1063.3,103.426,127.855,144.053,99.637,132.667,141.742,145.392,136.425,136.839
1063.4,103.541,127.815,144.083,99.637,132.741,141.742,145.392,136.46,136.805
1063.5,103.541,127.815,144.083,99.515,132.667,141.711,145.422,136.425,136.874
1063.6,103.541,127.895,144.083,99.576,132.667,141.805,145.392,136.494,136.839
1063.7,103.599,127.815,144.083,99.576,132.667,141.742,145.392,136.46,136.908
1063.8,103.483,127.855,144.083,99.637,132.667,141.742,145.422,136.494,136.839
1063.9,103.599,127.815,144.083,99.637,132.667,141.805,145.422,136.633,136.874
1064.0,103.541,127.935,144.083,99.637,132.704,141.805,145.334,136.494,136.874
1064.1,103.483,127.855,144.173,99.576,132.741,141.742,145.392,136.425,136.839
1064.2,103.541,127.815,144.113,99.637,132.741,141.774,145.422,136.46,136.839
1064.3,103.541,127.855,144.113,99.637,132.704,141.742,145.392,136.46,136.943
1064.4,103.541,127.895,144.083,99.637,132.704,141.774,145.392,136.46,136.874
1064.5,103.541,127.855,144.083,99.576,132.778,141.742,145.422,136.494,136.874
1064.6,103.541,127.895,144.083,99.576,132.814,141.774,145.422,136.46,136.874
1064.7,103.541,127.775,144.113,99.576,132.741,141.742,145.392,136.494,136.874
1064.8,103.599,127.895,144.053,99.698,132.704,141.805,145.451,136.494,136.874
1064.9,103.541,127.935,144.083,99.637,132.741,141.742,145.363,136.529,136.839
1065.0,103.656,127.935,144.113,99.698,132.741,141.774,145.392,136.564,136.874
1065.1,103.599,127.895,144.083,99.637,132.704,141.742,145.481,136.494,136.839
1065.2,103.541,127.935,144.083,99.637,132.704,141.711,145.392,136.494,136.908
1065.3,103.541,127.855,144.083,99.637,132.741,141.805,145.392,136.529,136.874
1065.4,103.541,127.935,144.053,99.698,132.704,141.774,145.304,136.46,136.874
1065.5,103.541,127.895,144.113,99.576,132.778,141.805,145.304,136.494,136.874
1065.6,103.541,127.975,144.023,99.698,132.741,141.805,145.392,136.529,136.908
1065.7,103.541,127.935,144.083,99.698,132.704,141.742,145.422,136.529,136.874
1065.8,103.541,127.935,144.053,99.637,132.778,141.774,145.422,136.529,136.874
1065.9,103.541,127.935,144.113,99.637,132.741,141.711,145.392,136.494,136.908
1066.0,103.541,127.975,144.113,99.698,132.778,141.774,145.451,136.529,136.874
1066.1,103.599,127.935,144.083,99.576,132.741,141.742,145.422,136.529,136.874
1066.2,103.541,127.975,144.113,99.637,132.741,141.805,145.392,136.529,136.908
1066.3,103.599,127.975,144.083,99.698,132.741,141.774,145.422,136.529,136.908
1066.4,103.541,127.975,144.113,99.698,132.778,141.837,145.422,136.529,136.943
1066.5,103.483,127.975,144.083,99.758,132.778,141.774,145.422,136.46,136.908
1066.6,103.541,127.975,144.113,99.637,132.778,141.742,145.334,136.529,136.874
1066.7,103.541,127.935,144.143,99.637,132.814,141.774,145.392,136.564,136.908
1066.8,103.541,127.935,144.083,99.637,132.814,141.774,145.422,136.529,136.874
1066.9,103.541,127.975,144.113,99.698,132.851,141.805,145.392,136.564,136.874
1067.0,103.656,127.935,144.113,99.637,132.778,141.805,145.392,136.564,136.908
1067.1,103.599,127.975,144.113,99.637,132.741,141.774,145.392,136.529,136.874
1067.2,103.483,127.975,144.053,99.698,132.814,141.774,145.392,136.564,136.943
1067.3,103.541,128.015,144.143,99.637,132.814,141.805,145.422,136.529,136.874
1067.4,103.656,127.975,144.143,99.758,132.851,141.774,145.422,136.529,136.908
1067.5,103.599,127.975,144.143,99.637,132.814,141.742,145.451,136.529,136.874
1067.6,103.599,127.975,144.083,99.576,132.814,141.805,145.451,136.564,136.908
1067.7,103.599,127.975,144.083,99.698,132.814,141.774,145.392,136.529,136.943
1067.8,103.599,127.975,144.143,99.698,132.814,141.774,145.392,136.46,136.908
1067.9,103.599,128.015,144.113,99.698,132.814,141.805,145.392,136.494,136.874
1068.0,103.599,128.055,144.113,99.698,132.851,141.805,145.392,136.529,136.874
1068.1,103.599,128.015,144.083,99.698,132.778,141.805,145.392,136.564,136.943
1068.2,103.599,128.015,144.113,99.698,132.814,141.805,145.422,136.564,136.908
1068.3,103.541,128.015,144.083,99.698,132.814,141.742,145.392,136.564,136.874
1068.4,103.599,128.015,144.083,99.698,132.851,141.805,145.422,136.529,136.943
1068.5,103.599,128.015,144.083,99.698,132.888,141.805,145.392,136.564,136.943
1068.6,103.656,128.055,144.083,99.758,132.851,141.805,145.451,136.564,136.943
1068.7,103.599,128.055,144.083,99.698,132.851,141.805,145.392,136.564,136.977
1068.8,103.656,128.055,144.143,99.576,132.851,141.805,145.51,136.598,136.908
1068.9,103.599,128.055,144.083,99.637,132.851,141.805,145.422,136.564,136.977
1069.0,103.656,128.055,144.113,99.819,132.814,141.742,145.392,136.564,136.874
1069.1,103.599,128.015,144.113,99.758,132.888,141.837,145.392,136.564,136.908
1069.2,103.656,128.135,144.083,99.698,132.888,141.868,145.392,136.564,136.908
1069.3,103.599,128.095,144.113,99.819,132.962,141.837,145.451,136.529,136.977
1069.4,103.599,128.095,144.083,99.698,132.851,141.805,145.481,136.529,137.011
1069.5,103.599,128.095,144.113,99.698,132.888,141.805,145.422,136.564,136.908
1069.6,103.599,128.095,144.083,99.698,132.851,141.774,145.451,136.564,137.011
1069.7,103.599,128.055,144.113,99.698,132.888,141.805,145.422,136.564,136.977
1069.8,103.714,128.135,144.173,99.698,132.814,141.805,145.392,136.564,136.908
1069.9,103.599,128.095,144.053,99.698,132.851,141.805,145.422,136.564,136.943
1070.0,103.599,128.214,144.113,99.758,132.925,141.774,145.334,136.529,136.943
1070.1,103.599,128.135,144.113,99.637,132.888,141.868,145.481,136.529,136.943
1070.2,103.599,128.135,144.143,99.637,132.925,141.837,145.451,136.529,136.943
1070.3,103.714,128.135,144.083,99.698,132.888,141.805,145.422,136.598,136.943
1070.4,103.656,128.175,144.173,99.758,132.888,141.774,145.422,136.564,136.943
1070.5,103.656,128.135,144.173,99.698,132.999,141.774,145.422,136.564,136.943
1070.6,103.714,128.135,144.143,99.698,132.925,141.805,145.422,136.598,136.943
1070.7,103.599,128.095,144.143,99.758,132.925,141.837,145.451,136.564,136.874
1070.8,103.656,128.175,144.113,99.698,132.814,141.899,145.422,136.529,136.977
1070.9,103.599,128.175,144.143,99.698,132.925,141.805,145.422,136.564,136.977
1071.0,103.656,128.135,144.143,99.758,132.962,141.805,145.392,136.529,136.908
1071.1,103.656,128.135,144.143,99.758,132.888,141.805,145.363,136.564,136.943
1071.2,103.656,128.175,144.143,99.758,132.962,141.837,145.392,136.564,136.943
1071.3,103.599,128.135,144.143,99.758,132.925,141.774,145.392,136.633,136.943
1071.4,103.714,128.135,144.113,99.698,132.999,141.868,145.392,136.598,137.045
1071.5,103.714,128.175,144.143,99.758,132.925,141.837,145.392,136.564,136.977
1071.6,103.656,128.214,144.143,99.698,132.925,141.837,145.422,136.564,136.943
1071.7,103.656,128.214,144.083,99.758,133.035,141.837,145.451,136.564,136.977
1071.8,103.599,128.175,144.143,99.698,132.962,141.837,145.451,136.633,136.908
1071.9,103.541,128.214,144.083,99.819,132.962,141.837,145.422,136.564,136.943
1072.0,103.599,128.214,144.143,99.637,132.999,141.837,145.392,136.564,136.943
1072.1,103.656,128.214,144.143,99.758,132.962,141.837,145.392,136.564,136.977
1072.2,103.714,128.175,144.143,99.819,132.999,141.805,145.392,136.564,136.943
1072.3,103.656,128.254,144.143,99.758,133.035,141.805,145.422,136.564,136.977
1072.4,103.656,128.214,144.083,99.758,132.962,141.805,145.451,136.598,136.977
1072.5,103.656,128.214,144.113,99.698,132.999,141.805,145.422,136.529,136.943
1072.6,103.599,128.214,144.053,99.819,132.999,141.837,145.392,136.598,136.977
1072.7,103.656,128.334,144.113,99.698,132.962,141.805,145.334,136.598,136.977
1072.8,103.599,128.175,144.083,99.698,133.035,141.805,145.422,136.598,136.943
1072.9,103.714,128.254,144.143,99.758,132.999,141.805,145.422,136.598,137.011
1073.0,103.714,128.254,144.113,99.758,133.035,141.899,145.392,136.633,137.045
1073.1,103.656,128.214,144.113,99.758,133.072,141.837,145.392,136.598,137.011
1073.2,103.771,128.254,144.173,99.758,132.999,141.899,145.422,136.564,137.011
1073.3,103.599,128.294,144.143,99.758,133.072,141.837,145.392,136.564,136.977
1073.4,103.771,128.214,144.113,99.758,132.999,141.805,145.422,136.598,136.943
1073.5,103.714,128.254,144.173,99.758,133.035,141.774,145.392,136.633,137.011
1073.6,103.714,128.294,144.113,99.758,133.035,141.805,145.451,136.598,136.977
1073.7,103.714,128.294,144.143,99.758,132.999,141.805,145.422,136.667,136.977
1073.8,103.714,128.294,144.143,99.819,132.999,141.805,145.569,136.633,136.977
1073.9,103.656,128.294,144.143,99.819,133.035,141.837,145.392,136.667,136.943
1074.0,103.656,128.294,144.143,99.819,133.072,141.931,145.451,136.633,137.045
1074.1,103.656,128.254,144.143,99.758,133.035,141.899,145.422,136.564,136.977
1074.2,103.714,128.334,144.143,99.758,133.072,141.868,145.451,136.598,137.08
1074.3,103.714,128.294,144.113,99.758,133.035,141.868,145.422,136.598,137.011
1074.4,103.714,128.294,144.143,99.758,133.035,141.899,145.334,136.598,136.943
1074.5,103.714,128.294,144.143,99.758,133.035,141.837,145.422,136.633,136.977
1074.6,103.656,128.294,144.113,99.758,133.072,141.868,145.451,136.633,136.943
1074.7,103.714,128.294,144.113,99.698,133.035,141.837,145.422,136.598,136.977
1074.8,103.771,128.334,144.173,99.88,133.072,141.805,145.422,136.598,136.977
1074.9,103.714,128.334,144.143,99.758,133.109,141.805,145.481,136.598,136.977
1075.0,103.656,128.374,144.113,99.758,133.109,141.837,145.422,136.598,136.977
1075.1,103.714,128.334,144.143,99.819,133.109,141.868,145.51,136.564,136.943
1075.2,103.714,128.413,144.203,99.819,133.109,141.805,145.481,136.633,136.977
1075.3,103.771,128.374,144.173,99.758,133.109,141.868,145.392,136.667,137.011
1075.4,103.656,128.413,144.173,99.819,133.072,141.868,145.422,136.667,137.011
1075.5,103.771,128.374,144.143,99.88,133.109,141.868,145.422,136.667,136.977
1075.6,103.714,128.374,144.113,99.819,133.109,141.868,145.392,136.598,136.943
1075.7,103.771,128.374,144.143,99.819,133.146,141.837,145.392,136.598,137.045
1075.8,103.771,128.374,144.143,99.758,133.109,141.679,145.451,136.633,137.011
1075.9,103.714,128.374,144.173,99.88,133.146,141.837,145.451,136.633,136.977
1076.0,103.829,128.374,144.143,99.819,133.072,141.837,145.451,136.564,136.977
1076.1,103.714,128.374,144.143,99.819,133.109,141.837,145.451,136.633,137.011
1076.2,103.714,128.493,144.173,99.88,133.109,141.837,145.422,136.667,136.977
1076.3,103.771,128.374,144.143,99.819,133.109,141.837,145.392,136.598,136.977
1076.4,103.771,128.374,144.173,99.819,133.035,141.837,145.481,136.667,137.011
1076.5,103.771,128.453,144.173,99.819,133.109,141.837,145.481,136.633,137.045
1076.6,103.771,128.413,144.263,99.819,133.182,141.837,145.422,136.633,136.977
1076.7,103.829,128.453,144.143,99.819,133.146,141.837,145.481,136.598,137.045
1076.8,103.771,128.413,144.143,99.88,133.072,141.805,145.451,136.598,137.045
1076.9,103.714,128.453,144.143,99.758,133.109,141.837,145.451,136.633,137.011
1077.0,103.771,128.413,144.173,99.88,133.182,141.868,145.422,136.633,137.011
1077.1,103.771,128.413,144.203,99.88,133.182,141.837,145.451,136.633,137.011
1077.2,103.771,128.413,144.143,99.819,133.146,141.837,145.422,136.564,137.011
1077.3,103.771,128.413,144.143,99.88,133.146,141.837,145.422,136.633,137.011
1077.4,103.714,128.453,144.143,99.88,133.146,141.805,145.481,136.667,137.045
1077.5,103.771,128.453,144.143,99.819,133.146,141.837,145.451,136.633,137.011
1077.6,103.771,128.453,144.113,99.819,133.146,141.742,145.481,136.633,137.011
1077.7,103.714,128.453,144.143,99.819,133.146,141.899,145.451,136.633,137.045
1077.8,103.771,128.374,144.173,99.819,133.182,141.805,145.481,136.667,136.977
1077.9,103.771,128.453,144.173,99.88,133.182,141.899,145.422,136.633,137.045
1078.0,103.771,128.453,144.173,99.819,133.219,141.868,145.451,136.633,137.045
1078.1,103.771,128.453,144.143,99.819,133.146,141.837,145.481,136.633,137.011
1078.2,103.714,128.532,144.173,99.88,133.182,141.837,145.422,136.667,137.011
1078.3,103.771,128.532,144.294,99.819,133.182,141.868,145.422,136.667,137.011
1078.4,103.771,128.493,144.143,99.88,133.182,141.868,145.481,136.667,137.011
1078.5,103.829,128.493,144.173,99.819,133.255,141.837,145.451,136.667,137.045
1078.6,103.829,128.493,144.143,99.819,133.182,141.868,145.422,136.667,137.011
1078.7,103.829,128.493,144.173,99.88,133.255,141.931,145.422,136.805,137.011
1078.8,103.771,128.493,144.143,99.88,133.182,141.868,145.363,136.667,137.011
1078.9,103.886,128.493,144.173,99.88,133.255,141.868,145.481,136.633,137.011
1079.0,103.829,128.572,144.143,99.88,133.255,141.868,145.422,136.667,137.08
1079.1,103.829,128.612,144.143,99.88,133.255,141.868,145.422,136.736,137.114
1079.2,103.771,128.572,144.203,99.819,133.255,141.868,145.422,136.667,137.011
1079.3,103.771,128.532,144.143,99.88,133.255,141.868,145.51,136.667,137.045
1079.4,103.829,128.532,144.173,99.88,133.219,141.868,145.451,136.702,137.011
1079.5,103.771,128.572,144.203,99.94,133.255,141.868,145.422,136.667,137.011
1079.6,103.829,128.572,144.143,99.88,133.255,141.899,145.422,136.702,137.08
1079.7,103.829,128.453,144.143,99.88,133.255,141.868,145.451,136.667,137.045
1079.8,103.714,128.612,144.173,99.88,133.255,141.868,145.422,136.667,137.08
1079.9,103.886,128.572,144.233,99.88,133.255,141.899,145.451,136.667,137.045
1080.0,103.829,128.572,144.143,99.88,133.292,141.868,145.422,136.667,137.045
1080.1,103.829,128.651,144.203,99.88,133.255,141.899,145.422,136.702,137.045
1080.2,103.771,128.572,144.203,99.819,133.365,141.868,145.422,136.667,137.08
1080.3,103.829,128.612,144.173,99.88,133.255,141.868,145.392,136.667,137.011
1080.4,103.829,128.572,144.203,99.88,133.292,141.931,145.422,136.633,137.08
1080.5,103.771,128.691,144.203,99.94,133.255,141.837,145.451,136.667,137.011
1080.6,103.829,128.691,144.143,99.94,133.255,141.868,145.451,136.633,137.114
1080.7,103.829,128.651,144.173,100.0,133.255,141.868,145.451,136.702,137.045
1080.8,103.829,128.612,144.173,99.88,133.292,141.899,145.451,136.702,137.045
1080.9,103.829,128.691,144.143,99.88,133.255,141.868,145.451,136.667,137.08
1081.0,103.886,128.651,144.143,99.88,133.292,141.868,145.451,136.702,137.08
1081.1,103.886,128.612,144.083,99.88,133.292,141.868,145.451,136.702,137.045
1081.2,103.829,128.612,144.263,99.88,133.292,141.899,145.422,136.702,137.011
1081.3,103.943,128.572,144.203,99.88,133.292,141.899,145.451,136.702,137.045
1081.4,103.829,128.612,144.203,99.88,133.292,141.899,145.392,136.667,137.08
1081.5,103.886,128.612,144.173,99.94,133.329,141.931,145.392,136.702,137.08
1081.6,103.829,128.651,144.143,99.88,133.329,141.868,145.481,136.805,137.045
1081.7,103.886,128.612,144.143,99.88,133.329,141.931,145.422,136.736,137.08
1081.8,103.829,128.651,144.203,99.94,133.255,141.868,145.422,136.702,137.114
1081.9,103.771,128.651,144.143,99.88,133.292,141.868,145.481,136.736,137.08
1082.0,103.829,128.651,144.173,99.88,133.365,141.868,145.422,136.702,137.045
1082.1,103.829,128.77,144.143,99.88,133.329,141.899,145.422,136.702,137.08
1082.2,103.771,128.651,144.143,99.94,133.292,141.837,145.451,136.702,137.08
1082.3,103.886,128.691,144.113,99.94,133.402,141.868,145.422,136.702,137.045
1082.4,103.829,128.651,144.113,99.88,133.329,141.994,145.451,136.667,137.045
1082.5,103.829,128.77,144.173,100.0,133.365,141.868,145.539,136.702,137.08
1082.6,103.829,128.77,144.233,99.88,133.365,141.931,145.422,136.667,137.08
1082.7,103.829,128.612,144.203,99.88,133.329,141.868,145.422,136.771,137.08
1082.8,103.886,128.691,144.263,99.88,133.329,141.931,145.451,136.667,137.08
1082.9,103.886,128.691,144.203,100.0,133.329,141.868,145.422,136.736,137.114
1083.0,103.943,128.612,144.173,99.94,133.365,141.899,145.422,136.702,137.114
1083.1,103.829,128.73,144.233,99.94,133.329,141.868,145.422,136.702,137.08
1083.2,103.886,128.691,144.203,99.88,133.365,141.899,145.481,136.736,137.114
1083.3,103.829,128.691,144.143,99.94,133.402,141.868,145.451,136.736,137.114
1083.4,103.829,128.691,144.203,99.94,133.402,141.931,145.451,136.736,137.08
1083.5,103.829,128.73,144.233,99.94,133.402,141.931,145.451,136.702,137.114
1083.6,103.886,128.73,144.173,99.94,133.402,141.837,145.481,136.702,137.08
1083.7,103.943,128.691,144.173,99.94,133.365,141.899,145.451,136.702,137.08
1083.8,103.886,128.77,144.233,99.94,133.365,141.899,145.451,136.736,137.114
1083.9,103.829,128.73,144.173,100.0,133.438,141.899,145.451,136.702,137.08
1084.0,103.943,128.73,144.233,99.94,133.292,141.899,145.481,136.702,137.08
1084.1,103.886,128.691,144.233,99.94,133.402,141.899,145.392,136.736,137.08
1084.2,103.943,128.77,144.173,99.819,133.402,141.899,145.451,136.702,137.114
1084.3,103.829,128.77,144.173,99.94,133.329,141.899,145.451,136.736,137.045
1084.4,103.943,128.77,144.143,100.0,133.365,141.899,145.451,136.736,137.08
1084.5,103.829,128.77,144.173,100.061,133.438,141.899,145.451,136.736,137.08
1084.6,103.886,128.77,144.173,99.94,133.365,141.931,145.481,136.736,137.114
1084.7,103.886,128.809,144.173,100.0,133.475,141.899,145.451,136.736,137.114
1084.8,103.886,128.77,144.203,100.0,133.438,141.962,145.422,136.736,137.114
1084.9,103.886,128.77,144.203,99.88,133.438,141.868,145.451,136.805,137.216
1085.0,103.886,128.809,144.173,99.94,133.475,141.899,145.481,136.771,137.114
1085.1,103.943,128.809,144.173,99.94,133.438,141.931,145.451,136.771,137.114
1085.2,103.943,128.73,144.203,100.0,133.438,141.899,145.451,136.702,137.08
1085.3,103.943,128.77,144.173,100.061,133.438,141.899,145.451,136.771,137.114
1085.4,103.886,128.849,144.233,99.88,133.438,141.931,145.451,136.736,137.08
1085.5,103.943,128.809,144.173,99.94,133.475,141.994,145.451,136.736,137.114
1085.6,103.829,128.73,144.203,99.94,133.475,141.899,145.451,136.736,137.148
1085.7,104.0,128.809,144.143,99.94,133.438,141.899,145.51,136.771,137.148
1085.8,103.886,128.888,144.173,100.0,133.511,141.931,145.451,136.771,137.148
1085.9,103.886,128.849,144.233,100.061,133.475,141.899,145.481,136.702,137.148
1086.0,103.943,128.849,144.203,99.94,133.438,141.899,145.51,136.736,137.114
1086.1,103.886,128.888,144.203,99.94,133.511,142.025,145.451,136.736,137.114
1086.2,103.886,128.849,144.173,100.0,133.511,141.931,145.334,136.736,137.08
1086.3,103.943,128.927,144.143,99.94,133.475,141.962,145.451,136.771,137.148
1086.4,103.943,128.849,144.203,100.0,133.511,141.962,145.422,136.771,137.148
1086.5,103.829,128.927,144.233,99.94,133.475,141.899,145.422,136.736,137.114
1086.6,103.943,128.849,144.143,99.94,133.511,141.931,145.481,136.736,137.114
1086.7,103.943,128.888,144.203,100.0,133.438,141.931,145.451,136.736,137.148
1086.8,103.943,128.927,144.173,100.0,133.511,141.962,145.422,136.736,137.148
1086.9,103.943,128.927,144.263,100.061,133.511,141.931,145.481,136.736,137.148
1087.0,103.943,128.888,144.173,100.0,133.511,141.899,145.539,136.805,137.216
1087.1,103.943,128.888,144.173,100.0,133.511,141.962,145.481,136.736,137.148
1087.2,103.943,128.927,144.203,100.0,133.475,141.899,145.51,136.771,137.114
1087.3,104.0,128.888,144.233,100.0,133.548,141.931,145.451,136.736,137.114
1087.4,103.943,128.888,144.203,100.061,133.511,141.931,145.51,136.771,137.148
1087.5,103.943,128.967,144.203,100.121,133.511,141.931,145.451,136.771,137.148
1087.6,103.771,128.888,144.203,100.0,133.548,141.962,145.422,136.805,137.114
1087.7,103.943,128.888,144.173,100.0,133.548,141.931,145.451,136.736,137.148
1087.8,104.0,128.927,144.203,100.0,133.548,141.962,145.451,136.771,137.114
1087.9,103.943,128.888,144.203,100.061,133.548,141.931,145.451,136.771,137.148
1088.0,104.0,128.888,144.233,100.061,133.584,141.931,145.451,136.771,137.148
1088.1,104.058,128.967,144.263,100.0,133.511,141.931,145.451,136.805,137.045
1088.2,104.058,128.927,144.203,100.061,133.511,141.931,145.481,136.839,137.148
1088.3,104.058,128.888,144.173,100.0,133.548,141.931,145.569,136.805,137.148
1088.4,104.0,128.927,144.263,100.061,133.548,141.962,145.481,136.839,137.251
1088.5,104.058,128.927,144.263,100.061,133.548,141.962,145.481,136.771,137.182
1088.6,104.0,128.888,144.203,100.061,133.62,141.931,145.451,136.771,137.182
1088.7,104.058,128.927,144.203,100.182,133.548,141.931,145.451,136.702,137.148
1088.8,104.058,128.967,144.203,100.182,133.62,141.994,145.481,136.839,137.148
1088.9,104.058,128.888,144.173,100.0,133.584,141.931,145.451,136.702,137.148
1089.0,104.058,128.967,144.143,100.061,133.584,141.931,145.363,136.736,137.216
1089.1,104.058,128.967,144.203,100.182,133.657,141.962,145.51,136.771,137.148
1089.2,104.058,128.888,144.203,100.061,133.584,141.994,145.481,136.736,137.148
1089.3,104.172,128.967,144.294,100.061,133.584,141.837,145.481,136.839,137.216
1089.4,104.115,128.927,144.203,100.061,133.548,141.931,145.451,136.771,137.114
1089.5,104.115,128.927,144.203,100.061,133.584,141.931,145.451,136.771,137.114
1089.6,104.115,128.967,144.203,100.061,133.548,141.962,145.422,136.771,137.182
1089.7,104.172,128.888,144.203,100.182,133.584,141.931,145.451,136.771,137.182
1089.8,104.172,128.927,144.203,100.121,133.62,141.931,145.451,136.771,137.148
1089.9,104.172,128.77,144.203,100.182,133.584,141.994,145.481,136.771,137.182
1090.0,104.115,128.927,144.233,100.182,133.511,141.931,145.451,136.771,137.148
1090.1,104.229,128.927,144.263,100.121,133.548,141.931,145.451,136.805,137.148
1090.2,104.172,128.927,144.173,100.182,133.584,141.962,145.51,136.736,137.148
1090.3,104.172,128.967,144.113,100.121,133.62,141.962,145.481,136.771,137.148
1090.4,104.229,128.888,144.203,100.242,133.548,141.962,145.481,136.805,137.114
1090.5,104.229,128.888,144.263,100.182,133.548,141.962,145.51,136.771,137.216
1090.6,104.229,128.888,144.173,100.242,133.584,141.994,145.451,136.771,137.182
1090.7,104.229,128.927,144.233,100.242,133.548,141.962,145.422,136.771,137.148
1090.8,104.286,128.888,144.263,100.242,133.548,141.994,145.451,136.805,137.08
1090.9,104.286,128.927,144.263,100.182,133.548,141.899,145.481,136.771,137.182
1091.0,104.229,128.888,144.143,100.242,133.548,141.931,145.451,136.805,137.182
1091.1,104.286,128.888,144.263,100.242,133.548,141.962,145.451,136.839,137.114
1091.2,104.4,128.888,144.233,100.242,133.548,141.868,145.451,136.771,137.148
1091.3,104.343,128.888,144.233,100.302,133.548,141.931,145.481,136.805,137.148
1091.4,104.343,128.927,144.233,100.242,133.584,141.931,145.451,136.805,137.114
1091.5,104.286,128.888,144.263,100.302,133.548,141.962,145.451,136.736,137.148
1091.6,104.343,128.73,144.233,100.422,133.548,141.962,145.51,136.771,137.148
1091.7,104.343,128.967,144.294,100.482,133.548,141.962,145.451,136.771,137.114
1091.8,104.343,128.849,144.263,100.182,133.511,141.962,145.451,136.736,137.08
1091.9,104.286,128.849,144.233,100.542,133.511,141.931,145.51,136.702,137.114
1092.0,104.4,128.849,144.233,100.302,133.511,141.962,145.451,136.805,137.148
1092.1,104.4,128.849,144.203,100.422,133.548,142.025,145.481,136.839,137.114
1092.2,104.4,128.77,144.263,100.362,133.511,141.962,145.451,136.805,137.148
1092.3,104.457,128.888,144.203,100.422,133.548,141.962,145.451,136.771,137.08
1092.4,104.4,128.809,144.383,100.422,133.511,141.994,145.451,136.771,137.114
1092.5,104.4,128.849,144.173,100.422,133.548,141.899,145.51,136.702,137.08
1092.6,104.4,128.77,144.233,100.422,133.511,141.931,145.451,136.702,137.08
1092.7,104.457,128.849,144.173,100.482,133.548,141.931,145.451,136.667,137.148
1092.8,104.4,128.849,144.203,100.482,133.511,141.931,145.51,136.736,137.045
1092.9,104.457,128.849,144.203,100.482,133.511,141.994,145.481,136.736,137.08
1093.0,104.4,128.809,144.173,100.542,133.511,141.931,145.51,136.702,137.011
1093.1,104.457,128.73,144.233,100.482,133.511,141.962,145.451,136.702,137.045
1093.2,104.457,128.77,144.233,100.482,133.511,141.962,145.481,136.702,137.114
1093.3,104.457,128.73,144.203,100.602,133.475,141.962,145.422,136.667,137.08
1093.4,104.514,128.77,144.203,100.542,133.438,141.962,145.451,136.667,137.045
1093.5,104.628,128.77,144.233,100.482,133.511,141.994,145.451,136.633,137.045
1093.6,104.514,128.73,144.263,100.602,133.438,141.962,145.51,136.667,137.08
1093.7,104.571,128.691,144.233,100.542,133.475,141.931,145.481,136.702,137.011
1093.8,104.514,128.73,144.173,100.542,133.438,141.962,145.451,136.702,137.011
1093.9,104.514,128.73,144.203,100.602,133.402,141.962,145.451,136.667,136.977
1094.0,104.571,128.691,144.203,100.602,133.438,142.056,145.481,136.667,137.011
1094.1,104.514,128.691,144.203,100.602,133.402,141.962,145.481,136.702,136.943
1094.2,104.514,128.691,144.203,100.602,133.402,141.931,145.422,136.633,136.977
1094.3,104.571,128.651,144.203,100.722,133.511,141.931,145.451,136.633,136.977
1094.4,104.571,128.651,144.203,100.662,133.365,141.931,145.451,136.633,136.943
1094.5,104.571,128.73,144.173,100.722,133.365,142.087,145.451,136.598,137.08
1094.6,104.571,128.691,144.173,100.662,133.365,141.994,145.481,136.598,136.977
1094.7,104.571,128.691,144.173,100.782,133.365,141.931,145.481,136.598,136.943
1094.8,104.628,128.612,144.203,100.662,133.365,141.931,145.481,136.529,137.011
1094.9,104.571,128.691,144.143,100.662,133.365,142.025,145.451,136.598,136.908
1095.0,104.628,128.612,144.173,100.722,133.365,141.931,145.451,136.494,136.908
1095.1,104.684,128.612,144.233,100.722,133.329,141.962,145.481,136.564,136.874
1095.2,104.628,128.572,144.173,100.782,133.329,141.931,145.569,136.529,136.874
1095.3,104.571,128.612,144.294,100.722,133.292,141.931,145.481,136.494,136.874
1095.4,104.628,128.612,144.173,100.782,133.292,141.931,145.451,136.529,136.874
1095.5,104.628,128.612,144.173,100.782,133.292,141.931,145.451,136.529,136.736
1095.6,104.628,128.532,144.173,100.782,133.255,141.994,145.451,136.529,136.736
1095.7,104.798,128.572,144.173,100.782,133.255,141.899,145.481,136.46,136.839
1095.8,104.628,128.532,144.203,100.782,133.292,141.899,145.451,136.46,136.805
1095.9,104.684,128.532,144.173,100.842,133.255,141.899,145.451,136.529,136.805
1096.0,104.684,128.453,144.143,100.842,133.255,141.931,145.451,136.46,136.839
1096.1,104.741,128.493,144.173,100.782,133.292,141.899,145.481,136.425,136.805
1096.2,104.571,128.493,144.233,100.782,133.255,141.931,145.422,136.46,136.805
1096.3,104.628,128.532,144.173,100.842,133.255,141.931,145.451,136.425,136.805
1096.4,104.684,128.493,144.143,100.782,133.219,141.931,145.451,136.425,136.874
1096.5,104.684,128.413,144.173,100.842,133.219,141.931,145.451,136.46,136.702
1096.6,104.628,128.453,144.233,100.782,133.219,141.931,145.451,136.39,136.736
1096.7,104.628,128.413,144.173,100.842,133.219,141.899,145.451,136.39,136.736
1096.8,104.684,128.413,144.143,100.842,133.182,141.962,145.422,136.356,136.702
1096.9,104.628,128.413,144.143,100.902,133.109,141.931,145.422,136.39,136.702
1097.0,104.684,128.413,144.143,100.842,133.146,141.899,145.481,136.356,136.667
1097.1,104.628,128.374,144.143,100.902,133.146,141.868,145.481,136.321,136.667
1097.2,104.684,128.334,144.173,100.722,133.182,141.899,145.422,136.321,136.633
1097.3,104.684,128.334,144.173,100.902,133.035,141.868,145.451,136.321,136.667
1097.4,104.684,128.294,144.203,100.842,133.146,141.899,145.451,136.356,136.633
1097.5,104.741,128.294,144.113,100.902,133.109,141.868,145.451,136.321,136.633
1097.6,104.684,128.334,144.173,100.902,133.109,141.868,145.451,136.252,136.633
1097.7,104.741,128.294,144.143,100.961,133.072,141.868,145.451,136.252,136.598
1097.8,104.628,128.294,144.143,100.961,133.035,141.868,145.422,136.286,136.598
1097.9,104.628,128.214,144.203,100.902,133.035,141.868,145.422,136.252,136.564
1098.0,104.684,128.294,144.143,100.961,132.999,141.899,145.392,136.252,136.529
1098.1,104.684,128.254,144.143,100.902,132.999,141.899,145.451,136.217,136.529
1098.2,104.741,128.175,144.113,100.961,133.035,141.899,145.451,136.217,136.564
1098.3,104.684,128.135,144.143,100.961,132.999,141.899,145.392,136.252,136.46
1098.4,104.628,128.175,144.173,100.961,133.072,141.899,145.422,136.217,136.529
1098.5,104.684,128.175,144.113,101.021,132.999,141.931,145.422,136.147,136.494
1098.6,104.741,128.175,144.143,101.021,132.999,141.868,145.422,136.112,136.494
1098.7,104.684,128.175,144.143,100.961,132.925,141.899,145.422,136.147,136.494
1098.8,104.628,128.175,144.113,100.961,132.962,141.899,145.451,136.182,136.46
1098.9,104.571,128.135,144.083,101.021,132.962,141.868,145.392,136.078,136.425
1099.0,104.798,128.095,144.143,101.021,133.035,141.837,145.422,136.147,136.425
1099.1,104.684,128.095,144.113,100.782,132.925,141.837,145.422,136.147,136.425
1099.2,104.628,128.135,144.113,101.08,132.925,141.868,145.363,136.112,136.425
1099.3,104.684,128.095,144.143,101.021,132.925,141.837,145.451,136.008,136.39
1099.4,104.628,128.015,144.143,101.021,132.888,141.837,145.363,136.112,136.356
1099.5,104.628,128.055,144.083,100.961,132.888,141.868,145.392,136.043,136.39
1099.6,104.684,128.015,144.113,100.961,132.851,141.868,145.304,136.008,136.321
1099.7,104.684,127.975,144.143,101.021,132.851,141.837,145.392,136.008,136.321
1099.8,104.684,128.015,144.113,100.961,132.851,141.868,145.422,136.043,136.356
1099.9,104.741,128.015,144.143,100.961,132.851,141.868,145.422,136.008,136.321
1100.0,104.628,128.015,144.143,100.961,132.814,141.868,145.392,135.973,136.321
1100.1,104.628,127.975,144.113,100.961,132.851,141.837,145.392,136.008,136.321
1100.2,104.628,127.975,144.113,100.961,132.778,141.837,145.334,135.938,136.286
1100.3,104.571,127.935,144.083,100.961,132.778,141.837,145.392,135.938,136.217
1100.4,104.628,127.935,144.143,101.021,132.741,141.868,145.422,135.903,136.252
1100.5,104.628,127.895,144.143,100.902,132.741,141.837,145.392,135.903,136.182
1100.6,104.571,127.935,144.053,100.961,132.814,141.805,145.422,135.903,136.217
1100.7,103.656,127.815,144.113,100.961,132.778,141.837,145.539,135.868,136.147
1100.8,104.628,127.855,144.113,101.021,132.778,141.774,145.392,135.903,136.182
1100.9,104.571,127.895,144.083,101.021,132.667,141.805,145.422,135.868,136.147
1101.0,104.628,127.895,144.053,101.021,132.704,141.837,145.422,135.833,136.147
1101.1,104.571,127.775,144.083,101.021,132.667,141.837,145.392,135.868,136.112
1101.2,104.457,127.734,144.083,100.961,132.741,141.774,145.363,135.763,136.078
1101.3,104.571,127.654,144.053,101.08,132.63,141.774,145.363,135.728,136.043
1101.4,104.571,127.775,144.113,101.021,132.593,141.805,145.363,135.693,136.008
1101.5,104.514,127.654,144.053,101.021,132.593,141.805,145.363,135.693,136.008
1101.6,104.457,127.654,144.083,100.961,132.519,141.805,145.363,135.693,135.973
1101.7,104.514,127.654,144.023,100.961,132.593,141.805,145.451,135.693,136.008
1101.8,104.457,127.614,144.053,101.08,132.63,141.774,145.392,135.728,135.973
1101.9,104.514,127.614,144.083,100.961,132.519,141.774,145.422,135.623,135.938
1102.0,104.571,127.614,144.083,100.961,132.519,141.742,145.392,135.658,135.938
1102.1,104.457,127.574,144.083,100.961,132.482,141.742,145.363,135.623,135.903
1102.2,104.571,127.574,144.023,100.961,132.482,141.742,145.392,135.623,135.903
1102.3,104.457,127.574,144.053,100.961,132.444,141.742,145.392,135.587,135.903
1102.4,104.457,127.533,144.053,100.961,132.37,141.837,145.363,135.623,135.938
1102.5,104.457,127.493,143.993,100.961,132.444,141.774,145.363,135.552,135.903
1102.6,104.457,127.493,144.023,100.961,132.444,141.868,145.392,135.552,135.868
1102.7,104.514,127.493,144.083,100.961,132.407,141.648,145.392,135.517,135.868
1102.8,104.457,127.493,144.053,100.902,132.482,141.742,145.363,135.552,135.833
1102.9,104.4,127.453,143.993,101.021,132.407,141.742,145.334,135.623,135.833
1103.0,104.4,127.453,144.023,101.021,132.444,141.742,145.304,135.517,135.868
1103.1,104.4,127.453,144.023,100.902,132.37,141.742,145.392,135.517,135.798
1103.2,104.4,127.453,143.993,100.902,132.37,141.711,145.392,135.482,135.763
1103.3,104.4,127.412,143.932,100.961,132.333,141.742,145.363,135.411,135.763
1103.4,104.4,127.412,144.023,100.961,132.296,141.711,145.334,135.411,135.763
1103.5,104.343,127.372,144.083,100.961,132.296,141.711,145.334,135.411,135.763
1103.6,104.4,127.332,144.023,100.902,132.296,141.742,145.334,135.447,135.763
1103.7,104.343,127.372,144.023,100.902,132.296,141.711,145.334,135.411,135.728
1103.8,104.343,127.291,144.053,100.902,132.296,141.742,145.363,135.411,135.693
1103.9,104.343,127.332,143.993,100.902,132.259,141.742,145.363,135.411,135.728
1104.0,104.343,127.291,144.023,100.902,132.296,141.679,145.334,135.376,135.693
1104.1,104.286,127.251,144.023,100.961,132.259,141.711,145.363,135.376,135.763
1104.2,104.286,127.251,143.962,100.902,132.221,141.742,145.363,135.376,135.763
1104.3,104.286,127.17,143.993,100.902,132.259,141.679,145.422,135.341,135.623
1104.4,104.229,127.291,143.993,100.902,132.221,141.679,145.363,135.305,135.623
1104.5,104.229,127.21,143.993,100.961,132.147,141.742,145.451,135.27,135.623
1104.6,104.343,127.21,143.993,100.842,132.184,141.679,145.334,135.27,135.623
1104.7,104.229,127.17,144.023,100.902,132.147,141.679,145.363,135.27,135.587
1104.8,104.172,127.17,144.053,100.902,132.147,141.679,145.363,135.27,135.552
1104.9,104.286,127.089,143.993,100.902,132.109,141.679,145.334,135.199,135.552
1105.0,104.286,127.17,143.962,100.902,132.184,141.679,145.392,135.199,135.552
1105.1,104.229,127.089,143.993,100.842,132.072,141.679,145.334,135.305,135.517
1105.2,104.229,127.007,143.962,100.842,132.147,141.679,145.363,135.199,135.517
1105.3,104.229,127.048,144.023,100.842,132.072,141.648,145.363,135.199,135.517
1105.4,104.172,127.007,144.023,100.902,132.072,141.679,145.334,135.164,135.587
1105.5,104.172,127.048,143.962,100.842,132.072,141.585,145.304,135.164,135.482
1105.6,104.172,127.048,143.962,100.902,132.035,141.679,145.363,135.164,135.447
1105.7,104.172,127.007,143.962,100.842,132.109,141.616,145.334,135.129,135.552
1105.8,104.229,127.048,144.023,100.902,131.96,141.616,145.304,135.199,135.411
1105.9,104.172,127.129,144.023,100.782,131.997,141.679,145.304,135.129,135.447
1106.0,104.172,126.967,143.962,100.902,132.035,141.679,145.275,135.129,135.482
1106.1,104.115,126.967,143.962,100.902,131.997,141.616,145.363,135.093,135.411
1106.2,104.058,127.007,143.932,100.842,131.96,141.616,145.334,135.058,135.376
1106.3,104.115,126.926,143.962,100.842,131.96,141.616,145.304,135.058,135.341
1106.4,104.058,126.885,143.962,100.722,131.96,141.648,145.334,135.093,135.341
1106.5,104.798,126.926,143.993,100.722,131.96,141.616,145.334,134.987,135.341
1106.6,104.115,126.845,143.932,100.782,131.96,141.616,145.334,134.987,135.341
1106.7,104.058,126.845,143.872,100.782,131.885,141.679,145.275,135.022,135.305
1106.8,104.058,126.885,143.932,100.782,131.96,141.616,145.334,134.987,135.341
1106.9,104.058,126.804,143.932,100.662,131.848,141.616,145.275,135.129,135.305
1107.0,103.943,126.885,143.993,100.782,131.848,141.616,145.363,134.951,135.305
1107.1,104.058,126.845,143.962,100.782,131.848,141.585,145.304,134.951,135.27
1107.2,104.0,126.804,143.902,100.782,131.848,141.585,145.304,134.951,135.27
1107.3,104.058,126.763,143.902,100.782,131.848,141.585,145.304,134.915,135.235
1107.4,104.058,126.885,143.446,100.782,131.772,141.616,145.363,134.915,135.341
1107.5,103.943,126.804,143.962,100.782,131.885,141.616,145.334,134.915,135.235
1107.6,104.0,126.722,143.962,100.722,131.81,141.616,145.304,134.915,135.235
1107.7,104.0,126.722,143.962,100.782,131.81,141.553,145.304,134.88,135.164
1107.8,104.058,126.722,143.902,100.722,131.735,141.553,145.304,134.809,135.164
1107.9,103.943,126.682,143.932,100.782,131.772,141.585,145.275,134.844,135.164
1108.0,104.0,126.722,143.902,100.662,131.66,141.553,145.363,134.844,135.129
1108.1,103.943,126.641,143.902,100.722,131.697,141.553,145.334,134.809,135.129
1108.2,103.943,126.722,143.932,100.662,131.697,141.553,145.304,134.773,135.093
1108.3,103.886,126.559,143.811,100.722,131.66,141.553,145.304,134.737,135.093
1108.4,103.943,126.6,143.962,100.662,131.697,141.553,145.275,134.737,135.058
1108.5,103.886,126.559,143.781,100.722,131.697,141.553,145.275,134.773,135.058
1108.6,103.943,126.559,143.902,100.662,131.584,141.553,145.334,134.773,135.022
1108.7,103.886,126.518,143.902,100.662,131.584,141.553,145.304,134.737,135.093
1108.8,103.829,126.518,143.902,100.722,131.66,141.585,145.304,134.702,134.987
1108.9,103.829,126.395,143.902,100.662,131.66,141.521,145.304,134.702,135.022
1109.0,103.829,126.477,143.902,100.602,131.547,141.553,145.275,134.737,134.987
1109.1,103.771,126.477,143.872,100.602,131.547,141.553,145.304,134.702,134.987
1109.2,103.829,126.436,143.902,100.782,131.547,141.521,145.304,134.594,134.987
1109.3,103.886,126.436,143.902,100.602,131.622,141.521,145.334,134.594,134.951
1109.4,103.829,126.436,143.872,100.602,131.547,141.521,145.304,134.666,134.951
1109.5,103.771,126.436,143.932,100.602,131.547,141.521,145.275,134.63,134.915
1109.6,103.771,126.395,143.902,100.662,131.584,141.616,145.334,134.594,134.987
1109.7,103.771,126.354,143.902,100.602,131.471,141.521,145.275,134.594,134.88
1109.8,103.771,126.354,143.872,100.602,131.471,141.521,145.275,134.594,134.88
1109.9,103.771,126.354,143.902,100.602,131.434,141.49,145.216,134.594,134.88
1110.0,103.771,126.313,143.872,100.542,131.434,141.521,145.275,134.559,134.88
1110.1,103.714,126.313,143.872,100.602,131.396,141.49,145.275,134.523,134.844
1110.2,103.656,126.272,143.902,100.542,131.434,141.521,145.275,134.451,134.844
1110.3,103.714,126.272,143.841,100.482,131.396,141.553,145.275,134.487,134.809
1110.4,103.656,126.231,143.902,100.422,131.358,141.458,145.245,134.487,134.809
1110.5,103.714,126.272,143.902,100.542,131.434,141.49,145.422,134.487,134.809
1110.6,103.599,126.231,143.872,100.482,131.358,141.49,145.304,134.415,134.773
1110.7,103.714,126.189,143.902,100.602,131.396,141.458,145.245,134.487,134.773
1110.8,103.599,126.189,143.841,100.602,131.32,141.49,145.275,134.487,134.737
1110.9,103.599,126.148,143.872,100.542,131.358,141.458,145.275,134.451,134.737
1111.0,103.541,126.189,143.872,100.542,131.32,141.49,145.245,134.415,134.702
1111.1,103.656,126.107,143.872,100.542,131.282,141.458,145.245,134.379,134.666
1111.2,103.599,126.148,143.841,100.482,131.245,141.458,145.245,134.308,134.702
1111.3,103.541,126.107,143.841,100.482,131.245,141.458,145.245,134.343,134.666
1111.4,103.599,126.066,143.872,100.422,131.207,141.49,145.186,134.343,134.737
1111.5,103.599,126.107,143.841,100.482,131.245,141.49,145.304,134.308,134.63
1111.6,103.656,126.066,143.872,100.422,131.207,141.521,145.304,134.308,134.666
1111.7,103.483,126.024,143.902,100.482,131.169,141.427,145.186,134.308,134.63
1111.8,103.541,125.901,143.811,100.422,131.169,141.427,145.245,134.272,134.666
1111.9,103.541,125.942,143.841,100.482,131.169,141.427,145.275,134.272,134.63
1112.0,103.483,125.901,143.872,100.482,131.169,141.363,145.275,134.272,134.666
1112.1,103.483,126.024,143.841,100.482,131.093,141.458,145.216,134.308,134.594
1112.2,103.483,125.901,143.872,100.422,131.093,141.427,145.245,134.272,134.559
1112.3,103.541,125.983,143.811,100.362,131.131,141.427,145.275,134.2,134.523
1112.4,103.483,125.901,143.841,100.422,131.055,141.427,145.275,134.2,134.523
1112.5,103.426,125.859,143.811,100.422,131.017,141.427,145.245,134.2,134.487
1112.6,103.483,125.859,143.811,100.422,131.017,141.395,145.275,134.164,134.487
1112.7,103.426,125.859,143.841,100.422,131.093,141.427,145.216,134.2,134.487
1112.8,103.368,125.818,143.781,100.362,131.055,141.395,145.334,134.127,134.487
1112.9,103.368,125.776,143.811,100.302,131.017,141.363,145.245,134.164,134.415
1113.0,103.368,125.776,143.811,100.362,130.941,141.395,145.245,134.055,134.487
1113.1,103.426,125.693,143.781,100.362,131.055,141.395,145.245,134.127,134.451
1113.2,103.368,125.776,143.841,100.362,131.055,141.49,145.216,134.164,134.487
1113.3,103.368,125.735,143.811,100.302,130.864,141.331,145.216,134.091,134.415
1113.4,103.252,125.693,143.811,100.362,130.941,141.427,145.275,134.019,134.451
1113.5,103.368,125.693,143.811,100.302,130.941,141.363,145.275,134.091,134.379
1113.6,103.368,125.693,143.811,100.302,130.903,141.363,145.245,134.091,134.487
1113.7,103.252,125.61,143.781,100.302,130.903,141.395,145.245,134.019,134.379
1113.8,103.31,125.652,143.811,100.302,131.055,141.395,145.275,134.019,134.379
1113.9,103.252,125.61,143.781,100.302,130.826,141.395,145.245,133.983,134.308
1114.0,103.252,125.61,143.781,100.302,130.826,141.363,145.245,134.055,134.308
1114.1,103.252,125.569,143.811,100.242,130.826,141.363,145.216,134.019,134.415
1114.2,103.195,125.569,143.781,100.242,130.75,141.363,145.216,133.983,134.272
1114.3,103.195,125.527,143.751,100.242,130.864,141.363,145.275,133.947,134.272
1114.4,103.252,125.527,143.841,100.242,130.75,141.331,145.245,133.874,134.272
1114.5,103.195,125.527,143.781,100.302,130.712,141.363,145.216,133.911,134.236
1114.6,103.195,125.485,143.781,100.182,130.712,141.363,145.245,133.947,134.236
1114.7,103.195,125.485,143.751,100.121,130.635,141.3,145.245,133.874,134.2
1114.8,103.079,125.444,143.811,100.182,130.635,141.331,145.216,133.911,134.2
1114.9,103.137,125.36,143.781,100.182,130.674,141.3,145.216,133.838,134.127
1115.0,103.079,125.277,143.751,100.302,130.597,141.331,145.245,133.838,134.127
1115.1,103.079,125.402,143.781,100.121,130.635,141.331,145.186,133.802,134.164
1115.2,103.079,125.277,143.781,100.121,130.635,141.331,145.304,133.766,134.2
1115.3,103.021,125.277,143.72,100.121,130.597,141.3,145.245,133.802,134.091
1115.4,103.021,125.277,143.781,100.121,130.559,141.268,145.216,133.729,134.091
1115.5,103.195,125.319,143.781,100.121,130.559,141.3,145.186,133.729,134.055
1115.6,103.079,125.277,143.751,100.061,130.482,141.3,145.216,133.766,134.055
1115.7,103.021,125.235,143.781,100.061,130.559,141.268,145.216,133.693,134.019
1115.8,102.963,125.193,143.751,100.121,130.482,141.3,145.216,133.729,134.055
1115.9,103.021,125.193,143.751,100.061,130.559,141.3,145.127,133.62,134.019
1116.0,102.963,125.151,143.69,100.061,130.52,141.236,145.275,133.657,134.019
1116.1,103.021,125.151,143.781,100.061,130.482,141.268,145.186,133.693,133.983
1116.2,102.904,125.151,143.72,100.061,130.444,141.268,145.245,133.657,134.019
1116.3,102.904,125.11,143.72,100.061,130.482,141.268,145.216,133.62,133.947
1116.4,102.846,125.151,143.72,100.121,130.405,141.268,145.186,133.657,133.947
1116.5,102.904,125.11,143.72,100.061,130.405,141.236,145.186,133.62,133.947
1116.6,102.904,125.068,143.781,100.0,130.482,141.268,145.216,133.62,133.911
1116.7,102.846,125.068,143.72,100.0,130.367,141.3,145.275,133.62,133.947
1116.8,102.904,125.068,143.751,100.0,130.405,141.268,145.186,133.62,133.911
1116.9,102.846,125.026,143.72,99.94,130.367,141.236,145.157,133.584,133.911
1117.0,102.788,125.026,143.72,100.061,130.405,141.236,145.216,133.62,133.911
1117.1,102.846,124.984,143.69,100.0,130.29,141.236,145.157,133.511,133.911
1117.2,102.788,125.026,143.72,99.819,130.444,141.236,145.245,133.475,133.874
1117.3,102.788,124.984,143.69,100.0,130.328,141.268,145.157,133.584,133.911
1117.4,102.788,124.942,143.72,99.94,130.328,141.236,145.245,133.475,133.911
1117.5,102.788,124.942,143.659,100.0,130.251,141.236,145.157,133.511,133.802
1117.6,102.846,124.942,143.659,99.94,130.251,141.236,145.157,133.511,133.838
1117.7,102.73,124.9,143.69,99.94,130.213,141.236,145.157,133.475,133.802
1117.8,102.846,124.858,143.72,99.88,130.136,141.204,145.216,133.475,133.802
1117.9,102.788,124.9,143.69,99.88,130.174,141.204,145.157,133.475,133.802
1118.0,102.73,124.858,143.629,100.0,130.174,141.236,145.157,133.475,133.802
1118.1,102.73,124.816,143.69,99.94,130.174,141.204,145.216,133.475,133.729
1118.2,102.73,124.773,143.69,99.88,130.213,141.173,145.216,133.438,133.802
1118.3,102.672,124.773,143.69,99.94,130.097,141.236,145.216,133.438,133.729
1118.4,102.73,124.816,143.69,99.88,130.136,141.173,145.157,133.438,133.802
1118.5,102.672,124.773,143.69,99.88,130.174,141.204,145.216,133.329,133.729
1118.6,102.672,124.731,143.69,99.88,130.136,141.204,145.157,133.402,133.729
1118.7,102.613,124.731,143.659,99.819,130.097,141.236,145.186,133.329,133.693
1118.8,102.672,124.731,143.659,99.819,130.097,141.173,145.186,133.402,133.693
1118.9,102.613,124.689,143.659,99.819,130.097,141.204,145.216,133.402,133.693
1119.0,102.672,124.689,143.659,99.88,130.097,141.173,145.186,133.402,133.693
1119.1,102.672,124.605,143.69,99.819,130.058,141.173,145.157,133.365,133.657
1119.2,102.555,124.647,143.659,99.819,130.058,141.173,145.039,133.365,133.693
1119.3,102.613,124.605,143.659,99.88,130.058,141.173,145.127,133.329,133.657
1119.4,102.613,124.647,143.659,99.819,130.02,141.173,145.157,133.292,133.693
1119.5,102.555,124.647,143.599,99.819,129.981,141.236,145.157,133.329,133.693
1119.6,102.555,124.605,143.629,99.758,130.02,141.173,145.157,133.292,133.657
1119.7,102.555,124.605,143.659,99.758,129.981,141.141,145.186,133.329,133.657
1119.8,102.613,124.562,143.659,99.819,129.942,141.141,145.157,133.292,133.584
1119.9,102.613,124.52,143.659,99.819,129.942,141.173,145.157,133.255,133.584
1120.0,102.497,124.436,143.659,99.698,129.904,141.109,145.157,133.255,133.548
1120.1,102.555,124.52,143.659,99.698,129.865,141.141,145.186,133.182,133.548
1120.2,102.613,124.478,143.599,99.758,129.865,141.109,145.157,133.182,133.548
1120.3,102.497,124.478,143.659,99.758,129.904,141.109,145.098,133.182,133.584
1120.4,102.497,124.478,143.659,99.698,129.865,141.109,145.157,133.219,133.511
1120.5,102.438,124.393,143.599,99.698,129.826,141.173,145.186,133.182,133.475
1120.6,102.38,124.436,143.659,99.698,129.826,141.109,145.127,133.219,133.548
1120.7,102.438,124.351,143.659,99.637,129.787,141.109,145.157,133.146,133.475
1120.8,102.38,124.436,143.659,99.698,129.826,141.109,145.157,133.109,133.511
1120.9,102.38,124.351,143.659,99.698,129.787,141.141,145.157,133.146,133.475
1121.0,102.321,124.351,143.659,99.637,129.826,141.109,145.127,133.146,133.511
1121.1,102.38,124.308,143.599,99.637,129.787,141.109,145.157,133.109,133.475
1121.2,102.321,124.351,143.629,99.637,129.749,141.109,145.157,133.109,133.438
1121.3,102.38,124.266,143.629,99.576,129.749,141.109,145.157,133.109,133.438
1121.4,102.321,124.266,143.629,99.637,129.71,141.077,145.157,133.109,133.438
1121.5,102.38,124.266,143.629,99.637,129.71,141.109,145.157,133.072,133.402
1121.6,102.321,124.223,143.659,99.576,129.671,141.045,145.157,133.035,133.438
1121.7,102.262,124.223,143.599,99.637,129.632,141.109,145.186,133.035,133.511
1121.8,102.262,124.181,143.599,99.576,129.593,141.045,145.127,133.035,133.365
1121.9,102.204,124.223,143.629,99.515,129.632,141.077,145.039,132.999,133.365
1122.0,102.262,124.138,143.599,99.515,129.593,141.077,145.186,132.999,133.365
1122.1,102.262,124.096,143.629,99.515,129.515,141.109,145.127,132.999,133.365
1122.2,102.204,124.053,143.568,99.515,129.515,141.045,145.157,132.962,133.292
1122.3,102.204,124.011,143.599,99.515,129.515,141.045,145.157,132.962,133.329
1122.4,102.086,124.011,143.599,99.515,129.476,141.109,145.127,132.962,133.329
1122.5,102.204,124.011,143.568,99.515,129.476,141.045,145.127,132.925,133.292
1122.6,102.145,124.011,143.659,99.515,129.476,141.077,145.127,132.925,133.255
1122.7,102.145,123.968,143.599,99.455,129.32,141.045,145.098,132.925,133.219
1122.8,102.145,123.925,143.568,99.698,129.398,141.045,145.127,132.888,133.255
1122.9,102.086,123.883,143.599,99.394,129.437,141.045,145.157,132.888,133.219
1123.0,102.086,123.883,143.568,99.455,129.359,141.013,145.157,132.851,133.182
1123.1,102.145,123.84,143.568,99.394,129.359,141.013,145.127,132.741,133.255
1123.2,102.145,123.84,143.629,99.394,129.32,141.013,145.157,132.851,133.035
1123.3,102.086,123.797,143.538,99.272,129.359,141.013,145.157,132.814,133.219
1123.4,102.028,123.797,143.568,99.455,129.32,141.013,145.098,132.814,133.182
1123.5,102.028,123.84,143.599,99.455,129.32,140.981,145.127,132.778,133.182
1123.6,102.028,123.84,143.568,99.394,129.281,141.045,145.157,132.814,133.146
1123.7,102.028,123.754,143.538,99.333,129.281,141.013,145.127,132.778,133.146
1123.8,101.969,123.754,143.538,99.394,129.241,141.013,145.098,132.778,133.146
1123.9,101.969,123.711,143.568,99.333,129.281,141.045,145.127,132.778,133.146
1124.0,102.028,123.669,143.659,99.394,129.281,141.013,145.098,132.814,133.109
1124.1,101.969,123.711,143.507,99.394,129.241,140.981,145.127,132.814,133.109
1124.2,102.028,123.711,143.538,99.333,129.241,140.981,145.157,132.741,133.146
1124.3,101.969,123.669,143.538,99.333,129.202,140.981,145.157,132.741,133.146
1124.4,101.969,123.626,143.538,99.272,129.124,140.981,145.127,132.741,133.146
1124.5,102.028,123.669,143.538,99.333,129.124,140.981,145.127,132.741,133.035
1124.6,101.969,123.626,143.538,99.333,129.124,141.013,145.098,132.704,133.072
1124.7,101.91,123.583,143.568,99.333,129.124,140.95,145.098,132.704,133.072
1124.8,101.969,123.583,143.538,99.272,129.163,140.981,145.098,132.667,133.035
1124.9,101.91,123.583,143.538,99.272,129.085,140.95,145.098,132.667,132.962
1125.0,101.91,123.583,143.538,99.333,129.085,140.981,145.127,132.704,133.109
1125.1,101.851,123.54,143.568,99.211,129.085,141.045,145.098,132.704,133.072
1125.2,101.792,123.54,143.538,99.272,129.085,141.045,145.098,132.63,133.035
1125.3,101.851,123.497,143.538,99.211,128.967,140.981,145.068,132.63,133.035
1125.4,101.851,123.497,143.538,99.272,129.006,141.013,145.127,132.63,132.962
1125.5,101.851,123.454,143.538,99.211,129.006,140.95,145.157,132.63,132.999
1125.6,101.792,123.454,143.538,99.211,128.849,140.95,145.098,132.593,132.962
1125.7,101.91,123.454,143.507,99.211,129.006,140.95,145.127,132.593,132.962
1125.8,101.851,123.411,143.507,99.211,128.967,140.95,145.127,132.63,132.962
1125.9,101.792,123.368,143.507,99.211,128.967,140.918,145.098,132.593,132.962
1126.0,101.733,123.368,143.538,99.211,128.888,140.918,145.098,132.593,132.925
1126.1,101.733,123.325,143.507,99.15,128.888,140.918,145.098,132.556,132.851
1126.2,101.733,123.325,143.507,99.15,128.849,140.918,145.098,132.519,132.888
1126.3,101.733,123.282,143.568,99.15,128.967,140.918,145.157,132.519,132.925
1126.4,101.792,123.282,143.477,99.211,128.809,140.886,145.098,132.519,132.888
1126.5,101.674,123.282,143.538,99.211,128.809,140.918,145.127,132.519,132.851
1126.6,101.674,123.195,143.446,99.15,128.809,140.886,145.098,132.482,132.814
1126.7,101.674,123.195,143.477,99.088,128.809,140.918,145.098,132.444,132.851
1126.8,101.674,123.152,143.538,99.15,128.77,140.918,145.098,132.482,132.851
1126.9,101.615,123.195,143.538,99.15,128.73,140.854,145.098,132.444,132.814
1127.0,101.674,123.152,143.477,99.088,128.73,140.918,145.068,132.407,132.814
1127.1,101.792,123.109,143.507,99.027,128.691,140.854,145.098,132.444,132.814
1127.2,101.615,123.152,143.477,99.027,128.77,140.854,145.098,132.407,132.778
1127.3,101.556,123.066,143.446,99.027,128.73,140.854,145.157,132.37,132.814
1127.4,101.615,123.109,143.568,99.088,128.691,140.918,145.068,132.407,132.851
1127.5,101.792,123.066,143.507,99.15,128.651,140.854,145.098,132.407,132.741
1127.6,101.556,122.979,143.446,99.027,128.691,140.854,145.039,132.37,132.741
1127.7,101.556,123.022,143.477,99.088,128.612,140.854,145.098,132.37,132.741
1127.8,101.556,122.979,143.477,99.027,128.612,140.854,145.157,132.444,132.704
1127.9,101.556,123.022,143.446,98.966,128.612,140.854,145.068,132.37,132.741
1128.0,101.437,122.892,143.507,99.027,128.572,140.822,145.098,132.333,132.704
1128.1,101.556,122.892,143.416,99.088,128.572,140.854,145.098,132.296,132.704
1128.2,101.496,122.936,143.446,98.966,128.612,140.854,145.068,132.296,132.667
1128.3,101.496,122.936,143.446,98.966,128.532,140.822,145.098,132.296,132.741
1128.4,101.437,122.849,143.416,99.027,128.493,140.854,145.068,132.333,132.704
1128.5,101.437,122.849,143.355,99.027,128.493,140.822,145.039,132.296,132.667
1128.6,101.437,122.762,143.416,98.966,128.374,140.79,145.098,132.259,132.667
1128.7,101.437,122.762,143.446,98.905,128.413,140.822,145.068,132.259,132.704
1128.8,101.378,122.762,143.294,98.905,128.453,140.854,145.186,132.296,132.63
1128.9,101.437,122.762,143.477,98.966,128.413,140.822,145.068,132.259,132.667
1129.0,101.378,122.762,143.416,98.905,128.413,140.822,145.068,132.259,132.704
1129.1,101.378,122.718,143.477,99.027,128.374,140.822,145.127,132.221,132.667
1129.2,101.378,122.718,143.416,98.905,128.453,140.79,145.039,132.221,132.593
1129.3,101.318,122.718,143.446,98.843,128.334,140.79,145.068,132.221,132.593
1129.4,101.378,122.718,143.324,98.843,128.334,140.822,145.039,132.147,132.556
1129.5,101.378,122.718,143.446,98.966,128.374,140.822,145.098,132.221,132.556
1129.6,101.378,122.718,143.416,98.905,128.374,140.822,145.068,132.184,132.63
1129.7,101.378,122.631,143.446,98.966,128.294,140.854,145.039,132.221,132.593
1129.8,101.378,122.631,143.416,98.843,128.294,140.758,145.098,132.221,132.593
1129.9,101.318,122.631,143.446,98.905,128.334,140.661,145.098,132.221,132.556
1130.0,101.259,122.631,143.385,98.905,128.254,140.79,145.009,132.184,132.667
1130.1,101.318,122.588,143.416,98.782,128.254,140.758,145.068,132.184,132.556
1130.2,101.259,122.631,143.385,98.843,128.294,140.79,145.068,132.221,132.556
1130.3,101.259,122.5,143.446,98.843,128.254,140.79,145.098,132.147,132.556
1130.4,101.2,122.369,143.385,98.905,128.214,140.693,145.068,132.109,132.519
1130.5,101.259,122.5,143.416,98.782,128.135,140.758,145.098,132.147,132.482
1130.6,101.259,122.5,143.385,98.721,128.175,140.758,145.009,132.109,132.482
1130.7,101.2,122.5,143.385,98.782,128.175,140.758,145.039,132.184,132.519
1130.8,101.2,122.457,143.416,98.782,128.095,140.822,145.039,132.072,132.519
1130.9,101.2,122.413,143.416,98.843,128.095,140.79,145.039,132.184,132.444
1131.0,101.14,122.5,143.385,98.782,127.975,140.79,145.068,132.109,132.444
1131.1,101.14,122.413,143.385,98.782,128.095,140.725,145.039,132.072,132.37
1131.2,101.2,122.369,143.355,98.782,128.015,140.725,145.039,132.109,132.444
1131.3,101.2,122.369,143.446,98.782,128.055,140.725,145.157,132.072,132.444
1131.4,101.14,122.413,143.385,98.597,128.095,140.725,145.068,132.147,132.444
1131.5,101.14,122.326,143.385,98.782,128.015,140.758,145.039,132.072,132.444
1131.6,101.2,122.326,143.355,98.721,128.055,140.758,145.039,132.035,132.444
1131.7,101.2,122.326,143.416,98.782,128.015,140.725,145.039,132.035,132.407
1131.8,101.2,122.282,143.385,98.782,127.975,140.725,145.009,132.072,132.407
1131.9,101.08,122.282,143.355,98.721,127.935,140.725,145.068,132.035,132.407
1132.0,101.14,122.194,143.385,98.659,127.935,140.725,145.039,131.997,132.407
1132.1,101.14,122.238,143.355,98.659,127.975,140.758,145.009,131.997,132.407
1132.2,101.08,122.238,143.385,98.659,127.935,140.693,145.009,131.96,132.407
1132.3,101.14,122.194,143.385,98.721,127.895,140.693,145.039,132.035,132.333
1132.4,101.14,122.15,143.355,98.536,127.855,140.725,145.009,131.96,132.37
1132.5,100.961,122.15,143.355,98.721,127.895,140.629,145.098,132.035,132.333
1132.6,101.021,122.15,143.385,98.721,127.855,140.693,145.039,131.96,132.333
1132.7,100.902,122.106,143.355,98.721,127.815,140.693,145.039,131.922,132.333
1132.8,100.961,122.106,143.324,98.659,127.815,140.661,145.039,131.96,132.37
1132.9,100.961,122.106,143.416,98.721,127.775,140.693,145.009,131.922,132.333
1133.0,101.021,122.062,143.355,98.659,127.775,140.661,145.068,131.96,132.296
1133.1,100.961,122.018,143.355,98.659,127.734,140.661,145.039,131.885,132.296
1133.2,100.961,121.974,143.355,98.536,127.775,140.693,144.979,131.922,132.296
1133.3,100.902,121.974,143.355,98.597,127.855,140.661,145.039,131.81,132.259
1133.4,100.902,122.018,143.324,98.659,127.775,140.725,145.039,131.96,132.296
1133.5,100.902,121.93,143.324,98.659,127.654,140.661,145.039,131.885,132.259
1133.6,100.902,121.93,143.324,98.536,127.734,140.661,144.979,131.848,132.296
1133.7,100.842,121.93,143.324,98.536,127.694,140.661,145.039,131.848,132.259
1133.8,100.902,121.93,143.355,98.597,127.614,140.661,144.95,131.922,132.221
1133.9,100.902,121.93,143.355,98.597,127.654,140.661,145.039,131.885,132.221
1134.0,100.902,121.842,143.355,98.536,127.654,140.693,145.039,131.848,132.221
1134.1,100.902,121.798,143.355,98.597,127.614,140.693,145.009,131.848,132.221
1134.2,100.842,121.842,143.355,98.536,127.574,140.597,145.009,131.81,132.184
1134.3,100.842,121.842,143.324,98.474,127.574,140.661,145.009,131.81,132.221
1134.4,100.842,121.798,143.324,98.536,127.574,140.597,145.039,131.772,132.184
1134.5,100.782,121.754,143.324,98.474,127.574,140.597,145.039,131.772,132.147
1134.6,100.782,121.886,143.355,98.474,127.533,140.629,145.039,131.81,132.184
1134.7,100.782,121.71,143.324,98.536,127.493,140.629,144.979,131.772,132.147
1134.8,100.722,121.886,143.385,98.474,127.493,140.565,145.009,131.772,132.147
1134.9,100.722,121.665,143.294,98.474,127.453,140.629,144.979,131.735,132.147
1135.0,100.782,121.665,143.294,98.413,127.493,140.597,144.95,131.735,132.147
1135.1,100.722,121.665,143.294,98.474,127.493,140.597,145.039,131.772,132.109
1135.2,100.722,121.665,143.324,98.474,127.453,140.597,145.009,131.735,132.109
1135.3,100.722,121.533,143.263,98.413,127.493,140.597,145.068,131.735,132.147
1135.4,100.602,121.533,143.294,98.413,127.372,140.565,145.009,131.772,132.109
1135.5,100.722,121.533,143.294,98.413,127.412,140.597,145.009,131.697,132.147
1135.6,100.662,121.488,143.263,98.351,127.372,140.565,145.068,131.697,132.072
1135.7,100.722,121.533,143.355,98.536,127.332,140.533,145.009,131.66,132.072
1135.8,100.662,121.488,143.324,98.413,127.372,140.533,144.979,131.697,132.072
1135.9,100.662,121.444,143.263,98.351,127.291,140.629,145.009,131.697,132.147
1136.0,100.662,121.488,143.294,98.413,127.291,140.597,145.009,131.584,132.072
1136.1,100.602,121.399,143.263,98.474,127.251,140.597,145.127,131.66,132.109
1136.2,100.722,121.488,143.294,98.351,127.251,140.533,145.009,131.622,132.072
1136.3,100.602,121.355,143.294,98.289,127.21,140.533,145.009,131.622,131.997
1136.4,100.542,121.355,143.233,98.227,127.21,140.533,145.039,131.66,132.072
1136.5,100.542,121.311,143.263,98.413,127.17,140.533,145.009,131.622,131.997
1136.6,100.542,121.222,143.324,98.351,127.17,140.501,144.979,131.622,131.997
1136.7,100.542,121.355,143.263,98.351,127.21,140.597,144.979,131.584,131.96
1136.8,100.542,121.222,143.294,98.289,127.129,140.565,144.979,131.547,131.997
1136.9,100.602,121.222,143.263,98.289,127.129,140.533,145.009,131.622,131.997
1137.0,100.482,121.222,143.263,98.289,127.089,140.565,145.009,131.547,131.96
1137.1,100.482,121.177,143.263,98.351,127.007,140.533,144.95,131.547,131.997
1137.2,100.482,121.177,143.294,98.289,127.089,140.533,144.979,131.471,131.96
1137.3,100.482,121.177,143.294,98.227,127.007,140.533,144.979,131.547,131.922
1137.4,100.422,121.177,143.263,98.289,127.089,140.501,144.979,131.547,131.96
1137.5,100.482,121.132,143.294,98.289,127.007,140.533,144.979,131.547,131.96
1137.6,100.482,121.088,143.263,98.289,127.007,140.533,145.009,131.547,131.922
1137.7,100.422,121.043,143.202,98.227,126.967,140.501,144.95,131.509,131.922
1137.8,100.422,121.088,143.263,98.227,126.967,140.565,144.92,131.584,131.885
1137.9,100.482,120.998,143.233,98.227,126.926,140.468,145.009,131.471,131.922
1138.0,100.422,121.088,143.233,98.227,126.926,140.501,145.009,131.509,131.885
1138.1,100.422,120.998,143.233,98.227,126.926,140.501,144.979,131.547,131.885
1138.2,100.422,121.088,143.294,98.227,126.926,140.372,144.95,131.509,131.922
1138.3,100.422,120.998,143.233,98.103,126.763,140.468,144.979,131.471,131.848
1138.4,100.362,120.864,143.171,98.165,126.926,140.501,144.95,131.471,131.848
1138.5,100.422,120.954,143.263,98.165,126.885,140.468,145.009,131.434,131.885
1138.6,100.302,120.909,143.233,98.165,126.845,140.468,145.009,131.434,131.885
1138.7,100.422,120.954,143.233,98.165,126.885,140.468,144.979,131.434,131.848
1138.8,100.362,120.909,143.324,98.227,126.804,140.501,144.95,131.471,131.735
1138.9,100.362,120.909,143.202,98.165,126.804,140.468,144.979,131.32,131.81
1139.0,100.362,120.864,143.263,98.165,126.885,140.501,145.009,131.434,131.848
1139.1,100.302,120.909,143.202,98.103,126.763,140.436,144.979,131.396,131.81
1139.2,100.362,120.864,143.233,98.165,126.763,140.436,144.979,131.434,131.81
1139.3,100.242,120.819,143.202,98.103,126.722,140.468,144.979,131.434,131.772
1139.4,100.302,120.775,143.263,98.103,126.763,140.468,144.979,131.396,131.81
1139.5,100.302,120.775,143.202,98.103,126.682,140.468,144.95,131.509,131.81
1139.6,100.302,120.775,143.263,98.227,126.722,140.436,144.95,131.358,131.81
1139.7,100.362,120.64,143.233,98.165,126.641,140.404,145.068,131.396,131.81
1139.8,100.242,120.775,143.171,98.103,126.682,140.436,144.95,131.396,131.772
1139.9,100.242,120.73,143.202,98.165,126.641,140.468,144.92,131.434,131.848
1140.0,100.242,120.73,143.202,98.103,126.641,140.468,144.95,131.396,131.772
1140.1,100.121,120.685,143.202,98.041,126.641,140.177,145.009,131.358,131.922
1140.2,100.242,120.64,143.233,98.227,126.6,140.436,144.979,131.396,131.772
1140.3,100.121,120.64,143.202,98.041,126.6,140.404,144.979,131.358,131.772
1140.4,100.242,120.64,143.202,98.103,126.6,140.436,144.89,131.32,131.772
1140.5,100.182,120.64,143.171,97.979,126.559,140.372,144.95,131.282,131.81
1140.6,100.121,120.55,143.141,98.103,126.559,140.436,144.95,131.32,131.81
1140.7,100.061,120.595,143.233,98.041,126.518,140.404,144.95,131.32,131.81
1140.8,100.242,120.595,143.294,98.041,126.436,140.404,144.95,131.396,131.735
1140.9,100.121,120.505,143.171,98.041,126.477,140.436,144.979,131.32,131.735
1141.0,100.121,120.55,143.202,98.041,126.436,140.436,144.95,131.282,131.735
1141.1,100.121,120.505,143.141,98.041,126.477,140.372,144.92,131.282,131.697
1141.2,100.121,120.46,143.171,97.979,126.518,140.404,144.95,131.282,131.697
1141.3,100.121,120.505,143.171,98.041,126.518,140.404,144.979,131.207,131.735
1141.4,99.637,120.55,143.202,98.041,126.395,140.436,144.979,131.32,131.735
1141.5,100.061,120.415,143.202,98.289,126.395,140.404,144.95,131.282,131.66
1141.6,100.061,120.505,143.11,97.979,126.477,140.404,144.979,131.169,131.697
1141.7,100.061,120.415,143.171,97.979,126.313,140.372,144.979,131.282,131.697
1141.8,100.121,120.37,143.171,97.917,126.395,140.372,144.979,131.282,131.66
1141.9,100.061,120.37,143.171,97.979,126.395,140.307,144.979,131.245,131.622
1142.0,100.061,120.324,143.171,97.979,126.354,140.372,144.95,131.207,131.622
1142.1,100.061,120.279,143.171,98.041,126.272,140.372,144.92,131.282,131.622
1142.2,100.0,120.279,143.141,98.041,126.313,140.372,144.979,131.169,131.622
1142.3,100.061,120.279,143.141,97.917,126.272,140.177,144.979,131.245,131.622
1142.4,100.061,120.324,143.141,97.917,126.272,140.372,144.979,131.245,131.66
1142.5,100.0,120.234,143.079,97.917,126.231,140.339,144.92,131.282,131.66
1142.6,100.0,120.234,143.141,97.979,126.189,140.339,144.979,131.169,131.584
1142.7,100.061,120.279,143.202,97.917,126.231,140.372,144.95,131.245,131.584
1142.8,100.061,120.234,143.141,97.917,126.272,140.372,144.95,131.207,131.547
1142.9,100.0,120.144,143.171,97.855,126.189,140.339,144.95,131.169,131.547
1143.0,100.0,120.189,143.141,97.979,126.189,140.372,144.95,131.169,131.547
1143.1,99.88,120.189,143.141,97.855,126.148,140.307,144.979,131.471,131.509
1143.2,99.94,120.234,143.11,97.917,126.189,140.339,144.95,131.169,131.584
1143.3,100.0,120.098,143.11,97.855,126.148,140.404,144.95,131.207,131.697
1143.4,99.94,120.144,143.11,97.917,126.148,140.339,144.979,131.169,131.584
1143.5,99.94,120.053,143.171,97.917,126.148,140.404,144.95,131.093,131.547
1143.6,99.94,120.144,143.11,97.793,126.107,140.307,144.92,131.131,131.547
1143.7,99.94,120.098,143.141,97.917,126.148,140.242,144.92,131.169,131.66
1143.8,99.88,120.098,143.11,97.855,126.148,140.307,144.979,131.131,131.547
1143.9,99.94,120.007,143.11,97.793,126.024,140.339,144.95,131.131,131.584
1144.0,99.88,120.053,143.11,97.793,126.066,140.307,144.92,131.131,131.584
1144.1,99.88,120.007,143.11,97.855,126.024,140.307,145.039,131.131,131.547
1144.2,99.88,119.78,143.171,97.793,126.066,140.372,144.979,131.131,131.622
1144.3,99.819,119.962,143.141,97.855,125.983,140.339,144.95,131.055,131.509
1144.4,99.88,119.917,143.079,97.793,125.942,140.339,144.95,131.055,131.547
1144.5,99.819,119.871,143.11,97.793,125.901,140.339,144.92,131.055,131.509
1144.6,99.758,119.917,143.079,97.731,125.901,140.275,144.92,131.055,131.509
1144.7,99.758,119.826,143.11,97.793,125.983,140.242,144.92,131.055,131.434
1144.8,99.88,119.78,143.048,97.793,125.859,140.275,144.92,131.055,131.584
1144.9,99.698,119.735,143.11,97.793,125.818,140.275,144.92,130.979,131.434
1145.0,99.88,119.689,143.141,97.793,125.818,140.339,144.89,131.017,131.471
1145.1,99.758,119.643,143.11,97.731,125.776,140.242,144.92,130.979,131.471
1145.2,99.819,119.598,143.11,97.731,125.859,140.275,144.92,131.055,131.396
1145.3,99.698,119.643,143.079,97.606,125.735,140.242,144.89,131.017,131.434
1145.4,99.698,119.598,143.079,97.668,125.735,140.242,144.95,131.017,131.358
1145.5,99.758,119.598,143.048,97.668,125.735,140.242,144.92,130.941,131.396
1145.6,99.758,119.689,143.079,97.731,125.735,140.242,144.89,130.979,131.434
1145.7,99.698,119.689,143.11,97.793,125.652,140.242,144.92,130.979,131.396
1145.8,99.698,119.552,143.11,97.731,125.735,140.242,144.92,130.903,131.396
1145.9,99.698,119.506,143.048,97.668,125.652,140.275,144.95,130.941,131.434
1146.0,99.637,119.552,143.048,97.731,125.61,140.275,144.92,131.017,131.434
1146.1,99.637,119.506,143.048,97.606,125.61,140.242,144.89,130.941,131.358
1146.2,99.637,119.552,143.079,97.731,125.693,140.242,144.89,130.941,131.396
1146.3,99.637,119.506,143.11,97.668,125.61,140.242,144.92,130.979,131.32
1146.4,99.637,119.461,143.11,97.543,125.569,140.177,144.861,131.017,131.434
1146.5,99.637,119.506,143.048,97.668,125.569,140.242,144.92,130.941,131.434
1146.6,99.637,119.461,143.048,97.668,125.527,140.21,144.92,130.941,131.358
1146.7,99.576,119.415,143.048,97.731,125.527,140.21,144.92,130.979,131.358
1146.8,99.576,119.506,143.048,97.606,125.527,140.21,144.92,130.979,131.358
1146.9,99.637,119.369,143.048,97.668,125.527,140.177,144.89,130.903,131.358
1147.0,99.637,119.369,143.018,97.606,125.527,140.242,144.89,130.941,131.434
1147.1,99.576,119.415,143.048,97.668,125.485,140.21,144.92,130.941,131.358
1147.2,99.576,119.277,143.048,97.606,125.485,140.21,144.92,130.864,131.32
1147.3,99.515,119.277,143.048,97.606,125.402,140.177,144.92,130.864,131.358
1147.4,99.637,119.277,143.11,97.606,125.402,140.177,144.89,130.903,131.32
1147.5,99.576,119.231,143.018,97.606,125.402,140.145,144.89,130.864,131.282
1147.6,99.515,119.231,143.018,97.606,125.36,140.177,144.89,130.864,131.32
1147.7,99.515,119.231,142.987,97.543,125.319,140.177,144.92,130.864,131.32
1147.8,99.637,119.139,143.048,97.543,125.319,140.145,144.95,130.826,131.32
1147.9,99.515,119.185,143.11,97.543,125.319,140.145,144.95,130.826,131.245
1148.0,99.394,119.139,143.018,97.606,125.277,140.21,144.861,130.826,131.358
1148.1,99.515,119.139,143.048,97.481,125.277,140.177,144.89,130.826,131.32
1148.2,99.455,119.093,143.018,97.543,125.319,140.145,144.92,130.826,131.282
1148.3,99.455,119.139,143.048,97.606,125.235,140.145,144.89,130.788,131.245
1148.4,99.333,119.047,142.956,97.481,125.193,140.145,144.92,130.788,131.245
1148.5,99.515,119.001,143.018,97.543,125.193,140.145,144.801,130.826,131.245
1148.6,99.455,119.001,143.018,97.606,125.151,140.113,144.861,130.826,131.245
1148.7,99.394,119.001,143.018,97.543,125.151,140.145,144.92,130.788,131.245
1148.8,99.455,118.955,142.987,97.543,125.193,140.08,144.861,130.788,131.245
1148.9,99.333,118.955,142.987,97.481,125.193,140.145,144.89,130.788,131.207
1149.0,99.394,118.955,142.956,97.481,125.11,140.113,144.89,130.788,131.207
1149.1,99.394,118.863,142.987,97.481,125.11,140.113,144.89,130.788,131.207
1149.2,99.394,118.909,143.018,97.419,125.151,140.145,145.068,130.788,131.169
1149.3,99.333,118.955,143.018,97.481,125.068,140.08,144.89,130.788,131.207
1149.4,99.333,118.863,142.956,97.481,125.068,140.08,144.861,130.75,131.207
1149.5,99.455,118.817,143.048,97.419,125.068,140.08,144.861,130.712,131.169
1149.6,99.394,118.863,143.018,97.419,125.11,140.08,144.89,130.788,131.169
1149.7,99.394,118.817,142.956,97.481,125.026,140.08,144.861,130.75,131.131
1149.8,99.333,118.77,143.018,97.481,124.942,140.113,144.89,130.75,131.169
1149.9,99.272,118.817,142.987,97.419,125.11,140.08,144.89,130.674,131.207
1150.0,99.333,118.77,142.956,97.419,125.026,140.113,144.861,130.712,131.207
1150.1,99.394,118.817,142.956,97.356,125.026,140.08,144.861,130.75,131.207
1150.2,99.333,118.77,142.956,97.419,124.942,140.08,144.861,130.75,131.131
1150.3,99.272,118.724,142.956,97.419,124.942,140.08,144.89,130.712,131.131
1150.4,99.272,118.678,142.987,97.356,124.984,140.08,144.861,130.712,131.131
1150.5,99.272,118.678,142.925,97.419,124.9,140.08,144.861,130.674,131.169
1150.6,99.272,118.631,142.956,97.356,124.942,140.08,144.92,130.712,131.093
1150.7,99.15,118.631,142.987,97.356,124.9,140.048,144.861,130.712,131.131
1150.8,99.394,118.678,142.956,97.356,124.858,139.95,144.89,130.674,131.169
1150.9,99.211,118.631,142.925,97.356,124.816,140.048,144.92,130.597,131.131
1151.0,99.211,118.585,142.987,97.356,124.816,140.08,144.831,130.635,131.093
1151.1,99.211,118.539,142.925,97.293,124.816,140.08,144.861,130.597,131.131
1151.2,99.211,118.585,142.956,97.419,124.816,140.08,144.831,130.712,131.131
1151.3,99.211,118.492,142.925,97.356,124.773,140.048,144.861,130.674,131.093
1151.4,99.211,118.585,142.864,97.356,124.773,140.08,144.89,130.635,131.055
1151.5,99.272,118.492,142.987,97.293,124.731,140.048,144.861,130.635,131.093
1151.6,99.211,118.539,142.925,97.356,124.731,140.08,144.89,130.635,131.093
1151.7,99.211,118.585,142.956,97.231,124.731,140.015,144.89,130.597,131.093
1151.8,99.15,118.539,142.925,97.293,124.773,140.015,144.89,130.635,131.093
1151.9,99.15,118.446,142.956,97.293,124.647,140.015,144.831,130.635,131.093
1152.0,99.15,118.399,142.925,97.356,124.647,140.015,144.861,130.635,131.017
1152.1,99.088,118.399,142.925,97.293,124.647,140.048,144.831,130.597,131.055
1152.2,99.088,118.353,142.925,97.356,124.647,140.048,144.861,130.597,131.055
1152.3,99.15,118.353,142.956,97.293,124.605,140.015,144.831,130.597,131.055
1152.4,99.15,118.306,142.987,97.293,124.562,140.015,144.861,130.597,131.131
1152.5,99.088,118.353,142.833,97.231,124.605,140.015,144.861,130.559,131.017
1152.6,99.027,118.26,142.956,97.231,124.52,140.015,144.92,130.559,131.017
1152.7,99.088,118.306,142.925,97.231,124.52,139.983,144.801,130.597,130.979
1152.8,99.15,118.213,142.895,97.168,124.52,140.015,144.861,130.597,131.017
1152.9,99.15,118.26,142.987,97.293,124.52,140.015,144.861,130.52,131.017
1153.0,99.027,118.213,142.895,97.231,124.478,139.95,144.89,130.559,131.017
1153.1,99.088,118.12,142.925,97.231,124.52,140.015,144.831,130.52,131.017
1153.2,99.088,118.213,142.925,97.231,124.478,139.983,144.861,130.559,130.979
1153.3,99.088,118.166,142.864,97.293,124.436,140.015,144.861,130.559,131.017
1153.4,99.088,118.166,142.925,97.231,124.393,139.983,144.861,130.559,130.979
1153.5,99.027,118.12,142.895,97.231,124.436,139.983,144.861,130.559,131.017
1153.6,99.027,118.166,142.864,97.105,124.351,140.015,144.831,130.52,130.979
1153.7,99.088,118.12,143.048,97.042,124.308,139.983,144.861,130.52,130.979
1153.8,99.027,118.073,142.925,97.168,124.308,139.95,144.861,130.52,130.941
1153.9,99.027,118.12,142.895,97.231,124.393,139.95,144.831,130.482,131.017
1154.0,98.966,118.026,142.864,97.168,124.351,139.983,144.861,130.482,130.941
1154.1,99.088,118.026,142.925,97.168,124.351,139.95,144.89,130.52,131.017
1154.2,98.966,118.026,142.864,97.168,124.351,139.95,144.89,130.482,130.941
1154.3,98.966,117.979,142.895,97.168,124.266,139.95,144.89,130.482,130.941
1154.4,98.966,118.026,142.895,97.105,124.308,139.983,144.861,130.52,130.941
1154.5,98.966,117.979,142.864,97.293,124.223,139.95,144.831,130.482,130.903
1154.6,98.966,117.886,142.895,97.168,124.266,139.95,144.861,130.52,130.903
1154.7,98.966,117.886,142.895,97.168,124.223,139.95,144.92,130.444,130.903
1154.8,98.966,117.932,142.864,97.168,124.223,139.95,144.861,130.52,130.941
1154.9,98.905,117.839,142.895,97.168,124.266,139.95,144.89,130.444,130.903
1155.0,98.905,117.886,142.864,97.105,124.096,139.983,144.831,130.444,130.979
1155.1,98.905,117.745,142.864,97.042,124.096,139.918,144.831,130.444,130.903
1155.2,98.966,117.745,142.864,97.105,124.096,139.918,144.861,130.405,130.903
1155.3,98.905,117.698,142.833,97.105,124.053,139.885,144.801,130.444,130.903
1155.4,98.905,117.698,142.864,97.042,124.053,139.918,144.831,130.444,130.864
1155.5,98.843,117.745,142.895,97.168,123.968,139.918,144.89,130.444,130.864
1155.6,98.843,117.745,142.833,97.105,124.011,139.918,144.861,130.444,130.864
1155.7,98.843,117.698,142.833,97.105,124.011,139.918,144.861,130.367,130.864
1155.8,98.843,117.651,142.833,97.105,124.053,139.918,144.89,130.405,130.864
1155.9,98.905,117.604,142.833,97.042,123.968,139.918,144.801,130.405,130.864
1156.0,98.843,117.604,142.802,97.105,123.968,139.95,144.831,130.405,130.864
1156.1,98.905,117.557,142.895,97.042,123.968,139.885,144.831,130.367,130.826
1156.2,98.782,117.557,142.833,97.042,124.011,139.853,144.89,130.405,130.826
1156.3,98.782,117.557,142.802,97.042,123.883,139.918,144.801,130.444,130.864
1156.4,98.843,117.557,142.833,96.98,123.883,139.853,144.831,130.405,130.864
1156.5,98.843,117.462,142.833,97.042,123.883,139.885,144.861,130.367,130.864
1156.6,98.843,117.462,142.802,97.042,123.883,139.853,144.831,130.367,130.788
1156.7,98.782,117.415,142.802,96.98,123.754,139.885,144.831,130.405,130.788
1156.8,98.721,117.462,142.833,96.98,123.797,139.853,144.801,130.367,130.712
1156.9,98.721,117.415,142.833,96.98,123.84,139.885,144.801,130.328,130.826
1157.0,98.721,117.415,142.833,96.98,123.754,139.885,144.801,130.328,130.826
1157.1,98.721,117.321,142.802,97.042,123.754,139.853,144.861,130.328,130.788
1157.2,98.782,117.321,142.802,96.98,123.754,139.885,144.831,130.367,130.788
1157.3,98.659,117.321,142.864,96.917,123.711,139.82,144.831,130.328,130.826
1157.4,98.721,117.273,142.802,96.98,123.669,139.918,144.801,130.251,130.788
1157.5,98.721,117.368,142.802,96.98,123.669,139.885,144.831,130.328,130.75
1157.6,98.782,117.273,142.833,96.917,123.669,139.82,144.831,130.328,130.712
1157.7,98.721,117.226,142.802,96.98,123.626,139.82,144.831,130.328,130.788
1157.8,98.659,117.179,142.802,96.98,123.626,139.82,144.801,130.328,130.75
1157.9,98.659,117.226,142.833,96.98,123.626,139.82,144.831,130.29,130.75
1158.0,98.659,117.131,142.833,96.917,123.497,139.82,144.89,130.29,130.712
1158.1,98.659,117.131,142.771,96.854,123.54,139.82,144.831,130.29,130.712
1158.2,98.659,117.084,142.802,96.917,123.497,139.82,144.831,130.29,130.712
1158.3,98.597,117.084,142.802,97.042,123.497,139.82,144.801,130.251,130.712
1158.4,98.659,116.989,142.771,96.917,123.454,139.853,144.861,130.251,130.712
1158.5,98.597,116.989,142.802,96.98,123.454,139.82,144.831,130.251,130.674
1158.6,98.597,116.989,142.771,96.917,123.497,139.82,144.772,130.251,130.674
1158.7,98.597,116.989,142.802,96.917,123.454,139.82,144.831,130.29,130.712
1158.8,98.597,116.989,142.709,96.917,123.411,139.787,144.861,130.213,130.712
1158.9,98.597,117.084,142.802,96.854,123.454,139.787,144.801,130.213,130.712
1159.0,98.597,116.989,142.709,96.917,123.411,139.82,144.801,130.251,130.712
1159.1,98.536,116.941,142.771,96.854,123.368,139.787,144.831,130.251,130.674
1159.2,98.597,116.941,142.74,96.791,123.368,139.787,144.801,130.213,130.635
1159.3,98.597,116.894,142.709,96.917,123.368,139.82,144.801,130.251,130.635
1159.4,98.597,116.894,142.74,96.854,123.325,139.787,144.831,130.174,130.674
1159.5,98.536,116.894,142.771,96.791,123.282,139.755,144.801,130.213,130.674
1159.6,98.536,116.798,142.74,96.791,123.238,139.755,144.801,130.136,130.674
1159.7,98.597,116.751,142.802,96.791,123.325,139.755,144.772,130.213,130.712
1159.8,98.474,116.751,142.74,96.791,123.238,139.787,144.831,130.213,130.712
1159.9,98.536,116.846,142.771,96.917,123.195,139.787,144.801,130.213,130.597
1160.0,98.474,116.798,142.74,96.854,123.238,139.755,144.772,130.251,130.674
1160.1,98.474,116.703,142.709,96.791,123.152,139.787,144.861,130.213,130.559
1160.2,98.413,116.751,142.833,96.791,123.152,139.787,144.831,130.174,130.597
1160.3,98.289,116.655,142.709,96.728,123.109,139.755,144.742,130.136,130.597
1160.4,98.474,116.607,142.74,96.854,123.152,139.755,144.831,130.136,130.635
1160.5,98.413,116.607,142.709,96.854,123.109,139.689,144.861,130.136,130.635
1160.6,98.413,116.512,142.74,96.791,123.066,139.755,144.801,130.136,130.597
1160.7,98.351,116.56,142.74,96.791,123.066,139.689,144.801,130.097,130.597
1160.8,98.536,116.56,142.679,96.728,123.066,139.689,144.801,130.097,130.597
1160.9,98.413,116.512,142.74,96.728,122.979,139.722,144.831,130.136,130.635
1161.0,98.413,116.464,142.709,96.728,122.979,139.689,144.801,130.136,130.52
1161.1,98.351,116.416,142.802,96.664,122.892,139.689,144.801,130.097,130.559
1161.2,98.474,116.416,142.74,96.728,122.936,139.722,144.772,130.097,130.559
1161.3,98.413,116.416,142.679,96.728,122.936,139.689,144.772,130.097,130.559
1161.4,98.413,116.416,142.709,96.728,123.022,139.689,144.742,130.136,130.597
1161.5,98.289,116.416,142.679,96.728,122.892,139.689,144.772,130.174,130.559
1161.6,98.351,116.368,142.709,96.664,122.936,139.689,144.772,130.097,130.597
1161.7,98.413,116.368,142.709,96.728,122.849,139.722,144.801,130.058,130.559
1161.8,98.289,116.32,142.679,96.728,122.849,139.722,144.742,130.058,130.597
1161.9,98.351,116.272,142.74,96.791,122.718,139.689,144.772,130.02,130.52
1162.0,98.289,116.32,142.679,96.728,122.805,139.722,144.772,130.097,130.559
1162.1,98.289,116.272,142.833,96.728,122.805,139.689,144.801,130.058,130.52
1162.2,98.289,116.272,142.679,96.664,122.762,139.657,144.801,130.02,130.482
1162.3,98.289,116.224,142.709,96.664,122.718,139.689,144.801,130.02,130.52
1162.4,98.289,116.224,142.679,96.728,122.675,139.624,144.742,130.058,130.597
1162.5,98.289,116.176,142.709,96.601,122.718,139.657,144.772,130.058,130.482
1162.6,98.289,116.128,142.679,96.601,122.675,139.689,144.801,130.02,130.559
1162.7,98.289,116.128,142.709,96.728,122.718,139.657,144.801,130.02,130.444
1162.8,98.289,116.176,142.679,96.664,122.631,139.689,144.801,130.097,130.52
1162.9,98.289,116.128,142.679,96.664,122.631,139.689,144.742,129.981,130.52
1163.0,98.227,116.08,142.648,96.601,122.588,139.657,144.831,129.981,130.482
1163.1,98.227,116.031,142.679,96.664,122.544,139.624,144.801,130.058,130.482
1163.2,98.227,116.031,142.648,96.664,122.631,139.657,144.742,130.02,130.444
1163.3,98.227,115.983,142.648,96.664,122.588,139.624,144.772,129.981,130.482
1163.4,98.103,116.655,142.709,96.664,122.544,139.591,144.742,130.02,130.444
1163.5,98.227,115.935,142.679,96.601,122.5,139.624,144.801,129.981,130.482
1163.6,98.165,115.983,142.555,96.664,122.457,139.624,144.742,130.02,130.444
1163.7,98.227,115.935,142.648,96.601,122.5,139.591,144.712,129.942,130.444
1163.8,98.227,115.742,142.648,96.601,122.457,139.558,144.801,130.02,130.444
1163.9,98.103,115.838,142.648,96.601,122.5,139.624,144.742,129.981,130.444
1164.0,98.103,115.838,142.648,96.728,122.413,139.624,144.772,130.02,130.405
1164.1,98.165,115.79,142.617,96.538,122.413,139.624,144.772,129.942,130.405
1164.2,98.165,115.887,142.648,96.601,122.369,139.624,144.772,129.942,130.444
1164.3,98.227,115.887,142.679,96.601,122.369,139.657,144.772,129.981,130.367
1164.4,98.165,116.32,142.679,96.601,122.282,139.591,144.742,129.942,130.367
1164.5,98.041,115.742,142.617,96.728,122.326,139.591,144.742,129.942,130.405
1164.6,98.103,115.742,142.617,96.538,122.326,139.558,144.742,129.981,130.405
1164.7,98.041,115.693,142.648,96.475,122.326,139.591,144.742,129.865,130.405
1164.8,98.165,115.693,142.617,96.538,122.282,139.591,144.712,129.787,130.405
1164.9,97.481,115.645,142.648,96.538,122.238,139.558,144.772,129.904,130.405
1165.0,98.103,115.645,142.617,96.538,122.194,139.558,144.712,129.942,130.444
1165.1,98.103,115.596,142.617,96.601,122.238,139.591,144.742,129.904,130.367
1165.2,98.041,115.596,142.617,96.538,122.194,139.558,144.772,129.904,130.367
1165.3,98.103,115.596,142.617,96.475,122.238,139.558,144.742,129.826,130.405
1165.4,98.165,115.548,142.617,96.601,122.194,139.591,144.801,129.865,130.405
1165.5,98.041,115.548,142.586,96.475,122.106,139.526,144.742,129.826,130.328
1165.6,97.979,115.499,142.617,96.538,122.15,139.526,144.772,129.865,130.367
1165.7,98.041,115.548,142.617,96.538,122.15,139.558,144.742,129.942,130.405
1165.8,98.103,115.45,142.586,96.475,122.106,139.558,144.742,129.865,130.367
1165.9,98.041,115.499,142.586,96.538,122.106,139.558,144.742,129.826,130.29
1166.0,98.165,115.499,142.617,96.411,122.106,139.558,144.742,129.904,130.328
1166.1,98.041,115.45,142.555,96.538,121.974,139.558,144.742,129.904,130.367
1166.2,98.041,115.304,142.586,96.475,122.062,139.526,144.712,129.865,130.328
1166.3,98.041,115.353,142.586,96.411,122.018,139.526,144.772,129.826,130.328
1166.4,97.979,115.402,142.586,96.475,122.018,139.526,144.772,129.865,130.29
1166.5,98.041,115.353,142.586,96.475,121.974,139.591,144.742,129.826,130.328
1166.6,97.979,115.353,142.586,96.475,122.018,139.526,144.712,129.865,130.29
1166.7,97.917,115.45,142.648,96.411,121.93,139.558,144.712,129.826,130.405
1166.8,98.041,115.304,142.617,96.538,122.018,139.493,144.712,129.865,130.328
1166.9,97.979,115.353,142.617,96.475,121.886,139.526,144.742,129.826,130.328
1167.0,97.917,115.256,142.555,96.411,121.93,139.558,144.712,129.826,130.328
1167.1,97.979,115.304,142.555,96.538,121.886,139.526,144.742,129.826,130.29
1167.2,97.979,115.256,142.399,96.411,121.886,139.591,144.742,129.787,130.367
1167.3,97.917,115.207,142.586,96.475,121.842,139.526,144.772,129.826,130.328
1167.4,98.103,115.158,142.586,96.411,121.842,139.526,144.772,129.942,130.367
1167.5,97.855,115.158,142.586,96.411,121.842,139.624,144.742,129.826,130.29
1167.6,97.855,115.109,142.586,96.411,121.754,139.493,144.772,129.826,130.29
1167.7,97.979,115.109,142.648,96.285,121.798,139.427,144.712,129.787,130.29
1167.8,97.917,115.109,142.586,96.475,121.798,139.493,144.712,129.826,130.251
1167.9,97.855,115.109,142.555,96.475,121.754,139.526,144.831,129.826,130.367
1168.0,97.917,115.06,142.555,96.411,121.71,139.493,144.742,129.942,130.29
1168.1,97.917,115.109,142.524,96.411,121.71,139.46,144.712,129.787,130.29
1168.2,97.917,114.962,142.617,96.411,121.71,139.493,144.712,129.826,130.251
1168.3,97.855,115.011,142.586,96.411,121.621,139.493,144.742,129.826,130.328
1168.4,97.917,115.207,142.524,96.348,121.886,139.493,144.712,129.749,130.29
1168.5,97.855,114.913,142.555,96.475,121.577,139.526,144.742,129.787,130.29
1168.6,97.855,114.913,142.555,96.411,121.621,139.493,144.712,129.71,130.29
1168.7,97.855,114.913,142.524,96.411,121.577,139.46,144.742,129.71,130.251
1168.8,97.855,114.864,142.524,96.411,121.577,139.493,144.772,129.787,130.251
1168.9,97.793,114.913,142.555,96.285,121.577,139.46,144.712,129.749,130.213
1169.0,97.917,114.815,142.586,96.348,121.533,139.46,144.712,129.71,130.174
1169.1,97.855,114.815,142.524,96.348,121.488,139.493,144.712,129.749,130.251
1169.2,97.793,114.815,142.524,96.348,121.444,139.46,144.712,129.787,130.213
1169.3,97.793,114.815,142.524,96.348,121.488,139.493,144.712,129.71,130.213
1169.4,97.793,114.766,142.524,96.285,121.444,139.427,144.801,129.749,130.174
1169.5,97.793,114.668,142.524,96.285,121.488,139.394,144.682,129.749,130.174
1169.6,97.793,114.668,142.524,96.285,121.355,139.394,144.712,129.71,130.213
1169.7,97.793,114.717,142.524,96.475,121.355,139.394,144.712,129.749,130.174
1169.8,97.793,114.668,142.493,96.285,121.399,139.427,144.742,129.749,130.213
1169.9,97.793,114.668,142.493,96.221,121.311,139.427,144.712,129.826,130.213
1170.0,97.731,114.619,142.524,96.285,121.311,139.427,144.742,129.749,130.213
1170.1,97.731,114.619,142.493,96.411,121.488,139.427,144.712,129.593,130.174
1170.2,97.668,114.619,142.555,96.285,121.311,139.394,144.712,129.71,130.174
1170.3,97.731,114.619,142.493,96.348,121.311,139.394,144.742,129.71,130.213
1170.4,97.793,114.569,142.493,96.348,121.222,139.394,144.742,129.671,130.251
1170.5,97.668,114.569,142.462,96.348,121.222,139.427,144.682,129.671,130.174
1170.6,97.793,114.52,142.493,96.221,121.311,139.394,144.682,129.671,130.136
1170.7,97.731,114.52,142.524,96.285,121.222,139.394,144.712,129.71,130.136
1170.8,97.731,114.471,142.462,96.285,121.177,139.394,144.712,129.71,130.136
1170.9,97.731,114.52,142.43,96.348,121.222,139.493,144.682,129.632,130.136
1171.0,97.668,114.372,142.524,96.285,121.222,139.394,144.712,129.632,130.136
1171.1,97.731,114.471,142.524,96.221,121.132,139.362,144.742,129.632,130.136
1171.2,97.606,114.421,142.555,96.285,121.177,139.394,144.712,129.671,130.136
1171.3,97.793,114.421,142.524,96.285,121.132,139.394,144.712,129.632,130.136
1171.4,97.668,114.471,142.524,96.221,121.132,139.394,144.682,129.632,130.174
1171.5,97.668,114.372,142.43,96.348,121.043,139.362,144.682,129.671,130.097
1171.6,97.668,114.372,142.462,96.221,121.043,139.394,144.712,129.632,130.136
1171.7,97.731,114.273,142.493,96.221,121.088,139.362,144.712,129.632,130.097
1171.8,97.731,114.224,142.462,96.285,120.998,139.362,144.772,129.671,130.097
1171.9,97.668,114.323,142.462,96.221,121.132,139.394,144.712,129.632,130.136
1172.0,97.668,114.372,142.462,96.285,121.043,139.362,144.742,129.593,130.097
1172.1,97.731,114.273,142.493,96.221,121.043,139.329,144.712,129.671,130.136
1172.2,97.668,114.273,142.43,96.221,121.043,139.394,144.712,129.632,130.058
1172.3,97.668,114.224,142.462,96.158,120.954,139.362,144.772,129.632,130.097
1172.4,97.606,114.224,142.524,96.221,120.954,139.362,144.712,129.593,130.058
1172.5,97.668,114.174,142.462,96.221,120.998,139.329,144.712,129.632,130.02
1172.6,97.668,114.174,142.43,96.158,120.954,139.329,144.682,129.593,130.097
1172.7,97.668,114.025,142.493,96.221,120.864,139.329,144.712,129.632,130.058
1172.8,97.543,114.273,142.493,96.221,120.909,139.362,144.682,129.632,130.097
1172.9,97.668,114.125,142.43,96.158,120.909,139.362,144.652,129.632,130.058
1173.0,97.606,114.125,142.493,96.158,120.864,139.329,144.652,129.554,130.058
1173.1,97.606,114.174,142.399,96.158,120.819,139.362,144.772,129.632,130.097
1173.2,97.793,114.025,142.462,96.094,120.864,139.329,144.682,129.593,130.097
1173.3,97.606,114.025,142.462,96.158,120.819,139.329,144.742,129.593,130.058
1173.4,97.543,114.025,142.399,96.221,120.775,139.296,144.712,129.593,130.097
1173.5,97.606,113.976,142.462,96.158,120.775,139.296,144.652,129.554,129.981
1173.6,97.606,113.976,142.43,96.158,120.775,139.329,144.682,129.476,130.058
1173.7,97.543,113.976,142.43,96.221,120.775,139.296,144.652,129.632,130.058
1173.8,97.481,113.876,142.43,96.094,120.73,139.296,144.712,129.593,130.02
1173.9,97.606,113.926,142.493,96.158,120.73,139.296,144.712,129.593,130.02
1174.0,97.543,113.876,142.43,96.094,120.73,139.263,144.682,129.554,130.058
1174.1,97.543,113.826,142.43,96.094,120.64,139.296,144.682,129.515,130.02
1174.2,97.481,113.826,142.43,96.158,120.64,139.329,144.682,129.515,130.136
1174.3,97.481,113.876,142.462,96.094,120.595,139.329,144.652,129.515,130.097
1174.4,97.543,113.876,142.462,96.094,120.55,139.296,144.682,129.554,130.097
1174.5,97.481,113.777,142.399,96.158,120.595,139.296,144.682,129.554,130.097
1174.6,97.481,113.677,142.462,96.094,120.595,139.296,144.682,129.515,130.097
1174.7,97.543,113.727,142.43,96.158,120.55,139.263,144.712,129.554,129.981
1174.8,97.543,113.727,142.43,96.094,120.55,139.296,144.742,129.554,130.02
1174.9,97.419,113.677,142.399,96.158,120.55,139.263,144.652,129.554,129.981
1175.0,97.481,113.727,142.399,96.094,120.595,139.296,144.682,129.515,130.058
1175.1,97.543,113.677,142.368,96.158,120.46,139.263,144.712,129.476,129.981
1175.2,97.419,113.677,142.399,96.094,120.46,139.263,144.682,129.476,129.942
1175.3,97.419,113.627,142.399,96.158,120.46,139.263,144.652,129.476,129.981
1175.4,97.481,113.627,142.493,96.094,120.324,139.197,144.623,129.476,129.942
1175.5,97.419,113.577,142.368,96.094,120.46,139.263,144.682,129.476,129.981
1175.6,97.419,113.577,142.368,96.158,120.415,139.23,144.652,129.515,129.942
1175.7,97.419,113.527,142.43,96.03,120.415,139.23,144.682,129.476,129.942
1175.8,97.481,113.477,142.399,96.03,120.324,139.23,144.682,129.476,129.942
1175.9,97.481,113.477,142.399,96.094,120.37,139.23,144.623,129.476,129.942
1176.0,97.419,113.477,142.399,96.158,120.37,139.23,144.682,129.476,129.942
1176.1,97.481,113.577,142.368,96.094,120.324,139.23,144.742,129.476,130.02
1176.2,97.481,113.427,142.399,96.158,120.234,139.23,144.652,129.476,129.942
1176.3,97.481,113.477,142.368,96.03,120.324,139.23,144.682,129.437,129.942
1176.4,97.481,113.477,142.368,95.967,120.279,139.197,144.682,129.515,129.981
1176.5,97.543,113.377,142.275,95.967,120.189,139.23,144.712,129.476,129.942
1176.6,97.419,113.326,142.368,96.03,120.189,139.23,144.682,129.437,129.942
1176.7,97.419,113.377,142.399,96.158,120.189,139.263,144.682,129.437,129.904
1176.8,97.481,113.377,142.306,96.094,120.189,139.23,144.682,129.437,129.942
1176.9,97.419,113.276,142.368,96.03,120.144,139.197,144.682,129.437,129.904
1177.0,97.356,113.326,142.399,96.03,120.144,139.23,144.682,129.437,129.942
1177.1,97.356,113.276,142.337,96.03,120.234,139.197,144.682,129.437,129.904
1177.2,97.419,113.276,142.399,96.03,120.098,139.197,144.593,129.437,129.904
1177.3,97.356,113.276,142.337,95.967,120.098,139.164,144.652,129.515,129.942
1177.4,97.419,113.276,142.275,96.158,120.098,139.23,144.652,129.398,129.904
1177.5,97.168,113.276,142.43,96.03,120.098,139.197,144.712,129.359,129.904
1177.6,97.419,113.176,142.368,95.967,120.144,139.197,144.652,129.437,129.904
1177.7,97.356,113.176,142.337,95.967,120.098,139.197,144.623,129.437,129.904
1177.8,97.231,113.176,142.368,95.967,119.962,139.197,144.652,129.398,129.865
1177.9,97.356,113.176,142.368,95.967,120.007,139.197,144.712,129.398,129.904
1178.0,97.293,113.075,142.337,95.967,119.962,139.197,144.712,129.359,129.865
1178.1,97.293,113.025,142.337,95.967,119.962,139.164,144.682,129.359,129.904
1178.2,97.419,113.075,142.306,95.967,119.917,139.197,144.652,129.398,129.865
1178.3,97.293,113.075,142.337,95.903,119.917,139.197,144.682,129.398,129.865
1178.4,97.356,113.025,142.337,95.967,119.917,139.23,144.682,129.398,129.865
1178.5,97.293,113.025,142.337,95.967,119.917,139.164,144.682,129.359,129.904
1178.6,97.231,112.974,142.306,96.03,119.871,139.098,144.652,129.398,129.904
1178.7,97.293,113.025,142.337,95.903,119.871,139.164,144.652,129.241,129.904
1178.8,97.293,113.025,142.306,96.03,119.871,139.164,144.712,129.359,129.826
1178.9,97.293,112.974,142.306,96.03,119.78,139.164,144.533,129.398,129.826
1179.0,97.293,113.025,142.306,95.967,119.826,139.164,144.652,129.359,129.826
1179.1,97.293,112.974,142.306,95.967,119.735,139.164,144.652,129.359,129.904
1179.2,97.356,112.873,142.337,95.967,119.78,139.197,144.652,129.359,129.826
1179.3,97.231,112.924,142.337,96.03,119.78,139.23,144.652,129.398,129.865
1179.4,97.293,112.873,142.306,95.903,119.78,139.164,144.652,129.398,129.826
1179.5,97.293,112.924,142.337,95.903,119.78,139.131,144.652,129.32,129.826
1179.6,97.168,112.873,142.399,96.03,119.735,139.131,144.652,129.359,129.826
1179.7,97.231,112.873,142.275,95.903,119.735,139.131,144.652,129.32,129.826
1179.8,97.231,112.823,142.275,95.903,119.735,139.164,144.652,129.398,129.787
1179.9,97.293,112.823,142.306,95.903,119.689,139.131,144.652,129.32,129.865
1180.0,97.231,112.823,142.368,95.967,119.689,139.131,144.682,129.281,129.787
1180.1,97.231,112.772,142.337,95.839,119.643,139.032,144.682,129.32,129.787
1180.2,97.419,112.772,142.337,95.903,119.689,139.131,144.623,129.359,129.826
1180.3,97.231,112.722,142.306,95.903,119.643,139.131,144.682,129.32,129.826
1180.4,97.231,112.671,142.399,95.903,119.598,139.131,144.652,129.359,129.787
1180.5,97.231,112.722,142.306,95.967,119.643,139.131,144.623,129.32,129.826
1180.6,97.105,112.722,142.212,95.903,119.552,139.098,144.593,129.32,129.787
1180.7,97.231,112.671,142.275,95.903,119.643,139.098,144.712,129.32,129.826
1180.8,97.168,112.62,142.275,95.839,119.552,139.098,144.623,129.281,129.826
1180.9,97.168,112.671,142.275,95.967,119.598,139.098,144.623,129.32,129.787
1181.0,97.168,112.62,142.275,95.903,119.506,139.131,144.652,129.281,129.826
1181.1,97.168,112.671,142.337,95.775,119.506,139.131,144.652,129.359,129.826
1181.2,97.231,112.57,142.244,95.839,119.506,139.131,144.623,129.281,129.826
1181.3,97.168,112.57,142.244,95.839,119.461,139.098,144.623,129.281,129.787
1181.4,97.168,112.57,142.275,95.903,119.415,139.098,144.563,129.359,129.749
1181.5,97.105,112.519,142.244,95.839,119.598,139.098,144.623,129.281,129.826
1181.6,97.168,112.468,142.306,95.839,119.552,139.032,144.652,129.281,129.826
1181.7,97.168,112.468,142.275,95.775,119.415,139.098,144.682,129.32,129.749
1181.8,97.168,112.519,142.275,95.839,119.415,139.098,144.593,129.32,129.787
1181.9,97.105,112.417,142.244,95.839,119.506,139.065,144.623,129.241,129.787
1182.0,97.168,112.468,142.275,95.839,119.415,139.065,144.623,129.241,129.787
1182.1,97.105,112.366,142.275,95.839,119.415,139.065,144.623,129.281,129.749
1182.2,97.042,112.417,142.244,95.839,119.369,139.065,144.623,129.281,129.749
1182.3,97.105,112.417,142.275,95.839,119.415,139.065,144.623,129.241,129.787
1182.4,97.105,112.366,142.212,95.839,119.323,139.065,144.623,129.281,129.826
1182.5,97.105,112.316,142.244,95.839,119.277,139.032,144.652,129.241,129.749
1182.6,97.168,112.366,142.244,95.839,119.323,139.065,144.623,129.281,129.749
1182.7,97.105,112.316,142.212,96.03,119.277,139.032,144.593,129.202,129.71
1182.8,97.105,112.265,142.212,95.839,119.369,139.032,144.623,129.241,129.749
1182.9,97.042,112.265,142.244,95.775,119.231,139.032,144.623,129.241,129.749
1183.0,97.105,112.214,142.244,95.711,119.231,139.065,144.593,129.241,129.749
1183.1,97.105,112.163,142.244,95.839,119.185,139.032,144.623,129.241,129.71
1183.2,97.105,112.214,142.244,95.775,119.185,139.098,144.652,129.241,129.749
1183.3,96.98,112.265,142.181,95.775,119.093,138.966,144.563,129.241,129.671
1183.4,97.042,112.112,142.212,95.839,119.093,139.032,144.652,129.202,129.71
1183.5,97.042,112.214,142.244,95.775,119.093,138.999,144.593,129.241,129.749
1183.6,97.042,112.112,142.244,95.775,119.047,138.999,144.593,129.202,129.749
1183.7,97.042,112.061,142.181,95.775,119.093,139.032,144.593,129.163,129.749
1183.8,97.042,112.061,142.212,95.711,119.047,138.999,144.623,129.202,129.671
1183.9,96.98,112.009,142.212,95.775,119.093,139.032,144.652,129.241,129.632
1184.0,97.042,112.009,142.275,95.711,119.001,139.032,144.652,129.202,129.671
1184.1,97.105,112.009,142.181,95.775,119.001,139.032,144.623,129.202,129.749
1184.2,97.042,112.061,142.212,95.775,119.001,138.999,144.712,129.163,129.71
1184.3,96.98,112.009,142.212,95.839,119.001,138.966,144.623,129.202,129.671
1184.4,97.042,111.958,142.244,95.711,118.955,138.966,144.652,129.202,129.671
1184.5,96.98,111.907,142.212,95.711,119.001,138.999,144.593,129.202,129.671
1184.6,96.98,111.958,142.244,95.711,118.955,138.999,144.593,129.241,129.671
1184.7,96.98,111.907,142.212,95.775,118.909,138.999,144.623,129.202,129.632
1184.8,97.042,111.958,142.181,95.711,118.863,139.032,144.712,129.359,129.632
1184.9,97.042,111.856,142.212,95.711,118.909,138.999,144.623,129.124,129.632
1185.0,96.98,111.907,142.181,95.647,118.863,138.999,144.623,129.202,129.671
1185.1,96.98,111.805,142.119,95.775,118.817,138.999,144.563,129.163,129.671
1185.2,96.98,111.753,142.181,95.711,118.817,138.966,144.623,129.163,129.671
1185.3,96.917,111.805,142.15,95.711,118.817,139.032,144.623,129.241,129.632
1185.4,96.854,111.753,142.181,95.775,118.724,138.966,144.623,129.163,129.632
1185.5,96.917,111.702,142.15,95.711,118.77,138.966,144.623,129.202,129.671
1185.6,96.98,111.702,142.15,95.775,118.724,139.065,144.563,129.163,129.632
1185.7,97.042,111.702,142.337,95.711,118.724,138.932,144.593,129.202,129.632
1185.8,96.98,111.753,142.119,95.775,118.724,138.966,144.652,129.202,129.671
1185.9,96.791,111.599,142.181,95.775,118.678,138.966,144.593,129.124,129.632
1186.0,96.854,111.702,142.119,95.711,118.724,138.966,144.652,129.085,129.671
1186.1,96.98,111.753,142.181,95.775,118.631,138.966,144.593,129.163,129.632
1186.2,96.917,111.65,142.212,95.711,118.724,138.999,144.593,129.124,129.632
1186.3,96.854,111.599,142.119,95.647,118.678,138.966,144.593,129.124,129.632
1186.4,96.917,111.599,142.15,95.711,118.631,138.899,144.593,129.124,129.632
1186.5,96.854,111.599,142.181,95.647,118.585,138.966,144.593,129.163,129.593
1186.6,96.98,111.599,142.119,95.647,118.631,138.932,144.593,129.124,129.632
1186.7,96.917,111.548,142.181,95.711,118.585,138.966,144.593,129.124,129.593
1186.8,96.854,111.548,142.15,95.647,118.539,138.932,144.593,129.202,129.632
1186.9,96.917,111.496,142.181,95.647,118.585,138.932,144.593,129.085,129.632
1187.0,96.854,111.496,142.15,95.711,118.492,138.966,144.563,129.124,129.593
1187.1,96.854,111.496,142.181,95.647,118.539,138.932,144.593,129.163,129.593
1187.2,96.917,111.496,142.15,95.583,118.492,138.899,144.623,129.124,129.71
1187.3,96.854,111.444,142.119,95.647,118.446,139.032,144.593,129.085,129.593
1187.4,96.791,111.393,142.15,95.647,118.399,138.999,144.563,129.085,129.71
1187.5,96.854,111.393,142.15,95.647,118.446,138.899,144.533,129.085,129.554
1187.6,96.791,111.393,142.087,95.711,118.399,138.932,144.623,129.124,129.593
1187.7,96.791,111.341,142.119,95.711,118.399,138.899,144.623,129.124,129.632
1187.8,96.854,111.341,142.119,95.647,118.399,138.866,144.623,128.967,129.671
1187.9,96.791,111.341,142.15,95.647,118.446,138.899,144.652,129.085,129.593
1188.0,96.854,111.393,142.119,95.583,118.353,138.899,144.563,129.124,129.593
1188.1,96.791,111.29,142.119,95.583,118.306,138.899,144.563,129.045,129.554
1188.2,96.854,111.238,142.15,95.647,118.399,138.899,144.623,129.085,129.593
1188.3,96.854,111.238,142.212,95.647,118.306,138.899,144.563,129.045,129.554
1188.4,96.917,111.186,142.119,95.647,118.306,138.899,144.593,129.202,129.593
1188.5,96.728,111.186,142.119,95.711,118.26,138.899,144.682,129.085,129.632
1188.6,96.664,111.186,142.087,95.583,118.26,138.866,144.593,129.045,129.593
1188.7,96.791,111.186,142.087,95.647,118.213,138.866,144.563,129.045,129.593
1188.8,96.854,111.186,142.119,95.583,118.213,138.866,144.563,129.085,129.515
1188.9,96.791,111.083,142.087,95.583,118.213,138.866,144.593,129.045,129.554
1189.0,96.791,111.031,142.15,95.583,118.213,138.899,144.593,129.045,129.554
1189.1,96.854,111.031,142.119,95.583,118.166,138.899,144.533,129.045,129.593
1189.2,96.791,111.083,142.087,95.583,118.166,138.899,144.533,129.006,129.554
1189.3,96.791,110.979,142.025,95.647,118.12,138.932,144.563,129.006,129.554
1189.4,96.728,111.031,142.087,95.583,118.166,138.866,144.563,129.045,129.593
1189.5,96.791,111.031,142.056,95.583,118.073,138.899,144.563,129.006,129.554
1189.6,96.791,110.979,142.087,95.519,118.166,138.866,144.593,129.085,129.476
1189.7,96.728,111.083,142.087,95.583,118.12,138.866,144.533,129.045,129.554
1189.8,96.791,110.979,142.087,95.519,118.073,138.866,144.563,129.006,129.515
1189.9,96.664,111.031,142.087,95.583,118.12,138.866,144.593,129.006,129.515
1190.0,96.728,110.927,142.056,95.519,118.073,138.899,144.623,129.006,129.515
1190.1,96.791,110.927,142.087,95.647,118.073,138.833,144.623,129.045,129.515
1190.2,96.664,110.875,142.087,95.519,117.932,138.866,144.593,128.967,129.515
1190.3,96.728,110.927,142.056,95.519,117.979,138.833,144.563,129.006,129.515
1190.4,96.728,110.875,142.056,95.519,117.979,138.833,144.563,129.006,129.515
1190.5,96.728,110.823,142.056,95.519,117.932,138.833,144.533,129.006,129.515
1190.6,96.728,110.823,142.119,95.519,117.886,138.8,144.533,129.006,129.515
1190.7,96.664,110.823,142.056,95.519,118.026,138.833,144.593,128.927,129.515
1190.8,96.664,110.771,142.119,95.519,117.932,138.833,144.533,129.006,129.476
1190.9,96.664,110.719,142.056,95.519,117.932,138.833,144.563,128.967,129.476
1191.0,96.664,110.667,142.087,95.455,117.932,138.8,144.533,128.888,129.476
1191.1,96.664,110.719,142.056,95.583,117.839,138.833,144.563,129.006,129.476
1191.2,96.601,110.615,142.025,95.519,117.745,138.8,144.503,128.967,129.515
1191.3,96.664,110.562,142.056,95.519,117.792,138.8,144.563,128.967,129.476
1191.4,96.664,110.667,142.056,95.519,117.792,138.833,144.563,128.967,129.515
1191.5,96.538,110.405,142.025,95.455,117.698,138.8,144.563,128.967,129.476
1191.6,96.601,110.615,142.087,95.519,117.698,138.767,144.593,128.888,129.437
1191.7,96.664,110.562,142.025,95.519,117.698,138.833,144.861,128.967,129.476
1191.8,96.664,110.562,142.025,95.455,117.698,138.8,144.563,128.967,129.476
1191.9,96.601,110.51,142.025,95.583,117.698,138.866,144.563,128.967,129.515
1192.0,96.601,110.51,142.056,95.519,117.604,138.833,144.563,129.006,129.476
1192.1,96.601,110.51,142.056,95.455,117.557,138.8,144.503,128.927,129.476
1192.2,96.538,110.458,142.025,95.519,117.604,138.767,144.563,128.967,129.398
1192.3,96.601,110.51,142.025,95.519,117.604,138.8,144.563,129.006,129.515
1192.4,96.538,110.51,142.119,95.519,117.604,138.767,144.593,128.967,129.437
1192.5,96.601,110.458,142.056,95.455,117.651,138.8,144.533,128.967,129.437
1192.6,96.601,110.405,142.025,95.391,117.557,138.767,144.563,128.927,129.437
1192.7,96.601,110.458,142.025,95.519,117.557,138.767,144.563,128.967,129.476
1192.8,96.538,110.405,142.056,95.455,117.557,138.7,144.533,128.967,129.476
1192.9,96.601,110.405,141.994,95.455,117.557,138.833,144.563,128.967,129.398
1193.0,96.664,110.458,142.025,95.391,117.509,138.733,144.533,128.927,129.437
1193.1,96.601,110.353,142.056,95.455,117.557,138.767,144.533,128.888,129.437
1193.2,96.601,110.353,142.025,95.455,117.557,138.733,144.563,128.967,129.398
1193.3,96.601,109.827,142.025,95.455,117.509,138.767,144.533,128.927,129.437
1193.4,96.601,110.301,141.994,95.391,117.462,138.733,144.503,128.927,129.476
1193.5,96.601,110.248,142.025,95.455,117.509,138.8,144.533,128.888,129.437
1193.6,96.664,110.353,141.994,95.327,117.462,138.733,144.533,128.927,129.359
1193.7,96.601,110.196,141.994,95.455,117.462,138.767,144.563,128.888,129.398
1193.8,96.538,110.196,141.994,95.262,117.651,138.733,144.563,128.927,129.437
1193.9,96.601,110.196,142.025,95.391,117.368,138.733,144.443,128.888,129.437
1194.0,96.538,110.301,141.994,95.455,117.415,138.8,144.533,128.888,129.398
1194.1,96.664,110.196,141.994,95.455,117.651,138.733,144.503,128.927,129.398
1194.2,96.538,110.038,141.994,95.391,117.368,138.767,144.533,128.849,129.398
1194.3,96.538,110.196,142.056,95.391,117.321,138.733,144.563,128.888,129.398
1194.4,96.538,110.196,142.119,95.262,117.368,138.733,144.503,128.888,129.398
1194.5,96.538,110.143,141.994,95.391,117.273,138.733,144.593,128.888,129.398
1194.6,96.475,110.143,142.025,95.391,117.273,138.7,144.593,128.888,129.359
1194.7,96.538,110.091,142.025,95.455,117.368,138.7,144.533,128.888,129.398
1194.8,96.475,110.091,141.994,95.519,117.226,138.767,144.533,128.888,129.437
1194.9,96.475,110.038,141.994,95.327,117.273,138.7,144.533,128.888,129.398
1195.0,96.601,110.038,142.025,95.391,117.131,138.767,144.503,128.927,129.437
1195.1,96.538,109.985,141.994,95.391,117.179,138.7,144.533,128.888,129.359
1195.2,96.538,109.985,141.962,95.327,117.179,139.131,144.563,128.888,129.359
1195.3,96.475,109.985,141.994,95.455,117.179,138.7,144.533,128.927,129.437
1195.4,96.538,109.933,141.994,95.391,117.084,138.7,144.563,128.849,129.359
1195.5,96.601,109.933,141.962,95.327,117.179,138.7,144.533,128.849,129.32
1195.6,96.348,109.933,141.994,95.391,117.131,138.7,144.563,128.888,129.359
1195.7,96.475,109.933,141.962,95.391,117.226,138.733,144.533,128.849,129.359
1195.8,96.475,109.88,141.962,95.391,117.131,138.667,144.533,128.927,129.398
1195.9,96.411,109.933,141.962,95.455,117.084,138.7,144.503,128.888,129.359
1196.0,96.348,110.038,141.962,95.327,117.084,138.667,144.533,128.849,129.437
1196.1,96.411,109.985,141.962,95.391,117.036,138.667,144.533,128.888,129.359
1196.2,96.475,109.985,141.994,95.327,117.036,138.667,144.503,128.927,129.359
1196.3,96.411,109.827,141.962,95.391,116.989,138.667,144.533,128.849,129.476
1196.4,96.411,109.827,141.931,95.391,116.989,138.733,144.503,128.888,129.32
1196.5,96.411,109.775,141.962,95.391,116.941,138.667,144.533,128.849,129.32
1196.6,96.411,109.775,141.962,95.391,116.941,138.667,144.533,128.849,129.359
1196.7,96.411,109.722,141.931,95.391,116.989,138.667,144.593,128.809,129.32
1196.8,96.411,109.669,141.899,95.327,116.894,138.633,144.533,128.77,129.241
1196.9,96.475,109.669,141.994,95.327,116.751,138.633,144.533,128.809,129.32
1197.0,96.475,109.616,141.994,95.455,116.798,138.7,144.533,128.77,129.281
1197.1,96.348,109.669,141.899,95.519,116.798,138.667,144.503,128.849,129.32
1197.2,96.411,109.616,141.931,95.262,116.798,138.633,144.503,128.809,129.32
1197.3,96.475,109.563,141.931,95.327,116.751,138.633,144.533,128.77,129.281
1197.4,96.348,109.563,141.868,95.391,116.798,138.7,144.533,128.849,129.32
1197.5,96.475,109.563,141.931,95.327,116.751,138.667,144.533,128.809,129.32
1197.6,96.348,109.51,141.931,95.262,116.703,138.667,144.533,128.73,129.281
1197.7,96.475,109.51,141.962,95.262,116.798,138.667,144.503,128.77,129.281
1197.8,96.348,109.51,141.962,95.391,116.655,138.6,144.473,128.77,129.281
1197.9,96.475,109.404,141.931,95.262,116.655,138.633,144.503,128.73,129.32
1198.0,96.411,109.457,141.931,95.262,116.607,138.6,144.503,128.77,129.281
1198.1,96.348,109.404,141.899,95.262,116.655,138.6,144.533,128.849,129.085
1198.2,96.475,109.351,141.931,95.262,116.607,138.567,144.503,128.849,129.281
1198.3,96.285,109.457,141.931,95.262,116.56,138.633,144.503,128.809,129.32
1198.4,96.348,109.351,141.899,95.327,116.607,138.6,144.593,128.73,129.32
1198.5,96.411,109.351,141.994,95.262,116.655,138.6,144.473,128.73,129.281
1198.6,96.285,109.351,141.899,95.327,116.56,138.6,144.533,128.77,129.281
1198.7,96.285,109.351,141.868,95.262,116.56,138.567,144.593,128.809,129.241
1198.8,96.285,109.351,141.899,95.262,116.464,138.6,144.533,128.73,129.281
1198.9,96.411,109.298,141.931,95.327,116.56,138.6,144.503,128.809,129.241
1199.0,96.285,109.244,141.868,95.327,116.512,138.633,144.533,128.809,129.124
1199.1,96.348,109.244,141.837,95.262,116.512,138.633,144.533,128.77,129.202
1199.2,96.348,109.244,141.931,95.198,116.512,138.6,144.503,128.809,129.32
1199.3,96.411,109.244,141.868,95.262,116.607,138.6,144.503,128.73,129.281
1199.4,96.348,109.191,141.899,95.262,116.416,138.6,144.503,128.73,129.202
1199.5,96.221,109.244,141.868,95.262,116.464,138.5,144.503,128.77,129.241
1199.6,96.285,109.191,141.868,95.198,116.464,138.6,144.473,128.73,129.281
1199.7,96.411,109.138,141.868,95.262,116.416,138.6,144.533,128.77,129.202
1199.8,96.348,109.138,141.899,95.262,116.464,138.6,144.533,128.73,129.241
1199.9,96.348,109.085,141.899,95.327,116.416,138.567,144.503,128.73,129.281
1200.0,96.411,109.191,141.868,95.262,116.368,138.567,144.533,128.73,129.281
1200.1,96.348,109.085,141.899,95.198,116.416,138.567,144.593,128.73,129.241
1200.2,96.285,109.085,141.837,95.198,116.32,138.567,144.563,128.691,129.281
1200.3,96.221,109.085,141.868,95.198,116.32,138.633,144.503,128.73,129.202
1200.4,96.348,109.031,141.868,95.262,116.32,138.567,144.533,128.73,129.241
1200.5,96.221,108.978,141.837,95.262,116.272,138.567,144.503,128.73,129.202
1200.6,96.285,108.978,141.931,95.198,116.224,138.533,144.563,128.691,129.241
1200.7,96.221,108.924,141.899,95.198,116.176,138.533,144.473,128.73,129.202
1200.8,96.221,108.978,141.868,95.198,116.272,138.633,144.473,128.691,129.202
1200.9,96.221,108.924,141.899,95.198,116.128,138.6,144.503,128.651,129.241
1201.0,96.158,108.924,141.868,95.198,116.176,138.567,144.563,128.691,129.163
1201.1,96.285,108.871,141.868,95.198,116.176,138.533,144.503,128.691,129.202
1201.2,96.285,108.817,141.868,95.198,116.128,138.533,144.443,128.691,129.241
1201.3,96.221,108.817,141.837,95.198,116.128,138.533,144.503,128.691,129.281
1201.4,96.285,108.871,141.837,95.198,116.08,138.567,144.473,128.691,129.202
1201.5,96.221,108.817,141.868,95.198,116.08,138.567,144.473,128.691,129.241
1201.6,96.285,108.71,141.837,95.198,115.887,138.5,144.503,128.691,129.163
1201.7,96.158,108.764,141.805,95.198,115.983,138.567,144.473,128.691,129.202
1201.8,96.158,108.657,141.868,95.134,115.983,138.5,144.473,128.691,129.163
1201.9,96.158,108.657,141.899,95.134,116.031,138.533,144.473,128.651,129.163
1202.0,96.221,108.817,141.868,95.134,115.935,138.533,144.473,128.73,129.163
1202.1,96.285,108.657,141.868,95.134,115.887,138.5,144.473,128.691,129.163
1202.2,96.221,108.657,141.805,95.134,115.935,138.5,144.443,128.691,129.281
1202.3,96.221,108.603,141.805,95.327,115.887,138.533,144.443,128.651,129.202
1202.4,96.285,108.603,141.837,95.134,115.887,138.5,144.503,128.691,129.124
1202.5,96.158,108.657,141.774,95.069,115.935,138.5,144.503,128.691,129.163
1202.6,96.158,108.495,141.805,95.134,115.79,138.467,144.503,128.651,129.163
1202.7,96.158,108.549,141.837,95.134,115.838,138.567,144.473,128.651,129.163
1202.8,96.158,108.495,141.805,95.134,115.838,138.5,144.533,128.612,129.163
1202.9,96.221,108.442,141.742,95.134,115.79,138.5,144.503,128.73,129.163
1203.0,96.158,108.495,141.837,95.134,115.79,138.5,144.473,128.651,129.163
1203.1,96.094,108.495,141.868,95.134,115.79,138.467,144.503,128.612,129.163
1203.2,96.094,108.388,141.805,95.134,115.79,138.5,144.473,128.612,129.163
1203.3,96.158,108.442,141.805,95.069,115.742,138.467,144.473,128.651,129.124
1203.4,96.158,108.442,141.805,95.134,115.693,138.5,144.503,128.651,129.085
1203.5,96.094,108.388,141.774,95.069,115.742,138.467,144.443,128.612,129.163
1203.6,96.158,108.334,141.868,95.134,115.645,138.4,144.443,128.651,129.124
1203.7,96.221,108.334,141.805,95.069,115.645,138.467,144.473,128.612,129.085
1203.8,96.158,108.388,141.805,94.94,115.693,138.467,144.503,128.572,129.124
1203.9,96.03,108.28,141.837,95.134,115.645,138.5,144.473,128.651,129.124
1204.0,96.094,108.334,141.774,95.134,115.693,138.467,144.473,128.612,129.163
1204.1,96.094,108.334,141.805,95.134,115.645,138.467,144.473,128.612,129.124
1204.2,96.094,108.334,141.805,95.134,115.596,138.433,144.473,128.651,129.163
1204.3,96.094,108.226,141.774,95.134,115.596,138.467,144.443,128.612,129.124
1204.4,96.094,108.28,141.805,95.134,115.548,138.467,144.563,128.612,129.124
1204.5,96.03,108.28,141.774,95.134,115.548,138.5,144.473,128.612,129.085
1204.6,96.094,108.226,141.805,95.069,115.548,138.467,144.443,128.612,129.085
1204.7,96.03,108.28,141.711,95.134,115.499,138.467,144.533,128.572,129.085
1204.8,96.094,108.118,141.774,95.069,115.548,138.433,144.503,128.612,129.124
1204.9,96.03,108.172,141.805,95.069,115.499,138.433,144.503,128.612,129.085
1205.0,96.094,108.172,141.742,95.262,115.45,138.433,144.443,128.691,129.085
1205.1,96.03,108.118,141.774,95.134,115.45,138.4,144.473,128.612,129.163
1205.2,95.967,108.118,141.774,95.069,115.499,138.433,144.443,128.612,129.085
1205.3,96.094,108.118,141.679,95.005,115.548,138.467,144.503,128.612,129.163
1205.4,96.03,108.172,141.679,95.005,115.402,138.433,144.473,128.572,129.124
1205.5,96.094,108.064,141.774,95.069,115.45,138.4,144.443,128.572,129.085
1205.6,96.03,108.064,141.711,95.005,115.402,138.467,144.473,128.612,129.124
1205.7,95.967,108.01,141.711,95.198,115.353,138.467,144.473,128.612,129.045
1205.8,96.03,108.01,141.805,95.005,115.353,138.4,144.443,128.651,129.085
1205.9,96.03,108.01,141.742,95.069,115.304,138.467,144.443,128.532,129.045
1206.0,95.967,107.955,141.742,95.069,115.304,138.433,144.443,128.572,129.045
1206.1,95.967,107.955,141.774,95.069,115.158,138.467,144.473,128.612,129.124
1206.2,96.094,107.955,141.742,95.069,115.353,138.4,144.473,128.572,129.124
1206.3,95.967,107.955,141.774,94.94,115.256,138.4,144.473,128.572,129.045
1206.4,96.03,108.01,141.774,95.069,115.256,138.4,144.443,128.612,129.085
1206.5,95.967,107.847,141.742,95.005,115.304,138.4,144.443,128.532,129.045
1206.6,96.094,107.955,141.711,95.005,115.207,138.366,144.443,128.572,129.124
1206.7,95.967,107.955,141.742,95.069,115.158,138.4,144.443,128.572,129.045
1206.8,96.03,107.901,141.774,95.069,115.256,138.4,144.443,128.493,129.045
1206.9,95.967,107.901,141.711,95.005,115.207,138.433,144.443,128.572,129.085
1207.0,96.03,107.793,141.742,95.134,115.207,138.4,144.443,128.572,129.085
1207.1,95.839,107.847,141.679,95.005,115.207,138.333,144.473,128.532,129.085
1207.2,95.967,107.793,141.711,94.94,115.256,138.366,144.443,128.532,129.124
1207.3,95.967,107.793,141.711,95.069,115.109,138.366,144.443,128.532,129.045
1207.4,96.03,107.847,141.774,95.005,115.158,138.433,144.503,128.572,129.045
1207.5,95.967,107.793,141.742,95.005,115.109,138.4,144.413,128.572,129.045
1207.6,95.967,107.793,141.774,94.94,115.158,138.433,144.473,128.572,129.045
1207.7,95.967,107.738,141.774,95.069,115.06,138.366,144.413,128.532,129.045
1207.8,96.03,107.738,141.711,95.005,115.109,138.299,144.443,128.532,129.006
1207.9,95.903,107.793,141.711,94.94,115.109,138.4,144.443,128.612,129.045
1208.0,95.903,107.793,141.711,95.069,115.06,138.433,144.413,128.572,129.045
1208.1,96.094,107.575,141.711,95.005,115.011,138.467,144.473,128.572,129.045
1208.2,95.967,107.738,141.774,95.005,115.06,138.4,144.413,128.532,129.124
1208.3,95.903,107.63,141.711,95.069,115.011,138.366,144.413,128.572,129.006
1208.4,95.967,107.684,141.742,95.005,115.011,138.333,144.473,128.493,129.124
1208.5,95.967,107.63,141.711,95.005,114.962,138.333,144.413,128.532,129.045
1208.6,95.903,107.738,141.711,95.005,114.962,138.4,144.443,128.532,129.006
1208.7,95.903,107.63,141.711,94.94,114.913,138.366,144.443,128.532,129.045
1208.8,95.967,107.521,141.711,95.005,114.962,138.366,144.413,128.532,128.967
1208.9,95.903,107.521,141.774,94.876,114.913,138.467,144.443,128.532,129.006
1209.0,95.967,107.521,141.679,95.005,114.913,138.366,144.443,128.532,129.045
1209.1,95.903,107.466,141.711,94.94,114.815,138.333,144.473,128.493,129.006
1209.2,95.967,107.411,141.711,94.94,114.815,138.333,144.413,128.493,129.006
1209.3,95.903,107.521,141.648,94.94,114.815,138.333,144.443,128.493,129.006
1209.4,95.903,107.466,141.679,94.94,114.766,138.333,144.413,128.572,128.927
1209.5,95.839,107.357,141.679,94.876,114.815,138.333,144.443,128.493,129.006
1209.6,95.903,107.411,141.679,95.005,114.815,138.366,144.413,128.493,128.888
1209.7,95.839,107.411,141.679,94.94,114.766,138.333,144.503,128.453,128.967
1209.8,95.903,107.411,141.679,95.005,114.815,138.333,144.413,128.493,129.006
1209.9,95.903,107.411,141.679,94.876,114.766,138.366,144.443,128.493,129.045
1210.0,95.775,107.357,141.648,94.94,114.766,138.333,144.443,128.532,128.967
1210.1,95.839,107.357,141.711,94.94,114.815,138.333,144.443,128.493,129.045
1210.2,95.839,107.302,141.679,94.94,114.717,138.333,144.413,128.493,129.006
1210.3,95.903,107.302,141.648,95.005,114.766,138.333,144.443,128.493,128.967
1210.4,95.839,107.247,141.711,94.94,114.717,138.333,144.413,128.493,128.927
1210.5,95.839,107.247,141.679,94.876,114.668,138.333,144.413,128.453,128.967
1210.6,95.903,107.193,141.679,94.876,114.619,138.299,144.413,128.493,128.967
1210.7,95.839,107.247,141.648,94.876,114.619,138.299,144.473,128.493,128.927
1210.8,95.967,107.138,141.679,94.876,114.619,138.299,144.413,128.493,128.967
1210.9,95.839,107.302,141.648,94.876,114.569,138.299,144.413,128.493,128.849
1211.0,95.839,107.138,141.679,94.94,114.569,138.333,144.413,128.453,129.006
1211.1,95.775,107.193,141.711,94.876,114.569,138.299,144.413,128.453,129.006
1211.2,95.839,107.193,141.679,94.876,114.619,138.299,144.443,128.532,128.967
1211.3,95.839,107.138,141.648,94.876,114.569,138.299,144.413,128.493,128.967
1211.4,95.839,107.138,141.679,94.94,114.569,138.266,144.413,128.413,128.927
1211.5,95.839,107.138,141.711,94.876,114.471,138.266,144.413,128.413,128.927
1211.6,95.775,107.028,141.648,94.876,114.421,138.266,144.443,128.413,128.927
1211.7,95.839,106.973,141.585,94.94,114.421,138.232,144.383,128.413,128.927
1211.8,95.903,107.028,141.616,94.876,114.421,138.299,144.383,128.453,128.927
1211.9,95.775,107.028,141.648,94.876,114.372,138.266,144.413,128.453,128.967
1212.0,95.775,106.973,141.679,94.876,114.372,138.299,144.413,128.453,128.927
1212.1,95.775,106.973,141.616,94.811,114.372,138.299,144.383,128.413,128.927
1212.2,95.775,106.973,141.616,94.94,114.421,138.232,144.383,128.453,128.927
1212.3,95.839,106.973,141.616,94.876,114.323,138.299,144.443,128.413,128.927
1212.4,95.839,106.973,141.553,94.876,114.323,138.299,144.413,128.453,128.967
1212.5,95.839,106.918,141.616,94.811,114.372,138.299,144.413,128.453,128.927
1212.6,95.775,106.863,141.616,94.811,114.323,138.266,144.383,128.413,128.927
1212.7,95.775,106.918,141.648,94.876,114.323,138.266,144.354,128.413,128.927
1212.8,95.775,106.863,141.742,94.876,114.323,138.299,144.413,128.453,128.927
1212.9,95.775,106.863,141.616,94.94,114.372,138.266,144.443,128.413,128.927
1213.0,95.775,106.863,141.648,94.876,114.323,138.266,144.443,128.453,128.927
1213.1,95.711,106.808,141.616,94.811,114.273,138.266,144.443,128.453,128.927
1213.2,95.711,106.753,141.616,94.811,114.224,138.266,144.413,128.453,128.888
1213.3,95.711,106.753,141.616,94.811,114.224,138.232,144.443,128.453,128.849
1213.4,95.711,106.753,141.679,94.811,114.224,138.266,144.383,128.413,128.927
1213.5,95.647,106.808,141.648,94.811,114.174,138.299,144.324,128.453,128.967
1213.6,95.647,106.698,141.585,94.94,114.125,138.232,144.413,128.453,128.927
1213.7,95.711,106.698,141.616,94.746,114.125,138.232,144.413,128.374,129.045
1213.8,95.711,106.588,141.616,94.94,114.125,138.232,144.383,128.374,128.849
1213.9,95.711,106.643,141.585,94.811,114.075,138.232,144.413,128.374,128.849
1214.0,95.711,106.643,141.616,94.811,114.224,138.232,144.413,128.413,128.849
1214.1,95.711,106.588,141.585,94.811,114.075,138.232,144.383,128.413,128.927
1214.2,95.647,106.643,141.553,94.811,113.976,138.199,144.533,128.413,128.927
1214.3,95.711,106.588,141.648,94.811,114.025,138.199,144.383,128.374,128.888
1214.4,95.839,106.532,141.585,94.746,114.075,138.199,144.383,128.374,128.888
1214.5,95.711,106.532,141.616,94.746,114.025,138.232,144.383,128.413,128.927
1214.6,95.711,106.588,141.711,94.876,113.976,138.266,144.383,128.453,128.927
1214.7,95.711,106.532,141.648,94.681,114.025,138.232,144.443,128.413,128.888
1214.8,95.711,106.532,141.585,94.876,113.976,138.232,144.383,128.374,128.849
1214.9,95.711,106.477,141.679,94.746,113.976,138.199,144.413,128.334,128.888
1215.0,95.647,106.477,141.616,94.746,114.025,138.199,144.413,128.374,128.888
1215.1,95.647,106.588,141.585,94.811,113.976,138.199,144.354,128.374,128.888
1215.2,95.647,106.532,141.553,94.746,113.876,138.199,144.383,128.374,128.888
1215.3,95.647,106.422,141.616,94.876,113.876,138.232,144.413,128.413,128.888
1215.4,95.711,106.366,141.553,94.746,113.876,138.199,144.473,128.294,128.888
1215.5,95.647,106.366,141.679,94.811,113.826,138.199,144.383,128.453,128.849
1215.6,95.711,106.422,141.553,94.746,113.876,138.199,144.383,128.413,128.888
1215.7,95.647,106.422,141.585,94.811,113.826,138.165,144.354,128.334,128.849
1215.8,95.391,106.366,141.616,94.746,113.826,138.266,144.383,128.374,128.888
1215.9,95.647,106.366,141.585,94.746,113.727,138.199,144.413,128.334,128.888
1216.0,95.583,106.311,141.585,94.746,113.727,138.132,144.383,128.374,128.927
1216.1,95.647,106.311,141.553,94.746,113.777,138.165,144.443,128.413,128.888
1216.2,95.647,106.255,141.553,94.811,113.727,138.199,144.383,128.334,128.849
1216.3,95.647,106.255,141.616,94.746,113.677,138.165,144.383,128.374,128.888
1216.4,95.711,106.2,141.585,94.811,113.777,138.165,144.383,128.334,128.849
1216.5,95.583,106.2,141.521,94.746,113.677,138.098,144.383,128.294,128.927
1216.6,95.583,106.2,141.521,94.811,113.727,138.165,144.383,128.374,128.849
1216.7,95.647,106.2,141.585,94.746,113.677,138.199,144.413,128.374,128.809
1216.8,95.583,106.2,141.521,94.811,113.627,138.132,144.413,128.334,128.809
1216.9,95.583,106.144,141.49,94.681,113.577,138.266,144.383,128.334,128.888
1217.0,95.583,106.089,141.49,94.746,113.477,138.165,144.383,128.374,128.809
1217.1,95.519,106.089,141.553,94.746,113.677,138.165,144.354,128.294,128.849
1217.2,95.583,106.089,141.553,94.811,113.577,138.132,144.413,128.374,128.77
1217.3,95.583,106.089,141.553,94.746,113.627,138.165,144.383,128.334,128.849
1217.4,95.583,106.089,141.553,94.681,113.527,138.165,144.354,128.294,128.849
1217.5,95.583,105.977,141.521,94.681,113.477,138.132,144.263,128.294,128.849
1217.6,95.583,105.977,141.553,94.681,113.477,138.064,144.383,128.294,128.849
1217.7,95.519,105.977,141.49,94.746,113.477,138.132,144.354,128.294,128.849
1217.8,95.583,105.977,141.521,94.681,113.427,138.199,144.354,128.334,128.849
1217.9,95.711,105.922,141.553,94.681,113.377,138.098,144.413,128.294,128.77
1218.0,95.519,105.922,141.521,94.746,113.427,138.132,144.383,128.294,128.77
1218.1,95.647,105.922,141.49,94.681,113.477,138.132,144.354,128.334,128.849
1218.2,95.519,105.866,141.553,94.746,113.427,138.132,144.383,128.254,128.809
1218.3,95.583,106.144,141.49,94.681,113.377,138.165,144.354,128.294,128.809
1218.4,95.583,105.81,141.521,94.681,113.377,138.098,144.383,128.294,128.809
1218.5,94.357,105.866,141.553,94.681,113.326,138.165,144.354,128.294,128.809
1218.6,95.583,105.754,141.521,94.681,113.276,138.098,144.413,128.334,128.77
1218.7,95.519,105.81,141.521,94.617,113.176,138.132,144.324,128.254,128.77
1218.8,95.519,105.754,141.49,94.617,113.176,138.098,144.383,128.294,128.77
1218.9,95.519,105.698,141.49,94.681,113.226,138.098,144.354,128.254,128.77
1219.0,95.519,105.698,141.521,94.681,113.226,138.098,144.354,128.294,128.77
1219.1,95.583,105.642,141.458,94.681,113.226,138.098,144.383,128.214,128.77
1219.2,95.519,105.642,141.49,94.617,113.075,138.098,144.294,128.254,128.77
1219.3,95.455,105.586,141.49,94.617,113.176,138.098,144.354,128.254,128.849
1219.4,95.391,105.586,141.458,94.617,113.176,138.064,144.383,128.254,128.77
1219.5,95.519,105.586,141.458,94.617,113.125,138.098,144.383,128.175,128.809
1219.6,95.455,105.53,141.458,94.681,113.075,138.098,144.324,128.175,128.691
1219.7,95.519,105.586,141.458,94.681,113.075,138.064,144.294,128.214,128.73
1219.8,95.455,105.586,141.49,94.681,113.125,138.031,144.324,128.294,128.73
1219.9,95.455,105.474,141.395,94.617,113.025,138.132,144.354,128.254,128.73
1220.0,95.519,105.249,141.49,94.617,112.974,138.031,144.354,128.254,128.73
1220.1,95.519,105.474,141.458,94.681,112.974,138.064,144.324,128.254,128.809
1220.2,95.519,105.474,141.458,94.617,112.974,138.031,144.324,128.214,128.73
1220.3,95.519,105.362,141.458,94.552,112.974,138.064,144.324,128.254,128.77
1220.4,95.455,105.418,141.458,94.617,112.873,138.031,144.324,128.214,128.73
1220.5,95.391,105.362,141.458,94.617,112.974,138.031,144.324,128.254,128.73
1220.6,95.455,105.418,141.553,94.617,112.873,138.031,144.443,128.254,128.73
1220.7,95.455,105.306,141.427,94.552,112.873,138.031,144.354,128.254,128.73
1220.8,95.391,105.362,141.458,94.617,112.873,138.031,144.294,128.214,128.691
1220.9,95.455,105.306,141.616,94.617,112.873,138.031,144.354,128.214,128.73
1221.0,95.519,105.306,141.521,94.617,112.823,137.997,144.354,128.254,128.73
1221.1,95.455,105.249,141.458,94.617,112.823,138.064,144.354,128.214,128.73
1221.2,95.775,105.362,141.427,94.552,112.823,138.064,144.354,128.214,128.73
1221.3,95.391,105.306,141.458,94.617,112.823,138.031,144.354,128.254,128.73
1221.4,95.391,105.249,141.458,94.681,112.823,138.031,144.383,128.214,128.77
1221.5,95.455,105.249,141.427,94.487,112.772,137.963,144.354,128.294,128.691
1221.6,95.455,105.362,141.395,94.617,112.772,138.031,144.383,128.294,128.691
1221.7,95.391,105.193,141.427,94.617,112.823,137.997,144.354,128.175,128.73
1221.8,95.391,105.249,141.458,94.617,112.772,137.997,144.294,128.214,128.73
1221.9,95.519,105.137,141.427,94.617,112.772,138.064,144.294,128.214,128.73
1222.0,95.391,105.08,141.427,94.617,112.722,137.997,144.354,128.135,128.691
1222.1,95.519,105.193,141.427,94.617,112.722,138.031,144.354,128.214,128.73
1222.2,95.455,105.137,141.427,94.552,112.722,138.031,144.324,128.214,128.691
1222.3,95.391,105.137,141.427,94.617,112.722,137.997,144.354,128.214,128.73
1222.4,95.391,105.08,141.49,94.617,112.671,138.031,144.354,128.214,128.691
1222.5,95.455,105.08,141.427,94.552,112.57,138.031,144.294,128.214,128.691
1222.6,95.455,105.08,141.49,94.552,112.62,138.031,144.324,128.214,128.651
1222.7,95.391,105.193,141.395,94.552,112.62,138.031,144.324,128.214,128.691
1222.8,95.391,105.024,141.427,94.552,112.62,137.997,144.294,128.175,128.691
1222.9,95.455,105.024,141.395,94.552,112.57,137.997,144.324,128.214,128.73
1223.0,95.391,105.08,141.427,94.552,112.62,137.997,144.324,128.135,128.73
1223.1,95.391,105.024,141.427,94.617,112.519,137.963,144.354,128.214,128.691
1223.2,95.391,104.967,141.427,94.552,112.62,137.997,144.324,128.214,128.651
1223.3,95.327,104.967,141.427,94.552,112.519,137.997,144.324,128.294,128.73
1223.4,95.327,104.911,141.427,94.552,112.468,137.963,144.354,128.254,128.691
1223.5,95.391,104.911,141.458,94.487,112.57,137.963,144.354,128.135,128.691
1223.6,95.391,104.911,141.363,94.552,112.468,137.929,144.354,128.135,128.651
1223.7,95.391,104.911,141.427,94.552,112.468,137.963,144.324,128.214,128.651
1223.8,95.262,104.911,141.395,94.552,112.468,137.997,144.294,128.254,128.73
1223.9,95.391,104.911,141.49,94.617,112.468,137.963,144.324,128.175,128.691
1224.0,95.391,104.854,141.395,94.552,112.417,137.963,144.294,128.175,128.651
1224.1,95.391,104.854,141.395,94.487,112.417,137.963,144.383,128.214,128.691
1224.2,95.455,104.798,141.363,94.552,112.417,138.064,144.413,128.175,128.691
1224.3,95.455,104.798,141.395,94.552,112.417,137.929,144.354,128.175,128.651
1224.4,95.391,104.798,141.395,94.487,112.366,137.963,144.324,128.175,128.691
1224.5,95.327,104.741,141.363,94.552,112.366,138.031,144.354,128.175,128.612
1224.6,95.391,104.741,141.427,94.617,112.366,137.929,144.324,128.135,128.651
1224.7,95.391,104.684,141.363,94.552,112.316,137.963,144.324,128.175,128.651
1224.8,95.327,104.741,141.363,94.422,112.265,137.963,144.324,128.214,128.612
1224.9,95.327,104.741,141.395,94.487,112.265,137.929,144.294,128.135,128.651
1225.0,95.327,104.684,141.395,94.552,112.265,137.929,144.354,128.175,128.651
1225.1,95.327,104.628,141.427,94.552,112.214,137.896,144.294,128.135,128.651
1225.2,95.198,104.571,141.363,94.552,112.214,137.929,144.203,128.175,128.612
1225.3,95.262,104.628,141.363,94.487,112.163,137.929,144.354,128.135,128.612
1225.4,95.327,104.571,141.331,94.422,112.163,137.929,144.324,128.135,128.651
1225.5,95.327,104.514,141.363,94.487,112.163,137.929,144.294,128.135,128.572
1225.6,95.198,104.514,141.395,94.487,112.061,137.929,144.294,128.175,128.612
1225.7,95.262,104.571,141.427,94.617,112.163,137.963,144.324,128.175,128.612
1225.8,95.262,104.514,141.395,94.357,112.112,137.963,144.324,128.214,128.651
1225.9,95.327,104.457,141.363,94.487,112.009,137.896,144.294,128.095,128.612
1226.0,95.327,104.457,141.363,94.487,112.061,137.896,144.354,128.175,128.651
1226.1,95.327,104.457,141.363,94.617,112.112,137.929,144.294,128.334,128.612
1226.2,95.327,104.4,141.49,94.422,112.009,137.929,144.294,128.135,128.612
1226.3,95.262,104.457,141.331,94.487,112.061,137.896,144.324,128.135,128.572
1226.4,95.262,104.4,141.395,94.487,112.009,137.896,144.294,128.135,128.572
1226.5,95.262,104.4,141.363,94.487,111.958,137.896,144.263,128.135,128.691
1226.6,95.198,104.457,141.331,94.552,111.958,137.929,144.324,128.095,128.572
1226.7,95.327,104.343,141.331,94.487,111.958,137.896,144.294,128.095,128.651
1226.8,95.262,104.343,141.395,94.487,111.958,137.963,144.294,128.135,128.612
1226.9,95.262,104.286,141.331,94.487,111.907,137.963,144.294,128.135,128.691
1227.0,95.262,104.286,141.363,94.422,111.958,137.896,144.294,128.135,128.691
1227.1,95.327,104.286,141.331,94.422,111.856,137.896,144.294,128.135,128.612
1227.2,95.262,104.172,141.331,94.422,111.907,137.896,144.324,128.095,128.691
1227.3,95.455,104.229,141.331,94.422,111.907,137.963,144.263,128.055,128.651
1227.4,95.198,104.172,141.363,94.422,111.805,137.896,144.563,128.095,128.572
1227.5,95.262,104.115,141.331,94.422,111.856,137.896,144.263,128.135,128.612
1227.6,95.262,104.229,141.331,94.487,111.856,137.896,144.413,128.095,128.612
1227.7,95.327,104.172,141.3,94.422,111.805,137.896,144.294,128.135,128.612
1227.8,95.198,104.172,141.331,94.487,111.805,137.896,144.294,128.095,128.572
1227.9,95.198,104.115,141.331,94.487,111.702,137.963,144.294,128.095,128.612
1228.0,95.198,104.058,141.331,94.487,111.753,137.929,144.294,128.095,128.532
1228.1,95.262,104.115,141.3,94.552,111.702,137.862,144.203,128.055,128.612
1228.2,95.198,104.058,141.363,94.422,111.65,137.862,144.263,128.055,128.572
1228.3,95.198,104.0,141.236,94.487,111.702,137.963,144.294,128.015,128.572
1228.4,95.198,104.0,141.268,94.357,111.599,137.896,144.324,128.015,128.612
1228.5,95.198,103.943,141.331,94.422,111.599,137.862,144.354,128.055,128.572
1228.6,95.134,103.943,141.3,94.422,111.548,137.828,144.324,127.975,128.572
1228.7,95.198,103.943,141.3,94.487,111.599,137.862,144.294,128.055,128.532
1228.8,95.134,103.943,141.363,94.422,111.548,137.828,144.294,128.055,128.572
1228.9,95.262,103.886,141.3,94.487,111.548,137.828,144.294,128.055,128.572
1229.0,95.262,103.886,141.331,94.422,111.599,137.828,144.294,128.055,128.532
1229.1,95.198,103.829,141.3,94.552,111.548,137.828,144.294,128.055,128.572
1229.2,95.198,103.829,141.3,94.422,111.496,137.828,144.263,128.055,128.572
1229.3,95.198,103.886,141.3,94.487,111.496,137.862,144.354,128.055,128.532
1229.4,95.198,103.829,141.3,94.422,111.496,137.828,144.263,128.095,128.532
1229.5,95.134,103.886,141.3,94.357,111.496,137.862,144.294,128.015,128.532
1229.6,95.134,103.771,141.3,94.422,111.444,137.828,144.263,128.055,128.572
1229.7,95.134,103.886,141.3,94.422,111.393,137.862,144.294,128.095,128.612
1229.8,95.134,103.714,141.268,94.357,111.444,137.828,144.294,128.055,128.532
1229.9,95.198,103.771,141.268,94.422,111.393,137.828,144.294,128.095,128.532
1230.0,95.134,103.714,141.3,94.422,111.341,137.828,144.233,128.055,128.493
1230.1,95.134,103.599,141.268,94.422,111.341,137.896,144.263,128.055,128.572
1230.2,95.134,103.714,141.3,94.422,111.341,137.828,144.263,128.055,128.532
1230.3,95.134,103.656,141.268,94.422,111.444,137.828,144.263,128.055,128.532
1230.4,95.134,103.656,141.3,94.422,111.341,137.862,144.263,128.055,128.532
1230.5,95.134,103.599,141.3,94.357,111.238,137.828,144.233,128.055,128.612
1230.6,95.198,103.599,141.331,94.422,111.238,137.828,144.294,128.015,128.572
1230.7,95.134,103.599,141.331,94.422,111.238,137.828,144.233,128.015,128.532
1230.8,95.134,103.541,141.236,94.292,111.186,137.828,144.294,127.975,128.532
1230.9,95.005,103.541,141.236,94.422,111.134,137.794,144.294,128.015,128.532
1231.0,95.134,103.541,141.268,94.422,111.186,137.794,144.294,127.975,128.572
1231.1,95.198,103.483,141.331,94.292,111.134,137.761,144.233,128.015,128.493
1231.2,95.069,103.483,141.236,94.357,111.031,137.761,144.294,127.975,128.532
1231.3,95.134,103.541,141.236,94.422,111.134,137.828,144.233,127.975,128.493
1231.4,95.134,103.426,141.173,94.292,111.134,137.828,144.263,128.015,128.493
1231.5,95.134,103.426,141.268,94.422,111.134,137.794,144.324,127.975,128.493
1231.6,95.134,103.368,141.236,94.357,111.083,137.794,144.263,128.015,128.532
1231.7,95.134,103.368,141.204,94.357,111.031,137.761,144.233,127.975,128.532
1231.8,95.134,103.368,141.236,94.357,111.083,137.761,144.263,128.015,128.493
1231.9,95.134,103.368,141.3,94.357,111.031,137.761,144.263,128.055,128.532
1232.0,95.069,103.368,141.236,94.357,111.031,137.794,144.233,127.975,128.453
1232.1,95.198,103.31,141.268,94.357,111.031,137.761,144.263,128.015,128.493
1232.2,95.134,103.31,141.236,94.292,110.979,137.761,144.263,128.015,128.532
1232.3,95.069,103.252,141.236,94.422,110.875,137.761,144.263,127.975,128.532
1232.4,95.005,103.252,141.141,94.292,110.875,137.761,144.233,127.975,128.453
1232.5,94.94,103.252,141.204,94.422,110.979,137.761,144.263,128.015,128.493
1232.6,95.069,103.252,141.236,94.357,110.875,137.727,144.263,127.975,128.493
1232.7,95.069,103.252,141.236,94.357,110.875,137.794,144.233,128.015,128.493
1232.8,95.134,103.195,141.236,94.357,110.875,137.761,144.233,127.975,128.532
1232.9,95.069,103.137,141.236,94.422,110.875,137.794,144.263,127.975,128.493
1233.0,95.069,103.195,141.236,94.357,110.823,137.794,144.233,128.015,128.572
1233.1,95.069,103.021,141.204,94.357,110.823,137.761,144.294,127.975,128.453
1233.2,95.069,103.137,141.236,94.292,110.875,137.693,144.294,127.975,128.493
1233.3,95.005,103.079,141.236,94.292,110.719,137.727,144.263,128.015,128.493
1233.4,95.005,103.079,141.204,94.357,110.771,137.761,144.263,127.975,128.453
1233.5,95.069,103.137,141.236,94.292,110.719,137.727,144.233,127.855,128.453
1233.6,95.005,103.079,141.236,94.292,110.719,137.727,144.294,128.015,128.493
1233.7,95.069,103.137,141.204,94.292,110.719,137.761,144.263,127.975,128.493
1233.8,95.069,103.021,141.204,94.292,110.667,137.727,144.294,127.975,128.493
1233.9,95.005,102.963,141.236,94.292,110.667,137.693,144.233,127.975,128.493
1234.0,95.005,103.021,141.204,94.292,110.667,137.693,144.263,127.975,128.453
1234.1,95.005,103.021,141.173,94.292,110.667,137.761,144.263,127.975,128.532
1234.2,95.069,102.963,141.236,94.292,110.667,137.794,144.233,127.975,128.532
1234.3,95.005,102.963,141.236,94.292,110.615,137.761,144.263,127.935,128.493
1234.4,95.005,102.963,141.236,94.292,110.615,137.727,144.173,127.935,128.453
1234.5,95.005,102.904,141.204,94.292,110.667,137.693,144.324,127.935,128.493
1234.6,95.005,102.904,141.236,94.292,110.615,137.727,144.233,127.935,128.493
1234.7,95.005,102.904,141.204,94.357,110.615,137.727,144.263,127.975,128.532
1234.8,95.005,102.846,141.204,94.226,110.562,137.727,144.263,127.935,128.453
1234.9,95.069,102.788,141.204,94.226,110.562,137.693,144.203,127.975,128.453
1235.0,94.94,102.846,141.173,94.226,110.51,137.693,144.294,128.015,128.413
1235.1,95.005,102.788,141.173,94.292,110.458,137.693,144.203,127.935,128.453
1235.2,95.005,102.788,141.204,94.292,110.51,137.693,144.233,127.935,128.453
1235.3,95.005,102.788,141.141,94.226,110.51,137.557,144.263,127.935,128.453
1235.4,94.94,102.846,141.173,94.292,110.458,137.693,144.263,127.935,128.453
1235.5,95.005,102.788,141.141,94.292,110.458,137.659,144.263,127.935,128.453
1235.6,95.005,102.73,141.204,94.357,110.405,137.693,144.233,127.975,128.413
1235.7,95.005,102.73,141.141,94.292,110.301,137.693,144.233,127.935,128.453
1235.8,94.94,102.73,141.141,94.226,110.405,137.693,144.294,127.935,128.453
1235.9,95.005,102.672,141.173,94.226,110.301,137.659,144.233,127.935,128.413
1236.0,94.94,102.672,141.141,94.226,110.405,137.693,144.263,127.895,128.413
1236.1,94.94,102.672,141.173,94.292,110.458,137.693,144.263,127.935,128.413
1236.2,94.94,102.672,141.173,94.226,110.353,137.693,144.203,127.895,128.453
1236.3,94.94,102.672,141.173,94.292,110.353,137.693,144.233,127.935,128.453
1236.4,95.005,102.613,141.204,94.226,110.353,137.659,144.203,127.935,128.413
1236.5,94.94,102.613,141.141,94.292,110.301,137.659,144.233,127.895,128.413
1236.6,94.94,102.555,141.173,94.292,110.301,137.693,144.233,127.975,128.453
1236.7,95.005,102.555,141.173,94.226,110.353,137.659,144.143,127.855,128.413
1236.8,95.005,102.613,141.173,94.226,110.248,137.625,144.203,127.895,128.413
1236.9,95.069,102.497,141.204,94.226,110.248,137.659,144.233,127.855,128.413
1237.0,94.94,102.555,141.141,94.226,110.196,137.693,144.203,127.975,128.413
1237.1,95.005,102.497,141.141,94.096,110.196,137.693,144.203,127.935,128.413
1237.2,95.005,102.555,141.141,94.226,110.196,137.659,144.203,127.935,128.453
1237.3,94.94,102.438,141.141,94.292,110.143,137.693,144.263,127.975,128.413
1237.4,94.876,102.555,141.141,94.226,110.143,137.659,144.233,127.855,128.413
1237.5,94.94,102.497,141.109,94.226,110.248,137.625,144.173,127.895,128.413
1237.6,95.005,102.438,141.173,94.226,110.091,137.625,144.233,127.935,128.374
1237.7,94.746,102.438,141.173,94.292,110.091,137.625,144.263,127.895,128.493
1237.8,94.94,102.438,141.109,94.226,110.143,137.693,144.203,127.935,128.413
1237.9,94.94,102.38,141.141,94.226,110.091,137.591,144.203,127.895,128.413
1238.0,94.94,102.38,141.141,94.292,110.091,137.625,144.263,127.895,128.413
1238.1,94.94,102.38,141.109,94.161,110.038,137.625,144.233,127.895,128.413
1238.2,94.876,102.38,141.109,94.292,110.038,137.693,144.203,127.855,128.413
1238.3,94.94,102.262,141.173,94.292,110.143,137.693,144.233,127.895,128.493
1238.4,94.811,102.204,141.109,94.226,110.091,137.625,144.263,127.895,128.413
1238.5,94.94,102.262,141.173,94.161,109.933,137.625,144.203,127.895,128.413
1238.6,94.94,102.262,141.109,94.226,110.038,137.659,144.203,127.935,128.374
1238.7,94.876,102.262,141.141,94.161,110.038,137.625,144.203,127.855,128.413
1238.8,94.876,102.321,141.141,94.226,109.985,137.625,144.203,127.935,128.374
1238.9,94.876,102.262,141.141,94.161,109.933,137.659,144.203,127.895,128.413
1239.0,94.94,102.262,141.045,94.226,109.933,137.625,144.263,127.895,128.413
1239.1,94.876,102.145,141.141,94.226,109.933,137.625,144.173,127.855,128.453
1239.2,94.94,102.204,141.109,94.161,109.933,137.625,144.143,127.935,128.493
1239.3,94.811,102.145,141.141,94.161,109.827,137.659,144.203,127.855,128.374
1239.4,94.876,102.145,141.109,94.161,109.88,137.727,144.263,127.855,128.413
1239.5,94.94,102.204,141.109,94.226,109.827,137.659,144.233,127.895,128.374
1239.6,94.876,102.086,141.173,94.161,109.827,137.693,144.203,127.855,128.374
1239.7,94.876,102.086,141.109,94.292,109.775,137.625,144.203,127.855,128.374
1239.8,94.876,102.028,141.109,94.161,109.827,137.591,144.173,127.855,128.374
1239.9,94.811,102.086,141.077,94.161,109.775,137.557,144.203,127.935,128.413
1240.0,94.876,102.028,141.077,94.161,109.775,137.625,144.203,127.855,128.374
1240.1,94.94,102.028,141.141,94.226,109.775,137.693,144.233,127.855,128.374
1240.2,95.005,101.969,141.109,94.161,109.722,137.591,144.203,127.815,128.413
1240.3,94.811,101.969,141.109,94.096,109.722,137.591,144.203,127.855,128.374
1240.4,94.876,101.969,141.141,94.161,109.722,137.591,144.263,127.815,128.334
1240.5,94.876,101.91,141.109,94.161,109.722,137.625,144.173,127.935,128.374
1240.6,94.94,102.028,141.173,94.161,109.669,137.591,144.203,127.775,128.374
1240.7,94.811,101.969,141.109,94.161,109.669,137.625,144.173,127.855,128.374
1240.8,94.876,101.969,141.109,94.096,109.669,137.591,144.173,127.935,128.294
1240.9,94.876,101.91,141.077,94.161,109.669,137.557,144.173,127.855,128.374
1241.0,94.876,101.969,141.141,94.161,109.616,137.591,144.203,127.815,128.374
1241.1,94.811,101.91,141.077,94.161,109.669,137.557,144.233,127.815,128.334
1241.2,94.811,101.851,141.077,94.161,109.616,137.591,144.203,127.815,128.413
1241.3,94.94,101.91,141.077,94.096,109.616,137.625,144.173,127.855,128.374
1241.4,94.876,101.851,141.109,94.226,109.616,137.591,144.203,127.815,128.374
1241.5,94.876,101.792,141.141,94.226,109.616,137.591,144.203,127.855,128.374
1241.6,94.811,101.792,141.077,94.161,109.616,137.557,144.173,127.815,128.374
1241.7,94.94,101.733,141.077,94.226,109.563,137.557,144.203,127.815,128.374
1241.8,94.811,101.733,141.077,94.096,109.616,137.557,144.203,127.855,128.413
1241.9,94.811,101.792,141.077,94.096,109.457,137.557,144.173,127.895,128.374
1242.0,94.876,101.733,141.045,94.161,109.563,137.523,144.203,127.855,128.334
1242.1,94.811,101.792,141.109,94.161,109.404,137.591,144.203,127.895,128.374
1242.2,94.811,101.674,141.109,94.096,109.404,137.557,144.203,127.815,128.334
1242.3,94.811,101.674,141.045,94.096,109.457,137.557,144.173,127.815,128.334
1242.4,94.876,101.674,141.045,94.161,109.457,137.523,144.203,127.775,128.334
1242.5,94.746,101.674,141.109,94.161,109.351,137.489,144.173,127.775,128.334
1242.6,94.876,101.674,141.045,93.965,109.51,137.557,144.173,127.775,128.374
1242.7,94.811,101.615,141.045,94.096,109.404,137.557,144.173,127.815,128.334
1242.8,94.876,101.674,141.077,94.096,109.404,137.557,144.203,127.895,128.294
1242.9,94.811,101.615,141.045,94.096,109.404,137.523,144.203,127.815,128.334
1243.0,94.746,101.556,141.013,94.031,109.351,137.557,144.203,127.935,128.334
1243.1,94.811,101.615,141.077,94.096,109.351,137.523,144.173,127.775,128.374
1243.2,94.94,101.733,141.045,94.226,109.298,137.523,144.143,127.775,128.334
1243.3,94.811,101.615,141.109,94.226,109.298,137.523,144.173,127.895,128.374
1243.4,94.746,101.615,141.045,94.161,109.298,137.557,144.173,127.815,128.334
1243.5,94.811,101.496,141.045,94.161,109.298,137.523,144.233,127.694,128.334
1243.6,94.811,101.437,141.141,94.096,109.244,137.591,144.143,127.815,128.294
1243.7,94.357,101.496,141.045,94.096,109.191,137.523,144.203,127.775,128.334
1243.8,94.811,101.437,141.045,94.031,109.244,137.523,144.203,127.815,128.334
1243.9,94.746,101.437,141.045,94.161,109.298,137.557,144.143,127.775,128.334
1244.0,94.811,101.378,141.141,94.096,109.191,137.523,144.143,127.815,128.334
1244.1,94.552,101.437,141.013,94.031,109.138,137.489,144.203,127.815,128.374
1244.2,94.811,101.259,141.045,94.031,109.085,137.489,144.203,127.815,128.334
1244.3,94.746,101.437,141.045,94.096,109.085,137.489,144.113,127.815,128.294
1244.4,94.746,101.318,140.981,94.031,109.085,137.557,144.173,127.775,128.254
1244.5,94.746,101.318,141.077,94.096,109.085,137.557,144.173,127.815,128.334
1244.6,94.811,101.259,141.013,94.096,109.031,137.557,144.173,127.734,128.294
1244.7,94.681,101.318,141.013,94.096,109.031,137.455,144.143,127.775,128.294
1244.8,94.811,101.259,141.045,94.161,109.085,137.489,144.173,127.775,128.294
1244.9,94.811,101.318,141.045,94.096,109.031,137.489,144.173,127.775,128.453
1245.0,94.681,101.259,141.013,94.096,108.978,137.489,144.143,127.734,128.294
1245.1,94.811,101.08,141.013,94.031,108.978,137.489,144.203,127.734,128.294
1245.2,94.746,101.2,140.981,94.161,109.031,137.489,144.173,127.734,128.294
1245.3,94.811,101.14,141.013,94.031,108.978,137.489,144.173,127.815,128.294
1245.4,94.681,101.2,141.013,94.096,108.924,137.489,144.143,127.855,128.294
1245.5,94.746,101.14,141.013,94.096,109.031,137.523,144.173,127.815,128.294
1245.6,94.746,101.14,140.981,94.031,108.924,137.523,144.203,127.775,128.334
1245.7,94.746,101.2,141.045,94.031,108.924,137.489,144.173,127.775,128.254
1245.8,94.746,101.14,140.95,94.096,108.978,137.489,144.143,127.815,128.294
1245.9,94.746,101.2,140.981,94.031,108.871,137.421,144.173,127.775,128.294
1246.0,94.681,101.08,141.045,94.031,108.978,137.455,144.173,127.734,128.294
1246.1,94.746,101.14,141.013,94.031,108.871,137.523,144.143,127.775,128.254
1246.2,94.746,101.08,140.981,94.096,109.031,137.489,144.113,127.775,128.294
1246.3,94.681,101.08,141.013,94.096,108.924,137.455,144.173,127.775,128.254
1246.4,94.681,101.08,141.013,94.096,108.817,137.455,144.203,127.775,128.254
1246.5,94.617,101.08,141.045,94.031,108.924,137.353,144.143,127.775,128.334
1246.6,94.746,101.08,141.045,93.965,108.764,137.455,144.143,127.734,128.294
1246.7,94.681,101.021,141.045,94.161,108.764,137.455,144.203,127.775,128.374
1246.8,94.681,101.08,141.013,94.096,108.817,137.455,144.143,127.734,128.254
1246.9,94.876,101.021,140.981,94.031,108.71,137.523,144.143,127.775,128.294
1247.0,94.746,100.961,140.981,94.161,108.817,137.455,144.173,127.775,128.254
1247.1,94.746,100.961,140.981,94.096,108.871,137.489,144.203,127.775,128.254
1247.2,94.746,100.961,140.981,94.096,108.764,137.489,144.083,127.734,128.254
1247.3,94.681,100.961,140.981,94.031,108.764,137.455,144.143,127.855,128.294
1247.4,94.681,100.842,140.981,93.965,108.764,137.421,144.173,127.775,128.254
1247.5,94.681,100.902,140.981,94.031,108.657,137.421,144.113,127.775,128.254
1247.6,94.681,100.842,140.981,94.031,108.764,137.455,144.143,127.694,128.254
1247.7,94.681,100.961,141.013,94.031,108.657,137.455,144.143,127.694,128.294
1247.8,94.617,100.782,140.981,94.096,108.657,137.387,144.173,127.734,128.294
1247.9,94.681,100.722,141.013,93.965,108.657,137.523,144.143,127.734,128.254
1248.0,94.681,100.782,140.981,93.965,108.603,137.489,144.173,127.734,128.254
1248.1,94.681,100.782,140.981,94.096,108.603,137.455,144.143,127.734,128.214
1248.2,94.746,100.842,140.981,93.965,108.603,137.455,144.203,127.734,128.254
1248.3,94.617,100.842,141.045,93.965,108.603,137.421,144.143,127.775,128.214
1248.4,94.746,100.782,140.95,94.031,108.603,137.455,144.143,127.734,128.214
1248.5,94.617,100.782,140.981,94.031,108.442,137.421,144.143,127.775,128.254
1248.6,94.552,100.722,140.981,93.9,108.549,137.421,144.143,127.694,128.254
1248.7,94.617,100.722,140.918,94.031,108.549,137.421,144.143,127.734,128.294
1248.8,94.617,100.722,140.981,93.965,108.549,137.421,144.143,127.694,128.254
1248.9,94.617,100.722,140.918,94.031,108.495,137.353,144.173,127.734,128.254
1249.0,94.746,100.662,140.981,94.031,108.442,137.387,144.143,127.734,128.254
1249.1,94.681,100.602,141.013,94.031,108.495,137.421,144.203,127.775,128.254
1249.2,94.681,100.542,140.981,93.965,108.442,137.421,144.173,127.734,128.254
1249.3,94.617,100.602,140.95,93.965,108.334,137.421,144.143,127.775,128.254
1249.4,94.681,100.602,140.95,94.096,108.388,137.421,144.143,127.694,128.214
1249.5,94.552,100.602,140.981,94.031,108.388,137.455,144.173,127.654,128.294
1249.6,94.617,100.542,140.95,93.965,108.442,137.455,144.143,127.734,128.254
1249.7,94.746,100.542,140.95,94.031,108.334,137.455,144.143,127.734,128.254
1249.8,94.617,100.542,140.981,93.9,108.334,137.421,144.143,127.694,128.214
1249.9,94.617,100.602,140.981,94.031,108.334,137.421,144.143,127.694,128.214
1250.0,94.681,100.542,140.918,93.965,108.442,137.421,144.143,127.694,128.254
1250.1,94.617,100.482,140.95,93.965,108.334,137.387,144.173,127.734,128.254
1250.2,94.617,100.542,140.95,93.965,108.28,137.455,144.143,127.775,128.254
1250.3,94.746,100.482,140.95,94.031,108.334,137.421,144.113,127.694,128.214
1250.4,94.681,100.422,140.95,94.031,108.334,137.387,144.143,127.654,128.254
1250.5,94.681,100.422,140.95,93.965,108.28,137.421,144.173,127.654,128.214
1250.6,94.552,100.422,140.918,94.031,108.226,137.387,144.143,127.734,128.175
1250.7,94.552,100.362,140.918,93.965,108.226,137.387,144.143,127.694,128.214
1250.8,94.552,100.422,140.95,93.965,108.172,137.353,144.173,127.694,128.175
1250.9,94.617,100.422,141.013,93.965,108.226,137.489,144.113,127.694,128.214
1251.0,94.617,100.362,140.918,93.965,108.118,137.387,144.113,127.734,128.214
1251.1,94.617,100.362,140.981,93.9,108.172,137.387,144.023,127.734,128.214
1251.2,94.617,100.362,140.95,93.965,108.118,137.387,144.143,127.694,128.214
1251.3,94.552,100.422,140.886,93.965,108.172,137.421,144.113,127.694,128.214
1251.4,94.617,100.302,140.886,94.096,108.172,137.387,144.083,127.654,128.214
1251.5,94.681,100.302,140.981,93.965,108.118,137.285,144.143,127.734,128.294
1251.6,94.681,100.302,140.95,93.965,108.118,137.387,144.113,127.694,128.214
1251.7,94.617,100.302,140.918,93.965,108.172,137.421,144.143,127.694,128.254
1251.8,94.617,100.302,140.918,93.965,108.118,137.353,144.203,127.694,128.214
1251.9,94.617,100.182,140.95,94.031,108.064,137.455,144.113,127.654,128.294
1252.0,94.552,100.302,140.918,94.031,108.064,137.387,144.173,127.694,128.254
1252.1,94.552,100.362,140.918,93.965,108.064,137.387,144.113,127.694,128.175
1252.2,94.617,100.242,140.918,93.965,107.955,137.353,144.143,127.694,128.214
1252.3,94.617,100.242,140.886,93.965,108.01,137.421,144.143,127.694,128.254
1252.4,94.617,100.182,140.918,94.031,108.01,137.353,144.113,127.654,128.254
1252.5,94.552,100.121,140.981,93.965,107.955,137.353,144.113,127.694,128.175
1252.6,94.617,100.121,140.854,93.9,107.955,137.387,144.083,127.694,128.254
1252.7,94.617,100.182,140.886,94.031,107.955,137.387,144.113,127.654,128.214
1252.8,94.552,100.061,140.918,93.965,107.901,137.319,144.173,127.654,128.175
1252.9,94.617,100.121,140.918,93.965,107.901,137.353,144.143,127.654,128.214
1253.0,94.552,100.061,140.886,93.965,107.901,137.353,144.113,127.654,128.175
1253.1,94.552,100.0,140.886,94.096,107.901,137.353,144.083,127.654,128.175
1253.2,94.552,100.061,140.918,93.965,107.901,137.319,144.143,127.694,128.175
1253.3,94.617,100.0,140.918,93.965,107.847,137.353,144.143,127.614,128.214
1253.4,94.552,100.061,140.918,93.965,107.738,137.353,144.143,127.654,128.254
1253.5,94.617,99.94,140.918,93.9,107.847,137.319,144.113,127.654,128.135
1253.6,94.617,99.94,140.854,94.031,107.738,137.319,144.113,127.654,128.135
1253.7,94.552,99.94,140.886,93.965,107.847,137.319,144.113,127.654,128.214
1253.8,94.552,99.94,140.918,93.9,107.738,137.319,144.143,127.654,128.135
1253.9,94.617,99.88,140.854,94.031,107.738,137.421,144.083,127.654,128.175
1254.0,94.552,99.88,140.886,93.965,107.793,137.319,144.083,127.654,128.254
1254.1,94.552,99.88,140.886,93.9,107.738,137.285,144.143,127.694,128.214
1254.2,94.487,99.94,140.918,93.9,107.684,137.319,144.113,127.654,128.175
1254.3,94.552,99.88,140.886,93.965,107.575,137.319,144.113,127.614,128.175
1254.4,94.552,99.88,140.854,93.9,107.684,137.387,144.113,127.694,128.214
1254.5,94.617,99.819,140.886,93.9,107.684,137.319,144.083,127.614,128.175
1254.6,94.487,99.88,140.886,93.965,107.684,137.353,144.083,127.654,128.214
1254.7,94.487,99.88,140.918,93.9,107.63,137.319,144.173,127.614,128.135
1254.8,94.487,99.819,140.854,93.965,107.575,137.319,144.083,127.574,128.214
1254.9,94.552,99.819,140.886,93.965,107.63,137.319,144.083,127.654,128.135
1255.0,94.552,99.819,140.886,93.834,107.63,137.285,144.143,127.694,128.135
1255.1,94.552,99.698,140.854,93.9,107.575,137.285,144.113,127.654,128.175
1255.2,94.552,99.819,140.886,93.9,107.575,137.319,144.083,127.614,128.175
1255.3,94.487,99.758,140.854,93.9,107.63,137.319,144.083,127.654,128.135
1255.4,94.552,99.698,140.886,93.9,107.575,137.319,144.113,127.574,128.095
1255.5,94.617,99.758,140.854,93.965,107.63,137.251,144.083,127.654,128.214
1255.6,94.487,99.698,140.886,93.9,107.521,137.285,144.143,127.654,128.254
1255.7,94.487,99.698,140.854,93.9,107.521,137.319,144.053,127.614,128.135
1255.8,94.552,99.819,140.886,93.9,107.575,137.319,144.113,127.654,128.214
1255.9,94.487,99.698,140.854,93.965,107.63,137.285,144.083,127.614,128.135
1256.0,94.487,99.698,140.854,93.9,107.466,137.319,144.143,127.654,128.135
1256.1,94.552,99.637,140.822,93.9,107.466,137.353,144.083,127.614,128.135
1256.2,94.487,99.637,140.822,93.9,107.466,137.285,144.083,127.614,128.095
1256.3,94.487,99.637,140.822,94.031,107.411,137.285,144.113,127.654,128.135
1256.4,94.552,99.576,140.822,93.9,107.357,137.319,144.083,127.614,128.095
1256.5,94.487,99.515,140.854,93.965,107.411,137.285,144.113,127.654,128.135
1256.6,94.552,99.515,140.854,93.9,107.411,137.285,144.143,127.694,128.175
1256.7,94.422,99.515,140.822,93.9,107.411,137.285,144.083,127.654,128.135
1256.8,94.487,99.515,140.854,93.9,107.357,137.285,144.083,127.654,128.135
1256.9,94.487,99.515,140.854,93.834,107.302,137.285,144.173,127.574,128.135
1257.0,94.487,99.515,140.886,93.9,107.357,137.251,144.083,127.694,128.095
1257.1,94.357,99.455,140.854,93.9,107.247,137.251,144.083,127.614,128.135
1257.2,94.552,99.515,140.854,93.965,107.302,137.285,144.113,127.614,128.095
1257.3,94.552,99.455,140.822,93.834,107.302,137.285,144.143,127.654,128.135
1257.4,94.422,99.455,140.854,93.9,107.411,137.285,144.083,127.654,128.095
1257.5,94.487,99.394,140.822,93.965,107.193,137.251,144.083,127.654,128.135
1257.6,94.552,99.394,140.886,93.9,107.302,137.251,144.113,127.574,128.135
1257.7,94.487,99.394,140.886,93.965,107.357,137.251,144.083,127.614,128.135
1257.8,94.357,99.333,140.886,93.9,107.193,137.251,144.083,127.574,128.095
1257.9,94.422,99.333,140.822,93.834,107.247,137.285,144.143,127.654,128.175
1258.0,94.487,99.455,140.822,93.834,107.193,137.216,144.113,127.614,128.135
1258.1,94.487,99.272,140.854,93.9,107.193,137.251,144.113,127.574,128.135
1258.2,94.487,99.333,140.822,93.9,107.193,137.285,144.113,127.614,128.095
1258.3,94.487,99.211,140.95,93.9,107.193,137.285,144.083,127.614,128.095
1258.4,94.422,99.333,140.822,93.9,107.193,137.216,144.083,127.533,128.135
1258.5,94.422,99.272,140.854,93.834,107.083,137.251,144.083,127.614,128.135
1258.6,94.422,99.333,140.822,93.9,107.138,137.216,144.083,127.574,128.135
1258.7,94.487,99.211,140.822,93.9,107.138,137.251,144.143,127.574,128.135
1258.8,94.422,99.394,140.854,93.834,107.138,137.251,144.083,127.574,128.175
1258.9,94.487,99.211,140.79,93.834,107.028,137.216,144.083,127.574,128.095
1259.0,94.422,99.211,140.854,93.834,107.193,137.251,144.053,127.574,128.135
1259.1,94.487,99.211,140.79,93.834,106.973,137.216,144.083,127.614,128.135
1259.2,94.487,99.15,140.758,93.9,107.083,137.319,144.083,127.574,128.175
1259.3,94.422,99.15,140.79,93.834,107.028,137.216,144.053,127.533,128.095
1259.4,94.422,99.15,140.79,93.834,106.918,137.319,144.083,127.614,128.175
1259.5,94.422,99.15,140.79,93.9,106.918,137.216,144.083,127.734,128.055
1259.6,94.422,99.088,140.79,93.965,106.918,137.251,144.083,127.574,128.095
1259.7,94.487,98.966,140.79,93.834,106.973,137.251,144.143,127.533,128.095
1259.8,94.617,99.088,140.79,93.834,106.973,137.251,144.053,127.533,128.095
1259.9,94.487,99.027,140.822,93.834,106.918,137.285,144.113,127.574,128.095
1260.0,94.487,99.088,140.822,93.834,106.918,137.216,144.083,127.574,128.095
1260.1,94.422,99.027,140.79,93.9,106.863,137.216,144.083,127.533,128.214
1260.2,94.422,99.027,140.79,93.9,106.918,137.216,144.023,127.574,128.135
1260.3,94.422,98.905,140.758,93.9,106.863,137.216,144.083,127.533,128.175
1260.4,94.487,98.966,140.886,93.834,106.808,137.216,144.053,127.574,128.135
1260.5,94.422,98.966,140.758,93.834,106.808,137.216,144.053,127.574,128.095
1260.6,94.292,98.905,140.822,93.9,106.808,137.216,144.053,127.574,128.055
1260.7,94.422,98.966,140.854,93.9,106.863,137.216,144.023,127.574,128.055
1260.8,94.422,98.905,140.822,93.9,106.863,137.216,144.053,127.533,128.015
1260.9,94.422,98.966,140.758,93.834,106.808,137.216,144.113,127.533,128.055
1261.0,94.487,98.966,140.822,93.834,106.753,137.216,144.083,127.574,128.055
1261.1,94.422,98.905,140.758,93.834,106.753,137.216,144.083,127.533,128.055
1261.2,94.357,98.905,140.725,93.9,106.698,137.216,144.053,127.453,128.055
1261.3,94.422,98.905,140.79,93.834,106.808,137.182,144.143,127.533,128.055
1261.4,94.357,98.905,140.79,93.9,106.698,137.216,144.053,127.574,128.055
1261.5,94.422,98.905,140.822,93.769,106.698,137.216,144.083,127.574,128.095
1261.6,94.422,98.843,140.725,93.769,106.698,137.216,144.083,127.574,128.095
1261.7,94.357,98.782,140.79,93.9,106.698,137.216,144.083,127.533,128.095
1261.8,94.422,98.782,140.79,93.834,106.753,137.148,144.053,127.574,128.055
1261.9,94.422,98.782,140.79,93.834,106.698,137.216,144.053,127.533,128.095
1262.0,94.357,98.843,140.758,93.834,106.643,137.182,144.143,127.493,128.055
1262.1,94.422,98.843,140.758,93.834,106.643,137.251,144.053,127.614,128.055
1262.2,94.357,98.782,140.725,93.9,106.698,137.182,144.083,127.453,128.055
1262.3,94.422,98.721,140.758,93.834,106.643,137.148,144.053,127.614,128.055
1262.4,94.422,98.721,140.79,93.9,106.588,137.216,144.083,127.574,128.135
1262.5,94.226,98.721,140.758,93.9,106.532,137.182,144.083,127.574,128.055
1262.6,94.357,98.721,140.758,93.834,106.588,137.148,144.053,127.493,128.095
1262.7,94.357,98.659,140.758,93.769,106.588,137.182,144.083,127.574,128.055
1262.8,94.422,98.721,140.758,93.834,106.532,137.148,144.083,127.614,128.055
1262.9,94.422,98.721,140.758,93.769,106.477,137.148,144.053,127.574,128.135
1263.0,94.357,98.659,140.758,93.9,106.477,137.182,144.113,127.574,128.095
1263.1,94.422,98.659,140.79,93.834,106.477,137.182,144.053,127.533,128.055
1263.2,94.357,98.721,140.725,93.769,106.477,137.182,144.053,127.574,128.015
1263.3,94.422,98.597,140.725,93.769,106.422,137.182,143.932,127.533,128.135
1263.4,94.292,98.597,140.79,93.769,106.477,137.182,144.053,127.533,128.095
1263.5,94.422,98.597,140.758,93.638,106.422,137.182,144.053,127.493,128.055
1263.6,94.357,98.536,140.79,93.834,106.422,137.148,144.083,127.574,128.015
1263.7,94.422,98.536,140.725,93.9,106.422,137.148,144.053,127.574,128.055
1263.8,94.422,98.474,140.725,93.834,106.366,137.114,144.053,127.533,128.055
1263.9,94.422,98.536,140.758,93.834,106.477,137.148,144.083,127.493,128.055
1264.0,94.357,98.474,140.725,93.834,106.366,137.148,143.932,127.493,128.015
1264.1,94.357,98.351,140.758,93.834,106.311,137.148,144.053,127.493,128.015
1264.2,94.422,98.474,140.758,93.9,106.311,137.182,144.083,127.493,128.015
1264.3,94.292,98.536,140.725,93.769,106.255,137.148,144.053,127.533,128.055
1264.4,94.226,98.351,140.725,93.769,106.255,137.182,144.023,127.574,128.055
1264.5,94.292,98.351,140.693,93.834,106.311,137.148,144.053,127.453,128.015
1264.6,94.357,98.351,140.725,93.834,106.255,137.148,144.053,127.493,128.015
1264.7,94.292,98.413,140.693,93.769,106.2,137.114,144.083,127.453,127.975
1264.8,94.292,98.289,140.725,93.703,106.2,137.114,144.113,127.493,128.015
1264.9,94.487,98.413,140.725,93.769,106.255,137.114,144.053,127.533,128.055
1265.0,94.292,98.289,140.725,93.769,106.2,137.148,144.053,127.493,128.055
1265.1,94.292,98.351,140.725,93.769,106.144,137.148,144.023,127.493,128.055
1265.2,94.357,98.289,140.725,93.769,106.2,137.148,144.053,127.493,127.975
1265.3,94.226,98.227,140.725,93.769,106.2,137.08,144.023,127.493,127.975
1265.4,94.292,98.227,140.758,93.703,106.144,137.114,144.053,127.493,128.055
1265.5,94.422,98.227,140.661,93.834,106.089,137.148,144.023,127.493,128.055
1265.6,94.357,98.165,140.693,93.703,106.144,137.148,144.023,127.493,128.055
1265.7,94.292,98.165,140.693,93.769,106.2,137.08,143.993,127.493,128.015
1265.8,94.292,98.289,140.725,93.703,106.089,137.148,144.053,127.533,128.015
1265.9,94.292,98.227,140.693,93.769,106.089,137.114,144.053,127.533,128.095
1266.0,94.292,98.165,140.693,93.769,106.033,137.114,144.023,127.412,128.015
1266.1,94.292,98.103,140.981,93.703,106.089,137.148,144.053,127.493,128.015
1266.2,94.292,98.103,140.693,93.769,106.033,137.08,144.053,127.453,128.055
1266.3,94.292,98.103,140.693,93.769,106.033,137.148,144.053,127.574,127.975
1266.4,94.357,98.041,140.661,93.769,106.089,137.08,144.053,127.493,128.015
1266.5,94.292,98.165,140.693,93.703,105.922,137.114,144.053,127.493,127.935
1266.6,94.292,98.103,140.725,93.703,105.977,137.148,144.053,127.493,127.975
1266.7,94.357,97.979,140.758,93.769,105.922,137.114,144.023,127.493,128.015
1266.8,94.292,98.041,140.693,93.769,105.922,137.114,144.053,127.493,128.015
1266.9,94.292,97.979,140.725,93.703,105.977,137.148,144.023,127.453,128.055
1267.0,94.357,97.979,140.693,93.703,105.922,137.114,144.023,127.493,127.975
1267.1,94.292,98.103,140.693,93.769,105.866,137.148,144.023,127.453,127.975
1267.2,94.357,97.979,140.693,93.834,105.977,137.08,144.023,127.453,127.975
1267.3,94.226,97.979,140.725,93.769,106.033,137.08,144.023,127.453,127.975
1267.4,94.292,98.041,140.693,93.769,105.81,137.114,143.962,127.453,127.975
1267.5,94.226,97.979,140.661,93.703,105.866,137.114,144.053,127.493,128.015
1267.6,94.292,98.041,140.661,93.769,105.922,137.08,143.993,127.453,127.975
1267.7,94.292,97.979,140.725,93.703,105.922,137.08,144.083,127.412,127.975
1267.8,94.226,97.917,140.661,93.703,105.81,137.045,144.023,127.493,128.015
1267.9,94.292,97.917,140.661,93.703,105.866,137.011,144.143,127.453,128.055
1268.0,94.292,97.855,140.693,93.703,105.81,137.114,144.053,127.453,127.975
1268.1,94.096,97.917,140.661,93.769,105.866,137.08,144.023,127.533,127.975
1268.2,94.226,97.917,140.693,93.769,105.754,137.114,144.053,127.412,127.975
1268.3,94.226,97.793,140.693,93.703,105.754,137.114,144.023,127.453,127.975
1268.4,94.292,97.731,140.693,93.703,105.698,137.148,144.053,127.412,127.975
1268.5,94.292,97.855,140.661,93.703,105.754,137.08,144.023,127.453,127.975
1268.6,94.226,97.855,140.661,93.703,105.754,137.045,144.023,127.453,127.975
1268.7,94.292,97.793,140.661,93.769,105.81,137.114,144.023,127.412,127.975
1268.8,94.292,97.793,140.693,93.769,105.698,137.045,144.023,127.412,127.975
1268.9,94.161,97.793,140.629,93.769,105.642,137.08,143.993,127.493,127.895
1269.0,94.226,97.105,140.629,93.703,105.698,137.08,143.993,127.453,127.975
1269.1,94.292,97.731,140.725,93.703,105.586,137.011,144.023,127.453,127.975
1269.2,94.226,97.793,140.725,93.703,105.642,137.045,144.023,127.493,127.975
1269.3,94.292,97.731,140.629,93.769,105.642,137.08,143.993,127.453,127.975
1269.4,94.096,97.668,140.597,93.703,105.586,137.045,144.023,127.412,127.975
1269.5,94.357,97.668,140.693,93.703,105.586,137.045,143.993,127.453,127.975
1269.6,94.161,97.606,140.661,93.572,105.53,137.011,144.023,127.453,128.015
1269.7,94.226,97.731,140.661,93.638,105.53,137.08,143.902,127.412,127.935
1269.8,94.226,97.668,140.629,93.703,105.586,137.08,144.023,127.453,128.055
1269.9,94.226,97.668,140.725,93.703,105.586,137.045,144.023,127.453,127.975
1270.0,94.226,97.606,140.661,93.703,105.53,137.182,144.053,127.453,127.975
1270.1,94.096,97.606,140.661,93.703,105.53,137.045,144.023,127.453,127.935
1270.2,94.226,97.606,140.629,93.506,105.474,137.08,144.023,127.412,127.975
1270.3,94.161,97.606,140.597,93.703,105.418,137.011,143.962,127.412,127.935
1270.4,94.226,97.543,140.629,93.703,105.362,137.148,144.023,127.493,127.975
1270.5,94.226,97.481,140.629,93.703,105.418,137.011,144.023,127.453,127.975
1270.6,94.226,97.606,140.693,93.638,105.418,137.08,143.993,127.453,127.935
1270.7,94.226,97.543,140.629,93.703,105.474,137.045,143.993,127.412,127.975
1270.8,94.226,97.481,140.661,93.703,105.474,137.011,143.993,127.412,128.055
1270.9,94.226,97.481,140.629,93.638,105.418,136.977,144.023,127.412,128.015
1271.0,94.226,97.543,140.661,93.703,105.418,137.011,144.023,127.493,127.935
1271.1,94.226,97.481,140.629,93.769,105.418,137.011,143.993,127.412,127.975
1271.2,94.226,97.481,140.629,93.638,105.362,137.011,144.023,127.412,127.935
1271.3,94.161,97.481,140.629,93.703,105.362,137.045,144.053,127.453,127.975
1271.4,94.226,97.419,140.629,93.638,105.474,137.011,144.023,127.493,127.975
1271.5,94.226,97.419,140.661,93.834,105.362,137.08,143.993,127.453,128.015
1271.6,94.226,97.419,140.629,93.703,105.362,137.045,143.962,127.412,127.975
1271.7,94.292,97.419,140.661,93.703,105.362,137.045,143.993,127.412,127.975
1271.8,94.161,97.419,140.629,93.703,105.249,137.011,144.053,127.412,127.975
1271.9,94.226,97.356,140.629,93.703,105.306,137.011,144.023,127.412,127.935
1272.0,94.161,97.356,140.629,93.703,105.306,137.011,143.962,127.412,127.935
1272.1,94.357,97.419,140.661,93.703,105.362,137.045,144.023,127.412,127.975
1272.2,94.226,97.356,140.629,93.572,105.306,137.011,143.993,127.412,127.895
1272.3,94.226,97.481,140.629,93.703,105.249,137.045,143.993,127.412,127.975
1272.4,94.226,97.356,140.597,93.703,105.306,137.011,144.023,127.412,127.975
1272.5,94.226,97.293,140.597,93.703,105.249,137.011,143.993,127.412,128.055
1272.6,94.161,97.293,140.661,93.703,105.249,137.011,144.023,127.412,127.975
1272.7,94.161,97.419,140.597,93.703,105.193,137.045,143.993,127.412,127.895
1272.8,94.226,97.293,140.597,93.638,105.193,137.011,143.993,127.412,127.935
1272.9,94.226,97.231,140.597,93.638,105.249,137.011,143.962,127.412,127.935
1273.0,94.226,97.293,140.661,93.703,105.137,137.08,144.023,127.412,127.895
1273.1,94.226,97.293,140.597,93.703,105.193,137.011,144.023,127.372,127.935
1273.2,94.226,97.293,140.533,93.638,105.193,137.011,143.993,127.372,127.935
1273.3,94.161,97.231,140.661,93.703,105.137,136.977,143.993,127.412,127.895
1273.4,94.226,97.168,140.565,93.703,105.137,136.977,143.993,127.372,128.015
1273.5,94.161,97.231,140.597,93.703,105.08,137.011,143.962,127.412,127.935
1273.6,94.226,97.168,140.533,93.572,105.08,137.011,144.173,127.412,127.935
1273.7,94.161,97.168,140.597,93.703,105.024,137.011,143.993,127.412,127.935
1273.8,94.161,97.231,140.661,93.703,104.967,137.011,143.993,127.412,127.895
1273.9,94.161,97.105,140.597,93.638,105.024,137.011,143.993,127.372,127.855
1274.0,94.161,97.042,140.533,93.703,105.08,137.011,143.993,127.372,127.895
1274.1,94.161,97.168,140.629,93.769,105.024,137.045,143.993,127.412,127.935
1274.2,94.161,97.105,140.597,93.638,104.967,136.977,144.083,127.372,127.895
1274.3,94.161,97.042,140.597,93.638,105.024,136.977,143.993,127.332,127.895
1274.4,94.226,96.98,140.597,93.638,104.967,136.977,143.962,127.332,127.895
1274.5,94.161,96.98,140.597,93.638,104.911,136.977,143.932,127.372,127.895
1274.6,94.161,96.98,140.565,93.769,104.911,136.977,143.962,127.372,127.975
1274.7,94.161,96.98,140.533,93.638,104.798,136.977,143.962,127.412,127.895
1274.8,94.161,96.917,140.597,93.638,104.911,136.977,143.993,127.332,127.935
1274.9,94.161,96.98,140.565,93.572,104.854,136.977,143.962,127.372,127.935
1275.0,94.161,96.917,140.565,93.638,104.854,137.011,144.023,127.372,127.895
1275.1,94.226,96.917,140.597,93.638,104.854,136.943,144.023,127.332,127.975
1275.2,94.031,96.917,140.597,93.638,104.741,136.943,143.993,127.412,127.895
1275.3,94.161,96.917,140.597,93.703,104.911,137.011,143.962,127.412,127.895
1275.4,94.096,96.854,140.597,93.638,104.798,136.943,143.962,127.332,127.975
1275.5,94.161,96.917,140.533,93.638,104.854,137.114,143.962,127.372,127.895
1275.6,94.161,96.854,140.597,93.703,104.798,136.943,143.962,127.372,127.855
1275.7,94.161,96.728,140.597,93.638,104.741,136.943,143.962,127.372,127.895
1275.8,94.161,96.728,140.565,93.638,104.684,136.943,143.962,127.332,127.895
1275.9,94.161,96.791,140.597,93.638,104.741,136.943,143.962,127.372,127.855
1276.0,94.161,96.791,140.565,93.638,104.684,136.977,143.993,127.412,127.855
1276.1,94.096,96.791,140.565,93.638,104.684,136.908,144.023,127.332,127.895
1276.2,94.161,96.728,140.565,93.572,104.684,136.943,143.993,127.372,127.895
1276.3,94.161,96.728,140.565,93.638,104.628,136.943,143.962,127.372,127.895
1276.4,94.161,96.728,140.533,93.638,104.684,136.943,143.962,127.372,127.855
1276.5,94.096,96.664,140.533,93.572,104.684,136.908,144.023,127.332,127.975
1276.6,94.226,96.664,140.533,93.638,104.628,136.908,143.962,127.372,127.895
1276.7,94.226,96.664,140.565,93.769,104.628,136.908,143.962,127.372,127.855
1276.8,94.161,96.664,140.533,93.638,104.628,136.977,143.932,127.372,127.895
1276.9,94.096,96.664,140.565,93.638,104.514,136.908,143.962,127.291,127.855
1277.0,94.031,96.601,140.565,93.638,104.514,136.977,144.083,127.332,127.935
1277.1,94.096,96.538,140.533,93.638,104.514,136.908,143.902,127.332,127.895
1277.2,94.161,96.601,140.533,93.572,104.457,136.908,143.962,127.291,127.895
1277.3,94.161,96.538,140.597,93.638,104.514,136.908,143.932,127.332,127.895
1277.4,94.096,96.601,140.565,93.572,104.4,136.977,143.962,127.332,127.855
1277.5,94.161,96.538,140.533,93.506,104.514,136.977,143.932,127.453,127.895
1277.6,94.226,96.538,140.533,93.703,104.457,136.908,143.962,127.372,127.855
1277.7,94.096,96.538,140.533,93.769,104.4,136.908,143.962,127.372,127.935
1277.8,94.096,96.348,140.533,93.572,104.4,136.908,143.962,127.332,127.855
1277.9,94.096,96.475,140.565,93.638,104.4,136.943,143.993,127.372,127.935
1278.0,94.096,96.475,140.533,93.572,104.4,136.908,143.932,127.291,127.855
1278.1,94.161,96.538,140.597,93.572,104.286,136.908,143.932,127.291,127.855
1278.2,94.292,96.411,140.533,93.638,104.343,136.908,143.962,127.332,127.855
1278.3,94.161,96.411,140.533,93.572,104.4,136.908,143.932,127.332,127.895
1278.4,94.096,96.411,140.533,93.638,104.4,136.874,143.962,127.332,127.855
1278.5,94.031,96.348,140.468,93.638,104.343,136.874,143.993,127.291,127.855
1278.6,94.031,96.348,140.533,93.572,104.4,136.874,143.932,127.332,127.935
1278.7,94.161,96.285,140.565,93.638,104.286,136.908,143.932,127.372,127.855
1278.8,94.096,96.348,140.501,93.506,104.286,136.908,143.932,127.291,127.815
1278.9,94.161,96.348,140.565,93.638,104.286,136.874,143.993,127.372,127.855
1279.0,94.161,96.348,140.565,93.638,104.229,136.874,143.962,127.251,127.855
1279.1,94.096,96.348,140.565,93.572,104.229,137.045,143.962,127.332,127.855
1279.2,94.031,96.285,140.533,93.572,104.172,136.874,143.962,127.372,127.895
1279.3,94.096,96.285,140.533,93.572,104.172,136.874,143.962,127.332,127.855
1279.4,94.096,96.221,140.533,93.638,104.286,136.908,143.962,127.332,127.895
1279.5,94.096,96.285,140.565,93.638,104.229,136.874,143.962,127.291,127.855
1279.6,94.031,96.285,140.533,93.638,104.172,136.874,143.932,127.251,127.855
1279.7,94.161,96.285,140.533,93.572,104.229,136.874,143.932,127.332,127.855
1279.8,94.161,96.158,140.501,93.638,104.286,136.908,143.962,127.372,127.855
1279.9,94.096,96.221,140.533,93.572,104.286,136.874,143.932,127.251,127.855
1280.0,94.096,96.221,140.533,93.638,104.172,136.874,143.932,127.332,127.815
1280.1,94.031,96.285,140.565,93.572,104.172,136.943,143.962,127.372,127.815
1280.2,94.096,96.221,140.533,93.572,104.058,136.874,143.932,127.291,127.815
1280.3,94.096,96.158,140.533,93.638,104.172,136.874,143.932,127.291,127.815
1280.4,94.031,96.158,140.501,93.572,104.115,136.874,143.993,127.372,127.815
1280.5,94.096,96.221,140.372,93.572,104.115,136.908,143.962,127.332,127.855
1280.6,94.031,96.094,140.533,93.506,104.058,136.943,143.902,127.291,127.855
1280.7,94.096,96.094,140.501,93.506,104.172,136.874,143.932,127.372,127.815
1280.8,94.031,96.094,140.501,93.572,104.058,136.874,143.962,127.291,127.815
1280.9,94.031,96.094,140.468,93.572,104.0,136.943,143.962,127.291,127.815
1281.0,94.031,96.094,140.501,93.572,104.058,136.908,143.932,127.291,127.734
1281.1,94.031,95.967,140.501,93.572,104.0,136.874,143.962,127.291,127.815
1281.2,94.096,96.094,140.533,93.638,104.058,136.874,143.962,127.291,127.815
1281.3,94.031,95.967,140.533,93.506,103.943,136.874,143.902,127.251,127.855
1281.4,94.031,96.03,140.501,93.572,103.943,136.874,143.932,127.21,127.775
1281.5,94.161,96.03,140.501,93.572,103.943,136.839,143.962,127.291,127.855
1281.6,93.965,95.967,140.404,93.506,103.943,136.839,143.962,127.291,127.815
1281.7,94.031,95.967,140.501,93.572,103.943,136.874,143.962,127.332,127.815
1281.8,94.096,95.903,140.501,93.44,103.829,136.874,143.962,127.291,127.855
1281.9,94.031,96.03,140.468,93.572,103.886,136.874,143.932,127.291,127.815
1282.0,94.031,95.903,140.468,93.572,103.886,136.839,143.932,127.251,127.855
1282.1,94.031,95.903,140.533,93.638,103.943,136.839,143.932,127.291,127.815
1282.2,93.9,95.903,140.533,93.572,103.771,136.839,143.902,127.251,127.775
1282.3,94.031,95.903,140.468,93.506,103.771,136.874,143.962,127.332,127.815
1282.4,94.031,95.839,140.436,93.572,103.829,136.805,143.902,127.291,127.815
1282.5,94.096,95.839,140.468,93.572,103.714,136.839,143.932,127.291,127.815
1282.6,94.031,95.903,140.501,93.572,103.886,136.839,143.932,127.332,127.815
1282.7,94.031,95.775,140.501,93.506,103.714,136.839,143.962,127.291,127.855
1282.8,94.031,95.775,140.468,93.572,103.771,136.839,143.932,127.291,127.815
1282.9,94.031,95.775,140.501,93.572,103.714,136.839,143.902,127.251,127.815
1283.0,94.031,95.775,140.533,93.572,103.771,136.839,143.932,127.291,127.815
1283.1,94.031,95.775,140.468,93.572,103.771,136.874,143.932,127.251,127.815
1283.2,94.096,95.775,140.468,93.572,103.771,136.839,143.902,127.251,127.775
1283.3,93.965,95.775,140.436,93.638,103.771,136.839,143.932,127.291,127.815
1283.4,93.965,95.711,140.501,93.638,103.771,136.874,143.902,127.332,127.775
1283.5,94.031,95.711,140.436,93.572,103.656,136.839,143.932,127.251,127.775
1283.6,94.096,95.647,140.533,93.638,103.656,136.874,143.932,127.291,127.815
1283.7,94.031,95.711,140.436,93.506,103.714,136.839,143.993,127.291,127.815
1283.8,93.965,95.583,140.468,93.506,103.714,136.839,143.932,127.251,127.815
1283.9,94.031,95.711,140.436,93.572,103.656,136.805,143.962,127.332,127.815
1284.0,93.965,95.711,140.533,93.572,103.599,136.805,143.872,127.251,127.935
1284.1,94.031,95.647,140.436,93.572,103.599,136.805,143.932,127.332,127.775
1284.2,94.031,95.711,140.501,93.506,103.599,136.805,143.902,127.291,127.855
1284.3,93.965,95.647,140.436,93.572,103.599,136.839,143.932,127.291,127.815
1284.4,94.031,95.583,140.468,93.572,103.656,136.805,143.932,127.332,127.775
1284.5,93.965,95.647,140.501,93.44,103.541,136.805,143.902,127.251,127.775
1284.6,93.965,95.583,140.404,93.572,103.599,136.805,143.902,127.291,127.815
1284.7,94.031,95.583,140.436,93.506,103.541,136.839,143.902,127.251,127.815
1284.8,93.965,95.519,140.501,93.506,103.541,136.805,143.932,127.251,127.775
1284.9,94.031,95.583,140.501,93.572,103.541,136.805,143.902,127.251,127.815
1285.0,93.965,95.583,140.436,93.572,103.483,136.805,143.902,127.291,127.815
1285.1,94.031,95.519,140.436,93.506,103.541,136.805,143.902,127.251,127.775
1285.2,94.096,95.519,140.468,93.506,103.426,136.805,143.902,127.291,127.815
1285.3,94.096,95.519,140.468,93.572,103.483,136.771,143.932,127.251,127.815
1285.4,93.965,95.455,140.436,93.506,103.483,136.771,143.872,127.21,127.775
1285.5,94.031,95.519,140.404,93.506,103.483,136.805,143.872,127.291,127.775
1285.6,94.031,95.519,140.436,93.572,103.483,136.805,143.962,127.251,127.815
1285.7,93.965,95.455,140.404,93.572,103.483,136.805,143.962,127.291,127.775
1285.8,94.031,95.391,140.436,93.506,103.368,136.805,143.902,127.251,127.775
1285.9,94.096,95.391,140.436,93.506,103.426,136.805,143.902,127.291,127.775
1286.0,94.031,95.391,140.468,93.572,103.368,136.805,143.902,127.21,127.815
1286.1,93.965,95.455,140.372,93.506,103.31,136.736,143.932,127.332,127.775
1286.2,93.965,95.327,140.468,93.506,103.368,136.667,143.902,127.251,127.775
1286.3,93.965,95.327,140.468,93.506,103.368,136.771,143.962,127.251,127.775
1286.4,93.9,95.327,140.436,93.572,103.31,136.771,143.902,127.251,127.775
1286.5,93.965,95.327,140.404,93.572,103.137,136.805,143.872,127.291,127.775
1286.6,94.031,95.262,140.436,93.506,103.195,136.839,143.872,127.251,127.815
1286.7,93.965,95.262,140.436,93.506,103.195,136.805,143.902,127.332,127.734
1286.8,93.965,95.262,140.404,93.506,103.252,136.805,143.872,127.251,127.815
1286.9,93.965,95.327,140.404,93.572,103.195,136.771,143.902,127.251,127.815
1287.0,94.031,95.262,140.436,93.572,103.195,136.771,143.902,127.21,127.775
1287.1,93.965,95.198,140.404,93.44,103.137,136.771,143.872,127.251,127.815
1287.2,93.965,95.262,140.404,93.506,103.137,136.805,143.932,127.251,127.855
1287.3,93.9,95.198,140.436,93.44,103.195,136.771,143.932,127.17,127.734
1287.4,93.965,95.198,140.404,93.506,103.137,136.736,143.902,127.291,127.694
1287.5,93.965,95.198,140.404,93.506,103.021,136.736,143.872,127.251,127.734
1287.6,94.031,95.005,140.436,93.44,103.137,136.771,143.841,127.251,127.775
1287.7,93.965,95.134,140.436,93.506,103.137,136.702,143.932,127.251,127.775
1287.8,93.965,95.134,140.436,93.506,103.079,136.771,143.902,127.251,127.815
1287.9,93.965,95.134,140.372,93.572,103.079,136.771,143.902,127.21,127.775
1288.0,93.965,95.069,140.404,93.572,103.137,136.771,143.902,127.251,127.734
1288.1,93.965,95.069,140.404,93.506,102.963,136.736,143.872,127.251,127.775
1288.2,93.965,95.134,140.404,93.506,103.079,136.736,143.872,127.251,127.734
1288.3,93.965,95.005,140.404,93.572,103.021,136.736,143.902,127.251,127.775
1288.4,94.031,95.134,140.436,93.506,103.021,136.736,143.872,127.251,127.775
1288.5,93.9,95.069,140.404,93.572,103.021,136.771,143.902,127.251,127.775
1288.6,93.965,95.069,140.404,93.506,103.021,136.736,143.902,127.291,127.815
1288.7,93.9,95.069,140.436,93.506,103.021,136.736,143.902,127.251,127.734
1288.8,93.9,95.069,140.404,93.506,103.021,136.771,143.932,127.251,127.734
1288.9,94.031,95.005,140.436,93.44,102.963,136.839,143.902,127.291,127.775
1289.0,93.965,95.005,140.372,93.506,102.963,136.702,143.841,127.251,127.734
1289.1,93.965,94.94,140.404,93.506,102.963,136.771,143.872,127.251,127.775
1289.2,93.9,95.005,140.372,93.374,102.904,136.702,143.932,127.291,127.734
1289.3,94.096,94.94,140.372,93.506,103.021,136.702,143.902,127.251,127.734
1289.4,93.9,95.005,140.339,93.44,102.963,136.736,143.902,127.291,127.775
1289.5,93.965,94.876,140.404,93.572,102.904,136.702,143.902,127.21,127.734
1289.6,93.965,94.876,140.404,93.44,102.904,136.736,143.841,127.251,127.775
1289.7,93.9,94.876,140.372,93.44,102.846,136.702,143.872,127.251,127.734
1289.8,93.965,94.94,140.339,93.506,102.846,136.702,143.902,127.21,127.734
1289.9,94.031,94.876,140.468,93.572,102.904,136.805,143.841,127.251,127.734
1290.0,93.9,94.811,140.404,93.572,102.788,136.736,143.902,127.291,127.694
1290.1,93.965,94.876,140.339,93.506,102.846,136.736,143.902,127.251,127.775
1290.2,93.9,94.811,140.404,93.506,102.73,136.667,143.902,127.251,127.734
1290.3,93.9,94.746,140.372,93.44,102.788,136.736,143.932,127.17,127.734
1290.4,94.031,94.811,140.372,93.44,102.788,136.702,143.872,127.291,127.734
1290.5,93.834,94.746,140.436,93.506,102.73,136.702,143.902,127.21,127.775
1290.6,93.965,94.811,140.404,93.44,102.788,136.736,143.902,127.21,127.734
1290.7,93.9,94.811,140.372,93.44,102.73,136.702,143.902,127.291,127.734
1290.8,93.9,94.681,140.339,93.44,102.788,136.736,143.902,127.251,127.734
1290.9,93.9,94.746,140.372,93.44,102.672,136.702,143.902,127.21,127.775
1291.0,93.9,94.746,140.372,93.44,102.613,136.702,143.962,127.251,127.694
1291.1,93.9,94.746,140.372,93.506,102.788,136.736,143.872,127.21,127.734
1291.2,93.834,94.746,140.339,93.44,102.672,136.702,143.902,127.17,127.734
1291.3,93.9,94.746,140.339,93.374,102.672,136.771,143.932,127.21,127.734
1291.4,93.9,94.746,140.372,93.44,102.613,136.702,143.993,127.21,127.775
1291.5,93.965,94.681,140.339,93.506,102.672,136.702,143.902,127.291,127.734
1291.6,93.9,94.681,140.339,93.506,102.613,136.702,143.872,127.21,127.654
1291.7,93.965,94.681,140.404,93.506,102.613,136.702,143.902,127.21,127.694
1291.8,93.834,94.681,140.372,93.506,102.555,136.736,143.902,127.251,127.734
1291.9,93.9,94.617,140.339,93.506,102.613,136.702,143.872,127.251,127.775
1292.0,93.9,94.681,140.339,93.506,102.672,136.667,143.872,127.21,127.694
1292.1,93.9,94.681,140.339,93.44,102.555,136.702,143.902,127.251,127.734
1292.2,93.9,94.617,140.372,93.44,102.555,136.702,143.872,127.21,127.694
1292.3,93.9,94.617,140.339,93.44,102.555,136.702,143.841,127.251,127.734
1292.4,93.9,94.617,140.339,93.44,102.497,136.702,143.872,127.251,127.734
1292.5,93.965,94.552,140.339,93.44,102.497,136.667,143.872,127.21,127.694
1292.6,93.965,94.552,140.339,93.506,102.497,136.667,143.841,127.129,127.734
1292.7,93.9,94.552,140.339,93.44,102.438,136.667,143.872,127.21,127.775
1292.8,93.9,94.487,140.339,93.506,102.438,136.667,143.902,127.21,127.815
1292.9,93.9,94.487,140.339,93.44,102.438,136.667,143.841,127.21,127.734
1293.0,93.9,94.487,140.372,93.44,102.497,136.667,143.902,127.21,127.694
1293.1,93.9,94.487,140.339,93.44,102.438,136.702,143.902,127.21,127.694
1293.2,93.834,94.422,140.307,93.44,102.438,136.702,143.902,127.21,127.775
1293.3,93.9,94.422,140.339,93.44,102.497,136.667,143.872,127.21,127.734
1293.4,93.9,94.487,140.339,93.506,102.438,136.667,143.962,127.21,127.734
1293.5,93.9,94.422,140.372,93.44,102.438,136.667,143.811,127.21,127.734
1293.6,93.965,94.357,140.339,93.44,102.321,136.667,143.872,127.21,127.694
1293.7,93.9,94.422,140.275,93.44,102.321,136.667,143.781,127.21,127.734
1293.8,93.834,94.422,140.307,93.309,102.321,136.667,143.962,127.21,127.734
1293.9,93.9,94.357,140.339,93.44,102.262,136.667,143.872,127.17,127.654
1294.0,93.9,94.357,140.339,93.506,102.321,136.667,143.841,127.21,127.654
1294.1,93.834,94.357,140.339,93.506,102.262,136.633,143.841,127.21,127.775
1294.2,93.834,94.357,140.275,93.506,102.38,136.702,143.902,127.21,127.775
1294.3,93.9,94.226,140.339,93.44,102.262,136.667,143.872,127.251,127.734
1294.4,93.9,94.292,140.307,93.506,102.321,136.667,143.841,127.21,127.694
1294.5,93.9,94.357,140.372,93.44,102.262,136.667,143.872,127.21,127.694
1294.6,93.965,94.292,140.339,93.44,102.262,136.633,143.872,127.17,127.654
1294.7,93.9,94.226,140.339,93.44,102.204,136.702,143.902,127.21,127.734
1294.8,93.834,94.226,140.468,93.309,102.145,136.633,143.841,127.17,127.694
1294.9,93.834,94.226,140.307,93.374,102.204,136.633,143.841,127.17,127.694
1295.0,93.834,94.226,140.307,93.44,102.262,136.633,143.872,127.21,127.694
1295.1,93.834,94.161,140.339,93.44,102.204,136.633,143.932,127.21,127.694
1295.2,93.769,94.226,140.307,93.44,102.204,136.633,143.872,127.21,127.694
1295.3,93.769,94.096,140.275,93.374,102.086,136.633,143.872,127.21,127.775
1295.4,93.834,94.161,140.339,93.572,102.028,136.633,143.811,127.17,127.694
1295.5,93.834,94.161,140.339,93.44,102.086,136.633,143.872,127.17,127.694
1295.6,93.834,94.161,140.275,93.374,102.086,136.736,143.841,127.17,127.694
1295.7,93.9,94.096,140.307,93.44,102.086,136.667,143.872,127.089,127.734
1295.8,93.834,94.161,140.275,93.374,102.028,136.598,143.841,127.17,127.694
1295.9,93.834,94.096,140.275,93.44,102.086,136.633,143.872,127.17,127.694
1296.0,93.9,94.096,140.307,93.374,102.028,136.598,143.811,127.17,127.694
1296.1,93.834,94.031,140.307,93.44,102.028,136.667,143.841,127.17,127.654
1296.2,93.834,94.096,140.275,93.44,102.028,136.633,143.872,127.251,127.694
1296.3,93.834,94.031,140.307,93.44,102.028,136.598,143.72,127.17,127.694
1296.4,93.834,94.096,140.339,93.374,101.969,136.598,143.872,127.17,127.654
1296.5,93.834,93.965,140.307,93.44,101.969,136.667,143.781,127.17,127.734
1296.6,93.834,94.031,140.177,93.374,101.969,136.598,143.811,127.129,127.775
1296.7,93.834,93.965,140.307,93.374,101.969,136.633,143.872,127.21,127.694
1296.8,93.834,93.965,140.307,93.374,101.91,136.598,143.872,127.17,127.694
1296.9,93.769,93.965,140.275,93.374,102.028,136.598,143.932,127.21,127.654
1297.0,93.965,93.965,140.307,93.506,101.91,136.598,143.902,127.251,127.694
1297.1,93.834,93.9,140.21,93.374,101.91,136.667,143.872,127.17,127.694
1297.2,93.9,93.9,140.275,93.572,101.851,136.633,143.841,127.17,127.694
1297.3,93.834,93.9,140.275,93.374,101.792,136.598,143.811,127.251,127.654
1297.4,93.834,93.9,140.275,93.44,101.851,136.598,143.841,127.17,127.654
1297.5,93.834,93.9,140.307,93.44,101.91,136.598,143.902,127.17,127.694
1297.6,93.834,93.9,140.275,93.374,101.792,136.598,143.902,127.21,127.694
1297.7,93.834,93.834,140.275,93.506,101.792,136.598,143.841,127.17,127.694
1297.8,93.9,93.834,140.275,93.309,101.792,136.598,143.872,127.129,127.694
1297.9,93.834,93.834,140.339,93.374,101.733,136.633,143.841,127.17,127.694
1298.0,93.834,93.769,140.307,93.506,101.792,136.598,143.841,127.17,127.654
1298.1,93.769,93.834,140.275,93.44,101.733,136.598,143.841,127.251,127.694
1298.2,93.834,93.9,140.242,93.374,101.733,136.564,143.841,127.21,127.734
1298.3,93.834,93.834,140.275,93.506,101.733,136.564,143.841,127.17,127.654
1298.4,93.834,93.9,140.275,93.44,101.733,136.598,143.841,127.17,127.654
1298.5,93.834,93.834,140.275,93.374,101.733,136.598,143.841,127.251,127.654
1298.6,93.834,93.834,140.275,93.374,101.792,136.598,143.841,127.17,127.654
1298.7,93.834,93.703,140.275,93.374,101.733,136.667,143.841,127.21,127.614
1298.8,93.834,93.703,140.307,93.374,101.674,136.598,143.872,127.129,127.694
1298.9,93.834,93.703,140.242,93.374,101.674,136.564,143.811,127.17,127.654
1299.0,93.769,93.703,140.242,93.374,101.615,136.529,143.841,127.251,127.694
1299.1,93.769,93.638,140.307,93.374,101.615,136.633,143.841,127.17,127.654
1299.2,93.769,93.638,140.275,93.309,101.615,136.598,143.841,127.129,127.694
1299.3,93.834,93.703,140.242,93.374,101.556,136.633,143.841,127.129,127.694
1299.4,93.834,93.572,140.307,93.374,101.556,136.564,143.902,127.17,127.734
1299.5,93.834,93.638,140.242,93.374,101.556,136.529,143.811,127.17,127.654
1299.6,93.769,93.572,140.242,93.44,101.496,136.598,143.902,127.048,127.734
1299.7,93.834,93.638,140.307,93.309,101.496,136.564,143.781,127.17,127.614
1299.8,93.834,93.572,140.242,93.374,101.556,136.667,143.841,127.129,127.694
1299.9,93.769,93.572,140.275,93.374,101.496,136.633,143.811,127.129,127.654
1300.0,93.769,93.572,140.275,93.374,101.556,136.564,143.841,127.21,127.654
1300.1,93.769,93.572,140.242,93.44,101.556,136.564,143.841,127.21,127.654
1300.2,93.834,93.506,140.242,93.374,101.496,136.598,143.872,127.21,127.654
1300.3,93.769,93.506,140.242,93.506,101.496,136.564,143.841,127.129,127.654
1300.4,93.769,93.638,140.275,93.374,101.496,136.564,143.811,127.17,127.654
1300.5,93.769,93.506,140.21,93.374,101.556,136.564,143.841,127.129,127.654
1300.6,93.9,93.572,140.21,93.309,101.496,136.564,143.811,127.17,127.694
1300.7,93.769,93.44,140.21,93.309,101.437,136.598,143.841,127.21,127.614
1300.8,93.769,93.506,140.307,93.309,101.556,136.598,143.811,127.17,127.654
1300.9,93.703,93.44,140.21,93.374,101.378,136.529,143.811,127.17,127.654
1301.0,93.769,93.44,140.242,93.44,101.378,136.529,143.902,127.17,127.654
1301.1,93.834,93.506,140.275,93.374,101.378,136.564,143.902,127.129,127.614
1301.2,93.834,93.506,140.242,93.374,101.378,136.529,143.872,127.21,127.654
1301.3,93.9,93.44,140.21,93.44,101.318,136.564,143.841,127.17,127.654
1301.4,93.834,93.374,140.275,93.374,101.318,136.564,143.902,127.17,127.654
1301.5,93.769,93.309,140.21,93.374,101.318,136.529,143.781,127.129,127.654
1301.6,93.769,93.374,140.21,93.374,101.318,136.633,143.811,127.17,127.614
1301.7,93.769,93.374,140.242,93.44,101.318,136.529,143.841,127.129,127.694
1301.8,93.769,93.374,140.242,93.374,101.318,136.564,143.841,127.17,127.654
1301.9,93.769,93.243,140.242,93.374,101.259,136.529,143.872,127.17,127.614
1302.0,93.769,93.309,140.242,93.374,101.318,136.529,143.811,127.129,127.654
1302.1,93.834,93.309,140.242,93.309,101.378,136.529,143.841,127.21,127.654
1302.2,93.834,93.374,140.275,93.309,101.259,136.564,143.811,127.251,127.654
1302.3,93.769,93.309,140.145,93.374,101.259,136.529,143.811,127.17,127.614
1302.4,93.769,93.374,140.21,93.374,101.259,136.564,143.841,127.129,127.574
1302.5,93.769,93.243,140.242,93.309,101.259,136.598,143.811,127.17,127.654
1302.6,93.769,93.243,140.21,93.374,101.2,136.667,143.841,127.17,127.654
1302.7,93.703,93.243,140.242,93.309,101.2,136.529,143.811,127.17,127.654
1302.8,93.834,93.243,140.21,93.309,101.259,136.494,143.811,127.129,127.654
1302.9,93.769,93.243,140.21,93.309,101.2,136.564,143.841,127.129,127.654
1303.0,93.769,93.177,140.21,93.309,101.318,136.529,143.811,127.089,127.614
1303.1,93.769,93.243,140.242,93.374,101.08,136.564,143.811,127.17,127.654
1303.2,93.769,93.243,140.275,93.374,101.14,136.529,143.841,127.17,127.614
1303.3,93.769,93.177,140.21,93.309,101.2,136.494,143.781,127.129,127.614
1303.4,93.769,93.177,140.21,93.44,101.08,136.564,143.781,127.17,127.654
1303.5,93.638,93.177,140.275,93.309,101.08,136.564,143.781,127.332,127.574
1303.6,93.769,93.177,140.242,93.309,101.021,136.564,143.841,127.17,127.654
1303.7,93.769,93.177,140.177,93.309,101.08,136.564,143.751,127.129,127.614
1303.8,93.703,93.11,140.21,93.309,101.08,136.529,143.811,127.089,127.654
1303.9,93.769,93.11,140.145,93.374,101.08,136.598,143.841,127.17,127.694
1304.0,93.703,93.11,140.242,93.309,101.021,136.46,143.811,127.129,127.694
1304.1,93.769,93.044,140.21,93.309,101.08,136.494,143.841,127.129,127.614
1304.2,93.769,92.912,140.275,93.309,101.08,136.46,143.751,127.129,127.614
1304.3,93.769,93.11,140.21,93.309,101.021,136.494,143.781,127.17,127.654
1304.4,93.769,93.044,140.177,93.44,100.961,136.46,143.781,127.17,127.654
1304.5,93.769,93.044,140.242,93.309,101.021,136.529,143.781,127.21,127.694
1304.6,93.703,93.11,140.242,93.309,100.961,136.494,143.811,127.17,127.654
1304.7,93.769,93.044,140.177,93.374,101.021,136.529,143.811,127.17,127.614
1304.8,93.703,93.044,140.21,93.309,100.902,136.529,143.811,127.17,127.614
1304.9,93.769,93.044,140.177,93.309,100.961,136.46,143.872,127.129,127.614
1305.0,93.638,93.044,140.21,93.243,100.961,136.494,143.811,127.17,127.614
1305.1,93.769,92.978,140.242,93.309,100.961,136.494,143.781,127.129,127.654
1305.2,93.834,92.978,140.21,93.309,100.902,136.529,143.811,127.17,127.614
1305.3,93.769,92.978,140.177,93.309,100.961,136.46,143.781,127.17,127.654
1305.4,93.703,92.978,140.177,93.243,100.902,136.564,143.811,127.129,127.654
1305.5,93.769,92.912,140.177,93.243,100.902,136.494,143.902,127.17,127.654
1305.6,93.769,92.978,140.177,93.374,100.902,136.529,143.781,127.21,127.654
1305.7,93.638,92.912,140.242,93.309,100.842,136.494,143.781,127.129,127.654
1305.8,93.703,92.912,140.275,93.44,100.842,136.529,143.811,127.17,127.614
1305.9,93.769,92.912,140.177,93.309,100.902,136.529,143.781,127.21,127.614
1306.0,93.769,92.978,140.242,93.309,100.842,136.494,143.811,127.129,127.654
1306.1,93.703,92.846,140.21,93.309,100.782,136.529,143.811,127.129,127.614
1306.2,93.769,92.912,140.307,93.177,100.662,136.494,143.811,127.129,127.614
1306.3,93.703,92.846,140.177,93.374,100.722,136.494,143.811,127.129,127.614
1306.4,93.769,92.912,140.177,93.309,100.842,136.494,143.811,127.089,127.694
1306.5,93.769,92.912,140.21,93.243,100.782,136.494,143.811,127.129,127.614
1306.6,93.703,92.846,140.242,93.309,100.842,136.494,143.811,127.129,127.734
1306.7,93.769,92.779,140.145,93.243,100.782,136.494,143.811,127.129,127.614
1306.8,93.703,92.846,140.242,93.243,100.722,136.494,143.781,127.17,127.614
1306.9,93.638,92.846,140.177,93.309,100.722,136.46,143.811,127.17,127.574
1307.0,93.703,92.779,140.177,93.177,100.662,136.46,143.811,127.089,127.614
1307.1,93.703,92.713,140.21,93.309,100.722,136.46,143.781,127.129,127.614
1307.2,93.703,92.713,140.177,93.243,100.722,136.46,143.781,127.129,127.654
1307.3,93.703,92.779,140.177,93.506,100.662,136.494,143.841,127.129,127.614
1307.4,93.769,92.646,140.21,93.309,100.542,136.46,143.781,127.129,127.574
1307.5,93.703,92.713,140.145,93.309,100.662,136.494,143.841,127.089,127.734
1307.6,93.703,92.646,140.177,93.243,100.602,136.494,143.781,127.129,127.614
1307.7,93.638,92.713,140.145,93.309,100.662,136.46,143.841,127.17,127.654
1307.8,93.638,92.646,140.275,93.309,100.602,136.46,143.811,127.17,127.614
1307.9,93.703,92.646,140.145,93.374,100.662,136.46,143.781,127.17,127.574
1308.0,93.703,92.779,140.145,93.243,100.602,136.46,143.841,127.17,127.654
1308.1,93.703,92.646,140.145,93.309,100.542,136.46,143.781,127.129,127.654
1308.2,93.769,92.58,140.177,93.309,100.542,136.425,143.781,127.129,127.614
1308.3,93.769,92.58,140.145,93.243,100.482,136.46,143.811,127.17,127.614
1308.4,93.638,92.713,140.08,93.243,100.602,136.494,143.781,127.129,127.614
1308.5,93.638,92.646,140.145,93.309,100.602,136.46,143.781,127.17,127.614
1308.6,93.703,92.58,140.177,93.309,100.482,136.46,143.811,127.129,127.614
1308.7,93.769,92.58,140.21,93.309,100.542,136.494,143.781,127.129,127.574
1308.8,93.638,92.513,140.145,93.309,100.662,136.46,143.902,127.129,127.574
1308.9,93.703,92.58,140.177,93.243,100.542,136.46,143.841,127.129,127.574
1309.0,93.638,92.513,140.145,93.243,100.482,136.46,143.781,127.21,127.614
1309.1,93.703,92.58,140.145,93.309,100.422,136.425,143.811,127.129,127.574
1309.2,93.703,92.513,140.145,93.243,100.482,136.39,143.781,127.17,127.614
1309.3,93.703,92.513,140.145,93.309,100.482,136.494,143.841,127.17,127.574
1309.4,93.703,92.513,140.145,93.243,100.422,136.39,143.811,127.129,127.614
1309.5,93.703,92.447,140.145,93.309,100.362,136.46,143.781,127.129,127.614
1309.6,93.769,92.513,140.048,93.177,100.422,136.494,143.811,127.129,127.614
1309.7,93.703,92.447,140.145,93.177,100.362,136.46,143.872,127.129,127.574
1309.8,93.703,92.447,140.048,93.243,100.362,136.46,143.781,127.129,127.614
1309.9,93.638,92.38,140.177,93.309,100.422,136.425,143.751,127.089,127.574
1310.0,93.703,92.38,140.113,93.243,100.362,136.425,143.781,127.089,127.574
1310.1,93.834,92.38,140.145,93.243,100.362,136.425,143.72,127.17,127.493
1310.2,93.769,92.447,140.113,93.243,100.242,136.46,143.781,127.129,127.614
1310.3,93.638,92.313,140.145,93.243,100.362,136.46,143.781,127.129,127.654
1310.4,93.703,92.313,140.113,93.309,100.242,136.46,143.751,127.089,127.574
1310.5,93.638,92.38,140.21,93.243,100.302,136.425,143.781,127.129,127.614
1310.6,93.769,92.38,140.113,93.243,100.242,136.46,143.781,127.17,127.614
1310.7,93.703,92.38,140.145,93.243,100.242,136.425,143.781,127.089,127.614
1310.8,93.572,92.313,140.113,93.309,100.302,136.39,143.781,127.089,127.574
1310.9,93.769,92.313,140.145,93.243,100.182,136.46,143.781,127.129,127.574
1311.0,93.638,92.313,140.08,93.243,100.242,136.46,143.781,127.089,127.574
1311.1,93.769,92.246,140.145,93.243,100.242,136.425,143.781,127.129,127.614
1311.2,93.638,92.313,140.113,93.177,100.242,136.39,143.751,127.089,127.614
1311.3,93.638,92.313,140.145,93.309,100.182,136.46,143.751,127.17,127.574
1311.4,93.638,92.179,140.113,93.243,100.0,136.425,143.841,127.17,127.614
1311.5,93.703,92.313,140.08,93.177,100.182,136.39,143.781,127.129,127.574
1311.6,93.638,92.246,140.08,93.309,100.121,136.425,143.751,127.129,127.614
1311.7,93.703,92.246,140.113,93.243,100.182,136.425,143.72,127.129,127.614
1311.8,93.638,92.112,140.113,93.243,100.182,136.425,143.811,127.129,127.574
1311.9,93.638,92.179,140.113,93.309,100.121,136.46,143.751,127.17,127.533
1312.0,93.638,92.246,140.113,93.243,100.121,136.356,143.751,127.129,127.614
1312.1,93.703,92.179,140.048,93.243,100.121,136.425,143.751,127.129,127.574
1312.2,93.638,92.112,140.048,93.243,100.121,136.39,143.72,127.089,127.574
1312.3,93.638,92.112,140.21,93.177,100.061,136.529,143.72,127.129,127.614
1312.4,93.834,92.045,140.145,93.243,100.061,136.39,143.72,127.129,127.574
1312.5,93.703,92.112,140.08,93.177,100.0,136.425,143.811,127.17,127.574
1312.6,93.638,92.179,140.08,93.309,100.0,136.425,143.781,127.129,127.694
1312.7,93.638,92.112,140.21,93.243,99.94,136.39,143.751,127.089,127.574
1312.8,93.572,92.045,140.08,93.309,100.0,136.39,143.751,127.129,127.574
1312.9,93.638,92.045,140.08,93.177,99.94,136.39,143.781,127.129,127.614
1313.0,93.638,92.045,140.145,93.177,100.0,136.425,143.751,127.17,127.533
1313.1,93.703,91.978,140.08,93.309,99.94,136.39,143.751,127.17,127.574
1313.2,93.703,91.978,140.08,93.177,99.94,136.39,143.781,127.089,127.654
1313.3,93.703,92.045,140.08,93.243,100.0,136.39,143.72,127.129,127.614
1313.4,93.703,91.978,140.113,93.177,99.94,136.39,143.751,127.089,127.574
1313.5,93.638,91.911,140.048,93.243,99.94,136.39,143.72,127.089,127.574
1313.6,93.638,91.978,140.113,93.177,99.94,136.39,143.781,127.089,127.574
1313.7,93.638,91.978,140.113,93.177,99.88,136.39,143.751,127.129,127.654
1313.8,93.572,92.179,140.08,93.177,99.94,136.356,143.751,127.129,127.614
1313.9,93.572,91.911,140.113,93.177,99.88,136.39,143.751,127.089,127.614
1314.0,93.638,91.911,140.048,93.243,99.88,136.356,143.751,127.129,127.614
1314.1,93.769,91.911,140.145,93.11,99.88,136.39,143.69,127.089,127.574
1314.2,93.638,91.844,140.113,93.177,100.0,136.39,143.751,127.129,127.533
1314.3,93.703,91.911,140.048,93.11,99.88,136.356,143.751,127.129,127.614
1314.4,93.638,91.911,140.113,93.243,99.819,136.39,143.781,127.17,127.574
1314.5,93.703,91.911,140.08,93.177,99.698,136.321,143.781,127.048,127.574
1314.6,93.572,91.844,140.08,93.243,99.94,136.356,143.781,127.089,127.574
1314.7,93.638,91.844,140.113,93.177,99.698,136.356,143.751,127.048,127.574
1314.8,93.703,91.844,140.113,93.177,99.819,136.39,143.72,127.089,127.574
1314.9,93.638,91.844,140.113,93.177,99.819,136.39,143.72,127.089,127.574
1315.0,93.506,91.844,140.08,93.177,99.758,136.39,143.72,127.129,127.574
1315.1,93.638,91.777,140.08,93.11,99.698,136.356,143.781,127.251,127.533
1315.2,93.638,91.844,140.08,93.177,99.698,136.356,143.811,127.129,127.533
1315.3,93.572,91.777,140.08,93.177,99.758,136.39,143.751,127.129,127.533
1315.4,93.638,91.777,140.048,93.177,99.758,136.356,143.751,127.007,127.614
1315.5,93.638,91.777,140.015,93.177,99.698,136.356,143.751,127.129,127.654
1315.6,93.638,91.777,140.08,93.177,99.698,136.286,143.69,127.129,127.574
1315.7,93.572,91.575,139.983,93.177,99.698,136.39,143.72,127.129,127.614
1315.8,93.638,91.777,140.048,93.243,99.698,136.356,143.751,127.129,127.453
1315.9,93.638,91.575,140.113,93.177,99.698,136.321,143.781,127.089,127.574
1316.0,93.638,91.777,140.08,93.044,99.637,136.321,143.781,127.048,127.574
1316.1,93.506,91.71,140.048,93.243,99.698,136.321,143.781,127.129,127.574
1316.2,93.638,91.777,140.08,93.177,99.698,136.356,143.781,127.048,127.574
1316.3,93.572,91.71,140.048,93.11,99.698,136.356,143.781,127.129,127.614
1316.4,93.572,91.642,140.048,93.177,99.637,136.356,143.72,127.089,127.574
1316.5,93.638,91.642,140.113,93.177,99.576,136.321,143.751,127.089,127.574
1316.6,93.638,91.71,140.08,93.177,99.576,136.39,143.781,127.089,127.574
1316.7,93.638,91.642,140.08,93.243,99.515,136.356,143.72,127.129,127.574
1316.8,93.703,91.642,140.08,93.177,99.576,136.356,143.72,127.129,127.533
1316.9,93.703,91.642,140.08,93.243,99.637,136.356,143.72,127.089,127.574
1317.0,93.44,91.642,139.983,93.177,99.576,136.356,143.72,127.129,127.574
1317.1,93.638,91.642,140.048,93.11,99.515,136.321,143.659,127.129,127.574
1317.2,93.506,91.575,140.08,93.177,99.455,136.356,143.72,127.17,127.574
1317.3,93.703,91.575,140.113,93.243,99.515,136.39,143.72,127.129,127.574
1317.4,93.638,91.575,140.048,93.11,99.515,136.39,143.72,127.089,127.533
1317.5,93.506,91.575,140.08,93.177,99.455,136.356,143.751,127.129,127.614
1317.6,93.638,91.642,140.015,93.177,99.515,136.356,143.69,127.129,127.533
1317.7,93.572,91.508,140.08,93.044,99.455,136.356,143.751,127.129,127.574
1317.8,93.638,91.575,140.048,93.177,99.455,136.321,143.629,127.129,127.533
1317.9,93.572,91.508,140.08,93.177,99.455,136.356,143.72,127.129,127.574
1318.0,93.572,91.44,140.08,93.11,99.394,136.356,143.751,127.089,127.533
1318.1,93.638,91.642,140.015,93.11,99.455,136.356,143.751,127.089,127.614
1318.2,93.572,91.575,140.048,93.177,99.394,136.321,143.811,127.129,127.574
1318.3,93.572,91.508,140.048,93.11,99.394,136.286,143.72,127.129,127.574
1318.4,93.572,91.508,140.048,93.177,99.515,136.321,143.72,127.129,127.614
1318.5,93.572,91.44,140.015,93.177,99.394,136.321,143.72,127.129,127.614
1318.6,93.572,91.44,140.048,93.11,99.455,136.286,143.72,127.089,127.614
1318.7,93.638,91.44,140.048,93.309,99.394,136.356,143.72,127.17,127.574
1318.8,93.572,91.372,140.08,93.11,99.333,136.356,143.72,127.129,127.493
1318.9,93.572,91.44,140.015,93.044,99.333,136.321,143.659,127.21,127.533
1319.0,93.572,91.44,140.048,93.177,99.455,136.321,143.72,127.129,127.533
1319.1,93.638,91.44,140.048,93.177,99.394,136.286,143.751,127.089,127.574
1319.2,93.572,91.372,140.048,93.11,99.272,136.356,143.751,127.089,127.574
1319.3,93.572,91.44,140.08,93.177,99.333,136.321,143.69,127.089,127.574
1319.4,93.638,91.372,140.048,93.11,99.272,136.321,143.69,127.089,127.533
1319.5,93.638,91.372,140.048,93.177,99.333,136.321,143.811,127.129,127.533
1319.6,93.638,91.305,140.048,93.044,99.272,136.286,143.751,127.089,127.574
1319.7,93.572,91.305,140.048,93.11,99.333,136.321,143.751,127.089,127.614
1319.8,93.638,91.372,140.048,93.11,99.211,136.286,143.72,127.089,127.493
1319.9,93.638,91.305,140.015,93.177,99.272,136.321,143.751,127.089,127.574
1320.0,93.572,91.305,140.048,93.177,99.272,136.321,143.751,127.089,127.533
1320.1,93.638,91.305,139.95,93.11,99.211,136.425,143.751,127.089,127.574
1320.2,93.638,91.305,140.015,93.11,99.211,136.286,143.69,127.089,127.533
1320.3,93.572,91.305,140.015,93.11,99.211,136.286,143.72,127.089,127.574
1320.4,93.572,91.237,140.048,93.177,99.211,136.321,143.811,127.129,127.533
1320.5,93.638,91.237,140.048,93.11,99.211,136.286,143.72,127.17,127.493
1320.6,93.572,91.237,140.015,93.177,99.211,136.321,143.781,127.089,127.574
1320.7,93.572,91.237,140.015,93.11,99.211,136.356,143.72,127.089,127.574
1320.8,93.572,91.305,140.048,93.11,99.088,136.321,143.69,127.129,127.574
1320.9,93.572,91.237,140.015,93.044,99.211,136.286,143.69,127.089,127.493
1321.0,93.638,91.237,140.015,93.177,99.15,136.356,143.69,127.089,127.574
1321.1,93.572,91.169,140.015,93.044,99.088,136.356,143.72,127.089,127.453
1321.2,93.572,91.169,140.048,93.11,99.088,136.252,143.72,127.129,127.574
1321.3,93.638,91.169,140.015,93.11,99.088,136.252,143.72,127.089,127.493
1321.4,93.572,91.169,140.08,93.11,99.088,136.356,143.69,127.048,127.533
1321.5,93.638,91.102,140.015,93.11,99.088,136.286,143.72,127.048,127.533
1321.6,93.572,91.169,140.048,93.177,99.15,136.286,143.69,127.089,127.533
1321.7,93.44,91.102,140.08,93.11,99.027,136.286,143.72,127.17,127.614
1321.8,93.572,91.034,140.015,93.177,99.027,136.286,143.69,127.089,127.493
1321.9,93.506,91.169,139.983,93.11,99.088,136.321,143.72,127.129,127.574
1322.0,93.572,91.034,140.015,93.11,99.027,136.286,143.69,127.089,127.533
1322.1,93.572,91.034,140.015,93.11,98.966,136.356,143.69,127.129,127.574
1322.2,93.506,91.034,140.015,93.11,98.905,136.252,143.72,127.089,127.493
1322.3,93.44,91.034,139.983,93.044,99.027,136.252,143.72,127.089,127.453
1322.4,93.506,90.966,140.048,93.044,98.966,136.286,143.72,127.089,127.533
1322.5,93.506,91.034,140.015,93.11,99.027,136.286,143.69,127.089,127.574
1322.6,93.572,90.966,140.015,93.11,98.782,136.286,143.659,127.089,127.533
1322.7,93.572,90.966,139.983,93.044,98.966,136.252,143.72,127.129,127.533
1322.8,93.506,90.966,139.983,93.11,98.905,136.252,143.72,127.089,127.533
1322.9,93.572,90.966,139.983,93.11,98.905,136.321,143.69,127.089,127.574
1323.0,93.638,90.762,139.983,93.044,98.905,136.217,143.751,127.129,127.533
1323.1,93.572,91.034,140.015,93.11,98.843,136.286,143.72,127.089,127.614
1323.2,93.572,90.898,140.015,93.11,98.966,136.286,143.69,127.048,127.574
1323.3,93.506,90.898,139.983,93.11,98.905,136.252,143.751,127.129,127.533
1323.4,93.638,90.898,140.015,93.11,98.843,136.217,143.659,127.089,127.533
1323.5,93.506,90.898,139.983,93.177,98.905,136.252,143.72,127.129,127.533
1323.6,93.506,90.83,140.015,93.177,99.027,136.286,143.72,127.129,127.533
1323.7,93.506,90.898,139.983,93.11,98.782,136.286,143.72,127.089,127.493
1323.8,93.572,90.966,139.983,93.11,98.782,136.286,143.72,127.089,127.574
1323.9,93.572,90.83,140.048,93.11,98.843,136.39,143.69,127.089,127.574
1324.0,93.572,90.83,140.015,93.044,98.843,136.182,143.72,127.089,127.533
1324.1,93.506,90.83,139.983,93.11,98.782,136.182,143.69,127.089,127.533
1324.2,93.506,90.898,140.015,93.044,98.843,136.286,143.69,127.17,127.533
1324.3,93.506,90.83,140.015,93.177,98.782,136.252,143.659,127.089,127.493
1324.4,93.506,90.83,139.95,93.11,98.843,136.252,143.69,127.089,127.574
1324.5,93.572,90.83,140.08,93.11,98.782,136.286,143.751,127.089,127.574
1324.6,93.506,90.83,139.983,93.11,98.721,136.252,143.72,127.089,127.533
1324.7,93.572,90.83,139.983,93.11,98.782,136.252,143.69,127.089,127.493
1324.8,93.572,90.83,140.015,93.044,98.721,136.217,143.69,127.089,127.574
1324.9,93.506,90.762,139.983,93.11,98.721,136.286,143.69,127.129,127.533
1325.0,93.703,90.83,139.95,93.044,98.721,136.252,143.72,127.048,127.533
1325.1,93.506,90.762,139.95,93.11,98.721,136.321,143.72,127.089,127.493
1325.2,93.506,90.83,139.95,93.11,98.721,136.252,143.659,127.129,127.493
1325.3,93.506,90.83,139.983,93.177,98.721,136.252,143.659,127.089,127.574
1325.4,93.506,90.694,139.983,93.044,98.659,136.286,143.69,127.007,127.533
1325.5,93.506,90.694,140.015,93.11,98.659,136.217,143.72,127.129,127.493
1325.6,93.506,90.762,140.015,93.11,98.721,136.252,143.69,127.089,127.493
1325.7,93.44,90.694,139.95,93.044,98.659,136.217,143.69,127.048,127.493
1325.8,93.572,90.626,139.95,93.11,98.597,136.252,143.69,127.129,127.533
1325.9,93.506,90.694,139.983,93.044,98.597,136.286,143.72,127.129,127.533
1326.0,93.506,90.626,139.95,93.044,98.597,136.252,143.69,127.048,127.533
1326.1,93.638,90.694,139.983,93.044,98.536,136.217,143.72,127.17,127.493
1326.2,93.506,90.694,139.983,93.11,98.597,136.217,143.69,127.007,127.574
1326.3,93.572,90.557,139.983,93.044,98.536,136.252,143.72,127.048,127.574
1326.4,93.572,90.626,140.015,93.044,98.536,136.252,143.69,127.089,127.493
1326.5,93.506,90.557,139.983,93.044,98.597,136.217,143.69,127.007,127.493
1326.6,93.44,90.557,139.95,93.11,98.597,136.217,143.69,127.089,127.533
1326.7,93.506,90.626,139.95,93.044,98.536,136.217,143.69,127.089,127.574
1326.8,93.572,90.489,139.983,93.044,98.536,136.252,143.69,127.129,127.533
1326.9,93.506,90.489,139.95,93.044,98.536,136.217,143.659,127.089,127.533
1327.0,93.506,90.352,140.08,93.11,98.474,136.217,143.659,127.089,127.493
1327.1,93.506,90.489,139.95,93.11,98.413,136.252,143.69,127.089,127.574
1327.2,93.572,90.489,139.983,93.044,98.474,136.217,143.69,127.048,127.493
1327.3,93.44,90.489,140.048,92.978,98.474,136.217,143.72,127.089,127.533
1327.4,93.44,90.489,140.048,93.11,98.474,136.217,143.69,127.089,127.493
1327.5,93.572,90.489,139.983,93.044,98.536,136.217,143.69,127.089,127.493
1327.6,93.506,90.489,140.048,93.044,98.413,136.217,143.659,127.089,127.574
1327.7,93.506,90.489,139.95,93.044,98.351,136.217,143.69,127.089,127.493
1327.8,93.506,90.421,139.918,92.978,98.413,136.252,143.72,127.089,127.533
1327.9,93.506,90.421,140.015,93.044,98.413,136.252,143.69,127.048,127.493
1328.0,93.506,90.421,139.983,93.11,98.351,136.252,143.69,127.089,127.493
1328.1,93.506,90.421,139.95,93.044,98.351,136.252,143.69,127.089,127.614
1328.2,93.44,90.421,139.95,93.044,98.413,136.252,143.69,127.129,127.493
1328.3,93.506,90.352,139.95,93.044,98.289,136.217,143.659,127.089,127.574
1328.4,93.506,90.352,139.983,93.044,98.289,136.182,143.659,127.089,127.493
1328.5,93.506,90.284,139.983,92.978,98.227,136.182,143.69,127.089,127.493
1328.6,93.572,90.352,139.95,93.044,98.289,136.182,143.69,127.17,127.493
1328.7,93.506,90.352,139.95,93.044,98.227,136.182,143.659,127.129,127.493
1328.8,93.44,90.352,139.885,92.978,98.165,136.217,143.659,127.048,127.533
1328.9,93.506,90.421,139.885,93.044,98.289,136.217,143.659,127.048,127.533
1329.0,93.44,90.284,139.983,92.978,98.227,136.182,143.69,127.048,127.493
1329.1,93.44,90.284,139.918,92.978,98.165,136.217,143.69,127.129,127.493
1329.2,93.572,90.215,139.918,92.912,98.165,136.182,143.659,127.048,127.493
1329.3,93.44,90.284,139.885,92.978,98.165,136.182,143.69,127.007,127.574
1329.4,93.506,90.284,139.918,92.978,98.165,136.252,143.69,127.048,127.493
1329.5,93.44,90.215,139.918,93.11,98.227,136.182,143.69,127.089,127.533
1329.6,93.44,90.284,139.918,93.044,98.165,136.182,143.659,127.089,127.493
1329.7,93.44,90.215,139.918,92.978,98.165,136.182,143.659,127.129,127.493
1329.8,93.44,90.215,139.918,93.11,98.103,136.217,143.659,127.048,127.533
1329.9,93.572,90.146,139.918,93.044,98.227,136.182,143.69,127.089,127.493
1330.0,93.44,90.078,139.918,93.11,98.165,136.182,143.69,127.048,127.493
1330.1,93.506,90.146,139.885,92.978,98.165,136.182,143.69,127.089,127.493
1330.2,93.506,90.215,139.918,93.044,98.165,136.217,143.69,127.048,127.533
1330.3,93.638,90.215,139.95,92.978,98.103,136.182,143.72,127.129,127.493
1330.4,93.506,90.215,139.95,93.044,98.103,136.217,143.659,127.089,127.574
1330.5,93.44,90.146,139.95,92.978,98.103,136.147,143.69,127.089,127.533
1330.6,93.506,90.078,139.95,92.912,98.041,136.182,143.72,127.089,127.533
1330.7,93.44,90.215,139.885,92.978,98.103,136.182,143.659,127.089,127.453
1330.8,93.44,90.078,139.885,92.978,98.103,136.112,143.659,127.089,127.493
1330.9,93.506,90.009,139.95,92.978,98.103,136.182,143.69,127.089,127.493
1331.0,93.44,90.078,139.918,93.044,98.041,136.147,143.69,127.089,127.533
1331.1,93.374,90.146,139.95,93.044,98.041,136.182,143.659,127.089,127.493
1331.2,93.44,90.009,139.918,92.912,97.979,136.147,143.69,127.048,127.493
1331.3,93.506,90.078,139.95,93.044,97.979,136.147,143.659,127.048,127.493
1331.4,93.44,90.078,139.885,92.978,98.041,136.217,143.659,127.089,127.574
1331.5,93.44,90.078,139.82,92.978,97.917,136.182,143.659,127.089,127.574
1331.6,93.44,90.078,139.918,93.044,98.041,136.147,143.629,127.089,127.493
1331.7,93.44,90.009,139.95,93.044,97.917,136.182,143.659,127.048,127.493
1331.8,93.44,90.146,139.885,92.978,97.917,136.147,143.69,127.089,127.453
1331.9,93.506,89.94,139.885,92.978,97.979,136.147,143.751,127.089,127.493
1332.0,93.506,90.009,139.95,93.044,97.979,136.182,143.659,127.089,127.493
1332.1,93.44,90.009,139.885,92.978,97.917,136.217,143.69,127.089,127.493
1332.2,93.44,90.009,139.853,93.044,97.855,136.182,143.781,127.089,127.493
1332.3,93.374,89.94,139.885,92.978,97.979,136.147,143.659,127.048,127.493
1332.4,93.374,90.009,139.918,93.11,97.917,136.182,143.69,127.007,127.493
1332.5,93.44,89.871,139.885,92.978,97.917,136.182,143.69,127.129,127.533
1332.6,93.506,89.94,139.885,92.978,97.979,136.147,143.69,127.089,127.533
1332.7,93.506,90.009,139.885,92.978,97.917,136.182,143.629,127.17,127.493
1332.8,93.506,89.871,139.885,92.912,97.917,136.112,143.69,127.048,127.574
1332.9,93.44,90.009,139.918,92.978,97.917,136.217,143.659,127.089,127.493
1333.0,93.572,89.871,139.885,92.978,97.793,136.182,143.599,127.089,127.533
1333.1,93.374,89.871,139.885,93.11,97.917,136.147,143.629,127.048,127.493
1333.2,93.374,89.871,139.885,93.044,97.917,136.182,143.659,127.089,127.453
1333.3,93.44,89.871,139.885,92.978,97.855,136.182,143.659,127.089,127.574
1333.4,93.374,89.871,139.885,93.044,97.793,136.182,143.72,127.089,127.533
1333.5,93.506,89.871,139.95,92.978,97.855,136.147,143.69,127.007,127.493
1333.6,93.44,89.871,139.885,92.978,97.793,136.147,143.659,127.048,127.493
1333.7,93.44,89.803,139.885,93.044,97.793,136.182,143.69,127.089,127.493
1333.8,93.44,89.803,139.918,93.044,97.793,136.147,143.629,127.089,127.453
1333.9,93.44,89.803,139.918,93.044,97.855,136.147,143.659,127.048,127.493
1334.0,93.506,89.871,139.95,92.912,97.731,136.217,143.659,127.089,127.533
1334.1,93.44,89.871,139.918,92.978,97.793,136.147,143.659,127.089,127.493
1334.2,93.44,89.734,139.885,92.978,97.731,136.112,143.659,127.089,127.493
1334.3,93.44,89.803,139.885,92.978,97.793,136.147,143.659,127.089,127.493
1334.4,93.44,89.803,139.885,92.978,97.793,136.147,143.72,127.089,127.493
1334.5,93.44,89.803,139.95,92.978,97.731,136.147,143.751,127.089,127.493
1334.6,93.44,89.803,139.918,92.978,97.793,136.147,143.659,127.048,127.533
1334.7,93.44,89.803,139.885,92.912,97.668,136.147,143.629,127.048,127.493
1334.8,93.44,89.803,139.918,92.978,97.793,136.147,143.659,127.048,127.533
1334.9,93.44,89.734,139.885,92.978,97.668,136.182,143.629,127.048,127.533
1335.0,93.44,89.734,139.885,92.978,97.668,136.182,143.659,127.089,127.533
1335.1,93.44,89.803,139.82,92.978,97.668,136.252,143.629,127.089,127.574
1335.2,93.44,89.734,139.853,92.978,97.731,136.147,143.599,127.048,127.493
1335.3,93.44,89.803,139.95,92.912,97.731,136.147,143.629,127.048,127.493
1335.4,93.44,89.734,139.853,92.978,97.668,136.112,143.659,127.089,127.493
1335.5,93.374,89.665,139.885,92.978,97.668,136.112,143.659,127.048,127.493
1335.6,93.44,89.734,139.918,93.044,97.606,136.147,143.69,127.048,127.574
1335.7,93.374,89.665,139.885,92.912,97.668,136.147,143.599,127.048,127.493
1335.8,93.243,89.665,139.853,92.978,97.606,136.112,143.629,127.048,127.493
1335.9,93.506,89.665,139.885,93.11,97.543,136.112,143.659,127.089,127.453
1336.0,93.309,89.596,139.853,93.044,97.606,136.147,143.659,127.007,127.493
1336.1,93.374,89.734,139.885,92.912,97.606,136.147,143.659,127.089,127.493
1336.2,93.506,89.665,139.853,92.912,97.543,136.112,143.659,127.089,127.493
1336.3,93.374,89.596,139.853,92.912,97.543,136.147,143.659,127.17,127.493
1336.4,93.309,89.526,139.918,93.177,97.481,136.182,143.629,127.129,127.493
1336.5,93.374,89.596,139.885,92.978,97.606,136.112,143.629,127.048,127.493
1336.6,93.44,89.596,139.918,92.912,97.543,136.147,143.659,127.048,127.493
1336.7,93.44,89.457,139.885,92.912,97.543,136.147,143.629,127.048,127.493
1336.8,93.44,89.596,139.885,92.912,97.481,136.112,143.659,127.089,127.493
1336.9,93.44,89.596,139.885,92.978,97.481,136.147,143.629,127.089,127.493
1337.0,93.506,89.596,139.95,92.912,97.481,136.147,143.659,127.048,127.493
1337.1,93.44,89.457,139.885,92.912,97.543,136.112,143.629,127.129,127.493
1337.2,93.44,89.526,139.853,92.912,97.543,136.112,143.629,127.048,127.574
1337.3,93.44,89.526,139.885,92.978,97.481,136.112,143.659,127.048,127.493
1337.4,93.44,89.526,139.853,92.978,97.481,136.112,143.659,127.048,127.493
1337.5,93.374,89.526,139.885,92.912,97.543,136.112,143.69,127.048,127.453
1337.6,93.374,89.457,139.885,92.912,97.419,136.112,143.599,127.048,127.493
1337.7,93.44,89.457,139.853,92.912,97.419,136.112,143.659,127.089,127.533
1337.8,93.44,89.457,139.82,92.846,97.419,136.112,143.659,127.048,127.453
1337.9,93.374,89.457,139.885,92.978,97.419,136.078,143.69,127.048,127.493
1338.0,93.374,89.457,139.853,92.978,97.419,136.112,143.599,127.089,127.493
1338.1,93.374,89.457,139.853,92.978,97.419,136.112,143.629,127.089,127.493
1338.2,93.374,89.457,139.82,92.978,97.419,136.112,143.568,127.048,127.493
1338.3,93.44,89.457,139.853,92.846,97.419,136.112,143.659,127.089,127.493
1338.4,93.374,89.457,139.885,92.978,97.356,136.112,143.659,127.048,127.493
1338.5,93.44,89.388,139.853,92.978,97.356,136.078,143.568,127.089,127.453
1338.6,93.374,89.319,139.853,92.912,97.356,136.112,143.659,127.048,127.453
1338.7,93.374,89.319,139.885,92.978,97.293,136.112,143.659,127.089,127.412
1338.8,93.374,89.388,139.82,92.978,97.356,136.112,143.629,127.089,127.453
1338.9,93.374,89.388,139.82,92.912,97.293,136.112,143.659,127.048,127.493
1339.0,93.374,89.249,139.82,92.978,97.293,136.147,143.629,127.089,127.493
1339.1,93.374,89.388,139.787,92.978,97.293,136.078,143.599,127.048,127.453
1339.2,93.44,89.457,139.853,92.912,97.293,136.112,143.659,127.048,127.574
1339.3,93.44,89.388,139.853,92.978,97.293,136.078,143.599,127.089,127.493
1339.4,93.374,89.388,139.885,92.978,97.293,136.112,143.599,127.089,127.493
1339.5,93.506,89.388,139.885,92.978,97.293,136.078,143.659,127.089,127.453
1339.6,93.374,89.249,139.82,92.912,97.356,136.112,143.629,127.089,127.493
1339.7,93.44,89.249,139.853,92.978,97.293,136.112,143.72,127.048,127.533
1339.8,93.44,89.319,139.918,92.912,97.293,136.078,143.629,127.129,127.412
1339.9,93.44,89.388,139.885,92.978,97.293,136.008,143.629,127.089,127.493
1340.0,93.374,89.249,139.853,92.912,97.293,136.078,143.538,127.129,127.453
1340.1,93.44,89.319,139.853,92.846,97.293,136.112,143.659,127.048,127.614
1340.2,93.44,89.249,139.853,92.846,97.231,136.112,143.69,127.089,127.493
1340.3,93.309,89.249,139.885,92.912,97.231,136.112,143.599,127.048,127.493
1340.4,93.44,89.249,139.885,92.912,97.231,136.043,143.599,127.129,127.412
1340.5,93.243,89.18,139.853,92.912,97.231,136.078,143.599,127.048,127.493
1340.6,93.374,89.249,139.885,92.846,97.231,136.078,143.659,127.048,127.493
1340.7,93.309,89.18,139.853,92.912,97.293,136.112,143.599,127.089,127.533
1340.8,93.44,89.249,139.95,92.846,97.042,136.078,143.629,127.048,127.453
1340.9,93.44,89.249,139.853,92.912,97.042,136.043,143.599,127.129,127.493
1341.0,93.309,89.18,139.82,92.846,97.168,136.147,143.629,127.048,127.493
1341.1,93.374,89.18,139.82,92.978,97.168,136.078,143.659,127.089,127.493
1341.2,93.374,89.11,139.885,92.912,97.105,136.078,143.568,127.089,127.453
1341.3,93.309,89.18,139.82,92.912,97.168,136.078,143.659,127.048,127.453
1341.4,93.309,89.11,139.853,92.912,97.105,136.147,143.629,127.048,127.533
1341.5,93.374,89.18,139.853,92.912,97.105,136.078,143.599,127.089,127.493
1341.6,93.374,89.18,139.82,92.912,97.042,136.078,143.568,127.048,127.493
1341.7,93.309,89.11,139.82,92.978,97.042,136.043,143.629,127.048,127.453
1341.8,93.374,89.041,139.82,93.11,97.042,136.112,143.599,127.089,127.533
1341.9,93.374,89.11,139.853,92.912,96.98,136.112,143.568,127.129,127.493
1342.0,93.374,89.11,139.82,92.978,97.105,136.043,143.629,127.089,127.493
1342.1,93.374,89.041,139.82,92.912,97.042,136.043,143.629,127.089,127.493
1342.2,93.309,89.041,139.82,92.846,96.98,136.078,143.599,127.089,127.493
1342.3,93.309,89.041,139.853,92.846,97.105,136.043,143.599,127.089,127.453
1342.4,93.243,89.11,139.82,92.846,96.98,136.008,143.629,127.089,127.453
1342.5,93.374,89.041,139.853,92.912,97.105,136.147,143.568,127.048,127.493
1342.6,93.374,89.041,139.82,92.846,96.98,136.043,143.629,127.089,127.453
1342.7,93.374,89.041,139.787,92.912,96.98,136.043,143.599,127.048,127.493
1342.8,93.44,89.041,139.787,92.846,96.98,136.078,143.659,127.089,127.493
1342.9,93.374,89.041,139.787,92.912,96.98,136.043,143.599,127.129,127.493
1343.0,93.309,89.041,139.82,92.978,96.917,136.008,143.599,127.089,127.453
1343.1,93.243,88.971,139.853,92.912,97.042,136.043,143.568,127.089,127.453
1343.2,93.309,88.971,139.853,92.912,96.98,136.043,143.568,127.089,127.412
1343.3,93.374,88.901,139.787,92.912,96.854,136.078,143.629,127.048,127.493
1343.4,93.374,88.971,139.885,92.912,96.854,136.043,143.599,127.007,127.453
1343.5,93.44,88.901,139.787,92.912,96.98,136.043,143.568,127.17,127.453
1343.6,93.309,88.901,139.853,92.912,96.917,136.078,143.599,127.089,127.372
1343.7,93.309,88.971,139.787,92.846,96.854,136.112,143.599,127.048,127.453
1343.8,93.44,88.901,139.853,92.846,96.917,136.043,143.659,127.129,127.493
1343.9,93.309,88.901,139.82,92.912,96.791,136.078,143.568,127.048,127.453
1344.0,93.309,88.901,139.82,92.912,96.854,136.078,143.599,127.089,127.493
1344.1,93.374,88.901,139.787,92.912,96.854,136.043,143.599,127.048,127.453
1344.2,93.243,88.901,139.787,92.846,96.917,136.112,143.599,127.129,127.533
1344.3,93.309,88.901,139.787,92.912,96.854,136.043,143.599,127.048,127.453
1344.4,93.44,88.832,139.82,92.912,96.854,136.043,143.629,127.048,127.493
1344.5,93.309,88.832,139.82,92.912,96.854,136.043,143.599,127.089,127.412
1344.6,93.374,88.901,139.787,92.912,96.854,136.043,143.659,127.089,127.493
1344.7,93.44,88.901,139.853,92.978,96.854,136.043,143.599,127.089,127.453
1344.8,93.309,88.832,139.755,92.779,96.854,136.043,143.629,127.048,127.493
1344.9,93.309,88.832,139.755,92.978,96.854,136.043,143.659,127.089,127.493
1345.0,93.374,88.901,139.787,92.846,96.791,136.078,143.599,127.089,127.533
1345.1,93.309,88.832,139.853,92.912,96.791,136.043,143.568,127.089,127.493
1345.2,93.309,88.901,139.82,92.978,96.791,136.043,143.599,127.089,127.453
1345.3,93.309,88.762,139.787,92.846,96.791,136.043,143.599,127.089,127.493
1345.4,93.374,88.832,139.82,92.912,96.664,136.078,143.599,127.007,127.533
1345.5,93.374,88.832,139.787,92.846,96.728,136.043,143.568,127.007,127.493
1345.6,93.309,88.832,139.82,92.846,96.728,136.043,143.599,127.089,127.493
1345.7,93.309,88.762,139.787,92.912,96.728,136.043,143.599,127.048,127.493
1345.8,93.374,88.762,139.82,92.912,96.791,136.078,143.568,127.007,127.493
1345.9,93.374,88.832,139.82,92.912,96.728,136.043,143.599,127.048,127.453
1346.0,93.374,88.832,139.787,92.846,96.728,136.078,143.599,127.048,127.493
1346.1,93.309,88.832,139.82,92.846,96.664,136.043,143.568,127.007,127.453
1346.2,93.374,88.692,139.787,92.846,96.664,136.043,143.659,127.048,127.493
1346.3,93.374,88.832,139.82,92.912,96.664,136.008,143.629,127.048,127.493
1346.4,93.374,88.762,139.787,92.912,96.664,136.043,143.568,127.089,127.453
1346.5,93.309,88.692,139.853,92.779,96.728,136.112,143.599,127.089,127.493
1346.6,93.374,88.692,139.787,92.912,96.728,136.043,143.629,127.048,127.453
1346.7,93.374,88.692,139.82,92.846,96.728,136.008,143.538,127.089,127.453
1346.8,93.309,88.692,139.82,92.846,96.791,136.008,143.538,127.048,127.493
1346.9,93.374,88.692,139.787,92.846,96.728,136.078,143.599,127.089,127.493
1347.0,93.243,88.692,139.755,92.846,96.854,136.008,143.568,127.089,127.453
1347.1,93.309,88.762,139.787,92.978,96.728,136.078,143.599,127.048,127.533
1347.2,93.309,88.622,139.755,92.912,96.664,136.008,143.659,127.089,127.453
1347.3,93.309,88.692,139.755,92.846,96.601,136.043,143.568,127.089,127.453
1347.4,93.309,88.622,139.755,92.846,96.538,136.043,143.568,127.048,127.453
1347.5,93.309,88.622,139.755,92.912,96.728,136.043,143.538,127.048,127.412
1347.6,93.374,88.692,139.755,92.846,96.601,136.078,143.599,127.089,127.493
1347.7,93.374,88.762,139.82,92.978,96.601,136.043,143.659,127.089,127.533
1347.8,93.309,88.692,139.755,92.779,96.601,136.043,143.568,127.089,127.453
1347.9,93.309,88.622,139.787,92.846,96.601,136.043,143.568,127.048,127.493
1348.0,93.374,88.762,139.755,92.912,96.538,136.008,143.568,127.089,127.493
1348.1,93.374,88.622,139.722,92.912,96.601,135.973,143.599,127.048,127.493
1348.2,93.309,88.622,139.787,92.779,96.664,136.008,143.568,127.048,127.493
1348.3,93.243,88.622,139.755,92.846,96.538,136.043,143.568,127.089,127.493
1348.4,93.309,88.622,139.787,92.846,96.538,136.043,143.568,127.089,127.453
1348.5,93.309,88.622,139.787,92.912,96.601,136.078,143.629,127.048,127.453
1348.6,93.309,88.552,139.787,92.846,96.538,136.008,143.599,127.089,127.453
1348.7,93.309,88.622,139.787,92.912,96.664,136.078,143.599,127.089,127.493
1348.8,93.309,88.622,139.787,92.846,96.538,136.043,143.629,127.129,127.493
1348.9,93.309,88.622,139.787,92.779,96.538,136.078,143.599,127.089,127.453
1349.0,93.309,88.622,139.787,92.846,96.538,136.043,143.599,127.048,127.453
1349.1,93.309,88.622,139.755,92.846,96.601,136.043,143.599,127.048,127.493
1349.2,93.309,88.622,139.755,92.846,96.411,136.043,143.599,127.048,127.453
1349.3,93.243,88.552,139.82,92.846,96.475,136.043,143.599,127.089,127.533
1349.4,93.243,88.622,139.853,92.912,96.475,136.008,143.599,127.089,127.493
1349.5,93.309,88.482,139.787,92.846,96.475,135.973,143.599,127.048,127.453
1349.6,93.309,88.552,139.82,92.846,96.475,136.008,143.568,127.089,127.453
1349.7,93.243,88.552,139.755,92.846,96.411,136.043,143.568,127.048,127.493
1349.8,93.243,88.552,139.755,92.912,96.411,136.043,143.599,127.048,127.412
1349.9,93.177,88.552,139.82,92.779,96.411,135.973,143.599,127.089,127.493
1350.0,93.177,88.482,139.755,92.846,96.411,136.008,143.599,127.089,127.453
1350.1,93.243,88.482,139.722,92.846,96.348,136.008,143.599,127.048,127.493
1350.2,93.309,88.552,139.787,92.846,96.348,136.043,143.599,127.089,127.493
1350.3,93.309,88.552,139.82,92.846,96.475,136.008,143.599,127.089,127.453
1350.4,93.309,88.552,139.787,92.779,96.411,135.938,143.568,127.089,127.453
1350.5,93.243,88.482,139.755,92.846,96.411,136.008,143.568,127.048,127.372
1350.6,93.177,88.482,139.755,92.779,96.411,135.973,143.477,127.048,127.493
1350.7,93.177,88.482,139.82,92.912,96.411,135.973,143.568,127.048,127.453
1350.8,93.309,88.482,139.787,92.846,96.348,135.973,143.568,127.089,127.493
1350.9,93.309,88.412,139.689,92.779,96.348,136.043,143.538,127.129,127.493
1351.0,93.309,88.482,139.755,92.779,96.411,136.008,143.568,127.089,127.493
1351.1,93.243,88.552,139.755,92.846,96.411,135.973,143.599,127.048,127.453
1351.2,93.243,88.482,139.787,92.846,96.348,136.008,143.568,127.089,127.453
1351.3,93.243,88.482,139.755,92.846,96.348,136.043,143.568,127.048,127.493
1351.4,93.243,88.412,139.722,92.846,96.348,136.008,143.568,127.048,127.453
1351.5,93.309,88.552,139.755,92.779,96.285,135.973,143.568,127.048,127.493
1351.6,93.243,88.482,139.787,92.846,96.411,136.008,143.629,127.048,127.453
1351.7,93.177,88.482,139.722,92.846,96.348,136.008,143.538,127.048,127.493
1351.8,93.243,88.622,139.722,92.912,96.348,136.008,143.599,127.089,127.453
1351.9,93.309,88.552,139.755,92.846,96.348,135.973,143.568,127.089,127.453
1352.0,93.11,88.482,139.787,92.846,96.285,135.938,143.599,127.007,127.453
1352.1,93.243,88.482,139.755,92.713,96.285,136.008,143.629,127.17,127.493
1352.2,93.243,88.482,139.755,92.779,96.285,136.043,143.568,127.048,127.533
1352.3,93.243,88.482,139.787,92.846,96.348,136.112,143.568,127.129,127.533
1352.4,93.243,88.482,139.722,92.779,96.348,135.973,143.568,127.048,127.493
1352.5,93.11,88.482,139.755,92.846,96.221,136.008,143.568,127.089,127.614
1352.6,93.243,88.482,139.755,92.846,96.221,135.973,143.599,127.089,127.412
1352.7,93.243,88.412,139.787,92.779,96.348,135.973,143.599,127.007,127.453
1352.8,93.243,88.552,139.755,92.779,96.221,136.008,143.538,127.089,127.453
1352.9,93.177,88.482,139.755,92.846,96.221,136.008,143.629,127.089,127.453
1353.0,93.243,88.482,139.755,92.846,96.285,136.008,143.599,127.048,127.453
1353.1,93.309,88.482,139.755,92.779,96.221,135.973,143.568,127.089,127.493
1353.2,93.374,88.482,139.787,92.779,96.221,136.008,143.568,127.129,127.493
1353.3,93.243,88.482,139.755,92.779,96.348,135.973,143.568,127.089,127.493
1353.4,93.309,88.412,139.787,92.846,96.221,135.973,143.599,127.089,127.453
1353.5,93.177,88.482,139.755,92.846,96.158,136.008,143.568,127.048,127.453
1353.6,93.243,88.552,139.722,92.779,96.221,136.008,143.568,127.089,127.493
1353.7,93.243,88.482,139.787,92.912,96.158,135.973,143.568,127.129,127.453
1353.8,93.243,88.482,139.755,92.779,96.158,136.008,143.568,127.048,127.453
1353.9,93.243,88.342,139.755,92.846,96.221,135.973,143.599,127.007,127.453
1354.0,93.177,88.482,139.755,92.846,96.158,135.973,143.568,127.089,127.453
1354.1,93.243,88.412,139.755,92.779,96.221,135.973,143.538,127.089,127.412
1354.2,93.177,88.412,139.755,92.713,96.158,136.043,143.568,127.048,127.453
1354.3,93.243,88.412,139.689,92.779,96.158,135.973,143.568,127.048,127.453
1354.4,93.177,88.552,139.755,92.846,96.221,135.973,143.507,127.048,127.453
1354.5,93.177,88.342,139.755,92.713,96.158,135.973,143.568,127.089,127.493
1354.6,93.177,88.482,139.722,92.713,96.158,135.973,143.538,127.048,127.453
1354.7,93.243,88.482,139.787,92.846,96.158,136.008,143.599,127.048,127.493
1354.8,93.177,88.482,139.689,92.713,96.221,135.973,143.568,127.089,127.453
1354.9,93.177,88.412,139.657,92.713,95.967,135.973,143.568,127.048,127.453
1355.0,93.177,88.412,139.787,92.846,96.094,135.938,143.538,127.089,127.372
1355.1,93.243,88.482,139.755,92.713,96.094,135.938,143.538,127.048,127.533
1355.2,93.243,88.482,139.755,92.713,96.03,135.938,143.599,127.089,127.453
1355.3,93.177,88.412,139.722,92.713,96.094,135.903,143.568,127.048,127.493
1355.4,93.177,88.412,139.689,92.713,96.03,135.973,143.538,127.048,127.453
1355.5,93.177,88.482,139.82,92.779,96.03,135.938,143.538,127.089,127.453
1355.6,93.177,88.412,139.755,92.713,96.03,135.973,143.538,127.089,127.493
1355.7,93.177,88.482,139.722,92.713,96.03,136.043,143.538,127.089,127.453
1355.8,93.243,88.482,139.755,92.713,96.094,135.973,143.568,127.089,127.412
1355.9,93.177,88.412,139.657,92.779,96.03,135.973,143.568,127.048,127.453
1356.0,93.177,88.412,139.657,92.779,96.03,136.008,143.568,127.089,127.493
1356.1,93.11,88.552,139.755,92.713,96.03,135.973,143.568,127.048,127.453
1356.2,93.177,88.552,139.755,92.713,96.094,135.938,143.538,127.089,127.493
1356.3,93.243,88.482,139.755,92.713,96.03,135.938,143.538,127.129,127.453
1356.4,93.243,88.482,139.722,92.779,96.03,135.903,143.599,127.089,127.493
1356.5,93.243,88.482,139.853,92.779,95.967,135.973,143.568,127.048,127.493
1356.6,93.243,88.342,139.755,92.779,96.03,135.973,143.538,127.089,127.493
1356.7,93.177,88.412,139.722,92.713,96.094,135.973,143.538,127.048,127.453
1356.8,93.243,88.482,139.755,92.713,96.03,135.973,143.538,127.048,127.453
1356.9,93.243,88.412,139.755,92.713,96.094,135.938,143.538,127.129,127.453
1357.0,93.243,88.552,139.755,92.646,96.03,135.973,143.568,127.129,127.453
1357.1,93.243,88.412,139.722,92.713,96.03,135.938,143.507,127.089,127.453
1357.2,93.243,88.482,139.722,92.713,95.967,135.938,143.507,127.048,127.453
1357.3,93.243,88.412,139.722,92.713,95.967,135.938,143.599,127.048,127.453
1357.4,93.243,88.482,139.755,92.713,95.903,136.043,143.538,127.089,127.453
1357.5,93.177,88.482,139.722,92.713,95.967,135.938,143.568,127.007,127.493
1357.6,93.177,88.482,139.755,92.646,95.967,135.938,143.507,127.048,127.453
1357.7,93.243,88.482,139.722,92.646,95.967,135.938,143.568,127.129,127.493
1357.8,93.177,88.412,139.722,92.713,95.967,135.938,143.568,127.129,127.493
1357.9,93.243,88.482,139.755,92.646,95.903,135.938,143.568,127.048,127.453
1358.0,93.177,88.482,139.722,92.713,95.967,135.938,143.599,127.089,127.493
1358.1,93.177,88.412,139.722,92.713,95.903,135.973,143.568,127.048,127.574
1358.2,93.177,88.552,139.722,92.646,95.903,135.973,143.538,127.048,127.533
1358.3,93.243,88.482,139.722,92.713,95.903,135.973,143.599,127.089,127.453
1358.4,93.243,88.552,139.755,92.713,95.967,136.043,143.507,127.089,127.453
1358.5,93.243,88.482,139.689,92.713,95.967,135.903,143.538,127.048,127.453
1358.6,93.243,88.482,139.787,92.646,95.903,135.973,143.568,127.048,127.453
1358.7,93.243,88.552,139.722,92.713,95.967,135.903,143.477,127.089,127.412
1358.8,93.243,88.482,139.722,92.713,95.967,135.938,143.538,127.007,127.493
1358.9,93.243,88.552,139.722,92.58,95.839,135.938,143.568,127.048,127.453
1359.0,93.177,88.552,139.755,92.713,95.903,135.938,143.568,127.089,127.453
1359.1,93.309,88.482,139.689,92.646,95.903,135.903,143.568,127.089,127.453
1359.2,93.309,88.552,139.689,92.646,95.903,135.938,143.538,127.089,127.453
1359.3,93.243,88.482,139.755,92.646,95.839,135.938,143.538,127.089,127.332
1359.4,93.309,88.482,139.657,92.58,95.903,135.938,143.538,127.048,127.453
1359.5,93.243,88.622,139.689,92.713,95.903,135.938,143.538,127.048,127.412
1359.6,93.243,88.482,139.722,92.779,95.839,135.938,143.538,127.089,127.493
1359.7,93.243,88.552,139.755,92.713,95.839,135.903,143.538,127.089,127.493
1359.8,93.309,88.482,139.624,92.713,95.839,135.903,143.507,127.048,127.453
1359.9,93.177,88.552,139.787,92.646,95.839,135.938,143.538,127.048,127.453
1360.0,93.309,88.482,139.755,92.713,95.903,135.938,143.507,127.089,127.453
1360.1,93.177,88.552,139.689,92.646,95.839,135.868,143.507,127.089,127.453
1360.2,93.243,88.552,139.722,92.646,95.839,135.903,143.538,127.048,127.412
1360.3,93.374,88.552,139.722,92.646,95.903,135.903,143.538,127.089,127.453
1360.4,93.243,88.482,139.689,92.646,95.839,135.868,143.69,127.048,127.412
1360.5,93.243,88.552,139.689,92.646,95.839,135.903,143.568,126.967,127.412
1360.6,93.309,88.482,139.689,92.646,95.839,135.903,143.538,127.048,127.453
1360.7,93.309,88.552,139.787,92.646,95.839,135.973,143.507,127.089,127.493
1360.8,93.243,88.552,139.755,92.713,95.775,135.973,143.599,127.089,127.533
1360.9,93.309,88.552,139.787,92.646,95.775,135.938,143.538,127.089,127.493
1361.0,93.243,88.552,139.689,92.646,95.775,135.938,143.538,127.048,127.412
1361.1,93.309,88.552,139.689,92.646,95.775,135.938,143.538,127.089,127.332
1361.2,93.243,88.482,139.722,92.646,95.711,135.938,143.538,127.048,127.412
1361.3,93.309,88.552,139.755,92.646,95.775,135.903,143.538,127.17,127.453
1361.4,93.374,88.552,139.722,92.646,95.711,135.973,143.507,127.048,127.453
1361.5,93.309,88.622,139.689,92.646,95.839,135.938,143.568,127.048,127.453
1361.6,93.374,88.552,139.722,92.646,95.839,135.903,143.507,127.007,127.493
1361.7,93.309,88.692,139.722,92.646,95.775,135.868,143.507,127.089,127.453
1361.8,93.309,88.622,139.722,92.646,95.775,135.903,143.599,127.007,127.493
1361.9,93.243,88.552,139.722,92.58,95.775,135.938,143.538,127.007,127.412
1362.0,93.374,88.622,139.755,92.646,95.775,135.903,143.599,127.089,127.533
1362.1,93.309,88.622,139.624,92.646,95.775,135.903,143.538,127.048,127.453
1362.2,93.309,88.552,139.755,92.646,95.839,135.938,143.507,127.048,127.453
1362.3,93.309,88.552,139.689,92.779,95.711,135.938,143.507,127.048,127.412
1362.4,93.309,88.622,139.689,92.58,95.775,135.903,143.538,127.048,127.453
1362.5,93.309,88.692,139.755,92.58,95.839,135.903,143.477,127.048,127.453
1362.6,93.243,88.552,139.689,92.646,95.775,135.903,143.568,127.089,127.453
1362.7,93.44,88.552,139.755,92.713,95.711,135.903,143.538,127.089,127.453
1362.8,93.374,88.622,139.722,92.58,95.711,135.938,143.507,127.048,127.453
1362.9,93.309,88.762,139.755,92.58,95.711,135.903,143.538,127.089,127.453
1363.0,93.374,88.622,139.722,92.779,95.775,135.903,143.507,127.048,127.493
1363.1,93.374,88.622,139.755,92.713,95.775,135.903,143.507,127.089,127.493
1363.2,93.309,88.622,139.82,92.713,95.775,135.903,143.568,127.007,127.412
1363.3,93.243,88.622,139.722,92.646,95.711,135.833,143.507,127.048,127.412
1363.4,93.374,88.762,139.722,92.646,95.775,135.938,143.538,127.048,127.574
1363.5,93.506,88.552,139.755,92.779,95.711,135.938,143.477,127.089,127.453
1363.6,93.374,88.622,139.755,92.646,95.711,135.903,143.538,127.048,127.574
1363.7,93.374,88.622,139.722,92.646,95.775,135.903,143.538,127.089,127.453
1363.8,93.374,88.622,139.722,92.646,95.775,135.903,143.538,127.048,127.453
1363.9,93.374,88.692,139.722,92.58,95.711,135.903,143.538,127.007,127.412
1364.0,93.44,88.692,139.787,92.58,95.647,135.903,143.507,127.089,127.412
1364.1,93.374,88.552,139.689,92.646,95.711,135.868,143.538,127.048,127.412
1364.2,93.44,88.692,139.755,92.646,95.775,135.868,143.507,127.048,127.453
1364.3,93.374,88.762,139.755,92.58,95.711,135.903,143.538,127.129,127.453
1364.4,93.44,88.692,139.755,92.58,95.647,135.903,143.507,127.048,127.453
1364.5,93.374,88.622,139.722,92.646,95.775,135.868,143.538,127.089,127.493
1364.6,93.506,88.762,139.755,92.646,95.647,135.938,143.507,127.089,127.453
1364.7,93.374,88.692,139.722,92.646,95.711,135.868,143.477,127.089,127.453
1364.8,93.374,88.622,139.722,92.58,95.775,135.903,143.538,127.048,127.453
1364.9,93.44,88.692,139.722,92.646,95.647,135.868,143.538,127.089,127.412
1365.0,93.44,88.692,139.722,92.646,95.711,135.903,143.507,127.048,127.453
1365.1,93.44,88.762,139.755,92.713,95.711,135.868,143.538,127.048,127.453
1365.2,93.374,88.622,139.722,92.646,95.775,135.868,143.538,127.007,127.412
1365.3,93.506,88.762,139.689,92.58,95.775,135.903,143.507,127.089,127.412
1365.4,93.44,88.692,139.755,92.58,95.711,135.938,143.538,127.048,127.412
1365.5,93.44,88.692,139.689,92.646,95.711,135.868,143.507,127.089,127.493
1365.6,93.44,88.692,139.755,92.713,95.711,135.903,143.477,127.129,127.453
1365.7,93.506,88.762,139.755,92.58,95.775,135.903,143.507,126.967,127.493
1365.8,93.44,88.692,139.722,92.646,95.647,135.868,143.507,127.048,127.493
1365.9,93.506,88.762,139.689,92.713,95.711,135.868,143.507,127.048,127.453
1366.0,93.44,88.832,139.722,92.646,95.711,135.798,143.477,127.048,127.493
1366.1,93.506,88.762,139.755,92.58,95.455,135.833,143.507,127.007,127.533
1366.2,93.44,88.832,139.755,92.58,95.711,135.903,143.538,127.048,127.453
1366.3,93.44,88.762,139.722,92.713,95.711,135.903,143.507,127.089,127.453
1366.4,93.506,88.832,139.755,92.58,95.711,135.868,143.507,127.089,127.493
1366.5,93.506,88.762,139.755,92.646,95.711,135.938,143.477,127.048,127.453
1366.6,93.44,88.832,139.755,92.713,95.711,135.903,143.538,127.089,127.453
1366.7,93.572,88.832,139.755,92.646,95.711,135.903,143.538,127.089,127.453
1366.8,93.506,88.762,139.722,92.58,95.711,135.868,143.538,127.089,127.453
1366.9,93.506,88.832,139.755,92.646,95.647,135.903,143.477,127.048,127.372
1367.0,93.506,88.901,139.624,92.646,95.647,135.868,143.538,127.007,127.453
1367.1,93.572,88.832,139.722,92.646,95.711,135.868,143.477,127.129,127.453
1367.2,93.506,88.971,139.755,92.646,95.647,135.868,143.507,127.048,127.453
1367.3,93.44,88.832,139.755,92.646,95.711,135.903,143.507,127.048,127.533
1367.4,93.506,88.832,139.722,92.646,95.647,135.833,143.507,127.089,127.493
1367.5,93.572,88.832,139.755,92.58,95.711,135.868,143.477,127.089,127.493
1367.6,93.44,88.832,139.755,92.58,95.647,135.868,143.477,127.048,127.453
1367.7,93.506,88.901,139.755,92.646,95.711,135.868,143.477,127.089,127.412
1367.8,93.506,88.832,139.755,92.513,95.711,135.868,143.507,127.089,127.453
1367.9,93.572,88.832,139.722,92.58,95.583,135.833,143.385,127.048,127.453
1368.0,93.572,88.832,139.722,92.447,95.647,135.938,143.538,127.129,127.453
1368.1,93.506,88.762,139.755,92.646,95.583,135.868,143.538,127.048,127.453
1368.2,93.572,88.901,139.689,92.646,95.647,135.903,143.507,127.089,127.533
1368.3,93.572,88.901,139.755,92.646,95.711,135.833,143.507,127.089,127.493
1368.4,93.638,88.832,139.755,92.646,95.647,135.868,143.507,127.048,127.493
1368.5,93.572,88.901,139.755,92.646,95.711,135.868,143.507,127.089,127.493
1368.6,93.638,88.901,139.722,92.646,95.647,135.868,143.477,126.967,127.453
1368.7,93.638,89.041,139.722,92.646,95.647,135.868,143.507,127.129,127.453
1368.8,93.638,88.901,139.755,92.779,95.647,135.868,143.538,127.089,127.493
1368.9,93.572,88.901,139.755,92.646,95.711,135.868,143.477,127.089,127.493
1369.0,93.638,88.901,139.755,92.646,95.647,135.833,143.477,127.089,127.453
1369.1,93.572,88.971,139.755,92.646,95.711,135.903,143.446,127.089,127.493
1369.2,93.638,88.971,139.755,92.646,95.583,135.903,143.477,127.089,127.453
1369.3,93.638,88.971,139.722,92.58,95.711,135.833,143.446,127.089,127.453
1369.4,93.638,88.971,139.787,92.646,95.711,135.868,143.477,127.048,127.412
1369.5,93.638,89.18,139.787,92.646,95.711,135.903,143.538,127.048,127.453
1369.6,93.638,88.901,139.755,92.646,95.711,135.868,143.446,127.089,127.493
1369.7,93.638,89.041,139.722,92.646,95.711,135.868,143.477,127.089,127.533
1369.8,93.638,88.971,139.82,92.646,95.647,135.868,143.477,127.048,127.453
1369.9,93.703,89.041,139.82,92.779,95.647,135.833,143.477,127.089,127.453
1370.0,93.703,89.041,139.755,92.646,95.647,135.833,143.507,127.089,127.453
1370.1,93.703,89.041,139.722,92.713,95.711,135.868,143.507,127.089,127.453
1370.2,93.703,89.041,139.755,92.713,95.711,135.868,143.538,127.048,127.453
1370.3,93.703,88.971,139.755,92.713,95.647,135.868,143.477,127.129,127.412
1370.4,93.769,88.971,139.787,92.713,95.711,135.868,143.477,127.048,127.493
1370.5,93.703,89.11,139.755,92.713,95.711,135.833,143.538,127.089,127.493
1370.6,93.769,89.11,139.755,92.713,95.711,135.833,143.507,127.048,127.453
1370.7,93.703,89.041,139.755,92.713,95.711,135.833,143.538,127.048,127.453
1370.8,93.703,89.11,139.755,92.646,95.647,135.868,143.477,127.007,127.453
1370.9,93.769,89.11,139.722,92.646,95.647,135.868,143.477,126.967,127.533
1371.0,93.769,89.11,139.787,92.58,95.711,135.833,143.477,127.048,127.493
1371.1,93.769,89.11,139.755,92.713,95.647,135.868,143.568,127.048,127.493
1371.2,93.769,89.041,139.755,92.646,95.711,135.868,143.477,127.048,127.412
1371.3,93.769,89.11,139.722,92.646,95.775,135.868,143.477,127.089,127.453
1371.4,93.769,89.11,139.755,92.646,95.711,135.833,143.507,127.089,127.453
1371.5,93.769,89.11,139.755,92.713,95.647,135.868,143.446,127.089,127.493
1371.6,93.769,89.11,139.82,92.646,95.711,135.868,143.477,127.048,127.493
1371.7,93.769,89.041,139.755,92.646,95.711,135.833,143.507,127.089,127.453
1371.8,93.834,89.11,139.787,92.646,95.775,135.833,143.507,127.048,127.453
1371.9,93.9,89.319,139.787,92.779,95.647,135.833,143.477,127.089,127.453
1372.0,93.769,89.18,139.853,92.646,95.711,135.868,143.507,127.089,127.533
1372.1,93.769,89.11,139.755,92.646,95.647,135.833,143.538,127.089,127.412
1372.2,93.769,89.18,139.787,92.646,95.711,135.833,143.477,127.089,127.453
1372.3,93.834,89.249,139.722,92.713,95.711,135.833,143.477,127.089,127.453
1372.4,93.769,89.18,139.787,92.713,95.711,135.833,143.477,127.007,127.412
1372.5,93.769,89.18,139.885,92.646,95.775,135.868,143.446,127.007,127.412
1372.6,93.9,89.249,139.787,92.713,95.711,135.833,143.477,127.089,127.412
1372.7,93.769,89.18,139.82,92.713,95.775,135.868,143.477,127.089,127.453
1372.8,93.834,89.319,139.787,92.713,95.711,135.868,143.568,127.048,127.453
1372.9,93.9,89.249,139.755,92.713,95.711,135.868,143.507,127.129,127.332
1373.0,93.834,89.18,139.755,92.58,95.839,135.833,143.507,127.048,127.412
1373.1,93.834,89.249,139.787,92.713,95.775,135.833,143.538,127.089,127.493
1373.2,93.834,89.249,139.787,92.713,95.711,135.868,143.477,127.089,127.453
1373.3,93.9,89.319,139.755,92.713,95.711,135.763,143.477,127.089,127.533
1373.4,93.834,89.319,139.787,92.779,95.775,135.833,143.507,127.089,127.453
1373.5,93.9,89.388,139.755,92.713,95.839,135.833,143.477,127.21,127.453
1373.6,93.9,89.319,139.787,92.779,95.775,135.833,143.477,127.089,127.453
1373.7,93.9,89.319,139.82,92.779,95.775,135.833,143.507,127.048,127.453
1373.8,93.9,89.249,139.787,92.779,95.775,135.833,143.538,127.089,127.493
1373.9,93.9,89.388,139.787,92.646,95.775,135.833,143.477,127.089,127.453
1374.0,93.9,89.319,139.82,92.713,95.775,135.868,143.446,127.048,127.453
1374.1,93.9,89.388,139.918,92.646,95.775,135.868,143.507,127.048,127.453
1374.2,93.965,89.388,139.787,92.779,95.839,135.903,143.477,127.089,127.493
1374.3,94.096,89.457,139.787,92.713,95.775,135.833,143.507,127.048,127.493
1374.4,93.9,89.388,139.82,92.713,95.967,135.833,143.507,127.089,127.493
1374.5,93.965,89.388,139.787,92.713,95.775,135.833,143.477,127.048,127.453
1374.6,93.9,89.457,139.755,92.713,95.775,135.833,143.477,127.048,127.493
1374.7,93.965,89.457,139.82,92.713,95.775,135.833,143.507,127.129,127.453
1374.8,93.965,89.388,139.787,92.713,95.775,135.833,143.477,127.089,127.453
1374.9,93.965,89.388,139.82,92.779,95.839,135.868,143.477,127.048,127.493
1375.0,93.965,89.388,139.82,92.713,95.775,135.798,143.446,127.089,127.493
1375.1,93.965,89.388,139.787,92.646,95.775,135.868,143.446,127.089,127.453
1375.2,94.031,89.457,139.82,92.846,95.775,135.833,143.477,127.089,127.453
1375.3,94.031,89.526,139.82,92.779,95.839,135.833,143.477,127.089,127.493
1375.4,94.031,89.457,139.787,92.713,95.839,135.833,143.477,127.089,127.493
1375.5,93.965,89.457,139.853,92.779,95.839,135.868,143.446,127.089,127.453
1375.6,94.096,89.526,139.82,92.779,95.967,135.868,143.446,127.089,127.493
1375.7,93.965,89.457,139.787,92.779,95.839,135.868,143.477,127.048,127.533
1375.8,94.031,89.526,139.82,92.779,95.903,135.798,143.446,127.129,127.493
1375.9,93.965,89.526,139.82,92.779,95.967,135.833,143.477,127.089,127.574
1376.0,94.031,89.526,139.82,92.846,95.839,135.833,143.477,127.089,127.493
1376.1,94.031,89.526,139.82,92.779,95.839,135.833,143.477,127.089,127.533
1376.2,94.031,89.526,139.82,92.779,95.839,135.868,143.477,127.089,127.493
1376.3,94.031,89.526,139.82,92.713,95.775,135.868,143.446,127.089,127.493
1376.4,94.031,89.596,139.885,92.846,95.775,135.833,143.477,127.089,127.453
1376.5,94.031,89.596,139.82,92.846,95.839,135.833,143.477,127.048,127.493
1376.6,94.161,89.526,139.82,92.846,95.839,135.833,143.568,127.089,127.533
1376.7,94.096,89.596,139.853,92.846,95.839,135.833,143.477,127.007,127.493
1376.8,94.096,89.596,139.853,92.846,95.903,135.833,143.477,127.089,127.453
1376.9,94.031,89.596,139.853,92.912,95.903,135.833,143.477,127.089,127.453
1377.0,94.096,89.596,139.853,92.846,95.967,135.833,143.507,127.048,127.493
1377.1,94.096,89.596,139.853,92.779,95.839,135.833,143.446,127.089,127.453
1377.2,94.161,89.596,139.885,92.846,95.839,135.868,143.446,127.129,127.412
1377.3,94.096,89.596,139.82,92.846,95.903,135.868,143.446,127.089,127.493
1377.4,94.161,89.596,139.853,92.846,95.839,135.833,143.507,127.089,127.574
1377.5,94.161,89.665,139.853,92.779,95.839,135.833,143.416,127.089,127.493
1377.6,94.096,89.665,139.853,92.912,95.903,135.833,143.507,127.089,127.453
1377.7,94.161,89.596,139.82,92.846,95.903,135.903,143.477,127.089,127.493
1377.8,94.096,89.734,139.755,92.779,95.967,135.833,143.477,127.129,127.493
1377.9,94.161,89.734,139.853,92.779,95.903,135.798,143.477,127.089,127.372
1378.0,94.161,89.734,139.853,92.779,95.903,135.833,143.507,127.048,127.453
1378.1,94.226,89.803,139.82,92.779,95.967,135.868,143.446,127.089,127.533
1378.2,94.161,89.665,139.853,92.779,95.967,135.833,143.446,127.129,127.453
1378.3,94.161,89.734,139.82,92.846,95.903,135.833,143.477,127.048,127.493
1378.4,94.161,89.734,139.918,92.846,95.967,135.833,143.446,127.089,127.453
1378.5,94.161,89.665,139.853,92.846,95.903,135.833,143.477,127.089,127.493
1378.6,94.161,89.803,139.853,92.846,95.967,135.833,143.477,127.089,127.372
1378.7,94.161,89.734,139.853,92.846,95.903,135.833,143.477,127.129,127.493
1378.8,94.161,89.803,139.918,92.779,96.03,135.833,143.446,127.129,127.493
1378.9,94.226,89.803,139.918,92.846,95.967,135.833,143.446,127.089,127.574
1379.0,94.226,89.94,139.885,92.846,96.03,135.798,143.446,127.129,127.533
1379.1,94.161,89.803,139.918,92.846,95.967,135.763,143.538,127.17,127.533
1379.2,94.161,89.803,139.885,92.846,95.903,135.833,143.507,127.089,127.493
1379.3,94.226,89.871,139.885,92.846,96.03,135.868,143.477,127.089,127.533
1379.4,94.096,89.871,139.885,92.978,95.967,135.833,143.416,127.129,127.533
1379.5,94.226,89.871,139.82,92.912,96.03,135.868,143.446,127.089,127.493
1379.6,94.292,89.803,139.885,92.846,96.03,135.833,143.477,127.129,127.533
1379.7,94.357,89.871,139.885,92.912,96.094,135.868,143.446,127.089,127.493
1379.8,94.226,89.871,139.853,92.846,95.967,135.903,143.416,127.089,127.533
1379.9,94.357,89.803,139.885,92.846,96.03,135.868,143.507,127.089,127.493
1380.0,94.357,89.871,139.853,92.846,96.03,135.833,143.446,127.17,127.533
1380.1,94.292,89.94,139.885,92.846,96.03,135.938,143.446,127.089,127.533
1380.2,94.292,89.94,139.885,92.912,96.03,135.868,143.446,127.089,127.493
1380.3,94.292,89.94,139.853,92.846,96.03,135.833,143.477,127.089,127.453
1380.4,94.292,90.009,139.885,92.846,96.094,135.833,143.446,127.129,127.574
1380.5,94.357,90.009,139.885,92.779,96.094,135.938,143.446,127.129,127.493
1380.6,94.357,89.94,139.918,92.846,96.158,135.833,143.446,127.17,127.574
1380.7,94.161,89.94,139.885,92.912,96.03,135.833,143.477,127.007,127.493
1380.8,94.357,90.078,139.918,92.912,96.094,135.833,143.446,127.129,127.493
1380.9,94.357,90.009,139.885,92.846,96.03,135.833,143.446,127.089,127.493
1381.0,94.357,89.94,139.885,92.846,96.094,135.833,143.477,127.17,127.493
1381.1,94.292,89.94,139.885,92.846,96.03,135.903,143.477,127.089,127.493
1381.2,94.357,89.94,139.885,92.912,96.094,135.798,143.446,127.129,127.493
1381.3,94.357,90.078,139.918,92.846,96.094,135.833,143.446,127.089,127.493
1381.4,94.357,90.009,139.885,92.912,96.094,135.833,143.446,127.089,127.493
1381.5,94.357,90.078,139.918,92.912,96.094,135.903,143.507,127.129,127.493
1381.6,94.422,90.078,139.885,92.912,96.158,135.868,143.477,127.089,127.654
1381.7,94.292,90.078,139.95,92.978,96.094,135.868,143.477,127.089,127.493
1381.8,94.357,90.078,139.885,92.846,96.094,135.868,143.446,127.089,127.574
1381.9,94.357,90.009,139.918,92.912,96.158,135.833,143.477,127.129,127.533
1382.0,94.422,90.078,139.95,92.912,96.094,135.833,143.477,127.089,127.493
1382.1,94.422,90.078,139.95,92.978,96.158,135.833,143.477,127.089,127.493
1382.2,94.357,90.078,139.885,92.912,96.158,135.938,143.446,127.129,127.533
1382.3,94.487,90.078,139.82,92.912,96.158,135.833,143.446,127.129,127.533
1382.4,94.357,90.146,139.918,92.978,96.221,135.868,143.416,127.089,127.533
1382.5,94.422,90.078,139.918,92.978,96.158,135.833,143.446,127.089,127.493
1382.6,94.422,90.146,139.95,92.912,96.158,135.833,143.446,127.129,127.533
1382.7,94.357,90.146,139.918,92.912,96.094,135.833,143.477,127.129,127.614
1382.8,94.357,90.146,139.918,92.912,96.094,135.868,143.477,127.129,127.493
1382.9,94.422,90.146,139.885,92.912,96.158,135.833,143.477,127.129,127.533
1383.0,94.422,90.146,139.885,92.779,96.221,135.833,143.477,127.129,127.533
1383.1,94.422,90.215,139.885,92.912,96.411,135.833,143.446,127.129,127.574
1383.2,94.422,90.215,139.918,92.912,96.221,135.833,143.477,127.129,127.533
1383.3,94.422,90.215,139.95,92.912,96.221,135.833,143.507,127.089,127.574
1383.4,94.487,90.215,139.918,92.912,96.158,135.833,143.477,127.129,127.533
1383.5,94.487,90.215,139.95,92.912,96.221,135.833,143.446,127.089,127.493
1383.6,94.487,90.215,139.95,92.978,96.221,135.798,143.538,127.17,127.533
1383.7,94.487,90.284,139.918,92.912,96.285,135.833,143.477,127.17,127.533
1383.8,94.487,90.284,139.918,92.846,96.285,135.868,143.538,127.129,127.533
1383.9,94.552,90.284,139.95,92.912,96.285,135.833,143.477,127.089,127.574
1384.0,94.487,90.284,139.918,92.978,96.285,135.868,143.477,127.21,127.574
1384.1,94.552,90.284,139.95,92.912,96.348,135.833,143.446,127.129,127.574
1384.2,94.487,90.284,139.95,92.978,96.285,135.833,143.446,127.129,127.574
1384.3,94.487,90.352,139.95,92.978,96.221,135.833,143.507,127.129,127.574
1384.4,94.487,90.352,139.918,93.044,96.348,135.833,143.446,127.129,127.574
1384.5,94.552,90.352,139.95,92.978,96.285,135.833,143.446,127.129,127.493
1384.6,94.617,90.489,139.95,92.978,96.348,135.833,143.446,127.129,127.533
1384.7,94.552,90.352,139.95,93.044,96.285,135.868,143.477,127.129,127.614
1384.8,94.552,90.421,139.95,92.978,96.411,135.868,143.416,127.17,127.654
1384.9,94.617,90.489,139.95,93.044,96.411,135.833,143.446,127.17,127.574
1385.0,94.552,90.489,139.983,93.044,96.411,135.833,143.446,127.129,127.493
1385.1,94.617,90.421,139.95,92.978,96.348,135.868,143.446,127.17,127.533
1385.2,94.552,90.489,139.983,93.044,96.348,135.833,143.446,127.129,127.574
1385.3,94.617,90.489,139.95,93.044,96.411,135.833,143.507,127.129,127.614
1385.4,94.746,90.557,139.95,93.11,96.475,135.833,143.477,127.21,127.574
1385.5,94.617,90.694,139.95,93.044,96.411,135.868,143.477,127.17,127.533
1385.6,94.617,90.557,139.95,92.978,96.475,135.868,143.477,127.17,127.574
1385.7,94.681,90.557,139.983,92.978,96.411,135.833,143.477,127.17,127.533
1385.8,94.617,90.489,139.983,93.044,96.411,135.833,143.477,127.129,127.574
1385.9,94.746,90.557,139.983,92.978,96.411,135.833,143.416,127.17,127.574
1386.0,94.681,90.626,139.983,92.978,96.538,135.833,143.385,127.129,127.574
1386.1,94.681,90.626,140.015,93.11,96.411,135.868,143.446,127.17,127.533
1386.2,94.681,90.626,139.983,93.044,96.538,135.868,143.477,127.129,127.574
1386.3,94.681,90.557,140.015,93.044,96.475,135.833,143.477,127.17,127.574
1386.4,94.681,90.694,140.015,93.044,96.475,135.798,143.507,127.17,127.574
1386.5,94.746,90.626,140.048,93.11,96.411,135.973,143.477,127.129,127.574
1386.6,94.681,90.626,140.015,93.11,96.475,135.868,143.446,127.129,127.614
1386.7,94.681,90.626,140.015,93.11,96.538,135.868,143.477,127.17,127.574
1386.8,94.746,90.694,140.015,93.044,96.601,135.903,143.446,127.17,127.574
1386.9,94.681,90.694,140.113,93.044,96.538,135.833,143.446,127.17,127.614
1387.0,94.681,90.626,139.983,93.11,96.538,135.833,143.507,127.17,127.574
1387.1,94.746,90.762,140.015,93.11,96.601,135.833,143.477,127.17,127.614
1387.2,94.746,90.762,140.015,93.177,96.538,135.868,143.416,127.21,127.614
1387.3,94.746,90.694,140.048,93.177,96.601,135.868,143.446,127.17,127.574
1387.4,94.746,90.762,140.08,93.11,96.664,135.938,143.477,127.129,127.574
1387.5,94.811,90.762,140.048,93.243,96.664,135.833,143.446,127.129,127.574
1387.6,94.811,90.83,140.08,93.177,96.601,135.798,143.507,127.21,127.654
1387.7,94.681,90.762,140.015,93.11,96.664,135.833,143.446,127.17,127.614
1387.8,94.746,90.762,140.048,93.11,96.601,135.868,143.446,127.17,127.574
1387.9,94.811,90.83,140.048,93.11,96.664,135.868,143.477,127.129,127.533
1388.0,94.811,90.83,140.015,93.177,96.601,135.833,143.446,127.17,127.493
1388.1,94.811,90.83,140.048,93.11,96.664,135.903,143.477,127.17,127.614
1388.2,94.811,90.83,140.015,93.11,96.664,135.833,143.446,127.17,127.654
1388.3,94.811,91.034,140.048,93.11,96.791,135.833,143.446,127.17,127.614
1388.4,94.811,90.966,140.015,93.11,96.728,135.938,143.446,127.21,127.614
1388.5,94.746,90.898,140.015,93.11,96.664,135.868,143.507,127.17,127.493
1388.6,94.811,90.898,140.08,93.177,96.664,135.833,143.446,127.17,127.614
1388.7,94.811,90.898,140.048,93.11,96.728,135.903,143.507,127.21,127.614
1388.8,94.876,90.966,140.048,93.11,96.791,135.833,143.507,127.17,127.574
1388.9,94.94,90.966,140.048,93.177,96.728,135.833,143.446,127.21,127.614
1389.0,94.876,90.966,140.048,93.11,96.728,135.903,143.446,127.21,127.654
1389.1,94.811,90.898,140.08,93.177,96.791,135.833,143.416,127.21,127.574
1389.2,94.811,90.966,140.08,93.11,96.728,135.903,143.446,127.21,127.614
1389.3,94.811,90.966,140.048,93.177,96.728,135.868,143.538,127.21,127.574
1389.4,94.811,90.966,140.048,93.177,96.664,135.833,143.446,127.21,127.614
1389.5,94.876,91.102,139.983,93.11,96.791,135.903,143.446,127.17,127.574
1389.6,94.811,91.034,140.08,93.243,96.791,135.868,143.446,127.17,127.654
1389.7,94.876,91.034,140.048,93.177,96.791,135.833,143.416,127.251,127.614
1389.8,94.94,91.102,140.113,93.177,96.728,135.868,143.446,127.17,127.614
1389.9,94.94,91.102,140.048,93.177,96.791,135.833,143.446,127.251,127.614
