100.0,86.064,59.468,137.319,83.572,65.236,133.874,141.837,126.559,127.089
100.1,86.208,59.566,137.421,83.572,65.328,133.874,141.837,126.6,127.048
100.2,86.136,59.566,137.353,83.572,65.511,133.911,141.868,126.6,127.089
100.3,86.208,59.566,137.353,83.647,65.511,133.838,141.868,126.559,127.129
100.4,86.208,59.663,137.353,83.572,65.419,133.838,141.994,126.559,127.17
100.5,86.136,59.663,137.353,83.572,65.602,133.838,141.868,126.559,127.048
100.6,86.208,59.663,137.353,83.572,65.511,133.874,141.868,126.6,127.129
100.7,86.28,59.76,137.387,83.647,65.511,133.874,141.868,126.641,127.048
100.8,86.208,59.76,137.387,83.647,65.602,133.874,141.868,126.6,127.089
100.9,86.352,59.955,137.353,83.795,65.694,133.874,141.868,126.559,127.089
101.0,86.352,59.955,137.353,83.647,65.511,133.911,141.868,126.6,127.007
101.1,86.352,59.955,137.421,83.647,65.694,133.874,141.899,126.641,127.007
101.2,86.352,59.857,137.353,83.721,65.694,133.911,141.837,126.6,127.048
101.3,86.424,59.955,137.353,83.795,65.785,133.911,141.868,126.6,127.048
101.4,86.496,59.955,137.489,83.795,65.785,133.874,141.837,126.6,127.089
101.5,86.424,60.148,137.421,83.795,65.785,133.874,141.868,126.6,127.048
101.6,86.496,60.148,137.421,83.795,65.876,133.874,141.805,126.641,127.089
101.7,86.496,59.955,137.353,83.795,65.785,133.983,141.837,126.641,127.129
101.8,86.496,60.245,137.387,83.795,65.785,133.874,141.899,126.6,127.089
101.9,86.711,60.245,137.455,83.869,65.785,133.911,141.868,126.641,127.089
102.0,86.568,60.342,137.387,83.795,65.967,133.911,141.868,126.641,127.089
102.1,86.568,60.342,137.489,83.869,65.967,133.911,141.868,126.641,127.089
102.2,86.639,60.342,137.421,83.869,66.058,133.874,141.899,126.6,127.089
102.3,86.639,60.535,137.455,83.943,65.967,133.911,141.994,126.6,127.089
102.4,86.639,60.438,137.421,83.869,66.058,133.911,141.931,126.6,127.089
102.5,86.711,60.535,137.489,83.943,66.058,133.911,141.868,126.559,127.089
102.6,86.783,60.438,137.455,83.943,66.149,133.838,141.931,126.641,127.089
102.7,86.783,60.535,137.489,84.017,66.239,133.874,141.774,126.641,127.048
102.8,86.854,60.631,137.489,83.943,66.149,133.874,141.931,126.6,127.089
102.9,86.854,60.727,137.387,84.165,66.239,133.911,141.868,126.641,127.089
103.0,86.854,60.727,137.421,84.091,66.239,133.874,141.868,126.6,127.129
103.1,86.926,60.824,137.455,84.091,66.33,133.874,141.899,126.641,127.089
103.2,86.854,60.824,137.455,84.165,66.33,133.911,141.868,126.559,127.089
103.3,86.997,60.824,137.523,84.091,66.421,133.911,141.837,126.6,127.089
103.4,87.068,60.824,137.489,84.165,66.421,133.911,141.868,126.6,127.089
103.5,87.14,60.824,137.557,84.165,66.421,133.911,141.868,126.641,127.089
103.6,86.997,61.016,137.489,84.165,66.421,133.911,141.899,126.559,127.089
103.7,87.068,61.016,137.523,84.239,66.601,133.911,141.868,126.6,127.089
103.8,87.14,61.207,137.523,84.239,66.601,133.911,141.837,126.6,127.089
103.9,87.211,61.207,137.523,84.313,66.601,133.874,141.899,126.682,127.129
104.0,87.068,61.207,137.489,84.313,66.601,133.911,141.899,126.641,127.089
104.1,87.211,61.303,137.591,84.239,66.692,133.911,141.899,126.641,127.089
104.2,87.211,61.303,137.557,84.387,66.872,133.874,141.931,126.641,127.089
104.3,87.211,61.303,137.557,84.387,66.782,133.911,141.899,126.682,127.089
104.4,87.211,61.207,137.557,84.387,66.782,133.911,141.868,126.641,127.089
104.5,87.353,61.494,137.523,84.387,66.872,133.911,141.931,126.682,127.089
104.6,87.353,61.59,137.557,84.313,66.872,133.911,141.899,126.641,127.089
104.7,87.353,61.494,137.557,84.387,66.962,133.838,141.837,126.641,127.089
104.8,87.353,61.494,137.659,84.387,66.872,133.838,141.899,126.682,127.129
104.9,87.353,61.59,137.557,84.534,66.962,133.874,141.899,126.682,127.129
105.0,87.353,61.59,137.557,84.313,66.962,133.911,141.868,126.682,127.089
105.1,87.424,61.59,137.591,84.46,67.052,133.947,141.868,126.682,127.089
105.2,87.424,61.78,137.591,84.534,67.052,133.947,141.899,126.6,127.089
105.3,87.495,61.685,137.591,84.46,67.052,133.947,141.868,126.6,127.089
105.4,87.424,61.78,137.591,84.534,67.142,133.947,141.899,126.6,127.129
105.5,87.495,61.875,137.625,84.534,67.142,133.874,141.931,126.641,127.089
105.6,87.566,61.875,137.693,84.534,67.232,133.911,141.868,126.682,127.129
105.7,87.708,61.97,137.625,84.534,67.232,133.911,141.899,126.682,127.089
105.8,87.566,61.97,137.727,84.607,67.232,133.947,141.899,126.682,127.129
105.9,87.637,61.97,137.625,84.607,67.321,133.911,141.899,126.641,127.129
106.0,87.637,61.97,137.693,84.607,67.411,133.983,141.899,126.641,127.089
106.1,87.566,62.065,137.659,84.607,67.411,133.874,141.868,126.682,127.129
106.2,87.708,62.16,137.659,84.607,67.321,133.874,141.899,126.641,127.17
106.3,87.637,62.16,137.659,84.681,67.5,133.947,141.931,126.641,127.129
106.4,87.778,62.255,137.625,84.607,67.5,133.947,141.868,126.682,127.089
106.5,87.778,62.255,137.625,84.754,67.5,133.983,141.868,126.682,127.129
106.6,87.778,62.255,137.659,84.681,67.59,133.911,141.994,126.641,127.129
106.7,87.849,62.349,137.727,84.754,67.679,133.911,141.899,126.682,127.129
106.8,87.849,62.349,137.727,84.754,67.679,133.947,141.868,126.682,127.21
106.9,87.849,62.444,137.693,84.754,67.768,133.947,141.899,126.682,127.089
107.0,87.92,62.538,137.693,84.827,67.768,133.947,141.899,126.682,127.129
107.1,87.99,62.538,137.693,84.827,67.768,133.911,141.868,126.763,127.129
107.2,87.99,62.633,137.727,84.827,67.768,133.947,141.899,126.6,127.17
107.3,87.849,62.538,137.727,84.901,67.858,133.911,141.899,126.682,127.129
107.4,87.92,62.633,137.693,84.901,67.858,133.911,141.868,126.763,127.129
107.5,87.99,62.538,137.693,84.901,67.858,133.947,141.899,126.641,127.129
107.6,88.061,62.821,137.727,84.974,67.858,133.947,141.899,126.682,127.17
107.7,87.99,62.727,137.761,84.901,67.947,133.947,141.899,126.682,127.129
107.8,88.061,62.727,137.693,84.827,68.125,133.947,141.899,126.682,127.129
107.9,88.061,62.821,137.727,84.901,68.036,133.947,141.931,126.641,127.089
108.0,88.131,62.915,137.794,84.974,68.036,133.983,141.899,126.6,127.17
108.1,88.061,62.915,137.727,84.901,67.947,133.947,141.899,126.6,127.129
108.2,88.201,62.915,137.761,84.974,68.125,133.983,141.899,126.641,127.129
108.3,88.131,62.915,137.761,84.901,68.391,133.947,141.899,126.804,127.21
108.4,88.201,63.009,137.761,84.974,68.125,133.911,141.899,126.682,127.21
108.5,88.201,62.915,137.794,84.974,68.036,133.983,141.899,126.682,127.17
108.6,88.201,63.103,137.761,85.047,68.302,133.983,141.899,126.804,127.129
108.7,88.201,63.197,137.761,85.047,68.125,134.019,141.931,126.682,127.129
108.8,88.272,63.103,137.761,85.266,68.391,134.019,141.899,126.804,127.17
108.9,88.272,63.197,137.794,85.12,68.391,133.947,141.899,126.885,127.089
109.0,88.272,63.197,137.761,85.047,68.302,133.947,141.962,126.885,127.17
109.1,88.272,63.197,137.794,85.12,68.391,133.983,141.899,126.804,127.129
109.2,88.412,63.29,137.828,85.12,68.479,133.947,141.931,126.845,127.17
109.3,88.272,63.197,137.828,85.12,68.479,133.983,141.931,126.845,127.129
109.4,88.272,63.29,137.862,85.12,68.479,133.983,141.931,126.804,127.129
109.5,88.342,63.384,137.761,85.12,68.568,133.947,141.931,126.845,127.17
109.6,88.412,63.384,137.828,85.193,68.479,133.911,141.931,126.845,127.129
109.7,88.412,63.571,137.761,85.193,68.568,134.055,141.931,126.845,127.129
109.8,88.482,63.571,137.862,85.266,68.568,133.947,141.931,126.845,127.17
109.9,88.482,63.757,137.828,85.266,68.656,133.947,141.962,126.845,127.21
110.0,88.412,63.571,137.794,85.193,68.568,133.983,141.962,126.845,127.17
110.1,88.482,63.571,137.828,85.266,68.833,133.983,141.962,126.804,127.17
110.2,88.552,63.757,137.929,85.266,68.744,133.983,141.931,126.845,127.17
110.3,88.552,63.664,137.761,85.266,68.744,133.983,141.899,126.804,127.21
110.4,88.622,63.757,137.862,85.266,68.833,133.983,141.931,126.845,127.17
110.5,88.622,63.85,137.896,85.339,68.833,134.019,141.931,126.763,127.17
110.6,88.692,63.85,137.862,85.339,68.921,133.983,141.899,126.845,127.21
110.7,88.692,63.944,137.828,85.266,68.921,133.983,141.931,126.845,127.17
110.8,88.762,63.944,137.896,85.339,69.009,133.983,141.899,126.845,127.21
110.9,88.762,64.036,137.896,85.339,69.097,134.019,141.962,126.885,127.17
111.0,88.692,64.036,137.896,85.339,69.097,134.019,141.931,126.845,127.129
111.1,88.762,64.129,137.896,85.412,69.185,133.983,141.962,126.885,127.21
111.2,88.832,64.036,137.896,85.412,69.185,133.983,141.931,126.885,127.089
111.3,88.762,64.129,137.896,85.484,69.185,133.983,141.994,126.804,127.17
111.4,88.762,64.222,137.862,85.412,69.272,134.019,141.899,126.845,127.17
111.5,88.832,64.222,137.896,85.557,69.272,134.019,141.962,126.885,127.251
111.6,88.901,64.315,137.896,85.63,69.36,133.983,141.899,126.845,127.17
111.7,88.901,64.315,137.929,85.484,69.36,134.019,141.931,126.845,127.251
111.8,88.901,64.5,137.929,85.557,69.535,133.983,141.962,126.845,127.21
111.9,89.041,64.407,137.963,85.557,69.535,133.983,142.025,126.926,127.251
112.0,88.971,64.407,137.963,85.557,69.448,133.983,141.931,126.845,127.21
112.1,89.041,64.407,137.929,85.63,69.535,133.947,141.962,126.885,127.17
112.2,89.11,64.5,138.031,85.484,69.623,134.019,141.962,126.845,127.17
112.3,89.041,64.5,137.963,85.63,69.623,133.983,141.899,126.926,127.21
112.4,89.11,64.684,137.929,85.63,69.623,134.055,141.931,126.885,127.21
112.5,89.041,64.684,138.064,85.63,69.535,134.019,141.931,126.885,127.17
112.6,89.041,64.684,137.963,85.63,69.797,133.983,141.962,126.845,127.17
112.7,89.11,64.777,137.963,85.557,69.71,134.019,141.962,126.926,127.251
112.8,89.18,64.684,138.031,85.63,69.71,134.019,141.931,126.845,127.251
112.9,89.11,64.777,137.997,85.63,69.884,133.983,141.994,126.926,127.21
113.0,89.11,64.777,138.031,85.702,69.884,133.983,141.931,126.845,127.17
113.1,89.18,64.777,137.963,85.63,69.884,134.019,141.931,126.885,127.21
113.2,89.18,64.961,137.997,85.775,69.884,134.019,141.994,126.885,127.21
113.3,89.18,64.961,138.031,85.702,70.058,134.091,141.962,126.845,127.21
113.4,89.18,64.961,137.997,85.847,69.971,133.983,141.962,126.926,127.291
113.5,89.319,65.053,138.031,85.775,69.971,133.911,141.931,126.926,127.251
113.6,89.249,65.144,138.098,85.775,70.058,134.019,141.931,126.926,127.129
113.7,89.319,65.053,138.031,85.775,70.058,133.983,141.962,126.926,127.251
113.8,89.249,65.144,138.031,85.775,70.145,134.019,141.962,127.007,127.251
113.9,89.319,65.144,138.031,85.775,70.232,134.055,141.994,127.007,127.21
114.0,89.388,65.236,137.997,85.847,70.145,134.019,141.994,126.885,127.21
114.1,89.319,65.328,138.064,85.847,70.232,134.019,141.931,126.967,127.251
114.2,89.388,65.328,138.031,85.775,70.232,134.055,142.056,126.885,127.251
114.3,89.388,65.328,138.031,85.847,70.319,134.019,141.994,126.926,127.21
114.4,89.388,65.328,138.031,85.847,70.319,134.019,141.994,126.926,127.251
114.5,89.388,65.419,138.064,85.919,70.406,134.019,141.962,126.926,127.21
114.6,89.457,65.419,138.064,85.919,70.492,134.019,141.994,126.967,127.251
114.7,89.388,65.511,138.064,85.992,70.492,134.055,141.931,126.885,127.251
114.8,89.526,65.602,138.098,85.919,70.579,134.055,141.994,126.967,127.291
114.9,89.526,65.694,138.098,85.992,70.579,134.019,141.994,126.967,127.291
115.0,89.526,65.694,137.997,85.992,70.752,134.055,141.994,126.967,127.291
115.1,89.596,65.785,138.132,85.919,70.752,134.019,141.994,126.926,127.251
115.2,89.665,65.876,138.098,85.992,70.665,134.055,141.962,126.926,127.291
115.3,89.596,65.876,138.098,86.208,70.752,134.055,141.994,127.007,127.291
115.4,89.596,65.967,138.165,86.064,70.924,134.055,141.994,126.926,127.251
115.5,89.665,65.967,138.132,86.136,70.838,134.055,142.025,126.926,127.251
115.6,89.665,65.967,138.165,86.136,70.838,134.055,141.994,126.967,127.21
115.7,89.734,65.967,138.165,86.208,71.01,134.091,141.962,126.885,127.291
115.8,89.803,65.876,138.132,86.136,71.01,134.091,141.994,126.926,127.291
115.9,89.734,66.149,138.132,86.064,71.096,134.055,141.962,126.967,127.291
116.0,89.871,66.149,138.165,86.208,71.01,134.055,141.962,126.967,127.291
116.1,89.803,66.239,138.165,86.208,71.268,134.055,141.994,126.967,127.332
116.2,89.803,66.33,138.199,86.28,71.182,134.055,141.994,126.967,127.291
116.3,89.94,66.33,138.232,86.208,71.096,134.091,141.994,126.967,127.332
116.4,89.734,66.33,138.232,86.208,71.354,134.127,141.994,127.007,127.372
116.5,89.94,66.33,138.199,86.136,71.182,134.091,142.025,126.967,127.332
116.6,89.94,66.33,138.266,86.28,71.354,134.091,141.994,126.967,127.332
116.7,89.871,66.511,138.232,86.352,71.439,134.055,142.025,126.967,127.251
116.8,89.94,66.511,138.199,86.28,71.354,134.127,141.994,127.007,127.251
116.9,90.009,66.601,138.232,86.28,71.354,134.055,141.994,127.007,127.251
117.0,90.009,66.692,138.232,86.352,71.525,134.055,142.025,127.007,127.332
117.1,90.009,66.511,138.232,86.352,71.439,134.055,142.025,126.967,127.291
117.2,90.078,66.692,138.232,86.424,71.525,134.091,141.994,127.007,127.251
117.3,90.078,66.782,138.299,86.28,71.696,134.055,141.994,127.048,127.412
117.4,90.146,66.782,138.232,86.352,71.61,134.055,142.025,126.967,127.291
117.5,90.078,66.782,138.299,86.496,71.781,134.091,142.025,127.007,127.291
117.6,90.146,66.962,138.266,86.424,71.867,134.127,142.025,127.007,127.251
117.7,90.078,66.872,138.266,86.496,71.867,134.091,142.056,127.007,127.332
117.8,90.215,67.052,138.299,86.424,71.867,134.127,141.994,127.007,127.372
117.9,90.215,66.962,138.333,86.496,72.037,134.127,142.056,127.007,127.291
118.0,90.284,67.232,138.266,86.568,72.037,134.055,142.025,126.967,127.291
118.1,90.284,67.232,138.333,86.568,72.122,134.127,141.994,127.048,127.291
118.2,90.215,67.232,138.299,86.568,72.122,134.091,142.056,127.048,127.332
118.3,90.352,67.142,138.299,86.568,72.207,134.236,142.119,127.089,127.332
118.4,90.352,67.411,138.333,86.639,72.292,134.127,142.025,127.007,127.291
118.5,90.421,67.411,138.366,86.639,72.546,134.164,142.056,127.048,127.332
118.6,90.421,67.5,138.333,86.568,72.376,134.127,142.056,127.048,127.332
118.7,90.421,67.59,138.333,86.639,72.461,134.127,142.025,127.048,127.332
118.8,90.489,67.679,138.366,86.639,72.546,134.2,142.025,127.048,127.332
118.9,90.557,67.679,138.366,86.639,72.546,134.127,141.994,127.048,127.372
119.0,90.489,67.679,138.366,86.783,72.63,134.127,142.025,127.048,127.372
119.1,90.557,67.768,138.433,86.711,72.715,134.164,142.025,127.089,127.332
119.2,90.626,67.858,138.433,86.783,72.715,134.127,142.025,127.048,127.493
119.3,90.694,67.947,138.433,86.854,72.715,134.2,142.025,127.048,127.332
119.4,90.694,68.036,138.433,86.854,72.883,134.164,142.056,127.089,127.372
119.5,90.694,68.125,138.433,86.854,72.968,134.164,142.025,127.048,127.412
119.6,90.694,68.125,138.433,86.854,72.968,134.127,142.087,127.007,127.372
119.7,90.694,68.302,138.467,86.926,73.388,134.164,142.056,127.089,127.372
119.8,90.762,68.213,138.433,86.854,73.471,134.2,142.087,127.048,127.372
119.9,90.762,68.391,138.467,86.926,73.555,134.2,142.087,127.048,127.372
120.0,90.83,68.302,138.467,86.926,73.471,134.272,142.087,127.089,127.372
120.1,90.83,68.391,138.5,86.997,73.471,134.164,142.087,127.089,127.332
120.2,90.898,68.479,138.467,86.997,73.555,134.2,142.056,127.089,127.412
120.3,90.83,68.656,138.467,86.926,73.722,134.164,142.087,127.129,127.372
120.4,90.898,68.656,138.467,87.14,73.806,134.164,142.056,127.089,127.412
120.5,90.898,68.656,138.533,86.997,73.722,134.2,142.056,127.17,127.453
120.6,90.898,68.656,138.5,87.068,73.806,134.164,142.056,127.089,127.372
120.7,90.898,68.744,138.533,87.068,73.889,134.164,142.087,127.129,127.412
120.8,90.898,68.744,138.5,87.282,73.889,134.2,142.119,127.129,127.493
120.9,90.966,68.744,138.567,87.14,74.055,134.164,142.119,127.17,127.372
121.0,90.966,68.744,138.567,87.068,73.972,134.2,142.119,127.089,127.412
121.1,91.169,68.833,138.533,87.14,74.055,134.236,142.119,127.17,127.372
121.2,91.034,68.921,138.533,87.14,73.972,134.091,142.087,127.129,127.412
121.3,91.034,69.009,138.533,87.14,74.138,134.2,142.119,127.129,127.412
121.4,91.034,68.921,138.567,87.14,74.138,134.2,142.056,127.129,127.412
121.5,91.034,68.921,138.567,87.14,74.055,134.2,142.056,127.129,127.372
121.6,91.034,69.009,138.6,87.211,74.221,134.2,142.087,127.129,127.412
121.7,91.169,69.097,138.567,87.211,74.304,134.2,142.181,127.17,127.453
121.8,91.102,69.097,138.6,87.211,74.304,134.2,142.181,127.129,127.412
121.9,91.102,69.185,138.6,87.211,74.304,134.2,142.087,127.21,127.453
122.0,91.169,69.272,138.567,87.211,74.387,134.236,142.119,127.129,127.412
122.1,91.102,69.272,138.6,87.211,74.387,134.236,142.15,127.129,127.412
122.2,91.237,69.36,138.567,87.353,74.47,134.236,142.025,127.17,127.453
122.3,91.237,69.36,138.6,87.282,74.553,134.236,142.025,127.17,127.453
122.4,91.237,69.36,138.633,87.282,74.47,134.272,142.119,127.17,127.493
122.5,91.169,69.448,138.633,87.282,74.553,134.2,142.244,127.17,127.412
122.6,91.237,69.535,138.633,87.282,74.718,134.272,142.087,127.17,127.493
122.7,91.305,69.448,138.6,87.211,74.718,134.236,142.181,127.17,127.453
122.8,91.372,69.623,138.633,87.353,74.718,134.2,142.15,127.251,127.453
122.9,91.305,69.535,138.633,87.353,74.8,134.2,142.087,127.129,127.493
123.0,91.305,69.623,138.667,87.353,74.8,134.236,142.119,127.17,127.453
123.1,91.305,69.71,138.633,87.353,74.8,134.308,142.15,127.17,127.493
123.2,91.305,69.71,138.667,87.495,74.883,134.236,142.119,127.21,127.493
123.3,91.372,69.71,138.667,87.424,74.883,134.272,142.15,127.21,127.493
123.4,91.372,69.71,138.667,87.424,75.047,134.272,142.119,127.17,127.533
123.5,91.575,69.884,138.7,87.424,75.047,134.236,142.087,127.21,127.453
123.6,91.508,69.971,138.667,87.495,75.212,134.308,142.119,127.251,127.533
123.7,91.508,69.884,138.667,87.566,75.212,134.343,142.15,127.21,127.493
123.8,91.508,69.884,138.667,87.495,75.212,134.272,142.119,127.17,127.493
123.9,91.508,70.058,138.7,87.495,75.13,134.343,142.087,127.251,127.493
124.0,91.508,70.232,138.7,87.424,75.294,134.308,142.087,127.21,127.493
124.1,91.575,70.232,138.767,87.495,75.294,134.308,142.15,127.251,127.493
124.2,91.575,70.145,138.733,87.566,75.458,134.272,142.15,127.251,127.533
124.3,91.642,70.232,138.7,87.566,75.458,134.272,142.15,127.21,127.493
124.4,91.575,70.319,138.733,87.566,75.458,134.308,142.15,127.17,127.533
124.5,91.642,70.319,138.8,87.566,75.539,134.272,142.15,127.251,127.493
124.6,91.642,70.406,138.767,87.637,75.621,134.343,142.15,127.251,127.493
124.7,91.642,70.492,138.8,87.637,75.621,134.272,142.15,127.251,127.533
124.8,91.642,70.492,138.767,87.637,75.703,134.272,142.15,127.251,127.533
124.9,91.777,70.579,138.8,87.708,75.703,134.308,142.181,127.251,127.533
125.0,91.71,70.492,138.833,87.708,76.029,134.308,142.212,127.17,127.533
125.1,91.844,70.665,138.8,87.708,75.866,134.308,142.15,127.291,127.533
125.2,91.777,70.838,138.8,87.778,75.947,134.308,142.212,127.21,127.574
125.3,91.777,70.752,138.899,87.708,76.029,134.343,142.181,127.291,127.533
125.4,91.911,70.838,138.833,87.708,75.947,134.236,142.181,127.291,127.574
125.5,91.844,70.924,138.833,87.708,76.029,134.379,142.15,127.291,127.533
125.6,91.911,71.01,138.932,87.849,76.191,134.379,142.15,127.332,127.574
125.7,91.911,71.01,138.833,87.849,76.191,134.379,142.212,127.291,127.614
125.8,91.978,71.01,138.866,87.849,76.272,134.343,142.181,127.332,127.574
125.9,92.045,71.268,138.866,87.92,76.353,134.343,142.212,127.332,127.574
126.0,91.911,71.182,138.866,87.849,76.353,134.415,142.181,127.372,127.574
126.1,92.045,71.182,138.866,87.849,76.434,134.343,142.212,127.332,127.614
126.2,92.045,71.182,138.899,87.849,76.434,134.451,142.244,127.332,127.614
126.3,92.045,71.268,138.899,87.99,76.434,134.343,142.212,127.372,127.574
126.4,91.978,71.354,138.899,87.92,76.596,134.379,142.181,127.332,127.614
126.5,92.045,71.354,138.866,87.92,76.515,134.343,142.212,127.332,127.614
126.6,92.045,71.439,138.866,87.99,76.596,134.343,142.119,127.332,127.614
126.7,92.045,71.439,138.899,87.99,76.596,134.343,142.181,127.332,127.614
126.8,92.112,71.354,138.899,87.92,76.676,134.379,142.181,127.372,127.654
126.9,92.112,71.525,138.999,87.99,76.676,134.379,142.181,127.372,127.614
127.0,92.112,71.525,138.899,87.92,76.757,134.379,142.212,127.332,127.614
127.1,92.179,71.61,138.932,87.99,76.757,134.379,142.15,127.372,127.654
127.2,92.045,71.61,138.966,88.061,76.918,134.379,142.212,127.412,127.654
127.3,92.112,71.696,138.966,88.061,76.838,134.379,142.181,127.372,127.654
127.4,92.246,71.696,138.966,87.99,76.999,134.379,142.244,127.332,127.614
127.5,92.246,71.696,138.932,87.99,76.918,134.379,142.212,127.372,127.694
127.6,92.179,71.781,138.966,88.061,76.918,134.415,142.212,127.372,127.734
127.7,92.246,71.781,138.999,87.99,76.999,134.451,142.244,127.412,127.654
127.8,92.179,71.867,138.966,88.061,77.159,134.415,142.212,127.372,127.614
127.9,92.246,71.952,138.999,88.131,77.32,134.415,142.244,127.412,127.694
128.0,92.246,71.952,138.966,88.061,77.159,134.379,142.181,127.412,127.654
128.1,92.246,72.037,139.032,88.131,77.32,134.415,142.244,127.412,127.654
128.2,92.38,72.122,138.999,88.201,77.32,134.487,142.181,127.533,127.614
128.3,92.313,71.952,138.999,88.131,77.32,134.415,142.244,127.372,127.614
128.4,92.38,72.122,139.032,88.201,77.4,134.451,142.275,127.453,127.694
128.5,92.38,72.292,139.032,88.272,77.56,134.415,142.244,127.453,127.694
128.6,92.447,72.207,139.032,88.131,77.48,134.415,142.244,127.412,127.694
128.7,92.38,72.292,139.032,88.201,77.56,134.451,142.244,127.453,127.815
128.8,92.447,72.292,139.032,88.201,77.639,134.415,142.244,127.412,127.654
128.9,92.447,72.207,139.032,88.272,77.719,134.451,142.212,127.453,127.694
129.0,92.513,72.461,139.065,88.272,77.719,134.451,142.244,127.453,127.694
129.1,92.513,72.461,139.131,88.412,77.719,134.451,142.244,127.493,127.775
129.2,92.447,72.546,139.065,88.342,77.799,134.487,142.212,127.493,127.694
129.3,92.447,72.546,139.065,88.342,77.878,134.451,142.275,127.533,127.734
129.4,92.513,72.63,139.131,88.342,77.878,134.487,142.244,127.453,127.694
129.5,92.58,72.715,139.164,88.342,77.958,134.487,142.275,127.493,127.694
129.6,92.646,72.63,139.098,88.412,77.958,134.451,142.244,127.453,127.734
129.7,92.646,72.715,139.131,88.412,78.037,134.487,142.244,127.574,127.734
129.8,92.646,72.799,139.065,88.412,78.037,134.451,142.275,127.493,127.694
129.9,92.713,72.799,139.065,88.482,78.117,134.487,142.244,127.493,127.734
130.0,92.646,72.883,139.065,88.412,78.117,134.451,142.275,127.533,127.895
130.1,92.713,72.968,139.032,88.412,78.196,134.487,142.275,127.533,127.734
130.2,92.58,72.968,139.164,88.482,78.196,134.523,142.337,127.533,127.734
130.3,92.713,72.968,139.131,88.552,78.275,134.487,142.275,127.533,127.775
130.4,92.713,73.052,139.131,88.482,78.275,134.523,142.275,127.533,127.775
130.5,92.779,73.304,139.164,88.552,78.355,134.487,142.275,127.533,127.734
130.6,92.713,73.136,139.164,88.552,78.355,134.487,142.275,127.493,127.855
130.7,92.846,73.22,139.131,88.482,78.513,134.487,142.306,127.533,127.815
130.8,92.779,73.22,139.164,88.482,78.434,134.559,142.275,127.533,127.815
130.9,92.779,73.22,139.164,88.482,78.513,134.523,142.306,127.533,127.775
131.0,92.846,73.304,139.197,88.552,78.592,134.523,142.275,127.574,127.815
131.1,92.779,73.388,139.164,88.622,78.671,134.487,142.306,127.574,127.775
131.2,92.912,73.471,139.197,88.552,78.828,134.559,142.275,127.614,127.775
131.3,92.912,73.471,139.23,88.552,78.828,134.594,142.306,127.574,127.815
131.4,92.978,73.639,139.23,88.622,78.907,134.559,142.306,127.614,127.815
131.5,92.978,73.639,139.263,88.692,78.985,134.523,142.306,127.614,127.815
131.6,92.978,73.639,139.263,88.622,78.985,134.559,142.244,127.614,127.815
131.7,92.978,73.639,139.263,88.622,78.985,134.594,142.337,127.614,127.815
131.8,92.912,73.806,139.197,88.762,79.064,134.559,142.275,127.654,127.895
131.9,93.044,73.806,139.23,88.692,79.064,134.523,142.337,127.694,127.855
132.0,93.044,73.889,139.296,88.692,79.221,134.523,142.306,127.614,127.855
132.1,93.044,73.889,139.263,88.832,79.142,134.63,142.337,127.654,127.855
132.2,93.044,73.972,139.23,88.692,79.299,134.559,142.306,127.614,127.855
132.3,92.978,73.972,139.263,88.692,79.377,134.559,142.337,127.654,127.855
132.4,93.044,73.972,139.296,88.692,79.299,134.559,142.337,127.654,127.855
132.5,93.044,73.972,139.296,88.832,79.455,134.559,142.275,127.654,127.855
132.6,93.044,74.055,139.23,88.832,79.377,134.594,142.368,127.654,127.855
132.7,93.177,74.055,139.362,88.762,79.455,134.594,142.337,127.654,127.895
132.8,93.11,74.138,139.296,88.762,79.455,134.63,142.306,127.694,127.935
132.9,93.177,74.138,139.362,88.832,79.611,134.63,142.337,127.734,127.855
133.0,93.177,74.304,139.296,88.832,79.611,134.523,142.306,127.694,127.935
133.1,93.177,74.221,139.296,88.832,79.767,134.594,142.306,127.734,127.895
133.2,93.243,74.304,139.362,88.901,79.611,134.594,142.493,127.654,127.895
133.3,93.177,74.304,139.362,88.832,79.767,134.594,142.337,127.694,127.895
133.4,93.243,74.387,139.296,88.832,79.767,134.666,142.368,127.694,127.895
133.5,93.243,74.47,139.329,88.901,79.767,134.594,142.337,127.734,127.895
133.6,93.243,74.47,139.329,88.901,79.767,134.63,142.368,127.654,127.935
133.7,93.309,74.47,139.427,88.832,79.845,134.594,142.368,127.654,127.935
133.8,93.243,74.553,139.362,89.041,79.923,134.594,142.306,127.734,127.975
133.9,93.309,74.387,139.329,88.901,79.923,134.594,142.399,127.775,127.935
134.0,93.243,74.635,139.362,88.971,80.0,134.666,142.368,127.734,127.895
134.1,93.243,74.635,139.362,89.041,80.0,134.594,142.337,127.815,127.935
134.2,93.374,74.718,139.394,88.901,80.233,134.63,142.368,127.734,127.935
134.3,93.309,74.718,139.362,88.971,80.156,134.702,142.399,127.734,127.935
134.4,93.374,74.718,139.394,88.971,80.233,134.666,142.368,127.855,127.975
134.5,93.374,74.883,139.427,89.041,80.233,134.666,142.399,127.694,127.935
134.6,93.44,74.883,139.394,88.971,80.31,134.666,142.337,127.855,127.895
134.7,93.44,74.8,139.46,88.971,80.233,134.666,142.337,127.654,128.015
134.8,93.44,74.965,139.46,89.041,80.233,134.63,142.337,127.775,127.935
134.9,93.374,74.965,139.362,89.041,80.388,134.63,142.368,127.775,127.975
135.0,93.506,75.212,139.427,89.041,80.542,134.737,142.43,127.895,128.015
135.1,93.506,75.047,139.427,89.041,80.465,134.702,142.399,127.775,127.935
135.2,93.506,75.13,139.427,89.11,80.619,134.737,142.368,127.815,128.015
135.3,93.572,75.212,139.394,89.18,80.619,134.773,142.399,127.815,127.975
135.4,93.506,75.294,139.427,89.18,80.619,134.666,142.43,127.855,127.975
135.5,93.638,75.376,139.526,89.11,80.773,134.737,142.368,127.815,128.055
135.6,93.638,75.458,139.493,89.18,80.85,134.737,142.399,127.855,127.935
135.7,93.638,75.539,139.493,89.18,81.004,134.702,142.43,127.855,128.055
135.8,93.638,75.539,139.558,89.249,80.927,134.737,142.399,127.815,128.015
135.9,93.703,75.621,139.493,89.18,81.004,134.702,142.462,127.855,128.135
136.0,93.703,75.621,139.493,89.249,81.004,134.737,142.399,127.855,128.015
136.1,93.703,75.703,139.558,89.249,81.08,134.702,142.462,127.855,128.095
136.2,93.638,75.703,139.526,89.249,81.08,134.737,142.399,127.895,128.095
136.3,93.769,75.784,139.493,89.249,81.157,134.773,142.43,127.855,128.055
136.4,93.703,75.866,139.558,89.319,81.234,134.737,142.43,127.895,128.135
136.5,93.703,75.784,139.526,89.249,81.234,134.773,142.43,127.895,128.095
136.6,93.769,75.866,139.493,89.388,81.386,134.594,142.43,127.935,128.095
136.7,93.9,76.029,139.624,89.249,81.463,134.737,142.462,127.935,128.214
136.8,93.834,75.947,139.591,89.388,81.463,134.809,142.43,127.935,128.095
136.9,93.9,76.191,139.46,89.388,81.539,134.773,142.43,127.975,128.135
137.0,93.9,76.191,139.624,89.388,81.691,134.773,142.43,127.975,128.095
137.1,93.965,76.272,139.526,89.457,81.691,134.844,142.462,128.015,128.135
137.2,93.9,76.272,139.624,89.319,81.691,134.809,142.462,127.935,128.135
137.3,93.9,76.353,139.624,89.388,81.615,134.773,142.524,127.935,128.135
137.4,93.9,76.434,139.657,89.457,81.919,134.844,142.462,128.015,128.135
137.5,93.965,76.353,139.657,89.457,81.843,134.809,142.462,127.975,128.175
137.6,93.965,76.434,139.624,89.457,81.995,134.773,142.43,128.015,128.135
137.7,93.9,76.434,139.689,89.526,81.995,134.809,142.462,127.935,128.135
137.8,94.031,76.515,139.689,89.526,81.919,134.844,142.493,128.015,128.214
137.9,94.031,76.676,139.689,89.526,82.222,134.88,142.493,128.055,128.214
138.0,94.096,76.596,139.722,89.526,82.298,134.844,142.462,128.055,128.254
138.1,93.9,76.757,139.689,89.665,82.298,134.915,142.493,128.095,128.254
138.2,94.096,76.838,139.657,89.596,82.298,134.88,142.555,128.055,128.214
138.3,94.096,76.838,139.657,89.596,82.449,134.88,142.493,128.135,128.214
138.4,94.161,76.918,139.689,89.596,82.373,134.844,142.43,128.095,128.214
138.5,94.161,76.999,139.689,89.596,82.449,134.88,142.524,128.095,128.294
138.6,94.161,76.918,139.689,89.665,82.449,134.88,142.462,128.015,128.214
138.7,94.226,76.838,139.722,89.665,82.524,134.809,142.493,128.095,128.374
138.8,94.161,77.079,139.722,89.665,82.599,134.88,142.493,128.095,128.254
138.9,94.226,77.159,139.755,89.665,82.675,134.88,142.43,128.135,128.254
139.0,94.161,77.079,139.755,89.596,82.75,134.88,142.524,128.095,128.294
139.1,94.161,77.079,139.722,89.665,82.75,134.844,142.399,128.095,128.254
139.2,94.226,77.159,139.755,89.734,82.75,134.88,142.555,128.055,128.294
139.3,94.292,77.239,139.82,89.665,82.599,134.88,142.493,128.135,128.254
139.4,94.292,77.239,139.787,89.665,82.825,134.809,142.524,128.175,128.254
139.5,94.292,77.32,139.755,89.734,82.825,134.915,142.524,128.135,128.334
139.6,94.357,77.4,139.787,89.803,82.825,134.915,142.493,128.175,128.254
139.7,94.357,77.48,139.755,89.803,82.975,134.915,142.555,128.175,128.374
139.8,94.357,77.56,139.82,89.803,83.125,134.915,142.524,128.175,128.334
139.9,94.292,77.56,139.82,89.803,83.125,134.951,142.524,128.135,128.294
140.0,94.226,77.56,139.787,89.803,83.274,134.915,142.555,128.175,128.334
140.1,94.422,77.56,139.853,89.871,83.274,135.022,142.524,128.175,128.374
140.2,94.357,77.719,139.82,89.803,83.274,134.915,142.524,128.175,128.374
140.3,94.422,77.719,139.82,89.803,83.199,134.915,142.524,128.214,128.413
140.4,94.422,77.719,139.787,89.871,83.349,134.915,142.555,128.214,128.413
140.5,94.422,77.639,139.82,89.871,83.274,135.093,142.524,128.214,128.374
140.6,94.357,77.639,139.82,89.871,83.423,134.915,142.524,128.254,128.413
140.7,94.487,77.878,139.918,89.94,83.423,134.951,142.524,128.254,128.374
140.8,94.487,77.878,139.853,89.871,83.498,134.951,142.555,128.254,128.413
140.9,94.552,77.878,139.853,89.871,83.572,134.951,142.524,128.214,128.374
141.0,94.487,78.037,139.918,89.871,83.647,134.915,142.555,128.254,128.374
141.1,94.552,77.878,139.853,89.94,83.572,134.951,142.586,128.254,128.374
141.2,94.552,78.037,139.853,89.871,83.572,134.987,142.524,128.214,128.374
141.3,94.552,78.117,139.983,89.94,83.795,135.022,142.586,128.294,128.453
141.4,94.617,78.196,139.853,90.009,83.869,134.987,142.586,128.294,128.413
141.5,94.617,78.275,139.95,90.009,83.869,134.987,142.586,128.334,128.413
141.6,94.617,78.275,139.885,90.078,83.943,135.022,142.555,128.294,128.493
141.7,94.617,78.275,139.918,90.009,83.943,135.022,142.555,128.374,128.413
141.8,94.681,78.434,139.918,90.146,84.165,135.022,142.586,128.334,128.493
141.9,94.746,78.513,139.95,90.078,84.165,135.093,142.586,128.334,128.493
142.0,94.617,78.592,139.95,90.078,84.239,135.022,142.586,128.334,128.453
142.1,94.746,78.592,140.015,90.078,84.239,135.093,142.617,128.413,128.493
142.2,94.746,78.592,139.95,90.146,84.313,135.058,142.586,128.374,128.493
142.3,94.746,78.671,139.983,90.146,84.313,135.022,142.617,128.374,128.532
142.4,94.681,78.671,140.015,90.215,84.46,135.058,142.617,128.374,128.493
142.5,94.811,78.671,139.95,90.146,84.387,135.058,142.586,128.413,128.532
142.6,94.811,78.749,139.983,90.215,84.46,135.129,142.617,128.413,128.532
142.7,94.746,78.985,139.983,90.146,84.607,135.058,142.586,128.413,128.532
142.8,94.811,78.828,139.983,90.215,84.607,135.058,142.586,128.453,128.532
142.9,94.876,78.907,140.015,90.146,84.754,135.058,142.648,128.413,128.532
143.0,94.94,79.064,139.983,90.215,84.754,135.058,142.648,128.493,128.572
143.1,94.876,79.064,140.015,90.215,84.901,135.129,142.617,128.453,128.612
143.2,95.005,79.142,140.08,90.215,84.901,135.129,142.617,128.493,128.572
143.3,94.94,79.221,140.048,90.284,84.827,135.129,142.648,128.453,128.612
143.4,94.94,79.299,140.015,90.215,85.047,135.129,142.648,128.532,128.572
143.5,94.94,79.221,140.048,90.284,85.047,135.164,142.617,128.493,128.612
143.6,95.005,79.221,140.113,90.284,85.12,135.199,142.648,128.532,128.572
143.7,95.005,79.377,140.048,90.284,85.12,135.129,142.648,128.493,128.612
143.8,95.069,79.533,140.048,90.284,85.12,135.129,142.74,128.532,128.612
143.9,95.069,79.377,140.048,90.352,85.12,135.164,142.648,128.651,128.612
144.0,94.94,79.455,140.08,90.352,85.193,135.129,142.679,128.532,128.612
144.1,95.134,79.455,140.08,90.352,85.266,135.199,142.648,128.572,128.691
144.2,95.005,79.533,140.113,90.421,85.339,135.164,142.617,128.572,128.651
144.3,94.94,79.689,140.113,90.421,85.339,135.129,142.679,128.572,128.651
144.4,95.134,79.611,140.145,90.352,85.484,135.164,142.648,128.572,128.73
144.5,95.198,79.689,140.113,90.421,85.412,135.199,142.648,128.612,128.691
144.6,95.069,79.767,140.08,90.352,85.557,135.235,142.679,128.532,128.691
144.7,95.134,79.767,140.145,90.352,85.557,135.164,142.679,128.612,128.691
144.8,95.134,79.767,140.145,90.421,85.702,135.199,142.648,128.572,128.651
144.9,95.134,79.767,140.08,90.557,85.63,135.199,142.648,128.612,128.73
145.0,95.134,79.923,140.177,90.489,85.702,135.235,142.648,128.612,128.73
145.1,95.198,80.0,140.113,90.489,85.775,135.199,142.679,128.612,128.691
145.2,95.262,79.923,140.177,90.421,85.847,135.27,142.679,128.612,128.77
145.3,95.198,80.078,140.177,90.489,85.847,135.199,142.648,128.651,128.73
145.4,95.262,80.156,140.145,90.489,85.992,135.235,142.709,128.651,128.691
145.5,95.198,80.156,140.177,90.557,85.919,135.27,142.679,128.612,128.809
145.6,95.262,80.156,140.21,90.557,85.992,135.235,142.679,128.651,128.77
145.7,95.198,80.233,140.21,90.557,86.064,135.235,142.679,128.691,128.809
145.8,95.198,80.233,140.21,90.489,86.136,135.235,142.74,128.691,128.77
145.9,95.327,80.233,140.177,90.557,86.208,135.27,142.679,128.73,128.77
146.0,95.327,80.388,140.275,90.626,86.208,135.27,142.709,128.691,128.809
146.1,95.327,80.465,140.21,90.626,86.208,135.235,142.74,128.73,128.809
146.2,95.327,80.465,140.177,90.626,86.28,135.305,142.709,128.73,128.849
146.3,95.327,80.465,140.21,90.557,86.28,135.27,142.679,128.691,128.849
146.4,95.391,80.465,140.145,90.626,86.352,135.305,142.679,128.73,128.809
146.5,95.391,80.542,140.275,90.626,86.352,135.305,142.709,128.77,128.849
146.6,95.327,80.619,140.21,90.694,86.424,135.341,142.709,128.77,128.849
146.7,95.455,80.619,140.242,90.762,86.424,135.305,142.74,128.77,128.849
146.8,95.391,80.696,140.275,90.626,86.639,135.341,142.74,128.888,128.849
146.9,95.391,80.619,140.275,90.626,86.496,135.341,142.74,128.77,128.849
147.0,95.455,80.696,140.242,90.626,86.639,135.305,142.771,128.77,128.888
147.1,95.519,80.696,140.339,90.694,86.639,135.27,142.74,128.77,128.888
147.2,95.455,80.85,140.307,90.762,86.711,135.305,142.74,128.73,128.888
147.3,95.519,80.85,140.242,90.762,86.711,135.305,142.74,128.849,128.927
147.4,95.455,80.85,140.275,90.694,86.783,135.305,142.679,128.809,128.927
147.5,95.519,80.927,140.372,90.762,86.854,135.341,142.771,128.849,128.888
147.6,95.583,80.927,140.21,90.762,86.854,135.341,142.864,128.809,128.927
147.7,95.519,81.157,140.307,90.762,86.926,135.305,142.771,128.849,128.967
147.8,95.583,81.004,140.242,90.762,86.926,135.305,142.802,128.849,128.927
147.9,95.647,81.08,140.339,90.762,86.997,135.341,142.771,128.927,129.006
148.0,95.327,81.08,140.339,90.762,86.997,135.411,142.74,128.888,128.967
148.1,95.647,81.157,140.242,90.762,87.068,135.482,142.771,128.849,128.967
148.2,95.583,81.157,140.307,90.83,87.068,135.341,142.679,128.927,128.967
148.3,95.583,81.234,140.404,90.83,87.068,135.376,142.833,128.73,128.927
148.4,95.647,81.234,140.339,90.83,87.211,135.341,142.771,128.849,129.006
148.5,95.711,81.31,140.307,90.83,87.211,135.376,142.74,128.809,129.006
148.6,95.583,81.31,140.339,90.83,87.282,135.341,142.802,128.967,129.045
148.7,95.647,81.386,140.339,90.83,87.282,135.376,142.833,128.927,129.006
148.8,95.647,81.463,140.339,90.898,87.353,135.376,142.771,128.927,129.006
148.9,95.711,81.463,140.339,90.898,87.424,135.411,142.771,128.967,129.006
149.0,95.711,81.539,140.404,90.898,87.424,135.411,142.771,128.927,129.045
149.1,95.711,81.615,140.436,90.966,87.424,135.411,142.802,129.006,129.006
149.2,95.711,81.615,140.404,90.83,87.637,135.447,142.771,129.006,129.006
149.3,95.775,81.691,140.372,90.966,87.637,135.411,142.833,129.006,129.085
149.4,95.775,81.691,140.404,90.898,87.708,135.447,142.802,128.888,129.124
149.5,95.775,81.843,140.436,90.966,87.637,135.447,142.802,129.006,129.085
149.6,95.775,81.843,140.404,91.034,87.849,135.482,142.864,129.006,129.124
149.7,95.839,81.919,140.436,91.034,87.92,135.517,142.833,129.006,129.085
149.8,95.903,81.919,140.404,91.034,88.061,135.482,142.864,128.927,129.124
149.9,95.903,81.995,140.501,91.034,88.131,135.482,142.864,129.045,129.124
150.0,95.775,82.071,140.468,91.034,88.131,135.517,142.802,129.045,129.124
150.1,95.839,82.147,140.501,91.102,88.201,135.517,142.802,129.085,129.202
150.2,95.839,82.147,140.468,91.034,88.201,135.482,142.864,129.045,129.202
150.3,95.967,82.298,140.468,91.034,88.201,135.552,142.864,129.202,129.202
150.4,95.967,82.222,140.468,91.034,88.201,135.482,142.833,129.124,129.006
150.5,96.03,82.298,140.501,91.102,88.342,135.517,142.833,129.124,129.202
150.6,96.03,82.298,140.533,91.169,88.412,135.587,142.864,129.163,129.202
150.7,95.967,82.373,140.533,91.169,88.412,135.482,142.925,129.163,129.281
150.8,96.03,82.449,140.501,91.102,88.482,135.552,142.864,129.124,129.241
150.9,96.03,82.524,140.533,91.102,88.482,135.447,142.833,129.202,129.241
151.0,96.03,82.524,140.501,91.102,88.552,135.552,142.864,129.163,129.202
151.1,96.03,82.449,140.533,91.237,88.482,135.552,142.864,129.124,129.241
151.2,96.03,82.599,140.565,91.169,88.622,135.552,142.864,129.202,129.241
151.3,96.158,82.599,140.501,91.169,88.692,135.552,142.864,129.202,129.281
151.4,96.03,82.675,140.468,91.237,88.622,135.552,142.895,129.202,129.281
151.5,96.094,82.75,140.597,91.169,88.692,135.587,142.864,129.241,129.281
151.6,96.094,82.75,140.565,91.237,88.832,135.552,142.864,129.281,129.281
151.7,96.094,82.75,140.565,91.237,88.971,135.552,142.956,129.202,129.32
151.8,96.158,82.825,140.597,91.169,88.901,135.623,142.925,129.241,129.32
151.9,96.158,82.9,140.565,91.237,88.971,135.658,142.864,129.32,129.32
152.0,96.158,82.975,140.661,91.305,88.971,135.623,142.895,129.32,129.32
152.1,96.158,82.975,140.597,91.237,88.971,135.587,142.956,129.281,129.32
152.2,96.285,82.975,140.565,91.305,89.11,135.623,142.895,129.32,129.32
152.3,96.158,83.05,140.565,91.305,89.18,135.623,142.864,129.281,129.32
152.4,96.221,83.125,140.565,91.169,89.18,135.587,142.925,129.359,129.32
152.5,96.221,83.199,140.661,91.372,89.18,135.658,142.956,129.32,129.359
152.6,96.221,83.199,140.597,91.305,89.249,135.623,142.833,129.32,129.398
152.7,96.158,83.199,140.533,91.305,89.249,135.658,142.925,129.32,129.359
152.8,96.285,83.274,140.629,91.44,89.319,135.623,142.895,129.32,129.359
152.9,96.285,83.274,140.629,91.372,89.388,135.658,142.895,129.398,129.437
153.0,96.285,83.349,140.629,91.305,89.388,135.658,142.925,129.359,129.398
153.1,96.285,83.349,140.597,91.372,89.526,135.693,142.925,129.437,129.398
153.2,96.285,83.498,140.629,91.305,89.526,135.693,142.925,129.398,129.398
153.3,96.285,83.498,140.661,91.44,89.457,135.623,142.925,129.359,129.476
153.4,96.348,83.423,140.629,91.44,89.665,135.693,142.956,129.398,129.437
153.5,96.348,83.498,140.661,91.44,89.734,135.693,142.895,129.398,129.476
153.6,96.285,83.572,140.661,91.44,89.871,135.693,142.956,129.437,129.515
153.7,96.475,83.647,140.661,91.44,89.734,135.693,142.956,129.437,129.476
153.8,96.411,83.795,140.661,91.508,89.94,135.693,142.956,129.437,129.515
153.9,96.411,83.721,140.661,91.508,89.871,135.763,142.956,129.437,129.515
154.0,96.411,83.721,140.693,91.508,89.871,135.728,142.956,129.476,129.554
154.1,96.411,83.795,140.725,91.508,90.009,135.728,142.956,129.515,129.593
154.2,96.411,83.943,140.693,91.508,90.078,135.763,142.956,129.476,129.554
154.3,96.475,83.943,140.693,91.575,90.009,135.728,143.018,129.515,129.515
154.4,96.475,83.943,140.661,91.44,90.078,135.763,143.018,129.554,129.515
154.5,96.411,83.943,140.79,91.44,90.146,135.728,142.956,129.515,129.554
154.6,96.475,83.943,140.693,91.575,90.215,135.763,142.864,129.515,129.593
154.7,96.475,84.017,140.725,91.575,90.146,135.798,142.987,129.515,129.554
154.8,96.475,84.091,140.725,91.508,90.284,135.763,142.956,129.476,129.554
154.9,96.475,84.091,140.725,91.642,90.284,135.763,142.987,129.554,129.632
155.0,96.538,84.091,140.758,91.777,90.215,135.798,142.956,129.554,129.554
155.1,96.538,84.239,140.725,91.642,90.284,135.833,142.956,129.554,129.632
155.2,96.538,84.165,140.758,91.575,90.352,135.798,142.987,129.554,129.632
155.3,96.601,84.313,140.79,91.642,90.421,135.798,143.079,129.554,129.671
155.4,96.601,84.239,140.758,91.575,90.489,135.833,142.956,129.554,129.632
155.5,96.601,84.313,140.79,91.642,90.489,135.833,142.987,129.632,129.671
155.6,96.728,84.313,140.758,91.575,90.557,135.798,143.018,129.632,129.554
155.7,96.601,84.387,140.79,91.642,90.626,135.833,143.018,129.632,129.554
155.8,96.601,84.46,140.822,91.642,90.626,135.868,143.018,129.593,129.632
155.9,96.664,84.46,140.79,91.71,90.694,135.798,142.987,129.593,129.632
156.0,96.728,84.46,140.79,91.71,90.626,135.798,143.048,129.632,129.671
156.1,96.664,84.46,140.79,91.844,90.694,135.903,142.987,129.632,129.515
156.2,96.664,84.754,140.79,91.71,90.83,135.833,142.987,129.671,129.671
156.3,96.601,84.607,140.79,91.71,90.966,135.903,143.018,129.71,129.787
156.4,96.664,84.681,140.822,91.71,90.83,135.868,142.987,129.71,129.671
156.5,96.664,84.607,140.79,91.777,90.898,135.868,143.048,129.671,129.71
156.6,96.728,84.754,140.822,91.71,90.898,135.868,143.048,129.671,129.71
156.7,96.728,84.827,140.822,91.777,90.966,135.868,143.048,129.671,129.71
156.8,96.728,84.827,140.79,91.71,91.034,135.903,143.079,129.749,129.671
156.9,96.664,84.754,140.854,91.777,91.034,135.903,143.141,129.787,129.749
157.0,96.728,84.827,140.886,91.777,91.102,135.903,143.079,129.71,129.749
157.1,96.791,84.901,140.822,91.71,91.102,135.903,143.018,129.749,129.749
157.2,96.791,84.901,140.886,91.777,91.102,135.903,143.018,129.71,129.749
157.3,96.728,84.901,140.822,91.844,91.237,135.903,143.048,129.71,129.71
157.4,96.854,85.047,140.854,91.844,91.237,135.938,143.048,129.787,129.787
157.5,96.854,84.974,140.854,91.777,91.305,135.973,143.048,129.749,129.865
157.6,96.854,85.047,140.854,91.844,91.372,135.938,143.048,129.749,129.787
157.7,96.854,85.12,140.854,91.844,91.305,135.903,143.048,129.787,129.865
157.8,96.854,85.193,140.886,91.777,91.44,135.938,143.141,129.71,129.826
157.9,97.042,85.266,140.854,91.844,91.44,135.938,143.079,129.826,129.826
158.0,96.854,85.266,140.854,91.777,91.508,135.938,143.079,129.787,129.904
158.1,96.854,85.266,140.918,91.844,91.44,135.973,143.048,129.826,129.826
158.2,96.917,85.193,140.918,91.911,91.575,135.973,143.11,129.787,129.865
158.3,96.98,85.266,140.918,91.844,91.642,135.938,143.079,129.787,129.865
158.4,96.98,85.339,140.886,91.978,91.642,135.938,143.048,129.787,129.865
158.5,96.917,85.339,140.918,91.911,91.642,135.973,143.079,129.865,129.826
158.6,96.98,85.412,140.95,91.911,91.777,135.973,143.11,129.865,129.826
158.7,96.98,85.557,140.886,91.844,91.642,136.008,143.079,129.865,129.865
158.8,96.98,85.63,140.95,91.911,91.844,136.008,143.079,129.865,129.865
158.9,96.98,85.557,140.918,91.911,91.777,135.973,143.11,129.865,129.942
159.0,96.98,85.63,140.918,91.978,91.978,135.973,143.11,129.942,129.904
159.1,96.98,85.63,140.95,92.045,91.911,136.043,143.11,129.865,129.904
159.2,97.042,85.702,140.918,91.911,92.045,136.008,143.048,129.981,129.942
159.3,97.042,85.702,140.95,91.978,91.978,136.043,143.079,129.904,129.904
159.4,97.042,85.775,140.95,92.045,92.112,135.973,143.11,129.904,129.942
159.5,97.042,85.775,140.95,92.045,92.045,136.043,143.11,129.865,129.942
159.6,97.042,85.775,140.918,91.978,92.112,136.043,143.079,129.981,130.02
159.7,97.105,85.775,140.95,91.978,92.179,136.112,143.11,129.942,129.942
159.8,97.168,85.992,141.045,92.045,92.246,136.043,143.141,129.981,129.981
159.9,97.042,85.847,141.045,92.112,92.246,136.147,143.11,129.981,130.02
160.0,97.105,85.919,141.013,91.978,92.38,136.078,143.11,129.904,130.02
160.1,96.98,85.992,140.981,92.179,92.313,136.147,143.11,130.02,130.058
160.2,97.168,86.136,140.981,92.112,92.447,136.112,143.141,130.058,130.058
160.3,97.168,86.208,141.045,92.179,92.513,136.078,143.171,130.058,130.174
160.4,97.168,86.28,141.013,92.112,92.58,136.112,143.202,130.02,130.058
160.5,97.231,86.28,141.045,92.045,92.713,136.112,143.171,130.058,130.058
160.6,97.231,86.28,141.013,92.045,92.646,136.147,143.171,130.097,130.058
160.7,97.168,86.424,141.077,92.179,92.713,136.112,143.141,130.097,130.058
160.8,97.231,86.424,141.077,92.112,92.713,136.147,143.141,130.097,130.097
160.9,97.293,86.496,141.045,92.112,92.846,136.147,143.141,130.136,130.058
161.0,97.231,86.496,141.045,92.179,92.779,136.147,143.171,130.136,130.097
161.1,97.293,86.639,141.077,92.246,92.846,136.182,143.202,130.097,130.136
161.2,97.105,86.496,141.045,92.246,92.912,136.182,143.202,130.136,130.097
161.3,97.293,86.711,141.045,92.179,92.978,136.147,143.171,130.058,130.136
161.4,97.356,86.639,141.109,92.246,93.11,136.182,143.141,130.174,130.174
161.5,97.356,86.711,141.109,92.179,93.044,136.182,143.233,130.174,130.213
161.6,97.293,86.711,141.109,92.246,93.177,136.217,143.171,130.174,130.213
161.7,97.419,86.783,141.109,92.313,93.177,136.217,143.233,130.174,130.174
161.8,97.356,86.783,141.141,92.246,93.243,136.217,143.202,130.213,130.097
161.9,97.356,86.854,141.141,92.313,93.243,136.252,143.233,130.174,130.213
162.0,97.419,86.997,141.109,92.246,93.309,136.217,143.233,130.213,130.174
162.1,97.419,86.926,141.109,92.179,93.374,136.182,143.233,130.213,130.213
162.2,97.419,86.926,141.141,92.246,93.44,136.217,143.171,130.213,130.213
162.3,97.543,86.997,141.141,92.313,93.374,136.252,143.202,130.251,130.251
162.4,97.481,87.068,141.141,92.313,93.44,136.252,143.202,130.251,130.251
162.5,97.481,87.068,141.141,92.38,93.506,136.252,143.202,130.251,130.29
162.6,97.481,87.068,141.141,92.313,93.506,136.286,143.233,130.29,130.251
162.7,97.543,87.211,141.141,92.38,93.638,136.252,143.233,130.328,130.251
162.8,97.606,87.14,141.173,92.38,93.703,136.252,143.233,130.29,130.29
162.9,97.481,87.211,141.173,92.246,93.638,136.286,143.233,130.29,130.251
163.0,97.481,87.282,141.173,92.38,93.703,136.321,143.202,130.328,130.367
163.1,97.481,87.353,141.236,92.38,93.638,136.286,143.233,130.328,130.29
163.2,97.543,87.353,141.204,92.38,93.834,136.321,143.263,130.251,130.29
163.3,97.543,87.353,141.173,92.447,93.834,136.321,143.233,130.328,130.328
163.4,97.543,87.495,141.236,92.447,93.9,136.321,143.233,130.367,130.328
163.5,97.543,87.495,141.204,92.513,94.031,136.286,143.233,130.367,130.328
163.6,97.606,87.566,141.173,92.513,94.031,136.39,143.263,130.405,130.405
163.7,97.606,87.637,141.204,92.513,94.161,136.356,143.294,130.405,130.367
163.8,97.668,87.637,141.204,92.513,94.161,136.286,143.233,130.367,130.444
163.9,97.668,87.708,141.236,92.513,94.226,136.252,143.263,130.367,130.444
164.0,97.606,87.778,141.236,92.58,94.161,136.39,143.263,130.405,130.405
164.1,97.668,87.778,141.236,92.58,94.292,136.39,143.263,130.444,130.482
164.2,97.668,87.778,141.236,92.447,94.292,136.425,143.233,130.444,130.444
164.3,97.668,87.778,141.236,92.513,94.292,136.356,143.294,130.405,130.444
164.4,97.668,87.92,141.236,92.58,94.422,136.46,143.202,130.444,130.444
164.5,97.668,88.061,141.268,92.58,94.487,136.46,143.263,130.482,130.405
164.6,97.668,87.92,141.268,92.646,94.487,136.39,143.324,130.444,130.482
164.7,97.793,87.99,141.268,92.58,94.617,136.425,143.263,130.52,130.482
164.8,97.731,88.061,141.268,92.646,94.552,136.425,143.294,130.482,130.482
164.9,97.793,88.131,141.268,92.58,94.617,136.39,143.202,130.482,130.482
165.0,97.793,88.201,141.3,92.58,94.681,136.425,143.324,130.559,130.559
165.1,97.731,88.201,141.3,92.713,94.746,136.46,143.324,130.52,130.52
165.2,97.793,88.201,141.3,92.646,94.681,136.425,143.294,130.559,130.482
165.3,97.793,88.272,141.331,92.646,94.746,136.494,143.324,130.559,130.559
165.4,97.793,88.272,141.3,92.58,94.811,136.425,143.294,130.559,130.52
165.5,97.793,88.342,141.331,92.713,94.876,136.46,143.355,130.559,130.52
165.6,97.855,88.342,141.3,92.646,94.94,136.46,143.324,130.559,130.559
165.7,97.793,88.482,141.331,92.713,95.069,136.46,143.355,130.597,130.597
165.8,97.855,88.482,141.331,92.779,95.069,136.494,143.324,130.597,130.597
165.9,97.917,88.622,141.331,92.713,95.134,136.529,143.355,130.635,130.597
166.0,97.855,88.692,141.395,92.713,95.198,136.529,143.324,130.635,130.597
166.1,98.103,88.762,141.363,92.779,95.327,136.564,143.294,130.635,130.674
166.2,98.041,88.832,141.363,92.779,95.455,136.564,143.355,130.712,130.674
166.3,98.041,88.901,141.395,92.846,95.455,136.564,143.355,130.674,130.712
166.4,98.041,88.971,141.395,92.846,95.519,136.598,143.477,130.674,130.75
166.5,98.041,89.041,141.427,92.846,95.519,136.564,143.385,130.75,130.75
166.6,98.041,89.041,141.427,92.846,95.583,136.564,143.385,130.75,130.75
166.7,98.103,89.11,141.395,92.846,95.647,136.564,143.385,130.75,130.712
166.8,98.041,89.249,141.363,92.846,95.775,136.598,143.416,130.75,130.712
166.9,98.041,89.18,141.49,92.846,95.711,136.598,143.355,130.826,130.788
167.0,98.103,89.18,141.395,92.978,95.839,136.633,143.385,130.712,130.712
167.1,98.165,89.319,141.427,92.912,95.839,136.633,143.355,130.788,130.75
167.2,98.103,89.319,141.458,92.912,95.903,136.667,143.385,130.864,130.75
167.3,98.227,89.319,141.49,92.912,95.903,136.702,143.385,130.826,130.788
167.4,98.165,89.457,141.458,92.978,96.03,136.633,143.385,130.864,130.864
167.5,98.103,89.388,141.49,92.978,96.094,136.667,143.385,130.826,130.826
167.6,98.103,89.457,141.427,92.978,96.094,136.702,143.477,130.788,130.941
167.7,98.165,89.457,141.458,92.978,96.094,136.667,143.355,130.903,130.788
167.8,98.227,89.596,141.458,92.978,96.094,136.702,143.416,130.864,130.826
167.9,98.227,89.526,141.427,92.978,96.158,136.667,143.446,130.864,130.826
168.0,98.227,89.596,141.427,92.978,96.221,136.736,143.385,130.864,130.826
168.1,98.103,89.665,141.49,93.044,96.221,136.805,143.416,130.903,130.903
168.2,98.227,89.871,141.521,93.044,96.285,136.702,143.446,130.903,130.864
168.3,98.227,89.734,141.585,92.978,96.285,136.598,143.416,130.941,130.903
168.4,98.227,89.734,141.395,92.978,96.475,136.702,143.446,130.864,130.864
168.5,98.351,89.803,141.521,93.11,96.475,136.736,143.446,130.941,130.864
168.6,98.227,89.803,141.521,93.044,96.475,136.736,143.477,130.941,130.903
168.7,98.227,89.803,141.521,93.044,96.538,136.736,143.507,130.941,130.941
168.8,98.289,89.871,141.49,93.044,96.601,136.736,143.477,130.941,130.903
168.9,98.289,89.871,141.521,93.044,96.538,136.736,143.446,130.979,130.941
169.0,98.227,90.009,141.49,93.044,96.601,136.736,143.416,130.979,130.941
169.1,98.289,90.078,141.521,92.978,96.601,136.805,143.446,130.941,130.941
169.2,98.351,90.078,141.553,93.044,96.601,136.736,143.416,130.979,130.941
169.3,98.351,90.078,141.616,93.177,96.664,136.771,143.477,131.017,130.941
169.4,98.351,90.146,141.521,93.11,96.664,136.771,143.477,131.017,130.979
169.5,98.413,90.078,141.553,93.11,96.854,136.805,143.477,131.055,130.979
169.6,98.413,90.146,141.553,93.177,96.854,136.805,143.446,131.017,131.017
169.7,98.351,90.146,141.553,93.309,96.917,136.805,143.477,131.055,131.093
169.8,98.474,90.215,141.553,93.11,96.854,136.805,143.507,131.017,131.131
169.9,98.413,90.284,141.521,93.177,96.98,136.839,143.477,131.017,131.017
170.0,98.474,90.284,141.553,93.177,96.917,136.805,143.477,131.093,131.017
170.1,98.351,90.421,141.553,93.177,96.98,136.839,143.507,131.131,131.017
170.2,98.474,90.352,141.553,93.177,97.042,136.839,143.446,131.093,131.017
170.3,98.413,90.352,141.585,93.177,97.105,136.839,143.446,131.017,131.055
170.4,98.474,90.421,141.585,93.177,97.168,136.839,143.446,131.093,131.017
170.5,98.474,90.421,141.585,93.243,97.231,136.943,143.477,131.131,131.093
170.6,98.474,90.557,141.553,93.177,97.168,136.874,143.477,131.093,131.093
170.7,98.474,90.489,141.616,93.243,97.231,136.908,143.507,131.245,131.131
170.8,98.474,90.557,141.616,93.309,97.293,136.874,143.507,131.093,131.093
170.9,98.474,90.626,141.648,93.243,97.231,136.874,143.507,131.131,131.093
171.0,98.536,90.626,141.648,93.243,97.356,136.874,143.507,131.131,131.093
171.1,98.597,90.694,141.616,93.243,97.481,136.908,143.507,131.169,131.207
171.2,98.536,90.762,141.616,93.374,97.606,136.943,143.507,131.131,131.131
171.3,98.597,90.83,141.648,93.309,97.668,136.908,143.538,131.093,131.207
171.4,98.597,90.83,141.679,93.374,97.606,136.943,143.507,131.207,131.093
171.5,98.659,90.898,141.648,93.309,97.606,136.943,143.568,131.207,131.207
171.6,98.597,90.898,141.679,93.374,97.731,137.011,143.538,131.207,131.207
171.7,98.597,90.966,141.648,93.374,97.668,136.943,143.507,131.282,131.207
171.8,98.474,90.966,141.679,93.506,97.731,136.943,143.568,131.207,131.282
171.9,98.597,91.034,141.679,93.44,97.793,137.011,143.538,131.245,131.245
172.0,98.597,91.102,141.616,93.44,97.855,137.011,143.538,131.32,131.245
172.1,98.659,91.102,141.648,93.374,97.855,136.943,143.538,131.32,131.282
172.2,98.659,90.966,141.774,93.374,97.917,137.045,143.538,131.245,131.245
172.3,98.721,91.305,141.711,93.374,97.979,137.011,143.599,131.282,131.282
172.4,98.721,91.237,141.679,93.44,97.917,137.045,143.568,131.32,131.282
172.5,98.659,91.237,141.679,93.374,98.041,137.011,143.538,131.358,131.282
172.6,98.721,91.305,141.679,93.44,98.041,137.08,143.538,131.32,131.32
172.7,98.721,91.372,141.711,93.44,98.103,137.045,143.538,131.32,131.32
172.8,98.721,91.305,141.711,93.44,98.103,137.011,143.538,131.282,131.282
172.9,98.721,91.44,141.679,93.44,98.227,137.011,143.568,131.32,131.32
173.0,98.782,91.508,141.711,93.44,98.165,137.011,143.568,131.358,131.358
173.1,98.721,91.508,141.711,93.506,98.289,137.045,143.538,131.32,131.358
173.2,98.782,91.44,141.742,93.44,98.227,137.045,143.568,131.358,131.358
173.3,98.782,91.508,141.742,93.44,98.227,137.045,143.568,131.358,131.396
173.4,98.721,91.508,141.711,93.44,98.289,137.08,143.568,131.32,131.358
173.5,98.843,91.575,141.742,93.506,98.289,136.977,143.568,131.434,131.358
173.6,98.782,91.575,141.742,93.506,98.351,137.045,143.568,131.396,131.396
173.7,98.782,91.642,141.742,93.506,98.351,137.08,143.568,131.396,131.358
173.8,98.721,91.642,141.711,93.44,98.413,137.08,143.568,131.396,131.396
173.9,98.782,91.777,141.742,93.572,98.597,137.114,143.568,131.396,131.396
174.0,98.782,91.777,141.774,93.506,98.536,137.08,143.629,131.396,131.358
174.1,98.782,91.777,141.679,93.572,98.474,137.114,143.568,131.434,131.396
174.2,98.843,91.777,141.711,93.506,98.536,137.114,143.599,131.471,131.396
174.3,98.843,91.777,141.805,93.572,98.536,137.114,143.568,131.434,131.434
174.4,98.905,91.844,141.742,93.572,98.597,137.08,143.568,131.471,131.396
174.5,98.843,91.844,141.805,93.506,98.659,137.114,143.599,131.434,131.434
174.6,98.843,91.844,141.774,93.506,98.721,137.251,143.538,131.471,131.434
174.7,98.843,92.045,141.774,93.638,98.721,137.182,143.599,131.471,131.434
174.8,98.905,91.911,141.742,93.638,98.782,137.148,143.69,131.471,131.434
174.9,98.843,92.045,141.774,93.638,98.721,137.114,143.599,131.509,131.434
175.0,98.905,92.045,141.805,93.638,98.659,137.148,143.659,131.471,131.471
175.1,98.905,91.978,141.742,93.572,98.843,137.182,143.629,131.509,131.584
175.2,98.966,92.112,141.774,93.44,98.905,137.148,143.659,131.509,131.509
175.3,98.966,92.112,141.774,93.506,98.905,137.148,143.629,131.509,131.509
175.4,98.905,92.112,141.805,93.638,98.966,137.148,143.629,131.547,131.509
175.5,98.905,92.179,141.805,93.638,98.966,137.148,143.599,131.434,131.509
175.6,98.905,92.246,141.774,93.638,98.966,137.148,143.629,131.547,131.509
175.7,98.966,92.246,141.805,93.638,99.15,137.285,143.629,131.547,131.509
175.8,98.905,92.246,141.805,93.703,99.15,137.182,143.599,131.584,131.509
175.9,99.027,92.38,141.837,93.769,99.088,137.251,143.659,131.547,131.584
176.0,99.088,92.313,141.774,93.638,99.211,137.182,143.629,131.584,131.547
176.1,98.966,92.38,141.805,93.703,99.15,137.216,143.659,131.584,131.547
176.2,99.027,92.447,141.837,93.703,99.15,137.216,143.629,131.584,131.547
176.3,99.027,92.513,141.837,93.769,99.333,137.216,143.659,131.697,131.584
176.4,99.027,92.58,141.868,93.703,99.333,137.285,143.659,131.622,131.584
176.5,99.027,92.646,141.868,93.769,99.394,137.251,143.69,131.66,131.584
176.6,99.027,92.713,141.837,93.703,99.455,137.251,143.659,131.66,131.622
176.7,99.027,92.646,141.868,93.769,99.455,137.285,143.69,131.584,131.584
176.8,99.088,92.646,141.868,93.769,99.455,137.251,143.69,131.622,131.622
176.9,99.088,92.713,141.868,93.769,99.515,137.285,143.69,131.697,131.622
177.0,99.088,92.779,141.837,93.769,99.698,137.285,143.72,131.697,131.622
177.1,99.088,92.779,141.868,93.769,99.576,137.285,143.659,131.66,131.622
177.2,99.088,92.846,141.899,93.769,99.698,137.285,143.69,131.735,131.66
177.3,99.15,92.779,141.931,93.769,99.819,137.285,143.69,131.697,131.66
177.4,99.088,92.846,141.868,93.834,99.758,137.319,143.599,131.697,131.66
177.5,99.15,92.912,141.931,93.834,99.698,137.319,143.69,131.697,131.697
177.6,99.088,92.978,141.931,93.834,99.819,137.285,143.659,131.697,131.66
177.7,99.211,92.978,141.899,93.834,99.758,137.319,143.72,131.735,131.622
177.8,99.088,92.978,141.868,93.965,99.819,137.353,143.659,131.772,131.66
177.9,99.211,92.978,141.868,93.703,99.819,137.353,143.751,131.772,131.697
178.0,99.211,93.177,141.899,93.834,100.0,137.353,143.69,131.772,131.772
178.1,99.15,93.11,141.931,93.834,100.061,137.387,143.72,131.772,131.735
178.2,99.15,93.177,141.931,93.9,100.061,137.387,143.751,131.772,131.772
178.3,99.272,93.243,141.931,93.9,100.121,137.353,143.751,131.772,131.772
178.4,99.211,93.243,141.931,94.031,100.121,137.387,143.72,131.735,131.735
178.5,99.211,93.243,141.931,93.9,100.121,137.319,143.751,131.81,131.735
178.6,99.272,93.374,142.025,93.834,100.242,137.387,143.72,131.848,131.772
178.7,99.333,93.309,141.899,93.9,100.182,137.421,143.72,131.772,131.772
178.8,99.333,93.374,141.962,93.9,100.242,137.421,143.72,131.81,131.848
178.9,99.272,93.374,141.931,93.9,100.302,137.421,143.72,131.848,131.772
179.0,99.272,93.44,141.931,94.031,100.302,137.387,143.72,131.885,131.772
179.1,99.272,93.374,141.962,93.965,100.362,137.421,143.751,131.81,131.772
179.2,99.272,93.506,141.962,93.9,100.362,137.421,143.69,131.81,131.848
179.3,99.211,93.506,142.056,93.965,100.422,137.421,143.72,131.81,131.81
179.4,99.333,93.506,141.931,93.965,100.482,137.455,143.72,131.848,131.848
179.5,99.455,93.572,141.931,93.965,100.482,137.455,143.781,131.848,131.848
179.6,99.394,93.703,141.994,93.965,100.602,137.489,143.872,131.96,131.885
179.7,99.394,93.703,141.994,94.031,100.482,137.523,143.751,131.885,131.848
179.8,99.394,93.703,141.994,94.096,100.662,137.455,143.781,131.885,131.922
179.9,99.394,93.703,141.994,94.096,100.602,137.455,143.781,131.922,131.96
180.0,99.394,93.769,141.994,93.965,100.662,137.455,143.811,131.922,131.922
180.1,99.455,93.834,142.025,94.031,100.722,137.489,143.781,131.997,131.885
180.2,99.515,93.834,141.962,94.161,100.902,137.489,143.751,131.96,131.96
180.3,99.455,93.9,142.025,94.031,100.842,137.489,143.781,131.96,131.96
180.4,99.455,93.965,142.025,94.096,100.961,137.523,143.811,131.997,131.922
180.5,99.455,94.031,142.025,94.096,100.961,137.523,143.781,132.109,131.997
180.6,99.455,94.096,142.119,94.096,100.961,137.557,143.781,131.96,131.96
180.7,99.515,94.096,142.056,94.096,101.021,137.557,143.781,131.997,132.072
180.8,99.515,94.161,141.994,94.161,101.021,137.659,143.781,131.997,131.997
180.9,99.637,94.161,142.056,94.096,101.08,137.557,143.841,132.035,131.997
181.0,99.455,94.226,142.119,94.161,101.14,137.557,143.811,131.997,131.96
181.1,99.515,94.226,142.025,94.096,101.259,137.557,143.781,132.035,131.997
181.2,99.515,94.226,142.025,94.161,101.2,137.625,143.781,132.035,131.922
181.3,99.576,94.357,142.087,94.096,101.2,137.557,143.811,132.072,131.997
181.4,99.576,94.422,142.056,94.226,101.259,137.591,143.751,132.072,132.035
181.5,99.515,94.357,142.025,94.226,101.318,137.591,143.751,132.072,132.072
181.6,99.637,94.357,142.025,94.161,101.2,137.591,143.811,132.109,132.035
181.7,99.576,94.487,142.119,94.161,101.378,137.625,143.811,132.109,132.035
181.8,99.576,94.422,142.056,94.161,101.378,137.591,143.872,132.109,132.035
181.9,99.576,94.487,142.056,94.161,101.496,137.591,143.811,132.072,132.072
182.0,99.576,94.487,142.056,94.226,101.496,137.625,143.841,132.147,132.072
182.1,99.637,94.552,142.087,94.226,101.556,137.625,143.811,132.109,132.109
182.2,99.637,94.552,142.087,94.226,101.496,137.625,143.841,132.109,132.072
182.3,99.637,94.617,142.119,94.226,101.615,137.625,143.872,132.147,132.109
182.4,99.637,94.681,142.119,94.292,101.556,137.659,143.811,132.109,132.109
182.5,99.576,94.746,142.119,94.226,101.674,137.727,143.811,132.147,132.147
182.6,99.576,94.746,142.119,94.357,101.496,137.659,143.841,132.147,132.109
182.7,99.698,94.876,142.119,94.226,101.792,137.693,143.841,132.184,132.147
182.8,99.758,94.811,142.15,94.292,101.91,137.693,143.872,132.184,132.147
182.9,99.758,94.94,142.119,94.422,101.91,137.693,143.872,132.221,132.184
183.0,99.88,94.94,142.15,94.226,101.91,137.693,143.841,132.221,132.184
183.1,99.758,95.005,142.025,94.357,101.969,137.693,143.902,132.221,132.184
183.2,99.758,95.005,142.15,94.357,102.028,137.794,143.872,132.221,132.221
183.3,99.758,95.069,142.119,94.292,102.028,137.727,143.872,132.259,132.147
183.4,99.758,95.069,142.119,94.357,102.145,137.727,143.902,132.296,132.184
183.5,99.758,95.134,142.119,94.357,102.086,137.761,143.902,132.259,132.296
183.6,99.758,95.262,142.15,94.357,101.969,137.794,143.811,132.296,132.221
183.7,99.758,95.198,142.181,94.357,102.145,137.761,143.902,132.296,132.221
183.8,99.819,95.198,142.15,94.422,102.145,137.727,143.902,132.296,132.259
183.9,99.819,95.327,142.181,94.357,102.204,137.761,143.932,132.333,132.296
184.0,99.758,95.327,142.119,94.357,102.321,137.761,143.902,132.296,132.221
184.1,99.88,95.327,142.181,94.422,102.262,137.828,143.902,132.296,132.147
184.2,99.819,95.262,142.181,94.226,102.262,137.828,143.872,132.259,132.296
184.3,99.819,95.327,142.15,94.422,102.321,137.828,143.902,132.333,132.259
184.4,99.819,95.327,142.212,94.422,102.38,137.794,143.902,132.333,132.259
184.5,99.819,95.519,142.15,94.422,102.438,137.794,143.902,132.37,132.259
184.6,99.94,95.519,142.181,94.422,102.38,137.794,143.902,132.37,132.37
184.7,99.94,95.519,142.181,94.552,102.555,137.828,143.902,132.37,132.37
184.8,99.88,95.583,142.181,94.487,102.555,137.828,143.932,132.37,132.37
184.9,99.94,95.647,142.212,94.422,102.672,137.828,143.932,132.37,132.333
185.0,99.94,95.583,142.244,94.552,102.613,137.828,143.902,132.444,132.333
185.1,99.94,95.647,142.212,94.487,102.613,137.862,143.932,132.407,132.407
185.2,99.88,95.711,142.306,94.487,102.672,137.862,143.932,132.444,132.37
185.3,99.94,95.711,142.306,94.487,102.672,137.862,143.932,132.407,132.407
185.4,99.94,95.775,142.15,94.552,102.73,137.896,143.962,132.407,132.37
185.5,100.0,95.775,142.212,94.552,102.73,137.929,143.872,132.444,132.407
185.6,99.94,95.775,142.275,94.487,102.904,137.963,143.932,132.741,132.37
185.7,99.88,95.775,142.212,94.552,102.846,137.929,143.932,132.444,132.296
185.8,99.94,95.903,142.244,94.552,102.846,137.896,143.902,132.519,132.407
185.9,99.88,95.775,142.212,94.552,102.963,137.896,143.872,132.407,132.407
186.0,99.94,95.903,142.212,94.552,102.904,137.896,143.902,132.444,132.37
186.1,100.061,95.903,142.244,94.552,102.904,137.896,143.962,132.444,132.407
186.2,100.061,96.03,142.244,94.552,102.963,137.896,143.932,132.444,132.444
186.3,99.94,95.967,142.244,94.552,103.021,137.929,143.932,132.482,132.444
186.4,100.0,95.967,142.244,94.552,103.021,137.896,143.993,132.482,132.519
186.5,100.0,95.967,142.244,94.487,103.021,137.963,143.932,132.482,132.444
186.6,100.121,96.094,142.306,94.617,103.137,137.997,143.962,132.519,132.482
186.7,100.061,96.03,142.275,94.552,103.137,137.929,143.993,132.482,132.519
186.8,100.061,96.094,142.275,94.617,103.137,137.963,143.962,132.519,132.519
186.9,100.061,96.158,142.306,94.617,103.137,137.929,143.993,132.593,132.482
187.0,100.061,96.158,142.306,94.681,103.31,137.963,144.023,132.556,132.482
187.1,99.94,96.158,142.275,94.617,103.137,137.997,143.962,132.482,132.519
187.2,100.061,96.221,142.275,94.617,103.195,137.963,143.962,132.556,132.519
187.3,100.0,96.221,142.337,94.487,103.252,137.963,143.962,132.519,132.519
187.4,100.061,96.348,142.306,94.617,103.368,137.997,143.993,132.556,132.519
187.5,100.182,96.285,142.275,94.617,103.31,137.963,143.993,132.556,132.519
187.6,100.121,96.411,142.337,94.681,103.31,138.031,143.993,132.593,132.519
187.7,100.121,96.475,142.337,94.681,103.541,137.997,144.023,132.593,132.556
187.8,100.121,96.411,142.306,94.681,103.541,138.031,143.993,132.556,132.556
187.9,100.0,96.475,142.337,94.746,103.483,138.031,144.023,132.519,132.556
188.0,100.121,96.538,142.306,94.746,103.541,138.031,143.962,132.667,132.556
188.1,100.121,96.538,142.306,94.681,103.599,138.031,143.993,132.593,132.593
188.2,100.182,96.601,142.275,94.681,103.714,138.031,143.993,132.593,132.63
188.3,100.121,96.538,142.337,94.811,103.599,138.031,144.023,132.593,132.556
188.4,100.182,96.601,142.306,94.811,103.599,138.098,144.023,132.63,132.667
188.5,100.182,96.601,142.306,94.681,103.714,138.031,144.023,132.63,132.667
188.6,100.121,96.664,142.337,94.746,103.714,138.064,144.023,132.667,132.63
188.7,100.061,96.728,142.368,94.811,103.714,138.098,144.023,132.63,132.556
188.8,100.242,96.728,142.368,94.746,103.771,138.132,144.023,132.63,132.63
188.9,100.182,96.728,142.337,94.811,103.771,138.064,144.023,132.667,132.63
189.0,100.242,96.728,142.368,94.746,103.829,138.098,144.053,132.704,132.63
189.1,100.242,96.791,142.337,94.746,103.886,138.098,144.023,132.63,132.704
189.2,100.302,96.854,142.368,94.746,103.943,138.165,143.993,132.704,132.667
189.3,100.302,96.917,142.368,94.811,104.0,138.098,143.993,132.63,132.704
189.4,100.302,97.168,142.43,94.746,104.058,138.165,144.053,132.741,132.704
189.5,100.302,97.042,142.555,94.811,104.115,138.132,144.053,132.778,132.704
189.6,100.302,97.105,142.43,94.811,104.115,138.165,144.053,132.741,132.741
189.7,100.302,97.105,142.399,94.811,104.172,138.132,144.053,132.778,132.704
189.8,100.302,97.105,142.368,94.94,104.229,138.132,144.023,132.741,132.704
189.9,100.362,97.105,142.368,94.876,104.229,138.165,144.023,132.814,132.741
190.0,100.362,97.168,142.368,94.811,104.172,138.165,144.053,132.741,132.741
190.1,100.362,97.168,142.399,94.94,104.286,138.232,144.023,132.741,132.667
190.2,100.482,97.168,142.462,94.876,104.286,138.165,144.083,132.778,132.741
190.3,100.362,97.231,142.399,94.876,104.343,138.165,144.143,132.778,132.814
190.4,100.362,97.231,142.399,94.746,104.343,138.199,144.053,132.741,132.778
190.5,100.302,97.356,142.43,94.876,104.286,138.199,144.053,132.778,132.778
190.6,100.422,97.293,142.43,94.876,104.457,138.199,144.053,132.741,132.778
190.7,100.422,97.356,142.43,94.94,104.514,138.165,144.053,132.851,132.778
190.8,100.422,97.419,142.43,94.876,104.4,138.199,144.023,132.778,132.814
190.9,100.362,97.419,142.43,94.94,104.514,138.199,144.053,132.814,132.778
191.0,100.362,97.419,142.43,94.876,104.571,138.199,144.113,132.814,132.778
191.1,100.482,97.419,142.43,94.876,104.571,138.199,144.083,132.778,132.888
191.2,100.422,97.481,142.43,94.94,104.571,138.232,144.083,132.851,132.925
191.3,100.422,97.481,142.43,94.94,104.628,138.266,144.083,132.851,132.814
191.4,100.362,97.543,142.462,94.811,104.571,138.333,144.053,132.851,132.814
191.5,100.482,97.543,142.493,94.876,104.684,138.266,144.113,132.888,132.851
191.6,100.542,97.606,142.462,95.069,104.684,138.232,144.113,132.888,132.814
191.7,100.482,97.606,142.43,95.005,104.798,138.299,144.113,132.851,132.851
191.8,100.482,97.731,142.493,94.94,104.741,138.266,144.083,132.888,132.888
191.9,100.482,97.668,142.462,94.94,104.798,138.232,144.113,132.888,132.851
192.0,100.482,97.731,142.43,95.005,104.854,138.266,144.113,132.999,132.888
192.1,100.542,97.731,142.462,94.94,104.854,138.299,144.143,132.888,132.888
192.2,100.482,97.793,142.493,95.069,104.854,138.266,144.113,132.888,132.925
192.3,100.542,97.793,142.555,95.005,104.911,138.266,144.113,132.962,132.888
192.4,100.542,97.793,142.43,95.005,104.967,138.333,144.113,132.925,132.925
192.5,100.542,97.917,142.524,95.005,104.967,138.299,144.203,132.888,132.925
192.6,100.482,97.917,142.493,95.069,105.08,138.299,144.113,132.925,132.962
192.7,100.542,97.917,142.462,95.005,105.024,138.299,144.143,132.888,132.962
192.8,100.542,98.041,142.493,95.134,105.193,138.333,144.143,132.925,132.925
192.9,100.482,98.041,142.555,95.069,105.08,138.366,144.143,132.888,132.999
193.0,100.602,98.041,142.462,95.198,105.193,138.4,144.113,132.962,132.962
193.1,100.542,98.041,142.399,95.069,105.193,138.366,144.173,132.962,132.962
193.2,100.542,98.103,142.493,95.134,105.193,138.366,144.113,132.999,132.999
193.3,100.662,98.103,142.493,95.134,105.249,138.366,144.143,132.999,132.999
193.4,100.602,98.165,142.493,95.069,105.362,138.366,144.143,132.999,132.999
193.5,100.722,98.165,142.555,95.005,105.306,138.333,144.083,132.999,132.999
193.6,100.602,98.227,142.493,95.069,105.306,138.366,144.143,133.035,132.962
193.7,100.662,98.351,142.493,95.069,105.418,138.299,144.203,132.999,132.999
193.8,100.662,98.413,142.586,95.069,105.418,138.4,144.143,133.035,133.035
193.9,100.662,98.351,142.462,95.134,105.418,138.433,144.173,132.999,132.999
194.0,100.722,98.351,142.555,95.069,105.418,138.366,144.143,132.999,133.035
194.1,100.662,98.351,142.524,95.069,105.474,138.4,144.173,133.072,133.035
194.2,100.662,98.351,142.524,95.198,105.474,138.4,144.173,133.035,133.109
194.3,100.662,98.413,142.493,95.134,105.418,138.433,144.143,133.035,132.999
194.4,100.662,98.474,142.586,95.198,105.53,138.4,144.143,133.072,133.035
194.5,100.662,98.474,142.586,95.134,105.642,138.433,144.173,133.072,133.072
194.6,100.722,98.597,142.524,95.134,105.642,138.433,144.143,133.072,133.072
194.7,100.662,98.597,142.555,95.198,105.698,138.433,144.173,133.146,133.109
194.8,100.722,98.536,142.586,95.198,105.754,138.433,144.263,133.109,133.109
194.9,100.722,98.536,142.586,95.198,105.754,138.433,144.203,133.109,133.109
195.0,100.782,98.659,142.524,95.327,105.81,138.533,144.143,133.109,133.109
195.1,100.782,98.659,142.555,95.198,105.81,138.467,144.173,133.146,133.072
195.2,100.782,98.659,142.586,95.262,105.866,138.467,144.173,133.146,133.109
195.3,100.782,98.782,142.493,95.327,105.866,138.5,144.173,133.072,133.146
195.4,100.782,98.782,142.586,95.198,105.922,138.433,144.203,133.109,133.146
195.5,100.842,98.782,142.586,95.262,105.922,138.5,144.233,133.146,133.146
195.6,100.782,98.905,142.617,95.262,106.033,138.567,144.173,133.182,133.182
195.7,100.902,98.905,142.617,95.198,106.033,138.533,144.203,133.146,133.182
195.8,100.782,98.905,142.586,95.262,106.089,138.533,144.173,133.146,133.146
195.9,100.782,98.966,142.586,95.327,106.144,138.567,144.203,133.182,133.219
196.0,100.842,99.088,142.586,95.262,106.144,138.567,144.233,133.182,133.219
196.1,100.842,98.966,142.555,95.262,106.144,138.533,144.263,133.182,133.292
196.2,100.842,98.966,142.648,95.391,106.2,138.533,144.203,133.182,133.182
196.3,100.842,99.15,142.679,95.262,106.2,138.533,144.263,133.146,133.182
196.4,100.902,99.15,142.586,95.262,106.255,138.6,144.203,133.219,133.182
196.5,100.842,99.211,142.617,95.262,106.255,138.533,144.113,133.182,133.219
196.6,100.961,99.211,142.586,95.327,106.366,138.6,144.324,133.219,133.219
196.7,100.902,99.211,142.648,95.391,106.422,138.567,144.263,133.255,133.292
196.8,100.961,99.333,142.617,95.391,106.422,138.567,144.233,133.292,133.292
196.9,100.902,99.333,142.679,95.455,106.422,138.567,144.233,133.255,133.255
197.0,101.021,99.333,142.679,95.327,106.477,138.6,144.233,133.255,133.255
197.1,100.961,99.333,142.617,95.455,106.532,138.6,144.203,133.255,133.255
197.2,100.961,99.333,142.648,95.327,106.532,138.6,144.263,133.255,133.255
197.3,100.902,99.394,142.679,95.391,106.588,138.567,144.233,133.255,133.329
197.4,100.902,99.394,142.617,95.391,106.588,138.667,144.203,133.292,133.329
197.5,100.961,99.515,142.648,95.391,106.643,138.633,144.294,133.292,133.292
197.6,100.961,99.515,142.679,95.391,106.643,138.633,144.263,133.329,133.365
197.7,101.021,99.576,142.648,95.455,106.808,138.633,144.263,133.292,133.329
197.8,100.961,99.515,142.617,95.455,106.753,138.667,144.263,133.365,133.329
197.9,100.961,99.637,142.679,95.391,106.753,138.633,144.354,133.219,133.365
198.0,101.021,99.637,142.74,95.455,106.698,138.633,144.383,133.329,133.329
198.1,101.08,99.576,142.679,95.519,106.808,138.667,144.263,133.329,133.365
198.2,100.961,99.637,142.648,95.583,106.808,138.733,144.263,133.365,133.329
198.3,101.021,99.698,142.679,95.519,106.808,138.733,144.263,133.365,133.365
198.4,101.08,99.758,142.679,95.455,106.918,138.7,144.263,133.329,133.365
198.5,101.021,99.819,142.679,95.455,106.918,138.667,144.263,133.329,133.329
198.6,100.961,99.819,142.679,95.455,106.918,138.633,144.173,133.365,133.365
198.7,101.021,99.819,142.74,95.455,106.918,138.7,144.263,133.365,133.402
198.8,101.021,99.819,142.679,95.519,106.973,138.7,144.233,133.438,133.402
198.9,101.021,99.88,142.679,95.519,107.028,138.7,144.294,133.365,133.402
199.0,101.14,99.94,142.709,95.583,107.138,138.733,144.294,133.402,133.402
199.1,100.961,100.0,142.709,95.519,107.083,138.733,144.294,133.438,133.438
199.2,101.14,99.94,142.709,95.519,107.138,138.7,144.294,133.402,133.475
199.3,101.08,100.0,142.679,95.583,107.193,138.733,144.294,133.402,133.402
199.4,101.08,100.061,142.648,95.519,107.193,138.767,144.294,133.402,133.402
199.5,101.08,100.061,142.679,95.583,107.247,138.767,144.173,133.402,133.438
199.6,101.021,100.061,142.709,95.519,107.138,138.8,144.294,133.438,133.475
199.7,101.2,100.061,142.679,95.583,107.247,138.733,144.263,133.438,133.475
199.8,101.08,100.182,142.679,95.583,107.302,138.8,144.294,133.475,133.438
199.9,101.14,100.121,142.709,95.583,107.302,138.733,144.324,133.438,133.511
200.0,101.14,100.182,142.74,95.519,107.466,138.767,144.294,133.511,133.475
200.1,101.14,100.242,142.833,95.583,107.411,138.767,144.324,133.475,133.475
200.2,101.08,100.242,142.709,95.647,107.411,138.767,144.324,133.475,133.511
200.3,101.2,100.242,142.771,95.647,107.466,138.767,144.383,133.438,133.438
200.4,101.14,100.302,142.771,95.583,107.411,138.833,144.324,133.475,133.438
200.5,101.14,100.422,142.679,95.583,107.466,138.8,144.324,133.511,133.475
200.6,101.14,100.302,142.709,95.583,107.466,138.767,144.294,133.475,133.475
200.7,101.2,100.422,142.74,95.583,107.466,138.8,144.383,133.548,133.511
200.8,101.259,100.362,142.74,95.647,107.575,138.767,144.383,133.475,133.475
200.9,101.259,100.422,142.771,95.647,107.575,138.8,144.263,133.511,133.511
201.0,101.2,100.422,142.74,95.647,107.738,138.8,144.324,133.475,133.511
201.1,101.2,100.422,142.74,95.711,107.63,138.833,144.354,133.548,133.511
201.2,101.259,100.482,142.802,95.775,107.575,138.8,144.354,133.438,133.62
201.3,101.2,100.482,142.74,95.647,107.738,138.8,144.324,133.511,133.584
201.4,101.259,100.542,142.771,95.647,107.738,138.833,144.383,133.548,133.584
201.5,101.259,100.542,142.802,95.711,107.738,138.833,144.324,133.548,133.584
201.6,101.259,100.602,142.771,95.711,107.738,138.866,144.354,133.62,133.584
201.7,101.259,100.602,142.864,95.647,107.738,138.866,144.413,133.548,133.548
201.8,101.259,100.602,142.802,95.711,107.847,138.833,144.354,133.584,133.548
201.9,101.318,100.602,142.802,95.775,107.847,138.866,144.354,133.548,133.548
202.0,101.318,100.722,142.771,95.647,107.901,138.866,144.383,133.548,133.584
202.1,101.259,100.662,142.771,95.711,107.847,138.866,144.413,133.584,133.584
202.2,101.318,100.722,142.771,95.775,107.955,138.866,144.383,133.62,133.584
202.3,101.318,101.021,142.771,95.711,108.01,138.899,144.354,133.62,133.584
202.4,101.378,100.842,142.802,95.775,107.955,138.932,144.413,133.62,133.62
202.5,101.318,100.902,142.802,95.711,108.172,138.899,144.354,133.584,133.62
202.6,101.378,100.902,142.802,95.839,108.118,138.899,144.383,133.62,133.693
202.7,101.378,100.902,142.802,95.711,108.118,138.932,144.354,133.548,133.657
202.8,101.437,100.902,142.771,95.775,108.226,138.999,144.383,133.657,133.693
202.9,101.378,100.902,142.833,95.711,108.118,138.966,144.383,133.657,133.657
203.0,101.378,101.08,142.833,95.775,108.172,138.899,144.354,133.657,133.693
203.1,101.437,101.021,142.802,95.775,108.226,138.932,144.354,133.62,133.693
203.2,101.378,101.08,142.864,95.775,108.226,138.966,144.383,133.657,133.693
203.3,101.378,101.14,142.802,95.775,108.28,138.932,144.383,133.657,133.693
203.4,101.378,101.14,142.802,95.839,108.334,138.966,144.473,133.693,133.802
203.5,101.318,101.14,142.833,95.775,108.388,138.932,144.354,133.693,133.693
203.6,101.378,101.2,142.833,95.903,108.334,138.966,144.413,133.657,133.693
203.7,101.496,101.259,142.833,95.839,108.388,138.966,144.354,133.729,133.729
203.8,101.556,101.318,142.802,95.839,108.495,138.966,144.383,133.693,133.729
203.9,101.437,101.318,142.802,95.903,108.495,138.999,144.383,133.693,133.729
204.0,101.437,101.318,142.802,96.03,108.495,139.032,144.413,133.729,133.729
204.1,101.437,101.378,142.833,95.839,108.603,138.999,144.413,133.693,133.729
204.2,101.496,101.496,142.864,95.903,108.657,139.065,144.383,133.766,133.802
204.3,101.496,101.496,142.864,95.903,108.657,138.999,144.413,133.729,133.802
204.4,101.674,101.496,142.864,95.903,108.657,138.999,144.443,133.766,133.802
204.5,101.556,101.556,142.864,95.839,108.71,139.032,144.443,133.766,133.802
204.6,101.496,101.556,142.864,95.903,108.71,139.065,144.413,133.766,133.802
204.7,101.437,101.496,142.864,95.903,108.817,139.032,144.443,133.729,133.802
204.8,101.496,101.615,142.864,95.967,108.764,139.065,144.443,133.766,133.802
204.9,101.496,101.674,142.864,95.967,108.764,139.065,144.443,133.693,133.838
205.0,101.496,101.615,142.864,95.967,108.817,139.065,144.443,133.766,133.802
205.1,101.556,101.674,142.895,95.967,108.817,139.032,144.503,133.838,133.802
205.2,101.556,101.674,142.864,95.967,108.871,139.098,144.443,133.766,133.838
205.3,101.556,101.733,142.956,95.903,108.871,139.131,144.443,133.838,133.874
205.4,101.496,101.792,142.864,95.903,109.031,139.065,144.443,133.729,133.838
205.5,101.556,101.733,142.864,95.967,108.978,139.098,144.443,133.838,133.838
205.6,101.615,101.792,142.864,95.967,108.924,139.065,144.473,133.947,133.802
205.7,101.615,101.851,142.925,95.967,109.031,139.065,144.473,133.838,133.874
205.8,101.615,101.91,142.925,95.967,109.085,139.098,144.443,133.838,133.838
205.9,101.615,101.851,142.864,96.03,109.031,139.098,144.473,133.838,133.838
206.0,101.615,101.792,142.833,95.967,109.085,139.098,144.443,133.838,133.874
206.1,101.615,101.969,142.925,96.03,109.138,139.065,144.473,133.874,133.874
206.2,101.615,101.851,142.833,95.967,109.191,139.131,144.443,133.874,133.947
206.3,101.674,101.969,142.864,96.03,109.138,139.098,144.443,133.838,133.911
206.4,101.674,101.851,142.895,96.03,109.191,139.098,144.443,133.874,133.911
206.5,101.615,102.028,142.925,96.03,109.191,139.131,144.443,133.911,133.874
206.6,101.674,102.028,142.925,96.03,109.191,139.131,144.473,133.874,133.874
206.7,101.615,102.028,142.895,96.03,109.244,139.164,144.473,133.874,133.911
206.8,101.674,102.028,142.956,96.03,109.138,139.164,144.473,133.766,133.947
206.9,101.615,102.086,142.925,96.094,109.298,139.131,144.473,133.911,133.874
207.0,101.496,102.145,142.925,96.03,109.298,139.131,144.503,133.911,133.874
207.1,101.674,102.204,142.895,96.094,109.351,139.164,144.443,133.874,133.947
207.2,101.733,102.086,142.956,96.03,109.298,139.197,144.503,133.874,133.911
207.3,101.674,102.204,142.956,96.094,109.404,139.164,144.473,133.874,133.911
207.4,101.674,102.204,142.925,96.03,109.457,139.164,144.473,133.911,133.911
207.5,101.674,102.204,142.925,96.03,109.404,139.197,144.413,133.947,133.947
207.6,101.733,102.38,142.925,96.094,109.51,139.164,144.563,133.911,134.019
207.7,101.733,102.321,142.864,96.094,109.51,139.197,144.503,133.911,133.983
207.8,101.733,102.38,142.925,96.094,109.563,139.23,144.503,133.947,134.019
207.9,101.792,102.38,142.925,96.03,109.616,139.197,144.503,133.911,133.983
208.0,101.674,102.497,142.956,96.094,109.616,139.197,144.473,133.947,134.019
208.1,101.733,102.438,142.987,96.158,109.563,139.197,144.503,133.983,133.947
208.2,101.733,102.438,142.956,96.094,109.669,139.197,144.503,133.911,133.983
208.3,101.733,102.497,142.956,96.158,109.722,139.23,144.503,133.911,133.983
208.4,101.733,102.438,142.987,96.221,109.616,139.197,144.503,133.947,134.019
208.5,101.733,102.555,142.987,96.094,109.669,139.23,144.443,133.911,133.983
208.6,101.792,102.613,142.956,96.094,109.775,139.23,144.503,134.019,134.055
208.7,101.792,102.555,142.956,96.094,109.722,139.296,144.503,133.983,134.055
208.8,101.792,102.672,142.925,96.158,109.827,139.23,144.533,134.019,134.091
208.9,101.851,102.73,143.018,96.158,109.933,139.23,144.533,133.947,134.055
209.0,101.733,102.73,142.987,96.221,109.933,139.296,144.533,134.019,134.055
209.1,101.792,102.788,142.956,96.221,110.038,139.263,144.533,134.055,134.127
209.2,101.851,102.788,143.048,96.03,110.038,139.296,144.503,134.055,134.164
209.3,101.851,102.846,142.987,96.221,110.038,139.296,144.533,134.055,134.091
209.4,101.91,102.904,142.956,96.221,110.038,139.23,144.563,134.055,134.127
209.5,101.792,102.904,142.956,96.285,110.091,139.296,144.563,134.091,134.091
209.6,101.91,102.904,143.018,96.221,110.143,139.296,144.503,134.055,134.236
209.7,101.91,102.963,143.018,96.285,110.196,139.329,144.503,134.091,134.127
209.8,101.91,102.963,143.079,96.285,110.248,139.329,144.623,134.091,134.164
209.9,101.969,103.137,142.987,96.221,110.248,139.362,144.533,134.091,134.127
210.0,101.969,103.079,143.018,96.221,110.301,139.329,144.533,134.091,134.164
210.1,101.91,103.137,143.141,96.285,110.353,139.329,144.563,134.091,134.236
210.2,101.91,103.195,142.987,96.411,110.458,139.362,144.593,134.091,134.164
210.3,101.851,103.252,142.987,96.285,110.51,139.362,144.563,134.127,134.127
210.4,101.969,103.252,143.018,96.285,110.51,139.329,144.533,134.164,134.2
210.5,102.028,103.31,143.048,96.348,110.562,139.394,144.533,134.127,134.164
210.6,102.086,103.31,143.048,96.285,110.562,139.362,144.563,134.127,134.2
210.7,102.028,103.426,143.048,96.348,110.615,139.394,144.563,134.2,134.236
210.8,101.969,103.426,143.048,96.348,110.667,139.394,144.563,134.127,134.2
210.9,101.969,103.483,143.048,96.285,110.615,139.394,144.563,134.164,134.236
211.0,102.086,103.483,143.079,96.411,110.719,139.46,144.593,134.164,134.236
211.1,102.028,103.483,143.079,96.411,110.771,139.394,144.593,134.2,134.2
211.2,102.028,103.541,143.079,96.348,110.771,139.427,144.593,134.2,134.236
211.3,101.969,103.599,143.048,96.411,110.875,139.46,144.563,134.236,134.308
211.4,102.086,103.714,143.141,96.348,110.771,139.427,144.593,134.2,134.2
211.5,102.028,103.599,143.11,96.411,110.823,139.46,144.593,134.2,134.236
211.6,102.086,103.656,143.11,96.411,110.875,139.46,144.593,134.236,134.272
211.7,102.086,103.656,143.048,96.475,110.771,139.46,144.623,134.2,134.308
211.8,102.028,103.714,143.171,96.348,110.927,139.46,144.593,134.2,134.272
211.9,102.086,103.714,143.079,96.411,110.875,139.46,144.593,134.2,134.236
212.0,102.028,103.829,143.079,96.475,110.927,139.493,144.593,134.236,134.272
212.1,102.145,103.714,143.11,96.411,110.927,139.526,144.593,134.236,134.308
212.2,102.086,103.771,143.11,96.411,110.979,139.46,144.623,134.236,134.308
212.3,102.086,103.829,143.079,96.411,111.083,139.46,144.593,134.272,134.272
212.4,102.145,103.771,143.048,96.475,111.031,139.427,144.652,134.272,134.343
212.5,102.086,103.829,143.171,96.538,110.979,139.427,144.593,134.272,134.343
212.6,102.145,103.943,143.11,96.475,111.031,139.427,144.623,134.236,134.308
212.7,102.086,103.886,143.171,96.475,111.083,139.493,144.652,134.272,134.343
212.8,102.086,103.886,143.079,96.538,111.134,139.493,144.593,134.272,134.343
212.9,102.204,103.943,143.11,96.538,111.134,139.493,144.593,134.236,134.343
213.0,102.145,103.886,143.11,96.475,111.134,139.526,144.623,134.308,134.379
213.1,102.262,104.0,143.11,96.475,111.186,139.493,144.563,134.236,134.343
213.2,102.145,104.0,143.11,96.538,111.186,139.526,144.682,134.272,134.379
213.3,102.145,104.115,143.11,96.538,111.186,139.558,144.623,134.272,134.379
213.4,102.145,104.115,143.079,96.475,111.29,139.526,144.593,134.272,134.379
213.5,102.145,104.115,143.141,96.538,111.444,139.591,144.623,134.308,134.343
213.6,102.204,104.229,143.11,96.538,111.393,139.657,144.623,134.343,134.379
213.7,102.204,104.286,143.048,96.538,111.496,139.558,144.652,134.343,134.415
213.8,102.262,104.229,143.233,96.538,111.393,139.558,144.623,134.308,134.451
213.9,102.262,104.343,143.141,96.538,111.496,139.558,144.623,134.343,134.415
214.0,102.262,104.343,143.141,96.601,111.444,139.624,144.682,134.308,134.308
214.1,102.145,104.286,143.079,96.601,111.548,139.591,144.563,134.343,134.415
214.2,102.262,104.4,143.141,96.601,111.548,139.591,144.652,134.343,134.415
214.3,102.204,104.457,143.141,96.601,111.548,139.591,144.652,134.379,134.451
214.4,102.262,104.457,143.171,96.601,111.65,139.624,144.682,134.343,134.451
214.5,102.204,104.514,143.171,96.601,111.702,139.624,144.682,134.379,134.487
214.6,102.321,104.571,143.171,96.664,111.805,139.624,144.652,134.379,134.487
214.7,102.321,104.571,143.202,96.728,111.753,139.657,144.623,134.451,134.487
214.8,102.321,104.628,143.11,96.664,111.753,139.624,144.682,134.415,134.451
214.9,102.204,104.628,143.171,96.664,111.805,139.657,144.652,134.451,134.487
215.0,102.262,104.628,143.171,96.728,111.856,139.624,144.712,134.415,134.523
215.1,102.321,104.628,143.202,96.664,111.856,139.624,144.682,134.451,134.487
215.2,102.321,104.798,143.202,96.538,111.805,139.657,144.652,134.415,134.487
215.3,102.38,104.741,143.202,96.664,111.958,139.657,144.682,134.415,134.487
215.4,102.38,104.798,143.171,96.601,112.009,139.624,144.682,134.415,134.523
215.5,102.321,104.741,143.141,96.664,111.958,139.689,144.712,134.451,134.451
215.6,102.38,104.798,143.171,96.728,112.009,139.689,144.682,134.451,134.559
215.7,102.321,104.911,143.171,96.664,112.112,139.689,144.712,134.559,134.523
215.8,102.38,104.854,143.202,96.728,112.112,139.722,144.682,134.487,134.559
215.9,102.438,104.911,143.202,96.664,112.163,139.689,144.712,134.451,134.523
216.0,102.38,104.967,143.202,96.664,112.061,139.689,144.682,134.594,134.523
216.1,102.38,104.967,143.202,96.664,112.265,139.689,144.682,134.415,134.559
216.2,102.38,105.024,143.171,96.664,112.163,139.722,144.712,134.487,134.559
216.3,102.497,105.08,143.171,96.728,112.214,139.722,144.682,134.523,134.63
216.4,102.438,105.08,143.171,96.791,112.265,139.755,144.712,134.523,134.63
216.5,102.438,105.024,143.233,96.791,112.265,139.755,144.712,134.523,134.559
216.6,102.38,105.137,143.202,96.791,112.265,139.689,144.742,134.523,134.559
216.7,102.497,105.137,143.171,96.791,112.316,139.722,144.742,134.523,134.594
216.8,102.38,104.967,143.263,96.728,112.316,139.689,144.712,134.523,134.63
216.9,102.497,105.137,143.233,96.791,112.366,139.755,144.712,134.487,134.559
217.0,102.438,105.08,143.233,96.728,112.468,139.689,144.712,134.523,134.594
217.1,102.497,105.193,143.263,96.728,112.366,139.787,144.682,134.559,134.594
217.2,102.438,105.193,143.233,96.791,112.468,139.755,144.742,134.523,134.63
217.3,102.497,105.249,143.233,96.854,112.417,139.722,144.712,134.559,134.63
217.4,102.438,105.306,143.263,96.791,112.417,139.787,144.712,134.594,134.702
217.5,102.497,105.249,143.263,96.791,112.468,139.624,144.712,134.559,134.594
217.6,102.497,105.306,143.202,96.854,112.417,139.755,144.742,134.594,134.594
217.7,102.555,105.306,143.233,96.854,112.57,139.755,144.712,134.594,134.63
217.8,102.555,105.362,143.233,96.791,112.57,139.82,144.682,134.594,134.666
217.9,102.497,105.418,143.202,96.791,112.57,139.82,144.742,134.559,134.63
218.0,102.555,105.474,143.294,96.854,112.62,139.787,144.742,134.63,134.666
218.1,102.672,105.418,143.233,96.791,112.62,139.82,144.712,134.594,134.737
218.2,102.438,105.474,143.294,96.854,112.671,139.755,144.772,134.594,134.702
218.3,102.497,105.53,143.233,96.854,112.671,139.787,144.801,134.594,134.63
218.4,102.555,105.53,143.294,96.854,112.722,139.755,144.682,134.63,134.737
218.5,102.438,105.698,143.294,96.854,112.772,139.853,144.742,134.63,134.702
218.6,102.555,105.642,143.263,96.854,112.772,139.82,144.712,134.63,134.702
218.7,102.555,105.642,143.263,96.854,112.823,139.82,144.801,134.63,134.666
218.8,102.613,105.642,143.263,96.854,112.873,139.82,144.712,134.559,134.702
218.9,102.555,105.642,143.263,96.917,112.772,139.853,144.772,134.63,134.666
219.0,102.555,105.754,143.233,96.917,112.974,139.853,144.682,134.63,134.773
219.1,102.613,105.642,143.294,97.042,112.974,139.918,144.772,134.63,134.809
219.2,102.672,105.754,143.263,96.917,112.924,139.787,144.801,134.666,134.702
219.3,102.555,105.866,143.324,96.854,112.974,139.885,144.772,134.63,134.702
219.4,102.613,105.81,143.263,96.917,113.025,139.885,144.742,134.666,134.737
219.5,102.672,105.922,143.294,96.98,113.075,139.95,144.742,134.702,134.702
219.6,102.672,105.977,143.294,96.917,113.075,139.82,144.772,134.702,134.737
219.7,102.613,105.977,143.294,96.98,113.125,139.885,144.772,134.702,134.809
219.8,102.672,105.922,143.294,96.854,113.125,139.885,144.772,134.702,134.773
219.9,102.672,105.977,143.294,96.98,113.176,139.853,144.772,134.666,134.737
220.0,102.672,106.033,143.324,97.105,113.176,139.885,144.801,134.773,134.773
220.1,102.672,106.089,143.324,96.98,113.226,139.918,144.801,134.773,134.88
220.2,102.73,106.144,143.324,96.98,113.276,139.983,144.742,134.737,134.773
220.3,102.73,106.144,143.324,97.042,113.377,139.918,144.831,134.737,134.844
220.4,102.672,106.144,143.324,96.98,113.377,139.885,144.772,134.773,134.773
220.5,102.788,106.2,143.294,96.98,113.326,139.885,144.831,134.702,134.88
220.6,102.73,106.255,143.294,96.98,113.427,139.918,144.831,134.737,134.844
220.7,102.73,106.255,143.355,96.98,113.377,139.95,144.801,134.737,134.844
220.8,102.73,106.311,143.324,97.105,113.527,139.95,144.801,134.773,134.844
220.9,102.788,106.422,143.416,97.105,113.577,139.95,144.861,134.737,134.844
221.0,102.788,106.422,143.355,97.042,113.577,139.95,144.831,134.773,134.844
221.1,102.788,106.366,143.294,97.042,113.577,140.015,144.772,134.844,134.88
221.2,102.846,106.477,143.385,96.98,113.677,139.95,144.831,134.737,134.88
221.3,102.788,106.477,143.324,97.168,113.677,139.95,144.801,134.809,134.951
221.4,102.846,106.588,143.355,97.105,113.727,140.015,144.861,134.809,134.915
221.5,102.846,106.588,143.324,97.105,113.727,139.983,144.831,134.809,134.915
221.6,102.73,106.588,143.355,97.168,113.727,140.015,144.861,134.809,134.915
221.7,102.904,106.643,143.416,97.042,113.727,139.983,144.831,134.809,134.915
221.8,102.963,106.643,143.355,97.105,113.777,139.983,144.831,134.88,134.951
221.9,102.846,106.643,143.385,97.105,113.777,140.015,144.772,134.809,134.915
222.0,102.846,106.588,143.355,97.168,113.777,140.015,144.831,134.844,134.987
222.1,102.846,106.698,143.416,97.105,113.727,140.015,144.831,134.844,134.951
222.2,102.846,106.698,143.355,97.168,113.777,139.983,144.801,134.809,134.951
222.3,102.963,106.698,143.446,97.105,113.876,140.015,144.831,134.844,134.915
222.4,102.963,106.808,143.324,97.105,113.876,139.95,144.831,134.88,134.915
222.5,102.846,106.698,143.385,97.168,113.926,140.08,144.92,134.844,134.951
222.6,102.846,106.808,143.355,97.231,113.976,140.048,144.861,134.88,134.951
222.7,102.963,106.863,143.355,97.168,113.976,140.048,144.861,134.88,134.951
222.8,102.904,106.863,143.416,97.168,114.075,140.015,144.831,134.844,134.987
222.9,102.904,106.808,143.385,97.105,113.926,140.08,144.861,134.88,134.951
223.0,102.846,106.918,143.355,97.356,114.025,140.015,144.801,134.915,134.951
223.1,102.846,106.918,143.355,97.168,114.025,140.048,144.861,134.88,134.987
223.2,102.904,106.918,143.416,97.356,114.025,140.113,144.861,134.88,135.022
223.3,102.963,106.973,143.294,97.231,114.075,140.048,144.831,134.987,134.951
223.4,102.904,106.973,143.385,97.168,114.075,140.08,144.89,134.88,135.022
223.5,103.079,106.973,143.416,97.231,114.125,140.08,144.861,134.88,135.022
223.6,102.963,107.138,143.324,97.231,114.174,140.08,144.861,134.915,135.058
223.7,102.963,107.083,143.355,97.168,114.125,140.113,144.861,134.88,135.022
223.8,102.963,107.028,143.385,97.168,114.174,140.08,144.861,134.987,134.987
223.9,102.963,107.083,143.416,97.293,114.174,140.177,144.831,134.951,134.915
224.0,102.963,107.193,143.385,97.168,114.224,140.113,144.95,134.951,135.022
224.1,102.963,107.083,143.416,97.231,114.224,140.21,144.831,134.915,135.022
224.2,103.021,107.193,143.355,97.293,114.273,140.048,144.861,134.951,135.129
224.3,102.963,107.193,143.385,97.293,114.323,140.113,144.861,134.951,135.058
224.4,102.963,107.193,143.416,97.293,114.372,140.113,144.861,134.915,135.022
224.5,103.021,107.247,143.507,97.231,114.273,140.08,144.92,134.951,135.022
224.6,102.963,107.302,143.385,97.293,114.372,140.113,144.89,134.915,135.058
224.7,103.021,107.302,143.385,97.231,114.372,140.113,144.89,134.951,135.022
224.8,102.963,107.302,143.416,97.293,114.421,140.08,144.861,135.058,135.022
224.9,102.963,107.302,143.385,97.231,114.421,140.113,144.831,134.951,135.093
225.0,102.963,107.357,143.416,97.231,114.471,140.145,144.89,134.987,135.093
225.1,103.021,107.357,143.385,97.231,114.471,140.113,144.89,134.951,135.058
225.2,103.079,107.357,143.446,97.293,114.52,140.145,144.92,134.987,135.058
225.3,103.021,107.411,143.446,97.356,114.471,140.145,144.89,135.022,135.058
225.4,103.021,107.411,143.416,97.293,114.52,140.113,144.861,134.987,135.058
225.5,103.079,107.357,143.446,97.293,114.569,140.145,144.861,135.022,135.129
225.6,103.079,107.411,143.416,97.293,114.569,140.145,144.861,134.987,135.129
225.7,103.079,107.411,143.446,97.293,114.569,140.145,144.89,134.987,134.987
225.8,103.195,107.466,143.446,97.293,114.569,140.145,144.861,134.987,135.093
225.9,103.021,107.521,143.416,97.293,114.668,140.145,144.89,134.987,135.129
226.0,103.079,107.466,143.477,97.419,114.619,140.21,144.861,135.022,135.093
226.1,103.079,107.521,143.446,97.356,114.668,140.145,144.92,135.022,135.129
226.2,103.195,107.521,143.446,97.356,114.668,140.177,144.89,134.987,135.129
226.3,103.079,107.575,143.477,97.293,114.668,140.177,144.92,135.022,135.164
226.4,103.079,107.575,143.477,97.419,114.717,140.177,144.861,135.022,135.129
226.5,103.137,107.521,143.446,97.356,114.668,140.177,144.979,135.093,135.093
226.6,103.195,107.575,143.446,97.356,114.717,140.177,144.92,134.987,135.164
226.7,103.137,107.63,143.324,97.356,114.717,140.21,144.89,135.022,135.129
226.8,103.137,107.684,143.446,97.419,114.766,140.145,144.95,135.022,135.129
226.9,103.079,107.684,143.446,97.419,114.815,140.21,144.92,135.022,135.129
227.0,103.079,107.684,143.446,97.293,114.766,140.21,144.89,135.022,135.129
227.1,103.079,107.684,143.446,97.419,114.815,140.21,144.89,135.022,135.093
227.2,103.137,107.793,143.446,97.356,114.913,140.21,144.89,135.058,135.164
227.3,103.137,107.847,143.477,97.356,114.864,140.242,144.92,135.058,135.093
227.4,103.137,107.793,143.446,97.419,114.913,140.21,144.95,135.022,135.164
227.5,103.137,107.793,143.446,97.356,114.913,140.21,144.92,135.022,135.199
227.6,103.195,107.847,143.446,97.419,114.864,140.275,144.89,135.022,135.164
227.7,103.252,107.955,143.507,97.293,114.913,140.242,144.95,135.058,135.199
227.8,103.195,107.847,143.446,97.481,114.962,140.21,144.979,135.093,135.199
227.9,103.137,107.847,143.446,97.419,114.962,140.242,144.92,135.129,135.199
228.0,103.137,107.955,143.507,97.419,115.011,140.242,144.92,135.058,135.164
228.1,103.195,107.955,143.538,97.419,115.011,140.242,144.92,135.022,135.164
228.2,103.195,107.955,143.477,97.481,115.011,140.275,144.92,135.093,135.164
228.3,103.252,107.955,143.477,97.419,114.962,140.275,144.861,135.129,135.235
228.4,103.195,107.955,143.507,97.419,115.109,140.275,144.92,135.129,135.27
228.5,103.252,108.01,143.477,97.481,115.109,140.275,144.95,135.129,135.129
228.6,103.252,108.01,143.446,97.419,115.109,140.242,144.979,135.129,135.164
228.7,103.252,108.064,143.507,97.543,115.158,140.275,144.89,135.093,135.235
228.8,103.195,107.955,143.477,97.481,115.207,140.275,144.95,135.164,135.199
228.9,103.195,108.064,143.477,97.481,115.158,140.275,144.979,135.129,135.235
229.0,103.252,108.118,143.477,97.543,115.207,140.242,144.95,135.093,135.199
229.1,103.31,108.172,143.568,97.481,115.207,140.307,144.979,135.129,135.235
229.2,103.195,108.172,143.446,97.543,115.158,140.275,144.92,135.129,135.235
229.3,103.31,108.118,143.477,97.481,115.304,140.339,144.95,135.164,135.235
229.4,103.31,108.172,143.477,97.543,115.256,140.275,144.89,135.164,135.164
229.5,103.252,108.28,143.568,97.481,115.304,140.307,144.95,135.022,135.27
229.6,103.31,108.28,143.507,97.481,115.402,140.307,144.92,135.129,135.27
229.7,103.252,108.226,143.477,97.481,115.353,140.275,144.95,135.129,135.27
229.8,103.31,108.334,143.538,97.481,115.402,140.307,144.95,135.164,135.27
229.9,103.252,108.334,143.507,97.481,115.45,140.275,144.95,135.199,135.27
230.0,103.31,108.334,143.507,97.481,115.45,140.307,144.979,135.164,135.199
230.1,103.31,108.388,143.507,97.481,115.499,140.372,145.009,135.235,135.305
230.2,103.195,108.442,143.507,97.606,115.499,140.372,144.979,135.164,135.305
230.3,103.31,108.388,143.538,97.543,115.499,140.307,144.95,135.199,135.27
230.4,103.31,108.388,143.538,97.543,115.548,140.468,144.979,135.199,135.27
230.5,103.31,108.442,143.538,97.543,115.499,140.339,144.979,135.199,135.341
230.6,103.252,108.442,143.538,97.606,115.548,140.339,144.979,135.199,135.305
230.7,103.31,108.549,143.538,97.606,115.548,140.339,144.979,135.27,135.305
230.8,103.368,108.549,143.538,97.543,115.596,140.339,144.979,135.235,135.27
230.9,103.368,108.603,143.507,97.543,115.645,140.372,144.95,135.199,135.341
231.0,103.252,108.549,143.538,97.543,115.548,140.339,144.95,135.235,135.27
231.1,103.31,108.549,143.568,97.543,115.645,140.339,145.009,135.235,135.305
231.2,103.31,108.549,143.507,97.606,115.693,140.372,144.979,135.164,135.305
231.3,103.31,108.603,143.507,97.606,115.742,140.372,145.009,135.164,135.305
231.4,103.252,108.657,143.568,97.543,115.693,140.372,145.009,135.235,135.341
231.5,103.368,108.603,143.538,97.606,115.693,140.404,144.95,135.199,135.305
231.6,103.426,108.71,143.507,97.606,115.742,140.372,144.979,135.199,135.341
231.7,103.31,108.657,143.538,97.668,115.79,140.372,145.009,135.199,135.341
231.8,103.368,108.657,143.538,97.606,115.742,140.436,144.95,135.235,135.376
231.9,103.368,108.71,143.568,97.606,115.79,140.404,144.979,135.235,135.341
232.0,103.368,108.764,143.538,97.606,115.838,140.372,144.979,135.199,135.376
232.1,103.368,108.817,143.538,97.668,115.838,140.372,144.979,135.27,135.341
232.2,103.368,108.817,143.538,97.668,115.838,140.404,144.979,135.341,135.341
232.3,103.426,108.871,143.568,97.731,115.983,140.372,145.039,135.27,135.376
232.4,103.426,108.817,143.538,97.668,115.935,140.404,144.979,135.305,135.305
232.5,103.368,108.871,143.568,97.606,116.031,140.533,144.92,135.27,135.376
232.6,103.426,108.924,143.568,97.668,116.031,140.501,145.009,135.305,135.341
232.7,103.426,108.978,143.538,97.606,115.983,140.404,145.009,135.27,135.447
232.8,103.426,109.031,143.568,97.731,116.031,140.436,145.009,135.305,135.376
232.9,103.483,108.978,143.568,97.668,116.176,140.436,144.979,135.305,135.411
233.0,103.368,109.031,143.538,97.731,116.08,140.436,145.009,135.305,135.376
233.1,103.483,109.031,143.599,97.668,116.08,140.436,145.009,135.235,135.411
233.2,103.599,109.031,143.599,97.731,116.128,140.436,145.009,135.305,135.376
233.3,103.426,109.031,143.538,97.606,116.128,140.468,145.009,135.341,135.411
233.4,103.426,109.031,143.538,97.731,116.128,140.436,145.009,135.305,135.447
233.5,103.483,108.978,143.568,97.668,116.128,140.372,145.009,135.305,135.376
233.6,103.483,109.031,143.599,97.731,116.08,140.436,144.95,135.341,135.482
233.7,103.426,109.085,143.538,97.668,116.176,140.404,145.039,135.341,135.411
233.8,103.483,109.085,143.599,97.731,116.176,140.468,145.009,135.305,135.447
233.9,103.31,109.191,143.568,97.731,116.224,140.436,145.039,135.305,135.447
234.0,103.483,109.138,143.538,97.731,116.224,140.468,145.009,135.305,135.447
234.1,103.483,109.138,143.538,97.606,116.224,140.468,145.009,135.305,135.447
234.2,103.541,109.244,143.599,97.731,116.32,140.565,145.009,135.341,135.482
234.3,103.541,109.244,143.568,97.793,116.368,140.468,144.95,135.341,135.482
234.4,103.541,109.244,143.659,97.793,116.32,140.468,145.039,135.376,135.552
234.5,103.483,109.244,143.568,97.668,116.32,140.501,145.009,135.341,135.447
234.6,103.483,109.191,143.568,97.731,116.32,140.533,145.039,135.341,135.482
234.7,103.541,109.191,143.599,97.668,116.368,140.501,145.039,135.341,135.482
234.8,103.483,109.191,143.599,97.793,116.368,140.468,145.068,135.376,135.447
234.9,103.599,109.298,143.568,97.793,116.368,140.501,145.039,135.341,135.447
235.0,103.599,109.404,143.599,97.731,116.368,140.468,145.068,135.447,135.517
235.1,103.541,109.351,143.568,97.793,116.416,140.501,145.039,135.341,135.447
235.2,103.483,109.351,143.629,97.731,116.416,140.533,145.009,135.376,135.552
235.3,103.541,109.404,143.599,97.731,116.416,140.533,145.039,135.376,135.482
235.4,103.541,109.351,143.507,97.793,116.464,140.501,145.009,135.376,135.517
235.5,103.541,109.457,143.568,97.793,116.464,140.533,145.009,135.411,135.552
235.6,103.541,109.457,143.629,97.731,116.464,140.501,145.039,135.341,135.482
235.7,103.483,109.404,143.599,97.731,116.464,140.533,145.068,135.376,135.517
235.8,103.541,109.51,143.629,97.793,116.512,140.533,145.039,135.411,135.552
235.9,103.599,109.51,143.599,97.793,116.607,140.533,145.009,135.376,135.552
236.0,103.599,109.563,143.599,97.793,116.655,140.533,145.009,135.411,135.517
236.1,103.599,109.616,143.629,97.855,116.607,140.565,145.039,135.447,135.587
236.2,103.599,109.616,143.659,97.855,116.607,140.533,145.039,135.411,135.517
236.3,103.599,109.616,143.629,97.917,116.655,140.533,145.068,135.411,135.552
236.4,103.656,109.669,143.659,97.855,116.655,140.565,145.039,135.447,135.552
236.5,103.599,109.669,143.599,97.855,116.703,140.533,145.039,135.517,135.587
236.6,103.656,109.616,143.629,97.855,116.751,140.597,145.068,135.411,135.552
236.7,103.656,109.669,143.659,97.917,116.751,140.565,145.039,135.411,135.552
236.8,103.656,109.827,143.599,97.855,116.751,140.501,145.009,135.411,135.552
236.9,103.599,109.775,143.629,97.793,116.751,140.597,145.068,135.447,135.552
237.0,103.541,109.775,143.599,97.855,116.798,140.565,145.068,135.482,135.552
237.1,103.599,109.88,143.629,97.855,116.798,140.565,145.068,135.447,135.587
237.2,103.656,109.827,143.659,97.917,116.894,140.597,145.039,135.482,135.552
237.3,103.656,109.88,143.659,97.979,116.941,140.693,145.039,135.447,135.587
237.4,103.599,109.88,143.629,97.855,116.894,140.597,145.039,135.447,135.587
237.5,103.599,109.88,143.629,97.855,116.894,140.597,145.068,135.447,135.552
237.6,103.714,109.933,143.629,97.917,116.941,140.597,145.098,135.482,135.587
237.7,103.714,109.933,143.659,97.917,116.941,140.597,145.068,135.482,135.587
237.8,103.656,109.985,143.69,97.855,116.941,140.597,145.068,135.482,135.623
237.9,103.599,109.933,143.659,97.917,116.989,140.597,145.068,135.482,135.587
238.0,103.771,109.985,143.659,97.917,116.989,140.597,145.098,135.552,135.587
238.1,103.714,110.091,143.659,97.917,117.084,140.629,145.039,135.552,135.482
238.2,103.714,110.091,143.659,97.917,117.084,140.597,145.098,135.482,135.587
238.3,103.714,110.091,143.659,97.917,117.036,140.661,145.068,135.517,135.517
238.4,103.714,110.091,143.629,97.979,117.036,140.597,145.098,135.482,135.623
238.5,103.771,110.143,143.629,97.979,117.131,140.661,145.039,135.447,135.623
238.6,103.714,110.091,143.659,97.979,117.131,140.629,145.068,135.482,135.623
238.7,103.714,110.143,143.659,97.979,117.131,140.661,145.098,135.552,135.658
238.8,103.714,110.143,143.659,97.917,117.131,140.597,145.098,135.552,135.658
238.9,103.886,110.196,143.69,97.917,117.179,140.629,145.098,135.517,135.693
239.0,103.599,110.196,143.629,98.041,117.179,140.629,145.098,135.552,135.658
239.1,103.771,110.196,143.659,97.979,117.179,140.597,145.098,135.552,135.623
239.2,103.829,110.143,143.69,97.979,117.226,140.629,145.068,135.552,135.517
239.3,103.714,110.248,143.659,98.103,117.226,140.693,145.127,135.552,135.658
239.4,103.829,110.248,143.69,98.041,117.273,140.661,145.068,135.587,135.623
239.5,103.714,110.353,143.72,97.917,117.179,140.661,145.127,135.482,135.658
239.6,103.771,110.301,143.69,97.979,117.273,140.661,145.098,135.482,135.693
239.7,103.771,110.301,143.69,97.979,117.368,140.661,145.098,135.552,135.728
239.8,103.714,110.353,143.69,97.979,117.321,140.693,145.068,135.552,135.693
239.9,103.714,110.301,143.69,98.041,117.226,140.693,145.009,135.517,135.658
240.0,103.771,110.301,143.659,97.979,117.321,140.661,145.157,135.587,135.658
240.1,103.771,110.405,143.659,98.041,117.368,140.693,145.127,135.552,135.658
240.2,103.771,110.353,143.72,98.041,117.368,140.629,145.127,135.552,135.693
240.3,103.771,110.405,143.69,97.979,117.321,140.661,145.127,135.623,135.623
240.4,103.886,110.458,143.72,97.979,117.509,140.661,145.098,135.517,135.693
240.5,103.829,110.405,143.659,98.041,117.415,140.629,145.127,135.552,135.728
240.6,103.829,110.405,143.659,98.041,117.368,140.693,145.098,135.587,135.728
240.7,103.771,110.458,143.69,97.979,117.415,140.693,145.098,135.552,135.658
240.8,103.771,110.51,143.69,98.103,117.462,140.629,145.127,135.587,135.763
240.9,103.771,110.562,143.72,98.041,117.509,140.693,145.068,135.587,135.728
241.0,103.886,110.458,143.659,98.103,117.509,140.693,145.127,135.587,135.693
241.1,103.886,110.667,143.69,98.041,117.557,140.693,145.127,135.587,135.728
241.2,103.829,110.562,143.72,97.979,117.604,140.661,145.098,135.587,135.728
241.3,103.829,110.405,143.69,98.041,117.557,140.661,145.127,135.587,135.728
241.4,103.829,110.562,143.69,98.041,117.509,140.693,145.098,135.623,135.763
241.5,103.886,110.615,143.69,97.855,117.604,140.693,145.157,135.552,135.728
241.6,103.829,110.667,143.659,98.041,117.604,140.725,145.127,135.623,135.763
241.7,103.886,110.615,143.72,98.041,117.604,140.693,145.157,135.587,135.728
241.8,103.829,110.667,143.69,98.103,117.557,140.79,145.098,135.623,135.728
241.9,103.886,110.667,143.659,98.165,117.651,140.725,145.127,135.623,135.763
242.0,103.886,110.771,143.69,98.041,117.651,140.725,145.127,135.658,135.763
242.1,103.829,110.719,143.72,98.165,117.698,140.693,145.098,135.623,135.763
242.2,103.886,110.771,143.69,98.103,117.651,140.725,145.127,135.587,135.728
242.3,103.886,110.771,143.659,98.103,117.792,140.693,145.127,135.623,135.763
242.4,103.943,110.875,143.69,98.041,117.745,140.693,145.157,135.658,135.833
242.5,103.943,110.719,143.72,98.165,117.792,140.758,145.098,135.623,135.763
242.6,103.943,110.823,143.69,98.103,117.839,140.725,145.157,135.658,135.833
242.7,103.886,110.823,143.659,98.103,117.839,140.758,145.157,135.658,135.798
242.8,103.943,110.875,143.72,98.103,117.839,140.758,145.157,135.693,135.833
242.9,103.943,110.979,143.781,98.103,117.932,140.758,145.127,135.658,135.798
243.0,103.886,110.927,143.781,98.289,117.932,140.758,145.157,135.693,135.763
243.1,104.0,110.979,143.751,98.165,117.932,140.758,145.127,135.623,135.798
243.2,103.886,110.927,143.751,98.103,117.932,140.822,145.127,135.693,135.798
243.3,103.943,110.979,143.811,98.103,117.979,140.79,145.157,135.693,135.798
243.4,103.943,111.031,143.72,98.165,117.932,140.758,145.157,135.693,135.868
243.5,103.943,110.979,143.72,98.165,117.979,140.758,145.157,135.658,135.833
243.6,104.0,111.031,143.72,98.165,117.979,140.79,145.157,135.728,135.833
243.7,104.0,111.083,143.69,98.165,117.979,140.79,145.186,135.728,135.833
243.8,103.943,111.031,143.72,98.103,118.026,140.758,145.157,135.693,135.833
243.9,103.943,111.134,143.69,98.165,118.026,140.758,145.157,135.587,135.833
244.0,104.0,111.083,143.72,98.165,118.073,140.79,145.157,135.693,135.833
244.1,103.943,111.134,143.751,98.227,118.166,140.79,145.157,135.728,135.798
244.2,104.0,111.134,143.72,98.289,118.026,140.79,145.127,135.728,135.833
244.3,103.943,111.186,143.781,98.165,118.12,140.758,145.157,135.693,135.903
244.4,103.943,111.238,143.751,98.227,118.073,140.79,145.127,135.693,135.833
244.5,103.943,111.186,143.781,98.227,118.12,140.822,145.157,135.798,135.938
244.6,104.0,111.238,143.751,98.227,118.166,140.79,145.186,135.728,135.868
244.7,104.0,111.238,143.751,98.227,118.166,140.822,145.216,135.833,135.868
244.8,104.058,111.238,143.781,98.227,118.166,140.822,145.186,135.728,135.868
244.9,104.058,111.238,143.781,98.227,118.213,140.822,145.157,135.728,135.903
245.0,104.0,111.29,143.72,98.227,118.213,140.79,145.157,135.763,135.903
245.1,104.0,111.29,143.72,98.227,118.26,140.822,145.157,135.798,135.798
245.2,104.0,111.29,143.751,98.227,118.26,140.822,145.157,135.728,135.868
245.3,104.0,111.29,143.751,98.227,118.213,140.854,145.157,135.763,135.973
245.4,104.0,111.341,143.72,98.227,118.26,140.79,145.186,135.728,135.868
245.5,104.058,111.341,143.72,98.289,118.306,140.822,145.216,135.763,135.868
245.6,104.058,111.393,143.751,98.227,118.306,140.854,145.157,135.763,135.903
245.7,104.058,111.341,143.781,98.227,118.306,140.822,145.157,135.728,135.903
245.8,104.058,111.393,143.72,98.227,118.306,140.822,145.186,135.763,135.903
245.9,104.058,111.393,143.781,98.289,118.353,140.822,145.186,135.763,135.938
246.0,104.115,111.444,143.751,98.289,118.353,140.854,145.157,135.798,135.903
246.1,104.172,111.444,143.781,98.289,118.446,140.822,145.216,135.763,135.903
246.2,104.058,111.496,143.751,98.227,118.539,140.854,145.157,135.763,135.973
246.3,104.115,111.548,143.811,98.289,118.446,140.918,145.216,135.798,135.938
246.4,104.115,111.599,143.781,98.289,118.446,140.854,145.216,135.833,135.903
246.5,104.115,111.548,143.751,98.351,118.492,140.918,145.157,135.868,135.903
246.6,104.172,111.599,143.781,98.289,118.539,140.918,145.157,135.833,135.973
246.7,104.172,111.702,143.781,98.413,118.492,140.822,145.186,135.763,135.973
246.8,104.058,111.599,143.751,98.289,118.492,140.886,145.157,135.798,135.938
246.9,104.172,111.702,143.781,98.351,118.492,140.918,145.186,135.833,135.973
247.0,104.115,111.702,143.811,98.474,118.539,140.886,145.216,135.763,135.973
247.1,104.172,111.65,143.72,98.351,118.585,140.854,145.127,135.763,135.938
247.2,104.172,111.65,143.781,98.351,118.585,140.886,145.245,135.833,135.938
247.3,104.115,111.65,143.781,98.413,118.539,140.981,145.216,135.833,135.973
247.4,104.115,111.702,143.841,98.351,118.585,140.886,145.157,135.833,135.973
247.5,104.229,111.702,143.781,98.413,118.585,140.886,145.216,135.833,135.903
247.6,104.172,111.907,143.841,98.351,118.585,140.854,145.216,135.868,136.008
247.7,104.115,111.753,143.811,98.351,118.678,140.918,145.186,135.868,135.973
247.8,104.172,111.805,143.811,98.413,118.678,140.918,145.216,135.868,135.973
247.9,104.172,111.856,143.811,98.351,118.724,140.886,145.186,135.868,135.973
248.0,104.172,111.856,143.841,98.351,118.724,140.886,145.216,135.833,136.008
248.1,104.172,111.856,143.781,98.351,118.724,140.918,145.216,135.833,135.973
248.2,104.172,111.907,143.811,98.351,118.77,140.918,145.186,135.833,135.973
248.3,104.172,111.907,143.811,98.413,118.77,140.918,145.216,135.833,135.973
248.4,104.172,111.907,143.841,98.351,118.817,140.886,145.186,135.833,136.043
248.5,104.172,111.958,143.811,98.351,118.817,140.918,145.245,135.833,136.008
248.6,104.172,111.907,143.841,98.413,118.863,140.95,145.216,135.903,136.043
248.7,104.229,112.009,143.811,98.351,118.955,140.95,145.186,135.833,136.043
248.8,104.286,112.009,143.872,98.413,118.909,140.95,145.216,135.868,136.043
248.9,104.172,112.009,143.811,98.474,118.863,140.918,145.245,135.903,136.078
249.0,104.229,112.061,143.841,98.413,118.909,140.918,145.245,135.868,135.973
249.1,104.229,112.009,143.811,98.351,118.955,140.918,145.216,135.903,135.973
249.2,104.172,112.061,143.841,98.413,118.955,140.95,145.216,135.903,136.008
249.3,104.229,112.163,143.781,98.474,118.955,140.95,145.275,135.868,136.043
249.4,104.229,112.112,143.811,98.413,119.001,140.95,145.245,135.903,136.043
249.5,104.172,112.163,143.811,98.474,118.955,140.95,145.245,135.903,136.043
249.6,104.286,112.112,143.811,98.474,119.093,140.981,145.216,135.938,136.043
249.7,104.286,112.112,143.811,98.413,119.001,140.95,145.186,135.938,136.078
249.8,104.229,112.163,143.841,98.413,119.001,140.95,145.245,135.903,136.008
249.9,104.229,112.163,143.841,98.536,119.047,140.981,145.275,135.903,136.043
250.0,104.286,112.163,143.781,98.474,118.863,140.981,145.216,135.903,136.043
250.1,104.229,112.163,143.781,98.474,119.093,140.981,145.245,135.903,136.078
250.2,104.229,112.316,143.841,98.413,119.139,140.981,145.245,135.903,136.078
250.3,104.343,112.265,143.781,98.474,119.139,141.013,145.157,135.903,136.078
250.4,104.286,112.265,143.841,98.474,119.139,140.981,145.216,135.938,136.043
250.5,104.229,112.316,143.811,98.474,119.139,141.013,145.245,136.008,136.078
250.6,104.286,112.265,143.841,98.536,119.231,141.013,145.245,135.903,136.043
250.7,104.286,112.366,143.841,98.474,119.185,140.981,145.186,135.938,136.043
250.8,104.343,112.417,143.841,98.413,119.231,140.981,145.245,135.938,136.147
250.9,104.286,112.417,143.872,98.536,119.139,140.981,145.216,135.938,136.112
251.0,104.343,112.468,143.872,98.474,119.231,140.981,145.245,135.938,136.078
251.1,104.343,112.468,143.811,98.597,119.277,141.045,145.245,135.903,136.112
251.2,104.4,112.468,143.841,98.474,119.277,140.981,145.216,135.938,136.112
251.3,104.286,112.417,143.872,98.474,119.369,141.013,145.245,135.938,136.078
251.4,104.4,112.468,143.902,98.474,119.277,141.013,145.245,135.973,136.078
251.5,104.343,112.468,143.902,98.536,119.323,141.013,145.245,136.043,136.112
251.6,104.343,112.468,143.841,98.474,119.323,141.013,145.216,135.903,136.112
251.7,104.457,112.417,143.872,98.474,119.415,141.013,145.216,136.008,136.078
251.8,104.343,112.519,143.841,98.597,119.369,141.045,145.275,135.973,136.147
251.9,104.4,112.57,143.811,98.536,119.415,141.045,145.245,136.008,136.182
252.0,104.4,112.671,143.841,98.536,119.415,140.981,145.245,136.078,136.112
252.1,104.457,112.57,143.841,98.597,119.415,141.045,145.245,136.043,136.147
252.2,104.4,112.62,143.841,98.597,119.415,141.013,145.334,135.903,136.112
252.3,104.286,112.722,143.872,98.536,119.369,141.045,145.216,136.043,136.147
252.4,104.4,112.62,143.872,98.597,119.506,141.013,145.245,135.973,136.147
252.5,104.343,112.62,143.872,98.659,119.461,140.981,145.245,135.973,136.147
252.6,104.343,112.671,143.841,98.536,119.552,141.109,145.245,136.008,136.182
252.7,104.4,112.671,143.841,98.597,119.461,141.045,145.275,136.008,136.043
252.8,104.4,112.62,143.902,98.413,119.598,141.045,145.334,135.938,136.147
252.9,104.4,112.671,143.902,98.597,119.552,141.077,145.245,136.008,136.182
253.0,104.4,112.722,143.962,98.597,119.506,141.077,145.245,136.008,136.182
253.1,104.4,112.772,143.841,98.597,119.598,141.013,145.245,136.043,136.217
253.2,104.172,112.772,143.872,98.597,119.552,141.173,145.275,136.008,136.147
253.3,104.457,112.772,143.872,98.536,119.598,141.077,145.245,136.043,136.182
253.4,104.457,112.823,143.902,98.597,119.643,141.045,145.304,136.008,136.217
253.5,104.457,112.873,143.872,98.597,119.643,141.077,145.216,136.008,136.182
253.6,104.457,112.671,143.841,98.597,119.689,141.109,145.275,136.008,136.217
253.7,104.4,112.873,143.872,98.597,119.689,141.077,145.245,136.008,136.217
253.8,104.4,112.873,143.872,98.659,119.689,141.077,145.304,136.043,136.182
253.9,104.4,112.924,143.841,98.659,119.735,141.077,145.275,136.043,136.217
254.0,104.457,112.873,143.962,98.597,119.735,141.045,145.304,136.043,136.252
254.1,104.4,112.924,143.902,98.597,119.735,141.077,145.275,136.008,136.217
254.2,104.4,112.974,143.841,98.721,119.735,141.077,145.275,136.043,136.217
254.3,104.457,113.025,143.962,98.659,119.78,141.109,145.304,136.043,136.182
254.4,104.514,112.974,143.872,98.659,119.78,141.077,145.245,136.078,136.217
254.5,104.571,113.025,143.932,98.597,119.826,141.077,145.216,136.008,136.217
254.6,104.457,112.974,143.932,98.659,119.826,141.077,145.275,136.078,136.217
254.7,104.457,113.075,143.902,98.597,119.78,141.077,145.275,136.112,136.182
254.8,104.514,112.974,143.902,98.536,119.871,141.109,145.275,136.112,136.182
254.9,104.514,113.125,143.932,98.536,119.917,141.077,145.275,136.078,136.147
255.0,104.457,113.075,143.872,98.597,119.871,141.109,145.304,136.078,136.252
255.1,104.571,113.125,143.902,98.659,120.007,141.077,145.304,136.078,136.217
255.2,104.514,113.075,143.902,98.659,119.917,141.109,145.304,136.078,136.356
255.3,104.571,113.075,143.932,98.659,119.917,141.109,145.275,136.078,136.217
255.4,104.457,113.075,143.902,98.597,119.917,141.077,145.304,136.078,136.286
255.5,104.514,113.075,143.902,98.597,119.917,141.109,145.275,136.078,136.217
255.6,104.514,113.125,143.872,98.721,119.962,141.077,145.304,136.112,136.252
255.7,104.457,113.176,143.932,98.659,119.962,141.141,145.245,136.182,136.286
255.8,104.514,113.176,143.932,98.721,120.007,141.236,145.275,136.112,136.286
255.9,104.514,113.176,143.902,98.721,119.917,141.109,145.304,136.112,136.217
256.0,104.514,113.226,143.902,98.782,119.917,141.141,145.275,136.078,136.252
256.1,104.514,113.226,143.902,98.659,120.053,141.109,145.304,136.112,136.321
256.2,104.457,113.276,143.902,98.721,120.053,141.109,145.275,136.112,136.321
256.3,104.514,113.326,143.932,98.659,120.053,141.109,145.245,136.078,136.286
256.4,104.514,113.326,143.872,98.721,120.098,141.141,145.275,136.112,136.252
256.5,104.571,113.427,143.932,98.659,120.189,141.141,145.275,136.112,136.286
256.6,104.514,113.326,143.932,98.721,120.098,141.109,145.363,136.182,136.286
256.7,104.571,113.377,143.932,98.843,120.098,141.109,145.304,136.112,136.286
256.8,104.514,113.377,143.932,98.721,120.189,141.141,145.334,136.147,136.286
256.9,104.514,113.427,143.932,98.721,120.098,141.141,145.304,136.217,136.321
257.0,104.514,113.427,143.932,98.721,120.189,141.109,145.304,136.147,136.321
257.1,104.571,113.427,143.932,98.782,120.189,141.141,145.275,136.112,136.286
257.2,104.571,113.477,143.932,98.782,120.189,141.173,145.304,136.182,136.286
257.3,104.628,113.527,143.902,98.843,120.234,141.141,145.334,136.147,136.321
257.4,104.628,113.577,144.023,98.782,120.279,141.109,145.334,136.182,136.321
257.5,104.628,113.527,143.993,98.721,120.324,141.141,145.304,136.147,136.321
257.6,104.571,113.527,143.993,98.782,120.279,141.173,145.334,136.147,136.356
257.7,104.628,113.527,143.902,98.721,120.279,141.173,145.304,136.147,136.356
257.8,104.571,113.727,143.932,98.782,120.324,141.141,145.334,136.182,136.286
257.9,104.628,113.627,143.932,98.782,120.37,141.173,145.363,136.182,136.321
258.0,104.628,113.677,143.932,98.782,120.37,141.236,145.304,136.147,136.321
258.1,104.684,113.677,143.962,98.782,120.324,141.141,145.245,136.217,136.321
258.2,104.684,113.677,143.932,98.782,120.415,141.173,145.304,136.147,136.356
258.3,104.628,113.677,143.932,98.782,120.415,141.173,145.334,136.147,136.356
258.4,104.514,113.677,143.962,98.843,120.415,141.173,145.392,136.252,136.321
258.5,104.628,113.727,143.962,98.843,120.415,141.268,145.304,136.217,136.356
258.6,104.628,113.727,143.932,98.843,120.505,141.204,145.304,136.182,136.356
258.7,104.571,113.727,143.932,98.782,120.46,141.173,145.334,136.182,136.321
258.8,104.741,113.727,143.902,98.843,120.505,141.173,145.275,136.252,136.321
258.9,104.628,113.777,143.932,98.782,120.55,141.204,145.363,136.217,136.39
259.0,104.684,113.777,143.932,98.843,120.505,141.204,145.334,136.182,136.425
259.1,104.684,113.826,143.962,98.843,120.55,141.141,145.363,136.147,136.321
259.2,104.798,113.876,143.932,98.843,120.55,141.204,145.334,136.182,136.356
259.3,104.684,113.826,143.962,98.843,120.55,141.236,145.334,136.217,136.425
259.4,104.684,113.876,143.962,98.905,120.55,141.3,145.334,136.217,136.39
259.5,104.741,113.826,143.932,98.843,120.64,141.236,145.304,136.217,136.39
259.6,104.741,113.876,143.932,98.905,120.595,141.204,145.304,136.182,136.39
259.7,104.684,113.926,143.932,98.843,120.595,141.236,145.334,136.217,136.39
259.8,104.684,113.926,143.932,98.905,120.64,141.204,145.392,136.252,136.39
259.9,104.684,113.876,143.962,98.843,120.595,141.236,145.304,136.252,136.356
260.0,104.684,114.025,143.962,98.782,120.64,141.236,145.334,136.252,136.425
260.1,104.741,113.976,143.962,98.843,120.64,141.236,145.392,136.252,136.356
260.2,104.684,113.976,143.993,98.843,120.64,141.236,145.334,136.286,136.425
260.3,104.854,113.976,143.962,98.843,120.685,141.204,145.334,136.217,136.425
260.4,104.741,114.025,143.962,98.905,120.819,141.236,145.363,136.252,136.39
260.5,104.854,114.025,144.053,98.905,120.685,141.204,145.363,136.286,136.425
260.6,104.741,114.075,143.962,98.905,120.685,141.204,145.334,136.252,136.425
260.7,104.741,113.976,143.932,98.966,120.73,141.236,145.334,136.252,136.494
260.8,104.741,114.025,143.932,98.905,120.73,141.236,145.334,136.286,136.425
260.9,104.741,114.174,143.932,98.905,120.685,141.268,145.334,136.217,136.425
261.0,104.741,114.025,143.962,98.843,120.775,141.236,145.334,136.252,136.425
261.1,104.741,114.125,143.962,98.843,120.819,141.268,145.363,136.217,136.425
261.2,104.741,114.075,143.993,98.843,120.819,141.3,145.334,136.252,136.425
261.3,104.684,114.125,144.023,98.843,120.819,141.268,145.334,136.286,136.425
261.4,104.741,114.075,143.993,99.027,120.864,141.3,145.363,136.321,136.425
261.5,104.741,114.125,143.993,98.905,120.819,141.236,145.334,136.286,136.46
261.6,104.741,114.174,143.993,98.905,120.819,141.268,145.363,136.286,136.425
261.7,104.741,114.174,143.962,98.843,120.864,141.268,145.363,136.356,136.46
261.8,104.798,114.224,143.962,98.966,120.909,141.268,145.334,136.286,136.425
261.9,104.798,114.224,143.962,98.966,120.954,141.268,145.304,136.252,136.46
262.0,104.798,114.273,143.993,98.905,120.954,141.3,145.363,136.286,136.494
262.1,104.741,114.273,144.023,98.966,120.909,141.268,145.363,136.321,136.46
262.2,104.741,114.273,143.962,98.966,120.954,141.268,145.363,136.286,136.46
262.3,104.798,114.273,144.023,98.905,120.954,141.268,145.304,136.321,136.46
262.4,104.798,114.273,144.023,98.966,120.954,141.268,145.334,136.286,136.46
262.5,104.854,114.323,144.023,98.966,120.998,141.268,145.363,136.321,136.356
262.6,104.854,114.323,143.993,98.905,120.998,141.3,145.392,136.286,136.46
262.7,104.854,114.372,144.053,98.966,121.043,141.173,145.334,136.286,136.46
262.8,104.854,114.421,143.993,98.905,121.043,141.3,145.334,136.286,136.529
262.9,104.854,114.421,143.962,98.966,121.088,141.395,145.363,136.252,136.564
263.0,104.854,114.273,144.053,98.966,121.043,141.331,145.392,136.321,136.494
263.1,104.854,114.323,143.993,99.027,121.132,141.331,145.334,136.356,136.494
263.2,104.854,114.421,143.962,99.027,121.132,141.3,145.334,136.321,136.494
263.3,104.798,114.471,144.023,99.027,121.177,141.331,145.363,136.356,136.494
263.4,104.854,114.52,143.932,99.027,121.088,141.331,145.334,136.356,136.529
263.5,104.911,114.569,143.993,99.027,121.222,141.331,145.334,136.321,136.494
263.6,104.854,114.52,143.993,99.027,121.177,141.331,145.363,136.356,136.494
263.7,104.911,114.52,144.023,99.027,121.177,141.331,145.422,136.321,136.564
263.8,104.854,114.619,144.083,99.088,121.266,141.3,145.392,136.356,136.494
263.9,104.854,114.569,143.993,98.966,121.266,141.363,145.392,136.39,136.494
264.0,104.798,114.619,144.023,99.15,121.311,141.331,145.363,136.356,136.529
264.1,104.854,114.668,144.023,99.027,121.355,141.331,145.392,136.39,136.598
264.2,104.911,114.668,144.023,98.966,121.311,141.331,145.451,136.217,136.564
264.3,104.854,114.668,144.083,99.027,121.355,141.331,145.363,136.286,136.529
264.4,104.911,114.668,143.993,99.088,121.311,141.331,145.392,136.39,136.529
264.5,104.911,114.766,144.023,99.088,121.311,141.363,145.334,136.39,136.494
264.6,104.911,114.717,143.993,99.027,121.444,141.363,145.334,136.356,136.564
264.7,104.911,114.766,143.993,99.027,121.399,141.395,145.422,136.39,136.529
264.8,104.911,114.766,144.023,99.027,121.444,141.331,145.392,136.39,136.564
264.9,104.967,114.766,144.023,99.027,121.399,141.331,145.451,136.356,136.529
265.0,104.911,114.815,144.023,99.027,121.444,141.395,145.422,136.425,136.529
265.1,104.854,114.815,144.023,99.027,121.444,141.363,145.392,136.46,136.564
265.2,104.967,114.864,144.053,99.15,121.444,141.363,145.392,136.39,136.529
265.3,104.967,114.864,144.023,99.027,121.355,141.363,145.392,136.39,136.564
265.4,104.911,114.864,144.053,99.088,121.488,141.427,145.392,136.425,136.564
265.5,104.967,114.815,144.053,99.088,121.533,141.363,145.363,136.356,136.598
265.6,104.911,114.864,144.083,99.088,121.488,141.363,145.392,136.46,136.667
265.7,104.911,114.913,144.023,99.088,121.488,141.427,145.392,136.425,136.598
265.8,104.967,114.913,143.962,99.088,121.399,141.363,145.392,136.425,136.598
265.9,104.911,114.962,144.023,99.088,121.533,141.331,145.451,136.425,136.598
266.0,104.967,114.962,144.023,99.027,121.488,141.395,145.392,136.425,136.564
266.1,104.967,114.962,144.023,99.027,121.533,141.363,145.392,136.425,136.564
266.2,104.911,114.913,143.962,99.088,121.577,141.363,145.392,136.425,136.598
266.3,105.024,114.962,143.993,99.088,121.621,141.363,145.422,136.425,136.633
266.4,104.967,114.962,144.053,99.15,121.621,141.395,145.392,136.321,136.598
266.5,104.967,115.06,144.083,99.088,121.577,141.427,145.363,136.425,136.598
266.6,105.08,114.962,144.053,99.088,121.665,141.363,145.363,136.425,136.633
266.7,104.967,115.011,144.053,99.15,121.577,141.427,145.451,136.425,136.598
266.8,105.024,115.06,144.023,99.15,121.665,141.363,145.392,136.425,136.598
266.9,104.967,115.06,144.083,99.027,121.621,141.427,145.422,136.46,136.633
267.0,104.967,115.06,144.083,99.088,121.665,141.363,145.392,136.494,136.633
267.1,105.08,115.06,144.083,99.211,121.665,141.363,145.422,136.46,136.564
267.2,104.911,115.06,144.083,99.088,121.665,141.427,145.481,136.46,136.598
267.3,104.911,115.06,144.053,99.15,121.665,141.395,145.392,136.46,136.667
267.4,105.024,115.109,144.053,99.211,121.665,141.363,145.422,136.46,136.667
267.5,105.024,115.109,144.053,99.15,121.71,141.395,145.422,136.494,136.633
267.6,105.024,115.158,144.023,99.088,121.665,141.427,145.451,136.46,136.667
267.7,105.024,115.06,144.053,99.15,121.665,141.427,145.392,136.425,136.667
267.8,105.024,115.158,144.083,99.15,121.71,141.395,145.392,136.425,136.633
267.9,105.024,115.06,144.053,99.15,121.798,141.427,145.422,136.494,136.633
268.0,104.967,115.158,144.053,99.15,121.798,141.427,145.392,136.529,136.667
268.1,105.08,115.207,144.053,99.15,121.798,141.427,145.422,136.46,136.598
268.2,105.024,115.256,144.053,99.15,121.798,141.427,145.422,136.494,136.633
268.3,105.024,115.207,144.053,99.15,121.754,141.427,145.422,136.529,136.598
268.4,105.08,115.207,144.023,99.15,121.798,141.427,145.451,136.46,136.667
268.5,105.024,115.256,144.023,99.15,121.886,141.427,145.422,136.46,136.667
268.6,105.08,115.256,144.083,99.211,121.886,141.427,145.392,136.46,136.667
268.7,105.024,115.353,144.113,99.15,121.842,141.427,145.422,136.46,136.633
268.8,105.08,115.304,144.083,99.211,121.842,141.427,145.451,136.46,136.633
268.9,105.08,115.256,144.053,99.211,121.886,141.427,145.451,136.529,136.633
269.0,105.08,115.353,144.023,99.15,121.886,141.458,145.422,136.46,136.667
269.1,105.08,115.353,144.083,99.15,122.018,141.427,145.422,136.494,136.667
269.2,105.08,115.45,144.113,99.211,121.93,141.458,145.392,136.564,136.771
269.3,105.08,115.499,144.083,99.211,122.018,141.458,145.422,136.494,136.667
269.4,105.08,115.45,144.083,99.272,122.018,141.458,145.392,136.529,136.667
269.5,105.08,115.45,144.083,99.211,122.018,141.427,145.422,136.564,136.667
269.6,105.08,115.45,144.113,99.211,122.018,141.458,145.422,136.529,136.702
269.7,105.08,115.45,144.053,99.272,122.062,141.458,145.422,136.494,136.702
269.8,105.08,115.499,144.113,99.211,122.062,141.49,145.422,136.529,136.771
269.9,105.137,115.499,144.083,99.211,122.106,141.458,145.481,136.529,136.702
270.0,105.137,115.45,144.083,99.272,122.062,141.553,145.392,136.494,136.702
270.1,105.137,115.499,144.083,99.211,122.018,141.427,145.422,136.529,136.702
270.2,105.137,115.548,144.053,99.272,122.106,141.49,145.451,136.564,136.736
270.3,105.193,115.548,144.083,99.211,122.106,141.49,145.422,136.494,136.702
270.4,105.137,115.596,144.113,99.272,122.062,141.427,145.451,136.529,136.702
270.5,105.08,115.596,144.113,99.333,122.282,141.458,145.422,136.529,136.771
270.6,105.137,115.548,144.083,99.272,122.106,141.458,145.451,136.529,136.736
270.7,105.137,115.596,144.143,99.272,122.106,141.49,145.451,136.529,136.736
270.8,105.193,115.742,144.083,99.272,122.194,141.49,145.451,136.564,136.736
270.9,105.137,115.596,144.083,99.272,122.194,141.553,145.422,136.529,136.702
271.0,105.08,115.645,144.173,99.272,122.15,141.49,145.451,136.598,136.771
271.1,105.137,115.645,144.143,99.272,122.194,141.458,145.422,136.564,136.736
271.2,105.137,115.693,144.113,99.333,122.238,141.49,145.422,136.564,136.736
271.3,105.137,115.645,144.143,99.272,122.106,141.521,145.481,136.529,136.736
271.4,105.137,115.742,144.083,99.272,122.282,141.49,145.481,136.564,136.736
271.5,105.249,115.645,144.083,99.272,122.238,141.521,145.392,136.564,136.736
271.6,105.193,115.742,144.113,99.272,122.282,141.49,145.451,136.564,136.736
271.7,105.137,115.693,144.083,99.333,122.238,141.458,145.422,136.529,136.702
271.8,105.193,115.742,144.053,99.272,122.194,141.521,145.451,136.598,136.771
271.9,105.137,115.742,144.173,99.272,122.15,141.458,145.422,136.564,136.771
272.0,105.249,115.742,144.083,99.333,122.282,141.49,145.451,136.564,136.771
272.1,105.08,115.742,144.113,99.272,122.326,141.458,145.51,136.564,136.736
272.2,105.137,115.79,144.053,99.394,122.326,141.49,145.422,136.564,136.736
272.3,105.249,115.79,144.143,99.272,122.369,141.49,145.451,136.564,136.736
272.4,105.193,115.838,144.113,99.333,122.282,141.49,145.451,136.633,136.805
272.5,105.137,115.79,144.083,99.272,122.326,141.521,145.422,136.598,136.771
272.6,105.193,115.79,144.113,99.272,122.413,141.521,145.481,136.564,136.736
272.7,105.137,115.838,144.143,99.333,122.326,141.553,145.451,136.598,136.736
272.8,105.249,115.887,143.932,99.272,122.326,141.49,145.451,136.633,136.736
272.9,105.249,115.79,144.083,99.333,122.457,141.521,145.422,136.564,136.771
273.0,105.193,115.838,144.113,99.333,122.457,141.49,145.451,136.598,136.805
273.1,105.137,115.838,144.083,99.272,122.369,141.521,145.51,136.598,136.667
273.2,105.193,115.838,144.143,99.333,122.413,141.49,145.422,136.598,136.839
273.3,105.193,115.935,144.173,99.333,122.457,141.521,145.451,136.598,136.771
273.4,105.249,116.031,144.143,99.333,122.413,141.553,145.51,136.598,136.805
273.5,105.137,115.935,144.083,99.394,122.457,141.553,145.481,136.529,136.771
273.6,105.249,115.983,144.113,99.394,122.5,141.521,145.451,136.598,136.805
273.7,105.249,115.983,144.113,99.333,122.5,141.521,145.451,136.667,136.771
273.8,105.193,115.983,144.113,99.333,122.5,141.585,145.422,136.633,136.771
273.9,105.193,115.983,144.083,99.394,122.544,141.553,145.451,136.598,136.805
274.0,105.249,115.983,144.143,99.394,122.5,141.553,145.451,136.598,136.805
274.1,105.249,116.031,144.143,99.333,122.5,141.585,145.51,136.598,136.771
274.2,105.306,116.031,144.173,99.394,122.544,141.553,145.451,136.667,136.805
274.3,105.249,116.031,144.113,99.333,122.588,141.521,145.481,136.598,136.805
274.4,105.193,116.031,144.113,99.333,122.544,141.553,145.451,136.598,136.805
274.5,105.193,116.128,144.143,99.394,122.588,141.553,145.51,136.633,136.805
274.6,105.249,116.031,144.203,99.394,122.631,141.553,145.451,136.633,136.771
274.7,105.249,116.08,144.113,99.394,122.588,141.553,145.481,136.633,136.839
274.8,105.249,116.08,144.113,99.394,122.588,141.521,145.51,136.633,136.839
274.9,105.249,116.08,144.083,99.455,122.588,141.616,145.451,136.598,136.805
275.0,105.249,116.128,144.143,99.394,122.631,141.616,145.481,136.633,136.874
275.1,105.193,116.08,144.113,99.394,122.675,141.553,145.451,136.633,136.805
275.2,105.249,116.176,144.113,99.333,122.588,141.553,145.481,136.667,136.874
275.3,105.249,116.128,144.173,99.455,122.675,141.553,145.451,136.633,136.805
275.4,105.249,116.128,144.113,99.394,122.675,141.616,145.422,136.633,136.839
275.5,105.249,116.224,144.173,99.394,122.675,141.521,145.451,136.633,136.805
275.6,105.249,116.272,144.143,99.455,122.675,141.553,145.451,136.702,136.874
275.7,105.306,116.224,144.143,99.394,122.718,141.553,145.539,136.667,136.805
275.8,105.306,116.224,144.113,99.455,122.805,141.616,145.451,136.702,136.874
275.9,105.306,116.224,144.143,99.455,122.718,141.585,145.481,136.633,136.839
276.0,105.306,116.272,144.173,99.394,122.718,141.521,145.481,136.667,136.839
276.1,105.418,116.272,144.083,99.394,122.762,141.553,145.451,136.633,136.874
276.2,105.306,116.272,144.143,99.455,122.762,141.553,145.51,136.667,136.839
276.3,105.306,116.32,144.143,99.394,122.805,141.585,145.481,136.667,136.839
276.4,105.249,116.32,144.143,99.394,122.849,141.585,145.481,136.667,136.874
276.5,105.306,116.368,144.143,99.455,122.805,141.553,145.451,136.633,136.839
276.6,105.306,116.368,144.143,99.455,122.805,141.616,145.481,136.702,136.874
276.7,105.306,116.32,144.143,99.455,122.805,141.553,145.481,136.736,136.874
276.8,105.474,116.368,144.143,99.455,122.849,141.616,145.481,136.667,136.839
276.9,105.306,116.416,144.143,99.455,122.892,141.553,145.451,136.633,136.874
277.0,105.362,116.416,144.143,99.455,122.936,141.585,145.51,136.736,136.839
277.1,105.306,116.464,144.143,99.455,122.892,141.585,145.481,136.667,136.874
277.2,105.362,116.416,144.203,99.455,122.892,141.585,145.451,136.633,136.908
277.3,105.362,116.368,144.143,99.455,122.892,141.616,145.51,136.702,136.977
277.4,105.362,116.464,144.233,99.394,122.892,141.616,145.51,136.702,136.943
277.5,105.306,116.464,144.143,99.515,122.979,141.585,145.451,136.736,136.874
277.6,105.362,116.512,144.143,99.515,122.936,141.616,145.51,136.736,136.874
277.7,105.418,116.655,144.173,99.515,122.979,141.616,145.451,136.736,136.874
277.8,105.362,116.512,144.143,99.515,122.979,141.616,145.51,136.667,136.977
277.9,105.418,116.56,144.143,99.455,122.979,141.711,145.481,136.702,136.943
278.0,105.306,116.56,144.143,99.515,122.936,141.616,145.481,136.702,136.874
278.1,105.418,116.607,144.143,99.333,123.066,141.585,145.481,136.736,136.874
278.2,105.362,116.56,144.173,99.576,122.936,141.616,145.481,136.736,136.908
278.3,105.418,116.607,144.173,99.515,123.022,141.616,145.51,136.736,136.908
278.4,105.362,116.512,144.173,99.576,123.022,141.585,145.51,136.667,136.943
278.5,105.418,116.607,144.173,99.576,123.022,141.616,145.481,136.771,136.874
278.6,105.306,116.607,144.143,99.515,123.022,141.648,145.51,136.702,136.943
278.7,105.418,116.607,144.173,99.515,123.066,141.616,145.451,136.736,137.011
278.8,105.474,116.655,144.143,99.576,123.066,141.616,145.481,136.771,136.874
278.9,105.474,116.703,144.263,99.515,123.109,141.616,145.539,136.702,136.943
279.0,105.362,116.703,144.173,99.576,123.195,141.616,145.539,136.736,136.908
279.1,105.362,116.703,144.173,99.576,123.152,141.616,145.51,136.702,136.977
279.2,105.362,116.751,144.173,99.515,123.195,141.616,145.481,136.805,136.943
279.3,105.418,116.751,144.143,99.637,123.152,141.648,145.51,136.736,136.943
279.4,105.418,116.751,144.203,99.515,123.152,141.616,145.481,136.771,136.943
279.5,105.418,116.751,144.173,99.576,123.282,141.648,145.481,136.736,136.977
279.6,105.418,116.798,144.173,99.515,123.152,141.648,145.539,136.805,136.943
279.7,105.418,116.798,144.143,99.576,123.282,141.648,145.481,136.771,136.943
279.8,105.474,116.846,144.173,99.394,123.282,141.616,145.51,136.736,136.977
279.9,105.418,116.846,144.173,99.576,123.238,141.679,145.481,136.771,137.011
280.0,105.418,116.846,144.173,99.576,123.282,141.648,145.51,136.771,136.977
280.1,105.474,116.846,144.173,99.576,123.282,141.648,145.51,136.771,136.943
280.2,105.474,116.989,144.233,99.576,123.282,141.648,145.569,136.771,136.943
280.3,105.418,116.894,144.203,99.576,123.325,141.711,145.51,136.805,137.011
280.4,105.418,116.894,144.173,99.637,123.325,141.648,145.51,136.771,136.977
280.5,105.474,116.894,144.233,99.576,123.325,141.679,145.481,136.771,136.943
280.6,105.474,116.941,144.203,99.637,123.368,141.648,145.51,136.771,136.977
280.7,105.474,116.941,144.203,99.576,123.282,141.648,145.481,136.736,136.943
280.8,105.474,116.941,144.173,99.637,123.411,141.616,145.481,136.771,137.011
280.9,105.418,116.941,144.233,99.637,123.368,141.679,145.539,136.805,136.943
281.0,105.586,116.989,144.294,99.637,123.325,141.648,145.51,136.839,136.977
281.1,105.53,116.941,144.173,99.576,123.411,141.711,145.539,136.839,137.011
281.2,105.53,117.036,144.203,99.576,123.282,141.679,145.51,136.874,136.977
281.3,105.474,117.036,144.203,99.576,123.411,141.742,145.569,136.771,136.977
281.4,105.474,117.036,144.173,99.637,123.454,141.679,145.481,136.805,136.977
281.5,105.474,117.084,144.203,99.637,123.411,141.774,145.51,136.805,137.011
281.6,105.474,117.036,144.203,99.576,123.411,141.679,145.51,136.839,137.011
281.7,105.474,117.131,144.263,99.637,123.454,141.679,145.51,136.771,136.977
281.8,105.418,116.989,144.203,99.637,123.454,141.679,145.569,136.771,137.011
281.9,105.474,117.084,144.233,99.758,123.454,141.774,145.51,136.874,137.045
282.0,105.53,116.989,144.203,99.637,123.497,141.648,145.627,136.874,136.943
282.1,105.474,117.131,144.294,99.637,123.497,141.616,145.569,136.839,137.045
282.2,105.53,117.131,144.203,99.698,123.54,141.679,145.539,136.839,137.011
282.3,105.474,117.179,144.203,99.698,123.626,141.648,145.481,136.839,136.977
282.4,105.474,117.131,144.203,99.576,123.54,141.679,145.539,136.771,137.011
282.5,105.474,117.131,144.203,99.637,123.497,141.742,145.51,136.805,137.011
282.6,105.474,117.226,144.233,99.637,123.497,141.711,145.51,136.874,137.045
282.7,105.53,117.179,144.233,99.637,123.583,141.711,145.539,136.805,137.045
282.8,105.586,117.179,144.233,99.637,123.54,141.679,145.51,136.805,137.045
282.9,105.474,117.226,144.233,99.637,123.54,141.679,145.569,136.839,137.011
283.0,105.53,117.179,144.203,99.637,123.583,141.711,145.539,136.805,137.011
283.1,105.53,117.273,144.173,99.576,123.54,141.742,145.51,136.908,137.011
283.2,105.53,117.273,144.233,99.637,123.583,141.742,145.539,136.839,137.011
283.3,105.586,117.226,144.203,99.637,123.626,141.805,145.539,136.805,137.011
283.4,105.53,117.273,144.233,99.637,123.626,141.711,145.451,136.839,137.045
283.5,105.53,117.273,144.203,99.637,123.626,141.742,145.598,136.771,137.148
283.6,105.53,117.273,144.233,99.698,123.626,141.679,145.569,136.839,137.011
283.7,105.53,117.368,144.263,99.698,123.669,141.679,145.539,136.839,137.045
283.8,105.53,117.321,144.113,99.698,123.669,141.742,145.51,136.839,137.08
283.9,105.586,117.415,144.203,99.698,123.711,141.711,145.539,136.839,137.08
284.0,105.53,117.368,144.203,99.637,123.711,141.742,145.481,136.839,137.011
284.1,105.53,117.368,144.173,99.698,123.669,141.805,145.569,136.839,137.045
284.2,105.586,117.368,144.233,99.637,123.754,141.742,145.569,136.943,137.011
284.3,105.642,117.368,144.203,99.698,123.754,141.711,145.51,136.874,137.08
284.4,105.586,117.321,144.233,99.698,123.754,141.711,145.598,136.874,137.045
284.5,105.586,117.321,144.203,99.819,123.754,141.742,145.539,136.908,137.08
284.6,105.586,117.368,144.233,99.758,123.754,141.774,145.627,136.874,137.148
284.7,105.642,117.368,144.263,99.637,123.711,141.711,145.539,136.943,137.08
284.8,105.642,117.509,144.173,99.698,123.754,141.742,145.51,136.874,137.114
284.9,105.586,117.462,144.233,99.819,123.711,141.742,145.569,136.874,137.045
285.0,105.586,117.509,144.233,99.698,123.84,141.742,145.51,136.874,137.08
285.1,105.586,117.509,144.203,99.758,123.754,141.774,145.539,136.839,137.08
285.2,105.642,117.509,144.233,99.698,123.84,141.742,145.51,136.908,137.08
285.3,105.586,117.509,144.203,99.698,123.84,141.774,145.569,136.943,137.114
285.4,105.642,117.557,144.233,99.698,123.84,141.742,145.569,136.908,137.08
285.5,105.642,117.509,144.233,99.698,123.84,141.805,145.51,136.874,137.08
285.6,105.642,117.509,144.263,99.758,123.925,141.774,145.569,136.908,137.114
285.7,105.698,117.557,144.233,99.819,123.84,141.774,145.539,136.874,137.114
285.8,105.754,117.509,144.233,99.758,123.883,141.742,145.569,136.874,137.148
285.9,105.642,117.509,144.263,99.758,123.925,141.742,145.598,136.908,137.114
286.0,105.642,117.557,144.143,99.758,123.925,141.774,145.539,136.908,137.08
286.1,105.754,117.509,144.203,99.698,123.925,141.774,145.569,136.908,137.114
286.2,105.642,117.651,144.294,99.758,123.925,141.742,145.539,136.908,137.08
286.3,105.698,117.651,144.294,99.819,123.968,141.774,145.539,136.943,137.08
286.4,105.586,117.651,144.263,99.758,123.968,141.774,145.569,136.874,137.114
286.5,105.698,117.698,144.233,99.758,123.968,141.742,145.598,136.908,137.114
286.6,105.642,117.792,144.294,99.819,124.011,141.774,145.51,136.943,137.114
286.7,105.642,117.745,144.263,100.0,124.011,141.805,145.598,136.908,137.148
286.8,105.698,117.698,144.263,99.758,123.968,141.837,145.598,136.874,137.148
286.9,105.642,117.698,144.263,99.758,124.011,141.648,145.598,136.908,137.114
287.0,105.698,117.745,144.294,99.819,124.011,141.774,145.539,136.908,137.114
287.1,105.698,117.839,144.294,99.88,124.053,141.774,145.569,136.977,137.114
287.2,105.642,117.839,144.233,99.88,124.096,141.805,145.51,136.943,137.114
287.3,105.642,117.792,144.263,99.819,124.138,141.742,145.569,136.943,137.011
287.4,105.698,117.839,144.263,99.758,124.096,141.774,145.598,136.977,137.114
287.5,105.642,117.792,144.263,99.819,124.096,141.742,145.598,136.943,137.182
287.6,105.754,117.839,144.233,99.819,124.138,141.774,145.569,136.977,137.114
287.7,105.754,117.839,144.294,99.88,124.138,141.742,145.539,136.943,137.114
287.8,105.698,117.886,144.263,99.88,124.181,141.774,145.569,136.943,137.114
287.9,105.754,117.839,144.263,99.819,124.181,141.679,145.569,136.977,137.148
288.0,105.754,117.886,144.263,99.88,124.223,141.805,145.598,136.943,137.114
288.1,105.698,117.886,144.294,99.819,124.181,141.805,145.627,136.943,137.148
288.2,105.81,117.932,144.263,99.819,124.223,141.774,145.569,137.011,137.148
288.3,105.81,117.886,144.324,99.819,124.266,141.805,145.627,136.977,137.182
288.4,105.642,117.932,144.354,99.88,124.181,141.805,145.569,136.943,137.148
288.5,105.81,117.932,144.263,99.88,124.266,141.837,145.539,136.977,137.216
288.6,105.754,117.979,144.324,99.819,124.266,141.837,145.569,136.977,137.182
288.7,105.642,117.979,144.263,99.819,124.223,141.837,145.569,136.977,137.216
288.8,105.698,117.979,144.294,99.819,124.308,141.805,145.627,136.977,137.182
288.9,105.698,118.026,144.263,99.88,124.351,141.805,145.569,137.011,137.216
289.0,105.754,118.12,144.294,99.819,124.308,141.805,145.569,137.011,137.148
289.1,105.698,118.026,144.263,99.94,124.308,141.805,145.569,137.011,137.182
289.2,105.754,118.073,144.263,99.758,124.351,141.805,145.569,137.011,137.182
289.3,105.698,118.073,144.294,99.88,124.351,141.774,145.569,136.943,137.182
289.4,105.698,118.073,144.294,99.819,124.308,141.837,145.569,137.011,137.182
289.5,105.754,118.12,144.263,99.94,124.266,141.805,145.598,137.011,137.182
289.6,105.81,118.073,144.263,99.88,124.393,141.805,145.569,136.977,137.251
289.7,105.754,118.12,144.263,99.88,124.351,141.805,145.539,137.011,137.182
289.8,105.754,118.12,144.324,99.88,124.351,141.805,145.598,136.977,137.182
289.9,105.81,118.12,144.233,99.94,124.351,141.837,145.598,137.011,137.216
290.0,105.81,118.12,144.294,99.819,124.393,141.837,145.569,137.011,137.216
290.1,105.754,118.166,144.294,99.88,124.308,141.805,145.598,137.011,137.148
290.2,105.754,118.213,144.324,99.88,124.393,141.805,145.569,137.011,137.216
290.3,105.754,118.306,144.263,99.94,124.436,141.837,145.627,136.977,137.216
290.4,105.698,118.213,144.294,99.88,124.436,141.837,145.569,137.011,137.182
290.5,105.754,118.213,144.294,99.94,124.52,141.837,145.598,137.045,137.251
290.6,105.81,118.26,144.383,99.88,124.436,141.868,145.598,137.045,137.216
290.7,105.81,118.213,144.294,99.94,124.436,141.868,145.627,136.977,137.216
290.8,105.81,118.26,144.294,99.94,124.351,141.868,145.569,137.045,137.216
290.9,105.866,118.306,144.294,99.94,124.478,141.868,145.598,137.08,137.285
291.0,105.754,118.26,144.294,99.94,124.52,141.837,145.598,137.08,137.251
291.1,105.81,118.26,144.233,99.88,124.52,141.837,145.598,137.011,137.216
291.2,105.81,118.213,144.294,99.94,124.52,141.774,145.598,137.045,137.216
291.3,105.754,118.26,144.263,99.94,124.52,141.837,145.598,137.045,137.251
291.4,105.81,118.353,144.294,99.819,124.52,141.837,145.627,136.943,137.216
291.5,105.754,118.306,144.324,99.94,124.52,141.805,145.627,137.045,137.251
291.6,105.81,118.399,144.383,99.88,124.52,141.868,145.598,137.045,137.216
291.7,105.81,118.399,144.263,100.0,124.562,141.837,145.569,137.045,137.216
291.8,105.754,118.306,144.324,100.0,124.52,141.837,145.598,137.011,137.216
291.9,105.81,118.353,144.294,99.94,124.605,141.837,145.598,137.045,137.285
292.0,105.81,118.399,144.324,99.94,124.605,141.931,145.598,137.011,137.285
292.1,105.81,118.399,144.383,99.94,124.52,141.868,145.656,137.045,137.251
292.2,105.866,118.399,144.324,99.88,124.605,141.837,145.569,137.011,137.251
292.3,105.866,118.399,144.324,100.0,124.605,141.868,145.627,137.045,137.285
292.4,105.866,118.353,144.294,99.88,124.605,141.837,145.686,137.148,137.285
292.5,105.81,118.399,144.383,100.0,124.731,141.868,145.539,137.045,137.319
292.6,105.866,118.446,144.324,99.88,124.605,141.837,145.627,137.08,137.353
292.7,105.866,118.492,144.324,99.88,124.689,141.805,145.627,137.114,137.285
292.8,105.866,118.446,144.324,99.94,124.689,141.837,145.598,137.045,137.251
292.9,105.81,118.492,144.324,99.94,124.647,141.899,145.598,137.045,137.285
293.0,105.81,118.492,144.324,99.94,124.647,141.837,145.686,137.08,137.285
293.1,105.866,118.539,144.294,99.94,124.689,141.868,145.598,137.08,137.353
293.2,105.81,118.492,144.294,100.061,124.731,141.868,145.627,137.045,137.251
293.3,105.866,118.539,144.354,99.94,124.731,141.868,145.627,137.08,137.285
293.4,105.922,118.539,144.324,99.94,124.731,141.899,145.627,137.08,137.285
293.5,105.922,118.492,144.324,100.0,124.731,141.931,145.627,137.08,137.319
293.6,105.866,118.585,144.383,100.0,124.773,141.931,145.598,137.114,137.319
293.7,105.922,118.631,144.324,100.0,124.773,141.931,145.598,137.114,137.285
293.8,105.81,118.631,144.354,100.0,124.773,141.868,145.598,137.114,137.285
293.9,105.866,118.678,144.324,100.0,124.773,141.899,145.598,137.08,137.387
294.0,105.922,118.631,144.324,100.0,124.816,141.899,145.656,137.08,137.353
294.1,105.922,118.631,144.324,100.0,124.773,141.868,145.627,137.08,137.319
294.2,105.866,118.678,144.354,100.0,124.858,141.868,145.598,137.045,137.353
294.3,105.922,118.678,144.354,99.94,124.858,141.868,145.627,137.114,137.319
294.4,105.977,118.678,144.354,100.061,124.9,141.899,145.598,137.08,137.251
294.5,105.922,118.724,144.354,100.0,124.984,141.899,145.627,137.08,137.353
294.6,105.922,118.678,144.324,100.0,124.858,141.899,145.598,137.114,137.387
294.7,105.866,118.724,144.294,100.0,124.9,141.931,145.598,137.08,137.285
294.8,105.977,118.77,144.354,100.061,124.9,141.962,145.627,137.114,137.319
294.9,105.922,118.817,144.324,100.0,124.942,141.868,145.627,137.148,137.353
295.0,105.977,118.77,144.354,100.061,124.984,141.931,145.598,137.148,137.319
295.1,105.977,118.817,144.383,100.061,124.984,141.962,145.598,137.114,137.353
295.2,106.089,118.817,144.383,100.061,124.984,141.962,145.627,137.114,137.285
295.3,105.977,118.817,144.383,100.121,125.026,141.931,145.656,137.114,137.319
295.4,105.922,118.909,144.354,100.061,124.984,141.899,145.627,137.148,137.319
295.5,105.977,118.817,144.324,100.182,125.026,141.931,145.598,137.114,137.421
295.6,105.977,118.909,144.324,100.0,125.026,141.931,145.656,137.148,137.319
295.7,105.922,118.863,144.383,100.061,124.984,141.899,145.627,137.148,137.353
295.8,105.977,119.001,144.383,100.121,125.068,141.931,145.598,137.148,137.353
295.9,105.977,118.909,144.354,100.182,125.026,141.931,145.569,137.148,137.353
296.0,105.977,118.909,144.324,100.061,125.068,141.931,145.627,137.148,137.319
296.1,106.033,118.909,144.383,100.061,125.068,141.837,145.598,137.148,137.353
296.2,105.922,118.909,144.324,100.061,125.068,141.899,145.627,137.114,137.319
296.3,106.033,118.863,144.354,100.0,125.026,141.962,145.598,137.148,137.353
296.4,105.922,118.955,144.324,100.121,125.11,141.931,145.744,137.148,137.353
296.5,105.977,118.909,144.354,100.061,125.151,141.931,145.686,137.114,137.319
296.6,105.977,118.955,144.354,100.121,125.11,141.899,145.686,137.148,137.319
296.7,106.033,118.955,144.354,100.061,125.11,141.962,145.656,137.182,137.387
296.8,105.977,118.955,144.354,100.061,125.11,141.931,145.627,137.182,137.353
296.9,105.977,118.909,144.324,100.061,125.151,141.962,145.656,137.182,137.387
297.0,105.977,118.955,144.383,100.121,125.151,141.962,145.627,137.148,137.319
297.1,106.033,119.001,144.324,100.061,125.11,141.994,145.598,137.251,137.353
297.2,105.977,119.001,144.354,100.121,125.11,141.931,145.627,137.148,137.421
297.3,106.033,119.047,144.263,100.121,125.193,141.931,145.627,137.148,137.353
297.4,105.977,119.093,144.324,100.182,125.11,141.931,145.627,137.182,137.319
297.5,106.033,119.047,144.354,100.182,125.151,141.931,145.627,137.182,137.387
297.6,106.033,119.047,144.383,100.121,125.151,141.931,145.627,137.182,137.455
297.7,105.977,119.093,144.354,100.182,125.193,141.962,145.627,137.114,137.353
297.8,105.977,119.047,144.354,100.242,125.193,141.931,145.627,137.148,137.421
297.9,105.977,119.093,144.354,100.182,125.277,142.025,145.686,137.148,137.387
298.0,106.144,119.047,144.383,100.0,125.193,141.962,145.627,137.182,137.387
298.1,106.033,119.093,144.324,100.121,125.235,141.994,145.656,137.148,137.421
298.2,106.033,119.093,144.383,100.121,125.193,141.962,145.627,137.182,137.421
298.3,106.089,119.047,144.383,100.182,125.277,141.931,145.627,137.216,137.285
298.4,106.033,119.139,144.324,100.182,125.235,141.962,145.627,137.182,137.421
298.5,106.033,119.231,144.383,100.121,125.277,141.962,145.656,137.148,137.387
298.6,106.144,119.185,144.443,100.121,125.319,141.931,145.627,137.182,137.387
298.7,106.033,119.185,144.354,100.121,125.277,141.962,145.627,137.182,137.455
298.8,106.089,119.231,144.354,100.182,125.319,141.994,145.627,137.216,137.421
298.9,106.033,119.185,144.383,100.182,125.277,141.962,145.598,137.182,137.421
299.0,106.089,119.231,144.354,100.182,125.319,141.962,145.627,137.251,137.285
299.1,106.089,119.277,144.354,100.121,125.36,141.962,145.656,137.285,137.387
299.2,106.033,119.231,144.354,100.182,125.319,141.962,145.627,137.216,137.421
299.3,106.144,119.277,144.354,100.182,125.444,141.962,145.627,137.182,137.421
299.4,106.033,119.323,144.383,100.121,125.444,141.994,145.598,137.182,137.421
299.5,106.089,119.277,144.413,100.182,125.444,141.994,145.627,137.251,137.421
299.6,106.033,119.277,144.383,100.182,125.36,141.962,145.627,137.182,137.387
299.7,106.033,119.277,144.324,100.242,125.36,141.931,145.686,137.216,137.489
299.8,106.089,119.323,144.383,100.182,125.36,141.994,145.627,137.216,137.421
299.9,106.033,119.369,144.383,100.182,125.444,141.994,145.627,137.216,137.489
300.0,106.144,119.323,144.383,100.302,125.402,141.962,145.656,137.251,137.421
300.1,106.033,119.323,144.383,100.182,125.402,141.962,145.686,137.285,137.421
300.2,106.089,119.369,144.383,100.182,125.444,141.994,145.627,137.251,137.455
300.3,106.144,119.185,144.294,100.182,125.444,142.056,145.656,137.216,137.489
300.4,106.033,119.369,144.413,100.182,125.402,142.056,145.686,137.216,137.455
300.5,106.144,119.369,144.413,100.182,125.527,142.025,145.686,137.251,137.455
300.6,106.089,119.415,144.383,100.242,125.444,141.962,145.656,137.285,137.455
300.7,106.089,119.415,144.354,100.182,125.444,142.025,145.627,137.251,137.455
300.8,106.089,119.415,144.383,100.242,125.527,141.994,145.656,137.182,137.455
300.9,106.144,119.369,144.473,100.182,125.36,141.994,145.627,137.216,137.489
301.0,106.2,119.415,144.383,100.242,125.569,141.994,145.627,137.216,137.455
301.1,106.144,119.415,144.383,100.302,125.485,141.994,145.656,137.251,137.455
301.2,106.089,119.415,144.354,100.242,125.527,141.994,145.656,137.251,137.421
301.3,106.144,119.415,144.383,100.121,125.527,142.025,145.627,137.251,137.455
301.4,106.089,119.415,144.413,100.182,125.527,141.994,145.627,137.251,137.523
301.5,106.089,119.461,144.383,100.242,125.527,141.994,145.656,137.251,137.523
301.6,106.089,119.461,144.443,100.182,125.527,141.899,145.627,137.285,137.455
301.7,106.2,119.506,144.413,100.242,125.61,141.994,145.627,137.285,137.421
301.8,106.033,119.506,144.383,100.302,125.569,141.962,145.656,137.319,137.523
301.9,106.144,119.552,144.383,100.242,125.569,141.994,145.627,137.251,137.455
302.0,106.144,119.506,144.443,100.242,125.569,142.056,145.656,137.251,137.489
302.1,106.089,119.552,144.324,100.242,125.61,142.025,145.627,137.285,137.455
302.2,106.089,119.506,144.383,100.182,125.61,141.994,145.627,137.251,137.489
302.3,106.089,119.552,144.413,100.242,125.61,142.056,145.656,137.251,137.489
302.4,106.033,119.598,144.473,100.302,125.652,141.994,145.656,137.216,137.455
302.5,106.144,119.552,144.413,100.242,125.61,142.025,145.627,137.353,137.489
302.6,106.144,119.598,144.383,100.302,125.693,142.025,145.656,137.285,137.489
302.7,106.089,119.552,144.413,100.182,125.652,142.025,145.656,137.353,137.489
302.8,106.144,119.552,144.383,100.302,125.652,142.025,145.656,137.353,137.489
302.9,106.144,119.689,144.383,100.302,125.693,142.056,145.598,137.319,137.489
303.0,106.144,119.689,144.413,100.242,125.693,141.994,145.656,137.251,137.421
303.1,106.2,119.735,144.383,100.302,125.735,141.994,145.656,137.285,137.557
303.2,106.144,119.643,144.383,100.242,125.693,142.025,145.715,137.182,137.523
303.3,106.2,119.689,144.413,100.242,125.735,142.025,145.656,137.216,137.455
303.4,106.089,119.643,144.443,100.362,125.693,142.025,145.656,137.285,137.489
303.5,106.2,119.643,144.413,100.362,125.652,142.087,145.715,137.285,137.489
303.6,106.2,119.735,144.383,100.302,125.776,142.119,145.656,137.285,137.489
303.7,106.144,119.735,144.413,100.302,125.776,142.025,145.686,137.251,137.489
303.8,106.144,119.735,144.413,100.302,125.776,142.056,145.686,137.285,137.489
303.9,106.2,119.78,144.413,100.182,125.818,142.056,145.715,137.319,137.557
304.0,106.2,119.78,144.383,100.242,125.776,142.056,145.686,137.285,137.489
304.1,106.144,119.78,144.473,100.302,125.818,142.056,145.686,137.353,137.557
304.2,106.2,119.78,144.413,100.362,125.818,142.056,145.656,137.319,137.523
304.3,106.2,119.78,144.413,100.302,125.859,142.025,145.686,137.353,137.455
304.4,106.2,119.735,144.413,100.302,125.859,142.056,145.715,137.285,137.523
304.5,106.144,119.78,144.383,100.362,125.818,142.056,145.686,137.319,137.557
304.6,106.2,119.871,144.413,100.302,125.859,142.056,145.656,137.319,137.523
304.7,106.2,119.826,144.383,100.302,125.818,142.025,145.656,137.353,137.557
304.8,106.2,119.871,144.383,100.482,125.859,142.056,145.686,137.353,137.523
304.9,106.2,119.917,144.503,100.302,125.859,142.056,145.686,137.319,137.523
305.0,106.311,119.871,144.443,100.302,125.859,142.087,145.715,137.319,137.557
305.1,106.2,119.917,144.443,100.362,125.859,142.087,145.715,137.319,137.591
305.2,106.2,120.007,144.503,100.422,125.901,142.056,145.686,137.285,137.557
305.3,106.255,119.962,144.563,100.302,125.942,142.087,145.686,137.319,137.557
305.4,106.255,119.917,144.413,100.302,125.942,142.025,145.686,137.387,137.591
305.5,106.144,119.962,144.383,100.362,125.942,142.056,145.715,137.319,137.523
305.6,106.255,119.962,144.413,100.362,125.983,142.056,145.656,137.319,137.557
305.7,106.366,119.962,144.413,100.422,125.901,142.056,145.715,137.387,137.557
305.8,106.255,120.007,144.443,100.362,125.983,142.056,145.686,137.353,137.557
305.9,106.255,120.007,144.443,100.482,126.024,142.056,145.656,137.353,137.523
306.0,106.311,119.962,144.413,100.362,125.983,142.119,145.686,137.319,137.557
306.1,106.311,120.007,144.413,100.422,126.066,142.181,145.715,137.319,137.523
306.2,106.255,120.053,144.443,100.302,126.066,142.056,145.656,137.353,137.557
306.3,106.311,120.007,144.533,100.362,126.024,142.056,145.715,137.387,137.659
306.4,106.255,120.098,144.413,100.362,126.066,142.025,145.686,137.353,137.557
306.5,106.255,120.053,144.443,100.362,126.066,142.056,145.686,137.387,137.557
306.6,106.311,120.053,144.443,100.362,126.066,142.056,145.686,137.353,137.591
306.7,106.2,120.098,144.443,100.482,126.024,142.087,145.715,137.387,137.591
306.8,106.255,120.098,144.443,100.422,126.024,142.087,145.686,137.387,137.625
306.9,106.366,120.098,144.443,100.422,126.024,142.087,145.686,137.387,137.557
307.0,106.255,120.098,144.473,100.422,126.107,142.056,145.686,137.353,137.591
307.1,106.255,120.098,144.443,100.362,126.107,142.087,145.715,137.353,137.591
307.2,106.255,120.053,144.443,100.482,126.148,142.087,145.656,137.387,137.591
307.3,106.311,120.144,144.413,100.422,126.107,142.087,145.802,137.387,137.659
307.4,106.255,120.144,144.473,100.362,126.148,142.119,145.686,137.387,137.557
307.5,106.311,120.144,144.413,100.482,126.107,142.087,145.715,137.387,137.659
307.6,106.255,120.189,144.443,100.422,126.272,142.087,145.686,137.387,137.591
307.7,106.255,120.234,144.473,100.362,126.148,142.119,145.686,137.387,137.591
307.8,106.311,120.189,144.413,100.482,126.189,142.119,145.686,137.353,137.625
307.9,106.311,120.234,144.443,100.422,126.231,142.119,145.656,137.353,137.591
308.0,106.311,120.189,144.473,100.482,126.189,142.119,145.715,137.353,137.591
308.1,106.366,120.234,144.473,100.422,126.189,142.119,145.686,137.421,137.591
308.2,106.255,120.234,144.443,100.422,126.189,142.119,145.686,137.387,137.557
308.3,106.366,120.234,144.443,100.362,126.231,142.087,145.686,137.387,137.591
308.4,106.311,120.279,144.443,100.422,126.231,142.087,145.744,137.421,137.591
308.5,106.366,120.234,144.473,100.482,126.231,142.119,145.627,137.421,137.557
308.6,106.311,120.234,144.473,100.422,126.231,142.212,145.686,137.387,137.489
308.7,106.311,120.324,144.473,100.482,126.231,142.119,145.686,137.421,137.591
308.8,106.366,120.37,144.443,100.422,126.272,142.119,145.715,137.387,137.693
308.9,106.366,120.324,144.503,100.482,126.189,142.119,145.627,137.353,137.625
309.0,106.422,120.37,144.503,100.422,126.272,142.119,145.686,137.421,137.625
309.1,106.311,120.324,144.473,100.482,126.272,142.119,145.715,137.421,137.625
309.2,106.366,120.37,144.533,100.482,126.189,142.119,145.715,137.421,137.591
309.3,106.311,120.37,144.473,100.422,126.313,142.087,145.686,137.421,137.625
309.4,106.311,120.37,144.413,100.482,126.272,142.119,145.715,137.421,137.625
309.5,106.366,120.324,144.413,100.422,126.313,142.15,145.686,137.455,137.625
309.6,106.422,120.37,144.443,100.362,126.395,142.119,145.715,137.387,137.625
309.7,106.422,120.415,144.563,100.482,126.354,142.119,145.686,137.421,137.591
309.8,106.366,120.415,144.473,100.422,126.272,142.15,145.715,137.387,137.625
309.9,106.366,120.46,144.473,100.422,126.354,142.119,145.715,137.421,137.659
310.0,106.366,120.415,144.473,100.482,126.354,142.15,145.715,137.489,137.625
310.1,106.311,120.46,144.473,100.422,126.395,142.15,145.715,137.421,137.625
310.2,106.422,120.415,144.443,100.422,126.436,142.15,145.656,137.421,137.625
310.3,106.422,120.46,144.443,100.482,126.395,142.15,145.715,137.455,137.523
310.4,106.422,120.505,144.443,100.482,126.436,142.119,145.715,137.455,137.659
310.5,106.422,120.46,144.443,100.482,126.436,142.119,145.715,137.387,137.625
310.6,106.366,120.46,144.443,100.422,126.436,142.15,145.744,137.455,137.659
310.7,106.422,120.505,144.503,100.482,126.436,142.15,145.686,137.455,137.693
310.8,106.422,120.505,144.473,100.422,126.354,142.181,145.656,137.421,137.659
310.9,106.422,120.55,144.503,100.422,126.395,142.15,145.744,137.455,137.693
311.0,106.422,120.595,144.473,100.482,126.395,142.119,145.773,137.455,137.625
311.1,106.366,120.595,144.473,100.482,126.436,142.15,145.715,137.421,137.659
311.2,106.366,120.55,144.443,100.542,126.436,142.119,145.686,137.421,137.659
311.3,106.477,120.505,144.503,100.482,126.477,142.15,145.715,137.489,137.659
311.4,106.366,120.595,144.473,100.482,126.518,142.15,145.715,137.489,137.659
311.5,106.422,120.64,144.443,100.542,126.477,142.181,145.715,137.523,137.693
311.6,106.366,120.73,144.473,100.482,126.395,142.119,145.686,137.455,137.659
311.7,106.422,120.55,144.443,100.482,126.477,142.181,145.715,137.489,137.693
311.8,106.477,120.595,144.473,100.542,126.477,142.119,145.715,137.489,137.693
311.9,106.422,120.595,144.473,100.482,126.477,142.15,145.715,137.455,137.693
312.0,106.366,120.595,144.473,100.542,126.559,142.181,145.715,137.455,137.523
312.1,106.422,120.595,144.473,100.542,126.559,142.15,145.715,137.421,137.659
312.2,106.422,120.64,144.473,100.422,126.641,142.15,145.773,137.421,137.625
312.3,106.422,120.685,144.443,100.542,126.559,142.181,145.773,137.489,137.659
312.4,106.422,120.64,144.473,100.542,126.518,142.15,145.715,137.489,137.693
312.5,106.422,120.64,144.503,100.542,126.559,142.15,145.686,137.523,137.625
312.6,106.422,120.64,144.473,100.542,126.559,142.15,145.715,137.557,137.659
312.7,106.2,120.685,144.443,100.542,126.6,142.15,145.744,137.523,137.659
312.8,106.477,120.775,144.473,100.542,126.6,142.15,145.744,137.489,137.727
312.9,106.422,120.685,144.443,100.542,126.641,142.181,145.686,137.455,137.693
313.0,106.422,120.775,144.503,100.602,126.6,142.181,145.686,137.489,137.693
313.1,106.366,120.775,144.473,100.542,126.641,142.181,145.744,137.489,137.727
313.2,106.477,120.73,144.503,100.482,126.641,142.15,145.744,137.523,137.693
313.3,106.422,120.685,144.443,100.542,126.6,142.181,145.744,137.489,137.727
313.4,106.477,120.775,144.473,100.542,126.641,142.212,145.686,137.455,137.693
313.5,106.477,120.819,144.503,100.542,126.641,142.15,145.744,137.523,137.693
313.6,106.422,120.775,144.503,100.542,126.682,142.15,145.715,137.489,137.693
313.7,106.532,120.775,144.503,100.602,126.682,142.181,145.656,137.523,137.693
313.8,106.477,120.819,144.473,100.542,126.518,142.181,145.715,137.421,137.727
313.9,106.422,120.819,144.503,100.542,126.641,142.15,145.715,137.489,137.693
314.0,106.477,120.775,144.473,100.542,126.682,142.15,145.715,137.489,137.693
314.1,106.422,120.819,144.533,100.482,126.682,142.181,145.715,137.557,137.693
314.2,106.477,120.819,144.503,100.542,126.722,142.15,145.744,137.489,137.794
314.3,106.477,120.864,144.473,100.542,126.682,142.181,145.715,137.455,137.693
314.4,106.532,120.819,144.473,100.542,126.722,142.181,145.744,137.523,137.761
314.5,106.422,120.819,144.473,100.602,126.763,142.181,145.715,137.489,137.693
314.6,106.422,120.775,144.503,100.542,126.722,142.181,145.715,137.489,137.693
314.7,106.477,120.909,144.533,100.542,126.763,142.15,145.715,137.489,137.727
314.8,106.366,120.909,144.503,100.542,126.804,142.181,145.744,137.523,137.727
314.9,106.422,120.819,144.533,100.662,126.763,142.212,145.715,137.489,137.727
315.0,106.532,120.954,144.443,100.602,126.763,142.181,145.715,137.523,137.693
315.1,106.588,120.954,144.503,100.602,126.804,142.181,145.744,137.557,137.761
315.2,106.477,120.909,144.503,100.602,126.804,142.15,145.715,137.489,137.727
315.3,106.477,120.909,144.503,100.482,126.763,142.181,145.744,137.523,137.727
315.4,106.532,120.998,144.473,100.602,126.722,142.181,145.715,137.523,137.761
315.5,106.477,120.998,144.473,100.602,126.845,142.181,145.686,137.557,137.794
315.6,106.532,120.954,144.533,100.602,126.804,142.181,145.744,137.523,137.794
315.7,106.532,120.998,144.533,100.542,126.845,142.212,145.715,137.523,137.727
315.8,106.532,120.998,144.503,100.602,126.845,142.181,145.715,137.523,137.727
315.9,106.477,121.088,144.503,100.602,126.845,142.181,145.744,137.591,137.761
316.0,106.532,120.954,144.533,100.662,126.845,142.244,145.773,137.489,137.828
316.1,106.532,120.998,144.473,100.602,126.845,142.212,145.744,137.523,137.727
316.2,106.588,120.998,144.533,100.602,126.845,142.244,145.773,137.523,137.761
316.3,106.532,121.043,144.533,100.662,126.885,142.244,145.715,137.557,137.828
316.4,106.532,121.043,144.533,100.602,126.885,142.15,145.773,137.557,137.828
316.5,106.532,121.043,144.563,100.662,126.885,142.212,145.744,137.557,137.727
316.6,106.477,121.132,144.503,100.602,126.885,142.337,145.715,137.557,137.761
316.7,106.532,121.088,144.503,100.662,126.926,142.212,145.744,137.591,137.761
316.8,106.532,121.088,144.473,100.662,126.926,142.244,145.744,137.489,137.761
316.9,106.532,121.132,144.533,100.602,126.926,142.181,145.744,137.557,137.727
317.0,106.532,121.222,144.473,100.602,126.926,142.181,145.744,137.591,137.727
317.1,106.477,121.132,144.533,100.662,126.967,142.306,145.715,137.591,137.761
317.2,106.532,121.132,144.503,100.662,126.967,142.244,145.744,137.557,137.761
317.3,106.588,121.132,144.503,100.662,126.926,142.212,145.773,137.557,137.794
317.4,106.588,121.132,144.503,100.722,126.967,142.212,145.773,137.557,137.761
317.5,106.532,121.177,144.503,100.722,127.007,142.212,145.773,137.557,137.761
317.6,106.532,121.222,144.503,100.722,127.007,142.212,145.744,137.591,137.761
317.7,106.588,121.177,144.533,100.662,127.007,142.212,145.744,137.557,137.794
317.8,106.532,121.222,144.503,100.662,127.007,142.212,145.744,137.557,137.761
317.9,106.311,121.177,144.473,100.662,127.089,142.244,145.773,137.625,137.828
318.0,106.588,121.222,144.503,100.662,127.048,142.212,145.802,137.557,137.794
318.1,106.588,121.222,144.533,100.722,127.048,142.244,145.715,137.557,137.761
318.2,106.532,121.222,144.533,100.602,127.007,142.212,145.773,137.557,137.828
318.3,106.698,121.222,144.503,100.722,127.089,142.244,145.802,137.557,137.794
318.4,106.588,121.266,144.503,100.662,127.048,142.212,145.744,137.591,137.828
318.5,106.588,121.266,144.533,100.662,127.007,142.212,145.773,137.557,137.761
318.6,106.588,121.311,144.593,100.662,127.089,142.244,145.744,137.591,137.794
318.7,106.588,121.266,144.533,100.722,127.089,142.212,145.715,137.523,137.794
318.8,106.588,121.266,144.503,100.662,127.089,142.244,145.744,137.591,137.794
318.9,106.532,121.355,144.503,100.662,127.089,142.244,145.744,137.591,137.828
319.0,106.643,121.355,144.503,100.782,127.089,142.244,145.715,137.591,137.862
319.1,106.643,121.444,144.623,100.662,127.089,142.244,145.744,137.557,137.794
319.2,106.588,121.311,144.533,100.722,127.17,142.244,145.773,137.557,137.794
319.3,106.588,121.399,144.533,100.722,127.129,142.244,145.802,137.591,137.794
319.4,106.643,121.399,144.503,100.782,127.17,142.244,145.744,137.591,137.828
319.5,106.643,121.355,144.593,100.662,127.17,142.244,145.773,137.625,137.828
319.6,106.588,121.399,144.533,100.782,127.251,142.244,145.744,137.591,137.828
319.7,106.643,121.399,144.563,100.722,127.17,142.275,145.715,137.591,137.862
319.8,106.588,121.577,144.563,100.722,127.291,142.244,145.773,137.591,137.862
319.9,106.643,121.444,144.533,100.782,127.21,142.306,145.744,137.591,137.896
320.0,106.698,121.444,144.563,100.782,127.251,142.275,145.919,137.625,137.828
320.1,106.643,121.399,144.533,100.782,127.251,142.275,145.686,137.625,137.828
320.2,106.588,121.488,144.563,100.722,127.291,142.275,145.744,137.591,137.828
320.3,106.643,121.533,144.563,100.842,127.251,142.306,145.744,137.659,137.896
320.4,106.643,121.533,144.563,100.782,127.291,142.306,145.773,137.625,137.896
320.5,106.753,121.488,144.563,100.782,127.251,142.212,145.744,137.591,137.862
320.6,106.643,121.533,144.563,100.722,127.251,142.275,145.744,137.625,137.828
320.7,106.643,121.533,144.563,100.722,127.332,142.275,145.773,137.625,137.828
320.8,106.753,121.533,144.503,100.722,127.291,142.275,145.715,137.625,137.828
320.9,106.532,121.665,144.503,100.782,127.291,142.244,145.744,137.659,137.862
321.0,106.698,121.577,144.563,100.662,127.332,142.275,145.802,137.625,137.862
321.1,106.698,121.533,144.563,100.722,127.251,142.275,145.802,137.591,137.828
321.2,106.588,121.533,144.533,100.722,127.332,142.275,145.773,137.659,137.862
321.3,106.698,121.621,144.503,100.782,127.332,142.275,145.802,137.659,137.862
321.4,106.698,121.621,144.503,100.782,127.332,142.399,145.715,137.625,137.828
321.5,106.698,121.621,144.563,100.782,127.332,142.275,145.744,137.625,137.862
321.6,106.698,121.71,144.533,100.842,127.372,142.275,145.861,137.625,137.896
321.7,106.588,121.665,144.563,100.782,127.412,142.337,145.802,137.727,137.896
321.8,106.698,121.665,144.533,100.782,127.412,142.306,145.773,137.625,137.896
321.9,106.753,121.665,144.563,100.782,127.412,142.244,145.744,137.659,137.862
322.0,106.698,121.71,144.533,100.782,127.493,142.275,145.744,137.693,137.896
322.1,106.698,121.71,144.533,100.842,127.412,142.306,145.773,137.659,137.896
322.2,106.698,121.71,144.563,100.782,127.412,142.306,145.744,137.693,137.896
322.3,106.698,121.754,144.563,100.722,127.453,142.306,145.773,137.659,137.727
322.4,106.643,121.71,144.533,100.782,127.453,142.306,145.802,137.659,137.896
322.5,106.698,121.754,144.563,100.782,127.453,142.337,145.744,137.659,137.828
322.6,106.753,121.71,144.593,100.782,127.372,142.275,145.744,137.693,137.862
322.7,106.698,121.798,144.563,100.842,127.453,142.306,145.773,137.693,137.896
322.8,106.698,121.798,144.623,100.782,127.493,142.337,145.744,137.659,137.862
322.9,106.698,121.754,144.563,100.782,127.493,142.306,145.773,137.659,137.896
323.0,106.808,121.754,144.593,100.842,127.493,142.306,145.802,137.693,137.896
323.1,106.698,121.798,144.563,100.782,127.533,142.306,145.744,137.659,137.929
323.2,106.863,121.798,144.623,100.842,127.493,142.337,145.802,137.693,137.929
323.3,106.698,121.842,144.563,100.902,127.533,142.306,145.744,137.693,137.963
323.4,106.698,121.798,144.593,100.782,127.493,142.306,145.773,137.659,137.896
323.5,106.698,121.798,144.563,100.902,127.614,142.306,145.802,137.693,137.963
323.6,106.698,121.842,144.563,100.842,127.574,142.306,145.773,137.693,137.862
323.7,106.753,121.754,144.563,100.842,127.614,142.306,145.802,137.693,137.896
323.8,106.753,121.886,144.563,100.842,127.533,142.306,145.773,137.693,137.862
323.9,106.698,121.842,144.563,100.842,127.574,142.275,145.802,137.659,137.896
324.0,106.753,121.842,144.593,100.842,127.614,142.368,145.773,137.727,137.761
324.1,106.753,121.886,144.563,100.782,127.574,142.337,145.773,137.659,137.963
324.2,106.753,121.93,144.593,100.902,127.614,142.368,145.744,137.727,137.929
324.3,106.753,121.886,144.593,100.902,127.574,142.306,145.773,137.693,137.896
324.4,106.753,121.93,144.593,100.902,127.654,142.337,145.802,137.727,137.997
324.5,106.808,121.93,144.563,100.842,127.654,142.337,145.802,137.625,137.896
324.6,106.808,121.886,144.563,100.902,127.654,142.337,145.773,137.727,137.929
324.7,106.808,121.93,144.623,100.842,127.574,142.337,145.802,137.727,137.997
324.8,106.753,121.974,144.563,100.902,127.694,142.244,145.773,137.727,137.929
324.9,106.808,121.886,144.563,100.842,127.654,142.399,145.832,137.727,137.929
325.0,106.808,121.974,144.563,100.902,127.614,142.306,145.773,137.761,137.828
325.1,106.753,122.018,144.593,100.902,127.654,142.306,145.802,137.761,137.929
325.2,106.753,122.018,144.623,100.782,127.694,142.306,145.802,137.693,137.929
325.3,106.808,121.974,144.593,100.842,127.734,142.306,145.744,137.693,137.963
325.4,106.753,122.018,144.682,100.902,127.654,142.306,145.773,137.693,137.963
325.5,106.808,122.062,144.593,100.782,127.694,142.337,145.802,137.693,137.963
325.6,106.808,122.062,144.652,100.842,127.694,142.337,145.802,137.761,137.929
325.7,106.753,122.106,144.563,100.961,127.734,142.337,145.773,137.761,137.963
325.8,106.808,122.062,144.593,100.902,127.734,142.306,145.832,137.761,137.963
325.9,106.808,122.106,144.623,100.902,127.734,142.368,145.773,137.761,137.929
326.0,106.753,122.106,144.593,100.961,127.775,142.306,145.773,137.727,137.929
326.1,106.863,122.062,144.593,100.902,127.734,142.368,145.802,137.727,137.963
326.2,106.863,122.15,144.563,100.902,127.815,142.368,145.802,137.727,137.963
326.3,106.808,122.106,144.623,100.902,127.855,142.337,145.773,137.761,137.963
326.4,106.808,122.106,144.652,100.902,127.775,142.337,145.773,137.727,137.963
326.5,106.863,122.106,144.593,100.902,127.815,142.337,145.832,137.727,137.963
326.6,106.808,122.106,144.533,100.842,127.775,142.337,145.802,137.727,137.929
326.7,106.808,122.15,144.563,100.961,127.895,142.399,145.773,137.761,137.963
326.8,106.863,122.194,144.623,100.902,127.815,142.337,145.773,137.727,137.997
326.9,106.753,122.194,144.593,100.902,127.895,142.368,145.773,137.761,137.963
327.0,106.918,122.194,144.563,100.902,127.855,142.337,145.802,137.727,137.929
327.1,106.863,122.282,144.652,100.961,127.775,142.337,145.773,137.794,137.997
327.2,106.863,122.194,144.593,100.961,127.855,142.368,145.773,137.761,137.963
327.3,106.808,122.238,144.623,100.961,127.935,142.368,145.773,137.761,138.031
327.4,106.863,122.194,144.623,100.961,127.895,142.337,145.802,137.761,137.963
327.5,106.863,122.282,144.623,100.961,127.855,142.337,145.802,137.761,137.997
327.6,106.863,122.282,144.593,100.961,127.895,142.368,145.773,137.794,138.031
327.7,106.863,122.238,144.593,100.961,127.855,142.368,145.773,137.794,137.963
327.8,106.808,122.282,144.623,100.961,127.895,142.337,145.832,137.794,137.963
327.9,106.918,122.326,144.593,100.961,127.975,142.399,145.832,137.794,137.997
328.0,106.808,122.326,144.593,100.961,127.975,142.43,145.802,137.862,137.963
328.1,106.863,122.194,144.623,100.961,128.015,142.399,145.773,137.761,137.997
328.2,106.863,122.282,144.563,101.021,127.935,142.337,145.802,137.761,137.963
328.3,106.863,122.369,144.533,100.961,127.975,142.368,145.802,137.862,138.098
328.4,106.918,122.326,144.623,100.961,127.935,142.368,145.802,137.794,137.963
328.5,106.918,122.282,144.593,100.961,127.975,142.368,145.861,137.794,137.963
328.6,106.863,122.369,144.623,101.021,127.975,142.368,145.802,137.828,138.098
328.7,106.918,122.326,144.623,100.961,127.935,142.368,145.802,137.828,137.997
328.8,106.863,122.5,144.623,101.021,127.935,142.399,145.832,137.828,137.963
328.9,106.808,122.282,144.593,101.08,127.935,142.368,145.802,137.794,138.098
329.0,106.918,122.369,144.593,101.021,127.975,142.399,145.773,137.761,137.997
329.1,106.863,122.369,144.593,101.021,127.975,142.43,145.861,137.794,137.997
329.2,106.918,122.413,144.623,100.961,128.015,142.524,145.802,137.794,137.997
329.3,106.863,122.413,144.623,100.961,128.015,142.368,145.802,137.794,137.997
329.4,106.863,122.369,144.593,101.021,128.015,142.368,145.744,137.794,137.896
329.5,106.973,122.369,144.623,100.961,128.015,142.462,145.802,137.794,138.031
329.6,106.918,122.413,144.682,100.961,128.055,142.368,145.773,137.761,138.031
329.7,106.918,122.413,144.623,100.961,128.055,142.399,145.832,137.794,137.997
329.8,106.918,122.413,144.593,101.021,128.055,142.368,145.773,137.828,138.031
329.9,106.918,122.457,144.623,101.08,128.055,142.368,145.832,137.761,137.963
330.0,106.973,122.5,144.623,101.021,128.055,142.43,145.832,137.761,138.064
330.1,106.918,122.457,144.623,101.021,128.055,142.399,145.773,137.794,138.064
330.2,106.918,122.457,144.623,100.961,128.055,142.43,145.832,137.794,138.031
330.3,106.918,122.457,144.593,101.021,128.015,142.368,145.802,137.794,137.997
330.4,106.918,122.544,144.652,101.08,128.135,142.368,145.802,137.828,138.031
330.5,106.918,122.457,144.623,101.021,128.055,142.368,145.802,137.862,138.031
330.6,106.918,122.5,144.623,100.961,128.055,142.399,145.802,137.794,138.165
330.7,106.918,122.457,144.623,100.902,128.095,142.399,145.802,137.828,138.031
330.8,106.973,122.5,144.652,101.14,128.055,142.399,145.773,137.794,138.064
330.9,106.918,122.5,144.652,101.14,128.135,142.368,145.832,137.794,138.031
331.0,106.918,122.544,144.623,100.961,128.095,142.399,145.832,137.828,138.031
331.1,106.918,122.5,144.623,101.021,128.135,142.399,145.861,137.794,138.031
331.2,106.918,122.544,144.593,101.14,128.135,142.368,145.802,137.828,138.064
331.3,106.918,122.544,144.652,101.021,128.095,142.399,145.832,137.794,138.031
331.4,106.973,122.588,144.742,101.08,128.135,142.399,145.832,137.862,138.031
331.5,107.028,122.544,144.563,101.08,128.135,142.368,145.832,137.794,138.064
331.6,106.973,122.544,144.593,101.021,128.135,142.399,145.861,137.862,138.031
331.7,106.973,122.631,144.623,101.021,128.175,142.399,145.802,137.828,138.064
331.8,106.918,122.631,144.623,101.08,128.214,142.368,145.802,137.828,137.997
331.9,106.918,122.631,144.623,101.08,128.254,142.399,145.832,137.828,138.064
332.0,106.973,122.588,144.652,101.021,128.214,142.399,145.919,137.828,138.064
332.1,106.918,122.631,144.652,101.08,128.175,142.399,145.832,137.828,138.064
332.2,106.918,122.631,144.623,101.021,128.214,142.43,145.948,137.896,138.098
332.3,106.973,122.631,144.652,101.021,128.214,142.43,145.802,137.862,138.098
332.4,106.973,122.718,144.623,101.08,128.334,142.43,145.832,137.828,138.064
332.5,106.918,122.675,144.593,101.021,128.254,142.43,145.802,137.794,138.064
332.6,106.973,122.675,144.652,101.08,128.214,142.43,145.832,137.828,138.098
332.7,106.973,122.718,144.652,101.2,128.254,142.462,145.802,137.862,138.098
332.8,106.973,122.718,144.623,101.021,128.334,142.43,145.802,137.896,138.098
332.9,107.083,122.718,144.623,101.08,128.254,142.399,145.802,137.862,138.064
333.0,106.973,122.718,144.623,101.08,128.214,142.399,145.802,137.862,138.098
333.1,106.973,122.718,144.652,101.08,128.294,142.368,145.832,137.862,138.098
333.2,106.973,122.718,144.593,101.08,128.334,142.43,145.919,137.862,138.098
333.3,107.028,122.718,144.682,101.08,128.294,142.462,145.832,137.862,138.031
333.4,107.028,122.762,144.623,101.08,128.294,142.462,145.802,137.896,138.098
333.5,106.973,122.805,144.652,101.14,128.334,142.43,145.744,137.896,138.064
333.6,107.028,122.762,144.623,101.08,128.294,142.43,145.89,137.862,138.098
333.7,107.028,122.718,144.623,101.021,128.294,142.43,145.802,137.862,138.064
333.8,106.973,122.805,144.623,101.08,128.334,142.43,145.861,137.896,138.132
333.9,106.973,122.762,144.652,101.2,128.254,142.43,145.861,137.862,138.132
334.0,106.973,122.892,144.623,101.2,128.334,142.462,145.861,137.828,138.064
334.1,106.863,122.805,144.652,101.14,128.374,142.43,145.832,137.896,138.064
334.2,107.028,122.805,144.623,101.08,128.374,142.43,145.832,137.862,138.098
334.3,107.028,122.849,144.623,101.14,128.374,142.462,145.802,137.896,138.132
334.4,106.973,122.805,144.623,101.14,128.374,142.462,145.832,137.896,138.098
334.5,107.028,122.762,144.652,101.14,128.413,142.399,145.832,137.896,138.165
334.6,107.028,122.805,144.652,101.14,128.374,142.43,145.832,137.862,138.098
334.7,107.028,122.849,144.623,101.14,128.413,142.43,145.832,137.896,138.098
334.8,107.028,122.892,144.623,101.021,128.413,142.524,145.919,137.896,138.098
334.9,106.973,122.936,144.652,101.14,128.413,142.462,145.802,137.862,138.098
335.0,107.083,122.892,144.652,101.14,128.453,142.462,145.832,137.862,138.132
335.1,106.973,122.892,144.682,101.14,128.453,142.43,145.89,137.896,138.132
335.2,107.028,122.892,144.652,101.08,128.453,142.43,145.832,137.896,138.132
335.3,107.028,122.979,144.652,101.14,128.453,142.43,145.861,137.963,138.132
335.4,106.973,122.979,144.712,101.08,128.493,142.493,145.802,137.929,138.098
335.5,107.028,122.936,144.682,101.14,128.453,142.462,145.832,137.896,138.132
335.6,107.083,122.979,144.682,101.14,128.453,142.524,145.832,137.896,138.098
335.7,107.083,122.979,144.623,101.2,128.453,142.462,145.832,137.896,138.199
335.8,107.028,122.979,144.682,101.08,128.493,142.493,145.861,137.929,138.132
335.9,107.083,123.109,144.623,101.2,128.453,142.43,145.715,137.963,138.165
336.0,107.028,122.979,144.652,101.14,128.532,142.43,145.832,137.929,138.098
336.1,107.083,123.066,144.652,101.14,128.532,142.462,145.832,137.896,138.132
336.2,107.083,123.066,144.623,101.2,128.572,142.462,145.832,137.963,138.132
336.3,107.083,123.022,144.682,101.021,128.651,142.462,145.861,137.862,138.165
336.4,107.138,123.022,144.682,101.2,128.572,142.462,145.802,137.929,138.132
336.5,107.083,123.066,144.652,101.2,128.572,142.43,145.802,137.929,138.199
336.6,107.083,123.109,144.652,101.259,128.651,142.462,145.861,137.929,138.165
336.7,107.083,123.152,144.682,101.2,128.651,142.493,145.861,137.929,138.199
336.8,107.083,123.066,144.712,101.259,128.572,142.462,145.861,137.963,138.232
336.9,107.083,123.152,144.652,101.2,128.572,142.462,145.89,137.963,138.132
337.0,107.083,123.109,144.682,101.2,128.612,142.493,145.861,137.929,138.165
337.1,107.083,123.152,144.652,101.2,128.612,142.43,145.832,137.929,138.199
337.2,107.083,123.152,144.682,101.14,128.612,142.462,145.861,137.929,138.132
337.3,107.083,123.152,144.652,101.259,128.612,142.493,145.832,137.963,138.132
337.4,107.247,123.152,144.712,101.2,128.612,142.524,145.861,137.963,138.165
337.5,107.138,123.195,144.682,101.259,128.612,142.462,145.861,137.963,138.165
337.6,107.193,123.195,144.682,101.2,128.691,142.462,145.861,137.963,138.199
337.7,107.083,123.195,144.682,101.259,128.612,142.524,145.832,137.997,138.199
337.8,107.083,123.238,144.682,101.259,128.691,142.524,145.832,137.929,138.199
337.9,107.193,123.238,144.712,101.259,128.73,142.493,145.861,137.963,138.232
338.0,107.083,123.152,144.652,101.2,128.691,142.524,145.832,137.963,138.165
338.1,107.193,123.238,144.682,101.14,128.691,142.493,145.832,137.963,138.199
338.2,107.138,123.238,144.682,101.14,128.73,142.493,145.861,137.963,138.199
338.3,107.193,123.325,144.712,101.14,128.77,142.555,145.861,137.997,138.232
338.4,107.083,123.325,144.682,101.378,128.77,142.493,145.832,137.963,138.199
338.5,107.138,123.325,144.652,101.2,128.77,142.493,145.832,137.963,138.232
338.6,107.083,123.282,144.682,101.259,128.77,142.524,145.861,137.963,138.232
338.7,107.138,123.325,144.682,101.259,128.77,142.524,145.832,137.997,138.165
338.8,107.138,123.368,144.652,101.259,128.809,142.493,145.861,137.997,138.232
338.9,107.193,123.368,144.652,101.259,128.73,142.493,145.773,137.963,138.165
339.0,107.138,123.368,144.682,101.259,128.77,142.524,145.861,137.963,138.199
339.1,107.138,123.368,144.682,101.259,128.809,142.524,145.861,137.963,138.232
339.2,107.193,123.368,144.623,101.2,128.809,142.555,145.861,137.997,138.266
339.3,107.138,123.368,144.652,101.259,128.809,142.555,145.861,137.997,138.232
339.4,107.138,123.454,144.712,101.259,128.888,142.555,145.832,138.031,138.232
339.5,107.138,123.411,144.712,101.259,128.809,142.524,145.861,137.997,138.199
339.6,107.138,123.411,144.742,101.259,128.849,142.524,145.861,138.031,138.165
339.7,107.193,123.411,144.652,101.378,128.849,142.524,145.861,137.963,138.232
339.8,107.193,123.411,144.682,101.259,128.849,142.524,145.861,137.997,138.199
339.9,107.193,123.454,144.712,101.259,128.888,142.493,145.861,138.064,138.232
340.0,107.138,123.454,144.682,101.259,128.888,142.524,145.861,138.031,138.199
340.1,107.193,123.497,144.742,101.318,128.888,142.555,145.861,137.997,138.333
340.2,107.193,123.54,144.712,101.259,128.888,142.524,145.773,137.963,138.232
340.3,107.138,123.411,144.682,101.318,128.888,142.555,145.919,138.064,138.199
340.4,107.138,123.497,144.682,101.318,128.888,142.524,145.89,138.031,138.232
340.5,107.193,123.454,144.712,101.318,128.888,142.524,145.832,138.064,138.199
340.6,107.193,123.626,144.682,101.259,128.888,142.493,145.861,137.997,138.266
340.7,107.138,123.497,144.652,101.259,128.888,142.617,145.861,138.031,138.299
340.8,107.193,123.454,144.742,101.318,128.967,142.524,145.861,138.031,138.199
340.9,107.193,123.497,144.652,101.437,128.927,142.555,145.89,138.031,138.232
341.0,107.193,123.497,144.682,101.378,128.927,142.524,145.89,137.997,138.232
341.1,107.193,123.454,144.742,101.318,129.124,142.524,145.919,138.031,138.232
341.2,107.193,123.54,144.712,101.259,128.967,142.648,145.861,138.031,138.232
341.3,107.193,123.54,144.742,101.259,128.967,142.524,145.861,137.963,138.232
341.4,107.138,123.54,144.682,101.318,128.927,142.524,145.832,138.031,138.232
341.5,107.193,123.583,144.682,101.259,129.006,142.493,145.89,138.031,138.266
341.6,107.193,123.54,144.712,101.318,128.927,142.524,145.861,137.997,138.266
341.7,107.193,123.583,144.682,101.318,128.967,142.555,145.832,138.064,138.232
341.8,107.247,123.54,144.742,101.318,129.006,142.524,145.948,137.997,138.232
341.9,107.193,123.583,144.682,101.378,128.967,142.555,145.861,137.997,138.232
342.0,107.193,123.626,144.772,101.318,129.006,142.555,145.861,138.031,138.266
342.1,107.193,123.583,144.682,101.318,129.006,142.524,145.861,138.031,138.232
342.2,107.247,123.669,144.712,101.318,129.006,142.617,145.861,138.064,138.266
342.3,107.247,123.711,144.682,101.378,129.006,142.524,145.861,138.031,138.232
342.4,107.193,123.669,144.712,101.378,129.085,142.524,145.861,138.064,138.299
342.5,107.302,123.669,144.712,101.378,129.085,142.493,145.89,138.031,138.299
342.6,107.193,123.626,144.742,101.378,129.124,142.555,145.89,138.064,138.232
342.7,107.357,123.626,144.682,101.437,129.085,142.524,145.832,138.064,138.232
342.8,107.247,123.669,144.682,101.318,129.163,142.555,145.919,138.064,138.266
342.9,107.247,123.669,144.563,101.378,129.045,142.555,145.89,138.031,138.232
343.0,107.247,123.754,144.712,101.318,129.085,142.555,145.861,138.098,138.232
343.1,107.193,123.669,144.712,101.318,129.124,142.555,145.861,138.031,138.266
343.2,107.247,123.754,144.712,101.378,129.085,142.555,145.861,138.064,138.299
343.3,107.302,123.669,144.742,101.378,129.045,142.555,145.861,138.031,138.333
343.4,107.247,123.711,144.712,101.318,129.085,142.586,145.861,138.031,138.333
343.5,107.302,123.754,144.742,101.318,129.085,142.586,145.861,138.031,138.266
343.6,107.247,123.711,144.742,101.318,129.085,142.524,145.89,138.064,138.266
343.7,107.193,123.754,144.742,101.318,129.124,142.555,145.861,138.064,138.266
343.8,107.302,123.797,144.742,101.437,129.241,142.555,145.948,138.064,138.299
343.9,107.302,123.797,144.712,101.378,129.163,142.493,145.89,138.064,138.299
344.0,107.302,123.797,144.712,101.378,129.163,142.555,145.861,138.098,138.266
344.1,107.302,123.754,144.712,101.318,129.202,142.555,145.89,138.064,138.299
344.2,107.247,123.754,144.712,101.318,129.202,142.555,145.89,138.098,138.299
344.3,107.247,123.84,144.712,101.437,129.163,142.555,145.861,138.098,138.266
344.4,107.247,123.84,144.682,101.437,129.202,142.617,145.919,138.031,138.299
344.5,107.302,123.84,144.652,101.378,129.163,142.555,145.919,138.064,138.366
344.6,107.247,123.797,144.742,101.378,129.241,142.617,145.89,138.132,138.333
344.7,107.193,123.883,144.712,101.437,129.163,142.555,145.919,138.064,138.299
344.8,107.302,123.883,144.682,101.378,129.241,142.555,145.89,138.098,138.299
344.9,107.302,123.883,144.712,101.318,129.241,142.524,145.919,138.031,138.299
345.0,107.302,123.84,144.712,101.378,129.281,142.617,145.89,138.064,138.266
345.1,107.193,123.925,144.712,101.496,129.241,142.586,145.919,138.098,138.299
345.2,107.247,123.925,144.742,101.437,129.281,142.586,145.861,138.031,138.299
345.3,107.193,123.925,144.742,101.437,129.281,142.555,145.919,138.098,138.266
345.4,107.302,123.883,144.712,101.378,129.281,142.586,145.948,138.132,138.299
345.5,107.302,123.925,144.712,101.437,129.281,142.493,145.861,138.098,138.299
345.6,107.357,123.925,144.712,101.496,129.281,142.586,145.89,138.098,138.333
345.7,107.302,123.925,144.742,101.496,129.281,142.555,145.89,138.132,138.333
345.8,107.302,124.011,144.742,101.437,129.281,142.586,145.948,138.064,138.299
345.9,107.357,123.925,144.652,101.556,129.281,142.617,145.861,138.064,138.299
346.0,107.302,123.968,144.742,101.318,129.32,142.555,145.802,138.098,138.299
346.1,107.302,123.968,144.772,101.437,129.241,142.586,145.89,138.098,138.299
346.2,107.302,124.096,144.742,101.437,129.398,142.586,145.861,138.132,138.366
346.3,107.357,123.968,144.772,101.437,129.32,142.617,145.89,138.098,138.333
346.4,107.411,124.053,144.742,101.318,129.281,142.586,145.89,138.098,138.366
346.5,107.357,124.096,144.712,101.437,129.398,142.586,145.948,138.132,138.366
346.6,107.521,123.968,144.772,101.437,129.359,142.586,145.89,138.165,138.299
346.7,107.357,123.968,144.742,101.378,129.359,142.586,145.89,138.064,138.366
346.8,107.357,123.968,144.712,101.378,129.359,142.586,145.89,138.098,138.333
346.9,107.411,124.053,144.742,101.378,129.359,142.586,145.919,138.098,138.366
347.0,107.357,124.053,144.772,101.437,129.359,142.586,145.919,138.064,138.333
347.1,107.302,124.011,144.742,101.437,129.359,142.617,145.919,138.098,138.266
347.2,107.411,124.096,144.742,101.437,129.398,142.617,145.89,138.132,138.333
347.3,107.357,124.096,144.742,101.437,129.359,142.586,145.861,138.132,138.333
347.4,107.302,124.053,144.742,101.496,129.398,142.586,145.89,138.098,138.333
347.5,107.357,124.138,144.742,101.378,129.359,142.555,145.919,138.098,138.366
347.6,107.357,124.138,144.712,101.496,129.476,142.586,145.861,138.132,138.4
347.7,107.357,124.096,144.742,101.437,129.437,142.524,145.89,138.199,138.4
347.8,107.357,124.138,144.742,101.437,129.398,142.586,145.919,138.165,138.299
347.9,107.411,124.138,144.801,101.437,129.398,142.617,145.861,138.132,138.4
348.0,107.411,124.138,144.712,101.496,129.476,142.617,145.861,138.132,138.4
348.1,107.411,124.053,144.772,101.496,129.437,142.586,145.919,138.098,138.4
348.2,107.411,124.138,144.861,101.496,129.476,142.617,145.89,138.132,138.366
348.3,107.302,124.138,144.772,101.496,129.476,142.586,145.89,138.098,138.433
348.4,107.411,124.181,144.712,101.496,129.398,142.555,145.948,138.165,138.366
348.5,107.411,124.138,144.772,101.496,129.476,142.617,145.919,138.132,138.366
348.6,107.357,124.181,144.742,101.496,129.476,142.617,145.89,138.098,138.333
348.7,107.357,124.223,144.712,101.496,129.476,142.586,145.948,138.132,138.433
348.8,107.357,124.181,144.831,101.496,129.476,142.648,145.89,138.165,138.366
348.9,107.411,124.223,144.742,101.496,129.554,142.617,145.919,138.098,138.4
349.0,107.411,124.181,144.742,101.496,129.515,142.617,145.977,138.165,138.366
349.1,107.357,124.181,144.772,101.437,129.593,142.617,145.948,138.132,138.366
349.2,107.357,124.181,144.772,101.437,129.515,142.586,145.919,138.132,138.366
349.3,107.411,124.181,144.801,101.556,129.593,142.617,145.919,138.165,138.4
349.4,107.357,124.266,144.801,101.496,129.554,142.617,145.89,138.165,138.4
349.5,107.411,124.308,144.712,101.556,129.515,142.617,145.89,138.165,138.4
349.6,107.357,124.266,144.742,101.496,129.554,142.617,145.861,138.165,138.366
349.7,107.411,124.223,144.772,101.496,129.554,142.617,145.861,138.132,138.4
349.8,107.411,124.308,144.801,101.496,129.515,142.586,145.919,138.132,138.4
349.9,107.411,124.266,144.772,101.496,129.554,142.617,145.919,138.165,138.4
350.0,107.357,124.351,144.772,101.437,129.554,142.648,145.89,138.165,138.4
350.1,107.411,124.351,144.742,101.496,129.671,142.617,145.89,138.165,138.4
350.2,107.357,124.308,144.742,101.556,129.554,142.617,145.89,138.165,138.333
350.3,107.411,124.308,144.772,101.437,129.554,142.679,145.919,138.232,138.4
350.4,107.466,124.308,144.772,101.556,129.632,142.617,145.89,138.199,138.4
350.5,107.247,124.351,144.772,101.496,129.671,142.648,145.919,138.132,138.433
350.6,107.411,124.351,144.742,101.556,129.554,142.617,145.89,138.199,138.433
350.7,107.411,124.308,144.742,101.378,129.593,142.586,145.919,138.165,138.4
350.8,107.466,124.351,144.772,101.556,129.671,142.679,145.919,138.165,138.366
350.9,107.466,124.393,144.772,101.556,129.632,142.617,145.948,138.165,138.433
351.0,107.466,124.308,144.772,101.556,129.554,142.648,145.89,138.199,138.433
351.1,107.411,124.436,144.742,101.556,129.632,142.648,145.919,138.199,138.467
351.2,107.466,124.436,144.742,101.556,129.671,142.617,145.89,138.132,138.433
351.3,107.411,124.351,144.772,101.556,129.671,142.617,145.89,138.199,138.467
351.4,107.411,124.393,144.801,101.556,129.71,142.679,145.948,138.165,138.433
351.5,107.411,124.436,144.742,101.556,129.671,142.679,145.919,138.199,138.4
351.6,107.466,124.436,144.801,101.496,129.749,142.617,145.89,138.165,138.4
351.7,107.466,124.478,144.772,101.556,129.749,142.648,145.919,138.199,138.433
351.8,107.411,124.478,144.742,101.556,129.671,142.679,145.948,138.165,138.4
351.9,107.466,124.436,144.772,101.556,129.787,142.648,145.89,138.232,138.4
352.0,107.521,124.478,144.801,101.556,129.671,142.648,145.977,138.199,138.467
352.1,107.466,124.436,144.772,101.556,129.71,142.617,145.948,138.232,138.467
352.2,107.466,124.478,144.772,101.615,129.749,142.617,145.919,138.232,138.433
352.3,107.466,124.436,144.742,101.556,129.749,142.679,145.919,138.199,138.433
352.4,107.466,124.436,144.772,101.615,129.749,142.709,145.948,138.199,138.4
352.5,107.466,124.562,144.772,101.615,129.71,142.648,145.977,138.232,138.433
352.6,107.411,124.52,144.742,101.556,129.71,142.648,145.977,138.232,138.433
352.7,107.466,124.478,144.831,101.556,129.749,142.648,145.919,138.232,138.4
352.8,107.466,124.647,144.742,101.556,129.749,142.709,145.919,138.199,138.433
352.9,107.466,124.478,144.742,101.556,129.787,142.709,145.919,138.232,138.5
353.0,107.466,124.562,144.801,101.615,129.787,142.709,145.89,138.199,138.433
353.1,107.521,124.562,144.742,101.615,129.749,142.648,145.948,138.199,138.433
353.2,107.466,124.52,144.801,101.674,129.749,142.648,145.919,138.199,138.433
353.3,107.466,124.562,144.801,101.556,129.787,142.648,145.948,138.232,138.433
353.4,107.575,124.52,144.801,101.615,129.826,142.679,145.89,138.165,138.433
353.5,107.466,124.562,144.801,101.674,129.826,142.648,145.861,138.232,138.433
353.6,107.466,124.605,144.831,101.556,129.787,142.679,145.948,138.165,138.467
353.7,107.521,124.605,144.831,101.556,129.749,142.648,145.89,138.199,138.467
353.8,107.466,124.605,144.772,101.615,129.865,142.648,145.89,138.232,138.433
353.9,107.521,124.605,144.772,101.615,129.826,142.679,145.948,138.232,138.433
354.0,107.466,124.605,144.772,101.615,129.826,142.617,145.919,138.232,138.467
354.1,107.466,124.647,144.772,101.615,129.865,142.679,145.948,138.165,138.433
354.2,107.521,124.689,144.772,101.615,129.865,142.679,145.919,138.232,138.5
354.3,107.575,124.647,144.742,101.615,129.904,142.586,145.919,138.266,138.5
354.4,107.521,124.647,144.742,101.556,129.865,142.679,145.948,138.199,138.5
354.5,107.521,124.689,144.801,101.615,129.865,142.709,145.919,138.199,138.533
354.6,107.521,124.647,144.772,101.674,129.865,142.648,145.919,138.232,138.4
354.7,107.575,124.689,144.772,101.615,129.942,142.709,145.919,138.266,138.467
354.8,107.521,124.731,144.772,101.615,129.942,142.648,145.919,138.199,138.5
354.9,107.521,124.689,144.623,101.615,129.865,142.679,145.89,138.232,138.5
355.0,107.63,124.689,144.801,101.615,129.942,142.679,145.919,138.266,138.5
355.1,107.521,124.731,144.772,101.615,129.904,142.648,145.977,138.299,138.5
355.2,107.521,124.773,144.801,101.615,129.904,142.679,145.919,138.232,138.467
355.3,107.575,124.731,144.861,101.615,129.942,142.709,145.89,138.232,138.533
355.4,107.521,124.773,144.772,101.733,129.865,142.679,145.948,138.232,138.533
355.5,107.466,124.731,144.772,101.733,129.942,142.679,145.919,138.165,138.467
355.6,107.466,124.773,144.801,101.674,130.02,142.679,145.919,138.232,138.5
355.7,107.521,124.689,144.772,101.674,129.942,142.679,145.919,138.299,138.5
355.8,107.575,124.773,144.712,101.733,129.942,142.648,145.919,138.266,138.467
355.9,107.575,124.816,144.861,101.674,129.942,142.679,145.919,138.266,138.5
356.0,107.575,124.731,144.801,101.674,129.981,142.679,145.919,138.266,138.533
356.1,107.575,124.773,144.801,101.615,129.981,142.679,145.89,138.266,138.5
356.2,107.521,124.773,144.861,101.733,129.981,142.679,145.919,138.232,138.5
356.3,107.63,124.816,144.801,101.674,129.981,142.648,145.919,138.232,138.5
356.4,107.521,124.858,144.682,101.674,129.981,142.709,145.861,138.232,138.5
356.5,107.575,124.858,144.831,101.674,130.02,142.648,145.919,138.266,138.433
356.6,107.63,124.816,144.831,101.615,129.981,142.679,145.89,138.266,138.5
356.7,107.521,124.9,144.801,101.615,130.02,142.679,145.948,138.266,138.533
356.8,107.575,124.858,144.801,101.674,130.02,142.679,145.832,138.299,138.5
356.9,107.521,124.816,144.801,101.674,130.02,142.648,145.977,138.232,138.5
357.0,107.575,124.9,144.801,101.733,130.058,142.617,145.948,138.299,138.5
357.1,107.521,124.9,144.801,101.615,130.058,142.679,145.948,138.266,138.5
357.2,107.466,124.9,144.801,101.674,130.058,142.679,145.919,138.266,138.5
357.3,107.575,124.9,144.801,101.674,130.058,142.709,145.948,138.266,138.5
357.4,107.575,124.858,144.801,101.733,130.058,142.679,145.977,138.266,138.5
357.5,107.575,124.9,144.801,101.733,130.097,142.709,145.919,138.366,138.533
357.6,107.63,124.942,144.801,101.733,130.097,142.679,145.948,138.299,138.533
357.7,107.63,124.858,144.801,101.615,130.058,142.679,145.919,138.232,138.567
357.8,107.521,124.9,144.861,101.674,130.058,142.709,145.919,138.266,138.5
357.9,107.575,124.9,144.801,101.674,130.136,142.709,145.919,138.299,138.5
358.0,107.575,124.942,144.831,101.733,130.097,142.648,145.919,138.333,138.567
358.1,107.63,124.942,144.801,101.792,130.136,142.709,145.948,138.299,138.467
358.2,107.575,124.9,144.801,101.733,130.136,142.709,145.977,138.266,138.5
358.3,107.63,124.9,144.831,101.674,130.097,142.709,145.948,138.266,138.533
358.4,107.521,124.942,144.801,101.851,130.097,142.709,145.948,138.299,138.5
358.5,107.575,124.984,144.801,101.674,130.136,142.709,145.977,138.299,138.533
358.6,107.63,124.984,144.831,101.733,130.097,142.709,145.948,138.299,138.533
358.7,107.63,124.984,144.801,101.792,129.981,142.709,145.919,138.299,138.5
358.8,107.575,125.11,144.801,101.733,130.136,142.74,145.977,138.299,138.533
358.9,107.575,124.984,144.831,101.733,130.174,142.709,145.977,138.299,138.533
359.0,107.684,125.11,144.801,101.792,130.136,142.679,145.977,138.333,138.567
359.1,107.575,125.026,144.831,101.674,130.097,142.709,145.919,138.333,138.6
359.2,107.63,125.11,144.801,101.674,130.097,142.709,145.832,138.299,138.6
359.3,107.63,125.026,144.831,101.792,130.174,142.74,145.948,138.299,138.567
359.4,107.63,125.11,144.772,101.733,130.213,142.709,145.977,138.266,138.533
359.5,107.575,125.026,144.801,101.733,130.213,142.709,145.948,138.266,138.567
359.6,107.63,125.11,144.831,101.733,130.213,142.709,145.948,138.333,138.567
359.7,107.684,125.11,144.831,101.733,130.174,142.709,145.919,138.333,138.533
359.8,107.63,125.11,144.772,101.733,130.213,142.679,145.948,138.299,138.533
359.9,107.684,125.026,144.772,101.733,130.29,142.709,145.919,138.299,138.6
360.0,107.521,125.11,144.801,101.733,130.251,142.709,145.948,138.299,138.6
360.1,107.63,125.151,144.772,101.792,130.213,142.709,145.948,138.299,138.567
360.2,107.63,125.151,144.831,101.733,130.251,142.709,145.89,138.333,138.533
360.3,107.63,125.193,144.801,101.851,130.251,142.74,146.006,138.299,138.567
360.4,107.684,125.11,144.801,101.792,130.251,142.74,145.948,138.366,138.567
360.5,107.63,125.193,144.801,101.733,130.29,142.74,145.919,138.299,138.567
360.6,107.684,125.151,144.801,101.792,130.251,142.74,146.006,138.366,138.533
360.7,107.738,125.151,144.801,101.733,130.328,142.709,145.832,138.299,138.533
360.8,107.684,125.193,144.831,101.792,130.29,142.74,146.006,138.333,138.6
360.9,107.63,125.193,144.92,101.733,130.29,142.709,145.919,138.333,138.567
361.0,107.684,125.068,144.831,101.733,130.29,142.74,145.948,138.366,138.633
361.1,107.63,125.193,144.89,101.792,130.328,142.74,145.919,138.366,138.567
361.2,107.63,125.193,144.801,101.615,130.328,142.709,145.948,138.333,138.567
361.3,107.684,125.193,144.801,101.792,130.29,142.74,145.977,138.299,138.6
361.4,107.684,125.235,144.831,101.792,130.29,142.74,145.977,138.299,138.633
361.5,107.684,125.235,144.801,101.792,130.367,142.709,145.919,138.333,138.567
361.6,107.738,125.277,144.801,101.792,130.367,142.74,145.948,138.333,138.6
361.7,107.63,125.277,144.801,101.851,130.444,142.74,145.832,138.366,138.633
361.8,107.684,125.235,144.831,101.733,130.367,142.74,145.977,138.4,138.6
361.9,107.684,125.319,144.831,101.733,130.367,142.74,145.919,138.366,138.633
362.0,107.684,125.235,144.831,101.733,130.328,142.771,145.948,138.333,138.633
362.1,107.63,125.277,144.831,101.792,130.367,142.74,145.977,138.366,138.567
362.2,107.738,125.277,144.861,101.792,130.367,142.74,145.948,138.366,138.6
362.3,107.847,125.193,144.801,101.733,130.367,142.709,145.948,138.333,138.567
362.4,107.684,125.277,144.801,101.792,130.405,142.74,145.919,138.333,138.567
362.5,107.63,125.319,144.861,101.792,130.367,142.771,145.948,138.366,138.6
362.6,107.738,125.151,144.801,101.733,130.367,142.802,145.919,138.333,138.6
362.7,107.738,125.277,144.831,101.792,130.405,142.709,145.977,138.366,138.633
362.8,107.793,125.36,144.831,101.851,130.405,142.679,145.948,138.4,138.567
362.9,107.684,125.36,144.92,101.851,130.405,142.771,145.948,138.366,138.6
363.0,107.738,125.319,144.801,101.792,130.367,142.74,145.948,138.366,138.6
363.1,107.738,125.36,144.89,101.851,130.405,142.771,145.948,138.299,138.6
363.2,107.684,125.36,144.801,101.733,130.367,142.74,145.948,138.366,138.567
363.3,107.684,125.319,144.861,101.91,130.367,142.74,145.948,138.366,138.633
363.4,107.684,125.444,144.831,101.851,130.405,142.74,145.977,138.4,138.633
363.5,107.684,125.36,144.831,101.851,130.405,142.74,145.948,138.366,138.633
363.6,107.738,125.402,144.831,101.851,130.444,142.74,146.006,138.333,138.6
363.7,107.63,125.319,144.831,101.851,130.444,142.709,145.948,138.467,138.633
363.8,107.684,125.36,144.831,101.851,130.444,142.74,145.948,138.4,138.6
363.9,107.738,125.36,144.831,101.851,130.482,142.771,145.948,138.366,138.633
364.0,107.738,125.444,144.861,101.851,130.52,142.74,145.948,138.4,138.567
364.1,107.847,125.402,144.831,101.851,130.559,142.74,145.948,138.299,138.633
364.2,107.738,125.527,144.861,101.792,130.482,142.771,145.977,138.366,138.633
364.3,107.738,125.402,144.861,101.792,130.482,142.74,145.977,138.366,138.667
364.4,107.684,125.444,144.831,101.851,130.482,142.771,145.977,138.366,138.633
364.5,107.738,125.402,144.831,101.792,130.482,142.74,145.977,138.4,138.7
364.6,107.63,125.485,144.831,101.792,130.482,142.74,145.977,138.433,138.6
364.7,107.738,125.444,144.831,101.851,130.559,142.771,145.948,138.433,138.6
364.8,107.738,125.444,144.831,101.851,130.482,142.709,145.977,138.4,138.667
364.9,107.738,125.402,144.861,101.851,130.559,142.771,145.948,138.4,138.6
365.0,107.738,125.444,144.831,101.851,130.559,142.74,145.919,138.4,138.633
365.1,107.738,125.444,144.861,101.851,130.635,142.802,145.948,138.433,138.667
365.2,107.793,125.444,144.831,101.91,130.52,142.771,145.977,138.366,138.633
365.3,107.793,125.485,144.95,101.851,130.444,142.771,145.977,138.4,138.6
365.4,107.738,125.485,144.772,101.851,130.52,142.74,145.948,138.4,138.7
365.5,107.738,125.485,144.831,101.91,130.52,142.771,145.948,138.4,138.6
365.6,107.793,125.527,144.831,101.851,130.559,142.74,146.035,138.4,138.633
365.7,107.793,125.527,144.831,101.851,130.559,142.74,146.006,138.4,138.633
365.8,107.793,125.485,144.861,101.91,130.674,142.771,145.977,138.4,138.6
365.9,107.793,125.61,144.831,101.969,130.597,142.802,145.919,138.467,138.633
366.0,107.793,125.527,144.861,101.851,130.559,142.771,145.977,138.4,138.667
366.1,107.738,125.527,144.92,101.91,130.597,142.771,145.977,138.433,138.533
366.2,107.955,125.61,144.89,101.851,130.597,142.802,145.948,138.4,138.633
366.3,107.847,125.569,144.831,101.91,130.597,142.802,146.006,138.433,138.7
366.4,107.738,125.569,144.861,101.91,130.597,142.771,145.948,138.4,138.667
366.5,107.847,125.569,144.861,101.851,130.674,142.771,145.977,138.4,138.633
366.6,107.738,125.61,144.831,101.91,130.559,142.802,145.948,138.4,138.633
366.7,107.793,125.569,144.861,101.851,130.597,142.802,145.948,138.333,138.667
366.8,107.738,125.61,144.861,101.91,130.635,142.771,145.977,138.4,138.6
366.9,107.847,125.61,144.89,101.91,130.635,142.802,145.977,138.433,138.667
367.0,107.901,125.569,144.831,101.851,130.635,142.802,145.948,138.433,138.667
367.1,107.793,125.527,144.861,101.91,130.674,142.771,145.948,138.4,138.667
367.2,107.793,125.693,144.861,101.91,130.635,142.771,145.919,138.433,138.667
367.3,107.793,125.652,144.89,101.851,130.674,142.771,146.006,138.366,138.667
367.4,107.793,125.652,144.831,101.851,130.674,142.771,145.977,138.433,138.667
367.5,107.847,125.652,144.95,101.91,130.635,142.771,145.977,138.433,138.633
367.6,107.738,125.652,144.831,101.91,130.712,142.802,145.977,138.366,138.633
367.7,107.847,125.652,144.861,101.91,130.635,142.771,145.948,138.467,138.667
367.8,107.793,125.652,144.89,101.851,130.674,142.802,146.006,138.433,138.7
367.9,107.793,125.693,144.831,101.851,130.674,142.802,146.006,138.533,138.667
368.0,107.793,125.693,144.801,101.851,130.674,142.833,145.948,138.4,138.733
368.1,107.847,125.652,144.861,101.91,130.635,142.802,145.977,138.433,138.667
368.2,107.793,125.652,144.831,101.792,130.674,142.771,145.977,138.5,138.7
368.3,107.847,125.693,144.861,101.851,130.75,142.802,145.948,138.366,138.633
368.4,107.684,125.693,144.861,101.969,130.75,142.771,145.977,138.467,138.7
368.5,107.793,125.776,144.831,101.91,130.75,142.74,145.977,138.467,138.667
368.6,107.847,125.735,144.89,101.91,130.712,142.74,146.006,138.467,138.7
368.7,107.793,125.693,144.861,101.91,130.712,142.771,145.977,138.433,138.8
368.8,107.847,125.735,144.861,101.91,130.712,142.802,145.977,138.433,138.633
368.9,107.901,125.776,144.89,101.792,130.75,142.771,146.006,138.4,138.667
369.0,107.901,125.776,144.861,101.969,130.75,142.802,145.977,138.467,138.7
369.1,107.793,125.776,144.92,101.969,130.75,142.802,145.977,138.467,138.733
369.2,107.901,125.776,144.89,101.969,130.75,142.802,145.977,138.433,138.667
369.3,107.847,125.859,144.89,101.969,130.788,142.833,146.006,138.433,138.667
369.4,107.901,125.735,144.92,101.969,130.75,142.802,146.006,138.467,138.7
369.5,107.847,125.776,144.861,101.969,130.788,142.864,145.977,138.467,138.7
369.6,107.793,125.776,144.861,101.969,130.75,142.833,145.948,138.433,138.667
369.7,107.847,125.776,144.92,101.969,130.788,142.802,145.977,138.433,138.767
369.8,107.847,125.859,144.742,101.969,130.788,142.802,145.948,138.4,138.7
369.9,107.847,125.776,144.861,102.028,130.826,142.833,146.006,138.467,138.633
370.0,107.738,125.818,144.801,101.969,130.75,142.802,146.006,138.433,138.667
370.1,107.847,125.776,144.89,101.91,130.826,142.802,145.948,138.5,138.733
370.2,107.901,125.818,144.831,101.969,130.826,142.833,146.006,138.467,138.733
370.3,107.793,125.818,144.861,101.969,130.788,142.833,145.977,138.467,138.733
370.4,107.847,125.859,144.89,101.969,130.788,142.864,145.948,138.467,138.7
370.5,107.901,125.859,144.801,101.969,130.788,142.802,145.977,138.467,138.7
370.6,107.847,125.818,144.831,101.969,130.826,142.864,145.977,138.467,138.767
370.7,107.793,125.901,144.89,102.086,130.826,142.802,145.977,138.467,138.7
370.8,107.847,125.859,144.89,101.91,130.75,142.833,146.035,138.433,138.7
370.9,107.955,125.901,144.861,101.969,130.864,142.802,146.006,138.5,138.7
371.0,108.064,125.818,144.861,101.91,130.903,142.833,145.948,138.467,138.733
371.1,107.955,125.901,144.89,101.969,130.903,142.833,145.977,138.467,138.733
371.2,107.901,125.901,144.92,101.969,130.864,142.802,145.977,138.467,138.7
371.3,107.901,125.942,144.831,101.969,130.903,142.802,146.006,138.433,138.733
371.4,107.901,125.901,144.89,101.91,130.864,142.833,145.802,138.5,138.7
371.5,107.847,125.901,144.861,101.969,130.864,142.833,146.035,138.5,138.733
371.6,107.901,125.942,144.861,101.969,130.903,142.802,145.977,138.5,138.7
371.7,107.901,125.901,144.89,101.969,130.903,142.833,145.948,138.467,138.7
371.8,107.901,125.942,144.92,101.969,130.979,142.802,145.977,138.467,138.8
371.9,107.955,125.942,144.92,101.969,130.903,142.864,145.977,138.467,138.767
372.0,107.847,125.983,144.89,101.851,130.941,142.833,145.919,138.533,138.767
372.1,107.847,125.983,144.89,102.028,130.903,142.802,146.006,138.433,138.767
372.2,107.901,125.983,144.89,102.028,130.941,142.895,146.006,138.467,138.733
372.3,107.901,125.983,144.89,101.969,130.903,142.802,146.006,138.467,138.7
372.4,107.901,126.066,144.89,102.028,130.979,142.833,145.977,138.5,138.733
372.5,107.955,125.983,144.89,102.028,130.979,142.833,146.035,138.467,138.733
372.6,107.901,126.024,144.89,102.028,130.941,142.833,145.977,138.467,138.767
372.7,107.901,125.983,144.89,101.969,130.941,142.833,146.006,138.467,138.733
372.8,107.901,126.107,144.89,102.086,130.979,142.833,146.035,138.5,138.767
372.9,107.955,126.066,144.92,101.969,130.979,142.895,145.977,138.5,138.767
373.0,107.901,126.024,144.89,102.086,130.941,142.833,145.977,138.533,138.767
373.1,107.955,126.024,144.861,102.028,131.017,142.833,146.006,138.5,138.733
373.2,108.01,126.066,144.831,102.028,130.979,142.864,146.006,138.5,138.733
373.3,107.955,125.983,144.89,102.028,131.017,142.802,146.006,138.467,138.733
373.4,107.901,126.066,144.89,102.028,130.979,142.864,145.977,138.533,138.733
373.5,108.064,126.066,144.89,102.028,130.979,142.864,146.006,138.5,138.8
373.6,107.901,126.024,144.979,102.028,131.131,142.864,145.919,138.467,138.733
373.7,107.901,126.107,144.89,101.969,131.055,142.833,145.977,138.567,138.7
373.8,107.955,126.107,144.89,102.086,131.017,142.833,145.977,138.5,138.733
373.9,107.901,126.066,144.861,102.028,131.055,142.864,146.035,138.5,138.767
374.0,108.01,126.148,144.92,102.028,131.017,142.833,145.948,138.5,138.733
374.1,107.955,126.066,144.831,102.028,130.979,142.833,146.035,138.5,138.733
374.2,107.901,126.066,144.92,102.028,131.017,142.864,146.035,138.5,138.7
374.3,107.955,126.107,144.89,102.145,131.055,142.833,146.006,138.5,138.733
374.4,107.955,126.107,144.92,102.086,131.093,142.864,146.006,138.533,138.767
374.5,108.01,126.148,144.92,102.086,131.017,142.864,145.977,138.5,138.767
374.6,107.901,126.107,144.861,102.086,131.055,142.864,146.006,138.533,138.833
374.7,107.901,126.148,144.92,101.969,131.055,142.833,145.977,138.567,138.767
374.8,107.955,126.107,144.92,102.028,131.055,142.864,146.006,138.567,138.8
374.9,107.955,126.148,144.89,102.028,131.055,142.864,145.977,138.5,138.8
375.0,107.901,126.107,145.009,102.086,130.979,142.925,146.006,138.633,138.733
375.1,108.01,126.148,144.861,102.028,131.093,142.864,145.977,138.533,138.767
375.2,108.064,126.148,144.89,102.028,131.131,142.864,145.977,138.533,138.833
375.3,107.955,126.107,144.92,102.086,131.169,142.864,146.006,138.533,138.733
375.4,107.955,126.189,144.92,102.028,131.131,142.802,146.035,138.533,138.833
375.5,107.955,126.189,144.89,102.028,131.093,142.864,145.977,138.567,138.767
375.6,107.955,126.189,144.89,102.028,131.131,142.833,145.977,138.533,138.8
375.7,107.955,126.231,144.89,102.086,131.093,142.864,146.035,138.567,138.767
375.8,107.955,126.231,144.95,102.028,131.131,142.833,146.006,138.567,138.767
375.9,107.955,126.231,144.95,102.086,131.169,142.864,145.977,138.533,138.733
376.0,108.01,126.272,144.92,102.086,131.131,142.833,146.006,138.5,138.767
376.1,107.955,126.231,144.92,102.086,131.131,142.864,146.006,138.567,138.8
376.2,108.01,126.231,144.89,102.145,131.169,142.833,145.977,138.533,138.833
376.3,107.955,126.231,144.89,102.086,131.131,142.864,145.977,138.567,138.767
376.4,107.955,126.231,144.92,102.086,131.169,142.895,146.006,138.533,138.767
376.5,108.01,126.272,144.92,102.145,131.169,142.925,146.006,138.567,138.767
376.6,107.955,126.272,144.89,102.086,131.169,142.864,146.035,138.633,138.8
376.7,107.955,126.313,144.95,102.086,131.207,142.864,146.006,138.5,138.8
376.8,107.955,126.313,144.95,102.204,131.207,142.864,146.006,138.567,138.767
376.9,108.01,126.272,144.92,102.086,131.207,142.864,146.006,138.6,138.767
377.0,108.01,126.313,144.89,102.086,131.169,142.925,145.977,138.567,138.899
377.1,107.955,126.272,144.92,102.086,131.169,142.864,146.006,138.6,138.833
377.2,107.955,126.272,144.92,102.086,131.207,142.956,146.035,138.533,138.8
377.3,108.064,126.272,144.89,102.145,131.207,142.895,146.035,138.533,138.8
377.4,108.01,126.354,144.979,102.086,131.245,142.895,146.006,138.533,138.833
377.5,108.01,126.272,144.89,102.145,131.207,142.864,146.006,138.567,138.767
377.6,108.064,126.354,144.92,102.028,131.207,142.864,146.006,138.633,138.833
377.7,108.01,126.313,144.89,102.086,131.207,142.895,145.977,138.5,138.833
377.8,108.01,126.354,144.979,102.086,131.169,142.833,145.977,138.567,138.8
377.9,108.01,126.395,144.89,102.086,131.245,142.895,145.977,138.567,138.833
378.0,108.01,126.395,144.979,102.086,131.245,142.895,146.006,138.567,138.8
378.1,107.955,126.354,144.89,102.204,131.207,142.864,145.977,138.567,138.833
378.2,108.064,126.395,144.89,102.086,131.245,142.895,145.977,138.533,138.767
378.3,108.118,126.354,144.89,102.145,131.245,142.864,146.006,138.567,138.833
378.4,108.01,126.395,144.89,102.145,131.282,142.833,146.122,138.567,138.833
378.5,108.064,126.395,144.92,102.204,131.282,142.925,146.006,138.533,138.833
378.6,108.01,126.436,144.95,102.145,131.282,142.925,146.035,138.567,138.8
378.7,108.01,126.477,144.92,102.145,131.245,142.864,146.006,138.6,138.767
378.8,108.118,126.436,144.92,102.145,131.32,142.833,146.006,138.633,138.899
378.9,108.118,126.477,145.009,102.204,131.358,142.864,146.064,138.633,138.833
379.0,108.064,126.477,144.92,102.204,131.358,142.895,145.977,138.6,138.833
379.1,108.01,126.436,144.92,102.086,131.358,142.864,145.977,138.567,138.8
379.2,108.01,126.477,144.92,102.145,131.282,142.864,145.977,138.567,138.833
379.3,108.064,126.436,144.92,102.145,131.282,142.864,146.006,138.6,138.833
379.4,108.064,126.518,144.95,102.145,131.282,142.925,146.035,138.567,138.833
379.5,108.01,126.559,144.92,102.145,131.245,142.895,145.977,138.667,138.833
379.6,108.01,126.477,144.92,102.145,131.282,142.864,146.035,138.6,138.833
379.7,108.064,126.436,144.92,102.145,131.32,142.895,146.093,138.567,138.866
379.8,108.064,126.477,144.92,102.145,131.32,142.895,146.006,138.567,138.833
379.9,108.118,126.477,144.92,102.145,131.32,142.895,146.035,138.6,138.866
380.0,108.064,126.436,144.95,102.086,131.32,142.864,146.006,138.6,138.866
380.1,108.01,126.559,144.92,102.145,131.282,142.864,146.093,138.567,138.899
380.2,108.064,126.518,144.92,102.145,131.32,142.864,146.035,138.7,138.833
380.3,108.064,126.477,144.92,102.145,131.358,142.895,146.006,138.567,138.833
380.4,108.064,126.518,144.92,102.204,131.358,142.864,146.006,138.633,138.899
380.5,108.01,126.559,144.92,102.204,131.358,142.895,146.035,138.6,138.833
380.6,108.064,126.518,144.95,102.204,131.358,142.864,146.035,138.6,138.833
380.7,108.064,126.518,145.009,102.145,131.396,142.895,145.977,138.633,138.8
380.8,108.064,126.518,144.89,102.145,131.358,142.925,146.006,138.567,138.833
380.9,108.01,126.477,145.009,102.204,131.396,142.833,146.035,138.6,138.866
381.0,108.064,126.6,144.92,102.262,131.396,142.864,146.006,138.567,138.866
381.1,108.064,126.6,144.95,102.145,131.471,142.925,145.977,138.633,138.866
381.2,108.064,126.641,144.95,102.204,131.396,142.895,146.006,138.6,138.833
381.3,108.064,126.6,144.95,102.145,131.358,142.956,145.919,138.633,138.866
381.4,108.118,126.641,144.861,102.262,131.396,142.895,145.977,138.6,138.833
381.5,108.064,126.6,144.95,102.204,131.434,142.925,146.064,138.633,138.866
381.6,108.064,126.641,144.92,102.262,131.471,142.925,146.035,138.633,138.866
381.7,108.064,126.6,144.92,102.204,131.471,142.925,146.006,138.6,138.866
381.8,108.01,126.6,144.89,102.262,131.396,142.925,145.977,138.6,138.866
381.9,108.118,126.641,144.92,102.204,131.471,142.925,146.035,138.6,138.833
382.0,108.118,126.641,144.92,102.204,131.471,142.895,146.006,138.633,138.866
382.1,108.064,126.641,144.95,102.204,131.434,142.895,146.035,138.633,138.833
382.2,108.064,126.641,144.95,102.204,131.471,142.925,146.035,138.633,138.866
382.3,108.118,126.641,144.92,102.204,131.434,142.895,146.035,138.633,138.866
382.4,107.955,126.641,144.92,102.204,131.509,142.895,146.035,138.633,138.932
382.5,108.118,126.641,144.979,102.262,131.471,142.925,145.977,138.7,138.866
382.6,108.118,126.722,145.009,102.204,131.471,142.895,146.006,138.6,138.866
382.7,108.172,126.559,144.92,102.204,131.509,142.925,146.006,138.667,138.899
382.8,108.172,126.641,144.979,102.145,131.547,142.895,146.006,138.633,138.866
382.9,108.118,126.722,144.92,102.204,131.509,142.925,146.006,138.667,138.833
383.0,108.172,126.763,144.979,102.204,131.434,142.925,146.006,138.633,138.866
383.1,108.064,126.722,144.92,102.204,131.509,142.925,146.006,138.567,138.932
383.2,108.118,126.682,144.95,102.204,131.509,142.895,146.064,138.7,138.866
383.3,108.226,126.763,144.95,102.262,131.509,142.895,146.064,138.667,138.866
383.4,108.064,126.682,144.92,102.145,131.509,142.895,146.006,138.667,138.866
383.5,108.118,126.722,144.92,102.262,131.509,142.925,146.035,138.633,138.866
383.6,108.118,126.682,145.009,102.204,131.509,142.895,146.035,138.6,138.899
383.7,108.172,126.682,144.95,102.262,131.547,142.925,146.035,138.633,138.866
383.8,108.118,126.763,144.92,102.321,131.509,142.925,146.035,138.633,138.866
383.9,108.118,126.763,144.979,102.321,131.547,142.987,146.035,138.633,138.899
384.0,108.172,126.804,144.95,102.262,131.471,142.925,145.977,138.633,138.866
384.1,108.118,126.763,144.92,102.262,131.509,142.956,146.006,138.667,138.932
384.2,108.172,126.763,144.95,102.262,131.509,142.895,146.035,138.667,138.866
384.3,108.118,126.804,144.979,102.262,131.547,142.987,146.006,138.633,138.866
384.4,108.172,126.763,144.979,102.204,131.584,142.925,146.006,138.633,138.833
384.5,108.172,126.804,144.92,102.262,131.584,142.925,146.035,138.667,138.932
384.6,108.172,126.845,144.92,102.204,131.622,142.925,146.093,138.6,138.932
384.7,108.118,126.926,145.009,102.204,131.622,142.956,146.035,138.633,138.866
384.8,108.172,126.845,144.95,102.262,131.584,142.956,146.006,138.667,138.866
384.9,108.172,126.845,145.009,102.262,131.584,142.956,146.035,138.667,138.932
385.0,108.118,126.845,144.979,102.262,131.622,142.987,146.035,138.7,138.866
385.1,108.172,126.845,144.95,102.262,131.622,142.956,145.977,138.667,138.932
385.2,108.118,126.845,144.979,102.204,131.584,142.895,145.977,138.667,138.8
385.3,108.172,126.804,145.009,102.262,131.622,142.987,146.006,138.667,138.899
385.4,108.118,126.885,144.979,102.262,131.697,142.925,146.006,138.667,138.932
385.5,108.172,126.926,144.95,102.321,131.622,142.925,146.035,138.667,138.899
385.6,108.226,126.845,145.039,102.262,131.66,142.925,146.035,138.633,138.899
385.7,108.172,126.845,144.95,102.262,131.66,142.956,146.064,138.667,138.899
385.8,108.172,126.885,144.92,102.262,131.66,142.925,146.035,138.7,138.899
385.9,108.172,126.885,144.92,102.262,131.66,142.956,146.064,138.633,138.932
386.0,108.172,126.926,144.979,102.321,131.622,142.987,146.035,138.667,138.932
386.1,108.118,126.885,144.95,102.321,131.66,142.987,146.035,138.667,138.966
386.2,108.226,126.926,144.979,102.262,131.697,142.925,146.064,138.7,138.966
386.3,108.226,126.926,144.979,102.321,131.772,142.925,146.006,138.667,138.932
386.4,108.118,126.967,144.95,102.321,131.697,142.956,146.064,138.7,139.032
386.5,108.226,126.926,144.979,102.321,131.735,142.956,146.064,138.667,138.899
386.6,108.226,126.926,144.979,102.321,131.697,142.987,146.035,138.7,138.966
386.7,108.118,126.926,144.979,102.262,131.697,142.956,146.035,138.667,138.932
386.8,108.172,126.926,144.95,102.321,131.772,142.987,146.035,138.7,138.932
386.9,108.28,126.967,144.92,102.321,131.697,142.925,146.006,138.733,138.966
387.0,108.118,126.967,144.979,102.38,131.697,142.925,146.064,138.7,138.999
387.1,108.226,126.967,144.95,102.321,131.697,143.018,146.006,138.733,138.966
387.2,108.226,126.926,144.92,102.262,131.697,142.956,146.006,138.733,138.899
387.3,108.172,127.007,144.979,102.321,131.697,142.925,146.006,138.7,138.966
387.4,108.172,126.967,144.979,102.321,131.772,142.956,146.064,138.667,138.966
387.5,108.334,127.007,144.979,102.321,131.697,142.956,146.122,138.667,138.966
387.6,108.172,127.048,145.009,102.38,131.772,142.987,146.006,138.7,138.999
387.7,108.226,127.007,144.95,102.262,131.772,142.956,146.035,138.667,138.932
387.8,108.226,127.007,144.979,102.262,131.81,142.956,146.035,138.7,138.999
387.9,108.226,127.007,144.979,102.497,131.735,142.925,146.093,138.733,138.966
388.0,108.172,127.048,144.979,102.321,131.772,142.987,146.006,138.733,138.966
388.1,108.28,127.048,144.979,102.38,131.772,143.018,146.035,138.733,138.932
388.2,108.226,127.048,144.95,102.321,131.922,142.956,146.035,138.733,138.932
388.3,108.172,127.007,144.95,102.321,131.81,142.987,146.035,138.7,138.932
388.4,108.226,127.089,144.979,102.321,131.81,142.987,146.035,138.767,138.932
388.5,108.172,127.007,144.979,102.262,131.848,142.987,146.064,138.733,138.966
388.6,108.226,127.048,144.95,102.38,131.772,142.987,146.064,138.7,138.932
388.7,108.226,127.048,144.979,102.321,131.81,142.956,146.093,138.8,138.932
388.8,108.226,127.17,144.979,102.321,131.81,142.956,145.977,138.733,138.966
388.9,108.172,127.17,144.979,102.321,131.848,142.987,146.035,138.733,139.032
389.0,108.28,127.048,144.95,102.321,131.81,142.956,146.035,138.733,138.999
389.1,108.172,127.21,145.009,102.38,131.81,142.925,146.035,138.7,138.932
389.2,108.226,127.129,144.979,102.38,131.848,142.956,146.035,138.7,138.966
389.3,108.226,127.089,144.979,102.438,131.848,142.987,146.035,138.733,138.966
389.4,108.226,127.17,144.92,102.38,131.848,142.987,146.064,138.7,138.966
389.5,108.172,127.129,144.979,102.438,131.885,142.956,146.151,138.8,138.966
389.6,108.28,127.129,144.979,102.38,131.885,142.895,146.006,138.7,138.999
389.7,108.226,127.17,144.979,102.321,131.848,142.956,146.035,138.733,138.932
389.8,108.28,127.17,144.979,102.497,131.848,142.987,146.064,138.7,138.966
389.9,108.226,127.17,144.95,102.38,131.885,142.987,146.006,138.733,138.932
390.0,108.226,127.17,144.979,102.38,131.81,142.987,146.151,138.733,139.065
390.1,108.28,127.17,144.979,102.321,131.96,142.956,146.006,138.733,138.999
390.2,108.226,127.21,144.92,102.38,131.848,142.987,146.035,138.733,138.966
390.3,108.172,127.21,144.979,102.438,131.81,142.987,146.006,138.733,138.966
390.4,108.28,127.251,144.979,102.321,131.885,142.987,146.035,138.733,138.999
390.5,108.28,127.251,145.009,102.438,131.922,142.987,146.064,138.767,138.999
390.6,108.226,127.21,144.979,102.38,131.922,143.048,146.006,138.733,138.966
390.7,108.28,127.251,145.009,102.321,131.922,142.987,146.035,138.733,138.966
390.8,108.28,127.21,144.95,102.38,131.885,143.048,146.064,138.733,138.999
390.9,108.226,127.21,145.009,102.497,131.885,142.956,146.064,138.767,138.966
391.0,108.28,127.291,145.009,102.38,131.885,142.987,146.064,138.7,138.966
391.1,108.388,127.17,144.979,102.38,131.96,142.987,146.064,138.767,138.899
391.2,108.28,127.251,144.979,102.38,131.922,142.987,146.064,138.767,138.966
391.3,108.28,127.251,145.009,102.38,131.885,142.987,146.035,138.733,138.999
391.4,108.334,127.372,144.979,102.38,131.997,142.987,146.035,138.733,139.032
391.5,108.334,127.251,144.95,102.438,131.885,142.925,146.151,138.733,139.032
391.6,108.334,127.251,145.068,102.38,131.96,142.987,146.035,138.733,139.065
391.7,108.28,127.251,144.95,102.38,131.922,142.956,146.035,138.733,138.999
391.8,108.28,127.251,144.95,102.438,131.96,143.018,146.035,138.767,138.899
391.9,108.28,127.291,144.95,102.38,131.96,142.987,146.093,138.733,139.032
392.0,108.28,127.291,145.039,102.38,131.997,142.987,146.035,138.8,138.999
392.1,108.388,127.372,145.009,102.38,131.96,142.987,146.064,138.8,138.966
392.2,108.334,127.332,144.979,102.38,131.997,142.987,146.064,138.733,138.999
392.3,108.28,127.291,144.979,102.38,132.035,142.987,146.064,138.7,139.032
392.4,108.388,127.372,144.95,102.38,131.96,142.987,146.035,138.8,138.999
392.5,108.28,127.332,144.979,102.497,131.997,142.987,146.035,138.733,138.966
392.6,108.334,127.332,144.979,102.38,131.96,143.018,146.064,138.7,139.032
392.7,108.226,127.332,144.979,102.38,131.96,143.048,146.064,138.767,139.098
392.8,108.334,127.332,144.979,102.497,132.035,142.956,146.064,138.733,138.999
392.9,108.28,127.332,145.009,102.438,132.072,142.987,146.064,138.833,139.032
393.0,108.334,127.17,144.89,102.438,131.997,143.048,146.006,138.767,139.032
393.1,108.28,127.332,144.979,102.438,131.997,142.987,146.093,138.7,139.065
393.2,108.28,127.372,145.009,102.438,132.035,142.987,146.093,138.8,139.032
393.3,108.334,127.412,144.979,102.438,132.035,143.018,146.035,138.8,138.999
393.4,108.334,127.412,144.979,102.497,132.035,142.987,146.006,138.8,139.032
393.5,108.28,127.372,144.979,102.438,132.035,143.018,146.035,138.8,138.932
393.6,108.334,127.372,144.979,102.438,132.035,142.987,146.18,138.767,138.999
393.7,108.334,127.412,145.009,102.497,132.035,142.987,146.064,138.767,138.999
393.8,108.28,127.412,145.009,102.438,132.072,143.018,146.035,138.767,139.098
393.9,108.388,127.332,145.009,102.438,132.035,143.018,146.035,138.8,139.032
394.0,108.334,127.372,145.009,102.497,132.035,143.018,146.064,138.833,138.999
394.1,108.28,127.412,144.979,102.438,132.035,142.987,146.035,138.767,138.999
394.2,108.334,127.453,144.95,102.497,132.072,143.048,146.064,138.767,139.098
394.3,108.334,127.453,145.009,102.497,132.035,142.987,146.064,138.833,139.065
394.4,108.334,127.372,145.009,102.438,132.072,143.079,146.064,138.8,139.065
394.5,108.334,127.453,145.009,102.438,132.072,142.987,146.035,138.8,138.966
394.6,108.334,127.493,144.92,102.438,132.035,142.987,146.093,138.767,139.032
394.7,108.334,127.412,144.979,102.38,132.109,142.987,146.093,138.767,139.032
394.8,108.334,127.453,145.009,102.497,132.072,142.987,146.064,138.8,139.065
394.9,108.388,127.453,144.979,102.321,132.072,142.987,146.035,138.8,139.065
395.0,108.334,127.493,145.009,102.438,132.109,143.018,146.035,138.833,139.065
395.1,108.334,127.453,145.009,102.497,132.109,143.018,146.093,138.8,139.032
395.2,108.334,127.453,144.979,102.497,132.035,143.018,146.064,138.866,139.032
395.3,108.334,127.493,145.009,102.438,132.035,143.018,146.035,138.8,138.999
395.4,108.442,127.453,145.009,102.438,132.184,142.987,146.035,138.833,139.098
395.5,108.334,127.453,145.039,102.497,132.147,143.018,146.064,138.8,139.032
395.6,108.334,127.533,145.009,102.438,132.072,143.018,146.093,138.733,138.999
395.7,108.388,127.493,145.039,102.438,132.184,143.048,146.006,138.8,139.032
395.8,108.334,127.533,145.009,102.438,132.184,143.018,146.064,138.833,139.032
395.9,108.388,127.493,145.039,102.497,132.109,143.018,146.064,138.767,138.966
396.0,108.388,127.493,145.039,102.438,132.184,143.11,146.064,138.767,139.164
396.1,108.388,127.574,145.039,102.38,132.109,143.018,146.035,138.899,139.032
396.2,108.334,127.533,145.039,102.497,132.221,143.018,146.035,138.767,139.032
396.3,108.388,127.574,145.009,102.438,132.221,143.048,146.064,138.8,139.065
396.4,108.388,127.574,145.009,102.555,132.184,143.048,146.064,138.767,139.164
396.5,108.388,127.493,145.039,102.497,132.147,143.018,146.035,138.833,139.032
396.6,108.442,127.533,145.039,102.438,132.184,143.079,146.064,138.866,139.032
396.7,108.388,127.574,145.009,102.613,132.147,143.018,146.035,138.833,139.065
396.8,108.334,127.614,145.009,102.497,132.147,143.018,146.064,138.866,139.032
396.9,108.334,127.614,145.039,102.497,132.259,143.048,146.035,138.8,139.098
397.0,108.388,127.614,145.039,102.555,132.184,143.048,146.006,138.833,139.098
397.1,108.334,127.614,145.068,102.497,132.221,143.079,146.064,138.833,139.098
397.2,108.334,127.614,145.127,102.438,132.184,143.048,146.064,138.833,139.065
397.3,108.388,127.614,145.009,102.497,132.221,143.141,146.064,138.833,139.065
397.4,108.388,127.614,145.009,102.497,132.221,143.11,146.064,138.866,139.065
397.5,108.442,127.694,145.009,102.497,132.221,143.018,146.093,138.8,139.065
397.6,108.334,127.694,145.127,102.497,132.221,143.018,146.064,138.833,139.098
397.7,108.388,127.694,145.009,102.497,132.259,143.018,146.064,138.833,139.065
397.8,108.388,127.694,145.009,102.497,132.259,143.048,146.064,138.833,139.065
397.9,108.28,127.654,144.95,102.555,132.259,143.048,146.093,138.8,139.065
398.0,108.388,127.614,144.979,102.555,132.259,143.048,146.064,138.866,139.065
398.1,108.388,127.654,145.009,102.497,132.259,143.018,146.064,138.8,139.065
398.2,108.442,127.654,145.039,102.613,132.296,142.987,146.122,138.8,139.065
398.3,108.442,127.654,145.009,102.555,132.333,143.018,146.064,138.833,139.065
398.4,108.388,127.654,145.009,102.497,132.296,143.079,146.064,138.833,139.131
398.5,108.388,127.694,145.009,102.555,132.333,143.048,146.064,138.8,139.098
398.6,108.442,127.734,145.039,102.555,132.333,143.079,146.035,138.767,139.098
398.7,108.495,127.734,145.039,102.497,132.333,143.048,146.093,138.833,139.065
398.8,108.388,127.694,145.039,102.497,132.296,143.079,146.093,138.833,139.098
398.9,108.442,127.734,145.009,102.613,132.296,143.048,146.064,138.866,139.131
399.0,108.442,127.734,145.009,102.497,132.296,143.079,146.064,138.833,139.131
399.1,108.388,127.775,145.039,102.555,132.37,143.048,146.064,138.833,139.098
399.2,108.388,127.734,145.039,102.497,132.407,143.048,146.093,138.833,139.164
399.3,108.442,127.734,145.039,102.555,132.37,143.079,146.035,138.833,139.131
399.4,108.442,127.775,145.009,102.555,132.333,143.018,146.064,138.866,139.131
399.5,108.442,127.775,145.009,102.497,132.333,143.018,146.18,138.866,139.131
399.6,108.388,127.734,145.068,102.555,132.37,143.079,146.093,138.899,139.065
399.7,108.388,127.775,145.009,102.555,132.37,143.079,146.093,138.866,139.197
399.8,108.442,127.815,145.068,102.555,132.333,142.987,146.035,138.866,139.065
399.9,108.388,127.734,145.039,102.555,132.37,143.048,146.093,138.866,139.065
400.0,108.442,127.775,145.009,102.613,132.37,143.018,146.064,138.833,139.131
400.1,108.388,127.815,145.009,102.497,132.296,143.048,146.064,138.833,139.098
400.2,108.442,127.815,145.009,102.555,132.407,143.048,146.064,138.8,139.065
400.3,108.495,127.855,145.009,102.497,132.37,143.11,146.064,138.833,139.098
400.4,108.442,127.815,145.009,102.555,132.37,143.018,146.093,138.932,139.131
400.5,108.442,127.775,145.039,102.555,132.37,143.048,146.064,138.899,139.098
400.6,108.388,127.815,145.039,102.613,132.37,143.048,146.093,138.866,139.131
400.7,108.442,127.815,145.068,102.555,132.407,143.048,146.093,138.833,139.098
400.8,108.442,127.775,145.009,102.555,132.37,143.079,146.093,138.866,139.164
400.9,108.442,127.895,145.039,102.613,132.407,143.018,146.006,138.866,139.131
401.0,108.442,127.855,145.009,102.613,132.37,143.048,146.093,138.866,139.098
401.1,108.442,127.855,145.009,102.613,132.407,143.048,146.064,138.899,139.131
401.2,108.388,127.855,145.039,102.613,132.333,143.079,146.151,138.866,139.131
401.3,108.549,127.895,145.009,102.613,132.407,143.048,146.122,138.866,139.131
401.4,108.495,127.815,145.039,102.672,132.407,143.048,146.064,138.866,139.164
401.5,108.442,127.815,145.039,102.555,132.444,143.079,146.064,138.899,139.098
401.6,108.495,127.855,145.068,102.555,132.444,143.048,146.064,138.866,139.131
401.7,108.442,127.855,145.039,102.613,132.444,143.048,146.151,138.866,139.098
401.8,108.549,127.895,145.068,102.555,132.37,143.079,146.064,138.833,139.098
401.9,108.442,127.935,145.039,102.613,132.444,143.079,146.064,138.866,139.131
402.0,108.495,127.935,145.039,102.613,132.444,143.048,146.064,138.899,139.131
402.1,108.442,127.895,145.039,102.613,132.444,143.048,146.035,138.899,139.032
402.2,108.549,127.895,145.068,102.555,132.482,143.079,146.064,138.899,139.164
402.3,108.495,127.935,145.068,102.73,132.519,143.141,146.064,138.899,138.899
402.4,108.442,127.895,145.039,102.555,132.407,143.048,146.18,138.866,139.098
402.5,108.495,127.895,145.039,102.613,132.519,143.079,146.035,138.866,139.131
402.6,108.495,127.935,145.039,102.613,132.482,143.079,146.093,138.866,139.131
402.7,108.388,127.935,145.039,102.613,132.482,143.079,146.122,138.899,139.098
402.8,108.495,127.935,145.068,102.613,132.482,143.079,146.064,138.899,139.164
402.9,108.549,127.935,145.009,102.555,132.444,143.079,146.064,138.899,139.164
403.0,108.495,128.015,145.068,102.613,132.482,143.079,146.064,138.899,139.164
403.1,108.495,127.935,144.95,102.613,132.482,143.11,146.093,138.899,139.164
403.2,108.549,127.935,145.068,102.613,132.556,143.048,146.064,138.899,139.164
403.3,108.495,127.935,145.039,102.672,132.519,143.079,146.093,138.899,139.098
403.4,108.442,128.015,145.009,102.613,132.519,143.048,146.064,138.932,139.131
403.5,108.442,127.975,145.039,102.613,132.482,143.048,146.064,138.899,139.131
403.6,108.442,127.975,145.098,102.672,132.482,143.048,146.064,138.899,139.164
403.7,108.549,127.975,145.039,102.613,132.482,143.079,146.122,138.899,139.164
403.8,108.495,128.055,145.039,102.613,132.444,143.018,146.093,138.833,139.131
403.9,108.549,128.055,145.068,102.672,132.519,143.079,146.093,138.899,139.065
404.0,108.495,128.015,145.098,102.613,132.444,143.11,146.122,138.932,139.164
404.1,108.495,128.095,145.039,102.672,132.519,143.11,146.064,138.899,139.164
404.2,108.549,128.015,145.039,102.613,132.593,143.079,146.093,138.899,139.197
404.3,108.495,128.055,145.009,102.613,132.556,143.048,146.064,138.932,139.131
404.4,108.549,127.975,145.009,102.672,132.519,143.11,146.093,138.899,139.131
404.5,108.495,128.095,145.039,102.613,132.556,142.956,146.093,138.899,139.131
404.6,108.495,128.055,145.068,102.672,132.519,143.079,146.093,138.833,139.164
404.7,108.442,128.055,145.068,102.672,132.556,143.11,146.093,138.932,139.164
404.8,108.549,128.095,145.039,102.672,132.482,143.048,146.035,138.866,139.164
404.9,108.442,128.055,145.009,102.73,132.556,143.079,146.064,138.932,139.032
405.0,108.549,128.135,145.039,102.555,132.519,143.11,146.093,138.833,139.164
405.1,108.495,128.095,145.068,102.672,132.593,143.048,146.122,138.932,139.197
405.2,108.603,128.095,145.009,102.672,132.519,143.018,146.064,138.899,139.197
405.3,108.495,128.095,145.009,102.73,132.556,143.079,146.093,138.899,139.164
405.4,108.549,128.095,145.009,102.672,132.593,143.079,146.006,138.966,139.164
405.5,108.603,128.135,145.127,102.555,132.667,143.079,146.093,138.932,139.164
405.6,108.549,128.135,145.039,102.672,132.593,143.11,146.151,138.932,139.164
405.7,108.549,128.095,145.068,102.672,132.63,143.079,146.093,138.966,139.197
405.8,108.549,128.135,145.039,102.672,132.63,143.11,146.064,138.966,139.23
405.9,108.495,128.095,145.068,102.672,132.667,143.079,146.064,138.899,139.164
406.0,108.495,128.095,145.009,102.672,132.593,143.11,146.093,138.899,139.197
406.1,108.549,128.214,145.039,102.672,132.593,143.11,146.122,138.899,139.164
406.2,108.495,128.135,145.068,102.73,132.63,143.11,146.064,138.899,139.296
406.3,108.549,128.095,145.068,102.73,132.63,143.11,146.093,138.932,139.197
406.4,108.549,128.214,145.098,102.672,132.593,143.11,146.093,138.966,139.197
406.5,108.549,128.135,145.039,102.672,132.593,143.11,146.064,138.932,139.131
406.6,108.549,128.135,145.098,102.672,132.704,143.048,146.093,138.932,139.164
406.7,108.549,128.135,145.039,102.788,132.704,143.141,146.093,138.932,139.197
406.8,108.603,128.175,145.009,102.672,132.667,143.11,146.064,138.899,139.23
406.9,108.549,128.214,145.068,102.788,132.667,143.11,146.122,138.932,139.164
407.0,108.603,128.214,145.039,102.73,132.556,143.11,146.151,138.932,139.23
407.1,108.603,128.214,145.098,102.672,132.704,143.11,146.035,138.966,139.23
407.2,108.549,128.135,145.186,102.672,132.63,143.11,146.093,138.966,139.197
407.3,108.603,128.214,145.098,102.73,132.741,143.079,146.122,138.966,139.197
407.4,108.549,128.175,145.098,102.672,132.667,143.11,146.064,138.932,139.197
407.5,108.549,128.214,145.068,102.73,132.593,143.11,146.035,138.899,139.197
407.6,108.549,128.214,145.098,102.788,132.667,143.141,146.151,138.932,139.23
407.7,108.549,128.214,145.039,102.672,132.778,143.141,146.093,138.932,139.197
407.8,108.603,128.214,145.157,102.73,132.667,143.079,146.093,138.966,139.197
407.9,108.549,128.254,145.098,102.73,132.63,143.141,146.151,138.932,139.23
408.0,108.549,128.214,145.068,102.73,132.667,143.11,146.122,138.966,139.197
408.1,108.603,128.214,145.098,102.672,132.593,143.11,146.093,138.966,139.23
408.2,108.603,128.254,145.068,102.73,132.704,143.079,146.093,138.966,139.197
408.3,108.71,128.214,145.098,102.672,132.741,143.171,146.064,138.966,139.197
408.4,108.603,128.214,145.039,102.73,132.704,143.141,146.093,138.966,139.197
408.5,108.603,128.254,145.098,102.672,132.704,143.11,146.035,138.966,139.296
408.6,108.603,128.254,145.068,102.73,132.704,143.141,146.122,138.866,139.197
408.7,108.549,128.294,145.068,102.73,132.741,143.141,146.093,138.999,139.23
408.8,108.549,128.413,145.098,102.672,132.741,143.171,146.093,138.999,139.197
408.9,108.657,128.294,145.068,102.73,132.778,143.202,146.093,138.966,139.23
409.0,108.549,128.294,145.068,102.73,132.704,143.141,146.093,138.966,139.23
409.1,108.603,128.334,145.068,102.672,132.741,143.141,146.093,138.999,139.263
409.2,108.603,128.294,145.068,102.73,132.741,143.141,146.093,138.966,139.164
409.3,108.603,128.294,145.098,102.73,132.741,143.11,146.093,138.932,139.197
409.4,108.657,128.294,145.098,102.788,132.925,143.11,146.093,138.966,139.23
409.5,108.603,128.294,145.098,102.788,132.814,143.11,146.151,138.966,139.23
409.6,108.603,128.294,145.009,102.672,132.814,143.11,146.064,139.065,139.263
409.7,108.603,128.374,145.039,102.613,132.778,143.11,146.093,138.966,139.23
409.8,108.603,128.374,145.068,102.788,132.778,143.11,146.093,138.966,139.23
409.9,108.657,128.374,145.009,102.788,132.814,143.11,146.122,138.966,139.197
410.0,108.549,128.334,145.068,102.846,132.851,143.141,146.18,138.966,139.263
410.1,108.657,128.413,145.098,102.73,132.851,143.171,146.093,139.032,139.23
410.2,108.657,128.374,145.068,102.73,132.814,143.11,146.064,138.932,139.23
410.3,108.71,128.413,145.068,102.788,132.851,143.141,146.122,138.966,139.23
410.4,108.657,128.374,145.068,102.788,132.814,143.202,146.093,138.999,139.263
410.5,108.603,128.374,145.068,102.788,132.814,143.141,146.151,138.999,139.23
410.6,108.657,128.374,145.098,102.73,132.851,143.11,146.093,138.966,139.263
410.7,108.71,128.374,145.068,102.788,132.814,143.11,146.093,138.966,139.23
410.8,108.657,128.334,145.098,102.788,132.851,143.141,146.093,138.966,139.23
410.9,108.657,128.374,145.039,102.846,132.814,143.171,146.122,138.966,139.263
411.0,108.657,128.493,145.098,102.73,132.888,143.11,146.064,139.032,139.23
411.1,108.657,128.374,145.098,102.788,132.888,143.11,146.064,138.999,139.197
411.2,108.71,128.413,145.098,102.788,132.851,143.141,146.122,138.932,139.23
411.3,108.71,128.532,145.068,102.788,132.851,143.11,146.151,139.065,139.23
411.4,108.71,128.413,145.068,102.788,132.814,143.141,146.093,138.966,139.23
411.5,108.71,128.453,145.127,102.788,132.814,143.141,146.064,138.999,139.23
411.6,108.71,128.532,145.068,102.788,132.851,143.141,146.093,138.999,139.23
411.7,108.657,128.453,145.068,102.788,132.851,143.141,146.122,138.999,139.263
411.8,108.657,128.413,145.098,102.788,132.925,143.11,146.122,138.999,139.329
411.9,108.657,128.572,145.039,102.73,132.888,143.079,146.093,138.966,139.263
412.0,108.657,128.453,145.127,102.963,132.888,143.11,146.093,139.032,139.296
412.1,108.71,128.493,145.098,102.846,132.999,143.11,146.122,138.999,139.23
412.2,108.764,128.493,145.098,102.788,132.851,143.141,146.064,139.032,139.263
412.3,108.657,128.493,145.098,102.73,132.851,143.141,146.093,138.999,139.263
412.4,108.657,128.453,145.068,102.788,132.925,143.11,146.093,139.032,139.23
412.5,108.657,128.453,145.098,102.846,132.925,143.171,146.122,138.999,139.23
412.6,108.657,128.493,145.098,102.788,132.888,143.141,146.093,138.999,139.23
412.7,108.657,128.532,145.068,102.788,132.925,143.171,146.093,138.999,139.296
412.8,108.657,128.453,145.068,102.846,132.925,143.11,146.151,139.032,139.362
412.9,108.657,128.493,145.098,102.788,132.888,143.141,146.151,138.999,139.23
413.0,108.71,128.493,145.098,102.846,132.962,143.171,146.151,139.032,139.23
413.1,108.71,128.493,145.068,102.788,132.962,143.141,146.122,139.032,139.263
413.2,108.71,128.493,145.068,102.904,132.925,143.141,146.18,139.032,139.296
413.3,108.71,128.532,145.068,102.846,132.962,143.141,146.151,139.032,139.23
413.4,108.764,128.493,145.068,102.788,132.962,143.141,146.093,138.999,139.296
413.5,108.603,128.572,145.068,102.846,132.925,143.171,146.064,139.032,139.296
413.6,108.71,128.572,145.098,102.904,132.962,143.141,146.151,138.999,139.263
413.7,108.71,128.532,145.068,102.846,132.999,143.171,146.209,139.032,139.329
413.8,108.71,128.532,145.039,102.788,132.962,143.171,146.093,139.032,139.263
413.9,108.764,128.532,145.098,102.788,132.999,143.11,146.122,139.032,139.263
414.0,108.657,128.572,145.098,102.904,132.962,143.171,146.064,139.032,139.23
414.1,108.657,128.532,145.098,102.846,132.999,143.171,146.093,139.032,139.23
414.2,108.71,128.572,145.098,102.846,132.999,143.141,146.122,139.032,139.296
414.3,108.657,128.572,145.127,102.904,132.999,143.141,146.122,138.999,139.263
414.4,108.71,128.572,145.039,102.904,132.999,143.171,146.151,139.032,139.263
414.5,108.71,128.572,145.068,102.846,132.999,143.171,146.122,139.032,139.263
414.6,108.657,128.572,145.098,102.904,132.925,143.171,146.093,138.999,139.296
414.7,108.71,128.612,145.098,102.904,132.962,143.171,146.18,138.999,139.296
414.8,108.71,128.612,145.098,102.846,132.999,143.171,146.122,139.032,139.329
414.9,108.764,128.612,145.098,102.904,133.072,143.141,146.151,139.032,139.329
415.0,108.764,128.612,145.068,102.846,133.035,143.171,146.151,138.966,139.263
415.1,108.71,128.651,145.098,102.904,132.999,143.202,146.093,138.999,139.263
415.2,108.71,128.612,145.068,102.846,132.962,143.171,146.151,139.065,139.263
415.3,108.71,128.651,145.039,102.904,132.999,143.171,146.093,139.032,139.296
415.4,108.71,128.651,145.098,102.963,133.035,143.171,146.122,139.032,139.263
415.5,108.71,128.691,145.127,102.904,132.962,143.171,146.093,139.032,139.263
415.6,108.764,128.651,145.068,102.846,133.072,143.171,146.18,138.999,139.296
415.7,108.817,128.691,145.098,102.904,133.072,143.141,146.151,138.999,139.329
415.8,108.71,128.651,145.157,102.904,133.109,143.171,146.151,139.032,139.263
415.9,108.71,128.691,145.098,102.788,132.999,143.202,146.151,139.032,139.263
416.0,108.71,128.651,145.157,102.904,133.035,143.171,146.122,139.032,139.296
416.1,108.71,128.651,145.098,102.846,133.146,143.202,146.122,139.098,139.296
416.2,108.764,128.612,145.127,102.846,133.035,143.202,146.093,139.065,139.296
416.3,108.71,128.691,145.068,102.846,132.962,143.171,146.151,139.131,139.296
416.4,108.764,128.73,145.098,102.846,133.072,143.141,146.093,139.032,139.296
416.5,108.71,128.691,145.157,102.904,133.072,143.171,146.151,139.032,139.197
416.6,108.603,128.77,145.098,102.904,133.035,143.202,146.151,139.032,139.296
416.7,108.71,128.691,145.098,102.846,133.072,143.171,146.122,139.131,139.23
416.8,108.71,128.77,145.098,102.904,133.035,143.171,146.18,139.065,139.296
416.9,108.764,128.73,145.009,102.846,133.072,143.202,146.093,139.032,139.296
417.0,108.764,128.73,145.098,103.021,133.109,143.171,146.122,139.065,139.197
417.1,108.817,128.691,145.186,102.904,133.146,143.233,146.093,139.065,139.296
417.2,108.817,128.73,145.098,102.963,133.109,143.141,146.18,139.065,139.329
417.3,108.764,128.73,145.039,102.904,133.109,143.171,146.151,138.999,139.296
417.4,108.764,128.73,145.127,102.904,132.999,143.171,146.064,139.032,139.296
417.5,108.817,128.73,145.068,102.904,133.109,143.202,146.151,139.065,139.362
417.6,108.764,128.77,145.098,102.904,133.146,143.171,146.093,139.065,139.329
417.7,108.817,128.691,145.098,102.904,133.109,143.171,146.122,139.098,139.329
417.8,108.817,128.77,145.098,102.846,133.109,143.171,146.035,139.065,139.362
417.9,108.817,128.77,145.098,102.904,133.109,143.202,146.151,138.999,139.296
418.0,108.817,128.809,145.098,102.904,133.109,143.171,146.18,139.065,139.329
418.1,108.71,128.77,145.098,102.904,133.146,143.202,146.093,139.065,139.296
418.2,108.764,128.77,145.098,102.904,133.182,143.202,146.093,139.065,139.329
418.3,108.603,128.809,145.098,102.904,133.109,143.202,146.122,139.032,139.362
418.4,108.764,128.77,145.098,102.963,133.109,143.202,146.122,139.065,139.329
418.5,108.764,128.77,145.127,102.904,133.109,143.171,146.093,139.065,139.329
418.6,108.817,128.849,145.098,102.904,133.146,143.141,146.122,139.065,139.329
418.7,108.657,128.809,145.127,102.904,133.109,143.141,146.122,139.098,139.329
418.8,108.817,128.691,145.098,102.963,133.146,143.171,146.151,139.065,139.329
418.9,108.817,128.809,145.098,102.904,133.182,143.171,146.122,139.131,139.362
419.0,108.764,128.849,145.098,102.963,133.146,143.171,146.18,139.065,139.296
419.1,108.817,128.849,145.068,102.963,133.182,143.202,146.151,139.098,139.329
419.2,108.817,128.809,145.098,102.904,133.219,143.233,146.093,139.065,139.329
419.3,108.817,128.809,145.127,102.904,133.219,143.202,146.209,139.098,139.362
419.4,108.71,128.849,145.098,102.963,133.146,143.171,146.122,139.098,139.329
419.5,108.817,128.849,145.098,102.963,133.219,143.141,146.18,139.098,139.263
419.6,108.817,128.927,145.157,102.904,133.182,143.202,146.151,139.131,139.296
419.7,108.817,128.927,145.098,103.021,133.219,143.171,146.122,139.098,139.296
419.8,108.764,128.849,145.127,102.904,133.219,143.171,146.151,139.098,139.329
419.9,108.764,128.888,145.098,102.963,133.255,143.202,146.151,139.098,139.296
420.0,108.817,128.849,145.127,102.904,133.219,143.294,146.122,139.065,139.23
420.1,108.817,128.927,145.068,102.963,133.255,143.202,146.151,139.065,139.362
420.2,108.817,128.888,145.098,102.963,133.292,143.171,146.151,139.065,139.329
420.3,108.817,128.888,145.186,102.963,133.219,143.233,146.151,139.098,139.427
420.4,108.817,128.849,145.127,102.963,133.219,143.202,146.151,139.065,139.296
420.5,108.817,128.927,145.098,102.904,133.292,143.171,146.151,139.098,139.329
420.6,108.817,128.927,145.127,102.904,133.255,143.202,146.122,139.032,139.329
420.7,108.817,128.927,145.127,102.963,133.219,143.202,146.151,139.098,139.427
420.8,108.871,128.927,145.127,102.963,133.255,143.171,146.151,139.131,139.362
420.9,108.871,128.927,145.098,102.963,133.255,143.202,146.151,139.098,139.329
421.0,108.924,128.967,145.127,102.904,133.292,143.171,146.151,139.098,139.329
421.1,108.871,128.967,145.098,102.963,133.329,143.171,146.122,139.131,139.362
421.2,108.764,128.967,145.127,103.079,133.292,143.202,146.122,139.098,139.362
421.3,108.764,128.967,145.098,102.963,133.292,143.171,146.093,139.131,139.362
421.4,108.764,129.006,145.186,102.904,133.255,143.202,146.122,139.098,139.362
421.5,108.817,129.006,145.127,103.021,133.329,143.263,146.18,139.098,139.362
421.6,108.817,128.967,145.098,103.021,133.292,143.263,146.209,139.065,139.329
421.7,108.871,128.967,145.127,102.963,133.365,143.202,146.151,139.065,139.362
421.8,108.817,129.045,145.216,102.963,133.292,143.202,146.151,139.098,139.329
421.9,108.871,128.967,145.098,103.021,133.292,143.202,146.18,139.098,139.394
422.0,108.764,129.006,145.098,103.079,133.292,143.171,146.18,139.098,139.427
422.1,108.817,129.045,145.098,102.963,133.255,143.233,146.122,139.098,139.362
422.2,108.817,129.006,145.216,102.963,133.329,143.202,146.122,139.131,139.362
422.3,108.817,129.006,145.127,103.079,133.292,143.202,146.151,139.131,139.362
422.4,108.817,129.045,145.098,102.963,133.292,143.233,146.18,139.098,139.362
422.5,108.764,129.006,145.127,102.963,133.329,143.202,146.151,139.098,139.362
422.6,108.871,128.927,145.127,103.021,133.402,143.263,146.122,139.131,139.394
422.7,108.924,129.045,145.098,102.963,133.329,143.202,146.18,139.098,139.362
422.8,108.924,129.045,145.098,103.021,133.292,143.171,146.122,139.098,139.362
422.9,108.817,129.045,145.186,103.079,133.365,143.233,146.122,139.131,139.427
423.0,108.817,129.045,145.127,103.021,133.329,143.233,146.151,139.098,139.394
423.1,108.924,129.124,145.098,103.021,133.292,143.171,146.122,139.131,139.362
423.2,108.924,129.006,145.157,103.021,133.402,143.233,146.151,139.131,139.329
423.3,108.871,129.045,145.098,102.963,133.255,143.202,146.18,139.131,139.362
423.4,108.871,129.006,145.127,103.021,133.365,143.233,146.122,139.098,139.362
423.5,108.871,129.085,145.127,103.021,133.438,143.233,146.122,139.164,139.362
423.6,108.817,129.006,145.127,103.021,133.329,143.171,146.151,139.131,139.362
423.7,108.924,129.085,145.127,102.963,133.329,143.233,146.267,139.131,139.394
423.8,108.871,129.085,145.127,103.079,133.292,143.202,146.151,139.098,139.362
423.9,108.871,129.124,145.127,103.021,133.365,143.263,146.209,139.23,139.394
424.0,108.871,129.006,145.127,103.021,133.402,143.233,146.18,139.131,139.362
424.1,108.871,129.045,145.157,103.079,133.402,143.233,146.151,139.131,139.427
424.2,108.817,129.124,145.127,103.021,133.402,143.202,146.151,139.098,139.362
424.3,108.871,129.124,145.186,103.021,133.402,143.202,146.122,139.197,139.394
424.4,108.871,129.045,145.127,103.021,133.438,143.202,146.122,139.131,139.427
424.5,108.871,129.124,145.127,103.021,133.438,143.233,146.151,139.164,139.427
424.6,108.817,129.085,145.157,103.137,133.402,143.233,146.122,139.098,139.427
424.7,108.924,129.163,145.127,102.963,133.438,143.202,146.151,139.131,139.394
424.8,108.817,129.163,145.157,103.021,133.438,143.202,146.093,139.131,139.394
424.9,108.871,129.124,145.098,103.021,133.402,143.233,146.151,139.098,139.394
425.0,108.924,129.124,145.157,103.079,133.475,143.263,146.151,139.164,139.394
425.1,108.871,129.202,145.127,103.079,133.438,143.202,146.151,139.164,139.362
425.2,108.924,129.163,145.127,103.079,133.475,143.202,146.209,139.164,139.362
425.3,108.871,129.124,145.127,103.079,133.438,143.233,146.18,139.098,139.394
425.4,108.871,129.163,145.157,103.021,133.438,143.233,146.122,139.131,139.394
425.5,108.924,129.163,145.127,103.021,133.402,143.202,146.18,139.131,139.394
425.6,108.871,129.163,145.127,103.079,133.475,143.233,146.18,139.131,139.394
425.7,108.871,129.202,145.186,103.079,133.402,143.202,146.151,139.131,139.394
425.8,108.817,129.202,145.098,103.021,133.438,143.233,146.18,139.164,139.427
425.9,108.817,129.163,145.127,103.021,133.475,143.202,146.18,139.131,139.394
426.0,108.924,129.202,145.127,103.021,133.438,143.233,146.18,139.131,139.46
426.1,108.817,129.202,145.157,103.079,133.475,143.233,146.093,139.164,139.362
426.2,108.924,129.202,145.157,103.021,133.438,143.233,146.18,139.164,139.427
426.3,108.871,129.202,145.127,103.079,133.511,143.233,146.151,139.164,139.427
426.4,108.871,129.163,145.157,103.021,133.475,143.263,146.18,139.164,139.427
426.5,108.924,129.241,145.098,103.021,133.402,143.202,146.122,139.164,139.427
426.6,108.924,129.202,145.127,103.021,133.402,143.202,146.18,139.131,139.394
426.7,108.924,129.202,145.157,103.137,133.511,143.263,146.151,139.164,139.394
426.8,108.871,129.202,145.157,103.021,133.475,143.233,146.151,139.164,139.362
426.9,108.924,129.241,145.157,103.079,133.475,143.202,146.18,139.131,139.394
427.0,108.871,129.202,145.157,103.079,133.475,143.233,146.18,139.131,139.394
427.1,108.978,129.202,145.127,103.137,133.511,143.263,146.18,139.131,139.394
427.2,108.924,129.241,145.127,103.079,133.475,143.171,146.122,139.197,139.427
427.3,108.871,129.241,145.098,103.079,133.475,143.233,146.18,139.164,139.394
427.4,108.978,129.281,145.157,103.079,133.548,143.202,146.18,139.164,139.46
427.5,108.924,129.281,145.157,103.079,133.548,143.294,146.122,139.131,139.427
427.6,108.924,129.32,145.157,103.137,133.475,143.233,146.151,139.197,139.394
427.7,108.871,129.281,145.157,103.079,133.475,143.263,146.151,139.131,139.46
427.8,108.978,129.32,145.127,103.079,133.475,143.233,146.18,139.164,139.394
427.9,108.871,129.241,145.157,103.021,133.475,143.294,146.122,139.164,139.427
428.0,108.924,129.241,145.127,103.079,133.475,143.263,146.151,139.164,139.427
428.1,108.978,129.281,145.157,103.021,133.511,143.263,146.18,139.131,139.394
428.2,108.871,129.437,145.157,103.079,133.438,143.202,146.093,139.263,139.46
428.3,108.924,129.241,145.157,103.079,133.511,143.233,146.18,139.164,139.427
428.4,108.924,129.32,145.127,103.079,133.548,143.263,146.151,139.197,139.394
428.5,108.924,129.241,145.127,103.079,133.511,143.233,146.18,139.197,139.394
428.6,108.924,129.32,145.127,103.079,133.511,143.202,146.18,139.164,139.296
428.7,108.924,129.241,145.127,102.904,133.511,143.263,146.122,139.131,139.493
428.8,108.978,129.32,145.127,103.079,133.548,143.233,146.209,139.131,139.46
428.9,108.924,129.32,145.157,103.137,133.548,143.263,146.151,139.197,139.427
429.0,108.924,129.281,145.127,103.137,133.548,143.202,146.151,139.197,139.427
429.1,108.924,129.32,145.157,103.137,133.548,143.233,146.18,139.131,139.427
429.2,108.978,129.281,145.127,103.079,133.548,143.202,146.209,139.197,139.46
429.3,108.924,129.32,145.157,103.079,133.584,143.263,146.18,139.164,139.46
429.4,108.924,129.32,145.127,103.137,133.511,143.202,146.122,139.164,139.427
429.5,108.924,129.359,145.127,103.137,133.548,143.263,146.064,139.164,139.427
429.6,108.978,129.359,145.127,103.079,133.511,143.294,146.151,139.131,139.427
429.7,108.924,129.32,145.186,103.137,133.584,143.263,146.151,139.164,139.394
429.8,108.978,129.32,145.157,103.079,133.548,143.202,146.151,139.164,139.427
429.9,108.924,129.32,145.157,103.079,133.584,143.263,146.151,139.164,139.493
430.0,108.978,129.359,145.157,103.079,133.62,143.263,146.151,139.197,139.46
430.1,108.924,129.32,145.157,103.079,133.584,143.263,146.18,139.164,139.427
430.2,108.978,129.359,145.127,103.079,133.62,143.233,146.209,139.164,139.46
430.3,108.924,129.359,145.216,103.137,133.62,143.263,146.151,139.197,139.46
430.4,108.978,129.398,145.127,103.021,133.62,143.294,146.064,139.23,139.362
430.5,108.924,129.398,145.245,103.079,133.584,143.233,146.151,139.164,139.46
430.6,108.924,129.398,145.157,103.137,133.584,143.233,146.151,139.164,139.427
430.7,108.978,129.359,145.127,103.137,133.584,143.233,146.122,139.23,139.427
430.8,108.978,129.398,145.216,103.252,133.584,143.294,146.18,139.131,139.46
430.9,109.031,129.359,145.157,103.137,133.584,143.233,146.18,139.164,139.46
431.0,108.924,129.398,145.157,103.079,133.584,143.263,146.122,139.164,139.427
431.1,108.924,129.359,145.186,103.195,133.584,143.263,146.122,139.197,139.46
431.2,109.031,129.398,145.157,103.137,133.62,143.233,146.18,139.23,139.46
431.3,108.978,129.398,145.186,103.137,133.62,143.202,146.151,139.23,139.493
431.4,108.978,129.437,145.186,103.079,133.62,143.202,146.18,139.197,139.493
431.5,109.031,129.398,145.157,103.137,133.657,143.294,146.122,139.197,139.46
431.6,108.978,129.476,145.157,103.079,133.657,143.324,146.209,139.23,139.46
431.7,108.978,129.398,145.157,103.195,133.62,143.294,146.18,139.23,139.427
431.8,108.924,129.437,145.186,103.195,133.62,143.263,146.18,139.164,139.46
431.9,109.031,129.398,145.157,103.137,133.584,143.233,146.18,139.164,139.427
432.0,109.031,129.359,145.186,103.137,133.693,143.294,146.18,139.197,139.46
432.1,108.978,129.437,145.157,103.021,133.62,143.263,146.151,139.197,139.46
432.2,108.978,129.476,145.157,103.195,133.693,143.263,146.18,139.23,139.493
432.3,109.031,129.476,145.157,103.195,133.693,143.294,146.209,139.23,139.427
432.4,108.924,129.476,145.127,103.195,133.657,143.263,146.151,139.23,139.493
432.5,108.978,129.437,145.157,103.137,133.657,143.263,146.209,139.263,139.427
432.6,108.871,129.437,145.157,103.137,133.657,143.233,146.238,139.164,139.493
432.7,108.978,129.476,145.157,103.137,133.657,143.263,146.18,139.197,139.493
432.8,108.978,129.476,145.157,103.079,133.657,143.294,146.18,139.23,139.46
432.9,109.031,129.515,145.186,103.137,133.657,143.263,146.18,139.23,139.46
433.0,109.031,129.476,145.127,103.195,133.62,143.263,146.151,139.197,139.427
433.1,108.978,129.476,145.245,103.252,133.657,143.294,146.18,139.23,139.46
433.2,108.978,129.515,145.186,103.137,133.729,143.233,146.238,139.263,139.558
433.3,108.978,129.476,145.157,103.137,133.693,143.324,146.18,139.23,139.493
433.4,109.031,129.515,145.157,103.195,133.657,143.202,146.122,139.329,139.526
433.5,108.978,129.515,145.157,103.137,133.693,143.294,146.209,139.263,139.493
433.6,109.031,129.554,145.157,103.137,133.657,143.324,146.18,139.23,139.493
433.7,108.978,129.476,145.216,103.252,133.729,143.263,146.18,139.263,139.493
433.8,109.031,129.515,145.157,103.195,133.657,143.233,146.151,139.23,139.427
433.9,108.978,129.515,145.157,103.137,133.693,143.263,146.122,139.23,139.493
434.0,109.031,129.554,145.186,103.137,133.729,143.294,146.18,139.197,139.493
434.1,109.031,129.515,145.157,103.195,133.729,143.263,146.122,139.197,139.493
434.2,109.031,129.515,145.157,103.079,133.729,143.294,146.151,139.263,139.46
434.3,109.031,129.593,145.127,103.137,133.729,143.233,146.18,139.23,139.493
434.4,108.978,129.554,145.157,103.195,133.729,143.263,146.18,139.263,139.493
434.5,109.031,129.671,145.157,103.137,133.729,143.324,146.18,139.263,139.46
434.6,109.031,129.554,145.157,103.137,133.766,143.324,146.238,139.263,139.558
434.7,109.031,129.632,145.157,103.195,133.729,143.294,146.18,139.23,139.46
434.8,109.085,129.554,145.216,103.252,133.766,143.294,146.18,139.23,139.46
434.9,109.031,129.554,145.157,103.195,133.874,143.263,146.151,139.23,139.493
435.0,109.031,129.554,145.186,103.252,133.729,143.294,146.18,139.23,139.493
435.1,108.978,129.554,145.157,103.195,133.729,143.294,146.18,139.263,139.493
435.2,108.978,129.632,145.157,103.252,133.766,143.294,146.18,139.23,139.493
435.3,109.085,129.593,145.186,103.195,133.766,143.263,146.151,139.23,139.46
435.4,109.031,129.554,145.157,103.195,133.838,143.294,146.122,139.23,139.493
435.5,109.191,129.632,145.157,103.195,133.802,143.324,146.151,139.23,139.493
435.6,109.031,129.593,145.216,103.252,133.766,143.263,146.151,139.263,139.493
435.7,108.978,129.593,145.186,103.195,133.802,143.294,146.18,139.23,139.493
435.8,109.031,129.593,145.157,103.137,133.766,143.263,146.18,139.23,139.493
435.9,108.978,129.632,145.216,103.137,133.766,143.263,146.18,139.164,139.493
436.0,109.031,129.632,145.216,103.195,133.802,143.263,146.18,139.263,139.558
436.1,109.031,129.671,145.157,103.195,133.766,143.294,146.209,139.23,139.526
436.2,109.085,129.593,145.157,103.31,133.766,143.355,146.18,139.263,139.526
436.3,109.031,129.632,145.186,103.195,133.802,143.294,146.238,139.197,139.526
436.4,109.085,129.632,145.068,103.252,133.802,143.294,146.18,139.23,139.493
436.5,109.031,129.671,145.157,103.195,133.802,143.294,146.18,139.263,139.526
436.6,109.085,129.632,145.157,103.31,133.802,143.355,146.18,139.23,139.493
436.7,109.031,129.671,145.127,103.252,133.802,143.294,146.209,139.263,139.493
436.8,109.085,129.632,145.186,103.252,133.766,143.263,146.18,139.263,139.526
436.9,109.085,129.671,145.186,103.195,133.802,143.294,146.18,139.164,139.493
437.0,109.085,129.671,145.186,103.31,133.838,143.294,146.18,139.23,139.558
437.1,109.085,129.671,145.186,103.195,133.802,143.324,146.18,139.23,139.591
437.2,109.085,129.71,145.186,103.252,133.838,143.294,146.151,139.263,139.526
437.3,109.085,129.671,145.157,103.252,133.838,143.355,146.18,139.263,139.526
437.4,109.085,129.71,145.127,103.368,133.802,143.324,146.18,139.263,139.526
437.5,109.031,129.749,145.186,103.195,133.838,143.324,146.18,139.296,139.493
437.6,109.031,129.749,145.186,103.195,133.838,143.355,146.209,139.23,139.493
437.7,109.085,129.71,145.186,103.195,133.838,143.324,146.209,139.263,139.526
437.8,109.085,129.671,145.186,103.195,133.838,143.294,146.18,139.263,139.493
437.9,109.191,129.671,145.157,103.252,133.874,143.294,146.209,139.263,139.46
438.0,109.031,129.671,145.186,103.31,133.838,143.294,146.209,139.263,139.493
438.1,109.031,129.671,145.216,103.31,133.874,143.294,146.209,139.263,139.526
438.2,109.085,129.71,145.186,103.252,133.911,143.294,146.18,139.329,139.493
438.3,109.031,129.71,145.216,103.252,133.874,143.294,146.151,139.362,139.493
438.4,109.085,129.749,145.216,103.252,133.802,143.324,146.18,139.23,139.624
438.5,109.085,129.749,145.216,103.252,133.874,143.233,146.151,139.296,139.526
438.6,109.031,129.749,145.127,103.252,133.838,143.294,146.209,139.263,139.526
438.7,109.031,129.749,145.186,103.252,133.874,143.324,146.18,139.263,139.526
438.8,109.085,129.826,145.216,103.252,133.838,143.324,146.18,139.263,139.493
438.9,109.085,129.787,145.157,103.31,133.911,143.355,146.209,139.263,139.526
439.0,109.138,129.787,145.245,103.252,133.874,143.294,146.209,139.296,139.526
439.1,109.085,129.787,145.216,103.252,133.911,143.294,146.151,139.263,139.526
439.2,108.978,129.749,145.186,103.252,133.874,143.294,146.209,139.263,139.526
439.3,109.085,129.787,145.157,103.252,133.911,143.294,146.296,139.329,139.526
439.4,109.085,129.71,145.216,103.252,133.874,143.294,146.209,139.296,139.526
439.5,109.085,129.749,145.245,103.252,133.874,143.294,146.18,139.329,139.493
439.6,109.138,129.787,145.216,103.252,133.874,143.294,146.18,139.263,139.526
439.7,109.085,129.749,145.186,103.31,133.874,143.324,146.18,139.329,139.526
439.8,109.085,129.787,145.216,103.31,133.911,143.294,146.18,139.296,139.526
439.9,109.138,129.826,145.186,103.252,133.911,143.324,146.18,139.296,139.558
440.0,109.085,129.787,145.157,103.31,133.838,143.263,146.18,139.296,139.526
440.1,109.138,129.787,145.186,103.31,133.911,143.294,146.151,139.263,139.558
440.2,109.138,129.787,145.216,103.252,133.983,143.294,146.18,139.263,139.526
440.3,109.085,129.826,145.127,103.368,133.911,143.324,146.209,139.263,139.526
440.4,109.138,129.787,145.216,103.31,133.911,143.324,146.267,139.296,139.591
440.5,109.085,129.826,145.186,103.252,133.983,143.294,146.18,139.263,139.558
440.6,109.085,129.826,145.216,103.252,133.911,143.294,146.209,139.296,139.591
440.7,109.085,129.826,145.275,103.31,133.911,143.294,146.18,139.296,139.558
440.8,109.085,129.787,145.186,103.252,133.983,143.294,146.18,139.23,139.526
440.9,109.138,129.942,145.216,103.31,133.947,143.294,146.18,139.296,139.526
441.0,109.138,129.904,145.216,103.252,133.947,143.324,146.18,139.329,139.526
441.1,109.085,129.865,145.216,103.252,133.947,143.324,146.209,139.296,139.558
441.2,109.191,129.865,145.216,103.252,133.983,143.324,146.209,139.296,139.591
441.3,109.138,129.826,145.186,103.195,134.019,143.324,146.209,139.164,139.558
441.4,109.138,129.981,145.186,103.252,133.911,143.263,146.18,139.329,139.591
441.5,109.031,129.826,144.801,103.31,133.983,143.294,146.18,139.296,139.526
441.6,109.138,129.865,145.157,103.31,133.983,143.294,146.209,139.296,139.558
441.7,109.085,129.904,145.186,103.31,133.947,143.355,146.209,139.296,139.591
441.8,109.138,129.865,145.216,103.252,133.983,143.294,146.18,139.296,139.427
441.9,109.085,129.865,145.216,103.079,133.947,143.324,146.18,139.263,139.657
442.0,109.085,129.904,145.216,103.252,134.019,143.294,146.18,139.329,139.558
442.1,109.138,129.942,145.216,103.31,133.947,143.324,146.18,139.296,139.558
442.2,109.085,129.904,145.216,103.252,133.947,143.294,146.18,139.296,139.526
442.3,109.138,129.942,145.186,103.252,133.983,143.294,146.238,139.296,139.558
442.4,109.191,129.904,145.157,103.31,134.019,143.355,146.209,139.296,139.558
442.5,109.244,129.865,145.216,103.252,134.019,143.324,146.18,139.296,139.526
442.6,109.191,129.942,145.216,103.31,134.019,143.294,146.209,139.263,139.558
442.7,109.191,129.865,145.186,103.252,133.983,143.324,146.18,139.296,139.558
442.8,109.244,129.942,145.216,103.31,134.019,143.324,146.238,139.329,139.591
442.9,109.244,129.942,145.098,103.31,134.019,143.355,146.18,139.329,139.624
443.0,109.138,129.981,145.186,103.31,134.019,143.324,146.238,139.296,139.558
443.1,109.191,129.942,145.275,103.31,134.019,143.355,146.18,139.329,139.558
443.2,109.138,129.942,145.186,103.31,134.019,143.324,146.209,139.329,139.558
443.3,109.138,129.942,145.245,103.31,133.983,143.385,146.18,139.362,139.526
443.4,109.244,129.942,145.186,103.368,134.055,143.324,146.209,139.362,139.624
443.5,109.191,129.942,145.186,103.368,134.019,143.385,146.238,139.329,139.493
443.6,109.191,129.942,145.216,103.368,134.091,143.355,146.18,139.362,139.591
443.7,109.191,129.942,145.186,103.31,134.055,143.324,146.296,139.329,139.558
443.8,109.191,129.904,145.186,103.426,134.019,143.324,146.151,139.329,139.558
443.9,109.138,129.942,145.216,103.31,134.019,143.324,146.18,139.296,139.558
444.0,109.138,130.02,145.245,103.426,134.055,143.355,146.18,139.263,139.558
444.1,109.244,129.981,145.186,103.368,134.019,143.355,146.18,139.362,139.558
444.2,109.244,129.981,145.186,103.368,134.019,143.324,146.209,139.329,139.689
444.3,109.085,129.942,145.216,103.426,134.055,143.294,146.18,139.362,139.624
444.4,109.244,129.981,145.245,103.368,134.091,143.355,146.18,139.329,139.624
444.5,109.244,129.981,145.216,103.368,134.019,143.324,146.151,139.296,139.558
444.6,109.244,129.942,145.216,103.368,134.2,143.446,146.18,139.329,139.657
444.7,109.244,129.942,145.334,103.426,134.019,143.324,146.18,139.362,139.591
444.8,109.244,129.981,145.216,103.426,134.055,143.324,146.18,139.329,139.591
444.9,109.298,129.942,145.216,103.368,134.055,143.416,146.18,139.362,139.558
445.0,109.244,129.942,145.245,103.31,134.091,143.355,146.209,139.362,139.558
445.1,109.244,129.942,145.334,103.426,134.127,143.446,146.209,139.296,139.558
445.2,109.298,129.942,145.245,103.426,134.055,143.355,146.238,139.296,139.558
445.3,109.244,130.02,145.186,103.426,134.127,143.324,146.18,139.296,139.558
445.4,109.298,129.942,145.186,103.368,134.055,143.324,146.18,139.296,139.591
445.5,109.298,129.981,145.216,103.368,134.127,143.324,146.209,139.296,139.526
445.6,109.298,129.981,145.216,103.368,134.019,143.324,146.18,139.296,139.46
445.7,109.244,129.981,145.216,103.368,134.019,143.355,146.18,139.329,139.558
445.8,109.298,129.942,145.216,103.426,134.019,143.324,146.267,139.263,139.526
445.9,109.244,129.942,145.186,103.426,134.164,143.355,146.151,139.296,139.558
446.0,109.298,129.981,145.245,103.426,133.983,143.355,146.18,139.296,139.493
446.1,109.298,129.942,145.216,103.368,133.983,143.355,146.209,139.296,139.526
446.2,109.404,129.942,145.245,103.426,134.091,143.324,146.209,139.329,139.493
446.3,109.298,129.942,145.216,103.483,134.091,143.385,146.18,139.263,139.657
446.4,109.298,129.942,145.216,103.426,134.055,143.416,146.209,139.263,139.526
446.5,109.351,129.904,145.216,103.483,134.055,143.324,146.18,139.23,139.558
446.6,109.298,129.942,145.216,103.426,134.019,143.324,146.18,139.296,139.46
446.7,109.351,129.942,145.275,103.483,134.019,143.355,146.209,139.296,139.526
446.8,109.351,129.942,145.216,103.426,134.019,143.324,146.209,139.329,139.558
446.9,109.351,129.904,145.245,103.426,134.019,143.294,146.238,139.23,139.493
447.0,109.298,129.904,145.216,103.541,134.019,143.324,146.209,139.23,139.46
447.1,109.351,129.942,145.216,103.541,134.019,143.416,146.209,139.263,139.558
447.2,109.351,129.904,145.245,103.541,134.091,143.324,146.18,139.263,139.427
447.3,109.351,129.865,145.245,103.483,133.983,143.355,146.238,139.263,139.46
447.4,109.298,129.904,145.186,103.541,133.983,143.355,146.18,139.197,139.427
447.5,109.298,129.865,145.216,103.483,133.983,143.324,146.209,139.23,139.394
447.6,109.51,129.865,145.186,103.599,134.091,143.355,146.238,139.263,139.362
447.7,109.404,129.826,145.275,103.541,133.947,143.263,146.238,139.164,139.394
447.8,109.404,129.826,145.275,103.541,133.947,143.324,146.18,139.197,139.394
447.9,109.351,129.865,145.157,103.599,133.983,143.324,146.238,139.197,139.427
448.0,109.404,129.826,145.216,103.599,133.983,143.324,146.18,139.164,139.362
448.1,109.404,129.865,145.216,103.599,133.947,143.294,146.151,139.164,139.427
448.2,109.351,129.787,145.245,103.771,133.947,143.324,146.238,139.164,139.362
448.3,109.404,129.981,145.186,103.656,133.911,143.355,146.151,139.164,139.329
448.4,109.404,129.826,145.186,103.771,133.983,143.355,146.209,139.164,139.362
448.5,109.404,129.787,145.216,103.599,133.911,143.355,146.18,139.131,139.329
448.6,109.351,129.749,145.216,103.714,133.947,143.294,146.18,139.131,139.296
448.7,109.404,129.71,145.216,103.656,133.947,143.324,146.209,139.098,139.23
448.8,109.404,129.71,145.186,103.714,133.947,143.294,146.209,139.098,139.329
448.9,109.457,129.826,145.686,103.656,133.911,143.355,146.151,139.131,139.362
449.0,109.404,129.71,145.127,103.714,133.947,143.324,146.18,139.065,139.296
449.1,109.351,129.749,145.186,103.656,133.874,143.324,146.18,139.032,139.296
449.2,109.404,129.671,145.186,103.714,133.874,143.355,146.209,139.032,139.23
449.3,109.457,129.787,145.186,103.656,133.838,143.324,146.209,139.065,139.23
449.4,109.404,129.632,145.068,103.771,133.874,143.294,146.151,139.032,139.197
449.5,109.563,129.671,145.216,103.714,133.838,143.294,146.18,138.999,139.197
449.6,109.404,129.749,145.186,103.714,133.874,143.324,146.18,139.032,139.23
449.7,109.457,129.632,145.186,103.771,133.838,143.355,146.18,138.966,139.23
449.8,109.457,129.593,145.186,103.714,133.802,143.263,146.18,138.966,139.23
449.9,109.404,129.632,145.157,103.714,133.838,143.294,146.151,138.966,139.197
450.0,109.457,129.632,145.157,103.771,133.838,143.324,146.151,138.966,139.164
450.1,109.404,129.554,145.157,103.771,133.838,143.263,146.18,138.932,139.164
450.2,109.457,129.632,145.157,103.771,133.693,143.324,146.151,138.866,139.164
450.3,109.404,129.632,145.127,103.714,133.729,143.294,146.209,138.932,139.131
450.4,109.51,129.593,145.216,103.771,133.766,143.294,146.18,138.932,139.131
450.5,109.404,129.515,145.216,103.771,133.766,143.324,146.18,138.899,139.098
450.6,109.404,129.515,145.127,103.771,133.729,143.263,146.151,138.932,139.164
450.7,109.404,129.515,145.127,103.829,133.729,143.324,146.151,138.899,139.164
450.8,109.457,129.515,145.216,103.829,133.693,143.355,146.18,138.899,139.065
450.9,109.404,129.437,145.127,103.829,133.729,143.294,146.18,138.767,139.098
451.0,109.351,129.437,145.157,103.771,133.657,143.263,146.209,138.899,138.966
451.1,109.404,129.437,145.127,103.829,133.693,143.324,146.151,138.833,139.032
451.2,109.457,129.398,145.186,103.829,133.693,143.355,146.151,138.8,139.065
451.3,109.404,129.398,145.127,103.943,133.657,143.294,146.18,138.8,139.065
451.4,109.404,129.437,145.157,103.771,133.62,143.263,146.122,138.767,138.999
451.5,109.404,129.437,145.157,103.829,133.62,143.324,146.18,138.767,138.966
451.6,109.351,129.359,145.127,103.829,133.62,143.263,146.151,138.733,138.966
451.7,109.404,129.359,145.157,103.886,133.584,143.233,146.151,138.733,138.966
451.8,109.404,129.437,145.216,103.771,133.62,143.294,146.151,138.733,138.966
451.9,109.351,129.359,145.127,103.829,133.62,143.263,146.151,138.733,138.899
452.0,109.404,129.359,145.068,103.886,133.438,143.233,146.151,138.733,138.932
452.1,109.669,129.32,145.157,103.829,133.62,143.263,146.122,138.667,138.899
452.2,109.404,129.32,145.127,103.829,133.584,143.233,146.151,138.667,138.899
452.3,109.351,129.281,145.098,103.829,133.584,143.263,146.18,138.633,138.866
452.4,109.404,129.32,145.009,103.829,133.548,143.263,146.122,138.633,138.866
452.5,109.351,129.281,145.098,103.829,133.548,143.233,146.122,138.633,138.833
452.6,109.298,129.281,145.127,103.829,133.475,143.263,146.122,138.6,138.8
452.7,109.244,129.202,145.127,103.829,133.548,143.202,146.151,138.567,138.8
452.8,109.616,129.241,145.127,103.829,133.438,143.263,146.151,138.6,138.667
452.9,109.351,129.241,145.068,103.886,133.511,143.233,146.151,138.567,138.767
453.0,109.298,129.163,145.068,103.771,133.402,143.202,146.18,138.6,138.8
453.1,109.244,129.124,145.127,103.829,133.475,143.202,146.151,138.5,138.7
453.2,109.298,129.085,145.127,103.886,133.438,143.202,146.093,138.5,138.733
453.3,109.298,129.085,145.127,103.886,133.438,143.202,146.151,138.533,138.7
453.4,109.298,129.045,145.068,103.829,133.365,143.171,146.093,138.433,138.667
453.5,109.138,129.045,145.068,103.829,133.365,143.171,146.122,138.433,138.633
453.6,109.351,129.045,145.098,103.771,133.292,143.202,146.093,138.467,138.633
453.7,109.138,129.124,145.098,103.886,133.329,143.202,146.122,138.4,138.633
453.8,109.244,129.045,145.068,103.829,133.329,143.233,146.093,138.5,138.7
453.9,109.298,129.006,145.127,103.771,133.329,143.171,146.122,138.366,138.567
454.0,109.244,129.006,145.098,103.829,133.255,143.202,146.093,138.433,138.7
454.1,109.244,128.967,145.098,103.829,133.255,143.263,146.093,138.366,138.6
454.2,109.298,128.967,145.098,103.886,133.255,143.202,146.151,138.4,138.6
454.3,109.191,128.967,145.068,103.886,133.292,143.171,146.151,138.366,138.533
454.4,109.298,128.927,145.009,103.829,133.219,143.202,146.122,138.333,138.533
454.5,109.244,128.927,145.039,103.829,133.255,143.202,146.093,138.299,138.533
454.6,109.244,128.927,145.068,103.829,133.292,143.141,146.093,138.266,138.533
454.7,109.191,128.927,145.068,103.771,133.072,143.141,146.093,138.299,138.5
454.8,109.138,128.888,145.068,103.829,133.219,143.171,146.122,138.299,138.567
454.9,108.226,128.809,145.039,103.886,133.182,143.141,146.093,138.266,138.533
455.0,109.191,128.77,145.039,103.829,133.182,143.171,146.064,138.266,138.5
455.1,109.138,128.809,145.039,103.886,133.146,143.11,146.064,138.199,138.433
455.2,109.085,128.809,145.098,103.829,133.109,143.171,146.093,138.232,138.433
455.3,109.138,128.77,145.009,103.771,133.109,143.11,146.093,138.232,138.433
455.4,109.138,128.77,145.039,103.829,133.109,143.141,146.122,138.165,138.4
455.5,109.138,128.73,145.009,103.771,133.035,143.202,146.064,138.165,138.433
455.6,109.191,128.73,145.039,103.714,133.072,143.079,146.093,138.132,138.366
455.7,109.138,128.572,145.009,103.771,133.035,143.11,146.093,138.132,138.299
455.8,109.085,128.691,145.039,103.714,133.035,143.141,146.064,138.098,138.333
455.9,109.085,128.651,145.009,103.829,133.072,143.141,146.093,138.064,138.366
456.0,109.031,128.691,145.039,103.829,132.999,143.141,146.064,138.064,138.299
456.1,109.031,128.651,145.009,103.829,132.999,143.11,146.035,138.064,138.333
456.2,109.031,128.612,145.009,103.771,133.035,143.11,146.093,138.098,138.299
456.3,108.978,128.612,144.979,103.829,132.962,143.11,146.093,138.031,138.266
456.4,109.191,128.572,144.979,103.771,132.999,143.079,146.006,138.031,138.199
456.5,109.031,128.612,144.979,103.599,132.999,143.11,146.064,138.031,138.232
456.6,109.031,128.572,144.979,103.829,132.999,143.079,146.035,137.963,138.232
456.7,109.031,128.612,145.039,103.771,132.888,143.079,146.093,137.997,138.232
456.8,108.978,128.572,145.009,103.771,132.888,143.079,146.064,137.997,138.232
456.9,109.031,128.493,144.95,103.771,132.925,143.079,146.035,137.997,138.132
457.0,108.924,128.532,144.95,103.714,132.851,143.079,146.064,137.929,138.165
457.1,108.924,128.453,144.979,103.771,132.814,143.11,146.122,137.862,138.266
457.2,108.978,128.493,144.979,103.771,132.851,143.11,146.064,137.862,138.064
457.3,108.924,128.413,144.979,103.714,132.851,143.048,146.093,137.862,138.098
457.4,108.924,128.413,144.979,103.771,132.851,143.079,146.064,137.896,138.064
457.5,108.924,128.374,144.979,103.714,132.778,143.048,146.035,137.896,138.064
457.6,108.924,128.374,144.979,103.714,132.778,143.202,146.035,137.828,138.031
457.7,108.817,128.413,144.95,103.656,132.741,143.018,146.064,137.794,138.031
457.8,108.817,128.294,144.95,103.656,132.741,143.048,146.035,137.761,137.997
457.9,108.817,128.413,144.92,103.714,132.741,143.048,146.064,137.761,137.963
458.0,108.817,128.214,144.95,103.714,132.704,143.079,146.093,137.761,137.963
458.1,108.817,128.254,144.95,103.656,132.667,143.018,146.006,137.659,137.929
458.2,108.764,128.214,144.979,103.714,132.704,143.018,146.035,137.727,137.997
458.3,108.764,128.214,144.95,103.599,132.593,143.018,145.977,137.693,137.929
458.4,108.817,128.294,144.95,103.714,132.667,143.018,146.064,137.693,137.929
458.5,108.71,128.214,144.979,103.656,132.63,143.048,146.035,137.693,137.862
458.6,108.764,128.214,144.979,103.714,132.593,143.018,146.064,137.693,137.896
458.7,108.71,128.135,144.95,103.599,132.593,142.956,146.006,137.625,137.862
458.8,108.657,128.135,144.92,103.599,132.556,142.987,146.064,137.625,137.862
458.9,108.657,128.095,144.92,103.714,132.556,142.987,145.977,137.591,137.862
459.0,108.764,128.135,144.95,103.426,132.556,142.987,146.035,137.625,137.794
459.1,108.657,128.055,144.95,103.599,132.593,143.018,146.035,137.591,137.794
459.2,108.657,128.055,144.95,103.656,132.519,142.987,146.035,137.591,137.794
459.3,108.657,128.095,144.979,103.599,132.482,143.018,146.006,137.523,137.727
459.4,108.603,128.095,144.89,103.599,132.482,142.987,146.093,137.489,137.794
459.5,108.603,128.055,144.92,103.599,132.444,142.956,146.006,137.523,137.693
459.6,108.495,128.175,144.89,103.483,132.444,142.987,146.093,137.523,137.693
459.7,108.549,127.975,144.92,103.541,132.407,142.925,146.064,137.489,137.659
459.8,108.549,127.975,144.92,103.599,132.519,142.956,145.977,137.523,137.693
459.9,108.442,127.895,144.92,103.541,132.333,142.925,146.035,137.387,137.523
460.0,108.549,127.895,144.979,103.599,132.37,142.925,146.006,137.387,137.591
460.1,108.495,127.895,144.979,103.541,132.296,142.925,145.948,137.353,137.591
460.2,108.495,127.855,144.861,103.426,132.333,142.987,146.006,137.353,137.591
460.3,108.442,127.855,144.89,103.541,132.259,142.895,146.006,137.353,137.557
460.4,108.388,127.775,144.92,103.483,132.259,142.925,146.035,137.387,137.523
460.5,108.495,127.775,144.89,103.483,132.333,142.925,145.948,137.319,137.557
460.6,108.388,127.775,144.861,103.483,132.221,142.956,146.006,137.421,137.489
460.7,108.388,127.775,144.861,103.426,132.259,142.895,146.035,137.251,137.523
460.8,108.388,127.694,144.89,103.483,132.221,142.925,145.977,137.285,137.489
460.9,108.388,127.734,144.861,103.541,132.147,142.895,146.006,137.251,137.523
461.0,108.334,127.694,144.89,103.368,132.184,142.895,146.006,137.216,137.489
461.1,108.28,127.654,144.861,103.483,132.147,142.895,146.006,137.182,137.421
461.2,108.226,127.654,144.89,103.368,132.184,142.895,146.006,137.182,137.455
461.3,108.334,127.654,144.861,103.483,132.184,142.895,145.977,137.216,137.455
461.4,108.388,127.614,144.861,103.368,132.147,142.925,145.977,137.182,137.421
461.5,108.28,127.574,144.861,103.368,132.184,142.864,145.977,137.148,137.387
461.6,108.28,127.533,144.861,103.31,132.072,142.864,145.977,137.08,137.387
461.7,108.118,127.614,144.831,103.368,132.109,142.833,146.035,137.08,137.353
461.8,108.172,127.533,144.801,103.368,132.109,142.895,145.977,137.114,137.353
461.9,108.28,127.533,144.861,103.31,132.035,142.864,145.977,137.08,137.319
462.0,108.172,127.574,144.861,103.368,132.035,142.833,145.977,137.114,137.319
462.1,108.226,127.493,144.89,103.31,132.035,142.864,145.977,137.08,137.285
462.2,108.118,127.493,144.801,103.31,131.997,142.864,145.977,137.08,137.216
462.3,108.172,127.493,144.831,103.31,131.922,142.895,145.977,137.045,137.251
462.4,108.118,127.453,144.89,103.31,131.922,142.833,145.977,137.08,137.251
462.5,108.118,127.614,144.831,103.31,131.922,142.833,146.006,137.011,137.216
462.6,108.118,127.412,144.831,103.252,131.848,142.864,146.006,137.011,137.251
462.7,108.01,127.412,144.831,103.31,131.922,142.833,145.977,137.011,137.182
462.8,108.01,127.332,144.831,103.252,131.885,142.833,145.977,136.943,137.216
462.9,108.01,127.332,144.801,103.31,131.96,142.833,145.948,136.943,137.182
463.0,108.01,127.291,144.801,103.137,131.848,142.833,146.035,136.977,137.216
463.1,107.901,127.251,144.801,103.195,131.885,142.802,145.977,136.805,137.08
463.2,108.01,127.21,144.831,103.195,131.81,142.771,145.977,136.908,137.011
463.3,107.955,127.251,144.831,103.137,131.772,142.74,145.977,136.874,137.114
463.4,107.793,127.21,144.831,103.252,131.81,142.802,145.948,136.874,137.08
463.5,107.901,127.17,144.861,103.137,131.735,142.771,145.919,136.805,137.08
463.6,107.901,127.17,144.831,103.079,131.735,142.802,145.977,136.805,137.045
463.7,107.847,127.007,144.742,103.137,131.697,142.709,145.948,136.805,137.182
463.8,107.847,127.089,144.772,103.021,131.66,142.771,145.977,136.771,137.011
463.9,107.793,127.007,144.801,103.137,131.697,142.833,145.948,136.771,137.011
464.0,107.847,127.129,144.801,103.137,131.66,142.74,145.948,136.736,136.977
464.1,107.793,127.048,144.801,103.079,131.697,142.771,146.006,136.736,136.977
464.2,107.793,127.007,144.801,103.137,131.66,142.74,145.948,136.736,136.977
464.3,107.793,127.089,144.742,103.079,131.622,142.802,145.948,136.702,136.977
464.4,107.738,127.007,144.772,103.021,131.622,142.74,145.948,136.667,136.943
464.5,107.684,126.926,144.772,103.021,131.547,142.74,145.919,136.702,136.943
464.6,107.684,126.845,144.742,103.021,131.547,142.709,145.948,136.702,136.874
464.7,107.738,126.926,144.831,103.079,131.509,142.709,145.948,136.667,136.874
464.8,107.63,126.885,144.742,103.021,131.509,142.74,145.977,136.667,136.874
464.9,107.684,126.967,144.742,103.021,131.434,142.648,145.89,136.667,136.908
465.0,107.575,126.885,144.772,102.963,131.471,142.709,145.919,136.598,136.839
465.1,107.63,126.885,144.772,103.021,131.509,142.74,145.919,136.633,136.874
465.2,107.63,126.845,144.712,102.904,131.396,142.679,145.977,136.564,136.805
465.3,107.575,126.885,144.742,102.904,131.434,142.74,145.948,136.564,136.805
465.4,107.575,126.804,144.772,102.963,131.471,142.709,145.948,136.598,136.805
465.5,107.575,126.763,144.742,103.021,131.396,142.709,145.948,136.564,136.805
465.6,107.521,126.641,144.742,102.904,131.396,142.679,145.89,136.529,136.771
465.7,107.575,126.763,144.772,102.846,131.396,142.679,145.919,136.529,136.771
465.8,107.575,126.763,144.712,102.846,131.32,142.679,145.89,136.529,136.805
465.9,107.466,126.763,144.742,102.904,131.358,142.679,145.919,136.494,136.736
466.0,107.411,126.763,144.742,102.904,131.396,142.679,145.89,136.494,136.736
466.1,107.521,126.763,144.652,102.904,131.358,142.679,145.948,136.46,136.736
466.2,107.466,126.682,144.712,102.788,131.32,142.679,145.919,136.494,136.702
466.3,107.357,126.641,144.712,102.846,131.282,142.709,145.919,136.494,136.667
466.4,107.411,126.641,144.742,102.846,131.245,142.679,145.861,136.39,136.667
466.5,107.357,126.722,144.742,102.788,131.245,142.617,145.919,136.425,136.667
466.6,107.357,126.6,144.772,102.788,131.245,142.679,145.89,136.46,136.667
466.7,107.411,126.518,144.682,102.788,131.245,142.679,145.919,136.39,136.633
466.8,107.302,126.682,144.742,102.73,131.169,142.617,145.773,136.425,136.598
466.9,107.247,126.518,144.742,102.73,131.207,142.617,145.919,136.252,136.598
467.0,107.193,126.477,144.682,102.788,131.207,142.617,145.861,136.286,136.529
467.1,107.247,126.395,144.652,102.672,131.169,142.679,145.919,136.356,136.598
467.2,107.247,126.189,144.682,102.555,131.055,142.617,145.919,136.286,136.529
467.3,107.193,126.354,144.652,102.672,131.093,142.586,145.89,136.286,136.494
467.4,107.138,126.313,144.682,102.613,131.017,142.617,145.861,136.286,136.46
467.5,106.973,126.354,144.682,102.613,131.017,142.586,145.861,136.252,136.494
467.6,107.138,126.313,144.652,102.555,130.979,142.586,145.861,136.217,136.425
467.7,107.083,126.272,144.682,102.555,130.979,142.586,145.89,136.217,136.46
467.8,107.083,126.272,144.652,102.613,131.017,142.586,145.861,136.182,136.425
467.9,107.028,126.272,144.682,102.613,130.941,142.555,145.89,136.182,136.46
468.0,107.083,126.313,144.652,102.613,130.941,142.617,145.861,136.182,136.39
468.1,107.028,126.231,144.652,102.555,130.903,142.648,145.861,136.147,136.39
468.2,106.973,126.272,144.682,102.613,130.903,142.555,145.861,136.147,136.39
468.3,107.028,126.189,144.682,102.555,130.903,142.555,145.89,136.182,136.356
468.4,106.973,126.189,144.652,102.438,130.903,142.555,145.861,136.147,136.425
468.5,107.028,126.189,144.742,102.497,130.864,142.586,145.773,136.112,136.321
468.6,106.918,126.107,144.682,102.555,130.864,142.555,145.89,136.147,136.356
468.7,106.973,126.189,144.682,102.497,130.864,142.586,145.89,136.112,136.321
468.8,106.918,126.107,144.593,102.555,130.864,142.555,145.861,136.112,136.321
468.9,106.918,126.024,144.623,102.438,130.788,142.555,145.919,136.078,136.321
469.0,106.808,126.024,144.682,102.438,130.75,142.555,145.832,136.043,136.321
469.1,106.863,125.983,144.623,102.497,130.712,142.586,145.861,136.008,136.321
469.2,106.863,126.024,144.623,102.438,130.712,142.524,145.861,135.973,136.252
469.3,106.808,126.066,144.652,102.38,130.674,142.524,145.89,136.008,136.356
469.4,106.863,126.024,144.623,102.262,130.788,142.555,145.861,135.973,136.252
469.5,106.753,125.983,144.593,102.38,130.674,142.493,145.89,135.973,136.252
469.6,106.753,125.901,144.623,102.38,130.674,142.524,145.948,135.938,136.217
469.7,106.808,125.901,144.623,102.38,130.597,142.555,145.861,135.938,136.182
469.8,106.753,125.942,144.623,102.321,130.635,142.555,145.861,135.938,136.286
469.9,106.698,125.859,144.593,102.321,130.712,142.524,145.861,135.938,136.217
470.0,106.698,125.901,144.623,102.321,130.597,142.493,145.861,135.903,136.217
470.1,106.753,125.776,144.623,102.321,130.597,142.524,145.89,135.903,136.182
470.2,106.753,125.818,144.623,102.321,130.597,142.493,145.832,135.973,136.147
470.3,106.643,125.859,144.652,102.321,130.559,142.493,145.861,135.903,136.182
470.4,106.588,125.776,144.593,102.262,130.52,142.493,145.861,135.833,136.112
470.5,106.643,125.735,144.623,102.262,130.559,142.462,145.861,135.973,136.112
470.6,106.643,125.818,144.623,102.262,130.559,142.493,145.832,135.763,136.147
470.7,106.588,125.693,144.623,102.262,130.444,142.462,145.832,135.833,136.112
470.8,106.588,125.652,144.593,102.204,130.482,142.462,145.861,135.833,136.112
470.9,106.532,125.652,144.593,102.204,130.444,142.462,145.89,135.763,136.112
471.0,106.532,125.652,144.623,102.262,130.405,142.462,145.832,135.798,136.043
471.1,106.532,125.61,144.593,102.262,130.405,142.462,145.802,135.833,136.008
471.2,106.532,125.61,144.593,102.204,130.405,142.462,145.802,135.763,136.043
471.3,106.477,125.569,144.623,102.204,130.405,142.43,145.861,135.798,135.973
471.4,106.422,125.61,144.623,102.145,130.367,142.493,145.832,135.763,135.938
471.5,106.532,125.527,144.623,102.145,130.367,142.462,145.89,135.728,136.008
471.6,106.477,125.569,144.563,102.145,130.367,142.462,145.861,135.693,135.973
471.7,106.422,125.485,144.593,102.086,130.29,142.43,145.861,135.658,135.973
471.8,106.366,125.527,144.623,102.145,130.251,142.43,145.832,135.693,136.008
471.9,106.366,125.485,144.593,102.086,130.251,142.399,145.832,135.693,135.973
472.0,106.366,125.485,144.623,102.086,130.213,142.399,145.832,135.658,135.903
472.1,106.311,125.444,144.563,102.086,130.213,142.43,145.832,135.623,135.903
472.2,106.311,125.402,144.533,102.028,130.136,142.399,145.832,135.658,135.868
472.3,106.311,125.402,144.623,102.028,130.213,142.399,145.861,135.623,135.903
472.4,106.255,125.36,144.563,102.086,130.174,142.43,145.832,135.623,135.973
472.5,106.255,125.402,144.593,102.028,130.213,142.368,145.832,135.623,135.868
472.6,106.255,125.319,144.533,102.086,130.174,142.399,145.832,135.587,135.833
472.7,106.2,125.319,144.563,101.969,130.136,142.368,145.832,135.552,135.833
472.8,106.2,125.36,144.563,102.028,130.02,142.368,145.861,135.587,135.833
472.9,106.2,125.277,144.533,102.028,130.097,142.493,145.802,135.552,135.833
473.0,106.144,125.235,144.533,101.969,130.058,142.368,145.802,135.552,135.763
473.1,106.089,125.11,144.533,101.969,130.058,142.368,145.802,135.447,135.763
473.2,106.089,125.193,144.503,101.969,130.02,142.337,145.802,135.482,135.763
473.3,106.089,125.11,144.563,101.91,130.058,142.337,145.802,135.517,135.798
473.4,106.089,125.11,144.563,101.91,129.981,142.399,145.773,135.447,135.763
473.5,106.033,125.068,144.503,101.851,129.981,142.368,145.89,135.447,135.728
473.6,106.033,125.11,144.503,101.91,129.942,142.337,145.802,135.447,135.763
473.7,105.977,125.068,144.533,101.851,129.942,142.337,145.773,135.517,135.693
473.8,106.033,125.068,144.503,101.851,129.942,142.306,145.773,135.411,135.693
473.9,106.033,125.11,144.533,101.851,129.904,142.368,145.744,135.376,135.693
474.0,105.866,125.068,144.563,101.851,129.865,142.337,145.802,135.376,135.693
474.1,105.922,125.026,144.533,101.851,129.865,142.306,145.802,135.411,135.658
474.2,105.922,125.068,144.473,101.733,129.865,142.337,145.802,135.447,135.693
474.3,105.922,124.942,144.503,101.851,129.865,142.337,145.802,135.411,135.693
474.4,105.922,124.9,144.563,101.733,129.865,142.244,145.802,135.341,135.728
474.5,105.81,124.942,144.563,101.792,129.826,142.306,145.802,135.341,135.623
474.6,105.866,124.942,144.533,101.733,129.826,142.212,145.773,135.376,135.623
474.7,105.866,124.9,144.473,101.851,129.826,142.306,145.744,135.376,135.552
474.8,105.81,124.858,144.533,101.615,129.787,142.306,145.802,135.341,135.623
474.9,105.922,124.858,144.533,101.733,129.749,142.306,145.773,135.341,135.623
475.0,105.754,124.816,144.383,101.733,129.71,142.275,145.802,135.341,135.552
475.1,105.81,124.858,144.473,101.674,129.71,142.306,145.802,135.305,135.552
475.2,105.754,124.773,144.503,101.733,129.749,142.275,145.802,135.305,135.552
475.3,105.754,124.773,144.443,101.674,129.671,142.244,145.773,135.27,135.552
475.4,105.81,124.773,144.503,101.674,129.671,142.306,145.744,135.235,135.482
475.5,105.754,124.731,144.473,101.674,129.632,142.306,145.773,135.235,135.552
475.6,105.754,124.689,144.473,101.615,129.593,142.275,145.773,135.235,135.552
475.7,105.698,124.773,144.443,101.733,129.632,142.275,145.861,135.27,135.517
475.8,105.642,124.605,144.443,101.615,129.632,142.306,145.802,135.27,135.482
475.9,105.642,124.605,144.473,101.556,129.554,142.244,145.744,135.199,135.482
476.0,105.586,124.562,144.443,101.615,129.476,142.244,145.744,135.235,135.482
476.1,105.642,124.562,144.443,101.615,129.515,142.212,145.773,135.164,135.482
476.2,105.642,124.605,144.503,101.556,129.515,142.181,145.773,135.164,135.411
476.3,105.586,124.562,144.443,101.496,129.437,142.244,145.744,135.129,135.411
476.4,105.53,124.478,144.473,101.556,129.476,142.244,145.773,135.164,135.447
476.5,105.586,124.52,144.443,101.496,129.476,142.181,145.744,135.164,135.411
476.6,105.53,124.478,144.413,101.437,129.398,142.244,145.773,135.093,135.376
476.7,105.474,124.351,144.413,101.496,129.437,142.212,145.773,135.093,135.447
476.8,105.474,124.52,144.443,101.496,129.437,142.212,145.715,135.093,135.376
476.9,105.418,124.436,144.443,101.437,129.32,142.212,145.773,135.058,135.376
477.0,105.474,124.436,144.383,101.437,129.359,142.244,145.744,135.093,135.376
477.1,105.418,124.351,144.443,101.318,129.32,142.212,145.773,135.058,135.305
477.2,105.418,124.393,144.413,101.437,129.281,142.181,145.802,135.058,135.341
477.3,105.418,124.351,144.413,101.437,129.241,142.181,145.773,135.058,135.305
477.4,105.418,124.308,144.413,101.437,129.281,142.119,145.744,135.022,135.305
477.5,105.362,124.266,144.443,101.378,129.241,142.181,145.773,135.022,135.235
477.6,105.362,124.223,144.443,101.318,129.281,142.181,145.802,134.987,135.27
477.7,105.362,124.223,144.473,101.378,129.163,142.181,145.744,135.022,135.27
477.8,105.249,124.266,144.383,101.318,129.163,142.119,145.773,134.951,135.27
477.9,105.306,124.181,144.383,101.2,129.163,142.15,145.715,134.88,135.341
478.0,105.249,124.181,144.413,101.259,129.124,142.15,145.773,134.951,135.235
478.1,105.193,124.138,144.443,101.259,129.124,142.119,145.802,134.987,135.235
478.2,105.306,124.138,144.413,101.259,129.006,142.119,145.802,134.951,135.235
478.3,105.193,124.096,144.443,101.318,129.085,142.056,145.744,134.987,135.093
478.4,105.306,124.096,144.443,101.2,129.085,142.15,145.715,134.915,135.235
478.5,105.193,124.181,144.354,101.259,129.045,142.15,145.744,134.915,135.164
478.6,105.193,124.053,144.413,101.318,129.085,142.119,145.715,134.915,135.164
478.7,105.137,123.968,144.383,101.259,129.006,142.119,145.715,134.88,135.129
478.8,105.024,123.968,144.413,101.259,129.006,142.119,145.744,134.737,135.129
478.9,105.08,123.968,144.413,101.14,128.849,142.087,145.715,134.844,135.129
479.0,105.08,123.84,144.203,101.14,128.927,142.087,145.715,134.809,135.129
479.1,105.024,123.925,144.413,101.14,128.888,142.15,145.715,134.951,135.058
479.2,104.967,123.797,144.413,101.08,128.849,142.119,145.715,134.809,135.093
479.3,104.967,123.754,144.383,101.14,128.849,142.056,145.773,134.737,135.058
479.4,104.911,123.754,144.354,101.021,128.73,142.119,145.715,134.737,135.129
479.5,104.967,123.711,144.383,101.08,128.691,142.087,145.744,134.88,135.022
479.6,104.911,123.711,144.354,101.021,128.73,142.087,145.773,134.666,135.022
479.7,104.911,123.669,144.383,101.021,128.73,142.087,145.715,134.702,135.022
479.8,104.911,123.669,144.324,101.021,128.73,142.056,145.744,134.702,135.058
479.9,104.854,123.626,144.383,101.021,128.691,142.087,145.715,134.63,134.987
480.0,104.854,123.626,144.383,101.021,128.691,142.119,145.686,134.702,134.987
480.1,104.854,123.626,144.354,100.902,128.691,141.994,145.744,134.63,135.022
480.2,104.854,123.583,144.324,100.961,128.651,142.056,145.715,134.702,134.951
480.3,104.798,123.54,144.324,100.961,128.612,142.025,145.715,134.559,134.915
480.4,104.854,123.54,144.324,100.961,128.572,142.056,145.715,134.666,134.915
480.5,104.741,123.497,144.383,100.961,128.493,142.025,145.744,134.594,134.915
480.6,104.684,123.497,144.324,100.961,128.532,142.056,145.715,134.594,134.844
480.7,104.684,123.54,144.324,100.961,128.532,141.994,145.715,134.63,134.88
480.8,104.741,123.454,144.354,100.902,128.493,141.994,145.744,134.594,134.951
480.9,104.684,123.411,144.324,100.961,128.453,141.994,145.744,134.559,134.88
481.0,104.628,123.325,144.354,100.902,128.493,142.025,145.686,134.594,134.88
481.1,104.628,123.325,144.324,100.842,128.374,141.994,145.686,134.559,134.88
481.2,104.571,123.282,144.324,100.782,128.374,141.994,145.686,134.523,134.88
481.3,104.514,123.195,144.324,100.782,128.334,141.994,145.715,134.559,134.809
481.4,104.514,123.195,144.294,100.842,128.294,141.994,145.686,134.487,134.773
481.5,104.4,123.152,144.233,100.782,128.254,141.962,145.656,134.487,134.809
481.6,104.343,123.195,144.354,100.782,128.294,141.962,145.627,134.523,134.773
481.7,104.457,123.109,144.263,100.722,128.294,141.994,145.715,134.487,134.773
481.8,104.4,123.109,144.324,100.782,128.254,141.962,145.715,134.487,134.915
481.9,104.4,123.066,144.294,100.722,128.254,141.962,145.686,134.487,134.809
482.0,104.457,123.066,144.324,100.662,128.214,141.994,145.686,134.451,134.773
482.1,104.4,122.979,144.324,100.662,128.254,141.931,145.715,134.451,134.773
482.2,104.343,123.066,144.294,100.662,128.175,141.931,145.686,134.487,134.773
482.3,104.343,122.979,144.294,100.662,128.175,141.931,145.744,134.451,134.737
482.4,104.343,123.022,144.294,100.662,128.095,142.087,145.715,134.451,134.737
482.5,104.4,122.979,144.294,100.662,128.135,141.962,145.627,134.451,134.702
482.6,104.286,122.979,144.294,100.602,128.135,141.931,145.686,134.379,134.666
482.7,104.286,122.936,144.233,100.662,128.135,141.962,145.686,134.379,134.702
482.8,104.286,122.936,144.263,100.602,128.095,141.931,145.715,134.487,134.702
482.9,104.286,122.936,144.294,100.662,128.095,141.899,145.656,134.343,134.702
483.0,104.286,122.892,144.383,100.602,128.055,141.962,145.686,134.379,134.702
483.1,104.229,122.892,144.263,100.602,128.135,141.931,145.686,134.343,134.702
483.2,104.229,122.849,144.263,100.662,128.095,141.899,145.656,134.415,134.737
483.3,104.172,122.805,144.233,100.602,128.015,141.931,145.686,134.379,134.666
483.4,104.172,122.805,144.233,100.482,127.975,141.868,145.686,134.415,134.63
483.5,104.172,122.805,144.233,100.482,128.015,141.868,145.627,134.343,134.666
483.6,104.058,122.805,144.263,100.542,127.895,141.899,145.686,134.272,134.594
483.7,104.172,122.762,144.263,100.542,127.895,141.899,145.656,134.308,134.594
483.8,104.115,122.718,144.263,100.482,127.775,141.899,145.627,134.272,134.594
483.9,104.115,122.675,144.294,100.542,127.855,141.899,145.686,134.272,134.702
484.0,104.115,122.675,144.263,100.422,127.815,141.868,145.656,134.272,134.559
484.1,104.058,122.675,144.203,100.482,127.855,141.899,145.686,134.272,134.559
484.2,104.115,122.588,144.263,100.422,127.815,141.868,145.686,134.272,134.559
484.3,104.115,122.631,144.294,100.482,127.775,141.899,145.656,134.2,134.559
484.4,104.058,122.631,144.233,100.482,127.775,141.868,145.656,134.272,134.559
484.5,104.058,122.544,144.263,100.422,127.734,141.837,145.656,134.343,134.523
484.6,104.0,122.588,144.263,100.422,127.775,141.868,145.656,134.236,134.487
484.7,104.0,122.544,144.413,100.422,127.734,141.931,145.656,134.236,134.63
484.8,104.0,122.5,144.233,100.362,127.654,141.837,145.656,134.272,134.487
484.9,103.943,122.5,144.263,100.302,127.734,141.805,145.627,134.2,134.559
485.0,104.058,122.457,144.203,100.422,127.694,141.868,145.686,134.2,134.487
485.1,103.886,122.413,144.233,100.362,127.775,141.837,145.715,134.2,134.487
485.2,103.943,122.369,144.173,100.422,127.614,141.868,145.627,134.164,134.487
485.3,103.886,122.369,144.203,100.302,127.654,141.805,145.656,134.236,134.487
485.4,103.886,122.369,144.203,100.362,127.694,141.868,145.656,134.164,134.451
485.5,103.771,122.326,144.173,100.302,127.574,141.837,145.627,134.236,134.487
485.6,103.829,122.326,144.233,100.302,127.614,141.837,145.627,134.164,134.451
485.7,103.886,122.326,144.173,100.242,127.533,141.837,145.627,134.164,134.451
485.8,103.829,122.282,144.203,100.362,127.493,141.837,145.744,134.127,134.451
485.9,103.771,122.238,144.173,100.242,127.493,141.805,145.686,134.127,134.415
486.0,103.829,122.238,144.173,100.302,127.453,141.805,145.627,134.091,134.379
486.1,103.714,122.194,144.203,100.242,127.493,141.805,145.627,134.091,134.379
486.2,103.714,122.194,144.173,100.242,127.453,141.805,145.598,134.127,134.379
486.3,103.829,122.194,144.203,100.242,127.412,141.805,145.656,134.127,134.415
486.4,103.714,122.106,144.173,100.182,127.372,141.742,145.656,134.091,134.379
486.5,103.714,122.106,144.173,100.242,127.332,141.837,145.627,134.055,134.379
486.6,103.656,122.106,144.173,100.121,127.332,141.805,145.627,134.055,134.379
486.7,103.656,122.106,144.143,100.182,127.332,141.742,145.627,134.019,134.379
486.8,103.599,122.15,144.263,100.121,127.332,141.774,145.627,134.091,134.379
486.9,103.599,122.15,144.143,100.121,127.332,141.742,145.656,134.019,134.343
487.0,103.656,122.018,144.203,100.182,127.251,141.742,145.627,133.983,134.343
487.1,103.137,121.974,144.113,100.061,127.251,141.742,145.686,133.983,134.308
487.2,103.599,121.842,144.173,100.061,127.17,141.742,145.598,134.019,134.272
487.3,103.483,121.886,144.173,100.0,127.129,141.742,145.627,133.983,134.272
487.4,103.483,121.886,144.143,100.0,127.291,141.742,145.598,133.983,134.272
487.5,103.483,121.754,144.113,100.302,127.17,141.711,145.627,133.947,134.415
487.6,103.483,121.798,144.143,100.061,127.17,141.742,145.598,133.947,134.236
487.7,103.483,121.798,144.113,99.94,127.089,141.774,145.598,133.947,134.236
487.8,103.483,121.754,144.143,100.121,127.129,141.679,145.598,133.911,134.236
487.9,103.426,121.754,144.113,99.94,127.129,141.711,145.627,133.911,134.236
488.0,103.426,121.754,144.203,99.94,127.048,141.711,145.598,133.911,134.2
488.1,103.368,121.754,144.113,100.0,127.048,141.742,145.598,133.911,134.236
488.2,103.426,121.71,144.113,99.94,127.089,141.742,145.598,133.874,134.236
488.3,103.368,121.754,144.143,100.0,127.007,141.711,145.598,133.911,134.343
488.4,103.368,121.665,144.143,100.0,126.967,141.679,145.627,133.911,134.2
488.5,103.368,121.665,144.143,99.88,126.885,141.679,145.627,134.019,134.236
488.6,103.368,121.621,144.143,99.94,126.967,141.711,145.627,133.838,134.236
488.7,103.252,121.577,144.083,99.94,126.967,141.742,145.598,133.911,134.236
488.8,103.252,121.533,144.203,99.94,126.885,141.648,145.627,133.874,134.164
488.9,103.368,121.533,144.113,99.698,126.885,141.679,145.686,133.802,134.127
489.0,103.252,121.488,144.113,99.819,126.845,141.679,145.598,133.838,134.164
489.1,103.252,121.444,144.083,99.819,126.763,141.805,145.569,133.802,134.164
489.2,103.195,121.399,144.113,99.758,126.641,141.679,145.598,133.874,134.127
489.3,103.137,121.444,144.173,99.819,126.763,141.679,145.686,133.766,134.091
489.4,103.137,121.355,144.143,99.758,126.682,141.679,145.569,133.802,134.164
489.5,103.195,121.355,144.113,99.758,126.722,141.616,145.598,133.838,134.091
489.6,103.137,121.355,144.083,99.819,126.763,141.648,145.627,133.802,134.091
489.7,103.137,121.311,144.143,99.698,126.682,141.648,145.598,133.729,134.091
489.8,103.137,121.311,144.083,99.819,126.641,141.616,145.598,133.766,134.055
489.9,103.137,121.266,144.083,99.819,126.641,141.616,145.627,133.766,134.055
490.0,103.079,121.399,144.083,99.758,126.6,141.648,145.569,133.729,134.055
490.1,103.079,121.222,144.083,99.698,126.6,141.616,145.539,133.766,134.091
490.2,103.079,121.132,144.083,99.698,126.559,141.616,145.539,133.729,134.019
490.3,103.021,121.177,144.083,99.698,126.559,141.616,145.569,133.766,133.983
490.4,103.021,121.177,144.083,99.637,126.518,141.648,145.598,133.693,134.055
490.5,103.021,121.132,144.083,99.698,126.641,141.648,145.569,133.729,134.019
490.6,102.963,121.088,144.113,99.637,126.518,141.648,145.598,133.693,134.019
490.7,102.963,121.088,144.083,99.637,126.518,141.616,145.569,133.729,133.983
490.8,103.021,121.043,144.023,99.698,126.436,141.616,145.598,133.657,133.983
490.9,102.846,120.998,144.053,99.637,126.477,141.585,145.569,133.693,134.055
491.0,102.904,120.998,144.023,99.637,126.395,141.616,145.598,133.657,133.983
491.1,102.963,120.998,144.023,99.576,126.395,141.553,145.569,133.62,133.983
491.2,102.904,121.043,144.053,99.576,126.354,141.553,145.569,133.62,133.983
491.3,102.846,120.954,144.083,99.637,126.354,141.553,145.569,133.62,133.947
491.4,102.846,121.043,144.053,99.515,126.313,141.616,145.451,133.729,133.983
491.5,102.846,120.909,144.053,99.515,126.313,141.553,145.598,133.584,133.947
491.6,102.788,120.864,144.083,99.515,126.313,141.585,145.569,133.62,133.947
491.7,102.788,120.864,143.993,99.576,126.313,141.553,145.569,133.62,133.947
491.8,102.846,120.819,144.083,99.515,126.189,141.585,145.569,133.584,133.911
491.9,102.788,120.775,144.023,99.455,126.231,141.553,145.598,133.62,133.838
492.0,102.846,120.819,143.993,99.455,126.313,141.49,145.569,133.548,133.947
492.1,102.73,120.73,144.023,99.455,126.148,141.458,145.481,133.548,133.947
492.2,102.672,120.73,144.023,99.515,126.107,141.553,145.569,133.548,133.838
492.3,102.555,120.685,144.023,99.455,126.107,141.553,145.569,133.584,133.911
492.4,102.73,120.64,144.023,99.455,126.148,141.49,145.598,133.511,133.874
492.5,102.672,120.64,143.932,99.394,126.107,141.49,145.598,133.548,133.911
492.6,102.613,120.55,143.962,99.394,126.024,141.49,145.539,133.511,133.802
492.7,102.672,120.505,144.023,99.394,126.024,141.521,145.627,133.511,133.874
492.8,102.672,120.505,143.993,99.394,125.942,141.49,145.539,133.511,133.838
492.9,102.613,120.415,143.993,99.394,125.942,141.521,145.569,133.511,133.802
493.0,102.555,120.46,143.993,99.394,125.859,141.458,145.539,133.548,133.802
493.1,102.555,120.37,144.053,99.394,125.983,141.49,145.539,133.438,133.838
493.2,102.555,120.415,143.962,99.333,125.901,141.521,145.539,133.475,133.729
493.3,102.555,120.415,144.023,99.272,125.859,141.458,145.539,133.511,133.802
493.4,102.438,120.37,144.023,99.272,125.818,141.458,145.51,133.438,133.802
493.5,102.497,120.37,143.993,99.333,125.818,141.49,145.569,133.438,133.766
493.6,102.555,120.37,143.993,99.272,125.818,141.49,145.569,133.475,133.766
493.7,102.497,120.324,143.962,99.272,125.818,141.521,145.569,133.511,133.766
493.8,102.438,120.279,143.962,99.333,125.735,141.458,145.539,133.438,133.693
493.9,102.438,120.324,143.932,99.211,125.776,141.49,145.598,133.402,133.729
494.0,102.438,120.324,143.962,99.272,125.776,141.458,145.539,133.365,133.729
494.1,102.438,120.279,144.023,99.211,125.735,141.458,145.569,133.402,133.729
494.2,102.438,120.189,143.993,99.272,125.693,141.427,145.539,133.402,133.729
494.3,102.497,120.189,143.993,99.211,125.693,141.427,145.539,133.402,133.729
494.4,102.438,120.098,143.962,99.211,125.652,141.585,145.481,133.402,133.693
494.5,102.438,120.144,143.962,99.211,125.652,141.363,145.539,133.438,133.693
494.6,102.321,120.144,143.962,99.211,125.569,141.458,145.539,133.365,133.693
494.7,102.262,120.053,143.962,99.211,125.569,141.458,145.539,133.329,133.693
494.8,102.321,120.007,143.932,99.15,125.569,141.395,145.539,133.329,133.62
494.9,102.262,120.007,143.932,99.15,125.444,141.458,145.51,133.329,133.693
495.0,102.204,120.144,143.962,99.088,125.569,141.395,145.539,133.292,133.693
495.1,102.321,120.144,143.962,99.088,125.485,141.427,145.51,133.402,133.62
495.2,102.38,120.007,143.962,99.15,125.485,141.427,145.539,133.292,133.693
495.3,102.262,119.917,143.962,99.15,125.485,141.427,145.569,133.329,133.693
495.4,102.262,119.917,143.932,99.15,125.444,141.395,145.539,133.365,133.62
495.5,102.262,119.871,143.932,99.088,125.485,141.363,145.539,133.255,133.62
495.6,102.204,119.917,143.902,99.088,125.36,141.363,145.51,133.292,133.62
495.7,102.145,119.871,143.932,99.15,125.444,141.363,145.539,133.255,133.584
495.8,102.145,119.826,143.932,99.027,125.402,141.363,145.51,133.219,133.62
495.9,102.145,119.871,143.962,99.027,125.36,141.427,145.539,133.255,133.584
496.0,102.086,119.735,143.932,99.027,125.193,141.427,145.51,133.292,133.584
496.1,102.086,119.735,143.872,98.966,125.36,141.363,145.51,133.219,133.584
496.2,102.028,119.735,143.962,99.027,125.277,141.363,145.51,133.255,133.548
496.3,102.086,119.689,143.962,98.966,125.277,141.331,145.51,133.255,133.62
496.4,102.086,119.689,143.932,98.966,125.277,141.395,145.481,133.219,133.62
496.5,102.086,119.643,143.932,98.966,125.193,141.363,145.51,133.219,133.511
496.6,102.028,119.643,143.902,99.027,125.151,141.363,145.51,133.219,133.657
496.7,102.028,119.598,143.902,99.027,125.151,141.331,145.569,133.255,133.511
496.8,101.969,119.598,143.902,99.027,125.11,141.363,145.51,133.182,133.548
496.9,102.028,119.735,143.962,98.966,125.151,141.3,145.51,133.219,133.548
497.0,102.028,119.552,143.872,98.966,125.068,141.331,145.51,133.182,133.511
497.1,101.969,119.506,143.902,98.905,125.11,141.427,145.51,133.182,133.511
497.2,101.969,119.461,143.902,98.843,125.068,141.3,145.569,133.292,133.511
497.3,101.969,119.415,143.962,98.905,125.026,141.3,145.569,133.109,133.475
497.4,101.969,119.415,143.932,98.905,125.026,141.268,145.51,133.146,133.511
497.5,101.851,119.369,143.902,98.843,124.984,141.3,145.51,133.146,133.511
497.6,101.91,119.369,143.902,98.905,124.9,141.363,145.51,133.146,133.548
497.7,101.91,119.369,143.781,98.843,124.942,141.3,145.627,133.109,133.402
497.8,101.792,119.369,143.902,98.905,124.9,141.331,145.481,133.109,133.475
497.9,101.851,119.277,143.902,98.843,124.858,141.363,145.51,133.146,133.548
498.0,101.851,119.277,143.841,98.782,124.9,141.3,145.481,133.072,133.438
498.1,101.792,119.277,143.872,98.782,124.858,141.3,145.451,133.109,133.329
498.2,101.792,119.277,143.872,98.721,124.858,141.3,145.569,133.035,133.438
498.3,101.851,119.231,143.841,98.843,124.816,141.3,145.51,133.072,133.438
498.4,101.733,119.185,143.841,98.782,124.773,141.268,145.51,133.109,133.438
498.5,101.733,119.139,143.872,98.782,124.731,141.268,145.51,133.072,133.438
498.6,101.792,119.185,143.872,98.721,124.773,141.49,145.481,133.109,133.402
498.7,101.733,119.185,143.872,98.721,124.773,141.268,145.51,133.035,133.365
498.8,101.733,119.185,143.841,98.721,124.731,141.268,145.481,133.146,133.402
498.9,101.674,119.047,143.751,98.721,124.689,141.3,145.481,133.035,133.365
499.0,101.733,118.955,143.872,98.659,124.689,141.204,145.51,133.072,133.402
499.1,101.615,118.955,143.841,98.659,124.605,141.236,145.481,132.999,133.365
499.2,101.674,118.909,143.841,98.659,124.605,141.236,145.481,133.035,133.329
499.3,101.615,118.863,143.841,98.659,124.52,141.236,145.451,132.999,133.402
499.4,101.615,118.909,143.841,98.597,124.562,141.141,145.481,133.035,133.329
499.5,101.496,118.863,143.841,98.659,124.478,141.204,145.481,132.999,133.219
499.6,101.615,118.817,143.811,98.597,124.562,141.268,145.51,132.962,133.329
499.7,101.615,118.817,143.811,98.597,124.52,141.236,145.51,132.962,133.292
499.8,101.556,118.77,143.841,98.597,124.52,141.204,145.451,133.035,133.329
499.9,101.556,118.77,143.841,98.721,124.393,141.268,145.539,132.962,133.329
500.0,101.556,118.724,143.811,98.597,124.478,141.204,145.451,132.962,133.292
500.1,101.615,118.817,143.781,98.597,124.478,141.109,145.481,132.962,133.329
500.2,101.496,118.77,143.841,98.597,124.351,141.173,145.51,133.109,133.329
500.3,101.496,118.678,143.811,98.536,124.351,141.173,145.481,132.962,133.255
500.4,101.437,118.631,143.781,98.536,124.393,141.173,145.451,132.962,133.292
500.5,101.437,118.678,143.841,98.474,124.351,141.173,145.481,132.925,133.255
500.6,101.496,118.631,143.811,98.536,124.266,141.173,145.51,132.925,133.255
500.7,101.496,118.631,143.811,98.536,124.351,141.236,145.481,132.925,133.292
500.8,101.437,118.631,143.751,98.536,124.266,141.204,145.451,132.925,133.329
500.9,101.437,118.678,143.841,98.536,124.308,141.236,145.451,132.925,133.255
501.0,101.437,118.585,143.811,98.413,124.266,141.173,145.451,132.888,133.182
501.1,101.318,118.539,143.781,98.474,124.266,141.173,145.481,132.888,133.255
501.2,101.437,118.539,143.781,98.536,124.223,141.173,145.451,132.925,133.219
501.3,101.318,118.492,143.781,98.474,124.053,141.141,145.51,132.888,133.219
501.4,101.378,118.492,143.781,98.474,124.223,141.109,145.51,132.888,133.219
501.5,101.378,118.492,143.811,98.597,124.181,141.173,145.451,132.962,133.292
501.6,101.378,118.446,143.781,98.413,124.181,141.173,145.422,132.888,133.219
501.7,101.378,118.399,143.781,98.413,124.138,141.109,145.451,132.851,133.219
501.8,101.318,118.399,143.781,98.474,124.138,141.109,145.481,132.888,133.182
501.9,101.318,118.213,143.781,98.413,124.138,141.109,145.422,132.851,133.219
502.0,101.2,118.26,143.781,98.351,124.053,141.109,145.451,132.851,133.146
502.1,101.259,118.26,143.751,98.413,124.011,141.109,145.481,132.814,133.182
502.2,101.259,118.26,143.811,98.413,123.925,141.141,145.481,132.814,133.182
502.3,101.2,118.213,143.751,98.351,123.968,141.109,145.451,132.851,133.146
502.4,101.2,118.213,143.72,98.289,123.925,141.077,145.481,132.814,133.146
502.5,101.2,118.166,143.781,98.351,123.925,141.109,145.451,132.778,133.109
502.6,101.14,118.166,143.72,98.227,123.925,141.077,145.481,132.814,133.146
502.7,101.14,118.166,143.751,98.351,123.883,141.109,145.539,132.814,133.109
502.8,101.2,118.12,143.781,98.351,123.883,141.109,145.451,132.778,133.109
502.9,101.14,118.073,143.841,98.351,123.925,141.077,145.451,132.778,133.146
503.0,101.14,118.073,143.72,98.289,123.797,141.013,145.422,132.741,133.109
503.1,101.2,118.073,143.751,98.289,123.84,141.045,145.451,132.778,133.146
503.2,101.14,118.026,143.811,98.289,123.797,141.109,145.481,132.814,133.182
503.3,101.14,118.073,143.72,98.227,123.754,141.077,145.451,132.741,133.146
503.4,101.08,117.979,143.751,98.289,123.754,141.109,145.451,132.851,133.109
503.5,101.08,117.979,143.751,98.165,123.84,141.045,145.451,132.704,133.109
503.6,101.021,117.932,143.751,98.227,123.669,141.045,145.451,132.741,133.072
503.7,101.021,117.745,143.72,98.227,123.669,141.141,145.451,132.741,133.072
503.8,101.021,117.839,143.72,98.165,123.626,141.045,145.481,132.741,132.999
503.9,101.021,117.839,143.72,98.165,123.626,141.045,145.451,132.778,133.035
504.0,101.021,117.792,143.72,98.165,123.454,141.045,145.451,132.667,133.072
504.1,101.021,117.792,143.69,98.227,123.583,141.045,145.451,132.704,133.035
504.2,101.021,117.698,143.659,98.165,123.54,141.013,145.422,132.63,133.035
504.3,100.961,117.698,143.659,98.165,123.497,141.013,145.451,132.704,133.035
504.4,100.902,117.698,143.659,98.165,123.497,141.077,145.422,132.704,133.072
504.5,100.902,117.698,143.72,98.165,123.497,141.013,145.481,132.667,132.999
504.6,100.961,117.651,143.72,98.103,123.497,141.013,145.451,132.667,133.035
504.7,100.961,117.698,143.659,98.165,123.368,141.013,145.422,132.667,133.035
504.8,100.902,117.651,143.72,98.165,123.368,140.981,145.422,132.63,132.962
504.9,100.902,117.651,143.72,98.103,123.325,141.045,145.392,132.667,132.999
505.0,100.842,117.415,143.659,98.103,123.368,140.981,145.451,132.63,133.109
505.1,100.902,117.557,143.72,98.041,123.411,141.013,145.422,132.667,132.999
505.2,100.842,117.509,143.69,98.103,123.368,140.981,145.392,132.851,132.925
505.3,100.902,117.462,143.659,98.041,123.368,141.013,145.275,132.63,132.999
505.4,100.842,117.462,143.72,98.103,123.282,140.981,145.422,132.63,132.962
505.5,100.782,117.509,143.599,98.103,123.152,140.981,145.422,132.667,132.925
505.6,100.842,117.368,143.659,98.041,123.238,140.981,145.363,132.63,132.962
505.7,100.782,117.368,143.659,98.041,123.152,140.981,145.422,132.593,132.925
505.8,100.782,117.226,143.69,98.041,123.109,140.95,145.363,132.593,132.851
505.9,100.662,117.273,143.659,97.979,123.152,140.95,145.422,132.593,132.925
506.0,100.662,117.226,143.659,97.979,123.066,140.95,145.422,132.556,132.888
506.1,100.662,117.273,143.659,97.979,123.066,140.95,145.422,132.63,132.925
506.2,100.662,117.179,143.659,97.979,123.066,140.95,145.392,132.556,132.925
506.3,100.662,117.179,143.659,97.917,122.979,140.981,145.392,132.556,132.962
506.4,100.602,117.131,143.659,97.979,122.979,140.95,145.392,132.556,132.925
506.5,100.662,117.084,143.629,97.979,123.022,140.95,145.392,132.63,132.888
506.6,100.662,117.084,143.629,97.917,122.979,140.918,145.392,132.556,132.851
506.7,100.542,117.036,143.72,97.917,122.979,140.918,145.422,132.482,132.888
506.8,100.662,117.084,143.69,97.917,122.979,140.918,145.392,132.519,132.888
506.9,100.602,117.036,143.659,97.917,122.892,140.918,145.363,132.519,132.888
507.0,100.602,117.036,143.599,97.855,122.892,140.854,145.422,132.519,132.851
507.1,100.602,116.989,143.69,97.917,122.849,140.918,145.392,132.519,132.851
507.2,100.542,116.941,143.629,97.855,122.849,140.918,145.363,132.482,132.851
507.3,100.602,116.989,143.599,97.855,122.936,140.918,145.392,132.519,132.888
507.4,100.542,116.941,143.599,97.855,122.718,140.886,145.392,132.482,132.851
507.5,100.482,116.894,143.599,97.917,122.892,140.886,145.392,132.519,132.778
507.6,100.542,116.894,143.629,97.793,122.762,140.886,145.363,132.444,132.851
507.7,100.542,116.798,143.568,97.855,122.718,140.918,145.363,132.482,132.814
507.8,100.542,116.751,143.599,97.793,122.675,140.822,145.392,132.444,132.778
507.9,100.422,116.751,143.599,97.793,122.631,140.886,145.422,132.407,132.814
508.0,100.602,116.751,143.568,97.731,122.675,140.918,145.363,132.407,132.851
508.1,100.422,116.655,143.599,97.731,122.631,140.918,145.392,132.444,132.778
508.2,100.302,116.703,143.599,97.731,122.718,140.854,145.392,132.444,132.814
508.3,100.362,116.751,143.599,97.668,122.544,140.886,145.481,132.444,132.704
508.4,100.302,116.607,143.568,97.731,122.457,140.822,145.392,132.482,132.778
508.5,100.362,116.56,143.599,97.731,122.588,140.854,145.363,132.407,132.741
508.6,100.302,116.512,143.599,97.731,122.457,140.79,145.363,132.407,132.778
508.7,100.362,116.512,143.568,97.668,122.457,140.854,145.392,132.37,132.741
508.8,100.302,116.512,143.599,97.731,122.457,140.854,145.451,132.37,132.741
508.9,100.302,116.512,143.568,97.668,122.413,140.854,145.363,132.407,132.704
509.0,100.302,116.464,143.599,97.668,122.369,140.822,145.363,132.333,132.741
509.1,100.362,116.464,143.568,97.668,122.326,140.822,145.363,132.407,132.741
509.2,100.302,116.368,143.538,97.668,122.369,140.918,145.392,132.37,132.741
509.3,100.242,116.368,143.538,97.543,122.282,140.822,145.451,132.407,132.704
509.4,100.061,116.416,143.568,97.668,122.282,140.79,145.392,132.37,132.667
509.5,100.182,116.32,143.568,97.668,122.326,140.822,145.363,132.333,132.667
509.6,100.182,116.32,143.568,97.668,122.15,140.79,145.363,132.333,132.704
509.7,100.061,116.224,143.568,97.543,122.106,140.79,145.392,132.296,132.667
509.8,100.121,116.176,143.507,97.543,122.106,140.822,145.334,132.296,132.704
509.9,100.121,116.176,143.538,97.668,122.15,140.822,145.363,132.296,132.667
510.0,100.602,116.176,143.507,97.543,122.062,140.79,145.363,132.333,132.63
510.1,100.121,116.08,143.538,97.606,122.018,140.854,145.334,132.296,132.63
510.2,100.0,116.031,143.507,97.668,122.062,140.79,145.334,132.296,132.667
510.3,100.121,116.08,143.538,97.606,122.106,140.758,145.334,132.259,132.63
510.4,100.061,116.08,143.507,97.543,122.018,140.854,145.363,132.296,132.593
510.5,100.061,116.08,143.599,97.481,122.018,140.758,145.363,132.296,132.63
510.6,100.061,115.983,143.538,97.543,122.062,140.758,145.334,132.296,132.593
510.7,100.0,115.983,143.538,97.481,121.93,140.758,145.363,132.296,132.63
510.8,100.0,115.935,143.538,97.481,121.93,140.79,145.334,132.259,132.63
510.9,100.0,115.935,143.538,97.481,121.93,140.758,145.363,132.221,132.63
511.0,100.0,115.935,143.538,97.419,121.93,140.725,145.304,132.259,132.593
511.1,99.94,115.838,143.507,97.481,121.842,140.725,145.334,132.259,132.556
511.2,100.0,115.838,143.568,97.481,121.886,140.693,145.392,132.221,132.593
511.3,99.94,115.838,143.507,97.481,121.842,140.725,145.334,132.296,132.556
511.4,100.0,115.79,143.477,97.419,121.798,140.758,145.334,132.184,132.519
511.5,99.88,115.742,143.568,97.481,121.754,140.758,145.304,132.184,132.593
511.6,99.94,115.742,143.538,97.293,121.798,140.725,145.334,132.109,132.556
511.7,100.0,115.79,143.507,97.419,121.754,140.725,145.363,132.221,132.556
511.8,99.94,115.742,143.477,97.481,121.577,140.758,145.334,132.221,132.556
511.9,99.94,115.645,143.477,97.356,121.71,140.725,145.334,132.221,132.556
512.0,99.88,115.645,143.477,97.419,121.665,140.693,145.363,132.184,132.556
512.1,99.94,115.645,143.507,97.419,121.71,140.693,145.334,132.221,132.519
512.2,99.819,115.645,143.507,97.356,121.665,140.693,145.275,132.147,132.519
512.3,99.88,115.693,143.477,97.356,121.665,140.725,145.392,132.184,132.556
512.4,99.819,115.548,143.446,97.293,121.533,140.79,145.334,132.184,132.519
512.5,99.88,115.548,143.477,97.293,121.621,140.693,145.363,132.221,132.519
512.6,99.758,115.499,143.477,97.293,121.533,140.661,145.363,132.184,132.519
512.7,99.819,115.548,143.477,97.356,121.621,140.693,145.334,132.147,132.519
512.8,99.819,115.45,143.477,97.293,121.488,140.725,145.304,132.147,132.519
512.9,99.758,115.402,143.446,97.293,121.533,140.661,145.363,132.147,132.482
513.0,99.637,115.45,143.477,97.356,121.488,140.661,145.304,132.147,132.407
513.1,99.758,115.402,143.446,97.293,121.444,140.693,145.334,132.147,132.519
513.2,99.698,115.353,143.446,97.231,121.399,140.693,145.363,132.109,132.519
513.3,99.758,115.304,143.446,97.231,121.399,140.661,145.392,132.184,132.519
513.4,99.758,115.304,143.477,97.231,121.355,140.661,145.363,132.147,132.556
513.5,99.698,115.256,143.446,97.231,121.311,140.629,145.392,132.109,132.482
513.6,99.637,115.256,143.446,97.231,121.311,140.661,145.363,132.072,132.444
513.7,99.637,115.256,143.446,97.168,121.311,140.693,145.334,132.109,132.519
513.8,99.637,115.256,143.446,97.168,121.222,140.597,145.392,132.109,132.444
513.9,99.576,115.207,143.446,97.168,121.222,140.661,145.334,132.072,132.444
514.0,99.637,115.158,143.446,97.231,121.222,140.629,145.363,132.147,132.444
514.1,99.637,115.109,143.446,97.231,121.132,140.597,145.275,132.072,132.482
514.2,99.576,115.06,143.416,97.168,121.132,140.661,145.334,132.072,132.37
514.3,99.637,115.06,143.507,97.105,121.177,140.597,145.304,132.109,132.407
514.4,99.637,115.109,143.446,97.168,120.998,140.565,145.304,132.109,132.407
514.5,99.576,115.06,143.416,97.168,121.177,140.629,145.334,132.072,132.444
514.6,99.515,115.011,143.416,97.105,121.132,140.597,145.304,132.072,132.444
514.7,99.515,114.962,143.446,97.105,121.132,140.597,145.275,132.035,132.407
514.8,99.576,114.962,143.416,97.168,121.088,140.597,145.304,132.035,132.37
514.9,99.576,114.962,143.416,97.105,120.998,140.629,145.334,132.072,132.519
515.0,99.515,114.913,143.416,97.168,121.043,140.661,145.304,131.96,132.407
515.1,99.515,114.913,143.416,97.042,121.043,140.629,145.157,131.997,132.37
515.2,99.515,114.913,143.385,97.105,120.954,140.597,145.363,132.072,132.37
515.3,99.576,114.913,143.416,97.105,121.043,140.565,145.334,132.035,132.333
515.4,99.515,114.864,143.416,97.105,120.954,140.565,145.275,132.035,132.519
515.5,99.455,114.864,143.416,97.042,120.954,140.597,145.304,131.997,132.407
515.6,99.455,114.766,143.416,97.042,120.909,140.629,145.304,132.035,132.37
515.7,99.455,114.815,143.477,96.917,120.998,140.565,145.334,131.96,132.444
515.8,99.455,114.766,143.385,97.042,120.909,140.565,145.304,131.96,132.407
515.9,99.515,114.815,143.477,97.042,120.864,140.597,145.392,132.072,132.407
516.0,99.394,114.766,143.385,97.105,120.864,140.533,145.275,131.997,132.333
516.1,99.576,114.766,143.416,97.042,120.864,140.501,145.275,132.072,132.37
516.2,99.394,114.668,143.385,97.042,120.819,140.565,145.304,131.997,132.296
516.3,99.394,114.717,143.355,97.105,120.864,140.565,145.334,132.035,132.333
516.4,99.455,114.569,143.416,97.042,120.73,140.565,145.127,131.997,132.37
516.5,99.455,114.717,143.416,97.042,120.775,140.597,145.275,131.96,132.37
516.6,99.394,114.668,143.355,96.98,120.775,140.629,145.304,131.997,132.407
516.7,99.394,114.619,143.294,96.98,120.73,140.597,145.304,131.997,132.37
516.8,99.333,114.569,143.355,97.042,120.73,140.565,145.304,131.997,132.333
516.9,99.394,114.569,143.385,96.98,120.685,140.597,145.275,131.997,132.333
517.0,99.455,114.619,143.355,97.042,120.64,140.533,145.275,131.96,132.333
517.1,99.394,114.471,143.355,96.98,120.595,140.533,145.275,131.922,132.296
517.2,99.333,114.421,143.385,96.98,120.55,140.565,145.275,131.96,132.221
517.3,99.272,114.372,143.355,96.917,120.55,140.533,145.363,131.922,132.333
517.4,99.333,114.471,143.385,96.854,120.505,140.501,145.304,131.96,132.259
517.5,99.211,114.323,143.324,96.917,120.46,140.533,145.275,131.922,132.296
517.6,99.211,114.273,143.324,96.854,120.505,140.501,145.245,131.922,132.259
517.7,99.211,114.421,143.355,96.917,120.46,140.565,145.334,131.922,132.296
517.8,99.211,114.323,143.355,96.791,120.37,140.533,145.275,131.922,132.259
517.9,99.15,114.224,143.294,96.917,120.37,140.468,145.275,131.922,132.259
518.0,99.272,114.224,143.324,96.98,120.46,140.501,145.275,131.885,132.184
518.1,99.15,114.273,143.355,96.854,120.37,140.468,145.275,131.922,132.259
518.2,99.027,114.174,143.355,96.854,120.324,140.501,145.304,131.885,132.221
518.3,99.088,114.174,143.416,96.854,120.324,140.468,145.304,131.885,132.221
518.4,99.211,114.125,143.324,96.854,120.279,140.468,145.275,131.848,132.221
518.5,99.088,114.125,143.294,96.854,120.234,140.468,145.334,131.885,132.184
518.6,99.15,114.025,143.294,96.791,120.098,140.501,145.216,131.885,132.259
518.7,99.088,114.025,143.324,96.791,120.279,140.436,145.304,131.848,132.184
518.8,99.088,114.125,143.294,96.791,120.234,140.468,145.275,131.81,132.221
518.9,99.088,113.976,143.294,96.791,120.144,140.404,145.245,131.848,132.221
519.0,99.027,113.976,143.324,96.791,120.144,140.436,145.245,131.848,132.259
519.1,99.027,113.976,143.294,96.791,120.144,140.436,145.304,131.81,132.184
519.2,99.088,113.976,143.263,96.791,120.144,140.468,145.245,131.848,132.259
519.3,99.027,113.976,143.355,96.791,120.144,140.436,145.275,131.848,132.184
519.4,99.088,113.926,143.294,96.728,120.098,140.436,145.245,131.81,132.184
519.5,99.027,113.777,143.324,96.728,120.098,140.468,145.245,131.885,132.259
519.6,99.027,113.876,143.324,96.728,120.007,140.436,145.275,131.81,132.259
519.7,98.966,113.826,143.263,96.854,119.962,140.404,145.304,131.848,132.184
519.8,98.966,113.727,143.294,96.728,120.007,140.404,145.275,131.81,132.221
519.9,98.966,113.727,143.294,96.664,119.871,140.404,145.304,131.922,132.184
520.0,98.966,113.727,143.263,96.728,119.917,140.404,145.275,131.81,132.147
520.1,98.966,113.677,143.263,96.728,119.917,140.404,145.334,131.772,132.184
520.2,98.966,113.677,143.324,96.664,119.917,140.404,145.275,131.772,132.147
520.3,98.843,113.627,143.324,96.601,119.826,140.339,145.304,131.848,132.072
520.4,98.905,113.577,143.263,96.664,119.826,140.372,145.304,131.81,132.109
520.5,98.905,113.627,143.294,96.791,119.78,140.404,145.245,131.81,132.147
520.6,98.905,113.577,143.233,96.664,119.735,140.436,145.186,131.772,132.147
520.7,98.905,113.577,143.355,96.664,119.735,140.372,145.275,131.735,132.147
520.8,98.905,113.477,143.263,96.601,119.689,140.372,145.275,131.735,132.109
520.9,98.843,113.477,143.294,96.601,119.689,140.404,145.334,131.735,132.109
521.0,98.966,113.427,143.294,96.664,119.689,140.339,145.245,131.735,132.147
521.1,98.905,113.427,143.294,96.601,119.598,140.404,145.245,131.735,132.035
521.2,98.843,113.427,143.263,96.664,119.78,140.372,145.245,131.697,132.072
521.3,98.843,113.377,143.233,96.538,119.643,140.307,145.245,131.735,132.109
521.4,98.782,113.326,143.233,96.728,119.552,140.307,145.245,131.735,132.109
521.5,98.782,113.377,143.294,96.601,119.552,140.339,145.304,131.735,132.035
521.6,98.782,113.276,143.233,96.601,119.552,140.372,145.275,131.697,132.072
521.7,98.782,113.326,143.263,96.538,119.506,140.339,145.334,131.735,132.072
521.8,98.782,113.276,143.263,96.601,119.552,140.339,145.245,131.697,132.072
521.9,98.721,113.276,143.233,96.538,119.506,140.339,145.245,131.735,132.109
522.0,98.782,113.276,143.202,96.538,119.461,140.404,145.275,131.697,132.072
522.1,98.782,113.226,143.263,96.538,119.415,140.339,145.245,131.735,132.072
522.2,98.597,113.176,143.171,96.601,119.415,140.339,145.245,131.697,131.997
522.3,98.721,113.125,143.263,96.664,119.461,140.339,145.245,131.66,132.072
522.4,98.721,113.075,143.294,96.411,119.323,140.242,145.245,131.697,131.997
522.5,98.721,113.075,143.263,96.538,119.369,140.307,145.245,131.66,132.035
522.6,98.597,113.075,143.263,96.475,119.323,140.307,145.216,131.697,132.035
522.7,98.721,113.025,143.263,96.411,119.277,140.339,145.245,131.66,132.072
522.8,98.597,113.075,143.202,96.475,119.277,140.339,145.216,131.772,132.035
522.9,98.659,112.974,143.233,96.475,119.139,140.307,145.304,131.622,131.997
523.0,98.597,112.924,143.233,96.411,119.231,140.307,145.216,131.66,132.035
523.1,98.721,112.974,143.202,96.475,119.185,140.307,145.245,131.622,132.072
523.2,98.597,112.974,143.233,96.475,119.231,140.307,145.216,131.622,132.035
523.3,98.597,112.974,143.233,96.411,119.093,140.307,145.216,131.622,132.072
523.4,98.659,112.873,143.171,96.348,119.139,140.307,145.275,131.622,131.997
523.5,98.597,112.873,143.202,96.475,119.185,140.307,145.216,131.622,131.96
523.6,98.659,112.772,143.202,96.475,119.231,140.307,145.245,131.697,131.96
523.7,98.536,112.823,143.171,96.475,119.139,140.307,145.216,131.66,131.922
523.8,98.597,112.873,143.263,96.348,119.093,140.307,145.216,131.622,132.035
523.9,98.597,112.722,143.171,96.348,119.047,140.275,145.186,131.622,131.997
524.0,98.536,112.772,143.171,96.348,119.047,140.275,145.216,131.622,131.997
524.1,98.597,112.722,143.171,96.411,119.047,140.177,145.216,131.622,131.997
524.2,98.536,112.722,143.171,96.411,119.001,140.275,145.245,131.547,131.96
524.3,98.474,112.671,143.202,96.348,118.955,140.275,145.216,131.584,131.96
524.4,98.536,112.671,143.233,96.348,118.955,140.275,145.275,131.584,131.96
524.5,98.474,112.62,143.141,96.348,118.955,140.275,145.245,131.622,131.96
524.6,98.536,112.62,143.171,96.411,118.955,140.242,145.245,131.584,131.848
524.7,98.474,112.62,143.171,96.348,118.863,140.242,145.216,131.622,131.922
524.8,98.536,112.519,143.233,96.348,118.817,140.21,145.216,131.547,131.96
524.9,98.474,112.519,143.233,96.411,118.77,140.275,145.275,131.547,131.885
525.0,98.474,112.468,143.141,96.285,118.724,140.145,145.245,131.547,131.96
525.1,98.413,112.468,143.141,96.285,118.724,140.177,145.216,131.547,131.922
525.2,98.474,112.417,143.171,96.221,118.863,140.242,145.186,131.584,131.922
525.3,98.413,112.316,143.11,96.285,118.724,140.177,145.186,131.584,131.848
525.4,98.413,112.366,143.048,96.285,118.678,140.21,145.127,131.547,131.885
525.5,98.413,112.316,143.171,96.221,118.678,140.275,145.186,131.509,131.96
525.6,98.413,112.265,143.141,96.285,118.631,140.177,145.216,131.547,131.922
525.7,98.289,112.316,143.171,96.285,118.585,140.177,145.216,131.509,131.885
525.8,98.351,112.265,143.11,96.221,118.631,140.21,145.186,131.509,131.848
525.9,98.289,112.214,143.141,96.221,118.492,140.21,145.216,131.547,131.885
526.0,98.289,112.214,143.141,96.221,118.585,140.21,145.186,131.509,131.885
526.1,98.351,112.163,143.11,96.221,118.492,140.177,145.157,131.547,131.922
526.2,98.289,112.163,143.141,96.221,118.492,140.21,145.186,131.547,131.885
526.3,98.351,112.214,143.141,96.158,118.399,140.177,145.186,131.471,131.848
526.4,98.227,112.112,143.11,96.158,118.446,140.177,145.186,131.471,131.885
526.5,98.227,112.112,143.141,96.158,118.26,140.145,145.157,131.471,131.885
526.6,98.413,112.061,143.141,96.221,118.446,140.145,145.216,131.471,131.885
526.7,98.227,112.061,143.171,96.158,118.399,140.242,145.186,131.471,131.848
526.8,98.227,112.009,143.141,96.158,118.399,140.145,145.186,131.509,131.848
526.9,98.227,112.009,143.11,96.158,118.399,140.242,145.186,131.434,131.885
527.0,98.165,112.061,143.11,96.094,118.353,140.145,145.216,131.396,131.885
527.1,98.227,112.009,143.11,96.094,118.306,140.177,145.186,131.471,131.885
527.2,98.227,111.907,143.141,96.094,118.353,140.145,145.216,131.396,131.81
527.3,98.041,111.907,143.079,96.158,118.213,140.145,145.186,131.471,131.848
527.4,98.227,111.907,143.11,96.158,118.26,140.145,145.216,131.434,131.81
527.5,98.227,111.907,143.11,96.03,118.213,140.177,145.157,131.471,131.848
527.6,98.165,111.856,143.11,96.158,118.213,140.145,145.275,131.471,131.772
527.7,98.165,111.753,143.11,96.158,118.166,140.145,145.186,131.471,131.772
527.8,98.103,111.805,143.141,96.03,118.073,140.145,145.216,131.434,131.81
527.9,98.103,111.805,143.018,96.094,118.073,140.113,145.186,131.434,131.885
528.0,98.227,111.753,143.079,96.094,118.073,140.08,145.157,131.471,131.772
528.1,98.103,111.702,143.079,96.03,118.073,140.113,145.127,131.434,131.697
528.2,98.103,111.65,143.079,95.967,118.026,140.177,145.186,131.434,131.885
528.3,98.103,111.599,143.048,96.03,117.979,140.145,145.157,131.396,131.772
528.4,98.103,111.65,143.079,96.03,117.979,140.113,145.216,131.396,131.81
528.5,98.041,111.548,143.079,96.03,117.979,140.08,145.186,131.434,131.772
528.6,98.041,111.599,143.079,96.094,117.932,140.048,145.186,131.434,131.772
528.7,97.979,111.548,143.048,96.03,117.932,140.048,145.186,131.358,131.772
528.8,98.041,111.548,143.141,95.839,117.979,140.08,145.157,131.434,131.772
528.9,97.979,111.548,143.048,96.03,117.932,140.08,145.068,131.358,131.772
529.0,98.041,111.496,143.048,95.967,117.979,140.113,145.127,131.358,131.772
529.1,98.041,111.548,143.171,95.903,117.886,140.08,145.127,131.396,131.697
529.2,97.979,111.496,143.018,96.03,117.886,140.08,145.157,131.396,131.772
529.3,98.165,111.444,143.079,95.967,117.886,140.08,145.216,131.396,131.735
529.4,97.979,111.548,143.018,95.967,117.792,140.08,145.157,131.396,131.697
529.5,97.979,111.393,143.079,95.967,117.745,140.048,145.216,131.358,131.772
529.6,97.917,111.341,143.048,95.967,117.745,140.048,145.098,131.358,131.735
529.7,97.917,111.393,143.079,95.903,117.792,140.113,145.157,131.434,131.772
529.8,97.917,111.341,143.018,95.967,117.698,140.08,145.186,131.32,131.735
529.9,97.917,111.29,143.048,96.03,117.698,140.048,145.186,131.358,131.697
530.0,97.793,111.341,143.018,95.967,117.651,140.015,145.127,131.358,131.697
530.1,97.979,111.29,143.048,95.903,117.698,140.08,145.157,131.32,131.735
530.2,97.855,111.238,143.048,95.903,117.651,140.015,145.157,131.32,131.697
530.3,97.917,111.031,143.018,95.903,117.557,140.048,145.157,131.32,131.66
530.4,97.917,111.186,143.048,95.839,117.557,140.015,145.157,131.358,131.735
530.5,97.855,111.083,143.018,95.839,117.462,140.015,145.157,131.32,131.66
530.6,97.855,111.083,143.079,95.775,117.462,140.015,145.157,131.282,131.697
530.7,97.793,111.083,143.018,95.839,117.509,140.08,145.127,131.32,131.697
530.8,97.793,111.031,143.018,95.839,117.462,140.048,145.127,131.358,131.697
530.9,97.917,111.083,143.048,95.775,117.415,140.015,145.157,131.282,131.66
531.0,97.793,110.927,143.018,95.839,117.368,139.983,145.186,131.282,131.66
531.1,97.793,110.927,142.987,95.775,117.368,140.015,145.098,131.282,131.735
531.2,97.793,110.927,143.079,95.839,117.415,140.015,145.157,131.32,131.66
531.3,97.731,110.927,142.987,95.839,117.368,139.95,145.157,131.282,131.66
531.4,97.731,110.875,142.956,95.775,117.415,140.015,145.186,131.282,131.66
531.5,97.731,110.875,142.987,95.775,117.368,139.983,145.127,131.245,131.66
531.6,97.731,110.875,143.048,95.775,117.273,139.983,145.157,131.245,131.66
531.7,97.668,110.927,143.018,95.903,117.321,139.983,145.127,131.207,131.622
531.8,97.793,110.771,142.987,95.775,117.273,140.015,145.186,131.282,131.622
531.9,97.793,110.771,142.987,95.839,117.179,139.983,145.157,131.282,131.697
532.0,97.668,110.771,142.987,95.711,117.179,140.015,145.157,131.245,131.622
532.1,97.793,110.719,142.987,95.711,117.179,140.015,145.127,131.396,131.622
532.2,97.731,110.719,142.987,95.711,117.179,139.983,145.127,131.245,131.584
532.3,97.668,110.667,143.018,95.775,117.179,140.015,145.186,131.245,131.584
532.4,97.668,110.875,142.956,95.775,117.131,139.983,145.127,131.282,131.622
532.5,97.668,110.667,142.895,95.775,117.084,139.983,145.098,131.245,131.697
532.6,97.668,110.667,142.956,95.711,117.036,139.95,145.157,131.207,131.584
532.7,97.731,110.562,142.956,95.775,116.989,140.015,145.157,131.207,131.471
532.8,97.668,110.562,142.956,95.711,116.941,139.95,145.157,131.207,131.622
532.9,97.481,110.51,142.925,95.647,116.941,139.983,145.127,131.207,131.584
533.0,97.668,110.51,142.956,95.711,116.941,139.885,145.157,131.245,131.547
533.1,97.606,110.458,142.956,95.647,116.941,139.918,145.157,131.169,131.584
533.2,97.481,110.405,142.925,95.711,116.846,139.885,145.157,131.207,131.584
533.3,97.543,110.458,142.925,95.647,116.894,139.885,145.157,131.169,131.584
533.4,97.606,110.353,142.987,95.583,116.846,139.918,145.098,131.169,131.547
533.5,97.481,110.405,142.925,95.711,116.846,139.885,145.098,131.207,131.622
533.6,97.606,110.353,142.956,95.647,116.798,139.95,145.157,131.282,131.584
533.7,97.543,110.301,142.925,95.647,116.798,139.95,145.127,131.169,131.509
533.8,97.606,110.353,142.925,95.583,116.751,139.918,145.127,131.245,131.584
533.9,97.481,110.301,142.895,95.711,116.751,139.918,145.098,131.207,131.584
534.0,97.481,110.248,142.925,95.583,116.703,139.95,145.127,131.207,131.584
534.1,97.543,110.301,142.956,95.583,116.751,139.885,145.127,131.169,131.584
534.2,97.481,110.248,142.925,95.583,116.655,139.755,145.098,131.207,131.584
534.3,97.543,110.196,142.956,95.647,116.751,139.885,145.098,131.207,131.547
534.4,97.419,110.143,142.987,95.583,116.703,139.787,145.127,131.169,131.547
534.5,97.481,110.091,142.956,95.583,116.607,139.885,145.068,131.169,131.509
534.6,97.481,110.143,142.802,95.519,116.56,139.918,145.098,131.207,131.547
534.7,97.419,110.143,142.925,95.583,116.512,139.95,145.127,131.169,131.509
534.8,97.481,110.038,142.895,95.519,116.512,139.853,145.127,131.093,131.509
534.9,97.419,109.985,142.925,95.391,116.512,139.885,145.068,131.131,131.547
535.0,97.419,109.985,142.895,95.519,116.464,139.885,145.127,131.131,131.584
535.1,97.419,109.933,142.895,95.519,116.416,139.82,145.098,131.131,131.509
535.2,97.419,109.985,142.987,95.455,116.416,139.885,145.098,131.131,131.509
535.3,97.419,109.88,142.895,95.519,116.32,139.82,145.127,131.131,131.358
535.4,97.419,109.827,142.864,95.519,116.416,139.918,145.068,131.093,131.471
535.5,97.356,109.88,142.895,95.519,116.368,139.853,145.127,131.131,131.547
535.6,97.356,109.827,142.925,95.519,116.368,139.82,145.098,131.093,131.509
535.7,97.419,109.827,142.864,95.519,116.416,139.82,145.127,131.093,131.509
535.8,97.419,109.827,142.802,95.455,116.32,139.853,145.098,131.093,131.471
535.9,97.356,109.775,142.864,95.455,116.272,139.722,145.098,131.131,131.509
536.0,97.356,109.775,142.864,95.455,116.272,139.82,145.157,131.017,131.471
536.1,97.293,109.722,142.956,95.519,116.224,139.853,145.098,131.093,131.471
536.2,97.293,109.722,142.864,95.455,116.128,139.853,145.098,131.131,131.434
536.3,97.293,109.669,142.895,95.455,116.128,139.82,145.157,131.055,131.471
536.4,97.606,109.669,142.864,95.455,116.224,139.82,145.068,131.131,131.471
536.5,97.231,109.669,142.895,95.391,116.128,139.787,145.098,131.017,131.434
536.6,97.293,109.616,142.833,95.391,116.08,139.82,145.098,131.055,131.434
536.7,97.231,109.563,142.956,95.455,116.031,139.82,145.068,131.093,131.509
536.8,97.231,109.669,142.833,95.455,116.031,139.755,145.098,131.055,131.471
536.9,97.231,109.51,142.833,95.327,116.08,139.82,145.098,131.055,131.471
537.0,97.231,109.51,142.864,95.391,116.031,139.853,145.068,131.055,131.434
537.1,97.231,109.51,142.864,95.262,116.031,139.787,145.098,131.093,131.434
537.2,97.293,109.457,142.864,95.391,115.983,139.787,145.039,131.055,131.396
537.3,97.231,109.457,142.833,95.327,115.935,139.853,145.098,131.055,131.434
537.4,97.168,109.404,142.833,95.391,115.935,139.755,145.127,131.055,131.434
537.5,97.231,109.457,142.833,95.327,115.935,139.787,145.068,131.055,131.434
537.6,97.231,109.404,142.864,95.327,115.887,139.787,145.098,131.055,131.547
537.7,97.168,109.404,142.864,95.327,115.935,139.82,145.098,131.017,131.434
537.8,97.105,109.351,142.833,95.455,115.887,139.755,145.098,131.055,131.434
537.9,97.168,109.351,142.833,95.327,115.838,139.755,145.068,131.093,131.547
538.0,97.231,109.351,142.864,95.391,115.838,139.787,145.127,131.017,131.434
538.1,97.105,109.351,142.833,95.391,115.838,139.82,145.068,131.017,131.471
538.2,97.168,109.351,142.802,95.327,115.935,139.885,145.098,131.017,131.434
538.3,97.168,109.191,142.833,95.327,115.79,139.82,145.098,131.017,131.396
538.4,97.168,109.191,142.802,95.327,115.742,139.755,144.979,131.055,131.434
538.5,97.168,109.191,142.833,95.327,115.645,139.755,145.068,131.017,131.396
538.6,97.105,109.191,142.833,95.327,115.693,139.755,145.039,131.017,131.471
538.7,97.105,109.085,142.956,95.262,115.693,139.787,145.068,131.017,131.434
538.8,97.105,109.031,142.802,95.327,115.645,139.755,145.068,130.979,131.396
538.9,97.105,109.085,142.833,95.327,115.596,139.722,145.157,130.979,131.358
539.0,97.042,108.978,142.802,95.262,115.596,139.755,145.068,131.017,131.358
539.1,97.042,108.978,142.802,95.198,115.548,139.722,145.098,130.979,131.396
539.2,97.168,108.978,142.833,95.262,115.548,139.722,145.098,131.017,131.32
539.3,96.98,108.978,142.74,95.198,115.499,139.755,145.068,130.979,131.32
539.4,97.042,108.924,142.771,95.327,115.499,139.755,145.039,131.017,131.358
539.5,97.042,108.978,142.802,95.198,115.45,139.755,145.068,130.941,131.358
539.6,96.98,108.871,142.802,95.262,115.402,139.722,145.068,130.941,131.32
539.7,96.98,108.817,142.771,95.262,115.402,139.689,145.068,130.941,131.358
539.8,96.98,108.817,142.802,95.198,115.353,139.722,145.039,131.017,131.396
539.9,96.917,108.817,142.74,95.198,115.353,139.689,145.039,130.941,131.32
540.0,96.917,108.817,142.802,95.198,115.304,139.689,145.098,130.979,131.32
540.1,96.98,108.764,142.802,95.198,115.304,139.722,145.068,130.941,131.358
540.2,96.98,108.71,142.802,95.198,115.304,139.689,145.068,130.941,131.32
540.3,96.98,108.657,142.74,95.262,115.256,139.755,145.039,130.903,131.434
540.4,96.917,108.764,142.74,95.134,115.256,139.657,145.039,130.941,131.282
540.5,96.98,108.603,142.802,95.134,115.353,139.689,145.039,130.941,131.32
540.6,96.917,108.603,142.74,95.198,115.207,139.722,145.068,130.941,131.32
540.7,97.042,108.657,142.771,95.134,115.207,139.722,145.098,131.017,131.358
540.8,96.917,108.603,142.74,95.134,115.256,139.624,145.068,130.941,131.282
540.9,96.917,108.657,142.802,95.134,115.256,139.787,145.068,130.941,131.32
541.0,96.917,108.549,142.771,95.198,115.158,139.689,145.009,130.941,131.32
541.1,96.98,108.549,142.74,95.134,115.109,139.689,144.979,130.903,131.358
541.2,96.98,108.549,142.709,95.134,115.109,139.722,145.039,130.903,131.32
541.3,96.854,108.495,142.802,95.198,115.011,139.657,145.098,130.941,131.245
541.4,96.917,108.495,142.771,95.134,115.06,139.689,145.039,130.903,131.282
541.5,96.917,108.442,142.864,95.134,115.011,139.689,145.068,130.903,131.32
541.6,96.791,108.495,142.74,95.005,115.06,139.657,145.098,130.941,131.358
541.7,96.854,108.442,142.771,95.198,115.011,139.689,145.039,130.903,131.282
541.8,96.791,108.388,142.74,95.134,115.011,139.657,145.039,130.941,131.358
541.9,96.917,108.334,142.709,95.069,114.962,139.689,145.039,130.903,131.245
542.0,96.854,108.28,142.709,95.069,114.864,139.657,145.068,130.864,131.32
542.1,96.917,108.334,142.74,94.876,114.864,139.657,145.039,130.903,131.245
542.2,96.854,108.28,142.74,95.069,114.962,139.657,145.039,130.826,131.282
542.3,96.791,108.226,142.709,95.134,114.913,139.624,145.039,130.864,131.245
542.4,96.791,108.334,142.802,95.069,114.717,139.657,145.039,130.864,131.245
542.5,96.791,108.226,142.679,95.069,114.815,139.689,145.039,130.864,131.245
542.6,96.728,108.28,142.709,95.069,114.815,139.624,145.039,130.941,131.245
542.7,96.728,108.226,142.74,95.069,114.766,139.591,145.009,130.864,131.245
542.8,96.791,108.118,142.74,95.134,114.766,139.624,145.039,130.864,131.245
542.9,96.854,108.118,142.771,95.005,114.717,139.591,145.039,130.903,131.245
543.0,96.728,108.118,142.679,95.069,114.864,139.657,145.039,130.864,131.245
543.1,96.728,108.172,142.74,95.005,114.668,139.657,145.039,130.864,131.32
543.2,96.664,108.064,142.679,95.005,114.668,139.591,145.039,130.864,131.207
543.3,96.728,108.064,142.709,94.94,114.717,139.591,145.039,130.864,131.245
543.4,96.854,108.01,142.679,95.005,114.569,139.591,145.009,130.826,131.207
543.5,96.664,107.955,142.679,94.94,114.668,139.624,145.009,130.788,131.207
543.6,96.664,107.901,142.679,95.005,114.52,139.591,144.979,130.826,131.245
543.7,96.664,107.901,142.679,95.005,114.569,139.591,145.039,130.826,131.169
543.8,96.728,107.847,142.709,94.94,114.471,139.558,145.068,130.826,131.282
543.9,96.664,107.793,142.709,94.94,114.52,139.558,145.009,130.826,131.169
544.0,96.601,107.793,142.709,95.005,114.471,139.558,145.039,130.788,131.169
544.1,96.601,107.847,142.679,94.94,114.421,139.591,145.068,130.864,131.207
544.2,96.601,107.901,142.709,94.94,114.471,139.558,144.979,130.826,131.245
544.3,96.664,107.793,142.648,94.94,114.421,139.493,144.979,130.826,131.282
544.4,96.664,107.793,142.709,94.94,114.372,139.558,145.039,130.826,131.207
544.5,96.601,107.684,142.709,94.94,114.421,139.657,145.039,130.788,131.207
544.6,96.601,107.793,142.679,94.876,114.372,139.558,145.009,130.826,131.245
544.7,96.601,107.793,142.709,94.94,114.372,139.493,145.009,130.826,131.245
544.8,96.664,107.684,142.679,94.876,114.372,139.591,145.039,130.826,131.169
544.9,96.601,107.684,142.74,94.94,114.224,139.624,145.009,130.788,131.245
545.0,96.538,107.684,142.679,94.94,114.273,139.526,145.009,130.788,131.169
545.1,96.538,107.63,142.679,94.876,114.273,139.526,145.127,130.788,131.207
545.2,96.538,107.575,142.709,94.876,114.174,139.526,144.979,130.826,131.207
545.3,96.538,107.521,142.679,94.876,114.125,139.46,144.979,130.788,131.169
545.4,96.475,107.521,142.648,94.811,114.174,139.558,145.039,130.788,131.131
545.5,96.538,107.521,142.679,94.876,114.125,139.558,145.068,130.75,131.169
545.6,96.538,107.521,142.648,94.811,114.125,139.526,145.009,130.75,131.131
545.7,96.475,107.521,142.648,94.811,114.125,139.558,145.009,130.75,131.207
545.8,96.538,107.411,142.648,94.876,114.174,139.526,145.039,130.75,131.093
545.9,96.538,107.466,142.555,94.811,114.025,139.526,145.039,130.75,131.207
546.0,96.475,107.411,142.617,94.876,114.075,139.526,145.009,130.75,131.169
546.1,96.538,107.411,142.648,94.811,114.025,139.493,144.979,130.75,131.131
546.2,96.411,107.411,142.586,95.005,114.075,139.558,145.009,130.674,131.131
546.3,96.475,107.357,142.648,94.811,114.025,139.493,144.979,130.712,131.131
546.4,96.411,107.357,142.648,94.811,114.025,139.526,145.009,130.75,131.131
546.5,96.475,107.302,142.679,94.681,113.976,139.493,145.039,130.75,131.131
546.6,96.475,107.357,142.648,94.94,113.976,139.493,144.979,130.712,131.131
546.7,96.601,107.247,142.648,94.811,114.025,139.493,145.009,130.788,131.055
546.8,96.475,107.247,142.586,94.876,113.926,139.493,144.979,130.712,131.131
546.9,96.411,107.247,142.617,94.746,113.826,139.46,145.009,130.712,131.169
547.0,96.411,107.302,142.617,94.811,113.826,139.493,145.009,130.712,131.131
547.1,96.411,107.138,142.617,94.746,113.876,139.46,145.009,130.635,131.093
547.2,96.411,107.138,142.617,94.811,113.777,139.493,144.979,130.75,131.093
547.3,96.348,107.138,142.617,94.746,113.727,139.46,145.068,130.712,131.093
547.4,96.411,107.083,142.586,94.746,113.777,139.46,145.009,130.712,131.093
547.5,96.348,107.138,142.617,94.746,113.826,139.46,144.979,130.712,131.169
547.6,96.411,107.028,142.617,94.811,113.727,139.46,145.009,130.712,131.017
547.7,96.348,107.083,142.617,94.811,113.727,139.493,145.039,130.75,131.131
547.8,96.348,107.028,142.617,94.681,113.677,139.46,144.979,130.712,131.093
547.9,96.411,107.083,142.555,94.746,113.777,139.427,144.979,130.712,131.093
548.0,96.411,107.028,142.586,94.746,113.677,139.46,145.009,130.674,131.093
548.1,96.411,106.973,142.679,94.681,113.677,139.46,145.039,130.674,131.093
548.2,96.348,107.028,142.586,94.746,113.627,139.427,145.009,130.712,131.131
548.3,96.285,106.973,142.586,94.746,113.577,139.296,145.009,130.712,131.131
548.4,96.411,106.918,142.555,94.746,113.577,139.46,145.009,130.674,131.093
548.5,96.285,106.973,142.617,94.746,113.627,139.46,145.009,130.712,131.093
548.6,96.348,106.863,142.586,94.811,113.577,139.427,144.979,130.674,131.093
548.7,96.411,106.918,142.586,94.746,113.577,139.394,145.039,130.712,131.093
548.8,96.285,106.808,142.586,94.681,113.577,139.427,145.039,130.674,131.093
548.9,96.285,106.863,142.555,94.681,113.477,139.362,144.95,130.712,131.093
549.0,96.221,106.753,142.586,94.681,113.427,139.46,144.979,130.674,131.055
549.1,96.348,106.753,142.524,94.681,113.477,139.427,144.979,130.674,131.055
549.2,96.221,106.753,142.586,94.681,113.477,139.46,144.979,130.674,131.017
549.3,96.221,106.698,142.555,94.617,113.377,139.46,144.95,130.674,131.055
549.4,96.221,106.753,142.617,94.681,113.377,139.427,144.979,130.674,131.093
549.5,96.221,106.698,142.617,94.617,113.326,139.427,144.95,130.635,131.017
549.6,96.221,106.588,142.617,94.681,113.276,139.394,144.979,130.674,131.055
549.7,96.158,106.643,142.586,94.617,113.276,139.46,144.979,130.597,131.017
549.8,96.221,106.588,142.586,94.681,113.326,139.394,144.92,130.559,130.979
549.9,96.094,106.532,142.524,94.552,113.226,139.329,144.979,130.635,131.055
550.0,96.221,106.532,142.555,94.681,113.276,139.427,144.979,130.635,131.017
550.1,96.158,106.477,142.524,94.681,113.226,139.394,144.979,130.597,131.017
550.2,96.158,106.643,142.555,94.552,113.176,139.394,145.039,130.674,131.017
550.3,96.158,106.422,142.555,94.681,113.176,139.362,144.95,130.597,131.017
550.4,96.094,106.477,142.586,94.552,113.276,139.394,144.95,130.635,131.017
550.5,96.285,106.422,142.493,94.552,113.125,139.394,144.979,130.597,131.017
550.6,96.158,106.422,142.524,94.487,113.176,139.427,144.95,130.75,131.017
550.7,96.221,106.422,142.586,94.552,113.125,139.362,144.95,130.635,131.017
550.8,96.094,106.422,142.586,94.617,113.125,139.362,144.95,130.635,130.979
550.9,96.221,106.311,142.524,94.552,113.075,139.394,144.95,130.635,131.055
551.0,96.094,106.366,142.617,94.552,113.025,139.394,145.009,130.635,131.017
551.1,96.158,106.422,142.555,94.552,113.025,139.394,144.979,130.635,130.941
551.2,96.158,106.2,142.493,94.552,112.974,139.394,144.95,130.597,131.017
551.3,96.158,106.422,142.524,94.487,112.974,139.329,145.009,130.597,131.017
551.4,96.094,106.311,142.555,94.552,113.025,139.362,144.95,130.635,131.055
551.5,96.094,106.311,142.524,94.552,112.974,139.362,144.979,130.597,131.055
551.6,96.03,106.255,142.524,94.552,112.924,139.362,144.979,130.635,130.979
551.7,96.094,106.2,142.524,94.552,112.924,139.362,144.95,130.597,130.979
551.8,96.094,106.255,142.524,94.552,112.873,139.329,144.979,130.559,131.017
551.9,96.094,106.144,142.493,94.487,112.974,139.362,144.95,130.597,130.979
552.0,96.03,106.089,142.524,94.487,112.873,139.362,144.92,130.559,131.017
552.1,95.967,106.089,142.493,94.617,112.823,139.362,144.95,130.559,130.979
552.2,96.03,106.089,142.462,94.552,112.873,139.362,144.95,130.559,130.941
552.3,96.03,106.033,142.493,94.552,112.722,139.394,144.92,130.559,130.941
552.4,96.03,106.033,142.524,94.617,112.772,139.362,144.95,130.597,131.093
552.5,96.03,106.033,142.493,94.422,112.722,139.329,144.95,130.597,130.941
552.6,96.03,106.033,142.462,94.487,112.772,139.197,144.95,130.635,131.017
552.7,95.967,106.033,142.524,94.487,112.722,139.296,144.95,130.559,130.941
552.8,96.03,105.922,142.555,94.487,112.722,139.296,144.95,130.635,130.903
552.9,95.967,105.977,142.493,94.487,112.722,139.329,144.95,130.597,130.941
553.0,96.03,105.922,142.462,94.487,112.671,139.362,144.92,130.559,130.979
553.1,96.03,105.866,142.493,94.422,112.772,139.329,144.92,130.597,130.941
553.2,95.967,105.866,142.524,94.552,112.62,139.329,144.92,130.559,130.979
553.3,95.967,105.866,142.493,94.487,112.57,139.329,144.95,130.559,130.941
553.4,95.967,105.866,142.462,94.487,112.519,139.296,144.89,130.559,130.979
553.5,95.967,105.754,142.462,94.487,112.519,139.362,144.95,130.52,130.979
553.6,95.967,105.81,142.43,94.487,112.57,139.296,144.89,130.559,130.979
553.7,96.03,105.754,142.493,94.357,112.519,139.263,144.92,130.559,130.941
553.8,95.903,105.754,142.462,94.422,112.519,139.296,144.92,130.597,130.903
553.9,95.967,105.754,142.555,94.422,112.468,139.296,144.92,130.559,130.903
554.0,95.967,105.642,142.493,94.422,112.468,139.296,144.95,130.52,130.903
554.1,95.903,105.642,142.493,94.422,112.468,139.296,144.92,130.52,130.903
554.2,95.967,105.698,142.555,94.422,112.417,139.329,144.92,130.559,130.941
554.3,95.903,105.586,142.462,94.552,112.366,139.296,144.95,130.52,130.903
554.4,95.903,105.586,142.43,94.357,112.316,139.263,144.92,130.52,130.941
554.5,95.839,105.53,142.462,94.422,112.366,139.296,144.95,130.444,130.864
554.6,96.03,105.586,142.493,94.422,112.316,139.263,144.95,130.52,130.903
554.7,95.967,105.474,142.43,94.487,112.316,139.296,144.92,130.482,130.903
554.8,95.903,105.474,142.43,94.422,112.265,139.263,144.92,130.482,130.941
554.9,95.967,105.474,142.462,94.357,112.316,139.263,144.92,130.482,130.864
555.0,95.839,105.474,142.43,94.552,112.214,139.263,144.92,130.52,130.864
555.1,95.839,105.53,142.43,94.357,112.265,139.263,144.92,130.444,130.864
555.2,95.903,105.418,142.493,94.357,112.214,139.263,144.95,130.482,130.864
555.3,95.903,105.418,142.43,94.357,112.163,139.197,144.95,130.444,130.941
555.4,95.775,105.418,142.43,94.357,112.214,139.296,144.95,130.559,130.864
555.5,95.839,105.362,142.462,94.357,112.163,139.263,144.95,130.482,130.864
555.6,95.775,105.474,142.43,94.357,112.061,139.263,144.95,130.482,130.864
555.7,95.839,105.306,142.43,94.357,112.112,139.23,144.95,130.52,130.903
555.8,95.903,105.362,142.493,94.357,112.163,139.23,144.89,130.444,130.864
555.9,95.775,105.306,142.43,94.357,112.061,139.263,144.92,130.482,130.864
556.0,95.839,105.306,142.43,94.292,112.061,139.263,144.92,130.482,130.903
556.1,95.775,105.137,142.43,94.161,112.112,139.23,144.92,130.52,130.864
556.2,95.775,105.362,142.368,94.357,111.907,139.263,144.89,130.482,130.864
556.3,95.775,105.249,142.399,94.226,112.009,139.263,144.92,130.405,130.941
556.4,95.775,105.193,142.462,94.292,112.009,139.263,144.92,130.482,130.864
556.5,95.775,105.249,142.368,94.292,112.009,139.23,144.92,130.444,130.903
556.6,95.711,105.137,142.399,94.292,111.907,139.263,144.92,130.444,130.826
556.7,95.839,105.193,142.399,94.292,111.907,139.197,144.92,130.482,130.826
556.8,95.711,105.137,142.43,94.292,111.856,139.197,144.95,130.597,130.788
556.9,95.711,105.08,142.43,94.292,111.856,139.23,144.95,130.444,130.788
557.0,95.711,105.08,142.306,94.292,111.805,139.263,144.92,130.482,130.864
557.1,95.775,104.967,142.399,94.292,111.907,139.263,144.979,130.482,130.826
557.2,95.711,104.911,142.368,94.292,111.753,139.23,144.89,130.444,130.903
557.3,95.711,105.08,142.399,94.226,111.702,139.197,144.95,130.444,130.864
557.4,95.711,104.911,142.399,94.292,111.753,139.197,144.92,130.444,130.826
557.5,95.711,104.911,142.43,94.292,111.753,139.197,144.92,130.444,130.788
557.6,95.647,104.798,142.337,94.226,111.65,139.197,144.89,130.482,130.864
557.7,95.711,104.798,142.43,94.226,111.599,139.23,144.89,130.444,130.903
557.8,95.647,104.741,142.368,94.226,111.548,139.164,144.92,130.444,130.826
557.9,95.647,104.741,142.399,94.096,111.496,139.197,144.92,130.405,130.788
558.0,95.647,104.741,142.399,94.161,111.548,139.197,144.861,130.444,130.788
558.1,95.647,104.684,142.399,94.161,111.496,139.164,144.92,130.367,130.788
558.2,95.583,104.684,142.368,94.161,111.496,139.164,144.89,130.405,130.826
558.3,95.583,104.628,142.399,94.226,111.496,139.263,144.89,130.405,130.826
558.4,95.583,104.628,142.337,94.161,111.393,139.131,144.92,130.367,130.864
558.5,95.583,104.628,142.399,94.161,111.341,139.164,144.89,130.444,130.788
558.6,95.583,104.571,142.337,94.161,111.444,139.164,144.861,130.405,130.788
558.7,95.583,104.514,142.368,94.161,111.393,139.164,144.92,130.328,130.826
558.8,95.519,104.571,142.368,94.226,111.341,139.164,144.89,130.367,130.826
558.9,95.455,104.571,142.368,94.161,111.238,139.131,144.89,130.405,130.75
559.0,95.519,104.514,142.306,94.226,111.29,139.164,144.89,130.405,130.864
559.1,95.583,104.514,142.337,94.161,111.29,139.131,144.861,130.367,130.826
559.2,95.583,104.457,142.337,94.226,111.29,139.131,144.92,130.405,130.75
559.3,95.647,104.457,142.337,94.096,111.238,139.164,144.92,130.367,130.788
559.4,95.519,104.4,142.337,94.096,111.238,139.197,144.861,130.405,130.75
559.5,95.519,104.229,142.337,94.096,111.134,139.23,144.89,130.367,130.75
559.6,95.519,104.343,142.337,94.161,111.083,139.098,144.89,130.405,130.788
559.7,95.519,104.115,142.337,94.161,111.134,139.098,144.89,130.367,130.635
559.8,95.455,104.229,142.399,93.965,111.083,139.065,144.861,130.444,130.864
559.9,95.519,104.229,142.337,94.096,111.031,139.098,144.92,130.405,130.75
560.0,95.519,104.229,142.306,94.161,111.031,139.098,144.861,130.328,130.75
560.1,95.519,104.229,142.337,94.226,110.979,139.131,144.861,130.444,130.712
560.2,95.455,104.172,142.306,94.096,111.031,139.098,144.89,130.367,130.826
560.3,95.519,104.115,142.306,94.096,110.979,139.032,144.89,130.367,130.788
560.4,95.391,104.172,142.337,94.031,110.927,139.131,144.89,130.328,130.788
560.5,95.455,104.115,142.337,94.161,110.927,139.098,144.89,130.328,130.75
560.6,95.455,104.115,142.337,94.161,110.875,139.098,144.92,130.328,130.712
560.7,95.519,104.115,142.306,94.031,110.875,139.131,144.89,130.328,130.75
560.8,95.455,104.058,142.306,94.096,110.875,139.131,144.89,130.367,130.674
560.9,95.391,104.115,142.337,94.096,110.823,139.098,144.861,130.367,130.674
561.0,95.391,104.058,142.306,94.031,110.875,139.065,144.92,130.328,130.712
561.1,95.391,104.0,142.275,93.965,110.823,139.098,144.89,130.328,130.712
561.2,95.391,104.0,142.306,94.031,110.771,139.065,144.92,130.328,130.75
561.3,95.455,103.943,142.306,94.226,110.823,139.065,144.89,130.29,130.712
561.4,95.455,104.0,142.306,94.031,110.771,139.098,144.861,130.367,130.712
561.5,95.391,103.886,142.306,93.9,110.719,139.098,144.831,130.328,130.712
561.6,95.391,103.886,142.212,93.965,110.615,139.065,144.89,130.29,130.674
561.7,95.327,103.886,142.275,93.965,110.667,139.098,144.861,130.29,130.712
561.8,95.391,103.829,142.306,94.031,110.667,139.065,144.861,130.367,130.674
561.9,95.327,103.714,142.275,93.9,110.615,139.098,144.861,130.29,130.674
562.0,95.391,103.829,142.244,94.031,110.562,139.032,144.89,130.328,130.712
562.1,95.391,103.771,142.306,93.965,110.562,139.032,144.89,130.29,130.674
562.2,95.391,103.829,142.275,93.965,110.562,139.032,144.861,130.328,130.674
562.3,95.262,103.714,142.337,93.965,110.51,139.065,144.861,130.29,130.712
562.4,95.327,103.714,142.244,94.031,110.51,138.999,144.92,130.29,130.712
562.5,95.519,103.714,142.244,93.965,110.51,139.131,144.831,130.251,130.712
562.6,95.327,103.656,142.275,93.965,110.458,138.999,144.861,130.29,130.674
562.7,95.262,103.714,142.275,94.031,110.405,139.032,144.89,130.328,130.674
562.8,95.327,103.541,142.244,93.9,110.405,138.999,144.861,130.29,130.674
562.9,95.198,103.541,142.275,93.965,110.405,139.032,144.89,130.29,130.674
563.0,95.262,103.483,142.244,93.965,110.458,139.065,144.89,130.328,130.712
563.1,95.262,103.483,142.244,93.9,110.405,139.032,144.831,130.29,130.712
563.2,95.262,103.483,142.306,93.965,110.353,139.032,144.831,130.251,130.712
563.3,95.262,103.368,142.244,93.965,110.301,139.065,144.801,130.251,130.712
563.4,95.262,103.426,142.212,93.9,110.301,139.032,144.861,130.367,130.674
563.5,95.198,103.483,142.244,93.965,110.196,139.032,144.831,130.251,130.674
563.6,95.262,103.426,142.212,93.9,110.196,138.999,144.861,130.251,130.635
563.7,95.262,103.368,142.244,93.834,110.196,138.966,144.861,130.251,130.712
563.8,95.262,103.368,142.244,94.031,110.248,138.966,144.861,130.213,130.674
563.9,95.262,103.368,142.181,93.9,110.143,139.032,144.861,130.251,130.788
564.0,95.327,103.31,142.212,93.965,110.143,138.999,144.831,130.251,130.597
564.1,95.262,103.31,142.275,93.9,110.143,138.966,144.861,130.367,130.674
564.2,95.198,103.31,142.244,93.9,110.196,138.999,144.89,130.251,130.635
564.3,95.198,103.195,142.212,93.9,110.091,139.032,144.831,130.174,130.712
564.4,95.198,103.252,142.212,93.9,110.091,138.999,144.801,130.328,130.635
564.5,95.262,103.252,142.212,93.9,110.091,138.999,144.861,130.213,130.635
564.6,95.198,103.31,142.244,93.9,110.091,138.999,144.861,130.251,130.674
564.7,95.198,103.195,142.212,93.834,110.091,138.966,144.831,130.251,130.597
564.8,95.198,103.195,142.212,93.9,109.985,138.999,144.831,130.251,130.674
564.9,95.198,103.137,142.244,93.834,109.985,138.966,144.89,130.251,130.635
565.0,95.134,103.137,142.212,93.834,109.933,138.999,144.861,130.213,130.635
565.1,95.134,103.137,142.244,93.9,109.933,138.966,144.801,130.251,130.597
565.2,95.198,103.079,142.181,93.769,109.985,138.999,144.831,130.251,130.635
565.3,95.198,103.021,142.244,93.834,109.88,138.966,144.861,130.251,130.635
565.4,95.134,103.079,142.212,93.9,109.88,138.966,144.861,130.251,130.635
565.5,95.198,103.079,142.087,93.834,109.88,138.999,144.89,130.213,130.674
565.6,95.198,102.963,142.212,93.834,109.827,138.899,144.831,130.213,130.674
565.7,95.134,102.963,142.181,93.769,109.775,138.966,144.89,130.213,130.674
565.8,95.134,102.904,142.181,93.834,109.827,138.932,144.801,130.251,130.559
565.9,95.005,102.904,142.212,93.769,109.775,138.966,144.831,130.213,130.635
566.0,95.134,102.846,142.181,93.834,109.669,138.932,144.801,130.213,130.597
566.1,95.134,102.846,142.15,93.769,109.722,138.966,144.801,130.251,130.597
566.2,95.134,102.904,142.181,93.769,109.775,138.966,144.831,130.213,130.597
566.3,95.069,102.846,142.119,93.703,109.722,138.932,144.801,130.136,130.597
566.4,95.134,102.788,142.119,93.834,109.669,138.932,144.831,130.174,130.559
566.5,95.134,102.788,142.212,93.769,109.669,138.932,144.831,130.174,130.559
566.6,95.069,102.846,142.212,93.769,109.722,138.932,144.831,130.213,130.597
566.7,95.134,102.73,142.15,93.769,109.669,138.932,144.801,130.136,130.597
566.8,95.134,102.73,142.15,93.834,109.563,138.932,144.772,130.174,130.559
566.9,95.069,102.672,142.15,93.769,109.563,138.932,144.831,130.251,130.559
567.0,95.069,102.73,142.119,93.769,109.563,138.932,144.831,130.174,130.597
567.1,95.005,102.555,142.181,93.769,109.51,138.966,144.831,130.29,130.597
567.2,95.005,102.672,142.15,93.834,109.51,138.899,144.89,130.174,130.559
567.3,94.94,102.613,142.181,93.769,109.351,138.932,144.831,130.213,130.597
567.4,95.005,102.555,142.15,93.834,109.404,138.932,144.772,130.136,130.559
567.5,95.069,102.497,142.15,93.703,109.244,138.899,144.801,130.136,130.559
567.6,95.005,102.38,142.15,93.769,109.404,138.932,144.801,130.174,130.559
567.7,95.005,102.438,142.15,93.703,109.298,138.999,144.831,130.136,130.559
567.8,95.005,102.438,142.119,93.769,109.298,138.866,144.801,130.174,130.559
567.9,95.005,102.497,142.087,93.703,109.298,138.932,144.801,130.174,130.635
568.0,94.94,102.438,142.119,93.703,109.298,138.932,144.801,130.251,130.559
568.1,95.069,102.438,142.119,93.769,109.298,138.899,144.831,130.174,130.559
568.2,94.94,102.38,142.15,93.638,109.138,138.866,144.801,130.136,130.559
568.3,95.069,102.38,142.119,93.703,109.191,138.899,144.801,130.174,130.559
568.4,94.94,102.321,142.15,93.703,109.191,138.899,144.801,130.174,130.559
568.5,95.069,102.262,142.119,93.703,109.138,138.866,144.831,130.136,130.559
568.6,94.94,102.321,142.119,93.703,109.298,138.866,144.801,130.174,130.52
568.7,94.94,102.262,142.119,93.769,109.191,138.899,144.861,130.174,130.444
568.8,95.005,102.262,142.119,93.703,109.138,138.932,144.772,130.097,130.559
568.9,94.94,102.262,142.119,93.703,109.138,138.866,144.801,130.097,130.52
569.0,94.94,102.262,142.056,93.769,109.138,138.866,144.772,130.097,130.559
569.1,95.005,102.204,142.119,93.703,109.031,138.833,144.801,130.136,130.559
569.2,94.94,102.204,142.119,93.769,109.031,138.833,144.831,130.136,130.405
569.3,94.94,102.204,142.212,93.703,109.031,138.899,144.742,130.136,130.559
569.4,94.876,102.145,142.087,93.703,108.978,138.833,144.742,130.136,130.482
569.5,94.94,102.086,142.119,93.638,108.978,138.866,144.801,130.251,130.52
569.6,94.876,102.145,142.15,93.703,108.978,138.866,144.801,130.02,130.52
569.7,94.876,102.028,142.119,93.572,108.978,138.866,144.831,130.097,130.597
569.8,94.876,102.145,142.15,93.703,108.924,138.833,144.772,130.136,130.52
569.9,94.876,102.086,142.056,93.703,108.924,138.899,144.801,130.097,130.482
570.0,94.876,102.028,142.119,93.638,108.924,138.866,144.801,130.097,130.712
570.1,94.811,102.028,142.087,93.638,108.871,138.767,144.801,130.097,130.482
570.2,94.876,101.969,142.087,93.638,108.871,138.833,144.801,130.097,130.52
570.3,94.94,101.969,142.087,93.638,108.871,138.833,144.772,130.097,130.482
570.4,94.876,102.028,142.087,93.703,108.817,138.899,144.742,130.136,130.559
570.5,94.94,102.028,142.181,93.638,108.71,138.833,144.801,130.097,130.52
570.6,94.876,101.969,142.119,93.638,108.764,138.8,144.772,130.136,130.482
570.7,94.876,101.91,142.119,93.638,108.764,138.833,144.801,130.097,130.559
570.8,94.876,101.851,142.119,93.638,108.764,138.899,144.801,130.097,130.52
570.9,94.876,101.792,142.087,93.572,108.71,138.8,144.742,130.097,130.482
571.0,94.811,101.91,142.056,93.638,108.764,138.833,144.772,130.097,130.482
571.1,94.94,101.733,142.15,93.572,108.764,138.833,144.772,130.058,130.482
571.2,94.876,101.792,142.087,93.572,108.71,138.833,144.831,130.058,130.482
571.3,94.811,101.792,142.056,93.638,108.71,138.866,144.801,130.136,130.559
571.4,94.811,101.733,142.087,93.703,108.657,138.8,144.772,130.136,130.444
571.5,94.746,101.674,142.056,93.638,108.549,138.8,144.772,130.174,130.482
571.6,94.746,101.674,142.15,93.703,108.603,138.833,144.801,130.058,130.559
571.7,94.811,101.733,142.087,93.572,108.549,138.733,144.772,130.058,130.52
571.8,94.811,101.615,142.087,93.638,108.495,138.866,144.801,130.136,130.444
571.9,94.876,101.615,142.025,93.572,108.603,138.8,144.772,130.136,130.482
572.0,94.811,101.556,142.087,93.638,108.549,138.833,144.742,130.058,130.482
572.1,94.811,101.556,142.056,93.638,108.442,138.767,144.772,130.058,130.405
572.2,94.811,101.556,142.056,93.572,108.442,138.833,144.742,130.097,130.52
572.3,94.746,101.496,142.056,93.638,108.442,138.8,144.772,130.174,130.52
572.4,94.811,101.496,142.025,93.572,108.442,138.8,144.801,130.058,130.444
572.5,94.746,101.496,142.056,93.638,108.388,138.8,144.742,130.058,130.444
572.6,94.746,101.496,142.119,93.703,108.388,138.8,144.801,130.097,130.444
572.7,94.746,101.437,142.025,93.506,108.388,138.767,144.772,130.136,130.482
572.8,94.746,101.378,142.025,93.572,108.334,138.767,144.772,130.097,130.559
572.9,94.746,101.378,142.056,93.572,108.28,138.767,144.742,130.097,130.482
573.0,94.746,101.437,142.025,93.506,108.28,138.899,144.772,130.058,130.444
573.1,94.681,101.378,142.056,93.572,108.226,138.8,144.801,130.058,130.405
573.2,94.746,101.318,142.056,93.572,108.226,138.733,144.712,130.02,130.444
573.3,94.811,101.2,141.994,93.572,108.172,138.767,144.742,130.136,130.405
573.4,94.746,101.2,142.056,93.572,108.172,138.733,144.89,130.02,130.444
573.5,94.681,101.259,142.025,93.506,108.118,138.8,144.742,130.097,130.444
573.6,94.746,101.14,141.994,93.572,108.064,138.733,144.772,130.02,130.405
573.7,94.681,101.2,142.025,93.44,108.064,138.8,144.772,130.058,130.482
573.8,94.681,101.08,141.994,93.506,108.01,138.7,144.772,130.02,130.444
573.9,94.681,101.08,142.056,93.506,107.955,138.7,144.742,130.02,130.52
574.0,94.681,101.14,142.056,93.572,108.01,138.733,144.772,129.981,130.405
574.1,94.681,101.08,142.056,93.506,108.01,138.733,144.772,129.981,130.405
574.2,94.617,101.08,141.994,93.506,108.01,138.767,144.712,130.058,130.405
574.3,94.617,101.08,141.994,93.506,108.01,138.767,144.772,130.097,130.405
574.4,94.617,101.021,141.994,93.374,107.901,138.667,144.742,130.02,130.405
574.5,94.617,100.961,142.025,93.506,107.901,138.733,144.801,129.981,130.405
574.6,94.681,100.961,141.899,93.506,107.847,138.7,144.742,129.981,130.405
574.7,94.681,100.961,142.025,93.506,107.793,138.7,144.801,130.097,130.405
574.8,94.681,100.961,141.994,93.44,107.793,138.733,144.772,130.02,130.405
574.9,94.617,100.902,141.994,93.44,107.793,138.7,144.801,129.981,130.444
575.0,94.681,100.902,141.994,93.506,107.793,138.7,144.831,130.02,130.405
575.1,94.552,100.902,141.994,93.44,107.738,138.733,144.772,130.02,130.405
575.2,94.617,100.842,141.962,93.44,107.738,138.733,144.742,129.981,130.444
575.3,94.617,100.902,141.994,93.44,107.63,138.733,144.772,130.02,130.405
575.4,94.617,100.782,141.962,93.572,107.738,138.7,144.742,129.981,130.328
575.5,94.617,100.782,141.962,93.44,107.684,138.7,144.772,129.981,130.405
575.6,94.617,100.722,142.087,93.572,107.684,138.767,144.742,129.942,130.444
575.7,94.552,100.782,141.962,93.44,107.684,138.7,144.742,129.981,130.405
575.8,94.617,100.722,141.931,93.44,107.684,138.667,144.712,129.981,130.405
575.9,94.552,100.662,142.025,93.44,107.63,138.467,144.772,130.02,130.405
576.0,94.487,100.302,141.962,93.374,107.247,138.633,144.742,129.981,130.328
576.1,94.487,100.242,141.868,93.374,107.193,138.533,144.712,129.942,130.251
576.2,94.487,100.242,141.931,93.374,107.193,138.633,144.772,129.942,130.405
576.3,94.487,100.362,141.931,93.309,107.193,138.667,144.772,129.942,130.367
576.4,94.422,100.242,141.931,93.374,107.083,138.633,144.682,129.904,130.328
576.5,94.422,100.242,141.962,93.374,107.247,138.633,144.742,129.981,130.328
576.6,94.487,100.121,141.931,93.374,107.138,138.633,144.712,130.02,130.367
576.7,94.487,100.182,141.962,93.44,107.138,138.633,144.712,129.942,130.328
576.8,94.487,100.182,141.931,93.374,107.138,138.667,144.712,129.904,130.328
576.9,94.487,100.121,141.931,93.374,107.083,138.633,144.712,129.942,130.328
577.0,94.357,100.121,141.899,93.374,107.083,138.633,144.742,129.942,130.367
577.1,94.487,100.121,141.899,93.374,107.028,138.633,144.742,129.981,130.367
577.2,94.552,100.121,141.931,93.374,106.973,138.633,144.742,129.942,130.29
577.3,94.422,100.121,142.056,93.374,107.028,138.633,144.742,129.981,130.328
577.4,94.487,100.0,141.899,93.374,106.973,138.633,144.742,129.904,130.328
577.5,94.422,100.061,141.899,93.309,107.083,138.633,144.682,129.865,130.29
577.6,94.422,100.061,141.962,93.309,106.863,138.633,144.712,129.942,130.29
577.7,94.422,100.0,141.931,93.309,106.973,138.633,144.712,129.865,130.29
577.8,94.357,99.94,141.931,93.309,107.028,138.6,144.742,129.942,130.29
577.9,94.422,99.94,141.931,93.374,106.863,138.6,144.652,129.904,130.328
578.0,94.357,99.88,141.868,93.309,106.863,138.6,144.742,129.904,130.29
578.1,94.422,99.94,141.931,93.309,106.698,138.6,144.652,129.942,130.29
578.2,94.422,99.819,141.931,93.309,106.808,138.633,144.682,129.904,130.328
578.3,94.357,99.819,141.931,93.309,106.808,138.467,144.712,129.904,130.328
578.4,94.357,99.819,141.899,93.309,106.753,138.6,144.712,129.942,130.328
578.5,94.357,99.819,141.899,93.309,106.808,138.667,144.712,129.904,130.328
578.6,94.422,99.819,141.899,93.309,106.808,138.633,144.772,129.865,130.29
578.7,94.422,99.88,141.931,93.309,106.753,138.6,144.682,129.865,130.328
578.8,94.357,99.758,141.899,93.243,106.698,138.6,144.712,129.787,130.251
578.9,94.357,99.758,141.899,93.374,106.698,138.6,144.742,129.865,130.328
579.0,94.357,99.758,141.899,93.309,106.588,138.6,144.682,129.865,130.29
579.1,94.357,99.819,141.962,93.309,106.698,138.633,144.682,129.904,130.29
579.2,94.357,99.698,141.868,93.374,106.643,138.6,144.682,129.904,130.251
579.3,94.357,99.698,141.837,93.243,106.643,138.567,144.742,129.904,130.29
579.4,94.357,99.637,141.868,93.243,106.643,138.567,144.712,129.865,130.29
579.5,94.292,99.637,141.868,93.309,106.588,138.6,144.682,129.865,130.328
579.6,94.357,99.637,141.899,93.309,106.588,138.567,144.682,129.865,130.251
579.7,94.357,99.576,141.868,93.243,106.532,138.567,144.682,129.865,130.367
579.8,94.357,99.576,141.899,93.374,106.532,138.567,144.682,129.904,130.29
579.9,94.422,99.576,141.837,93.243,106.477,138.633,144.682,129.904,130.328
580.0,94.357,99.515,141.868,93.243,106.422,138.567,144.682,129.865,130.251
580.1,94.357,99.637,141.899,93.309,106.477,138.533,144.712,129.865,130.251
580.2,94.357,99.515,141.931,93.309,106.366,138.567,144.712,129.904,130.251
580.3,94.292,99.576,141.868,93.309,106.422,138.533,144.712,129.865,130.29
580.4,94.292,99.455,141.837,93.11,106.366,138.6,144.682,129.826,130.29
580.5,94.292,99.455,141.868,93.309,106.311,138.533,144.742,129.865,130.29
580.6,94.292,99.455,141.868,93.309,106.366,138.567,144.682,129.865,130.29
580.7,94.357,99.455,141.868,93.243,106.311,138.567,144.682,129.942,130.251
580.8,94.226,99.333,141.837,93.177,106.311,138.567,144.682,129.865,130.29
580.9,94.292,99.394,141.837,93.309,106.2,138.6,144.682,129.865,130.251
581.0,94.292,99.394,141.837,93.243,106.311,138.5,144.712,129.865,130.29
581.1,94.422,99.455,141.837,93.243,106.311,138.533,144.712,129.865,130.251
581.2,94.357,99.333,141.868,93.243,106.255,138.6,144.682,129.826,130.29
581.3,94.226,99.333,141.837,93.243,106.255,138.533,144.682,129.826,130.328
581.4,94.292,99.272,141.837,93.309,106.2,138.533,144.682,129.826,130.251
581.5,94.226,99.333,141.931,93.243,106.2,138.567,144.682,129.787,130.251
581.6,94.292,99.211,141.837,93.243,106.2,138.567,144.652,129.865,130.251
581.7,94.357,99.272,141.868,93.177,106.2,138.533,144.682,129.826,130.213
581.8,94.357,99.211,141.837,93.309,106.144,138.5,144.712,129.826,130.251
581.9,94.292,99.211,141.837,93.243,106.2,138.5,144.652,129.826,130.213
582.0,94.292,99.211,141.837,93.243,106.2,138.533,144.801,129.904,130.213
582.1,94.292,99.333,141.805,93.177,106.089,138.5,144.682,129.865,130.29
582.2,94.292,99.211,141.868,93.309,106.144,138.533,144.682,129.865,130.251
582.3,94.226,99.15,141.805,93.177,106.144,138.533,144.712,129.826,130.251
582.4,94.226,99.088,141.837,93.044,106.2,138.533,144.682,129.826,130.29
582.5,94.226,99.088,141.805,93.374,106.033,138.533,144.682,129.826,130.213
582.6,94.226,99.15,141.868,93.177,106.033,138.567,144.682,129.826,130.251
582.7,94.226,99.027,141.837,93.177,106.033,138.533,144.682,129.826,130.444
582.8,94.226,99.027,141.805,93.177,105.977,138.567,144.682,129.826,130.251
582.9,94.226,99.027,141.837,93.177,105.922,138.5,144.682,129.826,130.251
583.0,94.161,99.027,141.805,93.177,105.977,138.5,144.682,129.865,130.29
583.1,94.422,98.905,141.805,93.177,105.977,138.567,144.652,129.826,130.251
583.2,94.226,98.966,141.805,93.177,105.866,138.5,144.682,129.826,130.213
583.3,94.226,99.027,141.805,93.11,105.922,138.467,144.682,129.826,130.213
583.4,94.226,98.843,141.805,93.177,105.866,138.567,144.652,129.865,130.29
583.5,94.226,98.843,141.805,93.177,105.866,138.533,144.652,129.826,130.251
583.6,94.226,98.843,141.774,93.177,105.866,138.5,144.772,129.826,130.213
583.7,94.161,98.966,141.805,93.177,105.81,138.5,144.682,129.826,130.174
583.8,94.226,98.905,141.805,93.177,105.81,138.5,144.682,129.826,130.213
583.9,94.161,98.843,141.774,93.177,105.866,138.5,144.682,129.826,130.174
584.0,94.161,98.721,141.742,93.177,105.698,138.5,144.652,129.787,130.213
584.1,94.161,98.782,141.837,93.309,105.698,138.5,144.682,129.826,130.213
584.2,94.161,98.782,141.742,93.177,105.586,138.5,144.682,129.865,130.174
584.3,94.096,98.782,141.774,93.177,105.754,138.467,144.742,129.826,130.213
584.4,94.226,98.782,141.805,93.11,105.642,138.433,144.742,129.826,130.213
584.5,94.161,98.721,141.805,93.177,105.754,138.5,144.682,129.787,130.174
584.6,94.161,98.659,141.805,93.11,105.586,138.433,144.712,129.826,130.213
584.7,94.161,98.721,141.805,93.243,105.53,138.533,144.652,129.787,130.136
584.8,94.096,98.659,141.805,93.11,105.586,138.5,144.712,129.826,130.213
584.9,94.096,98.597,141.805,93.11,105.586,138.533,144.652,129.787,130.213
585.0,94.096,98.659,141.774,93.11,105.53,138.433,144.652,129.826,130.213
585.1,94.161,98.597,141.837,93.11,105.53,138.467,144.682,129.787,130.251
585.2,94.096,98.536,141.805,93.11,105.53,138.5,144.652,129.865,130.174
585.3,94.161,98.536,141.742,93.177,105.474,138.366,144.682,129.865,130.213
585.4,94.161,98.474,141.774,93.11,105.53,138.5,144.682,129.749,130.213
585.5,94.161,98.474,141.805,93.11,105.418,138.5,144.682,129.787,130.174
585.6,94.226,98.413,141.774,93.11,105.418,138.5,144.682,129.749,130.174
585.7,94.161,98.413,141.805,93.044,105.418,138.467,144.652,129.787,130.174
585.8,94.096,98.474,141.774,93.177,105.362,138.433,144.652,129.749,130.136
585.9,94.031,98.474,141.805,93.11,105.418,138.5,144.652,129.749,130.174
586.0,94.096,98.413,141.805,93.11,105.362,138.433,144.682,129.749,130.174
586.1,94.096,98.351,141.774,93.11,105.362,138.433,144.623,129.787,130.097
586.2,94.161,98.351,141.774,93.11,105.306,138.433,144.623,129.749,130.174
586.3,94.096,98.351,141.774,93.044,105.362,138.5,144.652,129.787,130.213
586.4,94.031,98.413,141.742,93.11,105.306,138.5,144.652,129.787,130.174
586.5,94.096,98.351,141.774,93.11,105.306,138.433,144.652,129.749,130.136
586.6,94.161,98.289,141.742,93.177,105.193,138.433,144.652,129.787,130.058
586.7,94.096,98.289,141.742,93.11,105.249,138.433,144.682,129.787,130.097
586.8,94.096,98.289,141.774,93.11,105.306,138.4,144.652,129.71,130.213
586.9,94.096,98.165,141.774,93.11,105.137,138.4,144.682,129.787,130.251
587.0,94.096,98.165,141.805,93.11,105.193,138.433,144.652,129.749,130.174
587.1,94.031,98.227,141.742,93.044,105.193,138.5,144.652,129.71,130.213
587.2,94.031,98.165,141.774,93.11,105.193,138.4,144.652,129.749,130.213
587.3,94.096,98.103,141.742,93.044,105.137,138.4,144.652,129.749,130.136
587.4,94.031,98.165,141.742,93.044,105.137,138.433,144.682,129.749,130.174
587.5,93.965,98.165,141.742,93.11,105.08,138.4,144.623,129.749,130.136
587.6,94.031,98.103,141.742,93.044,105.08,138.433,144.652,129.749,130.136
587.7,94.031,98.103,141.742,93.044,105.024,138.433,144.682,129.749,130.136
587.8,93.965,98.041,141.742,93.044,105.024,138.433,144.593,129.71,130.136
587.9,93.965,98.041,141.742,92.978,105.024,138.4,144.682,129.671,130.136
588.0,93.965,98.041,141.805,93.044,104.967,138.4,144.742,129.749,130.174
588.1,94.031,98.103,141.774,93.11,105.024,138.4,144.623,129.749,130.174
588.2,94.096,98.041,141.774,93.044,105.08,138.433,144.623,129.749,130.136
588.3,93.965,97.979,141.742,93.044,104.967,138.433,144.652,129.787,130.136
588.4,93.965,97.979,141.711,92.978,104.967,138.4,144.652,129.749,130.136
588.5,94.031,97.917,141.742,93.044,105.024,138.4,144.652,129.71,130.174
588.6,93.965,97.979,141.774,93.044,104.911,138.4,144.563,129.749,130.174
588.7,93.965,97.917,141.742,93.044,104.854,138.4,144.682,129.71,130.174
588.8,94.031,97.481,141.711,93.044,104.854,138.4,144.623,129.749,130.097
588.9,93.9,97.979,141.585,93.11,104.854,138.4,144.623,129.71,130.097
589.0,94.031,97.855,141.774,93.044,104.798,138.4,144.623,129.749,130.136
589.1,93.965,97.979,141.711,93.044,104.798,138.366,144.623,129.787,130.136
589.2,93.9,97.793,141.679,92.978,104.741,138.366,144.623,129.71,129.981
589.3,93.965,97.855,141.742,93.044,104.741,138.366,144.623,129.787,130.174
589.4,93.9,97.731,141.711,93.044,104.741,138.433,144.623,129.749,130.136
589.5,93.965,97.793,141.711,92.978,104.741,138.4,144.623,129.749,130.097
589.6,94.031,97.855,141.679,92.912,104.741,138.433,144.682,129.71,130.136
589.7,94.031,97.793,141.774,92.912,104.628,138.366,144.652,129.749,130.136
589.8,93.9,97.793,141.679,93.044,104.684,138.5,144.533,129.71,130.136
589.9,93.965,97.668,141.742,92.912,104.628,138.366,144.623,129.71,130.097
590.0,93.9,97.668,141.774,92.978,104.684,138.4,144.593,129.749,130.136
590.1,94.031,97.606,141.711,92.978,104.628,138.366,144.682,129.71,130.097
590.2,93.9,97.668,141.711,92.978,104.684,138.366,144.593,129.632,130.136
590.3,93.965,97.606,141.679,92.846,104.571,138.333,144.623,129.71,130.136
590.4,93.9,97.668,141.679,92.912,104.514,138.333,144.652,129.71,130.097
590.5,93.9,97.606,141.679,92.978,104.628,138.366,144.623,129.749,130.097
590.6,93.9,97.606,141.679,92.978,104.628,138.4,144.593,129.71,130.136
590.7,93.9,97.606,141.711,92.978,104.457,138.366,144.682,129.671,130.136
590.8,93.965,97.543,141.742,92.912,104.4,138.333,144.623,129.671,130.058
590.9,93.9,97.481,141.679,92.978,104.571,138.333,144.593,129.71,130.097
591.0,93.834,97.481,141.679,92.912,104.457,138.333,144.652,129.71,130.097
591.1,93.9,97.481,141.711,92.978,104.457,138.333,144.563,129.671,130.097
591.2,93.9,97.356,141.648,92.978,104.4,138.333,144.593,129.71,130.058
591.3,93.9,97.419,141.648,92.912,104.343,138.333,144.652,129.787,130.097
591.4,93.9,97.293,141.711,92.912,104.343,138.4,144.623,129.632,130.058
591.5,93.9,97.293,141.679,92.912,104.286,138.333,144.623,129.671,130.174
591.6,93.834,97.356,141.679,92.978,104.286,138.333,144.623,129.671,130.058
591.7,93.9,97.356,141.648,92.978,104.343,138.333,144.623,129.71,130.097
591.8,93.9,97.481,141.679,92.912,104.286,138.366,144.623,129.71,130.136
591.9,93.834,97.293,141.648,92.912,104.286,138.366,144.593,129.671,130.174
592.0,93.9,97.231,141.711,92.978,104.229,138.333,144.623,129.671,130.058
592.1,93.9,97.231,141.648,93.044,104.172,138.433,144.623,129.671,129.942
592.2,93.834,97.293,141.679,92.978,104.172,138.333,144.623,129.632,130.097
592.3,93.834,97.231,141.648,92.912,104.172,138.333,144.593,129.632,130.058
592.4,93.9,97.231,141.648,93.044,104.229,138.4,144.593,129.671,130.097
592.5,93.769,97.168,141.616,92.912,104.172,138.333,144.593,129.71,130.058
592.6,93.834,97.168,141.648,92.912,104.058,138.299,144.623,129.632,130.058
592.7,93.834,97.231,141.679,92.978,104.172,138.299,144.563,129.671,130.097
592.8,93.834,97.105,141.585,92.978,104.058,138.366,144.623,129.671,130.02
592.9,93.769,97.168,141.616,92.978,104.172,138.299,144.563,129.671,130.097
593.0,93.769,97.105,141.742,92.779,104.058,138.333,144.593,129.632,130.058
593.1,93.769,97.105,141.616,92.912,104.115,138.299,144.652,129.671,130.174
593.2,93.769,96.98,141.648,92.912,104.115,138.266,144.652,129.632,130.097
593.3,93.703,97.105,141.742,92.978,104.0,138.299,144.652,129.632,130.058
593.4,93.769,97.042,141.648,92.912,104.0,138.266,144.593,129.593,129.942
593.5,93.769,97.105,141.585,92.912,103.943,138.333,144.623,129.593,130.02
593.6,93.769,97.042,141.648,92.846,103.943,138.333,144.593,129.671,130.058
593.7,93.703,97.042,141.616,92.912,104.0,138.333,144.593,129.632,130.058
593.8,93.834,96.917,141.616,92.912,103.886,138.366,144.563,129.632,130.097
593.9,93.769,96.917,141.616,92.912,103.943,138.266,144.623,129.632,130.058
594.0,93.834,96.917,141.679,92.846,103.943,138.299,144.563,129.632,130.02
594.1,93.703,96.98,141.648,92.846,103.886,138.266,144.593,129.671,130.097
594.2,93.769,96.791,141.648,92.846,103.829,138.299,144.593,129.632,130.058
594.3,93.769,96.854,141.648,92.912,103.771,138.4,144.563,129.71,130.02
594.4,93.703,96.221,141.679,92.846,103.771,138.299,144.593,129.632,130.058
594.5,93.769,96.854,141.616,92.846,103.714,138.299,144.563,129.593,130.058
594.6,93.769,96.854,141.616,92.912,103.771,138.299,144.593,129.632,130.058
594.7,93.834,96.791,141.648,92.846,103.771,138.299,144.563,129.671,130.058
594.8,93.769,96.791,141.648,92.846,103.714,138.366,144.593,129.593,130.058
594.9,93.638,96.728,141.585,92.846,103.714,138.266,144.533,129.593,130.02
595.0,93.572,96.728,141.648,92.912,103.714,138.232,144.563,129.593,130.097
595.1,93.703,96.728,141.585,92.846,103.714,138.266,144.593,129.632,130.02
595.2,93.638,96.664,141.585,92.846,103.714,138.266,144.593,129.515,130.02
595.3,93.703,96.601,141.553,92.713,103.599,138.333,144.533,129.554,130.02
595.4,93.769,96.664,141.616,92.846,103.599,138.266,144.593,129.593,129.981
595.5,93.638,96.601,141.648,92.846,103.599,138.232,144.563,129.671,129.981
595.6,93.703,96.664,141.585,92.846,103.483,138.299,144.623,129.632,130.058
595.7,93.703,96.601,141.616,92.846,103.599,138.266,144.623,129.593,130.02
595.8,93.769,96.601,141.585,92.846,103.599,138.232,144.563,129.554,130.02
595.9,93.703,96.601,141.553,92.779,103.541,138.266,144.563,129.593,130.02
596.0,93.703,96.601,141.585,92.779,103.483,138.232,144.563,129.554,129.981
596.1,93.638,96.538,141.585,92.779,103.483,138.232,144.563,129.515,129.981
596.2,93.769,96.538,141.585,92.713,103.483,138.232,144.593,129.632,130.02
596.3,93.638,96.538,141.553,92.846,103.483,138.232,144.593,129.554,130.02
596.4,93.638,96.285,141.49,92.846,103.483,138.232,144.563,129.554,130.058
596.5,93.638,96.475,141.585,92.846,103.426,138.199,144.593,129.593,129.904
596.6,93.572,96.348,141.585,92.846,103.483,138.232,144.593,129.632,130.058
596.7,93.638,96.475,141.553,92.779,103.426,138.232,144.563,129.554,130.02
596.8,93.572,96.411,141.679,92.846,103.426,138.199,144.563,129.593,129.981
596.9,93.638,96.411,141.585,92.779,103.31,138.232,144.563,129.593,130.02
597.0,93.703,96.348,141.648,92.846,103.368,138.232,144.533,129.554,130.02
597.1,93.638,96.411,141.553,92.713,103.31,138.199,144.563,129.593,130.058
597.2,93.638,96.348,141.585,92.779,103.368,138.232,144.503,129.593,129.981
597.3,93.703,96.348,141.585,92.779,103.252,138.199,144.563,129.554,130.097
597.4,93.638,96.285,141.616,92.779,103.31,138.232,144.593,129.554,129.981
597.5,93.638,96.348,141.679,92.779,103.252,138.132,144.563,129.593,130.02
597.6,93.638,96.221,141.616,92.713,103.195,138.232,144.623,129.632,130.02
597.7,93.506,96.221,141.585,92.713,103.195,138.232,144.623,129.554,129.942
597.8,93.572,96.221,141.521,92.713,103.195,138.199,144.563,129.554,129.981
597.9,93.638,96.158,141.616,92.846,103.195,138.199,144.593,129.554,129.942
598.0,93.638,96.094,141.585,92.713,103.079,138.199,144.563,129.554,129.981
598.1,93.572,96.094,141.521,92.846,103.079,138.232,144.563,129.593,129.981
598.2,93.572,96.03,141.585,92.58,103.079,138.165,144.593,129.515,130.02
598.3,93.572,96.094,141.585,92.846,103.021,138.165,144.593,129.515,129.942
598.4,93.506,96.094,141.553,92.713,103.137,138.165,144.563,129.554,129.942
598.5,93.572,96.03,141.521,92.713,103.021,138.165,144.563,129.554,129.942
598.6,93.638,95.967,141.521,92.779,102.904,138.199,144.563,129.554,129.981
598.7,93.572,96.158,141.553,92.646,103.021,138.165,144.563,129.515,130.02
598.8,93.638,95.967,141.553,92.779,102.963,138.165,144.533,129.593,130.058
598.9,93.572,96.03,141.521,92.779,102.963,138.199,144.533,129.554,130.058
599.0,93.572,96.03,141.585,92.779,102.963,138.199,144.563,129.476,130.058
599.1,93.572,95.839,141.49,92.646,102.963,138.199,144.563,129.515,129.981
599.2,93.572,95.967,141.553,92.713,103.021,138.232,144.563,129.593,129.981
599.3,93.506,95.967,141.521,92.713,102.963,138.199,144.593,129.554,129.981
599.4,93.572,95.903,141.521,92.646,102.904,138.199,144.473,129.515,129.942
599.5,93.572,95.839,141.553,92.779,102.788,138.165,144.473,129.632,129.942
599.6,93.506,95.839,141.585,92.713,102.846,138.199,144.563,129.593,130.02
599.7,93.506,95.839,141.521,92.713,102.788,138.165,144.563,129.632,130.02
599.8,93.506,95.839,141.616,92.646,102.788,138.165,144.593,129.515,129.981
599.9,93.506,95.775,141.553,92.646,102.73,138.165,144.563,129.554,129.942
600.0,93.572,95.711,141.521,92.713,102.73,138.199,144.563,129.515,129.981
600.1,93.572,95.711,141.553,92.646,102.672,138.132,144.533,129.515,129.942
600.2,93.506,95.775,141.616,92.713,102.73,138.165,144.533,129.515,129.904
600.3,93.506,95.711,141.49,92.713,102.672,138.165,144.533,129.515,130.058
600.4,93.572,95.711,141.521,92.779,102.672,138.132,144.563,129.476,129.942
600.5,93.506,95.711,141.521,92.779,102.613,138.132,144.533,129.515,129.942
600.6,93.506,95.839,141.553,92.646,102.672,138.165,144.533,129.554,129.904
600.7,93.506,95.711,141.648,92.646,102.672,138.132,144.563,129.515,129.942
600.8,93.506,95.455,141.521,92.713,102.73,138.165,144.563,129.515,129.981
600.9,93.572,95.647,141.521,92.713,102.613,138.132,144.593,129.515,129.981
601.0,93.638,95.583,141.521,92.713,102.555,138.165,144.503,129.476,129.942
601.1,93.44,95.583,141.585,92.646,102.497,138.165,144.563,129.476,129.904
601.2,93.44,95.455,141.521,92.646,102.438,138.132,144.533,129.476,129.904
601.3,93.506,95.519,141.49,92.646,102.438,138.132,144.533,129.515,129.904
601.4,93.44,95.455,141.49,92.713,102.438,138.132,144.503,129.554,129.942
601.5,93.44,95.455,141.49,92.58,102.38,138.132,144.533,129.476,129.942
601.6,93.374,95.519,141.49,92.646,102.438,138.098,144.533,129.476,129.904
601.7,93.44,95.519,141.458,92.646,102.38,138.098,144.563,129.437,129.904
601.8,93.506,95.327,141.49,92.646,102.438,138.098,144.563,129.437,129.942
601.9,93.506,95.391,141.49,92.58,102.38,138.098,144.563,129.476,129.904
602.0,93.572,95.262,141.458,92.58,102.38,138.165,144.503,129.476,129.942
602.1,93.44,95.262,141.458,92.646,102.204,138.132,144.503,129.515,129.942
602.2,93.44,95.262,141.458,92.646,102.204,138.098,144.473,129.476,129.942
602.3,93.44,95.327,141.49,92.646,102.204,138.098,144.503,129.515,129.904
602.4,93.44,95.198,141.521,92.646,102.145,138.098,144.503,129.476,129.904
602.5,93.44,95.134,141.458,92.58,102.086,138.098,144.503,129.476,129.904
602.6,93.309,95.005,141.458,92.646,102.086,137.997,144.563,129.476,129.904
602.7,93.374,95.069,141.458,92.646,102.086,138.098,144.443,129.515,129.865
602.8,93.374,95.069,141.458,92.58,102.028,138.064,144.533,129.437,129.904
602.9,93.44,95.069,141.458,92.713,102.086,138.064,144.503,129.476,129.865
603.0,93.506,95.069,141.49,92.58,102.028,138.098,144.533,129.476,129.904
603.1,93.44,95.005,141.458,92.58,101.969,138.031,144.503,129.437,129.865
603.2,93.374,94.94,141.521,92.58,101.969,138.064,144.503,129.437,129.904
603.3,93.309,94.94,141.427,92.58,101.91,138.064,144.533,129.437,129.826
603.4,93.309,94.94,141.331,92.58,101.91,138.098,144.503,129.476,129.865
603.5,93.374,94.94,141.427,92.646,101.851,138.064,144.503,129.437,129.865
603.6,93.309,94.876,141.458,92.58,101.851,138.064,144.503,129.476,129.942
603.7,93.374,94.876,141.427,92.58,101.792,138.098,144.503,129.515,129.865
603.8,93.572,94.876,141.427,92.513,101.792,138.064,144.533,129.515,129.865
603.9,93.374,94.811,141.427,92.513,101.851,138.064,144.503,129.515,129.865
604.0,93.309,94.811,141.427,92.58,101.792,138.031,144.533,129.476,129.826
604.1,93.309,94.811,141.427,92.58,101.733,138.031,144.533,129.398,129.826
604.2,93.374,94.811,141.458,92.58,101.733,138.031,144.503,129.437,129.865
604.3,93.374,94.811,141.427,92.58,101.733,138.098,144.503,129.398,129.904
604.4,93.309,94.681,141.427,92.58,101.674,138.132,144.533,129.476,129.942
604.5,93.374,94.746,141.3,92.513,101.733,138.064,144.503,129.476,129.865
604.6,93.243,94.746,141.49,92.513,101.674,138.064,144.503,129.437,129.865
604.7,93.309,94.746,141.458,92.513,101.674,138.064,144.503,129.476,129.826
604.8,93.243,94.681,141.395,92.58,101.674,138.064,144.503,129.476,129.826
604.9,93.374,94.681,141.427,92.58,101.674,138.098,144.503,129.437,129.904
605.0,93.243,94.681,141.427,92.58,101.556,138.064,144.473,129.437,129.865
605.1,93.243,94.681,141.363,92.58,101.556,138.064,144.503,129.437,129.865
605.2,93.309,94.681,141.427,92.513,101.556,138.031,144.503,129.398,129.865
605.3,93.243,94.487,141.427,92.58,101.496,138.031,144.443,129.437,129.787
605.4,93.309,94.552,141.427,92.513,101.378,138.031,144.233,129.437,129.826
605.5,93.374,94.487,141.395,92.513,101.437,138.031,144.473,129.476,129.865
605.6,93.243,94.487,141.395,92.447,101.437,138.031,144.533,129.398,129.865
605.7,93.309,94.422,141.427,92.513,101.496,138.031,144.503,129.437,129.981
605.8,93.243,94.422,141.427,92.58,101.378,138.031,144.503,129.437,129.865
605.9,93.243,94.487,141.363,92.513,101.496,138.031,144.473,129.359,129.865
606.0,92.978,94.487,141.427,92.58,101.437,138.064,144.503,129.437,129.904
606.1,93.243,94.422,141.395,92.513,101.378,138.031,144.473,129.398,129.826
606.2,93.11,94.422,141.395,92.513,101.378,138.064,144.533,129.437,129.865
606.3,93.309,94.357,141.395,92.513,101.318,138.064,144.473,129.437,129.826
606.4,93.243,94.161,141.395,92.513,101.318,137.997,144.443,129.398,129.787
606.5,93.243,94.226,141.427,92.513,101.259,138.031,144.473,129.437,129.942
606.6,93.243,94.226,141.395,92.513,101.259,137.997,144.533,129.398,129.826
606.7,93.243,94.292,141.363,92.447,101.2,138.031,144.473,129.398,129.826
606.8,93.243,94.161,141.427,92.513,101.14,138.064,144.503,129.359,129.787
606.9,93.243,94.161,141.427,92.513,101.14,137.997,144.443,129.398,129.787
607.0,93.243,94.161,141.363,92.447,101.14,137.997,144.473,129.359,129.826
607.1,93.177,94.161,141.331,92.513,101.14,137.963,144.503,129.437,129.787
607.2,93.243,94.292,141.331,92.513,101.08,137.929,144.473,129.398,129.826
607.3,93.177,94.161,141.363,92.447,101.08,137.963,144.503,129.359,129.826
607.4,93.243,94.161,141.331,92.38,101.08,138.031,144.473,129.437,129.826
607.5,93.243,94.096,141.363,92.38,101.08,137.963,144.503,129.359,129.787
607.6,93.243,94.096,141.363,92.447,101.08,137.963,144.533,129.359,129.787
607.7,93.177,94.096,141.363,92.779,101.021,137.997,144.503,129.398,129.787
607.8,93.309,94.031,141.3,92.447,101.08,137.963,144.503,129.398,129.826
607.9,93.177,94.031,141.331,92.38,101.021,137.929,144.443,129.398,129.826
608.0,93.177,94.031,141.363,92.58,100.961,137.963,144.533,129.398,129.749
608.1,93.177,93.965,141.458,92.447,100.902,137.963,144.443,129.398,129.826
608.2,93.177,93.965,141.331,92.447,100.961,137.929,144.473,129.32,129.787
608.3,93.243,93.965,141.268,92.447,100.842,137.963,144.473,129.359,129.749
608.4,93.11,93.9,141.363,92.38,100.902,137.963,144.473,129.398,129.749
608.5,93.243,93.965,141.427,92.513,100.902,138.064,144.413,129.359,129.826
608.6,93.177,93.9,141.331,92.38,100.842,137.963,144.503,129.359,129.787
608.7,93.11,93.834,141.363,92.513,100.902,137.963,144.503,129.359,129.826
608.8,93.243,93.9,141.331,92.38,100.782,137.929,144.503,129.398,129.787
608.9,93.177,93.834,141.331,92.447,100.782,137.963,144.473,129.359,129.865
609.0,93.243,93.769,141.331,92.38,100.782,137.929,144.443,129.359,129.787
609.1,93.11,93.9,141.331,92.447,100.782,137.963,144.473,129.476,129.787
609.2,93.11,93.769,141.331,92.447,100.722,137.963,144.473,129.359,129.749
609.3,93.177,93.769,141.331,92.38,100.662,137.963,144.443,129.359,129.826
609.4,93.177,93.703,141.3,92.38,100.662,137.929,144.443,129.359,129.749
609.5,93.11,93.703,141.363,92.447,100.602,137.963,144.383,129.359,129.826
609.6,93.11,93.703,141.3,92.38,100.602,137.997,144.413,129.359,129.787
609.7,93.11,93.703,141.3,92.38,100.542,137.929,144.473,129.32,129.749
609.8,92.912,93.572,141.331,92.447,100.722,137.929,144.473,129.32,129.749
609.9,93.11,93.769,141.331,92.38,100.602,137.929,144.473,129.359,129.826
610.0,93.11,93.703,141.3,92.38,100.542,137.929,144.503,129.281,129.787
610.1,93.11,93.638,141.3,92.447,100.542,137.929,144.473,129.32,129.787
610.2,93.044,93.572,141.331,92.313,100.662,137.929,144.473,129.359,129.787
610.3,93.044,93.638,141.363,92.38,100.482,137.963,144.413,129.359,129.749
610.4,93.044,93.572,141.3,92.38,100.482,137.963,144.443,129.476,129.787
610.5,93.11,93.572,141.331,92.313,100.482,137.929,144.443,129.359,129.865
610.6,92.978,93.506,141.3,92.38,100.542,137.997,144.473,129.359,129.826
610.7,93.11,93.506,141.331,92.38,100.482,137.896,144.443,129.281,129.787
610.8,93.044,93.506,141.331,92.313,100.482,137.929,144.473,129.241,129.787
610.9,93.11,93.44,141.268,92.38,100.482,137.896,144.413,129.32,129.749
611.0,93.11,93.44,141.3,92.447,100.362,137.896,144.443,129.32,129.787
611.1,93.11,93.374,141.268,92.313,100.422,137.896,144.473,129.32,129.749
611.2,93.044,93.44,141.3,92.313,100.422,137.963,144.443,129.359,129.826
611.3,93.044,93.374,141.3,92.313,100.362,137.896,144.473,129.32,129.749
611.4,93.044,93.309,141.331,92.313,100.362,137.896,144.473,129.359,129.749
611.5,93.044,93.309,141.3,92.246,100.302,137.896,144.443,129.359,129.787
611.6,93.044,93.374,141.3,92.179,100.302,137.896,144.473,129.359,129.671
611.7,93.374,93.374,141.268,92.313,100.242,137.896,144.503,129.359,129.826
611.8,93.044,93.309,141.3,92.38,100.362,137.862,144.443,129.359,129.749
611.9,92.978,93.309,141.331,92.38,100.302,137.929,144.443,128.927,129.749
612.0,92.978,93.309,141.236,92.313,100.302,137.896,144.473,129.32,129.749
612.1,93.044,93.243,141.268,92.246,100.302,137.929,144.473,129.32,129.787
612.2,92.978,93.243,141.3,92.313,100.242,137.896,144.473,129.32,129.787
612.3,93.11,93.243,141.268,92.313,100.182,137.896,144.383,129.32,129.749
612.4,92.978,93.243,141.3,92.313,100.182,137.896,144.413,129.32,129.554
612.5,93.044,93.243,141.3,92.38,100.182,137.929,144.473,129.32,129.749
612.6,92.978,93.177,141.3,92.313,100.182,137.862,144.443,129.281,129.749
612.7,93.044,93.243,141.268,92.313,100.121,137.896,144.443,129.281,129.749
612.8,92.978,93.177,141.268,92.246,100.121,137.862,144.503,129.32,129.749
612.9,92.978,93.044,141.268,92.38,100.121,137.929,144.473,129.281,129.71
613.0,92.978,93.11,141.268,92.313,100.061,137.896,144.413,129.32,129.749
613.1,92.978,93.177,141.268,92.246,100.121,137.896,144.443,129.32,129.749
613.2,92.912,93.044,141.109,92.313,100.182,137.828,144.443,129.281,129.71
613.3,93.044,93.177,141.268,92.313,100.061,137.862,144.413,129.32,129.71
613.4,93.044,93.044,141.3,92.313,99.88,137.862,144.383,129.281,129.749
613.5,93.044,93.044,141.268,92.246,100.0,137.828,144.413,129.281,129.749
613.6,92.912,93.044,141.236,92.246,99.94,137.862,144.443,129.32,129.749
613.7,92.978,93.044,141.236,92.313,100.0,137.862,144.443,129.281,129.71
613.8,92.978,92.978,141.268,92.246,99.94,137.862,144.413,129.32,129.671
613.9,92.912,92.912,141.236,92.313,99.94,137.828,144.443,129.32,129.749
614.0,92.978,92.978,141.236,92.38,99.819,137.828,144.473,129.32,129.71
614.1,92.978,93.044,141.427,92.313,99.94,137.828,144.443,129.32,129.787
614.2,92.978,92.912,141.268,92.313,99.88,137.896,144.413,129.32,129.71
614.3,92.912,92.912,141.236,92.246,99.819,137.862,144.443,129.32,129.749
614.4,93.044,92.912,141.236,92.246,99.88,137.828,144.443,129.281,129.671
614.5,92.912,92.846,141.236,92.246,99.819,137.862,144.443,129.202,129.749
614.6,92.978,92.846,141.268,92.38,99.88,137.828,144.443,129.281,129.593
614.7,92.978,92.846,141.236,92.313,99.819,137.828,144.443,129.281,129.71
614.8,92.912,92.779,141.236,92.313,99.758,137.828,144.413,129.281,129.671
614.9,92.978,92.779,141.268,92.246,99.698,137.862,144.383,129.281,129.71
615.0,92.912,92.779,141.236,92.246,99.698,137.828,144.383,129.281,129.71
615.1,92.978,92.779,141.3,92.246,99.698,137.862,144.443,129.32,129.632
615.2,92.912,92.713,141.173,92.179,99.698,137.862,144.443,129.281,129.71
615.3,92.912,92.713,141.3,92.313,99.637,137.828,144.383,129.241,129.71
615.4,92.912,92.713,141.236,92.246,99.637,137.896,144.443,129.241,129.71
615.5,92.912,92.713,141.268,92.313,99.637,137.862,144.443,129.281,129.593
615.6,92.846,92.646,141.268,92.246,99.637,137.828,144.473,129.241,129.671
615.7,92.846,92.646,141.236,92.246,99.637,137.794,144.443,129.281,129.71
615.8,92.912,92.646,141.204,92.313,99.576,137.828,144.413,129.241,129.671
615.9,92.846,92.58,141.268,92.246,99.576,137.828,144.413,129.241,129.671
616.0,92.846,92.58,141.268,92.179,99.576,137.862,144.413,129.241,129.71
616.1,92.912,92.513,141.204,92.246,99.515,137.828,144.473,129.241,129.71
616.2,92.912,92.513,141.204,92.313,99.515,137.828,144.413,129.241,129.671
616.3,92.912,92.58,141.236,92.246,99.515,137.862,144.413,129.359,129.671
616.4,92.912,92.513,141.173,92.246,99.515,137.828,144.413,129.241,129.671
616.5,92.912,92.447,141.236,92.313,99.455,137.828,144.383,129.241,129.749
616.6,92.912,92.447,141.236,92.246,99.455,137.828,144.413,129.359,129.71
616.7,92.912,92.447,141.204,92.179,99.515,137.828,144.383,129.241,129.749
616.8,92.779,92.513,141.236,92.246,99.394,137.794,144.413,129.281,129.71
616.9,92.846,92.447,141.236,92.179,99.394,137.828,144.503,129.241,129.671
617.0,92.912,92.38,141.236,92.179,99.333,137.794,144.443,129.202,129.71
617.1,92.846,92.313,141.204,92.179,99.394,137.794,144.383,129.281,129.71
617.2,92.912,92.313,141.204,92.246,99.272,137.828,144.383,129.202,129.671
617.3,92.912,92.313,141.204,92.179,99.211,137.794,144.383,129.32,129.632
617.4,92.779,92.246,141.141,92.179,99.333,137.862,144.413,129.163,129.671
617.5,92.846,92.246,141.236,92.179,99.272,137.794,144.354,129.241,129.671
617.6,92.779,92.246,141.173,92.246,99.211,137.794,144.354,129.241,129.671
617.7,92.846,92.179,141.173,92.179,99.211,137.828,144.413,129.241,129.671
617.8,92.846,92.313,141.204,92.179,99.211,137.794,144.383,129.202,129.632
617.9,92.846,92.246,141.173,92.246,99.211,137.828,144.383,129.202,129.671
618.0,92.779,92.179,141.204,92.179,99.15,137.794,144.413,129.241,129.671
618.1,92.846,92.179,141.173,92.112,99.211,137.794,144.383,129.202,129.71
618.2,92.779,92.179,141.173,92.179,99.088,137.761,144.413,129.359,129.632
618.3,92.846,92.112,141.204,92.313,99.088,137.794,144.413,129.281,129.671
618.4,92.846,92.112,141.173,92.179,99.088,137.794,144.383,129.241,129.671
618.5,92.713,92.179,141.173,92.179,99.088,137.794,144.383,129.202,129.632
618.6,92.779,92.112,141.173,92.179,99.027,137.761,144.354,129.202,129.671
618.7,92.846,92.112,141.141,92.112,99.027,137.761,144.383,129.241,129.632
618.8,92.846,92.112,141.204,92.179,99.027,137.761,144.383,129.241,129.671
618.9,92.713,92.045,141.173,92.246,98.905,137.761,144.383,129.202,129.671
619.0,92.779,91.911,141.141,92.179,98.966,137.761,144.443,129.202,129.632
619.1,92.779,91.978,141.204,92.112,98.843,137.761,144.354,129.241,129.632
619.2,92.779,91.978,141.173,92.246,98.966,137.794,144.383,129.202,129.632
619.3,92.846,91.911,141.173,92.179,98.843,137.761,144.413,129.202,129.632
619.4,92.779,91.978,141.141,92.179,98.905,137.727,144.354,129.202,129.71
619.5,92.846,91.911,141.173,92.045,98.966,137.761,144.413,129.241,129.671
619.6,92.779,91.911,141.109,92.112,98.843,137.862,144.354,129.202,129.632
619.7,92.713,91.911,141.141,92.246,98.782,137.727,144.383,129.202,129.632
619.8,92.779,91.911,141.141,92.112,98.782,137.761,144.413,129.202,129.593
619.9,92.779,91.777,141.141,92.179,98.721,137.828,144.443,129.163,129.632
620.0,92.846,91.844,141.141,92.112,98.782,137.727,144.354,129.163,129.632
620.1,92.646,91.777,141.173,92.179,98.782,137.761,144.294,129.241,129.632
620.2,92.779,91.777,141.141,92.112,98.782,137.727,144.324,129.202,129.632
620.3,92.779,91.844,141.173,92.112,98.721,137.828,144.383,129.202,129.632
620.4,92.779,91.71,141.173,92.045,98.721,137.761,144.383,129.202,129.632
620.5,92.779,91.777,141.109,92.112,98.721,137.727,144.413,129.202,129.593
620.6,92.713,91.71,141.141,92.179,98.721,137.761,144.383,129.163,129.632
620.7,92.779,91.777,141.173,92.112,98.721,137.693,144.383,129.124,129.632
620.8,92.779,91.642,141.141,92.179,98.659,137.727,144.324,129.202,129.632
620.9,92.846,91.71,141.141,92.112,98.659,137.761,144.383,129.163,129.632
621.0,92.779,91.642,141.173,92.112,98.597,137.693,144.383,129.202,129.671
621.1,92.779,91.642,141.173,92.179,98.659,137.727,144.383,129.202,129.593
621.2,92.713,91.575,141.141,92.112,98.597,137.727,144.383,129.163,129.593
621.3,92.846,91.642,141.173,92.112,98.536,137.727,144.413,129.163,129.632
621.4,92.779,91.575,141.141,92.112,98.597,137.761,144.383,129.163,129.632
621.5,92.646,91.642,141.173,92.112,98.536,137.794,144.354,129.163,129.593
621.6,92.646,91.508,141.109,92.045,98.597,137.693,144.383,129.124,129.671
621.7,92.713,91.508,141.141,92.045,98.474,137.693,144.324,129.202,129.632
621.8,92.779,91.575,141.173,92.045,98.536,137.761,144.324,129.163,129.71
621.9,92.713,91.508,141.141,92.179,98.474,137.727,144.354,129.124,129.593
622.0,92.779,91.508,141.077,92.179,98.474,137.693,144.383,129.241,129.593
622.1,92.713,91.508,141.173,91.978,98.474,137.693,144.354,129.163,129.593
622.2,92.779,91.44,141.109,92.045,98.413,137.727,144.294,129.163,129.632
622.3,92.646,91.508,141.109,92.112,98.413,137.693,144.354,129.241,129.632
622.4,92.646,91.44,141.045,92.045,98.351,137.727,144.324,129.124,129.593
622.5,92.646,91.44,141.109,92.045,98.351,137.693,144.413,129.163,129.593
622.6,92.713,91.372,141.077,92.045,98.289,137.659,144.354,129.163,129.71
622.7,92.38,91.305,141.141,92.045,98.289,137.693,144.354,129.241,129.593
622.8,92.713,91.305,141.109,92.045,98.289,137.693,144.354,129.163,129.632
622.9,92.646,91.372,141.077,92.112,98.289,137.727,144.324,129.163,129.593
623.0,92.646,91.305,141.109,92.045,98.289,137.761,144.354,129.163,129.632
623.1,92.58,91.237,141.109,92.045,98.165,137.693,144.354,129.163,129.632
623.2,92.646,91.237,141.045,92.179,98.227,137.693,144.324,129.163,129.593
623.3,92.646,91.237,141.109,92.045,98.227,137.693,144.413,129.202,129.632
623.4,92.513,91.237,141.109,92.045,98.165,137.693,144.294,129.163,129.593
623.5,92.58,91.237,141.109,92.112,98.165,137.693,144.383,129.202,129.593
623.6,92.58,91.237,141.077,91.978,98.165,137.693,144.324,129.202,129.593
623.7,92.713,91.169,141.077,92.045,98.165,137.693,144.354,129.163,129.632
623.8,92.58,91.169,141.077,91.978,98.041,137.659,144.354,129.163,129.593
623.9,92.646,91.169,141.077,92.045,98.103,137.693,144.324,129.202,129.593
624.0,92.58,91.169,141.109,92.045,98.041,137.693,144.354,129.163,129.593
624.1,92.58,91.102,141.109,92.112,98.041,137.693,144.383,129.163,129.515
624.2,92.646,91.102,141.109,92.045,98.103,137.693,144.354,129.124,129.554
624.3,92.646,91.102,141.077,92.045,98.041,137.727,144.383,129.163,129.593
624.4,92.58,91.034,141.077,92.045,98.041,137.659,144.354,129.124,129.593
624.5,92.447,91.102,141.013,92.045,97.979,137.693,144.324,129.124,129.593
624.6,92.58,91.034,141.045,91.978,98.041,137.693,144.324,129.124,129.593
624.7,92.58,91.034,141.077,92.045,97.979,137.659,144.354,129.124,129.593
624.8,92.58,91.034,141.077,91.978,98.041,137.659,144.324,129.163,129.554
624.9,92.58,90.966,141.077,92.112,97.917,137.693,144.354,129.202,129.593
625.0,92.38,91.034,141.077,91.978,97.979,137.693,144.383,129.124,129.554
625.1,92.58,90.966,141.077,92.045,97.917,137.625,144.324,129.124,129.632
625.2,92.646,90.966,141.077,91.978,97.855,137.659,144.354,129.085,129.554
625.3,92.646,90.966,141.109,91.978,97.855,137.693,144.354,129.163,129.554
625.4,92.646,90.83,141.077,91.978,97.731,137.659,144.324,129.241,129.554
625.5,92.646,90.898,141.077,91.978,97.668,137.591,144.354,129.124,129.554
625.6,92.58,90.966,141.077,91.978,97.855,137.659,144.324,129.124,129.554
625.7,92.513,90.898,141.077,92.045,97.793,137.693,144.354,129.085,129.554
625.8,92.513,90.83,141.077,91.978,97.731,137.625,144.383,129.124,129.632
625.9,92.58,90.762,141.109,92.112,97.731,137.625,144.294,129.163,129.554
626.0,92.513,90.762,141.077,91.978,97.793,137.625,144.294,129.124,129.515
626.1,92.447,90.694,141.045,91.978,97.731,137.659,144.324,129.124,129.515
626.2,92.646,90.762,141.077,92.045,97.731,137.625,144.324,129.124,129.632
626.3,92.58,90.694,141.045,91.978,97.668,137.693,144.324,129.163,129.632
626.4,92.58,90.694,141.077,92.045,97.731,137.693,144.324,129.085,129.593
626.5,92.58,90.694,141.077,91.978,97.668,137.625,144.324,129.124,129.515
626.6,92.58,90.762,141.109,92.112,97.606,137.625,144.324,129.163,129.554
626.7,92.58,90.694,141.109,91.911,97.606,137.591,144.354,129.124,129.554
626.8,92.513,90.694,141.077,91.978,97.543,137.659,144.383,129.163,129.593
626.9,92.447,90.557,141.077,91.978,97.543,137.693,144.294,129.163,129.593
627.0,92.58,90.626,141.077,91.978,97.606,137.625,144.324,129.124,129.554
627.1,92.58,90.626,141.045,91.978,97.543,137.659,144.413,129.124,129.554
627.2,92.447,90.626,141.045,92.045,97.543,137.625,144.294,129.202,129.554
627.3,92.58,90.557,141.045,92.045,97.543,137.693,144.324,129.045,129.515
627.4,92.58,90.626,141.045,91.978,97.481,137.625,144.354,129.085,129.515
627.5,92.513,90.557,141.077,92.112,97.481,137.659,144.354,129.124,129.554
627.6,92.513,90.557,141.173,91.978,97.481,137.625,144.324,129.085,129.515
627.7,92.513,90.489,141.013,91.911,97.481,137.693,144.263,129.124,129.515
627.8,92.513,90.557,141.077,91.911,97.481,137.625,144.324,129.085,129.554
627.9,92.513,90.489,141.109,91.911,97.356,137.591,144.354,129.085,129.515
628.0,92.513,90.489,141.109,91.978,97.481,137.591,144.354,129.124,129.515
628.1,92.447,90.489,141.013,91.978,97.356,137.625,144.294,129.124,129.554
628.2,92.513,90.421,141.013,91.911,97.419,137.625,144.324,129.045,129.515
628.3,92.58,90.421,141.013,91.844,97.481,137.625,144.324,129.124,129.515
628.4,92.513,90.352,141.045,91.911,97.356,137.591,144.383,129.085,129.554
628.5,92.513,90.421,141.045,91.911,97.293,137.625,144.324,129.124,129.632
628.6,92.447,90.352,141.045,91.911,97.293,137.625,144.324,129.085,129.515
628.7,92.513,90.352,141.013,91.911,97.231,137.591,144.324,129.045,129.554
628.8,92.513,90.352,141.013,91.844,97.231,137.591,144.324,129.124,129.554
628.9,92.447,90.284,141.013,91.844,97.231,137.591,144.324,129.085,129.554
629.0,92.58,90.352,141.013,91.978,97.231,137.591,144.324,129.085,129.554
629.1,92.447,90.284,141.045,91.911,97.231,137.557,144.383,129.085,129.515
629.2,92.447,90.284,141.013,91.978,97.293,137.625,144.324,129.085,129.515
629.3,92.447,90.284,141.013,91.911,97.105,137.591,144.294,129.085,129.554
629.4,92.447,90.284,141.045,91.844,97.231,137.557,144.324,129.124,129.554
629.5,92.38,90.146,141.013,91.978,97.105,137.591,144.294,129.045,129.515
629.6,92.513,90.146,141.045,91.911,97.105,137.591,144.324,129.045,129.515
629.7,92.447,90.215,140.981,91.911,97.105,137.557,144.324,129.124,129.554
629.8,92.447,90.284,141.013,91.844,97.042,137.591,144.294,129.124,129.515
629.9,92.447,90.146,140.918,91.911,97.105,137.591,144.294,129.085,129.515
630.0,92.38,90.146,141.013,91.844,97.105,137.659,144.324,129.124,129.515
630.1,92.447,90.146,141.013,91.911,97.042,137.625,144.294,129.085,129.554
630.2,92.447,90.146,140.981,91.911,97.105,137.557,144.354,129.045,129.554
630.3,92.447,90.078,141.013,91.911,97.042,137.557,144.294,129.045,129.632
630.4,92.447,90.146,141.013,91.911,96.98,137.557,144.294,129.085,129.554
630.5,92.447,89.94,140.981,91.844,97.042,137.557,144.354,129.045,129.515
630.6,92.38,89.94,140.981,91.978,96.98,137.557,144.294,129.085,129.398
630.7,92.447,90.009,140.981,91.844,96.854,137.557,144.294,129.045,129.515
630.8,92.38,90.009,140.981,91.911,96.917,137.557,144.324,129.085,129.554
630.9,92.447,90.009,140.981,91.978,96.917,137.591,144.263,129.085,129.476
631.0,92.447,89.94,141.013,91.911,96.854,137.557,144.294,129.085,129.554
631.1,92.38,89.94,140.95,91.911,96.917,137.387,144.263,129.045,129.515
631.2,92.447,89.94,141.013,91.844,96.917,137.557,144.324,129.085,129.515
631.3,92.38,89.94,141.077,91.911,96.854,137.557,144.294,129.085,129.476
631.4,92.447,89.871,140.981,91.844,96.854,137.557,144.354,129.006,129.437
631.5,92.38,89.871,140.918,91.844,96.917,137.557,144.324,129.045,129.437
631.6,92.447,89.871,140.981,91.844,96.664,137.557,144.324,129.045,129.476
631.7,92.447,89.734,141.013,91.844,96.791,137.591,144.294,129.045,129.593
631.8,92.38,89.94,140.95,91.777,96.728,137.557,144.263,129.006,129.515
631.9,92.38,89.803,141.045,91.911,96.791,137.557,144.263,129.045,129.437
632.0,91.102,89.94,140.981,91.844,96.728,137.557,144.263,129.045,129.476
632.1,92.38,89.803,140.95,91.844,96.601,137.557,144.324,129.006,129.515
632.2,92.447,89.803,140.981,91.844,96.728,137.523,144.294,129.045,129.515
632.3,92.38,89.803,140.95,91.978,96.728,137.489,144.294,129.045,129.476
632.4,92.447,89.734,141.013,91.844,96.664,137.625,144.294,129.124,129.476
632.5,92.38,89.665,140.95,91.844,96.664,137.523,144.294,129.045,129.476
632.6,92.38,89.734,140.95,91.844,96.601,137.523,144.294,129.006,129.515
632.7,92.38,89.665,141.013,91.844,96.728,137.591,144.354,129.085,129.515
632.8,92.313,89.665,140.918,91.777,96.664,137.557,144.263,129.045,129.554
632.9,92.38,89.665,140.95,91.844,96.664,137.523,144.294,129.045,129.476
633.0,92.38,89.596,140.95,91.777,96.601,137.523,144.233,129.006,129.515
633.1,92.38,89.526,140.981,91.777,96.538,137.489,144.294,129.006,129.554
633.2,92.38,89.734,140.981,91.777,96.601,137.557,144.294,129.045,129.476
633.3,92.246,89.596,140.981,91.777,96.538,137.557,144.294,129.006,129.515
633.4,92.38,89.457,140.95,91.911,96.538,137.557,144.263,129.006,129.476
633.5,92.313,89.596,140.918,91.71,96.475,137.523,144.263,129.045,129.476
633.6,92.38,89.596,140.981,91.844,96.475,137.523,144.294,129.045,129.476
633.7,92.246,89.526,140.918,91.777,96.538,137.557,144.263,129.045,129.476
633.8,92.313,89.596,140.95,91.777,96.475,137.523,144.263,129.045,129.515
633.9,92.313,89.596,140.95,91.844,96.348,137.489,144.294,129.006,129.437
634.0,92.447,89.526,140.95,91.844,96.348,137.523,144.263,129.085,129.476
634.1,92.38,89.596,140.918,91.777,96.475,137.489,144.324,129.085,129.476
634.2,92.313,89.526,140.918,91.71,96.411,137.523,144.263,129.006,129.437
634.3,92.313,89.457,140.886,91.844,96.411,137.489,144.294,129.006,129.437
634.4,92.313,89.388,140.918,91.844,96.411,137.489,144.263,129.045,129.398
634.5,92.313,89.457,140.95,91.777,96.348,137.523,144.263,129.085,129.476
634.6,92.38,89.457,140.95,91.844,96.411,137.489,144.294,129.006,129.476
634.7,92.313,89.319,140.918,91.777,96.411,137.455,144.263,129.006,129.437
634.8,92.313,89.388,140.981,91.777,96.411,137.489,144.203,129.006,129.476
634.9,92.313,89.388,140.918,91.844,96.348,137.591,144.263,129.006,129.476
635.0,92.313,89.388,140.95,91.777,96.285,137.455,144.294,129.045,129.398
635.1,92.246,89.319,140.918,91.844,96.221,137.489,144.294,128.967,129.515
635.2,92.246,89.319,140.918,91.777,96.221,137.489,144.294,129.045,129.398
635.3,92.38,89.319,140.95,91.777,96.221,137.489,144.233,129.006,129.437
635.4,92.246,89.249,140.981,91.777,96.221,137.489,144.294,129.006,129.437
635.5,92.313,89.18,140.918,91.71,96.158,137.557,144.263,129.045,129.515
635.6,92.246,89.319,140.981,91.844,96.158,137.489,144.294,129.006,129.476
635.7,92.313,89.18,140.886,91.777,96.094,137.455,144.294,129.006,129.476
635.8,92.313,89.11,140.95,91.777,96.094,137.455,144.294,129.006,129.437
635.9,92.313,89.388,140.918,91.777,96.094,137.489,144.263,129.006,129.437
636.0,92.313,89.18,140.918,91.71,96.03,137.489,144.233,129.006,129.437
636.1,92.313,89.249,140.918,91.71,96.158,137.489,144.294,128.967,129.398
636.2,92.313,89.11,140.981,91.777,96.094,137.489,144.263,129.045,129.437
636.3,92.313,89.18,140.918,91.71,96.03,137.455,144.294,129.006,129.476
636.4,92.246,89.11,140.886,91.844,96.03,137.489,144.263,129.006,129.398
636.5,92.179,89.11,140.886,91.777,96.158,137.489,144.263,129.006,129.437
636.6,92.246,89.18,140.918,91.844,96.03,137.455,144.294,129.006,129.437
636.7,92.313,89.041,140.918,91.777,95.967,137.455,144.294,129.045,129.437
636.8,92.246,89.11,140.918,91.71,96.03,137.421,144.203,128.967,129.437
636.9,92.313,89.11,140.886,91.71,96.03,137.489,144.233,129.045,129.437
637.0,92.246,89.041,140.95,91.71,95.903,137.455,144.233,128.967,129.437
637.1,92.246,89.041,140.886,91.777,95.903,137.523,144.263,129.006,129.437
637.2,92.179,89.041,140.822,91.71,95.903,137.455,144.263,129.045,129.398
637.3,92.179,89.11,140.918,91.71,95.903,137.523,144.263,129.006,129.398
637.4,92.313,89.041,140.854,91.71,95.839,137.455,144.263,129.045,129.437
637.5,92.313,88.971,140.886,91.844,95.839,137.455,144.203,128.967,129.476
637.6,92.313,88.971,140.95,91.777,95.775,137.455,144.294,128.967,129.515
637.7,92.179,89.041,140.918,91.71,95.839,137.455,144.263,128.967,129.437
637.8,92.313,88.832,140.886,91.71,95.839,137.421,144.263,129.045,129.437
637.9,92.179,88.901,140.886,91.844,95.839,137.455,144.294,129.006,129.398
638.0,92.246,89.041,140.886,91.642,95.839,137.421,144.294,128.967,129.437
638.1,92.179,88.901,140.886,91.642,95.775,137.489,144.263,129.006,129.437
638.2,92.246,88.901,140.918,91.71,95.775,137.421,144.263,129.006,129.476
638.3,92.179,88.762,140.918,91.71,95.775,137.455,144.263,129.045,129.437
638.4,92.246,88.971,140.918,91.71,95.775,137.455,144.263,129.006,129.437
638.5,92.246,88.832,140.918,91.777,95.647,137.421,144.263,128.967,129.437
638.6,92.246,88.832,140.95,91.71,95.711,137.421,144.203,129.006,129.437
638.7,92.246,88.901,140.918,91.71,95.647,137.455,144.263,128.967,129.398
638.8,92.246,88.832,140.854,91.71,95.711,137.489,144.263,128.967,129.437
638.9,92.246,88.762,140.918,91.71,95.647,137.455,144.233,128.967,129.437
639.0,92.179,88.832,140.854,91.71,95.647,137.421,144.263,128.967,129.437
639.1,92.313,88.832,140.854,91.71,95.711,137.523,144.233,128.967,129.398
639.2,92.179,88.762,140.886,91.642,95.647,137.455,144.263,129.006,129.398
639.3,92.179,88.762,140.95,91.642,95.583,137.421,144.263,128.967,129.437
639.4,92.179,88.692,140.854,91.71,95.519,137.421,144.233,128.967,129.398
639.5,92.246,88.692,140.918,91.777,95.583,137.421,144.263,129.006,129.437
639.6,92.246,88.622,140.886,91.71,95.519,137.455,144.263,128.927,129.437
639.7,92.179,88.622,140.854,91.642,95.455,137.455,144.233,128.849,129.398
639.8,92.179,88.622,140.886,91.71,95.519,137.387,144.263,128.927,129.398
639.9,92.179,88.622,140.725,91.71,95.455,137.421,144.233,128.927,129.398
640.0,92.112,88.692,140.918,91.71,95.455,137.455,144.294,129.006,129.32
640.1,92.179,88.622,140.854,91.71,95.391,137.387,144.263,128.927,129.398
640.2,92.112,88.552,140.854,91.642,95.455,137.421,144.203,128.967,129.398
640.3,92.112,88.552,140.854,91.642,95.391,137.387,144.233,129.006,129.398
640.4,92.112,88.552,140.822,91.71,95.391,137.353,144.173,128.927,129.398
640.5,92.179,88.482,140.822,91.642,95.391,137.421,144.263,128.967,129.398
640.6,92.112,88.412,140.854,91.71,95.391,137.387,144.263,129.006,129.359
640.7,92.112,88.482,140.822,91.642,95.262,137.421,144.203,129.045,129.359
640.8,92.045,88.482,140.822,91.71,95.391,137.421,144.263,128.967,129.359
640.9,92.179,88.482,140.854,91.71,95.327,137.421,144.354,128.967,129.359
641.0,92.179,88.482,140.854,91.71,95.327,137.421,144.263,129.006,129.398
641.1,92.045,88.412,140.854,91.642,95.262,137.353,144.203,129.006,129.437
641.2,92.112,88.482,140.822,91.777,95.198,137.353,144.294,128.927,129.398
641.3,92.179,88.342,140.854,91.642,95.262,137.421,144.233,129.006,129.359
641.4,92.112,88.412,140.822,91.575,95.198,137.353,144.263,128.967,129.359
641.5,92.112,88.272,140.854,91.642,95.134,137.421,144.233,128.967,129.398
641.6,92.112,88.272,140.822,91.71,95.134,137.421,144.233,128.927,129.359
641.7,92.112,88.272,140.79,91.642,95.134,137.421,144.294,128.967,129.359
641.8,92.112,88.201,140.79,91.642,95.198,137.421,144.233,128.927,129.398
641.9,92.112,88.201,140.822,91.575,95.005,137.387,144.203,128.927,129.398
642.0,92.112,88.272,140.822,91.642,94.94,137.387,144.143,128.927,129.32
642.1,92.112,88.201,140.981,91.642,95.005,137.353,144.263,128.967,129.398
642.2,92.246,88.131,140.822,91.777,95.005,137.353,144.263,128.927,129.32
642.3,92.112,88.131,140.79,91.575,95.069,137.387,144.233,128.927,129.398
642.4,92.045,88.061,140.854,91.71,95.005,137.387,144.233,128.967,129.359
642.5,92.045,88.131,140.79,91.642,94.94,137.387,144.173,128.927,129.359
642.6,92.112,88.131,140.822,91.71,94.94,137.387,144.203,128.927,129.437
642.7,92.045,88.061,140.79,91.575,94.94,137.353,144.233,128.927,129.437
642.8,92.112,87.99,140.79,91.575,95.005,137.353,144.203,128.927,129.398
642.9,92.045,87.99,140.822,91.642,94.94,137.353,144.263,128.888,129.398
643.0,92.112,87.99,140.79,91.642,94.94,137.353,144.203,128.927,129.359
643.1,92.045,88.061,140.725,91.575,94.876,137.353,144.203,128.927,129.32
643.2,92.045,88.061,140.79,91.575,94.876,137.353,144.203,128.927,129.398
643.3,92.045,87.99,140.79,91.642,94.876,137.353,144.263,128.927,129.359
643.4,92.045,88.061,140.886,91.642,94.876,137.387,144.233,128.927,129.398
643.5,92.112,87.92,140.822,91.642,94.876,137.455,144.233,129.006,129.359
643.6,92.045,87.99,140.79,91.575,94.811,137.353,144.203,128.967,129.359
643.7,92.045,87.99,140.822,91.575,94.746,137.421,144.203,128.927,129.437
643.8,92.045,87.99,140.758,91.508,94.94,137.353,144.203,128.967,129.359
643.9,91.978,87.99,140.822,91.575,94.811,137.353,144.173,128.927,129.359
644.0,92.045,87.92,140.79,91.642,94.746,137.421,144.233,128.927,129.359
644.1,92.045,87.99,140.79,91.642,94.746,137.353,144.143,128.927,129.359
644.2,91.978,87.92,140.79,91.575,94.746,137.353,144.173,128.967,129.359
644.3,91.978,87.92,140.854,91.575,94.681,137.353,144.203,128.967,129.359
644.4,92.045,87.92,140.79,91.508,94.681,137.353,144.263,128.888,129.398
644.5,92.045,87.849,140.79,91.575,94.681,137.353,144.173,128.927,129.398
644.6,92.045,87.849,140.758,91.575,94.681,137.353,144.233,128.967,129.32
644.7,91.978,87.92,140.758,91.642,94.746,137.353,144.173,128.927,129.32
644.8,92.112,87.778,140.822,91.508,94.746,137.353,144.173,129.045,129.32
644.9,91.978,87.92,140.79,91.575,94.681,137.319,144.173,128.927,129.359
645.0,91.978,87.778,140.758,91.575,94.681,137.353,144.203,128.888,129.32
645.1,92.045,87.778,140.886,91.575,94.617,137.353,144.263,128.927,129.32
645.2,91.978,87.778,140.822,91.575,94.552,137.421,144.203,128.927,129.437
645.3,92.045,87.708,140.758,91.575,94.617,137.387,144.173,128.927,129.359
645.4,91.911,87.708,140.758,91.575,94.617,137.319,144.173,128.927,129.281
645.5,92.045,87.708,140.758,91.575,94.552,137.353,144.173,128.927,129.359
645.6,91.978,87.708,140.758,91.508,94.552,137.285,144.203,128.927,129.32
645.7,91.978,87.637,140.79,91.508,94.552,137.319,144.203,128.927,129.32
645.8,91.978,87.637,140.79,91.508,94.422,137.319,144.173,128.967,129.32
645.9,91.978,87.637,140.79,91.508,94.422,137.319,144.203,128.888,129.359
646.0,91.978,87.495,140.629,91.508,94.422,137.319,144.203,128.888,129.32
646.1,92.045,87.708,140.758,91.508,94.422,137.319,144.173,128.967,129.32
646.2,91.978,87.566,140.79,91.508,94.422,137.285,144.203,128.927,129.32
646.3,92.045,87.566,140.79,91.575,94.422,137.285,144.203,128.967,129.359
646.4,91.978,87.566,140.758,91.508,94.357,137.285,144.233,128.927,129.32
646.5,91.911,87.566,140.79,91.508,94.422,137.319,144.203,128.888,129.32
646.6,91.978,87.566,140.758,91.508,94.357,137.353,144.173,128.888,129.359
646.7,91.978,87.424,140.79,91.44,94.422,137.285,144.203,128.888,129.32
646.8,91.978,87.495,140.758,91.44,94.292,137.319,144.173,128.927,129.32
646.9,91.978,87.495,140.79,91.508,94.357,137.285,144.173,128.927,129.398
647.0,91.978,87.566,140.79,91.508,94.357,137.353,144.173,128.888,129.359
647.1,91.978,87.424,140.758,91.508,94.292,137.285,144.203,128.888,129.32
647.2,91.911,87.495,140.758,91.44,94.357,137.319,144.143,128.888,129.32
647.3,91.978,87.424,140.758,91.508,94.292,137.285,144.173,128.967,129.359
647.4,91.978,87.495,140.758,91.508,94.226,137.285,144.203,128.927,129.437
647.5,91.911,87.424,140.725,91.575,94.226,137.285,144.173,128.927,129.359
647.6,91.978,87.424,140.725,91.508,94.226,137.285,144.263,128.888,129.32
647.7,91.911,87.424,140.758,91.508,94.226,137.285,144.113,128.927,129.32
647.8,91.978,87.353,140.79,91.44,94.161,137.319,144.203,128.77,129.281
647.9,92.045,87.424,140.79,91.508,94.161,137.353,144.173,128.927,129.359
648.0,91.978,87.353,140.725,91.508,94.226,137.285,144.173,128.927,129.281
648.1,91.978,87.211,140.79,91.575,94.161,137.216,144.173,128.888,129.32
648.2,91.911,87.353,140.79,91.508,94.161,137.251,144.173,128.927,129.241
648.3,91.911,87.353,140.725,91.508,94.226,137.285,144.233,128.888,129.32
648.4,91.911,87.353,140.758,91.372,94.096,137.319,144.173,128.888,129.32
648.5,91.911,87.282,140.758,91.508,94.096,137.285,144.203,128.927,129.32
648.6,91.911,87.282,140.79,91.508,94.096,137.285,144.173,128.927,129.359
648.7,91.911,87.353,140.758,91.44,94.096,137.319,144.173,128.888,129.281
648.8,91.911,87.282,140.725,91.508,93.965,137.251,144.143,128.967,129.281
648.9,91.911,87.211,140.693,91.508,94.031,137.319,144.173,128.927,129.32
649.0,91.978,87.282,140.725,91.508,94.031,137.285,144.173,128.888,129.241
649.1,91.911,87.282,140.79,91.372,94.031,137.319,144.173,128.888,129.281
649.2,91.911,87.211,140.725,91.44,94.031,137.216,144.173,128.888,129.281
649.3,91.911,87.14,140.693,91.44,94.031,137.319,144.143,128.927,129.359
649.4,91.911,87.14,140.725,91.305,93.9,137.251,144.143,128.888,129.32
649.5,91.844,87.068,140.725,91.508,93.9,137.285,144.143,128.927,129.281
649.6,91.911,87.14,140.725,91.44,93.9,137.251,144.143,128.888,129.32
649.7,91.911,87.14,140.79,91.372,93.9,137.285,144.173,128.927,129.32
649.8,91.911,87.14,140.693,91.372,93.9,137.285,144.203,128.888,129.32
649.9,91.911,86.926,140.693,91.372,93.834,137.285,144.173,128.888,129.281
650.0,91.911,87.068,140.758,91.44,93.834,137.251,144.143,128.888,129.32
650.1,91.911,86.997,140.758,91.44,93.965,137.251,144.173,128.888,129.32
650.2,91.911,86.926,140.693,91.372,93.769,137.251,144.143,128.809,129.32
650.3,91.911,87.068,140.758,91.44,93.9,137.216,144.203,128.849,129.359
650.4,91.777,87.068,140.758,91.44,93.834,137.182,144.143,128.888,129.359
650.5,91.844,87.068,140.693,91.305,93.769,137.285,144.143,128.888,129.32
650.6,91.844,86.997,140.693,91.44,93.769,137.285,144.113,128.927,129.281
650.7,91.844,86.997,140.725,91.44,93.769,137.251,144.173,128.927,129.281
650.8,91.844,86.926,140.758,91.372,93.703,137.251,144.143,128.888,129.281
650.9,91.844,86.926,140.725,91.372,93.769,137.353,144.203,128.888,129.281
651.0,91.978,86.926,140.725,91.372,93.703,137.251,144.143,128.888,129.32
651.1,91.911,86.926,140.725,91.44,93.638,137.285,144.173,128.888,129.281
651.2,91.978,86.854,140.693,91.44,93.703,137.285,144.143,128.849,129.32
651.3,91.844,86.854,140.693,91.44,93.703,137.251,144.173,128.849,129.202
651.4,91.844,86.926,140.693,91.372,93.638,137.285,144.143,128.888,129.281
651.5,91.844,86.926,140.758,91.44,93.572,137.285,144.173,128.927,129.281
651.6,91.844,86.854,140.725,91.44,93.703,137.285,144.173,128.888,129.281
651.7,91.978,86.926,140.693,91.372,93.638,137.251,144.173,128.849,129.281
651.8,91.844,86.854,140.661,91.44,93.638,137.251,144.173,128.888,129.281
651.9,91.844,86.854,140.693,91.372,93.572,137.216,144.143,128.888,129.281
652.0,91.844,86.783,140.661,91.44,93.703,137.216,144.203,128.888,129.281
652.1,91.911,86.783,140.725,91.372,93.572,137.251,144.203,128.888,129.359
652.2,91.844,86.783,140.725,91.372,93.572,137.251,144.143,128.927,129.281
652.3,91.911,86.783,140.661,91.372,93.506,137.251,144.143,128.888,129.32
652.4,91.844,86.711,140.725,91.372,93.572,137.216,144.143,128.849,129.359
652.5,91.844,86.783,140.693,91.372,93.506,137.319,144.143,128.888,129.359
652.6,91.777,86.711,140.693,91.372,93.506,137.216,144.113,128.888,129.202
652.7,91.777,86.711,140.79,91.372,93.44,137.216,144.143,128.888,129.241
652.8,91.844,86.711,140.661,91.372,93.44,137.216,144.173,128.809,129.281
652.9,91.911,86.639,140.693,91.44,93.44,137.285,144.143,128.849,129.281
653.0,91.777,86.639,140.661,91.372,93.44,137.216,144.143,128.888,129.281
653.1,91.777,86.639,140.725,91.305,93.44,137.251,144.173,128.849,129.281
653.2,91.911,86.711,140.693,91.372,93.44,137.285,144.143,129.006,129.281
653.3,91.844,86.639,140.661,91.372,93.44,137.251,144.143,128.888,129.281
653.4,91.777,86.639,140.661,91.372,93.44,137.216,144.173,128.888,129.241
653.5,91.844,86.711,140.661,91.372,93.374,137.285,144.143,128.888,129.32
653.6,91.777,86.639,140.661,91.372,93.374,137.251,144.023,128.927,129.32
653.7,91.777,86.568,140.597,91.372,93.309,137.216,144.143,128.849,129.281
653.8,91.844,86.568,140.725,91.372,93.309,137.216,144.143,128.888,129.32
653.9,91.911,86.496,140.661,91.44,93.309,137.285,144.083,128.888,129.281
654.0,91.844,86.568,140.661,91.372,93.309,137.216,144.143,128.849,129.241
654.1,91.844,86.568,140.693,91.372,93.374,137.216,144.233,128.888,129.281
654.2,91.844,86.496,140.693,91.44,93.309,137.285,144.113,128.888,129.281
654.3,91.844,86.568,140.661,91.305,93.309,137.216,144.173,128.888,129.241
654.4,91.911,86.568,140.693,91.372,93.309,137.216,144.113,128.849,129.281
654.5,91.844,86.424,140.79,91.372,93.309,137.182,144.143,128.888,129.281
654.6,91.844,86.568,140.693,91.372,93.177,137.216,144.143,128.888,129.281
654.7,91.844,86.352,140.725,91.305,93.177,137.182,144.143,128.849,129.241
654.8,91.777,86.424,140.661,91.372,93.177,137.216,144.113,128.967,129.281
654.9,91.777,86.496,140.661,91.44,93.243,137.216,144.173,128.927,129.281
655.0,91.777,86.496,140.661,91.305,93.11,137.182,144.083,128.849,129.281
655.1,91.777,86.28,140.661,91.305,93.243,137.216,144.143,128.888,129.241
655.2,91.777,86.424,140.629,91.372,93.11,137.216,144.203,128.967,129.241
655.3,91.777,86.28,140.565,91.372,93.11,137.216,144.113,128.849,129.32
655.4,91.844,86.28,140.629,91.305,93.044,137.251,144.143,128.849,129.32
655.5,91.71,86.28,140.661,91.305,92.846,137.182,144.113,128.927,129.241
655.6,91.777,86.28,140.661,91.237,93.177,137.216,144.113,128.77,129.241
655.7,91.777,86.28,140.629,91.372,92.978,137.216,144.113,128.849,129.241
655.8,91.777,86.208,140.693,91.305,92.978,137.216,144.173,128.967,129.202
655.9,91.71,86.28,140.661,91.372,92.978,137.216,144.113,128.849,129.202
656.0,91.844,86.208,140.629,91.237,92.912,137.182,144.143,128.888,129.32
656.1,91.71,86.28,140.597,91.372,92.978,137.216,144.173,128.849,129.241
656.2,91.777,86.064,140.629,91.305,92.912,137.216,144.113,128.849,129.241
656.3,91.71,86.136,140.629,91.305,92.978,137.148,144.173,128.888,129.241
656.4,91.777,86.136,140.629,91.305,92.912,137.182,144.143,128.849,129.241
656.5,91.777,86.208,140.661,91.305,92.912,137.148,144.173,128.888,129.202
656.6,91.777,86.208,140.565,91.372,92.912,137.114,144.113,128.849,129.32
656.7,91.777,86.136,140.629,91.305,92.779,137.182,144.203,128.849,129.281
656.8,91.777,86.064,140.725,91.372,92.713,137.182,144.113,128.77,129.241
656.9,91.71,86.064,140.661,91.372,92.846,137.182,144.113,128.888,129.241
657.0,91.777,86.064,140.629,91.305,92.912,137.182,144.143,128.888,129.359
657.1,91.777,86.064,140.693,91.237,92.779,137.148,144.143,128.888,129.241
657.2,91.71,86.064,140.725,91.237,92.779,137.216,144.143,128.849,129.202
657.3,91.71,86.064,140.629,91.305,92.779,137.148,144.113,128.849,129.241
657.4,91.71,86.136,140.661,91.237,92.779,137.216,144.113,128.809,129.241
657.5,91.71,86.064,140.661,91.305,92.713,137.148,144.143,128.927,129.241
657.6,91.777,85.919,140.629,91.305,92.779,137.148,144.173,128.849,129.241
657.7,91.71,85.919,140.597,91.305,92.779,137.148,144.113,128.888,129.241
657.8,91.71,85.919,140.629,91.237,92.713,137.148,144.113,128.809,129.281
657.9,91.642,85.919,140.597,91.237,92.713,137.148,144.083,128.809,129.241
658.0,91.71,85.919,140.629,91.169,92.713,137.148,144.113,128.849,129.241
658.1,91.71,85.919,140.597,91.237,92.646,137.182,144.113,128.849,129.241
658.2,91.777,85.919,140.597,91.305,92.646,137.114,144.113,128.809,129.241
658.3,91.71,85.919,140.597,91.237,92.58,137.148,144.143,128.849,129.281
658.4,91.777,85.919,140.597,91.305,92.58,137.148,144.083,128.849,129.281
658.5,91.71,85.847,140.629,91.237,92.646,137.148,144.113,128.849,129.241
658.6,91.642,85.775,140.597,91.237,92.646,137.148,144.113,128.809,129.241
658.7,91.71,85.919,140.597,91.305,92.646,137.148,144.083,128.809,129.281
658.8,91.642,85.847,140.661,91.237,92.513,137.148,144.083,128.809,129.241
658.9,91.71,85.775,140.597,91.237,92.58,137.148,144.083,128.888,129.241
659.0,91.71,85.847,140.661,91.237,92.58,137.182,144.113,128.809,129.202
659.1,91.642,85.847,140.629,91.237,92.513,137.148,144.143,128.849,129.241
659.2,91.71,85.847,140.565,91.237,92.447,137.182,144.143,128.849,129.202
659.3,91.71,85.702,140.565,91.305,92.447,137.114,144.113,128.809,129.241
659.4,91.71,85.775,140.629,91.237,92.447,137.148,144.113,128.927,129.281
659.5,91.642,85.702,140.661,91.237,92.513,137.148,144.113,128.809,129.202
659.6,91.777,85.775,140.597,91.237,92.447,137.148,144.083,128.77,129.241
659.7,91.642,85.63,140.597,91.237,92.38,137.148,144.143,128.849,129.241
659.8,91.71,85.702,140.533,91.169,92.447,137.148,144.113,128.809,129.241
659.9,91.642,85.63,140.565,91.237,92.38,137.148,144.083,128.849,129.241
660.0,91.71,85.702,140.597,91.237,92.38,137.114,144.083,128.849,129.241
660.1,91.642,85.775,140.597,91.237,92.38,137.148,144.083,128.849,129.202
660.2,91.642,85.63,140.597,91.237,92.38,137.148,144.053,128.849,129.359
660.3,91.642,85.63,140.629,91.169,92.313,137.114,144.083,128.888,129.202
660.4,91.642,85.775,140.693,91.237,92.313,137.114,144.113,128.849,129.202
660.5,91.71,85.702,140.597,91.305,92.38,137.114,144.083,128.849,129.202
660.6,91.642,85.63,140.629,91.237,92.313,137.148,144.083,128.849,129.202
660.7,91.71,85.702,140.597,91.237,92.313,137.182,144.083,128.849,129.241
660.8,91.642,85.557,140.565,91.372,92.313,137.148,144.113,128.849,129.241
660.9,91.642,85.484,140.597,91.169,92.313,137.114,144.083,128.849,129.241
661.0,91.575,85.557,140.597,91.237,92.313,137.08,144.113,128.849,129.202
661.1,91.71,85.63,140.565,91.169,92.246,137.114,144.113,128.809,129.241
661.2,91.71,85.557,140.565,91.169,92.313,137.114,144.113,128.77,129.202
661.3,91.642,85.484,140.565,91.305,92.179,137.114,144.173,128.809,129.202
661.4,91.71,85.557,140.533,91.169,92.179,137.114,144.083,128.809,129.241
661.5,91.642,85.484,140.597,91.237,92.112,137.114,144.023,128.888,129.32
661.6,91.642,85.484,140.565,91.169,92.112,137.114,144.113,128.809,129.202
661.7,91.642,85.412,140.565,91.305,92.112,137.114,144.083,128.888,129.241
661.8,91.642,85.412,140.565,91.237,92.179,137.114,144.083,128.809,129.202
661.9,91.575,85.339,140.597,91.169,92.112,137.114,144.113,128.809,129.202
662.0,91.575,85.339,140.565,91.237,92.179,137.08,144.113,128.849,129.163
662.1,91.642,85.557,140.533,91.237,92.045,137.148,144.083,128.849,129.202
662.2,91.642,85.339,140.597,91.169,91.978,137.114,144.143,128.809,129.202
662.3,91.575,85.339,140.597,91.102,91.978,137.114,144.083,128.888,129.163
662.4,91.642,85.339,140.501,91.169,92.045,137.148,144.083,128.849,129.202
662.5,91.642,85.339,140.533,91.169,91.978,137.114,144.083,128.77,129.202
662.6,91.642,85.339,140.533,91.169,91.978,137.148,144.053,128.849,129.241
662.7,91.575,85.339,140.597,91.169,92.112,137.148,144.113,128.809,129.163
662.8,91.575,85.339,140.565,91.237,91.911,137.114,144.143,128.73,129.124
662.9,91.575,85.266,140.565,91.169,91.911,137.114,144.083,128.849,129.241
663.0,91.575,85.339,140.565,91.169,91.911,137.08,144.113,128.77,129.163
663.1,91.508,85.12,140.565,91.169,91.978,137.08,144.053,128.809,129.202
663.2,91.642,85.339,140.597,91.169,91.978,137.114,144.053,128.849,129.202
663.3,91.575,85.266,140.597,91.169,91.978,137.08,144.083,128.77,129.202
663.4,91.642,85.193,140.565,91.169,91.844,137.08,144.083,128.849,129.163
663.5,91.575,85.266,140.597,91.237,91.844,137.08,144.083,128.849,129.202
663.6,91.508,85.12,140.565,91.169,91.844,137.045,144.053,128.849,129.202
663.7,91.575,85.193,140.533,91.102,91.777,137.08,144.113,128.849,129.202
663.8,91.575,85.12,140.565,91.034,91.777,137.08,144.113,128.849,129.241
663.9,91.642,85.12,140.565,91.169,91.777,137.045,144.053,128.809,129.202
664.0,91.575,85.339,140.533,91.169,91.777,137.114,144.083,128.927,129.163
664.1,91.642,85.047,140.533,91.034,91.777,137.08,144.083,128.77,129.202
664.2,91.508,85.12,140.501,91.237,91.71,137.08,144.083,128.849,129.241
664.3,91.508,85.12,140.533,91.169,91.642,137.08,144.023,128.77,129.202
664.4,91.575,85.047,140.533,91.102,91.71,137.08,144.113,128.849,129.202
664.5,91.575,85.047,140.501,91.169,91.575,137.114,144.023,128.888,129.202
664.6,91.508,84.974,140.597,91.102,91.642,137.08,144.053,128.809,129.241
664.7,91.575,84.974,140.533,91.169,91.642,137.08,144.053,128.77,129.163
664.8,91.575,84.974,140.565,91.102,91.642,137.08,144.053,128.849,129.241
664.9,91.508,85.047,140.565,91.102,91.642,137.114,144.053,128.612,129.202
665.0,91.575,84.901,140.501,91.169,91.642,137.08,144.143,128.809,129.241
665.1,91.508,84.754,140.501,91.102,91.642,137.045,144.053,128.809,129.202
665.2,91.508,84.974,140.533,91.169,91.575,137.045,144.083,128.849,129.202
665.3,91.575,84.901,140.533,91.102,91.575,137.114,144.083,128.809,129.202
665.4,91.575,84.901,140.404,91.237,91.508,137.045,144.083,128.77,129.202
665.5,91.508,84.827,140.501,91.102,91.508,137.08,144.023,128.77,129.241
665.6,91.508,84.827,140.501,91.034,91.508,137.045,144.083,128.809,129.241
665.7,91.575,84.754,140.533,91.102,91.508,137.045,144.053,128.888,129.202
665.8,91.508,84.901,140.501,91.034,91.575,137.045,144.053,128.809,129.163
665.9,91.508,84.827,140.533,91.169,91.44,137.045,144.053,128.809,129.202
666.0,91.508,84.754,140.533,91.169,91.508,137.045,144.083,128.849,129.124
666.1,91.372,84.827,140.533,91.034,91.44,137.08,144.053,128.849,129.202
666.2,91.508,84.754,140.533,91.102,91.372,137.045,144.053,128.809,129.163
666.3,91.508,84.681,140.501,91.102,91.508,137.045,144.053,128.77,129.163
666.4,91.575,84.754,140.501,91.102,91.372,137.011,144.053,128.77,129.241
666.5,91.508,84.681,140.533,91.034,91.305,137.045,144.023,128.809,129.202
666.6,91.508,84.754,140.597,91.102,91.44,137.045,144.053,128.691,129.202
666.7,91.508,84.607,140.533,91.102,91.372,137.08,144.083,128.77,129.241
666.8,91.44,84.681,140.468,91.169,91.372,137.045,144.053,128.809,129.124
666.9,91.508,84.754,140.501,91.169,91.305,137.08,144.023,128.809,129.163
667.0,91.508,84.681,140.501,91.169,91.372,137.011,144.053,128.73,129.163
667.1,91.508,84.681,140.565,91.169,91.305,137.011,144.083,128.77,129.163
667.2,91.575,84.681,140.501,91.102,91.169,137.045,144.083,128.809,129.163
667.3,91.508,84.607,140.533,91.034,91.372,137.08,144.053,128.849,129.202
667.4,91.508,84.681,140.468,91.102,91.237,137.045,144.023,128.77,129.163
667.5,91.508,84.607,140.501,91.102,91.237,137.011,144.053,128.77,129.163
667.6,91.508,84.681,140.468,91.102,91.237,137.08,144.083,128.77,129.163
667.7,91.508,84.607,140.501,91.034,91.169,137.08,144.113,128.809,129.281
667.8,91.44,84.607,140.533,91.034,91.169,137.011,144.053,128.809,129.124
667.9,91.575,84.534,140.501,91.034,91.169,137.045,144.083,128.849,129.163
668.0,91.44,84.607,140.533,91.034,91.237,137.114,144.053,128.77,129.163
668.1,91.508,84.46,140.468,90.762,91.169,137.011,144.053,128.809,129.202
668.2,91.44,84.607,140.533,91.169,91.237,137.08,144.083,128.77,129.124
668.3,91.44,84.534,140.501,91.169,91.169,137.011,144.053,128.849,129.163
668.4,91.508,84.534,140.436,91.102,91.169,137.045,144.083,128.809,129.241
668.5,91.44,84.534,140.501,91.034,91.237,137.011,144.083,128.77,129.163
668.6,91.508,84.46,140.436,91.034,91.169,137.011,144.023,128.73,129.163
668.7,91.372,84.534,140.468,91.034,91.102,137.011,144.053,128.849,129.124
668.8,91.44,84.46,140.468,91.034,91.102,137.08,144.023,128.809,129.163
668.9,91.44,84.46,140.436,91.034,91.102,137.011,144.023,128.809,129.163
669.0,91.508,84.46,140.501,91.102,91.102,137.011,144.053,128.77,129.163
669.1,91.44,84.387,140.501,91.034,91.034,137.045,144.023,128.927,129.163
669.2,91.508,84.46,140.565,90.966,91.102,137.011,144.113,128.809,129.163
669.3,91.508,84.46,140.501,91.102,90.966,137.011,143.962,128.849,129.163
669.4,91.508,84.387,140.501,91.034,91.034,137.011,144.083,128.77,129.163
669.5,91.508,84.313,140.533,91.034,91.034,137.045,144.083,128.849,129.163
669.6,91.44,84.387,140.468,91.034,91.034,137.045,144.083,128.809,129.124
669.7,91.575,84.387,140.468,91.034,90.966,137.011,144.083,128.809,129.163
669.8,91.44,84.387,140.468,91.034,91.034,137.011,144.083,128.809,129.163
669.9,91.575,84.313,140.468,91.034,90.966,137.011,144.023,128.77,129.163
670.0,91.372,84.387,140.501,91.102,91.034,137.011,144.053,128.77,129.202
670.1,91.44,84.313,140.501,91.034,90.898,137.011,144.053,128.849,129.163
670.2,91.575,84.387,140.436,90.966,90.966,136.977,144.053,128.809,129.202
670.3,91.44,84.239,140.501,91.102,90.966,137.011,144.053,128.77,129.124
670.4,91.44,84.313,140.468,91.034,90.966,136.977,144.053,128.77,129.163
670.5,91.44,84.387,140.468,91.034,90.966,137.011,144.023,128.77,129.163
670.6,91.44,84.239,140.533,91.034,90.898,136.977,144.083,128.888,129.202
670.7,91.508,84.239,140.436,91.102,90.83,137.08,144.023,128.77,129.124
670.8,91.372,84.239,140.501,90.966,90.966,136.977,144.023,128.77,129.163
670.9,91.44,84.239,140.436,91.034,90.898,137.011,144.023,128.809,129.124
671.0,91.372,84.239,140.436,91.034,90.83,136.977,144.113,128.809,129.281
671.1,91.44,84.239,140.468,90.966,90.898,136.943,144.053,128.73,129.124
671.2,91.44,84.165,140.501,91.034,90.762,137.011,144.023,128.849,129.163
671.3,91.44,84.239,140.468,91.102,90.762,136.977,144.053,128.809,129.163
671.4,91.44,84.165,140.436,90.966,90.83,137.011,144.023,128.888,129.124
671.5,91.508,84.165,140.468,91.034,90.83,137.011,143.993,128.77,129.124
671.6,91.44,84.165,140.436,90.966,90.694,136.977,144.023,128.77,129.124
671.7,91.44,84.165,140.501,90.966,90.898,137.011,144.023,128.77,129.163
671.8,91.44,84.165,140.436,91.034,90.762,137.011,144.053,128.73,129.163
671.9,91.508,84.165,140.468,91.034,90.762,137.045,144.053,128.849,129.163
672.0,91.372,83.869,140.468,90.966,90.694,136.977,144.053,128.888,129.163
672.1,91.372,84.165,140.468,90.966,90.694,136.977,144.023,128.77,129.124
672.2,91.44,84.091,140.436,90.966,90.762,136.977,144.083,128.809,129.163
672.3,91.305,84.165,140.501,91.034,90.694,137.011,143.993,128.888,129.163
672.4,91.44,84.017,140.404,90.966,90.694,137.011,144.053,128.77,129.124
672.5,91.372,84.017,140.404,91.034,90.626,136.977,144.023,128.77,129.202
672.6,91.372,84.017,140.468,90.966,90.626,136.943,144.023,128.809,129.163
672.7,91.44,84.017,140.436,90.966,90.557,136.943,143.993,128.77,129.241
672.8,91.44,83.943,140.436,91.034,90.626,136.977,143.993,128.73,129.124
672.9,91.372,83.943,140.372,91.034,90.489,137.011,143.993,128.809,129.124
673.0,91.44,83.943,140.436,90.966,90.557,136.977,144.053,128.77,129.163
673.1,91.372,84.017,140.436,90.966,90.557,137.011,144.023,128.849,129.163
673.2,91.44,83.943,140.436,90.966,90.557,136.977,143.932,128.612,129.124
673.3,91.44,83.943,140.468,90.966,90.557,137.011,144.023,128.77,129.202
673.4,91.44,83.869,140.404,90.966,90.557,137.011,144.023,128.77,129.202
673.5,91.44,84.017,140.468,90.966,90.489,136.977,144.053,128.809,129.124
673.6,91.372,83.943,140.436,90.966,90.421,137.011,143.993,128.77,129.124
673.7,91.372,83.869,140.501,90.966,90.489,136.943,144.053,128.73,129.124
673.8,91.44,83.869,140.404,90.966,90.421,136.943,144.023,128.77,129.163
673.9,91.372,84.017,140.436,90.966,90.489,137.045,144.023,128.77,129.163
674.0,91.44,83.943,140.468,90.966,90.352,136.943,144.023,128.77,129.163
674.1,91.372,83.869,140.436,90.966,90.489,136.908,144.053,128.73,129.085
674.2,91.372,83.869,140.404,90.966,90.489,136.977,143.993,128.73,129.124
674.3,91.372,83.869,140.372,91.034,90.421,136.977,144.023,128.77,129.124
674.4,91.372,83.795,140.404,90.966,90.421,136.977,144.053,128.77,129.163
674.5,91.372,83.869,140.468,90.966,90.352,136.943,144.023,128.73,129.085
674.6,91.372,83.795,140.372,90.966,90.352,137.011,144.083,128.849,129.163
674.7,91.305,83.721,140.404,90.966,90.352,136.943,144.053,128.809,129.163
674.8,91.372,83.721,140.436,90.966,90.352,136.977,143.993,128.809,129.124
674.9,91.305,83.721,140.404,90.966,90.284,136.977,143.962,128.73,129.124
675.0,91.305,83.721,140.372,90.898,90.215,136.943,144.023,128.809,129.085
675.1,91.305,83.572,140.436,90.966,90.284,136.977,144.023,128.77,129.124
675.2,91.305,83.721,140.404,90.966,90.146,136.943,144.023,128.77,129.163
675.3,91.305,83.647,140.404,90.898,90.284,136.908,144.053,128.73,129.163
675.4,91.305,83.647,140.436,90.762,90.215,136.943,143.993,128.809,129.124
675.5,91.372,83.647,140.404,90.898,90.215,136.943,143.962,128.73,129.085
675.6,91.305,83.647,140.436,90.898,90.146,136.943,143.993,128.77,129.085
675.7,91.305,83.647,140.404,90.898,90.146,136.943,143.993,128.809,129.163
675.8,91.305,83.572,140.404,90.898,90.215,136.943,144.023,128.691,129.163
675.9,91.372,83.572,140.436,90.966,90.146,136.908,143.993,128.77,129.124
676.0,91.44,83.572,140.468,90.966,90.146,137.011,144.053,128.849,129.163
676.1,91.372,83.572,140.436,90.966,90.078,137.011,144.023,128.73,129.085
676.2,91.44,83.572,140.404,90.898,90.009,136.908,144.023,128.77,129.124
676.3,91.372,83.498,140.468,90.898,90.078,136.943,144.023,128.77,129.163
676.4,91.372,83.498,140.372,90.966,90.078,136.977,144.023,128.809,129.124
676.5,91.372,83.498,140.372,90.966,90.078,136.943,143.993,128.77,129.163
676.6,91.372,83.572,140.404,90.966,90.078,137.011,144.023,128.77,129.124
676.7,91.372,83.498,140.404,90.898,90.146,137.011,144.023,128.77,129.124
676.8,91.305,83.423,140.436,90.898,90.009,136.908,143.962,128.73,129.124
676.9,91.237,83.498,140.404,90.966,90.078,136.943,143.993,128.73,129.124
677.0,91.305,83.423,140.404,90.83,90.009,136.908,144.023,128.73,129.085
677.1,91.372,83.423,140.372,90.898,89.94,136.943,143.993,128.73,129.124
677.2,91.305,83.423,140.436,90.83,89.94,136.977,144.023,128.927,129.124
677.3,91.237,83.423,140.468,90.966,89.94,136.908,143.993,128.73,129.085
677.4,91.237,83.423,140.404,90.966,89.871,136.943,144.083,128.77,129.085
677.5,91.305,83.423,140.372,90.898,89.871,136.908,144.023,128.73,129.163
677.6,91.305,83.423,140.339,91.034,89.94,136.908,144.023,128.73,129.085
677.7,91.372,83.423,140.372,90.898,89.871,136.908,143.993,128.73,129.124
677.8,91.237,83.349,140.404,90.83,89.803,136.908,144.023,128.77,129.163
677.9,91.44,83.349,140.372,90.898,89.871,136.977,143.962,128.73,129.124
678.0,91.237,83.349,140.404,90.83,89.871,136.908,143.993,128.691,129.085
678.1,91.372,83.349,140.339,90.83,89.871,136.977,143.962,128.77,129.045
678.2,91.305,83.274,140.372,90.898,89.803,136.943,143.993,128.77,129.085
678.3,91.169,83.274,140.307,90.898,89.734,136.908,143.993,128.73,129.085
678.4,91.305,83.274,140.404,90.83,89.871,136.874,143.993,128.77,129.163
678.5,91.237,83.274,140.307,90.898,89.734,136.908,144.023,128.73,129.085
678.6,91.372,83.274,140.339,90.898,89.803,136.908,143.993,128.691,129.085
678.7,91.305,83.199,140.339,90.83,89.803,136.874,143.993,128.73,129.085
678.8,91.305,83.274,140.372,90.83,89.734,136.874,143.962,128.77,129.085
678.9,91.305,83.199,140.372,90.83,89.734,136.908,144.023,128.77,129.124
679.0,91.305,83.199,140.339,90.898,89.734,136.874,144.023,128.691,129.085
679.1,91.305,83.125,140.339,90.898,89.665,136.908,144.023,128.73,129.163
679.2,91.237,83.274,140.404,91.034,89.734,136.908,143.993,128.77,129.006
679.3,91.237,83.199,140.372,90.898,89.734,136.874,143.962,128.691,129.045
679.4,91.169,83.199,140.339,90.898,89.665,136.908,143.993,128.77,129.163
679.5,91.305,83.199,140.242,90.83,89.665,136.943,143.962,128.73,129.085
679.6,91.237,83.199,140.372,90.898,89.734,136.908,144.023,128.73,129.085
679.7,91.305,83.199,140.372,90.898,89.665,136.874,144.023,128.73,129.085
679.8,91.305,83.125,140.372,90.966,89.734,136.908,143.993,128.691,129.085
679.9,91.305,83.05,140.372,90.83,89.665,136.874,144.023,128.73,129.085
680.0,91.237,83.125,140.339,90.83,89.665,136.874,143.962,128.73,129.124
680.1,91.169,83.05,140.436,90.898,89.665,136.908,143.962,128.73,129.085
680.2,91.237,83.05,140.339,90.898,89.596,136.908,143.993,128.73,129.124
680.3,91.237,83.199,140.275,90.83,89.665,136.908,143.962,128.809,129.163
680.4,91.237,82.975,140.339,90.762,89.526,136.874,143.932,128.73,129.085
680.5,91.237,83.05,140.307,90.762,89.665,136.874,143.962,128.73,129.085
680.6,91.237,83.05,140.307,90.83,89.526,136.908,143.993,128.77,129.163
680.7,91.237,82.975,140.404,90.83,89.665,136.908,143.993,128.77,129.163
680.8,91.237,83.05,140.404,90.898,89.526,136.908,143.993,128.73,129.085
680.9,91.237,83.05,140.372,90.83,89.526,136.839,143.993,128.73,129.124
681.0,91.237,82.975,140.339,90.83,89.457,136.874,143.962,128.73,129.163
681.1,91.305,82.975,140.339,90.83,89.457,136.874,143.962,128.77,129.124
681.2,91.237,82.9,140.307,90.83,89.457,136.874,143.993,128.77,129.085
681.3,91.237,82.9,140.372,90.83,89.457,136.839,144.053,128.77,129.124
681.4,91.237,82.9,140.372,90.83,89.526,136.874,143.962,128.77,129.045
681.5,91.305,82.9,140.339,90.83,89.457,136.874,144.023,128.73,129.085
681.6,91.237,82.9,140.307,90.762,89.526,136.943,143.962,128.73,129.163
681.7,91.169,82.9,140.339,90.83,89.457,136.908,143.962,128.77,129.085
681.8,91.237,82.825,140.339,90.762,89.388,136.874,144.053,128.73,129.045
681.9,91.305,82.825,140.339,90.83,89.319,136.908,144.023,128.73,129.202
682.0,91.169,82.825,140.339,90.898,89.388,136.908,143.993,128.691,129.085
682.1,91.169,82.9,140.339,90.83,89.319,136.874,143.962,128.73,129.124
682.2,91.237,82.825,140.339,90.83,89.388,136.874,143.932,128.73,129.085
682.3,91.169,82.9,140.339,90.83,89.18,136.943,143.932,128.73,129.045
682.4,91.169,82.75,140.339,90.898,89.319,136.874,143.962,128.73,129.085
682.5,91.237,82.75,140.339,90.83,89.319,136.874,143.962,128.73,129.085
682.6,91.169,82.825,140.372,90.83,89.249,136.874,143.932,128.73,129.045
682.7,91.237,82.75,140.372,90.83,89.18,136.874,143.932,128.691,129.085
682.8,91.237,82.75,140.339,90.83,89.319,136.874,143.932,128.691,129.124
682.9,91.169,82.75,140.339,90.83,89.249,136.874,143.993,128.691,129.085
683.0,91.305,82.75,140.339,90.762,89.249,136.908,143.962,128.73,129.124
683.1,91.305,82.75,140.339,90.762,89.249,136.874,143.932,128.73,129.085
683.2,91.237,82.75,140.339,90.83,89.249,136.874,143.962,128.651,129.085
683.3,91.169,82.75,140.404,90.83,89.249,136.874,143.993,128.73,129.085
683.4,91.169,82.675,140.372,90.626,89.319,136.839,143.932,128.809,129.045
683.5,91.237,82.675,140.339,90.762,89.249,136.874,143.962,128.691,129.045
683.6,91.305,82.75,140.372,90.762,89.249,136.874,143.993,128.77,129.085
683.7,91.169,82.675,140.339,90.83,89.18,136.874,143.932,128.73,129.085
683.8,91.305,82.675,140.307,90.83,89.18,136.839,143.962,128.77,129.085
683.9,91.169,82.75,140.275,90.762,89.041,136.874,143.993,128.612,129.085
684.0,91.169,82.675,140.307,90.762,89.11,136.839,143.993,128.612,129.124
684.1,91.237,82.599,140.372,90.762,88.971,136.839,143.962,128.73,129.085
684.2,91.169,82.599,140.307,90.762,89.11,136.874,143.902,128.73,129.085
684.3,91.169,82.599,140.372,90.83,89.11,136.839,143.902,128.73,129.045
684.4,91.102,82.599,140.307,90.83,89.11,136.908,143.902,128.73,129.006
684.5,91.169,82.599,140.307,90.762,89.041,136.839,143.962,128.77,129.045
684.6,91.305,82.524,140.339,90.762,89.041,136.874,143.993,128.691,129.085
684.7,91.169,82.524,140.307,90.83,89.041,136.839,143.932,128.73,129.085
684.8,91.237,82.599,140.275,90.762,89.041,136.908,143.932,128.849,129.085
684.9,91.102,82.524,140.307,90.762,89.041,136.839,143.932,128.691,129.085
685.0,91.102,82.599,140.307,90.83,89.041,136.908,143.993,128.73,129.163
685.1,91.237,82.524,140.339,90.83,88.971,136.839,143.962,128.73,129.085
685.2,91.237,82.524,140.404,90.83,88.971,136.839,143.932,128.809,129.124
685.3,91.169,82.449,140.307,90.83,88.971,136.908,143.932,128.77,129.085
685.4,91.169,82.524,140.339,90.762,88.971,136.908,143.932,128.73,129.202
685.5,91.169,82.449,140.339,90.694,88.971,136.839,143.962,128.73,129.045
685.6,91.237,82.449,140.307,90.762,88.971,136.839,143.962,128.73,129.045
685.7,91.237,82.524,140.307,90.694,88.901,136.908,143.932,128.73,129.085
685.8,91.169,82.449,140.275,90.762,88.971,136.839,143.932,128.73,129.085
685.9,91.169,82.449,140.339,90.762,88.901,136.839,143.962,128.73,129.124
686.0,91.102,82.524,140.307,90.762,88.901,136.839,143.932,128.73,129.085
686.1,91.169,82.373,140.307,90.83,88.901,136.874,143.932,128.73,129.124
686.2,91.169,82.373,140.275,90.762,88.832,136.839,143.962,128.691,129.045
686.3,91.169,82.373,140.339,90.762,88.971,136.839,143.902,128.73,129.085
686.4,91.169,82.524,140.339,90.694,88.901,136.839,143.962,128.77,129.085
686.5,91.237,82.449,140.275,90.762,88.901,136.908,143.932,128.73,129.045
686.6,91.169,82.298,140.339,90.762,88.832,136.839,143.962,128.73,129.045
686.7,91.169,82.373,140.177,90.762,88.832,136.874,143.902,128.691,129.085
686.8,91.169,82.298,140.307,90.762,88.762,136.839,143.932,128.73,129.045
686.9,91.102,82.373,140.307,90.694,88.762,136.874,143.993,128.77,129.163
687.0,91.102,82.298,140.275,90.83,88.971,136.839,143.962,128.73,129.006
687.1,91.102,82.373,140.307,90.694,88.762,136.839,143.932,128.73,129.045
687.2,91.169,82.298,140.307,90.762,88.832,136.839,143.932,128.73,129.163
687.3,91.102,82.298,140.339,90.762,88.762,136.839,143.932,128.691,129.085
687.4,91.102,82.298,140.275,90.694,88.762,136.805,143.932,128.73,129.124
687.5,91.102,82.298,140.275,90.762,88.762,136.839,143.932,128.691,129.045
687.6,91.237,82.222,140.307,90.762,88.832,136.805,143.962,128.691,129.085
687.7,91.102,82.298,140.307,90.762,88.832,136.839,143.932,128.77,129.045
687.8,91.102,82.298,140.307,90.694,88.692,136.874,143.993,128.73,129.085
687.9,91.102,82.222,140.307,90.762,88.692,136.839,143.902,128.77,129.045
688.0,91.102,82.298,140.307,90.762,88.692,136.839,143.932,128.77,129.045
688.1,91.169,82.222,140.242,90.694,88.692,136.805,143.962,128.73,129.085
688.2,91.102,82.147,140.307,90.694,88.622,136.805,143.932,128.73,129.045
688.3,91.169,82.222,140.275,90.762,88.692,136.805,143.902,128.73,129.045
688.4,91.102,82.147,140.275,90.694,88.692,136.805,144.023,128.73,129.085
688.5,91.102,82.222,140.307,90.762,88.692,136.874,143.932,128.73,129.085
688.6,91.102,82.147,140.275,90.762,88.622,136.839,143.932,128.73,129.045
688.7,91.102,82.147,140.275,90.694,88.622,136.771,143.932,128.77,129.006
688.8,91.102,82.298,140.242,90.762,88.552,136.805,143.902,128.73,129.085
688.9,91.169,82.071,140.275,90.83,88.552,136.839,143.932,128.77,129.085
689.0,91.102,82.071,140.275,90.694,88.552,136.771,144.023,128.73,129.045
689.1,91.102,82.147,140.339,90.694,88.552,136.771,143.962,128.77,129.085
689.2,91.034,82.071,140.275,90.694,88.552,136.805,143.932,128.73,129.045
689.3,91.102,82.147,140.177,90.762,88.482,136.839,143.902,128.691,129.085
689.4,91.169,82.071,140.275,90.694,88.552,136.805,143.872,128.73,129.045
689.5,91.102,81.919,140.275,90.762,88.482,136.771,143.962,128.73,129.085
689.6,91.102,81.995,140.275,90.762,88.552,136.805,143.932,128.73,129.045
689.7,91.102,82.071,140.275,90.694,88.412,136.839,143.902,128.691,129.085
689.8,91.102,81.995,140.307,90.694,88.482,136.839,143.932,128.691,129.006
689.9,91.102,82.147,140.275,90.694,88.342,136.839,143.962,128.691,129.045
690.0,91.034,81.995,140.242,90.694,88.482,136.908,143.932,128.691,128.967
690.1,91.102,81.843,140.275,90.694,88.412,136.805,143.932,128.73,129.006
690.2,91.034,81.919,140.275,90.694,88.412,136.805,143.932,128.73,129.045
690.3,91.034,81.919,140.307,90.694,88.482,136.805,143.902,128.651,129.045
690.4,91.034,81.995,140.307,90.694,88.412,136.805,143.932,128.691,129.045
690.5,91.102,81.919,140.242,90.694,88.272,136.839,143.902,128.77,129.045
690.6,91.102,81.919,140.275,90.694,88.412,136.805,143.993,128.73,129.045
690.7,91.102,81.919,140.242,90.626,88.342,136.805,143.872,128.691,129.006
690.8,91.102,81.843,140.242,90.694,88.412,136.805,143.932,128.651,129.006
690.9,91.034,81.843,140.275,90.626,88.201,136.771,143.902,128.691,129.045
691.0,91.169,81.995,140.275,90.762,88.412,136.805,143.932,128.77,129.124
691.1,91.102,81.767,140.275,90.694,88.272,136.805,143.902,128.691,129.045
691.2,91.169,81.919,140.242,90.694,88.272,136.805,143.932,128.691,129.085
691.3,91.102,81.919,140.242,90.626,88.201,136.771,143.962,128.691,129.085
691.4,91.102,81.843,140.275,90.694,88.272,136.805,143.932,128.73,129.045
691.5,91.034,81.843,140.307,90.626,88.201,136.805,143.962,128.77,129.085
691.6,91.102,81.843,140.307,90.694,88.201,136.805,143.932,128.73,129.006
691.7,91.034,81.767,140.275,90.694,88.061,136.771,143.902,128.691,129.045
691.8,91.034,81.767,140.307,90.694,88.272,136.805,143.932,128.77,129.085
691.9,91.034,81.691,140.242,90.762,88.201,136.771,143.932,128.691,129.085
692.0,91.034,81.843,140.242,90.626,88.201,136.805,143.962,128.691,129.045
692.1,91.034,81.767,140.242,90.626,88.201,136.805,143.902,128.691,129.045
692.2,91.034,81.843,140.242,90.557,88.201,136.771,143.932,128.77,129.006
692.3,91.034,81.767,140.177,90.694,88.131,136.805,143.993,128.691,129.202
692.4,91.102,81.767,140.242,90.626,88.061,136.771,143.872,128.691,129.045
692.5,91.102,81.767,140.242,90.694,88.201,136.805,143.902,128.691,129.085
692.6,90.966,81.767,140.21,90.557,88.131,136.771,143.902,128.691,129.045
692.7,91.102,81.691,140.242,90.694,88.061,136.839,143.932,128.691,129.085
692.8,91.102,81.691,140.242,90.626,88.131,136.771,143.902,128.73,129.006
692.9,91.034,81.691,140.242,90.626,88.131,136.771,143.962,128.691,128.967
693.0,91.102,81.615,140.177,90.626,88.131,136.771,143.902,128.612,129.045
693.1,91.034,81.615,140.242,90.694,88.131,136.771,143.932,128.73,129.085
693.2,91.034,81.615,140.307,90.694,87.99,136.805,143.902,128.691,129.045
693.3,91.169,81.615,140.275,90.694,88.061,136.839,143.902,128.691,129.124
693.4,90.966,81.615,140.21,90.694,88.061,136.771,143.902,128.73,129.006
693.5,91.034,81.691,140.177,90.626,88.131,136.771,143.902,128.849,129.045
693.6,91.034,81.615,140.275,90.694,88.061,136.736,143.993,128.651,129.045
693.7,90.898,81.539,140.21,90.694,87.99,136.805,143.962,128.651,129.202
693.8,91.034,81.615,140.242,90.557,87.99,136.736,143.902,128.691,129.085
693.9,91.034,81.539,140.275,90.694,88.061,136.771,143.902,128.691,129.085
694.0,91.034,81.539,140.21,90.694,87.99,136.771,143.902,128.691,129.045
694.1,91.102,81.539,140.242,90.762,88.061,136.771,143.872,128.691,129.045
694.2,91.102,81.615,140.21,90.626,87.92,136.805,143.902,128.691,129.045
694.3,91.034,81.615,140.21,90.694,87.92,136.805,143.932,128.651,129.045
694.4,91.034,81.539,140.21,90.694,87.92,136.771,143.902,128.691,129.085
694.5,91.169,81.539,140.307,90.626,87.849,136.805,143.902,128.691,129.045
694.6,91.102,81.539,140.242,90.626,87.92,136.771,143.872,128.691,129.085
694.7,90.966,81.539,140.177,90.557,87.99,136.771,143.902,128.691,129.006
694.8,90.966,81.386,140.242,90.694,87.92,136.736,143.902,128.651,129.045
694.9,91.102,81.615,140.242,90.626,87.778,136.805,143.902,128.691,129.006
695.0,90.966,81.463,140.242,90.694,87.778,136.771,143.902,128.691,129.045
695.1,91.034,81.463,140.21,90.626,87.99,136.771,143.872,128.691,129.045
695.2,91.034,81.386,140.21,90.626,87.778,136.771,143.902,128.809,129.045
695.3,91.102,81.386,140.21,90.626,87.708,136.736,143.902,128.691,129.006
695.4,91.034,81.386,140.242,90.626,87.92,136.771,143.902,128.651,129.006
695.5,91.169,81.386,140.177,90.626,87.778,136.839,143.872,128.691,129.006
695.6,91.034,81.386,140.242,90.694,87.778,136.771,143.902,128.691,129.045
695.7,91.034,81.386,140.21,90.626,87.99,136.702,143.932,128.691,129.006
695.8,90.898,81.463,140.177,90.626,87.849,136.736,143.932,128.691,129.006
695.9,90.966,81.31,140.21,90.557,87.778,136.771,143.841,128.691,129.006
696.0,90.966,81.386,140.21,90.626,87.778,136.736,143.872,128.691,129.006
696.1,90.966,81.31,140.21,90.626,87.708,136.771,143.841,128.651,129.006
696.2,90.966,81.31,140.21,90.694,87.637,136.736,143.902,128.691,129.045
696.3,90.966,81.31,140.275,90.626,87.637,136.736,143.902,128.691,129.006
696.4,90.966,81.31,140.177,90.626,87.708,136.736,143.902,128.651,129.006
696.5,90.966,81.234,140.177,90.694,87.637,136.805,143.962,128.691,129.085
696.6,91.034,81.234,140.21,90.626,87.708,136.736,143.811,128.691,129.085
696.7,90.966,81.31,140.242,90.694,87.637,136.736,143.902,128.691,129.006
696.8,90.966,81.234,140.21,90.626,87.637,136.736,143.902,128.691,129.045
696.9,90.83,81.31,140.177,90.626,87.637,136.736,143.902,128.77,129.006
697.0,90.966,81.157,140.21,90.557,87.566,136.736,143.872,128.691,129.045
697.1,91.034,81.234,140.275,90.626,87.637,136.736,143.872,128.691,129.045
697.2,90.966,81.234,140.177,90.626,87.708,136.736,143.962,128.691,129.045
697.3,90.966,81.234,140.145,90.557,87.566,136.736,143.902,128.691,129.006
697.4,90.966,81.234,140.21,90.626,87.637,136.736,143.902,128.691,129.045
697.5,91.034,81.157,140.177,90.626,87.637,136.736,143.902,128.73,129.006
697.6,90.898,81.157,140.242,90.557,87.566,136.736,143.902,128.73,129.006
697.7,90.898,81.234,140.145,90.626,87.566,136.805,143.872,128.691,129.006
697.8,90.966,81.234,140.145,90.557,87.566,136.771,143.872,128.651,128.927
697.9,91.034,81.157,140.08,90.489,87.424,136.736,143.902,128.651,129.085
698.0,90.966,81.234,140.242,90.557,87.495,136.771,143.841,128.73,129.045
698.1,91.034,81.157,140.177,90.557,87.495,136.736,143.902,128.691,129.006
698.2,90.966,81.157,140.145,90.626,87.424,136.736,143.841,128.691,129.045
698.3,90.966,81.157,140.177,90.557,87.566,136.736,143.932,128.73,129.006
698.4,90.966,81.08,140.145,90.557,87.495,136.736,143.872,128.651,129.045
698.5,90.966,81.08,140.145,90.557,87.424,136.702,143.872,128.691,129.045
698.6,90.83,81.004,140.145,90.557,87.424,136.736,143.902,128.73,129.006
698.7,90.966,81.08,140.113,90.557,87.424,136.736,143.872,128.691,129.085
698.8,90.966,81.08,140.21,90.626,87.353,136.736,143.902,128.691,129.006
698.9,90.966,81.08,140.177,90.557,87.495,136.702,143.902,128.691,129.006
699.0,90.898,81.08,140.177,90.557,87.424,136.736,143.872,128.691,129.085
699.1,90.898,81.08,140.21,90.557,87.353,136.805,143.872,128.651,129.045
699.2,90.966,81.08,140.21,90.489,87.424,136.736,143.902,128.651,129.006
699.3,90.966,81.004,140.21,90.489,87.424,136.771,143.932,128.73,129.085
699.4,90.898,81.08,140.177,90.626,87.353,136.736,143.902,128.691,128.967
699.5,90.898,81.004,140.145,90.557,87.282,136.702,143.902,128.691,129.006
699.6,90.966,81.004,140.177,90.557,87.424,136.702,143.872,128.691,129.045
699.7,90.898,80.927,140.177,90.626,87.353,136.702,143.902,128.651,129.006
699.8,90.966,81.004,140.177,90.557,87.353,136.736,143.811,128.651,129.006
699.9,90.898,81.004,140.145,90.626,87.353,136.667,143.872,128.651,129.006
