750.0,102.672,69.535,139.95,101.851,75.539,137.011,143.72,131.169,131.32
750.1,102.788,69.535,139.95,101.851,75.539,137.011,143.72,131.093,131.282
750.2,102.73,69.71,139.95,101.792,75.458,137.011,143.751,131.169,131.32
750.3,102.788,69.535,139.95,101.792,75.458,137.011,143.72,131.131,131.32
750.4,102.73,69.535,139.95,101.851,75.458,137.011,143.751,131.169,131.32
750.5,102.788,69.623,139.983,101.792,75.539,137.011,143.72,131.131,131.32
750.6,102.73,69.535,139.95,101.851,75.458,136.977,143.781,131.131,131.282
750.7,102.73,69.535,139.95,101.792,75.458,137.011,143.72,131.169,131.282
750.8,102.788,69.535,139.95,101.851,75.458,136.977,143.72,131.131,131.358
750.9,102.788,69.623,139.95,101.792,75.539,137.045,143.72,131.131,131.282
751.0,102.73,69.535,139.918,101.91,75.539,137.045,143.751,131.131,131.32
751.1,102.788,69.535,139.95,101.792,75.539,137.045,143.72,131.055,131.32
751.2,102.788,69.623,139.82,101.792,75.539,137.045,143.751,131.131,131.282
751.3,102.788,69.535,140.015,101.851,75.539,136.977,143.72,131.207,131.32
751.4,102.846,69.623,139.95,101.91,75.458,137.011,143.751,131.131,131.282
751.5,102.788,69.535,139.95,101.91,75.458,137.045,143.72,131.131,131.282
751.6,102.846,69.623,139.95,101.851,75.458,137.011,143.72,131.169,131.32
751.7,102.788,69.623,139.983,101.91,75.539,137.011,143.751,131.169,131.32
751.8,102.788,69.623,139.918,101.851,75.458,136.977,143.69,131.169,131.282
751.9,102.846,69.535,139.95,101.851,75.458,137.011,143.72,131.207,131.358
752.0,102.788,69.535,139.95,101.792,75.376,137.045,143.72,131.169,131.358
752.1,102.788,69.623,139.95,101.792,75.458,137.011,143.69,131.169,131.32
752.2,102.846,69.535,139.918,101.792,75.458,136.977,143.72,131.169,131.32
752.3,102.846,69.623,139.95,101.851,75.458,137.011,143.811,131.207,131.282
752.4,102.788,69.535,139.95,101.792,75.458,137.011,143.69,131.131,131.32
752.5,102.788,69.535,139.95,101.851,75.376,137.148,143.751,131.093,131.245
752.6,102.904,69.535,139.95,101.792,75.458,136.977,143.751,131.207,131.32
752.7,102.846,69.623,139.983,101.851,75.376,137.011,143.751,131.131,131.282
752.8,102.846,69.535,139.918,101.792,75.458,137.011,143.72,131.169,131.282
752.9,102.846,69.623,139.983,101.792,75.458,137.011,143.72,131.131,131.32
753.0,102.788,69.535,139.95,101.851,75.458,137.045,143.72,131.169,131.32
753.1,102.846,69.535,139.95,101.851,75.458,137.011,143.69,131.32,131.282
753.2,102.904,69.448,139.983,101.851,75.458,137.011,143.69,131.131,131.32
753.3,102.904,69.535,139.95,101.91,75.376,136.977,143.69,131.131,131.32
753.4,102.846,69.71,139.983,101.851,75.376,137.011,143.751,131.131,131.282
753.5,102.846,69.535,139.983,101.792,75.458,136.977,143.659,131.245,131.282
753.6,102.846,69.623,139.918,101.792,75.376,136.943,143.72,131.131,131.32
753.7,102.846,69.623,139.95,101.792,75.376,137.011,143.659,131.131,131.32
753.8,102.904,69.623,139.918,101.792,75.458,137.011,143.751,131.169,131.282
753.9,102.904,69.535,139.95,101.851,75.376,137.011,143.72,131.169,131.32
754.0,102.846,69.535,139.95,101.91,75.376,136.977,143.69,131.131,131.32
754.1,102.904,69.623,139.95,101.851,75.458,137.045,143.69,131.131,131.282
754.2,102.788,69.623,139.983,101.851,75.376,137.011,143.751,131.169,131.282
754.3,102.846,69.623,139.95,101.792,75.376,136.977,143.751,131.131,131.282
754.4,102.904,69.623,139.95,101.851,75.376,137.011,143.72,131.131,131.282
754.5,102.904,69.623,139.95,101.851,75.376,137.011,143.69,131.169,131.282
754.6,102.963,69.535,139.95,101.851,75.458,136.977,143.69,131.131,131.282
754.7,102.963,69.535,139.918,101.792,75.294,137.045,143.69,131.131,131.32
754.8,102.904,69.535,140.015,101.851,75.376,136.977,143.69,131.055,131.32
754.9,102.904,69.797,139.95,101.792,75.376,137.011,143.811,131.169,131.282
755.0,102.846,69.623,139.918,101.851,75.376,136.977,143.751,131.169,131.282
755.1,102.904,69.535,139.918,101.792,75.376,136.977,143.69,131.131,131.282
755.2,102.904,69.535,140.08,101.851,75.376,136.977,143.751,131.169,131.32
755.3,102.904,69.623,139.983,101.792,75.376,137.011,143.69,131.093,131.282
755.4,102.963,69.623,139.885,101.91,75.376,136.977,143.69,131.131,131.32
755.5,102.963,69.623,139.918,101.851,75.376,137.011,143.69,131.131,131.245
755.6,102.904,69.623,139.885,101.91,75.376,136.977,143.72,131.131,131.32
755.7,103.021,69.535,139.95,101.851,75.376,137.011,143.811,131.207,131.32
755.8,102.963,69.623,139.918,101.851,75.376,136.977,143.69,131.131,131.282
755.9,102.904,69.623,139.918,101.91,75.376,136.977,143.72,131.207,131.282
756.0,102.904,69.623,139.95,101.851,75.294,137.011,143.69,131.169,131.282
756.1,102.963,69.71,139.95,101.91,75.376,137.011,143.811,131.169,131.282
756.2,103.079,69.71,139.95,101.851,75.376,136.977,143.72,131.169,131.282
756.3,103.079,69.623,139.983,101.792,75.294,137.045,143.69,131.169,131.32
756.4,103.079,69.535,139.918,101.792,75.294,136.977,143.72,131.131,131.282
756.5,102.963,69.71,139.918,101.851,75.294,137.011,143.72,131.131,131.358
756.6,102.963,69.623,140.015,101.851,75.294,137.011,143.72,131.131,131.282
756.7,103.021,69.623,139.885,101.851,75.294,136.977,143.72,131.169,131.245
756.8,103.079,69.535,139.983,101.851,75.376,137.011,143.69,131.093,131.282
756.9,103.021,69.535,139.95,101.851,75.294,137.011,143.69,131.169,131.245
757.0,103.021,69.623,139.918,101.851,75.294,137.011,143.72,131.131,131.282
757.1,103.021,69.623,139.95,101.851,75.294,136.977,143.69,131.169,131.282
757.2,102.963,69.623,139.95,101.91,75.294,136.977,143.72,131.131,131.32
757.3,102.963,69.623,139.95,101.851,75.376,136.977,143.751,131.169,131.282
757.4,102.963,69.71,139.918,101.851,75.212,137.011,143.659,131.131,131.282
757.5,102.963,69.623,139.983,101.851,75.294,136.943,143.72,131.169,131.32
757.6,102.963,69.535,139.95,101.851,75.458,137.011,143.72,131.093,131.32
757.7,103.021,69.623,139.95,101.851,75.294,137.011,143.69,131.169,131.245
757.8,103.137,69.71,139.918,101.851,75.294,137.08,143.69,131.093,131.282
757.9,102.963,69.623,139.983,101.851,75.294,136.977,143.69,131.131,131.282
758.0,103.079,69.71,139.95,101.91,75.294,136.977,143.72,131.169,131.282
758.1,102.904,69.623,139.95,101.851,75.376,136.977,143.811,131.093,131.245
758.2,103.079,69.623,139.95,101.91,75.294,136.977,143.659,131.131,131.32
758.3,103.021,69.71,139.918,101.91,75.294,136.977,143.751,131.131,131.245
758.4,103.079,69.71,139.885,101.851,75.294,136.977,143.72,131.131,131.282
758.5,103.021,69.623,139.885,101.91,75.294,137.011,143.72,131.169,131.282
758.6,103.021,69.623,139.95,101.91,75.294,136.977,143.72,131.131,131.169
758.7,103.079,69.623,139.918,101.792,75.376,136.977,143.659,131.131,131.245
758.8,103.137,69.71,139.95,101.792,75.376,136.977,143.751,131.093,131.32
758.9,103.079,69.623,139.983,101.91,75.294,137.045,143.781,131.093,131.32
759.0,103.021,69.623,139.983,101.91,75.294,136.943,143.72,131.169,131.245
759.1,103.079,69.797,139.95,101.91,75.376,137.011,143.72,131.131,131.282
759.2,103.079,69.623,139.918,101.91,75.294,136.977,143.72,131.131,131.282
759.3,103.079,69.71,139.983,102.028,75.294,137.011,143.69,131.169,131.32
759.4,103.021,69.623,139.885,101.91,75.294,137.011,143.751,131.131,131.282
759.5,103.021,69.71,139.95,101.91,75.294,136.977,143.69,131.169,131.282
759.6,103.079,69.623,139.918,101.969,75.294,136.977,143.751,131.169,131.282
759.7,103.137,69.71,139.95,101.91,75.294,136.977,143.72,131.055,131.282
759.8,103.137,69.71,139.918,101.91,75.376,137.011,143.659,131.169,131.245
759.9,103.021,69.623,139.918,101.851,75.294,137.011,143.69,131.093,131.282
760.0,103.079,69.623,139.95,101.91,75.376,136.977,143.72,131.169,131.32
760.1,103.079,69.71,139.918,101.792,75.376,136.977,143.811,131.131,131.282
760.2,103.137,69.71,139.95,101.91,75.294,137.045,143.69,131.131,131.282
760.3,103.079,69.71,139.918,101.851,75.294,137.045,143.72,131.131,131.282
760.4,103.079,69.623,139.95,101.91,75.294,137.045,143.72,131.131,131.282
760.5,103.195,69.71,139.95,101.851,75.294,136.977,143.69,131.093,131.32
760.6,103.137,69.448,139.918,101.851,75.376,137.011,143.69,131.131,131.282
760.7,103.079,69.884,139.918,101.91,75.294,136.977,143.69,131.169,131.32
760.8,103.195,69.71,139.95,101.91,75.294,137.011,143.69,131.169,131.32
760.9,103.079,69.71,139.95,101.91,75.212,136.943,143.69,131.093,131.245
761.0,103.079,69.71,139.918,101.851,75.294,136.977,143.72,131.131,131.282
761.1,103.252,69.71,139.95,101.91,75.212,137.011,143.72,131.131,131.282
761.2,103.079,69.623,139.983,101.851,75.294,136.943,143.659,131.055,131.245
761.3,103.079,69.71,139.95,101.91,75.458,136.977,143.69,131.131,131.282
761.4,103.137,69.71,139.918,101.91,75.294,136.977,143.69,131.131,131.245
761.5,103.079,69.71,139.918,101.91,75.458,137.011,143.69,131.131,131.32
761.6,103.137,69.71,139.918,101.851,75.376,136.977,143.751,131.017,131.245
761.7,103.137,69.71,139.95,101.91,75.294,137.011,143.69,131.131,131.282
761.8,103.137,69.71,139.95,101.91,75.294,136.977,143.69,131.169,131.282
761.9,103.137,69.71,139.918,101.91,75.294,136.943,143.69,131.093,131.282
762.0,103.195,69.71,139.95,101.91,75.376,136.943,143.72,131.169,131.282
762.1,103.137,69.71,139.95,101.91,75.294,136.943,143.72,131.169,131.245
762.2,103.137,69.71,139.918,101.969,75.294,136.977,143.69,131.169,131.207
762.3,103.195,69.71,139.983,101.969,75.212,136.943,143.72,131.131,131.245
762.4,103.079,69.797,139.918,101.91,75.294,137.011,143.751,131.169,131.32
762.5,103.31,69.71,139.95,101.851,75.294,136.943,143.69,131.207,131.32
762.6,103.195,69.797,139.95,101.91,75.294,136.977,143.69,131.131,131.282
762.7,103.195,69.797,139.918,101.91,75.376,136.977,143.69,131.131,131.32
762.8,103.195,69.71,139.983,101.969,75.376,136.943,143.69,131.169,131.245
762.9,103.195,69.884,139.95,101.91,75.294,136.977,143.659,131.131,131.282
763.0,103.195,69.797,139.918,101.851,75.376,136.943,143.69,131.093,131.32
763.1,103.252,69.71,139.885,101.91,75.294,136.977,143.72,131.169,131.32
763.2,103.137,69.797,139.918,101.91,75.212,136.977,143.72,131.093,131.32
763.3,103.195,69.71,139.918,101.91,75.294,136.977,143.72,131.169,131.245
763.4,103.195,69.797,139.95,101.969,75.294,136.977,143.751,131.131,131.282
763.5,103.368,69.797,139.95,101.91,75.294,137.011,143.72,131.093,131.282
763.6,103.252,69.797,139.95,101.91,75.294,137.08,143.69,131.169,131.282
763.7,103.195,69.797,139.95,101.969,75.294,136.943,143.69,131.169,131.245
763.8,103.31,69.797,139.983,101.91,75.294,136.977,143.751,131.245,131.282
763.9,103.195,69.797,139.918,101.91,75.294,136.977,143.629,131.093,131.282
764.0,103.195,69.797,139.918,101.969,75.212,136.977,143.751,131.093,131.282
764.1,103.252,69.797,139.983,101.91,75.212,136.977,143.69,131.131,131.282
764.2,103.252,69.797,139.95,101.969,75.294,136.977,143.69,131.131,131.282
764.3,103.252,69.797,139.918,101.91,75.376,136.977,143.72,131.131,131.245
764.4,103.195,69.797,139.918,101.91,75.294,136.977,143.659,131.131,131.282
764.5,103.195,69.797,139.918,101.91,75.212,136.977,143.72,131.131,131.282
764.6,103.252,69.884,139.95,102.028,75.294,136.977,143.69,131.131,131.282
764.7,103.252,69.797,139.95,101.91,75.376,136.908,143.69,131.131,131.282
764.8,103.31,69.797,139.918,101.969,75.294,136.943,143.659,131.131,131.282
764.9,103.252,69.797,139.918,101.91,75.294,136.977,143.659,131.131,131.32
765.0,103.195,69.797,139.95,101.91,75.212,136.977,143.69,131.131,131.32
765.1,103.368,69.884,139.918,102.086,75.294,137.011,143.72,131.093,131.282
765.2,103.31,69.884,139.918,101.969,75.13,136.977,143.69,131.093,131.32
765.3,103.31,69.797,139.918,101.91,75.294,136.977,143.69,131.169,131.32
765.4,103.252,69.797,139.95,101.969,75.212,137.011,143.69,131.131,131.282
765.5,103.31,69.797,139.983,101.91,75.212,136.943,143.69,131.131,131.245
765.6,103.252,69.797,139.82,101.91,75.212,136.977,143.72,131.131,131.282
765.7,103.31,69.884,139.885,101.969,75.294,136.977,143.72,131.131,131.358
765.8,103.137,69.884,139.918,101.969,75.294,136.977,143.69,131.169,131.282
765.9,103.31,69.797,139.983,101.969,75.212,136.977,143.72,131.169,131.282
766.0,103.31,69.797,139.885,101.969,75.294,137.045,143.659,131.093,131.282
766.1,103.31,69.884,139.983,101.969,75.212,136.943,143.72,131.169,131.358
766.2,103.252,69.971,139.95,101.969,75.212,136.977,143.659,131.131,131.245
766.3,103.252,69.797,139.918,102.028,75.294,136.977,143.69,131.055,131.245
766.4,103.31,69.797,139.885,101.91,75.458,136.977,143.69,131.093,131.245
766.5,103.31,69.797,139.918,101.969,75.294,136.977,143.69,131.131,131.282
766.6,103.368,69.884,139.95,101.91,75.212,137.011,143.69,131.131,131.245
766.7,103.31,69.797,139.918,102.028,75.294,137.011,143.69,131.131,131.282
766.8,103.368,69.797,139.918,101.969,75.376,136.943,143.69,131.169,131.207
766.9,103.368,69.797,139.885,101.969,75.294,136.874,143.659,131.169,131.32
767.0,103.31,69.884,139.918,101.91,75.294,136.943,143.69,131.282,131.245
767.1,103.31,69.971,139.918,101.969,75.294,136.977,143.69,131.131,131.245
767.2,103.195,69.971,139.918,101.969,75.294,136.977,143.69,131.131,131.282
767.3,103.368,69.797,139.95,101.969,75.294,136.977,143.72,131.169,131.282
767.4,103.368,69.884,139.95,101.969,75.212,136.977,143.751,131.131,131.282
767.5,103.31,69.884,139.918,101.969,75.294,136.943,143.69,131.131,131.32
767.6,103.368,69.884,139.95,101.969,75.212,136.977,143.69,131.093,131.358
767.7,103.368,69.884,139.918,101.969,75.212,136.977,143.69,131.169,131.32
767.8,103.426,69.884,139.918,102.028,75.294,136.977,143.72,131.131,131.245
767.9,103.426,69.884,139.918,101.91,75.294,136.977,143.72,131.169,131.282
768.0,103.31,69.884,139.885,101.91,75.294,136.943,143.599,131.131,131.245
768.1,103.368,69.884,139.918,102.086,75.294,136.943,143.69,131.169,131.245
768.2,103.31,69.971,139.95,101.91,75.047,137.045,143.72,131.131,131.245
768.3,103.426,70.058,139.918,101.969,75.294,136.977,143.69,131.131,131.32
768.4,103.426,69.884,139.95,101.969,75.212,136.977,143.69,131.131,131.282
768.5,103.426,69.971,139.983,101.91,75.294,136.977,143.69,131.169,131.282
768.6,103.31,69.884,139.918,101.969,75.294,136.977,143.69,131.169,131.32
768.7,103.368,69.971,139.95,101.969,75.294,136.943,143.72,131.131,131.282
768.8,103.368,69.797,139.918,101.969,75.376,136.943,143.69,131.131,131.282
768.9,103.426,69.971,139.95,102.086,75.294,136.943,143.69,131.169,131.282
769.0,103.252,69.884,139.918,102.028,75.294,136.943,143.72,131.131,131.282
769.1,103.368,69.884,139.918,101.969,75.212,136.977,143.69,131.131,131.32
769.2,103.31,69.971,139.95,101.969,75.294,136.943,143.69,131.131,131.282
769.3,103.426,69.971,139.885,101.91,75.212,136.943,143.72,131.169,131.282
769.4,103.483,69.884,139.918,101.969,75.294,136.977,143.69,131.169,131.282
769.5,103.426,69.971,139.95,101.969,75.294,136.977,143.659,131.131,131.282
769.6,103.426,69.971,139.95,101.851,75.376,136.977,143.69,131.131,131.282
769.7,103.368,69.971,139.918,101.969,75.294,136.943,143.69,131.131,131.245
769.8,103.483,69.971,139.95,102.028,75.294,137.011,143.72,131.055,131.358
769.9,103.426,69.971,139.95,101.969,75.294,136.977,143.72,131.093,131.282
770.0,103.252,70.058,139.918,101.969,75.294,136.977,143.72,131.169,131.396
770.1,103.426,70.058,139.95,101.969,75.294,136.977,143.69,131.131,131.282
770.2,103.426,69.971,139.918,102.028,75.212,136.943,143.69,131.093,131.282
770.3,103.426,70.058,139.95,101.969,75.212,136.943,143.69,131.131,131.282
770.4,103.368,69.971,139.918,102.028,75.294,136.943,143.69,131.055,131.282
770.5,103.483,69.971,139.918,102.028,75.294,136.943,143.69,131.131,131.32
770.6,103.426,69.971,139.95,102.028,75.212,136.977,143.69,131.169,131.245
770.7,103.426,69.971,139.95,102.028,75.212,136.943,143.69,131.131,131.282
770.8,103.426,69.971,139.885,101.969,75.376,137.011,143.69,131.169,131.32
770.9,103.483,69.971,139.885,101.969,75.294,136.977,143.659,131.093,131.282
771.0,103.483,70.058,139.918,101.969,75.212,137.011,143.69,131.131,131.32
771.1,103.483,69.971,139.983,102.028,75.376,136.943,143.69,131.131,131.282
771.2,103.426,70.058,139.885,102.028,75.212,136.977,143.69,131.131,131.282
771.3,103.483,70.058,139.983,102.028,75.294,136.977,143.69,131.093,131.282
771.4,103.541,70.058,139.95,102.086,75.212,136.943,143.69,131.169,131.282
771.5,103.483,69.971,139.95,102.028,75.212,136.977,143.69,131.131,131.32
771.6,103.483,70.058,139.95,102.028,75.212,136.943,143.659,131.131,131.282
771.7,103.541,70.145,139.918,102.086,75.212,136.943,143.72,131.131,131.282
771.8,103.483,70.058,139.95,102.086,75.458,136.977,143.72,131.169,131.245
771.9,103.599,70.145,139.95,101.969,75.212,136.943,143.659,131.093,131.282
772.0,103.483,70.058,139.885,102.028,75.212,136.977,143.69,131.131,131.32
772.1,103.541,70.058,139.95,102.086,75.294,136.977,143.69,131.131,131.32
772.2,103.483,70.232,139.95,102.028,75.212,136.977,143.72,131.169,131.282
772.3,103.541,69.971,139.95,101.969,75.294,136.943,143.69,131.093,131.245
772.4,103.541,70.058,139.95,102.028,75.294,136.977,143.69,131.131,131.32
772.5,103.541,69.971,139.918,101.91,75.212,136.977,143.72,131.245,131.282
772.6,103.541,70.145,139.95,101.969,75.294,136.977,143.69,131.131,131.282
772.7,103.541,70.145,139.95,102.028,75.376,137.011,143.69,131.093,131.282
772.8,103.599,70.145,139.918,102.028,75.212,136.943,143.69,131.131,131.32
772.9,103.599,70.058,139.95,102.028,75.294,136.943,143.659,131.131,131.245
773.0,103.541,70.058,139.95,102.028,75.294,136.977,143.69,131.169,131.32
773.1,103.599,70.145,139.983,102.028,75.294,136.977,143.72,131.093,131.282
773.2,103.541,70.058,139.885,102.086,75.294,136.943,143.69,131.131,131.282
773.3,103.656,70.145,139.918,102.086,75.294,136.943,143.659,131.131,131.245
773.4,103.599,69.971,139.918,102.028,75.294,136.943,143.72,131.169,131.282
773.5,103.656,70.145,139.918,102.086,75.294,136.839,143.69,131.131,131.282
773.6,103.599,70.145,139.95,102.086,75.294,136.977,143.69,131.207,131.245
773.7,103.599,70.145,139.918,102.086,75.212,136.977,143.69,131.055,131.282
773.8,103.599,70.145,139.95,102.086,75.294,137.011,143.751,131.169,131.282
773.9,103.599,70.145,139.918,102.145,75.294,136.943,143.69,131.131,131.282
774.0,103.599,70.145,139.983,102.086,75.294,136.943,143.72,131.093,131.245
774.1,103.599,70.058,139.918,102.028,75.376,137.011,143.69,131.131,131.32
774.2,103.599,70.232,139.95,102.028,75.294,137.011,143.69,131.169,131.282
774.3,103.599,70.145,139.95,102.086,75.212,137.011,143.659,131.131,131.282
774.4,103.656,70.232,139.983,102.086,75.212,136.977,143.781,131.169,131.282
774.5,103.599,70.232,139.918,102.086,75.294,137.011,143.69,131.169,131.32
774.6,103.599,70.232,139.885,102.028,75.212,136.977,143.751,131.169,131.32
774.7,103.541,70.232,139.885,102.145,75.294,136.943,143.69,131.055,131.282
774.8,103.656,70.232,139.95,102.086,75.294,137.011,143.69,131.131,131.282
774.9,103.599,70.232,139.918,102.086,75.294,136.977,143.69,131.131,131.32
775.0,103.599,70.232,139.95,102.145,75.376,136.977,143.72,131.131,131.282
775.1,103.599,70.232,139.95,102.028,75.294,137.011,143.72,131.131,131.245
775.2,103.656,70.145,139.885,102.086,75.212,136.943,143.72,131.131,131.282
775.3,103.714,70.232,139.918,102.086,75.294,136.977,143.69,131.169,131.282
775.4,103.599,70.232,139.918,102.028,75.376,136.943,143.72,131.093,131.282
775.5,103.656,70.145,139.918,102.028,75.212,136.943,143.69,131.131,131.282
775.6,103.541,70.232,139.95,102.086,75.376,136.943,143.69,131.131,131.282
775.7,103.599,70.232,139.885,102.086,75.376,136.977,143.659,131.131,131.282
775.8,103.599,70.232,139.95,102.086,75.294,136.977,143.659,131.169,131.282
775.9,103.656,70.319,139.885,102.086,75.294,137.08,143.659,131.169,131.282
776.0,103.656,70.232,139.95,102.086,75.376,136.908,143.659,131.131,131.282
776.1,103.656,70.058,139.918,102.086,75.294,136.908,143.69,131.131,131.396
776.2,103.656,70.232,139.983,102.086,75.294,137.011,143.659,131.093,131.32
776.3,103.656,70.232,139.983,102.321,75.376,136.943,143.72,131.245,131.207
776.4,103.714,70.232,139.918,102.086,75.294,136.943,143.72,131.093,131.282
776.5,103.656,70.232,139.918,102.086,75.294,136.977,143.659,131.169,131.282
776.6,103.656,70.232,139.918,102.086,75.294,136.908,143.659,131.131,131.32
776.7,103.714,70.319,139.95,102.145,75.376,136.977,143.72,131.131,131.282
776.8,103.656,70.319,139.95,102.145,75.376,136.874,143.659,131.169,131.282
776.9,103.714,70.319,139.918,102.086,75.212,136.943,143.69,131.093,131.207
777.0,103.599,70.319,139.983,102.145,75.294,136.977,143.69,131.207,131.32
777.1,103.656,70.232,140.015,102.086,75.294,136.943,143.659,131.169,131.32
777.2,103.714,70.319,139.918,102.028,75.294,136.977,143.69,131.131,131.245
777.3,103.656,70.319,139.95,102.145,75.294,136.943,143.659,131.169,131.245
777.4,103.656,70.319,139.983,102.086,75.294,136.943,143.659,131.131,131.245
777.5,103.656,70.319,139.95,102.086,75.294,136.977,143.659,131.131,131.32
777.6,103.714,70.319,139.918,102.204,75.294,136.943,143.72,131.131,131.282
777.7,103.771,70.232,139.95,102.028,75.212,136.943,143.781,131.131,131.32
777.8,103.599,70.319,139.918,102.086,75.458,136.943,143.69,131.131,131.282
777.9,103.771,70.232,139.918,102.086,75.376,136.943,143.69,131.131,131.282
778.0,103.714,70.319,139.853,102.086,75.294,136.943,143.69,131.093,131.282
778.1,103.656,70.319,139.918,102.086,75.294,137.011,143.659,131.169,131.282
778.2,103.771,70.232,139.95,102.145,75.376,136.943,143.659,131.131,131.282
778.3,103.656,70.319,139.95,102.028,75.294,137.011,143.69,131.131,131.32
778.4,103.714,70.319,139.918,102.145,75.294,136.943,143.69,131.131,131.245
778.5,103.714,70.319,139.95,102.145,75.294,136.943,143.659,131.131,131.282
778.6,103.714,70.319,139.95,102.086,75.294,136.943,143.659,131.131,131.282
778.7,103.829,70.406,140.048,101.969,75.294,136.943,143.69,131.131,131.245
778.8,103.714,70.406,139.918,102.145,75.212,136.943,143.69,131.169,131.32
778.9,103.771,70.406,139.95,102.086,75.294,136.908,143.69,131.131,131.245
779.0,103.599,70.406,139.918,102.086,75.376,136.977,143.69,131.169,131.282
779.1,103.714,70.232,139.918,102.145,75.376,136.943,143.751,131.131,131.282
779.2,103.771,70.319,139.918,102.086,75.294,136.943,143.659,131.093,131.32
779.3,103.771,70.492,139.95,102.086,75.294,136.943,143.659,131.207,131.245
779.4,103.714,70.319,139.983,102.086,75.376,136.943,143.659,131.131,131.282
779.5,103.771,70.492,139.95,102.204,75.294,137.011,143.69,131.169,131.282
779.6,103.771,70.406,139.95,102.086,75.294,136.943,143.69,131.131,131.245
779.7,103.771,70.319,139.95,102.204,75.376,136.943,143.659,131.131,131.282
779.8,103.771,70.406,139.918,102.145,75.294,136.943,143.72,131.093,131.32
779.9,103.829,70.406,139.95,102.145,75.376,136.943,143.659,131.169,131.245
780.0,103.771,70.406,139.95,102.145,75.376,136.977,143.69,131.131,131.32
780.1,103.829,70.406,139.918,102.145,75.376,137.011,143.69,131.093,131.358
780.2,103.829,70.406,139.918,102.204,75.294,136.943,143.69,131.169,131.282
780.3,103.829,70.319,139.918,102.262,75.376,136.874,143.659,131.093,131.282
780.4,103.829,70.406,139.918,102.086,75.376,136.943,143.72,131.169,131.282
780.5,103.829,70.492,139.918,102.204,75.621,136.943,143.659,131.131,131.358
780.6,103.771,70.492,139.918,102.204,75.376,136.943,143.72,131.131,131.282
780.7,103.771,70.406,139.95,102.204,75.376,136.943,143.751,131.131,131.282
780.8,103.886,70.406,139.95,102.145,75.294,136.943,143.659,131.169,131.282
780.9,103.886,70.492,139.95,102.145,75.376,136.977,143.659,131.055,131.282
781.0,103.771,70.492,139.95,102.145,75.294,136.977,143.69,131.131,131.282
781.1,103.886,70.492,139.885,102.204,75.376,136.943,143.69,131.169,131.282
781.2,103.771,70.406,139.95,102.262,75.458,136.943,143.659,131.169,131.32
781.3,103.829,70.492,139.95,102.145,75.458,136.943,143.72,131.131,131.32
781.4,103.771,70.492,139.918,102.204,75.458,136.943,143.629,131.169,131.282
781.5,103.829,70.492,139.95,102.204,75.458,136.977,143.659,131.131,131.282
781.6,103.886,70.492,139.918,102.145,75.376,136.977,143.72,131.131,131.245
781.7,103.829,70.406,139.95,102.321,75.376,137.011,143.751,131.131,131.358
781.8,103.829,70.492,139.95,102.145,75.376,136.943,143.69,131.169,131.245
781.9,103.829,70.579,139.918,102.204,75.458,136.943,143.659,131.169,131.282
782.0,103.829,70.492,139.885,102.204,75.458,136.943,143.629,131.131,131.245
782.1,103.886,70.492,139.918,102.145,75.458,136.943,143.69,131.131,131.282
782.2,103.829,70.492,139.918,102.262,75.212,136.977,143.69,131.131,131.245
782.3,103.886,70.665,139.918,102.145,75.376,136.908,143.599,131.169,131.282
782.4,104.0,70.579,139.95,102.204,75.539,136.943,143.69,131.131,131.207
782.5,103.886,70.579,139.95,102.204,75.458,136.943,143.72,131.131,131.282
782.6,103.943,70.665,139.983,102.145,75.376,136.977,143.69,131.131,131.282
782.7,103.943,70.579,139.918,102.204,75.376,136.977,143.659,131.131,131.282
782.8,103.943,70.579,139.853,102.204,75.376,136.943,143.659,131.131,131.32
782.9,103.886,70.665,139.95,102.204,75.458,136.943,143.629,131.131,131.245
783.0,103.943,70.665,139.95,102.204,75.458,136.977,143.659,131.207,131.282
783.1,103.886,70.752,139.95,102.204,75.376,136.943,143.659,131.131,131.207
783.2,104.0,70.579,140.048,102.145,75.458,136.943,143.659,131.169,131.282
783.3,103.943,70.579,139.918,102.204,75.376,136.943,143.69,131.093,131.32
783.4,103.943,70.579,139.95,102.145,75.376,136.908,143.659,131.131,131.32
783.5,103.886,70.492,139.95,102.262,75.458,136.874,143.69,131.093,131.282
783.6,104.0,70.579,139.95,102.145,75.458,136.977,143.659,131.093,131.32
783.7,103.886,70.579,139.95,102.204,75.458,136.943,143.69,131.169,131.282
783.8,104.058,70.665,139.983,102.321,75.294,136.943,143.69,131.169,131.245
783.9,104.0,70.579,139.918,102.262,75.458,136.943,143.659,131.131,131.245
784.0,104.058,70.665,139.918,102.204,75.458,136.943,143.659,131.169,131.282
784.1,103.886,70.665,139.95,102.262,75.458,136.943,143.69,131.169,131.32
784.2,103.943,70.665,139.918,102.262,75.458,136.943,143.69,131.169,131.32
784.3,104.0,70.838,140.015,102.262,75.376,136.943,143.69,131.131,131.245
784.4,104.0,70.665,139.918,102.262,75.376,136.943,143.629,131.169,131.32
784.5,103.943,70.752,140.015,102.145,75.458,137.011,143.69,131.131,131.282
784.6,104.0,70.665,139.918,102.204,75.458,136.943,143.72,131.169,131.282
784.7,104.058,70.752,139.95,102.262,75.376,136.943,143.69,131.093,131.282
784.8,103.943,70.752,139.918,102.321,75.376,137.045,143.69,131.131,131.32
784.9,104.0,70.752,139.95,102.204,75.458,136.943,143.72,131.131,131.282
785.0,104.058,70.752,139.885,102.204,75.376,136.943,143.69,131.131,131.32
785.1,103.943,70.752,139.95,102.321,75.376,136.943,143.599,131.169,131.282
785.2,104.0,70.752,139.95,102.204,75.458,136.977,143.72,131.131,131.282
785.3,103.943,70.665,140.015,102.262,75.458,136.977,143.629,131.131,131.282
785.4,103.943,70.665,139.885,102.262,75.539,136.943,143.69,131.093,131.207
785.5,103.943,70.752,139.918,102.204,75.458,136.943,143.751,131.131,131.282
785.6,104.0,70.838,139.983,102.262,75.458,136.943,143.69,131.207,131.245
785.7,104.058,70.752,139.983,102.204,75.376,136.908,143.659,131.131,131.282
785.8,104.0,70.752,139.918,102.204,75.539,136.977,143.629,131.131,131.32
785.9,104.058,70.752,140.015,102.262,75.458,136.977,143.659,131.131,131.282
786.0,104.0,70.838,139.95,102.204,75.458,136.943,143.659,131.169,131.245
786.1,104.0,70.752,139.918,102.204,75.458,136.943,143.659,131.131,131.282
786.2,104.0,70.665,139.983,102.262,75.458,136.908,143.69,131.131,131.282
786.3,104.058,70.752,139.95,102.262,75.458,136.977,143.629,131.131,131.32
786.4,104.0,70.752,139.95,102.262,75.376,136.943,143.659,131.093,131.245
786.5,104.0,70.838,139.95,102.262,75.539,136.943,143.659,131.093,131.282
786.6,104.115,70.752,139.983,102.321,75.539,136.943,143.72,131.093,131.245
786.7,104.115,70.838,139.918,102.262,75.539,136.839,143.659,131.131,131.32
786.8,104.0,70.838,139.95,102.262,75.458,137.011,143.72,131.131,131.282
786.9,104.058,70.838,139.95,102.262,75.458,136.977,143.659,131.093,131.282
787.0,104.058,70.838,140.08,102.204,75.458,136.977,143.659,131.169,131.245
787.1,104.229,70.838,139.95,102.262,75.539,136.943,143.659,131.131,131.245
787.2,104.058,70.924,139.95,102.262,75.539,136.943,143.69,131.169,131.358
787.3,104.058,70.838,139.983,102.262,75.539,136.943,143.659,131.055,131.282
787.4,104.058,70.838,139.918,102.321,75.539,136.943,143.659,131.169,131.282
787.5,104.115,70.838,139.95,102.321,75.458,136.943,143.659,131.169,131.282
787.6,104.172,70.838,139.918,102.262,75.458,136.943,143.659,131.169,131.245
787.7,104.115,70.838,139.918,102.262,75.458,136.943,143.69,131.169,131.169
787.8,104.058,70.924,140.015,102.262,75.458,136.874,143.659,131.245,131.358
787.9,104.115,70.924,139.918,102.262,75.458,136.943,143.69,131.282,131.282
788.0,104.115,70.924,139.918,102.262,75.458,136.977,143.659,131.207,131.282
788.1,104.115,70.752,139.983,102.321,75.539,136.943,143.69,131.131,131.245
788.2,104.115,71.01,139.95,102.321,75.539,136.977,143.69,131.093,131.32
788.3,104.172,70.924,139.918,102.321,75.458,136.943,143.659,131.131,131.245
788.4,104.172,70.838,139.95,102.321,75.539,136.977,143.69,131.131,131.32
788.5,104.115,71.01,139.95,102.321,75.539,136.943,143.659,131.169,131.245
788.6,104.172,70.924,139.983,102.321,75.458,136.943,143.659,131.131,131.245
788.7,104.115,71.182,139.983,102.262,75.539,136.977,143.659,131.131,131.282
788.8,104.172,71.01,139.95,102.321,75.539,137.045,143.659,131.169,131.358
788.9,104.115,71.01,139.983,102.321,75.539,136.943,143.629,131.131,131.282
789.0,104.115,71.01,139.95,102.262,75.703,136.977,143.599,131.131,131.282
789.1,104.172,70.924,139.885,102.321,75.458,136.943,143.659,131.093,131.282
789.2,104.172,70.924,140.048,102.262,75.539,136.908,143.659,131.055,131.245
789.3,104.058,70.924,139.95,102.262,75.703,136.908,143.69,131.131,131.282
789.4,104.115,71.01,139.95,102.321,75.539,137.08,143.629,131.169,131.32
789.5,104.172,70.924,139.918,102.262,75.539,136.908,143.72,131.131,131.245
789.6,104.229,71.01,139.95,102.321,75.539,137.011,143.629,131.169,131.282
789.7,104.115,71.01,139.95,102.438,75.621,136.943,143.72,131.131,131.282
789.8,104.172,70.924,140.015,102.38,75.539,136.943,143.659,131.093,131.282
789.9,104.229,71.01,139.95,102.321,75.539,136.908,143.659,131.093,131.282
790.0,104.172,71.096,139.95,102.38,75.539,136.943,143.69,131.169,131.282
790.1,104.229,71.01,139.918,102.38,75.621,136.943,143.659,131.131,131.245
790.2,104.229,71.01,139.95,102.38,75.458,136.943,143.72,131.207,131.245
790.3,104.172,71.096,139.95,102.438,75.621,136.943,143.599,131.131,131.282
790.4,104.172,71.096,139.885,102.321,75.621,136.908,143.69,131.358,131.282
790.5,104.172,71.096,139.95,102.321,75.539,136.943,143.629,131.093,131.32
790.6,104.115,71.096,139.95,102.321,75.621,136.943,143.69,131.169,131.282
790.7,104.343,71.096,139.95,102.321,75.621,137.011,143.659,131.131,131.282
790.8,104.286,71.01,139.918,102.38,75.539,136.977,143.72,131.169,131.282
790.9,104.229,71.182,139.95,102.38,75.539,136.943,143.72,131.131,131.245
791.0,104.229,71.268,139.95,102.321,75.539,136.943,143.69,131.093,131.207
791.1,104.286,71.096,139.918,102.321,75.539,136.943,143.629,131.169,131.245
791.2,104.229,71.096,139.918,102.321,75.703,137.011,143.751,131.169,131.282
791.3,104.229,71.096,139.983,102.38,75.703,136.943,143.629,131.093,131.282
791.4,104.229,71.096,139.95,102.438,75.621,136.908,143.69,131.093,131.32
791.5,104.286,71.096,139.95,102.321,75.703,136.943,143.659,131.131,131.282
791.6,104.172,71.096,139.95,102.321,75.703,136.943,143.629,131.131,131.245
791.7,104.286,71.096,139.95,102.38,75.621,136.943,143.72,131.207,131.282
791.8,104.343,71.182,139.95,102.321,75.621,136.908,143.659,131.131,131.245
791.9,104.229,71.096,139.918,102.321,75.539,136.943,143.629,131.131,131.282
792.0,104.286,71.182,139.95,102.321,75.703,136.908,143.629,131.055,131.245
792.1,104.286,71.182,139.983,102.38,75.621,136.977,143.659,131.169,131.207
792.2,104.343,71.182,139.918,102.38,75.621,136.977,143.659,131.169,131.282
792.3,104.286,71.096,139.95,102.38,75.621,136.874,143.69,131.131,131.32
792.4,104.343,71.182,139.95,102.38,75.539,136.908,143.659,131.131,131.245
792.5,104.343,71.182,139.95,102.438,75.621,136.943,143.659,131.169,131.282
792.6,104.229,71.096,139.983,102.38,75.621,136.943,143.69,131.131,131.282
792.7,104.286,71.268,139.918,102.38,75.703,136.943,143.629,131.093,131.282
792.8,104.343,71.01,139.983,102.38,75.621,136.874,143.69,131.131,131.396
792.9,104.286,71.268,139.95,102.38,75.621,136.977,143.69,131.131,131.282
793.0,104.286,71.182,139.95,102.438,75.621,136.943,143.659,131.131,131.245
793.1,104.343,71.182,139.95,102.321,75.621,136.908,143.659,131.131,131.282
793.2,104.286,71.354,140.015,102.438,75.703,136.908,143.659,131.131,131.32
793.3,104.286,71.354,139.95,102.38,75.539,136.943,143.69,131.093,131.282
793.4,104.343,71.268,139.918,102.38,75.703,136.943,143.69,131.131,131.282
793.5,104.343,71.268,139.95,102.321,75.621,136.943,143.659,131.131,131.282
793.6,104.343,71.354,139.983,102.438,75.621,136.943,143.629,131.131,131.32
793.7,104.343,71.354,139.918,102.38,75.621,136.943,143.659,131.131,131.282
793.8,104.286,71.268,139.983,102.438,75.703,136.943,143.751,131.093,131.282
793.9,104.286,71.268,139.95,102.38,75.703,136.943,143.69,131.169,131.282
794.0,104.286,71.268,139.95,102.438,75.621,136.943,143.659,131.131,131.282
794.1,104.286,71.268,139.983,102.38,75.621,136.874,143.659,131.131,131.32
794.2,104.343,71.268,139.918,102.38,75.621,136.943,143.659,131.169,131.282
794.3,104.286,71.354,139.983,102.38,75.621,136.943,143.659,131.131,131.32
794.4,104.343,71.268,139.95,102.38,75.784,136.977,143.72,131.131,131.32
794.5,104.4,71.268,139.983,102.38,75.621,136.943,143.659,131.131,131.282
794.6,104.343,71.354,139.983,102.38,75.703,136.943,143.629,131.093,131.358
794.7,104.343,71.268,139.918,102.438,75.621,136.943,143.69,131.131,131.32
794.8,104.4,71.354,140.048,102.38,75.703,136.977,143.659,131.131,131.282
794.9,104.4,71.439,140.048,102.438,75.703,136.943,143.659,131.169,131.245
795.0,104.4,71.354,139.95,102.38,75.784,136.943,143.659,131.131,131.282
795.1,104.4,71.439,139.983,102.38,75.703,136.943,143.659,131.093,131.245
795.2,104.343,71.268,139.95,102.438,75.703,137.045,143.659,131.131,131.282
795.3,104.4,71.439,139.95,102.38,75.703,136.943,143.659,131.169,131.358
795.4,104.229,71.439,139.918,102.38,75.703,136.943,143.69,131.131,131.282
795.5,104.343,71.354,140.08,102.321,75.784,136.943,143.629,131.131,131.282
795.6,104.4,71.354,139.95,102.438,75.784,136.908,143.659,131.131,131.282
795.7,104.4,71.439,139.95,102.438,75.784,136.943,143.659,131.131,131.282
795.8,104.4,71.354,139.95,102.438,75.703,136.943,143.659,131.131,131.358
795.9,104.457,71.354,139.95,102.438,75.866,136.908,143.659,131.169,131.282
796.0,104.343,71.439,140.015,102.438,75.784,136.943,143.659,131.131,131.245
796.1,104.4,71.439,139.95,102.438,75.784,136.943,143.69,131.131,131.245
796.2,104.4,71.439,139.885,102.438,75.866,137.011,143.659,131.169,131.32
796.3,104.4,71.525,140.048,102.438,75.703,136.908,143.69,131.169,131.282
796.4,104.343,71.439,140.015,102.497,75.703,136.943,143.659,131.131,131.245
796.5,104.457,71.439,139.983,102.438,75.784,136.943,143.659,131.169,131.282
796.6,104.457,71.439,139.983,102.438,75.784,136.943,143.659,131.131,131.282
796.7,104.4,71.525,139.95,102.438,75.784,136.943,143.659,131.131,131.282
796.8,104.457,71.439,139.95,102.438,75.703,136.874,143.69,131.093,131.32
796.9,104.457,71.61,139.983,102.438,75.784,136.943,143.659,131.131,131.282
797.0,104.571,71.525,139.95,102.497,75.784,136.977,143.659,131.131,131.358
797.1,104.457,71.439,139.95,102.438,75.784,136.943,143.659,131.093,131.282
797.2,104.4,71.525,139.95,102.497,75.703,136.943,143.659,131.131,131.282
797.3,104.457,71.525,139.983,102.438,75.866,136.943,143.629,131.131,131.282
797.4,104.457,71.61,139.983,102.497,75.784,136.943,143.659,131.131,131.32
797.5,104.514,71.525,140.015,102.497,75.784,136.908,143.659,131.169,131.282
797.6,104.514,71.61,139.95,102.438,75.866,136.943,143.69,131.131,131.32
797.7,104.457,71.61,139.983,102.555,75.784,136.943,143.629,131.169,131.245
797.8,104.457,71.61,139.95,102.613,75.784,136.977,143.69,131.207,131.32
797.9,104.571,71.525,139.918,102.497,75.866,136.908,143.69,131.131,131.282
798.0,104.457,71.61,139.983,102.438,75.784,136.943,143.659,131.093,131.245
798.1,104.457,71.525,139.95,102.497,75.784,136.943,143.659,131.131,131.245
798.2,104.457,71.525,139.983,102.497,75.784,136.977,143.659,131.131,131.282
798.3,104.571,71.61,139.983,102.497,75.784,136.977,143.69,131.245,131.282
798.4,104.457,71.525,139.983,102.497,75.866,136.943,143.599,131.169,131.282
798.5,104.571,71.61,139.983,102.497,75.866,136.943,143.659,131.131,131.245
798.6,104.571,71.696,139.95,102.438,75.784,136.943,143.69,131.169,131.245
798.7,104.457,71.525,140.015,102.497,75.703,136.943,143.69,131.282,131.282
798.8,104.4,71.61,139.95,102.497,75.784,136.943,143.72,131.131,131.32
798.9,104.457,71.61,139.918,102.497,75.866,136.908,143.629,131.169,131.245
799.0,104.514,71.696,140.015,102.497,75.784,136.943,143.659,131.169,131.282
799.1,104.571,71.696,139.95,102.497,75.784,136.908,143.69,131.169,131.282
799.2,104.514,71.696,139.918,102.555,75.784,136.977,143.659,131.131,131.282
799.3,104.514,71.61,139.95,102.497,75.866,136.908,143.659,131.131,131.282
799.4,104.571,71.61,139.95,102.438,75.866,136.943,143.659,131.169,131.282
799.5,104.571,71.696,139.918,102.438,75.784,136.977,143.629,131.131,131.282
799.6,104.514,71.696,139.983,102.438,75.784,136.977,143.659,131.131,131.282
799.7,104.514,71.61,139.983,102.497,75.866,136.977,143.659,131.093,131.282
799.8,104.628,71.696,139.983,102.497,75.866,136.943,143.72,131.169,131.282
799.9,104.457,71.696,139.983,102.555,75.866,136.943,143.659,131.131,131.32
800.0,104.571,71.867,140.015,102.497,75.784,136.977,143.659,131.169,131.282
800.1,104.4,71.781,139.95,102.497,75.866,136.943,143.659,131.131,131.245
800.2,104.628,71.696,139.95,102.497,75.947,136.943,143.659,131.169,131.282
800.3,104.571,71.781,139.983,102.497,75.947,136.943,143.659,131.169,131.245
800.4,104.571,71.781,139.95,102.613,75.947,136.908,143.659,131.169,131.245
800.5,104.571,71.696,139.983,102.497,75.866,136.943,143.629,131.131,131.282
800.6,104.571,71.781,139.983,102.497,75.866,136.977,143.659,131.169,131.32
800.7,104.628,71.781,139.95,102.497,75.866,136.943,143.69,131.131,131.32
800.8,104.571,71.781,139.95,102.555,75.947,136.977,143.659,131.169,131.282
800.9,104.571,71.781,139.918,102.555,76.029,136.977,143.72,131.093,131.32
801.0,104.628,71.781,139.95,102.497,75.866,136.977,143.659,131.169,131.282
801.1,104.514,71.781,139.95,102.497,76.029,136.943,143.568,131.131,131.282
801.2,104.628,71.781,139.95,102.555,75.947,136.943,143.629,131.131,131.282
801.3,104.571,71.781,139.983,102.555,75.866,136.977,143.629,131.169,131.396
801.4,104.628,71.781,139.95,102.613,75.866,136.874,143.659,131.169,131.358
801.5,104.571,71.781,139.95,102.613,75.866,136.943,143.659,131.169,131.282
801.6,104.684,71.781,139.918,102.555,75.947,136.943,143.659,131.169,131.245
801.7,104.628,71.781,140.015,102.555,75.947,136.943,143.659,131.169,131.245
801.8,104.684,71.867,139.95,102.613,75.866,136.943,143.659,131.093,131.245
801.9,104.571,71.952,139.983,102.555,76.029,136.943,143.659,131.169,131.282
802.0,104.628,71.867,140.015,102.555,75.947,136.908,143.629,131.131,131.245
802.1,104.571,71.952,139.983,102.497,75.866,136.943,143.659,131.131,131.282
802.2,104.571,71.781,139.983,102.555,75.866,136.943,143.659,131.131,131.245
802.3,104.628,71.867,139.918,102.555,75.947,136.943,143.629,131.131,131.282
802.4,104.628,71.867,139.95,102.555,75.947,136.943,143.69,131.131,131.245
802.5,104.628,71.867,139.95,102.555,76.029,136.943,143.659,131.169,131.358
802.6,104.628,71.867,140.015,102.555,75.947,136.943,143.629,131.169,131.32
802.7,104.628,71.952,140.015,102.613,75.947,136.943,143.629,131.131,131.282
802.8,104.571,71.867,139.918,102.555,75.947,136.977,143.72,131.093,131.32
802.9,104.628,71.867,140.015,102.497,75.947,136.943,143.659,131.169,131.245
803.0,104.628,71.952,139.95,102.555,75.947,136.943,143.659,131.169,131.245
803.1,104.684,71.952,139.95,102.613,76.029,137.011,143.659,131.131,131.32
803.2,104.684,71.867,140.015,102.613,75.947,136.943,143.659,131.169,131.32
803.3,104.628,71.952,139.983,102.555,76.029,136.908,143.629,131.169,131.282
803.4,104.628,71.952,140.015,102.555,75.947,136.977,143.659,131.131,131.282
803.5,104.628,72.037,139.95,102.613,76.029,136.977,143.659,131.131,131.32
803.6,104.628,72.037,139.95,102.555,76.029,137.011,143.659,131.131,131.282
803.7,104.628,71.952,139.95,102.555,75.947,136.977,143.659,131.169,131.32
803.8,104.628,72.037,139.885,102.555,76.029,136.943,143.629,131.131,131.282
803.9,104.684,71.952,139.983,102.613,76.11,136.908,143.659,131.131,131.282
804.0,104.684,71.952,140.015,102.555,76.029,136.943,143.659,131.131,131.282
804.1,104.684,71.952,139.983,102.497,76.11,136.943,143.659,131.093,131.282
804.2,104.684,71.952,139.983,102.613,76.029,136.943,143.659,131.093,131.282
804.3,104.684,71.952,139.983,102.613,75.947,136.943,143.659,131.169,131.282
804.4,104.741,72.037,139.983,102.555,76.029,136.977,143.69,131.131,131.358
804.5,104.741,71.952,139.95,102.555,76.11,136.943,143.659,131.131,131.32
804.6,104.684,72.037,139.983,102.613,76.11,136.977,143.659,131.131,131.282
804.7,104.684,72.037,139.983,102.555,76.191,136.943,143.659,131.093,131.282
804.8,104.684,72.122,139.95,102.613,75.947,136.908,143.659,131.017,131.32
804.9,104.684,72.122,140.015,102.555,76.11,136.908,143.69,131.169,131.245
805.0,104.741,72.037,140.015,102.613,76.029,136.943,143.69,131.093,131.282
805.1,104.741,72.122,139.95,102.613,76.11,136.977,143.629,131.131,131.282
805.2,104.741,72.037,139.983,102.613,76.11,136.943,143.659,131.131,131.282
805.3,104.741,72.122,139.983,102.555,76.11,136.908,143.629,131.131,131.245
805.4,104.684,72.122,139.983,102.613,76.11,136.977,143.72,131.131,131.245
805.5,104.741,72.037,139.95,102.555,76.191,137.011,143.659,131.169,131.282
805.6,104.684,72.207,139.95,102.613,76.11,136.874,143.659,131.245,131.245
805.7,104.741,72.207,140.015,102.613,76.11,136.943,143.659,131.093,131.32
805.8,104.741,72.122,139.983,102.613,76.029,136.943,143.599,131.207,131.282
805.9,104.741,72.122,139.983,102.672,76.11,136.943,143.629,131.131,131.282
806.0,104.798,72.122,139.983,102.613,76.029,136.839,143.69,131.093,131.32
806.1,104.741,72.122,139.983,102.613,76.029,136.908,143.659,131.131,131.282
806.2,104.798,72.207,139.983,102.555,76.11,136.943,143.659,131.131,131.282
806.3,104.798,72.207,140.015,102.73,76.029,136.977,143.659,131.093,131.32
806.4,104.854,72.207,139.983,102.73,76.11,136.943,143.72,131.131,131.282
806.5,104.798,72.376,140.015,102.613,76.11,136.977,143.659,131.169,131.282
806.6,104.741,72.207,139.983,102.672,76.191,136.943,143.659,131.093,131.358
806.7,104.741,72.207,139.983,102.672,76.191,136.943,143.659,131.169,131.282
806.8,104.854,72.207,139.95,102.672,76.191,136.943,143.69,131.131,131.282
806.9,104.798,72.207,140.015,102.672,76.11,136.943,143.659,131.169,131.245
807.0,104.798,72.207,139.918,102.613,76.191,136.943,143.659,131.131,131.32
807.1,104.798,72.292,139.95,102.613,76.191,136.943,143.659,131.131,131.245
807.2,104.911,72.207,140.015,102.613,76.11,136.943,143.659,131.131,131.32
807.3,104.798,72.292,140.08,102.555,76.191,136.943,143.659,131.093,131.245
807.4,104.684,72.292,139.95,102.672,76.191,136.977,143.599,131.131,131.358
807.5,104.798,72.376,139.95,102.672,76.191,137.011,143.69,131.131,131.245
807.6,104.854,72.376,140.048,102.788,76.11,136.908,143.629,131.093,131.245
807.7,104.798,72.207,139.983,102.613,76.029,136.943,143.568,131.169,131.358
807.8,104.798,72.376,139.983,102.613,76.191,136.908,143.659,131.169,131.282
807.9,104.854,72.292,139.95,102.555,76.191,136.977,143.599,131.169,131.282
808.0,104.798,72.376,140.015,102.788,76.191,136.908,143.659,131.131,131.245
808.1,104.911,72.376,139.983,102.672,76.191,136.908,143.659,131.131,131.282
808.2,104.854,72.292,139.983,102.613,76.191,136.977,143.659,131.131,131.282
808.3,104.798,72.292,139.95,102.672,76.191,136.943,143.659,131.131,131.32
808.4,104.854,72.376,139.95,102.672,76.191,136.943,143.659,131.131,131.282
808.5,104.911,72.292,139.95,102.672,76.191,136.943,143.659,131.207,131.282
808.6,104.854,72.292,140.015,102.73,76.11,136.943,143.659,131.169,131.282
808.7,104.911,72.292,140.015,102.672,76.272,136.943,143.629,131.093,131.245
808.8,104.741,72.376,140.015,102.672,76.191,136.908,143.629,131.131,131.245
808.9,104.854,72.376,139.885,102.672,76.272,137.011,143.659,131.131,131.32
809.0,104.854,72.292,139.983,102.613,76.272,136.943,143.659,131.207,131.32
809.1,104.854,72.546,139.95,102.672,76.191,136.943,143.629,131.131,131.245
809.2,104.911,72.376,139.983,102.788,76.272,136.908,143.659,131.093,131.32
809.3,104.798,72.376,140.015,102.672,76.353,136.943,143.659,131.169,131.282
809.4,104.854,72.376,140.015,102.613,76.434,136.943,143.629,131.131,131.32
809.5,104.967,72.461,140.015,102.73,76.272,136.943,143.659,131.245,131.32
809.6,104.854,72.461,139.983,102.613,76.272,136.908,143.659,131.207,131.282
809.7,104.854,72.376,140.015,102.672,76.272,136.977,143.629,131.131,131.282
809.8,104.854,72.461,140.015,102.672,76.353,136.943,143.659,131.169,131.245
809.9,104.911,72.546,139.983,102.788,76.353,136.943,143.659,131.131,131.32
810.0,104.854,72.461,139.983,102.672,76.272,136.908,143.659,131.131,131.32
810.1,105.024,72.546,139.983,102.672,76.272,136.874,143.659,131.169,131.282
810.2,104.911,72.461,139.983,102.672,76.272,136.943,143.629,131.169,131.282
810.3,104.911,72.461,139.983,102.672,76.272,136.943,143.629,131.131,131.282
810.4,104.854,72.546,140.08,102.672,76.353,136.943,143.72,131.245,131.245
810.5,104.967,72.461,139.983,102.73,76.353,136.943,143.659,131.169,131.282
810.6,104.911,72.461,140.015,102.672,76.353,136.977,143.629,131.131,131.282
810.7,104.911,72.546,140.015,102.672,76.353,136.908,143.659,131.131,131.282
810.8,104.911,72.376,139.95,102.672,76.353,137.045,143.659,131.207,131.358
810.9,104.854,72.63,139.983,102.788,76.272,137.011,143.599,131.131,131.245
811.0,104.854,72.461,139.983,102.672,76.272,136.977,143.599,131.131,131.32
811.1,104.911,72.546,140.015,102.672,76.434,136.943,143.599,131.131,131.358
811.2,104.911,72.546,139.983,102.73,76.353,136.908,143.629,131.169,131.32
811.3,104.911,72.546,139.983,102.73,76.353,136.943,143.599,131.169,131.282
811.4,104.911,72.546,139.983,102.73,76.434,136.943,143.629,131.207,131.32
811.5,104.911,72.546,139.983,102.672,76.353,136.977,143.659,131.207,131.32
811.6,104.967,72.546,139.95,102.73,76.434,136.908,143.659,131.169,131.282
811.7,104.967,72.63,140.015,102.788,76.353,136.943,143.599,131.169,131.32
811.8,105.024,72.546,140.048,102.73,76.353,136.943,143.659,131.131,131.282
811.9,105.024,72.63,139.983,102.73,76.434,136.977,143.69,131.169,131.282
812.0,104.967,72.63,139.983,102.788,76.434,136.943,143.599,131.169,131.282
812.1,104.967,72.63,139.983,102.73,76.353,136.943,143.69,131.207,131.32
812.2,104.911,72.63,140.015,102.672,76.353,136.943,143.629,131.169,131.245
812.3,105.024,72.63,139.983,102.846,76.353,136.874,143.659,131.207,131.32
812.4,104.911,72.63,140.015,102.788,76.434,136.977,143.659,131.131,131.282
812.5,105.024,72.546,140.015,102.73,76.434,136.943,143.659,131.131,131.245
812.6,104.911,72.715,140.015,102.788,76.434,136.977,143.599,131.169,131.282
812.7,105.024,72.715,140.015,102.73,76.434,136.977,143.69,131.131,131.282
812.8,105.08,72.63,140.015,102.73,76.434,136.977,143.659,131.169,131.32
812.9,104.911,72.715,139.983,102.73,76.434,136.977,143.72,131.093,131.282
813.0,104.967,72.63,139.983,102.788,76.515,136.943,143.629,131.131,131.282
813.1,105.024,72.63,139.983,102.73,76.434,136.977,143.629,131.131,131.358
813.2,104.967,72.799,139.983,102.788,76.434,136.977,143.659,131.169,131.32
813.3,104.854,72.715,139.983,102.788,76.434,136.943,143.659,131.131,131.282
813.4,104.967,72.715,139.983,102.672,76.434,136.943,143.659,131.169,131.245
813.5,105.024,72.715,139.983,102.788,76.434,136.908,143.659,131.131,131.32
813.6,105.024,72.715,139.983,102.73,76.515,136.908,143.659,131.131,131.32
813.7,104.967,72.799,140.015,102.846,76.434,136.977,143.629,131.131,131.282
813.8,104.911,72.799,140.015,102.788,76.434,136.943,143.659,131.169,131.282
813.9,105.08,72.799,140.015,102.788,76.515,136.943,143.629,131.131,131.282
814.0,105.08,72.715,139.983,102.846,76.515,136.943,143.69,131.131,131.245
814.1,105.08,72.799,140.048,102.788,76.515,136.908,143.629,131.169,131.282
814.2,105.024,72.799,139.95,102.788,76.515,136.943,143.629,131.131,131.245
814.3,105.08,72.799,140.048,102.788,76.515,136.943,143.69,131.169,131.282
814.4,105.08,72.883,140.015,102.788,76.434,136.839,143.659,131.169,131.32
814.5,104.967,72.883,140.015,102.788,76.596,136.977,143.629,131.131,131.282
814.6,105.024,72.799,139.983,102.788,76.434,136.908,143.659,131.169,131.32
814.7,105.024,72.883,140.015,102.788,76.515,136.943,143.629,131.245,131.245
814.8,105.08,72.883,140.08,102.846,76.596,136.943,143.599,131.169,131.282
814.9,105.08,72.799,140.015,102.846,76.515,136.908,143.629,131.169,131.282
815.0,105.08,72.883,140.015,102.788,76.515,136.874,143.659,131.131,131.282
815.1,105.08,72.883,140.015,102.846,76.434,136.943,143.629,131.131,131.282
815.2,105.08,72.883,139.983,102.73,76.515,136.943,143.69,131.169,131.282
815.3,105.137,72.968,140.015,102.73,76.596,136.943,143.629,131.131,131.358
815.4,105.08,72.883,140.015,102.788,76.515,136.977,143.599,131.169,131.32
815.5,105.08,72.968,139.983,102.846,76.515,136.943,143.72,131.245,131.358
815.6,105.08,72.968,140.015,102.788,76.515,136.943,143.659,131.131,131.282
815.7,105.08,72.968,140.113,102.788,76.515,136.977,143.659,131.169,131.32
815.8,105.08,72.968,140.048,102.904,76.596,136.943,143.629,131.169,131.32
815.9,105.024,72.968,140.015,102.846,76.596,136.943,143.69,131.131,131.282
816.0,105.249,72.968,140.015,102.846,76.515,136.943,143.599,131.131,131.282
816.1,105.08,72.883,139.983,102.788,76.596,136.977,143.659,131.169,131.396
816.2,105.137,72.968,140.015,102.846,76.596,136.943,143.659,131.169,131.282
816.3,105.137,72.968,140.015,102.788,76.676,136.977,143.659,131.131,131.282
816.4,105.137,72.968,140.015,102.904,76.515,136.943,143.659,131.131,131.32
816.5,105.193,72.968,139.918,102.788,76.596,136.943,143.69,131.131,131.32
816.6,105.08,72.968,139.983,102.846,76.676,136.908,143.659,131.169,131.282
816.7,105.08,73.136,139.983,102.788,76.676,136.943,143.69,131.093,131.282
816.8,105.193,73.052,140.08,102.846,76.676,136.977,143.659,131.169,131.32
816.9,105.137,73.052,140.048,102.846,76.596,137.011,143.659,131.131,131.245
817.0,105.193,73.052,140.015,102.846,76.676,136.943,143.629,131.131,131.32
817.1,105.193,72.968,140.015,102.846,76.676,136.943,143.629,131.131,131.32
817.2,105.193,73.052,140.015,102.963,76.676,136.908,143.659,131.131,131.245
817.3,105.137,73.052,140.015,102.846,76.676,136.943,143.629,131.169,131.282
817.4,105.137,73.052,139.983,102.904,76.757,137.011,143.69,131.131,131.282
817.5,105.137,73.052,140.08,102.788,76.676,136.943,143.659,131.131,131.32
817.6,105.137,73.136,140.08,102.904,76.757,136.943,143.659,131.131,131.396
817.7,105.193,73.052,140.015,102.846,76.676,136.943,143.659,131.131,131.32
817.8,105.193,73.052,140.015,102.846,76.757,137.011,143.659,131.169,131.32
817.9,105.193,73.136,140.015,102.846,76.676,137.011,143.629,131.131,131.282
818.0,105.193,73.136,140.015,102.788,76.596,136.977,143.629,131.131,131.396
818.1,105.193,73.136,140.015,102.846,76.757,136.977,143.629,131.131,131.282
818.2,105.249,73.136,140.015,102.846,76.676,136.977,143.629,131.169,131.32
818.3,105.193,73.136,139.983,102.904,76.757,136.977,143.659,131.169,131.32
818.4,105.249,73.136,139.983,103.021,76.676,136.943,143.629,131.207,131.32
818.5,105.193,73.136,140.015,102.846,76.757,136.943,143.69,131.169,131.282
818.6,105.193,73.22,140.015,102.846,76.757,136.943,143.659,131.131,131.358
818.7,105.137,73.136,140.015,102.904,76.838,136.908,143.629,131.207,131.32
818.8,105.249,73.22,139.983,102.963,76.838,136.977,143.659,131.169,131.282
818.9,105.137,73.22,139.983,102.904,76.757,136.943,143.659,131.169,131.32
819.0,105.193,73.22,140.015,102.846,76.757,136.943,143.629,131.169,131.245
819.1,105.193,73.136,140.015,102.904,76.757,136.943,143.659,131.131,131.32
819.2,105.193,73.388,140.048,102.904,76.757,136.977,143.659,131.131,131.282
819.3,105.249,73.136,139.983,102.846,76.757,136.943,143.629,131.131,131.282
819.4,105.193,73.22,140.048,102.846,76.838,136.943,143.659,131.169,131.282
819.5,105.193,73.304,140.015,102.963,76.838,136.943,143.599,131.169,131.282
819.6,105.193,73.22,140.015,102.904,76.676,136.943,143.629,131.131,131.32
819.7,105.249,73.136,140.048,102.904,76.757,136.943,143.629,131.207,131.32
819.8,105.193,73.22,139.983,102.904,76.838,136.943,143.69,131.169,131.32
819.9,105.193,73.304,140.015,102.904,76.838,137.011,143.599,131.169,131.32
820.0,105.249,73.388,140.08,102.904,76.757,137.011,143.659,131.169,131.282
820.1,105.249,73.304,140.048,102.904,76.757,136.943,143.629,131.169,131.282
820.2,105.193,73.304,140.015,102.904,76.838,136.908,143.659,131.169,131.207
820.3,105.249,73.304,139.983,102.904,76.757,137.011,143.629,131.169,131.32
820.4,105.193,73.304,140.015,102.904,76.838,136.943,143.72,131.131,131.282
820.5,105.249,73.388,140.015,102.904,76.918,136.943,143.629,131.169,131.32
820.6,105.249,73.304,140.015,102.904,76.918,136.977,143.629,131.131,131.282
820.7,105.249,73.304,139.918,102.904,76.838,136.943,143.629,131.207,131.32
820.8,105.193,73.388,140.015,102.963,76.918,136.943,143.629,131.131,131.282
820.9,105.193,73.388,140.048,102.846,76.838,136.943,143.568,131.131,131.282
821.0,105.193,73.304,139.918,102.963,76.838,136.977,143.659,131.169,131.282
821.1,105.306,73.388,140.015,103.021,76.838,136.977,143.629,131.245,131.32
821.2,105.193,73.388,140.048,102.904,76.918,136.943,143.69,131.169,131.282
821.3,105.249,73.388,140.015,102.904,76.918,137.011,143.69,131.169,131.282
821.4,105.249,73.388,139.983,102.904,76.838,136.943,143.629,131.169,131.282
821.5,105.249,73.471,140.048,102.904,76.838,137.011,143.72,131.131,131.32
821.6,105.306,73.471,139.983,102.904,76.999,136.977,143.629,131.207,131.32
821.7,105.306,73.388,140.048,102.904,76.918,136.977,143.629,131.169,131.282
821.8,105.249,73.388,140.242,102.846,76.838,137.011,143.629,131.131,131.32
821.9,105.306,73.388,140.015,102.904,76.838,136.977,143.69,131.207,131.282
822.0,105.249,73.388,139.983,102.904,76.999,136.943,143.69,131.169,131.32
822.1,105.306,73.471,140.015,102.904,76.918,136.943,143.69,131.207,131.282
822.2,105.306,73.555,140.08,102.846,76.918,136.943,143.659,131.131,131.282
822.3,105.306,73.471,139.983,102.904,76.918,136.943,143.599,131.169,131.32
822.4,105.306,73.471,139.983,102.904,76.999,136.943,143.599,131.131,131.282
822.5,105.306,73.471,140.015,102.904,76.918,136.943,143.659,131.207,131.32
822.6,105.362,73.471,140.015,102.904,76.918,136.943,143.69,131.055,131.282
822.7,105.306,73.388,140.015,102.904,76.999,136.943,143.629,131.131,131.32
822.8,105.362,73.471,140.048,102.904,76.918,136.977,143.629,131.131,131.245
822.9,105.249,73.388,140.015,102.904,76.918,136.943,143.629,131.169,131.32
823.0,105.306,73.388,140.015,102.904,76.918,136.977,143.629,131.169,131.358
823.1,105.306,73.555,140.015,102.963,77.079,136.943,143.69,131.131,131.32
823.2,105.362,73.388,140.015,102.963,76.918,136.943,143.659,131.207,131.207
823.3,105.306,73.555,140.048,102.904,76.999,136.943,143.659,131.169,131.358
823.4,105.249,73.555,140.015,102.963,76.999,136.908,143.659,131.093,131.32
823.5,105.362,73.555,140.048,103.021,76.999,137.045,143.629,131.131,131.32
823.6,105.306,73.639,140.048,102.963,76.999,137.011,143.629,131.169,131.358
823.7,105.306,73.639,140.048,102.963,76.999,136.943,143.69,131.169,131.32
823.8,105.306,73.722,140.08,102.963,76.999,136.977,143.629,131.131,131.282
823.9,105.362,73.555,140.015,102.963,76.999,136.943,143.599,131.169,131.32
824.0,105.306,73.639,140.015,102.963,76.999,136.943,143.659,131.131,131.358
824.1,105.418,73.555,140.015,102.963,76.918,136.943,143.659,131.131,131.32
824.2,105.306,73.639,140.08,102.963,76.999,137.08,143.659,131.169,131.282
824.3,105.306,73.639,140.048,102.963,77.079,136.977,143.659,131.169,131.32
824.4,105.362,73.555,140.015,102.963,76.918,136.943,143.629,131.169,131.282
824.5,105.418,73.639,140.048,102.963,77.079,136.977,143.629,131.169,131.32
824.6,105.306,73.639,139.983,102.963,77.079,136.977,143.69,131.131,131.282
824.7,105.418,73.639,140.048,103.021,77.079,136.943,143.659,131.131,131.282
824.8,105.418,73.722,140.015,103.021,77.079,137.011,143.629,131.131,131.32
824.9,105.418,73.639,140.048,102.963,77.079,136.943,143.659,131.131,131.282
825.0,105.306,73.722,140.113,102.963,77.079,136.943,143.659,131.169,131.32
825.1,105.362,73.722,140.015,102.904,77.079,136.908,143.659,131.169,131.282
825.2,105.362,73.806,140.048,103.021,77.159,136.977,143.659,131.169,131.282
825.3,105.418,73.639,139.983,103.079,77.079,136.943,143.69,131.131,131.32
825.4,105.418,73.806,140.015,103.079,77.159,136.943,143.659,131.131,131.32
825.5,105.362,73.722,140.015,102.963,77.159,136.977,143.659,131.169,131.396
825.6,105.362,73.806,140.015,103.021,77.159,136.943,143.659,131.131,131.32
825.7,105.362,73.806,140.015,102.963,77.159,137.011,143.629,131.169,131.282
825.8,105.418,73.806,140.015,102.963,77.159,136.943,143.659,131.169,131.282
825.9,105.418,73.806,140.048,103.021,77.159,136.943,143.629,131.207,131.32
826.0,105.474,73.806,140.015,102.904,77.239,137.011,143.629,131.207,131.32
826.1,105.418,73.889,140.015,103.021,77.159,136.977,143.659,131.207,131.282
826.2,105.418,73.889,140.048,103.021,77.239,136.943,143.659,131.169,131.245
826.3,105.474,73.806,140.048,103.021,77.239,136.943,143.69,131.169,131.32
826.4,105.53,73.806,140.048,102.963,77.239,136.977,143.629,131.131,131.282
826.5,105.418,73.806,140.015,103.021,77.079,136.943,143.629,131.207,131.282
826.6,105.418,73.806,140.048,103.021,77.239,136.943,143.629,131.169,131.32
826.7,105.418,73.889,140.048,103.021,77.159,136.943,143.69,131.169,131.282
826.8,105.474,73.889,140.015,102.963,77.239,136.943,143.629,131.169,131.32
826.9,105.418,74.055,140.048,103.079,77.239,136.977,143.69,131.093,131.358
827.0,105.474,73.972,140.048,103.021,77.32,137.011,143.659,131.169,131.32
827.1,105.474,73.972,140.08,103.137,77.239,137.08,143.659,131.169,131.358
827.2,105.586,73.972,140.08,103.021,77.32,136.943,143.659,131.169,131.282
827.3,105.418,73.972,140.015,103.079,77.239,136.943,143.69,131.169,131.358
827.4,105.474,73.972,140.048,102.963,77.32,136.943,143.659,131.169,131.32
827.5,105.474,73.972,140.08,103.021,77.32,136.943,143.629,131.207,131.32
827.6,105.418,73.972,140.015,103.021,77.32,136.943,143.599,131.245,131.282
827.7,105.474,74.055,140.048,103.021,77.32,136.943,143.629,131.169,131.282
827.8,105.53,73.972,140.048,103.079,77.239,136.977,143.659,131.207,131.282
827.9,105.474,73.972,140.048,103.021,77.4,136.977,143.629,131.169,131.32
828.0,105.474,74.055,140.048,103.021,77.32,136.977,143.659,131.131,131.282
828.1,105.474,74.055,140.08,103.021,77.32,136.977,143.629,131.169,131.32
828.2,105.474,74.055,140.08,103.079,77.239,136.943,143.599,131.169,131.32
828.3,105.474,74.055,140.08,103.137,77.32,136.943,143.599,131.169,131.282
828.4,105.53,74.055,140.08,103.079,77.48,136.943,143.659,131.131,131.32
828.5,105.474,74.055,140.048,103.079,77.4,136.977,143.629,131.169,131.32
828.6,105.474,74.055,140.048,103.079,77.4,136.943,143.69,131.207,131.32
828.7,105.53,74.055,140.048,103.079,77.4,136.943,143.659,131.169,131.32
828.8,105.53,74.055,140.048,103.137,77.4,136.977,143.72,131.169,131.32
828.9,105.474,74.221,140.08,103.079,77.4,136.977,143.599,131.169,131.282
829.0,105.53,74.138,140.048,102.963,77.4,136.908,143.72,131.169,131.32
829.1,105.474,74.138,140.015,103.137,77.48,137.011,143.629,131.169,131.358
829.2,105.53,74.138,140.048,103.137,77.4,136.943,143.629,131.169,131.32
829.3,105.474,74.387,140.048,103.021,77.4,136.977,143.659,131.169,131.245
829.4,105.474,74.221,140.048,102.963,77.4,136.977,143.659,131.131,131.32
829.5,105.53,74.138,140.048,103.079,77.56,136.943,143.659,131.169,131.245
829.6,105.586,74.138,140.015,103.195,77.4,137.011,143.629,131.169,131.32
829.7,105.474,74.221,140.015,103.079,77.4,136.943,143.599,131.169,131.282
829.8,105.418,74.221,140.08,103.079,77.48,136.943,143.69,131.131,131.32
829.9,105.53,74.221,140.048,103.079,77.56,136.977,143.629,131.169,131.32
830.0,105.53,74.221,140.015,103.137,77.48,136.943,143.629,131.169,131.32
830.1,105.53,74.221,140.08,103.079,77.32,137.011,143.629,131.207,131.32
830.2,105.586,74.304,140.08,103.137,77.4,137.011,143.629,131.131,131.245
830.3,105.53,74.221,140.048,103.195,77.56,136.977,143.69,131.169,131.282
830.4,105.586,74.221,140.048,103.079,77.48,136.977,143.659,131.131,131.32
830.5,105.53,74.138,140.08,103.079,77.48,136.977,143.629,131.169,131.32
830.6,105.586,74.304,140.08,103.079,77.4,136.943,143.599,131.093,131.282
830.7,105.586,74.304,140.08,103.137,77.56,136.977,143.538,131.169,131.32
830.8,105.586,74.304,140.048,103.079,77.56,136.943,143.599,131.169,131.282
830.9,105.586,74.304,140.048,103.079,77.56,136.977,143.629,131.207,131.282
831.0,105.586,74.304,140.08,103.137,77.56,136.943,143.629,131.169,131.32
831.1,105.586,74.304,140.113,102.963,77.56,136.943,143.69,131.207,131.358
831.2,105.642,74.387,140.015,103.137,77.719,137.011,143.659,131.169,131.32
831.3,105.53,74.304,140.015,103.079,77.56,136.977,143.69,131.207,131.32
831.4,105.642,74.304,140.048,103.079,77.639,136.977,143.69,131.169,131.32
831.5,105.586,74.387,140.048,103.079,77.56,136.943,143.659,131.169,131.32
831.6,105.586,74.47,140.113,103.195,77.56,136.977,143.599,131.169,131.282
831.7,105.642,74.387,140.015,103.195,77.56,136.943,143.659,131.169,131.282
831.8,105.586,74.47,139.983,103.137,77.56,136.977,143.629,131.169,131.358
831.9,105.586,74.47,140.048,103.137,77.56,136.977,143.659,131.169,131.32
832.0,105.698,74.47,140.048,103.137,77.639,137.011,143.629,131.169,131.396
832.1,105.642,74.47,140.08,103.137,77.799,136.874,143.659,131.169,131.32
832.2,105.642,74.387,140.048,103.079,77.639,137.045,143.659,131.169,131.32
832.3,105.642,74.47,140.048,103.137,77.639,136.977,143.568,131.169,131.32
832.4,105.642,74.47,140.048,103.137,77.719,137.011,143.659,131.245,131.32
832.5,105.642,74.47,140.08,103.137,77.719,136.943,143.659,131.169,131.32
832.6,105.642,74.47,140.08,103.195,77.719,136.977,143.69,131.169,131.32
832.7,105.586,74.47,140.048,103.021,77.719,136.977,143.659,131.32,131.358
832.8,105.586,74.47,140.08,103.137,77.719,136.943,143.568,131.169,131.32
832.9,105.586,74.553,140.048,103.252,77.639,137.045,143.69,131.169,131.396
833.0,105.698,74.47,140.08,103.195,77.719,136.977,143.659,131.131,131.32
833.1,105.642,74.553,140.145,103.195,77.799,136.977,143.69,131.169,131.32
833.2,105.698,74.553,140.048,103.137,77.719,136.977,143.659,131.169,131.32
833.3,105.642,74.553,140.048,103.195,77.799,136.943,143.629,131.169,131.245
833.4,105.642,74.635,140.08,103.195,77.719,136.943,143.568,131.131,131.282
833.5,105.754,74.553,140.08,103.195,77.719,136.977,143.659,131.169,131.32
833.6,105.642,74.553,140.08,103.195,77.719,136.943,143.659,131.169,131.32
833.7,105.642,74.553,140.048,103.195,77.799,136.943,143.629,131.207,131.282
833.8,105.698,74.635,140.08,103.137,77.799,137.011,143.629,131.169,131.358
833.9,105.586,74.718,140.08,103.252,77.799,136.977,143.629,131.169,131.282
834.0,105.586,74.635,140.113,103.195,77.799,136.943,143.659,131.169,131.32
834.1,105.586,74.635,140.048,103.195,77.799,137.011,143.629,131.169,131.32
834.2,105.698,74.553,140.048,103.137,77.799,136.943,143.629,131.207,131.32
834.3,105.754,74.635,140.113,103.137,77.799,136.943,143.69,131.169,131.32
834.4,105.698,74.635,140.113,103.137,77.799,136.977,143.659,131.131,131.358
834.5,105.698,74.635,140.048,103.195,77.799,136.943,143.659,131.245,131.32
834.6,105.698,74.8,140.08,103.195,77.878,137.011,143.659,131.169,131.358
834.7,105.754,74.718,140.048,103.195,77.799,136.977,143.659,131.169,131.32
834.8,105.698,74.553,140.08,103.252,77.878,136.977,143.659,131.169,131.282
834.9,105.698,74.718,140.113,103.195,77.878,136.977,143.629,131.169,131.32
835.0,105.754,74.553,140.048,103.195,77.878,136.977,143.69,131.169,131.32
835.1,105.586,74.718,140.145,103.252,77.878,136.977,143.659,131.245,131.396
835.2,105.698,74.8,140.08,103.195,77.799,136.943,143.629,131.245,131.282
835.3,105.698,74.718,140.048,103.368,77.958,137.045,143.72,131.169,131.358
835.4,105.586,74.718,140.048,103.195,77.878,136.977,143.629,131.282,131.358
835.5,105.698,74.718,140.08,103.195,77.878,136.943,143.659,131.207,131.245
835.6,105.754,74.718,140.08,103.195,77.958,136.943,143.629,131.207,131.32
835.7,105.754,74.8,140.113,103.195,77.799,136.977,143.659,131.207,131.32
835.8,105.754,74.718,140.113,103.195,77.958,137.045,143.69,131.207,131.32
835.9,105.698,74.8,140.113,103.195,77.878,136.943,143.629,131.169,131.32
836.0,105.754,74.8,140.08,103.252,77.958,136.977,143.629,131.169,131.32
836.1,105.698,74.8,140.08,103.195,77.878,136.943,143.599,131.169,131.32
836.2,105.754,74.8,140.08,103.195,77.958,136.943,143.69,131.169,131.32
836.3,105.754,74.883,140.113,103.252,77.958,136.977,143.659,131.207,131.358
836.4,105.81,74.8,140.08,103.252,77.958,136.943,143.599,131.169,131.358
836.5,105.754,74.883,140.08,103.195,78.037,136.977,143.659,131.131,131.32
836.6,105.754,74.883,140.177,103.252,77.958,136.943,143.69,131.169,131.32
836.7,105.81,74.883,140.145,103.252,77.958,136.943,143.629,131.169,131.32
836.8,105.754,74.883,140.08,103.31,78.037,136.977,143.629,131.207,131.32
836.9,105.754,74.965,140.08,103.252,77.958,136.977,143.751,131.169,131.358
837.0,105.754,74.883,140.08,103.252,77.958,136.977,143.659,131.169,131.358
837.1,105.754,74.965,140.113,103.195,77.958,136.943,143.72,131.169,131.32
837.2,105.754,74.883,140.113,103.195,78.037,136.943,143.659,131.169,131.32
837.3,105.754,74.965,140.08,103.252,77.958,136.943,143.659,131.169,131.358
837.4,105.81,74.965,140.145,103.252,77.958,137.011,143.568,131.207,131.282
837.5,105.642,75.047,140.08,103.195,78.117,136.977,143.629,131.207,131.207
837.6,105.866,74.965,140.08,103.252,78.037,136.977,143.659,131.169,131.32
837.7,105.754,74.965,140.145,103.252,78.037,137.011,143.629,131.169,131.207
837.8,105.754,75.047,140.113,103.195,78.037,136.977,143.629,131.169,131.32
837.9,105.754,75.047,140.08,103.252,78.037,137.011,143.629,131.207,131.282
838.0,105.81,75.047,140.08,103.252,78.037,136.977,143.629,131.169,131.32
838.1,105.81,74.965,140.08,103.252,78.037,136.977,143.629,131.245,131.32
838.2,105.754,74.965,140.113,103.252,78.037,136.977,143.629,131.169,131.358
838.3,105.754,75.047,140.048,103.31,78.117,136.977,143.659,131.169,131.32
838.4,105.81,75.047,140.113,103.252,78.117,136.977,143.659,131.207,131.358
838.5,105.754,75.047,140.08,103.252,78.196,136.977,143.629,131.169,131.32
838.6,105.81,75.13,140.145,103.31,77.958,136.977,143.599,131.169,131.282
838.7,105.866,75.13,140.145,103.252,78.117,136.977,143.629,131.169,131.207
838.8,105.81,74.965,140.113,103.252,78.117,136.977,143.659,131.169,131.358
838.9,105.81,75.047,140.048,103.31,78.196,136.943,143.629,131.169,131.32
839.0,105.754,75.047,140.113,103.31,78.196,136.977,143.659,131.169,131.32
839.1,105.81,75.13,140.048,103.252,78.196,136.943,143.659,131.207,131.358
839.2,105.81,75.13,140.145,103.252,78.117,137.011,143.659,131.207,131.358
839.3,105.866,75.212,140.113,103.252,78.275,136.977,143.69,131.093,131.32
839.4,105.81,75.13,140.08,103.31,78.275,136.977,143.629,131.207,131.282
839.5,105.81,75.13,140.08,103.252,78.196,136.977,143.659,131.131,131.358
839.6,105.866,75.13,140.08,103.252,78.117,136.977,143.659,131.207,131.396
839.7,105.754,75.13,140.113,103.31,78.196,136.977,143.629,131.169,131.32
839.8,105.81,75.13,140.08,103.252,78.275,136.977,143.659,131.169,131.282
839.9,105.81,75.13,140.113,103.079,78.275,136.977,143.69,131.169,131.358
840.0,105.81,75.13,140.113,103.31,78.196,136.943,143.69,131.207,131.282
840.1,105.866,75.212,140.08,103.31,78.275,136.977,143.659,131.245,131.32
840.2,105.866,75.212,140.113,103.252,78.196,136.977,143.659,131.169,131.32
840.3,105.866,75.212,140.08,103.368,78.275,136.977,143.629,131.169,131.358
840.4,105.922,75.212,140.08,103.31,78.275,136.943,143.69,131.169,131.358
840.5,105.922,75.294,140.08,103.31,78.117,136.977,143.629,131.207,131.32
840.6,105.81,75.212,140.113,103.31,78.196,137.011,143.659,131.207,131.358
840.7,105.866,75.294,140.08,103.31,78.275,136.977,143.629,131.131,131.32
840.8,105.866,75.294,139.983,103.31,78.355,136.977,143.629,131.169,131.358
840.9,105.866,75.212,140.177,103.31,78.275,136.977,143.69,131.207,131.32
841.0,105.866,75.212,140.145,103.195,78.355,137.08,143.659,131.207,131.396
841.1,105.977,75.294,140.145,103.252,78.355,136.977,143.69,131.169,131.32
841.2,105.922,75.294,140.08,103.426,78.355,137.011,143.659,131.207,131.282
841.3,105.922,75.294,139.983,103.368,78.275,136.977,143.659,131.131,131.358
841.4,105.977,75.294,140.242,103.252,78.355,137.011,143.629,131.169,131.396
841.5,105.922,75.376,140.145,103.31,78.355,136.943,143.629,131.245,131.32
841.6,105.866,75.376,140.113,103.31,78.275,137.011,143.659,131.32,131.358
841.7,105.866,75.376,140.113,103.368,78.434,137.011,143.781,131.169,131.358
841.8,105.866,75.376,140.113,103.368,78.355,136.977,143.629,131.169,131.32
841.9,105.922,75.294,140.015,103.31,78.355,136.977,143.659,131.169,131.32
842.0,105.977,75.376,140.113,103.426,78.355,136.977,143.659,131.207,131.358
842.1,105.866,75.294,140.113,103.31,78.434,136.977,143.659,131.169,131.32
842.2,105.922,75.458,140.08,103.368,78.434,137.011,143.629,131.169,131.32
842.3,105.922,75.458,140.113,103.31,78.434,136.977,143.659,131.131,131.32
842.4,105.866,75.376,140.113,103.368,78.434,136.977,143.659,131.169,131.32
842.5,105.866,75.539,140.113,103.31,78.434,136.977,143.659,131.169,131.282
842.6,105.977,75.376,140.08,103.368,78.434,136.977,143.659,131.169,131.245
842.7,105.922,75.458,140.113,103.368,78.434,136.977,143.659,131.169,131.32
842.8,105.866,75.458,140.145,103.368,78.592,136.977,143.629,131.169,131.396
842.9,105.977,75.458,140.21,103.31,78.434,136.977,143.69,131.207,131.358
843.0,105.922,75.458,140.08,103.31,78.513,137.045,143.69,131.207,131.245
843.1,105.977,75.458,140.145,103.368,78.513,136.977,143.69,131.207,131.282
843.2,106.033,75.458,140.113,103.368,78.513,136.977,143.69,131.207,131.358
843.3,105.922,75.539,140.145,103.31,78.592,136.943,143.629,131.169,131.32
843.4,105.922,75.458,140.113,103.368,78.513,137.045,143.781,131.207,131.32
843.5,105.977,75.621,140.145,103.368,78.434,136.977,143.659,131.169,131.32
843.6,105.922,75.539,140.145,103.368,78.513,136.943,143.69,131.207,131.396
843.7,106.033,75.539,140.113,103.368,78.513,136.943,143.659,131.169,131.358
843.8,105.977,75.539,140.145,103.31,78.434,137.011,143.659,131.169,131.358
843.9,105.977,75.539,140.113,103.368,78.592,136.943,143.629,131.169,131.32
844.0,105.922,75.539,140.113,103.368,78.592,137.011,143.659,131.169,131.32
844.1,105.866,75.621,140.113,103.426,78.513,137.011,143.629,131.169,131.32
844.2,105.866,75.621,140.145,103.31,78.513,137.011,143.69,131.169,131.358
844.3,105.977,75.621,140.08,103.426,78.671,136.977,143.629,131.169,131.358
844.4,105.977,75.621,140.145,103.368,78.513,136.977,143.659,131.245,131.282
844.5,106.033,75.539,140.145,103.426,78.592,136.977,143.659,131.169,131.358
844.6,105.977,75.621,140.113,103.368,78.513,136.943,143.659,131.169,131.358
844.7,105.922,75.621,140.145,103.31,78.592,136.977,143.629,131.207,131.32
844.8,105.922,75.621,140.177,103.368,78.592,137.011,143.629,131.207,131.32
844.9,105.977,75.621,140.113,103.368,78.592,136.977,143.69,131.169,131.282
845.0,105.977,75.621,140.113,103.483,78.592,136.977,143.629,131.131,131.32
845.1,105.977,75.621,140.145,103.426,78.592,136.977,143.599,131.207,131.32
845.2,105.922,75.703,140.113,103.426,78.592,136.943,143.69,131.207,131.434
845.3,105.977,75.621,140.145,103.426,78.749,136.943,143.599,131.245,131.282
845.4,105.922,75.621,140.113,103.368,78.513,136.943,143.659,131.169,131.358
845.5,106.033,75.621,140.145,103.368,78.671,137.011,143.599,131.169,131.32
845.6,105.977,75.703,140.177,103.368,78.434,137.08,143.659,131.207,131.32
845.7,105.922,75.784,140.145,103.31,78.671,137.011,143.72,131.207,131.32
845.8,105.866,75.703,140.145,103.368,78.671,136.977,143.659,131.169,131.32
845.9,105.977,75.703,140.113,103.426,78.671,137.08,143.659,131.207,131.32
846.0,105.977,75.703,140.113,103.426,78.749,136.977,143.599,131.169,131.358
846.1,106.089,75.703,140.145,103.426,78.671,136.977,143.72,131.245,131.32
846.2,106.033,75.703,140.08,103.426,78.749,136.908,143.751,131.245,131.32
846.3,106.033,75.784,140.08,103.368,78.749,136.977,143.659,131.169,131.32
846.4,105.977,75.866,140.113,103.368,78.671,136.977,143.69,131.169,131.32
846.5,106.033,75.784,140.145,103.368,78.671,136.977,143.69,131.245,131.358
846.6,105.977,75.784,140.113,103.426,78.749,137.045,143.659,131.169,131.358
846.7,106.033,75.784,140.113,103.426,78.671,137.011,143.659,131.169,131.358
846.8,106.033,75.784,140.145,103.368,78.828,136.943,143.69,131.169,131.358
846.9,106.033,75.866,140.08,103.368,78.749,136.977,143.659,131.169,131.396
847.0,105.922,75.866,140.08,103.483,78.749,136.977,143.659,131.169,131.32
847.1,105.977,75.866,140.145,103.426,78.828,137.011,143.629,131.169,131.396
847.2,106.033,75.947,140.145,103.483,78.749,136.977,143.659,131.207,131.282
847.3,105.977,75.947,140.145,103.426,78.671,136.977,143.659,131.169,131.32
847.4,106.144,76.029,140.113,103.426,78.749,136.977,143.69,131.245,131.358
847.5,106.033,75.947,140.113,103.426,78.749,136.977,143.659,131.207,131.358
847.6,106.033,75.866,140.145,103.426,78.749,136.977,143.659,131.169,131.32
847.7,105.977,75.947,140.08,103.483,78.828,137.011,143.659,131.169,131.396
847.8,106.033,75.947,140.145,103.426,78.828,136.977,143.659,131.169,131.32
847.9,105.977,75.947,140.145,103.426,78.828,136.977,143.69,131.207,131.358
848.0,106.033,75.947,140.177,103.483,78.828,137.011,143.659,131.169,131.32
848.1,106.033,75.947,140.113,103.483,78.907,137.114,143.659,131.169,131.358
848.2,106.144,75.866,140.113,103.368,78.907,137.011,143.629,131.169,131.358
848.3,106.033,75.866,140.145,103.31,78.985,136.943,143.629,131.207,131.32
848.4,106.033,75.947,140.145,103.426,78.985,136.977,143.659,131.207,131.358
848.5,106.033,76.029,140.177,103.483,78.907,137.011,143.69,131.245,131.32
848.6,106.033,76.11,140.145,103.483,78.907,137.011,143.629,131.207,131.396
848.7,106.089,75.947,140.145,103.426,78.907,137.045,143.659,131.207,131.358
848.8,106.089,76.029,140.145,103.483,78.907,137.011,143.629,131.207,131.32
848.9,106.089,76.029,140.145,103.541,78.907,136.977,143.629,131.207,131.32
849.0,106.089,76.11,140.113,103.426,78.985,136.977,143.69,131.169,131.358
849.1,106.033,76.11,140.177,103.483,78.985,137.011,143.629,131.207,131.32
849.2,106.144,76.11,140.08,103.426,78.907,137.011,143.69,131.207,131.358
849.3,106.089,76.11,140.113,103.426,79.064,136.977,143.659,131.207,131.358
849.4,106.033,76.11,140.145,103.426,78.985,137.011,143.659,131.131,131.32
849.5,106.089,76.11,140.145,103.426,78.985,137.011,143.659,131.207,131.32
849.6,106.255,76.11,140.145,103.541,79.064,136.977,143.69,131.207,131.32
849.7,106.089,76.191,140.21,103.541,78.985,137.08,143.629,131.207,131.358
849.8,106.089,76.11,140.177,103.599,78.985,137.011,143.629,131.245,131.32
849.9,106.144,76.191,140.145,103.426,79.064,137.011,143.72,131.207,131.32
850.0,106.089,76.11,140.145,103.31,79.064,137.011,143.629,131.245,131.358
850.1,106.144,76.272,140.177,103.541,79.064,137.011,143.659,131.245,131.32
850.2,106.089,76.191,140.145,103.483,78.985,137.011,143.659,131.207,131.358
850.3,106.2,76.191,140.177,103.483,79.064,137.011,143.659,131.245,131.358
850.4,106.144,76.191,140.177,103.599,78.985,137.011,143.659,131.169,131.32
850.5,106.089,76.272,140.113,103.483,78.985,137.011,143.659,131.169,131.358
850.6,106.2,76.191,140.113,103.483,79.064,136.977,143.72,131.207,131.396
850.7,106.089,76.191,140.113,103.599,79.142,136.977,143.72,131.207,131.32
850.8,106.089,76.191,140.145,103.483,79.142,137.011,143.72,131.169,131.32
850.9,106.144,76.272,140.145,103.599,79.142,136.977,143.659,131.207,131.32
851.0,106.089,76.353,140.177,103.426,79.142,136.977,143.659,131.245,131.32
851.1,106.089,76.272,140.113,103.483,79.142,136.977,143.659,131.245,131.358
851.2,106.2,76.272,140.177,103.541,79.221,136.977,143.629,131.207,131.358
851.3,106.089,76.272,140.145,103.541,79.221,136.977,143.629,131.245,131.396
851.4,106.033,76.272,140.242,103.483,79.142,137.011,143.629,131.093,131.358
851.5,106.2,76.272,140.177,103.483,79.142,137.011,143.629,131.245,131.358
851.6,106.089,76.272,140.145,103.483,79.142,137.045,143.659,131.207,131.358
851.7,106.144,76.353,140.177,103.483,79.221,136.977,143.659,131.207,131.358
851.8,106.144,76.272,140.177,103.483,79.377,137.011,143.659,131.169,131.32
851.9,106.144,76.353,140.177,103.541,79.299,137.011,143.659,131.207,131.396
852.0,106.144,76.434,140.177,103.483,79.221,137.011,143.659,131.245,131.358
852.1,106.2,76.434,140.177,103.541,79.221,136.977,143.659,131.169,131.32
852.2,106.144,76.353,140.21,103.541,79.299,137.011,143.659,131.207,131.358
852.3,106.144,76.353,140.21,103.483,79.142,136.977,143.659,131.169,131.32
852.4,106.2,76.353,140.145,103.599,79.299,137.011,143.629,131.207,131.32
852.5,106.2,76.434,140.113,103.541,79.299,137.011,143.659,131.169,131.358
852.6,106.2,76.434,140.177,103.483,79.377,136.943,143.629,131.245,131.358
852.7,106.2,76.353,140.145,103.483,79.221,137.011,143.659,131.245,131.32
852.8,106.089,76.353,140.145,103.599,79.221,137.08,143.629,131.207,131.358
852.9,106.2,76.434,140.177,103.541,79.221,137.011,143.629,131.207,131.282
853.0,106.2,76.434,140.177,103.599,79.221,137.011,143.629,131.245,131.434
853.1,106.255,76.434,140.145,103.541,79.299,137.011,143.659,131.245,131.358
853.2,106.2,76.353,140.177,103.541,79.377,137.011,143.659,131.207,131.358
853.3,106.255,76.434,140.177,103.541,79.299,136.977,143.629,131.207,131.358
853.4,106.2,76.434,140.177,103.599,79.299,137.011,143.629,131.207,131.32
853.5,106.2,76.596,140.145,103.541,79.299,137.045,143.568,131.207,131.358
853.6,106.2,76.515,140.145,103.541,79.377,137.011,143.659,131.207,131.358
853.7,106.2,76.515,140.145,103.541,79.377,136.977,143.659,131.245,131.358
853.8,106.2,76.596,140.177,103.541,79.377,136.977,143.659,131.245,131.358
853.9,106.311,76.596,140.177,103.541,79.299,136.977,143.72,131.207,131.358
854.0,106.144,76.596,140.177,103.541,79.455,136.977,143.659,131.282,131.434
854.1,106.2,76.596,140.242,103.541,79.299,137.011,143.69,131.207,131.358
854.2,106.311,76.515,140.177,103.541,79.377,136.977,143.69,131.207,131.245
854.3,106.2,76.596,140.177,103.541,79.377,137.011,143.69,131.245,131.358
854.4,106.2,76.515,140.177,103.541,79.377,137.011,143.659,131.207,131.358
854.5,106.144,76.596,140.21,103.599,79.455,137.011,143.659,131.207,131.358
854.6,106.255,76.515,140.177,103.599,79.377,137.011,143.629,131.169,131.358
854.7,106.2,76.515,140.177,103.541,79.455,136.977,143.72,131.207,131.396
854.8,106.255,76.676,140.21,103.541,79.455,137.045,143.69,131.245,131.358
854.9,106.2,76.676,140.145,103.541,79.455,136.943,143.659,131.169,131.396
855.0,106.255,76.515,140.177,103.541,79.455,137.011,143.659,131.358,131.358
855.1,106.255,76.596,140.145,103.599,79.455,137.045,143.629,131.207,131.358
855.2,106.255,76.676,140.145,103.656,79.377,137.011,143.659,131.207,131.358
855.3,106.255,76.676,140.21,103.541,79.533,137.045,143.629,131.207,131.32
855.4,106.255,76.676,140.177,103.599,79.377,137.045,143.72,131.207,131.32
855.5,106.2,76.596,140.177,103.599,79.533,136.977,143.629,131.207,131.358
855.6,106.2,76.676,140.113,103.714,79.533,137.011,143.69,131.131,131.396
855.7,106.255,76.676,140.177,103.599,79.533,136.908,143.599,131.207,131.358
855.8,106.255,76.757,140.177,103.599,79.533,136.977,143.629,131.169,131.358
855.9,106.2,76.757,140.242,103.656,79.533,137.045,143.629,131.207,131.358
856.0,106.255,76.676,140.177,103.656,79.533,136.977,143.659,131.207,131.358
856.1,106.366,76.596,140.21,103.541,79.611,137.011,143.659,131.245,131.282
856.2,106.311,76.676,140.21,103.541,79.533,137.011,143.659,131.169,131.358
856.3,106.255,76.757,140.177,103.656,79.611,137.011,143.629,131.169,131.358
856.4,106.311,76.676,140.177,103.599,79.611,137.011,143.659,131.207,131.32
856.5,106.2,76.757,140.145,103.599,79.533,137.011,143.72,131.169,131.32
856.6,106.255,76.838,140.177,103.599,79.533,137.011,143.659,131.207,131.32
856.7,106.366,76.838,140.145,103.541,79.533,137.045,143.72,131.207,131.32
856.8,106.311,76.838,140.21,103.656,79.533,137.011,143.659,131.207,131.32
856.9,106.255,76.757,140.145,103.656,79.533,136.977,143.659,131.207,131.32
857.0,106.311,76.838,140.145,103.599,79.689,137.011,143.659,131.245,131.245
857.1,106.2,76.838,140.242,103.599,79.611,137.045,143.659,131.207,131.396
857.2,106.311,76.757,140.21,103.541,79.611,137.045,143.69,131.245,131.396
857.3,106.311,76.838,140.242,103.599,79.689,137.011,143.659,131.245,131.358
857.4,106.311,76.838,140.177,103.656,79.611,137.011,143.69,131.207,131.396
857.5,106.366,76.757,140.275,103.599,79.689,137.045,143.69,131.207,131.358
857.6,106.144,76.918,140.21,103.656,79.689,137.045,143.659,131.245,131.434
857.7,106.311,76.918,140.177,103.599,79.767,137.011,143.659,131.207,131.396
857.8,106.366,76.999,140.177,103.656,79.689,136.977,143.69,131.245,131.396
857.9,106.311,76.918,140.177,103.656,79.689,137.045,143.659,131.207,131.358
858.0,106.366,76.999,140.145,103.599,79.689,137.045,143.659,131.245,131.358
858.1,106.311,76.918,140.177,103.599,79.689,137.045,143.659,131.207,131.282
858.2,106.311,76.918,140.177,103.656,79.767,137.011,143.72,131.207,131.358
858.3,106.311,77.079,140.177,103.599,79.767,137.011,143.659,131.282,131.32
858.4,106.366,76.918,140.21,103.599,79.767,137.045,143.69,131.32,131.358
858.5,106.311,76.999,140.145,103.656,79.767,137.045,143.659,131.207,131.396
858.6,106.366,76.999,140.242,103.656,79.845,137.011,143.659,131.207,131.358
858.7,106.311,77.079,140.275,103.714,79.845,137.011,143.659,131.282,131.396
858.8,106.311,77.079,140.21,103.656,79.845,137.011,143.659,131.245,131.32
858.9,106.366,77.079,140.242,103.599,79.845,137.045,143.659,131.245,131.358
859.0,106.366,77.079,140.242,103.599,79.923,137.011,143.69,131.207,131.358
859.1,106.255,77.079,140.21,103.656,80.0,137.045,143.568,131.245,131.396
859.2,106.311,77.159,140.242,103.656,79.845,137.045,143.659,131.245,131.509
859.3,106.366,77.079,140.177,103.656,79.845,137.011,143.659,131.245,131.396
859.4,106.311,77.079,140.275,103.714,80.0,137.011,143.659,131.207,131.358
859.5,106.311,77.159,140.275,103.656,79.845,137.011,143.659,131.245,131.358
859.6,106.366,77.079,140.242,103.656,79.923,137.011,143.659,131.245,131.396
859.7,106.366,77.159,140.21,103.656,79.923,137.045,143.659,131.207,131.396
859.8,106.311,77.159,140.242,103.541,80.0,137.045,143.69,131.282,131.358
859.9,106.366,77.239,140.242,103.599,79.923,137.011,143.659,131.282,131.358
860.0,106.366,77.159,140.21,103.599,79.923,137.045,143.659,131.207,131.434
860.1,106.422,77.159,140.21,103.714,79.923,137.011,143.659,131.245,131.358
860.2,106.366,77.239,140.21,103.599,79.923,137.011,143.659,131.245,131.358
860.3,106.366,77.159,140.177,103.656,80.0,137.045,143.659,131.245,131.358
860.4,106.366,77.239,140.242,103.656,80.156,137.011,143.69,131.245,131.358
860.5,106.366,77.239,140.242,103.714,80.0,137.045,143.659,131.207,131.396
860.6,106.366,77.159,140.242,103.714,80.0,137.011,143.659,131.207,131.32
860.7,106.366,77.32,140.242,103.714,79.923,137.011,143.659,131.207,131.358
860.8,106.366,77.239,140.21,103.771,80.078,137.045,143.659,131.245,131.358
860.9,106.422,77.32,140.113,103.656,80.0,137.045,143.659,131.207,131.396
861.0,106.366,77.32,140.21,103.714,80.078,137.045,143.629,131.207,131.358
861.1,106.366,77.239,140.242,103.771,80.078,137.045,143.659,131.282,131.358
861.2,106.366,77.48,140.275,103.656,80.156,137.045,143.69,131.245,131.358
861.3,106.422,77.32,140.21,103.714,80.078,137.045,143.72,131.282,131.358
861.4,106.422,77.32,140.21,103.714,80.078,137.045,143.629,131.245,131.358
861.5,106.422,77.32,140.242,103.656,80.156,137.114,143.69,131.207,131.358
861.6,106.422,77.4,140.21,103.714,80.078,137.011,143.69,131.207,131.358
861.7,106.422,77.32,140.21,103.771,80.078,137.045,143.69,131.245,131.471
861.8,106.422,77.4,140.21,103.714,80.078,137.011,143.659,131.245,131.396
861.9,106.477,77.4,140.242,103.714,80.078,137.011,143.659,131.245,131.396
862.0,106.422,77.4,140.275,103.714,80.156,137.08,143.69,131.245,131.471
862.1,106.422,77.4,140.242,103.714,80.078,137.045,143.72,131.207,131.358
862.2,106.422,77.48,140.21,103.829,80.156,137.045,143.69,131.169,131.358
862.3,106.366,77.4,140.275,103.771,80.233,137.045,143.69,131.282,131.358
862.4,106.311,77.4,140.307,103.714,80.0,137.045,143.69,131.282,131.358
862.5,106.477,77.4,140.242,103.656,80.233,137.08,143.659,131.207,131.434
862.6,106.477,77.4,140.113,103.771,80.233,137.148,143.629,131.245,131.358
862.7,106.477,77.48,140.177,103.714,80.156,137.011,143.629,131.207,131.396
862.8,106.477,77.48,140.275,103.714,80.233,137.045,143.69,131.245,131.396
862.9,106.532,77.48,140.275,103.714,80.156,137.045,143.72,131.245,131.358
863.0,106.422,77.48,140.21,103.714,80.31,137.045,143.659,131.207,131.358
863.1,106.422,77.56,140.21,103.714,80.233,137.045,143.72,131.207,131.396
863.2,106.477,77.48,140.21,103.714,80.233,137.08,143.72,131.245,131.471
863.3,106.477,77.4,140.21,103.714,80.233,137.045,143.659,131.245,131.396
863.4,106.477,77.48,140.275,103.714,80.233,137.08,143.629,131.245,131.245
863.5,106.588,77.56,140.21,103.714,80.31,137.045,143.72,131.245,131.396
863.6,106.477,77.48,140.242,103.829,80.388,137.011,143.69,131.207,131.396
863.7,106.422,77.719,140.275,103.771,80.31,137.011,143.69,131.245,131.434
863.8,106.477,77.56,140.275,103.829,80.156,137.011,143.629,131.245,131.396
863.9,106.532,77.56,140.275,103.714,80.233,137.045,143.72,131.169,131.358
864.0,106.532,77.48,140.275,103.714,80.31,137.045,143.69,131.245,131.282
864.1,106.477,77.639,140.21,103.714,80.388,137.08,143.659,131.245,131.434
864.2,106.532,77.639,140.177,103.771,80.388,137.114,143.69,131.207,131.358
864.3,106.477,77.56,140.242,103.771,80.388,137.045,143.69,131.282,131.434
864.4,106.477,77.719,140.275,103.656,80.465,137.045,143.659,131.169,131.396
864.5,106.477,77.639,140.242,103.771,80.388,137.114,143.659,131.245,131.434
864.6,106.477,77.719,140.21,103.714,80.388,137.08,143.69,131.131,131.358
864.7,106.477,77.719,140.242,103.714,80.31,137.114,143.69,131.245,131.396
864.8,106.422,77.639,140.242,103.714,80.388,137.045,143.72,131.245,131.434
864.9,106.477,77.719,140.242,103.771,80.388,137.08,143.659,131.245,131.471
865.0,106.532,77.799,140.21,103.771,80.388,137.045,143.781,131.282,131.434
865.1,106.477,77.639,140.21,103.714,80.388,136.977,143.659,131.358,131.434
865.2,106.532,77.799,140.242,103.829,80.465,137.045,143.599,131.245,131.245
865.3,106.477,77.719,140.275,103.771,80.542,137.08,143.69,131.245,131.396
865.4,106.588,77.799,140.307,103.771,80.388,137.045,143.69,131.282,131.471
865.5,106.477,77.799,140.275,103.771,80.465,137.045,143.72,131.245,131.358
865.6,106.532,77.799,140.275,103.886,80.465,137.08,143.629,131.282,131.396
865.7,106.477,77.719,140.307,103.771,80.542,137.011,143.659,131.282,131.358
865.8,106.532,77.719,140.242,103.829,80.465,136.977,143.69,131.245,131.471
865.9,106.477,77.799,140.242,103.771,80.388,137.045,143.659,131.282,131.396
866.0,106.477,77.878,140.275,103.771,80.542,137.08,143.659,131.245,131.358
866.1,106.532,77.799,140.242,103.714,80.542,137.114,143.69,131.169,131.358
866.2,106.477,77.799,140.242,103.771,80.542,137.045,143.69,131.207,131.396
866.3,106.532,77.878,140.242,103.771,80.619,137.08,143.72,131.245,131.358
866.4,106.532,77.799,140.275,103.714,80.542,137.08,143.629,131.245,131.358
866.5,106.532,77.878,140.275,103.771,80.542,137.114,143.568,131.245,131.396
866.6,106.532,77.958,140.275,103.771,80.619,137.08,143.69,131.245,131.396
866.7,106.532,77.958,140.307,103.771,80.619,137.08,143.659,131.207,131.396
866.8,106.477,77.958,140.242,103.599,80.619,137.045,143.69,131.282,131.396
866.9,106.532,77.878,140.242,103.771,80.696,137.011,143.72,131.282,131.358
867.0,106.477,77.958,140.275,103.771,80.619,137.011,143.72,131.245,131.396
867.1,106.532,77.958,140.242,103.829,80.696,137.114,143.72,131.245,131.396
867.2,106.532,77.958,140.21,103.829,80.696,137.011,143.781,131.245,131.396
867.3,106.532,77.958,140.275,103.886,80.696,137.045,143.751,131.245,131.358
867.4,106.532,77.958,140.307,103.771,80.619,137.011,143.659,131.207,131.396
867.5,106.532,77.958,140.242,103.771,80.696,136.977,143.659,131.245,131.396
867.6,106.532,77.958,140.275,103.771,80.619,137.045,143.69,131.207,131.547
867.7,106.532,77.958,140.275,103.829,80.696,137.08,143.69,131.245,131.32
867.8,106.532,78.037,140.242,103.771,80.619,137.045,143.69,131.245,131.434
867.9,106.532,77.958,140.242,103.829,80.696,137.045,143.599,131.207,131.396
868.0,106.588,77.958,140.307,103.771,80.619,137.045,143.659,131.207,131.358
868.1,106.588,77.958,140.307,103.829,80.696,137.045,143.659,131.245,131.434
868.2,106.532,77.958,140.275,103.714,80.696,137.045,143.659,131.245,131.32
868.3,106.588,78.037,140.275,103.829,80.696,137.148,143.599,131.245,131.434
868.4,106.588,78.196,140.275,103.771,80.773,137.045,143.69,131.245,131.434
868.5,106.532,78.037,140.242,103.771,80.773,137.08,143.72,131.245,131.358
868.6,106.588,78.037,140.307,103.771,80.696,137.045,143.751,131.245,131.396
868.7,106.532,78.117,140.275,103.829,80.85,137.08,143.659,131.207,131.471
868.8,106.588,78.117,140.275,103.829,80.85,137.114,143.72,131.245,131.434
868.9,106.588,78.117,140.242,103.829,80.85,137.08,143.659,131.245,131.471
869.0,106.532,78.196,140.275,103.829,80.85,137.045,143.751,131.245,131.396
869.1,106.698,78.117,140.307,103.886,80.85,137.011,143.659,131.207,131.396
869.2,106.588,78.117,140.307,103.771,81.004,137.045,143.72,131.245,131.434
869.3,106.588,78.196,140.307,103.829,80.85,137.08,143.69,131.245,131.434
869.4,106.532,78.275,140.275,103.886,80.773,137.114,143.69,131.245,131.434
869.5,106.588,78.117,140.275,103.829,80.927,137.08,143.659,131.282,131.396
869.6,106.588,78.196,140.307,103.886,80.85,137.114,143.69,131.245,131.358
869.7,106.753,78.275,140.275,103.886,80.927,137.045,143.659,131.245,131.358
869.8,106.588,78.196,140.339,103.886,80.85,137.08,143.659,131.282,131.396
869.9,106.643,78.196,140.242,103.886,81.004,137.08,143.69,131.282,131.396
870.0,106.643,78.196,140.275,103.829,80.927,137.08,143.659,131.245,131.396
870.1,106.588,78.196,140.275,103.886,80.927,137.08,143.659,131.245,131.396
870.2,106.643,78.196,140.339,103.771,80.927,137.08,143.659,131.282,131.396
870.3,106.698,78.196,140.145,103.886,80.927,137.08,143.659,131.282,131.434
870.4,106.588,78.275,140.275,103.829,80.927,137.045,143.659,131.245,131.434
870.5,106.643,78.275,140.275,103.829,80.927,137.045,143.659,131.245,131.396
870.6,106.588,78.275,140.275,104.0,81.004,137.114,143.72,131.245,131.396
870.7,106.588,78.275,140.307,103.886,81.004,137.114,143.659,131.245,131.434
870.8,106.643,78.355,140.275,103.886,81.004,137.08,143.629,131.282,131.396
870.9,106.588,78.355,140.275,103.886,81.004,137.08,143.69,131.282,131.396
871.0,106.643,78.275,140.242,103.829,81.004,137.08,143.629,131.207,131.358
871.1,106.698,78.275,140.339,103.943,81.004,137.08,143.659,131.245,131.396
871.2,106.698,78.355,140.339,103.886,81.004,137.045,143.72,131.282,131.396
871.3,106.698,78.355,140.275,103.771,81.08,137.045,143.629,131.207,131.396
871.4,106.698,78.275,140.275,103.886,81.08,137.08,143.72,131.207,131.396
871.5,106.643,78.355,140.275,103.886,81.004,137.045,143.69,131.245,131.434
871.6,106.643,78.355,140.275,103.829,81.08,137.011,143.69,131.207,131.396
871.7,106.698,78.355,140.339,103.886,80.927,137.08,143.69,131.245,131.396
871.8,106.643,78.355,140.275,103.886,81.157,137.045,143.69,131.245,131.358
871.9,106.588,78.434,140.307,103.886,81.004,137.08,143.659,131.282,131.396
872.0,106.698,78.434,140.275,103.886,81.157,137.08,143.72,131.282,131.396
872.1,106.643,78.513,140.307,103.886,81.08,137.08,143.781,131.207,131.434
872.2,106.643,78.513,140.275,103.886,81.08,137.114,143.69,131.282,131.434
872.3,106.643,78.355,140.275,103.943,81.157,137.08,143.69,131.245,131.396
872.4,106.698,78.434,140.275,103.886,81.157,137.114,143.69,131.282,131.396
872.5,106.698,78.513,140.275,103.886,81.157,137.08,143.72,131.245,131.396
872.6,106.588,78.513,140.339,103.886,81.234,137.114,143.72,131.245,131.396
872.7,106.698,78.434,140.339,103.886,81.157,137.114,143.751,131.245,131.396
872.8,106.698,78.513,140.242,103.886,81.157,137.114,143.659,131.245,131.396
872.9,106.698,78.434,140.145,103.943,81.157,137.08,143.69,131.245,131.396
873.0,106.643,78.434,140.275,103.886,81.157,137.08,143.72,131.282,131.396
873.1,106.753,78.513,140.307,103.943,81.157,137.08,143.72,131.245,131.434
873.2,106.643,78.592,140.307,103.886,81.157,137.045,143.72,131.245,131.396
873.3,106.643,78.513,140.372,103.886,81.234,137.045,143.72,131.245,131.396
873.4,106.698,78.513,140.275,103.886,81.31,137.08,143.69,131.282,131.396
873.5,106.643,78.592,140.307,103.943,81.234,137.08,143.69,131.358,131.396
873.6,106.643,78.592,140.307,103.886,81.234,137.08,143.659,131.245,131.396
873.7,106.643,78.592,140.275,103.886,81.31,137.08,143.659,131.245,131.396
873.8,106.698,78.592,140.307,103.829,81.386,137.08,143.659,131.207,131.434
873.9,106.698,78.513,140.275,103.886,81.157,137.08,143.72,131.245,131.396
874.0,106.698,78.513,140.339,103.943,81.234,137.08,143.629,131.245,131.396
874.1,106.698,78.671,140.307,103.886,81.234,137.08,143.659,131.245,131.396
874.2,106.698,78.513,140.307,103.886,81.31,137.045,143.659,131.207,131.396
874.3,106.698,78.513,140.242,103.943,81.386,137.045,143.69,131.245,131.396
874.4,106.698,78.513,140.307,103.886,81.31,137.08,143.659,131.245,131.396
874.5,106.698,78.671,140.307,103.943,81.234,137.08,143.72,131.207,131.434
874.6,106.698,78.592,140.307,103.943,81.386,137.114,143.599,131.32,131.434
874.7,106.753,78.671,140.242,103.886,81.31,137.08,143.69,131.245,131.434
874.8,106.698,78.671,140.307,103.886,81.386,137.148,143.69,131.245,131.471
874.9,106.698,78.513,140.307,103.943,81.386,137.114,143.72,131.245,131.434
875.0,106.698,78.749,140.307,103.943,81.31,137.011,143.659,131.245,131.471
875.1,106.808,78.749,140.339,103.829,81.386,137.08,143.72,131.245,131.396
875.2,106.698,78.749,140.339,103.943,81.539,137.114,143.69,131.282,131.471
875.3,106.698,78.749,140.339,103.943,81.386,137.08,143.69,131.32,131.396
875.4,106.698,78.749,140.404,103.943,81.463,137.011,143.69,131.245,131.434
875.5,106.753,78.749,140.275,103.943,81.463,137.114,143.629,131.282,131.358
875.6,106.753,78.671,140.307,103.943,81.463,137.08,143.69,131.282,131.471
875.7,106.698,78.749,140.372,103.886,81.386,137.045,143.659,131.245,131.396
875.8,106.753,78.828,140.307,103.886,81.539,137.045,143.72,131.32,131.434
875.9,106.698,78.907,140.307,103.943,81.539,137.114,143.72,131.282,131.471
876.0,106.808,78.828,140.372,103.943,81.386,137.114,143.751,131.282,131.396
876.1,106.753,78.828,140.339,103.943,81.539,137.114,143.69,131.245,131.434
876.2,106.698,78.828,140.307,103.943,81.539,137.08,143.72,131.282,131.396
876.3,106.753,78.828,140.307,103.943,81.539,137.08,143.69,131.282,131.471
876.4,106.753,78.828,140.275,103.886,81.539,137.08,143.811,131.282,131.434
876.5,106.698,78.828,140.339,103.943,81.539,137.114,143.72,131.245,131.434
876.6,106.698,78.907,140.307,104.058,81.615,137.114,143.69,131.282,131.434
876.7,106.753,78.828,140.339,103.886,81.463,137.114,143.69,131.207,131.396
876.8,106.753,78.828,140.307,104.0,81.691,137.114,143.69,131.282,131.396
876.9,106.808,79.064,140.307,103.943,81.539,137.08,143.69,131.282,131.396
877.0,106.753,78.828,140.307,103.829,81.539,137.08,143.72,131.358,131.396
877.1,106.808,78.907,140.339,103.943,81.615,137.114,143.69,131.282,131.396
877.2,106.753,78.907,140.339,104.0,81.539,137.08,143.69,131.282,131.434
877.3,106.753,78.907,140.372,103.943,81.615,137.114,143.69,131.282,131.471
877.4,106.808,78.828,140.275,103.943,81.615,137.08,143.69,131.245,131.396
877.5,106.808,78.907,140.339,103.943,81.615,137.08,143.659,131.282,131.434
877.6,106.753,78.985,140.339,103.943,81.615,137.148,143.72,131.245,131.396
877.7,106.698,79.064,140.339,103.943,81.615,137.114,143.72,131.245,131.396
877.8,106.753,78.907,140.307,103.943,81.691,137.148,143.751,131.32,131.434
877.9,106.753,78.985,140.372,103.943,81.691,137.114,143.72,131.282,131.434
878.0,106.753,78.985,140.307,103.943,81.691,137.114,143.69,131.207,131.396
878.1,106.753,78.985,140.339,104.0,81.691,137.08,143.69,131.245,131.434
878.2,106.753,78.985,140.275,104.0,81.691,137.114,143.72,131.245,131.434
878.3,106.808,79.064,140.372,104.115,81.615,137.08,143.659,131.282,131.434
878.4,106.808,79.064,140.339,104.058,81.843,137.08,143.72,131.32,131.434
878.5,106.753,79.064,140.339,103.943,81.767,137.08,143.659,131.32,131.471
878.6,106.808,79.064,140.307,104.0,81.767,137.08,143.69,131.207,131.396
878.7,106.753,79.064,140.372,103.943,81.691,137.114,143.659,131.245,131.434
878.8,106.863,79.064,140.307,103.943,81.767,137.08,143.69,131.282,131.434
878.9,106.808,79.064,140.307,104.0,81.767,137.08,143.69,131.282,131.434
879.0,106.808,79.142,140.339,103.943,81.767,137.114,143.659,131.245,131.434
879.1,106.863,79.064,140.372,104.0,81.767,137.216,143.69,131.32,131.434
879.2,106.863,79.299,140.339,103.943,81.767,137.114,143.811,131.245,131.396
879.3,106.753,79.142,140.339,104.058,81.767,137.08,143.659,131.32,131.396
879.4,106.808,79.064,140.339,103.943,81.767,137.114,143.72,131.282,131.434
879.5,106.808,79.064,140.372,104.0,81.919,137.08,143.72,131.282,131.434
879.6,106.863,79.142,140.339,103.943,81.919,137.114,143.72,131.282,131.434
879.7,106.753,79.142,140.339,104.058,81.843,137.08,143.69,131.282,131.434
879.8,106.808,79.221,140.339,103.943,81.843,137.114,143.69,131.282,131.434
879.9,106.918,79.142,140.372,104.0,81.919,137.114,143.72,131.282,131.396
880.0,106.698,79.142,140.307,104.058,81.995,137.114,143.751,131.282,131.434
880.1,106.808,79.299,140.339,104.0,81.843,137.114,143.72,131.282,131.509
880.2,106.808,79.299,140.275,104.0,81.843,137.114,143.72,131.282,131.547
880.3,106.808,79.221,140.339,104.058,81.995,137.148,143.72,131.282,131.471
880.4,106.808,79.221,140.404,104.0,81.995,137.114,143.72,131.282,131.434
880.5,106.808,79.299,140.242,104.0,81.919,137.08,143.72,131.282,131.434
880.6,106.808,79.299,140.307,104.0,81.919,137.148,143.69,131.245,131.434
880.7,106.808,79.299,140.339,104.0,81.995,137.114,143.69,131.282,131.396
880.8,106.808,79.377,140.307,104.058,81.919,137.114,143.811,131.282,131.509
880.9,106.918,79.299,140.339,104.0,81.995,137.114,143.72,131.282,131.471
881.0,106.808,79.299,140.339,104.0,81.995,137.148,143.69,131.282,131.471
881.1,106.863,79.221,140.339,104.058,82.071,137.148,143.72,131.282,131.509
881.2,106.863,79.299,140.339,104.0,81.995,137.08,143.72,131.282,131.471
881.3,106.863,79.455,140.372,104.0,81.995,137.114,143.69,131.282,131.434
881.4,106.863,79.377,140.339,104.058,81.995,137.114,143.751,131.282,131.434
881.5,106.863,79.377,140.339,104.058,82.071,137.114,143.72,131.282,131.471
881.6,106.863,79.299,140.339,104.0,82.071,137.114,143.69,131.358,131.471
881.7,106.973,79.377,140.372,104.058,82.071,137.148,143.751,131.245,131.471
881.8,106.973,79.377,140.372,104.0,82.071,137.148,143.72,131.245,131.434
881.9,106.808,79.377,140.339,104.0,82.071,137.08,143.69,131.282,131.471
882.0,106.808,79.377,140.339,104.058,82.071,137.114,143.72,131.282,131.471
882.1,106.808,79.377,140.339,104.058,81.995,137.114,143.781,131.245,131.396
882.2,106.918,79.377,140.436,104.0,82.147,137.114,143.69,131.245,131.434
882.3,106.863,79.455,140.372,104.0,82.147,137.148,143.69,131.282,131.396
882.4,106.918,79.377,140.372,104.058,82.147,137.08,143.811,131.282,131.471
882.5,106.808,79.455,140.339,103.943,82.222,137.114,143.72,131.282,131.396
882.6,106.863,79.455,140.339,104.058,82.147,137.114,143.72,131.32,131.434
882.7,106.863,79.455,140.404,104.0,82.147,137.114,143.69,131.282,131.434
882.8,106.808,79.455,140.404,104.0,82.147,137.114,143.69,131.282,131.32
882.9,106.863,79.455,140.404,104.0,82.147,137.148,143.69,131.358,131.471
883.0,106.863,79.377,140.372,104.058,82.147,137.148,143.659,131.282,131.471
883.1,106.973,79.455,140.339,104.0,82.147,137.114,143.72,131.358,131.471
883.2,106.808,79.533,140.372,104.058,82.147,137.08,143.72,131.32,131.471
883.3,106.863,79.533,140.372,104.058,82.222,137.114,143.72,131.282,131.434
883.4,106.863,79.533,140.372,104.058,82.147,137.114,143.659,131.282,131.471
883.5,106.918,79.455,140.372,104.058,82.071,137.08,143.69,131.245,131.434
883.6,106.863,79.533,140.339,104.115,82.222,137.114,143.69,131.282,131.434
883.7,106.973,79.455,140.372,104.058,82.222,137.148,143.72,131.358,131.471
883.8,106.863,79.299,140.468,104.058,82.222,137.114,143.69,131.282,131.434
883.9,106.863,79.611,140.307,104.115,82.298,137.148,143.751,131.282,131.32
884.0,106.863,79.611,140.404,104.058,82.222,137.148,143.751,131.282,131.471
884.1,106.918,79.455,140.404,104.058,82.298,137.08,143.72,131.282,131.434
884.2,106.863,79.611,140.372,104.115,82.298,137.148,143.72,131.282,131.434
884.3,106.863,79.611,140.372,104.058,82.222,137.114,143.72,131.245,131.434
884.4,106.918,79.611,140.372,104.0,82.298,137.148,143.72,131.32,131.434
884.5,106.863,79.533,140.372,104.115,82.298,137.114,143.751,131.282,131.32
884.6,106.863,79.611,140.372,104.115,82.298,137.114,143.751,131.32,131.471
884.7,106.973,79.611,140.404,104.058,82.298,137.114,143.69,131.282,131.396
884.8,106.918,79.611,140.307,104.0,82.298,137.148,143.72,131.282,131.434
884.9,106.973,79.611,140.372,104.058,82.373,137.08,143.72,131.32,131.471
885.0,107.028,79.689,140.372,104.0,82.373,137.148,143.751,131.282,131.509
885.1,106.918,79.611,140.372,104.058,82.298,137.148,143.72,131.32,131.509
885.2,106.918,79.689,140.372,104.058,82.373,137.148,143.72,131.32,131.396
885.3,106.918,79.611,140.339,104.0,82.373,137.08,143.781,131.32,131.471
885.4,106.918,79.767,140.372,104.058,82.373,137.148,143.72,131.245,131.471
885.5,106.918,79.767,140.372,104.115,82.373,137.148,143.72,131.32,131.396
885.6,106.863,79.767,140.307,104.115,82.449,137.148,143.72,131.32,131.509
885.7,106.698,79.689,140.372,104.058,82.298,137.114,143.72,131.282,131.396
885.8,106.918,79.767,140.372,104.115,82.524,137.114,143.72,131.32,131.434
885.9,106.918,79.689,140.372,104.058,82.449,137.114,143.72,131.396,131.471
886.0,106.918,79.689,140.339,104.058,82.373,137.114,143.659,131.32,131.434
886.1,106.918,79.767,140.372,104.115,82.449,137.114,143.72,131.282,131.471
886.2,106.918,79.767,140.372,104.058,82.449,137.114,143.69,131.282,131.471
886.3,106.918,79.845,140.372,104.058,82.449,137.148,143.69,131.282,131.471
886.4,106.918,79.767,140.372,104.115,82.524,137.114,143.69,131.282,131.471
886.5,106.918,79.845,140.307,104.058,82.524,137.148,143.751,131.32,131.509
886.6,106.918,79.767,140.404,104.115,82.524,137.148,143.72,131.358,131.434
886.7,106.918,79.767,140.404,104.058,82.599,137.114,143.69,131.282,131.471
886.8,106.973,79.845,140.372,104.058,82.675,137.182,143.629,131.32,131.396
886.9,106.973,79.845,140.404,104.058,82.599,137.114,143.72,131.282,131.434
887.0,106.863,79.767,140.339,104.115,82.599,137.114,143.72,131.282,131.509
887.1,106.918,79.767,140.404,104.058,82.599,137.114,143.69,131.32,131.471
887.2,106.918,79.845,140.404,104.115,82.524,137.08,143.72,131.396,131.509
887.3,106.973,79.923,140.372,104.115,82.675,137.114,143.72,131.32,131.434
887.4,106.918,79.767,140.404,104.115,82.675,137.148,143.781,131.282,131.434
887.5,107.028,79.845,140.404,104.115,82.599,137.114,143.811,131.32,131.471
887.6,106.973,79.923,140.404,104.115,82.599,137.114,143.69,131.32,131.396
887.7,106.918,79.923,140.339,104.172,82.675,137.148,143.69,131.32,131.471
887.8,106.918,79.923,140.436,104.115,82.599,137.114,143.751,131.282,131.547
887.9,106.973,79.923,140.372,104.115,82.675,137.114,143.72,131.32,131.509
888.0,106.918,79.923,140.372,104.058,82.675,137.148,143.72,131.169,131.434
888.1,106.973,80.0,140.436,104.115,82.825,137.182,143.751,131.32,131.471
888.2,107.028,80.0,140.339,104.115,82.599,137.148,143.72,131.32,131.471
888.3,106.973,79.923,140.372,104.229,82.675,137.148,143.72,131.32,131.471
888.4,106.973,79.923,140.372,104.115,82.675,137.182,143.659,131.282,131.509
888.5,106.973,80.0,140.372,104.172,82.75,137.182,143.72,131.282,131.509
888.6,107.028,79.923,140.372,104.172,82.675,137.08,143.72,131.282,131.471
888.7,106.973,80.0,140.436,104.115,82.675,137.148,143.69,131.282,131.471
888.8,107.028,80.0,140.404,104.115,82.75,137.114,143.751,131.245,131.471
888.9,107.028,80.0,140.404,104.172,82.75,137.114,143.72,131.32,131.434
889.0,106.973,80.0,140.404,104.172,82.75,137.148,143.72,131.32,131.434
889.1,106.863,80.0,140.372,104.172,82.75,137.114,143.72,131.358,131.434
889.2,106.973,80.0,140.404,104.115,82.825,137.114,143.69,131.396,131.471
889.3,106.918,80.078,140.404,104.172,82.75,137.114,143.72,131.396,131.471
889.4,106.973,80.078,140.372,104.115,82.825,137.148,143.72,131.32,131.434
889.5,106.918,80.078,140.339,104.172,82.825,137.148,143.751,131.282,131.471
889.6,107.028,80.078,140.372,104.229,82.75,137.148,143.751,131.32,131.471
889.7,106.918,80.156,140.404,104.172,82.825,137.148,143.72,131.32,131.434
889.8,106.973,80.078,140.436,104.115,82.825,137.148,143.69,131.282,131.509
889.9,107.028,80.156,140.404,104.172,82.9,137.148,143.72,131.32,131.471
890.0,106.973,80.156,140.436,104.172,82.9,137.148,143.72,131.282,131.509
890.1,107.083,80.156,140.404,104.172,82.9,137.114,143.72,131.282,131.471
890.2,107.028,80.078,140.436,104.172,82.9,137.114,143.751,131.32,131.509
890.3,107.028,80.156,140.404,104.286,82.9,137.148,143.69,131.32,131.396
890.4,107.028,80.156,140.372,104.172,82.975,137.148,143.72,131.282,131.471
890.5,107.028,80.156,140.307,104.172,82.9,137.148,143.751,131.32,131.471
890.6,107.028,80.156,140.404,104.115,82.975,137.182,143.811,131.358,131.471
890.7,106.918,80.233,140.404,104.172,82.975,137.148,143.72,131.282,131.471
890.8,107.083,80.31,140.404,104.115,82.975,137.114,143.751,131.282,131.434
890.9,107.028,80.31,140.404,104.115,83.125,137.182,143.72,131.282,131.471
891.0,106.973,80.233,140.404,104.172,82.975,137.148,143.72,131.32,131.471
891.1,107.028,80.31,140.404,104.172,82.975,137.148,143.751,131.245,131.509
891.2,107.028,80.233,140.404,104.058,83.199,137.148,143.69,131.207,131.471
891.3,107.028,80.31,140.372,104.172,82.9,137.182,143.72,131.32,131.471
891.4,107.028,80.233,140.404,104.172,82.975,137.148,143.659,131.32,131.471
891.5,107.028,80.31,140.404,104.172,83.05,137.182,143.72,131.396,131.509
891.6,107.138,80.388,140.468,104.172,83.05,137.148,143.781,131.32,131.434
891.7,107.028,80.31,140.404,104.172,82.975,137.148,143.69,131.282,131.471
891.8,106.973,80.31,140.404,104.229,83.05,137.182,143.69,131.32,131.471
891.9,107.083,80.31,140.501,104.172,83.05,137.182,143.751,131.32,131.434
892.0,107.083,80.388,140.404,104.172,83.05,137.148,143.811,131.32,131.509
892.1,107.028,80.388,140.404,104.172,83.05,137.182,143.72,131.358,131.509
892.2,107.083,80.31,140.468,104.229,83.125,137.114,143.72,131.358,131.547
892.3,107.138,80.388,140.436,104.229,83.125,137.216,143.751,131.32,131.471
892.4,107.028,80.388,140.404,104.172,83.125,137.148,143.781,131.32,131.509
892.5,107.083,80.31,140.404,104.286,83.199,137.182,143.72,131.358,131.509
892.6,107.083,80.465,140.436,104.229,83.125,137.114,143.751,131.32,131.509
892.7,107.083,80.388,140.404,104.229,83.125,137.182,143.751,131.434,131.471
892.8,107.083,80.388,140.404,104.172,83.274,137.148,143.781,131.32,131.509
892.9,107.083,80.465,140.404,104.172,83.274,137.182,143.781,131.32,131.509
893.0,107.083,80.465,140.468,104.172,83.199,137.182,143.751,131.282,131.471
893.1,107.083,80.388,140.436,104.172,83.125,137.182,143.72,131.32,131.471
893.2,107.138,80.465,140.404,104.172,83.199,137.148,143.659,131.358,131.471
893.3,107.028,80.388,140.468,104.172,83.274,137.182,143.72,131.32,131.471
893.4,107.083,80.542,140.339,104.172,83.199,137.148,143.72,131.358,131.509
893.5,107.193,80.465,140.404,104.286,83.199,137.182,143.72,131.32,131.434
893.6,107.138,80.465,140.436,104.115,83.274,137.182,143.751,131.32,131.584
893.7,107.028,80.465,140.436,104.229,83.274,137.148,143.751,131.282,131.471
893.8,107.028,80.542,140.404,104.172,83.274,137.182,143.751,131.32,131.471
893.9,107.138,80.465,140.372,104.229,83.274,137.216,143.841,131.358,131.471
894.0,107.083,80.542,140.404,104.229,83.274,137.148,143.72,131.32,131.434
894.1,107.028,80.542,140.468,104.172,83.274,137.148,143.72,131.32,131.509
894.2,107.028,80.542,140.468,104.058,83.423,137.182,143.751,131.32,131.471
894.3,107.083,80.542,140.436,104.229,83.274,137.216,143.751,131.358,131.471
894.4,107.083,80.619,140.436,104.229,83.274,137.148,143.751,131.32,131.471
894.5,107.083,80.542,140.436,104.229,83.125,137.182,143.751,131.32,131.471
894.6,107.083,80.619,140.597,104.115,83.349,137.182,143.72,131.32,131.434
894.7,107.083,80.619,140.436,104.229,83.349,137.148,143.69,131.32,131.509
894.8,107.083,80.696,140.468,104.286,83.349,137.182,143.72,131.32,131.509
894.9,107.083,80.696,140.468,104.343,83.423,137.182,143.72,131.207,131.471
895.0,107.138,80.619,140.436,104.229,83.423,137.216,143.72,131.358,131.471
895.1,107.083,80.696,140.436,104.229,83.423,137.148,143.72,131.282,131.509
895.2,107.138,80.696,140.436,104.229,83.423,137.251,143.751,131.396,131.509
895.3,107.083,80.696,140.468,104.229,83.498,137.148,143.751,131.358,131.509
895.4,107.138,80.696,140.468,104.286,83.498,137.148,143.751,131.358,131.471
895.5,107.083,80.696,140.404,104.286,83.498,137.148,143.751,131.32,131.471
895.6,107.083,80.773,140.436,104.286,83.423,137.148,143.751,131.358,131.509
895.7,107.138,80.696,140.468,104.229,83.423,137.182,143.751,131.32,131.471
895.8,107.138,80.773,140.436,104.229,83.498,137.216,143.811,131.358,131.509
895.9,107.138,80.773,140.468,104.229,83.572,137.182,143.751,131.358,131.509
896.0,107.083,80.696,140.436,104.229,83.572,137.182,143.72,131.32,131.547
896.1,107.138,80.773,140.468,104.229,83.572,137.251,143.751,131.32,131.509
896.2,107.138,80.773,140.436,104.286,83.572,137.148,143.72,131.32,131.509
896.3,107.138,80.927,140.468,104.172,83.572,137.251,143.751,131.358,131.509
896.4,107.083,80.773,140.468,104.343,83.572,137.182,143.781,131.32,131.471
896.5,107.138,80.85,140.468,104.229,83.572,137.182,143.72,131.282,131.509
896.6,107.083,80.85,140.468,104.286,83.795,137.182,143.751,131.358,131.509
896.7,107.193,80.85,140.372,104.286,83.647,137.148,143.72,131.282,131.509
896.8,107.138,80.85,140.565,104.229,83.572,137.182,143.72,131.32,131.471
896.9,107.138,80.85,140.404,104.286,83.647,137.216,143.751,131.32,131.509
897.0,107.138,80.927,140.501,104.286,83.572,137.182,143.751,131.358,131.471
897.1,107.138,80.85,140.468,104.286,83.572,137.182,143.811,131.282,131.471
897.2,107.083,80.85,140.501,104.115,83.572,137.08,143.781,131.32,131.471
897.3,107.138,80.927,140.436,104.229,83.647,137.182,143.72,131.32,131.509
897.4,107.083,80.927,140.436,104.286,83.721,137.182,143.69,131.32,131.509
897.5,107.028,80.927,140.468,104.286,83.721,137.148,143.781,131.32,131.509
897.6,107.193,80.927,140.468,104.343,83.647,137.182,143.751,131.358,131.509
897.7,107.138,80.927,140.468,104.172,83.647,137.148,143.751,131.282,131.509
897.8,107.193,80.927,140.501,104.343,83.795,137.182,143.72,131.358,131.471
897.9,107.138,80.927,140.468,104.343,83.647,137.182,143.751,131.32,131.509
898.0,107.193,81.004,140.436,104.229,83.795,137.182,143.72,131.32,131.509
898.1,107.302,81.004,140.501,104.286,83.721,137.251,143.751,131.32,131.509
898.2,107.138,81.004,140.468,104.343,83.721,137.148,143.751,131.358,131.509
898.3,107.138,81.004,140.468,104.286,83.721,137.216,143.751,131.396,131.509
898.4,107.138,80.927,140.501,104.286,83.869,137.182,143.751,131.32,131.509
898.5,107.193,81.004,140.436,104.286,83.795,137.216,143.751,131.358,131.547
898.6,107.138,81.004,140.468,104.343,83.795,137.216,143.841,131.358,131.547
898.7,107.138,81.004,140.468,104.286,83.795,137.182,143.72,131.396,131.471
898.8,107.247,81.004,140.501,104.286,83.795,137.182,143.781,131.32,131.547
898.9,107.302,81.004,140.436,104.229,83.795,137.182,143.72,131.358,131.509
899.0,107.138,81.157,140.468,104.286,83.869,137.182,143.781,131.434,131.509
899.1,107.193,81.08,140.501,104.286,83.869,137.216,143.72,131.358,131.547
899.2,107.193,81.08,140.501,104.286,84.017,137.251,143.751,131.358,131.547
899.3,107.138,81.08,140.468,104.286,83.869,137.182,143.751,131.358,131.509
899.4,107.193,81.157,140.468,104.286,83.943,137.182,143.751,131.358,131.547
899.5,107.193,81.004,140.404,104.229,84.017,137.182,143.72,131.358,131.509
899.6,107.302,81.157,140.468,104.343,83.869,137.216,143.781,131.282,131.584
899.7,107.138,81.157,140.468,104.4,83.869,137.182,143.751,131.32,131.471
899.8,107.193,81.08,140.501,104.343,83.943,137.216,143.751,131.396,131.509
899.9,107.193,81.157,140.468,104.343,83.943,137.216,143.751,131.396,131.471
900.0,107.302,81.157,140.468,104.343,84.017,137.182,143.751,131.358,131.509
900.1,107.138,81.157,140.501,104.286,83.943,137.216,143.781,131.358,131.509
900.2,107.193,81.157,140.501,104.286,84.091,137.182,143.751,131.32,131.471
900.3,107.193,81.157,140.501,104.286,84.017,137.182,143.72,131.396,131.584
900.4,107.138,81.234,140.501,104.286,83.943,137.182,143.781,131.358,131.471
900.5,107.247,81.157,140.436,104.286,84.017,137.216,143.72,131.358,131.509
900.6,107.193,81.157,140.468,104.286,84.017,137.216,143.72,131.358,131.509
900.7,107.193,81.157,140.468,104.343,84.017,137.114,143.781,131.32,131.509
900.8,107.193,81.004,140.468,104.286,84.017,137.182,143.811,131.358,131.584
900.9,107.193,81.234,140.468,104.229,84.091,137.216,143.781,131.32,131.471
901.0,107.193,81.234,140.468,104.343,84.017,137.182,143.781,131.396,131.509
901.1,107.193,81.234,140.468,104.286,84.017,137.182,143.751,131.358,131.509
901.2,107.247,81.234,140.501,104.4,84.017,137.182,143.751,131.32,131.509
901.3,107.193,81.234,140.501,104.286,84.017,137.182,143.72,131.358,131.509
901.4,107.247,81.234,140.468,104.229,84.165,137.216,143.751,131.358,131.547
901.5,107.193,81.234,140.468,104.4,84.091,137.216,143.751,131.32,131.509
901.6,107.138,81.31,140.468,104.343,84.091,137.216,143.811,131.32,131.547
901.7,107.193,81.31,140.468,104.4,84.091,137.182,143.811,131.358,131.509
901.8,107.193,81.31,140.468,104.286,84.165,137.182,143.781,131.358,131.509
901.9,107.247,81.31,140.501,104.343,84.165,137.216,143.781,131.358,131.509
902.0,107.193,81.31,140.468,104.343,84.165,137.216,143.751,131.32,131.509
902.1,107.193,81.386,140.468,104.343,84.165,137.182,143.72,131.358,131.547
902.2,107.193,81.386,140.501,104.343,84.313,137.216,143.751,131.358,131.471
902.3,107.028,81.31,140.533,104.343,84.165,137.216,143.811,131.358,131.584
902.4,107.247,81.31,140.501,104.4,84.091,137.216,143.72,131.358,131.509
902.5,107.247,81.386,140.533,104.343,84.165,137.285,143.781,131.32,131.547
902.6,107.247,81.386,140.468,104.4,84.239,137.216,143.751,131.396,131.509
902.7,107.193,81.463,140.468,104.343,84.239,137.216,143.781,131.396,131.547
902.8,107.247,81.386,140.501,104.229,84.239,137.216,143.781,131.358,131.509
902.9,107.193,81.386,140.468,104.343,84.313,137.148,143.781,131.358,131.547
903.0,107.247,81.463,140.468,104.4,84.313,137.216,143.811,131.32,131.471
903.1,107.302,81.463,140.468,104.343,84.313,137.216,143.781,131.32,131.547
903.2,107.247,81.31,140.468,104.343,84.239,137.216,143.751,131.32,131.509
903.3,107.302,81.539,140.533,104.286,84.313,137.216,143.751,131.358,131.547
903.4,107.247,81.463,140.501,104.4,84.313,137.216,143.751,131.358,131.509
903.5,107.193,81.539,140.565,104.343,84.313,137.216,143.751,131.396,131.509
903.6,107.193,81.463,140.533,104.286,84.239,137.216,143.751,131.358,131.509
903.7,107.247,81.539,140.501,104.286,84.387,137.251,143.599,131.396,131.547
903.8,107.247,81.539,140.501,104.343,84.313,137.216,143.781,131.434,131.509
903.9,107.247,81.539,140.501,104.4,84.313,137.216,143.751,131.358,131.471
904.0,107.193,81.539,140.597,104.343,84.313,137.251,143.751,131.358,131.509
904.1,107.247,81.463,140.533,104.4,84.387,137.216,143.781,131.358,131.509
904.2,107.302,81.691,140.501,104.4,84.387,137.216,143.781,131.396,131.509
904.3,107.193,81.539,140.468,104.343,84.46,137.216,143.781,131.32,131.584
904.4,107.302,81.615,140.501,104.343,84.387,137.182,143.781,131.358,131.547
904.5,107.247,81.539,140.565,104.4,84.387,137.251,143.781,131.358,131.622
904.6,107.193,81.539,140.468,104.343,84.46,137.285,143.781,131.434,131.547
904.7,107.302,81.615,140.501,104.4,84.46,137.251,143.751,131.32,131.622
904.8,107.247,81.691,140.533,104.4,84.46,137.216,143.751,131.396,131.509
904.9,107.302,81.539,140.533,104.457,84.46,137.216,143.781,131.358,131.622
905.0,107.302,81.615,140.501,104.457,84.46,137.216,143.72,131.396,131.509
905.1,107.302,81.615,140.501,104.4,84.534,137.216,143.751,131.358,131.547
905.2,107.302,81.691,140.468,104.457,84.534,137.216,143.751,131.358,131.547
905.3,107.302,81.691,140.533,104.343,84.534,137.216,143.811,131.358,131.509
905.4,107.247,81.691,140.565,104.4,84.607,137.216,143.751,131.396,131.471
905.5,107.302,81.691,140.533,104.4,84.607,137.285,143.751,131.358,131.547
905.6,107.302,81.691,140.436,104.343,84.534,137.182,143.751,131.358,131.547
905.7,107.302,81.691,140.468,104.4,84.607,137.251,143.781,131.358,131.509
905.8,107.247,81.691,140.533,104.4,84.534,137.216,143.781,131.396,131.509
905.9,107.193,81.691,140.533,104.457,84.607,137.216,143.781,131.396,131.509
906.0,107.302,81.691,140.501,104.4,84.681,137.216,143.781,131.434,131.547
906.1,107.302,81.767,140.501,104.4,84.607,137.251,143.751,131.471,131.547
906.2,107.357,81.691,140.501,104.4,84.534,137.216,143.659,131.358,131.584
906.3,107.247,81.843,140.501,104.4,84.607,137.285,143.811,131.396,131.622
906.4,107.357,81.843,140.533,104.343,84.534,137.251,143.781,131.396,131.509
906.5,107.302,81.767,140.533,104.4,84.607,137.216,143.781,131.396,131.547
906.6,107.302,81.691,140.501,104.343,84.607,137.251,143.751,131.396,131.547
906.7,107.247,81.767,140.533,104.457,84.607,137.285,143.841,131.358,131.584
906.8,107.302,81.767,140.501,104.4,84.607,137.251,143.751,131.32,131.509
906.9,107.302,81.767,140.501,104.343,84.681,137.285,143.781,131.396,131.584
907.0,107.357,81.767,140.501,104.4,84.681,137.251,143.751,131.358,131.509
907.1,107.302,81.767,140.533,104.4,84.607,137.285,143.781,131.358,131.66
907.2,107.302,81.919,140.501,104.343,84.607,137.182,143.751,131.358,131.547
907.3,107.411,81.767,140.533,104.457,84.607,137.353,143.811,131.396,131.471
907.4,107.302,81.843,140.565,104.4,84.754,137.216,143.751,131.358,131.509
907.5,107.357,81.843,140.468,104.457,84.681,137.251,143.781,131.358,131.547
907.6,107.411,81.843,140.501,104.343,84.681,137.251,143.781,131.32,131.547
907.7,107.302,81.767,140.501,104.4,84.754,137.251,143.781,131.358,131.547
907.8,107.302,81.843,140.501,104.4,84.754,137.216,143.781,131.32,131.547
907.9,107.302,81.995,140.533,104.4,84.754,137.251,143.811,131.396,131.547
908.0,107.357,81.843,140.533,104.4,84.754,137.251,143.811,131.358,131.547
908.1,107.357,81.919,140.501,104.457,84.827,137.251,143.751,131.32,131.622
908.2,107.302,81.995,140.501,104.4,84.754,137.251,143.781,131.358,131.471
908.3,107.302,81.995,140.501,104.514,84.754,137.251,143.811,131.434,131.547
908.4,107.357,81.919,140.501,104.4,84.754,137.216,143.902,131.396,131.509
908.5,107.302,81.843,140.501,104.4,84.901,137.216,143.751,131.32,131.509
908.6,107.247,81.843,140.501,104.4,84.754,137.216,143.781,131.358,131.547
908.7,107.302,82.071,140.501,104.457,84.754,137.216,143.841,131.396,131.547
908.8,107.302,81.919,140.533,104.4,84.754,137.251,143.781,131.396,131.509
908.9,107.302,81.995,140.533,104.4,84.827,137.148,143.781,131.396,131.547
909.0,107.357,81.767,140.533,104.457,84.901,137.251,143.841,131.396,131.509
909.1,107.357,81.995,140.533,104.457,84.827,137.285,143.72,131.396,131.584
909.2,107.302,81.919,140.533,104.457,84.901,137.285,143.781,131.396,131.547
909.3,107.302,81.919,140.501,104.4,84.974,137.216,143.69,131.32,131.509
909.4,107.302,81.995,140.565,104.4,84.827,137.251,143.751,131.396,131.471
909.5,107.302,81.995,140.501,104.4,84.901,137.216,143.781,131.471,131.509
909.6,107.247,81.995,140.501,104.4,84.901,137.251,143.811,131.358,131.547
909.7,107.357,81.995,140.501,104.4,84.827,137.216,143.751,131.396,131.547
909.8,107.357,82.071,140.597,104.4,84.974,137.319,143.811,131.396,131.547
909.9,107.357,82.071,140.501,104.457,84.901,137.285,143.781,131.396,131.547
910.0,107.302,82.071,140.565,104.457,84.901,137.319,143.751,131.396,131.547
910.1,107.357,82.071,140.565,104.457,84.974,137.216,143.751,131.32,131.471
910.2,107.302,82.071,140.533,104.457,84.901,137.216,143.781,131.396,131.547
910.3,107.411,82.147,140.468,104.457,84.901,137.216,143.781,131.358,131.584
910.4,107.357,82.071,140.533,104.457,84.974,137.251,143.781,131.396,131.622
910.5,107.357,82.071,140.565,104.4,85.047,137.285,143.811,131.396,131.547
910.6,107.357,82.071,140.501,104.4,84.754,137.251,143.781,131.396,131.547
910.7,107.411,82.147,140.565,104.457,85.047,137.285,143.781,131.434,131.622
910.8,107.302,82.147,140.533,104.4,85.12,137.285,143.751,131.358,131.509
910.9,107.357,82.147,140.533,104.457,85.047,137.285,143.811,131.434,131.547
911.0,107.357,82.147,140.533,104.457,85.047,137.285,143.811,131.358,131.584
911.1,107.302,82.147,140.597,104.457,85.12,137.216,143.781,131.471,131.547
911.2,107.357,82.222,140.533,104.514,85.047,137.285,143.781,131.32,131.584
911.3,107.411,82.222,140.565,104.457,85.047,137.285,143.841,131.396,131.547
911.4,107.357,82.147,140.533,104.343,85.047,137.251,143.781,131.396,131.584
911.5,107.357,82.222,140.533,104.457,85.12,137.251,143.751,131.396,131.584
911.6,107.411,82.147,140.533,104.514,85.12,137.285,143.781,131.396,131.584
911.7,107.357,82.222,140.501,104.457,85.12,137.285,143.841,131.358,131.547
911.8,107.357,82.222,140.501,104.457,85.12,137.285,143.781,131.434,131.547
911.9,107.357,82.222,140.565,104.4,85.12,137.285,143.811,131.396,131.547
912.0,107.357,82.222,140.565,104.457,85.12,137.216,143.781,131.358,131.584
912.1,107.357,82.298,140.501,104.457,85.12,137.251,143.751,131.434,131.547
912.2,107.357,82.298,140.597,104.514,84.974,137.285,143.811,131.396,131.547
912.3,107.357,82.298,140.533,104.457,85.12,137.251,143.781,131.396,131.547
912.4,107.357,82.298,140.533,104.4,85.193,137.216,143.841,131.396,131.509
912.5,107.411,82.298,140.565,104.457,85.193,137.251,143.751,131.32,131.584
912.6,107.357,82.298,140.597,104.457,85.193,137.285,143.751,131.434,131.547
912.7,107.357,82.449,140.565,104.514,85.339,137.251,143.781,131.396,131.622
912.8,107.411,82.373,140.533,104.457,85.266,137.319,143.811,131.396,131.547
912.9,107.411,82.449,140.565,104.457,85.266,137.251,143.781,131.434,131.584
913.0,107.357,82.373,140.533,104.457,85.266,137.285,143.811,131.434,131.509
913.1,107.357,82.373,140.533,104.457,85.266,137.251,143.781,131.32,131.547
913.2,107.411,82.373,140.597,104.571,85.339,137.285,143.811,131.396,131.584
913.3,107.357,82.449,140.565,104.457,85.339,137.251,143.811,131.358,131.584
913.4,107.302,82.373,140.533,104.457,85.339,137.285,143.781,131.396,131.547
913.5,107.357,82.373,140.533,104.514,85.412,137.251,143.781,131.396,131.547
913.6,107.411,82.449,140.597,104.457,85.339,137.319,143.781,131.396,131.584
913.7,107.411,82.449,140.565,104.514,85.339,137.251,143.751,131.396,131.547
913.8,107.466,82.449,140.501,104.571,85.339,137.216,143.781,131.396,131.584
913.9,107.411,82.449,140.533,104.4,85.339,137.285,143.841,131.434,131.584
914.0,107.411,82.524,140.565,104.457,85.412,137.285,143.781,131.396,131.547
914.1,107.357,82.449,140.533,104.514,85.339,137.319,143.751,131.434,131.584
914.2,107.411,82.449,140.597,104.571,85.412,137.251,143.841,131.396,131.584
914.3,107.521,82.449,140.565,104.571,85.412,137.251,143.781,131.396,131.584
914.4,107.411,82.524,140.565,104.514,85.484,137.319,143.781,131.396,131.66
914.5,107.411,82.524,140.597,104.741,85.412,137.285,143.841,131.434,131.584
914.6,107.411,82.524,140.565,104.628,85.412,137.319,143.811,131.396,131.584
914.7,107.411,82.449,140.565,104.514,85.412,137.285,143.781,131.396,131.584
914.8,107.466,82.524,140.565,104.514,85.412,137.285,143.811,131.396,131.547
914.9,107.411,82.524,140.565,104.514,85.557,137.285,143.811,131.434,131.584
915.0,107.357,82.524,140.565,104.457,85.484,137.251,143.811,131.396,131.584
915.1,107.411,82.524,140.693,104.514,85.484,137.285,143.781,131.396,131.584
915.2,107.466,82.599,140.533,104.514,85.557,137.353,143.811,131.396,131.584
915.3,107.466,82.524,140.565,104.571,85.412,137.285,143.781,131.396,131.66
915.4,107.466,82.675,140.661,104.457,85.484,137.285,143.811,131.396,131.547
915.5,107.411,82.599,140.597,104.514,85.484,137.285,143.781,131.471,131.622
915.6,107.466,82.599,140.597,104.571,85.557,137.285,143.811,131.396,131.622
915.7,107.411,82.599,140.597,104.514,85.557,137.285,143.811,131.358,131.622
915.8,107.411,82.524,140.597,104.457,85.557,137.285,143.781,131.396,131.584
915.9,107.411,82.599,140.597,104.514,85.63,137.285,143.781,131.396,131.584
916.0,107.466,82.599,140.661,104.457,85.557,137.319,143.811,131.358,131.66
916.1,107.521,82.599,140.597,104.571,85.702,137.285,143.781,131.396,131.547
916.2,107.411,82.675,140.565,104.514,85.63,137.251,143.781,131.396,131.584
916.3,107.411,82.675,140.533,104.628,85.63,137.285,143.781,131.358,131.547
916.4,107.411,82.599,140.565,104.514,85.63,137.251,143.811,131.396,131.547
916.5,107.466,82.599,140.565,104.571,85.63,137.251,143.811,131.358,131.584
916.6,107.411,82.675,140.533,104.514,85.63,137.319,143.811,131.434,131.584
916.7,107.411,82.675,140.565,104.4,85.63,137.285,143.841,131.396,131.584
916.8,107.411,82.675,140.597,104.571,85.702,137.285,143.811,131.434,131.584
916.9,107.466,82.675,140.629,104.571,85.702,137.319,143.811,131.434,131.547
917.0,107.521,82.75,140.597,104.571,85.702,137.319,143.781,131.396,131.547
917.1,107.466,82.675,140.597,104.571,85.775,137.285,143.841,131.471,131.584
917.2,107.466,82.75,140.597,104.628,85.702,137.319,143.781,131.434,131.622
917.3,107.411,82.75,140.565,104.514,85.775,137.319,143.872,131.396,131.66
917.4,107.411,82.75,140.597,104.571,85.702,137.216,143.781,131.396,131.622
917.5,107.411,82.75,140.565,104.514,85.702,137.251,143.841,131.396,131.622
917.6,107.411,82.75,140.597,104.571,85.775,137.285,143.811,131.396,131.584
917.7,107.411,82.75,140.565,104.628,85.775,137.319,143.781,131.509,131.622
917.8,107.466,82.825,140.597,104.514,85.775,137.285,143.781,131.434,131.622
917.9,107.521,82.825,140.597,104.571,85.775,137.319,143.781,131.434,131.622
918.0,107.466,82.825,140.597,104.514,85.775,137.319,143.781,131.358,131.622
918.1,107.466,82.825,140.597,104.514,85.847,137.353,143.841,131.358,131.509
918.2,107.466,82.825,140.597,104.571,85.847,137.353,143.811,131.434,131.547
918.3,107.466,82.825,140.565,104.514,85.775,137.285,143.811,131.434,131.622
918.4,107.466,82.75,140.597,104.514,85.847,137.319,143.781,131.434,131.509
918.5,107.466,82.75,140.565,104.514,85.919,137.353,143.781,131.434,131.622
918.6,107.521,82.9,140.597,104.571,85.847,137.319,143.811,131.434,131.622
918.7,107.466,82.9,140.629,104.571,85.847,137.353,143.811,131.434,131.584
918.8,107.411,82.9,140.565,104.514,85.847,137.285,143.841,131.434,131.547
918.9,107.466,82.975,140.597,104.514,85.775,137.353,143.841,131.396,131.584
919.0,107.521,82.9,140.597,104.571,85.919,137.216,143.781,131.434,131.66
919.1,107.521,82.9,140.597,104.571,85.847,137.285,143.841,131.434,131.584
919.2,107.466,82.9,140.565,104.571,85.919,137.285,143.781,131.434,131.622
919.3,107.466,82.825,140.629,104.628,85.992,137.319,143.811,131.396,131.584
919.4,107.575,82.975,140.565,104.571,85.919,137.285,143.781,131.434,131.66
919.5,107.575,82.9,140.501,104.571,85.992,137.319,143.751,131.396,131.584
919.6,107.521,82.975,140.597,104.457,85.992,137.285,143.841,131.434,131.584
919.7,107.521,82.9,140.693,104.571,85.992,137.353,143.781,131.32,131.622
919.8,107.521,83.05,140.468,104.571,85.919,137.353,143.811,131.358,131.622
919.9,107.575,82.975,140.661,104.628,85.919,137.319,143.781,131.396,131.622
920.0,107.521,82.975,140.597,104.571,85.992,137.319,143.841,131.396,131.584
920.1,107.521,83.05,140.597,104.571,85.919,137.319,143.841,131.434,131.584
920.2,107.521,83.05,140.597,104.571,86.064,137.285,143.841,131.471,131.66
920.3,107.466,82.975,140.661,104.628,85.992,137.319,143.781,131.434,131.584
920.4,107.521,82.975,140.629,104.571,85.992,137.319,143.902,131.471,131.584
920.5,107.521,83.05,140.597,104.628,85.992,137.285,143.781,131.434,131.584
920.6,107.575,83.05,140.597,104.571,85.992,137.319,143.811,131.396,131.584
920.7,107.521,82.975,140.629,104.741,86.064,137.319,143.72,131.434,131.622
920.8,107.521,82.975,140.725,104.741,86.136,137.319,143.811,131.434,131.584
920.9,107.521,83.125,140.597,104.571,86.064,137.353,143.811,131.471,131.66
921.0,107.521,83.125,140.629,104.628,86.064,137.319,143.811,131.471,131.66
921.1,107.411,83.125,140.597,104.628,85.992,137.319,143.811,131.434,131.622
921.2,107.521,83.05,140.661,104.628,86.136,137.285,143.781,131.434,131.66
921.3,107.575,83.05,140.597,104.628,86.136,137.285,143.841,131.509,131.622
921.4,107.63,83.05,140.597,104.628,86.208,137.353,143.841,131.396,131.547
921.5,107.521,83.125,140.565,104.457,86.136,137.319,143.841,131.434,131.584
921.6,107.521,83.125,140.597,104.571,86.064,137.285,143.841,131.434,131.622
921.7,107.575,83.199,140.565,104.571,86.208,137.319,143.841,131.358,131.66
921.8,107.575,83.125,140.597,104.628,86.136,137.353,143.811,131.471,131.584
921.9,107.575,83.125,140.597,104.628,86.136,137.319,143.811,131.32,131.584
922.0,107.575,83.125,140.629,104.628,86.208,137.353,143.811,131.434,131.622
922.1,107.521,83.125,140.597,104.628,86.208,137.319,143.811,131.434,131.622
922.2,107.521,83.125,140.629,104.628,86.208,137.353,143.811,131.434,131.584
922.3,107.521,83.125,140.629,104.571,86.136,137.285,143.781,131.434,131.584
922.4,107.521,83.274,140.661,104.628,86.208,137.319,143.811,131.358,131.584
922.5,107.521,83.199,140.597,104.628,86.208,137.285,143.811,131.396,131.622
922.6,107.521,83.199,140.661,104.628,86.208,137.319,143.811,131.471,131.66
922.7,107.521,83.199,140.725,104.628,86.208,137.319,143.811,131.434,131.66
922.8,107.521,83.199,140.661,104.571,86.28,137.319,143.872,131.396,131.584
922.9,107.575,83.199,140.693,104.628,86.28,137.353,143.811,131.471,131.622
923.0,107.575,83.125,140.597,104.684,86.208,137.353,143.872,131.396,131.584
923.1,107.575,83.199,140.661,104.628,86.28,137.353,143.811,131.471,131.584
923.2,107.521,83.199,140.597,104.628,86.28,137.319,143.781,131.434,131.622
923.3,107.575,83.199,140.597,104.571,86.28,137.353,143.781,131.434,131.622
923.4,107.575,83.274,140.597,104.571,86.28,137.387,143.811,131.471,131.622
923.5,107.575,83.349,140.629,104.628,86.208,137.319,143.811,131.471,131.622
923.6,107.575,83.349,140.693,104.628,86.28,137.319,143.781,131.434,131.584
923.7,107.63,83.274,140.597,104.628,86.352,137.387,143.841,131.509,131.622
923.8,107.521,83.274,140.597,104.684,86.28,137.319,143.781,131.471,131.471
923.9,107.63,83.274,140.661,104.628,86.352,137.285,143.902,131.434,131.622
924.0,107.575,83.349,140.629,104.628,86.352,137.319,143.841,131.471,131.584
924.1,107.63,83.349,140.629,104.684,86.424,137.319,143.841,131.434,131.584
924.2,107.575,83.274,140.661,104.571,86.352,137.353,143.841,131.434,131.584
924.3,107.684,83.199,140.597,104.628,86.352,137.319,143.811,131.471,131.622
924.4,107.63,83.349,140.597,104.514,86.424,137.353,143.841,131.434,131.622
924.5,107.575,83.349,140.629,104.628,86.424,137.319,143.811,131.434,131.584
924.6,107.575,83.423,140.629,104.628,86.496,137.387,143.811,131.471,131.622
924.7,107.521,83.423,140.597,104.628,86.496,137.353,143.872,131.434,131.66
924.8,107.575,83.423,140.597,104.741,86.496,137.353,143.811,131.509,131.622
924.9,107.63,83.423,140.629,104.628,86.496,137.353,143.811,131.434,131.66
925.0,107.684,83.498,140.629,104.628,86.496,137.319,143.811,131.434,131.697
925.1,107.575,83.423,140.629,104.684,86.496,137.353,143.811,131.434,131.66
925.2,107.575,83.423,140.629,104.684,86.496,137.353,143.841,131.434,131.584
925.3,107.575,83.498,140.661,104.628,86.496,137.353,143.811,131.434,131.66
925.4,107.63,83.423,140.629,104.571,86.568,137.387,143.811,131.66,131.584
925.5,107.63,83.498,140.629,104.628,86.568,137.387,143.841,131.471,131.66
925.6,107.63,83.498,140.693,104.684,86.568,137.353,143.811,131.434,131.66
925.7,107.63,83.423,140.661,104.684,86.568,137.353,143.811,131.471,131.584
925.8,107.684,83.423,140.629,104.628,86.639,137.353,143.811,131.434,131.622
925.9,107.521,83.572,140.661,104.684,86.639,137.319,143.811,131.471,131.622
926.0,107.63,83.498,140.597,104.571,86.568,137.353,143.841,131.471,131.66
926.1,107.63,83.647,140.597,104.684,86.639,137.353,143.872,131.509,131.622
926.2,107.575,83.498,140.629,104.684,86.568,137.353,143.841,131.434,131.622
926.3,107.63,83.572,140.693,104.684,86.568,137.353,143.841,131.434,131.584
926.4,107.575,83.572,140.629,104.628,86.639,137.387,143.811,131.471,131.622
926.5,107.63,83.349,140.629,104.628,86.711,137.353,143.811,131.471,131.622
926.6,107.684,83.572,140.661,104.684,86.783,137.353,143.811,131.434,131.622
926.7,107.63,83.572,140.661,104.684,86.639,137.353,143.781,131.434,131.622
926.8,107.63,83.572,140.661,104.684,86.711,137.387,143.841,131.434,131.622
926.9,107.684,83.647,140.629,104.684,86.711,137.353,143.811,131.434,131.622
927.0,107.684,83.647,140.661,104.628,86.711,137.353,143.841,131.434,131.622
927.1,107.63,83.721,140.693,104.684,86.783,137.387,143.841,131.434,131.622
927.2,107.63,83.572,140.661,104.684,86.783,137.353,143.841,131.471,131.622
927.3,107.63,83.647,140.597,104.684,86.711,137.353,143.811,131.509,131.622
927.4,107.63,83.721,140.629,104.684,86.783,137.353,143.841,131.434,131.622
927.5,107.63,83.647,140.629,104.628,86.711,137.353,143.811,131.434,131.66
927.6,107.63,83.647,140.661,104.684,86.783,137.353,143.872,131.471,131.622
927.7,107.63,83.572,140.629,104.741,86.783,137.387,143.841,131.471,131.584
927.8,107.738,83.647,140.661,104.684,86.783,137.353,143.841,131.471,131.622
927.9,107.63,83.647,140.661,104.684,86.783,137.319,143.872,131.471,131.622
928.0,107.684,83.647,140.693,104.684,86.783,137.387,143.902,131.434,131.622
928.1,107.575,83.721,140.661,104.741,86.854,137.387,143.872,131.434,131.622
928.2,107.63,83.647,140.629,104.684,86.783,137.353,143.841,131.471,131.622
928.3,107.63,83.721,140.661,104.684,86.854,137.387,143.841,131.434,131.622
928.4,107.63,83.795,140.661,104.684,86.783,137.387,143.872,131.471,131.66
928.5,107.684,83.647,140.693,104.741,86.854,137.353,143.841,131.471,131.622
928.6,107.63,83.795,140.629,104.684,86.854,137.387,143.872,131.434,131.66
928.7,107.575,83.721,140.661,104.684,86.854,137.353,143.872,131.509,131.66
928.8,107.63,83.721,140.725,104.684,86.854,137.421,143.841,131.396,131.66
928.9,107.63,83.795,140.661,104.684,86.926,137.353,143.841,131.434,131.622
929.0,107.63,83.869,140.693,104.741,86.926,137.353,143.841,131.509,131.66
929.1,107.684,83.869,140.661,104.741,86.926,137.353,143.872,131.471,131.622
929.2,107.684,83.795,140.661,104.741,86.997,137.387,143.841,131.547,131.622
929.3,107.684,83.943,140.693,104.798,86.926,137.421,143.872,131.471,131.66
929.4,107.684,83.869,140.629,104.684,86.997,137.455,143.841,131.584,131.66
929.5,107.684,83.869,140.822,104.684,87.068,137.421,143.841,131.434,131.66
929.6,107.684,83.869,140.661,104.684,87.14,137.353,143.872,131.509,131.697
929.7,107.575,83.795,140.661,104.684,87.068,137.387,143.841,131.471,131.622
929.8,107.63,83.943,140.629,104.741,87.068,137.387,143.811,131.434,131.697
929.9,107.63,83.869,140.661,104.684,87.068,137.387,143.841,131.509,131.66
930.0,107.793,83.943,140.661,104.684,87.068,137.387,143.872,131.509,131.66
930.1,107.684,83.943,140.661,104.684,87.068,137.387,143.811,131.471,131.66
930.2,107.684,83.869,140.661,104.684,87.068,137.387,143.841,131.434,131.622
930.3,107.63,83.869,140.661,104.741,87.068,137.353,143.841,131.471,131.622
930.4,107.63,83.869,140.725,104.798,86.997,137.387,143.841,131.471,131.622
930.5,107.63,83.943,140.661,104.684,87.14,137.387,143.841,131.471,131.622
930.6,107.63,83.943,140.693,104.741,87.14,137.387,143.872,131.471,131.622
930.7,107.575,83.943,140.693,104.684,87.14,137.387,143.841,131.471,131.735
930.8,107.684,84.017,140.661,104.741,87.14,137.387,143.872,131.396,131.66
930.9,107.793,84.017,140.693,104.741,87.14,137.353,143.841,131.471,131.66
931.0,107.684,83.943,140.661,104.741,87.068,137.421,143.841,131.471,131.697
931.1,107.63,84.017,140.661,104.741,87.14,137.387,143.841,131.471,131.622
931.2,107.738,83.869,140.629,104.684,87.211,137.353,143.811,131.471,131.66
931.3,107.63,84.091,140.661,104.741,87.211,137.387,143.841,131.471,131.66
931.4,107.684,84.017,140.661,104.741,87.282,137.353,143.872,131.471,131.622
931.5,107.684,84.017,140.661,104.684,87.068,137.387,143.841,131.434,131.622
931.6,107.684,84.017,140.693,104.684,87.211,137.387,143.872,131.471,131.622
931.7,107.738,84.091,140.693,104.684,87.211,137.387,143.841,131.471,131.697
931.8,107.684,84.017,140.758,104.741,87.282,137.455,143.841,131.471,131.66
931.9,107.63,84.017,140.693,104.741,87.282,137.387,143.841,131.509,131.622
932.0,107.684,84.091,140.661,104.741,87.282,137.455,143.902,131.509,131.66
932.1,107.738,84.165,140.597,104.741,87.211,137.387,143.872,131.471,131.66
932.2,107.684,84.091,140.725,104.684,87.353,137.353,143.841,131.471,131.697
932.3,107.738,84.091,140.693,104.741,87.353,137.421,143.781,131.471,131.622
932.4,107.63,84.165,140.661,104.741,87.282,137.421,143.841,131.509,131.622
932.5,107.738,84.165,140.661,104.741,87.353,137.421,143.841,131.471,131.584
932.6,107.684,84.091,140.693,104.741,87.282,137.353,143.841,131.471,131.622
932.7,107.738,84.239,140.725,104.798,87.353,137.387,143.872,131.471,131.735
932.8,107.738,84.165,140.725,104.684,87.353,137.421,143.841,131.471,131.697
932.9,107.738,84.165,140.725,104.741,87.424,137.421,143.841,131.547,131.622
933.0,107.684,84.165,140.597,104.741,87.353,137.421,143.872,131.434,131.697
933.1,107.738,84.165,140.693,104.741,87.424,137.353,143.872,131.471,131.66
933.2,107.738,84.165,140.693,104.798,87.424,137.353,143.872,131.547,131.697
933.3,107.738,84.165,140.661,104.798,87.353,137.387,143.781,131.471,131.66
933.4,107.738,84.313,140.661,104.854,87.424,137.421,143.872,131.471,131.622
933.5,107.684,84.239,140.693,104.741,87.353,137.387,143.872,131.471,131.697
933.6,107.684,84.165,140.693,104.684,87.424,137.387,143.872,131.471,131.622
933.7,107.63,84.165,140.725,104.741,87.353,137.387,143.841,131.509,131.66
933.8,107.793,84.239,140.693,104.741,87.424,137.387,143.872,131.547,131.697
933.9,107.684,84.313,140.693,104.741,87.424,137.421,143.841,131.471,131.697
934.0,107.738,84.239,140.693,104.741,87.495,137.387,143.872,131.509,131.66
934.1,107.738,84.387,140.693,104.798,87.495,137.421,143.902,131.509,131.66
934.2,107.793,84.313,140.758,104.741,87.566,137.387,143.841,131.584,131.66
934.3,107.793,84.313,140.661,104.741,87.495,137.421,143.902,131.471,131.697
934.4,107.793,84.387,140.693,104.741,87.495,137.387,143.902,131.509,131.66
934.5,107.793,84.239,140.661,104.798,87.495,137.489,143.841,131.509,131.66
934.6,107.738,84.313,140.693,104.684,87.566,137.421,143.872,131.509,131.622
934.7,107.738,84.387,140.693,104.741,87.495,137.387,143.872,131.547,131.697
934.8,107.793,84.313,140.693,104.798,87.566,137.421,143.872,131.509,131.66
934.9,107.738,84.313,140.693,104.798,87.708,137.421,143.841,131.471,131.735
935.0,107.738,84.313,140.725,104.741,87.637,137.489,143.841,131.547,131.66
935.1,107.738,84.313,140.693,104.741,87.566,137.455,143.841,131.471,131.66
935.2,107.738,84.387,140.693,104.854,87.566,137.421,143.841,131.547,131.735
935.3,107.684,84.313,140.693,104.798,87.566,137.421,143.872,131.471,131.735
935.4,107.793,84.313,140.693,104.798,87.637,137.421,143.841,131.509,131.697
935.5,107.738,84.313,140.725,104.798,87.566,137.421,143.902,131.509,131.697
935.6,107.738,84.387,140.725,104.741,87.708,137.387,143.841,131.471,131.622
935.7,107.901,84.387,140.725,104.741,87.637,137.421,143.841,131.471,131.735
935.8,107.793,84.387,140.693,104.741,87.566,137.455,143.872,131.509,131.772
935.9,107.738,84.387,140.725,104.854,87.637,137.387,143.841,131.509,131.66
936.0,107.738,84.387,140.693,104.741,87.637,137.455,143.872,131.509,131.772
936.1,107.955,84.46,140.693,104.798,87.637,137.421,143.872,131.509,131.622
936.2,107.793,84.46,140.79,104.741,87.708,137.421,143.872,131.509,131.735
936.3,107.738,84.46,140.661,104.798,87.637,137.455,143.872,131.509,131.66
936.4,107.738,84.46,140.725,104.854,87.778,137.421,143.841,131.547,131.66
936.5,107.793,84.46,140.693,104.854,87.708,137.421,143.902,131.509,131.66
936.6,107.738,84.46,140.725,104.854,87.708,137.421,143.872,131.509,131.66
936.7,107.793,84.46,140.758,104.798,87.708,137.421,143.872,131.509,131.735
936.8,107.793,84.46,140.693,104.798,87.708,137.421,143.872,131.471,131.697
936.9,107.738,84.534,140.725,104.798,87.778,137.421,143.872,131.547,131.66
937.0,107.847,84.534,140.725,104.798,87.708,137.421,143.841,131.471,131.66
937.1,107.793,84.534,140.79,104.854,87.778,137.421,143.872,131.434,131.66
937.2,107.738,84.534,140.758,104.854,87.708,137.455,143.872,131.471,131.697
937.3,107.738,84.534,140.725,104.798,87.92,137.421,143.872,131.509,131.697
937.4,107.738,84.534,140.725,104.854,87.849,137.421,143.841,131.509,131.697
937.5,107.793,84.607,140.758,104.911,87.849,137.455,143.872,131.471,131.697
937.6,107.738,84.607,140.693,104.854,87.778,137.421,143.872,131.509,131.697
937.7,107.738,84.607,140.725,104.798,87.778,137.421,143.872,131.509,131.66
937.8,107.847,84.607,140.661,104.798,87.849,137.455,143.841,131.509,131.697
937.9,107.738,84.607,140.725,104.854,87.778,137.421,143.841,131.471,131.697
938.0,107.793,84.607,140.725,104.854,87.92,137.421,143.841,131.471,131.697
938.1,107.738,84.607,140.693,104.798,87.849,137.421,143.902,131.547,131.697
938.2,107.793,84.534,140.725,104.798,87.92,137.421,143.841,131.509,131.66
938.3,107.901,84.607,140.693,104.798,87.92,137.421,143.841,131.471,131.66
938.4,107.793,84.607,140.725,104.854,87.92,137.421,143.841,131.547,131.66
938.5,107.793,84.681,140.725,104.854,87.92,137.421,143.841,131.584,131.697
938.6,107.738,84.681,140.693,104.798,88.061,137.455,143.872,131.509,131.66
938.7,107.793,84.607,140.79,104.854,87.99,137.421,143.872,131.509,131.66
938.8,107.793,84.681,140.725,104.798,87.99,137.489,143.872,131.584,131.697
938.9,107.793,84.681,140.725,104.854,88.061,137.489,143.872,131.547,131.66
939.0,107.793,84.681,140.725,104.798,87.849,137.421,143.872,131.509,131.697
939.1,107.793,84.681,140.725,104.741,87.92,137.455,143.872,131.547,131.66
939.2,107.847,84.681,140.725,104.854,87.92,137.421,143.872,131.584,131.697
939.3,107.793,84.754,140.725,104.798,87.99,137.421,143.932,131.509,131.697
939.4,107.793,84.607,140.758,104.798,88.061,137.489,143.872,131.509,131.622
939.5,107.738,84.681,140.758,104.798,88.061,137.387,143.872,131.509,131.66
939.6,107.793,84.681,140.725,104.854,87.99,137.421,143.872,131.584,131.622
939.7,107.793,84.681,140.693,104.684,87.99,137.421,143.872,131.434,131.735
939.8,107.793,84.681,140.725,104.798,87.99,137.421,143.872,131.471,131.697
939.9,107.847,84.754,140.725,104.798,88.201,137.455,143.841,131.434,131.697
940.0,107.793,84.681,140.725,104.854,88.131,137.489,144.053,131.471,131.735
940.1,107.793,84.754,140.758,104.854,88.061,137.421,143.872,131.547,131.697
940.2,107.793,84.754,140.758,104.798,88.131,137.455,143.872,131.509,131.735
940.3,107.793,84.754,140.758,104.798,88.131,137.489,143.872,131.509,131.735
940.4,107.793,84.754,140.693,104.798,88.131,137.489,143.872,131.547,131.772
940.5,107.738,84.827,140.597,104.854,88.131,137.455,143.932,131.509,131.697
940.6,107.847,84.827,140.725,104.798,88.131,137.421,143.902,131.547,131.697
940.7,107.901,84.827,140.79,104.854,88.201,137.455,143.872,131.509,131.66
940.8,107.738,84.827,140.79,104.911,88.201,137.421,143.902,131.509,131.697
940.9,107.793,84.827,140.758,104.854,88.201,137.455,143.932,131.471,131.66
941.0,107.793,84.827,140.79,104.854,88.131,137.455,143.902,131.509,131.697
941.1,107.847,84.827,140.758,104.798,88.201,137.387,143.932,131.509,131.735
941.2,107.793,84.827,140.725,104.854,88.201,137.421,143.902,131.547,131.584
941.3,107.847,84.827,140.693,104.854,88.201,137.455,143.902,131.584,131.697
941.4,107.847,84.901,140.725,104.798,88.201,137.455,143.902,131.509,131.735
941.5,107.847,84.827,140.725,104.911,88.201,137.489,143.872,131.509,131.66
941.6,107.793,84.901,140.693,104.854,88.201,137.489,143.902,131.547,131.697
941.7,107.684,84.901,140.725,104.798,88.201,137.421,143.872,131.509,131.697
941.8,107.793,84.974,140.758,104.854,88.272,137.455,143.902,131.509,131.697
941.9,107.847,84.974,140.725,104.798,88.342,137.421,143.872,131.509,131.697
942.0,107.793,84.901,140.725,104.798,88.272,137.455,143.902,131.509,131.735
942.1,107.793,84.901,140.79,104.854,88.272,137.455,143.902,131.509,131.697
942.2,107.847,84.974,140.725,104.854,88.342,137.421,143.902,131.509,131.622
942.3,107.793,84.901,140.79,104.854,88.272,137.489,143.872,131.509,131.697
942.4,107.847,84.974,140.725,104.854,88.272,137.421,143.872,131.509,131.735
942.5,107.847,84.974,140.758,104.854,88.342,137.455,143.902,131.584,131.735
942.6,107.847,85.12,140.854,104.854,88.342,137.455,143.932,131.547,131.697
942.7,107.847,85.047,140.758,104.854,88.342,137.455,143.902,131.509,131.697
942.8,107.793,84.901,140.693,104.798,88.342,137.489,143.932,131.509,131.735
942.9,107.847,84.901,140.79,104.854,88.342,137.455,143.902,131.509,131.735
943.0,107.847,84.901,140.758,104.854,88.412,137.455,143.811,131.547,131.735
943.1,107.847,84.974,140.758,104.854,88.412,137.489,143.872,131.547,131.735
943.2,107.901,85.12,140.725,104.854,88.412,137.489,143.962,131.509,131.848
943.3,107.793,85.047,140.725,104.854,88.412,137.455,143.841,131.547,131.697
943.4,107.847,85.047,140.758,104.854,88.552,137.489,143.902,131.584,131.772
943.5,107.793,85.047,140.725,104.798,88.412,137.455,143.932,131.509,131.735
943.6,107.847,85.12,140.758,104.854,88.482,137.455,143.902,131.509,131.697
943.7,107.738,85.047,140.725,104.911,88.482,137.421,143.902,131.547,131.697
943.8,107.901,85.193,140.758,104.854,88.482,137.523,143.781,131.547,131.697
943.9,107.847,85.12,140.758,104.854,88.482,137.557,143.872,131.547,131.735
944.0,107.901,85.12,140.758,104.854,88.482,137.523,143.902,131.547,131.81
944.1,107.847,85.12,140.79,105.024,88.482,137.421,143.872,131.584,131.81
944.2,107.847,85.193,140.758,104.854,88.622,137.489,143.902,131.584,131.697
944.3,107.901,85.047,140.758,104.854,88.552,137.489,143.902,131.509,131.697
944.4,107.901,85.12,140.79,104.854,88.552,137.489,143.902,131.547,131.697
944.5,107.793,85.12,140.758,104.911,88.482,137.455,143.902,131.547,131.66
944.6,107.901,85.266,140.822,104.854,88.552,137.489,143.902,131.547,131.772
944.7,107.955,85.193,140.758,104.854,88.552,137.523,143.872,131.547,131.735
944.8,107.901,85.193,140.758,104.854,88.552,137.455,143.902,131.66,131.772
944.9,107.901,85.193,140.725,104.911,88.622,137.591,143.902,131.547,131.66
945.0,107.847,85.12,140.758,104.854,88.622,137.489,143.993,131.509,131.735
945.1,107.847,85.12,140.758,104.911,88.552,137.489,143.902,131.547,131.848
945.2,107.901,85.193,140.758,104.798,88.552,137.523,143.902,131.584,131.735
945.3,107.847,85.193,140.758,104.967,88.622,137.557,143.872,131.509,131.735
945.4,107.901,85.339,140.758,104.854,88.622,137.523,143.902,131.584,131.697
945.5,107.847,85.193,140.758,104.854,88.692,137.455,143.902,131.509,131.735
945.6,107.847,85.193,140.79,104.854,88.692,137.489,143.902,131.547,131.735
945.7,107.901,85.193,140.758,104.967,88.552,137.523,143.902,131.547,131.66
945.8,107.901,85.193,140.758,104.911,88.622,137.455,143.872,131.547,131.772
945.9,107.847,85.266,140.725,104.854,88.692,137.455,143.841,131.509,131.735
946.0,107.901,85.266,140.725,104.854,88.622,137.489,143.932,131.547,131.735
946.1,107.901,85.266,140.758,104.911,88.622,137.523,143.962,131.622,131.697
946.2,107.901,85.266,140.758,104.911,88.692,137.489,143.872,131.509,131.735
946.3,107.901,85.266,140.758,104.911,88.692,137.489,143.902,131.584,131.697
946.4,107.847,85.266,140.79,104.967,88.622,137.489,143.962,131.547,131.735
946.5,107.955,85.193,140.758,104.911,88.692,137.455,143.902,131.509,131.735
946.6,107.793,85.266,140.822,104.854,88.762,137.489,143.872,131.547,131.735
946.7,107.847,85.339,140.854,104.911,88.762,137.489,143.932,131.584,131.697
946.8,107.847,85.266,140.758,104.854,88.762,137.489,143.902,131.547,131.735
946.9,107.847,85.412,140.758,104.854,88.692,137.489,143.872,131.547,131.735
947.0,107.901,85.339,140.79,104.911,88.762,137.625,143.932,131.509,131.772
947.1,107.955,85.339,140.758,105.024,88.832,137.523,143.872,131.547,131.735
947.2,107.955,85.484,140.79,104.911,88.901,137.523,143.932,131.509,131.81
947.3,107.793,85.339,140.854,104.854,88.832,137.489,143.902,131.584,131.735
947.4,107.901,85.412,140.661,104.967,88.832,137.489,143.902,131.547,131.735
947.5,107.847,85.339,140.79,104.911,88.832,137.523,143.902,131.547,131.697
947.6,107.955,85.339,140.79,104.911,88.832,137.523,143.902,131.547,131.735
947.7,107.955,85.266,140.854,104.911,88.971,137.523,143.872,131.584,131.772
947.8,107.901,85.412,140.79,104.911,88.832,137.489,143.902,131.547,131.735
947.9,107.955,85.484,140.79,104.967,88.901,137.557,143.962,131.547,131.772
948.0,107.955,85.484,140.79,104.911,88.832,137.489,143.932,131.547,131.772
948.1,107.901,85.412,140.758,104.911,88.901,137.523,143.902,131.547,131.772
948.2,107.901,85.484,140.79,104.854,88.901,137.489,143.932,131.584,131.735
948.3,107.901,85.557,140.758,104.911,88.901,137.523,143.902,131.509,131.772
948.4,107.901,85.557,140.758,104.911,88.901,137.489,143.932,131.509,131.772
948.5,107.901,85.484,140.854,104.911,88.971,137.489,143.902,131.547,131.735
948.6,107.901,85.412,140.758,104.967,88.901,137.523,143.902,131.622,131.772
948.7,107.847,85.484,140.79,104.967,88.901,137.489,143.902,131.547,131.772
948.8,107.955,85.557,140.79,105.024,88.971,137.489,143.872,131.547,131.66
948.9,107.901,85.557,140.822,104.967,89.041,137.557,143.902,131.584,131.848
949.0,107.901,85.266,140.822,104.967,89.041,137.455,143.962,131.622,131.735
949.1,107.901,85.557,140.822,104.854,89.041,137.489,143.932,131.547,131.697
949.2,107.901,85.557,140.79,104.911,89.041,137.523,143.932,131.547,131.772
949.3,107.901,85.557,140.693,104.911,89.041,137.557,143.902,131.547,131.735
949.4,107.847,85.557,140.854,104.911,88.971,137.557,143.962,131.622,131.772
949.5,108.064,85.557,140.79,104.911,89.11,137.489,143.962,131.584,131.735
949.6,107.901,85.557,140.822,104.911,89.11,137.557,143.902,131.584,131.772
949.7,107.901,85.702,140.79,104.911,89.11,137.523,143.902,131.584,131.735
949.8,107.901,85.63,140.79,104.967,89.11,137.591,143.902,131.584,131.735
949.9,107.901,85.557,140.822,104.967,89.11,137.557,143.902,131.584,131.735
950.0,107.955,85.63,140.79,104.911,89.18,137.489,143.902,131.584,131.697
950.1,107.901,85.63,140.79,104.967,89.11,137.523,143.872,131.584,131.735
950.2,107.901,85.702,140.693,104.911,89.18,137.523,143.902,131.622,131.772
950.3,107.955,85.63,140.822,104.967,89.11,137.523,143.932,131.622,131.735
950.4,107.955,85.63,140.79,104.967,89.11,137.523,143.962,131.547,131.772
950.5,107.955,85.63,140.79,104.911,89.18,137.523,143.902,131.584,131.772
950.6,107.955,85.63,140.822,104.911,89.249,137.523,143.932,131.622,131.81
950.7,107.955,85.775,140.79,104.967,89.18,137.557,143.932,131.584,131.772
950.8,107.901,85.702,140.79,104.967,89.18,137.489,143.962,131.622,131.772
950.9,107.901,85.557,140.822,104.911,89.319,137.557,143.932,131.584,131.848
951.0,108.01,85.775,140.822,105.024,89.249,137.489,143.902,131.547,131.735
951.1,107.955,85.775,140.822,105.024,89.249,137.557,143.902,131.584,131.772
951.2,107.901,85.775,140.822,104.911,89.249,137.523,143.902,131.547,131.735
951.3,108.064,85.702,140.758,104.967,89.319,137.489,143.902,131.547,131.735
951.4,107.955,85.775,140.758,104.967,89.249,137.523,143.932,131.584,131.697
951.5,107.901,85.775,140.822,104.967,89.249,137.489,143.962,131.584,131.735
951.6,107.793,85.702,140.822,104.967,89.249,137.523,143.932,131.584,131.735
951.7,108.01,85.775,140.822,104.967,89.319,137.489,143.932,131.584,131.772
951.8,107.955,85.702,140.822,104.967,89.249,137.557,143.932,131.547,131.772
951.9,107.955,85.775,140.822,104.911,89.249,137.557,143.962,131.584,131.697
952.0,107.955,85.775,140.822,105.08,89.319,137.523,143.902,131.622,131.81
952.1,107.955,85.775,140.822,104.967,89.388,137.523,143.932,131.622,131.772
952.2,107.901,85.775,140.79,104.967,89.388,137.523,143.962,131.584,131.735
952.3,107.955,85.775,140.822,104.967,89.319,137.557,143.932,131.584,131.772
952.4,107.955,85.847,140.79,104.911,89.319,137.557,143.962,131.584,131.848
952.5,107.847,85.847,140.822,105.024,89.388,137.523,143.902,131.547,131.697
952.6,107.955,85.919,140.854,104.967,89.388,137.591,143.962,131.697,131.735
952.7,108.01,85.847,140.822,105.024,89.319,137.523,143.902,131.584,131.772
952.8,107.901,85.919,140.822,104.967,89.319,137.523,143.932,131.622,131.848
952.9,108.01,85.847,140.854,104.911,89.526,137.455,143.932,131.622,131.735
953.0,108.118,85.919,140.79,104.967,89.457,137.591,143.902,131.547,131.81
953.1,107.955,85.919,140.822,104.967,89.457,137.523,143.902,131.584,131.81
953.2,108.01,85.919,140.854,104.967,89.526,137.591,143.932,131.584,131.772
953.3,107.955,86.136,140.918,104.967,89.457,137.591,143.932,131.584,131.772
953.4,107.901,85.919,140.822,105.024,89.457,137.557,143.962,131.622,131.772
953.5,107.955,85.992,140.822,105.024,89.457,137.557,143.932,131.584,131.772
953.6,107.955,85.919,140.822,104.967,89.457,137.557,143.962,131.584,131.81
953.7,107.955,86.136,140.854,104.911,89.526,137.557,143.932,131.584,131.735
953.8,108.01,85.919,140.854,104.967,89.526,137.659,143.902,131.622,131.848
953.9,108.01,85.992,140.79,104.967,89.526,137.557,143.932,131.584,131.81
954.0,107.955,86.064,140.886,104.967,89.526,137.591,143.932,131.622,131.772
954.1,108.01,85.992,140.854,104.967,89.526,137.523,143.902,131.622,131.772
954.2,108.064,85.992,140.822,105.024,89.457,137.591,143.932,131.584,131.772
954.3,108.01,86.064,140.918,104.967,89.665,137.523,143.932,131.584,131.772
954.4,108.01,85.992,140.854,104.967,89.596,137.557,143.993,131.66,131.735
954.5,108.01,85.992,140.918,104.967,89.596,137.591,143.902,131.697,131.772
954.6,108.01,85.992,140.822,104.967,89.596,137.557,143.902,131.584,131.81
954.7,107.955,85.992,140.854,105.08,89.596,137.591,143.932,131.622,131.848
954.8,107.955,86.064,140.822,104.967,89.526,137.557,143.902,131.584,131.772
954.9,108.01,86.064,140.854,104.967,89.596,137.557,143.932,131.584,131.772
955.0,107.955,85.992,140.822,104.911,89.596,137.557,143.932,131.547,131.772
955.1,108.01,85.992,140.854,104.911,89.596,137.557,143.993,131.66,131.735
955.2,108.01,86.064,140.854,105.024,89.596,137.557,143.902,131.622,131.772
955.3,108.064,85.992,140.822,105.024,89.665,137.591,143.993,131.622,131.848
955.4,108.01,86.064,140.854,104.967,89.734,137.557,143.932,131.584,131.772
955.5,108.064,86.064,140.822,105.024,89.665,137.557,143.932,131.584,131.772
955.6,107.955,86.136,140.854,105.024,89.734,137.557,143.902,131.622,131.772
955.7,107.955,86.136,140.822,104.967,89.734,137.557,143.962,131.622,131.81
955.8,108.01,86.064,140.886,105.024,89.803,137.557,143.932,131.622,131.772
955.9,108.01,86.064,140.854,104.967,89.734,137.557,143.902,131.584,131.81
956.0,108.064,86.136,140.822,105.024,89.734,137.591,143.902,131.66,131.81
956.1,108.01,86.064,140.822,105.024,89.665,137.557,143.932,131.584,131.81
956.2,107.955,86.136,140.854,105.024,89.665,137.523,143.902,131.622,131.81
956.3,108.01,86.136,140.822,104.967,89.803,137.557,143.962,131.584,131.772
956.4,108.01,86.28,140.854,104.967,89.803,137.557,143.932,131.622,131.81
956.5,108.118,86.208,140.854,105.024,89.803,137.693,143.962,131.622,131.81
956.6,108.01,86.136,140.854,105.024,89.803,137.523,144.053,131.622,131.772
956.7,107.955,86.208,140.854,105.08,89.734,137.557,143.962,131.547,131.81
956.8,108.118,86.208,140.822,105.024,89.803,137.557,143.993,131.584,131.81
956.9,108.064,86.208,140.854,105.08,89.734,137.625,143.932,131.66,131.81
957.0,108.01,86.352,140.854,105.024,89.871,137.489,143.962,131.622,131.81
957.1,108.01,86.28,140.886,105.024,89.734,137.557,143.932,131.622,131.81
957.2,107.955,86.208,140.854,105.024,89.871,137.625,143.932,131.547,131.772
957.3,108.01,86.208,140.822,105.08,89.94,137.557,143.962,131.584,131.772
957.4,108.01,86.208,140.886,105.024,89.871,137.591,143.932,131.622,131.848
957.5,108.01,86.28,140.854,105.024,89.94,137.625,143.932,131.697,131.772
957.6,107.955,86.208,140.822,104.967,90.009,137.625,143.902,131.547,131.81
957.7,108.01,86.28,140.822,105.024,89.871,137.591,143.932,131.584,131.81
957.8,108.118,86.28,140.886,105.024,89.803,137.625,143.962,131.622,131.81
957.9,108.064,86.28,140.886,105.024,89.871,137.591,143.962,131.622,131.81
958.0,108.01,86.28,140.854,105.024,89.94,137.557,143.932,131.697,131.81
958.1,108.01,86.208,140.886,105.024,89.94,137.625,143.932,131.509,131.848
958.2,108.01,86.28,140.886,105.024,90.009,137.557,143.962,131.584,131.81
958.3,108.064,86.28,140.822,104.967,90.009,137.523,143.993,131.622,131.81
958.4,108.01,86.352,140.758,104.967,89.94,137.591,143.902,131.584,131.772
958.5,107.955,86.352,140.854,104.967,89.871,137.591,143.962,131.622,131.772
958.6,108.064,86.352,140.822,104.911,90.009,137.591,143.962,131.584,131.81
958.7,108.01,86.352,140.886,105.08,90.009,137.591,143.932,131.584,131.848
958.8,108.064,86.352,140.918,105.137,90.009,137.625,143.932,131.584,131.81
958.9,108.01,86.28,140.854,105.024,89.94,137.591,143.962,131.622,131.81
959.0,108.118,86.352,140.854,105.137,89.94,137.557,143.962,131.66,131.772
959.1,108.064,86.28,140.854,105.024,89.94,137.591,143.932,131.622,131.772
959.2,108.064,86.352,140.854,105.024,90.078,137.557,144.023,131.622,131.81
959.3,108.01,86.352,140.886,105.024,90.009,137.591,143.962,131.66,131.772
959.4,108.118,86.352,140.886,105.024,89.94,137.557,143.962,131.622,131.885
959.5,108.01,86.352,140.886,105.024,90.009,137.591,143.932,131.622,131.81
959.6,108.118,86.424,140.886,105.024,90.078,137.557,143.932,131.584,131.848
959.7,108.064,86.352,140.854,105.024,90.009,137.591,143.962,131.622,131.772
959.8,107.955,86.352,140.854,105.024,90.078,137.557,143.962,131.622,131.848
959.9,108.064,86.352,140.886,105.08,90.078,137.591,143.872,131.66,131.848
960.0,108.01,86.424,140.854,105.024,90.009,137.591,143.962,131.622,131.848
960.1,108.118,86.424,140.79,105.024,90.078,137.625,143.993,131.622,131.81
960.2,108.064,86.496,140.886,105.024,89.94,137.591,143.993,131.622,131.848
960.3,108.01,86.28,140.854,105.08,90.078,137.625,143.993,131.622,131.81
960.4,108.118,86.424,140.854,105.08,90.146,137.625,143.962,131.622,131.848
960.5,108.01,86.496,140.854,104.967,90.146,137.591,143.962,131.66,131.81
960.6,108.064,86.424,140.886,105.024,90.146,137.591,143.962,131.622,131.81
960.7,108.064,86.424,140.854,105.08,90.078,137.625,143.932,131.622,131.848
960.8,108.064,86.496,140.854,105.024,90.009,137.591,143.932,131.622,131.81
960.9,108.01,86.568,140.981,104.967,90.078,137.523,143.932,131.622,131.81
961.0,108.064,86.496,140.822,105.08,90.146,137.591,143.962,131.66,131.81
961.1,108.064,86.496,140.854,105.024,90.215,137.591,143.962,131.697,131.885
961.2,108.064,86.424,140.886,105.024,90.215,137.625,143.962,131.622,131.735
961.3,108.064,86.496,140.886,105.024,90.146,137.625,143.962,131.622,131.848
961.4,108.01,86.424,140.854,105.08,90.215,137.625,143.993,131.622,131.81
961.5,108.064,86.496,140.886,105.08,90.215,137.591,143.993,131.622,131.81
961.6,108.118,86.568,140.886,105.024,90.215,137.625,143.932,131.622,131.848
961.7,108.064,86.496,140.918,105.08,90.146,137.625,143.962,131.697,131.81
961.8,108.064,86.568,140.886,105.137,90.284,137.591,143.962,131.622,131.848
961.9,108.064,86.568,140.918,105.08,90.284,137.557,143.962,131.66,131.81
962.0,108.118,86.568,140.886,105.08,90.284,137.625,143.962,131.697,131.848
962.1,108.064,86.568,140.854,105.08,90.352,137.591,143.993,131.622,131.848
962.2,108.064,86.639,140.95,105.08,90.284,137.625,143.932,131.622,131.81
962.3,108.01,86.568,140.886,105.08,90.352,137.591,143.993,131.584,131.885
962.4,108.064,86.639,140.95,105.024,90.284,137.591,143.962,131.622,131.81
962.5,108.064,86.639,140.918,105.08,90.215,137.591,143.962,131.66,131.848
962.6,108.01,86.568,140.854,105.08,90.284,137.625,143.962,131.584,131.81
962.7,108.064,86.711,140.854,105.024,90.352,137.625,143.962,131.622,131.81
962.8,108.064,86.639,140.918,105.137,90.352,137.591,143.962,131.622,131.81
962.9,108.064,86.639,140.95,105.08,90.284,137.591,143.962,131.622,131.885
963.0,108.064,86.568,140.886,105.08,90.421,137.625,143.993,131.622,131.81
963.1,108.064,86.639,140.918,105.08,90.421,137.693,143.993,131.66,131.81
963.2,108.064,86.711,140.854,105.08,90.352,137.693,143.902,131.622,131.848
963.3,108.064,86.639,140.918,105.08,90.352,137.625,144.023,131.66,131.735
963.4,108.064,86.711,140.854,105.08,90.421,137.659,143.932,131.622,131.885
963.5,108.172,86.711,140.886,105.024,90.352,137.625,143.993,131.697,131.885
963.6,108.172,86.639,140.886,105.08,90.352,137.625,143.993,131.622,131.848
963.7,108.118,86.711,140.95,105.08,90.352,137.727,143.962,131.66,131.848
963.8,108.064,86.711,140.886,105.137,90.421,137.625,143.932,131.66,131.81
963.9,108.172,86.639,140.918,105.08,90.489,137.625,143.872,131.66,131.885
964.0,108.064,86.854,140.854,105.08,90.421,137.625,144.023,131.66,131.885
964.1,108.064,86.783,140.918,105.08,90.421,137.625,143.962,131.622,131.81
964.2,108.064,86.783,140.95,105.08,90.421,137.625,143.962,131.735,131.848
964.3,108.064,86.783,140.918,105.137,90.421,137.625,143.962,131.622,131.81
964.4,108.064,86.711,140.918,105.137,90.557,137.693,143.962,131.622,131.81
964.5,107.955,86.783,140.918,105.08,90.489,137.625,143.993,131.697,131.922
964.6,108.064,86.783,140.918,105.08,90.489,137.625,143.962,131.66,131.848
964.7,108.172,86.854,140.918,105.137,90.489,137.659,143.962,131.622,131.81
964.8,108.172,86.854,140.854,105.08,90.626,137.659,143.962,131.622,131.848
964.9,108.064,86.854,140.886,105.137,90.489,137.625,143.993,131.622,131.885
965.0,108.118,86.854,140.918,105.08,90.626,137.625,143.993,131.66,131.885
965.1,108.172,86.854,140.981,105.024,90.421,137.625,143.962,131.66,131.848
965.2,108.118,86.854,140.886,105.08,90.557,137.591,143.872,131.66,131.81
965.3,108.118,86.854,140.918,105.08,90.557,137.625,143.962,131.66,131.885
965.4,108.118,86.926,140.95,105.08,90.557,137.659,143.962,131.697,131.848
965.5,108.064,86.854,140.886,105.08,90.557,137.591,143.962,131.66,131.885
965.6,108.226,86.854,140.95,105.08,90.626,137.659,143.962,131.622,131.848
965.7,108.064,86.854,140.918,105.08,90.762,137.625,143.993,131.584,131.848
965.8,108.118,87.068,140.918,105.08,90.557,137.625,143.962,131.66,131.848
965.9,108.064,86.783,140.918,105.08,90.626,137.625,143.932,131.66,131.848
966.0,108.118,86.854,140.918,105.137,90.694,137.693,144.083,131.735,131.81
966.1,108.118,86.997,140.918,105.137,90.694,137.659,143.962,131.66,131.81
966.2,108.118,86.926,140.918,105.08,90.626,137.659,143.962,131.66,131.81
966.3,108.118,86.926,140.95,105.08,90.626,137.625,143.962,131.697,131.848
966.4,108.118,86.926,140.918,105.08,90.626,137.625,143.993,131.547,131.848
966.5,108.118,86.854,140.918,105.08,90.626,137.625,143.962,131.697,131.848
966.6,108.064,86.997,140.918,105.137,90.694,137.659,143.962,131.622,131.848
966.7,108.172,86.926,140.918,105.08,90.694,137.693,143.993,131.66,131.848
966.8,108.118,86.997,140.95,105.249,90.694,137.625,143.962,131.622,131.848
966.9,108.118,86.926,140.822,105.08,90.83,137.659,143.962,131.66,131.848
967.0,108.226,86.997,140.95,105.08,90.694,137.659,143.932,131.622,131.848
967.1,108.118,86.926,140.918,105.193,90.762,137.659,143.962,131.66,131.848
967.2,108.064,86.997,140.95,105.08,90.762,137.659,143.962,131.66,131.848
967.3,108.118,86.997,140.886,105.137,90.762,137.625,143.993,131.772,131.772
967.4,108.118,86.997,140.918,105.137,90.762,137.625,143.962,131.66,131.81
967.5,108.172,87.068,140.918,105.137,90.83,137.625,144.023,131.66,131.848
967.6,108.172,87.068,140.918,105.08,90.762,137.659,143.962,131.697,131.848
967.7,108.118,87.068,140.886,105.137,90.83,137.659,143.962,131.697,131.885
967.8,108.172,87.068,140.918,105.137,90.83,137.625,143.962,131.697,131.848
967.9,108.064,87.068,140.918,105.08,90.83,137.625,144.023,131.622,131.848
968.0,108.172,87.068,140.886,105.193,90.83,137.625,143.993,131.66,131.81
968.1,108.172,87.068,140.886,105.137,90.83,137.659,143.902,131.697,131.885
968.2,108.118,86.997,140.886,105.193,90.898,137.659,143.993,131.697,131.848
968.3,108.118,87.068,140.918,105.08,90.83,137.625,143.993,131.584,131.848
968.4,108.172,87.068,140.918,105.193,90.762,137.659,143.932,131.66,131.848
968.5,108.172,87.068,140.918,105.137,90.898,137.659,144.023,131.697,131.848
968.6,108.118,87.068,140.981,105.137,90.898,137.625,143.962,131.66,131.848
968.7,108.118,87.068,140.918,105.137,90.966,137.625,144.023,131.622,131.848
968.8,108.172,87.068,140.918,105.137,90.966,137.693,144.053,131.66,131.922
968.9,108.172,87.14,140.95,105.137,90.898,137.693,144.023,131.66,131.885
969.0,108.118,87.14,140.95,105.137,90.898,137.693,143.993,131.66,131.885
969.1,108.172,87.14,140.918,105.08,90.898,137.693,143.962,131.66,131.848
969.2,108.172,87.14,140.918,105.024,90.83,137.693,143.962,131.697,131.922
969.3,108.172,87.068,140.886,105.08,90.966,137.659,143.993,131.697,131.81
969.4,108.118,87.14,140.918,105.024,90.966,137.693,144.023,131.697,131.848
969.5,108.172,87.068,140.918,105.137,90.966,137.693,143.993,131.66,131.848
969.6,108.118,87.14,140.918,105.08,90.966,137.659,143.962,131.697,131.848
969.7,108.172,87.211,140.854,105.137,90.966,137.659,143.993,131.697,131.848
969.8,108.118,87.211,140.95,105.193,91.034,137.693,143.993,131.66,131.848
969.9,108.172,87.211,140.918,105.249,90.966,137.659,143.962,131.697,131.772
970.0,108.334,87.14,140.95,105.193,91.034,137.659,143.993,131.735,131.81
970.1,108.172,87.211,140.95,105.137,91.034,137.693,143.993,131.66,131.885
970.2,108.226,87.282,140.918,105.137,91.034,137.693,143.993,131.66,131.885
970.3,108.172,87.14,140.918,105.08,91.034,137.625,144.023,131.66,131.848
970.4,108.226,87.211,140.918,105.193,91.034,137.659,143.993,131.697,131.848
970.5,108.172,87.282,140.95,105.193,91.034,137.659,143.962,131.66,131.848
970.6,108.118,87.282,140.918,105.193,91.034,137.693,144.023,131.66,131.922
970.7,108.172,87.211,140.918,105.137,91.034,137.659,144.083,131.66,131.885
970.8,108.118,87.282,140.95,105.137,90.966,137.659,143.962,131.697,131.848
970.9,108.172,87.282,140.95,105.137,91.102,137.693,144.023,131.66,131.848
971.0,108.172,87.282,140.95,105.137,91.102,137.761,143.993,131.66,131.885
971.1,108.064,87.211,140.95,105.193,91.102,137.693,143.962,131.697,131.848
971.2,108.226,87.353,140.918,104.911,91.169,137.693,143.993,131.622,131.922
971.3,108.172,87.282,140.95,105.137,91.102,137.659,143.993,131.697,131.922
971.4,108.226,87.353,140.918,105.193,91.169,137.659,143.993,131.697,131.885
971.5,108.172,87.282,140.918,105.137,91.169,137.693,143.993,131.622,131.885
971.6,108.172,87.353,140.95,105.137,91.169,137.591,143.993,131.66,131.922
971.7,108.172,87.353,140.981,105.137,91.169,137.693,143.993,131.697,131.885
971.8,108.172,87.353,140.918,105.193,91.034,137.693,143.962,131.697,131.848
971.9,108.172,87.353,140.95,105.08,91.237,137.659,144.023,131.66,131.922
972.0,108.172,87.424,140.95,105.137,91.237,137.693,144.023,131.735,131.81
972.1,108.226,87.353,140.95,105.137,91.169,137.693,143.993,131.66,131.885
972.2,108.118,87.424,140.981,105.193,91.305,137.693,144.023,131.66,131.885
972.3,108.172,87.424,140.95,105.137,91.237,137.659,144.023,131.66,131.885
972.4,108.118,87.353,140.918,105.137,91.237,137.659,144.023,131.697,131.885
972.5,108.172,87.424,140.95,105.193,91.237,137.727,144.023,131.697,131.885
972.6,108.226,87.353,140.95,105.193,91.305,137.693,143.993,131.697,131.885
972.7,108.172,87.424,140.981,105.193,91.237,137.659,143.993,131.697,131.922
972.8,108.172,87.353,141.077,105.193,91.237,137.693,143.993,131.66,131.885
972.9,108.172,87.495,140.95,105.249,91.305,137.659,144.023,131.735,131.885
973.0,108.172,87.495,141.013,105.137,91.305,137.693,143.993,131.697,131.922
973.1,108.172,87.495,141.013,105.137,91.305,137.727,143.962,131.735,131.848
973.2,108.226,87.424,140.95,105.193,91.305,137.693,143.962,131.66,131.885
973.3,108.172,87.424,140.95,105.137,91.372,137.659,144.053,131.66,131.885
973.4,108.172,87.424,140.981,105.137,91.305,137.659,144.053,131.697,131.885
973.5,108.226,87.424,140.95,105.137,91.372,137.693,143.993,131.735,131.848
973.6,108.172,87.495,140.886,105.137,91.305,137.659,144.023,131.697,131.885
973.7,108.172,87.424,140.981,105.137,91.372,137.659,143.993,131.697,131.848
973.8,108.28,87.495,140.95,105.249,91.508,137.693,144.023,131.697,131.885
973.9,108.172,87.495,140.95,105.249,91.44,137.693,144.023,131.697,131.885
974.0,108.226,87.566,141.013,105.193,91.44,137.693,144.023,131.735,131.922
974.1,108.28,87.566,140.95,105.137,91.44,137.659,144.023,131.66,131.885
974.2,108.226,87.566,140.95,105.249,91.372,137.659,143.993,131.697,131.922
974.3,108.334,87.566,140.95,105.137,91.372,137.693,143.993,131.735,131.885
974.4,108.28,87.637,140.95,105.193,91.372,137.693,143.993,131.735,131.848
974.5,108.172,87.566,140.981,105.193,91.372,137.659,144.023,131.697,131.922
974.6,108.226,87.637,140.95,105.193,91.372,137.727,143.993,131.772,131.922
974.7,108.118,87.566,140.95,105.193,91.44,137.693,144.023,131.697,131.96
974.8,108.28,87.566,140.981,105.137,91.508,137.693,144.053,131.66,131.885
974.9,108.172,87.566,140.95,105.137,91.44,137.761,144.023,131.735,131.96
975.0,108.28,87.566,140.95,105.137,91.44,137.693,143.993,131.697,131.922
975.1,108.172,87.637,140.95,105.193,91.508,137.659,144.023,131.735,131.885
975.2,108.172,87.566,140.981,105.193,91.44,137.693,143.993,131.66,131.922
975.3,108.226,87.637,140.981,105.249,91.575,137.693,144.023,131.735,131.922
975.4,108.226,87.566,140.95,105.193,91.508,137.727,143.962,131.697,131.96
975.5,108.172,87.566,140.918,105.193,91.642,137.693,143.993,131.697,131.885
975.6,108.226,87.566,140.95,105.137,91.508,137.727,143.993,131.735,131.885
975.7,108.226,87.566,140.95,105.193,91.508,137.693,144.023,131.697,131.922
975.8,108.172,87.637,140.95,105.193,91.575,137.727,143.993,131.697,131.922
975.9,108.172,87.637,140.981,105.193,91.508,137.693,144.023,131.697,131.922
976.0,108.226,87.637,140.886,105.249,91.508,137.761,144.053,131.697,131.885
976.1,108.172,87.708,140.95,105.193,91.575,137.727,144.023,131.622,131.922
976.2,108.28,87.637,141.013,105.193,91.575,137.693,144.023,131.735,131.922
976.3,108.172,87.708,140.981,105.249,91.575,137.727,143.993,131.697,131.885
976.4,108.226,87.637,140.981,105.193,91.575,137.727,144.023,131.735,131.885
976.5,108.226,87.637,140.95,105.137,91.642,137.727,143.962,131.735,131.885
976.6,108.172,87.708,140.95,105.193,91.575,137.693,144.023,131.735,132.035
976.7,108.226,87.778,141.013,105.193,91.642,137.727,143.993,131.772,131.885
976.8,108.226,87.637,140.886,105.193,91.71,137.727,144.083,131.697,131.922
976.9,108.172,87.778,141.013,105.306,91.642,137.693,144.023,131.697,131.922
977.0,108.226,87.708,140.95,105.137,91.642,137.761,144.023,131.697,131.922
977.1,108.226,87.708,141.013,105.193,91.71,137.727,144.023,131.697,131.922
977.2,108.226,87.708,140.95,105.193,91.642,137.693,144.053,131.697,131.997
977.3,108.226,87.708,140.95,105.193,91.642,137.727,143.993,131.697,131.922
977.4,108.226,87.778,140.918,105.249,91.642,137.828,144.023,131.735,131.848
977.5,108.172,87.708,140.95,105.193,91.642,137.727,144.083,131.735,131.922
977.6,108.28,87.708,141.013,105.193,91.642,137.761,143.993,131.66,131.96
977.7,108.172,87.708,140.95,105.193,91.777,137.727,144.053,131.697,131.885
977.8,108.172,87.778,141.013,105.193,91.71,137.693,144.023,131.735,131.96
977.9,108.172,87.778,141.045,105.193,91.777,137.761,143.962,131.735,131.922
978.0,108.226,87.778,140.95,105.193,91.71,137.727,144.023,131.697,131.922
978.1,108.226,87.778,141.013,105.193,91.71,137.727,144.053,131.735,131.885
978.2,108.226,87.92,140.95,105.249,91.777,137.727,143.993,131.735,131.922
978.3,108.28,87.778,140.981,105.193,92.179,137.727,144.023,131.735,131.922
978.4,108.28,87.778,140.95,105.249,91.777,137.727,144.023,131.735,131.922
978.5,108.226,87.849,140.981,105.249,91.777,137.727,144.053,131.697,131.922
978.6,108.172,87.778,140.918,105.249,91.777,137.761,144.023,131.735,131.885
978.7,108.28,87.849,140.95,105.193,91.777,137.794,143.993,131.735,131.81
978.8,108.226,87.778,140.95,105.249,91.844,137.727,144.083,131.697,131.922
978.9,108.226,87.849,141.013,105.249,91.777,137.727,144.023,131.735,131.922
979.0,108.226,87.92,140.981,105.193,91.844,137.727,144.053,131.772,131.885
979.1,108.226,87.849,140.981,105.249,91.777,137.727,144.053,131.735,131.96
979.2,108.172,87.92,140.95,105.249,91.777,137.761,144.053,131.772,131.96
979.3,108.28,87.92,140.981,105.249,91.844,137.794,144.053,131.735,131.922
979.4,108.28,87.849,140.981,105.249,91.844,137.727,144.053,131.735,131.885
979.5,108.118,87.99,141.013,105.137,91.911,137.727,143.993,131.697,131.922
979.6,108.334,87.849,140.981,105.193,91.911,137.761,144.023,131.735,131.922
979.7,108.226,87.92,140.981,105.249,91.911,137.727,144.023,131.735,131.96
979.8,108.226,87.99,140.981,105.249,91.911,137.761,144.083,131.697,131.997
979.9,108.28,87.92,140.95,105.249,91.911,137.761,143.993,131.735,131.96
980.0,108.226,87.99,141.045,105.306,91.978,137.727,143.993,131.735,131.997
980.1,108.28,87.99,140.981,105.249,91.911,137.727,144.053,131.735,131.922
980.2,108.28,87.99,140.95,105.193,91.911,137.659,144.023,131.81,131.922
980.3,108.226,87.99,140.981,105.306,91.978,137.761,144.023,131.735,131.81
980.4,108.28,87.99,141.013,105.249,91.777,137.761,144.023,131.697,131.885
980.5,108.226,87.92,140.95,105.193,91.978,137.761,144.053,131.772,131.96
980.6,108.28,87.99,140.981,105.306,91.911,137.727,144.023,131.772,131.96
980.7,108.226,87.99,140.981,105.249,91.978,137.761,144.053,131.697,131.885
980.8,108.172,87.99,141.013,105.249,91.978,137.761,144.053,131.772,131.885
980.9,108.28,87.99,141.013,105.193,91.978,137.727,144.023,131.697,131.96
981.0,108.118,87.99,140.981,105.193,92.045,137.761,144.023,131.81,131.922
981.1,108.28,88.061,141.013,105.249,91.978,137.727,144.023,131.735,131.922
981.2,108.226,87.92,140.981,105.193,92.045,137.727,144.023,131.772,131.922
981.3,108.28,87.99,141.013,105.249,91.978,137.727,144.023,131.772,131.922
981.4,108.28,88.061,140.981,105.193,92.045,137.794,144.023,131.735,131.922
981.5,108.28,87.99,140.981,105.249,91.911,137.727,144.023,131.697,131.885
981.6,108.226,87.99,141.013,105.193,92.045,137.761,144.023,131.735,131.997
981.7,108.28,88.061,141.013,105.249,92.045,137.761,144.023,131.772,131.96
981.8,108.28,88.061,141.013,105.249,92.045,137.761,144.053,131.81,131.997
981.9,108.226,88.061,140.981,105.306,92.112,137.761,144.023,131.735,131.922
982.0,108.28,88.061,141.013,105.249,92.045,137.727,144.023,131.735,131.96
982.1,108.226,88.061,141.013,105.193,92.112,137.761,144.023,131.772,131.922
982.2,108.226,88.061,140.95,105.306,92.112,137.761,144.053,131.735,131.885
982.3,108.226,88.061,141.045,105.249,92.112,137.761,144.053,131.772,131.922
982.4,108.28,88.061,140.981,105.193,92.112,137.727,144.023,131.735,131.96
982.5,108.28,88.131,141.045,105.249,92.112,137.794,144.023,131.81,131.922
982.6,108.226,88.131,140.981,105.249,92.112,137.761,144.023,131.735,131.96
982.7,108.226,88.201,141.013,105.249,92.112,137.761,144.053,131.772,131.96
982.8,108.28,88.131,140.981,105.249,92.112,137.761,144.053,131.81,131.922
982.9,108.388,88.201,140.981,105.306,92.179,137.761,144.023,131.735,131.96
983.0,108.334,88.201,140.981,105.249,92.179,137.794,144.023,131.735,131.96
983.1,108.226,88.201,141.013,105.306,92.179,137.727,144.053,131.81,131.96
983.2,108.28,88.201,141.013,105.306,92.179,137.761,144.023,131.772,131.848
983.3,108.334,88.131,141.013,105.249,92.179,137.761,144.053,131.735,131.96
983.4,108.28,88.201,141.045,105.249,92.112,137.761,144.053,131.772,131.922
983.5,108.226,88.201,141.013,105.306,92.313,137.761,144.053,131.735,131.997
983.6,108.334,88.201,140.981,105.193,92.246,137.761,144.053,131.735,131.96
983.7,108.334,88.272,141.013,105.306,92.246,137.761,144.023,131.735,131.96
983.8,108.226,88.201,141.045,105.418,92.179,137.727,144.053,131.735,131.96
983.9,108.388,88.201,141.141,105.306,92.112,137.761,144.023,131.772,131.922
984.0,108.28,88.201,141.045,105.306,92.179,137.794,143.993,131.735,131.922
984.1,108.172,88.272,141.013,105.249,92.246,137.761,144.053,131.735,131.997
984.2,108.28,88.201,141.013,105.306,92.313,137.761,144.023,131.697,131.922
984.3,108.28,88.272,141.045,105.306,92.38,137.794,144.053,131.735,131.96
984.4,108.28,88.272,141.013,105.306,92.313,137.794,144.083,131.772,131.922
984.5,108.334,88.272,141.045,105.306,92.38,137.727,144.023,131.772,131.922
984.6,108.28,88.342,140.981,105.418,92.313,137.761,143.993,131.772,131.96
984.7,108.334,88.272,141.045,105.249,92.38,137.761,144.083,131.772,131.922
984.8,108.226,88.342,140.981,105.306,92.313,137.828,144.023,131.697,131.96
984.9,108.28,88.272,141.013,105.306,92.38,137.794,144.023,131.735,131.96
985.0,108.334,88.342,141.013,105.474,92.38,137.761,144.053,131.772,131.997
985.1,108.334,88.342,141.013,105.249,92.313,137.761,144.023,131.772,131.96
985.2,108.28,88.412,141.013,105.249,92.38,137.761,144.023,131.735,131.922
985.3,108.334,88.412,141.045,105.249,92.38,137.794,144.053,131.772,131.922
985.4,108.28,88.412,141.013,105.249,92.447,137.761,144.053,131.81,131.997
985.5,108.442,88.342,141.013,105.249,92.447,137.794,144.053,131.735,131.96
985.6,108.28,88.412,141.013,105.306,92.447,137.794,144.053,131.772,131.96
985.7,108.334,88.552,141.077,105.193,92.38,137.828,144.023,131.772,131.96
985.8,108.28,88.272,141.045,105.362,92.447,137.828,144.113,131.772,132.072
985.9,108.334,88.412,141.013,105.249,92.447,137.896,144.023,131.772,131.96
986.0,108.334,88.342,141.013,105.249,92.447,137.794,144.083,131.735,131.997
986.1,108.334,88.412,141.013,105.193,92.513,137.794,144.053,131.772,131.96
986.2,108.28,88.412,141.045,105.249,92.447,137.862,144.053,131.735,131.997
986.3,108.28,88.412,141.077,105.249,92.447,137.794,144.053,131.697,131.96
986.4,108.334,88.412,141.045,105.306,92.58,137.794,144.053,131.772,131.997
986.5,108.334,88.482,141.013,105.306,92.646,137.794,144.023,131.772,131.96
986.6,108.334,88.412,140.981,105.249,92.58,137.794,144.023,131.81,131.96
986.7,108.28,88.482,141.013,105.306,92.513,137.828,144.023,131.848,131.997
986.8,108.28,88.552,141.013,105.306,92.513,137.828,144.023,131.81,131.922
986.9,108.28,88.552,141.045,105.249,92.58,137.794,144.053,131.772,131.96
987.0,108.334,88.412,141.045,105.362,92.58,137.794,144.023,131.81,132.035
987.1,108.28,88.482,141.045,105.306,92.58,137.828,144.023,131.772,131.997
987.2,108.334,88.482,141.013,105.306,92.58,137.896,144.083,131.772,131.997
987.3,108.28,88.482,141.045,105.418,92.58,137.794,144.053,131.772,131.997
987.4,108.334,88.482,141.045,105.306,92.713,137.828,144.023,131.772,131.997
987.5,108.334,88.552,141.077,105.306,92.646,137.828,144.023,131.96,131.96
987.6,108.334,88.552,141.045,105.306,92.58,137.794,144.083,131.772,131.997
987.7,108.334,88.552,141.045,105.306,92.58,137.828,144.053,131.772,131.96
987.8,108.28,88.692,141.045,105.249,92.646,137.794,144.053,131.772,131.997
987.9,108.334,88.552,141.045,105.306,92.713,137.828,144.053,131.772,131.997
988.0,108.28,88.552,141.077,105.306,92.646,137.794,144.083,131.772,131.997
988.1,108.28,88.622,140.854,105.249,92.646,137.794,144.083,131.81,131.997
988.2,108.28,88.622,140.95,105.362,92.713,137.828,144.053,131.735,131.96
988.3,108.334,88.552,141.013,105.249,92.713,137.794,144.083,131.772,131.96
988.4,108.388,88.552,141.045,105.249,92.846,137.761,144.023,131.81,132.035
988.5,108.334,88.622,141.045,105.362,92.713,137.794,144.143,131.772,132.035
988.6,108.442,88.692,141.013,105.306,92.646,137.794,144.083,131.735,131.997
988.7,108.28,88.622,141.045,105.306,92.713,137.828,144.053,131.848,131.922
988.8,108.388,88.692,141.013,105.306,92.779,137.828,143.993,131.772,131.96
988.9,108.334,88.692,141.077,105.249,92.779,137.828,144.053,131.772,131.997
989.0,108.334,88.552,141.045,105.362,92.646,137.794,144.053,131.772,131.96
989.1,108.334,88.622,141.013,105.306,92.779,137.828,144.023,131.848,131.997
989.2,108.388,88.622,141.013,105.306,92.779,137.828,144.083,131.772,131.997
989.3,108.388,88.692,140.981,105.362,92.846,137.794,144.083,131.81,131.997
989.4,108.28,88.692,141.045,105.306,92.912,137.794,144.023,131.697,131.96
989.5,108.388,88.762,141.013,105.306,92.779,137.862,144.083,131.772,132.072
989.6,108.334,88.692,141.045,105.362,92.846,137.828,144.083,131.81,131.997
989.7,108.334,88.692,141.109,105.249,92.846,137.828,144.083,131.81,131.997
989.8,108.334,88.692,141.045,105.249,92.846,137.828,144.053,131.772,131.997
989.9,108.388,88.692,141.013,105.306,92.779,137.794,144.053,131.772,131.997
990.0,108.334,88.762,141.013,105.306,92.846,137.828,144.053,131.81,132.035
990.1,108.442,88.482,141.077,105.362,92.846,137.794,144.083,131.772,132.072
990.2,108.388,88.692,141.013,105.249,92.912,137.828,144.053,131.772,131.997
990.3,108.334,88.832,141.045,105.306,92.912,137.794,144.053,131.772,132.035
990.4,108.334,88.762,141.045,105.362,92.912,137.862,144.023,131.772,131.997
990.5,108.334,88.762,141.077,105.306,92.912,137.794,144.053,131.81,132.035
990.6,108.334,88.832,141.077,105.306,92.978,137.828,144.053,131.772,131.997
990.7,108.334,88.692,141.013,105.362,92.912,137.828,144.053,131.81,131.96
990.8,108.388,88.762,141.013,105.306,92.912,137.828,144.083,131.772,132.035
990.9,108.388,88.762,141.045,105.362,92.978,137.828,144.023,131.848,132.035
991.0,108.388,88.762,141.045,105.362,92.912,137.828,144.053,131.81,131.997
991.1,108.388,88.762,141.077,105.306,92.978,137.862,144.053,131.772,131.96
991.2,108.388,88.692,141.077,105.306,92.912,137.828,144.053,131.81,131.997
991.3,108.442,88.762,141.077,105.362,92.978,137.896,144.053,131.81,131.997
991.4,108.334,88.762,141.173,105.306,93.044,137.862,144.053,131.81,132.072
991.5,108.388,88.901,141.045,105.306,92.978,137.828,144.083,131.772,131.997
991.6,108.442,88.762,141.077,105.362,92.978,137.828,144.053,131.81,131.997
991.7,108.388,88.762,141.045,105.362,92.978,137.828,144.053,131.772,132.035
991.8,108.28,88.832,141.077,105.418,92.978,137.794,144.053,131.81,131.997
991.9,108.388,88.762,141.045,105.306,92.978,137.862,144.053,131.81,132.072
992.0,108.442,88.901,141.045,105.418,92.978,137.828,144.113,131.848,132.035
992.1,108.388,88.832,141.045,105.306,93.11,137.828,144.053,131.81,131.997
992.2,108.388,88.832,141.077,105.362,92.978,137.896,144.023,131.848,132.072
992.3,108.388,88.901,141.077,105.306,92.912,137.828,144.113,131.81,131.96
992.4,108.334,88.832,141.077,105.362,93.11,137.862,143.993,131.81,132.035
992.5,108.334,88.971,141.077,105.306,93.11,137.828,144.083,131.848,131.997
992.6,108.334,88.832,141.045,105.306,93.11,137.828,144.053,131.81,131.96
992.7,108.388,88.901,141.077,105.306,93.11,137.862,144.053,131.735,131.997
992.8,108.388,88.901,141.045,105.362,93.11,137.862,144.083,131.735,132.035
992.9,108.442,88.901,141.077,105.306,93.044,137.794,144.053,131.848,131.997
993.0,108.388,88.901,141.077,105.306,93.177,137.862,144.083,131.885,131.997
993.1,108.388,88.971,141.077,105.418,93.044,137.862,144.113,131.81,132.072
993.2,108.442,88.971,141.077,105.362,93.11,137.828,144.053,131.81,132.072
993.3,108.334,88.901,141.109,105.362,93.11,137.828,144.053,131.81,131.997
993.4,108.442,88.901,141.045,105.362,93.177,137.828,144.053,131.848,132.035
993.5,108.334,88.971,141.077,105.418,93.11,137.862,144.053,131.772,132.109
993.6,108.442,89.041,141.045,105.362,93.177,137.828,144.083,131.772,132.035
993.7,108.388,89.041,141.077,105.362,93.243,137.828,144.053,131.81,131.96
993.8,108.388,88.971,141.045,105.418,93.243,137.862,144.143,131.81,131.96
993.9,108.442,89.041,141.045,105.306,93.243,137.828,144.083,131.81,132.035
994.0,108.442,89.041,141.109,105.362,93.243,137.963,144.083,131.81,131.997
994.1,108.388,89.041,141.077,105.418,93.177,137.828,144.053,131.848,132.035
994.2,108.388,88.971,141.077,105.362,93.309,137.828,144.113,131.81,131.997
994.3,108.334,89.18,141.141,105.306,93.243,137.896,144.083,131.848,132.035
994.4,108.388,89.041,141.109,105.362,93.243,137.862,144.083,131.848,132.035
994.5,108.388,89.041,141.045,105.474,93.309,137.828,144.083,131.772,132.035
994.6,108.388,88.971,141.077,105.418,93.309,137.828,144.053,131.848,132.035
994.7,108.388,88.971,141.141,105.362,93.309,137.862,144.113,131.81,131.997
994.8,108.388,89.11,141.077,105.362,93.309,137.828,144.083,131.81,132.035
994.9,108.388,89.11,141.077,105.474,93.309,137.828,144.113,131.848,132.035
995.0,108.334,89.041,141.013,105.362,93.374,137.862,144.083,131.81,131.997
995.1,108.388,89.18,141.045,105.362,93.374,137.862,144.053,131.772,131.997
995.2,108.334,89.041,141.077,105.306,93.309,137.862,144.053,131.81,131.997
995.3,108.388,89.041,141.109,105.362,93.374,137.896,144.083,131.81,132.035
995.4,108.388,89.11,141.045,105.418,93.374,137.896,144.083,131.81,132.035
995.5,108.334,89.11,141.045,105.306,93.309,137.896,144.083,131.848,132.072
995.6,108.388,89.18,141.077,105.362,93.309,137.862,144.113,131.848,131.997
995.7,108.388,89.18,141.109,105.362,93.374,137.828,144.053,131.81,132.035
995.8,108.442,89.11,141.077,105.474,93.374,137.862,144.083,131.81,131.997
995.9,108.388,89.18,141.045,105.306,93.44,137.862,144.083,131.848,132.072
996.0,108.388,89.18,141.141,105.362,93.44,137.862,144.113,131.885,132.035
996.1,108.388,89.18,141.109,105.362,93.374,137.929,144.083,131.81,131.997
996.2,108.442,89.11,141.109,105.362,93.44,137.862,144.083,131.81,132.035
996.3,108.442,89.18,141.109,105.418,93.374,137.896,144.083,131.81,132.035
996.4,108.388,89.18,141.109,105.418,93.44,137.862,144.083,131.81,131.997
996.5,108.495,89.249,141.109,105.418,93.374,137.896,144.083,131.772,132.072
996.6,108.442,89.249,141.141,105.306,93.506,137.862,144.113,131.885,132.035
996.7,108.388,89.18,141.077,105.362,93.44,137.862,144.083,131.848,132.035
996.8,108.442,89.18,140.981,105.362,93.506,137.896,144.083,131.885,132.072
996.9,108.388,89.18,141.045,105.418,93.506,137.896,144.083,131.848,132.035
997.0,108.495,89.319,141.077,105.362,93.506,137.896,144.083,131.848,132.072
997.1,108.442,89.249,141.109,105.362,93.638,137.862,144.083,131.81,131.997
997.2,108.495,89.18,141.173,105.306,93.506,137.862,144.083,131.848,132.035
997.3,108.442,89.319,141.109,105.362,93.506,137.896,144.113,131.81,132.072
997.4,108.388,89.249,141.109,105.418,93.506,137.896,144.113,131.848,132.109
997.5,108.388,89.249,141.109,105.362,93.572,137.896,144.083,131.848,132.109
997.6,108.442,89.249,141.045,105.362,93.44,137.896,144.143,131.848,132.147
997.7,108.388,89.319,141.045,105.362,93.572,137.896,144.083,131.81,131.997
997.8,108.388,89.249,141.109,105.418,93.703,137.896,144.083,131.885,132.072
997.9,108.442,89.319,141.109,105.418,93.703,137.862,144.083,131.885,132.035
998.0,108.495,89.319,141.141,105.362,93.638,137.963,144.113,131.885,132.072
998.1,108.388,89.249,141.109,105.418,93.506,137.862,144.053,131.848,131.997
998.2,108.388,89.249,141.109,105.362,93.638,137.896,144.083,131.848,132.109
998.3,108.495,89.319,141.109,105.362,93.572,137.896,144.083,131.848,132.035
998.4,108.442,89.319,141.109,105.418,93.572,137.896,144.023,131.848,131.997
998.5,108.442,89.319,141.077,105.362,93.638,137.896,144.083,131.848,132.072
998.6,108.495,89.319,141.109,105.362,93.638,137.794,144.083,131.885,132.147
998.7,108.442,89.319,141.077,105.418,93.703,137.862,144.143,131.81,131.96
998.8,108.388,89.388,141.109,105.306,93.638,137.929,144.053,131.848,132.035
998.9,108.334,89.319,141.141,105.418,93.638,137.896,144.083,131.81,132.072
999.0,108.388,89.319,141.109,105.474,93.703,137.896,144.083,131.848,132.035
999.1,108.442,89.388,141.109,105.362,93.703,137.929,144.083,131.848,131.96
999.2,108.442,89.388,141.077,105.53,93.703,137.896,144.053,131.922,132.147
999.3,108.334,89.319,141.045,105.362,93.703,137.896,144.113,131.848,132.035
999.4,108.442,89.388,141.077,105.362,93.703,137.929,144.113,131.848,132.072
999.5,108.442,89.457,141.109,105.474,93.703,137.896,144.113,131.848,132.035
999.6,108.442,89.388,141.173,105.418,93.769,137.896,144.023,131.848,132.072
999.7,108.495,89.388,141.077,105.418,93.769,137.896,144.113,131.922,132.072
999.8,108.442,89.388,141.109,105.418,93.703,137.896,144.083,131.885,132.072
999.9,108.388,89.388,141.109,105.474,93.769,137.896,144.083,131.885,132.072
1000.0,108.388,89.457,141.109,105.418,93.769,137.929,144.113,131.885,132.035
1000.1,108.442,89.457,141.077,105.362,93.769,137.896,144.083,131.848,132.072
1000.2,108.388,89.457,141.141,105.362,93.769,137.896,144.143,131.848,132.035
1000.3,108.442,89.457,141.141,105.362,93.769,137.929,144.113,131.885,132.072
1000.4,108.442,89.457,141.077,105.418,93.769,137.896,144.113,131.848,132.072
1000.5,108.442,89.457,141.141,105.418,93.769,137.862,144.113,131.848,132.072
1000.6,108.495,89.596,141.109,105.362,93.834,137.896,144.143,131.81,132.072
1000.7,108.442,89.457,141.109,105.53,93.769,137.929,144.113,131.848,132.072
1000.8,108.549,89.457,141.141,105.306,93.9,137.929,144.083,131.848,132.072
1000.9,108.442,89.526,141.141,105.418,93.834,137.896,144.113,131.848,132.072
1001.0,108.442,89.457,141.109,105.418,93.834,137.862,144.083,131.848,132.109
1001.1,108.657,89.457,141.109,105.362,93.9,137.896,144.113,131.885,132.072
1001.2,108.442,89.526,141.109,105.362,93.9,137.929,144.113,131.848,132.072
1001.3,108.442,89.457,141.141,105.362,93.834,137.896,144.113,131.848,132.072
1001.4,108.495,89.596,141.077,105.418,93.9,137.896,144.143,131.848,132.035
1001.5,108.495,89.596,141.109,105.362,93.834,137.929,144.083,131.885,132.072
1001.6,108.442,89.596,141.109,105.418,93.965,137.929,144.083,131.885,132.072
1001.7,108.442,89.596,141.109,105.362,93.965,137.896,144.113,131.848,132.072
1001.8,108.495,89.596,141.109,105.474,93.834,137.929,144.143,131.885,132.035
1001.9,108.442,89.596,141.109,105.418,93.965,137.929,144.113,131.96,132.035
1002.0,108.388,89.596,141.141,105.474,93.965,138.031,144.083,131.885,132.072
1002.1,108.442,89.596,141.109,105.418,93.965,137.896,144.143,131.885,132.109
1002.2,108.442,89.596,141.141,105.362,93.965,137.929,144.113,131.885,132.109
1002.3,108.442,89.526,141.109,105.53,94.031,137.929,144.113,131.885,132.072
1002.4,108.442,89.596,141.109,105.418,93.965,137.896,144.113,131.885,132.184
1002.5,108.549,89.596,141.109,105.474,93.965,137.828,144.113,131.885,132.184
1002.6,108.388,89.596,141.173,105.418,94.031,137.997,144.083,131.885,132.072
1002.7,108.442,89.596,141.109,105.418,93.965,137.896,144.083,131.885,132.109
1002.8,108.495,89.596,141.109,105.474,94.031,137.963,144.113,131.885,132.109
1002.9,108.549,89.665,141.109,105.474,93.965,137.896,144.083,131.922,132.109
1003.0,108.442,89.665,141.077,105.53,94.096,137.963,144.143,131.885,132.109
1003.1,108.495,89.734,141.141,105.474,94.031,137.963,144.143,131.848,132.072
1003.2,108.442,89.665,141.109,105.418,94.096,137.929,144.113,131.885,132.072
1003.3,108.495,89.665,141.204,105.474,94.031,137.963,144.143,131.81,132.035
1003.4,108.442,89.665,141.173,105.418,94.031,137.997,144.113,131.922,132.072
1003.5,108.442,89.734,141.109,105.418,94.096,137.963,144.083,131.885,132.072
1003.6,108.495,89.665,141.077,105.474,94.096,137.929,144.083,131.848,132.072
1003.7,108.442,89.665,141.173,105.418,94.161,137.929,144.083,131.81,132.109
1003.8,108.442,89.665,141.109,105.418,94.096,137.963,144.143,131.885,132.072
1003.9,108.495,89.665,141.109,105.474,94.031,137.997,144.113,131.848,132.109
1004.0,108.549,89.734,141.109,105.418,94.031,137.929,144.053,131.848,132.109
1004.1,108.495,89.665,141.141,105.306,94.096,137.963,144.083,131.885,132.109
1004.2,108.549,89.803,141.141,105.418,94.161,137.929,144.113,131.922,132.072
1004.3,108.495,89.734,141.109,105.474,94.031,137.929,144.083,131.885,132.035
1004.4,108.495,89.734,141.141,105.474,94.161,137.929,144.113,131.885,132.109
1004.5,108.442,89.734,141.141,105.53,94.096,137.963,144.113,131.885,132.109
1004.6,108.388,89.665,141.141,105.474,94.161,137.929,144.143,131.885,132.259
1004.7,108.495,89.803,141.173,105.418,94.161,137.929,144.113,131.885,132.109
1004.8,108.388,89.734,141.173,105.474,94.226,137.929,144.113,131.848,132.072
1004.9,108.495,89.734,141.109,105.474,94.226,137.929,144.113,131.922,132.109
1005.0,108.549,89.734,141.141,105.418,94.161,137.929,144.143,131.848,132.109
1005.1,108.495,89.665,141.109,105.474,94.161,137.929,144.113,131.885,132.072
1005.2,108.442,89.803,141.173,105.474,94.226,137.929,144.113,131.885,132.072
1005.3,108.495,89.734,141.109,105.474,94.161,137.963,144.083,131.922,132.109
1005.4,108.495,89.803,141.109,105.418,94.226,137.963,144.113,131.96,132.147
1005.5,108.495,89.734,141.141,105.418,94.226,137.963,144.113,131.848,132.072
1005.6,108.549,89.871,141.173,105.418,94.292,137.929,144.143,131.922,132.109
1005.7,108.495,89.871,141.109,105.418,94.161,137.963,144.113,131.885,132.109
1005.8,108.495,89.803,141.045,105.474,94.292,137.929,144.143,131.922,132.147
1005.9,108.495,89.871,141.109,105.418,94.226,137.929,144.143,131.885,132.072
1006.0,108.549,89.803,141.109,105.474,94.292,137.929,144.113,131.96,132.109
1006.1,108.495,89.803,141.173,105.474,94.226,137.963,144.113,131.885,132.109
1006.2,108.388,89.803,141.109,105.474,94.292,137.963,144.113,131.885,132.109
1006.3,108.495,89.871,141.109,105.418,94.292,137.963,144.113,131.922,132.147
1006.4,108.495,89.871,141.141,105.418,94.292,137.963,144.143,131.922,132.109
1006.5,108.549,89.871,141.109,105.474,94.226,137.929,144.173,132.035,132.072
1006.6,108.495,89.803,141.141,105.474,94.357,137.929,144.143,131.885,132.184
1006.7,108.495,89.871,141.173,105.474,94.292,137.929,144.113,131.885,132.072
1006.8,108.495,89.871,141.173,105.474,94.357,137.963,144.113,131.885,132.147
1006.9,108.495,89.803,141.109,105.53,94.357,137.929,144.143,131.885,132.147
1007.0,108.495,89.871,141.141,105.642,94.357,137.997,144.173,131.848,132.221
1007.1,108.442,89.871,141.141,105.474,94.422,137.929,144.083,131.885,132.147
1007.2,108.549,89.94,141.109,105.418,94.292,137.929,144.113,131.922,132.147
1007.3,108.495,89.871,141.109,105.474,94.422,137.963,144.113,131.885,132.147
1007.4,108.495,89.94,141.173,105.474,94.422,137.963,144.143,131.922,132.109
1007.5,108.549,89.94,141.173,105.418,94.357,137.963,144.113,131.885,132.184
1007.6,108.549,89.871,141.173,105.418,94.422,138.031,144.113,131.885,132.109
1007.7,108.442,89.94,141.173,105.474,94.422,137.929,144.143,131.885,132.109
1007.8,108.495,89.94,141.141,105.474,94.422,137.963,144.113,131.922,132.109
1007.9,108.495,90.009,141.141,105.474,94.422,137.963,144.113,131.922,132.221
1008.0,108.495,89.94,141.141,105.53,94.422,138.031,144.143,131.922,132.109
1008.1,108.549,89.94,141.045,105.474,94.422,138.098,144.113,131.885,132.109
1008.2,108.549,90.078,141.173,105.474,94.422,137.963,144.143,131.922,132.109
1008.3,108.549,89.94,141.173,105.474,94.487,137.963,144.143,131.922,132.147
1008.4,108.388,90.009,141.173,105.474,94.487,137.929,144.113,131.848,132.072
1008.5,108.495,89.94,141.141,105.418,94.487,137.963,144.083,131.922,132.147
1008.6,108.549,90.009,141.141,105.418,94.422,137.929,144.203,131.922,132.147
1008.7,108.495,89.94,141.141,105.418,94.487,137.929,144.113,131.885,132.109
1008.8,108.549,90.009,141.141,105.474,94.552,137.997,144.173,131.922,132.109
1008.9,108.495,90.078,141.141,105.586,94.552,137.963,144.143,131.922,132.072
1009.0,108.603,90.078,141.141,105.586,94.422,137.963,144.083,131.885,132.147
1009.1,108.495,90.146,141.173,105.474,94.552,137.997,144.173,131.922,132.147
1009.2,108.549,90.009,141.141,105.53,94.487,137.929,144.143,131.922,132.109
1009.3,108.549,90.078,141.141,105.53,94.552,137.997,144.173,131.96,132.147
1009.4,108.603,90.078,141.173,105.418,94.552,138.031,144.233,131.96,132.109
1009.5,108.549,90.078,141.204,105.474,94.487,137.963,144.113,131.922,132.109
1009.6,108.549,90.146,141.141,105.474,94.552,137.997,144.143,131.885,132.221
1009.7,108.495,90.078,141.204,105.474,94.552,137.963,144.143,131.922,132.109
1009.8,108.657,90.146,141.141,105.418,94.552,137.997,144.143,131.885,132.147
1009.9,108.549,89.94,141.204,105.474,94.681,137.963,144.143,131.922,132.109
1010.0,108.549,90.078,141.173,105.474,94.681,137.997,144.113,131.922,132.184
1010.1,108.549,90.146,141.141,105.474,94.617,137.963,144.173,131.885,132.184
1010.2,108.549,90.078,141.141,105.474,94.617,137.997,144.113,131.885,132.147
1010.3,108.495,90.215,141.141,105.53,94.617,137.997,144.173,131.922,132.184
1010.4,108.603,90.146,141.173,105.474,94.617,137.963,144.143,131.922,132.184
1010.5,108.549,90.078,141.173,105.474,94.681,137.963,144.143,131.922,132.072
1010.6,108.603,90.146,141.173,105.474,94.681,137.963,144.143,131.885,132.147
1010.7,108.549,90.009,141.173,105.53,94.617,137.997,144.113,131.922,132.147
1010.8,108.603,90.146,141.141,105.474,94.681,137.963,144.173,131.885,132.184
1010.9,108.495,90.215,141.173,105.474,94.681,137.929,144.143,131.922,132.109
1011.0,108.549,90.146,141.173,105.418,94.681,137.997,144.143,131.922,132.147
1011.1,108.549,90.146,141.141,105.53,94.746,137.963,144.173,131.922,132.109
1011.2,108.549,90.146,141.204,105.474,94.617,138.031,144.143,131.922,132.147
1011.3,108.603,90.146,141.268,105.586,94.681,137.997,144.173,131.922,132.184
1011.4,108.549,90.215,141.173,105.474,94.746,138.064,144.173,131.922,132.109
1011.5,108.549,90.215,141.173,105.474,94.681,138.031,144.143,131.922,132.147
1011.6,108.549,90.215,141.109,105.474,94.681,138.031,144.143,131.922,132.184
1011.7,108.549,90.215,141.173,105.474,94.681,137.997,144.173,131.997,132.147
1011.8,108.388,90.146,141.173,105.53,94.746,138.064,144.113,131.997,132.147
1011.9,108.603,90.215,141.173,105.418,94.617,137.963,144.143,131.885,132.147
1012.0,108.495,90.284,141.173,105.53,94.746,137.963,144.143,131.96,132.109
1012.1,108.549,90.215,141.173,105.53,94.746,137.963,144.143,131.96,132.109
1012.2,108.549,90.215,141.173,105.474,94.746,137.997,144.203,131.885,132.147
1012.3,108.549,90.284,141.236,105.474,94.746,138.064,144.173,131.922,132.147
1012.4,108.549,90.284,141.173,105.586,94.811,137.997,144.143,131.997,132.147
1012.5,108.549,90.284,141.204,105.474,94.811,137.963,144.143,131.922,132.147
1012.6,108.549,90.352,141.173,105.474,94.811,137.997,144.173,131.96,132.147
1012.7,108.603,90.215,141.173,105.53,94.811,138.064,144.143,131.922,132.147
1012.8,108.495,90.215,141.173,105.586,94.811,137.997,144.173,131.922,132.147
1012.9,108.657,90.284,141.204,105.53,94.811,138.064,144.143,131.96,132.184
1013.0,108.495,90.284,141.141,105.586,94.876,137.997,144.143,131.885,132.147
1013.1,108.657,90.352,141.173,105.474,94.94,138.031,144.083,131.96,132.184
1013.2,108.603,90.284,141.173,105.474,94.876,138.031,144.143,131.96,132.184
1013.3,108.549,90.352,141.173,105.474,94.811,137.997,144.143,131.922,132.147
1013.4,108.603,90.352,141.204,105.474,94.94,138.031,144.173,131.922,132.221
1013.5,108.603,90.284,141.173,105.53,94.876,138.031,144.173,131.96,132.147
1013.6,108.495,90.352,141.173,105.53,94.811,137.997,144.083,131.922,132.147
1013.7,108.549,90.352,141.204,105.474,95.005,137.997,144.143,131.922,132.147
1013.8,108.549,90.421,141.173,105.53,94.94,138.064,144.143,131.96,132.109
1013.9,108.603,90.352,141.173,105.474,94.94,137.997,144.203,131.922,132.184
1014.0,108.549,90.352,141.173,105.474,94.94,137.997,144.143,131.922,132.184
1014.1,108.603,90.284,141.173,105.53,94.94,137.997,144.143,131.997,132.147
1014.2,108.603,90.352,141.173,105.586,95.005,138.031,144.173,131.997,132.184
1014.3,108.549,90.421,141.109,105.53,94.94,137.997,144.143,131.96,132.147
1014.4,108.549,90.352,141.173,105.474,94.876,138.031,144.173,131.96,132.147
1014.5,108.549,90.421,141.204,105.53,94.811,138.031,144.143,131.96,132.221
1014.6,108.603,90.215,141.204,105.53,94.94,138.031,144.143,131.922,132.184
1014.7,108.603,90.352,141.204,105.53,95.005,137.997,144.143,131.96,132.147
1014.8,108.603,90.352,141.173,105.53,95.005,137.997,144.203,131.96,132.147
1014.9,108.549,90.489,141.173,105.474,95.069,138.031,144.143,131.922,132.221
1015.0,108.657,90.421,141.204,105.586,95.069,138.031,144.143,131.922,132.184
1015.1,108.603,90.421,141.173,105.586,95.005,138.031,144.173,131.96,132.221
1015.2,108.495,90.421,141.173,105.53,95.069,138.031,144.203,131.885,132.147
1015.3,108.549,90.489,141.173,105.474,95.005,137.997,144.143,131.96,132.147
1015.4,108.495,90.489,141.204,105.586,95.005,138.031,144.173,131.96,132.184
1015.5,108.603,90.489,141.268,105.474,95.005,137.997,144.143,131.922,132.184
1015.6,108.549,90.421,141.204,105.586,95.005,138.064,144.173,131.96,132.147
1015.7,108.549,90.421,141.173,105.586,95.069,138.031,144.173,131.922,132.221
1015.8,108.495,90.489,141.173,105.53,95.069,138.031,144.173,131.922,132.147
1015.9,108.603,90.421,141.173,105.474,95.005,138.031,144.143,131.997,132.147
1016.0,108.603,90.421,141.173,105.586,95.134,138.064,144.113,131.96,132.184
1016.1,108.603,90.489,141.268,105.474,95.069,138.031,144.143,131.96,132.147
1016.2,108.603,90.489,141.204,105.53,95.005,137.963,144.173,131.96,132.259
1016.3,108.549,90.489,141.173,105.53,95.198,138.064,144.143,131.96,132.184
1016.4,108.495,90.489,141.204,105.586,95.069,138.031,144.143,131.997,132.184
1016.5,108.603,90.557,141.173,105.53,95.069,138.098,144.173,131.997,132.221
1016.6,108.657,90.626,141.173,105.586,95.134,138.031,144.083,131.96,132.147
1016.7,108.603,90.694,141.173,105.586,95.198,138.031,144.203,131.96,132.259
1016.8,108.549,90.489,141.204,105.586,95.134,138.031,144.143,131.96,132.296
1016.9,108.603,90.489,141.173,105.586,95.134,137.997,144.203,131.96,132.184
1017.0,108.603,90.626,141.204,105.474,95.134,138.064,144.173,131.96,132.259
1017.1,108.549,90.626,141.204,105.586,95.198,138.031,144.113,131.96,132.184
1017.2,108.549,90.626,141.3,105.53,95.262,138.064,144.173,131.96,132.221
1017.3,108.603,90.557,141.204,105.53,95.262,138.031,144.173,131.96,132.184
1017.4,108.603,90.557,141.204,105.53,95.198,138.031,144.173,131.997,132.147
1017.5,108.549,90.557,141.204,105.53,95.198,138.031,144.173,131.96,132.221
1017.6,108.603,90.557,141.204,105.586,95.262,137.997,144.233,131.96,132.184
1017.7,108.603,90.626,141.173,105.586,95.262,138.031,144.294,132.035,132.184
1017.8,108.549,90.694,141.141,105.53,95.262,137.963,144.143,131.96,132.184
1017.9,108.603,90.557,141.204,105.586,95.262,138.031,144.143,131.96,132.184
1018.0,108.603,90.626,141.204,105.53,95.327,138.031,144.143,131.96,132.147
1018.1,108.603,90.694,141.3,105.53,95.262,138.064,144.173,131.997,132.221
1018.2,108.657,90.694,141.204,105.53,95.327,138.098,144.173,131.997,132.221
1018.3,108.549,90.694,141.236,105.53,95.262,138.031,144.143,131.922,132.184
1018.4,108.657,90.694,141.141,105.586,95.327,138.031,144.173,131.997,132.184
1018.5,108.603,90.626,141.204,105.642,95.262,138.064,144.173,131.96,132.221
1018.6,108.603,90.626,141.204,105.53,95.327,138.031,144.173,131.922,132.221
1018.7,108.603,90.762,141.204,105.53,95.262,138.064,144.143,131.997,132.184
1018.8,108.657,90.694,141.204,105.586,95.327,138.064,144.143,131.997,132.184
1018.9,108.603,90.762,141.236,105.642,95.391,138.064,144.173,131.96,132.184
1019.0,108.603,90.694,141.236,105.586,95.391,138.031,144.143,131.997,132.221
1019.1,108.71,90.694,141.236,105.53,95.327,138.064,144.143,131.997,132.221
1019.2,108.657,90.694,141.204,105.53,95.455,138.031,144.173,131.96,132.147
1019.3,108.603,90.694,141.204,105.53,95.391,138.031,144.203,131.997,132.221
1019.4,108.603,90.694,141.204,105.53,95.391,138.064,144.143,131.997,132.221
1019.5,108.603,90.762,141.204,105.586,95.391,138.031,144.143,131.997,132.184
1019.6,108.603,90.762,141.204,105.586,95.455,138.031,144.173,131.96,132.221
1019.7,108.71,90.762,141.236,105.53,95.391,138.098,144.173,131.96,132.184
1019.8,108.603,90.83,141.173,105.586,95.455,138.132,144.173,131.96,132.221
1019.9,108.603,90.762,141.236,105.53,95.391,138.064,144.143,131.96,132.221
1020.0,108.657,90.694,141.204,105.586,95.455,138.031,144.143,131.997,132.221
1020.1,108.603,90.762,141.173,105.53,95.455,138.064,144.173,131.96,132.184
1020.2,108.603,90.762,141.204,105.53,95.519,138.064,144.143,131.997,132.221
1020.3,108.603,90.694,141.268,105.586,95.455,138.098,144.113,131.997,132.184
1020.4,108.603,90.762,141.204,105.53,95.455,138.064,144.233,132.035,132.147
1020.5,108.71,90.762,141.268,105.53,95.391,138.064,144.173,131.96,132.259
1020.6,108.549,90.762,141.236,105.586,95.519,138.064,144.203,132.035,132.184
1020.7,108.71,90.83,141.204,105.53,95.455,138.064,144.143,132.035,132.221
1020.8,108.603,90.83,141.204,105.586,95.455,138.031,144.203,131.997,132.259
1020.9,108.549,90.694,141.236,105.53,95.391,138.098,144.173,131.96,132.221
1021.0,108.657,90.83,141.236,105.53,95.455,138.098,144.203,132.035,132.184
1021.1,108.603,90.83,141.236,105.586,95.519,138.031,144.173,131.96,132.221
1021.2,108.603,90.83,141.236,105.586,95.455,138.098,144.173,131.997,132.184
1021.3,108.603,90.83,141.268,105.586,95.455,138.064,144.173,131.997,132.184
1021.4,108.603,90.83,141.204,105.53,95.519,138.064,144.173,131.997,132.184
1021.5,108.657,90.898,141.173,105.586,95.519,138.064,144.113,131.997,132.221
1021.6,108.603,90.694,141.204,105.586,95.519,138.098,144.173,131.997,132.221
1021.7,108.603,90.898,141.268,105.586,95.519,138.064,144.173,132.035,132.184
1021.8,108.657,90.83,141.268,105.586,95.647,138.098,144.233,131.997,132.221
1021.9,108.549,90.898,141.236,105.642,95.647,138.098,144.143,132.035,132.259
1022.0,108.603,90.966,141.236,105.586,95.647,138.098,144.143,131.997,132.147
1022.1,108.603,90.966,141.204,105.53,95.519,138.098,144.203,131.997,132.221
1022.2,108.657,90.898,141.268,105.586,95.455,138.064,144.173,131.997,132.221
1022.3,108.657,90.898,141.173,105.586,95.583,138.098,144.173,131.997,132.221
1022.4,108.603,90.898,141.236,105.586,95.647,138.098,144.143,132.035,132.259
1022.5,108.657,90.898,141.204,105.586,95.647,138.098,144.173,131.96,132.221
1022.6,108.603,90.898,141.268,105.586,95.583,138.165,144.203,132.035,132.184
1022.7,108.657,90.966,141.236,105.642,95.647,138.064,144.263,131.997,132.221
1022.8,108.603,90.898,141.204,105.53,95.583,138.064,144.143,132.035,132.259
1022.9,108.764,90.898,141.236,105.53,95.647,138.064,144.173,132.035,132.221
1023.0,108.71,90.966,141.236,105.53,95.647,138.064,144.143,131.997,132.184
1023.1,108.603,90.966,141.236,105.53,95.711,138.098,144.143,132.035,132.221
1023.2,108.657,90.966,141.236,105.586,95.647,138.098,144.173,132.035,132.333
1023.3,108.603,90.966,141.236,105.586,95.711,138.098,144.203,131.997,132.259
1023.4,108.603,91.034,141.236,105.53,95.583,138.064,144.203,131.997,132.221
1023.5,108.549,90.966,141.236,105.642,95.711,138.199,144.203,131.922,132.221
1023.6,108.657,90.966,141.204,105.642,95.647,138.098,144.203,131.997,132.221
1023.7,108.657,90.966,141.236,105.53,95.711,138.098,144.173,131.997,132.259
1023.8,108.549,90.966,141.236,105.586,95.775,138.098,144.173,131.997,132.221
1023.9,108.71,91.034,141.204,105.586,95.711,138.132,144.173,132.035,132.259
1024.0,108.657,90.898,141.236,105.586,95.711,138.098,144.173,131.997,132.259
1024.1,108.603,90.966,141.236,105.586,95.647,138.064,144.173,131.997,132.259
1024.2,108.71,91.102,141.268,105.642,95.711,138.132,144.173,132.035,132.259
1024.3,108.657,91.034,141.204,105.642,95.775,138.064,144.143,131.997,132.259
1024.4,108.657,91.034,141.236,105.586,95.711,138.064,144.203,131.997,132.296
1024.5,108.71,91.102,141.236,105.642,95.775,138.098,144.173,132.035,132.221
1024.6,108.71,91.034,141.236,105.642,95.839,138.064,144.173,131.96,132.221
1024.7,108.603,91.102,141.236,105.586,95.711,138.064,144.173,132.072,132.221
1024.8,108.657,91.034,141.236,105.586,95.711,138.098,144.143,132.072,132.259
1024.9,108.657,91.034,141.204,105.586,95.711,138.165,144.143,131.997,132.221
1025.0,108.657,91.102,141.236,105.642,95.711,138.064,144.263,132.072,132.221
1025.1,108.657,91.034,141.236,105.586,95.839,138.098,144.203,132.109,132.296
1025.2,108.657,91.102,141.236,105.642,95.839,138.165,144.203,132.109,132.259
1025.3,108.657,91.169,141.204,105.53,95.839,138.098,144.203,131.997,132.259
1025.4,108.657,91.034,141.236,105.586,95.839,138.098,144.203,131.997,132.184
1025.5,108.657,91.169,141.236,105.586,95.839,138.098,144.203,132.035,132.221
1025.6,108.657,91.169,141.236,105.586,95.839,138.098,144.173,131.997,132.221
1025.7,108.657,91.169,141.268,105.586,95.839,138.165,144.173,132.035,132.296
1025.8,108.657,91.169,141.3,105.586,95.839,138.098,144.203,132.035,132.259
1025.9,108.657,91.102,141.268,105.586,95.839,138.064,144.173,131.997,132.259
1026.0,108.657,91.237,141.236,105.698,95.903,138.165,144.173,131.997,132.296
1026.1,108.657,91.237,141.236,105.586,95.903,138.132,144.203,131.997,132.221
1026.2,108.71,91.102,141.268,105.586,95.967,138.098,144.203,132.035,132.259
1026.3,108.764,91.237,141.236,105.586,96.03,138.098,144.143,132.035,132.296
1026.4,108.657,91.169,141.236,105.642,95.967,138.132,144.233,132.035,132.259
1026.5,108.71,91.169,141.236,105.642,95.967,138.199,144.203,132.035,132.259
1026.6,108.71,91.237,141.236,105.586,95.967,138.098,144.203,132.035,132.296
1026.7,108.764,91.237,141.3,105.642,95.967,138.132,144.263,131.997,132.259
1026.8,108.657,91.237,141.268,105.586,95.967,138.132,144.203,132.035,132.221
1026.9,108.657,91.237,141.268,105.642,96.094,138.098,144.203,132.035,132.259
1027.0,108.71,91.237,141.3,105.642,96.03,138.098,144.233,132.035,132.221
1027.1,108.657,91.237,141.268,105.642,95.967,138.132,144.173,132.035,132.296
1027.2,108.657,91.237,141.236,105.698,96.03,138.098,144.233,131.997,132.221
1027.3,108.603,91.237,141.236,105.586,96.03,138.132,144.173,132.035,132.259
1027.4,108.603,91.169,141.268,105.642,96.03,138.098,144.203,132.109,132.259
1027.5,108.657,91.237,141.331,105.754,95.967,138.199,144.294,132.035,132.259
1027.6,108.71,91.237,141.268,105.586,95.967,138.098,144.203,132.109,132.259
1027.7,108.764,91.237,141.268,105.642,96.03,138.098,144.233,131.997,132.296
1027.8,108.657,91.372,141.268,105.642,96.03,138.098,144.233,132.072,132.259
1027.9,108.657,91.305,141.3,105.642,96.094,138.132,144.203,132.035,132.296
1028.0,108.657,91.305,141.3,105.586,96.158,138.132,144.263,132.035,132.333
1028.1,108.549,91.44,141.236,105.642,96.094,138.098,144.203,132.035,132.259
1028.2,108.657,91.237,141.268,105.586,96.03,138.132,144.203,132.109,132.296
1028.3,108.657,91.237,141.236,105.698,96.094,138.098,144.173,132.072,132.259
1028.4,108.657,91.305,141.268,105.586,96.094,138.132,144.203,132.035,132.259
1028.5,108.71,91.305,141.268,105.642,96.158,138.132,144.233,132.072,132.296
1028.6,108.657,91.372,141.331,105.642,96.094,138.165,144.173,132.072,132.259
1028.7,108.657,91.305,141.3,105.586,96.094,138.098,144.203,132.072,132.259
1028.8,108.71,91.305,141.268,105.698,96.221,138.098,144.203,132.035,132.221
1028.9,108.657,91.372,141.268,105.642,96.094,138.132,144.203,131.997,132.37
1029.0,108.71,91.372,141.268,105.698,96.158,138.132,144.173,132.072,132.221
1029.1,108.71,91.372,141.268,105.586,96.158,138.132,144.263,132.109,132.221
1029.2,108.657,91.44,141.3,105.642,96.285,138.098,144.203,132.035,132.259
1029.3,108.71,91.372,141.3,105.586,96.285,138.132,144.203,131.96,132.221
1029.4,108.603,91.372,141.268,105.642,96.221,138.132,144.233,132.072,132.296
1029.5,108.657,91.44,141.268,105.698,96.094,138.098,144.233,132.072,132.37
1029.6,108.657,91.44,141.268,105.642,96.158,138.132,144.203,132.072,132.296
1029.7,108.71,91.44,141.268,105.698,96.158,138.132,144.083,132.072,132.259
1029.8,108.764,91.44,141.268,105.586,96.221,138.098,144.233,132.072,132.296
1029.9,108.71,91.44,141.268,105.698,96.285,138.098,144.173,132.072,132.296
1030.0,108.657,91.372,141.236,105.698,96.348,138.098,144.263,132.072,132.221
1030.1,108.71,91.508,141.3,105.474,96.285,138.165,144.203,132.035,132.259
1030.2,108.71,91.44,141.204,105.642,96.285,138.165,144.233,132.072,132.259
1030.3,108.603,91.44,141.3,105.642,96.348,138.132,144.203,132.035,132.296
1030.4,108.657,91.44,141.236,105.642,96.285,137.997,144.203,132.072,132.296
1030.5,108.657,91.44,141.268,105.754,96.285,138.098,144.203,132.072,132.221
1030.6,108.603,91.372,141.268,105.642,96.348,138.132,144.294,132.072,132.259
1030.7,108.657,91.44,141.236,105.586,96.285,138.165,144.233,132.109,132.296
1030.8,108.764,91.508,141.268,105.642,96.348,138.132,144.203,132.072,132.333
1030.9,108.71,91.508,141.268,105.586,96.348,138.132,144.203,132.072,132.333
1031.0,108.71,91.44,141.268,105.642,96.348,138.132,144.203,132.035,132.296
1031.1,108.71,91.44,141.3,105.586,96.411,138.165,144.203,132.072,132.333
1031.2,108.657,91.508,141.236,105.698,96.348,138.132,144.233,132.035,132.296
1031.3,108.657,91.44,141.3,105.586,96.348,138.132,144.173,132.035,132.296
1031.4,108.71,91.508,141.268,105.754,96.348,138.098,144.233,132.147,132.296
1031.5,108.71,91.508,141.268,105.698,96.475,138.132,144.233,132.035,132.259
1031.6,108.657,91.508,141.268,105.698,96.285,138.132,144.203,132.035,132.296
1031.7,108.71,91.575,141.236,105.642,96.411,138.199,144.203,132.109,132.296
1031.8,108.71,91.508,141.268,105.642,96.411,138.165,144.263,132.072,132.296
1031.9,108.764,91.372,141.3,105.698,96.348,138.199,144.263,132.109,132.296
1032.0,108.71,91.508,141.3,105.642,96.411,138.132,144.173,132.072,132.296
1032.1,108.764,91.575,141.236,105.642,96.411,138.132,144.233,132.109,132.333
1032.2,108.71,91.575,141.331,105.642,96.411,138.232,144.203,132.072,132.259
1032.3,108.71,91.575,141.331,105.642,96.285,138.165,144.233,132.072,132.296
1032.4,108.764,91.575,141.268,105.642,96.538,138.165,144.263,132.072,132.296
1032.5,108.657,91.575,141.268,105.53,96.475,138.165,144.233,132.072,132.333
1032.6,108.71,91.575,141.3,105.754,96.538,138.165,144.203,132.072,132.296
1032.7,108.764,91.575,141.3,105.698,96.475,138.199,144.233,132.184,132.37
1032.8,108.71,91.575,141.268,105.642,96.475,138.132,144.294,132.072,132.296
1032.9,108.71,91.575,141.3,105.642,96.411,138.199,144.203,131.997,132.333
1033.0,108.71,91.642,141.268,105.698,96.475,138.199,144.263,132.072,132.37
1033.1,108.657,91.642,141.331,105.642,96.475,138.266,144.203,132.072,132.296
1033.2,108.71,91.575,141.331,105.642,96.475,138.165,144.203,132.109,132.296
1033.3,108.817,91.642,141.3,105.642,96.475,138.199,144.294,132.109,132.296
1033.4,108.71,91.642,141.3,105.642,96.601,138.132,144.203,132.072,132.37
1033.5,108.764,91.642,141.3,105.698,96.538,138.165,144.203,132.072,132.296
1033.6,108.603,91.642,141.3,105.642,96.538,138.199,144.263,132.072,132.296
1033.7,108.764,91.575,141.3,105.698,96.538,138.165,144.233,132.072,132.296
1033.8,108.764,91.642,141.331,105.642,96.538,138.199,144.233,132.109,132.333
1033.9,108.764,91.71,141.268,105.642,96.601,138.165,144.203,132.072,132.296
1034.0,108.764,91.71,141.204,105.642,96.601,138.199,144.233,132.072,132.296
1034.1,108.71,91.71,141.3,105.642,96.538,138.165,144.203,132.072,132.333
1034.2,108.764,91.71,141.3,105.642,96.601,138.165,144.233,132.109,132.259
1034.3,108.71,91.777,141.3,105.642,96.601,138.199,144.294,132.072,132.333
1034.4,108.817,91.642,141.331,105.698,96.664,138.132,144.263,132.109,132.333
1034.5,108.71,91.71,141.3,105.81,96.664,138.165,144.173,132.072,132.333
1034.6,108.764,91.71,141.331,105.698,96.601,138.232,144.203,132.109,132.333
1034.7,108.71,91.777,141.3,105.698,96.601,138.132,144.233,132.109,132.37
1034.8,108.71,91.71,141.3,105.642,96.601,138.199,144.233,132.109,132.333
1034.9,108.71,91.777,141.331,105.698,96.601,138.132,144.233,132.109,132.333
1035.0,108.657,91.71,141.268,105.642,96.664,138.165,144.113,132.072,132.296
1035.1,108.764,91.777,141.3,105.642,96.664,138.199,144.233,132.109,132.259
1035.2,108.71,91.777,141.268,105.642,96.601,138.199,144.263,132.072,132.37
1035.3,108.71,91.71,141.3,105.754,96.664,138.232,144.263,132.072,132.333
1035.4,108.657,91.71,141.3,105.698,96.664,138.165,144.233,132.072,132.333
1035.5,108.817,91.844,141.3,105.642,96.664,138.165,144.263,132.035,132.333
1035.6,108.764,91.777,141.3,105.642,96.664,138.199,144.263,132.109,132.333
1035.7,108.657,91.777,141.3,105.642,96.728,138.165,144.203,132.109,132.37
1035.8,108.657,91.777,141.268,105.698,96.728,138.199,144.263,132.072,132.296
1035.9,108.71,91.71,141.331,105.698,96.728,138.165,144.173,132.109,132.333
1036.0,108.764,91.71,141.268,105.642,96.728,138.165,144.233,132.072,132.333
1036.1,108.71,91.777,141.331,105.586,96.728,138.165,144.233,132.072,132.296
1036.2,108.71,91.777,141.3,105.698,96.728,138.199,144.263,132.072,132.221
1036.3,108.71,91.777,141.268,105.642,96.728,138.165,144.233,132.035,132.333
1036.4,108.764,91.777,141.3,105.698,96.728,138.165,144.233,132.072,132.37
1036.5,108.764,91.844,141.331,105.754,96.728,138.165,144.233,132.109,132.296
1036.6,108.764,91.844,141.331,105.698,96.728,138.165,144.233,132.147,132.333
1036.7,108.764,91.844,141.3,105.698,96.791,138.165,144.233,132.072,132.37
1036.8,108.764,91.911,141.331,105.698,96.728,138.199,144.233,132.072,132.37
1036.9,108.764,91.844,141.3,105.698,96.854,138.165,144.233,132.147,132.407
1037.0,108.764,91.844,141.3,105.754,96.664,138.199,144.233,132.147,132.37
1037.1,108.764,91.844,141.363,105.698,96.791,138.199,144.233,132.109,132.37
1037.2,108.764,91.911,141.331,105.698,96.791,138.199,144.294,132.109,132.333
1037.3,108.657,91.844,141.3,105.698,96.917,138.199,144.263,132.072,132.333
1037.4,108.764,91.844,141.3,105.698,96.791,138.165,144.263,132.109,132.333
1037.5,108.764,91.911,141.331,105.698,96.791,138.165,144.203,132.109,132.333
1037.6,108.764,91.911,141.331,105.754,96.854,138.199,144.354,132.147,132.296
1037.7,108.764,91.911,141.363,105.698,96.854,138.165,144.173,132.109,132.333
1037.8,108.764,92.045,141.331,105.754,96.854,138.132,144.173,132.109,132.333
1037.9,108.71,91.911,141.3,105.698,96.854,138.199,144.233,132.109,132.37
1038.0,108.764,91.911,141.331,105.81,96.917,138.165,144.294,132.109,132.407
1038.1,108.764,91.911,141.331,105.698,96.728,138.232,144.263,132.147,132.37
1038.2,108.764,91.911,141.363,105.698,96.917,138.232,144.263,132.147,132.37
1038.3,108.764,91.911,141.3,105.754,96.854,138.165,144.233,132.147,132.37
1038.4,108.764,91.911,141.268,105.698,96.854,138.232,144.233,132.147,132.444
1038.5,108.817,91.911,141.331,105.754,96.917,138.199,144.263,132.147,132.333
1038.6,108.71,91.911,141.3,105.698,96.917,138.199,144.263,132.184,132.37
1038.7,108.764,91.911,141.331,105.642,96.98,138.232,144.263,132.109,132.296
1038.8,108.764,91.911,141.3,105.642,96.98,138.199,144.263,132.147,132.333
1038.9,108.764,92.045,141.3,105.698,96.98,138.199,144.263,132.072,132.37
1039.0,108.764,92.045,141.236,105.754,96.98,138.199,144.263,132.109,132.333
1039.1,108.764,91.911,141.3,105.754,96.98,138.165,144.294,132.147,132.519
1039.2,108.817,91.978,141.331,105.754,96.98,138.199,144.263,132.072,132.333
1039.3,108.764,91.978,141.331,105.698,96.98,138.232,144.263,132.184,132.333
1039.4,108.817,92.045,141.331,105.698,96.98,138.199,144.263,132.109,132.333
1039.5,108.71,91.978,141.331,105.754,97.042,138.199,144.263,132.147,132.296
1039.6,108.657,92.045,141.3,105.642,97.042,138.232,144.233,132.147,132.37
1039.7,108.764,92.045,141.331,105.698,97.042,138.199,144.294,132.147,132.333
1039.8,108.817,92.045,141.3,105.754,97.042,138.199,144.263,132.147,132.333
1039.9,108.764,92.112,141.331,105.698,97.042,138.199,144.203,132.072,132.37
1040.0,108.764,92.045,141.331,105.754,97.042,138.199,144.263,132.109,132.37
1040.1,108.817,92.045,141.3,105.754,97.042,138.199,144.173,132.147,132.333
1040.2,108.817,91.844,141.331,105.754,97.042,138.199,144.233,132.184,132.37
1040.3,108.764,92.045,141.331,105.754,97.105,138.232,144.294,132.147,132.37
1040.4,108.817,92.112,141.3,105.642,97.042,138.199,144.324,132.147,132.37
1040.5,108.764,92.045,141.3,105.698,97.105,138.199,144.294,132.109,132.444
1040.6,108.817,92.112,141.363,105.754,97.168,138.266,144.263,132.184,132.37
1040.7,108.817,92.045,141.331,105.754,97.105,138.232,144.294,132.109,132.37
1040.8,108.817,92.179,141.363,105.642,97.105,138.232,144.263,132.184,132.333
1040.9,108.764,92.179,141.3,105.754,97.105,138.232,144.263,132.147,132.37
1041.0,108.764,92.112,141.331,105.81,97.105,138.266,144.203,132.147,132.37
1041.1,108.817,92.045,141.3,105.754,97.168,138.232,144.233,132.147,132.37
1041.2,108.817,92.112,141.363,105.698,97.231,138.199,144.263,132.109,132.333
1041.3,108.764,92.045,141.331,105.754,97.042,138.232,144.263,132.147,132.37
1041.4,108.764,92.246,141.331,105.754,97.042,138.299,144.263,132.147,132.37
1041.5,108.871,92.112,141.363,105.754,97.168,138.232,144.203,132.147,132.37
1041.6,108.764,92.179,141.331,105.642,97.231,138.232,144.324,132.109,132.333
1041.7,108.817,92.179,141.331,105.754,97.168,138.199,144.263,132.109,132.37
1041.8,108.871,92.179,141.331,105.642,97.168,138.232,144.083,132.184,132.333
1041.9,108.764,92.045,141.331,105.754,97.168,138.232,144.233,132.147,132.407
1042.0,108.764,92.179,141.363,105.754,97.105,138.232,144.233,132.147,132.37
1042.1,108.71,92.045,141.363,105.754,97.168,138.266,144.263,132.147,132.444
1042.2,108.764,92.179,141.331,105.754,97.168,138.266,144.233,132.147,132.37
1042.3,108.817,92.246,141.3,105.754,97.168,138.232,144.294,132.109,132.407
1042.4,108.764,92.179,141.331,105.754,97.293,138.232,144.263,132.109,132.407
1042.5,108.817,92.112,141.363,105.754,97.231,138.199,144.233,132.072,132.407
1042.6,108.817,92.179,141.363,105.754,97.293,138.232,144.263,132.147,132.407
1042.7,108.817,92.179,141.363,105.754,97.293,138.132,144.294,132.184,132.333
1042.8,108.817,92.246,141.331,105.81,97.293,138.232,144.294,132.184,132.37
1042.9,108.764,92.313,141.363,105.698,97.293,138.232,144.263,132.221,132.407
1043.0,108.817,92.246,141.3,105.754,97.293,138.266,144.263,132.147,132.37
1043.1,108.764,92.246,141.331,105.754,97.293,138.333,144.263,132.147,132.37
1043.2,108.764,92.246,141.363,105.698,97.356,138.232,144.324,132.184,132.37
1043.3,108.764,92.246,141.331,105.642,97.293,138.232,144.294,132.147,132.444
1043.4,108.764,92.246,141.363,105.642,97.356,138.232,144.263,132.147,132.37
1043.5,108.817,92.313,141.363,105.754,97.356,138.232,144.263,132.147,132.37
1043.6,108.764,92.246,141.331,105.754,97.293,138.199,144.203,132.184,132.37
1043.7,108.817,92.313,141.363,105.754,97.293,138.299,144.263,132.184,132.444
1043.8,108.817,92.313,141.363,105.754,97.356,138.266,144.294,132.147,132.407
1043.9,108.871,92.313,141.363,105.754,97.356,138.232,144.233,132.147,132.333
1044.0,108.817,92.313,141.363,105.754,97.356,138.299,144.203,132.147,132.407
1044.1,108.817,92.313,141.395,105.754,97.419,138.232,144.263,132.184,132.407
1044.2,108.817,92.313,141.331,105.754,97.419,138.299,144.263,132.147,132.407
1044.3,108.871,92.313,141.331,105.754,97.419,138.232,144.294,132.184,132.444
1044.4,108.764,92.38,141.363,105.81,97.419,138.232,144.263,132.147,132.37
1044.5,108.817,92.38,141.3,105.754,97.419,138.299,144.263,132.147,132.37
1044.6,108.817,92.38,141.395,105.866,97.606,138.266,144.294,132.147,132.37
1044.7,108.871,92.447,141.331,105.754,97.419,138.266,144.263,132.184,132.407
1044.8,108.817,92.313,141.395,105.698,97.481,138.199,144.294,132.109,132.444
1044.9,108.764,92.447,141.331,105.754,97.481,138.232,144.263,132.221,132.37
1045.0,108.817,92.513,141.363,105.754,97.419,138.299,144.263,132.147,132.444
1045.1,108.871,92.38,141.363,105.698,97.419,138.232,144.203,132.147,132.407
1045.2,108.817,92.447,141.331,105.698,97.606,138.266,144.294,132.147,132.444
1045.3,108.871,92.38,141.331,105.754,97.481,138.266,144.294,132.147,132.37
1045.4,108.817,92.513,141.363,105.754,97.606,138.299,144.263,132.221,132.37
1045.5,108.764,92.38,141.363,105.698,97.481,138.299,144.294,132.221,132.407
1045.6,108.817,92.313,141.331,105.866,97.543,138.266,144.233,132.184,132.407
1045.7,108.764,92.447,141.363,105.754,97.668,138.266,144.263,132.147,132.407
1045.8,108.817,92.513,141.395,105.754,97.543,138.232,144.263,132.221,132.444
1045.9,108.871,92.447,141.363,105.81,97.543,138.266,144.263,132.147,132.333
1046.0,108.817,92.38,141.427,105.922,97.481,138.232,144.294,132.221,132.407
1046.1,108.817,92.447,141.395,105.754,97.543,138.232,144.263,132.184,132.407
1046.2,108.71,92.513,141.331,105.754,97.481,138.266,144.294,132.147,132.444
1046.3,108.817,92.447,141.363,105.754,97.606,138.266,144.263,132.259,132.407
1046.4,108.817,92.513,141.363,105.81,97.606,138.299,144.324,132.147,132.37
1046.5,108.817,92.58,141.363,105.754,97.606,138.266,144.263,132.147,132.407
1046.6,108.871,92.713,141.363,105.754,97.606,138.299,144.263,132.184,132.407
1046.7,108.764,92.447,141.331,105.698,97.606,138.266,144.294,132.184,132.519
1046.8,108.871,92.513,141.395,105.754,97.668,138.299,144.263,132.147,132.482
1046.9,108.764,92.58,141.363,105.754,97.606,138.266,144.263,132.184,132.444
1047.0,108.817,92.713,141.395,105.754,97.668,138.266,144.294,132.184,132.519
1047.1,108.817,92.513,141.331,105.754,97.668,138.299,144.294,132.184,132.444
1047.2,108.871,92.513,141.363,105.81,97.606,138.266,144.294,132.184,132.407
1047.3,108.764,92.58,141.363,105.81,97.668,138.266,144.294,132.184,132.407
1047.4,108.764,92.713,141.395,105.754,97.606,138.199,144.294,132.221,132.407
1047.5,108.871,92.513,141.395,105.754,97.731,138.299,144.263,132.221,132.407
1047.6,108.817,92.513,141.395,105.866,97.731,138.266,144.294,132.221,132.407
1047.7,108.817,92.58,141.395,105.754,97.668,138.266,144.263,132.296,132.444
1047.8,108.817,92.58,141.395,105.754,97.668,138.299,144.263,132.184,132.444
1047.9,108.871,92.58,141.395,105.81,97.731,138.299,144.324,132.184,132.444
1048.0,108.871,92.58,141.363,105.754,97.731,138.232,144.294,132.259,132.407
1048.1,108.817,92.646,141.363,105.81,97.731,138.299,144.263,132.184,132.407
1048.2,108.817,92.58,141.363,105.81,97.731,138.299,144.294,132.259,132.407
1048.3,108.871,92.646,141.427,105.754,97.731,138.299,144.294,132.221,132.407
1048.4,108.817,92.646,141.427,105.81,97.731,138.266,144.263,132.184,132.407
1048.5,108.764,92.646,141.363,105.754,97.731,138.299,144.413,132.184,132.482
1048.6,108.817,92.646,141.395,105.754,97.731,138.266,144.324,132.221,132.444
1048.7,108.817,92.646,141.458,105.754,97.793,138.232,144.324,132.221,132.482
1048.8,108.817,92.646,141.363,105.698,97.793,138.333,144.263,132.184,132.296
1048.9,108.764,92.58,141.363,105.81,97.793,138.266,144.324,132.147,132.444
1049.0,108.817,92.713,141.331,105.81,97.731,138.299,144.294,132.184,132.444
1049.1,108.871,92.646,141.427,105.754,97.731,138.333,144.324,132.184,132.444
1049.2,108.817,92.646,141.395,105.81,97.793,138.299,144.263,132.184,132.444
1049.3,108.871,92.646,141.363,105.81,97.731,138.266,144.263,132.147,132.444
1049.4,108.871,92.646,141.427,105.866,97.793,138.299,144.294,132.221,132.407
1049.5,108.871,92.646,141.395,105.754,97.668,138.266,144.294,132.221,132.407
1049.6,108.817,92.646,141.331,105.754,97.793,138.299,144.263,132.221,132.37
1049.7,108.871,92.646,141.363,105.754,97.793,138.299,144.263,132.259,132.482
1049.8,108.871,92.779,141.363,105.81,97.793,138.299,144.294,132.184,132.407
1049.9,108.871,92.713,141.363,105.754,97.855,138.299,144.294,132.221,132.407
1050.0,108.871,92.713,141.363,105.81,97.793,138.299,144.233,132.184,132.482
1050.1,108.871,92.646,141.395,105.81,97.793,138.333,144.294,132.184,132.482
1050.2,108.871,92.713,141.395,105.754,97.793,138.333,144.354,132.221,132.407
1050.3,108.871,92.646,141.363,105.81,97.793,138.266,144.294,132.221,132.444
1050.4,108.871,92.779,141.363,105.754,97.917,138.266,144.354,132.221,132.444
1050.5,108.871,92.779,141.363,105.81,97.731,138.299,144.324,132.184,132.444
1050.6,108.871,92.713,141.395,105.754,97.855,138.266,144.324,132.147,132.407
1050.7,108.871,92.713,141.363,105.754,97.855,138.299,144.324,132.296,132.37
1050.8,108.871,92.713,141.395,105.81,97.855,138.333,144.294,132.184,132.444
1050.9,108.817,92.779,141.427,105.81,97.917,138.299,144.294,132.221,132.482
1051.0,108.817,92.779,141.363,105.81,97.917,138.299,144.294,132.221,132.444
1051.1,108.871,92.779,141.331,105.81,97.917,138.299,144.294,132.296,132.444
1051.2,108.871,92.779,141.331,105.81,97.917,138.299,144.294,132.333,132.444
1051.3,108.71,92.779,141.427,105.81,97.855,138.4,144.294,132.221,132.407
1051.4,108.817,92.779,141.427,105.81,97.917,138.333,144.324,132.109,132.482
1051.5,108.871,92.779,141.395,105.754,97.917,138.299,144.263,132.221,132.444
1051.6,108.871,92.779,141.363,105.754,97.855,138.299,144.294,132.184,132.444
1051.7,108.817,92.779,141.395,105.754,98.041,138.266,144.324,132.221,132.482
1051.8,108.817,92.779,141.395,105.81,97.979,138.299,144.324,132.221,132.444
1051.9,108.871,92.779,141.427,105.81,97.979,138.299,144.263,132.221,132.482
1052.0,108.817,92.846,141.395,105.81,97.979,138.266,144.324,132.221,132.444
1052.1,108.871,92.846,141.395,105.754,98.041,138.333,144.233,132.221,132.444
1052.2,108.871,92.779,141.363,105.81,98.103,138.467,144.324,132.221,132.482
1052.3,108.871,92.779,141.395,105.81,98.041,138.333,144.294,132.221,132.37
1052.4,108.764,92.846,141.363,105.922,98.041,138.299,144.263,132.184,132.444
1052.5,108.871,92.912,141.363,105.866,98.041,138.333,144.263,132.221,132.407
1052.6,108.924,92.912,141.395,105.81,98.041,138.132,144.294,132.184,132.519
1052.7,108.924,92.846,141.363,105.754,97.979,138.299,144.294,132.221,132.444
1052.8,108.871,92.912,141.395,105.81,98.041,138.333,144.294,132.221,132.519
1052.9,108.871,92.912,141.427,105.81,98.103,138.299,144.294,132.184,132.444
1053.0,108.764,92.912,141.363,105.866,98.041,138.299,144.294,132.296,132.482
1053.1,108.871,92.846,141.427,105.754,98.165,138.299,144.324,132.221,132.444
1053.2,108.871,92.912,141.427,105.81,98.103,138.299,144.294,132.259,132.63
1053.3,108.871,92.978,141.427,105.81,98.103,138.299,144.324,132.184,132.482
1053.4,108.817,92.912,141.395,105.754,98.041,138.266,144.324,132.184,132.444
1053.5,108.871,92.912,141.395,105.866,98.165,138.333,144.294,132.221,132.519
1053.6,108.871,92.846,141.427,105.81,97.979,138.333,144.294,132.259,132.444
1053.7,108.817,92.846,141.427,105.81,98.103,138.366,144.324,132.296,132.482
1053.8,108.871,92.912,141.427,105.866,98.103,138.299,144.324,132.259,132.444
1053.9,108.817,92.912,141.427,105.81,98.165,138.333,144.294,132.184,132.482
1054.0,108.871,92.912,141.395,105.81,98.103,138.366,144.324,132.221,132.519
1054.1,108.871,92.912,141.395,105.81,98.041,138.299,144.324,132.221,132.444
1054.2,108.817,92.978,141.363,105.754,97.979,138.299,144.324,132.221,132.444
1054.3,108.871,92.978,141.363,105.754,98.103,138.299,144.294,132.184,132.482
1054.4,108.871,92.978,141.363,105.81,98.103,138.366,144.354,132.259,132.519
1054.5,108.871,92.978,141.427,105.754,98.165,138.299,144.324,132.221,132.444
1054.6,108.871,92.978,141.427,105.754,98.227,138.333,144.294,132.221,132.556
1054.7,108.817,92.978,141.395,105.81,98.165,138.333,144.294,132.259,132.444
1054.8,108.817,92.978,141.363,105.866,98.165,138.366,144.354,132.221,132.519
1054.9,108.924,92.978,141.395,105.81,98.227,138.333,144.324,132.184,132.444
1055.0,108.817,92.978,141.363,105.866,98.227,138.366,144.324,132.221,132.482
1055.1,108.871,93.044,141.363,105.866,98.103,138.333,144.354,132.259,132.482
1055.2,108.924,92.978,141.427,105.866,98.165,138.333,144.263,132.221,132.444
1055.3,108.871,92.978,141.395,105.81,98.227,138.333,144.324,132.259,132.482
1055.4,108.871,92.978,141.395,105.866,98.165,138.333,144.294,132.296,132.482
1055.5,108.871,92.978,141.395,105.81,98.165,138.333,144.324,132.221,132.519
1055.6,108.924,92.978,141.49,105.81,98.289,138.333,144.294,132.259,132.482
1055.7,108.871,93.044,141.458,105.81,98.227,138.366,144.294,132.259,132.482
1055.8,108.924,93.044,141.395,105.922,98.289,138.366,144.324,132.221,132.519
1055.9,108.871,93.177,141.427,105.866,98.227,138.333,144.294,132.259,132.519
1056.0,108.871,93.11,141.427,105.81,98.289,138.299,144.294,132.259,132.519
1056.1,108.871,93.044,141.395,105.866,98.289,138.366,144.324,132.259,132.593
1056.2,108.817,93.044,141.363,105.81,98.289,138.366,144.324,132.259,132.556
1056.3,108.924,93.044,141.427,105.922,98.289,138.366,144.324,132.259,132.519
1056.4,108.924,93.044,141.395,105.866,98.351,138.333,144.324,132.259,132.482
1056.5,108.924,93.044,141.363,105.922,98.289,138.4,144.294,132.259,132.482
1056.6,108.871,93.11,141.521,105.81,98.289,138.333,144.294,132.221,132.519
1056.7,108.978,93.177,141.395,105.81,98.351,138.333,144.294,132.259,132.519
1056.8,108.871,93.177,141.395,105.866,98.351,138.333,144.263,132.259,132.556
1056.9,108.924,93.11,141.395,105.81,98.351,138.366,144.294,132.221,132.519
1057.0,108.871,93.11,141.553,105.866,98.351,138.333,144.383,132.221,132.482
1057.1,108.871,93.11,141.427,105.866,98.351,138.366,144.324,132.221,132.482
1057.2,108.871,93.044,141.395,105.866,98.474,138.366,144.294,132.221,132.482
1057.3,108.924,93.11,141.427,105.922,98.413,138.4,144.294,132.296,132.63
1057.4,108.924,93.11,141.427,105.866,98.413,138.4,144.354,132.259,132.593
1057.5,108.924,93.11,141.458,105.81,98.413,138.333,144.324,132.259,132.482
1057.6,108.924,93.177,141.395,105.754,98.351,138.366,144.324,132.296,132.556
1057.7,108.924,93.177,141.49,105.866,98.413,138.366,144.294,132.259,132.519
1057.8,108.871,93.177,141.427,105.866,98.351,138.366,144.443,132.221,132.482
1057.9,108.924,93.177,141.427,105.866,98.413,138.333,144.324,132.221,132.482
1058.0,108.978,93.11,141.427,105.866,98.474,138.366,144.324,132.259,132.482
1058.1,108.978,93.177,141.458,105.977,98.413,138.4,144.324,132.259,132.482
1058.2,108.871,93.243,141.395,105.866,98.474,138.366,144.324,132.221,132.482
1058.3,108.924,93.177,141.427,105.922,98.536,138.4,144.354,132.221,132.482
1058.4,108.817,93.177,141.427,105.922,98.413,138.333,144.324,132.221,132.444
1058.5,108.924,93.11,141.427,105.866,98.474,138.366,144.294,132.259,132.482
1058.6,108.924,93.177,141.458,105.866,98.474,138.333,144.324,132.259,132.556
1058.7,108.871,93.177,141.427,105.866,98.474,138.366,144.354,132.296,132.519
1058.8,109.031,93.243,141.49,105.866,98.474,138.366,144.324,132.259,132.407
1058.9,108.924,93.243,141.49,105.866,98.536,138.366,144.324,132.296,132.519
1059.0,108.817,93.177,141.458,105.81,98.597,138.333,144.294,132.296,132.556
1059.1,108.871,93.243,141.395,105.81,98.474,138.366,144.354,132.259,132.482
1059.2,108.924,93.243,141.427,105.922,98.536,138.333,144.324,132.296,132.519
1059.3,108.924,93.243,141.395,105.866,98.536,138.366,144.294,132.259,132.556
1059.4,108.924,93.243,141.395,105.866,98.597,138.4,144.354,132.296,132.556
1059.5,108.924,93.243,141.427,105.866,98.536,138.366,144.324,132.184,132.519
1059.6,108.924,93.243,141.427,105.81,98.597,138.366,144.324,132.259,132.482
1059.7,108.871,93.243,141.427,105.866,98.474,138.366,144.324,132.296,132.519
1059.8,108.924,93.309,141.427,105.866,98.536,138.4,144.294,132.296,132.519
1059.9,108.924,93.309,141.427,105.81,98.659,138.366,144.324,132.184,132.519
1060.0,108.871,93.309,141.49,105.866,98.597,138.433,144.324,132.296,132.444
1060.1,108.924,93.243,141.49,105.866,98.536,138.4,144.294,132.259,132.482
1060.2,108.871,93.309,141.363,105.866,98.536,138.4,144.324,132.296,132.482
1060.3,109.031,93.309,141.458,105.866,98.597,138.366,144.324,132.259,132.519
1060.4,108.871,93.309,141.458,105.922,98.597,138.366,144.354,132.259,132.519
1060.5,108.924,93.309,141.427,105.866,98.597,138.4,144.294,132.259,132.519
1060.6,108.978,93.374,141.427,105.81,98.659,138.366,144.383,132.259,132.519
1060.7,108.871,93.309,141.395,105.866,98.597,138.333,144.294,132.259,132.63
1060.8,108.924,93.309,141.395,105.866,98.721,138.4,144.413,132.37,132.556
1060.9,108.871,93.44,141.458,105.866,98.597,138.4,144.354,132.296,132.519
1061.0,108.871,93.374,141.427,105.866,98.597,138.366,144.324,132.259,132.519
1061.1,108.924,93.309,141.427,105.81,98.659,138.366,144.354,132.259,132.482
1061.2,108.978,93.309,141.395,105.922,98.474,138.433,144.324,132.296,132.519
1061.3,108.978,93.44,141.427,105.922,98.659,138.366,144.324,132.259,132.519
1061.4,108.924,93.374,141.458,105.866,98.721,138.4,144.324,132.259,132.444
1061.5,108.871,93.44,141.521,105.866,98.721,138.467,144.383,132.296,132.667
1061.6,108.924,93.374,141.458,105.81,98.721,138.4,144.324,132.333,132.556
1061.7,108.978,93.374,141.49,105.866,98.659,138.4,144.324,132.259,132.556
1061.8,108.924,93.374,141.395,105.81,98.659,138.4,144.294,132.259,132.482
1061.9,108.978,93.44,141.363,105.866,98.659,138.333,144.324,132.296,132.593
1062.0,108.871,93.44,141.49,105.866,98.659,138.4,144.354,132.296,132.519
1062.1,108.978,93.44,141.427,105.866,98.659,138.467,144.324,132.259,132.556
1062.2,108.924,93.44,141.427,105.922,98.782,138.433,144.324,132.296,132.519
1062.3,108.924,93.44,141.458,105.866,98.721,138.433,144.324,132.296,132.556
1062.4,108.924,93.44,141.427,105.866,98.721,138.366,144.383,132.259,132.556
1062.5,108.924,93.44,141.458,105.81,98.843,138.366,144.354,132.259,132.519
1062.6,108.924,93.374,141.49,105.866,98.659,138.366,144.324,132.296,132.519
1062.7,108.871,93.374,141.427,105.866,98.782,138.4,144.324,132.259,132.519
1062.8,108.871,93.374,141.458,105.754,98.782,138.433,144.354,132.259,132.556
1062.9,108.924,93.44,141.427,105.866,98.782,138.366,144.324,132.296,132.556
1063.0,108.871,93.44,141.458,105.866,98.782,138.333,144.354,132.296,132.556
1063.1,108.924,93.44,141.427,105.866,98.782,138.366,144.354,132.296,132.519
1063.2,108.871,93.374,141.427,105.866,98.782,138.4,144.294,132.296,132.519
1063.3,108.924,93.506,141.395,105.866,98.843,138.433,144.324,132.333,132.556
1063.4,108.871,93.506,141.427,105.81,98.782,138.433,144.383,132.296,132.519
1063.5,108.924,93.44,141.427,105.922,98.782,138.4,144.324,132.333,132.556
1063.6,108.924,93.506,141.49,106.033,98.721,138.4,144.324,132.296,132.63
1063.7,108.924,93.44,141.458,105.81,98.597,138.4,144.324,132.296,132.482
1063.8,108.924,93.44,141.427,105.866,98.782,138.333,144.263,132.296,132.593
1063.9,108.924,93.44,141.458,105.922,98.905,138.467,144.324,132.333,132.556
1064.0,108.978,93.506,141.427,105.866,98.843,138.366,144.354,132.333,132.519
1064.1,108.924,93.506,141.521,105.866,98.843,138.299,144.324,132.37,132.556
1064.2,108.924,93.572,141.427,105.922,98.905,138.5,144.324,132.296,132.519
1064.3,108.924,93.506,141.427,105.922,98.843,138.4,144.324,132.259,132.519
1064.4,108.978,93.572,141.458,105.754,98.843,138.433,144.354,132.407,132.519
1064.5,108.924,93.572,141.458,105.922,98.721,138.433,144.354,132.296,132.556
1064.6,109.031,93.506,141.395,105.866,98.843,138.4,144.383,132.296,132.519
1064.7,108.978,93.506,141.458,105.866,98.843,138.4,144.294,132.259,132.556
1064.8,108.924,93.572,141.458,105.866,98.843,138.366,144.324,132.296,132.63
1064.9,108.924,93.506,141.458,105.866,98.843,138.4,144.354,132.296,132.519
1065.0,108.924,93.506,141.395,105.866,98.905,138.433,144.324,132.296,132.593
1065.1,108.924,93.572,141.395,105.922,98.843,138.433,144.324,132.259,132.556
1065.2,108.978,93.638,141.49,105.866,98.905,138.4,144.354,132.333,132.556
1065.3,108.924,93.506,141.427,105.922,98.905,138.467,144.383,132.333,132.63
1065.4,108.978,93.638,141.395,105.977,98.905,138.4,144.383,132.333,132.593
1065.5,108.924,93.638,141.427,105.922,98.966,138.4,144.354,132.37,132.593
1065.6,108.978,93.572,141.427,105.922,98.905,138.433,144.294,132.37,132.519
1065.7,108.924,93.638,141.458,105.866,98.966,138.4,144.324,132.333,132.556
1065.8,108.978,93.638,141.427,105.922,99.088,138.4,144.354,132.37,132.593
1065.9,108.978,93.703,141.458,105.922,99.027,138.4,144.263,132.333,132.593
1066.0,108.924,93.638,141.427,105.922,98.966,138.4,144.354,132.296,132.556
1066.1,108.924,93.572,141.458,105.866,98.966,138.4,144.354,132.333,132.556
1066.2,108.924,93.572,141.458,105.754,98.905,138.4,144.324,132.444,132.556
1066.3,108.871,93.638,141.521,105.866,98.966,138.4,144.354,132.333,132.593
1066.4,108.978,93.638,141.458,105.922,98.966,138.467,144.383,132.333,132.556
1066.5,108.978,93.638,141.458,105.866,98.966,138.4,144.383,132.333,132.593
1066.6,108.978,93.703,141.553,105.866,98.966,138.433,144.324,132.333,132.556
1066.7,108.978,93.703,141.458,105.922,98.966,138.4,144.354,132.333,132.556
1066.8,108.924,93.638,141.458,105.922,99.027,138.4,144.383,132.37,132.593
1066.9,109.031,93.703,141.427,105.866,99.027,138.433,144.324,132.333,132.593
1067.0,108.924,93.638,141.427,105.922,99.027,138.4,144.383,132.333,132.593
1067.1,108.924,93.769,141.458,105.866,99.027,138.433,144.383,132.37,132.556
1067.2,108.924,93.703,141.49,105.977,99.088,138.4,144.294,132.296,132.556
1067.3,108.978,93.703,141.427,105.922,99.027,138.433,144.294,132.333,132.593
1067.4,108.978,93.769,141.427,105.866,99.088,138.433,144.413,132.333,132.63
1067.5,108.924,93.769,141.458,105.866,99.15,138.4,144.324,132.333,132.556
1067.6,108.924,93.769,141.49,105.81,99.088,138.433,144.354,132.296,132.556
1067.7,108.978,93.769,141.521,105.866,99.088,138.467,144.383,132.259,132.556
1067.8,108.978,93.834,141.458,105.866,99.088,138.4,144.383,132.407,132.556
1067.9,108.978,93.703,141.49,105.922,99.027,138.433,144.413,132.333,132.556
1068.0,108.924,93.703,141.427,105.866,99.088,138.433,144.324,132.333,132.556
1068.1,108.978,93.703,141.427,105.922,99.088,138.467,144.354,132.333,132.519
1068.2,109.031,93.703,141.521,105.922,99.15,138.433,144.473,132.296,132.556
1068.3,108.924,93.769,141.49,105.922,99.211,138.433,144.354,132.333,132.556
1068.4,108.924,93.703,141.458,105.866,99.088,138.433,144.354,132.296,132.556
1068.5,108.924,93.769,141.427,105.922,99.088,138.433,144.383,132.333,132.63
1068.6,108.978,93.769,141.427,105.81,99.15,138.433,144.354,132.333,132.593
1068.7,108.924,93.9,141.427,105.922,99.15,138.467,144.354,132.333,132.556
1068.8,108.978,93.769,141.49,105.922,99.211,138.467,144.383,132.333,132.593
1068.9,108.978,93.769,141.458,105.922,99.272,138.433,144.354,132.333,132.593
1069.0,108.924,93.769,141.49,105.866,99.15,138.433,144.354,132.407,132.593
1069.1,108.924,93.834,141.49,105.922,99.15,138.467,144.324,132.333,132.593
1069.2,108.978,93.769,141.458,105.866,99.272,138.433,144.324,132.333,132.556
1069.3,108.978,93.769,141.49,105.922,99.15,138.4,144.383,132.37,132.63
1069.4,108.978,93.9,141.458,105.922,99.15,138.433,144.383,132.333,132.556
1069.5,109.031,93.769,141.49,105.922,99.211,138.433,144.354,132.37,132.593
1069.6,108.978,93.834,141.427,105.922,99.272,138.5,144.354,132.333,132.556
1069.7,108.978,93.769,141.427,105.922,99.15,138.467,144.354,132.333,132.556
1069.8,108.924,93.834,141.427,105.922,99.15,138.433,144.383,132.444,132.519
1069.9,109.031,93.834,141.458,105.922,99.272,138.467,144.354,132.407,132.593
1070.0,109.031,93.834,141.521,105.922,99.272,138.366,144.354,132.407,132.63
1070.1,108.978,93.834,141.49,105.866,99.15,138.467,144.354,132.37,132.482
1070.2,108.978,93.9,141.553,105.922,99.272,138.467,144.383,132.296,132.63
1070.3,108.978,93.834,141.458,105.922,99.272,138.433,144.324,132.333,132.593
1070.4,108.978,93.9,141.49,105.922,99.272,138.433,144.383,132.37,132.593
1070.5,108.924,93.9,141.521,105.977,99.272,138.433,144.354,132.37,132.593
1070.6,109.031,93.834,141.458,105.922,99.088,138.467,144.324,132.37,132.593
1070.7,109.031,93.834,141.49,105.922,99.333,138.467,144.383,132.333,132.63
1070.8,108.978,93.9,141.49,105.977,99.272,138.433,144.383,132.37,132.593
1070.9,108.978,93.9,141.521,105.866,99.333,138.433,144.354,132.333,132.593
1071.0,108.978,93.9,141.458,105.977,99.333,138.433,144.443,132.333,132.593
1071.1,109.031,93.9,141.553,105.922,99.272,138.467,144.324,132.37,132.593
1071.2,108.978,93.9,141.49,105.922,99.394,138.467,144.354,132.37,132.593
1071.3,108.978,93.9,141.458,105.977,99.272,138.433,144.324,132.333,132.63
1071.4,109.031,93.965,141.49,105.922,99.333,138.433,144.383,132.407,132.63
1071.5,108.924,93.9,141.49,105.922,99.333,138.433,144.354,132.333,132.63
1071.6,108.978,93.965,141.49,105.866,99.333,138.5,144.354,132.407,132.593
1071.7,108.978,93.9,141.458,105.977,99.333,138.433,144.354,132.37,132.593
1071.8,108.978,93.965,141.49,105.922,99.333,138.433,144.383,132.37,132.593
1071.9,109.031,93.965,141.427,105.922,99.394,138.333,144.324,132.37,132.667
1072.0,108.978,93.965,141.458,105.922,99.333,138.433,144.383,132.407,132.63
1072.1,108.978,93.965,141.553,105.922,99.394,138.467,144.354,132.37,132.593
1072.2,108.978,93.965,141.49,105.922,99.394,138.467,144.324,132.37,132.63
1072.3,109.085,93.9,141.458,105.977,99.515,138.467,144.354,132.407,132.519
1072.4,108.924,93.965,141.49,105.922,99.394,138.433,144.354,132.333,132.593
1072.5,108.978,93.9,141.49,105.977,99.394,138.433,144.413,132.333,132.556
1072.6,109.031,93.965,141.521,105.922,99.455,138.433,144.383,132.37,132.593
1072.7,108.978,93.965,141.458,105.922,99.455,138.467,144.383,132.37,132.556
1072.8,108.978,94.031,141.49,105.977,99.394,138.467,144.383,132.37,132.593
1072.9,108.871,93.965,141.49,105.866,99.455,138.467,144.354,132.37,132.593
1073.0,109.031,93.965,141.458,105.977,99.455,138.467,144.354,132.37,132.667
1073.1,109.031,93.965,141.49,105.922,99.394,138.467,144.383,132.333,132.556
1073.2,108.978,93.965,141.49,105.81,99.515,138.433,144.354,132.37,132.63
1073.3,108.978,94.031,141.49,105.754,99.576,138.433,144.443,132.37,132.667
1073.4,109.085,94.031,141.585,105.922,99.455,138.5,144.383,132.37,132.63
1073.5,108.924,93.965,141.49,105.977,99.455,138.433,144.354,132.333,132.63
1073.6,108.924,94.096,141.521,105.922,99.455,138.433,144.354,132.407,132.593
1073.7,108.924,94.031,141.49,105.922,99.576,138.5,144.383,132.407,132.593
1073.8,109.031,94.096,141.458,105.922,99.455,138.467,144.354,132.37,132.63
1073.9,108.978,94.096,141.49,106.033,99.515,138.433,144.354,132.407,132.593
1074.0,108.924,94.031,141.49,105.922,99.455,138.433,144.413,132.296,132.63
1074.1,109.031,94.031,141.49,105.922,99.455,138.467,144.324,132.37,132.667
1074.2,108.978,94.096,141.49,105.922,99.515,138.5,144.354,132.37,132.63
1074.3,109.031,94.096,141.49,105.922,99.455,138.433,144.383,132.37,132.63
1074.4,109.031,94.096,141.49,105.977,99.576,138.5,144.383,132.37,132.593
1074.5,109.031,94.031,141.49,105.922,99.515,138.433,144.383,132.333,132.667
1074.6,108.978,94.096,141.49,105.922,99.576,138.5,144.354,132.37,132.63
1074.7,109.031,94.161,141.458,105.922,99.576,138.467,144.383,132.37,132.63
1074.8,108.978,94.096,141.521,105.977,99.515,138.533,144.354,132.37,132.63
1074.9,109.085,94.096,141.585,105.922,99.576,138.467,144.324,132.37,132.63
1075.0,109.031,94.096,141.553,105.922,99.576,138.5,144.383,132.407,132.593
1075.1,109.031,94.096,141.49,105.922,99.576,138.5,144.383,132.482,132.667
1075.2,108.924,94.096,141.49,105.977,99.576,138.5,144.383,132.407,132.63
1075.3,108.978,94.161,141.458,105.81,99.576,138.433,144.354,132.407,132.63
1075.4,108.924,94.096,141.427,105.922,99.576,138.567,144.383,132.37,132.63
1075.5,109.031,94.292,141.49,105.977,99.515,138.467,144.354,132.407,132.63
1075.6,108.978,94.161,141.49,105.977,99.515,138.467,144.383,132.37,132.741
1075.7,108.978,94.161,141.458,105.977,99.576,138.433,144.383,132.407,132.667
1075.8,109.031,94.161,141.49,105.977,99.698,138.5,144.383,132.37,132.63
1075.9,109.085,94.161,141.458,105.977,99.698,138.5,144.383,132.407,132.667
1076.0,108.924,94.226,141.49,105.922,99.637,138.5,144.413,132.37,132.63
1076.1,108.978,94.226,141.521,105.977,99.698,138.467,144.354,132.407,132.667
1076.2,109.138,94.226,141.585,105.922,99.637,138.5,144.383,132.444,132.63
1076.3,109.031,94.226,141.49,105.977,99.637,138.5,144.354,132.407,132.63
1076.4,109.085,94.357,141.521,105.922,99.698,138.5,144.383,132.407,132.593
1076.5,108.978,94.292,141.585,105.922,99.698,138.533,144.354,132.37,132.667
1076.6,108.978,94.226,141.49,105.977,99.698,138.5,144.443,132.444,132.667
1076.7,108.978,94.292,141.585,105.977,99.698,138.567,144.383,132.333,132.704
1076.8,108.978,94.226,141.553,105.922,99.698,138.5,144.354,132.37,132.63
1076.9,109.031,94.226,141.49,105.977,99.758,138.5,144.413,132.37,132.63
1077.0,109.031,94.226,141.458,105.977,99.758,138.467,144.413,132.407,132.667
1077.1,109.031,94.226,141.521,106.033,99.758,138.5,144.383,132.407,132.667
1077.2,109.031,94.292,141.521,105.922,99.698,138.5,144.383,132.37,132.63
1077.3,109.031,94.226,141.458,105.977,99.758,138.567,144.383,132.407,132.667
1077.4,109.031,94.226,141.521,105.922,99.758,138.5,144.383,132.407,132.667
1077.5,109.031,94.226,141.521,105.977,99.88,138.5,144.383,132.444,132.63
1077.6,109.031,94.292,141.521,105.977,99.758,138.5,144.383,132.37,132.593
1077.7,109.031,94.292,141.521,105.977,99.758,138.5,144.324,132.444,132.667
1077.8,109.031,94.292,141.49,106.033,99.819,138.5,144.383,132.407,132.63
1077.9,108.764,94.226,141.521,105.977,99.819,138.467,144.383,132.482,132.741
1078.0,109.031,94.226,141.553,105.977,99.698,138.467,144.354,132.444,132.667
1078.1,109.031,94.292,141.49,105.977,99.819,138.5,144.383,132.37,132.667
1078.2,109.031,94.226,141.49,105.922,99.819,138.5,144.383,132.407,132.667
1078.3,109.085,94.292,141.553,105.922,99.819,138.467,144.354,132.407,132.667
1078.4,109.031,94.292,141.49,105.922,99.819,138.533,144.383,132.407,132.667
1078.5,109.085,94.292,141.521,105.977,99.88,138.467,144.443,132.407,132.667
1078.6,108.978,94.357,141.521,106.033,99.819,138.5,144.413,132.444,132.63
1078.7,109.031,94.292,141.49,105.977,99.94,138.567,144.383,132.444,132.704
1078.8,108.978,94.357,141.49,105.977,99.819,138.533,144.443,132.407,132.667
1078.9,109.031,94.292,141.553,105.977,99.88,138.467,144.383,132.407,132.741
1079.0,109.031,94.357,141.521,105.977,99.819,138.5,144.383,132.407,132.667
1079.1,109.031,94.357,141.521,106.033,99.88,138.467,144.413,132.37,132.667
1079.2,109.031,94.292,141.49,105.977,99.88,138.5,144.294,132.407,132.667
1079.3,109.031,94.357,141.458,106.033,99.819,138.5,144.383,132.407,132.704
1079.4,108.924,94.357,141.49,105.977,99.94,138.5,144.443,132.444,132.667
1079.5,109.031,94.357,141.553,105.922,99.94,138.567,144.383,132.444,132.667
1079.6,109.085,94.357,141.521,105.977,99.88,138.5,144.383,132.37,132.667
1079.7,109.031,94.422,141.49,105.977,99.88,138.5,144.383,132.407,132.704
1079.8,109.085,94.422,141.553,106.033,99.94,138.5,144.383,132.444,132.667
1079.9,109.031,94.422,141.49,105.977,99.819,138.5,144.413,132.407,132.667
1080.0,109.031,94.422,141.521,105.977,99.94,138.567,144.383,132.407,132.667
1080.1,109.031,94.422,141.521,105.977,99.94,138.5,144.354,132.444,132.63
1080.2,109.085,94.422,141.521,106.089,99.819,138.5,144.354,132.444,132.667
1080.3,109.031,94.422,141.49,105.977,100.0,138.5,144.413,132.407,132.667
1080.4,109.031,94.422,141.521,106.033,99.94,138.5,144.383,132.407,132.593
1080.5,109.031,94.422,141.553,105.977,99.94,138.5,144.354,132.407,132.667
1080.6,109.191,94.487,141.521,105.977,99.88,138.5,144.443,132.407,132.667
1080.7,109.085,94.487,141.49,105.977,99.94,138.5,144.383,132.407,132.667
1080.8,109.031,94.487,141.553,105.977,99.94,138.567,144.383,132.407,132.667
1080.9,109.191,94.422,141.553,105.977,100.061,138.5,144.383,132.407,132.667
1081.0,109.085,94.422,141.553,105.977,100.0,138.5,144.383,132.444,132.667
1081.1,109.085,94.552,141.521,105.866,100.0,138.5,144.413,132.407,132.667
1081.2,109.085,94.487,141.521,105.977,100.0,138.533,144.383,132.444,132.704
1081.3,109.031,94.422,141.521,105.977,100.0,138.533,144.383,132.482,132.667
1081.4,109.138,94.357,141.553,105.977,100.061,138.533,144.383,132.444,132.704
1081.5,109.031,94.487,141.49,106.033,100.061,138.467,144.383,132.444,132.667
1081.6,109.031,94.487,141.49,105.977,100.0,138.533,144.383,132.444,132.704
1081.7,108.978,94.552,141.521,105.977,99.94,138.467,144.354,132.482,132.741
1081.8,109.085,94.487,141.553,105.977,100.0,138.5,144.413,132.444,132.667
1081.9,109.031,94.487,141.49,106.033,100.0,138.467,144.354,132.444,132.704
1082.0,109.031,94.487,141.521,105.922,100.121,138.533,144.383,132.407,132.704
1082.1,109.031,94.552,141.521,105.977,100.061,138.5,144.443,132.519,132.63
1082.2,109.085,94.487,141.521,105.977,100.121,138.533,144.383,132.444,132.704
1082.3,109.031,94.552,141.49,106.033,100.061,138.5,144.383,132.444,132.704
1082.4,109.031,94.552,141.553,105.977,100.061,138.5,144.383,132.444,132.667
1082.5,109.085,94.617,141.521,105.977,100.121,138.4,144.383,132.37,132.667
1082.6,109.031,94.617,141.585,105.977,100.0,138.567,144.383,132.407,132.704
1082.7,109.031,94.487,141.49,106.033,100.0,138.5,144.383,132.444,132.704
1082.8,109.031,94.617,141.553,105.922,100.121,138.5,144.413,132.444,132.704
1082.9,109.031,94.552,141.521,105.977,100.121,138.533,144.413,132.444,132.741
1083.0,109.138,94.552,141.553,105.977,100.061,138.433,144.443,132.444,132.704
1083.1,109.085,94.552,141.427,105.977,100.182,138.5,144.383,132.444,132.741
1083.2,109.085,94.617,141.585,105.977,100.061,138.567,144.383,132.519,132.593
1083.3,109.085,94.617,141.521,105.977,100.121,138.5,144.413,132.444,132.741
1083.4,109.085,94.617,141.585,106.033,100.121,138.533,144.383,132.444,132.704
1083.5,109.085,94.617,141.553,106.033,100.121,138.6,144.354,132.444,132.741
1083.6,109.085,94.681,141.521,105.977,100.182,138.567,144.354,132.482,132.704
1083.7,109.085,94.552,141.521,106.033,100.121,138.533,144.383,132.482,132.704
1083.8,109.085,94.617,141.553,105.977,100.182,138.5,144.383,132.444,132.63
1083.9,108.978,94.617,141.521,106.033,100.182,138.567,144.383,132.482,132.741
1084.0,109.085,94.617,141.427,105.922,100.182,138.6,144.413,132.444,132.667
1084.1,109.085,94.617,141.521,105.922,100.182,138.533,144.383,132.444,132.704
1084.2,109.085,94.617,141.521,105.977,100.182,138.5,144.413,132.482,132.667
1084.3,109.031,94.681,141.585,105.977,100.242,138.533,144.443,132.444,132.667
1084.4,109.085,94.617,141.521,105.977,100.182,138.567,144.383,132.482,132.704
1084.5,108.924,94.617,141.427,105.977,100.121,138.5,144.383,132.407,132.704
1084.6,109.031,94.617,141.553,105.977,100.242,138.533,144.413,132.444,132.704
1084.7,109.085,94.681,141.553,105.922,100.182,138.5,144.473,132.519,132.704
1084.8,109.031,94.681,141.521,105.977,100.242,138.533,144.324,132.444,132.667
1084.9,109.031,94.617,141.553,105.977,100.182,138.433,144.413,132.444,132.704
1085.0,109.085,94.617,141.553,105.977,100.242,138.533,144.413,132.407,132.704
1085.1,109.031,94.681,141.553,105.922,100.182,138.533,144.324,132.444,132.704
1085.2,108.924,94.617,141.553,105.977,100.182,138.533,144.383,132.444,132.741
1085.3,109.031,94.681,141.553,105.977,100.182,138.567,144.383,132.407,132.704
1085.4,109.085,94.681,141.49,105.977,100.242,138.533,144.413,132.482,132.704
1085.5,109.085,94.681,141.553,105.977,100.242,138.533,144.383,132.482,132.704
1085.6,109.031,94.681,141.553,105.977,100.242,138.567,144.413,132.444,132.667
1085.7,108.978,94.681,141.49,106.033,100.242,138.533,144.383,132.482,132.741
1085.8,109.031,94.681,141.553,105.977,100.242,138.567,144.413,132.482,132.741
1085.9,109.031,94.746,141.521,106.033,100.242,138.567,144.383,132.444,132.741
1086.0,109.138,94.681,141.49,106.033,100.121,138.633,144.443,132.407,132.741
1086.1,109.085,94.681,141.553,105.977,100.182,138.567,144.383,132.444,132.704
1086.2,109.085,94.811,141.553,105.977,100.362,138.567,144.413,132.482,132.704
1086.3,109.085,94.746,141.553,105.977,100.302,138.567,144.413,132.444,132.704
1086.4,109.085,94.681,141.553,105.922,100.422,138.533,144.383,132.482,132.778
1086.5,109.031,94.681,141.521,105.977,100.362,138.633,144.383,132.444,132.741
1086.6,109.031,94.746,141.521,105.977,100.242,138.567,144.413,132.407,132.741
1086.7,109.138,94.746,141.553,105.977,100.422,138.6,144.324,132.407,132.704
1086.8,109.031,94.811,141.553,105.977,100.302,138.6,144.413,132.444,132.741
1086.9,109.085,94.811,141.521,106.033,100.302,138.533,144.473,132.482,132.741
1087.0,109.085,94.681,141.553,105.977,100.302,138.567,144.383,132.519,132.704
1087.1,109.085,94.746,141.553,106.033,100.302,138.567,144.383,132.444,132.778
1087.2,109.085,94.746,141.585,106.033,100.362,138.567,144.413,132.444,132.704
1087.3,109.085,94.681,141.521,106.033,100.362,138.533,144.354,132.482,132.704
1087.4,109.138,94.746,141.521,105.977,100.422,138.567,144.413,132.556,132.814
1087.5,109.085,94.811,141.553,106.033,100.422,138.667,144.413,132.444,132.704
1087.6,109.085,94.811,141.553,105.977,100.362,138.567,144.413,132.519,132.741
1087.7,109.085,94.746,141.553,105.977,100.422,138.7,144.354,132.482,132.704
1087.8,109.085,94.876,141.521,106.033,100.422,138.567,144.503,132.482,132.741
1087.9,109.085,94.811,141.585,106.144,100.362,138.533,144.473,132.444,132.704
1088.0,109.085,94.746,141.553,106.033,100.362,138.567,144.413,132.519,132.704
1088.1,109.085,94.811,141.553,106.033,100.482,138.667,144.383,132.482,132.741
1088.2,109.085,94.746,141.585,106.033,100.422,138.567,144.413,132.482,132.741
1088.3,109.031,94.746,141.585,106.2,100.542,138.567,144.383,132.444,132.778
1088.4,109.085,94.681,141.553,106.089,100.482,138.567,144.354,132.482,132.778
1088.5,109.085,94.746,141.521,105.977,100.422,138.6,144.413,132.482,132.778
1088.6,109.085,94.811,141.553,106.033,100.482,138.567,144.473,132.482,132.741
1088.7,109.085,94.746,141.585,106.089,100.422,138.6,144.413,132.444,132.704
1088.8,109.191,94.811,141.553,105.866,100.422,138.6,144.413,132.444,132.814
1088.9,109.031,94.876,141.616,106.033,100.422,138.567,144.383,132.482,132.741
1089.0,109.085,94.811,141.553,106.033,100.362,138.567,144.354,132.444,132.704
1089.1,109.031,94.876,141.521,106.033,100.482,138.6,144.383,132.444,132.704
1089.2,109.191,94.94,141.49,106.089,100.542,138.567,144.354,132.482,132.704
1089.3,109.138,94.811,141.553,106.089,100.422,138.567,144.413,132.519,132.741
1089.4,109.031,94.876,141.616,105.977,100.482,138.567,144.383,132.519,132.741
1089.5,109.085,94.94,141.553,106.033,100.482,138.567,144.413,132.482,132.741
1089.6,109.138,94.876,141.585,106.089,100.602,138.533,144.383,132.519,132.778
1089.7,109.085,94.94,141.553,106.033,100.542,138.533,144.354,132.482,132.778
1089.8,109.138,95.005,141.553,106.033,100.542,138.5,144.413,132.519,132.778
1089.9,109.031,94.876,141.553,106.033,100.542,138.567,144.413,132.444,132.704
1090.0,109.138,94.94,141.521,106.033,100.542,138.567,144.413,132.482,132.778
1090.1,109.085,94.876,141.521,106.033,100.662,138.6,144.443,132.444,132.741
1090.2,109.085,94.876,141.521,105.977,100.542,138.567,144.473,132.519,132.741
1090.3,109.138,94.94,141.521,106.033,100.662,138.567,144.413,132.519,132.741
1090.4,109.031,94.876,141.585,106.033,100.662,138.567,144.383,132.444,132.778
1090.5,109.085,94.94,141.553,106.089,100.542,138.567,144.413,132.482,132.741
1090.6,109.031,94.94,141.585,106.033,100.662,138.567,144.413,132.519,132.814
1090.7,109.138,94.94,141.553,106.033,100.542,138.567,144.383,132.593,132.778
1090.8,109.031,94.94,141.521,106.033,100.662,138.567,144.443,132.444,132.778
1090.9,109.138,95.005,141.49,106.089,100.602,138.567,144.443,132.519,132.778
1091.0,109.085,95.005,141.521,106.2,100.602,138.633,144.383,132.482,132.741
1091.1,109.031,94.94,141.553,106.089,100.662,138.6,144.413,132.556,132.778
1091.2,109.138,95.005,141.553,106.033,100.602,138.533,144.413,132.519,132.778
1091.3,109.085,94.94,141.553,105.977,100.722,138.567,144.443,132.482,132.814
1091.4,109.138,95.005,141.521,106.033,100.662,138.6,144.413,132.482,132.741
1091.5,109.138,95.005,141.616,106.089,100.662,138.6,144.383,132.519,132.814
1091.6,109.138,94.94,141.585,106.033,100.662,138.567,144.383,132.482,132.778
1091.7,109.031,95.005,141.553,106.089,100.662,138.6,144.443,132.556,132.704
1091.8,109.085,95.005,141.553,106.033,100.662,138.6,144.413,132.519,132.741
1091.9,109.085,94.94,141.553,106.033,100.662,138.533,144.443,132.444,132.888
1092.0,109.085,95.005,141.585,106.033,100.662,138.6,144.413,132.482,132.778
1092.1,109.031,95.069,141.585,106.033,100.662,138.567,144.443,132.556,132.778
1092.2,109.085,95.069,141.585,106.033,100.662,138.6,144.413,132.556,132.741
1092.3,109.138,95.005,141.553,106.144,100.662,138.633,144.413,132.482,132.888
1092.4,109.085,95.069,141.585,106.033,100.662,138.6,144.383,132.519,132.741
1092.5,109.085,95.005,141.585,106.089,100.482,138.567,144.413,132.519,132.741
1092.6,109.191,95.069,141.553,105.977,100.722,138.567,144.443,132.556,132.704
1092.7,109.085,95.005,141.553,106.089,100.722,138.6,144.443,132.519,132.814
1092.8,109.031,95.069,141.553,106.033,100.662,138.6,144.413,132.519,132.778
1092.9,109.138,95.005,141.553,106.033,100.722,138.6,144.413,132.482,132.814
1093.0,109.085,95.134,141.553,106.089,100.722,138.6,144.443,132.519,132.778
1093.1,109.138,95.069,141.585,106.033,100.722,138.633,144.443,132.519,132.814
1093.2,109.138,95.069,141.585,106.033,100.842,138.6,144.443,132.482,132.814
1093.3,109.085,95.134,141.521,106.033,100.722,138.6,144.473,132.519,132.814
1093.4,109.085,95.069,141.648,106.033,100.782,138.6,144.383,132.444,132.741
1093.5,109.085,95.069,141.585,105.977,100.722,138.567,144.413,132.519,132.814
1093.6,109.138,95.069,141.553,106.033,100.722,138.6,144.413,132.519,132.778
1093.7,109.085,95.069,141.553,106.033,100.842,138.567,144.443,132.519,132.814
1093.8,109.031,95.069,141.585,106.033,100.782,138.6,144.383,132.519,132.778
1093.9,109.138,95.069,141.585,106.033,100.722,138.6,144.413,132.519,132.741
1094.0,109.138,95.134,141.616,106.033,100.782,138.667,144.473,132.482,132.778
1094.1,109.085,95.134,141.585,106.089,100.722,138.6,144.413,132.519,132.814
1094.2,109.138,95.069,141.616,106.033,100.722,138.6,144.413,132.482,132.778
1094.3,109.031,95.134,141.585,106.089,100.782,138.633,144.413,132.519,132.814
1094.4,109.138,95.069,141.553,106.089,100.842,138.6,144.383,132.519,132.778
1094.5,109.138,95.198,141.585,106.089,100.782,138.567,144.413,132.519,132.778
1094.6,109.031,95.134,141.585,106.089,100.902,138.6,144.443,132.519,132.814
1094.7,109.191,95.069,141.648,106.089,100.842,138.6,144.413,132.556,132.778
1094.8,109.138,95.134,141.553,106.089,100.782,138.6,144.413,132.444,132.778
1094.9,109.244,95.134,141.585,106.033,100.842,138.6,144.443,132.593,132.778
1095.0,109.138,95.198,141.585,105.977,100.782,138.633,144.413,132.519,132.778
1095.1,109.138,95.134,141.616,106.144,100.902,138.6,144.413,132.519,132.778
1095.2,109.085,95.198,141.553,106.033,100.902,138.667,144.413,132.556,132.778
1095.3,109.138,95.198,141.585,106.033,100.902,138.567,144.443,132.519,132.814
1095.4,109.138,95.134,141.585,105.977,100.902,138.6,144.473,132.407,132.778
1095.5,109.138,95.198,141.616,106.089,100.902,138.6,144.413,132.444,132.778
1095.6,109.138,95.198,141.553,106.033,100.902,138.6,144.413,132.556,132.814
1095.7,109.191,95.198,141.585,106.144,100.842,138.567,144.413,132.556,132.778
1095.8,109.138,95.198,141.585,106.033,100.782,138.633,144.443,132.556,132.851
1095.9,109.138,95.262,141.553,106.033,100.902,138.6,144.443,132.519,132.814
1096.0,109.138,95.262,141.553,106.033,100.902,138.6,144.443,132.519,132.851
1096.1,109.085,95.262,141.585,106.089,100.961,138.6,144.443,132.519,132.814
1096.2,109.138,95.262,141.553,106.033,100.902,138.567,144.443,132.593,132.814
1096.3,109.138,95.262,141.553,106.033,100.902,138.633,144.383,132.556,132.888
1096.4,109.138,95.198,141.553,106.033,100.842,138.633,144.443,132.556,132.778
1096.5,109.191,95.327,141.521,106.033,100.961,138.7,144.413,132.593,132.851
1096.6,109.138,95.455,141.648,106.089,100.961,138.667,144.413,132.556,132.814
1096.7,109.138,95.327,141.585,106.144,100.961,138.633,144.413,132.593,132.778
1096.8,109.138,95.327,141.585,106.089,100.902,138.667,144.503,132.482,132.814
1096.9,109.138,95.262,141.553,106.144,101.021,138.6,144.473,132.556,132.778
1097.0,109.138,95.262,141.553,106.089,101.021,138.6,144.324,132.519,132.778
1097.1,109.191,95.262,141.553,106.089,101.021,138.6,144.443,132.593,132.814
1097.2,109.138,95.327,141.585,106.033,101.08,138.7,144.413,132.556,132.778
1097.3,109.244,95.262,141.616,106.144,101.08,138.6,144.443,132.556,132.778
1097.4,109.031,95.262,141.679,106.033,101.08,138.633,144.443,132.519,132.814
1097.5,109.138,95.327,141.585,106.033,101.08,138.667,144.413,132.556,132.814
1097.6,109.085,95.391,141.585,106.033,101.021,138.6,144.413,132.556,132.814
1097.7,109.085,95.262,141.585,106.089,101.021,138.6,144.443,132.593,132.814
1097.8,109.191,95.262,141.49,106.033,101.021,138.633,144.413,132.519,132.778
1097.9,109.191,95.327,141.616,106.033,101.021,138.6,144.503,132.556,132.851
1098.0,109.085,95.327,141.585,105.977,101.08,138.6,144.443,132.519,132.814
1098.1,109.138,95.455,141.553,106.089,101.08,138.667,144.473,132.519,132.814
1098.2,109.138,95.327,141.585,106.033,101.08,138.633,144.443,132.519,132.851
1098.3,109.191,95.391,141.616,106.033,101.08,138.633,144.443,132.593,132.814
1098.4,109.085,95.327,141.585,106.089,101.08,138.633,144.443,132.556,132.851
1098.5,109.138,95.391,141.585,106.089,101.08,138.633,144.473,132.556,132.814
1098.6,109.138,95.327,141.553,105.977,101.14,138.633,144.443,132.593,132.778
1098.7,109.138,95.327,141.585,106.033,101.08,138.633,144.473,132.556,132.778
1098.8,109.191,95.455,141.648,106.089,101.08,138.667,144.443,132.593,132.778
1098.9,109.138,95.327,141.585,106.089,101.259,138.633,144.443,132.519,132.778
1099.0,109.244,95.391,141.616,106.033,101.08,138.633,144.413,132.556,132.814
1099.1,109.138,95.455,141.585,106.033,101.08,138.633,144.443,132.593,132.814
1099.2,109.191,95.391,141.616,106.089,101.021,138.633,144.443,132.593,132.778
1099.3,109.138,95.391,141.585,106.089,101.14,138.633,144.413,132.556,132.814
1099.4,109.138,95.391,141.585,106.033,101.14,138.6,144.443,132.556,132.814
1099.5,109.138,95.391,141.585,106.089,101.14,138.633,144.443,132.593,132.814
1099.6,109.138,95.519,141.585,106.255,101.14,138.6,144.443,132.593,132.814
1099.7,109.138,95.455,141.616,106.089,101.14,138.633,144.413,132.556,132.814
1099.8,109.138,95.391,141.585,106.089,101.2,138.633,144.413,132.482,132.851
1099.9,109.138,95.455,141.616,106.033,101.14,138.667,144.443,132.556,132.778
1100.0,109.191,95.519,141.616,106.033,101.2,138.7,144.443,132.593,132.851
1100.1,109.191,95.391,141.585,106.089,101.14,138.633,144.443,132.63,132.851
1100.2,109.138,95.455,141.648,106.089,101.259,138.667,144.473,132.667,132.888
1100.3,109.085,95.647,141.679,106.089,101.2,138.633,144.473,132.593,132.778
1100.4,109.191,95.455,141.616,106.033,101.259,138.6,144.473,132.593,132.851
1100.5,109.191,95.519,141.616,106.089,101.259,138.667,144.383,132.593,132.814
1100.6,109.191,95.455,141.616,106.089,101.2,138.633,144.413,132.593,132.851
1100.7,109.138,95.455,141.585,106.089,101.2,138.667,144.473,132.556,132.814
1100.8,109.138,95.519,141.521,106.033,101.2,138.667,144.473,132.556,132.814
1100.9,109.138,95.455,141.585,106.089,101.318,138.667,144.443,132.593,132.851
1101.0,109.138,95.583,141.585,106.089,101.2,138.633,144.443,132.593,132.925
1101.1,109.138,95.455,141.585,106.089,101.2,138.633,144.413,132.556,132.814
1101.2,109.138,95.519,141.585,106.089,101.259,138.633,144.503,132.593,132.851
1101.3,109.138,95.519,141.553,106.089,101.259,138.633,144.413,132.63,132.888
1101.4,109.085,95.519,141.616,106.144,101.2,138.667,144.443,132.593,132.814
1101.5,109.138,95.519,141.616,106.089,101.318,138.633,144.443,132.556,132.851
1101.6,109.138,95.455,141.616,106.144,101.259,138.633,144.473,132.63,132.814
1101.7,109.191,95.455,141.585,106.144,101.259,138.7,144.563,132.593,132.851
1101.8,109.138,95.519,141.585,106.2,101.318,138.667,144.443,132.556,132.814
1101.9,109.244,95.519,141.648,106.089,101.318,138.667,144.473,132.63,132.814
1102.0,109.244,95.583,141.585,106.089,101.378,138.667,144.443,132.556,132.851
1102.1,109.191,95.519,141.585,106.144,101.378,138.633,144.383,132.593,132.814
1102.2,109.191,95.455,141.553,106.033,101.318,138.667,144.533,132.556,132.814
1102.3,109.191,95.647,141.585,106.089,101.318,138.633,144.443,132.593,132.814
1102.4,109.138,95.583,141.711,106.089,101.259,138.6,144.503,132.593,132.814
1102.5,109.138,95.647,141.616,106.089,101.259,138.667,144.443,132.556,132.851
1102.6,109.191,95.583,141.553,106.089,101.318,138.633,144.443,132.593,132.888
1102.7,109.298,95.583,141.616,106.144,101.378,138.667,144.413,132.593,132.851
1102.8,109.191,95.583,141.585,106.144,101.437,138.633,144.473,132.593,132.851
1102.9,109.138,95.583,141.585,106.089,101.378,138.633,144.473,132.63,132.814
1103.0,109.191,95.583,141.616,106.089,101.437,138.533,144.413,132.667,132.925
1103.1,109.138,95.711,141.616,106.089,101.318,138.7,144.443,132.556,132.814
1103.2,109.085,95.583,141.616,106.2,101.378,138.633,144.443,132.593,132.851
1103.3,109.138,95.583,141.616,106.144,101.378,138.667,144.443,132.593,132.888
1103.4,109.085,95.647,141.648,106.089,101.437,138.633,144.383,132.593,132.925
1103.5,109.138,95.583,141.585,106.089,101.556,138.7,144.443,132.593,132.888
1103.6,109.138,95.647,141.616,106.144,101.318,138.667,144.413,132.593,132.814
1103.7,109.191,95.775,141.616,106.089,101.318,138.7,144.443,132.667,132.888
1103.8,109.244,95.647,141.616,106.089,101.496,138.7,144.443,132.593,132.814
1103.9,109.191,95.647,141.616,105.922,101.496,138.667,144.503,132.593,132.888
1104.0,109.191,95.647,141.585,106.089,101.437,138.667,144.473,132.593,132.888
1104.1,109.191,95.711,141.585,106.089,101.496,138.633,144.413,132.593,132.888
1104.2,109.244,95.647,141.616,106.144,101.496,138.6,144.443,132.63,132.888
1104.3,109.191,95.711,141.616,106.144,101.437,138.7,144.443,132.593,132.888
1104.4,109.298,95.711,141.616,106.089,101.378,138.667,144.473,132.593,132.851
1104.5,109.191,95.711,141.616,106.144,101.496,138.667,144.473,132.593,132.851
1104.6,109.138,95.775,141.553,106.144,101.496,138.7,144.473,132.593,132.814
1104.7,109.191,95.711,141.616,106.089,101.496,138.667,144.443,132.63,132.888
1104.8,109.191,95.839,141.616,106.089,101.496,138.633,144.443,132.593,132.925
1104.9,109.244,95.711,141.616,106.033,101.556,138.667,144.473,132.63,132.851
1105.0,109.191,95.775,141.648,106.144,101.556,138.733,144.443,132.63,132.888
1105.1,109.191,95.711,141.616,106.144,101.556,138.7,144.503,132.593,132.888
1105.2,109.191,95.711,141.585,106.144,101.615,138.7,144.473,132.667,132.851
1105.3,109.191,95.647,141.679,106.144,101.556,138.667,144.473,132.63,132.888
1105.4,109.191,95.775,141.616,106.089,101.556,138.7,144.443,132.63,132.851
1105.5,109.191,95.711,141.679,106.144,101.556,138.667,144.443,132.593,132.851
1105.6,109.191,95.839,141.616,106.089,101.556,138.733,144.443,132.63,132.888
1105.7,109.191,95.775,141.616,106.2,101.556,138.667,144.503,132.63,132.851
1105.8,109.244,95.711,141.616,106.089,101.496,138.667,144.473,132.593,132.925
1105.9,109.191,95.775,141.616,106.089,101.556,138.7,144.443,132.63,132.888
1106.0,109.191,95.839,141.616,106.089,101.615,138.7,144.443,132.63,132.888
1106.1,109.191,95.775,141.616,106.144,101.556,138.633,144.443,132.63,132.888
1106.2,109.191,95.711,141.616,106.2,101.556,138.7,144.443,132.63,132.888
1106.3,109.298,95.775,141.585,106.089,101.615,138.667,144.443,132.63,132.888
1106.4,109.191,95.775,141.648,106.144,101.733,138.7,144.473,132.63,132.851
1106.5,109.244,95.775,141.648,106.089,101.615,138.667,144.533,132.593,132.925
1106.6,109.191,95.775,141.648,106.144,101.556,138.7,144.443,132.593,132.888
1106.7,109.191,95.839,141.585,106.144,101.615,138.667,144.473,132.63,132.888
1106.8,109.244,95.775,141.616,106.089,101.615,138.667,144.503,132.63,132.888
1106.9,109.191,95.839,141.648,106.089,101.556,138.667,144.533,132.63,132.925
1107.0,109.138,95.839,141.585,106.089,101.674,138.7,144.443,132.667,132.814
1107.1,109.244,95.711,141.648,106.089,101.674,138.667,144.443,132.63,132.962
1107.2,109.138,95.839,141.616,106.089,101.674,138.7,144.503,132.63,132.962
1107.3,109.244,95.839,141.648,106.144,101.615,138.667,144.443,132.667,132.888
1107.4,109.191,95.903,141.648,106.033,101.674,138.7,144.473,132.667,132.925
1107.5,109.191,95.839,141.616,106.089,101.733,138.633,144.443,132.63,132.999
1107.6,109.191,95.903,141.616,106.144,101.674,138.7,144.443,132.63,132.888
1107.7,109.191,95.839,141.585,106.089,101.733,138.733,144.503,132.704,132.888
1107.8,109.244,95.903,141.616,106.089,101.792,138.7,144.473,132.704,132.888
1107.9,109.244,95.903,141.616,106.144,101.733,138.7,144.413,132.63,132.888
1108.0,109.085,95.839,141.648,106.144,101.674,138.667,144.473,132.63,132.851
1108.1,109.244,95.903,141.616,106.255,101.674,138.767,144.443,132.63,132.888
1108.2,109.244,95.839,141.648,106.144,101.556,138.667,144.443,132.593,132.888
1108.3,109.351,95.967,141.616,106.144,101.733,138.733,144.473,132.63,132.925
1108.4,109.244,95.903,141.616,106.144,101.674,138.733,144.503,132.593,132.925
1108.5,109.191,95.839,141.616,106.144,101.733,138.7,144.473,132.667,132.925
1108.6,109.298,95.903,141.585,106.144,101.792,138.7,144.563,132.63,132.888
1108.7,109.191,95.903,141.616,106.144,101.733,138.733,144.443,132.63,132.925
1108.8,109.244,95.903,141.648,106.144,101.733,138.7,144.473,132.667,132.925
1108.9,109.191,95.967,141.585,106.144,101.792,138.7,144.443,132.63,132.851
1109.0,109.191,95.903,141.648,106.144,101.733,138.667,144.473,132.667,132.888
1109.1,109.191,95.839,141.648,106.2,101.733,138.667,144.503,132.593,132.925
1109.2,109.191,95.967,141.648,106.144,101.733,138.7,144.473,132.63,132.888
1109.3,109.138,95.903,141.616,106.144,101.674,138.7,144.473,132.63,132.962
1109.4,109.191,95.967,141.616,106.2,101.792,138.8,144.443,132.63,132.888
1109.5,109.244,95.903,141.648,106.144,101.792,138.7,144.443,132.63,132.925
1109.6,109.191,95.967,141.648,106.255,101.792,138.7,144.413,132.704,132.925
1109.7,109.191,95.903,141.648,106.144,101.851,138.667,144.383,132.667,132.962
1109.8,109.191,95.903,141.648,106.089,101.792,138.7,144.443,132.593,132.888
1109.9,109.244,96.094,141.648,106.2,101.792,138.667,144.473,132.667,132.962
1110.0,109.138,95.967,141.648,106.144,101.851,138.767,144.503,132.741,132.925
1110.1,109.191,95.967,141.616,106.033,101.851,138.767,144.473,132.704,132.851
1110.2,109.191,95.967,141.616,106.089,101.851,138.7,144.503,132.63,132.925
1110.3,109.191,96.03,141.679,106.144,101.733,138.7,144.443,132.667,132.888
1110.4,109.244,96.03,141.711,106.033,101.792,138.733,144.563,132.63,132.925
1110.5,109.298,95.967,141.616,106.144,101.851,138.7,144.473,132.704,132.888
1110.6,109.138,96.03,141.679,106.255,101.851,138.7,144.473,132.667,132.925
1110.7,109.244,96.03,141.616,106.2,101.851,138.7,144.443,132.63,132.925
1110.8,109.244,96.03,141.648,106.2,101.851,138.7,144.443,132.667,132.888
1110.9,109.244,96.094,141.648,106.255,101.851,138.7,144.533,132.667,132.962
1111.0,109.191,96.03,141.648,106.089,101.851,138.7,144.503,132.667,132.888
1111.1,109.244,95.967,141.648,106.089,101.851,138.7,144.503,132.704,132.925
1111.2,109.138,96.03,141.616,106.144,101.851,138.7,144.473,132.704,132.962
1111.3,109.244,96.03,141.648,106.311,101.91,138.767,144.473,132.593,132.925
1111.4,109.191,96.094,141.679,106.144,101.91,138.7,144.473,132.63,132.925
1111.5,109.138,96.03,141.648,106.089,101.969,138.7,144.503,132.704,132.962
1111.6,109.244,96.094,141.648,106.2,101.969,138.7,144.503,132.63,132.925
1111.7,109.298,95.967,141.648,106.144,102.028,138.733,144.473,132.667,132.925
1111.8,109.244,96.094,141.648,106.255,101.851,138.7,144.443,132.667,132.888
1111.9,109.244,96.03,141.742,106.089,101.91,138.7,144.473,132.667,132.888
1112.0,109.244,96.03,141.616,106.089,101.91,138.7,144.503,132.63,132.925
1112.1,109.244,96.158,141.616,106.2,101.969,138.667,144.473,132.667,132.999
1112.2,109.191,96.094,141.648,106.089,102.028,138.733,144.473,132.63,132.925
1112.3,109.244,96.158,141.679,106.2,101.969,138.733,144.503,132.667,132.962
1112.4,109.351,96.094,141.616,106.144,101.969,138.7,144.473,132.704,132.962
1112.5,109.244,96.094,141.679,106.089,101.969,138.7,144.473,132.667,132.962
1112.6,109.244,96.094,141.679,106.144,101.969,138.7,144.473,132.667,132.888
1112.7,109.244,96.03,141.648,106.255,102.028,138.7,144.473,132.63,132.925
1112.8,109.244,96.158,141.648,106.2,102.086,138.7,144.443,132.593,132.925
1112.9,109.191,96.158,141.679,106.089,101.969,138.7,144.473,132.667,132.962
1113.0,109.244,96.094,141.616,106.144,102.028,138.7,144.473,132.593,132.925
1113.1,109.298,96.094,141.648,106.144,102.028,138.7,144.473,132.667,132.888
1113.2,109.244,96.158,141.648,106.144,102.028,138.7,144.503,132.667,132.888
1113.3,109.191,96.158,141.679,106.2,102.028,138.7,144.443,132.667,132.925
1113.4,109.244,96.158,141.648,106.033,102.028,138.7,144.413,132.667,132.962
1113.5,109.298,96.158,141.648,106.144,101.969,138.7,144.473,132.704,132.962
1113.6,109.244,96.158,141.679,106.144,102.028,138.7,144.503,132.667,132.925
1113.7,109.191,96.158,141.648,106.144,102.086,138.733,144.503,132.667,132.925
1113.8,109.244,96.221,141.648,106.033,102.028,138.733,144.503,132.63,132.962
1113.9,109.244,96.158,141.648,106.144,102.086,138.733,144.473,132.667,132.962
1114.0,109.191,96.158,141.648,106.2,102.086,138.733,144.473,132.704,132.925
1114.1,109.244,96.094,141.679,106.144,101.851,138.733,144.473,132.704,132.962
1114.2,109.191,96.221,141.616,106.144,102.086,138.7,144.503,132.667,132.925
1114.3,109.244,96.221,141.679,106.2,102.028,138.733,144.503,132.741,132.999
1114.4,109.244,96.158,141.616,106.2,102.028,138.7,144.473,132.704,132.925
1114.5,109.244,96.221,141.648,106.2,102.086,138.7,144.413,132.704,132.962
1114.6,109.244,96.221,141.711,106.144,102.145,138.7,144.473,132.667,132.999
1114.7,109.244,96.221,141.553,106.2,102.086,138.733,144.503,132.63,132.962
1114.8,109.244,96.285,141.679,106.2,102.145,138.767,144.503,132.704,132.962
1114.9,109.191,96.221,141.648,106.2,102.145,138.733,144.473,132.704,132.925
1115.0,109.244,96.221,141.679,106.144,102.086,138.767,144.473,132.667,132.925
1115.1,109.138,96.221,141.711,106.2,102.086,138.7,144.503,132.667,132.925
1115.2,109.244,96.221,141.648,106.144,102.145,138.733,144.503,132.667,132.851
1115.3,109.244,96.348,141.679,106.144,102.086,138.7,144.503,132.667,132.962
1115.4,109.244,96.221,141.648,106.144,102.262,138.733,144.503,132.667,132.962
1115.5,109.138,96.221,141.679,106.144,102.086,138.7,144.503,132.667,132.962
1115.6,109.191,96.221,141.648,106.2,102.204,138.767,144.473,132.667,132.925
1115.7,109.244,96.221,141.616,106.311,102.086,138.767,144.503,132.741,132.962
1115.8,109.298,96.221,141.711,106.255,102.086,138.733,144.473,132.704,132.962
1115.9,109.298,96.221,141.711,106.2,102.262,138.733,144.503,132.704,132.999
1116.0,109.244,96.285,141.679,106.144,102.086,138.767,144.473,132.741,132.962
1116.1,109.298,96.158,141.742,106.2,102.204,138.767,144.473,132.704,132.962
1116.2,109.244,96.285,141.679,106.2,102.145,138.733,144.473,132.63,132.962
1116.3,109.298,96.221,141.648,106.144,102.145,138.733,144.563,132.704,132.999
1116.4,109.244,96.285,141.805,106.2,102.204,138.8,144.503,132.741,132.962
1116.5,109.351,96.285,141.711,106.144,102.204,138.8,144.503,132.704,132.999
1116.6,109.244,96.411,141.679,106.144,102.145,138.767,144.533,132.741,132.962
1116.7,109.244,96.285,141.679,106.144,102.145,138.733,144.473,132.778,132.925
1116.8,109.244,96.221,141.648,106.2,102.145,138.733,144.473,132.741,132.925
1116.9,109.244,96.285,141.648,106.2,102.262,138.733,144.503,132.704,132.925
1117.0,109.244,96.348,141.648,106.2,102.321,138.833,144.473,132.704,133.035
1117.1,109.244,96.348,141.679,106.2,102.145,138.733,144.413,132.741,132.925
1117.2,109.244,96.348,141.648,106.144,102.262,138.767,144.473,132.704,132.999
1117.3,109.244,96.348,141.648,106.2,102.262,138.633,144.503,132.741,132.999
1117.4,109.244,96.285,141.679,106.2,102.262,138.8,144.473,132.704,133.072
1117.5,109.244,96.285,141.648,106.2,102.204,138.767,144.503,132.741,132.925
1117.6,109.244,96.348,141.648,106.255,102.204,138.733,144.473,132.741,132.999
1117.7,109.244,96.348,141.648,106.2,102.204,138.733,144.473,132.704,132.999
1117.8,109.244,96.285,141.679,106.255,102.321,138.833,144.503,132.704,132.999
1117.9,109.244,96.348,141.616,106.144,102.204,138.733,144.473,132.704,132.962
1118.0,109.244,96.348,141.679,106.2,102.204,138.633,144.473,132.704,132.962
1118.1,109.298,96.348,141.648,106.255,102.321,138.767,144.503,132.704,132.999
1118.2,109.191,96.538,141.616,106.2,102.262,138.767,144.503,132.741,132.925
1118.3,109.191,96.348,141.648,106.2,102.262,138.767,144.473,132.704,132.999
1118.4,109.244,96.348,141.679,106.144,102.262,138.767,144.503,132.704,133.035
1118.5,109.191,96.411,141.679,106.144,102.321,138.733,144.473,132.741,132.999
1118.6,109.244,96.411,141.648,106.2,102.38,138.733,144.503,132.704,132.962
1118.7,109.244,96.411,141.711,106.144,102.321,138.667,144.503,132.704,132.962
1118.8,109.244,96.348,141.679,106.2,102.38,138.8,144.503,132.667,132.999
1118.9,109.404,96.411,141.679,106.144,102.38,138.767,144.503,132.704,132.962
1119.0,109.298,96.411,141.648,106.2,102.38,138.733,144.354,132.667,133.035
1119.1,109.298,96.475,141.648,106.2,102.321,138.767,144.563,132.704,132.962
1119.2,109.298,96.411,141.679,106.144,102.38,138.767,144.473,132.704,132.999
1119.3,109.244,96.475,141.679,106.2,102.321,138.733,144.473,132.741,132.962
1119.4,109.191,96.411,141.742,106.089,102.321,138.767,144.503,132.704,132.999
1119.5,109.298,96.475,141.711,106.255,102.38,138.767,144.503,132.704,132.962
1119.6,109.244,96.475,141.679,106.2,102.38,138.733,144.503,132.741,132.962
1119.7,109.351,96.411,141.616,106.2,102.438,138.733,144.473,132.741,132.999
1119.8,109.298,96.475,141.679,106.2,102.38,138.767,144.503,132.704,132.962
1119.9,109.298,96.475,141.648,106.255,102.38,138.8,144.503,132.741,133.035
1120.0,109.244,96.411,141.679,106.144,102.321,138.733,144.503,132.741,132.999
1120.1,109.244,96.475,141.648,106.033,102.438,138.767,144.503,132.778,132.999
1120.2,109.298,96.475,141.648,106.144,102.497,138.833,144.473,132.704,132.999
1120.3,109.244,96.475,141.679,106.144,102.438,138.8,144.473,132.704,132.999
1120.4,109.298,96.475,141.648,106.255,102.438,138.833,144.503,132.741,132.925
1120.5,109.298,96.475,141.679,106.2,102.38,138.767,144.503,132.741,132.962
1120.6,109.244,96.538,141.648,106.2,102.438,138.767,144.533,132.778,132.999
1120.7,109.298,96.475,141.648,106.2,102.438,138.833,144.623,132.741,132.999
1120.8,109.191,96.475,141.679,106.255,102.38,138.733,144.533,132.704,132.999
1120.9,109.351,96.475,141.679,106.366,102.38,138.767,144.503,132.741,133.035
1121.0,109.351,96.538,141.648,106.2,102.497,138.733,144.503,132.741,133.035
1121.1,109.244,96.411,141.711,106.144,102.497,138.767,144.533,132.704,132.962
1121.2,109.244,96.538,141.648,106.2,102.555,138.767,144.503,132.741,132.999
1121.3,109.244,96.538,141.711,106.144,102.555,138.8,144.533,132.704,133.035
1121.4,109.244,96.538,141.711,106.255,102.438,138.833,144.503,132.741,133.035
1121.5,109.244,96.601,141.648,106.2,102.438,138.833,144.503,132.741,133.035
1121.6,109.244,96.601,141.711,106.2,102.555,138.767,144.473,132.704,132.999
1121.7,109.298,96.601,141.711,106.2,102.497,138.733,144.503,132.741,133.035
1121.8,109.298,96.601,141.711,106.255,102.497,138.767,144.533,132.741,132.999
1121.9,109.298,96.538,141.711,106.2,102.555,138.767,144.503,132.704,132.999
1122.0,109.244,96.601,141.679,106.311,102.555,138.733,144.503,132.741,132.999
1122.1,109.244,96.601,141.711,106.2,102.438,138.833,144.473,132.741,132.962
1122.2,109.298,96.601,141.711,106.2,102.555,138.767,144.563,132.741,133.072
1122.3,109.244,96.601,141.679,106.255,102.613,138.8,144.443,132.741,132.999
1122.4,109.298,96.601,141.616,106.2,102.438,138.767,144.503,132.741,133.035
1122.5,109.298,96.664,141.648,106.255,102.555,138.8,144.533,132.741,132.999
1122.6,109.351,96.664,141.648,106.144,102.497,138.8,144.503,132.741,133.035
1122.7,109.244,96.601,141.679,106.2,102.555,138.767,144.473,132.741,133.035
1122.8,109.244,96.664,141.679,106.255,102.555,138.767,144.503,132.741,133.035
1122.9,109.298,96.664,141.648,106.2,102.613,138.733,144.503,132.741,132.999
1123.0,109.298,96.664,141.679,106.2,102.555,138.8,144.473,132.741,133.035
1123.1,109.298,96.601,141.679,106.2,102.555,138.767,144.593,132.741,132.962
1123.2,109.298,96.601,141.679,106.2,102.613,138.767,144.473,132.778,132.999
1123.3,109.298,96.601,141.679,106.255,102.555,138.8,144.533,132.741,132.999
1123.4,109.298,96.664,141.679,106.2,102.613,138.767,144.473,132.741,132.999
1123.5,109.351,96.664,141.648,106.2,102.555,138.733,144.533,132.704,133.035
1123.6,109.298,96.664,141.679,106.2,102.613,138.767,144.533,132.741,133.035
1123.7,109.351,96.601,141.711,106.2,102.672,138.767,144.533,132.741,133.035
1123.8,109.298,96.728,141.679,106.2,102.672,138.767,144.533,132.741,132.999
1123.9,109.298,96.601,141.711,106.2,102.555,138.833,144.533,132.778,132.962
1124.0,109.404,96.664,141.679,106.2,102.613,138.8,144.503,132.778,132.999
1124.1,109.191,96.601,141.711,106.2,102.555,138.8,144.503,132.741,133.035
1124.2,109.298,96.664,141.648,106.255,102.613,138.833,144.533,132.741,133.035
1124.3,109.244,96.664,141.679,106.255,102.672,138.767,144.503,132.778,132.999
1124.4,109.298,96.664,141.679,106.255,102.672,138.8,144.503,132.704,133.035
1124.5,109.351,96.664,141.679,106.255,102.73,138.8,144.503,132.778,133.035
1124.6,109.244,96.664,141.679,106.2,102.73,138.733,144.503,132.704,133.035
1124.7,109.298,96.728,141.711,106.255,102.497,138.767,144.473,132.778,133.035
1124.8,109.404,96.601,141.679,106.255,102.788,138.767,144.503,132.851,132.962
1124.9,109.244,96.728,141.679,106.255,102.73,138.767,144.503,132.741,133.035
1125.0,109.298,96.728,141.679,106.255,102.672,138.767,144.473,132.814,132.999
1125.1,109.298,96.728,141.711,106.2,102.672,138.833,144.503,132.778,132.999
1125.2,109.244,96.791,141.711,106.2,102.672,138.8,144.503,132.741,132.962
1125.3,109.298,96.728,141.679,106.255,102.672,138.8,144.533,132.741,133.072
1125.4,109.244,96.728,141.742,106.2,102.73,138.767,144.473,132.741,133.035
1125.5,109.244,96.728,141.679,106.311,102.672,138.767,144.503,132.741,133.035
1125.6,109.351,96.791,141.679,106.2,102.73,138.8,144.503,132.814,133.035
1125.7,109.351,96.791,141.711,106.2,102.672,138.8,144.503,132.741,133.035
1125.8,109.404,96.728,141.679,106.255,102.73,138.8,144.533,132.741,133.035
1125.9,109.244,96.791,141.711,106.2,102.672,138.767,144.473,132.778,133.072
1126.0,109.298,96.664,141.711,106.2,102.73,138.8,144.503,132.778,133.035
1126.1,109.351,96.728,141.711,106.255,102.846,138.767,144.503,132.704,133.072
1126.2,109.244,96.791,141.679,106.255,102.672,138.8,144.503,132.741,133.035
1126.3,109.351,96.791,141.679,106.255,102.788,138.8,144.503,132.814,133.035
1126.4,109.244,96.728,141.742,106.2,102.788,138.8,144.473,132.778,133.035
1126.5,109.298,96.791,141.742,106.2,102.672,138.767,144.533,132.778,133.035
1126.6,109.244,96.791,141.711,106.2,102.73,138.833,144.473,132.778,133.035
1126.7,109.298,96.791,141.742,106.311,102.672,138.767,144.533,132.778,133.035
1126.8,109.298,96.791,141.679,106.255,102.788,138.8,144.503,132.741,133.035
1126.9,109.351,96.791,141.616,106.255,102.788,138.8,144.503,132.778,133.035
1127.0,109.404,96.728,141.648,106.2,102.846,138.767,144.533,132.778,133.072
1127.1,109.298,96.791,141.711,106.2,102.788,138.8,144.473,132.814,133.035
1127.2,109.351,96.854,141.711,106.2,102.846,138.8,144.593,132.741,133.072
1127.3,109.298,96.791,141.742,106.2,102.904,138.899,144.563,132.778,133.255
1127.4,109.351,96.917,141.711,106.311,102.904,138.833,144.383,132.814,133.035
1127.5,109.351,96.791,141.711,106.2,102.788,138.8,144.503,132.741,133.109
1127.6,109.404,96.917,141.711,106.2,102.846,138.8,144.533,132.778,133.035
1127.7,109.298,96.854,141.679,106.2,102.846,138.833,144.533,132.851,133.072
1127.8,109.351,96.854,141.711,106.2,102.788,138.833,144.533,132.593,132.999
1127.9,109.244,96.728,141.679,106.255,102.846,138.833,144.563,132.741,133.035
1128.0,109.351,96.854,141.742,106.255,102.788,138.833,144.533,132.741,133.035
1128.1,109.298,96.98,141.742,106.2,102.904,138.8,144.503,132.851,133.035
1128.2,109.351,96.98,141.679,106.255,102.846,138.833,144.533,132.851,133.035
1128.3,109.298,96.917,141.648,106.2,102.846,138.866,144.503,132.778,133.072
1128.4,109.298,96.917,141.679,106.2,102.846,138.8,144.533,132.814,133.035
1128.5,109.244,96.854,141.742,106.2,102.846,138.866,144.503,132.778,133.182
1128.6,109.351,96.791,141.679,106.255,102.904,138.833,144.533,132.814,133.035
1128.7,109.351,96.854,141.742,106.255,103.021,138.8,144.503,132.778,133.109
1128.8,109.298,96.917,141.711,106.2,102.904,138.8,144.563,132.741,133.035
1128.9,109.298,96.98,141.679,106.2,102.846,138.8,144.503,132.778,133.072
1129.0,109.191,96.917,141.742,106.255,102.904,138.833,144.443,132.778,133.035
1129.1,109.298,96.854,141.679,106.255,102.904,138.833,144.503,132.778,133.035
1129.2,109.351,96.98,141.774,106.2,102.846,138.767,144.533,132.851,133.072
1129.3,109.298,96.917,141.553,106.255,102.904,138.866,144.533,132.814,133.072
1129.4,109.298,96.917,141.805,106.255,102.788,138.8,144.533,132.814,133.035
1129.5,109.298,96.854,141.679,106.255,102.904,138.8,144.533,132.814,133.035
1129.6,109.298,97.042,141.679,106.2,103.021,138.8,144.503,132.741,133.072
1129.7,109.351,97.042,141.711,106.2,102.963,138.833,144.533,132.814,133.072
1129.8,109.457,96.917,141.742,106.2,102.904,138.833,144.503,132.778,133.035
1129.9,109.298,96.917,141.679,106.255,103.079,138.8,144.503,132.814,133.146
1130.0,109.351,96.917,141.679,106.2,102.963,138.833,144.563,132.778,133.072
1130.1,109.298,96.98,141.742,106.255,102.904,138.899,144.533,132.778,133.072
1130.2,109.298,96.854,141.742,106.255,102.963,138.866,144.563,132.778,133.035
1130.3,109.298,96.98,141.742,106.144,103.079,138.8,144.503,132.778,133.109
1130.4,109.298,96.98,141.742,106.255,102.963,138.833,144.563,132.814,133.109
1130.5,109.298,96.98,141.742,106.2,102.904,138.833,144.503,132.778,133.109
1130.6,109.351,96.98,141.648,106.2,102.963,138.833,144.533,132.778,133.072
1130.7,109.298,96.98,141.679,106.311,103.021,138.833,144.533,132.851,133.072
1130.8,109.298,96.854,141.711,106.2,102.963,138.833,144.533,132.814,133.146
1130.9,109.404,96.98,141.711,106.2,102.963,138.8,144.503,132.741,133.072
1131.0,109.244,96.98,141.711,106.2,103.021,138.8,144.503,132.778,133.035
1131.1,109.351,96.98,141.711,106.311,103.021,138.767,144.503,132.778,133.035
1131.2,109.298,96.98,141.742,106.255,103.021,138.833,144.503,132.814,133.146
1131.3,109.298,96.98,141.648,106.2,103.021,138.866,144.533,132.778,133.109
1131.4,109.298,96.98,141.711,106.255,102.963,138.866,144.533,132.814,133.072
1131.5,109.298,97.042,141.679,106.255,103.021,138.8,144.533,132.925,133.072
1131.6,109.404,97.042,141.679,106.2,103.021,138.833,144.473,132.778,133.072
1131.7,109.351,96.98,141.742,106.255,103.021,138.866,144.563,132.814,133.072
1131.8,109.351,96.98,141.679,106.255,103.021,138.833,144.533,132.778,133.182
1131.9,109.351,96.98,141.742,106.311,103.137,138.833,144.503,132.851,133.035
1132.0,109.404,97.042,141.711,106.255,103.021,138.833,144.533,132.778,133.109
1132.1,109.404,97.042,141.742,106.255,103.079,138.8,144.563,132.814,133.072
1132.2,109.351,96.98,141.742,106.2,103.079,138.866,144.533,132.814,133.072
1132.3,109.298,96.98,141.742,106.255,103.079,138.833,144.503,132.814,133.109
1132.4,109.351,97.042,141.711,106.311,103.079,138.833,144.533,132.814,133.072
1132.5,109.191,96.98,141.711,106.255,103.195,138.8,144.593,132.814,133.035
1132.6,109.298,96.98,141.711,106.255,103.079,138.833,144.533,132.851,133.109
1132.7,109.351,97.042,141.837,106.144,103.079,138.8,144.503,132.814,133.109
1132.8,109.351,97.042,141.711,106.311,103.079,138.833,144.533,132.741,133.109
1132.9,109.351,97.042,141.711,106.2,103.021,138.8,144.503,132.814,133.109
1133.0,109.351,97.042,141.742,106.255,103.137,138.8,144.503,132.814,133.109
1133.1,109.351,97.042,141.742,106.255,103.137,138.833,144.593,132.814,133.146
1133.2,109.244,97.042,141.711,106.255,103.137,138.833,144.563,132.814,133.072
1133.3,109.404,97.105,141.679,106.311,103.137,138.899,144.533,132.814,133.109
1133.4,109.457,97.042,141.742,106.311,103.079,138.833,144.503,132.814,133.109
1133.5,109.244,97.042,141.679,106.255,103.137,138.833,144.503,132.814,133.109
1133.6,109.298,97.042,141.711,106.311,103.137,138.833,144.503,132.741,133.109
1133.7,109.404,97.105,141.711,106.255,103.195,138.866,144.533,132.851,133.109
1133.8,109.298,97.105,141.742,106.255,103.137,138.833,144.533,132.814,133.109
1133.9,109.244,97.042,141.648,106.311,103.137,138.833,144.533,132.851,133.109
1134.0,109.351,97.042,141.679,106.2,103.195,138.833,144.503,132.814,133.109
1134.1,109.404,97.042,141.774,106.255,103.079,138.833,144.533,132.851,133.109
1134.2,109.298,97.105,141.805,106.255,103.137,138.833,144.503,132.814,133.072
1134.3,109.351,97.042,141.679,106.255,103.195,138.899,144.533,132.814,133.146
1134.4,109.244,97.105,141.711,106.255,103.195,138.866,144.503,132.814,133.109
1134.5,109.298,97.105,141.742,106.255,103.137,138.866,144.533,132.778,133.109
1134.6,109.298,97.042,141.711,106.255,103.137,138.833,144.533,132.814,133.072
1134.7,109.351,96.98,141.774,106.255,103.252,138.866,144.563,132.851,133.072
1134.8,109.351,97.105,141.805,106.255,103.137,138.866,144.563,132.814,133.109
1134.9,109.351,97.105,141.711,106.2,103.137,138.866,144.593,132.851,133.146
1135.0,109.298,96.98,141.742,106.2,103.137,138.833,144.503,132.851,133.072
1135.1,109.298,97.105,141.711,106.311,103.252,138.866,144.533,132.814,133.072
1135.2,109.404,97.105,141.742,106.366,103.137,138.833,144.533,132.814,133.109
1135.3,109.298,97.042,141.742,106.255,103.137,138.866,144.503,132.851,133.109
1135.4,109.351,97.042,141.742,106.255,103.137,138.833,144.533,132.888,133.109
1135.5,109.351,97.168,141.774,106.311,103.252,138.932,144.503,132.851,133.146
1135.6,109.298,97.042,141.711,106.255,103.252,138.833,144.563,132.814,133.109
1135.7,109.351,97.042,141.742,106.255,103.252,138.866,144.443,132.778,133.109
1135.8,109.404,97.168,141.711,106.255,103.252,138.733,144.533,132.851,133.109
1135.9,109.351,97.105,141.711,106.255,103.195,138.899,144.503,132.851,133.182
1136.0,109.298,97.105,141.711,106.255,103.195,138.833,144.533,132.851,133.146
1136.1,109.298,97.042,141.711,106.311,103.195,138.899,144.563,132.741,133.109
1136.2,109.351,97.105,141.711,106.255,103.195,138.866,144.563,132.851,133.146
1136.3,109.298,97.042,141.711,106.255,103.137,138.932,144.533,132.814,133.146
1136.4,109.457,97.105,141.711,106.255,103.137,138.866,144.563,132.851,133.109
1136.5,109.351,97.105,141.711,106.255,103.252,138.8,144.652,132.814,132.999
1136.6,109.298,97.042,141.742,106.311,103.137,138.833,144.533,132.851,133.146
1136.7,109.351,97.105,141.774,106.311,103.137,138.833,144.533,132.888,133.109
1136.8,109.351,97.105,141.742,106.366,103.252,138.866,144.503,132.851,133.146
1136.9,109.351,97.042,141.711,106.311,103.195,138.899,144.533,132.888,133.109
1137.0,109.298,97.105,141.711,106.366,103.137,138.866,144.533,132.851,133.072
1137.1,109.351,97.105,141.742,106.366,103.195,138.866,144.533,132.814,133.109
1137.2,109.298,97.105,141.742,106.311,103.195,138.866,144.563,132.851,133.146
1137.3,109.351,97.105,141.711,106.255,103.195,138.866,144.563,132.814,133.072
1137.4,109.351,97.105,141.742,106.255,103.195,138.966,144.503,132.814,133.109
1137.5,109.351,97.231,141.711,106.311,103.137,138.866,144.533,132.814,133.109
1137.6,109.457,97.042,141.711,106.311,103.252,138.899,144.503,132.814,133.072
1137.7,109.244,97.105,141.679,106.255,103.137,138.899,144.533,132.851,133.109
1137.8,109.404,97.105,141.742,106.2,103.195,138.866,144.563,132.888,133.146
1137.9,109.298,97.042,141.742,106.255,103.137,138.866,144.623,132.851,133.109
1138.0,109.404,97.105,141.648,106.255,103.195,138.899,144.563,132.851,133.109
1138.1,109.351,97.042,141.679,106.366,103.137,138.899,144.563,132.814,133.109
1138.2,109.351,97.105,141.742,106.311,103.195,138.966,144.563,132.851,133.109
1138.3,109.085,97.042,141.742,106.311,103.195,138.866,144.533,132.851,133.146
1138.4,109.298,97.042,141.711,106.311,103.137,138.866,144.563,132.814,133.146
1138.5,109.351,96.98,141.742,106.311,103.137,138.866,144.533,132.851,133.109
1138.6,109.298,97.168,141.742,106.311,103.252,138.866,144.503,132.851,133.109
1138.7,109.298,97.042,141.868,106.2,103.137,138.966,144.563,132.851,133.109
1138.8,109.457,97.105,141.742,106.366,103.252,138.899,144.563,132.814,133.109
1138.9,109.351,97.168,141.742,106.366,103.137,138.866,144.563,132.851,133.072
1139.0,109.298,97.042,141.774,106.422,103.137,138.866,144.533,132.851,133.219
1139.1,109.404,97.042,141.742,106.311,103.079,138.866,144.563,132.814,133.072
1139.2,109.298,97.168,141.742,106.366,103.079,138.866,144.533,132.925,133.109
1139.3,109.298,97.042,141.774,106.311,103.137,139.032,144.533,132.851,133.146
1139.4,109.298,97.042,141.742,106.477,103.252,138.866,144.473,132.888,133.109
1139.5,109.298,96.98,141.742,106.366,103.079,138.866,144.563,132.814,133.072
1139.6,109.298,96.98,141.742,106.366,103.079,138.866,144.533,132.925,133.146
1139.7,109.351,97.042,141.711,106.366,103.137,138.866,144.533,132.888,133.072
1139.8,109.298,96.98,141.711,106.311,103.137,138.899,144.533,132.925,133.182
1139.9,109.404,96.98,141.774,106.311,103.079,138.966,144.533,132.851,133.146
1140.0,109.351,97.105,141.742,106.311,103.079,138.899,144.563,132.851,133.146
1140.1,109.404,97.042,141.805,106.366,103.137,138.899,144.503,132.851,133.182
1140.2,109.298,97.042,141.742,106.366,103.137,138.899,144.533,132.851,133.109
1140.3,109.457,96.98,141.774,106.366,103.079,138.966,144.533,132.925,133.146
1140.4,109.298,96.917,141.774,106.311,103.137,138.899,144.563,132.851,133.182
1140.5,109.351,96.98,141.742,106.366,103.079,138.899,144.533,132.888,133.219
1140.6,109.457,96.98,141.774,106.422,103.137,138.966,144.593,132.888,133.146
1140.7,109.351,97.042,141.742,106.311,103.079,138.899,144.563,132.851,133.109
1140.8,109.298,96.917,141.742,106.366,103.137,138.866,144.593,132.814,133.109
1140.9,109.298,97.042,141.742,106.311,103.137,138.966,144.503,132.888,133.182
1141.0,109.298,97.042,141.868,106.311,103.137,138.899,144.593,132.851,133.109
1141.1,109.298,97.231,141.805,106.366,103.252,138.966,144.503,132.888,133.182
1141.2,109.351,96.98,141.774,106.366,103.137,138.999,144.563,132.851,133.146
1141.3,109.351,96.98,141.742,106.422,103.079,138.899,144.533,132.851,133.146
1141.4,109.351,96.98,141.774,106.311,103.079,138.899,144.623,132.925,133.146
1141.5,109.298,96.98,141.774,106.366,103.021,138.899,144.533,132.888,133.109
1141.6,109.298,96.98,141.742,106.366,103.137,138.899,144.533,132.851,133.146
1141.7,109.298,96.98,141.837,106.311,103.079,138.899,144.593,132.814,133.109
1141.8,109.298,96.854,141.711,106.311,103.021,138.899,144.593,132.851,133.109
1141.9,109.351,96.98,141.774,106.311,103.079,138.899,144.503,132.814,133.109
1142.0,109.298,96.917,141.742,106.366,103.137,138.899,144.533,132.814,133.109
1142.1,109.351,96.98,141.742,106.422,103.079,138.899,144.503,132.851,133.146
1142.2,109.298,96.98,141.742,106.366,103.021,138.899,144.533,132.814,133.182
1142.3,109.298,96.98,141.774,106.311,103.079,138.932,144.533,132.851,133.072
1142.4,109.351,96.917,141.742,106.422,103.021,138.899,144.533,132.814,133.072
1142.5,109.244,96.917,141.774,106.366,103.079,138.899,144.533,132.851,133.146
1142.6,109.298,96.854,141.742,106.311,103.021,138.899,144.533,132.851,133.146
1142.7,109.244,96.854,141.648,106.366,103.021,138.899,144.533,132.888,133.146
1142.8,109.404,96.917,141.742,106.366,103.137,138.899,144.563,132.851,133.109
1142.9,109.351,96.854,141.774,106.366,103.079,138.899,144.533,132.851,133.146
1143.0,109.351,96.917,141.774,106.366,103.021,138.899,144.533,132.814,133.182
1143.1,109.298,96.854,141.742,106.311,103.021,138.899,144.533,132.814,133.146
1143.2,109.351,96.917,141.774,106.311,102.846,138.866,144.533,132.851,133.146
1143.3,109.244,96.854,141.774,106.311,103.021,138.899,144.533,132.667,133.146
1143.4,109.351,96.791,141.774,106.366,102.963,138.866,144.533,132.851,133.146
1143.5,109.298,96.917,141.774,106.311,103.021,138.899,144.563,132.888,132.962
1143.6,109.404,96.854,141.837,106.311,102.963,138.899,144.533,132.851,133.035
1143.7,109.244,96.854,141.711,106.366,103.021,138.899,144.533,132.851,133.109
1143.8,109.298,96.791,141.774,106.366,102.963,138.966,144.563,132.851,133.109
1143.9,109.244,96.854,141.774,106.422,102.963,138.932,144.593,132.888,133.146
1144.0,109.351,96.854,141.742,106.366,102.963,138.899,144.712,132.851,133.109
1144.1,109.298,96.854,141.742,106.366,102.904,138.899,144.533,132.814,133.109
1144.2,109.298,96.791,141.742,106.422,102.904,138.966,144.563,132.814,133.109
1144.3,109.244,96.854,141.774,106.477,103.021,138.899,144.533,132.778,133.146
1144.4,109.298,96.728,141.742,106.422,103.137,138.899,144.593,132.851,133.109
1144.5,109.191,96.791,141.774,106.311,102.963,138.932,144.503,132.814,133.109
1144.6,109.191,96.728,141.742,106.311,102.904,138.866,144.563,132.851,133.146
1144.7,109.244,96.854,141.742,106.311,102.963,138.899,144.593,132.851,133.109
1144.8,109.298,96.791,141.742,106.311,103.079,138.899,144.503,132.888,133.072
1144.9,109.298,96.791,141.774,106.366,102.963,138.899,144.563,132.851,133.109
1145.0,109.244,96.791,141.742,106.366,102.904,138.866,144.533,132.851,133.109
1145.1,109.244,96.728,141.774,106.311,102.904,138.899,144.563,132.814,133.109
1145.2,109.244,96.791,141.805,106.311,102.963,138.932,144.533,132.851,133.109
1145.3,109.244,96.791,141.899,106.422,102.904,138.899,144.563,132.814,133.109
1145.4,109.244,96.728,141.742,106.255,102.904,138.932,144.593,132.888,133.035
1145.5,109.298,96.791,141.711,106.311,102.904,138.899,144.593,132.851,133.109
1145.6,109.244,96.601,141.742,106.366,102.904,138.899,144.563,132.851,133.146
1145.7,109.191,96.728,141.774,106.311,102.904,138.899,144.563,132.851,133.072
1145.8,109.191,96.791,141.711,106.311,102.904,138.932,144.593,132.814,133.146
1145.9,109.191,96.728,141.742,106.311,102.904,138.932,144.563,132.814,133.109
1146.0,109.244,96.728,141.616,106.366,102.73,138.932,144.533,132.888,133.109
1146.1,109.191,96.664,141.742,106.311,102.846,138.932,144.563,132.814,133.072
1146.2,109.244,96.664,141.711,106.255,102.846,138.966,144.563,132.814,133.146
1146.3,109.191,96.664,141.774,106.366,102.846,138.899,144.533,132.814,133.146
1146.4,109.244,96.664,141.805,106.311,102.963,138.932,144.533,132.851,133.146
1146.5,109.191,96.664,141.742,106.366,102.846,138.899,144.533,132.814,133.109
1146.6,109.191,96.601,141.774,106.422,102.846,138.866,144.563,132.851,133.109
1146.7,109.191,96.601,141.711,106.366,102.846,138.899,144.563,132.888,133.109
1146.8,109.191,96.664,141.805,106.311,102.846,138.899,144.533,132.814,133.109
1146.9,109.138,96.664,141.805,106.311,102.846,138.932,144.563,132.814,133.146
1147.0,109.191,96.728,141.805,106.311,102.846,138.999,144.563,132.814,133.072
1147.1,109.138,96.601,141.742,106.366,102.846,138.866,144.563,132.888,133.109
1147.2,109.138,96.601,141.774,106.311,102.788,138.899,144.533,132.814,133.072
1147.3,109.138,96.664,141.805,106.311,102.846,138.932,144.503,132.851,133.109
1147.4,109.138,96.538,141.774,106.366,102.788,138.899,144.593,132.814,133.072
1147.5,109.191,96.601,141.774,106.311,102.846,138.932,144.563,132.814,133.072
1147.6,109.298,96.475,141.774,106.311,102.788,138.899,144.563,132.814,133.109
1147.7,109.085,96.601,141.805,106.311,102.73,138.866,144.533,132.814,133.109
1147.8,109.138,96.601,141.742,106.255,102.788,138.999,144.533,132.778,133.146
1147.9,109.085,96.601,141.805,106.311,102.73,138.899,144.563,132.778,133.109
1148.0,109.138,96.601,141.774,106.255,102.73,138.966,144.533,132.778,133.146
1148.1,109.031,96.475,141.711,106.311,102.672,138.932,144.503,132.778,133.109
1148.2,109.138,96.475,141.742,106.422,102.672,138.899,144.563,132.778,133.109
1148.3,109.085,96.601,141.742,106.366,102.672,138.899,144.533,132.814,133.072
1148.4,109.138,96.538,141.742,106.255,102.672,138.966,144.563,132.888,132.999
1148.5,109.138,96.475,141.742,106.255,102.788,138.932,144.563,132.888,133.072
1148.6,109.085,96.475,141.774,106.255,102.672,138.932,144.563,132.814,133.035
1148.7,109.031,96.475,141.742,106.311,102.672,138.899,144.593,132.778,133.072
1148.8,109.085,96.411,141.837,106.311,102.672,138.866,144.563,132.851,133.109
1148.9,109.138,96.475,141.774,106.366,102.672,138.866,144.533,132.814,133.072
1149.0,108.978,96.475,141.742,106.2,102.555,138.899,144.563,132.778,133.035
1149.1,108.924,96.348,141.774,106.255,102.672,138.899,144.533,132.778,133.109
1149.2,109.085,96.411,141.742,106.255,102.497,138.932,144.473,132.851,133.072
1149.3,109.085,96.411,141.774,106.366,102.613,138.899,144.503,132.814,133.035
1149.4,109.085,96.411,141.805,106.255,102.555,138.899,144.533,132.778,133.072
1149.5,109.031,96.348,141.837,106.255,102.613,139.032,144.533,132.814,133.109
1149.6,109.085,96.411,141.742,106.2,102.613,138.899,144.563,132.741,133.072
1149.7,109.085,96.348,141.742,106.255,102.613,138.899,144.623,132.778,133.035
1149.8,109.031,96.411,141.742,106.2,102.555,138.866,144.563,132.814,133.072
1149.9,109.085,96.348,141.774,106.255,102.613,138.899,144.533,132.814,133.035
1150.0,109.031,96.411,141.774,106.255,102.555,138.899,144.563,132.778,133.109
1150.1,109.085,96.348,141.742,106.2,102.613,138.899,144.533,132.814,133.072
1150.2,109.085,96.348,141.742,106.255,102.672,138.932,144.563,132.778,133.072
1150.3,109.031,96.411,141.774,106.255,102.555,138.932,144.533,132.778,133.035
1150.4,109.031,96.411,141.805,106.089,102.555,138.899,144.593,132.814,133.035
1150.5,108.978,96.285,141.742,106.311,102.555,138.899,144.593,132.778,133.072
1150.6,108.978,96.285,141.742,106.311,102.613,138.932,144.563,132.814,133.072
1150.7,108.978,96.411,141.774,106.255,102.497,138.932,144.563,132.778,133.109
1150.8,108.924,96.348,141.742,106.2,102.555,138.899,144.533,132.814,133.035
1150.9,108.924,96.285,141.742,106.144,102.555,138.932,144.563,132.778,133.182
1151.0,108.978,96.285,141.742,106.144,102.497,138.899,144.563,132.814,133.072
1151.1,109.031,96.285,141.742,106.255,102.438,138.932,144.533,132.778,133.072
1151.2,108.978,96.348,141.774,106.255,102.497,138.932,144.563,132.814,132.999
1151.3,108.924,96.221,141.742,106.255,102.613,138.899,144.563,132.814,133.072
1151.4,108.978,96.221,141.805,106.2,102.497,138.899,144.563,132.814,133.035
1151.5,109.031,96.221,141.742,106.2,102.438,138.899,144.563,132.814,132.999
1151.6,108.924,96.285,141.742,106.255,102.38,138.966,144.563,132.778,133.072
1151.7,109.031,96.221,141.742,106.144,102.438,138.899,144.533,132.778,133.035
1151.8,108.924,96.158,141.711,106.2,102.497,138.966,144.533,132.778,132.999
1151.9,108.978,96.285,141.742,106.255,102.438,138.932,144.563,132.741,133.109
1152.0,108.924,96.348,141.742,106.2,102.438,138.899,144.563,132.814,133.035
1152.1,108.978,96.221,141.868,106.033,102.321,138.866,144.533,132.778,133.035
1152.2,108.978,96.221,141.742,106.2,102.438,138.899,144.563,132.778,133.035
1152.3,108.924,96.285,141.742,106.255,102.38,138.932,144.533,132.778,133.072
1152.4,108.924,96.158,141.774,106.255,102.438,138.966,144.533,132.778,133.035
1152.5,108.871,96.221,141.774,106.2,102.38,138.932,144.593,132.814,133.072
1152.6,108.924,96.221,141.742,106.2,102.38,138.899,144.563,132.741,133.035
1152.7,108.871,96.285,141.742,106.2,102.38,138.899,144.563,132.814,133.035
1152.8,108.924,96.158,141.742,106.144,102.38,138.932,144.533,132.778,133.035
1152.9,108.924,96.158,141.774,106.2,102.262,138.932,144.563,132.778,133.109
1153.0,108.924,96.158,141.742,106.2,102.321,138.932,144.563,132.778,133.109
1153.1,108.871,96.094,141.805,106.255,102.38,138.932,144.533,132.778,133.146
1153.2,108.817,96.158,141.742,106.2,102.321,138.966,144.563,132.741,133.072
1153.3,108.924,96.03,141.774,106.144,102.38,138.899,144.563,132.814,133.035
1153.4,108.924,96.094,141.774,106.144,102.38,138.899,144.563,132.741,133.035
1153.5,108.871,96.094,141.774,106.2,102.321,138.899,144.533,132.741,133.182
1153.6,108.817,96.03,141.742,106.144,102.262,138.899,144.563,132.778,132.999
1153.7,108.817,96.03,141.742,106.2,102.262,138.899,144.533,132.778,133.109
1153.8,109.085,96.094,141.742,106.144,102.321,138.899,144.533,132.741,132.999
1153.9,108.817,95.967,141.742,106.2,102.262,138.899,144.503,132.778,132.999
1154.0,108.817,96.094,141.742,106.2,102.321,139.032,144.593,132.741,132.999
1154.1,108.817,95.967,141.742,106.144,102.262,138.932,144.563,132.667,133.072
1154.2,108.817,96.03,141.742,106.2,102.262,138.899,144.503,132.741,133.072
1154.3,108.817,96.03,141.774,106.144,102.262,138.932,144.533,132.741,133.109
1154.4,108.817,96.03,141.742,106.144,102.262,138.866,144.563,132.741,133.072
1154.5,108.817,96.094,141.742,106.144,102.262,138.833,144.533,132.741,133.035
1154.6,108.817,96.03,141.742,106.2,102.262,138.932,144.533,132.778,133.035
1154.7,108.764,96.03,141.742,106.2,102.204,138.932,144.563,132.778,133.072
1154.8,108.817,95.903,141.805,106.2,102.262,138.932,144.503,132.741,132.999
1154.9,108.817,95.967,141.711,106.2,102.204,138.899,144.533,132.778,133.035
1155.0,108.764,95.967,141.616,106.089,102.262,138.966,144.533,132.704,133.035
1155.1,108.817,95.903,141.742,106.089,102.204,138.899,144.503,132.741,133.035
1155.2,108.764,95.903,141.774,106.144,102.204,138.899,144.563,132.741,132.999
1155.3,108.764,95.839,141.742,106.089,102.204,138.932,144.503,132.741,133.035
1155.4,108.817,95.903,141.742,106.089,102.204,138.899,144.533,132.778,133.146
1155.5,108.764,95.903,141.774,106.144,102.262,138.932,144.623,132.704,133.109
1155.6,108.817,95.903,141.742,106.144,102.204,138.899,144.563,132.704,133.035
1155.7,108.71,95.967,141.805,106.144,102.086,138.866,144.533,132.741,133.035
1155.8,108.657,95.839,141.805,106.144,102.145,138.932,144.563,132.704,132.999
1155.9,108.657,95.839,141.742,106.2,101.969,138.899,144.563,132.741,132.999
1156.0,108.871,95.903,141.742,106.144,102.086,138.866,144.473,132.741,132.999
1156.1,108.71,95.839,141.742,106.089,102.204,138.899,144.533,132.741,133.035
1156.2,108.764,95.775,141.742,106.144,102.086,138.932,144.533,132.704,132.999
1156.3,108.764,95.775,141.711,106.089,102.086,138.899,144.563,132.704,133.072
1156.4,108.71,95.839,141.742,106.033,102.086,138.899,144.563,132.741,132.999
1156.5,108.71,95.391,141.711,106.2,102.086,138.899,144.563,132.667,132.999
1156.6,108.71,95.711,141.805,106.089,102.086,138.899,144.533,132.741,133.035
1156.7,108.764,95.711,141.742,106.144,102.028,138.899,144.563,132.741,133.035
1156.8,108.657,95.711,141.742,106.089,102.028,138.932,144.563,132.778,132.999
1156.9,108.657,95.711,141.711,106.089,102.028,138.899,144.593,132.667,132.999
1157.0,108.657,95.839,141.774,106.089,102.086,138.899,144.533,132.741,132.962
1157.1,108.657,95.647,141.742,106.033,102.086,138.966,144.533,132.741,132.999
1157.2,108.71,95.711,141.742,106.089,101.91,138.899,144.533,132.741,132.999
1157.3,108.603,95.647,141.742,106.089,101.969,138.899,144.533,132.741,132.999
1157.4,108.71,95.839,141.711,106.089,101.969,138.866,144.563,132.667,132.999
1157.5,108.603,95.647,141.711,106.033,101.969,138.899,144.533,132.704,132.999
1157.6,108.657,95.647,141.742,106.089,101.969,138.932,144.563,132.778,132.962
1157.7,108.657,95.647,141.711,105.977,101.91,138.899,144.563,132.851,132.999
1157.8,108.603,95.647,141.742,106.033,101.792,138.899,144.563,132.741,133.035
1157.9,108.657,95.583,141.774,106.089,101.91,139.032,144.563,132.667,133.035
1158.0,108.603,95.711,141.742,106.033,101.851,138.899,144.473,132.667,132.962
1158.1,108.603,95.647,141.742,106.366,101.91,138.899,144.473,132.741,132.962
1158.2,108.603,95.583,141.742,106.033,101.851,138.899,144.473,132.704,132.962
1158.3,108.71,95.583,141.742,106.033,101.851,138.899,144.533,132.667,132.999
1158.4,108.603,95.583,141.711,106.033,101.851,138.932,144.533,132.778,132.962
1158.5,108.603,95.583,141.711,106.033,101.851,138.932,144.623,132.704,132.962
1158.6,108.603,95.583,141.711,105.977,101.851,138.899,144.563,132.741,132.999
1158.7,108.495,95.583,141.742,106.033,101.792,138.899,144.503,132.704,132.925
1158.8,108.549,95.519,141.711,105.977,101.91,138.899,144.563,132.741,132.962
1158.9,108.603,95.455,141.742,106.033,101.792,138.899,144.533,132.704,132.962
1159.0,108.924,95.583,141.679,106.089,101.733,138.899,144.503,132.704,132.925
1159.1,108.495,95.519,141.711,106.033,101.733,138.866,144.533,132.667,132.962
1159.2,108.549,95.455,141.742,105.977,101.792,138.899,144.563,132.741,132.925
1159.3,108.495,95.455,141.711,105.977,101.792,138.866,144.533,132.704,132.999
1159.4,108.495,95.455,141.805,105.977,101.733,138.866,144.563,132.667,132.962
1159.5,108.549,95.519,141.711,105.977,101.851,138.866,144.563,132.704,132.962
1159.6,108.495,95.455,141.742,106.033,101.733,138.899,144.503,132.593,133.035
1159.7,108.495,95.455,141.742,105.977,101.792,138.899,144.563,132.741,132.962
1159.8,108.549,95.455,141.711,105.866,101.674,138.866,144.593,132.667,132.999
1159.9,108.495,95.391,141.742,105.977,101.733,138.932,144.503,132.667,132.999
1160.0,108.442,95.391,141.742,106.033,101.674,138.866,144.563,132.667,132.962
1160.1,108.442,95.327,141.742,105.977,101.674,138.899,144.503,132.667,132.962
1160.2,108.442,95.327,141.742,105.977,101.615,138.899,144.563,132.667,132.962
1160.3,108.388,95.327,141.742,106.033,101.733,138.899,144.533,132.704,132.962
1160.4,108.495,95.391,141.742,105.922,101.674,138.899,144.563,132.667,132.962
1160.5,108.388,95.327,141.711,105.977,101.615,138.899,144.533,132.741,132.999
1160.6,108.442,95.391,141.679,105.922,101.615,138.899,144.533,132.667,132.925
1160.7,108.442,95.327,141.805,105.977,101.615,138.866,144.563,132.667,132.962
1160.8,108.442,95.327,141.742,105.922,101.615,138.866,144.533,132.704,132.999
1160.9,108.388,95.327,141.742,105.977,101.615,138.866,144.533,132.741,132.925
1161.0,108.388,95.327,141.742,106.033,101.674,138.899,144.503,132.704,132.999
1161.1,108.388,95.327,141.679,105.977,101.615,138.833,144.563,132.63,132.925
1161.2,108.388,95.391,141.742,105.922,101.615,138.899,144.503,132.741,132.962
1161.3,108.442,95.262,141.711,105.922,101.556,138.899,144.563,132.704,132.999
1161.4,108.388,95.262,141.711,105.922,101.615,138.899,144.533,132.667,132.925
1161.5,108.442,95.391,141.711,105.922,101.556,138.899,144.563,132.704,132.962
1161.6,108.28,95.198,141.742,105.977,101.615,138.899,144.533,132.667,132.888
1161.7,108.334,95.262,141.679,105.977,101.615,138.866,144.563,132.667,132.962
1161.8,108.334,95.262,141.711,105.922,101.496,138.899,144.593,132.667,132.888
1161.9,108.334,95.198,141.711,105.922,101.615,138.866,144.563,132.667,132.962
1162.0,108.334,95.198,141.742,105.922,101.556,138.866,144.623,132.704,132.888
1162.1,108.334,95.069,141.711,105.977,101.496,138.899,144.533,132.63,132.925
1162.2,108.388,95.198,141.711,105.922,101.496,138.866,144.563,132.667,132.925
1162.3,108.28,95.134,141.742,105.866,101.437,138.866,144.503,132.667,132.925
1162.4,108.334,95.069,141.711,105.866,101.437,138.866,144.563,132.704,132.888
1162.5,108.334,95.134,141.648,105.866,101.556,138.966,144.503,132.593,133.035
1162.6,108.334,95.134,141.742,105.866,101.496,138.833,144.563,132.667,132.999
1162.7,108.28,95.134,141.742,105.922,101.437,138.899,144.533,132.667,132.888
1162.8,108.28,95.069,141.679,105.866,101.496,138.899,144.503,132.667,132.925
1162.9,108.334,95.069,141.742,105.922,101.496,138.966,144.593,132.667,132.925
1163.0,108.334,95.134,141.711,105.866,101.437,138.866,144.533,132.63,132.888
1163.1,108.388,95.262,141.742,105.81,101.437,138.866,144.533,132.667,132.851
1163.2,108.334,95.069,141.711,105.922,101.496,138.833,144.503,132.704,132.925
1163.3,108.226,95.069,141.679,106.089,101.437,138.866,144.533,132.63,132.925
1163.4,108.334,95.069,141.742,105.81,101.437,138.966,144.563,132.667,132.925
1163.5,108.28,95.005,141.679,105.922,101.378,138.866,144.533,132.667,132.925
1163.6,108.28,95.069,141.711,105.866,101.378,138.899,144.533,132.63,132.999
1163.7,108.28,95.005,141.742,105.866,101.437,138.932,144.533,132.704,132.925
1163.8,108.334,95.005,141.711,105.866,101.378,138.899,144.533,132.778,132.925
1163.9,108.226,94.94,141.679,105.754,101.378,138.932,144.533,132.667,132.925
1164.0,108.172,95.005,141.711,105.866,101.318,138.866,144.563,132.63,132.888
1164.1,108.28,95.005,141.711,105.81,101.318,138.866,144.593,132.63,132.888
1164.2,108.226,95.005,141.711,105.866,101.378,138.866,144.533,132.63,132.925
1164.3,108.226,94.94,141.711,105.922,101.259,138.866,144.563,132.63,132.888
1164.4,108.226,94.94,141.679,105.866,101.259,138.833,144.503,132.593,132.888
1164.5,108.28,94.811,141.679,105.922,101.318,138.932,144.473,132.593,132.925
1164.6,108.226,94.94,141.711,105.81,101.259,138.866,144.533,132.593,132.925
1164.7,108.226,94.876,141.711,105.81,101.318,138.833,144.563,132.63,132.888
1164.8,108.118,94.876,141.711,105.866,101.259,138.899,144.503,132.593,132.925
1164.9,108.172,94.94,141.679,105.81,101.378,138.866,144.533,132.63,132.888
1165.0,108.172,94.876,141.679,105.81,101.2,138.899,144.563,132.593,132.925
1165.1,108.226,95.005,141.742,105.754,101.2,138.866,144.533,132.63,132.888
1165.2,108.28,94.876,141.711,105.866,101.318,138.866,144.503,132.63,132.888
1165.3,108.172,94.876,141.679,105.754,101.318,138.866,144.533,132.667,132.888
1165.4,108.28,94.876,141.679,105.81,101.2,138.833,144.533,132.593,132.888
1165.5,108.226,94.876,141.711,105.754,101.08,138.833,144.503,132.63,132.888
1165.6,108.172,94.811,141.742,105.754,101.2,138.833,144.533,132.63,132.888
1165.7,108.172,94.811,141.679,105.81,101.08,138.866,144.503,132.667,132.925
1165.8,108.118,94.811,141.742,105.81,101.2,138.866,144.563,132.63,132.851
1165.9,108.064,94.811,141.742,105.81,101.14,138.866,144.533,132.63,132.851
1166.0,108.118,94.746,141.648,105.81,101.2,138.833,144.503,132.63,132.851
1166.1,108.172,94.746,141.711,105.754,101.259,138.866,144.533,132.593,132.888
1166.2,108.064,94.94,141.679,105.754,101.08,138.833,144.503,132.593,132.888
1166.3,108.172,94.811,141.679,105.754,101.08,138.866,144.503,132.704,132.888
1166.4,108.118,94.552,141.679,105.81,101.08,138.866,144.563,132.556,132.888
1166.5,108.064,94.681,141.679,105.754,101.08,138.866,144.563,132.704,132.851
1166.6,108.764,94.681,141.679,105.81,101.021,138.866,144.563,132.63,132.888
1166.7,108.064,94.746,141.679,105.754,101.08,138.866,144.503,132.63,132.925
1166.8,108.064,94.746,141.616,105.698,101.14,138.833,144.593,132.556,132.851
1166.9,108.118,94.617,141.585,105.754,101.08,138.899,144.533,132.593,132.888
1167.0,108.01,94.746,141.679,105.754,101.021,138.866,144.533,132.63,132.888
1167.1,108.118,94.811,141.711,105.754,101.08,138.899,144.533,132.63,132.925
1167.2,108.118,94.681,141.742,105.754,101.021,138.899,144.563,132.667,132.814
1167.3,108.064,94.681,141.679,105.698,101.08,138.833,144.503,132.63,132.888
1167.4,108.118,94.617,141.679,105.698,101.021,138.866,144.563,132.593,132.888
1167.5,108.01,94.617,141.679,105.81,100.961,138.866,144.533,132.593,132.851
1167.6,108.01,94.552,141.679,105.698,101.021,138.833,144.563,132.63,132.888
1167.7,108.064,94.746,141.648,105.754,101.021,138.833,144.473,132.593,132.888
1167.8,108.01,94.681,141.679,105.698,100.961,138.866,144.503,132.593,132.888
1167.9,108.118,94.617,141.679,105.754,100.961,138.833,144.533,132.63,132.814
1168.0,108.01,94.552,141.648,105.698,100.961,138.833,144.563,132.556,132.851
1168.1,108.01,94.552,141.742,105.698,100.902,138.866,144.533,132.593,132.851
1168.2,108.118,94.487,141.679,105.698,100.961,138.767,144.533,132.593,132.888
1168.3,107.901,94.487,141.679,105.754,100.902,138.833,144.533,132.593,132.851
1168.4,107.955,94.487,141.648,105.642,100.782,138.833,144.593,132.556,132.814
1168.5,108.01,94.487,141.648,105.698,100.842,138.833,144.533,132.444,132.814
1168.6,108.01,94.422,141.679,105.698,100.902,138.8,144.533,132.593,132.888
1168.7,107.955,94.487,141.679,105.754,100.842,138.833,144.503,132.593,132.814
1168.8,107.955,94.357,141.616,105.642,100.782,138.833,144.533,132.556,132.814
1168.9,108.01,94.422,141.711,105.642,100.842,138.833,144.533,132.593,132.888
1169.0,107.955,94.422,141.679,105.642,100.902,138.833,144.503,132.593,132.851
1169.1,108.01,94.422,141.648,105.642,100.782,138.833,144.533,132.556,132.851
1169.2,107.955,94.357,141.679,105.642,100.842,138.833,144.503,132.593,132.851
1169.3,107.955,94.487,141.711,105.642,100.842,138.899,144.533,132.63,132.814
1169.4,108.01,94.357,141.711,105.642,100.722,138.8,144.533,132.519,132.851
1169.5,107.901,94.357,141.711,105.642,100.782,138.833,144.533,132.556,132.814
1169.6,107.955,94.292,141.711,105.698,100.842,138.8,144.563,132.593,132.851
1169.7,107.847,94.422,141.679,105.698,100.782,138.833,144.533,132.556,132.814
1169.8,107.901,94.357,141.679,105.586,100.722,138.767,144.533,132.556,132.814
1169.9,107.955,94.292,141.679,105.586,100.722,138.8,144.533,132.556,132.814
1170.0,107.901,94.226,141.648,105.642,100.722,138.866,144.533,132.519,132.814
1170.1,107.847,94.422,141.711,105.642,100.662,138.899,144.503,132.519,132.851
1170.2,107.793,94.357,141.648,105.642,100.662,138.833,144.563,132.593,132.851
1170.3,107.901,94.292,141.679,105.642,100.722,138.833,144.593,132.556,132.778
1170.4,107.901,94.226,141.648,105.642,100.782,138.833,144.533,132.593,132.814
1170.5,107.847,94.226,141.648,105.586,100.602,138.8,144.533,132.519,132.778
1170.6,107.847,94.226,141.648,105.698,100.602,138.8,144.563,132.556,132.888
1170.7,107.847,94.226,141.679,105.586,100.542,138.767,144.413,132.667,132.851
1170.8,107.847,94.226,141.648,105.642,100.662,138.866,144.533,132.556,132.814
1170.9,107.901,94.226,141.648,105.642,100.602,138.833,144.533,132.556,132.814
1171.0,107.955,94.161,141.616,105.53,100.662,138.833,144.593,132.593,132.888
1171.1,107.847,94.226,141.679,105.53,100.662,138.833,144.533,132.556,132.814
1171.2,107.847,94.161,141.648,105.586,100.542,138.833,144.533,132.63,132.814
1171.3,107.793,94.161,141.648,105.642,100.542,138.833,144.563,132.556,132.667
1171.4,107.847,94.161,141.711,105.586,100.602,138.8,144.533,132.556,132.814
1171.5,107.738,94.226,141.679,105.586,100.602,138.8,144.503,132.593,132.851
1171.6,107.847,94.161,141.711,105.586,100.602,138.833,144.563,132.556,132.814
1171.7,107.793,94.161,141.648,105.586,100.602,138.833,144.533,132.593,132.778
1171.8,107.793,94.096,141.648,105.586,100.542,138.767,144.503,132.519,132.925
1171.9,107.738,94.096,141.679,105.586,100.542,138.833,144.533,132.556,132.851
1172.0,107.793,94.161,141.648,105.586,100.542,138.8,144.473,132.556,132.814
1172.1,107.793,94.161,141.679,105.642,100.542,138.866,144.533,132.519,132.814
1172.2,107.793,94.096,141.648,105.53,100.482,138.8,144.503,132.593,132.814
1172.3,107.793,93.965,141.679,105.586,100.422,138.866,144.533,132.556,132.851
1172.4,107.793,94.031,141.616,105.586,100.542,138.932,144.533,132.519,132.814
1172.5,107.521,94.031,141.711,105.53,100.482,138.899,144.503,132.519,132.814
1172.6,107.738,94.096,141.648,105.586,100.542,138.8,144.533,132.482,132.814
1172.7,107.738,93.965,141.648,105.586,100.422,138.866,144.503,132.519,132.814
1172.8,107.684,94.031,141.679,105.53,100.422,138.8,144.503,132.519,132.814
1172.9,107.738,93.965,141.711,105.586,100.422,138.833,144.563,132.519,132.778
1173.0,107.684,93.965,141.679,105.586,100.422,138.8,144.503,132.482,132.778
1173.1,107.684,93.965,141.648,105.53,100.482,138.8,144.503,132.519,132.814
1173.2,107.575,93.965,141.679,105.53,100.482,138.767,144.473,132.482,132.778
1173.3,107.738,93.965,141.648,105.474,100.422,138.8,144.533,132.593,132.778
1173.4,107.684,93.965,141.679,105.474,100.362,138.8,144.503,132.519,132.814
1173.5,107.738,93.965,141.648,105.53,100.362,138.8,144.563,132.519,132.814
1173.6,107.738,93.9,141.648,105.474,100.422,138.8,144.563,132.519,132.778
1173.7,107.738,93.965,141.648,105.53,100.362,138.767,144.533,132.593,132.814
1173.8,107.63,93.834,141.616,105.53,100.302,138.833,144.503,132.519,132.778
1173.9,107.684,93.769,141.616,105.53,100.242,138.8,144.533,132.482,132.814
1174.0,107.63,93.834,141.679,105.474,100.362,138.866,144.533,132.593,132.814
1174.1,107.521,93.9,141.648,105.53,100.302,138.833,144.473,132.519,132.778
1174.2,107.684,93.769,141.585,105.53,100.242,138.833,144.563,132.482,132.778
1174.3,107.63,93.834,141.679,105.474,100.302,138.833,144.533,132.593,132.778
1174.4,107.521,93.834,141.679,105.474,100.242,138.8,144.503,132.556,132.778
1174.5,107.684,93.769,141.648,105.474,100.242,138.8,144.533,132.482,132.741
1174.6,107.63,93.703,141.616,105.306,100.182,138.767,144.503,132.519,132.778
1174.7,107.521,93.769,141.616,105.474,100.182,138.8,144.503,132.519,132.814
1174.8,107.575,93.769,141.616,105.53,100.182,138.767,144.503,132.482,132.814
1174.9,107.63,93.703,141.648,105.418,100.182,138.767,144.563,132.482,132.814
1175.0,107.575,93.769,141.616,105.53,100.182,138.767,144.503,132.482,132.814
1175.1,107.63,93.638,141.616,105.418,100.121,138.8,144.503,132.519,132.851
1175.2,107.521,93.638,141.616,105.474,100.121,138.833,144.503,132.482,132.741
1175.3,107.521,93.572,141.585,105.418,100.121,138.767,144.563,132.407,132.741
1175.4,107.521,93.638,141.648,105.586,100.0,138.767,144.533,132.556,132.741
1175.5,107.521,93.638,141.679,105.474,100.121,138.767,144.533,132.593,132.778
1175.6,107.521,93.638,141.648,105.474,100.121,138.767,144.533,132.519,132.741
1175.7,107.521,93.703,141.679,105.418,100.121,138.767,144.473,132.444,132.704
1175.8,107.521,93.572,141.679,105.362,100.061,138.8,144.533,132.482,132.704
1175.9,107.521,93.572,141.679,105.474,100.0,138.767,144.503,132.556,132.741
1176.0,107.466,93.572,141.616,105.418,100.0,138.767,144.503,132.482,132.778
1176.1,107.466,93.506,141.585,105.474,100.0,138.767,144.503,132.482,132.851
1176.2,107.466,93.572,141.616,105.362,100.061,138.767,144.533,132.519,132.741
1176.3,107.575,93.703,141.648,105.362,100.0,138.733,144.533,132.482,132.778
1176.4,107.466,93.506,141.616,105.474,100.0,138.733,144.533,132.482,132.851
1176.5,107.466,93.572,141.553,105.306,100.061,138.733,144.503,132.482,132.741
1176.6,107.466,93.506,141.585,105.362,100.061,138.767,144.413,132.482,132.741
1176.7,107.411,93.374,141.585,105.362,99.94,138.767,144.503,132.519,132.704
1176.8,107.466,93.572,141.616,105.418,99.94,138.767,144.593,132.593,132.778
1176.9,107.575,93.44,141.679,105.418,99.88,138.667,144.503,132.444,132.704
1177.0,107.521,93.506,141.679,105.362,99.94,138.8,144.503,132.482,132.741
1177.1,107.466,93.506,141.616,105.418,99.94,138.8,144.473,132.482,132.704
1177.2,107.466,93.44,141.616,105.362,99.88,138.767,144.503,132.482,132.741
1177.3,107.466,93.44,141.616,105.362,99.88,138.733,144.503,132.482,132.741
1177.4,107.521,93.374,141.585,105.418,99.94,138.767,144.563,132.482,132.741
1177.5,107.466,93.44,141.616,105.362,99.819,138.767,144.533,132.482,132.741
1177.6,107.411,93.374,141.585,105.362,99.819,138.767,144.503,132.444,132.741
1177.7,107.466,93.374,141.616,105.362,99.819,138.767,144.563,132.519,132.704
1177.8,107.411,93.374,141.616,105.362,99.758,138.767,144.533,132.519,132.741
1177.9,107.357,93.374,141.553,105.362,99.819,138.767,144.533,132.482,132.704
1178.0,107.357,93.44,141.585,105.474,99.819,138.767,144.503,132.444,132.778
1178.1,107.521,93.374,141.616,105.362,99.758,138.767,144.533,132.444,132.741
1178.2,107.411,93.374,141.585,105.474,99.758,138.833,144.443,132.444,132.778
1178.3,107.357,93.309,141.616,105.362,99.819,138.7,144.533,132.482,132.741
1178.4,107.411,93.309,141.616,105.418,99.758,138.733,144.503,132.444,132.704
1178.5,107.411,93.243,141.585,105.474,99.758,138.733,144.533,132.444,132.63
1178.6,107.411,93.309,141.585,105.418,99.698,138.767,144.503,132.444,132.741
1178.7,107.357,93.309,141.616,105.362,99.698,138.8,144.473,132.519,132.704
1178.8,107.302,93.243,141.585,105.362,99.698,138.767,144.473,132.482,132.704
1178.9,107.411,93.243,141.616,105.306,99.698,138.733,144.563,132.444,132.704
1179.0,107.357,93.177,141.616,105.362,99.758,138.767,144.563,132.482,132.593
1179.1,107.302,93.309,141.616,105.306,99.698,138.8,144.503,132.482,132.741
1179.2,107.357,93.177,141.616,105.362,99.698,138.7,144.533,132.444,132.704
1179.3,107.357,93.177,141.616,105.306,99.698,138.733,144.623,132.444,132.704
1179.4,107.302,93.177,141.616,105.249,99.637,138.767,144.503,132.444,132.704
1179.5,107.302,93.177,141.616,105.362,99.637,138.7,144.503,132.482,132.741
1179.6,107.302,93.177,141.585,105.249,99.637,138.767,144.533,132.444,132.704
1179.7,107.302,93.177,141.616,105.306,99.637,138.8,144.503,132.407,132.704
1179.8,107.302,93.177,141.616,105.306,99.758,138.733,144.533,132.407,132.63
1179.9,107.302,92.58,141.616,105.306,99.576,138.767,144.533,132.444,132.667
1180.0,107.302,93.177,141.868,105.362,99.576,138.7,144.503,132.407,132.704
1180.1,107.247,93.044,141.616,105.306,99.637,138.733,144.503,132.482,132.741
1180.2,107.193,93.11,141.616,105.249,99.576,138.733,144.503,132.444,132.704
1180.3,107.302,93.11,141.616,105.306,99.576,138.767,144.503,132.444,132.63
1180.4,107.247,93.11,141.585,105.249,99.576,138.733,144.533,132.37,132.667
1180.5,107.302,92.646,141.648,105.249,99.515,138.667,144.503,132.407,132.704
1180.6,107.247,93.044,141.616,105.306,99.515,138.767,144.503,132.444,132.704
1180.7,107.302,92.978,141.585,105.306,99.576,138.733,144.503,132.407,132.667
1180.8,107.247,93.044,141.553,105.249,99.455,138.733,144.533,132.444,132.704
1180.9,107.247,93.044,141.553,105.249,99.455,138.733,144.503,132.444,132.667
1181.0,107.247,92.978,141.585,105.249,99.515,138.767,144.503,132.444,132.667
1181.1,107.193,92.978,141.616,105.193,99.455,138.733,144.503,132.407,132.704
1181.2,107.302,92.978,141.616,105.193,99.455,138.733,144.503,132.444,132.63
1181.3,107.247,92.912,141.585,105.249,99.455,138.8,144.473,132.407,132.704
1181.4,107.247,92.912,141.585,105.249,99.455,138.633,144.473,132.444,132.667
1181.5,107.247,92.912,141.616,105.306,99.394,138.7,144.503,132.444,132.667
1181.6,107.193,92.978,141.585,105.249,99.333,138.733,144.473,132.444,132.63
1181.7,107.193,92.846,141.553,105.193,99.333,138.7,144.533,132.407,132.667
1181.8,107.247,92.779,142.586,105.249,99.394,138.7,144.473,132.444,132.63
1181.9,107.193,92.846,141.585,105.193,99.394,138.733,144.503,132.407,132.667
1182.0,107.193,92.846,141.585,105.193,99.333,138.7,144.533,132.407,132.667
1182.1,107.247,92.846,141.521,105.193,99.333,138.7,144.563,132.444,132.667
1182.2,107.247,92.912,141.585,105.249,99.394,138.733,144.533,132.444,132.63
1182.3,107.138,92.846,141.585,105.249,99.333,138.733,144.503,132.407,132.667
1182.4,107.193,92.846,141.585,105.249,99.333,138.767,144.473,132.407,132.741
1182.5,107.138,92.846,141.616,105.193,99.333,138.733,144.473,132.407,132.593
1182.6,107.138,92.779,141.648,105.193,99.272,138.7,144.473,132.407,132.667
1182.7,107.138,92.779,141.521,105.193,99.211,138.733,144.503,132.444,132.704
1182.8,107.138,92.846,141.553,105.306,99.211,138.733,144.503,132.407,132.667
1182.9,107.083,92.779,141.553,105.08,99.272,138.7,144.533,132.407,132.667
1183.0,107.138,92.713,141.49,105.193,99.272,138.733,144.503,132.407,132.667
1183.1,107.138,92.779,141.585,105.137,99.088,138.7,144.712,132.407,132.667
1183.2,107.193,92.779,141.553,105.137,99.272,138.733,144.473,132.407,132.704
1183.3,107.138,92.646,141.553,105.193,99.088,138.7,144.473,132.37,132.63
1183.4,107.138,92.646,141.553,105.193,99.211,138.733,144.503,132.37,132.63
1183.5,107.138,92.58,141.521,105.137,99.15,138.7,144.503,132.482,132.704
1183.6,107.083,92.646,141.585,105.193,99.15,138.7,144.473,132.407,132.63
1183.7,107.028,92.58,141.553,105.193,99.088,138.7,144.473,132.37,132.63
1183.8,107.083,92.58,141.553,105.193,99.15,138.7,144.503,132.407,132.667
1183.9,107.083,92.58,141.679,105.08,99.088,138.733,144.473,132.407,132.63
1184.0,107.083,92.58,141.585,105.193,99.088,138.7,144.503,132.407,132.63
1184.1,107.083,92.58,141.553,105.08,99.088,138.7,144.503,132.37,132.667
1184.2,107.028,92.58,141.553,105.137,98.966,138.667,144.473,132.333,132.593
1184.3,107.028,92.58,141.553,105.137,98.966,138.7,144.503,132.407,132.63
1184.4,106.973,92.447,141.521,105.08,99.027,138.667,144.533,132.407,132.667
1184.5,107.083,92.447,141.553,105.08,98.966,138.767,144.473,132.444,132.704
1184.6,107.028,92.58,141.553,105.193,99.027,138.7,144.473,132.37,132.667
1184.7,106.973,92.447,141.521,105.08,98.966,138.7,144.503,132.37,132.63
1184.8,106.973,92.513,141.521,105.08,98.966,138.7,144.503,132.37,132.63
1184.9,107.028,92.447,141.585,105.08,98.966,138.7,144.503,132.37,132.63
1185.0,107.083,92.447,141.553,105.137,98.966,138.733,144.503,132.37,132.667
1185.1,107.083,92.447,141.585,105.137,99.027,138.667,144.473,132.407,132.519
1185.2,106.973,92.447,141.553,105.024,98.905,138.7,144.503,132.407,132.63
1185.3,106.973,92.38,141.616,105.137,98.905,138.667,144.383,132.37,132.556
1185.4,107.028,92.38,141.648,105.08,98.905,138.767,144.473,132.407,132.63
1185.5,106.973,92.38,141.521,105.08,98.966,138.7,144.413,132.333,132.593
1185.6,106.973,92.38,141.521,105.137,98.905,138.7,144.503,132.407,132.63
1185.7,107.028,92.38,141.585,105.08,99.027,138.7,144.473,132.333,132.63
1185.8,106.973,92.313,141.521,105.137,98.843,138.767,144.473,132.407,132.63
1185.9,106.973,92.313,141.553,105.08,98.905,138.733,144.503,132.444,132.63
1186.0,106.973,92.38,141.553,105.137,98.782,138.767,144.473,132.37,132.704
1186.1,106.973,92.38,141.616,105.08,98.843,138.7,144.563,132.407,132.593
1186.2,106.973,92.313,141.585,105.08,98.843,138.667,144.473,132.333,132.63
1186.3,106.973,92.313,141.585,105.024,98.843,138.7,144.503,132.37,132.593
1186.4,106.918,92.313,141.585,105.137,98.782,138.667,144.503,132.296,132.667
1186.5,106.973,92.313,141.553,105.024,98.782,138.7,144.503,132.333,132.593
1186.6,106.973,92.313,141.585,105.08,98.843,138.7,144.503,132.37,132.593
1186.7,106.973,92.179,141.553,105.024,98.843,138.667,144.473,132.37,132.593
1186.8,106.918,92.313,141.458,105.024,98.782,138.667,144.383,132.333,132.593
1186.9,106.973,92.313,141.585,104.967,98.782,138.667,144.503,132.407,132.593
1187.0,106.918,92.313,141.521,105.08,98.782,138.733,144.503,132.37,132.63
1187.1,106.973,92.246,141.553,105.024,98.843,138.733,144.473,132.296,132.63
1187.2,106.863,92.179,141.521,105.08,98.721,138.667,144.473,132.37,132.63
1187.3,106.973,92.246,141.585,105.024,98.721,138.667,144.503,132.407,132.63
1187.4,106.918,92.112,141.553,105.024,98.721,138.667,144.533,132.333,132.63
1187.5,106.973,92.179,141.553,105.024,98.659,138.7,144.473,132.296,132.593
1187.6,106.808,92.179,141.553,105.08,98.782,138.667,144.473,132.37,132.778
1187.7,106.863,92.179,141.521,105.024,98.721,138.667,144.503,132.37,132.593
1187.8,106.973,92.179,141.585,105.08,98.597,138.667,144.503,132.296,132.556
1187.9,106.918,92.112,141.521,105.024,98.597,138.667,144.95,132.37,132.593
1188.0,106.808,92.112,141.521,105.024,98.659,138.667,144.473,132.333,132.593
1188.1,106.863,92.112,141.553,105.024,98.721,138.633,144.473,132.333,132.63
1188.2,106.863,92.112,141.553,104.967,98.597,138.7,144.473,132.333,132.556
1188.3,106.863,92.045,141.521,105.137,98.597,138.667,144.503,132.333,132.63
1188.4,106.918,92.045,141.553,105.024,98.597,138.667,144.503,132.333,132.593
1188.5,106.808,92.045,141.521,105.024,98.659,138.633,144.473,132.333,132.593
1188.6,106.808,92.112,141.49,105.08,98.597,138.667,144.473,132.333,132.63
1188.7,106.863,92.112,141.521,105.024,98.597,138.667,144.503,132.333,132.593
1188.8,106.863,92.045,141.553,105.024,98.659,138.633,144.503,132.296,132.593
1188.9,106.808,92.112,141.49,104.967,98.536,138.733,144.503,132.333,132.593
1189.0,106.808,91.844,141.521,105.024,98.536,138.633,144.503,132.333,132.704
1189.1,106.863,92.045,141.521,105.137,98.536,138.767,144.473,132.37,132.593
1189.2,106.863,91.978,141.521,104.967,98.536,138.667,144.503,132.333,132.593
1189.3,106.753,92.045,141.521,105.08,98.474,138.633,144.503,132.296,132.556
1189.4,106.863,91.911,141.585,104.967,98.536,138.633,144.503,132.333,132.556
1189.5,106.808,91.911,141.553,104.967,98.351,138.633,144.473,132.333,132.556
1189.6,106.808,91.911,141.521,105.024,98.474,138.633,144.473,132.333,132.556
1189.7,106.753,91.978,141.49,104.967,98.474,138.567,144.503,132.333,132.556
1189.8,106.753,91.911,141.458,105.08,98.413,138.7,144.473,132.333,132.667
1189.9,106.698,91.911,141.49,104.967,98.474,138.667,144.473,132.37,132.556
1190.0,106.808,91.911,141.521,104.967,98.413,138.7,144.473,132.333,132.593
1190.1,106.808,91.844,141.49,104.911,98.413,138.633,144.473,132.37,132.556
1190.2,106.808,91.911,141.458,104.967,98.413,138.667,144.473,132.333,132.667
1190.3,106.753,91.911,141.521,104.967,98.413,138.667,144.503,132.333,132.593
1190.4,106.753,91.844,141.521,104.911,98.413,138.667,144.473,132.37,132.556
1190.5,106.753,91.777,141.49,104.911,98.413,138.633,144.503,132.333,132.556
1190.6,106.753,91.777,141.553,105.024,98.289,138.633,144.473,132.296,132.593
1190.7,106.753,91.844,141.49,104.967,98.351,138.7,144.503,132.333,132.593
1190.8,106.753,91.777,141.49,104.967,98.351,138.633,144.563,132.37,132.556
1190.9,106.753,91.844,141.363,104.911,98.289,138.567,144.503,132.296,132.593
1191.0,106.753,91.777,141.553,104.967,98.351,138.633,144.473,132.333,132.556
1191.1,106.808,91.777,141.49,104.911,98.289,138.667,144.473,132.296,132.519
1191.2,106.753,91.777,141.521,104.911,98.289,138.633,144.503,132.333,132.556
1191.3,106.753,91.71,141.49,104.854,98.289,138.633,144.503,132.333,132.519
1191.4,106.643,91.777,141.49,104.854,98.289,138.633,144.503,132.259,132.482
1191.5,106.255,91.71,141.553,105.024,98.289,138.7,144.473,132.333,132.556
1191.6,106.698,91.71,141.521,104.911,98.041,138.633,144.503,132.333,132.519
1191.7,106.753,91.642,141.521,104.911,98.289,138.633,144.473,132.296,132.556
1191.8,106.753,91.777,141.427,104.911,98.227,138.633,144.473,132.296,132.593
1191.9,106.753,91.575,141.49,104.911,98.165,138.633,144.473,132.296,132.556
1192.0,106.643,91.71,141.49,104.911,98.227,138.633,144.503,132.407,132.556
1192.1,106.643,91.642,141.49,105.024,98.165,138.633,144.503,132.333,132.593
1192.2,106.698,91.508,141.49,104.854,98.165,138.6,144.503,132.333,132.519
1192.3,106.808,91.508,141.49,104.911,98.227,138.6,144.473,132.333,132.482
1192.4,106.643,91.508,141.458,104.854,98.041,138.6,144.443,132.296,132.556
1192.5,106.643,91.575,141.458,104.911,98.103,138.633,144.473,132.296,132.519
1192.6,106.698,91.575,141.458,104.854,98.103,138.633,144.503,132.37,132.593
1192.7,106.588,91.71,141.49,104.911,98.041,138.633,144.443,132.333,132.556
1192.8,106.643,91.575,141.49,104.967,98.103,138.633,144.473,132.333,132.519
1192.9,106.643,91.508,141.49,104.798,98.041,138.633,144.473,132.296,132.519
1193.0,106.643,91.508,141.49,104.854,98.041,138.6,144.473,132.296,132.482
1193.1,106.532,91.508,141.458,104.911,98.041,138.633,144.473,132.333,132.519
1193.2,106.698,91.44,141.49,104.911,97.979,138.633,144.443,132.259,132.407
1193.3,106.643,91.508,141.49,104.741,98.041,138.6,144.473,132.296,132.556
1193.4,106.588,91.44,141.49,104.798,98.041,138.6,144.473,132.333,132.519
1193.5,106.698,91.44,141.458,104.854,97.979,138.6,144.503,132.333,132.556
1193.6,106.588,91.44,141.458,104.911,98.041,138.6,144.503,132.296,132.519
1193.7,106.588,91.508,141.458,104.854,97.979,138.633,144.443,132.259,132.556
1193.8,106.588,91.372,141.49,104.854,97.979,138.567,144.473,132.296,132.556
1193.9,106.588,91.44,141.49,104.854,97.917,138.6,144.443,132.296,132.519
1194.0,106.588,91.44,141.458,104.854,97.793,138.6,144.473,132.221,132.519
1194.1,106.588,91.44,141.49,104.911,97.979,138.6,144.443,132.259,132.519
1194.2,106.588,91.372,141.458,104.854,97.917,138.6,144.473,132.296,132.519
1194.3,106.532,91.44,141.458,104.854,97.917,138.6,144.473,132.296,132.519
1194.4,106.588,91.237,141.458,104.854,97.917,138.6,144.503,132.259,132.519
1194.5,106.588,91.305,141.49,104.854,97.979,138.6,144.473,132.259,132.519
1194.6,106.643,91.305,141.427,104.854,97.917,138.633,144.503,132.296,132.519
1194.7,106.588,91.372,141.458,104.628,97.917,138.633,144.473,132.259,132.482
1194.8,106.532,91.305,141.458,104.854,97.917,138.633,144.473,132.259,132.519
1194.9,106.532,91.305,141.49,104.798,97.917,138.633,144.473,132.296,132.519
1195.0,106.588,91.305,141.49,104.798,97.855,138.6,144.443,132.296,132.482
1195.1,106.588,91.305,141.49,104.854,97.855,138.6,144.473,132.259,132.519
1195.2,106.588,91.305,141.49,104.798,97.917,138.6,144.473,132.296,132.519
1195.3,106.532,91.372,141.49,104.798,97.793,138.6,144.473,132.296,132.556
1195.4,106.477,91.237,141.49,104.911,97.855,138.633,144.503,132.296,132.444
1195.5,106.532,91.305,141.521,104.854,97.793,138.633,144.473,132.259,132.519
1195.6,106.532,91.237,141.49,104.798,97.793,138.6,144.503,132.259,132.519
1195.7,106.477,91.169,141.458,104.798,97.855,138.633,144.473,132.333,132.519
1195.8,106.477,91.237,141.458,104.798,97.793,138.6,144.473,132.259,132.519
1195.9,106.532,91.237,141.458,104.854,97.855,138.6,144.443,132.259,132.519
1196.0,106.422,91.169,141.458,104.798,97.731,138.567,144.473,132.259,132.482
1196.1,106.532,91.102,141.49,104.798,97.793,138.567,144.473,132.296,132.482
1196.2,106.477,91.169,141.458,104.798,97.731,138.567,144.503,132.221,132.519
1196.3,106.532,91.034,141.458,104.741,97.731,138.567,144.473,132.259,132.482
1196.4,106.477,91.102,141.458,104.798,97.731,138.6,144.443,132.296,132.519
1196.5,106.477,91.102,141.458,104.854,97.668,138.6,144.443,132.259,132.556
1196.6,106.532,91.169,141.458,104.798,97.731,138.533,144.503,132.296,132.482
1196.7,106.422,91.034,141.49,104.741,97.606,138.567,144.473,132.296,132.482
1196.8,106.422,91.034,141.458,104.571,97.606,138.567,144.443,132.259,132.444
1196.9,106.422,90.966,141.427,104.798,97.481,138.6,144.473,132.259,132.519
1197.0,106.477,91.102,141.49,104.741,97.606,138.567,144.443,132.221,132.556
1197.1,106.477,91.034,141.458,104.741,97.606,138.567,144.473,132.221,132.593
1197.2,106.477,91.034,141.427,104.741,97.606,138.567,144.443,132.221,132.482
1197.3,106.422,91.034,141.458,104.741,97.668,138.567,144.443,132.259,132.519
1197.4,106.477,90.966,141.427,104.741,97.543,138.567,144.503,132.221,132.519
1197.5,106.422,90.966,141.427,104.684,97.543,138.567,144.413,132.259,132.482
1197.6,106.422,90.966,141.427,104.741,97.668,138.567,144.473,132.259,132.444
1197.7,106.366,90.898,141.427,104.798,97.606,138.567,144.503,132.221,132.482
1197.8,106.422,90.966,141.458,104.684,97.543,138.533,144.443,132.259,132.482
1197.9,106.422,90.966,141.458,104.967,97.481,138.533,144.443,132.259,132.519
1198.0,106.366,90.83,141.427,104.741,97.543,138.6,144.473,132.221,132.556
1198.1,106.422,90.83,141.458,104.741,97.419,138.667,144.443,132.296,132.482
1198.2,106.532,90.762,141.458,104.684,97.481,138.533,144.443,132.221,132.333
1198.3,106.366,90.966,141.458,104.741,97.481,138.567,144.503,132.221,132.482
1198.4,106.422,90.83,141.49,104.741,97.419,138.533,144.593,132.259,132.482
1198.5,106.422,90.898,141.427,104.684,97.356,138.567,144.443,132.259,132.444
1198.6,106.366,90.83,141.458,104.741,97.356,138.567,144.473,132.296,132.482
1198.7,106.366,90.898,141.458,104.741,97.356,138.567,144.473,132.221,132.482
1198.8,106.366,90.762,141.427,104.684,97.481,138.633,144.413,132.259,132.482
1198.9,106.366,90.83,141.395,104.741,97.356,138.6,144.443,132.259,132.444
1199.0,106.366,90.762,141.458,104.741,97.356,138.5,144.473,132.221,132.482
1199.1,106.366,90.762,141.427,104.741,97.356,138.567,144.473,132.259,132.444
1199.2,106.422,90.762,141.521,104.741,97.419,138.567,144.443,132.259,132.482
1199.3,106.366,90.762,141.427,104.628,97.356,138.567,144.503,132.259,132.444
1199.4,106.366,90.762,141.427,104.741,97.356,138.567,144.473,132.259,132.482
1199.5,106.422,90.762,141.395,104.684,97.356,138.567,144.443,132.221,132.482
1199.6,106.366,90.762,141.427,104.684,97.293,138.667,144.443,132.221,132.482
1199.7,106.366,90.762,141.363,104.684,97.293,138.6,144.473,132.221,132.519
1199.8,106.255,90.694,141.427,104.684,97.293,138.667,144.443,132.259,132.482
1199.9,106.311,90.694,141.521,104.684,97.293,138.567,144.443,132.221,132.482
1200.0,106.366,90.694,141.395,104.628,97.293,138.533,144.443,132.259,132.444
1200.1,106.311,90.694,141.395,104.628,97.293,138.567,144.473,132.147,132.444
1200.2,106.311,90.694,141.49,104.684,97.231,138.5,144.443,132.184,132.482
1200.3,106.255,90.694,141.427,104.684,97.293,138.567,144.443,132.296,132.482
1200.4,106.366,90.626,141.427,104.628,97.231,138.533,144.473,132.184,132.444
1200.5,106.255,90.626,141.427,104.628,97.168,138.533,144.443,132.184,132.444
1200.6,106.255,90.557,141.427,104.628,97.231,138.533,144.443,132.184,132.482
1200.7,106.255,90.557,141.458,104.628,97.231,138.6,144.413,132.221,132.482
1200.8,106.255,90.557,141.427,104.684,97.168,138.533,144.443,132.221,132.444
1200.9,106.255,90.352,141.458,104.741,97.168,138.567,144.473,132.221,132.444
1201.0,106.255,90.626,141.427,104.628,97.231,138.567,144.473,132.184,132.444
1201.1,106.255,90.557,141.427,104.628,97.105,138.533,144.413,132.259,132.444
1201.2,106.255,90.489,141.458,104.684,97.231,138.533,144.473,132.221,132.407
1201.3,106.255,90.557,141.427,104.628,97.042,138.567,144.443,132.259,132.444
1201.4,106.2,90.489,141.395,104.628,97.168,138.533,144.443,132.184,132.444
1201.5,106.255,90.489,141.268,104.684,97.105,138.6,144.443,132.184,132.444
1201.6,106.255,90.421,141.458,104.571,97.105,138.567,144.443,132.184,132.556
1201.7,106.255,90.421,141.363,104.684,97.042,138.533,144.413,132.221,132.444
1201.8,106.366,90.421,141.363,104.628,97.042,138.567,144.443,132.221,132.333
1201.9,106.2,90.489,141.395,104.628,97.105,138.533,144.413,132.259,132.444
1202.0,106.2,90.626,141.395,104.628,96.98,138.533,144.473,132.221,132.444
1202.1,106.255,90.421,141.395,104.628,97.042,138.533,144.473,132.184,132.407
1202.2,106.255,90.352,141.427,104.571,96.98,138.533,144.413,132.221,132.407
1202.3,106.2,90.352,141.395,104.684,97.042,138.5,144.443,132.184,132.147
1202.4,106.2,90.352,141.395,104.571,96.98,138.567,144.443,132.184,132.482
1202.5,106.255,90.421,141.363,104.571,96.917,138.5,144.473,132.221,132.444
1202.6,106.2,90.352,141.395,104.628,97.042,138.5,144.503,132.184,132.407
1202.7,106.2,90.284,141.395,104.571,97.042,138.5,144.413,132.147,132.444
1202.8,106.311,90.284,141.395,104.571,96.917,138.5,144.413,132.221,132.444
1202.9,106.2,90.284,141.395,104.628,96.854,138.5,144.443,132.147,132.444
1203.0,106.2,90.352,141.427,104.571,96.854,138.5,144.413,132.184,132.37
1203.1,106.144,90.215,141.363,104.571,96.917,138.533,144.443,132.184,132.407
1203.2,106.2,90.284,141.458,104.628,96.854,138.533,144.413,132.184,132.444
1203.3,106.2,90.215,141.395,104.628,96.854,138.433,144.413,132.184,132.444
1203.4,106.2,90.352,141.268,104.571,96.917,138.533,144.413,132.184,132.407
1203.5,106.2,90.284,141.395,104.571,96.854,138.6,144.383,132.184,132.407
1203.6,106.2,90.489,141.395,104.571,96.791,138.533,144.443,132.147,132.444
1203.7,106.033,90.009,141.363,104.571,96.854,138.5,144.443,132.147,132.444
1203.8,106.144,90.284,141.395,104.571,96.854,138.533,144.473,132.109,132.407
1203.9,106.144,90.215,141.363,104.571,96.854,138.5,144.443,132.147,132.444
1204.0,106.2,90.146,141.363,104.571,96.728,138.567,144.473,132.147,132.444
1204.1,106.144,90.146,141.395,104.571,96.791,138.533,144.443,132.147,132.407
1204.2,106.089,90.146,141.395,104.514,96.728,138.5,144.413,132.147,132.407
1204.3,106.144,90.078,141.395,104.514,96.854,138.5,144.413,132.072,132.407
1204.4,106.144,90.146,141.363,104.514,96.791,138.533,144.413,132.221,132.37
1204.5,106.089,90.146,141.363,104.514,96.728,138.5,144.443,132.147,132.444
1204.6,106.144,90.146,141.427,104.571,96.728,138.5,144.443,132.184,132.407
1204.7,106.144,90.078,141.363,104.514,96.728,138.533,144.413,132.147,132.407
1204.8,106.089,90.146,141.363,104.571,96.728,138.5,144.413,132.184,132.407
1204.9,106.089,90.146,141.363,104.514,96.664,138.5,144.443,132.184,132.444
1205.0,106.033,90.078,141.363,104.514,96.664,138.5,144.383,132.147,132.407
1205.1,106.144,90.078,141.395,104.457,96.664,138.467,144.354,132.184,132.407
1205.2,106.033,90.009,141.331,104.571,96.664,138.533,144.413,132.184,132.444
1205.3,106.144,90.078,141.363,104.514,96.664,138.467,144.533,132.184,132.407
1205.4,106.033,90.078,141.331,104.514,96.601,138.467,144.503,132.147,132.296
1205.5,106.089,90.009,141.395,104.571,96.664,138.5,144.443,132.184,132.407
1205.6,106.089,90.078,141.331,104.571,96.664,138.5,144.443,132.221,132.333
1205.7,106.033,89.94,141.363,104.628,96.475,138.5,144.413,132.147,132.37
1205.8,106.033,89.94,141.427,104.514,96.538,138.467,144.473,132.147,132.37
1205.9,106.033,90.009,141.395,104.514,96.601,138.5,144.413,132.221,132.407
1206.0,106.089,89.871,141.363,104.514,96.601,138.5,144.413,132.147,132.407
1206.1,106.089,89.94,141.395,104.457,96.664,138.567,144.383,132.147,132.407
1206.2,106.033,89.871,141.427,104.457,96.538,138.5,144.413,132.109,132.37
1206.3,106.033,90.009,141.363,104.514,96.538,138.467,144.413,132.147,132.407
1206.4,105.977,90.009,141.363,104.571,96.538,138.5,144.443,132.147,132.37
1206.5,106.033,90.009,141.395,104.514,96.475,138.5,144.443,132.221,132.37
1206.6,106.089,89.871,141.427,104.457,96.538,138.5,144.473,132.147,132.407
1206.7,106.033,89.871,141.363,104.457,96.538,138.467,144.413,132.147,132.37
1206.8,105.977,89.94,141.363,104.457,96.538,138.467,144.443,132.147,132.444
1206.9,105.977,89.871,141.427,104.457,96.475,138.467,144.443,132.109,132.37
1207.0,106.033,89.94,141.331,104.514,96.538,138.5,144.443,132.147,132.482
1207.1,105.977,89.871,141.363,104.457,96.411,138.5,144.443,132.109,132.407
1207.2,106.033,89.94,141.427,104.457,96.538,138.5,144.443,132.072,132.37
1207.3,106.311,89.734,141.363,104.571,96.475,138.467,144.443,132.147,132.37
1207.4,106.033,89.803,141.395,104.514,96.348,138.5,144.413,132.109,132.37
1207.5,106.033,89.803,141.427,104.514,96.475,138.5,144.473,132.147,132.37
1207.6,106.033,89.734,141.395,104.457,96.411,138.667,144.383,132.147,132.37
1207.7,106.033,89.871,141.331,104.457,96.475,138.5,144.443,132.147,132.333
1207.8,105.977,89.665,141.331,104.457,96.348,138.467,144.443,132.109,132.407
1207.9,105.977,89.734,141.395,104.4,96.411,138.467,144.443,132.147,132.37
1208.0,105.977,89.734,141.363,104.514,96.348,138.467,144.413,132.109,132.407
1208.1,105.754,89.734,141.331,104.4,96.285,138.467,144.413,132.109,132.296
1208.2,105.977,89.803,141.363,104.457,96.348,138.467,144.413,132.109,132.444
1208.3,105.922,89.665,141.395,104.457,96.285,138.433,144.413,132.147,132.482
1208.4,105.922,89.734,141.363,104.4,96.285,138.5,144.443,132.109,132.444
1208.5,105.922,89.734,141.363,104.4,96.285,138.467,144.443,132.147,132.37
1208.6,105.922,89.665,141.331,104.514,96.285,138.467,144.443,132.147,132.333
1208.7,105.922,89.803,141.363,104.514,96.221,138.467,144.413,132.147,132.37
1208.8,105.922,89.734,141.427,104.4,96.285,138.567,144.443,132.184,132.37
1208.9,105.922,89.665,141.363,104.4,96.221,138.533,144.413,132.072,132.37
1209.0,106.089,89.665,141.363,104.457,96.285,138.467,144.443,132.147,132.37
1209.1,105.922,89.526,141.363,104.4,96.221,138.467,144.413,132.109,132.37
1209.2,105.922,89.596,141.331,104.457,96.158,138.467,144.503,132.147,132.407
1209.3,105.866,89.596,141.3,104.457,96.285,138.467,144.413,132.109,132.333
1209.4,106.033,89.596,141.363,104.457,96.221,138.467,144.383,132.109,132.37
1209.5,105.977,89.526,141.363,104.514,96.158,138.433,144.443,132.109,132.37
1209.6,105.81,89.526,141.427,104.4,96.094,138.467,144.413,132.109,132.37
1209.7,105.922,89.526,141.363,104.457,96.158,138.433,144.294,132.147,132.407
1209.8,105.977,89.526,141.395,104.343,96.158,138.467,144.473,132.147,132.333
1209.9,105.866,89.457,141.331,104.286,96.094,138.467,144.413,132.109,132.333
1210.0,105.922,89.457,141.395,104.571,96.158,138.4,144.443,132.109,132.37
1210.1,105.922,89.457,141.395,104.4,96.094,138.467,144.354,132.109,132.333
1210.2,105.866,89.596,141.363,104.4,96.094,138.467,144.383,132.184,132.37
1210.3,105.81,89.457,141.331,104.4,96.03,138.467,144.443,132.109,132.37
1210.4,105.866,89.526,141.363,104.457,96.158,138.433,144.443,132.109,132.333
1210.5,105.922,89.526,141.395,104.286,96.03,138.433,144.443,132.109,132.333
1210.6,105.922,89.457,141.331,104.457,96.03,138.433,144.413,132.072,132.259
1210.7,105.922,89.388,141.331,104.229,96.094,138.467,144.443,132.035,132.37
1210.8,105.81,89.457,141.3,104.343,96.03,138.467,144.443,132.147,132.407
1210.9,105.81,89.319,141.331,104.343,95.967,138.433,144.413,132.147,132.333
1211.0,105.81,89.388,141.3,104.457,96.03,138.433,144.383,132.072,132.37
1211.1,105.866,89.319,141.363,104.343,96.03,138.433,144.413,132.072,132.407
1211.2,105.866,89.457,141.49,104.343,95.967,138.433,144.413,132.109,132.296
1211.3,105.866,89.319,141.331,104.343,95.903,138.4,144.383,132.147,132.37
1211.4,105.754,89.319,141.3,104.343,95.967,138.433,144.413,132.072,132.37
1211.5,105.922,89.249,141.3,104.343,95.967,138.433,144.413,132.072,132.37
1211.6,105.866,89.319,141.331,104.343,95.967,138.433,144.413,132.109,132.296
1211.7,105.754,89.249,141.3,104.4,95.903,138.366,144.383,132.109,132.333
1211.8,105.81,89.319,141.3,104.343,95.839,138.467,144.443,132.072,132.37
1211.9,105.81,89.388,141.363,104.343,95.903,138.433,144.443,132.072,132.333
1212.0,105.81,89.249,141.331,104.4,95.967,138.433,144.413,132.109,132.333
1212.1,105.81,89.249,141.3,104.343,95.903,138.433,144.383,132.109,132.333
1212.2,105.81,89.18,141.331,104.4,95.903,138.4,144.413,132.109,132.296
1212.3,105.754,89.18,141.331,104.286,95.903,138.433,144.413,132.147,132.296
1212.4,105.81,89.249,141.331,104.343,95.839,138.433,144.443,132.072,132.296
1212.5,105.81,89.18,141.3,104.343,95.775,138.433,144.413,132.072,132.296
1212.6,105.81,89.18,141.331,104.286,95.839,138.366,144.383,132.072,132.333
1212.7,105.922,89.18,141.395,104.286,95.839,138.433,144.443,132.072,132.296
1212.8,105.81,89.18,141.3,104.4,95.775,138.433,144.383,132.072,132.333
1212.9,105.754,89.11,141.3,104.286,95.775,138.433,144.443,132.072,132.296
1213.0,105.754,89.11,141.363,104.343,95.711,138.433,144.413,132.072,132.296
1213.1,105.698,89.11,141.3,104.286,95.775,138.4,144.354,132.147,132.333
1213.2,105.81,89.11,141.331,104.286,95.711,138.433,144.383,132.072,132.333
1213.3,105.754,89.041,141.3,104.286,95.775,138.4,144.383,132.072,132.333
1213.4,105.754,89.11,141.363,104.286,95.711,138.433,144.413,132.072,132.296
1213.5,105.754,89.041,141.3,104.286,95.711,138.433,144.383,132.109,132.259
1213.6,105.698,89.041,141.331,104.343,95.711,138.4,144.413,132.035,132.296
1213.7,105.698,89.041,141.331,104.286,95.711,138.4,144.443,132.035,132.333
1213.8,105.754,88.971,141.3,104.343,95.647,138.433,144.413,132.072,132.296
1213.9,105.81,89.041,141.331,104.286,95.647,138.4,144.413,132.072,132.296
1214.0,105.754,89.041,141.331,104.286,95.711,138.4,144.443,132.072,132.333
1214.1,105.698,89.041,141.268,104.286,95.711,138.433,144.413,132.072,132.296
1214.2,105.754,88.971,141.3,104.343,95.647,138.433,144.413,132.072,132.333
1214.3,105.698,88.971,141.3,104.286,95.583,138.433,144.383,132.072,132.296
1214.4,105.81,88.971,141.3,104.4,95.583,138.467,144.383,132.035,132.296
1214.5,105.698,88.971,141.268,104.286,95.583,138.4,144.413,132.072,132.333
1214.6,105.698,88.901,141.268,104.229,95.583,138.4,144.443,132.072,132.109
1214.7,105.698,88.901,141.3,104.4,95.519,138.4,144.294,132.035,132.296
1214.8,105.698,88.971,141.331,104.286,95.519,138.467,144.413,132.072,132.333
1214.9,105.642,88.971,141.331,104.286,95.455,138.4,144.413,132.072,132.296
1215.0,105.698,88.901,141.3,104.286,95.519,138.4,144.473,132.109,132.296
1215.1,105.698,88.832,141.331,104.229,95.519,138.4,144.413,132.035,132.296
1215.2,105.642,88.832,141.268,104.286,95.519,138.4,144.443,132.035,132.296
1215.3,105.698,88.762,141.3,104.343,95.519,138.4,144.324,131.922,132.296
1215.4,105.698,88.762,141.3,104.229,95.647,138.4,144.413,132.035,132.296
1215.5,105.642,88.762,141.3,104.229,95.455,138.366,144.413,132.072,132.221
1215.6,105.642,88.832,141.3,104.286,95.391,138.366,144.413,132.072,132.259
1215.7,105.698,88.762,141.268,104.229,95.455,138.366,144.413,132.072,132.296
1215.8,105.642,88.762,141.268,104.286,95.455,138.4,144.413,132.147,132.259
1215.9,105.698,88.692,141.3,104.229,95.455,138.366,144.413,132.035,132.296
1216.0,105.642,88.832,141.268,104.286,95.327,138.366,144.413,132.109,132.259
1216.1,105.698,88.762,141.331,104.286,95.327,138.4,144.413,132.035,132.259
1216.2,105.586,88.762,141.236,104.229,95.391,138.4,144.413,132.035,132.296
1216.3,105.586,88.692,141.3,104.058,95.391,138.4,144.413,132.072,132.259
1216.4,105.642,88.692,141.268,104.229,95.134,138.4,144.413,132.035,132.259
1216.5,105.586,88.552,141.268,104.229,95.327,138.366,144.443,131.997,132.259
1216.6,105.586,89.041,141.3,104.229,95.327,138.433,144.413,131.997,132.259
1216.7,105.586,88.552,141.268,104.229,95.262,138.4,144.443,132.109,132.296
1216.8,105.53,88.622,141.3,104.172,95.262,138.366,144.413,132.035,132.259
1216.9,105.586,88.692,141.331,104.172,95.262,138.366,144.383,132.072,132.259
1217.0,105.586,88.552,141.268,104.172,95.262,138.333,144.383,132.072,132.296
1217.1,105.586,88.692,141.268,104.286,95.198,138.333,144.413,132.147,132.296
1217.2,105.698,88.482,141.331,104.286,95.262,138.366,144.443,131.997,132.296
1217.3,105.586,88.622,141.3,104.229,95.327,138.333,144.383,132.072,132.333
1217.4,105.586,88.552,141.3,104.229,95.198,138.366,144.354,132.035,132.259
1217.5,105.586,88.552,141.268,104.172,95.134,138.366,144.383,132.035,132.259
1217.6,105.642,88.552,141.3,104.229,95.198,138.366,144.354,132.035,132.259
1217.7,105.53,88.482,141.3,104.172,95.134,138.4,144.383,132.072,132.296
1217.8,105.642,88.482,141.3,104.229,95.134,138.333,144.413,132.035,132.259
1217.9,105.53,88.482,141.3,104.229,95.134,138.366,144.473,131.997,132.221
1218.0,105.586,88.482,141.236,104.229,95.134,138.366,144.383,132.109,132.259
1218.1,105.586,88.552,141.3,104.172,95.134,138.4,144.413,132.035,132.259
1218.2,105.586,88.412,141.236,104.286,95.134,138.366,144.383,131.997,132.259
1218.3,105.474,88.482,141.236,104.286,95.134,138.366,144.383,131.997,132.259
1218.4,105.642,88.412,141.268,104.172,95.134,138.366,144.413,131.997,132.296
1218.5,105.53,88.482,141.268,104.229,95.134,138.366,144.473,132.035,132.259
1218.6,105.586,88.482,141.3,104.058,95.005,138.366,144.354,132.072,132.333
1218.7,105.53,88.412,141.236,104.172,95.069,138.366,144.413,132.035,132.221
1218.8,105.586,88.412,141.236,104.172,95.069,138.366,144.383,131.997,132.296
1218.9,105.53,88.412,141.268,104.172,95.069,138.366,144.354,132.035,132.259
1219.0,105.418,88.342,141.141,104.115,95.005,138.366,144.413,132.035,132.221
1219.1,105.53,88.482,141.3,104.172,95.069,138.366,144.383,131.997,132.296
1219.2,105.474,88.412,141.236,104.229,95.005,138.299,144.383,132.035,132.296
1219.3,105.53,88.412,141.3,104.172,95.069,138.4,144.383,131.997,132.296
1219.4,105.53,88.342,141.204,104.115,94.94,138.366,144.443,132.072,132.259
1219.5,105.53,88.412,141.3,104.115,95.005,138.333,144.413,132.035,132.259
1219.6,105.53,88.272,141.268,104.172,95.005,138.4,144.383,132.072,132.259
1219.7,105.586,88.342,141.268,104.172,94.94,138.333,144.413,132.035,132.296
1219.8,105.474,88.272,141.268,104.172,94.94,138.333,144.383,131.997,132.221
1219.9,105.586,88.272,141.3,104.115,94.94,138.333,144.383,131.997,132.221
1220.0,105.474,88.272,141.236,104.172,94.94,138.366,144.383,132.035,132.259
1220.1,105.474,88.272,141.236,104.172,94.94,138.333,144.383,132.147,132.259
1220.2,105.586,88.272,141.236,104.172,94.94,138.333,144.413,131.997,132.333
1220.3,105.53,88.272,141.331,104.115,94.876,138.4,144.383,132.072,132.259
1220.4,105.53,88.201,141.236,104.115,94.811,138.366,144.354,131.997,132.259
1220.5,105.474,88.272,141.268,104.115,94.811,138.333,144.413,131.997,132.221
1220.6,105.474,88.201,141.204,104.115,94.876,138.366,144.413,131.997,132.296
1220.7,105.474,88.201,141.268,104.115,94.811,138.333,144.383,131.997,132.221
1220.8,105.474,88.272,141.236,104.115,94.811,138.299,144.413,131.997,132.259
1220.9,105.474,88.061,141.268,104.115,94.746,138.299,144.413,131.997,132.221
1221.0,105.474,88.131,141.236,104.115,94.746,138.366,144.413,132.035,132.221
1221.1,105.474,88.131,141.236,104.172,94.876,138.366,144.354,132.035,132.221
1221.2,105.418,88.131,141.236,104.115,94.681,138.333,144.413,131.997,132.221
1221.3,105.53,88.061,141.236,104.058,94.746,138.333,144.383,131.96,132.259
1221.4,105.418,88.061,141.236,104.058,94.746,138.366,144.383,132.035,132.184
1221.5,105.418,88.061,141.236,104.058,94.746,138.333,144.383,131.997,132.221
1221.6,105.362,87.99,141.236,104.115,94.746,138.333,144.383,132.109,132.259
1221.7,105.474,88.061,141.3,104.115,94.681,138.333,144.324,131.997,132.221
1221.8,105.418,88.201,141.268,104.058,94.811,138.299,144.383,132.035,132.259
1221.9,105.418,88.061,141.236,104.172,94.681,138.433,144.413,131.997,132.221
1222.0,105.418,87.92,141.204,104.115,94.617,138.333,144.383,132.035,132.37
1222.1,105.362,87.92,141.204,104.115,94.617,138.333,144.324,131.997,132.259
1222.2,105.362,87.92,141.236,104.058,94.746,138.299,144.294,131.997,132.259
1222.3,105.474,88.061,141.331,104.058,94.681,138.4,144.324,132.035,132.221
1222.4,105.418,87.92,141.236,103.541,94.617,138.299,144.354,131.96,132.259
1222.5,105.362,87.92,141.204,104.115,94.681,138.333,144.383,131.997,132.184
1222.6,105.474,87.92,141.173,104.058,94.617,138.333,144.413,131.96,132.259
1222.7,105.418,87.92,141.331,104.115,94.617,138.333,144.354,131.997,132.221
1222.8,105.362,87.92,141.236,104.0,94.552,138.333,144.413,131.96,132.221
1222.9,105.474,87.92,141.236,104.172,94.552,138.333,144.383,131.997,132.184
1223.0,105.08,87.92,141.268,104.058,94.487,138.299,144.473,131.96,132.221
1223.1,105.418,87.92,141.173,104.0,94.487,138.333,144.324,132.072,132.184
1223.2,105.362,87.849,141.204,104.058,94.552,138.299,144.354,131.997,132.184
1223.3,105.362,87.849,141.204,104.172,94.487,138.333,144.443,131.997,132.259
1223.4,105.362,87.849,141.236,104.058,94.487,138.366,144.383,131.997,132.184
1223.5,105.362,87.92,141.204,104.058,94.487,138.299,144.354,131.96,132.221
1223.6,105.306,87.849,141.204,104.115,94.422,138.299,144.383,131.96,132.221
1223.7,105.362,87.849,141.236,104.115,94.487,138.333,144.383,131.96,132.221
1223.8,105.306,87.708,141.236,104.058,94.487,138.232,144.383,131.997,132.221
1223.9,105.418,87.778,141.236,104.058,94.487,138.366,144.383,131.96,132.184
1224.0,105.362,87.708,141.173,104.058,94.422,138.299,144.354,131.96,132.221
1224.1,105.362,87.778,141.204,104.058,94.422,138.299,144.413,131.997,132.259
1224.2,105.362,87.708,141.236,104.115,94.422,138.299,144.383,131.96,132.184
1224.3,105.362,87.708,141.204,104.058,94.357,138.266,144.294,131.997,132.221
1224.4,105.362,87.708,141.236,104.0,94.357,138.299,144.443,131.997,132.259
1224.5,105.306,87.637,141.236,104.0,94.292,138.299,144.354,132.072,132.221
1224.6,105.306,87.637,141.204,104.0,94.357,138.4,144.324,132.035,132.221
1224.7,105.418,87.566,141.236,104.058,94.422,138.333,144.354,131.997,132.184
1224.8,105.362,87.637,141.236,104.0,94.226,138.299,144.383,131.96,132.184
1224.9,105.306,87.849,141.236,104.0,94.226,138.299,144.443,131.96,132.184
1225.0,105.362,87.637,141.173,104.0,94.357,138.366,144.354,131.997,132.259
1225.1,105.362,87.637,141.204,104.0,94.292,138.266,144.354,131.96,132.259
1225.2,105.249,87.708,141.236,104.172,94.292,138.299,144.413,132.035,132.184
1225.3,105.306,87.637,141.236,104.0,94.292,138.433,144.354,131.96,132.147
1225.4,105.306,87.566,141.236,104.0,94.226,138.333,144.354,131.96,132.221
1225.5,105.306,87.566,141.236,104.0,94.292,138.266,144.324,131.96,132.184
1225.6,105.249,87.566,141.204,104.0,94.292,138.232,144.383,131.96,132.184
1225.7,105.306,87.495,141.204,104.058,94.292,138.299,144.354,131.96,132.184
1225.8,105.249,87.566,141.173,104.058,94.292,138.266,144.383,131.885,132.184
1225.9,105.249,87.495,141.204,103.943,94.292,138.299,144.354,131.922,132.109
1226.0,105.306,87.566,141.204,104.0,94.161,138.199,144.383,131.96,132.259
1226.1,105.306,87.566,141.236,104.0,94.161,138.299,144.413,131.96,132.184
1226.2,105.249,87.424,141.204,103.943,94.161,138.299,144.383,132.035,132.221
1226.3,105.249,87.495,141.236,104.058,94.161,138.266,144.383,131.96,132.184
1226.4,105.249,87.424,141.204,104.0,94.161,138.299,144.383,131.997,132.221
1226.5,105.249,87.566,141.173,103.943,94.226,138.266,144.354,131.96,132.221
1226.6,105.306,87.637,141.204,104.0,94.161,138.299,144.354,131.997,132.259
1226.7,105.249,87.424,141.204,104.0,94.161,138.299,144.354,131.848,132.184
1226.8,105.249,87.424,141.268,104.0,94.096,138.299,144.383,131.997,132.147
1226.9,105.306,87.495,141.204,103.943,94.096,138.299,144.383,131.885,132.147
1227.0,105.306,87.424,141.236,104.0,94.096,138.333,144.354,131.96,132.221
1227.1,105.249,87.424,141.077,103.943,94.096,138.299,144.383,131.922,132.184
1227.2,105.306,87.353,141.173,104.0,94.161,138.266,144.324,131.997,132.184
1227.3,105.249,87.424,141.173,104.0,94.096,138.299,144.354,131.96,132.072
1227.4,105.249,87.353,141.173,104.0,94.031,138.266,144.473,131.96,132.147
1227.5,105.193,87.424,141.173,103.886,94.031,138.299,144.383,131.997,132.184
1227.6,105.306,87.282,141.173,104.0,93.965,138.266,144.413,131.96,132.147
1227.7,105.306,87.424,141.236,103.943,94.031,138.199,144.324,131.997,132.259
1227.8,105.193,87.424,141.204,103.943,94.031,138.299,144.354,131.96,132.184
1227.9,105.137,87.353,141.204,104.0,94.031,138.232,144.294,131.96,132.147
1228.0,105.249,87.211,141.204,104.0,93.965,138.266,144.324,131.997,132.184
1228.1,105.249,87.282,141.173,103.943,93.965,138.232,144.383,131.96,132.184
1228.2,105.249,87.282,141.204,103.943,94.031,138.232,144.354,131.96,132.184
1228.3,105.137,87.282,141.236,103.943,93.965,138.266,144.383,131.997,132.147
1228.4,105.249,87.211,141.204,103.943,93.965,138.333,144.383,131.997,132.184
1228.5,105.193,87.068,141.395,103.943,93.965,138.232,144.413,131.96,132.184
1228.6,105.306,87.211,141.204,103.943,93.9,138.266,144.354,131.96,132.147
1228.7,105.193,87.211,141.173,103.943,93.9,138.299,144.324,131.922,132.184
1228.8,105.193,87.211,141.173,103.943,93.9,138.232,144.354,131.922,132.147
1228.9,105.249,87.14,141.173,103.829,93.9,138.232,144.354,131.922,132.147
1229.0,105.193,87.14,141.173,104.0,93.834,138.299,144.354,132.072,132.147
1229.1,105.249,87.211,141.204,104.0,93.703,138.299,144.383,131.922,132.147
1229.2,105.193,87.068,141.141,104.0,93.834,138.266,144.413,131.96,132.184
1229.3,105.193,87.068,141.173,103.886,93.834,138.232,144.354,131.922,132.184
1229.4,105.137,87.068,141.141,103.886,93.769,138.199,144.383,131.922,132.184
1229.5,105.193,87.068,141.173,103.886,93.834,138.232,144.324,131.885,132.184
1229.6,105.137,87.068,141.173,103.943,93.834,138.299,144.383,131.922,132.147
1229.7,105.137,87.068,141.173,103.943,93.769,138.266,144.324,131.96,132.147
1229.8,105.137,87.068,141.204,103.886,93.769,138.266,144.354,131.997,132.221
1229.9,105.137,86.997,141.204,103.886,93.769,138.266,144.354,131.922,132.184
1230.0,105.137,87.14,141.141,103.943,93.703,138.299,144.383,131.922,132.184
1230.1,105.137,86.997,141.268,103.886,93.703,138.266,144.324,131.96,132.147
1230.2,105.137,86.997,141.173,103.943,93.703,138.232,144.354,131.922,132.184
1230.3,105.137,87.068,141.173,103.886,93.703,138.266,144.324,131.922,132.259
1230.4,105.193,86.926,141.173,103.886,93.703,138.199,144.354,131.96,132.259
1230.5,105.193,86.926,141.173,103.829,93.506,138.199,144.354,131.885,132.147
1230.6,105.137,86.926,141.173,103.886,93.638,138.299,144.383,131.885,132.147
1230.7,105.137,86.997,141.141,103.886,93.572,138.232,144.383,131.922,132.147
1230.8,105.137,86.997,141.204,103.829,93.572,138.333,144.354,131.96,132.147
1230.9,105.137,86.854,141.173,103.886,93.572,138.232,144.294,131.96,132.109
1231.0,105.08,86.926,141.141,103.829,93.572,138.232,144.354,131.885,132.109
1231.1,105.193,86.854,141.077,103.886,93.572,138.232,144.354,131.922,132.147
1231.2,105.137,86.854,141.141,103.886,93.572,138.199,144.354,131.848,132.109
1231.3,105.024,86.854,141.173,103.886,93.572,138.266,144.354,131.922,132.147
1231.4,105.08,86.926,141.141,103.886,93.506,138.232,144.354,131.922,132.147
1231.5,105.08,87.068,141.141,103.886,93.44,138.232,144.383,131.922,132.147
1231.6,105.024,86.783,141.141,103.886,93.572,138.232,144.354,131.885,132.147
1231.7,105.137,86.854,141.141,103.829,93.506,138.232,144.354,131.96,132.147
1231.8,105.08,86.854,141.109,103.886,93.506,138.266,144.324,131.922,132.184
1231.9,105.08,86.783,141.141,103.886,93.44,138.232,144.354,131.848,132.109
1232.0,105.193,86.783,141.173,103.886,93.374,138.199,144.443,131.885,132.147
1232.1,105.137,86.783,141.204,103.886,93.44,138.199,144.354,131.922,132.147
1232.2,104.967,86.711,141.109,103.886,93.44,138.232,144.324,131.922,132.259
1232.3,105.08,86.854,141.141,103.829,93.44,138.232,144.324,131.922,132.109
1232.4,105.08,86.711,141.173,103.829,93.44,138.232,144.354,131.885,132.109
1232.5,105.08,86.783,141.141,103.829,93.44,138.232,144.294,131.922,132.147
1232.6,105.024,86.711,141.141,103.829,93.374,138.199,144.294,131.922,132.109
1232.7,105.024,86.711,141.141,103.886,93.374,138.232,144.354,131.885,132.147
1232.8,105.024,86.639,141.173,103.829,93.374,138.199,144.354,131.96,132.147
1232.9,105.08,86.639,141.141,103.886,93.374,138.232,144.294,131.922,132.147
1233.0,105.024,86.639,141.553,103.886,93.374,138.232,144.354,131.922,132.184
1233.1,104.967,86.711,141.141,103.829,93.309,138.199,144.354,131.885,132.184
1233.2,105.024,86.639,141.204,103.829,93.309,138.232,144.324,131.885,132.147
1233.3,105.024,86.639,141.109,103.886,93.309,138.232,144.324,131.922,132.147
1233.4,105.08,86.568,141.141,103.886,93.309,138.232,144.263,131.922,132.109
1233.5,105.137,86.568,141.141,103.829,93.309,138.165,144.354,131.922,132.109
1233.6,105.024,86.568,141.204,103.886,93.243,138.199,144.324,131.922,132.109
1233.7,105.024,86.496,141.173,103.829,93.309,138.199,144.324,131.922,132.109
1233.8,104.967,86.424,141.141,103.829,93.374,138.199,144.324,131.885,132.109
1233.9,104.967,86.568,141.109,103.771,93.177,138.199,144.324,131.922,132.072
1234.0,105.024,86.496,141.141,103.829,93.177,138.199,144.383,132.035,132.109
1234.1,105.024,86.783,141.109,103.829,93.243,138.199,144.324,131.885,132.147
1234.2,105.024,86.568,141.141,103.771,93.243,138.165,144.354,131.885,132.109
1234.3,104.967,86.496,141.173,103.771,93.177,138.199,144.324,131.885,132.109
1234.4,104.967,86.568,141.173,103.771,93.177,138.232,144.354,131.922,132.109
1234.5,105.024,86.496,141.141,103.886,93.177,138.199,144.324,131.885,132.109
1234.6,105.024,86.424,140.95,103.829,93.177,138.232,144.324,131.922,132.109
1234.7,104.911,86.496,141.109,103.771,93.177,138.232,144.354,131.885,132.147
1234.8,105.08,86.496,141.204,103.829,93.177,138.232,144.324,131.922,132.147
1234.9,104.967,86.496,141.109,103.829,93.177,138.199,144.324,131.96,132.072
1235.0,104.911,86.496,141.109,103.886,93.11,138.199,144.324,131.922,132.147
1235.1,104.911,86.424,141.141,103.771,93.11,138.232,144.324,131.885,132.109
1235.2,104.967,86.424,141.173,103.771,93.11,138.232,144.324,131.922,132.109
1235.3,104.967,86.136,141.141,103.829,93.177,138.199,144.324,131.997,132.072
1235.4,105.024,86.424,141.173,103.829,93.11,138.232,144.324,131.885,132.109
1235.5,104.911,86.424,141.109,103.829,93.11,138.199,144.324,131.922,132.109
1235.6,104.911,86.352,141.173,103.771,93.044,138.232,144.354,131.997,132.184
1235.7,104.967,86.352,141.109,103.771,93.11,138.199,144.383,131.848,132.109
1235.8,104.967,85.919,141.141,103.771,93.11,138.299,144.294,131.885,132.072
1235.9,105.024,86.424,141.109,103.714,92.978,138.232,144.383,131.885,132.109
1236.0,104.967,86.28,141.141,103.771,93.044,138.165,144.354,131.848,132.072
1236.1,104.967,86.28,141.173,103.771,93.044,138.199,144.324,131.96,132.221
1236.2,104.911,86.28,141.077,103.771,92.912,138.199,144.324,131.885,132.109
1236.3,104.911,86.352,141.077,103.714,93.044,138.165,144.354,131.885,132.109
1236.4,105.024,86.352,141.204,103.771,92.912,138.232,144.354,131.922,132.109
1236.5,104.911,86.28,141.109,103.886,92.978,138.199,144.383,131.885,132.072
1236.6,104.967,86.28,141.109,103.714,92.978,138.165,144.324,131.922,132.109
1236.7,104.967,86.208,141.109,103.714,92.978,138.132,144.294,131.922,132.109
1236.8,104.911,86.064,141.077,103.771,92.978,138.199,144.294,131.848,132.147
1236.9,104.911,86.28,141.077,103.771,92.912,138.165,144.324,131.885,132.072
1237.0,104.854,86.208,141.077,103.714,92.912,138.232,144.324,131.885,132.147
1237.1,104.967,86.208,141.141,103.714,92.912,138.199,144.324,131.885,132.147
1237.2,104.967,86.208,141.045,103.771,92.912,138.132,144.324,131.885,132.184
1237.3,104.911,86.208,141.109,103.714,92.912,138.199,144.383,131.96,132.109
1237.4,105.024,86.208,141.141,103.714,92.846,138.165,144.324,131.885,132.109
1237.5,104.911,86.136,141.141,103.771,92.912,138.165,144.294,131.848,132.109
1237.6,104.911,86.208,141.045,103.829,92.912,138.199,144.354,131.81,132.072
1237.7,104.967,86.136,141.141,103.771,92.846,138.165,144.354,131.848,132.072
1237.8,104.911,86.136,141.077,103.829,92.779,138.199,144.383,131.922,132.147
1237.9,104.911,86.064,141.077,103.829,92.713,138.165,144.294,131.848,132.072
1238.0,104.967,86.208,141.141,103.771,92.846,138.165,144.324,131.885,132.109
1238.1,104.854,86.136,141.109,103.771,92.646,138.165,144.354,131.885,132.072
1238.2,104.911,86.064,141.141,103.714,92.779,138.199,144.324,131.885,132.147
1238.3,104.854,86.064,141.141,103.771,92.779,138.199,144.324,131.848,132.184
1238.4,104.911,86.136,141.109,103.714,92.646,138.132,144.294,131.848,132.109
1238.5,104.911,85.992,141.109,103.714,92.779,138.232,144.324,131.885,131.997
1238.6,104.911,86.064,141.109,103.714,92.713,138.165,144.354,131.848,132.147
1238.7,104.798,85.992,141.109,103.714,92.646,138.165,144.294,131.885,132.072
1238.8,104.854,86.064,141.109,103.771,92.779,138.232,144.324,131.885,132.072
1238.9,104.798,85.992,141.109,103.714,92.779,138.132,144.324,131.885,132.072
1239.0,104.798,85.992,141.141,103.714,92.58,138.165,144.324,131.848,132.184
1239.1,104.854,85.992,141.109,103.714,92.646,138.299,144.294,131.848,131.997
1239.2,104.854,85.847,141.173,103.714,92.646,138.165,144.324,131.848,132.072
1239.3,104.798,85.992,141.077,103.771,92.713,138.132,144.324,131.848,132.109
1239.4,104.798,85.992,141.109,103.714,92.646,138.132,144.354,131.848,132.109
1239.5,104.854,85.992,141.077,103.829,92.58,138.098,144.354,131.885,132.072
1239.6,104.854,85.919,141.077,103.656,92.646,138.199,144.294,131.848,132.109
1239.7,104.854,85.919,141.045,103.714,92.58,138.199,144.324,131.848,132.147
1239.8,104.911,85.919,141.077,103.656,92.58,138.165,144.263,131.885,132.035
1239.9,104.854,85.847,141.045,103.656,92.58,138.232,144.354,131.848,132.072
1240.0,104.854,85.847,141.109,103.714,92.646,138.132,144.383,131.848,132.072
1240.1,104.798,85.847,141.045,103.714,92.513,138.165,144.324,131.848,132.072
1240.2,104.854,85.919,141.109,103.714,92.58,138.232,144.354,131.885,132.184
1240.3,104.854,85.847,141.109,103.771,92.646,138.098,144.294,131.81,132.072
1240.4,104.798,85.847,141.077,103.599,92.513,138.165,144.324,131.885,132.072
1240.5,104.911,85.775,141.045,103.714,92.513,138.165,144.294,131.885,132.072
1240.6,104.798,85.847,141.077,103.656,92.513,138.132,144.324,131.848,132.072
1240.7,104.741,85.847,140.918,103.829,92.447,138.165,144.324,131.848,132.072
1240.8,104.798,85.775,141.109,103.714,92.447,138.098,144.294,131.885,132.109
1240.9,104.854,85.702,141.109,103.714,92.447,138.199,144.324,131.96,132.072
1241.0,104.798,85.775,141.045,103.714,92.447,138.132,144.383,131.848,132.109
1241.1,104.798,85.702,141.077,103.656,92.38,138.132,144.324,131.81,132.072
1241.2,104.798,85.702,141.077,103.714,92.447,138.165,144.354,131.885,132.035
1241.3,104.798,85.702,141.109,103.656,92.447,138.165,144.233,131.848,132.147
1241.4,104.854,85.775,141.109,103.714,92.313,138.132,144.294,131.885,132.109
1241.5,104.798,85.775,141.077,103.656,92.313,138.098,144.354,131.81,132.035
1241.6,104.854,85.702,141.045,103.656,92.38,138.232,144.324,131.848,132.109
1241.7,104.798,85.63,141.077,103.599,92.38,138.165,144.324,131.81,132.109
1241.8,104.798,85.702,141.077,103.656,92.38,138.132,144.324,131.81,131.997
1241.9,104.798,85.63,141.077,103.656,92.313,138.098,144.324,131.848,132.035
1242.0,104.854,85.702,141.077,103.656,92.313,138.132,144.324,131.81,132.109
1242.1,104.798,85.557,141.077,103.656,92.38,138.165,144.294,131.848,132.147
1242.2,104.798,85.63,141.045,103.714,92.38,138.132,144.324,131.848,132.072
1242.3,104.798,85.702,141.141,103.714,92.246,138.132,144.294,131.885,132.109
1242.4,104.798,85.702,141.077,103.656,92.313,138.132,144.324,131.848,132.035
1242.5,104.741,85.557,141.045,103.656,92.246,138.165,144.324,131.848,132.035
1242.6,104.798,85.557,141.045,103.599,92.246,138.132,144.324,131.922,132.072
1242.7,104.741,85.63,141.013,103.714,92.246,138.132,144.294,131.848,132.072
1242.8,104.741,85.63,141.077,103.656,92.246,138.132,144.294,131.885,132.147
1242.9,104.741,85.484,141.077,103.599,92.246,138.098,144.294,131.848,132.072
1243.0,104.741,85.702,141.045,103.599,92.313,138.132,144.354,131.848,132.072
1243.1,104.741,85.557,141.045,103.714,92.313,138.098,144.324,131.772,132.109
1243.2,104.741,85.557,141.045,103.656,92.313,138.098,144.324,131.848,132.072
1243.3,104.741,85.484,141.045,103.599,92.179,138.098,144.294,131.81,132.035
1243.4,104.741,85.557,141.045,103.599,92.179,138.132,144.294,131.96,132.109
1243.5,104.741,85.484,141.045,103.714,92.179,138.132,144.324,131.848,132.072
1243.6,104.741,85.557,141.109,103.599,92.112,138.132,144.324,131.848,132.072
1243.7,104.684,85.484,141.077,103.656,92.179,138.132,144.294,131.81,132.072
1243.8,104.684,85.557,141.013,103.599,92.179,138.132,144.354,131.848,132.072
1243.9,104.798,85.484,141.045,103.599,92.045,138.132,144.294,131.885,132.072
1244.0,104.741,85.412,141.077,103.656,92.112,138.132,144.324,131.848,132.109
1244.1,104.854,85.412,141.045,103.599,92.179,138.098,144.263,131.81,132.109
1244.2,104.684,85.557,141.077,103.426,92.112,138.132,144.294,131.81,132.184
1244.3,104.798,85.484,141.045,103.599,92.179,138.165,144.354,131.848,131.997
1244.4,104.798,85.412,141.045,103.599,92.045,138.098,144.383,131.848,132.072
1244.5,104.684,85.412,141.045,103.656,92.045,138.165,144.263,131.848,132.072
1244.6,104.741,85.412,141.045,103.599,92.112,138.199,144.324,131.922,132.035
1244.7,104.684,85.412,141.045,103.656,92.045,138.132,144.324,131.81,132.109
1244.8,104.684,85.339,141.013,103.656,92.112,138.098,144.324,131.735,132.035
1244.9,104.684,85.412,141.077,103.656,92.045,138.098,144.294,131.848,132.035
1245.0,104.684,85.339,141.077,103.656,92.045,138.098,144.324,131.81,132.072
1245.1,104.684,85.484,141.077,103.599,92.112,138.098,144.294,131.848,132.035
1245.2,104.741,85.339,141.013,103.599,91.978,138.098,144.324,131.848,132.035
1245.3,104.741,85.339,141.045,103.656,92.045,138.098,144.263,131.81,132.072
1245.4,104.684,85.266,141.045,103.599,91.978,138.098,144.233,131.848,132.035
1245.5,104.628,85.339,141.045,103.599,91.978,138.098,144.324,131.848,132.035
1245.6,104.684,85.339,141.045,103.599,91.978,138.132,144.324,131.848,132.035
1245.7,104.684,85.266,141.013,103.599,92.045,138.064,144.324,131.81,132.035
1245.8,104.684,85.266,140.95,103.656,91.978,138.132,144.294,131.848,131.997
1245.9,104.684,85.266,141.045,103.599,91.978,138.165,144.263,131.922,132.072
1246.0,104.684,85.266,141.045,103.541,91.978,138.165,144.324,131.922,132.072
1246.1,104.741,85.266,141.077,103.599,91.844,138.098,144.324,131.772,132.035
1246.2,104.684,85.266,141.045,103.599,91.844,138.098,144.324,131.848,131.997
1246.3,104.684,85.193,141.045,103.541,91.844,138.132,144.324,131.885,131.997
1246.4,104.628,85.266,141.013,103.483,91.844,138.098,144.383,131.848,132.147
1246.5,104.684,85.193,141.013,103.656,91.911,138.132,144.324,131.772,132.072
1246.6,104.854,85.12,141.077,103.714,91.911,138.199,144.294,131.772,132.035
1246.7,104.684,85.266,141.045,103.541,91.777,138.064,144.294,131.772,131.997
1246.8,104.741,85.12,141.045,103.599,91.911,138.098,144.294,131.81,132.072
1246.9,104.628,85.12,141.013,103.599,91.844,138.098,144.294,131.81,132.072
1247.0,104.741,85.12,141.045,103.656,91.844,138.098,144.263,131.772,132.035
1247.1,104.684,85.12,141.045,103.599,91.777,138.064,144.294,131.81,132.035
1247.2,104.628,85.047,141.013,103.599,91.777,138.098,144.263,131.735,132.035
1247.3,104.684,85.12,141.045,103.599,91.844,138.098,144.294,131.772,131.997
1247.4,104.684,85.12,141.045,103.599,91.777,138.098,144.294,131.81,132.072
1247.5,104.628,85.047,140.918,103.541,91.777,138.132,144.294,131.848,131.997
1247.6,104.628,85.12,140.981,103.541,91.777,138.098,144.324,131.81,132.035
1247.7,104.628,85.12,141.013,103.599,91.777,138.132,144.294,131.772,132.035
1247.8,104.628,85.047,141.045,103.599,91.642,138.098,144.294,131.81,131.997
1247.9,104.571,84.901,140.981,103.541,91.71,138.098,144.324,131.772,132.035
1248.0,104.628,84.901,141.045,103.599,91.71,138.031,144.294,131.81,132.072
1248.1,104.684,85.047,140.981,103.541,91.71,138.064,144.324,131.81,132.035
1248.2,104.628,85.047,141.013,103.599,91.642,138.098,144.324,131.81,131.997
1248.3,104.628,84.974,140.981,103.599,91.71,138.165,144.294,131.81,132.035
1248.4,104.628,84.974,141.045,103.599,91.642,138.098,144.324,131.885,132.035
1248.5,104.571,84.974,141.109,103.541,91.575,138.064,144.294,131.81,132.072
1248.6,104.571,84.974,141.045,103.599,91.642,138.165,144.324,131.81,132.035
1248.7,104.628,84.901,141.013,103.541,91.642,138.064,144.294,131.848,132.072
1248.8,104.571,84.901,141.045,103.483,91.642,138.064,144.294,131.81,132.035
1248.9,104.628,84.974,140.981,103.541,91.642,137.963,144.294,131.772,132.035
1249.0,104.628,84.827,141.045,103.541,91.642,138.064,144.294,131.772,132.035
1249.1,104.457,84.901,141.013,103.541,91.575,138.064,144.294,131.772,131.96
1249.2,104.628,84.901,141.077,103.541,91.575,138.064,144.263,131.848,132.035
1249.3,104.571,84.754,140.95,103.541,91.575,138.098,144.294,131.81,131.997
1249.4,104.571,84.901,140.918,103.599,91.508,138.098,144.263,131.772,132.035
1249.5,104.571,84.827,141.045,103.541,91.508,138.098,144.294,131.772,132.035
1249.6,104.571,84.754,141.045,103.771,91.642,138.064,144.324,131.735,131.96
1249.7,104.514,84.827,141.013,103.541,91.44,138.064,144.294,131.81,132.072
1249.8,104.628,84.827,141.013,103.541,91.508,138.031,144.294,131.772,132.035
1249.9,104.571,84.754,141.045,103.541,91.508,138.064,144.294,131.81,132.035
1250.0,104.457,84.754,141.013,103.599,91.44,138.098,144.294,131.772,132.035
1250.1,104.514,84.754,141.013,103.541,91.44,138.098,144.263,131.772,131.885
1250.2,104.571,84.827,141.045,103.541,91.44,138.098,144.263,131.772,132.035
1250.3,104.571,84.754,140.981,103.483,91.44,138.064,144.324,131.81,131.96
1250.4,104.514,84.754,141.045,103.483,91.372,138.064,144.233,131.81,131.997
1250.5,104.571,84.754,141.045,103.541,91.372,138.031,144.263,131.735,132.072
1250.6,104.571,84.754,141.013,103.541,91.372,138.098,144.294,131.772,132.035
1250.7,104.628,84.681,140.981,103.483,91.372,138.031,144.263,131.848,132.072
1250.8,104.571,84.681,141.013,103.426,91.305,138.064,144.294,131.772,132.035
1250.9,104.457,84.681,141.045,103.483,91.508,138.064,144.294,131.772,131.997
1251.0,104.514,84.607,141.013,103.541,91.305,138.064,144.233,131.772,131.997
1251.1,104.514,84.754,140.981,103.541,91.305,138.098,144.294,131.772,131.997
1251.2,104.514,84.534,140.95,103.541,91.305,138.064,144.294,131.81,132.072
1251.3,104.628,84.754,140.981,103.483,91.305,138.064,144.263,131.848,131.997
1251.4,104.571,84.681,140.95,103.483,91.305,138.064,144.413,131.885,131.997
1251.5,104.514,84.534,140.981,103.483,91.305,138.064,144.233,131.772,131.997
1251.6,104.4,84.607,141.013,103.483,91.237,138.031,144.263,131.735,131.997
1251.7,104.514,84.607,140.95,103.483,91.237,138.064,144.263,131.772,132.035
1251.8,104.571,84.534,141.109,103.483,91.305,138.031,144.233,131.81,131.997
1251.9,104.514,84.607,140.981,103.541,91.237,138.031,144.294,131.772,131.96
1252.0,104.4,84.46,141.077,103.483,91.237,138.031,144.294,131.81,132.184
1252.1,104.514,84.46,140.981,103.483,91.237,138.064,144.263,131.735,131.96
1252.2,104.514,84.534,140.981,103.426,91.169,138.031,144.294,131.772,131.96
1252.3,104.457,84.534,140.981,103.541,91.169,138.031,144.324,131.772,131.96
1252.4,104.457,84.313,140.981,103.483,91.237,138.098,144.263,131.772,131.997
1252.5,104.343,84.46,140.981,103.483,91.102,138.031,144.294,131.772,131.997
1252.6,104.514,84.387,140.981,103.483,91.237,138.031,144.294,131.81,132.035
1252.7,104.457,84.46,140.95,103.426,91.169,138.064,144.263,131.772,131.997
1252.8,104.457,84.46,140.981,103.426,91.034,138.064,144.263,131.772,131.997
1252.9,104.514,84.46,140.981,103.483,91.102,138.031,144.324,131.772,131.997
1253.0,104.514,84.46,141.013,103.483,91.102,138.031,144.294,131.772,131.997
1253.1,104.4,84.387,140.981,103.483,91.102,138.031,144.294,131.697,131.96
1253.2,104.514,84.46,140.95,103.483,91.169,138.064,144.263,131.772,132.072
1253.3,104.457,84.46,141.045,103.483,91.102,138.098,144.324,131.735,132.035
1253.4,104.514,84.387,140.981,103.483,90.966,137.997,144.263,131.735,131.96
1253.5,104.4,84.313,141.013,103.483,91.102,138.031,144.263,131.772,131.997
1253.6,104.514,84.387,140.981,103.483,91.102,138.031,144.263,131.848,132.072
1253.7,104.457,84.387,140.981,103.426,91.034,138.132,144.324,131.735,131.96
1253.8,104.457,84.313,140.981,103.483,91.034,138.031,144.263,131.772,131.997
1253.9,104.457,84.387,140.981,103.483,91.034,138.031,144.263,131.772,131.96
1254.0,104.4,84.313,140.95,103.483,91.102,138.031,144.324,131.772,131.997
1254.1,104.4,84.313,140.981,103.426,90.966,137.963,144.294,131.772,131.96
1254.2,104.457,84.313,140.95,103.426,91.034,137.997,144.233,131.772,131.96
1254.3,104.4,84.387,141.141,103.483,90.966,138.031,144.263,131.772,131.997
1254.4,104.457,84.239,140.95,103.483,91.034,138.031,144.294,131.772,131.96
1254.5,104.457,84.239,140.981,103.426,90.898,138.132,144.263,131.735,131.997
1254.6,104.4,84.313,140.95,103.426,91.102,137.997,144.294,131.735,131.997
1254.7,104.457,84.239,141.013,103.483,90.898,138.064,144.233,131.772,131.997
1254.8,104.457,84.313,140.886,103.483,91.102,137.997,144.263,131.772,131.997
1254.9,104.4,84.239,140.981,103.426,90.966,138.031,144.294,131.772,131.96
1255.0,104.4,84.239,140.981,103.368,90.898,138.031,144.294,131.885,131.922
1255.1,104.4,84.239,141.013,103.483,90.966,137.997,144.233,131.772,131.997
1255.2,104.4,84.165,140.95,103.426,90.83,138.031,144.263,131.735,131.96
1255.3,104.4,84.239,140.981,103.426,90.898,138.031,144.263,131.772,131.96
1255.4,104.4,84.165,140.981,103.426,90.966,138.031,144.294,131.772,131.922
1255.5,104.343,84.165,140.886,103.426,90.83,138.031,144.294,131.772,132.035
1255.6,104.514,84.165,140.95,103.368,90.898,138.064,144.324,131.772,131.96
1255.7,104.457,84.165,140.981,103.368,90.898,138.031,144.263,131.735,131.96
1255.8,104.457,84.165,140.95,103.426,90.898,137.997,144.294,131.735,131.922
1255.9,104.4,84.091,140.981,103.483,90.83,138.031,144.263,131.735,131.922
1256.0,104.4,84.091,140.95,103.483,90.898,138.031,144.263,131.735,131.922
1256.1,104.343,84.091,140.95,103.426,90.83,138.031,144.263,131.81,131.997
1256.2,104.514,84.017,140.95,103.483,90.762,137.997,144.263,131.772,131.922
1256.3,104.4,84.017,140.981,103.31,90.762,138.031,144.263,131.848,131.997
1256.4,104.4,84.017,140.95,103.368,90.762,137.997,144.263,131.81,131.997
1256.5,104.4,84.017,140.918,103.426,90.762,137.963,144.263,131.697,131.997
1256.6,104.4,84.091,140.95,103.426,90.694,137.997,144.263,131.735,131.922
1256.7,104.343,84.017,140.918,103.483,90.83,137.997,144.263,131.772,131.96
1256.8,104.343,83.943,140.95,103.426,90.694,137.997,144.324,131.81,131.922
1256.9,104.343,83.943,140.95,103.368,90.762,137.997,144.263,131.735,131.96
1257.0,104.343,83.943,140.95,103.368,90.694,138.031,144.263,131.735,131.96
1257.1,104.4,83.943,140.918,103.426,90.762,138.031,144.324,131.772,131.922
1257.2,104.343,84.017,140.918,103.368,90.626,138.031,144.263,131.697,131.96
1257.3,104.343,83.943,140.95,103.426,90.762,137.997,144.203,131.697,131.922
1257.4,104.4,83.869,140.918,103.368,90.694,138.031,144.233,131.735,131.922
1257.5,104.4,84.017,140.981,103.483,90.694,137.963,144.324,131.697,132.035
1257.6,104.286,84.017,140.918,103.368,90.626,137.997,144.263,131.735,131.922
1257.7,104.4,83.943,140.918,103.368,90.626,137.997,144.294,131.697,131.997
1257.8,104.457,83.943,140.981,103.368,90.626,137.929,144.233,131.697,131.96
1257.9,104.286,83.869,140.981,103.368,90.694,137.929,144.263,131.772,131.922
1258.0,104.343,83.869,141.013,103.368,90.557,137.963,144.443,131.772,131.922
1258.1,104.286,83.869,140.918,103.368,90.557,138.031,144.324,131.697,131.997
1258.2,104.343,83.869,140.918,103.426,90.557,137.997,144.263,131.66,131.96
1258.3,104.4,83.869,140.886,103.426,90.626,137.997,144.263,131.81,131.922
1258.4,104.286,83.869,140.95,103.426,90.557,137.997,144.233,131.66,131.922
1258.5,104.286,83.869,140.981,103.252,90.489,137.963,144.203,131.735,131.96
1258.6,104.286,83.795,140.918,103.368,90.489,137.997,144.233,131.735,131.96
1258.7,104.343,83.795,140.918,103.368,90.421,137.963,144.294,131.772,131.96
1258.8,104.286,83.795,140.725,103.368,90.489,137.997,144.263,131.735,131.922
1258.9,104.343,83.795,140.886,103.368,90.284,137.963,144.233,131.735,131.96
1259.0,104.343,83.647,140.95,103.368,90.489,137.997,144.263,131.772,131.885
1259.1,104.286,83.721,140.95,103.483,90.489,137.997,144.203,131.772,131.96
1259.2,104.343,83.647,140.918,103.31,90.421,138.031,144.263,131.735,131.96
1259.3,104.286,83.721,140.981,103.368,90.489,137.963,144.233,131.735,131.922
1259.4,104.343,83.795,140.918,103.368,90.489,137.997,144.263,131.735,131.96
1259.5,104.343,83.647,140.918,103.368,90.352,137.963,144.233,131.622,132.035
1259.6,104.343,83.795,140.918,103.31,90.421,137.963,144.294,131.697,131.96
1259.7,103.829,83.647,140.95,103.31,90.352,137.997,144.233,131.735,131.96
1259.8,104.343,83.647,140.918,103.426,90.557,138.064,144.233,131.697,131.885
1259.9,104.229,83.721,140.854,103.368,90.284,137.997,144.173,131.697,131.922
1260.0,104.286,83.572,140.918,103.368,90.352,137.862,144.233,131.735,131.96
1260.1,104.286,83.423,140.95,103.368,90.215,137.963,144.233,131.697,131.922
1260.2,104.229,83.572,140.886,103.368,90.284,137.963,144.203,131.697,131.922
1260.3,104.229,83.572,140.95,103.31,90.421,137.963,144.233,131.697,131.96
1260.4,104.286,83.572,140.95,103.426,90.284,137.997,144.263,131.66,131.922
1260.5,104.286,83.572,140.981,103.195,90.078,137.929,144.233,131.697,131.922
1260.6,104.457,83.498,140.886,103.31,90.284,137.997,144.263,131.735,131.922
1260.7,104.286,83.572,140.854,103.368,90.215,137.963,144.294,131.697,131.96
1260.8,104.286,83.498,140.95,103.368,90.215,137.929,144.233,131.697,131.922
1260.9,104.286,83.498,140.918,103.252,90.215,137.997,144.324,131.772,131.848
1261.0,104.286,83.498,140.918,103.368,90.146,137.963,144.263,131.32,131.96
1261.1,104.172,83.498,140.918,103.31,90.146,137.929,144.263,131.735,131.885
1261.2,104.229,83.423,140.918,103.31,90.146,137.963,144.294,131.66,131.922
1261.3,104.286,83.423,140.918,103.368,90.078,137.929,144.233,131.622,131.997
1261.4,104.229,83.423,140.918,103.31,90.146,137.963,144.263,131.697,131.885
1261.5,104.229,83.423,140.886,103.31,90.146,137.963,144.263,131.735,131.885
1261.6,104.172,83.498,140.918,103.31,90.078,137.963,144.233,131.66,131.96
1261.7,104.286,83.498,140.918,103.31,90.078,137.963,144.233,131.735,131.922
1261.8,104.229,83.423,140.981,103.31,90.146,137.997,144.233,131.697,131.922
1261.9,104.229,83.423,140.918,103.426,90.078,137.963,144.203,131.772,131.922
1262.0,104.229,83.423,140.886,103.31,90.078,137.963,144.263,131.697,131.922
1262.1,104.172,83.349,140.918,103.31,90.078,137.929,144.263,131.697,132.035
1262.2,104.229,83.349,140.95,103.252,90.078,137.929,144.203,131.697,131.997
1262.3,104.229,82.449,140.886,103.31,90.078,137.997,144.263,131.697,131.885
1262.4,104.229,83.423,140.918,103.368,90.078,138.031,144.233,131.66,131.885
1262.5,104.172,83.349,140.822,103.31,90.009,137.896,144.263,131.697,131.922
1262.6,104.229,83.349,140.918,103.31,90.009,137.963,144.173,131.697,131.885
1262.7,104.172,83.274,140.886,103.31,90.009,138.064,144.263,131.697,131.885
1262.8,104.229,83.274,140.886,103.252,90.009,137.929,144.233,131.66,131.885
1262.9,104.229,83.423,140.886,103.31,89.94,137.929,144.233,131.697,131.997
1263.0,104.229,83.274,140.886,103.31,89.94,137.963,144.203,131.697,131.885
1263.1,104.172,83.274,140.886,103.252,89.94,137.963,144.233,131.66,131.885
1263.2,104.172,83.349,140.886,103.252,90.009,137.963,144.233,131.66,131.922
1263.3,104.4,83.274,140.886,103.31,90.009,137.929,144.263,131.66,131.885
1263.4,104.172,83.199,140.886,103.252,89.94,137.929,144.233,131.735,131.922
1263.5,104.286,83.199,140.854,103.31,89.94,137.963,144.233,131.697,131.922
1263.6,104.172,83.274,140.886,103.368,89.94,137.929,144.203,131.66,131.922
1263.7,104.172,83.274,140.918,103.31,90.009,137.997,144.203,131.697,131.922
1263.8,104.172,83.199,140.854,103.31,89.94,137.963,144.233,131.697,131.922
1263.9,104.172,83.199,140.918,103.252,89.803,137.929,144.263,131.735,131.885
1264.0,104.229,83.199,140.886,103.252,89.94,137.929,144.203,131.697,131.922
1264.1,104.058,83.125,140.918,103.31,89.803,137.929,144.233,131.66,132.035
1264.2,104.229,83.274,140.886,103.252,89.871,137.929,144.233,131.697,131.922
1264.3,104.172,83.125,140.886,103.368,89.871,137.929,144.203,131.622,131.922
1264.4,104.172,83.199,140.918,103.31,89.871,137.963,144.233,131.66,131.885
1264.5,104.0,83.199,140.918,103.252,89.734,137.963,144.263,131.697,131.922
1264.6,104.172,83.125,140.854,103.31,89.94,138.064,144.233,131.66,131.885
1264.7,104.115,83.125,140.918,103.252,89.803,137.929,144.233,131.66,131.922
1264.8,104.172,83.125,140.822,103.31,89.734,137.929,144.263,131.735,131.922
1264.9,104.286,83.125,140.886,103.252,89.803,137.929,144.233,131.66,131.922
1265.0,104.229,83.199,140.886,103.252,89.734,137.997,144.203,131.66,131.885
1265.1,104.229,83.125,140.854,103.252,89.803,137.929,144.203,131.735,131.885
1265.2,104.115,83.05,140.918,103.252,89.734,137.963,144.233,131.697,131.96
1265.3,104.115,83.125,140.886,103.31,89.734,137.929,144.294,131.66,131.885
1265.4,104.115,83.05,140.918,103.195,89.803,137.929,144.143,131.622,131.885
1265.5,104.172,83.05,140.918,103.195,89.803,137.929,144.263,131.697,131.922
1265.6,104.229,82.975,140.886,103.252,89.734,137.929,144.324,131.66,131.922
1265.7,104.115,82.975,140.854,103.252,89.665,137.896,144.263,131.66,131.922
1265.8,104.115,83.199,140.886,103.252,89.665,137.929,144.233,131.697,131.922
1265.9,104.172,83.125,140.854,103.252,89.734,137.963,144.203,131.697,131.922
1266.0,104.115,82.975,140.854,103.252,89.665,137.929,144.203,131.66,131.922
1266.1,104.172,82.975,140.854,103.252,89.665,137.929,144.203,131.622,131.885
1266.2,104.115,83.05,140.886,103.368,89.734,137.896,144.233,131.697,131.885
1266.3,104.115,82.975,140.886,103.252,89.734,137.929,144.233,131.66,131.885
1266.4,104.172,82.975,140.886,103.195,89.665,137.929,144.233,131.66,131.922
1266.5,104.115,82.9,140.854,103.31,89.665,137.963,144.203,131.772,131.885
1266.6,104.172,82.9,140.79,103.252,89.596,137.929,144.203,131.697,131.922
1266.7,104.058,82.9,140.886,103.252,89.596,137.896,144.263,131.697,131.922
1266.8,104.172,82.975,140.918,103.195,89.526,137.963,144.203,131.697,131.885
1266.9,104.115,82.975,140.886,103.195,89.596,137.929,144.203,131.66,131.885
1267.0,104.115,82.825,140.886,103.195,89.596,137.929,144.233,131.66,131.885
1267.1,104.115,82.9,140.886,103.195,89.526,137.929,144.203,131.697,131.848
1267.2,104.115,82.9,140.886,103.195,89.596,137.896,144.263,131.66,131.885
1267.3,104.115,82.825,140.918,103.252,89.596,137.896,144.263,131.66,131.848
1267.4,104.172,82.825,140.918,103.31,89.526,137.929,144.233,131.622,131.885
1267.5,104.172,82.825,140.854,103.252,89.526,137.896,144.263,131.66,131.922
1267.6,104.115,82.9,140.854,103.195,89.526,137.963,144.233,131.66,131.922
1267.7,104.115,82.75,140.822,103.252,89.526,137.929,144.263,131.66,131.96
1267.8,104.115,82.825,140.886,103.195,89.596,137.929,144.233,131.697,131.885
1267.9,104.058,82.9,140.886,103.252,89.457,137.896,144.173,131.697,131.885
1268.0,104.115,82.825,140.981,103.31,89.18,137.963,144.263,131.66,131.96
1268.1,104.115,82.825,140.854,103.195,89.457,137.929,144.233,131.66,131.922
1268.2,104.058,82.825,140.918,103.252,89.457,137.963,144.233,131.697,131.885
1268.3,104.172,82.75,140.886,103.195,89.526,137.963,144.203,131.66,131.848
1268.4,104.115,82.75,140.854,103.252,89.457,137.896,144.203,131.622,131.848
1268.5,104.115,82.825,140.854,103.252,89.388,137.862,144.263,131.66,131.922
1268.6,104.115,82.75,140.854,103.252,89.388,137.862,144.263,131.772,131.848
1268.7,104.115,82.75,140.981,103.195,89.526,137.929,144.203,131.622,131.922
1268.8,104.058,82.75,140.822,103.252,89.526,137.896,144.233,131.66,131.848
1268.9,104.058,82.675,140.886,103.195,89.388,137.896,144.263,131.622,131.848
1269.0,104.058,82.675,140.854,103.195,89.388,137.862,144.263,131.622,131.848
1269.1,104.058,82.675,140.854,103.137,89.388,137.896,144.173,131.697,131.735
1269.2,104.058,82.75,140.822,103.31,89.319,137.963,144.263,131.66,131.848
1269.3,104.058,82.675,140.822,103.252,89.249,137.929,144.324,131.697,131.922
1269.4,104.115,82.675,140.854,103.252,89.319,137.896,144.263,131.622,131.885
1269.5,104.0,82.675,140.79,103.252,89.319,137.896,144.203,131.584,131.885
1269.6,104.115,82.825,140.854,103.252,89.388,137.896,144.203,131.622,131.885
1269.7,104.058,82.675,140.822,103.195,89.319,137.862,144.263,131.697,131.885
1269.8,104.115,82.599,140.854,103.021,89.249,137.929,144.263,131.697,131.848
1269.9,104.0,82.599,140.854,103.195,89.388,137.862,144.203,131.622,131.885
1270.0,104.058,82.524,140.854,103.195,89.319,137.896,144.263,131.66,131.885
1270.1,104.058,82.599,140.854,103.137,89.249,137.896,144.233,131.66,131.885
1270.2,104.058,82.599,140.854,103.021,89.18,137.862,144.233,131.622,131.885
1270.3,104.058,82.524,140.822,103.137,89.319,137.896,144.233,131.697,131.885
1270.4,104.115,82.449,140.854,103.195,89.249,137.862,144.233,131.66,131.885
1270.5,104.0,82.524,140.854,103.137,89.249,137.862,144.263,131.509,131.885
1270.6,104.058,82.599,140.854,103.195,89.319,137.896,144.083,131.584,131.848
1270.7,104.0,82.373,140.854,103.195,89.18,137.896,144.203,131.584,131.848
1270.8,104.0,82.524,140.854,103.195,89.18,137.896,144.233,131.66,131.848
1270.9,104.058,82.524,140.886,103.137,89.18,137.896,144.233,131.622,131.96
1271.0,104.0,82.449,140.822,103.137,89.18,137.896,144.203,131.622,131.848
1271.1,104.058,82.449,140.886,103.137,89.319,137.862,144.203,131.584,131.922
1271.2,104.0,82.524,140.918,103.137,89.041,137.896,144.203,131.66,131.922
1271.3,104.115,82.449,140.822,103.137,89.11,137.896,144.263,131.697,131.885
1271.4,104.058,82.147,140.822,103.137,89.18,137.862,144.203,131.584,131.848
1271.5,104.0,82.373,140.822,103.137,89.11,137.862,144.203,131.622,131.922
1271.6,103.943,82.373,140.854,103.137,89.11,137.862,144.233,131.622,131.885
1271.7,104.0,82.524,140.918,103.079,89.11,137.896,144.263,131.66,131.81
1271.8,104.058,82.298,140.822,103.079,88.971,137.896,144.233,131.622,131.885
1271.9,104.058,82.449,140.854,103.252,89.041,137.896,144.233,131.622,131.885
1272.0,104.0,82.373,140.854,103.137,89.041,137.896,144.203,131.622,131.848
1272.1,104.0,82.449,140.854,103.195,89.11,137.862,144.173,131.622,131.848
1272.2,104.0,82.373,140.886,103.137,89.11,137.896,144.263,131.622,131.81
1272.3,104.0,82.222,140.918,103.137,89.041,137.794,144.203,131.622,131.848
1272.4,104.0,82.373,140.886,103.079,89.041,137.896,144.203,131.622,131.81
1272.5,104.058,82.298,140.822,103.195,89.041,137.929,144.173,131.622,131.922
1272.6,104.0,82.298,140.822,103.137,89.041,137.896,144.203,131.622,131.81
1272.7,104.0,82.373,140.854,103.079,88.971,137.828,144.203,131.622,131.848
1272.8,104.058,82.298,140.854,103.137,88.971,137.896,144.203,131.697,131.81
1272.9,104.0,82.222,140.854,103.079,88.971,137.896,144.203,131.622,131.885
1273.0,103.943,82.298,140.822,103.195,88.971,137.896,144.203,131.66,131.885
1273.1,104.0,82.222,140.822,103.137,88.971,137.896,144.143,131.66,131.885
1273.2,103.943,82.298,140.822,103.137,88.901,137.896,144.233,131.66,131.885
1273.3,104.115,82.298,140.822,103.137,88.901,137.828,144.173,131.622,131.848
1273.4,104.0,82.222,140.854,103.195,88.901,137.862,144.233,131.66,131.848
1273.5,103.886,82.298,140.822,103.195,88.901,137.761,144.233,131.622,131.848
1273.6,104.058,82.298,140.854,103.079,89.041,137.862,144.083,131.622,131.922
1273.7,103.943,82.222,140.854,103.137,88.832,137.862,144.203,131.66,131.96
1273.8,104.0,82.147,140.854,103.079,88.901,137.896,144.143,131.584,131.885
1273.9,104.058,82.147,140.822,103.137,88.832,137.828,144.233,131.66,131.848
1274.0,104.0,82.147,140.886,103.195,89.041,137.862,144.203,131.622,131.81
1274.1,103.943,82.222,140.79,103.252,88.901,137.896,144.203,131.547,131.81
1274.2,104.0,82.147,140.822,103.079,88.762,137.896,144.263,131.584,131.848
1274.3,103.943,82.147,140.854,103.137,89.11,137.896,144.203,131.66,131.848
1274.4,103.943,82.222,140.822,103.483,88.901,137.828,144.203,131.622,131.848
1274.5,103.943,82.147,140.79,103.079,88.762,137.862,144.173,131.584,131.848
1274.6,103.943,82.071,140.822,103.137,88.762,137.828,144.203,131.622,131.848
1274.7,104.0,82.147,140.854,103.137,88.762,137.862,144.173,131.622,131.772
1274.8,103.943,82.071,140.886,103.021,88.832,137.862,144.173,131.584,131.81
1274.9,103.886,82.147,140.822,103.252,88.692,137.828,144.233,131.584,131.848
1275.0,103.886,82.071,140.822,103.079,88.692,137.828,144.173,131.584,131.885
1275.1,103.943,82.071,140.822,103.137,88.762,137.896,144.173,131.584,131.81
1275.2,103.943,82.071,140.822,103.079,88.832,137.862,144.203,131.547,131.885
1275.3,103.886,82.071,140.79,103.079,88.692,137.896,144.203,131.584,131.81
1275.4,103.943,82.071,140.854,103.137,88.762,137.862,144.203,131.584,131.885
1275.5,103.943,81.995,140.79,103.137,88.692,137.896,144.233,131.622,131.81
1275.6,103.943,81.995,140.758,103.137,88.692,137.862,144.143,131.622,131.81
1275.7,103.943,82.071,140.822,103.079,88.622,137.828,144.203,131.66,131.848
1275.8,103.943,81.995,140.822,103.137,88.762,137.794,144.173,131.66,131.81
1275.9,103.943,81.919,140.758,103.079,88.622,137.862,144.203,131.622,131.848
1276.0,103.943,82.071,140.822,103.137,88.692,137.862,144.173,131.622,131.772
1276.1,103.943,81.919,140.79,103.079,88.622,137.862,144.203,131.622,131.885
1276.2,103.886,81.995,140.854,103.137,88.622,137.862,144.233,131.622,131.885
1276.3,104.0,81.919,140.79,103.079,88.622,137.828,144.233,131.622,131.848
1276.4,104.058,81.919,140.79,103.079,88.622,137.828,144.173,131.622,131.848
1276.5,104.0,81.995,140.854,103.137,88.622,137.828,144.173,131.622,131.848
1276.6,103.943,82.071,140.854,103.079,88.622,137.828,144.294,131.622,131.81
1276.7,103.886,81.843,140.854,103.021,88.552,137.929,144.173,131.622,131.848
1276.8,104.0,81.919,140.79,103.137,88.552,137.896,144.143,131.584,131.922
1276.9,103.886,81.843,140.661,103.137,88.552,137.862,144.143,131.622,131.848
1277.0,103.943,81.919,140.79,103.137,88.552,137.862,144.143,131.66,131.848
1277.1,103.886,81.767,140.79,103.079,88.552,137.828,144.203,131.622,131.848
1277.2,103.829,81.843,140.79,103.079,88.482,137.862,144.173,131.622,131.81
1277.3,103.886,81.843,140.758,103.079,88.482,137.896,144.263,131.584,131.81
1277.4,103.886,81.767,140.822,103.021,88.482,137.828,144.203,131.66,131.848
1277.5,103.886,81.767,140.886,103.079,88.482,137.828,144.173,131.697,131.848
1277.6,103.886,81.767,140.822,103.137,88.482,137.828,144.263,131.622,131.81
1277.7,103.886,81.767,140.854,103.079,88.412,137.828,144.203,131.584,131.848
1277.8,103.886,81.691,140.79,103.252,88.412,137.828,144.173,131.697,131.81
1277.9,103.886,81.691,140.79,103.079,88.482,137.828,144.143,131.622,131.848
1278.0,103.886,81.767,140.79,103.195,88.412,137.794,144.173,131.622,131.848
1278.1,103.943,81.767,140.79,103.079,88.482,137.828,144.203,131.584,131.81
1278.2,103.886,81.767,140.822,103.079,88.342,137.794,144.203,131.584,131.848
1278.3,103.886,81.767,140.822,103.079,88.412,137.828,144.143,131.66,131.772
1278.4,103.886,81.767,140.79,103.079,88.342,137.896,144.203,131.622,131.848
1278.5,103.886,81.691,140.79,103.021,88.342,137.997,144.173,131.584,131.885
1278.6,103.943,81.691,140.79,103.079,88.412,137.828,144.203,131.622,131.885
1278.7,103.886,81.691,140.79,103.079,88.342,137.828,144.143,131.584,131.81
1278.8,103.886,81.691,140.918,103.079,88.342,137.794,144.173,131.584,131.772
1278.9,103.886,81.615,140.854,103.021,88.342,137.828,144.173,131.66,131.81
1279.0,103.886,81.615,140.822,103.021,88.272,137.794,144.173,131.584,131.81
1279.1,103.886,81.615,140.822,103.021,88.412,137.794,144.203,131.547,131.81
1279.2,103.829,81.615,140.822,103.079,88.342,137.828,144.173,131.584,131.997
1279.3,104.0,81.615,140.79,102.963,88.342,137.828,144.173,131.622,131.848
1279.4,103.943,81.615,140.79,103.079,88.201,137.862,144.173,131.584,131.81
1279.5,103.829,81.615,140.79,103.079,88.272,137.828,144.203,131.584,131.848
1279.6,103.829,81.539,140.758,103.021,88.342,137.828,144.233,131.622,131.81
1279.7,103.829,81.615,140.758,103.021,88.272,137.828,144.233,131.584,131.772
1279.8,103.943,81.539,140.79,103.021,88.201,137.794,144.173,131.622,131.772
1279.9,103.829,81.615,140.79,103.021,88.201,137.828,144.113,131.584,131.735
1280.0,103.829,81.539,140.758,102.963,88.201,137.828,144.173,131.584,131.81
1280.1,103.829,81.615,140.79,103.021,88.201,137.794,144.263,131.584,131.81
1280.2,103.886,81.539,140.854,103.021,88.131,137.828,144.203,131.584,131.81
1280.3,103.829,81.539,140.758,103.021,88.131,137.794,144.203,131.547,131.848
1280.4,103.829,81.463,140.758,103.021,88.201,137.794,144.173,131.584,131.81
1280.5,103.886,81.539,140.758,103.079,88.061,137.828,144.143,131.547,131.81
1280.6,103.829,81.463,140.79,103.021,88.131,137.794,144.173,131.584,131.81
1280.7,103.829,81.463,140.79,103.021,88.061,137.794,144.143,131.547,131.81
1280.8,103.829,81.539,140.693,102.963,88.131,137.828,144.203,131.547,131.772
1280.9,103.829,81.386,140.758,103.021,88.131,137.828,144.143,131.584,131.848
1281.0,103.829,81.463,140.79,103.021,88.061,137.828,144.173,131.584,131.81
1281.1,103.829,81.463,140.79,103.021,88.061,137.794,144.203,131.584,131.81
1281.2,103.829,81.463,140.822,103.021,87.99,137.794,144.203,131.584,131.848
1281.3,103.829,81.386,140.79,102.963,88.131,137.761,144.173,131.622,131.772
1281.4,103.829,81.463,140.822,103.021,87.99,137.828,144.173,131.584,131.81
1281.5,103.771,81.386,140.79,102.963,88.061,137.794,144.203,131.584,131.772
1281.6,103.714,81.31,140.79,103.021,87.99,137.828,144.143,131.547,131.81
1281.7,103.829,81.31,140.79,103.079,87.99,137.794,144.263,131.584,131.848
1281.8,103.886,81.386,140.79,102.963,88.061,137.794,144.173,131.547,131.772
1281.9,103.829,81.31,140.758,102.963,87.99,137.828,144.173,131.584,131.772
1282.0,103.771,81.31,140.79,103.021,87.99,137.794,144.143,131.547,131.81
1282.1,103.714,81.31,140.854,103.021,87.92,137.794,144.203,131.547,131.81
1282.2,103.829,81.234,140.758,103.021,87.99,137.794,144.173,131.622,131.81
1282.3,103.829,81.234,140.725,103.079,87.92,137.794,144.113,131.547,131.81
1282.4,103.771,81.234,140.822,103.021,87.99,137.794,144.173,131.547,131.772
1282.5,103.829,81.386,140.79,102.963,87.92,137.828,144.173,131.584,131.772
1282.6,103.886,81.234,140.758,102.904,87.92,137.828,144.173,131.547,131.848
1282.7,103.829,81.31,140.725,103.021,87.92,137.794,144.203,131.622,131.81
1282.8,103.771,81.31,140.725,102.963,87.849,137.761,144.203,131.622,131.81
1282.9,103.829,81.234,140.79,102.963,87.92,137.794,144.113,131.547,131.772
1283.0,103.771,81.234,140.79,103.021,87.92,137.794,144.143,131.584,131.81
1283.1,103.771,81.08,140.693,102.963,87.92,137.794,144.203,131.584,131.81
1283.2,103.771,81.234,140.758,103.021,87.92,137.794,144.173,131.622,131.81
1283.3,103.771,81.234,140.886,103.021,87.92,137.761,144.173,131.66,131.772
1283.4,103.886,81.157,140.758,103.021,87.849,137.794,144.203,131.622,131.848
1283.5,103.771,81.234,140.79,102.963,87.708,137.794,144.203,131.547,131.772
1283.6,103.829,81.234,140.725,102.963,87.92,137.794,144.173,131.547,131.81
1283.7,103.829,81.157,140.79,103.021,87.849,137.794,144.233,131.547,131.772
1283.8,103.714,81.08,140.758,102.963,87.778,137.761,144.143,131.547,131.772
1283.9,103.714,81.157,140.725,102.963,87.778,137.828,144.173,131.622,131.772
1284.0,103.771,81.157,140.822,102.963,87.849,137.828,144.173,131.547,131.772
1284.1,103.771,81.157,140.79,102.963,87.778,137.794,144.173,131.584,131.848
1284.2,103.714,81.157,140.79,103.021,87.778,137.828,144.143,131.547,131.772
1284.3,103.714,81.08,140.725,102.963,87.778,137.761,144.173,131.584,131.772
1284.4,103.771,81.08,140.758,102.963,87.637,137.794,144.143,131.547,131.81
1284.5,103.829,81.08,140.758,102.963,87.778,137.794,144.173,131.584,131.81
1284.6,103.771,81.157,140.725,103.021,87.708,137.761,144.143,131.584,131.697
1284.7,103.714,81.08,140.758,103.021,87.708,137.761,144.173,131.584,131.772
1284.8,103.771,81.08,140.725,102.904,87.708,137.794,144.203,131.547,131.772
1284.9,103.829,81.157,140.79,102.963,87.708,137.828,144.173,131.547,131.772
1285.0,103.714,81.08,140.758,102.963,87.637,137.794,144.143,131.547,131.772
1285.1,103.771,81.08,140.758,103.021,87.778,137.761,144.203,131.584,131.772
1285.2,103.829,81.004,140.79,102.963,87.708,137.761,144.173,131.509,131.848
1285.3,103.771,81.004,140.758,103.021,87.637,137.794,144.143,131.622,131.772
1285.4,103.714,81.004,140.725,102.963,87.708,137.761,144.203,131.547,131.772
1285.5,103.771,81.157,140.758,102.963,87.708,137.761,144.143,131.547,131.81
1285.6,103.771,81.08,140.725,103.021,87.637,137.761,144.173,131.547,131.772
1285.7,103.714,81.08,140.758,102.963,87.637,137.727,144.173,131.547,131.772
1285.8,103.771,81.004,140.725,102.963,87.637,137.794,144.173,131.547,131.772
1285.9,103.771,81.08,140.758,102.963,87.566,137.794,144.173,131.584,131.772
1286.0,103.771,80.927,140.79,102.963,87.849,137.727,144.143,131.547,131.772
1286.1,103.714,80.927,140.725,102.963,87.637,137.794,144.143,131.584,131.848
1286.2,103.714,80.927,140.79,102.963,87.566,137.794,144.203,131.547,131.772
1286.3,103.714,80.927,140.758,102.963,87.566,137.761,144.113,131.584,131.81
1286.4,103.714,81.004,140.79,102.963,87.566,137.794,144.203,131.547,131.772
1286.5,103.714,80.927,140.725,102.904,87.566,137.761,144.203,131.622,131.735
1286.6,103.943,80.85,140.725,102.846,87.566,137.794,144.143,131.547,131.81
1286.7,103.771,80.85,140.758,102.963,87.495,137.761,144.053,131.547,131.81
1286.8,103.771,80.927,140.661,102.963,87.495,137.761,144.233,131.509,131.772
1286.9,103.714,80.85,140.725,102.963,87.495,137.761,144.143,131.66,131.735
1287.0,103.771,80.927,140.725,102.963,87.566,137.761,144.203,131.547,131.81
1287.1,103.599,80.773,140.79,102.963,87.495,137.761,144.203,131.547,131.848
1287.2,103.656,80.85,140.693,102.963,87.637,137.828,144.143,131.584,131.772
1287.3,103.714,80.85,140.725,102.963,87.495,137.761,144.113,131.547,131.772
1287.4,103.771,80.773,140.758,103.021,87.495,137.727,144.203,131.509,131.848
1287.5,103.829,80.85,140.725,102.963,87.424,137.761,144.143,131.547,131.772
1287.6,103.771,80.85,140.758,102.904,87.424,137.761,144.083,131.547,131.772
1287.7,103.714,80.85,140.758,102.904,87.353,137.794,144.143,131.547,131.848
1287.8,103.714,80.85,140.725,102.904,87.424,137.794,144.143,131.547,131.772
1287.9,103.829,80.773,140.725,103.079,87.424,137.828,144.143,131.471,131.772
1288.0,103.714,80.773,140.758,102.904,87.424,137.896,144.023,131.584,131.772
1288.1,103.829,80.773,140.79,102.904,87.353,137.794,144.173,131.584,131.772
1288.2,103.714,80.696,140.725,102.904,87.424,137.794,144.143,131.584,131.772
1288.3,103.656,80.696,140.725,102.963,87.495,137.761,144.143,131.547,131.81
1288.4,103.714,80.696,140.758,103.021,87.566,137.761,144.173,131.547,131.772
1288.5,103.714,80.696,140.725,102.846,87.353,137.727,144.143,131.584,131.772
1288.6,103.714,80.696,140.758,102.904,87.282,137.761,144.173,131.547,131.772
1288.7,103.714,80.619,140.693,103.021,87.282,137.794,144.173,131.509,131.772
1288.8,103.656,80.696,140.725,103.079,87.282,137.761,144.143,131.547,131.848
1288.9,103.656,80.696,140.725,102.904,87.282,137.761,144.143,131.547,131.735
1289.0,103.714,80.619,140.725,102.904,87.353,137.761,144.143,131.547,131.772
1289.1,104.967,80.619,140.725,102.904,87.353,137.727,144.143,131.471,131.772
1289.2,103.599,80.619,140.758,103.021,87.282,137.761,144.143,131.584,131.735
1289.3,103.599,80.619,140.758,103.021,87.211,137.761,144.113,131.66,131.697
1289.4,103.656,80.619,140.693,102.904,87.211,137.761,144.233,131.509,131.735
1289.5,103.771,80.542,140.725,102.904,87.211,137.761,144.113,131.509,131.772
1289.6,103.656,80.696,140.693,102.963,87.211,137.727,144.143,131.547,131.81
1289.7,103.599,80.619,140.79,102.963,87.211,137.727,144.143,131.622,131.81
1289.8,103.714,80.619,140.725,102.904,87.211,137.862,144.143,131.547,131.735
1289.9,103.599,80.542,140.725,102.963,87.14,137.761,144.143,131.547,131.66
1290.0,103.656,80.619,140.725,102.846,87.14,137.727,144.143,131.509,131.772
1290.1,103.771,80.465,140.693,102.904,87.14,137.727,144.143,131.584,131.772
1290.2,103.656,80.542,140.629,102.846,87.14,137.727,144.143,131.509,131.772
1290.3,103.656,80.542,140.725,102.846,87.211,137.761,144.143,131.584,131.772
1290.4,103.656,80.465,140.693,102.904,87.068,137.761,144.083,131.547,131.772
1290.5,103.714,80.465,140.758,102.963,87.14,137.761,144.143,131.584,131.81
1290.6,103.656,80.465,140.725,102.904,87.068,137.727,144.113,131.509,131.735
1290.7,103.599,80.465,140.725,102.904,87.14,137.727,144.263,131.547,131.772
1290.8,103.714,80.465,140.725,102.904,87.068,137.727,144.143,131.509,131.735
1290.9,103.771,80.465,140.725,102.904,86.997,137.659,144.173,131.547,131.735
1291.0,103.599,80.388,140.725,102.904,86.997,137.761,144.233,131.509,131.772
1291.1,103.656,80.465,140.725,102.963,87.068,137.761,144.113,131.547,131.772
1291.2,103.656,80.388,140.725,102.904,87.068,137.693,144.143,131.547,131.697
1291.3,103.599,80.388,140.758,102.904,87.068,137.727,144.143,131.509,131.735
1291.4,103.656,80.388,140.629,102.963,87.068,137.761,144.113,131.509,131.772
1291.5,103.656,80.31,140.693,102.904,86.997,137.727,144.083,131.547,131.772
1291.6,103.599,80.31,140.693,102.904,86.997,137.727,144.143,131.509,131.772
1291.7,103.599,80.31,140.725,102.904,87.068,137.761,144.173,131.547,131.735
1291.8,103.599,80.388,140.468,102.846,86.997,137.727,144.143,131.547,131.735
1291.9,103.656,80.388,140.725,102.904,86.997,137.693,144.203,131.584,131.772
1292.0,103.599,80.388,140.661,102.963,86.997,137.727,144.143,131.547,131.848
1292.1,103.656,80.31,140.693,103.021,86.997,137.727,144.143,131.509,131.772
1292.2,103.656,80.233,140.693,103.137,86.997,137.727,144.143,131.584,131.772
1292.3,103.656,80.388,140.693,102.904,86.783,137.693,144.143,131.547,131.735
1292.4,103.656,80.388,140.661,102.904,86.926,137.727,144.173,131.509,131.622
1292.5,103.656,80.31,140.725,102.904,86.926,137.727,144.113,131.509,131.735
1292.6,103.714,80.388,140.725,102.846,86.997,137.761,144.173,131.547,131.735
1292.7,103.541,80.233,140.725,102.788,86.926,137.727,144.143,131.509,131.66
1292.8,103.656,80.233,140.725,102.904,86.854,137.727,144.143,131.547,131.735
1292.9,103.599,80.31,140.822,102.904,86.783,137.693,144.143,131.509,131.735
1293.0,103.656,80.156,140.725,102.846,86.854,137.693,144.143,131.547,131.697
1293.1,103.483,80.156,140.693,102.846,86.854,137.727,144.143,131.471,131.735
1293.2,103.656,80.31,140.661,102.788,86.854,137.761,144.143,131.547,131.697
1293.3,103.541,80.233,140.693,102.846,86.854,137.727,144.143,131.509,131.772
1293.4,103.656,80.31,140.693,102.846,86.854,137.693,144.173,131.547,131.772
1293.5,103.656,80.233,140.693,102.846,86.783,137.625,144.083,131.547,131.772
1293.6,103.599,80.156,140.693,102.904,86.854,137.659,144.143,131.509,131.735
1293.7,103.541,80.156,140.725,102.963,86.783,137.693,144.143,131.509,131.697
1293.8,103.599,80.156,140.693,102.904,86.783,137.693,144.173,131.509,131.735
1293.9,103.599,80.156,140.661,102.904,86.639,137.727,144.143,131.547,131.772
1294.0,103.599,80.156,140.725,102.904,86.783,137.794,144.143,131.509,131.735
1294.1,103.599,80.156,140.725,102.846,86.711,137.693,144.083,131.509,131.735
1294.2,103.656,80.078,140.725,102.846,86.854,137.693,144.203,131.509,131.735
1294.3,103.599,80.388,140.693,102.846,86.783,137.761,144.113,131.584,131.697
1294.4,103.656,80.156,140.725,102.846,86.783,137.727,144.143,131.547,131.697
1294.5,103.599,80.078,140.725,102.904,86.783,137.727,144.143,131.509,131.772
1294.6,103.599,80.078,140.693,102.904,86.711,137.693,144.143,131.509,131.772
1294.7,103.656,80.078,140.693,102.846,86.711,137.693,144.173,131.584,131.772
1294.8,103.656,80.078,140.758,102.846,86.711,137.761,144.113,131.547,131.735
1294.9,103.599,80.078,140.661,102.788,86.639,137.659,144.143,131.547,131.697
1295.0,103.541,80.156,140.661,102.846,86.639,137.761,144.173,131.547,131.848
1295.1,103.599,80.0,140.661,102.846,86.639,137.693,144.143,131.509,131.735
1295.2,103.483,80.078,140.725,102.904,86.639,137.693,144.203,131.509,131.735
1295.3,103.541,80.0,140.693,102.904,86.568,137.761,144.113,131.509,131.735
1295.4,103.599,80.156,140.693,102.904,86.568,137.693,144.143,131.509,131.697
1295.5,103.541,80.078,140.693,102.73,86.639,137.727,144.083,131.509,131.735
1295.6,103.656,80.078,140.725,102.846,86.639,137.693,144.143,131.547,131.772
1295.7,103.599,80.0,140.693,102.963,86.639,137.693,144.143,131.471,131.735
1295.8,103.541,79.923,140.725,102.846,86.639,137.693,144.113,131.509,131.848
1295.9,103.656,79.923,140.693,102.904,86.568,137.727,144.113,131.471,131.735
1296.0,103.599,79.845,140.661,102.788,86.496,137.761,144.143,131.509,131.697
1296.1,103.656,80.0,140.758,102.788,86.496,137.727,144.173,131.509,131.735
1296.2,103.541,79.923,140.661,102.846,86.568,137.761,144.113,131.547,131.735
1296.3,103.599,79.923,140.725,102.846,86.352,137.693,144.143,131.509,131.772
1296.4,103.541,79.845,140.693,102.846,86.568,137.727,144.143,131.547,131.735
1296.5,103.599,79.923,140.725,102.788,86.568,137.727,144.113,131.509,131.697
1296.6,103.541,79.845,140.693,102.788,86.568,137.693,144.113,131.509,131.735
1296.7,103.599,79.845,140.725,102.788,86.568,137.693,144.143,131.509,131.735
1296.8,103.483,79.845,140.693,102.846,86.568,137.693,144.113,131.471,131.735
1296.9,103.599,79.923,140.725,102.846,86.568,137.693,144.113,131.584,131.81
1297.0,103.541,79.845,140.661,102.846,86.424,137.727,144.173,131.509,131.735
1297.1,103.541,79.845,140.693,102.846,86.496,137.693,144.233,131.509,131.735
1297.2,103.541,79.845,140.725,102.846,86.496,137.693,144.113,131.509,131.697
1297.3,103.541,79.767,140.725,102.788,86.496,137.693,144.143,131.509,131.697
1297.4,103.541,79.767,140.693,102.846,86.424,137.625,144.113,131.509,131.735
1297.5,103.541,79.767,140.693,102.788,86.496,137.693,144.113,131.509,131.81
1297.6,103.599,79.767,140.661,102.846,86.424,137.693,144.143,131.471,131.772
1297.7,103.541,79.767,140.693,102.846,86.352,137.659,144.143,131.471,131.697
1297.8,103.541,79.767,140.693,102.788,86.352,137.727,144.173,131.509,131.697
1297.9,103.483,79.767,140.661,102.846,86.568,137.727,144.173,131.471,131.697
1298.0,103.541,79.767,140.693,102.788,86.352,137.693,144.173,131.471,131.697
1298.1,103.541,79.767,140.693,102.73,86.424,137.659,144.113,131.509,131.735
1298.2,103.541,79.767,140.693,102.788,86.352,137.693,144.173,131.509,131.697
1298.3,103.599,79.689,140.661,102.73,86.28,137.693,144.113,131.509,131.735
1298.4,103.541,79.611,140.693,102.846,86.28,137.693,144.083,131.471,131.81
1298.5,103.483,79.689,140.661,102.788,86.352,137.693,144.173,131.509,131.697
1298.6,103.483,79.611,140.693,102.788,86.352,137.794,144.113,131.471,131.735
1298.7,103.483,79.689,140.661,102.788,86.28,137.659,144.173,131.547,131.735
1298.8,103.483,79.689,140.661,102.904,86.28,137.659,144.173,131.471,131.697
1298.9,103.483,79.689,140.629,102.788,86.28,137.591,144.083,131.509,131.735
1299.0,103.483,79.611,140.629,102.788,86.28,137.659,144.113,131.509,131.697
1299.1,103.31,79.689,140.693,102.846,86.28,137.659,144.113,131.509,131.697
1299.2,103.483,79.611,140.693,102.846,86.28,137.693,144.173,131.509,131.697
1299.3,103.599,79.611,140.629,102.846,86.28,137.693,144.083,131.547,131.697
1299.4,103.541,79.689,140.661,102.788,86.208,137.693,144.143,131.509,131.735
1299.5,103.483,79.611,140.661,102.788,86.208,137.693,144.083,131.396,131.697
1299.6,103.483,79.611,140.629,102.73,86.28,137.693,144.053,131.471,131.735
1299.7,103.483,79.611,140.725,102.788,86.208,137.693,144.113,131.547,131.697
1299.8,103.541,79.611,140.661,102.73,86.208,137.693,144.143,131.471,131.735
1299.9,103.483,79.533,140.629,102.846,86.208,137.693,144.143,131.509,131.697
1300.0,103.541,79.611,140.693,102.846,86.136,137.659,144.113,131.509,131.81
1300.1,103.483,79.611,140.661,102.788,86.208,137.693,144.083,131.509,131.697
1300.2,103.483,79.533,140.661,102.904,86.064,137.659,144.023,131.509,131.697
1300.3,103.541,79.533,140.661,102.788,86.208,137.659,144.113,131.584,131.735
1300.4,103.483,79.533,140.661,102.672,86.136,137.693,144.143,131.471,131.735
1300.5,103.541,79.455,140.661,102.846,86.136,137.659,144.083,131.509,131.735
1300.6,103.483,79.455,140.629,102.788,86.136,137.625,144.113,131.509,131.697
1300.7,103.483,79.455,140.661,102.788,86.208,137.727,144.113,131.471,131.772
1300.8,103.483,79.455,140.693,102.73,86.064,137.625,144.083,131.471,131.735
1300.9,103.483,79.533,140.661,102.846,86.208,137.659,144.083,131.509,131.697
1301.0,103.483,79.533,140.661,102.846,86.064,137.659,144.113,131.547,131.697
1301.1,103.541,79.455,140.661,102.846,86.136,137.727,144.083,131.509,131.697
1301.2,103.483,79.377,140.693,102.73,86.064,137.659,144.143,131.471,131.735
1301.3,103.541,79.455,140.661,102.788,86.064,137.659,144.113,131.471,131.697
1301.4,103.483,79.455,140.661,102.788,86.064,137.659,144.143,131.471,131.772
1301.5,103.483,79.455,140.597,102.846,85.992,137.693,144.053,131.471,131.772
1301.6,103.483,79.455,140.661,102.788,86.064,137.659,144.143,131.547,131.697
1301.7,103.541,79.377,140.661,102.846,86.208,137.693,144.083,131.509,131.697
1301.8,103.483,79.455,140.661,102.788,85.992,137.659,144.113,131.471,131.697
1301.9,103.483,79.377,140.661,102.788,85.992,137.659,144.113,131.509,131.697
1302.0,102.613,79.377,140.693,102.788,85.992,137.693,144.113,131.396,131.735
1302.1,103.426,79.377,140.597,102.788,85.992,137.659,144.143,131.509,131.622
1302.2,103.483,79.377,140.661,102.73,85.775,137.693,144.113,131.471,131.697
1302.3,103.426,79.299,140.629,102.788,85.919,137.693,144.083,131.547,131.697
1302.4,103.483,79.299,140.597,102.788,85.919,137.625,144.113,131.509,131.735
1302.5,103.483,79.299,140.629,102.788,85.992,137.727,144.113,131.584,131.697
1302.6,103.31,79.377,140.597,102.788,85.919,137.693,144.113,131.509,131.735
1302.7,103.426,79.455,140.661,102.788,85.919,137.659,144.113,131.471,131.697
1302.8,103.483,79.455,140.629,102.788,85.919,137.693,144.113,131.509,131.735
1302.9,103.483,79.377,140.597,102.73,85.919,137.693,144.173,131.471,131.697
1303.0,103.599,79.377,140.597,102.788,85.847,137.625,144.083,131.471,131.66
1303.1,103.541,79.299,140.661,102.788,85.992,137.693,144.143,131.471,131.735
1303.2,103.483,79.221,140.629,102.846,85.847,137.693,144.143,131.471,131.66
1303.3,103.483,79.299,140.661,102.788,85.847,137.625,144.143,131.358,131.735
1303.4,103.483,79.377,140.725,102.788,85.847,137.625,144.173,131.509,131.735
1303.5,103.483,79.299,140.693,102.788,85.775,137.727,144.083,131.471,131.697
1303.6,103.483,79.221,140.597,102.788,85.847,137.693,144.113,131.509,131.697
1303.7,103.483,79.299,140.597,102.73,85.919,137.659,144.173,131.434,131.735
1303.8,103.483,79.221,140.661,102.788,85.992,137.591,144.083,131.471,131.697
1303.9,103.483,79.455,140.661,102.73,85.775,137.659,144.083,131.509,131.66
1304.0,103.368,79.221,140.629,102.846,85.847,137.659,144.143,131.471,131.66
1304.1,103.483,79.299,140.661,102.788,85.775,137.659,144.143,131.509,131.697
1304.2,103.368,79.299,140.661,102.788,85.775,137.659,144.113,131.509,131.697
1304.3,103.426,79.221,140.629,102.846,85.775,137.693,144.173,131.509,131.735
1304.4,103.483,79.221,140.629,102.73,85.919,137.659,144.083,131.471,131.697
1304.5,103.483,79.221,140.693,102.788,85.775,137.659,144.083,131.396,131.697
1304.6,103.426,79.221,140.629,102.846,85.775,137.625,144.083,131.471,131.735
1304.7,103.31,79.142,140.597,102.73,85.702,137.625,144.083,131.471,131.697
1304.8,103.368,79.142,140.597,102.73,85.702,137.659,144.143,131.471,131.735
1304.9,103.483,79.142,140.661,102.788,85.847,137.761,144.143,131.471,131.697
1305.0,103.483,79.221,140.597,102.788,85.847,137.625,143.993,131.509,131.735
1305.1,103.426,79.142,140.693,102.73,85.847,137.693,144.113,131.547,131.848
1305.2,103.368,79.142,140.629,102.788,85.775,137.659,144.173,131.471,131.697
1305.3,103.368,79.142,140.661,102.672,85.702,137.659,144.113,131.471,131.697
1305.4,103.483,79.064,140.693,102.788,85.702,137.625,144.083,131.471,131.697
1305.5,103.426,79.064,140.661,102.788,85.702,137.659,144.083,131.471,131.697
1305.6,103.426,79.142,140.597,102.73,85.702,137.625,144.113,131.509,131.622
1305.7,103.368,79.142,140.661,102.73,85.63,137.625,144.083,131.547,131.697
1305.8,103.426,79.064,140.597,102.73,85.702,137.625,144.083,131.471,131.772
1305.9,103.483,79.142,140.597,102.73,85.557,137.659,144.083,131.471,131.735
1306.0,103.426,78.985,140.661,102.73,85.63,137.625,144.083,131.509,131.697
1306.1,103.426,79.064,140.629,102.672,85.702,137.625,144.113,131.471,131.66
1306.2,103.483,79.064,140.533,102.73,85.63,137.659,144.143,131.471,131.697
1306.3,103.426,78.985,140.661,102.788,85.63,137.625,144.113,131.471,131.697
1306.4,103.426,78.985,140.661,102.788,85.63,137.659,144.083,131.509,131.697
1306.5,103.426,78.985,140.565,102.73,85.63,137.625,144.083,131.509,131.697
1306.6,103.426,78.985,140.661,102.788,85.557,137.625,143.902,131.471,131.772
1306.7,103.426,78.985,140.629,102.73,85.557,137.625,144.083,131.584,131.735
1306.8,103.368,78.907,140.597,102.73,85.557,137.625,144.113,131.471,131.66
1306.9,103.426,78.985,140.597,102.613,85.557,137.625,144.113,131.471,131.66
1307.0,103.368,78.828,140.597,102.788,85.484,137.659,144.083,131.471,131.66
1307.1,103.426,78.828,140.629,102.73,85.557,137.659,144.083,131.471,131.697
1307.2,103.31,78.828,140.661,102.672,85.484,137.625,144.053,131.471,131.697
1307.3,103.368,78.907,140.597,102.73,85.484,137.625,144.083,131.509,131.697
1307.4,103.483,78.907,140.629,102.788,85.484,137.761,144.113,131.509,131.66
1307.5,103.368,78.907,140.629,102.672,85.484,137.659,144.113,131.509,131.735
1307.6,103.426,78.907,140.629,102.73,85.412,137.625,144.113,131.396,131.735
1307.7,103.426,78.985,140.629,102.73,85.412,137.591,144.083,131.471,131.697
1307.8,103.426,78.907,140.629,102.73,85.484,137.625,144.113,131.471,131.697
1307.9,103.368,78.828,140.597,102.788,85.412,137.557,144.113,131.471,131.81
1308.0,103.368,78.907,140.629,102.73,85.412,137.659,144.143,131.471,131.697
1308.1,103.368,78.749,140.693,102.788,85.412,137.659,144.083,131.471,131.697
1308.2,103.368,78.907,140.597,102.672,85.484,137.693,144.083,131.471,131.66
1308.3,103.368,78.749,140.661,102.73,85.412,137.625,144.113,131.434,131.66
1308.4,103.426,78.828,140.565,102.788,85.339,137.625,144.143,131.471,131.66
1308.5,103.426,78.907,140.629,102.788,85.412,137.625,144.113,131.471,131.66
1308.6,103.368,78.749,140.629,102.672,85.412,137.625,144.083,131.509,131.697
1308.7,103.426,78.828,140.629,102.73,85.266,137.659,144.113,131.434,131.66
1308.8,103.368,78.749,140.629,102.672,85.339,137.625,144.083,131.358,131.697
1308.9,103.483,78.749,140.597,102.672,85.339,137.625,144.083,131.471,131.66
1309.0,103.368,78.671,140.565,102.73,85.339,137.625,144.053,131.471,131.697
1309.1,103.31,78.749,140.597,102.672,85.339,137.659,144.113,131.434,131.66
1309.2,103.31,78.749,140.597,102.613,85.339,137.591,144.083,131.471,131.66
1309.3,103.31,78.671,140.693,102.672,85.266,137.625,144.173,131.396,131.66
1309.4,103.368,78.671,140.629,102.73,85.339,137.591,144.083,131.396,131.735
1309.5,103.31,78.671,140.629,102.672,85.266,137.625,144.083,131.471,131.66
1309.6,103.368,78.671,140.629,102.672,85.266,137.591,144.083,131.434,131.66
1309.7,103.368,78.671,140.597,102.672,85.12,137.625,144.053,131.434,131.66
1309.8,103.368,78.592,140.661,102.73,85.266,137.625,144.083,131.471,131.547
1309.9,103.368,78.592,140.597,102.672,85.266,137.625,144.083,131.396,131.697
1310.0,103.31,78.671,140.597,102.672,85.266,137.625,144.113,131.434,131.697
1310.1,103.368,78.592,140.629,102.73,85.193,137.591,144.083,131.434,131.66
1310.2,103.252,78.592,140.597,102.672,85.12,137.591,144.113,131.471,131.622
1310.3,103.368,78.592,140.629,102.672,85.193,137.625,144.053,131.434,131.697
1310.4,103.368,78.671,140.597,102.613,85.193,137.557,144.113,131.434,131.735
1310.5,103.252,78.592,140.597,102.672,85.12,137.625,144.083,131.434,131.66
1310.6,103.426,78.592,140.565,102.73,85.193,137.625,144.083,131.434,131.697
1310.7,103.31,78.592,140.597,102.73,85.193,137.625,144.083,131.434,131.66
1310.8,103.252,78.592,140.629,102.672,85.12,137.455,144.083,131.434,131.697
1310.9,103.31,78.513,140.629,102.672,85.12,137.557,144.083,131.434,131.697
1311.0,103.368,78.592,140.629,102.613,85.193,137.625,144.053,131.471,131.697
1311.1,103.31,78.592,140.597,102.613,85.12,137.625,144.083,131.396,131.697
1311.2,103.31,78.513,140.565,102.672,85.12,137.659,144.083,131.434,131.66
1311.3,103.31,78.513,140.661,102.672,85.12,137.659,144.083,131.434,131.697
1311.4,103.31,78.513,140.597,102.613,85.12,137.591,144.083,131.434,131.66
1311.5,103.368,78.513,140.629,102.613,85.193,137.591,144.113,131.396,131.622
1311.6,103.31,78.513,140.565,102.73,85.047,137.557,144.083,131.434,131.66
1311.7,103.31,78.513,140.597,102.672,85.047,137.659,144.053,131.32,131.66
1311.8,103.368,78.513,140.597,102.613,84.974,137.625,144.083,131.396,131.66
1311.9,103.426,78.434,140.629,102.672,85.047,137.591,143.932,131.471,131.66
1312.0,103.31,78.513,140.565,102.672,85.047,137.693,144.083,131.434,131.66
1312.1,103.31,78.513,140.533,102.672,85.047,137.625,144.173,131.396,131.66
1312.2,103.31,78.513,140.597,102.672,84.974,137.659,144.083,131.434,131.66
1312.3,103.31,78.513,140.597,102.73,85.047,137.591,144.113,131.471,131.66
1312.4,103.31,78.434,140.597,102.73,85.047,137.625,144.173,131.471,131.622
1312.5,103.252,78.355,140.597,102.613,84.974,137.557,144.083,131.471,131.622
1312.6,103.195,78.513,140.597,102.788,85.12,137.625,144.023,131.434,131.66
1312.7,103.31,78.513,140.501,102.672,85.047,137.591,144.083,131.434,131.66
1312.8,103.31,78.434,140.629,102.613,85.047,137.591,144.083,131.471,131.622
1312.9,103.31,78.355,140.533,102.73,84.974,137.625,144.113,131.471,131.584
1313.0,103.252,78.355,140.597,102.672,84.974,137.625,144.053,131.434,131.66
1313.1,103.137,78.275,140.597,102.672,84.901,137.625,144.083,131.434,131.697
1313.2,103.31,78.355,140.565,102.73,84.974,137.625,144.053,131.434,131.622
1313.3,103.368,78.434,140.597,102.672,84.974,137.625,144.083,131.434,131.697
1313.4,103.31,78.355,140.597,102.613,84.901,137.591,144.053,131.434,131.697
1313.5,103.31,78.355,140.597,102.613,84.974,137.625,144.083,131.471,131.66
1313.6,103.195,78.355,140.565,102.672,84.827,137.591,144.083,131.396,131.66
1313.7,103.252,78.355,140.597,102.672,84.901,137.591,144.083,131.471,131.697
1313.8,103.252,78.355,140.597,102.613,84.901,137.591,144.113,131.434,131.622
1313.9,103.31,78.196,140.629,102.672,84.974,137.591,144.053,131.434,131.66
1314.0,103.252,78.434,140.597,102.672,84.827,137.557,144.053,131.434,131.66
1314.1,103.31,78.196,140.597,102.613,84.827,137.591,144.083,131.434,131.66
1314.2,103.31,78.275,140.533,102.672,84.827,137.625,144.083,131.434,131.66
1314.3,103.368,78.355,140.565,102.613,84.827,137.557,143.993,131.434,131.66
1314.4,103.31,78.275,140.661,102.613,84.754,137.591,144.053,131.396,131.622
1314.5,103.252,78.275,140.597,102.613,84.901,137.591,144.083,131.434,131.66
1314.6,103.252,78.196,140.597,102.672,84.754,137.557,144.053,131.434,131.697
1314.7,103.31,78.196,140.597,102.613,84.754,137.591,144.053,131.434,131.66
1314.8,103.31,78.196,140.533,102.613,84.754,137.591,144.083,131.396,131.66
1314.9,103.31,78.196,140.597,102.672,84.827,137.557,144.083,131.434,131.66
1315.0,103.195,78.275,140.565,102.672,84.754,137.557,144.113,131.32,131.66
1315.1,103.368,78.196,140.565,102.672,84.754,137.591,144.053,131.396,131.66
1315.2,103.252,78.275,140.533,102.672,84.754,137.591,143.993,131.396,131.584
1315.3,103.368,78.117,140.629,102.788,84.681,137.557,144.083,131.434,131.697
1315.4,103.252,78.196,140.565,102.613,84.754,137.591,144.053,131.434,131.66
1315.5,103.31,78.117,140.597,102.613,84.681,137.557,144.053,131.434,131.66
1315.6,103.31,78.196,140.629,102.672,84.681,137.591,144.053,131.434,131.622
1315.7,103.252,78.117,140.565,102.613,84.681,137.523,144.143,131.434,131.66
1315.8,103.252,78.037,140.597,102.672,84.754,137.625,144.053,131.32,131.622
1315.9,103.31,78.117,140.629,102.672,84.681,137.659,144.083,131.396,131.66
1316.0,103.368,78.037,140.597,102.672,84.681,137.625,144.053,131.358,131.66
1316.1,103.021,78.117,140.661,102.672,84.607,137.523,144.083,131.509,131.622
1316.2,103.195,78.037,140.533,102.672,84.681,137.557,144.083,131.434,131.66
1316.3,103.252,78.037,140.629,102.613,84.681,137.591,144.083,131.434,131.66
1316.4,103.31,78.117,140.565,102.672,84.754,137.591,144.113,131.547,131.66
1316.5,103.252,78.037,140.597,102.672,84.607,137.693,144.053,131.434,131.622
1316.6,103.195,78.196,140.565,102.672,84.607,137.591,144.053,131.471,131.66
1316.7,103.252,78.037,140.565,102.555,84.681,137.625,144.053,131.396,131.622
1316.8,103.252,78.037,140.565,102.672,84.681,137.591,144.053,131.434,131.66
1316.9,103.31,78.037,140.597,102.672,84.607,137.557,144.083,131.434,131.66
1317.0,103.252,78.037,140.565,102.672,84.607,137.625,144.053,131.434,131.66
1317.1,103.252,78.037,140.597,102.613,84.607,137.591,144.053,131.471,131.622
1317.2,103.252,78.037,140.565,102.613,84.607,137.557,144.113,131.471,131.66
1317.3,103.31,78.037,140.565,102.613,84.607,137.591,144.053,131.434,131.66
1317.4,103.252,77.958,140.565,102.672,84.607,137.659,144.083,131.434,131.66
1317.5,103.252,78.037,140.565,102.672,84.607,137.591,144.083,131.434,131.622
1317.6,103.31,77.958,140.597,102.613,84.534,137.591,144.143,131.396,131.584
1317.7,103.252,77.958,140.597,102.672,84.534,137.557,144.113,131.396,131.622
1317.8,103.195,77.878,140.565,102.613,84.534,137.557,144.053,131.434,131.622
1317.9,103.195,77.878,140.565,102.672,84.46,137.557,144.083,131.434,131.622
1318.0,103.195,77.878,140.629,102.555,84.534,137.557,144.083,131.434,131.622
1318.1,103.252,77.878,140.565,102.613,84.46,137.557,144.053,131.396,131.697
1318.2,103.252,78.037,140.597,102.73,84.534,137.625,144.083,131.396,131.622
1318.3,103.252,77.799,140.597,102.613,84.534,137.557,144.053,131.396,131.66
1318.4,103.195,77.878,140.597,102.613,84.46,137.557,144.053,131.434,131.697
1318.5,103.252,77.799,140.597,102.73,84.46,137.557,144.053,131.396,131.622
1318.6,103.31,77.878,140.597,102.613,84.534,137.557,144.083,131.245,131.622
1318.7,103.252,77.878,140.597,102.613,84.387,137.591,144.053,131.396,131.66
1318.8,103.252,77.958,140.597,102.672,84.387,137.557,144.083,131.434,131.584
1318.9,103.31,77.799,140.565,102.613,84.46,137.591,144.053,131.434,131.622
1319.0,103.31,77.799,140.597,102.613,84.313,137.557,144.053,131.396,131.66
1319.1,103.252,77.799,140.597,102.555,84.387,137.557,144.023,131.396,131.622
1319.2,103.31,77.799,140.565,102.613,84.387,137.591,144.053,131.471,131.66
1319.3,103.195,77.719,140.533,102.672,84.46,137.591,144.053,131.434,131.622
1319.4,103.252,77.878,140.597,102.555,84.313,137.557,144.113,131.396,131.66
1319.5,103.195,77.958,140.597,102.613,84.313,137.557,144.053,131.396,131.622
1319.6,103.195,77.719,140.501,102.555,84.313,137.557,144.053,131.434,131.622
1319.7,103.252,77.878,140.533,102.613,84.313,137.659,144.053,131.434,131.622
1319.8,103.195,77.719,140.533,102.555,84.313,137.523,144.053,131.396,131.697
1319.9,103.252,77.799,140.533,102.555,84.46,137.523,144.053,131.396,131.622
1320.0,103.252,77.639,140.533,102.613,84.239,137.557,144.083,131.396,131.622
1320.1,103.252,77.799,140.533,102.73,84.387,137.591,144.053,131.396,131.584
1320.2,103.252,77.719,140.565,102.613,84.534,137.591,144.053,131.434,131.622
1320.3,103.252,77.719,140.533,102.497,84.239,137.557,144.143,131.471,131.622
1320.4,103.252,77.719,140.533,102.613,84.239,137.557,144.053,131.396,131.584
1320.5,103.195,77.719,140.533,102.613,84.313,137.557,144.053,131.396,131.66
1320.6,103.195,77.719,140.565,102.555,84.313,137.557,144.053,131.32,131.622
1320.7,103.252,77.639,140.501,102.613,84.239,137.557,144.053,131.396,131.584
1320.8,103.137,77.958,140.533,102.555,84.239,137.557,144.083,131.547,131.547
1320.9,103.252,77.799,140.533,102.613,84.239,137.591,144.023,131.396,131.584
1321.0,103.252,77.719,140.533,102.555,84.165,137.625,144.023,131.434,131.622
1321.1,103.252,77.639,140.565,102.555,84.239,137.523,144.023,131.434,131.622
1321.2,103.252,77.639,140.533,102.497,84.165,137.557,143.993,131.396,131.622
1321.3,103.195,77.799,140.436,102.613,84.239,137.557,144.053,131.434,131.622
1321.4,103.137,77.639,140.597,102.555,84.239,137.591,144.053,131.396,131.622
1321.5,103.195,77.719,140.468,102.555,84.165,137.557,144.083,131.396,131.66
1321.6,103.195,77.56,140.533,102.438,84.091,137.523,144.053,131.434,131.622
1321.7,103.195,77.56,140.565,102.613,84.165,137.591,144.053,131.396,131.584
1321.8,103.195,77.56,140.533,102.555,84.091,137.591,144.053,131.396,131.622
1321.9,103.195,77.56,140.468,102.555,84.091,137.557,144.083,131.32,131.584
1322.0,103.195,77.48,140.533,102.555,84.091,137.523,144.143,131.396,131.584
1322.1,103.252,77.639,140.565,102.613,84.091,137.557,144.053,131.396,131.622
1322.2,103.252,77.56,140.501,102.613,84.017,137.557,144.053,131.396,131.66
1322.3,103.137,77.48,140.533,102.613,84.091,137.557,144.023,131.434,131.622
1322.4,103.137,77.48,140.565,102.555,84.017,137.557,144.053,131.396,131.735
1322.5,103.137,77.48,140.501,102.555,84.091,137.625,144.053,131.396,131.622
1322.6,103.195,77.4,140.565,102.555,84.017,137.625,144.053,131.396,131.622
1322.7,103.137,77.48,140.597,102.613,84.017,137.523,144.053,131.434,131.584
1322.8,103.137,77.48,140.533,102.438,84.091,137.625,144.053,131.434,131.622
1322.9,103.195,77.48,140.533,102.555,83.943,137.455,144.083,131.434,131.622
1323.0,103.195,77.48,140.501,102.613,84.017,137.557,144.053,131.396,131.622
1323.1,103.137,77.4,140.533,102.555,83.943,137.557,143.993,131.396,131.66
1323.2,103.137,77.4,140.565,102.555,84.017,137.557,144.023,131.396,131.622
1323.3,103.137,77.4,140.533,102.555,83.943,137.557,144.053,131.396,131.584
1323.4,103.195,77.4,140.533,102.555,83.943,137.489,144.053,131.396,131.622
1323.5,103.195,77.56,140.533,102.555,84.017,137.591,144.023,131.396,131.584
1323.6,103.137,77.4,140.501,102.555,83.869,137.523,144.023,131.32,131.622
1323.7,103.137,77.4,140.533,102.613,83.943,137.523,144.023,131.434,131.622
1323.8,103.137,77.32,140.468,102.555,84.017,137.523,144.023,131.471,131.622
1323.9,103.137,77.32,140.533,102.555,83.869,137.523,144.053,131.434,131.622
1324.0,103.079,77.4,140.501,102.555,83.869,137.557,144.053,131.358,131.547
1324.1,103.137,77.4,140.533,102.555,83.869,137.557,144.083,131.396,131.622
1324.2,103.137,77.32,140.597,102.555,83.869,137.523,144.053,131.396,131.584
1324.3,103.137,77.239,140.565,102.497,83.869,137.557,144.053,131.358,131.622
1324.4,103.252,77.239,140.501,102.555,83.869,137.625,144.023,131.396,131.622
1324.5,103.195,77.4,140.533,102.555,83.869,137.523,144.053,131.396,131.584
1324.6,103.252,77.32,140.501,102.555,83.869,137.523,144.023,131.358,131.66
1324.7,103.137,77.4,140.501,102.613,83.869,137.523,144.023,131.396,131.584
1324.8,103.137,77.239,140.565,102.555,83.795,137.489,144.023,131.396,131.622
1324.9,103.137,77.32,140.533,102.555,83.795,137.523,144.053,131.396,131.622
1325.0,103.137,77.32,140.565,102.497,83.795,137.489,144.023,131.358,131.584
1325.1,103.137,77.239,140.501,102.555,84.017,137.523,144.023,131.434,131.584
1325.2,103.137,77.32,140.533,102.555,83.795,137.523,144.053,131.358,131.622
1325.3,103.137,77.239,140.533,102.555,83.795,137.523,144.113,131.358,131.622
1325.4,103.137,77.239,140.533,102.555,83.795,137.523,144.053,131.396,131.584
1325.5,103.195,77.239,140.501,102.555,83.721,137.557,143.993,131.358,131.622
1325.6,103.079,77.239,140.533,102.497,83.721,137.557,144.053,131.358,131.622
1325.7,103.079,77.239,140.533,102.555,83.795,137.523,144.053,131.396,131.622
1325.8,103.137,77.159,140.565,102.613,83.795,137.557,144.023,131.358,131.584
1325.9,103.195,77.159,140.501,102.438,83.721,137.523,144.083,131.358,131.66
1326.0,103.195,77.079,140.501,102.555,83.721,137.489,144.023,131.396,131.66
1326.1,103.137,77.159,140.501,102.613,83.721,137.489,144.113,131.358,131.584
1326.2,103.137,77.079,140.565,102.497,83.721,137.557,144.023,131.396,131.584
1326.3,103.137,77.079,140.533,102.613,83.647,137.523,144.053,131.471,131.622
1326.4,103.079,77.159,140.565,102.497,83.647,137.523,144.023,131.358,131.66
1326.5,103.079,77.079,140.468,102.38,83.647,137.557,144.023,131.358,131.584
1326.6,103.137,77.159,140.533,102.555,83.647,137.489,144.053,131.358,131.622
1326.7,103.252,77.159,140.501,102.555,83.572,137.523,144.053,131.358,131.584
1326.8,103.137,77.079,140.533,102.613,83.647,137.489,144.053,131.358,131.66
1326.9,103.079,77.079,140.501,102.555,83.572,137.523,143.993,131.358,131.584
1327.0,103.079,77.079,140.565,102.497,83.647,137.523,144.023,131.396,131.66
1327.1,103.137,77.079,140.501,102.497,83.572,137.523,144.023,131.358,131.66
1327.2,103.137,76.999,140.501,102.497,83.647,137.489,144.023,131.358,131.584
1327.3,103.137,76.999,140.501,102.555,83.572,137.557,144.023,131.396,131.622
1327.4,103.021,76.999,140.501,102.613,83.572,137.489,144.053,131.32,131.622
1327.5,103.137,77.079,140.501,102.555,83.572,137.523,144.053,131.358,131.622
1327.6,103.079,77.079,140.533,102.555,83.572,137.523,144.023,131.434,131.622
1327.7,103.137,76.999,140.468,102.555,83.423,137.489,144.023,131.434,131.584
1327.8,103.079,77.079,140.501,102.555,83.423,137.557,144.023,131.358,131.584
1327.9,103.137,77.079,140.501,102.438,83.572,137.489,143.993,131.358,131.622
1328.0,103.079,76.999,140.468,102.497,83.498,137.523,144.023,131.358,131.622
1328.1,103.137,76.999,140.533,102.555,83.498,137.489,144.023,131.358,131.584
1328.2,103.137,76.838,140.501,102.497,83.647,137.489,144.053,131.358,131.584
1328.3,103.137,77.079,140.501,102.497,83.572,137.523,144.053,131.358,131.584
1328.4,103.079,76.999,140.533,102.497,83.498,137.523,144.083,131.358,131.622
1328.5,103.021,76.918,140.533,102.497,83.498,137.591,144.023,131.358,131.697
1328.6,103.137,76.999,140.533,102.555,83.498,137.557,144.023,131.358,131.547
1328.7,103.079,76.999,140.501,102.555,83.498,137.523,144.023,131.396,131.547
1328.8,103.195,76.999,140.468,102.555,83.423,137.591,143.993,131.358,131.622
1328.9,103.079,76.999,140.501,102.555,83.498,137.489,144.053,131.396,131.66
1329.0,103.079,76.918,140.468,102.497,83.498,137.523,144.053,131.434,131.547
1329.1,103.079,76.999,140.501,102.497,83.423,137.523,144.023,131.358,131.622
1329.2,103.021,76.999,140.533,102.497,83.498,137.523,144.083,131.358,131.622
1329.3,103.079,76.999,140.501,102.497,83.423,137.489,144.023,131.396,131.547
1329.4,103.079,76.918,140.468,102.497,83.498,137.489,144.053,131.434,131.584
1329.5,103.079,76.838,140.404,102.555,83.423,137.523,144.023,131.396,131.584
1329.6,103.079,76.838,140.501,102.497,83.349,137.523,143.993,131.358,131.584
1329.7,103.079,76.676,140.501,102.497,83.498,137.523,144.023,131.32,131.584
1329.8,103.079,76.838,140.501,102.497,83.349,137.523,144.053,131.358,131.622
1329.9,103.021,76.918,140.468,102.497,83.349,137.557,144.053,131.358,131.622
1330.0,103.079,76.918,140.468,102.555,83.423,137.523,144.023,131.32,131.584
1330.1,103.021,76.838,140.501,102.497,83.274,137.523,144.053,131.358,131.584
1330.2,103.079,76.757,140.501,102.555,83.349,137.455,144.083,131.358,131.509
1330.3,103.079,76.838,140.468,102.497,83.349,137.489,143.993,131.358,131.547
1330.4,103.079,76.838,140.501,102.497,83.349,137.489,144.053,131.358,131.584
1330.5,103.079,76.757,140.436,102.438,83.349,137.523,144.053,131.396,131.584
1330.6,103.195,76.838,140.468,102.497,83.423,137.489,143.993,131.282,131.509
1330.7,103.079,76.757,140.501,102.497,83.349,137.489,144.053,131.282,131.584
1330.8,103.021,76.757,140.501,102.613,83.349,137.455,144.023,131.396,131.584
1330.9,103.137,76.757,140.468,102.497,83.349,137.523,143.993,131.358,131.547
1331.0,103.137,76.676,140.468,102.555,83.274,137.421,144.023,131.434,131.584
1331.1,103.079,76.757,140.501,102.438,83.274,137.523,144.023,131.358,131.547
1331.2,103.079,76.757,140.533,102.438,83.274,137.489,144.143,131.396,131.547
1331.3,103.079,76.757,140.468,102.497,83.349,137.489,144.023,131.358,131.547
1331.4,103.079,76.757,140.501,102.497,83.274,137.489,143.993,131.396,131.547
1331.5,103.079,76.757,140.501,102.497,83.199,137.523,144.023,131.358,131.584
1331.6,103.137,76.596,140.468,102.497,83.199,137.489,144.023,131.396,131.584
1331.7,103.079,76.838,140.533,102.497,83.125,137.489,144.053,131.358,131.584
1331.8,103.021,76.676,140.533,102.497,83.199,137.489,143.993,131.32,131.584
1331.9,103.079,76.757,140.468,102.497,83.349,137.523,144.023,131.358,131.584
1332.0,103.021,76.676,140.436,102.438,83.274,137.489,143.993,131.358,131.584
1332.1,103.079,76.676,140.501,102.438,83.125,137.455,144.023,131.358,131.622
1332.2,102.904,76.676,140.501,102.438,83.199,137.489,143.993,131.358,131.584
1332.3,102.904,76.676,140.533,102.555,83.125,137.455,143.993,131.358,131.622
1332.4,103.021,76.596,140.501,102.497,82.975,137.523,144.023,131.358,131.547
1332.5,103.021,76.596,140.565,102.438,83.199,137.489,143.993,131.358,131.66
1332.6,102.904,76.676,140.468,102.497,83.125,137.489,144.023,131.32,131.547
1332.7,103.079,76.515,140.468,102.438,83.125,137.489,144.053,131.358,131.509
1332.8,103.079,76.596,140.501,102.555,83.05,137.489,144.053,131.358,131.547
1332.9,102.963,76.515,140.501,102.38,83.125,137.489,143.962,131.434,131.547
1333.0,103.021,76.596,140.468,102.438,83.05,137.489,144.083,131.358,131.584
1333.1,103.021,76.676,140.468,102.38,82.975,137.489,144.023,131.358,131.622
1333.2,103.137,76.596,140.533,102.555,83.05,137.557,144.053,131.32,131.584
1333.3,103.021,76.515,140.436,102.555,83.05,137.489,144.023,131.32,131.584
1333.4,103.079,76.515,140.468,102.497,83.05,137.489,144.023,131.396,131.622
1333.5,103.021,76.596,140.468,102.438,83.05,137.489,143.993,131.358,131.584
1333.6,103.021,76.596,140.533,102.438,83.05,137.455,143.993,131.358,131.547
1333.7,103.021,76.596,140.468,102.497,83.05,137.489,144.083,131.396,131.584
1333.8,103.021,76.515,140.436,102.555,82.975,137.489,144.053,131.358,131.509
1333.9,102.963,76.515,140.501,102.497,83.05,137.489,144.053,131.32,131.622
1334.0,103.021,76.515,140.468,102.438,83.05,137.455,144.053,131.358,131.584
1334.1,103.021,76.515,140.501,102.497,83.125,137.455,144.053,131.358,131.584
1334.2,103.021,76.515,140.436,102.438,83.05,137.557,143.993,131.32,131.622
1334.3,103.021,76.515,140.468,102.555,83.05,137.489,144.023,131.358,131.547
1334.4,102.963,76.596,140.436,102.613,82.975,137.489,144.023,131.358,131.622
1334.5,102.963,76.515,140.468,102.438,83.05,137.421,144.023,131.32,131.509
1334.6,103.021,76.515,140.436,102.438,82.975,137.455,143.993,131.32,131.584
1334.7,103.079,76.353,140.468,102.438,82.975,137.455,144.023,131.396,131.584
1334.8,103.079,76.434,140.436,102.438,82.975,137.489,144.053,131.358,131.584
1334.9,103.021,76.434,140.436,102.438,82.975,137.489,144.023,131.32,131.547
1335.0,102.963,76.515,140.468,102.497,82.975,137.489,143.993,131.32,131.584
1335.1,103.021,76.434,140.501,102.497,82.9,137.489,144.023,131.358,131.547
1335.2,103.021,76.434,140.468,102.438,82.975,137.489,143.993,131.32,131.547
1335.3,102.963,76.434,140.501,102.438,82.975,137.489,143.993,131.396,131.547
1335.4,103.021,76.434,140.501,102.555,82.825,137.489,144.023,131.358,131.547
1335.5,103.021,76.434,140.436,102.438,82.9,137.387,144.053,131.282,131.547
1335.6,103.021,76.434,140.468,102.438,82.9,137.455,144.023,131.358,131.584
1335.7,103.021,76.353,140.436,102.555,82.975,137.489,143.962,131.358,131.584
1335.8,103.021,76.434,140.468,102.555,82.9,137.455,144.023,131.32,131.584
1335.9,103.079,76.434,140.468,102.38,82.9,137.455,143.993,131.358,131.584
1336.0,103.021,76.353,140.468,102.438,82.9,137.455,144.023,131.32,131.547
1336.1,103.021,76.272,140.436,102.438,82.825,137.455,144.023,131.396,131.547
1336.2,102.963,76.353,140.468,102.438,82.825,137.455,144.023,131.396,131.509
1336.3,102.904,76.434,140.468,102.497,82.825,137.455,143.993,131.32,131.622
1336.4,103.079,76.434,140.468,102.438,82.825,137.489,144.023,131.32,131.547
1336.5,102.963,76.272,140.372,102.497,82.75,137.455,144.023,131.32,131.547
1336.6,103.021,76.272,140.436,102.438,82.9,137.455,144.023,131.32,131.547
1336.7,102.904,76.353,140.501,102.438,82.825,137.455,144.023,131.32,131.547
1336.8,102.963,76.272,140.468,102.438,82.75,137.489,144.023,131.282,131.584
1336.9,103.021,76.353,140.468,102.497,82.75,137.421,144.143,131.358,131.547
1337.0,102.963,76.434,140.501,102.497,82.825,137.455,143.993,131.358,131.547
1337.1,103.021,76.191,140.436,102.438,82.75,137.489,144.053,131.282,131.547
1337.2,102.963,76.191,140.501,102.38,82.75,137.455,144.023,131.358,131.584
1337.3,103.021,76.272,140.468,102.438,82.675,137.455,143.993,131.358,131.547
1337.4,103.021,76.191,140.468,102.438,82.75,137.455,144.023,131.358,131.584
1337.5,103.021,76.272,140.822,102.438,82.75,137.455,143.993,131.32,131.584
1337.6,102.963,76.272,140.436,102.555,82.75,137.455,143.993,131.282,131.547
1337.7,102.963,76.191,140.468,102.38,82.825,137.421,143.993,131.32,131.584
1337.8,102.963,76.191,140.436,102.555,82.675,137.523,144.023,131.434,131.547
1337.9,103.021,76.191,140.404,102.497,82.825,137.455,143.993,131.32,131.509
1338.0,102.963,76.191,140.404,102.497,82.675,137.455,144.023,131.32,131.622
1338.1,102.963,76.191,140.436,102.438,82.675,137.421,143.993,131.358,131.547
1338.2,102.963,76.272,140.468,102.38,82.599,137.421,144.053,131.434,131.509
1338.3,102.963,76.191,140.436,102.438,82.675,137.455,143.993,131.358,131.547
1338.4,102.963,76.272,140.436,102.438,82.675,137.455,144.023,131.32,131.547
1338.5,103.021,76.11,140.501,102.497,82.599,137.455,144.053,131.32,131.547
1338.6,103.021,76.11,140.436,102.38,82.675,137.455,144.113,131.358,131.584
1338.7,102.963,76.11,140.468,102.438,82.524,137.455,144.023,131.282,131.547
1338.8,102.963,76.11,140.468,102.438,82.675,137.455,143.962,131.282,131.547
1338.9,102.904,76.191,140.436,102.321,82.599,137.421,144.023,131.32,131.584
1339.0,102.963,76.11,140.436,102.438,82.599,137.455,144.023,131.358,131.509
1339.1,102.963,76.11,140.404,102.438,82.599,137.455,143.993,131.358,131.509
1339.2,102.963,76.11,140.372,102.38,82.599,137.421,143.993,131.282,131.547
1339.3,102.963,76.11,140.468,102.438,82.599,137.489,143.993,131.282,131.547
1339.4,102.904,76.11,140.468,102.438,82.599,137.455,143.993,131.32,131.547
1339.5,102.963,76.11,140.436,102.497,82.449,137.455,143.993,131.358,131.509
1339.6,102.963,76.11,140.436,102.438,82.524,137.455,143.962,131.32,131.584
1339.7,103.021,76.11,140.468,102.38,82.524,137.421,144.023,131.358,131.509
1339.8,102.904,76.029,140.468,102.438,82.599,137.489,143.993,131.32,131.509
1339.9,102.963,76.11,140.436,102.38,82.524,137.489,143.993,131.093,131.547
1340.0,102.963,75.947,140.468,102.438,82.599,137.421,144.023,131.358,131.547
1340.1,102.904,76.029,140.404,102.321,82.524,137.455,144.023,131.32,131.547
1340.2,102.904,76.029,140.468,102.438,82.524,137.455,143.993,131.282,131.509
1340.3,102.904,76.029,140.436,102.38,82.449,137.421,144.023,131.358,131.547
1340.4,102.904,76.191,140.436,102.438,82.524,137.455,144.023,131.32,131.547
1340.5,102.904,76.029,140.404,102.438,82.373,137.455,143.993,131.32,131.547
1340.6,102.963,75.947,140.436,102.38,82.449,137.421,144.023,131.282,131.547
1340.7,102.963,76.11,140.468,102.38,82.524,137.489,143.993,131.358,131.547
1340.8,102.904,75.947,140.436,102.38,82.449,137.421,143.993,131.245,131.547
1340.9,102.963,76.029,140.404,102.38,82.373,137.421,143.993,131.32,131.547
1341.0,102.963,75.947,140.436,102.38,82.373,137.421,144.023,131.32,131.547
1341.1,102.963,75.866,140.436,102.438,82.449,137.421,144.023,131.32,131.547
1341.2,103.021,76.029,140.436,102.438,82.449,137.489,143.993,131.358,131.509
1341.3,102.904,75.866,140.501,102.438,82.449,137.421,143.993,131.282,131.547
1341.4,102.963,75.947,140.565,102.262,82.373,137.421,143.993,131.282,131.584
1341.5,102.904,75.866,140.436,102.438,82.373,137.421,143.993,131.358,131.509
1341.6,102.904,75.947,140.436,102.438,82.449,137.421,143.993,131.282,131.509
1341.7,102.904,75.866,140.468,102.38,82.373,137.387,143.962,131.282,131.471
1341.8,102.963,75.947,140.436,102.438,82.373,137.489,143.993,131.32,131.584
1341.9,102.963,75.947,140.436,102.438,82.373,137.455,143.841,131.396,131.547
1342.0,102.963,75.947,140.404,102.438,82.373,137.421,144.023,131.245,131.547
1342.1,102.963,75.947,140.436,102.438,82.373,137.455,143.993,131.32,131.547
1342.2,102.963,75.866,140.436,102.497,82.298,137.421,143.993,131.32,131.547
1342.3,102.963,75.866,140.436,102.438,82.373,137.421,144.023,131.358,131.434
1342.4,102.904,75.866,140.468,102.438,82.373,137.489,143.932,131.282,131.547
1342.5,102.904,75.866,140.468,102.262,82.373,137.421,143.962,131.358,131.547
1342.6,102.963,75.866,140.436,102.438,82.147,137.421,144.053,131.282,131.509
1342.7,102.963,75.947,140.468,102.38,82.373,137.421,143.993,131.32,131.547
1342.8,103.021,75.866,140.404,102.38,82.373,137.421,143.993,131.282,131.547
1342.9,102.904,75.784,140.404,102.38,82.298,137.489,144.023,131.358,131.547
1343.0,102.963,75.784,140.468,102.38,82.298,137.455,143.993,131.32,131.547
1343.1,102.846,75.947,140.436,102.438,82.298,137.421,144.053,131.358,131.547
1343.2,102.904,75.866,140.436,102.38,82.298,137.489,144.023,131.358,131.547
1343.3,102.904,75.866,140.436,102.438,82.373,137.421,143.962,131.32,131.547
1343.4,102.963,75.784,140.436,102.438,82.298,137.421,143.993,131.32,131.584
1343.5,102.963,75.784,140.468,102.438,82.222,137.421,143.993,131.32,131.584
1343.6,102.963,75.866,140.404,102.438,82.298,137.455,143.993,131.358,131.547
1343.7,102.904,75.784,140.404,102.438,82.298,137.489,144.023,131.358,131.509
1343.8,102.904,75.784,140.436,102.438,82.298,137.455,143.962,131.358,131.547
1343.9,102.904,75.784,140.436,102.38,82.449,137.421,143.993,131.358,131.547
1344.0,102.904,75.784,140.436,102.438,82.222,137.421,143.962,131.32,131.547
1344.1,102.963,75.784,140.436,102.438,82.298,137.421,143.993,131.282,131.509
1344.2,102.904,75.784,140.501,102.38,82.298,137.421,143.962,131.282,131.547
1344.3,103.021,75.703,140.436,102.438,82.222,137.421,143.993,131.32,131.471
1344.4,102.788,75.866,140.533,102.38,82.147,137.421,143.993,131.32,131.547
1344.5,102.846,75.703,140.436,102.438,82.147,137.455,143.962,131.32,131.509
1344.6,102.846,75.621,140.436,102.38,82.147,137.387,143.993,131.358,131.509
1344.7,102.846,75.621,140.436,102.438,82.222,137.387,143.993,131.32,131.509
1344.8,102.963,75.703,140.436,102.38,82.222,137.421,144.023,131.282,131.584
1344.9,102.904,75.621,140.404,102.38,82.071,137.421,143.993,131.32,131.509
1345.0,102.904,75.621,140.436,102.438,82.147,137.421,143.962,131.32,131.547
1345.1,102.788,75.621,140.404,102.438,82.071,137.353,143.962,131.282,131.547
1345.2,102.904,75.621,140.404,102.321,82.147,137.421,144.023,131.32,131.547
1345.3,102.963,75.539,140.404,102.38,82.147,137.421,143.993,131.282,131.509
1345.4,102.846,75.703,140.436,102.321,82.071,137.523,143.932,131.282,131.509
1345.5,102.904,75.621,140.404,102.38,81.995,137.387,144.023,131.32,131.509
1345.6,102.963,75.703,140.468,102.38,82.071,137.455,143.993,131.32,131.471
1345.7,102.904,75.539,140.404,102.38,81.995,137.387,143.993,131.32,131.509
1345.8,102.963,75.539,140.468,102.38,82.071,137.421,143.993,131.282,131.509
1345.9,102.846,75.539,140.501,102.38,81.995,137.387,143.993,131.282,131.509
1346.0,102.904,75.703,140.436,102.38,82.071,137.421,143.993,131.32,131.509
1346.1,102.963,75.376,140.436,102.38,82.071,137.421,143.962,131.32,131.509
1346.2,102.963,75.539,140.468,102.38,81.995,137.421,144.143,131.32,131.509
1346.3,102.904,75.539,140.404,102.38,81.995,137.421,144.023,131.282,131.547
1346.4,102.846,75.539,140.404,102.438,81.995,137.421,143.962,131.32,131.547
1346.5,102.846,75.539,140.436,102.38,81.995,137.421,143.962,131.282,131.547
1346.6,102.963,75.458,140.372,102.321,81.995,137.489,143.993,131.282,131.509
1346.7,102.904,75.539,140.404,102.38,81.919,137.421,144.023,131.282,131.547
1346.8,102.904,75.458,140.372,102.321,81.995,137.421,143.993,131.282,131.509
1346.9,102.904,75.376,140.404,102.38,81.995,137.421,144.023,131.282,131.584
1347.0,102.904,75.458,140.404,102.38,81.843,137.387,143.993,131.282,131.584
1347.1,102.904,75.539,140.468,102.321,81.919,137.421,143.993,131.282,131.509
1347.2,102.846,75.458,140.468,102.321,81.919,137.421,144.023,131.32,131.547
1347.3,102.904,75.458,140.404,102.38,81.919,137.421,143.993,131.32,131.547
1347.4,102.788,75.458,140.372,102.321,81.995,137.353,143.993,131.282,131.547
1347.5,102.904,75.458,140.436,102.438,81.919,137.353,143.993,131.32,131.584
1347.6,102.846,75.458,140.436,102.321,81.843,137.387,144.023,131.32,131.509
1347.7,102.846,75.376,140.468,102.38,81.843,137.455,143.962,131.282,131.547
1347.8,102.846,75.376,140.404,102.38,81.767,137.387,143.962,131.282,131.509
1347.9,102.904,75.376,140.436,102.438,81.919,137.421,144.023,131.32,131.509
1348.0,102.846,75.376,140.436,102.38,81.843,137.387,143.993,131.32,131.547
1348.1,102.846,75.458,140.404,102.438,81.843,137.421,143.962,131.32,131.434
1348.2,102.788,75.294,140.404,102.321,81.843,137.387,144.083,131.32,131.509
1348.3,102.846,75.376,140.436,102.321,81.843,137.387,143.962,131.282,131.509
1348.4,102.846,75.212,140.404,102.38,81.919,137.387,143.962,131.32,131.547
1348.5,102.846,75.294,140.404,102.38,81.767,137.387,144.023,131.32,131.509
1348.6,102.846,75.294,140.404,102.38,81.843,137.387,143.962,131.358,131.509
1348.7,102.846,75.376,140.404,102.38,81.843,137.421,143.962,131.32,131.584
1348.8,102.846,75.376,140.372,102.321,81.767,137.421,144.053,131.32,131.509
1348.9,102.846,75.376,140.436,102.38,81.767,137.421,143.962,131.282,131.471
1349.0,102.788,75.294,140.436,102.38,81.767,137.421,143.962,131.282,131.471
1349.1,102.846,75.294,140.404,102.321,81.767,137.421,143.932,131.282,131.547
1349.2,102.846,75.294,140.372,102.321,81.767,137.421,143.962,131.358,131.509
1349.3,102.846,75.212,140.436,102.38,81.767,137.387,143.962,131.32,131.509
1349.4,102.904,75.294,140.468,102.38,81.615,137.387,143.962,131.32,131.547
1349.5,102.788,75.212,140.436,102.321,81.691,137.285,144.023,131.32,131.509
1349.6,102.846,75.212,140.404,102.38,81.691,137.387,143.962,131.282,131.509
1349.7,102.788,75.294,140.372,102.321,81.691,137.421,143.993,131.358,131.471
1349.8,103.021,75.13,140.404,102.38,81.691,137.421,143.993,131.358,131.509
1349.9,102.846,75.212,140.404,102.38,81.691,137.387,143.962,131.282,131.509
1350.0,102.73,75.212,140.436,102.38,81.691,137.421,143.962,131.245,131.509
1350.1,102.846,75.212,140.436,102.321,81.691,137.421,143.932,131.32,131.509
1350.2,102.846,75.212,140.404,102.321,81.539,137.387,143.993,131.282,131.434
1350.3,102.846,75.212,140.404,102.38,81.539,137.387,143.993,131.32,131.509
1350.4,102.788,75.212,140.372,102.38,81.615,137.387,144.023,131.32,131.471
1350.5,102.846,75.294,140.404,102.38,81.615,137.421,144.023,131.32,131.471
1350.6,102.846,75.212,140.436,102.38,81.615,137.387,143.962,131.32,131.547
1350.7,102.904,75.212,140.436,102.321,81.615,137.353,143.993,131.282,131.471
1350.8,102.904,75.13,140.372,102.321,81.691,137.387,143.993,131.358,131.547
1350.9,102.846,74.965,140.339,102.321,81.691,137.455,143.962,131.32,131.547
1351.0,102.846,75.047,140.436,102.321,81.615,137.387,143.962,131.282,131.509
1351.1,102.904,75.212,140.404,102.38,81.539,137.387,144.053,131.32,131.471
1351.2,102.846,75.13,140.372,102.38,81.539,137.285,143.993,131.282,131.509
1351.3,102.788,75.047,140.372,102.321,81.615,137.387,143.993,131.282,131.509
1351.4,102.788,75.212,140.436,102.321,81.539,137.421,143.962,131.282,131.584
1351.5,102.788,75.13,140.372,102.321,81.539,137.387,143.993,131.32,131.509
1351.6,102.846,75.047,140.436,102.321,81.539,137.421,143.962,131.282,131.584
1351.7,102.788,75.13,140.372,102.321,81.463,137.353,143.962,131.32,131.547
1351.8,102.846,75.047,140.404,102.38,81.463,137.387,143.962,131.32,131.547
1351.9,102.846,75.047,140.372,102.38,81.539,137.387,143.993,131.358,131.471
1352.0,102.846,75.13,140.372,102.321,81.539,137.387,143.932,131.282,131.471
1352.1,102.904,75.13,140.404,102.38,81.463,137.421,143.962,131.282,131.547
1352.2,102.846,75.13,140.436,102.321,81.539,137.455,143.962,131.32,131.509
1352.3,102.904,75.13,140.404,102.321,81.463,137.455,143.993,131.282,131.509
1352.4,102.788,75.047,140.339,102.321,81.539,137.421,144.023,131.396,131.434
1352.5,102.788,75.047,140.372,102.38,81.463,137.387,143.962,131.358,131.509
1352.6,102.788,75.047,140.436,102.38,81.463,137.387,143.962,131.32,131.547
1352.7,102.788,75.047,140.372,102.38,81.463,137.387,143.993,131.32,131.471
1352.8,102.846,74.965,140.404,102.321,81.463,137.353,143.962,131.396,131.509
1352.9,102.73,74.965,140.372,102.321,81.463,137.387,143.932,131.282,131.509
1353.0,102.846,75.047,140.372,102.438,81.463,137.387,143.993,131.282,131.547
1353.1,102.788,74.965,140.372,102.38,81.386,137.387,143.962,131.32,131.471
1353.2,102.788,74.965,140.372,102.38,81.386,137.387,143.962,131.358,131.509
1353.3,102.788,74.965,140.404,102.38,81.463,137.387,143.962,131.282,131.547
1353.4,102.788,74.883,140.372,102.38,81.463,137.421,143.932,131.32,131.509
1353.5,102.846,74.883,140.372,102.321,81.386,137.353,143.902,131.282,131.509
1353.6,102.846,74.965,140.372,102.38,81.463,137.353,143.962,131.282,131.471
1353.7,102.788,74.883,140.372,102.321,81.463,137.387,144.023,131.282,131.509
1353.8,102.788,75.047,140.404,102.321,81.386,137.557,143.993,131.32,131.509
1353.9,102.904,74.883,140.404,102.321,81.386,137.421,143.962,131.282,131.509
1354.0,102.788,74.8,140.372,102.321,81.31,137.353,143.962,131.282,131.509
1354.1,102.963,74.965,140.404,102.321,81.31,137.387,143.962,131.282,131.509
1354.2,102.904,74.883,140.372,102.321,81.386,137.421,143.962,131.32,131.509
1354.3,102.846,74.883,140.404,102.321,81.386,137.353,143.962,131.358,131.509
1354.4,102.672,74.883,140.372,102.321,81.386,137.353,143.962,131.32,131.584
1354.5,102.73,74.883,140.436,102.38,81.31,137.421,143.932,131.396,131.471
1354.6,102.672,74.883,140.404,102.262,81.31,137.421,143.993,131.282,131.622
1354.7,102.904,74.883,140.372,102.321,81.234,137.387,143.962,131.32,131.471
1354.8,102.846,74.8,140.436,102.321,81.31,137.387,143.993,131.282,131.509
1354.9,102.788,74.883,140.372,102.321,81.31,137.353,143.962,131.282,131.471
1355.0,102.788,74.965,140.307,102.38,81.31,137.387,143.993,131.32,131.471
1355.1,102.846,74.8,140.404,102.321,81.157,137.353,143.962,131.32,131.471
1355.2,102.788,74.8,140.372,102.321,81.31,137.387,143.962,131.282,131.509
1355.3,102.846,74.883,140.372,102.38,81.234,137.387,143.932,131.282,131.509
1355.4,102.788,74.8,140.372,102.321,81.31,137.387,143.962,131.245,131.471
1355.5,102.788,74.8,140.372,102.262,81.386,137.387,143.962,131.245,131.471
1355.6,102.788,74.8,140.372,102.321,81.157,137.421,143.962,131.32,131.509
1355.7,102.788,74.8,140.372,102.38,81.157,137.387,143.993,131.32,131.509
1355.8,102.73,74.8,140.339,102.262,81.234,137.353,143.993,131.282,131.509
1355.9,102.788,74.718,140.404,102.321,81.234,137.387,143.962,131.32,131.509
1356.0,102.788,74.8,140.404,102.262,81.08,137.387,143.932,131.32,131.547
1356.1,102.788,74.8,140.404,102.38,81.157,137.353,143.932,131.32,131.509
1356.2,102.846,74.718,140.404,102.262,81.157,137.387,143.993,131.282,131.547
1356.3,102.788,74.8,140.372,102.321,81.157,137.421,144.023,131.282,131.471
1356.4,102.788,74.718,140.404,102.38,81.157,137.353,143.962,131.245,131.509
1356.5,102.788,74.8,140.372,102.321,81.157,137.387,143.932,131.282,131.547
1356.6,102.73,74.718,140.372,102.321,81.234,137.353,143.993,131.282,131.471
1356.7,102.73,74.718,140.339,102.321,81.157,137.353,143.932,131.32,131.509
1356.8,102.788,74.718,140.372,102.321,81.157,137.421,143.932,131.282,131.584
1356.9,102.788,74.718,140.372,102.262,81.234,137.387,143.962,131.32,131.547
1357.0,102.73,74.718,140.339,102.321,81.004,137.387,143.993,131.32,131.509
1357.1,102.846,74.718,140.372,102.321,81.157,137.421,143.962,131.282,131.509
1357.2,102.788,74.8,140.372,102.321,81.157,137.319,143.993,131.282,131.471
1357.3,102.788,74.635,140.339,102.38,81.157,137.353,143.993,131.32,131.471
1357.4,102.73,74.635,140.339,102.38,81.157,137.387,143.962,131.282,131.509
1357.5,102.788,74.635,140.372,102.321,81.08,137.319,143.962,131.282,131.509
1357.6,102.788,74.635,140.404,102.321,81.004,137.387,143.962,131.282,131.471
1357.7,102.788,74.635,140.339,102.262,81.08,137.387,143.932,131.282,131.509
1357.8,102.788,74.635,140.404,102.262,81.08,137.353,143.932,131.245,131.509
1357.9,102.788,74.718,140.372,102.38,81.08,137.387,143.962,131.245,131.471
1358.0,102.73,74.635,140.307,102.438,81.004,137.387,143.932,131.282,131.509
1358.1,102.788,74.553,140.372,102.321,81.004,137.353,144.053,131.245,131.471
1358.2,102.904,74.635,140.339,102.321,80.927,137.387,143.993,131.282,131.509
1358.3,102.672,74.635,140.339,102.38,81.004,137.387,143.932,131.245,131.471
1358.4,102.846,74.553,140.436,102.38,81.08,137.387,143.902,131.32,131.509
1358.5,102.846,74.553,140.339,102.262,81.08,137.353,143.962,131.282,131.509
1358.6,102.73,74.635,140.372,102.321,81.004,137.387,143.932,131.282,131.471
1358.7,102.788,74.553,140.372,102.262,80.85,137.387,143.962,131.282,131.509
1358.8,102.904,74.47,140.404,102.204,80.927,137.353,143.932,131.282,131.509
1358.9,102.788,74.553,140.339,102.262,80.927,137.319,143.932,131.32,131.471
1359.0,102.672,74.47,140.372,102.38,80.927,137.353,143.932,131.245,131.471
1359.1,102.788,74.553,140.339,102.262,80.927,137.353,143.932,131.245,131.471
1359.2,102.846,74.553,140.404,102.262,80.927,137.319,143.962,131.282,131.509
1359.3,102.73,74.47,140.339,102.262,80.927,137.319,143.993,131.245,131.358
1359.4,102.788,74.553,140.339,102.262,81.004,137.353,143.993,131.169,131.509
1359.5,102.846,74.47,140.339,102.262,80.927,137.387,143.932,131.282,131.509
1359.6,102.73,74.553,140.339,102.321,81.004,137.319,143.962,131.245,131.471
1359.7,102.788,74.47,140.372,102.262,80.85,137.455,143.932,131.282,131.471
1359.8,102.73,74.47,140.339,102.262,80.85,137.353,143.962,131.32,131.434
1359.9,102.788,74.47,140.404,102.321,80.85,137.421,143.932,131.245,131.509
1360.0,102.73,74.47,140.307,102.321,80.773,137.353,143.993,131.282,131.434
1360.1,102.788,74.387,140.339,102.262,80.85,137.353,143.962,131.32,131.471
1360.2,102.73,74.47,140.339,102.321,80.85,137.353,143.962,131.282,131.509
1360.3,102.672,74.387,140.339,102.262,80.85,137.353,144.023,131.282,131.509
1360.4,102.788,74.553,140.339,102.262,80.85,137.319,143.993,131.282,131.547
1360.5,102.73,74.387,140.307,102.321,80.773,137.319,143.962,131.282,131.471
1360.6,102.788,74.47,140.339,102.262,80.85,137.387,143.902,131.282,131.547
1360.7,102.73,74.387,140.339,102.262,80.85,137.421,143.962,131.282,131.509
1360.8,102.73,74.387,140.372,102.262,80.773,137.387,144.023,131.207,131.471
1360.9,102.73,74.47,140.339,102.262,80.773,137.353,143.932,131.245,131.471
1361.0,102.73,74.387,140.339,102.204,80.773,137.353,143.962,131.32,131.434
1361.1,102.788,74.387,140.372,102.262,80.773,137.353,143.962,131.282,131.471
1361.2,102.846,74.387,140.372,102.321,80.773,137.353,143.993,131.282,131.509
1361.3,102.73,74.387,140.372,102.262,80.773,137.353,143.993,131.282,131.584
1361.4,102.788,74.304,140.339,102.321,80.696,137.353,143.962,131.32,131.471
1361.5,102.73,74.387,140.339,102.262,80.85,137.353,143.962,131.282,131.509
1361.6,102.672,74.387,140.372,102.262,80.773,137.319,143.932,131.32,131.471
1361.7,102.73,74.387,140.339,102.321,80.696,137.387,143.993,131.282,131.471
1361.8,102.73,74.387,140.339,102.321,80.696,137.353,143.932,131.282,131.471
1361.9,102.788,74.304,140.339,102.262,80.696,137.353,143.932,131.282,131.471
1362.0,102.73,74.304,140.339,102.262,80.773,137.353,143.993,131.282,131.471
1362.1,102.73,74.304,140.372,102.204,80.696,137.387,143.962,131.32,131.509
1362.2,102.73,74.304,140.404,102.204,80.619,137.353,143.962,131.282,131.622
1362.3,102.788,74.221,140.339,102.262,80.619,137.387,143.962,131.282,131.509
1362.4,102.73,74.221,140.372,102.262,80.619,137.319,143.962,131.282,131.547
1362.5,102.672,74.138,140.372,102.262,80.85,137.353,143.962,131.282,131.471
1362.6,102.555,74.221,140.372,102.262,80.696,137.353,143.932,131.282,131.471
1362.7,102.788,74.304,140.372,102.262,80.619,137.421,143.962,131.131,131.471
1362.8,102.73,74.221,140.339,102.204,80.696,137.387,143.932,131.358,131.509
1362.9,102.672,74.221,140.339,102.262,80.619,137.353,143.962,131.245,131.434
1363.0,102.73,74.304,140.339,102.262,80.619,137.353,143.962,131.32,131.471
1363.1,102.672,74.304,140.436,102.204,80.619,137.353,143.962,131.32,131.434
1363.2,102.672,74.138,140.307,102.262,80.696,137.319,143.993,131.282,131.471
1363.3,102.73,74.221,140.339,102.262,80.619,137.387,143.962,131.245,131.471
1363.4,102.73,74.387,140.339,102.262,80.542,137.353,143.962,131.282,131.547
1363.5,102.788,74.138,140.307,102.262,80.542,137.387,143.962,131.282,131.471
1363.6,102.73,74.055,140.339,102.262,80.542,137.353,143.932,131.282,131.434
1363.7,102.73,74.221,140.372,102.262,80.619,137.319,143.932,131.282,131.471
1363.8,102.672,74.138,140.339,102.262,80.542,137.319,143.993,131.32,131.471
1363.9,102.73,74.221,140.307,102.262,80.619,137.353,144.083,131.358,131.434
1364.0,102.788,74.138,140.372,102.204,80.773,137.353,143.932,131.282,131.547
1364.1,102.73,74.221,140.307,102.262,80.542,137.353,143.962,131.245,131.509
1364.2,102.73,74.221,140.307,102.204,80.619,137.319,143.993,131.245,131.434
1364.3,102.788,74.138,140.339,102.204,80.619,137.319,143.902,131.32,131.471
1364.4,102.672,74.221,140.372,102.262,80.542,137.353,143.932,131.245,131.471
1364.5,102.73,74.221,140.339,102.321,80.542,137.353,143.962,131.282,131.471
1364.6,102.73,74.138,140.339,102.204,80.542,137.319,143.962,131.282,131.509
1364.7,102.73,74.138,140.339,102.204,80.619,137.353,143.932,131.32,131.471
1364.8,102.73,74.138,140.339,102.204,80.542,137.353,143.932,131.282,131.471
1364.9,102.73,74.138,140.339,102.204,80.619,137.319,143.962,131.282,131.471
1365.0,102.672,74.138,140.339,102.204,80.542,137.319,143.962,131.282,131.471
1365.1,102.73,74.138,140.307,102.321,80.542,137.353,143.932,131.282,131.434
1365.2,102.73,74.138,140.307,102.262,80.542,137.353,143.932,131.32,131.509
1365.3,102.73,74.138,140.307,102.262,80.465,137.319,143.962,131.282,131.471
1365.4,102.672,74.138,140.339,102.262,80.465,137.319,143.962,131.282,131.471
1365.5,102.73,74.055,140.307,102.262,80.542,137.387,143.962,131.245,131.471
1365.6,102.73,74.055,140.307,102.262,80.619,137.387,143.902,131.282,131.471
1365.7,102.73,74.055,140.372,102.262,80.465,137.319,143.962,131.32,131.509
1365.8,102.73,74.138,140.339,102.321,80.465,137.285,143.993,131.32,131.547
1365.9,102.672,74.138,140.339,102.262,80.388,137.353,143.902,131.32,131.434
1366.0,102.672,74.055,140.307,102.38,80.465,137.353,143.932,131.282,131.471
1366.1,102.73,74.055,140.339,102.262,80.465,137.353,143.932,131.282,131.509
1366.2,102.788,74.055,140.404,102.262,80.465,137.319,143.962,131.282,131.471
1366.3,102.672,74.138,140.307,102.262,80.465,137.353,144.083,131.282,131.509
1366.4,102.672,73.972,140.339,102.262,80.465,137.319,143.993,131.32,131.471
1366.5,102.73,74.055,140.275,102.204,80.388,137.319,143.902,131.358,131.509
1366.6,102.672,73.972,140.339,102.262,80.542,137.353,143.962,131.245,131.471
1366.7,102.73,73.972,140.307,102.262,80.388,137.319,143.962,131.282,131.471
1366.8,102.73,73.972,140.307,102.262,80.465,137.353,143.962,131.32,131.471
1366.9,102.672,73.889,140.372,102.262,80.388,137.319,143.962,131.282,131.471
1367.0,102.555,73.972,140.339,102.204,80.388,137.319,143.962,131.32,131.471
1367.1,102.672,74.055,140.339,102.204,80.31,137.285,143.932,131.282,131.471
1367.2,102.555,73.972,140.307,102.262,80.388,137.319,143.993,131.245,131.547
1367.3,102.846,73.889,140.339,102.204,80.465,137.319,143.962,131.282,131.471
1367.4,102.672,74.055,140.339,102.204,80.388,137.319,143.932,131.32,131.547
1367.5,102.788,73.889,140.339,102.204,80.31,137.353,143.962,131.282,131.471
1367.6,102.672,73.972,140.307,102.262,80.465,137.387,143.932,131.282,131.471
1367.7,102.672,73.889,140.339,102.204,80.31,137.319,144.023,131.32,131.471
1367.8,102.672,73.972,140.339,102.262,80.31,137.319,143.962,131.245,131.471
1367.9,102.788,73.889,140.307,102.204,80.388,137.319,143.962,131.245,131.434
1368.0,102.672,73.889,140.339,102.262,80.388,137.319,143.872,131.207,131.471
1368.1,102.613,73.972,140.307,102.204,80.31,137.319,143.962,131.32,131.547
1368.2,102.846,73.889,140.339,102.204,80.233,137.353,143.932,131.282,131.471
1368.3,102.672,73.889,140.372,102.204,80.31,137.353,143.962,131.282,131.471
1368.4,102.73,73.972,140.339,102.262,80.388,137.387,143.962,131.32,131.471
1368.5,102.672,73.972,140.339,102.204,80.31,137.353,143.993,131.245,131.434
1368.6,102.672,73.972,140.275,102.262,80.31,137.387,143.932,131.282,131.471
1368.7,102.672,73.889,140.307,102.204,80.233,137.353,143.962,131.282,131.471
1368.8,102.73,73.972,140.307,102.204,80.233,137.319,143.841,131.282,131.434
1368.9,102.73,73.889,140.307,102.204,80.233,137.421,143.962,131.245,131.471
1369.0,102.672,73.806,140.339,102.145,80.233,137.353,143.962,131.32,131.434
1369.1,102.672,73.889,140.339,102.145,80.233,137.285,143.932,131.282,131.471
1369.2,102.672,73.889,140.275,102.204,80.156,137.251,143.932,131.282,131.547
1369.3,102.672,73.806,140.275,102.321,80.31,137.319,143.993,131.282,131.358
1369.4,102.672,73.806,140.307,102.262,80.233,137.353,143.902,131.282,131.547
1369.5,102.672,73.806,140.339,102.204,80.156,137.285,143.932,131.282,131.584
1369.6,102.672,73.889,140.307,102.204,80.233,137.285,143.993,131.282,131.471
1369.7,102.672,73.806,140.307,102.204,80.078,137.319,143.932,131.245,131.434
1369.8,102.613,73.806,140.307,102.204,80.156,137.421,143.962,131.282,131.471
1369.9,102.73,73.889,140.339,102.204,80.156,137.353,143.932,131.282,131.509
1370.0,102.672,73.806,140.307,102.262,80.078,137.319,143.993,131.245,131.434
1370.1,102.613,73.806,140.307,102.204,80.156,137.319,143.932,131.282,131.509
1370.2,102.672,73.722,140.307,102.262,80.233,137.387,143.872,131.32,131.434
1370.3,102.672,73.806,140.307,102.086,80.156,137.353,143.962,131.207,131.509
1370.4,102.613,73.722,140.372,102.262,80.156,137.285,143.932,131.32,131.434
1370.5,102.672,73.722,140.307,102.262,80.156,137.285,143.962,131.245,131.471
1370.6,102.672,73.639,140.307,102.204,80.078,137.319,143.962,131.282,131.509
1370.7,102.672,73.722,140.372,102.204,80.078,137.353,143.932,131.282,131.471
1370.8,102.672,73.806,140.339,102.204,80.156,137.285,143.962,131.282,131.434
1370.9,102.613,73.722,140.307,102.204,80.078,137.319,143.841,131.282,131.509
1371.0,102.672,73.639,140.307,102.145,80.078,137.285,143.932,131.282,131.471
1371.1,102.672,73.722,140.339,102.204,80.078,137.285,143.932,131.282,131.471
1371.2,102.613,73.639,140.275,102.204,80.0,137.319,143.902,131.282,131.434
1371.3,102.672,73.639,140.307,102.204,80.078,137.285,143.962,131.32,131.434
1371.4,102.672,73.639,140.307,102.321,80.0,137.319,143.932,131.32,131.471
1371.5,102.555,73.722,140.339,102.204,80.078,137.285,143.902,131.282,131.509
1371.6,102.555,73.722,140.307,102.204,80.078,137.285,143.932,131.282,131.434
1371.7,102.613,73.722,140.275,102.145,80.0,137.285,143.962,131.282,131.471
1371.8,102.613,73.555,140.339,102.262,79.923,137.319,143.932,131.245,131.434
1371.9,102.672,73.639,140.307,102.321,80.078,137.285,143.932,131.282,131.471
1372.0,102.555,73.639,140.307,102.145,80.0,137.353,143.932,131.245,131.471
1372.1,102.613,73.639,140.307,102.204,80.0,137.353,143.932,131.358,131.471
1372.2,102.672,73.722,140.275,102.145,80.0,137.353,143.932,131.282,131.471
1372.3,102.672,73.555,140.275,102.145,80.078,137.285,143.932,131.245,131.434
1372.4,102.613,73.639,140.275,102.204,79.923,137.251,143.932,131.282,131.509
1372.5,102.613,73.639,140.307,102.204,80.078,137.285,143.902,131.245,131.471
1372.6,102.672,73.639,140.242,102.145,80.0,137.319,143.902,131.245,131.471
1372.7,102.672,73.555,140.372,102.204,79.923,137.319,144.023,131.282,131.471
1372.8,102.613,73.471,140.307,102.145,79.845,137.319,143.932,131.207,131.471
1372.9,102.672,73.722,140.242,102.204,80.0,137.285,143.932,131.282,131.471
1373.0,102.613,73.555,140.307,102.204,79.845,137.285,143.962,131.358,131.471
1373.1,102.672,73.555,140.307,102.321,79.845,137.353,143.993,131.245,131.471
1373.2,102.672,73.471,140.339,102.145,79.923,137.251,143.932,131.358,131.471
1373.3,102.613,73.555,140.307,102.145,79.845,137.285,143.902,131.282,131.471
1373.4,102.672,73.555,140.307,102.321,79.923,137.319,143.932,131.32,131.434
1373.5,102.613,73.471,140.307,102.204,79.923,137.319,143.932,131.245,131.471
1373.6,102.672,73.471,140.275,102.145,79.845,137.353,143.902,131.282,131.471
1373.7,102.613,73.471,140.275,102.145,79.845,137.285,143.932,131.32,131.471
1373.8,102.613,73.471,140.307,102.086,79.845,137.285,143.932,131.245,131.547
1373.9,102.846,73.471,140.307,102.145,79.845,137.285,143.962,131.358,131.434
1374.0,102.672,73.388,140.339,102.086,79.767,137.285,143.902,131.32,131.471
1374.1,102.672,73.471,140.307,102.204,79.845,137.285,143.902,131.32,131.509
1374.2,102.613,73.639,140.307,102.145,79.767,137.319,143.993,131.282,131.396
1374.3,102.613,73.471,140.307,102.145,79.767,137.319,143.993,131.282,131.471
1374.4,102.672,73.471,140.307,102.145,79.767,137.285,143.872,131.282,131.509
1374.5,102.613,73.471,140.307,102.204,79.767,137.285,143.962,131.32,131.547
1374.6,102.555,73.388,140.242,102.145,79.767,137.285,143.841,131.245,131.434
1374.7,102.672,73.471,140.372,102.145,79.767,137.319,143.932,131.245,131.471
1374.8,102.555,73.471,140.339,102.145,79.767,137.285,143.902,131.282,131.471
1374.9,102.672,73.388,140.242,102.204,79.767,137.353,143.993,131.245,131.509
1375.0,102.672,73.388,140.307,102.145,79.845,137.285,143.902,131.245,131.471
1375.1,102.672,73.388,140.307,102.145,79.767,137.251,143.932,131.245,131.471
1375.2,102.73,73.471,140.21,102.145,79.767,137.353,143.932,131.282,131.471
1375.3,102.672,73.304,140.275,102.145,79.845,137.319,143.932,131.282,131.471
1375.4,102.672,73.471,140.275,102.145,79.689,137.319,143.932,131.282,131.547
1375.5,102.672,73.388,140.307,102.204,79.767,137.285,143.962,131.282,131.434
1375.6,102.672,73.388,140.307,102.145,79.689,137.285,143.932,131.282,131.434
1375.7,102.613,73.304,140.307,102.204,79.767,137.353,143.932,131.245,131.471
1375.8,102.613,73.304,140.275,102.086,79.689,137.319,143.932,131.358,131.434
1375.9,102.613,73.388,140.307,102.086,79.689,137.285,143.902,131.282,131.471
1376.0,102.613,73.304,140.307,102.145,79.611,137.251,143.902,131.282,131.434
1376.1,102.613,73.22,140.275,102.204,79.689,137.285,143.962,131.32,131.471
1376.2,102.613,73.304,140.275,102.262,79.611,137.285,143.902,131.282,131.471
1376.3,102.555,73.388,140.339,102.204,79.689,137.319,143.902,131.282,131.396
1376.4,102.672,73.22,140.307,102.204,79.611,137.285,143.902,131.282,131.396
1376.5,102.672,73.388,140.275,102.145,79.611,137.387,143.902,131.282,131.509
1376.6,102.672,73.304,140.275,102.145,79.611,137.319,143.902,131.32,131.509
1376.7,102.613,73.22,140.339,102.145,79.611,137.251,143.932,131.282,131.471
1376.8,102.613,73.304,140.307,102.204,79.611,137.285,143.962,131.245,131.434
1376.9,102.555,73.22,140.275,102.086,79.533,137.251,143.902,131.32,131.509
1377.0,102.613,73.22,140.307,102.145,79.533,137.251,143.902,131.32,131.434
1377.1,102.613,73.388,140.275,102.145,79.689,137.285,143.962,131.245,131.509
1377.2,102.613,73.22,140.275,102.204,79.533,137.285,143.902,131.282,131.434
1377.3,102.613,73.304,140.307,102.145,79.533,137.285,143.902,131.245,131.434
1377.4,102.613,73.136,140.307,102.145,79.455,137.285,143.932,131.282,131.434
1377.5,102.672,73.136,140.275,102.204,79.533,137.353,143.902,131.282,131.471
1377.6,102.555,73.136,140.275,102.145,79.533,137.285,143.902,131.358,131.471
1377.7,102.613,73.304,140.275,102.145,79.533,137.353,143.872,131.282,131.471
1377.8,102.672,73.22,140.275,102.204,79.455,137.285,143.902,131.282,131.434
1377.9,102.555,73.136,140.339,102.204,79.533,137.285,143.932,131.282,131.509
1378.0,102.613,73.22,140.275,102.145,79.533,137.285,143.781,131.282,131.396
1378.1,102.613,73.136,140.307,102.145,79.533,137.285,143.932,131.32,131.547
1378.2,102.672,73.22,140.275,102.086,79.455,137.285,143.902,131.245,131.434
1378.3,102.613,73.136,140.275,102.145,79.611,137.251,143.902,131.245,131.471
1378.4,102.613,73.136,140.275,102.145,79.455,137.251,143.932,131.245,131.471
1378.5,102.613,73.136,140.21,102.145,79.455,137.285,143.902,131.245,131.434
1378.6,102.555,73.136,140.307,102.086,79.533,137.251,143.872,131.32,131.434
1378.7,102.555,73.052,140.307,102.086,79.533,137.285,143.902,131.32,131.471
1378.8,102.555,73.136,140.275,102.145,79.377,137.319,143.932,131.282,131.471
1378.9,102.613,73.136,140.275,102.204,79.455,137.285,143.932,131.245,131.434
1379.0,102.672,73.136,140.307,102.145,79.377,137.285,143.962,131.245,131.471
1379.1,102.555,73.22,140.242,102.145,79.455,137.353,143.962,131.245,131.471
1379.2,102.613,73.136,140.307,102.086,79.377,137.319,143.902,131.32,131.509
1379.3,102.672,73.052,140.307,102.086,79.377,137.285,143.962,131.282,131.471
1379.4,102.555,73.052,140.275,102.028,79.377,137.285,143.932,131.245,131.434
1379.5,102.613,73.052,140.275,102.145,79.377,137.285,143.932,131.282,131.471
1379.6,102.555,73.052,140.307,102.086,79.377,137.319,143.962,131.282,131.434
1379.7,102.672,73.052,140.307,102.086,79.455,137.251,143.962,131.282,131.434
1379.8,102.613,73.052,140.275,102.086,79.299,137.285,143.932,131.207,131.434
1379.9,102.613,73.136,140.242,102.145,79.533,137.387,143.902,131.245,131.509
1380.0,102.555,72.883,140.242,102.086,79.377,137.251,143.932,131.282,131.471
1380.1,102.555,72.968,140.177,102.145,79.377,137.319,143.902,131.282,131.471
1380.2,102.555,73.052,140.242,102.086,79.377,137.353,143.902,131.32,131.434
1380.3,102.555,73.052,140.275,102.145,79.299,137.319,143.932,131.282,131.434
1380.4,102.555,73.136,140.275,102.086,79.377,137.285,143.962,131.282,131.434
1380.5,102.555,72.968,140.242,102.145,79.299,137.285,143.902,131.282,131.434
1380.6,102.613,72.968,140.275,102.086,79.299,137.251,143.872,131.282,131.471
1380.7,102.613,73.052,140.242,102.086,79.299,137.251,143.932,131.245,131.471
1380.8,102.555,73.052,140.242,102.145,79.299,137.285,143.962,131.282,131.434
1380.9,102.555,72.968,140.307,102.086,79.455,137.285,143.902,131.32,131.509
1381.0,102.555,73.052,140.275,102.145,79.299,137.251,143.932,131.282,131.471
1381.1,102.555,72.968,140.275,102.086,79.299,137.285,143.902,131.282,131.471
1381.2,102.613,72.968,140.275,102.145,79.377,137.353,143.902,131.282,131.434
1381.3,102.555,72.968,140.242,102.145,79.299,137.319,143.841,131.282,131.471
1381.4,102.613,72.968,140.339,102.262,79.299,137.251,143.902,131.32,131.509
1381.5,102.613,72.968,140.242,102.086,79.299,137.285,143.902,131.32,131.434
1381.6,102.497,72.968,140.307,102.086,79.221,137.353,143.902,131.245,131.471
1381.7,102.555,72.968,140.275,102.086,79.221,137.285,143.932,131.245,131.509
1381.8,102.613,72.968,140.307,102.086,79.377,137.251,143.902,131.358,131.434
1381.9,102.613,72.968,140.307,102.086,79.221,137.251,143.902,131.32,131.584
1382.0,102.613,72.968,140.275,102.086,79.299,137.285,143.932,131.282,131.434
1382.1,102.613,72.968,140.307,102.145,79.221,137.251,143.902,131.282,131.434
1382.2,102.555,72.883,140.242,102.204,79.221,137.216,143.932,131.32,131.471
1382.3,102.613,72.883,140.307,102.145,79.221,137.251,143.902,131.245,131.434
1382.4,102.613,72.883,140.242,102.086,79.221,137.285,143.841,131.358,131.434
1382.5,102.613,72.883,140.275,102.086,79.221,137.285,143.872,131.282,131.471
1382.6,102.613,72.883,140.307,102.145,79.299,137.285,143.902,131.282,131.434
1382.7,102.613,72.883,140.242,102.028,79.221,137.251,143.872,131.282,131.471
1382.8,102.613,72.968,140.242,102.086,79.221,137.285,143.932,131.282,131.434
1382.9,102.555,72.883,140.275,102.145,79.221,137.285,143.902,131.282,131.509
1383.0,102.555,72.968,140.275,102.145,79.142,137.251,143.902,131.282,131.471
1383.1,102.613,72.799,140.275,102.145,79.221,137.319,143.902,131.282,131.434
1383.2,102.555,72.883,140.177,102.086,79.299,137.319,143.962,131.282,131.471
1383.3,102.555,72.883,140.21,102.086,79.142,137.251,143.872,131.32,131.471
1383.4,102.555,72.799,140.275,102.145,79.142,137.285,143.872,131.282,131.434
1383.5,102.555,72.799,140.339,102.086,79.142,137.285,143.902,131.282,131.396
1383.6,102.613,72.799,140.307,102.028,79.142,137.251,143.902,131.32,131.471
1383.7,102.555,72.799,140.307,102.145,79.142,137.251,143.932,131.282,131.434
1383.8,102.497,72.883,140.275,102.086,79.142,137.251,143.902,131.358,131.509
1383.9,102.613,72.799,140.242,102.086,79.142,137.216,143.932,131.282,131.471
1384.0,102.613,72.799,140.21,102.086,79.142,137.251,143.962,131.282,131.471
1384.1,102.555,72.799,140.242,102.086,79.221,137.285,143.872,131.282,131.434
1384.2,102.613,72.799,140.242,102.145,79.142,137.251,143.993,131.32,131.434
1384.3,102.555,72.799,140.242,102.086,79.142,137.251,143.902,131.282,131.471
1384.4,102.613,72.799,140.242,102.028,79.142,137.251,143.902,131.32,131.471
1384.5,102.555,72.799,140.275,102.086,79.142,137.251,143.932,131.32,131.471
1384.6,102.555,72.799,140.275,102.086,79.064,137.285,143.932,131.245,131.471
1384.7,102.555,72.715,140.177,102.086,79.064,137.251,143.932,131.282,131.584
1384.8,102.555,72.715,140.242,102.086,79.142,137.285,143.902,131.282,131.471
1384.9,102.555,72.799,140.275,102.086,79.142,137.285,143.902,131.282,131.434
1385.0,102.497,72.63,140.307,102.086,79.064,137.285,143.902,131.245,131.434
1385.1,102.555,72.715,140.21,102.028,79.064,137.285,143.902,131.282,131.471
1385.2,102.555,72.715,140.275,102.028,79.064,137.285,143.902,131.396,131.434
1385.3,102.555,72.799,140.275,102.086,79.064,137.251,143.932,131.32,131.434
1385.4,102.555,72.715,140.242,102.086,78.985,137.285,143.932,131.32,131.471
1385.5,102.555,72.715,140.307,102.028,79.064,137.251,143.902,131.207,131.434
1385.6,102.497,72.715,140.275,102.086,79.064,137.319,143.902,131.282,131.434
1385.7,102.555,72.63,140.21,102.028,78.907,137.216,143.902,131.32,131.434
1385.8,102.555,72.63,140.242,102.028,78.985,137.251,143.902,131.282,131.434
1385.9,102.497,72.63,140.307,102.086,79.064,137.216,143.902,131.245,131.471
1386.0,102.497,72.546,140.21,101.91,79.142,137.216,143.872,131.207,131.396
1386.1,102.613,72.63,140.242,102.086,78.907,137.285,143.902,131.245,131.434
1386.2,102.555,72.63,140.242,102.028,78.907,137.319,143.902,131.282,131.471
1386.3,102.555,72.63,140.177,102.145,78.907,137.216,143.902,131.282,131.434
1386.4,102.555,72.63,140.21,102.086,78.985,137.251,143.841,131.282,131.434
1386.5,102.497,72.63,140.242,102.086,78.907,137.251,143.872,131.282,131.434
1386.6,102.555,72.63,140.275,102.086,78.749,137.251,143.932,131.282,131.434
1386.7,102.497,72.715,140.242,102.086,78.985,137.319,143.902,131.282,131.434
1386.8,102.555,72.63,140.21,102.086,78.907,137.251,143.902,131.282,131.509
1386.9,102.555,72.63,140.275,102.086,78.907,137.216,143.932,131.282,131.471
1387.0,102.555,72.63,140.275,102.028,78.907,137.216,143.902,131.32,131.434
1387.1,102.555,72.63,140.242,102.028,78.907,137.319,143.932,131.282,131.471
1387.2,102.555,72.546,140.242,102.086,78.907,137.285,143.993,131.32,131.434
1387.3,102.555,72.63,140.242,102.086,78.985,137.251,143.902,131.282,131.471
1387.4,102.555,72.546,140.242,102.086,78.985,137.251,143.872,131.245,131.396
1387.5,102.613,72.546,140.242,101.969,78.907,137.251,143.902,131.32,131.434
1387.6,102.555,72.546,140.242,102.145,78.828,137.251,143.902,131.282,131.396
1387.7,102.555,72.63,140.242,102.086,78.828,137.251,143.902,131.245,131.434
1387.8,102.555,72.546,140.21,102.028,78.907,137.251,143.993,131.32,131.434
1387.9,102.613,72.461,140.275,102.086,78.828,137.251,143.902,131.282,131.471
1388.0,102.497,72.546,140.242,102.028,78.907,137.251,143.902,131.282,131.471
1388.1,102.555,72.63,140.21,102.086,78.828,137.216,143.872,131.32,131.434
1388.2,102.38,72.546,140.21,102.086,78.828,137.251,143.902,131.245,131.396
1388.3,102.555,72.546,140.21,102.028,78.828,137.251,143.932,131.245,131.434
1388.4,102.497,72.461,140.275,102.086,78.828,137.216,143.932,131.282,131.358
1388.5,102.497,72.63,140.21,102.028,78.749,137.251,143.932,131.245,131.396
1388.6,102.497,72.546,140.242,102.028,78.828,137.216,143.872,131.282,131.509
1388.7,102.438,72.461,140.242,102.028,78.828,137.251,143.902,131.245,131.396
1388.8,102.497,72.376,140.242,102.086,78.828,137.251,143.902,131.282,131.471
1388.9,102.555,72.546,140.242,102.028,78.828,137.216,143.902,131.358,131.434
1389.0,102.555,72.461,140.21,102.086,78.749,137.251,143.902,131.282,131.434
1389.1,102.555,72.461,140.275,102.086,78.828,137.251,143.902,131.32,131.471
1389.2,102.555,72.461,140.242,102.086,78.749,137.251,143.902,131.207,131.434
1389.3,102.555,72.461,140.242,102.086,78.749,137.216,143.841,131.245,131.434
1389.4,102.438,72.461,140.21,102.086,78.749,137.216,143.902,131.282,131.434
1389.5,102.555,72.461,140.21,102.086,78.671,137.216,143.811,131.32,131.471
1389.6,102.497,72.461,140.242,102.086,78.749,137.251,143.902,131.282,131.434
1389.7,102.555,72.461,140.21,102.028,78.749,137.251,143.902,131.282,131.471
1389.8,102.438,72.292,140.275,102.028,78.749,137.216,143.872,131.207,131.434
1389.9,102.497,72.376,140.275,102.086,78.828,137.216,143.902,131.282,131.434
1390.0,102.555,72.376,140.242,102.028,78.749,137.216,143.872,131.282,131.471
1390.1,102.555,72.376,140.275,102.086,78.828,137.216,143.902,131.245,131.471
1390.2,102.555,72.376,140.242,102.028,78.828,137.285,143.962,131.282,131.396
1390.3,102.555,72.376,140.21,102.028,78.749,137.251,143.902,131.32,131.471
1390.4,102.497,72.461,140.242,102.028,78.671,137.285,143.872,131.32,131.434
1390.5,102.555,72.376,140.242,101.969,78.671,137.251,143.932,131.282,131.396
1390.6,102.555,72.461,140.242,102.204,78.749,137.216,143.872,131.245,131.434
1390.7,102.555,72.376,140.242,102.028,78.671,137.216,143.872,131.245,131.396
1390.8,102.555,72.376,140.307,102.086,78.592,137.251,143.902,131.282,131.471
1390.9,102.497,72.376,140.177,102.028,78.671,137.285,143.902,131.245,131.471
1391.0,102.497,72.292,140.21,102.028,78.671,137.251,143.872,131.245,131.434
1391.1,102.497,72.376,140.242,102.028,78.592,137.251,143.902,131.207,131.358
1391.2,102.497,72.461,140.21,102.028,78.671,137.251,143.841,131.245,131.434
1391.3,102.497,72.292,140.242,102.028,78.592,137.216,143.902,131.245,131.434
1391.4,102.497,72.461,140.242,102.028,78.671,137.182,143.902,131.282,131.471
1391.5,102.555,72.292,140.242,102.086,78.592,137.216,143.872,131.245,131.434
1391.6,102.497,72.292,140.21,101.969,78.671,137.216,143.932,131.282,131.434
1391.7,102.555,72.207,140.242,102.028,78.592,137.216,143.902,131.282,131.396
1391.8,102.497,72.292,140.242,102.028,78.592,137.251,143.902,131.245,131.434
1391.9,102.497,72.376,140.177,102.086,78.592,137.251,143.932,131.245,131.471
1392.0,102.555,72.207,140.177,102.028,78.592,137.216,143.962,131.245,131.434
1392.1,102.555,72.292,140.242,102.086,78.592,137.216,143.872,131.245,131.434
1392.2,102.497,72.292,140.21,102.028,78.592,137.216,143.932,131.282,131.434
1392.3,102.613,72.292,140.242,102.028,78.592,137.251,143.872,131.245,131.434
1392.4,102.555,72.292,140.21,102.028,78.513,137.251,143.902,131.245,131.434
1392.5,102.555,72.292,140.21,102.028,78.513,137.216,143.872,131.245,131.471
1392.6,102.497,72.292,140.242,102.028,78.513,137.319,143.872,131.245,131.434
1392.7,102.497,72.207,140.242,102.145,78.513,137.216,143.902,131.32,131.396
1392.8,102.497,72.207,140.242,102.028,78.355,137.216,143.902,131.245,131.509
1392.9,102.613,72.292,140.21,102.028,78.513,137.216,143.902,131.32,131.471
1393.0,102.555,72.207,140.275,102.028,78.513,137.285,143.872,131.32,131.396
1393.1,102.497,72.122,140.177,102.028,78.513,137.251,143.932,131.282,131.434
1393.2,102.497,72.207,140.242,102.028,78.513,137.216,143.902,131.207,131.434
1393.3,102.497,72.292,140.177,102.028,78.513,137.216,143.902,131.282,131.471
1393.4,102.555,72.122,140.21,101.969,78.513,137.216,143.902,131.207,131.434
1393.5,102.555,72.122,140.177,102.028,78.513,137.251,143.902,131.282,131.396
1393.6,102.497,72.207,140.242,102.028,78.434,137.251,143.902,131.32,131.471
1393.7,102.555,72.207,140.21,102.028,78.434,137.216,143.902,131.245,131.509
1393.8,102.438,72.122,140.242,102.028,78.513,137.216,143.902,131.282,131.434
1393.9,102.555,72.207,140.242,102.028,78.513,137.216,143.872,131.32,131.434
1394.0,102.497,72.122,140.145,102.086,78.434,137.216,143.932,131.32,131.434
1394.1,102.497,72.207,140.21,102.028,78.355,137.251,143.902,131.32,131.434
1394.2,102.438,72.207,140.21,102.028,78.513,137.251,143.902,131.245,131.471
1394.3,102.497,72.207,140.242,101.969,78.513,137.216,143.902,131.282,131.471
1394.4,102.438,72.207,140.145,102.028,78.513,137.285,143.872,131.282,131.471
1394.5,102.497,72.122,140.21,102.028,78.434,137.216,143.841,131.282,131.471
1394.6,102.555,72.122,140.21,101.969,78.434,137.216,143.872,131.245,131.396
1394.7,102.438,72.122,140.21,102.028,78.434,137.251,143.902,131.245,131.471
1394.8,102.497,72.122,140.177,102.028,78.434,137.216,143.932,131.169,131.434
1394.9,102.497,72.122,140.242,101.851,78.434,137.216,143.902,131.207,131.509
1395.0,102.497,72.122,140.242,102.028,78.434,137.216,143.902,131.245,131.471
1395.1,102.497,72.122,140.177,102.086,78.434,137.216,143.872,131.245,131.434
1395.2,102.497,72.122,140.145,101.969,78.434,137.182,143.902,131.245,131.434
1395.3,102.497,72.122,140.177,102.028,78.355,137.216,143.902,131.245,131.32
1395.4,102.555,72.207,140.242,101.969,78.355,137.216,143.902,131.282,131.396
1395.5,102.497,72.037,140.177,102.028,78.434,137.182,143.902,131.282,131.471
1395.6,102.497,72.122,140.242,101.969,78.355,137.216,143.872,131.245,131.509
1395.7,102.438,72.122,140.21,102.028,78.355,137.182,143.841,131.282,131.434
1395.8,102.497,72.037,140.177,102.028,78.434,137.251,143.902,131.245,131.471
1395.9,102.613,72.037,140.21,102.028,78.434,137.216,143.902,131.282,131.434
1396.0,102.497,72.122,140.21,102.028,78.355,137.216,143.902,131.282,131.434
1396.1,102.555,72.122,140.242,101.969,78.355,137.216,143.872,131.207,131.434
1396.2,102.438,72.122,140.242,101.969,78.355,137.216,143.902,131.245,131.434
1396.3,102.438,72.037,140.21,101.969,78.355,137.216,143.902,131.282,131.434
1396.4,102.555,72.037,140.177,102.028,78.434,137.182,143.902,131.282,131.434
1396.5,102.497,72.037,140.177,101.969,78.275,137.251,143.872,131.245,131.434
1396.6,102.555,72.037,140.275,101.969,78.355,137.216,143.902,131.245,131.396
1396.7,102.497,72.122,140.275,101.851,78.275,137.216,143.872,131.282,131.434
1396.8,102.555,71.952,140.21,102.028,78.355,137.216,143.872,131.245,131.434
1396.9,102.438,72.122,140.21,101.969,78.355,137.251,143.902,131.32,131.396
1397.0,102.438,71.952,140.145,102.028,78.275,137.216,143.872,131.245,131.434
1397.1,102.438,72.037,140.242,101.969,78.275,137.251,143.872,131.282,131.434
1397.2,102.555,71.952,140.21,102.028,78.355,137.216,143.872,131.282,131.509
1397.3,102.555,72.122,140.21,101.969,78.275,137.216,143.962,131.282,131.471
1397.4,102.497,72.037,140.21,102.028,78.275,137.216,143.932,131.282,131.471
1397.5,102.497,71.952,140.177,102.028,78.275,137.216,143.872,131.282,131.396
1397.6,102.613,71.952,140.242,102.028,78.196,137.216,143.872,131.282,131.434
1397.7,102.497,72.037,140.21,101.969,78.275,137.251,143.902,131.245,131.434
1397.8,102.555,71.952,140.145,101.969,78.275,137.216,143.781,131.32,131.434
1397.9,102.438,71.952,140.177,101.969,78.275,137.251,143.962,131.245,131.434
1398.0,102.438,72.037,140.242,102.086,78.275,137.251,143.902,131.282,131.471
1398.1,102.497,71.952,140.242,102.028,78.275,137.285,143.902,131.245,131.471
1398.2,102.497,72.037,140.21,101.969,78.117,137.216,143.902,131.245,131.471
1398.3,102.497,71.867,140.242,101.969,78.196,137.216,143.872,131.282,131.471
1398.4,102.497,72.037,140.177,101.969,78.196,137.251,143.872,131.245,131.471
1398.5,102.438,71.952,140.307,101.969,78.275,137.216,143.841,131.245,131.396
1398.6,102.497,71.952,140.21,101.969,78.275,137.251,143.872,131.32,131.509
1398.7,102.38,71.867,140.21,101.969,78.196,137.216,143.902,131.207,131.434
1398.8,102.438,71.952,140.242,102.028,78.196,137.251,143.872,131.282,131.509
1398.9,102.497,71.952,140.242,101.969,78.355,137.216,143.872,131.245,131.471
1399.0,102.497,71.867,140.177,102.028,78.117,137.216,143.872,131.282,131.509
1399.1,102.438,71.952,140.242,102.086,78.117,137.216,143.932,131.282,131.471
1399.2,102.497,71.952,140.21,101.969,78.196,137.216,143.841,131.245,131.434
1399.3,102.497,71.867,140.145,101.91,78.196,137.216,143.902,131.207,131.396
1399.4,102.497,71.867,140.177,102.028,78.275,137.216,143.872,131.207,131.471
1399.5,102.438,71.952,140.21,101.969,78.275,137.182,143.841,131.32,131.471
1399.6,102.438,71.867,140.177,101.969,78.117,137.216,143.872,131.32,131.396
1399.7,102.438,71.867,140.242,102.028,78.196,137.251,143.872,131.245,131.434
1399.8,102.438,71.867,140.242,102.028,78.117,137.216,143.872,131.282,131.547
1399.9,102.555,71.867,140.177,101.91,78.196,137.182,143.872,131.245,131.434
1400.0,102.497,71.867,140.21,101.969,78.117,137.216,143.902,131.282,131.396
1400.1,102.438,71.952,140.177,101.969,78.117,137.216,143.872,131.245,131.396
1400.2,102.38,71.952,140.145,101.969,78.117,137.216,143.902,131.245,131.434
1400.3,102.438,71.781,140.242,101.969,78.117,137.216,143.902,131.245,131.396
1400.4,102.497,71.781,140.145,102.028,78.196,137.216,143.872,131.282,131.396
1400.5,102.497,71.781,140.177,101.969,78.117,137.216,143.902,131.245,131.434
1400.6,102.613,71.867,140.21,102.028,78.117,137.182,143.932,131.207,131.434
1400.7,102.438,71.867,140.177,101.969,78.117,137.251,143.902,131.245,131.396
1400.8,102.497,71.781,140.145,101.969,78.117,137.251,143.902,131.207,131.396
1400.9,102.438,71.781,140.177,101.969,78.355,137.216,143.902,131.282,131.434
1401.0,102.438,71.781,140.21,102.028,78.117,137.216,143.872,131.207,131.434
1401.1,102.438,71.781,140.177,101.969,78.037,137.182,143.902,131.282,131.471
1401.2,102.555,71.781,140.21,101.969,78.037,137.182,143.902,131.245,131.396
1401.3,102.438,71.781,140.177,101.969,78.037,137.216,143.872,131.358,131.434
1401.4,102.497,71.781,140.21,101.91,78.117,137.216,143.902,131.282,131.396
1401.5,102.555,71.781,140.177,101.91,78.037,137.251,143.902,131.282,131.471
1401.6,102.555,71.781,140.21,102.028,78.037,137.251,143.841,131.245,131.396
1401.7,102.497,71.781,140.177,101.969,78.037,137.216,143.841,131.245,131.396
1401.8,102.497,71.696,140.177,101.969,78.117,137.182,143.841,131.282,131.471
1401.9,102.497,71.781,140.177,102.086,77.958,137.216,143.872,131.282,131.471
1402.0,102.555,71.781,140.145,101.969,78.037,137.216,143.902,131.245,131.396
1402.1,102.438,71.781,140.177,102.028,78.037,137.216,143.902,131.245,131.471
1402.2,102.438,71.781,140.242,101.969,78.037,137.251,143.841,131.245,131.434
1402.3,102.555,71.781,140.177,101.969,78.037,137.182,143.872,131.207,131.396
1402.4,102.497,71.696,140.177,101.969,77.958,137.216,143.872,131.282,131.434
1402.5,102.497,71.696,140.177,101.969,77.799,137.182,143.841,131.282,131.396
1402.6,102.555,71.696,140.177,102.086,78.037,137.216,143.841,131.282,131.471
1402.7,102.438,71.696,140.145,101.969,77.878,137.216,143.872,131.282,131.434
1402.8,102.497,71.61,140.21,102.028,78.117,137.182,143.872,131.245,131.434
1402.9,102.497,71.696,140.177,101.91,77.958,137.182,143.902,131.32,131.396
1403.0,102.438,71.781,140.145,101.91,77.958,137.182,143.841,131.245,131.358
1403.1,102.438,71.696,140.177,101.969,77.878,137.216,143.902,131.282,131.434
1403.2,102.438,71.696,140.177,101.969,78.037,137.216,143.872,131.282,131.434
1403.3,102.497,71.696,140.21,101.969,77.958,137.216,143.841,131.245,131.396
1403.4,102.438,71.696,140.145,102.028,78.037,137.182,143.872,131.282,131.396
1403.5,102.438,71.61,140.177,101.969,77.878,137.216,143.902,131.245,131.396
1403.6,102.438,71.696,140.242,101.969,77.878,137.216,143.841,131.32,131.471
1403.7,102.438,71.61,140.145,101.91,77.878,137.182,143.902,131.207,131.434
1403.8,102.438,71.61,140.21,101.969,77.878,137.251,143.841,131.32,131.434
1403.9,102.438,71.525,140.177,102.028,77.958,137.216,143.872,131.245,131.396
1404.0,102.497,71.696,140.177,101.969,77.878,137.216,143.932,131.245,131.396
1404.1,102.497,71.61,140.21,101.969,77.878,137.216,143.841,131.282,131.396
1404.2,102.262,71.61,140.177,101.91,77.878,137.148,143.902,131.358,131.396
1404.3,102.38,71.61,140.177,101.91,77.878,137.182,143.841,131.207,131.396
1404.4,102.438,71.696,140.177,101.91,77.958,137.251,143.841,131.434,131.358
1404.5,102.555,71.61,140.21,101.969,78.037,137.148,143.872,131.245,131.471
1404.6,102.38,71.525,140.145,101.91,77.958,137.182,143.841,131.282,131.434
1404.7,102.438,71.61,140.113,101.969,77.878,137.182,143.841,131.282,131.471
1404.8,102.438,71.525,140.21,102.028,77.878,137.216,143.872,131.245,131.434
1404.9,102.438,71.525,140.242,101.91,77.878,137.251,143.902,131.245,131.434
1405.0,102.497,71.696,140.177,101.969,77.799,137.182,143.872,131.245,131.396
1405.1,102.438,71.525,140.242,101.969,77.878,137.182,143.932,131.245,131.396
1405.2,102.38,71.525,140.177,101.91,77.878,137.182,143.902,131.282,131.471
1405.3,102.438,71.525,140.113,101.91,77.878,137.216,143.872,131.282,131.434
1405.4,102.555,71.61,140.145,101.969,77.799,137.251,143.872,131.32,131.434
1405.5,102.438,71.525,140.275,101.91,77.958,137.182,143.841,131.282,131.434
1405.6,102.497,71.61,140.177,101.969,77.878,137.182,143.841,131.245,131.396
1405.7,102.438,71.61,140.177,101.969,77.878,137.216,143.902,131.245,131.434
1405.8,102.555,71.525,140.177,101.969,77.878,137.216,143.841,131.282,131.396
1405.9,102.438,71.696,140.145,101.91,77.878,137.216,143.841,131.282,131.396
1406.0,102.438,71.61,140.177,101.91,77.799,137.182,143.872,131.245,131.396
1406.1,102.497,71.61,140.177,101.969,77.799,137.148,143.872,131.282,131.396
1406.2,102.497,71.525,140.177,101.91,77.799,137.216,143.902,131.245,131.434
1406.3,102.438,71.525,140.145,101.969,77.799,137.216,143.872,131.245,131.396
1406.4,102.438,71.525,140.177,101.969,77.799,137.182,143.841,131.245,131.584
1406.5,102.438,71.525,140.177,101.851,77.799,137.216,143.841,131.245,131.396
1406.6,102.497,71.525,140.177,101.969,78.037,137.182,143.841,131.282,131.396
1406.7,102.497,71.525,140.242,101.969,77.799,137.182,143.841,131.282,131.396
1406.8,102.438,71.525,140.177,101.969,77.799,137.148,143.841,131.282,131.396
1406.9,102.438,71.439,140.21,101.969,77.799,137.216,143.872,131.245,131.434
1407.0,102.438,71.439,140.177,101.969,77.799,137.216,143.841,131.282,131.434
1407.1,102.438,71.525,140.177,101.969,77.719,137.182,143.872,131.245,131.434
1407.2,102.438,71.525,140.177,101.969,77.799,137.182,143.872,131.282,131.434
1407.3,102.321,71.525,140.145,101.969,77.878,137.182,143.872,131.32,131.434
1407.4,102.438,71.354,140.177,101.91,77.719,137.148,143.841,131.245,131.434
1407.5,102.497,71.439,140.177,101.91,77.719,137.182,143.811,131.282,131.396
1407.6,102.438,71.439,140.177,101.91,77.799,137.182,143.811,131.245,131.396
1407.7,102.438,71.525,140.145,101.969,77.719,137.216,143.872,131.207,131.471
1407.8,102.438,71.439,140.21,101.969,77.719,137.216,143.932,131.207,131.396
1407.9,102.38,71.439,140.177,101.91,77.799,137.148,143.872,131.282,131.509
1408.0,102.438,71.525,140.177,101.91,77.639,137.182,143.872,131.282,131.396
1408.1,102.438,71.439,140.145,101.851,77.719,137.182,143.993,131.169,131.434
1408.2,102.438,71.439,140.145,101.91,77.719,137.216,143.872,131.282,131.396
1408.3,102.438,71.439,140.145,101.969,77.799,137.182,143.872,131.282,131.396
1408.4,102.497,71.525,140.145,101.91,77.719,137.148,143.902,131.245,131.396
1408.5,102.438,71.439,140.145,101.969,77.719,137.182,143.841,131.245,131.396
1408.6,102.438,71.439,140.177,101.91,77.639,137.216,143.841,131.282,131.396
1408.7,102.438,71.439,140.21,101.91,77.719,137.251,143.841,131.245,131.396
1408.8,102.613,71.354,140.177,101.91,77.719,137.216,143.841,131.245,131.396
1408.9,102.497,71.439,140.21,101.91,77.639,137.182,143.841,131.245,131.396
1409.0,102.438,71.439,140.177,101.851,77.719,137.182,143.841,131.245,131.396
1409.1,102.38,71.354,140.145,101.91,77.719,137.148,143.872,131.282,131.396
1409.2,102.38,71.354,140.177,101.91,77.639,137.182,143.993,131.282,131.434
1409.3,102.38,71.354,140.177,101.91,77.639,137.148,143.872,131.207,131.358
1409.4,102.438,71.439,140.177,101.91,77.639,137.216,143.841,131.245,131.434
1409.5,102.497,71.354,140.21,101.91,77.56,137.182,143.872,131.245,131.396
1409.6,102.38,71.354,140.145,101.969,77.639,137.148,143.872,131.245,131.509
1409.7,102.38,71.439,140.145,101.851,77.56,137.182,143.872,131.245,131.396
1409.8,102.438,71.268,140.242,101.91,77.639,137.182,143.872,131.245,131.396
1409.9,102.38,71.268,140.177,101.91,77.639,137.182,143.872,131.245,131.434
1410.0,102.438,71.354,140.145,101.969,77.639,137.114,143.872,131.245,131.547
1410.1,102.497,71.439,140.177,101.969,77.639,137.148,143.902,131.282,131.434
1410.2,102.497,71.439,140.21,101.969,77.639,137.216,143.902,131.245,131.434
1410.3,102.438,71.354,140.21,101.91,77.639,137.251,143.841,131.32,131.434
1410.4,102.497,71.354,140.177,101.969,77.719,137.182,143.841,131.282,131.471
1410.5,102.321,71.354,140.113,101.851,77.56,137.182,143.872,131.169,131.396
1410.6,102.38,71.354,140.177,101.91,77.56,137.182,143.872,131.245,131.396
1410.7,102.38,71.268,140.145,101.91,77.639,137.182,143.841,131.358,131.434
1410.8,102.38,71.354,140.08,101.91,77.56,137.148,143.841,131.245,131.434
1410.9,102.497,71.268,140.177,101.91,77.56,137.216,143.902,131.245,131.434
1411.0,102.438,71.354,140.145,101.91,77.56,137.182,143.872,131.245,131.396
1411.1,102.38,71.268,140.177,101.91,77.56,137.148,143.841,131.245,131.282
1411.2,102.38,71.268,140.177,101.851,77.56,137.148,143.872,131.207,131.434
1411.3,102.38,71.268,140.145,101.91,77.56,137.216,143.902,131.245,131.396
1411.4,102.38,71.354,140.145,101.91,77.32,137.182,143.962,131.245,131.434
1411.5,102.38,71.182,140.145,101.851,77.48,137.148,143.872,131.282,131.471
1411.6,102.38,71.182,140.177,101.969,77.56,137.182,143.872,131.245,131.396
1411.7,102.38,71.268,140.145,102.086,77.56,137.216,143.841,131.245,131.396
1411.8,102.438,71.182,140.08,101.91,77.56,137.182,143.872,131.282,131.396
1411.9,102.321,71.268,140.145,101.91,77.56,137.182,143.811,131.245,131.396
1412.0,102.438,71.268,140.177,101.851,77.56,137.182,143.841,131.207,131.434
1412.1,102.38,71.182,140.145,101.91,77.48,137.182,143.841,131.207,131.434
1412.2,102.497,71.354,140.145,101.851,77.48,137.182,143.902,131.282,131.434
1412.3,102.38,71.268,140.177,101.91,77.56,137.216,143.902,131.245,131.434
1412.4,102.38,71.182,140.145,101.91,77.48,137.148,143.811,131.282,131.396
1412.5,102.438,71.182,140.145,101.969,77.56,137.216,143.872,131.245,131.396
1412.6,102.497,71.096,140.177,101.91,77.4,137.148,143.872,131.282,131.434
1412.7,102.38,71.268,140.145,101.91,77.48,137.148,143.781,131.282,131.471
1412.8,102.38,71.182,140.177,101.91,77.48,137.182,143.841,131.245,131.396
1412.9,102.438,71.182,140.145,101.91,77.48,137.182,143.872,131.245,131.396
1413.0,102.38,71.268,140.145,101.851,77.4,137.148,143.811,131.207,131.396
1413.1,102.438,71.182,140.145,101.91,77.48,137.148,143.872,131.169,131.396
1413.2,102.438,71.096,140.177,101.969,77.48,137.182,143.841,131.282,131.396
1413.3,102.38,71.096,140.21,101.91,77.48,137.148,143.811,131.32,131.396
1413.4,102.438,71.268,140.113,101.91,77.639,137.182,143.811,131.245,131.434
1413.5,102.497,71.182,140.145,101.851,77.4,137.216,143.902,131.207,131.434
1413.6,102.438,71.096,140.145,101.91,77.48,137.148,143.872,131.282,131.434
1413.7,102.38,71.096,140.145,101.91,77.4,137.182,143.841,131.282,131.32
1413.8,102.38,71.182,140.145,101.91,77.48,137.182,143.841,131.131,131.396
1413.9,102.38,71.182,140.113,101.91,77.4,137.216,143.872,131.282,131.434
1414.0,102.38,71.268,140.177,101.969,77.4,137.216,143.841,131.245,131.434
1414.1,102.38,71.096,140.177,101.91,77.4,137.148,143.811,131.245,131.396
1414.2,102.438,71.182,140.145,101.851,77.4,137.216,143.872,131.245,131.396
1414.3,102.38,71.01,140.113,101.91,77.4,137.216,143.841,131.245,131.471
1414.4,102.38,71.01,140.145,101.969,77.4,137.182,143.872,131.245,131.32
1414.5,102.321,71.096,140.145,101.91,77.48,137.148,143.841,131.245,131.471
1414.6,102.38,71.096,140.113,101.792,77.4,137.182,143.811,131.282,131.396
1414.7,102.438,71.096,140.145,101.91,77.4,137.148,143.781,131.245,131.434
1414.8,102.438,71.096,140.145,101.91,77.4,137.148,143.811,131.245,131.358
1414.9,102.38,71.096,140.177,101.91,77.4,137.182,143.841,131.282,131.396
1415.0,102.438,71.096,140.145,101.969,77.4,137.148,143.841,131.207,131.358
1415.1,102.321,71.096,140.177,101.91,77.32,137.114,143.751,131.282,131.396
1415.2,102.438,71.096,140.21,101.851,77.4,137.182,143.841,131.282,131.434
1415.3,102.38,71.096,140.113,101.91,77.4,137.216,143.841,131.245,131.471
1415.4,102.38,71.096,140.145,101.91,77.32,137.182,143.811,131.245,131.396
1415.5,102.438,71.182,140.21,101.91,77.4,137.182,143.872,131.282,131.471
1415.6,102.497,71.01,140.145,101.91,77.32,137.148,143.841,131.282,131.358
1415.7,102.438,71.096,140.145,101.91,77.32,137.148,143.811,131.245,131.358
1415.8,102.438,71.096,140.113,101.91,77.4,137.148,143.841,131.245,131.471
1415.9,102.438,71.182,140.145,101.851,77.4,137.182,143.72,131.245,131.396
1416.0,102.38,71.096,140.177,101.851,77.4,137.182,143.841,131.32,131.396
1416.1,102.38,71.096,140.177,101.851,77.4,137.216,143.841,131.245,131.396
1416.2,102.438,71.096,140.145,101.851,77.4,137.182,143.841,131.245,131.396
1416.3,102.38,71.096,140.113,101.91,77.48,137.182,143.902,131.282,131.434
1416.4,102.321,71.096,140.145,101.91,77.32,137.148,143.841,131.282,131.434
1416.5,102.38,71.01,140.08,101.91,77.4,137.148,143.902,131.245,131.434
1416.6,102.38,71.01,140.145,101.851,77.32,137.148,143.841,131.245,131.396
1416.7,102.497,71.01,140.21,101.91,77.32,137.148,143.841,131.245,131.396
1416.8,102.321,71.01,140.145,101.91,77.4,137.148,143.872,131.245,131.434
1416.9,102.38,71.096,140.275,101.851,77.32,137.182,143.841,131.245,131.396
1417.0,102.321,71.01,140.145,101.91,77.239,137.216,143.841,131.245,131.471
1417.1,102.438,71.01,140.177,101.91,77.32,137.216,143.811,131.245,131.434
1417.2,102.438,71.182,140.145,101.851,77.32,137.148,143.841,131.282,131.434
1417.3,102.38,71.01,140.242,101.792,77.32,137.148,143.811,131.245,131.396
1417.4,102.38,71.096,140.177,101.91,77.32,137.148,143.872,131.245,131.358
1417.5,102.38,71.096,140.177,101.91,77.239,137.182,143.811,131.245,131.434
1417.6,102.438,71.01,140.145,101.851,77.32,137.182,143.993,131.169,131.434
1417.7,102.38,71.01,140.113,101.91,77.239,137.216,143.872,131.245,131.396
1417.8,102.321,70.924,140.145,101.851,77.239,137.148,143.841,131.245,131.471
1417.9,102.38,71.01,140.177,102.086,77.239,137.148,143.841,131.282,131.434
1418.0,102.438,70.924,140.113,101.91,77.239,137.148,143.872,131.245,131.396
1418.1,102.38,70.924,140.145,101.969,77.239,137.148,143.841,131.207,131.358
1418.2,102.38,71.01,140.145,101.851,77.4,137.148,143.841,131.245,131.434
1418.3,102.38,71.096,140.145,102.028,77.239,137.148,143.872,131.282,131.509
1418.4,102.38,70.924,140.145,101.969,77.159,137.182,143.811,131.245,131.396
1418.5,102.438,70.924,140.21,101.851,77.239,137.182,143.841,131.32,131.434
1418.6,102.38,71.01,140.113,101.91,77.239,137.216,143.811,131.245,131.434
1418.7,102.438,71.01,140.177,101.91,77.239,137.148,143.811,131.245,131.509
1418.8,102.438,70.838,140.145,101.851,77.239,137.182,143.872,131.282,131.396
1418.9,102.38,70.924,140.08,101.91,77.239,137.182,143.811,131.245,131.434
1419.0,102.38,70.924,140.113,101.851,77.239,137.182,143.811,131.245,131.396
1419.1,102.438,70.924,140.145,101.969,77.32,137.148,143.841,131.282,131.434
1419.2,102.38,71.01,140.145,101.91,77.239,137.148,143.781,131.245,131.396
1419.3,102.438,71.01,140.08,101.91,77.239,137.182,143.841,131.282,131.434
1419.4,102.38,71.01,140.113,101.851,77.32,137.182,143.841,131.282,131.396
1419.5,102.38,70.924,140.145,101.851,77.159,137.148,143.72,131.245,131.434
1419.6,102.438,71.01,140.177,101.91,77.239,137.182,143.872,131.245,131.434
1419.7,102.38,71.01,140.048,101.91,77.32,137.182,143.841,131.207,131.396
1419.8,102.438,70.924,140.08,101.851,77.159,137.251,143.781,131.245,131.396
1419.9,102.321,70.924,140.177,101.91,77.159,137.148,143.841,131.245,131.434
1420.0,102.38,70.924,140.145,101.851,77.159,137.148,143.811,131.32,131.396
1420.1,102.438,70.924,140.275,101.851,77.159,137.148,143.841,131.245,131.396
1420.2,102.321,70.838,140.113,101.91,77.159,137.148,143.841,131.32,131.396
1420.3,102.321,70.838,140.113,101.969,77.159,137.216,143.781,131.245,131.434
1420.4,102.38,70.924,140.145,101.91,77.159,137.148,143.811,131.282,131.434
1420.5,102.321,70.838,140.113,101.91,77.159,137.148,143.872,131.245,131.396
1420.6,102.262,70.924,140.113,101.851,77.079,137.251,143.841,131.32,131.434
1420.7,102.38,70.924,140.145,101.851,77.159,137.114,143.811,131.245,131.396
1420.8,102.321,70.838,140.145,101.851,77.159,137.148,143.841,131.245,131.434
1420.9,102.321,70.924,140.113,101.969,77.159,137.182,143.841,131.169,131.396
1421.0,102.321,70.838,140.08,101.91,77.079,137.148,143.841,131.245,131.396
1421.1,102.38,70.838,140.177,101.91,77.079,137.148,143.811,131.358,131.396
1421.2,102.321,70.752,140.145,101.851,77.159,137.182,143.811,131.245,131.396
1421.3,102.38,70.838,140.177,101.851,77.079,137.148,143.841,131.169,131.396
1421.4,102.438,70.838,140.145,101.91,77.079,137.148,143.841,131.245,131.434
1421.5,102.321,70.838,140.113,101.851,77.079,137.182,143.841,131.245,131.396
1421.6,102.38,70.838,140.145,101.851,77.079,137.148,143.811,131.282,131.434
1421.7,102.321,70.838,140.113,101.91,76.999,137.148,143.811,131.245,131.396
1421.8,102.321,70.838,140.145,101.851,77.079,137.148,143.841,131.245,131.396
1421.9,102.321,70.752,140.145,101.851,77.079,137.148,143.841,131.207,131.434
1422.0,102.38,71.01,140.145,101.851,76.999,137.182,143.841,131.282,131.434
1422.1,102.38,70.838,140.145,101.91,77.079,137.148,143.841,131.245,131.396
1422.2,102.38,70.752,140.177,101.91,77.079,137.148,143.841,131.245,131.358
1422.3,102.38,70.752,140.113,101.792,76.999,137.182,143.841,131.245,131.434
1422.4,102.438,70.838,140.145,101.792,77.079,137.148,143.811,131.245,131.396
1422.5,102.321,70.752,140.145,101.851,77.079,137.148,143.841,131.358,131.396
1422.6,102.438,70.752,140.177,101.91,77.079,137.148,143.872,131.245,131.396
1422.7,102.321,70.838,140.145,101.851,76.999,137.148,143.781,131.245,131.434
1422.8,102.438,70.752,140.177,101.851,76.999,137.182,143.872,131.282,131.434
1422.9,102.321,70.838,140.113,101.851,77.079,137.148,143.841,131.245,131.396
1423.0,102.38,70.752,140.145,101.851,76.999,137.148,143.841,131.282,131.358
1423.1,102.321,70.752,140.177,101.851,76.999,137.148,143.841,131.207,131.434
1423.2,102.38,70.752,140.113,101.851,76.999,137.182,143.841,131.282,131.396
1423.3,102.38,70.752,140.145,101.851,76.999,137.182,143.811,131.245,131.434
1423.4,102.321,70.752,140.145,101.851,77.079,137.114,143.872,131.245,131.396
1423.5,102.38,70.665,140.113,101.851,76.999,137.114,143.811,131.282,131.396
1423.6,102.38,70.665,140.113,101.792,76.999,137.148,143.841,131.245,131.396
1423.7,102.438,70.838,140.048,101.851,77.079,137.148,143.841,131.282,131.396
1423.8,102.38,70.752,140.145,101.733,76.918,137.114,143.811,131.282,131.434
1423.9,102.38,70.752,140.145,101.792,76.999,137.148,143.872,131.207,131.396
1424.0,102.321,70.752,140.113,101.851,76.999,137.114,143.841,131.245,131.396
1424.1,102.38,70.665,140.113,101.792,76.999,137.148,143.872,131.245,131.396
1424.2,102.321,70.665,140.113,101.851,76.999,137.216,143.811,131.282,131.471
1424.3,102.38,70.752,140.113,101.851,76.918,137.08,143.811,131.245,131.396
1424.4,102.38,70.665,140.145,101.851,76.918,137.148,143.811,131.282,131.396
1424.5,102.321,70.752,140.08,101.91,76.999,137.148,143.811,131.245,131.396
1424.6,102.321,70.665,140.113,101.674,76.918,137.148,143.841,131.282,131.358
1424.7,102.497,70.752,140.08,101.851,76.918,137.148,143.811,131.282,131.471
1424.8,102.38,70.752,140.145,101.851,76.999,137.114,143.841,131.282,131.434
1424.9,102.321,70.665,140.145,101.851,76.999,137.148,143.902,131.207,131.396
1425.0,102.321,70.665,140.113,101.851,76.918,137.148,143.841,131.282,131.434
1425.1,102.38,70.838,140.145,101.851,76.918,137.148,143.811,131.245,131.396
1425.2,102.438,70.665,140.145,101.91,76.999,137.148,143.902,131.245,131.358
1425.3,102.321,70.665,140.113,101.969,76.918,137.114,143.811,131.245,131.471
1425.4,102.38,70.665,140.145,101.851,76.918,137.148,143.841,131.245,131.358
1425.5,102.321,70.665,140.177,101.851,76.918,137.148,143.811,131.245,131.396
1425.6,102.438,70.665,140.145,101.851,76.838,137.148,143.781,131.245,131.434
1425.7,102.38,70.665,140.145,101.851,76.918,137.148,143.841,131.245,131.434
1425.8,102.321,70.665,140.113,101.792,76.918,137.148,143.841,131.245,131.434
1425.9,102.262,70.665,140.08,101.851,76.838,137.182,143.872,131.245,131.434
1426.0,102.321,70.665,140.145,101.851,76.838,137.182,143.811,131.245,131.396
1426.1,102.38,70.665,140.307,101.91,76.757,137.148,143.872,131.245,131.396
1426.2,102.38,70.579,140.177,101.792,76.999,137.148,143.811,131.245,131.396
1426.3,102.321,70.665,140.145,101.851,76.999,137.148,143.841,131.245,131.471
1426.4,102.38,70.665,140.145,101.851,76.918,137.148,143.811,131.32,131.396
1426.5,102.321,70.492,140.113,101.91,76.838,137.08,143.841,131.282,131.32
1426.6,102.321,70.579,140.113,101.792,76.918,137.114,143.811,131.245,131.358
1426.7,102.38,70.579,140.08,101.91,76.838,137.148,143.811,131.245,131.434
1426.8,102.321,70.665,140.21,101.851,76.757,137.148,143.811,131.245,131.396
1426.9,102.38,70.579,140.113,101.91,76.918,137.148,143.811,131.282,131.434
1427.0,102.38,70.665,140.08,101.851,76.918,137.182,143.811,131.32,131.434
1427.1,102.321,70.752,140.145,101.91,76.757,137.148,143.781,131.245,131.396
1427.2,102.321,70.579,140.113,101.792,76.838,137.182,143.811,131.207,131.396
1427.3,102.321,70.579,140.145,101.851,76.918,137.114,143.811,131.245,131.396
1427.4,102.38,70.665,140.145,101.91,76.757,137.114,143.811,131.245,131.358
1427.5,102.321,70.492,140.113,101.851,76.838,137.114,143.811,131.245,131.396
1427.6,102.321,70.579,140.145,101.851,76.676,137.148,143.841,131.245,131.434
1427.7,102.321,70.579,140.177,101.851,76.757,137.148,143.811,131.245,131.509
1427.8,102.321,70.579,140.113,101.792,76.838,137.148,143.902,131.282,131.471
1427.9,102.321,70.579,140.113,101.851,76.757,137.148,143.811,131.32,131.358
1428.0,102.38,70.579,140.113,101.851,76.757,137.251,143.841,131.282,131.434
1428.1,102.38,70.665,140.113,101.792,76.838,137.148,143.811,131.245,131.396
1428.2,102.38,70.579,140.113,101.792,76.757,137.148,143.811,131.207,131.434
1428.3,102.38,70.579,140.145,101.851,76.757,137.216,143.781,131.207,131.396
1428.4,102.321,70.579,140.113,101.851,76.757,137.148,143.811,131.32,131.396
1428.5,102.321,70.579,140.145,101.851,76.757,137.148,143.811,131.245,131.396
1428.6,102.321,70.665,140.08,101.851,76.757,137.08,143.841,131.245,131.396
1428.7,102.38,70.579,140.145,101.851,76.757,137.114,143.872,131.282,131.396
1428.8,102.38,70.579,140.113,101.792,76.838,137.114,143.781,131.282,131.396
1428.9,102.38,70.492,140.08,101.91,76.757,137.182,143.841,131.245,131.396
1429.0,102.38,70.579,140.113,101.91,76.757,137.148,143.811,131.245,131.396
1429.1,102.438,70.665,140.113,101.851,76.757,137.148,143.872,131.245,131.358
1429.2,102.438,70.579,140.145,101.851,76.757,137.148,143.841,131.245,131.396
1429.3,102.321,70.492,140.113,101.733,76.757,137.148,143.811,131.207,131.396
1429.4,102.38,70.492,140.08,101.792,76.838,137.114,143.811,131.245,131.434
1429.5,102.262,70.579,140.145,101.851,76.757,137.114,143.902,131.131,131.434
1429.6,102.321,70.579,140.08,101.851,76.757,137.148,143.781,131.282,131.396
1429.7,102.321,70.579,140.145,101.792,76.757,137.114,143.872,131.245,131.396
1429.8,102.438,70.492,140.145,101.969,76.676,137.114,143.811,131.245,131.358
1429.9,102.321,70.579,140.145,101.792,76.757,137.148,143.811,131.245,131.396
1430.0,102.321,70.579,140.08,101.91,76.676,137.182,143.811,131.169,131.434
1430.1,102.321,70.492,140.08,101.851,76.757,137.148,143.841,131.282,131.396
1430.2,102.38,70.492,140.113,101.792,76.757,137.114,143.781,131.207,131.396
1430.3,102.38,70.492,140.113,101.851,76.757,137.114,143.841,131.282,131.396
1430.4,102.38,70.492,140.113,101.851,76.676,137.216,143.841,131.282,131.396
1430.5,102.38,70.492,140.113,101.851,76.676,137.148,143.841,131.207,131.396
1430.6,102.38,70.492,140.08,101.91,76.676,137.148,143.811,131.245,131.396
1430.7,102.438,70.406,140.177,101.792,76.757,137.148,143.841,131.207,131.396
1430.8,102.321,70.492,140.08,101.792,76.676,137.114,143.841,131.282,131.396
1430.9,102.321,70.492,140.08,101.851,76.757,137.182,143.841,131.169,131.396
1431.0,102.321,70.492,140.113,101.792,76.676,137.182,143.872,131.282,131.358
1431.1,102.321,70.406,140.113,101.91,76.676,137.148,143.811,131.245,131.358
1431.2,102.38,70.492,140.113,101.792,76.676,137.114,143.841,131.245,131.434
1431.3,102.321,70.492,140.113,101.792,76.676,137.148,143.841,131.32,131.396
1431.4,102.38,70.406,140.08,101.851,76.676,137.114,143.781,131.169,131.396
1431.5,102.262,70.492,140.145,101.91,76.596,137.114,143.811,131.245,131.396
1431.6,102.438,70.406,140.145,101.851,76.596,137.114,143.872,131.282,131.396
1431.7,102.38,70.492,140.113,101.792,76.676,137.148,143.811,131.245,131.396
1431.8,102.321,70.406,140.113,101.851,76.676,137.114,143.811,131.207,131.396
1431.9,102.38,70.579,140.145,101.851,76.596,137.148,143.811,131.245,131.358
1432.0,102.38,70.319,140.08,101.792,76.676,137.148,143.811,131.245,131.396
1432.1,102.38,70.492,140.145,101.792,76.676,137.114,143.811,131.245,131.396
1432.2,102.38,70.492,140.145,101.792,76.596,137.114,143.811,131.245,131.434
1432.3,102.321,70.406,140.08,101.792,76.596,137.148,143.841,131.282,131.396
1432.4,102.321,70.406,140.113,101.792,76.676,137.148,143.841,131.245,131.396
1432.5,102.38,70.492,140.08,101.792,76.596,137.148,143.811,131.245,131.396
1432.6,102.321,70.492,140.113,101.91,76.596,137.148,143.872,131.282,131.396
1432.7,102.262,70.492,140.08,101.91,76.596,137.08,143.841,131.282,131.396
1432.8,102.38,70.406,140.048,101.851,76.596,137.148,143.811,131.207,131.396
1432.9,102.38,70.492,140.113,101.792,76.676,137.114,143.751,131.245,131.434
1433.0,102.438,70.492,140.048,101.792,76.676,137.148,143.781,131.282,131.396
1433.1,102.38,70.406,140.113,101.851,76.596,137.148,143.872,131.245,131.358
1433.2,102.38,70.492,140.08,101.851,76.596,137.148,143.781,131.282,131.434
1433.3,102.38,70.492,140.08,101.792,76.596,137.148,143.751,131.282,131.396
1433.4,102.38,70.406,140.113,101.792,76.596,137.148,143.841,131.245,131.358
1433.5,102.38,70.406,140.177,101.851,76.596,137.114,143.841,131.169,131.358
1433.6,102.38,70.492,140.145,101.792,76.596,137.114,143.811,131.282,131.396
1433.7,102.38,70.665,140.113,101.792,76.596,137.148,143.811,131.245,131.509
1433.8,102.321,70.492,140.08,101.733,76.515,137.148,143.811,131.245,131.396
1433.9,102.38,70.492,140.145,101.792,76.757,137.114,143.841,131.245,131.396
1434.0,102.321,70.406,140.145,101.792,76.515,137.114,143.811,131.245,131.358
1434.1,102.38,70.406,140.08,101.792,76.515,137.148,143.811,131.282,131.434
1434.2,102.38,70.319,140.145,101.792,76.596,137.148,143.811,131.245,131.434
1434.3,102.321,70.492,140.113,101.851,76.515,137.148,143.751,131.282,131.434
1434.4,102.438,70.406,140.113,101.733,76.515,137.148,143.811,131.282,131.396
1434.5,102.262,70.406,140.113,101.91,76.434,137.114,143.781,131.207,131.509
1434.6,102.38,70.406,140.08,101.792,76.515,137.114,143.811,131.245,131.358
1434.7,102.321,70.492,140.113,101.792,76.515,137.114,143.841,131.169,131.358
1434.8,102.38,70.406,140.08,101.733,76.434,137.114,143.811,131.245,131.396
1434.9,102.38,70.406,140.113,101.733,76.515,137.148,143.841,131.245,131.396
1435.0,102.38,70.319,140.08,101.792,76.434,137.114,143.72,131.282,131.396
1435.1,102.438,70.406,140.08,101.792,76.515,137.148,143.841,131.245,131.396
1435.2,102.262,70.232,140.113,101.851,76.676,137.114,143.841,131.207,131.396
1435.3,102.38,70.406,140.113,101.792,76.434,137.08,143.841,131.207,131.358
1435.4,102.321,70.406,140.08,101.792,76.515,137.114,143.841,131.245,131.358
1435.5,102.38,70.319,140.08,101.792,76.434,137.114,143.811,131.245,131.358
1435.6,102.38,70.406,140.08,101.792,76.676,137.114,143.781,131.207,131.396
1435.7,102.38,70.319,140.08,101.733,76.434,137.114,143.811,131.32,131.358
1435.8,102.38,70.319,140.113,101.792,76.434,137.148,143.811,131.282,131.358
1435.9,102.38,70.319,140.113,101.792,76.434,137.08,143.811,131.245,131.358
1436.0,102.438,70.406,140.113,101.792,76.434,137.114,143.811,131.282,131.396
1436.1,102.38,70.406,140.08,101.969,76.434,137.114,143.811,131.207,131.396
1436.2,102.38,70.319,140.113,101.851,76.434,137.148,143.811,131.245,131.471
1436.3,102.438,70.319,140.08,101.851,76.515,137.114,143.811,131.245,131.396
1436.4,102.38,70.406,140.08,101.792,76.515,137.148,143.811,131.245,131.358
1436.5,102.38,70.492,140.145,101.851,76.434,137.114,143.811,131.207,131.358
1436.6,102.438,70.319,140.048,101.792,76.434,137.148,143.811,131.32,131.396
1436.7,102.438,70.406,140.048,101.792,76.434,137.08,143.841,131.245,131.358
1436.8,102.438,70.319,140.113,101.851,76.434,137.114,143.811,131.245,131.358
1436.9,102.38,70.406,140.113,101.792,76.353,137.045,143.811,131.245,131.358
1437.0,102.438,70.406,140.08,101.851,76.434,137.08,143.751,131.207,131.396
1437.1,102.438,70.319,140.113,101.792,76.353,137.114,143.811,131.207,131.396
1437.2,102.38,70.319,140.048,101.792,76.434,137.148,143.841,131.245,131.358
1437.3,102.38,70.406,140.048,101.733,76.434,137.114,143.781,131.245,131.358
1437.4,102.38,70.406,140.048,101.792,76.434,137.148,143.811,131.245,131.396
1437.5,102.438,70.406,140.113,101.733,76.272,137.114,143.841,131.245,131.434
1437.6,102.38,70.319,140.08,101.792,76.434,137.114,143.781,131.245,131.358
1437.7,102.438,70.406,140.08,101.792,76.434,137.114,143.872,131.282,131.358
1437.8,102.438,70.319,140.08,101.851,76.353,137.114,143.811,131.245,131.358
1437.9,102.38,70.232,140.048,101.733,76.353,137.148,143.811,131.245,131.396
1438.0,102.438,70.319,140.08,101.792,76.434,137.114,143.781,131.282,131.396
1438.1,102.438,70.319,140.08,101.851,76.353,137.114,143.781,131.245,131.396
1438.2,102.38,70.319,140.08,101.792,76.353,137.08,143.811,131.245,131.358
1438.3,102.438,70.319,140.08,101.733,76.434,137.114,143.811,131.207,131.358
1438.4,102.38,70.319,140.08,101.733,76.272,137.08,143.811,131.245,131.434
1438.5,102.438,70.232,140.113,101.792,76.272,137.148,143.781,131.282,131.358
1438.6,102.38,70.319,140.08,101.851,76.353,137.114,143.811,131.282,131.396
1438.7,102.438,70.232,140.08,101.851,76.353,136.908,143.781,131.282,131.396
1438.8,102.38,70.319,140.145,101.792,76.515,137.114,143.841,131.245,131.396
1438.9,102.438,70.319,140.08,101.792,76.272,137.182,143.811,131.245,131.358
1439.0,102.438,70.232,140.113,101.733,76.353,137.114,143.781,131.245,131.396
1439.1,102.38,70.232,140.08,101.733,76.434,137.182,143.811,131.245,131.358
1439.2,102.497,70.319,140.08,101.792,76.353,137.114,143.781,131.169,131.434
1439.3,102.438,70.319,140.048,101.733,76.353,137.08,143.72,131.282,131.434
1439.4,102.438,70.232,140.08,101.792,76.434,137.08,143.811,131.282,131.396
1439.5,102.438,70.319,140.08,101.792,76.434,137.114,143.781,131.245,131.396
1439.6,102.438,70.319,140.113,101.792,76.272,137.114,143.811,131.245,131.396
1439.7,102.438,70.406,140.113,101.851,76.353,137.114,143.811,131.207,131.396
1439.8,102.38,70.492,140.113,101.733,76.434,137.114,143.781,131.169,131.434
1439.9,102.438,70.319,140.048,101.792,76.272,137.114,143.811,131.169,131.396
1440.0,102.438,70.232,140.08,101.792,76.353,137.08,143.811,131.245,131.396
1440.1,102.438,70.319,140.08,101.792,76.272,137.114,143.811,131.207,131.358
1440.2,102.497,70.319,140.08,101.792,76.353,137.114,143.781,131.282,131.396
1440.3,102.438,70.319,140.113,101.792,76.353,137.114,143.811,131.282,131.358
1440.4,102.438,70.406,140.08,101.851,76.272,137.08,143.811,131.207,131.396
1440.5,102.497,70.319,140.113,101.851,76.353,137.114,143.781,131.245,131.358
1440.6,102.497,70.319,140.08,101.851,76.272,137.08,143.841,131.245,131.396
1440.7,102.497,70.319,140.08,101.733,76.272,137.045,143.781,131.245,131.358
1440.8,102.438,70.319,140.145,101.792,76.191,137.216,143.781,131.245,131.396
1440.9,102.497,70.319,140.113,101.851,76.272,137.114,143.811,131.245,131.358
1441.0,102.438,70.232,140.08,101.733,76.353,137.114,143.781,131.282,131.396
1441.1,102.555,70.232,139.983,101.851,76.272,137.114,143.781,131.245,131.396
1441.2,102.438,70.319,140.08,101.792,76.272,137.08,143.781,131.207,131.358
1441.3,102.555,70.232,140.08,101.792,76.272,137.114,143.72,131.358,131.396
1441.4,102.497,70.319,140.145,101.851,76.272,137.114,143.811,131.207,131.396
1441.5,102.497,70.319,140.145,101.792,76.191,137.08,143.811,131.245,131.358
1441.6,102.497,70.232,140.113,101.792,76.272,137.08,143.781,131.245,131.358
1441.7,102.555,70.232,140.113,101.792,76.191,137.148,143.841,131.282,131.396
1441.8,102.497,70.232,140.08,101.792,76.191,137.114,143.781,131.245,131.358
1441.9,102.438,70.319,140.08,101.792,76.11,137.148,143.811,131.245,131.509
1442.0,102.438,70.232,140.08,101.615,76.191,137.114,143.811,131.245,131.358
1442.1,102.497,70.319,140.08,101.792,76.191,137.08,143.841,131.207,131.434
1442.2,102.438,70.319,140.048,101.733,76.272,137.114,143.781,131.207,131.396
1442.3,102.497,70.232,140.08,101.792,76.272,137.148,143.781,131.245,131.32
1442.4,102.438,70.232,140.048,101.792,76.191,137.148,143.811,131.207,131.396
1442.5,102.438,70.319,140.113,101.792,76.272,137.08,143.811,131.282,131.396
1442.6,102.497,70.319,140.08,101.792,76.191,137.08,143.781,131.245,131.32
1442.7,102.497,70.319,140.048,101.851,76.191,137.08,143.811,131.245,131.434
1442.8,102.497,70.232,140.08,101.792,76.191,137.114,143.841,131.245,131.358
1442.9,102.613,70.319,140.08,101.733,76.272,137.114,143.811,131.207,131.396
1443.0,102.497,70.319,140.08,101.792,76.272,137.08,143.781,131.207,131.358
1443.1,102.497,70.319,140.048,101.792,76.11,137.08,143.811,131.207,131.396
1443.2,102.497,70.319,140.113,101.792,76.11,137.114,143.811,131.245,131.396
1443.3,102.497,70.319,140.145,101.792,76.191,137.08,143.781,131.245,131.396
1443.4,102.497,70.319,140.177,101.674,76.191,137.114,143.751,131.207,131.358
1443.5,102.497,70.319,140.08,101.851,76.272,137.114,143.781,131.245,131.358
1443.6,102.497,70.319,140.113,101.792,76.191,137.08,143.781,131.207,131.396
1443.7,102.497,70.319,140.113,101.792,76.191,137.114,143.781,131.282,131.471
1443.8,102.555,70.319,140.113,101.792,76.191,137.114,143.811,131.207,131.358
1443.9,102.497,70.319,140.015,101.733,76.191,137.08,143.932,131.131,131.396
1444.0,102.497,70.319,140.113,101.792,76.191,137.114,143.811,131.245,131.358
1444.1,102.613,70.319,140.08,101.851,76.11,137.114,143.811,131.245,131.434
1444.2,102.497,70.232,140.048,101.851,76.191,137.148,143.751,131.245,131.471
1444.3,102.497,70.232,140.08,101.851,76.191,137.114,143.811,131.245,131.358
1444.4,102.438,70.319,140.08,101.851,76.272,137.08,143.781,131.245,131.358
1444.5,102.555,70.319,140.08,101.733,76.191,137.148,143.811,131.207,131.396
1444.6,102.555,70.319,140.048,101.733,76.11,137.114,143.841,131.245,131.396
1444.7,102.497,70.232,140.048,101.733,76.272,137.08,143.811,131.245,131.358
1444.8,102.555,70.319,140.113,101.733,76.191,137.114,143.781,131.207,131.358
1444.9,102.497,70.232,140.08,101.792,76.191,137.08,143.781,131.282,131.358
1445.0,102.555,70.232,140.08,101.851,76.191,137.045,143.811,131.245,131.396
1445.1,102.555,70.319,140.08,101.733,76.11,137.08,143.811,131.245,131.358
1445.2,102.613,70.319,140.113,101.792,76.11,137.114,143.751,131.245,131.396
1445.3,102.555,70.406,140.113,101.792,76.191,137.114,143.751,131.245,131.396
1445.4,102.613,70.319,140.113,101.851,76.11,137.114,143.811,131.245,131.358
1445.5,102.555,70.406,140.08,101.792,76.191,137.114,143.751,131.207,131.434
1445.6,102.555,70.232,140.08,101.792,76.11,137.08,143.811,131.245,131.358
1445.7,102.555,70.319,140.048,101.792,76.11,137.045,143.781,131.245,131.358
1445.8,102.555,70.319,140.048,101.792,76.11,137.114,143.781,131.245,131.396
1445.9,102.555,70.232,140.113,101.851,76.191,137.114,143.811,131.169,131.358
1446.0,102.613,70.232,140.08,101.792,76.191,137.08,143.69,131.245,131.396
1446.1,102.672,70.232,140.048,101.792,76.191,137.114,143.811,131.32,131.396
1446.2,102.613,70.232,140.048,101.733,76.11,137.08,143.841,131.282,131.358
1446.3,102.555,70.232,140.08,101.674,76.11,137.011,143.841,131.245,131.358
1446.4,102.613,70.319,140.048,101.792,76.11,137.08,143.781,131.245,131.358
1446.5,102.672,70.232,140.08,101.733,76.11,137.08,143.872,131.245,131.358
1446.6,102.613,70.319,140.08,101.91,76.191,137.114,143.781,131.207,131.358
1446.7,102.555,70.319,140.048,101.733,76.191,137.045,143.811,131.169,131.358
1446.8,102.555,70.232,140.048,101.851,76.11,137.114,143.781,131.245,131.396
1446.9,102.555,70.232,140.08,101.792,76.11,137.08,143.811,131.282,131.358
1447.0,102.555,70.319,140.08,101.733,76.191,137.08,143.811,131.245,131.358
1447.1,102.613,70.319,140.08,101.733,76.11,137.148,143.811,131.282,131.358
1447.2,102.555,70.319,140.08,101.733,76.029,137.045,143.841,131.169,131.396
1447.3,102.555,70.406,140.08,101.851,76.11,137.114,143.781,131.207,131.358
1447.4,102.613,70.319,140.113,101.792,76.11,137.08,143.811,131.245,131.358
1447.5,102.672,70.319,140.08,101.792,76.11,137.08,143.781,131.207,131.358
1447.6,102.613,70.319,140.113,101.733,76.11,137.148,143.781,131.207,131.396
1447.7,102.613,70.406,140.048,101.851,76.11,137.148,143.811,131.245,131.32
1447.8,102.555,70.319,140.08,101.733,76.11,137.08,143.811,131.245,131.358
1447.9,102.672,70.319,140.048,101.792,76.029,137.114,143.781,131.207,131.396
1448.0,102.613,70.319,140.048,101.792,76.191,137.08,143.781,131.245,131.358
1448.1,102.613,70.232,140.08,101.792,76.11,137.148,143.811,131.245,131.358
1448.2,102.613,70.319,140.113,101.792,76.11,137.045,143.811,131.245,131.396
1448.3,102.672,70.319,140.08,101.733,76.11,137.08,143.781,131.207,131.358
1448.4,102.613,70.232,140.048,101.851,76.191,137.114,143.811,131.169,131.396
1448.5,102.555,70.232,140.08,101.851,76.11,137.114,143.781,131.282,131.396
1448.6,102.672,70.319,140.145,101.733,76.191,137.08,143.811,131.282,131.434
1448.7,102.555,70.319,140.08,101.792,76.029,137.08,143.781,131.169,131.396
1448.8,102.613,70.232,140.08,101.792,76.029,137.148,143.751,131.169,131.434
1448.9,102.613,70.232,140.015,101.674,76.11,137.114,143.781,131.131,131.434
1449.0,102.672,70.406,140.145,101.792,76.191,137.08,143.781,131.169,131.396
1449.1,102.672,70.319,140.048,101.851,76.11,137.08,143.841,131.245,131.396
1449.2,102.613,70.319,140.08,101.792,76.029,137.08,143.781,131.207,131.471
1449.3,102.613,70.406,140.145,101.851,76.029,137.114,143.781,131.245,131.32
1449.4,102.672,70.319,140.08,101.792,76.029,137.114,143.781,131.245,131.396
1449.5,102.672,70.232,140.048,101.792,75.947,137.08,143.72,131.245,131.396
1449.6,102.672,70.406,140.08,101.792,76.029,137.114,143.781,131.245,131.396
1449.7,102.73,70.319,140.048,101.792,76.029,137.08,143.781,131.207,131.358
1449.8,102.73,70.406,140.113,101.792,76.11,137.114,143.72,131.245,131.396
1449.9,102.613,70.319,140.113,101.792,76.029,137.08,143.781,131.245,131.358
1450.0,102.73,70.319,140.08,101.733,76.029,137.08,143.781,131.245,131.358
1450.1,102.73,70.232,140.048,101.792,76.11,137.08,143.811,131.245,131.358
1450.2,102.672,70.319,140.015,101.851,76.029,137.148,143.781,131.245,131.358
1450.3,102.613,70.319,140.048,101.733,76.029,137.045,143.811,131.169,131.396
1450.4,102.672,70.319,140.08,101.91,76.029,137.148,143.781,131.245,131.358
1450.5,102.672,70.319,140.08,101.733,76.029,137.08,143.751,131.207,131.358
1450.6,102.672,70.406,140.08,101.792,76.029,137.08,143.781,131.245,131.434
1450.7,102.73,70.319,140.08,101.733,76.029,137.08,143.781,131.245,131.396
1450.8,102.73,70.319,140.048,101.851,76.029,137.08,143.72,131.245,131.396
1450.9,102.672,70.232,140.113,101.851,75.947,137.08,143.811,131.245,131.396
1451.0,102.672,70.319,140.08,101.792,76.029,137.08,143.72,131.207,131.396
1451.1,102.672,70.319,140.048,101.792,75.947,137.08,143.811,131.282,131.358
1451.2,102.73,70.319,140.048,101.792,76.029,137.114,143.781,131.207,131.358
1451.3,102.73,70.406,140.08,101.851,75.947,137.08,143.781,131.207,131.396
1451.4,102.73,70.319,140.048,101.792,76.029,137.011,143.781,131.245,131.358
1451.5,102.788,70.406,140.048,101.792,75.947,137.114,143.781,131.207,131.396
1451.6,102.73,70.319,140.015,101.851,75.947,137.08,143.781,131.207,131.434
1451.7,102.555,70.319,140.113,101.792,75.947,137.045,143.751,131.245,131.358
1451.8,102.672,70.319,140.015,101.851,76.029,137.08,143.841,131.245,131.358
1451.9,102.672,70.319,140.015,101.733,75.947,137.08,143.781,131.245,131.358
1452.0,102.672,70.406,139.95,101.792,76.029,137.148,143.811,131.282,131.396
1452.1,102.73,70.492,140.08,101.792,76.029,137.08,143.781,131.245,131.396
1452.2,102.73,70.319,140.08,101.851,75.947,137.08,143.781,131.207,131.358
1452.3,102.672,70.319,140.177,101.674,76.029,137.08,143.781,131.245,131.358
1452.4,102.73,70.319,140.048,101.792,76.029,137.08,143.811,131.207,131.358
1452.5,102.73,70.232,140.08,101.792,76.11,137.08,143.781,131.245,131.434
1452.6,102.672,70.319,140.048,101.851,75.947,137.08,143.781,131.207,131.358
1452.7,102.73,70.319,140.048,101.851,76.029,137.08,143.781,131.245,131.396
1452.8,102.672,70.232,140.048,101.792,75.947,137.08,143.811,131.245,131.358
1452.9,102.73,70.406,140.113,101.733,75.947,137.114,143.781,131.207,131.358
1453.0,102.73,70.232,140.048,101.792,76.029,137.114,143.781,131.245,131.434
1453.1,102.788,70.406,140.08,101.969,76.029,137.08,143.781,131.169,131.396
1453.2,102.788,70.232,140.048,101.851,75.866,137.08,143.811,131.207,131.32
1453.3,102.672,70.319,140.048,101.792,75.947,137.08,143.781,131.245,131.358
1453.4,102.73,70.406,140.08,101.792,75.947,137.08,143.811,131.207,131.358
1453.5,102.73,70.406,140.048,101.851,75.947,137.114,143.781,131.32,131.358
1453.6,102.73,70.319,140.048,101.792,76.029,137.08,143.781,131.207,131.358
1453.7,102.73,70.406,140.113,101.91,75.947,137.08,143.751,131.245,131.396
1453.8,102.73,70.319,140.08,101.733,75.947,137.045,143.751,131.245,131.358
1453.9,102.73,70.319,140.08,101.792,75.947,137.08,143.781,131.207,131.32
1454.0,102.788,70.319,140.08,101.792,76.029,137.08,143.751,131.32,131.396
1454.1,102.788,70.406,140.08,101.851,75.947,137.114,143.781,131.207,131.396
1454.2,102.73,70.406,140.048,101.792,75.947,137.08,143.72,131.207,131.358
1454.3,102.846,70.406,140.015,101.851,75.947,137.08,143.811,131.245,131.396
1454.4,102.846,70.319,140.048,101.792,75.947,137.114,143.781,131.245,131.358
1454.5,102.788,70.406,140.048,101.851,75.947,137.114,143.781,131.207,131.358
1454.6,102.788,70.492,140.048,101.792,75.947,137.08,143.69,131.245,131.396
1454.7,102.788,70.406,140.048,101.792,75.947,137.148,143.751,131.282,131.434
1454.8,102.788,70.406,140.145,101.792,75.947,137.08,143.781,131.245,131.358
1454.9,102.788,70.406,140.048,101.851,76.029,137.182,143.781,131.207,131.396
1455.0,102.788,70.406,140.08,101.851,75.947,137.08,143.751,131.245,131.358
1455.1,102.846,70.492,140.08,101.851,75.947,137.011,143.872,131.207,131.396
1455.2,102.846,70.319,139.983,101.851,75.947,137.08,143.751,131.245,131.358
1455.3,102.846,70.406,140.048,101.792,75.947,137.114,143.811,131.245,131.32
1455.4,102.788,70.406,140.08,101.851,76.029,137.045,143.751,131.207,131.358
1455.5,102.846,70.406,140.08,101.792,75.947,137.08,143.781,131.245,131.358
1455.6,102.846,70.406,140.08,101.851,75.947,137.148,143.781,131.282,131.434
1455.7,102.904,70.406,140.015,101.851,75.866,137.08,143.781,131.169,131.396
1455.8,102.963,70.406,140.015,101.851,75.947,137.114,143.751,131.245,131.396
1455.9,102.73,70.406,140.08,101.851,75.947,137.114,143.781,131.207,131.358
1456.0,102.788,70.406,140.015,101.792,75.947,137.08,143.781,131.245,131.358
1456.1,102.846,70.406,140.08,101.792,75.947,137.08,143.781,131.207,131.396
1456.2,102.904,70.232,140.048,101.792,76.11,137.08,143.811,131.207,131.32
1456.3,102.846,70.406,140.048,101.969,75.866,137.08,143.781,131.245,131.358
1456.4,102.963,70.406,140.08,101.851,75.866,137.045,143.69,131.245,131.358
1456.5,102.963,70.406,140.113,101.792,75.947,137.045,143.781,131.245,131.32
1456.6,102.846,70.406,140.048,101.91,75.866,137.148,143.811,131.207,131.358
1456.7,102.904,70.406,140.08,101.792,75.866,137.08,143.811,131.207,131.358
1456.8,102.788,70.406,140.113,101.851,75.947,137.045,143.72,131.169,131.358
1456.9,102.788,70.406,140.08,101.91,75.947,137.08,143.781,131.207,131.358
1457.0,102.904,70.406,140.048,101.792,75.947,137.114,143.751,131.207,131.358
1457.1,102.846,70.406,140.08,101.792,75.947,137.08,143.781,131.131,131.358
1457.2,102.846,70.579,140.048,101.792,75.784,137.045,143.781,131.282,131.396
1457.3,102.846,70.492,140.048,101.792,75.947,137.045,143.781,131.207,131.396
1457.4,102.846,70.406,140.113,101.91,75.947,137.045,143.781,131.245,131.358
1457.5,102.846,70.492,140.08,101.851,75.866,137.08,143.751,131.169,131.32
1457.6,102.904,70.319,140.08,101.851,76.029,137.08,143.781,131.245,131.32
1457.7,102.904,70.406,140.08,101.674,76.029,137.045,143.751,131.169,131.32
1457.8,102.846,70.406,140.048,101.851,75.866,137.114,143.781,131.207,131.396
1457.9,102.846,70.492,140.048,101.851,75.947,137.08,143.781,131.207,131.358
1458.0,102.904,70.319,140.015,101.851,75.866,137.045,143.751,131.245,131.434
1458.1,102.904,70.406,140.048,101.851,75.866,137.08,143.751,131.207,131.358
1458.2,102.904,70.406,140.048,101.851,75.866,137.011,143.781,131.245,131.396
1458.3,102.904,70.406,140.015,101.851,75.947,137.114,143.751,131.207,131.434
1458.4,102.904,70.492,140.113,101.851,75.947,137.045,143.751,131.282,131.358
1458.5,102.963,70.406,140.048,101.851,75.947,137.045,143.751,131.169,131.396
1458.6,102.904,70.492,140.08,101.851,75.866,137.045,143.751,131.245,131.396
1458.7,102.904,70.406,140.048,101.792,75.947,137.08,143.811,131.207,131.32
1458.8,102.963,70.492,140.08,101.91,75.947,137.08,143.781,131.245,131.358
1458.9,102.904,70.406,140.048,101.792,75.866,137.08,143.781,131.245,131.396
1459.0,102.904,70.319,140.015,101.851,75.866,137.08,143.751,131.245,131.396
1459.1,103.021,70.406,140.08,101.91,75.947,137.08,143.781,131.245,131.282
1459.2,103.021,70.579,140.048,101.851,75.866,137.08,143.72,131.169,131.396
1459.3,102.904,70.492,140.048,101.792,75.866,137.08,143.781,131.169,131.32
1459.4,103.079,70.492,140.048,101.851,76.029,137.114,143.751,131.245,131.32
1459.5,102.963,70.406,140.113,101.851,75.866,137.011,143.811,131.207,131.358
1459.6,102.963,70.492,140.08,101.91,75.947,137.045,143.781,131.207,131.282
1459.7,102.963,70.492,140.048,101.851,75.947,137.114,143.751,131.245,131.358
1459.8,102.904,70.492,140.08,101.851,75.947,137.114,143.751,131.245,131.396
1459.9,102.963,70.579,140.08,101.851,75.947,137.045,143.751,131.207,131.396
1460.0,103.021,70.492,140.048,101.792,75.947,137.08,143.751,131.32,131.358
1460.1,103.021,70.492,140.113,101.851,75.947,137.114,143.781,131.245,131.358
1460.2,102.963,70.492,140.048,101.851,75.947,137.08,143.781,131.207,131.396
1460.3,103.021,70.492,140.048,101.91,75.866,137.045,143.751,131.207,131.396
1460.4,102.963,70.492,140.048,101.851,75.947,137.045,143.781,131.207,131.358
1460.5,103.021,70.492,140.015,101.851,75.947,137.08,143.781,131.245,131.396
1460.6,102.963,70.579,140.048,101.91,75.866,137.08,143.781,131.207,131.396
1460.7,102.963,70.579,140.048,101.851,75.866,137.08,143.751,131.245,131.358
1460.8,102.904,70.492,140.08,101.851,75.784,137.045,143.781,131.245,131.434
1460.9,102.963,70.406,140.048,101.851,75.947,137.08,143.751,131.245,131.358
1461.0,102.963,70.579,140.113,101.969,75.784,137.08,143.751,131.245,131.396
1461.1,102.904,70.579,140.08,101.851,75.866,137.114,143.751,131.207,131.358
1461.2,102.963,70.579,140.048,101.851,75.866,137.251,143.659,131.245,131.282
1461.3,102.963,70.406,140.113,101.851,75.866,137.08,143.781,131.245,131.358
1461.4,103.079,70.492,140.08,101.91,75.947,137.114,143.72,131.207,131.358
1461.5,103.021,70.492,140.048,101.851,75.784,137.045,143.751,131.245,131.358
1461.6,102.963,70.492,140.08,101.851,75.866,137.08,143.751,131.207,131.358
1461.7,102.963,70.492,140.08,101.792,75.947,137.045,143.751,131.207,131.396
1461.8,103.021,70.579,140.048,101.851,75.947,137.08,143.781,131.169,131.358
1461.9,102.963,70.406,140.08,101.969,76.029,137.045,143.781,131.245,131.396
1462.0,103.021,70.579,140.015,101.851,75.947,137.08,143.781,131.131,131.396
1462.1,103.021,70.579,140.048,101.91,75.866,137.08,143.811,131.245,131.396
1462.2,103.079,70.492,140.08,101.91,75.866,137.08,143.751,131.207,131.396
1462.3,103.021,70.579,140.08,101.851,76.029,137.045,143.751,131.207,131.434
1462.4,103.079,70.579,140.015,101.851,75.866,137.08,143.751,131.207,131.434
1462.5,103.021,70.492,140.048,101.91,75.784,137.114,143.781,131.32,131.358
1462.6,103.021,70.665,140.048,101.91,75.866,137.114,143.781,131.207,131.358
1462.7,103.021,70.492,140.048,101.91,75.703,137.148,143.751,131.282,131.396
1462.8,103.021,70.492,140.08,101.851,75.866,137.08,143.751,131.207,131.358
1462.9,103.079,70.492,140.048,101.91,75.947,137.08,143.751,131.207,131.358
1463.0,103.079,70.492,140.08,101.91,75.947,137.08,143.781,131.245,131.396
1463.1,103.021,70.579,140.08,101.91,75.866,137.114,143.781,131.245,131.396
1463.2,103.021,70.579,140.113,101.851,75.866,137.045,143.781,131.207,131.396
1463.3,103.021,70.579,140.048,101.851,75.784,137.08,143.751,131.245,131.396
1463.4,103.079,70.579,140.08,101.91,75.866,137.08,143.781,131.245,131.434
1463.5,103.021,70.579,140.08,101.969,75.866,137.045,143.72,131.282,131.358
1463.6,103.137,70.579,140.048,101.91,75.866,137.045,143.72,131.245,131.396
1463.7,103.079,70.579,140.015,101.91,75.784,137.148,143.781,131.207,131.358
1463.8,103.021,70.579,140.048,101.851,75.866,137.114,143.781,131.207,131.358
1463.9,103.137,70.579,140.08,101.969,75.866,137.045,143.751,131.282,131.358
1464.0,103.137,70.579,140.048,101.851,75.947,137.045,143.751,131.207,131.396
1464.1,103.137,70.492,140.015,101.851,75.866,137.114,143.811,131.245,131.434
1464.2,103.079,70.579,140.113,101.91,75.866,137.148,143.751,131.245,131.358
1464.3,103.137,70.579,140.08,101.91,75.866,137.045,143.751,131.207,131.358
1464.4,103.137,70.579,140.048,101.91,75.947,137.045,143.751,131.207,131.358
1464.5,103.079,70.665,140.015,101.851,75.866,137.045,143.781,131.207,131.396
1464.6,103.079,70.579,140.015,101.851,75.784,137.114,143.781,131.245,131.32
1464.7,103.137,70.579,140.048,101.91,75.866,137.08,143.751,131.245,131.32
1464.8,103.137,70.665,140.08,101.91,75.784,137.08,143.781,131.245,131.358
1464.9,103.137,70.579,140.048,101.91,75.866,137.011,143.659,131.245,131.434
1465.0,103.137,70.665,140.048,101.91,75.866,137.045,143.781,131.207,131.32
1465.1,103.137,70.665,140.048,101.91,75.866,137.08,143.811,131.245,131.358
1465.2,103.252,70.579,140.015,102.028,75.866,137.045,143.781,131.207,131.396
1465.3,103.195,70.579,140.08,101.91,75.866,137.045,143.751,131.207,131.358
1465.4,103.195,70.665,140.048,101.851,75.866,137.045,143.781,131.207,131.358
1465.5,103.137,70.579,140.048,101.969,75.866,136.908,143.751,131.207,131.358
1465.6,103.137,70.579,140.08,101.91,75.866,137.045,143.781,131.207,131.358
1465.7,103.195,70.665,140.015,101.91,75.866,137.045,143.781,131.207,131.358
1465.8,103.137,70.579,140.08,102.028,75.784,137.045,143.751,131.245,131.32
1465.9,103.252,70.579,140.048,101.969,75.866,137.08,143.751,131.207,131.358
1466.0,103.079,70.665,140.145,101.91,75.866,137.045,143.781,131.207,131.434
1466.1,103.137,70.665,140.015,101.91,75.866,137.08,143.72,131.245,131.396
1466.2,103.137,70.752,140.015,101.91,75.866,137.114,143.811,131.32,131.396
1466.3,103.137,70.838,140.048,101.91,75.703,136.977,143.781,131.245,131.358
1466.4,103.079,70.579,140.048,101.91,75.866,137.08,143.751,131.207,131.32
1466.5,103.195,70.665,140.08,101.91,75.866,137.011,143.781,131.207,131.32
1466.6,103.195,70.665,140.08,101.91,75.866,137.045,143.751,131.207,131.32
1466.7,103.195,70.665,140.048,101.91,75.866,137.045,143.781,131.245,131.32
1466.8,103.195,70.665,140.048,101.969,75.947,137.08,143.751,131.169,131.358
1466.9,103.195,70.665,140.08,101.733,75.866,137.08,143.751,131.282,131.434
1467.0,103.195,70.665,140.048,101.969,75.866,137.045,143.751,131.245,131.358
1467.1,103.195,70.579,140.015,101.969,75.866,137.08,143.751,131.245,131.396
1467.2,103.137,70.665,140.015,101.91,75.866,137.114,143.751,131.207,131.396
1467.3,103.252,70.752,140.113,101.91,75.866,136.977,143.72,131.207,131.358
1467.4,103.021,70.665,140.08,101.91,75.784,137.148,143.72,131.207,131.282
1467.5,103.195,70.752,140.015,101.851,75.866,137.08,143.72,131.131,131.358
1467.6,103.195,70.665,140.048,101.91,75.866,137.08,143.781,131.207,131.32
1467.7,103.252,70.752,140.048,101.969,75.784,137.045,143.781,131.207,131.358
1467.8,103.252,70.752,140.015,101.91,75.866,137.08,143.781,131.207,131.358
1467.9,103.195,70.838,140.048,101.91,75.784,137.045,143.781,131.169,131.32
1468.0,103.195,70.752,140.048,101.969,75.784,137.045,143.751,131.207,131.32
1468.1,103.31,70.752,140.08,101.792,75.866,137.045,143.781,131.282,131.358
1468.2,103.31,70.752,140.048,101.91,75.784,137.08,143.781,131.169,131.396
1468.3,103.31,70.752,140.08,101.91,75.784,137.08,143.811,131.207,131.358
1468.4,103.252,70.752,140.048,101.91,75.866,137.045,143.781,131.245,131.32
1468.5,103.252,70.752,140.145,101.91,75.866,137.08,143.751,131.207,131.358
1468.6,103.31,70.752,140.08,101.969,75.784,137.08,143.751,131.245,131.358
1468.7,103.252,70.752,140.048,101.792,75.784,137.045,143.751,131.245,131.358
1468.8,103.31,70.752,140.08,101.91,75.866,137.045,143.72,131.207,131.358
1468.9,103.31,70.752,140.048,101.969,75.947,137.08,143.72,131.245,131.358
1469.0,103.195,70.752,140.113,101.91,75.784,137.045,143.72,131.169,131.358
1469.1,103.195,70.752,139.95,101.91,75.784,137.045,143.751,131.169,131.358
1469.2,103.31,70.752,140.08,101.851,75.866,137.045,143.72,131.169,131.396
1469.3,103.195,70.665,139.983,101.969,75.866,137.08,143.751,131.245,131.434
1469.4,103.252,70.752,140.113,101.91,75.784,137.045,143.69,131.207,131.358
1469.5,103.31,70.752,140.048,102.028,75.947,137.045,143.751,131.245,131.32
1469.6,103.252,70.838,140.08,102.028,75.947,137.045,143.781,131.245,131.396
1469.7,103.31,70.752,140.048,101.969,75.866,136.977,143.781,131.245,131.358
1469.8,103.31,70.752,140.048,101.969,75.866,137.011,143.751,131.207,131.396
1469.9,103.31,70.752,140.015,101.851,75.784,137.045,143.751,131.245,131.32
1470.0,103.31,70.838,140.08,102.028,75.784,137.08,143.659,131.207,131.396
1470.1,103.252,70.752,140.08,101.91,75.784,137.114,143.781,131.245,131.396
1470.2,103.252,70.838,140.048,101.969,75.866,137.045,143.781,131.245,131.32
1470.3,103.368,70.752,140.048,101.969,75.866,137.045,143.72,131.207,131.358
1470.4,103.368,70.665,140.015,101.969,75.784,137.045,143.69,131.169,131.358
1470.5,103.31,70.752,140.048,101.969,75.866,137.011,143.72,131.207,131.358
1470.6,103.31,70.924,140.048,101.969,75.784,137.011,143.751,131.245,131.358
1470.7,103.31,70.752,140.08,102.028,75.866,137.045,143.811,131.282,131.358
1470.8,103.31,70.752,140.08,101.969,75.866,137.045,143.751,131.207,131.434
1470.9,103.368,70.752,140.048,102.028,75.866,137.08,143.72,131.245,131.358
1471.0,103.31,70.838,140.048,101.969,75.866,137.08,143.751,131.207,131.358
1471.1,103.31,70.838,140.08,102.086,75.866,137.045,143.781,131.245,131.358
1471.2,103.368,70.838,140.048,101.969,75.866,137.045,143.781,131.207,131.32
1471.3,103.368,70.838,140.015,101.969,75.866,137.011,143.751,131.245,131.32
1471.4,103.368,70.752,140.113,101.969,75.866,137.045,143.72,131.207,131.32
1471.5,103.368,70.838,140.048,101.969,75.784,137.045,143.72,131.245,131.32
1471.6,103.368,70.838,140.048,101.969,75.866,137.08,143.751,131.207,131.32
1471.7,103.31,70.838,140.048,101.969,75.866,137.08,143.781,131.207,131.471
1471.8,103.31,70.838,140.048,101.969,75.784,137.08,143.72,131.245,131.32
1471.9,103.31,70.838,140.08,101.969,75.866,137.114,143.751,131.282,131.358
1472.0,103.31,70.924,140.048,102.028,75.866,137.08,143.781,131.245,131.32
1472.1,103.368,70.838,140.048,101.969,75.784,137.011,143.751,131.207,131.396
1472.2,103.368,70.838,140.015,101.969,75.866,137.045,143.751,131.207,131.358
1472.3,103.368,70.838,140.048,102.028,75.866,137.08,143.72,131.207,131.358
1472.4,103.426,70.924,140.08,101.969,75.784,137.045,143.72,131.245,131.32
1472.5,103.426,70.924,140.048,101.969,75.866,137.045,143.781,131.207,131.358
1472.6,103.426,70.924,140.015,101.969,75.784,137.08,143.72,131.245,131.358
1472.7,103.368,70.924,140.048,102.028,75.866,137.045,143.781,131.169,131.358
1472.8,103.656,70.838,140.048,101.969,75.866,137.045,143.751,131.207,131.396
1472.9,103.426,70.838,140.08,101.969,75.784,137.045,143.751,131.207,131.32
1473.0,103.541,70.924,140.048,101.969,75.866,137.08,143.72,131.207,131.358
1473.1,103.426,70.924,140.048,102.086,75.947,137.08,143.751,131.207,131.358
1473.2,103.483,70.924,140.048,102.028,75.866,137.045,143.72,131.169,131.358
1473.3,103.426,70.924,140.08,101.969,75.784,137.045,143.72,131.245,131.396
1473.4,103.368,70.838,140.015,102.028,75.784,137.045,143.781,131.207,131.32
1473.5,103.483,70.924,140.08,102.028,75.784,137.045,143.781,131.207,131.396
1473.6,103.426,70.838,140.048,101.969,75.866,137.045,143.811,131.207,131.358
1473.7,103.483,71.01,140.08,102.028,75.866,137.045,143.811,131.245,131.32
1473.8,103.426,70.924,140.048,102.028,75.866,137.045,143.751,131.245,131.358
1473.9,103.426,70.924,140.048,102.086,75.784,137.045,143.751,131.245,131.396
1474.0,103.426,71.01,140.048,102.028,75.866,137.011,143.811,131.207,131.434
1474.1,103.426,70.924,140.048,102.028,75.866,137.045,143.811,131.245,131.358
1474.2,103.483,70.924,140.048,102.028,75.866,137.011,143.751,131.169,131.358
1474.3,103.426,71.01,140.08,102.028,75.947,137.011,143.751,131.207,131.32
1474.4,103.368,71.01,140.048,102.145,75.866,137.011,143.751,131.207,131.396
1474.5,103.426,71.096,140.08,102.028,75.784,137.045,143.781,131.207,131.358
1474.6,103.483,71.01,140.048,102.028,75.947,137.08,143.72,131.207,131.396
1474.7,103.541,71.01,140.015,102.028,75.947,137.08,143.781,131.245,131.358
1474.8,103.426,70.924,140.08,102.028,75.866,137.045,143.751,131.207,131.32
1474.9,103.426,71.01,140.048,101.969,75.866,137.011,143.751,131.169,131.358
1475.0,103.483,71.01,140.048,102.028,75.784,137.045,143.72,131.207,131.32
1475.1,103.483,71.01,140.048,102.028,75.784,137.045,143.751,131.207,131.358
1475.2,103.541,71.096,140.015,102.028,75.866,137.011,143.781,131.169,131.358
1475.3,103.541,71.01,140.08,102.028,75.784,137.045,143.72,131.245,131.32
1475.4,103.483,71.01,140.048,102.028,75.866,137.011,143.72,131.245,131.358
1475.5,103.483,71.01,140.113,102.028,75.866,137.045,143.72,131.207,131.358
1475.6,103.541,71.01,140.08,102.086,75.866,137.114,143.781,131.245,131.396
1475.7,103.541,71.096,140.015,101.851,76.029,137.08,143.751,131.169,131.434
1475.8,103.483,71.01,140.015,102.086,75.866,137.011,143.781,131.169,131.358
1475.9,103.483,70.924,140.048,102.086,75.866,137.011,143.751,131.169,131.32
1476.0,103.541,71.01,140.015,102.028,75.784,137.045,143.751,131.207,131.396
1476.1,103.483,71.096,140.048,102.086,75.947,137.045,143.751,131.207,131.358
1476.2,103.483,71.01,140.015,102.086,75.866,137.08,143.751,131.207,131.32
1476.3,103.599,71.01,140.048,101.969,75.703,137.08,143.781,131.207,131.32
1476.4,103.483,71.182,140.08,102.028,75.866,137.08,143.751,131.245,131.358
1476.5,103.541,71.01,140.015,102.028,75.866,137.045,143.751,131.245,131.358
1476.6,103.541,71.096,140.08,102.145,75.866,137.045,143.781,131.245,131.358
1476.7,103.541,71.01,140.048,102.086,75.784,137.011,143.69,131.169,131.358
1476.8,103.541,71.01,140.048,102.028,75.866,137.011,143.72,131.207,131.358
1476.9,103.541,71.01,140.048,102.086,75.866,137.045,143.751,131.245,131.396
1477.0,103.541,71.01,140.08,102.028,75.947,137.011,143.781,131.207,131.358
1477.1,103.541,71.096,140.048,102.028,75.866,137.045,143.72,131.207,131.358
1477.2,103.599,71.096,140.145,102.028,75.866,137.045,143.72,131.245,131.396
1477.3,103.541,71.096,140.048,102.086,75.866,137.045,143.751,131.245,131.358
1477.4,103.656,71.01,140.048,102.028,75.947,137.011,143.751,131.169,131.396
1477.5,103.599,71.096,140.08,102.028,75.866,137.08,143.72,131.245,131.396
1477.6,103.599,71.096,140.048,101.969,75.866,137.045,143.751,131.245,131.358
1477.7,103.541,71.096,140.015,102.028,75.784,137.08,143.72,131.32,131.358
1477.8,103.541,71.096,140.08,102.086,75.947,137.045,143.72,131.207,131.358
1477.9,103.483,71.182,139.918,102.086,75.866,137.045,143.72,131.207,131.358
1478.0,103.599,71.182,140.048,102.028,75.866,137.08,143.781,131.207,131.358
1478.1,103.599,71.096,140.015,102.086,75.947,137.011,143.751,131.207,131.358
1478.2,103.541,71.182,140.113,102.086,75.866,137.045,143.72,131.207,131.471
1478.3,103.599,71.182,140.08,102.086,75.866,137.011,143.751,131.207,131.32
1478.4,103.599,71.182,140.08,102.086,75.866,137.08,143.72,131.207,131.32
1478.5,103.599,71.096,140.048,102.086,75.866,137.148,143.72,131.207,131.396
1478.6,103.599,71.096,140.015,102.086,75.866,137.045,143.72,131.207,131.358
1478.7,103.714,71.268,140.048,102.086,75.947,137.011,143.72,131.207,131.358
1478.8,103.599,71.182,140.048,101.969,75.947,137.045,143.751,131.245,131.32
1478.9,103.599,71.268,140.048,102.086,75.866,137.011,143.751,131.207,131.358
1479.0,103.599,71.182,140.015,102.028,75.866,137.045,143.751,131.207,131.358
1479.1,103.656,71.354,140.048,102.028,75.947,137.045,143.781,131.282,131.396
1479.2,103.714,71.268,140.145,102.086,75.784,137.011,143.72,131.207,131.358
1479.3,103.599,71.182,140.048,102.086,75.866,137.045,143.781,131.245,131.358
1479.4,103.599,71.182,140.08,102.086,75.866,137.08,143.72,131.207,131.358
1479.5,103.656,71.182,140.048,102.145,75.866,137.045,143.72,131.245,131.396
1479.6,103.656,71.182,140.048,102.086,75.866,137.011,143.72,131.169,131.358
1479.7,103.656,71.182,140.08,102.086,75.947,137.045,143.751,131.245,131.358
1479.8,103.656,71.182,140.015,102.086,75.866,137.011,143.751,131.245,131.358
1479.9,103.714,71.268,140.08,102.145,76.029,137.045,143.751,131.245,131.358
1480.0,103.599,71.182,140.048,102.086,75.947,137.045,143.72,131.207,131.358
1480.1,103.771,71.268,140.08,102.086,76.11,137.045,143.69,131.245,131.358
1480.2,103.771,71.268,140.048,102.086,75.947,137.011,143.751,131.245,131.358
1480.3,103.656,71.268,140.08,102.321,75.947,137.045,143.72,131.169,131.32
1480.4,103.656,71.182,140.048,102.145,75.866,137.045,143.72,131.169,131.358
1480.5,103.656,71.354,140.08,102.086,75.947,137.011,143.751,131.207,131.32
1480.6,103.656,71.439,140.015,102.086,75.866,137.08,143.751,131.207,131.434
1480.7,103.829,71.268,140.048,102.086,75.947,137.011,143.72,131.207,131.32
1480.8,103.714,71.354,140.08,102.145,75.866,137.011,143.69,131.207,131.32
1480.9,103.714,71.182,140.08,102.145,75.947,137.011,143.781,131.245,131.32
1481.0,103.771,71.268,140.048,102.086,75.947,137.045,143.69,131.207,131.358
1481.1,103.714,71.268,140.08,102.028,75.947,137.011,143.751,131.207,131.358
1481.2,103.656,71.268,140.08,102.145,75.947,137.045,143.72,131.245,131.358
1481.3,103.771,71.268,140.08,102.086,75.947,137.045,143.72,131.207,131.358
1481.4,103.714,71.354,140.048,102.145,75.947,137.114,143.781,131.245,131.358
1481.5,103.714,71.439,140.113,102.086,75.866,137.08,143.72,131.207,131.358
1481.6,103.771,71.268,140.08,102.145,75.947,137.045,143.72,131.207,131.358
1481.7,103.771,71.354,140.048,102.086,75.947,137.011,143.72,131.207,131.396
1481.8,103.714,71.439,140.048,102.145,75.866,137.045,143.751,131.169,131.358
1481.9,103.771,71.268,140.113,102.204,75.866,137.011,143.781,131.32,131.396
1482.0,103.771,71.354,140.113,102.204,75.947,137.045,143.72,131.207,131.358
1482.1,103.714,71.354,140.015,102.145,76.029,137.011,143.751,131.282,131.358
1482.2,103.771,71.354,140.08,102.145,75.947,137.045,143.751,131.207,131.396
1482.3,103.829,71.354,140.08,102.145,75.947,137.045,143.659,131.207,131.32
1482.4,103.771,71.354,140.08,102.321,75.947,137.011,143.751,131.207,131.358
1482.5,103.771,71.439,140.015,102.086,75.947,137.011,143.72,131.207,131.32
1482.6,103.771,71.268,140.08,102.086,75.866,137.011,143.751,131.207,131.245
1482.7,103.771,71.354,140.048,102.145,75.947,137.011,143.72,131.169,131.358
1482.8,103.829,71.354,140.08,102.086,75.947,137.08,143.72,131.207,131.32
1482.9,103.771,71.354,140.048,102.145,75.866,136.977,143.751,131.207,131.32
1483.0,103.771,71.354,140.08,102.145,76.029,137.08,143.72,131.207,131.358
1483.1,103.771,71.354,140.08,102.145,75.866,137.045,143.629,131.282,131.396
1483.2,103.714,71.354,140.08,102.204,76.11,137.011,143.781,131.207,131.32
1483.3,103.886,71.525,140.048,102.145,75.947,137.011,143.72,131.245,131.358
1483.4,103.886,71.354,140.048,102.204,75.947,137.045,143.72,131.207,131.396
1483.5,103.829,71.354,140.08,102.145,75.947,137.011,143.72,131.245,131.396
1483.6,103.829,71.439,140.048,102.086,75.947,137.045,143.72,131.207,131.396
1483.7,103.943,71.439,140.048,102.145,75.947,137.045,143.72,131.245,131.282
1483.8,103.829,71.439,140.048,102.204,75.947,137.114,143.72,131.245,131.358
1483.9,103.829,71.525,140.048,102.145,75.947,137.011,143.751,131.093,131.358
1484.0,103.829,71.439,140.113,102.145,76.029,137.011,143.72,131.169,131.358
1484.1,103.829,71.439,140.048,102.145,76.029,137.045,143.72,131.207,131.358
1484.2,103.829,71.439,140.08,102.145,76.029,137.08,143.72,131.207,131.358
1484.3,103.771,71.439,140.08,102.204,76.029,137.045,143.72,131.207,131.32
1484.4,103.829,71.439,140.08,102.204,75.947,137.045,143.72,131.245,131.396
1484.5,103.886,71.439,140.08,102.145,75.866,137.045,143.781,131.207,131.358
1484.6,103.771,71.525,140.08,102.204,76.029,137.045,143.72,131.207,131.32
1484.7,103.829,71.525,140.048,102.204,76.029,137.045,143.811,131.207,131.396
1484.8,103.886,71.525,140.08,102.262,76.029,137.011,143.781,131.207,131.358
1484.9,103.714,71.439,140.08,102.204,75.947,136.977,143.72,131.245,131.396
1485.0,103.829,71.525,140.048,102.204,75.947,137.045,143.69,131.245,131.358
1485.1,103.829,71.525,140.08,102.204,76.029,137.045,143.72,131.207,131.358
1485.2,103.886,71.439,140.048,102.204,75.947,137.045,143.751,131.245,131.32
1485.3,103.886,71.525,139.95,102.204,76.029,137.08,143.751,131.169,131.358
1485.4,103.943,71.525,140.048,102.145,76.029,137.045,143.72,131.245,131.32
1485.5,103.886,71.525,140.08,102.204,76.11,137.011,143.751,131.169,131.32
1485.6,103.943,71.525,140.08,102.145,76.029,137.08,143.72,131.207,131.32
1485.7,103.886,71.61,140.048,102.204,75.866,137.045,143.69,131.207,131.358
1485.8,103.886,71.61,140.08,102.204,75.947,137.011,143.72,131.245,131.358
1485.9,103.943,71.61,140.048,102.204,75.947,137.011,143.659,131.282,131.396
1486.0,103.829,71.61,140.08,102.086,76.029,137.011,143.72,131.245,131.32
1486.1,103.943,71.61,140.015,102.204,76.029,137.011,143.72,131.169,131.358
1486.2,103.943,71.525,140.08,102.204,76.029,137.045,143.72,131.207,131.396
1486.3,103.943,71.61,140.015,102.262,75.947,137.045,143.751,131.207,131.396
1486.4,103.943,71.61,140.048,102.204,76.029,137.011,143.72,131.207,131.358
1486.5,103.886,71.61,139.95,102.145,75.947,137.011,143.781,131.207,131.358
1486.6,103.943,71.61,140.08,102.204,75.947,137.011,143.69,131.207,131.32
1486.7,103.886,71.525,140.048,102.204,75.947,137.045,143.72,131.245,131.396
1486.8,103.943,71.61,140.08,102.204,76.029,137.045,143.72,131.207,131.471
1486.9,103.943,71.61,140.08,102.145,76.029,137.011,143.781,131.207,131.358
1487.0,103.943,71.696,140.048,102.204,75.947,136.943,143.751,131.207,131.396
1487.1,103.943,71.525,140.08,102.204,76.029,137.011,143.72,131.207,131.358
1487.2,103.943,71.696,140.048,102.204,76.029,137.08,143.69,131.245,131.358
1487.3,104.058,71.696,140.015,102.204,75.947,137.045,143.751,131.245,131.358
1487.4,104.0,71.781,140.08,102.262,76.029,137.045,143.751,131.207,131.358
1487.5,103.943,71.61,140.08,102.262,76.11,137.08,143.72,131.169,131.358
1487.6,103.943,71.696,140.048,102.204,76.11,137.011,143.72,131.169,131.358
1487.7,103.943,71.781,140.113,102.262,76.029,137.011,143.751,131.207,131.32
1487.8,104.058,71.696,140.048,102.262,75.947,136.908,143.72,131.207,131.358
1487.9,103.943,71.781,140.048,102.321,76.11,136.977,143.69,131.207,131.396
1488.0,103.943,71.696,140.08,102.204,76.029,137.011,143.659,131.169,131.358
1488.1,104.0,71.781,140.113,102.204,76.029,137.045,143.751,131.207,131.396
1488.2,103.943,71.781,140.08,102.262,76.029,136.977,143.72,131.169,131.396
1488.3,104.0,71.696,140.08,102.262,76.029,137.114,143.72,131.282,131.396
1488.4,103.943,71.781,140.015,102.262,76.11,137.114,143.69,131.207,131.358
1488.5,104.058,71.781,140.048,102.204,76.029,137.045,143.72,131.245,131.358
1488.6,104.058,71.781,140.08,102.262,76.029,137.011,143.811,131.207,131.434
1488.7,104.058,71.781,140.08,102.262,76.191,137.045,143.69,131.282,131.358
1488.8,104.0,71.781,140.048,102.262,76.11,137.011,143.751,131.207,131.32
1488.9,104.0,71.781,140.048,102.262,76.11,137.011,143.72,131.32,131.396
1489.0,103.943,71.867,140.113,102.262,76.191,137.011,143.751,131.169,131.358
1489.1,104.0,71.781,140.113,102.262,76.11,137.08,143.751,131.282,131.358
1489.2,104.0,71.781,140.08,102.262,76.029,137.011,143.69,131.207,131.396
1489.3,104.115,71.781,140.08,102.262,76.11,137.045,143.69,131.207,131.32
1489.4,104.115,71.781,140.08,102.262,76.11,137.011,143.811,131.245,131.32
1489.5,104.0,71.867,140.048,102.262,76.11,137.045,143.72,131.207,131.358
1489.6,104.058,71.781,140.08,102.321,76.11,137.08,143.69,131.207,131.358
1489.7,104.115,71.867,140.048,102.262,76.11,137.045,143.72,131.207,131.358
1489.8,104.058,71.781,140.08,102.204,76.11,137.045,143.69,131.207,131.358
1489.9,104.0,71.867,140.048,102.262,76.11,137.011,143.69,131.207,131.358
1490.0,104.058,71.781,140.145,102.321,76.191,137.045,143.72,131.207,131.358
1490.1,104.0,71.867,140.015,102.321,76.191,137.011,143.69,131.207,131.358
1490.2,104.058,71.952,140.015,102.262,76.11,137.045,143.751,131.282,131.358
1490.3,104.115,71.867,140.048,102.262,76.11,137.045,143.69,131.207,131.358
1490.4,104.058,71.781,140.048,102.38,76.11,137.011,143.72,131.207,131.358
1490.5,104.115,71.867,140.048,102.262,76.11,137.011,143.69,131.207,131.396
1490.6,104.172,71.867,140.048,102.262,76.11,137.011,143.69,131.207,131.358
1490.7,104.115,71.867,140.08,102.321,76.191,137.011,143.72,131.017,131.32
1490.8,104.115,71.867,140.08,102.262,76.029,137.011,143.72,131.207,131.358
1490.9,104.115,71.952,140.08,102.321,76.11,137.011,143.72,131.245,131.358
1491.0,104.058,71.867,140.08,102.262,76.11,137.045,143.69,131.245,131.32
1491.1,104.115,71.952,140.08,102.321,76.191,137.045,143.811,131.245,131.396
1491.2,104.115,71.952,140.048,102.321,76.191,137.045,143.781,131.169,131.358
1491.3,104.286,71.952,140.048,102.262,76.191,137.011,143.72,131.207,131.396
1491.4,104.115,72.037,140.048,102.204,76.191,137.045,143.72,131.245,131.32
1491.5,104.058,71.952,140.145,102.438,76.191,137.045,143.72,131.245,131.358
1491.6,104.115,71.952,140.08,102.321,76.191,137.045,143.72,131.207,131.32
1491.7,104.229,72.037,140.048,102.262,76.11,137.011,143.751,131.207,131.358
1491.8,104.115,71.952,140.08,102.321,76.11,137.011,143.69,131.207,131.32
1491.9,104.172,71.952,140.048,102.321,76.11,137.045,143.72,131.207,131.434
1492.0,104.286,71.867,140.113,102.262,76.191,137.011,143.72,131.245,131.282
1492.1,104.115,71.952,140.08,102.262,76.11,137.045,143.72,131.207,131.358
1492.2,104.172,71.952,140.048,102.38,76.191,137.011,143.69,131.207,131.358
1492.3,104.172,71.952,140.08,102.262,76.11,137.011,143.72,131.245,131.396
1492.4,104.172,72.037,140.08,102.321,76.191,137.011,143.629,131.245,131.32
1492.5,104.172,72.037,140.048,102.262,76.272,136.977,143.751,131.207,131.396
1492.6,104.115,72.037,140.08,102.321,76.191,137.011,143.72,131.207,131.32
1492.7,104.286,72.037,140.048,102.438,76.191,137.045,143.72,131.245,131.207
1492.8,104.172,72.037,140.08,102.321,76.11,137.011,143.72,131.282,131.32
1492.9,104.172,71.952,140.08,102.38,76.191,137.011,143.72,131.207,131.358
1493.0,104.172,72.037,140.08,102.38,76.191,137.08,143.69,131.207,131.358
1493.1,104.172,72.037,140.048,102.321,76.191,137.045,143.72,131.207,131.396
1493.2,104.229,72.037,140.048,102.321,76.272,137.011,143.751,131.207,131.32
1493.3,104.172,72.037,140.048,102.38,76.191,136.943,143.72,131.207,131.396
1493.4,104.172,72.037,140.08,102.38,76.11,137.045,143.72,131.245,131.358
1493.5,104.115,72.122,140.08,102.321,76.191,137.08,143.72,131.245,131.32
1493.6,104.172,72.037,140.08,102.38,76.272,137.011,143.69,131.245,131.32
1493.7,104.172,72.037,140.048,102.438,76.191,137.011,143.72,131.245,131.358
1493.8,104.172,72.122,140.113,102.321,76.191,137.045,143.69,131.207,131.396
1493.9,104.286,72.122,140.08,102.321,76.191,137.011,143.781,131.207,131.32
1494.0,104.229,72.122,140.145,102.321,76.272,137.011,143.72,131.245,131.282
1494.1,104.172,72.037,140.048,102.38,76.272,137.08,143.69,131.245,131.396
1494.2,104.229,72.122,140.113,102.38,76.272,137.045,143.69,131.207,131.358
1494.3,104.229,72.122,140.048,102.321,76.191,137.011,143.751,131.245,131.32
1494.4,104.229,72.122,140.08,102.38,76.191,137.011,143.72,131.245,131.358
1494.5,104.286,72.122,140.08,102.38,76.272,137.011,143.781,131.207,131.32
1494.6,104.229,72.122,140.048,102.321,76.191,137.045,143.72,131.245,131.32
1494.7,104.172,72.122,140.113,102.321,76.191,137.045,143.69,131.207,131.358
1494.8,104.286,72.122,140.113,102.38,76.272,137.011,143.751,131.207,131.358
1494.9,104.172,72.037,140.08,102.438,76.191,137.011,143.69,131.245,131.32
1495.0,104.286,72.122,140.08,102.321,76.272,137.011,143.72,131.207,131.434
1495.1,104.229,72.122,140.113,102.38,76.272,137.011,143.659,131.207,131.358
1495.2,104.229,72.122,140.113,102.38,76.272,137.011,143.72,131.207,131.32
1495.3,104.286,72.122,140.08,102.321,76.353,137.045,143.72,131.245,131.358
1495.4,104.229,72.292,140.048,102.321,76.272,137.011,143.69,131.207,131.396
1495.5,104.286,72.207,140.08,102.321,76.272,137.045,143.72,131.169,131.358
1495.6,104.286,72.037,140.08,102.38,76.191,137.045,143.72,131.245,131.396
1495.7,104.286,72.207,140.048,102.438,76.272,137.045,143.69,131.207,131.358
1495.8,104.229,72.207,140.145,102.38,76.272,137.011,143.69,131.207,131.358
1495.9,104.286,72.207,140.08,102.438,76.272,137.045,143.72,131.169,131.32
1496.0,104.229,72.207,140.08,102.321,76.272,136.977,143.69,131.207,131.32
1496.1,104.286,72.122,140.015,102.38,76.434,137.011,143.72,131.207,131.358
1496.2,104.229,72.207,140.08,102.438,76.272,137.011,143.72,131.207,131.396
1496.3,104.286,72.037,140.048,102.438,76.191,137.045,143.69,131.207,131.358
1496.4,104.286,72.207,140.08,102.38,76.353,137.011,143.659,131.207,131.32
1496.5,104.286,72.292,140.08,102.438,76.272,137.011,143.69,131.245,131.32
1496.6,104.229,72.207,140.048,102.38,76.272,137.011,143.72,131.207,131.358
1496.7,104.343,72.207,140.048,102.38,76.272,137.011,143.72,131.207,131.282
1496.8,104.229,72.122,140.08,102.38,76.272,137.045,143.72,131.207,131.32
1496.9,104.286,72.292,140.08,102.38,76.272,137.08,143.72,131.245,131.32
1497.0,104.4,72.292,140.08,102.321,76.191,137.011,143.72,131.207,131.396
1497.1,104.286,72.292,140.015,102.438,76.272,137.045,143.751,131.245,131.396
1497.2,104.229,72.292,140.08,102.38,76.272,136.977,143.72,131.207,131.32
1497.3,104.343,72.292,140.08,102.438,76.272,137.011,143.72,131.207,131.471
1497.4,104.343,72.292,140.08,102.38,76.191,137.045,143.72,131.207,131.32
1497.5,104.286,72.376,140.08,102.497,76.272,137.011,143.72,131.245,131.358
1497.6,104.343,72.292,140.048,102.438,76.353,137.011,143.72,131.207,131.358
1497.7,104.286,72.376,140.08,102.38,76.353,137.045,143.72,131.207,131.396
1497.8,104.343,72.292,140.048,102.38,76.272,137.08,143.69,131.207,131.358
1497.9,104.343,72.292,140.113,102.438,76.353,137.08,143.72,131.282,131.358
1498.0,104.343,72.376,140.048,102.555,76.272,137.011,143.69,131.245,131.358
1498.1,104.343,72.376,140.08,102.438,76.353,137.011,143.72,131.207,131.396
1498.2,104.343,72.376,140.08,102.438,76.353,137.045,143.69,131.245,131.358
1498.3,104.286,72.376,140.048,102.438,76.434,137.011,143.72,131.207,131.32
1498.4,104.4,72.376,140.145,102.438,76.353,137.011,143.72,131.207,131.358
1498.5,104.343,72.376,140.08,102.38,76.353,137.011,143.659,131.282,131.358
1498.6,104.343,72.376,140.08,102.438,76.353,137.011,143.659,131.207,131.358
1498.7,104.4,72.376,140.08,102.438,76.272,137.045,143.69,131.207,131.358
1498.8,104.343,72.461,140.113,102.497,76.434,137.011,143.69,131.245,131.32
1498.9,104.4,72.376,140.048,102.438,76.434,137.011,143.69,131.169,131.396
1499.0,104.343,72.376,140.113,102.497,76.353,137.08,143.72,131.207,131.396
1499.1,104.286,72.461,140.08,102.438,76.434,137.011,143.629,131.245,131.358
1499.2,104.4,72.461,140.08,102.438,76.353,137.08,143.72,131.245,131.358
1499.3,104.343,72.376,140.177,102.438,76.353,137.011,143.72,131.245,131.358
1499.4,104.4,72.376,140.048,102.438,76.515,137.011,143.781,131.207,131.358
1499.5,104.4,72.461,140.08,102.438,76.353,137.011,143.781,131.207,131.32
1499.6,104.628,72.461,140.08,102.438,76.353,137.045,143.72,131.245,131.32
1499.7,104.4,72.376,140.113,102.438,76.434,137.045,143.69,131.207,131.358
1499.8,104.4,72.461,140.08,102.438,76.353,137.045,143.72,131.207,131.358
1499.9,104.4,72.461,140.08,102.497,76.434,137.011,143.72,131.207,131.32
