1,0,25,20236.0, 0.220009, 6.829991, 12.527395, -8.194431, -27.116866, 46119.0, 0.737456, 12.345726, 18.086571, -14.623514, -34.845844, 2815.0, 0.020464, 1.621268, 3.128345, -1.358425, -4.315983, 20404.0, 0.218057, 9.127316, 14.071746, -7.85015, -27.808229, 53275.0, 0.784067, 14.627458, 24.25717, -16.816808, -36.302909, 3294.0, 0.024559, 0.917499, 2.821774, -1.459102, -5.447418, 1245.0, 0.008784, 0.85512, 3.271781, -0.586863, -2.465356, 4981.0, 0.038494, 1.322188, 3.270532, -2.127663, -9.521528, 4750.0, 0.036653, 1.660282, 3.543847, -2.035906, -9.689633
1,0,25,20783.0, 0.22195, 5.628887, 12.525671, -8.828754, -27.665967, 48718.0, 0.756408, 11.549966, 16.478947, -14.100574, -30.464418, 2492.0, 0.018121, 0.69947, 2.625893, -1.114719, -3.758022, 21463.0, 0.226841, 6.060636, 12.378522, -8.789471, -27.104439, 54441.0, 0.78689, 13.833745, 23.418594, -16.266931, -30.638475, 3085.0, 0.022988, 0.908836, 2.956191, -1.376156, -5.064478, 906.0, 0.006393, 0.306673, 1.830608, -0.516158, -3.167776, 5209.0, 0.040171, 1.364957, 3.325214, -2.216633, -9.64775, 5177.0, 0.039936, 1.39197, 3.256104, -2.19242, -9.199587
1,0,25,22574.0, 0.24525, 5.627402, 12.904351, -6.139235, -29.758127, 49754.0, 0.774719, 11.856146, 16.818676, -13.993039, -28.814806, 2536.0, 0.018477, 0.593391, 2.745221, -0.922617, -4.481412, 22420.0, 0.238765, 6.076698, 12.188205, -6.218234, -28.028851, 55872.0, 0.8159, 14.260443, 23.830026, -16.255364, -30.209373, 2918.0, 0.021756, 0.852983, 2.362791, -0.95026, -5.962125, 782.0, 0.005517, 0.253404, 1.457286, -0.304556, -1.842832, 5202.0, 0.040093, 1.467223, 3.549268, -1.812252, -9.936751, 5238.0, 0.04037, 1.39857, 3.148002, -1.803132, -9.643652
1,0,25,20678.0, 0.224161, 5.755768, 12.953743, -9.271424, -26.462814, 43434.0, 0.67148, 12.294539, 17.485815, -14.682278, -29.572307, 2074.0, 0.0151, 0.59977, 8.213142, -1.331934, -5.465039, 20489.0, 0.217896, 6.211923, 12.117846, -9.103202, -26.545765, 51309.0, 0.746378, 14.540384, 26.633308, -16.624078, -30.462195, 2579.0, 0.019244, 0.813603, 2.21974, -1.377593, -3.951815, 752.0, 0.00531, 0.268237, 1.688579, -0.389377, -2.207145, 4547.0, 0.035003, 1.399386, 3.956669, -2.189802, -9.090546, 4475.0, 0.034449, 1.555287, 3.896038, -2.346533, -6.89202
1,0,25,19204.0, 0.202001, 12.281343, 44.663779, -6.634801, -86.745277, 46167.0, 0.715767, 32.636188, 114.935497, -8.864993, -155.710291, 2194.0, 0.015845, -9.201023, 4.64746, -15.91127, -12.761037, 19062.0, 0.197068, 14.963546, 48.118614, -4.300188, -86.904327, 51950.0, 0.749942, 32.262109, 136.459863, -13.800848, -170.976821, 2608.0, 0.019225, -8.990574, 6.19646, -16.070164, -12.437534, 861.0, 0.00604, -0.074066, 2.135909, -0.851634, -4.550199, 4266.0, 0.032733, 2.901412, 11.571261, -1.300947, -20.108017, 4261.0, 0.032675, 1.280766, 11.768321, -3.024746, -19.863064
1,0,25,18192.0, 0.19214, 9.89877, 45.550364, -7.814482, -83.473035, 45846.0, 0.720124, 27.51367, 115.252829, -14.954882, -145.53933, 2106.0, 0.015232, -4.572444, 5.549444, -9.441165, -10.29805, 18730.0, 0.195432, 11.65304, 51.067516, -6.397323, -85.26105, 52294.0, 0.764633, 28.305825, 139.765212, -20.195752, -167.654059, 2557.0, 0.018898, -4.360381, 6.568029, -9.77363, -13.02517, 804.0, 0.005649, -0.028937, 2.239267, -0.809889, -4.551252, 4207.0, 0.032328, 2.503979, 11.994392, -1.637797, -20.78525, 4279.0, 0.032881, 1.661561, 11.926734, -2.77187, -20.015214
1,0,25,18489.0, 0.197591, 9.073541, 47.302471, -8.457515, -77.937537, 45554.0, 0.721899, 24.928499, 114.258763, -18.424264, -146.000963, 1915.0, 0.01386, -2.079364, 5.740336, -5.831044, -10.129842, 18950.0, 0.199734, 10.297264, 51.940395, -7.090828, -77.752197, 52064.0, 0.764242, 26.164714, 138.956372, -23.056855, -168.656181, 2359.0, 0.017453, -1.847471, 6.927121, -6.107882, -11.150781, 651.0, 0.004577, -0.003404, 2.29801, -0.812416, -3.450648, 4299.0, 0.033104, 2.356829, 11.673867, -1.831531, -18.26621, 4219.0, 0.032459, 1.920406, 12.273836, -2.41961, -17.574288
1,0,25,23859.0, 0.247796, 9.585127, 22.6037, -10.602159, -35.762454, 55461.0, 0.789683, 18.911814, 28.975359, -14.571182, -30.152196, 1633.0, 0.011663, -0.001666, 3.657061, -4.430591, -3.719537, 24090.0, 0.248243, 9.07355, 26.907791, -10.811927, -36.064337, 50449.0, 0.604194, 18.50929, 39.279346, -16.765737, -29.440041, 1941.0, 0.014124, -0.097651, 2.422969, -6.412641, -3.777958, 1276.0, 0.00892, 0.37982, 2.331511, -0.713024, -4.716296, 4477.0, 0.033616, 1.314075, 2.795151, -2.025519, -9.614517, 4624.0, 0.034758, 2.457644, 3.078516, -1.93082, -9.583078
1,0,25,20314.0, 0.218637, 17.427152, 70.270839, -3.185208, -87.941166, 45306.0, 0.728861, 45.125771, 153.388842, -3.789021, -141.068561, 2384.0, 0.017305, -2.605527, 7.520992, -5.218936, -10.822082, 20212.0, 0.214208, 19.769389, 72.677824, -1.341843, -86.31763, 51707.0, 0.77531, 43.555444, 169.603201, -10.527457, -166.489427, 2976.0, 0.022152, 6.250158, 10.343864, 2.241312, -13.576604, 1056.0, 0.007439, -2.277577, 3.357995, -3.904135, -4.733695, 5171.0, 0.040406, 3.529844, 17.775771, -1.474113, -22.790352, 5075.0, 0.03957, 5.880366, 17.207682, 0.458159, -21.674525
1,0,25,20980.0, 0.225966, 14.212789, 56.880945, -6.268747, -88.977711, 46871.0, 0.743878, 36.750364, 123.633111, -11.766247, -146.791191, 2162.0, 0.015709, -1.09935, 5.558089, -3.173415, -9.270289, 20996.0, 0.222517, 15.721071, 60.206347, -5.063779, -88.802914, 53137.0, 0.792474, 36.053729, 145.023558, -17.529618, -170.541965, 2876.0, 0.021419, 3.852127, 8.497029, 0.665118, -12.911963, 966.0, 0.006812, -1.17968, 2.91666, -2.330387, -4.978568, 5290.0, 0.041233, 3.581078, 16.252614, -1.576079, -23.518817, 5164.0, 0.040189, 4.763902, 16.152428, -0.511885, -23.220791
1,0,25,20931.0, 0.225438, 12.218507, 56.183251, -7.868055, -89.635743, 47011.0, 0.742787, 30.9636, 126.514787, -15.075822, -147.509253, 1899.0, 0.013795, -0.269029, 4.832697, -2.460533, -8.814456, 20980.0, 0.222194, 13.273706, 60.647664, -6.976555, -89.233811, 53723.0, 0.802291, 31.445064, 147.078084, -20.070295, -172.71358, 2672.0, 0.019905, 2.609032, 7.845336, -0.164613, -12.140067, 718.0, 0.00506, -0.546311, 2.493812, -1.550556, -4.382552, 5435.0, 0.042364, 3.422506, 16.279141, -1.622492, -23.371967, 5306.0, 0.041282, 4.064888, 15.99195, -1.049194, -23.234617
1,0,25,20848.0, 0.224706, 11.174124, 55.693494, -8.700683, -89.266206, 47429.0, 0.749392, 28.186397, 123.844435, -16.141273, -149.138628, 1801.0, 0.013083, 0.23697, 5.158937, -1.747102, -8.477677, 21045.0, 0.223036, 12.000289, 61.554238, -7.924771, -89.214732, 54035.0, 0.804787, 29.097326, 149.236794, -21.29328, -173.486378, 2641.0, 0.019685, 1.998521, 7.700226, -0.584127, -11.69013, 687.0, 0.004843, -0.174608, 2.932436, -0.997527, -3.237353, 5458.0, 0.04249, 3.331922, 15.795028, -1.672605, -23.282223, 5332.0, 0.041445, 3.655069, 16.102924, -1.332614, -22.769061
1,0,25,20067.0, 0.218013, 17.961315, 66.103011, -2.605335, -78.921029, 46024.0, 0.73482, 32.18402, 126.237856, -14.264906, -138.865886, 2718.0, 0.019759, -0.628745, 9.138465, -2.908736, -12.481029, 20288.0, 0.216664, 25.127556, 71.900327, 2.607778, -78.138736, 53186.0, 0.781733, 38.63118, 140.959212, -15.420595, -167.808155, 3189.0, 0.023769, 2.27992, 9.356147, -0.892344, -14.107771, 1057.0, 0.007451, 2.103402, 3.746532, 0.541683, -5.506067, 4718.0, 0.036417, 2.473956, 13.466509, -1.951576, -20.646698, 4640.0, 0.035794, 4.585226, 13.30626, -0.21143, -19.735844
1,0,25,20669.0, 0.22058, 15.159749, 55.83527, -5.639106, -87.512293, 48718.0, 0.756408, 31.170751, 115.685947, -11.841646, -140.427267, 2259.0, 0.01641, 0.088317, 5.799056, -2.173984, -10.367468, 21350.0, 0.225494, 18.787807, 60.268402, -2.408593, -87.597009, 54268.0, 0.783405, 33.238313, 137.586084, -13.666507, -162.347997, 2876.0, 0.021419, 1.821089, 8.198609, -1.005601, -13.242304, 750.0, 0.005289, 0.958943, 2.349978, 0.075521, -3.32792, 5060.0, 0.038998, 2.953896, 13.579135, -1.750033, -21.746081, 5063.0, 0.039033, 3.981384, 13.366274, -0.852695, -21.336361
1,0,25,22207.0, 0.240562, 12.813238, 55.95023, -6.448482, -61.423523, 49654.0, 0.773162, 28.375568, 118.28431, -17.710325, -140.197873, 2233.0, 0.016241, 0.504802, 5.95699, -1.967495, -6.579163, 22324.0, 0.237742, 14.746837, 60.640883, -3.722799, -60.557026, 55829.0, 0.815272, 29.635302, 142.990275, -21.304118, -161.63064, 2813.0, 0.020967, 1.585298, 7.722806, -1.08088, -8.780807, 625.0, 0.004407, 0.533938, 2.284681, 0.06753, -2.009268, 5125.0, 0.039476, 2.985738, 13.725066, -1.785515, -18.680572, 5125.0, 0.039476, 3.533689, 13.966857, -0.977864, -18.370912
1,0,25,20493.0, 0.221834, 10.899006, 56.969481, -8.477294, -92.045002, 43341.0, 0.66908, 22.675311, 122.488054, -20.078002, -142.46732, 1905.0, 0.013856, 0.567031, 5.383647, -1.472442, -9.749795, 20440.0, 0.217375, 12.034297, 61.836385, -6.856856, -90.060364, 51309.0, 0.746378, 25.232281, 145.417571, -24.393063, -166.372804, 2509.0, 0.018716, 1.27881, 7.583297, -1.157747, -12.777113, 563.0, 0.003971, 0.380209, 2.39315, -0.15033, -3.90665, 4473.0, 0.034423, 2.565592, 13.465029, -1.833122, -21.754214, 4475.0, 0.034449, 2.85379, 15.588832, -1.404031, -23.573464
1,0,25,21589.0, 0.231699, 17.167624, 62.052184, -4.441186, -87.271722, 49120.0, 0.74054, 36.065854, 138.280782, -14.168733, -137.941136, 1970.0, 0.014325, -34.550515, 5.371364, -61.667042, -8.549507, 21698.0, 0.228388, 18.482639, 66.376965, -3.460754, -87.214555, 55219.0, 0.78819, 37.805762, 169.093917, -17.976943, -160.562375, 2536.0, 0.018897, -39.350771, 7.5571, -70.389356, -11.472665, 627.0, 0.004425, 3.129614, 2.022508, 1.553594, -2.4569, 4706.0, 0.036024, 4.84068, 14.360375, -0.082206, -20.750712, 4708.0, 0.03605, 3.422197, 14.631925, -1.167058, -20.096733
1,0,25,20589.0, 0.218507, 13.899148, 52.604763, -6.500269, -90.169952, 49008.0, 0.73385, 30.923798, 117.439359, -13.507848, -151.698074, 1868.0, 0.013573, -18.947314, 4.914932, -34.447381, -8.426661, 21521.0, 0.226218, 14.618588, 57.420972, -5.657663, -90.767628, 55340.0, 0.788937, 31.856115, 139.475005, -17.836327, -176.250638, 2569.0, 0.019138, -21.411426, 7.108359, -39.34742, -11.415354, 501.0, 0.003533, 1.662996, 2.136702, 0.798108, -2.704375, 4702.0, 0.035983, 3.756825, 12.595674, -0.629354, -20.1451, 4744.0, 0.036325, 3.121537, 12.596803, -1.147653, -21.100497
1,0,25,21111.0, 0.224356, 12.5208, 54.343669, -6.532898, -53.654773, 49069.0, 0.732789, 28.344991, 127.210511, -17.822958, -146.341673, 4335.0, 0.031398, -7.240018, 19.50348, -18.928366, -0.970344, 20959.0, 0.218255, 12.972651, 59.766892, -5.654456, -57.447979, 54855.0, 0.774373, 28.895015, 147.024474, -22.06347, -172.122807, 5931.0, 0.043938, -7.41775, 26.993989, -21.390015, -0.123265, 2833.0, 0.019938, 3.081161, 15.450512, 0.993435, -0.234023, 5155.0, 0.039188, 4.205785, 15.612411, -0.112, -4.331323, 5227.0, 0.039746, 3.932021, 15.674841, -0.64635, -4.235768
1,0,25,21891.0, 0.236455, 13.001475, 52.093614, -5.637491, -87.553596, 49700.0, 0.766159, 35.147501, 112.409979, -6.838369, -118.886513, 2103.0, 0.0153, -18.502485, 4.777641, -33.477452, -8.811757, 21867.0, 0.231748, 14.121641, 56.939673, -3.987806, -87.538521, 55469.0, 0.803794, 33.386457, 137.867915, -14.695403, -137.915768, 2784.0, 0.020768, -20.13715, 7.133282, -36.232154, -11.889433, 563.0, 0.003971, -2.528368, 2.189726, -4.678575, -2.796466, 4809.0, 0.036932, 4.365464, 12.664318, 0.026444, -20.857433, 4996.0, 0.038402, 2.245007, 12.820385, -2.795612, -20.291525
1,0,25,21379.0, 0.23076, 15.528559, 50.71622, -5.682984, -84.907534, 46016.0, 0.682619, 45.599348, 129.742196, -4.620216, -139.808416, 2003.0, 0.014565, -33.442303, 4.458762, -59.355491, -8.711473, 21173.0, 0.223776, 17.616799, 61.100337, -3.895383, -85.757186, 51761.0, 0.717687, 42.11825, 156.157509, -12.39275, -163.385413, 2609.0, 0.019452, -36.268422, 6.344507, -64.368826, -11.559848, 595.0, 0.004199, -4.649115, 1.936366, -8.272353, -3.5901, 4741.0, 0.03642, 6.044619, 12.847952, 0.829508, -20.450254, 4744.0, 0.036454, 1.331499, 13.074552, -2.887374, -20.233364
1,0,25,21213.0, 0.228313, 11.722769, 52.879003, -7.753328, -83.10465, 47441.0, 0.721152, 29.422796, 115.58678, -14.680192, -138.927307, 1971.0, 0.014336, -8.849651, 5.262733, -18.532431, -7.680139, 21173.0, 0.223776, 12.380002, 56.449962, -6.730891, -88.783136, 53873.0, 0.772816, 29.25631, 139.606238, -21.024045, -160.993976, 2538.0, 0.018917, -9.226272, 6.785899, -20.195816, -10.215588, 658.0, 0.004645, -1.104731, 2.014591, -2.711369, -2.89659, 4617.0, 0.035405, 3.517203, 12.89566, -0.447477, -17.141354, 4774.0, 0.036663, 2.476052, 12.784578, -2.223387, -17.066039
1,0,25,21840.0, 0.235398, 12.063218, 53.740191, -8.896044, -99.620807, 49051.0, 0.742544, 30.542165, 125.499626, -18.228775, -169.753434, 2035.0, 0.014798, -4.573849, 5.125269, -9.716566, -9.437304, 21895.0, 0.231407, 12.697901, 58.534378, -8.183977, -97.668443, 55142.0, 0.78905, 29.934626, 144.19906, -24.058838, -197.732119, 2641.0, 0.019685, -4.571702, 7.416974, -10.586747, -12.267225, 595.0, 0.004198, -0.483717, 2.058055, -1.513881, -2.982981, 4788.0, 0.036695, 3.61343, 13.263689, -1.03875, -21.857915, 4794.0, 0.036762, 2.678626, 13.451866, -1.967819, -21.443749
1,0,25,19746.0, 0.207702, 4.52637, 11.785964, -8.874064, -29.31437, 46271.0, 0.71738, 11.602264, 16.845031, -15.517871, -33.461339, 2327.0, 0.016818, 0.558979, 2.615998, -1.299855, -8.828471, 19189.0, 0.198642, 4.867644, 10.889494, -8.728215, -29.355547, 52081.0, 0.752779, 13.639906, 25.473779, -17.156416, -35.257645, 2782.0, 0.020529, 0.649345, 2.112956, -1.324138, -5.143895, 1017.0, 0.007142, 0.249236, 1.975711, -0.456507, -2.120849, 4340.0, 0.03331, 1.311111, 4.44594, -2.115029, -9.636864, 4335.0, 0.033252, 1.209302, 3.181014, -2.07197, -9.76792
1,0,25,18437.0, 0.195127, 4.705274, 13.06465, -8.491408, -29.290811, 45899.0, 0.720957, 11.519101, 16.692682, -14.747461, -31.538659, 2883.0, 0.020969, 0.552926, 5.592282, -1.542658, -8.525867, 18893.0, 0.197264, 5.136065, 11.148267, -8.528044, -28.526422, 52428.0, 0.767591, 13.94508, 26.559942, -16.903659, -37.235256, 2697.0, 0.019948, 0.714677, 2.434806, -1.332672, -5.960021, 989.0, 0.006953, 0.305438, 3.781962, -0.498289, -3.459095, 4318.0, 0.033191, 1.266946, 3.26231, -2.086236, -10.003904, 4351.0, 0.033434, 1.195671, 3.996979, -2.075991, -10.39828
1,0,25,18752.0, 0.200967, 4.720979, 13.314524, -9.172243, -26.158245, 45755.0, 0.726166, 11.450002, 16.718059, -14.645271, -33.81181, 2112.0, 0.015293, 0.614454, 2.322151, -0.913228, -4.503104, 19050.0, 0.200788, 5.271687, 11.549013, -7.823536, -26.817698, 52377.0, 0.770851, 13.952157, 25.569099, -16.976591, -35.412787, 2498.0, 0.018491, 0.725898, 2.479322, -1.326943, -7.515381, 775.0, 0.00545, 0.247689, 1.836073, -0.384036, -2.330022, 4371.0, 0.033658, 1.244668, 3.793612, -1.866181, -8.618951, 4330.0, 0.033323, 1.310479, 3.14358, -1.864945, -8.74208
1,0,25,22819.0, 0.247911, 6.414067, 8.85859, -9.762802, -30.041291, 46490.0, 0.67368, 14.017538, 19.270994, -14.236362, -33.395639, 2037.0, 0.014816, 0.344488, 3.196258, -1.808533, -4.708404, 21441.0, 0.225074, 7.586789, 12.957133, -8.723327, -30.764908, 51721.0, 0.702359, 16.843801, 28.786845, -16.098391, -34.337287, 2750.0, 0.020514, 0.429066, 2.282682, -3.324411, -4.966749, 879.0, 0.006214, 1.938844, 1.675641, -0.510196, -3.870531, 4706.0, 0.036024, 1.542244, 3.200482, -2.350199, -9.445534, 4823.0, 0.036963, 1.531869, 3.520868, -2.068375, -9.680832
1,0,25,21852.0, 0.23469, 5.282765, 11.449927, -9.273205, -32.601057, 49551.0, 0.748064, 11.740242, 16.230112, -14.734891, -33.514308, 2037.0, 0.014816, 0.526478, 5.527984, -0.956641, -4.58947, 21954.0, 0.231241, 5.867477, 11.107811, -9.042811, -29.373521, 55511.0, 0.792358, 13.950725, 24.458786, -17.064762, -35.440262, 2641.0, 0.019685, 0.747659, 2.279042, -1.147963, -4.855598, 844.0, 0.005956, 0.377435, 3.199193, -0.398318, -2.467208, 4776.0, 0.03656, 1.273049, 3.27192, -2.042071, -9.188019, 4856.0, 0.037205, 1.322093, 3.108049, -2.102864, -9.485837
1,0,25,21176.0, 0.225202, 5.536417, 12.223579, -7.480455, -23.517479, 49208.0, 0.735854, 12.79321, 18.33212, -15.507528, -34.625614, 4737.0, 0.034403, 1.95562, 7.109035, -0.621221, -1.744264, 21022.0, 0.219054, 5.974535, 12.862407, -7.447694, -23.539045, 55024.0, 0.777702, 14.766696, 27.55189, -17.578789, -31.484165, 6673.0, 0.049684, 2.819458, 10.293871, -0.816867, -1.994175, 3235.0, 0.022818, 1.60204, 6.349892, -0.220239, -1.59407, 5975.0, 0.045658, 1.582027, 5.775792, -1.512319, -2.928658, 5826.0, 0.04448, 1.6601, 5.670795, -1.333031, -2.922524
1,0,25,21495.0, 0.232178, 5.355183, 7.147407, -8.70094, -25.652145, 46156.0, 0.685611, 14.077465, 17.506345, -14.012317, -27.912864, 2375.0, 0.017308, 0.277539, 2.189744, -3.931489, -4.302744, 21221.0, 0.224283, 6.542805, 9.894667, -8.597749, -24.98361, 51974.0, 0.72149, 16.600972, 23.408736, -16.357063, -29.282199, 2714.0, 0.02024, 0.371702, 2.205837, -3.993285, -5.487551, 909.0, 0.006424, 0.089547, 2.194464, -3.237505, -3.767432, 4884.0, 0.037519, 2.018377, 2.894463, -2.109291, -8.635309, 4934.0, 0.037959, 1.090697, 3.134573, -2.176916, -8.62019
1,0,25,22024.0, 0.238234, 5.292316, 13.24095, -8.890886, -26.102137, 49700.0, 0.766159, 11.319063, 15.610665, -11.921224, -29.97311, 2169.0, 0.01578, 0.572381, 2.454105, -0.909677, -3.895103, 22028.0, 0.233615, 5.725046, 12.206009, -8.782246, -25.436151, 55553.0, 0.805011, 13.773888, 23.444106, -13.871418, -29.827354, 2784.0, 0.020768, 0.759703, 2.621429, -1.258235, -4.715332, 657.0, 0.004635, 0.259757, 1.965814, -0.335811, -2.364614, 5032.0, 0.038679, 1.306217, 3.198879, -2.092811, -9.950641, 5035.0, 0.038713, 1.339303, 3.101878, -2.06582, -8.719294
1,0,25,21412.0, 0.230949, 5.308285, 11.926284, -8.379376, -11.53886, 47441.0, 0.721152, 11.57976, 16.060078, -14.074822, -21.100869, 2238.0, 0.016294, 0.561835, 2.574954, -0.940592, -3.125443, 21335.0, 0.225643, 5.673704, 11.029835, -8.8581, -12.412135, 54003.0, 0.775649, 13.951866, 23.917437, -16.115674, -24.50568, 3005.0, 0.022465, 0.720056, 2.462047, -1.274769, -5.96822, 720.0, 0.005083, 0.245702, 1.82656, -0.325044, -2.035835, 4807.0, 0.036906, 1.310709, 3.744308, -1.782966, -2.350839, 4809.0, 0.036932, 1.326945, 3.152105, -1.749477, -2.159641
1,0,25,22085.0, 0.238039, 5.444521, 16.322815, -9.98167, -43.10253, 49149.0, 0.744028, 12.538233, 18.615917, -17.28332, -42.842981, 2135.0, 0.015529, 0.570178, 2.451844, -0.982116, -4.70593, 21960.0, 0.232253, 5.871514, 14.958266, -9.82318, -38.474136, 55313.0, 0.792484, 14.417169, 28.003509, -19.865255, -44.892121, 2747.0, 0.020481, 0.745726, 2.598518, -1.321968, -9.203787, 689.0, 0.004863, 0.209049, 1.853069, -0.351711, -2.469147, 4900.0, 0.037575, 1.437162, 3.119768, -2.198149, -11.496842, 4903.0, 0.037609, 1.407495, 3.217322, -2.179203, -11.613393
1,0,25,20236.0, 0.220009, 6.829991, 12.527395, -8.194431, -27.116866, 46119.0, 0.737456, 12.345726, 18.086571, -14.623514, -34.845844, 2815.0, 0.020464, 1.621268, 3.128345, -1.358425, -4.315983, 20404.0, 0.218057, 9.127316, 14.071746, -7.85015, -27.808229, 53275.0, 0.784067, 14.627458, 24.25717, -16.816808, -36.302909, 3294.0, 0.024559, 0.917499, 2.821774, -1.459102, -5.447418, 1245.0, 0.008784, 0.85512, 3.271781, -0.586863, -2.465356, 4981.0, 0.038494, 1.322188, 3.270532, -2.127663, -9.521528, 4750.0, 0.036653, 1.660282, 3.543847, -2.035906, -9.689633
1,0,25,22376.0, 0.243098, 5.628887, 12.525671, -8.828754, -27.665967, 48718.0, 0.756408, 11.549966, 16.478947, -14.100574, -30.464418, 2764.0, 0.020138, 0.69947, 2.625893, -1.114719, -4.481412, 21854.0, 0.231932, 6.060636, 12.378522, -8.789471, -27.104439, 54441.0, 0.78689, 13.833745, 23.418594, -16.266931, -30.638475, 3121.0, 0.023263, 0.908836, 2.956191, -1.376156, -5.064478, 906.0, 0.006393, 0.306673, 1.830608, -0.516158, -3.167776, 5209.0, 0.040171, 1.364957, 3.325214, -2.216633, -9.64775, 5177.0, 0.039936, 1.39197, 3.256104, -2.19242, -9.199587
1,0,25,22306.0, 0.241634, 5.627402, 12.904351, -9.271424, -29.758127, 49754.0, 0.774719, 11.856146, 16.818676, -14.682278, -29.572307, 2434.0, 0.017721, 0.593391, 8.213142, -1.331934, -5.465039, 22420.0, 0.238765, 6.076698, 12.188205, -9.103202, -28.028851, 55872.0, 0.8159, 14.260443, 23.830026, -16.624078, -30.462195, 3026.0, 0.022579, 0.852983, 2.362791, -1.377593, -5.962125, 908.0, 0.006412, 0.253404, 1.457286, -0.389377, -2.207145, 5164.0, 0.039788, 1.467223, 3.549268, -2.189802, -9.936751, 5238.0, 0.04037, 1.39857, 3.148002, -2.346533, -9.643652
1,0,25,22422.0, 0.243067, 5.755768, 12.953743, -9.935267, -29.667343, 49787.0, 0.769696, 12.294539, 17.485815, -15.921877, -32.782656, 2170.0, 0.015791, 0.59977, 3.55196, -1.009953, -4.212254, 22672.0, 0.241112, 6.211923, 12.117846, -9.140815, -29.38814, 55861.0, 0.812595, 14.540384, 26.633308, -18.004749, -33.674362, 2889.0, 0.021557, 0.813603, 2.21974, -1.29653, -5.952416, 877.0, 0.006193, 0.273682, 1.952677, -0.317389, -2.20403, 5187.0, 0.039918, 1.399386, 3.956669, -2.211064, -9.668991, 5083.0, 0.039129, 1.555287, 3.896038, -2.264342, -9.611502
1,0,25,20948.0, 0.225784, 5.592165, 14.631912, -9.422722, -28.851192, 47574.0, 0.752789, 12.437863, 18.424707, -15.033245, -34.076867, 2174.0, 0.015832, 0.519506, 2.580126, -0.889859, -5.046587, 21207.0, 0.224908, 6.194652, 13.196312, -9.064667, -28.921628, 54170.0, 0.80788, 14.891895, 26.149202, -17.424136, -34.990262, 2750.0, 0.020514, 0.861991, 2.769746, -1.400047, -5.438019, 718.0, 0.005062, 0.287012, 2.073279, -0.394632, -2.119679, 5653.0, 0.044063, 1.642327, 3.686821, -2.386313, -11.322142, 5443.0, 0.042321, 1.622407, 3.452232, -2.285952, -10.559429
1,0,25,20998.0, 0.226323, 5.642633, 15.193123, -9.443365, -33.635526, 47396.0, 0.75221, 12.694561, 18.190497, -15.286914, -33.300433, 2408.0, 0.017549, 0.520551, 3.983486, -0.959788, -5.404228, 21093.0, 0.223545, 6.13325, 13.619982, -9.032275, -31.219698, 53858.0, 0.805389, 14.682838, 26.206971, -17.65194, -36.56129, 3069.0, 0.022925, 0.811066, 4.399338, -1.514423, -6.778919, 874.0, 0.006163, 0.250285, 1.699007, -0.438813, -2.201237, 5660.0, 0.044145, 1.64917, 3.84043, -2.396854, -11.666848, 5573.0, 0.043412, 1.71136, 3.693725, -2.311783, -11.577816
1,0,25,21030.0, 0.226504, 5.792136, 12.828261, -9.067172, -29.119491, 47018.0, 0.747326, 12.383333, 18.409124, -14.641064, -32.723814, 2228.0, 0.016189, 0.566937, 5.939339, -1.235374, -4.73607, 21224.0, 0.225246, 6.062026, 13.011528, -8.901908, -28.994042, 53227.0, 0.793817, 14.507707, 25.48192, -17.068505, -36.350182, 3018.0, 0.022495, 0.87263, 2.41277, -1.338171, -5.534812, 997.0, 0.007031, 0.291374, 1.953723, -0.512968, -2.608702, 5403.0, 0.042127, 1.735505, 3.941658, -2.428289, -10.629423, 5276.0, 0.041073, 1.654935, 3.823885, -2.310363, -10.375108
1,0,25,20846.0, 0.225655, 7.281267, 14.62643, -8.758619, -28.463748, 45401.0, 0.731507, 15.655304, 25.810543, -15.146092, -34.620095, 2582.0, 0.018752, 0.433841, 8.313027, -1.857098, -4.987859, 20393.0, 0.216426, 7.940948, 16.511927, -8.570252, -27.194679, 51891.0, 0.779132, 16.845653, 32.592566, -16.696017, -34.660772, 3115.0, 0.023199, 2.18515, 2.781997, -1.418097, -5.404698, 1117.0, 0.007868, 0.241818, 6.406739, -1.506705, -2.320256, 5284.0, 0.041302, 1.611325, 4.213462, -2.355379, -11.635934, 5194.0, 0.040535, 2.099898, 3.824369, -2.191588, -10.661459
1,0,25,25619.0, 0.272077, 6.687946, 21.590061, -11.279697, -38.816414, 49065.0, 0.637887, 13.216333, 21.448183, -14.895094, -29.999999, 1501.0, 0.010796, 0.186062, 1.984635, -1.010013, -5.016944, 25064.0, 0.260654, 7.356885, 19.848533, -11.263414, -37.276487, 52375.0, 0.64293, 14.721841, 32.970901, -17.172217, -30.666687, 1873.0, 0.013726, 0.358096, 2.259571, -0.993556, -4.442116, 859.0, 0.006018, 0.220412, 3.840634, -0.395071, -2.180352, 4689.0, 0.035354, 1.140822, 3.063607, -2.222201, -11.25297, 4655.0, 0.035098, 1.216446, 4.018776, -2.168757, -11.698113
1,0,25,24798.0, 0.262088, 7.193103, 21.483118, -11.516701, -36.00586, 48828.0, 0.631505, 13.432125, 23.676783, -15.204497, -34.83775, 1152.0, 0.008304, 0.319546, 4.512123, -0.642338, -5.395001, 25057.0, 0.262149, 7.668045, 20.477312, -11.469367, -36.543149, 53219.0, 0.66013, 15.52252, 33.355873, -17.231916, -30.836699, 1585.0, 0.01166, 0.412368, 2.214847, -1.035346, -4.909894, 586.0, 0.004112, 0.185099, 2.040639, -0.300281, -1.562322, 4629.0, 0.034931, 1.305362, 3.620257, -2.176931, -10.443115, 4670.0, 0.03526, 1.338868, 3.543636, -2.169246, -10.410983
1,0,25,25547.0, 0.272827, 7.224914, 21.7392, -13.041278, -46.90215, 48789.0, 0.630349, 12.81649, 20.547763, -17.474047, -40.724788, 1324.0, 0.009571, 0.317236, 2.858676, -0.658902, -2.825321, 25565.0, 0.269275, 7.878075, 21.380817, -12.959595, -48.32418, 53337.0, 0.66286, 14.726295, 32.018512, -20.318604, -43.041851, 1738.0, 0.012838, 0.449786, 1.743692, -1.033374, -6.378303, 621.0, 0.004368, 0.16556, 2.412398, -0.41435, -3.205774, 4790.0, 0.036227, 1.390471, 3.490168, -2.368266, -14.289301, 4871.0, 0.036881, 1.368295, 3.175718, -2.40864, -13.821767
1,0,25,20250.0, 0.20487, 3.763171, 11.637673, -9.922688, -29.379858, 44718.0, 0.570135, 10.939887, 15.833003, -13.120825, -26.306515, 3088.0, 0.022122, 0.19785, 4.627269, -1.662337, -5.243277, 20399.0, 0.204235, 4.334311, 11.659811, -10.330895, -29.936226, 45876.0, 0.529942, 11.685673, 23.81601, -14.190592, -25.989994, 3845.0, 0.02807, 0.160696, 1.358183, -2.565704, -10.652028, 2020.0, 0.014121, 0.175226, 1.770096, -1.004582, -3.916865, 4776.0, 0.035733, 0.547057, 2.212035, -2.642659, -10.530034, 4776.0, 0.035733, 0.673924, 2.958795, -2.568184, -10.253579
1,0,25,22123.0, 0.230681, 6.257495, 16.713047, -8.602573, -34.993068, 48242.0, 0.641414, 13.30861, 20.514059, -14.1809, -30.897437, 1183.0, 0.008523, 0.188419, 4.492411, -1.283931, -5.371278, 22687.0, 0.234544, 6.930481, 16.393024, -8.83532, -35.874567, 51971.0, 0.644034, 14.992848, 29.505398, -15.518244, -29.996118, 1621.0, 0.011931, 0.377535, 2.526727, -1.527171, -5.529317, 771.0, 0.005412, 0.118663, 2.19409, -0.88132, -2.618497, 4010.0, 0.030142, 1.096262, 3.019864, -2.257534, -11.837723, 4052.0, 0.030483, 1.161021, 3.107192, -2.203878, -11.440967
1,0,25,19354.0, 0.193422, 4.883571, 14.298369, -9.281534, -29.479205, 46328.0, 0.606118, 15.353631, 22.456103, -13.970303, -29.915982, 1943.0, 0.013779, -0.075311, 3.946348, -4.391071, -3.176545, 19918.0, 0.198106, 4.651822, 8.540777, -9.212557, -32.921361, 49246.0, 0.592968, 16.845212, 27.776461, -15.470314, -31.589109, 2501.0, 0.018023, -0.08753, 2.939724, -1.811677, -4.522339, 1284.0, 0.008923, 0.031228, 1.490964, -0.627273, -2.978156, 3749.0, 0.02778, 2.271926, 2.624431, -1.782392, -9.377486, 3820.0, 0.028321, 1.065541, 2.157045, -1.919838, -8.909145
1,0,25,23859.0, 0.247796, 9.585127, 22.6037, -10.602159, -35.762454, 55461.0, 0.789683, 18.911814, 28.975359, -14.571182, -30.152196, 1633.0, 0.011663, -0.001666, 3.657061, -4.430591, -3.719537, 24090.0, 0.248243, 9.07355, 26.907791, -10.811927, -36.064337, 50449.0, 0.604194, 18.50929, 39.279346, -16.765737, -29.440041, 1941.0, 0.014124, -0.097651, 2.422969, -6.412641, -3.777958, 1276.0, 0.00892, 0.37982, 2.331511, -0.713024, -4.716296, 4477.0, 0.033616, 1.314075, 2.795151, -2.025519, -9.614517, 4624.0, 0.034758, 2.457644, 3.078516, -1.93082, -9.583078
1,0,25,25619.0, 0.272077, 6.687946, 21.590061, -11.279697, -38.816414, 49065.0, 0.637887, 13.216333, 21.448183, -14.895094, -29.999999, 1501.0, 0.010796, 0.186062, 1.984635, -1.010013, -5.016944, 25064.0, 0.260654, 7.356885, 19.848533, -11.263414, -37.276487, 52375.0, 0.64293, 14.721841, 32.970901, -17.172217, -30.666687, 1873.0, 0.013726, 0.358096, 2.259571, -0.993556, -4.442116, 859.0, 0.006018, 0.220412, 3.840634, -0.395071, -2.180352, 4689.0, 0.035354, 1.140822, 3.063607, -2.222201, -11.25297, 4655.0, 0.035098, 1.216446, 4.018776, -2.168757, -11.698113
1,0,25,25547.0, 0.272827, 7.224914, 21.7392, -13.041278, -46.90215, 48789.0, 0.630349, 12.81649, 20.547763, -17.474047, -40.724788, 1324.0, 0.009571, 0.317236, 2.858676, -0.658902, -2.825321, 25565.0, 0.269275, 7.878075, 21.380817, -12.959595, -48.32418, 53337.0, 0.66286, 14.726295, 32.018512, -20.318604, -43.041851, 1738.0, 0.012838, 0.449786, 1.743692, -1.033374, -6.378303, 621.0, 0.004368, 0.16556, 2.412398, -0.41435, -3.205774, 4790.0, 0.036227, 1.390471, 3.490168, -2.368266, -14.289301, 4871.0, 0.036881, 1.368295, 3.175718, -2.40864, -13.821767
1,0,25,24798.0, 0.262088, 7.193103, 21.483118, -11.516701, -36.00586, 48828.0, 0.631505, 13.432125, 23.676783, -15.204497, -34.83775, 1152.0, 0.008304, 0.319546, 4.512123, -0.642338, -5.395001, 25057.0, 0.262149, 7.668045, 20.477312, -11.469367, -36.543149, 53219.0, 0.66013, 15.52252, 33.355873, -17.231916, -30.836699, 1585.0, 0.01166, 0.412368, 2.214847, -1.035346, -4.909894, 586.0, 0.004112, 0.185099, 2.040639, -0.300281, -1.562322, 4629.0, 0.034931, 1.305362, 3.620257, -2.176931, -10.443115, 4670.0, 0.03526, 1.338868, 3.543636, -2.169246, -10.410983
1,0,50,28148.0, 0.304477, 9.383852, 29.542002, -13.345406, -40.823279, 50689.0, 0.673214, 13.910449, 22.31548, -13.902241, -33.411201, 2000.0, 0.014638, 0.682314, 3.296277, -1.191901, -5.252322, 29153.0, 0.316035, 9.576198, 27.334515, -13.36558, -40.992639, 46863.0, 0.525901, 14.391813, 33.279541, -15.126004, -32.724225, 2950.0, 0.022336, 1.014805, 3.133838, -1.601612, -7.009741, 1109.0, 0.007875, 0.325815, 1.776949, -0.61527, -2.361069, 6896.0, 0.053718, 1.993544, 4.47899, -3.081706, -13.816305, 6896.0, 0.053718, 2.017753, 4.81969, -2.991814, -13.482932
1,0,50,27872.0, 0.302808, 8.648632, 28.482225, -12.381806, -42.137165, 47085.0, 0.601533, 12.449925, 20.805434, -15.083412, -32.171691, 1976.0, 0.014488, 0.658535, 2.49953, -1.008058, -5.9159, 28730.0, 0.311676, 9.082034, 25.672617, -12.45333, -41.44027, 47105.0, 0.533212, 13.624156, 31.66945, -16.110439, -31.372551, 2892.0, 0.021941, 0.993932, 2.699902, -1.424835, -6.443339, 986.0, 0.007007, 0.320133, 1.929781, -0.503127, -2.442636, 6571.0, 0.051029, 1.940168, 4.396546, -2.851691, -14.501254, 6690.0, 0.052001, 1.858293, 4.349136, -2.856054, -13.848461
1,0,50,27845.0, 0.303177, 10.090087, 11.480446, -12.674103, -41.446068, 43082.0, 0.527378, 15.506873, 22.730178, -15.713633, -32.065242, 2188.0, 0.016079, 0.162424, 2.348458, -2.18127, -6.275342, 27421.0, 0.293873, 9.920974, 17.611445, -12.82959, -41.016612, 44569.0, 0.492535, 17.986927, 32.782915, -16.980359, -31.89306, 2742.0, 0.020779, 1.637025, 2.609795, -1.359283, -6.229457, 956.0, 0.0068, 1.492192, 1.904854, -0.457715, -2.411767, 6052.0, 0.046785, 1.923425, 4.25599, -2.80501, -13.592314, 6139.0, 0.047515, 2.085371, 4.401718, -2.786355, -13.788834
1,0,50,27684.0, 0.301644, 8.623085, 27.121525, -12.595862, -40.478161, 49524.0, 0.657026, 13.541604, 22.335809, -17.082449, -34.075099, 1807.0, 0.013245, 0.690843, 2.943436, -0.985807, -4.656782, 28060.0, 0.303089, 9.009716, 24.143052, -12.958708, -43.468092, 50674.0, 0.601022, 14.743036, 34.545174, -17.811261, -33.090401, 2744.0, 0.0208, 0.963295, 2.757254, -1.401038, -5.813463, 828.0, 0.005884, 0.28954, 1.859872, -0.426829, -2.29246, 6162.0, 0.047649, 1.75916, 4.460131, -2.824036, -13.960506, 6245.0, 0.048335, 1.813546, 4.966591, -2.78239, -15.549854
1,0,50,27705.0, 0.302094, 8.29935, 27.015006, -12.705127, -41.015474, 49811.0, 0.663731, 13.369613, 21.013653, -16.216182, -31.625097, 2085.0, 0.015314, 0.674625, 6.014119, -1.00051, -4.288164, 27906.0, 0.300779, 8.733364, 25.088504, -12.645642, -40.117131, 51492.0, 0.61724, 14.886986, 33.433631, -17.781479, -31.544379, 2706.0, 0.020506, 0.969348, 2.571054, -1.416255, -5.760013, 796.0, 0.005656, 0.266005, 2.226646, -0.438384, -2.162288, 6147.0, 0.047476, 1.722729, 4.451147, -2.719445, -14.191604, 6197.0, 0.04792, 1.831856, 4.222827, -2.702239, -13.284537
1,0,50,27433.0, 0.298691, 8.346185, 25.05596, -11.551709, -40.290468, 50013.0, 0.669357, 13.430038, 23.363532, -15.93536, -30.028613, 1980.0, 0.014532, 0.63721, 2.985005, -0.86525, -3.490411, 27728.0, 0.298433, 8.846898, 24.154976, -11.753861, -38.972419, 52210.0, 0.63209, 15.271818, 34.920837, -17.596764, -29.540033, 2705.0, 0.020493, 0.962371, 2.874711, -1.261781, -5.43931, 765.0, 0.005436, 0.288596, 1.56347, -0.360487, -2.049906, 5952.0, 0.045901, 1.76093, 4.087902, -2.595736, -13.385644, 6150.0, 0.047513, 1.800423, 4.052467, -2.620701, -14.47137
1,0,50,28325.0, 0.30773, 10.193882, 11.711542, -13.755039, -40.837611, 44757.0, 0.546864, 16.646018, 24.668279, -16.912749, -34.684911, 2817.0, 0.020792, 0.130241, 1.890023, -3.067026, -10.565803, 27764.0, 0.296089, 11.358364, 17.731329, -13.158182, -41.815431, 46065.0, 0.512956, 20.519511, 34.541081, -17.743661, -32.313645, 2702.0, 0.020464, 0.387319, 2.81069, -1.624108, -5.503076, 828.0, 0.005885, 0.727063, 1.747091, -0.449256, -2.643072, 6034.0, 0.04645, 1.439427, 4.324495, -2.863848, -13.325746, 6123.0, 0.047205, 2.041024, 4.132054, -2.801547, -13.710688
1,0,50,28569.0, 0.311515, 8.76121, 28.671989, -13.493135, -43.556599, 51879.0, 0.691287, 14.090608, 22.201948, -16.232487, -41.0827, 2049.0, 0.015042, 0.643317, 2.308206, -1.029527, -3.84532, 28599.0, 0.307589, 9.147351, 24.559857, -13.085492, -43.608848, 53594.0, 0.650026, 15.526289, 37.142854, -17.798048, -33.395687, 2817.0, 0.02136, 0.977248, 2.873817, -1.459383, -6.076078, 957.0, 0.006811, 0.285551, 1.669155, -0.522339, -2.901752, 6108.0, 0.047033, 1.766352, 4.472056, -2.9496, -13.7398, 6236.0, 0.048105, 1.821911, 4.348179, -2.775713, -13.702247
1,0,50,28682.0, 0.312979, 8.769813, 28.993413, -13.341676, -41.481503, 51469.0, 0.68283, 13.913025, 22.97917, -16.460469, -39.109152, 1844.0, 0.013527, 0.630345, 2.460774, -1.02975, -3.574528, 28665.0, 0.308518, 9.264467, 24.956116, -13.54539, -43.55013, 53751.0, 0.65373, 15.7366, 35.881241, -17.865158, -37.055726, 2818.0, 0.021373, 0.946437, 3.566033, -1.448348, -6.075595, 830.0, 0.005903, 0.321055, 2.025694, -0.475547, -3.325179, 6031.0, 0.046413, 1.723658, 4.326843, -2.871659, -13.442697, 6267.0, 0.04833, 1.796849, 4.523792, -2.85257, -13.740677
1,0,50,28593.0, 0.311549, 8.927723, 32.022638, -12.444275, -34.770776, 51509.0, 0.683361, 13.59284, 26.383879, -18.191155, -28.727188, 1878.0, 0.013776, 0.676462, 4.022743, -0.887694, -3.969988, 28555.0, 0.30668, 9.40787, 28.528632, -12.466046, -36.842133, 53826.0, 0.65524, 15.903, 43.577447, -19.752447, -30.688037, 2776.0, 0.021031, 0.967726, 2.889375, -1.302652, -4.747333, 734.0, 0.005217, 0.268443, 1.739197, -0.351954, -2.288644, 6023.0, 0.046324, 1.761208, 5.072587, -2.677129, -11.560503, 6259.0, 0.048239, 1.81649, 4.596654, -2.658233, -12.037553
1,0,50,29088.0, 0.317409, 14.849277, 54.919102, -0.338749, -2.014072, 57870.0, 0.837518, 18.231852, 69.298244, -5.863192, -7.585601, 1946.0, 0.014279, 0.598494, 4.415719, -1.898813, -2.125112, 29392.0, 0.316567, 14.600763, 50.344076, -1.542081, -2.020471, 58974.0, 0.765906, 24.656458, 84.517053, -4.770034, -5.713201, 2662.0, 0.020144, 0.526336, 4.631589, -6.816594, -1.452495, 638.0, 0.004535, 0.258865, 1.62998, -0.161496, -1.728534, 6004.0, 0.046109, 2.041878, 7.546219, -1.030916, -2.036933, 6236.0, 0.047976, 2.133849, 7.469848, -0.279848, -1.728961
1,0,50,27732.0, 0.301727, 7.905164, 27.298982, -12.418609, -35.441946, 51016.0, 0.684292, 12.113024, 20.631556, -16.164234, -32.891593, 1843.0, 0.013516, 0.599909, 2.845845, -0.923771, -3.377407, 27652.0, 0.295103, 8.329432, 22.524514, -12.143519, -38.333343, 54445.0, 0.675983, 14.978304, 34.769513, -17.909905, -32.042101, 2552.0, 0.019301, 0.821596, 2.439664, -1.319487, -5.451508, 638.0, 0.004534, 0.225817, 1.545514, -0.309569, -2.119768, 5707.0, 0.043764, 1.561596, 3.929392, -2.598129, -12.468655, 5869.0, 0.045086, 1.647661, 4.324347, -2.563844, -12.889027
1,0,50,26834.0, 0.292169, 7.659121, 26.926338, -11.620422, -36.05023, 50531.0, 0.691713, 12.847964, 20.355448, -15.886743, -31.227274, 2052.0, 0.015072, 0.546181, 6.402785, -0.906017, -5.064895, 26757.0, 0.285551, 7.895208, 21.606402, -12.24757, -37.220216, 54004.0, 0.677684, 15.352317, 33.731523, -17.618977, -31.891137, 2626.0, 0.019872, 0.887383, 2.578516, -1.203432, -5.008659, 637.0, 0.004525, 0.293939, 2.016375, -0.282574, -1.586702, 5463.0, 0.041893, 1.58622, 4.818326, -2.503766, -12.911725, 5592.0, 0.04297, 1.668892, 3.934894, -2.514926, -12.209149
1,0,50,26415.0, 0.282097, 8.812428, 10.735559, -12.013803, -38.962615, 40392.0, 0.468541, 9.705343, 16.7078, -14.435507, -29.661419, 3359.0, 0.02451, 0.275675, 2.281755, -2.479692, -6.410764, 26564.0, 0.282503, 8.177462, 15.018143, -12.196729, -40.366713, 40104.0, 0.419854, 11.095792, 21.599771, -14.914167, -29.344667, 3998.0, 0.030127, 0.44811, 2.645195, -2.085412, -8.023584, 1629.0, 0.011537, 0.251791, 1.973096, -0.824882, -3.566421, 6256.0, 0.048464, 1.711114, 3.977287, -2.923543, -14.824005, 6178.0, 0.047831, 1.528107, 4.138226, -2.941281, -14.817832
1,0,50,26621.0, 0.288168, 7.844972, 26.25044, -12.421672, -40.294543, 42879.0, 0.521979, 11.492773, 19.883994, -16.913277, -32.867674, 3222.0, 0.023587, 0.743717, 3.817076, -1.668255, -6.615353, 26830.0, 0.287947, 8.258092, 21.571106, -12.748421, -41.897846, 42835.0, 0.46537, 12.417666, 28.672742, -16.359744, -31.216487, 3896.0, 0.029482, 1.058984, 2.900155, -2.005792, -8.036815, 1453.0, 0.010318, 0.385312, 1.757579, -0.720599, -3.852155, 6362.0, 0.049285, 1.739709, 4.412249, -2.937922, -14.224587, 6260.0, 0.04851, 1.811131, 4.126259, -2.972689, -14.935539
1,0,50,26808.0, 0.292099, 8.098809, 26.408884, -12.06136, -34.365935, 47162.0, 0.609328, 12.764456, 21.111331, -15.430218, -32.008674, 2931.0, 0.021468, 0.798503, 2.918753, -1.500118, -5.172656, 27601.0, 0.299428, 8.629705, 22.085693, -12.018466, -34.699415, 47562.0, 0.546709, 13.852443, 30.819907, -15.991467, -28.172493, 3733.0, 0.028289, 1.108357, 2.859357, -1.829348, -6.714826, 1363.0, 0.009688, 0.409869, 1.872686, -0.619067, -2.595467, 6264.0, 0.048556, 1.865916, 4.166194, -2.736368, -12.412481, 6303.0, 0.048873, 1.897192, 4.26767, -2.679676, -14.738748
1,0,50,27319.0, 0.300097, 8.242901, 26.537501, -12.804462, -41.415308, 49051.0, 0.652882, 13.411001, 22.114255, -15.784501, -33.233279, 3286.0, 0.024154, 0.836443, 3.254681, -1.448069, -5.508696, 27979.0, 0.305081, 8.894083, 22.066339, -12.615366, -41.858624, 49809.0, 0.589219, 14.791404, 31.648003, -15.804554, -34.30025, 3597.0, 0.027274, 1.153577, 3.500755, -1.886773, -8.28433, 1465.0, 0.010437, 0.368297, 1.753769, -0.791076, -4.59613, 6178.0, 0.047831, 1.788711, 4.309492, -2.820837, -14.595962, 6225.0, 0.048239, 1.850052, 4.538616, -2.761768, -15.853211
1,0,50,27107.0, 0.29799, 9.68952, 11.45042, -12.01857, -38.914967, 46215.0, 0.598338, 17.120097, 24.51446, -16.311505, -33.459856, 2810.0, 0.020613, 0.348485, 2.404868, -2.728688, -7.584184, 26968.0, 0.291713, 9.151504, 17.000194, -12.333737, -40.26175, 47487.0, 0.549465, 19.5205, 32.714337, -17.488913, -33.123881, 3489.0, 0.026447, 0.438837, 2.804789, -3.838807, -8.698728, 1082.0, 0.007694, 1.037032, 4.43191, -0.498873, -2.653072, 5904.0, 0.045613, 1.720637, 4.164892, -2.705885, -13.564636, 5876.0, 0.045424, 1.928108, 4.277975, -2.667811, -13.542625
1,0,50,27476.0, 0.302499, 8.093929, 24.630991, -12.476028, -40.649459, 51212.0, 0.703471, 13.764856, 22.468739, -16.313394, -34.914037, 2874.0, 0.021077, 0.786, 3.227856, -1.515875, -5.046062, 27644.0, 0.300331, 8.596519, 22.058815, -12.369266, -41.088301, 52208.0, 0.637312, 15.1767, 33.61782, -17.656095, -34.676061, 3454.0, 0.026182, 1.124275, 3.063355, -1.732933, -7.485283, 1177.0, 0.008373, 0.359183, 2.109254, -0.522382, -2.604241, 5932.0, 0.045802, 1.754576, 4.583452, -2.714244, -14.079321, 6271.0, 0.048507, 1.766182, 4.292397, -2.877689, -14.282759
1,0,50,27433.0, 0.301574, 8.11484, 26.162656, -12.222813, -40.206763, 51085.0, 0.700101, 13.827241, 22.865764, -16.346699, -32.795784, 2643.0, 0.019383, 0.742728, 3.210966, -1.436654, -5.705733, 27623.0, 0.299885, 8.608422, 23.066486, -12.504601, -40.102008, 52817.0, 0.649576, 15.299282, 34.438287, -17.752592, -32.938639, 3454.0, 0.026182, 1.099597, 3.145924, -1.76219, -7.800795, 1082.0, 0.007694, 0.333442, 1.786827, -0.520288, -3.592648, 6072.0, 0.046883, 1.70277, 4.315405, -2.722117, -13.74561, 6045.0, 0.046702, 1.748794, 4.373153, -2.767792, -13.792421
1,0,50,27796.0, 0.306945, 8.036491, 25.075626, -12.590409, -40.77302, 51635.0, 0.711755, 13.796509, 21.620421, -17.050235, -34.04026, 2714.0, 0.019919, 0.771298, 4.622503, -1.580169, -8.151728, 28027.0, 0.305159, 8.581977, 22.914805, -12.570764, -40.612618, 53535.0, 0.662783, 15.445023, 33.913347, -18.207543, -32.150262, 3493.0, 0.026493, 1.085304, 3.841106, -1.77371, -8.6884, 1051.0, 0.007477, 0.302694, 1.861805, -0.592328, -3.412775, 6076.0, 0.046928, 1.718502, 4.504338, -2.793109, -13.981478, 6123.0, 0.047333, 1.781582, 4.371551, -2.669732, -13.497307
1,0,50,27044.0, 0.296636, 9.522087, 11.481803, -11.922284, -39.139466, 46424.0, 0.601667, 16.807074, 25.179916, -16.248769, -39.10051, 2509.0, 0.018396, 0.18366, 8.965113, -4.723382, -5.09263, 26757.0, 0.287778, 9.579419, 17.430973, -12.135966, -39.782545, 48208.0, 0.562029, 19.48089, 34.754135, -17.699675, -34.500178, 3344.0, 0.025334, 0.516449, 2.78754, -2.360351, -9.771615, 1052.0, 0.007486, 2.98756, 1.768278, -0.548187, -3.25568, 5765.0, 0.044419, 1.969143, 4.206025, -2.574282, -13.332112, 5850.0, 0.045128, 1.541165, 4.070704, -2.637409, -13.313072
1,0,50,27458.0, 0.301624, 8.1139, 25.981002, -12.167133, -40.380072, 52016.0, 0.721222, 14.018644, 22.48569, -17.038396, -35.132789, 2928.0, 0.021539, 0.714539, 3.256798, -1.384292, -7.173273, 27627.0, 0.299058, 8.656132, 22.375083, -12.360699, -42.50104, 53926.0, 0.671473, 15.537731, 34.058487, -17.76521, -34.616733, 3414.0, 0.025864, 1.066063, 2.774655, -1.729549, -7.50409, 1176.0, 0.008361, 0.453847, 3.684451, -0.472269, -2.568946, 5832.0, 0.044922, 1.696707, 4.584742, -2.659476, -12.881191, 6030.0, 0.04653, 1.782328, 4.127095, -2.64883, -13.35601
1,0,50,27709.0, 0.305064, 8.235926, 25.935563, -13.251899, -47.974985, 51975.0, 0.718125, 13.735542, 23.288248, -17.86014, -40.585013, 2580.0, 0.018931, 0.727363, 3.485784, -1.24928, -5.172328, 27785.0, 0.300987, 8.717646, 21.410854, -13.133809, -47.520335, 54003.0, 0.673077, 15.627278, 34.153231, -18.913138, -39.944106, 3381.0, 0.025621, 1.096487, 2.915466, -1.731847, -8.3042, 892.0, 0.006343, 0.281006, 1.698075, -0.483868, -2.570522, 6014.0, 0.046351, 1.706589, 4.207856, -2.765692, -16.13187, 6104.0, 0.047115, 1.763136, 4.357903, -2.690723, -15.900166
1,0,50,27509.0, 0.301736, 8.035779, 24.906267, -11.452332, -40.731137, 52059.0, 0.718442, 14.063577, 22.726735, -17.104605, -31.577546, 2477.0, 0.018166, 0.716564, 3.489621, -1.221304, -7.059978, 27588.0, 0.297779, 8.601433, 24.631295, -11.570976, -39.699479, 53991.0, 0.67163, 15.722376, 37.306083, -18.720599, -31.49896, 3338.0, 0.025267, 1.056654, 3.521076, -1.605455, -7.172382, 796.0, 0.005656, 0.321715, 1.807887, -0.410642, -2.156837, 5933.0, 0.045686, 1.672755, 4.448219, -2.658933, -13.563115, 5983.0, 0.046126, 1.735633, 4.395761, -2.57569, -13.616325
1,0,50,27533.0, 0.301774, 9.481497, 12.241708, -11.43985, -34.729115, 50170.0, 0.676711, 16.877847, 24.545769, -16.048985, -32.816323, 2717.0, 0.019951, 0.29572, 5.093088, -2.966384, -4.903089, 27235.0, 0.292711, 9.681308, 16.814242, -11.733942, -36.078935, 52161.0, 0.634971, 20.494358, 35.089592, -16.550888, -29.100989, 3333.0, 0.025215, 0.4999, 3.072699, -2.06112, -7.411598, 828.0, 0.005885, 0.526945, 2.573901, -0.407608, -2.165218, 5778.0, 0.044439, 1.267003, 4.083813, -2.675019, -11.646815, 5902.0, 0.045461, 1.541567, 4.050206, -2.689095, -11.907463
1,0,50,27740.0, 0.30427, 7.711419, 22.685767, -11.784892, -35.245349, 52313.0, 0.722795, 12.936126, 19.006017, -15.20827, -28.839988, 2580.0, 0.018931, 0.718763, 2.530339, -1.245446, -4.470354, 27614.0, 0.297417, 8.089802, 18.969601, -12.360077, -37.713419, 54290.0, 0.676654, 14.854502, 29.806392, -16.536935, -28.679869, 3335.0, 0.025237, 0.974098, 2.542251, -1.616709, -6.513608, 860.0, 0.006114, 0.28792, 2.520581, -0.431206, -3.398773, 5845.0, 0.044941, 1.555327, 3.661935, -2.690034, -11.883992, 5937.0, 0.04573, 1.620951, 3.56308, -2.948088, -14.879466
1,0,50,28200.0, 0.309316, 8.000645, 25.545141, -12.856353, -37.727265, 53362.0, 0.739014, 13.921458, 22.299217, -16.886127, -34.020203, 2441.0, 0.017893, 0.688569, 2.989558, -1.119997, -5.422114, 27863.0, 0.299886, 8.556638, 21.621424, -11.943674, -38.468352, 54999.0, 0.688822, 15.795229, 35.447495, -18.323479, -33.152571, 3333.0, 0.025215, 1.045811, 3.298943, -1.52069, -6.287963, 828.0, 0.005884, 0.342383, 2.003745, -0.330579, -1.947286, 5837.0, 0.044853, 1.731346, 4.24363, -2.564038, -12.312955, 6143.0, 0.047303, 1.733172, 4.069717, -2.555712, -12.396532
1,0,50,28333.0, 0.311701, 8.011215, 23.444643, -12.508327, -40.718888, 52605.0, 0.725126, 12.822397, 19.701633, -17.698266, -33.73295, 2825.0, 0.020771, 0.709319, 3.000789, -1.511491, -6.238251, 28039.0, 0.302647, 8.5305, 19.342209, -12.869891, -41.624544, 54731.0, 0.683471, 14.95183, 30.768753, -18.85618, -33.286217, 4058.0, 0.030787, 0.997914, 5.37009, -1.747354, -7.927729, 860.0, 0.006114, 0.255554, 3.79004, -0.456446, -2.114713, 5964.0, 0.045911, 1.586826, 3.871008, -2.804229, -13.273369, 6049.0, 0.046621, 1.622251, 4.312993, -2.831669, -13.518991
1,0,50,27533.0, 0.301774, 9.481497, 12.241708, -11.43985, -34.729115, 50170.0, 0.676711, 16.877847, 24.545769, -16.048985, -32.816323, 2717.0, 0.019951, 0.29572, 5.093088, -2.966384, -4.903089, 27235.0, 0.292711, 9.681308, 16.814242, -11.733942, -36.078935, 52161.0, 0.634971, 20.494358, 35.089592, -16.550888, -29.100989, 3333.0, 0.025215, 0.4999, 3.072699, -2.06112, -7.411598, 828.0, 0.005885, 0.526945, 2.573901, -0.407608, -2.165218, 5778.0, 0.044439, 1.267003, 4.083813, -2.675019, -11.646815, 5902.0, 0.045461, 1.541567, 4.050206, -2.689095, -11.907463
1,0,50,27672.0, 0.303298, 7.711419, 22.685767, -11.784892, -35.245349, 52313.0, 0.722795, 12.936126, 19.006017, -14.335121, -28.839988, 2441.0, 0.017893, 0.718763, 2.530339, -1.245446, -4.470354, 27614.0, 0.297417, 8.089802, 18.969601, -12.360077, -37.713419, 54290.0, 0.676654, 14.854502, 29.806392, -15.801728, -28.679869, 3261.0, 0.024663, 0.974098, 2.542251, -1.616709, -6.513608, 860.0, 0.006114, 0.28792, 1.629956, -0.431206, -3.398773, 5845.0, 0.044941, 1.555327, 3.661935, -2.690034, -11.883992, 5937.0, 0.04573, 1.620951, 3.56308, -2.948088, -14.879466
1,0,50,28057.0, 0.308665, 8.011215, 23.444643, -9.953241, -7.38709, 52227.0, 0.719916, 12.822397, 19.701633, -15.20827, -19.522986, 2547.0, 0.018689, 0.709319, 2.817965, -0.963917, -2.542331, 27859.0, 0.300704, 8.5305, 19.342209, -10.100866, -6.926712, 54552.0, 0.681236, 14.95183, 30.768753, -16.536935, -21.307169, 3373.0, 0.025532, 0.997914, 2.524448, -1.104209, -1.846784, 797.0, 0.005665, 0.255554, 2.520581, -0.304999, -1.527917, 5929.0, 0.045641, 1.586826, 3.871008, -1.810808, -2.314625, 6049.0, 0.046621, 1.622251, 4.312993, -1.807452, -2.046016
1,0,50,28062.0, 0.307802, 8.000645, 25.545141, -12.508327, -40.718888, 52352.0, 0.719131, 13.921458, 22.299217, -17.698266, -33.73295, 2825.0, 0.020771, 0.688569, 3.000789, -1.511491, -6.238251, 27773.0, 0.298917, 8.556638, 21.621424, -12.869891, -41.624544, 54653.0, 0.681833, 15.795229, 35.447495, -18.85618, -33.286217, 4058.0, 0.030787, 1.045811, 5.37009, -1.747354, -7.927729, 860.0, 0.006114, 0.342383, 3.79004, -0.456446, -2.114713, 5732.0, 0.044046, 1.731346, 4.24363, -2.804229, -13.273369, 5933.0, 0.045686, 1.733172, 4.069717, -2.831669, -13.518991
1,0,50,25973.0, 0.274884, 8.34151, 10.701558, -11.326907, -33.766683, 44536.0, 0.548764, 9.795171, 14.691823, -14.444056, -28.172248, 3419.0, 0.024935, 0.345843, 2.110134, -4.186808, -6.238931, 25711.0, 0.270079, 8.821085, 15.788439, -11.220582, -34.980017, 44805.0, 0.497027, 11.706853, 20.927306, -15.180068, -29.541641, 4267.0, 0.032136, 0.498289, 3.219211, -4.554281, -7.979027, 2009.0, 0.01426, 0.47003, 2.411154, -1.138738, -5.862958, 6217.0, 0.047887, 1.40189, 3.870398, -3.130032, -13.685676, 6139.0, 0.047258, 1.98769, 4.735622, -2.861159, -13.586915
1,0,50,25902.0, 0.274322, 7.767102, 26.281203, -11.683057, -34.301021, 46893.0, 0.596664, 11.920832, 19.517272, -14.73977, -29.11132, 3234.0, 0.023616, 0.831724, 2.831442, -1.551604, -5.80738, 26277.0, 0.277151, 7.804521, 19.577505, -11.80806, -34.093842, 47207.0, 0.538229, 13.083078, 29.118136, -15.900817, -29.485625, 3995.0, 0.030096, 1.091754, 3.043908, -1.994758, -8.106785, 1512.0, 0.010725, 0.378094, 1.676931, -0.725116, -2.833259, 6127.0, 0.047124, 1.684518, 4.171708, -2.872696, -13.154155, 6243.0, 0.048059, 1.744919, 4.198475, -2.848617, -12.795372
1,0,50,26724.0, 0.286204, 8.538368, 27.438527, -11.292104, -34.349955, 49941.0, 0.66328, 14.922611, 25.614943, -15.671146, -30.188697, 3218.0, 0.023546, 0.874617, 3.242223, -1.454614, -5.128711, 26748.0, 0.284067, 8.8945, 23.586047, -11.246702, -35.454575, 50427.0, 0.598618, 15.782992, 37.840303, -16.787022, -29.867842, 3975.0, 0.029996, 1.291225, 3.425239, -1.860005, -7.891543, 1325.0, 0.0094, 0.423862, 1.845969, -0.64747, -3.733838, 6197.0, 0.047662, 1.928711, 4.636684, -2.659457, -13.493503, 6205.0, 0.047752, 1.952171, 5.195227, -2.632128, -12.935698
1,0,50,26963.0, 0.289788, 8.015114, 23.799341, -10.071557, -34.382637, 51513.0, 0.698747, 13.461589, 21.728175, -15.5355, -28.082949, 2917.0, 0.021322, 0.844931, 3.008288, -1.151339, -5.043808, 26967.0, 0.286788, 8.256654, 20.054283, -10.062022, -35.479185, 52559.0, 0.640409, 15.174914, 32.110175, -16.633524, -27.184345, 3983.0, 0.030081, 1.237163, 3.277797, -1.404367, -8.106174, 1233.0, 0.008752, 0.397983, 1.725274, -0.546029, -2.54412, 6150.0, 0.047258, 1.73343, 4.004748, -2.285988, -12.818309, 6271.0, 0.048246, 1.802524, 4.108467, -2.291755, -12.962506
1,0,50,27274.0, 0.293967, 8.820953, 11.151807, -12.705795, -38.012752, 51222.0, 0.690901, 15.584164, 22.803747, -16.69331, -32.774604, 3088.0, 0.022595, 0.853989, 4.769921, -1.788424, -8.784844, 26971.0, 0.286435, 9.129242, 15.706286, -12.245033, -36.972575, 52707.0, 0.642807, 18.601291, 29.073968, -18.131185, -32.564701, 4016.0, 0.030322, 1.162, 2.860859, -2.041687, -8.094578, 1265.0, 0.008983, 0.34733, 3.657203, -0.682739, -2.824162, 5940.0, 0.04551, 2.944608, 3.899444, -2.815198, -12.853211, 6066.0, 0.046558, 1.79089, 4.232468, -2.982171, -13.269731
1,0,50,27410.0, 0.295433, 7.814718, 23.908902, -11.89198, -36.030449, 52430.0, 0.713615, 13.253227, 23.877517, -16.136108, -31.293873, 3212.0, 0.023485, 0.852798, 3.01229, -1.554264, -5.511849, 27146.0, 0.288692, 8.248482, 20.735376, -11.856172, -35.858726, 54160.0, 0.668609, 15.402659, 31.665366, -17.27743, -30.840892, 4114.0, 0.031045, 1.189746, 2.713212, -2.030601, -9.234934, 1326.0, 0.009412, 0.391944, 1.937789, -0.657961, -3.32711, 5970.0, 0.045726, 1.641101, 4.178711, -2.74991, -13.372081, 6135.0, 0.047087, 1.730823, 4.12594, -2.715362, -13.007394
1,0,50,27301.0, 0.293629, 8.144913, 23.500825, -12.030507, -39.1568, 51636.0, 0.692608, 13.775214, 23.342509, -16.176352, -31.471352, 3925.0, 0.028705, 1.145079, 3.522523, -1.821879, -13.917769, 27152.0, 0.287957, 8.512299, 20.761495, -11.970359, -36.024277, 53184.0, 0.646237, 15.5278, 33.33343, -17.238824, -29.52857, 4481.0, 0.033776, 1.386818, 3.725175, -2.58906, -9.470615, 1574.0, 0.011165, 0.498064, 4.140195, -0.766703, -3.015929, 5959.0, 0.045602, 1.753869, 4.49146, -2.807506, -13.193315, 6082.0, 0.046612, 1.763044, 4.309213, -2.699582, -12.861476
1,0,50,27305.0, 0.293255, 8.075583, 23.658253, -11.70011, -34.777183, 50242.0, 0.66154, 13.306226, 21.197603, -16.478327, -29.880345, 3850.0, 0.028121, 1.129773, 3.553375, -1.663011, -6.800176, 27046.0, 0.28624, 8.329409, 20.987275, -11.690711, -32.641916, 51507.0, 0.614136, 14.64646, 30.563224, -16.61787, -24.867634, 4441.0, 0.033456, 1.380847, 3.541543, -1.816667, -8.564593, 1666.0, 0.011815, 0.551279, 2.422965, -0.684607, -2.813532, 5914.0, 0.045218, 1.680442, 5.091485, -2.261537, -12.897364, 6185.0, 0.047401, 1.759835, 4.383889, -2.270957, -12.493213
1,0,50,29396.0, 0.292027, 9.294002, 29.450906, -14.14915, -45.593842, 42715.0, 0.450219, 12.723445, 20.556885, -18.068426, -33.860453, 2827.0, 0.020397, 0.865844, 9.783407, -1.534102, -5.726546, 28912.0, 0.28519, 9.666695, 27.529219, -14.22822, -44.233686, 40118.0, 0.393433, 10.447919, 22.011153, -18.133585, -33.354087, 3201.0, 0.023676, 0.547551, 2.692929, -3.935732, -7.345599, 1171.0, 0.008231, 0.385858, 1.657815, -0.62447, -2.828424, 6682.0, 0.050437, 1.816653, 4.520484, -3.139139, -15.901902, 6753.0, 0.050988, 7.958227, 4.647426, -3.00735, -15.126766
1,0,50,29386.0, 0.296747, 14.288472, 35.287526, -13.707631, -41.934817, 80322.0, 1.488823, 28.506137, 42.882892, -18.185703, -33.003568, 3052.0, 0.022031, 1.026896, 5.052164, -1.541655, -6.152349, 29501.0, 0.297539, 13.567581, 33.628262, -13.036014, -41.608088, 65410.0, 0.874465, 27.825306, 57.555236, -18.907194, -30.519658, 3789.0, 0.028099, 1.197188, 3.80406, -2.104282, -8.299383, 1849.0, 0.013025, 0.564742, 2.887973, -1.037215, -4.306505, 7921.0, 0.060599, 2.403122, 6.289586, -3.637752, -17.306953, 8262.0, 0.063356, 2.543226, 6.238184, -3.777864, -16.677806
1,0,50,29961.0, 0.30274, 10.487009, 37.066572, -14.186039, -42.597062, 54812.0, 0.647276, 17.479404, 33.959948, -17.731645, -31.816505, 2743.0, 0.019824, 0.705904, 3.331381, -1.394029, -5.871984, 30295.0, 0.300778, 10.317457, 33.258165, -13.459446, -42.904039, 52820.0, 0.582835, 17.347033, 45.82788, -17.624926, -26.400963, 3624.0, 0.026882, 1.08686, 3.72581, -1.889304, -8.583374, 1424.0, 0.010033, 0.584593, 3.537052, -0.805173, -4.013006, 7898.0, 0.059869, 2.358256, 6.528506, -3.425728, -17.206896, 8113.0, 0.061568, 2.415478, 6.433881, -3.413954, -16.662913
1,0,50,29585.0, 0.298757, 10.32467, 19.492723, -13.497259, -42.027211, 63000.0, 0.819054, 17.095549, 33.124644, -17.764348, -30.522222, 2740.0, 0.01989, 0.546563, 2.86341, -1.213454, -6.196726, 30835.0, 0.30779, 10.126053, 25.656408, -13.740781, -42.668563, 60624.0, 0.73063, 17.344188, 45.180109, -17.836129, -27.775959, 3505.0, 0.026048, 0.937062, 4.025128, -1.878973, -8.581619, 1273.0, 0.008973, 0.356539, 1.84034, -0.689469, -4.10773, 7390.0, 0.055734, 2.245549, 5.821179, -3.417616, -14.89728, 7543.0, 0.056968, 2.397432, 5.855193, -3.404789, -15.950789
1,0,50,29565.0, 0.296727, 13.183101, 42.542143, -13.563773, -42.144711, 54494.0, 0.630542, 29.131736, 47.315062, -18.192812, -32.00458, 2078.0, 0.015044, 0.80961, 2.380539, -1.066463, -4.475845, 30901.0, 0.305887, 12.696925, 37.294968, -14.00995, -43.213327, 52928.0, 0.579683, 31.596979, 46.496944, -18.136287, -26.973433, 3337.0, 0.0248, 0.762339, 3.156786, -1.755502, -7.594255, 1182.0, 0.008335, 0.322998, 1.849582, -0.73275, -3.939339, 7391.0, 0.055634, 3.513467, 5.84449, -3.359048, -16.812954, 7575.0, 0.057098, 2.4518, 5.280089, -3.446203, -16.090003
1,0,50,29540.0, 0.295936, 11.362344, 39.005442, -13.538839, -40.35305, 54184.0, 0.619281, 18.16616, 38.327705, -18.19254, -30.88578, 1760.0, 0.01276, 0.478214, 2.421543, -1.024418, -4.455841, 31000.0, 0.306146, 10.873008, 36.217839, -13.907366, -42.807835, 52444.0, 0.568937, 18.019355, 49.282036, -18.17496, -25.717887, 3066.0, 0.022786, 0.993642, 3.247727, -1.597559, -8.456194, 1186.0, 0.008375, 0.383803, 2.989323, -0.536415, -3.572306, 7235.0, 0.054369, 2.31719, 6.367288, -3.361293, -15.96455, 7419.0, 0.055829, 2.326466, 5.971925, -3.380952, -16.067029
1,0,50,29604.0, 0.297119, 11.066169, 40.549436, -13.285611, -42.294282, 53925.0, 0.613837, 17.817149, 36.784039, -18.040548, -28.933596, 1699.0, 0.01233, 0.446654, 6.251487, -1.285792, -9.192139, 31096.0, 0.307273, 10.594566, 36.137969, -13.702447, -42.194802, 52317.0, 0.567147, 17.666896, 46.772598, -17.998076, -26.839938, 2830.0, 0.021037, 0.965475, 3.757484, -1.429832, -7.332703, 1059.0, 0.00747, 0.450052, 3.213914, -0.436686, -3.474436, 7203.0, 0.054129, 2.176004, 6.046139, -3.20522, -16.586332, 7387.0, 0.055588, 2.258426, 5.999461, -3.190597, -16.371958
1,0,50,29747.0, 0.2991, 7.947096, 5.486924, -13.31596, -43.554607, 68701.0, 0.93936, 17.41738, 16.933387, -18.317107, -29.655249, 1400.0, 0.01015, 0.301126, 2.421179, -0.64094, -3.33911, 31731.0, 0.315411, 8.269087, 6.21221, -13.855186, -41.622218, 63678.0, 0.786109, 15.302043, 10.301806, -18.11908, -25.843223, 2839.0, 0.021132, 0.773347, 2.223597, -1.406806, -6.29545, 938.0, 0.006622, 0.388147, 3.785128, -0.375544, -2.923919, 7240.0, 0.054422, 2.035347, 3.306033, -3.291708, -15.655684, 7534.0, 0.056757, 2.114245, 4.403854, -3.328688, -15.645904
1,0,50,29312.0, 0.292412, 10.889645, 29.131416, -12.721589, -36.879317, 54074.0, 0.613077, 17.846779, 37.519169, -18.22109, -27.722651, 1171.0, 0.0085, 0.344839, 3.090869, -0.520834, -3.467528, 30698.0, 0.301052, 10.459055, 32.978989, -13.533857, -37.591885, 51757.0, 0.556264, 17.218344, 46.516931, -17.775761, -24.994111, 2394.0, 0.017825, 0.656551, 2.494919, -1.213607, -5.487507, 596.0, 0.004208, 0.311079, 2.929312, -0.285027, -2.29511, 6812.0, 0.051078, 2.024016, 6.395842, -3.088288, -14.804962, 7096.0, 0.053295, 2.129166, 6.100895, -3.099499, -14.446551
1,0,50,28997.0, 0.288924, 11.589888, 45.243618, -13.204598, -39.102012, 54175.0, 0.61471, 18.74421, 46.650719, -18.208935, -29.77164, 837.0, 0.006067, 0.385468, 3.082821, -0.544706, -3.960383, 30698.0, 0.301052, 11.099691, 42.567813, -13.553925, -41.17526, 52118.0, 0.562143, 18.464954, 55.09274, -18.057387, -25.102297, 2183.0, 0.016241, 0.693603, 2.414599, -1.038922, -5.428073, 439.0, 0.003097, 0.202747, 2.377647, -0.205143, -1.853392, 6780.0, 0.050838, 2.189572, 6.518472, -3.047892, -14.191108, 7004.0, 0.052619, 2.259319, 5.995526, -3.325625, -14.880477
1,0,100,30026.0, 0.299356, 9.120678, 38.955647, -14.697622, -40.069503, 54505.0, 0.616001, 17.368046, 23.088072, -19.305272, -29.153628, 1337.0, 0.009703, 0.305126, 4.01285, -5.833427, -3.414344, 31573.0, 0.310172, 6.524017, 36.203271, -14.463318, -43.15519, 51995.0, 0.557235, 16.104617, 41.27036, -18.157515, -25.452063, 2918.0, 0.021756, 0.160078, 2.13481, -5.120427, -6.011065, 751.0, 0.0053, 0.305505, 1.983116, -0.351487, -2.127465, 7204.0, 0.054032, 2.971951, 5.001945, -3.447704, -15.14418, 7387.0, 0.05548, 3.40871, 4.281345, -3.413745, -15.203853
1,0,100,30130.0, 0.295996, 12.716032, 48.447943, -13.034765, -39.974713, 55412.0, 0.62281, 26.032431, 44.384945, -18.701075, -28.432715, 1138.0, 0.008257, 0.367596, 4.208672, -1.764201, -5.516668, 31199.0, 0.302164, 12.935857, 41.063888, -13.532227, -42.084814, 51671.0, 0.548752, 28.07305, 52.847345, -17.972284, -24.743498, 2280.0, 0.016944, 0.348848, 2.086647, -2.056646, -4.999256, 783.0, 0.005529, 0.367654, 3.78824, -0.71044, -3.817757, 7145.0, 0.053501, 1.591314, 6.074238, -3.218966, -14.256608, 7401.0, 0.055525, 3.716202, 6.764858, -3.209186, -14.878992
1,0,100,31179.0, 0.308459, 11.916929, 44.582798, -13.716601, -39.047352, 55751.0, 0.627113, 19.969566, 48.876333, -18.955682, -27.98584, 936.0, 0.006784, 0.401472, 2.870015, -0.462439, -3.943586, 31887.0, 0.310572, 11.180214, 39.459215, -13.748856, -41.643582, 51620.0, 0.547071, 18.624099, 55.905967, -18.076846, -24.880989, 2252.0, 0.016754, 0.584876, 2.594451, -1.092915, -5.525856, 723.0, 0.005109, 0.318534, 2.587215, -0.413153, -4.613087, 7159.0, 0.05365, 2.273192, 6.58409, -3.142558, -15.486895, 7342.0, 0.055097, 2.317568, 6.405549, -3.252624, -15.100349
1,0,100,31528.0, 0.312648, 11.892093, 29.95288, -12.698083, -35.000088, 50390.0, 0.534404, 19.211502, 46.406406, -21.010942, -30.876196, 1141.0, 0.008289, 0.693574, 8.445092, -0.622257, -4.51555, 32089.0, 0.312719, 11.299447, 36.49456, -13.51861, -36.504164, 45735.0, 0.456246, 18.042246, 53.749435, -19.802066, -29.334045, 2222.0, 0.016548, 0.550391, 2.262256, -1.113513, -5.08487, 566.0, 0.003999, 0.261276, 1.951147, -0.30184, -2.568514, 7127.0, 0.053411, 2.165011, 6.614316, -3.262698, -13.852104, 7305.0, 0.054804, 2.215888, 6.434089, -3.259369, -13.613
1,0,100,32022.0, 0.318874, 12.219994, 47.985136, -12.978358, -39.644602, 56489.0, 0.639435, 19.563348, 49.526898, -20.317013, -30.456108, 1647.0, 0.011997, 0.65028, 7.080425, -0.921709, -8.47047, 32709.0, 0.320588, 11.51384, 40.275502, -13.803807, -42.124413, 51801.0, 0.549368, 18.116941, 55.25265, -19.232605, -25.007845, 2120.0, 0.015793, 0.584987, 2.486235, -0.945802, -5.404298, 566.0, 0.003999, 0.263822, 2.279117, -0.211195, -2.47894, 7204.0, 0.054032, 2.191643, 6.721291, -3.219766, -14.173854, 7424.0, 0.055774, 2.2666, 6.799045, -3.354033, -14.220661
1,0,100,31762.0, 0.316285, 12.934804, 51.142479, -13.019368, -39.277017, 56200.0, 0.635157, 20.866473, 54.990693, -19.258069, -30.437285, 1314.0, 0.009569, 0.398921, 2.548404, -0.833846, -6.966692, 32651.0, 0.319838, 12.080268, 47.507511, -13.763556, -41.464352, 51490.0, 0.544943, 19.300091, 63.538895, -18.089997, -25.106381, 2120.0, 0.015793, 0.644721, 3.007488, -0.94794, -4.982732, 534.0, 0.003772, 0.352791, 3.51154, -0.210126, -1.817659, 7066.0, 0.052968, 2.317983, 7.906048, -3.105803, -14.700709, 7319.0, 0.054955, 2.475714, 8.134267, -3.08857, -14.609685
1,0,100,31483.0, 0.311833, 12.389363, 38.359502, -12.104324, -32.659607, 49534.0, 0.519622, 19.368103, 48.461625, -16.788888, -23.968287, 1210.0, 0.008799, 0.509455, 3.060157, -0.570262, -4.766662, 31894.0, 0.309587, 11.603397, 42.059403, -12.92284, -35.512881, 44272.0, 0.434926, 17.985299, 53.203293, -15.62134, -20.966263, 1909.0, 0.01421, 0.545087, 2.057534, -0.951047, -4.10434, 566.0, 0.004, 0.273996, 2.237746, -0.214992, -2.054897, 6888.0, 0.051577, 2.133959, 6.466221, -2.926485, -12.725335, 7290.0, 0.054752, 2.184845, 6.204959, -3.053551, -12.786842
1,0,100,30265.0, 0.305057, 10.582637, 39.033469, -14.436314, -45.571572, 60611.0, 0.773543, 19.711506, 32.60971, -17.837028, -32.274891, 3633.0, 0.026275, 0.926703, 4.695014, -1.86934, -6.902492, 30601.0, 0.305089, 10.285096, 35.77394, -13.750341, -42.211882, 59019.0, 0.701847, 19.12757, 54.664153, -18.6949, -27.005651, 4295.0, 0.031877, 1.202785, 3.654816, -2.240338, -9.70957, 1757.0, 0.012374, 0.501268, 2.106577, -0.924963, -4.147689, 8488.0, 0.06471, 2.571994, 6.681985, -3.630749, -16.938308, 8662.0, 0.066075, 2.555976, 6.130939, -3.607657, -17.074099
1,0,100,30973.0, 0.336009, 8.084239, 26.322639, -14.573248, -44.88732, 52848.0, 0.66644, 11.695822, 20.38024, -17.738481, -35.864258, 2186.0, 0.016056, 0.577485, 8.484879, -1.05565, -4.518998, 30451.0, 0.324292, 8.574455, 24.297401, -14.460754, -42.796853, 55269.0, 0.66192, 14.505624, 34.614604, -19.173122, -33.182732, 2874.0, 0.021742, 0.844892, 5.81643, -1.547141, -5.893096, 956.0, 0.006798, 0.317041, 2.625035, -0.453824, -2.543624, 6563.0, 0.050298, 1.588335, 3.923651, -3.282033, -14.276595, 6790.0, 0.052115, 1.667412, 4.21321, -3.241987, -14.342207
1,0,100,30847.0, 0.33513, 10.241427, 11.154118, -13.741927, -42.769944, 45548.0, 0.5407, 19.894116, 29.515266, -16.601087, -32.454739, 2208.0, 0.016185, 0.155155, 3.689313, -3.486511, -5.610992, 30051.0, 0.320705, 11.440493, 14.477312, -13.733748, -43.276281, 46422.0, 0.508428, 22.163486, 29.238455, -17.920063, -32.706754, 3055.0, 0.023125, 0.20928, 2.511914, -5.058536, -6.175328, 1082.0, 0.007694, 0.149949, 1.627356, -0.861374, -4.239206, 6815.0, 0.052524, 1.477043, 4.428783, -3.268926, -14.424321, 6858.0, 0.052888, 2.264059, 4.870639, -3.148086, -14.705073
1,0,100,31677.0, 0.345152, 10.548032, 33.05322, -14.093566, -41.374771, 54478.0, 0.708261, 15.50758, 26.249495, -16.630937, -31.689024, 2529.0, 0.018604, 0.675315, 3.698051, -1.637549, -8.218074, 31373.0, 0.337424, 10.997121, 32.917554, -14.026114, -42.423645, 55368.0, 0.665489, 17.381335, 42.339428, -18.080439, -30.105221, 3020.0, 0.02286, 1.126903, 3.570806, -1.561429, -6.535802, 923.0, 0.00656, 0.353238, 2.36766, -0.41475, -2.26661, 7159.0, 0.055176, 2.139633, 5.199886, -3.136108, -14.379682, 7246.0, 0.055914, 2.175159, 5.56871, -3.123844, -14.112819
1,0,100,31696.0, 0.345107, 10.250126, 32.147823, -14.786286, -43.728349, 53177.0, 0.675942, 15.082641, 26.89577, -17.006013, -36.062268, 2080.0, 0.015262, 0.704869, 3.154884, -1.028673, -4.005057, 31428.0, 0.337294, 10.732608, 28.773378, -14.24137, -42.911171, 55368.0, 0.663106, 16.852792, 42.634744, -18.642814, -32.522075, 3021.0, 0.022874, 1.089111, 3.120707, -1.631323, -6.236226, 861.0, 0.006122, 0.294839, 3.015102, -0.566252, -3.15788, 6991.0, 0.053769, 2.048718, 5.147284, -3.120429, -14.805972, 7190.0, 0.055398, 2.085506, 5.311758, -3.21992, -15.167514
1,0,100,32160.0, 0.349649, 9.926909, 30.764124, -15.235543, -49.766601, 53719.0, 0.680116, 15.068758, 25.021013, -17.962145, -40.109011, 2219.0, 0.016299, 0.6462, 3.036758, -1.300666, -5.480012, 31604.0, 0.337989, 10.29548, 28.602338, -14.946603, -49.724667, 55864.0, 0.669046, 16.916575, 39.790659, -19.275273, -37.754106, 3020.0, 0.02286, 0.998713, 2.946988, -1.555548, -6.62971, 829.0, 0.005894, 0.297047, 1.768216, -0.434835, -2.485837, 6897.0, 0.052952, 2.007527, 4.881369, -3.237152, -17.342499, 7133.0, 0.054877, 2.07268, 4.794414, -3.39014, -17.360353
1,0,100,30367.0, 0.320947, 9.257599, 16.894607, -8.486525, -45.768615, 38711.0, 0.487207, 11.968897, 16.423034, -5.779154, -34.588287, 1725.0, 0.012227, 0.613517, 1.966281, -2.612495, -3.322657, 28902.0, 0.305673, 9.251931, 14.697176, -7.590795, -35.631952, 33989.0, 0.349347, 10.803031, 15.481393, -6.749546, -33.369024, 2362.0, 0.017079, 11.163965, 2.151539, -0.781437, -5.512115, 1014.0, 0.007035, 0.370728, 1.913472, -3.078006, -1.81182, 4445.0, 0.033384, 1.480658, 2.812322, -2.921836, -10.417258, 4438.0, 0.033305, 1.520693, 3.416205, -1.59136, -9.872057
1,0,100,30034.0, 0.301434, 11.252566, 40.409081, -9.682587, -29.296673, 56696.0, 0.770797, 16.457058, 28.340127, -14.843635, -28.991596, 1232.0, 0.008743, 0.375879, 2.234384, -0.914862, -4.369942, 29251.0, 0.293576, 10.787505, 34.105353, -8.923262, -24.542162, 49663.0, 0.563513, 15.754161, 37.300636, -14.568962, -28.123223, 2158.0, 0.015669, 0.758536, 2.513115, -1.039358, -5.105262, 810.0, 0.005628, 0.208761, 1.795495, -0.432215, -1.645854, 6096.0, 0.045937, 1.815375, 5.015734, -1.808413, -11.864904, 6118.0, 0.046064, 1.850088, 4.534348, -1.742228, -11.67951
1,0,100,30053.0, 0.300167, 10.894625, 35.326126, -12.555949, -35.18098, 53472.0, 0.685213, 15.939963, 27.753849, -17.006884, -32.372759, 1372.0, 0.009776, 0.42759, 2.506131, -0.794283, -4.017136, 29156.0, 0.290856, 10.726388, 33.759886, -12.415413, -35.116589, 50591.0, 0.576812, 15.842063, 39.110088, -17.034174, -29.20546, 2181.0, 0.015903, 0.671936, 2.638292, -1.203989, -5.307054, 817.0, 0.005696, 0.224418, 1.4226, -0.490641, -2.882492, 5823.0, 0.043746, 1.821954, 4.575594, -2.569113, -11.345782, 5820.0, 0.043711, 1.825786, 4.506899, -2.521388, -11.652965
1,0,100,30486.0, 0.303942, 9.184874, 50.43833, -14.509318, -48.642712, 53420.0, 0.670356, 14.062321, 26.791456, -20.780305, -42.649735, 1438.0, 0.010256, 0.338864, 2.576227, -0.984755, -5.158413, 29576.0, 0.294341, 9.133691, 40.990875, -14.373599, -48.135065, 51910.0, 0.594255, 14.248007, 39.786942, -21.137554, -41.15927, 2519.0, 0.018399, 0.642525, 2.628279, -1.258503, -6.75613, 850.0, 0.005934, 0.232879, 1.785267, -0.498815, -2.158201, 5898.0, 0.044224, 1.633244, 4.611894, -2.850654, -15.666259, 6000.0, 0.045001, 1.629837, 4.289513, -2.852842, -15.826222
1,0,100,31800.0, 0.323128, 12.655695, 34.852285, -14.711867, -48.20965, 56667.0, 0.708338, 19.420993, 32.581807, -18.212688, -35.823566, 3336.0, 0.023994, 0.564218, 3.408728, -3.549377, -6.749137, 31350.0, 0.31936, 12.028974, 32.483171, -14.775808, -46.817571, 49040.0, 0.530088, 20.394646, 43.270495, -17.517898, -31.731981, 4122.0, 0.030465, 2.408067, 3.419477, -2.146775, -9.982776, 2082.0, 0.014643, 0.604811, 2.13868, -1.004971, -4.274468, 7366.0, 0.056043, 2.005228, 5.249007, -3.409868, -16.666764, 7428.0, 0.056499, 1.594753, 5.486792, -6.393346, -17.252448
1,0,100,32657.0, 0.331631, 11.169633, 43.274301, -14.71089, -52.014092, 53886.0, 0.639119, 16.150698, 30.565597, -17.659321, -40.788529, 3487.0, 0.025159, 0.852276, 3.712887, -1.734094, -7.653012, 32718.0, 0.33414, 11.420804, 40.850353, -14.406945, -51.710088, 48990.0, 0.524294, 16.333701, 48.998947, -17.41464, -37.964066, 4068.0, 0.030105, 1.214599, 3.529864, -2.08844, -9.958544, 1717.0, 0.012066, 0.4965, 1.994597, -0.85046, -4.344118, 7533.0, 0.057199, 2.207692, 6.119531, -3.455296, -17.93672, 7603.0, 0.057747, 2.331582, 5.59932, -3.40097, -17.481919
1,0,100,31593.0, 0.319231, 10.511619, 42.891766, -13.77696, -44.748123, 52325.0, 0.613668, 15.042396, 27.856239, -17.473211, -34.662564, 2813.0, 0.020257, 0.737776, 3.612394, -1.529004, -5.964455, 31616.0, 0.320659, 10.804419, 37.331026, -13.78109, -45.655729, 49241.0, 0.530351, 15.791544, 43.675027, -17.567406, -31.787145, 3601.0, 0.026635, 1.044688, 2.899545, -1.810383, -8.27166, 1476.0, 0.010374, 0.453874, 1.777716, -0.63357, -3.127048, 7026.0, 0.053198, 2.006731, 4.936321, -3.319762, -14.90307, 7134.0, 0.054047, 2.099527, 5.127432, -3.145704, -14.792289
1,0,100,30969.0, 0.310252, 10.222389, 39.493312, -13.991948, -45.447493, 53631.0, 0.634431, 15.642314, 30.109765, -17.98047, -36.2044, 2686.0, 0.019338, 0.713864, 3.888796, -1.507611, -5.78749, 31014.0, 0.311079, 10.659919, 34.891184, -14.109245, -42.403475, 50622.0, 0.551576, 16.650166, 44.310845, -17.82975, -31.698222, 3392.0, 0.025063, 0.97406, 2.825704, -1.791437, -7.69375, 1353.0, 0.009508, 0.376482, 1.887336, -0.700502, -3.120339, 6992.0, 0.052822, 1.996093, 5.254585, -3.146901, -15.019001, 7000.0, 0.052912, 2.02696, 5.066291, -3.127601, -15.103798
1,0,100,30410.0, 0.305766, 10.343018, 39.047972, -14.418116, -41.971067, 53836.0, 0.643041, 15.602712, 31.578982, -18.540933, -34.696976, 2610.0, 0.018849, 0.650921, 2.944451, -1.49814, -6.812622, 30410.0, 0.304465, 10.676806, 35.549489, -13.894205, -42.516401, 51325.0, 0.56549, 16.715345, 42.787488, -17.977971, -30.792855, 3067.0, 0.022685, 0.9082, 2.961601, -1.626274, -7.372872, 1174.0, 0.008259, 0.349737, 2.564201, -0.584795, -2.816476, 6604.0, 0.049807, 1.897191, 5.459043, -3.017242, -14.706364, 6720.0, 0.050738, 1.97782, 6.218478, -3.05726, -14.269543
1,0,100,30699.0, 0.309816, 10.348421, 41.75923, -14.035264, -42.681413, 54147.0, 0.647327, 15.645797, 29.061012, -17.835582, -32.6412, 2154.0, 0.01553, 0.628785, 2.887034, -1.218214, -4.491697, 30746.0, 0.308391, 10.574803, 35.894753, -13.633052, -40.017189, 51630.0, 0.570567, 16.6588, 42.821298, -17.836322, -30.520328, 2969.0, 0.021972, 0.911375, 2.727624, -1.536837, -6.369785, 1113.0, 0.00783, 0.319763, 1.639639, -0.540845, -2.802556, 6670.0, 0.050304, 1.914609, 5.065562, -3.0475, -15.591467, 6786.0, 0.051237, 1.950339, 5.148085, -3.210024, -15.73909
1,0,100,30560.0, 0.30822, 10.159679, 36.603382, -13.971963, -53.21173, 54168.0, 0.646435, 16.196101, 29.0927, -18.250904, -31.542819, 2221.0, 0.016021, 0.601966, 2.836865, -1.127714, -4.022704, 30740.0, 0.307957, 10.48433, 33.560955, -13.881311, -41.981847, 51897.0, 0.574819, 16.837252, 41.94357, -17.948874, -30.675302, 2902.0, 0.021476, 0.850197, 2.651816, -1.479368, -6.496475, 1177.0, 0.008287, 0.306595, 1.760828, -0.539298, -2.912617, 6727.0, 0.050706, 1.899345, 5.540836, -2.859893, -14.244343, 6637.0, 0.050055, 1.992386, 5.126288, -2.858964, -13.698932
1,0,100,32120.0, 0.318518, 10.869747, 43.129823, -13.844983, -39.880444, 54816.0, 0.657668, 15.992276, 29.25991, -17.785501, -31.545153, 1723.0, 0.012384, 0.411808, 2.753661, -1.150979, -6.282834, 31335.0, 0.310367, 10.871806, 36.677546, -13.468865, -41.079889, 53590.0, 0.604703, 16.853724, 40.897696, -18.281679, -30.217492, 2414.0, 0.017713, 0.668182, 2.682513, -1.291168, -6.400678, 766.0, 0.005364, 0.242312, 1.891337, -0.389333, -3.147062, 6298.0, 0.047134, 1.852566, 5.370889, -2.86053, -13.879935, 6366.0, 0.047655, 1.880872, 4.863778, -2.868687, -13.772684
1,0,100,32553.0, 0.323968, 11.143662, 41.352406, -13.496384, -39.659821, 54812.0, 0.654698, 16.326653, 32.698697, -18.038252, -32.901282, 1494.0, 0.010725, 0.438147, 5.268962, -0.824762, -3.603085, 31648.0, 0.314211, 11.269655, 37.168777, -13.515883, -40.408645, 54026.0, 0.611555, 17.453626, 43.865833, -18.458352, -30.30828, 2320.0, 0.01704, 0.678604, 2.718556, -1.172658, -5.729083, 676.0, 0.004737, 0.247806, 1.62562, -0.358502, -2.230609, 6334.0, 0.047416, 1.995297, 5.145239, -2.820359, -13.199247, 6447.0, 0.048315, 1.946588, 5.173335, -2.837218, -13.105531
1,0,100,31859.0, 0.314999, 10.891677, 40.554589, -13.822467, -38.407263, 54824.0, 0.65311, 16.216903, 29.198249, -18.619896, -31.302957, 1304.0, 0.009368, 0.42118, 1.889981, -0.788294, -3.437534, 31386.0, 0.309777, 11.151508, 36.7154, -13.573799, -39.36493, 54112.0, 0.612044, 17.125936, 41.702401, -18.577759, -28.869993, 2152.0, 0.015806, 0.634172, 2.480599, -1.046165, -6.546042, 925.0, 0.006494, 0.234017, 2.344342, -0.483555, -3.896398, 6109.0, 0.045632, 1.811333, 5.031053, -2.579876, -12.9943, 6249.0, 0.046716, 1.875883, 5.210905, -2.657754, -12.272537
1,0,100,31979.0, 0.321542, 13.813961, 12.553993, -15.16486, -45.213277, 46140.0, 0.486986, 26.270767, 41.842134, -18.189327, -31.718221, 2489.0, 0.017993, 0.435169, 2.153338, -1.540233, -5.860193, 32032.0, 0.317835, 14.887162, 16.718981, -14.803252, -44.353439, 43902.0, 0.43902, 24.793421, 39.507863, -17.945185, -28.600986, 3143.0, 0.023278, 0.559832, 2.430094, -1.653786, -7.247762, 1176.0, 0.008277, 0.324591, 2.001096, -0.570002, -2.543054, 7099.0, 0.053436, 2.147318, 4.873169, -3.289074, -15.495383, 7177.0, 0.054068, 2.492425, 5.580346, -3.2481, -15.566955
1,0,100,32854.0, 0.332386, 11.8457, 46.589597, -16.661326, -46.000599, 55327.0, 0.640715, 17.110665, 34.833955, -17.813007, -32.705742, 2261.0, 0.016337, 0.597487, 3.199143, -1.18361, -5.846545, 33594.0, 0.336958, 11.981882, 41.994272, -15.19317, -43.875074, 52413.0, 0.570258, 17.354201, 46.266922, -17.696525, -29.894266, 3046.0, 0.022571, 0.861575, 2.918055, -1.602269, -6.979486, 1148.0, 0.008088, 0.347332, 1.979109, -0.722827, -3.787857, 7348.0, 0.055387, 2.155123, 6.027564, -3.262363, -14.881977, 7496.0, 0.056565, 2.242951, 5.869362, -3.314469, -15.583883
1,0,100,32761.0, 0.332272, 12.018219, 46.97601, -15.259265, -46.466309, 54168.0, 0.618095, 16.732588, 34.205961, -18.367138, -34.971116, 2202.0, 0.015922, 0.556859, 3.37152, -1.11199, -6.212503, 33789.0, 0.339329, 12.116217, 44.242521, -15.138767, -46.899717, 52204.0, 0.566333, 17.609879, 48.806229, -18.296462, -30.427881, 2950.0, 0.021877, 0.846145, 3.300444, -1.512588, -6.581966, 963.0, 0.006784, 0.286666, 1.94693, -0.537995, -3.032756, 7209.0, 0.054309, 2.115491, 6.182213, -3.375167, -15.254054, 7357.0, 0.055486, 2.153101, 6.060152, -3.314856, -16.14928
1,0,100,32907.0, 0.334377, 12.240172, 45.913851, -14.367394, -46.9975, 54216.0, 0.617649, 17.191775, 33.71949, -17.908182, -31.005456, 1879.0, 0.01359, 0.572331, 3.032311, -0.905717, -4.304135, 33960.0, 0.341255, 12.198194, 41.773999, -14.435634, -47.351923, 52398.0, 0.569265, 17.801463, 48.63328, -18.079823, -27.783511, 2888.0, 0.021434, 0.86842, 2.705062, -1.562613, -7.181999, 839.0, 0.005909, 0.26429, 1.976672, -0.409455, -2.581229, 7136.0, 0.053729, 2.11, 6.548753, -3.170544, -15.365651, 7390.0, 0.055734, 2.223059, 6.135048, -3.204475, -14.807313
1,0,100,30839.0, 0.33407, 9.404854, 27.18766, -13.757323, -45.963364, 50912.0, 0.616376, 15.610021, 27.185738, -15.689221, -32.424532, 1409.0, 0.010246, 0.380923, 1.906959, -0.71872, -3.571765, 30582.0, 0.326142, 9.919404, 30.498849, -13.523345, -43.988054, 54506.0, 0.645347, 16.782036, 41.194401, -18.012134, -30.025576, 2113.0, 0.015716, 0.606877, 2.446178, -1.073355, -4.473395, 595.0, 0.004198, 0.175481, 2.526785, -0.313396, -2.02906, 5966.0, 0.045198, 1.77139, 4.768626, -2.740444, -14.112053, 6221.0, 0.047197, 1.771593, 4.514723, -2.736606, -15.28137
1,0,100,30321.0, 0.328936, 8.953998, 27.374374, -13.727092, -41.202792, 50405.0, 0.611912, 14.15107, 23.26537, -15.979548, -31.262511, 1210.0, 0.008799, 0.369764, 2.524968, -0.60134, -3.534933, 30094.0, 0.321164, 9.407937, 26.967825, -13.709397, -41.359926, 54712.0, 0.653504, 15.871404, 35.718014, -18.517855, -29.993524, 2121.0, 0.015805, 0.561568, 2.452826, -1.013314, -4.199738, 628.0, 0.004435, 0.251524, 2.593695, -0.248568, -1.739414, 5872.0, 0.044511, 1.617025, 4.423648, -2.707157, -12.871971, 5955.0, 0.045192, 1.689062, 4.635767, -2.760459, -13.59816
1,0,100,30981.0, 0.337076, 9.495828, 29.377567, -13.756212, -42.589376, 51705.0, 0.631758, 14.734006, 25.666637, -16.165327, -32.354641, 1386.0, 0.010108, 0.38807, 1.940485, -0.753489, -5.080596, 30717.0, 0.328503, 10.009265, 28.151197, -13.468305, -41.876551, 55874.0, 0.672168, 16.582557, 38.57536, -18.2862, -28.984081, 2057.0, 0.015344, 0.602377, 2.35294, -1.191397, -4.54561, 440.0, 0.003108, 0.172382, 1.63353, -0.236218, -1.767562, 6048.0, 0.045871, 1.704227, 4.667144, -2.679623, -12.488357, 6127.0, 0.04651, 1.770801, 4.571404, -2.699864, -12.685366
1,0,100,30371.0, 0.330439, 11.127941, 13.585988, -13.207569, -42.320708, 50566.0, 0.618416, 20.040361, 31.024807, -15.868981, -30.60827, 1592.0, 0.011628, -0.02656, 1.61278, -4.193777, -5.824468, 30097.0, 0.321645, 10.261098, 17.12776, -13.079228, -41.202729, 54652.0, 0.653365, 22.91975, 39.378468, -18.161297, -29.263893, 2060.0, 0.015375, 0.074553, 2.342555, -4.014387, -4.39349, 472.0, 0.003336, 0.124337, 1.731751, -1.382735, -1.486211, 6097.0, 0.046296, 1.171872, 4.102021, -2.759151, -13.264499, 6218.0, 0.047282, 2.169544, 4.582697, -2.681476, -12.974215
1,0,100,31371.0, 0.341319, 9.654549, 28.858963, -13.866711, -44.061425, 52520.0, 0.64471, 15.091432, 26.860935, -16.135093, -31.011909, 1893.0, 0.01383, 0.578334, 5.383614, -0.693369, -5.067043, 31165.0, 0.33353, 10.209723, 28.681494, -13.673599, -44.180628, 56504.0, 0.682209, 16.864463, 37.257808, -18.528739, -28.886262, 2065.0, 0.015429, 0.644257, 2.048904, -1.176149, -4.441113, 536.0, 0.003791, 0.272108, 3.042889, -0.216747, -1.807032, 6262.0, 0.047535, 1.795987, 4.706573, -2.806469, -13.99409, 6420.0, 0.048818, 1.860517, 4.665258, -2.904647, -13.701345
1,0,100,30997.0, 0.336514, 9.380158, 27.498211, -15.457539, -48.881217, 50987.0, 0.617845, 15.648448, 29.896717, -17.759057, -35.921092, 1185.0, 0.00864, 0.432247, 4.010965, -0.68337, -3.991622, 30628.0, 0.327089, 9.935873, 28.724311, -13.813746, -47.211938, 55319.0, 0.661339, 17.376934, 36.331903, -20.488186, -33.315218, 2030.0, 0.015168, 0.669418, 2.54406, -1.072288, -4.843588, 506.0, 0.00358, 0.205814, 2.157136, -0.269344, -2.145929, 6157.0, 0.046725, 1.864664, 4.576628, -2.736887, -14.537599, 6240.0, 0.047408, 1.912604, 4.846418, -2.81024, -14.575778
1,0,100,31107.0, 0.337954, 9.797316, 34.0499, -12.774594, -38.282752, 51709.0, 0.626025, 18.700603, 32.050129, -16.067621, -26.595698, 1805.0, 0.013224, 0.419396, 4.369516, -1.434056, -10.216008, 30893.0, 0.328771, 10.283956, 32.866707, -12.505585, -37.889629, 55921.0, 0.669136, 18.771349, 46.619723, -18.495549, -24.299142, 2501.0, 0.018748, 0.753882, 3.303026, -1.104558, -3.949237, 694.0, 0.00491, 0.390671, 3.938369, -0.239384, -1.8442, 6329.0, 0.048043, 2.164054, 5.697273, -2.669224, -12.108863, 6413.0, 0.048737, 2.230261, 5.199293, -2.683826, -12.572668
1,0,100,30918.0, 0.336636, 20.943451, 94.992886, -9.446188, -137.37183, 52672.0, 0.684061, 38.309364, 193.427397, -15.692245, -165.140939, 2006.0, 0.014697, -98.120233, 3.565844, -177.821193, -11.511754, 30625.0, 0.329145, 21.11546, 118.332575, -8.94657, -137.480794, 54385.0, 0.653085, 27.439655, 193.614512, -25.59437, -179.844029, 3020.0, 0.02286, -110.971943, 6.963553, -199.978919, -15.032981, 889.0, 0.006314, -0.857262, 3.418045, -1.620894, -4.620908, 6815.0, 0.052524, 3.782041, 22.166763, -2.763733, -31.345332, 6901.0, 0.053251, 5.67841, 22.465083, -1.194585, -31.191863
1,0,100,31414.0, 0.341787, 17.552467, 105.727051, -12.639868, -139.363378, 51240.0, 0.639253, 32.676801, 154.764859, -18.968803, -169.761365, 2008.0, 0.014719, -54.589044, 6.639488, -97.954113, -9.922079, 30934.0, 0.331291, 17.727719, 109.494676, -11.848686, -139.280749, 52943.0, 0.618804, 24.949948, 173.54062, -26.833414, -184.61472, 2945.0, 0.02228, -61.55567, 10.878768, -110.823971, -15.655051, 763.0, 0.005421, -0.365719, 3.522491, -1.213084, -3.656474, 6751.0, 0.051923, 3.864419, 21.21953, -2.531781, -31.059691, 7013.0, 0.054018, 5.005616, 21.701196, -1.847815, -30.869313
1,0,100,31586.0, 0.343659, 15.831763, 102.445476, -14.140428, -142.51003, 53101.0, 0.674976, 28.953303, 149.932544, -20.121717, -176.96885, 1906.0, 0.013967, -30.311815, 6.566977, -54.499455, -9.985399, 31277.0, 0.335435, 15.92353, 106.881278, -13.273724, -141.227214, 55335.0, 0.66271, 23.49111, 169.057032, -28.11411, -192.669929, 2911.0, 0.022028, -34.233427, 9.892236, -61.50662, -16.384845, 700.0, 0.004973, -0.07084, 2.486383, -0.79194, -3.95738, 6846.0, 0.052622, 3.878302, 19.89288, -2.460677, -30.558816, 7004.0, 0.053917, 4.505228, 20.661582, -2.076091, -30.286295
1,0,100,32008.0, 0.347743, 15.088304, 99.152211, -15.469232, -153.068079, 53682.0, 0.679648, 27.362827, 150.466274, -23.030385, -199.582264, 1839.0, 0.013476, -17.0192, 6.073609, -30.32844, -10.054429, 31496.0, 0.336596, 15.134343, 102.747283, -14.496582, -151.601872, 55724.0, 0.666778, 22.841943, 168.888331, -29.433, -217.079851, 2837.0, 0.021457, -19.331138, 10.032728, -34.238957, -15.638049, 668.0, 0.004745, 0.118172, 2.284069, -0.553066, -3.451018, 6824.0, 0.052375, 3.863672, 20.13627, -2.57393, -32.168788, 7099.0, 0.054616, 4.23108, 20.757663, -2.342018, -31.928074
1,0,100,30371.0, 0.330439, 23.472177, 105.610724, -6.969038, -132.060846, 50453.0, 0.616461, 46.24691, 199.210298, -8.004986, -158.969141, 1318.0, 0.009608, -43.630028, 1.870829, -74.416368, -6.823991, 29945.0, 0.319795, 20.57309, 112.887457, -8.836779, -130.250454, 54578.0, 0.651903, 43.400474, 228.917277, -14.348186, -181.356284, 1989.0, 0.014841, -43.712418, 4.167807, -74.172542, -11.810978, 441.0, 0.003116, -2.202173, 1.562729, -3.695351, -2.122594, 5921.0, 0.044934, -0.694046, 17.351852, -5.655632, -26.535091, 6003.0, 0.045608, 5.403604, 18.578867, -0.71144, -26.658874
1,0,100,31111.0, 0.33849, 19.093928, 96.272074, -10.788453, -138.98162, 52372.0, 0.642294, 36.389538, 150.975148, -11.362909, -160.670495, 1048.0, 0.007636, -24.130363, 3.722941, -43.586398, -5.505063, 31099.0, 0.332588, 17.808453, 102.413638, -11.504608, -137.085857, 56255.0, 0.677975, 33.679009, 169.157672, -17.202636, -185.106528, 1921.0, 0.014341, -24.378023, 6.220223, -43.668706, -10.221779, 347.0, 0.002452, -1.14785, 1.475194, -2.290434, -1.898844, 6086.0, 0.046173, 1.301993, 17.334831, -5.268158, -27.922195, 6353.0, 0.048308, 4.576818, 17.79591, -1.477475, -27.973524
1,0,100,30496.0, 0.330835, 16.620078, 93.073849, -12.668774, -139.931148, 50951.0, 0.617408, 30.582115, 156.633068, -20.472395, -177.310437, 1083.0, 0.007893, -13.424592, 3.474598, -24.126044, -6.865384, 30323.0, 0.322929, 16.002338, 99.161625, -12.848426, -137.92682, 55178.0, 0.65907, 28.418009, 173.31167, -26.157844, -205.159354, 1886.0, 0.01408, -13.711242, 6.336006, -24.353645, -10.281322, 411.0, 0.002907, -0.672729, 1.18328, -1.326917, -2.638861, 5980.0, 0.045355, 2.186719, 18.037052, -4.004986, -27.007189, 6134.0, 0.04659, 4.007543, 18.936401, -1.943882, -26.993427
1,0,100,30997.0, 0.336514, 15.623873, 97.800404, -13.601338, -128.244888, 51673.0, 0.625589, 27.808442, 186.880969, -21.781376, -157.312839, 1702.0, 0.012463, -7.6437, 3.942305, -13.411168, -8.276252, 30742.0, 0.326935, 15.279515, 102.40881, -13.439582, -125.242386, 55855.0, 0.668346, 25.875737, 187.913014, -26.73618, -182.354628, 2140.0, 0.016007, -7.889017, 6.622377, -13.706113, -10.261777, 662.0, 0.004683, -0.113079, 3.883146, -0.751483, -1.718304, 6153.0, 0.046681, 2.681178, 21.447464, -3.185289, -26.789294, 6274.0, 0.047667, 3.806913, 21.91105, -2.221115, -26.212693
1,0,100,31627.0, 0.314753, 16.056856, 129.675763, -13.859942, -130.656109, 56170.0, 0.634818, 29.98111, 208.992442, -26.694522, -191.456003, 705.0, 0.005115, -20.00437, 3.190137, -36.532747, -3.616512, 32440.0, 0.317224, 17.568872, 120.942761, -13.286747, -137.222962, 51490.0, 0.544943, 25.539745, 193.143438, -26.277133, -181.090741, 1944.0, 0.014474, -18.568527, 5.73499, -33.612228, -8.98182, 409.0, 0.002889, 0.520514, 1.680888, 0.066774, -1.854501, 6961.0, 0.052152, 4.20981, 22.924411, -2.448061, -30.025332, 7282.0, 0.054662, 3.457643, 23.857492, -3.232213, -30.554313
1,0,100,31267.0, 0.309146, 14.264755, 123.60511, -15.08141, -121.142521, 49504.0, 0.519307, 24.753843, 194.332857, -24.936701, -167.109035, 604.0, 0.00438, -11.147369, 3.087151, -19.984365, -2.287807, 31720.0, 0.307379, 15.432562, 115.448652, -14.51882, -128.827465, 44214.0, 0.434356, 21.380704, 180.547359, -23.379453, -154.973249, 1909.0, 0.01421, -10.567782, 5.21311, -18.548769, -8.435869, 503.0, 0.003553, 0.476923, 2.732162, -0.053466, -1.834536, 6852.0, 0.051294, 3.832193, 20.815152, -2.638926, -29.286256, 6961.0, 0.052152, 3.441063, 21.532338, -3.045725, -29.664047
1,0,100,32048.0, 0.320285, 16.056856, 129.675763, -13.859942, -130.656109, 57299.0, 0.655948, 29.98111, 208.992442, -25.566807, -194.031246, 705.0, 0.005115, -21.273327, 3.190137, -38.720414, -3.616512, 32792.0, 0.321774, 17.568872, 120.942761, -13.286747, -137.222962, 53264.0, 0.574504, 25.539745, 193.143438, -24.981053, -192.348015, 1944.0, 0.014474, -19.800648, 5.73499, -35.557151, -8.98182, 409.0, 0.002889, 0.575229, 1.680888, 0.066774, -1.854501, 7107.0, 0.053304, 4.20981, 22.924411, -2.448061, -30.025332, 7392.0, 0.055533, 3.457643, 23.857492, -3.514268, -30.554313
1,0,100,31925.0, 0.317719, 14.264755, 123.60511, -14.4497, -121.142521, 56349.0, 0.636841, 24.753843, 194.332857, -26.694522, -181.982081, 604.0, 0.00438, -11.720905, 3.087151, -21.298768, -2.287807, 32653.0, 0.319307, 15.432562, 115.448652, -14.026984, -128.827465, 51519.0, 0.54525, 21.380704, 180.547359, -26.277133, -172.294763, 1909.0, 0.01421, -11.14795, 5.21311, -19.777269, -8.435869, 503.0, 0.003553, 0.476923, 2.732162, -0.053466, -1.834536, 6961.0, 0.052152, 3.832193, 20.815152, -2.58207, -29.286256, 7217.0, 0.054174, 3.441063, 21.532338, -3.221966, -29.664047
1,0,100,31107.0, 0.337954, 9.797316, 34.0499, -12.774594, -38.282752, 51709.0, 0.626025, 18.700603, 32.050129, -16.067621, -26.595698, 1805.0, 0.013224, 0.419396, 4.369516, -1.434056, -10.216008, 30893.0, 0.328771, 10.283956, 32.866707, -12.505585, -37.889629, 55921.0, 0.669136, 18.771349, 46.619723, -18.495549, -24.299142, 2501.0, 0.018748, 0.753882, 3.303026, -1.104558, -3.949237, 694.0, 0.00491, 0.390671, 3.938369, -0.239384, -1.8442, 6329.0, 0.048043, 2.164054, 5.697273, -2.669224, -12.108863, 6413.0, 0.048737, 2.230261, 5.199293, -2.683826, -12.572668
1,0,150,33780.0, 0.362023, 26.048521, 128.549658, -9.322703, -154.436034, 48880.0, 0.547252, 31.627452, 209.564003, -18.532297, -168.875566, 4569.0, 0.033432, -72.328334, 12.714819, -126.831439, -23.789922, 33729.0, 0.354304, 23.246881, 130.685078, -10.568837, -151.783427, 46270.0, 0.480553, 27.786554, 232.593163, -19.974417, -164.709398, 5438.0, 0.041013, -65.714072, 16.778755, -115.134456, -29.706339, 2196.0, 0.015594, -1.290322, 6.117495, -3.185056, -11.153584, 7754.0, 0.05908, 7.23623, 23.084845, -0.745784, -35.973222, 7873.0, 0.060057, 3.859272, 24.048508, -3.557685, -36.45499
1,0,150,34892.0, 0.374205, 20.361804, 117.285397, -13.613901, -165.84005, 54370.0, 0.633868, 28.245294, 158.992014, -21.196974, -189.568038, 3898.0, 0.028522, -40.684043, 10.314415, -72.217647, -21.151061, 36065.0, 0.380128, 20.060776, 115.517145, -13.63611, -166.51437, 51455.0, 0.556589, 23.570438, 155.546434, -22.866727, -184.318386, 5072.0, 0.038274, -37.108559, 14.27842, -65.693635, -27.562214, 1886.0, 0.01339, -0.298906, 4.942874, -2.749014, -9.419674, 8286.0, 0.063152, 6.028096, 22.088516, -1.831747, -37.810184, 8552.0, 0.065312, 4.411603, 22.854299, -3.515213, -37.998595
1,0,150,34894.0, 0.373438, 17.032413, 130.054887, -14.509832, -150.616355, 53198.0, 0.608012, 24.858303, 167.619487, -23.85173, -190.050799, 3289.0, 0.024084, -23.033679, 9.27292, -40.643359, -16.014861, 36084.0, 0.379042, 17.349631, 127.993373, -14.327282, -153.587237, 50273.0, 0.535389, 20.600147, 170.017455, -25.581385, -186.203229, 4666.0, 0.03522, -20.058736, 14.958896, -37.182268, -24.891467, 1639.0, 0.011636, 0.091448, 4.499509, -1.924149, -7.958266, 8157.0, 0.062062, 5.086771, 24.996619, -2.311053, -36.601979, 8422.0, 0.064207, 4.268436, 26.212763, -3.434394, -36.723234
1,0,150,34341.0, 0.365976, 14.958936, 130.139467, -16.284682, -144.242086, 52600.0, 0.597313, 22.758598, 160.168355, -26.418574, -168.630957, 2769.0, 0.020287, -11.471056, 8.356748, -23.010683, -13.505455, 35548.0, 0.371907, 15.681468, 126.420097, -16.119337, -145.251418, 49797.0, 0.528485, 18.677276, 161.497343, -27.755619, -163.855004, 4327.0, 0.03267, -9.28924, 13.269522, -21.379704, -22.250156, 1422.0, 0.0101, 0.278628, 4.045777, -1.452654, -6.431319, 7942.0, 0.060357, 4.464486, 23.225471, -2.579103, -35.319159, 8200.0, 0.062425, 4.132587, 23.58576, -3.376344, -35.793251
1,0,150,33780.0, 0.362023, 26.048521, 128.549658, -9.322703, -154.436034, 48880.0, 0.547252, 31.627452, 209.564003, -18.532297, -168.875566, 4569.0, 0.033432, -72.328334, 12.714819, -126.831439, -23.789922, 33729.0, 0.354304, 23.246881, 130.685078, -10.568837, -151.783427, 46270.0, 0.480553, 27.786554, 232.593163, -19.974417, -164.709398, 5438.0, 0.041013, -65.714072, 16.778755, -115.134456, -29.706339, 2196.0, 0.015594, -1.290322, 6.117495, -3.185056, -11.153584, 7754.0, 0.05908, 7.23623, 23.084845, -0.745784, -35.973222, 7873.0, 0.060057, 3.859272, 24.048508, -3.557685, -36.45499
1,0,150,34892.0, 0.374205, 20.361804, 117.285397, -13.613901, -165.84005, 54370.0, 0.633868, 28.245294, 158.992014, -21.196974, -189.568038, 3898.0, 0.028522, -40.684043, 10.314415, -72.217647, -21.151061, 36065.0, 0.380128, 20.060776, 115.517145, -13.63611, -166.51437, 51455.0, 0.556589, 23.570438, 155.546434, -22.866727, -184.318386, 5072.0, 0.038274, -37.108559, 14.27842, -65.693635, -27.562214, 1886.0, 0.01339, -0.298906, 4.942874, -2.749014, -9.419674, 8286.0, 0.063152, 6.028096, 22.088516, -1.831747, -37.810184, 8552.0, 0.065312, 4.411603, 22.854299, -3.515213, -37.998595
1,0,150,33919.0, 0.360472, 27.410814, 144.61619, -8.989311, -150.43173, 48651.0, 0.528942, 34.189884, 181.017736, -16.464915, -170.514697, 2337.0, 0.017117, -53.319134, 5.97202, -90.348655, -12.32481, 34745.0, 0.36062, 27.851199, 141.399191, -7.953036, -154.211359, 45982.0, 0.469008, 29.305442, 191.356388, -18.627993, -167.197056, 4050.0, 0.030579, -57.534823, 11.127713, -96.994537, -21.176816, 1204.0, 0.008552, 2.292145, 3.656139, 0.788764, -5.678013, 7645.0, 0.057983, 4.563348, 24.937527, -2.805142, -35.101102, 7936.0, 0.060294, 6.561683, 26.469196, -1.409779, -35.375119
1,0,150,33995.0, 0.362034, 20.317188, 128.122681, -11.699943, -148.886307, 52716.0, 0.600075, 27.799277, 163.531099, -19.798052, -165.688938, 2206.0, 0.016162, -30.575119, 6.758377, -53.335814, -10.358769, 35178.0, 0.367053, 21.089178, 124.847659, -10.712906, -150.591317, 50330.0, 0.537875, 23.492314, 163.763845, -22.172834, -160.156354, 3770.0, 0.028457, -33.249792, 11.419177, -57.514289, -19.318846, 1109.0, 0.007875, 1.494325, 4.202832, 0.254105, -4.965366, 7655.0, 0.058093, 4.180806, 22.645603, -2.785043, -34.513774, 7989.0, 0.060766, 5.29161, 23.360576, -2.001413, -34.587985
1,0,150,33864.0, 0.360137, 17.265406, 136.942227, -14.519778, -158.057401, 52883.0, 0.602463, 25.285858, 180.914967, -24.382476, -180.007015, 1938.0, 0.014195, -17.685093, 6.8226, -30.552383, -10.814293, 35164.0, 0.366418, 18.606186, 134.786669, -13.578017, -160.347132, 50588.0, 0.541778, 21.045119, 180.578063, -26.302728, -176.072432, 3630.0, 0.0274, -18.459331, 12.64856, -33.220326, -19.126428, 1047.0, 0.007437, 0.994253, 3.159114, -0.047865, -4.730576, 7688.0, 0.058343, 4.146024, 25.335465, -2.996549, -35.465531, 7936.0, 0.060294, 4.891711, 26.581442, -2.477498, -35.042518
1,0,150,34112.0, 0.364044, 15.525747, 133.060388, -16.93603, -162.353181, 52741.0, 0.599875, 23.792854, 175.612256, -26.469569, -200.482711, 1906.0, 0.013967, -10.299113, 6.490098, -17.68374, -9.496248, 35254.0, 0.367846, 17.049582, 129.111962, -16.156768, -162.560957, 50659.0, 0.543301, 19.686908, 172.931172, -28.250444, -198.510241, 3603.0, 0.027219, -10.435158, 12.406618, -19.466393, -18.823084, 921.0, 0.006543, 0.692708, 2.885834, -0.175322, -4.454634, 7579.0, 0.057483, 4.037509, 24.480814, -3.0989, -34.481485, 7913.0, 0.060153, 4.518147, 25.377906, -2.891362, -34.950221
1,0,150,34772.0, 0.353996, 15.65931, 49.125716, -13.693532, -41.33889, 68211.0, 0.982188, 24.378961, 38.274019, -17.84852, -36.80089, 1940.0, 0.013927, 0.26857, 2.723022, -1.232763, -7.055869, 33477.0, 0.338898, 14.197348, 43.632483, -13.657927, -42.86215, 58359.0, 0.698308, 22.391481, 47.439359, -18.332657, -34.041253, 2566.0, 0.018785, 0.376915, 2.610377, -6.509303, -6.004551, 854.0, 0.005971, 0.184317, 2.370232, -3.542844, -2.83195, 6691.0, 0.050198, 1.963699, 5.826705, -2.931699, -13.592511, 6764.0, 0.050774, 1.586878, 5.461395, -4.899178, -14.469026
1,0,150,34730.0, 0.358581, 14.533492, 10.805893, -15.512691, -51.74573, 52317.0, 0.584828, 24.623147, 36.903966, -18.334154, -34.869715, 1831.0, 0.013294, 0.251543, 5.531798, -4.335518, -4.922687, 35060.0, 0.355589, 15.174338, 14.486993, -15.942952, -48.113992, 50901.0, 0.543977, 22.901642, 34.487551, -18.570929, -28.651135, 2842.0, 0.021166, 0.452588, 2.104427, -2.351273, -8.128738, 970.0, 0.00685, 0.305738, 1.616672, -0.400474, -2.545612, 7436.0, 0.056128, 1.839516, 5.030883, -3.406767, -15.406415, 7552.0, 0.057068, 3.693921, 4.864779, -3.457932, -16.4398
1,0,150,35042.0, 0.360867, 12.577749, 45.284507, -14.588523, -38.781056, 55259.0, 0.63414, 16.519498, 30.694112, -16.297292, -27.004119, 1966.0, 0.014285, 0.474051, 2.882508, -0.903367, -4.500641, 35632.0, 0.362294, 12.413675, 41.911674, -14.652264, -39.505211, 53776.0, 0.591166, 17.213142, 44.205138, -16.453867, -23.81606, 2703.0, 0.020125, 0.724335, 2.351475, -1.280917, -5.453619, 688.0, 0.004855, 0.216411, 1.743324, -0.306549, -1.624528, 7650.0, 0.057809, 2.077415, 6.015486, -3.203015, -13.688747, 7756.0, 0.058643, 2.144032, 5.708007, -3.289232, -13.985475
1,0,150,34353.0, 0.352631, 13.057359, 43.724811, -14.568962, -41.114959, 54151.0, 0.61297, 16.381105, 31.393724, -16.217491, -27.478699, 1729.0, 0.012542, 0.516436, 2.641397, -0.856466, -3.215722, 35494.0, 0.359991, 12.926213, 41.968088, -14.935666, -42.553575, 53556.0, 0.586562, 17.668505, 42.546103, -16.483075, -25.281274, 2669.0, 0.019872, 0.730363, 2.244475, -1.300329, -5.828664, 657.0, 0.004635, 0.314079, 3.60243, -0.327668, -1.957732, 7316.0, 0.055146, 2.085495, 5.625582, -3.226806, -13.561329, 7571.0, 0.057164, 2.182954, 5.533859, -3.298606, -13.558319
1,0,150,34154.0, 0.349469, 13.015599, 46.679085, -14.196874, -40.797653, 54197.0, 0.61252, 16.82917, 33.170135, -17.012984, -27.140881, 1698.0, 0.01232, 0.475376, 2.121437, -1.198646, -8.011342, 35291.0, 0.356158, 12.784863, 42.286378, -14.61229, -43.011748, 53531.0, 0.584987, 17.829575, 43.598832, -17.155699, -22.829747, 2562.0, 0.01906, 0.740754, 2.294793, -1.351293, -5.616431, 626.0, 0.004416, 0.196466, 1.643553, -0.318815, -2.064273, 7270.0, 0.054753, 2.062536, 6.074172, -3.173408, -13.948713, 7487.0, 0.056466, 2.120876, 5.519544, -3.262323, -14.496729
1,0,150,33886.0, 0.363416, 13.564891, 13.925516, -15.388141, -44.832204, 48983.0, 0.548835, 20.669646, 31.662559, -16.933985, -30.67196, 4880.0, 0.035789, 0.109163, 2.520113, -4.9894, -8.089669, 33847.0, 0.355543, 14.115464, 19.167739, -15.168553, -44.413331, 46397.0, 0.482508, 23.591216, 39.350264, -16.557752, -25.676928, 5624.0, 0.042475, 0.41929, 4.867952, -4.939455, -11.600794, 2321.0, 0.016489, 1.154887, 3.508983, -1.116309, -4.449319, 7924.0, 0.060393, 1.816705, 5.511608, -3.673559, -16.423737, 7982.0, 0.060923, 2.398236, 5.738445, -3.71456, -16.53149
1,0,150,35037.0, 0.376026, 11.724904, 38.009865, -16.702147, -47.612006, 54475.0, 0.635633, 15.923161, 27.245722, -19.012058, -33.888768, 4033.0, 0.029532, 1.069565, 4.102608, -2.141956, -7.523725, 36168.0, 0.381475, 11.529211, 35.040818, -16.646494, -49.831381, 51522.0, 0.557718, 15.5679, 38.13212, -18.40693, -30.054707, 5252.0, 0.039666, 1.482187, 3.828717, -2.798323, -12.619333, 2043.0, 0.014511, 0.540138, 1.791536, -1.010607, -4.310583, 8319.0, 0.063404, 2.24287, 6.295912, -3.777613, -18.218677, 8655.0, 0.066118, 2.345408, 5.86626, -3.806327, -18.874594
1,0,150,34973.0, 0.374283, 12.986118, 53.148499, -15.044925, -46.982112, 53301.0, 0.609684, 16.760184, 40.224178, -19.029932, -29.442315, 3389.0, 0.024823, 0.967473, 4.263643, -1.649896, -7.957587, 36251.0, 0.381313, 12.759647, 50.835266, -15.620202, -46.864283, 50429.0, 0.537428, 16.988809, 48.092403, -18.590461, -23.857445, 4844.0, 0.036584, 1.529547, 4.367186, -2.484249, -10.810678, 1861.0, 0.013224, 0.506433, 2.665307, -0.860179, -3.933871, 8299.0, 0.063178, 2.54388, 7.295312, -3.718063, -16.766104, 8564.0, 0.065328, 2.620003, 7.143685, -3.853523, -17.209241
1,0,150,34644.0, 0.369461, 12.969904, 45.599627, -14.264033, -41.630932, 52671.0, 0.598602, 16.061066, 32.325036, -16.90795, -29.225062, 2939.0, 0.021549, 0.840262, 3.633142, -1.394183, -5.168969, 35650.0, 0.373224, 12.715461, 42.473213, -14.378796, -43.58692, 49917.0, 0.529758, 16.117493, 42.01069, -16.432099, -24.543701, 4364.0, 0.032959, 1.323268, 3.534417, -2.272275, -9.409908, 1711.0, 0.012175, 0.419776, 2.080661, -0.668963, -3.399331, 7974.0, 0.0606, 2.33317, 6.939499, -3.619892, -16.178956, 8276.0, 0.06304, 2.429115, 6.570208, -3.61662, -17.019504
1,0,150,34589.0, 0.369912, 15.315459, 45.447128, -14.978316, -43.114166, 52103.0, 0.587924, 17.900704, 32.207603, -16.749895, -30.320265, 3133.0, 0.023065, 0.437183, 3.361048, -2.70016, -8.070576, 35548.0, 0.371907, 15.134966, 41.105784, -15.359846, -43.93511, 49596.0, 0.524898, 19.100201, 41.459033, -16.215999, -25.002632, 4198.0, 0.031732, 0.60792, 3.381315, -10.744182, -8.941943, 1362.0, 0.009678, 2.082665, 2.419808, -0.591233, -2.827338, 7931.0, 0.060238, 1.982873, 6.510086, -3.746947, -16.325971, 8162.0, 0.062118, 2.82861, 6.35614, -3.600522, -16.137402
1,0,150,34035.0, 0.36246, 12.901908, 45.835643, -14.885351, -42.450204, 52876.0, 0.601896, 16.354016, 30.920502, -17.192312, -28.50433, 2240.0, 0.016415, 0.7018, 2.837851, -1.202081, -9.472317, 35318.0, 0.36876, 12.423473, 40.849962, -15.099515, -42.842255, 50553.0, 0.541021, 16.307718, 42.786355, -16.712348, -25.433062, 3916.0, 0.029584, 1.22536, 3.438554, -1.942379, -8.734986, 1173.0, 0.008333, 0.420401, 2.321362, -0.593106, -4.244963, 7758.0, 0.058891, 2.328938, 6.695094, -3.54588, -16.095499, 8092.0, 0.061567, 2.396929, 6.768421, -3.558096, -16.126697
1,0,150,34010.0, 0.361943, 13.706405, 50.666351, -15.879325, -51.660512, 53082.0, 0.605213, 18.051942, 40.107777, -17.44934, -35.624383, 2247.0, 0.016487, 0.746562, 3.444919, -1.417207, -5.668244, 35342.0, 0.368518, 13.422407, 45.312215, -15.964371, -55.128871, 50750.0, 0.544277, 18.032717, 50.302657, -16.933103, -30.765761, 3703.0, 0.027959, 1.264161, 3.811347, -1.995606, -9.461615, 1112.0, 0.007902, 0.349635, 1.786625, -0.562067, -3.821368, 7754.0, 0.058844, 2.54588, 8.000517, -3.535511, -18.527582, 8011.0, 0.060898, 2.647601, 7.92335, -3.584784, -18.772087
1,0,150,34297.0, 0.366272, 13.266021, 53.879728, -16.295143, -55.861063, 53735.0, 0.618169, 17.554822, 43.514257, -20.023228, -38.986346, 2390.0, 0.017568, 0.689332, 3.239921, -1.177303, -5.312997, 35356.0, 0.369157, 12.916589, 49.956749, -16.77983, -58.70033, 51382.0, 0.555001, 17.262685, 54.780979, -19.886124, -33.019329, 3673.0, 0.027748, 1.238618, 3.976924, -1.87476, -9.568, 1017.0, 0.007227, 0.321231, 2.056914, -0.524284, -3.460589, 7688.0, 0.058343, 2.486778, 8.366193, -3.58764, -19.513921, 8022.0, 0.061017, 2.57028, 7.68549, -3.605812, -20.403902
1,0,150,33131.0, 0.33729, 14.056316, 47.676993, -14.989637, -45.613089, 53988.0, 0.614555, 24.578793, 39.91919, -17.506284, -32.331294, 1850.0, 0.01339, 0.465034, 4.105361, -2.356499, -6.375701, 34020.0, 0.342064, 14.07463, 43.627251, -15.058431, -47.689083, 52696.0, 0.574174, 26.501977, 43.932999, -17.681894, -28.658354, 2864.0, 0.02129, 0.410888, 2.40288, -2.032042, -6.103781, 903.0, 0.006365, 0.429894, 2.751744, -0.410791, -2.949135, 7140.0, 0.053774, 1.678872, 4.659659, -3.20786, -15.861004, 7394.0, 0.05578, 3.084556, 5.276271, -3.14205, -15.855643
1,0,150,33565.0, 0.343225, 12.41155, 34.413286, -15.056696, -44.367542, 53918.0, 0.611308, 17.370319, 35.117518, -18.221659, -31.064263, 2293.0, 0.016661, 0.517731, 9.069935, -1.131671, -6.032294, 34507.0, 0.348028, 12.351633, 41.397635, -15.291791, -44.809506, 52719.0, 0.574006, 17.839092, 46.889375, -18.433332, -28.274078, 2828.0, 0.021017, 0.874689, 2.957669, -1.446391, -6.500068, 872.0, 0.006148, 0.260302, 1.670119, -0.377104, -2.132685, 7169.0, 0.053978, 2.12182, 5.841802, -3.212027, -15.093231, 7316.0, 0.055146, 2.22542, 5.80311, -3.176769, -15.39321
1,0,150,33479.0, 0.341912, 12.690364, 48.74794, -15.272563, -44.863573, 53870.0, 0.609789, 16.889212, 35.032168, -18.158487, -31.592386, 1859.0, 0.013481, 0.520141, 4.153087, -0.892495, -6.973039, 34579.0, 0.348754, 12.516055, 46.510953, -15.471611, -46.219462, 52779.0, 0.574659, 17.82045, 47.134073, -18.200976, -29.637658, 2936.0, 0.021837, 0.775897, 2.814331, -1.415818, -6.351262, 843.0, 0.005946, 0.260438, 3.522285, -0.384166, -2.123286, 7209.0, 0.054309, 2.160542, 6.256598, -3.1559, -15.155512, 7320.0, 0.055191, 2.171371, 6.681369, -3.241844, -15.138419
1,0,150,33803.0, 0.346101, 12.86831, 48.742601, -15.050916, -45.608234, 53894.0, 0.609578, 17.234945, 34.638625, -18.001653, -31.553677, 1998.0, 0.014514, 0.57812, 3.965528, -1.386444, -7.612567, 34872.0, 0.352363, 12.644726, 45.589627, -15.295848, -46.834682, 52868.0, 0.575628, 17.734677, 50.111154, -17.967141, -28.73816, 2806.0, 0.020892, 0.784726, 2.628827, -1.501913, -6.074627, 781.0, 0.005509, 0.255594, 1.517174, -0.389531, -2.319452, 7140.0, 0.053774, 2.121757, 6.238255, -3.21576, -15.039037, 7362.0, 0.055539, 2.188418, 6.243905, -3.176836, -15.726388
1,0,150,33336.0, 0.338526, 15.242812, 34.80868, -14.69145, -44.155617, 54278.0, 0.611019, 32.797362, 53.084931, -17.878134, -27.856845, 2513.0, 0.018144, 0.300349, 2.008344, -1.842338, -4.206007, 32599.0, 0.328583, 15.746828, 29.895398, -14.181024, -43.31878, 58351.0, 0.680859, 30.114088, 54.23947, -20.159701, -29.452257, 2986.0, 0.021938, 0.847597, 1.784655, -1.514143, -5.987456, 769.0, 0.005394, 0.486445, 1.830268, -0.395044, -1.946545, 7487.0, 0.056577, 2.296548, 5.695517, -3.393386, -14.05611, 7450.0, 0.056282, 2.046616, 5.486715, -3.375769, -14.617997
1,0,150,33142.0, 0.337829, 10.713298, 34.947753, -15.952229, -45.92252, 54034.0, 0.610195, 17.150353, 34.74966, -17.782621, -30.70559, 1430.0, 0.010363, 0.314887, 3.138844, -0.835921, -5.264294, 32340.0, 0.32698, 10.593118, 32.41833, -14.462847, -43.521657, 58060.0, 0.678033, 18.190113, 44.481516, -19.716669, -29.201, 2028.0, 0.014926, 0.565797, 2.431092, -0.983885, -4.179337, 496.0, 0.003483, 0.226708, 2.108758, -0.233637, -1.811884, 6928.0, 0.052236, 2.134589, 5.7291, -3.116649, -13.188314, 6998.0, 0.052778, 2.187129, 5.60586, -3.138979, -13.32421
1,0,150,33148.0, 0.338961, 10.718647, 33.760202, -14.533275, -48.231994, 54136.0, 0.615742, 16.827922, 34.974901, -17.592949, -28.558886, 1000.0, 0.007241, 0.322485, 3.319715, -0.481324, -2.803161, 32235.0, 0.326325, 10.684784, 31.054581, -13.964886, -43.472224, 58011.0, 0.678039, 18.261461, 39.886314, -19.680957, -27.382042, 1830.0, 0.013486, 0.538995, 3.531452, -0.992472, -5.0504, 403.0, 0.002832, 0.186512, 1.609305, -0.202614, -1.99975, 6817.0, 0.051356, 2.072082, 4.714683, -3.019851, -12.585448, 6854.0, 0.051649, 2.064469, 5.118918, -3.063433, -12.377095
1,0,150,33569.0, 0.345698, 9.392962, 7.859324, -14.734315, -45.009356, 70560.0, 0.991262, 17.246503, 27.260563, -17.717396, -28.37404, 702.0, 0.005083, 0.207093, 1.693892, -0.337246, -2.459732, 32962.0, 0.336419, 9.558161, 8.033968, -13.828267, -43.70665, 69663.0, 0.944942, 18.346649, 23.019172, -19.659982, -29.94184, 1699.0, 0.012537, 0.477963, 1.744849, -0.82079, -3.395907, 529.0, 0.003722, 0.263551, 2.702272, -0.250602, -2.783313, 6891.0, 0.051942, 2.021671, 3.159636, -2.884845, -12.71093, 6965.0, 0.052529, 2.058751, 3.286097, -2.927064, -12.852541
1,0,150,33861.0, 0.341937, 15.796809, 12.663676, -14.234509, -38.163665, 48628.0, 0.509434, 27.265871, 39.555175, -17.837796, -30.959483, 1921.0, 0.013921, 0.321668, 3.003805, -7.281338, -3.503257, 33329.0, 0.33329, 16.605491, 13.942978, -13.858298, -37.677968, 49959.0, 0.52479, 29.453412, 35.081017, -19.601105, -26.51634, 2178.0, 0.01608, 0.12644, 2.052847, -8.056308, -5.094633, 467.0, 0.003284, 0.135349, 1.973061, -3.805374, -1.882063, 7133.0, 0.053588, 2.174973, 5.265052, -3.173369, -12.217671, 7364.0, 0.055338, 2.406074, 4.777509, -3.182572, -12.346449
1,0,150,34672.0, 0.352093, 12.356168, 49.293271, -14.780214, -44.680563, 54168.0, 0.600432, 17.988228, 44.497629, -18.177992, -28.515358, 1138.0, 0.008261, 0.380844, 2.348966, -0.591829, -4.96059, 34117.0, 0.34325, 11.892654, 42.857202, -14.52658, -42.741328, 56612.0, 0.638299, 18.548626, 56.818787, -19.546909, -26.622503, 1666.0, 0.012297, 0.426975, 3.811862, -0.769096, -3.072929, 561.0, 0.003951, 0.326212, 3.18785, -0.265599, -2.09635, 7207.0, 0.054174, 2.224023, 6.710432, -3.047377, -12.815095, 7350.0, 0.055294, 2.257466, 6.545862, -3.150964, -12.822322
1,0,150,34167.0, 0.345453, 12.150168, 48.050902, -13.851234, -36.842617, 53835.0, 0.594934, 17.618178, 43.590163, -18.101602, -27.185304, 769.0, 0.00557, 0.491761, 4.111927, -0.269427, -2.63497, 33644.0, 0.336642, 11.785203, 41.077197, -13.674697, -36.865671, 55738.0, 0.622104, 18.236414, 53.548064, -19.447948, -24.317451, 1493.0, 0.011014, 0.440127, 2.695384, -0.664082, -3.238431, 687.0, 0.004841, 0.240108, 2.549593, -0.247635, -1.829839, 6885.0, 0.051654, 2.132483, 6.643881, -2.860835, -12.055577, 6991.0, 0.052477, 2.101362, 6.553895, -2.89297, -11.471952
1,0,150,34008.0, 0.342785, 12.336412, 42.208214, -12.617442, -37.220569, 54168.0, 0.600432, 18.270598, 44.458158, -16.638168, -22.049419, 570.0, 0.004132, 0.305241, 2.89137, -0.322077, -2.774335, 33632.0, 0.335508, 12.008334, 35.641055, -12.292899, -35.311161, 55394.0, 0.615899, 18.684988, 50.316936, -17.777952, -23.078629, 1356.0, 0.010004, 0.395163, 2.185229, -0.507577, -2.310447, 718.0, 0.00506, 0.253216, 1.640446, -0.259298, -2.075103, 6808.0, 0.051034, 2.23483, 5.549102, -2.210608, -11.139696, 6877.0, 0.051565, 2.100963, 5.821069, -2.235636, -10.846414
1,0,150,33846.0, 0.362987, 25.988579, 128.552947, -9.322113, -154.407236, 52390.0, 0.610784, 29.403788, 210.041534, -22.76127, -168.886675, 4500.0, 0.03291, -69.946788, 12.630342, -130.205318, -23.759773, 34051.0, 0.3589, 24.847336, 130.826948, -9.429339, -151.65588, 50108.0, 0.542019, 29.163193, 232.37051, -21.907016, -164.848377, 5438.0, 0.041013, -73.69467, 16.080634, -136.740841, -29.742788, 2165.0, 0.015374, 1.262224, 6.162326, -0.857609, -10.776805, 7792.0, 0.059387, 5.363109, 23.071305, -2.291448, -36.186086, 8063.0, 0.061595, 3.735872, 24.203393, -3.657216, -36.385394
1,0,150,34695.0, 0.371308, 20.365656, 117.320857, -13.978127, -165.85428, 53323.0, 0.613938, 27.2532, 158.883041, -24.678731, -190.045392, 4001.0, 0.029298, -38.811321, 10.354359, -69.910841, -20.686375, 35743.0, 0.37546, 20.783217, 115.476834, -13.644432, -166.432896, 50199.0, 0.535725, 24.22307, 155.604272, -25.083849, -185.960457, 5075.0, 0.038307, -40.773687, 14.480113, -73.620975, -27.569083, 1887.0, 0.0134, 0.964165, 5.010434, -0.869456, -9.417236, 8248.0, 0.062844, 5.077369, 22.146632, -2.749057, -37.818053, 8405.0, 0.064133, 4.318744, 22.887386, -3.503543, -37.95918
1,0,150,34238.0, 0.363862, 17.028163, 129.635254, -16.348327, -150.536305, 53056.0, 0.605406, 24.277514, 167.59174, -24.389028, -169.120416, 3359.0, 0.024609, -21.690338, 9.201843, -38.772509, -16.22746, 36084.0, 0.379042, 17.738146, 127.92767, -15.81168, -153.621124, 50309.0, 0.536149, 20.968283, 169.974113, -25.124765, -164.130089, 4704.0, 0.035517, -22.893185, 15.14693, -40.732914, -24.174683, 1672.0, 0.011876, 0.750911, 4.866358, -0.825765, -7.99686, 8157.0, 0.062062, 4.572107, 25.427954, -2.988456, -36.595256, 8384.0, 0.063899, 4.233771, 26.24591, -3.401261, -36.717373
1,0,150,34341.0, 0.365976, 14.986279, 130.115903, -17.103149, -152.566236, 52600.0, 0.597313, 22.465947, 160.491296, -26.837119, -170.983278, 2699.0, 0.019764, -11.795065, 7.970962, -21.668648, -14.12293, 35548.0, 0.371907, 15.878696, 126.738215, -16.412614, -155.105511, 49761.0, 0.527733, 18.903147, 161.190596, -27.461333, -165.571382, 4254.0, 0.03211, -11.374186, 13.273737, -22.833292, -22.22885, 1487.0, 0.010567, 0.634907, 4.04063, -0.839954, -7.762906, 7942.0, 0.060357, 4.200566, 23.214922, -3.137175, -35.347792, 8200.0, 0.062425, 4.121751, 23.914309, -3.399463, -36.298982
1,0,150,33274.0, 0.337684, 28.231324, 146.681213, -6.787204, -147.410033, 54086.0, 0.608385, 67.790496, 309.162153, 1.480184, -179.23205, 2446.0, 0.017652, -8.243107, 5.96658, -13.416414, -11.502304, 32486.0, 0.327444, 28.931638, 145.200908, -4.935136, -141.512747, 58321.0, 0.680509, 54.816163, 309.906961, -11.910101, -201.809789, 2881.0, 0.02115, -2.572934, 7.395639, -4.862055, -14.658504, 707.0, 0.004957, 0.795992, 2.052183, -0.05023, -3.246265, 7311.0, 0.055201, 5.080346, 25.129477, -2.095253, -33.292199, 7380.0, 0.055737, 4.705198, 25.305592, -2.420196, -33.40398
1,0,150,33104.0, 0.337441, 20.494966, 106.986746, -11.926861, -150.486785, 53746.0, 0.606463, 44.240093, 171.643663, -13.732697, -176.67776, 929.0, 0.006712, -4.164665, 2.874264, -8.277085, -4.483567, 32203.0, 0.325395, 21.056525, 105.880481, -10.244594, -145.103257, 57915.0, 0.675197, 37.485702, 181.991773, -22.659199, -196.888985, 1959.0, 0.014415, -1.619782, 5.382432, -3.88228, -9.822346, 403.0, 0.002829, 0.1628, 1.238393, -0.232707, -2.001888, 6891.0, 0.051942, 4.31882, 20.585557, -2.356036, -30.941399, 6961.0, 0.052484, 4.114505, 21.466763, -2.545749, -31.304949
1,0,150,33009.0, 0.337326, 16.809298, 106.87396, -14.517313, -145.768687, 53870.0, 0.611735, 32.865328, 168.884226, -21.76062, -176.1615, 834.0, 0.006039, -2.105233, 2.514352, -4.212163, -4.80371, 32159.0, 0.325555, 17.49369, 106.084159, -12.923637, -139.551868, 57714.0, 0.673427, 29.122318, 183.375752, -28.268237, -196.659564, 1693.0, 0.012473, -0.748905, 4.711027, -2.169371, -8.153816, 280.0, 0.001967, 0.05172, 1.434736, -0.262161, -1.89142, 6646.0, 0.05004, 3.891135, 19.835318, -2.439857, -30.081086, 6817.0, 0.051356, 3.872662, 20.384551, -2.591905, -30.741546
1,0,150,33467.0, 0.344424, 15.152465, 93.261571, -15.566079, -143.885062, 70240.0, 0.983216, 27.487635, 173.087374, -35.492854, -175.282081, 635.0, 0.004598, -1.207445, 1.558034, -2.205548, -2.440841, 32900.0, 0.335574, 15.882953, 94.16644, -14.13491, -138.474887, 69663.0, 0.944942, 25.07394, 184.024774, -36.806424, -195.837943, 1558.0, 0.011485, -0.139043, 4.198296, -1.494227, -7.400478, 436.0, 0.003067, 0.125214, 1.742772, -0.326405, -1.804903, 6785.0, 0.051115, 3.750882, 19.656291, -2.505955, -28.4764, 6826.0, 0.051452, 3.711684, 20.353006, -2.613174, -28.230627
1,0,150,33763.0, 0.340738, 28.187165, 150.611126, -8.469988, -139.747849, 48568.0, 0.508805, 37.530803, 300.221414, -16.303218, -178.64135, 1657.0, 0.011999, -46.453675, 3.636674, -83.517244, -6.203583, 33219.0, 0.33219, 30.162598, 145.727199, -5.811982, -138.571416, 49836.0, 0.523147, 42.35783, 287.765438, -14.863191, -195.660254, 1934.0, 0.01426, -51.954067, 4.00433, -93.042644, -9.078407, 405.0, 0.002848, -5.372932, 1.348624, -9.754611, -2.242821, 7031.0, 0.052807, 5.209274, 23.562658, -1.799397, -31.812478, 7101.0, 0.053347, 3.662563, 24.16741, -3.044518, -31.310015
1,0,150,34610.0, 0.351242, 20.220399, 123.6916, -12.378111, -147.938911, 53979.0, 0.59788, 27.699333, 178.832272, -20.671067, -180.173616, 602.0, 0.004357, -25.604481, 2.499872, -46.528646, -2.721, 33887.0, 0.340522, 21.673146, 119.043911, -10.318702, -145.264398, 56384.0, 0.634726, 29.710071, 185.902139, -20.339308, -195.40181, 1527.0, 0.011262, -28.778735, 4.080834, -52.007113, -7.503925, 468.0, 0.003294, -2.923381, 2.030756, -5.454971, -1.710281, 7110.0, 0.053445, 4.336779, 21.740306, -2.154386, -30.451856, 7178.0, 0.05397, 3.625528, 21.901804, -3.094577, -31.053569
1,0,150,33947.0, 0.342594, 16.436625, 120.946521, -13.099404, -137.416549, 53706.0, 0.593063, 23.14879, 176.541532, -26.327039, -181.134449, 368.0, 0.002663, -14.078597, 2.390967, -25.586264, -1.683366, 33584.0, 0.33584, 17.860651, 117.664558, -11.061954, -135.916905, 55482.0, 0.618294, 24.051609, 182.134181, -26.729061, -194.678808, 1422.0, 0.010485, -15.973113, 4.400799, -28.756241, -5.643813, 561.0, 0.003951, -1.563372, 2.396788, -2.948568, -2.049303, 6780.0, 0.050838, 3.823886, 20.335777, -2.215781, -28.031332, 6922.0, 0.051946, 3.466775, 20.697559, -2.889345, -28.343778
1,0,150,33947.0, 0.341959, 14.715311, 123.527369, -15.307741, -124.36132, 54002.0, 0.597685, 21.135996, 183.417728, -29.461437, -166.357687, 469.0, 0.003398, -7.57135, 2.876227, -14.098519, -2.192162, 33487.0, 0.334062, 15.858524, 120.3438, -13.640261, -121.401881, 55226.0, 0.613091, 21.355591, 186.510761, -30.190245, -177.271728, 1287.0, 0.009492, -8.08841, 3.29757, -16.011113, -4.422639, 655.0, 0.004615, -0.951327, 1.986608, -1.705172, -2.130871, 6775.0, 0.050786, 3.610436, 20.265348, -2.468356, -22.872253, 6812.0, 0.051078, 3.414199, 20.34545, -2.781727, -22.760593
1,0,150,34291.0, 0.347789, 28.197632, 150.377871, -8.717248, -140.109732, 53739.0, 0.595222, 37.554091, 300.256096, -20.643565, -178.631482, 1719.0, 0.012439, -44.501664, 5.295026, -84.038527, -6.065938, 33740.0, 0.339044, 30.473525, 145.309455, -5.89424, -139.028236, 56197.0, 0.63213, 42.742393, 288.203711, -20.035051, -195.447737, 1968.0, 0.014511, -49.274874, 3.315915, -92.70519, -9.562456, 405.0, 0.002848, -5.0318, 1.482605, -9.617826, -2.218503, 7142.0, 0.053685, 4.91025, 23.37018, -2.059137, -31.795691, 7175.0, 0.053933, 3.630047, 23.928673, -3.127107, -31.283429
1,0,150,33752.0, 0.339578, 20.210721, 123.653786, -13.009216, -148.22504, 51020.0, 0.547172, 27.715095, 178.601943, -23.295141, -181.192266, 602.0, 0.004357, -24.526025, 2.600959, -44.457162, -2.432022, 33016.0, 0.328773, 21.785615, 119.053859, -10.839755, -145.300287, 55501.0, 0.618031, 29.918772, 185.853768, -22.876644, -194.315706, 1525.0, 0.011244, -27.277579, 3.924016, -49.1906, -7.311864, 468.0, 0.003294, -2.670852, 2.05055, -5.121152, -2.562957, 7068.0, 0.053099, 4.210713, 22.292832, -2.347372, -30.277582, 7240.0, 0.054422, 3.632437, 22.627144, -2.955053, -30.797901
1,0,150,33947.0, 0.342594, 16.406011, 121.93252, -14.277912, -137.349838, 53706.0, 0.593063, 23.151459, 176.550408, -26.302641, -176.151913, 435.0, 0.003149, -13.439474, 2.641382, -24.535499, -1.801691, 33548.0, 0.33548, 17.923233, 117.681967, -12.590994, -135.774124, 55413.0, 0.617051, 24.120766, 182.087393, -26.565133, -190.957085, 1356.0, 0.010001, -15.066019, 3.36773, -27.285302, -5.947715, 561.0, 0.003951, -1.384417, 2.372994, -2.712215, -2.125562, 6816.0, 0.051122, 3.753134, 20.288236, -2.356931, -28.037749, 6922.0, 0.051946, 3.436772, 20.699746, -2.889989, -28.349395
1,0,150,33947.0, 0.341959, 14.679872, 123.4508, -15.301482, -135.695516, 53972.0, 0.597353, 21.185473, 183.38161, -29.450766, -166.080906, 436.0, 0.003158, -7.303304, 2.825477, -13.500028, -2.051768, 33451.0, 0.333702, 15.883664, 120.284229, -13.601087, -135.114328, 55226.0, 0.613091, 21.439944, 186.206742, -30.121442, -177.10995, 1216.0, 0.008964, -8.056989, 3.668907, -15.210762, -4.998111, 655.0, 0.004615, -0.684306, 2.828363, -1.589412, -2.157313, 6743.0, 0.050546, 3.564403, 20.226505, -2.525991, -27.562229, 6812.0, 0.051078, 3.405027, 20.440546, -2.864941, -28.152138