0,0,50,8104.0, 0.080127, 2.536563, 5.362525, -2.844136, -11.049853, 26150.0, 0.398058, 7.354635, 11.539592, -6.929576, -13.809718, 1915.0, 0.013767, 0.839741, 4.396514, -0.848825, -6.284925, 5675.0, 0.056579, 1.612412, 5.596477, -1.537849, -4.966978, 21847.0, 0.322803, 6.471127, 9.787796, -5.050026, -11.910408, 1682.0, 0.012357, 0.733089, 2.695164, -0.455075, -5.358613, 1064.0, 0.007436, 0.456224, 2.203545, -0.265991, -1.796435, 844.0, 0.006487, 0.311664, 1.993557, -0.282484, -2.546819, 1217.0, 0.009332, 0.5943, 5.895298, -0.304729, -2.187776
0,0,50,7110.0, 0.069687, 2.135862, 5.387925, -3.046743, -10.304209, 23817.0, 0.342085, 6.624228, 10.385073, -7.100216, -16.61653, 1585.0, 0.011365, 0.608922, 2.378742, -0.688341, -5.674208, 4432.0, 0.043718, 1.360203, 3.64278, -1.485192, -5.336461, 26120.0, 0.357965, 8.059916, 11.216858, -6.996564, -13.001834, 1737.0, 0.012723, 0.694394, 2.22223, -0.451624, -2.090574, 970.0, 0.006768, 0.417469, 2.311377, -0.335271, -2.19824, 1178.0, 0.009031, 0.533787, 2.494547, -0.392004, -3.763621, 1435.0, 0.010978, 0.692421, 3.218174, -0.532843, -3.53102
0,0,50,7767.0, 0.07666, 2.02435, 3.364241, -3.368764, -13.168234, 29331.0, 0.451517, 6.757867, 9.931057, -7.348147, -15.745958, 2317.0, 0.016622, 0.845901, 5.51708, -0.600156, -7.225501, 5251.0, 0.052103, 1.298201, 5.95648, -1.896969, -7.243306, 27986.0, 0.386675, 7.779218, 11.856097, -7.296116, -14.218092, 1902.0, 0.013924, 0.785331, 3.011265, -0.535629, -2.642202, 1209.0, 0.008435, 0.435393, 2.610284, -0.452642, -3.069511, 1359.0, 0.010391, 0.581525, 2.086143, -0.434112, -2.878781, 1503.0, 0.011475, 0.702353, 3.275107, -0.490036, -5.008476
0,0,50,7407.0, 0.072432, 2.483527, 11.954719, -3.38732, -15.448505, 27246.0, 0.403644, 8.556197, 12.402995, -7.900202, -19.297459, 2223.0, 0.015951, 0.809428, 3.291985, -0.590731, -3.231569, 4498.0, 0.044447, 1.456321, 4.03673, -1.448677, -5.908286, 27274.0, 0.369536, 8.331266, 11.786073, -7.754236, -13.945401, 2139.0, 0.015671, 2.657416, 2.495902, -0.505365, -2.624831, 1389.0, 0.009695, 0.469182, 3.511335, -0.375767, -4.147725, 1620.0, 0.01239, 0.630075, 2.451502, -0.83051, -3.928609, 1838.0, 0.014041, 0.824601, 2.423502, -0.526451, -3.419873
0,0,50,7195.0, 0.070358, 2.140473, 10.785344, -3.161635, -10.377869, 26999.0, 0.384426, 7.337182, 11.971846, -8.179339, -20.632015, 2701.0, 0.019309, 1.148625, 9.341802, -0.709385, -3.101958, 4862.0, 0.047847, 1.430871, 3.793933, -1.77424, -8.066557, 27549.0, 0.363909, 8.073753, 13.385917, -8.069654, -13.940805, 2193.0, 0.016026, 0.780428, 2.326455, -0.678865, -2.324192, 1412.0, 0.009837, 0.584674, 4.40696, -0.388934, -2.300272, 1908.0, 0.014563, 0.754088, 2.52574, -0.841402, -4.667149, 2048.0, 0.015609, 0.881532, 2.852016, -0.625322, -4.039011
0,0,50,8094.0, 0.079561, 2.077738, 5.319949, -3.087078, -11.924972, 28387.0, 0.402202, 7.226299, 11.457374, -8.63936, -15.229664, 2262.0, 0.016163, 0.670705, 2.650821, -0.669945, -3.281523, 5036.0, 0.049618, 1.365167, 3.56558, -1.883001, -7.707464, 28825.0, 0.379132, 8.121939, 12.632631, -8.340011, -16.486711, 2455.0, 0.017936, 0.820945, 3.474023, -0.956765, -4.352777, 1202.0, 0.008371, 0.429853, 2.109459, -0.379993, -2.002214, 2199.0, 0.016774, 0.82514, 2.428334, -0.932541, -4.316437, 2375.0, 0.018096, 0.88372, 2.936761, -0.755904, -3.427276
0,0,50,7547.0, 0.074056, 2.075274, 7.543952, -2.79441, -9.411501, 29686.0, 0.417548, 7.56375, 12.231449, -8.866898, -20.19883, 2385.0, 0.017038, 0.712535, 2.632026, -0.843085, -6.254395, 5154.0, 0.050839, 1.364647, 3.693851, -1.683629, -7.419634, 30559.0, 0.401939, 8.340816, 12.963741, -8.855195, -16.784249, 2647.0, 0.019324, 0.857209, 2.640515, -0.77477, -3.00481, 1202.0, 0.008369, 0.415773, 2.101359, -0.370045, -1.765975, 2451.0, 0.018686, 0.893005, 2.506843, -0.896106, -3.251514, 2848.0, 0.021706, 1.006722, 3.142939, -0.821335, -3.457554
0,0,50,7843.0, 0.082054, 3.198284, 8.170791, -3.360881, -15.728039, 32468.0, 0.46287, 11.319622, 16.862206, -10.492618, -19.590083, 3449.0, 0.024772, 0.817964, 8.654596, -4.340168, -3.528125, 5704.0, 0.060451, 1.519765, 4.619805, -2.247281, -9.971752, 33145.0, 0.439251, 10.782387, 16.435404, -10.193094, -19.35492, 3782.0, 0.027814, 0.790198, 2.904865, -8.363508, -3.824565, 1872.0, 0.013087, 0.702714, 2.072003, -0.510498, -3.717921, 4066.0, 0.031385, 1.437289, 3.002035, -1.295348, -4.345689, 4167.0, 0.032135, 1.528882, 3.015356, -1.33014, -5.837124
0,0,50,9134.0, 0.096869, 2.471308, 6.406305, -3.924916, -15.965476, 33974.0, 0.486754, 9.089343, 15.409374, -11.47671, -27.673266, 3188.0, 0.02286, 0.957169, 2.909223, -1.066476, -5.037087, 6086.0, 0.064679, 1.670372, 5.529009, -1.986451, -6.855903, 33595.0, 0.443774, 9.663327, 15.576197, -10.350269, -18.074926, 3773.0, 0.02772, 1.378974, 3.574803, -1.206929, -3.417629, 1657.0, 0.011566, 0.627821, 2.32027, -0.556834, -2.462283, 4359.0, 0.033656, 1.486312, 3.330978, -1.315214, -4.418894, 4378.0, 0.033742, 1.489964, 3.522311, -1.538061, -6.280625
0,0,50,8773.0, 0.092913, 2.343263, 6.49456, -3.252629, -8.08059, 34249.0, 0.485857, 8.285504, 13.590052, -11.800578, -30.909307, 3214.0, 0.023035, 0.9161, 3.090109, -1.208513, -4.704615, 5969.0, 0.063479, 1.59062, 4.773967, -2.369536, -10.233296, 34029.0, 0.446153, 8.755895, 13.770954, -9.739461, -16.297424, 3970.0, 0.029174, 1.137924, 2.597535, -1.178659, -3.141684, 1626.0, 0.011345, 0.604423, 2.670202, -0.51594, -3.018886, 4387.0, 0.033842, 1.277655, 2.997144, -1.4214, -4.183033, 4523.0, 0.03486, 1.38202, 3.145534, -1.437135, -5.17587
0,0,50,8722.0, 0.092436, 2.281571, 5.477316, -3.15915, -10.232169, 34778.0, 0.491548, 8.307677, 13.639167, -10.301021, -30.941153, 3522.0, 0.025243, 1.006576, 5.840187, -1.058006, -3.866242, 6161.0, 0.065612, 1.550346, 4.25383, -1.882044, -7.071548, 34274.0, 0.446526, 8.835489, 14.258477, -9.893993, -15.547777, 4065.0, 0.029865, 1.225836, 2.689826, -1.147181, -3.2464, 1745.0, 0.012178, 0.548501, 2.176169, -0.500107, -2.184625, 4456.0, 0.034364, 1.37925, 4.280782, -1.532223, -5.079162, 4666.0, 0.035962, 1.428538, 3.281233, -1.643352, -4.718996
0,0,50,8938.0, 0.093573, 2.919888, 6.262044, -3.344672, -7.865657, 30378.0, 0.441329, 9.198549, 15.536292, -9.420878, -24.677859, 2852.0, 0.02047, 1.519706, 2.41753, -0.941072, -6.723501, 6011.0, 0.063228, 1.636706, 4.916046, -2.203284, -7.218043, 30414.0, 0.407951, 8.857388, 13.774331, -8.950232, -14.794925, 3325.0, 0.02446, 0.948285, 3.131024, -2.049066, -2.814429, 1787.0, 0.012506, 1.414283, 2.297579, -0.480562, -2.791196, 3215.0, 0.024786, 1.42925, 2.536643, -0.996774, -4.592921, 3317.0, 0.025542, 1.150905, 2.860581, -1.149984, -3.69958
0,0,50,9024.0, 0.094728, 2.456142, 5.682073, -4.068659, -14.946927, 31454.0, 0.452914, 7.729893, 12.219067, -10.169576, -23.936525, 2912.0, 0.02089, 0.864951, 2.500384, -1.093217, -3.622649, 6210.0, 0.065499, 1.547817, 6.226752, -2.144114, -10.072849, 31591.0, 0.423739, 8.324196, 13.00028, -9.731989, -14.931459, 3316.0, 0.024368, 1.071601, 2.552962, -1.140861, -3.37044, 1509.0, 0.010535, 0.560221, 2.604728, -0.501633, -3.493441, 3399.0, 0.026205, 1.092734, 2.733218, -1.171058, -3.910897, 3615.0, 0.027853, 1.115036, 2.86111, -1.229581, -5.444775
0,0,50,9132.0, 0.096318, 2.783286, 6.943746, -4.574275, -17.488248, 32108.0, 0.462332, 8.40772, 14.70813, -10.479112, -20.38227, 2972.0, 0.021316, 0.918791, 3.120371, -0.975524, -3.478576, 6305.0, 0.066821, 1.625483, 4.695562, -2.157756, -6.624133, 31953.0, 0.426239, 9.130879, 15.384988, -10.109211, -20.178479, 3480.0, 0.025574, 1.153703, 2.907531, -1.159925, -3.604233, 1568.0, 0.010947, 0.552374, 2.982454, -0.527478, -2.253943, 3545.0, 0.02733, 1.253457, 3.149963, -1.206961, -4.357241, 3835.0, 0.029557, 1.356073, 3.000287, -1.258752, -4.098805
0,0,50,9422.0, 0.099924, 2.446488, 6.193315, -3.857019, -11.383603, 35932.0, 0.541716, 8.466391, 14.575544, -10.580083, -21.039862, 3508.0, 0.02519, 0.920833, 4.597271, -1.105334, -3.223906, 6462.0, 0.068818, 1.645757, 4.313244, -2.031549, -15.032815, 34722.0, 0.476957, 9.224174, 15.122685, -10.146351, -18.77882, 3684.0, 0.027094, 1.303161, 3.774845, -1.162034, -3.722675, 1690.0, 0.011804, 0.539739, 1.907464, -0.496534, -2.297531, 3806.0, 0.02936, 1.317552, 3.198843, -1.546302, -5.58386, 4136.0, 0.031915, 1.343618, 3.114101, -1.246026, -4.472509
0,0,50,8363.0, 0.087029, 2.919888, 6.262044, -3.344672, -7.865657, 28719.0, 0.407408, 9.198549, 15.536292, -9.420878, -24.677859, 2852.0, 0.02047, 1.519706, 2.41753, -0.941072, -6.723501, 5497.0, 0.05751, 1.636706, 4.916046, -2.203284, -7.218043, 30332.0, 0.406405, 8.857388, 13.774331, -8.950232, -14.794925, 3325.0, 0.02446, 0.948285, 3.131024, -2.049066, -2.814429, 1787.0, 0.012506, 1.414283, 2.297579, -0.480562, -2.791196, 3176.0, 0.024478, 1.42925, 2.536643, -0.996774, -4.592921, 3317.0, 0.025542, 1.150905, 2.860581, -1.149984, -3.69958
0,0,50,8767.0, 0.091783, 2.456142, 5.682073, -3.288156, -13.390145, 32069.0, 0.465896, 7.729893, 12.219067, -8.888232, -23.936525, 2944.0, 0.021125, 0.864951, 2.500384, -0.803541, -2.756506, 5952.0, 0.062607, 1.547817, 3.826515, -1.691883, -10.072849, 31591.0, 0.423739, 8.324196, 13.00028, -8.844699, -14.596239, 3316.0, 0.024368, 1.071601, 2.552962, -0.954601, -2.459933, 1509.0, 0.010535, 0.560221, 2.604728, -0.438615, -2.933847, 3399.0, 0.026205, 1.092734, 2.733218, -0.805084, -3.910897, 3615.0, 0.027853, 1.115036, 2.86111, -1.068257, -5.444775
0,0,50,8681.0, 0.091128, 2.783286, 6.943746, -4.068659, -14.946927, 32108.0, 0.462332, 8.40772, 14.70813, -10.169576, -22.174909, 2972.0, 0.021316, 0.918791, 2.681899, -1.093217, -3.622649, 6045.0, 0.063889, 1.625483, 6.226752, -2.144114, -5.081067, 31953.0, 0.426239, 9.130879, 15.384988, -9.731989, -14.931459, 3480.0, 0.025574, 1.153703, 2.907531, -1.140861, -3.37044, 1509.0, 0.010535, 0.552374, 1.946652, -0.501633, -3.493441, 3545.0, 0.02733, 1.253457, 3.149963, -1.171058, -3.121879, 3835.0, 0.029557, 1.356073, 3.000287, -1.229581, -3.840462
0,0,50,8499.0, 0.089641, 2.446488, 6.807027, -4.574275, -17.488248, 31517.0, 0.452681, 8.466391, 14.575544, -10.479112, -20.38227, 2906.0, 0.020833, 0.920833, 3.120371, -0.975524, -3.478576, 5825.0, 0.061734, 1.645757, 4.313244, -2.157756, -6.624133, 31181.0, 0.415027, 9.224174, 15.122685, -10.109211, -20.178479, 3382.0, 0.024853, 1.303161, 3.774845, -1.159925, -3.604233, 1538.0, 0.010736, 0.539739, 2.982454, -0.527478, -2.253943, 3509.0, 0.027053, 1.317552, 3.198843, -1.206961, -4.357241, 3762.0, 0.028994, 1.343618, 3.114101, -1.258752, -4.098805
0,0,50,7181.0, 0.075948, 1.837318, 17.500168, -2.305481, -7.847913, 24922.0, 0.415007, 6.174952, 9.218501, -7.393896, -16.997551, 2151.0, 0.015501, 0.639534, 2.021919, -0.640777, -2.840709, 4858.0, 0.051521, 1.229363, 5.468806, -1.345165, -4.480503, 23558.0, 0.348084, 6.823888, 11.097175, -7.17639, -13.42094, 2414.0, 0.017818, 1.126453, 5.385403, -0.686469, -2.742563, 1219.0, 0.008533, 0.441326, 2.083325, -0.505191, -4.328919, 1731.0, 0.013513, 0.696944, 2.901337, -0.55076, -3.014091, 1840.0, 0.014338, 0.726316, 2.201468, -0.544767, -3.095735
0,0,50,6723.0, 0.070717, 2.121584, 5.472647, -2.629623, -13.650717, 20292.0, 0.330494, 6.290336, 10.367105, -6.264558, -16.543707, 1872.0, 0.013519, 0.638975, 4.95464, -0.642347, -4.570014, 4288.0, 0.04532, 1.37363, 4.200386, -1.4062, -5.113882, 21133.0, 0.319476, 6.942842, 11.024408, -6.069811, -13.275451, 1817.0, 0.013457, 0.747284, 2.185603, -0.462866, -2.070106, 1072.0, 0.007513, 0.520587, 2.572639, -0.262562, -2.808406, 1276.0, 0.010005, 0.543723, 2.544089, -0.346183, -5.419478, 1266.0, 0.009893, 0.578651, 2.115131, -0.552057, -3.751326
0,0,50,6417.0, 0.067407, 1.953938, 4.992955, -2.588623, -6.814569, 20469.0, 0.324374, 6.025862, 11.185641, -6.585476, -19.114296, 1792.0, 0.012895, 0.738377, 3.710236, -0.915467, -5.658471, 4277.0, 0.045111, 1.201028, 4.743219, -1.444023, -6.854366, 20763.0, 0.301643, 6.715256, 10.926699, -6.499594, -12.968113, 1872.0, 0.013821, 0.730694, 2.342477, -0.563262, -2.003822, 1191.0, 0.00834, 0.497139, 2.143702, -0.324009, -2.019732, 1342.0, 0.010477, 0.640258, 3.475535, -0.470358, -2.211739, 1610.0, 0.012549, 0.743792, 2.877002, -0.492241, -3.876787
0,0,50,8104.0, 0.084558, 4.018217, 7.637773, -2.420295, -9.341206, 33700.0, 0.500587, 11.533732, 17.777955, -10.147631, -25.086072, 3780.0, 0.027214, 1.385151, 3.125865, -1.132892, -5.874501, 7204.0, 0.076935, 3.112663, 5.733341, -1.229167, -8.388189, 34676.0, 0.472502, 11.560125, 17.958811, -10.441767, -17.596798, 4257.0, 0.031372, 1.256472, 3.106021, -2.136979, -2.782651, 1992.0, 0.013931, 0.692308, 2.362339, -0.636151, -4.105326, 4395.0, 0.034204, 1.516624, 3.385628, -0.985841, -3.96304, 4452.0, 0.034584, 1.640054, 3.282935, -1.051983, -5.096458
0,0,50,8649.0, 0.088611, 2.822409, 7.279555, -3.187558, -9.678643, 33903.0, 0.478599, 9.581567, 17.063463, -11.053289, -19.712959, 3057.0, 0.021813, 0.997004, 3.020256, -0.992186, -3.846232, 5723.0, 0.058784, 1.896704, 4.879658, -1.995025, -8.156454, 34355.0, 0.448054, 10.178681, 17.12666, -10.831028, -19.781902, 3829.0, 0.028003, 1.246581, 2.590604, -1.13523, -4.110958, 1646.0, 0.011462, 0.557989, 1.7584, -0.507692, -2.273687, 4420.0, 0.034086, 1.474117, 2.992476, -1.390991, -5.996753, 4443.0, 0.034212, 1.578531, 3.521128, -1.415687, -4.850275
0,0,50,8325.0, 0.084913, 2.571943, 6.767481, -3.242117, -9.037472, 35150.0, 0.486795, 9.688592, 18.717795, -11.480575, -20.702003, 3107.0, 0.022139, 0.974934, 3.125527, -1.249023, -4.241056, 5633.0, 0.057601, 1.733287, 5.048397, -1.959699, -5.91173, 35628.0, 0.457949, 10.419513, 18.559443, -11.347747, -22.083783, 4056.0, 0.029574, 1.341637, 4.835764, -1.305817, -3.549702, 1523.0, 0.01059, 0.609683, 3.82044, -0.499497, -2.206973, 4578.0, 0.035221, 1.599154, 3.336386, -1.523433, -5.581264, 4667.0, 0.035841, 1.62232, 3.475038, -1.587479, -5.51351
0,0,50,9687.0, 0.099629, 2.309001, 4.636604, -4.399401, -16.455256, 42638.0, 0.637606, 10.010121, 13.907698, -11.746438, -26.274284, 3709.0, 0.026502, 1.025959, 2.941077, -1.079179, -3.179551, 6844.0, 0.070526, 1.643009, 3.117357, -2.238838, -6.53343, 41112.0, 0.552677, 10.633727, 15.758323, -11.640091, -20.965662, 4259.0, 0.031093, 1.339249, 3.192951, -1.260342, -3.743265, 1913.0, 0.013325, 0.546712, 2.102763, -0.526916, -3.577755, 5267.0, 0.04057, 1.685955, 3.17896, -1.716539, -7.738495, 5391.0, 0.041463, 1.67754, 3.899119, -1.681261, -5.862952
0,0,50,6642.0, 0.069166, 2.148277, 5.492221, -2.553682, -6.723234, 24382.0, 0.374279, 7.342127, 11.497159, -7.826907, -20.416503, 2254.0, 0.016174, 0.758888, 2.618306, -0.958308, -5.696638, 4591.0, 0.047967, 1.34294, 4.37897, -1.468539, -6.046719, 25043.0, 0.353096, 7.895608, 12.593369, -7.914697, -15.770779, 2323.0, 0.017075, 0.942648, 2.292082, -0.747357, -2.316606, 1272.0, 0.008886, 0.463514, 1.715274, -0.3698, -2.482883, 2059.0, 0.016, 0.853175, 2.52592, -0.714689, -2.760487, 2281.0, 0.017698, 0.951315, 3.075252, -0.719811, -4.451649
0,0,50,6615.0, 0.068657, 1.94927, 7.903268, -2.285183, -8.939793, 25853.0, 0.391368, 7.331955, 11.036178, -7.490541, -15.865398, 2248.0, 0.016112, 0.750257, 2.646986, -0.712464, -5.389023, 4392.0, 0.045736, 1.278592, 3.635587, -1.607874, -6.07568, 26484.0, 0.368514, 8.018, 11.74339, -7.382715, -15.209411, 2684.0, 0.019709, 1.002502, 2.614247, -0.765224, -3.16636, 1238.0, 0.008636, 0.562771, 2.501051, -0.471436, -2.736982, 2319.0, 0.017992, 0.975588, 3.247532, -0.72254, -3.68192, 2617.0, 0.020292, 1.029524, 3.67689, -0.813718, -4.393564
0,0,50,7574.0, 0.078923, 1.654251, 4.352921, -2.31053, -7.607458, 30936.0, 0.488798, 6.829361, 9.342309, -8.033837, -18.854657, 3100.0, 0.022244, 0.855157, 5.823051, -0.752999, -2.372197, 5007.0, 0.052279, 1.145906, 6.279493, -1.594894, -5.290113, 30310.0, 0.43157, 7.528079, 10.66527, -7.916125, -13.190278, 3020.0, 0.022193, 0.889507, 2.573104, -0.854399, -2.904408, 1448.0, 0.010105, 0.557511, 2.793262, -0.464651, -2.656224, 2729.0, 0.021154, 1.073288, 3.610655, -0.905214, -2.936611, 3064.0, 0.023744, 0.953163, 3.418605, -1.016153, -3.827749
0,0,50,7287.0, 0.071546, 11.668428, 24.810603, 2.115376, -25.214223, 26083.0, 0.397038, 24.27958, 73.50035, -1.122337, -68.509238, 1594.0, 0.011457, 0.713251, 5.002592, -0.939988, -8.483086, 5160.0, 0.051352, 8.410943, 15.794131, 2.151562, -14.770544, 21689.0, 0.320048, 17.818652, 63.465962, -1.195739, -49.959058, 1442.0, 0.010586, 3.093245, 6.099182, 1.234348, -3.465684, 822.0, 0.005741, 0.999155, 3.271221, 0.18049, -2.092808, 729.0, 0.0056, -0.369098, 2.57324, -1.470852, -1.718287, 838.0, 0.006422, 0.893371, 4.382013, 0.104663, -3.089528
0,0,50,6886.0, 0.067414, 7.104076, 20.720941, -0.50094, -27.022707, 23751.0, 0.341137, 19.11261, 66.277709, -6.008219, -71.186689, 1454.0, 0.010416, 0.971045, 5.545002, -0.445413, -5.19156, 4317.0, 0.042558, 5.257605, 12.967565, 0.307934, -14.28544, 23919.0, 0.31872, 21.487527, 79.750458, -4.348938, -69.525743, 1532.0, 0.011213, 2.296414, 6.224805, 0.466451, -4.16862, 848.0, 0.005915, 0.854343, 3.254344, -0.041988, -3.352768, 989.0, 0.007577, 0.480489, 4.225296, -0.533809, -2.632467, 1134.0, 0.008671, 1.171429, 5.108907, -0.030272, -3.157454
0,0,50,8005.0, 0.079195, 5.056519, 18.891547, -2.403911, -25.403918, 29700.0, 0.459809, 16.355615, 66.773138, -10.983142, -73.281534, 2218.0, 0.0159, 1.493571, 8.454595, -0.63329, -5.135516, 5371.0, 0.053357, 3.935653, 12.507185, -1.386787, -13.877849, 28035.0, 0.388259, 18.307317, 76.619215, -8.988319, -72.09331, 1733.0, 0.012684, 1.736631, 6.07516, -0.20561, -4.991849, 1089.0, 0.0076, 0.799106, 3.726396, -0.352364, -2.417316, 1208.0, 0.009231, 0.968915, 5.26555, -0.257769, -3.868825, 1503.0, 0.011475, 1.406578, 7.03399, -0.223683, -4.959635
0,0,50,7233.0, 0.074924, 7.583951, 28.954248, 1.028965, -18.558193, 23486.0, 0.357506, 21.876345, 79.569833, -2.339193, -68.775033, 2562.0, 0.018454, -6.539414, 12.069578, -11.929981, -5.319444, 5887.0, 0.061881, 5.959911, 18.753344, 1.288119, -11.910139, 22909.0, 0.315786, 18.384758, 78.199079, -5.502378, -70.357886, 2122.0, 0.015598, -0.461598, 8.146023, -3.193477, -5.192053, 1276.0, 0.008924, 1.103771, 4.42564, -0.002093, -2.561053, 1602.0, 0.012321, -2.671335, 7.543429, -5.517036, -4.9666, 1674.0, 0.01286, 2.469456, 7.461254, 0.684185, -4.640654
0,0,50,7906.0, 0.081312, 6.435349, 22.053831, -1.778256, -29.502103, 25403.0, 0.383505, 19.26445, 73.31949, -6.61114, -79.410807, 1936.0, 0.013885, -2.910237, 6.918928, -6.663874, -10.514304, 5540.0, 0.057312, 4.987128, 13.996231, -0.924307, -18.975588, 25495.0, 0.356026, 17.212092, 78.959604, -8.144921, -77.185214, 2146.0, 0.015742, 0.531605, 7.998139, -1.888001, -6.810826, 1121.0, 0.007826, 0.938834, 4.449366, -0.083539, -3.448093, 1979.0, 0.015225, -0.670048, 7.451995, -3.218983, -6.521679, 2305.0, 0.017697, 2.412028, 10.341287, -0.053524, -6.594685
0,0,50,8299.0, 0.086306, 4.602588, 20.675647, -3.449896, -29.653491, 26130.0, 0.391273, 17.543433, 77.380674, -8.821157, -82.195427, 2159.0, 0.015492, -0.994487, 7.396077, -3.910228, -6.702711, 5854.0, 0.061245, 3.302931, 14.62306, -2.395575, -19.316738, 26314.0, 0.365285, 16.741295, 84.540003, -9.685199, -79.218134, 2453.0, 0.018017, 1.021127, 9.242862, -1.440132, -7.864763, 1119.0, 0.007809, 0.81056, 4.984377, -0.314571, -3.521702, 2207.0, 0.016995, 0.297188, 8.565769, -2.080446, -7.861168, 2352.0, 0.018095, 1.841982, 9.046055, -0.567122, -7.694467
0,0,50,8137.0, 0.085187, 3.598374, 21.521803, -3.933172, -28.604378, 28298.0, 0.431359, 16.302663, 73.068157, -11.594129, -84.218416, 2289.0, 0.016433, 0.065597, 7.802721, -2.462822, -7.330146, 5593.0, 0.058831, 2.463036, 13.917688, -2.772256, -17.726976, 27466.0, 0.382178, 16.210772, 79.870963, -11.070221, -81.408689, 2590.0, 0.019038, 1.260934, 8.967204, -1.299206, -8.128738, 1364.0, 0.009533, 0.761944, 4.295027, -0.626708, -5.420847, 2323.0, 0.017904, 0.834721, 8.553046, -1.536326, -7.475553, 2579.0, 0.019859, 1.782571, 9.455442, -0.810701, -7.761092
0,0,50,8632.0, 0.090188, 6.872303, 28.103453, -2.086058, -32.10736, 29553.0, 0.425009, 28.00443, 88.962715, -4.435759, -89.994708, 2725.0, 0.019553, 3.527692, 9.358506, 0.463973, -9.200914, 5759.0, 0.060454, 3.326709, 18.005677, -2.356287, -19.266665, 30249.0, 0.404842, 24.133283, 90.104611, -6.900556, -88.627665, 3191.0, 0.023468, -0.439292, 10.276175, -4.475309, -9.319128, 1542.0, 0.010775, 3.93217, 5.181621, 1.895758, -4.503202, 3138.0, 0.024178, 4.749683, 10.945236, 0.929931, -9.790633, 3205.0, 0.024672, 2.642646, 11.682914, -0.659945, -9.910338
0,0,50,8902.0, 0.093384, 5.120255, 23.040164, -3.624025, -31.121987, 31681.0, 0.459671, 22.144069, 77.143317, -9.906438, -99.443921, 2913.0, 0.020902, 2.524105, 7.967953, -0.420297, -9.153725, 6026.0, 0.063514, 2.972706, 14.901648, -2.856047, -21.442568, 31480.0, 0.42225, 20.416503, 83.144284, -10.51463, -96.699344, 3316.0, 0.024368, 0.901274, 9.96973, -2.804699, -10.171885, 1449.0, 0.010116, 2.221569, 5.028167, 0.586614, -4.741178, 3285.0, 0.025311, 3.38471, 10.510532, -0.150871, -10.490288, 3461.0, 0.026643, 2.525439, 10.911761, -0.968752, -10.942038
0,0,50,9010.0, 0.094966, 4.31605, 24.423401, -4.293324, -32.830426, 32021.0, 0.460502, 19.46122, 84.002626, -12.447576, -104.992987, 2906.0, 0.020833, 2.088246, 9.047076, -0.87082, -9.077972, 6240.0, 0.066086, 2.7877, 15.993774, -3.123044, -21.606916, 31761.0, 0.423215, 18.783384, 90.790893, -12.715262, -100.343556, 3382.0, 0.024853, 1.423817, 11.384705, -2.061509, -10.432919, 1448.0, 0.010105, 1.537715, 5.306572, -0.048551, -4.600625, 3545.0, 0.02733, 2.913367, 12.544725, -0.741231, -11.791197, 3722.0, 0.028669, 2.510209, 12.584358, -1.167993, -11.545102
0,0,50,9510.0, 0.101137, 3.897479, 23.57078, -4.445628, -32.189342, 36942.0, 0.567082, 18.002469, 84.335649, -15.851815, -105.602612, 3519.0, 0.025299, 1.985451, 8.608225, -1.319786, -9.758551, 6604.0, 0.070527, 2.5586, 15.553693, -3.139082, -19.884953, 35119.0, 0.485794, 18.056771, 92.273906, -15.017547, -101.631599, 3653.0, 0.026873, 1.710565, 11.656322, -1.668883, -10.95533, 1660.0, 0.011597, 1.213823, 5.2632, -0.497495, -4.23275, 3733.0, 0.028797, 2.658649, 12.783652, -1.008165, -11.979294, 4019.0, 0.030985, 2.556035, 13.091063, -1.295447, -12.167226
0,0,50,8404.0, 0.088821, 7.266648, 29.723053, -1.515632, -31.936581, 32816.0, 0.470163, 30.272384, 107.060645, -5.011649, -105.049176, 3416.0, 0.024529, -24.707887, 10.354306, -46.812726, -9.880551, 5723.0, 0.060821, -0.730194, 19.29208, -7.255581, -22.305519, 33010.0, 0.436993, 27.823648, 105.161558, -6.96221, -102.794529, 3681.0, 0.027065, -30.782705, 12.295782, -57.804387, -10.804468, 1721.0, 0.012026, 0.038125, 6.530648, -1.972513, -4.36696, 3916.0, 0.030209, 1.564395, 13.816295, -2.543979, -12.478304, 4131.0, 0.031858, 4.592969, 14.624859, 0.142633, -12.752783
0,0,50,8816.0, 0.09324, 5.877789, 23.886205, -2.857099, -35.292689, 33279.0, 0.472096, 24.487868, 90.397544, -9.858157, -98.501, 3026.0, 0.021678, -13.60698, 9.208393, -24.658528, -9.401477, 6025.0, 0.06403, 1.143519, 16.076285, -4.119213, -19.661534, 32891.0, 0.430775, 23.109331, 96.236585, -10.523089, -94.982609, 3703.0, 0.027192, -16.749597, 12.584189, -30.694759, -11.200181, 1535.0, 0.010708, 0.445027, 5.841503, -1.195289, -4.480366, 4019.0, 0.030985, 2.106893, 13.648664, -1.80503, -12.652021, 4268.0, 0.032885, 3.790545, 14.080138, -0.650567, -12.596426
0,0,50,8132.0, 0.085595, 4.697346, 21.909887, -3.357532, -32.527575, 32874.0, 0.457428, 20.856608, 82.626051, -10.06286, -102.153601, 3118.0, 0.022337, -6.536043, 8.93276, -13.590118, -10.492326, 5643.0, 0.059805, 1.986636, 14.706005, -3.651993, -23.766833, 33733.0, 0.440868, 20.522616, 87.744742, -10.134486, -97.92844, 3836.0, 0.028175, -7.941529, 11.273984, -16.78608, -11.511486, 1506.0, 0.010505, 0.607702, 4.798835, -0.962375, -4.877554, 4201.0, 0.032388, 2.434342, 12.478411, -1.634405, -13.179535, 4374.0, 0.033691, 3.261655, 13.740564, -0.988266, -13.470408
0,0,50,8599.0, 0.09107, 4.17332, 22.189084, -3.751128, -29.07879, 34550.0, 0.487141, 18.99396, 82.232561, -13.092746, -95.489009, 3213.0, 0.023023, -2.231661, 8.768417, -7.536033, -8.764704, 5849.0, 0.062203, 2.44659, 14.769151, -3.431597, -18.464121, 34170.0, 0.445171, 19.165399, 88.319515, -12.972419, -93.469486, 3966.0, 0.02913, -2.574741, 11.718977, -9.190602, -10.573437, 1504.0, 0.010487, 0.737871, 5.093721, -0.781332, -4.180854, 4381.0, 0.033775, 2.640961, 13.329258, -1.56689, -13.685703, 4553.0, 0.03507, 3.087058, 13.301105, -1.10857, -16.507632
0,0,50,6330.0, 0.061828, 6.011446, 24.289245, -0.720309, -33.938055, 26767.0, 0.39602, 24.4342, 83.627324, -3.015546, -74.602547, 1998.0, 0.014327, 0.64517, 7.066904, -1.494135, -5.21994, 4386.0, 0.04334, 2.761661, 14.434959, -1.199483, -12.353878, 27132.0, 0.367199, 21.243912, 83.645938, -5.997924, -77.705311, 2003.0, 0.014667, 5.540413, 7.145504, 2.749371, -4.857726, 1119.0, 0.007807, 0.51941, 4.295474, -0.642807, -2.639843, 1545.0, 0.011813, -0.26909, 6.262976, -2.295558, -4.133066, 1652.0, 0.012616, 2.789313, 6.940787, 0.693111, -5.305724
0,0,50,7136.0, 0.069741, 5.035201, 21.118251, -2.158326, -25.673593, 27633.0, 0.397397, 20.730445, 72.747818, -7.450731, -81.108857, 1984.0, 0.014186, 1.060359, 5.833773, -0.859538, -7.111805, 4633.0, 0.045541, 2.901775, 13.597244, -1.704989, -15.634506, 28040.0, 0.372813, 19.309016, 79.506949, -8.919875, -80.18259, 2124.0, 0.015514, 3.625217, 7.080811, 0.849904, -6.796087, 1382.0, 0.009626, 0.950223, 5.831704, -0.365214, -3.766488, 1908.0, 0.014563, 0.798054, 7.053405, -1.239211, -6.927508, 1975.0, 0.015053, 2.361076, 7.757462, 0.187321, -5.394817
0,0,50,7741.0, 0.075828, 4.394562, 20.294379, -3.066817, -30.597699, 28240.0, 0.399632, 18.357746, 71.725197, -10.313965, -83.321275, 2007.0, 0.014328, 1.226374, 6.074962, -0.767418, -6.730413, 4921.0, 0.048456, 2.647001, 12.828164, -2.113379, -15.558392, 28744.0, 0.377664, 18.120286, 79.007855, -10.897717, -82.748568, 2251.0, 0.016425, 2.638788, 7.822364, 0.052788, -6.590718, 1113.0, 0.007748, 0.71251, 3.642864, -0.401446, -3.253555, 2050.0, 0.015629, 1.227815, 7.401716, -0.761995, -6.648034, 2228.0, 0.016966, 2.066773, 7.973417, -0.292998, -6.526106
0,0,50,8145.0, 0.080437, 3.625684, 19.425395, -3.468966, -26.841796, 34544.0, 0.522934, 17.401955, 75.226131, -14.117314, -88.749365, 2486.0, 0.01778, 1.299873, 6.317613, -1.007815, -6.750999, 5575.0, 0.055252, 2.520068, 13.191061, -2.38248, -15.940127, 33396.0, 0.456629, 17.862812, 82.312585, -13.499848, -88.497973, 2684.0, 0.019609, 2.15334, 8.426117, -0.638683, -7.003172, 1263.0, 0.008797, 0.72092, 4.052179, -0.51985, -3.073843, 2417.0, 0.018432, 1.551797, 8.215749, -0.760212, -8.98081, 2667.0, 0.020327, 2.011895, 8.961718, -0.659501, -7.857222
0,0,50,7136.0, 0.069741, 5.035201, 21.118251, -2.158326, -25.673593, 27633.0, 0.397397, 20.730445, 72.747818, -7.450731, -81.108857, 1984.0, 0.014186, 1.060359, 5.833773, -0.859538, -7.111805, 4633.0, 0.045541, 2.901775, 13.597244, -1.704989, -15.634506, 28040.0, 0.372813, 19.309016, 79.506949, -8.919875, -80.18259, 2124.0, 0.015514, 3.625217, 7.080811, 0.849904, -6.796087, 1382.0, 0.009626, 0.950223, 5.831704, -0.365214, -3.766488, 1908.0, 0.014563, 0.798054, 7.053405, -1.239211, -6.927508, 1975.0, 0.015053, 2.361076, 7.757462, 0.187321, -5.394817
0,0,100,12674.0, 0.125982, 3.131869, 7.936147, -4.617479, -10.053027, 43804.0, 0.485551, 12.023683, 22.459026, -15.106665, -22.520465, 3139.0, 0.021963, 0.812853, 3.101581, -0.973381, -2.494399, 10200.0, 0.101632, 2.44215, 6.388708, -3.656689, -7.908992, 36617.0, 0.36035, 10.733733, 21.965164, -12.47269, -18.723737, 4409.0, 0.031519, 1.346214, 3.160847, -1.334636, -2.892837, 1637.0, 0.0113, 0.546767, 1.826594, -0.520978, -1.758643, 7663.0, 0.057086, 2.366876, 5.416778, -2.876997, -7.529836, 7744.0, 0.057643, 2.415764, 5.38045, -2.772892, -7.008851
0,0,100,14621.0, 0.159078, 4.372381, 9.045399, -5.727067, -16.207108, 38771.0, 0.436797, 13.314165, 21.80147, -12.594898, -21.688784, 4516.0, 0.032336, 0.593874, 4.122239, -4.321953, -5.707373, 10773.0, 0.117903, 3.540691, 6.254262, -3.838346, -14.186954, 36616.0, 0.381802, 11.748847, 21.591416, -12.028126, -19.243915, 6356.0, 0.046817, 2.911727, 4.527751, -1.877239, -4.586455, 2153.0, 0.015012, 1.128487, 2.570728, -0.741833, -2.836649, 9603.0, 0.075658, 2.702457, 6.21757, -3.745264, -12.733379, 9686.0, 0.076093, 3.019118, 6.218196, -3.684888, -12.046596
0,0,100,13898.0, 0.150662, 3.587308, 8.104931, -5.55792, -17.136774, 38894.0, 0.43681, 10.752917, 18.425561, -12.855158, -23.733953, 4474.0, 0.031998, 1.33984, 3.93189, -1.523007, -4.509705, 10427.0, 0.113612, 2.703118, 5.754051, -3.713499, -12.486315, 36177.0, 0.374499, 10.583537, 19.713543, -12.162749, -19.212716, 6098.0, 0.044893, 1.915837, 4.403978, -1.983936, -5.631319, 2182.0, 0.015214, 0.739657, 2.468714, -0.723626, -2.692967, 9695.0, 0.076334, 3.074148, 6.363418, -3.769304, -13.007261, 9668.0, 0.07588, 3.097318, 6.396329, -3.673462, -12.634971
0,0,100,13575.0, 0.147268, 3.351228, 7.667168, -4.947617, -15.930691, 39133.0, 0.440876, 10.461285, 18.627546, -12.993511, -23.2695, 4574.0, 0.032744, 1.299201, 3.473513, -1.834248, -6.440605, 10327.0, 0.112689, 2.678821, 5.898321, -3.494069, -11.057597, 36489.0, 0.379975, 10.273167, 19.525218, -12.159055, -18.901538, 6129.0, 0.045122, 1.897466, 4.214284, -1.952109, -4.988097, 2123.0, 0.014803, 0.725103, 2.422857, -0.680466, -3.386062, 9619.0, 0.075712, 2.924149, 6.037009, -3.80698, -12.716779, 9633.0, 0.075605, 2.921259, 6.069501, -3.776726, -13.113353
0,0,100,13885.0, 0.149336, 3.989988, 9.852668, -4.965767, -18.038294, 40776.0, 0.460111, 12.382292, 26.571623, -13.132454, -21.977181, 4922.0, 0.035202, 1.571199, 4.710053, -1.678787, -6.061452, 10292.0, 0.111409, 2.927947, 7.406511, -3.575898, -11.615448, 37645.0, 0.392532, 12.192613, 27.681187, -12.292857, -20.30696, 6306.0, 0.046389, 2.098964, 5.625143, -2.001271, -4.666393, 2211.0, 0.015417, 0.744115, 3.438448, -0.682936, -2.305252, 9951.0, 0.078275, 3.586337, 8.536947, -3.969485, -14.057222, 9922.0, 0.077799, 3.531966, 8.299567, -3.838803, -14.055121
0,0,100,14207.0, 0.157121, 4.517479, 7.693009, -5.41596, -16.472907, 40950.0, 0.468407, 14.048333, 20.803002, -13.719214, -23.770957, 5087.0, 0.036519, 1.952973, 3.810989, -1.935206, -5.087078, 10233.0, 0.113689, 3.540301, 6.090439, -3.917183, -12.551454, 37718.0, 0.394346, 13.041182, 20.928496, -12.857766, -20.490037, 6637.0, 0.048988, 1.110809, 3.942389, -6.536258, -5.170799, 2303.0, 0.016068, 0.600199, 2.355397, -0.766487, -2.374668, 10808.0, 0.085593, 2.796105, 5.800642, -4.400144, -15.117273, 10807.0, 0.085308, 2.973157, 5.571207, -4.317492, -17.005468
0,0,100,14446.0, 0.159886, 3.488929, 9.061307, -5.079954, -15.93587, 41827.0, 0.479998, 11.309237, 19.612566, -13.760406, -23.599259, 5186.0, 0.037257, 1.495894, 3.94612, -1.589533, -6.415171, 11346.0, 0.12644, 2.784472, 7.051019, -2.647306, -9.149672, 39040.0, 0.412611, 11.077814, 20.124349, -12.463035, -18.97051, 6852.0, 0.050667, 2.149645, 4.977154, -2.054841, -5.995701, 2367.0, 0.016529, 0.78092, 2.611789, -0.730948, -2.439442, 10567.0, 0.083684, 3.294206, 6.871077, -3.908488, -13.331156, 10569.0, 0.083429, 3.269625, 6.660249, -3.756107, -13.629543
0,0,100,12923.0, 0.138793, 3.135237, 7.609807, -4.588897, -19.879089, 41251.0, 0.466947, 11.037897, 21.158418, -13.420278, -24.724574, 4879.0, 0.034944, 1.399323, 4.037967, -2.052508, -7.769525, 9991.0, 0.108073, 2.465687, 6.445863, -3.594314, -14.32871, 38600.0, 0.404379, 10.860842, 22.1506, -12.502177, -20.231255, 6481.0, 0.047738, 1.997097, 4.489235, -2.072698, -5.355656, 2243.0, 0.015646, 0.731947, 2.313566, -0.753939, -2.78283, 10181.0, 0.080186, 3.173278, 7.105397, -3.968096, -13.9478, 10191.0, 0.080035, 3.159063, 7.071293, -3.884498, -16.829983
0,0,100,11787.0, 0.124919, 2.753157, 6.799581, -3.998022, -24.036161, 40622.0, 0.456576, 10.740064, 20.277551, -13.731898, -21.808244, 4626.0, 0.033093, 1.438284, 4.418126, -1.643269, -3.73836, 9012.0, 0.096042, 2.307999, 6.262332, -2.746431, -17.246375, 37861.0, 0.393737, 10.633042, 21.321883, -12.703099, -18.555665, 6309.0, 0.046423, 1.99094, 5.675497, -2.057615, -4.391463, 2211.0, 0.015417, 0.712148, 2.250023, -0.737288, -2.096056, 10134.0, 0.079765, 3.221529, 6.819356, -3.714026, -14.175609, 9990.0, 0.078333, 3.065444, 6.581161, -3.6286, -14.006773
0,0,100,13502.0, 0.141259, 3.948487, 9.005284, -4.550967, -17.04586, 42514.0, 0.461883, 16.374964, 26.928543, -14.097754, -24.850209, 5121.0, 0.0366, 4.628485, 4.027615, -1.83274, -4.725562, 10349.0, 0.108858, 3.18735, 10.021464, -3.142119, -12.719283, 38529.0, 0.387877, 17.508185, 25.97805, -12.972275, -20.219545, 6708.0, 0.049245, 2.987662, 5.169071, -2.183694, -5.331964, 2351.0, 0.016376, 0.793516, 3.543228, -0.865145, -3.325348, 11357.0, 0.089278, 3.542555, 7.352905, -4.698563, -15.381199, 11285.0, 0.088431, 3.342037, 7.044748, -4.634309, -15.251754
0,0,100,13907.0, 0.145789, 3.208618, 11.705021, -4.439176, -15.688386, 43430.0, 0.472522, 12.183611, 23.474308, -14.385197, -26.124068, 5065.0, 0.036208, 1.512306, 4.683031, -1.655591, -5.134524, 10943.0, 0.115419, 3.078797, 9.733583, -2.754785, -14.418955, 39707.0, 0.402467, 11.780603, 23.688947, -12.708904, -18.940135, 6909.0, 0.050772, 2.241929, 5.759567, -2.11471, -5.378851, 2444.0, 0.017038, 0.786457, 2.48385, -0.82465, -3.272283, 11497.0, 0.090407, 3.703501, 8.14801, -4.278735, -15.670147, 11550.0, 0.090507, 3.664223, 8.088065, -4.375134, -15.994582
0,0,100,13677.0, 0.141396, 3.50763, 12.05948, -4.530701, -18.172453, 42761.0, 0.458922, 11.809892, 25.036052, -14.013225, -22.557077, 5068.0, 0.036154, 1.473883, 4.754324, -2.075035, -7.278659, 10438.0, 0.108623, 2.976429, 9.793485, -3.010211, -11.685488, 39030.0, 0.391722, 11.399267, 25.553353, -12.607838, -20.296339, 6650.0, 0.048732, 2.100264, 5.108605, -2.357125, -5.023421, 2438.0, 0.016982, 0.741795, 2.509966, -0.766252, -2.959265, 11099.0, 0.086892, 3.581491, 8.776221, -4.388969, -15.027326, 11055.0, 0.086249, 3.517148, 8.52813, -4.288109, -17.260471
0,0,100,12557.0, 0.128815, 3.045222, 8.957621, -4.570392, -17.986134, 42095.0, 0.449239, 11.51125, 22.642173, -14.308924, -24.234656, 4826.0, 0.034412, 1.427455, 4.245491, -1.725898, -5.634752, 9962.0, 0.102923, 2.939251, 9.097511, -3.037352, -12.028261, 38506.0, 0.384825, 11.094575, 23.339545, -13.045203, -19.961601, 6581.0, 0.048202, 2.075704, 5.056032, -2.120533, -5.365223, 2380.0, 0.016578, 0.718138, 2.447867, -0.765127, -2.560367, 11018.0, 0.086203, 3.468489, 7.819995, -4.440558, -15.263362, 10870.0, 0.084727, 3.468227, 8.028443, -4.370911, -15.451374
0,0,100,12189.0, 0.137214, 3.62067, 8.703385, -4.465439, -13.681293, 38595.0, 0.414212, 15.337725, 23.184461, -14.128375, -29.603935, 4939.0, 0.035374, 1.776864, 4.835525, -2.09263, -8.037884, 9977.0, 0.113937, 3.081213, 10.304875, -3.07055, -10.802247, 34560.0, 0.340902, 13.50417, 24.117492, -12.785842, -19.348571, 6781.0, 0.050012, 2.298665, 5.931151, -2.421331, -5.181352, 2515.0, 0.017566, 0.744191, 3.242534, -0.865966, -2.551125, 11382.0, 0.090257, 3.401205, 7.79863, -4.574358, -15.23978, 11262.0, 0.088957, 3.495158, 7.597731, -4.535066, -15.108636
0,0,100,13355.0, 0.151416, 3.110832, 7.892939, -4.602122, -16.637833, 42287.0, 0.469809, 11.391734, 21.998157, -14.466938, -23.727562, 5571.0, 0.040013, 1.612049, 4.634575, -1.869203, -4.875822, 10617.0, 0.121443, 3.003999, 10.654123, -3.424646, -11.125779, 38521.0, 0.394153, 10.908627, 22.617266, -12.576293, -18.915696, 7372.0, 0.054584, 2.379895, 5.326369, -2.45694, -5.412348, 2700.0, 0.018887, 0.82332, 2.510654, -0.820982, -3.703041, 11601.0, 0.092054, 3.640777, 8.608107, -4.54204, -14.332988, 11486.0, 0.090815, 3.65997, 8.629686, -4.618948, -14.373756
0,0,100,13391.0, 0.151581, 3.228214, 8.909798, -4.761578, -17.890232, 42320.0, 0.468033, 11.473813, 22.449094, -14.221607, -22.550641, 5449.0, 0.039127, 1.590242, 4.775139, -1.794829, -3.772595, 10714.0, 0.122254, 3.152676, 9.188714, -3.378812, -11.393597, 38488.0, 0.39257, 11.003287, 22.664693, -12.891014, -19.593544, 7395.0, 0.054725, 2.375134, 5.897589, -2.666128, -6.28552, 2665.0, 0.018626, 0.842421, 2.592962, -0.814246, -2.837633, 11654.0, 0.092414, 3.675513, 8.724083, -4.643676, -15.720189, 11573.0, 0.091444, 3.654534, 9.130545, -4.593496, -15.749327
0,0,100,13343.0, 0.151158, 3.699906, 10.489734, -4.952555, -16.76365, 42262.0, 0.466334, 12.187245, 22.282465, -14.055377, -27.021627, 5350.0, 0.038389, 1.573503, 4.65927, -2.444904, -9.280304, 10732.0, 0.122658, 3.541111, 11.474852, -3.255326, -11.865661, 38406.0, 0.390992, 11.564808, 22.12191, -12.729078, -21.154254, 7555.0, 0.055924, 2.468289, 5.178347, -2.403624, -6.463136, 2607.0, 0.018221, 0.915622, 2.521805, -0.910994, -3.22144, 11654.0, 0.092414, 3.754229, 8.633885, -4.617897, -17.783538, 11606.0, 0.091704, 3.780836, 8.096178, -4.968454, -17.30989
0,0,100,12500.0, 0.141496, 3.939516, 10.741447, -4.716046, -20.671098, 42822.0, 0.47721, 15.377972, 22.460485, -14.243692, -23.51585, 5356.0, 0.03845, 0.632473, 3.850798, -2.056878, -5.452764, 9460.0, 0.107858, 3.498105, 11.315099, -3.206226, -12.374949, 39048.0, 0.40057, 13.461427, 22.580018, -12.944349, -19.824236, 7364.0, 0.054496, 0.86905, 5.570748, -4.537793, -7.85643, 2454.0, 0.017137, 0.498918, 3.162484, -0.840936, -2.808464, 11572.0, 0.091704, 3.567457, 6.702477, -4.602062, -15.903645, 11532.0, 0.09109, 3.028595, 7.073213, -4.577812, -15.034104
0,0,100,13310.0, 0.150426, 3.310218, 9.155869, -7.431657, -34.577009, 43036.0, 0.477403, 11.909911, 23.323519, -14.274671, -22.890715, 5416.0, 0.038881, 1.641556, 4.769283, -1.834895, -4.625928, 10732.0, 0.122658, 3.051043, 9.078877, -3.986452, -13.704248, 39420.0, 0.404644, 11.419101, 23.681271, -12.921098, -19.387284, 7559.0, 0.055969, 2.377574, 7.077308, -2.5384, -6.137567, 2665.0, 0.018626, 0.838705, 2.989576, -0.843658, -3.849992, 11856.0, 0.094015, 3.805523, 9.299959, -4.751626, -15.260925, 11725.0, 0.092585, 3.786501, 8.612206, -4.743543, -15.753828
0,0,100,13990.0, 0.159122, 3.621094, 11.412265, -4.947708, -15.264317, 43450.0, 0.480897, 11.964196, 22.845506, -14.309506, -26.471959, 5443.0, 0.039066, 1.648826, 4.731304, -1.885494, -5.297091, 11273.0, 0.129367, 3.362417, 10.605062, -3.512626, -12.470237, 39368.0, 0.402055, 11.452288, 24.293468, -12.754845, -19.373371, 7519.0, 0.055643, 2.459272, 5.907311, -2.511073, -6.306546, 2634.0, 0.018405, 0.887277, 2.770456, -0.840827, -4.068606, 11965.0, 0.094911, 3.932457, 9.150415, -4.691595, -16.008671, 11964.0, 0.094625, 3.904579, 8.870778, -4.717104, -15.996083
0,0,100,13684.0, 0.155518, 3.464569, 9.63461, -5.613719, -18.978984, 42904.0, 0.472002, 11.704989, 23.256109, -14.180157, -23.962369, 5410.0, 0.03882, 1.61136, 4.55332, -2.103604, -6.113128, 10830.0, 0.124182, 3.18658, 9.851818, -3.682522, -14.83442, 38831.0, 0.394821, 11.235911, 23.762171, -12.79981, -19.126949, 7515.0, 0.055599, 2.4316, 5.83397, -2.515622, -6.434774, 2663.0, 0.018608, 0.823371, 2.722868, -0.82344, -2.46803, 11924.0, 0.094555, 3.789525, 9.130778, -4.792431, -15.829538, 11841.0, 0.093561, 3.819604, 8.728626, -4.729062, -16.22641
0,0,100,13771.0, 0.142276, 4.781573, 8.360611, -6.382518, -17.692611, 47419.0, 0.563405, 20.033918, 28.850091, -16.129412, -26.465293, 5079.0, 0.036266, 1.306895, 4.781088, -1.834214, -7.292913, 10507.0, 0.108981, 3.251748, 7.146037, -3.787324, -12.562049, 45679.0, 0.508658, 19.955428, 30.511936, -15.300605, -22.793188, 6803.0, 0.049853, 1.551684, 4.98429, -2.360956, -5.788603, 2523.0, 0.01757, 1.140271, 2.698584, -0.807982, -2.314851, 10731.0, 0.083618, 2.544102, 6.820429, -4.561374, -14.929503, 10671.0, 0.08292, 2.815914, 7.352122, -4.416343, -14.669232
0,0,100,12020.0, 0.126008, 2.484687, 7.377145, -5.084488, -15.993841, 44557.0, 0.53363, 11.617947, 21.183859, -14.826167, -25.950069, 4727.0, 0.033761, 1.336567, 4.316293, -1.771373, -5.281367, 9152.0, 0.096201, 1.908786, 6.29509, -3.156191, -9.297772, 42061.0, 0.465168, 11.982773, 24.026202, -14.286854, -21.913063, 6350.0, 0.046558, 1.97016, 4.615865, -2.238463, -4.474629, 2171.0, 0.015109, 0.721013, 2.606942, -0.756284, -2.317124, 10056.0, 0.078578, 3.018712, 6.403525, -3.858677, -13.28287, 10032.0, 0.078171, 2.988318, 6.344477, -3.846361, -13.029026
0,0,100,13815.0, 0.146412, 3.282425, 17.571898, -5.882598, -22.108832, 50979.0, 0.61606, 14.536663, 36.876219, -15.955797, -30.29847, 5331.0, 0.03811, 1.678183, 5.30445, -1.643944, -5.512799, 10392.0, 0.110211, 2.473787, 7.557819, -3.758597, -10.991422, 48179.0, 0.542361, 14.872546, 38.499606, -15.744925, -20.713101, 7251.0, 0.053299, 2.497109, 5.528813, -2.228991, -5.618754, 2647.0, 0.018453, 0.882681, 2.693214, -0.79548, -2.307268, 11349.0, 0.088792, 4.107812, 10.96732, -4.684607, -15.169576, 11358.0, 0.088641, 4.053282, 8.673449, -4.518661, -14.265979
0,0,100,13541.0, 0.139717, 10.726738, 46.179336, -2.996678, -52.893183, 47011.0, 0.556607, 39.537245, 198.556314, -10.647981, -157.922984, 4894.0, 0.034921, -52.040815, 19.781516, -90.917387, -17.21901, 10199.0, 0.10551, 1.886578, 32.940747, -7.2015, -38.067037, 44242.0, 0.485275, 38.659271, 193.451325, -9.597797, -152.929057, 6635.0, 0.048573, -54.328497, 22.910825, -94.830123, -22.543414, 2311.0, 0.01607, -4.472252, 11.02669, -8.692911, -7.345805, 10619.0, 0.082694, 8.24635, 33.387718, -2.422177, -44.893902, 10553.0, 0.081928, 5.727615, 32.99245, -4.302045, -43.561277
0,0,100,11317.0, 0.11777, 6.344523, 24.475094, -4.761256, -42.499578, 43890.0, 0.521476, 27.843593, 115.309056, -12.631169, -148.263391, 4632.0, 0.033067, -29.399338, 12.91146, -51.968818, -17.747832, 8404.0, 0.087806, 1.295957, 18.054805, -7.24121, -30.788685, 42611.0, 0.474135, 26.915236, 119.887213, -11.029893, -142.042802, 6088.0, 0.044591, -31.001232, 19.167763, -54.343169, -20.999887, 2202.0, 0.015328, -2.000145, 6.663133, -5.518572, -7.533182, 9828.0, 0.0767, 6.06882, 30.239968, -3.571728, -38.088181, 9575.0, 0.074403, 4.722383, 29.783116, -4.459433, -36.826394
0,0,100,10427.0, 0.109381, 4.805675, 24.737482, -5.186914, -43.758074, 44628.0, 0.538823, 23.451027, 118.444663, -17.995797, -167.780944, 4643.0, 0.033176, -15.603763, 13.8671, -29.35203, -22.14442, 7737.0, 0.081549, 1.767518, 18.822545, -6.653936, -29.108823, 43128.0, 0.485501, 22.608133, 121.778499, -17.292893, -159.440365, 6276.0, 0.046074, -15.265049, 19.651202, -31.049139, -24.709752, 2235.0, 0.015571, -0.615021, 7.031146, -3.446463, -7.917694, 9746.0, 0.076132, 5.466673, 30.679515, -4.020126, -42.745894, 9764.0, 0.076083, 4.767845, 30.261293, -4.568159, -41.336883
0,0,100,13253.0, 0.139783, 6.811327, 31.268263, -5.596247, -48.780386, 50868.0, 0.614162, 25.587457, 144.573266, -20.837201, -169.155496, 5331.0, 0.03811, -7.039301, 16.511044, -17.071109, -18.609256, 10214.0, 0.108248, 4.496381, 24.151149, -5.717948, -34.675053, 48076.0, 0.540781, 23.701198, 149.165629, -20.150263, -163.476464, 7182.0, 0.052765, -6.246916, 25.07689, -18.179531, -23.423664, 2557.0, 0.017818, 0.350796, 8.366374, -2.447061, -8.014868, 11276.0, 0.088194, 6.116213, 40.81204, -4.083748, -47.047552, 11279.0, 0.08797, 5.727423, 40.473291, -4.579545, -44.651788
0,0,100,12120.0, 0.136977, 12.174475, 37.153918, -0.755569, -38.674104, 42748.0, 0.476386, 33.591033, 151.235026, -11.313427, -142.472635, 5297.0, 0.038027, -24.584439, 19.701349, -42.658998, -18.546372, 9405.0, 0.107318, 4.515685, 34.981767, -4.446812, -26.61356, 39048.0, 0.40057, 26.456951, 140.860469, -13.75947, -129.131025, 7266.0, 0.053757, -29.393605, 24.147572, -49.195774, -24.011111, 2515.0, 0.01757, -4.099012, 8.985102, -7.163901, -7.776349, 11538.0, 0.091434, 6.651023, 36.042816, -4.42655, -45.529049, 11423.0, 0.0902, 5.094596, 36.406667, -5.537823, -45.644755
0,0,100,13743.0, 0.156188, 10.323035, 32.242923, -3.51542, -47.235012, 42688.0, 0.472103, 26.872412, 119.346734, -16.391853, -142.556094, 5318.0, 0.038151, -14.714125, 15.859506, -24.559855, -18.317424, 10874.0, 0.124483, 5.771093, 30.530366, -4.658824, -34.240738, 38922.0, 0.3975, 21.815242, 114.395312, -17.077868, -129.357464, 7391.0, 0.054682, -15.95132, 23.790133, -29.399212, -24.014856, 2544.0, 0.017769, -1.573819, 7.954142, -4.841102, -7.789187, 11755.0, 0.093214, 6.270714, 37.943117, -4.970247, -47.321478, 11673.0, 0.092234, 5.474947, 37.401769, -5.495599, -46.72269
0,0,100,13428.0, 0.15176, 9.046357, 36.21749, -4.284557, -45.875377, 41952.0, 0.457108, 23.316957, 119.531368, -18.465112, -141.871659, 5121.0, 0.036686, -6.842795, 15.650306, -15.438101, -17.620503, 10927.0, 0.124989, 6.017416, 32.952637, -4.537328, -35.28692, 38989.0, 0.396928, 19.467909, 114.680039, -17.536372, -127.749029, 7453.0, 0.05514, -6.889915, 24.056687, -18.274098, -24.293937, 2605.0, 0.018203, -0.300543, 7.998964, -3.399793, -8.096935, 11808.0, 0.093574, 6.14823, 39.356803, -5.081116, -47.069083, 11684.0, 0.092231, 5.726573, 38.541364, -5.332644, -47.364882
0,0,100,13613.0, 0.154586, 8.034416, 34.665611, -4.601177, -46.726478, 42722.0, 0.469999, 20.985372, 116.045367, -19.128145, -142.885754, 5345.0, 0.038335, -2.58864, 15.564445, -9.839002, -17.909215, 10688.0, 0.122354, 5.815454, 31.505023, -4.549223, -33.904283, 38674.0, 0.392733, 17.799899, 112.041035, -18.698428, -129.241957, 7418.0, 0.054867, -2.074745, 23.569939, -11.573951, -24.431765, 2545.0, 0.01778, 0.355374, 7.882721, -2.438256, -8.075761, 11740.0, 0.093035, 5.932327, 37.870109, -5.237864, -47.589411, 11725.0, 0.092585, 5.75194, 37.519356, -5.363405, -47.064673
0,0,100,12760.0, 0.14467, 10.846071, 34.070322, -2.307834, -44.797773, 41619.0, 0.462033, 36.66361, 140.929079, -7.872856, -140.10692, 5207.0, 0.037381, -25.690568, 17.935098, -43.474877, -18.312554, 9790.0, 0.111801, 3.471474, 30.371948, -6.555467, -30.381683, 38048.0, 0.38882, 26.148313, 133.998141, -12.96816, -127.275747, 7275.0, 0.053852, -25.412175, 23.362337, -42.435767, -24.080138, 2398.0, 0.016749, -2.963648, 9.321289, -6.630558, -7.906414, 11465.0, 0.090975, 5.345577, 34.804829, -5.402874, -45.780409, 11317.0, 0.089479, 6.775813, 34.653605, -4.150499, -45.223891
0,0,100,12874.0, 0.145269, 9.234848, 30.760884, -3.388119, -44.664292, 41255.0, 0.453521, 28.297617, 114.224722, -12.973307, -141.276074, 5171.0, 0.037105, -13.745863, 16.133884, -25.63918, -18.155651, 10546.0, 0.120533, 4.940734, 30.074038, -5.562056, -31.435245, 38273.0, 0.390625, 21.610334, 109.102546, -14.516827, -128.583251, 7310.0, 0.054125, -11.827704, 23.107108, -25.457202, -23.554154, 2579.0, 0.018029, -1.011441, 7.787514, -4.417659, -7.546887, 11409.0, 0.090441, 5.564984, 36.172063, -5.205868, -44.824184, 11363.0, 0.089755, 6.325997, 35.756354, -4.548866, -44.4539
0,0,100,13251.0, 0.149759, 8.243432, 31.817526, -4.068037, -45.660826, 42283.0, 0.467624, 23.808155, 114.304983, -14.613247, -140.442617, 5327.0, 0.038242, -6.238745, 15.964232, -15.221256, -18.08744, 10395.0, 0.118518, 5.322165, 29.553426, -4.867172, -32.825108, 38391.0, 0.391334, 19.122696, 109.53438, -16.572401, -125.870906, 7263.0, 0.053721, -4.69746, 23.001728, -15.316012, -23.486432, 2486.0, 0.017367, -0.025678, 7.939398, -2.880655, -7.621252, 11504.0, 0.091165, 5.667022, 36.876147, -5.201968, -45.893792, 11382.0, 0.089847, 6.071403, 36.598032, -4.73091, -45.299715
0,0,100,13224.0, 0.14981, 7.594316, 35.350207, -5.029957, -45.956432, 42188.0, 0.465518, 21.725056, 121.36327, -18.17638, -140.161365, 5350.0, 0.038389, -2.315604, 15.453854, -9.339826, -17.734036, 10413.0, 0.118916, 5.518852, 33.107535, -4.72901, -32.250611, 38337.0, 0.39029, 18.103699, 115.559711, -18.569923, -126.952627, 7298.0, 0.053994, -0.993328, 24.531524, -9.747862, -23.478048, 2457.0, 0.017165, 0.48382, 9.196738, -2.135904, -8.259045, 11613.0, 0.092059, 5.876976, 37.45548, -5.215129, -45.93913, 11457.0, 0.090468, 6.04628, 37.215409, -4.811497, -45.38674
0,0,100,13384.0, 0.139931, 12.26295, 38.823777, -1.70004, -45.359382, 42375.0, 0.460038, 39.937343, 164.332415, -6.181493, -141.310187, 4907.0, 0.035054, 12.870312, 19.095044, 4.557614, -16.095139, 10044.0, 0.105436, 9.268223, 31.223836, -1.340205, -30.990977, 38529.0, 0.387877, 41.548742, 153.341263, -2.050651, -129.017301, 6639.0, 0.048714, 10.892161, 24.102537, 2.453813, -21.97794, 2232.0, 0.01554, 0.992149, 9.106009, -1.173894, -7.126064, 11249.0, 0.0884, 8.221397, 34.838437, -2.949992, -47.241132, 11172.0, 0.08749, 7.847525, 34.265657, -3.21103, -45.838766
0,0,100,13661.0, 0.142923, 9.878566, 31.247869, -2.152274, -40.889141, 43190.0, 0.469227, 30.132878, 121.648747, -9.646009, -137.720435, 5005.0, 0.035779, 7.390943, 14.584166, 1.901651, -14.999952, 10766.0, 0.113474, 7.802283, 29.793045, -1.638617, -26.995103, 39511.0, 0.400229, 29.629463, 117.325887, -6.521552, -126.770669, 6813.0, 0.050054, 7.094912, 21.642432, 0.487472, -20.287321, 2386.0, 0.016633, 0.989483, 7.896819, -1.326565, -8.221394, 11330.0, 0.089093, 6.974599, 37.125544, -3.414835, -42.307961, 11179.0, 0.087573, 6.758185, 36.104748, -3.474739, -42.008568
0,0,100,13363.0, 0.13815, 8.952254, 31.594936, -2.799397, -43.069185, 42691.0, 0.458171, 24.680973, 117.975853, -13.37375, -140.411695, 4797.0, 0.034205, 4.727641, 14.429188, 0.523569, -15.857419, 10374.0, 0.107885, 7.299912, 29.367662, -1.923731, -29.303161, 38869.0, 0.389867, 23.234927, 113.853885, -10.885361, -125.407215, 6619.0, 0.048505, 5.24047, 20.929657, -0.352382, -21.189894, 2322.0, 0.016174, 1.047923, 7.310163, -1.18341, -6.30385, 10992.0, 0.086026, 6.419457, 35.136716, -3.797617, -43.968404, 10976.0, 0.08558, 6.35324, 34.953854, -3.726457, -42.803527
0,0,100,12495.0, 0.128097, 7.77206, 30.272771, -3.539444, -42.564946, 41994.0, 0.447845, 21.333792, 114.720119, -17.592798, -142.092262, 4767.0, 0.033991, 3.368806, 13.757862, -0.562023, -16.237435, 9726.0, 0.100354, 6.448983, 28.22801, -2.402561, -29.187923, 38258.0, 0.381656, 19.565873, 110.630641, -15.547977, -130.698122, 6515.0, 0.047707, 4.154778, 20.332859, -1.563241, -20.786098, 2260.0, 0.015732, 1.048595, 6.757993, -1.128499, -6.907408, 10872.0, 0.085007, 5.911277, 34.136459, -4.125804, -44.547624, 10804.0, 0.084213, 5.817221, 34.38737, -4.187015, -42.862533
0,0,100,13854.0, 0.153101, 12.438846, 44.193808, -1.903143, -53.991912, 40910.0, 0.467949, 37.61387, 136.813784, -6.638017, -137.141464, 4932.0, 0.03539, 4.265283, 17.784473, -0.973191, -16.584634, 10052.0, 0.111678, 10.633807, 33.485327, -0.151074, -38.009689, 37544.0, 0.392264, 32.423169, 128.16462, -7.957463, -127.885311, 6539.0, 0.048252, -6.621584, 20.19341, -15.958915, -21.603672, 2245.0, 0.015664, 1.213785, 7.803125, -1.016064, -7.499393, 10698.0, 0.084694, 6.423908, 28.672793, -3.949979, -43.904717, 10665.0, 0.084161, 8.326968, 29.122094, -2.401341, -43.011199
0,0,100,14332.0, 0.158624, 10.082691, 34.138208, -2.014484, -39.688239, 41827.0, 0.479998, 28.935125, 112.171041, -8.461759, -133.865485, 5000.0, 0.035903, 3.2317, 14.363292, -1.062662, -15.06474, 11150.0, 0.124067, 8.944742, 27.341985, -0.28663, -26.167648, 38939.0, 0.411265, 25.191207, 110.743711, -8.71708, -124.702014, 6724.0, 0.049708, -1.945738, 20.920118, -10.721665, -19.942797, 2308.0, 0.016117, 1.1263, 7.818252, -1.094144, -6.792822, 10485.0, 0.082981, 5.882102, 32.390318, -3.751256, -39.056897, 10494.0, 0.082811, 6.869112, 32.528382, -2.689869, -37.24318
0,0,100,12633.0, 0.135581, 8.891015, 31.106019, -1.833686, -39.791054, 41212.0, 0.466505, 24.169121, 109.670176, -13.041594, -133.889883, 4697.0, 0.033632, 2.731343, 13.67623, -1.504838, -15.220003, 9800.0, 0.105854, 7.895332, 24.215657, -0.198322, -26.333881, 38400.0, 0.401745, 21.281609, 108.602226, -13.698582, -124.347739, 6383.0, 0.047004, 0.511504, 19.939877, -6.711805, -20.771609, 2213.0, 0.015434, 1.106823, 7.322408, -0.997261, -6.777588, 10113.0, 0.079651, 5.69319, 31.298832, -3.605375, -39.684622, 10083.0, 0.079162, 6.196975, 31.125341, -3.044128, -38.820219
0,0,100,14178.0, 0.154258, 11.769609, 42.37015, -2.729013, -52.377449, 38661.0, 0.435215, 33.357241, 133.783525, -8.000055, -125.584869, 4391.0, 0.031427, -6.278594, 16.464611, -12.28506, -14.405218, 10714.0, 0.117257, 9.79113, 32.336189, -1.404744, -36.992123, 36515.0, 0.380495, 24.627345, 128.692088, -12.741139, -119.534158, 5941.0, 0.043738, 10.122928, 21.245112, 2.457675, -18.420506, 2093.0, 0.014591, 3.389278, 7.979763, 0.685656, -6.068715, 9534.0, 0.075115, 5.460191, 30.266809, -3.680762, -37.071967, 9507.0, 0.074663, 7.131714, 31.730992, -2.293659, -35.722807
0,0,100,14178.0, 0.154258, 11.769609, 42.37015, -2.729013, -52.377449, 38661.0, 0.435215, 33.357241, 133.783525, -8.000055, -125.584869, 4391.0, 0.031427, -6.278594, 16.464611, -12.28506, -14.405218, 10714.0, 0.117257, 9.79113, 32.336189, -1.404744, -36.992123, 36515.0, 0.380495, 24.627345, 128.692088, -12.741139, -119.534158, 5941.0, 0.043738, 10.122928, 21.245112, 2.457675, -18.420506, 2093.0, 0.014591, 3.389278, 7.979763, 0.685656, -6.068715, 9534.0, 0.075115, 5.460191, 30.266809, -3.680762, -37.071967, 9507.0, 0.074663, 7.131714, 31.730992, -2.293659, -35.722807
0,0,100,14178.0, 0.154258, 11.769609, 42.37015, -2.729013, -52.377449, 38661.0, 0.435215, 33.357241, 133.783525, -8.000055, -125.584869, 4391.0, 0.031427, -6.278594, 16.464611, -12.28506, -14.405218, 10714.0, 0.117257, 9.79113, 32.336189, -1.404744, -36.992123, 36515.0, 0.380495, 24.627345, 128.692088, -12.741139, -119.534158, 5941.0, 0.043738, 10.122928, 21.245112, 2.457675, -18.420506, 2093.0, 0.014591, 3.389278, 7.979763, 0.685656, -6.068715, 9534.0, 0.075115, 5.460191, 30.266809, -3.680762, -37.071967, 9507.0, 0.074663, 7.131714, 31.730992, -2.293659, -35.722807
0,0,100,13831.0, 0.149827, 9.534772, 35.910089, -4.157442, -51.769824, 38814.0, 0.435912, 26.283209, 107.718117, -13.523439, -128.696812, 4383.0, 0.031347, -2.32868, 13.3776, -8.012528, -14.891149, 10301.0, 0.112158, 7.865432, 26.502983, -2.549398, -36.414223, 35976.0, 0.37193, 20.898275, 105.834109, -15.271343, -119.951224, 6098.0, 0.044893, 6.795057, 18.782059, 0.252581, -19.147564, 2094.0, 0.014601, 2.20612, 6.772781, 0.064716, -6.422046, 9578.0, 0.075365, 5.497556, 30.464301, -3.820566, -37.715101, 9518.0, 0.074655, 6.307557, 30.578358, -3.01588, -36.671347
0,0,100,13452.0, 0.145827, 7.895203, 33.289346, -4.195627, -47.302285, 38852.0, 0.43771, 22.117463, 104.502058, -13.87702, -130.208946, 4446.0, 0.031806, -0.280305, 13.040118, -5.586287, -15.537317, 10200.0, 0.11122, 6.547223, 25.588233, -2.648069, -32.451022, 36425.0, 0.379056, 18.619799, 103.043574, -15.671795, -121.068621, 5965.0, 0.043892, 4.940624, 18.579258, -0.733031, -18.689251, 2123.0, 0.014803, 1.663938, 6.888646, -0.209367, -6.003152, 9578.0, 0.075365, 5.328959, 29.315742, -3.832699, -38.233375, 9565.0, 0.075071, 5.741814, 29.197272, -3.311179, -35.7818
0,0,100,13444.0, 0.144593, 7.742202, 39.827044, -4.998243, -49.475611, 40126.0, 0.452063, 20.954811, 123.607273, -16.728904, -130.972341, 4889.0, 0.034958, 1.188729, 14.912669, -3.977909, -16.808759, 10166.0, 0.109966, 6.393253, 28.571858, -3.116069, -34.803849, 37471.0, 0.390457, 18.099127, 121.633953, -17.333113, -121.458931, 6146.0, 0.0452, 4.171174, 20.789283, -1.530048, -20.038783, 2062.0, 0.014369, 1.373017, 7.459391, -0.495019, -6.501227, 9875.0, 0.077652, 5.485744, 35.329254, -4.078764, -39.116527, 9813.0, 0.07692, 5.704956, 35.15206, -3.762879, -38.210449
0,0,150,17165.0, 0.342882, 5.2159, 12.16839, -6.441164, -15.835139, 44053.0, 1.155307, 12.912817, 26.164551, -15.594892, -25.830059, 3466.0, 0.037728, 1.122344, 3.176045, -1.488965, -6.297211, 12951.0, 0.26482, 3.71661, 8.382964, -4.71655, -11.958653, 34934.0, 0.680736, 10.848538, 22.681864, -12.188636, -19.080444, 4710.0, 0.05306, 1.67307, 3.765767, -1.436574, -3.682427, 2009.0, 0.021347, 0.691685, 2.230537, -0.648046, -2.248877, 6690.0, 0.07895, 2.29915, 4.799339, -2.311067, -8.044084, 6914.0, 0.081627, 2.341249, 4.88593, -2.347009, -7.506294
0,0,150,16482.0, 0.334925, 5.156404, 12.54226, -6.971267, -16.349802, 44411.0, 1.193491, 13.993247, 28.962321, -17.987712, -31.369853, 3401.0, 0.036983, 1.084855, 2.959017, -1.314771, -4.965317, 12459.0, 0.259007, 3.663068, 8.831349, -5.257815, -13.285679, 35421.0, 0.701656, 11.77505, 24.778926, -14.068277, -23.25146, 4655.0, 0.052265, 1.545402, 3.670923, -1.661122, -4.004511, 2006.0, 0.021294, 0.713227, 2.172891, -0.663657, -2.907936, 6784.0, 0.080059, 2.442062, 5.443486, -2.690393, -7.156168, 6875.0, 0.081099, 2.441529, 5.565737, -2.667289, -8.009545
0,0,150,16070.0, 0.332361, 4.307624, 11.048754, -5.939745, -14.788653, 44014.0, 1.173863, 12.276078, 24.876137, -15.659121, -26.412755, 3273.0, 0.03553, 1.031784, 3.498476, -1.194139, -3.932507, 12020.0, 0.252824, 3.072105, 6.914496, -4.382981, -9.262569, 34588.0, 0.676339, 10.370667, 21.730863, -12.304279, -21.203738, 4495.0, 0.050413, 1.394246, 3.342066, -1.508575, -3.494727, 2007.0, 0.021312, 0.617459, 2.187319, -0.661543, -2.248541, 7057.0, 0.083457, 2.183692, 4.968756, -2.575757, -6.89405, 7081.0, 0.08367, 2.187643, 4.781686, -2.491673, -6.933743
0,0,150,15417.0, 0.341099, 3.285471, 7.923556, -5.918441, -16.2901, 42691.0, 1.134283, 8.362851, 18.510081, -15.057361, -23.437028, 3650.0, 0.039978, 0.263931, 2.81097, -8.885433, -4.871402, 11638.0, 0.260842, 2.791905, 6.239011, -4.268762, -12.222078, 33466.0, 0.649119, 6.584112, 15.183479, -11.595064, -19.079398, 5085.0, 0.057808, 1.309627, 3.478377, -1.666532, -4.057004, 2110.0, 0.022506, 0.432306, 2.22608, -1.47871, -2.347621, 7480.0, 0.089647, 1.591474, 3.989628, -2.709179, -8.785748, 7566.0, 0.090599, 2.276508, 3.983318, -2.654681, -8.455122
0,0,150,15826.0, 0.356265, 4.346107, 9.779769, -5.661832, -14.980887, 49009.0, 1.401298, 14.463466, 30.51121, -15.672199, -24.195998, 4063.0, 0.044502, 1.252692, 3.680782, -1.224654, -3.261586, 11946.0, 0.271309, 3.203103, 8.135267, -4.26974, -11.335611, 38231.0, 0.774001, 12.105692, 25.438843, -12.268168, -19.520212, 5740.0, 0.065355, 1.83159, 4.051585, -1.663317, -4.351611, 2283.0, 0.024344, 0.757312, 2.53609, -0.750331, -3.384575, 8554.0, 0.103061, 2.90248, 6.742776, -3.022635, -9.210839, 8707.0, 0.104859, 2.93507, 6.441421, -3.031099, -10.011499
0,0,150,17069.0, 0.379818, 4.291097, 10.77269, -5.714919, -15.617898, 47572.0, 1.169018, 13.725078, 30.722041, -16.356134, -25.406641, 3777.0, 0.041043, 1.104625, 3.381399, -1.228218, -4.11112, 13468.0, 0.30274, 3.22327, 7.724438, -4.255643, -13.791714, 37500.0, 0.708831, 11.586068, 27.46607, -12.913005, -19.87991, 5400.0, 0.060788, 1.703829, 4.616027, -1.692697, -4.186065, 2184.0, 0.023214, 0.676986, 2.645715, -0.677348, -3.298255, 9122.0, 0.109374, 3.036358, 8.044115, -3.387307, -9.707737, 9353.0, 0.111997, 3.071512, 8.090957, -3.379462, -9.340787
0,0,150,15811.0, 0.344925, 4.444018, 10.647634, -5.847426, -16.056289, 46726.0, 1.129411, 15.306524, 36.618927, -16.670186, -24.822994, 3740.0, 0.040586, 1.184066, 3.803734, -1.359495, -3.969767, 12293.0, 0.270825, 3.411259, 7.625733, -4.340002, -12.116594, 36907.0, 0.691557, 12.863907, 32.20563, -13.040822, -20.965087, 5201.0, 0.058417, 1.849632, 5.169709, -1.72101, -3.764212, 2153.0, 0.022869, 0.750765, 2.558439, -0.644838, -2.230286, 8914.0, 0.106693, 3.318833, 9.235808, -3.31002, -9.825574, 9052.0, 0.108204, 3.365128, 8.812466, -3.294399, -10.334185
0,0,150,15951.0, 0.366639, 4.631318, 8.570568, -5.651817, -15.096972, 53402.0, 1.780067, 17.008563, 27.38622, -14.056514, -21.143043, 5109.0, 0.056736, 0.631007, 3.745737, -11.803363, -3.813391, 13407.0, 0.31786, 3.545121, 7.113068, -4.422515, -12.148589, 39544.0, 0.824194, 10.493465, 21.645119, -15.819108, -16.554813, 7207.0, 0.083897, 1.426898, 3.986371, -11.622203, -3.826643, 2900.0, 0.031167, 8.880908, 2.644823, -0.555299, -1.908356, 9972.0, 0.125349, 3.331916, 5.070881, -3.197728, -9.545563, 10084.0, 0.126571, 3.509847, 5.414998, -3.155537, -9.507583
0,0,150,15638.0, 0.355159, 4.051954, 8.765009, -5.78017, -15.936066, 44576.0, 1.095395, 12.830723, 25.368019, -14.394742, -26.224294, 3869.0, 0.04226, 1.119772, 3.128783, -1.188559, -2.875779, 12399.0, 0.286728, 3.097639, 6.528364, -4.374375, -12.625246, 33922.0, 0.617763, 10.434361, 22.024693, -10.814109, -17.422294, 5504.0, 0.0625, 1.677293, 3.853902, -1.485615, -4.900992, 2162.0, 0.023024, 0.70134, 2.527597, -0.590288, -2.30638, 9793.0, 0.121679, 3.045615, 6.430624, -3.40563, -10.039755, 9898.0, 0.122751, 3.04818, 6.529674, -3.517428, -10.078267
0,0,150,16148.0, 0.372856, 4.088673, 8.738974, -5.795692, -18.726402, 44065.0, 1.049717, 12.738057, 24.706328, -15.049454, -29.702065, 3642.0, 0.039644, 1.024041, 3.20589, -1.163087, -6.858032, 13027.0, 0.3069, 3.383535, 7.614684, -4.557986, -14.359135, 33841.0, 0.608804, 10.399551, 21.031773, -11.285857, -22.712777, 5314.0, 0.060068, 1.724382, 3.734917, -1.582979, -4.483588, 2070.0, 0.022016, 0.658342, 2.486455, -0.662471, -2.423612, 9815.0, 0.121548, 3.14702, 6.443813, -3.596982, -12.190747, 9951.0, 0.122999, 3.136653, 6.620552, -3.619241, -12.10135
0,0,150,15606.0, 0.357624, 3.649348, 10.139417, -6.609856, -15.171433, 43561.0, 1.026244, 11.517816, 26.802271, -17.311389, -26.452946, 3479.0, 0.037766, 0.916976, 3.119684, -1.234305, -3.103903, 12527.0, 0.292831, 2.919683, 7.090647, -4.590676, -13.845119, 33453.0, 0.599409, 9.501008, 21.315952, -13.170606, -20.780598, 5044.0, 0.056823, 1.501722, 3.756658, -1.737745, -3.79011, 1978.0, 0.021004, 0.592114, 2.187287, -0.727136, -2.551982, 9583.0, 0.118007, 2.887221, 6.642733, -3.613453, -10.124646, 9623.0, 0.11828, 2.827891, 6.636844, -3.555991, -10.49694
0,0,150,16229.0, 0.373596, 4.546311, 8.670981, -6.311594, -20.648415, 46762.0, 1.152995, 14.822296, 27.638575, -15.374262, -27.573173, 3755.0, 0.040846, 0.504673, 3.899422, -6.890022, -4.349173, 13843.0, 0.330295, 3.326261, 7.248733, -4.826512, -12.443417, 36113.0, 0.668759, 10.728771, 23.948553, -11.671915, -18.689351, 5687.0, 0.064357, 1.037121, 3.884257, -7.238802, -4.159518, 2365.0, 0.025186, 2.670773, 2.111176, -0.666349, -2.348397, 9972.0, 0.122855, 2.959319, 7.45258, -3.773529, -10.534498, 10069.0, 0.123762, 3.252798, 6.819898, -3.703115, -10.372716
0,0,150,15839.0, 0.368537, 3.683029, 8.45306, -5.422746, -17.993433, 43752.0, 1.021145, 12.022402, 24.18376, -14.953861, -23.030418, 3442.0, 0.037314, 0.938092, 2.871091, -1.18875, -5.224766, 12665.0, 0.299792, 3.072466, 9.512315, -4.209671, -12.569765, 33636.0, 0.601481, 9.963284, 21.629963, -11.464366, -17.218779, 5030.0, 0.05656, 1.486748, 3.541729, -1.526962, -3.92229, 2036.0, 0.02162, 0.598845, 2.327659, -0.596628, -2.361267, 9668.0, 0.118944, 3.002115, 6.630558, -3.471465, -10.448046, 9770.0, 0.119974, 2.941624, 6.272946, -3.461023, -10.932173
0,0,150,15637.0, 0.364397, 3.671427, 8.234749, -5.174926, -25.007395, 44320.0, 1.047432, 12.183098, 25.004418, -14.887606, -20.122497, 3442.0, 0.037314, 0.971657, 2.941675, -1.123377, -2.454841, 12562.0, 0.297826, 2.809742, 6.862481, -3.943189, -10.970802, 34183.0, 0.616199, 10.128028, 21.392806, -11.312612, -17.171171, 5027.0, 0.056505, 1.49766, 3.535576, -1.544495, -3.453106, 1886.0, 0.020001, 0.612459, 2.607465, -0.620712, -2.167123, 9736.0, 0.119835, 3.002275, 6.301699, -3.154564, -9.938911, 9797.0, 0.120251, 2.980032, 6.512435, -3.109303, -10.521537
0,0,150,18061.0, 0.197957, 5.382788, 11.375163, -6.381356, -17.045582, 59082.0, 0.800504, 19.553019, 36.34798, -16.844045, -24.184374, 3216.0, 0.022714, 0.108165, 3.155552, -25.017424, -3.294863, 14400.0, 0.159497, 3.059252, 9.484695, -6.326975, -12.793404, 48285.0, 0.544412, 15.881245, 32.936213, -15.103163, -21.603753, 4518.0, 0.032621, 0.733613, 3.600131, -10.999116, -3.506098, 1611.0, 0.011202, 5.960471, 1.884012, -0.442689, -2.392303, 10078.0, 0.076988, 3.518787, 8.0701, -3.960399, -11.09304, 10067.0, 0.076748, 3.429777, 7.87431, -3.877508, -11.1608
0,0,150,16598.0, 0.179671, 4.060127, 9.973023, -5.868288, -14.690063, 49576.0, 0.594273, 13.683041, 26.934806, -16.939737, -25.501755, 2649.0, 0.018627, 0.731443, 2.85776, -0.974484, -4.820813, 13471.0, 0.147321, 3.153132, 8.707164, -4.354156, -13.406462, 43899.0, 0.471809, 12.785753, 28.226276, -15.119667, -23.585405, 4021.0, 0.028935, 1.226677, 3.4742, -1.265883, -3.929304, 1430.0, 0.009933, 0.479682, 2.259923, -0.494898, -2.373482, 10339.0, 0.079121, 3.285913, 7.813516, -3.959138, -11.166136, 10359.0, 0.079112, 3.27849, 8.006445, -3.827972, -10.408542
0,0,150,17378.0, 0.187439, 4.086042, 12.663043, -5.688063, -15.324676, 50421.0, 0.606029, 14.01916, 28.489724, -17.200153, -25.659436, 2614.0, 0.018369, 0.761814, 2.539973, -0.820513, -3.103789, 13226.0, 0.1439, 3.185366, 8.099698, -4.51627, -11.674531, 44538.0, 0.480386, 12.980022, 30.109479, -15.400775, -22.182285, 3983.0, 0.028641, 1.20416, 3.157412, -1.234348, -3.355791, 1429.0, 0.009924, 0.466451, 2.393141, -0.512757, -2.526733, 10359.0, 0.079228, 3.334291, 8.283606, -3.952505, -10.778908, 10397.0, 0.07931, 3.303343, 8.097979, -3.906356, -10.229463
0,0,150,16266.0, 0.174945, 3.902925, 10.292464, -5.792271, -17.129394, 49753.0, 0.593747, 13.708779, 28.967031, -17.132998, -24.956565, 2521.0, 0.017704, 0.725789, 3.062859, -0.875902, -3.399919, 12958.0, 0.140574, 2.997699, 8.339306, -4.33846, -14.477176, 44304.0, 0.476838, 12.706897, 29.407813, -15.357936, -21.904965, 3979.0, 0.028599, 1.201922, 3.542406, -1.216998, -3.551556, 1460.0, 0.010144, 0.455425, 1.95712, -0.533473, -2.680546, 10270.0, 0.078455, 3.240438, 8.349029, -3.936813, -10.705732, 10289.0, 0.078441, 3.225784, 8.438562, -3.800943, -10.510582
0,0,150,18405.0, 0.203087, 5.020367, 10.966046, -7.201514, -20.00372, 37041.0, 0.400387, 10.40818, 18.544881, -12.009275, -19.493777, 4721.0, 0.033876, 1.518679, 3.544161, -1.588389, -4.093832, 14801.0, 0.164565, 4.076082, 9.286074, -5.565661, -16.187999, 34811.0, 0.35153, 10.57125, 19.061958, -11.364671, -17.864237, 6417.0, 0.047463, 2.127607, 4.716644, -1.987745, -5.107439, 2398.0, 0.016753, 0.818602, 2.514333, -0.668792, -2.75687, 9831.0, 0.077958, 3.194978, 5.851703, -3.712577, -13.459767, 9790.0, 0.07733, 3.140044, 6.080196, -3.614711, -13.399377
0,0,150,16200.0, 0.177823, 4.310226, 9.598834, -6.604216, -17.878579, 37285.0, 0.406855, 10.057994, 18.237156, -12.676288, -23.313874, 4582.0, 0.032824, 1.395274, 3.554281, -1.603383, -7.01579, 12464.0, 0.137637, 3.422362, 7.248466, -4.703045, -13.883014, 34557.0, 0.348965, 10.015547, 19.701214, -11.979978, -18.350588, 6398.0, 0.047261, 2.003957, 4.30163, -1.975726, -5.326958, 2245.0, 0.015667, 0.755476, 2.227855, -0.723413, -2.328972, 10008.0, 0.079232, 3.096695, 6.344128, -3.85331, -14.643875, 9985.0, 0.078819, 3.111346, 6.081413, -3.818409, -13.801466
0,0,150,15664.0, 0.172068, 3.963293, 8.49269, -5.626153, -16.307418, 37487.0, 0.412099, 10.296129, 18.424478, -12.502467, -22.689803, 4675.0, 0.033499, 1.355222, 3.53513, -1.601553, -5.090811, 12261.0, 0.135703, 3.103565, 6.878288, -4.114261, -12.442439, 35265.0, 0.360152, 10.087174, 19.197445, -11.830679, -19.559135, 6281.0, 0.046325, 1.955756, 4.398168, -1.869309, -4.943674, 2214.0, 0.015444, 0.744927, 2.269382, -0.75372, -3.700385, 9948.0, 0.078655, 3.011379, 6.52215, -3.730454, -13.404751, 9879.0, 0.077833, 3.081061, 6.26563, -3.754778, -13.22905
0,0,150,15009.0, 0.157767, 3.667688, 8.388302, -5.397208, -21.541352, 39610.0, 0.405815, 13.739108, 25.355478, -13.182864, -18.856669, 5130.0, 0.036605, 2.094774, 4.116744, -1.845481, -4.242081, 11444.0, 0.120703, 2.858681, 9.412341, -3.95303, -14.771095, 34865.0, 0.333228, 13.063379, 24.477857, -11.731925, -18.159042, 6904.0, 0.05062, 2.350118, 4.615797, -2.298043, -5.997225, 2436.0, 0.016964, 0.544891, 2.869153, -1.595802, -2.787773, 12238.0, 0.096418, 3.226972, 7.019528, -4.863553, -14.690229, 12114.0, 0.095077, 3.010228, 6.660262, -4.851194, -15.518368
0,0,150,18756.0, 0.206187, 3.475255, 9.929721, -8.599365, -26.131052, 44566.0, 0.474945, 11.614851, 22.35744, -14.679602, -21.655201, 5821.0, 0.041671, 1.585489, 4.705383, -1.938599, -8.3444, 15371.0, 0.170382, 3.081863, 9.298538, -5.45486, -17.114559, 40056.0, 0.400076, 11.120361, 21.627266, -13.098039, -19.068319, 7575.0, 0.055839, 2.251188, 5.554295, -2.531284, -5.602419, 2743.0, 0.019147, 0.849678, 2.746643, -0.930127, -3.335679, 12670.0, 0.100241, 3.750154, 8.341663, -5.166875, -17.076641, 12608.0, 0.099366, 3.747804, 8.264858, -5.17286, -16.759789
0,0,150,18423.0, 0.205149, 4.239417, 12.197676, -6.624321, -20.173277, 42780.0, 0.444306, 12.098283, 26.343982, -14.493314, -21.765775, 5520.0, 0.039498, 1.689678, 5.609868, -1.892348, -8.97193, 14952.0, 0.16845, 3.962353, 11.639025, -5.392366, -16.383846, 38244.0, 0.373765, 11.556224, 26.192265, -12.776307, -18.231014, 7666.0, 0.05651, 2.498265, 6.29858, -2.493098, -5.821318, 2741.0, 0.019129, 0.882572, 3.216171, -0.860683, -3.163011, 12794.0, 0.10119, 4.245827, 10.909417, -5.101817, -15.180387, 12665.0, 0.099783, 4.222145, 11.585734, -5.004011, -15.417633
0,0,150,19889.0, 0.2264, 4.44383, 12.67413, -6.827265, -20.091459, 52442.0, 0.603795, 11.790236, 17.328393, -14.758918, -23.736521, 6291.0, 0.045216, 1.65822, 2.692564, -1.918585, -5.498571, 15895.0, 0.182558, 4.154664, 13.175261, -4.822864, -19.339202, 45047.0, 0.470656, 11.271728, 18.306981, -13.126787, -19.355673, 8044.0, 0.059435, 2.466365, 4.635532, -2.52011, -6.045226, 3110.0, 0.02176, 0.864578, 2.668945, -0.944713, -3.005787, 12696.0, 0.100284, 4.217737, 5.865292, -5.167442, -16.654264, 12641.0, 0.099498, 4.177073, 6.003693, -5.085807, -16.380504
0,0,150,15086.0, 0.158792, 3.661405, 11.360651, -5.41977, -14.89923, 47709.0, 0.526839, 13.73666, 24.955487, -14.64574, -21.260953, 5250.0, 0.037384, 1.662413, 4.129541, -1.852437, -4.836399, 11798.0, 0.125644, 3.263632, 10.211719, -3.73755, -12.717521, 44943.0, 0.474352, 12.809633, 24.801682, -13.584692, -19.522027, 7291.0, 0.05343, 2.30793, 5.1918, -2.25354, -4.801612, 2814.0, 0.0196, 0.793952, 2.325849, -0.810942, -3.510116, 12153.0, 0.095023, 3.762666, 8.758376, -4.76566, -14.163357, 11919.0, 0.092789, 3.780697, 8.123841, -4.69194, -14.148592
0,0,150,16061.0, 0.170333, 3.989148, 12.060698, -5.826089, -18.030169, 47892.0, 0.524528, 12.912168, 26.459316, -15.580033, -27.854506, 5372.0, 0.03827, 1.643258, 5.649316, -1.786155, -3.718489, 12320.0, 0.131387, 3.683717, 12.266799, -4.064339, -13.890927, 44054.0, 0.457538, 12.710015, 27.230716, -13.774692, -22.36507, 7274.0, 0.053251, 2.378285, 5.416537, -2.463727, -5.175208, 2662.0, 0.018522, 0.828109, 2.574643, -0.957196, -3.649895, 12220.0, 0.095428, 3.975882, 9.757399, -4.988498, -16.228513, 12097.0, 0.094117, 3.90767, 9.884783, -4.948249, -16.157152
0,0,150,16075.0, 0.1706, 4.368628, 16.773662, -5.279002, -20.119934, 46618.0, 0.503908, 12.909106, 28.096647, -16.072338, -22.633608, 5247.0, 0.037354, 1.603941, 5.767984, -1.826736, -4.814311, 12060.0, 0.128794, 3.655396, 12.244808, -3.832151, -12.733266, 43076.0, 0.443027, 12.769746, 28.304961, -14.801541, -23.637142, 7260.0, 0.053108, 2.37072, 5.91074, -2.492685, -5.262099, 2664.0, 0.01854, 0.853597, 4.768271, -0.831784, -4.035669, 12021.0, 0.093728, 4.045997, 10.469705, -4.891327, -15.841611, 11906.0, 0.092516, 3.990561, 10.37857, -4.95038, -15.912793
0,0,150,15393.0, 0.162911, 3.759239, 12.89241, -5.505017, -20.008678, 44131.0, 0.463571, 15.438212, 24.379468, -14.569065, -25.239561, 4986.0, 0.035422, 0.457099, 3.831451, -3.52505, -3.661394, 11574.0, 0.123259, 3.444046, 10.539855, -3.830424, -11.725718, 39714.0, 0.394293, 13.96122, 26.262191, -13.229529, -18.199711, 6852.0, 0.049985, 1.624191, 5.360073, -2.419644, -5.049512, 2420.0, 0.01681, 0.819421, 2.311625, -0.896524, -3.655672, 12045.0, 0.093886, 3.375157, 8.611271, -4.789929, -14.201853, 11859.0, 0.092094, 4.534908, 8.651176, -4.666692, -14.453294
0,0,150,15504.0, 0.165112, 3.626172, 11.048878, -5.322216, -16.593599, 46617.0, 0.503532, 12.343748, 25.365454, -13.557941, -21.132258, 5276.0, 0.03756, 1.57847, 4.633064, -1.660305, -4.438197, 11894.0, 0.127559, 3.348235, 10.908802, -4.12274, -15.253, 42826.0, 0.439327, 12.239741, 24.969007, -12.53694, -18.252358, 7235.0, 0.052939, 2.314494, 5.478289, -2.277178, -4.931765, 2664.0, 0.01854, 0.811366, 2.59321, -0.740643, -2.830487, 11948.0, 0.09313, 3.919684, 9.128736, -4.809417, -14.237862, 11970.0, 0.093013, 3.870121, 9.974584, -4.706972, -14.445437
0,0,150,15991.0, 0.170895, 3.945093, 12.562636, -4.620746, -17.075131, 46943.0, 0.505966, 12.588721, 25.667515, -14.451497, -21.95414, 5334.0, 0.037973, 1.607092, 4.934202, -1.704611, -3.647821, 12337.0, 0.132782, 3.619232, 11.549045, -3.431411, -16.223403, 43055.0, 0.44111, 12.353955, 25.10416, -12.914708, -16.536699, 7295.0, 0.053378, 2.381776, 5.492827, -2.224466, -4.971219, 2810.0, 0.01956, 0.808626, 2.552945, -0.773068, -2.433759, 12237.0, 0.095501, 3.990336, 9.520411, -4.524271, -14.649651, 12081.0, 0.093934, 3.943893, 9.433031, -4.54758, -15.771823
0,0,150,15226.0, 0.162039, 4.32709, 12.157542, -4.954737, -19.131492, 44036.0, 0.461637, 17.7189, 26.398406, -14.595135, -21.189148, 5019.0, 0.035665, 0.684219, 3.932969, -1.70678, -4.760277, 11271.0, 0.120878, 3.753729, 11.376904, -3.379044, -11.381215, 39393.0, 0.38949, 14.423689, 25.333621, -13.216753, -18.39275, 7080.0, 0.0517, 2.554302, 4.915534, -2.376722, -5.717842, 2449.0, 0.017011, 0.804791, 2.338684, -1.154734, -6.02127, 12093.0, 0.094319, 2.110676, 7.619825, -4.887805, -13.762749, 12089.0, 0.094025, 3.656651, 7.361684, -4.831723, -14.363273
0,0,150,16030.0, 0.171675, 4.225264, 15.610966, -5.262482, -15.255273, 47213.0, 0.511445, 12.32861, 24.251192, -14.560986, -21.259048, 5376.0, 0.038307, 1.588248, 6.107946, -1.763939, -4.437394, 12198.0, 0.131567, 3.580962, 11.661221, -3.930748, -11.356572, 43208.0, 0.444102, 12.090365, 24.539756, -12.919726, -22.083149, 7403.0, 0.054223, 2.321485, 5.543374, -2.344045, -4.715311, 2726.0, 0.018983, 0.817393, 2.73372, -0.721794, -2.869477, 12212.0, 0.095335, 3.901462, 9.321438, -4.858507, -14.933479, 12065.0, 0.093868, 3.859862, 9.303407, -4.711953, -14.765234
0,0,150,16242.0, 0.173946, 4.326465, 12.022469, -6.050065, -18.672186, 47137.0, 0.50769, 13.387802, 30.140099, -14.512708, -21.422734, 5334.0, 0.037973, 1.688634, 5.497556, -1.832507, -8.08209, 12178.0, 0.131163, 3.796035, 11.41807, -4.012314, -12.91172, 42962.0, 0.439594, 12.956432, 29.256468, -13.12035, -18.571406, 7364.0, 0.05391, 2.470206, 6.358068, -2.416899, -4.958435, 2692.0, 0.018735, 0.880322, 3.356608, -0.774439, -2.622043, 12158.0, 0.094826, 4.230272, 11.091088, -4.751871, -14.258789, 12113.0, 0.094183, 4.218179, 11.323135, -4.698575, -15.27238
0,0,150,15961.0, 0.171298, 4.451889, 13.114479, -5.174797, -16.450248, 46576.0, 0.498811, 13.520109, 29.651988, -15.065563, -24.121639, 5422.0, 0.0386, 1.729039, 5.891465, -1.754558, -5.146049, 12387.0, 0.133798, 4.145652, 13.249313, -3.61737, -13.370248, 42719.0, 0.43545, 13.289502, 28.441227, -13.483126, -22.015712, 7403.0, 0.054223, 2.52174, 6.104635, -2.530782, -6.436503, 2664.0, 0.01854, 0.897767, 3.148172, -0.866402, -3.651566, 12197.0, 0.095159, 4.302665, 11.605457, -5.022011, -16.868967, 12153.0, 0.094523, 4.281507, 10.952215, -4.935154, -16.318693
0,0,150,17107.0, 0.18599, 4.930018, 15.492437, -5.611594, -18.292609, 55653.0, 0.658927, 18.508556, 38.257057, -16.903365, -29.564905, 5787.0, 0.041331, 0.882387, 5.990134, -5.718641, -5.654604, 13369.0, 0.146314, 4.50827, 14.858105, -3.808432, -14.898634, 49276.0, 0.537701, 17.160423, 34.334962, -14.381692, -23.332516, 7420.0, 0.054306, 2.079657, 6.129997, -3.372395, -6.121959, 2936.0, 0.020468, 1.36933, 3.182868, -0.938167, -3.260454, 11753.0, 0.091356, 4.195441, 10.468987, -5.385066, -17.503205, 11713.0, 0.090767, 4.527198, 9.813466, -5.191797, -17.310591
0,0,150,16717.0, 0.180051, 5.092019, 15.5423, -5.863426, -20.619025, 47450.0, 0.508885, 13.384834, 33.659518, -16.736455, -29.31401, 5389.0, 0.038356, 1.675981, 6.517019, -1.933377, -4.650963, 13025.0, 0.141404, 4.574274, 15.395516, -4.142273, -15.663215, 43039.0, 0.438435, 12.900072, 30.999507, -15.263285, -24.198214, 7425.0, 0.054357, 2.470634, 7.234471, -2.679105, -6.606425, 2779.0, 0.01934, 0.864255, 2.818796, -0.906713, -2.689504, 12398.0, 0.096757, 4.21768, 11.799027, -5.34454, -19.096217, 12314.0, 0.095775, 4.261446, 12.133745, -5.398518, -18.826441
0,0,150,15953.0, 0.170131, 4.436763, 14.594956, -6.420633, -20.364052, 43688.0, 0.449035, 12.356226, 26.084863, -14.541266, -23.367229, 5519.0, 0.039156, 1.672825, 6.898357, -1.761628, -4.331232, 12936.0, 0.140132, 4.113976, 13.753449, -3.828298, -12.408376, 41697.0, 0.418233, 12.132829, 25.360798, -13.016106, -18.099544, 7381.0, 0.053993, 2.393906, 5.713619, -2.335833, -7.54882, 2720.0, 0.018926, 0.819909, 2.556895, -0.967269, -4.041544, 12191.0, 0.094965, 4.10262, 10.635039, -4.893545, -14.43562, 12023.0, 0.093254, 3.99144, 9.848013, -4.863839, -14.655922
0,0,150,16729.0, 0.179286, 4.36881, 14.845924, -6.647077, -22.971853, 46684.0, 0.493739, 12.237448, 25.673191, -14.180987, -22.80151, 5499.0, 0.039121, 1.596976, 5.096043, -1.668208, -3.350357, 12950.0, 0.139879, 3.952087, 13.619233, -4.3364, -13.735566, 42552.0, 0.430501, 11.894225, 24.810235, -12.66998, -18.088144, 7338.0, 0.053638, 2.312239, 6.079374, -2.430069, -4.859524, 2804.0, 0.019506, 0.774535, 2.635353, -0.785559, -2.787456, 12161.0, 0.094615, 3.997297, 10.190586, -4.905031, -14.390776, 12157.0, 0.094322, 3.963146, 9.8306, -4.976306, -14.215848
0,0,150,15340.0, 0.16235, 12.498271, 36.997984, -3.245843, -51.678508, 44131.0, 0.463571, 14.811362, 150.98499, -27.096485, -144.89274, 4954.0, 0.035187, -86.275169, 16.367757, -160.346074, -16.976649, 11574.0, 0.123259, -1.294576, 34.091786, -14.383896, -36.07955, 39594.0, 0.392634, 13.759764, 147.695248, -24.17805, -131.430848, 6822.0, 0.049767, -74.57982, 23.493085, -137.660274, -22.365313, 2273.0, 0.015782, -11.383718, 8.580948, -20.462695, -8.71942, 11981.0, 0.093387, 3.334422, 39.345319, -7.382694, -47.396106, 11827.0, 0.091846, -3.211522, 39.394008, -13.62616, -46.899031
0,0,150,15386.0, 0.163742, 9.927674, 35.538902, -3.582966, -53.411297, 46285.0, 0.498514, 16.209756, 123.277986, -28.657751, -143.42836, 5159.0, 0.036727, -46.506049, 15.217299, -90.12357, -15.18589, 11771.0, 0.126151, 2.755843, 33.203551, -10.737805, -36.106323, 42826.0, 0.439327, 15.019487, 122.259286, -26.422462, -131.430848, 7105.0, 0.051961, -40.044458, 22.584024, -77.700482, -20.703585, 2573.0, 0.017895, -5.196868, 8.009353, -11.697047, -6.544818, 11883.0, 0.092623, 4.414543, 38.839409, -7.382694, -47.695774, 11835.0, 0.091937, 1.364682, 38.848513, -12.342773, -47.087561
0,0,150,15872.0, 0.169504, 9.277542, 38.620613, -5.371611, -51.597929, 46777.0, 0.503455, 17.413769, 125.979813, -27.386465, -144.403002, 5301.0, 0.037729, -22.158386, 15.575063, -46.490543, -16.103673, 12112.0, 0.13036, 5.031197, 35.26308, -7.79347, -36.425666, 42959.0, 0.440127, 15.944977, 123.824314, -25.231983, -129.09747, 7170.0, 0.05245, -17.489079, 22.995871, -40.032302, -22.792542, 2576.0, 0.017924, -1.871726, 7.872578, -6.080759, -7.731338, 12021.0, 0.093728, 5.07322, 39.671677, -6.496245, -44.874749, 12049.0, 0.093685, 3.636775, 38.971498, -8.803248, -44.007116
0,0,150,15754.0, 0.168127, 9.081752, 35.310983, -5.94466, -53.666556, 45159.0, 0.483636, 16.680495, 125.028015, -26.658171, -147.968824, 4945.0, 0.035179, -10.702098, 15.339065, -22.402141, -16.131773, 12159.0, 0.130773, 5.021197, 34.567045, -6.125133, -36.102699, 41838.0, 0.42728, 15.475265, 123.941094, -24.521157, -135.039678, 7045.0, 0.051523, -7.78604, 23.121479, -19.660995, -22.338451, 2431.0, 0.016915, -0.529168, 8.036698, -3.515277, -7.412094, 11370.0, 0.088652, 5.081502, 39.666619, -6.00978, -47.870951, 11253.0, 0.087416, 4.279176, 38.679619, -7.152589, -47.092383
0,0,150,15270.0, 0.16342, 13.552333, 39.565865, -2.351797, -49.702831, 47014.0, 0.50892, 40.378069, 169.757795, -11.123751, -144.364367, 5250.0, 0.037384, -19.565502, 18.296467, -34.090402, -15.939184, 11668.0, 0.12567, 7.405572, 37.73616, -3.974284, -33.806159, 43240.0, 0.444431, 28.671655, 151.906905, -16.072626, -130.866217, 7208.0, 0.052754, -11.838784, 22.507771, -22.883836, -22.580509, 2544.0, 0.017694, 0.864841, 8.167186, -1.50323, -7.377077, 12140.0, 0.094744, 0.54511, 35.6453, -9.649733, -48.542043, 12065.0, 0.093868, 8.754807, 35.451515, -3.353464, -47.721646
0,0,150,15393.0, 0.164388, 10.962411, 37.912337, -3.979078, -49.540159, 45266.0, 0.48073, 28.053625, 122.932788, -17.593825, -144.41793, 5153.0, 0.036668, -8.873263, 15.748744, -19.449937, -16.011829, 12019.0, 0.129544, 7.300688, 35.512938, -4.017498, -36.290887, 43082.0, 0.442234, 22.006183, 120.499794, -18.261007, -131.353063, 7338.0, 0.053733, -3.860431, 23.246368, -14.501546, -22.597383, 2605.0, 0.018126, 0.999028, 7.770898, -1.530566, -7.057327, 12061.0, 0.094069, 3.225814, 38.508014, -8.954458, -47.635647, 12025.0, 0.093527, 6.936706, 38.438026, -4.482417, -46.970589
0,0,150,15619.0, 0.16692, 9.815367, 40.156075, -5.259122, -50.257806, 46810.0, 0.50381, 23.258014, 134.200154, -21.585269, -141.497249, 5211.0, 0.03708, -3.333286, 16.73545, -10.941318, -16.125422, 11999.0, 0.129144, 7.176668, 36.597969, -4.266588, -36.236055, 42930.0, 0.439267, 19.504697, 129.12525, -20.473929, -128.939213, 7235.0, 0.052939, -0.339128, 24.280198, -8.78767, -22.11472, 2664.0, 0.01854, 1.11484, 8.4608, -1.45782, -7.697725, 12125.0, 0.094568, 4.523754, 42.27767, -7.281902, -47.667308, 12010.0, 0.093353, 6.338691, 41.795269, -5.008093, -46.156764
0,0,150,15854.0, 0.170149, 9.253177, 44.050338, -5.701062, -50.719311, 48848.0, 0.53619, 20.977374, 135.326158, -25.718261, -150.50184, 5276.0, 0.03756, -0.657655, 16.534619, -6.82112, -16.849985, 12274.0, 0.132577, 7.209279, 40.84735, -4.678539, -35.385172, 44094.0, 0.455856, 18.345175, 133.323612, -23.722193, -134.068394, 7235.0, 0.052939, 1.426717, 24.866855, -6.223774, -23.726158, 2603.0, 0.018108, 1.138764, 8.570098, -1.359824, -7.69045, 12158.0, 0.094826, 5.237289, 42.588543, -6.313165, -49.903634, 12042.0, 0.093602, 6.134103, 42.488259, -5.194234, -49.076283
0,0,150,16986.0, 0.18454, 13.539405, 48.736889, -2.037151, -51.598239, 55579.0, 0.657475, 34.346495, 189.007839, -12.579293, -169.491036, 5693.0, 0.040641, -27.809585, 21.781298, -49.050065, -18.237538, 13301.0, 0.145462, 9.802086, 44.410878, -2.146312, -36.122104, 49208.0, 0.536561, 30.41735, 175.645518, -11.567644, -152.451082, 7356.0, 0.053824, -23.271007, 27.243473, -42.575174, -25.145447, 2875.0, 0.020034, 1.320468, 10.493187, -1.408985, -8.319384, 12078.0, 0.094143, 7.167662, 43.200888, -4.579055, -52.06822, 11995.0, 0.09318, 9.437793, 42.882299, -2.669181, -51.313949
0,0,150,16664.0, 0.17948, 11.896166, 50.620962, -4.597328, -56.777533, 47384.0, 0.507818, 27.672157, 133.594603, -18.687345, -162.643179, 5299.0, 0.037706, -15.230679, 16.262032, -27.94693, -18.742679, 12901.0, 0.139956, 8.995833, 45.669411, -3.731163, -39.906905, 42914.0, 0.436886, 24.585682, 129.064798, -17.617453, -148.760451, 7326.0, 0.053605, -11.646891, 24.528826, -24.833145, -26.404025, 2631.0, 0.018302, 1.26652, 8.109302, -1.256299, -8.035535, 12222.0, 0.095325, 6.612714, 41.75559, -5.049707, -52.644041, 12203.0, 0.094854, 7.914455, 42.209839, -3.937504, -54.231102
0,0,150,15888.0, 0.16932, 10.695222, 44.431691, -4.430833, -53.931408, 41278.0, 0.414538, 22.559521, 122.838601, -15.692793, -143.455549, 4770.0, 0.033773, -6.440802, 15.911562, -15.215448, -16.127786, 12813.0, 0.138699, 8.374575, 39.917699, -3.479533, -36.338815, 41391.0, 0.414158, 20.470292, 120.727722, -15.988828, -128.197286, 7312.0, 0.053462, -4.12254, 23.23243, -14.633237, -22.334817, 2631.0, 0.018302, 1.217088, 8.031014, -1.245366, -7.492456, 12112.0, 0.094291, 6.084959, 39.899691, -5.168237, -48.39292, 11959.0, 0.092758, 6.648501, 39.573447, -4.522189, -47.989034
0,0,150,16506.0, 0.176773, 9.90507, 42.18639, -5.322162, -51.139837, 46396.0, 0.490356, 19.615681, 122.450598, -22.886319, -142.112858, 5168.0, 0.036732, -2.047229, 15.666459, -9.191186, -15.496111, 12950.0, 0.139879, 8.127461, 39.408877, -4.012002, -35.74934, 42397.0, 0.4284, 18.09495, 118.964198, -21.041645, -129.607041, 7209.0, 0.052669, -0.328575, 22.822858, -8.996624, -20.31965, 2541.0, 0.017665, 1.140257, 7.764695, -1.236609, -6.942289, 12097.0, 0.094117, 5.757182, 40.097735, -5.25803, -48.491701, 12157.0, 0.094322, 6.054697, 39.0487, -4.785316, -48.935363
0,0,200,19351.0, 0.205368, 5.877341, 11.892688, -7.84544, -20.044311, 42017.0, 0.482577, 15.339378, 22.795023, -15.929928, -23.02498, 3387.0, 0.023981, 9.151152, 4.664499, -0.853333, -3.486126, 15596.0, 0.167977, 9.780097, 8.938795, -5.841389, -13.57872, 33860.0, 0.335773, 12.927549, 20.545333, -13.59298, -21.903864, 4566.0, 0.033112, 0.757024, 3.795046, -16.295223, -3.546831, 1460.0, 0.010144, 0.343025, 1.9973, -5.207844, -2.911672, 9970.0, 0.077072, 3.409019, 6.682241, -3.386917, -9.762303, 9920.0, 0.076501, 2.88565, 6.68978, -3.530053, -9.230769
0,0,200,18723.0, 0.200375, 5.043441, 12.270317, -7.057256, -18.111246, 45833.0, 0.547449, 13.000774, 23.254748, -15.361581, -28.082374, 2788.0, 0.019661, 0.842723, 2.922743, -0.825458, -5.361275, 15403.0, 0.167708, 4.031093, 8.420181, -5.677312, -13.952437, 39190.0, 0.408642, 11.382488, 22.73123, -13.211957, -20.754383, 4088.0, 0.029523, 1.337757, 3.377501, -1.180482, -3.690087, 1637.0, 0.011376, 0.56238, 3.004093, -0.613676, -3.032977, 10079.0, 0.077588, 3.244569, 6.689735, -3.662102, -10.432947, 10171.0, 0.078157, 3.196442, 6.330368, -3.558929, -10.593393
0,0,200,18886.0, 0.203704, 4.457143, 10.133638, -6.310693, -22.147808, 47999.0, 0.580575, 12.369392, 21.951264, -15.842384, -22.843587, 2930.0, 0.020644, 0.749763, 3.508182, -0.843199, -3.481689, 15037.0, 0.164447, 3.513363, 7.10141, -4.800148, -14.732763, 41541.0, 0.440557, 11.236137, 21.5695, -13.815619, -20.035897, 4042.0, 0.029149, 1.215538, 3.096885, -1.328207, -5.083618, 1520.0, 0.010565, 0.456239, 2.124371, -0.532967, -2.442521, 10236.0, 0.078656, 2.931214, 5.896535, -3.744739, -11.182887, 10211.0, 0.078256, 2.990424, 6.089834, -3.666278, -10.508599
0,0,200,18486.0, 0.20157, 4.707163, 10.804043, -7.550807, -19.947419, 48681.0, 0.591521, 13.605604, 29.496809, -16.226119, -27.918246, 2899.0, 0.020421, 0.787241, 3.770636, -0.900474, -3.187038, 14792.0, 0.16322, 3.672755, 9.246955, -5.791167, -16.058507, 42393.0, 0.453692, 12.406186, 28.089077, -14.252052, -22.976268, 4046.0, 0.029185, 1.243312, 3.413964, -1.255363, -3.837223, 1523.0, 0.01059, 0.475054, 1.952928, -0.513976, -3.22136, 10339.0, 0.079471, 3.211486, 8.416496, -3.889272, -13.362668, 10256.0, 0.078647, 3.269871, 8.702843, -3.750424, -12.914729
0,0,200,22101.0, 0.244981, 6.907863, 14.729502, -7.279935, -18.612439, 67377.0, 0.992912, 22.841977, 38.838703, -16.330568, -26.092557, 3900.0, 0.027638, 0.595244, 3.45801, -7.64747, -4.362008, 17764.0, 0.198883, 4.348407, 10.562263, -5.860838, -15.391093, 52359.0, 0.607357, 19.462568, 35.324043, -14.537593, -21.407976, 5236.0, 0.037943, 1.409461, 3.755654, -3.224863, -5.441622, 1910.0, 0.013295, 0.450964, 1.936661, -2.752221, -2.865052, 10881.0, 0.083391, 4.670041, 7.930197, -4.239243, -11.519622, 10929.0, 0.083587, 3.786982, 7.98421, -4.094356, -11.240449
0,0,200,19882.0, 0.215689, 5.090608, 11.919069, -7.316405, -19.086224, 49986.0, 0.582268, 14.132653, 28.038842, -16.961098, -28.141438, 2797.0, 0.019668, 0.839328, 2.6798, -0.9161, -3.73012, 15884.0, 0.174484, 3.792307, 8.963693, -5.641705, -15.625981, 43791.0, 0.46156, 12.984037, 29.501868, -15.181726, -24.149685, 4205.0, 0.030259, 1.274606, 3.398346, -1.296883, -4.034831, 1607.0, 0.011163, 0.534925, 2.08746, -0.635598, -2.82961, 10938.0, 0.083803, 3.491334, 8.406814, -4.304725, -12.750308, 10948.0, 0.083684, 3.501003, 8.324222, -4.16742, -12.288289
0,0,200,19661.0, 0.213137, 4.908713, 11.770546, -6.808473, -18.311017, 49638.0, 0.571037, 14.383221, 29.929484, -17.558758, -24.759818, 2792.0, 0.01962, 0.799591, 2.884434, -0.918162, -3.863647, 15761.0, 0.173004, 3.747197, 9.484928, -5.49625, -16.389479, 43837.0, 0.459859, 13.146679, 29.215103, -15.659198, -22.687977, 4292.0, 0.030871, 1.319576, 3.459034, -1.337668, -3.816143, 1637.0, 0.011373, 0.496828, 2.153612, -0.609208, -2.786717, 10942.0, 0.083735, 3.543397, 8.447709, -4.19245, -11.419526, 10844.0, 0.082744, 3.561308, 8.370475, -4.121546, -10.925488
0,0,200,19292.0, 0.208533, 4.627105, 11.493259, -6.665419, -16.57302, 48924.0, 0.557361, 13.852821, 30.201326, -17.190627, -23.631739, 2879.0, 0.020227, 0.793939, 2.944745, -1.277688, -7.114163, 15271.0, 0.16713, 3.515078, 9.020165, -5.141289, -13.18147, 43420.0, 0.453657, 12.96889, 30.066479, -15.261059, -21.038453, 4163.0, 0.029921, 1.245648, 3.682419, -1.2821, -3.655423, 1576.0, 0.010945, 0.538071, 2.513227, -0.543921, -2.522661, 10860.0, 0.083035, 3.475995, 9.235307, -4.03441, -11.426707, 10762.0, 0.082047, 3.494746, 8.55816, -4.019584, -11.024531
0,0,200,22457.0, 0.232166, 6.369583, 11.293616, -8.911253, -23.269347, 32141.0, 0.291671, 10.110323, 20.940212, -13.529492, -20.18149, 4225.0, 0.029702, 0.846304, 3.684736, -1.542985, -5.947525, 19100.0, 0.19996, 4.136499, 10.644377, -7.649372, -20.752968, 29490.0, 0.261617, 10.882673, 21.149719, -12.298036, -17.755529, 5617.0, 0.040391, 1.195263, 4.043271, -2.61578, -6.284922, 1982.0, 0.013685, 1.958642, 4.197234, -0.728498, -3.406133, 11351.0, 0.087096, 3.302258, 7.111123, -4.647148, -16.745681, 11168.0, 0.085365, 3.038783, 7.296466, -4.609914, -16.55949
0,0,200,22031.0, 0.231893, 5.035228, 15.525039, -7.867399, -23.152002, 40025.0, 0.392521, 11.233365, 25.855698, -14.560656, -21.624658, 4743.0, 0.033507, 1.38167, 4.028139, -1.875627, -6.100909, 18247.0, 0.195143, 4.203413, 10.948556, -6.352104, -20.294632, 37693.0, 0.360847, 11.285017, 25.951265, -13.342807, -19.867002, 6520.0, 0.047201, 2.045288, 4.996162, -2.194528, -5.415051, 2459.0, 0.017031, 0.752104, 2.473133, -0.689146, -3.559946, 11645.0, 0.08951, 3.897346, 9.198941, -4.845161, -16.565609, 11518.0, 0.088298, 3.751114, 8.686293, -4.761255, -16.749625
0,0,200,21256.0, 0.225427, 4.967873, 13.184873, -7.968531, -21.010677, 42056.0, 0.42056, 12.01024, 26.163515, -14.78522, -23.993632, 4709.0, 0.033252, 1.379428, 4.587835, -1.680216, -4.222835, 17490.0, 0.187707, 4.651261, 12.90989, -6.006135, -23.707664, 39017.0, 0.37809, 12.002104, 27.379867, -13.434478, -22.03302, 6520.0, 0.047201, 2.062673, 5.549726, -2.276593, -5.676054, 2375.0, 0.016456, 0.764112, 3.057081, -0.889045, -3.838632, 11885.0, 0.091546, 3.989982, 9.81114, -4.662625, -15.80031, 11564.0, 0.088703, 3.81746, 10.055388, -4.586011, -15.566377
0,0,200,21404.0, 0.227945, 5.172664, 14.769368, -7.345206, -21.569414, 42974.0, 0.43236, 12.224727, 28.48538, -14.564456, -21.979019, 4769.0, 0.033683, 1.436861, 4.526436, -1.58386, -4.078391, 18029.0, 0.194182, 5.02986, 14.477135, -5.764262, -19.01021, 39732.0, 0.386761, 12.11525, 28.645961, -13.273001, -20.043352, 6520.0, 0.047201, 2.098625, 5.894797, -2.135712, -5.427781, 2494.0, 0.017291, 0.790491, 2.822986, -0.732793, -2.849363, 11722.0, 0.090155, 4.03508, 10.409375, -4.690675, -16.212096, 11651.0, 0.089345, 3.916031, 9.974848, -4.643998, -15.888816
0,0,200,22477.0, 0.242264, 6.378273, 18.33566, -7.61556, -20.928901, 44267.0, 0.448969, 19.697338, 31.914198, -15.432003, -22.883722, 4953.0, 0.035014, 0.479175, 3.921848, -3.376662, -5.607478, 18328.0, 0.199847, 5.353311, 15.572284, -5.739759, -19.424581, 41069.0, 0.403694, 17.375523, 32.364813, -14.060404, -19.994839, 6809.0, 0.049354, 0.956388, 5.884792, -3.819477, -7.591199, 2373.0, 0.016435, 0.69917, 2.845156, -0.780952, -2.998933, 12058.0, 0.092822, 5.465401, 9.184867, -4.871168, -15.535396, 11922.0, 0.091504, 4.828923, 8.734461, -4.947383, -15.71516
0,0,200,22710.0, 0.24373, 6.122633, 17.693225, -7.875885, -22.429667, 42043.0, 0.413988, 12.4961, 34.797858, -15.298081, -23.099937, 4882.0, 0.034474, 1.516951, 5.291898, -1.644835, -4.39632, 18748.0, 0.204427, 5.682495, 16.997685, -6.026337, -18.315862, 41410.0, 0.40681, 12.631754, 29.743563, -13.903824, -20.122828, 6898.0, 0.049999, 2.220417, 5.763419, -2.223343, -5.177282, 2461.0, 0.017052, 0.847615, 2.804902, -0.869718, -3.201509, 12075.0, 0.092898, 4.155634, 10.800374, -4.831775, -15.946459, 12009.0, 0.092144, 4.071319, 10.59465, -4.794266, -15.448401
0,0,200,23337.0, 0.251894, 5.872815, 18.381171, -8.06472, -25.477921, 44143.0, 0.441695, 12.385442, 40.246431, -15.302833, -25.761843, 4939.0, 0.034876, 1.510888, 5.346492, -1.631747, -5.8323, 19227.0, 0.210269, 5.770161, 17.530444, -6.340354, -20.945462, 41077.0, 0.40031, 12.377809, 30.181246, -13.84352, -20.091681, 6975.0, 0.05052, 2.190007, 5.952091, -2.286347, -5.286708, 2633.0, 0.018247, 0.800457, 2.588464, -0.78911, -3.477866, 12147.0, 0.093369, 4.249439, 11.2937, -4.911645, -15.223161, 12042.0, 0.092289, 4.097648, 10.860424, -4.79651, -15.09925
0,0,200,23584.0, 0.255108, 5.994935, 18.996501, -8.222861, -22.77709, 43661.0, 0.43348, 12.56317, 45.48478, -15.411002, -23.016615, 4907.0, 0.034642, 1.537767, 5.384826, -1.656514, -6.293345, 19897.0, 0.21808, 5.780732, 17.090281, -6.37224, -18.859988, 40713.0, 0.394086, 12.690278, 32.749219, -13.994668, -20.807216, 6903.0, 0.049962, 2.307195, 6.515401, -2.337975, -5.56701, 2486.0, 0.017215, 0.840382, 2.749005, -0.768065, -3.271938, 12225.0, 0.093913, 4.316691, 12.679208, -4.910345, -15.642842, 12166.0, 0.093239, 4.195109, 11.879376, -4.811238, -15.106961
0,0,200,22536.0, 0.249047, 5.934898, 18.035807, -6.991482, -32.034329, 53227.0, 0.597318, 19.151756, 40.838177, -14.350948, -23.98656, 5254.0, 0.037259, 1.668787, 5.505673, -5.724904, -7.495743, 18088.0, 0.201884, 5.436589, 18.141491, -5.828384, -16.422581, 45862.0, 0.475377, 17.067319, 34.224703, -12.848421, -20.791828, 6829.0, 0.049559, 2.557893, 5.970665, -2.416615, -5.674065, 2586.0, 0.017944, 0.891356, 2.599584, -1.819491, -5.111937, 11229.0, 0.086058, 4.234311, 10.224832, -4.688259, -15.030901, 11199.0, 0.085602, 4.167776, 9.91112, -4.617633, -14.881824
0,0,200,22037.0, 0.241, 5.781055, 17.886322, -7.100033, -21.067009, 45163.0, 0.461822, 12.46287, 30.697494, -15.465066, -22.357013, 4898.0, 0.034633, 1.536448, 4.660947, -1.659942, -6.521933, 17888.0, 0.19813, 5.47992, 17.067622, -5.674444, -17.488693, 41361.0, 0.40823, 12.456644, 29.043876, -14.010423, -21.048725, 6854.0, 0.049729, 2.211921, 5.305732, -2.201911, -4.806938, 2464.0, 0.01708, 0.741772, 2.676079, -0.682599, -2.907226, 11879.0, 0.091363, 4.052088, 11.682868, -4.768714, -14.202928, 11637.0, 0.089185, 3.948314, 10.367812, -4.678202, -14.423036
0,0,200,22315.0, 0.243321, 6.166324, 17.975877, -7.697859, -25.65181, 44910.0, 0.455773, 12.540658, 34.748154, -15.732093, -25.31117, 4919.0, 0.034758, 1.501848, 5.080077, -1.719417, -5.36955, 18031.0, 0.198961, 5.860101, 18.039953, -6.511774, -18.418503, 41228.0, 0.404787, 12.522244, 29.810651, -13.958792, -22.117219, 6872.0, 0.049823, 2.192208, 5.683318, -2.209131, -5.74367, 2491.0, 0.017263, 0.76381, 2.312407, -0.728298, -2.839717, 11882.0, 0.091278, 4.07302, 11.433932, -4.633758, -15.889948, 11640.0, 0.089103, 4.038968, 11.003259, -4.604843, -15.629643
0,0,200,22627.0, 0.246363, 6.275176, 18.877316, -7.489608, -16.875824, 44722.0, 0.451054, 12.815667, 37.240687, -15.05943, -22.136625, 5002.0, 0.035337, 1.602329, 5.789465, -1.614283, -4.223512, 18444.0, 0.203365, 6.01362, 18.433607, -5.349838, -13.80062, 41242.0, 0.403526, 12.860648, 29.773949, -13.49269, -20.668409, 6859.0, 0.049692, 2.262699, 6.544355, -2.286641, -5.042261, 2491.0, 0.017263, 0.762955, 2.713865, -0.875241, -3.479749, 11945.0, 0.091762, 4.21609, 11.341687, -4.676645, -13.355416, 11718.0, 0.089647, 4.149112, 10.840821, -4.688755, -14.877078
0,0,200,21987.0, 0.245783, 5.982367, 8.091743, -8.040263, -23.667847, 48713.0, 0.533917, 10.160426, 14.701299, -16.872661, -25.014327, 5554.0, 0.039503, 0.334154, 3.638684, -1.969045, -4.741631, 17549.0, 0.197708, 3.996672, 9.285635, -6.14282, -17.787171, 45269.0, 0.471714, 10.430466, 11.500692, -15.471448, -22.103745, 7620.0, 0.055644, 0.70674, 2.316776, -2.573992, -7.002509, 2855.0, 0.019844, 1.793869, 2.20351, -0.928543, -3.811488, 12712.0, 0.098568, 4.285943, 3.148068, -5.35677, -16.668296, 12792.0, 0.099008, 1.679689, 3.386976, -5.314105, -18.267198
0,0,200,21976.0, 0.248958, 5.259717, 11.894676, -7.686489, -33.260305, 53987.0, 0.625197, 16.009923, 42.784109, -18.846127, -29.010433, 5789.0, 0.041269, 1.975436, 6.610313, -2.030723, -4.476125, 17500.0, 0.199687, 4.524598, 11.514532, -5.621118, -15.851782, 48590.0, 0.524469, 15.565187, 37.544795, -17.21786, -26.710164, 7825.0, 0.057314, 2.779516, 7.334784, -3.063407, -7.743168, 2835.0, 0.019726, 0.942178, 2.906051, -0.888016, -2.809433, 12728.0, 0.098995, 4.729397, 12.917956, -5.066711, -16.118547, 12579.0, 0.097507, 4.566518, 12.286175, -4.772881, -16.747317
0,0,200,20804.0, 0.228872, 5.500401, 13.5596, -6.112052, -18.135434, 43305.0, 0.444811, 14.316875, 24.276409, -16.512812, -24.236152, 4595.0, 0.032454, 0.684089, 3.094989, -3.008261, -4.545013, 18201.0, 0.20554, 4.999587, 13.678788, -4.189133, -13.673415, 38993.0, 0.380431, 12.136395, 18.323535, -14.610173, -22.203587, 6304.0, 0.045615, 1.127111, 3.471267, -4.017548, -6.641784, 2140.0, 0.014812, 0.499247, 1.955936, -1.01296, -2.934948, 11358.0, 0.087175, 3.142069, 5.547216, -4.74579, -14.350893, 11181.0, 0.085514, 2.439176, 5.294785, -4.690723, -14.313206
0,0,200,19054.0, 0.208222, 5.826306, 16.587705, -6.91954, -26.098101, 47367.0, 0.510899, 15.698799, 39.420369, -16.817371, -30.248412, 4987.0, 0.035349, 1.737516, 6.44437, -1.786757, -4.312222, 14724.0, 0.162348, 4.864694, 13.407443, -4.620395, -15.085379, 43339.0, 0.444872, 15.069931, 39.653737, -15.223543, -22.039525, 6831.0, 0.049672, 2.513696, 7.257801, -2.434178, -6.065201, 2413.0, 0.016744, 0.843376, 4.182904, -0.75609, -2.941296, 11403.0, 0.087807, 4.435553, 13.144422, -4.3294, -15.217505, 11225.0, 0.086129, 4.396533, 12.407049, -4.321688, -14.886925
0,0,200,24180.0, 0.254513, 6.369583, 11.708514, -8.911253, -23.269347, 40368.0, 0.395885, 10.110323, 25.855698, -13.706711, -20.18149, 4916.0, 0.034729, 1.001159, 4.028139, -1.542985, -5.947525, 21113.0, 0.225793, 4.136499, 10.644377, -7.649372, -20.752968, 37755.0, 0.361441, 10.882673, 25.951265, -12.498894, -17.755529, 6550.0, 0.047418, 1.195263, 4.996162, -2.61578, -6.284922, 2430.0, 0.01683, 1.958642, 4.197234, -0.728498, -3.406133, 11582.0, 0.089026, 3.302258, 9.198941, -4.647148, -16.745681, 11550.0, 0.088544, 3.038783, 8.686293, -4.609914, -16.55949
0,0,200,22744.0, 0.241208, 5.035228, 15.525039, -7.867399, -23.152002, 41994.0, 0.41994, 11.233365, 24.831343, -14.78522, -21.624658, 4680.0, 0.033047, 1.38167, 3.887803, -1.875627, -6.100909, 18576.0, 0.199363, 4.203413, 10.948556, -6.352104, -20.294632, 38955.0, 0.377489, 11.285017, 25.408165, -13.434478, -19.867002, 6520.0, 0.047201, 2.045288, 4.977019, -2.194528, -5.415051, 2518.0, 0.017447, 0.752104, 2.473133, -0.689146, -3.559946, 11916.0, 0.091784, 3.897346, 8.929324, -4.845161, -16.565609, 11595.0, 0.088941, 3.751114, 8.413393, -4.761255, -16.749625
0,0,200,21583.0, 0.229692, 4.967873, 13.184873, -7.968531, -21.010677, 42662.0, 0.429221, 12.01024, 26.163515, -14.424935, -23.993632, 4709.0, 0.033252, 1.379428, 4.587835, -1.680216, -4.222835, 17689.0, 0.190249, 4.651261, 12.90989, -6.006135, -23.707664, 39191.0, 0.380418, 12.002104, 27.379867, -13.110989, -22.03302, 6420.0, 0.046444, 2.062673, 5.549726, -2.276593, -5.676054, 2286.0, 0.01583, 0.764112, 3.057081, -0.889045, -3.838632, 11691.0, 0.089917, 3.989982, 9.81114, -4.662625, -15.80031, 11487.0, 0.088061, 3.81746, 10.055388, -4.586011, -15.566377
0,0,200,21404.0, 0.227945, 5.172664, 14.769368, -7.345206, -21.569414, 42488.0, 0.42539, 12.224727, 28.48538, -14.564456, -21.979019, 4769.0, 0.033683, 1.436861, 4.526436, -1.58386, -4.078391, 18029.0, 0.194182, 5.02986, 14.477135, -5.764262, -19.01021, 39732.0, 0.386761, 12.11525, 28.645961, -13.273001, -20.043352, 6520.0, 0.047201, 2.098625, 5.894797, -2.135712, -5.427781, 2494.0, 0.017291, 0.790491, 2.822986, -0.732793, -2.849363, 11645.0, 0.08951, 4.03508, 10.409375, -4.690675, -16.212096, 11651.0, 0.089345, 3.916031, 9.974848, -4.643998, -15.888816
0,0,200,22485.0, 0.248483, 16.982995, 59.143566, -2.268659, -57.575591, 53126.0, 0.595717, 18.318621, 192.04754, -33.821695, -78.404995, 5132.0, 0.036377, -61.885332, 19.531451, -115.71424, -10.048774, 18019.0, 0.200959, 7.221424, 53.822747, -12.225362, -42.821369, 45768.0, 0.474093, 15.944887, 172.013677, -30.988992, -67.700459, 6701.0, 0.048607, -51.110338, 25.654466, -96.579305, -16.035907, 2500.0, 0.017347, -6.824562, 8.924197, -14.673665, -5.457384, 11089.0, 0.084935, 5.084384, 42.266756, -6.16578, -46.42173, 11136.0, 0.085121, 2.731918, 41.880392, -9.966354, -45.735165
0,0,200,21919.0, 0.239531, 14.673609, 57.103009, -4.914962, -70.017726, 45163.0, 0.461822, 17.546554, 124.258603, -24.885211, -153.439382, 4838.0, 0.034201, -32.671845, 14.461685, -61.821655, -15.780309, 17697.0, 0.195718, 8.845365, 53.968078, -8.871698, -53.241972, 41239.0, 0.406785, 15.998078, 125.127541, -23.383817, -140.370409, 6753.0, 0.04896, -25.738045, 21.204119, -51.091227, -21.551492, 2433.0, 0.016861, -2.979175, 7.060207, -7.805613, -9.976755, 11638.0, 0.08943, 5.244446, 40.010738, -5.749849, -46.687513, 11497.0, 0.08806, 3.977881, 39.59548, -7.5376, -45.833691
0,0,200,22199.0, 0.24188, 13.761249, 61.73664, -6.831111, -71.538031, 44787.0, 0.453958, 16.968017, 125.17004, -25.250826, -153.468982, 4829.0, 0.034114, -16.448392, 15.067991, -32.660087, -15.991546, 18031.0, 0.198961, 9.928966, 58.65844, -7.782536, -54.080039, 41167.0, 0.404188, 16.121657, 125.050841, -23.191831, -138.708422, 6813.0, 0.049395, -12.159775, 21.598916, -26.799774, -21.269679, 2491.0, 0.017263, -0.970289, 7.668155, -4.263159, -6.658462, 11641.0, 0.089347, 5.42653, 40.570801, -5.580075, -47.313692, 11500.0, 0.08798, 4.670568, 40.066059, -6.474649, -46.708339
0,0,200,21666.0, 0.235728, 12.873005, 59.862986, -7.852695, -69.274798, 44691.0, 0.450741, 16.398558, 128.676416, -25.659602, -150.075891, 4855.0, 0.03429, -7.733371, 15.273236, -17.271542, -16.179913, 17248.0, 0.190035, 9.809753, 54.779075, -7.26656, -53.560849, 41093.0, 0.40184, 16.099732, 129.041447, -23.029544, -135.250453, 6733.0, 0.048755, -4.972377, 22.730447, -15.167705, -21.637483, 2402.0, 0.01664, 0.000582, 7.51192, -2.784014, -8.758896, 11728.0, 0.089988, 5.514526, 41.564329, -5.503257, -46.511978, 11580.0, 0.08854, 5.056211, 40.983525, -5.922815, -47.061587
0,0,200,22485.0, 0.248483, 16.967598, 58.613706, -4.957722, -70.070002, 53126.0, 0.595717, 18.480137, 191.951822, -33.561005, -153.426154, 5132.0, 0.036377, -52.95319, 19.975622, -115.972247, -15.826091, 17965.0, 0.200357, 7.04647, 54.310352, -12.453884, -53.10385, 45799.0, 0.474414, 15.75314, 172.078884, -31.281293, -140.382215, 6761.0, 0.049042, -45.556597, 25.589714, -97.817849, -21.549406, 2528.0, 0.017542, -7.236949, 9.557393, -15.411154, -9.958106, 11512.0, 0.088461, 5.483257, 42.446926, -5.490048, -46.694626, 11372.0, 0.087102, 1.899543, 41.496384, -11.331543, -46.309585
0,0,200,21315.0, 0.231403, 14.675621, 57.167738, -5.946422, -71.255617, 40635.0, 0.397133, 17.630296, 124.476359, -22.322967, -153.47143, 4462.0, 0.031466, -30.118759, 14.499192, -52.868237, -15.493825, 17697.0, 0.195718, 8.766451, 53.45575, -8.828294, -54.009748, 40766.0, 0.400251, 15.89388, 124.579353, -22.719204, -138.352857, 6753.0, 0.04896, -26.0072, 21.637483, -45.54504, -21.358445, 2433.0, 0.016861, -3.199917, 7.253503, -7.388808, -6.636192, 11600.0, 0.089111, 5.450959, 39.983741, -5.415286, -47.54167, 11452.0, 0.087664, 3.570214, 39.610518, -7.615663, -46.381277
0,0,200,22199.0, 0.24188, 13.762165, 61.259116, -6.829926, -69.428126, 44787.0, 0.453958, 17.012338, 125.221428, -25.186116, -150.917816, 4797.0, 0.033881, -16.480123, 15.039288, -30.185305, -15.722295, 18031.0, 0.198961, 9.892654, 58.647253, -7.83519, -52.783119, 41136.0, 0.403884, 16.022211, 125.145721, -23.301843, -136.530722, 6813.0, 0.049395, -12.331784, 21.464931, -26.22076, -21.522305, 2405.0, 0.016667, -1.177228, 7.66289, -4.429518, -7.113509, 11718.0, 0.089991, 5.535052, 40.324822, -5.395279, -46.343271, 11538.0, 0.088296, 4.447507, 39.590769, -6.748883, -47.067464
0,0,200,22577.0, 0.245819, 13.368161, 62.901785, -7.88582, -70.433823, 44569.0, 0.448958, 16.419922, 127.947249, -25.52788, -149.434472, 4824.0, 0.034064, -7.760059, 15.464111, -17.17774, -14.99789, 18337.0, 0.202185, 10.481599, 58.955428, -7.362415, -53.955711, 41093.0, 0.40184, 16.150765, 128.482223, -23.070043, -134.674978, 6733.0, 0.048755, -5.077161, 22.689213, -15.286715, -20.920024, 2431.0, 0.016841, -0.032416, 7.474235, -2.837943, -7.599537, 11759.0, 0.090226, 5.574079, 41.458587, -5.423446, -45.868081, 11611.0, 0.088777, 4.958023, 40.765821, -6.063634, -44.942647
0,0,200,22330.0, 0.240679, 19.338062, 62.432154, -3.836725, -72.64381, 44205.0, 0.44834, 28.570122, 214.928745, -17.010823, -154.558051, 4804.0, 0.033945, -36.557429, 19.609881, -63.805245, -15.572126, 18194.0, 0.198097, 12.198804, 53.524818, -5.820402, -56.391048, 40946.0, 0.402485, 26.096645, 183.039149, -15.850822, -140.442679, 6715.0, 0.04866, -36.109683, 25.606055, -61.467367, -21.712269, 2344.0, 0.016235, -3.329101, 9.092034, -6.662791, -7.174263, 11887.0, 0.091452, 11.266877, 42.267259, -1.271586, -48.922867, 11822.0, 0.09071, 5.966693, 41.386617, -5.176002, -48.985771
0,0,200,22684.0, 0.244145, 16.14854, 58.803626, -6.563752, -75.99473, 43659.0, 0.436852, 22.806289, 124.971869, -20.68186, -153.023295, 4729.0, 0.033371, -21.661106, 14.678423, -36.489872, -16.503121, 18346.0, 0.199171, 11.652671, 56.954957, -6.412233, -59.234429, 40007.0, 0.387684, 21.432271, 126.818137, -18.581795, -138.546843, 6632.0, 0.047989, -20.405191, 22.315147, -36.073573, -22.042131, 2373.0, 0.016435, -1.231731, 7.542893, -4.369316, -6.780982, 11820.0, 0.090802, 8.590566, 41.696844, -3.184102, -48.539051, 11778.0, 0.090212, 5.84056, 40.589964, -5.263147, -47.548229
0,0,200,23192.0, 0.250329, 14.380388, 58.420159, -7.482808, -78.353454, 43361.0, 0.430502, 19.168887, 123.290444, -19.618402, -154.11254, 4882.0, 0.034474, -11.064788, 14.84995, -21.680774, -15.716427, 19040.0, 0.207917, 11.310045, 56.872388, -6.817128, -61.292194, 40927.0, 0.398619, 18.850115, 123.366918, -18.878253, -139.52887, 6881.0, 0.049827, -9.258311, 21.312068, -21.365216, -21.763369, 2459.0, 0.017031, -0.047163, 7.298096, -2.887886, -7.913089, 12007.0, 0.092238, 7.185367, 41.961004, -4.354085, -49.290036, 11903.0, 0.09117, 5.658481, 40.684797, -5.453498, -48.064972
0,0,200,23470.0, 0.253694, 13.47707, 58.894106, -8.47829, -77.873947, 43512.0, 0.431744, 16.697302, 125.389535, -23.339487, -153.816346, 4876.0, 0.034416, -4.912106, 14.993667, -12.774874, -15.216696, 19570.0, 0.214337, 11.305668, 57.386082, -7.423197, -62.247281, 40625.0, 0.393013, 17.009215, 126.551976, -20.76234, -140.061962, 6874.0, 0.049752, -3.438032, 23.136071, -12.925197, -22.446072, 2457.0, 0.017014, 0.527149, 7.568031, -2.104674, -7.605261, 12225.0, 0.093913, 6.420732, 42.561275, -4.511632, -48.559938, 12058.0, 0.092357, 5.507774, 41.591788, -5.483826, -47.768048
0,0,200,22379.0, 0.241208, 19.367779, 60.840278, -3.835911, -72.792372, 44143.0, 0.44743, 28.955451, 214.566134, -16.663601, -154.494455, 4804.0, 0.033945, -36.75992, 19.508322, -64.232698, -16.770964, 18089.0, 0.196954, 12.417804, 52.502046, -5.571937, -56.390762, 40976.0, 0.40278, 26.076841, 182.680222, -15.894775, -140.475035, 6749.0, 0.048919, -35.939855, 25.324798, -61.159669, -21.453504, 2373.0, 0.016435, -3.330726, 9.455652, -6.685166, -7.203541, 11887.0, 0.091452, 10.98235, 42.177952, -1.441019, -48.892485, 11822.0, 0.09071, 6.108406, 41.30265, -5.062999, -48.515432
0,0,200,22684.0, 0.244145, 16.149134, 58.794322, -6.564155, -76.424153, 43507.0, 0.43507, 23.000291, 125.017639, -20.482079, -153.067749, 4824.0, 0.034064, -21.789755, 14.839996, -36.62916, -15.558367, 18346.0, 0.199171, 11.824086, 56.931665, -6.278046, -59.249836, 39976.0, 0.387383, 21.333, 126.181748, -18.62177, -139.188099, 6602.0, 0.047772, -20.302355, 21.921101, -35.903915, -22.137476, 2343.0, 0.016224, -1.241261, 7.548917, -4.395868, -6.741248, 11820.0, 0.090802, 8.460577, 41.731588, -3.276477, -48.093921, 11778.0, 0.090212, 5.915764, 40.626036, -5.212428, -47.542046
0,0,200,23337.0, 0.251894, 14.49762, 58.866817, -7.481058, -78.266424, 43361.0, 0.430502, 19.248366, 122.98117, -19.459059, -154.112847, 4882.0, 0.034474, -11.151577, 14.766316, -21.809165, -15.707851, 19040.0, 0.207917, 11.401161, 56.914692, -6.664513, -60.701945, 40986.0, 0.399423, 18.821917, 123.09397, -19.052265, -139.76022, 6881.0, 0.049827, -9.193346, 21.497204, -21.25642, -22.896098, 2459.0, 0.017031, -0.053279, 7.305552, -2.894734, -7.266675, 12007.0, 0.092238, 7.111187, 42.6512, -4.400996, -48.275082, 11903.0, 0.09117, 5.698587, 40.547286, -5.421647, -47.461193
0,0,200,23470.0, 0.253694, 13.464609, 58.594072, -8.476306, -78.774152, 43512.0, 0.431744, 16.77497, 125.369038, -23.255045, -153.822069, 4844.0, 0.034182, -4.957007, 15.220821, -12.836105, -15.18651, 19570.0, 0.214337, 11.332759, 57.501408, -7.375578, -61.908841, 40594.0, 0.392713, 17.002727, 126.69287, -20.783145, -140.100622, 6874.0, 0.049752, -3.40359, 23.125025, -12.882676, -21.77675, 2457.0, 0.017014, 0.523737, 7.525248, -2.109007, -7.614301, 12194.0, 0.093675, 6.371904, 42.678105, -4.542616, -48.568919, 11912.0, 0.091158, 5.563246, 41.593445, -5.433783, -47.758242
0,0,200,21395.0, 0.225047, 11.420795, 48.47354, -8.814242, -78.166192, 39993.0, 0.392207, 12.545728, 112.314274, -27.232489, -145.796434, 4622.0, 0.032638, -26.332986, 13.336962, -46.726217, -15.768762, 17816.0, 0.189867, 5.362873, 42.06043, -13.431503, -63.591573, 37579.0, 0.359363, 13.885442, 112.770468, -22.41525, -133.622296, 6458.0, 0.046741, -23.56348, 20.178121, -42.61285, -20.459863, 2373.0, 0.016435, 1.130872, 7.535316, -1.139058, -6.804105, 11488.0, 0.088303, 5.556423, 38.317867, -5.281909, -47.94769, 11480.0, 0.087981, 6.163267, 37.655997, -4.684388, -47.138084
0,0,200,21207.0, 0.224908, 10.595636, 49.378409, -9.761675, -79.827375, 41994.0, 0.41994, 14.178138, 120.351868, -27.141447, -146.739919, 4651.0, 0.032842, -13.873253, 13.469879, -26.392888, -15.0741, 17372.0, 0.186309, 6.662387, 45.895998, -11.234688, -59.331013, 39017.0, 0.37809, 14.575693, 119.987572, -23.27285, -133.487655, 6458.0, 0.046741, -11.175006, 20.609454, -24.397724, -20.98983, 2227.0, 0.015418, 1.060889, 6.852867, -1.087618, -6.194795, 11590.0, 0.089114, 5.6113, 38.9301, -5.335995, -46.325343, 11494.0, 0.088141, 5.805745, 37.776428, -4.786125, -45.293141
0,0,200,21419.0, 0.23833, 15.872076, 56.113578, -5.72682, -79.85939, 47438.0, 0.513137, 14.314081, 97.29517, -30.697651, -168.946923, 5332.0, 0.037872, -47.765727, 8.044523, -72.368507, -18.83182, 16825.0, 0.18837, 6.422772, 48.15406, -9.284399, -59.922942, 42947.0, 0.436946, 13.286885, 92.756834, -27.697384, -155.049243, 7222.0, 0.052619, -48.444077, 14.340123, -71.559214, -25.107716, 2470.0, 0.017136, -1.476388, 7.165731, -3.292851, -9.449383, 12594.0, 0.097564, 4.971112, 22.065628, -6.741204, -54.622154, 12353.0, 0.095379, 2.84035, 22.553179, -8.185822, -52.631516
0,0,200,21871.0, 0.247768, 12.620128, 52.343653, -7.357204, -73.81807, 53955.0, 0.624826, 19.465979, 160.337908, -31.330282, -179.512897, 5670.0, 0.040411, -13.719892, 19.441532, -27.236422, -19.51179, 17429.0, 0.198716, 8.707108, 44.613825, -8.257892, -55.716256, 48362.0, 0.52126, 17.874755, 155.640276, -28.501512, -160.099848, 7734.0, 0.056647, -12.525928, 26.735537, -27.977189, -26.140813, 2747.0, 0.019109, 0.458133, 9.468883, -2.447038, -7.839876, 12696.0, 0.098746, 5.715211, 46.340553, -6.251659, -47.976922, 12484.0, 0.096771, 5.054193, 45.82668, -6.97529, -46.99668
0,0,200,24180.0, 0.254513, 15.114855, 60.999966, -8.511567, -88.152199, 40275.0, 0.394973, 10.416534, 109.849916, -27.245515, -136.892676, 4706.0, 0.033223, -44.258388, 12.900886, -77.333982, -15.083599, 20785.0, 0.221508, 5.131041, 51.283114, -13.262442, -75.351517, 37641.0, 0.359956, 13.769183, 110.205541, -22.095338, -124.340669, 6453.0, 0.046694, -41.189604, 17.822734, -70.781094, -19.68452, 2310.0, 0.015986, 1.241839, 6.781595, -0.994965, -6.500608, 11551.0, 0.088788, 4.79093, 34.697259, -5.907605, -45.573495, 11512.0, 0.088227, 6.730369, 34.326376, -4.245175, -45.050401
